
output_valu_v2/1_BenchmarkProblems/Cijk_Ailk_Bljk_SB_00/00_Final/source/build_tmp/SOURCE/assembly/Cijk_Ailk_Bljk_SB_MT64x64x8_SN_K1.co:	file format elf64-amdgpu

Disassembly of section .text:

0000000000001b00 <Cijk_Ailk_Bljk_SB_MT64x64x8_SN_K1_preloaded>:
	s_load_b512 s[24:39], s[0:1], 0x0                          // 000000001B00: F4008600 F8000000
	s_load_b512 s[40:55], s[0:1], 0x40                         // 000000001B08: F4008A00 F8000040
	s_mov_b32 m0, 0x3020                                       // 000000001B10: BEFD00FF 00003020
	v_mov_b32_e32 v46, v0                                      // 000000001B18: 7E5C0300
	v_lshrrev_b32_e32 v0, 4, v46                               // 000000001B1C: 32005C84
	v_and_b32_e32 v1, 15, v46                                  // 000000001B20: 36025C8F
	v_lshrrev_b32_e32 v2, 4, v0                                // 000000001B24: 32040084
	v_and_b32_e32 v3, 15, v0                                   // 000000001B28: 3606008F
	v_lshrrev_b32_e32 v0, 8, v46                               // 000000001B2C: 32005C88
	v_lshlrev_b32_e32 v0, 6, v0                                // 000000001B30: 30000086
	v_add_lshl_u32 v44, v0, v1, 2                              // 000000001B34: D647002C 020A0300
	v_lshrrev_b32_e32 v0, 8, v46                               // 000000001B3C: 32005C88
	s_mov_b32 s7, 0x41                                         // 000000001B40: BE8700FF 00000041
	v_mul_lo_u32 v0, s7, v0                                    // 000000001B48: D72C0000 00020007
	v_add_lshl_u32 v45, v0, v3, 2                              // 000000001B50: D647002D 020A0700
	v_add_co_u32 v45, vcc_lo, 0x800, v45                       // 000000001B58: D7006A2D 00025AFF 00000800
	v_lshrrev_b32_e32 v1, 6, v46                               // 000000001B64: 32025C86
	v_and_b32_e32 v0, 63, v46                                  // 000000001B68: 36005CBF
	v_lshrrev_b32_e32 v2, 3, v46                               // 000000001B6C: 32045C83
	v_and_b32_e32 v3, 7, v46                                   // 000000001B70: 36065C87
	v_mul_u32_u24_e32 v35, 64, v1                              // 000000001B74: 164602C0
	v_add_lshl_u32 v35, v0, v35, 2                             // 000000001B78: D6470023 020A4700
	v_mul_u32_u24_e32 v36, 0x41, v3                            // 000000001B80: 164806FF 00000041
	v_add_lshl_u32 v36, v2, v36, 2                             // 000000001B88: D6470024 020A4902
	v_add_co_u32 v36, vcc_lo, 0x800, v36                       // 000000001B90: D7006A24 000248FF 00000800
	s_wait_dscnt 0x0                                           // 000000001B9C: BFC60000
	s_wait_kmcnt 0x0                                           // 000000001BA0: BFC70000
	s_mov_b64 s[20:21], s[30:31]                               // 000000001BA4: BE94011E
	s_mov_b64 s[16:17], s[28:29]                               // 000000001BA8: BE90011C
	s_sub_co_u32 s8, s32, 4                                    // 000000001BAC: 80888420
	s_sub_co_ci_u32 s9, s33, 0                                 // 000000001BB0: 82898021
	s_sub_co_u32 s12, s34, 4                                   // 000000001BB4: 808C8422
	s_sub_co_ci_u32 s13, s35, 0                                // 000000001BB8: 828D8023
	v_cmp_eq_f32_e64 vcc_lo, s36, 0                            // 000000001BBC: D412006A 00010024
	s_cbranch_vccz label_AlphaNonZero                          // 000000001BC4: BFA30001
	s_mov_b32 s49, 0                                           // 000000001BC8: BEB10080

0000000000001bcc <label_AlphaNonZero>:
	s_mov_b32 s63, 0x10000001                                  // 000000001BCC: BEBF00FF 10000001
	s_mul_hi_u32 s61, s3, s63                                  // 000000001BD4: 96BD3F03
	s_mul_i32 s60, s3, s63                                     // 000000001BD8: 963C3F03
	s_lshr_b64 s[60:61], s[60:61], 31                          // 000000001BDC: 85BC9F3C
	s_mul_i32 s61, s60, 8                                      // 000000001BE0: 963D883C
	s_sub_co_u32 s61, s3, s61                                  // 000000001BE4: 80BD3D03
	s_mul_i32 s61, s61, s51                                    // 000000001BE8: 963D333D
	s_add_co_u32 s61, s61, s2                                  // 000000001BEC: 803D023D
	s_cmp_ge_u32 s60, s53                                      // 000000001BF0: BF09353C
	s_cmov_b32 s63, s55                                        // 000000001BF4: BEBF0237
	s_cselect_b32 s62, s54, 8                                  // 000000001BF8: 983E8836
	s_mul_hi_u32 s3, s61, s63                                  // 000000001BFC: 96833F3D
	s_mul_i32 s2, s61, s63                                     // 000000001C00: 96023F3D
	s_lshr_b64 s[2:3], s[2:3], 31                              // 000000001C04: 85829F02
	s_mul_i32 s3, s2, s62                                      // 000000001C08: 96033E02
	s_sub_co_u32 s3, s61, s3                                   // 000000001C0C: 8083033D
	s_mul_i32 s60, s60, 8                                      // 000000001C10: 963C883C
	s_add_co_u32 s3, s3, s60                                   // 000000001C14: 80033C03
	v_mul_lo_u32 v4, s42, v1                                   // 000000001C18: D72C0004 0002022A
	v_add_co_u32 v37, vcc_lo, v0, v4                           // 000000001C20: D7006A25 00020900
	v_add_nc_u32_e32 v37, 1, v37                               // 000000001C28: 4A4A4A81
	v_lshlrev_b32_e32 v37, 2, v37                              // 000000001C2C: 304A4A82
	s_mul_i32 s58, s42, 4                                      // 000000001C30: 963A842A
	s_lshl_b32 s58, s58, 2                                     // 000000001C34: 843A823A
	v_mul_lo_u32 v4, s44, v2                                   // 000000001C38: D72C0004 0002042C
	v_add_co_u32 v38, vcc_lo, v3, v4                           // 000000001C40: D7006A26 00020903
	v_add_nc_u32_e32 v38, 1, v38                               // 000000001C48: 4A4C4C81
	v_lshlrev_b32_e32 v38, 2, v38                              // 000000001C4C: 304C4C82
	s_mul_i32 s59, s44, 32                                     // 000000001C50: 963BA02C
	s_lshl_b32 s59, s59, 2                                     // 000000001C54: 843B823B
	s_mul_hi_u32 s63, s2, 64                                   // 000000001C58: 96BFC002
	s_mul_i32 s62, s2, 64                                      // 000000001C5C: 963EC002
	s_sub_co_u32 s0, s24, s62                                  // 000000001C60: 80803E18
	s_sub_co_ci_u32 s1, s25, s63                               // 000000001C64: 82813F19
	s_lshl_b64 s[0:1], s[0:1], 2                               // 000000001C68: 84808200
	s_add_co_u32 s0, s0, 4                                     // 000000001C6C: 80008400
	s_add_co_ci_u32 s1, s1, 0                                  // 000000001C70: 82018001
	s_cmp_eq_u32 s1, 0                                         // 000000001C74: BF068001
	s_cselect_b32 s10, s0, -1                                  // 000000001C78: 980AC100
	s_mul_hi_u32 s61, s43, s4                                  // 000000001C7C: 96BD042B
	s_mul_i32 s60, s43, s4                                     // 000000001C80: 963C042B
	s_add_co_u32 s62, s62, s60                                 // 000000001C84: 803E3C3E
	s_add_co_ci_u32 s63, s63, s61                              // 000000001C88: 823F3D3F
	s_lshl_b64 s[62:63], s[62:63], 2                           // 000000001C8C: 84BE823E
	s_add_co_u32 s8, s8, s62                                   // 000000001C90: 80083E08
	s_add_co_ci_u32 s9, s9, s63                                // 000000001C94: 82093F09
	s_mov_b32 s11, 0x30020000                                  // 000000001C98: BE8B00FF 30020000
	s_mul_hi_u32 s63, s3, 64                                   // 000000001CA0: 96BFC003
	s_mul_i32 s62, s3, 64                                      // 000000001CA4: 963EC003
	s_mul_hi_u32 s63, s62, s44                                 // 000000001CA8: 96BF2C3E
	s_mul_i32 s62, s62, s44                                    // 000000001CAC: 963E2C3E
	s_sub_co_u32 s28, s26, s62                                 // 000000001CB0: 809C3E1A
	s_sub_co_ci_u32 s29, s27, s63                              // 000000001CB4: 829D3F1B
	s_lshl_b64 s[28:29], s[28:29], 2                           // 000000001CB8: 849C821C
	s_add_co_u32 s28, s28, 4                                   // 000000001CBC: 801C841C
	s_add_co_ci_u32 s29, s29, 0                                // 000000001CC0: 821D801D
	s_cmp_eq_u32 s29, 0                                        // 000000001CC4: BF06801D
	s_cselect_b32 s14, s28, -1                                 // 000000001CC8: 980EC11C
	s_mul_hi_u32 s61, s45, s4                                  // 000000001CCC: 96BD042D
	s_mul_i32 s60, s45, s4                                     // 000000001CD0: 963C042D
	s_add_co_u32 s62, s62, s60                                 // 000000001CD4: 803E3C3E
	s_add_co_ci_u32 s63, s63, s61                              // 000000001CD8: 823F3D3F
	s_lshl_b64 s[62:63], s[62:63], 2                           // 000000001CDC: 84BE823E
	s_add_co_u32 s12, s12, s62                                 // 000000001CE0: 800C3E0C
	s_add_co_ci_u32 s13, s13, s63                              // 000000001CE4: 820D3F0D
	s_mov_b32 s15, 0x30020000                                  // 000000001CE8: BE8F00FF 30020000
	s_mul_i32 s34, 32, s42                                     // 000000001CF0: 96222AA0
	s_mov_b32 s35, 32                                          // 000000001CF4: BEA300A0
	s_lshr_b32 s5, s49, 3                                      // 000000001CF8: 85058331
	s_mov_b32 s6, s5                                           // 000000001CFC: BE860005
	s_and_b32 s7, s50, s2                                      // 000000001D00: 8B070232
	s_lshl_b32 s7, s7, 3                                       // 000000001D04: 84078307
	s_mul_hi_u32 s61, s7, s34                                  // 000000001D08: 96BD2207
	s_mul_i32 s60, s7, s34                                     // 000000001D0C: 963C2207
	s_mul_hi_u32 s31, s5, s34                                  // 000000001D10: 969F2205
	s_mul_i32 s30, s5, s34                                     // 000000001D14: 961E2205
	s_sub_co_u32 s30, s34, s30                                 // 000000001D18: 809E1E22
	s_sub_co_ci_u32 s31, 0, s31                                // 000000001D1C: 829F1F80
	s_add_co_u32 s8, s8, s60                                   // 000000001D20: 80083C08
	s_add_co_ci_u32 s9, s9, s61                                // 000000001D24: 82093D09
	s_sub_co_u32 s0, s0, s60                                   // 000000001D28: 80803C00
	s_sub_co_ci_u32 s1, s1, s61                                // 000000001D2C: 82813D01
	s_cmp_eq_u32 s1, 0                                         // 000000001D30: BF068001
	s_cselect_b32 s10, s0, -1                                  // 000000001D34: 980AC100
	s_mul_hi_u32 s61, s7, s35                                  // 000000001D38: 96BD2307
	s_mul_i32 s60, s7, s35                                     // 000000001D3C: 963C2307
	s_mul_hi_u32 s33, s5, s35                                  // 000000001D40: 96A12305
	s_mul_i32 s32, s5, s35                                     // 000000001D44: 96202305
	s_sub_co_u32 s32, s35, s32                                 // 000000001D48: 80A02023
	s_sub_co_ci_u32 s33, 0, s33                                // 000000001D4C: 82A12180
	s_add_co_u32 s12, s12, s60                                 // 000000001D50: 800C3C0C
	s_add_co_ci_u32 s13, s13, s61                              // 000000001D54: 820D3D0D
	s_sub_co_u32 s28, s28, s60                                 // 000000001D58: 809C3C1C
	s_sub_co_ci_u32 s29, s29, s61                              // 000000001D5C: 829D3D1D
	s_cmp_eq_u32 s29, 0                                        // 000000001D60: BF06801D
	s_cselect_b32 s14, s28, -1                                 // 000000001D64: 980EC11C
	s_add_co_u32 s7, s7, 2                                     // 000000001D68: 80078207
	s_cmp_eq_u32 s5, 0                                         // 000000001D6C: BF068005
	s_cbranch_scc1 ShadowInitStart_10                          // 000000001D70: BFA20020
	buffer_load_b32 v40, v37, s[8:11], null offen              // 000000001D74: C405007C 40801028 00000025
	buffer_load_b32 v41, v37, s[8:11], s58 offen               // 000000001D80: C405003A 40801029 00000025
	buffer_load_b32 v42, v38, s[12:15], null offen             // 000000001D8C: C405007C 4080182A 00000026
	buffer_load_b32 v43, v38, s[12:15], s59 offen              // 000000001D98: C405003B 4080182B 00000026
	s_add_co_u32 s62, s5, 1                                    // 000000001DA4: 803E8105
	s_cmp_eq_u32 s7, s62                                       // 000000001DA8: BF063E07
	s_cselect_b32 s60, s30, s34                                // 000000001DAC: 983C221E
	s_cselect_b32 s61, s31, 0                                  // 000000001DB0: 983D801F
	s_add_co_u32 s8, s8, s60                                   // 000000001DB4: 80083C08
	s_add_co_ci_u32 s9, s9, s61                                // 000000001DB8: 82093D09
	s_sub_co_u32 s0, s0, s60                                   // 000000001DBC: 80803C00
	s_sub_co_ci_u32 s1, s1, s61                                // 000000001DC0: 82813D01
	s_cmp_eq_u32 s1, 0                                         // 000000001DC4: BF068001
	s_cselect_b32 s10, s0, -1                                  // 000000001DC8: 980AC100
	s_add_co_u32 s62, s5, 1                                    // 000000001DCC: 803E8105
	s_cmp_eq_u32 s7, s62                                       // 000000001DD0: BF063E07
	s_cselect_b32 s60, s32, s35                                // 000000001DD4: 983C2320
	s_cselect_b32 s61, s33, 0                                  // 000000001DD8: 983D8021
	s_add_co_u32 s12, s12, s60                                 // 000000001DDC: 800C3C0C
	s_add_co_ci_u32 s13, s13, s61                              // 000000001DE0: 820D3D0D
	s_sub_co_u32 s28, s28, s60                                 // 000000001DE4: 809C3C1C
	s_sub_co_ci_u32 s29, s29, s61                              // 000000001DE8: 829D3D1D
	s_cmp_eq_u32 s29, 0                                        // 000000001DEC: BF06801D
	s_cselect_b32 s14, s28, -1                                 // 000000001DF0: 980EC11C

0000000000001df4 <ShadowInitStart_10>:
	s_mov_b32 s18, 0xfffff000                                  // 000000001DF4: BE9200FF FFFFF000
	s_mov_b32 s19, 0x30020000                                  // 000000001DFC: BE9300FF 30020000
	s_mov_b32 s22, 0xfffff000                                  // 000000001E04: BE9600FF FFFFF000
	s_mov_b32 s23, 0x30020000                                  // 000000001E0C: BE9700FF 30020000
	s_mul_i32 s62, 64, s3                                      // 000000001E14: 963E03C0
	s_mul_hi_u32 s61, s62, s40                                 // 000000001E18: 96BD283E
	s_mul_i32 s60, s62, s40                                    // 000000001E1C: 963C283E
	s_lshl_b64 s[60:61], s[60:61], 2                           // 000000001E20: 84BC823C
	s_add_co_u32 s20, s20, s60                                 // 000000001E24: 80143C14
	s_add_co_ci_u32 s21, s21, s61                              // 000000001E28: 82153D15
	s_mul_hi_u32 s61, s62, s38                                 // 000000001E2C: 96BD263E
	s_mul_i32 s60, s62, s38                                    // 000000001E30: 963C263E
	s_lshl_b64 s[60:61], s[60:61], 2                           // 000000001E34: 84BC823C
	s_add_co_u32 s16, s16, s60                                 // 000000001E38: 80103C10
	s_add_co_ci_u32 s17, s17, s61                              // 000000001E3C: 82113D11
	s_mul_hi_u32 s61, s4, s41                                  // 000000001E40: 96BD2904
	s_mul_i32 s60, s4, s41                                     // 000000001E44: 963C2904
	s_lshl_b64 s[60:61], s[60:61], 2                           // 000000001E48: 84BC823C
	s_add_co_u32 s20, s20, s60                                 // 000000001E4C: 80143C14
	s_add_co_ci_u32 s21, s21, s61                              // 000000001E50: 82153D15
	s_mul_hi_u32 s61, s4, s39                                  // 000000001E54: 96BD2704
	s_mul_i32 s60, s4, s39                                     // 000000001E58: 963C2704
	s_lshl_b64 s[60:61], s[60:61], 2                           // 000000001E5C: 84BC823C
	s_add_co_u32 s16, s16, s60                                 // 000000001E60: 80103C10
	s_add_co_ci_u32 s17, s17, s61                              // 000000001E64: 82113D11
	v_mov_b32_e32 v0, 0                                        // 000000001E68: 7E000280
	v_mov_b32_e32 v1, 0                                        // 000000001E6C: 7E020280
	v_mov_b32_e32 v2, 0                                        // 000000001E70: 7E040280
	v_mov_b32_e32 v3, 0                                        // 000000001E74: 7E060280
	v_mov_b32_e32 v4, 0                                        // 000000001E78: 7E080280
	v_mov_b32_e32 v5, 0                                        // 000000001E7C: 7E0A0280
	v_mov_b32_e32 v6, 0                                        // 000000001E80: 7E0C0280
	v_mov_b32_e32 v7, 0                                        // 000000001E84: 7E0E0280
	v_mov_b32_e32 v8, 0                                        // 000000001E88: 7E100280
	v_mov_b32_e32 v9, 0                                        // 000000001E8C: 7E120280
	v_mov_b32_e32 v10, 0                                       // 000000001E90: 7E140280
	v_mov_b32_e32 v11, 0                                       // 000000001E94: 7E160280
	v_mov_b32_e32 v12, 0                                       // 000000001E98: 7E180280
	v_mov_b32_e32 v13, 0                                       // 000000001E9C: 7E1A0280
	v_mov_b32_e32 v14, 0                                       // 000000001EA0: 7E1C0280
	v_mov_b32_e32 v15, 0                                       // 000000001EA4: 7E1E0280
	s_cmp_eq_u32 s5, 0                                         // 000000001EA8: BF068005
	s_cbranch_scc0 label_NoBranch_11                           // 000000001EAC: BFA10006
	s_getpc_b64 s[60:61]                                       // 000000001EB0: BEBC4700
	s_add_co_i32 s62, 0x1524, 4                                // 000000001EB4: 813E84FF 00001524
	s_add_co_u32 s60, s60, s62                                 // 000000001EBC: 803C3E3C
	s_add_co_ci_u32 s61, s61, 0                                // 000000001EC0: 823D803D
	s_setpc_b64 s[60:61]                                       // 000000001EC4: BE80483C

0000000000001ec8 <label_NoBranch_11>:
	s_wait_loadcnt 0x0                                         // 000000001EC8: BFC00000
	s_wait_storecnt 0x0                                        // 000000001ECC: BFC10000
	ds_store_b32 v35, v40                                      // 000000001ED0: D8340000 00002823
	ds_store_b32 v35, v41 offset:1024                          // 000000001ED8: D8340400 00002923
	ds_store_b32 v36, v42                                      // 000000001EE0: D8340000 00002A24
	ds_store_b32 v36, v43 offset:128                           // 000000001EE8: D8340080 00002B24
	s_wait_dscnt 0x0                                           // 000000001EF0: BFC60000
	s_wait_kmcnt 0x0                                           // 000000001EF4: BFC70000
	s_barrier_signal -1                                        // 000000001EF8: BE804EC1
	s_barrier_wait 0xffff                                      // 000000001EFC: BF94FFFF
	ds_load_b32 v18, v44                                       // 000000001F00: D8D80000 1200002C
	ds_load_b32 v19, v44 offset:64                             // 000000001F08: D8D80040 1300002C
	ds_load_b32 v20, v44 offset:128                            // 000000001F10: D8D80080 1400002C
	ds_load_b32 v21, v44 offset:192                            // 000000001F18: D8D800C0 1500002C
	ds_load_b32 v27, v45                                       // 000000001F20: D8D80000 1B00002D
	ds_load_b32 v28, v45 offset:64                             // 000000001F28: D8D80040 1C00002D
	ds_load_b32 v29, v45 offset:128                            // 000000001F30: D8D80080 1D00002D
	ds_load_b32 v30, v45 offset:192                            // 000000001F38: D8D800C0 1E00002D

0000000000001f40 <openLoopL_12>:
	s_cmp_le_u32 s5, 1                                         // 000000001F40: BF0B8105
	s_cbranch_scc1 LoopEndL_2                                  // 000000001F44: BFA202A9

0000000000001f48 <label_0013>:
	ds_load_b32 v22, v44 offset:256                            // 000000001F48: D8D80100 1600002C
	ds_load_b32 v23, v44 offset:320                            // 000000001F50: D8D80140 1700002C
	ds_load_b32 v24, v44 offset:384                            // 000000001F58: D8D80180 1800002C
	ds_load_b32 v25, v44 offset:448                            // 000000001F60: D8D801C0 1900002C
	buffer_load_b32 v40, v37, s[8:11], null offen              // 000000001F68: C405007C 40801028 00000025
	buffer_load_b32 v41, v37, s[8:11], s58 offen               // 000000001F74: C405003A 40801029 00000025
	buffer_load_b32 v42, v38, s[12:15], null offen             // 000000001F80: C405007C 4080182A 00000026
	ds_load_b32 v31, v45 offset:260                            // 000000001F8C: D8D80104 1F00002D
	ds_load_b32 v32, v45 offset:324                            // 000000001F94: D8D80144 2000002D
	ds_load_b32 v33, v45 offset:388                            // 000000001F9C: D8D80184 2100002D
	ds_load_b32 v34, v45 offset:452                            // 000000001FA4: D8D801C4 2200002D
	s_wait_dscnt 0x8                                           // 000000001FAC: BFC60008
	s_wait_kmcnt 0x8                                           // 000000001FB0: BFC70008
	v_fmac_f32_e32 v0, v18, v27                                // 000000001FB4: 56003712
	s_setprio 1                                                // 000000001FB8: BFB50001
	v_fmac_f32_e32 v1, v19, v27                                // 000000001FBC: 56023713
	v_fmac_f32_e32 v2, v20, v27                                // 000000001FC0: 56043714
	v_fmac_f32_e32 v3, v21, v27                                // 000000001FC4: 56063715
	v_fmac_f32_e32 v4, v18, v28                                // 000000001FC8: 56083912
	v_fmac_f32_e32 v5, v19, v28                                // 000000001FCC: 560A3913
	v_fmac_f32_e32 v6, v20, v28                                // 000000001FD0: 560C3914
	v_fmac_f32_e32 v7, v21, v28                                // 000000001FD4: 560E3915
	v_fmac_f32_e32 v8, v18, v29                                // 000000001FD8: 56103B12
	v_fmac_f32_e32 v9, v19, v29                                // 000000001FDC: 56123B13
	v_fmac_f32_e32 v10, v20, v29                               // 000000001FE0: 56143B14
	v_fmac_f32_e32 v11, v21, v29                               // 000000001FE4: 56163B15
	v_fmac_f32_e32 v12, v18, v30                               // 000000001FE8: 56183D12
	v_fmac_f32_e32 v13, v19, v30                               // 000000001FEC: 561A3D13
	v_fmac_f32_e32 v14, v20, v30                               // 000000001FF0: 561C3D14
	v_fmac_f32_e32 v15, v21, v30                               // 000000001FF4: 561E3D15
	s_setprio 0                                                // 000000001FF8: BFB50000
	ds_load_b32 v18, v44 offset:512                            // 000000001FFC: D8D80200 1200002C
	ds_load_b32 v19, v44 offset:576                            // 000000002004: D8D80240 1300002C
	ds_load_b32 v20, v44 offset:640                            // 00000000200C: D8D80280 1400002C
	ds_load_b32 v21, v44 offset:704                            // 000000002014: D8D802C0 1500002C
	buffer_load_b32 v43, v38, s[12:15], s59 offen              // 00000000201C: C405003B 4080182B 00000026
	ds_load_b32 v27, v45 offset:520                            // 000000002028: D8D80208 1B00002D
	ds_load_b32 v28, v45 offset:584                            // 000000002030: D8D80248 1C00002D
	ds_load_b32 v29, v45 offset:648                            // 000000002038: D8D80288 1D00002D
	ds_load_b32 v30, v45 offset:712                            // 000000002040: D8D802C8 1E00002D
	s_wait_dscnt 0x8                                           // 000000002048: BFC60008
	s_wait_kmcnt 0x8                                           // 00000000204C: BFC70008
	v_fmac_f32_e32 v0, v22, v31                                // 000000002050: 56003F16
	s_setprio 1                                                // 000000002054: BFB50001
	v_fmac_f32_e32 v1, v23, v31                                // 000000002058: 56023F17
	v_fmac_f32_e32 v2, v24, v31                                // 00000000205C: 56043F18
	v_fmac_f32_e32 v3, v25, v31                                // 000000002060: 56063F19
	v_fmac_f32_e32 v4, v22, v32                                // 000000002064: 56084116
	v_fmac_f32_e32 v5, v23, v32                                // 000000002068: 560A4117
	v_fmac_f32_e32 v6, v24, v32                                // 00000000206C: 560C4118
	v_fmac_f32_e32 v7, v25, v32                                // 000000002070: 560E4119
	v_fmac_f32_e32 v8, v22, v33                                // 000000002074: 56104316
	v_fmac_f32_e32 v9, v23, v33                                // 000000002078: 56124317
	v_fmac_f32_e32 v10, v24, v33                               // 00000000207C: 56144318
	v_fmac_f32_e32 v11, v25, v33                               // 000000002080: 56164319
	v_fmac_f32_e32 v12, v22, v34                               // 000000002084: 56184516
	v_fmac_f32_e32 v13, v23, v34                               // 000000002088: 561A4517
	v_fmac_f32_e32 v14, v24, v34                               // 00000000208C: 561C4518
	v_fmac_f32_e32 v15, v25, v34                               // 000000002090: 561E4519
	s_setprio 0                                                // 000000002094: BFB50000
	ds_load_b32 v22, v44 offset:768                            // 000000002098: D8D80300 1600002C
	ds_load_b32 v23, v44 offset:832                            // 0000000020A0: D8D80340 1700002C
	ds_load_b32 v24, v44 offset:896                            // 0000000020A8: D8D80380 1800002C
	ds_load_b32 v25, v44 offset:960                            // 0000000020B0: D8D803C0 1900002C
	s_cmp_eq_u32 s5, s7                                        // 0000000020B8: BF060705
	s_cselect_b32 s60, s30, s34                                // 0000000020BC: 983C221E
	s_cselect_b32 s61, s31, 0                                  // 0000000020C0: 983D801F
	s_add_co_u32 s8, s8, s60                                   // 0000000020C4: 80083C08
	s_add_co_ci_u32 s9, s9, s61                                // 0000000020C8: 82093D09
	s_sub_co_u32 s0, s0, s60                                   // 0000000020CC: 80803C00
	s_sub_co_ci_u32 s1, s1, s61                                // 0000000020D0: 82813D01
	s_cmp_eq_u32 s1, 0                                         // 0000000020D4: BF068001
	s_cselect_b32 s10, s0, -1                                  // 0000000020D8: 980AC100
	ds_load_b32 v31, v45 offset:780                            // 0000000020DC: D8D8030C 1F00002D
	ds_load_b32 v32, v45 offset:844                            // 0000000020E4: D8D8034C 2000002D
	ds_load_b32 v33, v45 offset:908                            // 0000000020EC: D8D8038C 2100002D
	ds_load_b32 v34, v45 offset:972                            // 0000000020F4: D8D803CC 2200002D
	s_wait_dscnt 0x8                                           // 0000000020FC: BFC60008
	s_wait_kmcnt 0x8                                           // 000000002100: BFC70008
	v_fmac_f32_e32 v0, v18, v27                                // 000000002104: 56003712
	s_setprio 1                                                // 000000002108: BFB50001
	v_fmac_f32_e32 v1, v19, v27                                // 00000000210C: 56023713
	v_fmac_f32_e32 v2, v20, v27                                // 000000002110: 56043714
	v_fmac_f32_e32 v3, v21, v27                                // 000000002114: 56063715
	v_fmac_f32_e32 v4, v18, v28                                // 000000002118: 56083912
	v_fmac_f32_e32 v5, v19, v28                                // 00000000211C: 560A3913
	v_fmac_f32_e32 v6, v20, v28                                // 000000002120: 560C3914
	v_fmac_f32_e32 v7, v21, v28                                // 000000002124: 560E3915
	v_fmac_f32_e32 v8, v18, v29                                // 000000002128: 56103B12
	v_fmac_f32_e32 v9, v19, v29                                // 00000000212C: 56123B13
	v_fmac_f32_e32 v10, v20, v29                               // 000000002130: 56143B14
	v_fmac_f32_e32 v11, v21, v29                               // 000000002134: 56163B15
	v_fmac_f32_e32 v12, v18, v30                               // 000000002138: 56183D12
	v_fmac_f32_e32 v13, v19, v30                               // 00000000213C: 561A3D13
	v_fmac_f32_e32 v14, v20, v30                               // 000000002140: 561C3D14
	v_fmac_f32_e32 v15, v21, v30                               // 000000002144: 561E3D15
	s_setprio 0                                                // 000000002148: BFB50000
	ds_load_b32 v18, v44 offset:1024                           // 00000000214C: D8D80400 1200002C
	ds_load_b32 v19, v44 offset:1088                           // 000000002154: D8D80440 1300002C
	ds_load_b32 v20, v44 offset:1152                           // 00000000215C: D8D80480 1400002C
	ds_load_b32 v21, v44 offset:1216                           // 000000002164: D8D804C0 1500002C
	s_cmp_eq_u32 s5, s7                                        // 00000000216C: BF060705
	s_cselect_b32 s60, s32, s35                                // 000000002170: 983C2320
	s_cselect_b32 s61, s33, 0                                  // 000000002174: 983D8021
	s_add_co_u32 s12, s12, s60                                 // 000000002178: 800C3C0C
	s_add_co_ci_u32 s13, s13, s61                              // 00000000217C: 820D3D0D
	s_sub_co_u32 s28, s28, s60                                 // 000000002180: 809C3C1C
	s_sub_co_ci_u32 s29, s29, s61                              // 000000002184: 829D3D1D
	s_cmp_eq_u32 s29, 0                                        // 000000002188: BF06801D
	s_cselect_b32 s14, s28, -1                                 // 00000000218C: 980EC11C
	ds_load_b32 v27, v45 offset:1040                           // 000000002190: D8D80410 1B00002D
	ds_load_b32 v28, v45 offset:1104                           // 000000002198: D8D80450 1C00002D
	ds_load_b32 v29, v45 offset:1168                           // 0000000021A0: D8D80490 1D00002D
	ds_load_b32 v30, v45 offset:1232                           // 0000000021A8: D8D804D0 1E00002D
	s_wait_loadcnt 0x3                                         // 0000000021B0: BFC00003
	ds_store_b32 v35, v40 offset:8192                          // 0000000021B4: D8342000 00002823
	s_wait_dscnt 0x9                                           // 0000000021BC: BFC60009
	s_wait_kmcnt 0x9                                           // 0000000021C0: BFC70009
	v_fmac_f32_e32 v0, v22, v31                                // 0000000021C4: 56003F16
	s_setprio 1                                                // 0000000021C8: BFB50001
	v_fmac_f32_e32 v1, v23, v31                                // 0000000021CC: 56023F17
	v_fmac_f32_e32 v2, v24, v31                                // 0000000021D0: 56043F18
	v_fmac_f32_e32 v3, v25, v31                                // 0000000021D4: 56063F19
	v_fmac_f32_e32 v4, v22, v32                                // 0000000021D8: 56084116
	v_fmac_f32_e32 v5, v23, v32                                // 0000000021DC: 560A4117
	v_fmac_f32_e32 v6, v24, v32                                // 0000000021E0: 560C4118
	v_fmac_f32_e32 v7, v25, v32                                // 0000000021E4: 560E4119
	v_fmac_f32_e32 v8, v22, v33                                // 0000000021E8: 56104316
	v_fmac_f32_e32 v9, v23, v33                                // 0000000021EC: 56124317
	v_fmac_f32_e32 v10, v24, v33                               // 0000000021F0: 56144318
	v_fmac_f32_e32 v11, v25, v33                               // 0000000021F4: 56164319
	v_fmac_f32_e32 v12, v22, v34                               // 0000000021F8: 56184516
	v_fmac_f32_e32 v13, v23, v34                               // 0000000021FC: 561A4517
	v_fmac_f32_e32 v14, v24, v34                               // 000000002200: 561C4518
	v_fmac_f32_e32 v15, v25, v34                               // 000000002204: 561E4519
	s_setprio 0                                                // 000000002208: BFB50000
	ds_load_b32 v22, v44 offset:1280                           // 00000000220C: D8D80500 1600002C
	ds_load_b32 v23, v44 offset:1344                           // 000000002214: D8D80540 1700002C
	ds_load_b32 v24, v44 offset:1408                           // 00000000221C: D8D80580 1800002C
	ds_load_b32 v25, v44 offset:1472                           // 000000002224: D8D805C0 1900002C
	ds_load_b32 v31, v45 offset:1300                           // 00000000222C: D8D80514 1F00002D
	ds_load_b32 v32, v45 offset:1364                           // 000000002234: D8D80554 2000002D
	ds_load_b32 v33, v45 offset:1428                           // 00000000223C: D8D80594 2100002D
	ds_load_b32 v34, v45 offset:1492                           // 000000002244: D8D805D4 2200002D
	s_wait_loadcnt 0x2                                         // 00000000224C: BFC00002
	ds_store_b32 v35, v41 offset:9216                          // 000000002250: D8342400 00002923
	s_wait_dscnt 0x9                                           // 000000002258: BFC60009
	s_wait_kmcnt 0x9                                           // 00000000225C: BFC70009
	v_fmac_f32_e32 v0, v18, v27                                // 000000002260: 56003712
	s_setprio 1                                                // 000000002264: BFB50001
	v_fmac_f32_e32 v1, v19, v27                                // 000000002268: 56023713
	v_fmac_f32_e32 v2, v20, v27                                // 00000000226C: 56043714
	v_fmac_f32_e32 v3, v21, v27                                // 000000002270: 56063715
	v_fmac_f32_e32 v4, v18, v28                                // 000000002274: 56083912
	v_fmac_f32_e32 v5, v19, v28                                // 000000002278: 560A3913
	v_fmac_f32_e32 v6, v20, v28                                // 00000000227C: 560C3914
	v_fmac_f32_e32 v7, v21, v28                                // 000000002280: 560E3915
	v_fmac_f32_e32 v8, v18, v29                                // 000000002284: 56103B12
	v_fmac_f32_e32 v9, v19, v29                                // 000000002288: 56123B13
	v_fmac_f32_e32 v10, v20, v29                               // 00000000228C: 56143B14
	v_fmac_f32_e32 v11, v21, v29                               // 000000002290: 56163B15
	v_fmac_f32_e32 v12, v18, v30                               // 000000002294: 56183D12
	v_fmac_f32_e32 v13, v19, v30                               // 000000002298: 561A3D13
	v_fmac_f32_e32 v14, v20, v30                               // 00000000229C: 561C3D14
	v_fmac_f32_e32 v15, v21, v30                               // 0000000022A0: 561E3D15
	s_setprio 0                                                // 0000000022A4: BFB50000
	ds_load_b32 v18, v44 offset:1536                           // 0000000022A8: D8D80600 1200002C
	ds_load_b32 v19, v44 offset:1600                           // 0000000022B0: D8D80640 1300002C
	ds_load_b32 v20, v44 offset:1664                           // 0000000022B8: D8D80680 1400002C
	ds_load_b32 v21, v44 offset:1728                           // 0000000022C0: D8D806C0 1500002C
	ds_load_b32 v27, v45 offset:1560                           // 0000000022C8: D8D80618 1B00002D
	ds_load_b32 v28, v45 offset:1624                           // 0000000022D0: D8D80658 1C00002D
	ds_load_b32 v29, v45 offset:1688                           // 0000000022D8: D8D80698 1D00002D
	ds_load_b32 v30, v45 offset:1752                           // 0000000022E0: D8D806D8 1E00002D
	s_wait_loadcnt 0x1                                         // 0000000022E8: BFC00001
	ds_store_b32 v36, v42 offset:8192                          // 0000000022EC: D8342000 00002A24
	s_wait_dscnt 0x9                                           // 0000000022F4: BFC60009
	s_wait_kmcnt 0x9                                           // 0000000022F8: BFC70009
	v_fmac_f32_e32 v0, v22, v31                                // 0000000022FC: 56003F16
	s_setprio 1                                                // 000000002300: BFB50001
	v_fmac_f32_e32 v1, v23, v31                                // 000000002304: 56023F17
	v_fmac_f32_e32 v2, v24, v31                                // 000000002308: 56043F18
	v_fmac_f32_e32 v3, v25, v31                                // 00000000230C: 56063F19
	v_fmac_f32_e32 v4, v22, v32                                // 000000002310: 56084116
	v_fmac_f32_e32 v5, v23, v32                                // 000000002314: 560A4117
	v_fmac_f32_e32 v6, v24, v32                                // 000000002318: 560C4118
	v_fmac_f32_e32 v7, v25, v32                                // 00000000231C: 560E4119
	v_fmac_f32_e32 v8, v22, v33                                // 000000002320: 56104316
	v_fmac_f32_e32 v9, v23, v33                                // 000000002324: 56124317
	v_fmac_f32_e32 v10, v24, v33                               // 000000002328: 56144318
	v_fmac_f32_e32 v11, v25, v33                               // 00000000232C: 56164319
	v_fmac_f32_e32 v12, v22, v34                               // 000000002330: 56184516
	v_fmac_f32_e32 v13, v23, v34                               // 000000002334: 561A4517
	v_fmac_f32_e32 v14, v24, v34                               // 000000002338: 561C4518
	v_fmac_f32_e32 v15, v25, v34                               // 00000000233C: 561E4519
	s_setprio 0                                                // 000000002340: BFB50000
	ds_load_b32 v22, v44 offset:1792                           // 000000002344: D8D80700 1600002C
	ds_load_b32 v23, v44 offset:1856                           // 00000000234C: D8D80740 1700002C
	ds_load_b32 v24, v44 offset:1920                           // 000000002354: D8D80780 1800002C
	ds_load_b32 v25, v44 offset:1984                           // 00000000235C: D8D807C0 1900002C
	ds_load_b32 v31, v45 offset:1820                           // 000000002364: D8D8071C 1F00002D
	ds_load_b32 v32, v45 offset:1884                           // 00000000236C: D8D8075C 2000002D
	ds_load_b32 v33, v45 offset:1948                           // 000000002374: D8D8079C 2100002D
	ds_load_b32 v34, v45 offset:2012                           // 00000000237C: D8D807DC 2200002D
	s_wait_loadcnt 0x0                                         // 000000002384: BFC00000
	s_wait_storecnt 0x0                                        // 000000002388: BFC10000
	ds_store_b32 v36, v43 offset:8320                          // 00000000238C: D8342080 00002B24
	s_wait_dscnt 0x9                                           // 000000002394: BFC60009
	s_wait_kmcnt 0x9                                           // 000000002398: BFC70009
	v_fmac_f32_e32 v0, v18, v27                                // 00000000239C: 56003712
	s_setprio 1                                                // 0000000023A0: BFB50001
	v_fmac_f32_e32 v1, v19, v27                                // 0000000023A4: 56023713
	v_fmac_f32_e32 v2, v20, v27                                // 0000000023A8: 56043714
	v_fmac_f32_e32 v3, v21, v27                                // 0000000023AC: 56063715
	v_fmac_f32_e32 v4, v18, v28                                // 0000000023B0: 56083912
	v_fmac_f32_e32 v5, v19, v28                                // 0000000023B4: 560A3913
	v_fmac_f32_e32 v6, v20, v28                                // 0000000023B8: 560C3914
	v_fmac_f32_e32 v7, v21, v28                                // 0000000023BC: 560E3915
	v_fmac_f32_e32 v8, v18, v29                                // 0000000023C0: 56103B12
	v_fmac_f32_e32 v9, v19, v29                                // 0000000023C4: 56123B13
	v_fmac_f32_e32 v10, v20, v29                               // 0000000023C8: 56143B14
	v_fmac_f32_e32 v11, v21, v29                               // 0000000023CC: 56163B15
	v_fmac_f32_e32 v12, v18, v30                               // 0000000023D0: 56183D12
	v_fmac_f32_e32 v13, v19, v30                               // 0000000023D4: 561A3D13
	v_fmac_f32_e32 v14, v20, v30                               // 0000000023D8: 561C3D14
	v_fmac_f32_e32 v15, v21, v30                               // 0000000023DC: 561E3D15
	s_setprio 0                                                // 0000000023E0: BFB50000
	s_wait_dscnt 0x0                                           // 0000000023E4: BFC60000
	s_wait_kmcnt 0x0                                           // 0000000023E8: BFC70000
	s_barrier_signal -1                                        // 0000000023EC: BE804EC1
	s_barrier_wait 0xffff                                      // 0000000023F0: BF94FFFF
	ds_load_b32 v18, v44 offset:8192                           // 0000000023F4: D8D82000 1200002C
	ds_load_b32 v19, v44 offset:8256                           // 0000000023FC: D8D82040 1300002C
	ds_load_b32 v20, v44 offset:8320                           // 000000002404: D8D82080 1400002C
	ds_load_b32 v21, v44 offset:8384                           // 00000000240C: D8D820C0 1500002C
	ds_load_b32 v27, v45 offset:8192                           // 000000002414: D8D82000 1B00002D
	ds_load_b32 v28, v45 offset:8256                           // 00000000241C: D8D82040 1C00002D
	ds_load_b32 v29, v45 offset:8320                           // 000000002424: D8D82080 1D00002D
	ds_load_b32 v30, v45 offset:8384                           // 00000000242C: D8D820C0 1E00002D
	s_wait_dscnt 0x8                                           // 000000002434: BFC60008
	s_wait_kmcnt 0x8                                           // 000000002438: BFC70008
	v_fmac_f32_e32 v0, v22, v31                                // 00000000243C: 56003F16
	s_setprio 1                                                // 000000002440: BFB50001
	v_fmac_f32_e32 v1, v23, v31                                // 000000002444: 56023F17
	v_fmac_f32_e32 v2, v24, v31                                // 000000002448: 56043F18
	v_fmac_f32_e32 v3, v25, v31                                // 00000000244C: 56063F19
	v_fmac_f32_e32 v4, v22, v32                                // 000000002450: 56084116
	v_fmac_f32_e32 v5, v23, v32                                // 000000002454: 560A4117
	v_fmac_f32_e32 v6, v24, v32                                // 000000002458: 560C4118
	v_fmac_f32_e32 v7, v25, v32                                // 00000000245C: 560E4119
	v_fmac_f32_e32 v8, v22, v33                                // 000000002460: 56104316
	v_fmac_f32_e32 v9, v23, v33                                // 000000002464: 56124317
	v_fmac_f32_e32 v10, v24, v33                               // 000000002468: 56144318
	v_fmac_f32_e32 v11, v25, v33                               // 00000000246C: 56164319
	v_fmac_f32_e32 v12, v22, v34                               // 000000002470: 56184516
	v_fmac_f32_e32 v13, v23, v34                               // 000000002474: 561A4517
	v_fmac_f32_e32 v14, v24, v34                               // 000000002478: 561C4518
	v_fmac_f32_e32 v15, v25, v34                               // 00000000247C: 561E4519
	s_setprio 0                                                // 000000002480: BFB50000
	s_sub_co_u32 s5, s5, 1                                     // 000000002484: 80858105
	s_cmp_eq_i32 s5, 1                                         // 000000002488: BF008105
	s_cbranch_scc1 LoopEndL_oddexit_3                          // 00000000248C: BFA20153

0000000000002490 <label_0014>:
	ds_load_b32 v22, v44 offset:8448                           // 000000002490: D8D82100 1600002C
	ds_load_b32 v23, v44 offset:8512                           // 000000002498: D8D82140 1700002C
	ds_load_b32 v24, v44 offset:8576                           // 0000000024A0: D8D82180 1800002C
	ds_load_b32 v25, v44 offset:8640                           // 0000000024A8: D8D821C0 1900002C
	buffer_load_b32 v40, v37, s[8:11], null offen              // 0000000024B0: C405007C 40801028 00000025
	buffer_load_b32 v41, v37, s[8:11], s58 offen               // 0000000024BC: C405003A 40801029 00000025
	buffer_load_b32 v42, v38, s[12:15], null offen             // 0000000024C8: C405007C 4080182A 00000026
	ds_load_b32 v31, v45 offset:8452                           // 0000000024D4: D8D82104 1F00002D
	ds_load_b32 v32, v45 offset:8516                           // 0000000024DC: D8D82144 2000002D
	ds_load_b32 v33, v45 offset:8580                           // 0000000024E4: D8D82184 2100002D
	ds_load_b32 v34, v45 offset:8644                           // 0000000024EC: D8D821C4 2200002D
	s_wait_dscnt 0x8                                           // 0000000024F4: BFC60008
	s_wait_kmcnt 0x8                                           // 0000000024F8: BFC70008
	v_fmac_f32_e32 v0, v18, v27                                // 0000000024FC: 56003712
	s_setprio 1                                                // 000000002500: BFB50001
	v_fmac_f32_e32 v1, v19, v27                                // 000000002504: 56023713
	v_fmac_f32_e32 v2, v20, v27                                // 000000002508: 56043714
	v_fmac_f32_e32 v3, v21, v27                                // 00000000250C: 56063715
	v_fmac_f32_e32 v4, v18, v28                                // 000000002510: 56083912
	v_fmac_f32_e32 v5, v19, v28                                // 000000002514: 560A3913
	v_fmac_f32_e32 v6, v20, v28                                // 000000002518: 560C3914
	v_fmac_f32_e32 v7, v21, v28                                // 00000000251C: 560E3915
	v_fmac_f32_e32 v8, v18, v29                                // 000000002520: 56103B12
	v_fmac_f32_e32 v9, v19, v29                                // 000000002524: 56123B13
	v_fmac_f32_e32 v10, v20, v29                               // 000000002528: 56143B14
	v_fmac_f32_e32 v11, v21, v29                               // 00000000252C: 56163B15
	v_fmac_f32_e32 v12, v18, v30                               // 000000002530: 56183D12
	v_fmac_f32_e32 v13, v19, v30                               // 000000002534: 561A3D13
	v_fmac_f32_e32 v14, v20, v30                               // 000000002538: 561C3D14
	v_fmac_f32_e32 v15, v21, v30                               // 00000000253C: 561E3D15
	s_setprio 0                                                // 000000002540: BFB50000
	ds_load_b32 v18, v44 offset:8704                           // 000000002544: D8D82200 1200002C
	ds_load_b32 v19, v44 offset:8768                           // 00000000254C: D8D82240 1300002C
	ds_load_b32 v20, v44 offset:8832                           // 000000002554: D8D82280 1400002C
	ds_load_b32 v21, v44 offset:8896                           // 00000000255C: D8D822C0 1500002C
	buffer_load_b32 v43, v38, s[12:15], s59 offen              // 000000002564: C405003B 4080182B 00000026
	ds_load_b32 v27, v45 offset:8712                           // 000000002570: D8D82208 1B00002D
	ds_load_b32 v28, v45 offset:8776                           // 000000002578: D8D82248 1C00002D
	ds_load_b32 v29, v45 offset:8840                           // 000000002580: D8D82288 1D00002D
	ds_load_b32 v30, v45 offset:8904                           // 000000002588: D8D822C8 1E00002D
	s_wait_dscnt 0x8                                           // 000000002590: BFC60008
	s_wait_kmcnt 0x8                                           // 000000002594: BFC70008
	v_fmac_f32_e32 v0, v22, v31                                // 000000002598: 56003F16
	s_setprio 1                                                // 00000000259C: BFB50001
	v_fmac_f32_e32 v1, v23, v31                                // 0000000025A0: 56023F17
	v_fmac_f32_e32 v2, v24, v31                                // 0000000025A4: 56043F18
	v_fmac_f32_e32 v3, v25, v31                                // 0000000025A8: 56063F19
	v_fmac_f32_e32 v4, v22, v32                                // 0000000025AC: 56084116
	v_fmac_f32_e32 v5, v23, v32                                // 0000000025B0: 560A4117
	v_fmac_f32_e32 v6, v24, v32                                // 0000000025B4: 560C4118
	v_fmac_f32_e32 v7, v25, v32                                // 0000000025B8: 560E4119
	v_fmac_f32_e32 v8, v22, v33                                // 0000000025BC: 56104316
	v_fmac_f32_e32 v9, v23, v33                                // 0000000025C0: 56124317
	v_fmac_f32_e32 v10, v24, v33                               // 0000000025C4: 56144318
	v_fmac_f32_e32 v11, v25, v33                               // 0000000025C8: 56164319
	v_fmac_f32_e32 v12, v22, v34                               // 0000000025CC: 56184516
	v_fmac_f32_e32 v13, v23, v34                               // 0000000025D0: 561A4517
	v_fmac_f32_e32 v14, v24, v34                               // 0000000025D4: 561C4518
	v_fmac_f32_e32 v15, v25, v34                               // 0000000025D8: 561E4519
	s_setprio 0                                                // 0000000025DC: BFB50000
	ds_load_b32 v22, v44 offset:8960                           // 0000000025E0: D8D82300 1600002C
	ds_load_b32 v23, v44 offset:9024                           // 0000000025E8: D8D82340 1700002C
	ds_load_b32 v24, v44 offset:9088                           // 0000000025F0: D8D82380 1800002C
	ds_load_b32 v25, v44 offset:9152                           // 0000000025F8: D8D823C0 1900002C
	s_cmp_eq_u32 s5, s7                                        // 000000002600: BF060705
	s_cselect_b32 s60, s30, s34                                // 000000002604: 983C221E
	s_cselect_b32 s61, s31, 0                                  // 000000002608: 983D801F
	s_add_co_u32 s8, s8, s60                                   // 00000000260C: 80083C08
	s_add_co_ci_u32 s9, s9, s61                                // 000000002610: 82093D09
	s_sub_co_u32 s0, s0, s60                                   // 000000002614: 80803C00
	s_sub_co_ci_u32 s1, s1, s61                                // 000000002618: 82813D01
	s_cmp_eq_u32 s1, 0                                         // 00000000261C: BF068001
	s_cselect_b32 s10, s0, -1                                  // 000000002620: 980AC100
	ds_load_b32 v31, v45 offset:8972                           // 000000002624: D8D8230C 1F00002D
	ds_load_b32 v32, v45 offset:9036                           // 00000000262C: D8D8234C 2000002D
	ds_load_b32 v33, v45 offset:9100                           // 000000002634: D8D8238C 2100002D
	ds_load_b32 v34, v45 offset:9164                           // 00000000263C: D8D823CC 2200002D
	s_wait_dscnt 0x8                                           // 000000002644: BFC60008
	s_wait_kmcnt 0x8                                           // 000000002648: BFC70008
	v_fmac_f32_e32 v0, v18, v27                                // 00000000264C: 56003712
	s_setprio 1                                                // 000000002650: BFB50001
	v_fmac_f32_e32 v1, v19, v27                                // 000000002654: 56023713
	v_fmac_f32_e32 v2, v20, v27                                // 000000002658: 56043714
	v_fmac_f32_e32 v3, v21, v27                                // 00000000265C: 56063715
	v_fmac_f32_e32 v4, v18, v28                                // 000000002660: 56083912
	v_fmac_f32_e32 v5, v19, v28                                // 000000002664: 560A3913
	v_fmac_f32_e32 v6, v20, v28                                // 000000002668: 560C3914
	v_fmac_f32_e32 v7, v21, v28                                // 00000000266C: 560E3915
	v_fmac_f32_e32 v8, v18, v29                                // 000000002670: 56103B12
	v_fmac_f32_e32 v9, v19, v29                                // 000000002674: 56123B13
	v_fmac_f32_e32 v10, v20, v29                               // 000000002678: 56143B14
	v_fmac_f32_e32 v11, v21, v29                               // 00000000267C: 56163B15
	v_fmac_f32_e32 v12, v18, v30                               // 000000002680: 56183D12
	v_fmac_f32_e32 v13, v19, v30                               // 000000002684: 561A3D13
	v_fmac_f32_e32 v14, v20, v30                               // 000000002688: 561C3D14
	v_fmac_f32_e32 v15, v21, v30                               // 00000000268C: 561E3D15
	s_setprio 0                                                // 000000002690: BFB50000
	ds_load_b32 v18, v44 offset:9216                           // 000000002694: D8D82400 1200002C
	ds_load_b32 v19, v44 offset:9280                           // 00000000269C: D8D82440 1300002C
	ds_load_b32 v20, v44 offset:9344                           // 0000000026A4: D8D82480 1400002C
	ds_load_b32 v21, v44 offset:9408                           // 0000000026AC: D8D824C0 1500002C
	s_cmp_eq_u32 s5, s7                                        // 0000000026B4: BF060705
	s_cselect_b32 s60, s32, s35                                // 0000000026B8: 983C2320
	s_cselect_b32 s61, s33, 0                                  // 0000000026BC: 983D8021
	s_add_co_u32 s12, s12, s60                                 // 0000000026C0: 800C3C0C
	s_add_co_ci_u32 s13, s13, s61                              // 0000000026C4: 820D3D0D
	s_sub_co_u32 s28, s28, s60                                 // 0000000026C8: 809C3C1C
	s_sub_co_ci_u32 s29, s29, s61                              // 0000000026CC: 829D3D1D
	s_cmp_eq_u32 s29, 0                                        // 0000000026D0: BF06801D
	s_cselect_b32 s14, s28, -1                                 // 0000000026D4: 980EC11C
	ds_load_b32 v27, v45 offset:9232                           // 0000000026D8: D8D82410 1B00002D
	ds_load_b32 v28, v45 offset:9296                           // 0000000026E0: D8D82450 1C00002D
	ds_load_b32 v29, v45 offset:9360                           // 0000000026E8: D8D82490 1D00002D
	ds_load_b32 v30, v45 offset:9424                           // 0000000026F0: D8D824D0 1E00002D
	s_wait_loadcnt 0x3                                         // 0000000026F8: BFC00003
	ds_store_b32 v35, v40                                      // 0000000026FC: D8340000 00002823
	s_wait_dscnt 0x9                                           // 000000002704: BFC60009
	s_wait_kmcnt 0x9                                           // 000000002708: BFC70009
	v_fmac_f32_e32 v0, v22, v31                                // 00000000270C: 56003F16
	s_setprio 1                                                // 000000002710: BFB50001
	v_fmac_f32_e32 v1, v23, v31                                // 000000002714: 56023F17
	v_fmac_f32_e32 v2, v24, v31                                // 000000002718: 56043F18
	v_fmac_f32_e32 v3, v25, v31                                // 00000000271C: 56063F19
	v_fmac_f32_e32 v4, v22, v32                                // 000000002720: 56084116
	v_fmac_f32_e32 v5, v23, v32                                // 000000002724: 560A4117
	v_fmac_f32_e32 v6, v24, v32                                // 000000002728: 560C4118
	v_fmac_f32_e32 v7, v25, v32                                // 00000000272C: 560E4119
	v_fmac_f32_e32 v8, v22, v33                                // 000000002730: 56104316
	v_fmac_f32_e32 v9, v23, v33                                // 000000002734: 56124317
	v_fmac_f32_e32 v10, v24, v33                               // 000000002738: 56144318
	v_fmac_f32_e32 v11, v25, v33                               // 00000000273C: 56164319
	v_fmac_f32_e32 v12, v22, v34                               // 000000002740: 56184516
	v_fmac_f32_e32 v13, v23, v34                               // 000000002744: 561A4517
	v_fmac_f32_e32 v14, v24, v34                               // 000000002748: 561C4518
	v_fmac_f32_e32 v15, v25, v34                               // 00000000274C: 561E4519
	s_setprio 0                                                // 000000002750: BFB50000
	ds_load_b32 v22, v44 offset:9472                           // 000000002754: D8D82500 1600002C
	ds_load_b32 v23, v44 offset:9536                           // 00000000275C: D8D82540 1700002C
	ds_load_b32 v24, v44 offset:9600                           // 000000002764: D8D82580 1800002C
	ds_load_b32 v25, v44 offset:9664                           // 00000000276C: D8D825C0 1900002C
	ds_load_b32 v31, v45 offset:9492                           // 000000002774: D8D82514 1F00002D
	ds_load_b32 v32, v45 offset:9556                           // 00000000277C: D8D82554 2000002D
	ds_load_b32 v33, v45 offset:9620                           // 000000002784: D8D82594 2100002D
	ds_load_b32 v34, v45 offset:9684                           // 00000000278C: D8D825D4 2200002D
	s_wait_loadcnt 0x2                                         // 000000002794: BFC00002
	ds_store_b32 v35, v41 offset:1024                          // 000000002798: D8340400 00002923
	s_wait_dscnt 0x9                                           // 0000000027A0: BFC60009
	s_wait_kmcnt 0x9                                           // 0000000027A4: BFC70009
	v_fmac_f32_e32 v0, v18, v27                                // 0000000027A8: 56003712
	s_setprio 1                                                // 0000000027AC: BFB50001
	v_fmac_f32_e32 v1, v19, v27                                // 0000000027B0: 56023713
	v_fmac_f32_e32 v2, v20, v27                                // 0000000027B4: 56043714
	v_fmac_f32_e32 v3, v21, v27                                // 0000000027B8: 56063715
	v_fmac_f32_e32 v4, v18, v28                                // 0000000027BC: 56083912
	v_fmac_f32_e32 v5, v19, v28                                // 0000000027C0: 560A3913
	v_fmac_f32_e32 v6, v20, v28                                // 0000000027C4: 560C3914
	v_fmac_f32_e32 v7, v21, v28                                // 0000000027C8: 560E3915
	v_fmac_f32_e32 v8, v18, v29                                // 0000000027CC: 56103B12
	v_fmac_f32_e32 v9, v19, v29                                // 0000000027D0: 56123B13
	v_fmac_f32_e32 v10, v20, v29                               // 0000000027D4: 56143B14
	v_fmac_f32_e32 v11, v21, v29                               // 0000000027D8: 56163B15
	v_fmac_f32_e32 v12, v18, v30                               // 0000000027DC: 56183D12
	v_fmac_f32_e32 v13, v19, v30                               // 0000000027E0: 561A3D13
	v_fmac_f32_e32 v14, v20, v30                               // 0000000027E4: 561C3D14
	v_fmac_f32_e32 v15, v21, v30                               // 0000000027E8: 561E3D15
	s_setprio 0                                                // 0000000027EC: BFB50000
	ds_load_b32 v18, v44 offset:9728                           // 0000000027F0: D8D82600 1200002C
	ds_load_b32 v19, v44 offset:9792                           // 0000000027F8: D8D82640 1300002C
	ds_load_b32 v20, v44 offset:9856                           // 000000002800: D8D82680 1400002C
	ds_load_b32 v21, v44 offset:9920                           // 000000002808: D8D826C0 1500002C
	ds_load_b32 v27, v45 offset:9752                           // 000000002810: D8D82618 1B00002D
	ds_load_b32 v28, v45 offset:9816                           // 000000002818: D8D82658 1C00002D
	ds_load_b32 v29, v45 offset:9880                           // 000000002820: D8D82698 1D00002D
	ds_load_b32 v30, v45 offset:9944                           // 000000002828: D8D826D8 1E00002D
	s_wait_loadcnt 0x1                                         // 000000002830: BFC00001
	ds_store_b32 v36, v42                                      // 000000002834: D8340000 00002A24
	s_wait_dscnt 0x9                                           // 00000000283C: BFC60009
	s_wait_kmcnt 0x9                                           // 000000002840: BFC70009
	v_fmac_f32_e32 v0, v22, v31                                // 000000002844: 56003F16
	s_setprio 1                                                // 000000002848: BFB50001
	v_fmac_f32_e32 v1, v23, v31                                // 00000000284C: 56023F17
	v_fmac_f32_e32 v2, v24, v31                                // 000000002850: 56043F18
	v_fmac_f32_e32 v3, v25, v31                                // 000000002854: 56063F19
	v_fmac_f32_e32 v4, v22, v32                                // 000000002858: 56084116
	v_fmac_f32_e32 v5, v23, v32                                // 00000000285C: 560A4117
	v_fmac_f32_e32 v6, v24, v32                                // 000000002860: 560C4118
	v_fmac_f32_e32 v7, v25, v32                                // 000000002864: 560E4119
	v_fmac_f32_e32 v8, v22, v33                                // 000000002868: 56104316
	v_fmac_f32_e32 v9, v23, v33                                // 00000000286C: 56124317
	v_fmac_f32_e32 v10, v24, v33                               // 000000002870: 56144318
	v_fmac_f32_e32 v11, v25, v33                               // 000000002874: 56164319
	v_fmac_f32_e32 v12, v22, v34                               // 000000002878: 56184516
	v_fmac_f32_e32 v13, v23, v34                               // 00000000287C: 561A4517
	v_fmac_f32_e32 v14, v24, v34                               // 000000002880: 561C4518
	v_fmac_f32_e32 v15, v25, v34                               // 000000002884: 561E4519
	s_setprio 0                                                // 000000002888: BFB50000
	ds_load_b32 v22, v44 offset:9984                           // 00000000288C: D8D82700 1600002C
	ds_load_b32 v23, v44 offset:10048                          // 000000002894: D8D82740 1700002C
	ds_load_b32 v24, v44 offset:10112                          // 00000000289C: D8D82780 1800002C
	ds_load_b32 v25, v44 offset:10176                          // 0000000028A4: D8D827C0 1900002C
	ds_load_b32 v31, v45 offset:10012                          // 0000000028AC: D8D8271C 1F00002D
	ds_load_b32 v32, v45 offset:10076                          // 0000000028B4: D8D8275C 2000002D
	ds_load_b32 v33, v45 offset:10140                          // 0000000028BC: D8D8279C 2100002D
	ds_load_b32 v34, v45 offset:10204                          // 0000000028C4: D8D827DC 2200002D
	s_wait_loadcnt 0x0                                         // 0000000028CC: BFC00000
	s_wait_storecnt 0x0                                        // 0000000028D0: BFC10000
	ds_store_b32 v36, v43 offset:128                           // 0000000028D4: D8340080 00002B24
	s_wait_dscnt 0x9                                           // 0000000028DC: BFC60009
	s_wait_kmcnt 0x9                                           // 0000000028E0: BFC70009
	v_fmac_f32_e32 v0, v18, v27                                // 0000000028E4: 56003712
	s_setprio 1                                                // 0000000028E8: BFB50001
	v_fmac_f32_e32 v1, v19, v27                                // 0000000028EC: 56023713
	v_fmac_f32_e32 v2, v20, v27                                // 0000000028F0: 56043714
	v_fmac_f32_e32 v3, v21, v27                                // 0000000028F4: 56063715
	v_fmac_f32_e32 v4, v18, v28                                // 0000000028F8: 56083912
	v_fmac_f32_e32 v5, v19, v28                                // 0000000028FC: 560A3913
	v_fmac_f32_e32 v6, v20, v28                                // 000000002900: 560C3914
	v_fmac_f32_e32 v7, v21, v28                                // 000000002904: 560E3915
	v_fmac_f32_e32 v8, v18, v29                                // 000000002908: 56103B12
	v_fmac_f32_e32 v9, v19, v29                                // 00000000290C: 56123B13
	v_fmac_f32_e32 v10, v20, v29                               // 000000002910: 56143B14
	v_fmac_f32_e32 v11, v21, v29                               // 000000002914: 56163B15
	v_fmac_f32_e32 v12, v18, v30                               // 000000002918: 56183D12
	v_fmac_f32_e32 v13, v19, v30                               // 00000000291C: 561A3D13
	v_fmac_f32_e32 v14, v20, v30                               // 000000002920: 561C3D14
	v_fmac_f32_e32 v15, v21, v30                               // 000000002924: 561E3D15
	s_setprio 0                                                // 000000002928: BFB50000
	s_wait_dscnt 0x0                                           // 00000000292C: BFC60000
	s_wait_kmcnt 0x0                                           // 000000002930: BFC70000
	s_barrier_signal -1                                        // 000000002934: BE804EC1
	s_barrier_wait 0xffff                                      // 000000002938: BF94FFFF
	ds_load_b32 v18, v44                                       // 00000000293C: D8D80000 1200002C
	ds_load_b32 v19, v44 offset:64                             // 000000002944: D8D80040 1300002C
	ds_load_b32 v20, v44 offset:128                            // 00000000294C: D8D80080 1400002C
	ds_load_b32 v21, v44 offset:192                            // 000000002954: D8D800C0 1500002C
	ds_load_b32 v27, v45                                       // 00000000295C: D8D80000 1B00002D
	ds_load_b32 v28, v45 offset:64                             // 000000002964: D8D80040 1C00002D
	ds_load_b32 v29, v45 offset:128                            // 00000000296C: D8D80080 1D00002D
	ds_load_b32 v30, v45 offset:192                            // 000000002974: D8D800C0 1E00002D
	s_wait_dscnt 0x8                                           // 00000000297C: BFC60008
	s_wait_kmcnt 0x8                                           // 000000002980: BFC70008
	v_fmac_f32_e32 v0, v22, v31                                // 000000002984: 56003F16
	s_setprio 1                                                // 000000002988: BFB50001
	v_fmac_f32_e32 v1, v23, v31                                // 00000000298C: 56023F17
	v_fmac_f32_e32 v2, v24, v31                                // 000000002990: 56043F18
	v_fmac_f32_e32 v3, v25, v31                                // 000000002994: 56063F19
	v_fmac_f32_e32 v4, v22, v32                                // 000000002998: 56084116
	v_fmac_f32_e32 v5, v23, v32                                // 00000000299C: 560A4117
	v_fmac_f32_e32 v6, v24, v32                                // 0000000029A0: 560C4118
	v_fmac_f32_e32 v7, v25, v32                                // 0000000029A4: 560E4119
	v_fmac_f32_e32 v8, v22, v33                                // 0000000029A8: 56104316
	v_fmac_f32_e32 v9, v23, v33                                // 0000000029AC: 56124317
	v_fmac_f32_e32 v10, v24, v33                               // 0000000029B0: 56144318
	v_fmac_f32_e32 v11, v25, v33                               // 0000000029B4: 56164319
	v_fmac_f32_e32 v12, v22, v34                               // 0000000029B8: 56184516
	v_fmac_f32_e32 v13, v23, v34                               // 0000000029BC: 561A4517
	v_fmac_f32_e32 v14, v24, v34                               // 0000000029C0: 561C4518
	v_fmac_f32_e32 v15, v25, v34                               // 0000000029C4: 561E4519
	s_setprio 0                                                // 0000000029C8: BFB50000
	s_sub_co_u32 s5, s5, 1                                     // 0000000029CC: 80858105
	s_cmp_eq_i32 s5, 1                                         // 0000000029D0: BF008105
	s_cbranch_scc0 LoopBeginL_1                                // 0000000029D4: BFA1FD5C

00000000000029d8 <LoopEndL_evenexit_4>:
	s_branch LoopEndL_2                                        // 0000000029D8: BFA00004

00000000000029dc <LoopEndL_oddexit_3>:
	v_xor_b32_e32 v44, 0x2000, v44                             // 0000000029DC: 3A5858FF 00002000
	v_xor_b32_e32 v45, 0x2000, v45                             // 0000000029E4: 3A5A5AFF 00002000

00000000000029ec <LoopEndL_2>:
	s_cmp_eq_u32 s37, 0                                        // 0000000029EC: BF068025
	s_cbranch_scc0 OptNLL_End_15                               // 0000000029F0: BFA1016A
	s_cmp_eq_u32 s36, 1.0                                      // 0000000029F4: BF06F224
	s_cbranch_scc0 OptNLL_End_15                               // 0000000029F8: BFA10168
	s_and_b32 s60, 63, s46                                     // 0000000029FC: 8B3C2EBF
	s_add_co_u32 s61, -1, s51                                  // 000000002A00: 803D33C1
	s_cmp_ge_u32 s2, s61                                       // 000000002A04: BF093D02
	s_cselect_b32 s60, s60, 0                                  // 000000002A08: 983C803C
	s_cmp_gt_u32 s60, 0                                        // 000000002A0C: BF08803C
	s_cbranch_scc1 OptNLL_End_15                               // 000000002A10: BFA20162
	s_and_b32 s60, 63, s47                                     // 000000002A14: 8B3C2FBF
	s_add_co_u32 s61, -1, s52                                  // 000000002A18: 803D34C1
	s_cmp_ge_u32 s3, s61                                       // 000000002A1C: BF093D03
	s_cselect_b32 s60, s60, 0                                  // 000000002A20: 983C803C
	s_cmp_gt_u32 s60, 0                                        // 000000002A24: BF08803C
	s_cbranch_scc1 OptNLL_End_15                               // 000000002A28: BFA2015C
	s_and_b32 s61, 7, s49                                      // 000000002A2C: 8B3D3187
	s_cmp_eq_u32 s61, 0                                        // 000000002A30: BF06803D
	s_cbranch_scc0 OptNLL_End_15                               // 000000002A34: BFA10159
	ds_load_b32 v22, v44 offset:256                            // 000000002A38: D8D80100 1600002C
	ds_load_b32 v23, v44 offset:320                            // 000000002A40: D8D80140 1700002C
	ds_load_b32 v24, v44 offset:384                            // 000000002A48: D8D80180 1800002C
	ds_load_b32 v25, v44 offset:448                            // 000000002A50: D8D801C0 1900002C
	ds_load_b32 v31, v45 offset:260                            // 000000002A58: D8D80104 1F00002D
	ds_load_b32 v32, v45 offset:324                            // 000000002A60: D8D80144 2000002D
	ds_load_b32 v33, v45 offset:388                            // 000000002A68: D8D80184 2100002D
	ds_load_b32 v34, v45 offset:452                            // 000000002A70: D8D801C4 2200002D
	s_wait_dscnt 0x8                                           // 000000002A78: BFC60008
	s_wait_kmcnt 0x8                                           // 000000002A7C: BFC70008
	v_fmac_f32_e32 v0, v18, v27                                // 000000002A80: 56003712
	s_setprio 1                                                // 000000002A84: BFB50001
	v_fmac_f32_e32 v1, v19, v27                                // 000000002A88: 56023713
	v_fmac_f32_e32 v2, v20, v27                                // 000000002A8C: 56043714
	v_fmac_f32_e32 v3, v21, v27                                // 000000002A90: 56063715
	v_fmac_f32_e32 v4, v18, v28                                // 000000002A94: 56083912
	v_fmac_f32_e32 v5, v19, v28                                // 000000002A98: 560A3913
	v_fmac_f32_e32 v6, v20, v28                                // 000000002A9C: 560C3914
	v_fmac_f32_e32 v7, v21, v28                                // 000000002AA0: 560E3915
	v_fmac_f32_e32 v8, v18, v29                                // 000000002AA4: 56103B12
	v_fmac_f32_e32 v9, v19, v29                                // 000000002AA8: 56123B13
	v_fmac_f32_e32 v10, v20, v29                               // 000000002AAC: 56143B14
	v_fmac_f32_e32 v11, v21, v29                               // 000000002AB0: 56163B15
	v_fmac_f32_e32 v12, v18, v30                               // 000000002AB4: 56183D12
	v_fmac_f32_e32 v13, v19, v30                               // 000000002AB8: 561A3D13
	v_fmac_f32_e32 v14, v20, v30                               // 000000002ABC: 561C3D14
	v_fmac_f32_e32 v15, v21, v30                               // 000000002AC0: 561E3D15
	s_setprio 0                                                // 000000002AC4: BFB50000
	ds_load_b32 v18, v44 offset:512                            // 000000002AC8: D8D80200 1200002C
	ds_load_b32 v19, v44 offset:576                            // 000000002AD0: D8D80240 1300002C
	ds_load_b32 v20, v44 offset:640                            // 000000002AD8: D8D80280 1400002C
	ds_load_b32 v21, v44 offset:704                            // 000000002AE0: D8D802C0 1500002C
	ds_load_b32 v27, v45 offset:520                            // 000000002AE8: D8D80208 1B00002D
	ds_load_b32 v28, v45 offset:584                            // 000000002AF0: D8D80248 1C00002D
	ds_load_b32 v29, v45 offset:648                            // 000000002AF8: D8D80288 1D00002D
	ds_load_b32 v30, v45 offset:712                            // 000000002B00: D8D802C8 1E00002D
	s_wait_dscnt 0x8                                           // 000000002B08: BFC60008
	s_wait_kmcnt 0x8                                           // 000000002B0C: BFC70008
	v_fmac_f32_e32 v0, v22, v31                                // 000000002B10: 56003F16
	s_setprio 1                                                // 000000002B14: BFB50001
	v_fmac_f32_e32 v1, v23, v31                                // 000000002B18: 56023F17
	v_fmac_f32_e32 v2, v24, v31                                // 000000002B1C: 56043F18
	v_fmac_f32_e32 v3, v25, v31                                // 000000002B20: 56063F19
	v_fmac_f32_e32 v4, v22, v32                                // 000000002B24: 56084116
	v_fmac_f32_e32 v5, v23, v32                                // 000000002B28: 560A4117
	v_fmac_f32_e32 v6, v24, v32                                // 000000002B2C: 560C4118
	v_fmac_f32_e32 v7, v25, v32                                // 000000002B30: 560E4119
	v_fmac_f32_e32 v8, v22, v33                                // 000000002B34: 56104316
	v_fmac_f32_e32 v9, v23, v33                                // 000000002B38: 56124317
	v_fmac_f32_e32 v10, v24, v33                               // 000000002B3C: 56144318
	v_fmac_f32_e32 v11, v25, v33                               // 000000002B40: 56164319
	v_fmac_f32_e32 v12, v22, v34                               // 000000002B44: 56184516
	v_fmac_f32_e32 v13, v23, v34                               // 000000002B48: 561A4517
	v_fmac_f32_e32 v14, v24, v34                               // 000000002B4C: 561C4518
	v_fmac_f32_e32 v15, v25, v34                               // 000000002B50: 561E4519
	s_setprio 0                                                // 000000002B54: BFB50000
	ds_load_b32 v22, v44 offset:768                            // 000000002B58: D8D80300 1600002C
	ds_load_b32 v23, v44 offset:832                            // 000000002B60: D8D80340 1700002C
	ds_load_b32 v24, v44 offset:896                            // 000000002B68: D8D80380 1800002C
	ds_load_b32 v25, v44 offset:960                            // 000000002B70: D8D803C0 1900002C
	ds_load_b32 v31, v45 offset:780                            // 000000002B78: D8D8030C 1F00002D
	ds_load_b32 v32, v45 offset:844                            // 000000002B80: D8D8034C 2000002D
	ds_load_b32 v33, v45 offset:908                            // 000000002B88: D8D8038C 2100002D
	ds_load_b32 v34, v45 offset:972                            // 000000002B90: D8D803CC 2200002D
	s_wait_dscnt 0x8                                           // 000000002B98: BFC60008
	s_wait_kmcnt 0x8                                           // 000000002B9C: BFC70008
	v_fmac_f32_e32 v0, v18, v27                                // 000000002BA0: 56003712
	s_setprio 1                                                // 000000002BA4: BFB50001
	v_fmac_f32_e32 v1, v19, v27                                // 000000002BA8: 56023713
	v_fmac_f32_e32 v2, v20, v27                                // 000000002BAC: 56043714
	v_fmac_f32_e32 v3, v21, v27                                // 000000002BB0: 56063715
	v_fmac_f32_e32 v4, v18, v28                                // 000000002BB4: 56083912
	v_fmac_f32_e32 v5, v19, v28                                // 000000002BB8: 560A3913
	v_fmac_f32_e32 v6, v20, v28                                // 000000002BBC: 560C3914
	v_fmac_f32_e32 v7, v21, v28                                // 000000002BC0: 560E3915
	v_fmac_f32_e32 v8, v18, v29                                // 000000002BC4: 56103B12
	v_fmac_f32_e32 v9, v19, v29                                // 000000002BC8: 56123B13
	v_fmac_f32_e32 v10, v20, v29                               // 000000002BCC: 56143B14
	v_fmac_f32_e32 v11, v21, v29                               // 000000002BD0: 56163B15
	v_fmac_f32_e32 v12, v18, v30                               // 000000002BD4: 56183D12
	v_fmac_f32_e32 v13, v19, v30                               // 000000002BD8: 561A3D13
	v_fmac_f32_e32 v14, v20, v30                               // 000000002BDC: 561C3D14
	v_fmac_f32_e32 v15, v21, v30                               // 000000002BE0: 561E3D15
	s_setprio 0                                                // 000000002BE4: BFB50000
	ds_load_b32 v18, v44 offset:1024                           // 000000002BE8: D8D80400 1200002C
	ds_load_b32 v19, v44 offset:1088                           // 000000002BF0: D8D80440 1300002C
	ds_load_b32 v20, v44 offset:1152                           // 000000002BF8: D8D80480 1400002C
	ds_load_b32 v21, v44 offset:1216                           // 000000002C00: D8D804C0 1500002C
	ds_load_b32 v27, v45 offset:1040                           // 000000002C08: D8D80410 1B00002D
	ds_load_b32 v28, v45 offset:1104                           // 000000002C10: D8D80450 1C00002D
	ds_load_b32 v29, v45 offset:1168                           // 000000002C18: D8D80490 1D00002D
	ds_load_b32 v30, v45 offset:1232                           // 000000002C20: D8D804D0 1E00002D
	s_wait_dscnt 0x8                                           // 000000002C28: BFC60008
	s_wait_kmcnt 0x8                                           // 000000002C2C: BFC70008
	v_fmac_f32_e32 v0, v22, v31                                // 000000002C30: 56003F16
	s_setprio 1                                                // 000000002C34: BFB50001
	v_fmac_f32_e32 v1, v23, v31                                // 000000002C38: 56023F17
	v_fmac_f32_e32 v2, v24, v31                                // 000000002C3C: 56043F18
	v_fmac_f32_e32 v3, v25, v31                                // 000000002C40: 56063F19
	v_fmac_f32_e32 v4, v22, v32                                // 000000002C44: 56084116
	v_fmac_f32_e32 v5, v23, v32                                // 000000002C48: 560A4117
	v_fmac_f32_e32 v6, v24, v32                                // 000000002C4C: 560C4118
	v_fmac_f32_e32 v7, v25, v32                                // 000000002C50: 560E4119
	v_fmac_f32_e32 v8, v22, v33                                // 000000002C54: 56104316
	v_fmac_f32_e32 v9, v23, v33                                // 000000002C58: 56124317
	v_fmac_f32_e32 v10, v24, v33                               // 000000002C5C: 56144318
	v_fmac_f32_e32 v11, v25, v33                               // 000000002C60: 56164319
	v_fmac_f32_e32 v12, v22, v34                               // 000000002C64: 56184516
	v_fmac_f32_e32 v13, v23, v34                               // 000000002C68: 561A4517
	v_fmac_f32_e32 v14, v24, v34                               // 000000002C6C: 561C4518
	v_fmac_f32_e32 v15, v25, v34                               // 000000002C70: 561E4519
	s_setprio 0                                                // 000000002C74: BFB50000
	ds_load_b32 v22, v44 offset:1280                           // 000000002C78: D8D80500 1600002C
	ds_load_b32 v23, v44 offset:1344                           // 000000002C80: D8D80540 1700002C
	ds_load_b32 v24, v44 offset:1408                           // 000000002C88: D8D80580 1800002C
	ds_load_b32 v25, v44 offset:1472                           // 000000002C90: D8D805C0 1900002C
	ds_load_b32 v31, v45 offset:1300                           // 000000002C98: D8D80514 1F00002D
	ds_load_b32 v32, v45 offset:1364                           // 000000002CA0: D8D80554 2000002D
	ds_load_b32 v33, v45 offset:1428                           // 000000002CA8: D8D80594 2100002D
	ds_load_b32 v34, v45 offset:1492                           // 000000002CB0: D8D805D4 2200002D
	s_wait_dscnt 0x8                                           // 000000002CB8: BFC60008
	s_wait_kmcnt 0x8                                           // 000000002CBC: BFC70008
	v_fmac_f32_e32 v0, v18, v27                                // 000000002CC0: 56003712
	s_setprio 1                                                // 000000002CC4: BFB50001
	v_fmac_f32_e32 v1, v19, v27                                // 000000002CC8: 56023713
	v_fmac_f32_e32 v2, v20, v27                                // 000000002CCC: 56043714
	v_fmac_f32_e32 v3, v21, v27                                // 000000002CD0: 56063715
	v_fmac_f32_e32 v4, v18, v28                                // 000000002CD4: 56083912
	v_fmac_f32_e32 v5, v19, v28                                // 000000002CD8: 560A3913
	v_fmac_f32_e32 v6, v20, v28                                // 000000002CDC: 560C3914
	v_fmac_f32_e32 v7, v21, v28                                // 000000002CE0: 560E3915
	v_fmac_f32_e32 v8, v18, v29                                // 000000002CE4: 56103B12
	v_fmac_f32_e32 v9, v19, v29                                // 000000002CE8: 56123B13
	v_fmac_f32_e32 v10, v20, v29                               // 000000002CEC: 56143B14
	v_fmac_f32_e32 v11, v21, v29                               // 000000002CF0: 56163B15
	v_fmac_f32_e32 v12, v18, v30                               // 000000002CF4: 56183D12
	v_fmac_f32_e32 v13, v19, v30                               // 000000002CF8: 561A3D13
	v_fmac_f32_e32 v14, v20, v30                               // 000000002CFC: 561C3D14
	v_fmac_f32_e32 v15, v21, v30                               // 000000002D00: 561E3D15
	s_setprio 0                                                // 000000002D04: BFB50000
	ds_load_b32 v18, v44 offset:1536                           // 000000002D08: D8D80600 1200002C
	ds_load_b32 v19, v44 offset:1600                           // 000000002D10: D8D80640 1300002C
	ds_load_b32 v20, v44 offset:1664                           // 000000002D18: D8D80680 1400002C
	ds_load_b32 v21, v44 offset:1728                           // 000000002D20: D8D806C0 1500002C
	ds_load_b32 v27, v45 offset:1560                           // 000000002D28: D8D80618 1B00002D
	ds_load_b32 v28, v45 offset:1624                           // 000000002D30: D8D80658 1C00002D
	ds_load_b32 v29, v45 offset:1688                           // 000000002D38: D8D80698 1D00002D
	ds_load_b32 v30, v45 offset:1752                           // 000000002D40: D8D806D8 1E00002D
	s_wait_dscnt 0x8                                           // 000000002D48: BFC60008
	s_wait_kmcnt 0x8                                           // 000000002D4C: BFC70008
	v_fmac_f32_e32 v0, v22, v31                                // 000000002D50: 56003F16
	s_setprio 1                                                // 000000002D54: BFB50001
	v_fmac_f32_e32 v1, v23, v31                                // 000000002D58: 56023F17
	v_fmac_f32_e32 v2, v24, v31                                // 000000002D5C: 56043F18
	v_fmac_f32_e32 v3, v25, v31                                // 000000002D60: 56063F19
	v_fmac_f32_e32 v4, v22, v32                                // 000000002D64: 56084116
	v_fmac_f32_e32 v5, v23, v32                                // 000000002D68: 560A4117
	v_fmac_f32_e32 v6, v24, v32                                // 000000002D6C: 560C4118
	v_fmac_f32_e32 v7, v25, v32                                // 000000002D70: 560E4119
	v_fmac_f32_e32 v8, v22, v33                                // 000000002D74: 56104316
	v_fmac_f32_e32 v9, v23, v33                                // 000000002D78: 56124317
	v_fmac_f32_e32 v10, v24, v33                               // 000000002D7C: 56144318
	v_fmac_f32_e32 v11, v25, v33                               // 000000002D80: 56164319
	v_fmac_f32_e32 v12, v22, v34                               // 000000002D84: 56184516
	v_fmac_f32_e32 v13, v23, v34                               // 000000002D88: 561A4517
	v_fmac_f32_e32 v14, v24, v34                               // 000000002D8C: 561C4518
	v_fmac_f32_e32 v15, v25, v34                               // 000000002D90: 561E4519
	s_setprio 0                                                // 000000002D94: BFB50000
	ds_load_b32 v22, v44 offset:1792                           // 000000002D98: D8D80700 1600002C
	ds_load_b32 v23, v44 offset:1856                           // 000000002DA0: D8D80740 1700002C
	ds_load_b32 v24, v44 offset:1920                           // 000000002DA8: D8D80780 1800002C
	ds_load_b32 v25, v44 offset:1984                           // 000000002DB0: D8D807C0 1900002C
	ds_load_b32 v31, v45 offset:1820                           // 000000002DB8: D8D8071C 1F00002D
	ds_load_b32 v32, v45 offset:1884                           // 000000002DC0: D8D8075C 2000002D
	ds_load_b32 v33, v45 offset:1948                           // 000000002DC8: D8D8079C 2100002D
	ds_load_b32 v34, v45 offset:2012                           // 000000002DD0: D8D807DC 2200002D
	s_wait_dscnt 0x8                                           // 000000002DD8: BFC60008
	s_wait_kmcnt 0x8                                           // 000000002DDC: BFC70008
	v_fmac_f32_e32 v0, v18, v27                                // 000000002DE0: 56003712
	s_setprio 1                                                // 000000002DE4: BFB50001
	v_fmac_f32_e32 v1, v19, v27                                // 000000002DE8: 56023713
	v_fmac_f32_e32 v2, v20, v27                                // 000000002DEC: 56043714
	v_fmac_f32_e32 v3, v21, v27                                // 000000002DF0: 56063715
	v_fmac_f32_e32 v4, v18, v28                                // 000000002DF4: 56083912
	v_fmac_f32_e32 v5, v19, v28                                // 000000002DF8: 560A3913
	v_fmac_f32_e32 v6, v20, v28                                // 000000002DFC: 560C3914
	v_fmac_f32_e32 v7, v21, v28                                // 000000002E00: 560E3915
	v_fmac_f32_e32 v8, v18, v29                                // 000000002E04: 56103B12
	v_fmac_f32_e32 v9, v19, v29                                // 000000002E08: 56123B13
	v_fmac_f32_e32 v10, v20, v29                               // 000000002E0C: 56143B14
	v_fmac_f32_e32 v11, v21, v29                               // 000000002E10: 56163B15
	v_fmac_f32_e32 v12, v18, v30                               // 000000002E14: 56183D12
	v_fmac_f32_e32 v13, v19, v30                               // 000000002E18: 561A3D13
	v_fmac_f32_e32 v14, v20, v30                               // 000000002E1C: 561C3D14
	v_fmac_f32_e32 v15, v21, v30                               // 000000002E20: 561E3D15
	s_setprio 0                                                // 000000002E24: BFB50000
	s_wait_dscnt 0x0                                           // 000000002E28: BFC60000
	s_wait_kmcnt 0x0                                           // 000000002E2C: BFC70000
	v_fmac_f32_e32 v0, v22, v31                                // 000000002E30: 56003F16
	s_setprio 1                                                // 000000002E34: BFB50001
	v_fmac_f32_e32 v1, v23, v31                                // 000000002E38: 56023F17
	v_fmac_f32_e32 v2, v24, v31                                // 000000002E3C: 56043F18
	v_fmac_f32_e32 v3, v25, v31                                // 000000002E40: 56063F19
	v_fmac_f32_e32 v4, v22, v32                                // 000000002E44: 56084116
	v_fmac_f32_e32 v5, v23, v32                                // 000000002E48: 560A4117
	v_fmac_f32_e32 v6, v24, v32                                // 000000002E4C: 560C4118
	v_fmac_f32_e32 v7, v25, v32                                // 000000002E50: 560E4119
	v_fmac_f32_e32 v8, v22, v33                                // 000000002E54: 56104316
	v_fmac_f32_e32 v9, v23, v33                                // 000000002E58: 56124317
	v_fmac_f32_e32 v10, v24, v33                               // 000000002E5C: 56144318
	v_fmac_f32_e32 v11, v25, v33                               // 000000002E60: 56164319
	v_fmac_f32_e32 v12, v22, v34                               // 000000002E64: 56184516
	v_fmac_f32_e32 v13, v23, v34                               // 000000002E68: 561A4517
	v_fmac_f32_e32 v14, v24, v34                               // 000000002E6C: 561C4518
	v_fmac_f32_e32 v15, v25, v34                               // 000000002E70: 561E4519
	s_setprio 0                                                // 000000002E74: BFB50000

0000000000002e78 <Summation_End_OptNLL_16>:
	v_lshrrev_b32_e32 v19, 4, v46                              // 000000002E78: 32265C84
	v_and_b32_e32 v18, 15, v46                                 // 000000002E7C: 36245C8F
	v_mul_lo_u32 v20, v19, s40                                 // 000000002E80: D72C0014 00005113
	v_mul_lo_u32 v21, v19, s38                                 // 000000002E88: D72C0015 00004D13
	s_mul_i32 s54, 64, s2                                      // 000000002E90: 963602C0
	v_add_co_u32 v18, vcc_lo, s54, v18                         // 000000002E94: D7006A12 00022436
	s_mul_i32 s56, 64, s3                                      // 000000002E9C: 963803C0
	v_add_co_u32 v19, vcc_lo, s56, v19                         // 000000002EA0: D7006A13 00022638

0000000000002ea8 <GW_B0_E0_19>:
	v_add_lshl_u32 v24, v21, v18, 2                            // 000000002EA8: D6470018 020A2515
	buffer_store_b32 v0, v24, s[16:19], null offen             // 000000002EB0: C406807C 40802000 00000018
	buffer_store_b32 v1, v24, s[16:19], null offen offset:64   // 000000002EBC: C406807C 40802001 00004018
	buffer_store_b32 v2, v24, s[16:19], null offen offset:128  // 000000002EC8: C406807C 40802002 00008018
	buffer_store_b32 v3, v24, s[16:19], null offen offset:192  // 000000002ED4: C406807C 40802003 0000C018
	s_mul_i32 s54, s38, 64                                     // 000000002EE0: 9636C026
	s_add_co_u32 s16, s16, s54                                 // 000000002EE4: 80103610
	s_add_co_ci_u32 s17, s17, 0                                // 000000002EE8: 82118011
	buffer_store_b32 v4, v24, s[16:19], null offen             // 000000002EEC: C406807C 40802004 00000018
	buffer_store_b32 v5, v24, s[16:19], null offen offset:64   // 000000002EF8: C406807C 40802005 00004018
	buffer_store_b32 v6, v24, s[16:19], null offen offset:128  // 000000002F04: C406807C 40802006 00008018
	buffer_store_b32 v7, v24, s[16:19], null offen offset:192  // 000000002F10: C406807C 40802007 0000C018
	s_mul_i32 s54, s38, 64                                     // 000000002F1C: 9636C026
	s_add_co_u32 s16, s16, s54                                 // 000000002F20: 80103610
	s_add_co_ci_u32 s17, s17, 0                                // 000000002F24: 82118011
	buffer_store_b32 v8, v24, s[16:19], null offen             // 000000002F28: C406807C 40802008 00000018
	buffer_store_b32 v9, v24, s[16:19], null offen offset:64   // 000000002F34: C406807C 40802009 00004018
	buffer_store_b32 v10, v24, s[16:19], null offen offset:128 // 000000002F40: C406807C 4080200A 00008018
	buffer_store_b32 v11, v24, s[16:19], null offen offset:192 // 000000002F4C: C406807C 4080200B 0000C018
	s_mul_i32 s54, s38, 64                                     // 000000002F58: 9636C026
	s_add_co_u32 s16, s16, s54                                 // 000000002F5C: 80103610
	s_add_co_ci_u32 s17, s17, 0                                // 000000002F60: 82118011
	buffer_store_b32 v12, v24, s[16:19], null offen            // 000000002F64: C406807C 4080200C 00000018
	buffer_store_b32 v13, v24, s[16:19], null offen offset:64  // 000000002F70: C406807C 4080200D 00004018
	buffer_store_b32 v14, v24, s[16:19], null offen offset:128 // 000000002F7C: C406807C 4080200E 00008018
	buffer_store_b32 v15, v24, s[16:19], null offen offset:192 // 000000002F88: C406807C 4080200F 0000C018
	s_branch label_GW_End_21                                   // 000000002F94: BFA00000

0000000000002f98 <label_GW_End_21>:
	s_endpgm                                                   // 000000002F98: BFB00000

0000000000002f9c <OptNLL_End_15>:
	ds_load_b32 v22, v44 offset:256                            // 000000002F9C: D8D80100 1600002C
	ds_load_b32 v23, v44 offset:320                            // 000000002FA4: D8D80140 1700002C
	ds_load_b32 v24, v44 offset:384                            // 000000002FAC: D8D80180 1800002C
	ds_load_b32 v25, v44 offset:448                            // 000000002FB4: D8D801C0 1900002C
	ds_load_b32 v31, v45 offset:260                            // 000000002FBC: D8D80104 1F00002D
	ds_load_b32 v32, v45 offset:324                            // 000000002FC4: D8D80144 2000002D
	ds_load_b32 v33, v45 offset:388                            // 000000002FCC: D8D80184 2100002D
	ds_load_b32 v34, v45 offset:452                            // 000000002FD4: D8D801C4 2200002D
	s_wait_dscnt 0x8                                           // 000000002FDC: BFC60008
	s_wait_kmcnt 0x8                                           // 000000002FE0: BFC70008
	v_fmac_f32_e32 v0, v18, v27                                // 000000002FE4: 56003712
	s_setprio 1                                                // 000000002FE8: BFB50001
	v_fmac_f32_e32 v1, v19, v27                                // 000000002FEC: 56023713
	v_fmac_f32_e32 v2, v20, v27                                // 000000002FF0: 56043714
	v_fmac_f32_e32 v3, v21, v27                                // 000000002FF4: 56063715
	v_fmac_f32_e32 v4, v18, v28                                // 000000002FF8: 56083912
	v_fmac_f32_e32 v5, v19, v28                                // 000000002FFC: 560A3913
	v_fmac_f32_e32 v6, v20, v28                                // 000000003000: 560C3914
	v_fmac_f32_e32 v7, v21, v28                                // 000000003004: 560E3915
	v_fmac_f32_e32 v8, v18, v29                                // 000000003008: 56103B12
	v_fmac_f32_e32 v9, v19, v29                                // 00000000300C: 56123B13
	v_fmac_f32_e32 v10, v20, v29                               // 000000003010: 56143B14
	v_fmac_f32_e32 v11, v21, v29                               // 000000003014: 56163B15
	v_fmac_f32_e32 v12, v18, v30                               // 000000003018: 56183D12
	v_fmac_f32_e32 v13, v19, v30                               // 00000000301C: 561A3D13
	v_fmac_f32_e32 v14, v20, v30                               // 000000003020: 561C3D14
	v_fmac_f32_e32 v15, v21, v30                               // 000000003024: 561E3D15
	s_setprio 0                                                // 000000003028: BFB50000
	ds_load_b32 v18, v44 offset:512                            // 00000000302C: D8D80200 1200002C
	ds_load_b32 v19, v44 offset:576                            // 000000003034: D8D80240 1300002C
	ds_load_b32 v20, v44 offset:640                            // 00000000303C: D8D80280 1400002C
	ds_load_b32 v21, v44 offset:704                            // 000000003044: D8D802C0 1500002C
	ds_load_b32 v27, v45 offset:520                            // 00000000304C: D8D80208 1B00002D
	ds_load_b32 v28, v45 offset:584                            // 000000003054: D8D80248 1C00002D
	ds_load_b32 v29, v45 offset:648                            // 00000000305C: D8D80288 1D00002D
	ds_load_b32 v30, v45 offset:712                            // 000000003064: D8D802C8 1E00002D
	s_wait_dscnt 0x8                                           // 00000000306C: BFC60008
	s_wait_kmcnt 0x8                                           // 000000003070: BFC70008
	v_fmac_f32_e32 v0, v22, v31                                // 000000003074: 56003F16
	s_setprio 1                                                // 000000003078: BFB50001
	v_fmac_f32_e32 v1, v23, v31                                // 00000000307C: 56023F17
	v_fmac_f32_e32 v2, v24, v31                                // 000000003080: 56043F18
	v_fmac_f32_e32 v3, v25, v31                                // 000000003084: 56063F19
	v_fmac_f32_e32 v4, v22, v32                                // 000000003088: 56084116
	v_fmac_f32_e32 v5, v23, v32                                // 00000000308C: 560A4117
	v_fmac_f32_e32 v6, v24, v32                                // 000000003090: 560C4118
	v_fmac_f32_e32 v7, v25, v32                                // 000000003094: 560E4119
	v_fmac_f32_e32 v8, v22, v33                                // 000000003098: 56104316
	v_fmac_f32_e32 v9, v23, v33                                // 00000000309C: 56124317
	v_fmac_f32_e32 v10, v24, v33                               // 0000000030A0: 56144318
	v_fmac_f32_e32 v11, v25, v33                               // 0000000030A4: 56164319
	v_fmac_f32_e32 v12, v22, v34                               // 0000000030A8: 56184516
	v_fmac_f32_e32 v13, v23, v34                               // 0000000030AC: 561A4517
	v_fmac_f32_e32 v14, v24, v34                               // 0000000030B0: 561C4518
	v_fmac_f32_e32 v15, v25, v34                               // 0000000030B4: 561E4519
	s_setprio 0                                                // 0000000030B8: BFB50000
	ds_load_b32 v22, v44 offset:768                            // 0000000030BC: D8D80300 1600002C
	ds_load_b32 v23, v44 offset:832                            // 0000000030C4: D8D80340 1700002C
	ds_load_b32 v24, v44 offset:896                            // 0000000030CC: D8D80380 1800002C
	ds_load_b32 v25, v44 offset:960                            // 0000000030D4: D8D803C0 1900002C
	ds_load_b32 v31, v45 offset:780                            // 0000000030DC: D8D8030C 1F00002D
	ds_load_b32 v32, v45 offset:844                            // 0000000030E4: D8D8034C 2000002D
	ds_load_b32 v33, v45 offset:908                            // 0000000030EC: D8D8038C 2100002D
	ds_load_b32 v34, v45 offset:972                            // 0000000030F4: D8D803CC 2200002D
	s_wait_dscnt 0x8                                           // 0000000030FC: BFC60008
	s_wait_kmcnt 0x8                                           // 000000003100: BFC70008
	v_fmac_f32_e32 v0, v18, v27                                // 000000003104: 56003712
	s_setprio 1                                                // 000000003108: BFB50001
	v_fmac_f32_e32 v1, v19, v27                                // 00000000310C: 56023713
	v_fmac_f32_e32 v2, v20, v27                                // 000000003110: 56043714
	v_fmac_f32_e32 v3, v21, v27                                // 000000003114: 56063715
	v_fmac_f32_e32 v4, v18, v28                                // 000000003118: 56083912
	v_fmac_f32_e32 v5, v19, v28                                // 00000000311C: 560A3913
	v_fmac_f32_e32 v6, v20, v28                                // 000000003120: 560C3914
	v_fmac_f32_e32 v7, v21, v28                                // 000000003124: 560E3915
	v_fmac_f32_e32 v8, v18, v29                                // 000000003128: 56103B12
	v_fmac_f32_e32 v9, v19, v29                                // 00000000312C: 56123B13
	v_fmac_f32_e32 v10, v20, v29                               // 000000003130: 56143B14
	v_fmac_f32_e32 v11, v21, v29                               // 000000003134: 56163B15
	v_fmac_f32_e32 v12, v18, v30                               // 000000003138: 56183D12
	v_fmac_f32_e32 v13, v19, v30                               // 00000000313C: 561A3D13
	v_fmac_f32_e32 v14, v20, v30                               // 000000003140: 561C3D14
	v_fmac_f32_e32 v15, v21, v30                               // 000000003144: 561E3D15
	s_setprio 0                                                // 000000003148: BFB50000
	ds_load_b32 v18, v44 offset:1024                           // 00000000314C: D8D80400 1200002C
	ds_load_b32 v19, v44 offset:1088                           // 000000003154: D8D80440 1300002C
	ds_load_b32 v20, v44 offset:1152                           // 00000000315C: D8D80480 1400002C
	ds_load_b32 v21, v44 offset:1216                           // 000000003164: D8D804C0 1500002C
	ds_load_b32 v27, v45 offset:1040                           // 00000000316C: D8D80410 1B00002D
	ds_load_b32 v28, v45 offset:1104                           // 000000003174: D8D80450 1C00002D
	ds_load_b32 v29, v45 offset:1168                           // 00000000317C: D8D80490 1D00002D
	ds_load_b32 v30, v45 offset:1232                           // 000000003184: D8D804D0 1E00002D
	s_wait_dscnt 0x8                                           // 00000000318C: BFC60008
	s_wait_kmcnt 0x8                                           // 000000003190: BFC70008
	v_fmac_f32_e32 v0, v22, v31                                // 000000003194: 56003F16
	s_setprio 1                                                // 000000003198: BFB50001
	v_fmac_f32_e32 v1, v23, v31                                // 00000000319C: 56023F17
	v_fmac_f32_e32 v2, v24, v31                                // 0000000031A0: 56043F18
	v_fmac_f32_e32 v3, v25, v31                                // 0000000031A4: 56063F19
	v_fmac_f32_e32 v4, v22, v32                                // 0000000031A8: 56084116
	v_fmac_f32_e32 v5, v23, v32                                // 0000000031AC: 560A4117
	v_fmac_f32_e32 v6, v24, v32                                // 0000000031B0: 560C4118
	v_fmac_f32_e32 v7, v25, v32                                // 0000000031B4: 560E4119
	v_fmac_f32_e32 v8, v22, v33                                // 0000000031B8: 56104316
	v_fmac_f32_e32 v9, v23, v33                                // 0000000031BC: 56124317
	v_fmac_f32_e32 v10, v24, v33                               // 0000000031C0: 56144318
	v_fmac_f32_e32 v11, v25, v33                               // 0000000031C4: 56164319
	v_fmac_f32_e32 v12, v22, v34                               // 0000000031C8: 56184516
	v_fmac_f32_e32 v13, v23, v34                               // 0000000031CC: 561A4517
	v_fmac_f32_e32 v14, v24, v34                               // 0000000031D0: 561C4518
	v_fmac_f32_e32 v15, v25, v34                               // 0000000031D4: 561E4519
	s_setprio 0                                                // 0000000031D8: BFB50000
	ds_load_b32 v22, v44 offset:1280                           // 0000000031DC: D8D80500 1600002C
	ds_load_b32 v23, v44 offset:1344                           // 0000000031E4: D8D80540 1700002C
	ds_load_b32 v24, v44 offset:1408                           // 0000000031EC: D8D80580 1800002C
	ds_load_b32 v25, v44 offset:1472                           // 0000000031F4: D8D805C0 1900002C
	ds_load_b32 v31, v45 offset:1300                           // 0000000031FC: D8D80514 1F00002D
	ds_load_b32 v32, v45 offset:1364                           // 000000003204: D8D80554 2000002D
	ds_load_b32 v33, v45 offset:1428                           // 00000000320C: D8D80594 2100002D
	ds_load_b32 v34, v45 offset:1492                           // 000000003214: D8D805D4 2200002D
	s_wait_dscnt 0x8                                           // 00000000321C: BFC60008
	s_wait_kmcnt 0x8                                           // 000000003220: BFC70008
	v_fmac_f32_e32 v0, v18, v27                                // 000000003224: 56003712
	s_setprio 1                                                // 000000003228: BFB50001
	v_fmac_f32_e32 v1, v19, v27                                // 00000000322C: 56023713
	v_fmac_f32_e32 v2, v20, v27                                // 000000003230: 56043714
	v_fmac_f32_e32 v3, v21, v27                                // 000000003234: 56063715
	v_fmac_f32_e32 v4, v18, v28                                // 000000003238: 56083912
	v_fmac_f32_e32 v5, v19, v28                                // 00000000323C: 560A3913
	v_fmac_f32_e32 v6, v20, v28                                // 000000003240: 560C3914
	v_fmac_f32_e32 v7, v21, v28                                // 000000003244: 560E3915
	v_fmac_f32_e32 v8, v18, v29                                // 000000003248: 56103B12
	v_fmac_f32_e32 v9, v19, v29                                // 00000000324C: 56123B13
	v_fmac_f32_e32 v10, v20, v29                               // 000000003250: 56143B14
	v_fmac_f32_e32 v11, v21, v29                               // 000000003254: 56163B15
	v_fmac_f32_e32 v12, v18, v30                               // 000000003258: 56183D12
	v_fmac_f32_e32 v13, v19, v30                               // 00000000325C: 561A3D13
	v_fmac_f32_e32 v14, v20, v30                               // 000000003260: 561C3D14
	v_fmac_f32_e32 v15, v21, v30                               // 000000003264: 561E3D15
	s_setprio 0                                                // 000000003268: BFB50000
	ds_load_b32 v18, v44 offset:1536                           // 00000000326C: D8D80600 1200002C
	ds_load_b32 v19, v44 offset:1600                           // 000000003274: D8D80640 1300002C
	ds_load_b32 v20, v44 offset:1664                           // 00000000327C: D8D80680 1400002C
	ds_load_b32 v21, v44 offset:1728                           // 000000003284: D8D806C0 1500002C
	ds_load_b32 v27, v45 offset:1560                           // 00000000328C: D8D80618 1B00002D
	ds_load_b32 v28, v45 offset:1624                           // 000000003294: D8D80658 1C00002D
	ds_load_b32 v29, v45 offset:1688                           // 00000000329C: D8D80698 1D00002D
	ds_load_b32 v30, v45 offset:1752                           // 0000000032A4: D8D806D8 1E00002D
	s_wait_dscnt 0x8                                           // 0000000032AC: BFC60008
	s_wait_kmcnt 0x8                                           // 0000000032B0: BFC70008
	v_fmac_f32_e32 v0, v22, v31                                // 0000000032B4: 56003F16
	s_setprio 1                                                // 0000000032B8: BFB50001
	v_fmac_f32_e32 v1, v23, v31                                // 0000000032BC: 56023F17
	v_fmac_f32_e32 v2, v24, v31                                // 0000000032C0: 56043F18
	v_fmac_f32_e32 v3, v25, v31                                // 0000000032C4: 56063F19
	v_fmac_f32_e32 v4, v22, v32                                // 0000000032C8: 56084116
	v_fmac_f32_e32 v5, v23, v32                                // 0000000032CC: 560A4117
	v_fmac_f32_e32 v6, v24, v32                                // 0000000032D0: 560C4118
	v_fmac_f32_e32 v7, v25, v32                                // 0000000032D4: 560E4119
	v_fmac_f32_e32 v8, v22, v33                                // 0000000032D8: 56104316
	v_fmac_f32_e32 v9, v23, v33                                // 0000000032DC: 56124317
	v_fmac_f32_e32 v10, v24, v33                               // 0000000032E0: 56144318
	v_fmac_f32_e32 v11, v25, v33                               // 0000000032E4: 56164319
	v_fmac_f32_e32 v12, v22, v34                               // 0000000032E8: 56184516
	v_fmac_f32_e32 v13, v23, v34                               // 0000000032EC: 561A4517
	v_fmac_f32_e32 v14, v24, v34                               // 0000000032F0: 561C4518
	v_fmac_f32_e32 v15, v25, v34                               // 0000000032F4: 561E4519
	s_setprio 0                                                // 0000000032F8: BFB50000
	ds_load_b32 v22, v44 offset:1792                           // 0000000032FC: D8D80700 1600002C
	ds_load_b32 v23, v44 offset:1856                           // 000000003304: D8D80740 1700002C
	ds_load_b32 v24, v44 offset:1920                           // 00000000330C: D8D80780 1800002C
	ds_load_b32 v25, v44 offset:1984                           // 000000003314: D8D807C0 1900002C
	ds_load_b32 v31, v45 offset:1820                           // 00000000331C: D8D8071C 1F00002D
	ds_load_b32 v32, v45 offset:1884                           // 000000003324: D8D8075C 2000002D
	ds_load_b32 v33, v45 offset:1948                           // 00000000332C: D8D8079C 2100002D
	ds_load_b32 v34, v45 offset:2012                           // 000000003334: D8D807DC 2200002D
	s_wait_dscnt 0x8                                           // 00000000333C: BFC60008
	s_wait_kmcnt 0x8                                           // 000000003340: BFC70008
	v_fmac_f32_e32 v0, v18, v27                                // 000000003344: 56003712
	s_setprio 1                                                // 000000003348: BFB50001
	v_fmac_f32_e32 v1, v19, v27                                // 00000000334C: 56023713
	v_fmac_f32_e32 v2, v20, v27                                // 000000003350: 56043714
	v_fmac_f32_e32 v3, v21, v27                                // 000000003354: 56063715
	v_fmac_f32_e32 v4, v18, v28                                // 000000003358: 56083912
	v_fmac_f32_e32 v5, v19, v28                                // 00000000335C: 560A3913
	v_fmac_f32_e32 v6, v20, v28                                // 000000003360: 560C3914
	v_fmac_f32_e32 v7, v21, v28                                // 000000003364: 560E3915
	v_fmac_f32_e32 v8, v18, v29                                // 000000003368: 56103B12
	v_fmac_f32_e32 v9, v19, v29                                // 00000000336C: 56123B13
	v_fmac_f32_e32 v10, v20, v29                               // 000000003370: 56143B14
	v_fmac_f32_e32 v11, v21, v29                               // 000000003374: 56163B15
	v_fmac_f32_e32 v12, v18, v30                               // 000000003378: 56183D12
	v_fmac_f32_e32 v13, v19, v30                               // 00000000337C: 561A3D13
	v_fmac_f32_e32 v14, v20, v30                               // 000000003380: 561C3D14
	v_fmac_f32_e32 v15, v21, v30                               // 000000003384: 561E3D15
	s_setprio 0                                                // 000000003388: BFB50000
	s_wait_dscnt 0x0                                           // 00000000338C: BFC60000
	s_wait_kmcnt 0x0                                           // 000000003390: BFC70000
	v_fmac_f32_e32 v0, v22, v31                                // 000000003394: 56003F16
	s_setprio 1                                                // 000000003398: BFB50001
	v_fmac_f32_e32 v1, v23, v31                                // 00000000339C: 56023F17
	v_fmac_f32_e32 v2, v24, v31                                // 0000000033A0: 56043F18
	v_fmac_f32_e32 v3, v25, v31                                // 0000000033A4: 56063F19
	v_fmac_f32_e32 v4, v22, v32                                // 0000000033A8: 56084116
	v_fmac_f32_e32 v5, v23, v32                                // 0000000033AC: 560A4117
	v_fmac_f32_e32 v6, v24, v32                                // 0000000033B0: 560C4118
	v_fmac_f32_e32 v7, v25, v32                                // 0000000033B4: 560E4119
	v_fmac_f32_e32 v8, v22, v33                                // 0000000033B8: 56104316
	v_fmac_f32_e32 v9, v23, v33                                // 0000000033BC: 56124317
	v_fmac_f32_e32 v10, v24, v33                               // 0000000033C0: 56144318
	v_fmac_f32_e32 v11, v25, v33                               // 0000000033C4: 56164319
	v_fmac_f32_e32 v12, v22, v34                               // 0000000033C8: 56184516
	v_fmac_f32_e32 v13, v23, v34                               // 0000000033CC: 561A4517
	v_fmac_f32_e32 v14, v24, v34                               // 0000000033D0: 561C4518
	v_fmac_f32_e32 v15, v25, v34                               // 0000000033D4: 561E4519
	s_setprio 0                                                // 0000000033D8: BFB50000

00000000000033dc <PrefetchGlobalLastIterEnd_5>:
	v_and_b32_e32 v35, 0xf01fff, v35                           // 0000000033DC: 364646FF 00F01FFF
	v_and_b32_e32 v36, 0xf01fff, v36                           // 0000000033E4: 364848FF 00F01FFF
	s_and_b32 s5, 7, s49                                       // 0000000033EC: 8B053187
	s_cmp_eq_u32 s5, 0                                         // 0000000033F0: BF068005
	s_cbranch_scc1 SkipTailLoopL_8                             // 0000000033F4: BFA2006F
	s_mov_b32 s6, 0                                            // 0000000033F8: BE860080
	s_mov_b32 s62, 3                                           // 0000000033FC: BEBE0083
	s_mul_hi_u32 s61, s62, s34                                 // 000000003400: 96BD223E
	s_mul_i32 s60, s62, s34                                    // 000000003404: 963C223E
	s_mul_hi_u32 s63, s7, s34                                  // 000000003408: 96BF2207
	s_mul_i32 s62, s7, s34                                     // 00000000340C: 963E2207
	s_sub_co_u32 s60, s60, s62                                 // 000000003410: 80BC3E3C
	s_sub_co_ci_u32 s61, s61, s63                              // 000000003414: 82BD3F3D
	s_sub_co_u32 s60, s60, s30                                 // 000000003418: 80BC1E3C
	s_sub_co_ci_u32 s61, s61, s31                              // 00000000341C: 82BD1F3D
	s_add_co_u32 s8, s8, s60                                   // 000000003420: 80083C08
	s_add_co_ci_u32 s9, s9, s61                                // 000000003424: 82093D09
	s_sub_co_u32 s0, s0, s60                                   // 000000003428: 80803C00
	s_sub_co_ci_u32 s1, s1, s61                                // 00000000342C: 82813D01
	s_cmp_eq_u32 s1, 0                                         // 000000003430: BF068001
	s_cselect_b32 s10, s0, -1                                  // 000000003434: 980AC100
	s_mov_b32 s62, 3                                           // 000000003438: BEBE0083
	s_mul_hi_u32 s61, s62, s35                                 // 00000000343C: 96BD233E
	s_mul_i32 s60, s62, s35                                    // 000000003440: 963C233E
	s_mul_hi_u32 s63, s7, s35                                  // 000000003444: 96BF2307
	s_mul_i32 s62, s7, s35                                     // 000000003448: 963E2307
	s_sub_co_u32 s60, s60, s62                                 // 00000000344C: 80BC3E3C
	s_sub_co_ci_u32 s61, s61, s63                              // 000000003450: 82BD3F3D
	s_sub_co_u32 s60, s60, s32                                 // 000000003454: 80BC203C
	s_sub_co_ci_u32 s61, s61, s33                              // 000000003458: 82BD213D
	s_add_co_u32 s12, s12, s60                                 // 00000000345C: 800C3C0C
	s_add_co_ci_u32 s13, s13, s61                              // 000000003460: 820D3D0D
	s_sub_co_u32 s28, s28, s60                                 // 000000003464: 809C3C1C
	s_sub_co_ci_u32 s29, s29, s61                              // 000000003468: 829D3D1D
	s_cmp_eq_u32 s29, 0                                        // 00000000346C: BF06801D
	s_cselect_b32 s14, s28, -1                                 // 000000003470: 980EC11C
	buffer_load_b32 v40, v37, s[8:11], null offen              // 000000003474: C405007C 40801028 00000025
	buffer_load_b32 v41, v37, s[8:11], s58 offen               // 000000003480: C405003A 40801029 00000025
	buffer_load_b32 v42, v38, s[12:15], null offen             // 00000000348C: C405007C 4080182A 00000026
	buffer_load_b32 v43, v38, s[12:15], s59 offen              // 000000003498: C405003B 4080182B 00000026
	s_wait_loadcnt 0x0                                         // 0000000034A4: BFC00000
	s_wait_storecnt 0x0                                        // 0000000034A8: BFC10000
	s_barrier_signal -1                                        // 0000000034AC: BE804EC1
	s_barrier_wait 0xffff                                      // 0000000034B0: BF94FFFF
	ds_store_b32 v35, v40                                      // 0000000034B4: D8340000 00002823
	ds_store_b32 v35, v41 offset:1024                          // 0000000034BC: D8340400 00002923
	ds_store_b32 v36, v42                                      // 0000000034C4: D8340000 00002A24
	ds_store_b32 v36, v43 offset:128                           // 0000000034CC: D8340080 00002B24
	s_wait_dscnt 0x0                                           // 0000000034D4: BFC60000
	s_wait_kmcnt 0x0                                           // 0000000034D8: BFC70000
	s_barrier_signal -1                                        // 0000000034DC: BE804EC1
	s_barrier_wait 0xffff                                      // 0000000034E0: BF94FFFF
	v_and_b32_e32 v44, 0x1fff, v44                             // 0000000034E4: 365858FF 00001FFF
	v_and_b32_e32 v45, 0x1fff, v45                             // 0000000034EC: 365A5AFF 00001FFF

00000000000034f4 <TailLoopBeginL_6>:
	ds_load_b32 v18, v44                                       // 0000000034F4: D8D80000 1200002C
	ds_load_b32 v19, v44 offset:64                             // 0000000034FC: D8D80040 1300002C
	ds_load_b32 v20, v44 offset:128                            // 000000003504: D8D80080 1400002C
	ds_load_b32 v21, v44 offset:192                            // 00000000350C: D8D800C0 1500002C
	ds_load_b32 v27, v45                                       // 000000003514: D8D80000 1B00002D
	ds_load_b32 v28, v45 offset:64                             // 00000000351C: D8D80040 1C00002D
	ds_load_b32 v29, v45 offset:128                            // 000000003524: D8D80080 1D00002D
	ds_load_b32 v30, v45 offset:192                            // 00000000352C: D8D800C0 1E00002D
	s_mov_b32 s56, 0x100                                       // 000000003534: BEB800FF 00000100
	v_add_co_u32 v44, vcc_lo, s56, v44                         // 00000000353C: D7006A2C 00025838
	s_mov_b32 s56, 0x104                                       // 000000003544: BEB800FF 00000104
	v_add_co_u32 v45, vcc_lo, s56, v45                         // 00000000354C: D7006A2D 00025A38
	s_wait_dscnt 0x0                                           // 000000003554: BFC60000
	s_wait_kmcnt 0x0                                           // 000000003558: BFC70000
	v_fmac_f32_e32 v0, v18, v27                                // 00000000355C: 56003712
	s_setprio 1                                                // 000000003560: BFB50001
	v_fmac_f32_e32 v1, v19, v27                                // 000000003564: 56023713
	v_fmac_f32_e32 v2, v20, v27                                // 000000003568: 56043714
	v_fmac_f32_e32 v3, v21, v27                                // 00000000356C: 56063715
	v_fmac_f32_e32 v4, v18, v28                                // 000000003570: 56083912
	v_fmac_f32_e32 v5, v19, v28                                // 000000003574: 560A3913
	v_fmac_f32_e32 v6, v20, v28                                // 000000003578: 560C3914
	v_fmac_f32_e32 v7, v21, v28                                // 00000000357C: 560E3915
	v_fmac_f32_e32 v8, v18, v29                                // 000000003580: 56103B12
	v_fmac_f32_e32 v9, v19, v29                                // 000000003584: 56123B13
	v_fmac_f32_e32 v10, v20, v29                               // 000000003588: 56143B14
	v_fmac_f32_e32 v11, v21, v29                               // 00000000358C: 56163B15
	v_fmac_f32_e32 v12, v18, v30                               // 000000003590: 56183D12
	v_fmac_f32_e32 v13, v19, v30                               // 000000003594: 561A3D13
	v_fmac_f32_e32 v14, v20, v30                               // 000000003598: 561C3D14
	v_fmac_f32_e32 v15, v21, v30                               // 00000000359C: 561E3D15
	s_setprio 0                                                // 0000000035A0: BFB50000
	s_sub_co_i32 s5, s5, 1                                     // 0000000035A4: 81858105
	s_add_co_u32 s6, s6, 1                                     // 0000000035A8: 80068106
	s_cmp_le_i32 s5, 0                                         // 0000000035AC: BF058005
	s_cbranch_scc0 TailLoopBeginL_6                            // 0000000035B0: BFA1FFD0

00000000000035b4 <TailLoopEndL_7>:
	v_lshrrev_b32_e32 v19, 4, v46                              // 0000000035B4: 32265C84
	v_and_b32_e32 v18, 15, v46                                 // 0000000035B8: 36245C8F
	v_mul_lo_u32 v20, v19, s40                                 // 0000000035BC: D72C0014 00005113
	v_mul_lo_u32 v21, v19, s38                                 // 0000000035C4: D72C0015 00004D13
	s_mul_i32 s54, 64, s2                                      // 0000000035CC: 963602C0
	v_add_co_u32 v18, vcc_lo, s54, v18                         // 0000000035D0: D7006A12 00022436
	s_mul_i32 s56, 64, s3                                      // 0000000035D8: 963803C0
	v_add_co_u32 v19, vcc_lo, s56, v19                         // 0000000035DC: D7006A13 00022638
	s_cmp_eq_u32 s37, 0                                        // 0000000035E4: BF068025
	s_cbranch_scc0 GW_Beta_43                                  // 0000000035E8: BFA10159
	s_and_b32 s54, 63, s46                                     // 0000000035EC: 8B362EBF
	s_add_co_u32 s55, -1, s51                                  // 0000000035F0: 803733C1
	s_cmp_ge_u32 s2, s55                                       // 0000000035F4: BF093702
	s_cselect_b32 s54, s54, 0                                  // 0000000035F8: 98368036
	s_cmp_gt_u32 s54, 0                                        // 0000000035FC: BF088036
	s_cbranch_scc1 GW_B0_E1_34                                 // 000000003600: BFA20052
	s_and_b32 s54, 63, s47                                     // 000000003604: 8B362FBF
	s_add_co_u32 s55, -1, s52                                  // 000000003608: 803734C1
	s_cmp_ge_u32 s3, s55                                       // 00000000360C: BF093703
	s_cselect_b32 s54, s54, 0                                  // 000000003610: 98368036
	s_cmp_gt_u32 s54, 0                                        // 000000003614: BF088036
	s_cbranch_scc1 GW_B0_E1_34                                 // 000000003618: BFA2004C

000000000000361c <GW_B0_E0_31>:
	v_add_lshl_u32 v24, v21, v18, 2                            // 00000000361C: D6470018 020A2515
	v_mul_f32_e32 v0, s36, v0                                  // 000000003624: 10000024
	v_mul_f32_e32 v1, s36, v1                                  // 000000003628: 10020224
	v_mul_f32_e32 v2, s36, v2                                  // 00000000362C: 10040424
	v_mul_f32_e32 v3, s36, v3                                  // 000000003630: 10060624
	v_mul_f32_e32 v4, s36, v4                                  // 000000003634: 10080824
	v_mul_f32_e32 v5, s36, v5                                  // 000000003638: 100A0A24
	v_mul_f32_e32 v6, s36, v6                                  // 00000000363C: 100C0C24
	v_mul_f32_e32 v7, s36, v7                                  // 000000003640: 100E0E24
	v_mul_f32_e32 v8, s36, v8                                  // 000000003644: 10101024
	v_mul_f32_e32 v9, s36, v9                                  // 000000003648: 10121224
	v_mul_f32_e32 v10, s36, v10                                // 00000000364C: 10141424
	v_mul_f32_e32 v11, s36, v11                                // 000000003650: 10161624
	v_mul_f32_e32 v12, s36, v12                                // 000000003654: 10181824
	v_mul_f32_e32 v13, s36, v13                                // 000000003658: 101A1A24
	v_mul_f32_e32 v14, s36, v14                                // 00000000365C: 101C1C24
	v_mul_f32_e32 v15, s36, v15                                // 000000003660: 101E1E24
	buffer_store_b32 v0, v24, s[16:19], null offen             // 000000003664: C406807C 40802000 00000018
	buffer_store_b32 v1, v24, s[16:19], null offen offset:64   // 000000003670: C406807C 40802001 00004018
	buffer_store_b32 v2, v24, s[16:19], null offen offset:128  // 00000000367C: C406807C 40802002 00008018
	buffer_store_b32 v3, v24, s[16:19], null offen offset:192  // 000000003688: C406807C 40802003 0000C018
	s_mul_i32 s54, s38, 64                                     // 000000003694: 9636C026
	s_add_co_u32 s16, s16, s54                                 // 000000003698: 80103610
	s_add_co_ci_u32 s17, s17, 0                                // 00000000369C: 82118011
	buffer_store_b32 v4, v24, s[16:19], null offen             // 0000000036A0: C406807C 40802004 00000018
	buffer_store_b32 v5, v24, s[16:19], null offen offset:64   // 0000000036AC: C406807C 40802005 00004018
	buffer_store_b32 v6, v24, s[16:19], null offen offset:128  // 0000000036B8: C406807C 40802006 00008018
	buffer_store_b32 v7, v24, s[16:19], null offen offset:192  // 0000000036C4: C406807C 40802007 0000C018
	s_mul_i32 s54, s38, 64                                     // 0000000036D0: 9636C026
	s_add_co_u32 s16, s16, s54                                 // 0000000036D4: 80103610
	s_add_co_ci_u32 s17, s17, 0                                // 0000000036D8: 82118011
	buffer_store_b32 v8, v24, s[16:19], null offen             // 0000000036DC: C406807C 40802008 00000018
	buffer_store_b32 v9, v24, s[16:19], null offen offset:64   // 0000000036E8: C406807C 40802009 00004018
	buffer_store_b32 v10, v24, s[16:19], null offen offset:128 // 0000000036F4: C406807C 4080200A 00008018
	buffer_store_b32 v11, v24, s[16:19], null offen offset:192 // 000000003700: C406807C 4080200B 0000C018
	s_mul_i32 s54, s38, 64                                     // 00000000370C: 9636C026
	s_add_co_u32 s16, s16, s54                                 // 000000003710: 80103610
	s_add_co_ci_u32 s17, s17, 0                                // 000000003714: 82118011
	buffer_store_b32 v12, v24, s[16:19], null offen            // 000000003718: C406807C 4080200C 00000018
	buffer_store_b32 v13, v24, s[16:19], null offen offset:64  // 000000003724: C406807C 4080200D 00004018
	buffer_store_b32 v14, v24, s[16:19], null offen offset:128 // 000000003730: C406807C 4080200E 00008018
	buffer_store_b32 v15, v24, s[16:19], null offen offset:192 // 00000000373C: C406807C 4080200F 0000C018
	s_branch label_0047                                        // 000000003748: BFA00359

000000000000374c <GW_B0_E1_34>:
	v_cmp_lt_u32_e64 s54, v18, s46                             // 00000000374C: D4490036 00005D12
	v_cmp_lt_u32_e64 s58, v19, s47                             // 000000003754: D449003A 00005F13
	s_and_b64 s[58:59], s[54:55], s[58:59]                     // 00000000375C: 8BBA3A36
	v_add_lshl_u32 v24, v21, v18, 2                            // 000000003760: D6470018 020A2515
	v_cndmask_b32_e64 v24, -1, v24, s58                        // 000000003768: D5010018 00EA30C1
	v_add_co_u32 v22, vcc_lo, v18, 16                          // 000000003770: D7006A16 00012112
	v_cmp_lt_u32_e64 s54, v22, s46                             // 000000003778: D4490036 00005D16
	v_cmp_lt_u32_e64 s58, v19, s47                             // 000000003780: D449003A 00005F13
	s_and_b64 s[58:59], s[54:55], s[58:59]                     // 000000003788: 8BBA3A36
	v_add_lshl_u32 v25, v21, v22, 2                            // 00000000378C: D6470019 020A2D15
	v_cndmask_b32_e64 v25, -1, v25, s58                        // 000000003794: D5010019 00EA32C1
	v_add_co_u32 v22, vcc_lo, v18, 32                          // 00000000379C: D7006A16 00014112
	v_cmp_lt_u32_e64 s54, v22, s46                             // 0000000037A4: D4490036 00005D16
	v_cmp_lt_u32_e64 s58, v19, s47                             // 0000000037AC: D449003A 00005F13
	s_and_b64 s[58:59], s[54:55], s[58:59]                     // 0000000037B4: 8BBA3A36
	v_add_lshl_u32 v26, v21, v22, 2                            // 0000000037B8: D647001A 020A2D15
	v_cndmask_b32_e64 v26, -1, v26, s58                        // 0000000037C0: D501001A 00EA34C1
	v_add_co_u32 v22, vcc_lo, v18, 48                          // 0000000037C8: D7006A16 00016112
	v_cmp_lt_u32_e64 s54, v22, s46                             // 0000000037D0: D4490036 00005D16
	v_cmp_lt_u32_e64 s58, v19, s47                             // 0000000037D8: D449003A 00005F13
	s_and_b64 s[58:59], s[54:55], s[58:59]                     // 0000000037E0: 8BBA3A36
	v_add_lshl_u32 v27, v21, v22, 2                            // 0000000037E4: D647001B 020A2D15
	v_cndmask_b32_e64 v27, -1, v27, s58                        // 0000000037EC: D501001B 00EA36C1
	v_add_co_u32 v19, vcc_lo, v19, 16                          // 0000000037F4: D7006A13 00012113
	s_mul_i32 s54, s40, 16                                     // 0000000037FC: 96369028
	v_add_nc_u32_e64 v20, v20, s54                             // 000000003800: D5250014 00006D14
	s_mul_i32 s54, s38, 16                                     // 000000003808: 96369026
	v_add_nc_u32_e64 v21, v21, s54                             // 00000000380C: D5250015 00006D15
	v_cmp_lt_u32_e64 s54, v18, s46                             // 000000003814: D4490036 00005D12
	v_cmp_lt_u32_e64 s58, v19, s47                             // 00000000381C: D449003A 00005F13
	s_and_b64 s[58:59], s[54:55], s[58:59]                     // 000000003824: 8BBA3A36
	v_add_lshl_u32 v28, v21, v18, 2                            // 000000003828: D647001C 020A2515
	v_cndmask_b32_e64 v28, -1, v28, s58                        // 000000003830: D501001C 00EA38C1
	v_add_co_u32 v22, vcc_lo, v18, 16                          // 000000003838: D7006A16 00012112
	v_cmp_lt_u32_e64 s54, v22, s46                             // 000000003840: D4490036 00005D16
	v_cmp_lt_u32_e64 s58, v19, s47                             // 000000003848: D449003A 00005F13
	s_and_b64 s[58:59], s[54:55], s[58:59]                     // 000000003850: 8BBA3A36
	v_add_lshl_u32 v29, v21, v22, 2                            // 000000003854: D647001D 020A2D15
	v_cndmask_b32_e64 v29, -1, v29, s58                        // 00000000385C: D501001D 00EA3AC1
	v_add_co_u32 v22, vcc_lo, v18, 32                          // 000000003864: D7006A16 00014112
	v_cmp_lt_u32_e64 s54, v22, s46                             // 00000000386C: D4490036 00005D16
	v_cmp_lt_u32_e64 s58, v19, s47                             // 000000003874: D449003A 00005F13
	s_and_b64 s[58:59], s[54:55], s[58:59]                     // 00000000387C: 8BBA3A36
	v_add_lshl_u32 v30, v21, v22, 2                            // 000000003880: D647001E 020A2D15
	v_cndmask_b32_e64 v30, -1, v30, s58                        // 000000003888: D501001E 00EA3CC1
	v_add_co_u32 v22, vcc_lo, v18, 48                          // 000000003890: D7006A16 00016112
	v_cmp_lt_u32_e64 s54, v22, s46                             // 000000003898: D4490036 00005D16
	v_cmp_lt_u32_e64 s58, v19, s47                             // 0000000038A0: D449003A 00005F13
	s_and_b64 s[58:59], s[54:55], s[58:59]                     // 0000000038A8: 8BBA3A36
	v_add_lshl_u32 v31, v21, v22, 2                            // 0000000038AC: D647001F 020A2D15
	v_cndmask_b32_e64 v31, -1, v31, s58                        // 0000000038B4: D501001F 00EA3EC1
	v_add_co_u32 v19, vcc_lo, v19, 16                          // 0000000038BC: D7006A13 00012113
	s_mul_i32 s54, s40, 16                                     // 0000000038C4: 96369028
	v_add_nc_u32_e64 v20, v20, s54                             // 0000000038C8: D5250014 00006D14
	s_mul_i32 s54, s38, 16                                     // 0000000038D0: 96369026
	v_add_nc_u32_e64 v21, v21, s54                             // 0000000038D4: D5250015 00006D15
	v_cmp_lt_u32_e64 s54, v18, s46                             // 0000000038DC: D4490036 00005D12
	v_cmp_lt_u32_e64 s58, v19, s47                             // 0000000038E4: D449003A 00005F13
	s_and_b64 s[58:59], s[54:55], s[58:59]                     // 0000000038EC: 8BBA3A36
	v_add_lshl_u32 v32, v21, v18, 2                            // 0000000038F0: D6470020 020A2515
	v_cndmask_b32_e64 v32, -1, v32, s58                        // 0000000038F8: D5010020 00EA40C1
	v_add_co_u32 v22, vcc_lo, v18, 16                          // 000000003900: D7006A16 00012112
	v_cmp_lt_u32_e64 s54, v22, s46                             // 000000003908: D4490036 00005D16
	v_cmp_lt_u32_e64 s58, v19, s47                             // 000000003910: D449003A 00005F13
	s_and_b64 s[58:59], s[54:55], s[58:59]                     // 000000003918: 8BBA3A36
	v_add_lshl_u32 v33, v21, v22, 2                            // 00000000391C: D6470021 020A2D15
	v_cndmask_b32_e64 v33, -1, v33, s58                        // 000000003924: D5010021 00EA42C1
	v_add_co_u32 v22, vcc_lo, v18, 32                          // 00000000392C: D7006A16 00014112
	v_cmp_lt_u32_e64 s54, v22, s46                             // 000000003934: D4490036 00005D16
	v_cmp_lt_u32_e64 s58, v19, s47                             // 00000000393C: D449003A 00005F13
	s_and_b64 s[58:59], s[54:55], s[58:59]                     // 000000003944: 8BBA3A36
	v_add_lshl_u32 v34, v21, v22, 2                            // 000000003948: D6470022 020A2D15
	v_cndmask_b32_e64 v34, -1, v34, s58                        // 000000003950: D5010022 00EA44C1
	v_add_co_u32 v22, vcc_lo, v18, 48                          // 000000003958: D7006A16 00016112
	v_cmp_lt_u32_e64 s54, v22, s46                             // 000000003960: D4490036 00005D16
	v_cmp_lt_u32_e64 s58, v19, s47                             // 000000003968: D449003A 00005F13
	s_and_b64 s[58:59], s[54:55], s[58:59]                     // 000000003970: 8BBA3A36
	v_add_lshl_u32 v35, v21, v22, 2                            // 000000003974: D6470023 020A2D15
	v_cndmask_b32_e64 v35, -1, v35, s58                        // 00000000397C: D5010023 00EA46C1
	v_add_co_u32 v19, vcc_lo, v19, 16                          // 000000003984: D7006A13 00012113
	s_mul_i32 s54, s40, 16                                     // 00000000398C: 96369028
	v_add_nc_u32_e64 v20, v20, s54                             // 000000003990: D5250014 00006D14
	s_mul_i32 s54, s38, 16                                     // 000000003998: 96369026
	v_add_nc_u32_e64 v21, v21, s54                             // 00000000399C: D5250015 00006D15
	v_cmp_lt_u32_e64 s54, v18, s46                             // 0000000039A4: D4490036 00005D12
	v_cmp_lt_u32_e64 s58, v19, s47                             // 0000000039AC: D449003A 00005F13
	s_and_b64 s[58:59], s[54:55], s[58:59]                     // 0000000039B4: 8BBA3A36
	v_add_lshl_u32 v36, v21, v18, 2                            // 0000000039B8: D6470024 020A2515
	v_cndmask_b32_e64 v36, -1, v36, s58                        // 0000000039C0: D5010024 00EA48C1
	v_add_co_u32 v22, vcc_lo, v18, 16                          // 0000000039C8: D7006A16 00012112
	v_cmp_lt_u32_e64 s54, v22, s46                             // 0000000039D0: D4490036 00005D16
	v_cmp_lt_u32_e64 s58, v19, s47                             // 0000000039D8: D449003A 00005F13
	s_and_b64 s[58:59], s[54:55], s[58:59]                     // 0000000039E0: 8BBA3A36
	v_add_lshl_u32 v37, v21, v22, 2                            // 0000000039E4: D6470025 020A2D15
	v_cndmask_b32_e64 v37, -1, v37, s58                        // 0000000039EC: D5010025 00EA4AC1
	v_add_co_u32 v22, vcc_lo, v18, 32                          // 0000000039F4: D7006A16 00014112
	v_cmp_lt_u32_e64 s54, v22, s46                             // 0000000039FC: D4490036 00005D16
	v_cmp_lt_u32_e64 s58, v19, s47                             // 000000003A04: D449003A 00005F13
	s_and_b64 s[58:59], s[54:55], s[58:59]                     // 000000003A0C: 8BBA3A36
	v_add_lshl_u32 v38, v21, v22, 2                            // 000000003A10: D6470026 020A2D15
	v_cndmask_b32_e64 v38, -1, v38, s58                        // 000000003A18: D5010026 00EA4CC1
	v_add_co_u32 v22, vcc_lo, v18, 48                          // 000000003A20: D7006A16 00016112
	v_cmp_lt_u32_e64 s54, v22, s46                             // 000000003A28: D4490036 00005D16
	v_cmp_lt_u32_e64 s58, v19, s47                             // 000000003A30: D449003A 00005F13
	s_and_b64 s[58:59], s[54:55], s[58:59]                     // 000000003A38: 8BBA3A36
	v_add_lshl_u32 v39, v21, v22, 2                            // 000000003A3C: D6470027 020A2D15
	v_cndmask_b32_e64 v39, -1, v39, s58                        // 000000003A44: D5010027 00EA4EC1
	v_mul_f32_e32 v0, s36, v0                                  // 000000003A4C: 10000024
	v_mul_f32_e32 v1, s36, v1                                  // 000000003A50: 10020224
	v_mul_f32_e32 v2, s36, v2                                  // 000000003A54: 10040424
	v_mul_f32_e32 v3, s36, v3                                  // 000000003A58: 10060624
	v_mul_f32_e32 v4, s36, v4                                  // 000000003A5C: 10080824
	v_mul_f32_e32 v5, s36, v5                                  // 000000003A60: 100A0A24
	v_mul_f32_e32 v6, s36, v6                                  // 000000003A64: 100C0C24
	v_mul_f32_e32 v7, s36, v7                                  // 000000003A68: 100E0E24
	v_mul_f32_e32 v8, s36, v8                                  // 000000003A6C: 10101024
	v_mul_f32_e32 v9, s36, v9                                  // 000000003A70: 10121224
	v_mul_f32_e32 v10, s36, v10                                // 000000003A74: 10141424
	v_mul_f32_e32 v11, s36, v11                                // 000000003A78: 10161624
	v_mul_f32_e32 v12, s36, v12                                // 000000003A7C: 10181824
	v_mul_f32_e32 v13, s36, v13                                // 000000003A80: 101A1A24
	v_mul_f32_e32 v14, s36, v14                                // 000000003A84: 101C1C24
	v_mul_f32_e32 v15, s36, v15                                // 000000003A88: 101E1E24
	buffer_store_b32 v0, v24, s[16:19], null offen             // 000000003A8C: C406807C 40802000 00000018
	buffer_store_b32 v1, v25, s[16:19], null offen             // 000000003A98: C406807C 40802001 00000019
	buffer_store_b32 v2, v26, s[16:19], null offen             // 000000003AA4: C406807C 40802002 0000001A
	buffer_store_b32 v3, v27, s[16:19], null offen             // 000000003AB0: C406807C 40802003 0000001B
	buffer_store_b32 v4, v28, s[16:19], null offen             // 000000003ABC: C406807C 40802004 0000001C
	buffer_store_b32 v5, v29, s[16:19], null offen             // 000000003AC8: C406807C 40802005 0000001D
	buffer_store_b32 v6, v30, s[16:19], null offen             // 000000003AD4: C406807C 40802006 0000001E
	buffer_store_b32 v7, v31, s[16:19], null offen             // 000000003AE0: C406807C 40802007 0000001F
	buffer_store_b32 v8, v32, s[16:19], null offen             // 000000003AEC: C406807C 40802008 00000020
	buffer_store_b32 v9, v33, s[16:19], null offen             // 000000003AF8: C406807C 40802009 00000021
	buffer_store_b32 v10, v34, s[16:19], null offen            // 000000003B04: C406807C 4080200A 00000022
	buffer_store_b32 v11, v35, s[16:19], null offen            // 000000003B10: C406807C 4080200B 00000023
	buffer_store_b32 v12, v36, s[16:19], null offen            // 000000003B1C: C406807C 4080200C 00000024
	buffer_store_b32 v13, v37, s[16:19], null offen            // 000000003B28: C406807C 4080200D 00000025
	buffer_store_b32 v14, v38, s[16:19], null offen            // 000000003B34: C406807C 4080200E 00000026
	buffer_store_b32 v15, v39, s[16:19], null offen            // 000000003B40: C406807C 4080200F 00000027
	s_branch label_0047                                        // 000000003B4C: BFA00258

0000000000003b50 <GW_Beta_43>:
	s_and_b32 s54, 63, s46                                     // 000000003B50: 8B362EBF
	s_add_co_u32 s55, -1, s51                                  // 000000003B54: 803733C1
	s_cmp_ge_u32 s2, s55                                       // 000000003B58: BF093702
	s_cselect_b32 s54, s54, 0                                  // 000000003B5C: 98368036
	s_cmp_gt_u32 s54, 0                                        // 000000003B60: BF088036
	s_cbranch_scc1 GW_B1_E1_41                                 // 000000003B64: BFA200BD
	s_and_b32 s54, 63, s47                                     // 000000003B68: 8B362FBF
	s_add_co_u32 s55, -1, s52                                  // 000000003B6C: 803734C1
	s_cmp_ge_u32 s3, s55                                       // 000000003B70: BF093703
	s_cselect_b32 s54, s54, 0                                  // 000000003B74: 98368036
	s_cmp_gt_u32 s54, 0                                        // 000000003B78: BF088036
	s_cbranch_scc1 GW_B1_E1_41                                 // 000000003B7C: BFA200B7

0000000000003b80 <GW_B1_E0_38>:
	v_add_lshl_u32 v25, v20, v18, 2                            // 000000003B80: D6470019 020A2514
	buffer_load_b32 v26, v25, s[20:23], null offen             // 000000003B88: C405007C 4080281A 00000019
	buffer_load_b32 v27, v25, s[20:23], null offen offset:64   // 000000003B94: C405007C 4080281B 00004019
	buffer_load_b32 v28, v25, s[20:23], null offen offset:128  // 000000003BA0: C405007C 4080281C 00008019
	buffer_load_b32 v29, v25, s[20:23], null offen offset:192  // 000000003BAC: C405007C 4080281D 0000C019
	s_mul_i32 s54, s40, 64                                     // 000000003BB8: 9636C028
	s_add_co_u32 s20, s20, s54                                 // 000000003BBC: 80143614
	s_add_co_ci_u32 s21, s21, 0                                // 000000003BC0: 82158015
	buffer_load_b32 v30, v25, s[20:23], null offen             // 000000003BC4: C405007C 4080281E 00000019
	buffer_load_b32 v31, v25, s[20:23], null offen offset:64   // 000000003BD0: C405007C 4080281F 00004019
	buffer_load_b32 v32, v25, s[20:23], null offen offset:128  // 000000003BDC: C405007C 40802820 00008019
	buffer_load_b32 v33, v25, s[20:23], null offen offset:192  // 000000003BE8: C405007C 40802821 0000C019
	s_mul_i32 s54, s40, 64                                     // 000000003BF4: 9636C028
	s_add_co_u32 s20, s20, s54                                 // 000000003BF8: 80143614
	s_add_co_ci_u32 s21, s21, 0                                // 000000003BFC: 82158015
	buffer_load_b32 v34, v25, s[20:23], null offen             // 000000003C00: C405007C 40802822 00000019
	buffer_load_b32 v35, v25, s[20:23], null offen offset:64   // 000000003C0C: C405007C 40802823 00004019
	buffer_load_b32 v36, v25, s[20:23], null offen offset:128  // 000000003C18: C405007C 40802824 00008019
	buffer_load_b32 v37, v25, s[20:23], null offen offset:192  // 000000003C24: C405007C 40802825 0000C019
	s_mul_i32 s54, s40, 64                                     // 000000003C30: 9636C028
	s_add_co_u32 s20, s20, s54                                 // 000000003C34: 80143614
	s_add_co_ci_u32 s21, s21, 0                                // 000000003C38: 82158015
	buffer_load_b32 v38, v25, s[20:23], null offen             // 000000003C3C: C405007C 40802826 00000019
	buffer_load_b32 v39, v25, s[20:23], null offen offset:64   // 000000003C48: C405007C 40802827 00004019
	buffer_load_b32 v40, v25, s[20:23], null offen offset:128  // 000000003C54: C405007C 40802828 00008019
	buffer_load_b32 v41, v25, s[20:23], null offen offset:192  // 000000003C60: C405007C 40802829 0000C019
	v_add_lshl_u32 v24, v21, v18, 2                            // 000000003C6C: D6470018 020A2515
	v_mul_f32_e32 v0, s36, v0                                  // 000000003C74: 10000024
	v_mul_f32_e32 v1, s36, v1                                  // 000000003C78: 10020224
	v_mul_f32_e32 v2, s36, v2                                  // 000000003C7C: 10040424
	v_mul_f32_e32 v3, s36, v3                                  // 000000003C80: 10060624
	v_mul_f32_e32 v4, s36, v4                                  // 000000003C84: 10080824
	v_mul_f32_e32 v5, s36, v5                                  // 000000003C88: 100A0A24
	v_mul_f32_e32 v6, s36, v6                                  // 000000003C8C: 100C0C24
	v_mul_f32_e32 v7, s36, v7                                  // 000000003C90: 100E0E24
	v_mul_f32_e32 v8, s36, v8                                  // 000000003C94: 10101024
	v_mul_f32_e32 v9, s36, v9                                  // 000000003C98: 10121224
	v_mul_f32_e32 v10, s36, v10                                // 000000003C9C: 10141424
	v_mul_f32_e32 v11, s36, v11                                // 000000003CA0: 10161624
	v_mul_f32_e32 v12, s36, v12                                // 000000003CA4: 10181824
	v_mul_f32_e32 v13, s36, v13                                // 000000003CA8: 101A1A24
	v_mul_f32_e32 v14, s36, v14                                // 000000003CAC: 101C1C24
	v_mul_f32_e32 v15, s36, v15                                // 000000003CB0: 101E1E24
	s_wait_loadcnt 0xf                                         // 000000003CB4: BFC0000F
	v_fmac_f32_e64 v0, v26, s37                                // 000000003CB8: D52B0000 00004B1A
	buffer_store_b32 v0, v24, s[16:19], null offen             // 000000003CC0: C406807C 40802000 00000018
	s_wait_loadcnt 0xf                                         // 000000003CCC: BFC0000F
	v_fmac_f32_e64 v1, v27, s37                                // 000000003CD0: D52B0001 00004B1B
	buffer_store_b32 v1, v24, s[16:19], null offen offset:64   // 000000003CD8: C406807C 40802001 00004018
	s_wait_loadcnt 0xf                                         // 000000003CE4: BFC0000F
	v_fmac_f32_e64 v2, v28, s37                                // 000000003CE8: D52B0002 00004B1C
	buffer_store_b32 v2, v24, s[16:19], null offen offset:128  // 000000003CF0: C406807C 40802002 00008018
	s_wait_loadcnt 0xf                                         // 000000003CFC: BFC0000F
	v_fmac_f32_e64 v3, v29, s37                                // 000000003D00: D52B0003 00004B1D
	buffer_store_b32 v3, v24, s[16:19], null offen offset:192  // 000000003D08: C406807C 40802003 0000C018
	s_wait_loadcnt 0xf                                         // 000000003D14: BFC0000F
	v_fmac_f32_e64 v4, v30, s37                                // 000000003D18: D52B0004 00004B1E
	s_mul_i32 s54, s38, 64                                     // 000000003D20: 9636C026
	s_add_co_u32 s16, s16, s54                                 // 000000003D24: 80103610
	s_add_co_ci_u32 s17, s17, 0                                // 000000003D28: 82118011
	buffer_store_b32 v4, v24, s[16:19], null offen             // 000000003D2C: C406807C 40802004 00000018
	s_wait_loadcnt 0xf                                         // 000000003D38: BFC0000F
	v_fmac_f32_e64 v5, v31, s37                                // 000000003D3C: D52B0005 00004B1F
	buffer_store_b32 v5, v24, s[16:19], null offen offset:64   // 000000003D44: C406807C 40802005 00004018
	s_wait_loadcnt 0xf                                         // 000000003D50: BFC0000F
	v_fmac_f32_e64 v6, v32, s37                                // 000000003D54: D52B0006 00004B20
	buffer_store_b32 v6, v24, s[16:19], null offen offset:128  // 000000003D5C: C406807C 40802006 00008018
	s_wait_loadcnt 0xf                                         // 000000003D68: BFC0000F
	v_fmac_f32_e64 v7, v33, s37                                // 000000003D6C: D52B0007 00004B21
	buffer_store_b32 v7, v24, s[16:19], null offen offset:192  // 000000003D74: C406807C 40802007 0000C018
	s_wait_loadcnt 0xf                                         // 000000003D80: BFC0000F
	v_fmac_f32_e64 v8, v34, s37                                // 000000003D84: D52B0008 00004B22
	s_mul_i32 s54, s38, 64                                     // 000000003D8C: 9636C026
	s_add_co_u32 s16, s16, s54                                 // 000000003D90: 80103610
	s_add_co_ci_u32 s17, s17, 0                                // 000000003D94: 82118011
	buffer_store_b32 v8, v24, s[16:19], null offen             // 000000003D98: C406807C 40802008 00000018
	s_wait_loadcnt 0xf                                         // 000000003DA4: BFC0000F
	v_fmac_f32_e64 v9, v35, s37                                // 000000003DA8: D52B0009 00004B23
	buffer_store_b32 v9, v24, s[16:19], null offen offset:64   // 000000003DB0: C406807C 40802009 00004018
	s_wait_loadcnt 0xf                                         // 000000003DBC: BFC0000F
	v_fmac_f32_e64 v10, v36, s37                               // 000000003DC0: D52B000A 00004B24
	buffer_store_b32 v10, v24, s[16:19], null offen offset:128 // 000000003DC8: C406807C 4080200A 00008018
	s_wait_loadcnt 0xf                                         // 000000003DD4: BFC0000F
	v_fmac_f32_e64 v11, v37, s37                               // 000000003DD8: D52B000B 00004B25
	buffer_store_b32 v11, v24, s[16:19], null offen offset:192 // 000000003DE0: C406807C 4080200B 0000C018
	s_wait_loadcnt 0xf                                         // 000000003DEC: BFC0000F
	v_fmac_f32_e64 v12, v38, s37                               // 000000003DF0: D52B000C 00004B26
	s_mul_i32 s54, s38, 64                                     // 000000003DF8: 9636C026
	s_add_co_u32 s16, s16, s54                                 // 000000003DFC: 80103610
	s_add_co_ci_u32 s17, s17, 0                                // 000000003E00: 82118011
	buffer_store_b32 v12, v24, s[16:19], null offen            // 000000003E04: C406807C 4080200C 00000018
	s_wait_loadcnt 0xf                                         // 000000003E10: BFC0000F
	v_fmac_f32_e64 v13, v39, s37                               // 000000003E14: D52B000D 00004B27
	buffer_store_b32 v13, v24, s[16:19], null offen offset:64  // 000000003E1C: C406807C 4080200D 00004018
	s_wait_loadcnt 0xf                                         // 000000003E28: BFC0000F
	v_fmac_f32_e64 v14, v40, s37                               // 000000003E2C: D52B000E 00004B28
	buffer_store_b32 v14, v24, s[16:19], null offen offset:128 // 000000003E34: C406807C 4080200E 00008018
	s_wait_loadcnt 0xf                                         // 000000003E40: BFC0000F
	v_fmac_f32_e64 v15, v41, s37                               // 000000003E44: D52B000F 00004B29
	buffer_store_b32 v15, v24, s[16:19], null offen offset:192 // 000000003E4C: C406807C 4080200F 0000C018
	s_branch label_0047                                        // 000000003E58: BFA00195

0000000000003e5c <GW_B1_E1_41>:
	v_cmp_lt_u32_e64 s54, v18, s46                             // 000000003E5C: D4490036 00005D12
	v_cmp_lt_u32_e64 s58, v19, s47                             // 000000003E64: D449003A 00005F13
	s_and_b64 s[58:59], s[54:55], s[58:59]                     // 000000003E6C: 8BBA3A36
	v_add_lshl_u32 v24, v20, v18, 2                            // 000000003E70: D6470018 020A2514
	v_cndmask_b32_e64 v24, -1, v24, s58                        // 000000003E78: D5010018 00EA30C1
	buffer_load_b32 v25, v24, s[20:23], null offen             // 000000003E80: C405007C 40802819 00000018
	v_add_lshl_u32 v24, v21, v18, 2                            // 000000003E8C: D6470018 020A2515
	v_cndmask_b32_e64 v24, -1, v24, s58                        // 000000003E94: D5010018 00EA30C1
	v_add_co_u32 v22, vcc_lo, v18, 16                          // 000000003E9C: D7006A16 00012112
	v_cmp_lt_u32_e64 s54, v22, s46                             // 000000003EA4: D4490036 00005D16
	v_cmp_lt_u32_e64 s58, v19, s47                             // 000000003EAC: D449003A 00005F13
	s_and_b64 s[58:59], s[54:55], s[58:59]                     // 000000003EB4: 8BBA3A36
	v_add_lshl_u32 v26, v20, v22, 2                            // 000000003EB8: D647001A 020A2D14
	v_cndmask_b32_e64 v26, -1, v26, s58                        // 000000003EC0: D501001A 00EA34C1
	buffer_load_b32 v27, v26, s[20:23], null offen             // 000000003EC8: C405007C 4080281B 0000001A
	v_add_lshl_u32 v26, v21, v22, 2                            // 000000003ED4: D647001A 020A2D15
	v_cndmask_b32_e64 v26, -1, v26, s58                        // 000000003EDC: D501001A 00EA34C1
	v_add_co_u32 v22, vcc_lo, v18, 32                          // 000000003EE4: D7006A16 00014112
	v_cmp_lt_u32_e64 s54, v22, s46                             // 000000003EEC: D4490036 00005D16
	v_cmp_lt_u32_e64 s58, v19, s47                             // 000000003EF4: D449003A 00005F13
	s_and_b64 s[58:59], s[54:55], s[58:59]                     // 000000003EFC: 8BBA3A36
	v_add_lshl_u32 v28, v20, v22, 2                            // 000000003F00: D647001C 020A2D14
	v_cndmask_b32_e64 v28, -1, v28, s58                        // 000000003F08: D501001C 00EA38C1
	buffer_load_b32 v29, v28, s[20:23], null offen             // 000000003F10: C405007C 4080281D 0000001C
	v_add_lshl_u32 v28, v21, v22, 2                            // 000000003F1C: D647001C 020A2D15
	v_cndmask_b32_e64 v28, -1, v28, s58                        // 000000003F24: D501001C 00EA38C1
	v_add_co_u32 v22, vcc_lo, v18, 48                          // 000000003F2C: D7006A16 00016112
	v_cmp_lt_u32_e64 s54, v22, s46                             // 000000003F34: D4490036 00005D16
	v_cmp_lt_u32_e64 s58, v19, s47                             // 000000003F3C: D449003A 00005F13
	s_and_b64 s[58:59], s[54:55], s[58:59]                     // 000000003F44: 8BBA3A36
	v_add_lshl_u32 v30, v20, v22, 2                            // 000000003F48: D647001E 020A2D14
	v_cndmask_b32_e64 v30, -1, v30, s58                        // 000000003F50: D501001E 00EA3CC1
	buffer_load_b32 v31, v30, s[20:23], null offen             // 000000003F58: C405007C 4080281F 0000001E
	v_add_lshl_u32 v30, v21, v22, 2                            // 000000003F64: D647001E 020A2D15
	v_cndmask_b32_e64 v30, -1, v30, s58                        // 000000003F6C: D501001E 00EA3CC1
	v_add_co_u32 v19, vcc_lo, v19, 16                          // 000000003F74: D7006A13 00012113
	s_mul_i32 s54, s40, 16                                     // 000000003F7C: 96369028
	v_add_nc_u32_e64 v20, v20, s54                             // 000000003F80: D5250014 00006D14
	s_mul_i32 s54, s38, 16                                     // 000000003F88: 96369026
	v_add_nc_u32_e64 v21, v21, s54                             // 000000003F8C: D5250015 00006D15
	v_cmp_lt_u32_e64 s54, v18, s46                             // 000000003F94: D4490036 00005D12
	v_cmp_lt_u32_e64 s58, v19, s47                             // 000000003F9C: D449003A 00005F13
	s_and_b64 s[58:59], s[54:55], s[58:59]                     // 000000003FA4: 8BBA3A36
	v_add_lshl_u32 v32, v20, v18, 2                            // 000000003FA8: D6470020 020A2514
	v_cndmask_b32_e64 v32, -1, v32, s58                        // 000000003FB0: D5010020 00EA40C1
	buffer_load_b32 v33, v32, s[20:23], null offen             // 000000003FB8: C405007C 40802821 00000020
	v_add_lshl_u32 v32, v21, v18, 2                            // 000000003FC4: D6470020 020A2515
	v_cndmask_b32_e64 v32, -1, v32, s58                        // 000000003FCC: D5010020 00EA40C1
	v_add_co_u32 v22, vcc_lo, v18, 16                          // 000000003FD4: D7006A16 00012112
	v_cmp_lt_u32_e64 s54, v22, s46                             // 000000003FDC: D4490036 00005D16
	v_cmp_lt_u32_e64 s58, v19, s47                             // 000000003FE4: D449003A 00005F13
	s_and_b64 s[58:59], s[54:55], s[58:59]                     // 000000003FEC: 8BBA3A36
	v_add_lshl_u32 v34, v20, v22, 2                            // 000000003FF0: D6470022 020A2D14
	v_cndmask_b32_e64 v34, -1, v34, s58                        // 000000003FF8: D5010022 00EA44C1
	buffer_load_b32 v35, v34, s[20:23], null offen             // 000000004000: C405007C 40802823 00000022
	v_add_lshl_u32 v34, v21, v22, 2                            // 00000000400C: D6470022 020A2D15
	v_cndmask_b32_e64 v34, -1, v34, s58                        // 000000004014: D5010022 00EA44C1
	v_add_co_u32 v22, vcc_lo, v18, 32                          // 00000000401C: D7006A16 00014112
	v_cmp_lt_u32_e64 s54, v22, s46                             // 000000004024: D4490036 00005D16
	v_cmp_lt_u32_e64 s58, v19, s47                             // 00000000402C: D449003A 00005F13
	s_and_b64 s[58:59], s[54:55], s[58:59]                     // 000000004034: 8BBA3A36
	v_add_lshl_u32 v36, v20, v22, 2                            // 000000004038: D6470024 020A2D14
	v_cndmask_b32_e64 v36, -1, v36, s58                        // 000000004040: D5010024 00EA48C1
	buffer_load_b32 v37, v36, s[20:23], null offen             // 000000004048: C405007C 40802825 00000024
	v_add_lshl_u32 v36, v21, v22, 2                            // 000000004054: D6470024 020A2D15
	v_cndmask_b32_e64 v36, -1, v36, s58                        // 00000000405C: D5010024 00EA48C1
	v_add_co_u32 v22, vcc_lo, v18, 48                          // 000000004064: D7006A16 00016112
	v_cmp_lt_u32_e64 s54, v22, s46                             // 00000000406C: D4490036 00005D16
	v_cmp_lt_u32_e64 s58, v19, s47                             // 000000004074: D449003A 00005F13
	s_and_b64 s[58:59], s[54:55], s[58:59]                     // 00000000407C: 8BBA3A36
	v_add_lshl_u32 v38, v20, v22, 2                            // 000000004080: D6470026 020A2D14
	v_cndmask_b32_e64 v38, -1, v38, s58                        // 000000004088: D5010026 00EA4CC1
	buffer_load_b32 v39, v38, s[20:23], null offen             // 000000004090: C405007C 40802827 00000026
	v_add_lshl_u32 v38, v21, v22, 2                            // 00000000409C: D6470026 020A2D15
	v_cndmask_b32_e64 v38, -1, v38, s58                        // 0000000040A4: D5010026 00EA4CC1
	v_add_co_u32 v19, vcc_lo, v19, 16                          // 0000000040AC: D7006A13 00012113
	s_mul_i32 s54, s40, 16                                     // 0000000040B4: 96369028
	v_add_nc_u32_e64 v20, v20, s54                             // 0000000040B8: D5250014 00006D14
	s_mul_i32 s54, s38, 16                                     // 0000000040C0: 96369026
	v_add_nc_u32_e64 v21, v21, s54                             // 0000000040C4: D5250015 00006D15
	v_cmp_lt_u32_e64 s54, v18, s46                             // 0000000040CC: D4490036 00005D12
	v_cmp_lt_u32_e64 s58, v19, s47                             // 0000000040D4: D449003A 00005F13
	s_and_b64 s[58:59], s[54:55], s[58:59]                     // 0000000040DC: 8BBA3A36
	v_add_lshl_u32 v40, v20, v18, 2                            // 0000000040E0: D6470028 020A2514
	v_cndmask_b32_e64 v40, -1, v40, s58                        // 0000000040E8: D5010028 00EA50C1
	buffer_load_b32 v41, v40, s[20:23], null offen             // 0000000040F0: C405007C 40802829 00000028
	v_add_lshl_u32 v40, v21, v18, 2                            // 0000000040FC: D6470028 020A2515
	v_cndmask_b32_e64 v40, -1, v40, s58                        // 000000004104: D5010028 00EA50C1
	v_add_co_u32 v22, vcc_lo, v18, 16                          // 00000000410C: D7006A16 00012112
	v_cmp_lt_u32_e64 s54, v22, s46                             // 000000004114: D4490036 00005D16
	v_cmp_lt_u32_e64 s58, v19, s47                             // 00000000411C: D449003A 00005F13
	s_and_b64 s[58:59], s[54:55], s[58:59]                     // 000000004124: 8BBA3A36
	v_add_lshl_u32 v42, v20, v22, 2                            // 000000004128: D647002A 020A2D14
	v_cndmask_b32_e64 v42, -1, v42, s58                        // 000000004130: D501002A 00EA54C1
	buffer_load_b32 v43, v42, s[20:23], null offen             // 000000004138: C405007C 4080282B 0000002A
	v_add_lshl_u32 v42, v21, v22, 2                            // 000000004144: D647002A 020A2D15
	v_cndmask_b32_e64 v42, -1, v42, s58                        // 00000000414C: D501002A 00EA54C1
	v_mul_f32_e32 v0, s36, v0                                  // 000000004154: 10000024
	v_mul_f32_e32 v1, s36, v1                                  // 000000004158: 10020224
	v_mul_f32_e32 v2, s36, v2                                  // 00000000415C: 10040424
	v_mul_f32_e32 v3, s36, v3                                  // 000000004160: 10060624
	v_mul_f32_e32 v4, s36, v4                                  // 000000004164: 10080824
	v_mul_f32_e32 v5, s36, v5                                  // 000000004168: 100A0A24
	v_mul_f32_e32 v6, s36, v6                                  // 00000000416C: 100C0C24
	v_mul_f32_e32 v7, s36, v7                                  // 000000004170: 100E0E24
	v_mul_f32_e32 v8, s36, v8                                  // 000000004174: 10101024
	v_mul_f32_e32 v9, s36, v9                                  // 000000004178: 10121224
	s_wait_loadcnt 0x0                                         // 00000000417C: BFC00000
	s_wait_storecnt 0x0                                        // 000000004180: BFC10000
	v_fmac_f32_e64 v0, v25, s37                                // 000000004184: D52B0000 00004B19
	buffer_store_b32 v0, v24, s[16:19], null offen             // 00000000418C: C406807C 40802000 00000018
	v_fmac_f32_e64 v1, v27, s37                                // 000000004198: D52B0001 00004B1B
	buffer_store_b32 v1, v26, s[16:19], null offen             // 0000000041A0: C406807C 40802001 0000001A
	v_fmac_f32_e64 v2, v29, s37                                // 0000000041AC: D52B0002 00004B1D
	buffer_store_b32 v2, v28, s[16:19], null offen             // 0000000041B4: C406807C 40802002 0000001C
	v_fmac_f32_e64 v3, v31, s37                                // 0000000041C0: D52B0003 00004B1F
	buffer_store_b32 v3, v30, s[16:19], null offen             // 0000000041C8: C406807C 40802003 0000001E
	v_fmac_f32_e64 v4, v33, s37                                // 0000000041D4: D52B0004 00004B21
	buffer_store_b32 v4, v32, s[16:19], null offen             // 0000000041DC: C406807C 40802004 00000020
	v_fmac_f32_e64 v5, v35, s37                                // 0000000041E8: D52B0005 00004B23
	buffer_store_b32 v5, v34, s[16:19], null offen             // 0000000041F0: C406807C 40802005 00000022
	v_fmac_f32_e64 v6, v37, s37                                // 0000000041FC: D52B0006 00004B25
	buffer_store_b32 v6, v36, s[16:19], null offen             // 000000004204: C406807C 40802006 00000024
	v_fmac_f32_e64 v7, v39, s37                                // 000000004210: D52B0007 00004B27
	buffer_store_b32 v7, v38, s[16:19], null offen             // 000000004218: C406807C 40802007 00000026
	v_fmac_f32_e64 v8, v41, s37                                // 000000004224: D52B0008 00004B29
	buffer_store_b32 v8, v40, s[16:19], null offen             // 00000000422C: C406807C 40802008 00000028
	v_fmac_f32_e64 v9, v43, s37                                // 000000004238: D52B0009 00004B2B
	buffer_store_b32 v9, v42, s[16:19], null offen             // 000000004240: C406807C 40802009 0000002A
	v_add_co_u32 v22, vcc_lo, v18, 32                          // 00000000424C: D7006A16 00014112
	v_cmp_lt_u32_e64 s54, v22, s46                             // 000000004254: D4490036 00005D16
	v_cmp_lt_u32_e64 s58, v19, s47                             // 00000000425C: D449003A 00005F13
	s_and_b64 s[58:59], s[54:55], s[58:59]                     // 000000004264: 8BBA3A36
	v_add_lshl_u32 v24, v20, v22, 2                            // 000000004268: D6470018 020A2D14
	v_cndmask_b32_e64 v24, -1, v24, s58                        // 000000004270: D5010018 00EA30C1
	buffer_load_b32 v25, v24, s[20:23], null offen             // 000000004278: C405007C 40802819 00000018
	v_add_lshl_u32 v24, v21, v22, 2                            // 000000004284: D6470018 020A2D15
	v_cndmask_b32_e64 v24, -1, v24, s58                        // 00000000428C: D5010018 00EA30C1
	v_add_co_u32 v22, vcc_lo, v18, 48                          // 000000004294: D7006A16 00016112
	v_cmp_lt_u32_e64 s54, v22, s46                             // 00000000429C: D4490036 00005D16
	v_cmp_lt_u32_e64 s58, v19, s47                             // 0000000042A4: D449003A 00005F13
	s_and_b64 s[58:59], s[54:55], s[58:59]                     // 0000000042AC: 8BBA3A36
	v_add_lshl_u32 v26, v20, v22, 2                            // 0000000042B0: D647001A 020A2D14
	v_cndmask_b32_e64 v26, -1, v26, s58                        // 0000000042B8: D501001A 00EA34C1
	buffer_load_b32 v27, v26, s[20:23], null offen             // 0000000042C0: C405007C 4080281B 0000001A
	v_add_lshl_u32 v26, v21, v22, 2                            // 0000000042CC: D647001A 020A2D15
	v_cndmask_b32_e64 v26, -1, v26, s58                        // 0000000042D4: D501001A 00EA34C1
	v_add_co_u32 v19, vcc_lo, v19, 16                          // 0000000042DC: D7006A13 00012113
	s_mul_i32 s54, s40, 16                                     // 0000000042E4: 96369028
	v_add_nc_u32_e64 v20, v20, s54                             // 0000000042E8: D5250014 00006D14
	s_mul_i32 s54, s38, 16                                     // 0000000042F0: 96369026
	v_add_nc_u32_e64 v21, v21, s54                             // 0000000042F4: D5250015 00006D15
	v_cmp_lt_u32_e64 s54, v18, s46                             // 0000000042FC: D4490036 00005D12
	v_cmp_lt_u32_e64 s58, v19, s47                             // 000000004304: D449003A 00005F13
	s_and_b64 s[58:59], s[54:55], s[58:59]                     // 00000000430C: 8BBA3A36
	v_add_lshl_u32 v28, v20, v18, 2                            // 000000004310: D647001C 020A2514
	v_cndmask_b32_e64 v28, -1, v28, s58                        // 000000004318: D501001C 00EA38C1
	buffer_load_b32 v29, v28, s[20:23], null offen             // 000000004320: C405007C 4080281D 0000001C
	v_add_lshl_u32 v28, v21, v18, 2                            // 00000000432C: D647001C 020A2515
	v_cndmask_b32_e64 v28, -1, v28, s58                        // 000000004334: D501001C 00EA38C1
	v_add_co_u32 v22, vcc_lo, v18, 16                          // 00000000433C: D7006A16 00012112
	v_cmp_lt_u32_e64 s54, v22, s46                             // 000000004344: D4490036 00005D16
	v_cmp_lt_u32_e64 s58, v19, s47                             // 00000000434C: D449003A 00005F13
	s_and_b64 s[58:59], s[54:55], s[58:59]                     // 000000004354: 8BBA3A36
	v_add_lshl_u32 v30, v20, v22, 2                            // 000000004358: D647001E 020A2D14
	v_cndmask_b32_e64 v30, -1, v30, s58                        // 000000004360: D501001E 00EA3CC1
	buffer_load_b32 v31, v30, s[20:23], null offen             // 000000004368: C405007C 4080281F 0000001E
	v_add_lshl_u32 v30, v21, v22, 2                            // 000000004374: D647001E 020A2D15
	v_cndmask_b32_e64 v30, -1, v30, s58                        // 00000000437C: D501001E 00EA3CC1
	v_add_co_u32 v22, vcc_lo, v18, 32                          // 000000004384: D7006A16 00014112
	v_cmp_lt_u32_e64 s54, v22, s46                             // 00000000438C: D4490036 00005D16
	v_cmp_lt_u32_e64 s58, v19, s47                             // 000000004394: D449003A 00005F13
	s_and_b64 s[58:59], s[54:55], s[58:59]                     // 00000000439C: 8BBA3A36
	v_add_lshl_u32 v32, v20, v22, 2                            // 0000000043A0: D6470020 020A2D14
	v_cndmask_b32_e64 v32, -1, v32, s58                        // 0000000043A8: D5010020 00EA40C1
	buffer_load_b32 v33, v32, s[20:23], null offen             // 0000000043B0: C405007C 40802821 00000020
	v_add_lshl_u32 v32, v21, v22, 2                            // 0000000043BC: D6470020 020A2D15
	v_cndmask_b32_e64 v32, -1, v32, s58                        // 0000000043C4: D5010020 00EA40C1
	v_add_co_u32 v22, vcc_lo, v18, 48                          // 0000000043CC: D7006A16 00016112
	v_cmp_lt_u32_e64 s54, v22, s46                             // 0000000043D4: D4490036 00005D16
	v_cmp_lt_u32_e64 s58, v19, s47                             // 0000000043DC: D449003A 00005F13
	s_and_b64 s[58:59], s[54:55], s[58:59]                     // 0000000043E4: 8BBA3A36
	v_add_lshl_u32 v34, v20, v22, 2                            // 0000000043E8: D6470022 020A2D14
	v_cndmask_b32_e64 v34, -1, v34, s58                        // 0000000043F0: D5010022 00EA44C1
	buffer_load_b32 v35, v34, s[20:23], null offen             // 0000000043F8: C405007C 40802823 00000022
	v_add_lshl_u32 v34, v21, v22, 2                            // 000000004404: D6470022 020A2D15
	v_cndmask_b32_e64 v34, -1, v34, s58                        // 00000000440C: D5010022 00EA44C1
	v_mul_f32_e32 v10, s36, v10                                // 000000004414: 10141424
	v_mul_f32_e32 v11, s36, v11                                // 000000004418: 10161624
	v_mul_f32_e32 v12, s36, v12                                // 00000000441C: 10181824
	v_mul_f32_e32 v13, s36, v13                                // 000000004420: 101A1A24
	v_mul_f32_e32 v14, s36, v14                                // 000000004424: 101C1C24
	v_mul_f32_e32 v15, s36, v15                                // 000000004428: 101E1E24
	s_wait_loadcnt 0x0                                         // 00000000442C: BFC00000
	s_wait_storecnt 0x0                                        // 000000004430: BFC10000
	v_fmac_f32_e64 v10, v25, s37                               // 000000004434: D52B000A 00004B19
	buffer_store_b32 v10, v24, s[16:19], null offen            // 00000000443C: C406807C 4080200A 00000018
	v_fmac_f32_e64 v11, v27, s37                               // 000000004448: D52B000B 00004B1B
	buffer_store_b32 v11, v26, s[16:19], null offen            // 000000004450: C406807C 4080200B 0000001A
	v_fmac_f32_e64 v12, v29, s37                               // 00000000445C: D52B000C 00004B1D
	buffer_store_b32 v12, v28, s[16:19], null offen            // 000000004464: C406807C 4080200C 0000001C
	v_fmac_f32_e64 v13, v31, s37                               // 000000004470: D52B000D 00004B1F
	buffer_store_b32 v13, v30, s[16:19], null offen            // 000000004478: C406807C 4080200D 0000001E
	v_fmac_f32_e64 v14, v33, s37                               // 000000004484: D52B000E 00004B21
	buffer_store_b32 v14, v32, s[16:19], null offen            // 00000000448C: C406807C 4080200E 00000020
	v_fmac_f32_e64 v15, v35, s37                               // 000000004498: D52B000F 00004B23
	buffer_store_b32 v15, v34, s[16:19], null offen            // 0000000044A0: C406807C 4080200F 00000022
	s_branch label_0047                                        // 0000000044AC: BFA00000

00000000000044b0 <label_GW_End_42>:
	s_endpgm                                                   // 0000000044B0: BFB00000
