
/home/iamthecage/rocm-libraries/shared/tensile/next-tuning/output_valu/1_BenchmarkProblems/Cijk_Ailk_Bljk_SB_00/00_Final/source/build_tmp/SOURCE/assembly/Cijk_Ailk_Bljk_SB_MT64x64x8_SN_K1.co:	file format elf64-amdgpu

Disassembly of section .text:

0000000000001b00 <Cijk_Ailk_Bljk_SB_MT64x64x8_SN_K1_preloaded>:
	s_load_b512 s[24:39], s[0:1], 0x0                          // 000000001B00: F4008600 F8000000
	s_load_b512 s[40:55], s[0:1], 0x40                         // 000000001B08: F4008A00 F8000040
	s_mov_b32 m0, 0x3020                                       // 000000001B10: BEFD00FF 00003020
	v_mov_b32_e32 v46, v0                                      // 000000001B18: 7E5C0300
	v_lshrrev_b32_e32 v0, 4, v46                               // 000000001B1C: 32005C84
	v_and_b32_e32 v1, 15, v46                                  // 000000001B20: 36025C8F
	v_lshrrev_b32_e32 v2, 4, v0                                // 000000001B24: 32040084
	v_and_b32_e32 v3, 15, v0                                   // 000000001B28: 3606008F
	v_lshrrev_b32_e32 v0, 8, v46                               // 000000001B2C: 32005C88
	v_lshlrev_b32_e32 v0, 6, v0                                // 000000001B30: 30000086
	v_add_lshl_u32 v44, v0, v1, 2                              // 000000001B34: D647002C 020A0300
	v_lshrrev_b32_e32 v0, 8, v46                               // 000000001B3C: 32005C88
	s_mov_b32 s7, 0x41                                         // 000000001B40: BE8700FF 00000041
	v_mul_lo_u32 v0, s7, v0                                    // 000000001B48: D72C0000 00020007
	v_add_lshl_u32 v45, v0, v3, 2                              // 000000001B50: D647002D 020A0700
	v_add_co_u32 v45, vcc_lo, 0x800, v45                       // 000000001B58: D7006A2D 00025AFF 00000800
	v_lshrrev_b32_e32 v1, 6, v46                               // 000000001B64: 32025C86
	v_and_b32_e32 v0, 63, v46                                  // 000000001B68: 36005CBF
	v_lshrrev_b32_e32 v2, 3, v46                               // 000000001B6C: 32045C83
	v_and_b32_e32 v3, 7, v46                                   // 000000001B70: 36065C87
	v_mul_u32_u24_e32 v35, 64, v1                              // 000000001B74: 164602C0
	v_add_lshl_u32 v35, v0, v35, 2                             // 000000001B78: D6470023 020A4700
	v_mul_u32_u24_e32 v36, 0x41, v3                            // 000000001B80: 164806FF 00000041
	v_add_lshl_u32 v36, v2, v36, 2                             // 000000001B88: D6470024 020A4902
	v_add_co_u32 v36, vcc_lo, 0x800, v36                       // 000000001B90: D7006A24 000248FF 00000800
	s_waitcnt lgkmcnt(0)                                       // 000000001B9C: BF89FC07
	s_mov_b64 s[20:21], s[30:31]                               // 000000001BA0: BE94011E
	s_mov_b64 s[16:17], s[28:29]                               // 000000001BA4: BE90011C
	s_sub_co_u32 s8, s32, 4                                    // 000000001BA8: 80888420
	s_sub_co_ci_u32 s9, s33, 0                                 // 000000001BAC: 82898021
	s_sub_co_u32 s12, s34, 4                                   // 000000001BB0: 808C8422
	s_sub_co_ci_u32 s13, s35, 0                                // 000000001BB4: 828D8023
	v_cmp_eq_f32_e64 vcc_lo, s36, 0                            // 000000001BB8: D412006A 00010024
	s_cbranch_vccz label_AlphaNonZero                          // 000000001BC0: BFA30001
	s_mov_b32 s49, 0                                           // 000000001BC4: BEB10080

0000000000001bc8 <label_AlphaNonZero>:
	s_mov_b32 s63, 0x10000001                                  // 000000001BC8: BEBF00FF 10000001
	s_mul_hi_u32 s61, s3, s63                                  // 000000001BD0: 96BD3F03
	s_mul_i32 s60, s3, s63                                     // 000000001BD4: 963C3F03
	s_lshr_b64 s[60:61], s[60:61], 31                          // 000000001BD8: 85BC9F3C
	s_mul_i32 s61, s60, 8                                      // 000000001BDC: 963D883C
	s_sub_co_u32 s61, s3, s61                                  // 000000001BE0: 80BD3D03
	s_mul_i32 s61, s61, s51                                    // 000000001BE4: 963D333D
	s_add_co_u32 s61, s61, s2                                  // 000000001BE8: 803D023D
	s_cmp_ge_u32 s60, s53                                      // 000000001BEC: BF09353C
	s_cmov_b32 s63, s55                                        // 000000001BF0: BEBF0237
	s_cselect_b32 s62, s54, 8                                  // 000000001BF4: 983E8836
	s_mul_hi_u32 s3, s61, s63                                  // 000000001BF8: 96833F3D
	s_mul_i32 s2, s61, s63                                     // 000000001BFC: 96023F3D
	s_lshr_b64 s[2:3], s[2:3], 31                              // 000000001C00: 85829F02
	s_mul_i32 s3, s2, s62                                      // 000000001C04: 96033E02
	s_sub_co_u32 s3, s61, s3                                   // 000000001C08: 8083033D
	s_mul_i32 s60, s60, 8                                      // 000000001C0C: 963C883C
	s_add_co_u32 s3, s3, s60                                   // 000000001C10: 80033C03
	v_mul_lo_u32 v4, s42, v1                                   // 000000001C14: D72C0004 0002022A
	v_add_co_u32 v37, vcc_lo, v0, v4                           // 000000001C1C: D7006A25 00020900
	v_add_nc_u32_e32 v37, 1, v37                               // 000000001C24: 4A4A4A81
	v_lshlrev_b32_e32 v37, 2, v37                              // 000000001C28: 304A4A82
	s_mul_i32 s58, s42, 4                                      // 000000001C2C: 963A842A
	s_lshl_b32 s58, s58, 2                                     // 000000001C30: 843A823A
	v_mul_lo_u32 v4, s44, v2                                   // 000000001C34: D72C0004 0002042C
	v_add_co_u32 v38, vcc_lo, v3, v4                           // 000000001C3C: D7006A26 00020903
	v_add_nc_u32_e32 v38, 1, v38                               // 000000001C44: 4A4C4C81
	v_lshlrev_b32_e32 v38, 2, v38                              // 000000001C48: 304C4C82
	s_mul_i32 s59, s44, 32                                     // 000000001C4C: 963BA02C
	s_lshl_b32 s59, s59, 2                                     // 000000001C50: 843B823B
	s_mul_hi_u32 s63, s2, 64                                   // 000000001C54: 96BFC002
	s_mul_i32 s62, s2, 64                                      // 000000001C58: 963EC002
	s_sub_co_u32 s0, s24, s62                                  // 000000001C5C: 80803E18
	s_sub_co_ci_u32 s1, s25, s63                               // 000000001C60: 82813F19
	s_lshl_b64 s[0:1], s[0:1], 2                               // 000000001C64: 84808200
	s_add_co_u32 s0, s0, 4                                     // 000000001C68: 80008400
	s_add_co_ci_u32 s1, s1, 0                                  // 000000001C6C: 82018001
	s_cmp_eq_u32 s1, 0                                         // 000000001C70: BF068001
	s_cselect_b32 s10, s0, -1                                  // 000000001C74: 980AC100
	s_mul_hi_u32 s61, s43, s4                                  // 000000001C78: 96BD042B
	s_mul_i32 s60, s43, s4                                     // 000000001C7C: 963C042B
	s_add_co_u32 s62, s62, s60                                 // 000000001C80: 803E3C3E
	s_add_co_ci_u32 s63, s63, s61                              // 000000001C84: 823F3D3F
	s_lshl_b64 s[62:63], s[62:63], 2                           // 000000001C88: 84BE823E
	s_add_co_u32 s8, s8, s62                                   // 000000001C8C: 80083E08
	s_add_co_ci_u32 s9, s9, s63                                // 000000001C90: 82093F09
	s_mov_b32 s11, 0x30020000                                  // 000000001C94: BE8B00FF 30020000
	s_mul_hi_u32 s63, s3, 64                                   // 000000001C9C: 96BFC003
	s_mul_i32 s62, s3, 64                                      // 000000001CA0: 963EC003
	s_mul_hi_u32 s63, s62, s44                                 // 000000001CA4: 96BF2C3E
	s_mul_i32 s62, s62, s44                                    // 000000001CA8: 963E2C3E
	s_sub_co_u32 s28, s26, s62                                 // 000000001CAC: 809C3E1A
	s_sub_co_ci_u32 s29, s27, s63                              // 000000001CB0: 829D3F1B
	s_lshl_b64 s[28:29], s[28:29], 2                           // 000000001CB4: 849C821C
	s_add_co_u32 s28, s28, 4                                   // 000000001CB8: 801C841C
	s_add_co_ci_u32 s29, s29, 0                                // 000000001CBC: 821D801D
	s_cmp_eq_u32 s29, 0                                        // 000000001CC0: BF06801D
	s_cselect_b32 s14, s28, -1                                 // 000000001CC4: 980EC11C
	s_mul_hi_u32 s61, s45, s4                                  // 000000001CC8: 96BD042D
	s_mul_i32 s60, s45, s4                                     // 000000001CCC: 963C042D
	s_add_co_u32 s62, s62, s60                                 // 000000001CD0: 803E3C3E
	s_add_co_ci_u32 s63, s63, s61                              // 000000001CD4: 823F3D3F
	s_lshl_b64 s[62:63], s[62:63], 2                           // 000000001CD8: 84BE823E
	s_add_co_u32 s12, s12, s62                                 // 000000001CDC: 800C3E0C
	s_add_co_ci_u32 s13, s13, s63                              // 000000001CE0: 820D3F0D
	s_mov_b32 s15, 0x30020000                                  // 000000001CE4: BE8F00FF 30020000
	s_mul_i32 s34, 32, s42                                     // 000000001CEC: 96222AA0
	s_mov_b32 s35, 32                                          // 000000001CF0: BEA300A0
	s_lshr_b32 s5, s49, 3                                      // 000000001CF4: 85058331
	s_mov_b32 s6, s5                                           // 000000001CF8: BE860005
	s_and_b32 s7, s50, s2                                      // 000000001CFC: 8B070232
	s_lshl_b32 s7, s7, 3                                       // 000000001D00: 84078307
	s_mul_hi_u32 s61, s7, s34                                  // 000000001D04: 96BD2207
	s_mul_i32 s60, s7, s34                                     // 000000001D08: 963C2207
	s_mul_hi_u32 s31, s5, s34                                  // 000000001D0C: 969F2205
	s_mul_i32 s30, s5, s34                                     // 000000001D10: 961E2205
	s_sub_co_u32 s30, s34, s30                                 // 000000001D14: 809E1E22
	s_sub_co_ci_u32 s31, 0, s31                                // 000000001D18: 829F1F80
	s_add_co_u32 s8, s8, s60                                   // 000000001D1C: 80083C08
	s_add_co_ci_u32 s9, s9, s61                                // 000000001D20: 82093D09
	s_sub_co_u32 s0, s0, s60                                   // 000000001D24: 80803C00
	s_sub_co_ci_u32 s1, s1, s61                                // 000000001D28: 82813D01
	s_cmp_eq_u32 s1, 0                                         // 000000001D2C: BF068001
	s_cselect_b32 s10, s0, -1                                  // 000000001D30: 980AC100
	s_mul_hi_u32 s61, s7, s35                                  // 000000001D34: 96BD2307
	s_mul_i32 s60, s7, s35                                     // 000000001D38: 963C2307
	s_mul_hi_u32 s33, s5, s35                                  // 000000001D3C: 96A12305
	s_mul_i32 s32, s5, s35                                     // 000000001D40: 96202305
	s_sub_co_u32 s32, s35, s32                                 // 000000001D44: 80A02023
	s_sub_co_ci_u32 s33, 0, s33                                // 000000001D48: 82A12180
	s_add_co_u32 s12, s12, s60                                 // 000000001D4C: 800C3C0C
	s_add_co_ci_u32 s13, s13, s61                              // 000000001D50: 820D3D0D
	s_sub_co_u32 s28, s28, s60                                 // 000000001D54: 809C3C1C
	s_sub_co_ci_u32 s29, s29, s61                              // 000000001D58: 829D3D1D
	s_cmp_eq_u32 s29, 0                                        // 000000001D5C: BF06801D
	s_cselect_b32 s14, s28, -1                                 // 000000001D60: 980EC11C
	s_add_co_u32 s7, s7, 2                                     // 000000001D64: 80078207
	s_cmp_eq_u32 s5, 0                                         // 000000001D68: BF068005
	s_cbranch_scc1 ShadowInitStart_10                          // 000000001D6C: BFA20020
	buffer_load_b32 v40, v37, s[8:11], null offen              // 000000001D70: C405007C 40801028 00000025
	buffer_load_b32 v41, v37, s[8:11], s58 offen               // 000000001D7C: C405003A 40801029 00000025
	buffer_load_b32 v42, v38, s[12:15], null offen             // 000000001D88: C405007C 4080182A 00000026
	buffer_load_b32 v43, v38, s[12:15], s59 offen              // 000000001D94: C405003B 4080182B 00000026
	s_add_co_u32 s62, s5, 1                                    // 000000001DA0: 803E8105
	s_cmp_eq_u32 s7, s62                                       // 000000001DA4: BF063E07
	s_cselect_b32 s60, s30, s34                                // 000000001DA8: 983C221E
	s_cselect_b32 s61, s31, 0                                  // 000000001DAC: 983D801F
	s_add_co_u32 s8, s8, s60                                   // 000000001DB0: 80083C08
	s_add_co_ci_u32 s9, s9, s61                                // 000000001DB4: 82093D09
	s_sub_co_u32 s0, s0, s60                                   // 000000001DB8: 80803C00
	s_sub_co_ci_u32 s1, s1, s61                                // 000000001DBC: 82813D01
	s_cmp_eq_u32 s1, 0                                         // 000000001DC0: BF068001
	s_cselect_b32 s10, s0, -1                                  // 000000001DC4: 980AC100
	s_add_co_u32 s62, s5, 1                                    // 000000001DC8: 803E8105
	s_cmp_eq_u32 s7, s62                                       // 000000001DCC: BF063E07
	s_cselect_b32 s60, s32, s35                                // 000000001DD0: 983C2320
	s_cselect_b32 s61, s33, 0                                  // 000000001DD4: 983D8021
	s_add_co_u32 s12, s12, s60                                 // 000000001DD8: 800C3C0C
	s_add_co_ci_u32 s13, s13, s61                              // 000000001DDC: 820D3D0D
	s_sub_co_u32 s28, s28, s60                                 // 000000001DE0: 809C3C1C
	s_sub_co_ci_u32 s29, s29, s61                              // 000000001DE4: 829D3D1D
	s_cmp_eq_u32 s29, 0                                        // 000000001DE8: BF06801D
	s_cselect_b32 s14, s28, -1                                 // 000000001DEC: 980EC11C

0000000000001df0 <ShadowInitStart_10>:
	s_mov_b32 s18, 0xfffff000                                  // 000000001DF0: BE9200FF FFFFF000
	s_mov_b32 s19, 0x30020000                                  // 000000001DF8: BE9300FF 30020000
	s_mov_b32 s22, 0xfffff000                                  // 000000001E00: BE9600FF FFFFF000
	s_mov_b32 s23, 0x30020000                                  // 000000001E08: BE9700FF 30020000
	s_mul_i32 s62, 64, s3                                      // 000000001E10: 963E03C0
	s_mul_hi_u32 s61, s62, s40                                 // 000000001E14: 96BD283E
	s_mul_i32 s60, s62, s40                                    // 000000001E18: 963C283E
	s_lshl_b64 s[60:61], s[60:61], 2                           // 000000001E1C: 84BC823C
	s_add_co_u32 s20, s20, s60                                 // 000000001E20: 80143C14
	s_add_co_ci_u32 s21, s21, s61                              // 000000001E24: 82153D15
	s_mul_hi_u32 s61, s62, s38                                 // 000000001E28: 96BD263E
	s_mul_i32 s60, s62, s38                                    // 000000001E2C: 963C263E
	s_lshl_b64 s[60:61], s[60:61], 2                           // 000000001E30: 84BC823C
	s_add_co_u32 s16, s16, s60                                 // 000000001E34: 80103C10
	s_add_co_ci_u32 s17, s17, s61                              // 000000001E38: 82113D11
	s_mul_hi_u32 s61, s4, s41                                  // 000000001E3C: 96BD2904
	s_mul_i32 s60, s4, s41                                     // 000000001E40: 963C2904
	s_lshl_b64 s[60:61], s[60:61], 2                           // 000000001E44: 84BC823C
	s_add_co_u32 s20, s20, s60                                 // 000000001E48: 80143C14
	s_add_co_ci_u32 s21, s21, s61                              // 000000001E4C: 82153D15
	s_mul_hi_u32 s61, s4, s39                                  // 000000001E50: 96BD2704
	s_mul_i32 s60, s4, s39                                     // 000000001E54: 963C2704
	s_lshl_b64 s[60:61], s[60:61], 2                           // 000000001E58: 84BC823C
	s_add_co_u32 s16, s16, s60                                 // 000000001E5C: 80103C10
	s_add_co_ci_u32 s17, s17, s61                              // 000000001E60: 82113D11
	v_mov_b32_e32 v0, 0                                        // 000000001E64: 7E000280
	v_mov_b32_e32 v1, 0                                        // 000000001E68: 7E020280
	v_mov_b32_e32 v2, 0                                        // 000000001E6C: 7E040280
	v_mov_b32_e32 v3, 0                                        // 000000001E70: 7E060280
	v_mov_b32_e32 v4, 0                                        // 000000001E74: 7E080280
	v_mov_b32_e32 v5, 0                                        // 000000001E78: 7E0A0280
	v_mov_b32_e32 v6, 0                                        // 000000001E7C: 7E0C0280
	v_mov_b32_e32 v7, 0                                        // 000000001E80: 7E0E0280
	v_mov_b32_e32 v8, 0                                        // 000000001E84: 7E100280
	v_mov_b32_e32 v9, 0                                        // 000000001E88: 7E120280
	v_mov_b32_e32 v10, 0                                       // 000000001E8C: 7E140280
	v_mov_b32_e32 v11, 0                                       // 000000001E90: 7E160280
	v_mov_b32_e32 v12, 0                                       // 000000001E94: 7E180280
	v_mov_b32_e32 v13, 0                                       // 000000001E98: 7E1A0280
	v_mov_b32_e32 v14, 0                                       // 000000001E9C: 7E1C0280
	v_mov_b32_e32 v15, 0                                       // 000000001EA0: 7E1E0280
	s_cmp_eq_u32 s5, 0                                         // 000000001EA4: BF068005
	s_cbranch_scc0 label_NoBranch_11                           // 000000001EA8: BFA10006
	s_getpc_b64 s[60:61]                                       // 000000001EAC: BEBC4700
	s_add_co_i32 s62, 0x148c, 4                                // 000000001EB0: 813E84FF 0000148C
	s_add_co_u32 s60, s60, s62                                 // 000000001EB8: 803C3E3C
	s_add_co_ci_u32 s61, s61, 0                                // 000000001EBC: 823D803D
	s_setpc_b64 s[60:61]                                       // 000000001EC0: BE80483C

0000000000001ec4 <label_NoBranch_11>:
	s_waitcnt vmcnt(0)                                         // 000000001EC4: BF8903F7
	ds_store_b32 v35, v40                                      // 000000001EC8: D8340000 00002823
	ds_store_b32 v35, v41 offset:1024                          // 000000001ED0: D8340400 00002923
	ds_store_b32 v36, v42                                      // 000000001ED8: D8340000 00002A24
	ds_store_b32 v36, v43 offset:128                           // 000000001EE0: D8340080 00002B24
	s_waitcnt lgkmcnt(0)                                       // 000000001EE8: BF89FC07
	s_barrier_signal -1                                        // 000000001EEC: BE804EC1
	s_barrier_wait 0xffff                                      // 000000001EF0: BF94FFFF
	ds_load_b32 v18, v44                                       // 000000001EF4: D8D80000 1200002C
	ds_load_b32 v19, v44 offset:64                             // 000000001EFC: D8D80040 1300002C
	ds_load_b32 v20, v44 offset:128                            // 000000001F04: D8D80080 1400002C
	ds_load_b32 v21, v44 offset:192                            // 000000001F0C: D8D800C0 1500002C
	ds_load_b32 v27, v45                                       // 000000001F14: D8D80000 1B00002D
	ds_load_b32 v28, v45 offset:64                             // 000000001F1C: D8D80040 1C00002D
	ds_load_b32 v29, v45 offset:128                            // 000000001F24: D8D80080 1D00002D
	ds_load_b32 v30, v45 offset:192                            // 000000001F2C: D8D800C0 1E00002D

0000000000001f34 <openLoopL_12>:
	s_cmp_le_u32 s5, 1                                         // 000000001F34: BF0B8105
	s_cbranch_scc1 LoopEndL_2                                  // 000000001F38: BFA20295

0000000000001f3c <label_0013>:
	ds_load_b32 v22, v44 offset:256                            // 000000001F3C: D8D80100 1600002C
	ds_load_b32 v23, v44 offset:320                            // 000000001F44: D8D80140 1700002C
	ds_load_b32 v24, v44 offset:384                            // 000000001F4C: D8D80180 1800002C
	ds_load_b32 v25, v44 offset:448                            // 000000001F54: D8D801C0 1900002C
	buffer_load_b32 v40, v37, s[8:11], null offen              // 000000001F5C: C405007C 40801028 00000025
	buffer_load_b32 v41, v37, s[8:11], s58 offen               // 000000001F68: C405003A 40801029 00000025
	buffer_load_b32 v42, v38, s[12:15], null offen             // 000000001F74: C405007C 4080182A 00000026
	ds_load_b32 v31, v45 offset:260                            // 000000001F80: D8D80104 1F00002D
	ds_load_b32 v32, v45 offset:324                            // 000000001F88: D8D80144 2000002D
	ds_load_b32 v33, v45 offset:388                            // 000000001F90: D8D80184 2100002D
	ds_load_b32 v34, v45 offset:452                            // 000000001F98: D8D801C4 2200002D
	s_waitcnt lgkmcnt(8)                                       // 000000001FA0: BF89FC87
	v_fmac_f32_e32 v0, v18, v27                                // 000000001FA4: 56003712
	s_setprio 1                                                // 000000001FA8: BFB50001
	v_fmac_f32_e32 v1, v19, v27                                // 000000001FAC: 56023713
	v_fmac_f32_e32 v2, v20, v27                                // 000000001FB0: 56043714
	v_fmac_f32_e32 v3, v21, v27                                // 000000001FB4: 56063715
	v_fmac_f32_e32 v4, v18, v28                                // 000000001FB8: 56083912
	v_fmac_f32_e32 v5, v19, v28                                // 000000001FBC: 560A3913
	v_fmac_f32_e32 v6, v20, v28                                // 000000001FC0: 560C3914
	v_fmac_f32_e32 v7, v21, v28                                // 000000001FC4: 560E3915
	v_fmac_f32_e32 v8, v18, v29                                // 000000001FC8: 56103B12
	v_fmac_f32_e32 v9, v19, v29                                // 000000001FCC: 56123B13
	v_fmac_f32_e32 v10, v20, v29                               // 000000001FD0: 56143B14
	v_fmac_f32_e32 v11, v21, v29                               // 000000001FD4: 56163B15
	v_fmac_f32_e32 v12, v18, v30                               // 000000001FD8: 56183D12
	v_fmac_f32_e32 v13, v19, v30                               // 000000001FDC: 561A3D13
	v_fmac_f32_e32 v14, v20, v30                               // 000000001FE0: 561C3D14
	v_fmac_f32_e32 v15, v21, v30                               // 000000001FE4: 561E3D15
	s_setprio 0                                                // 000000001FE8: BFB50000
	ds_load_b32 v18, v44 offset:512                            // 000000001FEC: D8D80200 1200002C
	ds_load_b32 v19, v44 offset:576                            // 000000001FF4: D8D80240 1300002C
	ds_load_b32 v20, v44 offset:640                            // 000000001FFC: D8D80280 1400002C
	ds_load_b32 v21, v44 offset:704                            // 000000002004: D8D802C0 1500002C
	buffer_load_b32 v43, v38, s[12:15], s59 offen              // 00000000200C: C405003B 4080182B 00000026
	ds_load_b32 v27, v45 offset:520                            // 000000002018: D8D80208 1B00002D
	ds_load_b32 v28, v45 offset:584                            // 000000002020: D8D80248 1C00002D
	ds_load_b32 v29, v45 offset:648                            // 000000002028: D8D80288 1D00002D
	ds_load_b32 v30, v45 offset:712                            // 000000002030: D8D802C8 1E00002D
	s_waitcnt lgkmcnt(8)                                       // 000000002038: BF89FC87
	v_fmac_f32_e32 v0, v22, v31                                // 00000000203C: 56003F16
	s_setprio 1                                                // 000000002040: BFB50001
	v_fmac_f32_e32 v1, v23, v31                                // 000000002044: 56023F17
	v_fmac_f32_e32 v2, v24, v31                                // 000000002048: 56043F18
	v_fmac_f32_e32 v3, v25, v31                                // 00000000204C: 56063F19
	v_fmac_f32_e32 v4, v22, v32                                // 000000002050: 56084116
	v_fmac_f32_e32 v5, v23, v32                                // 000000002054: 560A4117
	v_fmac_f32_e32 v6, v24, v32                                // 000000002058: 560C4118
	v_fmac_f32_e32 v7, v25, v32                                // 00000000205C: 560E4119
	v_fmac_f32_e32 v8, v22, v33                                // 000000002060: 56104316
	v_fmac_f32_e32 v9, v23, v33                                // 000000002064: 56124317
	v_fmac_f32_e32 v10, v24, v33                               // 000000002068: 56144318
	v_fmac_f32_e32 v11, v25, v33                               // 00000000206C: 56164319
	v_fmac_f32_e32 v12, v22, v34                               // 000000002070: 56184516
	v_fmac_f32_e32 v13, v23, v34                               // 000000002074: 561A4517
	v_fmac_f32_e32 v14, v24, v34                               // 000000002078: 561C4518
	v_fmac_f32_e32 v15, v25, v34                               // 00000000207C: 561E4519
	s_setprio 0                                                // 000000002080: BFB50000
	ds_load_b32 v22, v44 offset:768                            // 000000002084: D8D80300 1600002C
	ds_load_b32 v23, v44 offset:832                            // 00000000208C: D8D80340 1700002C
	ds_load_b32 v24, v44 offset:896                            // 000000002094: D8D80380 1800002C
	ds_load_b32 v25, v44 offset:960                            // 00000000209C: D8D803C0 1900002C
	s_cmp_eq_u32 s5, s7                                        // 0000000020A4: BF060705
	s_cselect_b32 s60, s30, s34                                // 0000000020A8: 983C221E
	s_cselect_b32 s61, s31, 0                                  // 0000000020AC: 983D801F
	s_add_co_u32 s8, s8, s60                                   // 0000000020B0: 80083C08
	s_add_co_ci_u32 s9, s9, s61                                // 0000000020B4: 82093D09
	s_sub_co_u32 s0, s0, s60                                   // 0000000020B8: 80803C00
	s_sub_co_ci_u32 s1, s1, s61                                // 0000000020BC: 82813D01
	s_cmp_eq_u32 s1, 0                                         // 0000000020C0: BF068001
	s_cselect_b32 s10, s0, -1                                  // 0000000020C4: 980AC100
	ds_load_b32 v31, v45 offset:780                            // 0000000020C8: D8D8030C 1F00002D
	ds_load_b32 v32, v45 offset:844                            // 0000000020D0: D8D8034C 2000002D
	ds_load_b32 v33, v45 offset:908                            // 0000000020D8: D8D8038C 2100002D
	ds_load_b32 v34, v45 offset:972                            // 0000000020E0: D8D803CC 2200002D
	s_waitcnt lgkmcnt(8)                                       // 0000000020E8: BF89FC87
	v_fmac_f32_e32 v0, v18, v27                                // 0000000020EC: 56003712
	s_setprio 1                                                // 0000000020F0: BFB50001
	v_fmac_f32_e32 v1, v19, v27                                // 0000000020F4: 56023713
	v_fmac_f32_e32 v2, v20, v27                                // 0000000020F8: 56043714
	v_fmac_f32_e32 v3, v21, v27                                // 0000000020FC: 56063715
	v_fmac_f32_e32 v4, v18, v28                                // 000000002100: 56083912
	v_fmac_f32_e32 v5, v19, v28                                // 000000002104: 560A3913
	v_fmac_f32_e32 v6, v20, v28                                // 000000002108: 560C3914
	v_fmac_f32_e32 v7, v21, v28                                // 00000000210C: 560E3915
	v_fmac_f32_e32 v8, v18, v29                                // 000000002110: 56103B12
	v_fmac_f32_e32 v9, v19, v29                                // 000000002114: 56123B13
	v_fmac_f32_e32 v10, v20, v29                               // 000000002118: 56143B14
	v_fmac_f32_e32 v11, v21, v29                               // 00000000211C: 56163B15
	v_fmac_f32_e32 v12, v18, v30                               // 000000002120: 56183D12
	v_fmac_f32_e32 v13, v19, v30                               // 000000002124: 561A3D13
	v_fmac_f32_e32 v14, v20, v30                               // 000000002128: 561C3D14
	v_fmac_f32_e32 v15, v21, v30                               // 00000000212C: 561E3D15
	s_setprio 0                                                // 000000002130: BFB50000
	ds_load_b32 v18, v44 offset:1024                           // 000000002134: D8D80400 1200002C
	ds_load_b32 v19, v44 offset:1088                           // 00000000213C: D8D80440 1300002C
	ds_load_b32 v20, v44 offset:1152                           // 000000002144: D8D80480 1400002C
	ds_load_b32 v21, v44 offset:1216                           // 00000000214C: D8D804C0 1500002C
	s_cmp_eq_u32 s5, s7                                        // 000000002154: BF060705
	s_cselect_b32 s60, s32, s35                                // 000000002158: 983C2320
	s_cselect_b32 s61, s33, 0                                  // 00000000215C: 983D8021
	s_add_co_u32 s12, s12, s60                                 // 000000002160: 800C3C0C
	s_add_co_ci_u32 s13, s13, s61                              // 000000002164: 820D3D0D
	s_sub_co_u32 s28, s28, s60                                 // 000000002168: 809C3C1C
	s_sub_co_ci_u32 s29, s29, s61                              // 00000000216C: 829D3D1D
	s_cmp_eq_u32 s29, 0                                        // 000000002170: BF06801D
	s_cselect_b32 s14, s28, -1                                 // 000000002174: 980EC11C
	ds_load_b32 v27, v45 offset:1040                           // 000000002178: D8D80410 1B00002D
	ds_load_b32 v28, v45 offset:1104                           // 000000002180: D8D80450 1C00002D
	ds_load_b32 v29, v45 offset:1168                           // 000000002188: D8D80490 1D00002D
	ds_load_b32 v30, v45 offset:1232                           // 000000002190: D8D804D0 1E00002D
	s_waitcnt vmcnt(3)                                         // 000000002198: BF890FF7
	ds_store_b32 v35, v40 offset:8192                          // 00000000219C: D8342000 00002823
	s_waitcnt lgkmcnt(9)                                       // 0000000021A4: BF89FC97
	v_fmac_f32_e32 v0, v22, v31                                // 0000000021A8: 56003F16
	s_setprio 1                                                // 0000000021AC: BFB50001
	v_fmac_f32_e32 v1, v23, v31                                // 0000000021B0: 56023F17
	v_fmac_f32_e32 v2, v24, v31                                // 0000000021B4: 56043F18
	v_fmac_f32_e32 v3, v25, v31                                // 0000000021B8: 56063F19
	v_fmac_f32_e32 v4, v22, v32                                // 0000000021BC: 56084116
	v_fmac_f32_e32 v5, v23, v32                                // 0000000021C0: 560A4117
	v_fmac_f32_e32 v6, v24, v32                                // 0000000021C4: 560C4118
	v_fmac_f32_e32 v7, v25, v32                                // 0000000021C8: 560E4119
	v_fmac_f32_e32 v8, v22, v33                                // 0000000021CC: 56104316
	v_fmac_f32_e32 v9, v23, v33                                // 0000000021D0: 56124317
	v_fmac_f32_e32 v10, v24, v33                               // 0000000021D4: 56144318
	v_fmac_f32_e32 v11, v25, v33                               // 0000000021D8: 56164319
	v_fmac_f32_e32 v12, v22, v34                               // 0000000021DC: 56184516
	v_fmac_f32_e32 v13, v23, v34                               // 0000000021E0: 561A4517
	v_fmac_f32_e32 v14, v24, v34                               // 0000000021E4: 561C4518
	v_fmac_f32_e32 v15, v25, v34                               // 0000000021E8: 561E4519
	s_setprio 0                                                // 0000000021EC: BFB50000
	ds_load_b32 v22, v44 offset:1280                           // 0000000021F0: D8D80500 1600002C
	ds_load_b32 v23, v44 offset:1344                           // 0000000021F8: D8D80540 1700002C
	ds_load_b32 v24, v44 offset:1408                           // 000000002200: D8D80580 1800002C
	ds_load_b32 v25, v44 offset:1472                           // 000000002208: D8D805C0 1900002C
	ds_load_b32 v31, v45 offset:1300                           // 000000002210: D8D80514 1F00002D
	ds_load_b32 v32, v45 offset:1364                           // 000000002218: D8D80554 2000002D
	ds_load_b32 v33, v45 offset:1428                           // 000000002220: D8D80594 2100002D
	ds_load_b32 v34, v45 offset:1492                           // 000000002228: D8D805D4 2200002D
	s_waitcnt vmcnt(2)                                         // 000000002230: BF890BF7
	ds_store_b32 v35, v41 offset:9216                          // 000000002234: D8342400 00002923
	s_waitcnt lgkmcnt(9)                                       // 00000000223C: BF89FC97
	v_fmac_f32_e32 v0, v18, v27                                // 000000002240: 56003712
	s_setprio 1                                                // 000000002244: BFB50001
	v_fmac_f32_e32 v1, v19, v27                                // 000000002248: 56023713
	v_fmac_f32_e32 v2, v20, v27                                // 00000000224C: 56043714
	v_fmac_f32_e32 v3, v21, v27                                // 000000002250: 56063715
	v_fmac_f32_e32 v4, v18, v28                                // 000000002254: 56083912
	v_fmac_f32_e32 v5, v19, v28                                // 000000002258: 560A3913
	v_fmac_f32_e32 v6, v20, v28                                // 00000000225C: 560C3914
	v_fmac_f32_e32 v7, v21, v28                                // 000000002260: 560E3915
	v_fmac_f32_e32 v8, v18, v29                                // 000000002264: 56103B12
	v_fmac_f32_e32 v9, v19, v29                                // 000000002268: 56123B13
	v_fmac_f32_e32 v10, v20, v29                               // 00000000226C: 56143B14
	v_fmac_f32_e32 v11, v21, v29                               // 000000002270: 56163B15
	v_fmac_f32_e32 v12, v18, v30                               // 000000002274: 56183D12
	v_fmac_f32_e32 v13, v19, v30                               // 000000002278: 561A3D13
	v_fmac_f32_e32 v14, v20, v30                               // 00000000227C: 561C3D14
	v_fmac_f32_e32 v15, v21, v30                               // 000000002280: 561E3D15
	s_setprio 0                                                // 000000002284: BFB50000
	ds_load_b32 v18, v44 offset:1536                           // 000000002288: D8D80600 1200002C
	ds_load_b32 v19, v44 offset:1600                           // 000000002290: D8D80640 1300002C
	ds_load_b32 v20, v44 offset:1664                           // 000000002298: D8D80680 1400002C
	ds_load_b32 v21, v44 offset:1728                           // 0000000022A0: D8D806C0 1500002C
	ds_load_b32 v27, v45 offset:1560                           // 0000000022A8: D8D80618 1B00002D
	ds_load_b32 v28, v45 offset:1624                           // 0000000022B0: D8D80658 1C00002D
	ds_load_b32 v29, v45 offset:1688                           // 0000000022B8: D8D80698 1D00002D
	ds_load_b32 v30, v45 offset:1752                           // 0000000022C0: D8D806D8 1E00002D
	s_waitcnt vmcnt(1)                                         // 0000000022C8: BF8907F7
	ds_store_b32 v36, v42 offset:8192                          // 0000000022CC: D8342000 00002A24
	s_waitcnt lgkmcnt(9)                                       // 0000000022D4: BF89FC97
	v_fmac_f32_e32 v0, v22, v31                                // 0000000022D8: 56003F16
	s_setprio 1                                                // 0000000022DC: BFB50001
	v_fmac_f32_e32 v1, v23, v31                                // 0000000022E0: 56023F17
	v_fmac_f32_e32 v2, v24, v31                                // 0000000022E4: 56043F18
	v_fmac_f32_e32 v3, v25, v31                                // 0000000022E8: 56063F19
	v_fmac_f32_e32 v4, v22, v32                                // 0000000022EC: 56084116
	v_fmac_f32_e32 v5, v23, v32                                // 0000000022F0: 560A4117
	v_fmac_f32_e32 v6, v24, v32                                // 0000000022F4: 560C4118
	v_fmac_f32_e32 v7, v25, v32                                // 0000000022F8: 560E4119
	v_fmac_f32_e32 v8, v22, v33                                // 0000000022FC: 56104316
	v_fmac_f32_e32 v9, v23, v33                                // 000000002300: 56124317
	v_fmac_f32_e32 v10, v24, v33                               // 000000002304: 56144318
	v_fmac_f32_e32 v11, v25, v33                               // 000000002308: 56164319
	v_fmac_f32_e32 v12, v22, v34                               // 00000000230C: 56184516
	v_fmac_f32_e32 v13, v23, v34                               // 000000002310: 561A4517
	v_fmac_f32_e32 v14, v24, v34                               // 000000002314: 561C4518
	v_fmac_f32_e32 v15, v25, v34                               // 000000002318: 561E4519
	s_setprio 0                                                // 00000000231C: BFB50000
	ds_load_b32 v22, v44 offset:1792                           // 000000002320: D8D80700 1600002C
	ds_load_b32 v23, v44 offset:1856                           // 000000002328: D8D80740 1700002C
	ds_load_b32 v24, v44 offset:1920                           // 000000002330: D8D80780 1800002C
	ds_load_b32 v25, v44 offset:1984                           // 000000002338: D8D807C0 1900002C
	ds_load_b32 v31, v45 offset:1820                           // 000000002340: D8D8071C 1F00002D
	ds_load_b32 v32, v45 offset:1884                           // 000000002348: D8D8075C 2000002D
	ds_load_b32 v33, v45 offset:1948                           // 000000002350: D8D8079C 2100002D
	ds_load_b32 v34, v45 offset:2012                           // 000000002358: D8D807DC 2200002D
	s_waitcnt vmcnt(0)                                         // 000000002360: BF8903F7
	ds_store_b32 v36, v43 offset:8320                          // 000000002364: D8342080 00002B24
	s_waitcnt lgkmcnt(9)                                       // 00000000236C: BF89FC97
	v_fmac_f32_e32 v0, v18, v27                                // 000000002370: 56003712
	s_setprio 1                                                // 000000002374: BFB50001
	v_fmac_f32_e32 v1, v19, v27                                // 000000002378: 56023713
	v_fmac_f32_e32 v2, v20, v27                                // 00000000237C: 56043714
	v_fmac_f32_e32 v3, v21, v27                                // 000000002380: 56063715
	v_fmac_f32_e32 v4, v18, v28                                // 000000002384: 56083912
	v_fmac_f32_e32 v5, v19, v28                                // 000000002388: 560A3913
	v_fmac_f32_e32 v6, v20, v28                                // 00000000238C: 560C3914
	v_fmac_f32_e32 v7, v21, v28                                // 000000002390: 560E3915
	v_fmac_f32_e32 v8, v18, v29                                // 000000002394: 56103B12
	v_fmac_f32_e32 v9, v19, v29                                // 000000002398: 56123B13
	v_fmac_f32_e32 v10, v20, v29                               // 00000000239C: 56143B14
	v_fmac_f32_e32 v11, v21, v29                               // 0000000023A0: 56163B15
	v_fmac_f32_e32 v12, v18, v30                               // 0000000023A4: 56183D12
	v_fmac_f32_e32 v13, v19, v30                               // 0000000023A8: 561A3D13
	v_fmac_f32_e32 v14, v20, v30                               // 0000000023AC: 561C3D14
	v_fmac_f32_e32 v15, v21, v30                               // 0000000023B0: 561E3D15
	s_setprio 0                                                // 0000000023B4: BFB50000
	s_waitcnt lgkmcnt(0)                                       // 0000000023B8: BF89FC07
	s_barrier_signal -1                                        // 0000000023BC: BE804EC1
	s_barrier_wait 0xffff                                      // 0000000023C0: BF94FFFF
	ds_load_b32 v18, v44 offset:8192                           // 0000000023C4: D8D82000 1200002C
	ds_load_b32 v19, v44 offset:8256                           // 0000000023CC: D8D82040 1300002C
	ds_load_b32 v20, v44 offset:8320                           // 0000000023D4: D8D82080 1400002C
	ds_load_b32 v21, v44 offset:8384                           // 0000000023DC: D8D820C0 1500002C
	ds_load_b32 v27, v45 offset:8192                           // 0000000023E4: D8D82000 1B00002D
	ds_load_b32 v28, v45 offset:8256                           // 0000000023EC: D8D82040 1C00002D
	ds_load_b32 v29, v45 offset:8320                           // 0000000023F4: D8D82080 1D00002D
	ds_load_b32 v30, v45 offset:8384                           // 0000000023FC: D8D820C0 1E00002D
	s_waitcnt lgkmcnt(8)                                       // 000000002404: BF89FC87
	v_fmac_f32_e32 v0, v22, v31                                // 000000002408: 56003F16
	s_setprio 1                                                // 00000000240C: BFB50001
	v_fmac_f32_e32 v1, v23, v31                                // 000000002410: 56023F17
	v_fmac_f32_e32 v2, v24, v31                                // 000000002414: 56043F18
	v_fmac_f32_e32 v3, v25, v31                                // 000000002418: 56063F19
	v_fmac_f32_e32 v4, v22, v32                                // 00000000241C: 56084116
	v_fmac_f32_e32 v5, v23, v32                                // 000000002420: 560A4117
	v_fmac_f32_e32 v6, v24, v32                                // 000000002424: 560C4118
	v_fmac_f32_e32 v7, v25, v32                                // 000000002428: 560E4119
	v_fmac_f32_e32 v8, v22, v33                                // 00000000242C: 56104316
	v_fmac_f32_e32 v9, v23, v33                                // 000000002430: 56124317
	v_fmac_f32_e32 v10, v24, v33                               // 000000002434: 56144318
	v_fmac_f32_e32 v11, v25, v33                               // 000000002438: 56164319
	v_fmac_f32_e32 v12, v22, v34                               // 00000000243C: 56184516
	v_fmac_f32_e32 v13, v23, v34                               // 000000002440: 561A4517
	v_fmac_f32_e32 v14, v24, v34                               // 000000002444: 561C4518
	v_fmac_f32_e32 v15, v25, v34                               // 000000002448: 561E4519
	s_setprio 0                                                // 00000000244C: BFB50000
	s_sub_co_u32 s5, s5, 1                                     // 000000002450: 80858105
	s_cmp_eq_i32 s5, 1                                         // 000000002454: BF008105
	s_cbranch_scc1 LoopEndL_oddexit_3                          // 000000002458: BFA20149

000000000000245c <label_0014>:
	ds_load_b32 v22, v44 offset:8448                           // 00000000245C: D8D82100 1600002C
	ds_load_b32 v23, v44 offset:8512                           // 000000002464: D8D82140 1700002C
	ds_load_b32 v24, v44 offset:8576                           // 00000000246C: D8D82180 1800002C
	ds_load_b32 v25, v44 offset:8640                           // 000000002474: D8D821C0 1900002C
	buffer_load_b32 v40, v37, s[8:11], null offen              // 00000000247C: C405007C 40801028 00000025
	buffer_load_b32 v41, v37, s[8:11], s58 offen               // 000000002488: C405003A 40801029 00000025
	buffer_load_b32 v42, v38, s[12:15], null offen             // 000000002494: C405007C 4080182A 00000026
	ds_load_b32 v31, v45 offset:8452                           // 0000000024A0: D8D82104 1F00002D
	ds_load_b32 v32, v45 offset:8516                           // 0000000024A8: D8D82144 2000002D
	ds_load_b32 v33, v45 offset:8580                           // 0000000024B0: D8D82184 2100002D
	ds_load_b32 v34, v45 offset:8644                           // 0000000024B8: D8D821C4 2200002D
	s_waitcnt lgkmcnt(8)                                       // 0000000024C0: BF89FC87
	v_fmac_f32_e32 v0, v18, v27                                // 0000000024C4: 56003712
	s_setprio 1                                                // 0000000024C8: BFB50001
	v_fmac_f32_e32 v1, v19, v27                                // 0000000024CC: 56023713
	v_fmac_f32_e32 v2, v20, v27                                // 0000000024D0: 56043714
	v_fmac_f32_e32 v3, v21, v27                                // 0000000024D4: 56063715
	v_fmac_f32_e32 v4, v18, v28                                // 0000000024D8: 56083912
	v_fmac_f32_e32 v5, v19, v28                                // 0000000024DC: 560A3913
	v_fmac_f32_e32 v6, v20, v28                                // 0000000024E0: 560C3914
	v_fmac_f32_e32 v7, v21, v28                                // 0000000024E4: 560E3915
	v_fmac_f32_e32 v8, v18, v29                                // 0000000024E8: 56103B12
	v_fmac_f32_e32 v9, v19, v29                                // 0000000024EC: 56123B13
	v_fmac_f32_e32 v10, v20, v29                               // 0000000024F0: 56143B14
	v_fmac_f32_e32 v11, v21, v29                               // 0000000024F4: 56163B15
	v_fmac_f32_e32 v12, v18, v30                               // 0000000024F8: 56183D12
	v_fmac_f32_e32 v13, v19, v30                               // 0000000024FC: 561A3D13
	v_fmac_f32_e32 v14, v20, v30                               // 000000002500: 561C3D14
	v_fmac_f32_e32 v15, v21, v30                               // 000000002504: 561E3D15
	s_setprio 0                                                // 000000002508: BFB50000
	ds_load_b32 v18, v44 offset:8704                           // 00000000250C: D8D82200 1200002C
	ds_load_b32 v19, v44 offset:8768                           // 000000002514: D8D82240 1300002C
	ds_load_b32 v20, v44 offset:8832                           // 00000000251C: D8D82280 1400002C
	ds_load_b32 v21, v44 offset:8896                           // 000000002524: D8D822C0 1500002C
	buffer_load_b32 v43, v38, s[12:15], s59 offen              // 00000000252C: C405003B 4080182B 00000026
	ds_load_b32 v27, v45 offset:8712                           // 000000002538: D8D82208 1B00002D
	ds_load_b32 v28, v45 offset:8776                           // 000000002540: D8D82248 1C00002D
	ds_load_b32 v29, v45 offset:8840                           // 000000002548: D8D82288 1D00002D
	ds_load_b32 v30, v45 offset:8904                           // 000000002550: D8D822C8 1E00002D
	s_waitcnt lgkmcnt(8)                                       // 000000002558: BF89FC87
	v_fmac_f32_e32 v0, v22, v31                                // 00000000255C: 56003F16
	s_setprio 1                                                // 000000002560: BFB50001
	v_fmac_f32_e32 v1, v23, v31                                // 000000002564: 56023F17
	v_fmac_f32_e32 v2, v24, v31                                // 000000002568: 56043F18
	v_fmac_f32_e32 v3, v25, v31                                // 00000000256C: 56063F19
	v_fmac_f32_e32 v4, v22, v32                                // 000000002570: 56084116
	v_fmac_f32_e32 v5, v23, v32                                // 000000002574: 560A4117
	v_fmac_f32_e32 v6, v24, v32                                // 000000002578: 560C4118
	v_fmac_f32_e32 v7, v25, v32                                // 00000000257C: 560E4119
	v_fmac_f32_e32 v8, v22, v33                                // 000000002580: 56104316
	v_fmac_f32_e32 v9, v23, v33                                // 000000002584: 56124317
	v_fmac_f32_e32 v10, v24, v33                               // 000000002588: 56144318
	v_fmac_f32_e32 v11, v25, v33                               // 00000000258C: 56164319
	v_fmac_f32_e32 v12, v22, v34                               // 000000002590: 56184516
	v_fmac_f32_e32 v13, v23, v34                               // 000000002594: 561A4517
	v_fmac_f32_e32 v14, v24, v34                               // 000000002598: 561C4518
	v_fmac_f32_e32 v15, v25, v34                               // 00000000259C: 561E4519
	s_setprio 0                                                // 0000000025A0: BFB50000
	ds_load_b32 v22, v44 offset:8960                           // 0000000025A4: D8D82300 1600002C
	ds_load_b32 v23, v44 offset:9024                           // 0000000025AC: D8D82340 1700002C
	ds_load_b32 v24, v44 offset:9088                           // 0000000025B4: D8D82380 1800002C
	ds_load_b32 v25, v44 offset:9152                           // 0000000025BC: D8D823C0 1900002C
	s_cmp_eq_u32 s5, s7                                        // 0000000025C4: BF060705
	s_cselect_b32 s60, s30, s34                                // 0000000025C8: 983C221E
	s_cselect_b32 s61, s31, 0                                  // 0000000025CC: 983D801F
	s_add_co_u32 s8, s8, s60                                   // 0000000025D0: 80083C08
	s_add_co_ci_u32 s9, s9, s61                                // 0000000025D4: 82093D09
	s_sub_co_u32 s0, s0, s60                                   // 0000000025D8: 80803C00
	s_sub_co_ci_u32 s1, s1, s61                                // 0000000025DC: 82813D01
	s_cmp_eq_u32 s1, 0                                         // 0000000025E0: BF068001
	s_cselect_b32 s10, s0, -1                                  // 0000000025E4: 980AC100
	ds_load_b32 v31, v45 offset:8972                           // 0000000025E8: D8D8230C 1F00002D
	ds_load_b32 v32, v45 offset:9036                           // 0000000025F0: D8D8234C 2000002D
	ds_load_b32 v33, v45 offset:9100                           // 0000000025F8: D8D8238C 2100002D
	ds_load_b32 v34, v45 offset:9164                           // 000000002600: D8D823CC 2200002D
	s_waitcnt lgkmcnt(8)                                       // 000000002608: BF89FC87
	v_fmac_f32_e32 v0, v18, v27                                // 00000000260C: 56003712
	s_setprio 1                                                // 000000002610: BFB50001
	v_fmac_f32_e32 v1, v19, v27                                // 000000002614: 56023713
	v_fmac_f32_e32 v2, v20, v27                                // 000000002618: 56043714
	v_fmac_f32_e32 v3, v21, v27                                // 00000000261C: 56063715
	v_fmac_f32_e32 v4, v18, v28                                // 000000002620: 56083912
	v_fmac_f32_e32 v5, v19, v28                                // 000000002624: 560A3913
	v_fmac_f32_e32 v6, v20, v28                                // 000000002628: 560C3914
	v_fmac_f32_e32 v7, v21, v28                                // 00000000262C: 560E3915
	v_fmac_f32_e32 v8, v18, v29                                // 000000002630: 56103B12
	v_fmac_f32_e32 v9, v19, v29                                // 000000002634: 56123B13
	v_fmac_f32_e32 v10, v20, v29                               // 000000002638: 56143B14
	v_fmac_f32_e32 v11, v21, v29                               // 00000000263C: 56163B15
	v_fmac_f32_e32 v12, v18, v30                               // 000000002640: 56183D12
	v_fmac_f32_e32 v13, v19, v30                               // 000000002644: 561A3D13
	v_fmac_f32_e32 v14, v20, v30                               // 000000002648: 561C3D14
	v_fmac_f32_e32 v15, v21, v30                               // 00000000264C: 561E3D15
	s_setprio 0                                                // 000000002650: BFB50000
	ds_load_b32 v18, v44 offset:9216                           // 000000002654: D8D82400 1200002C
	ds_load_b32 v19, v44 offset:9280                           // 00000000265C: D8D82440 1300002C
	ds_load_b32 v20, v44 offset:9344                           // 000000002664: D8D82480 1400002C
	ds_load_b32 v21, v44 offset:9408                           // 00000000266C: D8D824C0 1500002C
	s_cmp_eq_u32 s5, s7                                        // 000000002674: BF060705
	s_cselect_b32 s60, s32, s35                                // 000000002678: 983C2320
	s_cselect_b32 s61, s33, 0                                  // 00000000267C: 983D8021
	s_add_co_u32 s12, s12, s60                                 // 000000002680: 800C3C0C
	s_add_co_ci_u32 s13, s13, s61                              // 000000002684: 820D3D0D
	s_sub_co_u32 s28, s28, s60                                 // 000000002688: 809C3C1C
	s_sub_co_ci_u32 s29, s29, s61                              // 00000000268C: 829D3D1D
	s_cmp_eq_u32 s29, 0                                        // 000000002690: BF06801D
	s_cselect_b32 s14, s28, -1                                 // 000000002694: 980EC11C
	ds_load_b32 v27, v45 offset:9232                           // 000000002698: D8D82410 1B00002D
	ds_load_b32 v28, v45 offset:9296                           // 0000000026A0: D8D82450 1C00002D
	ds_load_b32 v29, v45 offset:9360                           // 0000000026A8: D8D82490 1D00002D
	ds_load_b32 v30, v45 offset:9424                           // 0000000026B0: D8D824D0 1E00002D
	s_waitcnt vmcnt(3)                                         // 0000000026B8: BF890FF7
	ds_store_b32 v35, v40                                      // 0000000026BC: D8340000 00002823
	s_waitcnt lgkmcnt(9)                                       // 0000000026C4: BF89FC97
	v_fmac_f32_e32 v0, v22, v31                                // 0000000026C8: 56003F16
	s_setprio 1                                                // 0000000026CC: BFB50001
	v_fmac_f32_e32 v1, v23, v31                                // 0000000026D0: 56023F17
	v_fmac_f32_e32 v2, v24, v31                                // 0000000026D4: 56043F18
	v_fmac_f32_e32 v3, v25, v31                                // 0000000026D8: 56063F19
	v_fmac_f32_e32 v4, v22, v32                                // 0000000026DC: 56084116
	v_fmac_f32_e32 v5, v23, v32                                // 0000000026E0: 560A4117
	v_fmac_f32_e32 v6, v24, v32                                // 0000000026E4: 560C4118
	v_fmac_f32_e32 v7, v25, v32                                // 0000000026E8: 560E4119
	v_fmac_f32_e32 v8, v22, v33                                // 0000000026EC: 56104316
	v_fmac_f32_e32 v9, v23, v33                                // 0000000026F0: 56124317
	v_fmac_f32_e32 v10, v24, v33                               // 0000000026F4: 56144318
	v_fmac_f32_e32 v11, v25, v33                               // 0000000026F8: 56164319
	v_fmac_f32_e32 v12, v22, v34                               // 0000000026FC: 56184516
	v_fmac_f32_e32 v13, v23, v34                               // 000000002700: 561A4517
	v_fmac_f32_e32 v14, v24, v34                               // 000000002704: 561C4518
	v_fmac_f32_e32 v15, v25, v34                               // 000000002708: 561E4519
	s_setprio 0                                                // 00000000270C: BFB50000
	ds_load_b32 v22, v44 offset:9472                           // 000000002710: D8D82500 1600002C
	ds_load_b32 v23, v44 offset:9536                           // 000000002718: D8D82540 1700002C
	ds_load_b32 v24, v44 offset:9600                           // 000000002720: D8D82580 1800002C
	ds_load_b32 v25, v44 offset:9664                           // 000000002728: D8D825C0 1900002C
	ds_load_b32 v31, v45 offset:9492                           // 000000002730: D8D82514 1F00002D
	ds_load_b32 v32, v45 offset:9556                           // 000000002738: D8D82554 2000002D
	ds_load_b32 v33, v45 offset:9620                           // 000000002740: D8D82594 2100002D
	ds_load_b32 v34, v45 offset:9684                           // 000000002748: D8D825D4 2200002D
	s_waitcnt vmcnt(2)                                         // 000000002750: BF890BF7
	ds_store_b32 v35, v41 offset:1024                          // 000000002754: D8340400 00002923
	s_waitcnt lgkmcnt(9)                                       // 00000000275C: BF89FC97
	v_fmac_f32_e32 v0, v18, v27                                // 000000002760: 56003712
	s_setprio 1                                                // 000000002764: BFB50001
	v_fmac_f32_e32 v1, v19, v27                                // 000000002768: 56023713
	v_fmac_f32_e32 v2, v20, v27                                // 00000000276C: 56043714
	v_fmac_f32_e32 v3, v21, v27                                // 000000002770: 56063715
	v_fmac_f32_e32 v4, v18, v28                                // 000000002774: 56083912
	v_fmac_f32_e32 v5, v19, v28                                // 000000002778: 560A3913
	v_fmac_f32_e32 v6, v20, v28                                // 00000000277C: 560C3914
	v_fmac_f32_e32 v7, v21, v28                                // 000000002780: 560E3915
	v_fmac_f32_e32 v8, v18, v29                                // 000000002784: 56103B12
	v_fmac_f32_e32 v9, v19, v29                                // 000000002788: 56123B13
	v_fmac_f32_e32 v10, v20, v29                               // 00000000278C: 56143B14
	v_fmac_f32_e32 v11, v21, v29                               // 000000002790: 56163B15
	v_fmac_f32_e32 v12, v18, v30                               // 000000002794: 56183D12
	v_fmac_f32_e32 v13, v19, v30                               // 000000002798: 561A3D13
	v_fmac_f32_e32 v14, v20, v30                               // 00000000279C: 561C3D14
	v_fmac_f32_e32 v15, v21, v30                               // 0000000027A0: 561E3D15
	s_setprio 0                                                // 0000000027A4: BFB50000
	ds_load_b32 v18, v44 offset:9728                           // 0000000027A8: D8D82600 1200002C
	ds_load_b32 v19, v44 offset:9792                           // 0000000027B0: D8D82640 1300002C
	ds_load_b32 v20, v44 offset:9856                           // 0000000027B8: D8D82680 1400002C
	ds_load_b32 v21, v44 offset:9920                           // 0000000027C0: D8D826C0 1500002C
	ds_load_b32 v27, v45 offset:9752                           // 0000000027C8: D8D82618 1B00002D
	ds_load_b32 v28, v45 offset:9816                           // 0000000027D0: D8D82658 1C00002D
	ds_load_b32 v29, v45 offset:9880                           // 0000000027D8: D8D82698 1D00002D
	ds_load_b32 v30, v45 offset:9944                           // 0000000027E0: D8D826D8 1E00002D
	s_waitcnt vmcnt(1)                                         // 0000000027E8: BF8907F7
	ds_store_b32 v36, v42                                      // 0000000027EC: D8340000 00002A24
	s_waitcnt lgkmcnt(9)                                       // 0000000027F4: BF89FC97
	v_fmac_f32_e32 v0, v22, v31                                // 0000000027F8: 56003F16
	s_setprio 1                                                // 0000000027FC: BFB50001
	v_fmac_f32_e32 v1, v23, v31                                // 000000002800: 56023F17
	v_fmac_f32_e32 v2, v24, v31                                // 000000002804: 56043F18
	v_fmac_f32_e32 v3, v25, v31                                // 000000002808: 56063F19
	v_fmac_f32_e32 v4, v22, v32                                // 00000000280C: 56084116
	v_fmac_f32_e32 v5, v23, v32                                // 000000002810: 560A4117
	v_fmac_f32_e32 v6, v24, v32                                // 000000002814: 560C4118
	v_fmac_f32_e32 v7, v25, v32                                // 000000002818: 560E4119
	v_fmac_f32_e32 v8, v22, v33                                // 00000000281C: 56104316
	v_fmac_f32_e32 v9, v23, v33                                // 000000002820: 56124317
	v_fmac_f32_e32 v10, v24, v33                               // 000000002824: 56144318
	v_fmac_f32_e32 v11, v25, v33                               // 000000002828: 56164319
	v_fmac_f32_e32 v12, v22, v34                               // 00000000282C: 56184516
	v_fmac_f32_e32 v13, v23, v34                               // 000000002830: 561A4517
	v_fmac_f32_e32 v14, v24, v34                               // 000000002834: 561C4518
	v_fmac_f32_e32 v15, v25, v34                               // 000000002838: 561E4519
	s_setprio 0                                                // 00000000283C: BFB50000
	ds_load_b32 v22, v44 offset:9984                           // 000000002840: D8D82700 1600002C
	ds_load_b32 v23, v44 offset:10048                          // 000000002848: D8D82740 1700002C
	ds_load_b32 v24, v44 offset:10112                          // 000000002850: D8D82780 1800002C
	ds_load_b32 v25, v44 offset:10176                          // 000000002858: D8D827C0 1900002C
	ds_load_b32 v31, v45 offset:10012                          // 000000002860: D8D8271C 1F00002D
	ds_load_b32 v32, v45 offset:10076                          // 000000002868: D8D8275C 2000002D
	ds_load_b32 v33, v45 offset:10140                          // 000000002870: D8D8279C 2100002D
	ds_load_b32 v34, v45 offset:10204                          // 000000002878: D8D827DC 2200002D
	s_waitcnt vmcnt(0)                                         // 000000002880: BF8903F7
	ds_store_b32 v36, v43 offset:128                           // 000000002884: D8340080 00002B24
	s_waitcnt lgkmcnt(9)                                       // 00000000288C: BF89FC97
	v_fmac_f32_e32 v0, v18, v27                                // 000000002890: 56003712
	s_setprio 1                                                // 000000002894: BFB50001
	v_fmac_f32_e32 v1, v19, v27                                // 000000002898: 56023713
	v_fmac_f32_e32 v2, v20, v27                                // 00000000289C: 56043714
	v_fmac_f32_e32 v3, v21, v27                                // 0000000028A0: 56063715
	v_fmac_f32_e32 v4, v18, v28                                // 0000000028A4: 56083912
	v_fmac_f32_e32 v5, v19, v28                                // 0000000028A8: 560A3913
	v_fmac_f32_e32 v6, v20, v28                                // 0000000028AC: 560C3914
	v_fmac_f32_e32 v7, v21, v28                                // 0000000028B0: 560E3915
	v_fmac_f32_e32 v8, v18, v29                                // 0000000028B4: 56103B12
	v_fmac_f32_e32 v9, v19, v29                                // 0000000028B8: 56123B13
	v_fmac_f32_e32 v10, v20, v29                               // 0000000028BC: 56143B14
	v_fmac_f32_e32 v11, v21, v29                               // 0000000028C0: 56163B15
	v_fmac_f32_e32 v12, v18, v30                               // 0000000028C4: 56183D12
	v_fmac_f32_e32 v13, v19, v30                               // 0000000028C8: 561A3D13
	v_fmac_f32_e32 v14, v20, v30                               // 0000000028CC: 561C3D14
	v_fmac_f32_e32 v15, v21, v30                               // 0000000028D0: 561E3D15
	s_setprio 0                                                // 0000000028D4: BFB50000
	s_waitcnt lgkmcnt(0)                                       // 0000000028D8: BF89FC07
	s_barrier_signal -1                                        // 0000000028DC: BE804EC1
	s_barrier_wait 0xffff                                      // 0000000028E0: BF94FFFF
	ds_load_b32 v18, v44                                       // 0000000028E4: D8D80000 1200002C
	ds_load_b32 v19, v44 offset:64                             // 0000000028EC: D8D80040 1300002C
	ds_load_b32 v20, v44 offset:128                            // 0000000028F4: D8D80080 1400002C
	ds_load_b32 v21, v44 offset:192                            // 0000000028FC: D8D800C0 1500002C
	ds_load_b32 v27, v45                                       // 000000002904: D8D80000 1B00002D
	ds_load_b32 v28, v45 offset:64                             // 00000000290C: D8D80040 1C00002D
	ds_load_b32 v29, v45 offset:128                            // 000000002914: D8D80080 1D00002D
	ds_load_b32 v30, v45 offset:192                            // 00000000291C: D8D800C0 1E00002D
	s_waitcnt lgkmcnt(8)                                       // 000000002924: BF89FC87
	v_fmac_f32_e32 v0, v22, v31                                // 000000002928: 56003F16
	s_setprio 1                                                // 00000000292C: BFB50001
	v_fmac_f32_e32 v1, v23, v31                                // 000000002930: 56023F17
	v_fmac_f32_e32 v2, v24, v31                                // 000000002934: 56043F18
	v_fmac_f32_e32 v3, v25, v31                                // 000000002938: 56063F19
	v_fmac_f32_e32 v4, v22, v32                                // 00000000293C: 56084116
	v_fmac_f32_e32 v5, v23, v32                                // 000000002940: 560A4117
	v_fmac_f32_e32 v6, v24, v32                                // 000000002944: 560C4118
	v_fmac_f32_e32 v7, v25, v32                                // 000000002948: 560E4119
	v_fmac_f32_e32 v8, v22, v33                                // 00000000294C: 56104316
	v_fmac_f32_e32 v9, v23, v33                                // 000000002950: 56124317
	v_fmac_f32_e32 v10, v24, v33                               // 000000002954: 56144318
	v_fmac_f32_e32 v11, v25, v33                               // 000000002958: 56164319
	v_fmac_f32_e32 v12, v22, v34                               // 00000000295C: 56184516
	v_fmac_f32_e32 v13, v23, v34                               // 000000002960: 561A4517
	v_fmac_f32_e32 v14, v24, v34                               // 000000002964: 561C4518
	v_fmac_f32_e32 v15, v25, v34                               // 000000002968: 561E4519
	s_setprio 0                                                // 00000000296C: BFB50000
	s_sub_co_u32 s5, s5, 1                                     // 000000002970: 80858105
	s_cmp_eq_i32 s5, 1                                         // 000000002974: BF008105
	s_cbranch_scc0 LoopBeginL_1                                // 000000002978: BFA1FD70

000000000000297c <LoopEndL_evenexit_4>:
	s_branch LoopEndL_2                                        // 00000000297C: BFA00004

0000000000002980 <LoopEndL_oddexit_3>:
	v_xor_b32_e32 v44, 0x2000, v44                             // 000000002980: 3A5858FF 00002000
	v_xor_b32_e32 v45, 0x2000, v45                             // 000000002988: 3A5A5AFF 00002000

0000000000002990 <LoopEndL_2>:
	s_cmp_eq_u32 s37, 0                                        // 000000002990: BF068025
	s_cbranch_scc0 OptNLL_End_15                               // 000000002994: BFA10162
	s_cmp_eq_u32 s36, 1.0                                      // 000000002998: BF06F224
	s_cbranch_scc0 OptNLL_End_15                               // 00000000299C: BFA10160
	s_and_b32 s60, 63, s46                                     // 0000000029A0: 8B3C2EBF
	s_add_co_u32 s61, -1, s51                                  // 0000000029A4: 803D33C1
	s_cmp_ge_u32 s2, s61                                       // 0000000029A8: BF093D02
	s_cselect_b32 s60, s60, 0                                  // 0000000029AC: 983C803C
	s_cmp_gt_u32 s60, 0                                        // 0000000029B0: BF08803C
	s_cbranch_scc1 OptNLL_End_15                               // 0000000029B4: BFA2015A
	s_and_b32 s60, 63, s47                                     // 0000000029B8: 8B3C2FBF
	s_add_co_u32 s61, -1, s52                                  // 0000000029BC: 803D34C1
	s_cmp_ge_u32 s3, s61                                       // 0000000029C0: BF093D03
	s_cselect_b32 s60, s60, 0                                  // 0000000029C4: 983C803C
	s_cmp_gt_u32 s60, 0                                        // 0000000029C8: BF08803C
	s_cbranch_scc1 OptNLL_End_15                               // 0000000029CC: BFA20154
	s_and_b32 s61, 7, s49                                      // 0000000029D0: 8B3D3187
	s_cmp_eq_u32 s61, 0                                        // 0000000029D4: BF06803D
	s_cbranch_scc0 OptNLL_End_15                               // 0000000029D8: BFA10151
	ds_load_b32 v22, v44 offset:256                            // 0000000029DC: D8D80100 1600002C
	ds_load_b32 v23, v44 offset:320                            // 0000000029E4: D8D80140 1700002C
	ds_load_b32 v24, v44 offset:384                            // 0000000029EC: D8D80180 1800002C
	ds_load_b32 v25, v44 offset:448                            // 0000000029F4: D8D801C0 1900002C
	ds_load_b32 v31, v45 offset:260                            // 0000000029FC: D8D80104 1F00002D
	ds_load_b32 v32, v45 offset:324                            // 000000002A04: D8D80144 2000002D
	ds_load_b32 v33, v45 offset:388                            // 000000002A0C: D8D80184 2100002D
	ds_load_b32 v34, v45 offset:452                            // 000000002A14: D8D801C4 2200002D
	s_waitcnt lgkmcnt(8)                                       // 000000002A1C: BF89FC87
	v_fmac_f32_e32 v0, v18, v27                                // 000000002A20: 56003712
	s_setprio 1                                                // 000000002A24: BFB50001
	v_fmac_f32_e32 v1, v19, v27                                // 000000002A28: 56023713
	v_fmac_f32_e32 v2, v20, v27                                // 000000002A2C: 56043714
	v_fmac_f32_e32 v3, v21, v27                                // 000000002A30: 56063715
	v_fmac_f32_e32 v4, v18, v28                                // 000000002A34: 56083912
	v_fmac_f32_e32 v5, v19, v28                                // 000000002A38: 560A3913
	v_fmac_f32_e32 v6, v20, v28                                // 000000002A3C: 560C3914
	v_fmac_f32_e32 v7, v21, v28                                // 000000002A40: 560E3915
	v_fmac_f32_e32 v8, v18, v29                                // 000000002A44: 56103B12
	v_fmac_f32_e32 v9, v19, v29                                // 000000002A48: 56123B13
	v_fmac_f32_e32 v10, v20, v29                               // 000000002A4C: 56143B14
	v_fmac_f32_e32 v11, v21, v29                               // 000000002A50: 56163B15
	v_fmac_f32_e32 v12, v18, v30                               // 000000002A54: 56183D12
	v_fmac_f32_e32 v13, v19, v30                               // 000000002A58: 561A3D13
	v_fmac_f32_e32 v14, v20, v30                               // 000000002A5C: 561C3D14
	v_fmac_f32_e32 v15, v21, v30                               // 000000002A60: 561E3D15
	s_setprio 0                                                // 000000002A64: BFB50000
	ds_load_b32 v18, v44 offset:512                            // 000000002A68: D8D80200 1200002C
	ds_load_b32 v19, v44 offset:576                            // 000000002A70: D8D80240 1300002C
	ds_load_b32 v20, v44 offset:640                            // 000000002A78: D8D80280 1400002C
	ds_load_b32 v21, v44 offset:704                            // 000000002A80: D8D802C0 1500002C
	ds_load_b32 v27, v45 offset:520                            // 000000002A88: D8D80208 1B00002D
	ds_load_b32 v28, v45 offset:584                            // 000000002A90: D8D80248 1C00002D
	ds_load_b32 v29, v45 offset:648                            // 000000002A98: D8D80288 1D00002D
	ds_load_b32 v30, v45 offset:712                            // 000000002AA0: D8D802C8 1E00002D
	s_waitcnt lgkmcnt(8)                                       // 000000002AA8: BF89FC87
	v_fmac_f32_e32 v0, v22, v31                                // 000000002AAC: 56003F16
	s_setprio 1                                                // 000000002AB0: BFB50001
	v_fmac_f32_e32 v1, v23, v31                                // 000000002AB4: 56023F17
	v_fmac_f32_e32 v2, v24, v31                                // 000000002AB8: 56043F18
	v_fmac_f32_e32 v3, v25, v31                                // 000000002ABC: 56063F19
	v_fmac_f32_e32 v4, v22, v32                                // 000000002AC0: 56084116
	v_fmac_f32_e32 v5, v23, v32                                // 000000002AC4: 560A4117
	v_fmac_f32_e32 v6, v24, v32                                // 000000002AC8: 560C4118
	v_fmac_f32_e32 v7, v25, v32                                // 000000002ACC: 560E4119
	v_fmac_f32_e32 v8, v22, v33                                // 000000002AD0: 56104316
	v_fmac_f32_e32 v9, v23, v33                                // 000000002AD4: 56124317
	v_fmac_f32_e32 v10, v24, v33                               // 000000002AD8: 56144318
	v_fmac_f32_e32 v11, v25, v33                               // 000000002ADC: 56164319
	v_fmac_f32_e32 v12, v22, v34                               // 000000002AE0: 56184516
	v_fmac_f32_e32 v13, v23, v34                               // 000000002AE4: 561A4517
	v_fmac_f32_e32 v14, v24, v34                               // 000000002AE8: 561C4518
	v_fmac_f32_e32 v15, v25, v34                               // 000000002AEC: 561E4519
	s_setprio 0                                                // 000000002AF0: BFB50000
	ds_load_b32 v22, v44 offset:768                            // 000000002AF4: D8D80300 1600002C
	ds_load_b32 v23, v44 offset:832                            // 000000002AFC: D8D80340 1700002C
	ds_load_b32 v24, v44 offset:896                            // 000000002B04: D8D80380 1800002C
	ds_load_b32 v25, v44 offset:960                            // 000000002B0C: D8D803C0 1900002C
	ds_load_b32 v31, v45 offset:780                            // 000000002B14: D8D8030C 1F00002D
	ds_load_b32 v32, v45 offset:844                            // 000000002B1C: D8D8034C 2000002D
	ds_load_b32 v33, v45 offset:908                            // 000000002B24: D8D8038C 2100002D
	ds_load_b32 v34, v45 offset:972                            // 000000002B2C: D8D803CC 2200002D
	s_waitcnt lgkmcnt(8)                                       // 000000002B34: BF89FC87
	v_fmac_f32_e32 v0, v18, v27                                // 000000002B38: 56003712
	s_setprio 1                                                // 000000002B3C: BFB50001
	v_fmac_f32_e32 v1, v19, v27                                // 000000002B40: 56023713
	v_fmac_f32_e32 v2, v20, v27                                // 000000002B44: 56043714
	v_fmac_f32_e32 v3, v21, v27                                // 000000002B48: 56063715
	v_fmac_f32_e32 v4, v18, v28                                // 000000002B4C: 56083912
	v_fmac_f32_e32 v5, v19, v28                                // 000000002B50: 560A3913
	v_fmac_f32_e32 v6, v20, v28                                // 000000002B54: 560C3914
	v_fmac_f32_e32 v7, v21, v28                                // 000000002B58: 560E3915
	v_fmac_f32_e32 v8, v18, v29                                // 000000002B5C: 56103B12
	v_fmac_f32_e32 v9, v19, v29                                // 000000002B60: 56123B13
	v_fmac_f32_e32 v10, v20, v29                               // 000000002B64: 56143B14
	v_fmac_f32_e32 v11, v21, v29                               // 000000002B68: 56163B15
	v_fmac_f32_e32 v12, v18, v30                               // 000000002B6C: 56183D12
	v_fmac_f32_e32 v13, v19, v30                               // 000000002B70: 561A3D13
	v_fmac_f32_e32 v14, v20, v30                               // 000000002B74: 561C3D14
	v_fmac_f32_e32 v15, v21, v30                               // 000000002B78: 561E3D15
	s_setprio 0                                                // 000000002B7C: BFB50000
	ds_load_b32 v18, v44 offset:1024                           // 000000002B80: D8D80400 1200002C
	ds_load_b32 v19, v44 offset:1088                           // 000000002B88: D8D80440 1300002C
	ds_load_b32 v20, v44 offset:1152                           // 000000002B90: D8D80480 1400002C
	ds_load_b32 v21, v44 offset:1216                           // 000000002B98: D8D804C0 1500002C
	ds_load_b32 v27, v45 offset:1040                           // 000000002BA0: D8D80410 1B00002D
	ds_load_b32 v28, v45 offset:1104                           // 000000002BA8: D8D80450 1C00002D
	ds_load_b32 v29, v45 offset:1168                           // 000000002BB0: D8D80490 1D00002D
	ds_load_b32 v30, v45 offset:1232                           // 000000002BB8: D8D804D0 1E00002D
	s_waitcnt lgkmcnt(8)                                       // 000000002BC0: BF89FC87
	v_fmac_f32_e32 v0, v22, v31                                // 000000002BC4: 56003F16
	s_setprio 1                                                // 000000002BC8: BFB50001
	v_fmac_f32_e32 v1, v23, v31                                // 000000002BCC: 56023F17
	v_fmac_f32_e32 v2, v24, v31                                // 000000002BD0: 56043F18
	v_fmac_f32_e32 v3, v25, v31                                // 000000002BD4: 56063F19
	v_fmac_f32_e32 v4, v22, v32                                // 000000002BD8: 56084116
	v_fmac_f32_e32 v5, v23, v32                                // 000000002BDC: 560A4117
	v_fmac_f32_e32 v6, v24, v32                                // 000000002BE0: 560C4118
	v_fmac_f32_e32 v7, v25, v32                                // 000000002BE4: 560E4119
	v_fmac_f32_e32 v8, v22, v33                                // 000000002BE8: 56104316
	v_fmac_f32_e32 v9, v23, v33                                // 000000002BEC: 56124317
	v_fmac_f32_e32 v10, v24, v33                               // 000000002BF0: 56144318
	v_fmac_f32_e32 v11, v25, v33                               // 000000002BF4: 56164319
	v_fmac_f32_e32 v12, v22, v34                               // 000000002BF8: 56184516
	v_fmac_f32_e32 v13, v23, v34                               // 000000002BFC: 561A4517
	v_fmac_f32_e32 v14, v24, v34                               // 000000002C00: 561C4518
	v_fmac_f32_e32 v15, v25, v34                               // 000000002C04: 561E4519
	s_setprio 0                                                // 000000002C08: BFB50000
	ds_load_b32 v22, v44 offset:1280                           // 000000002C0C: D8D80500 1600002C
	ds_load_b32 v23, v44 offset:1344                           // 000000002C14: D8D80540 1700002C
	ds_load_b32 v24, v44 offset:1408                           // 000000002C1C: D8D80580 1800002C
	ds_load_b32 v25, v44 offset:1472                           // 000000002C24: D8D805C0 1900002C
	ds_load_b32 v31, v45 offset:1300                           // 000000002C2C: D8D80514 1F00002D
	ds_load_b32 v32, v45 offset:1364                           // 000000002C34: D8D80554 2000002D
	ds_load_b32 v33, v45 offset:1428                           // 000000002C3C: D8D80594 2100002D
	ds_load_b32 v34, v45 offset:1492                           // 000000002C44: D8D805D4 2200002D
	s_waitcnt lgkmcnt(8)                                       // 000000002C4C: BF89FC87
	v_fmac_f32_e32 v0, v18, v27                                // 000000002C50: 56003712
	s_setprio 1                                                // 000000002C54: BFB50001
	v_fmac_f32_e32 v1, v19, v27                                // 000000002C58: 56023713
	v_fmac_f32_e32 v2, v20, v27                                // 000000002C5C: 56043714
	v_fmac_f32_e32 v3, v21, v27                                // 000000002C60: 56063715
	v_fmac_f32_e32 v4, v18, v28                                // 000000002C64: 56083912
	v_fmac_f32_e32 v5, v19, v28                                // 000000002C68: 560A3913
	v_fmac_f32_e32 v6, v20, v28                                // 000000002C6C: 560C3914
	v_fmac_f32_e32 v7, v21, v28                                // 000000002C70: 560E3915
	v_fmac_f32_e32 v8, v18, v29                                // 000000002C74: 56103B12
	v_fmac_f32_e32 v9, v19, v29                                // 000000002C78: 56123B13
	v_fmac_f32_e32 v10, v20, v29                               // 000000002C7C: 56143B14
	v_fmac_f32_e32 v11, v21, v29                               // 000000002C80: 56163B15
	v_fmac_f32_e32 v12, v18, v30                               // 000000002C84: 56183D12
	v_fmac_f32_e32 v13, v19, v30                               // 000000002C88: 561A3D13
	v_fmac_f32_e32 v14, v20, v30                               // 000000002C8C: 561C3D14
	v_fmac_f32_e32 v15, v21, v30                               // 000000002C90: 561E3D15
	s_setprio 0                                                // 000000002C94: BFB50000
	ds_load_b32 v18, v44 offset:1536                           // 000000002C98: D8D80600 1200002C
	ds_load_b32 v19, v44 offset:1600                           // 000000002CA0: D8D80640 1300002C
	ds_load_b32 v20, v44 offset:1664                           // 000000002CA8: D8D80680 1400002C
	ds_load_b32 v21, v44 offset:1728                           // 000000002CB0: D8D806C0 1500002C
	ds_load_b32 v27, v45 offset:1560                           // 000000002CB8: D8D80618 1B00002D
	ds_load_b32 v28, v45 offset:1624                           // 000000002CC0: D8D80658 1C00002D
	ds_load_b32 v29, v45 offset:1688                           // 000000002CC8: D8D80698 1D00002D
	ds_load_b32 v30, v45 offset:1752                           // 000000002CD0: D8D806D8 1E00002D
	s_waitcnt lgkmcnt(8)                                       // 000000002CD8: BF89FC87
	v_fmac_f32_e32 v0, v22, v31                                // 000000002CDC: 56003F16
	s_setprio 1                                                // 000000002CE0: BFB50001
	v_fmac_f32_e32 v1, v23, v31                                // 000000002CE4: 56023F17
	v_fmac_f32_e32 v2, v24, v31                                // 000000002CE8: 56043F18
	v_fmac_f32_e32 v3, v25, v31                                // 000000002CEC: 56063F19
	v_fmac_f32_e32 v4, v22, v32                                // 000000002CF0: 56084116
	v_fmac_f32_e32 v5, v23, v32                                // 000000002CF4: 560A4117
	v_fmac_f32_e32 v6, v24, v32                                // 000000002CF8: 560C4118
	v_fmac_f32_e32 v7, v25, v32                                // 000000002CFC: 560E4119
	v_fmac_f32_e32 v8, v22, v33                                // 000000002D00: 56104316
	v_fmac_f32_e32 v9, v23, v33                                // 000000002D04: 56124317
	v_fmac_f32_e32 v10, v24, v33                               // 000000002D08: 56144318
	v_fmac_f32_e32 v11, v25, v33                               // 000000002D0C: 56164319
	v_fmac_f32_e32 v12, v22, v34                               // 000000002D10: 56184516
	v_fmac_f32_e32 v13, v23, v34                               // 000000002D14: 561A4517
	v_fmac_f32_e32 v14, v24, v34                               // 000000002D18: 561C4518
	v_fmac_f32_e32 v15, v25, v34                               // 000000002D1C: 561E4519
	s_setprio 0                                                // 000000002D20: BFB50000
	ds_load_b32 v22, v44 offset:1792                           // 000000002D24: D8D80700 1600002C
	ds_load_b32 v23, v44 offset:1856                           // 000000002D2C: D8D80740 1700002C
	ds_load_b32 v24, v44 offset:1920                           // 000000002D34: D8D80780 1800002C
	ds_load_b32 v25, v44 offset:1984                           // 000000002D3C: D8D807C0 1900002C
	ds_load_b32 v31, v45 offset:1820                           // 000000002D44: D8D8071C 1F00002D
	ds_load_b32 v32, v45 offset:1884                           // 000000002D4C: D8D8075C 2000002D
	ds_load_b32 v33, v45 offset:1948                           // 000000002D54: D8D8079C 2100002D
	ds_load_b32 v34, v45 offset:2012                           // 000000002D5C: D8D807DC 2200002D
	s_waitcnt lgkmcnt(8)                                       // 000000002D64: BF89FC87
	v_fmac_f32_e32 v0, v18, v27                                // 000000002D68: 56003712
	s_setprio 1                                                // 000000002D6C: BFB50001
	v_fmac_f32_e32 v1, v19, v27                                // 000000002D70: 56023713
	v_fmac_f32_e32 v2, v20, v27                                // 000000002D74: 56043714
	v_fmac_f32_e32 v3, v21, v27                                // 000000002D78: 56063715
	v_fmac_f32_e32 v4, v18, v28                                // 000000002D7C: 56083912
	v_fmac_f32_e32 v5, v19, v28                                // 000000002D80: 560A3913
	v_fmac_f32_e32 v6, v20, v28                                // 000000002D84: 560C3914
	v_fmac_f32_e32 v7, v21, v28                                // 000000002D88: 560E3915
	v_fmac_f32_e32 v8, v18, v29                                // 000000002D8C: 56103B12
	v_fmac_f32_e32 v9, v19, v29                                // 000000002D90: 56123B13
	v_fmac_f32_e32 v10, v20, v29                               // 000000002D94: 56143B14
	v_fmac_f32_e32 v11, v21, v29                               // 000000002D98: 56163B15
	v_fmac_f32_e32 v12, v18, v30                               // 000000002D9C: 56183D12
	v_fmac_f32_e32 v13, v19, v30                               // 000000002DA0: 561A3D13
	v_fmac_f32_e32 v14, v20, v30                               // 000000002DA4: 561C3D14
	v_fmac_f32_e32 v15, v21, v30                               // 000000002DA8: 561E3D15
	s_setprio 0                                                // 000000002DAC: BFB50000
	s_waitcnt lgkmcnt(0)                                       // 000000002DB0: BF89FC07
	v_fmac_f32_e32 v0, v22, v31                                // 000000002DB4: 56003F16
	s_setprio 1                                                // 000000002DB8: BFB50001
	v_fmac_f32_e32 v1, v23, v31                                // 000000002DBC: 56023F17
	v_fmac_f32_e32 v2, v24, v31                                // 000000002DC0: 56043F18
	v_fmac_f32_e32 v3, v25, v31                                // 000000002DC4: 56063F19
	v_fmac_f32_e32 v4, v22, v32                                // 000000002DC8: 56084116
	v_fmac_f32_e32 v5, v23, v32                                // 000000002DCC: 560A4117
	v_fmac_f32_e32 v6, v24, v32                                // 000000002DD0: 560C4118
	v_fmac_f32_e32 v7, v25, v32                                // 000000002DD4: 560E4119
	v_fmac_f32_e32 v8, v22, v33                                // 000000002DD8: 56104316
	v_fmac_f32_e32 v9, v23, v33                                // 000000002DDC: 56124317
	v_fmac_f32_e32 v10, v24, v33                               // 000000002DE0: 56144318
	v_fmac_f32_e32 v11, v25, v33                               // 000000002DE4: 56164319
	v_fmac_f32_e32 v12, v22, v34                               // 000000002DE8: 56184516
	v_fmac_f32_e32 v13, v23, v34                               // 000000002DEC: 561A4517
	v_fmac_f32_e32 v14, v24, v34                               // 000000002DF0: 561C4518
	v_fmac_f32_e32 v15, v25, v34                               // 000000002DF4: 561E4519
	s_setprio 0                                                // 000000002DF8: BFB50000

0000000000002dfc <Summation_End_OptNLL_16>:
	v_lshrrev_b32_e32 v19, 4, v46                              // 000000002DFC: 32265C84
	v_and_b32_e32 v18, 15, v46                                 // 000000002E00: 36245C8F
	v_mul_lo_u32 v20, v19, s40                                 // 000000002E04: D72C0014 00005113
	v_mul_lo_u32 v21, v19, s38                                 // 000000002E0C: D72C0015 00004D13
	s_mul_i32 s54, 64, s2                                      // 000000002E14: 963602C0
	v_add_co_u32 v18, vcc_lo, s54, v18                         // 000000002E18: D7006A12 00022436
	s_mul_i32 s56, 64, s3                                      // 000000002E20: 963803C0
	v_add_co_u32 v19, vcc_lo, s56, v19                         // 000000002E24: D7006A13 00022638

0000000000002e2c <GW_B0_E0_19>:
	v_add_lshl_u32 v24, v21, v18, 2                            // 000000002E2C: D6470018 020A2515
	buffer_store_b32 v0, v24, s[16:19], null offen             // 000000002E34: C406807C 40802000 00000018
	buffer_store_b32 v1, v24, s[16:19], null offen offset:64   // 000000002E40: C406807C 40802001 00004018
	buffer_store_b32 v2, v24, s[16:19], null offen offset:128  // 000000002E4C: C406807C 40802002 00008018
	buffer_store_b32 v3, v24, s[16:19], null offen offset:192  // 000000002E58: C406807C 40802003 0000C018
	s_mul_i32 s54, s38, 64                                     // 000000002E64: 9636C026
	s_add_co_u32 s16, s16, s54                                 // 000000002E68: 80103610
	s_add_co_ci_u32 s17, s17, 0                                // 000000002E6C: 82118011
	buffer_store_b32 v4, v24, s[16:19], null offen             // 000000002E70: C406807C 40802004 00000018
	buffer_store_b32 v5, v24, s[16:19], null offen offset:64   // 000000002E7C: C406807C 40802005 00004018
	buffer_store_b32 v6, v24, s[16:19], null offen offset:128  // 000000002E88: C406807C 40802006 00008018
	buffer_store_b32 v7, v24, s[16:19], null offen offset:192  // 000000002E94: C406807C 40802007 0000C018
	s_mul_i32 s54, s38, 64                                     // 000000002EA0: 9636C026
	s_add_co_u32 s16, s16, s54                                 // 000000002EA4: 80103610
	s_add_co_ci_u32 s17, s17, 0                                // 000000002EA8: 82118011
	buffer_store_b32 v8, v24, s[16:19], null offen             // 000000002EAC: C406807C 40802008 00000018
	buffer_store_b32 v9, v24, s[16:19], null offen offset:64   // 000000002EB8: C406807C 40802009 00004018
	buffer_store_b32 v10, v24, s[16:19], null offen offset:128 // 000000002EC4: C406807C 4080200A 00008018
	buffer_store_b32 v11, v24, s[16:19], null offen offset:192 // 000000002ED0: C406807C 4080200B 0000C018
	s_mul_i32 s54, s38, 64                                     // 000000002EDC: 9636C026
	s_add_co_u32 s16, s16, s54                                 // 000000002EE0: 80103610
	s_add_co_ci_u32 s17, s17, 0                                // 000000002EE4: 82118011
	buffer_store_b32 v12, v24, s[16:19], null offen            // 000000002EE8: C406807C 4080200C 00000018
	buffer_store_b32 v13, v24, s[16:19], null offen offset:64  // 000000002EF4: C406807C 4080200D 00004018
	buffer_store_b32 v14, v24, s[16:19], null offen offset:128 // 000000002F00: C406807C 4080200E 00008018
	buffer_store_b32 v15, v24, s[16:19], null offen offset:192 // 000000002F0C: C406807C 4080200F 0000C018
	s_branch label_GW_End_21                                   // 000000002F18: BFA00000

0000000000002f1c <label_GW_End_21>:
	s_endpgm                                                   // 000000002F1C: BFB00000

0000000000002f20 <OptNLL_End_15>:
	ds_load_b32 v22, v44 offset:256                            // 000000002F20: D8D80100 1600002C
	ds_load_b32 v23, v44 offset:320                            // 000000002F28: D8D80140 1700002C
	ds_load_b32 v24, v44 offset:384                            // 000000002F30: D8D80180 1800002C
	ds_load_b32 v25, v44 offset:448                            // 000000002F38: D8D801C0 1900002C
	ds_load_b32 v31, v45 offset:260                            // 000000002F40: D8D80104 1F00002D
	ds_load_b32 v32, v45 offset:324                            // 000000002F48: D8D80144 2000002D
	ds_load_b32 v33, v45 offset:388                            // 000000002F50: D8D80184 2100002D
	ds_load_b32 v34, v45 offset:452                            // 000000002F58: D8D801C4 2200002D
	s_waitcnt lgkmcnt(8)                                       // 000000002F60: BF89FC87
	v_fmac_f32_e32 v0, v18, v27                                // 000000002F64: 56003712
	s_setprio 1                                                // 000000002F68: BFB50001
	v_fmac_f32_e32 v1, v19, v27                                // 000000002F6C: 56023713
	v_fmac_f32_e32 v2, v20, v27                                // 000000002F70: 56043714
	v_fmac_f32_e32 v3, v21, v27                                // 000000002F74: 56063715
	v_fmac_f32_e32 v4, v18, v28                                // 000000002F78: 56083912
	v_fmac_f32_e32 v5, v19, v28                                // 000000002F7C: 560A3913
	v_fmac_f32_e32 v6, v20, v28                                // 000000002F80: 560C3914
	v_fmac_f32_e32 v7, v21, v28                                // 000000002F84: 560E3915
	v_fmac_f32_e32 v8, v18, v29                                // 000000002F88: 56103B12
	v_fmac_f32_e32 v9, v19, v29                                // 000000002F8C: 56123B13
	v_fmac_f32_e32 v10, v20, v29                               // 000000002F90: 56143B14
	v_fmac_f32_e32 v11, v21, v29                               // 000000002F94: 56163B15
	v_fmac_f32_e32 v12, v18, v30                               // 000000002F98: 56183D12
	v_fmac_f32_e32 v13, v19, v30                               // 000000002F9C: 561A3D13
	v_fmac_f32_e32 v14, v20, v30                               // 000000002FA0: 561C3D14
	v_fmac_f32_e32 v15, v21, v30                               // 000000002FA4: 561E3D15
	s_setprio 0                                                // 000000002FA8: BFB50000
	ds_load_b32 v18, v44 offset:512                            // 000000002FAC: D8D80200 1200002C
	ds_load_b32 v19, v44 offset:576                            // 000000002FB4: D8D80240 1300002C
	ds_load_b32 v20, v44 offset:640                            // 000000002FBC: D8D80280 1400002C
	ds_load_b32 v21, v44 offset:704                            // 000000002FC4: D8D802C0 1500002C
	ds_load_b32 v27, v45 offset:520                            // 000000002FCC: D8D80208 1B00002D
	ds_load_b32 v28, v45 offset:584                            // 000000002FD4: D8D80248 1C00002D
	ds_load_b32 v29, v45 offset:648                            // 000000002FDC: D8D80288 1D00002D
	ds_load_b32 v30, v45 offset:712                            // 000000002FE4: D8D802C8 1E00002D
	s_waitcnt lgkmcnt(8)                                       // 000000002FEC: BF89FC87
	v_fmac_f32_e32 v0, v22, v31                                // 000000002FF0: 56003F16
	s_setprio 1                                                // 000000002FF4: BFB50001
	v_fmac_f32_e32 v1, v23, v31                                // 000000002FF8: 56023F17
	v_fmac_f32_e32 v2, v24, v31                                // 000000002FFC: 56043F18
	v_fmac_f32_e32 v3, v25, v31                                // 000000003000: 56063F19
	v_fmac_f32_e32 v4, v22, v32                                // 000000003004: 56084116
	v_fmac_f32_e32 v5, v23, v32                                // 000000003008: 560A4117
	v_fmac_f32_e32 v6, v24, v32                                // 00000000300C: 560C4118
	v_fmac_f32_e32 v7, v25, v32                                // 000000003010: 560E4119
	v_fmac_f32_e32 v8, v22, v33                                // 000000003014: 56104316
	v_fmac_f32_e32 v9, v23, v33                                // 000000003018: 56124317
	v_fmac_f32_e32 v10, v24, v33                               // 00000000301C: 56144318
	v_fmac_f32_e32 v11, v25, v33                               // 000000003020: 56164319
	v_fmac_f32_e32 v12, v22, v34                               // 000000003024: 56184516
	v_fmac_f32_e32 v13, v23, v34                               // 000000003028: 561A4517
	v_fmac_f32_e32 v14, v24, v34                               // 00000000302C: 561C4518
	v_fmac_f32_e32 v15, v25, v34                               // 000000003030: 561E4519
	s_setprio 0                                                // 000000003034: BFB50000
	ds_load_b32 v22, v44 offset:768                            // 000000003038: D8D80300 1600002C
	ds_load_b32 v23, v44 offset:832                            // 000000003040: D8D80340 1700002C
	ds_load_b32 v24, v44 offset:896                            // 000000003048: D8D80380 1800002C
	ds_load_b32 v25, v44 offset:960                            // 000000003050: D8D803C0 1900002C
	ds_load_b32 v31, v45 offset:780                            // 000000003058: D8D8030C 1F00002D
	ds_load_b32 v32, v45 offset:844                            // 000000003060: D8D8034C 2000002D
	ds_load_b32 v33, v45 offset:908                            // 000000003068: D8D8038C 2100002D
	ds_load_b32 v34, v45 offset:972                            // 000000003070: D8D803CC 2200002D
	s_waitcnt lgkmcnt(8)                                       // 000000003078: BF89FC87
	v_fmac_f32_e32 v0, v18, v27                                // 00000000307C: 56003712
	s_setprio 1                                                // 000000003080: BFB50001
	v_fmac_f32_e32 v1, v19, v27                                // 000000003084: 56023713
	v_fmac_f32_e32 v2, v20, v27                                // 000000003088: 56043714
	v_fmac_f32_e32 v3, v21, v27                                // 00000000308C: 56063715
	v_fmac_f32_e32 v4, v18, v28                                // 000000003090: 56083912
	v_fmac_f32_e32 v5, v19, v28                                // 000000003094: 560A3913
	v_fmac_f32_e32 v6, v20, v28                                // 000000003098: 560C3914
	v_fmac_f32_e32 v7, v21, v28                                // 00000000309C: 560E3915
	v_fmac_f32_e32 v8, v18, v29                                // 0000000030A0: 56103B12
	v_fmac_f32_e32 v9, v19, v29                                // 0000000030A4: 56123B13
	v_fmac_f32_e32 v10, v20, v29                               // 0000000030A8: 56143B14
	v_fmac_f32_e32 v11, v21, v29                               // 0000000030AC: 56163B15
	v_fmac_f32_e32 v12, v18, v30                               // 0000000030B0: 56183D12
	v_fmac_f32_e32 v13, v19, v30                               // 0000000030B4: 561A3D13
	v_fmac_f32_e32 v14, v20, v30                               // 0000000030B8: 561C3D14
	v_fmac_f32_e32 v15, v21, v30                               // 0000000030BC: 561E3D15
	s_setprio 0                                                // 0000000030C0: BFB50000
	ds_load_b32 v18, v44 offset:1024                           // 0000000030C4: D8D80400 1200002C
	ds_load_b32 v19, v44 offset:1088                           // 0000000030CC: D8D80440 1300002C
	ds_load_b32 v20, v44 offset:1152                           // 0000000030D4: D8D80480 1400002C
	ds_load_b32 v21, v44 offset:1216                           // 0000000030DC: D8D804C0 1500002C
	ds_load_b32 v27, v45 offset:1040                           // 0000000030E4: D8D80410 1B00002D
	ds_load_b32 v28, v45 offset:1104                           // 0000000030EC: D8D80450 1C00002D
	ds_load_b32 v29, v45 offset:1168                           // 0000000030F4: D8D80490 1D00002D
	ds_load_b32 v30, v45 offset:1232                           // 0000000030FC: D8D804D0 1E00002D
	s_waitcnt lgkmcnt(8)                                       // 000000003104: BF89FC87
	v_fmac_f32_e32 v0, v22, v31                                // 000000003108: 56003F16
	s_setprio 1                                                // 00000000310C: BFB50001
	v_fmac_f32_e32 v1, v23, v31                                // 000000003110: 56023F17
	v_fmac_f32_e32 v2, v24, v31                                // 000000003114: 56043F18
	v_fmac_f32_e32 v3, v25, v31                                // 000000003118: 56063F19
	v_fmac_f32_e32 v4, v22, v32                                // 00000000311C: 56084116
	v_fmac_f32_e32 v5, v23, v32                                // 000000003120: 560A4117
	v_fmac_f32_e32 v6, v24, v32                                // 000000003124: 560C4118
	v_fmac_f32_e32 v7, v25, v32                                // 000000003128: 560E4119
	v_fmac_f32_e32 v8, v22, v33                                // 00000000312C: 56104316
	v_fmac_f32_e32 v9, v23, v33                                // 000000003130: 56124317
	v_fmac_f32_e32 v10, v24, v33                               // 000000003134: 56144318
	v_fmac_f32_e32 v11, v25, v33                               // 000000003138: 56164319
	v_fmac_f32_e32 v12, v22, v34                               // 00000000313C: 56184516
	v_fmac_f32_e32 v13, v23, v34                               // 000000003140: 561A4517
	v_fmac_f32_e32 v14, v24, v34                               // 000000003144: 561C4518
	v_fmac_f32_e32 v15, v25, v34                               // 000000003148: 561E4519
	s_setprio 0                                                // 00000000314C: BFB50000
	ds_load_b32 v22, v44 offset:1280                           // 000000003150: D8D80500 1600002C
	ds_load_b32 v23, v44 offset:1344                           // 000000003158: D8D80540 1700002C
	ds_load_b32 v24, v44 offset:1408                           // 000000003160: D8D80580 1800002C
	ds_load_b32 v25, v44 offset:1472                           // 000000003168: D8D805C0 1900002C
	ds_load_b32 v31, v45 offset:1300                           // 000000003170: D8D80514 1F00002D
	ds_load_b32 v32, v45 offset:1364                           // 000000003178: D8D80554 2000002D
	ds_load_b32 v33, v45 offset:1428                           // 000000003180: D8D80594 2100002D
	ds_load_b32 v34, v45 offset:1492                           // 000000003188: D8D805D4 2200002D
	s_waitcnt lgkmcnt(8)                                       // 000000003190: BF89FC87
	v_fmac_f32_e32 v0, v18, v27                                // 000000003194: 56003712
	s_setprio 1                                                // 000000003198: BFB50001
	v_fmac_f32_e32 v1, v19, v27                                // 00000000319C: 56023713
	v_fmac_f32_e32 v2, v20, v27                                // 0000000031A0: 56043714
	v_fmac_f32_e32 v3, v21, v27                                // 0000000031A4: 56063715
	v_fmac_f32_e32 v4, v18, v28                                // 0000000031A8: 56083912
	v_fmac_f32_e32 v5, v19, v28                                // 0000000031AC: 560A3913
	v_fmac_f32_e32 v6, v20, v28                                // 0000000031B0: 560C3914
	v_fmac_f32_e32 v7, v21, v28                                // 0000000031B4: 560E3915
	v_fmac_f32_e32 v8, v18, v29                                // 0000000031B8: 56103B12
	v_fmac_f32_e32 v9, v19, v29                                // 0000000031BC: 56123B13
	v_fmac_f32_e32 v10, v20, v29                               // 0000000031C0: 56143B14
	v_fmac_f32_e32 v11, v21, v29                               // 0000000031C4: 56163B15
	v_fmac_f32_e32 v12, v18, v30                               // 0000000031C8: 56183D12
	v_fmac_f32_e32 v13, v19, v30                               // 0000000031CC: 561A3D13
	v_fmac_f32_e32 v14, v20, v30                               // 0000000031D0: 561C3D14
	v_fmac_f32_e32 v15, v21, v30                               // 0000000031D4: 561E3D15
	s_setprio 0                                                // 0000000031D8: BFB50000
	ds_load_b32 v18, v44 offset:1536                           // 0000000031DC: D8D80600 1200002C
	ds_load_b32 v19, v44 offset:1600                           // 0000000031E4: D8D80640 1300002C
	ds_load_b32 v20, v44 offset:1664                           // 0000000031EC: D8D80680 1400002C
	ds_load_b32 v21, v44 offset:1728                           // 0000000031F4: D8D806C0 1500002C
	ds_load_b32 v27, v45 offset:1560                           // 0000000031FC: D8D80618 1B00002D
	ds_load_b32 v28, v45 offset:1624                           // 000000003204: D8D80658 1C00002D
	ds_load_b32 v29, v45 offset:1688                           // 00000000320C: D8D80698 1D00002D
	ds_load_b32 v30, v45 offset:1752                           // 000000003214: D8D806D8 1E00002D
	s_waitcnt lgkmcnt(8)                                       // 00000000321C: BF89FC87
	v_fmac_f32_e32 v0, v22, v31                                // 000000003220: 56003F16
	s_setprio 1                                                // 000000003224: BFB50001
	v_fmac_f32_e32 v1, v23, v31                                // 000000003228: 56023F17
	v_fmac_f32_e32 v2, v24, v31                                // 00000000322C: 56043F18
	v_fmac_f32_e32 v3, v25, v31                                // 000000003230: 56063F19
	v_fmac_f32_e32 v4, v22, v32                                // 000000003234: 56084116
	v_fmac_f32_e32 v5, v23, v32                                // 000000003238: 560A4117
	v_fmac_f32_e32 v6, v24, v32                                // 00000000323C: 560C4118
	v_fmac_f32_e32 v7, v25, v32                                // 000000003240: 560E4119
	v_fmac_f32_e32 v8, v22, v33                                // 000000003244: 56104316
	v_fmac_f32_e32 v9, v23, v33                                // 000000003248: 56124317
	v_fmac_f32_e32 v10, v24, v33                               // 00000000324C: 56144318
	v_fmac_f32_e32 v11, v25, v33                               // 000000003250: 56164319
	v_fmac_f32_e32 v12, v22, v34                               // 000000003254: 56184516
	v_fmac_f32_e32 v13, v23, v34                               // 000000003258: 561A4517
	v_fmac_f32_e32 v14, v24, v34                               // 00000000325C: 561C4518
	v_fmac_f32_e32 v15, v25, v34                               // 000000003260: 561E4519
	s_setprio 0                                                // 000000003264: BFB50000
	ds_load_b32 v22, v44 offset:1792                           // 000000003268: D8D80700 1600002C
	ds_load_b32 v23, v44 offset:1856                           // 000000003270: D8D80740 1700002C
	ds_load_b32 v24, v44 offset:1920                           // 000000003278: D8D80780 1800002C
	ds_load_b32 v25, v44 offset:1984                           // 000000003280: D8D807C0 1900002C
	ds_load_b32 v31, v45 offset:1820                           // 000000003288: D8D8071C 1F00002D
	ds_load_b32 v32, v45 offset:1884                           // 000000003290: D8D8075C 2000002D
	ds_load_b32 v33, v45 offset:1948                           // 000000003298: D8D8079C 2100002D
	ds_load_b32 v34, v45 offset:2012                           // 0000000032A0: D8D807DC 2200002D
	s_waitcnt lgkmcnt(8)                                       // 0000000032A8: BF89FC87
	v_fmac_f32_e32 v0, v18, v27                                // 0000000032AC: 56003712
	s_setprio 1                                                // 0000000032B0: BFB50001
	v_fmac_f32_e32 v1, v19, v27                                // 0000000032B4: 56023713
	v_fmac_f32_e32 v2, v20, v27                                // 0000000032B8: 56043714
	v_fmac_f32_e32 v3, v21, v27                                // 0000000032BC: 56063715
	v_fmac_f32_e32 v4, v18, v28                                // 0000000032C0: 56083912
	v_fmac_f32_e32 v5, v19, v28                                // 0000000032C4: 560A3913
	v_fmac_f32_e32 v6, v20, v28                                // 0000000032C8: 560C3914
	v_fmac_f32_e32 v7, v21, v28                                // 0000000032CC: 560E3915
	v_fmac_f32_e32 v8, v18, v29                                // 0000000032D0: 56103B12
	v_fmac_f32_e32 v9, v19, v29                                // 0000000032D4: 56123B13
	v_fmac_f32_e32 v10, v20, v29                               // 0000000032D8: 56143B14
	v_fmac_f32_e32 v11, v21, v29                               // 0000000032DC: 56163B15
	v_fmac_f32_e32 v12, v18, v30                               // 0000000032E0: 56183D12
	v_fmac_f32_e32 v13, v19, v30                               // 0000000032E4: 561A3D13
	v_fmac_f32_e32 v14, v20, v30                               // 0000000032E8: 561C3D14
	v_fmac_f32_e32 v15, v21, v30                               // 0000000032EC: 561E3D15
	s_setprio 0                                                // 0000000032F0: BFB50000
	s_waitcnt lgkmcnt(0)                                       // 0000000032F4: BF89FC07
	v_fmac_f32_e32 v0, v22, v31                                // 0000000032F8: 56003F16
	s_setprio 1                                                // 0000000032FC: BFB50001
	v_fmac_f32_e32 v1, v23, v31                                // 000000003300: 56023F17
	v_fmac_f32_e32 v2, v24, v31                                // 000000003304: 56043F18
	v_fmac_f32_e32 v3, v25, v31                                // 000000003308: 56063F19
	v_fmac_f32_e32 v4, v22, v32                                // 00000000330C: 56084116
	v_fmac_f32_e32 v5, v23, v32                                // 000000003310: 560A4117
	v_fmac_f32_e32 v6, v24, v32                                // 000000003314: 560C4118
	v_fmac_f32_e32 v7, v25, v32                                // 000000003318: 560E4119
	v_fmac_f32_e32 v8, v22, v33                                // 00000000331C: 56104316
	v_fmac_f32_e32 v9, v23, v33                                // 000000003320: 56124317
	v_fmac_f32_e32 v10, v24, v33                               // 000000003324: 56144318
	v_fmac_f32_e32 v11, v25, v33                               // 000000003328: 56164319
	v_fmac_f32_e32 v12, v22, v34                               // 00000000332C: 56184516
	v_fmac_f32_e32 v13, v23, v34                               // 000000003330: 561A4517
	v_fmac_f32_e32 v14, v24, v34                               // 000000003334: 561C4518
	v_fmac_f32_e32 v15, v25, v34                               // 000000003338: 561E4519
	s_setprio 0                                                // 00000000333C: BFB50000

0000000000003340 <PrefetchGlobalLastIterEnd_5>:
	v_and_b32_e32 v35, 0xf01fff, v35                           // 000000003340: 364646FF 00F01FFF
	v_and_b32_e32 v36, 0xf01fff, v36                           // 000000003348: 364848FF 00F01FFF
	s_and_b32 s5, 7, s49                                       // 000000003350: 8B053187
	s_cmp_eq_u32 s5, 0                                         // 000000003354: BF068005
	s_cbranch_scc1 SkipTailLoopL_8                             // 000000003358: BFA2006C
	s_mov_b32 s6, 0                                            // 00000000335C: BE860080
	s_mov_b32 s62, 3                                           // 000000003360: BEBE0083
	s_mul_hi_u32 s61, s62, s34                                 // 000000003364: 96BD223E
	s_mul_i32 s60, s62, s34                                    // 000000003368: 963C223E
	s_mul_hi_u32 s63, s7, s34                                  // 00000000336C: 96BF2207
	s_mul_i32 s62, s7, s34                                     // 000000003370: 963E2207
	s_sub_co_u32 s60, s60, s62                                 // 000000003374: 80BC3E3C
	s_sub_co_ci_u32 s61, s61, s63                              // 000000003378: 82BD3F3D
	s_sub_co_u32 s60, s60, s30                                 // 00000000337C: 80BC1E3C
	s_sub_co_ci_u32 s61, s61, s31                              // 000000003380: 82BD1F3D
	s_add_co_u32 s8, s8, s60                                   // 000000003384: 80083C08
	s_add_co_ci_u32 s9, s9, s61                                // 000000003388: 82093D09
	s_sub_co_u32 s0, s0, s60                                   // 00000000338C: 80803C00
	s_sub_co_ci_u32 s1, s1, s61                                // 000000003390: 82813D01
	s_cmp_eq_u32 s1, 0                                         // 000000003394: BF068001
	s_cselect_b32 s10, s0, -1                                  // 000000003398: 980AC100
	s_mov_b32 s62, 3                                           // 00000000339C: BEBE0083
	s_mul_hi_u32 s61, s62, s35                                 // 0000000033A0: 96BD233E
	s_mul_i32 s60, s62, s35                                    // 0000000033A4: 963C233E
	s_mul_hi_u32 s63, s7, s35                                  // 0000000033A8: 96BF2307
	s_mul_i32 s62, s7, s35                                     // 0000000033AC: 963E2307
	s_sub_co_u32 s60, s60, s62                                 // 0000000033B0: 80BC3E3C
	s_sub_co_ci_u32 s61, s61, s63                              // 0000000033B4: 82BD3F3D
	s_sub_co_u32 s60, s60, s32                                 // 0000000033B8: 80BC203C
	s_sub_co_ci_u32 s61, s61, s33                              // 0000000033BC: 82BD213D
	s_add_co_u32 s12, s12, s60                                 // 0000000033C0: 800C3C0C
	s_add_co_ci_u32 s13, s13, s61                              // 0000000033C4: 820D3D0D
	s_sub_co_u32 s28, s28, s60                                 // 0000000033C8: 809C3C1C
	s_sub_co_ci_u32 s29, s29, s61                              // 0000000033CC: 829D3D1D
	s_cmp_eq_u32 s29, 0                                        // 0000000033D0: BF06801D
	s_cselect_b32 s14, s28, -1                                 // 0000000033D4: 980EC11C
	buffer_load_b32 v40, v37, s[8:11], null offen              // 0000000033D8: C405007C 40801028 00000025
	buffer_load_b32 v41, v37, s[8:11], s58 offen               // 0000000033E4: C405003A 40801029 00000025
	buffer_load_b32 v42, v38, s[12:15], null offen             // 0000000033F0: C405007C 4080182A 00000026
	buffer_load_b32 v43, v38, s[12:15], s59 offen              // 0000000033FC: C405003B 4080182B 00000026
	s_waitcnt vmcnt(0)                                         // 000000003408: BF8903F7
	s_barrier_signal -1                                        // 00000000340C: BE804EC1
	s_barrier_wait 0xffff                                      // 000000003410: BF94FFFF
	ds_store_b32 v35, v40                                      // 000000003414: D8340000 00002823
	ds_store_b32 v35, v41 offset:1024                          // 00000000341C: D8340400 00002923
	ds_store_b32 v36, v42                                      // 000000003424: D8340000 00002A24
	ds_store_b32 v36, v43 offset:128                           // 00000000342C: D8340080 00002B24
	s_waitcnt lgkmcnt(0)                                       // 000000003434: BF89FC07
	s_barrier_signal -1                                        // 000000003438: BE804EC1
	s_barrier_wait 0xffff                                      // 00000000343C: BF94FFFF
	v_and_b32_e32 v44, 0x1fff, v44                             // 000000003440: 365858FF 00001FFF
	v_and_b32_e32 v45, 0x1fff, v45                             // 000000003448: 365A5AFF 00001FFF

0000000000003450 <TailLoopBeginL_6>:
	ds_load_b32 v18, v44                                       // 000000003450: D8D80000 1200002C
	ds_load_b32 v19, v44 offset:64                             // 000000003458: D8D80040 1300002C
	ds_load_b32 v20, v44 offset:128                            // 000000003460: D8D80080 1400002C
	ds_load_b32 v21, v44 offset:192                            // 000000003468: D8D800C0 1500002C
	ds_load_b32 v27, v45                                       // 000000003470: D8D80000 1B00002D
	ds_load_b32 v28, v45 offset:64                             // 000000003478: D8D80040 1C00002D
	ds_load_b32 v29, v45 offset:128                            // 000000003480: D8D80080 1D00002D
	ds_load_b32 v30, v45 offset:192                            // 000000003488: D8D800C0 1E00002D
	s_mov_b32 s56, 0x100                                       // 000000003490: BEB800FF 00000100
	v_add_co_u32 v44, vcc_lo, s56, v44                         // 000000003498: D7006A2C 00025838
	s_mov_b32 s56, 0x104                                       // 0000000034A0: BEB800FF 00000104
	v_add_co_u32 v45, vcc_lo, s56, v45                         // 0000000034A8: D7006A2D 00025A38
	s_waitcnt lgkmcnt(0)                                       // 0000000034B0: BF89FC07
	v_fmac_f32_e32 v0, v18, v27                                // 0000000034B4: 56003712
	s_setprio 1                                                // 0000000034B8: BFB50001
	v_fmac_f32_e32 v1, v19, v27                                // 0000000034BC: 56023713
	v_fmac_f32_e32 v2, v20, v27                                // 0000000034C0: 56043714
	v_fmac_f32_e32 v3, v21, v27                                // 0000000034C4: 56063715
	v_fmac_f32_e32 v4, v18, v28                                // 0000000034C8: 56083912
	v_fmac_f32_e32 v5, v19, v28                                // 0000000034CC: 560A3913
	v_fmac_f32_e32 v6, v20, v28                                // 0000000034D0: 560C3914
	v_fmac_f32_e32 v7, v21, v28                                // 0000000034D4: 560E3915
	v_fmac_f32_e32 v8, v18, v29                                // 0000000034D8: 56103B12
	v_fmac_f32_e32 v9, v19, v29                                // 0000000034DC: 56123B13
	v_fmac_f32_e32 v10, v20, v29                               // 0000000034E0: 56143B14
	v_fmac_f32_e32 v11, v21, v29                               // 0000000034E4: 56163B15
	v_fmac_f32_e32 v12, v18, v30                               // 0000000034E8: 56183D12
	v_fmac_f32_e32 v13, v19, v30                               // 0000000034EC: 561A3D13
	v_fmac_f32_e32 v14, v20, v30                               // 0000000034F0: 561C3D14
	v_fmac_f32_e32 v15, v21, v30                               // 0000000034F4: 561E3D15
	s_setprio 0                                                // 0000000034F8: BFB50000
	s_sub_co_i32 s5, s5, 1                                     // 0000000034FC: 81858105
	s_add_co_u32 s6, s6, 1                                     // 000000003500: 80068106
	s_cmp_le_i32 s5, 0                                         // 000000003504: BF058005
	s_cbranch_scc0 TailLoopBeginL_6                            // 000000003508: BFA1FFD1

000000000000350c <TailLoopEndL_7>:
	v_lshrrev_b32_e32 v19, 4, v46                              // 00000000350C: 32265C84
	v_and_b32_e32 v18, 15, v46                                 // 000000003510: 36245C8F
	v_mul_lo_u32 v20, v19, s40                                 // 000000003514: D72C0014 00005113
	v_mul_lo_u32 v21, v19, s38                                 // 00000000351C: D72C0015 00004D13
	s_mul_i32 s54, 64, s2                                      // 000000003524: 963602C0
	v_add_co_u32 v18, vcc_lo, s54, v18                         // 000000003528: D7006A12 00022436
	s_mul_i32 s56, 64, s3                                      // 000000003530: 963803C0
	v_add_co_u32 v19, vcc_lo, s56, v19                         // 000000003534: D7006A13 00022638
	s_cmp_eq_u32 s37, 0                                        // 00000000353C: BF068025
	s_cbranch_scc0 GW_Beta_43                                  // 000000003540: BFA10159
	s_and_b32 s54, 63, s46                                     // 000000003544: 8B362EBF
	s_add_co_u32 s55, -1, s51                                  // 000000003548: 803733C1
	s_cmp_ge_u32 s2, s55                                       // 00000000354C: BF093702
	s_cselect_b32 s54, s54, 0                                  // 000000003550: 98368036
	s_cmp_gt_u32 s54, 0                                        // 000000003554: BF088036
	s_cbranch_scc1 GW_B0_E1_34                                 // 000000003558: BFA20052
	s_and_b32 s54, 63, s47                                     // 00000000355C: 8B362FBF
	s_add_co_u32 s55, -1, s52                                  // 000000003560: 803734C1
	s_cmp_ge_u32 s3, s55                                       // 000000003564: BF093703
	s_cselect_b32 s54, s54, 0                                  // 000000003568: 98368036
	s_cmp_gt_u32 s54, 0                                        // 00000000356C: BF088036
	s_cbranch_scc1 GW_B0_E1_34                                 // 000000003570: BFA2004C

0000000000003574 <GW_B0_E0_31>:
	v_add_lshl_u32 v24, v21, v18, 2                            // 000000003574: D6470018 020A2515
	v_mul_f32_e32 v0, s36, v0                                  // 00000000357C: 10000024
	v_mul_f32_e32 v1, s36, v1                                  // 000000003580: 10020224
	v_mul_f32_e32 v2, s36, v2                                  // 000000003584: 10040424
	v_mul_f32_e32 v3, s36, v3                                  // 000000003588: 10060624
	v_mul_f32_e32 v4, s36, v4                                  // 00000000358C: 10080824
	v_mul_f32_e32 v5, s36, v5                                  // 000000003590: 100A0A24
	v_mul_f32_e32 v6, s36, v6                                  // 000000003594: 100C0C24
	v_mul_f32_e32 v7, s36, v7                                  // 000000003598: 100E0E24
	v_mul_f32_e32 v8, s36, v8                                  // 00000000359C: 10101024
	v_mul_f32_e32 v9, s36, v9                                  // 0000000035A0: 10121224
	v_mul_f32_e32 v10, s36, v10                                // 0000000035A4: 10141424
	v_mul_f32_e32 v11, s36, v11                                // 0000000035A8: 10161624
	v_mul_f32_e32 v12, s36, v12                                // 0000000035AC: 10181824
	v_mul_f32_e32 v13, s36, v13                                // 0000000035B0: 101A1A24
	v_mul_f32_e32 v14, s36, v14                                // 0000000035B4: 101C1C24
	v_mul_f32_e32 v15, s36, v15                                // 0000000035B8: 101E1E24
	buffer_store_b32 v0, v24, s[16:19], null offen             // 0000000035BC: C406807C 40802000 00000018
	buffer_store_b32 v1, v24, s[16:19], null offen offset:64   // 0000000035C8: C406807C 40802001 00004018
	buffer_store_b32 v2, v24, s[16:19], null offen offset:128  // 0000000035D4: C406807C 40802002 00008018
	buffer_store_b32 v3, v24, s[16:19], null offen offset:192  // 0000000035E0: C406807C 40802003 0000C018
	s_mul_i32 s54, s38, 64                                     // 0000000035EC: 9636C026
	s_add_co_u32 s16, s16, s54                                 // 0000000035F0: 80103610
	s_add_co_ci_u32 s17, s17, 0                                // 0000000035F4: 82118011
	buffer_store_b32 v4, v24, s[16:19], null offen             // 0000000035F8: C406807C 40802004 00000018
	buffer_store_b32 v5, v24, s[16:19], null offen offset:64   // 000000003604: C406807C 40802005 00004018
	buffer_store_b32 v6, v24, s[16:19], null offen offset:128  // 000000003610: C406807C 40802006 00008018
	buffer_store_b32 v7, v24, s[16:19], null offen offset:192  // 00000000361C: C406807C 40802007 0000C018
	s_mul_i32 s54, s38, 64                                     // 000000003628: 9636C026
	s_add_co_u32 s16, s16, s54                                 // 00000000362C: 80103610
	s_add_co_ci_u32 s17, s17, 0                                // 000000003630: 82118011
	buffer_store_b32 v8, v24, s[16:19], null offen             // 000000003634: C406807C 40802008 00000018
	buffer_store_b32 v9, v24, s[16:19], null offen offset:64   // 000000003640: C406807C 40802009 00004018
	buffer_store_b32 v10, v24, s[16:19], null offen offset:128 // 00000000364C: C406807C 4080200A 00008018
	buffer_store_b32 v11, v24, s[16:19], null offen offset:192 // 000000003658: C406807C 4080200B 0000C018
	s_mul_i32 s54, s38, 64                                     // 000000003664: 9636C026
	s_add_co_u32 s16, s16, s54                                 // 000000003668: 80103610
	s_add_co_ci_u32 s17, s17, 0                                // 00000000366C: 82118011
	buffer_store_b32 v12, v24, s[16:19], null offen            // 000000003670: C406807C 4080200C 00000018
	buffer_store_b32 v13, v24, s[16:19], null offen offset:64  // 00000000367C: C406807C 4080200D 00004018
	buffer_store_b32 v14, v24, s[16:19], null offen offset:128 // 000000003688: C406807C 4080200E 00008018
	buffer_store_b32 v15, v24, s[16:19], null offen offset:192 // 000000003694: C406807C 4080200F 0000C018
	s_branch label_0047                                        // 0000000036A0: BFA00357

00000000000036a4 <GW_B0_E1_34>:
	v_cmp_lt_u32_e64 s54, v18, s46                             // 0000000036A4: D4490036 00005D12
	v_cmp_lt_u32_e64 s58, v19, s47                             // 0000000036AC: D449003A 00005F13
	s_and_b64 s[58:59], s[54:55], s[58:59]                     // 0000000036B4: 8BBA3A36
	v_add_lshl_u32 v24, v21, v18, 2                            // 0000000036B8: D6470018 020A2515
	v_cndmask_b32_e64 v24, -1, v24, s58                        // 0000000036C0: D5010018 00EA30C1
	v_add_co_u32 v22, vcc_lo, v18, 16                          // 0000000036C8: D7006A16 00012112
	v_cmp_lt_u32_e64 s54, v22, s46                             // 0000000036D0: D4490036 00005D16
	v_cmp_lt_u32_e64 s58, v19, s47                             // 0000000036D8: D449003A 00005F13
	s_and_b64 s[58:59], s[54:55], s[58:59]                     // 0000000036E0: 8BBA3A36
	v_add_lshl_u32 v25, v21, v22, 2                            // 0000000036E4: D6470019 020A2D15
	v_cndmask_b32_e64 v25, -1, v25, s58                        // 0000000036EC: D5010019 00EA32C1
	v_add_co_u32 v22, vcc_lo, v18, 32                          // 0000000036F4: D7006A16 00014112
	v_cmp_lt_u32_e64 s54, v22, s46                             // 0000000036FC: D4490036 00005D16
	v_cmp_lt_u32_e64 s58, v19, s47                             // 000000003704: D449003A 00005F13
	s_and_b64 s[58:59], s[54:55], s[58:59]                     // 00000000370C: 8BBA3A36
	v_add_lshl_u32 v26, v21, v22, 2                            // 000000003710: D647001A 020A2D15
	v_cndmask_b32_e64 v26, -1, v26, s58                        // 000000003718: D501001A 00EA34C1
	v_add_co_u32 v22, vcc_lo, v18, 48                          // 000000003720: D7006A16 00016112
	v_cmp_lt_u32_e64 s54, v22, s46                             // 000000003728: D4490036 00005D16
	v_cmp_lt_u32_e64 s58, v19, s47                             // 000000003730: D449003A 00005F13
	s_and_b64 s[58:59], s[54:55], s[58:59]                     // 000000003738: 8BBA3A36
	v_add_lshl_u32 v27, v21, v22, 2                            // 00000000373C: D647001B 020A2D15
	v_cndmask_b32_e64 v27, -1, v27, s58                        // 000000003744: D501001B 00EA36C1
	v_add_co_u32 v19, vcc_lo, v19, 16                          // 00000000374C: D7006A13 00012113
	s_mul_i32 s54, s40, 16                                     // 000000003754: 96369028
	v_add_nc_u32_e64 v20, v20, s54                             // 000000003758: D5250014 00006D14
	s_mul_i32 s54, s38, 16                                     // 000000003760: 96369026
	v_add_nc_u32_e64 v21, v21, s54                             // 000000003764: D5250015 00006D15
	v_cmp_lt_u32_e64 s54, v18, s46                             // 00000000376C: D4490036 00005D12
	v_cmp_lt_u32_e64 s58, v19, s47                             // 000000003774: D449003A 00005F13
	s_and_b64 s[58:59], s[54:55], s[58:59]                     // 00000000377C: 8BBA3A36
	v_add_lshl_u32 v28, v21, v18, 2                            // 000000003780: D647001C 020A2515
	v_cndmask_b32_e64 v28, -1, v28, s58                        // 000000003788: D501001C 00EA38C1
	v_add_co_u32 v22, vcc_lo, v18, 16                          // 000000003790: D7006A16 00012112
	v_cmp_lt_u32_e64 s54, v22, s46                             // 000000003798: D4490036 00005D16
	v_cmp_lt_u32_e64 s58, v19, s47                             // 0000000037A0: D449003A 00005F13
	s_and_b64 s[58:59], s[54:55], s[58:59]                     // 0000000037A8: 8BBA3A36
	v_add_lshl_u32 v29, v21, v22, 2                            // 0000000037AC: D647001D 020A2D15
	v_cndmask_b32_e64 v29, -1, v29, s58                        // 0000000037B4: D501001D 00EA3AC1
	v_add_co_u32 v22, vcc_lo, v18, 32                          // 0000000037BC: D7006A16 00014112
	v_cmp_lt_u32_e64 s54, v22, s46                             // 0000000037C4: D4490036 00005D16
	v_cmp_lt_u32_e64 s58, v19, s47                             // 0000000037CC: D449003A 00005F13
	s_and_b64 s[58:59], s[54:55], s[58:59]                     // 0000000037D4: 8BBA3A36
	v_add_lshl_u32 v30, v21, v22, 2                            // 0000000037D8: D647001E 020A2D15
	v_cndmask_b32_e64 v30, -1, v30, s58                        // 0000000037E0: D501001E 00EA3CC1
	v_add_co_u32 v22, vcc_lo, v18, 48                          // 0000000037E8: D7006A16 00016112
	v_cmp_lt_u32_e64 s54, v22, s46                             // 0000000037F0: D4490036 00005D16
	v_cmp_lt_u32_e64 s58, v19, s47                             // 0000000037F8: D449003A 00005F13
	s_and_b64 s[58:59], s[54:55], s[58:59]                     // 000000003800: 8BBA3A36
	v_add_lshl_u32 v31, v21, v22, 2                            // 000000003804: D647001F 020A2D15
	v_cndmask_b32_e64 v31, -1, v31, s58                        // 00000000380C: D501001F 00EA3EC1
	v_add_co_u32 v19, vcc_lo, v19, 16                          // 000000003814: D7006A13 00012113
	s_mul_i32 s54, s40, 16                                     // 00000000381C: 96369028
	v_add_nc_u32_e64 v20, v20, s54                             // 000000003820: D5250014 00006D14
	s_mul_i32 s54, s38, 16                                     // 000000003828: 96369026
	v_add_nc_u32_e64 v21, v21, s54                             // 00000000382C: D5250015 00006D15
	v_cmp_lt_u32_e64 s54, v18, s46                             // 000000003834: D4490036 00005D12
	v_cmp_lt_u32_e64 s58, v19, s47                             // 00000000383C: D449003A 00005F13
	s_and_b64 s[58:59], s[54:55], s[58:59]                     // 000000003844: 8BBA3A36
	v_add_lshl_u32 v32, v21, v18, 2                            // 000000003848: D6470020 020A2515
	v_cndmask_b32_e64 v32, -1, v32, s58                        // 000000003850: D5010020 00EA40C1
	v_add_co_u32 v22, vcc_lo, v18, 16                          // 000000003858: D7006A16 00012112
	v_cmp_lt_u32_e64 s54, v22, s46                             // 000000003860: D4490036 00005D16
	v_cmp_lt_u32_e64 s58, v19, s47                             // 000000003868: D449003A 00005F13
	s_and_b64 s[58:59], s[54:55], s[58:59]                     // 000000003870: 8BBA3A36
	v_add_lshl_u32 v33, v21, v22, 2                            // 000000003874: D6470021 020A2D15
	v_cndmask_b32_e64 v33, -1, v33, s58                        // 00000000387C: D5010021 00EA42C1
	v_add_co_u32 v22, vcc_lo, v18, 32                          // 000000003884: D7006A16 00014112
	v_cmp_lt_u32_e64 s54, v22, s46                             // 00000000388C: D4490036 00005D16
	v_cmp_lt_u32_e64 s58, v19, s47                             // 000000003894: D449003A 00005F13
	s_and_b64 s[58:59], s[54:55], s[58:59]                     // 00000000389C: 8BBA3A36
	v_add_lshl_u32 v34, v21, v22, 2                            // 0000000038A0: D6470022 020A2D15
	v_cndmask_b32_e64 v34, -1, v34, s58                        // 0000000038A8: D5010022 00EA44C1
	v_add_co_u32 v22, vcc_lo, v18, 48                          // 0000000038B0: D7006A16 00016112
	v_cmp_lt_u32_e64 s54, v22, s46                             // 0000000038B8: D4490036 00005D16
	v_cmp_lt_u32_e64 s58, v19, s47                             // 0000000038C0: D449003A 00005F13
	s_and_b64 s[58:59], s[54:55], s[58:59]                     // 0000000038C8: 8BBA3A36
	v_add_lshl_u32 v35, v21, v22, 2                            // 0000000038CC: D6470023 020A2D15
	v_cndmask_b32_e64 v35, -1, v35, s58                        // 0000000038D4: D5010023 00EA46C1
	v_add_co_u32 v19, vcc_lo, v19, 16                          // 0000000038DC: D7006A13 00012113
	s_mul_i32 s54, s40, 16                                     // 0000000038E4: 96369028
	v_add_nc_u32_e64 v20, v20, s54                             // 0000000038E8: D5250014 00006D14
	s_mul_i32 s54, s38, 16                                     // 0000000038F0: 96369026
	v_add_nc_u32_e64 v21, v21, s54                             // 0000000038F4: D5250015 00006D15
	v_cmp_lt_u32_e64 s54, v18, s46                             // 0000000038FC: D4490036 00005D12
	v_cmp_lt_u32_e64 s58, v19, s47                             // 000000003904: D449003A 00005F13
	s_and_b64 s[58:59], s[54:55], s[58:59]                     // 00000000390C: 8BBA3A36
	v_add_lshl_u32 v36, v21, v18, 2                            // 000000003910: D6470024 020A2515
	v_cndmask_b32_e64 v36, -1, v36, s58                        // 000000003918: D5010024 00EA48C1
	v_add_co_u32 v22, vcc_lo, v18, 16                          // 000000003920: D7006A16 00012112
	v_cmp_lt_u32_e64 s54, v22, s46                             // 000000003928: D4490036 00005D16
	v_cmp_lt_u32_e64 s58, v19, s47                             // 000000003930: D449003A 00005F13
	s_and_b64 s[58:59], s[54:55], s[58:59]                     // 000000003938: 8BBA3A36
	v_add_lshl_u32 v37, v21, v22, 2                            // 00000000393C: D6470025 020A2D15
	v_cndmask_b32_e64 v37, -1, v37, s58                        // 000000003944: D5010025 00EA4AC1
	v_add_co_u32 v22, vcc_lo, v18, 32                          // 00000000394C: D7006A16 00014112
	v_cmp_lt_u32_e64 s54, v22, s46                             // 000000003954: D4490036 00005D16
	v_cmp_lt_u32_e64 s58, v19, s47                             // 00000000395C: D449003A 00005F13
	s_and_b64 s[58:59], s[54:55], s[58:59]                     // 000000003964: 8BBA3A36
	v_add_lshl_u32 v38, v21, v22, 2                            // 000000003968: D6470026 020A2D15
	v_cndmask_b32_e64 v38, -1, v38, s58                        // 000000003970: D5010026 00EA4CC1
	v_add_co_u32 v22, vcc_lo, v18, 48                          // 000000003978: D7006A16 00016112
	v_cmp_lt_u32_e64 s54, v22, s46                             // 000000003980: D4490036 00005D16
	v_cmp_lt_u32_e64 s58, v19, s47                             // 000000003988: D449003A 00005F13
	s_and_b64 s[58:59], s[54:55], s[58:59]                     // 000000003990: 8BBA3A36
	v_add_lshl_u32 v39, v21, v22, 2                            // 000000003994: D6470027 020A2D15
	v_cndmask_b32_e64 v39, -1, v39, s58                        // 00000000399C: D5010027 00EA4EC1
	v_mul_f32_e32 v0, s36, v0                                  // 0000000039A4: 10000024
	v_mul_f32_e32 v1, s36, v1                                  // 0000000039A8: 10020224
	v_mul_f32_e32 v2, s36, v2                                  // 0000000039AC: 10040424
	v_mul_f32_e32 v3, s36, v3                                  // 0000000039B0: 10060624
	v_mul_f32_e32 v4, s36, v4                                  // 0000000039B4: 10080824
	v_mul_f32_e32 v5, s36, v5                                  // 0000000039B8: 100A0A24
	v_mul_f32_e32 v6, s36, v6                                  // 0000000039BC: 100C0C24
	v_mul_f32_e32 v7, s36, v7                                  // 0000000039C0: 100E0E24
	v_mul_f32_e32 v8, s36, v8                                  // 0000000039C4: 10101024
	v_mul_f32_e32 v9, s36, v9                                  // 0000000039C8: 10121224
	v_mul_f32_e32 v10, s36, v10                                // 0000000039CC: 10141424
	v_mul_f32_e32 v11, s36, v11                                // 0000000039D0: 10161624
	v_mul_f32_e32 v12, s36, v12                                // 0000000039D4: 10181824
	v_mul_f32_e32 v13, s36, v13                                // 0000000039D8: 101A1A24
	v_mul_f32_e32 v14, s36, v14                                // 0000000039DC: 101C1C24
	v_mul_f32_e32 v15, s36, v15                                // 0000000039E0: 101E1E24
	buffer_store_b32 v0, v24, s[16:19], null offen             // 0000000039E4: C406807C 40802000 00000018
	buffer_store_b32 v1, v25, s[16:19], null offen             // 0000000039F0: C406807C 40802001 00000019
	buffer_store_b32 v2, v26, s[16:19], null offen             // 0000000039FC: C406807C 40802002 0000001A
	buffer_store_b32 v3, v27, s[16:19], null offen             // 000000003A08: C406807C 40802003 0000001B
	buffer_store_b32 v4, v28, s[16:19], null offen             // 000000003A14: C406807C 40802004 0000001C
	buffer_store_b32 v5, v29, s[16:19], null offen             // 000000003A20: C406807C 40802005 0000001D
	buffer_store_b32 v6, v30, s[16:19], null offen             // 000000003A2C: C406807C 40802006 0000001E
	buffer_store_b32 v7, v31, s[16:19], null offen             // 000000003A38: C406807C 40802007 0000001F
	buffer_store_b32 v8, v32, s[16:19], null offen             // 000000003A44: C406807C 40802008 00000020
	buffer_store_b32 v9, v33, s[16:19], null offen             // 000000003A50: C406807C 40802009 00000021
	buffer_store_b32 v10, v34, s[16:19], null offen            // 000000003A5C: C406807C 4080200A 00000022
	buffer_store_b32 v11, v35, s[16:19], null offen            // 000000003A68: C406807C 4080200B 00000023
	buffer_store_b32 v12, v36, s[16:19], null offen            // 000000003A74: C406807C 4080200C 00000024
	buffer_store_b32 v13, v37, s[16:19], null offen            // 000000003A80: C406807C 4080200D 00000025
	buffer_store_b32 v14, v38, s[16:19], null offen            // 000000003A8C: C406807C 4080200E 00000026
	buffer_store_b32 v15, v39, s[16:19], null offen            // 000000003A98: C406807C 4080200F 00000027
	s_branch label_0047                                        // 000000003AA4: BFA00256

0000000000003aa8 <GW_Beta_43>:
	s_and_b32 s54, 63, s46                                     // 000000003AA8: 8B362EBF
	s_add_co_u32 s55, -1, s51                                  // 000000003AAC: 803733C1
	s_cmp_ge_u32 s2, s55                                       // 000000003AB0: BF093702
	s_cselect_b32 s54, s54, 0                                  // 000000003AB4: 98368036
	s_cmp_gt_u32 s54, 0                                        // 000000003AB8: BF088036
	s_cbranch_scc1 GW_B1_E1_41                                 // 000000003ABC: BFA200BD
	s_and_b32 s54, 63, s47                                     // 000000003AC0: 8B362FBF
	s_add_co_u32 s55, -1, s52                                  // 000000003AC4: 803734C1
	s_cmp_ge_u32 s3, s55                                       // 000000003AC8: BF093703
	s_cselect_b32 s54, s54, 0                                  // 000000003ACC: 98368036
	s_cmp_gt_u32 s54, 0                                        // 000000003AD0: BF088036
	s_cbranch_scc1 GW_B1_E1_41                                 // 000000003AD4: BFA200B7

0000000000003ad8 <GW_B1_E0_38>:
	v_add_lshl_u32 v25, v20, v18, 2                            // 000000003AD8: D6470019 020A2514
	buffer_load_b32 v26, v25, s[20:23], null offen             // 000000003AE0: C405007C 4080281A 00000019
	buffer_load_b32 v27, v25, s[20:23], null offen offset:64   // 000000003AEC: C405007C 4080281B 00004019
	buffer_load_b32 v28, v25, s[20:23], null offen offset:128  // 000000003AF8: C405007C 4080281C 00008019
	buffer_load_b32 v29, v25, s[20:23], null offen offset:192  // 000000003B04: C405007C 4080281D 0000C019
	s_mul_i32 s54, s40, 64                                     // 000000003B10: 9636C028
	s_add_co_u32 s20, s20, s54                                 // 000000003B14: 80143614
	s_add_co_ci_u32 s21, s21, 0                                // 000000003B18: 82158015
	buffer_load_b32 v30, v25, s[20:23], null offen             // 000000003B1C: C405007C 4080281E 00000019
	buffer_load_b32 v31, v25, s[20:23], null offen offset:64   // 000000003B28: C405007C 4080281F 00004019
	buffer_load_b32 v32, v25, s[20:23], null offen offset:128  // 000000003B34: C405007C 40802820 00008019
	buffer_load_b32 v33, v25, s[20:23], null offen offset:192  // 000000003B40: C405007C 40802821 0000C019
	s_mul_i32 s54, s40, 64                                     // 000000003B4C: 9636C028
	s_add_co_u32 s20, s20, s54                                 // 000000003B50: 80143614
	s_add_co_ci_u32 s21, s21, 0                                // 000000003B54: 82158015
	buffer_load_b32 v34, v25, s[20:23], null offen             // 000000003B58: C405007C 40802822 00000019
	buffer_load_b32 v35, v25, s[20:23], null offen offset:64   // 000000003B64: C405007C 40802823 00004019
	buffer_load_b32 v36, v25, s[20:23], null offen offset:128  // 000000003B70: C405007C 40802824 00008019
	buffer_load_b32 v37, v25, s[20:23], null offen offset:192  // 000000003B7C: C405007C 40802825 0000C019
	s_mul_i32 s54, s40, 64                                     // 000000003B88: 9636C028
	s_add_co_u32 s20, s20, s54                                 // 000000003B8C: 80143614
	s_add_co_ci_u32 s21, s21, 0                                // 000000003B90: 82158015
	buffer_load_b32 v38, v25, s[20:23], null offen             // 000000003B94: C405007C 40802826 00000019
	buffer_load_b32 v39, v25, s[20:23], null offen offset:64   // 000000003BA0: C405007C 40802827 00004019
	buffer_load_b32 v40, v25, s[20:23], null offen offset:128  // 000000003BAC: C405007C 40802828 00008019
	buffer_load_b32 v41, v25, s[20:23], null offen offset:192  // 000000003BB8: C405007C 40802829 0000C019
	v_add_lshl_u32 v24, v21, v18, 2                            // 000000003BC4: D6470018 020A2515
	v_mul_f32_e32 v0, s36, v0                                  // 000000003BCC: 10000024
	v_mul_f32_e32 v1, s36, v1                                  // 000000003BD0: 10020224
	v_mul_f32_e32 v2, s36, v2                                  // 000000003BD4: 10040424
	v_mul_f32_e32 v3, s36, v3                                  // 000000003BD8: 10060624
	v_mul_f32_e32 v4, s36, v4                                  // 000000003BDC: 10080824
	v_mul_f32_e32 v5, s36, v5                                  // 000000003BE0: 100A0A24
	v_mul_f32_e32 v6, s36, v6                                  // 000000003BE4: 100C0C24
	v_mul_f32_e32 v7, s36, v7                                  // 000000003BE8: 100E0E24
	v_mul_f32_e32 v8, s36, v8                                  // 000000003BEC: 10101024
	v_mul_f32_e32 v9, s36, v9                                  // 000000003BF0: 10121224
	v_mul_f32_e32 v10, s36, v10                                // 000000003BF4: 10141424
	v_mul_f32_e32 v11, s36, v11                                // 000000003BF8: 10161624
	v_mul_f32_e32 v12, s36, v12                                // 000000003BFC: 10181824
	v_mul_f32_e32 v13, s36, v13                                // 000000003C00: 101A1A24
	v_mul_f32_e32 v14, s36, v14                                // 000000003C04: 101C1C24
	v_mul_f32_e32 v15, s36, v15                                // 000000003C08: 101E1E24
	s_waitcnt vmcnt(15)                                        // 000000003C0C: BF893FF7
	v_fmac_f32_e64 v0, v26, s37                                // 000000003C10: D52B0000 00004B1A
	buffer_store_b32 v0, v24, s[16:19], null offen             // 000000003C18: C406807C 40802000 00000018
	s_waitcnt vmcnt(15)                                        // 000000003C24: BF893FF7
	v_fmac_f32_e64 v1, v27, s37                                // 000000003C28: D52B0001 00004B1B
	buffer_store_b32 v1, v24, s[16:19], null offen offset:64   // 000000003C30: C406807C 40802001 00004018
	s_waitcnt vmcnt(15)                                        // 000000003C3C: BF893FF7
	v_fmac_f32_e64 v2, v28, s37                                // 000000003C40: D52B0002 00004B1C
	buffer_store_b32 v2, v24, s[16:19], null offen offset:128  // 000000003C48: C406807C 40802002 00008018
	s_waitcnt vmcnt(15)                                        // 000000003C54: BF893FF7
	v_fmac_f32_e64 v3, v29, s37                                // 000000003C58: D52B0003 00004B1D
	buffer_store_b32 v3, v24, s[16:19], null offen offset:192  // 000000003C60: C406807C 40802003 0000C018
	s_waitcnt vmcnt(15)                                        // 000000003C6C: BF893FF7
	v_fmac_f32_e64 v4, v30, s37                                // 000000003C70: D52B0004 00004B1E
	s_mul_i32 s54, s38, 64                                     // 000000003C78: 9636C026
	s_add_co_u32 s16, s16, s54                                 // 000000003C7C: 80103610
	s_add_co_ci_u32 s17, s17, 0                                // 000000003C80: 82118011
	buffer_store_b32 v4, v24, s[16:19], null offen             // 000000003C84: C406807C 40802004 00000018
	s_waitcnt vmcnt(15)                                        // 000000003C90: BF893FF7
	v_fmac_f32_e64 v5, v31, s37                                // 000000003C94: D52B0005 00004B1F
	buffer_store_b32 v5, v24, s[16:19], null offen offset:64   // 000000003C9C: C406807C 40802005 00004018
	s_waitcnt vmcnt(15)                                        // 000000003CA8: BF893FF7
	v_fmac_f32_e64 v6, v32, s37                                // 000000003CAC: D52B0006 00004B20
	buffer_store_b32 v6, v24, s[16:19], null offen offset:128  // 000000003CB4: C406807C 40802006 00008018
	s_waitcnt vmcnt(15)                                        // 000000003CC0: BF893FF7
	v_fmac_f32_e64 v7, v33, s37                                // 000000003CC4: D52B0007 00004B21
	buffer_store_b32 v7, v24, s[16:19], null offen offset:192  // 000000003CCC: C406807C 40802007 0000C018
	s_waitcnt vmcnt(15)                                        // 000000003CD8: BF893FF7
	v_fmac_f32_e64 v8, v34, s37                                // 000000003CDC: D52B0008 00004B22
	s_mul_i32 s54, s38, 64                                     // 000000003CE4: 9636C026
	s_add_co_u32 s16, s16, s54                                 // 000000003CE8: 80103610
	s_add_co_ci_u32 s17, s17, 0                                // 000000003CEC: 82118011
	buffer_store_b32 v8, v24, s[16:19], null offen             // 000000003CF0: C406807C 40802008 00000018
	s_waitcnt vmcnt(15)                                        // 000000003CFC: BF893FF7
	v_fmac_f32_e64 v9, v35, s37                                // 000000003D00: D52B0009 00004B23
	buffer_store_b32 v9, v24, s[16:19], null offen offset:64   // 000000003D08: C406807C 40802009 00004018
	s_waitcnt vmcnt(15)                                        // 000000003D14: BF893FF7
	v_fmac_f32_e64 v10, v36, s37                               // 000000003D18: D52B000A 00004B24
	buffer_store_b32 v10, v24, s[16:19], null offen offset:128 // 000000003D20: C406807C 4080200A 00008018
	s_waitcnt vmcnt(15)                                        // 000000003D2C: BF893FF7
	v_fmac_f32_e64 v11, v37, s37                               // 000000003D30: D52B000B 00004B25
	buffer_store_b32 v11, v24, s[16:19], null offen offset:192 // 000000003D38: C406807C 4080200B 0000C018
	s_waitcnt vmcnt(15)                                        // 000000003D44: BF893FF7
	v_fmac_f32_e64 v12, v38, s37                               // 000000003D48: D52B000C 00004B26
	s_mul_i32 s54, s38, 64                                     // 000000003D50: 9636C026
	s_add_co_u32 s16, s16, s54                                 // 000000003D54: 80103610
	s_add_co_ci_u32 s17, s17, 0                                // 000000003D58: 82118011
	buffer_store_b32 v12, v24, s[16:19], null offen            // 000000003D5C: C406807C 4080200C 00000018
	s_waitcnt vmcnt(15)                                        // 000000003D68: BF893FF7
	v_fmac_f32_e64 v13, v39, s37                               // 000000003D6C: D52B000D 00004B27
	buffer_store_b32 v13, v24, s[16:19], null offen offset:64  // 000000003D74: C406807C 4080200D 00004018
	s_waitcnt vmcnt(15)                                        // 000000003D80: BF893FF7
	v_fmac_f32_e64 v14, v40, s37                               // 000000003D84: D52B000E 00004B28
	buffer_store_b32 v14, v24, s[16:19], null offen offset:128 // 000000003D8C: C406807C 4080200E 00008018
	s_waitcnt vmcnt(15)                                        // 000000003D98: BF893FF7
	v_fmac_f32_e64 v15, v41, s37                               // 000000003D9C: D52B000F 00004B29
	buffer_store_b32 v15, v24, s[16:19], null offen offset:192 // 000000003DA4: C406807C 4080200F 0000C018
	s_branch label_0047                                        // 000000003DB0: BFA00193

0000000000003db4 <GW_B1_E1_41>:
	v_cmp_lt_u32_e64 s54, v18, s46                             // 000000003DB4: D4490036 00005D12
	v_cmp_lt_u32_e64 s58, v19, s47                             // 000000003DBC: D449003A 00005F13
	s_and_b64 s[58:59], s[54:55], s[58:59]                     // 000000003DC4: 8BBA3A36
	v_add_lshl_u32 v24, v20, v18, 2                            // 000000003DC8: D6470018 020A2514
	v_cndmask_b32_e64 v24, -1, v24, s58                        // 000000003DD0: D5010018 00EA30C1
	buffer_load_b32 v25, v24, s[20:23], null offen             // 000000003DD8: C405007C 40802819 00000018
	v_add_lshl_u32 v24, v21, v18, 2                            // 000000003DE4: D6470018 020A2515
	v_cndmask_b32_e64 v24, -1, v24, s58                        // 000000003DEC: D5010018 00EA30C1
	v_add_co_u32 v22, vcc_lo, v18, 16                          // 000000003DF4: D7006A16 00012112
	v_cmp_lt_u32_e64 s54, v22, s46                             // 000000003DFC: D4490036 00005D16
	v_cmp_lt_u32_e64 s58, v19, s47                             // 000000003E04: D449003A 00005F13
	s_and_b64 s[58:59], s[54:55], s[58:59]                     // 000000003E0C: 8BBA3A36
	v_add_lshl_u32 v26, v20, v22, 2                            // 000000003E10: D647001A 020A2D14
	v_cndmask_b32_e64 v26, -1, v26, s58                        // 000000003E18: D501001A 00EA34C1
	buffer_load_b32 v27, v26, s[20:23], null offen             // 000000003E20: C405007C 4080281B 0000001A
	v_add_lshl_u32 v26, v21, v22, 2                            // 000000003E2C: D647001A 020A2D15
	v_cndmask_b32_e64 v26, -1, v26, s58                        // 000000003E34: D501001A 00EA34C1
	v_add_co_u32 v22, vcc_lo, v18, 32                          // 000000003E3C: D7006A16 00014112
	v_cmp_lt_u32_e64 s54, v22, s46                             // 000000003E44: D4490036 00005D16
	v_cmp_lt_u32_e64 s58, v19, s47                             // 000000003E4C: D449003A 00005F13
	s_and_b64 s[58:59], s[54:55], s[58:59]                     // 000000003E54: 8BBA3A36
	v_add_lshl_u32 v28, v20, v22, 2                            // 000000003E58: D647001C 020A2D14
	v_cndmask_b32_e64 v28, -1, v28, s58                        // 000000003E60: D501001C 00EA38C1
	buffer_load_b32 v29, v28, s[20:23], null offen             // 000000003E68: C405007C 4080281D 0000001C
	v_add_lshl_u32 v28, v21, v22, 2                            // 000000003E74: D647001C 020A2D15
	v_cndmask_b32_e64 v28, -1, v28, s58                        // 000000003E7C: D501001C 00EA38C1
	v_add_co_u32 v22, vcc_lo, v18, 48                          // 000000003E84: D7006A16 00016112
	v_cmp_lt_u32_e64 s54, v22, s46                             // 000000003E8C: D4490036 00005D16
	v_cmp_lt_u32_e64 s58, v19, s47                             // 000000003E94: D449003A 00005F13
	s_and_b64 s[58:59], s[54:55], s[58:59]                     // 000000003E9C: 8BBA3A36
	v_add_lshl_u32 v30, v20, v22, 2                            // 000000003EA0: D647001E 020A2D14
	v_cndmask_b32_e64 v30, -1, v30, s58                        // 000000003EA8: D501001E 00EA3CC1
	buffer_load_b32 v31, v30, s[20:23], null offen             // 000000003EB0: C405007C 4080281F 0000001E
	v_add_lshl_u32 v30, v21, v22, 2                            // 000000003EBC: D647001E 020A2D15
	v_cndmask_b32_e64 v30, -1, v30, s58                        // 000000003EC4: D501001E 00EA3CC1
	v_add_co_u32 v19, vcc_lo, v19, 16                          // 000000003ECC: D7006A13 00012113
	s_mul_i32 s54, s40, 16                                     // 000000003ED4: 96369028
	v_add_nc_u32_e64 v20, v20, s54                             // 000000003ED8: D5250014 00006D14
	s_mul_i32 s54, s38, 16                                     // 000000003EE0: 96369026
	v_add_nc_u32_e64 v21, v21, s54                             // 000000003EE4: D5250015 00006D15
	v_cmp_lt_u32_e64 s54, v18, s46                             // 000000003EEC: D4490036 00005D12
	v_cmp_lt_u32_e64 s58, v19, s47                             // 000000003EF4: D449003A 00005F13
	s_and_b64 s[58:59], s[54:55], s[58:59]                     // 000000003EFC: 8BBA3A36
	v_add_lshl_u32 v32, v20, v18, 2                            // 000000003F00: D6470020 020A2514
	v_cndmask_b32_e64 v32, -1, v32, s58                        // 000000003F08: D5010020 00EA40C1
	buffer_load_b32 v33, v32, s[20:23], null offen             // 000000003F10: C405007C 40802821 00000020
	v_add_lshl_u32 v32, v21, v18, 2                            // 000000003F1C: D6470020 020A2515
	v_cndmask_b32_e64 v32, -1, v32, s58                        // 000000003F24: D5010020 00EA40C1
	v_add_co_u32 v22, vcc_lo, v18, 16                          // 000000003F2C: D7006A16 00012112
	v_cmp_lt_u32_e64 s54, v22, s46                             // 000000003F34: D4490036 00005D16
	v_cmp_lt_u32_e64 s58, v19, s47                             // 000000003F3C: D449003A 00005F13
	s_and_b64 s[58:59], s[54:55], s[58:59]                     // 000000003F44: 8BBA3A36
	v_add_lshl_u32 v34, v20, v22, 2                            // 000000003F48: D6470022 020A2D14
	v_cndmask_b32_e64 v34, -1, v34, s58                        // 000000003F50: D5010022 00EA44C1
	buffer_load_b32 v35, v34, s[20:23], null offen             // 000000003F58: C405007C 40802823 00000022
	v_add_lshl_u32 v34, v21, v22, 2                            // 000000003F64: D6470022 020A2D15
	v_cndmask_b32_e64 v34, -1, v34, s58                        // 000000003F6C: D5010022 00EA44C1
	v_add_co_u32 v22, vcc_lo, v18, 32                          // 000000003F74: D7006A16 00014112
	v_cmp_lt_u32_e64 s54, v22, s46                             // 000000003F7C: D4490036 00005D16
	v_cmp_lt_u32_e64 s58, v19, s47                             // 000000003F84: D449003A 00005F13
	s_and_b64 s[58:59], s[54:55], s[58:59]                     // 000000003F8C: 8BBA3A36
	v_add_lshl_u32 v36, v20, v22, 2                            // 000000003F90: D6470024 020A2D14
	v_cndmask_b32_e64 v36, -1, v36, s58                        // 000000003F98: D5010024 00EA48C1
	buffer_load_b32 v37, v36, s[20:23], null offen             // 000000003FA0: C405007C 40802825 00000024
	v_add_lshl_u32 v36, v21, v22, 2                            // 000000003FAC: D6470024 020A2D15
	v_cndmask_b32_e64 v36, -1, v36, s58                        // 000000003FB4: D5010024 00EA48C1
	v_add_co_u32 v22, vcc_lo, v18, 48                          // 000000003FBC: D7006A16 00016112
	v_cmp_lt_u32_e64 s54, v22, s46                             // 000000003FC4: D4490036 00005D16
	v_cmp_lt_u32_e64 s58, v19, s47                             // 000000003FCC: D449003A 00005F13
	s_and_b64 s[58:59], s[54:55], s[58:59]                     // 000000003FD4: 8BBA3A36
	v_add_lshl_u32 v38, v20, v22, 2                            // 000000003FD8: D6470026 020A2D14
	v_cndmask_b32_e64 v38, -1, v38, s58                        // 000000003FE0: D5010026 00EA4CC1
	buffer_load_b32 v39, v38, s[20:23], null offen             // 000000003FE8: C405007C 40802827 00000026
	v_add_lshl_u32 v38, v21, v22, 2                            // 000000003FF4: D6470026 020A2D15
	v_cndmask_b32_e64 v38, -1, v38, s58                        // 000000003FFC: D5010026 00EA4CC1
	v_add_co_u32 v19, vcc_lo, v19, 16                          // 000000004004: D7006A13 00012113
	s_mul_i32 s54, s40, 16                                     // 00000000400C: 96369028
	v_add_nc_u32_e64 v20, v20, s54                             // 000000004010: D5250014 00006D14
	s_mul_i32 s54, s38, 16                                     // 000000004018: 96369026
	v_add_nc_u32_e64 v21, v21, s54                             // 00000000401C: D5250015 00006D15
	v_cmp_lt_u32_e64 s54, v18, s46                             // 000000004024: D4490036 00005D12
	v_cmp_lt_u32_e64 s58, v19, s47                             // 00000000402C: D449003A 00005F13
	s_and_b64 s[58:59], s[54:55], s[58:59]                     // 000000004034: 8BBA3A36
	v_add_lshl_u32 v40, v20, v18, 2                            // 000000004038: D6470028 020A2514
	v_cndmask_b32_e64 v40, -1, v40, s58                        // 000000004040: D5010028 00EA50C1
	buffer_load_b32 v41, v40, s[20:23], null offen             // 000000004048: C405007C 40802829 00000028
	v_add_lshl_u32 v40, v21, v18, 2                            // 000000004054: D6470028 020A2515
	v_cndmask_b32_e64 v40, -1, v40, s58                        // 00000000405C: D5010028 00EA50C1
	v_add_co_u32 v22, vcc_lo, v18, 16                          // 000000004064: D7006A16 00012112
	v_cmp_lt_u32_e64 s54, v22, s46                             // 00000000406C: D4490036 00005D16
	v_cmp_lt_u32_e64 s58, v19, s47                             // 000000004074: D449003A 00005F13
	s_and_b64 s[58:59], s[54:55], s[58:59]                     // 00000000407C: 8BBA3A36
	v_add_lshl_u32 v42, v20, v22, 2                            // 000000004080: D647002A 020A2D14
	v_cndmask_b32_e64 v42, -1, v42, s58                        // 000000004088: D501002A 00EA54C1
	buffer_load_b32 v43, v42, s[20:23], null offen             // 000000004090: C405007C 4080282B 0000002A
	v_add_lshl_u32 v42, v21, v22, 2                            // 00000000409C: D647002A 020A2D15
	v_cndmask_b32_e64 v42, -1, v42, s58                        // 0000000040A4: D501002A 00EA54C1
	v_mul_f32_e32 v0, s36, v0                                  // 0000000040AC: 10000024
	v_mul_f32_e32 v1, s36, v1                                  // 0000000040B0: 10020224
	v_mul_f32_e32 v2, s36, v2                                  // 0000000040B4: 10040424
	v_mul_f32_e32 v3, s36, v3                                  // 0000000040B8: 10060624
	v_mul_f32_e32 v4, s36, v4                                  // 0000000040BC: 10080824
	v_mul_f32_e32 v5, s36, v5                                  // 0000000040C0: 100A0A24
	v_mul_f32_e32 v6, s36, v6                                  // 0000000040C4: 100C0C24
	v_mul_f32_e32 v7, s36, v7                                  // 0000000040C8: 100E0E24
	v_mul_f32_e32 v8, s36, v8                                  // 0000000040CC: 10101024
	v_mul_f32_e32 v9, s36, v9                                  // 0000000040D0: 10121224
	s_waitcnt vmcnt(0)                                         // 0000000040D4: BF8903F7
	v_fmac_f32_e64 v0, v25, s37                                // 0000000040D8: D52B0000 00004B19
	buffer_store_b32 v0, v24, s[16:19], null offen             // 0000000040E0: C406807C 40802000 00000018
	v_fmac_f32_e64 v1, v27, s37                                // 0000000040EC: D52B0001 00004B1B
	buffer_store_b32 v1, v26, s[16:19], null offen             // 0000000040F4: C406807C 40802001 0000001A
	v_fmac_f32_e64 v2, v29, s37                                // 000000004100: D52B0002 00004B1D
	buffer_store_b32 v2, v28, s[16:19], null offen             // 000000004108: C406807C 40802002 0000001C
	v_fmac_f32_e64 v3, v31, s37                                // 000000004114: D52B0003 00004B1F
	buffer_store_b32 v3, v30, s[16:19], null offen             // 00000000411C: C406807C 40802003 0000001E
	v_fmac_f32_e64 v4, v33, s37                                // 000000004128: D52B0004 00004B21
	buffer_store_b32 v4, v32, s[16:19], null offen             // 000000004130: C406807C 40802004 00000020
	v_fmac_f32_e64 v5, v35, s37                                // 00000000413C: D52B0005 00004B23
	buffer_store_b32 v5, v34, s[16:19], null offen             // 000000004144: C406807C 40802005 00000022
	v_fmac_f32_e64 v6, v37, s37                                // 000000004150: D52B0006 00004B25
	buffer_store_b32 v6, v36, s[16:19], null offen             // 000000004158: C406807C 40802006 00000024
	v_fmac_f32_e64 v7, v39, s37                                // 000000004164: D52B0007 00004B27
	buffer_store_b32 v7, v38, s[16:19], null offen             // 00000000416C: C406807C 40802007 00000026
	v_fmac_f32_e64 v8, v41, s37                                // 000000004178: D52B0008 00004B29
	buffer_store_b32 v8, v40, s[16:19], null offen             // 000000004180: C406807C 40802008 00000028
	v_fmac_f32_e64 v9, v43, s37                                // 00000000418C: D52B0009 00004B2B
	buffer_store_b32 v9, v42, s[16:19], null offen             // 000000004194: C406807C 40802009 0000002A
	v_add_co_u32 v22, vcc_lo, v18, 32                          // 0000000041A0: D7006A16 00014112
	v_cmp_lt_u32_e64 s54, v22, s46                             // 0000000041A8: D4490036 00005D16
	v_cmp_lt_u32_e64 s58, v19, s47                             // 0000000041B0: D449003A 00005F13
	s_and_b64 s[58:59], s[54:55], s[58:59]                     // 0000000041B8: 8BBA3A36
	v_add_lshl_u32 v24, v20, v22, 2                            // 0000000041BC: D6470018 020A2D14
	v_cndmask_b32_e64 v24, -1, v24, s58                        // 0000000041C4: D5010018 00EA30C1
	buffer_load_b32 v25, v24, s[20:23], null offen             // 0000000041CC: C405007C 40802819 00000018
	v_add_lshl_u32 v24, v21, v22, 2                            // 0000000041D8: D6470018 020A2D15
	v_cndmask_b32_e64 v24, -1, v24, s58                        // 0000000041E0: D5010018 00EA30C1
	v_add_co_u32 v22, vcc_lo, v18, 48                          // 0000000041E8: D7006A16 00016112
	v_cmp_lt_u32_e64 s54, v22, s46                             // 0000000041F0: D4490036 00005D16
	v_cmp_lt_u32_e64 s58, v19, s47                             // 0000000041F8: D449003A 00005F13
	s_and_b64 s[58:59], s[54:55], s[58:59]                     // 000000004200: 8BBA3A36
	v_add_lshl_u32 v26, v20, v22, 2                            // 000000004204: D647001A 020A2D14
	v_cndmask_b32_e64 v26, -1, v26, s58                        // 00000000420C: D501001A 00EA34C1
	buffer_load_b32 v27, v26, s[20:23], null offen             // 000000004214: C405007C 4080281B 0000001A
	v_add_lshl_u32 v26, v21, v22, 2                            // 000000004220: D647001A 020A2D15
	v_cndmask_b32_e64 v26, -1, v26, s58                        // 000000004228: D501001A 00EA34C1
	v_add_co_u32 v19, vcc_lo, v19, 16                          // 000000004230: D7006A13 00012113
	s_mul_i32 s54, s40, 16                                     // 000000004238: 96369028
	v_add_nc_u32_e64 v20, v20, s54                             // 00000000423C: D5250014 00006D14
	s_mul_i32 s54, s38, 16                                     // 000000004244: 96369026
	v_add_nc_u32_e64 v21, v21, s54                             // 000000004248: D5250015 00006D15
	v_cmp_lt_u32_e64 s54, v18, s46                             // 000000004250: D4490036 00005D12
	v_cmp_lt_u32_e64 s58, v19, s47                             // 000000004258: D449003A 00005F13
	s_and_b64 s[58:59], s[54:55], s[58:59]                     // 000000004260: 8BBA3A36
	v_add_lshl_u32 v28, v20, v18, 2                            // 000000004264: D647001C 020A2514
	v_cndmask_b32_e64 v28, -1, v28, s58                        // 00000000426C: D501001C 00EA38C1
	buffer_load_b32 v29, v28, s[20:23], null offen             // 000000004274: C405007C 4080281D 0000001C
	v_add_lshl_u32 v28, v21, v18, 2                            // 000000004280: D647001C 020A2515
	v_cndmask_b32_e64 v28, -1, v28, s58                        // 000000004288: D501001C 00EA38C1
	v_add_co_u32 v22, vcc_lo, v18, 16                          // 000000004290: D7006A16 00012112
	v_cmp_lt_u32_e64 s54, v22, s46                             // 000000004298: D4490036 00005D16
	v_cmp_lt_u32_e64 s58, v19, s47                             // 0000000042A0: D449003A 00005F13
	s_and_b64 s[58:59], s[54:55], s[58:59]                     // 0000000042A8: 8BBA3A36
	v_add_lshl_u32 v30, v20, v22, 2                            // 0000000042AC: D647001E 020A2D14
	v_cndmask_b32_e64 v30, -1, v30, s58                        // 0000000042B4: D501001E 00EA3CC1
	buffer_load_b32 v31, v30, s[20:23], null offen             // 0000000042BC: C405007C 4080281F 0000001E
	v_add_lshl_u32 v30, v21, v22, 2                            // 0000000042C8: D647001E 020A2D15
	v_cndmask_b32_e64 v30, -1, v30, s58                        // 0000000042D0: D501001E 00EA3CC1
	v_add_co_u32 v22, vcc_lo, v18, 32                          // 0000000042D8: D7006A16 00014112
	v_cmp_lt_u32_e64 s54, v22, s46                             // 0000000042E0: D4490036 00005D16
	v_cmp_lt_u32_e64 s58, v19, s47                             // 0000000042E8: D449003A 00005F13
	s_and_b64 s[58:59], s[54:55], s[58:59]                     // 0000000042F0: 8BBA3A36
	v_add_lshl_u32 v32, v20, v22, 2                            // 0000000042F4: D6470020 020A2D14
	v_cndmask_b32_e64 v32, -1, v32, s58                        // 0000000042FC: D5010020 00EA40C1
	buffer_load_b32 v33, v32, s[20:23], null offen             // 000000004304: C405007C 40802821 00000020
	v_add_lshl_u32 v32, v21, v22, 2                            // 000000004310: D6470020 020A2D15
	v_cndmask_b32_e64 v32, -1, v32, s58                        // 000000004318: D5010020 00EA40C1
	v_add_co_u32 v22, vcc_lo, v18, 48                          // 000000004320: D7006A16 00016112
	v_cmp_lt_u32_e64 s54, v22, s46                             // 000000004328: D4490036 00005D16
	v_cmp_lt_u32_e64 s58, v19, s47                             // 000000004330: D449003A 00005F13
	s_and_b64 s[58:59], s[54:55], s[58:59]                     // 000000004338: 8BBA3A36
	v_add_lshl_u32 v34, v20, v22, 2                            // 00000000433C: D6470022 020A2D14
	v_cndmask_b32_e64 v34, -1, v34, s58                        // 000000004344: D5010022 00EA44C1
	buffer_load_b32 v35, v34, s[20:23], null offen             // 00000000434C: C405007C 40802823 00000022
	v_add_lshl_u32 v34, v21, v22, 2                            // 000000004358: D6470022 020A2D15
	v_cndmask_b32_e64 v34, -1, v34, s58                        // 000000004360: D5010022 00EA44C1
	v_mul_f32_e32 v10, s36, v10                                // 000000004368: 10141424
	v_mul_f32_e32 v11, s36, v11                                // 00000000436C: 10161624
	v_mul_f32_e32 v12, s36, v12                                // 000000004370: 10181824
	v_mul_f32_e32 v13, s36, v13                                // 000000004374: 101A1A24
	v_mul_f32_e32 v14, s36, v14                                // 000000004378: 101C1C24
	v_mul_f32_e32 v15, s36, v15                                // 00000000437C: 101E1E24
	s_waitcnt vmcnt(0)                                         // 000000004380: BF8903F7
	v_fmac_f32_e64 v10, v25, s37                               // 000000004384: D52B000A 00004B19
	buffer_store_b32 v10, v24, s[16:19], null offen            // 00000000438C: C406807C 4080200A 00000018
	v_fmac_f32_e64 v11, v27, s37                               // 000000004398: D52B000B 00004B1B
	buffer_store_b32 v11, v26, s[16:19], null offen            // 0000000043A0: C406807C 4080200B 0000001A
	v_fmac_f32_e64 v12, v29, s37                               // 0000000043AC: D52B000C 00004B1D
	buffer_store_b32 v12, v28, s[16:19], null offen            // 0000000043B4: C406807C 4080200C 0000001C
	v_fmac_f32_e64 v13, v31, s37                               // 0000000043C0: D52B000D 00004B1F
	buffer_store_b32 v13, v30, s[16:19], null offen            // 0000000043C8: C406807C 4080200D 0000001E
	v_fmac_f32_e64 v14, v33, s37                               // 0000000043D4: D52B000E 00004B21
	buffer_store_b32 v14, v32, s[16:19], null offen            // 0000000043DC: C406807C 4080200E 00000020
	v_fmac_f32_e64 v15, v35, s37                               // 0000000043E8: D52B000F 00004B23
	buffer_store_b32 v15, v34, s[16:19], null offen            // 0000000043F0: C406807C 4080200F 00000022
	s_branch label_0047                                        // 0000000043FC: BFA00000

0000000000004400 <label_GW_End_42>:
	s_endpgm                                                   // 000000004400: BFB00000
