
/opt/rocm/lib/rocblas/library/TensileLibrary_Type_SS_Contraction_l_Ailk_Bljk_Cijk_Dijk_fallback_gfx1201.hsaco:	file format elf64-amdgpu

Disassembly of section .text:

0000000000003b00 <Cijk_Ailk_Bljk_SB_GB_MT128x64x8_SN_1LDSB0_APM1_ABV0_ACED0_AF0EM1_AF1EM1_AMAS0_ASE_ASGT_ASLT_ASM_ASAE01_ASCE01_ASEM1_AAC0_BL0_BS1_CLR0_DTLA0_DTLB0_DTVA0_DTVB0_DVO0_ETSP_EPS0_ELFLR0_EMLL0_FSSC10_FL0_GLVWA1_GLVWB1_GRCGA1_GRCGB1_GRPM1_GRVW1_GSU1_GSUASB_GLS0_ISA000_IU1_K1_KLS_LBSPPA0_LBSPPB0_LPA0_LPB0_LDL1_LRVW1_LWPMn1_LDW0_FMA_MIAV0_MDA2_MO40_MMFSC_MKFGSU256_NTA0_NTB0_NTC0_NTD0_NEPBS0_NLCA1_NLCB1_ONLL1_OPLV0_PK0_PAP0_PGR0_PLR0_PKA0_SIA1_SLW1_SS0_SU32_SUM0_SUS256_SCIUI1_SPO0_SRVW0_SSO0_SVW4_SNLL0_TSGRA0_TSGRB0_TT8_4_TLDS0_UMLDSA0_UMLDSB0_U64SL1_USFGRO0_VAW1_VS1_VW1_VWB1_VFLRP0_WSGRA0_WSGRB0_WS64_WG16_16_1_WGM8>:
	s_clause 0x1                                               // 000000003B00: BF850001
	s_load_b96 s[20:22], s[0:1], 0x40                          // 000000003B04: F400A500 F8000040
	s_load_b512 s[4:19], s[0:1], 0x0                           // 000000003B0C: F4008100 F8000000
	s_lshr_b32 s2, ttmp7, 16                                   // 000000003B14: 85029073
	s_mov_b64 s[28:29], 0                                      // 000000003B18: BE9C0180
	s_mov_b64 s[24:25], 0                                      // 000000003B1C: BE980180
	s_wait_kmcnt 0x0                                           // 000000003B20: BFC70000
	s_cmp_eq_f32 s21, 0                                        // 000000003B24: BF428015
	s_cbranch_scc1 3                                           // 000000003B28: BFA20003 <Cijk_Ailk_Bljk_SB_GB_MT128x64x8_SN_1LDSB0_APM1_ABV0_ACED0_AF0EM1_AF1EM1_AMAS0_ASE_ASGT_ASLT_ASM_ASAE01_ASCE01_ASEM1_AAC0_BL0_BS1_CLR0_DTLA0_DTLB0_DTVA0_DTVB0_DVO0_ETSP_EPS0_ELFLR0_EMLL0_FSSC10_FL0_GLVWA1_GLVWB1_GRCGA1_GRCGB1_GRPM1_GRVW1_GSU1_GSUASB_GLS0_ISA000_IU1_K1_KLS_LBSPPA0_LBSPPB0_LPA0_LPB0_LDL1_LRVW1_LWPMn1_LDW0_FMA_MIAV0_MDA2_MO40_MMFSC_MKFGSU256_NTA0_NTB0_NTC0_NTD0_NEPBS0_NLCA1_NLCB1_ONLL1_OPLV0_PK0_PAP0_PGR0_PLR0_PKA0_SIA1_SLW1_SS0_SU32_SUM0_SUS256_SCIUI1_SPO0_SRVW0_SSO0_SVW4_SNLL0_TSGRA0_TSGRB0_TT8_4_TLDS0_UMLDSA0_UMLDSB0_U64SL1_USFGRO0_VAW1_VS1_VW1_VWB1_VFLRP0_WSGRA0_WSGRB0_WS64_WG16_16_1_WGM8+0x38>
	s_lshl_b32 s3, s2, 3                                       // 000000003B2C: 84038302
	s_load_b64 s[24:25], s[6:7], s3 offset:0x0                 // 000000003B30: F4002603 06000000
	s_load_b64 s[26:27], s[0:1], 0x74                          // 000000003B38: F4002680 F8000074
	s_cmp_eq_f32 s20, 0                                        // 000000003B40: BF428014
	s_cselect_b32 s31, -1, 0                                   // 000000003B44: 981F80C1
	s_wait_kmcnt 0x0                                           // 000000003B48: BFC70000
	s_cmp_eq_u32 s26, 0                                        // 000000003B4C: BF06801A
	s_cselect_b32 s3, -1, 0                                    // 000000003B50: 980380C1
	s_delay_alu instid0(SALU_CYCLE_1) | instskip(NEXT) | instid1(SALU_CYCLE_1)// 000000003B54: BF870499
	s_or_b32 s3, s31, s3                                       // 000000003B58: 8C03031F
	s_and_b32 vcc_lo, exec_lo, s3                              // 000000003B5C: 8B6A037E
	s_xor_b32 s3, s3, -1                                       // 000000003B60: 8D03C103
	s_cbranch_vccnz 3                                          // 000000003B64: BFA40003 <Cijk_Ailk_Bljk_SB_GB_MT128x64x8_SN_1LDSB0_APM1_ABV0_ACED0_AF0EM1_AF1EM1_AMAS0_ASE_ASGT_ASLT_ASM_ASAE01_ASCE01_ASEM1_AAC0_BL0_BS1_CLR0_DTLA0_DTLB0_DTVA0_DTVB0_DVO0_ETSP_EPS0_ELFLR0_EMLL0_FSSC10_FL0_GLVWA1_GLVWB1_GRCGA1_GRCGB1_GRPM1_GRVW1_GSU1_GSUASB_GLS0_ISA000_IU1_K1_KLS_LBSPPA0_LBSPPB0_LPA0_LPB0_LDL1_LRVW1_LWPMn1_LDW0_FMA_MIAV0_MDA2_MO40_MMFSC_MKFGSU256_NTA0_NTB0_NTC0_NTD0_NEPBS0_NLCA1_NLCB1_ONLL1_OPLV0_PK0_PAP0_PGR0_PLR0_PKA0_SIA1_SLW1_SS0_SU32_SUM0_SUS256_SCIUI1_SPO0_SRVW0_SSO0_SVW4_SNLL0_TSGRA0_TSGRB0_TT8_4_TLDS0_UMLDSA0_UMLDSB0_U64SL1_USFGRO0_VAW1_VS1_VW1_VWB1_VFLRP0_WSGRA0_WSGRB0_WS64_WG16_16_1_WGM8+0x74>
	s_lshl_b32 s6, s2, 3                                       // 000000003B68: 84068302
	s_load_b64 s[28:29], s[8:9], s6 offset:0x0                 // 000000003B6C: F4002704 0C000000
	s_lshl_b32 s2, s2, 3                                       // 000000003B74: 84028302
	s_and_not1_b32 vcc_lo, exec_lo, s3                         // 000000003B78: 916A037E
	s_mov_b64 s[6:7], 0                                        // 000000003B7C: BE860180
	s_cbranch_vccnz 2                                          // 000000003B80: BFA40002 <Cijk_Ailk_Bljk_SB_GB_MT128x64x8_SN_1LDSB0_APM1_ABV0_ACED0_AF0EM1_AF1EM1_AMAS0_ASE_ASGT_ASLT_ASM_ASAE01_ASCE01_ASEM1_AAC0_BL0_BS1_CLR0_DTLA0_DTLB0_DTVA0_DTVB0_DVO0_ETSP_EPS0_ELFLR0_EMLL0_FSSC10_FL0_GLVWA1_GLVWB1_GRCGA1_GRCGB1_GRPM1_GRVW1_GSU1_GSUASB_GLS0_ISA000_IU1_K1_KLS_LBSPPA0_LBSPPB0_LPA0_LPB0_LDL1_LRVW1_LWPMn1_LDW0_FMA_MIAV0_MDA2_MO40_MMFSC_MKFGSU256_NTA0_NTB0_NTC0_NTD0_NEPBS0_NLCA1_NLCB1_ONLL1_OPLV0_PK0_PAP0_PGR0_PLR0_PKA0_SIA1_SLW1_SS0_SU32_SUM0_SUS256_SCIUI1_SPO0_SRVW0_SSO0_SVW4_SNLL0_TSGRA0_TSGRB0_TT8_4_TLDS0_UMLDSA0_UMLDSB0_U64SL1_USFGRO0_VAW1_VS1_VW1_VWB1_VFLRP0_WSGRA0_WSGRB0_WS64_WG16_16_1_WGM8+0x8c>
	s_load_b64 s[6:7], s[10:11], s2 offset:0x0                 // 000000003B84: F4002185 04000000
	s_load_b64 s[4:5], s[4:5], s2 offset:0x0                   // 000000003B8C: F4002102 04000000
	s_load_b64 s[8:9], s[0:1], 0x88                            // 000000003B94: F4002200 F8000088
	s_and_b32 s3, ttmp7, 7                                     // 000000003B9C: 8B038773
	s_and_b32 s10, ttmp7, 0xffff                               // 000000003BA0: 8B0AFF73 0000FFFF
	s_and_b32 s2, ttmp7, 0xfff8                                // 000000003BA8: 8B02FF73 0000FFF8
	s_wait_kmcnt 0x0                                           // 000000003BB0: BFC70000
	s_mul_i32 s3, s8, s3                                       // 000000003BB4: 96030308
	s_and_b32 s8, s9, -8                                       // 000000003BB8: 8B08C809
	s_add_co_i32 s3, s3, ttmp9                                 // 000000003BBC: 81037503
	s_and_b32 s9, s9, 7                                        // 000000003BC0: 8B098709
	s_cmp_ge_u32 s10, s8                                       // 000000003BC4: BF09080A
	s_cselect_b32 s9, s9, 0                                    // 000000003BC8: 98098009
	s_delay_alu instid0(SALU_CYCLE_1)                          // 000000003BCC: BF870009
	s_cmp_lt_i32 s9, 4                                         // 000000003BD0: BF048409
	s_cbranch_scc1 19                                          // 000000003BD4: BFA20013 <Cijk_Ailk_Bljk_SB_GB_MT128x64x8_SN_1LDSB0_APM1_ABV0_ACED0_AF0EM1_AF1EM1_AMAS0_ASE_ASGT_ASLT_ASM_ASAE01_ASCE01_ASEM1_AAC0_BL0_BS1_CLR0_DTLA0_DTLB0_DTVA0_DTVB0_DVO0_ETSP_EPS0_ELFLR0_EMLL0_FSSC10_FL0_GLVWA1_GLVWB1_GRCGA1_GRCGB1_GRPM1_GRVW1_GSU1_GSUASB_GLS0_ISA000_IU1_K1_KLS_LBSPPA0_LBSPPB0_LPA0_LPB0_LDL1_LRVW1_LWPMn1_LDW0_FMA_MIAV0_MDA2_MO40_MMFSC_MKFGSU256_NTA0_NTB0_NTC0_NTD0_NEPBS0_NLCA1_NLCB1_ONLL1_OPLV0_PK0_PAP0_PGR0_PLR0_PKA0_SIA1_SLW1_SS0_SU32_SUM0_SUS256_SCIUI1_SPO0_SRVW0_SSO0_SVW4_SNLL0_TSGRA0_TSGRB0_TT8_4_TLDS0_UMLDSA0_UMLDSB0_U64SL1_USFGRO0_VAW1_VS1_VW1_VWB1_VFLRP0_WSGRA0_WSGRB0_WS64_WG16_16_1_WGM8+0x124>
	s_cmp_lt_i32 s9, 6                                         // 000000003BD8: BF048609
	s_cbranch_scc1 18                                          // 000000003BDC: BFA20012 <Cijk_Ailk_Bljk_SB_GB_MT128x64x8_SN_1LDSB0_APM1_ABV0_ACED0_AF0EM1_AF1EM1_AMAS0_ASE_ASGT_ASLT_ASM_ASAE01_ASCE01_ASEM1_AAC0_BL0_BS1_CLR0_DTLA0_DTLB0_DTVA0_DTVB0_DVO0_ETSP_EPS0_ELFLR0_EMLL0_FSSC10_FL0_GLVWA1_GLVWB1_GRCGA1_GRCGB1_GRPM1_GRVW1_GSU1_GSUASB_GLS0_ISA000_IU1_K1_KLS_LBSPPA0_LBSPPB0_LPA0_LPB0_LDL1_LRVW1_LWPMn1_LDW0_FMA_MIAV0_MDA2_MO40_MMFSC_MKFGSU256_NTA0_NTB0_NTC0_NTD0_NEPBS0_NLCA1_NLCB1_ONLL1_OPLV0_PK0_PAP0_PGR0_PLR0_PKA0_SIA1_SLW1_SS0_SU32_SUM0_SUS256_SCIUI1_SPO0_SRVW0_SSO0_SVW4_SNLL0_TSGRA0_TSGRB0_TT8_4_TLDS0_UMLDSA0_UMLDSB0_U64SL1_USFGRO0_VAW1_VS1_VW1_VWB1_VFLRP0_WSGRA0_WSGRB0_WS64_WG16_16_1_WGM8+0x128>
	s_cmp_gt_i32 s9, 6                                         // 000000003BE0: BF028609
	s_cbranch_scc0 17                                          // 000000003BE4: BFA10011 <Cijk_Ailk_Bljk_SB_GB_MT128x64x8_SN_1LDSB0_APM1_ABV0_ACED0_AF0EM1_AF1EM1_AMAS0_ASE_ASGT_ASLT_ASM_ASAE01_ASCE01_ASEM1_AAC0_BL0_BS1_CLR0_DTLA0_DTLB0_DTVA0_DTVB0_DVO0_ETSP_EPS0_ELFLR0_EMLL0_FSSC10_FL0_GLVWA1_GLVWB1_GRCGA1_GRCGB1_GRPM1_GRVW1_GSU1_GSUASB_GLS0_ISA000_IU1_K1_KLS_LBSPPA0_LBSPPB0_LPA0_LPB0_LDL1_LRVW1_LWPMn1_LDW0_FMA_MIAV0_MDA2_MO40_MMFSC_MKFGSU256_NTA0_NTB0_NTC0_NTD0_NEPBS0_NLCA1_NLCB1_ONLL1_OPLV0_PK0_PAP0_PGR0_PLR0_PKA0_SIA1_SLW1_SS0_SU32_SUM0_SUS256_SCIUI1_SPO0_SRVW0_SSO0_SVW4_SNLL0_TSGRA0_TSGRB0_TT8_4_TLDS0_UMLDSA0_UMLDSB0_U64SL1_USFGRO0_VAW1_VS1_VW1_VWB1_VFLRP0_WSGRA0_WSGRB0_WS64_WG16_16_1_WGM8+0x12c>
	s_mul_hi_u32 s8, s3, 0x24924925                            // 000000003BE8: 9688FF03 24924925
	s_delay_alu instid0(SALU_CYCLE_1) | instskip(NEXT) | instid1(SALU_CYCLE_1)// 000000003BF0: BF870499
	s_sub_co_i32 s10, s3, s8                                   // 000000003BF4: 818A0803
	s_lshr_b32 s10, s10, 1                                     // 000000003BF8: 850A810A
	s_delay_alu instid0(SALU_CYCLE_1) | instskip(NEXT) | instid1(SALU_CYCLE_1)// 000000003BFC: BF870499
	s_add_co_i32 s10, s10, s8                                  // 000000003C00: 810A080A
	s_lshr_b32 s8, s10, 2                                      // 000000003C04: 8508820A
	s_delay_alu instid0(SALU_CYCLE_1) | instskip(NEXT) | instid1(SALU_CYCLE_1)// 000000003C08: BF870499
	s_mul_i32 s10, s8, 7                                       // 000000003C0C: 960A8708
	s_sub_co_i32 s10, s3, s10                                  // 000000003C10: 818A0A03
	s_delay_alu instid0(SALU_CYCLE_1)                          // 000000003C14: BF870009
	s_or_b32 s30, s10, s2                                      // 000000003C18: 8C1E020A
	s_cbranch_execz 3                                          // 000000003C1C: BFA50003 <Cijk_Ailk_Bljk_SB_GB_MT128x64x8_SN_1LDSB0_APM1_ABV0_ACED0_AF0EM1_AF1EM1_AMAS0_ASE_ASGT_ASLT_ASM_ASAE01_ASCE01_ASEM1_AAC0_BL0_BS1_CLR0_DTLA0_DTLB0_DTVA0_DTVB0_DVO0_ETSP_EPS0_ELFLR0_EMLL0_FSSC10_FL0_GLVWA1_GLVWB1_GRCGA1_GRCGB1_GRPM1_GRVW1_GSU1_GSUASB_GLS0_ISA000_IU1_K1_KLS_LBSPPA0_LBSPPB0_LPA0_LPB0_LDL1_LRVW1_LWPMn1_LDW0_FMA_MIAV0_MDA2_MO40_MMFSC_MKFGSU256_NTA0_NTB0_NTC0_NTD0_NEPBS0_NLCA1_NLCB1_ONLL1_OPLV0_PK0_PAP0_PGR0_PLR0_PKA0_SIA1_SLW1_SS0_SU32_SUM0_SUS256_SCIUI1_SPO0_SRVW0_SSO0_SVW4_SNLL0_TSGRA0_TSGRB0_TT8_4_TLDS0_UMLDSA0_UMLDSB0_U64SL1_USFGRO0_VAW1_VS1_VW1_VWB1_VFLRP0_WSGRA0_WSGRB0_WS64_WG16_16_1_WGM8+0x12c>
	s_branch 10                                                // 000000003C20: BFA0000A <Cijk_Ailk_Bljk_SB_GB_MT128x64x8_SN_1LDSB0_APM1_ABV0_ACED0_AF0EM1_AF1EM1_AMAS0_ASE_ASGT_ASLT_ASM_ASAE01_ASCE01_ASEM1_AAC0_BL0_BS1_CLR0_DTLA0_DTLB0_DTVA0_DTVB0_DVO0_ETSP_EPS0_ELFLR0_EMLL0_FSSC10_FL0_GLVWA1_GLVWB1_GRCGA1_GRCGB1_GRPM1_GRVW1_GSU1_GSUASB_GLS0_ISA000_IU1_K1_KLS_LBSPPA0_LBSPPB0_LPA0_LPB0_LDL1_LRVW1_LWPMn1_LDW0_FMA_MIAV0_MDA2_MO40_MMFSC_MKFGSU256_NTA0_NTB0_NTC0_NTD0_NEPBS0_NLCA1_NLCB1_ONLL1_OPLV0_PK0_PAP0_PGR0_PLR0_PKA0_SIA1_SLW1_SS0_SU32_SUM0_SUS256_SCIUI1_SPO0_SRVW0_SSO0_SVW4_SNLL0_TSGRA0_TSGRB0_TT8_4_TLDS0_UMLDSA0_UMLDSB0_U64SL1_USFGRO0_VAW1_VS1_VW1_VWB1_VFLRP0_WSGRA0_WSGRB0_WS64_WG16_16_1_WGM8+0x14c>
	s_branch 26                                                // 000000003C24: BFA0001A <Cijk_Ailk_Bljk_SB_GB_MT128x64x8_SN_1LDSB0_APM1_ABV0_ACED0_AF0EM1_AF1EM1_AMAS0_ASE_ASGT_ASLT_ASM_ASAE01_ASCE01_ASEM1_AAC0_BL0_BS1_CLR0_DTLA0_DTLB0_DTVA0_DTVB0_DVO0_ETSP_EPS0_ELFLR0_EMLL0_FSSC10_FL0_GLVWA1_GLVWB1_GRCGA1_GRCGB1_GRPM1_GRVW1_GSU1_GSUASB_GLS0_ISA000_IU1_K1_KLS_LBSPPA0_LBSPPB0_LPA0_LPB0_LDL1_LRVW1_LWPMn1_LDW0_FMA_MIAV0_MDA2_MO40_MMFSC_MKFGSU256_NTA0_NTB0_NTC0_NTD0_NEPBS0_NLCA1_NLCB1_ONLL1_OPLV0_PK0_PAP0_PGR0_PLR0_PKA0_SIA1_SLW1_SS0_SU32_SUM0_SUS256_SCIUI1_SPO0_SRVW0_SSO0_SVW4_SNLL0_TSGRA0_TSGRB0_TT8_4_TLDS0_UMLDSA0_UMLDSB0_U64SL1_USFGRO0_VAW1_VS1_VW1_VWB1_VFLRP0_WSGRA0_WSGRB0_WS64_WG16_16_1_WGM8+0x190>
	s_branch 9                                                 // 000000003C28: BFA00009 <Cijk_Ailk_Bljk_SB_GB_MT128x64x8_SN_1LDSB0_APM1_ABV0_ACED0_AF0EM1_AF1EM1_AMAS0_ASE_ASGT_ASLT_ASM_ASAE01_ASCE01_ASEM1_AAC0_BL0_BS1_CLR0_DTLA0_DTLB0_DTVA0_DTVB0_DVO0_ETSP_EPS0_ELFLR0_EMLL0_FSSC10_FL0_GLVWA1_GLVWB1_GRCGA1_GRCGB1_GRPM1_GRVW1_GSU1_GSUASB_GLS0_ISA000_IU1_K1_KLS_LBSPPA0_LBSPPB0_LPA0_LPB0_LDL1_LRVW1_LWPMn1_LDW0_FMA_MIAV0_MDA2_MO40_MMFSC_MKFGSU256_NTA0_NTB0_NTC0_NTD0_NEPBS0_NLCA1_NLCB1_ONLL1_OPLV0_PK0_PAP0_PGR0_PLR0_PKA0_SIA1_SLW1_SS0_SU32_SUM0_SUS256_SCIUI1_SPO0_SRVW0_SSO0_SVW4_SNLL0_TSGRA0_TSGRB0_TT8_4_TLDS0_UMLDSA0_UMLDSB0_U64SL1_USFGRO0_VAW1_VS1_VW1_VWB1_VFLRP0_WSGRA0_WSGRB0_WS64_WG16_16_1_WGM8+0x150>
	s_mul_hi_u32 s8, s3, 0xaaaaaaab                            // 000000003C2C: 9688FF03 AAAAAAAB
	s_delay_alu instid0(SALU_CYCLE_1) | instskip(NEXT) | instid1(SALU_CYCLE_1)// 000000003C34: BF870499
	s_lshr_b32 s8, s8, 2                                       // 000000003C38: 85088208
	s_mul_i32 s10, s8, 6                                       // 000000003C3C: 960A8608
	s_delay_alu instid0(SALU_CYCLE_1) | instskip(NEXT) | instid1(SALU_CYCLE_1)// 000000003C40: BF870499
	s_sub_co_i32 s10, s3, s10                                  // 000000003C44: 818A0A03
	s_or_b32 s30, s10, s2                                      // 000000003C48: 8C1E020A
	s_cbranch_execnz 15                                        // 000000003C4C: BFA6000F <Cijk_Ailk_Bljk_SB_GB_MT128x64x8_SN_1LDSB0_APM1_ABV0_ACED0_AF0EM1_AF1EM1_AMAS0_ASE_ASGT_ASLT_ASM_ASAE01_ASCE01_ASEM1_AAC0_BL0_BS1_CLR0_DTLA0_DTLB0_DTVA0_DTVB0_DVO0_ETSP_EPS0_ELFLR0_EMLL0_FSSC10_FL0_GLVWA1_GLVWB1_GRCGA1_GRCGB1_GRPM1_GRVW1_GSU1_GSUASB_GLS0_ISA000_IU1_K1_KLS_LBSPPA0_LBSPPB0_LPA0_LPB0_LDL1_LRVW1_LWPMn1_LDW0_FMA_MIAV0_MDA2_MO40_MMFSC_MKFGSU256_NTA0_NTB0_NTC0_NTD0_NEPBS0_NLCA1_NLCB1_ONLL1_OPLV0_PK0_PAP0_PGR0_PLR0_PKA0_SIA1_SLW1_SS0_SU32_SUM0_SUS256_SCIUI1_SPO0_SRVW0_SSO0_SVW4_SNLL0_TSGRA0_TSGRB0_TT8_4_TLDS0_UMLDSA0_UMLDSB0_U64SL1_USFGRO0_VAW1_VS1_VW1_VWB1_VFLRP0_WSGRA0_WSGRB0_WS64_WG16_16_1_WGM8+0x18c>
	s_cmp_gt_i32 s9, 4                                         // 000000003C50: BF028409
	s_cbranch_scc0 10                                          // 000000003C54: BFA1000A <Cijk_Ailk_Bljk_SB_GB_MT128x64x8_SN_1LDSB0_APM1_ABV0_ACED0_AF0EM1_AF1EM1_AMAS0_ASE_ASGT_ASLT_ASM_ASAE01_ASCE01_ASEM1_AAC0_BL0_BS1_CLR0_DTLA0_DTLB0_DTVA0_DTVB0_DVO0_ETSP_EPS0_ELFLR0_EMLL0_FSSC10_FL0_GLVWA1_GLVWB1_GRCGA1_GRCGB1_GRPM1_GRVW1_GSU1_GSUASB_GLS0_ISA000_IU1_K1_KLS_LBSPPA0_LBSPPB0_LPA0_LPB0_LDL1_LRVW1_LWPMn1_LDW0_FMA_MIAV0_MDA2_MO40_MMFSC_MKFGSU256_NTA0_NTB0_NTC0_NTD0_NEPBS0_NLCA1_NLCB1_ONLL1_OPLV0_PK0_PAP0_PGR0_PLR0_PKA0_SIA1_SLW1_SS0_SU32_SUM0_SUS256_SCIUI1_SPO0_SRVW0_SSO0_SVW4_SNLL0_TSGRA0_TSGRB0_TT8_4_TLDS0_UMLDSA0_UMLDSB0_U64SL1_USFGRO0_VAW1_VS1_VW1_VWB1_VFLRP0_WSGRA0_WSGRB0_WS64_WG16_16_1_WGM8+0x180>
	s_mul_hi_u32 s8, s3, 0xcccccccd                            // 000000003C58: 9688FF03 CCCCCCCD
	s_delay_alu instid0(SALU_CYCLE_1) | instskip(NEXT) | instid1(SALU_CYCLE_1)// 000000003C60: BF870499
	s_lshr_b32 s8, s8, 2                                       // 000000003C64: 85088208
	s_mul_i32 s10, s8, 5                                       // 000000003C68: 960A8508
	s_delay_alu instid0(SALU_CYCLE_1) | instskip(NEXT) | instid1(SALU_CYCLE_1)// 000000003C6C: BF870499
	s_sub_co_i32 s10, s3, s10                                  // 000000003C70: 818A0A03
	s_or_b32 s30, s10, s2                                      // 000000003C74: 8C1E020A
	s_cbranch_execz 1                                          // 000000003C78: BFA50001 <Cijk_Ailk_Bljk_SB_GB_MT128x64x8_SN_1LDSB0_APM1_ABV0_ACED0_AF0EM1_AF1EM1_AMAS0_ASE_ASGT_ASLT_ASM_ASAE01_ASCE01_ASEM1_AAC0_BL0_BS1_CLR0_DTLA0_DTLB0_DTVA0_DTVB0_DVO0_ETSP_EPS0_ELFLR0_EMLL0_FSSC10_FL0_GLVWA1_GLVWB1_GRCGA1_GRCGB1_GRPM1_GRVW1_GSU1_GSUASB_GLS0_ISA000_IU1_K1_KLS_LBSPPA0_LBSPPB0_LPA0_LPB0_LDL1_LRVW1_LWPMn1_LDW0_FMA_MIAV0_MDA2_MO40_MMFSC_MKFGSU256_NTA0_NTB0_NTC0_NTD0_NEPBS0_NLCA1_NLCB1_ONLL1_OPLV0_PK0_PAP0_PGR0_PLR0_PKA0_SIA1_SLW1_SS0_SU32_SUM0_SUS256_SCIUI1_SPO0_SRVW0_SSO0_SVW4_SNLL0_TSGRA0_TSGRB0_TT8_4_TLDS0_UMLDSA0_UMLDSB0_U64SL1_USFGRO0_VAW1_VS1_VW1_VWB1_VFLRP0_WSGRA0_WSGRB0_WS64_WG16_16_1_WGM8+0x180>
	s_branch 3                                                 // 000000003C7C: BFA00003 <Cijk_Ailk_Bljk_SB_GB_MT128x64x8_SN_1LDSB0_APM1_ABV0_ACED0_AF0EM1_AF1EM1_AMAS0_ASE_ASGT_ASLT_ASM_ASAE01_ASCE01_ASEM1_AAC0_BL0_BS1_CLR0_DTLA0_DTLB0_DTVA0_DTVB0_DVO0_ETSP_EPS0_ELFLR0_EMLL0_FSSC10_FL0_GLVWA1_GLVWB1_GRCGA1_GRCGB1_GRPM1_GRVW1_GSU1_GSUASB_GLS0_ISA000_IU1_K1_KLS_LBSPPA0_LBSPPB0_LPA0_LPB0_LDL1_LRVW1_LWPMn1_LDW0_FMA_MIAV0_MDA2_MO40_MMFSC_MKFGSU256_NTA0_NTB0_NTC0_NTD0_NEPBS0_NLCA1_NLCB1_ONLL1_OPLV0_PK0_PAP0_PGR0_PLR0_PKA0_SIA1_SLW1_SS0_SU32_SUM0_SUS256_SCIUI1_SPO0_SRVW0_SSO0_SVW4_SNLL0_TSGRA0_TSGRB0_TT8_4_TLDS0_UMLDSA0_UMLDSB0_U64SL1_USFGRO0_VAW1_VS1_VW1_VWB1_VFLRP0_WSGRA0_WSGRB0_WS64_WG16_16_1_WGM8+0x18c>
	s_and_b32 s10, s3, 3                                       // 000000003C80: 8B0A8303
	s_lshr_b32 s8, s3, 2                                       // 000000003C84: 85088203
	s_or_b32 s30, s10, s2                                      // 000000003C88: 8C1E020A
	s_cbranch_execnz 27                                        // 000000003C8C: BFA6001B <Cijk_Ailk_Bljk_SB_GB_MT128x64x8_SN_1LDSB0_APM1_ABV0_ACED0_AF0EM1_AF1EM1_AMAS0_ASE_ASGT_ASLT_ASM_ASAE01_ASCE01_ASEM1_AAC0_BL0_BS1_CLR0_DTLA0_DTLB0_DTVA0_DTVB0_DVO0_ETSP_EPS0_ELFLR0_EMLL0_FSSC10_FL0_GLVWA1_GLVWB1_GRCGA1_GRCGB1_GRPM1_GRVW1_GSU1_GSUASB_GLS0_ISA000_IU1_K1_KLS_LBSPPA0_LBSPPB0_LPA0_LPB0_LDL1_LRVW1_LWPMn1_LDW0_FMA_MIAV0_MDA2_MO40_MMFSC_MKFGSU256_NTA0_NTB0_NTC0_NTD0_NEPBS0_NLCA1_NLCB1_ONLL1_OPLV0_PK0_PAP0_PGR0_PLR0_PKA0_SIA1_SLW1_SS0_SU32_SUM0_SUS256_SCIUI1_SPO0_SRVW0_SSO0_SVW4_SNLL0_TSGRA0_TSGRB0_TT8_4_TLDS0_UMLDSA0_UMLDSB0_U64SL1_USFGRO0_VAW1_VS1_VW1_VWB1_VFLRP0_WSGRA0_WSGRB0_WS64_WG16_16_1_WGM8+0x1fc>
	s_cmp_lt_i32 s9, 2                                         // 000000003C90: BF048209
	s_cbranch_scc1 12                                          // 000000003C94: BFA2000C <Cijk_Ailk_Bljk_SB_GB_MT128x64x8_SN_1LDSB0_APM1_ABV0_ACED0_AF0EM1_AF1EM1_AMAS0_ASE_ASGT_ASLT_ASM_ASAE01_ASCE01_ASEM1_AAC0_BL0_BS1_CLR0_DTLA0_DTLB0_DTVA0_DTVB0_DVO0_ETSP_EPS0_ELFLR0_EMLL0_FSSC10_FL0_GLVWA1_GLVWB1_GRCGA1_GRCGB1_GRPM1_GRVW1_GSU1_GSUASB_GLS0_ISA000_IU1_K1_KLS_LBSPPA0_LBSPPB0_LPA0_LPB0_LDL1_LRVW1_LWPMn1_LDW0_FMA_MIAV0_MDA2_MO40_MMFSC_MKFGSU256_NTA0_NTB0_NTC0_NTD0_NEPBS0_NLCA1_NLCB1_ONLL1_OPLV0_PK0_PAP0_PGR0_PLR0_PKA0_SIA1_SLW1_SS0_SU32_SUM0_SUS256_SCIUI1_SPO0_SRVW0_SSO0_SVW4_SNLL0_TSGRA0_TSGRB0_TT8_4_TLDS0_UMLDSA0_UMLDSB0_U64SL1_USFGRO0_VAW1_VS1_VW1_VWB1_VFLRP0_WSGRA0_WSGRB0_WS64_WG16_16_1_WGM8+0x1c8>
	s_cmp_gt_i32 s9, 2                                         // 000000003C98: BF028209
	s_cbranch_scc0 11                                          // 000000003C9C: BFA1000B <Cijk_Ailk_Bljk_SB_GB_MT128x64x8_SN_1LDSB0_APM1_ABV0_ACED0_AF0EM1_AF1EM1_AMAS0_ASE_ASGT_ASLT_ASM_ASAE01_ASCE01_ASEM1_AAC0_BL0_BS1_CLR0_DTLA0_DTLB0_DTVA0_DTVB0_DVO0_ETSP_EPS0_ELFLR0_EMLL0_FSSC10_FL0_GLVWA1_GLVWB1_GRCGA1_GRCGB1_GRPM1_GRVW1_GSU1_GSUASB_GLS0_ISA000_IU1_K1_KLS_LBSPPA0_LBSPPB0_LPA0_LPB0_LDL1_LRVW1_LWPMn1_LDW0_FMA_MIAV0_MDA2_MO40_MMFSC_MKFGSU256_NTA0_NTB0_NTC0_NTD0_NEPBS0_NLCA1_NLCB1_ONLL1_OPLV0_PK0_PAP0_PGR0_PLR0_PKA0_SIA1_SLW1_SS0_SU32_SUM0_SUS256_SCIUI1_SPO0_SRVW0_SSO0_SVW4_SNLL0_TSGRA0_TSGRB0_TT8_4_TLDS0_UMLDSA0_UMLDSB0_U64SL1_USFGRO0_VAW1_VS1_VW1_VWB1_VFLRP0_WSGRA0_WSGRB0_WS64_WG16_16_1_WGM8+0x1cc>
	s_mul_hi_u32 s8, s3, 0xaaaaaaab                            // 000000003CA0: 9688FF03 AAAAAAAB
	s_delay_alu instid0(SALU_CYCLE_1) | instskip(NEXT) | instid1(SALU_CYCLE_1)// 000000003CA8: BF870499
	s_lshr_b32 s8, s8, 1                                       // 000000003CAC: 85088108
	s_mul_i32 s10, s8, 3                                       // 000000003CB0: 960A8308
	s_delay_alu instid0(SALU_CYCLE_1) | instskip(NEXT) | instid1(SALU_CYCLE_1)// 000000003CB4: BF870499
	s_sub_co_i32 s10, s3, s10                                  // 000000003CB8: 818A0A03
	s_or_b32 s30, s10, s2                                      // 000000003CBC: 8C1E020A
	s_cbranch_execz 2                                          // 000000003CC0: BFA50002 <Cijk_Ailk_Bljk_SB_GB_MT128x64x8_SN_1LDSB0_APM1_ABV0_ACED0_AF0EM1_AF1EM1_AMAS0_ASE_ASGT_ASLT_ASM_ASAE01_ASCE01_ASEM1_AAC0_BL0_BS1_CLR0_DTLA0_DTLB0_DTVA0_DTVB0_DVO0_ETSP_EPS0_ELFLR0_EMLL0_FSSC10_FL0_GLVWA1_GLVWB1_GRCGA1_GRCGB1_GRPM1_GRVW1_GSU1_GSUASB_GLS0_ISA000_IU1_K1_KLS_LBSPPA0_LBSPPB0_LPA0_LPB0_LDL1_LRVW1_LWPMn1_LDW0_FMA_MIAV0_MDA2_MO40_MMFSC_MKFGSU256_NTA0_NTB0_NTC0_NTD0_NEPBS0_NLCA1_NLCB1_ONLL1_OPLV0_PK0_PAP0_PGR0_PLR0_PKA0_SIA1_SLW1_SS0_SU32_SUM0_SUS256_SCIUI1_SPO0_SRVW0_SSO0_SVW4_SNLL0_TSGRA0_TSGRB0_TT8_4_TLDS0_UMLDSA0_UMLDSB0_U64SL1_USFGRO0_VAW1_VS1_VW1_VWB1_VFLRP0_WSGRA0_WSGRB0_WS64_WG16_16_1_WGM8+0x1cc>
	s_branch 4                                                 // 000000003CC4: BFA00004 <Cijk_Ailk_Bljk_SB_GB_MT128x64x8_SN_1LDSB0_APM1_ABV0_ACED0_AF0EM1_AF1EM1_AMAS0_ASE_ASGT_ASLT_ASM_ASAE01_ASCE01_ASEM1_AAC0_BL0_BS1_CLR0_DTLA0_DTLB0_DTVA0_DTVB0_DVO0_ETSP_EPS0_ELFLR0_EMLL0_FSSC10_FL0_GLVWA1_GLVWB1_GRCGA1_GRCGB1_GRPM1_GRVW1_GSU1_GSUASB_GLS0_ISA000_IU1_K1_KLS_LBSPPA0_LBSPPB0_LPA0_LPB0_LDL1_LRVW1_LWPMn1_LDW0_FMA_MIAV0_MDA2_MO40_MMFSC_MKFGSU256_NTA0_NTB0_NTC0_NTD0_NEPBS0_NLCA1_NLCB1_ONLL1_OPLV0_PK0_PAP0_PGR0_PLR0_PKA0_SIA1_SLW1_SS0_SU32_SUM0_SUS256_SCIUI1_SPO0_SRVW0_SSO0_SVW4_SNLL0_TSGRA0_TSGRB0_TT8_4_TLDS0_UMLDSA0_UMLDSB0_U64SL1_USFGRO0_VAW1_VS1_VW1_VWB1_VFLRP0_WSGRA0_WSGRB0_WS64_WG16_16_1_WGM8+0x1d8>
	s_branch 4                                                 // 000000003CC8: BFA00004 <Cijk_Ailk_Bljk_SB_GB_MT128x64x8_SN_1LDSB0_APM1_ABV0_ACED0_AF0EM1_AF1EM1_AMAS0_ASE_ASGT_ASLT_ASM_ASAE01_ASCE01_ASEM1_AAC0_BL0_BS1_CLR0_DTLA0_DTLB0_DTVA0_DTVB0_DVO0_ETSP_EPS0_ELFLR0_EMLL0_FSSC10_FL0_GLVWA1_GLVWB1_GRCGA1_GRCGB1_GRPM1_GRVW1_GSU1_GSUASB_GLS0_ISA000_IU1_K1_KLS_LBSPPA0_LBSPPB0_LPA0_LPB0_LDL1_LRVW1_LWPMn1_LDW0_FMA_MIAV0_MDA2_MO40_MMFSC_MKFGSU256_NTA0_NTB0_NTC0_NTD0_NEPBS0_NLCA1_NLCB1_ONLL1_OPLV0_PK0_PAP0_PGR0_PLR0_PKA0_SIA1_SLW1_SS0_SU32_SUM0_SUS256_SCIUI1_SPO0_SRVW0_SSO0_SVW4_SNLL0_TSGRA0_TSGRB0_TT8_4_TLDS0_UMLDSA0_UMLDSB0_U64SL1_USFGRO0_VAW1_VS1_VW1_VWB1_VFLRP0_WSGRA0_WSGRB0_WS64_WG16_16_1_WGM8+0x1dc>
	s_and_b32 s10, s3, 1                                       // 000000003CCC: 8B0A8103
	s_lshr_b32 s8, s3, 1                                       // 000000003CD0: 85088103
	s_or_b32 s30, s10, s2                                      // 000000003CD4: 8C1E020A
	s_cbranch_execnz 8                                         // 000000003CD8: BFA60008 <Cijk_Ailk_Bljk_SB_GB_MT128x64x8_SN_1LDSB0_APM1_ABV0_ACED0_AF0EM1_AF1EM1_AMAS0_ASE_ASGT_ASLT_ASM_ASAE01_ASCE01_ASEM1_AAC0_BL0_BS1_CLR0_DTLA0_DTLB0_DTVA0_DTVB0_DVO0_ETSP_EPS0_ELFLR0_EMLL0_FSSC10_FL0_GLVWA1_GLVWB1_GRCGA1_GRCGB1_GRPM1_GRVW1_GSU1_GSUASB_GLS0_ISA000_IU1_K1_KLS_LBSPPA0_LBSPPB0_LPA0_LPB0_LDL1_LRVW1_LWPMn1_LDW0_FMA_MIAV0_MDA2_MO40_MMFSC_MKFGSU256_NTA0_NTB0_NTC0_NTD0_NEPBS0_NLCA1_NLCB1_ONLL1_OPLV0_PK0_PAP0_PGR0_PLR0_PKA0_SIA1_SLW1_SS0_SU32_SUM0_SUS256_SCIUI1_SPO0_SRVW0_SSO0_SVW4_SNLL0_TSGRA0_TSGRB0_TT8_4_TLDS0_UMLDSA0_UMLDSB0_U64SL1_USFGRO0_VAW1_VS1_VW1_VWB1_VFLRP0_WSGRA0_WSGRB0_WS64_WG16_16_1_WGM8+0x1fc>
	s_cmp_eq_u32 s9, 1                                         // 000000003CDC: BF068109
	s_cbranch_scc1 3                                           // 000000003CE0: BFA20003 <Cijk_Ailk_Bljk_SB_GB_MT128x64x8_SN_1LDSB0_APM1_ABV0_ACED0_AF0EM1_AF1EM1_AMAS0_ASE_ASGT_ASLT_ASM_ASAE01_ASCE01_ASEM1_AAC0_BL0_BS1_CLR0_DTLA0_DTLB0_DTVA0_DTVB0_DVO0_ETSP_EPS0_ELFLR0_EMLL0_FSSC10_FL0_GLVWA1_GLVWB1_GRCGA1_GRCGB1_GRPM1_GRVW1_GSU1_GSUASB_GLS0_ISA000_IU1_K1_KLS_LBSPPA0_LBSPPB0_LPA0_LPB0_LDL1_LRVW1_LWPMn1_LDW0_FMA_MIAV0_MDA2_MO40_MMFSC_MKFGSU256_NTA0_NTB0_NTC0_NTD0_NEPBS0_NLCA1_NLCB1_ONLL1_OPLV0_PK0_PAP0_PGR0_PLR0_PKA0_SIA1_SLW1_SS0_SU32_SUM0_SUS256_SCIUI1_SPO0_SRVW0_SSO0_SVW4_SNLL0_TSGRA0_TSGRB0_TT8_4_TLDS0_UMLDSA0_UMLDSB0_U64SL1_USFGRO0_VAW1_VS1_VW1_VWB1_VFLRP0_WSGRA0_WSGRB0_WS64_WG16_16_1_WGM8+0x1f0>
	s_and_b32 s8, s3, 7                                        // 000000003CE4: 8B088703
	s_lshr_b32 s3, s3, 3                                       // 000000003CE8: 85038303
	s_or_b32 s2, s8, s2                                        // 000000003CEC: 8C020208
	s_delay_alu instid0(SALU_CYCLE_1)                          // 000000003CF0: BF870009
	s_mov_b32 s30, s2                                          // 000000003CF4: BE9E0002
	s_mov_b32 s8, s3                                           // 000000003CF8: BE880003
	s_clause 0x2                                               // 000000003CFC: BF850002
	s_load_b64 s[10:11], s[0:1], 0x68                          // 000000003D00: F4002280 F8000068
	s_load_b32 s2, s[0:1], 0x58                                // 000000003D08: F4000080 F8000058
	s_load_b32 s9, s[0:1], 0x60                                // 000000003D10: F4000240 F8000060
	v_lshrrev_b32_e32 v17, 3, v0                               // 000000003D18: 32220083
	s_lshl_b32 s30, s30, 6                                     // 000000003D1C: 841E861E
	s_lshl_b64 s[18:19], s[18:19], 2                           // 000000003D20: 84928212
	v_lshrrev_b32_e32 v55, 7, v0                               // 000000003D24: 326E0087
	s_add_nc_u64 s[6:7], s[6:7], s[18:19]                      // 000000003D28: A9861206
	v_or_b32_e32 v2, s30, v17                                  // 000000003D2C: 3804221E
	v_and_b32_e32 v43, 15, v0                                  // 000000003D30: 3656008F
	s_lshl_b32 s23, s8, 7                                      // 000000003D34: 84178708
	v_or_b32_e32 v53, 2, v55                                   // 000000003D38: 386A6E82
	v_and_or_b32 v1, 0x7f, v0, s23                             // 000000003D3C: D6570001 005E00FF 0000007F
	v_or_b32_e32 v3, 32, v2                                    // 000000003D48: 380604A0
	s_lshl_b64 s[16:17], s[16:17], 2                           // 000000003D4C: 84908210
	v_or_b32_e32 v52, 4, v55                                   // 000000003D50: 38686E84
	s_add_nc_u64 s[16:17], s[28:29], s[16:17]                  // 000000003D54: A990101C
	v_or_b32_e32 v50, 6, v55                                   // 000000003D58: 38646E86
	s_mov_b32 s3, 0                                            // 000000003D5C: BE830080
	v_lshrrev_b32_e32 v44, 4, v0                               // 000000003D60: 32580084
	s_wait_kmcnt 0x0                                           // 000000003D64: BFC70000
	s_add_co_i32 s19, s11, -1                                  // 000000003D68: 8113C10B
	s_add_co_i32 s18, s10, -1                                  // 000000003D6C: 8112C10A
	v_min_u32_e32 v11, s19, v2                                 // 000000003D70: 26160413
	v_mov_b32_e32 v2, 0                                        // 000000003D74: 7E040280
	v_min_u32_e32 v13, s19, v3                                 // 000000003D78: 261A0613
	v_mul_lo_u32 v3, s2, v55                                   // 000000003D7C: D72C0003 00026E02
	v_and_b32_e32 v49, 7, v0                                   // 000000003D84: 36620087
	v_mad_co_u64_u32 v[5:6], null, s2, v53, 0                  // 000000003D88: D6FE7C05 02026A02
	v_mov_b32_e32 v4, v2                                       // 000000003D90: 7E080302
	v_min_u32_e32 v1, s18, v1                                  // 000000003D94: 26020212
	v_mad_co_u64_u32 v[7:8], null, s2, v52, 0                  // 000000003D98: D6FE7C07 02026802
	v_mad_co_u64_u32 v[9:10], null, s2, v50, 0                 // 000000003DA0: D6FE7C09 02026402
	s_delay_alu instid0(VALU_DEP_4) | instskip(NEXT) | instid1(VALU_DEP_4)// 000000003DA8: BF870214
	v_lshlrev_b64_e32 v[3:4], 2, v[3:4]                        // 000000003DAC: 3E060682
	v_lshlrev_b64_e32 v[15:16], 2, v[1:2]                      // 000000003DB0: 3E1E0282
	v_mad_co_u64_u32 v[11:12], null, v11, s9, 0                // 000000003DB4: D6FE7C0B 0200130B
	v_mad_co_u64_u32 v[13:14], null, v13, s9, 0                // 000000003DBC: D6FE7C0D 0200130D
	s_delay_alu instid0(VALU_DEP_4) | instskip(NEXT) | instid1(VALU_DEP_1)// 000000003DC4: BF870094
	v_add_co_u32 v1, vcc_lo, s16, v3                           // 000000003DC8: D7006A01 00020610
	v_add_co_ci_u32_e64 v18, null, s17, v4, vcc_lo             // 000000003DD0: D5207C12 01AA0811
	v_lshlrev_b64_e32 v[3:4], 2, v[5:6]                        // 000000003DD8: 3E060A82
	s_delay_alu instid0(VALU_DEP_3) | instskip(SKIP_1) | instid1(VALU_DEP_3)// 000000003DDC: BF8701A3
	v_add_co_u32 v1, vcc_lo, v1, v15                           // 000000003DE0: D7006A01 00021F01
	s_wait_alu 0xfffd                                          // 000000003DE8: BF88FFFD
	v_add_co_ci_u32_e64 v18, null, v18, v16, vcc_lo            // 000000003DEC: D5207C12 01AA2112
	v_lshlrev_b32_e32 v17, 2, v17                              // 000000003DF4: 30222282
	s_delay_alu instid0(VALU_DEP_4) | instskip(SKIP_3) | instid1(VALU_DEP_3)// 000000003DF8: BF8701C4
	v_add_co_u32 v5, vcc_lo, s16, v3                           // 000000003DFC: D7006A05 00020610
	s_wait_alu 0xfffd                                          // 000000003E04: BF88FFFD
	v_add_co_ci_u32_e64 v6, null, s17, v4, vcc_lo              // 000000003E08: D5207C06 01AA0811
	v_lshlrev_b64_e32 v[3:4], 2, v[7:8]                        // 000000003E10: 3E060E82
	v_add_co_u32 v7, vcc_lo, v5, v15                           // 000000003E14: D7006A07 00021F05
	s_wait_alu 0xfffd                                          // 000000003E1C: BF88FFFD
	s_delay_alu instid0(VALU_DEP_3) | instskip(SKIP_1) | instid1(VALU_DEP_4)// 000000003E20: BF870223
	v_add_co_ci_u32_e64 v8, null, v6, v16, vcc_lo              // 000000003E24: D5207C08 01AA2106
	v_lshlrev_b32_e32 v21, 8, v49                              // 000000003E2C: 302A6288
	v_add_co_u32 v5, vcc_lo, s16, v3                           // 000000003E30: D7006A05 00020610
	s_wait_alu 0xfffd                                          // 000000003E38: BF88FFFD
	v_add_co_ci_u32_e64 v6, null, s17, v4, vcc_lo              // 000000003E3C: D5207C06 01AA0811
	v_lshlrev_b64_e32 v[3:4], 2, v[9:10]                       // 000000003E44: 3E061282
	s_delay_alu instid0(VALU_DEP_3) | instskip(SKIP_1) | instid1(VALU_DEP_3)// 000000003E48: BF8701A3
	v_add_co_u32 v19, vcc_lo, v5, v15                          // 000000003E4C: D7006A13 00021F05
	s_wait_alu 0xfffd                                          // 000000003E54: BF88FFFD
	v_add_co_ci_u32_e64 v20, null, v6, v16, vcc_lo             // 000000003E58: D5207C14 01AA2106
	v_lshlrev_b32_e32 v9, 2, v49                               // 000000003E60: 30126282
	s_delay_alu instid0(VALU_DEP_4) | instskip(SKIP_3) | instid1(VALU_DEP_3)// 000000003E64: BF8701C4
	v_add_co_u32 v5, vcc_lo, s16, v3                           // 000000003E68: D7006A05 00020610
	s_wait_alu 0xfffd                                          // 000000003E70: BF88FFFD
	v_add_co_ci_u32_e64 v6, null, s17, v4, vcc_lo              // 000000003E74: D5207C06 01AA0811
	v_lshlrev_b64_e32 v[3:4], 2, v[11:12]                      // 000000003E7C: 3E061682
	v_add_co_u32 v15, vcc_lo, v5, v15                          // 000000003E80: D7006A0F 00021F05
	s_wait_alu 0xfffd                                          // 000000003E88: BF88FFFD
	s_delay_alu instid0(VALU_DEP_3) | instskip(SKIP_1) | instid1(VALU_DEP_4)// 000000003E8C: BF870223
	v_add_co_ci_u32_e64 v16, null, v6, v16, vcc_lo             // 000000003E90: D5207C10 01AA2106
	v_lshlrev_b64_e32 v[5:6], 2, v[13:14]                      // 000000003E98: 3E0A1A82
	v_add_co_u32 v3, vcc_lo, s6, v3                            // 000000003E9C: D7006A03 00020606
	s_wait_alu 0xfffd                                          // 000000003EA4: BF88FFFD
	v_add_co_ci_u32_e64 v4, null, s7, v4, vcc_lo               // 000000003EA8: D5207C04 01AA0807
	v_lshlrev_b32_e32 v51, 2, v0                               // 000000003EB0: 30660082
	s_delay_alu instid0(VALU_DEP_4)                            // 000000003EB4: BF870004
	v_add_co_u32 v5, vcc_lo, s6, v5                            // 000000003EB8: D7006A05 00020A06
	s_wait_alu 0xfffd                                          // 000000003EC0: BF88FFFD
	v_add_co_ci_u32_e64 v6, null, s7, v6, vcc_lo               // 000000003EC4: D5207C06 01AA0C07
	s_lshl_b64 s[6:7], s[2:3], 3                               // 000000003ECC: 84868302
	s_and_b32 s2, s31, exec_lo                                 // 000000003ED0: 8B027E1F
	s_cselect_b32 s28, 0, s26                                  // 000000003ED4: 981C1A80
	s_and_b32 s2, s8, s27                                      // 000000003ED8: 8B021B08
	v_add_co_u32 v3, vcc_lo, v3, v9                            // 000000003EDC: D7006A03 00021303
	s_wait_alu 0xfffe                                          // 000000003EE4: BF88FFFE
	s_lshl_b32 s2, s2, 3                                       // 000000003EE8: 84028302
	s_wait_alu 0xfffd                                          // 000000003EEC: BF88FFFD
	v_add_co_ci_u32_e64 v4, null, 0, v4, vcc_lo                // 000000003EF0: D5207C04 01AA0880
	s_wait_alu 0xfffe                                          // 000000003EF8: BF88FFFE
	s_mul_u64 s[8:9], s[6:7], s[2:3]                           // 000000003EFC: AA880206
	v_add_co_u32 v13, vcc_lo, v5, v9                           // 000000003F00: D7006A0D 00021305
	s_wait_alu 0xfffe                                          // 000000003F08: BF88FFFE
	s_lshl_b64 s[8:9], s[8:9], 2                               // 000000003F0C: 84888208
	s_wait_alu 0xfffd                                          // 000000003F10: BF88FFFD
	v_add_co_ci_u32_e64 v14, null, 0, v6, vcc_lo               // 000000003F14: D5207C0E 01AA0C80
	s_wait_alu 0xfffe                                          // 000000003F1C: BF88FFFE
	v_add_co_u32 v11, vcc_lo, v1, s8                           // 000000003F20: D7006A0B 00001101
	s_wait_alu 0xfffd                                          // 000000003F28: BF88FFFD
	v_add_co_ci_u32_e64 v12, null, s9, v18, vcc_lo             // 000000003F2C: D5207C0C 01AA2409
	v_add_co_u32 v9, vcc_lo, v7, s8                            // 000000003F34: D7006A09 00001107
	s_wait_alu 0xfffd                                          // 000000003F3C: BF88FFFD
	v_add_co_ci_u32_e64 v10, null, s9, v8, vcc_lo              // 000000003F40: D5207C0A 01AA1009
	v_add_co_u32 v7, vcc_lo, v19, s8                           // 000000003F48: D7006A07 00001113
	s_wait_alu 0xfffd                                          // 000000003F50: BF88FFFD
	v_add_co_ci_u32_e64 v8, null, s9, v20, vcc_lo              // 000000003F54: D5207C08 01AA2809
	v_add_co_u32 v5, vcc_lo, v15, s8                           // 000000003F5C: D7006A05 0000110F
	s_wait_alu 0xfffd                                          // 000000003F64: BF88FFFD
	v_add_co_ci_u32_e64 v6, null, s9, v16, vcc_lo              // 000000003F68: D5207C06 01AA2009
	s_lshl_b64 s[8:9], s[2:3], 5                               // 000000003F70: 84888502
	v_lshlrev_b32_e32 v48, 2, v43                              // 000000003F74: 30605682
	s_wait_alu 0xfffe                                          // 000000003F78: BF88FFFE
	v_add_co_u32 v3, vcc_lo, v3, s8                            // 000000003F7C: D7006A03 00001103
	s_wait_alu 0xfffd                                          // 000000003F84: BF88FFFD
	v_add_co_ci_u32_e64 v4, null, s9, v4, vcc_lo               // 000000003F88: D5207C04 01AA0809
	v_add_co_u32 v0, vcc_lo, v13, s8                           // 000000003F90: D7006A00 0000110D
	s_wait_alu 0xfffd                                          // 000000003F98: BF88FFFD
	v_add_co_ci_u32_e64 v1, null, s9, v14, vcc_lo              // 000000003F9C: D5207C01 01AA1C09
	v_lshlrev_b32_e32 v54, 2, v44                              // 000000003FA4: 306C5882
	v_add_nc_u32_e32 v56, v17, v21                             // 000000003FA8: 4A702B11
	s_lshr_b32 s8, s28, 3                                      // 000000003FAC: 8508831C
	s_cmp_lt_u32 s28, 8                                        // 000000003FB0: BF0A881C
	s_cbranch_scc1 538                                         // 000000003FB4: BFA2021A <Cijk_Ailk_Bljk_SB_GB_MT128x64x8_SN_1LDSB0_APM1_ABV0_ACED0_AF0EM1_AF1EM1_AMAS0_ASE_ASGT_ASLT_ASM_ASAE01_ASCE01_ASEM1_AAC0_BL0_BS1_CLR0_DTLA0_DTLB0_DTVA0_DTVB0_DVO0_ETSP_EPS0_ELFLR0_EMLL0_FSSC10_FL0_GLVWA1_GLVWB1_GRCGA1_GRCGB1_GRPM1_GRVW1_GSU1_GSUASB_GLS0_ISA000_IU1_K1_KLS_LBSPPA0_LBSPPB0_LPA0_LPB0_LDL1_LRVW1_LWPMn1_LDW0_FMA_MIAV0_MDA2_MO40_MMFSC_MKFGSU256_NTA0_NTB0_NTC0_NTD0_NEPBS0_NLCA1_NLCB1_ONLL1_OPLV0_PK0_PAP0_PGR0_PLR0_PKA0_SIA1_SLW1_SS0_SU32_SUM0_SUS256_SCIUI1_SPO0_SRVW0_SSO0_SVW4_SNLL0_TSGRA0_TSGRB0_TT8_4_TLDS0_UMLDSA0_UMLDSB0_U64SL1_USFGRO0_VAW1_VS1_VW1_VWB1_VFLRP0_WSGRA0_WSGRB0_WS64_WG16_16_1_WGM8+0xd20>
	s_mov_b32 s9, s3                                           // 000000003FB8: BE890003
	v_dual_mov_b32 v2, 0 :: v_dual_add_nc_u32 v57, 0x1000, v56 // 000000003FBC: CA200080 023870FF 00001000
	v_dual_mov_b32 v15, 0 :: v_dual_add_nc_u32 v58, 0x1000, v54// 000000003FC8: CA200080 0F3A6CFF 00001000
	v_dual_mov_b32 v16, 0 :: v_dual_add_nc_u32 v59, 0x400, v48 // 000000003FD4: CA200080 103A60FF 00000400
	v_dual_mov_b32 v17, 0 :: v_dual_add_nc_u32 v60, 0x800, v48 // 000000003FE0: CA200080 113C60FF 00000800
	v_dual_mov_b32 v18, 0 :: v_dual_add_nc_u32 v61, 0x1400, v54// 000000003FEC: CA200080 123C6CFF 00001400
	v_dual_mov_b32 v19, 0 :: v_dual_add_nc_u32 v62, 0xc00, v48 // 000000003FF8: CA200080 133E60FF 00000C00
	v_dual_mov_b32 v20, 0 :: v_dual_mov_b32 v21, 0             // 000000004004: CA100080 14140080
	v_dual_mov_b32 v22, 0 :: v_dual_mov_b32 v23, 0             // 00000000400C: CA100080 16160080
	v_dual_mov_b32 v24, 0 :: v_dual_mov_b32 v25, 0             // 000000004014: CA100080 18180080
	v_dual_mov_b32 v26, 0 :: v_dual_mov_b32 v27, 0             // 00000000401C: CA100080 1A1A0080
	v_dual_mov_b32 v28, 0 :: v_dual_mov_b32 v29, 0             // 000000004024: CA100080 1C1C0080
	v_dual_mov_b32 v30, 0 :: v_dual_mov_b32 v31, 0             // 00000000402C: CA100080 1E1E0080
	v_dual_mov_b32 v32, 0 :: v_dual_mov_b32 v33, 0             // 000000004034: CA100080 20200080
	v_dual_mov_b32 v34, 0 :: v_dual_mov_b32 v35, 0             // 00000000403C: CA100080 22220080
	v_dual_mov_b32 v36, 0 :: v_dual_mov_b32 v37, 0             // 000000004044: CA100080 24240080
	v_dual_mov_b32 v38, 0 :: v_dual_mov_b32 v39, 0             // 00000000404C: CA100080 26260080
	v_dual_mov_b32 v40, 0 :: v_dual_mov_b32 v41, 0             // 000000004054: CA100080 28280080
	v_dual_mov_b32 v42, 0 :: v_dual_mov_b32 v45, 0             // 00000000405C: CA100080 2A2C0080
	v_dual_mov_b32 v46, 0 :: v_dual_mov_b32 v47, 0             // 000000004064: CA100080 2E2E0080
	s_and_b32 s18, s28, -8                                     // 00000000406C: 8B12C81C
	s_wait_alu 0xfffe                                          // 000000004070: BF88FFFE
	s_mul_u64 s[16:17], s[6:7], s[8:9]                         // 000000004074: AA900806
	s_mov_b32 s19, s3                                          // 000000004078: BE930003
	s_wait_alu 0xfffe                                          // 00000000407C: BF88FFFE
	s_sub_nc_u64 s[16:17], 0, s[16:17]                         // 000000004080: AA101080
	s_sub_nc_u64 s[18:19], 0, s[18:19]                         // 000000004084: AA121280
	s_add_co_i32 s3, s2, 1                                     // 000000004088: 81038102
	s_lshl_b64 s[26:27], s[6:7], 2                             // 00000000408C: 849A8206
	s_mov_b32 s9, s8                                           // 000000004090: BE890008
	flat_load_b32 v13, v[11:12]                                // 000000004094: EC05007C 0000000D 0000000B
	flat_load_b32 v14, v[9:10]                                 // 0000000040A0: EC05007C 0000000E 00000009
	flat_load_b32 v63, v[7:8]                                  // 0000000040AC: EC05007C 0000003F 00000007
	flat_load_b32 v64, v[5:6]                                  // 0000000040B8: EC05007C 00000040 00000005
	flat_load_b32 v65, v[3:4]                                  // 0000000040C4: EC05007C 00000041 00000003
	flat_load_b32 v66, v[0:1]                                  // 0000000040D0: EC05007C 00000042 00000000
	s_wait_loadcnt_dscnt 0x0                                   // 0000000040DC: BFC80000
	s_barrier_signal -1                                        // 0000000040E0: BE804EC1
	s_barrier_wait 0xffff                                      // 0000000040E4: BF94FFFF
	global_inv scope:SCOPE_SE                                  // 0000000040E8: EE0AC07C 00040000 00000000
	v_add_co_u32 v11, vcc_lo, v11, s26                         // 0000000040F4: D7006A0B 0000350B
	s_wait_alu 0xfffe                                          // 0000000040FC: BF88FFFE
	s_add_co_i32 s29, s9, -1                                   // 000000004100: 811DC109
	s_wait_alu 0xfffd                                          // 000000004104: BF88FFFD
	v_add_co_ci_u32_e64 v12, null, s27, v12, vcc_lo            // 000000004108: D5207C0C 01AA181B
	v_add_co_u32 v9, vcc_lo, v9, s26                           // 000000004110: D7006A09 00003509
	s_cmp_eq_u32 s3, s9                                        // 000000004118: BF060903
	s_wait_alu 0xfffd                                          // 00000000411C: BF88FFFD
	v_add_co_ci_u32_e64 v10, null, s27, v10, vcc_lo            // 000000004120: D5207C0A 01AA141B
	v_add_co_u32 v7, vcc_lo, v7, s26                           // 000000004128: D7006A07 00003507
	s_cselect_b32 s35, s17, 0                                  // 000000004130: 98238011
	s_cselect_b32 s34, s16, 0                                  // 000000004134: 98228010
	s_wait_alu 0xfffd                                          // 000000004138: BF88FFFD
	v_add_co_ci_u32_e64 v8, null, s27, v8, vcc_lo              // 00000000413C: D5207C08 01AA101B
	v_add_co_u32 v5, vcc_lo, v5, s26                           // 000000004144: D7006A05 00003505
	s_cselect_b32 s37, s19, 0                                  // 00000000414C: 98258013
	s_cselect_b32 s36, s18, 0                                  // 000000004150: 98248012
	s_wait_alu 0xfffe                                          // 000000004154: BF88FFFE
	s_lshl_b64 s[34:35], s[34:35], 2                           // 000000004158: 84A28222
	s_wait_alu 0xfffd                                          // 00000000415C: BF88FFFD
	v_add_co_ci_u32_e64 v6, null, s27, v6, vcc_lo              // 000000004160: D5207C06 01AA0C1B
	s_wait_alu 0xfffe                                          // 000000004168: BF88FFFE
	v_add_co_u32 v11, vcc_lo, v11, s34                         // 00000000416C: D7006A0B 0000450B
	s_wait_alu 0xfffd                                          // 000000004174: BF88FFFD
	v_add_co_ci_u32_e64 v12, null, s35, v12, vcc_lo            // 000000004178: D5207C0C 01AA1823
	v_add_co_u32 v9, vcc_lo, v9, s34                           // 000000004180: D7006A09 00004509
	s_wait_alu 0xfffd                                          // 000000004188: BF88FFFD
	v_add_co_ci_u32_e64 v10, null, s35, v10, vcc_lo            // 00000000418C: D5207C0A 01AA1423
	v_add_co_u32 v7, vcc_lo, v7, s34                           // 000000004194: D7006A07 00004507
	s_lshl_b64 s[36:37], s[36:37], 2                           // 00000000419C: 84A48224
	s_wait_alu 0xfffd                                          // 0000000041A0: BF88FFFD
	v_add_co_ci_u32_e64 v8, null, s35, v8, vcc_lo              // 0000000041A4: D5207C08 01AA1023
	v_add_co_u32 v5, vcc_lo, v5, s34                           // 0000000041AC: D7006A05 00004505
	s_wait_alu 0xfffd                                          // 0000000041B4: BF88FFFD
	v_add_co_ci_u32_e64 v6, null, s35, v6, vcc_lo              // 0000000041B8: D5207C06 01AA0C23
	s_wait_alu 0xfffe                                          // 0000000041C0: BF88FFFE
	v_add_co_u32 v3, vcc_lo, v3, s36                           // 0000000041C4: D7006A03 00004903
	s_wait_alu 0xfffd                                          // 0000000041CC: BF88FFFD
	v_add_co_ci_u32_e64 v4, null, s37, v4, vcc_lo              // 0000000041D0: D5207C04 01AA0825
	v_add_co_u32 v0, vcc_lo, v0, s36                           // 0000000041D8: D7006A00 00004900
	s_wait_alu 0xfffd                                          // 0000000041E0: BF88FFFD
	v_add_co_ci_u32_e64 v1, null, s37, v1, vcc_lo              // 0000000041E4: D5207C01 01AA0225
	v_add_co_u32 v3, vcc_lo, v3, 32                            // 0000000041EC: D7006A03 00014103
	s_wait_alu 0xfffd                                          // 0000000041F4: BF88FFFD
	v_add_co_ci_u32_e64 v4, null, 0, v4, vcc_lo                // 0000000041F8: D5207C04 01AA0880
	v_add_co_u32 v0, vcc_lo, v0, 32                            // 000000004200: D7006A00 00014100
	s_wait_alu 0xfffd                                          // 000000004208: BF88FFFD
	v_add_co_ci_u32_e64 v1, null, 0, v1, vcc_lo                // 00000000420C: D5207C01 01AA0280
	s_cmp_gt_u32 s9, 1                                         // 000000004214: BF088109
	s_mov_b32 s9, s29                                          // 000000004218: BE89001D
	ds_store_2addr_stride64_b32 v51, v13, v14 offset1:4        // 00000000421C: D83C0400 000E0D33
	ds_store_2addr_stride64_b32 v51, v63, v64 offset0:8 offset1:12// 000000004224: D83C0C08 00403F33
	ds_store_2addr_b32 v57, v65, v66 offset1:32                // 00000000422C: D8382000 00424139
	s_wait_loadcnt_dscnt 0x0                                   // 000000004234: BFC80000
	s_barrier_signal -1                                        // 000000004238: BE804EC1
	s_barrier_wait 0xffff                                      // 00000000423C: BF94FFFF
	global_inv scope:SCOPE_SE                                  // 000000004240: EE0AC07C 00040000 00000000
	ds_load_2addr_b32 v[13:14], v48 offset1:16                 // 00000000424C: D8DC1000 0D000030
	ds_load_2addr_b32 v[63:64], v58 offset1:16                 // 000000004254: D8DC1000 3F00003A
	ds_load_2addr_b32 v[65:66], v48 offset0:32 offset1:48      // 00000000425C: D8DC3020 41000030
	ds_load_2addr_b32 v[67:68], v48 offset0:64 offset1:80      // 000000004264: D8DC5040 43000030
	ds_load_2addr_b32 v[69:70], v48 offset0:96 offset1:112     // 00000000426C: D8DC7060 45000030
	ds_load_2addr_b32 v[71:72], v58 offset0:32 offset1:48      // 000000004274: D8DC3020 4700003A
	ds_load_2addr_b32 v[73:74], v48 offset0:128 offset1:144    // 00000000427C: D8DC9080 49000030
	ds_load_2addr_b32 v[75:76], v48 offset0:160 offset1:176    // 000000004284: D8DCB0A0 4B000030
	ds_load_2addr_b32 v[77:78], v48 offset0:192 offset1:208    // 00000000428C: D8DCD0C0 4D000030
	ds_load_2addr_b32 v[79:80], v48 offset0:224 offset1:240    // 000000004294: D8DCF0E0 4F000030
	ds_load_2addr_b32 v[81:82], v58 offset0:64 offset1:80      // 00000000429C: D8DC5040 5100003A
	ds_load_2addr_b32 v[83:84], v58 offset0:96 offset1:112     // 0000000042A4: D8DC7060 5300003A
	ds_load_2addr_b32 v[85:86], v59 offset1:16                 // 0000000042AC: D8DC1000 5500003B
	ds_load_2addr_b32 v[87:88], v59 offset0:32 offset1:48      // 0000000042B4: D8DC3020 5700003B
	ds_load_2addr_b32 v[89:90], v59 offset0:64 offset1:80      // 0000000042BC: D8DC5040 5900003B
	ds_load_2addr_b32 v[91:92], v59 offset0:96 offset1:112     // 0000000042C4: D8DC7060 5B00003B
	ds_load_2addr_b32 v[93:94], v58 offset0:128 offset1:144    // 0000000042CC: D8DC9080 5D00003A
	ds_load_2addr_b32 v[95:96], v58 offset0:160 offset1:176    // 0000000042D4: D8DCB0A0 5F00003A
	ds_load_2addr_b32 v[97:98], v59 offset0:128 offset1:144    // 0000000042DC: D8DC9080 6100003B
	ds_load_2addr_b32 v[99:100], v59 offset0:192 offset1:208   // 0000000042E4: D8DCD0C0 6300003B
	s_wait_dscnt 0x12                                          // 0000000042EC: BFC60012
	v_dual_fmac_f32 v47, v13, v63 :: v_dual_fmac_f32 v36, v14, v64// 0000000042F0: C8007F0D 2F24810E
	v_dual_fmac_f32 v46, v14, v63 :: v_dual_fmac_f32 v37, v13, v64// 0000000042F8: C8007F0E 2E24810D
	s_wait_dscnt 0x11                                          // 000000004300: BFC60011
	v_dual_fmac_f32 v45, v65, v63 :: v_dual_fmac_f32 v34, v66, v64// 000000004304: C8007F41 2D228142
	v_dual_fmac_f32 v42, v66, v63 :: v_dual_fmac_f32 v35, v65, v64// 00000000430C: C8007F42 2A228141
	s_wait_dscnt 0x10                                          // 000000004314: BFC60010
	v_dual_fmac_f32 v41, v67, v63 :: v_dual_fmac_f32 v32, v68, v64// 000000004318: C8007F43 29208144
	v_dual_fmac_f32 v40, v68, v63 :: v_dual_fmac_f32 v33, v67, v64// 000000004320: C8007F44 28208143
	s_wait_dscnt 0xf                                           // 000000004328: BFC6000F
	v_dual_fmac_f32 v39, v69, v63 :: v_dual_fmac_f32 v30, v70, v64// 00000000432C: C8007F45 271E8146
	v_dual_fmac_f32 v38, v70, v63 :: v_dual_fmac_f32 v31, v69, v64// 000000004334: C8007F46 261E8145
	ds_load_2addr_b32 v[63:64], v59 offset0:160 offset1:176    // 00000000433C: D8DCB0A0 3F00003B
	s_wait_dscnt 0xf                                           // 000000004344: BFC6000F
	v_dual_fmac_f32 v29, v13, v71 :: v_dual_fmac_f32 v20, v14, v72// 000000004348: C8008F0D 1D14910E
	v_dual_fmac_f32 v28, v14, v71 :: v_dual_fmac_f32 v21, v13, v72// 000000004350: C8008F0E 1C14910D
	v_dual_fmac_f32 v27, v65, v71 :: v_dual_fmac_f32 v18, v66, v72// 000000004358: C8008F41 1B129142
	v_dual_fmac_f32 v26, v66, v71 :: v_dual_fmac_f32 v19, v65, v72// 000000004360: C8008F42 1A129141
	ds_load_2addr_b32 v[13:14], v59 offset0:224 offset1:240    // 000000004368: D8DCF0E0 0D00003B
	v_dual_fmac_f32 v25, v67, v71 :: v_dual_fmac_f32 v16, v68, v72// 000000004370: C8008F43 19109144
	v_dual_fmac_f32 v24, v68, v71 :: v_dual_fmac_f32 v17, v67, v72// 000000004378: C8008F44 18109143
	ds_load_2addr_b32 v[65:66], v58 offset0:192 offset1:208    // 000000004380: D8DCD0C0 4100003A
	v_dual_fmac_f32 v23, v69, v71 :: v_dual_fmac_f32 v2, v70, v72// 000000004388: C8008F45 17029146
	v_dual_fmac_f32 v22, v70, v71 :: v_dual_fmac_f32 v15, v69, v72// 000000004390: C8008F46 160E9145
	ds_load_2addr_b32 v[67:68], v58 offset0:224 offset1:240    // 000000004398: D8DCF0E0 4300003A
	ds_load_2addr_b32 v[69:70], v60 offset1:16                 // 0000000043A0: D8DC1000 4500003C
	s_wait_dscnt 0xe                                           // 0000000043A8: BFC6000E
	v_dual_fmac_f32 v47, v73, v81 :: v_dual_fmac_f32 v36, v74, v82// 0000000043AC: C800A349 2F24A54A
	v_dual_fmac_f32 v46, v74, v81 :: v_dual_fmac_f32 v37, v73, v82// 0000000043B4: C800A34A 2E24A549
	v_dual_fmac_f32 v45, v75, v81 :: v_dual_fmac_f32 v34, v76, v82// 0000000043BC: C800A34B 2D22A54C
	v_dual_fmac_f32 v42, v76, v81 :: v_dual_fmac_f32 v35, v75, v82// 0000000043C4: C800A34C 2A22A54B
	v_dual_fmac_f32 v41, v77, v81 :: v_dual_fmac_f32 v32, v78, v82// 0000000043CC: C800A34D 2920A54E
	v_dual_fmac_f32 v40, v78, v81 :: v_dual_fmac_f32 v33, v77, v82// 0000000043D4: C800A34E 2820A54D
	ds_load_2addr_b32 v[71:72], v60 offset0:32 offset1:48      // 0000000043DC: D8DC3020 4700003C
	s_wait_dscnt 0xe                                           // 0000000043E4: BFC6000E
	v_dual_fmac_f32 v29, v73, v83 :: v_dual_fmac_f32 v20, v74, v84// 0000000043E8: C800A749 1D14A94A
	v_dual_fmac_f32 v28, v74, v83 :: v_dual_fmac_f32 v21, v73, v84// 0000000043F0: C800A74A 1C14A949
	ds_load_2addr_b32 v[73:74], v60 offset0:64 offset1:80      // 0000000043F8: D8DC5040 4900003C
	v_dual_fmac_f32 v27, v75, v83 :: v_dual_fmac_f32 v18, v76, v84// 000000004400: C800A74B 1B12A94C
	v_dual_fmac_f32 v26, v76, v83 :: v_dual_fmac_f32 v19, v75, v84// 000000004408: C800A74C 1A12A94B
	ds_load_2addr_b32 v[75:76], v60 offset0:96 offset1:112     // 000000004410: D8DC7060 4B00003C
	v_dual_fmac_f32 v25, v77, v83 :: v_dual_fmac_f32 v16, v78, v84// 000000004418: C800A74D 1910A94E
	v_dual_fmac_f32 v24, v78, v83 :: v_dual_fmac_f32 v17, v77, v84// 000000004420: C800A74E 1810A94D
	ds_load_2addr_b32 v[77:78], v61 offset1:16                 // 000000004428: D8DC1000 4D00003D
	v_dual_fmac_f32 v39, v79, v81 :: v_dual_fmac_f32 v30, v80, v82// 000000004430: C800A34F 271EA550
	v_dual_fmac_f32 v38, v80, v81 :: v_dual_fmac_f32 v31, v79, v82// 000000004438: C800A350 261EA54F
	v_dual_fmac_f32 v23, v79, v83 :: v_dual_fmac_f32 v2, v80, v84// 000000004440: C800A74F 1702A950
	v_dual_fmac_f32 v22, v80, v83 :: v_dual_fmac_f32 v15, v79, v84// 000000004448: C800A750 160EA94F
	ds_load_2addr_b32 v[79:80], v61 offset0:32 offset1:48      // 000000004450: D8DC3020 4F00003D
	ds_load_2addr_b32 v[81:82], v60 offset0:128 offset1:144    // 000000004458: D8DC9080 5100003C
	s_wait_dscnt 0xe                                           // 000000004460: BFC6000E
	v_dual_fmac_f32 v47, v85, v93 :: v_dual_fmac_f32 v36, v86, v94// 000000004464: C800BB55 2F24BD56
	v_dual_fmac_f32 v46, v86, v93 :: v_dual_fmac_f32 v37, v85, v94// 00000000446C: C800BB56 2E24BD55
	v_dual_fmac_f32 v45, v87, v93 :: v_dual_fmac_f32 v34, v88, v94// 000000004474: C800BB57 2D22BD58
	v_dual_fmac_f32 v42, v88, v93 :: v_dual_fmac_f32 v35, v87, v94// 00000000447C: C800BB58 2A22BD57
	v_dual_fmac_f32 v41, v89, v93 :: v_dual_fmac_f32 v32, v90, v94// 000000004484: C800BB59 2920BD5A
	v_dual_fmac_f32 v40, v90, v93 :: v_dual_fmac_f32 v33, v89, v94// 00000000448C: C800BB5A 2820BD59
	v_dual_fmac_f32 v39, v91, v93 :: v_dual_fmac_f32 v30, v92, v94// 000000004494: C800BB5B 271EBD5C
	v_dual_fmac_f32 v38, v92, v93 :: v_dual_fmac_f32 v31, v91, v94// 00000000449C: C800BB5C 261EBD5B
	ds_load_2addr_b32 v[83:84], v60 offset0:160 offset1:176    // 0000000044A4: D8DCB0A0 5300003C
	s_wait_dscnt 0xe                                           // 0000000044AC: BFC6000E
	v_dual_fmac_f32 v29, v85, v95 :: v_dual_fmac_f32 v20, v86, v96// 0000000044B0: C800BF55 1D14C156
	v_dual_fmac_f32 v28, v86, v95 :: v_dual_fmac_f32 v21, v85, v96// 0000000044B8: C800BF56 1C14C155
	ds_load_2addr_b32 v[85:86], v60 offset0:192 offset1:208    // 0000000044C0: D8DCD0C0 5500003C
	v_dual_fmac_f32 v27, v87, v95 :: v_dual_fmac_f32 v18, v88, v96// 0000000044C8: C800BF57 1B12C158
	v_dual_fmac_f32 v26, v88, v95 :: v_dual_fmac_f32 v19, v87, v96// 0000000044D0: C800BF58 1A12C157
	ds_load_2addr_b32 v[87:88], v60 offset0:224 offset1:240    // 0000000044D8: D8DCF0E0 5700003C
	v_dual_fmac_f32 v25, v89, v95 :: v_dual_fmac_f32 v16, v90, v96// 0000000044E0: C800BF59 1910C15A
	v_dual_fmac_f32 v24, v90, v95 :: v_dual_fmac_f32 v17, v89, v96// 0000000044E8: C800BF5A 1810C159
	ds_load_2addr_b32 v[89:90], v61 offset0:64 offset1:80      // 0000000044F0: D8DC5040 5900003D
	v_dual_fmac_f32 v23, v91, v95 :: v_dual_fmac_f32 v2, v92, v96// 0000000044F8: C800BF5B 1702C15C
	v_dual_fmac_f32 v22, v92, v95 :: v_dual_fmac_f32 v15, v91, v96// 000000004500: C800BF5C 160EC15B
	ds_load_2addr_b32 v[91:92], v61 offset0:96 offset1:112     // 000000004508: D8DC7060 5B00003D
	ds_load_2addr_b32 v[93:94], v62 offset1:16                 // 000000004510: D8DC1000 5D00003E
	s_wait_dscnt 0xe                                           // 000000004518: BFC6000E
	v_dual_fmac_f32 v47, v97, v65 :: v_dual_fmac_f32 v36, v98, v66// 00000000451C: C8008361 2F248562
	v_dual_fmac_f32 v46, v98, v65 :: v_dual_fmac_f32 v37, v97, v66// 000000004524: C8008362 2E248561
	v_dual_fmac_f32 v45, v63, v65 :: v_dual_fmac_f32 v34, v64, v66// 00000000452C: C800833F 2D228540
	v_dual_fmac_f32 v42, v64, v65 :: v_dual_fmac_f32 v35, v63, v66// 000000004534: C8008340 2A22853F
	v_dual_fmac_f32 v41, v99, v65 :: v_dual_fmac_f32 v32, v100, v66// 00000000453C: C8008363 29208564
	v_dual_fmac_f32 v40, v100, v65 :: v_dual_fmac_f32 v33, v99, v66// 000000004544: C8008364 28208563
	v_dual_fmac_f32 v39, v13, v65 :: v_dual_fmac_f32 v30, v14, v66// 00000000454C: C800830D 271E850E
	v_dual_fmac_f32 v38, v14, v65 :: v_dual_fmac_f32 v31, v13, v66// 000000004554: C800830E 261E850D
	ds_load_2addr_b32 v[65:66], v62 offset0:32 offset1:48      // 00000000455C: D8DC3020 4100003E
	s_wait_dscnt 0xe                                           // 000000004564: BFC6000E
	v_dual_fmac_f32 v29, v97, v67 :: v_dual_fmac_f32 v20, v98, v68// 000000004568: C8008761 1D148962
	v_dual_fmac_f32 v28, v98, v67 :: v_dual_fmac_f32 v21, v97, v68// 000000004570: C8008762 1C148961
	ds_load_2addr_b32 v[95:96], v62 offset0:64 offset1:80      // 000000004578: D8DC5040 5F00003E
	v_dual_fmac_f32 v27, v63, v67 :: v_dual_fmac_f32 v18, v64, v68// 000000004580: C800873F 1B128940
	v_dual_fmac_f32 v26, v64, v67 :: v_dual_fmac_f32 v19, v63, v68// 000000004588: C8008740 1A12893F
	ds_load_2addr_b32 v[63:64], v62 offset0:96 offset1:112     // 000000004590: D8DC7060 3F00003E
	v_dual_fmac_f32 v25, v99, v67 :: v_dual_fmac_f32 v16, v100, v68// 000000004598: C8008763 19108964
	v_dual_fmac_f32 v24, v100, v67 :: v_dual_fmac_f32 v17, v99, v68// 0000000045A0: C8008764 18108963
	ds_load_2addr_b32 v[97:98], v61 offset0:128 offset1:144    // 0000000045A8: D8DC9080 6100003D
	v_dual_fmac_f32 v23, v13, v67 :: v_dual_fmac_f32 v2, v14, v68// 0000000045B0: C800870D 1702890E
	v_dual_fmac_f32 v22, v14, v67 :: v_dual_fmac_f32 v15, v13, v68// 0000000045B8: C800870E 160E890D
	ds_load_2addr_b32 v[13:14], v61 offset0:160 offset1:176    // 0000000045C0: D8DCB0A0 0D00003D
	ds_load_2addr_b32 v[67:68], v62 offset0:128 offset1:144    // 0000000045C8: D8DC9080 4300003E
	s_wait_dscnt 0xe                                           // 0000000045D0: BFC6000E
	v_dual_fmac_f32 v47, v69, v77 :: v_dual_fmac_f32 v36, v70, v78// 0000000045D4: C8009B45 2F249D46
	v_dual_fmac_f32 v46, v70, v77 :: v_dual_fmac_f32 v37, v69, v78// 0000000045DC: C8009B46 2E249D45
	v_dual_fmac_f32 v45, v71, v77 :: v_dual_fmac_f32 v34, v72, v78// 0000000045E4: C8009B47 2D229D48
	v_dual_fmac_f32 v42, v72, v77 :: v_dual_fmac_f32 v35, v71, v78// 0000000045EC: C8009B48 2A229D47
	v_dual_fmac_f32 v41, v73, v77 :: v_dual_fmac_f32 v32, v74, v78// 0000000045F4: C8009B49 29209D4A
	v_dual_fmac_f32 v40, v74, v77 :: v_dual_fmac_f32 v33, v73, v78// 0000000045FC: C8009B4A 28209D49
	v_dual_fmac_f32 v39, v75, v77 :: v_dual_fmac_f32 v30, v76, v78// 000000004604: C8009B4B 271E9D4C
	v_dual_fmac_f32 v38, v76, v77 :: v_dual_fmac_f32 v31, v75, v78// 00000000460C: C8009B4C 261E9D4B
	ds_load_2addr_b32 v[77:78], v62 offset0:160 offset1:176    // 000000004614: D8DCB0A0 4D00003E
	s_wait_dscnt 0xe                                           // 00000000461C: BFC6000E
	v_dual_fmac_f32 v29, v69, v79 :: v_dual_fmac_f32 v20, v70, v80// 000000004620: C8009F45 1D14A146
	v_dual_fmac_f32 v28, v70, v79 :: v_dual_fmac_f32 v21, v69, v80// 000000004628: C8009F46 1C14A145
	ds_load_2addr_b32 v[69:70], v62 offset0:192 offset1:208    // 000000004630: D8DCD0C0 4500003E
	v_dual_fmac_f32 v27, v71, v79 :: v_dual_fmac_f32 v18, v72, v80// 000000004638: C8009F47 1B12A148
	v_dual_fmac_f32 v26, v72, v79 :: v_dual_fmac_f32 v19, v71, v80// 000000004640: C8009F48 1A12A147
	ds_load_2addr_b32 v[71:72], v62 offset0:224 offset1:240    // 000000004648: D8DCF0E0 4700003E
	v_dual_fmac_f32 v25, v73, v79 :: v_dual_fmac_f32 v16, v74, v80// 000000004650: C8009F49 1910A14A
	v_dual_fmac_f32 v24, v74, v79 :: v_dual_fmac_f32 v17, v73, v80// 000000004658: C8009F4A 1810A149
	ds_load_2addr_b32 v[73:74], v61 offset0:192 offset1:208    // 000000004660: D8DCD0C0 4900003D
	v_dual_fmac_f32 v23, v75, v79 :: v_dual_fmac_f32 v2, v76, v80// 000000004668: C8009F4B 1702A14C
	v_dual_fmac_f32 v22, v76, v79 :: v_dual_fmac_f32 v15, v75, v80// 000000004670: C8009F4C 160EA14B
	ds_load_2addr_b32 v[75:76], v61 offset0:224 offset1:240    // 000000004678: D8DCF0E0 4B00003D
	s_wait_dscnt 0xd                                           // 000000004680: BFC6000D
	v_dual_fmac_f32 v47, v81, v89 :: v_dual_fmac_f32 v36, v82, v90// 000000004684: C800B351 2F24B552
	v_dual_fmac_f32 v46, v82, v89 :: v_dual_fmac_f32 v37, v81, v90// 00000000468C: C800B352 2E24B551
	v_dual_fmac_f32 v45, v83, v89 :: v_dual_fmac_f32 v34, v84, v90// 000000004694: C800B353 2D22B554
	v_dual_fmac_f32 v42, v84, v89 :: v_dual_fmac_f32 v35, v83, v90// 00000000469C: C800B354 2A22B553
	v_dual_fmac_f32 v41, v85, v89 :: v_dual_fmac_f32 v32, v86, v90// 0000000046A4: C800B355 2920B556
	v_dual_fmac_f32 v40, v86, v89 :: v_dual_fmac_f32 v33, v85, v90// 0000000046AC: C800B356 2820B555
	v_dual_fmac_f32 v39, v87, v89 :: v_dual_fmac_f32 v30, v88, v90// 0000000046B4: C800B357 271EB558
	v_dual_fmac_f32 v38, v88, v89 :: v_dual_fmac_f32 v31, v87, v90// 0000000046BC: C800B358 261EB557
	s_wait_dscnt 0xc                                           // 0000000046C4: BFC6000C
	v_dual_fmac_f32 v29, v81, v91 :: v_dual_fmac_f32 v20, v82, v92// 0000000046C8: C800B751 1D14B952
	v_dual_fmac_f32 v28, v82, v91 :: v_dual_fmac_f32 v21, v81, v92// 0000000046D0: C800B752 1C14B951
	v_dual_fmac_f32 v27, v83, v91 :: v_dual_fmac_f32 v18, v84, v92// 0000000046D8: C800B753 1B12B954
	v_dual_fmac_f32 v26, v84, v91 :: v_dual_fmac_f32 v19, v83, v92// 0000000046E0: C800B754 1A12B953
	v_dual_fmac_f32 v25, v85, v91 :: v_dual_fmac_f32 v16, v86, v92// 0000000046E8: C800B755 1910B956
	v_dual_fmac_f32 v24, v86, v91 :: v_dual_fmac_f32 v17, v85, v92// 0000000046F0: C800B756 1810B955
	v_dual_fmac_f32 v23, v87, v91 :: v_dual_fmac_f32 v2, v88, v92// 0000000046F8: C800B757 1702B958
	v_dual_fmac_f32 v22, v88, v91 :: v_dual_fmac_f32 v15, v87, v92// 000000004700: C800B758 160EB957
	s_wait_dscnt 0x7                                           // 000000004708: BFC60007
	v_dual_fmac_f32 v47, v93, v97 :: v_dual_fmac_f32 v36, v94, v98// 00000000470C: C800C35D 2F24C55E
	v_dual_fmac_f32 v46, v94, v97 :: v_dual_fmac_f32 v37, v93, v98// 000000004714: C800C35E 2E24C55D
	v_dual_fmac_f32 v45, v65, v97 :: v_dual_fmac_f32 v34, v66, v98// 00000000471C: C800C341 2D22C542
	v_dual_fmac_f32 v42, v66, v97 :: v_dual_fmac_f32 v35, v65, v98// 000000004724: C800C342 2A22C541
	v_dual_fmac_f32 v41, v95, v97 :: v_dual_fmac_f32 v32, v96, v98// 00000000472C: C800C35F 2920C560
	v_dual_fmac_f32 v40, v96, v97 :: v_dual_fmac_f32 v33, v95, v98// 000000004734: C800C360 2820C55F
	v_dual_fmac_f32 v39, v63, v97 :: v_dual_fmac_f32 v30, v64, v98// 00000000473C: C800C33F 271EC540
	v_dual_fmac_f32 v38, v64, v97 :: v_dual_fmac_f32 v31, v63, v98// 000000004744: C800C340 261EC53F
	s_wait_dscnt 0x6                                           // 00000000474C: BFC60006
	v_dual_fmac_f32 v29, v93, v13 :: v_dual_fmac_f32 v20, v94, v14// 000000004750: C8001B5D 1D141D5E
	v_dual_fmac_f32 v28, v94, v13 :: v_dual_fmac_f32 v21, v93, v14// 000000004758: C8001B5E 1C141D5D
	v_dual_fmac_f32 v27, v65, v13 :: v_dual_fmac_f32 v18, v66, v14// 000000004760: C8001B41 1B121D42
	v_dual_fmac_f32 v26, v66, v13 :: v_dual_fmac_f32 v19, v65, v14// 000000004768: C8001B42 1A121D41
	v_dual_fmac_f32 v25, v95, v13 :: v_dual_fmac_f32 v16, v96, v14// 000000004770: C8001B5F 19101D60
	v_dual_fmac_f32 v24, v96, v13 :: v_dual_fmac_f32 v17, v95, v14// 000000004778: C8001B60 18101D5F
	v_dual_fmac_f32 v23, v63, v13 :: v_dual_fmac_f32 v2, v64, v14// 000000004780: C8001B3F 17021D40
	v_dual_fmac_f32 v22, v64, v13 :: v_dual_fmac_f32 v15, v63, v14// 000000004788: C8001B40 160E1D3F
	s_wait_dscnt 0x1                                           // 000000004790: BFC60001
	v_dual_fmac_f32 v47, v67, v73 :: v_dual_fmac_f32 v36, v68, v74// 000000004794: C8009343 2F249544
	v_dual_fmac_f32 v46, v68, v73 :: v_dual_fmac_f32 v37, v67, v74// 00000000479C: C8009344 2E249543
	v_dual_fmac_f32 v45, v77, v73 :: v_dual_fmac_f32 v34, v78, v74// 0000000047A4: C800934D 2D22954E
	v_dual_fmac_f32 v42, v78, v73 :: v_dual_fmac_f32 v35, v77, v74// 0000000047AC: C800934E 2A22954D
	v_dual_fmac_f32 v41, v69, v73 :: v_dual_fmac_f32 v32, v70, v74// 0000000047B4: C8009345 29209546
	v_dual_fmac_f32 v40, v70, v73 :: v_dual_fmac_f32 v33, v69, v74// 0000000047BC: C8009346 28209545
	v_dual_fmac_f32 v39, v71, v73 :: v_dual_fmac_f32 v30, v72, v74// 0000000047C4: C8009347 271E9548
	v_dual_fmac_f32 v38, v72, v73 :: v_dual_fmac_f32 v31, v71, v74// 0000000047CC: C8009348 261E9547
	s_wait_dscnt 0x0                                           // 0000000047D4: BFC60000
	v_dual_fmac_f32 v29, v67, v75 :: v_dual_fmac_f32 v20, v68, v76// 0000000047D8: C8009743 1D149944
	v_dual_fmac_f32 v28, v68, v75 :: v_dual_fmac_f32 v21, v67, v76// 0000000047E0: C8009744 1C149943
	v_dual_fmac_f32 v27, v77, v75 :: v_dual_fmac_f32 v18, v78, v76// 0000000047E8: C800974D 1B12994E
	v_dual_fmac_f32 v26, v78, v75 :: v_dual_fmac_f32 v19, v77, v76// 0000000047F0: C800974E 1A12994D
	v_dual_fmac_f32 v25, v69, v75 :: v_dual_fmac_f32 v16, v70, v76// 0000000047F8: C8009745 19109946
	v_dual_fmac_f32 v24, v70, v75 :: v_dual_fmac_f32 v17, v69, v76// 000000004800: C8009746 18109945
	v_dual_fmac_f32 v23, v71, v75 :: v_dual_fmac_f32 v2, v72, v76// 000000004808: C8009747 17029948
	v_dual_fmac_f32 v22, v72, v75 :: v_dual_fmac_f32 v15, v71, v76// 000000004810: C8009748 160E9947
	s_cbranch_scc1 65054                                       // 000000004818: BFA2FE1E <Cijk_Ailk_Bljk_SB_GB_MT128x64x8_SN_1LDSB0_APM1_ABV0_ACED0_AF0EM1_AF1EM1_AMAS0_ASE_ASGT_ASLT_ASM_ASAE01_ASCE01_ASEM1_AAC0_BL0_BS1_CLR0_DTLA0_DTLB0_DTVA0_DTVB0_DVO0_ETSP_EPS0_ELFLR0_EMLL0_FSSC10_FL0_GLVWA1_GLVWB1_GRCGA1_GRCGB1_GRPM1_GRVW1_GSU1_GSUASB_GLS0_ISA000_IU1_K1_KLS_LBSPPA0_LBSPPB0_LPA0_LPB0_LDL1_LRVW1_LWPMn1_LDW0_FMA_MIAV0_MDA2_MO40_MMFSC_MKFGSU256_NTA0_NTB0_NTC0_NTD0_NEPBS0_NLCA1_NLCB1_ONLL1_OPLV0_PK0_PAP0_PGR0_PLR0_PKA0_SIA1_SLW1_SS0_SU32_SUM0_SUS256_SCIUI1_SPO0_SRVW0_SSO0_SVW4_SNLL0_TSGRA0_TSGRB0_TT8_4_TLDS0_UMLDSA0_UMLDSB0_U64SL1_USFGRO0_VAW1_VS1_VW1_VWB1_VFLRP0_WSGRA0_WSGRB0_WS64_WG16_16_1_WGM8+0x594>
	s_branch 31                                                // 00000000481C: BFA0001F <Cijk_Ailk_Bljk_SB_GB_MT128x64x8_SN_1LDSB0_APM1_ABV0_ACED0_AF0EM1_AF1EM1_AMAS0_ASE_ASGT_ASLT_ASM_ASAE01_ASCE01_ASEM1_AAC0_BL0_BS1_CLR0_DTLA0_DTLB0_DTVA0_DTVB0_DVO0_ETSP_EPS0_ELFLR0_EMLL0_FSSC10_FL0_GLVWA1_GLVWB1_GRCGA1_GRCGB1_GRPM1_GRVW1_GSU1_GSUASB_GLS0_ISA000_IU1_K1_KLS_LBSPPA0_LBSPPB0_LPA0_LPB0_LDL1_LRVW1_LWPMn1_LDW0_FMA_MIAV0_MDA2_MO40_MMFSC_MKFGSU256_NTA0_NTB0_NTC0_NTD0_NEPBS0_NLCA1_NLCB1_ONLL1_OPLV0_PK0_PAP0_PGR0_PLR0_PKA0_SIA1_SLW1_SS0_SU32_SUM0_SUS256_SCIUI1_SPO0_SRVW0_SSO0_SVW4_SNLL0_TSGRA0_TSGRB0_TT8_4_TLDS0_UMLDSA0_UMLDSB0_U64SL1_USFGRO0_VAW1_VS1_VW1_VWB1_VFLRP0_WSGRA0_WSGRB0_WS64_WG16_16_1_WGM8+0xd9c>
	v_dual_mov_b32 v15, 0 :: v_dual_mov_b32 v16, 0             // 000000004820: CA100080 0F100080
	v_dual_mov_b32 v17, 0 :: v_dual_mov_b32 v18, 0             // 000000004828: CA100080 11120080
	v_dual_mov_b32 v19, 0 :: v_dual_mov_b32 v20, 0             // 000000004830: CA100080 13140080
	v_dual_mov_b32 v21, 0 :: v_dual_mov_b32 v22, 0             // 000000004838: CA100080 15160080
	v_dual_mov_b32 v23, 0 :: v_dual_mov_b32 v24, 0             // 000000004840: CA100080 17180080
	v_dual_mov_b32 v25, 0 :: v_dual_mov_b32 v26, 0             // 000000004848: CA100080 191A0080
	v_dual_mov_b32 v27, 0 :: v_dual_mov_b32 v28, 0             // 000000004850: CA100080 1B1C0080
	v_dual_mov_b32 v29, 0 :: v_dual_mov_b32 v30, 0             // 000000004858: CA100080 1D1E0080
	v_dual_mov_b32 v31, 0 :: v_dual_mov_b32 v32, 0             // 000000004860: CA100080 1F200080
	v_dual_mov_b32 v33, 0 :: v_dual_mov_b32 v34, 0             // 000000004868: CA100080 21220080
	v_dual_mov_b32 v35, 0 :: v_dual_mov_b32 v36, 0             // 000000004870: CA100080 23240080
	v_dual_mov_b32 v37, 0 :: v_dual_mov_b32 v38, 0             // 000000004878: CA100080 25260080
	v_dual_mov_b32 v39, 0 :: v_dual_mov_b32 v40, 0             // 000000004880: CA100080 27280080
	v_dual_mov_b32 v41, 0 :: v_dual_mov_b32 v42, 0             // 000000004888: CA100080 292A0080
	v_dual_mov_b32 v45, 0 :: v_dual_mov_b32 v46, 0             // 000000004890: CA100080 2D2E0080
	v_mov_b32_e32 v47, 0                                       // 000000004898: 7E5E0280
	v_dual_mov_b32 v13, 0 :: v_dual_mov_b32 v14, 0             // 00000000489C: CA100080 0D0E0080
	s_wait_alu 0xfffe                                          // 0000000048A4: BF88FFFE
	s_sub_co_i32 s2, s8, s2                                    // 0000000048A8: 81820208
	s_mov_b32 s3, 0                                            // 0000000048AC: BE830080
	s_and_b32 s9, s28, 7                                       // 0000000048B0: 8B09871C
	s_wait_alu 0xfffe                                          // 0000000048B4: BF88FFFE
	s_mul_u64 s[6:7], s[6:7], s[2:3]                           // 0000000048B8: AA860206
	s_mov_b32 s8, exec_lo                                      // 0000000048BC: BE88007E
	v_cmpx_gt_u32_e64 s9, v55                                  // 0000000048C0: D4CC007E 00026E09
	s_cbranch_execz 11                                         // 0000000048C8: BFA5000B <Cijk_Ailk_Bljk_SB_GB_MT128x64x8_SN_1LDSB0_APM1_ABV0_ACED0_AF0EM1_AF1EM1_AMAS0_ASE_ASGT_ASLT_ASM_ASAE01_ASCE01_ASEM1_AAC0_BL0_BS1_CLR0_DTLA0_DTLB0_DTVA0_DTVB0_DVO0_ETSP_EPS0_ELFLR0_EMLL0_FSSC10_FL0_GLVWA1_GLVWB1_GRCGA1_GRCGB1_GRPM1_GRVW1_GSU1_GSUASB_GLS0_ISA000_IU1_K1_KLS_LBSPPA0_LBSPPB0_LPA0_LPB0_LDL1_LRVW1_LWPMn1_LDW0_FMA_MIAV0_MDA2_MO40_MMFSC_MKFGSU256_NTA0_NTB0_NTC0_NTD0_NEPBS0_NLCA1_NLCB1_ONLL1_OPLV0_PK0_PAP0_PGR0_PLR0_PKA0_SIA1_SLW1_SS0_SU32_SUM0_SUS256_SCIUI1_SPO0_SRVW0_SSO0_SVW4_SNLL0_TSGRA0_TSGRB0_TT8_4_TLDS0_UMLDSA0_UMLDSB0_U64SL1_USFGRO0_VAW1_VS1_VW1_VWB1_VFLRP0_WSGRA0_WSGRB0_WS64_WG16_16_1_WGM8+0xdf8>
	s_wait_alu 0xfffe                                          // 0000000048CC: BF88FFFE
	s_lshl_b64 s[16:17], s[6:7], 2                             // 0000000048D0: 84908206
	s_wait_alu 0xfffe                                          // 0000000048D4: BF88FFFE
	v_add_co_u32 v11, vcc_lo, v11, s16                         // 0000000048D8: D7006A0B 0000210B
	s_wait_alu 0xfffd                                          // 0000000048E0: BF88FFFD
	v_add_co_ci_u32_e64 v12, null, s17, v12, vcc_lo            // 0000000048E4: D5207C0C 01AA1811
	flat_load_b32 v14, v[11:12]                                // 0000000048EC: EC05007C 0000000E 0000000B
	s_wait_alu 0xfffe                                          // 0000000048F8: BF88FFFE
	s_or_b32 exec_lo, exec_lo, s8                              // 0000000048FC: 8C7E087E
	s_delay_alu instid0(SALU_CYCLE_1)                          // 000000004900: BF870009
	s_mov_b32 s8, exec_lo                                      // 000000004904: BE88007E
	v_cmpx_gt_u32_e64 s9, v53                                  // 000000004908: D4CC007E 00026A09
	s_cbranch_execz 10                                         // 000000004910: BFA5000A <Cijk_Ailk_Bljk_SB_GB_MT128x64x8_SN_1LDSB0_APM1_ABV0_ACED0_AF0EM1_AF1EM1_AMAS0_ASE_ASGT_ASLT_ASM_ASAE01_ASCE01_ASEM1_AAC0_BL0_BS1_CLR0_DTLA0_DTLB0_DTVA0_DTVB0_DVO0_ETSP_EPS0_ELFLR0_EMLL0_FSSC10_FL0_GLVWA1_GLVWB1_GRCGA1_GRCGB1_GRPM1_GRVW1_GSU1_GSUASB_GLS0_ISA000_IU1_K1_KLS_LBSPPA0_LBSPPB0_LPA0_LPB0_LDL1_LRVW1_LWPMn1_LDW0_FMA_MIAV0_MDA2_MO40_MMFSC_MKFGSU256_NTA0_NTB0_NTC0_NTD0_NEPBS0_NLCA1_NLCB1_ONLL1_OPLV0_PK0_PAP0_PGR0_PLR0_PKA0_SIA1_SLW1_SS0_SU32_SUM0_SUS256_SCIUI1_SPO0_SRVW0_SSO0_SVW4_SNLL0_TSGRA0_TSGRB0_TT8_4_TLDS0_UMLDSA0_UMLDSB0_U64SL1_USFGRO0_VAW1_VS1_VW1_VWB1_VFLRP0_WSGRA0_WSGRB0_WS64_WG16_16_1_WGM8+0xe3c>
	s_lshl_b64 s[16:17], s[6:7], 2                             // 000000004914: 84908206
	s_wait_alu 0xfffe                                          // 000000004918: BF88FFFE
	v_add_co_u32 v9, vcc_lo, v9, s16                           // 00000000491C: D7006A09 00002109
	s_wait_alu 0xfffd                                          // 000000004924: BF88FFFD
	v_add_co_ci_u32_e64 v10, null, s17, v10, vcc_lo            // 000000004928: D5207C0A 01AA1411
	flat_load_b32 v13, v[9:10]                                 // 000000004930: EC05007C 0000000D 00000009
	s_wait_alu 0xfffe                                          // 00000000493C: BF88FFFE
	s_or_b32 exec_lo, exec_lo, s8                              // 000000004940: 8C7E087E
	v_dual_mov_b32 v9, 0 :: v_dual_mov_b32 v10, 0              // 000000004944: CA100080 090A0080
	s_mov_b32 s8, exec_lo                                      // 00000000494C: BE88007E
	v_cmpx_gt_u32_e64 s9, v52                                  // 000000004950: D4CC007E 00026809
	s_cbranch_execz 10                                         // 000000004958: BFA5000A <Cijk_Ailk_Bljk_SB_GB_MT128x64x8_SN_1LDSB0_APM1_ABV0_ACED0_AF0EM1_AF1EM1_AMAS0_ASE_ASGT_ASLT_ASM_ASAE01_ASCE01_ASEM1_AAC0_BL0_BS1_CLR0_DTLA0_DTLB0_DTVA0_DTVB0_DVO0_ETSP_EPS0_ELFLR0_EMLL0_FSSC10_FL0_GLVWA1_GLVWB1_GRCGA1_GRCGB1_GRPM1_GRVW1_GSU1_GSUASB_GLS0_ISA000_IU1_K1_KLS_LBSPPA0_LBSPPB0_LPA0_LPB0_LDL1_LRVW1_LWPMn1_LDW0_FMA_MIAV0_MDA2_MO40_MMFSC_MKFGSU256_NTA0_NTB0_NTC0_NTD0_NEPBS0_NLCA1_NLCB1_ONLL1_OPLV0_PK0_PAP0_PGR0_PLR0_PKA0_SIA1_SLW1_SS0_SU32_SUM0_SUS256_SCIUI1_SPO0_SRVW0_SSO0_SVW4_SNLL0_TSGRA0_TSGRB0_TT8_4_TLDS0_UMLDSA0_UMLDSB0_U64SL1_USFGRO0_VAW1_VS1_VW1_VWB1_VFLRP0_WSGRA0_WSGRB0_WS64_WG16_16_1_WGM8+0xe84>
	s_lshl_b64 s[16:17], s[6:7], 2                             // 00000000495C: 84908206
	s_wait_alu 0xfffe                                          // 000000004960: BF88FFFE
	v_add_co_u32 v7, vcc_lo, v7, s16                           // 000000004964: D7006A07 00002107
	s_wait_alu 0xfffd                                          // 00000000496C: BF88FFFD
	v_add_co_ci_u32_e64 v8, null, s17, v8, vcc_lo              // 000000004970: D5207C08 01AA1011
	flat_load_b32 v10, v[7:8]                                  // 000000004978: EC05007C 0000000A 00000007
	s_wait_alu 0xfffe                                          // 000000004984: BF88FFFE
	s_or_b32 exec_lo, exec_lo, s8                              // 000000004988: 8C7E087E
	s_delay_alu instid0(SALU_CYCLE_1)                          // 00000000498C: BF870009
	s_mov_b32 s8, exec_lo                                      // 000000004990: BE88007E
	v_cmpx_gt_u32_e64 s9, v50                                  // 000000004994: D4CC007E 00026409
	s_cbranch_execz 10                                         // 00000000499C: BFA5000A <Cijk_Ailk_Bljk_SB_GB_MT128x64x8_SN_1LDSB0_APM1_ABV0_ACED0_AF0EM1_AF1EM1_AMAS0_ASE_ASGT_ASLT_ASM_ASAE01_ASCE01_ASEM1_AAC0_BL0_BS1_CLR0_DTLA0_DTLB0_DTVA0_DTVB0_DVO0_ETSP_EPS0_ELFLR0_EMLL0_FSSC10_FL0_GLVWA1_GLVWB1_GRCGA1_GRCGB1_GRPM1_GRVW1_GSU1_GSUASB_GLS0_ISA000_IU1_K1_KLS_LBSPPA0_LBSPPB0_LPA0_LPB0_LDL1_LRVW1_LWPMn1_LDW0_FMA_MIAV0_MDA2_MO40_MMFSC_MKFGSU256_NTA0_NTB0_NTC0_NTD0_NEPBS0_NLCA1_NLCB1_ONLL1_OPLV0_PK0_PAP0_PGR0_PLR0_PKA0_SIA1_SLW1_SS0_SU32_SUM0_SUS256_SCIUI1_SPO0_SRVW0_SSO0_SVW4_SNLL0_TSGRA0_TSGRB0_TT8_4_TLDS0_UMLDSA0_UMLDSB0_U64SL1_USFGRO0_VAW1_VS1_VW1_VWB1_VFLRP0_WSGRA0_WSGRB0_WS64_WG16_16_1_WGM8+0xec8>
	s_lshl_b64 s[6:7], s[6:7], 2                               // 0000000049A0: 84868206
	s_wait_alu 0xfffe                                          // 0000000049A4: BF88FFFE
	v_add_co_u32 v5, vcc_lo, v5, s6                            // 0000000049A8: D7006A05 00000D05
	s_wait_alu 0xfffd                                          // 0000000049B0: BF88FFFD
	v_add_co_ci_u32_e64 v6, null, s7, v6, vcc_lo               // 0000000049B4: D5207C06 01AA0C07
	flat_load_b32 v9, v[5:6]                                   // 0000000049BC: EC05007C 00000009 00000005
	s_wait_alu 0xfffe                                          // 0000000049C8: BF88FFFE
	s_or_b32 exec_lo, exec_lo, s8                              // 0000000049CC: 8C7E087E
	v_cmp_gt_u32_e32 vcc_lo, s9, v49                           // 0000000049D0: 7C986209
	v_dual_mov_b32 v5, 0 :: v_dual_mov_b32 v6, 0               // 0000000049D4: CA100080 05060080
	s_lshl_b64 s[6:7], s[2:3], 3                               // 0000000049DC: 84868302
	s_and_saveexec_b32 s3, vcc_lo                              // 0000000049E0: BE83206A
	s_cbranch_execz 11                                         // 0000000049E4: BFA5000B <Cijk_Ailk_Bljk_SB_GB_MT128x64x8_SN_1LDSB0_APM1_ABV0_ACED0_AF0EM1_AF1EM1_AMAS0_ASE_ASGT_ASLT_ASM_ASAE01_ASCE01_ASEM1_AAC0_BL0_BS1_CLR0_DTLA0_DTLB0_DTVA0_DTVB0_DVO0_ETSP_EPS0_ELFLR0_EMLL0_FSSC10_FL0_GLVWA1_GLVWB1_GRCGA1_GRCGB1_GRPM1_GRVW1_GSU1_GSUASB_GLS0_ISA000_IU1_K1_KLS_LBSPPA0_LBSPPB0_LPA0_LPB0_LDL1_LRVW1_LWPMn1_LDW0_FMA_MIAV0_MDA2_MO40_MMFSC_MKFGSU256_NTA0_NTB0_NTC0_NTD0_NEPBS0_NLCA1_NLCB1_ONLL1_OPLV0_PK0_PAP0_PGR0_PLR0_PKA0_SIA1_SLW1_SS0_SU32_SUM0_SUS256_SCIUI1_SPO0_SRVW0_SSO0_SVW4_SNLL0_TSGRA0_TSGRB0_TT8_4_TLDS0_UMLDSA0_UMLDSB0_U64SL1_USFGRO0_VAW1_VS1_VW1_VWB1_VFLRP0_WSGRA0_WSGRB0_WS64_WG16_16_1_WGM8+0xf14>
	s_wait_alu 0xfffe                                          // 0000000049E8: BF88FFFE
	s_lshl_b64 s[16:17], s[6:7], 2                             // 0000000049EC: 84908206
	s_wait_alu 0xfffe                                          // 0000000049F0: BF88FFFE
	v_add_co_u32 v3, s2, v3, s16                               // 0000000049F4: D7000203 00002103
	s_wait_alu 0xf1ff                                          // 0000000049FC: BF88F1FF
	v_add_co_ci_u32_e64 v4, null, s17, v4, s2                  // 000000004A00: D5207C04 000A0811
	flat_load_b32 v6, v[3:4]                                   // 000000004A08: EC05007C 00000006 00000003
	s_wait_alu 0xfffe                                          // 000000004A14: BF88FFFE
	s_or_b32 exec_lo, exec_lo, s3                              // 000000004A18: 8C7E037E
	s_and_saveexec_b32 s2, vcc_lo                              // 000000004A1C: BE82206A
	s_cbranch_execz 10                                         // 000000004A20: BFA5000A <Cijk_Ailk_Bljk_SB_GB_MT128x64x8_SN_1LDSB0_APM1_ABV0_ACED0_AF0EM1_AF1EM1_AMAS0_ASE_ASGT_ASLT_ASM_ASAE01_ASCE01_ASEM1_AAC0_BL0_BS1_CLR0_DTLA0_DTLB0_DTVA0_DTVB0_DVO0_ETSP_EPS0_ELFLR0_EMLL0_FSSC10_FL0_GLVWA1_GLVWB1_GRCGA1_GRCGB1_GRPM1_GRVW1_GSU1_GSUASB_GLS0_ISA000_IU1_K1_KLS_LBSPPA0_LBSPPB0_LPA0_LPB0_LDL1_LRVW1_LWPMn1_LDW0_FMA_MIAV0_MDA2_MO40_MMFSC_MKFGSU256_NTA0_NTB0_NTC0_NTD0_NEPBS0_NLCA1_NLCB1_ONLL1_OPLV0_PK0_PAP0_PGR0_PLR0_PKA0_SIA1_SLW1_SS0_SU32_SUM0_SUS256_SCIUI1_SPO0_SRVW0_SSO0_SVW4_SNLL0_TSGRA0_TSGRB0_TT8_4_TLDS0_UMLDSA0_UMLDSB0_U64SL1_USFGRO0_VAW1_VS1_VW1_VWB1_VFLRP0_WSGRA0_WSGRB0_WS64_WG16_16_1_WGM8+0xf4c>
	s_lshl_b64 s[6:7], s[6:7], 2                               // 000000004A24: 84868206
	s_wait_alu 0xfffe                                          // 000000004A28: BF88FFFE
	v_add_co_u32 v0, vcc_lo, v0, s6                            // 000000004A2C: D7006A00 00000D00
	s_wait_alu 0xfffd                                          // 000000004A34: BF88FFFD
	v_add_co_ci_u32_e64 v1, null, s7, v1, vcc_lo               // 000000004A38: D5207C01 01AA0207
	flat_load_b32 v5, v[0:1]                                   // 000000004A40: EC05007C 00000005 00000000
	s_wait_alu 0xfffe                                          // 000000004A4C: BF88FFFE
	s_or_b32 exec_lo, exec_lo, s2                              // 000000004A50: 8C7E027E
	v_add_nc_u32_e32 v0, 0x1000, v56                           // 000000004A54: 4A0070FF 00001000
	s_cmp_eq_u32 s9, 0                                         // 000000004A5C: BF068009
	s_wait_loadcnt_dscnt 0x0                                   // 000000004A60: BFC80000
	s_barrier_signal -1                                        // 000000004A64: BE804EC1
	s_barrier_wait 0xffff                                      // 000000004A68: BF94FFFF
	global_inv scope:SCOPE_SE                                  // 000000004A6C: EE0AC07C 00040000 00000000
	ds_store_2addr_stride64_b32 v51, v14, v13 offset1:4        // 000000004A78: D83C0400 000D0E33
	ds_store_2addr_stride64_b32 v51, v10, v9 offset0:8 offset1:12// 000000004A80: D83C0C08 00090A33
	ds_store_2addr_b32 v0, v6, v5 offset1:32                   // 000000004A88: D8382000 00050600
	s_wait_loadcnt_dscnt 0x0                                   // 000000004A90: BFC80000
	s_barrier_signal -1                                        // 000000004A94: BE804EC1
	s_barrier_wait 0xffff                                      // 000000004A98: BF94FFFF
	global_inv scope:SCOPE_SE                                  // 000000004A9C: EE0AC07C 00040000 00000000
	s_cbranch_scc1 61                                          // 000000004AA8: BFA2003D <Cijk_Ailk_Bljk_SB_GB_MT128x64x8_SN_1LDSB0_APM1_ABV0_ACED0_AF0EM1_AF1EM1_AMAS0_ASE_ASGT_ASLT_ASM_ASAE01_ASCE01_ASEM1_AAC0_BL0_BS1_CLR0_DTLA0_DTLB0_DTVA0_DTVB0_DVO0_ETSP_EPS0_ELFLR0_EMLL0_FSSC10_FL0_GLVWA1_GLVWB1_GRCGA1_GRCGB1_GRPM1_GRVW1_GSU1_GSUASB_GLS0_ISA000_IU1_K1_KLS_LBSPPA0_LBSPPB0_LPA0_LPB0_LDL1_LRVW1_LWPMn1_LDW0_FMA_MIAV0_MDA2_MO40_MMFSC_MKFGSU256_NTA0_NTB0_NTC0_NTD0_NEPBS0_NLCA1_NLCB1_ONLL1_OPLV0_PK0_PAP0_PGR0_PLR0_PKA0_SIA1_SLW1_SS0_SU32_SUM0_SUS256_SCIUI1_SPO0_SRVW0_SSO0_SVW4_SNLL0_TSGRA0_TSGRB0_TT8_4_TLDS0_UMLDSA0_UMLDSB0_U64SL1_USFGRO0_VAW1_VS1_VW1_VWB1_VFLRP0_WSGRA0_WSGRB0_WS64_WG16_16_1_WGM8+0x10a0>
	v_or_b32_e32 v0, 0x1000, v54                               // 000000004AAC: 38006CFF 00001000
	s_add_co_i32 s2, s9, 1                                     // 000000004AB4: 81028109
	ds_load_2addr_b32 v[3:4], v48 offset1:16                   // 000000004AB8: D8DC1000 03000030
	ds_load_2addr_b32 v[5:6], v0 offset1:16                    // 000000004AC0: D8DC1000 05000000
	ds_load_2addr_b32 v[7:8], v48 offset0:32 offset1:48        // 000000004AC8: D8DC3020 07000030
	ds_load_2addr_b32 v[9:10], v48 offset0:64 offset1:80       // 000000004AD0: D8DC5040 09000030
	ds_load_2addr_b32 v[11:12], v48 offset0:96 offset1:112     // 000000004AD8: D8DC7060 0B000030
	ds_load_2addr_b32 v[13:14], v0 offset0:32 offset1:48       // 000000004AE0: D8DC3020 0D000000
	v_add_nc_u32_e32 v48, 0x200, v48                           // 000000004AE8: 4A6060FF 00000200
	v_add_nc_u32_e32 v0, 0x100, v0                             // 000000004AF0: 4A0000FF 00000100
	s_wait_alu 0xfffe                                          // 000000004AF8: BF88FFFE
	s_add_co_i32 s2, s2, -1                                    // 000000004AFC: 8102C102
	s_wait_alu 0xfffe                                          // 000000004B00: BF88FFFE
	s_cmp_gt_u32 s2, 1                                         // 000000004B04: BF088102
	s_wait_dscnt 0x4                                           // 000000004B08: BFC60004
	v_fmac_f32_e32 v47, v3, v5                                 // 000000004B0C: 565E0B03
	v_dual_fmac_f32 v46, v4, v5 :: v_dual_fmac_f32 v37, v3, v6 // 000000004B10: C8000B04 2E240D03
	s_wait_dscnt 0x3                                           // 000000004B18: BFC60003
	v_fmac_f32_e32 v45, v7, v5                                 // 000000004B1C: 565A0B07
	v_dual_fmac_f32 v42, v8, v5 :: v_dual_fmac_f32 v35, v7, v6 // 000000004B20: C8000B08 2A220D07
	s_wait_dscnt 0x2                                           // 000000004B28: BFC60002
	v_dual_fmac_f32 v41, v9, v5 :: v_dual_fmac_f32 v36, v4, v6 // 000000004B2C: C8000B09 29240D04
	v_dual_fmac_f32 v40, v10, v5 :: v_dual_fmac_f32 v33, v9, v6// 000000004B34: C8000B0A 28200D09
	s_wait_dscnt 0x1                                           // 000000004B3C: BFC60001
	v_dual_fmac_f32 v39, v11, v5 :: v_dual_fmac_f32 v34, v8, v6// 000000004B40: C8000B0B 27220D08
	v_dual_fmac_f32 v38, v12, v5 :: v_dual_fmac_f32 v31, v11, v6// 000000004B48: C8000B0C 261E0D0B
	s_wait_dscnt 0x0                                           // 000000004B50: BFC60000
	v_dual_fmac_f32 v32, v10, v6 :: v_dual_fmac_f32 v29, v3, v13// 000000004B54: C8000D0A 201C1B03
	v_dual_fmac_f32 v30, v12, v6 :: v_dual_fmac_f32 v27, v7, v13// 000000004B5C: C8000D0C 1E1A1B07
	v_dual_fmac_f32 v28, v4, v13 :: v_dual_fmac_f32 v21, v3, v14// 000000004B64: C8001B04 1C141D03
	v_dual_fmac_f32 v26, v8, v13 :: v_dual_fmac_f32 v19, v7, v14// 000000004B6C: C8001B08 1A121D07
	v_dual_fmac_f32 v25, v9, v13 :: v_dual_fmac_f32 v20, v4, v14// 000000004B74: C8001B09 19141D04
	v_dual_fmac_f32 v24, v10, v13 :: v_dual_fmac_f32 v17, v9, v14// 000000004B7C: C8001B0A 18101D09
	v_dual_fmac_f32 v23, v11, v13 :: v_dual_fmac_f32 v18, v8, v14// 000000004B84: C8001B0B 17121D08
	v_dual_fmac_f32 v22, v12, v13 :: v_dual_fmac_f32 v15, v11, v14// 000000004B8C: C8001B0C 160E1D0B
	v_fmac_f32_e32 v16, v10, v14                               // 000000004B94: 56201D0A
	v_fmac_f32_e32 v2, v12, v14                                // 000000004B98: 56041D0C
	s_cbranch_scc1 65478                                       // 000000004B9C: BFA2FFC6 <Cijk_Ailk_Bljk_SB_GB_MT128x64x8_SN_1LDSB0_APM1_ABV0_ACED0_AF0EM1_AF1EM1_AMAS0_ASE_ASGT_ASLT_ASM_ASAE01_ASCE01_ASEM1_AAC0_BL0_BS1_CLR0_DTLA0_DTLB0_DTVA0_DTVB0_DVO0_ETSP_EPS0_ELFLR0_EMLL0_FSSC10_FL0_GLVWA1_GLVWB1_GRCGA1_GRCGB1_GRPM1_GRVW1_GSU1_GSUASB_GLS0_ISA000_IU1_K1_KLS_LBSPPA0_LBSPPB0_LPA0_LPB0_LDL1_LRVW1_LWPMn1_LDW0_FMA_MIAV0_MDA2_MO40_MMFSC_MKFGSU256_NTA0_NTB0_NTC0_NTD0_NEPBS0_NLCA1_NLCB1_ONLL1_OPLV0_PK0_PAP0_PGR0_PLR0_PKA0_SIA1_SLW1_SS0_SU32_SUM0_SUS256_SCIUI1_SPO0_SRVW0_SSO0_SVW4_SNLL0_TSGRA0_TSGRB0_TT8_4_TLDS0_UMLDSA0_UMLDSB0_U64SL1_USFGRO0_VAW1_VS1_VW1_VWB1_VFLRP0_WSGRA0_WSGRB0_WS64_WG16_16_1_WGM8+0xfb8>
	s_load_b32 s9, s[0:1], 0x50                                // 000000004BA0: F4000240 F8000050
	v_or_b32_e32 v0, s23, v43                                  // 000000004BA8: 38005617
	v_or_b32_e32 v5, s30, v44                                  // 000000004BAC: 380A581E
	s_lshl_b64 s[2:3], s[12:13], 2                             // 000000004BB0: 8482820C
	s_lshl_b64 s[6:7], s[14:15], 2                             // 000000004BB4: 8486820E
	s_wait_alu 0xfffe                                          // 000000004BB8: BF88FFFE
	s_add_nc_u64 s[12:13], s[4:5], s[2:3]                      // 000000004BBC: A98C0204
	v_cmp_gt_u32_e64 s0, s10, v0                               // 000000004BC0: D44C0000 0002000A
	v_cmp_gt_u32_e64 s8, s11, v5                               // 000000004BC8: D44C0008 00020A0B
	s_add_nc_u64 s[14:15], s[24:25], s[6:7]                    // 000000004BD0: A98E0618
	s_and_b32 s2, s0, s8                                       // 000000004BD4: 8B020800
	s_wait_alu 0xfffe                                          // 000000004BD8: BF88FFFE
	s_and_saveexec_b32 s1, s2                                  // 000000004BDC: BE812002
	s_cbranch_execz 47                                         // 000000004BE0: BFA5002F <Cijk_Ailk_Bljk_SB_GB_MT128x64x8_SN_1LDSB0_APM1_ABV0_ACED0_AF0EM1_AF1EM1_AMAS0_ASE_ASGT_ASLT_ASM_ASAE01_ASCE01_ASEM1_AAC0_BL0_BS1_CLR0_DTLA0_DTLB0_DTVA0_DTVB0_DVO0_ETSP_EPS0_ELFLR0_EMLL0_FSSC10_FL0_GLVWA1_GLVWB1_GRCGA1_GRCGB1_GRPM1_GRVW1_GSU1_GSUASB_GLS0_ISA000_IU1_K1_KLS_LBSPPA0_LBSPPB0_LPA0_LPB0_LDL1_LRVW1_LWPMn1_LDW0_FMA_MIAV0_MDA2_MO40_MMFSC_MKFGSU256_NTA0_NTB0_NTC0_NTD0_NEPBS0_NLCA1_NLCB1_ONLL1_OPLV0_PK0_PAP0_PGR0_PLR0_PKA0_SIA1_SLW1_SS0_SU32_SUM0_SUS256_SCIUI1_SPO0_SRVW0_SSO0_SVW4_SNLL0_TSGRA0_TSGRB0_TT8_4_TLDS0_UMLDSA0_UMLDSB0_U64SL1_USFGRO0_VAW1_VS1_VW1_VWB1_VFLRP0_WSGRA0_WSGRB0_WS64_WG16_16_1_WGM8+0x11a0>
	v_mov_b32_e32 v1, 0                                        // 000000004BE4: 7E020280
	s_cmp_eq_f32 s21, 0                                        // 000000004BE8: BF428015
	s_delay_alu instid0(VALU_DEP_1)                            // 000000004BEC: BF870001
	v_lshlrev_b64_e32 v[3:4], 2, v[0:1]                        // 000000004BF0: 3E060082
	v_mul_f32_e32 v1, s20, v47                                 // 000000004BF4: 10025E14
	s_cbranch_scc1 22                                          // 000000004BF8: BFA20016 <Cijk_Ailk_Bljk_SB_GB_MT128x64x8_SN_1LDSB0_APM1_ABV0_ACED0_AF0EM1_AF1EM1_AMAS0_ASE_ASGT_ASLT_ASM_ASAE01_ASCE01_ASEM1_AAC0_BL0_BS1_CLR0_DTLA0_DTLB0_DTVA0_DTVB0_DVO0_ETSP_EPS0_ELFLR0_EMLL0_FSSC10_FL0_GLVWA1_GLVWB1_GRCGA1_GRCGB1_GRPM1_GRVW1_GSU1_GSUASB_GLS0_ISA000_IU1_K1_KLS_LBSPPA0_LBSPPB0_LPA0_LPB0_LDL1_LRVW1_LWPMn1_LDW0_FMA_MIAV0_MDA2_MO40_MMFSC_MKFGSU256_NTA0_NTB0_NTC0_NTD0_NEPBS0_NLCA1_NLCB1_ONLL1_OPLV0_PK0_PAP0_PGR0_PLR0_PKA0_SIA1_SLW1_SS0_SU32_SUM0_SUS256_SCIUI1_SPO0_SRVW0_SSO0_SVW4_SNLL0_TSGRA0_TSGRB0_TT8_4_TLDS0_UMLDSA0_UMLDSB0_U64SL1_USFGRO0_VAW1_VS1_VW1_VWB1_VFLRP0_WSGRA0_WSGRB0_WS64_WG16_16_1_WGM8+0x1154>
	s_wait_kmcnt 0x0                                           // 000000004BFC: BFC70000
	v_mad_co_u64_u32 v[6:7], null, v5, s9, 0                   // 000000004C00: D6FE7C06 02001305
	s_delay_alu instid0(VALU_DEP_1) | instskip(NEXT) | instid1(VALU_DEP_1)// 000000004C08: BF870091
	v_lshlrev_b64_e32 v[6:7], 2, v[6:7]                        // 000000004C0C: 3E0C0C82
	v_add_co_u32 v6, vcc_lo, s14, v6                           // 000000004C10: D7006A06 00020C0E
	s_wait_alu 0xfffd                                          // 000000004C18: BF88FFFD
	s_delay_alu instid0(VALU_DEP_2) | instskip(NEXT) | instid1(VALU_DEP_2)// 000000004C1C: BF870112
	v_add_co_ci_u32_e64 v7, null, s15, v7, vcc_lo              // 000000004C20: D5207C07 01AA0E0F
	v_add_co_u32 v6, vcc_lo, v6, v3                            // 000000004C28: D7006A06 00020706
	s_wait_alu 0xfffd                                          // 000000004C30: BF88FFFD
	s_delay_alu instid0(VALU_DEP_2)                            // 000000004C34: BF870002
	v_add_co_ci_u32_e64 v7, null, v7, v4, vcc_lo               // 000000004C38: D5207C07 01AA0907
	flat_load_b32 v6, v[6:7]                                   // 000000004C40: EC05007C 00000006 00000006
	s_wait_loadcnt_dscnt 0x0                                   // 000000004C4C: BFC80000
	v_fmac_f32_e32 v1, s21, v6                                 // 000000004C50: 56020C15
	v_mad_co_u64_u32 v[6:7], null, v5, s22, 0                  // 000000004C54: D6FE7C06 02002D05
	s_delay_alu instid0(VALU_DEP_1) | instskip(NEXT) | instid1(VALU_DEP_1)// 000000004C5C: BF870091
	v_lshlrev_b64_e32 v[6:7], 2, v[6:7]                        // 000000004C60: 3E0C0C82
	v_add_co_u32 v6, vcc_lo, s12, v6                           // 000000004C64: D7006A06 00020C0C
	s_wait_alu 0xfffd                                          // 000000004C6C: BF88FFFD
	s_delay_alu instid0(VALU_DEP_2) | instskip(NEXT) | instid1(VALU_DEP_2)// 000000004C70: BF870112
	v_add_co_ci_u32_e64 v7, null, s13, v7, vcc_lo              // 000000004C74: D5207C07 01AA0E0D
	v_add_co_u32 v3, vcc_lo, v6, v3                            // 000000004C7C: D7006A03 00020706
	s_wait_alu 0xfffd                                          // 000000004C84: BF88FFFD
	s_delay_alu instid0(VALU_DEP_2)                            // 000000004C88: BF870002
	v_add_co_ci_u32_e64 v4, null, v7, v4, vcc_lo               // 000000004C8C: D5207C04 01AA0907
	flat_store_b32 v[3:4], v1                                  // 000000004C94: EC06807C 00800000 00000003
	s_or_b32 exec_lo, exec_lo, s1                              // 000000004CA0: 8C7E017E
	v_or_b32_e32 v1, 16, v0                                    // 000000004CA4: 38020090
	s_delay_alu instid0(VALU_DEP_1)                            // 000000004CA8: BF870001
	v_cmp_gt_u32_e64 s1, s10, v1                               // 000000004CAC: D44C0001 0002020A
	s_and_b32 s3, s1, s8                                       // 000000004CB4: 8B030801
	s_wait_alu 0xfffe                                          // 000000004CB8: BF88FFFE
	s_and_saveexec_b32 s2, s3                                  // 000000004CBC: BE822003
	s_cbranch_execz 52                                         // 000000004CC0: BFA50034 <Cijk_Ailk_Bljk_SB_GB_MT128x64x8_SN_1LDSB0_APM1_ABV0_ACED0_AF0EM1_AF1EM1_AMAS0_ASE_ASGT_ASLT_ASM_ASAE01_ASCE01_ASEM1_AAC0_BL0_BS1_CLR0_DTLA0_DTLB0_DTVA0_DTVB0_DVO0_ETSP_EPS0_ELFLR0_EMLL0_FSSC10_FL0_GLVWA1_GLVWB1_GRCGA1_GRCGB1_GRPM1_GRVW1_GSU1_GSUASB_GLS0_ISA000_IU1_K1_KLS_LBSPPA0_LBSPPB0_LPA0_LPB0_LDL1_LRVW1_LWPMn1_LDW0_FMA_MIAV0_MDA2_MO40_MMFSC_MKFGSU256_NTA0_NTB0_NTC0_NTD0_NEPBS0_NLCA1_NLCB1_ONLL1_OPLV0_PK0_PAP0_PGR0_PLR0_PKA0_SIA1_SLW1_SS0_SU32_SUM0_SUS256_SCIUI1_SPO0_SRVW0_SSO0_SVW4_SNLL0_TSGRA0_TSGRB0_TT8_4_TLDS0_UMLDSA0_UMLDSB0_U64SL1_USFGRO0_VAW1_VS1_VW1_VWB1_VFLRP0_WSGRA0_WSGRB0_WS64_WG16_16_1_WGM8+0x1294>
	v_mov_b32_e32 v1, 0                                        // 000000004CC4: 7E020280
	s_cmp_neq_f32 s21, 0                                       // 000000004CC8: BF4D8015
	s_mov_b32 s3, 0                                            // 000000004CCC: BE830080
	s_cbranch_scc1 1912                                        // 000000004CD0: BFA20778 <Cijk_Ailk_Bljk_SB_GB_MT128x64x8_SN_1LDSB0_APM1_ABV0_ACED0_AF0EM1_AF1EM1_AMAS0_ASE_ASGT_ASLT_ASM_ASAE01_ASCE01_ASEM1_AAC0_BL0_BS1_CLR0_DTLA0_DTLB0_DTVA0_DTVB0_DVO0_ETSP_EPS0_ELFLR0_EMLL0_FSSC10_FL0_GLVWA1_GLVWB1_GRCGA1_GRCGB1_GRPM1_GRVW1_GSU1_GSUASB_GLS0_ISA000_IU1_K1_KLS_LBSPPA0_LBSPPB0_LPA0_LPB0_LDL1_LRVW1_LWPMn1_LDW0_FMA_MIAV0_MDA2_MO40_MMFSC_MKFGSU256_NTA0_NTB0_NTC0_NTD0_NEPBS0_NLCA1_NLCB1_ONLL1_OPLV0_PK0_PAP0_PGR0_PLR0_PKA0_SIA1_SLW1_SS0_SU32_SUM0_SUS256_SCIUI1_SPO0_SRVW0_SSO0_SVW4_SNLL0_TSGRA0_TSGRB0_TT8_4_TLDS0_UMLDSA0_UMLDSB0_U64SL1_USFGRO0_VAW1_VS1_VW1_VWB1_VFLRP0_WSGRA0_WSGRB0_WS64_WG16_16_1_WGM8+0x2fb4>
	v_mul_f32_e32 v3, s20, v46                                 // 000000004CD4: 10065C14
	s_wait_alu 0xfffe                                          // 000000004CD8: BF88FFFE
	s_and_not1_b32 vcc_lo, exec_lo, s3                         // 000000004CDC: 916A037E
	s_wait_alu 0xfffe                                          // 000000004CE0: BF88FFFE
	s_cbranch_vccnz 23                                         // 000000004CE4: BFA40017 <Cijk_Ailk_Bljk_SB_GB_MT128x64x8_SN_1LDSB0_APM1_ABV0_ACED0_AF0EM1_AF1EM1_AMAS0_ASE_ASGT_ASLT_ASM_ASAE01_ASCE01_ASEM1_AAC0_BL0_BS1_CLR0_DTLA0_DTLB0_DTVA0_DTVB0_DVO0_ETSP_EPS0_ELFLR0_EMLL0_FSSC10_FL0_GLVWA1_GLVWB1_GRCGA1_GRCGB1_GRPM1_GRVW1_GSU1_GSUASB_GLS0_ISA000_IU1_K1_KLS_LBSPPA0_LBSPPB0_LPA0_LPB0_LDL1_LRVW1_LWPMn1_LDW0_FMA_MIAV0_MDA2_MO40_MMFSC_MKFGSU256_NTA0_NTB0_NTC0_NTD0_NEPBS0_NLCA1_NLCB1_ONLL1_OPLV0_PK0_PAP0_PGR0_PLR0_PKA0_SIA1_SLW1_SS0_SU32_SUM0_SUS256_SCIUI1_SPO0_SRVW0_SSO0_SVW4_SNLL0_TSGRA0_TSGRB0_TT8_4_TLDS0_UMLDSA0_UMLDSB0_U64SL1_USFGRO0_VAW1_VS1_VW1_VWB1_VFLRP0_WSGRA0_WSGRB0_WS64_WG16_16_1_WGM8+0x1244>
	s_wait_kmcnt 0x0                                           // 000000004CE8: BFC70000
	v_mad_co_u64_u32 v[6:7], null, v5, s9, 0                   // 000000004CEC: D6FE7C06 02001305
	v_lshlrev_b64_e32 v[8:9], 2, v[0:1]                        // 000000004CF4: 3E100082
	s_delay_alu instid0(VALU_DEP_2) | instskip(NEXT) | instid1(VALU_DEP_1)// 000000004CF8: BF870092
	v_lshlrev_b64_e32 v[6:7], 2, v[6:7]                        // 000000004CFC: 3E0C0C82
	v_add_co_u32 v4, vcc_lo, s14, v6                           // 000000004D00: D7006A04 00020C0E
	s_wait_alu 0xfffd                                          // 000000004D08: BF88FFFD
	s_delay_alu instid0(VALU_DEP_2) | instskip(NEXT) | instid1(VALU_DEP_2)// 000000004D0C: BF870112
	v_add_co_ci_u32_e64 v7, null, s15, v7, vcc_lo              // 000000004D10: D5207C07 01AA0E0F
	v_add_co_u32 v6, vcc_lo, v4, v8                            // 000000004D18: D7006A06 00021104
	s_wait_alu 0xfffd                                          // 000000004D20: BF88FFFD
	s_delay_alu instid0(VALU_DEP_2)                            // 000000004D24: BF870002
	v_add_co_ci_u32_e64 v7, null, v7, v9, vcc_lo               // 000000004D28: D5207C07 01AA1307
	flat_load_b32 v4, v[6:7] offset:64                         // 000000004D30: EC05007C 00000004 00004006
	s_wait_loadcnt_dscnt 0x0                                   // 000000004D3C: BFC80000
	v_fmac_f32_e32 v3, s21, v4                                 // 000000004D40: 56060815
	v_mad_co_u64_u32 v[6:7], null, v5, s22, 0                  // 000000004D44: D6FE7C06 02002D05
	v_lshlrev_b64_e32 v[8:9], 2, v[0:1]                        // 000000004D4C: 3E100082
	s_delay_alu instid0(VALU_DEP_2) | instskip(NEXT) | instid1(VALU_DEP_1)// 000000004D50: BF870092
	v_lshlrev_b64_e32 v[6:7], 2, v[6:7]                        // 000000004D54: 3E0C0C82
	v_add_co_u32 v1, vcc_lo, s12, v6                           // 000000004D58: D7006A01 00020C0C
	s_wait_alu 0xfffd                                          // 000000004D60: BF88FFFD
	s_delay_alu instid0(VALU_DEP_2) | instskip(NEXT) | instid1(VALU_DEP_2)// 000000004D64: BF870112
	v_add_co_ci_u32_e64 v4, null, s13, v7, vcc_lo              // 000000004D68: D5207C04 01AA0E0D
	v_add_co_u32 v6, vcc_lo, v1, v8                            // 000000004D70: D7006A06 00021101
	s_wait_alu 0xfffd                                          // 000000004D78: BF88FFFD
	s_delay_alu instid0(VALU_DEP_2)                            // 000000004D7C: BF870002
	v_add_co_ci_u32_e64 v7, null, v4, v9, vcc_lo               // 000000004D80: D5207C07 01AA1304
	flat_store_b32 v[6:7], v3 offset:64                        // 000000004D88: EC06807C 01800000 00004006
	s_wait_alu 0xfffe                                          // 000000004D94: BF88FFFE
	s_or_b32 exec_lo, exec_lo, s2                              // 000000004D98: 8C7E027E
	v_or_b32_e32 v1, 32, v0                                    // 000000004D9C: 380200A0
	s_delay_alu instid0(VALU_DEP_1) | instskip(SKIP_1) | instid1(SALU_CYCLE_1)// 000000004DA0: BF8704A1
	v_cmp_gt_u32_e64 s2, s10, v1                               // 000000004DA4: D44C0002 0002020A
	s_and_b32 s4, s2, s8                                       // 000000004DAC: 8B040802
	s_and_saveexec_b32 s3, s4                                  // 000000004DB0: BE832004
	s_cbranch_execz 51                                         // 000000004DB4: BFA50033 <Cijk_Ailk_Bljk_SB_GB_MT128x64x8_SN_1LDSB0_APM1_ABV0_ACED0_AF0EM1_AF1EM1_AMAS0_ASE_ASGT_ASLT_ASM_ASAE01_ASCE01_ASEM1_AAC0_BL0_BS1_CLR0_DTLA0_DTLB0_DTVA0_DTVB0_DVO0_ETSP_EPS0_ELFLR0_EMLL0_FSSC10_FL0_GLVWA1_GLVWB1_GRCGA1_GRCGB1_GRPM1_GRVW1_GSU1_GSUASB_GLS0_ISA000_IU1_K1_KLS_LBSPPA0_LBSPPB0_LPA0_LPB0_LDL1_LRVW1_LWPMn1_LDW0_FMA_MIAV0_MDA2_MO40_MMFSC_MKFGSU256_NTA0_NTB0_NTC0_NTD0_NEPBS0_NLCA1_NLCB1_ONLL1_OPLV0_PK0_PAP0_PGR0_PLR0_PKA0_SIA1_SLW1_SS0_SU32_SUM0_SUS256_SCIUI1_SPO0_SRVW0_SSO0_SVW4_SNLL0_TSGRA0_TSGRB0_TT8_4_TLDS0_UMLDSA0_UMLDSB0_U64SL1_USFGRO0_VAW1_VS1_VW1_VWB1_VFLRP0_WSGRA0_WSGRB0_WS64_WG16_16_1_WGM8+0x1384>
	v_mov_b32_e32 v1, 0                                        // 000000004DB8: 7E020280
	s_cmp_neq_f32 s21, 0                                       // 000000004DBC: BF4D8015
	s_mov_b32 s4, 0                                            // 000000004DC0: BE840080
	s_cbranch_scc1 1853                                        // 000000004DC4: BFA2073D <Cijk_Ailk_Bljk_SB_GB_MT128x64x8_SN_1LDSB0_APM1_ABV0_ACED0_AF0EM1_AF1EM1_AMAS0_ASE_ASGT_ASLT_ASM_ASAE01_ASCE01_ASEM1_AAC0_BL0_BS1_CLR0_DTLA0_DTLB0_DTVA0_DTVB0_DVO0_ETSP_EPS0_ELFLR0_EMLL0_FSSC10_FL0_GLVWA1_GLVWB1_GRCGA1_GRCGB1_GRPM1_GRVW1_GSU1_GSUASB_GLS0_ISA000_IU1_K1_KLS_LBSPPA0_LBSPPB0_LPA0_LPB0_LDL1_LRVW1_LWPMn1_LDW0_FMA_MIAV0_MDA2_MO40_MMFSC_MKFGSU256_NTA0_NTB0_NTC0_NTD0_NEPBS0_NLCA1_NLCB1_ONLL1_OPLV0_PK0_PAP0_PGR0_PLR0_PKA0_SIA1_SLW1_SS0_SU32_SUM0_SUS256_SCIUI1_SPO0_SRVW0_SSO0_SVW4_SNLL0_TSGRA0_TSGRB0_TT8_4_TLDS0_UMLDSA0_UMLDSB0_U64SL1_USFGRO0_VAW1_VS1_VW1_VWB1_VFLRP0_WSGRA0_WSGRB0_WS64_WG16_16_1_WGM8+0x2fbc>
	v_mul_f32_e32 v3, s20, v45                                 // 000000004DC8: 10065A14
	s_and_not1_b32 vcc_lo, exec_lo, s4                         // 000000004DCC: 916A047E
	s_wait_alu 0xfffe                                          // 000000004DD0: BF88FFFE
	s_cbranch_vccnz 23                                         // 000000004DD4: BFA40017 <Cijk_Ailk_Bljk_SB_GB_MT128x64x8_SN_1LDSB0_APM1_ABV0_ACED0_AF0EM1_AF1EM1_AMAS0_ASE_ASGT_ASLT_ASM_ASAE01_ASCE01_ASEM1_AAC0_BL0_BS1_CLR0_DTLA0_DTLB0_DTVA0_DTVB0_DVO0_ETSP_EPS0_ELFLR0_EMLL0_FSSC10_FL0_GLVWA1_GLVWB1_GRCGA1_GRCGB1_GRPM1_GRVW1_GSU1_GSUASB_GLS0_ISA000_IU1_K1_KLS_LBSPPA0_LBSPPB0_LPA0_LPB0_LDL1_LRVW1_LWPMn1_LDW0_FMA_MIAV0_MDA2_MO40_MMFSC_MKFGSU256_NTA0_NTB0_NTC0_NTD0_NEPBS0_NLCA1_NLCB1_ONLL1_OPLV0_PK0_PAP0_PGR0_PLR0_PKA0_SIA1_SLW1_SS0_SU32_SUM0_SUS256_SCIUI1_SPO0_SRVW0_SSO0_SVW4_SNLL0_TSGRA0_TSGRB0_TT8_4_TLDS0_UMLDSA0_UMLDSB0_U64SL1_USFGRO0_VAW1_VS1_VW1_VWB1_VFLRP0_WSGRA0_WSGRB0_WS64_WG16_16_1_WGM8+0x1334>
	s_wait_kmcnt 0x0                                           // 000000004DD8: BFC70000
	v_mad_co_u64_u32 v[6:7], null, v5, s9, 0                   // 000000004DDC: D6FE7C06 02001305
	v_lshlrev_b64_e32 v[8:9], 2, v[0:1]                        // 000000004DE4: 3E100082
	s_delay_alu instid0(VALU_DEP_2) | instskip(NEXT) | instid1(VALU_DEP_1)// 000000004DE8: BF870092
	v_lshlrev_b64_e32 v[6:7], 2, v[6:7]                        // 000000004DEC: 3E0C0C82
	v_add_co_u32 v4, vcc_lo, s14, v6                           // 000000004DF0: D7006A04 00020C0E
	s_wait_alu 0xfffd                                          // 000000004DF8: BF88FFFD
	s_delay_alu instid0(VALU_DEP_2) | instskip(NEXT) | instid1(VALU_DEP_2)// 000000004DFC: BF870112
	v_add_co_ci_u32_e64 v7, null, s15, v7, vcc_lo              // 000000004E00: D5207C07 01AA0E0F
	v_add_co_u32 v6, vcc_lo, v4, v8                            // 000000004E08: D7006A06 00021104
	s_wait_alu 0xfffd                                          // 000000004E10: BF88FFFD
	s_delay_alu instid0(VALU_DEP_2)                            // 000000004E14: BF870002
	v_add_co_ci_u32_e64 v7, null, v7, v9, vcc_lo               // 000000004E18: D5207C07 01AA1307
	flat_load_b32 v4, v[6:7] offset:128                        // 000000004E20: EC05007C 00000004 00008006
	s_wait_loadcnt_dscnt 0x0                                   // 000000004E2C: BFC80000
	v_fmac_f32_e32 v3, s21, v4                                 // 000000004E30: 56060815
	v_mad_co_u64_u32 v[6:7], null, v5, s22, 0                  // 000000004E34: D6FE7C06 02002D05
	v_lshlrev_b64_e32 v[8:9], 2, v[0:1]                        // 000000004E3C: 3E100082
	s_delay_alu instid0(VALU_DEP_2) | instskip(NEXT) | instid1(VALU_DEP_1)// 000000004E40: BF870092
	v_lshlrev_b64_e32 v[6:7], 2, v[6:7]                        // 000000004E44: 3E0C0C82
	v_add_co_u32 v1, vcc_lo, s12, v6                           // 000000004E48: D7006A01 00020C0C
	s_wait_alu 0xfffd                                          // 000000004E50: BF88FFFD
	s_delay_alu instid0(VALU_DEP_2) | instskip(NEXT) | instid1(VALU_DEP_2)// 000000004E54: BF870112
	v_add_co_ci_u32_e64 v4, null, s13, v7, vcc_lo              // 000000004E58: D5207C04 01AA0E0D
	v_add_co_u32 v6, vcc_lo, v1, v8                            // 000000004E60: D7006A06 00021101
	s_wait_alu 0xfffd                                          // 000000004E68: BF88FFFD
	s_delay_alu instid0(VALU_DEP_2)                            // 000000004E6C: BF870002
	v_add_co_ci_u32_e64 v7, null, v4, v9, vcc_lo               // 000000004E70: D5207C07 01AA1304
	flat_store_b32 v[6:7], v3 offset:128                       // 000000004E78: EC06807C 01800000 00008006
	s_wait_alu 0xfffe                                          // 000000004E84: BF88FFFE
	s_or_b32 exec_lo, exec_lo, s3                              // 000000004E88: 8C7E037E
	v_or_b32_e32 v1, 48, v0                                    // 000000004E8C: 380200B0
	s_delay_alu instid0(VALU_DEP_1) | instskip(SKIP_1) | instid1(SALU_CYCLE_1)// 000000004E90: BF8704A1
	v_cmp_gt_u32_e64 s3, s10, v1                               // 000000004E94: D44C0003 0002020A
	s_and_b32 s5, s3, s8                                       // 000000004E9C: 8B050803
	s_and_saveexec_b32 s4, s5                                  // 000000004EA0: BE842005
	s_cbranch_execz 51                                         // 000000004EA4: BFA50033 <Cijk_Ailk_Bljk_SB_GB_MT128x64x8_SN_1LDSB0_APM1_ABV0_ACED0_AF0EM1_AF1EM1_AMAS0_ASE_ASGT_ASLT_ASM_ASAE01_ASCE01_ASEM1_AAC0_BL0_BS1_CLR0_DTLA0_DTLB0_DTVA0_DTVB0_DVO0_ETSP_EPS0_ELFLR0_EMLL0_FSSC10_FL0_GLVWA1_GLVWB1_GRCGA1_GRCGB1_GRPM1_GRVW1_GSU1_GSUASB_GLS0_ISA000_IU1_K1_KLS_LBSPPA0_LBSPPB0_LPA0_LPB0_LDL1_LRVW1_LWPMn1_LDW0_FMA_MIAV0_MDA2_MO40_MMFSC_MKFGSU256_NTA0_NTB0_NTC0_NTD0_NEPBS0_NLCA1_NLCB1_ONLL1_OPLV0_PK0_PAP0_PGR0_PLR0_PKA0_SIA1_SLW1_SS0_SU32_SUM0_SUS256_SCIUI1_SPO0_SRVW0_SSO0_SVW4_SNLL0_TSGRA0_TSGRB0_TT8_4_TLDS0_UMLDSA0_UMLDSB0_U64SL1_USFGRO0_VAW1_VS1_VW1_VWB1_VFLRP0_WSGRA0_WSGRB0_WS64_WG16_16_1_WGM8+0x1474>
	v_mov_b32_e32 v1, 0                                        // 000000004EA8: 7E020280
	s_cmp_neq_f32 s21, 0                                       // 000000004EAC: BF4D8015
	s_mov_b32 s5, 0                                            // 000000004EB0: BE850080
	s_cbranch_scc1 1795                                        // 000000004EB4: BFA20703 <Cijk_Ailk_Bljk_SB_GB_MT128x64x8_SN_1LDSB0_APM1_ABV0_ACED0_AF0EM1_AF1EM1_AMAS0_ASE_ASGT_ASLT_ASM_ASAE01_ASCE01_ASEM1_AAC0_BL0_BS1_CLR0_DTLA0_DTLB0_DTVA0_DTVB0_DVO0_ETSP_EPS0_ELFLR0_EMLL0_FSSC10_FL0_GLVWA1_GLVWB1_GRCGA1_GRCGB1_GRPM1_GRVW1_GSU1_GSUASB_GLS0_ISA000_IU1_K1_KLS_LBSPPA0_LBSPPB0_LPA0_LPB0_LDL1_LRVW1_LWPMn1_LDW0_FMA_MIAV0_MDA2_MO40_MMFSC_MKFGSU256_NTA0_NTB0_NTC0_NTD0_NEPBS0_NLCA1_NLCB1_ONLL1_OPLV0_PK0_PAP0_PGR0_PLR0_PKA0_SIA1_SLW1_SS0_SU32_SUM0_SUS256_SCIUI1_SPO0_SRVW0_SSO0_SVW4_SNLL0_TSGRA0_TSGRB0_TT8_4_TLDS0_UMLDSA0_UMLDSB0_U64SL1_USFGRO0_VAW1_VS1_VW1_VWB1_VFLRP0_WSGRA0_WSGRB0_WS64_WG16_16_1_WGM8+0x2fc4>
	v_mul_f32_e32 v3, s20, v42                                 // 000000004EB8: 10065414
	s_and_not1_b32 vcc_lo, exec_lo, s5                         // 000000004EBC: 916A057E
	s_wait_alu 0xfffe                                          // 000000004EC0: BF88FFFE
	s_cbranch_vccnz 23                                         // 000000004EC4: BFA40017 <Cijk_Ailk_Bljk_SB_GB_MT128x64x8_SN_1LDSB0_APM1_ABV0_ACED0_AF0EM1_AF1EM1_AMAS0_ASE_ASGT_ASLT_ASM_ASAE01_ASCE01_ASEM1_AAC0_BL0_BS1_CLR0_DTLA0_DTLB0_DTVA0_DTVB0_DVO0_ETSP_EPS0_ELFLR0_EMLL0_FSSC10_FL0_GLVWA1_GLVWB1_GRCGA1_GRCGB1_GRPM1_GRVW1_GSU1_GSUASB_GLS0_ISA000_IU1_K1_KLS_LBSPPA0_LBSPPB0_LPA0_LPB0_LDL1_LRVW1_LWPMn1_LDW0_FMA_MIAV0_MDA2_MO40_MMFSC_MKFGSU256_NTA0_NTB0_NTC0_NTD0_NEPBS0_NLCA1_NLCB1_ONLL1_OPLV0_PK0_PAP0_PGR0_PLR0_PKA0_SIA1_SLW1_SS0_SU32_SUM0_SUS256_SCIUI1_SPO0_SRVW0_SSO0_SVW4_SNLL0_TSGRA0_TSGRB0_TT8_4_TLDS0_UMLDSA0_UMLDSB0_U64SL1_USFGRO0_VAW1_VS1_VW1_VWB1_VFLRP0_WSGRA0_WSGRB0_WS64_WG16_16_1_WGM8+0x1424>
	s_wait_kmcnt 0x0                                           // 000000004EC8: BFC70000
	v_mad_co_u64_u32 v[6:7], null, v5, s9, 0                   // 000000004ECC: D6FE7C06 02001305
	v_lshlrev_b64_e32 v[8:9], 2, v[0:1]                        // 000000004ED4: 3E100082
	s_delay_alu instid0(VALU_DEP_2) | instskip(NEXT) | instid1(VALU_DEP_1)// 000000004ED8: BF870092
	v_lshlrev_b64_e32 v[6:7], 2, v[6:7]                        // 000000004EDC: 3E0C0C82
	v_add_co_u32 v4, vcc_lo, s14, v6                           // 000000004EE0: D7006A04 00020C0E
	s_wait_alu 0xfffd                                          // 000000004EE8: BF88FFFD
	s_delay_alu instid0(VALU_DEP_2) | instskip(NEXT) | instid1(VALU_DEP_2)// 000000004EEC: BF870112
	v_add_co_ci_u32_e64 v7, null, s15, v7, vcc_lo              // 000000004EF0: D5207C07 01AA0E0F
	v_add_co_u32 v6, vcc_lo, v4, v8                            // 000000004EF8: D7006A06 00021104
	s_wait_alu 0xfffd                                          // 000000004F00: BF88FFFD
	s_delay_alu instid0(VALU_DEP_2)                            // 000000004F04: BF870002
	v_add_co_ci_u32_e64 v7, null, v7, v9, vcc_lo               // 000000004F08: D5207C07 01AA1307
	flat_load_b32 v4, v[6:7] offset:192                        // 000000004F10: EC05007C 00000004 0000C006
	s_wait_loadcnt_dscnt 0x0                                   // 000000004F1C: BFC80000
	v_fmac_f32_e32 v3, s21, v4                                 // 000000004F20: 56060815
	v_mad_co_u64_u32 v[6:7], null, v5, s22, 0                  // 000000004F24: D6FE7C06 02002D05
	v_lshlrev_b64_e32 v[8:9], 2, v[0:1]                        // 000000004F2C: 3E100082
	s_delay_alu instid0(VALU_DEP_2) | instskip(NEXT) | instid1(VALU_DEP_1)// 000000004F30: BF870092
	v_lshlrev_b64_e32 v[6:7], 2, v[6:7]                        // 000000004F34: 3E0C0C82
	v_add_co_u32 v1, vcc_lo, s12, v6                           // 000000004F38: D7006A01 00020C0C
	s_wait_alu 0xfffd                                          // 000000004F40: BF88FFFD
	s_delay_alu instid0(VALU_DEP_2) | instskip(NEXT) | instid1(VALU_DEP_2)// 000000004F44: BF870112
	v_add_co_ci_u32_e64 v4, null, s13, v7, vcc_lo              // 000000004F48: D5207C04 01AA0E0D
	v_add_co_u32 v6, vcc_lo, v1, v8                            // 000000004F50: D7006A06 00021101
	s_wait_alu 0xfffd                                          // 000000004F58: BF88FFFD
	s_delay_alu instid0(VALU_DEP_2)                            // 000000004F5C: BF870002
	v_add_co_ci_u32_e64 v7, null, v4, v9, vcc_lo               // 000000004F60: D5207C07 01AA1304
	flat_store_b32 v[6:7], v3 offset:192                       // 000000004F68: EC06807C 01800000 0000C006
	s_or_b32 exec_lo, exec_lo, s4                              // 000000004F74: 8C7E047E
	v_or_b32_e32 v1, 64, v0                                    // 000000004F78: 380200C0
	s_delay_alu instid0(VALU_DEP_1)                            // 000000004F7C: BF870001
	v_cmp_gt_u32_e64 s4, s10, v1                               // 000000004F80: D44C0004 0002020A
	s_and_b32 s6, s4, s8                                       // 000000004F88: 8B060804
	s_wait_alu 0xfffe                                          // 000000004F8C: BF88FFFE
	s_and_saveexec_b32 s5, s6                                  // 000000004F90: BE852006
	s_cbranch_execz 52                                         // 000000004F94: BFA50034 <Cijk_Ailk_Bljk_SB_GB_MT128x64x8_SN_1LDSB0_APM1_ABV0_ACED0_AF0EM1_AF1EM1_AMAS0_ASE_ASGT_ASLT_ASM_ASAE01_ASCE01_ASEM1_AAC0_BL0_BS1_CLR0_DTLA0_DTLB0_DTVA0_DTVB0_DVO0_ETSP_EPS0_ELFLR0_EMLL0_FSSC10_FL0_GLVWA1_GLVWB1_GRCGA1_GRCGB1_GRPM1_GRVW1_GSU1_GSUASB_GLS0_ISA000_IU1_K1_KLS_LBSPPA0_LBSPPB0_LPA0_LPB0_LDL1_LRVW1_LWPMn1_LDW0_FMA_MIAV0_MDA2_MO40_MMFSC_MKFGSU256_NTA0_NTB0_NTC0_NTD0_NEPBS0_NLCA1_NLCB1_ONLL1_OPLV0_PK0_PAP0_PGR0_PLR0_PKA0_SIA1_SLW1_SS0_SU32_SUM0_SUS256_SCIUI1_SPO0_SRVW0_SSO0_SVW4_SNLL0_TSGRA0_TSGRB0_TT8_4_TLDS0_UMLDSA0_UMLDSB0_U64SL1_USFGRO0_VAW1_VS1_VW1_VWB1_VFLRP0_WSGRA0_WSGRB0_WS64_WG16_16_1_WGM8+0x1568>
	v_mov_b32_e32 v1, 0                                        // 000000004F98: 7E020280
	s_cmp_neq_f32 s21, 0                                       // 000000004F9C: BF4D8015
	s_mov_b32 s6, 0                                            // 000000004FA0: BE860080
	s_cbranch_scc1 1737                                        // 000000004FA4: BFA206C9 <Cijk_Ailk_Bljk_SB_GB_MT128x64x8_SN_1LDSB0_APM1_ABV0_ACED0_AF0EM1_AF1EM1_AMAS0_ASE_ASGT_ASLT_ASM_ASAE01_ASCE01_ASEM1_AAC0_BL0_BS1_CLR0_DTLA0_DTLB0_DTVA0_DTVB0_DVO0_ETSP_EPS0_ELFLR0_EMLL0_FSSC10_FL0_GLVWA1_GLVWB1_GRCGA1_GRCGB1_GRPM1_GRVW1_GSU1_GSUASB_GLS0_ISA000_IU1_K1_KLS_LBSPPA0_LBSPPB0_LPA0_LPB0_LDL1_LRVW1_LWPMn1_LDW0_FMA_MIAV0_MDA2_MO40_MMFSC_MKFGSU256_NTA0_NTB0_NTC0_NTD0_NEPBS0_NLCA1_NLCB1_ONLL1_OPLV0_PK0_PAP0_PGR0_PLR0_PKA0_SIA1_SLW1_SS0_SU32_SUM0_SUS256_SCIUI1_SPO0_SRVW0_SSO0_SVW4_SNLL0_TSGRA0_TSGRB0_TT8_4_TLDS0_UMLDSA0_UMLDSB0_U64SL1_USFGRO0_VAW1_VS1_VW1_VWB1_VFLRP0_WSGRA0_WSGRB0_WS64_WG16_16_1_WGM8+0x2fcc>
	v_mul_f32_e32 v3, s20, v41                                 // 000000004FA8: 10065214
	s_wait_alu 0xfffe                                          // 000000004FAC: BF88FFFE
	s_and_not1_b32 vcc_lo, exec_lo, s6                         // 000000004FB0: 916A067E
	s_wait_alu 0xfffe                                          // 000000004FB4: BF88FFFE
	s_cbranch_vccnz 23                                         // 000000004FB8: BFA40017 <Cijk_Ailk_Bljk_SB_GB_MT128x64x8_SN_1LDSB0_APM1_ABV0_ACED0_AF0EM1_AF1EM1_AMAS0_ASE_ASGT_ASLT_ASM_ASAE01_ASCE01_ASEM1_AAC0_BL0_BS1_CLR0_DTLA0_DTLB0_DTVA0_DTVB0_DVO0_ETSP_EPS0_ELFLR0_EMLL0_FSSC10_FL0_GLVWA1_GLVWB1_GRCGA1_GRCGB1_GRPM1_GRVW1_GSU1_GSUASB_GLS0_ISA000_IU1_K1_KLS_LBSPPA0_LBSPPB0_LPA0_LPB0_LDL1_LRVW1_LWPMn1_LDW0_FMA_MIAV0_MDA2_MO40_MMFSC_MKFGSU256_NTA0_NTB0_NTC0_NTD0_NEPBS0_NLCA1_NLCB1_ONLL1_OPLV0_PK0_PAP0_PGR0_PLR0_PKA0_SIA1_SLW1_SS0_SU32_SUM0_SUS256_SCIUI1_SPO0_SRVW0_SSO0_SVW4_SNLL0_TSGRA0_TSGRB0_TT8_4_TLDS0_UMLDSA0_UMLDSB0_U64SL1_USFGRO0_VAW1_VS1_VW1_VWB1_VFLRP0_WSGRA0_WSGRB0_WS64_WG16_16_1_WGM8+0x1518>
	s_wait_kmcnt 0x0                                           // 000000004FBC: BFC70000
	v_mad_co_u64_u32 v[6:7], null, v5, s9, 0                   // 000000004FC0: D6FE7C06 02001305
	v_lshlrev_b64_e32 v[8:9], 2, v[0:1]                        // 000000004FC8: 3E100082
	s_delay_alu instid0(VALU_DEP_2) | instskip(NEXT) | instid1(VALU_DEP_1)// 000000004FCC: BF870092
	v_lshlrev_b64_e32 v[6:7], 2, v[6:7]                        // 000000004FD0: 3E0C0C82
	v_add_co_u32 v4, vcc_lo, s14, v6                           // 000000004FD4: D7006A04 00020C0E
	s_wait_alu 0xfffd                                          // 000000004FDC: BF88FFFD
	s_delay_alu instid0(VALU_DEP_2) | instskip(NEXT) | instid1(VALU_DEP_2)// 000000004FE0: BF870112
	v_add_co_ci_u32_e64 v7, null, s15, v7, vcc_lo              // 000000004FE4: D5207C07 01AA0E0F
	v_add_co_u32 v6, vcc_lo, v4, v8                            // 000000004FEC: D7006A06 00021104
	s_wait_alu 0xfffd                                          // 000000004FF4: BF88FFFD
	s_delay_alu instid0(VALU_DEP_2)                            // 000000004FF8: BF870002
	v_add_co_ci_u32_e64 v7, null, v7, v9, vcc_lo               // 000000004FFC: D5207C07 01AA1307
	flat_load_b32 v4, v[6:7] offset:256                        // 000000005004: EC05007C 00000004 00010006
	s_wait_loadcnt_dscnt 0x0                                   // 000000005010: BFC80000
	v_fmac_f32_e32 v3, s21, v4                                 // 000000005014: 56060815
	v_mad_co_u64_u32 v[6:7], null, v5, s22, 0                  // 000000005018: D6FE7C06 02002D05
	v_lshlrev_b64_e32 v[8:9], 2, v[0:1]                        // 000000005020: 3E100082
	s_delay_alu instid0(VALU_DEP_2) | instskip(NEXT) | instid1(VALU_DEP_1)// 000000005024: BF870092
	v_lshlrev_b64_e32 v[6:7], 2, v[6:7]                        // 000000005028: 3E0C0C82
	v_add_co_u32 v1, vcc_lo, s12, v6                           // 00000000502C: D7006A01 00020C0C
	s_wait_alu 0xfffd                                          // 000000005034: BF88FFFD
	s_delay_alu instid0(VALU_DEP_2) | instskip(NEXT) | instid1(VALU_DEP_2)// 000000005038: BF870112
	v_add_co_ci_u32_e64 v4, null, s13, v7, vcc_lo              // 00000000503C: D5207C04 01AA0E0D
	v_add_co_u32 v6, vcc_lo, v1, v8                            // 000000005044: D7006A06 00021101
	s_wait_alu 0xfffd                                          // 00000000504C: BF88FFFD
	s_delay_alu instid0(VALU_DEP_2)                            // 000000005050: BF870002
	v_add_co_ci_u32_e64 v7, null, v4, v9, vcc_lo               // 000000005054: D5207C07 01AA1304
	flat_store_b32 v[6:7], v3 offset:256                       // 00000000505C: EC06807C 01800000 00010006
	s_or_b32 exec_lo, exec_lo, s5                              // 000000005068: 8C7E057E
	v_or_b32_e32 v1, 0x50, v0                                  // 00000000506C: 380200FF 00000050
	s_delay_alu instid0(VALU_DEP_1)                            // 000000005074: BF870001
	v_cmp_gt_u32_e64 s5, s10, v1                               // 000000005078: D44C0005 0002020A
	s_and_b32 s7, s5, s8                                       // 000000005080: 8B070805
	s_wait_alu 0xfffe                                          // 000000005084: BF88FFFE
	s_and_saveexec_b32 s6, s7                                  // 000000005088: BE862007
	s_cbranch_execz 52                                         // 00000000508C: BFA50034 <Cijk_Ailk_Bljk_SB_GB_MT128x64x8_SN_1LDSB0_APM1_ABV0_ACED0_AF0EM1_AF1EM1_AMAS0_ASE_ASGT_ASLT_ASM_ASAE01_ASCE01_ASEM1_AAC0_BL0_BS1_CLR0_DTLA0_DTLB0_DTVA0_DTVB0_DVO0_ETSP_EPS0_ELFLR0_EMLL0_FSSC10_FL0_GLVWA1_GLVWB1_GRCGA1_GRCGB1_GRPM1_GRVW1_GSU1_GSUASB_GLS0_ISA000_IU1_K1_KLS_LBSPPA0_LBSPPB0_LPA0_LPB0_LDL1_LRVW1_LWPMn1_LDW0_FMA_MIAV0_MDA2_MO40_MMFSC_MKFGSU256_NTA0_NTB0_NTC0_NTD0_NEPBS0_NLCA1_NLCB1_ONLL1_OPLV0_PK0_PAP0_PGR0_PLR0_PKA0_SIA1_SLW1_SS0_SU32_SUM0_SUS256_SCIUI1_SPO0_SRVW0_SSO0_SVW4_SNLL0_TSGRA0_TSGRB0_TT8_4_TLDS0_UMLDSA0_UMLDSB0_U64SL1_USFGRO0_VAW1_VS1_VW1_VWB1_VFLRP0_WSGRA0_WSGRB0_WS64_WG16_16_1_WGM8+0x1660>
	v_mov_b32_e32 v1, 0                                        // 000000005090: 7E020280
	s_cmp_neq_f32 s21, 0                                       // 000000005094: BF4D8015
	s_mov_b32 s7, 0                                            // 000000005098: BE870080
	s_cbranch_scc1 1677                                        // 00000000509C: BFA2068D <Cijk_Ailk_Bljk_SB_GB_MT128x64x8_SN_1LDSB0_APM1_ABV0_ACED0_AF0EM1_AF1EM1_AMAS0_ASE_ASGT_ASLT_ASM_ASAE01_ASCE01_ASEM1_AAC0_BL0_BS1_CLR0_DTLA0_DTLB0_DTVA0_DTVB0_DVO0_ETSP_EPS0_ELFLR0_EMLL0_FSSC10_FL0_GLVWA1_GLVWB1_GRCGA1_GRCGB1_GRPM1_GRVW1_GSU1_GSUASB_GLS0_ISA000_IU1_K1_KLS_LBSPPA0_LBSPPB0_LPA0_LPB0_LDL1_LRVW1_LWPMn1_LDW0_FMA_MIAV0_MDA2_MO40_MMFSC_MKFGSU256_NTA0_NTB0_NTC0_NTD0_NEPBS0_NLCA1_NLCB1_ONLL1_OPLV0_PK0_PAP0_PGR0_PLR0_PKA0_SIA1_SLW1_SS0_SU32_SUM0_SUS256_SCIUI1_SPO0_SRVW0_SSO0_SVW4_SNLL0_TSGRA0_TSGRB0_TT8_4_TLDS0_UMLDSA0_UMLDSB0_U64SL1_USFGRO0_VAW1_VS1_VW1_VWB1_VFLRP0_WSGRA0_WSGRB0_WS64_WG16_16_1_WGM8+0x2fd4>
	v_mul_f32_e32 v3, s20, v40                                 // 0000000050A0: 10065014
	s_wait_alu 0xfffe                                          // 0000000050A4: BF88FFFE
	s_and_not1_b32 vcc_lo, exec_lo, s7                         // 0000000050A8: 916A077E
	s_wait_alu 0xfffe                                          // 0000000050AC: BF88FFFE
	s_cbranch_vccnz 23                                         // 0000000050B0: BFA40017 <Cijk_Ailk_Bljk_SB_GB_MT128x64x8_SN_1LDSB0_APM1_ABV0_ACED0_AF0EM1_AF1EM1_AMAS0_ASE_ASGT_ASLT_ASM_ASAE01_ASCE01_ASEM1_AAC0_BL0_BS1_CLR0_DTLA0_DTLB0_DTVA0_DTVB0_DVO0_ETSP_EPS0_ELFLR0_EMLL0_FSSC10_FL0_GLVWA1_GLVWB1_GRCGA1_GRCGB1_GRPM1_GRVW1_GSU1_GSUASB_GLS0_ISA000_IU1_K1_KLS_LBSPPA0_LBSPPB0_LPA0_LPB0_LDL1_LRVW1_LWPMn1_LDW0_FMA_MIAV0_MDA2_MO40_MMFSC_MKFGSU256_NTA0_NTB0_NTC0_NTD0_NEPBS0_NLCA1_NLCB1_ONLL1_OPLV0_PK0_PAP0_PGR0_PLR0_PKA0_SIA1_SLW1_SS0_SU32_SUM0_SUS256_SCIUI1_SPO0_SRVW0_SSO0_SVW4_SNLL0_TSGRA0_TSGRB0_TT8_4_TLDS0_UMLDSA0_UMLDSB0_U64SL1_USFGRO0_VAW1_VS1_VW1_VWB1_VFLRP0_WSGRA0_WSGRB0_WS64_WG16_16_1_WGM8+0x1610>
	s_wait_kmcnt 0x0                                           // 0000000050B4: BFC70000
	v_mad_co_u64_u32 v[6:7], null, v5, s9, 0                   // 0000000050B8: D6FE7C06 02001305
	v_lshlrev_b64_e32 v[8:9], 2, v[0:1]                        // 0000000050C0: 3E100082
	s_delay_alu instid0(VALU_DEP_2) | instskip(NEXT) | instid1(VALU_DEP_1)// 0000000050C4: BF870092
	v_lshlrev_b64_e32 v[6:7], 2, v[6:7]                        // 0000000050C8: 3E0C0C82
	v_add_co_u32 v4, vcc_lo, s14, v6                           // 0000000050CC: D7006A04 00020C0E
	s_wait_alu 0xfffd                                          // 0000000050D4: BF88FFFD
	s_delay_alu instid0(VALU_DEP_2) | instskip(NEXT) | instid1(VALU_DEP_2)// 0000000050D8: BF870112
	v_add_co_ci_u32_e64 v7, null, s15, v7, vcc_lo              // 0000000050DC: D5207C07 01AA0E0F
	v_add_co_u32 v6, vcc_lo, v4, v8                            // 0000000050E4: D7006A06 00021104
	s_wait_alu 0xfffd                                          // 0000000050EC: BF88FFFD
	s_delay_alu instid0(VALU_DEP_2)                            // 0000000050F0: BF870002
	v_add_co_ci_u32_e64 v7, null, v7, v9, vcc_lo               // 0000000050F4: D5207C07 01AA1307
	flat_load_b32 v4, v[6:7] offset:320                        // 0000000050FC: EC05007C 00000004 00014006
	s_wait_loadcnt_dscnt 0x0                                   // 000000005108: BFC80000
	v_fmac_f32_e32 v3, s21, v4                                 // 00000000510C: 56060815
	v_mad_co_u64_u32 v[6:7], null, v5, s22, 0                  // 000000005110: D6FE7C06 02002D05
	v_lshlrev_b64_e32 v[8:9], 2, v[0:1]                        // 000000005118: 3E100082
	s_delay_alu instid0(VALU_DEP_2) | instskip(NEXT) | instid1(VALU_DEP_1)// 00000000511C: BF870092
	v_lshlrev_b64_e32 v[6:7], 2, v[6:7]                        // 000000005120: 3E0C0C82
	v_add_co_u32 v1, vcc_lo, s12, v6                           // 000000005124: D7006A01 00020C0C
	s_wait_alu 0xfffd                                          // 00000000512C: BF88FFFD
	s_delay_alu instid0(VALU_DEP_2) | instskip(NEXT) | instid1(VALU_DEP_2)// 000000005130: BF870112
	v_add_co_ci_u32_e64 v4, null, s13, v7, vcc_lo              // 000000005134: D5207C04 01AA0E0D
	v_add_co_u32 v6, vcc_lo, v1, v8                            // 00000000513C: D7006A06 00021101
	s_wait_alu 0xfffd                                          // 000000005144: BF88FFFD
	s_delay_alu instid0(VALU_DEP_2)                            // 000000005148: BF870002
	v_add_co_ci_u32_e64 v7, null, v4, v9, vcc_lo               // 00000000514C: D5207C07 01AA1304
	flat_store_b32 v[6:7], v3 offset:320                       // 000000005154: EC06807C 01800000 00014006
	s_wait_alu 0xfffe                                          // 000000005160: BF88FFFE
	s_or_b32 exec_lo, exec_lo, s6                              // 000000005164: 8C7E067E
	v_or_b32_e32 v1, 0x60, v0                                  // 000000005168: 380200FF 00000060
	s_delay_alu instid0(VALU_DEP_1)                            // 000000005170: BF870001
	v_cmp_gt_u32_e64 s6, s10, v1                               // 000000005174: D44C0006 0002020A
	s_and_b32 s16, s6, s8                                      // 00000000517C: 8B100806
	s_wait_alu 0xfffe                                          // 000000005180: BF88FFFE
	s_and_saveexec_b32 s7, s16                                 // 000000005184: BE872010
	s_cbranch_execz 52                                         // 000000005188: BFA50034 <Cijk_Ailk_Bljk_SB_GB_MT128x64x8_SN_1LDSB0_APM1_ABV0_ACED0_AF0EM1_AF1EM1_AMAS0_ASE_ASGT_ASLT_ASM_ASAE01_ASCE01_ASEM1_AAC0_BL0_BS1_CLR0_DTLA0_DTLB0_DTVA0_DTVB0_DVO0_ETSP_EPS0_ELFLR0_EMLL0_FSSC10_FL0_GLVWA1_GLVWB1_GRCGA1_GRCGB1_GRPM1_GRVW1_GSU1_GSUASB_GLS0_ISA000_IU1_K1_KLS_LBSPPA0_LBSPPB0_LPA0_LPB0_LDL1_LRVW1_LWPMn1_LDW0_FMA_MIAV0_MDA2_MO40_MMFSC_MKFGSU256_NTA0_NTB0_NTC0_NTD0_NEPBS0_NLCA1_NLCB1_ONLL1_OPLV0_PK0_PAP0_PGR0_PLR0_PKA0_SIA1_SLW1_SS0_SU32_SUM0_SUS256_SCIUI1_SPO0_SRVW0_SSO0_SVW4_SNLL0_TSGRA0_TSGRB0_TT8_4_TLDS0_UMLDSA0_UMLDSB0_U64SL1_USFGRO0_VAW1_VS1_VW1_VWB1_VFLRP0_WSGRA0_WSGRB0_WS64_WG16_16_1_WGM8+0x175c>
	v_mov_b32_e32 v1, 0                                        // 00000000518C: 7E020280
	s_cmp_neq_f32 s21, 0                                       // 000000005190: BF4D8015
	s_mov_b32 s16, 0                                           // 000000005194: BE900080
	s_cbranch_scc1 1616                                        // 000000005198: BFA20650 <Cijk_Ailk_Bljk_SB_GB_MT128x64x8_SN_1LDSB0_APM1_ABV0_ACED0_AF0EM1_AF1EM1_AMAS0_ASE_ASGT_ASLT_ASM_ASAE01_ASCE01_ASEM1_AAC0_BL0_BS1_CLR0_DTLA0_DTLB0_DTVA0_DTVB0_DVO0_ETSP_EPS0_ELFLR0_EMLL0_FSSC10_FL0_GLVWA1_GLVWB1_GRCGA1_GRCGB1_GRPM1_GRVW1_GSU1_GSUASB_GLS0_ISA000_IU1_K1_KLS_LBSPPA0_LBSPPB0_LPA0_LPB0_LDL1_LRVW1_LWPMn1_LDW0_FMA_MIAV0_MDA2_MO40_MMFSC_MKFGSU256_NTA0_NTB0_NTC0_NTD0_NEPBS0_NLCA1_NLCB1_ONLL1_OPLV0_PK0_PAP0_PGR0_PLR0_PKA0_SIA1_SLW1_SS0_SU32_SUM0_SUS256_SCIUI1_SPO0_SRVW0_SSO0_SVW4_SNLL0_TSGRA0_TSGRB0_TT8_4_TLDS0_UMLDSA0_UMLDSB0_U64SL1_USFGRO0_VAW1_VS1_VW1_VWB1_VFLRP0_WSGRA0_WSGRB0_WS64_WG16_16_1_WGM8+0x2fdc>
	v_mul_f32_e32 v3, s20, v39                                 // 00000000519C: 10064E14
	s_wait_alu 0xfffe                                          // 0000000051A0: BF88FFFE
	s_and_not1_b32 vcc_lo, exec_lo, s16                        // 0000000051A4: 916A107E
	s_wait_alu 0xfffe                                          // 0000000051A8: BF88FFFE
	s_cbranch_vccnz 23                                         // 0000000051AC: BFA40017 <Cijk_Ailk_Bljk_SB_GB_MT128x64x8_SN_1LDSB0_APM1_ABV0_ACED0_AF0EM1_AF1EM1_AMAS0_ASE_ASGT_ASLT_ASM_ASAE01_ASCE01_ASEM1_AAC0_BL0_BS1_CLR0_DTLA0_DTLB0_DTVA0_DTVB0_DVO0_ETSP_EPS0_ELFLR0_EMLL0_FSSC10_FL0_GLVWA1_GLVWB1_GRCGA1_GRCGB1_GRPM1_GRVW1_GSU1_GSUASB_GLS0_ISA000_IU1_K1_KLS_LBSPPA0_LBSPPB0_LPA0_LPB0_LDL1_LRVW1_LWPMn1_LDW0_FMA_MIAV0_MDA2_MO40_MMFSC_MKFGSU256_NTA0_NTB0_NTC0_NTD0_NEPBS0_NLCA1_NLCB1_ONLL1_OPLV0_PK0_PAP0_PGR0_PLR0_PKA0_SIA1_SLW1_SS0_SU32_SUM0_SUS256_SCIUI1_SPO0_SRVW0_SSO0_SVW4_SNLL0_TSGRA0_TSGRB0_TT8_4_TLDS0_UMLDSA0_UMLDSB0_U64SL1_USFGRO0_VAW1_VS1_VW1_VWB1_VFLRP0_WSGRA0_WSGRB0_WS64_WG16_16_1_WGM8+0x170c>
	s_wait_kmcnt 0x0                                           // 0000000051B0: BFC70000
	v_mad_co_u64_u32 v[6:7], null, v5, s9, 0                   // 0000000051B4: D6FE7C06 02001305
	v_lshlrev_b64_e32 v[8:9], 2, v[0:1]                        // 0000000051BC: 3E100082
	s_delay_alu instid0(VALU_DEP_2) | instskip(NEXT) | instid1(VALU_DEP_1)// 0000000051C0: BF870092
	v_lshlrev_b64_e32 v[6:7], 2, v[6:7]                        // 0000000051C4: 3E0C0C82
	v_add_co_u32 v4, vcc_lo, s14, v6                           // 0000000051C8: D7006A04 00020C0E
	s_wait_alu 0xfffd                                          // 0000000051D0: BF88FFFD
	s_delay_alu instid0(VALU_DEP_2) | instskip(NEXT) | instid1(VALU_DEP_2)// 0000000051D4: BF870112
	v_add_co_ci_u32_e64 v7, null, s15, v7, vcc_lo              // 0000000051D8: D5207C07 01AA0E0F
	v_add_co_u32 v6, vcc_lo, v4, v8                            // 0000000051E0: D7006A06 00021104
	s_wait_alu 0xfffd                                          // 0000000051E8: BF88FFFD
	s_delay_alu instid0(VALU_DEP_2)                            // 0000000051EC: BF870002
	v_add_co_ci_u32_e64 v7, null, v7, v9, vcc_lo               // 0000000051F0: D5207C07 01AA1307
	flat_load_b32 v4, v[6:7] offset:384                        // 0000000051F8: EC05007C 00000004 00018006
	s_wait_loadcnt_dscnt 0x0                                   // 000000005204: BFC80000
	v_fmac_f32_e32 v3, s21, v4                                 // 000000005208: 56060815
	v_mad_co_u64_u32 v[6:7], null, v5, s22, 0                  // 00000000520C: D6FE7C06 02002D05
	v_lshlrev_b64_e32 v[8:9], 2, v[0:1]                        // 000000005214: 3E100082
	s_delay_alu instid0(VALU_DEP_2) | instskip(NEXT) | instid1(VALU_DEP_1)// 000000005218: BF870092
	v_lshlrev_b64_e32 v[6:7], 2, v[6:7]                        // 00000000521C: 3E0C0C82
	v_add_co_u32 v1, vcc_lo, s12, v6                           // 000000005220: D7006A01 00020C0C
	s_wait_alu 0xfffd                                          // 000000005228: BF88FFFD
	s_delay_alu instid0(VALU_DEP_2) | instskip(NEXT) | instid1(VALU_DEP_2)// 00000000522C: BF870112
	v_add_co_ci_u32_e64 v4, null, s13, v7, vcc_lo              // 000000005230: D5207C04 01AA0E0D
	v_add_co_u32 v6, vcc_lo, v1, v8                            // 000000005238: D7006A06 00021101
	s_wait_alu 0xfffd                                          // 000000005240: BF88FFFD
	s_delay_alu instid0(VALU_DEP_2)                            // 000000005244: BF870002
	v_add_co_ci_u32_e64 v7, null, v4, v9, vcc_lo               // 000000005248: D5207C07 01AA1304
	flat_store_b32 v[6:7], v3 offset:384                       // 000000005250: EC06807C 01800000 00018006
	s_wait_alu 0xfffe                                          // 00000000525C: BF88FFFE
	s_or_b32 exec_lo, exec_lo, s7                              // 000000005260: 8C7E077E
	v_or_b32_e32 v1, 0x70, v0                                  // 000000005264: 380200FF 00000070
	s_delay_alu instid0(VALU_DEP_1)                            // 00000000526C: BF870001
	v_cmp_gt_u32_e64 s7, s10, v1                               // 000000005270: D44C0007 0002020A
	s_and_b32 s10, s7, s8                                      // 000000005278: 8B0A0807
	s_wait_alu 0xfffe                                          // 00000000527C: BF88FFFE
	s_and_saveexec_b32 s8, s10                                 // 000000005280: BE88200A
	s_cbranch_execz 52                                         // 000000005284: BFA50034 <Cijk_Ailk_Bljk_SB_GB_MT128x64x8_SN_1LDSB0_APM1_ABV0_ACED0_AF0EM1_AF1EM1_AMAS0_ASE_ASGT_ASLT_ASM_ASAE01_ASCE01_ASEM1_AAC0_BL0_BS1_CLR0_DTLA0_DTLB0_DTVA0_DTVB0_DVO0_ETSP_EPS0_ELFLR0_EMLL0_FSSC10_FL0_GLVWA1_GLVWB1_GRCGA1_GRCGB1_GRPM1_GRVW1_GSU1_GSUASB_GLS0_ISA000_IU1_K1_KLS_LBSPPA0_LBSPPB0_LPA0_LPB0_LDL1_LRVW1_LWPMn1_LDW0_FMA_MIAV0_MDA2_MO40_MMFSC_MKFGSU256_NTA0_NTB0_NTC0_NTD0_NEPBS0_NLCA1_NLCB1_ONLL1_OPLV0_PK0_PAP0_PGR0_PLR0_PKA0_SIA1_SLW1_SS0_SU32_SUM0_SUS256_SCIUI1_SPO0_SRVW0_SSO0_SVW4_SNLL0_TSGRA0_TSGRB0_TT8_4_TLDS0_UMLDSA0_UMLDSB0_U64SL1_USFGRO0_VAW1_VS1_VW1_VWB1_VFLRP0_WSGRA0_WSGRB0_WS64_WG16_16_1_WGM8+0x1858>
	v_mov_b32_e32 v1, 0                                        // 000000005288: 7E020280
	s_cmp_neq_f32 s21, 0                                       // 00000000528C: BF4D8015
	s_mov_b32 s10, 0                                           // 000000005290: BE8A0080
	s_cbranch_scc1 1555                                        // 000000005294: BFA20613 <Cijk_Ailk_Bljk_SB_GB_MT128x64x8_SN_1LDSB0_APM1_ABV0_ACED0_AF0EM1_AF1EM1_AMAS0_ASE_ASGT_ASLT_ASM_ASAE01_ASCE01_ASEM1_AAC0_BL0_BS1_CLR0_DTLA0_DTLB0_DTVA0_DTVB0_DVO0_ETSP_EPS0_ELFLR0_EMLL0_FSSC10_FL0_GLVWA1_GLVWB1_GRCGA1_GRCGB1_GRPM1_GRVW1_GSU1_GSUASB_GLS0_ISA000_IU1_K1_KLS_LBSPPA0_LBSPPB0_LPA0_LPB0_LDL1_LRVW1_LWPMn1_LDW0_FMA_MIAV0_MDA2_MO40_MMFSC_MKFGSU256_NTA0_NTB0_NTC0_NTD0_NEPBS0_NLCA1_NLCB1_ONLL1_OPLV0_PK0_PAP0_PGR0_PLR0_PKA0_SIA1_SLW1_SS0_SU32_SUM0_SUS256_SCIUI1_SPO0_SRVW0_SSO0_SVW4_SNLL0_TSGRA0_TSGRB0_TT8_4_TLDS0_UMLDSA0_UMLDSB0_U64SL1_USFGRO0_VAW1_VS1_VW1_VWB1_VFLRP0_WSGRA0_WSGRB0_WS64_WG16_16_1_WGM8+0x2fe4>
	v_mul_f32_e32 v3, s20, v38                                 // 000000005298: 10064C14
	s_wait_alu 0xfffe                                          // 00000000529C: BF88FFFE
	s_and_not1_b32 vcc_lo, exec_lo, s10                        // 0000000052A0: 916A0A7E
	s_wait_alu 0xfffe                                          // 0000000052A4: BF88FFFE
	s_cbranch_vccnz 23                                         // 0000000052A8: BFA40017 <Cijk_Ailk_Bljk_SB_GB_MT128x64x8_SN_1LDSB0_APM1_ABV0_ACED0_AF0EM1_AF1EM1_AMAS0_ASE_ASGT_ASLT_ASM_ASAE01_ASCE01_ASEM1_AAC0_BL0_BS1_CLR0_DTLA0_DTLB0_DTVA0_DTVB0_DVO0_ETSP_EPS0_ELFLR0_EMLL0_FSSC10_FL0_GLVWA1_GLVWB1_GRCGA1_GRCGB1_GRPM1_GRVW1_GSU1_GSUASB_GLS0_ISA000_IU1_K1_KLS_LBSPPA0_LBSPPB0_LPA0_LPB0_LDL1_LRVW1_LWPMn1_LDW0_FMA_MIAV0_MDA2_MO40_MMFSC_MKFGSU256_NTA0_NTB0_NTC0_NTD0_NEPBS0_NLCA1_NLCB1_ONLL1_OPLV0_PK0_PAP0_PGR0_PLR0_PKA0_SIA1_SLW1_SS0_SU32_SUM0_SUS256_SCIUI1_SPO0_SRVW0_SSO0_SVW4_SNLL0_TSGRA0_TSGRB0_TT8_4_TLDS0_UMLDSA0_UMLDSB0_U64SL1_USFGRO0_VAW1_VS1_VW1_VWB1_VFLRP0_WSGRA0_WSGRB0_WS64_WG16_16_1_WGM8+0x1808>
	s_wait_kmcnt 0x0                                           // 0000000052AC: BFC70000
	v_mad_co_u64_u32 v[6:7], null, v5, s9, 0                   // 0000000052B0: D6FE7C06 02001305
	v_lshlrev_b64_e32 v[8:9], 2, v[0:1]                        // 0000000052B8: 3E100082
	s_delay_alu instid0(VALU_DEP_2) | instskip(NEXT) | instid1(VALU_DEP_1)// 0000000052BC: BF870092
	v_lshlrev_b64_e32 v[6:7], 2, v[6:7]                        // 0000000052C0: 3E0C0C82
	v_add_co_u32 v4, vcc_lo, s14, v6                           // 0000000052C4: D7006A04 00020C0E
	s_wait_alu 0xfffd                                          // 0000000052CC: BF88FFFD
	s_delay_alu instid0(VALU_DEP_2) | instskip(NEXT) | instid1(VALU_DEP_2)// 0000000052D0: BF870112
	v_add_co_ci_u32_e64 v7, null, s15, v7, vcc_lo              // 0000000052D4: D5207C07 01AA0E0F
	v_add_co_u32 v6, vcc_lo, v4, v8                            // 0000000052DC: D7006A06 00021104
	s_wait_alu 0xfffd                                          // 0000000052E4: BF88FFFD
	s_delay_alu instid0(VALU_DEP_2)                            // 0000000052E8: BF870002
	v_add_co_ci_u32_e64 v7, null, v7, v9, vcc_lo               // 0000000052EC: D5207C07 01AA1307
	flat_load_b32 v4, v[6:7] offset:448                        // 0000000052F4: EC05007C 00000004 0001C006
	s_wait_loadcnt_dscnt 0x0                                   // 000000005300: BFC80000
	v_fmac_f32_e32 v3, s21, v4                                 // 000000005304: 56060815
	v_mad_co_u64_u32 v[6:7], null, v5, s22, 0                  // 000000005308: D6FE7C06 02002D05
	v_lshlrev_b64_e32 v[8:9], 2, v[0:1]                        // 000000005310: 3E100082
	s_delay_alu instid0(VALU_DEP_2) | instskip(NEXT) | instid1(VALU_DEP_1)// 000000005314: BF870092
	v_lshlrev_b64_e32 v[6:7], 2, v[6:7]                        // 000000005318: 3E0C0C82
	v_add_co_u32 v1, vcc_lo, s12, v6                           // 00000000531C: D7006A01 00020C0C
	s_wait_alu 0xfffd                                          // 000000005324: BF88FFFD
	s_delay_alu instid0(VALU_DEP_2) | instskip(NEXT) | instid1(VALU_DEP_2)// 000000005328: BF870112
	v_add_co_ci_u32_e64 v4, null, s13, v7, vcc_lo              // 00000000532C: D5207C04 01AA0E0D
	v_add_co_u32 v6, vcc_lo, v1, v8                            // 000000005334: D7006A06 00021101
	s_wait_alu 0xfffd                                          // 00000000533C: BF88FFFD
	s_delay_alu instid0(VALU_DEP_2)                            // 000000005340: BF870002
	v_add_co_ci_u32_e64 v7, null, v4, v9, vcc_lo               // 000000005344: D5207C07 01AA1304
	flat_store_b32 v[6:7], v3 offset:448                       // 00000000534C: EC06807C 01800000 0001C006
	s_wait_alu 0xfffe                                          // 000000005358: BF88FFFE
	s_or_b32 exec_lo, exec_lo, s8                              // 00000000535C: 8C7E087E
	v_add_nc_u32_e32 v6, 16, v5                                // 000000005360: 4A0C0A90
	s_delay_alu instid0(VALU_DEP_1)                            // 000000005364: BF870001
	v_cmp_gt_u32_e64 s8, s11, v6                               // 000000005368: D44C0008 00020C0B
	s_and_b32 s16, s0, s8                                      // 000000005370: 8B100800
	s_wait_alu 0xfffe                                          // 000000005374: BF88FFFE
	s_and_saveexec_b32 s10, s16                                // 000000005378: BE8A2010
	s_cbranch_execnz 43                                        // 00000000537C: BFA6002B <Cijk_Ailk_Bljk_SB_GB_MT128x64x8_SN_1LDSB0_APM1_ABV0_ACED0_AF0EM1_AF1EM1_AMAS0_ASE_ASGT_ASLT_ASM_ASAE01_ASCE01_ASEM1_AAC0_BL0_BS1_CLR0_DTLA0_DTLB0_DTVA0_DTVB0_DVO0_ETSP_EPS0_ELFLR0_EMLL0_FSSC10_FL0_GLVWA1_GLVWB1_GRCGA1_GRCGB1_GRPM1_GRVW1_GSU1_GSUASB_GLS0_ISA000_IU1_K1_KLS_LBSPPA0_LBSPPB0_LPA0_LPB0_LDL1_LRVW1_LWPMn1_LDW0_FMA_MIAV0_MDA2_MO40_MMFSC_MKFGSU256_NTA0_NTB0_NTC0_NTD0_NEPBS0_NLCA1_NLCB1_ONLL1_OPLV0_PK0_PAP0_PGR0_PLR0_PKA0_SIA1_SLW1_SS0_SU32_SUM0_SUS256_SCIUI1_SPO0_SRVW0_SSO0_SVW4_SNLL0_TSGRA0_TSGRB0_TT8_4_TLDS0_UMLDSA0_UMLDSB0_U64SL1_USFGRO0_VAW1_VS1_VW1_VWB1_VFLRP0_WSGRA0_WSGRB0_WS64_WG16_16_1_WGM8+0x192c>
	s_wait_alu 0xfffe                                          // 000000005380: BF88FFFE
	s_or_b32 exec_lo, exec_lo, s10                             // 000000005384: 8C7E0A7E
	s_and_b32 s16, s1, s8                                      // 000000005388: 8B100801
	s_wait_alu 0xfffe                                          // 00000000538C: BF88FFFE
	s_and_saveexec_b32 s10, s16                                // 000000005390: BE8A2010
	s_cbranch_execnz 90                                        // 000000005394: BFA6005A <Cijk_Ailk_Bljk_SB_GB_MT128x64x8_SN_1LDSB0_APM1_ABV0_ACED0_AF0EM1_AF1EM1_AMAS0_ASE_ASGT_ASLT_ASM_ASAE01_ASCE01_ASEM1_AAC0_BL0_BS1_CLR0_DTLA0_DTLB0_DTVA0_DTVB0_DVO0_ETSP_EPS0_ELFLR0_EMLL0_FSSC10_FL0_GLVWA1_GLVWB1_GRCGA1_GRCGB1_GRPM1_GRVW1_GSU1_GSUASB_GLS0_ISA000_IU1_K1_KLS_LBSPPA0_LBSPPB0_LPA0_LPB0_LDL1_LRVW1_LWPMn1_LDW0_FMA_MIAV0_MDA2_MO40_MMFSC_MKFGSU256_NTA0_NTB0_NTC0_NTD0_NEPBS0_NLCA1_NLCB1_ONLL1_OPLV0_PK0_PAP0_PGR0_PLR0_PKA0_SIA1_SLW1_SS0_SU32_SUM0_SUS256_SCIUI1_SPO0_SRVW0_SSO0_SVW4_SNLL0_TSGRA0_TSGRB0_TT8_4_TLDS0_UMLDSA0_UMLDSB0_U64SL1_USFGRO0_VAW1_VS1_VW1_VWB1_VFLRP0_WSGRA0_WSGRB0_WS64_WG16_16_1_WGM8+0x1a00>
	s_wait_alu 0xfffe                                          // 000000005398: BF88FFFE
	s_or_b32 exec_lo, exec_lo, s10                             // 00000000539C: 8C7E0A7E
	s_and_b32 s16, s2, s8                                      // 0000000053A0: 8B100802
	s_wait_alu 0xfffe                                          // 0000000053A4: BF88FFFE
	s_and_saveexec_b32 s10, s16                                // 0000000053A8: BE8A2010
	s_cbranch_execnz 142                                       // 0000000053AC: BFA6008E <Cijk_Ailk_Bljk_SB_GB_MT128x64x8_SN_1LDSB0_APM1_ABV0_ACED0_AF0EM1_AF1EM1_AMAS0_ASE_ASGT_ASLT_ASM_ASAE01_ASCE01_ASEM1_AAC0_BL0_BS1_CLR0_DTLA0_DTLB0_DTVA0_DTVB0_DVO0_ETSP_EPS0_ELFLR0_EMLL0_FSSC10_FL0_GLVWA1_GLVWB1_GRCGA1_GRCGB1_GRPM1_GRVW1_GSU1_GSUASB_GLS0_ISA000_IU1_K1_KLS_LBSPPA0_LBSPPB0_LPA0_LPB0_LDL1_LRVW1_LWPMn1_LDW0_FMA_MIAV0_MDA2_MO40_MMFSC_MKFGSU256_NTA0_NTB0_NTC0_NTD0_NEPBS0_NLCA1_NLCB1_ONLL1_OPLV0_PK0_PAP0_PGR0_PLR0_PKA0_SIA1_SLW1_SS0_SU32_SUM0_SUS256_SCIUI1_SPO0_SRVW0_SSO0_SVW4_SNLL0_TSGRA0_TSGRB0_TT8_4_TLDS0_UMLDSA0_UMLDSB0_U64SL1_USFGRO0_VAW1_VS1_VW1_VWB1_VFLRP0_WSGRA0_WSGRB0_WS64_WG16_16_1_WGM8+0x1ae8>
	s_wait_alu 0xfffe                                          // 0000000053B0: BF88FFFE
	s_or_b32 exec_lo, exec_lo, s10                             // 0000000053B4: 8C7E0A7E
	s_and_b32 s16, s3, s8                                      // 0000000053B8: 8B100803
	s_wait_alu 0xfffe                                          // 0000000053BC: BF88FFFE
	s_and_saveexec_b32 s10, s16                                // 0000000053C0: BE8A2010
	s_cbranch_execnz 194                                       // 0000000053C4: BFA600C2 <Cijk_Ailk_Bljk_SB_GB_MT128x64x8_SN_1LDSB0_APM1_ABV0_ACED0_AF0EM1_AF1EM1_AMAS0_ASE_ASGT_ASLT_ASM_ASAE01_ASCE01_ASEM1_AAC0_BL0_BS1_CLR0_DTLA0_DTLB0_DTVA0_DTVB0_DVO0_ETSP_EPS0_ELFLR0_EMLL0_FSSC10_FL0_GLVWA1_GLVWB1_GRCGA1_GRCGB1_GRPM1_GRVW1_GSU1_GSUASB_GLS0_ISA000_IU1_K1_KLS_LBSPPA0_LBSPPB0_LPA0_LPB0_LDL1_LRVW1_LWPMn1_LDW0_FMA_MIAV0_MDA2_MO40_MMFSC_MKFGSU256_NTA0_NTB0_NTC0_NTD0_NEPBS0_NLCA1_NLCB1_ONLL1_OPLV0_PK0_PAP0_PGR0_PLR0_PKA0_SIA1_SLW1_SS0_SU32_SUM0_SUS256_SCIUI1_SPO0_SRVW0_SSO0_SVW4_SNLL0_TSGRA0_TSGRB0_TT8_4_TLDS0_UMLDSA0_UMLDSB0_U64SL1_USFGRO0_VAW1_VS1_VW1_VWB1_VFLRP0_WSGRA0_WSGRB0_WS64_WG16_16_1_WGM8+0x1bd0>
	s_wait_alu 0xfffe                                          // 0000000053C8: BF88FFFE
	s_or_b32 exec_lo, exec_lo, s10                             // 0000000053CC: 8C7E0A7E
	s_and_b32 s16, s4, s8                                      // 0000000053D0: 8B100804
	s_wait_alu 0xfffe                                          // 0000000053D4: BF88FFFE
	s_and_saveexec_b32 s10, s16                                // 0000000053D8: BE8A2010
	s_cbranch_execnz 246                                       // 0000000053DC: BFA600F6 <Cijk_Ailk_Bljk_SB_GB_MT128x64x8_SN_1LDSB0_APM1_ABV0_ACED0_AF0EM1_AF1EM1_AMAS0_ASE_ASGT_ASLT_ASM_ASAE01_ASCE01_ASEM1_AAC0_BL0_BS1_CLR0_DTLA0_DTLB0_DTVA0_DTVB0_DVO0_ETSP_EPS0_ELFLR0_EMLL0_FSSC10_FL0_GLVWA1_GLVWB1_GRCGA1_GRCGB1_GRPM1_GRVW1_GSU1_GSUASB_GLS0_ISA000_IU1_K1_KLS_LBSPPA0_LBSPPB0_LPA0_LPB0_LDL1_LRVW1_LWPMn1_LDW0_FMA_MIAV0_MDA2_MO40_MMFSC_MKFGSU256_NTA0_NTB0_NTC0_NTD0_NEPBS0_NLCA1_NLCB1_ONLL1_OPLV0_PK0_PAP0_PGR0_PLR0_PKA0_SIA1_SLW1_SS0_SU32_SUM0_SUS256_SCIUI1_SPO0_SRVW0_SSO0_SVW4_SNLL0_TSGRA0_TSGRB0_TT8_4_TLDS0_UMLDSA0_UMLDSB0_U64SL1_USFGRO0_VAW1_VS1_VW1_VWB1_VFLRP0_WSGRA0_WSGRB0_WS64_WG16_16_1_WGM8+0x1cb8>
	s_wait_alu 0xfffe                                          // 0000000053E0: BF88FFFE
	s_or_b32 exec_lo, exec_lo, s10                             // 0000000053E4: 8C7E0A7E
	s_and_b32 s16, s5, s8                                      // 0000000053E8: 8B100805
	s_wait_alu 0xfffe                                          // 0000000053EC: BF88FFFE
	s_and_saveexec_b32 s10, s16                                // 0000000053F0: BE8A2010
	s_cbranch_execnz 298                                       // 0000000053F4: BFA6012A <Cijk_Ailk_Bljk_SB_GB_MT128x64x8_SN_1LDSB0_APM1_ABV0_ACED0_AF0EM1_AF1EM1_AMAS0_ASE_ASGT_ASLT_ASM_ASAE01_ASCE01_ASEM1_AAC0_BL0_BS1_CLR0_DTLA0_DTLB0_DTVA0_DTVB0_DVO0_ETSP_EPS0_ELFLR0_EMLL0_FSSC10_FL0_GLVWA1_GLVWB1_GRCGA1_GRCGB1_GRPM1_GRVW1_GSU1_GSUASB_GLS0_ISA000_IU1_K1_KLS_LBSPPA0_LBSPPB0_LPA0_LPB0_LDL1_LRVW1_LWPMn1_LDW0_FMA_MIAV0_MDA2_MO40_MMFSC_MKFGSU256_NTA0_NTB0_NTC0_NTD0_NEPBS0_NLCA1_NLCB1_ONLL1_OPLV0_PK0_PAP0_PGR0_PLR0_PKA0_SIA1_SLW1_SS0_SU32_SUM0_SUS256_SCIUI1_SPO0_SRVW0_SSO0_SVW4_SNLL0_TSGRA0_TSGRB0_TT8_4_TLDS0_UMLDSA0_UMLDSB0_U64SL1_USFGRO0_VAW1_VS1_VW1_VWB1_VFLRP0_WSGRA0_WSGRB0_WS64_WG16_16_1_WGM8+0x1da0>
	s_wait_alu 0xfffe                                          // 0000000053F8: BF88FFFE
	s_or_b32 exec_lo, exec_lo, s10                             // 0000000053FC: 8C7E0A7E
	s_and_b32 s16, s6, s8                                      // 000000005400: 8B100806
	s_wait_alu 0xfffe                                          // 000000005404: BF88FFFE
	s_and_saveexec_b32 s10, s16                                // 000000005408: BE8A2010
	s_cbranch_execnz 350                                       // 00000000540C: BFA6015E <Cijk_Ailk_Bljk_SB_GB_MT128x64x8_SN_1LDSB0_APM1_ABV0_ACED0_AF0EM1_AF1EM1_AMAS0_ASE_ASGT_ASLT_ASM_ASAE01_ASCE01_ASEM1_AAC0_BL0_BS1_CLR0_DTLA0_DTLB0_DTVA0_DTVB0_DVO0_ETSP_EPS0_ELFLR0_EMLL0_FSSC10_FL0_GLVWA1_GLVWB1_GRCGA1_GRCGB1_GRPM1_GRVW1_GSU1_GSUASB_GLS0_ISA000_IU1_K1_KLS_LBSPPA0_LBSPPB0_LPA0_LPB0_LDL1_LRVW1_LWPMn1_LDW0_FMA_MIAV0_MDA2_MO40_MMFSC_MKFGSU256_NTA0_NTB0_NTC0_NTD0_NEPBS0_NLCA1_NLCB1_ONLL1_OPLV0_PK0_PAP0_PGR0_PLR0_PKA0_SIA1_SLW1_SS0_SU32_SUM0_SUS256_SCIUI1_SPO0_SRVW0_SSO0_SVW4_SNLL0_TSGRA0_TSGRB0_TT8_4_TLDS0_UMLDSA0_UMLDSB0_U64SL1_USFGRO0_VAW1_VS1_VW1_VWB1_VFLRP0_WSGRA0_WSGRB0_WS64_WG16_16_1_WGM8+0x1e88>
	s_wait_alu 0xfffe                                          // 000000005410: BF88FFFE
	s_or_b32 exec_lo, exec_lo, s10                             // 000000005414: 8C7E0A7E
	s_and_b32 s10, s7, s8                                      // 000000005418: 8B0A0807
	s_wait_alu 0xfffe                                          // 00000000541C: BF88FFFE
	s_and_saveexec_b32 s8, s10                                 // 000000005420: BE88200A
	s_cbranch_execnz 402                                       // 000000005424: BFA60192 <Cijk_Ailk_Bljk_SB_GB_MT128x64x8_SN_1LDSB0_APM1_ABV0_ACED0_AF0EM1_AF1EM1_AMAS0_ASE_ASGT_ASLT_ASM_ASAE01_ASCE01_ASEM1_AAC0_BL0_BS1_CLR0_DTLA0_DTLB0_DTVA0_DTVB0_DVO0_ETSP_EPS0_ELFLR0_EMLL0_FSSC10_FL0_GLVWA1_GLVWB1_GRCGA1_GRCGB1_GRPM1_GRVW1_GSU1_GSUASB_GLS0_ISA000_IU1_K1_KLS_LBSPPA0_LBSPPB0_LPA0_LPB0_LDL1_LRVW1_LWPMn1_LDW0_FMA_MIAV0_MDA2_MO40_MMFSC_MKFGSU256_NTA0_NTB0_NTC0_NTD0_NEPBS0_NLCA1_NLCB1_ONLL1_OPLV0_PK0_PAP0_PGR0_PLR0_PKA0_SIA1_SLW1_SS0_SU32_SUM0_SUS256_SCIUI1_SPO0_SRVW0_SSO0_SVW4_SNLL0_TSGRA0_TSGRB0_TT8_4_TLDS0_UMLDSA0_UMLDSB0_U64SL1_USFGRO0_VAW1_VS1_VW1_VWB1_VFLRP0_WSGRA0_WSGRB0_WS64_WG16_16_1_WGM8+0x1f70>
	s_branch 453                                               // 000000005428: BFA001C5 <Cijk_Ailk_Bljk_SB_GB_MT128x64x8_SN_1LDSB0_APM1_ABV0_ACED0_AF0EM1_AF1EM1_AMAS0_ASE_ASGT_ASLT_ASM_ASAE01_ASCE01_ASEM1_AAC0_BL0_BS1_CLR0_DTLA0_DTLB0_DTVA0_DTVB0_DVO0_ETSP_EPS0_ELFLR0_EMLL0_FSSC10_FL0_GLVWA1_GLVWB1_GRCGA1_GRCGB1_GRPM1_GRVW1_GSU1_GSUASB_GLS0_ISA000_IU1_K1_KLS_LBSPPA0_LBSPPB0_LPA0_LPB0_LDL1_LRVW1_LWPMn1_LDW0_FMA_MIAV0_MDA2_MO40_MMFSC_MKFGSU256_NTA0_NTB0_NTC0_NTD0_NEPBS0_NLCA1_NLCB1_ONLL1_OPLV0_PK0_PAP0_PGR0_PLR0_PKA0_SIA1_SLW1_SS0_SU32_SUM0_SUS256_SCIUI1_SPO0_SRVW0_SSO0_SVW4_SNLL0_TSGRA0_TSGRB0_TT8_4_TLDS0_UMLDSA0_UMLDSB0_U64SL1_USFGRO0_VAW1_VS1_VW1_VWB1_VFLRP0_WSGRA0_WSGRB0_WS64_WG16_16_1_WGM8+0x2040>
	v_mov_b32_e32 v1, 0                                        // 00000000542C: 7E020280
	s_cmp_eq_f32 s21, 0                                        // 000000005430: BF428015
	s_delay_alu instid0(VALU_DEP_1)                            // 000000005434: BF870001
	v_lshlrev_b64_e32 v[3:4], 2, v[0:1]                        // 000000005438: 3E060082
	v_mul_f32_e32 v1, s20, v37                                 // 00000000543C: 10024A14
	s_cbranch_scc1 22                                          // 000000005440: BFA20016 <Cijk_Ailk_Bljk_SB_GB_MT128x64x8_SN_1LDSB0_APM1_ABV0_ACED0_AF0EM1_AF1EM1_AMAS0_ASE_ASGT_ASLT_ASM_ASAE01_ASCE01_ASEM1_AAC0_BL0_BS1_CLR0_DTLA0_DTLB0_DTVA0_DTVB0_DVO0_ETSP_EPS0_ELFLR0_EMLL0_FSSC10_FL0_GLVWA1_GLVWB1_GRCGA1_GRCGB1_GRPM1_GRVW1_GSU1_GSUASB_GLS0_ISA000_IU1_K1_KLS_LBSPPA0_LBSPPB0_LPA0_LPB0_LDL1_LRVW1_LWPMn1_LDW0_FMA_MIAV0_MDA2_MO40_MMFSC_MKFGSU256_NTA0_NTB0_NTC0_NTD0_NEPBS0_NLCA1_NLCB1_ONLL1_OPLV0_PK0_PAP0_PGR0_PLR0_PKA0_SIA1_SLW1_SS0_SU32_SUM0_SUS256_SCIUI1_SPO0_SRVW0_SSO0_SVW4_SNLL0_TSGRA0_TSGRB0_TT8_4_TLDS0_UMLDSA0_UMLDSB0_U64SL1_USFGRO0_VAW1_VS1_VW1_VWB1_VFLRP0_WSGRA0_WSGRB0_WS64_WG16_16_1_WGM8+0x199c>
	s_wait_kmcnt 0x0                                           // 000000005444: BFC70000
	v_mad_co_u64_u32 v[7:8], null, v6, s9, 0                   // 000000005448: D6FE7C07 02001306
	s_delay_alu instid0(VALU_DEP_1) | instskip(NEXT) | instid1(VALU_DEP_1)// 000000005450: BF870091
	v_lshlrev_b64_e32 v[7:8], 2, v[7:8]                        // 000000005454: 3E0E0E82
	v_add_co_u32 v7, vcc_lo, s14, v7                           // 000000005458: D7006A07 00020E0E
	s_wait_alu 0xfffd                                          // 000000005460: BF88FFFD
	s_delay_alu instid0(VALU_DEP_2) | instskip(NEXT) | instid1(VALU_DEP_2)// 000000005464: BF870112
	v_add_co_ci_u32_e64 v8, null, s15, v8, vcc_lo              // 000000005468: D5207C08 01AA100F
	v_add_co_u32 v7, vcc_lo, v7, v3                            // 000000005470: D7006A07 00020707
	s_wait_alu 0xfffd                                          // 000000005478: BF88FFFD
	s_delay_alu instid0(VALU_DEP_2)                            // 00000000547C: BF870002
	v_add_co_ci_u32_e64 v8, null, v8, v4, vcc_lo               // 000000005480: D5207C08 01AA0908
	flat_load_b32 v7, v[7:8]                                   // 000000005488: EC05007C 00000007 00000007
	s_wait_loadcnt_dscnt 0x0                                   // 000000005494: BFC80000
	v_fmac_f32_e32 v1, s21, v7                                 // 000000005498: 56020E15
	v_mad_co_u64_u32 v[7:8], null, v6, s22, 0                  // 00000000549C: D6FE7C07 02002D06
	s_delay_alu instid0(VALU_DEP_1) | instskip(NEXT) | instid1(VALU_DEP_1)// 0000000054A4: BF870091
	v_lshlrev_b64_e32 v[7:8], 2, v[7:8]                        // 0000000054A8: 3E0E0E82
	v_add_co_u32 v7, vcc_lo, s12, v7                           // 0000000054AC: D7006A07 00020E0C
	s_wait_alu 0xfffd                                          // 0000000054B4: BF88FFFD
	s_delay_alu instid0(VALU_DEP_2) | instskip(NEXT) | instid1(VALU_DEP_2)// 0000000054B8: BF870112
	v_add_co_ci_u32_e64 v8, null, s13, v8, vcc_lo              // 0000000054BC: D5207C08 01AA100D
	v_add_co_u32 v3, vcc_lo, v7, v3                            // 0000000054C4: D7006A03 00020707
	s_wait_alu 0xfffd                                          // 0000000054CC: BF88FFFD
	s_delay_alu instid0(VALU_DEP_2)                            // 0000000054D0: BF870002
	v_add_co_ci_u32_e64 v4, null, v8, v4, vcc_lo               // 0000000054D4: D5207C04 01AA0908
	flat_store_b32 v[3:4], v1                                  // 0000000054DC: EC06807C 00800000 00000003
	s_wait_alu 0xfffe                                          // 0000000054E8: BF88FFFE
	s_or_b32 exec_lo, exec_lo, s10                             // 0000000054EC: 8C7E0A7E
	s_and_b32 s16, s1, s8                                      // 0000000054F0: 8B100801
	s_wait_alu 0xfffe                                          // 0000000054F4: BF88FFFE
	s_and_saveexec_b32 s10, s16                                // 0000000054F8: BE8A2010
	s_cbranch_execz 65446                                      // 0000000054FC: BFA5FFA6 <Cijk_Ailk_Bljk_SB_GB_MT128x64x8_SN_1LDSB0_APM1_ABV0_ACED0_AF0EM1_AF1EM1_AMAS0_ASE_ASGT_ASLT_ASM_ASAE01_ASCE01_ASEM1_AAC0_BL0_BS1_CLR0_DTLA0_DTLB0_DTVA0_DTVB0_DVO0_ETSP_EPS0_ELFLR0_EMLL0_FSSC10_FL0_GLVWA1_GLVWB1_GRCGA1_GRCGB1_GRPM1_GRVW1_GSU1_GSUASB_GLS0_ISA000_IU1_K1_KLS_LBSPPA0_LBSPPB0_LPA0_LPB0_LDL1_LRVW1_LWPMn1_LDW0_FMA_MIAV0_MDA2_MO40_MMFSC_MKFGSU256_NTA0_NTB0_NTC0_NTD0_NEPBS0_NLCA1_NLCB1_ONLL1_OPLV0_PK0_PAP0_PGR0_PLR0_PKA0_SIA1_SLW1_SS0_SU32_SUM0_SUS256_SCIUI1_SPO0_SRVW0_SSO0_SVW4_SNLL0_TSGRA0_TSGRB0_TT8_4_TLDS0_UMLDSA0_UMLDSB0_U64SL1_USFGRO0_VAW1_VS1_VW1_VWB1_VFLRP0_WSGRA0_WSGRB0_WS64_WG16_16_1_WGM8+0x1898>
	v_mov_b32_e32 v1, 0                                        // 000000005500: 7E020280
	s_cmp_neq_f32 s21, 0                                       // 000000005504: BF4D8015
	s_mov_b32 s16, 0                                           // 000000005508: BE900080
	s_cbranch_scc1 1399                                        // 00000000550C: BFA20577 <Cijk_Ailk_Bljk_SB_GB_MT128x64x8_SN_1LDSB0_APM1_ABV0_ACED0_AF0EM1_AF1EM1_AMAS0_ASE_ASGT_ASLT_ASM_ASAE01_ASCE01_ASEM1_AAC0_BL0_BS1_CLR0_DTLA0_DTLB0_DTVA0_DTVB0_DVO0_ETSP_EPS0_ELFLR0_EMLL0_FSSC10_FL0_GLVWA1_GLVWB1_GRCGA1_GRCGB1_GRPM1_GRVW1_GSU1_GSUASB_GLS0_ISA000_IU1_K1_KLS_LBSPPA0_LBSPPB0_LPA0_LPB0_LDL1_LRVW1_LWPMn1_LDW0_FMA_MIAV0_MDA2_MO40_MMFSC_MKFGSU256_NTA0_NTB0_NTC0_NTD0_NEPBS0_NLCA1_NLCB1_ONLL1_OPLV0_PK0_PAP0_PGR0_PLR0_PKA0_SIA1_SLW1_SS0_SU32_SUM0_SUS256_SCIUI1_SPO0_SRVW0_SSO0_SVW4_SNLL0_TSGRA0_TSGRB0_TT8_4_TLDS0_UMLDSA0_UMLDSB0_U64SL1_USFGRO0_VAW1_VS1_VW1_VWB1_VFLRP0_WSGRA0_WSGRB0_WS64_WG16_16_1_WGM8+0x2fec>
	v_mul_f32_e32 v3, s20, v36                                 // 000000005510: 10064814
	s_wait_alu 0xfffe                                          // 000000005514: BF88FFFE
	s_and_not1_b32 vcc_lo, exec_lo, s16                        // 000000005518: 916A107E
	s_wait_alu 0xfffe                                          // 00000000551C: BF88FFFE
	s_cbranch_vccnz 23                                         // 000000005520: BFA40017 <Cijk_Ailk_Bljk_SB_GB_MT128x64x8_SN_1LDSB0_APM1_ABV0_ACED0_AF0EM1_AF1EM1_AMAS0_ASE_ASGT_ASLT_ASM_ASAE01_ASCE01_ASEM1_AAC0_BL0_BS1_CLR0_DTLA0_DTLB0_DTVA0_DTVB0_DVO0_ETSP_EPS0_ELFLR0_EMLL0_FSSC10_FL0_GLVWA1_GLVWB1_GRCGA1_GRCGB1_GRPM1_GRVW1_GSU1_GSUASB_GLS0_ISA000_IU1_K1_KLS_LBSPPA0_LBSPPB0_LPA0_LPB0_LDL1_LRVW1_LWPMn1_LDW0_FMA_MIAV0_MDA2_MO40_MMFSC_MKFGSU256_NTA0_NTB0_NTC0_NTD0_NEPBS0_NLCA1_NLCB1_ONLL1_OPLV0_PK0_PAP0_PGR0_PLR0_PKA0_SIA1_SLW1_SS0_SU32_SUM0_SUS256_SCIUI1_SPO0_SRVW0_SSO0_SVW4_SNLL0_TSGRA0_TSGRB0_TT8_4_TLDS0_UMLDSA0_UMLDSB0_U64SL1_USFGRO0_VAW1_VS1_VW1_VWB1_VFLRP0_WSGRA0_WSGRB0_WS64_WG16_16_1_WGM8+0x1a80>
	s_wait_kmcnt 0x0                                           // 000000005524: BFC70000
	v_mad_co_u64_u32 v[7:8], null, v6, s9, 0                   // 000000005528: D6FE7C07 02001306
	v_lshlrev_b64_e32 v[9:10], 2, v[0:1]                       // 000000005530: 3E120082
	s_delay_alu instid0(VALU_DEP_2) | instskip(NEXT) | instid1(VALU_DEP_1)// 000000005534: BF870092
	v_lshlrev_b64_e32 v[7:8], 2, v[7:8]                        // 000000005538: 3E0E0E82
	v_add_co_u32 v4, vcc_lo, s14, v7                           // 00000000553C: D7006A04 00020E0E
	s_wait_alu 0xfffd                                          // 000000005544: BF88FFFD
	s_delay_alu instid0(VALU_DEP_2) | instskip(NEXT) | instid1(VALU_DEP_2)// 000000005548: BF870112
	v_add_co_ci_u32_e64 v8, null, s15, v8, vcc_lo              // 00000000554C: D5207C08 01AA100F
	v_add_co_u32 v7, vcc_lo, v4, v9                            // 000000005554: D7006A07 00021304
	s_wait_alu 0xfffd                                          // 00000000555C: BF88FFFD
	s_delay_alu instid0(VALU_DEP_2)                            // 000000005560: BF870002
	v_add_co_ci_u32_e64 v8, null, v8, v10, vcc_lo              // 000000005564: D5207C08 01AA1508
	flat_load_b32 v4, v[7:8] offset:64                         // 00000000556C: EC05007C 00000004 00004007
	s_wait_loadcnt_dscnt 0x0                                   // 000000005578: BFC80000
	v_fmac_f32_e32 v3, s21, v4                                 // 00000000557C: 56060815
	v_mad_co_u64_u32 v[7:8], null, v6, s22, 0                  // 000000005580: D6FE7C07 02002D06
	v_lshlrev_b64_e32 v[9:10], 2, v[0:1]                       // 000000005588: 3E120082
	s_delay_alu instid0(VALU_DEP_2) | instskip(NEXT) | instid1(VALU_DEP_1)// 00000000558C: BF870092
	v_lshlrev_b64_e32 v[7:8], 2, v[7:8]                        // 000000005590: 3E0E0E82
	v_add_co_u32 v1, vcc_lo, s12, v7                           // 000000005594: D7006A01 00020E0C
	s_wait_alu 0xfffd                                          // 00000000559C: BF88FFFD
	s_delay_alu instid0(VALU_DEP_2) | instskip(NEXT) | instid1(VALU_DEP_2)// 0000000055A0: BF870112
	v_add_co_ci_u32_e64 v4, null, s13, v8, vcc_lo              // 0000000055A4: D5207C04 01AA100D
	v_add_co_u32 v7, vcc_lo, v1, v9                            // 0000000055AC: D7006A07 00021301
	s_wait_alu 0xfffd                                          // 0000000055B4: BF88FFFD
	s_delay_alu instid0(VALU_DEP_2)                            // 0000000055B8: BF870002
	v_add_co_ci_u32_e64 v8, null, v4, v10, vcc_lo              // 0000000055BC: D5207C08 01AA1504
	flat_store_b32 v[7:8], v3 offset:64                        // 0000000055C4: EC06807C 01800000 00004007
	s_wait_alu 0xfffe                                          // 0000000055D0: BF88FFFE
	s_or_b32 exec_lo, exec_lo, s10                             // 0000000055D4: 8C7E0A7E
	s_and_b32 s16, s2, s8                                      // 0000000055D8: 8B100802
	s_wait_alu 0xfffe                                          // 0000000055DC: BF88FFFE
	s_and_saveexec_b32 s10, s16                                // 0000000055E0: BE8A2010
	s_cbranch_execz 65394                                      // 0000000055E4: BFA5FF72 <Cijk_Ailk_Bljk_SB_GB_MT128x64x8_SN_1LDSB0_APM1_ABV0_ACED0_AF0EM1_AF1EM1_AMAS0_ASE_ASGT_ASLT_ASM_ASAE01_ASCE01_ASEM1_AAC0_BL0_BS1_CLR0_DTLA0_DTLB0_DTVA0_DTVB0_DVO0_ETSP_EPS0_ELFLR0_EMLL0_FSSC10_FL0_GLVWA1_GLVWB1_GRCGA1_GRCGB1_GRPM1_GRVW1_GSU1_GSUASB_GLS0_ISA000_IU1_K1_KLS_LBSPPA0_LBSPPB0_LPA0_LPB0_LDL1_LRVW1_LWPMn1_LDW0_FMA_MIAV0_MDA2_MO40_MMFSC_MKFGSU256_NTA0_NTB0_NTC0_NTD0_NEPBS0_NLCA1_NLCB1_ONLL1_OPLV0_PK0_PAP0_PGR0_PLR0_PKA0_SIA1_SLW1_SS0_SU32_SUM0_SUS256_SCIUI1_SPO0_SRVW0_SSO0_SVW4_SNLL0_TSGRA0_TSGRB0_TT8_4_TLDS0_UMLDSA0_UMLDSB0_U64SL1_USFGRO0_VAW1_VS1_VW1_VWB1_VFLRP0_WSGRA0_WSGRB0_WS64_WG16_16_1_WGM8+0x18b0>
	v_mov_b32_e32 v1, 0                                        // 0000000055E8: 7E020280
	s_cmp_neq_f32 s21, 0                                       // 0000000055EC: BF4D8015
	s_mov_b32 s16, 0                                           // 0000000055F0: BE900080
	s_cbranch_scc1 1343                                        // 0000000055F4: BFA2053F <Cijk_Ailk_Bljk_SB_GB_MT128x64x8_SN_1LDSB0_APM1_ABV0_ACED0_AF0EM1_AF1EM1_AMAS0_ASE_ASGT_ASLT_ASM_ASAE01_ASCE01_ASEM1_AAC0_BL0_BS1_CLR0_DTLA0_DTLB0_DTVA0_DTVB0_DVO0_ETSP_EPS0_ELFLR0_EMLL0_FSSC10_FL0_GLVWA1_GLVWB1_GRCGA1_GRCGB1_GRPM1_GRVW1_GSU1_GSUASB_GLS0_ISA000_IU1_K1_KLS_LBSPPA0_LBSPPB0_LPA0_LPB0_LDL1_LRVW1_LWPMn1_LDW0_FMA_MIAV0_MDA2_MO40_MMFSC_MKFGSU256_NTA0_NTB0_NTC0_NTD0_NEPBS0_NLCA1_NLCB1_ONLL1_OPLV0_PK0_PAP0_PGR0_PLR0_PKA0_SIA1_SLW1_SS0_SU32_SUM0_SUS256_SCIUI1_SPO0_SRVW0_SSO0_SVW4_SNLL0_TSGRA0_TSGRB0_TT8_4_TLDS0_UMLDSA0_UMLDSB0_U64SL1_USFGRO0_VAW1_VS1_VW1_VWB1_VFLRP0_WSGRA0_WSGRB0_WS64_WG16_16_1_WGM8+0x2ff4>
	v_mul_f32_e32 v3, s20, v35                                 // 0000000055F8: 10064614
	s_wait_alu 0xfffe                                          // 0000000055FC: BF88FFFE
	s_and_not1_b32 vcc_lo, exec_lo, s16                        // 000000005600: 916A107E
	s_wait_alu 0xfffe                                          // 000000005604: BF88FFFE
	s_cbranch_vccnz 23                                         // 000000005608: BFA40017 <Cijk_Ailk_Bljk_SB_GB_MT128x64x8_SN_1LDSB0_APM1_ABV0_ACED0_AF0EM1_AF1EM1_AMAS0_ASE_ASGT_ASLT_ASM_ASAE01_ASCE01_ASEM1_AAC0_BL0_BS1_CLR0_DTLA0_DTLB0_DTVA0_DTVB0_DVO0_ETSP_EPS0_ELFLR0_EMLL0_FSSC10_FL0_GLVWA1_GLVWB1_GRCGA1_GRCGB1_GRPM1_GRVW1_GSU1_GSUASB_GLS0_ISA000_IU1_K1_KLS_LBSPPA0_LBSPPB0_LPA0_LPB0_LDL1_LRVW1_LWPMn1_LDW0_FMA_MIAV0_MDA2_MO40_MMFSC_MKFGSU256_NTA0_NTB0_NTC0_NTD0_NEPBS0_NLCA1_NLCB1_ONLL1_OPLV0_PK0_PAP0_PGR0_PLR0_PKA0_SIA1_SLW1_SS0_SU32_SUM0_SUS256_SCIUI1_SPO0_SRVW0_SSO0_SVW4_SNLL0_TSGRA0_TSGRB0_TT8_4_TLDS0_UMLDSA0_UMLDSB0_U64SL1_USFGRO0_VAW1_VS1_VW1_VWB1_VFLRP0_WSGRA0_WSGRB0_WS64_WG16_16_1_WGM8+0x1b68>
	s_wait_kmcnt 0x0                                           // 00000000560C: BFC70000
	v_mad_co_u64_u32 v[7:8], null, v6, s9, 0                   // 000000005610: D6FE7C07 02001306
	v_lshlrev_b64_e32 v[9:10], 2, v[0:1]                       // 000000005618: 3E120082
	s_delay_alu instid0(VALU_DEP_2) | instskip(NEXT) | instid1(VALU_DEP_1)// 00000000561C: BF870092
	v_lshlrev_b64_e32 v[7:8], 2, v[7:8]                        // 000000005620: 3E0E0E82
	v_add_co_u32 v4, vcc_lo, s14, v7                           // 000000005624: D7006A04 00020E0E
	s_wait_alu 0xfffd                                          // 00000000562C: BF88FFFD
	s_delay_alu instid0(VALU_DEP_2) | instskip(NEXT) | instid1(VALU_DEP_2)// 000000005630: BF870112
	v_add_co_ci_u32_e64 v8, null, s15, v8, vcc_lo              // 000000005634: D5207C08 01AA100F
	v_add_co_u32 v7, vcc_lo, v4, v9                            // 00000000563C: D7006A07 00021304
	s_wait_alu 0xfffd                                          // 000000005644: BF88FFFD
	s_delay_alu instid0(VALU_DEP_2)                            // 000000005648: BF870002
	v_add_co_ci_u32_e64 v8, null, v8, v10, vcc_lo              // 00000000564C: D5207C08 01AA1508
	flat_load_b32 v4, v[7:8] offset:128                        // 000000005654: EC05007C 00000004 00008007
	s_wait_loadcnt_dscnt 0x0                                   // 000000005660: BFC80000
	v_fmac_f32_e32 v3, s21, v4                                 // 000000005664: 56060815
	v_mad_co_u64_u32 v[7:8], null, v6, s22, 0                  // 000000005668: D6FE7C07 02002D06
	v_lshlrev_b64_e32 v[9:10], 2, v[0:1]                       // 000000005670: 3E120082
	s_delay_alu instid0(VALU_DEP_2) | instskip(NEXT) | instid1(VALU_DEP_1)// 000000005674: BF870092
	v_lshlrev_b64_e32 v[7:8], 2, v[7:8]                        // 000000005678: 3E0E0E82
	v_add_co_u32 v1, vcc_lo, s12, v7                           // 00000000567C: D7006A01 00020E0C
	s_wait_alu 0xfffd                                          // 000000005684: BF88FFFD
	s_delay_alu instid0(VALU_DEP_2) | instskip(NEXT) | instid1(VALU_DEP_2)// 000000005688: BF870112
	v_add_co_ci_u32_e64 v4, null, s13, v8, vcc_lo              // 00000000568C: D5207C04 01AA100D
	v_add_co_u32 v7, vcc_lo, v1, v9                            // 000000005694: D7006A07 00021301
	s_wait_alu 0xfffd                                          // 00000000569C: BF88FFFD
	s_delay_alu instid0(VALU_DEP_2)                            // 0000000056A0: BF870002
	v_add_co_ci_u32_e64 v8, null, v4, v10, vcc_lo              // 0000000056A4: D5207C08 01AA1504
	flat_store_b32 v[7:8], v3 offset:128                       // 0000000056AC: EC06807C 01800000 00008007
	s_wait_alu 0xfffe                                          // 0000000056B8: BF88FFFE
	s_or_b32 exec_lo, exec_lo, s10                             // 0000000056BC: 8C7E0A7E
	s_and_b32 s16, s3, s8                                      // 0000000056C0: 8B100803
	s_wait_alu 0xfffe                                          // 0000000056C4: BF88FFFE
	s_and_saveexec_b32 s10, s16                                // 0000000056C8: BE8A2010
	s_cbranch_execz 65342                                      // 0000000056CC: BFA5FF3E <Cijk_Ailk_Bljk_SB_GB_MT128x64x8_SN_1LDSB0_APM1_ABV0_ACED0_AF0EM1_AF1EM1_AMAS0_ASE_ASGT_ASLT_ASM_ASAE01_ASCE01_ASEM1_AAC0_BL0_BS1_CLR0_DTLA0_DTLB0_DTVA0_DTVB0_DVO0_ETSP_EPS0_ELFLR0_EMLL0_FSSC10_FL0_GLVWA1_GLVWB1_GRCGA1_GRCGB1_GRPM1_GRVW1_GSU1_GSUASB_GLS0_ISA000_IU1_K1_KLS_LBSPPA0_LBSPPB0_LPA0_LPB0_LDL1_LRVW1_LWPMn1_LDW0_FMA_MIAV0_MDA2_MO40_MMFSC_MKFGSU256_NTA0_NTB0_NTC0_NTD0_NEPBS0_NLCA1_NLCB1_ONLL1_OPLV0_PK0_PAP0_PGR0_PLR0_PKA0_SIA1_SLW1_SS0_SU32_SUM0_SUS256_SCIUI1_SPO0_SRVW0_SSO0_SVW4_SNLL0_TSGRA0_TSGRB0_TT8_4_TLDS0_UMLDSA0_UMLDSB0_U64SL1_USFGRO0_VAW1_VS1_VW1_VWB1_VFLRP0_WSGRA0_WSGRB0_WS64_WG16_16_1_WGM8+0x18c8>
	v_mov_b32_e32 v1, 0                                        // 0000000056D0: 7E020280
	s_cmp_neq_f32 s21, 0                                       // 0000000056D4: BF4D8015
	s_mov_b32 s16, 0                                           // 0000000056D8: BE900080
	s_cbranch_scc1 1287                                        // 0000000056DC: BFA20507 <Cijk_Ailk_Bljk_SB_GB_MT128x64x8_SN_1LDSB0_APM1_ABV0_ACED0_AF0EM1_AF1EM1_AMAS0_ASE_ASGT_ASLT_ASM_ASAE01_ASCE01_ASEM1_AAC0_BL0_BS1_CLR0_DTLA0_DTLB0_DTVA0_DTVB0_DVO0_ETSP_EPS0_ELFLR0_EMLL0_FSSC10_FL0_GLVWA1_GLVWB1_GRCGA1_GRCGB1_GRPM1_GRVW1_GSU1_GSUASB_GLS0_ISA000_IU1_K1_KLS_LBSPPA0_LBSPPB0_LPA0_LPB0_LDL1_LRVW1_LWPMn1_LDW0_FMA_MIAV0_MDA2_MO40_MMFSC_MKFGSU256_NTA0_NTB0_NTC0_NTD0_NEPBS0_NLCA1_NLCB1_ONLL1_OPLV0_PK0_PAP0_PGR0_PLR0_PKA0_SIA1_SLW1_SS0_SU32_SUM0_SUS256_SCIUI1_SPO0_SRVW0_SSO0_SVW4_SNLL0_TSGRA0_TSGRB0_TT8_4_TLDS0_UMLDSA0_UMLDSB0_U64SL1_USFGRO0_VAW1_VS1_VW1_VWB1_VFLRP0_WSGRA0_WSGRB0_WS64_WG16_16_1_WGM8+0x2ffc>
	v_mul_f32_e32 v3, s20, v34                                 // 0000000056E0: 10064414
	s_wait_alu 0xfffe                                          // 0000000056E4: BF88FFFE
	s_and_not1_b32 vcc_lo, exec_lo, s16                        // 0000000056E8: 916A107E
	s_wait_alu 0xfffe                                          // 0000000056EC: BF88FFFE
	s_cbranch_vccnz 23                                         // 0000000056F0: BFA40017 <Cijk_Ailk_Bljk_SB_GB_MT128x64x8_SN_1LDSB0_APM1_ABV0_ACED0_AF0EM1_AF1EM1_AMAS0_ASE_ASGT_ASLT_ASM_ASAE01_ASCE01_ASEM1_AAC0_BL0_BS1_CLR0_DTLA0_DTLB0_DTVA0_DTVB0_DVO0_ETSP_EPS0_ELFLR0_EMLL0_FSSC10_FL0_GLVWA1_GLVWB1_GRCGA1_GRCGB1_GRPM1_GRVW1_GSU1_GSUASB_GLS0_ISA000_IU1_K1_KLS_LBSPPA0_LBSPPB0_LPA0_LPB0_LDL1_LRVW1_LWPMn1_LDW0_FMA_MIAV0_MDA2_MO40_MMFSC_MKFGSU256_NTA0_NTB0_NTC0_NTD0_NEPBS0_NLCA1_NLCB1_ONLL1_OPLV0_PK0_PAP0_PGR0_PLR0_PKA0_SIA1_SLW1_SS0_SU32_SUM0_SUS256_SCIUI1_SPO0_SRVW0_SSO0_SVW4_SNLL0_TSGRA0_TSGRB0_TT8_4_TLDS0_UMLDSA0_UMLDSB0_U64SL1_USFGRO0_VAW1_VS1_VW1_VWB1_VFLRP0_WSGRA0_WSGRB0_WS64_WG16_16_1_WGM8+0x1c50>
	s_wait_kmcnt 0x0                                           // 0000000056F4: BFC70000
	v_mad_co_u64_u32 v[7:8], null, v6, s9, 0                   // 0000000056F8: D6FE7C07 02001306
	v_lshlrev_b64_e32 v[9:10], 2, v[0:1]                       // 000000005700: 3E120082
	s_delay_alu instid0(VALU_DEP_2) | instskip(NEXT) | instid1(VALU_DEP_1)// 000000005704: BF870092
	v_lshlrev_b64_e32 v[7:8], 2, v[7:8]                        // 000000005708: 3E0E0E82
	v_add_co_u32 v4, vcc_lo, s14, v7                           // 00000000570C: D7006A04 00020E0E
	s_wait_alu 0xfffd                                          // 000000005714: BF88FFFD
	s_delay_alu instid0(VALU_DEP_2) | instskip(NEXT) | instid1(VALU_DEP_2)// 000000005718: BF870112
	v_add_co_ci_u32_e64 v8, null, s15, v8, vcc_lo              // 00000000571C: D5207C08 01AA100F
	v_add_co_u32 v7, vcc_lo, v4, v9                            // 000000005724: D7006A07 00021304
	s_wait_alu 0xfffd                                          // 00000000572C: BF88FFFD
	s_delay_alu instid0(VALU_DEP_2)                            // 000000005730: BF870002
	v_add_co_ci_u32_e64 v8, null, v8, v10, vcc_lo              // 000000005734: D5207C08 01AA1508
	flat_load_b32 v4, v[7:8] offset:192                        // 00000000573C: EC05007C 00000004 0000C007
	s_wait_loadcnt_dscnt 0x0                                   // 000000005748: BFC80000
	v_fmac_f32_e32 v3, s21, v4                                 // 00000000574C: 56060815
	v_mad_co_u64_u32 v[7:8], null, v6, s22, 0                  // 000000005750: D6FE7C07 02002D06
	v_lshlrev_b64_e32 v[9:10], 2, v[0:1]                       // 000000005758: 3E120082
	s_delay_alu instid0(VALU_DEP_2) | instskip(NEXT) | instid1(VALU_DEP_1)// 00000000575C: BF870092
	v_lshlrev_b64_e32 v[7:8], 2, v[7:8]                        // 000000005760: 3E0E0E82
	v_add_co_u32 v1, vcc_lo, s12, v7                           // 000000005764: D7006A01 00020E0C
	s_wait_alu 0xfffd                                          // 00000000576C: BF88FFFD
	s_delay_alu instid0(VALU_DEP_2) | instskip(NEXT) | instid1(VALU_DEP_2)// 000000005770: BF870112
	v_add_co_ci_u32_e64 v4, null, s13, v8, vcc_lo              // 000000005774: D5207C04 01AA100D
	v_add_co_u32 v7, vcc_lo, v1, v9                            // 00000000577C: D7006A07 00021301
	s_wait_alu 0xfffd                                          // 000000005784: BF88FFFD
	s_delay_alu instid0(VALU_DEP_2)                            // 000000005788: BF870002
	v_add_co_ci_u32_e64 v8, null, v4, v10, vcc_lo              // 00000000578C: D5207C08 01AA1504
	flat_store_b32 v[7:8], v3 offset:192                       // 000000005794: EC06807C 01800000 0000C007
	s_wait_alu 0xfffe                                          // 0000000057A0: BF88FFFE
	s_or_b32 exec_lo, exec_lo, s10                             // 0000000057A4: 8C7E0A7E
	s_and_b32 s16, s4, s8                                      // 0000000057A8: 8B100804
	s_wait_alu 0xfffe                                          // 0000000057AC: BF88FFFE
	s_and_saveexec_b32 s10, s16                                // 0000000057B0: BE8A2010
	s_cbranch_execz 65290                                      // 0000000057B4: BFA5FF0A <Cijk_Ailk_Bljk_SB_GB_MT128x64x8_SN_1LDSB0_APM1_ABV0_ACED0_AF0EM1_AF1EM1_AMAS0_ASE_ASGT_ASLT_ASM_ASAE01_ASCE01_ASEM1_AAC0_BL0_BS1_CLR0_DTLA0_DTLB0_DTVA0_DTVB0_DVO0_ETSP_EPS0_ELFLR0_EMLL0_FSSC10_FL0_GLVWA1_GLVWB1_GRCGA1_GRCGB1_GRPM1_GRVW1_GSU1_GSUASB_GLS0_ISA000_IU1_K1_KLS_LBSPPA0_LBSPPB0_LPA0_LPB0_LDL1_LRVW1_LWPMn1_LDW0_FMA_MIAV0_MDA2_MO40_MMFSC_MKFGSU256_NTA0_NTB0_NTC0_NTD0_NEPBS0_NLCA1_NLCB1_ONLL1_OPLV0_PK0_PAP0_PGR0_PLR0_PKA0_SIA1_SLW1_SS0_SU32_SUM0_SUS256_SCIUI1_SPO0_SRVW0_SSO0_SVW4_SNLL0_TSGRA0_TSGRB0_TT8_4_TLDS0_UMLDSA0_UMLDSB0_U64SL1_USFGRO0_VAW1_VS1_VW1_VWB1_VFLRP0_WSGRA0_WSGRB0_WS64_WG16_16_1_WGM8+0x18e0>
	v_mov_b32_e32 v1, 0                                        // 0000000057B8: 7E020280
	s_cmp_neq_f32 s21, 0                                       // 0000000057BC: BF4D8015
	s_mov_b32 s16, 0                                           // 0000000057C0: BE900080
	s_cbranch_scc1 1231                                        // 0000000057C4: BFA204CF <Cijk_Ailk_Bljk_SB_GB_MT128x64x8_SN_1LDSB0_APM1_ABV0_ACED0_AF0EM1_AF1EM1_AMAS0_ASE_ASGT_ASLT_ASM_ASAE01_ASCE01_ASEM1_AAC0_BL0_BS1_CLR0_DTLA0_DTLB0_DTVA0_DTVB0_DVO0_ETSP_EPS0_ELFLR0_EMLL0_FSSC10_FL0_GLVWA1_GLVWB1_GRCGA1_GRCGB1_GRPM1_GRVW1_GSU1_GSUASB_GLS0_ISA000_IU1_K1_KLS_LBSPPA0_LBSPPB0_LPA0_LPB0_LDL1_LRVW1_LWPMn1_LDW0_FMA_MIAV0_MDA2_MO40_MMFSC_MKFGSU256_NTA0_NTB0_NTC0_NTD0_NEPBS0_NLCA1_NLCB1_ONLL1_OPLV0_PK0_PAP0_PGR0_PLR0_PKA0_SIA1_SLW1_SS0_SU32_SUM0_SUS256_SCIUI1_SPO0_SRVW0_SSO0_SVW4_SNLL0_TSGRA0_TSGRB0_TT8_4_TLDS0_UMLDSA0_UMLDSB0_U64SL1_USFGRO0_VAW1_VS1_VW1_VWB1_VFLRP0_WSGRA0_WSGRB0_WS64_WG16_16_1_WGM8+0x3004>
	v_mul_f32_e32 v3, s20, v33                                 // 0000000057C8: 10064214
	s_wait_alu 0xfffe                                          // 0000000057CC: BF88FFFE
	s_and_not1_b32 vcc_lo, exec_lo, s16                        // 0000000057D0: 916A107E
	s_wait_alu 0xfffe                                          // 0000000057D4: BF88FFFE
	s_cbranch_vccnz 23                                         // 0000000057D8: BFA40017 <Cijk_Ailk_Bljk_SB_GB_MT128x64x8_SN_1LDSB0_APM1_ABV0_ACED0_AF0EM1_AF1EM1_AMAS0_ASE_ASGT_ASLT_ASM_ASAE01_ASCE01_ASEM1_AAC0_BL0_BS1_CLR0_DTLA0_DTLB0_DTVA0_DTVB0_DVO0_ETSP_EPS0_ELFLR0_EMLL0_FSSC10_FL0_GLVWA1_GLVWB1_GRCGA1_GRCGB1_GRPM1_GRVW1_GSU1_GSUASB_GLS0_ISA000_IU1_K1_KLS_LBSPPA0_LBSPPB0_LPA0_LPB0_LDL1_LRVW1_LWPMn1_LDW0_FMA_MIAV0_MDA2_MO40_MMFSC_MKFGSU256_NTA0_NTB0_NTC0_NTD0_NEPBS0_NLCA1_NLCB1_ONLL1_OPLV0_PK0_PAP0_PGR0_PLR0_PKA0_SIA1_SLW1_SS0_SU32_SUM0_SUS256_SCIUI1_SPO0_SRVW0_SSO0_SVW4_SNLL0_TSGRA0_TSGRB0_TT8_4_TLDS0_UMLDSA0_UMLDSB0_U64SL1_USFGRO0_VAW1_VS1_VW1_VWB1_VFLRP0_WSGRA0_WSGRB0_WS64_WG16_16_1_WGM8+0x1d38>
	s_wait_kmcnt 0x0                                           // 0000000057DC: BFC70000
	v_mad_co_u64_u32 v[7:8], null, v6, s9, 0                   // 0000000057E0: D6FE7C07 02001306
	v_lshlrev_b64_e32 v[9:10], 2, v[0:1]                       // 0000000057E8: 3E120082
	s_delay_alu instid0(VALU_DEP_2) | instskip(NEXT) | instid1(VALU_DEP_1)// 0000000057EC: BF870092
	v_lshlrev_b64_e32 v[7:8], 2, v[7:8]                        // 0000000057F0: 3E0E0E82
	v_add_co_u32 v4, vcc_lo, s14, v7                           // 0000000057F4: D7006A04 00020E0E
	s_wait_alu 0xfffd                                          // 0000000057FC: BF88FFFD
	s_delay_alu instid0(VALU_DEP_2) | instskip(NEXT) | instid1(VALU_DEP_2)// 000000005800: BF870112
	v_add_co_ci_u32_e64 v8, null, s15, v8, vcc_lo              // 000000005804: D5207C08 01AA100F
	v_add_co_u32 v7, vcc_lo, v4, v9                            // 00000000580C: D7006A07 00021304
	s_wait_alu 0xfffd                                          // 000000005814: BF88FFFD
	s_delay_alu instid0(VALU_DEP_2)                            // 000000005818: BF870002
	v_add_co_ci_u32_e64 v8, null, v8, v10, vcc_lo              // 00000000581C: D5207C08 01AA1508
	flat_load_b32 v4, v[7:8] offset:256                        // 000000005824: EC05007C 00000004 00010007
	s_wait_loadcnt_dscnt 0x0                                   // 000000005830: BFC80000
	v_fmac_f32_e32 v3, s21, v4                                 // 000000005834: 56060815
	v_mad_co_u64_u32 v[7:8], null, v6, s22, 0                  // 000000005838: D6FE7C07 02002D06
	v_lshlrev_b64_e32 v[9:10], 2, v[0:1]                       // 000000005840: 3E120082
	s_delay_alu instid0(VALU_DEP_2) | instskip(NEXT) | instid1(VALU_DEP_1)// 000000005844: BF870092
	v_lshlrev_b64_e32 v[7:8], 2, v[7:8]                        // 000000005848: 3E0E0E82
	v_add_co_u32 v1, vcc_lo, s12, v7                           // 00000000584C: D7006A01 00020E0C
	s_wait_alu 0xfffd                                          // 000000005854: BF88FFFD
	s_delay_alu instid0(VALU_DEP_2) | instskip(NEXT) | instid1(VALU_DEP_2)// 000000005858: BF870112
	v_add_co_ci_u32_e64 v4, null, s13, v8, vcc_lo              // 00000000585C: D5207C04 01AA100D
	v_add_co_u32 v7, vcc_lo, v1, v9                            // 000000005864: D7006A07 00021301
	s_wait_alu 0xfffd                                          // 00000000586C: BF88FFFD
	s_delay_alu instid0(VALU_DEP_2)                            // 000000005870: BF870002
	v_add_co_ci_u32_e64 v8, null, v4, v10, vcc_lo              // 000000005874: D5207C08 01AA1504
	flat_store_b32 v[7:8], v3 offset:256                       // 00000000587C: EC06807C 01800000 00010007
	s_wait_alu 0xfffe                                          // 000000005888: BF88FFFE
	s_or_b32 exec_lo, exec_lo, s10                             // 00000000588C: 8C7E0A7E
	s_and_b32 s16, s5, s8                                      // 000000005890: 8B100805
	s_wait_alu 0xfffe                                          // 000000005894: BF88FFFE
	s_and_saveexec_b32 s10, s16                                // 000000005898: BE8A2010
	s_cbranch_execz 65238                                      // 00000000589C: BFA5FED6 <Cijk_Ailk_Bljk_SB_GB_MT128x64x8_SN_1LDSB0_APM1_ABV0_ACED0_AF0EM1_AF1EM1_AMAS0_ASE_ASGT_ASLT_ASM_ASAE01_ASCE01_ASEM1_AAC0_BL0_BS1_CLR0_DTLA0_DTLB0_DTVA0_DTVB0_DVO0_ETSP_EPS0_ELFLR0_EMLL0_FSSC10_FL0_GLVWA1_GLVWB1_GRCGA1_GRCGB1_GRPM1_GRVW1_GSU1_GSUASB_GLS0_ISA000_IU1_K1_KLS_LBSPPA0_LBSPPB0_LPA0_LPB0_LDL1_LRVW1_LWPMn1_LDW0_FMA_MIAV0_MDA2_MO40_MMFSC_MKFGSU256_NTA0_NTB0_NTC0_NTD0_NEPBS0_NLCA1_NLCB1_ONLL1_OPLV0_PK0_PAP0_PGR0_PLR0_PKA0_SIA1_SLW1_SS0_SU32_SUM0_SUS256_SCIUI1_SPO0_SRVW0_SSO0_SVW4_SNLL0_TSGRA0_TSGRB0_TT8_4_TLDS0_UMLDSA0_UMLDSB0_U64SL1_USFGRO0_VAW1_VS1_VW1_VWB1_VFLRP0_WSGRA0_WSGRB0_WS64_WG16_16_1_WGM8+0x18f8>
	v_mov_b32_e32 v1, 0                                        // 0000000058A0: 7E020280
	s_cmp_neq_f32 s21, 0                                       // 0000000058A4: BF4D8015
	s_mov_b32 s16, 0                                           // 0000000058A8: BE900080
	s_cbranch_scc1 1175                                        // 0000000058AC: BFA20497 <Cijk_Ailk_Bljk_SB_GB_MT128x64x8_SN_1LDSB0_APM1_ABV0_ACED0_AF0EM1_AF1EM1_AMAS0_ASE_ASGT_ASLT_ASM_ASAE01_ASCE01_ASEM1_AAC0_BL0_BS1_CLR0_DTLA0_DTLB0_DTVA0_DTVB0_DVO0_ETSP_EPS0_ELFLR0_EMLL0_FSSC10_FL0_GLVWA1_GLVWB1_GRCGA1_GRCGB1_GRPM1_GRVW1_GSU1_GSUASB_GLS0_ISA000_IU1_K1_KLS_LBSPPA0_LBSPPB0_LPA0_LPB0_LDL1_LRVW1_LWPMn1_LDW0_FMA_MIAV0_MDA2_MO40_MMFSC_MKFGSU256_NTA0_NTB0_NTC0_NTD0_NEPBS0_NLCA1_NLCB1_ONLL1_OPLV0_PK0_PAP0_PGR0_PLR0_PKA0_SIA1_SLW1_SS0_SU32_SUM0_SUS256_SCIUI1_SPO0_SRVW0_SSO0_SVW4_SNLL0_TSGRA0_TSGRB0_TT8_4_TLDS0_UMLDSA0_UMLDSB0_U64SL1_USFGRO0_VAW1_VS1_VW1_VWB1_VFLRP0_WSGRA0_WSGRB0_WS64_WG16_16_1_WGM8+0x300c>
	v_mul_f32_e32 v3, s20, v32                                 // 0000000058B0: 10064014
	s_wait_alu 0xfffe                                          // 0000000058B4: BF88FFFE
	s_and_not1_b32 vcc_lo, exec_lo, s16                        // 0000000058B8: 916A107E
	s_wait_alu 0xfffe                                          // 0000000058BC: BF88FFFE
	s_cbranch_vccnz 23                                         // 0000000058C0: BFA40017 <Cijk_Ailk_Bljk_SB_GB_MT128x64x8_SN_1LDSB0_APM1_ABV0_ACED0_AF0EM1_AF1EM1_AMAS0_ASE_ASGT_ASLT_ASM_ASAE01_ASCE01_ASEM1_AAC0_BL0_BS1_CLR0_DTLA0_DTLB0_DTVA0_DTVB0_DVO0_ETSP_EPS0_ELFLR0_EMLL0_FSSC10_FL0_GLVWA1_GLVWB1_GRCGA1_GRCGB1_GRPM1_GRVW1_GSU1_GSUASB_GLS0_ISA000_IU1_K1_KLS_LBSPPA0_LBSPPB0_LPA0_LPB0_LDL1_LRVW1_LWPMn1_LDW0_FMA_MIAV0_MDA2_MO40_MMFSC_MKFGSU256_NTA0_NTB0_NTC0_NTD0_NEPBS0_NLCA1_NLCB1_ONLL1_OPLV0_PK0_PAP0_PGR0_PLR0_PKA0_SIA1_SLW1_SS0_SU32_SUM0_SUS256_SCIUI1_SPO0_SRVW0_SSO0_SVW4_SNLL0_TSGRA0_TSGRB0_TT8_4_TLDS0_UMLDSA0_UMLDSB0_U64SL1_USFGRO0_VAW1_VS1_VW1_VWB1_VFLRP0_WSGRA0_WSGRB0_WS64_WG16_16_1_WGM8+0x1e20>
	s_wait_kmcnt 0x0                                           // 0000000058C4: BFC70000
	v_mad_co_u64_u32 v[7:8], null, v6, s9, 0                   // 0000000058C8: D6FE7C07 02001306
	v_lshlrev_b64_e32 v[9:10], 2, v[0:1]                       // 0000000058D0: 3E120082
	s_delay_alu instid0(VALU_DEP_2) | instskip(NEXT) | instid1(VALU_DEP_1)// 0000000058D4: BF870092
	v_lshlrev_b64_e32 v[7:8], 2, v[7:8]                        // 0000000058D8: 3E0E0E82
	v_add_co_u32 v4, vcc_lo, s14, v7                           // 0000000058DC: D7006A04 00020E0E
	s_wait_alu 0xfffd                                          // 0000000058E4: BF88FFFD
	s_delay_alu instid0(VALU_DEP_2) | instskip(NEXT) | instid1(VALU_DEP_2)// 0000000058E8: BF870112
	v_add_co_ci_u32_e64 v8, null, s15, v8, vcc_lo              // 0000000058EC: D5207C08 01AA100F
	v_add_co_u32 v7, vcc_lo, v4, v9                            // 0000000058F4: D7006A07 00021304
	s_wait_alu 0xfffd                                          // 0000000058FC: BF88FFFD
	s_delay_alu instid0(VALU_DEP_2)                            // 000000005900: BF870002
	v_add_co_ci_u32_e64 v8, null, v8, v10, vcc_lo              // 000000005904: D5207C08 01AA1508
	flat_load_b32 v4, v[7:8] offset:320                        // 00000000590C: EC05007C 00000004 00014007
	s_wait_loadcnt_dscnt 0x0                                   // 000000005918: BFC80000
	v_fmac_f32_e32 v3, s21, v4                                 // 00000000591C: 56060815
	v_mad_co_u64_u32 v[7:8], null, v6, s22, 0                  // 000000005920: D6FE7C07 02002D06
	v_lshlrev_b64_e32 v[9:10], 2, v[0:1]                       // 000000005928: 3E120082
	s_delay_alu instid0(VALU_DEP_2) | instskip(NEXT) | instid1(VALU_DEP_1)// 00000000592C: BF870092
	v_lshlrev_b64_e32 v[7:8], 2, v[7:8]                        // 000000005930: 3E0E0E82
	v_add_co_u32 v1, vcc_lo, s12, v7                           // 000000005934: D7006A01 00020E0C
	s_wait_alu 0xfffd                                          // 00000000593C: BF88FFFD
	s_delay_alu instid0(VALU_DEP_2) | instskip(NEXT) | instid1(VALU_DEP_2)// 000000005940: BF870112
	v_add_co_ci_u32_e64 v4, null, s13, v8, vcc_lo              // 000000005944: D5207C04 01AA100D
	v_add_co_u32 v7, vcc_lo, v1, v9                            // 00000000594C: D7006A07 00021301
	s_wait_alu 0xfffd                                          // 000000005954: BF88FFFD
	s_delay_alu instid0(VALU_DEP_2)                            // 000000005958: BF870002
	v_add_co_ci_u32_e64 v8, null, v4, v10, vcc_lo              // 00000000595C: D5207C08 01AA1504
	flat_store_b32 v[7:8], v3 offset:320                       // 000000005964: EC06807C 01800000 00014007
	s_wait_alu 0xfffe                                          // 000000005970: BF88FFFE
	s_or_b32 exec_lo, exec_lo, s10                             // 000000005974: 8C7E0A7E
	s_and_b32 s16, s6, s8                                      // 000000005978: 8B100806
	s_wait_alu 0xfffe                                          // 00000000597C: BF88FFFE
	s_and_saveexec_b32 s10, s16                                // 000000005980: BE8A2010
	s_cbranch_execz 65186                                      // 000000005984: BFA5FEA2 <Cijk_Ailk_Bljk_SB_GB_MT128x64x8_SN_1LDSB0_APM1_ABV0_ACED0_AF0EM1_AF1EM1_AMAS0_ASE_ASGT_ASLT_ASM_ASAE01_ASCE01_ASEM1_AAC0_BL0_BS1_CLR0_DTLA0_DTLB0_DTVA0_DTVB0_DVO0_ETSP_EPS0_ELFLR0_EMLL0_FSSC10_FL0_GLVWA1_GLVWB1_GRCGA1_GRCGB1_GRPM1_GRVW1_GSU1_GSUASB_GLS0_ISA000_IU1_K1_KLS_LBSPPA0_LBSPPB0_LPA0_LPB0_LDL1_LRVW1_LWPMn1_LDW0_FMA_MIAV0_MDA2_MO40_MMFSC_MKFGSU256_NTA0_NTB0_NTC0_NTD0_NEPBS0_NLCA1_NLCB1_ONLL1_OPLV0_PK0_PAP0_PGR0_PLR0_PKA0_SIA1_SLW1_SS0_SU32_SUM0_SUS256_SCIUI1_SPO0_SRVW0_SSO0_SVW4_SNLL0_TSGRA0_TSGRB0_TT8_4_TLDS0_UMLDSA0_UMLDSB0_U64SL1_USFGRO0_VAW1_VS1_VW1_VWB1_VFLRP0_WSGRA0_WSGRB0_WS64_WG16_16_1_WGM8+0x1910>
	v_mov_b32_e32 v1, 0                                        // 000000005988: 7E020280
	s_cmp_neq_f32 s21, 0                                       // 00000000598C: BF4D8015
	s_mov_b32 s16, 0                                           // 000000005990: BE900080
	s_cbranch_scc1 1119                                        // 000000005994: BFA2045F <Cijk_Ailk_Bljk_SB_GB_MT128x64x8_SN_1LDSB0_APM1_ABV0_ACED0_AF0EM1_AF1EM1_AMAS0_ASE_ASGT_ASLT_ASM_ASAE01_ASCE01_ASEM1_AAC0_BL0_BS1_CLR0_DTLA0_DTLB0_DTVA0_DTVB0_DVO0_ETSP_EPS0_ELFLR0_EMLL0_FSSC10_FL0_GLVWA1_GLVWB1_GRCGA1_GRCGB1_GRPM1_GRVW1_GSU1_GSUASB_GLS0_ISA000_IU1_K1_KLS_LBSPPA0_LBSPPB0_LPA0_LPB0_LDL1_LRVW1_LWPMn1_LDW0_FMA_MIAV0_MDA2_MO40_MMFSC_MKFGSU256_NTA0_NTB0_NTC0_NTD0_NEPBS0_NLCA1_NLCB1_ONLL1_OPLV0_PK0_PAP0_PGR0_PLR0_PKA0_SIA1_SLW1_SS0_SU32_SUM0_SUS256_SCIUI1_SPO0_SRVW0_SSO0_SVW4_SNLL0_TSGRA0_TSGRB0_TT8_4_TLDS0_UMLDSA0_UMLDSB0_U64SL1_USFGRO0_VAW1_VS1_VW1_VWB1_VFLRP0_WSGRA0_WSGRB0_WS64_WG16_16_1_WGM8+0x3014>
	v_mul_f32_e32 v3, s20, v31                                 // 000000005998: 10063E14
	s_wait_alu 0xfffe                                          // 00000000599C: BF88FFFE
	s_and_not1_b32 vcc_lo, exec_lo, s16                        // 0000000059A0: 916A107E
	s_wait_alu 0xfffe                                          // 0000000059A4: BF88FFFE
	s_cbranch_vccnz 23                                         // 0000000059A8: BFA40017 <Cijk_Ailk_Bljk_SB_GB_MT128x64x8_SN_1LDSB0_APM1_ABV0_ACED0_AF0EM1_AF1EM1_AMAS0_ASE_ASGT_ASLT_ASM_ASAE01_ASCE01_ASEM1_AAC0_BL0_BS1_CLR0_DTLA0_DTLB0_DTVA0_DTVB0_DVO0_ETSP_EPS0_ELFLR0_EMLL0_FSSC10_FL0_GLVWA1_GLVWB1_GRCGA1_GRCGB1_GRPM1_GRVW1_GSU1_GSUASB_GLS0_ISA000_IU1_K1_KLS_LBSPPA0_LBSPPB0_LPA0_LPB0_LDL1_LRVW1_LWPMn1_LDW0_FMA_MIAV0_MDA2_MO40_MMFSC_MKFGSU256_NTA0_NTB0_NTC0_NTD0_NEPBS0_NLCA1_NLCB1_ONLL1_OPLV0_PK0_PAP0_PGR0_PLR0_PKA0_SIA1_SLW1_SS0_SU32_SUM0_SUS256_SCIUI1_SPO0_SRVW0_SSO0_SVW4_SNLL0_TSGRA0_TSGRB0_TT8_4_TLDS0_UMLDSA0_UMLDSB0_U64SL1_USFGRO0_VAW1_VS1_VW1_VWB1_VFLRP0_WSGRA0_WSGRB0_WS64_WG16_16_1_WGM8+0x1f08>
	s_wait_kmcnt 0x0                                           // 0000000059AC: BFC70000
	v_mad_co_u64_u32 v[7:8], null, v6, s9, 0                   // 0000000059B0: D6FE7C07 02001306
	v_lshlrev_b64_e32 v[9:10], 2, v[0:1]                       // 0000000059B8: 3E120082
	s_delay_alu instid0(VALU_DEP_2) | instskip(NEXT) | instid1(VALU_DEP_1)// 0000000059BC: BF870092
	v_lshlrev_b64_e32 v[7:8], 2, v[7:8]                        // 0000000059C0: 3E0E0E82
	v_add_co_u32 v4, vcc_lo, s14, v7                           // 0000000059C4: D7006A04 00020E0E
	s_wait_alu 0xfffd                                          // 0000000059CC: BF88FFFD
	s_delay_alu instid0(VALU_DEP_2) | instskip(NEXT) | instid1(VALU_DEP_2)// 0000000059D0: BF870112
	v_add_co_ci_u32_e64 v8, null, s15, v8, vcc_lo              // 0000000059D4: D5207C08 01AA100F
	v_add_co_u32 v7, vcc_lo, v4, v9                            // 0000000059DC: D7006A07 00021304
	s_wait_alu 0xfffd                                          // 0000000059E4: BF88FFFD
	s_delay_alu instid0(VALU_DEP_2)                            // 0000000059E8: BF870002
	v_add_co_ci_u32_e64 v8, null, v8, v10, vcc_lo              // 0000000059EC: D5207C08 01AA1508
	flat_load_b32 v4, v[7:8] offset:384                        // 0000000059F4: EC05007C 00000004 00018007
	s_wait_loadcnt_dscnt 0x0                                   // 000000005A00: BFC80000
	v_fmac_f32_e32 v3, s21, v4                                 // 000000005A04: 56060815
	v_mad_co_u64_u32 v[7:8], null, v6, s22, 0                  // 000000005A08: D6FE7C07 02002D06
	v_lshlrev_b64_e32 v[9:10], 2, v[0:1]                       // 000000005A10: 3E120082
	s_delay_alu instid0(VALU_DEP_2) | instskip(NEXT) | instid1(VALU_DEP_1)// 000000005A14: BF870092
	v_lshlrev_b64_e32 v[7:8], 2, v[7:8]                        // 000000005A18: 3E0E0E82
	v_add_co_u32 v1, vcc_lo, s12, v7                           // 000000005A1C: D7006A01 00020E0C
	s_wait_alu 0xfffd                                          // 000000005A24: BF88FFFD
	s_delay_alu instid0(VALU_DEP_2) | instskip(NEXT) | instid1(VALU_DEP_2)// 000000005A28: BF870112
	v_add_co_ci_u32_e64 v4, null, s13, v8, vcc_lo              // 000000005A2C: D5207C04 01AA100D
	v_add_co_u32 v7, vcc_lo, v1, v9                            // 000000005A34: D7006A07 00021301
	s_wait_alu 0xfffd                                          // 000000005A3C: BF88FFFD
	s_delay_alu instid0(VALU_DEP_2)                            // 000000005A40: BF870002
	v_add_co_ci_u32_e64 v8, null, v4, v10, vcc_lo              // 000000005A44: D5207C08 01AA1504
	flat_store_b32 v[7:8], v3 offset:384                       // 000000005A4C: EC06807C 01800000 00018007
	s_wait_alu 0xfffe                                          // 000000005A58: BF88FFFE
	s_or_b32 exec_lo, exec_lo, s10                             // 000000005A5C: 8C7E0A7E
	s_and_b32 s10, s7, s8                                      // 000000005A60: 8B0A0807
	s_wait_alu 0xfffe                                          // 000000005A64: BF88FFFE
	s_and_saveexec_b32 s8, s10                                 // 000000005A68: BE88200A
	s_cbranch_execz 52                                         // 000000005A6C: BFA50034 <Cijk_Ailk_Bljk_SB_GB_MT128x64x8_SN_1LDSB0_APM1_ABV0_ACED0_AF0EM1_AF1EM1_AMAS0_ASE_ASGT_ASLT_ASM_ASAE01_ASCE01_ASEM1_AAC0_BL0_BS1_CLR0_DTLA0_DTLB0_DTVA0_DTVB0_DVO0_ETSP_EPS0_ELFLR0_EMLL0_FSSC10_FL0_GLVWA1_GLVWB1_GRCGA1_GRCGB1_GRPM1_GRVW1_GSU1_GSUASB_GLS0_ISA000_IU1_K1_KLS_LBSPPA0_LBSPPB0_LPA0_LPB0_LDL1_LRVW1_LWPMn1_LDW0_FMA_MIAV0_MDA2_MO40_MMFSC_MKFGSU256_NTA0_NTB0_NTC0_NTD0_NEPBS0_NLCA1_NLCB1_ONLL1_OPLV0_PK0_PAP0_PGR0_PLR0_PKA0_SIA1_SLW1_SS0_SU32_SUM0_SUS256_SCIUI1_SPO0_SRVW0_SSO0_SVW4_SNLL0_TSGRA0_TSGRB0_TT8_4_TLDS0_UMLDSA0_UMLDSB0_U64SL1_USFGRO0_VAW1_VS1_VW1_VWB1_VFLRP0_WSGRA0_WSGRB0_WS64_WG16_16_1_WGM8+0x2040>
	v_mov_b32_e32 v1, 0                                        // 000000005A70: 7E020280
	s_cmp_neq_f32 s21, 0                                       // 000000005A74: BF4D8015
	s_mov_b32 s10, 0                                           // 000000005A78: BE8A0080
	s_cbranch_scc1 1063                                        // 000000005A7C: BFA20427 <Cijk_Ailk_Bljk_SB_GB_MT128x64x8_SN_1LDSB0_APM1_ABV0_ACED0_AF0EM1_AF1EM1_AMAS0_ASE_ASGT_ASLT_ASM_ASAE01_ASCE01_ASEM1_AAC0_BL0_BS1_CLR0_DTLA0_DTLB0_DTVA0_DTVB0_DVO0_ETSP_EPS0_ELFLR0_EMLL0_FSSC10_FL0_GLVWA1_GLVWB1_GRCGA1_GRCGB1_GRPM1_GRVW1_GSU1_GSUASB_GLS0_ISA000_IU1_K1_KLS_LBSPPA0_LBSPPB0_LPA0_LPB0_LDL1_LRVW1_LWPMn1_LDW0_FMA_MIAV0_MDA2_MO40_MMFSC_MKFGSU256_NTA0_NTB0_NTC0_NTD0_NEPBS0_NLCA1_NLCB1_ONLL1_OPLV0_PK0_PAP0_PGR0_PLR0_PKA0_SIA1_SLW1_SS0_SU32_SUM0_SUS256_SCIUI1_SPO0_SRVW0_SSO0_SVW4_SNLL0_TSGRA0_TSGRB0_TT8_4_TLDS0_UMLDSA0_UMLDSB0_U64SL1_USFGRO0_VAW1_VS1_VW1_VWB1_VFLRP0_WSGRA0_WSGRB0_WS64_WG16_16_1_WGM8+0x301c>
	v_mul_f32_e32 v3, s20, v30                                 // 000000005A80: 10063C14
	s_wait_alu 0xfffe                                          // 000000005A84: BF88FFFE
	s_and_not1_b32 vcc_lo, exec_lo, s10                        // 000000005A88: 916A0A7E
	s_wait_alu 0xfffe                                          // 000000005A8C: BF88FFFE
	s_cbranch_vccnz 23                                         // 000000005A90: BFA40017 <Cijk_Ailk_Bljk_SB_GB_MT128x64x8_SN_1LDSB0_APM1_ABV0_ACED0_AF0EM1_AF1EM1_AMAS0_ASE_ASGT_ASLT_ASM_ASAE01_ASCE01_ASEM1_AAC0_BL0_BS1_CLR0_DTLA0_DTLB0_DTVA0_DTVB0_DVO0_ETSP_EPS0_ELFLR0_EMLL0_FSSC10_FL0_GLVWA1_GLVWB1_GRCGA1_GRCGB1_GRPM1_GRVW1_GSU1_GSUASB_GLS0_ISA000_IU1_K1_KLS_LBSPPA0_LBSPPB0_LPA0_LPB0_LDL1_LRVW1_LWPMn1_LDW0_FMA_MIAV0_MDA2_MO40_MMFSC_MKFGSU256_NTA0_NTB0_NTC0_NTD0_NEPBS0_NLCA1_NLCB1_ONLL1_OPLV0_PK0_PAP0_PGR0_PLR0_PKA0_SIA1_SLW1_SS0_SU32_SUM0_SUS256_SCIUI1_SPO0_SRVW0_SSO0_SVW4_SNLL0_TSGRA0_TSGRB0_TT8_4_TLDS0_UMLDSA0_UMLDSB0_U64SL1_USFGRO0_VAW1_VS1_VW1_VWB1_VFLRP0_WSGRA0_WSGRB0_WS64_WG16_16_1_WGM8+0x1ff0>
	s_wait_kmcnt 0x0                                           // 000000005A94: BFC70000
	v_mad_co_u64_u32 v[7:8], null, v6, s9, 0                   // 000000005A98: D6FE7C07 02001306
	v_lshlrev_b64_e32 v[9:10], 2, v[0:1]                       // 000000005AA0: 3E120082
	s_delay_alu instid0(VALU_DEP_2) | instskip(NEXT) | instid1(VALU_DEP_1)// 000000005AA4: BF870092
	v_lshlrev_b64_e32 v[7:8], 2, v[7:8]                        // 000000005AA8: 3E0E0E82
	v_add_co_u32 v4, vcc_lo, s14, v7                           // 000000005AAC: D7006A04 00020E0E
	s_wait_alu 0xfffd                                          // 000000005AB4: BF88FFFD
	s_delay_alu instid0(VALU_DEP_2) | instskip(NEXT) | instid1(VALU_DEP_2)// 000000005AB8: BF870112
	v_add_co_ci_u32_e64 v8, null, s15, v8, vcc_lo              // 000000005ABC: D5207C08 01AA100F
	v_add_co_u32 v7, vcc_lo, v4, v9                            // 000000005AC4: D7006A07 00021304
	s_wait_alu 0xfffd                                          // 000000005ACC: BF88FFFD
	s_delay_alu instid0(VALU_DEP_2)                            // 000000005AD0: BF870002
	v_add_co_ci_u32_e64 v8, null, v8, v10, vcc_lo              // 000000005AD4: D5207C08 01AA1508
	flat_load_b32 v4, v[7:8] offset:448                        // 000000005ADC: EC05007C 00000004 0001C007
	s_wait_loadcnt_dscnt 0x0                                   // 000000005AE8: BFC80000
	v_fmac_f32_e32 v3, s21, v4                                 // 000000005AEC: 56060815
	v_mad_co_u64_u32 v[6:7], null, v6, s22, 0                  // 000000005AF0: D6FE7C06 02002D06
	v_lshlrev_b64_e32 v[8:9], 2, v[0:1]                        // 000000005AF8: 3E100082
	s_delay_alu instid0(VALU_DEP_2) | instskip(NEXT) | instid1(VALU_DEP_1)// 000000005AFC: BF870092
	v_lshlrev_b64_e32 v[6:7], 2, v[6:7]                        // 000000005B00: 3E0C0C82
	v_add_co_u32 v1, vcc_lo, s12, v6                           // 000000005B04: D7006A01 00020C0C
	s_wait_alu 0xfffd                                          // 000000005B0C: BF88FFFD
	s_delay_alu instid0(VALU_DEP_2) | instskip(NEXT) | instid1(VALU_DEP_2)// 000000005B10: BF870112
	v_add_co_ci_u32_e64 v4, null, s13, v7, vcc_lo              // 000000005B14: D5207C04 01AA0E0D
	v_add_co_u32 v6, vcc_lo, v1, v8                            // 000000005B1C: D7006A06 00021101
	s_wait_alu 0xfffd                                          // 000000005B24: BF88FFFD
	s_delay_alu instid0(VALU_DEP_2)                            // 000000005B28: BF870002
	v_add_co_ci_u32_e64 v7, null, v4, v9, vcc_lo               // 000000005B2C: D5207C07 01AA1304
	flat_store_b32 v[6:7], v3 offset:448                       // 000000005B34: EC06807C 01800000 0001C006
	s_wait_alu 0xfffe                                          // 000000005B40: BF88FFFE
	s_or_b32 exec_lo, exec_lo, s8                              // 000000005B44: 8C7E087E
	v_add_nc_u32_e32 v6, 32, v5                                // 000000005B48: 4A0C0AA0
	s_delay_alu instid0(VALU_DEP_1)                            // 000000005B4C: BF870001
	v_cmp_gt_u32_e64 s8, s11, v6                               // 000000005B50: D44C0008 00020C0B
	s_and_b32 s16, s0, s8                                      // 000000005B58: 8B100800
	s_wait_alu 0xfffe                                          // 000000005B5C: BF88FFFE
	s_and_saveexec_b32 s10, s16                                // 000000005B60: BE8A2010
	s_cbranch_execnz 43                                        // 000000005B64: BFA6002B <Cijk_Ailk_Bljk_SB_GB_MT128x64x8_SN_1LDSB0_APM1_ABV0_ACED0_AF0EM1_AF1EM1_AMAS0_ASE_ASGT_ASLT_ASM_ASAE01_ASCE01_ASEM1_AAC0_BL0_BS1_CLR0_DTLA0_DTLB0_DTVA0_DTVB0_DVO0_ETSP_EPS0_ELFLR0_EMLL0_FSSC10_FL0_GLVWA1_GLVWB1_GRCGA1_GRCGB1_GRPM1_GRVW1_GSU1_GSUASB_GLS0_ISA000_IU1_K1_KLS_LBSPPA0_LBSPPB0_LPA0_LPB0_LDL1_LRVW1_LWPMn1_LDW0_FMA_MIAV0_MDA2_MO40_MMFSC_MKFGSU256_NTA0_NTB0_NTC0_NTD0_NEPBS0_NLCA1_NLCB1_ONLL1_OPLV0_PK0_PAP0_PGR0_PLR0_PKA0_SIA1_SLW1_SS0_SU32_SUM0_SUS256_SCIUI1_SPO0_SRVW0_SSO0_SVW4_SNLL0_TSGRA0_TSGRB0_TT8_4_TLDS0_UMLDSA0_UMLDSB0_U64SL1_USFGRO0_VAW1_VS1_VW1_VWB1_VFLRP0_WSGRA0_WSGRB0_WS64_WG16_16_1_WGM8+0x2114>
	s_wait_alu 0xfffe                                          // 000000005B68: BF88FFFE
	s_or_b32 exec_lo, exec_lo, s10                             // 000000005B6C: 8C7E0A7E
	s_and_b32 s16, s1, s8                                      // 000000005B70: 8B100801
	s_wait_alu 0xfffe                                          // 000000005B74: BF88FFFE
	s_and_saveexec_b32 s10, s16                                // 000000005B78: BE8A2010
	s_cbranch_execnz 90                                        // 000000005B7C: BFA6005A <Cijk_Ailk_Bljk_SB_GB_MT128x64x8_SN_1LDSB0_APM1_ABV0_ACED0_AF0EM1_AF1EM1_AMAS0_ASE_ASGT_ASLT_ASM_ASAE01_ASCE01_ASEM1_AAC0_BL0_BS1_CLR0_DTLA0_DTLB0_DTVA0_DTVB0_DVO0_ETSP_EPS0_ELFLR0_EMLL0_FSSC10_FL0_GLVWA1_GLVWB1_GRCGA1_GRCGB1_GRPM1_GRVW1_GSU1_GSUASB_GLS0_ISA000_IU1_K1_KLS_LBSPPA0_LBSPPB0_LPA0_LPB0_LDL1_LRVW1_LWPMn1_LDW0_FMA_MIAV0_MDA2_MO40_MMFSC_MKFGSU256_NTA0_NTB0_NTC0_NTD0_NEPBS0_NLCA1_NLCB1_ONLL1_OPLV0_PK0_PAP0_PGR0_PLR0_PKA0_SIA1_SLW1_SS0_SU32_SUM0_SUS256_SCIUI1_SPO0_SRVW0_SSO0_SVW4_SNLL0_TSGRA0_TSGRB0_TT8_4_TLDS0_UMLDSA0_UMLDSB0_U64SL1_USFGRO0_VAW1_VS1_VW1_VWB1_VFLRP0_WSGRA0_WSGRB0_WS64_WG16_16_1_WGM8+0x21e8>
	s_wait_alu 0xfffe                                          // 000000005B80: BF88FFFE
	s_or_b32 exec_lo, exec_lo, s10                             // 000000005B84: 8C7E0A7E
	s_and_b32 s16, s2, s8                                      // 000000005B88: 8B100802
	s_wait_alu 0xfffe                                          // 000000005B8C: BF88FFFE
	s_and_saveexec_b32 s10, s16                                // 000000005B90: BE8A2010
	s_cbranch_execnz 142                                       // 000000005B94: BFA6008E <Cijk_Ailk_Bljk_SB_GB_MT128x64x8_SN_1LDSB0_APM1_ABV0_ACED0_AF0EM1_AF1EM1_AMAS0_ASE_ASGT_ASLT_ASM_ASAE01_ASCE01_ASEM1_AAC0_BL0_BS1_CLR0_DTLA0_DTLB0_DTVA0_DTVB0_DVO0_ETSP_EPS0_ELFLR0_EMLL0_FSSC10_FL0_GLVWA1_GLVWB1_GRCGA1_GRCGB1_GRPM1_GRVW1_GSU1_GSUASB_GLS0_ISA000_IU1_K1_KLS_LBSPPA0_LBSPPB0_LPA0_LPB0_LDL1_LRVW1_LWPMn1_LDW0_FMA_MIAV0_MDA2_MO40_MMFSC_MKFGSU256_NTA0_NTB0_NTC0_NTD0_NEPBS0_NLCA1_NLCB1_ONLL1_OPLV0_PK0_PAP0_PGR0_PLR0_PKA0_SIA1_SLW1_SS0_SU32_SUM0_SUS256_SCIUI1_SPO0_SRVW0_SSO0_SVW4_SNLL0_TSGRA0_TSGRB0_TT8_4_TLDS0_UMLDSA0_UMLDSB0_U64SL1_USFGRO0_VAW1_VS1_VW1_VWB1_VFLRP0_WSGRA0_WSGRB0_WS64_WG16_16_1_WGM8+0x22d0>
	s_wait_alu 0xfffe                                          // 000000005B98: BF88FFFE
	s_or_b32 exec_lo, exec_lo, s10                             // 000000005B9C: 8C7E0A7E
	s_and_b32 s16, s3, s8                                      // 000000005BA0: 8B100803
	s_wait_alu 0xfffe                                          // 000000005BA4: BF88FFFE
	s_and_saveexec_b32 s10, s16                                // 000000005BA8: BE8A2010
	s_cbranch_execnz 194                                       // 000000005BAC: BFA600C2 <Cijk_Ailk_Bljk_SB_GB_MT128x64x8_SN_1LDSB0_APM1_ABV0_ACED0_AF0EM1_AF1EM1_AMAS0_ASE_ASGT_ASLT_ASM_ASAE01_ASCE01_ASEM1_AAC0_BL0_BS1_CLR0_DTLA0_DTLB0_DTVA0_DTVB0_DVO0_ETSP_EPS0_ELFLR0_EMLL0_FSSC10_FL0_GLVWA1_GLVWB1_GRCGA1_GRCGB1_GRPM1_GRVW1_GSU1_GSUASB_GLS0_ISA000_IU1_K1_KLS_LBSPPA0_LBSPPB0_LPA0_LPB0_LDL1_LRVW1_LWPMn1_LDW0_FMA_MIAV0_MDA2_MO40_MMFSC_MKFGSU256_NTA0_NTB0_NTC0_NTD0_NEPBS0_NLCA1_NLCB1_ONLL1_OPLV0_PK0_PAP0_PGR0_PLR0_PKA0_SIA1_SLW1_SS0_SU32_SUM0_SUS256_SCIUI1_SPO0_SRVW0_SSO0_SVW4_SNLL0_TSGRA0_TSGRB0_TT8_4_TLDS0_UMLDSA0_UMLDSB0_U64SL1_USFGRO0_VAW1_VS1_VW1_VWB1_VFLRP0_WSGRA0_WSGRB0_WS64_WG16_16_1_WGM8+0x23b8>
	s_wait_alu 0xfffe                                          // 000000005BB0: BF88FFFE
	s_or_b32 exec_lo, exec_lo, s10                             // 000000005BB4: 8C7E0A7E
	s_and_b32 s16, s4, s8                                      // 000000005BB8: 8B100804
	s_wait_alu 0xfffe                                          // 000000005BBC: BF88FFFE
	s_and_saveexec_b32 s10, s16                                // 000000005BC0: BE8A2010
	s_cbranch_execnz 246                                       // 000000005BC4: BFA600F6 <Cijk_Ailk_Bljk_SB_GB_MT128x64x8_SN_1LDSB0_APM1_ABV0_ACED0_AF0EM1_AF1EM1_AMAS0_ASE_ASGT_ASLT_ASM_ASAE01_ASCE01_ASEM1_AAC0_BL0_BS1_CLR0_DTLA0_DTLB0_DTVA0_DTVB0_DVO0_ETSP_EPS0_ELFLR0_EMLL0_FSSC10_FL0_GLVWA1_GLVWB1_GRCGA1_GRCGB1_GRPM1_GRVW1_GSU1_GSUASB_GLS0_ISA000_IU1_K1_KLS_LBSPPA0_LBSPPB0_LPA0_LPB0_LDL1_LRVW1_LWPMn1_LDW0_FMA_MIAV0_MDA2_MO40_MMFSC_MKFGSU256_NTA0_NTB0_NTC0_NTD0_NEPBS0_NLCA1_NLCB1_ONLL1_OPLV0_PK0_PAP0_PGR0_PLR0_PKA0_SIA1_SLW1_SS0_SU32_SUM0_SUS256_SCIUI1_SPO0_SRVW0_SSO0_SVW4_SNLL0_TSGRA0_TSGRB0_TT8_4_TLDS0_UMLDSA0_UMLDSB0_U64SL1_USFGRO0_VAW1_VS1_VW1_VWB1_VFLRP0_WSGRA0_WSGRB0_WS64_WG16_16_1_WGM8+0x24a0>
	s_wait_alu 0xfffe                                          // 000000005BC8: BF88FFFE
	s_or_b32 exec_lo, exec_lo, s10                             // 000000005BCC: 8C7E0A7E
	s_and_b32 s16, s5, s8                                      // 000000005BD0: 8B100805
	s_wait_alu 0xfffe                                          // 000000005BD4: BF88FFFE
	s_and_saveexec_b32 s10, s16                                // 000000005BD8: BE8A2010
	s_cbranch_execnz 298                                       // 000000005BDC: BFA6012A <Cijk_Ailk_Bljk_SB_GB_MT128x64x8_SN_1LDSB0_APM1_ABV0_ACED0_AF0EM1_AF1EM1_AMAS0_ASE_ASGT_ASLT_ASM_ASAE01_ASCE01_ASEM1_AAC0_BL0_BS1_CLR0_DTLA0_DTLB0_DTVA0_DTVB0_DVO0_ETSP_EPS0_ELFLR0_EMLL0_FSSC10_FL0_GLVWA1_GLVWB1_GRCGA1_GRCGB1_GRPM1_GRVW1_GSU1_GSUASB_GLS0_ISA000_IU1_K1_KLS_LBSPPA0_LBSPPB0_LPA0_LPB0_LDL1_LRVW1_LWPMn1_LDW0_FMA_MIAV0_MDA2_MO40_MMFSC_MKFGSU256_NTA0_NTB0_NTC0_NTD0_NEPBS0_NLCA1_NLCB1_ONLL1_OPLV0_PK0_PAP0_PGR0_PLR0_PKA0_SIA1_SLW1_SS0_SU32_SUM0_SUS256_SCIUI1_SPO0_SRVW0_SSO0_SVW4_SNLL0_TSGRA0_TSGRB0_TT8_4_TLDS0_UMLDSA0_UMLDSB0_U64SL1_USFGRO0_VAW1_VS1_VW1_VWB1_VFLRP0_WSGRA0_WSGRB0_WS64_WG16_16_1_WGM8+0x2588>
	s_wait_alu 0xfffe                                          // 000000005BE0: BF88FFFE
	s_or_b32 exec_lo, exec_lo, s10                             // 000000005BE4: 8C7E0A7E
	s_and_b32 s16, s6, s8                                      // 000000005BE8: 8B100806
	s_wait_alu 0xfffe                                          // 000000005BEC: BF88FFFE
	s_and_saveexec_b32 s10, s16                                // 000000005BF0: BE8A2010
	s_cbranch_execnz 350                                       // 000000005BF4: BFA6015E <Cijk_Ailk_Bljk_SB_GB_MT128x64x8_SN_1LDSB0_APM1_ABV0_ACED0_AF0EM1_AF1EM1_AMAS0_ASE_ASGT_ASLT_ASM_ASAE01_ASCE01_ASEM1_AAC0_BL0_BS1_CLR0_DTLA0_DTLB0_DTVA0_DTVB0_DVO0_ETSP_EPS0_ELFLR0_EMLL0_FSSC10_FL0_GLVWA1_GLVWB1_GRCGA1_GRCGB1_GRPM1_GRVW1_GSU1_GSUASB_GLS0_ISA000_IU1_K1_KLS_LBSPPA0_LBSPPB0_LPA0_LPB0_LDL1_LRVW1_LWPMn1_LDW0_FMA_MIAV0_MDA2_MO40_MMFSC_MKFGSU256_NTA0_NTB0_NTC0_NTD0_NEPBS0_NLCA1_NLCB1_ONLL1_OPLV0_PK0_PAP0_PGR0_PLR0_PKA0_SIA1_SLW1_SS0_SU32_SUM0_SUS256_SCIUI1_SPO0_SRVW0_SSO0_SVW4_SNLL0_TSGRA0_TSGRB0_TT8_4_TLDS0_UMLDSA0_UMLDSB0_U64SL1_USFGRO0_VAW1_VS1_VW1_VWB1_VFLRP0_WSGRA0_WSGRB0_WS64_WG16_16_1_WGM8+0x2670>
	s_wait_alu 0xfffe                                          // 000000005BF8: BF88FFFE
	s_or_b32 exec_lo, exec_lo, s10                             // 000000005BFC: 8C7E0A7E
	s_and_b32 s10, s7, s8                                      // 000000005C00: 8B0A0807
	s_wait_alu 0xfffe                                          // 000000005C04: BF88FFFE
	s_and_saveexec_b32 s8, s10                                 // 000000005C08: BE88200A
	s_cbranch_execnz 402                                       // 000000005C0C: BFA60192 <Cijk_Ailk_Bljk_SB_GB_MT128x64x8_SN_1LDSB0_APM1_ABV0_ACED0_AF0EM1_AF1EM1_AMAS0_ASE_ASGT_ASLT_ASM_ASAE01_ASCE01_ASEM1_AAC0_BL0_BS1_CLR0_DTLA0_DTLB0_DTVA0_DTVB0_DVO0_ETSP_EPS0_ELFLR0_EMLL0_FSSC10_FL0_GLVWA1_GLVWB1_GRCGA1_GRCGB1_GRPM1_GRVW1_GSU1_GSUASB_GLS0_ISA000_IU1_K1_KLS_LBSPPA0_LBSPPB0_LPA0_LPB0_LDL1_LRVW1_LWPMn1_LDW0_FMA_MIAV0_MDA2_MO40_MMFSC_MKFGSU256_NTA0_NTB0_NTC0_NTD0_NEPBS0_NLCA1_NLCB1_ONLL1_OPLV0_PK0_PAP0_PGR0_PLR0_PKA0_SIA1_SLW1_SS0_SU32_SUM0_SUS256_SCIUI1_SPO0_SRVW0_SSO0_SVW4_SNLL0_TSGRA0_TSGRB0_TT8_4_TLDS0_UMLDSA0_UMLDSB0_U64SL1_USFGRO0_VAW1_VS1_VW1_VWB1_VFLRP0_WSGRA0_WSGRB0_WS64_WG16_16_1_WGM8+0x2758>
	s_branch 453                                               // 000000005C10: BFA001C5 <Cijk_Ailk_Bljk_SB_GB_MT128x64x8_SN_1LDSB0_APM1_ABV0_ACED0_AF0EM1_AF1EM1_AMAS0_ASE_ASGT_ASLT_ASM_ASAE01_ASCE01_ASEM1_AAC0_BL0_BS1_CLR0_DTLA0_DTLB0_DTVA0_DTVB0_DVO0_ETSP_EPS0_ELFLR0_EMLL0_FSSC10_FL0_GLVWA1_GLVWB1_GRCGA1_GRCGB1_GRPM1_GRVW1_GSU1_GSUASB_GLS0_ISA000_IU1_K1_KLS_LBSPPA0_LBSPPB0_LPA0_LPB0_LDL1_LRVW1_LWPMn1_LDW0_FMA_MIAV0_MDA2_MO40_MMFSC_MKFGSU256_NTA0_NTB0_NTC0_NTD0_NEPBS0_NLCA1_NLCB1_ONLL1_OPLV0_PK0_PAP0_PGR0_PLR0_PKA0_SIA1_SLW1_SS0_SU32_SUM0_SUS256_SCIUI1_SPO0_SRVW0_SSO0_SVW4_SNLL0_TSGRA0_TSGRB0_TT8_4_TLDS0_UMLDSA0_UMLDSB0_U64SL1_USFGRO0_VAW1_VS1_VW1_VWB1_VFLRP0_WSGRA0_WSGRB0_WS64_WG16_16_1_WGM8+0x2828>
	v_mov_b32_e32 v1, 0                                        // 000000005C14: 7E020280
	s_cmp_eq_f32 s21, 0                                        // 000000005C18: BF428015
	s_delay_alu instid0(VALU_DEP_1)                            // 000000005C1C: BF870001
	v_lshlrev_b64_e32 v[3:4], 2, v[0:1]                        // 000000005C20: 3E060082
	v_mul_f32_e32 v1, s20, v29                                 // 000000005C24: 10023A14
	s_cbranch_scc1 22                                          // 000000005C28: BFA20016 <Cijk_Ailk_Bljk_SB_GB_MT128x64x8_SN_1LDSB0_APM1_ABV0_ACED0_AF0EM1_AF1EM1_AMAS0_ASE_ASGT_ASLT_ASM_ASAE01_ASCE01_ASEM1_AAC0_BL0_BS1_CLR0_DTLA0_DTLB0_DTVA0_DTVB0_DVO0_ETSP_EPS0_ELFLR0_EMLL0_FSSC10_FL0_GLVWA1_GLVWB1_GRCGA1_GRCGB1_GRPM1_GRVW1_GSU1_GSUASB_GLS0_ISA000_IU1_K1_KLS_LBSPPA0_LBSPPB0_LPA0_LPB0_LDL1_LRVW1_LWPMn1_LDW0_FMA_MIAV0_MDA2_MO40_MMFSC_MKFGSU256_NTA0_NTB0_NTC0_NTD0_NEPBS0_NLCA1_NLCB1_ONLL1_OPLV0_PK0_PAP0_PGR0_PLR0_PKA0_SIA1_SLW1_SS0_SU32_SUM0_SUS256_SCIUI1_SPO0_SRVW0_SSO0_SVW4_SNLL0_TSGRA0_TSGRB0_TT8_4_TLDS0_UMLDSA0_UMLDSB0_U64SL1_USFGRO0_VAW1_VS1_VW1_VWB1_VFLRP0_WSGRA0_WSGRB0_WS64_WG16_16_1_WGM8+0x2184>
	s_wait_kmcnt 0x0                                           // 000000005C2C: BFC70000
	v_mad_co_u64_u32 v[7:8], null, v6, s9, 0                   // 000000005C30: D6FE7C07 02001306
	s_delay_alu instid0(VALU_DEP_1) | instskip(NEXT) | instid1(VALU_DEP_1)// 000000005C38: BF870091
	v_lshlrev_b64_e32 v[7:8], 2, v[7:8]                        // 000000005C3C: 3E0E0E82
	v_add_co_u32 v7, vcc_lo, s14, v7                           // 000000005C40: D7006A07 00020E0E
	s_wait_alu 0xfffd                                          // 000000005C48: BF88FFFD
	s_delay_alu instid0(VALU_DEP_2) | instskip(NEXT) | instid1(VALU_DEP_2)// 000000005C4C: BF870112
	v_add_co_ci_u32_e64 v8, null, s15, v8, vcc_lo              // 000000005C50: D5207C08 01AA100F
	v_add_co_u32 v7, vcc_lo, v7, v3                            // 000000005C58: D7006A07 00020707
	s_wait_alu 0xfffd                                          // 000000005C60: BF88FFFD
	s_delay_alu instid0(VALU_DEP_2)                            // 000000005C64: BF870002
	v_add_co_ci_u32_e64 v8, null, v8, v4, vcc_lo               // 000000005C68: D5207C08 01AA0908
	flat_load_b32 v7, v[7:8]                                   // 000000005C70: EC05007C 00000007 00000007
	s_wait_loadcnt_dscnt 0x0                                   // 000000005C7C: BFC80000
	v_fmac_f32_e32 v1, s21, v7                                 // 000000005C80: 56020E15
	v_mad_co_u64_u32 v[7:8], null, v6, s22, 0                  // 000000005C84: D6FE7C07 02002D06
	s_delay_alu instid0(VALU_DEP_1) | instskip(NEXT) | instid1(VALU_DEP_1)// 000000005C8C: BF870091
	v_lshlrev_b64_e32 v[7:8], 2, v[7:8]                        // 000000005C90: 3E0E0E82
	v_add_co_u32 v7, vcc_lo, s12, v7                           // 000000005C94: D7006A07 00020E0C
	s_wait_alu 0xfffd                                          // 000000005C9C: BF88FFFD
	s_delay_alu instid0(VALU_DEP_2) | instskip(NEXT) | instid1(VALU_DEP_2)// 000000005CA0: BF870112
	v_add_co_ci_u32_e64 v8, null, s13, v8, vcc_lo              // 000000005CA4: D5207C08 01AA100D
	v_add_co_u32 v3, vcc_lo, v7, v3                            // 000000005CAC: D7006A03 00020707
	s_wait_alu 0xfffd                                          // 000000005CB4: BF88FFFD
	s_delay_alu instid0(VALU_DEP_2)                            // 000000005CB8: BF870002
	v_add_co_ci_u32_e64 v4, null, v8, v4, vcc_lo               // 000000005CBC: D5207C04 01AA0908
	flat_store_b32 v[3:4], v1                                  // 000000005CC4: EC06807C 00800000 00000003
	s_wait_alu 0xfffe                                          // 000000005CD0: BF88FFFE
	s_or_b32 exec_lo, exec_lo, s10                             // 000000005CD4: 8C7E0A7E
	s_and_b32 s16, s1, s8                                      // 000000005CD8: 8B100801
	s_wait_alu 0xfffe                                          // 000000005CDC: BF88FFFE
	s_and_saveexec_b32 s10, s16                                // 000000005CE0: BE8A2010
	s_cbranch_execz 65446                                      // 000000005CE4: BFA5FFA6 <Cijk_Ailk_Bljk_SB_GB_MT128x64x8_SN_1LDSB0_APM1_ABV0_ACED0_AF0EM1_AF1EM1_AMAS0_ASE_ASGT_ASLT_ASM_ASAE01_ASCE01_ASEM1_AAC0_BL0_BS1_CLR0_DTLA0_DTLB0_DTVA0_DTVB0_DVO0_ETSP_EPS0_ELFLR0_EMLL0_FSSC10_FL0_GLVWA1_GLVWB1_GRCGA1_GRCGB1_GRPM1_GRVW1_GSU1_GSUASB_GLS0_ISA000_IU1_K1_KLS_LBSPPA0_LBSPPB0_LPA0_LPB0_LDL1_LRVW1_LWPMn1_LDW0_FMA_MIAV0_MDA2_MO40_MMFSC_MKFGSU256_NTA0_NTB0_NTC0_NTD0_NEPBS0_NLCA1_NLCB1_ONLL1_OPLV0_PK0_PAP0_PGR0_PLR0_PKA0_SIA1_SLW1_SS0_SU32_SUM0_SUS256_SCIUI1_SPO0_SRVW0_SSO0_SVW4_SNLL0_TSGRA0_TSGRB0_TT8_4_TLDS0_UMLDSA0_UMLDSB0_U64SL1_USFGRO0_VAW1_VS1_VW1_VWB1_VFLRP0_WSGRA0_WSGRB0_WS64_WG16_16_1_WGM8+0x2080>
	v_mov_b32_e32 v1, 0                                        // 000000005CE8: 7E020280
	s_cmp_neq_f32 s21, 0                                       // 000000005CEC: BF4D8015
	s_mov_b32 s16, 0                                           // 000000005CF0: BE900080
	s_cbranch_scc1 907                                         // 000000005CF4: BFA2038B <Cijk_Ailk_Bljk_SB_GB_MT128x64x8_SN_1LDSB0_APM1_ABV0_ACED0_AF0EM1_AF1EM1_AMAS0_ASE_ASGT_ASLT_ASM_ASAE01_ASCE01_ASEM1_AAC0_BL0_BS1_CLR0_DTLA0_DTLB0_DTVA0_DTVB0_DVO0_ETSP_EPS0_ELFLR0_EMLL0_FSSC10_FL0_GLVWA1_GLVWB1_GRCGA1_GRCGB1_GRPM1_GRVW1_GSU1_GSUASB_GLS0_ISA000_IU1_K1_KLS_LBSPPA0_LBSPPB0_LPA0_LPB0_LDL1_LRVW1_LWPMn1_LDW0_FMA_MIAV0_MDA2_MO40_MMFSC_MKFGSU256_NTA0_NTB0_NTC0_NTD0_NEPBS0_NLCA1_NLCB1_ONLL1_OPLV0_PK0_PAP0_PGR0_PLR0_PKA0_SIA1_SLW1_SS0_SU32_SUM0_SUS256_SCIUI1_SPO0_SRVW0_SSO0_SVW4_SNLL0_TSGRA0_TSGRB0_TT8_4_TLDS0_UMLDSA0_UMLDSB0_U64SL1_USFGRO0_VAW1_VS1_VW1_VWB1_VFLRP0_WSGRA0_WSGRB0_WS64_WG16_16_1_WGM8+0x3024>
	v_mul_f32_e32 v3, s20, v28                                 // 000000005CF8: 10063814
	s_wait_alu 0xfffe                                          // 000000005CFC: BF88FFFE
	s_and_not1_b32 vcc_lo, exec_lo, s16                        // 000000005D00: 916A107E
	s_wait_alu 0xfffe                                          // 000000005D04: BF88FFFE
	s_cbranch_vccnz 23                                         // 000000005D08: BFA40017 <Cijk_Ailk_Bljk_SB_GB_MT128x64x8_SN_1LDSB0_APM1_ABV0_ACED0_AF0EM1_AF1EM1_AMAS0_ASE_ASGT_ASLT_ASM_ASAE01_ASCE01_ASEM1_AAC0_BL0_BS1_CLR0_DTLA0_DTLB0_DTVA0_DTVB0_DVO0_ETSP_EPS0_ELFLR0_EMLL0_FSSC10_FL0_GLVWA1_GLVWB1_GRCGA1_GRCGB1_GRPM1_GRVW1_GSU1_GSUASB_GLS0_ISA000_IU1_K1_KLS_LBSPPA0_LBSPPB0_LPA0_LPB0_LDL1_LRVW1_LWPMn1_LDW0_FMA_MIAV0_MDA2_MO40_MMFSC_MKFGSU256_NTA0_NTB0_NTC0_NTD0_NEPBS0_NLCA1_NLCB1_ONLL1_OPLV0_PK0_PAP0_PGR0_PLR0_PKA0_SIA1_SLW1_SS0_SU32_SUM0_SUS256_SCIUI1_SPO0_SRVW0_SSO0_SVW4_SNLL0_TSGRA0_TSGRB0_TT8_4_TLDS0_UMLDSA0_UMLDSB0_U64SL1_USFGRO0_VAW1_VS1_VW1_VWB1_VFLRP0_WSGRA0_WSGRB0_WS64_WG16_16_1_WGM8+0x2268>
	s_wait_kmcnt 0x0                                           // 000000005D0C: BFC70000
	v_mad_co_u64_u32 v[7:8], null, v6, s9, 0                   // 000000005D10: D6FE7C07 02001306
	v_lshlrev_b64_e32 v[9:10], 2, v[0:1]                       // 000000005D18: 3E120082
	s_delay_alu instid0(VALU_DEP_2) | instskip(NEXT) | instid1(VALU_DEP_1)// 000000005D1C: BF870092
	v_lshlrev_b64_e32 v[7:8], 2, v[7:8]                        // 000000005D20: 3E0E0E82
	v_add_co_u32 v4, vcc_lo, s14, v7                           // 000000005D24: D7006A04 00020E0E
	s_wait_alu 0xfffd                                          // 000000005D2C: BF88FFFD
	s_delay_alu instid0(VALU_DEP_2) | instskip(NEXT) | instid1(VALU_DEP_2)// 000000005D30: BF870112
	v_add_co_ci_u32_e64 v8, null, s15, v8, vcc_lo              // 000000005D34: D5207C08 01AA100F
	v_add_co_u32 v7, vcc_lo, v4, v9                            // 000000005D3C: D7006A07 00021304
	s_wait_alu 0xfffd                                          // 000000005D44: BF88FFFD
	s_delay_alu instid0(VALU_DEP_2)                            // 000000005D48: BF870002
	v_add_co_ci_u32_e64 v8, null, v8, v10, vcc_lo              // 000000005D4C: D5207C08 01AA1508
	flat_load_b32 v4, v[7:8] offset:64                         // 000000005D54: EC05007C 00000004 00004007
	s_wait_loadcnt_dscnt 0x0                                   // 000000005D60: BFC80000
	v_fmac_f32_e32 v3, s21, v4                                 // 000000005D64: 56060815
	v_mad_co_u64_u32 v[7:8], null, v6, s22, 0                  // 000000005D68: D6FE7C07 02002D06
	v_lshlrev_b64_e32 v[9:10], 2, v[0:1]                       // 000000005D70: 3E120082
	s_delay_alu instid0(VALU_DEP_2) | instskip(NEXT) | instid1(VALU_DEP_1)// 000000005D74: BF870092
	v_lshlrev_b64_e32 v[7:8], 2, v[7:8]                        // 000000005D78: 3E0E0E82
	v_add_co_u32 v1, vcc_lo, s12, v7                           // 000000005D7C: D7006A01 00020E0C
	s_wait_alu 0xfffd                                          // 000000005D84: BF88FFFD
	s_delay_alu instid0(VALU_DEP_2) | instskip(NEXT) | instid1(VALU_DEP_2)// 000000005D88: BF870112
	v_add_co_ci_u32_e64 v4, null, s13, v8, vcc_lo              // 000000005D8C: D5207C04 01AA100D
	v_add_co_u32 v7, vcc_lo, v1, v9                            // 000000005D94: D7006A07 00021301
	s_wait_alu 0xfffd                                          // 000000005D9C: BF88FFFD
	s_delay_alu instid0(VALU_DEP_2)                            // 000000005DA0: BF870002
	v_add_co_ci_u32_e64 v8, null, v4, v10, vcc_lo              // 000000005DA4: D5207C08 01AA1504
	flat_store_b32 v[7:8], v3 offset:64                        // 000000005DAC: EC06807C 01800000 00004007
	s_wait_alu 0xfffe                                          // 000000005DB8: BF88FFFE
	s_or_b32 exec_lo, exec_lo, s10                             // 000000005DBC: 8C7E0A7E
	s_and_b32 s16, s2, s8                                      // 000000005DC0: 8B100802
	s_wait_alu 0xfffe                                          // 000000005DC4: BF88FFFE
	s_and_saveexec_b32 s10, s16                                // 000000005DC8: BE8A2010
	s_cbranch_execz 65394                                      // 000000005DCC: BFA5FF72 <Cijk_Ailk_Bljk_SB_GB_MT128x64x8_SN_1LDSB0_APM1_ABV0_ACED0_AF0EM1_AF1EM1_AMAS0_ASE_ASGT_ASLT_ASM_ASAE01_ASCE01_ASEM1_AAC0_BL0_BS1_CLR0_DTLA0_DTLB0_DTVA0_DTVB0_DVO0_ETSP_EPS0_ELFLR0_EMLL0_FSSC10_FL0_GLVWA1_GLVWB1_GRCGA1_GRCGB1_GRPM1_GRVW1_GSU1_GSUASB_GLS0_ISA000_IU1_K1_KLS_LBSPPA0_LBSPPB0_LPA0_LPB0_LDL1_LRVW1_LWPMn1_LDW0_FMA_MIAV0_MDA2_MO40_MMFSC_MKFGSU256_NTA0_NTB0_NTC0_NTD0_NEPBS0_NLCA1_NLCB1_ONLL1_OPLV0_PK0_PAP0_PGR0_PLR0_PKA0_SIA1_SLW1_SS0_SU32_SUM0_SUS256_SCIUI1_SPO0_SRVW0_SSO0_SVW4_SNLL0_TSGRA0_TSGRB0_TT8_4_TLDS0_UMLDSA0_UMLDSB0_U64SL1_USFGRO0_VAW1_VS1_VW1_VWB1_VFLRP0_WSGRA0_WSGRB0_WS64_WG16_16_1_WGM8+0x2098>
	v_mov_b32_e32 v1, 0                                        // 000000005DD0: 7E020280
	s_cmp_neq_f32 s21, 0                                       // 000000005DD4: BF4D8015
	s_mov_b32 s16, 0                                           // 000000005DD8: BE900080
	s_cbranch_scc1 851                                         // 000000005DDC: BFA20353 <Cijk_Ailk_Bljk_SB_GB_MT128x64x8_SN_1LDSB0_APM1_ABV0_ACED0_AF0EM1_AF1EM1_AMAS0_ASE_ASGT_ASLT_ASM_ASAE01_ASCE01_ASEM1_AAC0_BL0_BS1_CLR0_DTLA0_DTLB0_DTVA0_DTVB0_DVO0_ETSP_EPS0_ELFLR0_EMLL0_FSSC10_FL0_GLVWA1_GLVWB1_GRCGA1_GRCGB1_GRPM1_GRVW1_GSU1_GSUASB_GLS0_ISA000_IU1_K1_KLS_LBSPPA0_LBSPPB0_LPA0_LPB0_LDL1_LRVW1_LWPMn1_LDW0_FMA_MIAV0_MDA2_MO40_MMFSC_MKFGSU256_NTA0_NTB0_NTC0_NTD0_NEPBS0_NLCA1_NLCB1_ONLL1_OPLV0_PK0_PAP0_PGR0_PLR0_PKA0_SIA1_SLW1_SS0_SU32_SUM0_SUS256_SCIUI1_SPO0_SRVW0_SSO0_SVW4_SNLL0_TSGRA0_TSGRB0_TT8_4_TLDS0_UMLDSA0_UMLDSB0_U64SL1_USFGRO0_VAW1_VS1_VW1_VWB1_VFLRP0_WSGRA0_WSGRB0_WS64_WG16_16_1_WGM8+0x302c>
	v_mul_f32_e32 v3, s20, v27                                 // 000000005DE0: 10063614
	s_wait_alu 0xfffe                                          // 000000005DE4: BF88FFFE
	s_and_not1_b32 vcc_lo, exec_lo, s16                        // 000000005DE8: 916A107E
	s_wait_alu 0xfffe                                          // 000000005DEC: BF88FFFE
	s_cbranch_vccnz 23                                         // 000000005DF0: BFA40017 <Cijk_Ailk_Bljk_SB_GB_MT128x64x8_SN_1LDSB0_APM1_ABV0_ACED0_AF0EM1_AF1EM1_AMAS0_ASE_ASGT_ASLT_ASM_ASAE01_ASCE01_ASEM1_AAC0_BL0_BS1_CLR0_DTLA0_DTLB0_DTVA0_DTVB0_DVO0_ETSP_EPS0_ELFLR0_EMLL0_FSSC10_FL0_GLVWA1_GLVWB1_GRCGA1_GRCGB1_GRPM1_GRVW1_GSU1_GSUASB_GLS0_ISA000_IU1_K1_KLS_LBSPPA0_LBSPPB0_LPA0_LPB0_LDL1_LRVW1_LWPMn1_LDW0_FMA_MIAV0_MDA2_MO40_MMFSC_MKFGSU256_NTA0_NTB0_NTC0_NTD0_NEPBS0_NLCA1_NLCB1_ONLL1_OPLV0_PK0_PAP0_PGR0_PLR0_PKA0_SIA1_SLW1_SS0_SU32_SUM0_SUS256_SCIUI1_SPO0_SRVW0_SSO0_SVW4_SNLL0_TSGRA0_TSGRB0_TT8_4_TLDS0_UMLDSA0_UMLDSB0_U64SL1_USFGRO0_VAW1_VS1_VW1_VWB1_VFLRP0_WSGRA0_WSGRB0_WS64_WG16_16_1_WGM8+0x2350>
	s_wait_kmcnt 0x0                                           // 000000005DF4: BFC70000
	v_mad_co_u64_u32 v[7:8], null, v6, s9, 0                   // 000000005DF8: D6FE7C07 02001306
	v_lshlrev_b64_e32 v[9:10], 2, v[0:1]                       // 000000005E00: 3E120082
	s_delay_alu instid0(VALU_DEP_2) | instskip(NEXT) | instid1(VALU_DEP_1)// 000000005E04: BF870092
	v_lshlrev_b64_e32 v[7:8], 2, v[7:8]                        // 000000005E08: 3E0E0E82
	v_add_co_u32 v4, vcc_lo, s14, v7                           // 000000005E0C: D7006A04 00020E0E
	s_wait_alu 0xfffd                                          // 000000005E14: BF88FFFD
	s_delay_alu instid0(VALU_DEP_2) | instskip(NEXT) | instid1(VALU_DEP_2)// 000000005E18: BF870112
	v_add_co_ci_u32_e64 v8, null, s15, v8, vcc_lo              // 000000005E1C: D5207C08 01AA100F
	v_add_co_u32 v7, vcc_lo, v4, v9                            // 000000005E24: D7006A07 00021304
	s_wait_alu 0xfffd                                          // 000000005E2C: BF88FFFD
	s_delay_alu instid0(VALU_DEP_2)                            // 000000005E30: BF870002
	v_add_co_ci_u32_e64 v8, null, v8, v10, vcc_lo              // 000000005E34: D5207C08 01AA1508
	flat_load_b32 v4, v[7:8] offset:128                        // 000000005E3C: EC05007C 00000004 00008007
	s_wait_loadcnt_dscnt 0x0                                   // 000000005E48: BFC80000
	v_fmac_f32_e32 v3, s21, v4                                 // 000000005E4C: 56060815
	v_mad_co_u64_u32 v[7:8], null, v6, s22, 0                  // 000000005E50: D6FE7C07 02002D06
	v_lshlrev_b64_e32 v[9:10], 2, v[0:1]                       // 000000005E58: 3E120082
	s_delay_alu instid0(VALU_DEP_2) | instskip(NEXT) | instid1(VALU_DEP_1)// 000000005E5C: BF870092
	v_lshlrev_b64_e32 v[7:8], 2, v[7:8]                        // 000000005E60: 3E0E0E82
	v_add_co_u32 v1, vcc_lo, s12, v7                           // 000000005E64: D7006A01 00020E0C
	s_wait_alu 0xfffd                                          // 000000005E6C: BF88FFFD
	s_delay_alu instid0(VALU_DEP_2) | instskip(NEXT) | instid1(VALU_DEP_2)// 000000005E70: BF870112
	v_add_co_ci_u32_e64 v4, null, s13, v8, vcc_lo              // 000000005E74: D5207C04 01AA100D
	v_add_co_u32 v7, vcc_lo, v1, v9                            // 000000005E7C: D7006A07 00021301
	s_wait_alu 0xfffd                                          // 000000005E84: BF88FFFD
	s_delay_alu instid0(VALU_DEP_2)                            // 000000005E88: BF870002
	v_add_co_ci_u32_e64 v8, null, v4, v10, vcc_lo              // 000000005E8C: D5207C08 01AA1504
	flat_store_b32 v[7:8], v3 offset:128                       // 000000005E94: EC06807C 01800000 00008007
	s_wait_alu 0xfffe                                          // 000000005EA0: BF88FFFE
	s_or_b32 exec_lo, exec_lo, s10                             // 000000005EA4: 8C7E0A7E
	s_and_b32 s16, s3, s8                                      // 000000005EA8: 8B100803
	s_wait_alu 0xfffe                                          // 000000005EAC: BF88FFFE
	s_and_saveexec_b32 s10, s16                                // 000000005EB0: BE8A2010
	s_cbranch_execz 65342                                      // 000000005EB4: BFA5FF3E <Cijk_Ailk_Bljk_SB_GB_MT128x64x8_SN_1LDSB0_APM1_ABV0_ACED0_AF0EM1_AF1EM1_AMAS0_ASE_ASGT_ASLT_ASM_ASAE01_ASCE01_ASEM1_AAC0_BL0_BS1_CLR0_DTLA0_DTLB0_DTVA0_DTVB0_DVO0_ETSP_EPS0_ELFLR0_EMLL0_FSSC10_FL0_GLVWA1_GLVWB1_GRCGA1_GRCGB1_GRPM1_GRVW1_GSU1_GSUASB_GLS0_ISA000_IU1_K1_KLS_LBSPPA0_LBSPPB0_LPA0_LPB0_LDL1_LRVW1_LWPMn1_LDW0_FMA_MIAV0_MDA2_MO40_MMFSC_MKFGSU256_NTA0_NTB0_NTC0_NTD0_NEPBS0_NLCA1_NLCB1_ONLL1_OPLV0_PK0_PAP0_PGR0_PLR0_PKA0_SIA1_SLW1_SS0_SU32_SUM0_SUS256_SCIUI1_SPO0_SRVW0_SSO0_SVW4_SNLL0_TSGRA0_TSGRB0_TT8_4_TLDS0_UMLDSA0_UMLDSB0_U64SL1_USFGRO0_VAW1_VS1_VW1_VWB1_VFLRP0_WSGRA0_WSGRB0_WS64_WG16_16_1_WGM8+0x20b0>
	v_mov_b32_e32 v1, 0                                        // 000000005EB8: 7E020280
	s_cmp_neq_f32 s21, 0                                       // 000000005EBC: BF4D8015
	s_mov_b32 s16, 0                                           // 000000005EC0: BE900080
	s_cbranch_scc1 795                                         // 000000005EC4: BFA2031B <Cijk_Ailk_Bljk_SB_GB_MT128x64x8_SN_1LDSB0_APM1_ABV0_ACED0_AF0EM1_AF1EM1_AMAS0_ASE_ASGT_ASLT_ASM_ASAE01_ASCE01_ASEM1_AAC0_BL0_BS1_CLR0_DTLA0_DTLB0_DTVA0_DTVB0_DVO0_ETSP_EPS0_ELFLR0_EMLL0_FSSC10_FL0_GLVWA1_GLVWB1_GRCGA1_GRCGB1_GRPM1_GRVW1_GSU1_GSUASB_GLS0_ISA000_IU1_K1_KLS_LBSPPA0_LBSPPB0_LPA0_LPB0_LDL1_LRVW1_LWPMn1_LDW0_FMA_MIAV0_MDA2_MO40_MMFSC_MKFGSU256_NTA0_NTB0_NTC0_NTD0_NEPBS0_NLCA1_NLCB1_ONLL1_OPLV0_PK0_PAP0_PGR0_PLR0_PKA0_SIA1_SLW1_SS0_SU32_SUM0_SUS256_SCIUI1_SPO0_SRVW0_SSO0_SVW4_SNLL0_TSGRA0_TSGRB0_TT8_4_TLDS0_UMLDSA0_UMLDSB0_U64SL1_USFGRO0_VAW1_VS1_VW1_VWB1_VFLRP0_WSGRA0_WSGRB0_WS64_WG16_16_1_WGM8+0x3034>
	v_mul_f32_e32 v3, s20, v26                                 // 000000005EC8: 10063414
	s_wait_alu 0xfffe                                          // 000000005ECC: BF88FFFE
	s_and_not1_b32 vcc_lo, exec_lo, s16                        // 000000005ED0: 916A107E
	s_wait_alu 0xfffe                                          // 000000005ED4: BF88FFFE
	s_cbranch_vccnz 23                                         // 000000005ED8: BFA40017 <Cijk_Ailk_Bljk_SB_GB_MT128x64x8_SN_1LDSB0_APM1_ABV0_ACED0_AF0EM1_AF1EM1_AMAS0_ASE_ASGT_ASLT_ASM_ASAE01_ASCE01_ASEM1_AAC0_BL0_BS1_CLR0_DTLA0_DTLB0_DTVA0_DTVB0_DVO0_ETSP_EPS0_ELFLR0_EMLL0_FSSC10_FL0_GLVWA1_GLVWB1_GRCGA1_GRCGB1_GRPM1_GRVW1_GSU1_GSUASB_GLS0_ISA000_IU1_K1_KLS_LBSPPA0_LBSPPB0_LPA0_LPB0_LDL1_LRVW1_LWPMn1_LDW0_FMA_MIAV0_MDA2_MO40_MMFSC_MKFGSU256_NTA0_NTB0_NTC0_NTD0_NEPBS0_NLCA1_NLCB1_ONLL1_OPLV0_PK0_PAP0_PGR0_PLR0_PKA0_SIA1_SLW1_SS0_SU32_SUM0_SUS256_SCIUI1_SPO0_SRVW0_SSO0_SVW4_SNLL0_TSGRA0_TSGRB0_TT8_4_TLDS0_UMLDSA0_UMLDSB0_U64SL1_USFGRO0_VAW1_VS1_VW1_VWB1_VFLRP0_WSGRA0_WSGRB0_WS64_WG16_16_1_WGM8+0x2438>
	s_wait_kmcnt 0x0                                           // 000000005EDC: BFC70000
	v_mad_co_u64_u32 v[7:8], null, v6, s9, 0                   // 000000005EE0: D6FE7C07 02001306
	v_lshlrev_b64_e32 v[9:10], 2, v[0:1]                       // 000000005EE8: 3E120082
	s_delay_alu instid0(VALU_DEP_2) | instskip(NEXT) | instid1(VALU_DEP_1)// 000000005EEC: BF870092
	v_lshlrev_b64_e32 v[7:8], 2, v[7:8]                        // 000000005EF0: 3E0E0E82
	v_add_co_u32 v4, vcc_lo, s14, v7                           // 000000005EF4: D7006A04 00020E0E
	s_wait_alu 0xfffd                                          // 000000005EFC: BF88FFFD
	s_delay_alu instid0(VALU_DEP_2) | instskip(NEXT) | instid1(VALU_DEP_2)// 000000005F00: BF870112
	v_add_co_ci_u32_e64 v8, null, s15, v8, vcc_lo              // 000000005F04: D5207C08 01AA100F
	v_add_co_u32 v7, vcc_lo, v4, v9                            // 000000005F0C: D7006A07 00021304
	s_wait_alu 0xfffd                                          // 000000005F14: BF88FFFD
	s_delay_alu instid0(VALU_DEP_2)                            // 000000005F18: BF870002
	v_add_co_ci_u32_e64 v8, null, v8, v10, vcc_lo              // 000000005F1C: D5207C08 01AA1508
	flat_load_b32 v4, v[7:8] offset:192                        // 000000005F24: EC05007C 00000004 0000C007
	s_wait_loadcnt_dscnt 0x0                                   // 000000005F30: BFC80000
	v_fmac_f32_e32 v3, s21, v4                                 // 000000005F34: 56060815
	v_mad_co_u64_u32 v[7:8], null, v6, s22, 0                  // 000000005F38: D6FE7C07 02002D06
	v_lshlrev_b64_e32 v[9:10], 2, v[0:1]                       // 000000005F40: 3E120082
	s_delay_alu instid0(VALU_DEP_2) | instskip(NEXT) | instid1(VALU_DEP_1)// 000000005F44: BF870092
	v_lshlrev_b64_e32 v[7:8], 2, v[7:8]                        // 000000005F48: 3E0E0E82
	v_add_co_u32 v1, vcc_lo, s12, v7                           // 000000005F4C: D7006A01 00020E0C
	s_wait_alu 0xfffd                                          // 000000005F54: BF88FFFD
	s_delay_alu instid0(VALU_DEP_2) | instskip(NEXT) | instid1(VALU_DEP_2)// 000000005F58: BF870112
	v_add_co_ci_u32_e64 v4, null, s13, v8, vcc_lo              // 000000005F5C: D5207C04 01AA100D
	v_add_co_u32 v7, vcc_lo, v1, v9                            // 000000005F64: D7006A07 00021301
	s_wait_alu 0xfffd                                          // 000000005F6C: BF88FFFD
	s_delay_alu instid0(VALU_DEP_2)                            // 000000005F70: BF870002
	v_add_co_ci_u32_e64 v8, null, v4, v10, vcc_lo              // 000000005F74: D5207C08 01AA1504
	flat_store_b32 v[7:8], v3 offset:192                       // 000000005F7C: EC06807C 01800000 0000C007
	s_wait_alu 0xfffe                                          // 000000005F88: BF88FFFE
	s_or_b32 exec_lo, exec_lo, s10                             // 000000005F8C: 8C7E0A7E
	s_and_b32 s16, s4, s8                                      // 000000005F90: 8B100804
	s_wait_alu 0xfffe                                          // 000000005F94: BF88FFFE
	s_and_saveexec_b32 s10, s16                                // 000000005F98: BE8A2010
	s_cbranch_execz 65290                                      // 000000005F9C: BFA5FF0A <Cijk_Ailk_Bljk_SB_GB_MT128x64x8_SN_1LDSB0_APM1_ABV0_ACED0_AF0EM1_AF1EM1_AMAS0_ASE_ASGT_ASLT_ASM_ASAE01_ASCE01_ASEM1_AAC0_BL0_BS1_CLR0_DTLA0_DTLB0_DTVA0_DTVB0_DVO0_ETSP_EPS0_ELFLR0_EMLL0_FSSC10_FL0_GLVWA1_GLVWB1_GRCGA1_GRCGB1_GRPM1_GRVW1_GSU1_GSUASB_GLS0_ISA000_IU1_K1_KLS_LBSPPA0_LBSPPB0_LPA0_LPB0_LDL1_LRVW1_LWPMn1_LDW0_FMA_MIAV0_MDA2_MO40_MMFSC_MKFGSU256_NTA0_NTB0_NTC0_NTD0_NEPBS0_NLCA1_NLCB1_ONLL1_OPLV0_PK0_PAP0_PGR0_PLR0_PKA0_SIA1_SLW1_SS0_SU32_SUM0_SUS256_SCIUI1_SPO0_SRVW0_SSO0_SVW4_SNLL0_TSGRA0_TSGRB0_TT8_4_TLDS0_UMLDSA0_UMLDSB0_U64SL1_USFGRO0_VAW1_VS1_VW1_VWB1_VFLRP0_WSGRA0_WSGRB0_WS64_WG16_16_1_WGM8+0x20c8>
	v_mov_b32_e32 v1, 0                                        // 000000005FA0: 7E020280
	s_cmp_neq_f32 s21, 0                                       // 000000005FA4: BF4D8015
	s_mov_b32 s16, 0                                           // 000000005FA8: BE900080
	s_cbranch_scc1 739                                         // 000000005FAC: BFA202E3 <Cijk_Ailk_Bljk_SB_GB_MT128x64x8_SN_1LDSB0_APM1_ABV0_ACED0_AF0EM1_AF1EM1_AMAS0_ASE_ASGT_ASLT_ASM_ASAE01_ASCE01_ASEM1_AAC0_BL0_BS1_CLR0_DTLA0_DTLB0_DTVA0_DTVB0_DVO0_ETSP_EPS0_ELFLR0_EMLL0_FSSC10_FL0_GLVWA1_GLVWB1_GRCGA1_GRCGB1_GRPM1_GRVW1_GSU1_GSUASB_GLS0_ISA000_IU1_K1_KLS_LBSPPA0_LBSPPB0_LPA0_LPB0_LDL1_LRVW1_LWPMn1_LDW0_FMA_MIAV0_MDA2_MO40_MMFSC_MKFGSU256_NTA0_NTB0_NTC0_NTD0_NEPBS0_NLCA1_NLCB1_ONLL1_OPLV0_PK0_PAP0_PGR0_PLR0_PKA0_SIA1_SLW1_SS0_SU32_SUM0_SUS256_SCIUI1_SPO0_SRVW0_SSO0_SVW4_SNLL0_TSGRA0_TSGRB0_TT8_4_TLDS0_UMLDSA0_UMLDSB0_U64SL1_USFGRO0_VAW1_VS1_VW1_VWB1_VFLRP0_WSGRA0_WSGRB0_WS64_WG16_16_1_WGM8+0x303c>
	v_mul_f32_e32 v3, s20, v25                                 // 000000005FB0: 10063214
	s_wait_alu 0xfffe                                          // 000000005FB4: BF88FFFE
	s_and_not1_b32 vcc_lo, exec_lo, s16                        // 000000005FB8: 916A107E
	s_wait_alu 0xfffe                                          // 000000005FBC: BF88FFFE
	s_cbranch_vccnz 23                                         // 000000005FC0: BFA40017 <Cijk_Ailk_Bljk_SB_GB_MT128x64x8_SN_1LDSB0_APM1_ABV0_ACED0_AF0EM1_AF1EM1_AMAS0_ASE_ASGT_ASLT_ASM_ASAE01_ASCE01_ASEM1_AAC0_BL0_BS1_CLR0_DTLA0_DTLB0_DTVA0_DTVB0_DVO0_ETSP_EPS0_ELFLR0_EMLL0_FSSC10_FL0_GLVWA1_GLVWB1_GRCGA1_GRCGB1_GRPM1_GRVW1_GSU1_GSUASB_GLS0_ISA000_IU1_K1_KLS_LBSPPA0_LBSPPB0_LPA0_LPB0_LDL1_LRVW1_LWPMn1_LDW0_FMA_MIAV0_MDA2_MO40_MMFSC_MKFGSU256_NTA0_NTB0_NTC0_NTD0_NEPBS0_NLCA1_NLCB1_ONLL1_OPLV0_PK0_PAP0_PGR0_PLR0_PKA0_SIA1_SLW1_SS0_SU32_SUM0_SUS256_SCIUI1_SPO0_SRVW0_SSO0_SVW4_SNLL0_TSGRA0_TSGRB0_TT8_4_TLDS0_UMLDSA0_UMLDSB0_U64SL1_USFGRO0_VAW1_VS1_VW1_VWB1_VFLRP0_WSGRA0_WSGRB0_WS64_WG16_16_1_WGM8+0x2520>
	s_wait_kmcnt 0x0                                           // 000000005FC4: BFC70000
	v_mad_co_u64_u32 v[7:8], null, v6, s9, 0                   // 000000005FC8: D6FE7C07 02001306
	v_lshlrev_b64_e32 v[9:10], 2, v[0:1]                       // 000000005FD0: 3E120082
	s_delay_alu instid0(VALU_DEP_2) | instskip(NEXT) | instid1(VALU_DEP_1)// 000000005FD4: BF870092
	v_lshlrev_b64_e32 v[7:8], 2, v[7:8]                        // 000000005FD8: 3E0E0E82
	v_add_co_u32 v4, vcc_lo, s14, v7                           // 000000005FDC: D7006A04 00020E0E
	s_wait_alu 0xfffd                                          // 000000005FE4: BF88FFFD
	s_delay_alu instid0(VALU_DEP_2) | instskip(NEXT) | instid1(VALU_DEP_2)// 000000005FE8: BF870112
	v_add_co_ci_u32_e64 v8, null, s15, v8, vcc_lo              // 000000005FEC: D5207C08 01AA100F
	v_add_co_u32 v7, vcc_lo, v4, v9                            // 000000005FF4: D7006A07 00021304
	s_wait_alu 0xfffd                                          // 000000005FFC: BF88FFFD
	s_delay_alu instid0(VALU_DEP_2)                            // 000000006000: BF870002
	v_add_co_ci_u32_e64 v8, null, v8, v10, vcc_lo              // 000000006004: D5207C08 01AA1508
	flat_load_b32 v4, v[7:8] offset:256                        // 00000000600C: EC05007C 00000004 00010007
	s_wait_loadcnt_dscnt 0x0                                   // 000000006018: BFC80000
	v_fmac_f32_e32 v3, s21, v4                                 // 00000000601C: 56060815
	v_mad_co_u64_u32 v[7:8], null, v6, s22, 0                  // 000000006020: D6FE7C07 02002D06
	v_lshlrev_b64_e32 v[9:10], 2, v[0:1]                       // 000000006028: 3E120082
	s_delay_alu instid0(VALU_DEP_2) | instskip(NEXT) | instid1(VALU_DEP_1)// 00000000602C: BF870092
	v_lshlrev_b64_e32 v[7:8], 2, v[7:8]                        // 000000006030: 3E0E0E82
	v_add_co_u32 v1, vcc_lo, s12, v7                           // 000000006034: D7006A01 00020E0C
	s_wait_alu 0xfffd                                          // 00000000603C: BF88FFFD
	s_delay_alu instid0(VALU_DEP_2) | instskip(NEXT) | instid1(VALU_DEP_2)// 000000006040: BF870112
	v_add_co_ci_u32_e64 v4, null, s13, v8, vcc_lo              // 000000006044: D5207C04 01AA100D
	v_add_co_u32 v7, vcc_lo, v1, v9                            // 00000000604C: D7006A07 00021301
	s_wait_alu 0xfffd                                          // 000000006054: BF88FFFD
	s_delay_alu instid0(VALU_DEP_2)                            // 000000006058: BF870002
	v_add_co_ci_u32_e64 v8, null, v4, v10, vcc_lo              // 00000000605C: D5207C08 01AA1504
	flat_store_b32 v[7:8], v3 offset:256                       // 000000006064: EC06807C 01800000 00010007
	s_wait_alu 0xfffe                                          // 000000006070: BF88FFFE
	s_or_b32 exec_lo, exec_lo, s10                             // 000000006074: 8C7E0A7E
	s_and_b32 s16, s5, s8                                      // 000000006078: 8B100805
	s_wait_alu 0xfffe                                          // 00000000607C: BF88FFFE
	s_and_saveexec_b32 s10, s16                                // 000000006080: BE8A2010
	s_cbranch_execz 65238                                      // 000000006084: BFA5FED6 <Cijk_Ailk_Bljk_SB_GB_MT128x64x8_SN_1LDSB0_APM1_ABV0_ACED0_AF0EM1_AF1EM1_AMAS0_ASE_ASGT_ASLT_ASM_ASAE01_ASCE01_ASEM1_AAC0_BL0_BS1_CLR0_DTLA0_DTLB0_DTVA0_DTVB0_DVO0_ETSP_EPS0_ELFLR0_EMLL0_FSSC10_FL0_GLVWA1_GLVWB1_GRCGA1_GRCGB1_GRPM1_GRVW1_GSU1_GSUASB_GLS0_ISA000_IU1_K1_KLS_LBSPPA0_LBSPPB0_LPA0_LPB0_LDL1_LRVW1_LWPMn1_LDW0_FMA_MIAV0_MDA2_MO40_MMFSC_MKFGSU256_NTA0_NTB0_NTC0_NTD0_NEPBS0_NLCA1_NLCB1_ONLL1_OPLV0_PK0_PAP0_PGR0_PLR0_PKA0_SIA1_SLW1_SS0_SU32_SUM0_SUS256_SCIUI1_SPO0_SRVW0_SSO0_SVW4_SNLL0_TSGRA0_TSGRB0_TT8_4_TLDS0_UMLDSA0_UMLDSB0_U64SL1_USFGRO0_VAW1_VS1_VW1_VWB1_VFLRP0_WSGRA0_WSGRB0_WS64_WG16_16_1_WGM8+0x20e0>
	v_mov_b32_e32 v1, 0                                        // 000000006088: 7E020280
	s_cmp_neq_f32 s21, 0                                       // 00000000608C: BF4D8015
	s_mov_b32 s16, 0                                           // 000000006090: BE900080
	s_cbranch_scc1 683                                         // 000000006094: BFA202AB <Cijk_Ailk_Bljk_SB_GB_MT128x64x8_SN_1LDSB0_APM1_ABV0_ACED0_AF0EM1_AF1EM1_AMAS0_ASE_ASGT_ASLT_ASM_ASAE01_ASCE01_ASEM1_AAC0_BL0_BS1_CLR0_DTLA0_DTLB0_DTVA0_DTVB0_DVO0_ETSP_EPS0_ELFLR0_EMLL0_FSSC10_FL0_GLVWA1_GLVWB1_GRCGA1_GRCGB1_GRPM1_GRVW1_GSU1_GSUASB_GLS0_ISA000_IU1_K1_KLS_LBSPPA0_LBSPPB0_LPA0_LPB0_LDL1_LRVW1_LWPMn1_LDW0_FMA_MIAV0_MDA2_MO40_MMFSC_MKFGSU256_NTA0_NTB0_NTC0_NTD0_NEPBS0_NLCA1_NLCB1_ONLL1_OPLV0_PK0_PAP0_PGR0_PLR0_PKA0_SIA1_SLW1_SS0_SU32_SUM0_SUS256_SCIUI1_SPO0_SRVW0_SSO0_SVW4_SNLL0_TSGRA0_TSGRB0_TT8_4_TLDS0_UMLDSA0_UMLDSB0_U64SL1_USFGRO0_VAW1_VS1_VW1_VWB1_VFLRP0_WSGRA0_WSGRB0_WS64_WG16_16_1_WGM8+0x3044>
	v_mul_f32_e32 v3, s20, v24                                 // 000000006098: 10063014
	s_wait_alu 0xfffe                                          // 00000000609C: BF88FFFE
	s_and_not1_b32 vcc_lo, exec_lo, s16                        // 0000000060A0: 916A107E
	s_wait_alu 0xfffe                                          // 0000000060A4: BF88FFFE
	s_cbranch_vccnz 23                                         // 0000000060A8: BFA40017 <Cijk_Ailk_Bljk_SB_GB_MT128x64x8_SN_1LDSB0_APM1_ABV0_ACED0_AF0EM1_AF1EM1_AMAS0_ASE_ASGT_ASLT_ASM_ASAE01_ASCE01_ASEM1_AAC0_BL0_BS1_CLR0_DTLA0_DTLB0_DTVA0_DTVB0_DVO0_ETSP_EPS0_ELFLR0_EMLL0_FSSC10_FL0_GLVWA1_GLVWB1_GRCGA1_GRCGB1_GRPM1_GRVW1_GSU1_GSUASB_GLS0_ISA000_IU1_K1_KLS_LBSPPA0_LBSPPB0_LPA0_LPB0_LDL1_LRVW1_LWPMn1_LDW0_FMA_MIAV0_MDA2_MO40_MMFSC_MKFGSU256_NTA0_NTB0_NTC0_NTD0_NEPBS0_NLCA1_NLCB1_ONLL1_OPLV0_PK0_PAP0_PGR0_PLR0_PKA0_SIA1_SLW1_SS0_SU32_SUM0_SUS256_SCIUI1_SPO0_SRVW0_SSO0_SVW4_SNLL0_TSGRA0_TSGRB0_TT8_4_TLDS0_UMLDSA0_UMLDSB0_U64SL1_USFGRO0_VAW1_VS1_VW1_VWB1_VFLRP0_WSGRA0_WSGRB0_WS64_WG16_16_1_WGM8+0x2608>
	s_wait_kmcnt 0x0                                           // 0000000060AC: BFC70000
	v_mad_co_u64_u32 v[7:8], null, v6, s9, 0                   // 0000000060B0: D6FE7C07 02001306
	v_lshlrev_b64_e32 v[9:10], 2, v[0:1]                       // 0000000060B8: 3E120082
	s_delay_alu instid0(VALU_DEP_2) | instskip(NEXT) | instid1(VALU_DEP_1)// 0000000060BC: BF870092
	v_lshlrev_b64_e32 v[7:8], 2, v[7:8]                        // 0000000060C0: 3E0E0E82
	v_add_co_u32 v4, vcc_lo, s14, v7                           // 0000000060C4: D7006A04 00020E0E
	s_wait_alu 0xfffd                                          // 0000000060CC: BF88FFFD
	s_delay_alu instid0(VALU_DEP_2) | instskip(NEXT) | instid1(VALU_DEP_2)// 0000000060D0: BF870112
	v_add_co_ci_u32_e64 v8, null, s15, v8, vcc_lo              // 0000000060D4: D5207C08 01AA100F
	v_add_co_u32 v7, vcc_lo, v4, v9                            // 0000000060DC: D7006A07 00021304
	s_wait_alu 0xfffd                                          // 0000000060E4: BF88FFFD
	s_delay_alu instid0(VALU_DEP_2)                            // 0000000060E8: BF870002
	v_add_co_ci_u32_e64 v8, null, v8, v10, vcc_lo              // 0000000060EC: D5207C08 01AA1508
	flat_load_b32 v4, v[7:8] offset:320                        // 0000000060F4: EC05007C 00000004 00014007
	s_wait_loadcnt_dscnt 0x0                                   // 000000006100: BFC80000
	v_fmac_f32_e32 v3, s21, v4                                 // 000000006104: 56060815
	v_mad_co_u64_u32 v[7:8], null, v6, s22, 0                  // 000000006108: D6FE7C07 02002D06
	v_lshlrev_b64_e32 v[9:10], 2, v[0:1]                       // 000000006110: 3E120082
	s_delay_alu instid0(VALU_DEP_2) | instskip(NEXT) | instid1(VALU_DEP_1)// 000000006114: BF870092
	v_lshlrev_b64_e32 v[7:8], 2, v[7:8]                        // 000000006118: 3E0E0E82
	v_add_co_u32 v1, vcc_lo, s12, v7                           // 00000000611C: D7006A01 00020E0C
	s_wait_alu 0xfffd                                          // 000000006124: BF88FFFD
	s_delay_alu instid0(VALU_DEP_2) | instskip(NEXT) | instid1(VALU_DEP_2)// 000000006128: BF870112
	v_add_co_ci_u32_e64 v4, null, s13, v8, vcc_lo              // 00000000612C: D5207C04 01AA100D
	v_add_co_u32 v7, vcc_lo, v1, v9                            // 000000006134: D7006A07 00021301
	s_wait_alu 0xfffd                                          // 00000000613C: BF88FFFD
	s_delay_alu instid0(VALU_DEP_2)                            // 000000006140: BF870002
	v_add_co_ci_u32_e64 v8, null, v4, v10, vcc_lo              // 000000006144: D5207C08 01AA1504
	flat_store_b32 v[7:8], v3 offset:320                       // 00000000614C: EC06807C 01800000 00014007
	s_wait_alu 0xfffe                                          // 000000006158: BF88FFFE
	s_or_b32 exec_lo, exec_lo, s10                             // 00000000615C: 8C7E0A7E
	s_and_b32 s16, s6, s8                                      // 000000006160: 8B100806
	s_wait_alu 0xfffe                                          // 000000006164: BF88FFFE
	s_and_saveexec_b32 s10, s16                                // 000000006168: BE8A2010
	s_cbranch_execz 65186                                      // 00000000616C: BFA5FEA2 <Cijk_Ailk_Bljk_SB_GB_MT128x64x8_SN_1LDSB0_APM1_ABV0_ACED0_AF0EM1_AF1EM1_AMAS0_ASE_ASGT_ASLT_ASM_ASAE01_ASCE01_ASEM1_AAC0_BL0_BS1_CLR0_DTLA0_DTLB0_DTVA0_DTVB0_DVO0_ETSP_EPS0_ELFLR0_EMLL0_FSSC10_FL0_GLVWA1_GLVWB1_GRCGA1_GRCGB1_GRPM1_GRVW1_GSU1_GSUASB_GLS0_ISA000_IU1_K1_KLS_LBSPPA0_LBSPPB0_LPA0_LPB0_LDL1_LRVW1_LWPMn1_LDW0_FMA_MIAV0_MDA2_MO40_MMFSC_MKFGSU256_NTA0_NTB0_NTC0_NTD0_NEPBS0_NLCA1_NLCB1_ONLL1_OPLV0_PK0_PAP0_PGR0_PLR0_PKA0_SIA1_SLW1_SS0_SU32_SUM0_SUS256_SCIUI1_SPO0_SRVW0_SSO0_SVW4_SNLL0_TSGRA0_TSGRB0_TT8_4_TLDS0_UMLDSA0_UMLDSB0_U64SL1_USFGRO0_VAW1_VS1_VW1_VWB1_VFLRP0_WSGRA0_WSGRB0_WS64_WG16_16_1_WGM8+0x20f8>
	v_mov_b32_e32 v1, 0                                        // 000000006170: 7E020280
	s_cmp_neq_f32 s21, 0                                       // 000000006174: BF4D8015
	s_mov_b32 s16, 0                                           // 000000006178: BE900080
	s_cbranch_scc1 627                                         // 00000000617C: BFA20273 <Cijk_Ailk_Bljk_SB_GB_MT128x64x8_SN_1LDSB0_APM1_ABV0_ACED0_AF0EM1_AF1EM1_AMAS0_ASE_ASGT_ASLT_ASM_ASAE01_ASCE01_ASEM1_AAC0_BL0_BS1_CLR0_DTLA0_DTLB0_DTVA0_DTVB0_DVO0_ETSP_EPS0_ELFLR0_EMLL0_FSSC10_FL0_GLVWA1_GLVWB1_GRCGA1_GRCGB1_GRPM1_GRVW1_GSU1_GSUASB_GLS0_ISA000_IU1_K1_KLS_LBSPPA0_LBSPPB0_LPA0_LPB0_LDL1_LRVW1_LWPMn1_LDW0_FMA_MIAV0_MDA2_MO40_MMFSC_MKFGSU256_NTA0_NTB0_NTC0_NTD0_NEPBS0_NLCA1_NLCB1_ONLL1_OPLV0_PK0_PAP0_PGR0_PLR0_PKA0_SIA1_SLW1_SS0_SU32_SUM0_SUS256_SCIUI1_SPO0_SRVW0_SSO0_SVW4_SNLL0_TSGRA0_TSGRB0_TT8_4_TLDS0_UMLDSA0_UMLDSB0_U64SL1_USFGRO0_VAW1_VS1_VW1_VWB1_VFLRP0_WSGRA0_WSGRB0_WS64_WG16_16_1_WGM8+0x304c>
	v_mul_f32_e32 v3, s20, v23                                 // 000000006180: 10062E14
	s_wait_alu 0xfffe                                          // 000000006184: BF88FFFE
	s_and_not1_b32 vcc_lo, exec_lo, s16                        // 000000006188: 916A107E
	s_wait_alu 0xfffe                                          // 00000000618C: BF88FFFE
	s_cbranch_vccnz 23                                         // 000000006190: BFA40017 <Cijk_Ailk_Bljk_SB_GB_MT128x64x8_SN_1LDSB0_APM1_ABV0_ACED0_AF0EM1_AF1EM1_AMAS0_ASE_ASGT_ASLT_ASM_ASAE01_ASCE01_ASEM1_AAC0_BL0_BS1_CLR0_DTLA0_DTLB0_DTVA0_DTVB0_DVO0_ETSP_EPS0_ELFLR0_EMLL0_FSSC10_FL0_GLVWA1_GLVWB1_GRCGA1_GRCGB1_GRPM1_GRVW1_GSU1_GSUASB_GLS0_ISA000_IU1_K1_KLS_LBSPPA0_LBSPPB0_LPA0_LPB0_LDL1_LRVW1_LWPMn1_LDW0_FMA_MIAV0_MDA2_MO40_MMFSC_MKFGSU256_NTA0_NTB0_NTC0_NTD0_NEPBS0_NLCA1_NLCB1_ONLL1_OPLV0_PK0_PAP0_PGR0_PLR0_PKA0_SIA1_SLW1_SS0_SU32_SUM0_SUS256_SCIUI1_SPO0_SRVW0_SSO0_SVW4_SNLL0_TSGRA0_TSGRB0_TT8_4_TLDS0_UMLDSA0_UMLDSB0_U64SL1_USFGRO0_VAW1_VS1_VW1_VWB1_VFLRP0_WSGRA0_WSGRB0_WS64_WG16_16_1_WGM8+0x26f0>
	s_wait_kmcnt 0x0                                           // 000000006194: BFC70000
	v_mad_co_u64_u32 v[7:8], null, v6, s9, 0                   // 000000006198: D6FE7C07 02001306
	v_lshlrev_b64_e32 v[9:10], 2, v[0:1]                       // 0000000061A0: 3E120082
	s_delay_alu instid0(VALU_DEP_2) | instskip(NEXT) | instid1(VALU_DEP_1)// 0000000061A4: BF870092
	v_lshlrev_b64_e32 v[7:8], 2, v[7:8]                        // 0000000061A8: 3E0E0E82
	v_add_co_u32 v4, vcc_lo, s14, v7                           // 0000000061AC: D7006A04 00020E0E
	s_wait_alu 0xfffd                                          // 0000000061B4: BF88FFFD
	s_delay_alu instid0(VALU_DEP_2) | instskip(NEXT) | instid1(VALU_DEP_2)// 0000000061B8: BF870112
	v_add_co_ci_u32_e64 v8, null, s15, v8, vcc_lo              // 0000000061BC: D5207C08 01AA100F
	v_add_co_u32 v7, vcc_lo, v4, v9                            // 0000000061C4: D7006A07 00021304
	s_wait_alu 0xfffd                                          // 0000000061CC: BF88FFFD
	s_delay_alu instid0(VALU_DEP_2)                            // 0000000061D0: BF870002
	v_add_co_ci_u32_e64 v8, null, v8, v10, vcc_lo              // 0000000061D4: D5207C08 01AA1508
	flat_load_b32 v4, v[7:8] offset:384                        // 0000000061DC: EC05007C 00000004 00018007
	s_wait_loadcnt_dscnt 0x0                                   // 0000000061E8: BFC80000
	v_fmac_f32_e32 v3, s21, v4                                 // 0000000061EC: 56060815
	v_mad_co_u64_u32 v[7:8], null, v6, s22, 0                  // 0000000061F0: D6FE7C07 02002D06
	v_lshlrev_b64_e32 v[9:10], 2, v[0:1]                       // 0000000061F8: 3E120082
	s_delay_alu instid0(VALU_DEP_2) | instskip(NEXT) | instid1(VALU_DEP_1)// 0000000061FC: BF870092
	v_lshlrev_b64_e32 v[7:8], 2, v[7:8]                        // 000000006200: 3E0E0E82
	v_add_co_u32 v1, vcc_lo, s12, v7                           // 000000006204: D7006A01 00020E0C
	s_wait_alu 0xfffd                                          // 00000000620C: BF88FFFD
	s_delay_alu instid0(VALU_DEP_2) | instskip(NEXT) | instid1(VALU_DEP_2)// 000000006210: BF870112
	v_add_co_ci_u32_e64 v4, null, s13, v8, vcc_lo              // 000000006214: D5207C04 01AA100D
	v_add_co_u32 v7, vcc_lo, v1, v9                            // 00000000621C: D7006A07 00021301
	s_wait_alu 0xfffd                                          // 000000006224: BF88FFFD
	s_delay_alu instid0(VALU_DEP_2)                            // 000000006228: BF870002
	v_add_co_ci_u32_e64 v8, null, v4, v10, vcc_lo              // 00000000622C: D5207C08 01AA1504
	flat_store_b32 v[7:8], v3 offset:384                       // 000000006234: EC06807C 01800000 00018007
	s_wait_alu 0xfffe                                          // 000000006240: BF88FFFE
	s_or_b32 exec_lo, exec_lo, s10                             // 000000006244: 8C7E0A7E
	s_and_b32 s10, s7, s8                                      // 000000006248: 8B0A0807
	s_wait_alu 0xfffe                                          // 00000000624C: BF88FFFE
	s_and_saveexec_b32 s8, s10                                 // 000000006250: BE88200A
	s_cbranch_execz 52                                         // 000000006254: BFA50034 <Cijk_Ailk_Bljk_SB_GB_MT128x64x8_SN_1LDSB0_APM1_ABV0_ACED0_AF0EM1_AF1EM1_AMAS0_ASE_ASGT_ASLT_ASM_ASAE01_ASCE01_ASEM1_AAC0_BL0_BS1_CLR0_DTLA0_DTLB0_DTVA0_DTVB0_DVO0_ETSP_EPS0_ELFLR0_EMLL0_FSSC10_FL0_GLVWA1_GLVWB1_GRCGA1_GRCGB1_GRPM1_GRVW1_GSU1_GSUASB_GLS0_ISA000_IU1_K1_KLS_LBSPPA0_LBSPPB0_LPA0_LPB0_LDL1_LRVW1_LWPMn1_LDW0_FMA_MIAV0_MDA2_MO40_MMFSC_MKFGSU256_NTA0_NTB0_NTC0_NTD0_NEPBS0_NLCA1_NLCB1_ONLL1_OPLV0_PK0_PAP0_PGR0_PLR0_PKA0_SIA1_SLW1_SS0_SU32_SUM0_SUS256_SCIUI1_SPO0_SRVW0_SSO0_SVW4_SNLL0_TSGRA0_TSGRB0_TT8_4_TLDS0_UMLDSA0_UMLDSB0_U64SL1_USFGRO0_VAW1_VS1_VW1_VWB1_VFLRP0_WSGRA0_WSGRB0_WS64_WG16_16_1_WGM8+0x2828>
	v_mov_b32_e32 v1, 0                                        // 000000006258: 7E020280
	s_cmp_neq_f32 s21, 0                                       // 00000000625C: BF4D8015
	s_mov_b32 s10, 0                                           // 000000006260: BE8A0080
	s_cbranch_scc1 571                                         // 000000006264: BFA2023B <Cijk_Ailk_Bljk_SB_GB_MT128x64x8_SN_1LDSB0_APM1_ABV0_ACED0_AF0EM1_AF1EM1_AMAS0_ASE_ASGT_ASLT_ASM_ASAE01_ASCE01_ASEM1_AAC0_BL0_BS1_CLR0_DTLA0_DTLB0_DTVA0_DTVB0_DVO0_ETSP_EPS0_ELFLR0_EMLL0_FSSC10_FL0_GLVWA1_GLVWB1_GRCGA1_GRCGB1_GRPM1_GRVW1_GSU1_GSUASB_GLS0_ISA000_IU1_K1_KLS_LBSPPA0_LBSPPB0_LPA0_LPB0_LDL1_LRVW1_LWPMn1_LDW0_FMA_MIAV0_MDA2_MO40_MMFSC_MKFGSU256_NTA0_NTB0_NTC0_NTD0_NEPBS0_NLCA1_NLCB1_ONLL1_OPLV0_PK0_PAP0_PGR0_PLR0_PKA0_SIA1_SLW1_SS0_SU32_SUM0_SUS256_SCIUI1_SPO0_SRVW0_SSO0_SVW4_SNLL0_TSGRA0_TSGRB0_TT8_4_TLDS0_UMLDSA0_UMLDSB0_U64SL1_USFGRO0_VAW1_VS1_VW1_VWB1_VFLRP0_WSGRA0_WSGRB0_WS64_WG16_16_1_WGM8+0x3054>
	v_mul_f32_e32 v3, s20, v22                                 // 000000006268: 10062C14
	s_wait_alu 0xfffe                                          // 00000000626C: BF88FFFE
	s_and_not1_b32 vcc_lo, exec_lo, s10                        // 000000006270: 916A0A7E
	s_wait_alu 0xfffe                                          // 000000006274: BF88FFFE
	s_cbranch_vccnz 23                                         // 000000006278: BFA40017 <Cijk_Ailk_Bljk_SB_GB_MT128x64x8_SN_1LDSB0_APM1_ABV0_ACED0_AF0EM1_AF1EM1_AMAS0_ASE_ASGT_ASLT_ASM_ASAE01_ASCE01_ASEM1_AAC0_BL0_BS1_CLR0_DTLA0_DTLB0_DTVA0_DTVB0_DVO0_ETSP_EPS0_ELFLR0_EMLL0_FSSC10_FL0_GLVWA1_GLVWB1_GRCGA1_GRCGB1_GRPM1_GRVW1_GSU1_GSUASB_GLS0_ISA000_IU1_K1_KLS_LBSPPA0_LBSPPB0_LPA0_LPB0_LDL1_LRVW1_LWPMn1_LDW0_FMA_MIAV0_MDA2_MO40_MMFSC_MKFGSU256_NTA0_NTB0_NTC0_NTD0_NEPBS0_NLCA1_NLCB1_ONLL1_OPLV0_PK0_PAP0_PGR0_PLR0_PKA0_SIA1_SLW1_SS0_SU32_SUM0_SUS256_SCIUI1_SPO0_SRVW0_SSO0_SVW4_SNLL0_TSGRA0_TSGRB0_TT8_4_TLDS0_UMLDSA0_UMLDSB0_U64SL1_USFGRO0_VAW1_VS1_VW1_VWB1_VFLRP0_WSGRA0_WSGRB0_WS64_WG16_16_1_WGM8+0x27d8>
	s_wait_kmcnt 0x0                                           // 00000000627C: BFC70000
	v_mad_co_u64_u32 v[7:8], null, v6, s9, 0                   // 000000006280: D6FE7C07 02001306
	v_lshlrev_b64_e32 v[9:10], 2, v[0:1]                       // 000000006288: 3E120082
	s_delay_alu instid0(VALU_DEP_2) | instskip(NEXT) | instid1(VALU_DEP_1)// 00000000628C: BF870092
	v_lshlrev_b64_e32 v[7:8], 2, v[7:8]                        // 000000006290: 3E0E0E82
	v_add_co_u32 v4, vcc_lo, s14, v7                           // 000000006294: D7006A04 00020E0E
	s_wait_alu 0xfffd                                          // 00000000629C: BF88FFFD
	s_delay_alu instid0(VALU_DEP_2) | instskip(NEXT) | instid1(VALU_DEP_2)// 0000000062A0: BF870112
	v_add_co_ci_u32_e64 v8, null, s15, v8, vcc_lo              // 0000000062A4: D5207C08 01AA100F
	v_add_co_u32 v7, vcc_lo, v4, v9                            // 0000000062AC: D7006A07 00021304
	s_wait_alu 0xfffd                                          // 0000000062B4: BF88FFFD
	s_delay_alu instid0(VALU_DEP_2)                            // 0000000062B8: BF870002
	v_add_co_ci_u32_e64 v8, null, v8, v10, vcc_lo              // 0000000062BC: D5207C08 01AA1508
	flat_load_b32 v4, v[7:8] offset:448                        // 0000000062C4: EC05007C 00000004 0001C007
	s_wait_loadcnt_dscnt 0x0                                   // 0000000062D0: BFC80000
	v_fmac_f32_e32 v3, s21, v4                                 // 0000000062D4: 56060815
	v_mad_co_u64_u32 v[6:7], null, v6, s22, 0                  // 0000000062D8: D6FE7C06 02002D06
	v_lshlrev_b64_e32 v[8:9], 2, v[0:1]                        // 0000000062E0: 3E100082
	s_delay_alu instid0(VALU_DEP_2) | instskip(NEXT) | instid1(VALU_DEP_1)// 0000000062E4: BF870092
	v_lshlrev_b64_e32 v[6:7], 2, v[6:7]                        // 0000000062E8: 3E0C0C82
	v_add_co_u32 v1, vcc_lo, s12, v6                           // 0000000062EC: D7006A01 00020C0C
	s_wait_alu 0xfffd                                          // 0000000062F4: BF88FFFD
	s_delay_alu instid0(VALU_DEP_2) | instskip(NEXT) | instid1(VALU_DEP_2)// 0000000062F8: BF870112
	v_add_co_ci_u32_e64 v4, null, s13, v7, vcc_lo              // 0000000062FC: D5207C04 01AA0E0D
	v_add_co_u32 v6, vcc_lo, v1, v8                            // 000000006304: D7006A06 00021101
	s_wait_alu 0xfffd                                          // 00000000630C: BF88FFFD
	s_delay_alu instid0(VALU_DEP_2)                            // 000000006310: BF870002
	v_add_co_ci_u32_e64 v7, null, v4, v9, vcc_lo               // 000000006314: D5207C07 01AA1304
	flat_store_b32 v[6:7], v3 offset:448                       // 00000000631C: EC06807C 01800000 0001C006
	s_wait_alu 0xfffe                                          // 000000006328: BF88FFFE
	s_or_b32 exec_lo, exec_lo, s8                              // 00000000632C: 8C7E087E
	v_add_nc_u32_e32 v5, 48, v5                                // 000000006330: 4A0A0AB0
	s_delay_alu instid0(VALU_DEP_1)                            // 000000006334: BF870001
	v_cmp_gt_u32_e64 s8, s11, v5                               // 000000006338: D44C0008 00020A0B
	s_and_b32 s10, s0, s8                                      // 000000006340: 8B0A0800
	s_wait_alu 0xfffe                                          // 000000006344: BF88FFFE
	s_and_saveexec_b32 s0, s10                                 // 000000006348: BE80200A
	s_cbranch_execnz 38                                        // 00000000634C: BFA60026 <Cijk_Ailk_Bljk_SB_GB_MT128x64x8_SN_1LDSB0_APM1_ABV0_ACED0_AF0EM1_AF1EM1_AMAS0_ASE_ASGT_ASLT_ASM_ASAE01_ASCE01_ASEM1_AAC0_BL0_BS1_CLR0_DTLA0_DTLB0_DTVA0_DTVB0_DVO0_ETSP_EPS0_ELFLR0_EMLL0_FSSC10_FL0_GLVWA1_GLVWB1_GRCGA1_GRCGB1_GRPM1_GRVW1_GSU1_GSUASB_GLS0_ISA000_IU1_K1_KLS_LBSPPA0_LBSPPB0_LPA0_LPB0_LDL1_LRVW1_LWPMn1_LDW0_FMA_MIAV0_MDA2_MO40_MMFSC_MKFGSU256_NTA0_NTB0_NTC0_NTD0_NEPBS0_NLCA1_NLCB1_ONLL1_OPLV0_PK0_PAP0_PGR0_PLR0_PKA0_SIA1_SLW1_SS0_SU32_SUM0_SUS256_SCIUI1_SPO0_SRVW0_SSO0_SVW4_SNLL0_TSGRA0_TSGRB0_TT8_4_TLDS0_UMLDSA0_UMLDSB0_U64SL1_USFGRO0_VAW1_VS1_VW1_VWB1_VFLRP0_WSGRA0_WSGRB0_WS64_WG16_16_1_WGM8+0x28e8>
	s_or_b32 exec_lo, exec_lo, s0                              // 000000006350: 8C7E007E
	s_and_b32 s1, s1, s8                                       // 000000006354: 8B010801
	s_delay_alu instid0(SALU_CYCLE_1)                          // 000000006358: BF870009
	s_and_saveexec_b32 s0, s1                                  // 00000000635C: BE802001
	s_cbranch_execnz 84                                        // 000000006360: BFA60054 <Cijk_Ailk_Bljk_SB_GB_MT128x64x8_SN_1LDSB0_APM1_ABV0_ACED0_AF0EM1_AF1EM1_AMAS0_ASE_ASGT_ASLT_ASM_ASAE01_ASCE01_ASEM1_AAC0_BL0_BS1_CLR0_DTLA0_DTLB0_DTVA0_DTVB0_DVO0_ETSP_EPS0_ELFLR0_EMLL0_FSSC10_FL0_GLVWA1_GLVWB1_GRCGA1_GRCGB1_GRPM1_GRVW1_GSU1_GSUASB_GLS0_ISA000_IU1_K1_KLS_LBSPPA0_LBSPPB0_LPA0_LPB0_LDL1_LRVW1_LWPMn1_LDW0_FMA_MIAV0_MDA2_MO40_MMFSC_MKFGSU256_NTA0_NTB0_NTC0_NTD0_NEPBS0_NLCA1_NLCB1_ONLL1_OPLV0_PK0_PAP0_PGR0_PLR0_PKA0_SIA1_SLW1_SS0_SU32_SUM0_SUS256_SCIUI1_SPO0_SRVW0_SSO0_SVW4_SNLL0_TSGRA0_TSGRB0_TT8_4_TLDS0_UMLDSA0_UMLDSB0_U64SL1_USFGRO0_VAW1_VS1_VW1_VWB1_VFLRP0_WSGRA0_WSGRB0_WS64_WG16_16_1_WGM8+0x29b4>
	s_or_b32 exec_lo, exec_lo, s0                              // 000000006364: 8C7E007E
	s_and_b32 s1, s2, s8                                       // 000000006368: 8B010802
	s_delay_alu instid0(SALU_CYCLE_1)                          // 00000000636C: BF870009
	s_and_saveexec_b32 s0, s1                                  // 000000006370: BE802001
	s_cbranch_execnz 134                                       // 000000006374: BFA60086 <Cijk_Ailk_Bljk_SB_GB_MT128x64x8_SN_1LDSB0_APM1_ABV0_ACED0_AF0EM1_AF1EM1_AMAS0_ASE_ASGT_ASLT_ASM_ASAE01_ASCE01_ASEM1_AAC0_BL0_BS1_CLR0_DTLA0_DTLB0_DTVA0_DTVB0_DVO0_ETSP_EPS0_ELFLR0_EMLL0_FSSC10_FL0_GLVWA1_GLVWB1_GRCGA1_GRCGB1_GRPM1_GRVW1_GSU1_GSUASB_GLS0_ISA000_IU1_K1_KLS_LBSPPA0_LBSPPB0_LPA0_LPB0_LDL1_LRVW1_LWPMn1_LDW0_FMA_MIAV0_MDA2_MO40_MMFSC_MKFGSU256_NTA0_NTB0_NTC0_NTD0_NEPBS0_NLCA1_NLCB1_ONLL1_OPLV0_PK0_PAP0_PGR0_PLR0_PKA0_SIA1_SLW1_SS0_SU32_SUM0_SUS256_SCIUI1_SPO0_SRVW0_SSO0_SVW4_SNLL0_TSGRA0_TSGRB0_TT8_4_TLDS0_UMLDSA0_UMLDSB0_U64SL1_USFGRO0_VAW1_VS1_VW1_VWB1_VFLRP0_WSGRA0_WSGRB0_WS64_WG16_16_1_WGM8+0x2a90>
	s_or_b32 exec_lo, exec_lo, s0                              // 000000006378: 8C7E007E
	s_and_b32 s1, s3, s8                                       // 00000000637C: 8B010803
	s_delay_alu instid0(SALU_CYCLE_1)                          // 000000006380: BF870009
	s_and_saveexec_b32 s0, s1                                  // 000000006384: BE802001
	s_cbranch_execnz 184                                       // 000000006388: BFA600B8 <Cijk_Ailk_Bljk_SB_GB_MT128x64x8_SN_1LDSB0_APM1_ABV0_ACED0_AF0EM1_AF1EM1_AMAS0_ASE_ASGT_ASLT_ASM_ASAE01_ASCE01_ASEM1_AAC0_BL0_BS1_CLR0_DTLA0_DTLB0_DTVA0_DTVB0_DVO0_ETSP_EPS0_ELFLR0_EMLL0_FSSC10_FL0_GLVWA1_GLVWB1_GRCGA1_GRCGB1_GRPM1_GRVW1_GSU1_GSUASB_GLS0_ISA000_IU1_K1_KLS_LBSPPA0_LBSPPB0_LPA0_LPB0_LDL1_LRVW1_LWPMn1_LDW0_FMA_MIAV0_MDA2_MO40_MMFSC_MKFGSU256_NTA0_NTB0_NTC0_NTD0_NEPBS0_NLCA1_NLCB1_ONLL1_OPLV0_PK0_PAP0_PGR0_PLR0_PKA0_SIA1_SLW1_SS0_SU32_SUM0_SUS256_SCIUI1_SPO0_SRVW0_SSO0_SVW4_SNLL0_TSGRA0_TSGRB0_TT8_4_TLDS0_UMLDSA0_UMLDSB0_U64SL1_USFGRO0_VAW1_VS1_VW1_VWB1_VFLRP0_WSGRA0_WSGRB0_WS64_WG16_16_1_WGM8+0x2b6c>
	s_or_b32 exec_lo, exec_lo, s0                              // 00000000638C: 8C7E007E
	s_and_b32 s1, s4, s8                                       // 000000006390: 8B010804
	s_delay_alu instid0(SALU_CYCLE_1)                          // 000000006394: BF870009
	s_and_saveexec_b32 s0, s1                                  // 000000006398: BE802001
	s_cbranch_execnz 234                                       // 00000000639C: BFA600EA <Cijk_Ailk_Bljk_SB_GB_MT128x64x8_SN_1LDSB0_APM1_ABV0_ACED0_AF0EM1_AF1EM1_AMAS0_ASE_ASGT_ASLT_ASM_ASAE01_ASCE01_ASEM1_AAC0_BL0_BS1_CLR0_DTLA0_DTLB0_DTVA0_DTVB0_DVO0_ETSP_EPS0_ELFLR0_EMLL0_FSSC10_FL0_GLVWA1_GLVWB1_GRCGA1_GRCGB1_GRPM1_GRVW1_GSU1_GSUASB_GLS0_ISA000_IU1_K1_KLS_LBSPPA0_LBSPPB0_LPA0_LPB0_LDL1_LRVW1_LWPMn1_LDW0_FMA_MIAV0_MDA2_MO40_MMFSC_MKFGSU256_NTA0_NTB0_NTC0_NTD0_NEPBS0_NLCA1_NLCB1_ONLL1_OPLV0_PK0_PAP0_PGR0_PLR0_PKA0_SIA1_SLW1_SS0_SU32_SUM0_SUS256_SCIUI1_SPO0_SRVW0_SSO0_SVW4_SNLL0_TSGRA0_TSGRB0_TT8_4_TLDS0_UMLDSA0_UMLDSB0_U64SL1_USFGRO0_VAW1_VS1_VW1_VWB1_VFLRP0_WSGRA0_WSGRB0_WS64_WG16_16_1_WGM8+0x2c48>
	s_or_b32 exec_lo, exec_lo, s0                              // 0000000063A0: 8C7E007E
	s_and_b32 s1, s5, s8                                       // 0000000063A4: 8B010805
	s_delay_alu instid0(SALU_CYCLE_1)                          // 0000000063A8: BF870009
	s_and_saveexec_b32 s0, s1                                  // 0000000063AC: BE802001
	s_cbranch_execnz 284                                       // 0000000063B0: BFA6011C <Cijk_Ailk_Bljk_SB_GB_MT128x64x8_SN_1LDSB0_APM1_ABV0_ACED0_AF0EM1_AF1EM1_AMAS0_ASE_ASGT_ASLT_ASM_ASAE01_ASCE01_ASEM1_AAC0_BL0_BS1_CLR0_DTLA0_DTLB0_DTVA0_DTVB0_DVO0_ETSP_EPS0_ELFLR0_EMLL0_FSSC10_FL0_GLVWA1_GLVWB1_GRCGA1_GRCGB1_GRPM1_GRVW1_GSU1_GSUASB_GLS0_ISA000_IU1_K1_KLS_LBSPPA0_LBSPPB0_LPA0_LPB0_LDL1_LRVW1_LWPMn1_LDW0_FMA_MIAV0_MDA2_MO40_MMFSC_MKFGSU256_NTA0_NTB0_NTC0_NTD0_NEPBS0_NLCA1_NLCB1_ONLL1_OPLV0_PK0_PAP0_PGR0_PLR0_PKA0_SIA1_SLW1_SS0_SU32_SUM0_SUS256_SCIUI1_SPO0_SRVW0_SSO0_SVW4_SNLL0_TSGRA0_TSGRB0_TT8_4_TLDS0_UMLDSA0_UMLDSB0_U64SL1_USFGRO0_VAW1_VS1_VW1_VWB1_VFLRP0_WSGRA0_WSGRB0_WS64_WG16_16_1_WGM8+0x2d24>
	s_or_b32 exec_lo, exec_lo, s0                              // 0000000063B4: 8C7E007E
	s_and_b32 s1, s6, s8                                       // 0000000063B8: 8B010806
	s_delay_alu instid0(SALU_CYCLE_1)                          // 0000000063BC: BF870009
	s_and_saveexec_b32 s0, s1                                  // 0000000063C0: BE802001
	s_cbranch_execnz 334                                       // 0000000063C4: BFA6014E <Cijk_Ailk_Bljk_SB_GB_MT128x64x8_SN_1LDSB0_APM1_ABV0_ACED0_AF0EM1_AF1EM1_AMAS0_ASE_ASGT_ASLT_ASM_ASAE01_ASCE01_ASEM1_AAC0_BL0_BS1_CLR0_DTLA0_DTLB0_DTVA0_DTVB0_DVO0_ETSP_EPS0_ELFLR0_EMLL0_FSSC10_FL0_GLVWA1_GLVWB1_GRCGA1_GRCGB1_GRPM1_GRVW1_GSU1_GSUASB_GLS0_ISA000_IU1_K1_KLS_LBSPPA0_LBSPPB0_LPA0_LPB0_LDL1_LRVW1_LWPMn1_LDW0_FMA_MIAV0_MDA2_MO40_MMFSC_MKFGSU256_NTA0_NTB0_NTC0_NTD0_NEPBS0_NLCA1_NLCB1_ONLL1_OPLV0_PK0_PAP0_PGR0_PLR0_PKA0_SIA1_SLW1_SS0_SU32_SUM0_SUS256_SCIUI1_SPO0_SRVW0_SSO0_SVW4_SNLL0_TSGRA0_TSGRB0_TT8_4_TLDS0_UMLDSA0_UMLDSB0_U64SL1_USFGRO0_VAW1_VS1_VW1_VWB1_VFLRP0_WSGRA0_WSGRB0_WS64_WG16_16_1_WGM8+0x2e00>
	s_or_b32 exec_lo, exec_lo, s0                              // 0000000063C8: 8C7E007E
	s_and_b32 s0, s7, s8                                       // 0000000063CC: 8B000807
	s_delay_alu instid0(SALU_CYCLE_1)                          // 0000000063D0: BF870009
	s_and_saveexec_b32 s1, s0                                  // 0000000063D4: BE812000
	s_cbranch_execnz 384                                       // 0000000063D8: BFA60180 <Cijk_Ailk_Bljk_SB_GB_MT128x64x8_SN_1LDSB0_APM1_ABV0_ACED0_AF0EM1_AF1EM1_AMAS0_ASE_ASGT_ASLT_ASM_ASAE01_ASCE01_ASEM1_AAC0_BL0_BS1_CLR0_DTLA0_DTLB0_DTVA0_DTVB0_DVO0_ETSP_EPS0_ELFLR0_EMLL0_FSSC10_FL0_GLVWA1_GLVWB1_GRCGA1_GRCGB1_GRPM1_GRVW1_GSU1_GSUASB_GLS0_ISA000_IU1_K1_KLS_LBSPPA0_LBSPPB0_LPA0_LPB0_LDL1_LRVW1_LWPMn1_LDW0_FMA_MIAV0_MDA2_MO40_MMFSC_MKFGSU256_NTA0_NTB0_NTC0_NTD0_NEPBS0_NLCA1_NLCB1_ONLL1_OPLV0_PK0_PAP0_PGR0_PLR0_PKA0_SIA1_SLW1_SS0_SU32_SUM0_SUS256_SCIUI1_SPO0_SRVW0_SSO0_SVW4_SNLL0_TSGRA0_TSGRB0_TT8_4_TLDS0_UMLDSA0_UMLDSB0_U64SL1_USFGRO0_VAW1_VS1_VW1_VWB1_VFLRP0_WSGRA0_WSGRB0_WS64_WG16_16_1_WGM8+0x2edc>
	s_nop 0                                                    // 0000000063DC: BF800000
	s_sendmsg sendmsg(MSG_DEALLOC_VGPRS)                       // 0000000063E0: BFB60003
	s_endpgm                                                   // 0000000063E4: BFB00000
	v_mov_b32_e32 v1, 0                                        // 0000000063E8: 7E020280
	s_cmp_eq_f32 s21, 0                                        // 0000000063EC: BF428015
	s_delay_alu instid0(VALU_DEP_1)                            // 0000000063F0: BF870001
	v_lshlrev_b64_e32 v[3:4], 2, v[0:1]                        // 0000000063F4: 3E060082
	v_mul_f32_e32 v1, s20, v21                                 // 0000000063F8: 10022A14
	s_cbranch_scc1 22                                          // 0000000063FC: BFA20016 <Cijk_Ailk_Bljk_SB_GB_MT128x64x8_SN_1LDSB0_APM1_ABV0_ACED0_AF0EM1_AF1EM1_AMAS0_ASE_ASGT_ASLT_ASM_ASAE01_ASCE01_ASEM1_AAC0_BL0_BS1_CLR0_DTLA0_DTLB0_DTVA0_DTVB0_DVO0_ETSP_EPS0_ELFLR0_EMLL0_FSSC10_FL0_GLVWA1_GLVWB1_GRCGA1_GRCGB1_GRPM1_GRVW1_GSU1_GSUASB_GLS0_ISA000_IU1_K1_KLS_LBSPPA0_LBSPPB0_LPA0_LPB0_LDL1_LRVW1_LWPMn1_LDW0_FMA_MIAV0_MDA2_MO40_MMFSC_MKFGSU256_NTA0_NTB0_NTC0_NTD0_NEPBS0_NLCA1_NLCB1_ONLL1_OPLV0_PK0_PAP0_PGR0_PLR0_PKA0_SIA1_SLW1_SS0_SU32_SUM0_SUS256_SCIUI1_SPO0_SRVW0_SSO0_SVW4_SNLL0_TSGRA0_TSGRB0_TT8_4_TLDS0_UMLDSA0_UMLDSB0_U64SL1_USFGRO0_VAW1_VS1_VW1_VWB1_VFLRP0_WSGRA0_WSGRB0_WS64_WG16_16_1_WGM8+0x2958>
	s_wait_kmcnt 0x0                                           // 000000006400: BFC70000
	v_mad_co_u64_u32 v[6:7], null, v5, s9, 0                   // 000000006404: D6FE7C06 02001305
	s_delay_alu instid0(VALU_DEP_1) | instskip(NEXT) | instid1(VALU_DEP_1)// 00000000640C: BF870091
	v_lshlrev_b64_e32 v[6:7], 2, v[6:7]                        // 000000006410: 3E0C0C82
	v_add_co_u32 v6, vcc_lo, s14, v6                           // 000000006414: D7006A06 00020C0E
	s_wait_alu 0xfffd                                          // 00000000641C: BF88FFFD
	s_delay_alu instid0(VALU_DEP_2) | instskip(NEXT) | instid1(VALU_DEP_2)// 000000006420: BF870112
	v_add_co_ci_u32_e64 v7, null, s15, v7, vcc_lo              // 000000006424: D5207C07 01AA0E0F
	v_add_co_u32 v6, vcc_lo, v6, v3                            // 00000000642C: D7006A06 00020706
	s_wait_alu 0xfffd                                          // 000000006434: BF88FFFD
	s_delay_alu instid0(VALU_DEP_2)                            // 000000006438: BF870002
	v_add_co_ci_u32_e64 v7, null, v7, v4, vcc_lo               // 00000000643C: D5207C07 01AA0907
	flat_load_b32 v6, v[6:7]                                   // 000000006444: EC05007C 00000006 00000006
	s_wait_loadcnt_dscnt 0x0                                   // 000000006450: BFC80000
	v_fmac_f32_e32 v1, s21, v6                                 // 000000006454: 56020C15
	v_mad_co_u64_u32 v[6:7], null, v5, s22, 0                  // 000000006458: D6FE7C06 02002D05
	s_delay_alu instid0(VALU_DEP_1) | instskip(NEXT) | instid1(VALU_DEP_1)// 000000006460: BF870091
	v_lshlrev_b64_e32 v[6:7], 2, v[6:7]                        // 000000006464: 3E0C0C82
	v_add_co_u32 v6, vcc_lo, s12, v6                           // 000000006468: D7006A06 00020C0C
	s_wait_alu 0xfffd                                          // 000000006470: BF88FFFD
	s_delay_alu instid0(VALU_DEP_2) | instskip(NEXT) | instid1(VALU_DEP_2)// 000000006474: BF870112
	v_add_co_ci_u32_e64 v7, null, s13, v7, vcc_lo              // 000000006478: D5207C07 01AA0E0D
	v_add_co_u32 v3, vcc_lo, v6, v3                            // 000000006480: D7006A03 00020706
	s_wait_alu 0xfffd                                          // 000000006488: BF88FFFD
	s_delay_alu instid0(VALU_DEP_2) | instskip(SKIP_3) | instid1(SALU_CYCLE_1)// 00000000648C: BF8704C2
	v_add_co_ci_u32_e64 v4, null, v7, v4, vcc_lo               // 000000006490: D5207C04 01AA0907
	flat_store_b32 v[3:4], v1                                  // 000000006498: EC06807C 00800000 00000003
	s_or_b32 exec_lo, exec_lo, s0                              // 0000000064A4: 8C7E007E
	s_and_b32 s1, s1, s8                                       // 0000000064A8: 8B010801
	s_and_saveexec_b32 s0, s1                                  // 0000000064AC: BE802001
	s_cbranch_execz 65452                                      // 0000000064B0: BFA5FFAC <Cijk_Ailk_Bljk_SB_GB_MT128x64x8_SN_1LDSB0_APM1_ABV0_ACED0_AF0EM1_AF1EM1_AMAS0_ASE_ASGT_ASLT_ASM_ASAE01_ASCE01_ASEM1_AAC0_BL0_BS1_CLR0_DTLA0_DTLB0_DTVA0_DTVB0_DVO0_ETSP_EPS0_ELFLR0_EMLL0_FSSC10_FL0_GLVWA1_GLVWB1_GRCGA1_GRCGB1_GRPM1_GRVW1_GSU1_GSUASB_GLS0_ISA000_IU1_K1_KLS_LBSPPA0_LBSPPB0_LPA0_LPB0_LDL1_LRVW1_LWPMn1_LDW0_FMA_MIAV0_MDA2_MO40_MMFSC_MKFGSU256_NTA0_NTB0_NTC0_NTD0_NEPBS0_NLCA1_NLCB1_ONLL1_OPLV0_PK0_PAP0_PGR0_PLR0_PKA0_SIA1_SLW1_SS0_SU32_SUM0_SUS256_SCIUI1_SPO0_SRVW0_SSO0_SVW4_SNLL0_TSGRA0_TSGRB0_TT8_4_TLDS0_UMLDSA0_UMLDSB0_U64SL1_USFGRO0_VAW1_VS1_VW1_VWB1_VFLRP0_WSGRA0_WSGRB0_WS64_WG16_16_1_WGM8+0x2864>
	v_mov_b32_e32 v1, 0                                        // 0000000064B4: 7E020280
	s_cmp_neq_f32 s21, 0                                       // 0000000064B8: BF4D8015
	s_mov_b32 s1, 0                                            // 0000000064BC: BE810080
	s_cbranch_scc1 422                                         // 0000000064C0: BFA201A6 <Cijk_Ailk_Bljk_SB_GB_MT128x64x8_SN_1LDSB0_APM1_ABV0_ACED0_AF0EM1_AF1EM1_AMAS0_ASE_ASGT_ASLT_ASM_ASAE01_ASCE01_ASEM1_AAC0_BL0_BS1_CLR0_DTLA0_DTLB0_DTVA0_DTVB0_DVO0_ETSP_EPS0_ELFLR0_EMLL0_FSSC10_FL0_GLVWA1_GLVWB1_GRCGA1_GRCGB1_GRPM1_GRVW1_GSU1_GSUASB_GLS0_ISA000_IU1_K1_KLS_LBSPPA0_LBSPPB0_LPA0_LPB0_LDL1_LRVW1_LWPMn1_LDW0_FMA_MIAV0_MDA2_MO40_MMFSC_MKFGSU256_NTA0_NTB0_NTC0_NTD0_NEPBS0_NLCA1_NLCB1_ONLL1_OPLV0_PK0_PAP0_PGR0_PLR0_PKA0_SIA1_SLW1_SS0_SU32_SUM0_SUS256_SCIUI1_SPO0_SRVW0_SSO0_SVW4_SNLL0_TSGRA0_TSGRB0_TT8_4_TLDS0_UMLDSA0_UMLDSB0_U64SL1_USFGRO0_VAW1_VS1_VW1_VWB1_VFLRP0_WSGRA0_WSGRB0_WS64_WG16_16_1_WGM8+0x305c>
	v_mul_f32_e32 v3, s20, v20                                 // 0000000064C4: 10062814
	s_and_not1_b32 vcc_lo, exec_lo, s1                         // 0000000064C8: 916A017E
	s_wait_alu 0xfffe                                          // 0000000064CC: BF88FFFE
	s_cbranch_vccnz 23                                         // 0000000064D0: BFA40017 <Cijk_Ailk_Bljk_SB_GB_MT128x64x8_SN_1LDSB0_APM1_ABV0_ACED0_AF0EM1_AF1EM1_AMAS0_ASE_ASGT_ASLT_ASM_ASAE01_ASCE01_ASEM1_AAC0_BL0_BS1_CLR0_DTLA0_DTLB0_DTVA0_DTVB0_DVO0_ETSP_EPS0_ELFLR0_EMLL0_FSSC10_FL0_GLVWA1_GLVWB1_GRCGA1_GRCGB1_GRPM1_GRVW1_GSU1_GSUASB_GLS0_ISA000_IU1_K1_KLS_LBSPPA0_LBSPPB0_LPA0_LPB0_LDL1_LRVW1_LWPMn1_LDW0_FMA_MIAV0_MDA2_MO40_MMFSC_MKFGSU256_NTA0_NTB0_NTC0_NTD0_NEPBS0_NLCA1_NLCB1_ONLL1_OPLV0_PK0_PAP0_PGR0_PLR0_PKA0_SIA1_SLW1_SS0_SU32_SUM0_SUS256_SCIUI1_SPO0_SRVW0_SSO0_SVW4_SNLL0_TSGRA0_TSGRB0_TT8_4_TLDS0_UMLDSA0_UMLDSB0_U64SL1_USFGRO0_VAW1_VS1_VW1_VWB1_VFLRP0_WSGRA0_WSGRB0_WS64_WG16_16_1_WGM8+0x2a30>
	s_wait_kmcnt 0x0                                           // 0000000064D4: BFC70000
	v_mad_co_u64_u32 v[6:7], null, v5, s9, 0                   // 0000000064D8: D6FE7C06 02001305
	v_lshlrev_b64_e32 v[8:9], 2, v[0:1]                        // 0000000064E0: 3E100082
	s_delay_alu instid0(VALU_DEP_2) | instskip(NEXT) | instid1(VALU_DEP_1)// 0000000064E4: BF870092
	v_lshlrev_b64_e32 v[6:7], 2, v[6:7]                        // 0000000064E8: 3E0C0C82
	v_add_co_u32 v4, vcc_lo, s14, v6                           // 0000000064EC: D7006A04 00020C0E
	s_wait_alu 0xfffd                                          // 0000000064F4: BF88FFFD
	s_delay_alu instid0(VALU_DEP_2) | instskip(NEXT) | instid1(VALU_DEP_2)// 0000000064F8: BF870112
	v_add_co_ci_u32_e64 v7, null, s15, v7, vcc_lo              // 0000000064FC: D5207C07 01AA0E0F
	v_add_co_u32 v6, vcc_lo, v4, v8                            // 000000006504: D7006A06 00021104
	s_wait_alu 0xfffd                                          // 00000000650C: BF88FFFD
	s_delay_alu instid0(VALU_DEP_2)                            // 000000006510: BF870002
	v_add_co_ci_u32_e64 v7, null, v7, v9, vcc_lo               // 000000006514: D5207C07 01AA1307
	flat_load_b32 v4, v[6:7] offset:64                         // 00000000651C: EC05007C 00000004 00004006
	s_wait_loadcnt_dscnt 0x0                                   // 000000006528: BFC80000
	v_fmac_f32_e32 v3, s21, v4                                 // 00000000652C: 56060815
	v_mad_co_u64_u32 v[6:7], null, v5, s22, 0                  // 000000006530: D6FE7C06 02002D05
	v_lshlrev_b64_e32 v[8:9], 2, v[0:1]                        // 000000006538: 3E100082
	s_delay_alu instid0(VALU_DEP_2) | instskip(NEXT) | instid1(VALU_DEP_1)// 00000000653C: BF870092
	v_lshlrev_b64_e32 v[6:7], 2, v[6:7]                        // 000000006540: 3E0C0C82
	v_add_co_u32 v1, vcc_lo, s12, v6                           // 000000006544: D7006A01 00020C0C
	s_wait_alu 0xfffd                                          // 00000000654C: BF88FFFD
	s_delay_alu instid0(VALU_DEP_2) | instskip(NEXT) | instid1(VALU_DEP_2)// 000000006550: BF870112
	v_add_co_ci_u32_e64 v4, null, s13, v7, vcc_lo              // 000000006554: D5207C04 01AA0E0D
	v_add_co_u32 v6, vcc_lo, v1, v8                            // 00000000655C: D7006A06 00021101
	s_wait_alu 0xfffd                                          // 000000006564: BF88FFFD
	s_delay_alu instid0(VALU_DEP_2) | instskip(SKIP_3) | instid1(SALU_CYCLE_1)// 000000006568: BF8704C2
	v_add_co_ci_u32_e64 v7, null, v4, v9, vcc_lo               // 00000000656C: D5207C07 01AA1304
	flat_store_b32 v[6:7], v3 offset:64                        // 000000006574: EC06807C 01800000 00004006
	s_or_b32 exec_lo, exec_lo, s0                              // 000000006580: 8C7E007E
	s_and_b32 s1, s2, s8                                       // 000000006584: 8B010802
	s_and_saveexec_b32 s0, s1                                  // 000000006588: BE802001
	s_cbranch_execz 65402                                      // 00000000658C: BFA5FF7A <Cijk_Ailk_Bljk_SB_GB_MT128x64x8_SN_1LDSB0_APM1_ABV0_ACED0_AF0EM1_AF1EM1_AMAS0_ASE_ASGT_ASLT_ASM_ASAE01_ASCE01_ASEM1_AAC0_BL0_BS1_CLR0_DTLA0_DTLB0_DTVA0_DTVB0_DVO0_ETSP_EPS0_ELFLR0_EMLL0_FSSC10_FL0_GLVWA1_GLVWB1_GRCGA1_GRCGB1_GRPM1_GRVW1_GSU1_GSUASB_GLS0_ISA000_IU1_K1_KLS_LBSPPA0_LBSPPB0_LPA0_LPB0_LDL1_LRVW1_LWPMn1_LDW0_FMA_MIAV0_MDA2_MO40_MMFSC_MKFGSU256_NTA0_NTB0_NTC0_NTD0_NEPBS0_NLCA1_NLCB1_ONLL1_OPLV0_PK0_PAP0_PGR0_PLR0_PKA0_SIA1_SLW1_SS0_SU32_SUM0_SUS256_SCIUI1_SPO0_SRVW0_SSO0_SVW4_SNLL0_TSGRA0_TSGRB0_TT8_4_TLDS0_UMLDSA0_UMLDSB0_U64SL1_USFGRO0_VAW1_VS1_VW1_VWB1_VFLRP0_WSGRA0_WSGRB0_WS64_WG16_16_1_WGM8+0x2878>
	v_mov_b32_e32 v1, 0                                        // 000000006590: 7E020280
	s_cmp_neq_f32 s21, 0                                       // 000000006594: BF4D8015
	s_mov_b32 s1, 0                                            // 000000006598: BE810080
	s_cbranch_scc1 369                                         // 00000000659C: BFA20171 <Cijk_Ailk_Bljk_SB_GB_MT128x64x8_SN_1LDSB0_APM1_ABV0_ACED0_AF0EM1_AF1EM1_AMAS0_ASE_ASGT_ASLT_ASM_ASAE01_ASCE01_ASEM1_AAC0_BL0_BS1_CLR0_DTLA0_DTLB0_DTVA0_DTVB0_DVO0_ETSP_EPS0_ELFLR0_EMLL0_FSSC10_FL0_GLVWA1_GLVWB1_GRCGA1_GRCGB1_GRPM1_GRVW1_GSU1_GSUASB_GLS0_ISA000_IU1_K1_KLS_LBSPPA0_LBSPPB0_LPA0_LPB0_LDL1_LRVW1_LWPMn1_LDW0_FMA_MIAV0_MDA2_MO40_MMFSC_MKFGSU256_NTA0_NTB0_NTC0_NTD0_NEPBS0_NLCA1_NLCB1_ONLL1_OPLV0_PK0_PAP0_PGR0_PLR0_PKA0_SIA1_SLW1_SS0_SU32_SUM0_SUS256_SCIUI1_SPO0_SRVW0_SSO0_SVW4_SNLL0_TSGRA0_TSGRB0_TT8_4_TLDS0_UMLDSA0_UMLDSB0_U64SL1_USFGRO0_VAW1_VS1_VW1_VWB1_VFLRP0_WSGRA0_WSGRB0_WS64_WG16_16_1_WGM8+0x3064>
	v_mul_f32_e32 v3, s20, v19                                 // 0000000065A0: 10062614
	s_and_not1_b32 vcc_lo, exec_lo, s1                         // 0000000065A4: 916A017E
	s_wait_alu 0xfffe                                          // 0000000065A8: BF88FFFE
	s_cbranch_vccnz 23                                         // 0000000065AC: BFA40017 <Cijk_Ailk_Bljk_SB_GB_MT128x64x8_SN_1LDSB0_APM1_ABV0_ACED0_AF0EM1_AF1EM1_AMAS0_ASE_ASGT_ASLT_ASM_ASAE01_ASCE01_ASEM1_AAC0_BL0_BS1_CLR0_DTLA0_DTLB0_DTVA0_DTVB0_DVO0_ETSP_EPS0_ELFLR0_EMLL0_FSSC10_FL0_GLVWA1_GLVWB1_GRCGA1_GRCGB1_GRPM1_GRVW1_GSU1_GSUASB_GLS0_ISA000_IU1_K1_KLS_LBSPPA0_LBSPPB0_LPA0_LPB0_LDL1_LRVW1_LWPMn1_LDW0_FMA_MIAV0_MDA2_MO40_MMFSC_MKFGSU256_NTA0_NTB0_NTC0_NTD0_NEPBS0_NLCA1_NLCB1_ONLL1_OPLV0_PK0_PAP0_PGR0_PLR0_PKA0_SIA1_SLW1_SS0_SU32_SUM0_SUS256_SCIUI1_SPO0_SRVW0_SSO0_SVW4_SNLL0_TSGRA0_TSGRB0_TT8_4_TLDS0_UMLDSA0_UMLDSB0_U64SL1_USFGRO0_VAW1_VS1_VW1_VWB1_VFLRP0_WSGRA0_WSGRB0_WS64_WG16_16_1_WGM8+0x2b0c>
	s_wait_kmcnt 0x0                                           // 0000000065B0: BFC70000
	v_mad_co_u64_u32 v[6:7], null, v5, s9, 0                   // 0000000065B4: D6FE7C06 02001305
	v_lshlrev_b64_e32 v[8:9], 2, v[0:1]                        // 0000000065BC: 3E100082
	s_delay_alu instid0(VALU_DEP_2) | instskip(NEXT) | instid1(VALU_DEP_1)// 0000000065C0: BF870092
	v_lshlrev_b64_e32 v[6:7], 2, v[6:7]                        // 0000000065C4: 3E0C0C82
	v_add_co_u32 v4, vcc_lo, s14, v6                           // 0000000065C8: D7006A04 00020C0E
	s_wait_alu 0xfffd                                          // 0000000065D0: BF88FFFD
	s_delay_alu instid0(VALU_DEP_2) | instskip(NEXT) | instid1(VALU_DEP_2)// 0000000065D4: BF870112
	v_add_co_ci_u32_e64 v7, null, s15, v7, vcc_lo              // 0000000065D8: D5207C07 01AA0E0F
	v_add_co_u32 v6, vcc_lo, v4, v8                            // 0000000065E0: D7006A06 00021104
	s_wait_alu 0xfffd                                          // 0000000065E8: BF88FFFD
	s_delay_alu instid0(VALU_DEP_2)                            // 0000000065EC: BF870002
	v_add_co_ci_u32_e64 v7, null, v7, v9, vcc_lo               // 0000000065F0: D5207C07 01AA1307
	flat_load_b32 v4, v[6:7] offset:128                        // 0000000065F8: EC05007C 00000004 00008006
	s_wait_loadcnt_dscnt 0x0                                   // 000000006604: BFC80000
	v_fmac_f32_e32 v3, s21, v4                                 // 000000006608: 56060815
	v_mad_co_u64_u32 v[6:7], null, v5, s22, 0                  // 00000000660C: D6FE7C06 02002D05
	v_lshlrev_b64_e32 v[8:9], 2, v[0:1]                        // 000000006614: 3E100082
	s_delay_alu instid0(VALU_DEP_2) | instskip(NEXT) | instid1(VALU_DEP_1)// 000000006618: BF870092
	v_lshlrev_b64_e32 v[6:7], 2, v[6:7]                        // 00000000661C: 3E0C0C82
	v_add_co_u32 v1, vcc_lo, s12, v6                           // 000000006620: D7006A01 00020C0C
	s_wait_alu 0xfffd                                          // 000000006628: BF88FFFD
	s_delay_alu instid0(VALU_DEP_2) | instskip(NEXT) | instid1(VALU_DEP_2)// 00000000662C: BF870112
	v_add_co_ci_u32_e64 v4, null, s13, v7, vcc_lo              // 000000006630: D5207C04 01AA0E0D
	v_add_co_u32 v6, vcc_lo, v1, v8                            // 000000006638: D7006A06 00021101
	s_wait_alu 0xfffd                                          // 000000006640: BF88FFFD
	s_delay_alu instid0(VALU_DEP_2) | instskip(SKIP_3) | instid1(SALU_CYCLE_1)// 000000006644: BF8704C2
	v_add_co_ci_u32_e64 v7, null, v4, v9, vcc_lo               // 000000006648: D5207C07 01AA1304
	flat_store_b32 v[6:7], v3 offset:128                       // 000000006650: EC06807C 01800000 00008006
	s_or_b32 exec_lo, exec_lo, s0                              // 00000000665C: 8C7E007E
	s_and_b32 s1, s3, s8                                       // 000000006660: 8B010803
	s_and_saveexec_b32 s0, s1                                  // 000000006664: BE802001
	s_cbranch_execz 65352                                      // 000000006668: BFA5FF48 <Cijk_Ailk_Bljk_SB_GB_MT128x64x8_SN_1LDSB0_APM1_ABV0_ACED0_AF0EM1_AF1EM1_AMAS0_ASE_ASGT_ASLT_ASM_ASAE01_ASCE01_ASEM1_AAC0_BL0_BS1_CLR0_DTLA0_DTLB0_DTVA0_DTVB0_DVO0_ETSP_EPS0_ELFLR0_EMLL0_FSSC10_FL0_GLVWA1_GLVWB1_GRCGA1_GRCGB1_GRPM1_GRVW1_GSU1_GSUASB_GLS0_ISA000_IU1_K1_KLS_LBSPPA0_LBSPPB0_LPA0_LPB0_LDL1_LRVW1_LWPMn1_LDW0_FMA_MIAV0_MDA2_MO40_MMFSC_MKFGSU256_NTA0_NTB0_NTC0_NTD0_NEPBS0_NLCA1_NLCB1_ONLL1_OPLV0_PK0_PAP0_PGR0_PLR0_PKA0_SIA1_SLW1_SS0_SU32_SUM0_SUS256_SCIUI1_SPO0_SRVW0_SSO0_SVW4_SNLL0_TSGRA0_TSGRB0_TT8_4_TLDS0_UMLDSA0_UMLDSB0_U64SL1_USFGRO0_VAW1_VS1_VW1_VWB1_VFLRP0_WSGRA0_WSGRB0_WS64_WG16_16_1_WGM8+0x288c>
	v_mov_b32_e32 v1, 0                                        // 00000000666C: 7E020280
	s_cmp_neq_f32 s21, 0                                       // 000000006670: BF4D8015
	s_mov_b32 s1, 0                                            // 000000006674: BE810080
	s_cbranch_scc1 316                                         // 000000006678: BFA2013C <Cijk_Ailk_Bljk_SB_GB_MT128x64x8_SN_1LDSB0_APM1_ABV0_ACED0_AF0EM1_AF1EM1_AMAS0_ASE_ASGT_ASLT_ASM_ASAE01_ASCE01_ASEM1_AAC0_BL0_BS1_CLR0_DTLA0_DTLB0_DTVA0_DTVB0_DVO0_ETSP_EPS0_ELFLR0_EMLL0_FSSC10_FL0_GLVWA1_GLVWB1_GRCGA1_GRCGB1_GRPM1_GRVW1_GSU1_GSUASB_GLS0_ISA000_IU1_K1_KLS_LBSPPA0_LBSPPB0_LPA0_LPB0_LDL1_LRVW1_LWPMn1_LDW0_FMA_MIAV0_MDA2_MO40_MMFSC_MKFGSU256_NTA0_NTB0_NTC0_NTD0_NEPBS0_NLCA1_NLCB1_ONLL1_OPLV0_PK0_PAP0_PGR0_PLR0_PKA0_SIA1_SLW1_SS0_SU32_SUM0_SUS256_SCIUI1_SPO0_SRVW0_SSO0_SVW4_SNLL0_TSGRA0_TSGRB0_TT8_4_TLDS0_UMLDSA0_UMLDSB0_U64SL1_USFGRO0_VAW1_VS1_VW1_VWB1_VFLRP0_WSGRA0_WSGRB0_WS64_WG16_16_1_WGM8+0x306c>
	v_mul_f32_e32 v3, s20, v18                                 // 00000000667C: 10062414
	s_and_not1_b32 vcc_lo, exec_lo, s1                         // 000000006680: 916A017E
	s_wait_alu 0xfffe                                          // 000000006684: BF88FFFE
	s_cbranch_vccnz 23                                         // 000000006688: BFA40017 <Cijk_Ailk_Bljk_SB_GB_MT128x64x8_SN_1LDSB0_APM1_ABV0_ACED0_AF0EM1_AF1EM1_AMAS0_ASE_ASGT_ASLT_ASM_ASAE01_ASCE01_ASEM1_AAC0_BL0_BS1_CLR0_DTLA0_DTLB0_DTVA0_DTVB0_DVO0_ETSP_EPS0_ELFLR0_EMLL0_FSSC10_FL0_GLVWA1_GLVWB1_GRCGA1_GRCGB1_GRPM1_GRVW1_GSU1_GSUASB_GLS0_ISA000_IU1_K1_KLS_LBSPPA0_LBSPPB0_LPA0_LPB0_LDL1_LRVW1_LWPMn1_LDW0_FMA_MIAV0_MDA2_MO40_MMFSC_MKFGSU256_NTA0_NTB0_NTC0_NTD0_NEPBS0_NLCA1_NLCB1_ONLL1_OPLV0_PK0_PAP0_PGR0_PLR0_PKA0_SIA1_SLW1_SS0_SU32_SUM0_SUS256_SCIUI1_SPO0_SRVW0_SSO0_SVW4_SNLL0_TSGRA0_TSGRB0_TT8_4_TLDS0_UMLDSA0_UMLDSB0_U64SL1_USFGRO0_VAW1_VS1_VW1_VWB1_VFLRP0_WSGRA0_WSGRB0_WS64_WG16_16_1_WGM8+0x2be8>
	s_wait_kmcnt 0x0                                           // 00000000668C: BFC70000
	v_mad_co_u64_u32 v[6:7], null, v5, s9, 0                   // 000000006690: D6FE7C06 02001305
	v_lshlrev_b64_e32 v[8:9], 2, v[0:1]                        // 000000006698: 3E100082
	s_delay_alu instid0(VALU_DEP_2) | instskip(NEXT) | instid1(VALU_DEP_1)// 00000000669C: BF870092
	v_lshlrev_b64_e32 v[6:7], 2, v[6:7]                        // 0000000066A0: 3E0C0C82
	v_add_co_u32 v4, vcc_lo, s14, v6                           // 0000000066A4: D7006A04 00020C0E
	s_wait_alu 0xfffd                                          // 0000000066AC: BF88FFFD
	s_delay_alu instid0(VALU_DEP_2) | instskip(NEXT) | instid1(VALU_DEP_2)// 0000000066B0: BF870112
	v_add_co_ci_u32_e64 v7, null, s15, v7, vcc_lo              // 0000000066B4: D5207C07 01AA0E0F
	v_add_co_u32 v6, vcc_lo, v4, v8                            // 0000000066BC: D7006A06 00021104
	s_wait_alu 0xfffd                                          // 0000000066C4: BF88FFFD
	s_delay_alu instid0(VALU_DEP_2)                            // 0000000066C8: BF870002
	v_add_co_ci_u32_e64 v7, null, v7, v9, vcc_lo               // 0000000066CC: D5207C07 01AA1307
	flat_load_b32 v4, v[6:7] offset:192                        // 0000000066D4: EC05007C 00000004 0000C006
	s_wait_loadcnt_dscnt 0x0                                   // 0000000066E0: BFC80000
	v_fmac_f32_e32 v3, s21, v4                                 // 0000000066E4: 56060815
	v_mad_co_u64_u32 v[6:7], null, v5, s22, 0                  // 0000000066E8: D6FE7C06 02002D05
	v_lshlrev_b64_e32 v[8:9], 2, v[0:1]                        // 0000000066F0: 3E100082
	s_delay_alu instid0(VALU_DEP_2) | instskip(NEXT) | instid1(VALU_DEP_1)// 0000000066F4: BF870092
	v_lshlrev_b64_e32 v[6:7], 2, v[6:7]                        // 0000000066F8: 3E0C0C82
	v_add_co_u32 v1, vcc_lo, s12, v6                           // 0000000066FC: D7006A01 00020C0C
	s_wait_alu 0xfffd                                          // 000000006704: BF88FFFD
	s_delay_alu instid0(VALU_DEP_2) | instskip(NEXT) | instid1(VALU_DEP_2)// 000000006708: BF870112
	v_add_co_ci_u32_e64 v4, null, s13, v7, vcc_lo              // 00000000670C: D5207C04 01AA0E0D
	v_add_co_u32 v6, vcc_lo, v1, v8                            // 000000006714: D7006A06 00021101
	s_wait_alu 0xfffd                                          // 00000000671C: BF88FFFD
	s_delay_alu instid0(VALU_DEP_2) | instskip(SKIP_3) | instid1(SALU_CYCLE_1)// 000000006720: BF8704C2
	v_add_co_ci_u32_e64 v7, null, v4, v9, vcc_lo               // 000000006724: D5207C07 01AA1304
	flat_store_b32 v[6:7], v3 offset:192                       // 00000000672C: EC06807C 01800000 0000C006
	s_or_b32 exec_lo, exec_lo, s0                              // 000000006738: 8C7E007E
	s_and_b32 s1, s4, s8                                       // 00000000673C: 8B010804
	s_and_saveexec_b32 s0, s1                                  // 000000006740: BE802001
	s_cbranch_execz 65302                                      // 000000006744: BFA5FF16 <Cijk_Ailk_Bljk_SB_GB_MT128x64x8_SN_1LDSB0_APM1_ABV0_ACED0_AF0EM1_AF1EM1_AMAS0_ASE_ASGT_ASLT_ASM_ASAE01_ASCE01_ASEM1_AAC0_BL0_BS1_CLR0_DTLA0_DTLB0_DTVA0_DTVB0_DVO0_ETSP_EPS0_ELFLR0_EMLL0_FSSC10_FL0_GLVWA1_GLVWB1_GRCGA1_GRCGB1_GRPM1_GRVW1_GSU1_GSUASB_GLS0_ISA000_IU1_K1_KLS_LBSPPA0_LBSPPB0_LPA0_LPB0_LDL1_LRVW1_LWPMn1_LDW0_FMA_MIAV0_MDA2_MO40_MMFSC_MKFGSU256_NTA0_NTB0_NTC0_NTD0_NEPBS0_NLCA1_NLCB1_ONLL1_OPLV0_PK0_PAP0_PGR0_PLR0_PKA0_SIA1_SLW1_SS0_SU32_SUM0_SUS256_SCIUI1_SPO0_SRVW0_SSO0_SVW4_SNLL0_TSGRA0_TSGRB0_TT8_4_TLDS0_UMLDSA0_UMLDSB0_U64SL1_USFGRO0_VAW1_VS1_VW1_VWB1_VFLRP0_WSGRA0_WSGRB0_WS64_WG16_16_1_WGM8+0x28a0>
	v_mov_b32_e32 v1, 0                                        // 000000006748: 7E020280
	s_cmp_neq_f32 s21, 0                                       // 00000000674C: BF4D8015
	s_mov_b32 s1, 0                                            // 000000006750: BE810080
	s_cbranch_scc1 263                                         // 000000006754: BFA20107 <Cijk_Ailk_Bljk_SB_GB_MT128x64x8_SN_1LDSB0_APM1_ABV0_ACED0_AF0EM1_AF1EM1_AMAS0_ASE_ASGT_ASLT_ASM_ASAE01_ASCE01_ASEM1_AAC0_BL0_BS1_CLR0_DTLA0_DTLB0_DTVA0_DTVB0_DVO0_ETSP_EPS0_ELFLR0_EMLL0_FSSC10_FL0_GLVWA1_GLVWB1_GRCGA1_GRCGB1_GRPM1_GRVW1_GSU1_GSUASB_GLS0_ISA000_IU1_K1_KLS_LBSPPA0_LBSPPB0_LPA0_LPB0_LDL1_LRVW1_LWPMn1_LDW0_FMA_MIAV0_MDA2_MO40_MMFSC_MKFGSU256_NTA0_NTB0_NTC0_NTD0_NEPBS0_NLCA1_NLCB1_ONLL1_OPLV0_PK0_PAP0_PGR0_PLR0_PKA0_SIA1_SLW1_SS0_SU32_SUM0_SUS256_SCIUI1_SPO0_SRVW0_SSO0_SVW4_SNLL0_TSGRA0_TSGRB0_TT8_4_TLDS0_UMLDSA0_UMLDSB0_U64SL1_USFGRO0_VAW1_VS1_VW1_VWB1_VFLRP0_WSGRA0_WSGRB0_WS64_WG16_16_1_WGM8+0x3074>
	v_mul_f32_e32 v3, s20, v17                                 // 000000006758: 10062214
	s_and_not1_b32 vcc_lo, exec_lo, s1                         // 00000000675C: 916A017E
	s_wait_alu 0xfffe                                          // 000000006760: BF88FFFE
	s_cbranch_vccnz 23                                         // 000000006764: BFA40017 <Cijk_Ailk_Bljk_SB_GB_MT128x64x8_SN_1LDSB0_APM1_ABV0_ACED0_AF0EM1_AF1EM1_AMAS0_ASE_ASGT_ASLT_ASM_ASAE01_ASCE01_ASEM1_AAC0_BL0_BS1_CLR0_DTLA0_DTLB0_DTVA0_DTVB0_DVO0_ETSP_EPS0_ELFLR0_EMLL0_FSSC10_FL0_GLVWA1_GLVWB1_GRCGA1_GRCGB1_GRPM1_GRVW1_GSU1_GSUASB_GLS0_ISA000_IU1_K1_KLS_LBSPPA0_LBSPPB0_LPA0_LPB0_LDL1_LRVW1_LWPMn1_LDW0_FMA_MIAV0_MDA2_MO40_MMFSC_MKFGSU256_NTA0_NTB0_NTC0_NTD0_NEPBS0_NLCA1_NLCB1_ONLL1_OPLV0_PK0_PAP0_PGR0_PLR0_PKA0_SIA1_SLW1_SS0_SU32_SUM0_SUS256_SCIUI1_SPO0_SRVW0_SSO0_SVW4_SNLL0_TSGRA0_TSGRB0_TT8_4_TLDS0_UMLDSA0_UMLDSB0_U64SL1_USFGRO0_VAW1_VS1_VW1_VWB1_VFLRP0_WSGRA0_WSGRB0_WS64_WG16_16_1_WGM8+0x2cc4>
	s_wait_kmcnt 0x0                                           // 000000006768: BFC70000
	v_mad_co_u64_u32 v[6:7], null, v5, s9, 0                   // 00000000676C: D6FE7C06 02001305
	v_lshlrev_b64_e32 v[8:9], 2, v[0:1]                        // 000000006774: 3E100082
	s_delay_alu instid0(VALU_DEP_2) | instskip(NEXT) | instid1(VALU_DEP_1)// 000000006778: BF870092
	v_lshlrev_b64_e32 v[6:7], 2, v[6:7]                        // 00000000677C: 3E0C0C82
	v_add_co_u32 v4, vcc_lo, s14, v6                           // 000000006780: D7006A04 00020C0E
	s_wait_alu 0xfffd                                          // 000000006788: BF88FFFD
	s_delay_alu instid0(VALU_DEP_2) | instskip(NEXT) | instid1(VALU_DEP_2)// 00000000678C: BF870112
	v_add_co_ci_u32_e64 v7, null, s15, v7, vcc_lo              // 000000006790: D5207C07 01AA0E0F
	v_add_co_u32 v6, vcc_lo, v4, v8                            // 000000006798: D7006A06 00021104
	s_wait_alu 0xfffd                                          // 0000000067A0: BF88FFFD
	s_delay_alu instid0(VALU_DEP_2)                            // 0000000067A4: BF870002
	v_add_co_ci_u32_e64 v7, null, v7, v9, vcc_lo               // 0000000067A8: D5207C07 01AA1307
	flat_load_b32 v4, v[6:7] offset:256                        // 0000000067B0: EC05007C 00000004 00010006
	s_wait_loadcnt_dscnt 0x0                                   // 0000000067BC: BFC80000
	v_fmac_f32_e32 v3, s21, v4                                 // 0000000067C0: 56060815
	v_mad_co_u64_u32 v[6:7], null, v5, s22, 0                  // 0000000067C4: D6FE7C06 02002D05
	v_lshlrev_b64_e32 v[8:9], 2, v[0:1]                        // 0000000067CC: 3E100082
	s_delay_alu instid0(VALU_DEP_2) | instskip(NEXT) | instid1(VALU_DEP_1)// 0000000067D0: BF870092
	v_lshlrev_b64_e32 v[6:7], 2, v[6:7]                        // 0000000067D4: 3E0C0C82
	v_add_co_u32 v1, vcc_lo, s12, v6                           // 0000000067D8: D7006A01 00020C0C
	s_wait_alu 0xfffd                                          // 0000000067E0: BF88FFFD
	s_delay_alu instid0(VALU_DEP_2) | instskip(NEXT) | instid1(VALU_DEP_2)// 0000000067E4: BF870112
	v_add_co_ci_u32_e64 v4, null, s13, v7, vcc_lo              // 0000000067E8: D5207C04 01AA0E0D
	v_add_co_u32 v6, vcc_lo, v1, v8                            // 0000000067F0: D7006A06 00021101
	s_wait_alu 0xfffd                                          // 0000000067F8: BF88FFFD
	s_delay_alu instid0(VALU_DEP_2) | instskip(SKIP_3) | instid1(SALU_CYCLE_1)// 0000000067FC: BF8704C2
	v_add_co_ci_u32_e64 v7, null, v4, v9, vcc_lo               // 000000006800: D5207C07 01AA1304
	flat_store_b32 v[6:7], v3 offset:256                       // 000000006808: EC06807C 01800000 00010006
	s_or_b32 exec_lo, exec_lo, s0                              // 000000006814: 8C7E007E
	s_and_b32 s1, s5, s8                                       // 000000006818: 8B010805
	s_and_saveexec_b32 s0, s1                                  // 00000000681C: BE802001
	s_cbranch_execz 65252                                      // 000000006820: BFA5FEE4 <Cijk_Ailk_Bljk_SB_GB_MT128x64x8_SN_1LDSB0_APM1_ABV0_ACED0_AF0EM1_AF1EM1_AMAS0_ASE_ASGT_ASLT_ASM_ASAE01_ASCE01_ASEM1_AAC0_BL0_BS1_CLR0_DTLA0_DTLB0_DTVA0_DTVB0_DVO0_ETSP_EPS0_ELFLR0_EMLL0_FSSC10_FL0_GLVWA1_GLVWB1_GRCGA1_GRCGB1_GRPM1_GRVW1_GSU1_GSUASB_GLS0_ISA000_IU1_K1_KLS_LBSPPA0_LBSPPB0_LPA0_LPB0_LDL1_LRVW1_LWPMn1_LDW0_FMA_MIAV0_MDA2_MO40_MMFSC_MKFGSU256_NTA0_NTB0_NTC0_NTD0_NEPBS0_NLCA1_NLCB1_ONLL1_OPLV0_PK0_PAP0_PGR0_PLR0_PKA0_SIA1_SLW1_SS0_SU32_SUM0_SUS256_SCIUI1_SPO0_SRVW0_SSO0_SVW4_SNLL0_TSGRA0_TSGRB0_TT8_4_TLDS0_UMLDSA0_UMLDSB0_U64SL1_USFGRO0_VAW1_VS1_VW1_VWB1_VFLRP0_WSGRA0_WSGRB0_WS64_WG16_16_1_WGM8+0x28b4>
	v_mov_b32_e32 v1, 0                                        // 000000006824: 7E020280
	s_cmp_neq_f32 s21, 0                                       // 000000006828: BF4D8015
	s_mov_b32 s1, 0                                            // 00000000682C: BE810080
	s_cbranch_scc1 210                                         // 000000006830: BFA200D2 <Cijk_Ailk_Bljk_SB_GB_MT128x64x8_SN_1LDSB0_APM1_ABV0_ACED0_AF0EM1_AF1EM1_AMAS0_ASE_ASGT_ASLT_ASM_ASAE01_ASCE01_ASEM1_AAC0_BL0_BS1_CLR0_DTLA0_DTLB0_DTVA0_DTVB0_DVO0_ETSP_EPS0_ELFLR0_EMLL0_FSSC10_FL0_GLVWA1_GLVWB1_GRCGA1_GRCGB1_GRPM1_GRVW1_GSU1_GSUASB_GLS0_ISA000_IU1_K1_KLS_LBSPPA0_LBSPPB0_LPA0_LPB0_LDL1_LRVW1_LWPMn1_LDW0_FMA_MIAV0_MDA2_MO40_MMFSC_MKFGSU256_NTA0_NTB0_NTC0_NTD0_NEPBS0_NLCA1_NLCB1_ONLL1_OPLV0_PK0_PAP0_PGR0_PLR0_PKA0_SIA1_SLW1_SS0_SU32_SUM0_SUS256_SCIUI1_SPO0_SRVW0_SSO0_SVW4_SNLL0_TSGRA0_TSGRB0_TT8_4_TLDS0_UMLDSA0_UMLDSB0_U64SL1_USFGRO0_VAW1_VS1_VW1_VWB1_VFLRP0_WSGRA0_WSGRB0_WS64_WG16_16_1_WGM8+0x307c>
	v_mul_f32_e32 v3, s20, v16                                 // 000000006834: 10062014
	s_and_not1_b32 vcc_lo, exec_lo, s1                         // 000000006838: 916A017E
	s_wait_alu 0xfffe                                          // 00000000683C: BF88FFFE
	s_cbranch_vccnz 23                                         // 000000006840: BFA40017 <Cijk_Ailk_Bljk_SB_GB_MT128x64x8_SN_1LDSB0_APM1_ABV0_ACED0_AF0EM1_AF1EM1_AMAS0_ASE_ASGT_ASLT_ASM_ASAE01_ASCE01_ASEM1_AAC0_BL0_BS1_CLR0_DTLA0_DTLB0_DTVA0_DTVB0_DVO0_ETSP_EPS0_ELFLR0_EMLL0_FSSC10_FL0_GLVWA1_GLVWB1_GRCGA1_GRCGB1_GRPM1_GRVW1_GSU1_GSUASB_GLS0_ISA000_IU1_K1_KLS_LBSPPA0_LBSPPB0_LPA0_LPB0_LDL1_LRVW1_LWPMn1_LDW0_FMA_MIAV0_MDA2_MO40_MMFSC_MKFGSU256_NTA0_NTB0_NTC0_NTD0_NEPBS0_NLCA1_NLCB1_ONLL1_OPLV0_PK0_PAP0_PGR0_PLR0_PKA0_SIA1_SLW1_SS0_SU32_SUM0_SUS256_SCIUI1_SPO0_SRVW0_SSO0_SVW4_SNLL0_TSGRA0_TSGRB0_TT8_4_TLDS0_UMLDSA0_UMLDSB0_U64SL1_USFGRO0_VAW1_VS1_VW1_VWB1_VFLRP0_WSGRA0_WSGRB0_WS64_WG16_16_1_WGM8+0x2da0>
	s_wait_kmcnt 0x0                                           // 000000006844: BFC70000
	v_mad_co_u64_u32 v[6:7], null, v5, s9, 0                   // 000000006848: D6FE7C06 02001305
	v_lshlrev_b64_e32 v[8:9], 2, v[0:1]                        // 000000006850: 3E100082
	s_delay_alu instid0(VALU_DEP_2) | instskip(NEXT) | instid1(VALU_DEP_1)// 000000006854: BF870092
	v_lshlrev_b64_e32 v[6:7], 2, v[6:7]                        // 000000006858: 3E0C0C82
	v_add_co_u32 v4, vcc_lo, s14, v6                           // 00000000685C: D7006A04 00020C0E
	s_wait_alu 0xfffd                                          // 000000006864: BF88FFFD
	s_delay_alu instid0(VALU_DEP_2) | instskip(NEXT) | instid1(VALU_DEP_2)// 000000006868: BF870112
	v_add_co_ci_u32_e64 v7, null, s15, v7, vcc_lo              // 00000000686C: D5207C07 01AA0E0F
	v_add_co_u32 v6, vcc_lo, v4, v8                            // 000000006874: D7006A06 00021104
	s_wait_alu 0xfffd                                          // 00000000687C: BF88FFFD
	s_delay_alu instid0(VALU_DEP_2)                            // 000000006880: BF870002
	v_add_co_ci_u32_e64 v7, null, v7, v9, vcc_lo               // 000000006884: D5207C07 01AA1307
	flat_load_b32 v4, v[6:7] offset:320                        // 00000000688C: EC05007C 00000004 00014006
	s_wait_loadcnt_dscnt 0x0                                   // 000000006898: BFC80000
	v_fmac_f32_e32 v3, s21, v4                                 // 00000000689C: 56060815
	v_mad_co_u64_u32 v[6:7], null, v5, s22, 0                  // 0000000068A0: D6FE7C06 02002D05
	v_lshlrev_b64_e32 v[8:9], 2, v[0:1]                        // 0000000068A8: 3E100082
	s_delay_alu instid0(VALU_DEP_2) | instskip(NEXT) | instid1(VALU_DEP_1)// 0000000068AC: BF870092
	v_lshlrev_b64_e32 v[6:7], 2, v[6:7]                        // 0000000068B0: 3E0C0C82
	v_add_co_u32 v1, vcc_lo, s12, v6                           // 0000000068B4: D7006A01 00020C0C
	s_wait_alu 0xfffd                                          // 0000000068BC: BF88FFFD
	s_delay_alu instid0(VALU_DEP_2) | instskip(NEXT) | instid1(VALU_DEP_2)// 0000000068C0: BF870112
	v_add_co_ci_u32_e64 v4, null, s13, v7, vcc_lo              // 0000000068C4: D5207C04 01AA0E0D
	v_add_co_u32 v6, vcc_lo, v1, v8                            // 0000000068CC: D7006A06 00021101
	s_wait_alu 0xfffd                                          // 0000000068D4: BF88FFFD
	s_delay_alu instid0(VALU_DEP_2) | instskip(SKIP_3) | instid1(SALU_CYCLE_1)// 0000000068D8: BF8704C2
	v_add_co_ci_u32_e64 v7, null, v4, v9, vcc_lo               // 0000000068DC: D5207C07 01AA1304
	flat_store_b32 v[6:7], v3 offset:320                       // 0000000068E4: EC06807C 01800000 00014006
	s_or_b32 exec_lo, exec_lo, s0                              // 0000000068F0: 8C7E007E
	s_and_b32 s1, s6, s8                                       // 0000000068F4: 8B010806
	s_and_saveexec_b32 s0, s1                                  // 0000000068F8: BE802001
	s_cbranch_execz 65202                                      // 0000000068FC: BFA5FEB2 <Cijk_Ailk_Bljk_SB_GB_MT128x64x8_SN_1LDSB0_APM1_ABV0_ACED0_AF0EM1_AF1EM1_AMAS0_ASE_ASGT_ASLT_ASM_ASAE01_ASCE01_ASEM1_AAC0_BL0_BS1_CLR0_DTLA0_DTLB0_DTVA0_DTVB0_DVO0_ETSP_EPS0_ELFLR0_EMLL0_FSSC10_FL0_GLVWA1_GLVWB1_GRCGA1_GRCGB1_GRPM1_GRVW1_GSU1_GSUASB_GLS0_ISA000_IU1_K1_KLS_LBSPPA0_LBSPPB0_LPA0_LPB0_LDL1_LRVW1_LWPMn1_LDW0_FMA_MIAV0_MDA2_MO40_MMFSC_MKFGSU256_NTA0_NTB0_NTC0_NTD0_NEPBS0_NLCA1_NLCB1_ONLL1_OPLV0_PK0_PAP0_PGR0_PLR0_PKA0_SIA1_SLW1_SS0_SU32_SUM0_SUS256_SCIUI1_SPO0_SRVW0_SSO0_SVW4_SNLL0_TSGRA0_TSGRB0_TT8_4_TLDS0_UMLDSA0_UMLDSB0_U64SL1_USFGRO0_VAW1_VS1_VW1_VWB1_VFLRP0_WSGRA0_WSGRB0_WS64_WG16_16_1_WGM8+0x28c8>
	v_mov_b32_e32 v1, 0                                        // 000000006900: 7E020280
	s_cmp_neq_f32 s21, 0                                       // 000000006904: BF4D8015
	s_mov_b32 s1, 0                                            // 000000006908: BE810080
	s_cbranch_scc1 157                                         // 00000000690C: BFA2009D <Cijk_Ailk_Bljk_SB_GB_MT128x64x8_SN_1LDSB0_APM1_ABV0_ACED0_AF0EM1_AF1EM1_AMAS0_ASE_ASGT_ASLT_ASM_ASAE01_ASCE01_ASEM1_AAC0_BL0_BS1_CLR0_DTLA0_DTLB0_DTVA0_DTVB0_DVO0_ETSP_EPS0_ELFLR0_EMLL0_FSSC10_FL0_GLVWA1_GLVWB1_GRCGA1_GRCGB1_GRPM1_GRVW1_GSU1_GSUASB_GLS0_ISA000_IU1_K1_KLS_LBSPPA0_LBSPPB0_LPA0_LPB0_LDL1_LRVW1_LWPMn1_LDW0_FMA_MIAV0_MDA2_MO40_MMFSC_MKFGSU256_NTA0_NTB0_NTC0_NTD0_NEPBS0_NLCA1_NLCB1_ONLL1_OPLV0_PK0_PAP0_PGR0_PLR0_PKA0_SIA1_SLW1_SS0_SU32_SUM0_SUS256_SCIUI1_SPO0_SRVW0_SSO0_SVW4_SNLL0_TSGRA0_TSGRB0_TT8_4_TLDS0_UMLDSA0_UMLDSB0_U64SL1_USFGRO0_VAW1_VS1_VW1_VWB1_VFLRP0_WSGRA0_WSGRB0_WS64_WG16_16_1_WGM8+0x3084>
	v_mul_f32_e32 v3, s20, v15                                 // 000000006910: 10061E14
	s_and_not1_b32 vcc_lo, exec_lo, s1                         // 000000006914: 916A017E
	s_wait_alu 0xfffe                                          // 000000006918: BF88FFFE
	s_cbranch_vccnz 23                                         // 00000000691C: BFA40017 <Cijk_Ailk_Bljk_SB_GB_MT128x64x8_SN_1LDSB0_APM1_ABV0_ACED0_AF0EM1_AF1EM1_AMAS0_ASE_ASGT_ASLT_ASM_ASAE01_ASCE01_ASEM1_AAC0_BL0_BS1_CLR0_DTLA0_DTLB0_DTVA0_DTVB0_DVO0_ETSP_EPS0_ELFLR0_EMLL0_FSSC10_FL0_GLVWA1_GLVWB1_GRCGA1_GRCGB1_GRPM1_GRVW1_GSU1_GSUASB_GLS0_ISA000_IU1_K1_KLS_LBSPPA0_LBSPPB0_LPA0_LPB0_LDL1_LRVW1_LWPMn1_LDW0_FMA_MIAV0_MDA2_MO40_MMFSC_MKFGSU256_NTA0_NTB0_NTC0_NTD0_NEPBS0_NLCA1_NLCB1_ONLL1_OPLV0_PK0_PAP0_PGR0_PLR0_PKA0_SIA1_SLW1_SS0_SU32_SUM0_SUS256_SCIUI1_SPO0_SRVW0_SSO0_SVW4_SNLL0_TSGRA0_TSGRB0_TT8_4_TLDS0_UMLDSA0_UMLDSB0_U64SL1_USFGRO0_VAW1_VS1_VW1_VWB1_VFLRP0_WSGRA0_WSGRB0_WS64_WG16_16_1_WGM8+0x2e7c>
	s_wait_kmcnt 0x0                                           // 000000006920: BFC70000
	v_mad_co_u64_u32 v[6:7], null, v5, s9, 0                   // 000000006924: D6FE7C06 02001305
	v_lshlrev_b64_e32 v[8:9], 2, v[0:1]                        // 00000000692C: 3E100082
	s_delay_alu instid0(VALU_DEP_2) | instskip(NEXT) | instid1(VALU_DEP_1)// 000000006930: BF870092
	v_lshlrev_b64_e32 v[6:7], 2, v[6:7]                        // 000000006934: 3E0C0C82
	v_add_co_u32 v4, vcc_lo, s14, v6                           // 000000006938: D7006A04 00020C0E
	s_wait_alu 0xfffd                                          // 000000006940: BF88FFFD
	s_delay_alu instid0(VALU_DEP_2) | instskip(NEXT) | instid1(VALU_DEP_2)// 000000006944: BF870112
	v_add_co_ci_u32_e64 v7, null, s15, v7, vcc_lo              // 000000006948: D5207C07 01AA0E0F
	v_add_co_u32 v6, vcc_lo, v4, v8                            // 000000006950: D7006A06 00021104
	s_wait_alu 0xfffd                                          // 000000006958: BF88FFFD
	s_delay_alu instid0(VALU_DEP_2)                            // 00000000695C: BF870002
	v_add_co_ci_u32_e64 v7, null, v7, v9, vcc_lo               // 000000006960: D5207C07 01AA1307
	flat_load_b32 v4, v[6:7] offset:384                        // 000000006968: EC05007C 00000004 00018006
	s_wait_loadcnt_dscnt 0x0                                   // 000000006974: BFC80000
	v_fmac_f32_e32 v3, s21, v4                                 // 000000006978: 56060815
	v_mad_co_u64_u32 v[6:7], null, v5, s22, 0                  // 00000000697C: D6FE7C06 02002D05
	v_lshlrev_b64_e32 v[8:9], 2, v[0:1]                        // 000000006984: 3E100082
	s_delay_alu instid0(VALU_DEP_2) | instskip(NEXT) | instid1(VALU_DEP_1)// 000000006988: BF870092
	v_lshlrev_b64_e32 v[6:7], 2, v[6:7]                        // 00000000698C: 3E0C0C82
	v_add_co_u32 v1, vcc_lo, s12, v6                           // 000000006990: D7006A01 00020C0C
	s_wait_alu 0xfffd                                          // 000000006998: BF88FFFD
	s_delay_alu instid0(VALU_DEP_2) | instskip(NEXT) | instid1(VALU_DEP_2)// 00000000699C: BF870112
	v_add_co_ci_u32_e64 v4, null, s13, v7, vcc_lo              // 0000000069A0: D5207C04 01AA0E0D
	v_add_co_u32 v6, vcc_lo, v1, v8                            // 0000000069A8: D7006A06 00021101
	s_wait_alu 0xfffd                                          // 0000000069B0: BF88FFFD
	s_delay_alu instid0(VALU_DEP_2) | instskip(SKIP_3) | instid1(SALU_CYCLE_1)// 0000000069B4: BF8704C2
	v_add_co_ci_u32_e64 v7, null, v4, v9, vcc_lo               // 0000000069B8: D5207C07 01AA1304
	flat_store_b32 v[6:7], v3 offset:384                       // 0000000069C0: EC06807C 01800000 00018006
	s_or_b32 exec_lo, exec_lo, s0                              // 0000000069CC: 8C7E007E
	s_and_b32 s0, s7, s8                                       // 0000000069D0: 8B000807
	s_and_saveexec_b32 s1, s0                                  // 0000000069D4: BE812000
	s_cbranch_execz 65152                                      // 0000000069D8: BFA5FE80 <Cijk_Ailk_Bljk_SB_GB_MT128x64x8_SN_1LDSB0_APM1_ABV0_ACED0_AF0EM1_AF1EM1_AMAS0_ASE_ASGT_ASLT_ASM_ASAE01_ASCE01_ASEM1_AAC0_BL0_BS1_CLR0_DTLA0_DTLB0_DTVA0_DTVB0_DVO0_ETSP_EPS0_ELFLR0_EMLL0_FSSC10_FL0_GLVWA1_GLVWB1_GRCGA1_GRCGB1_GRPM1_GRVW1_GSU1_GSUASB_GLS0_ISA000_IU1_K1_KLS_LBSPPA0_LBSPPB0_LPA0_LPB0_LDL1_LRVW1_LWPMn1_LDW0_FMA_MIAV0_MDA2_MO40_MMFSC_MKFGSU256_NTA0_NTB0_NTC0_NTD0_NEPBS0_NLCA1_NLCB1_ONLL1_OPLV0_PK0_PAP0_PGR0_PLR0_PKA0_SIA1_SLW1_SS0_SU32_SUM0_SUS256_SCIUI1_SPO0_SRVW0_SSO0_SVW4_SNLL0_TSGRA0_TSGRB0_TT8_4_TLDS0_UMLDSA0_UMLDSB0_U64SL1_USFGRO0_VAW1_VS1_VW1_VWB1_VFLRP0_WSGRA0_WSGRB0_WS64_WG16_16_1_WGM8+0x28dc>
	v_mov_b32_e32 v1, 0                                        // 0000000069DC: 7E020280
	s_cmp_neq_f32 s21, 0                                       // 0000000069E0: BF4D8015
	s_mov_b32 s0, 0                                            // 0000000069E4: BE800080
	s_cbranch_scc1 104                                         // 0000000069E8: BFA20068 <Cijk_Ailk_Bljk_SB_GB_MT128x64x8_SN_1LDSB0_APM1_ABV0_ACED0_AF0EM1_AF1EM1_AMAS0_ASE_ASGT_ASLT_ASM_ASAE01_ASCE01_ASEM1_AAC0_BL0_BS1_CLR0_DTLA0_DTLB0_DTVA0_DTVB0_DVO0_ETSP_EPS0_ELFLR0_EMLL0_FSSC10_FL0_GLVWA1_GLVWB1_GRCGA1_GRCGB1_GRPM1_GRVW1_GSU1_GSUASB_GLS0_ISA000_IU1_K1_KLS_LBSPPA0_LBSPPB0_LPA0_LPB0_LDL1_LRVW1_LWPMn1_LDW0_FMA_MIAV0_MDA2_MO40_MMFSC_MKFGSU256_NTA0_NTB0_NTC0_NTD0_NEPBS0_NLCA1_NLCB1_ONLL1_OPLV0_PK0_PAP0_PGR0_PLR0_PKA0_SIA1_SLW1_SS0_SU32_SUM0_SUS256_SCIUI1_SPO0_SRVW0_SSO0_SVW4_SNLL0_TSGRA0_TSGRB0_TT8_4_TLDS0_UMLDSA0_UMLDSB0_U64SL1_USFGRO0_VAW1_VS1_VW1_VWB1_VFLRP0_WSGRA0_WSGRB0_WS64_WG16_16_1_WGM8+0x308c>
	v_mul_f32_e32 v2, s20, v2                                  // 0000000069EC: 10040414
	s_and_not1_b32 vcc_lo, exec_lo, s0                         // 0000000069F0: 916A007E
	s_wait_alu 0xfffe                                          // 0000000069F4: BF88FFFE
	s_cbranch_vccnz 23                                         // 0000000069F8: BFA40017 <Cijk_Ailk_Bljk_SB_GB_MT128x64x8_SN_1LDSB0_APM1_ABV0_ACED0_AF0EM1_AF1EM1_AMAS0_ASE_ASGT_ASLT_ASM_ASAE01_ASCE01_ASEM1_AAC0_BL0_BS1_CLR0_DTLA0_DTLB0_DTVA0_DTVB0_DVO0_ETSP_EPS0_ELFLR0_EMLL0_FSSC10_FL0_GLVWA1_GLVWB1_GRCGA1_GRCGB1_GRPM1_GRVW1_GSU1_GSUASB_GLS0_ISA000_IU1_K1_KLS_LBSPPA0_LBSPPB0_LPA0_LPB0_LDL1_LRVW1_LWPMn1_LDW0_FMA_MIAV0_MDA2_MO40_MMFSC_MKFGSU256_NTA0_NTB0_NTC0_NTD0_NEPBS0_NLCA1_NLCB1_ONLL1_OPLV0_PK0_PAP0_PGR0_PLR0_PKA0_SIA1_SLW1_SS0_SU32_SUM0_SUS256_SCIUI1_SPO0_SRVW0_SSO0_SVW4_SNLL0_TSGRA0_TSGRB0_TT8_4_TLDS0_UMLDSA0_UMLDSB0_U64SL1_USFGRO0_VAW1_VS1_VW1_VWB1_VFLRP0_WSGRA0_WSGRB0_WS64_WG16_16_1_WGM8+0x2f58>
	s_wait_kmcnt 0x0                                           // 0000000069FC: BFC70000
	v_mad_co_u64_u32 v[3:4], null, v5, s9, 0                   // 000000006A00: D6FE7C03 02001305
	v_lshlrev_b64_e32 v[6:7], 2, v[0:1]                        // 000000006A08: 3E0C0082
	s_delay_alu instid0(VALU_DEP_2) | instskip(NEXT) | instid1(VALU_DEP_1)// 000000006A0C: BF870092
	v_lshlrev_b64_e32 v[3:4], 2, v[3:4]                        // 000000006A10: 3E060682
	v_add_co_u32 v3, vcc_lo, s14, v3                           // 000000006A14: D7006A03 0002060E
	s_wait_alu 0xfffd                                          // 000000006A1C: BF88FFFD
	s_delay_alu instid0(VALU_DEP_2) | instskip(NEXT) | instid1(VALU_DEP_2)// 000000006A20: BF870112
	v_add_co_ci_u32_e64 v4, null, s15, v4, vcc_lo              // 000000006A24: D5207C04 01AA080F
	v_add_co_u32 v3, vcc_lo, v3, v6                            // 000000006A2C: D7006A03 00020D03
	s_wait_alu 0xfffd                                          // 000000006A34: BF88FFFD
	s_delay_alu instid0(VALU_DEP_2)                            // 000000006A38: BF870002
	v_add_co_ci_u32_e64 v4, null, v4, v7, vcc_lo               // 000000006A3C: D5207C04 01AA0F04
	flat_load_b32 v3, v[3:4] offset:448                        // 000000006A44: EC05007C 00000003 0001C003
	s_wait_loadcnt_dscnt 0x0                                   // 000000006A50: BFC80000
	v_fmac_f32_e32 v2, s21, v3                                 // 000000006A54: 56040615
	v_mad_co_u64_u32 v[3:4], null, v5, s22, 0                  // 000000006A58: D6FE7C03 02002D05
	v_lshlrev_b64_e32 v[0:1], 2, v[0:1]                        // 000000006A60: 3E000082
	s_delay_alu instid0(VALU_DEP_2) | instskip(NEXT) | instid1(VALU_DEP_1)// 000000006A64: BF870092
	v_lshlrev_b64_e32 v[3:4], 2, v[3:4]                        // 000000006A68: 3E060682
	v_add_co_u32 v3, vcc_lo, s12, v3                           // 000000006A6C: D7006A03 0002060C
	s_wait_alu 0xfffd                                          // 000000006A74: BF88FFFD
	s_delay_alu instid0(VALU_DEP_2) | instskip(NEXT) | instid1(VALU_DEP_2)// 000000006A78: BF870112
	v_add_co_ci_u32_e64 v4, null, s13, v4, vcc_lo              // 000000006A7C: D5207C04 01AA080D
	v_add_co_u32 v0, vcc_lo, v3, v0                            // 000000006A84: D7006A00 00020103
	s_wait_alu 0xfffd                                          // 000000006A8C: BF88FFFD
	s_delay_alu instid0(VALU_DEP_2)                            // 000000006A90: BF870002
	v_add_co_ci_u32_e64 v1, null, v4, v1, vcc_lo               // 000000006A94: D5207C01 01AA0304
	flat_store_b32 v[0:1], v2 offset:448                       // 000000006A9C: EC06807C 01000000 0001C000
	s_nop 0                                                    // 000000006AA8: BF800000
	s_sendmsg sendmsg(MSG_DEALLOC_VGPRS)                       // 000000006AAC: BFB60003
	s_endpgm                                                   // 000000006AB0: BFB00000
	v_mul_f32_e32 v3, s20, v46                                 // 000000006AB4: 10065C14
	s_branch 63627                                             // 000000006AB8: BFA0F88B <Cijk_Ailk_Bljk_SB_GB_MT128x64x8_SN_1LDSB0_APM1_ABV0_ACED0_AF0EM1_AF1EM1_AMAS0_ASE_ASGT_ASLT_ASM_ASAE01_ASCE01_ASEM1_AAC0_BL0_BS1_CLR0_DTLA0_DTLB0_DTVA0_DTVB0_DVO0_ETSP_EPS0_ELFLR0_EMLL0_FSSC10_FL0_GLVWA1_GLVWB1_GRCGA1_GRCGB1_GRPM1_GRVW1_GSU1_GSUASB_GLS0_ISA000_IU1_K1_KLS_LBSPPA0_LBSPPB0_LPA0_LPB0_LDL1_LRVW1_LWPMn1_LDW0_FMA_MIAV0_MDA2_MO40_MMFSC_MKFGSU256_NTA0_NTB0_NTC0_NTD0_NEPBS0_NLCA1_NLCB1_ONLL1_OPLV0_PK0_PAP0_PGR0_PLR0_PKA0_SIA1_SLW1_SS0_SU32_SUM0_SUS256_SCIUI1_SPO0_SRVW0_SSO0_SVW4_SNLL0_TSGRA0_TSGRB0_TT8_4_TLDS0_UMLDSA0_UMLDSB0_U64SL1_USFGRO0_VAW1_VS1_VW1_VWB1_VFLRP0_WSGRA0_WSGRB0_WS64_WG16_16_1_WGM8+0x11e8>
	v_mul_f32_e32 v3, s20, v45                                 // 000000006ABC: 10065A14
	s_branch 63685                                             // 000000006AC0: BFA0F8C5 <Cijk_Ailk_Bljk_SB_GB_MT128x64x8_SN_1LDSB0_APM1_ABV0_ACED0_AF0EM1_AF1EM1_AMAS0_ASE_ASGT_ASLT_ASM_ASAE01_ASCE01_ASEM1_AAC0_BL0_BS1_CLR0_DTLA0_DTLB0_DTVA0_DTVB0_DVO0_ETSP_EPS0_ELFLR0_EMLL0_FSSC10_FL0_GLVWA1_GLVWB1_GRCGA1_GRCGB1_GRPM1_GRVW1_GSU1_GSUASB_GLS0_ISA000_IU1_K1_KLS_LBSPPA0_LBSPPB0_LPA0_LPB0_LDL1_LRVW1_LWPMn1_LDW0_FMA_MIAV0_MDA2_MO40_MMFSC_MKFGSU256_NTA0_NTB0_NTC0_NTD0_NEPBS0_NLCA1_NLCB1_ONLL1_OPLV0_PK0_PAP0_PGR0_PLR0_PKA0_SIA1_SLW1_SS0_SU32_SUM0_SUS256_SCIUI1_SPO0_SRVW0_SSO0_SVW4_SNLL0_TSGRA0_TSGRB0_TT8_4_TLDS0_UMLDSA0_UMLDSB0_U64SL1_USFGRO0_VAW1_VS1_VW1_VWB1_VFLRP0_WSGRA0_WSGRB0_WS64_WG16_16_1_WGM8+0x12d8>
	v_mul_f32_e32 v3, s20, v42                                 // 000000006AC4: 10065414
	s_branch 63743                                             // 000000006AC8: BFA0F8FF <Cijk_Ailk_Bljk_SB_GB_MT128x64x8_SN_1LDSB0_APM1_ABV0_ACED0_AF0EM1_AF1EM1_AMAS0_ASE_ASGT_ASLT_ASM_ASAE01_ASCE01_ASEM1_AAC0_BL0_BS1_CLR0_DTLA0_DTLB0_DTVA0_DTVB0_DVO0_ETSP_EPS0_ELFLR0_EMLL0_FSSC10_FL0_GLVWA1_GLVWB1_GRCGA1_GRCGB1_GRPM1_GRVW1_GSU1_GSUASB_GLS0_ISA000_IU1_K1_KLS_LBSPPA0_LBSPPB0_LPA0_LPB0_LDL1_LRVW1_LWPMn1_LDW0_FMA_MIAV0_MDA2_MO40_MMFSC_MKFGSU256_NTA0_NTB0_NTC0_NTD0_NEPBS0_NLCA1_NLCB1_ONLL1_OPLV0_PK0_PAP0_PGR0_PLR0_PKA0_SIA1_SLW1_SS0_SU32_SUM0_SUS256_SCIUI1_SPO0_SRVW0_SSO0_SVW4_SNLL0_TSGRA0_TSGRB0_TT8_4_TLDS0_UMLDSA0_UMLDSB0_U64SL1_USFGRO0_VAW1_VS1_VW1_VWB1_VFLRP0_WSGRA0_WSGRB0_WS64_WG16_16_1_WGM8+0x13c8>
	v_mul_f32_e32 v3, s20, v41                                 // 000000006ACC: 10065214
	s_branch 63802                                             // 000000006AD0: BFA0F93A <Cijk_Ailk_Bljk_SB_GB_MT128x64x8_SN_1LDSB0_APM1_ABV0_ACED0_AF0EM1_AF1EM1_AMAS0_ASE_ASGT_ASLT_ASM_ASAE01_ASCE01_ASEM1_AAC0_BL0_BS1_CLR0_DTLA0_DTLB0_DTVA0_DTVB0_DVO0_ETSP_EPS0_ELFLR0_EMLL0_FSSC10_FL0_GLVWA1_GLVWB1_GRCGA1_GRCGB1_GRPM1_GRVW1_GSU1_GSUASB_GLS0_ISA000_IU1_K1_KLS_LBSPPA0_LBSPPB0_LPA0_LPB0_LDL1_LRVW1_LWPMn1_LDW0_FMA_MIAV0_MDA2_MO40_MMFSC_MKFGSU256_NTA0_NTB0_NTC0_NTD0_NEPBS0_NLCA1_NLCB1_ONLL1_OPLV0_PK0_PAP0_PGR0_PLR0_PKA0_SIA1_SLW1_SS0_SU32_SUM0_SUS256_SCIUI1_SPO0_SRVW0_SSO0_SVW4_SNLL0_TSGRA0_TSGRB0_TT8_4_TLDS0_UMLDSA0_UMLDSB0_U64SL1_USFGRO0_VAW1_VS1_VW1_VWB1_VFLRP0_WSGRA0_WSGRB0_WS64_WG16_16_1_WGM8+0x14bc>
	v_mul_f32_e32 v3, s20, v40                                 // 000000006AD4: 10065014
	s_branch 63862                                             // 000000006AD8: BFA0F976 <Cijk_Ailk_Bljk_SB_GB_MT128x64x8_SN_1LDSB0_APM1_ABV0_ACED0_AF0EM1_AF1EM1_AMAS0_ASE_ASGT_ASLT_ASM_ASAE01_ASCE01_ASEM1_AAC0_BL0_BS1_CLR0_DTLA0_DTLB0_DTVA0_DTVB0_DVO0_ETSP_EPS0_ELFLR0_EMLL0_FSSC10_FL0_GLVWA1_GLVWB1_GRCGA1_GRCGB1_GRPM1_GRVW1_GSU1_GSUASB_GLS0_ISA000_IU1_K1_KLS_LBSPPA0_LBSPPB0_LPA0_LPB0_LDL1_LRVW1_LWPMn1_LDW0_FMA_MIAV0_MDA2_MO40_MMFSC_MKFGSU256_NTA0_NTB0_NTC0_NTD0_NEPBS0_NLCA1_NLCB1_ONLL1_OPLV0_PK0_PAP0_PGR0_PLR0_PKA0_SIA1_SLW1_SS0_SU32_SUM0_SUS256_SCIUI1_SPO0_SRVW0_SSO0_SVW4_SNLL0_TSGRA0_TSGRB0_TT8_4_TLDS0_UMLDSA0_UMLDSB0_U64SL1_USFGRO0_VAW1_VS1_VW1_VWB1_VFLRP0_WSGRA0_WSGRB0_WS64_WG16_16_1_WGM8+0x15b4>
	v_mul_f32_e32 v3, s20, v39                                 // 000000006ADC: 10064E14
	s_branch 63923                                             // 000000006AE0: BFA0F9B3 <Cijk_Ailk_Bljk_SB_GB_MT128x64x8_SN_1LDSB0_APM1_ABV0_ACED0_AF0EM1_AF1EM1_AMAS0_ASE_ASGT_ASLT_ASM_ASAE01_ASCE01_ASEM1_AAC0_BL0_BS1_CLR0_DTLA0_DTLB0_DTVA0_DTVB0_DVO0_ETSP_EPS0_ELFLR0_EMLL0_FSSC10_FL0_GLVWA1_GLVWB1_GRCGA1_GRCGB1_GRPM1_GRVW1_GSU1_GSUASB_GLS0_ISA000_IU1_K1_KLS_LBSPPA0_LBSPPB0_LPA0_LPB0_LDL1_LRVW1_LWPMn1_LDW0_FMA_MIAV0_MDA2_MO40_MMFSC_MKFGSU256_NTA0_NTB0_NTC0_NTD0_NEPBS0_NLCA1_NLCB1_ONLL1_OPLV0_PK0_PAP0_PGR0_PLR0_PKA0_SIA1_SLW1_SS0_SU32_SUM0_SUS256_SCIUI1_SPO0_SRVW0_SSO0_SVW4_SNLL0_TSGRA0_TSGRB0_TT8_4_TLDS0_UMLDSA0_UMLDSB0_U64SL1_USFGRO0_VAW1_VS1_VW1_VWB1_VFLRP0_WSGRA0_WSGRB0_WS64_WG16_16_1_WGM8+0x16b0>
	v_mul_f32_e32 v3, s20, v38                                 // 000000006AE4: 10064C14
	s_branch 63984                                             // 000000006AE8: BFA0F9F0 <Cijk_Ailk_Bljk_SB_GB_MT128x64x8_SN_1LDSB0_APM1_ABV0_ACED0_AF0EM1_AF1EM1_AMAS0_ASE_ASGT_ASLT_ASM_ASAE01_ASCE01_ASEM1_AAC0_BL0_BS1_CLR0_DTLA0_DTLB0_DTVA0_DTVB0_DVO0_ETSP_EPS0_ELFLR0_EMLL0_FSSC10_FL0_GLVWA1_GLVWB1_GRCGA1_GRCGB1_GRPM1_GRVW1_GSU1_GSUASB_GLS0_ISA000_IU1_K1_KLS_LBSPPA0_LBSPPB0_LPA0_LPB0_LDL1_LRVW1_LWPMn1_LDW0_FMA_MIAV0_MDA2_MO40_MMFSC_MKFGSU256_NTA0_NTB0_NTC0_NTD0_NEPBS0_NLCA1_NLCB1_ONLL1_OPLV0_PK0_PAP0_PGR0_PLR0_PKA0_SIA1_SLW1_SS0_SU32_SUM0_SUS256_SCIUI1_SPO0_SRVW0_SSO0_SVW4_SNLL0_TSGRA0_TSGRB0_TT8_4_TLDS0_UMLDSA0_UMLDSB0_U64SL1_USFGRO0_VAW1_VS1_VW1_VWB1_VFLRP0_WSGRA0_WSGRB0_WS64_WG16_16_1_WGM8+0x17ac>
	v_mul_f32_e32 v3, s20, v36                                 // 000000006AEC: 10064814
	s_branch 64140                                             // 000000006AF0: BFA0FA8C <Cijk_Ailk_Bljk_SB_GB_MT128x64x8_SN_1LDSB0_APM1_ABV0_ACED0_AF0EM1_AF1EM1_AMAS0_ASE_ASGT_ASLT_ASM_ASAE01_ASCE01_ASEM1_AAC0_BL0_BS1_CLR0_DTLA0_DTLB0_DTVA0_DTVB0_DVO0_ETSP_EPS0_ELFLR0_EMLL0_FSSC10_FL0_GLVWA1_GLVWB1_GRCGA1_GRCGB1_GRPM1_GRVW1_GSU1_GSUASB_GLS0_ISA000_IU1_K1_KLS_LBSPPA0_LBSPPB0_LPA0_LPB0_LDL1_LRVW1_LWPMn1_LDW0_FMA_MIAV0_MDA2_MO40_MMFSC_MKFGSU256_NTA0_NTB0_NTC0_NTD0_NEPBS0_NLCA1_NLCB1_ONLL1_OPLV0_PK0_PAP0_PGR0_PLR0_PKA0_SIA1_SLW1_SS0_SU32_SUM0_SUS256_SCIUI1_SPO0_SRVW0_SSO0_SVW4_SNLL0_TSGRA0_TSGRB0_TT8_4_TLDS0_UMLDSA0_UMLDSB0_U64SL1_USFGRO0_VAW1_VS1_VW1_VWB1_VFLRP0_WSGRA0_WSGRB0_WS64_WG16_16_1_WGM8+0x1a24>
	v_mul_f32_e32 v3, s20, v35                                 // 000000006AF4: 10064614
	s_branch 64196                                             // 000000006AF8: BFA0FAC4 <Cijk_Ailk_Bljk_SB_GB_MT128x64x8_SN_1LDSB0_APM1_ABV0_ACED0_AF0EM1_AF1EM1_AMAS0_ASE_ASGT_ASLT_ASM_ASAE01_ASCE01_ASEM1_AAC0_BL0_BS1_CLR0_DTLA0_DTLB0_DTVA0_DTVB0_DVO0_ETSP_EPS0_ELFLR0_EMLL0_FSSC10_FL0_GLVWA1_GLVWB1_GRCGA1_GRCGB1_GRPM1_GRVW1_GSU1_GSUASB_GLS0_ISA000_IU1_K1_KLS_LBSPPA0_LBSPPB0_LPA0_LPB0_LDL1_LRVW1_LWPMn1_LDW0_FMA_MIAV0_MDA2_MO40_MMFSC_MKFGSU256_NTA0_NTB0_NTC0_NTD0_NEPBS0_NLCA1_NLCB1_ONLL1_OPLV0_PK0_PAP0_PGR0_PLR0_PKA0_SIA1_SLW1_SS0_SU32_SUM0_SUS256_SCIUI1_SPO0_SRVW0_SSO0_SVW4_SNLL0_TSGRA0_TSGRB0_TT8_4_TLDS0_UMLDSA0_UMLDSB0_U64SL1_USFGRO0_VAW1_VS1_VW1_VWB1_VFLRP0_WSGRA0_WSGRB0_WS64_WG16_16_1_WGM8+0x1b0c>
	v_mul_f32_e32 v3, s20, v34                                 // 000000006AFC: 10064414
	s_branch 64252                                             // 000000006B00: BFA0FAFC <Cijk_Ailk_Bljk_SB_GB_MT128x64x8_SN_1LDSB0_APM1_ABV0_ACED0_AF0EM1_AF1EM1_AMAS0_ASE_ASGT_ASLT_ASM_ASAE01_ASCE01_ASEM1_AAC0_BL0_BS1_CLR0_DTLA0_DTLB0_DTVA0_DTVB0_DVO0_ETSP_EPS0_ELFLR0_EMLL0_FSSC10_FL0_GLVWA1_GLVWB1_GRCGA1_GRCGB1_GRPM1_GRVW1_GSU1_GSUASB_GLS0_ISA000_IU1_K1_KLS_LBSPPA0_LBSPPB0_LPA0_LPB0_LDL1_LRVW1_LWPMn1_LDW0_FMA_MIAV0_MDA2_MO40_MMFSC_MKFGSU256_NTA0_NTB0_NTC0_NTD0_NEPBS0_NLCA1_NLCB1_ONLL1_OPLV0_PK0_PAP0_PGR0_PLR0_PKA0_SIA1_SLW1_SS0_SU32_SUM0_SUS256_SCIUI1_SPO0_SRVW0_SSO0_SVW4_SNLL0_TSGRA0_TSGRB0_TT8_4_TLDS0_UMLDSA0_UMLDSB0_U64SL1_USFGRO0_VAW1_VS1_VW1_VWB1_VFLRP0_WSGRA0_WSGRB0_WS64_WG16_16_1_WGM8+0x1bf4>
	v_mul_f32_e32 v3, s20, v33                                 // 000000006B04: 10064214
	s_branch 64308                                             // 000000006B08: BFA0FB34 <Cijk_Ailk_Bljk_SB_GB_MT128x64x8_SN_1LDSB0_APM1_ABV0_ACED0_AF0EM1_AF1EM1_AMAS0_ASE_ASGT_ASLT_ASM_ASAE01_ASCE01_ASEM1_AAC0_BL0_BS1_CLR0_DTLA0_DTLB0_DTVA0_DTVB0_DVO0_ETSP_EPS0_ELFLR0_EMLL0_FSSC10_FL0_GLVWA1_GLVWB1_GRCGA1_GRCGB1_GRPM1_GRVW1_GSU1_GSUASB_GLS0_ISA000_IU1_K1_KLS_LBSPPA0_LBSPPB0_LPA0_LPB0_LDL1_LRVW1_LWPMn1_LDW0_FMA_MIAV0_MDA2_MO40_MMFSC_MKFGSU256_NTA0_NTB0_NTC0_NTD0_NEPBS0_NLCA1_NLCB1_ONLL1_OPLV0_PK0_PAP0_PGR0_PLR0_PKA0_SIA1_SLW1_SS0_SU32_SUM0_SUS256_SCIUI1_SPO0_SRVW0_SSO0_SVW4_SNLL0_TSGRA0_TSGRB0_TT8_4_TLDS0_UMLDSA0_UMLDSB0_U64SL1_USFGRO0_VAW1_VS1_VW1_VWB1_VFLRP0_WSGRA0_WSGRB0_WS64_WG16_16_1_WGM8+0x1cdc>
	v_mul_f32_e32 v3, s20, v32                                 // 000000006B0C: 10064014
	s_branch 64364                                             // 000000006B10: BFA0FB6C <Cijk_Ailk_Bljk_SB_GB_MT128x64x8_SN_1LDSB0_APM1_ABV0_ACED0_AF0EM1_AF1EM1_AMAS0_ASE_ASGT_ASLT_ASM_ASAE01_ASCE01_ASEM1_AAC0_BL0_BS1_CLR0_DTLA0_DTLB0_DTVA0_DTVB0_DVO0_ETSP_EPS0_ELFLR0_EMLL0_FSSC10_FL0_GLVWA1_GLVWB1_GRCGA1_GRCGB1_GRPM1_GRVW1_GSU1_GSUASB_GLS0_ISA000_IU1_K1_KLS_LBSPPA0_LBSPPB0_LPA0_LPB0_LDL1_LRVW1_LWPMn1_LDW0_FMA_MIAV0_MDA2_MO40_MMFSC_MKFGSU256_NTA0_NTB0_NTC0_NTD0_NEPBS0_NLCA1_NLCB1_ONLL1_OPLV0_PK0_PAP0_PGR0_PLR0_PKA0_SIA1_SLW1_SS0_SU32_SUM0_SUS256_SCIUI1_SPO0_SRVW0_SSO0_SVW4_SNLL0_TSGRA0_TSGRB0_TT8_4_TLDS0_UMLDSA0_UMLDSB0_U64SL1_USFGRO0_VAW1_VS1_VW1_VWB1_VFLRP0_WSGRA0_WSGRB0_WS64_WG16_16_1_WGM8+0x1dc4>
	v_mul_f32_e32 v3, s20, v31                                 // 000000006B14: 10063E14
	s_branch 64420                                             // 000000006B18: BFA0FBA4 <Cijk_Ailk_Bljk_SB_GB_MT128x64x8_SN_1LDSB0_APM1_ABV0_ACED0_AF0EM1_AF1EM1_AMAS0_ASE_ASGT_ASLT_ASM_ASAE01_ASCE01_ASEM1_AAC0_BL0_BS1_CLR0_DTLA0_DTLB0_DTVA0_DTVB0_DVO0_ETSP_EPS0_ELFLR0_EMLL0_FSSC10_FL0_GLVWA1_GLVWB1_GRCGA1_GRCGB1_GRPM1_GRVW1_GSU1_GSUASB_GLS0_ISA000_IU1_K1_KLS_LBSPPA0_LBSPPB0_LPA0_LPB0_LDL1_LRVW1_LWPMn1_LDW0_FMA_MIAV0_MDA2_MO40_MMFSC_MKFGSU256_NTA0_NTB0_NTC0_NTD0_NEPBS0_NLCA1_NLCB1_ONLL1_OPLV0_PK0_PAP0_PGR0_PLR0_PKA0_SIA1_SLW1_SS0_SU32_SUM0_SUS256_SCIUI1_SPO0_SRVW0_SSO0_SVW4_SNLL0_TSGRA0_TSGRB0_TT8_4_TLDS0_UMLDSA0_UMLDSB0_U64SL1_USFGRO0_VAW1_VS1_VW1_VWB1_VFLRP0_WSGRA0_WSGRB0_WS64_WG16_16_1_WGM8+0x1eac>
	v_mul_f32_e32 v3, s20, v30                                 // 000000006B1C: 10063C14
	s_branch 64476                                             // 000000006B20: BFA0FBDC <Cijk_Ailk_Bljk_SB_GB_MT128x64x8_SN_1LDSB0_APM1_ABV0_ACED0_AF0EM1_AF1EM1_AMAS0_ASE_ASGT_ASLT_ASM_ASAE01_ASCE01_ASEM1_AAC0_BL0_BS1_CLR0_DTLA0_DTLB0_DTVA0_DTVB0_DVO0_ETSP_EPS0_ELFLR0_EMLL0_FSSC10_FL0_GLVWA1_GLVWB1_GRCGA1_GRCGB1_GRPM1_GRVW1_GSU1_GSUASB_GLS0_ISA000_IU1_K1_KLS_LBSPPA0_LBSPPB0_LPA0_LPB0_LDL1_LRVW1_LWPMn1_LDW0_FMA_MIAV0_MDA2_MO40_MMFSC_MKFGSU256_NTA0_NTB0_NTC0_NTD0_NEPBS0_NLCA1_NLCB1_ONLL1_OPLV0_PK0_PAP0_PGR0_PLR0_PKA0_SIA1_SLW1_SS0_SU32_SUM0_SUS256_SCIUI1_SPO0_SRVW0_SSO0_SVW4_SNLL0_TSGRA0_TSGRB0_TT8_4_TLDS0_UMLDSA0_UMLDSB0_U64SL1_USFGRO0_VAW1_VS1_VW1_VWB1_VFLRP0_WSGRA0_WSGRB0_WS64_WG16_16_1_WGM8+0x1f94>
	v_mul_f32_e32 v3, s20, v28                                 // 000000006B24: 10063814
	s_branch 64632                                             // 000000006B28: BFA0FC78 <Cijk_Ailk_Bljk_SB_GB_MT128x64x8_SN_1LDSB0_APM1_ABV0_ACED0_AF0EM1_AF1EM1_AMAS0_ASE_ASGT_ASLT_ASM_ASAE01_ASCE01_ASEM1_AAC0_BL0_BS1_CLR0_DTLA0_DTLB0_DTVA0_DTVB0_DVO0_ETSP_EPS0_ELFLR0_EMLL0_FSSC10_FL0_GLVWA1_GLVWB1_GRCGA1_GRCGB1_GRPM1_GRVW1_GSU1_GSUASB_GLS0_ISA000_IU1_K1_KLS_LBSPPA0_LBSPPB0_LPA0_LPB0_LDL1_LRVW1_LWPMn1_LDW0_FMA_MIAV0_MDA2_MO40_MMFSC_MKFGSU256_NTA0_NTB0_NTC0_NTD0_NEPBS0_NLCA1_NLCB1_ONLL1_OPLV0_PK0_PAP0_PGR0_PLR0_PKA0_SIA1_SLW1_SS0_SU32_SUM0_SUS256_SCIUI1_SPO0_SRVW0_SSO0_SVW4_SNLL0_TSGRA0_TSGRB0_TT8_4_TLDS0_UMLDSA0_UMLDSB0_U64SL1_USFGRO0_VAW1_VS1_VW1_VWB1_VFLRP0_WSGRA0_WSGRB0_WS64_WG16_16_1_WGM8+0x220c>
	v_mul_f32_e32 v3, s20, v27                                 // 000000006B2C: 10063614
	s_branch 64688                                             // 000000006B30: BFA0FCB0 <Cijk_Ailk_Bljk_SB_GB_MT128x64x8_SN_1LDSB0_APM1_ABV0_ACED0_AF0EM1_AF1EM1_AMAS0_ASE_ASGT_ASLT_ASM_ASAE01_ASCE01_ASEM1_AAC0_BL0_BS1_CLR0_DTLA0_DTLB0_DTVA0_DTVB0_DVO0_ETSP_EPS0_ELFLR0_EMLL0_FSSC10_FL0_GLVWA1_GLVWB1_GRCGA1_GRCGB1_GRPM1_GRVW1_GSU1_GSUASB_GLS0_ISA000_IU1_K1_KLS_LBSPPA0_LBSPPB0_LPA0_LPB0_LDL1_LRVW1_LWPMn1_LDW0_FMA_MIAV0_MDA2_MO40_MMFSC_MKFGSU256_NTA0_NTB0_NTC0_NTD0_NEPBS0_NLCA1_NLCB1_ONLL1_OPLV0_PK0_PAP0_PGR0_PLR0_PKA0_SIA1_SLW1_SS0_SU32_SUM0_SUS256_SCIUI1_SPO0_SRVW0_SSO0_SVW4_SNLL0_TSGRA0_TSGRB0_TT8_4_TLDS0_UMLDSA0_UMLDSB0_U64SL1_USFGRO0_VAW1_VS1_VW1_VWB1_VFLRP0_WSGRA0_WSGRB0_WS64_WG16_16_1_WGM8+0x22f4>
	v_mul_f32_e32 v3, s20, v26                                 // 000000006B34: 10063414
	s_branch 64744                                             // 000000006B38: BFA0FCE8 <Cijk_Ailk_Bljk_SB_GB_MT128x64x8_SN_1LDSB0_APM1_ABV0_ACED0_AF0EM1_AF1EM1_AMAS0_ASE_ASGT_ASLT_ASM_ASAE01_ASCE01_ASEM1_AAC0_BL0_BS1_CLR0_DTLA0_DTLB0_DTVA0_DTVB0_DVO0_ETSP_EPS0_ELFLR0_EMLL0_FSSC10_FL0_GLVWA1_GLVWB1_GRCGA1_GRCGB1_GRPM1_GRVW1_GSU1_GSUASB_GLS0_ISA000_IU1_K1_KLS_LBSPPA0_LBSPPB0_LPA0_LPB0_LDL1_LRVW1_LWPMn1_LDW0_FMA_MIAV0_MDA2_MO40_MMFSC_MKFGSU256_NTA0_NTB0_NTC0_NTD0_NEPBS0_NLCA1_NLCB1_ONLL1_OPLV0_PK0_PAP0_PGR0_PLR0_PKA0_SIA1_SLW1_SS0_SU32_SUM0_SUS256_SCIUI1_SPO0_SRVW0_SSO0_SVW4_SNLL0_TSGRA0_TSGRB0_TT8_4_TLDS0_UMLDSA0_UMLDSB0_U64SL1_USFGRO0_VAW1_VS1_VW1_VWB1_VFLRP0_WSGRA0_WSGRB0_WS64_WG16_16_1_WGM8+0x23dc>
	v_mul_f32_e32 v3, s20, v25                                 // 000000006B3C: 10063214
	s_branch 64800                                             // 000000006B40: BFA0FD20 <Cijk_Ailk_Bljk_SB_GB_MT128x64x8_SN_1LDSB0_APM1_ABV0_ACED0_AF0EM1_AF1EM1_AMAS0_ASE_ASGT_ASLT_ASM_ASAE01_ASCE01_ASEM1_AAC0_BL0_BS1_CLR0_DTLA0_DTLB0_DTVA0_DTVB0_DVO0_ETSP_EPS0_ELFLR0_EMLL0_FSSC10_FL0_GLVWA1_GLVWB1_GRCGA1_GRCGB1_GRPM1_GRVW1_GSU1_GSUASB_GLS0_ISA000_IU1_K1_KLS_LBSPPA0_LBSPPB0_LPA0_LPB0_LDL1_LRVW1_LWPMn1_LDW0_FMA_MIAV0_MDA2_MO40_MMFSC_MKFGSU256_NTA0_NTB0_NTC0_NTD0_NEPBS0_NLCA1_NLCB1_ONLL1_OPLV0_PK0_PAP0_PGR0_PLR0_PKA0_SIA1_SLW1_SS0_SU32_SUM0_SUS256_SCIUI1_SPO0_SRVW0_SSO0_SVW4_SNLL0_TSGRA0_TSGRB0_TT8_4_TLDS0_UMLDSA0_UMLDSB0_U64SL1_USFGRO0_VAW1_VS1_VW1_VWB1_VFLRP0_WSGRA0_WSGRB0_WS64_WG16_16_1_WGM8+0x24c4>
	v_mul_f32_e32 v3, s20, v24                                 // 000000006B44: 10063014
	s_branch 64856                                             // 000000006B48: BFA0FD58 <Cijk_Ailk_Bljk_SB_GB_MT128x64x8_SN_1LDSB0_APM1_ABV0_ACED0_AF0EM1_AF1EM1_AMAS0_ASE_ASGT_ASLT_ASM_ASAE01_ASCE01_ASEM1_AAC0_BL0_BS1_CLR0_DTLA0_DTLB0_DTVA0_DTVB0_DVO0_ETSP_EPS0_ELFLR0_EMLL0_FSSC10_FL0_GLVWA1_GLVWB1_GRCGA1_GRCGB1_GRPM1_GRVW1_GSU1_GSUASB_GLS0_ISA000_IU1_K1_KLS_LBSPPA0_LBSPPB0_LPA0_LPB0_LDL1_LRVW1_LWPMn1_LDW0_FMA_MIAV0_MDA2_MO40_MMFSC_MKFGSU256_NTA0_NTB0_NTC0_NTD0_NEPBS0_NLCA1_NLCB1_ONLL1_OPLV0_PK0_PAP0_PGR0_PLR0_PKA0_SIA1_SLW1_SS0_SU32_SUM0_SUS256_SCIUI1_SPO0_SRVW0_SSO0_SVW4_SNLL0_TSGRA0_TSGRB0_TT8_4_TLDS0_UMLDSA0_UMLDSB0_U64SL1_USFGRO0_VAW1_VS1_VW1_VWB1_VFLRP0_WSGRA0_WSGRB0_WS64_WG16_16_1_WGM8+0x25ac>
	v_mul_f32_e32 v3, s20, v23                                 // 000000006B4C: 10062E14
	s_branch 64912                                             // 000000006B50: BFA0FD90 <Cijk_Ailk_Bljk_SB_GB_MT128x64x8_SN_1LDSB0_APM1_ABV0_ACED0_AF0EM1_AF1EM1_AMAS0_ASE_ASGT_ASLT_ASM_ASAE01_ASCE01_ASEM1_AAC0_BL0_BS1_CLR0_DTLA0_DTLB0_DTVA0_DTVB0_DVO0_ETSP_EPS0_ELFLR0_EMLL0_FSSC10_FL0_GLVWA1_GLVWB1_GRCGA1_GRCGB1_GRPM1_GRVW1_GSU1_GSUASB_GLS0_ISA000_IU1_K1_KLS_LBSPPA0_LBSPPB0_LPA0_LPB0_LDL1_LRVW1_LWPMn1_LDW0_FMA_MIAV0_MDA2_MO40_MMFSC_MKFGSU256_NTA0_NTB0_NTC0_NTD0_NEPBS0_NLCA1_NLCB1_ONLL1_OPLV0_PK0_PAP0_PGR0_PLR0_PKA0_SIA1_SLW1_SS0_SU32_SUM0_SUS256_SCIUI1_SPO0_SRVW0_SSO0_SVW4_SNLL0_TSGRA0_TSGRB0_TT8_4_TLDS0_UMLDSA0_UMLDSB0_U64SL1_USFGRO0_VAW1_VS1_VW1_VWB1_VFLRP0_WSGRA0_WSGRB0_WS64_WG16_16_1_WGM8+0x2694>
	v_mul_f32_e32 v3, s20, v22                                 // 000000006B54: 10062C14
	s_branch 64968                                             // 000000006B58: BFA0FDC8 <Cijk_Ailk_Bljk_SB_GB_MT128x64x8_SN_1LDSB0_APM1_ABV0_ACED0_AF0EM1_AF1EM1_AMAS0_ASE_ASGT_ASLT_ASM_ASAE01_ASCE01_ASEM1_AAC0_BL0_BS1_CLR0_DTLA0_DTLB0_DTVA0_DTVB0_DVO0_ETSP_EPS0_ELFLR0_EMLL0_FSSC10_FL0_GLVWA1_GLVWB1_GRCGA1_GRCGB1_GRPM1_GRVW1_GSU1_GSUASB_GLS0_ISA000_IU1_K1_KLS_LBSPPA0_LBSPPB0_LPA0_LPB0_LDL1_LRVW1_LWPMn1_LDW0_FMA_MIAV0_MDA2_MO40_MMFSC_MKFGSU256_NTA0_NTB0_NTC0_NTD0_NEPBS0_NLCA1_NLCB1_ONLL1_OPLV0_PK0_PAP0_PGR0_PLR0_PKA0_SIA1_SLW1_SS0_SU32_SUM0_SUS256_SCIUI1_SPO0_SRVW0_SSO0_SVW4_SNLL0_TSGRA0_TSGRB0_TT8_4_TLDS0_UMLDSA0_UMLDSB0_U64SL1_USFGRO0_VAW1_VS1_VW1_VWB1_VFLRP0_WSGRA0_WSGRB0_WS64_WG16_16_1_WGM8+0x277c>
	v_mul_f32_e32 v3, s20, v20                                 // 000000006B5C: 10062814
	s_branch 65116                                             // 000000006B60: BFA0FE5C <Cijk_Ailk_Bljk_SB_GB_MT128x64x8_SN_1LDSB0_APM1_ABV0_ACED0_AF0EM1_AF1EM1_AMAS0_ASE_ASGT_ASLT_ASM_ASAE01_ASCE01_ASEM1_AAC0_BL0_BS1_CLR0_DTLA0_DTLB0_DTVA0_DTVB0_DVO0_ETSP_EPS0_ELFLR0_EMLL0_FSSC10_FL0_GLVWA1_GLVWB1_GRCGA1_GRCGB1_GRPM1_GRVW1_GSU1_GSUASB_GLS0_ISA000_IU1_K1_KLS_LBSPPA0_LBSPPB0_LPA0_LPB0_LDL1_LRVW1_LWPMn1_LDW0_FMA_MIAV0_MDA2_MO40_MMFSC_MKFGSU256_NTA0_NTB0_NTC0_NTD0_NEPBS0_NLCA1_NLCB1_ONLL1_OPLV0_PK0_PAP0_PGR0_PLR0_PKA0_SIA1_SLW1_SS0_SU32_SUM0_SUS256_SCIUI1_SPO0_SRVW0_SSO0_SVW4_SNLL0_TSGRA0_TSGRB0_TT8_4_TLDS0_UMLDSA0_UMLDSB0_U64SL1_USFGRO0_VAW1_VS1_VW1_VWB1_VFLRP0_WSGRA0_WSGRB0_WS64_WG16_16_1_WGM8+0x29d4>
	v_mul_f32_e32 v3, s20, v19                                 // 000000006B64: 10062614
	s_branch 65169                                             // 000000006B68: BFA0FE91 <Cijk_Ailk_Bljk_SB_GB_MT128x64x8_SN_1LDSB0_APM1_ABV0_ACED0_AF0EM1_AF1EM1_AMAS0_ASE_ASGT_ASLT_ASM_ASAE01_ASCE01_ASEM1_AAC0_BL0_BS1_CLR0_DTLA0_DTLB0_DTVA0_DTVB0_DVO0_ETSP_EPS0_ELFLR0_EMLL0_FSSC10_FL0_GLVWA1_GLVWB1_GRCGA1_GRCGB1_GRPM1_GRVW1_GSU1_GSUASB_GLS0_ISA000_IU1_K1_KLS_LBSPPA0_LBSPPB0_LPA0_LPB0_LDL1_LRVW1_LWPMn1_LDW0_FMA_MIAV0_MDA2_MO40_MMFSC_MKFGSU256_NTA0_NTB0_NTC0_NTD0_NEPBS0_NLCA1_NLCB1_ONLL1_OPLV0_PK0_PAP0_PGR0_PLR0_PKA0_SIA1_SLW1_SS0_SU32_SUM0_SUS256_SCIUI1_SPO0_SRVW0_SSO0_SVW4_SNLL0_TSGRA0_TSGRB0_TT8_4_TLDS0_UMLDSA0_UMLDSB0_U64SL1_USFGRO0_VAW1_VS1_VW1_VWB1_VFLRP0_WSGRA0_WSGRB0_WS64_WG16_16_1_WGM8+0x2ab0>
	v_mul_f32_e32 v3, s20, v18                                 // 000000006B6C: 10062414
	s_branch 65222                                             // 000000006B70: BFA0FEC6 <Cijk_Ailk_Bljk_SB_GB_MT128x64x8_SN_1LDSB0_APM1_ABV0_ACED0_AF0EM1_AF1EM1_AMAS0_ASE_ASGT_ASLT_ASM_ASAE01_ASCE01_ASEM1_AAC0_BL0_BS1_CLR0_DTLA0_DTLB0_DTVA0_DTVB0_DVO0_ETSP_EPS0_ELFLR0_EMLL0_FSSC10_FL0_GLVWA1_GLVWB1_GRCGA1_GRCGB1_GRPM1_GRVW1_GSU1_GSUASB_GLS0_ISA000_IU1_K1_KLS_LBSPPA0_LBSPPB0_LPA0_LPB0_LDL1_LRVW1_LWPMn1_LDW0_FMA_MIAV0_MDA2_MO40_MMFSC_MKFGSU256_NTA0_NTB0_NTC0_NTD0_NEPBS0_NLCA1_NLCB1_ONLL1_OPLV0_PK0_PAP0_PGR0_PLR0_PKA0_SIA1_SLW1_SS0_SU32_SUM0_SUS256_SCIUI1_SPO0_SRVW0_SSO0_SVW4_SNLL0_TSGRA0_TSGRB0_TT8_4_TLDS0_UMLDSA0_UMLDSB0_U64SL1_USFGRO0_VAW1_VS1_VW1_VWB1_VFLRP0_WSGRA0_WSGRB0_WS64_WG16_16_1_WGM8+0x2b8c>
	v_mul_f32_e32 v3, s20, v17                                 // 000000006B74: 10062214
	s_branch 65275                                             // 000000006B78: BFA0FEFB <Cijk_Ailk_Bljk_SB_GB_MT128x64x8_SN_1LDSB0_APM1_ABV0_ACED0_AF0EM1_AF1EM1_AMAS0_ASE_ASGT_ASLT_ASM_ASAE01_ASCE01_ASEM1_AAC0_BL0_BS1_CLR0_DTLA0_DTLB0_DTVA0_DTVB0_DVO0_ETSP_EPS0_ELFLR0_EMLL0_FSSC10_FL0_GLVWA1_GLVWB1_GRCGA1_GRCGB1_GRPM1_GRVW1_GSU1_GSUASB_GLS0_ISA000_IU1_K1_KLS_LBSPPA0_LBSPPB0_LPA0_LPB0_LDL1_LRVW1_LWPMn1_LDW0_FMA_MIAV0_MDA2_MO40_MMFSC_MKFGSU256_NTA0_NTB0_NTC0_NTD0_NEPBS0_NLCA1_NLCB1_ONLL1_OPLV0_PK0_PAP0_PGR0_PLR0_PKA0_SIA1_SLW1_SS0_SU32_SUM0_SUS256_SCIUI1_SPO0_SRVW0_SSO0_SVW4_SNLL0_TSGRA0_TSGRB0_TT8_4_TLDS0_UMLDSA0_UMLDSB0_U64SL1_USFGRO0_VAW1_VS1_VW1_VWB1_VFLRP0_WSGRA0_WSGRB0_WS64_WG16_16_1_WGM8+0x2c68>
	v_mul_f32_e32 v3, s20, v16                                 // 000000006B7C: 10062014
	s_branch 65328                                             // 000000006B80: BFA0FF30 <Cijk_Ailk_Bljk_SB_GB_MT128x64x8_SN_1LDSB0_APM1_ABV0_ACED0_AF0EM1_AF1EM1_AMAS0_ASE_ASGT_ASLT_ASM_ASAE01_ASCE01_ASEM1_AAC0_BL0_BS1_CLR0_DTLA0_DTLB0_DTVA0_DTVB0_DVO0_ETSP_EPS0_ELFLR0_EMLL0_FSSC10_FL0_GLVWA1_GLVWB1_GRCGA1_GRCGB1_GRPM1_GRVW1_GSU1_GSUASB_GLS0_ISA000_IU1_K1_KLS_LBSPPA0_LBSPPB0_LPA0_LPB0_LDL1_LRVW1_LWPMn1_LDW0_FMA_MIAV0_MDA2_MO40_MMFSC_MKFGSU256_NTA0_NTB0_NTC0_NTD0_NEPBS0_NLCA1_NLCB1_ONLL1_OPLV0_PK0_PAP0_PGR0_PLR0_PKA0_SIA1_SLW1_SS0_SU32_SUM0_SUS256_SCIUI1_SPO0_SRVW0_SSO0_SVW4_SNLL0_TSGRA0_TSGRB0_TT8_4_TLDS0_UMLDSA0_UMLDSB0_U64SL1_USFGRO0_VAW1_VS1_VW1_VWB1_VFLRP0_WSGRA0_WSGRB0_WS64_WG16_16_1_WGM8+0x2d44>
	v_mul_f32_e32 v3, s20, v15                                 // 000000006B84: 10061E14
	s_branch 65381                                             // 000000006B88: BFA0FF65 <Cijk_Ailk_Bljk_SB_GB_MT128x64x8_SN_1LDSB0_APM1_ABV0_ACED0_AF0EM1_AF1EM1_AMAS0_ASE_ASGT_ASLT_ASM_ASAE01_ASCE01_ASEM1_AAC0_BL0_BS1_CLR0_DTLA0_DTLB0_DTVA0_DTVB0_DVO0_ETSP_EPS0_ELFLR0_EMLL0_FSSC10_FL0_GLVWA1_GLVWB1_GRCGA1_GRCGB1_GRPM1_GRVW1_GSU1_GSUASB_GLS0_ISA000_IU1_K1_KLS_LBSPPA0_LBSPPB0_LPA0_LPB0_LDL1_LRVW1_LWPMn1_LDW0_FMA_MIAV0_MDA2_MO40_MMFSC_MKFGSU256_NTA0_NTB0_NTC0_NTD0_NEPBS0_NLCA1_NLCB1_ONLL1_OPLV0_PK0_PAP0_PGR0_PLR0_PKA0_SIA1_SLW1_SS0_SU32_SUM0_SUS256_SCIUI1_SPO0_SRVW0_SSO0_SVW4_SNLL0_TSGRA0_TSGRB0_TT8_4_TLDS0_UMLDSA0_UMLDSB0_U64SL1_USFGRO0_VAW1_VS1_VW1_VWB1_VFLRP0_WSGRA0_WSGRB0_WS64_WG16_16_1_WGM8+0x2e20>
	v_mul_f32_e32 v2, s20, v2                                  // 000000006B8C: 10040414
	s_branch 65434                                             // 000000006B90: BFA0FF9A <Cijk_Ailk_Bljk_SB_GB_MT128x64x8_SN_1LDSB0_APM1_ABV0_ACED0_AF0EM1_AF1EM1_AMAS0_ASE_ASGT_ASLT_ASM_ASAE01_ASCE01_ASEM1_AAC0_BL0_BS1_CLR0_DTLA0_DTLB0_DTVA0_DTVB0_DVO0_ETSP_EPS0_ELFLR0_EMLL0_FSSC10_FL0_GLVWA1_GLVWB1_GRCGA1_GRCGB1_GRPM1_GRVW1_GSU1_GSUASB_GLS0_ISA000_IU1_K1_KLS_LBSPPA0_LBSPPB0_LPA0_LPB0_LDL1_LRVW1_LWPMn1_LDW0_FMA_MIAV0_MDA2_MO40_MMFSC_MKFGSU256_NTA0_NTB0_NTC0_NTD0_NEPBS0_NLCA1_NLCB1_ONLL1_OPLV0_PK0_PAP0_PGR0_PLR0_PKA0_SIA1_SLW1_SS0_SU32_SUM0_SUS256_SCIUI1_SPO0_SRVW0_SSO0_SVW4_SNLL0_TSGRA0_TSGRB0_TT8_4_TLDS0_UMLDSA0_UMLDSB0_U64SL1_USFGRO0_VAW1_VS1_VW1_VWB1_VFLRP0_WSGRA0_WSGRB0_WS64_WG16_16_1_WGM8+0x2efc>
	s_nop 0                                                    // 000000006B94: BF800000
	s_nop 0                                                    // 000000006B98: BF800000
	s_nop 0                                                    // 000000006B9C: BF800000
	s_nop 0                                                    // 000000006BA0: BF800000
	s_nop 0                                                    // 000000006BA4: BF800000
	s_nop 0                                                    // 000000006BA8: BF800000
	s_nop 0                                                    // 000000006BAC: BF800000
	s_nop 0                                                    // 000000006BB0: BF800000
	s_nop 0                                                    // 000000006BB4: BF800000
	s_nop 0                                                    // 000000006BB8: BF800000
	s_nop 0                                                    // 000000006BBC: BF800000
	s_nop 0                                                    // 000000006BC0: BF800000
	s_nop 0                                                    // 000000006BC4: BF800000
	s_nop 0                                                    // 000000006BC8: BF800000
	s_nop 0                                                    // 000000006BCC: BF800000
	s_nop 0                                                    // 000000006BD0: BF800000
	s_nop 0                                                    // 000000006BD4: BF800000
	s_nop 0                                                    // 000000006BD8: BF800000
	s_nop 0                                                    // 000000006BDC: BF800000
	s_nop 0                                                    // 000000006BE0: BF800000
	s_nop 0                                                    // 000000006BE4: BF800000
	s_nop 0                                                    // 000000006BE8: BF800000
	s_nop 0                                                    // 000000006BEC: BF800000
	s_nop 0                                                    // 000000006BF0: BF800000
	s_nop 0                                                    // 000000006BF4: BF800000
	s_nop 0                                                    // 000000006BF8: BF800000
	s_nop 0                                                    // 000000006BFC: BF800000

0000000000006c00 <Cijk_Ailk_Bljk_SB_MT128x64x8_SN_1LDSB0_APM1_ABV0_ACED0_AF0EM1_AF1EM1_AMAS0_ASE_ASGT_ASLT_ASM_ASAE01_ASCE01_ASEM1_AAC0_BL0_BS1_CLR0_DTLA0_DTLB0_DTVA0_DTVB0_DVO0_ETSP_EPS0_ELFLR0_EMLL0_FSSC10_FL0_GLVWA1_GLVWB1_GRCGA1_GRCGB1_GRPM1_GRVW1_GSU1_GSUASB_GLS0_ISA000_IU1_K1_KLS_LBSPPA0_LBSPPB0_LPA0_LPB0_LDL1_LRVW1_LWPMn1_LDW0_FMA_MIAV0_MDA2_MO40_MMFSC_MKFGSU256_NTA0_NTB0_NTC0_NTD0_NEPBS0_NLCA1_NLCB1_ONLL1_OPLV0_PK0_PAP0_PGR0_PLR0_PKA0_SIA1_SLW1_SS0_SU32_SUM0_SUS256_SCIUI1_SPO0_SRVW0_SSO0_SVW4_SNLL0_TSGRA0_TSGRB0_TT8_4_TLDS0_UMLDSA0_UMLDSB0_U64SL1_USFGRO0_VAW1_VS1_VW1_VWB1_VFLRP0_WSGRA0_WSGRB0_WS64_WG16_16_1_WGM8>:
	s_load_b64 s[4:5], s[0:1], 0x68                            // 000000006C00: F4002100 F8000068
	s_and_b32 s2, ttmp7, 7                                     // 000000006C08: 8B028773
	s_and_b32 s6, ttmp7, 0xffff                                // 000000006C0C: 8B06FF73 0000FFFF
	s_and_b32 s3, ttmp7, 0xfff8                                // 000000006C14: 8B03FF73 0000FFF8
	s_wait_kmcnt 0x0                                           // 000000006C1C: BFC70000
	s_mul_i32 s2, s4, s2                                       // 000000006C20: 96020204
	s_and_b32 s7, s5, -8                                       // 000000006C24: 8B07C805
	s_add_co_i32 s4, s2, ttmp9                                 // 000000006C28: 81047502
	s_and_b32 s2, s5, 7                                        // 000000006C2C: 8B028705
	s_cmp_ge_u32 s6, s7                                        // 000000006C30: BF090706
	s_cselect_b32 s5, s2, 0                                    // 000000006C34: 98058002
	s_delay_alu instid0(SALU_CYCLE_1)                          // 000000006C38: BF870009
	s_cmp_lt_i32 s5, 4                                         // 000000006C3C: BF048405
	s_cbranch_scc1 19                                          // 000000006C40: BFA20013 <Cijk_Ailk_Bljk_SB_MT128x64x8_SN_1LDSB0_APM1_ABV0_ACED0_AF0EM1_AF1EM1_AMAS0_ASE_ASGT_ASLT_ASM_ASAE01_ASCE01_ASEM1_AAC0_BL0_BS1_CLR0_DTLA0_DTLB0_DTVA0_DTVB0_DVO0_ETSP_EPS0_ELFLR0_EMLL0_FSSC10_FL0_GLVWA1_GLVWB1_GRCGA1_GRCGB1_GRPM1_GRVW1_GSU1_GSUASB_GLS0_ISA000_IU1_K1_KLS_LBSPPA0_LBSPPB0_LPA0_LPB0_LDL1_LRVW1_LWPMn1_LDW0_FMA_MIAV0_MDA2_MO40_MMFSC_MKFGSU256_NTA0_NTB0_NTC0_NTD0_NEPBS0_NLCA1_NLCB1_ONLL1_OPLV0_PK0_PAP0_PGR0_PLR0_PKA0_SIA1_SLW1_SS0_SU32_SUM0_SUS256_SCIUI1_SPO0_SRVW0_SSO0_SVW4_SNLL0_TSGRA0_TSGRB0_TT8_4_TLDS0_UMLDSA0_UMLDSB0_U64SL1_USFGRO0_VAW1_VS1_VW1_VWB1_VFLRP0_WSGRA0_WSGRB0_WS64_WG16_16_1_WGM8+0x90>
	s_cmp_lt_i32 s5, 6                                         // 000000006C44: BF048605
	s_cbranch_scc1 18                                          // 000000006C48: BFA20012 <Cijk_Ailk_Bljk_SB_MT128x64x8_SN_1LDSB0_APM1_ABV0_ACED0_AF0EM1_AF1EM1_AMAS0_ASE_ASGT_ASLT_ASM_ASAE01_ASCE01_ASEM1_AAC0_BL0_BS1_CLR0_DTLA0_DTLB0_DTVA0_DTVB0_DVO0_ETSP_EPS0_ELFLR0_EMLL0_FSSC10_FL0_GLVWA1_GLVWB1_GRCGA1_GRCGB1_GRPM1_GRVW1_GSU1_GSUASB_GLS0_ISA000_IU1_K1_KLS_LBSPPA0_LBSPPB0_LPA0_LPB0_LDL1_LRVW1_LWPMn1_LDW0_FMA_MIAV0_MDA2_MO40_MMFSC_MKFGSU256_NTA0_NTB0_NTC0_NTD0_NEPBS0_NLCA1_NLCB1_ONLL1_OPLV0_PK0_PAP0_PGR0_PLR0_PKA0_SIA1_SLW1_SS0_SU32_SUM0_SUS256_SCIUI1_SPO0_SRVW0_SSO0_SVW4_SNLL0_TSGRA0_TSGRB0_TT8_4_TLDS0_UMLDSA0_UMLDSB0_U64SL1_USFGRO0_VAW1_VS1_VW1_VWB1_VFLRP0_WSGRA0_WSGRB0_WS64_WG16_16_1_WGM8+0x94>
	s_cmp_gt_i32 s5, 6                                         // 000000006C4C: BF028605
	s_cbranch_scc0 17                                          // 000000006C50: BFA10011 <Cijk_Ailk_Bljk_SB_MT128x64x8_SN_1LDSB0_APM1_ABV0_ACED0_AF0EM1_AF1EM1_AMAS0_ASE_ASGT_ASLT_ASM_ASAE01_ASCE01_ASEM1_AAC0_BL0_BS1_CLR0_DTLA0_DTLB0_DTVA0_DTVB0_DVO0_ETSP_EPS0_ELFLR0_EMLL0_FSSC10_FL0_GLVWA1_GLVWB1_GRCGA1_GRCGB1_GRPM1_GRVW1_GSU1_GSUASB_GLS0_ISA000_IU1_K1_KLS_LBSPPA0_LBSPPB0_LPA0_LPB0_LDL1_LRVW1_LWPMn1_LDW0_FMA_MIAV0_MDA2_MO40_MMFSC_MKFGSU256_NTA0_NTB0_NTC0_NTD0_NEPBS0_NLCA1_NLCB1_ONLL1_OPLV0_PK0_PAP0_PGR0_PLR0_PKA0_SIA1_SLW1_SS0_SU32_SUM0_SUS256_SCIUI1_SPO0_SRVW0_SSO0_SVW4_SNLL0_TSGRA0_TSGRB0_TT8_4_TLDS0_UMLDSA0_UMLDSB0_U64SL1_USFGRO0_VAW1_VS1_VW1_VWB1_VFLRP0_WSGRA0_WSGRB0_WS64_WG16_16_1_WGM8+0x98>
	s_mul_hi_u32 s2, s4, 0x24924925                            // 000000006C54: 9682FF04 24924925
	s_delay_alu instid0(SALU_CYCLE_1) | instskip(NEXT) | instid1(SALU_CYCLE_1)// 000000006C5C: BF870499
	s_sub_co_i32 s6, s4, s2                                    // 000000006C60: 81860204
	s_lshr_b32 s6, s6, 1                                       // 000000006C64: 85068106
	s_delay_alu instid0(SALU_CYCLE_1) | instskip(NEXT) | instid1(SALU_CYCLE_1)// 000000006C68: BF870499
	s_add_co_i32 s6, s6, s2                                    // 000000006C6C: 81060206
	s_lshr_b32 s2, s6, 2                                       // 000000006C70: 85028206
	s_delay_alu instid0(SALU_CYCLE_1) | instskip(NEXT) | instid1(SALU_CYCLE_1)// 000000006C74: BF870499
	s_mul_i32 s6, s2, 7                                        // 000000006C78: 96068702
	s_sub_co_i32 s6, s4, s6                                    // 000000006C7C: 81860604
	s_delay_alu instid0(SALU_CYCLE_1)                          // 000000006C80: BF870009
	s_or_b32 s6, s6, s3                                        // 000000006C84: 8C060306
	s_cbranch_execz 3                                          // 000000006C88: BFA50003 <Cijk_Ailk_Bljk_SB_MT128x64x8_SN_1LDSB0_APM1_ABV0_ACED0_AF0EM1_AF1EM1_AMAS0_ASE_ASGT_ASLT_ASM_ASAE01_ASCE01_ASEM1_AAC0_BL0_BS1_CLR0_DTLA0_DTLB0_DTVA0_DTVB0_DVO0_ETSP_EPS0_ELFLR0_EMLL0_FSSC10_FL0_GLVWA1_GLVWB1_GRCGA1_GRCGB1_GRPM1_GRVW1_GSU1_GSUASB_GLS0_ISA000_IU1_K1_KLS_LBSPPA0_LBSPPB0_LPA0_LPB0_LDL1_LRVW1_LWPMn1_LDW0_FMA_MIAV0_MDA2_MO40_MMFSC_MKFGSU256_NTA0_NTB0_NTC0_NTD0_NEPBS0_NLCA1_NLCB1_ONLL1_OPLV0_PK0_PAP0_PGR0_PLR0_PKA0_SIA1_SLW1_SS0_SU32_SUM0_SUS256_SCIUI1_SPO0_SRVW0_SSO0_SVW4_SNLL0_TSGRA0_TSGRB0_TT8_4_TLDS0_UMLDSA0_UMLDSB0_U64SL1_USFGRO0_VAW1_VS1_VW1_VWB1_VFLRP0_WSGRA0_WSGRB0_WS64_WG16_16_1_WGM8+0x98>
	s_branch 10                                                // 000000006C8C: BFA0000A <Cijk_Ailk_Bljk_SB_MT128x64x8_SN_1LDSB0_APM1_ABV0_ACED0_AF0EM1_AF1EM1_AMAS0_ASE_ASGT_ASLT_ASM_ASAE01_ASCE01_ASEM1_AAC0_BL0_BS1_CLR0_DTLA0_DTLB0_DTVA0_DTVB0_DVO0_ETSP_EPS0_ELFLR0_EMLL0_FSSC10_FL0_GLVWA1_GLVWB1_GRCGA1_GRCGB1_GRPM1_GRVW1_GSU1_GSUASB_GLS0_ISA000_IU1_K1_KLS_LBSPPA0_LBSPPB0_LPA0_LPB0_LDL1_LRVW1_LWPMn1_LDW0_FMA_MIAV0_MDA2_MO40_MMFSC_MKFGSU256_NTA0_NTB0_NTC0_NTD0_NEPBS0_NLCA1_NLCB1_ONLL1_OPLV0_PK0_PAP0_PGR0_PLR0_PKA0_SIA1_SLW1_SS0_SU32_SUM0_SUS256_SCIUI1_SPO0_SRVW0_SSO0_SVW4_SNLL0_TSGRA0_TSGRB0_TT8_4_TLDS0_UMLDSA0_UMLDSB0_U64SL1_USFGRO0_VAW1_VS1_VW1_VWB1_VFLRP0_WSGRA0_WSGRB0_WS64_WG16_16_1_WGM8+0xb8>
	s_branch 26                                                // 000000006C90: BFA0001A <Cijk_Ailk_Bljk_SB_MT128x64x8_SN_1LDSB0_APM1_ABV0_ACED0_AF0EM1_AF1EM1_AMAS0_ASE_ASGT_ASLT_ASM_ASAE01_ASCE01_ASEM1_AAC0_BL0_BS1_CLR0_DTLA0_DTLB0_DTVA0_DTVB0_DVO0_ETSP_EPS0_ELFLR0_EMLL0_FSSC10_FL0_GLVWA1_GLVWB1_GRCGA1_GRCGB1_GRPM1_GRVW1_GSU1_GSUASB_GLS0_ISA000_IU1_K1_KLS_LBSPPA0_LBSPPB0_LPA0_LPB0_LDL1_LRVW1_LWPMn1_LDW0_FMA_MIAV0_MDA2_MO40_MMFSC_MKFGSU256_NTA0_NTB0_NTC0_NTD0_NEPBS0_NLCA1_NLCB1_ONLL1_OPLV0_PK0_PAP0_PGR0_PLR0_PKA0_SIA1_SLW1_SS0_SU32_SUM0_SUS256_SCIUI1_SPO0_SRVW0_SSO0_SVW4_SNLL0_TSGRA0_TSGRB0_TT8_4_TLDS0_UMLDSA0_UMLDSB0_U64SL1_USFGRO0_VAW1_VS1_VW1_VWB1_VFLRP0_WSGRA0_WSGRB0_WS64_WG16_16_1_WGM8+0xfc>
	s_branch 9                                                 // 000000006C94: BFA00009 <Cijk_Ailk_Bljk_SB_MT128x64x8_SN_1LDSB0_APM1_ABV0_ACED0_AF0EM1_AF1EM1_AMAS0_ASE_ASGT_ASLT_ASM_ASAE01_ASCE01_ASEM1_AAC0_BL0_BS1_CLR0_DTLA0_DTLB0_DTVA0_DTVB0_DVO0_ETSP_EPS0_ELFLR0_EMLL0_FSSC10_FL0_GLVWA1_GLVWB1_GRCGA1_GRCGB1_GRPM1_GRVW1_GSU1_GSUASB_GLS0_ISA000_IU1_K1_KLS_LBSPPA0_LBSPPB0_LPA0_LPB0_LDL1_LRVW1_LWPMn1_LDW0_FMA_MIAV0_MDA2_MO40_MMFSC_MKFGSU256_NTA0_NTB0_NTC0_NTD0_NEPBS0_NLCA1_NLCB1_ONLL1_OPLV0_PK0_PAP0_PGR0_PLR0_PKA0_SIA1_SLW1_SS0_SU32_SUM0_SUS256_SCIUI1_SPO0_SRVW0_SSO0_SVW4_SNLL0_TSGRA0_TSGRB0_TT8_4_TLDS0_UMLDSA0_UMLDSB0_U64SL1_USFGRO0_VAW1_VS1_VW1_VWB1_VFLRP0_WSGRA0_WSGRB0_WS64_WG16_16_1_WGM8+0xbc>
	s_mul_hi_u32 s2, s4, 0xaaaaaaab                            // 000000006C98: 9682FF04 AAAAAAAB
	s_delay_alu instid0(SALU_CYCLE_1) | instskip(NEXT) | instid1(SALU_CYCLE_1)// 000000006CA0: BF870499
	s_lshr_b32 s2, s2, 2                                       // 000000006CA4: 85028202
	s_mul_i32 s6, s2, 6                                        // 000000006CA8: 96068602
	s_delay_alu instid0(SALU_CYCLE_1) | instskip(NEXT) | instid1(SALU_CYCLE_1)// 000000006CAC: BF870499
	s_sub_co_i32 s6, s4, s6                                    // 000000006CB0: 81860604
	s_or_b32 s6, s6, s3                                        // 000000006CB4: 8C060306
	s_cbranch_execnz 15                                        // 000000006CB8: BFA6000F <Cijk_Ailk_Bljk_SB_MT128x64x8_SN_1LDSB0_APM1_ABV0_ACED0_AF0EM1_AF1EM1_AMAS0_ASE_ASGT_ASLT_ASM_ASAE01_ASCE01_ASEM1_AAC0_BL0_BS1_CLR0_DTLA0_DTLB0_DTVA0_DTVB0_DVO0_ETSP_EPS0_ELFLR0_EMLL0_FSSC10_FL0_GLVWA1_GLVWB1_GRCGA1_GRCGB1_GRPM1_GRVW1_GSU1_GSUASB_GLS0_ISA000_IU1_K1_KLS_LBSPPA0_LBSPPB0_LPA0_LPB0_LDL1_LRVW1_LWPMn1_LDW0_FMA_MIAV0_MDA2_MO40_MMFSC_MKFGSU256_NTA0_NTB0_NTC0_NTD0_NEPBS0_NLCA1_NLCB1_ONLL1_OPLV0_PK0_PAP0_PGR0_PLR0_PKA0_SIA1_SLW1_SS0_SU32_SUM0_SUS256_SCIUI1_SPO0_SRVW0_SSO0_SVW4_SNLL0_TSGRA0_TSGRB0_TT8_4_TLDS0_UMLDSA0_UMLDSB0_U64SL1_USFGRO0_VAW1_VS1_VW1_VWB1_VFLRP0_WSGRA0_WSGRB0_WS64_WG16_16_1_WGM8+0xf8>
	s_cmp_gt_i32 s5, 4                                         // 000000006CBC: BF028405
	s_cbranch_scc0 10                                          // 000000006CC0: BFA1000A <Cijk_Ailk_Bljk_SB_MT128x64x8_SN_1LDSB0_APM1_ABV0_ACED0_AF0EM1_AF1EM1_AMAS0_ASE_ASGT_ASLT_ASM_ASAE01_ASCE01_ASEM1_AAC0_BL0_BS1_CLR0_DTLA0_DTLB0_DTVA0_DTVB0_DVO0_ETSP_EPS0_ELFLR0_EMLL0_FSSC10_FL0_GLVWA1_GLVWB1_GRCGA1_GRCGB1_GRPM1_GRVW1_GSU1_GSUASB_GLS0_ISA000_IU1_K1_KLS_LBSPPA0_LBSPPB0_LPA0_LPB0_LDL1_LRVW1_LWPMn1_LDW0_FMA_MIAV0_MDA2_MO40_MMFSC_MKFGSU256_NTA0_NTB0_NTC0_NTD0_NEPBS0_NLCA1_NLCB1_ONLL1_OPLV0_PK0_PAP0_PGR0_PLR0_PKA0_SIA1_SLW1_SS0_SU32_SUM0_SUS256_SCIUI1_SPO0_SRVW0_SSO0_SVW4_SNLL0_TSGRA0_TSGRB0_TT8_4_TLDS0_UMLDSA0_UMLDSB0_U64SL1_USFGRO0_VAW1_VS1_VW1_VWB1_VFLRP0_WSGRA0_WSGRB0_WS64_WG16_16_1_WGM8+0xec>
	s_mul_hi_u32 s2, s4, 0xcccccccd                            // 000000006CC4: 9682FF04 CCCCCCCD
	s_delay_alu instid0(SALU_CYCLE_1) | instskip(NEXT) | instid1(SALU_CYCLE_1)// 000000006CCC: BF870499
	s_lshr_b32 s2, s2, 2                                       // 000000006CD0: 85028202
	s_mul_i32 s6, s2, 5                                        // 000000006CD4: 96068502
	s_delay_alu instid0(SALU_CYCLE_1) | instskip(NEXT) | instid1(SALU_CYCLE_1)// 000000006CD8: BF870499
	s_sub_co_i32 s6, s4, s6                                    // 000000006CDC: 81860604
	s_or_b32 s6, s6, s3                                        // 000000006CE0: 8C060306
	s_cbranch_execz 1                                          // 000000006CE4: BFA50001 <Cijk_Ailk_Bljk_SB_MT128x64x8_SN_1LDSB0_APM1_ABV0_ACED0_AF0EM1_AF1EM1_AMAS0_ASE_ASGT_ASLT_ASM_ASAE01_ASCE01_ASEM1_AAC0_BL0_BS1_CLR0_DTLA0_DTLB0_DTVA0_DTVB0_DVO0_ETSP_EPS0_ELFLR0_EMLL0_FSSC10_FL0_GLVWA1_GLVWB1_GRCGA1_GRCGB1_GRPM1_GRVW1_GSU1_GSUASB_GLS0_ISA000_IU1_K1_KLS_LBSPPA0_LBSPPB0_LPA0_LPB0_LDL1_LRVW1_LWPMn1_LDW0_FMA_MIAV0_MDA2_MO40_MMFSC_MKFGSU256_NTA0_NTB0_NTC0_NTD0_NEPBS0_NLCA1_NLCB1_ONLL1_OPLV0_PK0_PAP0_PGR0_PLR0_PKA0_SIA1_SLW1_SS0_SU32_SUM0_SUS256_SCIUI1_SPO0_SRVW0_SSO0_SVW4_SNLL0_TSGRA0_TSGRB0_TT8_4_TLDS0_UMLDSA0_UMLDSB0_U64SL1_USFGRO0_VAW1_VS1_VW1_VWB1_VFLRP0_WSGRA0_WSGRB0_WS64_WG16_16_1_WGM8+0xec>
	s_branch 3                                                 // 000000006CE8: BFA00003 <Cijk_Ailk_Bljk_SB_MT128x64x8_SN_1LDSB0_APM1_ABV0_ACED0_AF0EM1_AF1EM1_AMAS0_ASE_ASGT_ASLT_ASM_ASAE01_ASCE01_ASEM1_AAC0_BL0_BS1_CLR0_DTLA0_DTLB0_DTVA0_DTVB0_DVO0_ETSP_EPS0_ELFLR0_EMLL0_FSSC10_FL0_GLVWA1_GLVWB1_GRCGA1_GRCGB1_GRPM1_GRVW1_GSU1_GSUASB_GLS0_ISA000_IU1_K1_KLS_LBSPPA0_LBSPPB0_LPA0_LPB0_LDL1_LRVW1_LWPMn1_LDW0_FMA_MIAV0_MDA2_MO40_MMFSC_MKFGSU256_NTA0_NTB0_NTC0_NTD0_NEPBS0_NLCA1_NLCB1_ONLL1_OPLV0_PK0_PAP0_PGR0_PLR0_PKA0_SIA1_SLW1_SS0_SU32_SUM0_SUS256_SCIUI1_SPO0_SRVW0_SSO0_SVW4_SNLL0_TSGRA0_TSGRB0_TT8_4_TLDS0_UMLDSA0_UMLDSB0_U64SL1_USFGRO0_VAW1_VS1_VW1_VWB1_VFLRP0_WSGRA0_WSGRB0_WS64_WG16_16_1_WGM8+0xf8>
	s_and_b32 s6, s4, 3                                        // 000000006CEC: 8B068304
	s_lshr_b32 s2, s4, 2                                       // 000000006CF0: 85028204
	s_or_b32 s6, s6, s3                                        // 000000006CF4: 8C060306
	s_cbranch_execnz 27                                        // 000000006CF8: BFA6001B <Cijk_Ailk_Bljk_SB_MT128x64x8_SN_1LDSB0_APM1_ABV0_ACED0_AF0EM1_AF1EM1_AMAS0_ASE_ASGT_ASLT_ASM_ASAE01_ASCE01_ASEM1_AAC0_BL0_BS1_CLR0_DTLA0_DTLB0_DTVA0_DTVB0_DVO0_ETSP_EPS0_ELFLR0_EMLL0_FSSC10_FL0_GLVWA1_GLVWB1_GRCGA1_GRCGB1_GRPM1_GRVW1_GSU1_GSUASB_GLS0_ISA000_IU1_K1_KLS_LBSPPA0_LBSPPB0_LPA0_LPB0_LDL1_LRVW1_LWPMn1_LDW0_FMA_MIAV0_MDA2_MO40_MMFSC_MKFGSU256_NTA0_NTB0_NTC0_NTD0_NEPBS0_NLCA1_NLCB1_ONLL1_OPLV0_PK0_PAP0_PGR0_PLR0_PKA0_SIA1_SLW1_SS0_SU32_SUM0_SUS256_SCIUI1_SPO0_SRVW0_SSO0_SVW4_SNLL0_TSGRA0_TSGRB0_TT8_4_TLDS0_UMLDSA0_UMLDSB0_U64SL1_USFGRO0_VAW1_VS1_VW1_VWB1_VFLRP0_WSGRA0_WSGRB0_WS64_WG16_16_1_WGM8+0x168>
	s_cmp_lt_i32 s5, 2                                         // 000000006CFC: BF048205
	s_cbranch_scc1 12                                          // 000000006D00: BFA2000C <Cijk_Ailk_Bljk_SB_MT128x64x8_SN_1LDSB0_APM1_ABV0_ACED0_AF0EM1_AF1EM1_AMAS0_ASE_ASGT_ASLT_ASM_ASAE01_ASCE01_ASEM1_AAC0_BL0_BS1_CLR0_DTLA0_DTLB0_DTVA0_DTVB0_DVO0_ETSP_EPS0_ELFLR0_EMLL0_FSSC10_FL0_GLVWA1_GLVWB1_GRCGA1_GRCGB1_GRPM1_GRVW1_GSU1_GSUASB_GLS0_ISA000_IU1_K1_KLS_LBSPPA0_LBSPPB0_LPA0_LPB0_LDL1_LRVW1_LWPMn1_LDW0_FMA_MIAV0_MDA2_MO40_MMFSC_MKFGSU256_NTA0_NTB0_NTC0_NTD0_NEPBS0_NLCA1_NLCB1_ONLL1_OPLV0_PK0_PAP0_PGR0_PLR0_PKA0_SIA1_SLW1_SS0_SU32_SUM0_SUS256_SCIUI1_SPO0_SRVW0_SSO0_SVW4_SNLL0_TSGRA0_TSGRB0_TT8_4_TLDS0_UMLDSA0_UMLDSB0_U64SL1_USFGRO0_VAW1_VS1_VW1_VWB1_VFLRP0_WSGRA0_WSGRB0_WS64_WG16_16_1_WGM8+0x134>
	s_cmp_gt_i32 s5, 2                                         // 000000006D04: BF028205
	s_cbranch_scc0 11                                          // 000000006D08: BFA1000B <Cijk_Ailk_Bljk_SB_MT128x64x8_SN_1LDSB0_APM1_ABV0_ACED0_AF0EM1_AF1EM1_AMAS0_ASE_ASGT_ASLT_ASM_ASAE01_ASCE01_ASEM1_AAC0_BL0_BS1_CLR0_DTLA0_DTLB0_DTVA0_DTVB0_DVO0_ETSP_EPS0_ELFLR0_EMLL0_FSSC10_FL0_GLVWA1_GLVWB1_GRCGA1_GRCGB1_GRPM1_GRVW1_GSU1_GSUASB_GLS0_ISA000_IU1_K1_KLS_LBSPPA0_LBSPPB0_LPA0_LPB0_LDL1_LRVW1_LWPMn1_LDW0_FMA_MIAV0_MDA2_MO40_MMFSC_MKFGSU256_NTA0_NTB0_NTC0_NTD0_NEPBS0_NLCA1_NLCB1_ONLL1_OPLV0_PK0_PAP0_PGR0_PLR0_PKA0_SIA1_SLW1_SS0_SU32_SUM0_SUS256_SCIUI1_SPO0_SRVW0_SSO0_SVW4_SNLL0_TSGRA0_TSGRB0_TT8_4_TLDS0_UMLDSA0_UMLDSB0_U64SL1_USFGRO0_VAW1_VS1_VW1_VWB1_VFLRP0_WSGRA0_WSGRB0_WS64_WG16_16_1_WGM8+0x138>
	s_mul_hi_u32 s2, s4, 0xaaaaaaab                            // 000000006D0C: 9682FF04 AAAAAAAB
	s_delay_alu instid0(SALU_CYCLE_1) | instskip(NEXT) | instid1(SALU_CYCLE_1)// 000000006D14: BF870499
	s_lshr_b32 s2, s2, 1                                       // 000000006D18: 85028102
	s_mul_i32 s6, s2, 3                                        // 000000006D1C: 96068302
	s_delay_alu instid0(SALU_CYCLE_1) | instskip(NEXT) | instid1(SALU_CYCLE_1)// 000000006D20: BF870499
	s_sub_co_i32 s6, s4, s6                                    // 000000006D24: 81860604
	s_or_b32 s6, s6, s3                                        // 000000006D28: 8C060306
	s_cbranch_execz 2                                          // 000000006D2C: BFA50002 <Cijk_Ailk_Bljk_SB_MT128x64x8_SN_1LDSB0_APM1_ABV0_ACED0_AF0EM1_AF1EM1_AMAS0_ASE_ASGT_ASLT_ASM_ASAE01_ASCE01_ASEM1_AAC0_BL0_BS1_CLR0_DTLA0_DTLB0_DTVA0_DTVB0_DVO0_ETSP_EPS0_ELFLR0_EMLL0_FSSC10_FL0_GLVWA1_GLVWB1_GRCGA1_GRCGB1_GRPM1_GRVW1_GSU1_GSUASB_GLS0_ISA000_IU1_K1_KLS_LBSPPA0_LBSPPB0_LPA0_LPB0_LDL1_LRVW1_LWPMn1_LDW0_FMA_MIAV0_MDA2_MO40_MMFSC_MKFGSU256_NTA0_NTB0_NTC0_NTD0_NEPBS0_NLCA1_NLCB1_ONLL1_OPLV0_PK0_PAP0_PGR0_PLR0_PKA0_SIA1_SLW1_SS0_SU32_SUM0_SUS256_SCIUI1_SPO0_SRVW0_SSO0_SVW4_SNLL0_TSGRA0_TSGRB0_TT8_4_TLDS0_UMLDSA0_UMLDSB0_U64SL1_USFGRO0_VAW1_VS1_VW1_VWB1_VFLRP0_WSGRA0_WSGRB0_WS64_WG16_16_1_WGM8+0x138>
	s_branch 4                                                 // 000000006D30: BFA00004 <Cijk_Ailk_Bljk_SB_MT128x64x8_SN_1LDSB0_APM1_ABV0_ACED0_AF0EM1_AF1EM1_AMAS0_ASE_ASGT_ASLT_ASM_ASAE01_ASCE01_ASEM1_AAC0_BL0_BS1_CLR0_DTLA0_DTLB0_DTVA0_DTVB0_DVO0_ETSP_EPS0_ELFLR0_EMLL0_FSSC10_FL0_GLVWA1_GLVWB1_GRCGA1_GRCGB1_GRPM1_GRVW1_GSU1_GSUASB_GLS0_ISA000_IU1_K1_KLS_LBSPPA0_LBSPPB0_LPA0_LPB0_LDL1_LRVW1_LWPMn1_LDW0_FMA_MIAV0_MDA2_MO40_MMFSC_MKFGSU256_NTA0_NTB0_NTC0_NTD0_NEPBS0_NLCA1_NLCB1_ONLL1_OPLV0_PK0_PAP0_PGR0_PLR0_PKA0_SIA1_SLW1_SS0_SU32_SUM0_SUS256_SCIUI1_SPO0_SRVW0_SSO0_SVW4_SNLL0_TSGRA0_TSGRB0_TT8_4_TLDS0_UMLDSA0_UMLDSB0_U64SL1_USFGRO0_VAW1_VS1_VW1_VWB1_VFLRP0_WSGRA0_WSGRB0_WS64_WG16_16_1_WGM8+0x144>
	s_branch 4                                                 // 000000006D34: BFA00004 <Cijk_Ailk_Bljk_SB_MT128x64x8_SN_1LDSB0_APM1_ABV0_ACED0_AF0EM1_AF1EM1_AMAS0_ASE_ASGT_ASLT_ASM_ASAE01_ASCE01_ASEM1_AAC0_BL0_BS1_CLR0_DTLA0_DTLB0_DTVA0_DTVB0_DVO0_ETSP_EPS0_ELFLR0_EMLL0_FSSC10_FL0_GLVWA1_GLVWB1_GRCGA1_GRCGB1_GRPM1_GRVW1_GSU1_GSUASB_GLS0_ISA000_IU1_K1_KLS_LBSPPA0_LBSPPB0_LPA0_LPB0_LDL1_LRVW1_LWPMn1_LDW0_FMA_MIAV0_MDA2_MO40_MMFSC_MKFGSU256_NTA0_NTB0_NTC0_NTD0_NEPBS0_NLCA1_NLCB1_ONLL1_OPLV0_PK0_PAP0_PGR0_PLR0_PKA0_SIA1_SLW1_SS0_SU32_SUM0_SUS256_SCIUI1_SPO0_SRVW0_SSO0_SVW4_SNLL0_TSGRA0_TSGRB0_TT8_4_TLDS0_UMLDSA0_UMLDSB0_U64SL1_USFGRO0_VAW1_VS1_VW1_VWB1_VFLRP0_WSGRA0_WSGRB0_WS64_WG16_16_1_WGM8+0x148>
	s_and_b32 s6, s4, 1                                        // 000000006D38: 8B068104
	s_lshr_b32 s2, s4, 1                                       // 000000006D3C: 85028104
	s_or_b32 s6, s6, s3                                        // 000000006D40: 8C060306
	s_cbranch_execnz 8                                         // 000000006D44: BFA60008 <Cijk_Ailk_Bljk_SB_MT128x64x8_SN_1LDSB0_APM1_ABV0_ACED0_AF0EM1_AF1EM1_AMAS0_ASE_ASGT_ASLT_ASM_ASAE01_ASCE01_ASEM1_AAC0_BL0_BS1_CLR0_DTLA0_DTLB0_DTVA0_DTVB0_DVO0_ETSP_EPS0_ELFLR0_EMLL0_FSSC10_FL0_GLVWA1_GLVWB1_GRCGA1_GRCGB1_GRPM1_GRVW1_GSU1_GSUASB_GLS0_ISA000_IU1_K1_KLS_LBSPPA0_LBSPPB0_LPA0_LPB0_LDL1_LRVW1_LWPMn1_LDW0_FMA_MIAV0_MDA2_MO40_MMFSC_MKFGSU256_NTA0_NTB0_NTC0_NTD0_NEPBS0_NLCA1_NLCB1_ONLL1_OPLV0_PK0_PAP0_PGR0_PLR0_PKA0_SIA1_SLW1_SS0_SU32_SUM0_SUS256_SCIUI1_SPO0_SRVW0_SSO0_SVW4_SNLL0_TSGRA0_TSGRB0_TT8_4_TLDS0_UMLDSA0_UMLDSB0_U64SL1_USFGRO0_VAW1_VS1_VW1_VWB1_VFLRP0_WSGRA0_WSGRB0_WS64_WG16_16_1_WGM8+0x168>
	s_cmp_eq_u32 s5, 1                                         // 000000006D48: BF068105
	s_cbranch_scc1 3                                           // 000000006D4C: BFA20003 <Cijk_Ailk_Bljk_SB_MT128x64x8_SN_1LDSB0_APM1_ABV0_ACED0_AF0EM1_AF1EM1_AMAS0_ASE_ASGT_ASLT_ASM_ASAE01_ASCE01_ASEM1_AAC0_BL0_BS1_CLR0_DTLA0_DTLB0_DTVA0_DTVB0_DVO0_ETSP_EPS0_ELFLR0_EMLL0_FSSC10_FL0_GLVWA1_GLVWB1_GRCGA1_GRCGB1_GRPM1_GRVW1_GSU1_GSUASB_GLS0_ISA000_IU1_K1_KLS_LBSPPA0_LBSPPB0_LPA0_LPB0_LDL1_LRVW1_LWPMn1_LDW0_FMA_MIAV0_MDA2_MO40_MMFSC_MKFGSU256_NTA0_NTB0_NTC0_NTD0_NEPBS0_NLCA1_NLCB1_ONLL1_OPLV0_PK0_PAP0_PGR0_PLR0_PKA0_SIA1_SLW1_SS0_SU32_SUM0_SUS256_SCIUI1_SPO0_SRVW0_SSO0_SVW4_SNLL0_TSGRA0_TSGRB0_TT8_4_TLDS0_UMLDSA0_UMLDSB0_U64SL1_USFGRO0_VAW1_VS1_VW1_VWB1_VFLRP0_WSGRA0_WSGRB0_WS64_WG16_16_1_WGM8+0x15c>
	s_and_b32 s2, s4, 7                                        // 000000006D50: 8B028704
	s_lshr_b32 s4, s4, 3                                       // 000000006D54: 85048304
	s_or_b32 s3, s2, s3                                        // 000000006D58: 8C030302
	s_delay_alu instid0(SALU_CYCLE_1)                          // 000000006D5C: BF870009
	s_mov_b32 s6, s3                                           // 000000006D60: BE860003
	s_mov_b32 s2, s4                                           // 000000006D64: BE820004
	s_clause 0x2                                               // 000000006D68: BF850002
	s_load_b256 s[36:43], s[0:1], 0x40                         // 000000006D6C: F4006900 F8000040
	s_load_b256 s[12:19], s[0:1], 0x0                          // 000000006D74: F4006300 F8000000
	s_load_b256 s[20:27], s[0:1], 0x20                         // 000000006D7C: F4006500 F8000020
	s_lshl_b32 s29, s6, 6                                      // 000000006D84: 841D8606
	s_lshr_b32 s3, ttmp7, 16                                   // 000000006D88: 85039073
	v_lshrrev_b32_e32 v48, 7, v0                               // 000000006D8C: 32600087
	v_dual_mov_b32 v2, 0 :: v_dual_and_b32 v47, 7, v0          // 000000006D90: CA240080 022E0087
	s_lshl_b32 s28, s2, 7                                      // 000000006D98: 841C8702
	v_lshrrev_b32_e32 v13, 3, v0                               // 000000006D9C: 321A0083
	s_delay_alu instid0(VALU_DEP_3)                            // 000000006DA0: BF870003
	v_or_b32_e32 v51, 2, v48                                   // 000000006DA4: 38666082
	v_and_or_b32 v11, 0x7f, v0, s28                            // 000000006DA8: D657000B 007200FF 0000007F
	v_mov_b32_e32 v4, v2                                       // 000000006DB4: 7E080302
	v_or_b32_e32 v50, 4, v48                                   // 000000006DB8: 38646084
	v_or_b32_e32 v12, s29, v13                                 // 000000006DBC: 38181A1D
	s_mov_b32 s11, 0                                           // 000000006DC0: BE8B0080
	v_or_b32_e32 v49, 6, v48                                   // 000000006DC4: 38626086
	s_mov_b32 s5, s11                                          // 000000006DC8: BE85000B
	s_mov_b32 s7, s11                                          // 000000006DCC: BE87000B
	v_or_b32_e32 v14, 32, v12                                  // 000000006DD0: 381C18A0
	s_wait_kmcnt 0x0                                           // 000000006DD4: BFC70000
	s_cvt_f32_u32 s0, s40                                      // 000000006DD8: BE806528
	s_sub_co_i32 s4, 0, s40                                    // 000000006DDC: 81842880
	v_mul_lo_u32 v3, s26, v48                                  // 000000006DE0: D72C0003 0002601A
	v_mad_co_u64_u32 v[5:6], null, s26, v51, 0                 // 000000006DE8: D6FE7C05 0202661A
	v_rcp_iflag_f32_e32 v1, s0                                 // 000000006DF0: 7E025600
	v_mad_co_u64_u32 v[7:8], null, s26, v50, 0                 // 000000006DF4: D6FE7C07 0202641A
	v_mad_co_u64_u32 v[9:10], null, s26, v49, 0                // 000000006DFC: D6FE7C09 0202621A
	s_delay_alu instid0(VALU_DEP_4) | instskip(NEXT) | instid1(VALU_DEP_4)// 000000006E04: BF870214
	v_lshlrev_b64_e32 v[3:4], 2, v[3:4]                        // 000000006E08: 3E060682
	v_lshlrev_b64_e32 v[5:6], 2, v[5:6]                        // 000000006E0C: 3E0A0A82
	s_mov_b32 s1, s11                                          // 000000006E10: BE81000B
	v_and_b32_e32 v40, 15, v0                                  // 000000006E14: 3650008F
	v_lshlrev_b64_e32 v[7:8], 2, v[7:8]                        // 000000006E18: 3E0E0E82
	s_delay_alu instid0(TRANS32_DEP_1) | instskip(SKIP_1) | instid1(VALU_DEP_1)// 000000006E1C: BF8700A5
	v_readfirstlane_b32 s0, v1                                 // 000000006E20: 7E000501
	v_add_co_u32 v15, vcc_lo, s16, v3                          // 000000006E24: D7006A0F 00020610
	v_add_co_ci_u32_e64 v16, null, s17, v4, vcc_lo             // 000000006E2C: D5207C10 01AA0811
	s_mul_f32 s0, s0, 0x4f7ffffe                               // 000000006E34: A200FF00 4F7FFFFE
	v_add_co_u32 v17, vcc_lo, s16, v5                          // 000000006E3C: D7006A11 00020A10
	s_wait_alu 0xfffd                                          // 000000006E44: BF88FFFD
	v_add_co_ci_u32_e64 v18, null, s17, v6, vcc_lo             // 000000006E48: D5207C12 01AA0C11
	s_wait_alu 0xfffe                                          // 000000006E50: BF88FFFE
	s_cvt_u32_f32 s6, s0                                       // 000000006E54: BE866700
	s_mov_b32 s0, s26                                          // 000000006E58: BE80001A
	v_lshrrev_b32_e32 v41, 4, v0                               // 000000006E5C: 32520084
	v_lshlrev_b32_e32 v13, 2, v13                              // 000000006E60: 301A1A82
	s_mul_i32 s8, s4, s6                                       // 000000006E64: 96080604
	s_mov_b32 s4, s27                                          // 000000006E68: BE84001B
	s_mul_hi_u32 s8, s6, s8                                    // 000000006E6C: 96880806
	v_lshlrev_b32_e32 v23, 8, v47                              // 000000006E70: 302E5E88
	s_add_co_i32 s6, s6, s8                                    // 000000006E74: 81060806
	v_lshlrev_b32_e32 v52, 2, v0                               // 000000006E78: 30680082
	s_mul_hi_u32 s6, s3, s6                                    // 000000006E7C: 96860603
	v_lshlrev_b32_e32 v46, 2, v40                              // 000000006E80: 305C5082
	s_mul_i32 s8, s6, s40                                      // 000000006E84: 96082806
	s_mov_b32 s6, s37                                          // 000000006E88: BE860025
	s_sub_co_i32 s3, s3, s8                                    // 000000006E8C: 81830803
	v_lshlrev_b32_e32 v53, 2, v41                              // 000000006E90: 306A5282
	s_sub_co_i32 s8, s3, s40                                   // 000000006E94: 81882803
	s_cmp_ge_u32 s3, s40                                       // 000000006E98: BF092803
	v_add_nc_u32_e32 v54, v13, v23                             // 000000006E9C: 4A6C2F0D
	s_cselect_b32 s3, s8, s3                                   // 000000006EA0: 98030308
	s_delay_alu instid0(SALU_CYCLE_1)                          // 000000006EA4: BF870009
	s_sub_co_i32 s8, s3, s40                                   // 000000006EA8: 81882803
	s_cmp_ge_u32 s3, s40                                       // 000000006EAC: BF092803
	s_cselect_b32 s10, s8, s3                                  // 000000006EB0: 980A0308
	s_add_co_i32 s3, s38, -1                                   // 000000006EB4: 8103C126
	s_add_co_i32 s8, s39, -1                                   // 000000006EB8: 8108C127
	v_min_u32_e32 v1, s3, v11                                  // 000000006EBC: 26021603
	s_mul_u64 s[4:5], s[10:11], s[4:5]                         // 000000006EC0: AA84040A
	v_min_u32_e32 v11, s8, v14                                 // 000000006EC4: 26161C08
	s_lshl_b64 s[4:5], s[4:5], 2                               // 000000006EC8: 84848204
	v_min_u32_e32 v5, s8, v12                                  // 000000006ECC: 260A1808
	v_lshlrev_b64_e32 v[3:4], 2, v[1:2]                        // 000000006ED0: 3E060282
	s_mul_u64 s[6:7], s[10:11], s[6:7]                         // 000000006ED4: AA86060A
	v_mad_co_u64_u32 v[11:12], null, v11, s36, 0               // 000000006ED8: D6FE7C0B 0200490B
	s_delay_alu instid0(VALU_DEP_3) | instskip(NEXT) | instid1(VALU_DEP_3)// 000000006EE0: BF870193
	v_mad_co_u64_u32 v[5:6], null, v5, s36, 0                  // 000000006EE4: D6FE7C05 02004905
	v_add_co_u32 v1, vcc_lo, v15, v3                           // 000000006EEC: D7006A01 0002070F
	s_wait_alu 0xfffd                                          // 000000006EF4: BF88FFFD
	v_add_co_ci_u32_e64 v14, null, v16, v4, vcc_lo             // 000000006EF8: D5207C0E 01AA0910
	v_add_co_u32 v15, vcc_lo, v17, v3                          // 000000006F00: D7006A0F 00020711
	s_wait_alu 0xfffd                                          // 000000006F08: BF88FFFD
	v_add_co_ci_u32_e64 v16, null, v18, v4, vcc_lo             // 000000006F0C: D5207C10 01AA0912
	v_add_co_u32 v1, vcc_lo, v1, s4                            // 000000006F14: D7006A01 00000901
	s_wait_alu 0xfffd                                          // 000000006F1C: BF88FFFD
	v_add_co_ci_u32_e64 v14, null, s5, v14, vcc_lo             // 000000006F20: D5207C0E 01AA1C05
	v_add_co_u32 v15, vcc_lo, v15, s4                          // 000000006F28: D7006A0F 0000090F
	s_wait_alu 0xfffd                                          // 000000006F30: BF88FFFD
	v_add_co_ci_u32_e64 v16, null, s5, v16, vcc_lo             // 000000006F34: D5207C10 01AA2005
	v_add_co_u32 v17, vcc_lo, s16, v7                          // 000000006F3C: D7006A11 00020E10
	s_wait_alu 0xfffd                                          // 000000006F44: BF88FFFD
	v_add_co_ci_u32_e64 v18, null, s17, v8, vcc_lo             // 000000006F48: D5207C12 01AA1011
	v_lshlrev_b64_e32 v[7:8], 2, v[9:10]                       // 000000006F50: 3E0E1282
	s_delay_alu instid0(VALU_DEP_3) | instskip(SKIP_1) | instid1(VALU_DEP_3)// 000000006F54: BF8701A3
	v_add_co_u32 v9, vcc_lo, v17, v3                           // 000000006F58: D7006A09 00020711
	s_wait_alu 0xfffd                                          // 000000006F60: BF88FFFD
	v_add_co_ci_u32_e64 v10, null, v18, v4, vcc_lo             // 000000006F64: D5207C0A 01AA0912
	s_wait_alu 0xfffe                                          // 000000006F6C: BF88FFFE
	s_lshl_b64 s[0:1], s[0:1], 3                               // 000000006F70: 84808300
	v_add_co_u32 v7, vcc_lo, s16, v7                           // 000000006F74: D7006A07 00020E10
	s_wait_alu 0xfffd                                          // 000000006F7C: BF88FFFD
	v_add_co_ci_u32_e64 v8, null, s17, v8, vcc_lo              // 000000006F80: D5207C08 01AA1011
	v_add_co_u32 v17, vcc_lo, v9, s4                           // 000000006F88: D7006A11 00000909
	s_wait_alu 0xfffd                                          // 000000006F90: BF88FFFD
	v_add_co_ci_u32_e64 v18, null, s5, v10, vcc_lo             // 000000006F94: D5207C12 01AA1405
	v_add_co_u32 v7, vcc_lo, v7, v3                            // 000000006F9C: D7006A07 00020707
	s_wait_alu 0xfffd                                          // 000000006FA4: BF88FFFD
	v_add_co_ci_u32_e64 v8, null, v8, v4, vcc_lo               // 000000006FA8: D5207C08 01AA0908
	v_lshlrev_b64_e32 v[3:4], 2, v[5:6]                        // 000000006FB0: 3E060A82
	s_delay_alu instid0(VALU_DEP_3) | instskip(SKIP_1) | instid1(VALU_DEP_3)// 000000006FB4: BF8701A3
	v_add_co_u32 v5, vcc_lo, v7, s4                            // 000000006FB8: D7006A05 00000907
	s_wait_alu 0xfffd                                          // 000000006FC0: BF88FFFD
	v_add_co_ci_u32_e64 v6, null, s5, v8, vcc_lo               // 000000006FC4: D5207C06 01AA1005
	v_lshlrev_b32_e32 v7, 2, v47                               // 000000006FCC: 300E5E82
	s_delay_alu instid0(VALU_DEP_4) | instskip(SKIP_3) | instid1(VALU_DEP_3)// 000000006FD0: BF8701C4
	v_add_co_u32 v8, vcc_lo, s18, v3                           // 000000006FD4: D7006A08 00020612
	s_wait_alu 0xfffd                                          // 000000006FDC: BF88FFFD
	v_add_co_ci_u32_e64 v9, null, s19, v4, vcc_lo              // 000000006FE0: D5207C09 01AA0813
	v_lshlrev_b64_e32 v[3:4], 2, v[11:12]                      // 000000006FE8: 3E061682
	v_add_co_u32 v8, vcc_lo, v8, v7                            // 000000006FEC: D7006A08 00020F08
	s_wait_alu 0xfffd                                          // 000000006FF4: BF88FFFD
	s_delay_alu instid0(VALU_DEP_3)                            // 000000006FF8: BF870003
	v_add_co_ci_u32_e64 v9, null, 0, v9, vcc_lo                // 000000006FFC: D5207C09 01AA1280
	s_lshl_b64 s[4:5], s[6:7], 2                               // 000000007004: 84848206
	v_add_co_u32 v3, vcc_lo, s18, v3                           // 000000007008: D7006A03 00020612
	s_wait_alu 0xfffd                                          // 000000007010: BF88FFFD
	v_add_co_ci_u32_e64 v4, null, s19, v4, vcc_lo              // 000000007014: D5207C04 01AA0813
	s_wait_alu 0xfffe                                          // 00000000701C: BF88FFFE
	v_add_co_u32 v19, vcc_lo, v8, s4                           // 000000007020: D7006A13 00000908
	s_cmp_neq_f32 s20, 0                                       // 000000007028: BF4D8014
	s_wait_alu 0xfffd                                          // 00000000702C: BF88FFFD
	v_add_co_ci_u32_e64 v20, null, s5, v9, vcc_lo              // 000000007030: D5207C14 01AA1205
	v_add_co_u32 v3, vcc_lo, v3, v7                            // 000000007038: D7006A03 00020F03
	s_wait_alu 0xfffd                                          // 000000007040: BF88FFFD
	v_add_co_ci_u32_e64 v4, null, 0, v4, vcc_lo                // 000000007044: D5207C04 01AA0880
	s_cselect_b32 s18, s41, 0                                  // 00000000704C: 98128029
	s_and_b32 s2, s2, s42                                      // 000000007050: 8B022A02
	v_add_co_u32 v21, vcc_lo, v3, s4                           // 000000007054: D7006A15 00000903
	s_wait_alu 0xfffe                                          // 00000000705C: BF88FFFE
	s_lshl_b32 s2, s2, 3                                       // 000000007060: 84028302
	s_mov_b32 s3, s11                                          // 000000007064: BE83000B
	s_wait_alu 0xfffd                                          // 000000007068: BF88FFFD
	v_add_co_ci_u32_e64 v22, null, s5, v4, vcc_lo              // 00000000706C: D5207C16 01AA0805
	s_wait_alu 0xfffe                                          // 000000007074: BF88FFFE
	s_mul_u64 s[4:5], s[0:1], s[2:3]                           // 000000007078: AA840200
	s_wait_alu 0xfffe                                          // 00000000707C: BF88FFFE
	s_lshl_b64 s[4:5], s[4:5], 2                               // 000000007080: 84848204
	s_wait_alu 0xfffe                                          // 000000007084: BF88FFFE
	v_add_co_u32 v11, vcc_lo, v1, s4                           // 000000007088: D7006A0B 00000901
	s_wait_alu 0xfffd                                          // 000000007090: BF88FFFD
	v_add_co_ci_u32_e64 v12, null, s5, v14, vcc_lo             // 000000007094: D5207C0C 01AA1C05
	v_add_co_u32 v9, vcc_lo, v15, s4                           // 00000000709C: D7006A09 0000090F
	s_wait_alu 0xfffd                                          // 0000000070A4: BF88FFFD
	v_add_co_ci_u32_e64 v10, null, s5, v16, vcc_lo             // 0000000070A8: D5207C0A 01AA2005
	v_add_co_u32 v7, vcc_lo, v17, s4                           // 0000000070B0: D7006A07 00000911
	s_wait_alu 0xfffd                                          // 0000000070B8: BF88FFFD
	v_add_co_ci_u32_e64 v8, null, s5, v18, vcc_lo              // 0000000070BC: D5207C08 01AA2405
	v_add_co_u32 v5, vcc_lo, v5, s4                            // 0000000070C4: D7006A05 00000905
	s_wait_alu 0xfffd                                          // 0000000070CC: BF88FFFD
	v_add_co_ci_u32_e64 v6, null, s5, v6, vcc_lo               // 0000000070D0: D5207C06 01AA0C05
	s_lshl_b64 s[4:5], s[2:3], 5                               // 0000000070D8: 84848502
	s_wait_alu 0xfffe                                          // 0000000070DC: BF88FFFE
	v_add_co_u32 v3, vcc_lo, v19, s4                           // 0000000070E0: D7006A03 00000913
	s_wait_alu 0xfffd                                          // 0000000070E8: BF88FFFD
	v_add_co_ci_u32_e64 v4, null, s5, v20, vcc_lo              // 0000000070EC: D5207C04 01AA2805
	v_add_co_u32 v0, vcc_lo, v21, s4                           // 0000000070F4: D7006A00 00000915
	s_wait_alu 0xfffd                                          // 0000000070FC: BF88FFFD
	v_add_co_ci_u32_e64 v1, null, s5, v22, vcc_lo              // 000000007100: D5207C01 01AA2C05
	s_lshr_b32 s4, s18, 3                                      // 000000007108: 85048312
	s_cmp_lt_u32 s18, 8                                        // 00000000710C: BF0A8812
	s_cbranch_scc1 536                                         // 000000007110: BFA20218 <Cijk_Ailk_Bljk_SB_MT128x64x8_SN_1LDSB0_APM1_ABV0_ACED0_AF0EM1_AF1EM1_AMAS0_ASE_ASGT_ASLT_ASM_ASAE01_ASCE01_ASEM1_AAC0_BL0_BS1_CLR0_DTLA0_DTLB0_DTVA0_DTVB0_DVO0_ETSP_EPS0_ELFLR0_EMLL0_FSSC10_FL0_GLVWA1_GLVWB1_GRCGA1_GRCGB1_GRPM1_GRVW1_GSU1_GSUASB_GLS0_ISA000_IU1_K1_KLS_LBSPPA0_LBSPPB0_LPA0_LPB0_LDL1_LRVW1_LWPMn1_LDW0_FMA_MIAV0_MDA2_MO40_MMFSC_MKFGSU256_NTA0_NTB0_NTC0_NTD0_NEPBS0_NLCA1_NLCB1_ONLL1_OPLV0_PK0_PAP0_PGR0_PLR0_PKA0_SIA1_SLW1_SS0_SU32_SUM0_SUS256_SCIUI1_SPO0_SRVW0_SSO0_SVW4_SNLL0_TSGRA0_TSGRB0_TT8_4_TLDS0_UMLDSA0_UMLDSB0_U64SL1_USFGRO0_VAW1_VS1_VW1_VWB1_VFLRP0_WSGRA0_WSGRB0_WS64_WG16_16_1_WGM8+0xd74>
	s_mov_b32 s5, s11                                          // 000000007114: BE85000B
	v_dual_mov_b32 v14, 0 :: v_dual_add_nc_u32 v55, 0x1000, v54// 000000007118: CA200080 0E366CFF 00001000
	v_dual_mov_b32 v13, 0 :: v_dual_add_nc_u32 v56, 0x1000, v53// 000000007124: CA200080 0D386AFF 00001000
	v_dual_mov_b32 v16, 0 :: v_dual_add_nc_u32 v57, 0x400, v46 // 000000007130: CA200080 10385CFF 00000400
	v_dual_mov_b32 v15, 0 :: v_dual_add_nc_u32 v58, 0x800, v46 // 00000000713C: CA200080 0F3A5CFF 00000800
	v_dual_mov_b32 v18, 0 :: v_dual_add_nc_u32 v59, 0x1400, v53// 000000007148: CA200080 123A6AFF 00001400
	v_dual_mov_b32 v17, 0 :: v_dual_add_nc_u32 v60, 0xc00, v46 // 000000007154: CA200080 113C5CFF 00000C00
	v_dual_mov_b32 v19, 0 :: v_dual_mov_b32 v20, 0             // 000000007160: CA100080 13140080
	v_dual_mov_b32 v21, 0 :: v_dual_mov_b32 v22, 0             // 000000007168: CA100080 15160080
	v_dual_mov_b32 v23, 0 :: v_dual_mov_b32 v24, 0             // 000000007170: CA100080 17180080
	v_dual_mov_b32 v25, 0 :: v_dual_mov_b32 v26, 0             // 000000007178: CA100080 191A0080
	v_dual_mov_b32 v27, 0 :: v_dual_mov_b32 v28, 0             // 000000007180: CA100080 1B1C0080
	v_dual_mov_b32 v29, 0 :: v_dual_mov_b32 v30, 0             // 000000007188: CA100080 1D1E0080
	v_dual_mov_b32 v31, 0 :: v_dual_mov_b32 v32, 0             // 000000007190: CA100080 1F200080
	v_dual_mov_b32 v33, 0 :: v_dual_mov_b32 v34, 0             // 000000007198: CA100080 21220080
	v_dual_mov_b32 v35, 0 :: v_dual_mov_b32 v36, 0             // 0000000071A0: CA100080 23240080
	v_dual_mov_b32 v37, 0 :: v_dual_mov_b32 v38, 0             // 0000000071A8: CA100080 25260080
	v_dual_mov_b32 v39, 0 :: v_dual_mov_b32 v42, 0             // 0000000071B0: CA100080 272A0080
	v_dual_mov_b32 v43, 0 :: v_dual_mov_b32 v44, 0             // 0000000071B8: CA100080 2B2C0080
	v_mov_b32_e32 v45, 0                                       // 0000000071C0: 7E5A0280
	s_and_b32 s8, s18, -8                                      // 0000000071C4: 8B08C812
	s_wait_alu 0xfffe                                          // 0000000071C8: BF88FFFE
	s_mul_u64 s[6:7], s[0:1], s[4:5]                           // 0000000071CC: AA860400
	s_mov_b32 s9, s11                                          // 0000000071D0: BE89000B
	s_sub_nc_u64 s[6:7], 0, s[6:7]                             // 0000000071D4: AA060680
	s_wait_alu 0xfffe                                          // 0000000071D8: BF88FFFE
	s_sub_nc_u64 s[8:9], 0, s[8:9]                             // 0000000071DC: AA080880
	s_add_co_i32 s3, s2, 1                                     // 0000000071E0: 81038102
	s_lshl_b64 s[16:17], s[0:1], 2                             // 0000000071E4: 84908200
	s_mov_b32 s5, s4                                           // 0000000071E8: BE850004
	global_load_b32 v61, v[11:12], off                         // 0000000071EC: EE05007C 0000003D 0000000B
	global_load_b32 v62, v[9:10], off                          // 0000000071F8: EE05007C 0000003E 00000009
	global_load_b32 v63, v[7:8], off                           // 000000007204: EE05007C 0000003F 00000007
	global_load_b32 v64, v[5:6], off                           // 000000007210: EE05007C 00000040 00000005
	global_load_b32 v65, v[3:4], off                           // 00000000721C: EE05007C 00000041 00000003
	global_load_b32 v66, v[0:1], off                           // 000000007228: EE05007C 00000042 00000000
	s_wait_loadcnt 0x0                                         // 000000007234: BFC00000
	s_barrier_signal -1                                        // 000000007238: BE804EC1
	s_barrier_wait 0xffff                                      // 00000000723C: BF94FFFF
	global_inv scope:SCOPE_SE                                  // 000000007240: EE0AC07C 00040000 00000000
	s_wait_alu 0xfffe                                          // 00000000724C: BF88FFFE
	s_add_co_i32 s19, s5, -1                                   // 000000007250: 8113C105
	s_cmp_eq_u32 s3, s5                                        // 000000007254: BF060503
	v_add_co_u32 v11, vcc_lo, v11, s16                         // 000000007258: D7006A0B 0000210B
	s_cselect_b32 s27, s7, 0                                   // 000000007260: 981B8007
	s_cselect_b32 s26, s6, 0                                   // 000000007264: 981A8006
	s_wait_alu 0xfffd                                          // 000000007268: BF88FFFD
	v_add_co_ci_u32_e64 v12, null, s17, v12, vcc_lo            // 00000000726C: D5207C0C 01AA1811
	s_cselect_b32 s31, s9, 0                                   // 000000007274: 981F8009
	s_cselect_b32 s30, s8, 0                                   // 000000007278: 981E8008
	s_wait_alu 0xfffe                                          // 00000000727C: BF88FFFE
	s_lshl_b64 s[26:27], s[26:27], 2                           // 000000007280: 849A821A
	ds_store_2addr_stride64_b32 v52, v61, v62 offset1:4        // 000000007284: D83C0400 003E3D34
	ds_store_2addr_stride64_b32 v52, v63, v64 offset0:8 offset1:12// 00000000728C: D83C0C08 00403F34
	ds_store_2addr_b32 v55, v65, v66 offset1:32                // 000000007294: D8382000 00424137
	s_wait_loadcnt_dscnt 0x0                                   // 00000000729C: BFC80000
	s_barrier_signal -1                                        // 0000000072A0: BE804EC1
	s_barrier_wait 0xffff                                      // 0000000072A4: BF94FFFF
	global_inv scope:SCOPE_SE                                  // 0000000072A8: EE0AC07C 00040000 00000000
	ds_load_2addr_b32 v[61:62], v46 offset1:16                 // 0000000072B4: D8DC1000 3D00002E
	ds_load_2addr_b32 v[63:64], v46 offset0:32 offset1:48      // 0000000072BC: D8DC3020 3F00002E
	ds_load_2addr_b32 v[65:66], v46 offset0:64 offset1:80      // 0000000072C4: D8DC5040 4100002E
	ds_load_2addr_b32 v[67:68], v46 offset0:96 offset1:112     // 0000000072CC: D8DC7060 4300002E
	ds_load_2addr_b32 v[69:70], v56 offset1:16                 // 0000000072D4: D8DC1000 45000038
	ds_load_2addr_b32 v[71:72], v56 offset0:32 offset1:48      // 0000000072DC: D8DC3020 47000038
	s_wait_alu 0xfffe                                          // 0000000072E4: BF88FFFE
	v_add_co_u32 v11, vcc_lo, v11, s26                         // 0000000072E8: D7006A0B 0000350B
	s_wait_alu 0xfffd                                          // 0000000072F0: BF88FFFD
	v_add_co_ci_u32_e64 v12, null, s27, v12, vcc_lo            // 0000000072F4: D5207C0C 01AA181B
	v_add_co_u32 v9, vcc_lo, v9, s16                           // 0000000072FC: D7006A09 00002109
	s_wait_alu 0xfffd                                          // 000000007304: BF88FFFD
	v_add_co_ci_u32_e64 v10, null, s17, v10, vcc_lo            // 000000007308: D5207C0A 01AA1411
	s_delay_alu instid0(VALU_DEP_2) | instskip(SKIP_1) | instid1(VALU_DEP_2)// 000000007310: BF870122
	v_add_co_u32 v9, vcc_lo, v9, s26                           // 000000007314: D7006A09 00003509
	s_wait_alu 0xfffd                                          // 00000000731C: BF88FFFD
	v_add_co_ci_u32_e64 v10, null, s27, v10, vcc_lo            // 000000007320: D5207C0A 01AA141B
	v_add_co_u32 v7, vcc_lo, v7, s16                           // 000000007328: D7006A07 00002107
	s_wait_alu 0xfffd                                          // 000000007330: BF88FFFD
	v_add_co_ci_u32_e64 v8, null, s17, v8, vcc_lo              // 000000007334: D5207C08 01AA1011
	s_wait_dscnt 0x1                                           // 00000000733C: BFC60001
	v_dual_fmac_f32 v45, v61, v69 :: v_dual_fmac_f32 v34, v62, v70// 000000007340: C8008B3D 2D228D3E
	v_dual_fmac_f32 v44, v62, v69 :: v_dual_fmac_f32 v35, v61, v70// 000000007348: C8008B3E 2C228D3D
	v_dual_fmac_f32 v43, v63, v69 :: v_dual_fmac_f32 v32, v64, v70// 000000007350: C8008B3F 2B208D40
	v_dual_fmac_f32 v42, v64, v69 :: v_dual_fmac_f32 v33, v63, v70// 000000007358: C8008B40 2A208D3F
	v_dual_fmac_f32 v39, v65, v69 :: v_dual_fmac_f32 v30, v66, v70// 000000007360: C8008B41 271E8D42
	v_dual_fmac_f32 v38, v66, v69 :: v_dual_fmac_f32 v31, v65, v70// 000000007368: C8008B42 261E8D41
	v_dual_fmac_f32 v37, v67, v69 :: v_dual_fmac_f32 v28, v68, v70// 000000007370: C8008B43 251C8D44
	v_dual_fmac_f32 v36, v68, v69 :: v_dual_fmac_f32 v29, v67, v70// 000000007378: C8008B44 241C8D43
	s_wait_dscnt 0x0                                           // 000000007380: BFC60000
	v_dual_fmac_f32 v27, v61, v71 :: v_dual_fmac_f32 v18, v62, v72// 000000007384: C8008F3D 1B12913E
	v_dual_fmac_f32 v26, v62, v71 :: v_dual_fmac_f32 v19, v61, v72// 00000000738C: C8008F3E 1A12913D
	v_dual_fmac_f32 v25, v63, v71 :: v_dual_fmac_f32 v16, v64, v72// 000000007394: C8008F3F 19109140
	v_dual_fmac_f32 v24, v64, v71 :: v_dual_fmac_f32 v17, v63, v72// 00000000739C: C8008F40 1810913F
	v_dual_fmac_f32 v23, v65, v71 :: v_dual_fmac_f32 v14, v66, v72// 0000000073A4: C8008F41 170E9142
	v_dual_fmac_f32 v22, v66, v71 :: v_dual_fmac_f32 v15, v65, v72// 0000000073AC: C8008F42 160E9141
	v_dual_fmac_f32 v21, v67, v71 :: v_dual_fmac_f32 v2, v68, v72// 0000000073B4: C8008F43 15029144
	v_dual_fmac_f32 v20, v68, v71 :: v_dual_fmac_f32 v13, v67, v72// 0000000073BC: C8008F44 140C9143
	ds_load_2addr_b32 v[61:62], v46 offset0:128 offset1:144    // 0000000073C4: D8DC9080 3D00002E
	ds_load_2addr_b32 v[63:64], v46 offset0:160 offset1:176    // 0000000073CC: D8DCB0A0 3F00002E
	ds_load_2addr_b32 v[65:66], v46 offset0:192 offset1:208    // 0000000073D4: D8DCD0C0 4100002E
	ds_load_2addr_b32 v[67:68], v46 offset0:224 offset1:240    // 0000000073DC: D8DCF0E0 4300002E
	ds_load_2addr_b32 v[69:70], v56 offset0:64 offset1:80      // 0000000073E4: D8DC5040 45000038
	ds_load_2addr_b32 v[71:72], v56 offset0:96 offset1:112     // 0000000073EC: D8DC7060 47000038
	v_add_co_u32 v7, vcc_lo, v7, s26                           // 0000000073F4: D7006A07 00003507
	s_wait_alu 0xfffd                                          // 0000000073FC: BF88FFFD
	v_add_co_ci_u32_e64 v8, null, s27, v8, vcc_lo              // 000000007400: D5207C08 01AA101B
	v_add_co_u32 v5, vcc_lo, v5, s16                           // 000000007408: D7006A05 00002105
	s_wait_alu 0xfffd                                          // 000000007410: BF88FFFD
	v_add_co_ci_u32_e64 v6, null, s17, v6, vcc_lo              // 000000007414: D5207C06 01AA0C11
	s_delay_alu instid0(VALU_DEP_2) | instskip(SKIP_1) | instid1(VALU_DEP_2)// 00000000741C: BF870122
	v_add_co_u32 v5, vcc_lo, v5, s26                           // 000000007420: D7006A05 00003505
	s_wait_alu 0xfffd                                          // 000000007428: BF88FFFD
	v_add_co_ci_u32_e64 v6, null, s27, v6, vcc_lo              // 00000000742C: D5207C06 01AA0C1B
	s_lshl_b64 s[26:27], s[30:31], 2                           // 000000007434: 849A821E
	s_cmp_gt_u32 s5, 1                                         // 000000007438: BF088105
	s_wait_alu 0xfffe                                          // 00000000743C: BF88FFFE
	v_add_co_u32 v3, vcc_lo, v3, s26                           // 000000007440: D7006A03 00003503
	s_wait_alu 0xfffd                                          // 000000007448: BF88FFFD
	v_add_co_ci_u32_e64 v4, null, s27, v4, vcc_lo              // 00000000744C: D5207C04 01AA081B
	s_wait_dscnt 0x1                                           // 000000007454: BFC60001
	v_dual_fmac_f32 v45, v61, v69 :: v_dual_fmac_f32 v34, v62, v70// 000000007458: C8008B3D 2D228D3E
	v_dual_fmac_f32 v44, v62, v69 :: v_dual_fmac_f32 v35, v61, v70// 000000007460: C8008B3E 2C228D3D
	v_dual_fmac_f32 v43, v63, v69 :: v_dual_fmac_f32 v32, v64, v70// 000000007468: C8008B3F 2B208D40
	v_dual_fmac_f32 v42, v64, v69 :: v_dual_fmac_f32 v33, v63, v70// 000000007470: C8008B40 2A208D3F
	v_dual_fmac_f32 v39, v65, v69 :: v_dual_fmac_f32 v30, v66, v70// 000000007478: C8008B41 271E8D42
	v_dual_fmac_f32 v38, v66, v69 :: v_dual_fmac_f32 v31, v65, v70// 000000007480: C8008B42 261E8D41
	v_dual_fmac_f32 v37, v67, v69 :: v_dual_fmac_f32 v28, v68, v70// 000000007488: C8008B43 251C8D44
	v_dual_fmac_f32 v36, v68, v69 :: v_dual_fmac_f32 v29, v67, v70// 000000007490: C8008B44 241C8D43
	s_wait_dscnt 0x0                                           // 000000007498: BFC60000
	v_dual_fmac_f32 v27, v61, v71 :: v_dual_fmac_f32 v18, v62, v72// 00000000749C: C8008F3D 1B12913E
	v_dual_fmac_f32 v26, v62, v71 :: v_dual_fmac_f32 v19, v61, v72// 0000000074A4: C8008F3E 1A12913D
	v_dual_fmac_f32 v25, v63, v71 :: v_dual_fmac_f32 v16, v64, v72// 0000000074AC: C8008F3F 19109140
	v_dual_fmac_f32 v24, v64, v71 :: v_dual_fmac_f32 v17, v63, v72// 0000000074B4: C8008F40 1810913F
	v_dual_fmac_f32 v23, v65, v71 :: v_dual_fmac_f32 v14, v66, v72// 0000000074BC: C8008F41 170E9142
	v_dual_fmac_f32 v22, v66, v71 :: v_dual_fmac_f32 v15, v65, v72// 0000000074C4: C8008F42 160E9141
	v_dual_fmac_f32 v21, v67, v71 :: v_dual_fmac_f32 v2, v68, v72// 0000000074CC: C8008F43 15029144
	v_dual_fmac_f32 v20, v68, v71 :: v_dual_fmac_f32 v13, v67, v72// 0000000074D4: C8008F44 140C9143
	ds_load_2addr_b32 v[61:62], v57 offset1:16                 // 0000000074DC: D8DC1000 3D000039
	ds_load_2addr_b32 v[63:64], v57 offset0:32 offset1:48      // 0000000074E4: D8DC3020 3F000039
	ds_load_2addr_b32 v[65:66], v57 offset0:64 offset1:80      // 0000000074EC: D8DC5040 41000039
	ds_load_2addr_b32 v[67:68], v57 offset0:96 offset1:112     // 0000000074F4: D8DC7060 43000039
	ds_load_2addr_b32 v[69:70], v56 offset0:128 offset1:144    // 0000000074FC: D8DC9080 45000038
	ds_load_2addr_b32 v[71:72], v56 offset0:160 offset1:176    // 000000007504: D8DCB0A0 47000038
	v_add_co_u32 v3, vcc_lo, v3, 32                            // 00000000750C: D7006A03 00014103
	s_wait_alu 0xfffd                                          // 000000007514: BF88FFFD
	v_add_co_ci_u32_e64 v4, null, 0, v4, vcc_lo                // 000000007518: D5207C04 01AA0880
	v_add_co_u32 v0, vcc_lo, v0, s26                           // 000000007520: D7006A00 00003500
	s_wait_alu 0xfffd                                          // 000000007528: BF88FFFD
	v_add_co_ci_u32_e64 v1, null, s27, v1, vcc_lo              // 00000000752C: D5207C01 01AA021B
	s_mov_b32 s5, s19                                          // 000000007534: BE850013
	v_add_co_u32 v0, vcc_lo, v0, 32                            // 000000007538: D7006A00 00014100
	s_wait_alu 0xfffd                                          // 000000007540: BF88FFFD
	v_add_co_ci_u32_e64 v1, null, 0, v1, vcc_lo                // 000000007544: D5207C01 01AA0280
	s_wait_dscnt 0x1                                           // 00000000754C: BFC60001
	v_dual_fmac_f32 v45, v61, v69 :: v_dual_fmac_f32 v34, v62, v70// 000000007550: C8008B3D 2D228D3E
	v_dual_fmac_f32 v44, v62, v69 :: v_dual_fmac_f32 v35, v61, v70// 000000007558: C8008B3E 2C228D3D
	v_dual_fmac_f32 v43, v63, v69 :: v_dual_fmac_f32 v32, v64, v70// 000000007560: C8008B3F 2B208D40
	v_dual_fmac_f32 v42, v64, v69 :: v_dual_fmac_f32 v33, v63, v70// 000000007568: C8008B40 2A208D3F
	v_dual_fmac_f32 v39, v65, v69 :: v_dual_fmac_f32 v30, v66, v70// 000000007570: C8008B41 271E8D42
	v_dual_fmac_f32 v38, v66, v69 :: v_dual_fmac_f32 v31, v65, v70// 000000007578: C8008B42 261E8D41
	v_dual_fmac_f32 v37, v67, v69 :: v_dual_fmac_f32 v28, v68, v70// 000000007580: C8008B43 251C8D44
	v_dual_fmac_f32 v36, v68, v69 :: v_dual_fmac_f32 v29, v67, v70// 000000007588: C8008B44 241C8D43
	s_wait_dscnt 0x0                                           // 000000007590: BFC60000
	v_dual_fmac_f32 v27, v61, v71 :: v_dual_fmac_f32 v18, v62, v72// 000000007594: C8008F3D 1B12913E
	v_dual_fmac_f32 v26, v62, v71 :: v_dual_fmac_f32 v19, v61, v72// 00000000759C: C8008F3E 1A12913D
	v_dual_fmac_f32 v25, v63, v71 :: v_dual_fmac_f32 v16, v64, v72// 0000000075A4: C8008F3F 19109140
	v_dual_fmac_f32 v24, v64, v71 :: v_dual_fmac_f32 v17, v63, v72// 0000000075AC: C8008F40 1810913F
	v_dual_fmac_f32 v23, v65, v71 :: v_dual_fmac_f32 v14, v66, v72// 0000000075B4: C8008F41 170E9142
	v_dual_fmac_f32 v22, v66, v71 :: v_dual_fmac_f32 v15, v65, v72// 0000000075BC: C8008F42 160E9141
	v_dual_fmac_f32 v21, v67, v71 :: v_dual_fmac_f32 v2, v68, v72// 0000000075C4: C8008F43 15029144
	v_dual_fmac_f32 v20, v68, v71 :: v_dual_fmac_f32 v13, v67, v72// 0000000075CC: C8008F44 140C9143
	ds_load_2addr_b32 v[61:62], v57 offset0:128 offset1:144    // 0000000075D4: D8DC9080 3D000039
	ds_load_2addr_b32 v[63:64], v57 offset0:160 offset1:176    // 0000000075DC: D8DCB0A0 3F000039
	ds_load_2addr_b32 v[65:66], v57 offset0:192 offset1:208    // 0000000075E4: D8DCD0C0 41000039
	ds_load_2addr_b32 v[67:68], v57 offset0:224 offset1:240    // 0000000075EC: D8DCF0E0 43000039
	ds_load_2addr_b32 v[69:70], v56 offset0:192 offset1:208    // 0000000075F4: D8DCD0C0 45000038
	ds_load_2addr_b32 v[71:72], v56 offset0:224 offset1:240    // 0000000075FC: D8DCF0E0 47000038
	s_wait_dscnt 0x1                                           // 000000007604: BFC60001
	v_dual_fmac_f32 v45, v61, v69 :: v_dual_fmac_f32 v34, v62, v70// 000000007608: C8008B3D 2D228D3E
	v_dual_fmac_f32 v44, v62, v69 :: v_dual_fmac_f32 v35, v61, v70// 000000007610: C8008B3E 2C228D3D
	v_dual_fmac_f32 v43, v63, v69 :: v_dual_fmac_f32 v32, v64, v70// 000000007618: C8008B3F 2B208D40
	v_dual_fmac_f32 v42, v64, v69 :: v_dual_fmac_f32 v33, v63, v70// 000000007620: C8008B40 2A208D3F
	v_dual_fmac_f32 v39, v65, v69 :: v_dual_fmac_f32 v30, v66, v70// 000000007628: C8008B41 271E8D42
	v_dual_fmac_f32 v38, v66, v69 :: v_dual_fmac_f32 v31, v65, v70// 000000007630: C8008B42 261E8D41
	v_dual_fmac_f32 v37, v67, v69 :: v_dual_fmac_f32 v28, v68, v70// 000000007638: C8008B43 251C8D44
	v_dual_fmac_f32 v36, v68, v69 :: v_dual_fmac_f32 v29, v67, v70// 000000007640: C8008B44 241C8D43
	s_wait_dscnt 0x0                                           // 000000007648: BFC60000
	v_dual_fmac_f32 v27, v61, v71 :: v_dual_fmac_f32 v18, v62, v72// 00000000764C: C8008F3D 1B12913E
	v_dual_fmac_f32 v26, v62, v71 :: v_dual_fmac_f32 v19, v61, v72// 000000007654: C8008F3E 1A12913D
	v_dual_fmac_f32 v25, v63, v71 :: v_dual_fmac_f32 v16, v64, v72// 00000000765C: C8008F3F 19109140
	v_dual_fmac_f32 v24, v64, v71 :: v_dual_fmac_f32 v17, v63, v72// 000000007664: C8008F40 1810913F
	v_dual_fmac_f32 v23, v65, v71 :: v_dual_fmac_f32 v14, v66, v72// 00000000766C: C8008F41 170E9142
	v_dual_fmac_f32 v22, v66, v71 :: v_dual_fmac_f32 v15, v65, v72// 000000007674: C8008F42 160E9141
	v_dual_fmac_f32 v21, v67, v71 :: v_dual_fmac_f32 v2, v68, v72// 00000000767C: C8008F43 15029144
	v_dual_fmac_f32 v20, v68, v71 :: v_dual_fmac_f32 v13, v67, v72// 000000007684: C8008F44 140C9143
	ds_load_2addr_b32 v[61:62], v58 offset1:16                 // 00000000768C: D8DC1000 3D00003A
	ds_load_2addr_b32 v[63:64], v58 offset0:32 offset1:48      // 000000007694: D8DC3020 3F00003A
	ds_load_2addr_b32 v[65:66], v58 offset0:64 offset1:80      // 00000000769C: D8DC5040 4100003A
	ds_load_2addr_b32 v[67:68], v58 offset0:96 offset1:112     // 0000000076A4: D8DC7060 4300003A
	ds_load_2addr_b32 v[69:70], v59 offset1:16                 // 0000000076AC: D8DC1000 4500003B
	ds_load_2addr_b32 v[71:72], v59 offset0:32 offset1:48      // 0000000076B4: D8DC3020 4700003B
	s_wait_dscnt 0x1                                           // 0000000076BC: BFC60001
	v_dual_fmac_f32 v45, v61, v69 :: v_dual_fmac_f32 v34, v62, v70// 0000000076C0: C8008B3D 2D228D3E
	v_dual_fmac_f32 v44, v62, v69 :: v_dual_fmac_f32 v35, v61, v70// 0000000076C8: C8008B3E 2C228D3D
	v_dual_fmac_f32 v43, v63, v69 :: v_dual_fmac_f32 v32, v64, v70// 0000000076D0: C8008B3F 2B208D40
	v_dual_fmac_f32 v42, v64, v69 :: v_dual_fmac_f32 v33, v63, v70// 0000000076D8: C8008B40 2A208D3F
	v_dual_fmac_f32 v39, v65, v69 :: v_dual_fmac_f32 v30, v66, v70// 0000000076E0: C8008B41 271E8D42
	v_dual_fmac_f32 v38, v66, v69 :: v_dual_fmac_f32 v31, v65, v70// 0000000076E8: C8008B42 261E8D41
	v_dual_fmac_f32 v37, v67, v69 :: v_dual_fmac_f32 v28, v68, v70// 0000000076F0: C8008B43 251C8D44
	v_dual_fmac_f32 v36, v68, v69 :: v_dual_fmac_f32 v29, v67, v70// 0000000076F8: C8008B44 241C8D43
	s_wait_dscnt 0x0                                           // 000000007700: BFC60000
	v_dual_fmac_f32 v27, v61, v71 :: v_dual_fmac_f32 v18, v62, v72// 000000007704: C8008F3D 1B12913E
	v_dual_fmac_f32 v26, v62, v71 :: v_dual_fmac_f32 v19, v61, v72// 00000000770C: C8008F3E 1A12913D
	v_dual_fmac_f32 v25, v63, v71 :: v_dual_fmac_f32 v16, v64, v72// 000000007714: C8008F3F 19109140
	v_dual_fmac_f32 v24, v64, v71 :: v_dual_fmac_f32 v17, v63, v72// 00000000771C: C8008F40 1810913F
	v_dual_fmac_f32 v23, v65, v71 :: v_dual_fmac_f32 v14, v66, v72// 000000007724: C8008F41 170E9142
	v_dual_fmac_f32 v22, v66, v71 :: v_dual_fmac_f32 v15, v65, v72// 00000000772C: C8008F42 160E9141
	v_dual_fmac_f32 v21, v67, v71 :: v_dual_fmac_f32 v2, v68, v72// 000000007734: C8008F43 15029144
	v_dual_fmac_f32 v20, v68, v71 :: v_dual_fmac_f32 v13, v67, v72// 00000000773C: C8008F44 140C9143
	ds_load_2addr_b32 v[61:62], v58 offset0:128 offset1:144    // 000000007744: D8DC9080 3D00003A
	ds_load_2addr_b32 v[63:64], v58 offset0:160 offset1:176    // 00000000774C: D8DCB0A0 3F00003A
	ds_load_2addr_b32 v[65:66], v58 offset0:192 offset1:208    // 000000007754: D8DCD0C0 4100003A
	ds_load_2addr_b32 v[67:68], v58 offset0:224 offset1:240    // 00000000775C: D8DCF0E0 4300003A
	ds_load_2addr_b32 v[69:70], v59 offset0:64 offset1:80      // 000000007764: D8DC5040 4500003B
	ds_load_2addr_b32 v[71:72], v59 offset0:96 offset1:112     // 00000000776C: D8DC7060 4700003B
	s_wait_dscnt 0x1                                           // 000000007774: BFC60001
	v_dual_fmac_f32 v45, v61, v69 :: v_dual_fmac_f32 v34, v62, v70// 000000007778: C8008B3D 2D228D3E
	v_dual_fmac_f32 v44, v62, v69 :: v_dual_fmac_f32 v35, v61, v70// 000000007780: C8008B3E 2C228D3D
	v_dual_fmac_f32 v43, v63, v69 :: v_dual_fmac_f32 v32, v64, v70// 000000007788: C8008B3F 2B208D40
	v_dual_fmac_f32 v42, v64, v69 :: v_dual_fmac_f32 v33, v63, v70// 000000007790: C8008B40 2A208D3F
	v_dual_fmac_f32 v39, v65, v69 :: v_dual_fmac_f32 v30, v66, v70// 000000007798: C8008B41 271E8D42
	v_dual_fmac_f32 v38, v66, v69 :: v_dual_fmac_f32 v31, v65, v70// 0000000077A0: C8008B42 261E8D41
	v_dual_fmac_f32 v37, v67, v69 :: v_dual_fmac_f32 v28, v68, v70// 0000000077A8: C8008B43 251C8D44
	v_dual_fmac_f32 v36, v68, v69 :: v_dual_fmac_f32 v29, v67, v70// 0000000077B0: C8008B44 241C8D43
	s_wait_dscnt 0x0                                           // 0000000077B8: BFC60000
	v_dual_fmac_f32 v27, v61, v71 :: v_dual_fmac_f32 v18, v62, v72// 0000000077BC: C8008F3D 1B12913E
	v_dual_fmac_f32 v26, v62, v71 :: v_dual_fmac_f32 v19, v61, v72// 0000000077C4: C8008F3E 1A12913D
	v_dual_fmac_f32 v25, v63, v71 :: v_dual_fmac_f32 v16, v64, v72// 0000000077CC: C8008F3F 19109140
	v_dual_fmac_f32 v24, v64, v71 :: v_dual_fmac_f32 v17, v63, v72// 0000000077D4: C8008F40 1810913F
	v_dual_fmac_f32 v23, v65, v71 :: v_dual_fmac_f32 v14, v66, v72// 0000000077DC: C8008F41 170E9142
	v_dual_fmac_f32 v22, v66, v71 :: v_dual_fmac_f32 v15, v65, v72// 0000000077E4: C8008F42 160E9141
	v_dual_fmac_f32 v21, v67, v71 :: v_dual_fmac_f32 v2, v68, v72// 0000000077EC: C8008F43 15029144
	v_dual_fmac_f32 v20, v68, v71 :: v_dual_fmac_f32 v13, v67, v72// 0000000077F4: C8008F44 140C9143
	ds_load_2addr_b32 v[61:62], v60 offset1:16                 // 0000000077FC: D8DC1000 3D00003C
	ds_load_2addr_b32 v[63:64], v60 offset0:32 offset1:48      // 000000007804: D8DC3020 3F00003C
	ds_load_2addr_b32 v[65:66], v60 offset0:64 offset1:80      // 00000000780C: D8DC5040 4100003C
	ds_load_2addr_b32 v[67:68], v60 offset0:96 offset1:112     // 000000007814: D8DC7060 4300003C
	ds_load_2addr_b32 v[69:70], v59 offset0:128 offset1:144    // 00000000781C: D8DC9080 4500003B
	ds_load_2addr_b32 v[71:72], v59 offset0:160 offset1:176    // 000000007824: D8DCB0A0 4700003B
	s_wait_dscnt 0x1                                           // 00000000782C: BFC60001
	v_dual_fmac_f32 v45, v61, v69 :: v_dual_fmac_f32 v34, v62, v70// 000000007830: C8008B3D 2D228D3E
	v_dual_fmac_f32 v44, v62, v69 :: v_dual_fmac_f32 v35, v61, v70// 000000007838: C8008B3E 2C228D3D
	v_dual_fmac_f32 v43, v63, v69 :: v_dual_fmac_f32 v32, v64, v70// 000000007840: C8008B3F 2B208D40
	v_dual_fmac_f32 v42, v64, v69 :: v_dual_fmac_f32 v33, v63, v70// 000000007848: C8008B40 2A208D3F
	v_dual_fmac_f32 v39, v65, v69 :: v_dual_fmac_f32 v30, v66, v70// 000000007850: C8008B41 271E8D42
	v_dual_fmac_f32 v38, v66, v69 :: v_dual_fmac_f32 v31, v65, v70// 000000007858: C8008B42 261E8D41
	v_dual_fmac_f32 v37, v67, v69 :: v_dual_fmac_f32 v28, v68, v70// 000000007860: C8008B43 251C8D44
	v_dual_fmac_f32 v36, v68, v69 :: v_dual_fmac_f32 v29, v67, v70// 000000007868: C8008B44 241C8D43
	s_wait_dscnt 0x0                                           // 000000007870: BFC60000
	v_dual_fmac_f32 v27, v61, v71 :: v_dual_fmac_f32 v18, v62, v72// 000000007874: C8008F3D 1B12913E
	v_dual_fmac_f32 v26, v62, v71 :: v_dual_fmac_f32 v19, v61, v72// 00000000787C: C8008F3E 1A12913D
	v_dual_fmac_f32 v25, v63, v71 :: v_dual_fmac_f32 v16, v64, v72// 000000007884: C8008F3F 19109140
	v_dual_fmac_f32 v24, v64, v71 :: v_dual_fmac_f32 v17, v63, v72// 00000000788C: C8008F40 1810913F
	v_dual_fmac_f32 v23, v65, v71 :: v_dual_fmac_f32 v14, v66, v72// 000000007894: C8008F41 170E9142
	v_dual_fmac_f32 v22, v66, v71 :: v_dual_fmac_f32 v15, v65, v72// 00000000789C: C8008F42 160E9141
	v_dual_fmac_f32 v21, v67, v71 :: v_dual_fmac_f32 v2, v68, v72// 0000000078A4: C8008F43 15029144
	v_dual_fmac_f32 v20, v68, v71 :: v_dual_fmac_f32 v13, v67, v72// 0000000078AC: C8008F44 140C9143
	ds_load_2addr_b32 v[61:62], v60 offset0:128 offset1:144    // 0000000078B4: D8DC9080 3D00003C
	ds_load_2addr_b32 v[63:64], v60 offset0:160 offset1:176    // 0000000078BC: D8DCB0A0 3F00003C
	ds_load_2addr_b32 v[65:66], v60 offset0:192 offset1:208    // 0000000078C4: D8DCD0C0 4100003C
	ds_load_2addr_b32 v[67:68], v60 offset0:224 offset1:240    // 0000000078CC: D8DCF0E0 4300003C
	ds_load_2addr_b32 v[69:70], v59 offset0:192 offset1:208    // 0000000078D4: D8DCD0C0 4500003B
	ds_load_2addr_b32 v[71:72], v59 offset0:224 offset1:240    // 0000000078DC: D8DCF0E0 4700003B
	s_wait_dscnt 0x1                                           // 0000000078E4: BFC60001
	v_dual_fmac_f32 v45, v61, v69 :: v_dual_fmac_f32 v34, v62, v70// 0000000078E8: C8008B3D 2D228D3E
	v_dual_fmac_f32 v44, v62, v69 :: v_dual_fmac_f32 v35, v61, v70// 0000000078F0: C8008B3E 2C228D3D
	v_dual_fmac_f32 v43, v63, v69 :: v_dual_fmac_f32 v32, v64, v70// 0000000078F8: C8008B3F 2B208D40
	v_dual_fmac_f32 v42, v64, v69 :: v_dual_fmac_f32 v33, v63, v70// 000000007900: C8008B40 2A208D3F
	v_dual_fmac_f32 v39, v65, v69 :: v_dual_fmac_f32 v30, v66, v70// 000000007908: C8008B41 271E8D42
	v_dual_fmac_f32 v38, v66, v69 :: v_dual_fmac_f32 v31, v65, v70// 000000007910: C8008B42 261E8D41
	v_dual_fmac_f32 v37, v67, v69 :: v_dual_fmac_f32 v28, v68, v70// 000000007918: C8008B43 251C8D44
	v_dual_fmac_f32 v36, v68, v69 :: v_dual_fmac_f32 v29, v67, v70// 000000007920: C8008B44 241C8D43
	s_wait_dscnt 0x0                                           // 000000007928: BFC60000
	v_dual_fmac_f32 v27, v61, v71 :: v_dual_fmac_f32 v18, v62, v72// 00000000792C: C8008F3D 1B12913E
	v_dual_fmac_f32 v26, v62, v71 :: v_dual_fmac_f32 v19, v61, v72// 000000007934: C8008F3E 1A12913D
	v_dual_fmac_f32 v25, v63, v71 :: v_dual_fmac_f32 v16, v64, v72// 00000000793C: C8008F3F 19109140
	v_dual_fmac_f32 v24, v64, v71 :: v_dual_fmac_f32 v17, v63, v72// 000000007944: C8008F40 1810913F
	v_dual_fmac_f32 v23, v65, v71 :: v_dual_fmac_f32 v14, v66, v72// 00000000794C: C8008F41 170E9142
	v_dual_fmac_f32 v22, v66, v71 :: v_dual_fmac_f32 v15, v65, v72// 000000007954: C8008F42 160E9141
	v_dual_fmac_f32 v21, v67, v71 :: v_dual_fmac_f32 v2, v68, v72// 00000000795C: C8008F43 15029144
	v_dual_fmac_f32 v20, v68, v71 :: v_dual_fmac_f32 v13, v67, v72// 000000007964: C8008F44 140C9143
	s_cbranch_scc1 65055                                       // 00000000796C: BFA2FE1F <Cijk_Ailk_Bljk_SB_MT128x64x8_SN_1LDSB0_APM1_ABV0_ACED0_AF0EM1_AF1EM1_AMAS0_ASE_ASGT_ASLT_ASM_ASAE01_ASCE01_ASEM1_AAC0_BL0_BS1_CLR0_DTLA0_DTLB0_DTVA0_DTVB0_DVO0_ETSP_EPS0_ELFLR0_EMLL0_FSSC10_FL0_GLVWA1_GLVWB1_GRCGA1_GRCGB1_GRPM1_GRVW1_GSU1_GSUASB_GLS0_ISA000_IU1_K1_KLS_LBSPPA0_LBSPPB0_LPA0_LPB0_LDL1_LRVW1_LWPMn1_LDW0_FMA_MIAV0_MDA2_MO40_MMFSC_MKFGSU256_NTA0_NTB0_NTC0_NTD0_NEPBS0_NLCA1_NLCB1_ONLL1_OPLV0_PK0_PAP0_PGR0_PLR0_PKA0_SIA1_SLW1_SS0_SU32_SUM0_SUS256_SCIUI1_SPO0_SRVW0_SSO0_SVW4_SNLL0_TSGRA0_TSGRB0_TT8_4_TLDS0_UMLDSA0_UMLDSB0_U64SL1_USFGRO0_VAW1_VS1_VW1_VWB1_VFLRP0_WSGRA0_WSGRB0_WS64_WG16_16_1_WGM8+0x5ec>
	s_branch 31                                                // 000000007970: BFA0001F <Cijk_Ailk_Bljk_SB_MT128x64x8_SN_1LDSB0_APM1_ABV0_ACED0_AF0EM1_AF1EM1_AMAS0_ASE_ASGT_ASLT_ASM_ASAE01_ASCE01_ASEM1_AAC0_BL0_BS1_CLR0_DTLA0_DTLB0_DTVA0_DTVB0_DVO0_ETSP_EPS0_ELFLR0_EMLL0_FSSC10_FL0_GLVWA1_GLVWB1_GRCGA1_GRCGB1_GRPM1_GRVW1_GSU1_GSUASB_GLS0_ISA000_IU1_K1_KLS_LBSPPA0_LBSPPB0_LPA0_LPB0_LDL1_LRVW1_LWPMn1_LDW0_FMA_MIAV0_MDA2_MO40_MMFSC_MKFGSU256_NTA0_NTB0_NTC0_NTD0_NEPBS0_NLCA1_NLCB1_ONLL1_OPLV0_PK0_PAP0_PGR0_PLR0_PKA0_SIA1_SLW1_SS0_SU32_SUM0_SUS256_SCIUI1_SPO0_SRVW0_SSO0_SVW4_SNLL0_TSGRA0_TSGRB0_TT8_4_TLDS0_UMLDSA0_UMLDSB0_U64SL1_USFGRO0_VAW1_VS1_VW1_VWB1_VFLRP0_WSGRA0_WSGRB0_WS64_WG16_16_1_WGM8+0xdf0>
	v_dual_mov_b32 v13, 0 :: v_dual_mov_b32 v14, 0             // 000000007974: CA100080 0D0E0080
	v_dual_mov_b32 v15, 0 :: v_dual_mov_b32 v16, 0             // 00000000797C: CA100080 0F100080
	v_dual_mov_b32 v17, 0 :: v_dual_mov_b32 v18, 0             // 000000007984: CA100080 11120080
	v_dual_mov_b32 v19, 0 :: v_dual_mov_b32 v20, 0             // 00000000798C: CA100080 13140080
	v_dual_mov_b32 v21, 0 :: v_dual_mov_b32 v22, 0             // 000000007994: CA100080 15160080
	v_dual_mov_b32 v23, 0 :: v_dual_mov_b32 v24, 0             // 00000000799C: CA100080 17180080
	v_dual_mov_b32 v25, 0 :: v_dual_mov_b32 v26, 0             // 0000000079A4: CA100080 191A0080
	v_dual_mov_b32 v27, 0 :: v_dual_mov_b32 v28, 0             // 0000000079AC: CA100080 1B1C0080
	v_dual_mov_b32 v29, 0 :: v_dual_mov_b32 v30, 0             // 0000000079B4: CA100080 1D1E0080
	v_dual_mov_b32 v31, 0 :: v_dual_mov_b32 v32, 0             // 0000000079BC: CA100080 1F200080
	v_dual_mov_b32 v33, 0 :: v_dual_mov_b32 v34, 0             // 0000000079C4: CA100080 21220080
	v_dual_mov_b32 v35, 0 :: v_dual_mov_b32 v36, 0             // 0000000079CC: CA100080 23240080
	v_dual_mov_b32 v37, 0 :: v_dual_mov_b32 v38, 0             // 0000000079D4: CA100080 25260080
	v_dual_mov_b32 v39, 0 :: v_dual_mov_b32 v42, 0             // 0000000079DC: CA100080 272A0080
	v_dual_mov_b32 v43, 0 :: v_dual_mov_b32 v44, 0             // 0000000079E4: CA100080 2B2C0080
	v_mov_b32_e32 v45, 0                                       // 0000000079EC: 7E5A0280
	s_and_b32 s5, s18, 7                                       // 0000000079F0: 8B058712
	s_wait_alu 0xfffe                                          // 0000000079F4: BF88FFFE
	s_sub_co_i32 s2, s4, s2                                    // 0000000079F8: 81820204
	v_cmp_gt_u32_e32 vcc_lo, s5, v48                           // 0000000079FC: 7C986005
	v_dual_mov_b32 v48, 0 :: v_dual_mov_b32 v55, 0             // 000000007A00: CA100080 30360080
	s_mov_b32 s3, 0                                            // 000000007A08: BE830080
	s_wait_alu 0xfffe                                          // 000000007A0C: BF88FFFE
	s_mul_u64 s[0:1], s[0:1], s[2:3]                           // 000000007A10: AA800200
	s_and_saveexec_b32 s4, vcc_lo                              // 000000007A14: BE84206A
	s_cbranch_execz 11                                         // 000000007A18: BFA5000B <Cijk_Ailk_Bljk_SB_MT128x64x8_SN_1LDSB0_APM1_ABV0_ACED0_AF0EM1_AF1EM1_AMAS0_ASE_ASGT_ASLT_ASM_ASAE01_ASCE01_ASEM1_AAC0_BL0_BS1_CLR0_DTLA0_DTLB0_DTVA0_DTVB0_DVO0_ETSP_EPS0_ELFLR0_EMLL0_FSSC10_FL0_GLVWA1_GLVWB1_GRCGA1_GRCGB1_GRPM1_GRVW1_GSU1_GSUASB_GLS0_ISA000_IU1_K1_KLS_LBSPPA0_LBSPPB0_LPA0_LPB0_LDL1_LRVW1_LWPMn1_LDW0_FMA_MIAV0_MDA2_MO40_MMFSC_MKFGSU256_NTA0_NTB0_NTC0_NTD0_NEPBS0_NLCA1_NLCB1_ONLL1_OPLV0_PK0_PAP0_PGR0_PLR0_PKA0_SIA1_SLW1_SS0_SU32_SUM0_SUS256_SCIUI1_SPO0_SRVW0_SSO0_SVW4_SNLL0_TSGRA0_TSGRB0_TT8_4_TLDS0_UMLDSA0_UMLDSB0_U64SL1_USFGRO0_VAW1_VS1_VW1_VWB1_VFLRP0_WSGRA0_WSGRB0_WS64_WG16_16_1_WGM8+0xe48>
	s_wait_alu 0xfffe                                          // 000000007A1C: BF88FFFE
	s_lshl_b64 s[6:7], s[0:1], 2                               // 000000007A20: 84868200
	s_delay_alu instid0(SALU_CYCLE_1)                          // 000000007A24: BF870009
	v_add_co_u32 v11, vcc_lo, v11, s6                          // 000000007A28: D7006A0B 00000D0B
	s_wait_alu 0xfffd                                          // 000000007A30: BF88FFFD
	v_add_co_ci_u32_e64 v12, null, s7, v12, vcc_lo             // 000000007A34: D5207C0C 01AA1807
	global_load_b32 v55, v[11:12], off                         // 000000007A3C: EE05007C 00000037 0000000B
	s_wait_alu 0xfffe                                          // 000000007A48: BF88FFFE
	s_or_b32 exec_lo, exec_lo, s4                              // 000000007A4C: 8C7E047E
	s_delay_alu instid0(SALU_CYCLE_1)                          // 000000007A50: BF870009
	s_mov_b32 s4, exec_lo                                      // 000000007A54: BE84007E
	v_cmpx_gt_u32_e64 s5, v51                                  // 000000007A58: D4CC007E 00026605
	s_cbranch_execz 10                                         // 000000007A60: BFA5000A <Cijk_Ailk_Bljk_SB_MT128x64x8_SN_1LDSB0_APM1_ABV0_ACED0_AF0EM1_AF1EM1_AMAS0_ASE_ASGT_ASLT_ASM_ASAE01_ASCE01_ASEM1_AAC0_BL0_BS1_CLR0_DTLA0_DTLB0_DTVA0_DTVB0_DVO0_ETSP_EPS0_ELFLR0_EMLL0_FSSC10_FL0_GLVWA1_GLVWB1_GRCGA1_GRCGB1_GRPM1_GRVW1_GSU1_GSUASB_GLS0_ISA000_IU1_K1_KLS_LBSPPA0_LBSPPB0_LPA0_LPB0_LDL1_LRVW1_LWPMn1_LDW0_FMA_MIAV0_MDA2_MO40_MMFSC_MKFGSU256_NTA0_NTB0_NTC0_NTD0_NEPBS0_NLCA1_NLCB1_ONLL1_OPLV0_PK0_PAP0_PGR0_PLR0_PKA0_SIA1_SLW1_SS0_SU32_SUM0_SUS256_SCIUI1_SPO0_SRVW0_SSO0_SVW4_SNLL0_TSGRA0_TSGRB0_TT8_4_TLDS0_UMLDSA0_UMLDSB0_U64SL1_USFGRO0_VAW1_VS1_VW1_VWB1_VFLRP0_WSGRA0_WSGRB0_WS64_WG16_16_1_WGM8+0xe8c>
	s_lshl_b64 s[6:7], s[0:1], 2                               // 000000007A64: 84868200
	s_wait_alu 0xfffe                                          // 000000007A68: BF88FFFE
	v_add_co_u32 v9, vcc_lo, v9, s6                            // 000000007A6C: D7006A09 00000D09
	s_wait_alu 0xfffd                                          // 000000007A74: BF88FFFD
	v_add_co_ci_u32_e64 v10, null, s7, v10, vcc_lo             // 000000007A78: D5207C0A 01AA1407
	global_load_b32 v48, v[9:10], off                          // 000000007A80: EE05007C 00000030 00000009
	s_wait_alu 0xfffe                                          // 000000007A8C: BF88FFFE
	s_or_b32 exec_lo, exec_lo, s4                              // 000000007A90: 8C7E047E
	v_dual_mov_b32 v9, 0 :: v_dual_mov_b32 v10, 0              // 000000007A94: CA100080 090A0080
	s_mov_b32 s4, exec_lo                                      // 000000007A9C: BE84007E
	v_cmpx_gt_u32_e64 s5, v50                                  // 000000007AA0: D4CC007E 00026405
	s_cbranch_execz 10                                         // 000000007AA8: BFA5000A <Cijk_Ailk_Bljk_SB_MT128x64x8_SN_1LDSB0_APM1_ABV0_ACED0_AF0EM1_AF1EM1_AMAS0_ASE_ASGT_ASLT_ASM_ASAE01_ASCE01_ASEM1_AAC0_BL0_BS1_CLR0_DTLA0_DTLB0_DTVA0_DTVB0_DVO0_ETSP_EPS0_ELFLR0_EMLL0_FSSC10_FL0_GLVWA1_GLVWB1_GRCGA1_GRCGB1_GRPM1_GRVW1_GSU1_GSUASB_GLS0_ISA000_IU1_K1_KLS_LBSPPA0_LBSPPB0_LPA0_LPB0_LDL1_LRVW1_LWPMn1_LDW0_FMA_MIAV0_MDA2_MO40_MMFSC_MKFGSU256_NTA0_NTB0_NTC0_NTD0_NEPBS0_NLCA1_NLCB1_ONLL1_OPLV0_PK0_PAP0_PGR0_PLR0_PKA0_SIA1_SLW1_SS0_SU32_SUM0_SUS256_SCIUI1_SPO0_SRVW0_SSO0_SVW4_SNLL0_TSGRA0_TSGRB0_TT8_4_TLDS0_UMLDSA0_UMLDSB0_U64SL1_USFGRO0_VAW1_VS1_VW1_VWB1_VFLRP0_WSGRA0_WSGRB0_WS64_WG16_16_1_WGM8+0xed4>
	s_lshl_b64 s[6:7], s[0:1], 2                               // 000000007AAC: 84868200
	s_wait_alu 0xfffe                                          // 000000007AB0: BF88FFFE
	v_add_co_u32 v7, vcc_lo, v7, s6                            // 000000007AB4: D7006A07 00000D07
	s_wait_alu 0xfffd                                          // 000000007ABC: BF88FFFD
	v_add_co_ci_u32_e64 v8, null, s7, v8, vcc_lo               // 000000007AC0: D5207C08 01AA1007
	global_load_b32 v10, v[7:8], off                           // 000000007AC8: EE05007C 0000000A 00000007
	s_wait_alu 0xfffe                                          // 000000007AD4: BF88FFFE
	s_or_b32 exec_lo, exec_lo, s4                              // 000000007AD8: 8C7E047E
	s_delay_alu instid0(SALU_CYCLE_1)                          // 000000007ADC: BF870009
	s_mov_b32 s4, exec_lo                                      // 000000007AE0: BE84007E
	v_cmpx_gt_u32_e64 s5, v49                                  // 000000007AE4: D4CC007E 00026205
	s_cbranch_execz 10                                         // 000000007AEC: BFA5000A <Cijk_Ailk_Bljk_SB_MT128x64x8_SN_1LDSB0_APM1_ABV0_ACED0_AF0EM1_AF1EM1_AMAS0_ASE_ASGT_ASLT_ASM_ASAE01_ASCE01_ASEM1_AAC0_BL0_BS1_CLR0_DTLA0_DTLB0_DTVA0_DTVB0_DVO0_ETSP_EPS0_ELFLR0_EMLL0_FSSC10_FL0_GLVWA1_GLVWB1_GRCGA1_GRCGB1_GRPM1_GRVW1_GSU1_GSUASB_GLS0_ISA000_IU1_K1_KLS_LBSPPA0_LBSPPB0_LPA0_LPB0_LDL1_LRVW1_LWPMn1_LDW0_FMA_MIAV0_MDA2_MO40_MMFSC_MKFGSU256_NTA0_NTB0_NTC0_NTD0_NEPBS0_NLCA1_NLCB1_ONLL1_OPLV0_PK0_PAP0_PGR0_PLR0_PKA0_SIA1_SLW1_SS0_SU32_SUM0_SUS256_SCIUI1_SPO0_SRVW0_SSO0_SVW4_SNLL0_TSGRA0_TSGRB0_TT8_4_TLDS0_UMLDSA0_UMLDSB0_U64SL1_USFGRO0_VAW1_VS1_VW1_VWB1_VFLRP0_WSGRA0_WSGRB0_WS64_WG16_16_1_WGM8+0xf18>
	s_lshl_b64 s[0:1], s[0:1], 2                               // 000000007AF0: 84808200
	s_wait_alu 0xfffe                                          // 000000007AF4: BF88FFFE
	v_add_co_u32 v5, vcc_lo, v5, s0                            // 000000007AF8: D7006A05 00000105
	s_wait_alu 0xfffd                                          // 000000007B00: BF88FFFD
	v_add_co_ci_u32_e64 v6, null, s1, v6, vcc_lo               // 000000007B04: D5207C06 01AA0C01
	global_load_b32 v9, v[5:6], off                            // 000000007B0C: EE05007C 00000009 00000005
	s_wait_alu 0xfffe                                          // 000000007B18: BF88FFFE
	s_or_b32 exec_lo, exec_lo, s4                              // 000000007B1C: 8C7E047E
	v_cmp_gt_u32_e32 vcc_lo, s5, v47                           // 000000007B20: 7C985E05
	v_dual_mov_b32 v5, 0 :: v_dual_mov_b32 v6, 0               // 000000007B24: CA100080 05060080
	s_lshl_b64 s[2:3], s[2:3], 3                               // 000000007B2C: 84828302
	s_and_saveexec_b32 s1, vcc_lo                              // 000000007B30: BE81206A
	s_cbranch_execz 11                                         // 000000007B34: BFA5000B <Cijk_Ailk_Bljk_SB_MT128x64x8_SN_1LDSB0_APM1_ABV0_ACED0_AF0EM1_AF1EM1_AMAS0_ASE_ASGT_ASLT_ASM_ASAE01_ASCE01_ASEM1_AAC0_BL0_BS1_CLR0_DTLA0_DTLB0_DTVA0_DTVB0_DVO0_ETSP_EPS0_ELFLR0_EMLL0_FSSC10_FL0_GLVWA1_GLVWB1_GRCGA1_GRCGB1_GRPM1_GRVW1_GSU1_GSUASB_GLS0_ISA000_IU1_K1_KLS_LBSPPA0_LBSPPB0_LPA0_LPB0_LDL1_LRVW1_LWPMn1_LDW0_FMA_MIAV0_MDA2_MO40_MMFSC_MKFGSU256_NTA0_NTB0_NTC0_NTD0_NEPBS0_NLCA1_NLCB1_ONLL1_OPLV0_PK0_PAP0_PGR0_PLR0_PKA0_SIA1_SLW1_SS0_SU32_SUM0_SUS256_SCIUI1_SPO0_SRVW0_SSO0_SVW4_SNLL0_TSGRA0_TSGRB0_TT8_4_TLDS0_UMLDSA0_UMLDSB0_U64SL1_USFGRO0_VAW1_VS1_VW1_VWB1_VFLRP0_WSGRA0_WSGRB0_WS64_WG16_16_1_WGM8+0xf64>
	s_wait_alu 0xfffe                                          // 000000007B38: BF88FFFE
	s_lshl_b64 s[6:7], s[2:3], 2                               // 000000007B3C: 84868202
	s_wait_alu 0xfffe                                          // 000000007B40: BF88FFFE
	v_add_co_u32 v3, s0, v3, s6                                // 000000007B44: D7000003 00000D03
	s_wait_alu 0xf1ff                                          // 000000007B4C: BF88F1FF
	v_add_co_ci_u32_e64 v4, null, s7, v4, s0                   // 000000007B50: D5207C04 00020807
	global_load_b32 v6, v[3:4], off                            // 000000007B58: EE05007C 00000006 00000003
	s_wait_alu 0xfffe                                          // 000000007B64: BF88FFFE
	s_or_b32 exec_lo, exec_lo, s1                              // 000000007B68: 8C7E017E
	s_and_saveexec_b32 s0, vcc_lo                              // 000000007B6C: BE80206A
	s_cbranch_execz 10                                         // 000000007B70: BFA5000A <Cijk_Ailk_Bljk_SB_MT128x64x8_SN_1LDSB0_APM1_ABV0_ACED0_AF0EM1_AF1EM1_AMAS0_ASE_ASGT_ASLT_ASM_ASAE01_ASCE01_ASEM1_AAC0_BL0_BS1_CLR0_DTLA0_DTLB0_DTVA0_DTVB0_DVO0_ETSP_EPS0_ELFLR0_EMLL0_FSSC10_FL0_GLVWA1_GLVWB1_GRCGA1_GRCGB1_GRPM1_GRVW1_GSU1_GSUASB_GLS0_ISA000_IU1_K1_KLS_LBSPPA0_LBSPPB0_LPA0_LPB0_LDL1_LRVW1_LWPMn1_LDW0_FMA_MIAV0_MDA2_MO40_MMFSC_MKFGSU256_NTA0_NTB0_NTC0_NTD0_NEPBS0_NLCA1_NLCB1_ONLL1_OPLV0_PK0_PAP0_PGR0_PLR0_PKA0_SIA1_SLW1_SS0_SU32_SUM0_SUS256_SCIUI1_SPO0_SRVW0_SSO0_SVW4_SNLL0_TSGRA0_TSGRB0_TT8_4_TLDS0_UMLDSA0_UMLDSB0_U64SL1_USFGRO0_VAW1_VS1_VW1_VWB1_VFLRP0_WSGRA0_WSGRB0_WS64_WG16_16_1_WGM8+0xf9c>
	s_lshl_b64 s[2:3], s[2:3], 2                               // 000000007B74: 84828202
	s_wait_alu 0xfffe                                          // 000000007B78: BF88FFFE
	v_add_co_u32 v0, vcc_lo, v0, s2                            // 000000007B7C: D7006A00 00000500
	s_wait_alu 0xfffd                                          // 000000007B84: BF88FFFD
	v_add_co_ci_u32_e64 v1, null, s3, v1, vcc_lo               // 000000007B88: D5207C01 01AA0203
	global_load_b32 v5, v[0:1], off                            // 000000007B90: EE05007C 00000005 00000000
	s_wait_alu 0xfffe                                          // 000000007B9C: BF88FFFE
	s_or_b32 exec_lo, exec_lo, s0                              // 000000007BA0: 8C7E007E
	v_add_nc_u32_e32 v0, 0x1000, v54                           // 000000007BA4: 4A006CFF 00001000
	s_cmp_eq_u32 s5, 0                                         // 000000007BAC: BF068005
	s_wait_loadcnt 0x0                                         // 000000007BB0: BFC00000
	s_barrier_signal -1                                        // 000000007BB4: BE804EC1
	s_barrier_wait 0xffff                                      // 000000007BB8: BF94FFFF
	global_inv scope:SCOPE_SE                                  // 000000007BBC: EE0AC07C 00040000 00000000
	ds_store_2addr_stride64_b32 v52, v55, v48 offset1:4        // 000000007BC8: D83C0400 00303734
	ds_store_2addr_stride64_b32 v52, v10, v9 offset0:8 offset1:12// 000000007BD0: D83C0C08 00090A34
	ds_store_2addr_b32 v0, v6, v5 offset1:32                   // 000000007BD8: D8382000 00050600
	s_wait_loadcnt_dscnt 0x0                                   // 000000007BE0: BFC80000
	s_barrier_signal -1                                        // 000000007BE4: BE804EC1
	s_barrier_wait 0xffff                                      // 000000007BE8: BF94FFFF
	global_inv scope:SCOPE_SE                                  // 000000007BEC: EE0AC07C 00040000 00000000
	s_cbranch_scc1 61                                          // 000000007BF8: BFA2003D <Cijk_Ailk_Bljk_SB_MT128x64x8_SN_1LDSB0_APM1_ABV0_ACED0_AF0EM1_AF1EM1_AMAS0_ASE_ASGT_ASLT_ASM_ASAE01_ASCE01_ASEM1_AAC0_BL0_BS1_CLR0_DTLA0_DTLB0_DTVA0_DTVB0_DVO0_ETSP_EPS0_ELFLR0_EMLL0_FSSC10_FL0_GLVWA1_GLVWB1_GRCGA1_GRCGB1_GRPM1_GRVW1_GSU1_GSUASB_GLS0_ISA000_IU1_K1_KLS_LBSPPA0_LBSPPB0_LPA0_LPB0_LDL1_LRVW1_LWPMn1_LDW0_FMA_MIAV0_MDA2_MO40_MMFSC_MKFGSU256_NTA0_NTB0_NTC0_NTD0_NEPBS0_NLCA1_NLCB1_ONLL1_OPLV0_PK0_PAP0_PGR0_PLR0_PKA0_SIA1_SLW1_SS0_SU32_SUM0_SUS256_SCIUI1_SPO0_SRVW0_SSO0_SVW4_SNLL0_TSGRA0_TSGRB0_TT8_4_TLDS0_UMLDSA0_UMLDSB0_U64SL1_USFGRO0_VAW1_VS1_VW1_VWB1_VFLRP0_WSGRA0_WSGRB0_WS64_WG16_16_1_WGM8+0x10f0>
	v_or_b32_e32 v0, 0x1000, v53                               // 000000007BFC: 38006AFF 00001000
	s_add_co_i32 s0, s5, 1                                     // 000000007C04: 81008105
	ds_load_2addr_b32 v[3:4], v46 offset1:16                   // 000000007C08: D8DC1000 0300002E
	ds_load_2addr_b32 v[5:6], v0 offset1:16                    // 000000007C10: D8DC1000 05000000
	ds_load_2addr_b32 v[7:8], v46 offset0:32 offset1:48        // 000000007C18: D8DC3020 0700002E
	ds_load_2addr_b32 v[9:10], v46 offset0:64 offset1:80       // 000000007C20: D8DC5040 0900002E
	ds_load_2addr_b32 v[11:12], v46 offset0:96 offset1:112     // 000000007C28: D8DC7060 0B00002E
	ds_load_2addr_b32 v[47:48], v0 offset0:32 offset1:48       // 000000007C30: D8DC3020 2F000000
	v_add_nc_u32_e32 v46, 0x200, v46                           // 000000007C38: 4A5C5CFF 00000200
	v_add_nc_u32_e32 v0, 0x100, v0                             // 000000007C40: 4A0000FF 00000100
	s_wait_alu 0xfffe                                          // 000000007C48: BF88FFFE
	s_add_co_i32 s0, s0, -1                                    // 000000007C4C: 8100C100
	s_wait_alu 0xfffe                                          // 000000007C50: BF88FFFE
	s_cmp_gt_u32 s0, 1                                         // 000000007C54: BF088100
	s_wait_dscnt 0x4                                           // 000000007C58: BFC60004
	v_fmac_f32_e32 v45, v3, v5                                 // 000000007C5C: 565A0B03
	v_dual_fmac_f32 v44, v4, v5 :: v_dual_fmac_f32 v35, v3, v6 // 000000007C60: C8000B04 2C220D03
	s_wait_dscnt 0x3                                           // 000000007C68: BFC60003
	v_fmac_f32_e32 v43, v7, v5                                 // 000000007C6C: 56560B07
	v_dual_fmac_f32 v42, v8, v5 :: v_dual_fmac_f32 v33, v7, v6 // 000000007C70: C8000B08 2A200D07
	s_wait_dscnt 0x2                                           // 000000007C78: BFC60002
	v_dual_fmac_f32 v39, v9, v5 :: v_dual_fmac_f32 v34, v4, v6 // 000000007C7C: C8000B09 27220D04
	v_dual_fmac_f32 v38, v10, v5 :: v_dual_fmac_f32 v31, v9, v6// 000000007C84: C8000B0A 261E0D09
	s_wait_dscnt 0x1                                           // 000000007C8C: BFC60001
	v_dual_fmac_f32 v37, v11, v5 :: v_dual_fmac_f32 v32, v8, v6// 000000007C90: C8000B0B 25200D08
	v_dual_fmac_f32 v36, v12, v5 :: v_dual_fmac_f32 v29, v11, v6// 000000007C98: C8000B0C 241C0D0B
	s_wait_dscnt 0x0                                           // 000000007CA0: BFC60000
	v_dual_fmac_f32 v30, v10, v6 :: v_dual_fmac_f32 v27, v3, v47// 000000007CA4: C8000D0A 1E1A5F03
	v_dual_fmac_f32 v28, v12, v6 :: v_dual_fmac_f32 v25, v7, v47// 000000007CAC: C8000D0C 1C185F07
	v_dual_fmac_f32 v26, v4, v47 :: v_dual_fmac_f32 v19, v3, v48// 000000007CB4: C8005F04 1A126103
	v_dual_fmac_f32 v24, v8, v47 :: v_dual_fmac_f32 v17, v7, v48// 000000007CBC: C8005F08 18106107
	v_dual_fmac_f32 v23, v9, v47 :: v_dual_fmac_f32 v18, v4, v48// 000000007CC4: C8005F09 17126104
	v_dual_fmac_f32 v22, v10, v47 :: v_dual_fmac_f32 v15, v9, v48// 000000007CCC: C8005F0A 160E6109
	v_dual_fmac_f32 v21, v11, v47 :: v_dual_fmac_f32 v16, v8, v48// 000000007CD4: C8005F0B 15106108
	v_dual_fmac_f32 v20, v12, v47 :: v_dual_fmac_f32 v13, v11, v48// 000000007CDC: C8005F0C 140C610B
	v_fmac_f32_e32 v14, v10, v48                               // 000000007CE4: 561C610A
	v_fmac_f32_e32 v2, v12, v48                                // 000000007CE8: 5604610C
	s_cbranch_scc1 65478                                       // 000000007CEC: BFA2FFC6 <Cijk_Ailk_Bljk_SB_MT128x64x8_SN_1LDSB0_APM1_ABV0_ACED0_AF0EM1_AF1EM1_AMAS0_ASE_ASGT_ASLT_ASM_ASAE01_ASCE01_ASEM1_AAC0_BL0_BS1_CLR0_DTLA0_DTLB0_DTVA0_DTVB0_DVO0_ETSP_EPS0_ELFLR0_EMLL0_FSSC10_FL0_GLVWA1_GLVWB1_GRCGA1_GRCGB1_GRPM1_GRVW1_GSU1_GSUASB_GLS0_ISA000_IU1_K1_KLS_LBSPPA0_LBSPPB0_LPA0_LPB0_LDL1_LRVW1_LWPMn1_LDW0_FMA_MIAV0_MDA2_MO40_MMFSC_MKFGSU256_NTA0_NTB0_NTC0_NTD0_NEPBS0_NLCA1_NLCB1_ONLL1_OPLV0_PK0_PAP0_PGR0_PLR0_PKA0_SIA1_SLW1_SS0_SU32_SUM0_SUS256_SCIUI1_SPO0_SRVW0_SSO0_SVW4_SNLL0_TSGRA0_TSGRB0_TT8_4_TLDS0_UMLDSA0_UMLDSB0_U64SL1_USFGRO0_VAW1_VS1_VW1_VWB1_VFLRP0_WSGRA0_WSGRB0_WS64_WG16_16_1_WGM8+0x1008>
	v_or_b32_e32 v0, s28, v40                                  // 000000007CF0: 3800501C
	v_or_b32_e32 v5, s29, v41                                  // 000000007CF4: 380A521D
	s_delay_alu instid0(VALU_DEP_2) | instskip(NEXT) | instid1(VALU_DEP_2)// 000000007CF8: BF870112
	v_cmp_gt_u32_e64 s0, s38, v0                               // 000000007CFC: D44C0000 00020026
	v_cmp_gt_u32_e64 s8, s39, v5                               // 000000007D04: D44C0008 00020A27
	s_and_b32 s2, s0, s8                                       // 000000007D0C: 8B020800
	s_wait_alu 0xfffe                                          // 000000007D10: BF88FFFE
	s_and_saveexec_b32 s1, s2                                  // 000000007D14: BE812002
	s_cbranch_execz 69                                         // 000000007D18: BFA50045 <Cijk_Ailk_Bljk_SB_MT128x64x8_SN_1LDSB0_APM1_ABV0_ACED0_AF0EM1_AF1EM1_AMAS0_ASE_ASGT_ASLT_ASM_ASAE01_ASCE01_ASEM1_AAC0_BL0_BS1_CLR0_DTLA0_DTLB0_DTVA0_DTVB0_DVO0_ETSP_EPS0_ELFLR0_EMLL0_FSSC10_FL0_GLVWA1_GLVWB1_GRCGA1_GRCGB1_GRPM1_GRVW1_GSU1_GSUASB_GLS0_ISA000_IU1_K1_KLS_LBSPPA0_LBSPPB0_LPA0_LPB0_LDL1_LRVW1_LWPMn1_LDW0_FMA_MIAV0_MDA2_MO40_MMFSC_MKFGSU256_NTA0_NTB0_NTC0_NTD0_NEPBS0_NLCA1_NLCB1_ONLL1_OPLV0_PK0_PAP0_PGR0_PLR0_PKA0_SIA1_SLW1_SS0_SU32_SUM0_SUS256_SCIUI1_SPO0_SRVW0_SSO0_SVW4_SNLL0_TSGRA0_TSGRB0_TT8_4_TLDS0_UMLDSA0_UMLDSB0_U64SL1_USFGRO0_VAW1_VS1_VW1_VWB1_VFLRP0_WSGRA0_WSGRB0_WS64_WG16_16_1_WGM8+0x1230>
	v_mov_b32_e32 v1, 0                                        // 000000007D1C: 7E020280
	s_cmp_eq_f32 s21, 0                                        // 000000007D20: BF428015
	s_mov_b32 s3, 0                                            // 000000007D24: BE830080
	s_delay_alu instid0(VALU_DEP_1)                            // 000000007D28: BF870001
	v_lshlrev_b64_e32 v[3:4], 2, v[0:1]                        // 000000007D2C: 3E060082
	v_mul_f32_e32 v1, s20, v45                                 // 000000007D30: 10025A14
	s_cbranch_scc1 32                                          // 000000007D34: BFA20020 <Cijk_Ailk_Bljk_SB_MT128x64x8_SN_1LDSB0_APM1_ABV0_ACED0_AF0EM1_AF1EM1_AMAS0_ASE_ASGT_ASLT_ASM_ASAE01_ASCE01_ASEM1_AAC0_BL0_BS1_CLR0_DTLA0_DTLB0_DTVA0_DTVB0_DVO0_ETSP_EPS0_ELFLR0_EMLL0_FSSC10_FL0_GLVWA1_GLVWB1_GRCGA1_GRCGB1_GRPM1_GRVW1_GSU1_GSUASB_GLS0_ISA000_IU1_K1_KLS_LBSPPA0_LBSPPB0_LPA0_LPB0_LDL1_LRVW1_LWPMn1_LDW0_FMA_MIAV0_MDA2_MO40_MMFSC_MKFGSU256_NTA0_NTB0_NTC0_NTD0_NEPBS0_NLCA1_NLCB1_ONLL1_OPLV0_PK0_PAP0_PGR0_PLR0_PKA0_SIA1_SLW1_SS0_SU32_SUM0_SUS256_SCIUI1_SPO0_SRVW0_SSO0_SVW4_SNLL0_TSGRA0_TSGRB0_TT8_4_TLDS0_UMLDSA0_UMLDSB0_U64SL1_USFGRO0_VAW1_VS1_VW1_VWB1_VFLRP0_WSGRA0_WSGRB0_WS64_WG16_16_1_WGM8+0x11b8>
	v_mad_co_u64_u32 v[6:7], null, v5, s24, 0                  // 000000007D38: D6FE7C06 02003105
	s_mov_b32 s2, s25                                          // 000000007D40: BE820019
	s_wait_alu 0xfffe                                          // 000000007D44: BF88FFFE
	s_mul_u64 s[4:5], s[10:11], s[2:3]                         // 000000007D48: AA84020A
	s_wait_alu 0xfffe                                          // 000000007D4C: BF88FFFE
	s_lshl_b64 s[4:5], s[4:5], 2                               // 000000007D50: 84848204
	v_lshlrev_b64_e32 v[6:7], 2, v[6:7]                        // 000000007D54: 3E0C0C82
	s_delay_alu instid0(VALU_DEP_1) | instskip(SKIP_1) | instid1(VALU_DEP_2)// 000000007D58: BF870121
	v_add_co_u32 v6, vcc_lo, s14, v6                           // 000000007D5C: D7006A06 00020C0E
	s_wait_alu 0xfffd                                          // 000000007D64: BF88FFFD
	v_add_co_ci_u32_e64 v7, null, s15, v7, vcc_lo              // 000000007D68: D5207C07 01AA0E0F
	s_delay_alu instid0(VALU_DEP_2) | instskip(SKIP_1) | instid1(VALU_DEP_2)// 000000007D70: BF870122
	v_add_co_u32 v6, vcc_lo, v6, v3                            // 000000007D74: D7006A06 00020706
	s_wait_alu 0xfffd                                          // 000000007D7C: BF88FFFD
	v_add_co_ci_u32_e64 v7, null, v7, v4, vcc_lo               // 000000007D80: D5207C07 01AA0907
	s_wait_alu 0xfffe                                          // 000000007D88: BF88FFFE
	s_delay_alu instid0(VALU_DEP_2) | instskip(SKIP_1) | instid1(VALU_DEP_2)// 000000007D8C: BF870122
	v_add_co_u32 v6, vcc_lo, v6, s4                            // 000000007D90: D7006A06 00000906
	s_wait_alu 0xfffd                                          // 000000007D98: BF88FFFD
	v_add_co_ci_u32_e64 v7, null, s5, v7, vcc_lo               // 000000007D9C: D5207C07 01AA0E05
	global_load_b32 v6, v[6:7], off                            // 000000007DA4: EE05007C 00000006 00000006
	s_wait_loadcnt 0x0                                         // 000000007DB0: BFC00000
	v_fmac_f32_e32 v1, s21, v6                                 // 000000007DB4: 56020C15
	v_mad_co_u64_u32 v[6:7], null, v5, s22, 0                  // 000000007DB8: D6FE7C06 02002D05
	s_mov_b32 s2, s23                                          // 000000007DC0: BE820017
	s_wait_alu 0xfffe                                          // 000000007DC4: BF88FFFE
	s_mul_u64 s[2:3], s[10:11], s[2:3]                         // 000000007DC8: AA82020A
	s_wait_alu 0xfffe                                          // 000000007DCC: BF88FFFE
	s_lshl_b64 s[2:3], s[2:3], 2                               // 000000007DD0: 84828202
	v_lshlrev_b64_e32 v[6:7], 2, v[6:7]                        // 000000007DD4: 3E0C0C82
	s_delay_alu instid0(VALU_DEP_1) | instskip(SKIP_1) | instid1(VALU_DEP_2)// 000000007DD8: BF870121
	v_add_co_u32 v6, vcc_lo, s12, v6                           // 000000007DDC: D7006A06 00020C0C
	s_wait_alu 0xfffd                                          // 000000007DE4: BF88FFFD
	v_add_co_ci_u32_e64 v7, null, s13, v7, vcc_lo              // 000000007DE8: D5207C07 01AA0E0D
	s_delay_alu instid0(VALU_DEP_2) | instskip(SKIP_1) | instid1(VALU_DEP_2)// 000000007DF0: BF870122
	v_add_co_u32 v3, vcc_lo, v6, v3                            // 000000007DF4: D7006A03 00020706
	s_wait_alu 0xfffd                                          // 000000007DFC: BF88FFFD
	v_add_co_ci_u32_e64 v4, null, v7, v4, vcc_lo               // 000000007E00: D5207C04 01AA0907
	s_wait_alu 0xfffe                                          // 000000007E08: BF88FFFE
	s_delay_alu instid0(VALU_DEP_2) | instskip(SKIP_1) | instid1(VALU_DEP_2)// 000000007E0C: BF870122
	v_add_co_u32 v3, vcc_lo, v3, s2                            // 000000007E10: D7006A03 00000503
	s_wait_alu 0xfffd                                          // 000000007E18: BF88FFFD
	v_add_co_ci_u32_e64 v4, null, s3, v4, vcc_lo               // 000000007E1C: D5207C04 01AA0803
	global_store_b32 v[3:4], v1, off                           // 000000007E24: EE06807C 00800000 00000003
	s_wait_alu 0xfffe                                          // 000000007E30: BF88FFFE
	s_or_b32 exec_lo, exec_lo, s1                              // 000000007E34: 8C7E017E
	v_or_b32_e32 v1, 16, v0                                    // 000000007E38: 38020090
	s_delay_alu instid0(VALU_DEP_1)                            // 000000007E3C: BF870001
	v_cmp_gt_u32_e64 s1, s38, v1                               // 000000007E40: D44C0001 00020226
	s_and_b32 s3, s1, s8                                       // 000000007E48: 8B030801
	s_wait_alu 0xfffe                                          // 000000007E4C: BF88FFFE
	s_and_saveexec_b32 s2, s3                                  // 000000007E50: BE822003
	s_cbranch_execz 75                                         // 000000007E54: BFA5004B <Cijk_Ailk_Bljk_SB_MT128x64x8_SN_1LDSB0_APM1_ABV0_ACED0_AF0EM1_AF1EM1_AMAS0_ASE_ASGT_ASLT_ASM_ASAE01_ASCE01_ASEM1_AAC0_BL0_BS1_CLR0_DTLA0_DTLB0_DTVA0_DTVB0_DVO0_ETSP_EPS0_ELFLR0_EMLL0_FSSC10_FL0_GLVWA1_GLVWB1_GRCGA1_GRCGB1_GRPM1_GRVW1_GSU1_GSUASB_GLS0_ISA000_IU1_K1_KLS_LBSPPA0_LBSPPB0_LPA0_LPB0_LDL1_LRVW1_LWPMn1_LDW0_FMA_MIAV0_MDA2_MO40_MMFSC_MKFGSU256_NTA0_NTB0_NTC0_NTD0_NEPBS0_NLCA1_NLCB1_ONLL1_OPLV0_PK0_PAP0_PGR0_PLR0_PKA0_SIA1_SLW1_SS0_SU32_SUM0_SUS256_SCIUI1_SPO0_SRVW0_SSO0_SVW4_SNLL0_TSGRA0_TSGRB0_TT8_4_TLDS0_UMLDSA0_UMLDSB0_U64SL1_USFGRO0_VAW1_VS1_VW1_VWB1_VFLRP0_WSGRA0_WSGRB0_WS64_WG16_16_1_WGM8+0x1384>
	v_mov_b32_e32 v1, 0                                        // 000000007E58: 7E020280
	s_cmp_neq_f32 s21, 0                                       // 000000007E5C: BF4D8015
	s_mov_b32 s3, 0                                            // 000000007E60: BE830080
	s_cbranch_scc1 2631                                        // 000000007E64: BFA20A47 <Cijk_Ailk_Bljk_SB_MT128x64x8_SN_1LDSB0_APM1_ABV0_ACED0_AF0EM1_AF1EM1_AMAS0_ASE_ASGT_ASLT_ASM_ASAE01_ASCE01_ASEM1_AAC0_BL0_BS1_CLR0_DTLA0_DTLB0_DTVA0_DTVB0_DVO0_ETSP_EPS0_ELFLR0_EMLL0_FSSC10_FL0_GLVWA1_GLVWB1_GRCGA1_GRCGB1_GRPM1_GRVW1_GSU1_GSUASB_GLS0_ISA000_IU1_K1_KLS_LBSPPA0_LBSPPB0_LPA0_LPB0_LDL1_LRVW1_LWPMn1_LDW0_FMA_MIAV0_MDA2_MO40_MMFSC_MKFGSU256_NTA0_NTB0_NTC0_NTD0_NEPBS0_NLCA1_NLCB1_ONLL1_OPLV0_PK0_PAP0_PGR0_PLR0_PKA0_SIA1_SLW1_SS0_SU32_SUM0_SUS256_SCIUI1_SPO0_SRVW0_SSO0_SVW4_SNLL0_TSGRA0_TSGRB0_TT8_4_TLDS0_UMLDSA0_UMLDSB0_U64SL1_USFGRO0_VAW1_VS1_VW1_VWB1_VFLRP0_WSGRA0_WSGRB0_WS64_WG16_16_1_WGM8+0x3b84>
	v_mul_f32_e32 v3, s20, v44                                 // 000000007E68: 10065814
	s_wait_alu 0xfffe                                          // 000000007E6C: BF88FFFE
	s_and_not1_b32 vcc_lo, exec_lo, s3                         // 000000007E70: 916A037E
	s_wait_alu 0xfffe                                          // 000000007E74: BF88FFFE
	s_cbranch_vccnz 34                                         // 000000007E78: BFA40022 <Cijk_Ailk_Bljk_SB_MT128x64x8_SN_1LDSB0_APM1_ABV0_ACED0_AF0EM1_AF1EM1_AMAS0_ASE_ASGT_ASLT_ASM_ASAE01_ASCE01_ASEM1_AAC0_BL0_BS1_CLR0_DTLA0_DTLB0_DTVA0_DTVB0_DVO0_ETSP_EPS0_ELFLR0_EMLL0_FSSC10_FL0_GLVWA1_GLVWB1_GRCGA1_GRCGB1_GRPM1_GRVW1_GSU1_GSUASB_GLS0_ISA000_IU1_K1_KLS_LBSPPA0_LBSPPB0_LPA0_LPB0_LDL1_LRVW1_LWPMn1_LDW0_FMA_MIAV0_MDA2_MO40_MMFSC_MKFGSU256_NTA0_NTB0_NTC0_NTD0_NEPBS0_NLCA1_NLCB1_ONLL1_OPLV0_PK0_PAP0_PGR0_PLR0_PKA0_SIA1_SLW1_SS0_SU32_SUM0_SUS256_SCIUI1_SPO0_SRVW0_SSO0_SVW4_SNLL0_TSGRA0_TSGRB0_TT8_4_TLDS0_UMLDSA0_UMLDSB0_U64SL1_USFGRO0_VAW1_VS1_VW1_VWB1_VFLRP0_WSGRA0_WSGRB0_WS64_WG16_16_1_WGM8+0x1304>
	v_mad_co_u64_u32 v[6:7], null, v5, s24, 0                  // 000000007E7C: D6FE7C06 02003105
	v_lshlrev_b64_e32 v[8:9], 2, v[0:1]                        // 000000007E84: 3E100082
	s_mov_b32 s5, 0                                            // 000000007E88: BE850080
	s_mov_b32 s4, s25                                          // 000000007E8C: BE840019
	s_wait_alu 0xfffe                                          // 000000007E90: BF88FFFE
	s_mul_u64 s[4:5], s[10:11], s[4:5]                         // 000000007E94: AA84040A
	s_wait_alu 0xfffe                                          // 000000007E98: BF88FFFE
	s_lshl_b64 s[4:5], s[4:5], 2                               // 000000007E9C: 84848204
	v_lshlrev_b64_e32 v[6:7], 2, v[6:7]                        // 000000007EA0: 3E0C0C82
	s_delay_alu instid0(VALU_DEP_1) | instskip(SKIP_1) | instid1(VALU_DEP_2)// 000000007EA4: BF870121
	v_add_co_u32 v4, vcc_lo, s14, v6                           // 000000007EA8: D7006A04 00020C0E
	s_wait_alu 0xfffd                                          // 000000007EB0: BF88FFFD
	v_add_co_ci_u32_e64 v6, null, s15, v7, vcc_lo              // 000000007EB4: D5207C06 01AA0E0F
	s_delay_alu instid0(VALU_DEP_2) | instskip(SKIP_1) | instid1(VALU_DEP_2)// 000000007EBC: BF870122
	v_add_co_u32 v4, vcc_lo, v4, v8                            // 000000007EC0: D7006A04 00021104
	s_wait_alu 0xfffd                                          // 000000007EC8: BF88FFFD
	v_add_co_ci_u32_e64 v7, null, v6, v9, vcc_lo               // 000000007ECC: D5207C07 01AA1306
	s_wait_alu 0xfffe                                          // 000000007ED4: BF88FFFE
	s_delay_alu instid0(VALU_DEP_2) | instskip(SKIP_1) | instid1(VALU_DEP_2)// 000000007ED8: BF870122
	v_add_co_u32 v6, vcc_lo, v4, s4                            // 000000007EDC: D7006A06 00000904
	s_wait_alu 0xfffd                                          // 000000007EE4: BF88FFFD
	v_add_co_ci_u32_e64 v7, null, s5, v7, vcc_lo               // 000000007EE8: D5207C07 01AA0E05
	global_load_b32 v4, v[6:7], off offset:64                  // 000000007EF0: EE05007C 00000004 00004006
	s_wait_loadcnt 0x0                                         // 000000007EFC: BFC00000
	v_fmac_f32_e32 v3, s21, v4                                 // 000000007F00: 56060815
	v_mad_co_u64_u32 v[6:7], null, v5, s22, 0                  // 000000007F04: D6FE7C06 02002D05
	v_lshlrev_b64_e32 v[8:9], 2, v[0:1]                        // 000000007F0C: 3E100082
	s_mov_b32 s5, 0                                            // 000000007F10: BE850080
	s_mov_b32 s4, s23                                          // 000000007F14: BE840017
	s_wait_alu 0xfffe                                          // 000000007F18: BF88FFFE
	s_mul_u64 s[4:5], s[10:11], s[4:5]                         // 000000007F1C: AA84040A
	s_wait_alu 0xfffe                                          // 000000007F20: BF88FFFE
	s_lshl_b64 s[4:5], s[4:5], 2                               // 000000007F24: 84848204
	v_lshlrev_b64_e32 v[6:7], 2, v[6:7]                        // 000000007F28: 3E0C0C82
	s_delay_alu instid0(VALU_DEP_1) | instskip(SKIP_1) | instid1(VALU_DEP_2)// 000000007F2C: BF870121
	v_add_co_u32 v1, vcc_lo, s12, v6                           // 000000007F30: D7006A01 00020C0C
	s_wait_alu 0xfffd                                          // 000000007F38: BF88FFFD
	v_add_co_ci_u32_e64 v4, null, s13, v7, vcc_lo              // 000000007F3C: D5207C04 01AA0E0D
	s_delay_alu instid0(VALU_DEP_2) | instskip(SKIP_1) | instid1(VALU_DEP_2)// 000000007F44: BF870122
	v_add_co_u32 v1, vcc_lo, v1, v8                            // 000000007F48: D7006A01 00021101
	s_wait_alu 0xfffd                                          // 000000007F50: BF88FFFD
	v_add_co_ci_u32_e64 v4, null, v4, v9, vcc_lo               // 000000007F54: D5207C04 01AA1304
	s_wait_alu 0xfffe                                          // 000000007F5C: BF88FFFE
	s_delay_alu instid0(VALU_DEP_2) | instskip(SKIP_1) | instid1(VALU_DEP_2)// 000000007F60: BF870122
	v_add_co_u32 v6, vcc_lo, v1, s4                            // 000000007F64: D7006A06 00000901
	s_wait_alu 0xfffd                                          // 000000007F6C: BF88FFFD
	v_add_co_ci_u32_e64 v7, null, s5, v4, vcc_lo               // 000000007F70: D5207C07 01AA0805
	global_store_b32 v[6:7], v3, off offset:64                 // 000000007F78: EE06807C 01800000 00004006
	s_wait_alu 0xfffe                                          // 000000007F84: BF88FFFE
	s_or_b32 exec_lo, exec_lo, s2                              // 000000007F88: 8C7E027E
	v_or_b32_e32 v1, 32, v0                                    // 000000007F8C: 380200A0
	s_delay_alu instid0(VALU_DEP_1)                            // 000000007F90: BF870001
	v_cmp_gt_u32_e64 s2, s38, v1                               // 000000007F94: D44C0002 00020226
	s_and_b32 s4, s2, s8                                       // 000000007F9C: 8B040802
	s_wait_alu 0xfffe                                          // 000000007FA0: BF88FFFE
	s_and_saveexec_b32 s3, s4                                  // 000000007FA4: BE832004
	s_cbranch_execz 75                                         // 000000007FA8: BFA5004B <Cijk_Ailk_Bljk_SB_MT128x64x8_SN_1LDSB0_APM1_ABV0_ACED0_AF0EM1_AF1EM1_AMAS0_ASE_ASGT_ASLT_ASM_ASAE01_ASCE01_ASEM1_AAC0_BL0_BS1_CLR0_DTLA0_DTLB0_DTVA0_DTVB0_DVO0_ETSP_EPS0_ELFLR0_EMLL0_FSSC10_FL0_GLVWA1_GLVWB1_GRCGA1_GRCGB1_GRPM1_GRVW1_GSU1_GSUASB_GLS0_ISA000_IU1_K1_KLS_LBSPPA0_LBSPPB0_LPA0_LPB0_LDL1_LRVW1_LWPMn1_LDW0_FMA_MIAV0_MDA2_MO40_MMFSC_MKFGSU256_NTA0_NTB0_NTC0_NTD0_NEPBS0_NLCA1_NLCB1_ONLL1_OPLV0_PK0_PAP0_PGR0_PLR0_PKA0_SIA1_SLW1_SS0_SU32_SUM0_SUS256_SCIUI1_SPO0_SRVW0_SSO0_SVW4_SNLL0_TSGRA0_TSGRB0_TT8_4_TLDS0_UMLDSA0_UMLDSB0_U64SL1_USFGRO0_VAW1_VS1_VW1_VWB1_VFLRP0_WSGRA0_WSGRB0_WS64_WG16_16_1_WGM8+0x14d8>
	v_mov_b32_e32 v1, 0                                        // 000000007FAC: 7E020280
	s_cmp_neq_f32 s21, 0                                       // 000000007FB0: BF4D8015
	s_mov_b32 s4, 0                                            // 000000007FB4: BE840080
	s_cbranch_scc1 2548                                        // 000000007FB8: BFA209F4 <Cijk_Ailk_Bljk_SB_MT128x64x8_SN_1LDSB0_APM1_ABV0_ACED0_AF0EM1_AF1EM1_AMAS0_ASE_ASGT_ASLT_ASM_ASAE01_ASCE01_ASEM1_AAC0_BL0_BS1_CLR0_DTLA0_DTLB0_DTVA0_DTVB0_DVO0_ETSP_EPS0_ELFLR0_EMLL0_FSSC10_FL0_GLVWA1_GLVWB1_GRCGA1_GRCGB1_GRPM1_GRVW1_GSU1_GSUASB_GLS0_ISA000_IU1_K1_KLS_LBSPPA0_LBSPPB0_LPA0_LPB0_LDL1_LRVW1_LWPMn1_LDW0_FMA_MIAV0_MDA2_MO40_MMFSC_MKFGSU256_NTA0_NTB0_NTC0_NTD0_NEPBS0_NLCA1_NLCB1_ONLL1_OPLV0_PK0_PAP0_PGR0_PLR0_PKA0_SIA1_SLW1_SS0_SU32_SUM0_SUS256_SCIUI1_SPO0_SRVW0_SSO0_SVW4_SNLL0_TSGRA0_TSGRB0_TT8_4_TLDS0_UMLDSA0_UMLDSB0_U64SL1_USFGRO0_VAW1_VS1_VW1_VWB1_VFLRP0_WSGRA0_WSGRB0_WS64_WG16_16_1_WGM8+0x3b8c>
	v_mul_f32_e32 v3, s20, v43                                 // 000000007FBC: 10065614
	s_wait_alu 0xfffe                                          // 000000007FC0: BF88FFFE
	s_and_not1_b32 vcc_lo, exec_lo, s4                         // 000000007FC4: 916A047E
	s_wait_alu 0xfffe                                          // 000000007FC8: BF88FFFE
	s_cbranch_vccnz 34                                         // 000000007FCC: BFA40022 <Cijk_Ailk_Bljk_SB_MT128x64x8_SN_1LDSB0_APM1_ABV0_ACED0_AF0EM1_AF1EM1_AMAS0_ASE_ASGT_ASLT_ASM_ASAE01_ASCE01_ASEM1_AAC0_BL0_BS1_CLR0_DTLA0_DTLB0_DTVA0_DTVB0_DVO0_ETSP_EPS0_ELFLR0_EMLL0_FSSC10_FL0_GLVWA1_GLVWB1_GRCGA1_GRCGB1_GRPM1_GRVW1_GSU1_GSUASB_GLS0_ISA000_IU1_K1_KLS_LBSPPA0_LBSPPB0_LPA0_LPB0_LDL1_LRVW1_LWPMn1_LDW0_FMA_MIAV0_MDA2_MO40_MMFSC_MKFGSU256_NTA0_NTB0_NTC0_NTD0_NEPBS0_NLCA1_NLCB1_ONLL1_OPLV0_PK0_PAP0_PGR0_PLR0_PKA0_SIA1_SLW1_SS0_SU32_SUM0_SUS256_SCIUI1_SPO0_SRVW0_SSO0_SVW4_SNLL0_TSGRA0_TSGRB0_TT8_4_TLDS0_UMLDSA0_UMLDSB0_U64SL1_USFGRO0_VAW1_VS1_VW1_VWB1_VFLRP0_WSGRA0_WSGRB0_WS64_WG16_16_1_WGM8+0x1458>
	v_mad_co_u64_u32 v[6:7], null, v5, s24, 0                  // 000000007FD0: D6FE7C06 02003105
	v_lshlrev_b64_e32 v[8:9], 2, v[0:1]                        // 000000007FD8: 3E100082
	s_mov_b32 s5, 0                                            // 000000007FDC: BE850080
	s_mov_b32 s4, s25                                          // 000000007FE0: BE840019
	s_wait_alu 0xfffe                                          // 000000007FE4: BF88FFFE
	s_mul_u64 s[4:5], s[10:11], s[4:5]                         // 000000007FE8: AA84040A
	s_wait_alu 0xfffe                                          // 000000007FEC: BF88FFFE
	s_lshl_b64 s[4:5], s[4:5], 2                               // 000000007FF0: 84848204
	v_lshlrev_b64_e32 v[6:7], 2, v[6:7]                        // 000000007FF4: 3E0C0C82
	s_delay_alu instid0(VALU_DEP_1) | instskip(SKIP_1) | instid1(VALU_DEP_2)// 000000007FF8: BF870121
	v_add_co_u32 v4, vcc_lo, s14, v6                           // 000000007FFC: D7006A04 00020C0E
	s_wait_alu 0xfffd                                          // 000000008004: BF88FFFD
	v_add_co_ci_u32_e64 v6, null, s15, v7, vcc_lo              // 000000008008: D5207C06 01AA0E0F
	s_delay_alu instid0(VALU_DEP_2) | instskip(SKIP_1) | instid1(VALU_DEP_2)// 000000008010: BF870122
	v_add_co_u32 v4, vcc_lo, v4, v8                            // 000000008014: D7006A04 00021104
	s_wait_alu 0xfffd                                          // 00000000801C: BF88FFFD
	v_add_co_ci_u32_e64 v7, null, v6, v9, vcc_lo               // 000000008020: D5207C07 01AA1306
	s_wait_alu 0xfffe                                          // 000000008028: BF88FFFE
	s_delay_alu instid0(VALU_DEP_2) | instskip(SKIP_1) | instid1(VALU_DEP_2)// 00000000802C: BF870122
	v_add_co_u32 v6, vcc_lo, v4, s4                            // 000000008030: D7006A06 00000904
	s_wait_alu 0xfffd                                          // 000000008038: BF88FFFD
	v_add_co_ci_u32_e64 v7, null, s5, v7, vcc_lo               // 00000000803C: D5207C07 01AA0E05
	global_load_b32 v4, v[6:7], off offset:128                 // 000000008044: EE05007C 00000004 00008006
	s_wait_loadcnt 0x0                                         // 000000008050: BFC00000
	v_fmac_f32_e32 v3, s21, v4                                 // 000000008054: 56060815
	v_mad_co_u64_u32 v[6:7], null, v5, s22, 0                  // 000000008058: D6FE7C06 02002D05
	v_lshlrev_b64_e32 v[8:9], 2, v[0:1]                        // 000000008060: 3E100082
	s_mov_b32 s5, 0                                            // 000000008064: BE850080
	s_mov_b32 s4, s23                                          // 000000008068: BE840017
	s_wait_alu 0xfffe                                          // 00000000806C: BF88FFFE
	s_mul_u64 s[4:5], s[10:11], s[4:5]                         // 000000008070: AA84040A
	s_wait_alu 0xfffe                                          // 000000008074: BF88FFFE
	s_lshl_b64 s[4:5], s[4:5], 2                               // 000000008078: 84848204
	v_lshlrev_b64_e32 v[6:7], 2, v[6:7]                        // 00000000807C: 3E0C0C82
	s_delay_alu instid0(VALU_DEP_1) | instskip(SKIP_1) | instid1(VALU_DEP_2)// 000000008080: BF870121
	v_add_co_u32 v1, vcc_lo, s12, v6                           // 000000008084: D7006A01 00020C0C
	s_wait_alu 0xfffd                                          // 00000000808C: BF88FFFD
	v_add_co_ci_u32_e64 v4, null, s13, v7, vcc_lo              // 000000008090: D5207C04 01AA0E0D
	s_delay_alu instid0(VALU_DEP_2) | instskip(SKIP_1) | instid1(VALU_DEP_2)// 000000008098: BF870122
	v_add_co_u32 v1, vcc_lo, v1, v8                            // 00000000809C: D7006A01 00021101
	s_wait_alu 0xfffd                                          // 0000000080A4: BF88FFFD
	v_add_co_ci_u32_e64 v4, null, v4, v9, vcc_lo               // 0000000080A8: D5207C04 01AA1304
	s_wait_alu 0xfffe                                          // 0000000080B0: BF88FFFE
	s_delay_alu instid0(VALU_DEP_2) | instskip(SKIP_1) | instid1(VALU_DEP_2)// 0000000080B4: BF870122
	v_add_co_u32 v6, vcc_lo, v1, s4                            // 0000000080B8: D7006A06 00000901
	s_wait_alu 0xfffd                                          // 0000000080C0: BF88FFFD
	v_add_co_ci_u32_e64 v7, null, s5, v4, vcc_lo               // 0000000080C4: D5207C07 01AA0805
	global_store_b32 v[6:7], v3, off offset:128                // 0000000080CC: EE06807C 01800000 00008006
	s_wait_alu 0xfffe                                          // 0000000080D8: BF88FFFE
	s_or_b32 exec_lo, exec_lo, s3                              // 0000000080DC: 8C7E037E
	v_or_b32_e32 v1, 48, v0                                    // 0000000080E0: 380200B0
	s_delay_alu instid0(VALU_DEP_1)                            // 0000000080E4: BF870001
	v_cmp_gt_u32_e64 s3, s38, v1                               // 0000000080E8: D44C0003 00020226
	s_and_b32 s5, s3, s8                                       // 0000000080F0: 8B050803
	s_wait_alu 0xfffe                                          // 0000000080F4: BF88FFFE
	s_and_saveexec_b32 s4, s5                                  // 0000000080F8: BE842005
	s_cbranch_execz 75                                         // 0000000080FC: BFA5004B <Cijk_Ailk_Bljk_SB_MT128x64x8_SN_1LDSB0_APM1_ABV0_ACED0_AF0EM1_AF1EM1_AMAS0_ASE_ASGT_ASLT_ASM_ASAE01_ASCE01_ASEM1_AAC0_BL0_BS1_CLR0_DTLA0_DTLB0_DTVA0_DTVB0_DVO0_ETSP_EPS0_ELFLR0_EMLL0_FSSC10_FL0_GLVWA1_GLVWB1_GRCGA1_GRCGB1_GRPM1_GRVW1_GSU1_GSUASB_GLS0_ISA000_IU1_K1_KLS_LBSPPA0_LBSPPB0_LPA0_LPB0_LDL1_LRVW1_LWPMn1_LDW0_FMA_MIAV0_MDA2_MO40_MMFSC_MKFGSU256_NTA0_NTB0_NTC0_NTD0_NEPBS0_NLCA1_NLCB1_ONLL1_OPLV0_PK0_PAP0_PGR0_PLR0_PKA0_SIA1_SLW1_SS0_SU32_SUM0_SUS256_SCIUI1_SPO0_SRVW0_SSO0_SVW4_SNLL0_TSGRA0_TSGRB0_TT8_4_TLDS0_UMLDSA0_UMLDSB0_U64SL1_USFGRO0_VAW1_VS1_VW1_VWB1_VFLRP0_WSGRA0_WSGRB0_WS64_WG16_16_1_WGM8+0x162c>
	v_mov_b32_e32 v1, 0                                        // 000000008100: 7E020280
	s_cmp_neq_f32 s21, 0                                       // 000000008104: BF4D8015
	s_mov_b32 s5, 0                                            // 000000008108: BE850080
	s_cbranch_scc1 2465                                        // 00000000810C: BFA209A1 <Cijk_Ailk_Bljk_SB_MT128x64x8_SN_1LDSB0_APM1_ABV0_ACED0_AF0EM1_AF1EM1_AMAS0_ASE_ASGT_ASLT_ASM_ASAE01_ASCE01_ASEM1_AAC0_BL0_BS1_CLR0_DTLA0_DTLB0_DTVA0_DTVB0_DVO0_ETSP_EPS0_ELFLR0_EMLL0_FSSC10_FL0_GLVWA1_GLVWB1_GRCGA1_GRCGB1_GRPM1_GRVW1_GSU1_GSUASB_GLS0_ISA000_IU1_K1_KLS_LBSPPA0_LBSPPB0_LPA0_LPB0_LDL1_LRVW1_LWPMn1_LDW0_FMA_MIAV0_MDA2_MO40_MMFSC_MKFGSU256_NTA0_NTB0_NTC0_NTD0_NEPBS0_NLCA1_NLCB1_ONLL1_OPLV0_PK0_PAP0_PGR0_PLR0_PKA0_SIA1_SLW1_SS0_SU32_SUM0_SUS256_SCIUI1_SPO0_SRVW0_SSO0_SVW4_SNLL0_TSGRA0_TSGRB0_TT8_4_TLDS0_UMLDSA0_UMLDSB0_U64SL1_USFGRO0_VAW1_VS1_VW1_VWB1_VFLRP0_WSGRA0_WSGRB0_WS64_WG16_16_1_WGM8+0x3b94>
	v_mul_f32_e32 v3, s20, v42                                 // 000000008110: 10065414
	s_wait_alu 0xfffe                                          // 000000008114: BF88FFFE
	s_and_not1_b32 vcc_lo, exec_lo, s5                         // 000000008118: 916A057E
	s_wait_alu 0xfffe                                          // 00000000811C: BF88FFFE
	s_cbranch_vccnz 34                                         // 000000008120: BFA40022 <Cijk_Ailk_Bljk_SB_MT128x64x8_SN_1LDSB0_APM1_ABV0_ACED0_AF0EM1_AF1EM1_AMAS0_ASE_ASGT_ASLT_ASM_ASAE01_ASCE01_ASEM1_AAC0_BL0_BS1_CLR0_DTLA0_DTLB0_DTVA0_DTVB0_DVO0_ETSP_EPS0_ELFLR0_EMLL0_FSSC10_FL0_GLVWA1_GLVWB1_GRCGA1_GRCGB1_GRPM1_GRVW1_GSU1_GSUASB_GLS0_ISA000_IU1_K1_KLS_LBSPPA0_LBSPPB0_LPA0_LPB0_LDL1_LRVW1_LWPMn1_LDW0_FMA_MIAV0_MDA2_MO40_MMFSC_MKFGSU256_NTA0_NTB0_NTC0_NTD0_NEPBS0_NLCA1_NLCB1_ONLL1_OPLV0_PK0_PAP0_PGR0_PLR0_PKA0_SIA1_SLW1_SS0_SU32_SUM0_SUS256_SCIUI1_SPO0_SRVW0_SSO0_SVW4_SNLL0_TSGRA0_TSGRB0_TT8_4_TLDS0_UMLDSA0_UMLDSB0_U64SL1_USFGRO0_VAW1_VS1_VW1_VWB1_VFLRP0_WSGRA0_WSGRB0_WS64_WG16_16_1_WGM8+0x15ac>
	v_mad_co_u64_u32 v[6:7], null, v5, s24, 0                  // 000000008124: D6FE7C06 02003105
	v_lshlrev_b64_e32 v[8:9], 2, v[0:1]                        // 00000000812C: 3E100082
	s_mov_b32 s7, 0                                            // 000000008130: BE870080
	s_mov_b32 s6, s25                                          // 000000008134: BE860019
	s_wait_alu 0xfffe                                          // 000000008138: BF88FFFE
	s_mul_u64 s[6:7], s[10:11], s[6:7]                         // 00000000813C: AA86060A
	s_wait_alu 0xfffe                                          // 000000008140: BF88FFFE
	s_lshl_b64 s[6:7], s[6:7], 2                               // 000000008144: 84868206
	v_lshlrev_b64_e32 v[6:7], 2, v[6:7]                        // 000000008148: 3E0C0C82
	s_delay_alu instid0(VALU_DEP_1) | instskip(SKIP_1) | instid1(VALU_DEP_2)// 00000000814C: BF870121
	v_add_co_u32 v4, vcc_lo, s14, v6                           // 000000008150: D7006A04 00020C0E
	s_wait_alu 0xfffd                                          // 000000008158: BF88FFFD
	v_add_co_ci_u32_e64 v6, null, s15, v7, vcc_lo              // 00000000815C: D5207C06 01AA0E0F
	s_delay_alu instid0(VALU_DEP_2) | instskip(SKIP_1) | instid1(VALU_DEP_2)// 000000008164: BF870122
	v_add_co_u32 v4, vcc_lo, v4, v8                            // 000000008168: D7006A04 00021104
	s_wait_alu 0xfffd                                          // 000000008170: BF88FFFD
	v_add_co_ci_u32_e64 v7, null, v6, v9, vcc_lo               // 000000008174: D5207C07 01AA1306
	s_wait_alu 0xfffe                                          // 00000000817C: BF88FFFE
	s_delay_alu instid0(VALU_DEP_2) | instskip(SKIP_1) | instid1(VALU_DEP_2)// 000000008180: BF870122
	v_add_co_u32 v6, vcc_lo, v4, s6                            // 000000008184: D7006A06 00000D04
	s_wait_alu 0xfffd                                          // 00000000818C: BF88FFFD
	v_add_co_ci_u32_e64 v7, null, s7, v7, vcc_lo               // 000000008190: D5207C07 01AA0E07
	global_load_b32 v4, v[6:7], off offset:192                 // 000000008198: EE05007C 00000004 0000C006
	s_wait_loadcnt 0x0                                         // 0000000081A4: BFC00000
	v_fmac_f32_e32 v3, s21, v4                                 // 0000000081A8: 56060815
	v_mad_co_u64_u32 v[6:7], null, v5, s22, 0                  // 0000000081AC: D6FE7C06 02002D05
	v_lshlrev_b64_e32 v[8:9], 2, v[0:1]                        // 0000000081B4: 3E100082
	s_mov_b32 s7, 0                                            // 0000000081B8: BE870080
	s_mov_b32 s6, s23                                          // 0000000081BC: BE860017
	s_wait_alu 0xfffe                                          // 0000000081C0: BF88FFFE
	s_mul_u64 s[6:7], s[10:11], s[6:7]                         // 0000000081C4: AA86060A
	s_wait_alu 0xfffe                                          // 0000000081C8: BF88FFFE
	s_lshl_b64 s[6:7], s[6:7], 2                               // 0000000081CC: 84868206
	v_lshlrev_b64_e32 v[6:7], 2, v[6:7]                        // 0000000081D0: 3E0C0C82
	s_delay_alu instid0(VALU_DEP_1) | instskip(SKIP_1) | instid1(VALU_DEP_2)// 0000000081D4: BF870121
	v_add_co_u32 v1, vcc_lo, s12, v6                           // 0000000081D8: D7006A01 00020C0C
	s_wait_alu 0xfffd                                          // 0000000081E0: BF88FFFD
	v_add_co_ci_u32_e64 v4, null, s13, v7, vcc_lo              // 0000000081E4: D5207C04 01AA0E0D
	s_delay_alu instid0(VALU_DEP_2) | instskip(SKIP_1) | instid1(VALU_DEP_2)// 0000000081EC: BF870122
	v_add_co_u32 v1, vcc_lo, v1, v8                            // 0000000081F0: D7006A01 00021101
	s_wait_alu 0xfffd                                          // 0000000081F8: BF88FFFD
	v_add_co_ci_u32_e64 v4, null, v4, v9, vcc_lo               // 0000000081FC: D5207C04 01AA1304
	s_wait_alu 0xfffe                                          // 000000008204: BF88FFFE
	s_delay_alu instid0(VALU_DEP_2) | instskip(SKIP_1) | instid1(VALU_DEP_2)// 000000008208: BF870122
	v_add_co_u32 v6, vcc_lo, v1, s6                            // 00000000820C: D7006A06 00000D01
	s_wait_alu 0xfffd                                          // 000000008214: BF88FFFD
	v_add_co_ci_u32_e64 v7, null, s7, v4, vcc_lo               // 000000008218: D5207C07 01AA0807
	global_store_b32 v[6:7], v3, off offset:192                // 000000008220: EE06807C 01800000 0000C006
	s_wait_alu 0xfffe                                          // 00000000822C: BF88FFFE
	s_or_b32 exec_lo, exec_lo, s4                              // 000000008230: 8C7E047E
	v_or_b32_e32 v1, 64, v0                                    // 000000008234: 380200C0
	s_delay_alu instid0(VALU_DEP_1)                            // 000000008238: BF870001
	v_cmp_gt_u32_e64 s4, s38, v1                               // 00000000823C: D44C0004 00020226
	s_and_b32 s6, s4, s8                                       // 000000008244: 8B060804
	s_wait_alu 0xfffe                                          // 000000008248: BF88FFFE
	s_and_saveexec_b32 s5, s6                                  // 00000000824C: BE852006
	s_cbranch_execz 75                                         // 000000008250: BFA5004B <Cijk_Ailk_Bljk_SB_MT128x64x8_SN_1LDSB0_APM1_ABV0_ACED0_AF0EM1_AF1EM1_AMAS0_ASE_ASGT_ASLT_ASM_ASAE01_ASCE01_ASEM1_AAC0_BL0_BS1_CLR0_DTLA0_DTLB0_DTVA0_DTVB0_DVO0_ETSP_EPS0_ELFLR0_EMLL0_FSSC10_FL0_GLVWA1_GLVWB1_GRCGA1_GRCGB1_GRPM1_GRVW1_GSU1_GSUASB_GLS0_ISA000_IU1_K1_KLS_LBSPPA0_LBSPPB0_LPA0_LPB0_LDL1_LRVW1_LWPMn1_LDW0_FMA_MIAV0_MDA2_MO40_MMFSC_MKFGSU256_NTA0_NTB0_NTC0_NTD0_NEPBS0_NLCA1_NLCB1_ONLL1_OPLV0_PK0_PAP0_PGR0_PLR0_PKA0_SIA1_SLW1_SS0_SU32_SUM0_SUS256_SCIUI1_SPO0_SRVW0_SSO0_SVW4_SNLL0_TSGRA0_TSGRB0_TT8_4_TLDS0_UMLDSA0_UMLDSB0_U64SL1_USFGRO0_VAW1_VS1_VW1_VWB1_VFLRP0_WSGRA0_WSGRB0_WS64_WG16_16_1_WGM8+0x1780>
	v_mov_b32_e32 v1, 0                                        // 000000008254: 7E020280
	s_cmp_neq_f32 s21, 0                                       // 000000008258: BF4D8015
	s_mov_b32 s6, 0                                            // 00000000825C: BE860080
	s_cbranch_scc1 2382                                        // 000000008260: BFA2094E <Cijk_Ailk_Bljk_SB_MT128x64x8_SN_1LDSB0_APM1_ABV0_ACED0_AF0EM1_AF1EM1_AMAS0_ASE_ASGT_ASLT_ASM_ASAE01_ASCE01_ASEM1_AAC0_BL0_BS1_CLR0_DTLA0_DTLB0_DTVA0_DTVB0_DVO0_ETSP_EPS0_ELFLR0_EMLL0_FSSC10_FL0_GLVWA1_GLVWB1_GRCGA1_GRCGB1_GRPM1_GRVW1_GSU1_GSUASB_GLS0_ISA000_IU1_K1_KLS_LBSPPA0_LBSPPB0_LPA0_LPB0_LDL1_LRVW1_LWPMn1_LDW0_FMA_MIAV0_MDA2_MO40_MMFSC_MKFGSU256_NTA0_NTB0_NTC0_NTD0_NEPBS0_NLCA1_NLCB1_ONLL1_OPLV0_PK0_PAP0_PGR0_PLR0_PKA0_SIA1_SLW1_SS0_SU32_SUM0_SUS256_SCIUI1_SPO0_SRVW0_SSO0_SVW4_SNLL0_TSGRA0_TSGRB0_TT8_4_TLDS0_UMLDSA0_UMLDSB0_U64SL1_USFGRO0_VAW1_VS1_VW1_VWB1_VFLRP0_WSGRA0_WSGRB0_WS64_WG16_16_1_WGM8+0x3b9c>
	v_mul_f32_e32 v3, s20, v39                                 // 000000008264: 10064E14
	s_wait_alu 0xfffe                                          // 000000008268: BF88FFFE
	s_and_not1_b32 vcc_lo, exec_lo, s6                         // 00000000826C: 916A067E
	s_wait_alu 0xfffe                                          // 000000008270: BF88FFFE
	s_cbranch_vccnz 34                                         // 000000008274: BFA40022 <Cijk_Ailk_Bljk_SB_MT128x64x8_SN_1LDSB0_APM1_ABV0_ACED0_AF0EM1_AF1EM1_AMAS0_ASE_ASGT_ASLT_ASM_ASAE01_ASCE01_ASEM1_AAC0_BL0_BS1_CLR0_DTLA0_DTLB0_DTVA0_DTVB0_DVO0_ETSP_EPS0_ELFLR0_EMLL0_FSSC10_FL0_GLVWA1_GLVWB1_GRCGA1_GRCGB1_GRPM1_GRVW1_GSU1_GSUASB_GLS0_ISA000_IU1_K1_KLS_LBSPPA0_LBSPPB0_LPA0_LPB0_LDL1_LRVW1_LWPMn1_LDW0_FMA_MIAV0_MDA2_MO40_MMFSC_MKFGSU256_NTA0_NTB0_NTC0_NTD0_NEPBS0_NLCA1_NLCB1_ONLL1_OPLV0_PK0_PAP0_PGR0_PLR0_PKA0_SIA1_SLW1_SS0_SU32_SUM0_SUS256_SCIUI1_SPO0_SRVW0_SSO0_SVW4_SNLL0_TSGRA0_TSGRB0_TT8_4_TLDS0_UMLDSA0_UMLDSB0_U64SL1_USFGRO0_VAW1_VS1_VW1_VWB1_VFLRP0_WSGRA0_WSGRB0_WS64_WG16_16_1_WGM8+0x1700>
	v_mad_co_u64_u32 v[6:7], null, v5, s24, 0                  // 000000008278: D6FE7C06 02003105
	v_lshlrev_b64_e32 v[8:9], 2, v[0:1]                        // 000000008280: 3E100082
	s_mov_b32 s7, 0                                            // 000000008284: BE870080
	s_mov_b32 s6, s25                                          // 000000008288: BE860019
	s_wait_alu 0xfffe                                          // 00000000828C: BF88FFFE
	s_mul_u64 s[6:7], s[10:11], s[6:7]                         // 000000008290: AA86060A
	s_wait_alu 0xfffe                                          // 000000008294: BF88FFFE
	s_lshl_b64 s[6:7], s[6:7], 2                               // 000000008298: 84868206
	v_lshlrev_b64_e32 v[6:7], 2, v[6:7]                        // 00000000829C: 3E0C0C82
	s_delay_alu instid0(VALU_DEP_1) | instskip(SKIP_1) | instid1(VALU_DEP_2)// 0000000082A0: BF870121
	v_add_co_u32 v4, vcc_lo, s14, v6                           // 0000000082A4: D7006A04 00020C0E
	s_wait_alu 0xfffd                                          // 0000000082AC: BF88FFFD
	v_add_co_ci_u32_e64 v6, null, s15, v7, vcc_lo              // 0000000082B0: D5207C06 01AA0E0F
	s_delay_alu instid0(VALU_DEP_2) | instskip(SKIP_1) | instid1(VALU_DEP_2)// 0000000082B8: BF870122
	v_add_co_u32 v4, vcc_lo, v4, v8                            // 0000000082BC: D7006A04 00021104
	s_wait_alu 0xfffd                                          // 0000000082C4: BF88FFFD
	v_add_co_ci_u32_e64 v7, null, v6, v9, vcc_lo               // 0000000082C8: D5207C07 01AA1306
	s_wait_alu 0xfffe                                          // 0000000082D0: BF88FFFE
	s_delay_alu instid0(VALU_DEP_2) | instskip(SKIP_1) | instid1(VALU_DEP_2)// 0000000082D4: BF870122
	v_add_co_u32 v6, vcc_lo, v4, s6                            // 0000000082D8: D7006A06 00000D04
	s_wait_alu 0xfffd                                          // 0000000082E0: BF88FFFD
	v_add_co_ci_u32_e64 v7, null, s7, v7, vcc_lo               // 0000000082E4: D5207C07 01AA0E07
	global_load_b32 v4, v[6:7], off offset:256                 // 0000000082EC: EE05007C 00000004 00010006
	s_wait_loadcnt 0x0                                         // 0000000082F8: BFC00000
	v_fmac_f32_e32 v3, s21, v4                                 // 0000000082FC: 56060815
	v_mad_co_u64_u32 v[6:7], null, v5, s22, 0                  // 000000008300: D6FE7C06 02002D05
	v_lshlrev_b64_e32 v[8:9], 2, v[0:1]                        // 000000008308: 3E100082
	s_mov_b32 s7, 0                                            // 00000000830C: BE870080
	s_mov_b32 s6, s23                                          // 000000008310: BE860017
	s_wait_alu 0xfffe                                          // 000000008314: BF88FFFE
	s_mul_u64 s[6:7], s[10:11], s[6:7]                         // 000000008318: AA86060A
	s_wait_alu 0xfffe                                          // 00000000831C: BF88FFFE
	s_lshl_b64 s[6:7], s[6:7], 2                               // 000000008320: 84868206
	v_lshlrev_b64_e32 v[6:7], 2, v[6:7]                        // 000000008324: 3E0C0C82
	s_delay_alu instid0(VALU_DEP_1) | instskip(SKIP_1) | instid1(VALU_DEP_2)// 000000008328: BF870121
	v_add_co_u32 v1, vcc_lo, s12, v6                           // 00000000832C: D7006A01 00020C0C
	s_wait_alu 0xfffd                                          // 000000008334: BF88FFFD
	v_add_co_ci_u32_e64 v4, null, s13, v7, vcc_lo              // 000000008338: D5207C04 01AA0E0D
	s_delay_alu instid0(VALU_DEP_2) | instskip(SKIP_1) | instid1(VALU_DEP_2)// 000000008340: BF870122
	v_add_co_u32 v1, vcc_lo, v1, v8                            // 000000008344: D7006A01 00021101
	s_wait_alu 0xfffd                                          // 00000000834C: BF88FFFD
	v_add_co_ci_u32_e64 v4, null, v4, v9, vcc_lo               // 000000008350: D5207C04 01AA1304
	s_wait_alu 0xfffe                                          // 000000008358: BF88FFFE
	s_delay_alu instid0(VALU_DEP_2) | instskip(SKIP_1) | instid1(VALU_DEP_2)// 00000000835C: BF870122
	v_add_co_u32 v6, vcc_lo, v1, s6                            // 000000008360: D7006A06 00000D01
	s_wait_alu 0xfffd                                          // 000000008368: BF88FFFD
	v_add_co_ci_u32_e64 v7, null, s7, v4, vcc_lo               // 00000000836C: D5207C07 01AA0807
	global_store_b32 v[6:7], v3, off offset:256                // 000000008374: EE06807C 01800000 00010006
	s_wait_alu 0xfffe                                          // 000000008380: BF88FFFE
	s_or_b32 exec_lo, exec_lo, s5                              // 000000008384: 8C7E057E
	v_or_b32_e32 v1, 0x50, v0                                  // 000000008388: 380200FF 00000050
	s_delay_alu instid0(VALU_DEP_1)                            // 000000008390: BF870001
	v_cmp_gt_u32_e64 s5, s38, v1                               // 000000008394: D44C0005 00020226
	s_and_b32 s7, s5, s8                                       // 00000000839C: 8B070805
	s_wait_alu 0xfffe                                          // 0000000083A0: BF88FFFE
	s_and_saveexec_b32 s6, s7                                  // 0000000083A4: BE862007
	s_cbranch_execz 75                                         // 0000000083A8: BFA5004B <Cijk_Ailk_Bljk_SB_MT128x64x8_SN_1LDSB0_APM1_ABV0_ACED0_AF0EM1_AF1EM1_AMAS0_ASE_ASGT_ASLT_ASM_ASAE01_ASCE01_ASEM1_AAC0_BL0_BS1_CLR0_DTLA0_DTLB0_DTVA0_DTVB0_DVO0_ETSP_EPS0_ELFLR0_EMLL0_FSSC10_FL0_GLVWA1_GLVWB1_GRCGA1_GRCGB1_GRPM1_GRVW1_GSU1_GSUASB_GLS0_ISA000_IU1_K1_KLS_LBSPPA0_LBSPPB0_LPA0_LPB0_LDL1_LRVW1_LWPMn1_LDW0_FMA_MIAV0_MDA2_MO40_MMFSC_MKFGSU256_NTA0_NTB0_NTC0_NTD0_NEPBS0_NLCA1_NLCB1_ONLL1_OPLV0_PK0_PAP0_PGR0_PLR0_PKA0_SIA1_SLW1_SS0_SU32_SUM0_SUS256_SCIUI1_SPO0_SRVW0_SSO0_SVW4_SNLL0_TSGRA0_TSGRB0_TT8_4_TLDS0_UMLDSA0_UMLDSB0_U64SL1_USFGRO0_VAW1_VS1_VW1_VWB1_VFLRP0_WSGRA0_WSGRB0_WS64_WG16_16_1_WGM8+0x18d8>
	v_mov_b32_e32 v1, 0                                        // 0000000083AC: 7E020280
	s_cmp_neq_f32 s21, 0                                       // 0000000083B0: BF4D8015
	s_mov_b32 s7, 0                                            // 0000000083B4: BE870080
	s_cbranch_scc1 2298                                        // 0000000083B8: BFA208FA <Cijk_Ailk_Bljk_SB_MT128x64x8_SN_1LDSB0_APM1_ABV0_ACED0_AF0EM1_AF1EM1_AMAS0_ASE_ASGT_ASLT_ASM_ASAE01_ASCE01_ASEM1_AAC0_BL0_BS1_CLR0_DTLA0_DTLB0_DTVA0_DTVB0_DVO0_ETSP_EPS0_ELFLR0_EMLL0_FSSC10_FL0_GLVWA1_GLVWB1_GRCGA1_GRCGB1_GRPM1_GRVW1_GSU1_GSUASB_GLS0_ISA000_IU1_K1_KLS_LBSPPA0_LBSPPB0_LPA0_LPB0_LDL1_LRVW1_LWPMn1_LDW0_FMA_MIAV0_MDA2_MO40_MMFSC_MKFGSU256_NTA0_NTB0_NTC0_NTD0_NEPBS0_NLCA1_NLCB1_ONLL1_OPLV0_PK0_PAP0_PGR0_PLR0_PKA0_SIA1_SLW1_SS0_SU32_SUM0_SUS256_SCIUI1_SPO0_SRVW0_SSO0_SVW4_SNLL0_TSGRA0_TSGRB0_TT8_4_TLDS0_UMLDSA0_UMLDSB0_U64SL1_USFGRO0_VAW1_VS1_VW1_VWB1_VFLRP0_WSGRA0_WSGRB0_WS64_WG16_16_1_WGM8+0x3ba4>
	v_mul_f32_e32 v3, s20, v38                                 // 0000000083BC: 10064C14
	s_wait_alu 0xfffe                                          // 0000000083C0: BF88FFFE
	s_and_not1_b32 vcc_lo, exec_lo, s7                         // 0000000083C4: 916A077E
	s_wait_alu 0xfffe                                          // 0000000083C8: BF88FFFE
	s_cbranch_vccnz 34                                         // 0000000083CC: BFA40022 <Cijk_Ailk_Bljk_SB_MT128x64x8_SN_1LDSB0_APM1_ABV0_ACED0_AF0EM1_AF1EM1_AMAS0_ASE_ASGT_ASLT_ASM_ASAE01_ASCE01_ASEM1_AAC0_BL0_BS1_CLR0_DTLA0_DTLB0_DTVA0_DTVB0_DVO0_ETSP_EPS0_ELFLR0_EMLL0_FSSC10_FL0_GLVWA1_GLVWB1_GRCGA1_GRCGB1_GRPM1_GRVW1_GSU1_GSUASB_GLS0_ISA000_IU1_K1_KLS_LBSPPA0_LBSPPB0_LPA0_LPB0_LDL1_LRVW1_LWPMn1_LDW0_FMA_MIAV0_MDA2_MO40_MMFSC_MKFGSU256_NTA0_NTB0_NTC0_NTD0_NEPBS0_NLCA1_NLCB1_ONLL1_OPLV0_PK0_PAP0_PGR0_PLR0_PKA0_SIA1_SLW1_SS0_SU32_SUM0_SUS256_SCIUI1_SPO0_SRVW0_SSO0_SVW4_SNLL0_TSGRA0_TSGRB0_TT8_4_TLDS0_UMLDSA0_UMLDSB0_U64SL1_USFGRO0_VAW1_VS1_VW1_VWB1_VFLRP0_WSGRA0_WSGRB0_WS64_WG16_16_1_WGM8+0x1858>
	v_mad_co_u64_u32 v[6:7], null, v5, s24, 0                  // 0000000083D0: D6FE7C06 02003105
	v_lshlrev_b64_e32 v[8:9], 2, v[0:1]                        // 0000000083D8: 3E100082
	s_mov_b32 s17, 0                                           // 0000000083DC: BE910080
	s_mov_b32 s16, s25                                         // 0000000083E0: BE900019
	s_wait_alu 0xfffe                                          // 0000000083E4: BF88FFFE
	s_mul_u64 s[16:17], s[10:11], s[16:17]                     // 0000000083E8: AA90100A
	s_wait_alu 0xfffe                                          // 0000000083EC: BF88FFFE
	s_lshl_b64 s[16:17], s[16:17], 2                           // 0000000083F0: 84908210
	v_lshlrev_b64_e32 v[6:7], 2, v[6:7]                        // 0000000083F4: 3E0C0C82
	s_delay_alu instid0(VALU_DEP_1) | instskip(SKIP_1) | instid1(VALU_DEP_2)// 0000000083F8: BF870121
	v_add_co_u32 v4, vcc_lo, s14, v6                           // 0000000083FC: D7006A04 00020C0E
	s_wait_alu 0xfffd                                          // 000000008404: BF88FFFD
	v_add_co_ci_u32_e64 v6, null, s15, v7, vcc_lo              // 000000008408: D5207C06 01AA0E0F
	s_delay_alu instid0(VALU_DEP_2) | instskip(SKIP_1) | instid1(VALU_DEP_2)// 000000008410: BF870122
	v_add_co_u32 v4, vcc_lo, v4, v8                            // 000000008414: D7006A04 00021104
	s_wait_alu 0xfffd                                          // 00000000841C: BF88FFFD
	v_add_co_ci_u32_e64 v7, null, v6, v9, vcc_lo               // 000000008420: D5207C07 01AA1306
	s_wait_alu 0xfffe                                          // 000000008428: BF88FFFE
	s_delay_alu instid0(VALU_DEP_2) | instskip(SKIP_1) | instid1(VALU_DEP_2)// 00000000842C: BF870122
	v_add_co_u32 v6, vcc_lo, v4, s16                           // 000000008430: D7006A06 00002104
	s_wait_alu 0xfffd                                          // 000000008438: BF88FFFD
	v_add_co_ci_u32_e64 v7, null, s17, v7, vcc_lo              // 00000000843C: D5207C07 01AA0E11
	global_load_b32 v4, v[6:7], off offset:320                 // 000000008444: EE05007C 00000004 00014006
	s_wait_loadcnt 0x0                                         // 000000008450: BFC00000
	v_fmac_f32_e32 v3, s21, v4                                 // 000000008454: 56060815
	v_mad_co_u64_u32 v[6:7], null, v5, s22, 0                  // 000000008458: D6FE7C06 02002D05
	v_lshlrev_b64_e32 v[8:9], 2, v[0:1]                        // 000000008460: 3E100082
	s_mov_b32 s17, 0                                           // 000000008464: BE910080
	s_mov_b32 s16, s23                                         // 000000008468: BE900017
	s_wait_alu 0xfffe                                          // 00000000846C: BF88FFFE
	s_mul_u64 s[16:17], s[10:11], s[16:17]                     // 000000008470: AA90100A
	s_wait_alu 0xfffe                                          // 000000008474: BF88FFFE
	s_lshl_b64 s[16:17], s[16:17], 2                           // 000000008478: 84908210
	v_lshlrev_b64_e32 v[6:7], 2, v[6:7]                        // 00000000847C: 3E0C0C82
	s_delay_alu instid0(VALU_DEP_1) | instskip(SKIP_1) | instid1(VALU_DEP_2)// 000000008480: BF870121
	v_add_co_u32 v1, vcc_lo, s12, v6                           // 000000008484: D7006A01 00020C0C
	s_wait_alu 0xfffd                                          // 00000000848C: BF88FFFD
	v_add_co_ci_u32_e64 v4, null, s13, v7, vcc_lo              // 000000008490: D5207C04 01AA0E0D
	s_delay_alu instid0(VALU_DEP_2) | instskip(SKIP_1) | instid1(VALU_DEP_2)// 000000008498: BF870122
	v_add_co_u32 v1, vcc_lo, v1, v8                            // 00000000849C: D7006A01 00021101
	s_wait_alu 0xfffd                                          // 0000000084A4: BF88FFFD
	v_add_co_ci_u32_e64 v4, null, v4, v9, vcc_lo               // 0000000084A8: D5207C04 01AA1304
	s_wait_alu 0xfffe                                          // 0000000084B0: BF88FFFE
	s_delay_alu instid0(VALU_DEP_2) | instskip(SKIP_1) | instid1(VALU_DEP_2)// 0000000084B4: BF870122
	v_add_co_u32 v6, vcc_lo, v1, s16                           // 0000000084B8: D7006A06 00002101
	s_wait_alu 0xfffd                                          // 0000000084C0: BF88FFFD
	v_add_co_ci_u32_e64 v7, null, s17, v4, vcc_lo              // 0000000084C4: D5207C07 01AA0811
	global_store_b32 v[6:7], v3, off offset:320                // 0000000084CC: EE06807C 01800000 00014006
	s_wait_alu 0xfffe                                          // 0000000084D8: BF88FFFE
	s_or_b32 exec_lo, exec_lo, s6                              // 0000000084DC: 8C7E067E
	v_or_b32_e32 v1, 0x60, v0                                  // 0000000084E0: 380200FF 00000060
	s_delay_alu instid0(VALU_DEP_1)                            // 0000000084E8: BF870001
	v_cmp_gt_u32_e64 s6, s38, v1                               // 0000000084EC: D44C0006 00020226
	s_and_b32 s9, s6, s8                                       // 0000000084F4: 8B090806
	s_wait_alu 0xfffe                                          // 0000000084F8: BF88FFFE
	s_and_saveexec_b32 s7, s9                                  // 0000000084FC: BE872009
	s_cbranch_execz 75                                         // 000000008500: BFA5004B <Cijk_Ailk_Bljk_SB_MT128x64x8_SN_1LDSB0_APM1_ABV0_ACED0_AF0EM1_AF1EM1_AMAS0_ASE_ASGT_ASLT_ASM_ASAE01_ASCE01_ASEM1_AAC0_BL0_BS1_CLR0_DTLA0_DTLB0_DTVA0_DTVB0_DVO0_ETSP_EPS0_ELFLR0_EMLL0_FSSC10_FL0_GLVWA1_GLVWB1_GRCGA1_GRCGB1_GRPM1_GRVW1_GSU1_GSUASB_GLS0_ISA000_IU1_K1_KLS_LBSPPA0_LBSPPB0_LPA0_LPB0_LDL1_LRVW1_LWPMn1_LDW0_FMA_MIAV0_MDA2_MO40_MMFSC_MKFGSU256_NTA0_NTB0_NTC0_NTD0_NEPBS0_NLCA1_NLCB1_ONLL1_OPLV0_PK0_PAP0_PGR0_PLR0_PKA0_SIA1_SLW1_SS0_SU32_SUM0_SUS256_SCIUI1_SPO0_SRVW0_SSO0_SVW4_SNLL0_TSGRA0_TSGRB0_TT8_4_TLDS0_UMLDSA0_UMLDSB0_U64SL1_USFGRO0_VAW1_VS1_VW1_VWB1_VFLRP0_WSGRA0_WSGRB0_WS64_WG16_16_1_WGM8+0x1a30>
	v_mov_b32_e32 v1, 0                                        // 000000008504: 7E020280
	s_cmp_neq_f32 s21, 0                                       // 000000008508: BF4D8015
	s_mov_b32 s9, 0                                            // 00000000850C: BE890080
	s_cbranch_scc1 2214                                        // 000000008510: BFA208A6 <Cijk_Ailk_Bljk_SB_MT128x64x8_SN_1LDSB0_APM1_ABV0_ACED0_AF0EM1_AF1EM1_AMAS0_ASE_ASGT_ASLT_ASM_ASAE01_ASCE01_ASEM1_AAC0_BL0_BS1_CLR0_DTLA0_DTLB0_DTVA0_DTVB0_DVO0_ETSP_EPS0_ELFLR0_EMLL0_FSSC10_FL0_GLVWA1_GLVWB1_GRCGA1_GRCGB1_GRPM1_GRVW1_GSU1_GSUASB_GLS0_ISA000_IU1_K1_KLS_LBSPPA0_LBSPPB0_LPA0_LPB0_LDL1_LRVW1_LWPMn1_LDW0_FMA_MIAV0_MDA2_MO40_MMFSC_MKFGSU256_NTA0_NTB0_NTC0_NTD0_NEPBS0_NLCA1_NLCB1_ONLL1_OPLV0_PK0_PAP0_PGR0_PLR0_PKA0_SIA1_SLW1_SS0_SU32_SUM0_SUS256_SCIUI1_SPO0_SRVW0_SSO0_SVW4_SNLL0_TSGRA0_TSGRB0_TT8_4_TLDS0_UMLDSA0_UMLDSB0_U64SL1_USFGRO0_VAW1_VS1_VW1_VWB1_VFLRP0_WSGRA0_WSGRB0_WS64_WG16_16_1_WGM8+0x3bac>
	v_mul_f32_e32 v3, s20, v37                                 // 000000008514: 10064A14
	s_wait_alu 0xfffe                                          // 000000008518: BF88FFFE
	s_and_not1_b32 vcc_lo, exec_lo, s9                         // 00000000851C: 916A097E
	s_wait_alu 0xfffe                                          // 000000008520: BF88FFFE
	s_cbranch_vccnz 34                                         // 000000008524: BFA40022 <Cijk_Ailk_Bljk_SB_MT128x64x8_SN_1LDSB0_APM1_ABV0_ACED0_AF0EM1_AF1EM1_AMAS0_ASE_ASGT_ASLT_ASM_ASAE01_ASCE01_ASEM1_AAC0_BL0_BS1_CLR0_DTLA0_DTLB0_DTVA0_DTVB0_DVO0_ETSP_EPS0_ELFLR0_EMLL0_FSSC10_FL0_GLVWA1_GLVWB1_GRCGA1_GRCGB1_GRPM1_GRVW1_GSU1_GSUASB_GLS0_ISA000_IU1_K1_KLS_LBSPPA0_LBSPPB0_LPA0_LPB0_LDL1_LRVW1_LWPMn1_LDW0_FMA_MIAV0_MDA2_MO40_MMFSC_MKFGSU256_NTA0_NTB0_NTC0_NTD0_NEPBS0_NLCA1_NLCB1_ONLL1_OPLV0_PK0_PAP0_PGR0_PLR0_PKA0_SIA1_SLW1_SS0_SU32_SUM0_SUS256_SCIUI1_SPO0_SRVW0_SSO0_SVW4_SNLL0_TSGRA0_TSGRB0_TT8_4_TLDS0_UMLDSA0_UMLDSB0_U64SL1_USFGRO0_VAW1_VS1_VW1_VWB1_VFLRP0_WSGRA0_WSGRB0_WS64_WG16_16_1_WGM8+0x19b0>
	v_mad_co_u64_u32 v[6:7], null, v5, s24, 0                  // 000000008528: D6FE7C06 02003105
	v_lshlrev_b64_e32 v[8:9], 2, v[0:1]                        // 000000008530: 3E100082
	s_mov_b32 s17, 0                                           // 000000008534: BE910080
	s_mov_b32 s16, s25                                         // 000000008538: BE900019
	s_wait_alu 0xfffe                                          // 00000000853C: BF88FFFE
	s_mul_u64 s[16:17], s[10:11], s[16:17]                     // 000000008540: AA90100A
	s_wait_alu 0xfffe                                          // 000000008544: BF88FFFE
	s_lshl_b64 s[16:17], s[16:17], 2                           // 000000008548: 84908210
	v_lshlrev_b64_e32 v[6:7], 2, v[6:7]                        // 00000000854C: 3E0C0C82
	s_delay_alu instid0(VALU_DEP_1) | instskip(SKIP_1) | instid1(VALU_DEP_2)// 000000008550: BF870121
	v_add_co_u32 v4, vcc_lo, s14, v6                           // 000000008554: D7006A04 00020C0E
	s_wait_alu 0xfffd                                          // 00000000855C: BF88FFFD
	v_add_co_ci_u32_e64 v6, null, s15, v7, vcc_lo              // 000000008560: D5207C06 01AA0E0F
	s_delay_alu instid0(VALU_DEP_2) | instskip(SKIP_1) | instid1(VALU_DEP_2)// 000000008568: BF870122
	v_add_co_u32 v4, vcc_lo, v4, v8                            // 00000000856C: D7006A04 00021104
	s_wait_alu 0xfffd                                          // 000000008574: BF88FFFD
	v_add_co_ci_u32_e64 v7, null, v6, v9, vcc_lo               // 000000008578: D5207C07 01AA1306
	s_wait_alu 0xfffe                                          // 000000008580: BF88FFFE
	s_delay_alu instid0(VALU_DEP_2) | instskip(SKIP_1) | instid1(VALU_DEP_2)// 000000008584: BF870122
	v_add_co_u32 v6, vcc_lo, v4, s16                           // 000000008588: D7006A06 00002104
	s_wait_alu 0xfffd                                          // 000000008590: BF88FFFD
	v_add_co_ci_u32_e64 v7, null, s17, v7, vcc_lo              // 000000008594: D5207C07 01AA0E11
	global_load_b32 v4, v[6:7], off offset:384                 // 00000000859C: EE05007C 00000004 00018006
	s_wait_loadcnt 0x0                                         // 0000000085A8: BFC00000
	v_fmac_f32_e32 v3, s21, v4                                 // 0000000085AC: 56060815
	v_mad_co_u64_u32 v[6:7], null, v5, s22, 0                  // 0000000085B0: D6FE7C06 02002D05
	v_lshlrev_b64_e32 v[8:9], 2, v[0:1]                        // 0000000085B8: 3E100082
	s_mov_b32 s17, 0                                           // 0000000085BC: BE910080
	s_mov_b32 s16, s23                                         // 0000000085C0: BE900017
	s_wait_alu 0xfffe                                          // 0000000085C4: BF88FFFE
	s_mul_u64 s[16:17], s[10:11], s[16:17]                     // 0000000085C8: AA90100A
	s_wait_alu 0xfffe                                          // 0000000085CC: BF88FFFE
	s_lshl_b64 s[16:17], s[16:17], 2                           // 0000000085D0: 84908210
	v_lshlrev_b64_e32 v[6:7], 2, v[6:7]                        // 0000000085D4: 3E0C0C82
	s_delay_alu instid0(VALU_DEP_1) | instskip(SKIP_1) | instid1(VALU_DEP_2)// 0000000085D8: BF870121
	v_add_co_u32 v1, vcc_lo, s12, v6                           // 0000000085DC: D7006A01 00020C0C
	s_wait_alu 0xfffd                                          // 0000000085E4: BF88FFFD
	v_add_co_ci_u32_e64 v4, null, s13, v7, vcc_lo              // 0000000085E8: D5207C04 01AA0E0D
	s_delay_alu instid0(VALU_DEP_2) | instskip(SKIP_1) | instid1(VALU_DEP_2)// 0000000085F0: BF870122
	v_add_co_u32 v1, vcc_lo, v1, v8                            // 0000000085F4: D7006A01 00021101
	s_wait_alu 0xfffd                                          // 0000000085FC: BF88FFFD
	v_add_co_ci_u32_e64 v4, null, v4, v9, vcc_lo               // 000000008600: D5207C04 01AA1304
	s_wait_alu 0xfffe                                          // 000000008608: BF88FFFE
	s_delay_alu instid0(VALU_DEP_2) | instskip(SKIP_1) | instid1(VALU_DEP_2)// 00000000860C: BF870122
	v_add_co_u32 v6, vcc_lo, v1, s16                           // 000000008610: D7006A06 00002101
	s_wait_alu 0xfffd                                          // 000000008618: BF88FFFD
	v_add_co_ci_u32_e64 v7, null, s17, v4, vcc_lo              // 00000000861C: D5207C07 01AA0811
	global_store_b32 v[6:7], v3, off offset:384                // 000000008624: EE06807C 01800000 00018006
	s_wait_alu 0xfffe                                          // 000000008630: BF88FFFE
	s_or_b32 exec_lo, exec_lo, s7                              // 000000008634: 8C7E077E
	v_or_b32_e32 v1, 0x70, v0                                  // 000000008638: 380200FF 00000070
	s_delay_alu instid0(VALU_DEP_1)                            // 000000008640: BF870001
	v_cmp_gt_u32_e64 s7, s38, v1                               // 000000008644: D44C0007 00020226
	s_and_b32 s9, s7, s8                                       // 00000000864C: 8B090807
	s_wait_alu 0xfffe                                          // 000000008650: BF88FFFE
	s_and_saveexec_b32 s8, s9                                  // 000000008654: BE882009
	s_cbranch_execz 75                                         // 000000008658: BFA5004B <Cijk_Ailk_Bljk_SB_MT128x64x8_SN_1LDSB0_APM1_ABV0_ACED0_AF0EM1_AF1EM1_AMAS0_ASE_ASGT_ASLT_ASM_ASAE01_ASCE01_ASEM1_AAC0_BL0_BS1_CLR0_DTLA0_DTLB0_DTVA0_DTVB0_DVO0_ETSP_EPS0_ELFLR0_EMLL0_FSSC10_FL0_GLVWA1_GLVWB1_GRCGA1_GRCGB1_GRPM1_GRVW1_GSU1_GSUASB_GLS0_ISA000_IU1_K1_KLS_LBSPPA0_LBSPPB0_LPA0_LPB0_LDL1_LRVW1_LWPMn1_LDW0_FMA_MIAV0_MDA2_MO40_MMFSC_MKFGSU256_NTA0_NTB0_NTC0_NTD0_NEPBS0_NLCA1_NLCB1_ONLL1_OPLV0_PK0_PAP0_PGR0_PLR0_PKA0_SIA1_SLW1_SS0_SU32_SUM0_SUS256_SCIUI1_SPO0_SRVW0_SSO0_SVW4_SNLL0_TSGRA0_TSGRB0_TT8_4_TLDS0_UMLDSA0_UMLDSB0_U64SL1_USFGRO0_VAW1_VS1_VW1_VWB1_VFLRP0_WSGRA0_WSGRB0_WS64_WG16_16_1_WGM8+0x1b88>
	v_mov_b32_e32 v1, 0                                        // 00000000865C: 7E020280
	s_cmp_neq_f32 s21, 0                                       // 000000008660: BF4D8015
	s_mov_b32 s9, 0                                            // 000000008664: BE890080
	s_cbranch_scc1 2130                                        // 000000008668: BFA20852 <Cijk_Ailk_Bljk_SB_MT128x64x8_SN_1LDSB0_APM1_ABV0_ACED0_AF0EM1_AF1EM1_AMAS0_ASE_ASGT_ASLT_ASM_ASAE01_ASCE01_ASEM1_AAC0_BL0_BS1_CLR0_DTLA0_DTLB0_DTVA0_DTVB0_DVO0_ETSP_EPS0_ELFLR0_EMLL0_FSSC10_FL0_GLVWA1_GLVWB1_GRCGA1_GRCGB1_GRPM1_GRVW1_GSU1_GSUASB_GLS0_ISA000_IU1_K1_KLS_LBSPPA0_LBSPPB0_LPA0_LPB0_LDL1_LRVW1_LWPMn1_LDW0_FMA_MIAV0_MDA2_MO40_MMFSC_MKFGSU256_NTA0_NTB0_NTC0_NTD0_NEPBS0_NLCA1_NLCB1_ONLL1_OPLV0_PK0_PAP0_PGR0_PLR0_PKA0_SIA1_SLW1_SS0_SU32_SUM0_SUS256_SCIUI1_SPO0_SRVW0_SSO0_SVW4_SNLL0_TSGRA0_TSGRB0_TT8_4_TLDS0_UMLDSA0_UMLDSB0_U64SL1_USFGRO0_VAW1_VS1_VW1_VWB1_VFLRP0_WSGRA0_WSGRB0_WS64_WG16_16_1_WGM8+0x3bb4>
	v_mul_f32_e32 v3, s20, v36                                 // 00000000866C: 10064814
	s_wait_alu 0xfffe                                          // 000000008670: BF88FFFE
	s_and_not1_b32 vcc_lo, exec_lo, s9                         // 000000008674: 916A097E
	s_wait_alu 0xfffe                                          // 000000008678: BF88FFFE
	s_cbranch_vccnz 34                                         // 00000000867C: BFA40022 <Cijk_Ailk_Bljk_SB_MT128x64x8_SN_1LDSB0_APM1_ABV0_ACED0_AF0EM1_AF1EM1_AMAS0_ASE_ASGT_ASLT_ASM_ASAE01_ASCE01_ASEM1_AAC0_BL0_BS1_CLR0_DTLA0_DTLB0_DTVA0_DTVB0_DVO0_ETSP_EPS0_ELFLR0_EMLL0_FSSC10_FL0_GLVWA1_GLVWB1_GRCGA1_GRCGB1_GRPM1_GRVW1_GSU1_GSUASB_GLS0_ISA000_IU1_K1_KLS_LBSPPA0_LBSPPB0_LPA0_LPB0_LDL1_LRVW1_LWPMn1_LDW0_FMA_MIAV0_MDA2_MO40_MMFSC_MKFGSU256_NTA0_NTB0_NTC0_NTD0_NEPBS0_NLCA1_NLCB1_ONLL1_OPLV0_PK0_PAP0_PGR0_PLR0_PKA0_SIA1_SLW1_SS0_SU32_SUM0_SUS256_SCIUI1_SPO0_SRVW0_SSO0_SVW4_SNLL0_TSGRA0_TSGRB0_TT8_4_TLDS0_UMLDSA0_UMLDSB0_U64SL1_USFGRO0_VAW1_VS1_VW1_VWB1_VFLRP0_WSGRA0_WSGRB0_WS64_WG16_16_1_WGM8+0x1b08>
	v_mad_co_u64_u32 v[6:7], null, v5, s24, 0                  // 000000008680: D6FE7C06 02003105
	v_lshlrev_b64_e32 v[8:9], 2, v[0:1]                        // 000000008688: 3E100082
	s_mov_b32 s17, 0                                           // 00000000868C: BE910080
	s_mov_b32 s16, s25                                         // 000000008690: BE900019
	s_wait_alu 0xfffe                                          // 000000008694: BF88FFFE
	s_mul_u64 s[16:17], s[10:11], s[16:17]                     // 000000008698: AA90100A
	s_wait_alu 0xfffe                                          // 00000000869C: BF88FFFE
	s_lshl_b64 s[16:17], s[16:17], 2                           // 0000000086A0: 84908210
	v_lshlrev_b64_e32 v[6:7], 2, v[6:7]                        // 0000000086A4: 3E0C0C82
	s_delay_alu instid0(VALU_DEP_1) | instskip(SKIP_1) | instid1(VALU_DEP_2)// 0000000086A8: BF870121
	v_add_co_u32 v4, vcc_lo, s14, v6                           // 0000000086AC: D7006A04 00020C0E
	s_wait_alu 0xfffd                                          // 0000000086B4: BF88FFFD
	v_add_co_ci_u32_e64 v6, null, s15, v7, vcc_lo              // 0000000086B8: D5207C06 01AA0E0F
	s_delay_alu instid0(VALU_DEP_2) | instskip(SKIP_1) | instid1(VALU_DEP_2)// 0000000086C0: BF870122
	v_add_co_u32 v4, vcc_lo, v4, v8                            // 0000000086C4: D7006A04 00021104
	s_wait_alu 0xfffd                                          // 0000000086CC: BF88FFFD
	v_add_co_ci_u32_e64 v7, null, v6, v9, vcc_lo               // 0000000086D0: D5207C07 01AA1306
	s_wait_alu 0xfffe                                          // 0000000086D8: BF88FFFE
	s_delay_alu instid0(VALU_DEP_2) | instskip(SKIP_1) | instid1(VALU_DEP_2)// 0000000086DC: BF870122
	v_add_co_u32 v6, vcc_lo, v4, s16                           // 0000000086E0: D7006A06 00002104
	s_wait_alu 0xfffd                                          // 0000000086E8: BF88FFFD
	v_add_co_ci_u32_e64 v7, null, s17, v7, vcc_lo              // 0000000086EC: D5207C07 01AA0E11
	global_load_b32 v4, v[6:7], off offset:448                 // 0000000086F4: EE05007C 00000004 0001C006
	s_wait_loadcnt 0x0                                         // 000000008700: BFC00000
	v_fmac_f32_e32 v3, s21, v4                                 // 000000008704: 56060815
	v_mad_co_u64_u32 v[6:7], null, v5, s22, 0                  // 000000008708: D6FE7C06 02002D05
	v_lshlrev_b64_e32 v[8:9], 2, v[0:1]                        // 000000008710: 3E100082
	s_mov_b32 s17, 0                                           // 000000008714: BE910080
	s_mov_b32 s16, s23                                         // 000000008718: BE900017
	s_wait_alu 0xfffe                                          // 00000000871C: BF88FFFE
	s_mul_u64 s[16:17], s[10:11], s[16:17]                     // 000000008720: AA90100A
	s_wait_alu 0xfffe                                          // 000000008724: BF88FFFE
	s_lshl_b64 s[16:17], s[16:17], 2                           // 000000008728: 84908210
	v_lshlrev_b64_e32 v[6:7], 2, v[6:7]                        // 00000000872C: 3E0C0C82
	s_delay_alu instid0(VALU_DEP_1) | instskip(SKIP_1) | instid1(VALU_DEP_2)// 000000008730: BF870121
	v_add_co_u32 v1, vcc_lo, s12, v6                           // 000000008734: D7006A01 00020C0C
	s_wait_alu 0xfffd                                          // 00000000873C: BF88FFFD
	v_add_co_ci_u32_e64 v4, null, s13, v7, vcc_lo              // 000000008740: D5207C04 01AA0E0D
	s_delay_alu instid0(VALU_DEP_2) | instskip(SKIP_1) | instid1(VALU_DEP_2)// 000000008748: BF870122
	v_add_co_u32 v1, vcc_lo, v1, v8                            // 00000000874C: D7006A01 00021101
	s_wait_alu 0xfffd                                          // 000000008754: BF88FFFD
	v_add_co_ci_u32_e64 v4, null, v4, v9, vcc_lo               // 000000008758: D5207C04 01AA1304
	s_wait_alu 0xfffe                                          // 000000008760: BF88FFFE
	s_delay_alu instid0(VALU_DEP_2) | instskip(SKIP_1) | instid1(VALU_DEP_2)// 000000008764: BF870122
	v_add_co_u32 v6, vcc_lo, v1, s16                           // 000000008768: D7006A06 00002101
	s_wait_alu 0xfffd                                          // 000000008770: BF88FFFD
	v_add_co_ci_u32_e64 v7, null, s17, v4, vcc_lo              // 000000008774: D5207C07 01AA0811
	global_store_b32 v[6:7], v3, off offset:448                // 00000000877C: EE06807C 01800000 0001C006
	s_wait_alu 0xfffe                                          // 000000008788: BF88FFFE
	s_or_b32 exec_lo, exec_lo, s8                              // 00000000878C: 8C7E087E
	v_add_nc_u32_e32 v6, 16, v5                                // 000000008790: 4A0C0A90
	s_delay_alu instid0(VALU_DEP_1)                            // 000000008794: BF870001
	v_cmp_gt_u32_e64 s8, s39, v6                               // 000000008798: D44C0008 00020C27
	s_and_b32 s16, s0, s8                                      // 0000000087A0: 8B100800
	s_wait_alu 0xfffe                                          // 0000000087A4: BF88FFFE
	s_and_saveexec_b32 s9, s16                                 // 0000000087A8: BE892010
	s_cbranch_execnz 43                                        // 0000000087AC: BFA6002B <Cijk_Ailk_Bljk_SB_MT128x64x8_SN_1LDSB0_APM1_ABV0_ACED0_AF0EM1_AF1EM1_AMAS0_ASE_ASGT_ASLT_ASM_ASAE01_ASCE01_ASEM1_AAC0_BL0_BS1_CLR0_DTLA0_DTLB0_DTVA0_DTVB0_DVO0_ETSP_EPS0_ELFLR0_EMLL0_FSSC10_FL0_GLVWA1_GLVWB1_GRCGA1_GRCGB1_GRPM1_GRVW1_GSU1_GSUASB_GLS0_ISA000_IU1_K1_KLS_LBSPPA0_LBSPPB0_LPA0_LPB0_LDL1_LRVW1_LWPMn1_LDW0_FMA_MIAV0_MDA2_MO40_MMFSC_MKFGSU256_NTA0_NTB0_NTC0_NTD0_NEPBS0_NLCA1_NLCB1_ONLL1_OPLV0_PK0_PAP0_PGR0_PLR0_PKA0_SIA1_SLW1_SS0_SU32_SUM0_SUS256_SCIUI1_SPO0_SRVW0_SSO0_SVW4_SNLL0_TSGRA0_TSGRB0_TT8_4_TLDS0_UMLDSA0_UMLDSB0_U64SL1_USFGRO0_VAW1_VS1_VW1_VWB1_VFLRP0_WSGRA0_WSGRB0_WS64_WG16_16_1_WGM8+0x1c5c>
	s_wait_alu 0xfffe                                          // 0000000087B0: BF88FFFE
	s_or_b32 exec_lo, exec_lo, s9                              // 0000000087B4: 8C7E097E
	s_and_b32 s16, s1, s8                                      // 0000000087B8: 8B100801
	s_wait_alu 0xfffe                                          // 0000000087BC: BF88FFFE
	s_and_saveexec_b32 s9, s16                                 // 0000000087C0: BE892010
	s_cbranch_execnz 111                                       // 0000000087C4: BFA6006F <Cijk_Ailk_Bljk_SB_MT128x64x8_SN_1LDSB0_APM1_ABV0_ACED0_AF0EM1_AF1EM1_AMAS0_ASE_ASGT_ASLT_ASM_ASAE01_ASCE01_ASEM1_AAC0_BL0_BS1_CLR0_DTLA0_DTLB0_DTVA0_DTVB0_DVO0_ETSP_EPS0_ELFLR0_EMLL0_FSSC10_FL0_GLVWA1_GLVWB1_GRCGA1_GRCGB1_GRPM1_GRVW1_GSU1_GSUASB_GLS0_ISA000_IU1_K1_KLS_LBSPPA0_LBSPPB0_LPA0_LPB0_LDL1_LRVW1_LWPMn1_LDW0_FMA_MIAV0_MDA2_MO40_MMFSC_MKFGSU256_NTA0_NTB0_NTC0_NTD0_NEPBS0_NLCA1_NLCB1_ONLL1_OPLV0_PK0_PAP0_PGR0_PLR0_PKA0_SIA1_SLW1_SS0_SU32_SUM0_SUS256_SCIUI1_SPO0_SRVW0_SSO0_SVW4_SNLL0_TSGRA0_TSGRB0_TT8_4_TLDS0_UMLDSA0_UMLDSB0_U64SL1_USFGRO0_VAW1_VS1_VW1_VWB1_VFLRP0_WSGRA0_WSGRB0_WS64_WG16_16_1_WGM8+0x1d84>
	s_wait_alu 0xfffe                                          // 0000000087C8: BF88FFFE
	s_or_b32 exec_lo, exec_lo, s9                              // 0000000087CC: 8C7E097E
	s_and_b32 s16, s2, s8                                      // 0000000087D0: 8B100802
	s_wait_alu 0xfffe                                          // 0000000087D4: BF88FFFE
	s_and_saveexec_b32 s9, s16                                 // 0000000087D8: BE892010
	s_cbranch_execnz 185                                       // 0000000087DC: BFA600B9 <Cijk_Ailk_Bljk_SB_MT128x64x8_SN_1LDSB0_APM1_ABV0_ACED0_AF0EM1_AF1EM1_AMAS0_ASE_ASGT_ASLT_ASM_ASAE01_ASCE01_ASEM1_AAC0_BL0_BS1_CLR0_DTLA0_DTLB0_DTVA0_DTVB0_DVO0_ETSP_EPS0_ELFLR0_EMLL0_FSSC10_FL0_GLVWA1_GLVWB1_GRCGA1_GRCGB1_GRPM1_GRVW1_GSU1_GSUASB_GLS0_ISA000_IU1_K1_KLS_LBSPPA0_LBSPPB0_LPA0_LPB0_LDL1_LRVW1_LWPMn1_LDW0_FMA_MIAV0_MDA2_MO40_MMFSC_MKFGSU256_NTA0_NTB0_NTC0_NTD0_NEPBS0_NLCA1_NLCB1_ONLL1_OPLV0_PK0_PAP0_PGR0_PLR0_PKA0_SIA1_SLW1_SS0_SU32_SUM0_SUS256_SCIUI1_SPO0_SRVW0_SSO0_SVW4_SNLL0_TSGRA0_TSGRB0_TT8_4_TLDS0_UMLDSA0_UMLDSB0_U64SL1_USFGRO0_VAW1_VS1_VW1_VWB1_VFLRP0_WSGRA0_WSGRB0_WS64_WG16_16_1_WGM8+0x1ec4>
	s_wait_alu 0xfffe                                          // 0000000087E0: BF88FFFE
	s_or_b32 exec_lo, exec_lo, s9                              // 0000000087E4: 8C7E097E
	s_and_b32 s16, s3, s8                                      // 0000000087E8: 8B100803
	s_wait_alu 0xfffe                                          // 0000000087EC: BF88FFFE
	s_and_saveexec_b32 s9, s16                                 // 0000000087F0: BE892010
	s_cbranch_execnz 259                                       // 0000000087F4: BFA60103 <Cijk_Ailk_Bljk_SB_MT128x64x8_SN_1LDSB0_APM1_ABV0_ACED0_AF0EM1_AF1EM1_AMAS0_ASE_ASGT_ASLT_ASM_ASAE01_ASCE01_ASEM1_AAC0_BL0_BS1_CLR0_DTLA0_DTLB0_DTVA0_DTVB0_DVO0_ETSP_EPS0_ELFLR0_EMLL0_FSSC10_FL0_GLVWA1_GLVWB1_GRCGA1_GRCGB1_GRPM1_GRVW1_GSU1_GSUASB_GLS0_ISA000_IU1_K1_KLS_LBSPPA0_LBSPPB0_LPA0_LPB0_LDL1_LRVW1_LWPMn1_LDW0_FMA_MIAV0_MDA2_MO40_MMFSC_MKFGSU256_NTA0_NTB0_NTC0_NTD0_NEPBS0_NLCA1_NLCB1_ONLL1_OPLV0_PK0_PAP0_PGR0_PLR0_PKA0_SIA1_SLW1_SS0_SU32_SUM0_SUS256_SCIUI1_SPO0_SRVW0_SSO0_SVW4_SNLL0_TSGRA0_TSGRB0_TT8_4_TLDS0_UMLDSA0_UMLDSB0_U64SL1_USFGRO0_VAW1_VS1_VW1_VWB1_VFLRP0_WSGRA0_WSGRB0_WS64_WG16_16_1_WGM8+0x2004>
	s_wait_alu 0xfffe                                          // 0000000087F8: BF88FFFE
	s_or_b32 exec_lo, exec_lo, s9                              // 0000000087FC: 8C7E097E
	s_and_b32 s16, s4, s8                                      // 000000008800: 8B100804
	s_wait_alu 0xfffe                                          // 000000008804: BF88FFFE
	s_and_saveexec_b32 s9, s16                                 // 000000008808: BE892010
	s_cbranch_execnz 333                                       // 00000000880C: BFA6014D <Cijk_Ailk_Bljk_SB_MT128x64x8_SN_1LDSB0_APM1_ABV0_ACED0_AF0EM1_AF1EM1_AMAS0_ASE_ASGT_ASLT_ASM_ASAE01_ASCE01_ASEM1_AAC0_BL0_BS1_CLR0_DTLA0_DTLB0_DTVA0_DTVB0_DVO0_ETSP_EPS0_ELFLR0_EMLL0_FSSC10_FL0_GLVWA1_GLVWB1_GRCGA1_GRCGB1_GRPM1_GRVW1_GSU1_GSUASB_GLS0_ISA000_IU1_K1_KLS_LBSPPA0_LBSPPB0_LPA0_LPB0_LDL1_LRVW1_LWPMn1_LDW0_FMA_MIAV0_MDA2_MO40_MMFSC_MKFGSU256_NTA0_NTB0_NTC0_NTD0_NEPBS0_NLCA1_NLCB1_ONLL1_OPLV0_PK0_PAP0_PGR0_PLR0_PKA0_SIA1_SLW1_SS0_SU32_SUM0_SUS256_SCIUI1_SPO0_SRVW0_SSO0_SVW4_SNLL0_TSGRA0_TSGRB0_TT8_4_TLDS0_UMLDSA0_UMLDSB0_U64SL1_USFGRO0_VAW1_VS1_VW1_VWB1_VFLRP0_WSGRA0_WSGRB0_WS64_WG16_16_1_WGM8+0x2144>
	s_wait_alu 0xfffe                                          // 000000008810: BF88FFFE
	s_or_b32 exec_lo, exec_lo, s9                              // 000000008814: 8C7E097E
	s_and_b32 s16, s5, s8                                      // 000000008818: 8B100805
	s_wait_alu 0xfffe                                          // 00000000881C: BF88FFFE
	s_and_saveexec_b32 s9, s16                                 // 000000008820: BE892010
	s_cbranch_execnz 407                                       // 000000008824: BFA60197 <Cijk_Ailk_Bljk_SB_MT128x64x8_SN_1LDSB0_APM1_ABV0_ACED0_AF0EM1_AF1EM1_AMAS0_ASE_ASGT_ASLT_ASM_ASAE01_ASCE01_ASEM1_AAC0_BL0_BS1_CLR0_DTLA0_DTLB0_DTVA0_DTVB0_DVO0_ETSP_EPS0_ELFLR0_EMLL0_FSSC10_FL0_GLVWA1_GLVWB1_GRCGA1_GRCGB1_GRPM1_GRVW1_GSU1_GSUASB_GLS0_ISA000_IU1_K1_KLS_LBSPPA0_LBSPPB0_LPA0_LPB0_LDL1_LRVW1_LWPMn1_LDW0_FMA_MIAV0_MDA2_MO40_MMFSC_MKFGSU256_NTA0_NTB0_NTC0_NTD0_NEPBS0_NLCA1_NLCB1_ONLL1_OPLV0_PK0_PAP0_PGR0_PLR0_PKA0_SIA1_SLW1_SS0_SU32_SUM0_SUS256_SCIUI1_SPO0_SRVW0_SSO0_SVW4_SNLL0_TSGRA0_TSGRB0_TT8_4_TLDS0_UMLDSA0_UMLDSB0_U64SL1_USFGRO0_VAW1_VS1_VW1_VWB1_VFLRP0_WSGRA0_WSGRB0_WS64_WG16_16_1_WGM8+0x2284>
	s_wait_alu 0xfffe                                          // 000000008828: BF88FFFE
	s_or_b32 exec_lo, exec_lo, s9                              // 00000000882C: 8C7E097E
	s_and_b32 s16, s6, s8                                      // 000000008830: 8B100806
	s_wait_alu 0xfffe                                          // 000000008834: BF88FFFE
	s_and_saveexec_b32 s9, s16                                 // 000000008838: BE892010
	s_cbranch_execnz 481                                       // 00000000883C: BFA601E1 <Cijk_Ailk_Bljk_SB_MT128x64x8_SN_1LDSB0_APM1_ABV0_ACED0_AF0EM1_AF1EM1_AMAS0_ASE_ASGT_ASLT_ASM_ASAE01_ASCE01_ASEM1_AAC0_BL0_BS1_CLR0_DTLA0_DTLB0_DTVA0_DTVB0_DVO0_ETSP_EPS0_ELFLR0_EMLL0_FSSC10_FL0_GLVWA1_GLVWB1_GRCGA1_GRCGB1_GRPM1_GRVW1_GSU1_GSUASB_GLS0_ISA000_IU1_K1_KLS_LBSPPA0_LBSPPB0_LPA0_LPB0_LDL1_LRVW1_LWPMn1_LDW0_FMA_MIAV0_MDA2_MO40_MMFSC_MKFGSU256_NTA0_NTB0_NTC0_NTD0_NEPBS0_NLCA1_NLCB1_ONLL1_OPLV0_PK0_PAP0_PGR0_PLR0_PKA0_SIA1_SLW1_SS0_SU32_SUM0_SUS256_SCIUI1_SPO0_SRVW0_SSO0_SVW4_SNLL0_TSGRA0_TSGRB0_TT8_4_TLDS0_UMLDSA0_UMLDSB0_U64SL1_USFGRO0_VAW1_VS1_VW1_VWB1_VFLRP0_WSGRA0_WSGRB0_WS64_WG16_16_1_WGM8+0x23c4>
	s_wait_alu 0xfffe                                          // 000000008840: BF88FFFE
	s_or_b32 exec_lo, exec_lo, s9                              // 000000008844: 8C7E097E
	s_and_b32 s9, s7, s8                                       // 000000008848: 8B090807
	s_wait_alu 0xfffe                                          // 00000000884C: BF88FFFE
	s_and_saveexec_b32 s8, s9                                  // 000000008850: BE882009
	s_cbranch_execnz 555                                       // 000000008854: BFA6022B <Cijk_Ailk_Bljk_SB_MT128x64x8_SN_1LDSB0_APM1_ABV0_ACED0_AF0EM1_AF1EM1_AMAS0_ASE_ASGT_ASLT_ASM_ASAE01_ASCE01_ASEM1_AAC0_BL0_BS1_CLR0_DTLA0_DTLB0_DTVA0_DTVB0_DVO0_ETSP_EPS0_ELFLR0_EMLL0_FSSC10_FL0_GLVWA1_GLVWB1_GRCGA1_GRCGB1_GRPM1_GRVW1_GSU1_GSUASB_GLS0_ISA000_IU1_K1_KLS_LBSPPA0_LBSPPB0_LPA0_LPB0_LDL1_LRVW1_LWPMn1_LDW0_FMA_MIAV0_MDA2_MO40_MMFSC_MKFGSU256_NTA0_NTB0_NTC0_NTD0_NEPBS0_NLCA1_NLCB1_ONLL1_OPLV0_PK0_PAP0_PGR0_PLR0_PKA0_SIA1_SLW1_SS0_SU32_SUM0_SUS256_SCIUI1_SPO0_SRVW0_SSO0_SVW4_SNLL0_TSGRA0_TSGRB0_TT8_4_TLDS0_UMLDSA0_UMLDSB0_U64SL1_USFGRO0_VAW1_VS1_VW1_VWB1_VFLRP0_WSGRA0_WSGRB0_WS64_WG16_16_1_WGM8+0x2504>
	s_branch 629                                               // 000000008858: BFA00275 <Cijk_Ailk_Bljk_SB_MT128x64x8_SN_1LDSB0_APM1_ABV0_ACED0_AF0EM1_AF1EM1_AMAS0_ASE_ASGT_ASLT_ASM_ASAE01_ASCE01_ASEM1_AAC0_BL0_BS1_CLR0_DTLA0_DTLB0_DTVA0_DTVB0_DVO0_ETSP_EPS0_ELFLR0_EMLL0_FSSC10_FL0_GLVWA1_GLVWB1_GRCGA1_GRCGB1_GRPM1_GRVW1_GSU1_GSUASB_GLS0_ISA000_IU1_K1_KLS_LBSPPA0_LBSPPB0_LPA0_LPB0_LDL1_LRVW1_LWPMn1_LDW0_FMA_MIAV0_MDA2_MO40_MMFSC_MKFGSU256_NTA0_NTB0_NTC0_NTD0_NEPBS0_NLCA1_NLCB1_ONLL1_OPLV0_PK0_PAP0_PGR0_PLR0_PKA0_SIA1_SLW1_SS0_SU32_SUM0_SUS256_SCIUI1_SPO0_SRVW0_SSO0_SVW4_SNLL0_TSGRA0_TSGRB0_TT8_4_TLDS0_UMLDSA0_UMLDSB0_U64SL1_USFGRO0_VAW1_VS1_VW1_VWB1_VFLRP0_WSGRA0_WSGRB0_WS64_WG16_16_1_WGM8+0x2630>
	v_mov_b32_e32 v1, 0                                        // 00000000885C: 7E020280
	s_cmp_eq_f32 s21, 0                                        // 000000008860: BF428015
	s_mov_b32 s17, 0                                           // 000000008864: BE910080
	s_delay_alu instid0(VALU_DEP_1)                            // 000000008868: BF870001
	v_lshlrev_b64_e32 v[3:4], 2, v[0:1]                        // 00000000886C: 3E060082
	v_mul_f32_e32 v1, s20, v35                                 // 000000008870: 10024614
	s_cbranch_scc1 32                                          // 000000008874: BFA20020 <Cijk_Ailk_Bljk_SB_MT128x64x8_SN_1LDSB0_APM1_ABV0_ACED0_AF0EM1_AF1EM1_AMAS0_ASE_ASGT_ASLT_ASM_ASAE01_ASCE01_ASEM1_AAC0_BL0_BS1_CLR0_DTLA0_DTLB0_DTVA0_DTVB0_DVO0_ETSP_EPS0_ELFLR0_EMLL0_FSSC10_FL0_GLVWA1_GLVWB1_GRCGA1_GRCGB1_GRPM1_GRVW1_GSU1_GSUASB_GLS0_ISA000_IU1_K1_KLS_LBSPPA0_LBSPPB0_LPA0_LPB0_LDL1_LRVW1_LWPMn1_LDW0_FMA_MIAV0_MDA2_MO40_MMFSC_MKFGSU256_NTA0_NTB0_NTC0_NTD0_NEPBS0_NLCA1_NLCB1_ONLL1_OPLV0_PK0_PAP0_PGR0_PLR0_PKA0_SIA1_SLW1_SS0_SU32_SUM0_SUS256_SCIUI1_SPO0_SRVW0_SSO0_SVW4_SNLL0_TSGRA0_TSGRB0_TT8_4_TLDS0_UMLDSA0_UMLDSB0_U64SL1_USFGRO0_VAW1_VS1_VW1_VWB1_VFLRP0_WSGRA0_WSGRB0_WS64_WG16_16_1_WGM8+0x1cf8>
	v_mad_co_u64_u32 v[7:8], null, v6, s24, 0                  // 000000008878: D6FE7C07 02003106
	s_mov_b32 s16, s25                                         // 000000008880: BE900019
	s_wait_alu 0xfffe                                          // 000000008884: BF88FFFE
	s_mul_u64 s[18:19], s[10:11], s[16:17]                     // 000000008888: AA92100A
	s_wait_alu 0xfffe                                          // 00000000888C: BF88FFFE
	s_lshl_b64 s[18:19], s[18:19], 2                           // 000000008890: 84928212
	v_lshlrev_b64_e32 v[7:8], 2, v[7:8]                        // 000000008894: 3E0E0E82
	s_delay_alu instid0(VALU_DEP_1) | instskip(SKIP_1) | instid1(VALU_DEP_2)// 000000008898: BF870121
	v_add_co_u32 v7, vcc_lo, s14, v7                           // 00000000889C: D7006A07 00020E0E
	s_wait_alu 0xfffd                                          // 0000000088A4: BF88FFFD
	v_add_co_ci_u32_e64 v8, null, s15, v8, vcc_lo              // 0000000088A8: D5207C08 01AA100F
	s_delay_alu instid0(VALU_DEP_2) | instskip(SKIP_1) | instid1(VALU_DEP_2)// 0000000088B0: BF870122
	v_add_co_u32 v7, vcc_lo, v7, v3                            // 0000000088B4: D7006A07 00020707
	s_wait_alu 0xfffd                                          // 0000000088BC: BF88FFFD
	v_add_co_ci_u32_e64 v8, null, v8, v4, vcc_lo               // 0000000088C0: D5207C08 01AA0908
	s_wait_alu 0xfffe                                          // 0000000088C8: BF88FFFE
	s_delay_alu instid0(VALU_DEP_2) | instskip(SKIP_1) | instid1(VALU_DEP_2)// 0000000088CC: BF870122
	v_add_co_u32 v7, vcc_lo, v7, s18                           // 0000000088D0: D7006A07 00002507
	s_wait_alu 0xfffd                                          // 0000000088D8: BF88FFFD
	v_add_co_ci_u32_e64 v8, null, s19, v8, vcc_lo              // 0000000088DC: D5207C08 01AA1013
	global_load_b32 v7, v[7:8], off                            // 0000000088E4: EE05007C 00000007 00000007
	s_wait_loadcnt 0x0                                         // 0000000088F0: BFC00000
	v_fmac_f32_e32 v1, s21, v7                                 // 0000000088F4: 56020E15
	v_mad_co_u64_u32 v[7:8], null, v6, s22, 0                  // 0000000088F8: D6FE7C07 02002D06
	s_mov_b32 s16, s23                                         // 000000008900: BE900017
	s_wait_alu 0xfffe                                          // 000000008904: BF88FFFE
	s_mul_u64 s[16:17], s[10:11], s[16:17]                     // 000000008908: AA90100A
	s_wait_alu 0xfffe                                          // 00000000890C: BF88FFFE
	s_lshl_b64 s[16:17], s[16:17], 2                           // 000000008910: 84908210
	v_lshlrev_b64_e32 v[7:8], 2, v[7:8]                        // 000000008914: 3E0E0E82
	s_delay_alu instid0(VALU_DEP_1) | instskip(SKIP_1) | instid1(VALU_DEP_2)// 000000008918: BF870121
	v_add_co_u32 v7, vcc_lo, s12, v7                           // 00000000891C: D7006A07 00020E0C
	s_wait_alu 0xfffd                                          // 000000008924: BF88FFFD
	v_add_co_ci_u32_e64 v8, null, s13, v8, vcc_lo              // 000000008928: D5207C08 01AA100D
	s_delay_alu instid0(VALU_DEP_2) | instskip(SKIP_1) | instid1(VALU_DEP_2)// 000000008930: BF870122
	v_add_co_u32 v3, vcc_lo, v7, v3                            // 000000008934: D7006A03 00020707
	s_wait_alu 0xfffd                                          // 00000000893C: BF88FFFD
	v_add_co_ci_u32_e64 v4, null, v8, v4, vcc_lo               // 000000008940: D5207C04 01AA0908
	s_wait_alu 0xfffe                                          // 000000008948: BF88FFFE
	s_delay_alu instid0(VALU_DEP_2) | instskip(SKIP_1) | instid1(VALU_DEP_2)// 00000000894C: BF870122
	v_add_co_u32 v3, vcc_lo, v3, s16                           // 000000008950: D7006A03 00002103
	s_wait_alu 0xfffd                                          // 000000008958: BF88FFFD
	v_add_co_ci_u32_e64 v4, null, s17, v4, vcc_lo              // 00000000895C: D5207C04 01AA0811
	global_store_b32 v[3:4], v1, off                           // 000000008964: EE06807C 00800000 00000003
	s_or_b32 exec_lo, exec_lo, s9                              // 000000008970: 8C7E097E
	s_and_b32 s16, s1, s8                                      // 000000008974: 8B100801
	s_wait_alu 0xfffe                                          // 000000008978: BF88FFFE
	s_and_saveexec_b32 s9, s16                                 // 00000000897C: BE892010
	s_cbranch_execz 65425                                      // 000000008980: BFA5FF91 <Cijk_Ailk_Bljk_SB_MT128x64x8_SN_1LDSB0_APM1_ABV0_ACED0_AF0EM1_AF1EM1_AMAS0_ASE_ASGT_ASLT_ASM_ASAE01_ASCE01_ASEM1_AAC0_BL0_BS1_CLR0_DTLA0_DTLB0_DTVA0_DTVB0_DVO0_ETSP_EPS0_ELFLR0_EMLL0_FSSC10_FL0_GLVWA1_GLVWB1_GRCGA1_GRCGB1_GRPM1_GRVW1_GSU1_GSUASB_GLS0_ISA000_IU1_K1_KLS_LBSPPA0_LBSPPB0_LPA0_LPB0_LDL1_LRVW1_LWPMn1_LDW0_FMA_MIAV0_MDA2_MO40_MMFSC_MKFGSU256_NTA0_NTB0_NTC0_NTD0_NEPBS0_NLCA1_NLCB1_ONLL1_OPLV0_PK0_PAP0_PGR0_PLR0_PKA0_SIA1_SLW1_SS0_SU32_SUM0_SUS256_SCIUI1_SPO0_SRVW0_SSO0_SVW4_SNLL0_TSGRA0_TSGRB0_TT8_4_TLDS0_UMLDSA0_UMLDSB0_U64SL1_USFGRO0_VAW1_VS1_VW1_VWB1_VFLRP0_WSGRA0_WSGRB0_WS64_WG16_16_1_WGM8+0x1bc8>
	v_mov_b32_e32 v1, 0                                        // 000000008984: 7E020280
	s_cmp_neq_f32 s21, 0                                       // 000000008988: BF4D8015
	s_mov_b32 s16, 0                                           // 00000000898C: BE900080
	s_cbranch_scc1 1930                                        // 000000008990: BFA2078A <Cijk_Ailk_Bljk_SB_MT128x64x8_SN_1LDSB0_APM1_ABV0_ACED0_AF0EM1_AF1EM1_AMAS0_ASE_ASGT_ASLT_ASM_ASAE01_ASCE01_ASEM1_AAC0_BL0_BS1_CLR0_DTLA0_DTLB0_DTVA0_DTVB0_DVO0_ETSP_EPS0_ELFLR0_EMLL0_FSSC10_FL0_GLVWA1_GLVWB1_GRCGA1_GRCGB1_GRPM1_GRVW1_GSU1_GSUASB_GLS0_ISA000_IU1_K1_KLS_LBSPPA0_LBSPPB0_LPA0_LPB0_LDL1_LRVW1_LWPMn1_LDW0_FMA_MIAV0_MDA2_MO40_MMFSC_MKFGSU256_NTA0_NTB0_NTC0_NTD0_NEPBS0_NLCA1_NLCB1_ONLL1_OPLV0_PK0_PAP0_PGR0_PLR0_PKA0_SIA1_SLW1_SS0_SU32_SUM0_SUS256_SCIUI1_SPO0_SRVW0_SSO0_SVW4_SNLL0_TSGRA0_TSGRB0_TT8_4_TLDS0_UMLDSA0_UMLDSB0_U64SL1_USFGRO0_VAW1_VS1_VW1_VWB1_VFLRP0_WSGRA0_WSGRB0_WS64_WG16_16_1_WGM8+0x3bbc>
	v_mul_f32_e32 v3, s20, v34                                 // 000000008994: 10064414
	s_wait_alu 0xfffe                                          // 000000008998: BF88FFFE
	s_and_not1_b32 vcc_lo, exec_lo, s16                        // 00000000899C: 916A107E
	s_wait_alu 0xfffe                                          // 0000000089A0: BF88FFFE
	s_cbranch_vccnz 34                                         // 0000000089A4: BFA40022 <Cijk_Ailk_Bljk_SB_MT128x64x8_SN_1LDSB0_APM1_ABV0_ACED0_AF0EM1_AF1EM1_AMAS0_ASE_ASGT_ASLT_ASM_ASAE01_ASCE01_ASEM1_AAC0_BL0_BS1_CLR0_DTLA0_DTLB0_DTVA0_DTVB0_DVO0_ETSP_EPS0_ELFLR0_EMLL0_FSSC10_FL0_GLVWA1_GLVWB1_GRCGA1_GRCGB1_GRPM1_GRVW1_GSU1_GSUASB_GLS0_ISA000_IU1_K1_KLS_LBSPPA0_LBSPPB0_LPA0_LPB0_LDL1_LRVW1_LWPMn1_LDW0_FMA_MIAV0_MDA2_MO40_MMFSC_MKFGSU256_NTA0_NTB0_NTC0_NTD0_NEPBS0_NLCA1_NLCB1_ONLL1_OPLV0_PK0_PAP0_PGR0_PLR0_PKA0_SIA1_SLW1_SS0_SU32_SUM0_SUS256_SCIUI1_SPO0_SRVW0_SSO0_SVW4_SNLL0_TSGRA0_TSGRB0_TT8_4_TLDS0_UMLDSA0_UMLDSB0_U64SL1_USFGRO0_VAW1_VS1_VW1_VWB1_VFLRP0_WSGRA0_WSGRB0_WS64_WG16_16_1_WGM8+0x1e30>
	v_mad_co_u64_u32 v[7:8], null, v6, s24, 0                  // 0000000089A8: D6FE7C07 02003106
	v_lshlrev_b64_e32 v[9:10], 2, v[0:1]                       // 0000000089B0: 3E120082
	s_mov_b32 s17, 0                                           // 0000000089B4: BE910080
	s_mov_b32 s16, s25                                         // 0000000089B8: BE900019
	s_wait_alu 0xfffe                                          // 0000000089BC: BF88FFFE
	s_mul_u64 s[16:17], s[10:11], s[16:17]                     // 0000000089C0: AA90100A
	s_wait_alu 0xfffe                                          // 0000000089C4: BF88FFFE
	s_lshl_b64 s[16:17], s[16:17], 2                           // 0000000089C8: 84908210
	v_lshlrev_b64_e32 v[7:8], 2, v[7:8]                        // 0000000089CC: 3E0E0E82
	s_delay_alu instid0(VALU_DEP_1) | instskip(SKIP_1) | instid1(VALU_DEP_2)// 0000000089D0: BF870121
	v_add_co_u32 v4, vcc_lo, s14, v7                           // 0000000089D4: D7006A04 00020E0E
	s_wait_alu 0xfffd                                          // 0000000089DC: BF88FFFD
	v_add_co_ci_u32_e64 v7, null, s15, v8, vcc_lo              // 0000000089E0: D5207C07 01AA100F
	s_delay_alu instid0(VALU_DEP_2) | instskip(SKIP_1) | instid1(VALU_DEP_2)// 0000000089E8: BF870122
	v_add_co_u32 v4, vcc_lo, v4, v9                            // 0000000089EC: D7006A04 00021304
	s_wait_alu 0xfffd                                          // 0000000089F4: BF88FFFD
	v_add_co_ci_u32_e64 v8, null, v7, v10, vcc_lo              // 0000000089F8: D5207C08 01AA1507
	s_wait_alu 0xfffe                                          // 000000008A00: BF88FFFE
	s_delay_alu instid0(VALU_DEP_2) | instskip(SKIP_1) | instid1(VALU_DEP_2)// 000000008A04: BF870122
	v_add_co_u32 v7, vcc_lo, v4, s16                           // 000000008A08: D7006A07 00002104
	s_wait_alu 0xfffd                                          // 000000008A10: BF88FFFD
	v_add_co_ci_u32_e64 v8, null, s17, v8, vcc_lo              // 000000008A14: D5207C08 01AA1011
	global_load_b32 v4, v[7:8], off offset:64                  // 000000008A1C: EE05007C 00000004 00004007
	s_wait_loadcnt 0x0                                         // 000000008A28: BFC00000
	v_fmac_f32_e32 v3, s21, v4                                 // 000000008A2C: 56060815
	v_mad_co_u64_u32 v[7:8], null, v6, s22, 0                  // 000000008A30: D6FE7C07 02002D06
	v_lshlrev_b64_e32 v[9:10], 2, v[0:1]                       // 000000008A38: 3E120082
	s_mov_b32 s17, 0                                           // 000000008A3C: BE910080
	s_mov_b32 s16, s23                                         // 000000008A40: BE900017
	s_wait_alu 0xfffe                                          // 000000008A44: BF88FFFE
	s_mul_u64 s[16:17], s[10:11], s[16:17]                     // 000000008A48: AA90100A
	s_wait_alu 0xfffe                                          // 000000008A4C: BF88FFFE
	s_lshl_b64 s[16:17], s[16:17], 2                           // 000000008A50: 84908210
	v_lshlrev_b64_e32 v[7:8], 2, v[7:8]                        // 000000008A54: 3E0E0E82
	s_delay_alu instid0(VALU_DEP_1) | instskip(SKIP_1) | instid1(VALU_DEP_2)// 000000008A58: BF870121
	v_add_co_u32 v1, vcc_lo, s12, v7                           // 000000008A5C: D7006A01 00020E0C
	s_wait_alu 0xfffd                                          // 000000008A64: BF88FFFD
	v_add_co_ci_u32_e64 v4, null, s13, v8, vcc_lo              // 000000008A68: D5207C04 01AA100D
	s_delay_alu instid0(VALU_DEP_2) | instskip(SKIP_1) | instid1(VALU_DEP_2)// 000000008A70: BF870122
	v_add_co_u32 v1, vcc_lo, v1, v9                            // 000000008A74: D7006A01 00021301
	s_wait_alu 0xfffd                                          // 000000008A7C: BF88FFFD
	v_add_co_ci_u32_e64 v4, null, v4, v10, vcc_lo              // 000000008A80: D5207C04 01AA1504
	s_wait_alu 0xfffe                                          // 000000008A88: BF88FFFE
	s_delay_alu instid0(VALU_DEP_2) | instskip(SKIP_1) | instid1(VALU_DEP_2)// 000000008A8C: BF870122
	v_add_co_u32 v7, vcc_lo, v1, s16                           // 000000008A90: D7006A07 00002101
	s_wait_alu 0xfffd                                          // 000000008A98: BF88FFFD
	v_add_co_ci_u32_e64 v8, null, s17, v4, vcc_lo              // 000000008A9C: D5207C08 01AA0811
	global_store_b32 v[7:8], v3, off offset:64                 // 000000008AA4: EE06807C 01800000 00004007
	s_or_b32 exec_lo, exec_lo, s9                              // 000000008AB0: 8C7E097E
	s_and_b32 s16, s2, s8                                      // 000000008AB4: 8B100802
	s_wait_alu 0xfffe                                          // 000000008AB8: BF88FFFE
	s_and_saveexec_b32 s9, s16                                 // 000000008ABC: BE892010
	s_cbranch_execz 65351                                      // 000000008AC0: BFA5FF47 <Cijk_Ailk_Bljk_SB_MT128x64x8_SN_1LDSB0_APM1_ABV0_ACED0_AF0EM1_AF1EM1_AMAS0_ASE_ASGT_ASLT_ASM_ASAE01_ASCE01_ASEM1_AAC0_BL0_BS1_CLR0_DTLA0_DTLB0_DTVA0_DTVB0_DVO0_ETSP_EPS0_ELFLR0_EMLL0_FSSC10_FL0_GLVWA1_GLVWB1_GRCGA1_GRCGB1_GRPM1_GRVW1_GSU1_GSUASB_GLS0_ISA000_IU1_K1_KLS_LBSPPA0_LBSPPB0_LPA0_LPB0_LDL1_LRVW1_LWPMn1_LDW0_FMA_MIAV0_MDA2_MO40_MMFSC_MKFGSU256_NTA0_NTB0_NTC0_NTD0_NEPBS0_NLCA1_NLCB1_ONLL1_OPLV0_PK0_PAP0_PGR0_PLR0_PKA0_SIA1_SLW1_SS0_SU32_SUM0_SUS256_SCIUI1_SPO0_SRVW0_SSO0_SVW4_SNLL0_TSGRA0_TSGRB0_TT8_4_TLDS0_UMLDSA0_UMLDSB0_U64SL1_USFGRO0_VAW1_VS1_VW1_VWB1_VFLRP0_WSGRA0_WSGRB0_WS64_WG16_16_1_WGM8+0x1be0>
	v_mov_b32_e32 v1, 0                                        // 000000008AC4: 7E020280
	s_cmp_neq_f32 s21, 0                                       // 000000008AC8: BF4D8015
	s_mov_b32 s16, 0                                           // 000000008ACC: BE900080
	s_cbranch_scc1 1852                                        // 000000008AD0: BFA2073C <Cijk_Ailk_Bljk_SB_MT128x64x8_SN_1LDSB0_APM1_ABV0_ACED0_AF0EM1_AF1EM1_AMAS0_ASE_ASGT_ASLT_ASM_ASAE01_ASCE01_ASEM1_AAC0_BL0_BS1_CLR0_DTLA0_DTLB0_DTVA0_DTVB0_DVO0_ETSP_EPS0_ELFLR0_EMLL0_FSSC10_FL0_GLVWA1_GLVWB1_GRCGA1_GRCGB1_GRPM1_GRVW1_GSU1_GSUASB_GLS0_ISA000_IU1_K1_KLS_LBSPPA0_LBSPPB0_LPA0_LPB0_LDL1_LRVW1_LWPMn1_LDW0_FMA_MIAV0_MDA2_MO40_MMFSC_MKFGSU256_NTA0_NTB0_NTC0_NTD0_NEPBS0_NLCA1_NLCB1_ONLL1_OPLV0_PK0_PAP0_PGR0_PLR0_PKA0_SIA1_SLW1_SS0_SU32_SUM0_SUS256_SCIUI1_SPO0_SRVW0_SSO0_SVW4_SNLL0_TSGRA0_TSGRB0_TT8_4_TLDS0_UMLDSA0_UMLDSB0_U64SL1_USFGRO0_VAW1_VS1_VW1_VWB1_VFLRP0_WSGRA0_WSGRB0_WS64_WG16_16_1_WGM8+0x3bc4>
	v_mul_f32_e32 v3, s20, v33                                 // 000000008AD4: 10064214
	s_wait_alu 0xfffe                                          // 000000008AD8: BF88FFFE
	s_and_not1_b32 vcc_lo, exec_lo, s16                        // 000000008ADC: 916A107E
	s_wait_alu 0xfffe                                          // 000000008AE0: BF88FFFE
	s_cbranch_vccnz 34                                         // 000000008AE4: BFA40022 <Cijk_Ailk_Bljk_SB_MT128x64x8_SN_1LDSB0_APM1_ABV0_ACED0_AF0EM1_AF1EM1_AMAS0_ASE_ASGT_ASLT_ASM_ASAE01_ASCE01_ASEM1_AAC0_BL0_BS1_CLR0_DTLA0_DTLB0_DTVA0_DTVB0_DVO0_ETSP_EPS0_ELFLR0_EMLL0_FSSC10_FL0_GLVWA1_GLVWB1_GRCGA1_GRCGB1_GRPM1_GRVW1_GSU1_GSUASB_GLS0_ISA000_IU1_K1_KLS_LBSPPA0_LBSPPB0_LPA0_LPB0_LDL1_LRVW1_LWPMn1_LDW0_FMA_MIAV0_MDA2_MO40_MMFSC_MKFGSU256_NTA0_NTB0_NTC0_NTD0_NEPBS0_NLCA1_NLCB1_ONLL1_OPLV0_PK0_PAP0_PGR0_PLR0_PKA0_SIA1_SLW1_SS0_SU32_SUM0_SUS256_SCIUI1_SPO0_SRVW0_SSO0_SVW4_SNLL0_TSGRA0_TSGRB0_TT8_4_TLDS0_UMLDSA0_UMLDSB0_U64SL1_USFGRO0_VAW1_VS1_VW1_VWB1_VFLRP0_WSGRA0_WSGRB0_WS64_WG16_16_1_WGM8+0x1f70>
	v_mad_co_u64_u32 v[7:8], null, v6, s24, 0                  // 000000008AE8: D6FE7C07 02003106
	v_lshlrev_b64_e32 v[9:10], 2, v[0:1]                       // 000000008AF0: 3E120082
	s_mov_b32 s17, 0                                           // 000000008AF4: BE910080
	s_mov_b32 s16, s25                                         // 000000008AF8: BE900019
	s_wait_alu 0xfffe                                          // 000000008AFC: BF88FFFE
	s_mul_u64 s[16:17], s[10:11], s[16:17]                     // 000000008B00: AA90100A
	s_wait_alu 0xfffe                                          // 000000008B04: BF88FFFE
	s_lshl_b64 s[16:17], s[16:17], 2                           // 000000008B08: 84908210
	v_lshlrev_b64_e32 v[7:8], 2, v[7:8]                        // 000000008B0C: 3E0E0E82
	s_delay_alu instid0(VALU_DEP_1) | instskip(SKIP_1) | instid1(VALU_DEP_2)// 000000008B10: BF870121
	v_add_co_u32 v4, vcc_lo, s14, v7                           // 000000008B14: D7006A04 00020E0E
	s_wait_alu 0xfffd                                          // 000000008B1C: BF88FFFD
	v_add_co_ci_u32_e64 v7, null, s15, v8, vcc_lo              // 000000008B20: D5207C07 01AA100F
	s_delay_alu instid0(VALU_DEP_2) | instskip(SKIP_1) | instid1(VALU_DEP_2)// 000000008B28: BF870122
	v_add_co_u32 v4, vcc_lo, v4, v9                            // 000000008B2C: D7006A04 00021304
	s_wait_alu 0xfffd                                          // 000000008B34: BF88FFFD
	v_add_co_ci_u32_e64 v8, null, v7, v10, vcc_lo              // 000000008B38: D5207C08 01AA1507
	s_wait_alu 0xfffe                                          // 000000008B40: BF88FFFE
	s_delay_alu instid0(VALU_DEP_2) | instskip(SKIP_1) | instid1(VALU_DEP_2)// 000000008B44: BF870122
	v_add_co_u32 v7, vcc_lo, v4, s16                           // 000000008B48: D7006A07 00002104
	s_wait_alu 0xfffd                                          // 000000008B50: BF88FFFD
	v_add_co_ci_u32_e64 v8, null, s17, v8, vcc_lo              // 000000008B54: D5207C08 01AA1011
	global_load_b32 v4, v[7:8], off offset:128                 // 000000008B5C: EE05007C 00000004 00008007
	s_wait_loadcnt 0x0                                         // 000000008B68: BFC00000
	v_fmac_f32_e32 v3, s21, v4                                 // 000000008B6C: 56060815
	v_mad_co_u64_u32 v[7:8], null, v6, s22, 0                  // 000000008B70: D6FE7C07 02002D06
	v_lshlrev_b64_e32 v[9:10], 2, v[0:1]                       // 000000008B78: 3E120082
	s_mov_b32 s17, 0                                           // 000000008B7C: BE910080
	s_mov_b32 s16, s23                                         // 000000008B80: BE900017
	s_wait_alu 0xfffe                                          // 000000008B84: BF88FFFE
	s_mul_u64 s[16:17], s[10:11], s[16:17]                     // 000000008B88: AA90100A
	s_wait_alu 0xfffe                                          // 000000008B8C: BF88FFFE
	s_lshl_b64 s[16:17], s[16:17], 2                           // 000000008B90: 84908210
	v_lshlrev_b64_e32 v[7:8], 2, v[7:8]                        // 000000008B94: 3E0E0E82
	s_delay_alu instid0(VALU_DEP_1) | instskip(SKIP_1) | instid1(VALU_DEP_2)// 000000008B98: BF870121
	v_add_co_u32 v1, vcc_lo, s12, v7                           // 000000008B9C: D7006A01 00020E0C
	s_wait_alu 0xfffd                                          // 000000008BA4: BF88FFFD
	v_add_co_ci_u32_e64 v4, null, s13, v8, vcc_lo              // 000000008BA8: D5207C04 01AA100D
	s_delay_alu instid0(VALU_DEP_2) | instskip(SKIP_1) | instid1(VALU_DEP_2)// 000000008BB0: BF870122
	v_add_co_u32 v1, vcc_lo, v1, v9                            // 000000008BB4: D7006A01 00021301
	s_wait_alu 0xfffd                                          // 000000008BBC: BF88FFFD
	v_add_co_ci_u32_e64 v4, null, v4, v10, vcc_lo              // 000000008BC0: D5207C04 01AA1504
	s_wait_alu 0xfffe                                          // 000000008BC8: BF88FFFE
	s_delay_alu instid0(VALU_DEP_2) | instskip(SKIP_1) | instid1(VALU_DEP_2)// 000000008BCC: BF870122
	v_add_co_u32 v7, vcc_lo, v1, s16                           // 000000008BD0: D7006A07 00002101
	s_wait_alu 0xfffd                                          // 000000008BD8: BF88FFFD
	v_add_co_ci_u32_e64 v8, null, s17, v4, vcc_lo              // 000000008BDC: D5207C08 01AA0811
	global_store_b32 v[7:8], v3, off offset:128                // 000000008BE4: EE06807C 01800000 00008007
	s_or_b32 exec_lo, exec_lo, s9                              // 000000008BF0: 8C7E097E
	s_and_b32 s16, s3, s8                                      // 000000008BF4: 8B100803
	s_wait_alu 0xfffe                                          // 000000008BF8: BF88FFFE
	s_and_saveexec_b32 s9, s16                                 // 000000008BFC: BE892010
	s_cbranch_execz 65277                                      // 000000008C00: BFA5FEFD <Cijk_Ailk_Bljk_SB_MT128x64x8_SN_1LDSB0_APM1_ABV0_ACED0_AF0EM1_AF1EM1_AMAS0_ASE_ASGT_ASLT_ASM_ASAE01_ASCE01_ASEM1_AAC0_BL0_BS1_CLR0_DTLA0_DTLB0_DTVA0_DTVB0_DVO0_ETSP_EPS0_ELFLR0_EMLL0_FSSC10_FL0_GLVWA1_GLVWB1_GRCGA1_GRCGB1_GRPM1_GRVW1_GSU1_GSUASB_GLS0_ISA000_IU1_K1_KLS_LBSPPA0_LBSPPB0_LPA0_LPB0_LDL1_LRVW1_LWPMn1_LDW0_FMA_MIAV0_MDA2_MO40_MMFSC_MKFGSU256_NTA0_NTB0_NTC0_NTD0_NEPBS0_NLCA1_NLCB1_ONLL1_OPLV0_PK0_PAP0_PGR0_PLR0_PKA0_SIA1_SLW1_SS0_SU32_SUM0_SUS256_SCIUI1_SPO0_SRVW0_SSO0_SVW4_SNLL0_TSGRA0_TSGRB0_TT8_4_TLDS0_UMLDSA0_UMLDSB0_U64SL1_USFGRO0_VAW1_VS1_VW1_VWB1_VFLRP0_WSGRA0_WSGRB0_WS64_WG16_16_1_WGM8+0x1bf8>
	v_mov_b32_e32 v1, 0                                        // 000000008C04: 7E020280
	s_cmp_neq_f32 s21, 0                                       // 000000008C08: BF4D8015
	s_mov_b32 s16, 0                                           // 000000008C0C: BE900080
	s_cbranch_scc1 1774                                        // 000000008C10: BFA206EE <Cijk_Ailk_Bljk_SB_MT128x64x8_SN_1LDSB0_APM1_ABV0_ACED0_AF0EM1_AF1EM1_AMAS0_ASE_ASGT_ASLT_ASM_ASAE01_ASCE01_ASEM1_AAC0_BL0_BS1_CLR0_DTLA0_DTLB0_DTVA0_DTVB0_DVO0_ETSP_EPS0_ELFLR0_EMLL0_FSSC10_FL0_GLVWA1_GLVWB1_GRCGA1_GRCGB1_GRPM1_GRVW1_GSU1_GSUASB_GLS0_ISA000_IU1_K1_KLS_LBSPPA0_LBSPPB0_LPA0_LPB0_LDL1_LRVW1_LWPMn1_LDW0_FMA_MIAV0_MDA2_MO40_MMFSC_MKFGSU256_NTA0_NTB0_NTC0_NTD0_NEPBS0_NLCA1_NLCB1_ONLL1_OPLV0_PK0_PAP0_PGR0_PLR0_PKA0_SIA1_SLW1_SS0_SU32_SUM0_SUS256_SCIUI1_SPO0_SRVW0_SSO0_SVW4_SNLL0_TSGRA0_TSGRB0_TT8_4_TLDS0_UMLDSA0_UMLDSB0_U64SL1_USFGRO0_VAW1_VS1_VW1_VWB1_VFLRP0_WSGRA0_WSGRB0_WS64_WG16_16_1_WGM8+0x3bcc>
	v_mul_f32_e32 v3, s20, v32                                 // 000000008C14: 10064014
	s_wait_alu 0xfffe                                          // 000000008C18: BF88FFFE
	s_and_not1_b32 vcc_lo, exec_lo, s16                        // 000000008C1C: 916A107E
	s_wait_alu 0xfffe                                          // 000000008C20: BF88FFFE
	s_cbranch_vccnz 34                                         // 000000008C24: BFA40022 <Cijk_Ailk_Bljk_SB_MT128x64x8_SN_1LDSB0_APM1_ABV0_ACED0_AF0EM1_AF1EM1_AMAS0_ASE_ASGT_ASLT_ASM_ASAE01_ASCE01_ASEM1_AAC0_BL0_BS1_CLR0_DTLA0_DTLB0_DTVA0_DTVB0_DVO0_ETSP_EPS0_ELFLR0_EMLL0_FSSC10_FL0_GLVWA1_GLVWB1_GRCGA1_GRCGB1_GRPM1_GRVW1_GSU1_GSUASB_GLS0_ISA000_IU1_K1_KLS_LBSPPA0_LBSPPB0_LPA0_LPB0_LDL1_LRVW1_LWPMn1_LDW0_FMA_MIAV0_MDA2_MO40_MMFSC_MKFGSU256_NTA0_NTB0_NTC0_NTD0_NEPBS0_NLCA1_NLCB1_ONLL1_OPLV0_PK0_PAP0_PGR0_PLR0_PKA0_SIA1_SLW1_SS0_SU32_SUM0_SUS256_SCIUI1_SPO0_SRVW0_SSO0_SVW4_SNLL0_TSGRA0_TSGRB0_TT8_4_TLDS0_UMLDSA0_UMLDSB0_U64SL1_USFGRO0_VAW1_VS1_VW1_VWB1_VFLRP0_WSGRA0_WSGRB0_WS64_WG16_16_1_WGM8+0x20b0>
	v_mad_co_u64_u32 v[7:8], null, v6, s24, 0                  // 000000008C28: D6FE7C07 02003106
	v_lshlrev_b64_e32 v[9:10], 2, v[0:1]                       // 000000008C30: 3E120082
	s_mov_b32 s17, 0                                           // 000000008C34: BE910080
	s_mov_b32 s16, s25                                         // 000000008C38: BE900019
	s_wait_alu 0xfffe                                          // 000000008C3C: BF88FFFE
	s_mul_u64 s[16:17], s[10:11], s[16:17]                     // 000000008C40: AA90100A
	s_wait_alu 0xfffe                                          // 000000008C44: BF88FFFE
	s_lshl_b64 s[16:17], s[16:17], 2                           // 000000008C48: 84908210
	v_lshlrev_b64_e32 v[7:8], 2, v[7:8]                        // 000000008C4C: 3E0E0E82
	s_delay_alu instid0(VALU_DEP_1) | instskip(SKIP_1) | instid1(VALU_DEP_2)// 000000008C50: BF870121
	v_add_co_u32 v4, vcc_lo, s14, v7                           // 000000008C54: D7006A04 00020E0E
	s_wait_alu 0xfffd                                          // 000000008C5C: BF88FFFD
	v_add_co_ci_u32_e64 v7, null, s15, v8, vcc_lo              // 000000008C60: D5207C07 01AA100F
	s_delay_alu instid0(VALU_DEP_2) | instskip(SKIP_1) | instid1(VALU_DEP_2)// 000000008C68: BF870122
	v_add_co_u32 v4, vcc_lo, v4, v9                            // 000000008C6C: D7006A04 00021304
	s_wait_alu 0xfffd                                          // 000000008C74: BF88FFFD
	v_add_co_ci_u32_e64 v8, null, v7, v10, vcc_lo              // 000000008C78: D5207C08 01AA1507
	s_wait_alu 0xfffe                                          // 000000008C80: BF88FFFE
	s_delay_alu instid0(VALU_DEP_2) | instskip(SKIP_1) | instid1(VALU_DEP_2)// 000000008C84: BF870122
	v_add_co_u32 v7, vcc_lo, v4, s16                           // 000000008C88: D7006A07 00002104
	s_wait_alu 0xfffd                                          // 000000008C90: BF88FFFD
	v_add_co_ci_u32_e64 v8, null, s17, v8, vcc_lo              // 000000008C94: D5207C08 01AA1011
	global_load_b32 v4, v[7:8], off offset:192                 // 000000008C9C: EE05007C 00000004 0000C007
	s_wait_loadcnt 0x0                                         // 000000008CA8: BFC00000
	v_fmac_f32_e32 v3, s21, v4                                 // 000000008CAC: 56060815
	v_mad_co_u64_u32 v[7:8], null, v6, s22, 0                  // 000000008CB0: D6FE7C07 02002D06
	v_lshlrev_b64_e32 v[9:10], 2, v[0:1]                       // 000000008CB8: 3E120082
	s_mov_b32 s17, 0                                           // 000000008CBC: BE910080
	s_mov_b32 s16, s23                                         // 000000008CC0: BE900017
	s_wait_alu 0xfffe                                          // 000000008CC4: BF88FFFE
	s_mul_u64 s[16:17], s[10:11], s[16:17]                     // 000000008CC8: AA90100A
	s_wait_alu 0xfffe                                          // 000000008CCC: BF88FFFE
	s_lshl_b64 s[16:17], s[16:17], 2                           // 000000008CD0: 84908210
	v_lshlrev_b64_e32 v[7:8], 2, v[7:8]                        // 000000008CD4: 3E0E0E82
	s_delay_alu instid0(VALU_DEP_1) | instskip(SKIP_1) | instid1(VALU_DEP_2)// 000000008CD8: BF870121
	v_add_co_u32 v1, vcc_lo, s12, v7                           // 000000008CDC: D7006A01 00020E0C
	s_wait_alu 0xfffd                                          // 000000008CE4: BF88FFFD
	v_add_co_ci_u32_e64 v4, null, s13, v8, vcc_lo              // 000000008CE8: D5207C04 01AA100D
	s_delay_alu instid0(VALU_DEP_2) | instskip(SKIP_1) | instid1(VALU_DEP_2)// 000000008CF0: BF870122
	v_add_co_u32 v1, vcc_lo, v1, v9                            // 000000008CF4: D7006A01 00021301
	s_wait_alu 0xfffd                                          // 000000008CFC: BF88FFFD
	v_add_co_ci_u32_e64 v4, null, v4, v10, vcc_lo              // 000000008D00: D5207C04 01AA1504
	s_wait_alu 0xfffe                                          // 000000008D08: BF88FFFE
	s_delay_alu instid0(VALU_DEP_2) | instskip(SKIP_1) | instid1(VALU_DEP_2)// 000000008D0C: BF870122
	v_add_co_u32 v7, vcc_lo, v1, s16                           // 000000008D10: D7006A07 00002101
	s_wait_alu 0xfffd                                          // 000000008D18: BF88FFFD
	v_add_co_ci_u32_e64 v8, null, s17, v4, vcc_lo              // 000000008D1C: D5207C08 01AA0811
	global_store_b32 v[7:8], v3, off offset:192                // 000000008D24: EE06807C 01800000 0000C007
	s_or_b32 exec_lo, exec_lo, s9                              // 000000008D30: 8C7E097E
	s_and_b32 s16, s4, s8                                      // 000000008D34: 8B100804
	s_wait_alu 0xfffe                                          // 000000008D38: BF88FFFE
	s_and_saveexec_b32 s9, s16                                 // 000000008D3C: BE892010
	s_cbranch_execz 65203                                      // 000000008D40: BFA5FEB3 <Cijk_Ailk_Bljk_SB_MT128x64x8_SN_1LDSB0_APM1_ABV0_ACED0_AF0EM1_AF1EM1_AMAS0_ASE_ASGT_ASLT_ASM_ASAE01_ASCE01_ASEM1_AAC0_BL0_BS1_CLR0_DTLA0_DTLB0_DTVA0_DTVB0_DVO0_ETSP_EPS0_ELFLR0_EMLL0_FSSC10_FL0_GLVWA1_GLVWB1_GRCGA1_GRCGB1_GRPM1_GRVW1_GSU1_GSUASB_GLS0_ISA000_IU1_K1_KLS_LBSPPA0_LBSPPB0_LPA0_LPB0_LDL1_LRVW1_LWPMn1_LDW0_FMA_MIAV0_MDA2_MO40_MMFSC_MKFGSU256_NTA0_NTB0_NTC0_NTD0_NEPBS0_NLCA1_NLCB1_ONLL1_OPLV0_PK0_PAP0_PGR0_PLR0_PKA0_SIA1_SLW1_SS0_SU32_SUM0_SUS256_SCIUI1_SPO0_SRVW0_SSO0_SVW4_SNLL0_TSGRA0_TSGRB0_TT8_4_TLDS0_UMLDSA0_UMLDSB0_U64SL1_USFGRO0_VAW1_VS1_VW1_VWB1_VFLRP0_WSGRA0_WSGRB0_WS64_WG16_16_1_WGM8+0x1c10>
	v_mov_b32_e32 v1, 0                                        // 000000008D44: 7E020280
	s_cmp_neq_f32 s21, 0                                       // 000000008D48: BF4D8015
	s_mov_b32 s16, 0                                           // 000000008D4C: BE900080
	s_cbranch_scc1 1696                                        // 000000008D50: BFA206A0 <Cijk_Ailk_Bljk_SB_MT128x64x8_SN_1LDSB0_APM1_ABV0_ACED0_AF0EM1_AF1EM1_AMAS0_ASE_ASGT_ASLT_ASM_ASAE01_ASCE01_ASEM1_AAC0_BL0_BS1_CLR0_DTLA0_DTLB0_DTVA0_DTVB0_DVO0_ETSP_EPS0_ELFLR0_EMLL0_FSSC10_FL0_GLVWA1_GLVWB1_GRCGA1_GRCGB1_GRPM1_GRVW1_GSU1_GSUASB_GLS0_ISA000_IU1_K1_KLS_LBSPPA0_LBSPPB0_LPA0_LPB0_LDL1_LRVW1_LWPMn1_LDW0_FMA_MIAV0_MDA2_MO40_MMFSC_MKFGSU256_NTA0_NTB0_NTC0_NTD0_NEPBS0_NLCA1_NLCB1_ONLL1_OPLV0_PK0_PAP0_PGR0_PLR0_PKA0_SIA1_SLW1_SS0_SU32_SUM0_SUS256_SCIUI1_SPO0_SRVW0_SSO0_SVW4_SNLL0_TSGRA0_TSGRB0_TT8_4_TLDS0_UMLDSA0_UMLDSB0_U64SL1_USFGRO0_VAW1_VS1_VW1_VWB1_VFLRP0_WSGRA0_WSGRB0_WS64_WG16_16_1_WGM8+0x3bd4>
	v_mul_f32_e32 v3, s20, v31                                 // 000000008D54: 10063E14
	s_wait_alu 0xfffe                                          // 000000008D58: BF88FFFE
	s_and_not1_b32 vcc_lo, exec_lo, s16                        // 000000008D5C: 916A107E
	s_wait_alu 0xfffe                                          // 000000008D60: BF88FFFE
	s_cbranch_vccnz 34                                         // 000000008D64: BFA40022 <Cijk_Ailk_Bljk_SB_MT128x64x8_SN_1LDSB0_APM1_ABV0_ACED0_AF0EM1_AF1EM1_AMAS0_ASE_ASGT_ASLT_ASM_ASAE01_ASCE01_ASEM1_AAC0_BL0_BS1_CLR0_DTLA0_DTLB0_DTVA0_DTVB0_DVO0_ETSP_EPS0_ELFLR0_EMLL0_FSSC10_FL0_GLVWA1_GLVWB1_GRCGA1_GRCGB1_GRPM1_GRVW1_GSU1_GSUASB_GLS0_ISA000_IU1_K1_KLS_LBSPPA0_LBSPPB0_LPA0_LPB0_LDL1_LRVW1_LWPMn1_LDW0_FMA_MIAV0_MDA2_MO40_MMFSC_MKFGSU256_NTA0_NTB0_NTC0_NTD0_NEPBS0_NLCA1_NLCB1_ONLL1_OPLV0_PK0_PAP0_PGR0_PLR0_PKA0_SIA1_SLW1_SS0_SU32_SUM0_SUS256_SCIUI1_SPO0_SRVW0_SSO0_SVW4_SNLL0_TSGRA0_TSGRB0_TT8_4_TLDS0_UMLDSA0_UMLDSB0_U64SL1_USFGRO0_VAW1_VS1_VW1_VWB1_VFLRP0_WSGRA0_WSGRB0_WS64_WG16_16_1_WGM8+0x21f0>
	v_mad_co_u64_u32 v[7:8], null, v6, s24, 0                  // 000000008D68: D6FE7C07 02003106
	v_lshlrev_b64_e32 v[9:10], 2, v[0:1]                       // 000000008D70: 3E120082
	s_mov_b32 s17, 0                                           // 000000008D74: BE910080
	s_mov_b32 s16, s25                                         // 000000008D78: BE900019
	s_wait_alu 0xfffe                                          // 000000008D7C: BF88FFFE
	s_mul_u64 s[16:17], s[10:11], s[16:17]                     // 000000008D80: AA90100A
	s_wait_alu 0xfffe                                          // 000000008D84: BF88FFFE
	s_lshl_b64 s[16:17], s[16:17], 2                           // 000000008D88: 84908210
	v_lshlrev_b64_e32 v[7:8], 2, v[7:8]                        // 000000008D8C: 3E0E0E82
	s_delay_alu instid0(VALU_DEP_1) | instskip(SKIP_1) | instid1(VALU_DEP_2)// 000000008D90: BF870121
	v_add_co_u32 v4, vcc_lo, s14, v7                           // 000000008D94: D7006A04 00020E0E
	s_wait_alu 0xfffd                                          // 000000008D9C: BF88FFFD
	v_add_co_ci_u32_e64 v7, null, s15, v8, vcc_lo              // 000000008DA0: D5207C07 01AA100F
	s_delay_alu instid0(VALU_DEP_2) | instskip(SKIP_1) | instid1(VALU_DEP_2)// 000000008DA8: BF870122
	v_add_co_u32 v4, vcc_lo, v4, v9                            // 000000008DAC: D7006A04 00021304
	s_wait_alu 0xfffd                                          // 000000008DB4: BF88FFFD
	v_add_co_ci_u32_e64 v8, null, v7, v10, vcc_lo              // 000000008DB8: D5207C08 01AA1507
	s_wait_alu 0xfffe                                          // 000000008DC0: BF88FFFE
	s_delay_alu instid0(VALU_DEP_2) | instskip(SKIP_1) | instid1(VALU_DEP_2)// 000000008DC4: BF870122
	v_add_co_u32 v7, vcc_lo, v4, s16                           // 000000008DC8: D7006A07 00002104
	s_wait_alu 0xfffd                                          // 000000008DD0: BF88FFFD
	v_add_co_ci_u32_e64 v8, null, s17, v8, vcc_lo              // 000000008DD4: D5207C08 01AA1011
	global_load_b32 v4, v[7:8], off offset:256                 // 000000008DDC: EE05007C 00000004 00010007
	s_wait_loadcnt 0x0                                         // 000000008DE8: BFC00000
	v_fmac_f32_e32 v3, s21, v4                                 // 000000008DEC: 56060815
	v_mad_co_u64_u32 v[7:8], null, v6, s22, 0                  // 000000008DF0: D6FE7C07 02002D06
	v_lshlrev_b64_e32 v[9:10], 2, v[0:1]                       // 000000008DF8: 3E120082
	s_mov_b32 s17, 0                                           // 000000008DFC: BE910080
	s_mov_b32 s16, s23                                         // 000000008E00: BE900017
	s_wait_alu 0xfffe                                          // 000000008E04: BF88FFFE
	s_mul_u64 s[16:17], s[10:11], s[16:17]                     // 000000008E08: AA90100A
	s_wait_alu 0xfffe                                          // 000000008E0C: BF88FFFE
	s_lshl_b64 s[16:17], s[16:17], 2                           // 000000008E10: 84908210
	v_lshlrev_b64_e32 v[7:8], 2, v[7:8]                        // 000000008E14: 3E0E0E82
	s_delay_alu instid0(VALU_DEP_1) | instskip(SKIP_1) | instid1(VALU_DEP_2)// 000000008E18: BF870121
	v_add_co_u32 v1, vcc_lo, s12, v7                           // 000000008E1C: D7006A01 00020E0C
	s_wait_alu 0xfffd                                          // 000000008E24: BF88FFFD
	v_add_co_ci_u32_e64 v4, null, s13, v8, vcc_lo              // 000000008E28: D5207C04 01AA100D
	s_delay_alu instid0(VALU_DEP_2) | instskip(SKIP_1) | instid1(VALU_DEP_2)// 000000008E30: BF870122
	v_add_co_u32 v1, vcc_lo, v1, v9                            // 000000008E34: D7006A01 00021301
	s_wait_alu 0xfffd                                          // 000000008E3C: BF88FFFD
	v_add_co_ci_u32_e64 v4, null, v4, v10, vcc_lo              // 000000008E40: D5207C04 01AA1504
	s_wait_alu 0xfffe                                          // 000000008E48: BF88FFFE
	s_delay_alu instid0(VALU_DEP_2) | instskip(SKIP_1) | instid1(VALU_DEP_2)// 000000008E4C: BF870122
	v_add_co_u32 v7, vcc_lo, v1, s16                           // 000000008E50: D7006A07 00002101
	s_wait_alu 0xfffd                                          // 000000008E58: BF88FFFD
	v_add_co_ci_u32_e64 v8, null, s17, v4, vcc_lo              // 000000008E5C: D5207C08 01AA0811
	global_store_b32 v[7:8], v3, off offset:256                // 000000008E64: EE06807C 01800000 00010007
	s_or_b32 exec_lo, exec_lo, s9                              // 000000008E70: 8C7E097E
	s_and_b32 s16, s5, s8                                      // 000000008E74: 8B100805
	s_wait_alu 0xfffe                                          // 000000008E78: BF88FFFE
	s_and_saveexec_b32 s9, s16                                 // 000000008E7C: BE892010
	s_cbranch_execz 65129                                      // 000000008E80: BFA5FE69 <Cijk_Ailk_Bljk_SB_MT128x64x8_SN_1LDSB0_APM1_ABV0_ACED0_AF0EM1_AF1EM1_AMAS0_ASE_ASGT_ASLT_ASM_ASAE01_ASCE01_ASEM1_AAC0_BL0_BS1_CLR0_DTLA0_DTLB0_DTVA0_DTVB0_DVO0_ETSP_EPS0_ELFLR0_EMLL0_FSSC10_FL0_GLVWA1_GLVWB1_GRCGA1_GRCGB1_GRPM1_GRVW1_GSU1_GSUASB_GLS0_ISA000_IU1_K1_KLS_LBSPPA0_LBSPPB0_LPA0_LPB0_LDL1_LRVW1_LWPMn1_LDW0_FMA_MIAV0_MDA2_MO40_MMFSC_MKFGSU256_NTA0_NTB0_NTC0_NTD0_NEPBS0_NLCA1_NLCB1_ONLL1_OPLV0_PK0_PAP0_PGR0_PLR0_PKA0_SIA1_SLW1_SS0_SU32_SUM0_SUS256_SCIUI1_SPO0_SRVW0_SSO0_SVW4_SNLL0_TSGRA0_TSGRB0_TT8_4_TLDS0_UMLDSA0_UMLDSB0_U64SL1_USFGRO0_VAW1_VS1_VW1_VWB1_VFLRP0_WSGRA0_WSGRB0_WS64_WG16_16_1_WGM8+0x1c28>
	v_mov_b32_e32 v1, 0                                        // 000000008E84: 7E020280
	s_cmp_neq_f32 s21, 0                                       // 000000008E88: BF4D8015
	s_mov_b32 s16, 0                                           // 000000008E8C: BE900080
	s_cbranch_scc1 1618                                        // 000000008E90: BFA20652 <Cijk_Ailk_Bljk_SB_MT128x64x8_SN_1LDSB0_APM1_ABV0_ACED0_AF0EM1_AF1EM1_AMAS0_ASE_ASGT_ASLT_ASM_ASAE01_ASCE01_ASEM1_AAC0_BL0_BS1_CLR0_DTLA0_DTLB0_DTVA0_DTVB0_DVO0_ETSP_EPS0_ELFLR0_EMLL0_FSSC10_FL0_GLVWA1_GLVWB1_GRCGA1_GRCGB1_GRPM1_GRVW1_GSU1_GSUASB_GLS0_ISA000_IU1_K1_KLS_LBSPPA0_LBSPPB0_LPA0_LPB0_LDL1_LRVW1_LWPMn1_LDW0_FMA_MIAV0_MDA2_MO40_MMFSC_MKFGSU256_NTA0_NTB0_NTC0_NTD0_NEPBS0_NLCA1_NLCB1_ONLL1_OPLV0_PK0_PAP0_PGR0_PLR0_PKA0_SIA1_SLW1_SS0_SU32_SUM0_SUS256_SCIUI1_SPO0_SRVW0_SSO0_SVW4_SNLL0_TSGRA0_TSGRB0_TT8_4_TLDS0_UMLDSA0_UMLDSB0_U64SL1_USFGRO0_VAW1_VS1_VW1_VWB1_VFLRP0_WSGRA0_WSGRB0_WS64_WG16_16_1_WGM8+0x3bdc>
	v_mul_f32_e32 v3, s20, v30                                 // 000000008E94: 10063C14
	s_wait_alu 0xfffe                                          // 000000008E98: BF88FFFE
	s_and_not1_b32 vcc_lo, exec_lo, s16                        // 000000008E9C: 916A107E
	s_wait_alu 0xfffe                                          // 000000008EA0: BF88FFFE
	s_cbranch_vccnz 34                                         // 000000008EA4: BFA40022 <Cijk_Ailk_Bljk_SB_MT128x64x8_SN_1LDSB0_APM1_ABV0_ACED0_AF0EM1_AF1EM1_AMAS0_ASE_ASGT_ASLT_ASM_ASAE01_ASCE01_ASEM1_AAC0_BL0_BS1_CLR0_DTLA0_DTLB0_DTVA0_DTVB0_DVO0_ETSP_EPS0_ELFLR0_EMLL0_FSSC10_FL0_GLVWA1_GLVWB1_GRCGA1_GRCGB1_GRPM1_GRVW1_GSU1_GSUASB_GLS0_ISA000_IU1_K1_KLS_LBSPPA0_LBSPPB0_LPA0_LPB0_LDL1_LRVW1_LWPMn1_LDW0_FMA_MIAV0_MDA2_MO40_MMFSC_MKFGSU256_NTA0_NTB0_NTC0_NTD0_NEPBS0_NLCA1_NLCB1_ONLL1_OPLV0_PK0_PAP0_PGR0_PLR0_PKA0_SIA1_SLW1_SS0_SU32_SUM0_SUS256_SCIUI1_SPO0_SRVW0_SSO0_SVW4_SNLL0_TSGRA0_TSGRB0_TT8_4_TLDS0_UMLDSA0_UMLDSB0_U64SL1_USFGRO0_VAW1_VS1_VW1_VWB1_VFLRP0_WSGRA0_WSGRB0_WS64_WG16_16_1_WGM8+0x2330>
	v_mad_co_u64_u32 v[7:8], null, v6, s24, 0                  // 000000008EA8: D6FE7C07 02003106
	v_lshlrev_b64_e32 v[9:10], 2, v[0:1]                       // 000000008EB0: 3E120082
	s_mov_b32 s17, 0                                           // 000000008EB4: BE910080
	s_mov_b32 s16, s25                                         // 000000008EB8: BE900019
	s_wait_alu 0xfffe                                          // 000000008EBC: BF88FFFE
	s_mul_u64 s[16:17], s[10:11], s[16:17]                     // 000000008EC0: AA90100A
	s_wait_alu 0xfffe                                          // 000000008EC4: BF88FFFE
	s_lshl_b64 s[16:17], s[16:17], 2                           // 000000008EC8: 84908210
	v_lshlrev_b64_e32 v[7:8], 2, v[7:8]                        // 000000008ECC: 3E0E0E82
	s_delay_alu instid0(VALU_DEP_1) | instskip(SKIP_1) | instid1(VALU_DEP_2)// 000000008ED0: BF870121
	v_add_co_u32 v4, vcc_lo, s14, v7                           // 000000008ED4: D7006A04 00020E0E
	s_wait_alu 0xfffd                                          // 000000008EDC: BF88FFFD
	v_add_co_ci_u32_e64 v7, null, s15, v8, vcc_lo              // 000000008EE0: D5207C07 01AA100F
	s_delay_alu instid0(VALU_DEP_2) | instskip(SKIP_1) | instid1(VALU_DEP_2)// 000000008EE8: BF870122
	v_add_co_u32 v4, vcc_lo, v4, v9                            // 000000008EEC: D7006A04 00021304
	s_wait_alu 0xfffd                                          // 000000008EF4: BF88FFFD
	v_add_co_ci_u32_e64 v8, null, v7, v10, vcc_lo              // 000000008EF8: D5207C08 01AA1507
	s_wait_alu 0xfffe                                          // 000000008F00: BF88FFFE
	s_delay_alu instid0(VALU_DEP_2) | instskip(SKIP_1) | instid1(VALU_DEP_2)// 000000008F04: BF870122
	v_add_co_u32 v7, vcc_lo, v4, s16                           // 000000008F08: D7006A07 00002104
	s_wait_alu 0xfffd                                          // 000000008F10: BF88FFFD
	v_add_co_ci_u32_e64 v8, null, s17, v8, vcc_lo              // 000000008F14: D5207C08 01AA1011
	global_load_b32 v4, v[7:8], off offset:320                 // 000000008F1C: EE05007C 00000004 00014007
	s_wait_loadcnt 0x0                                         // 000000008F28: BFC00000
	v_fmac_f32_e32 v3, s21, v4                                 // 000000008F2C: 56060815
	v_mad_co_u64_u32 v[7:8], null, v6, s22, 0                  // 000000008F30: D6FE7C07 02002D06
	v_lshlrev_b64_e32 v[9:10], 2, v[0:1]                       // 000000008F38: 3E120082
	s_mov_b32 s17, 0                                           // 000000008F3C: BE910080
	s_mov_b32 s16, s23                                         // 000000008F40: BE900017
	s_wait_alu 0xfffe                                          // 000000008F44: BF88FFFE
	s_mul_u64 s[16:17], s[10:11], s[16:17]                     // 000000008F48: AA90100A
	s_wait_alu 0xfffe                                          // 000000008F4C: BF88FFFE
	s_lshl_b64 s[16:17], s[16:17], 2                           // 000000008F50: 84908210
	v_lshlrev_b64_e32 v[7:8], 2, v[7:8]                        // 000000008F54: 3E0E0E82
	s_delay_alu instid0(VALU_DEP_1) | instskip(SKIP_1) | instid1(VALU_DEP_2)// 000000008F58: BF870121
	v_add_co_u32 v1, vcc_lo, s12, v7                           // 000000008F5C: D7006A01 00020E0C
	s_wait_alu 0xfffd                                          // 000000008F64: BF88FFFD
	v_add_co_ci_u32_e64 v4, null, s13, v8, vcc_lo              // 000000008F68: D5207C04 01AA100D
	s_delay_alu instid0(VALU_DEP_2) | instskip(SKIP_1) | instid1(VALU_DEP_2)// 000000008F70: BF870122
	v_add_co_u32 v1, vcc_lo, v1, v9                            // 000000008F74: D7006A01 00021301
	s_wait_alu 0xfffd                                          // 000000008F7C: BF88FFFD
	v_add_co_ci_u32_e64 v4, null, v4, v10, vcc_lo              // 000000008F80: D5207C04 01AA1504
	s_wait_alu 0xfffe                                          // 000000008F88: BF88FFFE
	s_delay_alu instid0(VALU_DEP_2) | instskip(SKIP_1) | instid1(VALU_DEP_2)// 000000008F8C: BF870122
	v_add_co_u32 v7, vcc_lo, v1, s16                           // 000000008F90: D7006A07 00002101
	s_wait_alu 0xfffd                                          // 000000008F98: BF88FFFD
	v_add_co_ci_u32_e64 v8, null, s17, v4, vcc_lo              // 000000008F9C: D5207C08 01AA0811
	global_store_b32 v[7:8], v3, off offset:320                // 000000008FA4: EE06807C 01800000 00014007
	s_or_b32 exec_lo, exec_lo, s9                              // 000000008FB0: 8C7E097E
	s_and_b32 s16, s6, s8                                      // 000000008FB4: 8B100806
	s_wait_alu 0xfffe                                          // 000000008FB8: BF88FFFE
	s_and_saveexec_b32 s9, s16                                 // 000000008FBC: BE892010
	s_cbranch_execz 65055                                      // 000000008FC0: BFA5FE1F <Cijk_Ailk_Bljk_SB_MT128x64x8_SN_1LDSB0_APM1_ABV0_ACED0_AF0EM1_AF1EM1_AMAS0_ASE_ASGT_ASLT_ASM_ASAE01_ASCE01_ASEM1_AAC0_BL0_BS1_CLR0_DTLA0_DTLB0_DTVA0_DTVB0_DVO0_ETSP_EPS0_ELFLR0_EMLL0_FSSC10_FL0_GLVWA1_GLVWB1_GRCGA1_GRCGB1_GRPM1_GRVW1_GSU1_GSUASB_GLS0_ISA000_IU1_K1_KLS_LBSPPA0_LBSPPB0_LPA0_LPB0_LDL1_LRVW1_LWPMn1_LDW0_FMA_MIAV0_MDA2_MO40_MMFSC_MKFGSU256_NTA0_NTB0_NTC0_NTD0_NEPBS0_NLCA1_NLCB1_ONLL1_OPLV0_PK0_PAP0_PGR0_PLR0_PKA0_SIA1_SLW1_SS0_SU32_SUM0_SUS256_SCIUI1_SPO0_SRVW0_SSO0_SVW4_SNLL0_TSGRA0_TSGRB0_TT8_4_TLDS0_UMLDSA0_UMLDSB0_U64SL1_USFGRO0_VAW1_VS1_VW1_VWB1_VFLRP0_WSGRA0_WSGRB0_WS64_WG16_16_1_WGM8+0x1c40>
	v_mov_b32_e32 v1, 0                                        // 000000008FC4: 7E020280
	s_cmp_neq_f32 s21, 0                                       // 000000008FC8: BF4D8015
	s_mov_b32 s16, 0                                           // 000000008FCC: BE900080
	s_cbranch_scc1 1540                                        // 000000008FD0: BFA20604 <Cijk_Ailk_Bljk_SB_MT128x64x8_SN_1LDSB0_APM1_ABV0_ACED0_AF0EM1_AF1EM1_AMAS0_ASE_ASGT_ASLT_ASM_ASAE01_ASCE01_ASEM1_AAC0_BL0_BS1_CLR0_DTLA0_DTLB0_DTVA0_DTVB0_DVO0_ETSP_EPS0_ELFLR0_EMLL0_FSSC10_FL0_GLVWA1_GLVWB1_GRCGA1_GRCGB1_GRPM1_GRVW1_GSU1_GSUASB_GLS0_ISA000_IU1_K1_KLS_LBSPPA0_LBSPPB0_LPA0_LPB0_LDL1_LRVW1_LWPMn1_LDW0_FMA_MIAV0_MDA2_MO40_MMFSC_MKFGSU256_NTA0_NTB0_NTC0_NTD0_NEPBS0_NLCA1_NLCB1_ONLL1_OPLV0_PK0_PAP0_PGR0_PLR0_PKA0_SIA1_SLW1_SS0_SU32_SUM0_SUS256_SCIUI1_SPO0_SRVW0_SSO0_SVW4_SNLL0_TSGRA0_TSGRB0_TT8_4_TLDS0_UMLDSA0_UMLDSB0_U64SL1_USFGRO0_VAW1_VS1_VW1_VWB1_VFLRP0_WSGRA0_WSGRB0_WS64_WG16_16_1_WGM8+0x3be4>
	v_mul_f32_e32 v3, s20, v29                                 // 000000008FD4: 10063A14
	s_wait_alu 0xfffe                                          // 000000008FD8: BF88FFFE
	s_and_not1_b32 vcc_lo, exec_lo, s16                        // 000000008FDC: 916A107E
	s_wait_alu 0xfffe                                          // 000000008FE0: BF88FFFE
	s_cbranch_vccnz 34                                         // 000000008FE4: BFA40022 <Cijk_Ailk_Bljk_SB_MT128x64x8_SN_1LDSB0_APM1_ABV0_ACED0_AF0EM1_AF1EM1_AMAS0_ASE_ASGT_ASLT_ASM_ASAE01_ASCE01_ASEM1_AAC0_BL0_BS1_CLR0_DTLA0_DTLB0_DTVA0_DTVB0_DVO0_ETSP_EPS0_ELFLR0_EMLL0_FSSC10_FL0_GLVWA1_GLVWB1_GRCGA1_GRCGB1_GRPM1_GRVW1_GSU1_GSUASB_GLS0_ISA000_IU1_K1_KLS_LBSPPA0_LBSPPB0_LPA0_LPB0_LDL1_LRVW1_LWPMn1_LDW0_FMA_MIAV0_MDA2_MO40_MMFSC_MKFGSU256_NTA0_NTB0_NTC0_NTD0_NEPBS0_NLCA1_NLCB1_ONLL1_OPLV0_PK0_PAP0_PGR0_PLR0_PKA0_SIA1_SLW1_SS0_SU32_SUM0_SUS256_SCIUI1_SPO0_SRVW0_SSO0_SVW4_SNLL0_TSGRA0_TSGRB0_TT8_4_TLDS0_UMLDSA0_UMLDSB0_U64SL1_USFGRO0_VAW1_VS1_VW1_VWB1_VFLRP0_WSGRA0_WSGRB0_WS64_WG16_16_1_WGM8+0x2470>
	v_mad_co_u64_u32 v[7:8], null, v6, s24, 0                  // 000000008FE8: D6FE7C07 02003106
	v_lshlrev_b64_e32 v[9:10], 2, v[0:1]                       // 000000008FF0: 3E120082
	s_mov_b32 s17, 0                                           // 000000008FF4: BE910080
	s_mov_b32 s16, s25                                         // 000000008FF8: BE900019
	s_wait_alu 0xfffe                                          // 000000008FFC: BF88FFFE
	s_mul_u64 s[16:17], s[10:11], s[16:17]                     // 000000009000: AA90100A
	s_wait_alu 0xfffe                                          // 000000009004: BF88FFFE
	s_lshl_b64 s[16:17], s[16:17], 2                           // 000000009008: 84908210
	v_lshlrev_b64_e32 v[7:8], 2, v[7:8]                        // 00000000900C: 3E0E0E82
	s_delay_alu instid0(VALU_DEP_1) | instskip(SKIP_1) | instid1(VALU_DEP_2)// 000000009010: BF870121
	v_add_co_u32 v4, vcc_lo, s14, v7                           // 000000009014: D7006A04 00020E0E
	s_wait_alu 0xfffd                                          // 00000000901C: BF88FFFD
	v_add_co_ci_u32_e64 v7, null, s15, v8, vcc_lo              // 000000009020: D5207C07 01AA100F
	s_delay_alu instid0(VALU_DEP_2) | instskip(SKIP_1) | instid1(VALU_DEP_2)// 000000009028: BF870122
	v_add_co_u32 v4, vcc_lo, v4, v9                            // 00000000902C: D7006A04 00021304
	s_wait_alu 0xfffd                                          // 000000009034: BF88FFFD
	v_add_co_ci_u32_e64 v8, null, v7, v10, vcc_lo              // 000000009038: D5207C08 01AA1507
	s_wait_alu 0xfffe                                          // 000000009040: BF88FFFE
	s_delay_alu instid0(VALU_DEP_2) | instskip(SKIP_1) | instid1(VALU_DEP_2)// 000000009044: BF870122
	v_add_co_u32 v7, vcc_lo, v4, s16                           // 000000009048: D7006A07 00002104
	s_wait_alu 0xfffd                                          // 000000009050: BF88FFFD
	v_add_co_ci_u32_e64 v8, null, s17, v8, vcc_lo              // 000000009054: D5207C08 01AA1011
	global_load_b32 v4, v[7:8], off offset:384                 // 00000000905C: EE05007C 00000004 00018007
	s_wait_loadcnt 0x0                                         // 000000009068: BFC00000
	v_fmac_f32_e32 v3, s21, v4                                 // 00000000906C: 56060815
	v_mad_co_u64_u32 v[7:8], null, v6, s22, 0                  // 000000009070: D6FE7C07 02002D06
	v_lshlrev_b64_e32 v[9:10], 2, v[0:1]                       // 000000009078: 3E120082
	s_mov_b32 s17, 0                                           // 00000000907C: BE910080
	s_mov_b32 s16, s23                                         // 000000009080: BE900017
	s_wait_alu 0xfffe                                          // 000000009084: BF88FFFE
	s_mul_u64 s[16:17], s[10:11], s[16:17]                     // 000000009088: AA90100A
	s_wait_alu 0xfffe                                          // 00000000908C: BF88FFFE
	s_lshl_b64 s[16:17], s[16:17], 2                           // 000000009090: 84908210
	v_lshlrev_b64_e32 v[7:8], 2, v[7:8]                        // 000000009094: 3E0E0E82
	s_delay_alu instid0(VALU_DEP_1) | instskip(SKIP_1) | instid1(VALU_DEP_2)// 000000009098: BF870121
	v_add_co_u32 v1, vcc_lo, s12, v7                           // 00000000909C: D7006A01 00020E0C
	s_wait_alu 0xfffd                                          // 0000000090A4: BF88FFFD
	v_add_co_ci_u32_e64 v4, null, s13, v8, vcc_lo              // 0000000090A8: D5207C04 01AA100D
	s_delay_alu instid0(VALU_DEP_2) | instskip(SKIP_1) | instid1(VALU_DEP_2)// 0000000090B0: BF870122
	v_add_co_u32 v1, vcc_lo, v1, v9                            // 0000000090B4: D7006A01 00021301
	s_wait_alu 0xfffd                                          // 0000000090BC: BF88FFFD
	v_add_co_ci_u32_e64 v4, null, v4, v10, vcc_lo              // 0000000090C0: D5207C04 01AA1504
	s_wait_alu 0xfffe                                          // 0000000090C8: BF88FFFE
	s_delay_alu instid0(VALU_DEP_2) | instskip(SKIP_1) | instid1(VALU_DEP_2)// 0000000090CC: BF870122
	v_add_co_u32 v7, vcc_lo, v1, s16                           // 0000000090D0: D7006A07 00002101
	s_wait_alu 0xfffd                                          // 0000000090D8: BF88FFFD
	v_add_co_ci_u32_e64 v8, null, s17, v4, vcc_lo              // 0000000090DC: D5207C08 01AA0811
	global_store_b32 v[7:8], v3, off offset:384                // 0000000090E4: EE06807C 01800000 00018007
	s_or_b32 exec_lo, exec_lo, s9                              // 0000000090F0: 8C7E097E
	s_and_b32 s9, s7, s8                                       // 0000000090F4: 8B090807
	s_wait_alu 0xfffe                                          // 0000000090F8: BF88FFFE
	s_and_saveexec_b32 s8, s9                                  // 0000000090FC: BE882009
	s_cbranch_execz 75                                         // 000000009100: BFA5004B <Cijk_Ailk_Bljk_SB_MT128x64x8_SN_1LDSB0_APM1_ABV0_ACED0_AF0EM1_AF1EM1_AMAS0_ASE_ASGT_ASLT_ASM_ASAE01_ASCE01_ASEM1_AAC0_BL0_BS1_CLR0_DTLA0_DTLB0_DTVA0_DTVB0_DVO0_ETSP_EPS0_ELFLR0_EMLL0_FSSC10_FL0_GLVWA1_GLVWB1_GRCGA1_GRCGB1_GRPM1_GRVW1_GSU1_GSUASB_GLS0_ISA000_IU1_K1_KLS_LBSPPA0_LBSPPB0_LPA0_LPB0_LDL1_LRVW1_LWPMn1_LDW0_FMA_MIAV0_MDA2_MO40_MMFSC_MKFGSU256_NTA0_NTB0_NTC0_NTD0_NEPBS0_NLCA1_NLCB1_ONLL1_OPLV0_PK0_PAP0_PGR0_PLR0_PKA0_SIA1_SLW1_SS0_SU32_SUM0_SUS256_SCIUI1_SPO0_SRVW0_SSO0_SVW4_SNLL0_TSGRA0_TSGRB0_TT8_4_TLDS0_UMLDSA0_UMLDSB0_U64SL1_USFGRO0_VAW1_VS1_VW1_VWB1_VFLRP0_WSGRA0_WSGRB0_WS64_WG16_16_1_WGM8+0x2630>
	v_mov_b32_e32 v1, 0                                        // 000000009104: 7E020280
	s_cmp_neq_f32 s21, 0                                       // 000000009108: BF4D8015
	s_mov_b32 s9, 0                                            // 00000000910C: BE890080
	s_cbranch_scc1 1462                                        // 000000009110: BFA205B6 <Cijk_Ailk_Bljk_SB_MT128x64x8_SN_1LDSB0_APM1_ABV0_ACED0_AF0EM1_AF1EM1_AMAS0_ASE_ASGT_ASLT_ASM_ASAE01_ASCE01_ASEM1_AAC0_BL0_BS1_CLR0_DTLA0_DTLB0_DTVA0_DTVB0_DVO0_ETSP_EPS0_ELFLR0_EMLL0_FSSC10_FL0_GLVWA1_GLVWB1_GRCGA1_GRCGB1_GRPM1_GRVW1_GSU1_GSUASB_GLS0_ISA000_IU1_K1_KLS_LBSPPA0_LBSPPB0_LPA0_LPB0_LDL1_LRVW1_LWPMn1_LDW0_FMA_MIAV0_MDA2_MO40_MMFSC_MKFGSU256_NTA0_NTB0_NTC0_NTD0_NEPBS0_NLCA1_NLCB1_ONLL1_OPLV0_PK0_PAP0_PGR0_PLR0_PKA0_SIA1_SLW1_SS0_SU32_SUM0_SUS256_SCIUI1_SPO0_SRVW0_SSO0_SVW4_SNLL0_TSGRA0_TSGRB0_TT8_4_TLDS0_UMLDSA0_UMLDSB0_U64SL1_USFGRO0_VAW1_VS1_VW1_VWB1_VFLRP0_WSGRA0_WSGRB0_WS64_WG16_16_1_WGM8+0x3bec>
	v_mul_f32_e32 v3, s20, v28                                 // 000000009114: 10063814
	s_wait_alu 0xfffe                                          // 000000009118: BF88FFFE
	s_and_not1_b32 vcc_lo, exec_lo, s9                         // 00000000911C: 916A097E
	s_wait_alu 0xfffe                                          // 000000009120: BF88FFFE
	s_cbranch_vccnz 34                                         // 000000009124: BFA40022 <Cijk_Ailk_Bljk_SB_MT128x64x8_SN_1LDSB0_APM1_ABV0_ACED0_AF0EM1_AF1EM1_AMAS0_ASE_ASGT_ASLT_ASM_ASAE01_ASCE01_ASEM1_AAC0_BL0_BS1_CLR0_DTLA0_DTLB0_DTVA0_DTVB0_DVO0_ETSP_EPS0_ELFLR0_EMLL0_FSSC10_FL0_GLVWA1_GLVWB1_GRCGA1_GRCGB1_GRPM1_GRVW1_GSU1_GSUASB_GLS0_ISA000_IU1_K1_KLS_LBSPPA0_LBSPPB0_LPA0_LPB0_LDL1_LRVW1_LWPMn1_LDW0_FMA_MIAV0_MDA2_MO40_MMFSC_MKFGSU256_NTA0_NTB0_NTC0_NTD0_NEPBS0_NLCA1_NLCB1_ONLL1_OPLV0_PK0_PAP0_PGR0_PLR0_PKA0_SIA1_SLW1_SS0_SU32_SUM0_SUS256_SCIUI1_SPO0_SRVW0_SSO0_SVW4_SNLL0_TSGRA0_TSGRB0_TT8_4_TLDS0_UMLDSA0_UMLDSB0_U64SL1_USFGRO0_VAW1_VS1_VW1_VWB1_VFLRP0_WSGRA0_WSGRB0_WS64_WG16_16_1_WGM8+0x25b0>
	v_mad_co_u64_u32 v[7:8], null, v6, s24, 0                  // 000000009128: D6FE7C07 02003106
	v_lshlrev_b64_e32 v[9:10], 2, v[0:1]                       // 000000009130: 3E120082
	s_mov_b32 s17, 0                                           // 000000009134: BE910080
	s_mov_b32 s16, s25                                         // 000000009138: BE900019
	s_wait_alu 0xfffe                                          // 00000000913C: BF88FFFE
	s_mul_u64 s[16:17], s[10:11], s[16:17]                     // 000000009140: AA90100A
	s_wait_alu 0xfffe                                          // 000000009144: BF88FFFE
	s_lshl_b64 s[16:17], s[16:17], 2                           // 000000009148: 84908210
	v_lshlrev_b64_e32 v[7:8], 2, v[7:8]                        // 00000000914C: 3E0E0E82
	s_delay_alu instid0(VALU_DEP_1) | instskip(SKIP_1) | instid1(VALU_DEP_2)// 000000009150: BF870121
	v_add_co_u32 v4, vcc_lo, s14, v7                           // 000000009154: D7006A04 00020E0E
	s_wait_alu 0xfffd                                          // 00000000915C: BF88FFFD
	v_add_co_ci_u32_e64 v7, null, s15, v8, vcc_lo              // 000000009160: D5207C07 01AA100F
	s_delay_alu instid0(VALU_DEP_2) | instskip(SKIP_1) | instid1(VALU_DEP_2)// 000000009168: BF870122
	v_add_co_u32 v4, vcc_lo, v4, v9                            // 00000000916C: D7006A04 00021304
	s_wait_alu 0xfffd                                          // 000000009174: BF88FFFD
	v_add_co_ci_u32_e64 v8, null, v7, v10, vcc_lo              // 000000009178: D5207C08 01AA1507
	s_wait_alu 0xfffe                                          // 000000009180: BF88FFFE
	s_delay_alu instid0(VALU_DEP_2) | instskip(SKIP_1) | instid1(VALU_DEP_2)// 000000009184: BF870122
	v_add_co_u32 v7, vcc_lo, v4, s16                           // 000000009188: D7006A07 00002104
	s_wait_alu 0xfffd                                          // 000000009190: BF88FFFD
	v_add_co_ci_u32_e64 v8, null, s17, v8, vcc_lo              // 000000009194: D5207C08 01AA1011
	global_load_b32 v4, v[7:8], off offset:448                 // 00000000919C: EE05007C 00000004 0001C007
	s_wait_loadcnt 0x0                                         // 0000000091A8: BFC00000
	v_fmac_f32_e32 v3, s21, v4                                 // 0000000091AC: 56060815
	v_mad_co_u64_u32 v[6:7], null, v6, s22, 0                  // 0000000091B0: D6FE7C06 02002D06
	v_lshlrev_b64_e32 v[8:9], 2, v[0:1]                        // 0000000091B8: 3E100082
	s_mov_b32 s17, 0                                           // 0000000091BC: BE910080
	s_mov_b32 s16, s23                                         // 0000000091C0: BE900017
	s_wait_alu 0xfffe                                          // 0000000091C4: BF88FFFE
	s_mul_u64 s[16:17], s[10:11], s[16:17]                     // 0000000091C8: AA90100A
	s_wait_alu 0xfffe                                          // 0000000091CC: BF88FFFE
	s_lshl_b64 s[16:17], s[16:17], 2                           // 0000000091D0: 84908210
	v_lshlrev_b64_e32 v[6:7], 2, v[6:7]                        // 0000000091D4: 3E0C0C82
	s_delay_alu instid0(VALU_DEP_1) | instskip(SKIP_1) | instid1(VALU_DEP_2)// 0000000091D8: BF870121
	v_add_co_u32 v1, vcc_lo, s12, v6                           // 0000000091DC: D7006A01 00020C0C
	s_wait_alu 0xfffd                                          // 0000000091E4: BF88FFFD
	v_add_co_ci_u32_e64 v4, null, s13, v7, vcc_lo              // 0000000091E8: D5207C04 01AA0E0D
	s_delay_alu instid0(VALU_DEP_2) | instskip(SKIP_1) | instid1(VALU_DEP_2)// 0000000091F0: BF870122
	v_add_co_u32 v1, vcc_lo, v1, v8                            // 0000000091F4: D7006A01 00021101
	s_wait_alu 0xfffd                                          // 0000000091FC: BF88FFFD
	v_add_co_ci_u32_e64 v4, null, v4, v9, vcc_lo               // 000000009200: D5207C04 01AA1304
	s_wait_alu 0xfffe                                          // 000000009208: BF88FFFE
	s_delay_alu instid0(VALU_DEP_2) | instskip(SKIP_1) | instid1(VALU_DEP_2)// 00000000920C: BF870122
	v_add_co_u32 v6, vcc_lo, v1, s16                           // 000000009210: D7006A06 00002101
	s_wait_alu 0xfffd                                          // 000000009218: BF88FFFD
	v_add_co_ci_u32_e64 v7, null, s17, v4, vcc_lo              // 00000000921C: D5207C07 01AA0811
	global_store_b32 v[6:7], v3, off offset:448                // 000000009224: EE06807C 01800000 0001C006
	s_wait_alu 0xfffe                                          // 000000009230: BF88FFFE
	s_or_b32 exec_lo, exec_lo, s8                              // 000000009234: 8C7E087E
	v_add_nc_u32_e32 v6, 32, v5                                // 000000009238: 4A0C0AA0
	s_delay_alu instid0(VALU_DEP_1)                            // 00000000923C: BF870001
	v_cmp_gt_u32_e64 s8, s39, v6                               // 000000009240: D44C0008 00020C27
	s_and_b32 s16, s0, s8                                      // 000000009248: 8B100800
	s_wait_alu 0xfffe                                          // 00000000924C: BF88FFFE
	s_and_saveexec_b32 s9, s16                                 // 000000009250: BE892010
	s_cbranch_execnz 43                                        // 000000009254: BFA6002B <Cijk_Ailk_Bljk_SB_MT128x64x8_SN_1LDSB0_APM1_ABV0_ACED0_AF0EM1_AF1EM1_AMAS0_ASE_ASGT_ASLT_ASM_ASAE01_ASCE01_ASEM1_AAC0_BL0_BS1_CLR0_DTLA0_DTLB0_DTVA0_DTVB0_DVO0_ETSP_EPS0_ELFLR0_EMLL0_FSSC10_FL0_GLVWA1_GLVWB1_GRCGA1_GRCGB1_GRPM1_GRVW1_GSU1_GSUASB_GLS0_ISA000_IU1_K1_KLS_LBSPPA0_LBSPPB0_LPA0_LPB0_LDL1_LRVW1_LWPMn1_LDW0_FMA_MIAV0_MDA2_MO40_MMFSC_MKFGSU256_NTA0_NTB0_NTC0_NTD0_NEPBS0_NLCA1_NLCB1_ONLL1_OPLV0_PK0_PAP0_PGR0_PLR0_PKA0_SIA1_SLW1_SS0_SU32_SUM0_SUS256_SCIUI1_SPO0_SRVW0_SSO0_SVW4_SNLL0_TSGRA0_TSGRB0_TT8_4_TLDS0_UMLDSA0_UMLDSB0_U64SL1_USFGRO0_VAW1_VS1_VW1_VWB1_VFLRP0_WSGRA0_WSGRB0_WS64_WG16_16_1_WGM8+0x2704>
	s_wait_alu 0xfffe                                          // 000000009258: BF88FFFE
	s_or_b32 exec_lo, exec_lo, s9                              // 00000000925C: 8C7E097E
	s_and_b32 s16, s1, s8                                      // 000000009260: 8B100801
	s_wait_alu 0xfffe                                          // 000000009264: BF88FFFE
	s_and_saveexec_b32 s9, s16                                 // 000000009268: BE892010
	s_cbranch_execnz 111                                       // 00000000926C: BFA6006F <Cijk_Ailk_Bljk_SB_MT128x64x8_SN_1LDSB0_APM1_ABV0_ACED0_AF0EM1_AF1EM1_AMAS0_ASE_ASGT_ASLT_ASM_ASAE01_ASCE01_ASEM1_AAC0_BL0_BS1_CLR0_DTLA0_DTLB0_DTVA0_DTVB0_DVO0_ETSP_EPS0_ELFLR0_EMLL0_FSSC10_FL0_GLVWA1_GLVWB1_GRCGA1_GRCGB1_GRPM1_GRVW1_GSU1_GSUASB_GLS0_ISA000_IU1_K1_KLS_LBSPPA0_LBSPPB0_LPA0_LPB0_LDL1_LRVW1_LWPMn1_LDW0_FMA_MIAV0_MDA2_MO40_MMFSC_MKFGSU256_NTA0_NTB0_NTC0_NTD0_NEPBS0_NLCA1_NLCB1_ONLL1_OPLV0_PK0_PAP0_PGR0_PLR0_PKA0_SIA1_SLW1_SS0_SU32_SUM0_SUS256_SCIUI1_SPO0_SRVW0_SSO0_SVW4_SNLL0_TSGRA0_TSGRB0_TT8_4_TLDS0_UMLDSA0_UMLDSB0_U64SL1_USFGRO0_VAW1_VS1_VW1_VWB1_VFLRP0_WSGRA0_WSGRB0_WS64_WG16_16_1_WGM8+0x282c>
	s_wait_alu 0xfffe                                          // 000000009270: BF88FFFE
	s_or_b32 exec_lo, exec_lo, s9                              // 000000009274: 8C7E097E
	s_and_b32 s16, s2, s8                                      // 000000009278: 8B100802
	s_wait_alu 0xfffe                                          // 00000000927C: BF88FFFE
	s_and_saveexec_b32 s9, s16                                 // 000000009280: BE892010
	s_cbranch_execnz 185                                       // 000000009284: BFA600B9 <Cijk_Ailk_Bljk_SB_MT128x64x8_SN_1LDSB0_APM1_ABV0_ACED0_AF0EM1_AF1EM1_AMAS0_ASE_ASGT_ASLT_ASM_ASAE01_ASCE01_ASEM1_AAC0_BL0_BS1_CLR0_DTLA0_DTLB0_DTVA0_DTVB0_DVO0_ETSP_EPS0_ELFLR0_EMLL0_FSSC10_FL0_GLVWA1_GLVWB1_GRCGA1_GRCGB1_GRPM1_GRVW1_GSU1_GSUASB_GLS0_ISA000_IU1_K1_KLS_LBSPPA0_LBSPPB0_LPA0_LPB0_LDL1_LRVW1_LWPMn1_LDW0_FMA_MIAV0_MDA2_MO40_MMFSC_MKFGSU256_NTA0_NTB0_NTC0_NTD0_NEPBS0_NLCA1_NLCB1_ONLL1_OPLV0_PK0_PAP0_PGR0_PLR0_PKA0_SIA1_SLW1_SS0_SU32_SUM0_SUS256_SCIUI1_SPO0_SRVW0_SSO0_SVW4_SNLL0_TSGRA0_TSGRB0_TT8_4_TLDS0_UMLDSA0_UMLDSB0_U64SL1_USFGRO0_VAW1_VS1_VW1_VWB1_VFLRP0_WSGRA0_WSGRB0_WS64_WG16_16_1_WGM8+0x296c>
	s_wait_alu 0xfffe                                          // 000000009288: BF88FFFE
	s_or_b32 exec_lo, exec_lo, s9                              // 00000000928C: 8C7E097E
	s_and_b32 s16, s3, s8                                      // 000000009290: 8B100803
	s_wait_alu 0xfffe                                          // 000000009294: BF88FFFE
	s_and_saveexec_b32 s9, s16                                 // 000000009298: BE892010
	s_cbranch_execnz 259                                       // 00000000929C: BFA60103 <Cijk_Ailk_Bljk_SB_MT128x64x8_SN_1LDSB0_APM1_ABV0_ACED0_AF0EM1_AF1EM1_AMAS0_ASE_ASGT_ASLT_ASM_ASAE01_ASCE01_ASEM1_AAC0_BL0_BS1_CLR0_DTLA0_DTLB0_DTVA0_DTVB0_DVO0_ETSP_EPS0_ELFLR0_EMLL0_FSSC10_FL0_GLVWA1_GLVWB1_GRCGA1_GRCGB1_GRPM1_GRVW1_GSU1_GSUASB_GLS0_ISA000_IU1_K1_KLS_LBSPPA0_LBSPPB0_LPA0_LPB0_LDL1_LRVW1_LWPMn1_LDW0_FMA_MIAV0_MDA2_MO40_MMFSC_MKFGSU256_NTA0_NTB0_NTC0_NTD0_NEPBS0_NLCA1_NLCB1_ONLL1_OPLV0_PK0_PAP0_PGR0_PLR0_PKA0_SIA1_SLW1_SS0_SU32_SUM0_SUS256_SCIUI1_SPO0_SRVW0_SSO0_SVW4_SNLL0_TSGRA0_TSGRB0_TT8_4_TLDS0_UMLDSA0_UMLDSB0_U64SL1_USFGRO0_VAW1_VS1_VW1_VWB1_VFLRP0_WSGRA0_WSGRB0_WS64_WG16_16_1_WGM8+0x2aac>
	s_wait_alu 0xfffe                                          // 0000000092A0: BF88FFFE
	s_or_b32 exec_lo, exec_lo, s9                              // 0000000092A4: 8C7E097E
	s_and_b32 s16, s4, s8                                      // 0000000092A8: 8B100804
	s_wait_alu 0xfffe                                          // 0000000092AC: BF88FFFE
	s_and_saveexec_b32 s9, s16                                 // 0000000092B0: BE892010
	s_cbranch_execnz 333                                       // 0000000092B4: BFA6014D <Cijk_Ailk_Bljk_SB_MT128x64x8_SN_1LDSB0_APM1_ABV0_ACED0_AF0EM1_AF1EM1_AMAS0_ASE_ASGT_ASLT_ASM_ASAE01_ASCE01_ASEM1_AAC0_BL0_BS1_CLR0_DTLA0_DTLB0_DTVA0_DTVB0_DVO0_ETSP_EPS0_ELFLR0_EMLL0_FSSC10_FL0_GLVWA1_GLVWB1_GRCGA1_GRCGB1_GRPM1_GRVW1_GSU1_GSUASB_GLS0_ISA000_IU1_K1_KLS_LBSPPA0_LBSPPB0_LPA0_LPB0_LDL1_LRVW1_LWPMn1_LDW0_FMA_MIAV0_MDA2_MO40_MMFSC_MKFGSU256_NTA0_NTB0_NTC0_NTD0_NEPBS0_NLCA1_NLCB1_ONLL1_OPLV0_PK0_PAP0_PGR0_PLR0_PKA0_SIA1_SLW1_SS0_SU32_SUM0_SUS256_SCIUI1_SPO0_SRVW0_SSO0_SVW4_SNLL0_TSGRA0_TSGRB0_TT8_4_TLDS0_UMLDSA0_UMLDSB0_U64SL1_USFGRO0_VAW1_VS1_VW1_VWB1_VFLRP0_WSGRA0_WSGRB0_WS64_WG16_16_1_WGM8+0x2bec>
	s_wait_alu 0xfffe                                          // 0000000092B8: BF88FFFE
	s_or_b32 exec_lo, exec_lo, s9                              // 0000000092BC: 8C7E097E
	s_and_b32 s16, s5, s8                                      // 0000000092C0: 8B100805
	s_wait_alu 0xfffe                                          // 0000000092C4: BF88FFFE
	s_and_saveexec_b32 s9, s16                                 // 0000000092C8: BE892010
	s_cbranch_execnz 407                                       // 0000000092CC: BFA60197 <Cijk_Ailk_Bljk_SB_MT128x64x8_SN_1LDSB0_APM1_ABV0_ACED0_AF0EM1_AF1EM1_AMAS0_ASE_ASGT_ASLT_ASM_ASAE01_ASCE01_ASEM1_AAC0_BL0_BS1_CLR0_DTLA0_DTLB0_DTVA0_DTVB0_DVO0_ETSP_EPS0_ELFLR0_EMLL0_FSSC10_FL0_GLVWA1_GLVWB1_GRCGA1_GRCGB1_GRPM1_GRVW1_GSU1_GSUASB_GLS0_ISA000_IU1_K1_KLS_LBSPPA0_LBSPPB0_LPA0_LPB0_LDL1_LRVW1_LWPMn1_LDW0_FMA_MIAV0_MDA2_MO40_MMFSC_MKFGSU256_NTA0_NTB0_NTC0_NTD0_NEPBS0_NLCA1_NLCB1_ONLL1_OPLV0_PK0_PAP0_PGR0_PLR0_PKA0_SIA1_SLW1_SS0_SU32_SUM0_SUS256_SCIUI1_SPO0_SRVW0_SSO0_SVW4_SNLL0_TSGRA0_TSGRB0_TT8_4_TLDS0_UMLDSA0_UMLDSB0_U64SL1_USFGRO0_VAW1_VS1_VW1_VWB1_VFLRP0_WSGRA0_WSGRB0_WS64_WG16_16_1_WGM8+0x2d2c>
	s_wait_alu 0xfffe                                          // 0000000092D0: BF88FFFE
	s_or_b32 exec_lo, exec_lo, s9                              // 0000000092D4: 8C7E097E
	s_and_b32 s16, s6, s8                                      // 0000000092D8: 8B100806
	s_wait_alu 0xfffe                                          // 0000000092DC: BF88FFFE
	s_and_saveexec_b32 s9, s16                                 // 0000000092E0: BE892010
	s_cbranch_execnz 481                                       // 0000000092E4: BFA601E1 <Cijk_Ailk_Bljk_SB_MT128x64x8_SN_1LDSB0_APM1_ABV0_ACED0_AF0EM1_AF1EM1_AMAS0_ASE_ASGT_ASLT_ASM_ASAE01_ASCE01_ASEM1_AAC0_BL0_BS1_CLR0_DTLA0_DTLB0_DTVA0_DTVB0_DVO0_ETSP_EPS0_ELFLR0_EMLL0_FSSC10_FL0_GLVWA1_GLVWB1_GRCGA1_GRCGB1_GRPM1_GRVW1_GSU1_GSUASB_GLS0_ISA000_IU1_K1_KLS_LBSPPA0_LBSPPB0_LPA0_LPB0_LDL1_LRVW1_LWPMn1_LDW0_FMA_MIAV0_MDA2_MO40_MMFSC_MKFGSU256_NTA0_NTB0_NTC0_NTD0_NEPBS0_NLCA1_NLCB1_ONLL1_OPLV0_PK0_PAP0_PGR0_PLR0_PKA0_SIA1_SLW1_SS0_SU32_SUM0_SUS256_SCIUI1_SPO0_SRVW0_SSO0_SVW4_SNLL0_TSGRA0_TSGRB0_TT8_4_TLDS0_UMLDSA0_UMLDSB0_U64SL1_USFGRO0_VAW1_VS1_VW1_VWB1_VFLRP0_WSGRA0_WSGRB0_WS64_WG16_16_1_WGM8+0x2e6c>
	s_wait_alu 0xfffe                                          // 0000000092E8: BF88FFFE
	s_or_b32 exec_lo, exec_lo, s9                              // 0000000092EC: 8C7E097E
	s_and_b32 s9, s7, s8                                       // 0000000092F0: 8B090807
	s_wait_alu 0xfffe                                          // 0000000092F4: BF88FFFE
	s_and_saveexec_b32 s8, s9                                  // 0000000092F8: BE882009
	s_cbranch_execnz 555                                       // 0000000092FC: BFA6022B <Cijk_Ailk_Bljk_SB_MT128x64x8_SN_1LDSB0_APM1_ABV0_ACED0_AF0EM1_AF1EM1_AMAS0_ASE_ASGT_ASLT_ASM_ASAE01_ASCE01_ASEM1_AAC0_BL0_BS1_CLR0_DTLA0_DTLB0_DTVA0_DTVB0_DVO0_ETSP_EPS0_ELFLR0_EMLL0_FSSC10_FL0_GLVWA1_GLVWB1_GRCGA1_GRCGB1_GRPM1_GRVW1_GSU1_GSUASB_GLS0_ISA000_IU1_K1_KLS_LBSPPA0_LBSPPB0_LPA0_LPB0_LDL1_LRVW1_LWPMn1_LDW0_FMA_MIAV0_MDA2_MO40_MMFSC_MKFGSU256_NTA0_NTB0_NTC0_NTD0_NEPBS0_NLCA1_NLCB1_ONLL1_OPLV0_PK0_PAP0_PGR0_PLR0_PKA0_SIA1_SLW1_SS0_SU32_SUM0_SUS256_SCIUI1_SPO0_SRVW0_SSO0_SVW4_SNLL0_TSGRA0_TSGRB0_TT8_4_TLDS0_UMLDSA0_UMLDSB0_U64SL1_USFGRO0_VAW1_VS1_VW1_VWB1_VFLRP0_WSGRA0_WSGRB0_WS64_WG16_16_1_WGM8+0x2fac>
	s_branch 629                                               // 000000009300: BFA00275 <Cijk_Ailk_Bljk_SB_MT128x64x8_SN_1LDSB0_APM1_ABV0_ACED0_AF0EM1_AF1EM1_AMAS0_ASE_ASGT_ASLT_ASM_ASAE01_ASCE01_ASEM1_AAC0_BL0_BS1_CLR0_DTLA0_DTLB0_DTVA0_DTVB0_DVO0_ETSP_EPS0_ELFLR0_EMLL0_FSSC10_FL0_GLVWA1_GLVWB1_GRCGA1_GRCGB1_GRPM1_GRVW1_GSU1_GSUASB_GLS0_ISA000_IU1_K1_KLS_LBSPPA0_LBSPPB0_LPA0_LPB0_LDL1_LRVW1_LWPMn1_LDW0_FMA_MIAV0_MDA2_MO40_MMFSC_MKFGSU256_NTA0_NTB0_NTC0_NTD0_NEPBS0_NLCA1_NLCB1_ONLL1_OPLV0_PK0_PAP0_PGR0_PLR0_PKA0_SIA1_SLW1_SS0_SU32_SUM0_SUS256_SCIUI1_SPO0_SRVW0_SSO0_SVW4_SNLL0_TSGRA0_TSGRB0_TT8_4_TLDS0_UMLDSA0_UMLDSB0_U64SL1_USFGRO0_VAW1_VS1_VW1_VWB1_VFLRP0_WSGRA0_WSGRB0_WS64_WG16_16_1_WGM8+0x30d8>
	v_mov_b32_e32 v1, 0                                        // 000000009304: 7E020280
	s_cmp_eq_f32 s21, 0                                        // 000000009308: BF428015
	s_mov_b32 s17, 0                                           // 00000000930C: BE910080
	s_delay_alu instid0(VALU_DEP_1)                            // 000000009310: BF870001
	v_lshlrev_b64_e32 v[3:4], 2, v[0:1]                        // 000000009314: 3E060082
	v_mul_f32_e32 v1, s20, v27                                 // 000000009318: 10023614
	s_cbranch_scc1 32                                          // 00000000931C: BFA20020 <Cijk_Ailk_Bljk_SB_MT128x64x8_SN_1LDSB0_APM1_ABV0_ACED0_AF0EM1_AF1EM1_AMAS0_ASE_ASGT_ASLT_ASM_ASAE01_ASCE01_ASEM1_AAC0_BL0_BS1_CLR0_DTLA0_DTLB0_DTVA0_DTVB0_DVO0_ETSP_EPS0_ELFLR0_EMLL0_FSSC10_FL0_GLVWA1_GLVWB1_GRCGA1_GRCGB1_GRPM1_GRVW1_GSU1_GSUASB_GLS0_ISA000_IU1_K1_KLS_LBSPPA0_LBSPPB0_LPA0_LPB0_LDL1_LRVW1_LWPMn1_LDW0_FMA_MIAV0_MDA2_MO40_MMFSC_MKFGSU256_NTA0_NTB0_NTC0_NTD0_NEPBS0_NLCA1_NLCB1_ONLL1_OPLV0_PK0_PAP0_PGR0_PLR0_PKA0_SIA1_SLW1_SS0_SU32_SUM0_SUS256_SCIUI1_SPO0_SRVW0_SSO0_SVW4_SNLL0_TSGRA0_TSGRB0_TT8_4_TLDS0_UMLDSA0_UMLDSB0_U64SL1_USFGRO0_VAW1_VS1_VW1_VWB1_VFLRP0_WSGRA0_WSGRB0_WS64_WG16_16_1_WGM8+0x27a0>
	v_mad_co_u64_u32 v[7:8], null, v6, s24, 0                  // 000000009320: D6FE7C07 02003106
	s_mov_b32 s16, s25                                         // 000000009328: BE900019
	s_wait_alu 0xfffe                                          // 00000000932C: BF88FFFE
	s_mul_u64 s[18:19], s[10:11], s[16:17]                     // 000000009330: AA92100A
	s_wait_alu 0xfffe                                          // 000000009334: BF88FFFE
	s_lshl_b64 s[18:19], s[18:19], 2                           // 000000009338: 84928212
	v_lshlrev_b64_e32 v[7:8], 2, v[7:8]                        // 00000000933C: 3E0E0E82
	s_delay_alu instid0(VALU_DEP_1) | instskip(SKIP_1) | instid1(VALU_DEP_2)// 000000009340: BF870121
	v_add_co_u32 v7, vcc_lo, s14, v7                           // 000000009344: D7006A07 00020E0E
	s_wait_alu 0xfffd                                          // 00000000934C: BF88FFFD
	v_add_co_ci_u32_e64 v8, null, s15, v8, vcc_lo              // 000000009350: D5207C08 01AA100F
	s_delay_alu instid0(VALU_DEP_2) | instskip(SKIP_1) | instid1(VALU_DEP_2)// 000000009358: BF870122
	v_add_co_u32 v7, vcc_lo, v7, v3                            // 00000000935C: D7006A07 00020707
	s_wait_alu 0xfffd                                          // 000000009364: BF88FFFD
	v_add_co_ci_u32_e64 v8, null, v8, v4, vcc_lo               // 000000009368: D5207C08 01AA0908
	s_wait_alu 0xfffe                                          // 000000009370: BF88FFFE
	s_delay_alu instid0(VALU_DEP_2) | instskip(SKIP_1) | instid1(VALU_DEP_2)// 000000009374: BF870122
	v_add_co_u32 v7, vcc_lo, v7, s18                           // 000000009378: D7006A07 00002507
	s_wait_alu 0xfffd                                          // 000000009380: BF88FFFD
	v_add_co_ci_u32_e64 v8, null, s19, v8, vcc_lo              // 000000009384: D5207C08 01AA1013
	global_load_b32 v7, v[7:8], off                            // 00000000938C: EE05007C 00000007 00000007
	s_wait_loadcnt 0x0                                         // 000000009398: BFC00000
	v_fmac_f32_e32 v1, s21, v7                                 // 00000000939C: 56020E15
	v_mad_co_u64_u32 v[7:8], null, v6, s22, 0                  // 0000000093A0: D6FE7C07 02002D06
	s_mov_b32 s16, s23                                         // 0000000093A8: BE900017
	s_wait_alu 0xfffe                                          // 0000000093AC: BF88FFFE
	s_mul_u64 s[16:17], s[10:11], s[16:17]                     // 0000000093B0: AA90100A
	s_wait_alu 0xfffe                                          // 0000000093B4: BF88FFFE
	s_lshl_b64 s[16:17], s[16:17], 2                           // 0000000093B8: 84908210
	v_lshlrev_b64_e32 v[7:8], 2, v[7:8]                        // 0000000093BC: 3E0E0E82
	s_delay_alu instid0(VALU_DEP_1) | instskip(SKIP_1) | instid1(VALU_DEP_2)// 0000000093C0: BF870121
	v_add_co_u32 v7, vcc_lo, s12, v7                           // 0000000093C4: D7006A07 00020E0C
	s_wait_alu 0xfffd                                          // 0000000093CC: BF88FFFD
	v_add_co_ci_u32_e64 v8, null, s13, v8, vcc_lo              // 0000000093D0: D5207C08 01AA100D
	s_delay_alu instid0(VALU_DEP_2) | instskip(SKIP_1) | instid1(VALU_DEP_2)// 0000000093D8: BF870122
	v_add_co_u32 v3, vcc_lo, v7, v3                            // 0000000093DC: D7006A03 00020707
	s_wait_alu 0xfffd                                          // 0000000093E4: BF88FFFD
	v_add_co_ci_u32_e64 v4, null, v8, v4, vcc_lo               // 0000000093E8: D5207C04 01AA0908
	s_wait_alu 0xfffe                                          // 0000000093F0: BF88FFFE
	s_delay_alu instid0(VALU_DEP_2) | instskip(SKIP_1) | instid1(VALU_DEP_2)// 0000000093F4: BF870122
	v_add_co_u32 v3, vcc_lo, v3, s16                           // 0000000093F8: D7006A03 00002103
	s_wait_alu 0xfffd                                          // 000000009400: BF88FFFD
	v_add_co_ci_u32_e64 v4, null, s17, v4, vcc_lo              // 000000009404: D5207C04 01AA0811
	global_store_b32 v[3:4], v1, off                           // 00000000940C: EE06807C 00800000 00000003
	s_or_b32 exec_lo, exec_lo, s9                              // 000000009418: 8C7E097E
	s_and_b32 s16, s1, s8                                      // 00000000941C: 8B100801
	s_wait_alu 0xfffe                                          // 000000009420: BF88FFFE
	s_and_saveexec_b32 s9, s16                                 // 000000009424: BE892010
	s_cbranch_execz 65425                                      // 000000009428: BFA5FF91 <Cijk_Ailk_Bljk_SB_MT128x64x8_SN_1LDSB0_APM1_ABV0_ACED0_AF0EM1_AF1EM1_AMAS0_ASE_ASGT_ASLT_ASM_ASAE01_ASCE01_ASEM1_AAC0_BL0_BS1_CLR0_DTLA0_DTLB0_DTVA0_DTVB0_DVO0_ETSP_EPS0_ELFLR0_EMLL0_FSSC10_FL0_GLVWA1_GLVWB1_GRCGA1_GRCGB1_GRPM1_GRVW1_GSU1_GSUASB_GLS0_ISA000_IU1_K1_KLS_LBSPPA0_LBSPPB0_LPA0_LPB0_LDL1_LRVW1_LWPMn1_LDW0_FMA_MIAV0_MDA2_MO40_MMFSC_MKFGSU256_NTA0_NTB0_NTC0_NTD0_NEPBS0_NLCA1_NLCB1_ONLL1_OPLV0_PK0_PAP0_PGR0_PLR0_PKA0_SIA1_SLW1_SS0_SU32_SUM0_SUS256_SCIUI1_SPO0_SRVW0_SSO0_SVW4_SNLL0_TSGRA0_TSGRB0_TT8_4_TLDS0_UMLDSA0_UMLDSB0_U64SL1_USFGRO0_VAW1_VS1_VW1_VWB1_VFLRP0_WSGRA0_WSGRB0_WS64_WG16_16_1_WGM8+0x2670>
	v_mov_b32_e32 v1, 0                                        // 00000000942C: 7E020280
	s_cmp_neq_f32 s21, 0                                       // 000000009430: BF4D8015
	s_mov_b32 s16, 0                                           // 000000009434: BE900080
	s_cbranch_scc1 1262                                        // 000000009438: BFA204EE <Cijk_Ailk_Bljk_SB_MT128x64x8_SN_1LDSB0_APM1_ABV0_ACED0_AF0EM1_AF1EM1_AMAS0_ASE_ASGT_ASLT_ASM_ASAE01_ASCE01_ASEM1_AAC0_BL0_BS1_CLR0_DTLA0_DTLB0_DTVA0_DTVB0_DVO0_ETSP_EPS0_ELFLR0_EMLL0_FSSC10_FL0_GLVWA1_GLVWB1_GRCGA1_GRCGB1_GRPM1_GRVW1_GSU1_GSUASB_GLS0_ISA000_IU1_K1_KLS_LBSPPA0_LBSPPB0_LPA0_LPB0_LDL1_LRVW1_LWPMn1_LDW0_FMA_MIAV0_MDA2_MO40_MMFSC_MKFGSU256_NTA0_NTB0_NTC0_NTD0_NEPBS0_NLCA1_NLCB1_ONLL1_OPLV0_PK0_PAP0_PGR0_PLR0_PKA0_SIA1_SLW1_SS0_SU32_SUM0_SUS256_SCIUI1_SPO0_SRVW0_SSO0_SVW4_SNLL0_TSGRA0_TSGRB0_TT8_4_TLDS0_UMLDSA0_UMLDSB0_U64SL1_USFGRO0_VAW1_VS1_VW1_VWB1_VFLRP0_WSGRA0_WSGRB0_WS64_WG16_16_1_WGM8+0x3bf4>
	v_mul_f32_e32 v3, s20, v26                                 // 00000000943C: 10063414
	s_wait_alu 0xfffe                                          // 000000009440: BF88FFFE
	s_and_not1_b32 vcc_lo, exec_lo, s16                        // 000000009444: 916A107E
	s_wait_alu 0xfffe                                          // 000000009448: BF88FFFE
	s_cbranch_vccnz 34                                         // 00000000944C: BFA40022 <Cijk_Ailk_Bljk_SB_MT128x64x8_SN_1LDSB0_APM1_ABV0_ACED0_AF0EM1_AF1EM1_AMAS0_ASE_ASGT_ASLT_ASM_ASAE01_ASCE01_ASEM1_AAC0_BL0_BS1_CLR0_DTLA0_DTLB0_DTVA0_DTVB0_DVO0_ETSP_EPS0_ELFLR0_EMLL0_FSSC10_FL0_GLVWA1_GLVWB1_GRCGA1_GRCGB1_GRPM1_GRVW1_GSU1_GSUASB_GLS0_ISA000_IU1_K1_KLS_LBSPPA0_LBSPPB0_LPA0_LPB0_LDL1_LRVW1_LWPMn1_LDW0_FMA_MIAV0_MDA2_MO40_MMFSC_MKFGSU256_NTA0_NTB0_NTC0_NTD0_NEPBS0_NLCA1_NLCB1_ONLL1_OPLV0_PK0_PAP0_PGR0_PLR0_PKA0_SIA1_SLW1_SS0_SU32_SUM0_SUS256_SCIUI1_SPO0_SRVW0_SSO0_SVW4_SNLL0_TSGRA0_TSGRB0_TT8_4_TLDS0_UMLDSA0_UMLDSB0_U64SL1_USFGRO0_VAW1_VS1_VW1_VWB1_VFLRP0_WSGRA0_WSGRB0_WS64_WG16_16_1_WGM8+0x28d8>
	v_mad_co_u64_u32 v[7:8], null, v6, s24, 0                  // 000000009450: D6FE7C07 02003106
	v_lshlrev_b64_e32 v[9:10], 2, v[0:1]                       // 000000009458: 3E120082
	s_mov_b32 s17, 0                                           // 00000000945C: BE910080
	s_mov_b32 s16, s25                                         // 000000009460: BE900019
	s_wait_alu 0xfffe                                          // 000000009464: BF88FFFE
	s_mul_u64 s[16:17], s[10:11], s[16:17]                     // 000000009468: AA90100A
	s_wait_alu 0xfffe                                          // 00000000946C: BF88FFFE
	s_lshl_b64 s[16:17], s[16:17], 2                           // 000000009470: 84908210
	v_lshlrev_b64_e32 v[7:8], 2, v[7:8]                        // 000000009474: 3E0E0E82
	s_delay_alu instid0(VALU_DEP_1) | instskip(SKIP_1) | instid1(VALU_DEP_2)// 000000009478: BF870121
	v_add_co_u32 v4, vcc_lo, s14, v7                           // 00000000947C: D7006A04 00020E0E
	s_wait_alu 0xfffd                                          // 000000009484: BF88FFFD
	v_add_co_ci_u32_e64 v7, null, s15, v8, vcc_lo              // 000000009488: D5207C07 01AA100F
	s_delay_alu instid0(VALU_DEP_2) | instskip(SKIP_1) | instid1(VALU_DEP_2)// 000000009490: BF870122
	v_add_co_u32 v4, vcc_lo, v4, v9                            // 000000009494: D7006A04 00021304
	s_wait_alu 0xfffd                                          // 00000000949C: BF88FFFD
	v_add_co_ci_u32_e64 v8, null, v7, v10, vcc_lo              // 0000000094A0: D5207C08 01AA1507
	s_wait_alu 0xfffe                                          // 0000000094A8: BF88FFFE
	s_delay_alu instid0(VALU_DEP_2) | instskip(SKIP_1) | instid1(VALU_DEP_2)// 0000000094AC: BF870122
	v_add_co_u32 v7, vcc_lo, v4, s16                           // 0000000094B0: D7006A07 00002104
	s_wait_alu 0xfffd                                          // 0000000094B8: BF88FFFD
	v_add_co_ci_u32_e64 v8, null, s17, v8, vcc_lo              // 0000000094BC: D5207C08 01AA1011
	global_load_b32 v4, v[7:8], off offset:64                  // 0000000094C4: EE05007C 00000004 00004007
	s_wait_loadcnt 0x0                                         // 0000000094D0: BFC00000
	v_fmac_f32_e32 v3, s21, v4                                 // 0000000094D4: 56060815
	v_mad_co_u64_u32 v[7:8], null, v6, s22, 0                  // 0000000094D8: D6FE7C07 02002D06
	v_lshlrev_b64_e32 v[9:10], 2, v[0:1]                       // 0000000094E0: 3E120082
	s_mov_b32 s17, 0                                           // 0000000094E4: BE910080
	s_mov_b32 s16, s23                                         // 0000000094E8: BE900017
	s_wait_alu 0xfffe                                          // 0000000094EC: BF88FFFE
	s_mul_u64 s[16:17], s[10:11], s[16:17]                     // 0000000094F0: AA90100A
	s_wait_alu 0xfffe                                          // 0000000094F4: BF88FFFE
	s_lshl_b64 s[16:17], s[16:17], 2                           // 0000000094F8: 84908210
	v_lshlrev_b64_e32 v[7:8], 2, v[7:8]                        // 0000000094FC: 3E0E0E82
	s_delay_alu instid0(VALU_DEP_1) | instskip(SKIP_1) | instid1(VALU_DEP_2)// 000000009500: BF870121
	v_add_co_u32 v1, vcc_lo, s12, v7                           // 000000009504: D7006A01 00020E0C
	s_wait_alu 0xfffd                                          // 00000000950C: BF88FFFD
	v_add_co_ci_u32_e64 v4, null, s13, v8, vcc_lo              // 000000009510: D5207C04 01AA100D
	s_delay_alu instid0(VALU_DEP_2) | instskip(SKIP_1) | instid1(VALU_DEP_2)// 000000009518: BF870122
	v_add_co_u32 v1, vcc_lo, v1, v9                            // 00000000951C: D7006A01 00021301
	s_wait_alu 0xfffd                                          // 000000009524: BF88FFFD
	v_add_co_ci_u32_e64 v4, null, v4, v10, vcc_lo              // 000000009528: D5207C04 01AA1504
	s_wait_alu 0xfffe                                          // 000000009530: BF88FFFE
	s_delay_alu instid0(VALU_DEP_2) | instskip(SKIP_1) | instid1(VALU_DEP_2)// 000000009534: BF870122
	v_add_co_u32 v7, vcc_lo, v1, s16                           // 000000009538: D7006A07 00002101
	s_wait_alu 0xfffd                                          // 000000009540: BF88FFFD
	v_add_co_ci_u32_e64 v8, null, s17, v4, vcc_lo              // 000000009544: D5207C08 01AA0811
	global_store_b32 v[7:8], v3, off offset:64                 // 00000000954C: EE06807C 01800000 00004007
	s_or_b32 exec_lo, exec_lo, s9                              // 000000009558: 8C7E097E
	s_and_b32 s16, s2, s8                                      // 00000000955C: 8B100802
	s_wait_alu 0xfffe                                          // 000000009560: BF88FFFE
	s_and_saveexec_b32 s9, s16                                 // 000000009564: BE892010
	s_cbranch_execz 65351                                      // 000000009568: BFA5FF47 <Cijk_Ailk_Bljk_SB_MT128x64x8_SN_1LDSB0_APM1_ABV0_ACED0_AF0EM1_AF1EM1_AMAS0_ASE_ASGT_ASLT_ASM_ASAE01_ASCE01_ASEM1_AAC0_BL0_BS1_CLR0_DTLA0_DTLB0_DTVA0_DTVB0_DVO0_ETSP_EPS0_ELFLR0_EMLL0_FSSC10_FL0_GLVWA1_GLVWB1_GRCGA1_GRCGB1_GRPM1_GRVW1_GSU1_GSUASB_GLS0_ISA000_IU1_K1_KLS_LBSPPA0_LBSPPB0_LPA0_LPB0_LDL1_LRVW1_LWPMn1_LDW0_FMA_MIAV0_MDA2_MO40_MMFSC_MKFGSU256_NTA0_NTB0_NTC0_NTD0_NEPBS0_NLCA1_NLCB1_ONLL1_OPLV0_PK0_PAP0_PGR0_PLR0_PKA0_SIA1_SLW1_SS0_SU32_SUM0_SUS256_SCIUI1_SPO0_SRVW0_SSO0_SVW4_SNLL0_TSGRA0_TSGRB0_TT8_4_TLDS0_UMLDSA0_UMLDSB0_U64SL1_USFGRO0_VAW1_VS1_VW1_VWB1_VFLRP0_WSGRA0_WSGRB0_WS64_WG16_16_1_WGM8+0x2688>
	v_mov_b32_e32 v1, 0                                        // 00000000956C: 7E020280
	s_cmp_neq_f32 s21, 0                                       // 000000009570: BF4D8015
	s_mov_b32 s16, 0                                           // 000000009574: BE900080
	s_cbranch_scc1 1184                                        // 000000009578: BFA204A0 <Cijk_Ailk_Bljk_SB_MT128x64x8_SN_1LDSB0_APM1_ABV0_ACED0_AF0EM1_AF1EM1_AMAS0_ASE_ASGT_ASLT_ASM_ASAE01_ASCE01_ASEM1_AAC0_BL0_BS1_CLR0_DTLA0_DTLB0_DTVA0_DTVB0_DVO0_ETSP_EPS0_ELFLR0_EMLL0_FSSC10_FL0_GLVWA1_GLVWB1_GRCGA1_GRCGB1_GRPM1_GRVW1_GSU1_GSUASB_GLS0_ISA000_IU1_K1_KLS_LBSPPA0_LBSPPB0_LPA0_LPB0_LDL1_LRVW1_LWPMn1_LDW0_FMA_MIAV0_MDA2_MO40_MMFSC_MKFGSU256_NTA0_NTB0_NTC0_NTD0_NEPBS0_NLCA1_NLCB1_ONLL1_OPLV0_PK0_PAP0_PGR0_PLR0_PKA0_SIA1_SLW1_SS0_SU32_SUM0_SUS256_SCIUI1_SPO0_SRVW0_SSO0_SVW4_SNLL0_TSGRA0_TSGRB0_TT8_4_TLDS0_UMLDSA0_UMLDSB0_U64SL1_USFGRO0_VAW1_VS1_VW1_VWB1_VFLRP0_WSGRA0_WSGRB0_WS64_WG16_16_1_WGM8+0x3bfc>
	v_mul_f32_e32 v3, s20, v25                                 // 00000000957C: 10063214
	s_wait_alu 0xfffe                                          // 000000009580: BF88FFFE
	s_and_not1_b32 vcc_lo, exec_lo, s16                        // 000000009584: 916A107E
	s_wait_alu 0xfffe                                          // 000000009588: BF88FFFE
	s_cbranch_vccnz 34                                         // 00000000958C: BFA40022 <Cijk_Ailk_Bljk_SB_MT128x64x8_SN_1LDSB0_APM1_ABV0_ACED0_AF0EM1_AF1EM1_AMAS0_ASE_ASGT_ASLT_ASM_ASAE01_ASCE01_ASEM1_AAC0_BL0_BS1_CLR0_DTLA0_DTLB0_DTVA0_DTVB0_DVO0_ETSP_EPS0_ELFLR0_EMLL0_FSSC10_FL0_GLVWA1_GLVWB1_GRCGA1_GRCGB1_GRPM1_GRVW1_GSU1_GSUASB_GLS0_ISA000_IU1_K1_KLS_LBSPPA0_LBSPPB0_LPA0_LPB0_LDL1_LRVW1_LWPMn1_LDW0_FMA_MIAV0_MDA2_MO40_MMFSC_MKFGSU256_NTA0_NTB0_NTC0_NTD0_NEPBS0_NLCA1_NLCB1_ONLL1_OPLV0_PK0_PAP0_PGR0_PLR0_PKA0_SIA1_SLW1_SS0_SU32_SUM0_SUS256_SCIUI1_SPO0_SRVW0_SSO0_SVW4_SNLL0_TSGRA0_TSGRB0_TT8_4_TLDS0_UMLDSA0_UMLDSB0_U64SL1_USFGRO0_VAW1_VS1_VW1_VWB1_VFLRP0_WSGRA0_WSGRB0_WS64_WG16_16_1_WGM8+0x2a18>
	v_mad_co_u64_u32 v[7:8], null, v6, s24, 0                  // 000000009590: D6FE7C07 02003106
	v_lshlrev_b64_e32 v[9:10], 2, v[0:1]                       // 000000009598: 3E120082
	s_mov_b32 s17, 0                                           // 00000000959C: BE910080
	s_mov_b32 s16, s25                                         // 0000000095A0: BE900019
	s_wait_alu 0xfffe                                          // 0000000095A4: BF88FFFE
	s_mul_u64 s[16:17], s[10:11], s[16:17]                     // 0000000095A8: AA90100A
	s_wait_alu 0xfffe                                          // 0000000095AC: BF88FFFE
	s_lshl_b64 s[16:17], s[16:17], 2                           // 0000000095B0: 84908210
	v_lshlrev_b64_e32 v[7:8], 2, v[7:8]                        // 0000000095B4: 3E0E0E82
	s_delay_alu instid0(VALU_DEP_1) | instskip(SKIP_1) | instid1(VALU_DEP_2)// 0000000095B8: BF870121
	v_add_co_u32 v4, vcc_lo, s14, v7                           // 0000000095BC: D7006A04 00020E0E
	s_wait_alu 0xfffd                                          // 0000000095C4: BF88FFFD
	v_add_co_ci_u32_e64 v7, null, s15, v8, vcc_lo              // 0000000095C8: D5207C07 01AA100F
	s_delay_alu instid0(VALU_DEP_2) | instskip(SKIP_1) | instid1(VALU_DEP_2)// 0000000095D0: BF870122
	v_add_co_u32 v4, vcc_lo, v4, v9                            // 0000000095D4: D7006A04 00021304
	s_wait_alu 0xfffd                                          // 0000000095DC: BF88FFFD
	v_add_co_ci_u32_e64 v8, null, v7, v10, vcc_lo              // 0000000095E0: D5207C08 01AA1507
	s_wait_alu 0xfffe                                          // 0000000095E8: BF88FFFE
	s_delay_alu instid0(VALU_DEP_2) | instskip(SKIP_1) | instid1(VALU_DEP_2)// 0000000095EC: BF870122
	v_add_co_u32 v7, vcc_lo, v4, s16                           // 0000000095F0: D7006A07 00002104
	s_wait_alu 0xfffd                                          // 0000000095F8: BF88FFFD
	v_add_co_ci_u32_e64 v8, null, s17, v8, vcc_lo              // 0000000095FC: D5207C08 01AA1011
	global_load_b32 v4, v[7:8], off offset:128                 // 000000009604: EE05007C 00000004 00008007
	s_wait_loadcnt 0x0                                         // 000000009610: BFC00000
	v_fmac_f32_e32 v3, s21, v4                                 // 000000009614: 56060815
	v_mad_co_u64_u32 v[7:8], null, v6, s22, 0                  // 000000009618: D6FE7C07 02002D06
	v_lshlrev_b64_e32 v[9:10], 2, v[0:1]                       // 000000009620: 3E120082
	s_mov_b32 s17, 0                                           // 000000009624: BE910080
	s_mov_b32 s16, s23                                         // 000000009628: BE900017
	s_wait_alu 0xfffe                                          // 00000000962C: BF88FFFE
	s_mul_u64 s[16:17], s[10:11], s[16:17]                     // 000000009630: AA90100A
	s_wait_alu 0xfffe                                          // 000000009634: BF88FFFE
	s_lshl_b64 s[16:17], s[16:17], 2                           // 000000009638: 84908210
	v_lshlrev_b64_e32 v[7:8], 2, v[7:8]                        // 00000000963C: 3E0E0E82
	s_delay_alu instid0(VALU_DEP_1) | instskip(SKIP_1) | instid1(VALU_DEP_2)// 000000009640: BF870121
	v_add_co_u32 v1, vcc_lo, s12, v7                           // 000000009644: D7006A01 00020E0C
	s_wait_alu 0xfffd                                          // 00000000964C: BF88FFFD
	v_add_co_ci_u32_e64 v4, null, s13, v8, vcc_lo              // 000000009650: D5207C04 01AA100D
	s_delay_alu instid0(VALU_DEP_2) | instskip(SKIP_1) | instid1(VALU_DEP_2)// 000000009658: BF870122
	v_add_co_u32 v1, vcc_lo, v1, v9                            // 00000000965C: D7006A01 00021301
	s_wait_alu 0xfffd                                          // 000000009664: BF88FFFD
	v_add_co_ci_u32_e64 v4, null, v4, v10, vcc_lo              // 000000009668: D5207C04 01AA1504
	s_wait_alu 0xfffe                                          // 000000009670: BF88FFFE
	s_delay_alu instid0(VALU_DEP_2) | instskip(SKIP_1) | instid1(VALU_DEP_2)// 000000009674: BF870122
	v_add_co_u32 v7, vcc_lo, v1, s16                           // 000000009678: D7006A07 00002101
	s_wait_alu 0xfffd                                          // 000000009680: BF88FFFD
	v_add_co_ci_u32_e64 v8, null, s17, v4, vcc_lo              // 000000009684: D5207C08 01AA0811
	global_store_b32 v[7:8], v3, off offset:128                // 00000000968C: EE06807C 01800000 00008007
	s_or_b32 exec_lo, exec_lo, s9                              // 000000009698: 8C7E097E
	s_and_b32 s16, s3, s8                                      // 00000000969C: 8B100803
	s_wait_alu 0xfffe                                          // 0000000096A0: BF88FFFE
	s_and_saveexec_b32 s9, s16                                 // 0000000096A4: BE892010
	s_cbranch_execz 65277                                      // 0000000096A8: BFA5FEFD <Cijk_Ailk_Bljk_SB_MT128x64x8_SN_1LDSB0_APM1_ABV0_ACED0_AF0EM1_AF1EM1_AMAS0_ASE_ASGT_ASLT_ASM_ASAE01_ASCE01_ASEM1_AAC0_BL0_BS1_CLR0_DTLA0_DTLB0_DTVA0_DTVB0_DVO0_ETSP_EPS0_ELFLR0_EMLL0_FSSC10_FL0_GLVWA1_GLVWB1_GRCGA1_GRCGB1_GRPM1_GRVW1_GSU1_GSUASB_GLS0_ISA000_IU1_K1_KLS_LBSPPA0_LBSPPB0_LPA0_LPB0_LDL1_LRVW1_LWPMn1_LDW0_FMA_MIAV0_MDA2_MO40_MMFSC_MKFGSU256_NTA0_NTB0_NTC0_NTD0_NEPBS0_NLCA1_NLCB1_ONLL1_OPLV0_PK0_PAP0_PGR0_PLR0_PKA0_SIA1_SLW1_SS0_SU32_SUM0_SUS256_SCIUI1_SPO0_SRVW0_SSO0_SVW4_SNLL0_TSGRA0_TSGRB0_TT8_4_TLDS0_UMLDSA0_UMLDSB0_U64SL1_USFGRO0_VAW1_VS1_VW1_VWB1_VFLRP0_WSGRA0_WSGRB0_WS64_WG16_16_1_WGM8+0x26a0>
	v_mov_b32_e32 v1, 0                                        // 0000000096AC: 7E020280
	s_cmp_neq_f32 s21, 0                                       // 0000000096B0: BF4D8015
	s_mov_b32 s16, 0                                           // 0000000096B4: BE900080
	s_cbranch_scc1 1106                                        // 0000000096B8: BFA20452 <Cijk_Ailk_Bljk_SB_MT128x64x8_SN_1LDSB0_APM1_ABV0_ACED0_AF0EM1_AF1EM1_AMAS0_ASE_ASGT_ASLT_ASM_ASAE01_ASCE01_ASEM1_AAC0_BL0_BS1_CLR0_DTLA0_DTLB0_DTVA0_DTVB0_DVO0_ETSP_EPS0_ELFLR0_EMLL0_FSSC10_FL0_GLVWA1_GLVWB1_GRCGA1_GRCGB1_GRPM1_GRVW1_GSU1_GSUASB_GLS0_ISA000_IU1_K1_KLS_LBSPPA0_LBSPPB0_LPA0_LPB0_LDL1_LRVW1_LWPMn1_LDW0_FMA_MIAV0_MDA2_MO40_MMFSC_MKFGSU256_NTA0_NTB0_NTC0_NTD0_NEPBS0_NLCA1_NLCB1_ONLL1_OPLV0_PK0_PAP0_PGR0_PLR0_PKA0_SIA1_SLW1_SS0_SU32_SUM0_SUS256_SCIUI1_SPO0_SRVW0_SSO0_SVW4_SNLL0_TSGRA0_TSGRB0_TT8_4_TLDS0_UMLDSA0_UMLDSB0_U64SL1_USFGRO0_VAW1_VS1_VW1_VWB1_VFLRP0_WSGRA0_WSGRB0_WS64_WG16_16_1_WGM8+0x3c04>
	v_mul_f32_e32 v3, s20, v24                                 // 0000000096BC: 10063014
	s_wait_alu 0xfffe                                          // 0000000096C0: BF88FFFE
	s_and_not1_b32 vcc_lo, exec_lo, s16                        // 0000000096C4: 916A107E
	s_wait_alu 0xfffe                                          // 0000000096C8: BF88FFFE
	s_cbranch_vccnz 34                                         // 0000000096CC: BFA40022 <Cijk_Ailk_Bljk_SB_MT128x64x8_SN_1LDSB0_APM1_ABV0_ACED0_AF0EM1_AF1EM1_AMAS0_ASE_ASGT_ASLT_ASM_ASAE01_ASCE01_ASEM1_AAC0_BL0_BS1_CLR0_DTLA0_DTLB0_DTVA0_DTVB0_DVO0_ETSP_EPS0_ELFLR0_EMLL0_FSSC10_FL0_GLVWA1_GLVWB1_GRCGA1_GRCGB1_GRPM1_GRVW1_GSU1_GSUASB_GLS0_ISA000_IU1_K1_KLS_LBSPPA0_LBSPPB0_LPA0_LPB0_LDL1_LRVW1_LWPMn1_LDW0_FMA_MIAV0_MDA2_MO40_MMFSC_MKFGSU256_NTA0_NTB0_NTC0_NTD0_NEPBS0_NLCA1_NLCB1_ONLL1_OPLV0_PK0_PAP0_PGR0_PLR0_PKA0_SIA1_SLW1_SS0_SU32_SUM0_SUS256_SCIUI1_SPO0_SRVW0_SSO0_SVW4_SNLL0_TSGRA0_TSGRB0_TT8_4_TLDS0_UMLDSA0_UMLDSB0_U64SL1_USFGRO0_VAW1_VS1_VW1_VWB1_VFLRP0_WSGRA0_WSGRB0_WS64_WG16_16_1_WGM8+0x2b58>
	v_mad_co_u64_u32 v[7:8], null, v6, s24, 0                  // 0000000096D0: D6FE7C07 02003106
	v_lshlrev_b64_e32 v[9:10], 2, v[0:1]                       // 0000000096D8: 3E120082
	s_mov_b32 s17, 0                                           // 0000000096DC: BE910080
	s_mov_b32 s16, s25                                         // 0000000096E0: BE900019
	s_wait_alu 0xfffe                                          // 0000000096E4: BF88FFFE
	s_mul_u64 s[16:17], s[10:11], s[16:17]                     // 0000000096E8: AA90100A
	s_wait_alu 0xfffe                                          // 0000000096EC: BF88FFFE
	s_lshl_b64 s[16:17], s[16:17], 2                           // 0000000096F0: 84908210
	v_lshlrev_b64_e32 v[7:8], 2, v[7:8]                        // 0000000096F4: 3E0E0E82
	s_delay_alu instid0(VALU_DEP_1) | instskip(SKIP_1) | instid1(VALU_DEP_2)// 0000000096F8: BF870121
	v_add_co_u32 v4, vcc_lo, s14, v7                           // 0000000096FC: D7006A04 00020E0E
	s_wait_alu 0xfffd                                          // 000000009704: BF88FFFD
	v_add_co_ci_u32_e64 v7, null, s15, v8, vcc_lo              // 000000009708: D5207C07 01AA100F
	s_delay_alu instid0(VALU_DEP_2) | instskip(SKIP_1) | instid1(VALU_DEP_2)// 000000009710: BF870122
	v_add_co_u32 v4, vcc_lo, v4, v9                            // 000000009714: D7006A04 00021304
	s_wait_alu 0xfffd                                          // 00000000971C: BF88FFFD
	v_add_co_ci_u32_e64 v8, null, v7, v10, vcc_lo              // 000000009720: D5207C08 01AA1507
	s_wait_alu 0xfffe                                          // 000000009728: BF88FFFE
	s_delay_alu instid0(VALU_DEP_2) | instskip(SKIP_1) | instid1(VALU_DEP_2)// 00000000972C: BF870122
	v_add_co_u32 v7, vcc_lo, v4, s16                           // 000000009730: D7006A07 00002104
	s_wait_alu 0xfffd                                          // 000000009738: BF88FFFD
	v_add_co_ci_u32_e64 v8, null, s17, v8, vcc_lo              // 00000000973C: D5207C08 01AA1011
	global_load_b32 v4, v[7:8], off offset:192                 // 000000009744: EE05007C 00000004 0000C007
	s_wait_loadcnt 0x0                                         // 000000009750: BFC00000
	v_fmac_f32_e32 v3, s21, v4                                 // 000000009754: 56060815
	v_mad_co_u64_u32 v[7:8], null, v6, s22, 0                  // 000000009758: D6FE7C07 02002D06
	v_lshlrev_b64_e32 v[9:10], 2, v[0:1]                       // 000000009760: 3E120082
	s_mov_b32 s17, 0                                           // 000000009764: BE910080
	s_mov_b32 s16, s23                                         // 000000009768: BE900017
	s_wait_alu 0xfffe                                          // 00000000976C: BF88FFFE
	s_mul_u64 s[16:17], s[10:11], s[16:17]                     // 000000009770: AA90100A
	s_wait_alu 0xfffe                                          // 000000009774: BF88FFFE
	s_lshl_b64 s[16:17], s[16:17], 2                           // 000000009778: 84908210
	v_lshlrev_b64_e32 v[7:8], 2, v[7:8]                        // 00000000977C: 3E0E0E82
	s_delay_alu instid0(VALU_DEP_1) | instskip(SKIP_1) | instid1(VALU_DEP_2)// 000000009780: BF870121
	v_add_co_u32 v1, vcc_lo, s12, v7                           // 000000009784: D7006A01 00020E0C
	s_wait_alu 0xfffd                                          // 00000000978C: BF88FFFD
	v_add_co_ci_u32_e64 v4, null, s13, v8, vcc_lo              // 000000009790: D5207C04 01AA100D
	s_delay_alu instid0(VALU_DEP_2) | instskip(SKIP_1) | instid1(VALU_DEP_2)// 000000009798: BF870122
	v_add_co_u32 v1, vcc_lo, v1, v9                            // 00000000979C: D7006A01 00021301
	s_wait_alu 0xfffd                                          // 0000000097A4: BF88FFFD
	v_add_co_ci_u32_e64 v4, null, v4, v10, vcc_lo              // 0000000097A8: D5207C04 01AA1504
	s_wait_alu 0xfffe                                          // 0000000097B0: BF88FFFE
	s_delay_alu instid0(VALU_DEP_2) | instskip(SKIP_1) | instid1(VALU_DEP_2)// 0000000097B4: BF870122
	v_add_co_u32 v7, vcc_lo, v1, s16                           // 0000000097B8: D7006A07 00002101
	s_wait_alu 0xfffd                                          // 0000000097C0: BF88FFFD
	v_add_co_ci_u32_e64 v8, null, s17, v4, vcc_lo              // 0000000097C4: D5207C08 01AA0811
	global_store_b32 v[7:8], v3, off offset:192                // 0000000097CC: EE06807C 01800000 0000C007
	s_or_b32 exec_lo, exec_lo, s9                              // 0000000097D8: 8C7E097E
	s_and_b32 s16, s4, s8                                      // 0000000097DC: 8B100804
	s_wait_alu 0xfffe                                          // 0000000097E0: BF88FFFE
	s_and_saveexec_b32 s9, s16                                 // 0000000097E4: BE892010
	s_cbranch_execz 65203                                      // 0000000097E8: BFA5FEB3 <Cijk_Ailk_Bljk_SB_MT128x64x8_SN_1LDSB0_APM1_ABV0_ACED0_AF0EM1_AF1EM1_AMAS0_ASE_ASGT_ASLT_ASM_ASAE01_ASCE01_ASEM1_AAC0_BL0_BS1_CLR0_DTLA0_DTLB0_DTVA0_DTVB0_DVO0_ETSP_EPS0_ELFLR0_EMLL0_FSSC10_FL0_GLVWA1_GLVWB1_GRCGA1_GRCGB1_GRPM1_GRVW1_GSU1_GSUASB_GLS0_ISA000_IU1_K1_KLS_LBSPPA0_LBSPPB0_LPA0_LPB0_LDL1_LRVW1_LWPMn1_LDW0_FMA_MIAV0_MDA2_MO40_MMFSC_MKFGSU256_NTA0_NTB0_NTC0_NTD0_NEPBS0_NLCA1_NLCB1_ONLL1_OPLV0_PK0_PAP0_PGR0_PLR0_PKA0_SIA1_SLW1_SS0_SU32_SUM0_SUS256_SCIUI1_SPO0_SRVW0_SSO0_SVW4_SNLL0_TSGRA0_TSGRB0_TT8_4_TLDS0_UMLDSA0_UMLDSB0_U64SL1_USFGRO0_VAW1_VS1_VW1_VWB1_VFLRP0_WSGRA0_WSGRB0_WS64_WG16_16_1_WGM8+0x26b8>
	v_mov_b32_e32 v1, 0                                        // 0000000097EC: 7E020280
	s_cmp_neq_f32 s21, 0                                       // 0000000097F0: BF4D8015
	s_mov_b32 s16, 0                                           // 0000000097F4: BE900080
	s_cbranch_scc1 1028                                        // 0000000097F8: BFA20404 <Cijk_Ailk_Bljk_SB_MT128x64x8_SN_1LDSB0_APM1_ABV0_ACED0_AF0EM1_AF1EM1_AMAS0_ASE_ASGT_ASLT_ASM_ASAE01_ASCE01_ASEM1_AAC0_BL0_BS1_CLR0_DTLA0_DTLB0_DTVA0_DTVB0_DVO0_ETSP_EPS0_ELFLR0_EMLL0_FSSC10_FL0_GLVWA1_GLVWB1_GRCGA1_GRCGB1_GRPM1_GRVW1_GSU1_GSUASB_GLS0_ISA000_IU1_K1_KLS_LBSPPA0_LBSPPB0_LPA0_LPB0_LDL1_LRVW1_LWPMn1_LDW0_FMA_MIAV0_MDA2_MO40_MMFSC_MKFGSU256_NTA0_NTB0_NTC0_NTD0_NEPBS0_NLCA1_NLCB1_ONLL1_OPLV0_PK0_PAP0_PGR0_PLR0_PKA0_SIA1_SLW1_SS0_SU32_SUM0_SUS256_SCIUI1_SPO0_SRVW0_SSO0_SVW4_SNLL0_TSGRA0_TSGRB0_TT8_4_TLDS0_UMLDSA0_UMLDSB0_U64SL1_USFGRO0_VAW1_VS1_VW1_VWB1_VFLRP0_WSGRA0_WSGRB0_WS64_WG16_16_1_WGM8+0x3c0c>
	v_mul_f32_e32 v3, s20, v23                                 // 0000000097FC: 10062E14
	s_wait_alu 0xfffe                                          // 000000009800: BF88FFFE
	s_and_not1_b32 vcc_lo, exec_lo, s16                        // 000000009804: 916A107E
	s_wait_alu 0xfffe                                          // 000000009808: BF88FFFE
	s_cbranch_vccnz 34                                         // 00000000980C: BFA40022 <Cijk_Ailk_Bljk_SB_MT128x64x8_SN_1LDSB0_APM1_ABV0_ACED0_AF0EM1_AF1EM1_AMAS0_ASE_ASGT_ASLT_ASM_ASAE01_ASCE01_ASEM1_AAC0_BL0_BS1_CLR0_DTLA0_DTLB0_DTVA0_DTVB0_DVO0_ETSP_EPS0_ELFLR0_EMLL0_FSSC10_FL0_GLVWA1_GLVWB1_GRCGA1_GRCGB1_GRPM1_GRVW1_GSU1_GSUASB_GLS0_ISA000_IU1_K1_KLS_LBSPPA0_LBSPPB0_LPA0_LPB0_LDL1_LRVW1_LWPMn1_LDW0_FMA_MIAV0_MDA2_MO40_MMFSC_MKFGSU256_NTA0_NTB0_NTC0_NTD0_NEPBS0_NLCA1_NLCB1_ONLL1_OPLV0_PK0_PAP0_PGR0_PLR0_PKA0_SIA1_SLW1_SS0_SU32_SUM0_SUS256_SCIUI1_SPO0_SRVW0_SSO0_SVW4_SNLL0_TSGRA0_TSGRB0_TT8_4_TLDS0_UMLDSA0_UMLDSB0_U64SL1_USFGRO0_VAW1_VS1_VW1_VWB1_VFLRP0_WSGRA0_WSGRB0_WS64_WG16_16_1_WGM8+0x2c98>
	v_mad_co_u64_u32 v[7:8], null, v6, s24, 0                  // 000000009810: D6FE7C07 02003106
	v_lshlrev_b64_e32 v[9:10], 2, v[0:1]                       // 000000009818: 3E120082
	s_mov_b32 s17, 0                                           // 00000000981C: BE910080
	s_mov_b32 s16, s25                                         // 000000009820: BE900019
	s_wait_alu 0xfffe                                          // 000000009824: BF88FFFE
	s_mul_u64 s[16:17], s[10:11], s[16:17]                     // 000000009828: AA90100A
	s_wait_alu 0xfffe                                          // 00000000982C: BF88FFFE
	s_lshl_b64 s[16:17], s[16:17], 2                           // 000000009830: 84908210
	v_lshlrev_b64_e32 v[7:8], 2, v[7:8]                        // 000000009834: 3E0E0E82
	s_delay_alu instid0(VALU_DEP_1) | instskip(SKIP_1) | instid1(VALU_DEP_2)// 000000009838: BF870121
	v_add_co_u32 v4, vcc_lo, s14, v7                           // 00000000983C: D7006A04 00020E0E
	s_wait_alu 0xfffd                                          // 000000009844: BF88FFFD
	v_add_co_ci_u32_e64 v7, null, s15, v8, vcc_lo              // 000000009848: D5207C07 01AA100F
	s_delay_alu instid0(VALU_DEP_2) | instskip(SKIP_1) | instid1(VALU_DEP_2)// 000000009850: BF870122
	v_add_co_u32 v4, vcc_lo, v4, v9                            // 000000009854: D7006A04 00021304
	s_wait_alu 0xfffd                                          // 00000000985C: BF88FFFD
	v_add_co_ci_u32_e64 v8, null, v7, v10, vcc_lo              // 000000009860: D5207C08 01AA1507
	s_wait_alu 0xfffe                                          // 000000009868: BF88FFFE
	s_delay_alu instid0(VALU_DEP_2) | instskip(SKIP_1) | instid1(VALU_DEP_2)// 00000000986C: BF870122
	v_add_co_u32 v7, vcc_lo, v4, s16                           // 000000009870: D7006A07 00002104
	s_wait_alu 0xfffd                                          // 000000009878: BF88FFFD
	v_add_co_ci_u32_e64 v8, null, s17, v8, vcc_lo              // 00000000987C: D5207C08 01AA1011
	global_load_b32 v4, v[7:8], off offset:256                 // 000000009884: EE05007C 00000004 00010007
	s_wait_loadcnt 0x0                                         // 000000009890: BFC00000
	v_fmac_f32_e32 v3, s21, v4                                 // 000000009894: 56060815
	v_mad_co_u64_u32 v[7:8], null, v6, s22, 0                  // 000000009898: D6FE7C07 02002D06
	v_lshlrev_b64_e32 v[9:10], 2, v[0:1]                       // 0000000098A0: 3E120082
	s_mov_b32 s17, 0                                           // 0000000098A4: BE910080
	s_mov_b32 s16, s23                                         // 0000000098A8: BE900017
	s_wait_alu 0xfffe                                          // 0000000098AC: BF88FFFE
	s_mul_u64 s[16:17], s[10:11], s[16:17]                     // 0000000098B0: AA90100A
	s_wait_alu 0xfffe                                          // 0000000098B4: BF88FFFE
	s_lshl_b64 s[16:17], s[16:17], 2                           // 0000000098B8: 84908210
	v_lshlrev_b64_e32 v[7:8], 2, v[7:8]                        // 0000000098BC: 3E0E0E82
	s_delay_alu instid0(VALU_DEP_1) | instskip(SKIP_1) | instid1(VALU_DEP_2)// 0000000098C0: BF870121
	v_add_co_u32 v1, vcc_lo, s12, v7                           // 0000000098C4: D7006A01 00020E0C
	s_wait_alu 0xfffd                                          // 0000000098CC: BF88FFFD
	v_add_co_ci_u32_e64 v4, null, s13, v8, vcc_lo              // 0000000098D0: D5207C04 01AA100D
	s_delay_alu instid0(VALU_DEP_2) | instskip(SKIP_1) | instid1(VALU_DEP_2)// 0000000098D8: BF870122
	v_add_co_u32 v1, vcc_lo, v1, v9                            // 0000000098DC: D7006A01 00021301
	s_wait_alu 0xfffd                                          // 0000000098E4: BF88FFFD
	v_add_co_ci_u32_e64 v4, null, v4, v10, vcc_lo              // 0000000098E8: D5207C04 01AA1504
	s_wait_alu 0xfffe                                          // 0000000098F0: BF88FFFE
	s_delay_alu instid0(VALU_DEP_2) | instskip(SKIP_1) | instid1(VALU_DEP_2)// 0000000098F4: BF870122
	v_add_co_u32 v7, vcc_lo, v1, s16                           // 0000000098F8: D7006A07 00002101
	s_wait_alu 0xfffd                                          // 000000009900: BF88FFFD
	v_add_co_ci_u32_e64 v8, null, s17, v4, vcc_lo              // 000000009904: D5207C08 01AA0811
	global_store_b32 v[7:8], v3, off offset:256                // 00000000990C: EE06807C 01800000 00010007
	s_or_b32 exec_lo, exec_lo, s9                              // 000000009918: 8C7E097E
	s_and_b32 s16, s5, s8                                      // 00000000991C: 8B100805
	s_wait_alu 0xfffe                                          // 000000009920: BF88FFFE
	s_and_saveexec_b32 s9, s16                                 // 000000009924: BE892010
	s_cbranch_execz 65129                                      // 000000009928: BFA5FE69 <Cijk_Ailk_Bljk_SB_MT128x64x8_SN_1LDSB0_APM1_ABV0_ACED0_AF0EM1_AF1EM1_AMAS0_ASE_ASGT_ASLT_ASM_ASAE01_ASCE01_ASEM1_AAC0_BL0_BS1_CLR0_DTLA0_DTLB0_DTVA0_DTVB0_DVO0_ETSP_EPS0_ELFLR0_EMLL0_FSSC10_FL0_GLVWA1_GLVWB1_GRCGA1_GRCGB1_GRPM1_GRVW1_GSU1_GSUASB_GLS0_ISA000_IU1_K1_KLS_LBSPPA0_LBSPPB0_LPA0_LPB0_LDL1_LRVW1_LWPMn1_LDW0_FMA_MIAV0_MDA2_MO40_MMFSC_MKFGSU256_NTA0_NTB0_NTC0_NTD0_NEPBS0_NLCA1_NLCB1_ONLL1_OPLV0_PK0_PAP0_PGR0_PLR0_PKA0_SIA1_SLW1_SS0_SU32_SUM0_SUS256_SCIUI1_SPO0_SRVW0_SSO0_SVW4_SNLL0_TSGRA0_TSGRB0_TT8_4_TLDS0_UMLDSA0_UMLDSB0_U64SL1_USFGRO0_VAW1_VS1_VW1_VWB1_VFLRP0_WSGRA0_WSGRB0_WS64_WG16_16_1_WGM8+0x26d0>
	v_mov_b32_e32 v1, 0                                        // 00000000992C: 7E020280
	s_cmp_neq_f32 s21, 0                                       // 000000009930: BF4D8015
	s_mov_b32 s16, 0                                           // 000000009934: BE900080
	s_cbranch_scc1 950                                         // 000000009938: BFA203B6 <Cijk_Ailk_Bljk_SB_MT128x64x8_SN_1LDSB0_APM1_ABV0_ACED0_AF0EM1_AF1EM1_AMAS0_ASE_ASGT_ASLT_ASM_ASAE01_ASCE01_ASEM1_AAC0_BL0_BS1_CLR0_DTLA0_DTLB0_DTVA0_DTVB0_DVO0_ETSP_EPS0_ELFLR0_EMLL0_FSSC10_FL0_GLVWA1_GLVWB1_GRCGA1_GRCGB1_GRPM1_GRVW1_GSU1_GSUASB_GLS0_ISA000_IU1_K1_KLS_LBSPPA0_LBSPPB0_LPA0_LPB0_LDL1_LRVW1_LWPMn1_LDW0_FMA_MIAV0_MDA2_MO40_MMFSC_MKFGSU256_NTA0_NTB0_NTC0_NTD0_NEPBS0_NLCA1_NLCB1_ONLL1_OPLV0_PK0_PAP0_PGR0_PLR0_PKA0_SIA1_SLW1_SS0_SU32_SUM0_SUS256_SCIUI1_SPO0_SRVW0_SSO0_SVW4_SNLL0_TSGRA0_TSGRB0_TT8_4_TLDS0_UMLDSA0_UMLDSB0_U64SL1_USFGRO0_VAW1_VS1_VW1_VWB1_VFLRP0_WSGRA0_WSGRB0_WS64_WG16_16_1_WGM8+0x3c14>
	v_mul_f32_e32 v3, s20, v22                                 // 00000000993C: 10062C14
	s_wait_alu 0xfffe                                          // 000000009940: BF88FFFE
	s_and_not1_b32 vcc_lo, exec_lo, s16                        // 000000009944: 916A107E
	s_wait_alu 0xfffe                                          // 000000009948: BF88FFFE
	s_cbranch_vccnz 34                                         // 00000000994C: BFA40022 <Cijk_Ailk_Bljk_SB_MT128x64x8_SN_1LDSB0_APM1_ABV0_ACED0_AF0EM1_AF1EM1_AMAS0_ASE_ASGT_ASLT_ASM_ASAE01_ASCE01_ASEM1_AAC0_BL0_BS1_CLR0_DTLA0_DTLB0_DTVA0_DTVB0_DVO0_ETSP_EPS0_ELFLR0_EMLL0_FSSC10_FL0_GLVWA1_GLVWB1_GRCGA1_GRCGB1_GRPM1_GRVW1_GSU1_GSUASB_GLS0_ISA000_IU1_K1_KLS_LBSPPA0_LBSPPB0_LPA0_LPB0_LDL1_LRVW1_LWPMn1_LDW0_FMA_MIAV0_MDA2_MO40_MMFSC_MKFGSU256_NTA0_NTB0_NTC0_NTD0_NEPBS0_NLCA1_NLCB1_ONLL1_OPLV0_PK0_PAP0_PGR0_PLR0_PKA0_SIA1_SLW1_SS0_SU32_SUM0_SUS256_SCIUI1_SPO0_SRVW0_SSO0_SVW4_SNLL0_TSGRA0_TSGRB0_TT8_4_TLDS0_UMLDSA0_UMLDSB0_U64SL1_USFGRO0_VAW1_VS1_VW1_VWB1_VFLRP0_WSGRA0_WSGRB0_WS64_WG16_16_1_WGM8+0x2dd8>
	v_mad_co_u64_u32 v[7:8], null, v6, s24, 0                  // 000000009950: D6FE7C07 02003106
	v_lshlrev_b64_e32 v[9:10], 2, v[0:1]                       // 000000009958: 3E120082
	s_mov_b32 s17, 0                                           // 00000000995C: BE910080
	s_mov_b32 s16, s25                                         // 000000009960: BE900019
	s_wait_alu 0xfffe                                          // 000000009964: BF88FFFE
	s_mul_u64 s[16:17], s[10:11], s[16:17]                     // 000000009968: AA90100A
	s_wait_alu 0xfffe                                          // 00000000996C: BF88FFFE
	s_lshl_b64 s[16:17], s[16:17], 2                           // 000000009970: 84908210
	v_lshlrev_b64_e32 v[7:8], 2, v[7:8]                        // 000000009974: 3E0E0E82
	s_delay_alu instid0(VALU_DEP_1) | instskip(SKIP_1) | instid1(VALU_DEP_2)// 000000009978: BF870121
	v_add_co_u32 v4, vcc_lo, s14, v7                           // 00000000997C: D7006A04 00020E0E
	s_wait_alu 0xfffd                                          // 000000009984: BF88FFFD
	v_add_co_ci_u32_e64 v7, null, s15, v8, vcc_lo              // 000000009988: D5207C07 01AA100F
	s_delay_alu instid0(VALU_DEP_2) | instskip(SKIP_1) | instid1(VALU_DEP_2)// 000000009990: BF870122
	v_add_co_u32 v4, vcc_lo, v4, v9                            // 000000009994: D7006A04 00021304
	s_wait_alu 0xfffd                                          // 00000000999C: BF88FFFD
	v_add_co_ci_u32_e64 v8, null, v7, v10, vcc_lo              // 0000000099A0: D5207C08 01AA1507
	s_wait_alu 0xfffe                                          // 0000000099A8: BF88FFFE
	s_delay_alu instid0(VALU_DEP_2) | instskip(SKIP_1) | instid1(VALU_DEP_2)// 0000000099AC: BF870122
	v_add_co_u32 v7, vcc_lo, v4, s16                           // 0000000099B0: D7006A07 00002104
	s_wait_alu 0xfffd                                          // 0000000099B8: BF88FFFD
	v_add_co_ci_u32_e64 v8, null, s17, v8, vcc_lo              // 0000000099BC: D5207C08 01AA1011
	global_load_b32 v4, v[7:8], off offset:320                 // 0000000099C4: EE05007C 00000004 00014007
	s_wait_loadcnt 0x0                                         // 0000000099D0: BFC00000
	v_fmac_f32_e32 v3, s21, v4                                 // 0000000099D4: 56060815
	v_mad_co_u64_u32 v[7:8], null, v6, s22, 0                  // 0000000099D8: D6FE7C07 02002D06
	v_lshlrev_b64_e32 v[9:10], 2, v[0:1]                       // 0000000099E0: 3E120082
	s_mov_b32 s17, 0                                           // 0000000099E4: BE910080
	s_mov_b32 s16, s23                                         // 0000000099E8: BE900017
	s_wait_alu 0xfffe                                          // 0000000099EC: BF88FFFE
	s_mul_u64 s[16:17], s[10:11], s[16:17]                     // 0000000099F0: AA90100A
	s_wait_alu 0xfffe                                          // 0000000099F4: BF88FFFE
	s_lshl_b64 s[16:17], s[16:17], 2                           // 0000000099F8: 84908210
	v_lshlrev_b64_e32 v[7:8], 2, v[7:8]                        // 0000000099FC: 3E0E0E82
	s_delay_alu instid0(VALU_DEP_1) | instskip(SKIP_1) | instid1(VALU_DEP_2)// 000000009A00: BF870121
	v_add_co_u32 v1, vcc_lo, s12, v7                           // 000000009A04: D7006A01 00020E0C
	s_wait_alu 0xfffd                                          // 000000009A0C: BF88FFFD
	v_add_co_ci_u32_e64 v4, null, s13, v8, vcc_lo              // 000000009A10: D5207C04 01AA100D
	s_delay_alu instid0(VALU_DEP_2) | instskip(SKIP_1) | instid1(VALU_DEP_2)// 000000009A18: BF870122
	v_add_co_u32 v1, vcc_lo, v1, v9                            // 000000009A1C: D7006A01 00021301
	s_wait_alu 0xfffd                                          // 000000009A24: BF88FFFD
	v_add_co_ci_u32_e64 v4, null, v4, v10, vcc_lo              // 000000009A28: D5207C04 01AA1504
	s_wait_alu 0xfffe                                          // 000000009A30: BF88FFFE
	s_delay_alu instid0(VALU_DEP_2) | instskip(SKIP_1) | instid1(VALU_DEP_2)// 000000009A34: BF870122
	v_add_co_u32 v7, vcc_lo, v1, s16                           // 000000009A38: D7006A07 00002101
	s_wait_alu 0xfffd                                          // 000000009A40: BF88FFFD
	v_add_co_ci_u32_e64 v8, null, s17, v4, vcc_lo              // 000000009A44: D5207C08 01AA0811
	global_store_b32 v[7:8], v3, off offset:320                // 000000009A4C: EE06807C 01800000 00014007
	s_or_b32 exec_lo, exec_lo, s9                              // 000000009A58: 8C7E097E
	s_and_b32 s16, s6, s8                                      // 000000009A5C: 8B100806
	s_wait_alu 0xfffe                                          // 000000009A60: BF88FFFE
	s_and_saveexec_b32 s9, s16                                 // 000000009A64: BE892010
	s_cbranch_execz 65055                                      // 000000009A68: BFA5FE1F <Cijk_Ailk_Bljk_SB_MT128x64x8_SN_1LDSB0_APM1_ABV0_ACED0_AF0EM1_AF1EM1_AMAS0_ASE_ASGT_ASLT_ASM_ASAE01_ASCE01_ASEM1_AAC0_BL0_BS1_CLR0_DTLA0_DTLB0_DTVA0_DTVB0_DVO0_ETSP_EPS0_ELFLR0_EMLL0_FSSC10_FL0_GLVWA1_GLVWB1_GRCGA1_GRCGB1_GRPM1_GRVW1_GSU1_GSUASB_GLS0_ISA000_IU1_K1_KLS_LBSPPA0_LBSPPB0_LPA0_LPB0_LDL1_LRVW1_LWPMn1_LDW0_FMA_MIAV0_MDA2_MO40_MMFSC_MKFGSU256_NTA0_NTB0_NTC0_NTD0_NEPBS0_NLCA1_NLCB1_ONLL1_OPLV0_PK0_PAP0_PGR0_PLR0_PKA0_SIA1_SLW1_SS0_SU32_SUM0_SUS256_SCIUI1_SPO0_SRVW0_SSO0_SVW4_SNLL0_TSGRA0_TSGRB0_TT8_4_TLDS0_UMLDSA0_UMLDSB0_U64SL1_USFGRO0_VAW1_VS1_VW1_VWB1_VFLRP0_WSGRA0_WSGRB0_WS64_WG16_16_1_WGM8+0x26e8>
	v_mov_b32_e32 v1, 0                                        // 000000009A6C: 7E020280
	s_cmp_neq_f32 s21, 0                                       // 000000009A70: BF4D8015
	s_mov_b32 s16, 0                                           // 000000009A74: BE900080
	s_cbranch_scc1 872                                         // 000000009A78: BFA20368 <Cijk_Ailk_Bljk_SB_MT128x64x8_SN_1LDSB0_APM1_ABV0_ACED0_AF0EM1_AF1EM1_AMAS0_ASE_ASGT_ASLT_ASM_ASAE01_ASCE01_ASEM1_AAC0_BL0_BS1_CLR0_DTLA0_DTLB0_DTVA0_DTVB0_DVO0_ETSP_EPS0_ELFLR0_EMLL0_FSSC10_FL0_GLVWA1_GLVWB1_GRCGA1_GRCGB1_GRPM1_GRVW1_GSU1_GSUASB_GLS0_ISA000_IU1_K1_KLS_LBSPPA0_LBSPPB0_LPA0_LPB0_LDL1_LRVW1_LWPMn1_LDW0_FMA_MIAV0_MDA2_MO40_MMFSC_MKFGSU256_NTA0_NTB0_NTC0_NTD0_NEPBS0_NLCA1_NLCB1_ONLL1_OPLV0_PK0_PAP0_PGR0_PLR0_PKA0_SIA1_SLW1_SS0_SU32_SUM0_SUS256_SCIUI1_SPO0_SRVW0_SSO0_SVW4_SNLL0_TSGRA0_TSGRB0_TT8_4_TLDS0_UMLDSA0_UMLDSB0_U64SL1_USFGRO0_VAW1_VS1_VW1_VWB1_VFLRP0_WSGRA0_WSGRB0_WS64_WG16_16_1_WGM8+0x3c1c>
	v_mul_f32_e32 v3, s20, v21                                 // 000000009A7C: 10062A14
	s_wait_alu 0xfffe                                          // 000000009A80: BF88FFFE
	s_and_not1_b32 vcc_lo, exec_lo, s16                        // 000000009A84: 916A107E
	s_wait_alu 0xfffe                                          // 000000009A88: BF88FFFE
	s_cbranch_vccnz 34                                         // 000000009A8C: BFA40022 <Cijk_Ailk_Bljk_SB_MT128x64x8_SN_1LDSB0_APM1_ABV0_ACED0_AF0EM1_AF1EM1_AMAS0_ASE_ASGT_ASLT_ASM_ASAE01_ASCE01_ASEM1_AAC0_BL0_BS1_CLR0_DTLA0_DTLB0_DTVA0_DTVB0_DVO0_ETSP_EPS0_ELFLR0_EMLL0_FSSC10_FL0_GLVWA1_GLVWB1_GRCGA1_GRCGB1_GRPM1_GRVW1_GSU1_GSUASB_GLS0_ISA000_IU1_K1_KLS_LBSPPA0_LBSPPB0_LPA0_LPB0_LDL1_LRVW1_LWPMn1_LDW0_FMA_MIAV0_MDA2_MO40_MMFSC_MKFGSU256_NTA0_NTB0_NTC0_NTD0_NEPBS0_NLCA1_NLCB1_ONLL1_OPLV0_PK0_PAP0_PGR0_PLR0_PKA0_SIA1_SLW1_SS0_SU32_SUM0_SUS256_SCIUI1_SPO0_SRVW0_SSO0_SVW4_SNLL0_TSGRA0_TSGRB0_TT8_4_TLDS0_UMLDSA0_UMLDSB0_U64SL1_USFGRO0_VAW1_VS1_VW1_VWB1_VFLRP0_WSGRA0_WSGRB0_WS64_WG16_16_1_WGM8+0x2f18>
	v_mad_co_u64_u32 v[7:8], null, v6, s24, 0                  // 000000009A90: D6FE7C07 02003106
	v_lshlrev_b64_e32 v[9:10], 2, v[0:1]                       // 000000009A98: 3E120082
	s_mov_b32 s17, 0                                           // 000000009A9C: BE910080
	s_mov_b32 s16, s25                                         // 000000009AA0: BE900019
	s_wait_alu 0xfffe                                          // 000000009AA4: BF88FFFE
	s_mul_u64 s[16:17], s[10:11], s[16:17]                     // 000000009AA8: AA90100A
	s_wait_alu 0xfffe                                          // 000000009AAC: BF88FFFE
	s_lshl_b64 s[16:17], s[16:17], 2                           // 000000009AB0: 84908210
	v_lshlrev_b64_e32 v[7:8], 2, v[7:8]                        // 000000009AB4: 3E0E0E82
	s_delay_alu instid0(VALU_DEP_1) | instskip(SKIP_1) | instid1(VALU_DEP_2)// 000000009AB8: BF870121
	v_add_co_u32 v4, vcc_lo, s14, v7                           // 000000009ABC: D7006A04 00020E0E
	s_wait_alu 0xfffd                                          // 000000009AC4: BF88FFFD
	v_add_co_ci_u32_e64 v7, null, s15, v8, vcc_lo              // 000000009AC8: D5207C07 01AA100F
	s_delay_alu instid0(VALU_DEP_2) | instskip(SKIP_1) | instid1(VALU_DEP_2)// 000000009AD0: BF870122
	v_add_co_u32 v4, vcc_lo, v4, v9                            // 000000009AD4: D7006A04 00021304
	s_wait_alu 0xfffd                                          // 000000009ADC: BF88FFFD
	v_add_co_ci_u32_e64 v8, null, v7, v10, vcc_lo              // 000000009AE0: D5207C08 01AA1507
	s_wait_alu 0xfffe                                          // 000000009AE8: BF88FFFE
	s_delay_alu instid0(VALU_DEP_2) | instskip(SKIP_1) | instid1(VALU_DEP_2)// 000000009AEC: BF870122
	v_add_co_u32 v7, vcc_lo, v4, s16                           // 000000009AF0: D7006A07 00002104
	s_wait_alu 0xfffd                                          // 000000009AF8: BF88FFFD
	v_add_co_ci_u32_e64 v8, null, s17, v8, vcc_lo              // 000000009AFC: D5207C08 01AA1011
	global_load_b32 v4, v[7:8], off offset:384                 // 000000009B04: EE05007C 00000004 00018007
	s_wait_loadcnt 0x0                                         // 000000009B10: BFC00000
	v_fmac_f32_e32 v3, s21, v4                                 // 000000009B14: 56060815
	v_mad_co_u64_u32 v[7:8], null, v6, s22, 0                  // 000000009B18: D6FE7C07 02002D06
	v_lshlrev_b64_e32 v[9:10], 2, v[0:1]                       // 000000009B20: 3E120082
	s_mov_b32 s17, 0                                           // 000000009B24: BE910080
	s_mov_b32 s16, s23                                         // 000000009B28: BE900017
	s_wait_alu 0xfffe                                          // 000000009B2C: BF88FFFE
	s_mul_u64 s[16:17], s[10:11], s[16:17]                     // 000000009B30: AA90100A
	s_wait_alu 0xfffe                                          // 000000009B34: BF88FFFE
	s_lshl_b64 s[16:17], s[16:17], 2                           // 000000009B38: 84908210
	v_lshlrev_b64_e32 v[7:8], 2, v[7:8]                        // 000000009B3C: 3E0E0E82
	s_delay_alu instid0(VALU_DEP_1) | instskip(SKIP_1) | instid1(VALU_DEP_2)// 000000009B40: BF870121
	v_add_co_u32 v1, vcc_lo, s12, v7                           // 000000009B44: D7006A01 00020E0C
	s_wait_alu 0xfffd                                          // 000000009B4C: BF88FFFD
	v_add_co_ci_u32_e64 v4, null, s13, v8, vcc_lo              // 000000009B50: D5207C04 01AA100D
	s_delay_alu instid0(VALU_DEP_2) | instskip(SKIP_1) | instid1(VALU_DEP_2)// 000000009B58: BF870122
	v_add_co_u32 v1, vcc_lo, v1, v9                            // 000000009B5C: D7006A01 00021301
	s_wait_alu 0xfffd                                          // 000000009B64: BF88FFFD
	v_add_co_ci_u32_e64 v4, null, v4, v10, vcc_lo              // 000000009B68: D5207C04 01AA1504
	s_wait_alu 0xfffe                                          // 000000009B70: BF88FFFE
	s_delay_alu instid0(VALU_DEP_2) | instskip(SKIP_1) | instid1(VALU_DEP_2)// 000000009B74: BF870122
	v_add_co_u32 v7, vcc_lo, v1, s16                           // 000000009B78: D7006A07 00002101
	s_wait_alu 0xfffd                                          // 000000009B80: BF88FFFD
	v_add_co_ci_u32_e64 v8, null, s17, v4, vcc_lo              // 000000009B84: D5207C08 01AA0811
	global_store_b32 v[7:8], v3, off offset:384                // 000000009B8C: EE06807C 01800000 00018007
	s_or_b32 exec_lo, exec_lo, s9                              // 000000009B98: 8C7E097E
	s_and_b32 s9, s7, s8                                       // 000000009B9C: 8B090807
	s_wait_alu 0xfffe                                          // 000000009BA0: BF88FFFE
	s_and_saveexec_b32 s8, s9                                  // 000000009BA4: BE882009
	s_cbranch_execz 75                                         // 000000009BA8: BFA5004B <Cijk_Ailk_Bljk_SB_MT128x64x8_SN_1LDSB0_APM1_ABV0_ACED0_AF0EM1_AF1EM1_AMAS0_ASE_ASGT_ASLT_ASM_ASAE01_ASCE01_ASEM1_AAC0_BL0_BS1_CLR0_DTLA0_DTLB0_DTVA0_DTVB0_DVO0_ETSP_EPS0_ELFLR0_EMLL0_FSSC10_FL0_GLVWA1_GLVWB1_GRCGA1_GRCGB1_GRPM1_GRVW1_GSU1_GSUASB_GLS0_ISA000_IU1_K1_KLS_LBSPPA0_LBSPPB0_LPA0_LPB0_LDL1_LRVW1_LWPMn1_LDW0_FMA_MIAV0_MDA2_MO40_MMFSC_MKFGSU256_NTA0_NTB0_NTC0_NTD0_NEPBS0_NLCA1_NLCB1_ONLL1_OPLV0_PK0_PAP0_PGR0_PLR0_PKA0_SIA1_SLW1_SS0_SU32_SUM0_SUS256_SCIUI1_SPO0_SRVW0_SSO0_SVW4_SNLL0_TSGRA0_TSGRB0_TT8_4_TLDS0_UMLDSA0_UMLDSB0_U64SL1_USFGRO0_VAW1_VS1_VW1_VWB1_VFLRP0_WSGRA0_WSGRB0_WS64_WG16_16_1_WGM8+0x30d8>
	v_mov_b32_e32 v1, 0                                        // 000000009BAC: 7E020280
	s_cmp_neq_f32 s21, 0                                       // 000000009BB0: BF4D8015
	s_mov_b32 s9, 0                                            // 000000009BB4: BE890080
	s_cbranch_scc1 794                                         // 000000009BB8: BFA2031A <Cijk_Ailk_Bljk_SB_MT128x64x8_SN_1LDSB0_APM1_ABV0_ACED0_AF0EM1_AF1EM1_AMAS0_ASE_ASGT_ASLT_ASM_ASAE01_ASCE01_ASEM1_AAC0_BL0_BS1_CLR0_DTLA0_DTLB0_DTVA0_DTVB0_DVO0_ETSP_EPS0_ELFLR0_EMLL0_FSSC10_FL0_GLVWA1_GLVWB1_GRCGA1_GRCGB1_GRPM1_GRVW1_GSU1_GSUASB_GLS0_ISA000_IU1_K1_KLS_LBSPPA0_LBSPPB0_LPA0_LPB0_LDL1_LRVW1_LWPMn1_LDW0_FMA_MIAV0_MDA2_MO40_MMFSC_MKFGSU256_NTA0_NTB0_NTC0_NTD0_NEPBS0_NLCA1_NLCB1_ONLL1_OPLV0_PK0_PAP0_PGR0_PLR0_PKA0_SIA1_SLW1_SS0_SU32_SUM0_SUS256_SCIUI1_SPO0_SRVW0_SSO0_SVW4_SNLL0_TSGRA0_TSGRB0_TT8_4_TLDS0_UMLDSA0_UMLDSB0_U64SL1_USFGRO0_VAW1_VS1_VW1_VWB1_VFLRP0_WSGRA0_WSGRB0_WS64_WG16_16_1_WGM8+0x3c24>
	v_mul_f32_e32 v3, s20, v20                                 // 000000009BBC: 10062814
	s_wait_alu 0xfffe                                          // 000000009BC0: BF88FFFE
	s_and_not1_b32 vcc_lo, exec_lo, s9                         // 000000009BC4: 916A097E
	s_wait_alu 0xfffe                                          // 000000009BC8: BF88FFFE
	s_cbranch_vccnz 34                                         // 000000009BCC: BFA40022 <Cijk_Ailk_Bljk_SB_MT128x64x8_SN_1LDSB0_APM1_ABV0_ACED0_AF0EM1_AF1EM1_AMAS0_ASE_ASGT_ASLT_ASM_ASAE01_ASCE01_ASEM1_AAC0_BL0_BS1_CLR0_DTLA0_DTLB0_DTVA0_DTVB0_DVO0_ETSP_EPS0_ELFLR0_EMLL0_FSSC10_FL0_GLVWA1_GLVWB1_GRCGA1_GRCGB1_GRPM1_GRVW1_GSU1_GSUASB_GLS0_ISA000_IU1_K1_KLS_LBSPPA0_LBSPPB0_LPA0_LPB0_LDL1_LRVW1_LWPMn1_LDW0_FMA_MIAV0_MDA2_MO40_MMFSC_MKFGSU256_NTA0_NTB0_NTC0_NTD0_NEPBS0_NLCA1_NLCB1_ONLL1_OPLV0_PK0_PAP0_PGR0_PLR0_PKA0_SIA1_SLW1_SS0_SU32_SUM0_SUS256_SCIUI1_SPO0_SRVW0_SSO0_SVW4_SNLL0_TSGRA0_TSGRB0_TT8_4_TLDS0_UMLDSA0_UMLDSB0_U64SL1_USFGRO0_VAW1_VS1_VW1_VWB1_VFLRP0_WSGRA0_WSGRB0_WS64_WG16_16_1_WGM8+0x3058>
	v_mad_co_u64_u32 v[7:8], null, v6, s24, 0                  // 000000009BD0: D6FE7C07 02003106
	v_lshlrev_b64_e32 v[9:10], 2, v[0:1]                       // 000000009BD8: 3E120082
	s_mov_b32 s17, 0                                           // 000000009BDC: BE910080
	s_mov_b32 s16, s25                                         // 000000009BE0: BE900019
	s_wait_alu 0xfffe                                          // 000000009BE4: BF88FFFE
	s_mul_u64 s[16:17], s[10:11], s[16:17]                     // 000000009BE8: AA90100A
	s_wait_alu 0xfffe                                          // 000000009BEC: BF88FFFE
	s_lshl_b64 s[16:17], s[16:17], 2                           // 000000009BF0: 84908210
	v_lshlrev_b64_e32 v[7:8], 2, v[7:8]                        // 000000009BF4: 3E0E0E82
	s_delay_alu instid0(VALU_DEP_1) | instskip(SKIP_1) | instid1(VALU_DEP_2)// 000000009BF8: BF870121
	v_add_co_u32 v4, vcc_lo, s14, v7                           // 000000009BFC: D7006A04 00020E0E
	s_wait_alu 0xfffd                                          // 000000009C04: BF88FFFD
	v_add_co_ci_u32_e64 v7, null, s15, v8, vcc_lo              // 000000009C08: D5207C07 01AA100F
	s_delay_alu instid0(VALU_DEP_2) | instskip(SKIP_1) | instid1(VALU_DEP_2)// 000000009C10: BF870122
	v_add_co_u32 v4, vcc_lo, v4, v9                            // 000000009C14: D7006A04 00021304
	s_wait_alu 0xfffd                                          // 000000009C1C: BF88FFFD
	v_add_co_ci_u32_e64 v8, null, v7, v10, vcc_lo              // 000000009C20: D5207C08 01AA1507
	s_wait_alu 0xfffe                                          // 000000009C28: BF88FFFE
	s_delay_alu instid0(VALU_DEP_2) | instskip(SKIP_1) | instid1(VALU_DEP_2)// 000000009C2C: BF870122
	v_add_co_u32 v7, vcc_lo, v4, s16                           // 000000009C30: D7006A07 00002104
	s_wait_alu 0xfffd                                          // 000000009C38: BF88FFFD
	v_add_co_ci_u32_e64 v8, null, s17, v8, vcc_lo              // 000000009C3C: D5207C08 01AA1011
	global_load_b32 v4, v[7:8], off offset:448                 // 000000009C44: EE05007C 00000004 0001C007
	s_wait_loadcnt 0x0                                         // 000000009C50: BFC00000
	v_fmac_f32_e32 v3, s21, v4                                 // 000000009C54: 56060815
	v_mad_co_u64_u32 v[6:7], null, v6, s22, 0                  // 000000009C58: D6FE7C06 02002D06
	v_lshlrev_b64_e32 v[8:9], 2, v[0:1]                        // 000000009C60: 3E100082
	s_mov_b32 s17, 0                                           // 000000009C64: BE910080
	s_mov_b32 s16, s23                                         // 000000009C68: BE900017
	s_wait_alu 0xfffe                                          // 000000009C6C: BF88FFFE
	s_mul_u64 s[16:17], s[10:11], s[16:17]                     // 000000009C70: AA90100A
	s_wait_alu 0xfffe                                          // 000000009C74: BF88FFFE
	s_lshl_b64 s[16:17], s[16:17], 2                           // 000000009C78: 84908210
	v_lshlrev_b64_e32 v[6:7], 2, v[6:7]                        // 000000009C7C: 3E0C0C82
	s_delay_alu instid0(VALU_DEP_1) | instskip(SKIP_1) | instid1(VALU_DEP_2)// 000000009C80: BF870121
	v_add_co_u32 v1, vcc_lo, s12, v6                           // 000000009C84: D7006A01 00020C0C
	s_wait_alu 0xfffd                                          // 000000009C8C: BF88FFFD
	v_add_co_ci_u32_e64 v4, null, s13, v7, vcc_lo              // 000000009C90: D5207C04 01AA0E0D
	s_delay_alu instid0(VALU_DEP_2) | instskip(SKIP_1) | instid1(VALU_DEP_2)// 000000009C98: BF870122
	v_add_co_u32 v1, vcc_lo, v1, v8                            // 000000009C9C: D7006A01 00021101
	s_wait_alu 0xfffd                                          // 000000009CA4: BF88FFFD
	v_add_co_ci_u32_e64 v4, null, v4, v9, vcc_lo               // 000000009CA8: D5207C04 01AA1304
	s_wait_alu 0xfffe                                          // 000000009CB0: BF88FFFE
	s_delay_alu instid0(VALU_DEP_2) | instskip(SKIP_1) | instid1(VALU_DEP_2)// 000000009CB4: BF870122
	v_add_co_u32 v6, vcc_lo, v1, s16                           // 000000009CB8: D7006A06 00002101
	s_wait_alu 0xfffd                                          // 000000009CC0: BF88FFFD
	v_add_co_ci_u32_e64 v7, null, s17, v4, vcc_lo              // 000000009CC4: D5207C07 01AA0811
	global_store_b32 v[6:7], v3, off offset:448                // 000000009CCC: EE06807C 01800000 0001C006
	s_wait_alu 0xfffe                                          // 000000009CD8: BF88FFFE
	s_or_b32 exec_lo, exec_lo, s8                              // 000000009CDC: 8C7E087E
	v_add_nc_u32_e32 v5, 48, v5                                // 000000009CE0: 4A0A0AB0
	s_delay_alu instid0(VALU_DEP_1)                            // 000000009CE4: BF870001
	v_cmp_gt_u32_e64 s8, s39, v5                               // 000000009CE8: D44C0008 00020A27
	s_and_b32 s9, s0, s8                                       // 000000009CF0: 8B090800
	s_wait_alu 0xfffe                                          // 000000009CF4: BF88FFFE
	s_and_saveexec_b32 s0, s9                                  // 000000009CF8: BE802009
	s_cbranch_execnz 43                                        // 000000009CFC: BFA6002B <Cijk_Ailk_Bljk_SB_MT128x64x8_SN_1LDSB0_APM1_ABV0_ACED0_AF0EM1_AF1EM1_AMAS0_ASE_ASGT_ASLT_ASM_ASAE01_ASCE01_ASEM1_AAC0_BL0_BS1_CLR0_DTLA0_DTLB0_DTVA0_DTVB0_DVO0_ETSP_EPS0_ELFLR0_EMLL0_FSSC10_FL0_GLVWA1_GLVWB1_GRCGA1_GRCGB1_GRPM1_GRVW1_GSU1_GSUASB_GLS0_ISA000_IU1_K1_KLS_LBSPPA0_LBSPPB0_LPA0_LPB0_LDL1_LRVW1_LWPMn1_LDW0_FMA_MIAV0_MDA2_MO40_MMFSC_MKFGSU256_NTA0_NTB0_NTC0_NTD0_NEPBS0_NLCA1_NLCB1_ONLL1_OPLV0_PK0_PAP0_PGR0_PLR0_PKA0_SIA1_SLW1_SS0_SU32_SUM0_SUS256_SCIUI1_SPO0_SRVW0_SSO0_SVW4_SNLL0_TSGRA0_TSGRB0_TT8_4_TLDS0_UMLDSA0_UMLDSB0_U64SL1_USFGRO0_VAW1_VS1_VW1_VWB1_VFLRP0_WSGRA0_WSGRB0_WS64_WG16_16_1_WGM8+0x31ac>
	s_wait_alu 0xfffe                                          // 000000009D00: BF88FFFE
	s_or_b32 exec_lo, exec_lo, s0                              // 000000009D04: 8C7E007E
	s_and_b32 s1, s1, s8                                       // 000000009D08: 8B010801
	s_wait_alu 0xfffe                                          // 000000009D0C: BF88FFFE
	s_and_saveexec_b32 s0, s1                                  // 000000009D10: BE802001
	s_cbranch_execnz 111                                       // 000000009D14: BFA6006F <Cijk_Ailk_Bljk_SB_MT128x64x8_SN_1LDSB0_APM1_ABV0_ACED0_AF0EM1_AF1EM1_AMAS0_ASE_ASGT_ASLT_ASM_ASAE01_ASCE01_ASEM1_AAC0_BL0_BS1_CLR0_DTLA0_DTLB0_DTVA0_DTVB0_DVO0_ETSP_EPS0_ELFLR0_EMLL0_FSSC10_FL0_GLVWA1_GLVWB1_GRCGA1_GRCGB1_GRPM1_GRVW1_GSU1_GSUASB_GLS0_ISA000_IU1_K1_KLS_LBSPPA0_LBSPPB0_LPA0_LPB0_LDL1_LRVW1_LWPMn1_LDW0_FMA_MIAV0_MDA2_MO40_MMFSC_MKFGSU256_NTA0_NTB0_NTC0_NTD0_NEPBS0_NLCA1_NLCB1_ONLL1_OPLV0_PK0_PAP0_PGR0_PLR0_PKA0_SIA1_SLW1_SS0_SU32_SUM0_SUS256_SCIUI1_SPO0_SRVW0_SSO0_SVW4_SNLL0_TSGRA0_TSGRB0_TT8_4_TLDS0_UMLDSA0_UMLDSB0_U64SL1_USFGRO0_VAW1_VS1_VW1_VWB1_VFLRP0_WSGRA0_WSGRB0_WS64_WG16_16_1_WGM8+0x32d4>
	s_wait_alu 0xfffe                                          // 000000009D18: BF88FFFE
	s_or_b32 exec_lo, exec_lo, s0                              // 000000009D1C: 8C7E007E
	s_and_b32 s1, s2, s8                                       // 000000009D20: 8B010802
	s_wait_alu 0xfffe                                          // 000000009D24: BF88FFFE
	s_and_saveexec_b32 s0, s1                                  // 000000009D28: BE802001
	s_cbranch_execnz 185                                       // 000000009D2C: BFA600B9 <Cijk_Ailk_Bljk_SB_MT128x64x8_SN_1LDSB0_APM1_ABV0_ACED0_AF0EM1_AF1EM1_AMAS0_ASE_ASGT_ASLT_ASM_ASAE01_ASCE01_ASEM1_AAC0_BL0_BS1_CLR0_DTLA0_DTLB0_DTVA0_DTVB0_DVO0_ETSP_EPS0_ELFLR0_EMLL0_FSSC10_FL0_GLVWA1_GLVWB1_GRCGA1_GRCGB1_GRPM1_GRVW1_GSU1_GSUASB_GLS0_ISA000_IU1_K1_KLS_LBSPPA0_LBSPPB0_LPA0_LPB0_LDL1_LRVW1_LWPMn1_LDW0_FMA_MIAV0_MDA2_MO40_MMFSC_MKFGSU256_NTA0_NTB0_NTC0_NTD0_NEPBS0_NLCA1_NLCB1_ONLL1_OPLV0_PK0_PAP0_PGR0_PLR0_PKA0_SIA1_SLW1_SS0_SU32_SUM0_SUS256_SCIUI1_SPO0_SRVW0_SSO0_SVW4_SNLL0_TSGRA0_TSGRB0_TT8_4_TLDS0_UMLDSA0_UMLDSB0_U64SL1_USFGRO0_VAW1_VS1_VW1_VWB1_VFLRP0_WSGRA0_WSGRB0_WS64_WG16_16_1_WGM8+0x3414>
	s_wait_alu 0xfffe                                          // 000000009D30: BF88FFFE
	s_or_b32 exec_lo, exec_lo, s0                              // 000000009D34: 8C7E007E
	s_and_b32 s1, s3, s8                                       // 000000009D38: 8B010803
	s_wait_alu 0xfffe                                          // 000000009D3C: BF88FFFE
	s_and_saveexec_b32 s0, s1                                  // 000000009D40: BE802001
	s_cbranch_execnz 259                                       // 000000009D44: BFA60103 <Cijk_Ailk_Bljk_SB_MT128x64x8_SN_1LDSB0_APM1_ABV0_ACED0_AF0EM1_AF1EM1_AMAS0_ASE_ASGT_ASLT_ASM_ASAE01_ASCE01_ASEM1_AAC0_BL0_BS1_CLR0_DTLA0_DTLB0_DTVA0_DTVB0_DVO0_ETSP_EPS0_ELFLR0_EMLL0_FSSC10_FL0_GLVWA1_GLVWB1_GRCGA1_GRCGB1_GRPM1_GRVW1_GSU1_GSUASB_GLS0_ISA000_IU1_K1_KLS_LBSPPA0_LBSPPB0_LPA0_LPB0_LDL1_LRVW1_LWPMn1_LDW0_FMA_MIAV0_MDA2_MO40_MMFSC_MKFGSU256_NTA0_NTB0_NTC0_NTD0_NEPBS0_NLCA1_NLCB1_ONLL1_OPLV0_PK0_PAP0_PGR0_PLR0_PKA0_SIA1_SLW1_SS0_SU32_SUM0_SUS256_SCIUI1_SPO0_SRVW0_SSO0_SVW4_SNLL0_TSGRA0_TSGRB0_TT8_4_TLDS0_UMLDSA0_UMLDSB0_U64SL1_USFGRO0_VAW1_VS1_VW1_VWB1_VFLRP0_WSGRA0_WSGRB0_WS64_WG16_16_1_WGM8+0x3554>
	s_wait_alu 0xfffe                                          // 000000009D48: BF88FFFE
	s_or_b32 exec_lo, exec_lo, s0                              // 000000009D4C: 8C7E007E
	s_and_b32 s1, s4, s8                                       // 000000009D50: 8B010804
	s_wait_alu 0xfffe                                          // 000000009D54: BF88FFFE
	s_and_saveexec_b32 s0, s1                                  // 000000009D58: BE802001
	s_cbranch_execnz 333                                       // 000000009D5C: BFA6014D <Cijk_Ailk_Bljk_SB_MT128x64x8_SN_1LDSB0_APM1_ABV0_ACED0_AF0EM1_AF1EM1_AMAS0_ASE_ASGT_ASLT_ASM_ASAE01_ASCE01_ASEM1_AAC0_BL0_BS1_CLR0_DTLA0_DTLB0_DTVA0_DTVB0_DVO0_ETSP_EPS0_ELFLR0_EMLL0_FSSC10_FL0_GLVWA1_GLVWB1_GRCGA1_GRCGB1_GRPM1_GRVW1_GSU1_GSUASB_GLS0_ISA000_IU1_K1_KLS_LBSPPA0_LBSPPB0_LPA0_LPB0_LDL1_LRVW1_LWPMn1_LDW0_FMA_MIAV0_MDA2_MO40_MMFSC_MKFGSU256_NTA0_NTB0_NTC0_NTD0_NEPBS0_NLCA1_NLCB1_ONLL1_OPLV0_PK0_PAP0_PGR0_PLR0_PKA0_SIA1_SLW1_SS0_SU32_SUM0_SUS256_SCIUI1_SPO0_SRVW0_SSO0_SVW4_SNLL0_TSGRA0_TSGRB0_TT8_4_TLDS0_UMLDSA0_UMLDSB0_U64SL1_USFGRO0_VAW1_VS1_VW1_VWB1_VFLRP0_WSGRA0_WSGRB0_WS64_WG16_16_1_WGM8+0x3694>
	s_wait_alu 0xfffe                                          // 000000009D60: BF88FFFE
	s_or_b32 exec_lo, exec_lo, s0                              // 000000009D64: 8C7E007E
	s_and_b32 s1, s5, s8                                       // 000000009D68: 8B010805
	s_wait_alu 0xfffe                                          // 000000009D6C: BF88FFFE
	s_and_saveexec_b32 s0, s1                                  // 000000009D70: BE802001
	s_cbranch_execnz 407                                       // 000000009D74: BFA60197 <Cijk_Ailk_Bljk_SB_MT128x64x8_SN_1LDSB0_APM1_ABV0_ACED0_AF0EM1_AF1EM1_AMAS0_ASE_ASGT_ASLT_ASM_ASAE01_ASCE01_ASEM1_AAC0_BL0_BS1_CLR0_DTLA0_DTLB0_DTVA0_DTVB0_DVO0_ETSP_EPS0_ELFLR0_EMLL0_FSSC10_FL0_GLVWA1_GLVWB1_GRCGA1_GRCGB1_GRPM1_GRVW1_GSU1_GSUASB_GLS0_ISA000_IU1_K1_KLS_LBSPPA0_LBSPPB0_LPA0_LPB0_LDL1_LRVW1_LWPMn1_LDW0_FMA_MIAV0_MDA2_MO40_MMFSC_MKFGSU256_NTA0_NTB0_NTC0_NTD0_NEPBS0_NLCA1_NLCB1_ONLL1_OPLV0_PK0_PAP0_PGR0_PLR0_PKA0_SIA1_SLW1_SS0_SU32_SUM0_SUS256_SCIUI1_SPO0_SRVW0_SSO0_SVW4_SNLL0_TSGRA0_TSGRB0_TT8_4_TLDS0_UMLDSA0_UMLDSB0_U64SL1_USFGRO0_VAW1_VS1_VW1_VWB1_VFLRP0_WSGRA0_WSGRB0_WS64_WG16_16_1_WGM8+0x37d4>
	s_wait_alu 0xfffe                                          // 000000009D78: BF88FFFE
	s_or_b32 exec_lo, exec_lo, s0                              // 000000009D7C: 8C7E007E
	s_and_b32 s1, s6, s8                                       // 000000009D80: 8B010806
	s_wait_alu 0xfffe                                          // 000000009D84: BF88FFFE
	s_and_saveexec_b32 s0, s1                                  // 000000009D88: BE802001
	s_cbranch_execnz 481                                       // 000000009D8C: BFA601E1 <Cijk_Ailk_Bljk_SB_MT128x64x8_SN_1LDSB0_APM1_ABV0_ACED0_AF0EM1_AF1EM1_AMAS0_ASE_ASGT_ASLT_ASM_ASAE01_ASCE01_ASEM1_AAC0_BL0_BS1_CLR0_DTLA0_DTLB0_DTVA0_DTVB0_DVO0_ETSP_EPS0_ELFLR0_EMLL0_FSSC10_FL0_GLVWA1_GLVWB1_GRCGA1_GRCGB1_GRPM1_GRVW1_GSU1_GSUASB_GLS0_ISA000_IU1_K1_KLS_LBSPPA0_LBSPPB0_LPA0_LPB0_LDL1_LRVW1_LWPMn1_LDW0_FMA_MIAV0_MDA2_MO40_MMFSC_MKFGSU256_NTA0_NTB0_NTC0_NTD0_NEPBS0_NLCA1_NLCB1_ONLL1_OPLV0_PK0_PAP0_PGR0_PLR0_PKA0_SIA1_SLW1_SS0_SU32_SUM0_SUS256_SCIUI1_SPO0_SRVW0_SSO0_SVW4_SNLL0_TSGRA0_TSGRB0_TT8_4_TLDS0_UMLDSA0_UMLDSB0_U64SL1_USFGRO0_VAW1_VS1_VW1_VWB1_VFLRP0_WSGRA0_WSGRB0_WS64_WG16_16_1_WGM8+0x3914>
	s_wait_alu 0xfffe                                          // 000000009D90: BF88FFFE
	s_or_b32 exec_lo, exec_lo, s0                              // 000000009D94: 8C7E007E
	s_and_b32 s0, s7, s8                                       // 000000009D98: 8B000807
	s_wait_alu 0xfffe                                          // 000000009D9C: BF88FFFE
	s_and_saveexec_b32 s1, s0                                  // 000000009DA0: BE812000
	s_cbranch_execnz 555                                       // 000000009DA4: BFA6022B <Cijk_Ailk_Bljk_SB_MT128x64x8_SN_1LDSB0_APM1_ABV0_ACED0_AF0EM1_AF1EM1_AMAS0_ASE_ASGT_ASLT_ASM_ASAE01_ASCE01_ASEM1_AAC0_BL0_BS1_CLR0_DTLA0_DTLB0_DTVA0_DTVB0_DVO0_ETSP_EPS0_ELFLR0_EMLL0_FSSC10_FL0_GLVWA1_GLVWB1_GRCGA1_GRCGB1_GRPM1_GRVW1_GSU1_GSUASB_GLS0_ISA000_IU1_K1_KLS_LBSPPA0_LBSPPB0_LPA0_LPB0_LDL1_LRVW1_LWPMn1_LDW0_FMA_MIAV0_MDA2_MO40_MMFSC_MKFGSU256_NTA0_NTB0_NTC0_NTD0_NEPBS0_NLCA1_NLCB1_ONLL1_OPLV0_PK0_PAP0_PGR0_PLR0_PKA0_SIA1_SLW1_SS0_SU32_SUM0_SUS256_SCIUI1_SPO0_SRVW0_SSO0_SVW4_SNLL0_TSGRA0_TSGRB0_TT8_4_TLDS0_UMLDSA0_UMLDSB0_U64SL1_USFGRO0_VAW1_VS1_VW1_VWB1_VFLRP0_WSGRA0_WSGRB0_WS64_WG16_16_1_WGM8+0x3a54>
	s_endpgm                                                   // 000000009DA8: BFB00000
	v_mov_b32_e32 v1, 0                                        // 000000009DAC: 7E020280
	s_cmp_eq_f32 s21, 0                                        // 000000009DB0: BF428015
	s_mov_b32 s17, 0                                           // 000000009DB4: BE910080
	s_delay_alu instid0(VALU_DEP_1)                            // 000000009DB8: BF870001
	v_lshlrev_b64_e32 v[3:4], 2, v[0:1]                        // 000000009DBC: 3E060082
	v_mul_f32_e32 v1, s20, v19                                 // 000000009DC0: 10022614
	s_cbranch_scc1 32                                          // 000000009DC4: BFA20020 <Cijk_Ailk_Bljk_SB_MT128x64x8_SN_1LDSB0_APM1_ABV0_ACED0_AF0EM1_AF1EM1_AMAS0_ASE_ASGT_ASLT_ASM_ASAE01_ASCE01_ASEM1_AAC0_BL0_BS1_CLR0_DTLA0_DTLB0_DTVA0_DTVB0_DVO0_ETSP_EPS0_ELFLR0_EMLL0_FSSC10_FL0_GLVWA1_GLVWB1_GRCGA1_GRCGB1_GRPM1_GRVW1_GSU1_GSUASB_GLS0_ISA000_IU1_K1_KLS_LBSPPA0_LBSPPB0_LPA0_LPB0_LDL1_LRVW1_LWPMn1_LDW0_FMA_MIAV0_MDA2_MO40_MMFSC_MKFGSU256_NTA0_NTB0_NTC0_NTD0_NEPBS0_NLCA1_NLCB1_ONLL1_OPLV0_PK0_PAP0_PGR0_PLR0_PKA0_SIA1_SLW1_SS0_SU32_SUM0_SUS256_SCIUI1_SPO0_SRVW0_SSO0_SVW4_SNLL0_TSGRA0_TSGRB0_TT8_4_TLDS0_UMLDSA0_UMLDSB0_U64SL1_USFGRO0_VAW1_VS1_VW1_VWB1_VFLRP0_WSGRA0_WSGRB0_WS64_WG16_16_1_WGM8+0x3248>
	v_mad_co_u64_u32 v[6:7], null, v5, s24, 0                  // 000000009DC8: D6FE7C06 02003105
	s_mov_b32 s16, s25                                         // 000000009DD0: BE900019
	s_wait_alu 0xfffe                                          // 000000009DD4: BF88FFFE
	s_mul_u64 s[18:19], s[10:11], s[16:17]                     // 000000009DD8: AA92100A
	s_wait_alu 0xfffe                                          // 000000009DDC: BF88FFFE
	s_lshl_b64 s[18:19], s[18:19], 2                           // 000000009DE0: 84928212
	v_lshlrev_b64_e32 v[6:7], 2, v[6:7]                        // 000000009DE4: 3E0C0C82
	s_delay_alu instid0(VALU_DEP_1) | instskip(SKIP_1) | instid1(VALU_DEP_2)// 000000009DE8: BF870121
	v_add_co_u32 v6, vcc_lo, s14, v6                           // 000000009DEC: D7006A06 00020C0E
	s_wait_alu 0xfffd                                          // 000000009DF4: BF88FFFD
	v_add_co_ci_u32_e64 v7, null, s15, v7, vcc_lo              // 000000009DF8: D5207C07 01AA0E0F
	s_delay_alu instid0(VALU_DEP_2) | instskip(SKIP_1) | instid1(VALU_DEP_2)// 000000009E00: BF870122
	v_add_co_u32 v6, vcc_lo, v6, v3                            // 000000009E04: D7006A06 00020706
	s_wait_alu 0xfffd                                          // 000000009E0C: BF88FFFD
	v_add_co_ci_u32_e64 v7, null, v7, v4, vcc_lo               // 000000009E10: D5207C07 01AA0907
	s_wait_alu 0xfffe                                          // 000000009E18: BF88FFFE
	s_delay_alu instid0(VALU_DEP_2) | instskip(SKIP_1) | instid1(VALU_DEP_2)// 000000009E1C: BF870122
	v_add_co_u32 v6, vcc_lo, v6, s18                           // 000000009E20: D7006A06 00002506
	s_wait_alu 0xfffd                                          // 000000009E28: BF88FFFD
	v_add_co_ci_u32_e64 v7, null, s19, v7, vcc_lo              // 000000009E2C: D5207C07 01AA0E13
	global_load_b32 v6, v[6:7], off                            // 000000009E34: EE05007C 00000006 00000006
	s_wait_loadcnt 0x0                                         // 000000009E40: BFC00000
	v_fmac_f32_e32 v1, s21, v6                                 // 000000009E44: 56020C15
	v_mad_co_u64_u32 v[6:7], null, v5, s22, 0                  // 000000009E48: D6FE7C06 02002D05
	s_mov_b32 s16, s23                                         // 000000009E50: BE900017
	s_wait_alu 0xfffe                                          // 000000009E54: BF88FFFE
	s_mul_u64 s[16:17], s[10:11], s[16:17]                     // 000000009E58: AA90100A
	s_wait_alu 0xfffe                                          // 000000009E5C: BF88FFFE
	s_lshl_b64 s[16:17], s[16:17], 2                           // 000000009E60: 84908210
	v_lshlrev_b64_e32 v[6:7], 2, v[6:7]                        // 000000009E64: 3E0C0C82
	s_delay_alu instid0(VALU_DEP_1) | instskip(SKIP_1) | instid1(VALU_DEP_2)// 000000009E68: BF870121
	v_add_co_u32 v6, vcc_lo, s12, v6                           // 000000009E6C: D7006A06 00020C0C
	s_wait_alu 0xfffd                                          // 000000009E74: BF88FFFD
	v_add_co_ci_u32_e64 v7, null, s13, v7, vcc_lo              // 000000009E78: D5207C07 01AA0E0D
	s_delay_alu instid0(VALU_DEP_2) | instskip(SKIP_1) | instid1(VALU_DEP_2)// 000000009E80: BF870122
	v_add_co_u32 v3, vcc_lo, v6, v3                            // 000000009E84: D7006A03 00020706
	s_wait_alu 0xfffd                                          // 000000009E8C: BF88FFFD
	v_add_co_ci_u32_e64 v4, null, v7, v4, vcc_lo               // 000000009E90: D5207C04 01AA0907
	s_wait_alu 0xfffe                                          // 000000009E98: BF88FFFE
	s_delay_alu instid0(VALU_DEP_2) | instskip(SKIP_1) | instid1(VALU_DEP_2)// 000000009E9C: BF870122
	v_add_co_u32 v3, vcc_lo, v3, s16                           // 000000009EA0: D7006A03 00002103
	s_wait_alu 0xfffd                                          // 000000009EA8: BF88FFFD
	v_add_co_ci_u32_e64 v4, null, s17, v4, vcc_lo              // 000000009EAC: D5207C04 01AA0811
	global_store_b32 v[3:4], v1, off                           // 000000009EB4: EE06807C 00800000 00000003
	s_or_b32 exec_lo, exec_lo, s0                              // 000000009EC0: 8C7E007E
	s_and_b32 s1, s1, s8                                       // 000000009EC4: 8B010801
	s_wait_alu 0xfffe                                          // 000000009EC8: BF88FFFE
	s_and_saveexec_b32 s0, s1                                  // 000000009ECC: BE802001
	s_cbranch_execz 65425                                      // 000000009ED0: BFA5FF91 <Cijk_Ailk_Bljk_SB_MT128x64x8_SN_1LDSB0_APM1_ABV0_ACED0_AF0EM1_AF1EM1_AMAS0_ASE_ASGT_ASLT_ASM_ASAE01_ASCE01_ASEM1_AAC0_BL0_BS1_CLR0_DTLA0_DTLB0_DTVA0_DTVB0_DVO0_ETSP_EPS0_ELFLR0_EMLL0_FSSC10_FL0_GLVWA1_GLVWB1_GRCGA1_GRCGB1_GRPM1_GRVW1_GSU1_GSUASB_GLS0_ISA000_IU1_K1_KLS_LBSPPA0_LBSPPB0_LPA0_LPB0_LDL1_LRVW1_LWPMn1_LDW0_FMA_MIAV0_MDA2_MO40_MMFSC_MKFGSU256_NTA0_NTB0_NTC0_NTD0_NEPBS0_NLCA1_NLCB1_ONLL1_OPLV0_PK0_PAP0_PGR0_PLR0_PKA0_SIA1_SLW1_SS0_SU32_SUM0_SUS256_SCIUI1_SPO0_SRVW0_SSO0_SVW4_SNLL0_TSGRA0_TSGRB0_TT8_4_TLDS0_UMLDSA0_UMLDSB0_U64SL1_USFGRO0_VAW1_VS1_VW1_VWB1_VFLRP0_WSGRA0_WSGRB0_WS64_WG16_16_1_WGM8+0x3118>
	v_mov_b32_e32 v1, 0                                        // 000000009ED4: 7E020280
	s_cmp_neq_f32 s21, 0                                       // 000000009ED8: BF4D8015
	s_mov_b32 s1, 0                                            // 000000009EDC: BE810080
	s_cbranch_scc1 594                                         // 000000009EE0: BFA20252 <Cijk_Ailk_Bljk_SB_MT128x64x8_SN_1LDSB0_APM1_ABV0_ACED0_AF0EM1_AF1EM1_AMAS0_ASE_ASGT_ASLT_ASM_ASAE01_ASCE01_ASEM1_AAC0_BL0_BS1_CLR0_DTLA0_DTLB0_DTVA0_DTVB0_DVO0_ETSP_EPS0_ELFLR0_EMLL0_FSSC10_FL0_GLVWA1_GLVWB1_GRCGA1_GRCGB1_GRPM1_GRVW1_GSU1_GSUASB_GLS0_ISA000_IU1_K1_KLS_LBSPPA0_LBSPPB0_LPA0_LPB0_LDL1_LRVW1_LWPMn1_LDW0_FMA_MIAV0_MDA2_MO40_MMFSC_MKFGSU256_NTA0_NTB0_NTC0_NTD0_NEPBS0_NLCA1_NLCB1_ONLL1_OPLV0_PK0_PAP0_PGR0_PLR0_PKA0_SIA1_SLW1_SS0_SU32_SUM0_SUS256_SCIUI1_SPO0_SRVW0_SSO0_SVW4_SNLL0_TSGRA0_TSGRB0_TT8_4_TLDS0_UMLDSA0_UMLDSB0_U64SL1_USFGRO0_VAW1_VS1_VW1_VWB1_VFLRP0_WSGRA0_WSGRB0_WS64_WG16_16_1_WGM8+0x3c2c>
	v_mul_f32_e32 v3, s20, v18                                 // 000000009EE4: 10062414
	s_wait_alu 0xfffe                                          // 000000009EE8: BF88FFFE
	s_and_not1_b32 vcc_lo, exec_lo, s1                         // 000000009EEC: 916A017E
	s_wait_alu 0xfffe                                          // 000000009EF0: BF88FFFE
	s_cbranch_vccnz 34                                         // 000000009EF4: BFA40022 <Cijk_Ailk_Bljk_SB_MT128x64x8_SN_1LDSB0_APM1_ABV0_ACED0_AF0EM1_AF1EM1_AMAS0_ASE_ASGT_ASLT_ASM_ASAE01_ASCE01_ASEM1_AAC0_BL0_BS1_CLR0_DTLA0_DTLB0_DTVA0_DTVB0_DVO0_ETSP_EPS0_ELFLR0_EMLL0_FSSC10_FL0_GLVWA1_GLVWB1_GRCGA1_GRCGB1_GRPM1_GRVW1_GSU1_GSUASB_GLS0_ISA000_IU1_K1_KLS_LBSPPA0_LBSPPB0_LPA0_LPB0_LDL1_LRVW1_LWPMn1_LDW0_FMA_MIAV0_MDA2_MO40_MMFSC_MKFGSU256_NTA0_NTB0_NTC0_NTD0_NEPBS0_NLCA1_NLCB1_ONLL1_OPLV0_PK0_PAP0_PGR0_PLR0_PKA0_SIA1_SLW1_SS0_SU32_SUM0_SUS256_SCIUI1_SPO0_SRVW0_SSO0_SVW4_SNLL0_TSGRA0_TSGRB0_TT8_4_TLDS0_UMLDSA0_UMLDSB0_U64SL1_USFGRO0_VAW1_VS1_VW1_VWB1_VFLRP0_WSGRA0_WSGRB0_WS64_WG16_16_1_WGM8+0x3380>
	v_mad_co_u64_u32 v[6:7], null, v5, s24, 0                  // 000000009EF8: D6FE7C06 02003105
	v_lshlrev_b64_e32 v[8:9], 2, v[0:1]                        // 000000009F00: 3E100082
	s_mov_b32 s17, 0                                           // 000000009F04: BE910080
	s_mov_b32 s16, s25                                         // 000000009F08: BE900019
	s_wait_alu 0xfffe                                          // 000000009F0C: BF88FFFE
	s_mul_u64 s[16:17], s[10:11], s[16:17]                     // 000000009F10: AA90100A
	s_wait_alu 0xfffe                                          // 000000009F14: BF88FFFE
	s_lshl_b64 s[16:17], s[16:17], 2                           // 000000009F18: 84908210
	v_lshlrev_b64_e32 v[6:7], 2, v[6:7]                        // 000000009F1C: 3E0C0C82
	s_delay_alu instid0(VALU_DEP_1) | instskip(SKIP_1) | instid1(VALU_DEP_2)// 000000009F20: BF870121
	v_add_co_u32 v4, vcc_lo, s14, v6                           // 000000009F24: D7006A04 00020C0E
	s_wait_alu 0xfffd                                          // 000000009F2C: BF88FFFD
	v_add_co_ci_u32_e64 v6, null, s15, v7, vcc_lo              // 000000009F30: D5207C06 01AA0E0F
	s_delay_alu instid0(VALU_DEP_2) | instskip(SKIP_1) | instid1(VALU_DEP_2)// 000000009F38: BF870122
	v_add_co_u32 v4, vcc_lo, v4, v8                            // 000000009F3C: D7006A04 00021104
	s_wait_alu 0xfffd                                          // 000000009F44: BF88FFFD
	v_add_co_ci_u32_e64 v7, null, v6, v9, vcc_lo               // 000000009F48: D5207C07 01AA1306
	s_wait_alu 0xfffe                                          // 000000009F50: BF88FFFE
	s_delay_alu instid0(VALU_DEP_2) | instskip(SKIP_1) | instid1(VALU_DEP_2)// 000000009F54: BF870122
	v_add_co_u32 v6, vcc_lo, v4, s16                           // 000000009F58: D7006A06 00002104
	s_wait_alu 0xfffd                                          // 000000009F60: BF88FFFD
	v_add_co_ci_u32_e64 v7, null, s17, v7, vcc_lo              // 000000009F64: D5207C07 01AA0E11
	global_load_b32 v4, v[6:7], off offset:64                  // 000000009F6C: EE05007C 00000004 00004006
	s_wait_loadcnt 0x0                                         // 000000009F78: BFC00000
	v_fmac_f32_e32 v3, s21, v4                                 // 000000009F7C: 56060815
	v_mad_co_u64_u32 v[6:7], null, v5, s22, 0                  // 000000009F80: D6FE7C06 02002D05
	v_lshlrev_b64_e32 v[8:9], 2, v[0:1]                        // 000000009F88: 3E100082
	s_mov_b32 s17, 0                                           // 000000009F8C: BE910080
	s_mov_b32 s16, s23                                         // 000000009F90: BE900017
	s_wait_alu 0xfffe                                          // 000000009F94: BF88FFFE
	s_mul_u64 s[16:17], s[10:11], s[16:17]                     // 000000009F98: AA90100A
	s_wait_alu 0xfffe                                          // 000000009F9C: BF88FFFE
	s_lshl_b64 s[16:17], s[16:17], 2                           // 000000009FA0: 84908210
	v_lshlrev_b64_e32 v[6:7], 2, v[6:7]                        // 000000009FA4: 3E0C0C82
	s_delay_alu instid0(VALU_DEP_1) | instskip(SKIP_1) | instid1(VALU_DEP_2)// 000000009FA8: BF870121
	v_add_co_u32 v1, vcc_lo, s12, v6                           // 000000009FAC: D7006A01 00020C0C
	s_wait_alu 0xfffd                                          // 000000009FB4: BF88FFFD
	v_add_co_ci_u32_e64 v4, null, s13, v7, vcc_lo              // 000000009FB8: D5207C04 01AA0E0D
	s_delay_alu instid0(VALU_DEP_2) | instskip(SKIP_1) | instid1(VALU_DEP_2)// 000000009FC0: BF870122
	v_add_co_u32 v1, vcc_lo, v1, v8                            // 000000009FC4: D7006A01 00021101
	s_wait_alu 0xfffd                                          // 000000009FCC: BF88FFFD
	v_add_co_ci_u32_e64 v4, null, v4, v9, vcc_lo               // 000000009FD0: D5207C04 01AA1304
	s_wait_alu 0xfffe                                          // 000000009FD8: BF88FFFE
	s_delay_alu instid0(VALU_DEP_2) | instskip(SKIP_1) | instid1(VALU_DEP_2)// 000000009FDC: BF870122
	v_add_co_u32 v6, vcc_lo, v1, s16                           // 000000009FE0: D7006A06 00002101
	s_wait_alu 0xfffd                                          // 000000009FE8: BF88FFFD
	v_add_co_ci_u32_e64 v7, null, s17, v4, vcc_lo              // 000000009FEC: D5207C07 01AA0811
	global_store_b32 v[6:7], v3, off offset:64                 // 000000009FF4: EE06807C 01800000 00004006
	s_or_b32 exec_lo, exec_lo, s0                              // 00000000A000: 8C7E007E
	s_and_b32 s1, s2, s8                                       // 00000000A004: 8B010802
	s_wait_alu 0xfffe                                          // 00000000A008: BF88FFFE
	s_and_saveexec_b32 s0, s1                                  // 00000000A00C: BE802001
	s_cbranch_execz 65351                                      // 00000000A010: BFA5FF47 <Cijk_Ailk_Bljk_SB_MT128x64x8_SN_1LDSB0_APM1_ABV0_ACED0_AF0EM1_AF1EM1_AMAS0_ASE_ASGT_ASLT_ASM_ASAE01_ASCE01_ASEM1_AAC0_BL0_BS1_CLR0_DTLA0_DTLB0_DTVA0_DTVB0_DVO0_ETSP_EPS0_ELFLR0_EMLL0_FSSC10_FL0_GLVWA1_GLVWB1_GRCGA1_GRCGB1_GRPM1_GRVW1_GSU1_GSUASB_GLS0_ISA000_IU1_K1_KLS_LBSPPA0_LBSPPB0_LPA0_LPB0_LDL1_LRVW1_LWPMn1_LDW0_FMA_MIAV0_MDA2_MO40_MMFSC_MKFGSU256_NTA0_NTB0_NTC0_NTD0_NEPBS0_NLCA1_NLCB1_ONLL1_OPLV0_PK0_PAP0_PGR0_PLR0_PKA0_SIA1_SLW1_SS0_SU32_SUM0_SUS256_SCIUI1_SPO0_SRVW0_SSO0_SVW4_SNLL0_TSGRA0_TSGRB0_TT8_4_TLDS0_UMLDSA0_UMLDSB0_U64SL1_USFGRO0_VAW1_VS1_VW1_VWB1_VFLRP0_WSGRA0_WSGRB0_WS64_WG16_16_1_WGM8+0x3130>
	v_mov_b32_e32 v1, 0                                        // 00000000A014: 7E020280
	s_cmp_neq_f32 s21, 0                                       // 00000000A018: BF4D8015
	s_mov_b32 s1, 0                                            // 00000000A01C: BE810080
	s_cbranch_scc1 516                                         // 00000000A020: BFA20204 <Cijk_Ailk_Bljk_SB_MT128x64x8_SN_1LDSB0_APM1_ABV0_ACED0_AF0EM1_AF1EM1_AMAS0_ASE_ASGT_ASLT_ASM_ASAE01_ASCE01_ASEM1_AAC0_BL0_BS1_CLR0_DTLA0_DTLB0_DTVA0_DTVB0_DVO0_ETSP_EPS0_ELFLR0_EMLL0_FSSC10_FL0_GLVWA1_GLVWB1_GRCGA1_GRCGB1_GRPM1_GRVW1_GSU1_GSUASB_GLS0_ISA000_IU1_K1_KLS_LBSPPA0_LBSPPB0_LPA0_LPB0_LDL1_LRVW1_LWPMn1_LDW0_FMA_MIAV0_MDA2_MO40_MMFSC_MKFGSU256_NTA0_NTB0_NTC0_NTD0_NEPBS0_NLCA1_NLCB1_ONLL1_OPLV0_PK0_PAP0_PGR0_PLR0_PKA0_SIA1_SLW1_SS0_SU32_SUM0_SUS256_SCIUI1_SPO0_SRVW0_SSO0_SVW4_SNLL0_TSGRA0_TSGRB0_TT8_4_TLDS0_UMLDSA0_UMLDSB0_U64SL1_USFGRO0_VAW1_VS1_VW1_VWB1_VFLRP0_WSGRA0_WSGRB0_WS64_WG16_16_1_WGM8+0x3c34>
	v_mul_f32_e32 v3, s20, v17                                 // 00000000A024: 10062214
	s_wait_alu 0xfffe                                          // 00000000A028: BF88FFFE
	s_and_not1_b32 vcc_lo, exec_lo, s1                         // 00000000A02C: 916A017E
	s_wait_alu 0xfffe                                          // 00000000A030: BF88FFFE
	s_cbranch_vccnz 34                                         // 00000000A034: BFA40022 <Cijk_Ailk_Bljk_SB_MT128x64x8_SN_1LDSB0_APM1_ABV0_ACED0_AF0EM1_AF1EM1_AMAS0_ASE_ASGT_ASLT_ASM_ASAE01_ASCE01_ASEM1_AAC0_BL0_BS1_CLR0_DTLA0_DTLB0_DTVA0_DTVB0_DVO0_ETSP_EPS0_ELFLR0_EMLL0_FSSC10_FL0_GLVWA1_GLVWB1_GRCGA1_GRCGB1_GRPM1_GRVW1_GSU1_GSUASB_GLS0_ISA000_IU1_K1_KLS_LBSPPA0_LBSPPB0_LPA0_LPB0_LDL1_LRVW1_LWPMn1_LDW0_FMA_MIAV0_MDA2_MO40_MMFSC_MKFGSU256_NTA0_NTB0_NTC0_NTD0_NEPBS0_NLCA1_NLCB1_ONLL1_OPLV0_PK0_PAP0_PGR0_PLR0_PKA0_SIA1_SLW1_SS0_SU32_SUM0_SUS256_SCIUI1_SPO0_SRVW0_SSO0_SVW4_SNLL0_TSGRA0_TSGRB0_TT8_4_TLDS0_UMLDSA0_UMLDSB0_U64SL1_USFGRO0_VAW1_VS1_VW1_VWB1_VFLRP0_WSGRA0_WSGRB0_WS64_WG16_16_1_WGM8+0x34c0>
	v_mad_co_u64_u32 v[6:7], null, v5, s24, 0                  // 00000000A038: D6FE7C06 02003105
	v_lshlrev_b64_e32 v[8:9], 2, v[0:1]                        // 00000000A040: 3E100082
	s_mov_b32 s17, 0                                           // 00000000A044: BE910080
	s_mov_b32 s16, s25                                         // 00000000A048: BE900019
	s_wait_alu 0xfffe                                          // 00000000A04C: BF88FFFE
	s_mul_u64 s[16:17], s[10:11], s[16:17]                     // 00000000A050: AA90100A
	s_wait_alu 0xfffe                                          // 00000000A054: BF88FFFE
	s_lshl_b64 s[16:17], s[16:17], 2                           // 00000000A058: 84908210
	v_lshlrev_b64_e32 v[6:7], 2, v[6:7]                        // 00000000A05C: 3E0C0C82
	s_delay_alu instid0(VALU_DEP_1) | instskip(SKIP_1) | instid1(VALU_DEP_2)// 00000000A060: BF870121
	v_add_co_u32 v4, vcc_lo, s14, v6                           // 00000000A064: D7006A04 00020C0E
	s_wait_alu 0xfffd                                          // 00000000A06C: BF88FFFD
	v_add_co_ci_u32_e64 v6, null, s15, v7, vcc_lo              // 00000000A070: D5207C06 01AA0E0F
	s_delay_alu instid0(VALU_DEP_2) | instskip(SKIP_1) | instid1(VALU_DEP_2)// 00000000A078: BF870122
	v_add_co_u32 v4, vcc_lo, v4, v8                            // 00000000A07C: D7006A04 00021104
	s_wait_alu 0xfffd                                          // 00000000A084: BF88FFFD
	v_add_co_ci_u32_e64 v7, null, v6, v9, vcc_lo               // 00000000A088: D5207C07 01AA1306
	s_wait_alu 0xfffe                                          // 00000000A090: BF88FFFE
	s_delay_alu instid0(VALU_DEP_2) | instskip(SKIP_1) | instid1(VALU_DEP_2)// 00000000A094: BF870122
	v_add_co_u32 v6, vcc_lo, v4, s16                           // 00000000A098: D7006A06 00002104
	s_wait_alu 0xfffd                                          // 00000000A0A0: BF88FFFD
	v_add_co_ci_u32_e64 v7, null, s17, v7, vcc_lo              // 00000000A0A4: D5207C07 01AA0E11
	global_load_b32 v4, v[6:7], off offset:128                 // 00000000A0AC: EE05007C 00000004 00008006
	s_wait_loadcnt 0x0                                         // 00000000A0B8: BFC00000
	v_fmac_f32_e32 v3, s21, v4                                 // 00000000A0BC: 56060815
	v_mad_co_u64_u32 v[6:7], null, v5, s22, 0                  // 00000000A0C0: D6FE7C06 02002D05
	v_lshlrev_b64_e32 v[8:9], 2, v[0:1]                        // 00000000A0C8: 3E100082
	s_mov_b32 s17, 0                                           // 00000000A0CC: BE910080
	s_mov_b32 s16, s23                                         // 00000000A0D0: BE900017
	s_wait_alu 0xfffe                                          // 00000000A0D4: BF88FFFE
	s_mul_u64 s[16:17], s[10:11], s[16:17]                     // 00000000A0D8: AA90100A
	s_wait_alu 0xfffe                                          // 00000000A0DC: BF88FFFE
	s_lshl_b64 s[16:17], s[16:17], 2                           // 00000000A0E0: 84908210
	v_lshlrev_b64_e32 v[6:7], 2, v[6:7]                        // 00000000A0E4: 3E0C0C82
	s_delay_alu instid0(VALU_DEP_1) | instskip(SKIP_1) | instid1(VALU_DEP_2)// 00000000A0E8: BF870121
	v_add_co_u32 v1, vcc_lo, s12, v6                           // 00000000A0EC: D7006A01 00020C0C
	s_wait_alu 0xfffd                                          // 00000000A0F4: BF88FFFD
	v_add_co_ci_u32_e64 v4, null, s13, v7, vcc_lo              // 00000000A0F8: D5207C04 01AA0E0D
	s_delay_alu instid0(VALU_DEP_2) | instskip(SKIP_1) | instid1(VALU_DEP_2)// 00000000A100: BF870122
	v_add_co_u32 v1, vcc_lo, v1, v8                            // 00000000A104: D7006A01 00021101
	s_wait_alu 0xfffd                                          // 00000000A10C: BF88FFFD
	v_add_co_ci_u32_e64 v4, null, v4, v9, vcc_lo               // 00000000A110: D5207C04 01AA1304
	s_wait_alu 0xfffe                                          // 00000000A118: BF88FFFE
	s_delay_alu instid0(VALU_DEP_2) | instskip(SKIP_1) | instid1(VALU_DEP_2)// 00000000A11C: BF870122
	v_add_co_u32 v6, vcc_lo, v1, s16                           // 00000000A120: D7006A06 00002101
	s_wait_alu 0xfffd                                          // 00000000A128: BF88FFFD
	v_add_co_ci_u32_e64 v7, null, s17, v4, vcc_lo              // 00000000A12C: D5207C07 01AA0811
	global_store_b32 v[6:7], v3, off offset:128                // 00000000A134: EE06807C 01800000 00008006
	s_or_b32 exec_lo, exec_lo, s0                              // 00000000A140: 8C7E007E
	s_and_b32 s1, s3, s8                                       // 00000000A144: 8B010803
	s_wait_alu 0xfffe                                          // 00000000A148: BF88FFFE
	s_and_saveexec_b32 s0, s1                                  // 00000000A14C: BE802001
	s_cbranch_execz 65277                                      // 00000000A150: BFA5FEFD <Cijk_Ailk_Bljk_SB_MT128x64x8_SN_1LDSB0_APM1_ABV0_ACED0_AF0EM1_AF1EM1_AMAS0_ASE_ASGT_ASLT_ASM_ASAE01_ASCE01_ASEM1_AAC0_BL0_BS1_CLR0_DTLA0_DTLB0_DTVA0_DTVB0_DVO0_ETSP_EPS0_ELFLR0_EMLL0_FSSC10_FL0_GLVWA1_GLVWB1_GRCGA1_GRCGB1_GRPM1_GRVW1_GSU1_GSUASB_GLS0_ISA000_IU1_K1_KLS_LBSPPA0_LBSPPB0_LPA0_LPB0_LDL1_LRVW1_LWPMn1_LDW0_FMA_MIAV0_MDA2_MO40_MMFSC_MKFGSU256_NTA0_NTB0_NTC0_NTD0_NEPBS0_NLCA1_NLCB1_ONLL1_OPLV0_PK0_PAP0_PGR0_PLR0_PKA0_SIA1_SLW1_SS0_SU32_SUM0_SUS256_SCIUI1_SPO0_SRVW0_SSO0_SVW4_SNLL0_TSGRA0_TSGRB0_TT8_4_TLDS0_UMLDSA0_UMLDSB0_U64SL1_USFGRO0_VAW1_VS1_VW1_VWB1_VFLRP0_WSGRA0_WSGRB0_WS64_WG16_16_1_WGM8+0x3148>
	v_mov_b32_e32 v1, 0                                        // 00000000A154: 7E020280
	s_cmp_neq_f32 s21, 0                                       // 00000000A158: BF4D8015
	s_mov_b32 s1, 0                                            // 00000000A15C: BE810080
	s_cbranch_scc1 438                                         // 00000000A160: BFA201B6 <Cijk_Ailk_Bljk_SB_MT128x64x8_SN_1LDSB0_APM1_ABV0_ACED0_AF0EM1_AF1EM1_AMAS0_ASE_ASGT_ASLT_ASM_ASAE01_ASCE01_ASEM1_AAC0_BL0_BS1_CLR0_DTLA0_DTLB0_DTVA0_DTVB0_DVO0_ETSP_EPS0_ELFLR0_EMLL0_FSSC10_FL0_GLVWA1_GLVWB1_GRCGA1_GRCGB1_GRPM1_GRVW1_GSU1_GSUASB_GLS0_ISA000_IU1_K1_KLS_LBSPPA0_LBSPPB0_LPA0_LPB0_LDL1_LRVW1_LWPMn1_LDW0_FMA_MIAV0_MDA2_MO40_MMFSC_MKFGSU256_NTA0_NTB0_NTC0_NTD0_NEPBS0_NLCA1_NLCB1_ONLL1_OPLV0_PK0_PAP0_PGR0_PLR0_PKA0_SIA1_SLW1_SS0_SU32_SUM0_SUS256_SCIUI1_SPO0_SRVW0_SSO0_SVW4_SNLL0_TSGRA0_TSGRB0_TT8_4_TLDS0_UMLDSA0_UMLDSB0_U64SL1_USFGRO0_VAW1_VS1_VW1_VWB1_VFLRP0_WSGRA0_WSGRB0_WS64_WG16_16_1_WGM8+0x3c3c>
	v_mul_f32_e32 v3, s20, v16                                 // 00000000A164: 10062014
	s_wait_alu 0xfffe                                          // 00000000A168: BF88FFFE
	s_and_not1_b32 vcc_lo, exec_lo, s1                         // 00000000A16C: 916A017E
	s_wait_alu 0xfffe                                          // 00000000A170: BF88FFFE
	s_cbranch_vccnz 34                                         // 00000000A174: BFA40022 <Cijk_Ailk_Bljk_SB_MT128x64x8_SN_1LDSB0_APM1_ABV0_ACED0_AF0EM1_AF1EM1_AMAS0_ASE_ASGT_ASLT_ASM_ASAE01_ASCE01_ASEM1_AAC0_BL0_BS1_CLR0_DTLA0_DTLB0_DTVA0_DTVB0_DVO0_ETSP_EPS0_ELFLR0_EMLL0_FSSC10_FL0_GLVWA1_GLVWB1_GRCGA1_GRCGB1_GRPM1_GRVW1_GSU1_GSUASB_GLS0_ISA000_IU1_K1_KLS_LBSPPA0_LBSPPB0_LPA0_LPB0_LDL1_LRVW1_LWPMn1_LDW0_FMA_MIAV0_MDA2_MO40_MMFSC_MKFGSU256_NTA0_NTB0_NTC0_NTD0_NEPBS0_NLCA1_NLCB1_ONLL1_OPLV0_PK0_PAP0_PGR0_PLR0_PKA0_SIA1_SLW1_SS0_SU32_SUM0_SUS256_SCIUI1_SPO0_SRVW0_SSO0_SVW4_SNLL0_TSGRA0_TSGRB0_TT8_4_TLDS0_UMLDSA0_UMLDSB0_U64SL1_USFGRO0_VAW1_VS1_VW1_VWB1_VFLRP0_WSGRA0_WSGRB0_WS64_WG16_16_1_WGM8+0x3600>
	v_mad_co_u64_u32 v[6:7], null, v5, s24, 0                  // 00000000A178: D6FE7C06 02003105
	v_lshlrev_b64_e32 v[8:9], 2, v[0:1]                        // 00000000A180: 3E100082
	s_mov_b32 s3, 0                                            // 00000000A184: BE830080
	s_mov_b32 s2, s25                                          // 00000000A188: BE820019
	s_wait_alu 0xfffe                                          // 00000000A18C: BF88FFFE
	s_mul_u64 s[2:3], s[10:11], s[2:3]                         // 00000000A190: AA82020A
	s_wait_alu 0xfffe                                          // 00000000A194: BF88FFFE
	s_lshl_b64 s[2:3], s[2:3], 2                               // 00000000A198: 84828202
	v_lshlrev_b64_e32 v[6:7], 2, v[6:7]                        // 00000000A19C: 3E0C0C82
	s_delay_alu instid0(VALU_DEP_1) | instskip(SKIP_1) | instid1(VALU_DEP_2)// 00000000A1A0: BF870121
	v_add_co_u32 v4, vcc_lo, s14, v6                           // 00000000A1A4: D7006A04 00020C0E
	s_wait_alu 0xfffd                                          // 00000000A1AC: BF88FFFD
	v_add_co_ci_u32_e64 v6, null, s15, v7, vcc_lo              // 00000000A1B0: D5207C06 01AA0E0F
	s_delay_alu instid0(VALU_DEP_2) | instskip(SKIP_1) | instid1(VALU_DEP_2)// 00000000A1B8: BF870122
	v_add_co_u32 v4, vcc_lo, v4, v8                            // 00000000A1BC: D7006A04 00021104
	s_wait_alu 0xfffd                                          // 00000000A1C4: BF88FFFD
	v_add_co_ci_u32_e64 v7, null, v6, v9, vcc_lo               // 00000000A1C8: D5207C07 01AA1306
	s_wait_alu 0xfffe                                          // 00000000A1D0: BF88FFFE
	s_delay_alu instid0(VALU_DEP_2) | instskip(SKIP_1) | instid1(VALU_DEP_2)// 00000000A1D4: BF870122
	v_add_co_u32 v6, vcc_lo, v4, s2                            // 00000000A1D8: D7006A06 00000504
	s_wait_alu 0xfffd                                          // 00000000A1E0: BF88FFFD
	v_add_co_ci_u32_e64 v7, null, s3, v7, vcc_lo               // 00000000A1E4: D5207C07 01AA0E03
	global_load_b32 v4, v[6:7], off offset:192                 // 00000000A1EC: EE05007C 00000004 0000C006
	s_wait_loadcnt 0x0                                         // 00000000A1F8: BFC00000
	v_fmac_f32_e32 v3, s21, v4                                 // 00000000A1FC: 56060815
	v_mad_co_u64_u32 v[6:7], null, v5, s22, 0                  // 00000000A200: D6FE7C06 02002D05
	v_lshlrev_b64_e32 v[8:9], 2, v[0:1]                        // 00000000A208: 3E100082
	s_mov_b32 s3, 0                                            // 00000000A20C: BE830080
	s_mov_b32 s2, s23                                          // 00000000A210: BE820017
	s_wait_alu 0xfffe                                          // 00000000A214: BF88FFFE
	s_mul_u64 s[2:3], s[10:11], s[2:3]                         // 00000000A218: AA82020A
	s_wait_alu 0xfffe                                          // 00000000A21C: BF88FFFE
	s_lshl_b64 s[2:3], s[2:3], 2                               // 00000000A220: 84828202
	v_lshlrev_b64_e32 v[6:7], 2, v[6:7]                        // 00000000A224: 3E0C0C82
	s_delay_alu instid0(VALU_DEP_1) | instskip(SKIP_1) | instid1(VALU_DEP_2)// 00000000A228: BF870121
	v_add_co_u32 v1, vcc_lo, s12, v6                           // 00000000A22C: D7006A01 00020C0C
	s_wait_alu 0xfffd                                          // 00000000A234: BF88FFFD
	v_add_co_ci_u32_e64 v4, null, s13, v7, vcc_lo              // 00000000A238: D5207C04 01AA0E0D
	s_delay_alu instid0(VALU_DEP_2) | instskip(SKIP_1) | instid1(VALU_DEP_2)// 00000000A240: BF870122
	v_add_co_u32 v1, vcc_lo, v1, v8                            // 00000000A244: D7006A01 00021101
	s_wait_alu 0xfffd                                          // 00000000A24C: BF88FFFD
	v_add_co_ci_u32_e64 v4, null, v4, v9, vcc_lo               // 00000000A250: D5207C04 01AA1304
	s_wait_alu 0xfffe                                          // 00000000A258: BF88FFFE
	s_delay_alu instid0(VALU_DEP_2) | instskip(SKIP_1) | instid1(VALU_DEP_2)// 00000000A25C: BF870122
	v_add_co_u32 v6, vcc_lo, v1, s2                            // 00000000A260: D7006A06 00000501
	s_wait_alu 0xfffd                                          // 00000000A268: BF88FFFD
	v_add_co_ci_u32_e64 v7, null, s3, v4, vcc_lo               // 00000000A26C: D5207C07 01AA0803
	global_store_b32 v[6:7], v3, off offset:192                // 00000000A274: EE06807C 01800000 0000C006
	s_or_b32 exec_lo, exec_lo, s0                              // 00000000A280: 8C7E007E
	s_and_b32 s1, s4, s8                                       // 00000000A284: 8B010804
	s_wait_alu 0xfffe                                          // 00000000A288: BF88FFFE
	s_and_saveexec_b32 s0, s1                                  // 00000000A28C: BE802001
	s_cbranch_execz 65203                                      // 00000000A290: BFA5FEB3 <Cijk_Ailk_Bljk_SB_MT128x64x8_SN_1LDSB0_APM1_ABV0_ACED0_AF0EM1_AF1EM1_AMAS0_ASE_ASGT_ASLT_ASM_ASAE01_ASCE01_ASEM1_AAC0_BL0_BS1_CLR0_DTLA0_DTLB0_DTVA0_DTVB0_DVO0_ETSP_EPS0_ELFLR0_EMLL0_FSSC10_FL0_GLVWA1_GLVWB1_GRCGA1_GRCGB1_GRPM1_GRVW1_GSU1_GSUASB_GLS0_ISA000_IU1_K1_KLS_LBSPPA0_LBSPPB0_LPA0_LPB0_LDL1_LRVW1_LWPMn1_LDW0_FMA_MIAV0_MDA2_MO40_MMFSC_MKFGSU256_NTA0_NTB0_NTC0_NTD0_NEPBS0_NLCA1_NLCB1_ONLL1_OPLV0_PK0_PAP0_PGR0_PLR0_PKA0_SIA1_SLW1_SS0_SU32_SUM0_SUS256_SCIUI1_SPO0_SRVW0_SSO0_SVW4_SNLL0_TSGRA0_TSGRB0_TT8_4_TLDS0_UMLDSA0_UMLDSB0_U64SL1_USFGRO0_VAW1_VS1_VW1_VWB1_VFLRP0_WSGRA0_WSGRB0_WS64_WG16_16_1_WGM8+0x3160>
	v_mov_b32_e32 v1, 0                                        // 00000000A294: 7E020280
	s_cmp_neq_f32 s21, 0                                       // 00000000A298: BF4D8015
	s_mov_b32 s1, 0                                            // 00000000A29C: BE810080
	s_cbranch_scc1 360                                         // 00000000A2A0: BFA20168 <Cijk_Ailk_Bljk_SB_MT128x64x8_SN_1LDSB0_APM1_ABV0_ACED0_AF0EM1_AF1EM1_AMAS0_ASE_ASGT_ASLT_ASM_ASAE01_ASCE01_ASEM1_AAC0_BL0_BS1_CLR0_DTLA0_DTLB0_DTVA0_DTVB0_DVO0_ETSP_EPS0_ELFLR0_EMLL0_FSSC10_FL0_GLVWA1_GLVWB1_GRCGA1_GRCGB1_GRPM1_GRVW1_GSU1_GSUASB_GLS0_ISA000_IU1_K1_KLS_LBSPPA0_LBSPPB0_LPA0_LPB0_LDL1_LRVW1_LWPMn1_LDW0_FMA_MIAV0_MDA2_MO40_MMFSC_MKFGSU256_NTA0_NTB0_NTC0_NTD0_NEPBS0_NLCA1_NLCB1_ONLL1_OPLV0_PK0_PAP0_PGR0_PLR0_PKA0_SIA1_SLW1_SS0_SU32_SUM0_SUS256_SCIUI1_SPO0_SRVW0_SSO0_SVW4_SNLL0_TSGRA0_TSGRB0_TT8_4_TLDS0_UMLDSA0_UMLDSB0_U64SL1_USFGRO0_VAW1_VS1_VW1_VWB1_VFLRP0_WSGRA0_WSGRB0_WS64_WG16_16_1_WGM8+0x3c44>
	v_mul_f32_e32 v3, s20, v15                                 // 00000000A2A4: 10061E14
	s_wait_alu 0xfffe                                          // 00000000A2A8: BF88FFFE
	s_and_not1_b32 vcc_lo, exec_lo, s1                         // 00000000A2AC: 916A017E
	s_wait_alu 0xfffe                                          // 00000000A2B0: BF88FFFE
	s_cbranch_vccnz 34                                         // 00000000A2B4: BFA40022 <Cijk_Ailk_Bljk_SB_MT128x64x8_SN_1LDSB0_APM1_ABV0_ACED0_AF0EM1_AF1EM1_AMAS0_ASE_ASGT_ASLT_ASM_ASAE01_ASCE01_ASEM1_AAC0_BL0_BS1_CLR0_DTLA0_DTLB0_DTVA0_DTVB0_DVO0_ETSP_EPS0_ELFLR0_EMLL0_FSSC10_FL0_GLVWA1_GLVWB1_GRCGA1_GRCGB1_GRPM1_GRVW1_GSU1_GSUASB_GLS0_ISA000_IU1_K1_KLS_LBSPPA0_LBSPPB0_LPA0_LPB0_LDL1_LRVW1_LWPMn1_LDW0_FMA_MIAV0_MDA2_MO40_MMFSC_MKFGSU256_NTA0_NTB0_NTC0_NTD0_NEPBS0_NLCA1_NLCB1_ONLL1_OPLV0_PK0_PAP0_PGR0_PLR0_PKA0_SIA1_SLW1_SS0_SU32_SUM0_SUS256_SCIUI1_SPO0_SRVW0_SSO0_SVW4_SNLL0_TSGRA0_TSGRB0_TT8_4_TLDS0_UMLDSA0_UMLDSB0_U64SL1_USFGRO0_VAW1_VS1_VW1_VWB1_VFLRP0_WSGRA0_WSGRB0_WS64_WG16_16_1_WGM8+0x3740>
	v_mad_co_u64_u32 v[6:7], null, v5, s24, 0                  // 00000000A2B8: D6FE7C06 02003105
	v_lshlrev_b64_e32 v[8:9], 2, v[0:1]                        // 00000000A2C0: 3E100082
	s_mov_b32 s3, 0                                            // 00000000A2C4: BE830080
	s_mov_b32 s2, s25                                          // 00000000A2C8: BE820019
	s_wait_alu 0xfffe                                          // 00000000A2CC: BF88FFFE
	s_mul_u64 s[2:3], s[10:11], s[2:3]                         // 00000000A2D0: AA82020A
	s_wait_alu 0xfffe                                          // 00000000A2D4: BF88FFFE
	s_lshl_b64 s[2:3], s[2:3], 2                               // 00000000A2D8: 84828202
	v_lshlrev_b64_e32 v[6:7], 2, v[6:7]                        // 00000000A2DC: 3E0C0C82
	s_delay_alu instid0(VALU_DEP_1) | instskip(SKIP_1) | instid1(VALU_DEP_2)// 00000000A2E0: BF870121
	v_add_co_u32 v4, vcc_lo, s14, v6                           // 00000000A2E4: D7006A04 00020C0E
	s_wait_alu 0xfffd                                          // 00000000A2EC: BF88FFFD
	v_add_co_ci_u32_e64 v6, null, s15, v7, vcc_lo              // 00000000A2F0: D5207C06 01AA0E0F
	s_delay_alu instid0(VALU_DEP_2) | instskip(SKIP_1) | instid1(VALU_DEP_2)// 00000000A2F8: BF870122
	v_add_co_u32 v4, vcc_lo, v4, v8                            // 00000000A2FC: D7006A04 00021104
	s_wait_alu 0xfffd                                          // 00000000A304: BF88FFFD
	v_add_co_ci_u32_e64 v7, null, v6, v9, vcc_lo               // 00000000A308: D5207C07 01AA1306
	s_wait_alu 0xfffe                                          // 00000000A310: BF88FFFE
	s_delay_alu instid0(VALU_DEP_2) | instskip(SKIP_1) | instid1(VALU_DEP_2)// 00000000A314: BF870122
	v_add_co_u32 v6, vcc_lo, v4, s2                            // 00000000A318: D7006A06 00000504
	s_wait_alu 0xfffd                                          // 00000000A320: BF88FFFD
	v_add_co_ci_u32_e64 v7, null, s3, v7, vcc_lo               // 00000000A324: D5207C07 01AA0E03
	global_load_b32 v4, v[6:7], off offset:256                 // 00000000A32C: EE05007C 00000004 00010006
	s_wait_loadcnt 0x0                                         // 00000000A338: BFC00000
	v_fmac_f32_e32 v3, s21, v4                                 // 00000000A33C: 56060815
	v_mad_co_u64_u32 v[6:7], null, v5, s22, 0                  // 00000000A340: D6FE7C06 02002D05
	v_lshlrev_b64_e32 v[8:9], 2, v[0:1]                        // 00000000A348: 3E100082
	s_mov_b32 s3, 0                                            // 00000000A34C: BE830080
	s_mov_b32 s2, s23                                          // 00000000A350: BE820017
	s_wait_alu 0xfffe                                          // 00000000A354: BF88FFFE
	s_mul_u64 s[2:3], s[10:11], s[2:3]                         // 00000000A358: AA82020A
	s_wait_alu 0xfffe                                          // 00000000A35C: BF88FFFE
	s_lshl_b64 s[2:3], s[2:3], 2                               // 00000000A360: 84828202
	v_lshlrev_b64_e32 v[6:7], 2, v[6:7]                        // 00000000A364: 3E0C0C82
	s_delay_alu instid0(VALU_DEP_1) | instskip(SKIP_1) | instid1(VALU_DEP_2)// 00000000A368: BF870121
	v_add_co_u32 v1, vcc_lo, s12, v6                           // 00000000A36C: D7006A01 00020C0C
	s_wait_alu 0xfffd                                          // 00000000A374: BF88FFFD
	v_add_co_ci_u32_e64 v4, null, s13, v7, vcc_lo              // 00000000A378: D5207C04 01AA0E0D
	s_delay_alu instid0(VALU_DEP_2) | instskip(SKIP_1) | instid1(VALU_DEP_2)// 00000000A380: BF870122
	v_add_co_u32 v1, vcc_lo, v1, v8                            // 00000000A384: D7006A01 00021101
	s_wait_alu 0xfffd                                          // 00000000A38C: BF88FFFD
	v_add_co_ci_u32_e64 v4, null, v4, v9, vcc_lo               // 00000000A390: D5207C04 01AA1304
	s_wait_alu 0xfffe                                          // 00000000A398: BF88FFFE
	s_delay_alu instid0(VALU_DEP_2) | instskip(SKIP_1) | instid1(VALU_DEP_2)// 00000000A39C: BF870122
	v_add_co_u32 v6, vcc_lo, v1, s2                            // 00000000A3A0: D7006A06 00000501
	s_wait_alu 0xfffd                                          // 00000000A3A8: BF88FFFD
	v_add_co_ci_u32_e64 v7, null, s3, v4, vcc_lo               // 00000000A3AC: D5207C07 01AA0803
	global_store_b32 v[6:7], v3, off offset:256                // 00000000A3B4: EE06807C 01800000 00010006
	s_or_b32 exec_lo, exec_lo, s0                              // 00000000A3C0: 8C7E007E
	s_and_b32 s1, s5, s8                                       // 00000000A3C4: 8B010805
	s_wait_alu 0xfffe                                          // 00000000A3C8: BF88FFFE
	s_and_saveexec_b32 s0, s1                                  // 00000000A3CC: BE802001
	s_cbranch_execz 65129                                      // 00000000A3D0: BFA5FE69 <Cijk_Ailk_Bljk_SB_MT128x64x8_SN_1LDSB0_APM1_ABV0_ACED0_AF0EM1_AF1EM1_AMAS0_ASE_ASGT_ASLT_ASM_ASAE01_ASCE01_ASEM1_AAC0_BL0_BS1_CLR0_DTLA0_DTLB0_DTVA0_DTVB0_DVO0_ETSP_EPS0_ELFLR0_EMLL0_FSSC10_FL0_GLVWA1_GLVWB1_GRCGA1_GRCGB1_GRPM1_GRVW1_GSU1_GSUASB_GLS0_ISA000_IU1_K1_KLS_LBSPPA0_LBSPPB0_LPA0_LPB0_LDL1_LRVW1_LWPMn1_LDW0_FMA_MIAV0_MDA2_MO40_MMFSC_MKFGSU256_NTA0_NTB0_NTC0_NTD0_NEPBS0_NLCA1_NLCB1_ONLL1_OPLV0_PK0_PAP0_PGR0_PLR0_PKA0_SIA1_SLW1_SS0_SU32_SUM0_SUS256_SCIUI1_SPO0_SRVW0_SSO0_SVW4_SNLL0_TSGRA0_TSGRB0_TT8_4_TLDS0_UMLDSA0_UMLDSB0_U64SL1_USFGRO0_VAW1_VS1_VW1_VWB1_VFLRP0_WSGRA0_WSGRB0_WS64_WG16_16_1_WGM8+0x3178>
	v_mov_b32_e32 v1, 0                                        // 00000000A3D4: 7E020280
	s_cmp_neq_f32 s21, 0                                       // 00000000A3D8: BF4D8015
	s_mov_b32 s1, 0                                            // 00000000A3DC: BE810080
	s_cbranch_scc1 282                                         // 00000000A3E0: BFA2011A <Cijk_Ailk_Bljk_SB_MT128x64x8_SN_1LDSB0_APM1_ABV0_ACED0_AF0EM1_AF1EM1_AMAS0_ASE_ASGT_ASLT_ASM_ASAE01_ASCE01_ASEM1_AAC0_BL0_BS1_CLR0_DTLA0_DTLB0_DTVA0_DTVB0_DVO0_ETSP_EPS0_ELFLR0_EMLL0_FSSC10_FL0_GLVWA1_GLVWB1_GRCGA1_GRCGB1_GRPM1_GRVW1_GSU1_GSUASB_GLS0_ISA000_IU1_K1_KLS_LBSPPA0_LBSPPB0_LPA0_LPB0_LDL1_LRVW1_LWPMn1_LDW0_FMA_MIAV0_MDA2_MO40_MMFSC_MKFGSU256_NTA0_NTB0_NTC0_NTD0_NEPBS0_NLCA1_NLCB1_ONLL1_OPLV0_PK0_PAP0_PGR0_PLR0_PKA0_SIA1_SLW1_SS0_SU32_SUM0_SUS256_SCIUI1_SPO0_SRVW0_SSO0_SVW4_SNLL0_TSGRA0_TSGRB0_TT8_4_TLDS0_UMLDSA0_UMLDSB0_U64SL1_USFGRO0_VAW1_VS1_VW1_VWB1_VFLRP0_WSGRA0_WSGRB0_WS64_WG16_16_1_WGM8+0x3c4c>
	v_mul_f32_e32 v3, s20, v14                                 // 00000000A3E4: 10061C14
	s_wait_alu 0xfffe                                          // 00000000A3E8: BF88FFFE
	s_and_not1_b32 vcc_lo, exec_lo, s1                         // 00000000A3EC: 916A017E
	s_wait_alu 0xfffe                                          // 00000000A3F0: BF88FFFE
	s_cbranch_vccnz 34                                         // 00000000A3F4: BFA40022 <Cijk_Ailk_Bljk_SB_MT128x64x8_SN_1LDSB0_APM1_ABV0_ACED0_AF0EM1_AF1EM1_AMAS0_ASE_ASGT_ASLT_ASM_ASAE01_ASCE01_ASEM1_AAC0_BL0_BS1_CLR0_DTLA0_DTLB0_DTVA0_DTVB0_DVO0_ETSP_EPS0_ELFLR0_EMLL0_FSSC10_FL0_GLVWA1_GLVWB1_GRCGA1_GRCGB1_GRPM1_GRVW1_GSU1_GSUASB_GLS0_ISA000_IU1_K1_KLS_LBSPPA0_LBSPPB0_LPA0_LPB0_LDL1_LRVW1_LWPMn1_LDW0_FMA_MIAV0_MDA2_MO40_MMFSC_MKFGSU256_NTA0_NTB0_NTC0_NTD0_NEPBS0_NLCA1_NLCB1_ONLL1_OPLV0_PK0_PAP0_PGR0_PLR0_PKA0_SIA1_SLW1_SS0_SU32_SUM0_SUS256_SCIUI1_SPO0_SRVW0_SSO0_SVW4_SNLL0_TSGRA0_TSGRB0_TT8_4_TLDS0_UMLDSA0_UMLDSB0_U64SL1_USFGRO0_VAW1_VS1_VW1_VWB1_VFLRP0_WSGRA0_WSGRB0_WS64_WG16_16_1_WGM8+0x3880>
	v_mad_co_u64_u32 v[6:7], null, v5, s24, 0                  // 00000000A3F8: D6FE7C06 02003105
	v_lshlrev_b64_e32 v[8:9], 2, v[0:1]                        // 00000000A400: 3E100082
	s_mov_b32 s3, 0                                            // 00000000A404: BE830080
	s_mov_b32 s2, s25                                          // 00000000A408: BE820019
	s_wait_alu 0xfffe                                          // 00000000A40C: BF88FFFE
	s_mul_u64 s[2:3], s[10:11], s[2:3]                         // 00000000A410: AA82020A
	s_wait_alu 0xfffe                                          // 00000000A414: BF88FFFE
	s_lshl_b64 s[2:3], s[2:3], 2                               // 00000000A418: 84828202
	v_lshlrev_b64_e32 v[6:7], 2, v[6:7]                        // 00000000A41C: 3E0C0C82
	s_delay_alu instid0(VALU_DEP_1) | instskip(SKIP_1) | instid1(VALU_DEP_2)// 00000000A420: BF870121
	v_add_co_u32 v4, vcc_lo, s14, v6                           // 00000000A424: D7006A04 00020C0E
	s_wait_alu 0xfffd                                          // 00000000A42C: BF88FFFD
	v_add_co_ci_u32_e64 v6, null, s15, v7, vcc_lo              // 00000000A430: D5207C06 01AA0E0F
	s_delay_alu instid0(VALU_DEP_2) | instskip(SKIP_1) | instid1(VALU_DEP_2)// 00000000A438: BF870122
	v_add_co_u32 v4, vcc_lo, v4, v8                            // 00000000A43C: D7006A04 00021104
	s_wait_alu 0xfffd                                          // 00000000A444: BF88FFFD
	v_add_co_ci_u32_e64 v7, null, v6, v9, vcc_lo               // 00000000A448: D5207C07 01AA1306
	s_wait_alu 0xfffe                                          // 00000000A450: BF88FFFE
	s_delay_alu instid0(VALU_DEP_2) | instskip(SKIP_1) | instid1(VALU_DEP_2)// 00000000A454: BF870122
	v_add_co_u32 v6, vcc_lo, v4, s2                            // 00000000A458: D7006A06 00000504
	s_wait_alu 0xfffd                                          // 00000000A460: BF88FFFD
	v_add_co_ci_u32_e64 v7, null, s3, v7, vcc_lo               // 00000000A464: D5207C07 01AA0E03
	global_load_b32 v4, v[6:7], off offset:320                 // 00000000A46C: EE05007C 00000004 00014006
	s_wait_loadcnt 0x0                                         // 00000000A478: BFC00000
	v_fmac_f32_e32 v3, s21, v4                                 // 00000000A47C: 56060815
	v_mad_co_u64_u32 v[6:7], null, v5, s22, 0                  // 00000000A480: D6FE7C06 02002D05
	v_lshlrev_b64_e32 v[8:9], 2, v[0:1]                        // 00000000A488: 3E100082
	s_mov_b32 s3, 0                                            // 00000000A48C: BE830080
	s_mov_b32 s2, s23                                          // 00000000A490: BE820017
	s_wait_alu 0xfffe                                          // 00000000A494: BF88FFFE
	s_mul_u64 s[2:3], s[10:11], s[2:3]                         // 00000000A498: AA82020A
	s_wait_alu 0xfffe                                          // 00000000A49C: BF88FFFE
	s_lshl_b64 s[2:3], s[2:3], 2                               // 00000000A4A0: 84828202
	v_lshlrev_b64_e32 v[6:7], 2, v[6:7]                        // 00000000A4A4: 3E0C0C82
	s_delay_alu instid0(VALU_DEP_1) | instskip(SKIP_1) | instid1(VALU_DEP_2)// 00000000A4A8: BF870121
	v_add_co_u32 v1, vcc_lo, s12, v6                           // 00000000A4AC: D7006A01 00020C0C
	s_wait_alu 0xfffd                                          // 00000000A4B4: BF88FFFD
	v_add_co_ci_u32_e64 v4, null, s13, v7, vcc_lo              // 00000000A4B8: D5207C04 01AA0E0D
	s_delay_alu instid0(VALU_DEP_2) | instskip(SKIP_1) | instid1(VALU_DEP_2)// 00000000A4C0: BF870122
	v_add_co_u32 v1, vcc_lo, v1, v8                            // 00000000A4C4: D7006A01 00021101
	s_wait_alu 0xfffd                                          // 00000000A4CC: BF88FFFD
	v_add_co_ci_u32_e64 v4, null, v4, v9, vcc_lo               // 00000000A4D0: D5207C04 01AA1304
	s_wait_alu 0xfffe                                          // 00000000A4D8: BF88FFFE
	s_delay_alu instid0(VALU_DEP_2) | instskip(SKIP_1) | instid1(VALU_DEP_2)// 00000000A4DC: BF870122
	v_add_co_u32 v6, vcc_lo, v1, s2                            // 00000000A4E0: D7006A06 00000501
	s_wait_alu 0xfffd                                          // 00000000A4E8: BF88FFFD
	v_add_co_ci_u32_e64 v7, null, s3, v4, vcc_lo               // 00000000A4EC: D5207C07 01AA0803
	global_store_b32 v[6:7], v3, off offset:320                // 00000000A4F4: EE06807C 01800000 00014006
	s_or_b32 exec_lo, exec_lo, s0                              // 00000000A500: 8C7E007E
	s_and_b32 s1, s6, s8                                       // 00000000A504: 8B010806
	s_wait_alu 0xfffe                                          // 00000000A508: BF88FFFE
	s_and_saveexec_b32 s0, s1                                  // 00000000A50C: BE802001
	s_cbranch_execz 65055                                      // 00000000A510: BFA5FE1F <Cijk_Ailk_Bljk_SB_MT128x64x8_SN_1LDSB0_APM1_ABV0_ACED0_AF0EM1_AF1EM1_AMAS0_ASE_ASGT_ASLT_ASM_ASAE01_ASCE01_ASEM1_AAC0_BL0_BS1_CLR0_DTLA0_DTLB0_DTVA0_DTVB0_DVO0_ETSP_EPS0_ELFLR0_EMLL0_FSSC10_FL0_GLVWA1_GLVWB1_GRCGA1_GRCGB1_GRPM1_GRVW1_GSU1_GSUASB_GLS0_ISA000_IU1_K1_KLS_LBSPPA0_LBSPPB0_LPA0_LPB0_LDL1_LRVW1_LWPMn1_LDW0_FMA_MIAV0_MDA2_MO40_MMFSC_MKFGSU256_NTA0_NTB0_NTC0_NTD0_NEPBS0_NLCA1_NLCB1_ONLL1_OPLV0_PK0_PAP0_PGR0_PLR0_PKA0_SIA1_SLW1_SS0_SU32_SUM0_SUS256_SCIUI1_SPO0_SRVW0_SSO0_SVW4_SNLL0_TSGRA0_TSGRB0_TT8_4_TLDS0_UMLDSA0_UMLDSB0_U64SL1_USFGRO0_VAW1_VS1_VW1_VWB1_VFLRP0_WSGRA0_WSGRB0_WS64_WG16_16_1_WGM8+0x3190>
	v_mov_b32_e32 v1, 0                                        // 00000000A514: 7E020280
	s_cmp_neq_f32 s21, 0                                       // 00000000A518: BF4D8015
	s_mov_b32 s1, 0                                            // 00000000A51C: BE810080
	s_cbranch_scc1 204                                         // 00000000A520: BFA200CC <Cijk_Ailk_Bljk_SB_MT128x64x8_SN_1LDSB0_APM1_ABV0_ACED0_AF0EM1_AF1EM1_AMAS0_ASE_ASGT_ASLT_ASM_ASAE01_ASCE01_ASEM1_AAC0_BL0_BS1_CLR0_DTLA0_DTLB0_DTVA0_DTVB0_DVO0_ETSP_EPS0_ELFLR0_EMLL0_FSSC10_FL0_GLVWA1_GLVWB1_GRCGA1_GRCGB1_GRPM1_GRVW1_GSU1_GSUASB_GLS0_ISA000_IU1_K1_KLS_LBSPPA0_LBSPPB0_LPA0_LPB0_LDL1_LRVW1_LWPMn1_LDW0_FMA_MIAV0_MDA2_MO40_MMFSC_MKFGSU256_NTA0_NTB0_NTC0_NTD0_NEPBS0_NLCA1_NLCB1_ONLL1_OPLV0_PK0_PAP0_PGR0_PLR0_PKA0_SIA1_SLW1_SS0_SU32_SUM0_SUS256_SCIUI1_SPO0_SRVW0_SSO0_SVW4_SNLL0_TSGRA0_TSGRB0_TT8_4_TLDS0_UMLDSA0_UMLDSB0_U64SL1_USFGRO0_VAW1_VS1_VW1_VWB1_VFLRP0_WSGRA0_WSGRB0_WS64_WG16_16_1_WGM8+0x3c54>
	v_mul_f32_e32 v3, s20, v13                                 // 00000000A524: 10061A14
	s_wait_alu 0xfffe                                          // 00000000A528: BF88FFFE
	s_and_not1_b32 vcc_lo, exec_lo, s1                         // 00000000A52C: 916A017E
	s_wait_alu 0xfffe                                          // 00000000A530: BF88FFFE
	s_cbranch_vccnz 34                                         // 00000000A534: BFA40022 <Cijk_Ailk_Bljk_SB_MT128x64x8_SN_1LDSB0_APM1_ABV0_ACED0_AF0EM1_AF1EM1_AMAS0_ASE_ASGT_ASLT_ASM_ASAE01_ASCE01_ASEM1_AAC0_BL0_BS1_CLR0_DTLA0_DTLB0_DTVA0_DTVB0_DVO0_ETSP_EPS0_ELFLR0_EMLL0_FSSC10_FL0_GLVWA1_GLVWB1_GRCGA1_GRCGB1_GRPM1_GRVW1_GSU1_GSUASB_GLS0_ISA000_IU1_K1_KLS_LBSPPA0_LBSPPB0_LPA0_LPB0_LDL1_LRVW1_LWPMn1_LDW0_FMA_MIAV0_MDA2_MO40_MMFSC_MKFGSU256_NTA0_NTB0_NTC0_NTD0_NEPBS0_NLCA1_NLCB1_ONLL1_OPLV0_PK0_PAP0_PGR0_PLR0_PKA0_SIA1_SLW1_SS0_SU32_SUM0_SUS256_SCIUI1_SPO0_SRVW0_SSO0_SVW4_SNLL0_TSGRA0_TSGRB0_TT8_4_TLDS0_UMLDSA0_UMLDSB0_U64SL1_USFGRO0_VAW1_VS1_VW1_VWB1_VFLRP0_WSGRA0_WSGRB0_WS64_WG16_16_1_WGM8+0x39c0>
	v_mad_co_u64_u32 v[6:7], null, v5, s24, 0                  // 00000000A538: D6FE7C06 02003105
	v_lshlrev_b64_e32 v[8:9], 2, v[0:1]                        // 00000000A540: 3E100082
	s_mov_b32 s3, 0                                            // 00000000A544: BE830080
	s_mov_b32 s2, s25                                          // 00000000A548: BE820019
	s_wait_alu 0xfffe                                          // 00000000A54C: BF88FFFE
	s_mul_u64 s[2:3], s[10:11], s[2:3]                         // 00000000A550: AA82020A
	s_wait_alu 0xfffe                                          // 00000000A554: BF88FFFE
	s_lshl_b64 s[2:3], s[2:3], 2                               // 00000000A558: 84828202
	v_lshlrev_b64_e32 v[6:7], 2, v[6:7]                        // 00000000A55C: 3E0C0C82
	s_delay_alu instid0(VALU_DEP_1) | instskip(SKIP_1) | instid1(VALU_DEP_2)// 00000000A560: BF870121
	v_add_co_u32 v4, vcc_lo, s14, v6                           // 00000000A564: D7006A04 00020C0E
	s_wait_alu 0xfffd                                          // 00000000A56C: BF88FFFD
	v_add_co_ci_u32_e64 v6, null, s15, v7, vcc_lo              // 00000000A570: D5207C06 01AA0E0F
	s_delay_alu instid0(VALU_DEP_2) | instskip(SKIP_1) | instid1(VALU_DEP_2)// 00000000A578: BF870122
	v_add_co_u32 v4, vcc_lo, v4, v8                            // 00000000A57C: D7006A04 00021104
	s_wait_alu 0xfffd                                          // 00000000A584: BF88FFFD
	v_add_co_ci_u32_e64 v7, null, v6, v9, vcc_lo               // 00000000A588: D5207C07 01AA1306
	s_wait_alu 0xfffe                                          // 00000000A590: BF88FFFE
	s_delay_alu instid0(VALU_DEP_2) | instskip(SKIP_1) | instid1(VALU_DEP_2)// 00000000A594: BF870122
	v_add_co_u32 v6, vcc_lo, v4, s2                            // 00000000A598: D7006A06 00000504
	s_wait_alu 0xfffd                                          // 00000000A5A0: BF88FFFD
	v_add_co_ci_u32_e64 v7, null, s3, v7, vcc_lo               // 00000000A5A4: D5207C07 01AA0E03
	global_load_b32 v4, v[6:7], off offset:384                 // 00000000A5AC: EE05007C 00000004 00018006
	s_wait_loadcnt 0x0                                         // 00000000A5B8: BFC00000
	v_fmac_f32_e32 v3, s21, v4                                 // 00000000A5BC: 56060815
	v_mad_co_u64_u32 v[6:7], null, v5, s22, 0                  // 00000000A5C0: D6FE7C06 02002D05
	v_lshlrev_b64_e32 v[8:9], 2, v[0:1]                        // 00000000A5C8: 3E100082
	s_mov_b32 s3, 0                                            // 00000000A5CC: BE830080
	s_mov_b32 s2, s23                                          // 00000000A5D0: BE820017
	s_wait_alu 0xfffe                                          // 00000000A5D4: BF88FFFE
	s_mul_u64 s[2:3], s[10:11], s[2:3]                         // 00000000A5D8: AA82020A
	s_wait_alu 0xfffe                                          // 00000000A5DC: BF88FFFE
	s_lshl_b64 s[2:3], s[2:3], 2                               // 00000000A5E0: 84828202
	v_lshlrev_b64_e32 v[6:7], 2, v[6:7]                        // 00000000A5E4: 3E0C0C82
	s_delay_alu instid0(VALU_DEP_1) | instskip(SKIP_1) | instid1(VALU_DEP_2)// 00000000A5E8: BF870121
	v_add_co_u32 v1, vcc_lo, s12, v6                           // 00000000A5EC: D7006A01 00020C0C
	s_wait_alu 0xfffd                                          // 00000000A5F4: BF88FFFD
	v_add_co_ci_u32_e64 v4, null, s13, v7, vcc_lo              // 00000000A5F8: D5207C04 01AA0E0D
	s_delay_alu instid0(VALU_DEP_2) | instskip(SKIP_1) | instid1(VALU_DEP_2)// 00000000A600: BF870122
	v_add_co_u32 v1, vcc_lo, v1, v8                            // 00000000A604: D7006A01 00021101
	s_wait_alu 0xfffd                                          // 00000000A60C: BF88FFFD
	v_add_co_ci_u32_e64 v4, null, v4, v9, vcc_lo               // 00000000A610: D5207C04 01AA1304
	s_wait_alu 0xfffe                                          // 00000000A618: BF88FFFE
	s_delay_alu instid0(VALU_DEP_2) | instskip(SKIP_1) | instid1(VALU_DEP_2)// 00000000A61C: BF870122
	v_add_co_u32 v6, vcc_lo, v1, s2                            // 00000000A620: D7006A06 00000501
	s_wait_alu 0xfffd                                          // 00000000A628: BF88FFFD
	v_add_co_ci_u32_e64 v7, null, s3, v4, vcc_lo               // 00000000A62C: D5207C07 01AA0803
	global_store_b32 v[6:7], v3, off offset:384                // 00000000A634: EE06807C 01800000 00018006
	s_or_b32 exec_lo, exec_lo, s0                              // 00000000A640: 8C7E007E
	s_and_b32 s0, s7, s8                                       // 00000000A644: 8B000807
	s_wait_alu 0xfffe                                          // 00000000A648: BF88FFFE
	s_and_saveexec_b32 s1, s0                                  // 00000000A64C: BE812000
	s_cbranch_execz 64981                                      // 00000000A650: BFA5FDD5 <Cijk_Ailk_Bljk_SB_MT128x64x8_SN_1LDSB0_APM1_ABV0_ACED0_AF0EM1_AF1EM1_AMAS0_ASE_ASGT_ASLT_ASM_ASAE01_ASCE01_ASEM1_AAC0_BL0_BS1_CLR0_DTLA0_DTLB0_DTVA0_DTVB0_DVO0_ETSP_EPS0_ELFLR0_EMLL0_FSSC10_FL0_GLVWA1_GLVWB1_GRCGA1_GRCGB1_GRPM1_GRVW1_GSU1_GSUASB_GLS0_ISA000_IU1_K1_KLS_LBSPPA0_LBSPPB0_LPA0_LPB0_LDL1_LRVW1_LWPMn1_LDW0_FMA_MIAV0_MDA2_MO40_MMFSC_MKFGSU256_NTA0_NTB0_NTC0_NTD0_NEPBS0_NLCA1_NLCB1_ONLL1_OPLV0_PK0_PAP0_PGR0_PLR0_PKA0_SIA1_SLW1_SS0_SU32_SUM0_SUS256_SCIUI1_SPO0_SRVW0_SSO0_SVW4_SNLL0_TSGRA0_TSGRB0_TT8_4_TLDS0_UMLDSA0_UMLDSB0_U64SL1_USFGRO0_VAW1_VS1_VW1_VWB1_VFLRP0_WSGRA0_WSGRB0_WS64_WG16_16_1_WGM8+0x31a8>
	v_mov_b32_e32 v1, 0                                        // 00000000A654: 7E020280
	s_cmp_neq_f32 s21, 0                                       // 00000000A658: BF4D8015
	s_mov_b32 s0, 0                                            // 00000000A65C: BE800080
	s_cbranch_scc1 126                                         // 00000000A660: BFA2007E <Cijk_Ailk_Bljk_SB_MT128x64x8_SN_1LDSB0_APM1_ABV0_ACED0_AF0EM1_AF1EM1_AMAS0_ASE_ASGT_ASLT_ASM_ASAE01_ASCE01_ASEM1_AAC0_BL0_BS1_CLR0_DTLA0_DTLB0_DTVA0_DTVB0_DVO0_ETSP_EPS0_ELFLR0_EMLL0_FSSC10_FL0_GLVWA1_GLVWB1_GRCGA1_GRCGB1_GRPM1_GRVW1_GSU1_GSUASB_GLS0_ISA000_IU1_K1_KLS_LBSPPA0_LBSPPB0_LPA0_LPB0_LDL1_LRVW1_LWPMn1_LDW0_FMA_MIAV0_MDA2_MO40_MMFSC_MKFGSU256_NTA0_NTB0_NTC0_NTD0_NEPBS0_NLCA1_NLCB1_ONLL1_OPLV0_PK0_PAP0_PGR0_PLR0_PKA0_SIA1_SLW1_SS0_SU32_SUM0_SUS256_SCIUI1_SPO0_SRVW0_SSO0_SVW4_SNLL0_TSGRA0_TSGRB0_TT8_4_TLDS0_UMLDSA0_UMLDSB0_U64SL1_USFGRO0_VAW1_VS1_VW1_VWB1_VFLRP0_WSGRA0_WSGRB0_WS64_WG16_16_1_WGM8+0x3c5c>
	v_mul_f32_e32 v2, s20, v2                                  // 00000000A664: 10040414
	s_wait_alu 0xfffe                                          // 00000000A668: BF88FFFE
	s_and_not1_b32 vcc_lo, exec_lo, s0                         // 00000000A66C: 916A007E
	s_wait_alu 0xfffe                                          // 00000000A670: BF88FFFE
	s_cbranch_vccnz 34                                         // 00000000A674: BFA40022 <Cijk_Ailk_Bljk_SB_MT128x64x8_SN_1LDSB0_APM1_ABV0_ACED0_AF0EM1_AF1EM1_AMAS0_ASE_ASGT_ASLT_ASM_ASAE01_ASCE01_ASEM1_AAC0_BL0_BS1_CLR0_DTLA0_DTLB0_DTVA0_DTVB0_DVO0_ETSP_EPS0_ELFLR0_EMLL0_FSSC10_FL0_GLVWA1_GLVWB1_GRCGA1_GRCGB1_GRPM1_GRVW1_GSU1_GSUASB_GLS0_ISA000_IU1_K1_KLS_LBSPPA0_LBSPPB0_LPA0_LPB0_LDL1_LRVW1_LWPMn1_LDW0_FMA_MIAV0_MDA2_MO40_MMFSC_MKFGSU256_NTA0_NTB0_NTC0_NTD0_NEPBS0_NLCA1_NLCB1_ONLL1_OPLV0_PK0_PAP0_PGR0_PLR0_PKA0_SIA1_SLW1_SS0_SU32_SUM0_SUS256_SCIUI1_SPO0_SRVW0_SSO0_SVW4_SNLL0_TSGRA0_TSGRB0_TT8_4_TLDS0_UMLDSA0_UMLDSB0_U64SL1_USFGRO0_VAW1_VS1_VW1_VWB1_VFLRP0_WSGRA0_WSGRB0_WS64_WG16_16_1_WGM8+0x3b00>
	v_mad_co_u64_u32 v[3:4], null, v5, s24, 0                  // 00000000A678: D6FE7C03 02003105
	v_lshlrev_b64_e32 v[6:7], 2, v[0:1]                        // 00000000A680: 3E0C0082
	s_mov_b32 s1, 0                                            // 00000000A684: BE810080
	s_mov_b32 s0, s25                                          // 00000000A688: BE800019
	s_wait_alu 0xfffe                                          // 00000000A68C: BF88FFFE
	s_mul_u64 s[0:1], s[10:11], s[0:1]                         // 00000000A690: AA80000A
	s_wait_alu 0xfffe                                          // 00000000A694: BF88FFFE
	s_lshl_b64 s[0:1], s[0:1], 2                               // 00000000A698: 84808200
	v_lshlrev_b64_e32 v[3:4], 2, v[3:4]                        // 00000000A69C: 3E060682
	s_delay_alu instid0(VALU_DEP_1) | instskip(SKIP_1) | instid1(VALU_DEP_2)// 00000000A6A0: BF870121
	v_add_co_u32 v3, vcc_lo, s14, v3                           // 00000000A6A4: D7006A03 0002060E
	s_wait_alu 0xfffd                                          // 00000000A6AC: BF88FFFD
	v_add_co_ci_u32_e64 v4, null, s15, v4, vcc_lo              // 00000000A6B0: D5207C04 01AA080F
	s_delay_alu instid0(VALU_DEP_2) | instskip(SKIP_1) | instid1(VALU_DEP_2)// 00000000A6B8: BF870122
	v_add_co_u32 v3, vcc_lo, v3, v6                            // 00000000A6BC: D7006A03 00020D03
	s_wait_alu 0xfffd                                          // 00000000A6C4: BF88FFFD
	v_add_co_ci_u32_e64 v4, null, v4, v7, vcc_lo               // 00000000A6C8: D5207C04 01AA0F04
	s_wait_alu 0xfffe                                          // 00000000A6D0: BF88FFFE
	s_delay_alu instid0(VALU_DEP_2) | instskip(SKIP_1) | instid1(VALU_DEP_2)// 00000000A6D4: BF870122
	v_add_co_u32 v3, vcc_lo, v3, s0                            // 00000000A6D8: D7006A03 00000103
	s_wait_alu 0xfffd                                          // 00000000A6E0: BF88FFFD
	v_add_co_ci_u32_e64 v4, null, s1, v4, vcc_lo               // 00000000A6E4: D5207C04 01AA0801
	global_load_b32 v3, v[3:4], off offset:448                 // 00000000A6EC: EE05007C 00000003 0001C003
	s_wait_loadcnt 0x0                                         // 00000000A6F8: BFC00000
	v_fmac_f32_e32 v2, s21, v3                                 // 00000000A6FC: 56040615
	v_mad_co_u64_u32 v[3:4], null, v5, s22, 0                  // 00000000A700: D6FE7C03 02002D05
	v_lshlrev_b64_e32 v[0:1], 2, v[0:1]                        // 00000000A708: 3E000082
	s_mov_b32 s1, 0                                            // 00000000A70C: BE810080
	s_mov_b32 s0, s23                                          // 00000000A710: BE800017
	s_wait_alu 0xfffe                                          // 00000000A714: BF88FFFE
	s_mul_u64 s[0:1], s[10:11], s[0:1]                         // 00000000A718: AA80000A
	s_wait_alu 0xfffe                                          // 00000000A71C: BF88FFFE
	s_lshl_b64 s[0:1], s[0:1], 2                               // 00000000A720: 84808200
	v_lshlrev_b64_e32 v[3:4], 2, v[3:4]                        // 00000000A724: 3E060682
	s_delay_alu instid0(VALU_DEP_1) | instskip(SKIP_1) | instid1(VALU_DEP_2)// 00000000A728: BF870121
	v_add_co_u32 v3, vcc_lo, s12, v3                           // 00000000A72C: D7006A03 0002060C
	s_wait_alu 0xfffd                                          // 00000000A734: BF88FFFD
	v_add_co_ci_u32_e64 v4, null, s13, v4, vcc_lo              // 00000000A738: D5207C04 01AA080D
	s_delay_alu instid0(VALU_DEP_2) | instskip(SKIP_1) | instid1(VALU_DEP_2)// 00000000A740: BF870122
	v_add_co_u32 v0, vcc_lo, v3, v0                            // 00000000A744: D7006A00 00020103
	s_wait_alu 0xfffd                                          // 00000000A74C: BF88FFFD
	v_add_co_ci_u32_e64 v1, null, v4, v1, vcc_lo               // 00000000A750: D5207C01 01AA0304
	s_wait_alu 0xfffe                                          // 00000000A758: BF88FFFE
	s_delay_alu instid0(VALU_DEP_2) | instskip(SKIP_1) | instid1(VALU_DEP_2)// 00000000A75C: BF870122
	v_add_co_u32 v0, vcc_lo, v0, s0                            // 00000000A760: D7006A00 00000100
	s_wait_alu 0xfffd                                          // 00000000A768: BF88FFFD
	v_add_co_ci_u32_e64 v1, null, s1, v1, vcc_lo               // 00000000A76C: D5207C01 01AA0201
	global_store_b32 v[0:1], v2, off offset:448                // 00000000A774: EE06807C 01000000 0001C000
	s_endpgm                                                   // 00000000A780: BFB00000
	v_mul_f32_e32 v3, s20, v44                                 // 00000000A784: 10065814
	s_branch 62908                                             // 00000000A788: BFA0F5BC <Cijk_Ailk_Bljk_SB_MT128x64x8_SN_1LDSB0_APM1_ABV0_ACED0_AF0EM1_AF1EM1_AMAS0_ASE_ASGT_ASLT_ASM_ASAE01_ASCE01_ASEM1_AAC0_BL0_BS1_CLR0_DTLA0_DTLB0_DTVA0_DTVB0_DVO0_ETSP_EPS0_ELFLR0_EMLL0_FSSC10_FL0_GLVWA1_GLVWB1_GRCGA1_GRCGB1_GRPM1_GRVW1_GSU1_GSUASB_GLS0_ISA000_IU1_K1_KLS_LBSPPA0_LBSPPB0_LPA0_LPB0_LDL1_LRVW1_LWPMn1_LDW0_FMA_MIAV0_MDA2_MO40_MMFSC_MKFGSU256_NTA0_NTB0_NTC0_NTD0_NEPBS0_NLCA1_NLCB1_ONLL1_OPLV0_PK0_PAP0_PGR0_PLR0_PKA0_SIA1_SLW1_SS0_SU32_SUM0_SUS256_SCIUI1_SPO0_SRVW0_SSO0_SVW4_SNLL0_TSGRA0_TSGRB0_TT8_4_TLDS0_UMLDSA0_UMLDSB0_U64SL1_USFGRO0_VAW1_VS1_VW1_VWB1_VFLRP0_WSGRA0_WSGRB0_WS64_WG16_16_1_WGM8+0x127c>
	v_mul_f32_e32 v3, s20, v43                                 // 00000000A78C: 10065614
	s_branch 62991                                             // 00000000A790: BFA0F60F <Cijk_Ailk_Bljk_SB_MT128x64x8_SN_1LDSB0_APM1_ABV0_ACED0_AF0EM1_AF1EM1_AMAS0_ASE_ASGT_ASLT_ASM_ASAE01_ASCE01_ASEM1_AAC0_BL0_BS1_CLR0_DTLA0_DTLB0_DTVA0_DTVB0_DVO0_ETSP_EPS0_ELFLR0_EMLL0_FSSC10_FL0_GLVWA1_GLVWB1_GRCGA1_GRCGB1_GRPM1_GRVW1_GSU1_GSUASB_GLS0_ISA000_IU1_K1_KLS_LBSPPA0_LBSPPB0_LPA0_LPB0_LDL1_LRVW1_LWPMn1_LDW0_FMA_MIAV0_MDA2_MO40_MMFSC_MKFGSU256_NTA0_NTB0_NTC0_NTD0_NEPBS0_NLCA1_NLCB1_ONLL1_OPLV0_PK0_PAP0_PGR0_PLR0_PKA0_SIA1_SLW1_SS0_SU32_SUM0_SUS256_SCIUI1_SPO0_SRVW0_SSO0_SVW4_SNLL0_TSGRA0_TSGRB0_TT8_4_TLDS0_UMLDSA0_UMLDSB0_U64SL1_USFGRO0_VAW1_VS1_VW1_VWB1_VFLRP0_WSGRA0_WSGRB0_WS64_WG16_16_1_WGM8+0x13d0>
	v_mul_f32_e32 v3, s20, v42                                 // 00000000A794: 10065414
	s_branch 63074                                             // 00000000A798: BFA0F662 <Cijk_Ailk_Bljk_SB_MT128x64x8_SN_1LDSB0_APM1_ABV0_ACED0_AF0EM1_AF1EM1_AMAS0_ASE_ASGT_ASLT_ASM_ASAE01_ASCE01_ASEM1_AAC0_BL0_BS1_CLR0_DTLA0_DTLB0_DTVA0_DTVB0_DVO0_ETSP_EPS0_ELFLR0_EMLL0_FSSC10_FL0_GLVWA1_GLVWB1_GRCGA1_GRCGB1_GRPM1_GRVW1_GSU1_GSUASB_GLS0_ISA000_IU1_K1_KLS_LBSPPA0_LBSPPB0_LPA0_LPB0_LDL1_LRVW1_LWPMn1_LDW0_FMA_MIAV0_MDA2_MO40_MMFSC_MKFGSU256_NTA0_NTB0_NTC0_NTD0_NEPBS0_NLCA1_NLCB1_ONLL1_OPLV0_PK0_PAP0_PGR0_PLR0_PKA0_SIA1_SLW1_SS0_SU32_SUM0_SUS256_SCIUI1_SPO0_SRVW0_SSO0_SVW4_SNLL0_TSGRA0_TSGRB0_TT8_4_TLDS0_UMLDSA0_UMLDSB0_U64SL1_USFGRO0_VAW1_VS1_VW1_VWB1_VFLRP0_WSGRA0_WSGRB0_WS64_WG16_16_1_WGM8+0x1524>
	v_mul_f32_e32 v3, s20, v39                                 // 00000000A79C: 10064E14
	s_branch 63157                                             // 00000000A7A0: BFA0F6B5 <Cijk_Ailk_Bljk_SB_MT128x64x8_SN_1LDSB0_APM1_ABV0_ACED0_AF0EM1_AF1EM1_AMAS0_ASE_ASGT_ASLT_ASM_ASAE01_ASCE01_ASEM1_AAC0_BL0_BS1_CLR0_DTLA0_DTLB0_DTVA0_DTVB0_DVO0_ETSP_EPS0_ELFLR0_EMLL0_FSSC10_FL0_GLVWA1_GLVWB1_GRCGA1_GRCGB1_GRPM1_GRVW1_GSU1_GSUASB_GLS0_ISA000_IU1_K1_KLS_LBSPPA0_LBSPPB0_LPA0_LPB0_LDL1_LRVW1_LWPMn1_LDW0_FMA_MIAV0_MDA2_MO40_MMFSC_MKFGSU256_NTA0_NTB0_NTC0_NTD0_NEPBS0_NLCA1_NLCB1_ONLL1_OPLV0_PK0_PAP0_PGR0_PLR0_PKA0_SIA1_SLW1_SS0_SU32_SUM0_SUS256_SCIUI1_SPO0_SRVW0_SSO0_SVW4_SNLL0_TSGRA0_TSGRB0_TT8_4_TLDS0_UMLDSA0_UMLDSB0_U64SL1_USFGRO0_VAW1_VS1_VW1_VWB1_VFLRP0_WSGRA0_WSGRB0_WS64_WG16_16_1_WGM8+0x1678>
	v_mul_f32_e32 v3, s20, v38                                 // 00000000A7A4: 10064C14
	s_branch 63241                                             // 00000000A7A8: BFA0F709 <Cijk_Ailk_Bljk_SB_MT128x64x8_SN_1LDSB0_APM1_ABV0_ACED0_AF0EM1_AF1EM1_AMAS0_ASE_ASGT_ASLT_ASM_ASAE01_ASCE01_ASEM1_AAC0_BL0_BS1_CLR0_DTLA0_DTLB0_DTVA0_DTVB0_DVO0_ETSP_EPS0_ELFLR0_EMLL0_FSSC10_FL0_GLVWA1_GLVWB1_GRCGA1_GRCGB1_GRPM1_GRVW1_GSU1_GSUASB_GLS0_ISA000_IU1_K1_KLS_LBSPPA0_LBSPPB0_LPA0_LPB0_LDL1_LRVW1_LWPMn1_LDW0_FMA_MIAV0_MDA2_MO40_MMFSC_MKFGSU256_NTA0_NTB0_NTC0_NTD0_NEPBS0_NLCA1_NLCB1_ONLL1_OPLV0_PK0_PAP0_PGR0_PLR0_PKA0_SIA1_SLW1_SS0_SU32_SUM0_SUS256_SCIUI1_SPO0_SRVW0_SSO0_SVW4_SNLL0_TSGRA0_TSGRB0_TT8_4_TLDS0_UMLDSA0_UMLDSB0_U64SL1_USFGRO0_VAW1_VS1_VW1_VWB1_VFLRP0_WSGRA0_WSGRB0_WS64_WG16_16_1_WGM8+0x17d0>
	v_mul_f32_e32 v3, s20, v37                                 // 00000000A7AC: 10064A14
	s_branch 63325                                             // 00000000A7B0: BFA0F75D <Cijk_Ailk_Bljk_SB_MT128x64x8_SN_1LDSB0_APM1_ABV0_ACED0_AF0EM1_AF1EM1_AMAS0_ASE_ASGT_ASLT_ASM_ASAE01_ASCE01_ASEM1_AAC0_BL0_BS1_CLR0_DTLA0_DTLB0_DTVA0_DTVB0_DVO0_ETSP_EPS0_ELFLR0_EMLL0_FSSC10_FL0_GLVWA1_GLVWB1_GRCGA1_GRCGB1_GRPM1_GRVW1_GSU1_GSUASB_GLS0_ISA000_IU1_K1_KLS_LBSPPA0_LBSPPB0_LPA0_LPB0_LDL1_LRVW1_LWPMn1_LDW0_FMA_MIAV0_MDA2_MO40_MMFSC_MKFGSU256_NTA0_NTB0_NTC0_NTD0_NEPBS0_NLCA1_NLCB1_ONLL1_OPLV0_PK0_PAP0_PGR0_PLR0_PKA0_SIA1_SLW1_SS0_SU32_SUM0_SUS256_SCIUI1_SPO0_SRVW0_SSO0_SVW4_SNLL0_TSGRA0_TSGRB0_TT8_4_TLDS0_UMLDSA0_UMLDSB0_U64SL1_USFGRO0_VAW1_VS1_VW1_VWB1_VFLRP0_WSGRA0_WSGRB0_WS64_WG16_16_1_WGM8+0x1928>
	v_mul_f32_e32 v3, s20, v36                                 // 00000000A7B4: 10064814
	s_branch 63409                                             // 00000000A7B8: BFA0F7B1 <Cijk_Ailk_Bljk_SB_MT128x64x8_SN_1LDSB0_APM1_ABV0_ACED0_AF0EM1_AF1EM1_AMAS0_ASE_ASGT_ASLT_ASM_ASAE01_ASCE01_ASEM1_AAC0_BL0_BS1_CLR0_DTLA0_DTLB0_DTVA0_DTVB0_DVO0_ETSP_EPS0_ELFLR0_EMLL0_FSSC10_FL0_GLVWA1_GLVWB1_GRCGA1_GRCGB1_GRPM1_GRVW1_GSU1_GSUASB_GLS0_ISA000_IU1_K1_KLS_LBSPPA0_LBSPPB0_LPA0_LPB0_LDL1_LRVW1_LWPMn1_LDW0_FMA_MIAV0_MDA2_MO40_MMFSC_MKFGSU256_NTA0_NTB0_NTC0_NTD0_NEPBS0_NLCA1_NLCB1_ONLL1_OPLV0_PK0_PAP0_PGR0_PLR0_PKA0_SIA1_SLW1_SS0_SU32_SUM0_SUS256_SCIUI1_SPO0_SRVW0_SSO0_SVW4_SNLL0_TSGRA0_TSGRB0_TT8_4_TLDS0_UMLDSA0_UMLDSB0_U64SL1_USFGRO0_VAW1_VS1_VW1_VWB1_VFLRP0_WSGRA0_WSGRB0_WS64_WG16_16_1_WGM8+0x1a80>
	v_mul_f32_e32 v3, s20, v34                                 // 00000000A7BC: 10064414
	s_branch 63609                                             // 00000000A7C0: BFA0F879 <Cijk_Ailk_Bljk_SB_MT128x64x8_SN_1LDSB0_APM1_ABV0_ACED0_AF0EM1_AF1EM1_AMAS0_ASE_ASGT_ASLT_ASM_ASAE01_ASCE01_ASEM1_AAC0_BL0_BS1_CLR0_DTLA0_DTLB0_DTVA0_DTVB0_DVO0_ETSP_EPS0_ELFLR0_EMLL0_FSSC10_FL0_GLVWA1_GLVWB1_GRCGA1_GRCGB1_GRPM1_GRVW1_GSU1_GSUASB_GLS0_ISA000_IU1_K1_KLS_LBSPPA0_LBSPPB0_LPA0_LPB0_LDL1_LRVW1_LWPMn1_LDW0_FMA_MIAV0_MDA2_MO40_MMFSC_MKFGSU256_NTA0_NTB0_NTC0_NTD0_NEPBS0_NLCA1_NLCB1_ONLL1_OPLV0_PK0_PAP0_PGR0_PLR0_PKA0_SIA1_SLW1_SS0_SU32_SUM0_SUS256_SCIUI1_SPO0_SRVW0_SSO0_SVW4_SNLL0_TSGRA0_TSGRB0_TT8_4_TLDS0_UMLDSA0_UMLDSB0_U64SL1_USFGRO0_VAW1_VS1_VW1_VWB1_VFLRP0_WSGRA0_WSGRB0_WS64_WG16_16_1_WGM8+0x1da8>
	v_mul_f32_e32 v3, s20, v33                                 // 00000000A7C4: 10064214
	s_branch 63687                                             // 00000000A7C8: BFA0F8C7 <Cijk_Ailk_Bljk_SB_MT128x64x8_SN_1LDSB0_APM1_ABV0_ACED0_AF0EM1_AF1EM1_AMAS0_ASE_ASGT_ASLT_ASM_ASAE01_ASCE01_ASEM1_AAC0_BL0_BS1_CLR0_DTLA0_DTLB0_DTVA0_DTVB0_DVO0_ETSP_EPS0_ELFLR0_EMLL0_FSSC10_FL0_GLVWA1_GLVWB1_GRCGA1_GRCGB1_GRPM1_GRVW1_GSU1_GSUASB_GLS0_ISA000_IU1_K1_KLS_LBSPPA0_LBSPPB0_LPA0_LPB0_LDL1_LRVW1_LWPMn1_LDW0_FMA_MIAV0_MDA2_MO40_MMFSC_MKFGSU256_NTA0_NTB0_NTC0_NTD0_NEPBS0_NLCA1_NLCB1_ONLL1_OPLV0_PK0_PAP0_PGR0_PLR0_PKA0_SIA1_SLW1_SS0_SU32_SUM0_SUS256_SCIUI1_SPO0_SRVW0_SSO0_SVW4_SNLL0_TSGRA0_TSGRB0_TT8_4_TLDS0_UMLDSA0_UMLDSB0_U64SL1_USFGRO0_VAW1_VS1_VW1_VWB1_VFLRP0_WSGRA0_WSGRB0_WS64_WG16_16_1_WGM8+0x1ee8>
	v_mul_f32_e32 v3, s20, v32                                 // 00000000A7CC: 10064014
	s_branch 63765                                             // 00000000A7D0: BFA0F915 <Cijk_Ailk_Bljk_SB_MT128x64x8_SN_1LDSB0_APM1_ABV0_ACED0_AF0EM1_AF1EM1_AMAS0_ASE_ASGT_ASLT_ASM_ASAE01_ASCE01_ASEM1_AAC0_BL0_BS1_CLR0_DTLA0_DTLB0_DTVA0_DTVB0_DVO0_ETSP_EPS0_ELFLR0_EMLL0_FSSC10_FL0_GLVWA1_GLVWB1_GRCGA1_GRCGB1_GRPM1_GRVW1_GSU1_GSUASB_GLS0_ISA000_IU1_K1_KLS_LBSPPA0_LBSPPB0_LPA0_LPB0_LDL1_LRVW1_LWPMn1_LDW0_FMA_MIAV0_MDA2_MO40_MMFSC_MKFGSU256_NTA0_NTB0_NTC0_NTD0_NEPBS0_NLCA1_NLCB1_ONLL1_OPLV0_PK0_PAP0_PGR0_PLR0_PKA0_SIA1_SLW1_SS0_SU32_SUM0_SUS256_SCIUI1_SPO0_SRVW0_SSO0_SVW4_SNLL0_TSGRA0_TSGRB0_TT8_4_TLDS0_UMLDSA0_UMLDSB0_U64SL1_USFGRO0_VAW1_VS1_VW1_VWB1_VFLRP0_WSGRA0_WSGRB0_WS64_WG16_16_1_WGM8+0x2028>
	v_mul_f32_e32 v3, s20, v31                                 // 00000000A7D4: 10063E14
	s_branch 63843                                             // 00000000A7D8: BFA0F963 <Cijk_Ailk_Bljk_SB_MT128x64x8_SN_1LDSB0_APM1_ABV0_ACED0_AF0EM1_AF1EM1_AMAS0_ASE_ASGT_ASLT_ASM_ASAE01_ASCE01_ASEM1_AAC0_BL0_BS1_CLR0_DTLA0_DTLB0_DTVA0_DTVB0_DVO0_ETSP_EPS0_ELFLR0_EMLL0_FSSC10_FL0_GLVWA1_GLVWB1_GRCGA1_GRCGB1_GRPM1_GRVW1_GSU1_GSUASB_GLS0_ISA000_IU1_K1_KLS_LBSPPA0_LBSPPB0_LPA0_LPB0_LDL1_LRVW1_LWPMn1_LDW0_FMA_MIAV0_MDA2_MO40_MMFSC_MKFGSU256_NTA0_NTB0_NTC0_NTD0_NEPBS0_NLCA1_NLCB1_ONLL1_OPLV0_PK0_PAP0_PGR0_PLR0_PKA0_SIA1_SLW1_SS0_SU32_SUM0_SUS256_SCIUI1_SPO0_SRVW0_SSO0_SVW4_SNLL0_TSGRA0_TSGRB0_TT8_4_TLDS0_UMLDSA0_UMLDSB0_U64SL1_USFGRO0_VAW1_VS1_VW1_VWB1_VFLRP0_WSGRA0_WSGRB0_WS64_WG16_16_1_WGM8+0x2168>
	v_mul_f32_e32 v3, s20, v30                                 // 00000000A7DC: 10063C14
	s_branch 63921                                             // 00000000A7E0: BFA0F9B1 <Cijk_Ailk_Bljk_SB_MT128x64x8_SN_1LDSB0_APM1_ABV0_ACED0_AF0EM1_AF1EM1_AMAS0_ASE_ASGT_ASLT_ASM_ASAE01_ASCE01_ASEM1_AAC0_BL0_BS1_CLR0_DTLA0_DTLB0_DTVA0_DTVB0_DVO0_ETSP_EPS0_ELFLR0_EMLL0_FSSC10_FL0_GLVWA1_GLVWB1_GRCGA1_GRCGB1_GRPM1_GRVW1_GSU1_GSUASB_GLS0_ISA000_IU1_K1_KLS_LBSPPA0_LBSPPB0_LPA0_LPB0_LDL1_LRVW1_LWPMn1_LDW0_FMA_MIAV0_MDA2_MO40_MMFSC_MKFGSU256_NTA0_NTB0_NTC0_NTD0_NEPBS0_NLCA1_NLCB1_ONLL1_OPLV0_PK0_PAP0_PGR0_PLR0_PKA0_SIA1_SLW1_SS0_SU32_SUM0_SUS256_SCIUI1_SPO0_SRVW0_SSO0_SVW4_SNLL0_TSGRA0_TSGRB0_TT8_4_TLDS0_UMLDSA0_UMLDSB0_U64SL1_USFGRO0_VAW1_VS1_VW1_VWB1_VFLRP0_WSGRA0_WSGRB0_WS64_WG16_16_1_WGM8+0x22a8>
	v_mul_f32_e32 v3, s20, v29                                 // 00000000A7E4: 10063A14
	s_branch 63999                                             // 00000000A7E8: BFA0F9FF <Cijk_Ailk_Bljk_SB_MT128x64x8_SN_1LDSB0_APM1_ABV0_ACED0_AF0EM1_AF1EM1_AMAS0_ASE_ASGT_ASLT_ASM_ASAE01_ASCE01_ASEM1_AAC0_BL0_BS1_CLR0_DTLA0_DTLB0_DTVA0_DTVB0_DVO0_ETSP_EPS0_ELFLR0_EMLL0_FSSC10_FL0_GLVWA1_GLVWB1_GRCGA1_GRCGB1_GRPM1_GRVW1_GSU1_GSUASB_GLS0_ISA000_IU1_K1_KLS_LBSPPA0_LBSPPB0_LPA0_LPB0_LDL1_LRVW1_LWPMn1_LDW0_FMA_MIAV0_MDA2_MO40_MMFSC_MKFGSU256_NTA0_NTB0_NTC0_NTD0_NEPBS0_NLCA1_NLCB1_ONLL1_OPLV0_PK0_PAP0_PGR0_PLR0_PKA0_SIA1_SLW1_SS0_SU32_SUM0_SUS256_SCIUI1_SPO0_SRVW0_SSO0_SVW4_SNLL0_TSGRA0_TSGRB0_TT8_4_TLDS0_UMLDSA0_UMLDSB0_U64SL1_USFGRO0_VAW1_VS1_VW1_VWB1_VFLRP0_WSGRA0_WSGRB0_WS64_WG16_16_1_WGM8+0x23e8>
	v_mul_f32_e32 v3, s20, v28                                 // 00000000A7EC: 10063814
	s_branch 64077                                             // 00000000A7F0: BFA0FA4D <Cijk_Ailk_Bljk_SB_MT128x64x8_SN_1LDSB0_APM1_ABV0_ACED0_AF0EM1_AF1EM1_AMAS0_ASE_ASGT_ASLT_ASM_ASAE01_ASCE01_ASEM1_AAC0_BL0_BS1_CLR0_DTLA0_DTLB0_DTVA0_DTVB0_DVO0_ETSP_EPS0_ELFLR0_EMLL0_FSSC10_FL0_GLVWA1_GLVWB1_GRCGA1_GRCGB1_GRPM1_GRVW1_GSU1_GSUASB_GLS0_ISA000_IU1_K1_KLS_LBSPPA0_LBSPPB0_LPA0_LPB0_LDL1_LRVW1_LWPMn1_LDW0_FMA_MIAV0_MDA2_MO40_MMFSC_MKFGSU256_NTA0_NTB0_NTC0_NTD0_NEPBS0_NLCA1_NLCB1_ONLL1_OPLV0_PK0_PAP0_PGR0_PLR0_PKA0_SIA1_SLW1_SS0_SU32_SUM0_SUS256_SCIUI1_SPO0_SRVW0_SSO0_SVW4_SNLL0_TSGRA0_TSGRB0_TT8_4_TLDS0_UMLDSA0_UMLDSB0_U64SL1_USFGRO0_VAW1_VS1_VW1_VWB1_VFLRP0_WSGRA0_WSGRB0_WS64_WG16_16_1_WGM8+0x2528>
	v_mul_f32_e32 v3, s20, v26                                 // 00000000A7F4: 10063414
	s_branch 64277                                             // 00000000A7F8: BFA0FB15 <Cijk_Ailk_Bljk_SB_MT128x64x8_SN_1LDSB0_APM1_ABV0_ACED0_AF0EM1_AF1EM1_AMAS0_ASE_ASGT_ASLT_ASM_ASAE01_ASCE01_ASEM1_AAC0_BL0_BS1_CLR0_DTLA0_DTLB0_DTVA0_DTVB0_DVO0_ETSP_EPS0_ELFLR0_EMLL0_FSSC10_FL0_GLVWA1_GLVWB1_GRCGA1_GRCGB1_GRPM1_GRVW1_GSU1_GSUASB_GLS0_ISA000_IU1_K1_KLS_LBSPPA0_LBSPPB0_LPA0_LPB0_LDL1_LRVW1_LWPMn1_LDW0_FMA_MIAV0_MDA2_MO40_MMFSC_MKFGSU256_NTA0_NTB0_NTC0_NTD0_NEPBS0_NLCA1_NLCB1_ONLL1_OPLV0_PK0_PAP0_PGR0_PLR0_PKA0_SIA1_SLW1_SS0_SU32_SUM0_SUS256_SCIUI1_SPO0_SRVW0_SSO0_SVW4_SNLL0_TSGRA0_TSGRB0_TT8_4_TLDS0_UMLDSA0_UMLDSB0_U64SL1_USFGRO0_VAW1_VS1_VW1_VWB1_VFLRP0_WSGRA0_WSGRB0_WS64_WG16_16_1_WGM8+0x2850>
	v_mul_f32_e32 v3, s20, v25                                 // 00000000A7FC: 10063214
	s_branch 64355                                             // 00000000A800: BFA0FB63 <Cijk_Ailk_Bljk_SB_MT128x64x8_SN_1LDSB0_APM1_ABV0_ACED0_AF0EM1_AF1EM1_AMAS0_ASE_ASGT_ASLT_ASM_ASAE01_ASCE01_ASEM1_AAC0_BL0_BS1_CLR0_DTLA0_DTLB0_DTVA0_DTVB0_DVO0_ETSP_EPS0_ELFLR0_EMLL0_FSSC10_FL0_GLVWA1_GLVWB1_GRCGA1_GRCGB1_GRPM1_GRVW1_GSU1_GSUASB_GLS0_ISA000_IU1_K1_KLS_LBSPPA0_LBSPPB0_LPA0_LPB0_LDL1_LRVW1_LWPMn1_LDW0_FMA_MIAV0_MDA2_MO40_MMFSC_MKFGSU256_NTA0_NTB0_NTC0_NTD0_NEPBS0_NLCA1_NLCB1_ONLL1_OPLV0_PK0_PAP0_PGR0_PLR0_PKA0_SIA1_SLW1_SS0_SU32_SUM0_SUS256_SCIUI1_SPO0_SRVW0_SSO0_SVW4_SNLL0_TSGRA0_TSGRB0_TT8_4_TLDS0_UMLDSA0_UMLDSB0_U64SL1_USFGRO0_VAW1_VS1_VW1_VWB1_VFLRP0_WSGRA0_WSGRB0_WS64_WG16_16_1_WGM8+0x2990>
	v_mul_f32_e32 v3, s20, v24                                 // 00000000A804: 10063014
	s_branch 64433                                             // 00000000A808: BFA0FBB1 <Cijk_Ailk_Bljk_SB_MT128x64x8_SN_1LDSB0_APM1_ABV0_ACED0_AF0EM1_AF1EM1_AMAS0_ASE_ASGT_ASLT_ASM_ASAE01_ASCE01_ASEM1_AAC0_BL0_BS1_CLR0_DTLA0_DTLB0_DTVA0_DTVB0_DVO0_ETSP_EPS0_ELFLR0_EMLL0_FSSC10_FL0_GLVWA1_GLVWB1_GRCGA1_GRCGB1_GRPM1_GRVW1_GSU1_GSUASB_GLS0_ISA000_IU1_K1_KLS_LBSPPA0_LBSPPB0_LPA0_LPB0_LDL1_LRVW1_LWPMn1_LDW0_FMA_MIAV0_MDA2_MO40_MMFSC_MKFGSU256_NTA0_NTB0_NTC0_NTD0_NEPBS0_NLCA1_NLCB1_ONLL1_OPLV0_PK0_PAP0_PGR0_PLR0_PKA0_SIA1_SLW1_SS0_SU32_SUM0_SUS256_SCIUI1_SPO0_SRVW0_SSO0_SVW4_SNLL0_TSGRA0_TSGRB0_TT8_4_TLDS0_UMLDSA0_UMLDSB0_U64SL1_USFGRO0_VAW1_VS1_VW1_VWB1_VFLRP0_WSGRA0_WSGRB0_WS64_WG16_16_1_WGM8+0x2ad0>
	v_mul_f32_e32 v3, s20, v23                                 // 00000000A80C: 10062E14
	s_branch 64511                                             // 00000000A810: BFA0FBFF <Cijk_Ailk_Bljk_SB_MT128x64x8_SN_1LDSB0_APM1_ABV0_ACED0_AF0EM1_AF1EM1_AMAS0_ASE_ASGT_ASLT_ASM_ASAE01_ASCE01_ASEM1_AAC0_BL0_BS1_CLR0_DTLA0_DTLB0_DTVA0_DTVB0_DVO0_ETSP_EPS0_ELFLR0_EMLL0_FSSC10_FL0_GLVWA1_GLVWB1_GRCGA1_GRCGB1_GRPM1_GRVW1_GSU1_GSUASB_GLS0_ISA000_IU1_K1_KLS_LBSPPA0_LBSPPB0_LPA0_LPB0_LDL1_LRVW1_LWPMn1_LDW0_FMA_MIAV0_MDA2_MO40_MMFSC_MKFGSU256_NTA0_NTB0_NTC0_NTD0_NEPBS0_NLCA1_NLCB1_ONLL1_OPLV0_PK0_PAP0_PGR0_PLR0_PKA0_SIA1_SLW1_SS0_SU32_SUM0_SUS256_SCIUI1_SPO0_SRVW0_SSO0_SVW4_SNLL0_TSGRA0_TSGRB0_TT8_4_TLDS0_UMLDSA0_UMLDSB0_U64SL1_USFGRO0_VAW1_VS1_VW1_VWB1_VFLRP0_WSGRA0_WSGRB0_WS64_WG16_16_1_WGM8+0x2c10>
	v_mul_f32_e32 v3, s20, v22                                 // 00000000A814: 10062C14
	s_branch 64589                                             // 00000000A818: BFA0FC4D <Cijk_Ailk_Bljk_SB_MT128x64x8_SN_1LDSB0_APM1_ABV0_ACED0_AF0EM1_AF1EM1_AMAS0_ASE_ASGT_ASLT_ASM_ASAE01_ASCE01_ASEM1_AAC0_BL0_BS1_CLR0_DTLA0_DTLB0_DTVA0_DTVB0_DVO0_ETSP_EPS0_ELFLR0_EMLL0_FSSC10_FL0_GLVWA1_GLVWB1_GRCGA1_GRCGB1_GRPM1_GRVW1_GSU1_GSUASB_GLS0_ISA000_IU1_K1_KLS_LBSPPA0_LBSPPB0_LPA0_LPB0_LDL1_LRVW1_LWPMn1_LDW0_FMA_MIAV0_MDA2_MO40_MMFSC_MKFGSU256_NTA0_NTB0_NTC0_NTD0_NEPBS0_NLCA1_NLCB1_ONLL1_OPLV0_PK0_PAP0_PGR0_PLR0_PKA0_SIA1_SLW1_SS0_SU32_SUM0_SUS256_SCIUI1_SPO0_SRVW0_SSO0_SVW4_SNLL0_TSGRA0_TSGRB0_TT8_4_TLDS0_UMLDSA0_UMLDSB0_U64SL1_USFGRO0_VAW1_VS1_VW1_VWB1_VFLRP0_WSGRA0_WSGRB0_WS64_WG16_16_1_WGM8+0x2d50>
	v_mul_f32_e32 v3, s20, v21                                 // 00000000A81C: 10062A14
	s_branch 64667                                             // 00000000A820: BFA0FC9B <Cijk_Ailk_Bljk_SB_MT128x64x8_SN_1LDSB0_APM1_ABV0_ACED0_AF0EM1_AF1EM1_AMAS0_ASE_ASGT_ASLT_ASM_ASAE01_ASCE01_ASEM1_AAC0_BL0_BS1_CLR0_DTLA0_DTLB0_DTVA0_DTVB0_DVO0_ETSP_EPS0_ELFLR0_EMLL0_FSSC10_FL0_GLVWA1_GLVWB1_GRCGA1_GRCGB1_GRPM1_GRVW1_GSU1_GSUASB_GLS0_ISA000_IU1_K1_KLS_LBSPPA0_LBSPPB0_LPA0_LPB0_LDL1_LRVW1_LWPMn1_LDW0_FMA_MIAV0_MDA2_MO40_MMFSC_MKFGSU256_NTA0_NTB0_NTC0_NTD0_NEPBS0_NLCA1_NLCB1_ONLL1_OPLV0_PK0_PAP0_PGR0_PLR0_PKA0_SIA1_SLW1_SS0_SU32_SUM0_SUS256_SCIUI1_SPO0_SRVW0_SSO0_SVW4_SNLL0_TSGRA0_TSGRB0_TT8_4_TLDS0_UMLDSA0_UMLDSB0_U64SL1_USFGRO0_VAW1_VS1_VW1_VWB1_VFLRP0_WSGRA0_WSGRB0_WS64_WG16_16_1_WGM8+0x2e90>
	v_mul_f32_e32 v3, s20, v20                                 // 00000000A824: 10062814
	s_branch 64745                                             // 00000000A828: BFA0FCE9 <Cijk_Ailk_Bljk_SB_MT128x64x8_SN_1LDSB0_APM1_ABV0_ACED0_AF0EM1_AF1EM1_AMAS0_ASE_ASGT_ASLT_ASM_ASAE01_ASCE01_ASEM1_AAC0_BL0_BS1_CLR0_DTLA0_DTLB0_DTVA0_DTVB0_DVO0_ETSP_EPS0_ELFLR0_EMLL0_FSSC10_FL0_GLVWA1_GLVWB1_GRCGA1_GRCGB1_GRPM1_GRVW1_GSU1_GSUASB_GLS0_ISA000_IU1_K1_KLS_LBSPPA0_LBSPPB0_LPA0_LPB0_LDL1_LRVW1_LWPMn1_LDW0_FMA_MIAV0_MDA2_MO40_MMFSC_MKFGSU256_NTA0_NTB0_NTC0_NTD0_NEPBS0_NLCA1_NLCB1_ONLL1_OPLV0_PK0_PAP0_PGR0_PLR0_PKA0_SIA1_SLW1_SS0_SU32_SUM0_SUS256_SCIUI1_SPO0_SRVW0_SSO0_SVW4_SNLL0_TSGRA0_TSGRB0_TT8_4_TLDS0_UMLDSA0_UMLDSB0_U64SL1_USFGRO0_VAW1_VS1_VW1_VWB1_VFLRP0_WSGRA0_WSGRB0_WS64_WG16_16_1_WGM8+0x2fd0>
	v_mul_f32_e32 v3, s20, v18                                 // 00000000A82C: 10062414
	s_branch 64945                                             // 00000000A830: BFA0FDB1 <Cijk_Ailk_Bljk_SB_MT128x64x8_SN_1LDSB0_APM1_ABV0_ACED0_AF0EM1_AF1EM1_AMAS0_ASE_ASGT_ASLT_ASM_ASAE01_ASCE01_ASEM1_AAC0_BL0_BS1_CLR0_DTLA0_DTLB0_DTVA0_DTVB0_DVO0_ETSP_EPS0_ELFLR0_EMLL0_FSSC10_FL0_GLVWA1_GLVWB1_GRCGA1_GRCGB1_GRPM1_GRVW1_GSU1_GSUASB_GLS0_ISA000_IU1_K1_KLS_LBSPPA0_LBSPPB0_LPA0_LPB0_LDL1_LRVW1_LWPMn1_LDW0_FMA_MIAV0_MDA2_MO40_MMFSC_MKFGSU256_NTA0_NTB0_NTC0_NTD0_NEPBS0_NLCA1_NLCB1_ONLL1_OPLV0_PK0_PAP0_PGR0_PLR0_PKA0_SIA1_SLW1_SS0_SU32_SUM0_SUS256_SCIUI1_SPO0_SRVW0_SSO0_SVW4_SNLL0_TSGRA0_TSGRB0_TT8_4_TLDS0_UMLDSA0_UMLDSB0_U64SL1_USFGRO0_VAW1_VS1_VW1_VWB1_VFLRP0_WSGRA0_WSGRB0_WS64_WG16_16_1_WGM8+0x32f8>
	v_mul_f32_e32 v3, s20, v17                                 // 00000000A834: 10062214
	s_branch 65023                                             // 00000000A838: BFA0FDFF <Cijk_Ailk_Bljk_SB_MT128x64x8_SN_1LDSB0_APM1_ABV0_ACED0_AF0EM1_AF1EM1_AMAS0_ASE_ASGT_ASLT_ASM_ASAE01_ASCE01_ASEM1_AAC0_BL0_BS1_CLR0_DTLA0_DTLB0_DTVA0_DTVB0_DVO0_ETSP_EPS0_ELFLR0_EMLL0_FSSC10_FL0_GLVWA1_GLVWB1_GRCGA1_GRCGB1_GRPM1_GRVW1_GSU1_GSUASB_GLS0_ISA000_IU1_K1_KLS_LBSPPA0_LBSPPB0_LPA0_LPB0_LDL1_LRVW1_LWPMn1_LDW0_FMA_MIAV0_MDA2_MO40_MMFSC_MKFGSU256_NTA0_NTB0_NTC0_NTD0_NEPBS0_NLCA1_NLCB1_ONLL1_OPLV0_PK0_PAP0_PGR0_PLR0_PKA0_SIA1_SLW1_SS0_SU32_SUM0_SUS256_SCIUI1_SPO0_SRVW0_SSO0_SVW4_SNLL0_TSGRA0_TSGRB0_TT8_4_TLDS0_UMLDSA0_UMLDSB0_U64SL1_USFGRO0_VAW1_VS1_VW1_VWB1_VFLRP0_WSGRA0_WSGRB0_WS64_WG16_16_1_WGM8+0x3438>
	v_mul_f32_e32 v3, s20, v16                                 // 00000000A83C: 10062014
	s_branch 65101                                             // 00000000A840: BFA0FE4D <Cijk_Ailk_Bljk_SB_MT128x64x8_SN_1LDSB0_APM1_ABV0_ACED0_AF0EM1_AF1EM1_AMAS0_ASE_ASGT_ASLT_ASM_ASAE01_ASCE01_ASEM1_AAC0_BL0_BS1_CLR0_DTLA0_DTLB0_DTVA0_DTVB0_DVO0_ETSP_EPS0_ELFLR0_EMLL0_FSSC10_FL0_GLVWA1_GLVWB1_GRCGA1_GRCGB1_GRPM1_GRVW1_GSU1_GSUASB_GLS0_ISA000_IU1_K1_KLS_LBSPPA0_LBSPPB0_LPA0_LPB0_LDL1_LRVW1_LWPMn1_LDW0_FMA_MIAV0_MDA2_MO40_MMFSC_MKFGSU256_NTA0_NTB0_NTC0_NTD0_NEPBS0_NLCA1_NLCB1_ONLL1_OPLV0_PK0_PAP0_PGR0_PLR0_PKA0_SIA1_SLW1_SS0_SU32_SUM0_SUS256_SCIUI1_SPO0_SRVW0_SSO0_SVW4_SNLL0_TSGRA0_TSGRB0_TT8_4_TLDS0_UMLDSA0_UMLDSB0_U64SL1_USFGRO0_VAW1_VS1_VW1_VWB1_VFLRP0_WSGRA0_WSGRB0_WS64_WG16_16_1_WGM8+0x3578>
	v_mul_f32_e32 v3, s20, v15                                 // 00000000A844: 10061E14
	s_branch 65179                                             // 00000000A848: BFA0FE9B <Cijk_Ailk_Bljk_SB_MT128x64x8_SN_1LDSB0_APM1_ABV0_ACED0_AF0EM1_AF1EM1_AMAS0_ASE_ASGT_ASLT_ASM_ASAE01_ASCE01_ASEM1_AAC0_BL0_BS1_CLR0_DTLA0_DTLB0_DTVA0_DTVB0_DVO0_ETSP_EPS0_ELFLR0_EMLL0_FSSC10_FL0_GLVWA1_GLVWB1_GRCGA1_GRCGB1_GRPM1_GRVW1_GSU1_GSUASB_GLS0_ISA000_IU1_K1_KLS_LBSPPA0_LBSPPB0_LPA0_LPB0_LDL1_LRVW1_LWPMn1_LDW0_FMA_MIAV0_MDA2_MO40_MMFSC_MKFGSU256_NTA0_NTB0_NTC0_NTD0_NEPBS0_NLCA1_NLCB1_ONLL1_OPLV0_PK0_PAP0_PGR0_PLR0_PKA0_SIA1_SLW1_SS0_SU32_SUM0_SUS256_SCIUI1_SPO0_SRVW0_SSO0_SVW4_SNLL0_TSGRA0_TSGRB0_TT8_4_TLDS0_UMLDSA0_UMLDSB0_U64SL1_USFGRO0_VAW1_VS1_VW1_VWB1_VFLRP0_WSGRA0_WSGRB0_WS64_WG16_16_1_WGM8+0x36b8>
	v_mul_f32_e32 v3, s20, v14                                 // 00000000A84C: 10061C14
	s_branch 65257                                             // 00000000A850: BFA0FEE9 <Cijk_Ailk_Bljk_SB_MT128x64x8_SN_1LDSB0_APM1_ABV0_ACED0_AF0EM1_AF1EM1_AMAS0_ASE_ASGT_ASLT_ASM_ASAE01_ASCE01_ASEM1_AAC0_BL0_BS1_CLR0_DTLA0_DTLB0_DTVA0_DTVB0_DVO0_ETSP_EPS0_ELFLR0_EMLL0_FSSC10_FL0_GLVWA1_GLVWB1_GRCGA1_GRCGB1_GRPM1_GRVW1_GSU1_GSUASB_GLS0_ISA000_IU1_K1_KLS_LBSPPA0_LBSPPB0_LPA0_LPB0_LDL1_LRVW1_LWPMn1_LDW0_FMA_MIAV0_MDA2_MO40_MMFSC_MKFGSU256_NTA0_NTB0_NTC0_NTD0_NEPBS0_NLCA1_NLCB1_ONLL1_OPLV0_PK0_PAP0_PGR0_PLR0_PKA0_SIA1_SLW1_SS0_SU32_SUM0_SUS256_SCIUI1_SPO0_SRVW0_SSO0_SVW4_SNLL0_TSGRA0_TSGRB0_TT8_4_TLDS0_UMLDSA0_UMLDSB0_U64SL1_USFGRO0_VAW1_VS1_VW1_VWB1_VFLRP0_WSGRA0_WSGRB0_WS64_WG16_16_1_WGM8+0x37f8>
	v_mul_f32_e32 v3, s20, v13                                 // 00000000A854: 10061A14
	s_branch 65335                                             // 00000000A858: BFA0FF37 <Cijk_Ailk_Bljk_SB_MT128x64x8_SN_1LDSB0_APM1_ABV0_ACED0_AF0EM1_AF1EM1_AMAS0_ASE_ASGT_ASLT_ASM_ASAE01_ASCE01_ASEM1_AAC0_BL0_BS1_CLR0_DTLA0_DTLB0_DTVA0_DTVB0_DVO0_ETSP_EPS0_ELFLR0_EMLL0_FSSC10_FL0_GLVWA1_GLVWB1_GRCGA1_GRCGB1_GRPM1_GRVW1_GSU1_GSUASB_GLS0_ISA000_IU1_K1_KLS_LBSPPA0_LBSPPB0_LPA0_LPB0_LDL1_LRVW1_LWPMn1_LDW0_FMA_MIAV0_MDA2_MO40_MMFSC_MKFGSU256_NTA0_NTB0_NTC0_NTD0_NEPBS0_NLCA1_NLCB1_ONLL1_OPLV0_PK0_PAP0_PGR0_PLR0_PKA0_SIA1_SLW1_SS0_SU32_SUM0_SUS256_SCIUI1_SPO0_SRVW0_SSO0_SVW4_SNLL0_TSGRA0_TSGRB0_TT8_4_TLDS0_UMLDSA0_UMLDSB0_U64SL1_USFGRO0_VAW1_VS1_VW1_VWB1_VFLRP0_WSGRA0_WSGRB0_WS64_WG16_16_1_WGM8+0x3938>
	v_mul_f32_e32 v2, s20, v2                                  // 00000000A85C: 10040414
	s_branch 65413                                             // 00000000A860: BFA0FF85 <Cijk_Ailk_Bljk_SB_MT128x64x8_SN_1LDSB0_APM1_ABV0_ACED0_AF0EM1_AF1EM1_AMAS0_ASE_ASGT_ASLT_ASM_ASAE01_ASCE01_ASEM1_AAC0_BL0_BS1_CLR0_DTLA0_DTLB0_DTVA0_DTVB0_DVO0_ETSP_EPS0_ELFLR0_EMLL0_FSSC10_FL0_GLVWA1_GLVWB1_GRCGA1_GRCGB1_GRPM1_GRVW1_GSU1_GSUASB_GLS0_ISA000_IU1_K1_KLS_LBSPPA0_LBSPPB0_LPA0_LPB0_LDL1_LRVW1_LWPMn1_LDW0_FMA_MIAV0_MDA2_MO40_MMFSC_MKFGSU256_NTA0_NTB0_NTC0_NTD0_NEPBS0_NLCA1_NLCB1_ONLL1_OPLV0_PK0_PAP0_PGR0_PLR0_PKA0_SIA1_SLW1_SS0_SU32_SUM0_SUS256_SCIUI1_SPO0_SRVW0_SSO0_SVW4_SNLL0_TSGRA0_TSGRB0_TT8_4_TLDS0_UMLDSA0_UMLDSB0_U64SL1_USFGRO0_VAW1_VS1_VW1_VWB1_VFLRP0_WSGRA0_WSGRB0_WS64_WG16_16_1_WGM8+0x3a78>
	s_code_end                                                 // 00000000A864: BF9F0000
	s_code_end                                                 // 00000000A868: BF9F0000
	s_code_end                                                 // 00000000A86C: BF9F0000
	s_code_end                                                 // 00000000A870: BF9F0000
	s_code_end                                                 // 00000000A874: BF9F0000
	s_code_end                                                 // 00000000A878: BF9F0000
	s_code_end                                                 // 00000000A87C: BF9F0000
	s_code_end                                                 // 00000000A880: BF9F0000
	s_code_end                                                 // 00000000A884: BF9F0000
	s_code_end                                                 // 00000000A888: BF9F0000
	s_code_end                                                 // 00000000A88C: BF9F0000
	s_code_end                                                 // 00000000A890: BF9F0000
	s_code_end                                                 // 00000000A894: BF9F0000
	s_code_end                                                 // 00000000A898: BF9F0000
	s_code_end                                                 // 00000000A89C: BF9F0000
	s_code_end                                                 // 00000000A8A0: BF9F0000
	s_code_end                                                 // 00000000A8A4: BF9F0000
	s_code_end                                                 // 00000000A8A8: BF9F0000
	s_code_end                                                 // 00000000A8AC: BF9F0000
	s_code_end                                                 // 00000000A8B0: BF9F0000
	s_code_end                                                 // 00000000A8B4: BF9F0000
	s_code_end                                                 // 00000000A8B8: BF9F0000
	s_code_end                                                 // 00000000A8BC: BF9F0000
	s_code_end                                                 // 00000000A8C0: BF9F0000
	s_code_end                                                 // 00000000A8C4: BF9F0000
	s_code_end                                                 // 00000000A8C8: BF9F0000
	s_code_end                                                 // 00000000A8CC: BF9F0000
	s_code_end                                                 // 00000000A8D0: BF9F0000
	s_code_end                                                 // 00000000A8D4: BF9F0000
	s_code_end                                                 // 00000000A8D8: BF9F0000
	s_code_end                                                 // 00000000A8DC: BF9F0000
	s_code_end                                                 // 00000000A8E0: BF9F0000
	s_code_end                                                 // 00000000A8E4: BF9F0000
	s_code_end                                                 // 00000000A8E8: BF9F0000
	s_code_end                                                 // 00000000A8EC: BF9F0000
	s_code_end                                                 // 00000000A8F0: BF9F0000
	s_code_end                                                 // 00000000A8F4: BF9F0000
	s_code_end                                                 // 00000000A8F8: BF9F0000
	s_code_end                                                 // 00000000A8FC: BF9F0000
	s_code_end                                                 // 00000000A900: BF9F0000
	s_code_end                                                 // 00000000A904: BF9F0000
	s_code_end                                                 // 00000000A908: BF9F0000
	s_code_end                                                 // 00000000A90C: BF9F0000
	s_code_end                                                 // 00000000A910: BF9F0000
	s_code_end                                                 // 00000000A914: BF9F0000
	s_code_end                                                 // 00000000A918: BF9F0000
	s_code_end                                                 // 00000000A91C: BF9F0000
	s_code_end                                                 // 00000000A920: BF9F0000
	s_code_end                                                 // 00000000A924: BF9F0000
	s_code_end                                                 // 00000000A928: BF9F0000
	s_code_end                                                 // 00000000A92C: BF9F0000
	s_code_end                                                 // 00000000A930: BF9F0000
	s_code_end                                                 // 00000000A934: BF9F0000
	s_code_end                                                 // 00000000A938: BF9F0000
	s_code_end                                                 // 00000000A93C: BF9F0000
	s_code_end                                                 // 00000000A940: BF9F0000
	s_code_end                                                 // 00000000A944: BF9F0000
	s_code_end                                                 // 00000000A948: BF9F0000
	s_code_end                                                 // 00000000A94C: BF9F0000
	s_code_end                                                 // 00000000A950: BF9F0000
	s_code_end                                                 // 00000000A954: BF9F0000
	s_code_end                                                 // 00000000A958: BF9F0000
	s_code_end                                                 // 00000000A95C: BF9F0000
	s_code_end                                                 // 00000000A960: BF9F0000
	s_code_end                                                 // 00000000A964: BF9F0000
	s_code_end                                                 // 00000000A968: BF9F0000
	s_code_end                                                 // 00000000A96C: BF9F0000
	s_code_end                                                 // 00000000A970: BF9F0000
	s_code_end                                                 // 00000000A974: BF9F0000
	s_code_end                                                 // 00000000A978: BF9F0000
	s_code_end                                                 // 00000000A97C: BF9F0000
	s_code_end                                                 // 00000000A980: BF9F0000
	s_code_end                                                 // 00000000A984: BF9F0000
	s_code_end                                                 // 00000000A988: BF9F0000
	s_code_end                                                 // 00000000A98C: BF9F0000
	s_code_end                                                 // 00000000A990: BF9F0000
	s_code_end                                                 // 00000000A994: BF9F0000
	s_code_end                                                 // 00000000A998: BF9F0000
	s_code_end                                                 // 00000000A99C: BF9F0000
	s_code_end                                                 // 00000000A9A0: BF9F0000
	s_code_end                                                 // 00000000A9A4: BF9F0000
	s_code_end                                                 // 00000000A9A8: BF9F0000
	s_code_end                                                 // 00000000A9AC: BF9F0000
	s_code_end                                                 // 00000000A9B0: BF9F0000
	s_code_end                                                 // 00000000A9B4: BF9F0000
	s_code_end                                                 // 00000000A9B8: BF9F0000
	s_code_end                                                 // 00000000A9BC: BF9F0000
	s_code_end                                                 // 00000000A9C0: BF9F0000
	s_code_end                                                 // 00000000A9C4: BF9F0000
	s_code_end                                                 // 00000000A9C8: BF9F0000
	s_code_end                                                 // 00000000A9CC: BF9F0000
	s_code_end                                                 // 00000000A9D0: BF9F0000
	s_code_end                                                 // 00000000A9D4: BF9F0000
	s_code_end                                                 // 00000000A9D8: BF9F0000
	s_code_end                                                 // 00000000A9DC: BF9F0000
	s_code_end                                                 // 00000000A9E0: BF9F0000
	s_code_end                                                 // 00000000A9E4: BF9F0000
	s_code_end                                                 // 00000000A9E8: BF9F0000
	s_code_end                                                 // 00000000A9EC: BF9F0000
	s_code_end                                                 // 00000000A9F0: BF9F0000
	s_code_end                                                 // 00000000A9F4: BF9F0000
	s_code_end                                                 // 00000000A9F8: BF9F0000
	s_code_end                                                 // 00000000A9FC: BF9F0000

000000000000aa00 <_ZL24set_hip_f8_bias_mode_bitb>:
	s_load_b32 s2, s[0:1], 0x0                                 // 00000000AA00: F4000080 F8000000
	s_getpc_b64 s[0:1]                                         // 00000000AA08: BE804700
	s_sext_i32_i16 s1, s1                                      // 00000000AA0C: BE810F01
	s_add_co_u32 s0, s0, 0x10e4                                // 00000000AA10: 8000FF00 000010E4
	s_add_co_ci_u32 s1, s1, 0                                  // 00000000AA18: 8201FF01 00000000
	s_load_b64 s[0:1], s[0:1], 0x0                             // 00000000AA20: F4002000 F8000000
	s_wait_kmcnt 0x0                                           // 00000000AA28: BFC70000
	s_and_b32 s2, s2, 1                                        // 00000000AA2C: 8B028102
	s_delay_alu instid0(SALU_CYCLE_1)                          // 00000000AA30: BF870009
	v_dual_mov_b32 v0, 0 :: v_dual_mov_b32 v1, s2              // 00000000AA34: CA100080 00000002
	global_store_b8 v0, v1, s[0:1]                             // 00000000AA3C: EE060000 00800000 00000000
	s_endpgm                                                   // 00000000AA48: BFB00000
