
################################################################################
#
#  Tensile v4.47.0
#  Config: /home/iamthecage/rocm-libraries/shared/tensile/next-tuning/gfx1201-wide-v2/b8_to_b8_wmma_gb_fixed_tt.yaml
#  Date & Time: 19/04/2026 00:04:16
#
################################################################################

# Restoring default globalParameters
# Found HIP version: 7.2.53211-e1a6bc5663
# Detected GPU 0:    gfx1201
> UserWarning: HardwareMonitor currently disabled for gfx942, gfx950, gfx1100, gfx1101, gfx1102, gfx1103, gfx1150, gfx1151, gfx1152, gfx1153, gfx1200, gfx1201
# Command-line override: CurrentISA
# Command-line override: PrintLevel

Overriding CurrentISA=(12, 0, 1)
Overriding PrintLevel=3
Overriding CxxCompiler=amdclang++
Overriding PrebuiltClient=/home/iamthecage/rocm-libraries/shared/tensile/next-cmake/build/tensile-client
ProblemTypeConfig: {'OperationType': 'GEMM', 'DataType': 'B8', 'ComputeDataType': 's', 'DestDataType': 'B8', 'HighPrecisionAccumulate': True, 'TransposeA': True, 
'TransposeB': True, 'UseBeta': True, 'Batched': True, 'StridedBatched': False}

################################################################################
# Converting Config to BenchmarkProcess Object
################################################################################

# BenchmarkProcess beginning Cijk_Alik_Bjlk_B8B8S_BH_GB

####################################################################
# Filling in Parameters With Defaults
####################################################################

Single Value Parameters:
    1LDSBuffer: 0
    AggressivePerfMode: 1
    AssertAIGreaterThanEqual: -1
    AssertAILessThanEqual: -1
    AssertAlphaValue: False
    AssertBetaValue: False
    AssertCEqualsD: False
    AssertFree0ElementMultiple: 1
    AssertFree1ElementMultiple: 1
    AssertMinApproxSize: -1
    AssertSizeEqual: {}
    AssertSizeGreaterThan: {}
    AssertSizeLessThan: {}
    AssertSizeMultiple: {}
    AssertStrideAEqual: {}
    AssertStrideBEqual: {}
    AssertStrideCEqual: {}
    AssertStrideDEqual: {}
    AssertSummationElementMultiple: 1
    AtomicAddC: False
    BufferLoad: True
    BufferStore: True
    CUMode: False
    CheckDimOverflow: 0
    CheckTensorDimAsserts: False
    ClusterLocalRead: False
    CustomKernelName: 
    DebugStreamK: 0
    DepthULdsDivisor: 1
    DirectToLdsA: False
    DirectToLdsB: False
    DirectToVgprA: False
    DirectToVgprB: False
    DisableAtomicFail: 0
    DisableKernelPieces: 0
    DisableVgprOverlapping: False
    EdgeType: ShiftPtr
    ExpandPointerSwap: True
    ExtraLatencyForLR: 0
    ExtraMiLatencyLeft: 0
    ForceStoreSC1: Auto
    Fp16AltImpl: False
    Fp16AltImplRound: False
    FractionalLoad: 0
    GlobalLoadVectorWidthA: -1
    GlobalLoadVectorWidthB: -1
    GlobalRead2A: True
    GlobalRead2B: True
    GlobalReadCoalesceGroupA: True
    GlobalReadCoalesceGroupB: True
    GlobalReadCoalesceVectorA: True
    GlobalReadCoalesceVectorB: True
    GlobalReadPerMfma: 1
    GlobalSplitU: 1
    GlobalSplitUAlgorithm: SingleBuffer
    GlobalSplitUAtomicAdd: False
    GlobalSplitUSummationAssignmentRoundRobin: True
    GlobalSplitUWorkGroupMappingRoundRobin: False
    GroupLoadStore: False
    InnerUnroll: 1
    InterleaveAlpha: 0
    KernelLanguage: Assembly
    LdcEqualsLdd: False
    LdsBlockSizePerPadA: -1
    LdsBlockSizePerPadB: -1
    LdsPadA: -1
    LdsPadB: -1
    LocalDotLayout: 1
    LocalRead2A: True
    LocalRead2B: True
    LocalReadVectorWidth: -1
    LocalWrite2A: True
    LocalWrite2B: True
    LocalWritePerMfma: -1
    LoopDoWhile: False
    LoopTail: True
    MACInstruction: FMA
    MIArchVgpr: True
    MacroTileShapeMax: 64
    MacroTileShapeMin: 1
    MagicDivAlg: 2
    MatrixInstruction: [16, 16, 16, 1, 1, 4, 4, 1, 1]
    MaxOccupancy: 40
    MaxVgprNumber: 256
    MemoryModifierFormat: 
    MinKForGSU: 256
    MinVgprNumber: 0
    NoReject: False
    NonTemporalA: 0
    NonTemporalB: 0
    NonTemporalC: 0
    NonTemporalD: 0
    NumElementsPerBatchStore: 0
    NumLoadsCoalescedA: 1
    NumLoadsCoalescedB: 1
    OptNoLoadLoop: 0
    OptPreLoopVmcnt: True
    PackBatchDims: 0
    PackFreeDims: 1
    PackGranularity: 2
    PackSummationDims: 0
    PerformanceSyncLocation: -1
    PerformanceWaitCount: -1
    PerformanceWaitLocation: -1
    PersistentKernel: 0
    PersistentKernelAlongBatch: False
    PrefetchAcrossPersistent: 0
    PrefetchAcrossPersistentMode: 0
    PrefetchGlobalRead: 0
    PrefetchLocalRead: 0
    PreloadKernelArguments: 0
    ReplacementKernel: False
    ScheduleGlobalRead: 0
    ScheduleIterAlg: 0
    ScheduleLocalWrite: 0
    StaggerU: 32
    StaggerUMapping: 0
    StaggerUStride: 256
    StoreCInUnroll: False
    StoreCInUnrollExact: False
    StoreCInUnrollInterval: 1
    StoreCInUnrollPostLoop: False
    StorePriorityOpt: False
    StoreRemapVectorWidth: 0
    StoreSyncOpt: 0
    StoreVectorWidth: -1
    StreamK: 0
    StreamKAtomic: 0
    StreamKXCCMapping: 0
    SuppressNoLoadLoop: False
    ThreadSeparateGlobalReadA: 0
    ThreadSeparateGlobalReadB: 0
    ThreadTile: [4, 4]
    TransposeLDS: 0
    UnrollIncIsDepthU: 0
    UnrollMajorLDSA: False
    UnrollMajorLDSB: False
    UnrollMemFence: False
    Use64bShadowLimit: 1
    UseInstOffsetForGRO: 0
    UseSgprForGRO: -1
    VectorAtomicWidth: -1
    VectorStore: -1
    VectorWidth: 1
    VectorWidthB: -1
    VgprForLocalReadPacking: False
    WavefrontSize: 32
    WorkGroup: [32, 1, 1]
    WorkGroupMapping: 8
    WorkGroupMappingType: B
Multi-Value Parameters:
    DepthU: [16, 32]
    GlobalReadVectorWidth: [4, 8, 16]
    SourceSwap: [0, 1]
    WaveSeparateGlobalReadA: [0, 1]
    WaveSeparateGlobalReadB: [0, 1]

####################################################################
# Convert Parameters to Benchmark Step(s)
####################################################################


####################################################################
# Benchmark Final
# Creating BenchmarkStep: 5 fork params and 45 sizes
# NumBenchmarkSteps: 1

################################################################################
# Done Creating BenchmarkProcess Object
################################################################################


################################################################################
# Benchmark Step: Cijk_Alik_Bjlk_B8B8S_BH_GB_00 - 00_Final 9.652s
# Num Sizes: 45
# Fork Parameters:
#     DepthU: [16, 32]
#     GlobalReadVectorWidth: [4, 8, 16]
#     SourceSwap: [0, 1]
#     WaveSeparateGlobalReadA: [0, 1]
#     WaveSeparateGlobalReadB: [0, 1]
# Enumerating Solutions
# Actual Solutions: 48 / 48 after SolutionStructs

#    (0:0) 
Cijk_Alik_Bjlk_B8B8S_BH_GB_MT64x64x16_MI16x16x16x1_SN_1LDSB0_APM1_AAIGTEn1_AAILTEn1_AAV0_ABV0_ACED0_AF0EM1_AF1EM1_AMAS0_ASE_ASGT_ASLT_ASM_ASAE01_ASBE01_ASCE01_ASDE01_ASEM1_
AAC0_BL1_BS1_CUM0_CDO0_CTDA0_CLR0_DSK0_DRA0_DU16_DULD1_DTLA0_DTLB0_DTVA0_DTVB0_DAF0_DKP0_DVO0_ETSP_EPS0_ELFLR0_EMLL0_FSSC10_F16AI0_F16AIR0_FL0_GLVWA4_GLVWB4_GR2A1_GR2B1_GRC
GA1_GRCGB1_GRCVA1_GRCVB1_GRPM1_GRVW4_GSU1_GSUASB_GSUAA0_GSUSARR1_GSUWGMRR0_GLS0_ISA1201_IU1_IA0_KLA_LEL0_LBSPPA512_LBSPPB512_LPA16_LPB16_LDL1_LR2A1_LR2B1_LRVW8_LW2A1_LW2B1_
LWPMn1_LDW0_LT1_FMA_MIAV1_MTSM64_MTSM1_MDA2_MI16_16_16_1_MO40_MVN256_MMFSC_MKFGSU256_MVN0_NR0_NTA0_NTB0_NTC0_NTD0_NEPBS0_NLCA1_NLCB1_ONLL0_OPLV0_PBD0_PFD1_PG2_PSD0_PSLn1_PW
Cn1_PWLn1_PK0_PKAB0_PAP0_PAPM0_PGR0_PLR0_PKA0_RK0_SGR0_SIA0_SLW0_SS0_SU32_SUM0_SUS256_SCIU0_SCIUE0_SCIUI1_SCIUPL0_SPO0_SRVW0_SSO0_SVW4_SK0_SKA0_SKXCCM0_SNLL0_TSGRA0_TSGRB0_
TT4_64_TLDS0_UIIDU0_UMLDSA0_UMLDSB0_UMF0_U64SL1_UIOFGRO0_USFGROn1_VAW1_VSn1_VW1_VWB1_VFLRP0_WSGRA0_WSGRB0_WS32_WG16_2_1_WGM8_WGMTB
#    (0:0) 
Cijk_Alik_Bjlk_B8B8S_BH_GB_MT64x64x16_MI16x16x16x1_SN_1LDSB0_APM1_AAIGTEn1_AAILTEn1_AAV0_ABV0_ACED0_AF0EM1_AF1EM1_AMAS0_ASE_ASGT_ASLT_ASM_ASAE01_ASBE01_ASCE01_ASDE01_ASEM1_
AAC0_BL1_BS1_CUM0_CDO0_CTDA0_CLR0_DSK0_DRA0_DU16_DULD1_DTLA0_DTLB0_DTVA0_DTVB0_DAF0_DKP0_DVO0_ETSP_EPS0_ELFLR0_EMLL0_FSSC10_F16AI0_F16AIR0_FL0_GLVWA8_GLVWB8_GR2A1_GR2B1_GRC
GA1_GRCGB1_GRCVA1_GRCVB1_GRPM1_GRVW8_GSU1_GSUASB_GSUAA0_GSUSARR1_GSUWGMRR0_GLS0_ISA1201_IU1_IA0_KLA_LEL0_LBSPPA512_LBSPPB512_LPA16_LPB16_LDL1_LR2A1_LR2B1_LRVW8_LW2A1_LW2B1_
LWPMn1_LDW0_LT1_FMA_MIAV1_MTSM64_MTSM1_MDA2_MI16_16_16_1_MO40_MVN256_MMFSC_MKFGSU256_MVN0_NR0_NTA0_NTB0_NTC0_NTD0_NEPBS0_NLCA1_NLCB1_ONLL0_OPLV0_PBD0_PFD1_PG2_PSD0_PSLn1_PW
Cn1_PWLn1_PK0_PKAB0_PAP0_PAPM0_PGR0_PLR0_PKA0_RK0_SGR0_SIA0_SLW0_SS0_SU32_SUM0_SUS256_SCIU0_SCIUE0_SCIUI1_SCIUPL0_SPO0_SRVW0_SSO0_SVW4_SK0_SKA0_SKXCCM0_SNLL0_TSGRA0_TSGRB0_
TT4_64_TLDS0_UIIDU0_UMLDSA0_UMLDSB0_UMF0_U64SL1_UIOFGRO0_USFGROn1_VAW1_VSn1_VW1_VWB1_VFLRP0_WSGRA0_WSGRB0_WS32_WG16_2_1_WGM8_WGMTB
#    (0:0) 
Cijk_Alik_Bjlk_B8B8S_BH_GB_MT64x64x16_MI16x16x16x1_SN_1LDSB0_APM1_AAIGTEn1_AAILTEn1_AAV0_ABV0_ACED0_AF0EM1_AF1EM1_AMAS0_ASE_ASGT_ASLT_ASM_ASAE01_ASBE01_ASCE01_ASDE01_ASEM1_
AAC0_BL1_BS1_CUM0_CDO0_CTDA0_CLR0_DSK0_DRA0_DU16_DULD1_DTLA0_DTLB0_DTVA0_DTVB0_DAF0_DKP0_DVO0_ETSP_EPS0_ELFLR0_EMLL0_FSSC10_F16AI0_F16AIR0_FL0_GLVWA16_GLVWB16_GR2A1_GR2B1_G
RCGA1_GRCGB1_GRCVA1_GRCVB1_GRPM1_GRVW16_GSU1_GSUASB_GSUAA0_GSUSARR1_GSUWGMRR0_GLS0_ISA1201_IU1_IA0_KLA_LEL0_LBSPPA512_LBSPPB512_LPA16_LPB16_LDL1_LR2A1_LR2B1_LRVW8_LW2A1_LW2
B1_LWPMn1_LDW0_LT1_FMA_MIAV1_MTSM64_MTSM1_MDA2_MI16_16_16_1_MO40_MVN256_MMFSC_MKFGSU256_MVN0_NR0_NTA0_NTB0_NTC0_NTD0_NEPBS0_NLCA1_NLCB1_ONLL0_OPLV0_PBD0_PFD1_PG2_PSD0_PSLn1
_PWCn1_PWLn1_PK0_PKAB0_PAP0_PAPM0_PGR0_PLR0_PKA0_RK0_SGR0_SIA0_SLW0_SS0_SU32_SUM0_SUS256_SCIU0_SCIUE0_SCIUI1_SCIUPL0_SPO0_SRVW0_SSO0_SVW4_SK0_SKA0_SKXCCM0_SNLL0_TSGRA0_TSGR
B0_TT4_64_TLDS0_UIIDU0_UMLDSA0_UMLDSB0_UMF0_U64SL1_UIOFGRO0_USFGROn1_VAW1_VSn1_VW1_VWB1_VFLRP0_WSGRA0_WSGRB0_WS32_WG16_2_1_WGM8_WGMTB
#    (0:0) 
Cijk_Alik_Bjlk_B8B8S_BH_GB_MT64x64x16_MI16x16x16x1_SN_1LDSB0_APM1_AAIGTEn1_AAILTEn1_AAV0_ABV0_ACED0_AF0EM1_AF1EM1_AMAS0_ASE_ASGT_ASLT_ASM_ASAE01_ASBE01_ASCE01_ASDE01_ASEM1_
AAC0_BL1_BS1_CUM0_CDO0_CTDA0_CLR0_DSK0_DRA0_DU16_DULD1_DTLA0_DTLB0_DTVA0_DTVB0_DAF0_DKP0_DVO0_ETSP_EPS0_ELFLR0_EMLL0_FSSC10_F16AI0_F16AIR0_FL0_GLVWA4_GLVWB4_GR2A1_GR2B1_GRC
GA1_GRCGB1_GRCVA1_GRCVB1_GRPM1_GRVW4_GSU1_GSUASB_GSUAA0_GSUSARR1_GSUWGMRR0_GLS0_ISA1201_IU1_IA0_KLA_LEL0_LBSPPA512_LBSPPB512_LPA16_LPB16_LDL1_LR2A1_LR2B1_LRVW8_LW2A1_LW2B1_
LWPMn1_LDW0_LT1_FMA_MIAV1_MTSM64_MTSM1_MDA2_MI16_16_16_1_MO40_MVN256_MMFSC_MKFGSU256_MVN0_NR0_NTA0_NTB0_NTC0_NTD0_NEPBS0_NLCA1_NLCB1_ONLL0_OPLV0_PBD0_PFD1_PG2_PSD0_PSLn1_PW
Cn1_PWLn1_PK0_PKAB0_PAP0_PAPM0_PGR0_PLR0_PKA0_RK0_SGR0_SIA0_SLW0_SS0_SU32_SUM0_SUS256_SCIU0_SCIUE0_SCIUI1_SCIUPL0_SPO0_SRVW0_SSO0_SVW4_SK0_SKA0_SKXCCM0_SNLL0_TSGRA0_TSGRB0_
TT4_64_TLDS0_UIIDU0_UMLDSA0_UMLDSB0_UMF0_U64SL1_UIOFGRO0_USFGROn1_VAW1_VSn1_VW1_VWB1_VFLRP0_WSGRA1_WSGRB0_WS32_WG16_2_1_WGM8_WGMTB
#    (0:0) 
Cijk_Alik_Bjlk_B8B8S_BH_GB_MT64x64x16_MI16x16x16x1_SN_1LDSB0_APM1_AAIGTEn1_AAILTEn1_AAV0_ABV0_ACED0_AF0EM1_AF1EM1_AMAS0_ASE_ASGT_ASLT_ASM_ASAE01_ASBE01_ASCE01_ASDE01_ASEM1_
AAC0_BL1_BS1_CUM0_CDO0_CTDA0_CLR0_DSK0_DRA0_DU16_DULD1_DTLA0_DTLB0_DTVA0_DTVB0_DAF0_DKP0_DVO0_ETSP_EPS0_ELFLR0_EMLL0_FSSC10_F16AI0_F16AIR0_FL0_GLVWA8_GLVWB8_GR2A1_GR2B1_GRC
GA1_GRCGB1_GRCVA1_GRCVB1_GRPM1_GRVW8_GSU1_GSUASB_GSUAA0_GSUSARR1_GSUWGMRR0_GLS0_ISA1201_IU1_IA0_KLA_LEL0_LBSPPA512_LBSPPB512_LPA16_LPB16_LDL1_LR2A1_LR2B1_LRVW8_LW2A1_LW2B1_
LWPMn1_LDW0_LT1_FMA_MIAV1_MTSM64_MTSM1_MDA2_MI16_16_16_1_MO40_MVN256_MMFSC_MKFGSU256_MVN0_NR0_NTA0_NTB0_NTC0_NTD0_NEPBS0_NLCA1_NLCB1_ONLL0_OPLV0_PBD0_PFD1_PG2_PSD0_PSLn1_PW
Cn1_PWLn1_PK0_PKAB0_PAP0_PAPM0_PGR0_PLR0_PKA0_RK0_SGR0_SIA0_SLW0_SS0_SU32_SUM0_SUS256_SCIU0_SCIUE0_SCIUI1_SCIUPL0_SPO0_SRVW0_SSO0_SVW4_SK0_SKA0_SKXCCM0_SNLL0_TSGRA0_TSGRB0_
TT4_64_TLDS0_UIIDU0_UMLDSA0_UMLDSB0_UMF0_U64SL1_UIOFGRO0_USFGROn1_VAW1_VSn1_VW1_VWB1_VFLRP0_WSGRA1_WSGRB0_WS32_WG16_2_1_WGM8_WGMTB
#    (0:0) 
Cijk_Alik_Bjlk_B8B8S_BH_GB_MT64x64x16_MI16x16x16x1_SN_1LDSB0_APM1_AAIGTEn1_AAILTEn1_AAV0_ABV0_ACED0_AF0EM1_AF1EM1_AMAS0_ASE_ASGT_ASLT_ASM_ASAE01_ASBE01_ASCE01_ASDE01_ASEM1_
AAC0_BL1_BS1_CUM0_CDO0_CTDA0_CLR0_DSK0_DRA0_DU16_DULD1_DTLA0_DTLB0_DTVA0_DTVB0_DAF0_DKP0_DVO0_ETSP_EPS0_ELFLR0_EMLL0_FSSC10_F16AI0_F16AIR0_FL0_GLVWA16_GLVWB16_GR2A1_GR2B1_G
RCGA1_GRCGB1_GRCVA1_GRCVB1_GRPM1_GRVW16_GSU1_GSUASB_GSUAA0_GSUSARR1_GSUWGMRR0_GLS0_ISA1201_IU1_IA0_KLA_LEL0_LBSPPA512_LBSPPB512_LPA16_LPB16_LDL1_LR2A1_LR2B1_LRVW8_LW2A1_LW2
B1_LWPMn1_LDW0_LT1_FMA_MIAV1_MTSM64_MTSM1_MDA2_MI16_16_16_1_MO40_MVN256_MMFSC_MKFGSU256_MVN0_NR0_NTA0_NTB0_NTC0_NTD0_NEPBS0_NLCA1_NLCB1_ONLL0_OPLV0_PBD0_PFD1_PG2_PSD0_PSLn1
_PWCn1_PWLn1_PK0_PKAB0_PAP0_PAPM0_PGR0_PLR0_PKA0_RK0_SGR0_SIA0_SLW0_SS0_SU32_SUM0_SUS256_SCIU0_SCIUE0_SCIUI1_SCIUPL0_SPO0_SRVW0_SSO0_SVW4_SK0_SKA0_SKXCCM0_SNLL0_TSGRA0_TSGR
B0_TT4_64_TLDS0_UIIDU0_UMLDSA0_UMLDSB0_UMF0_U64SL1_UIOFGRO0_USFGROn1_VAW1_VSn1_VW1_VWB1_VFLRP0_WSGRA1_WSGRB0_WS32_WG16_2_1_WGM8_WGMTB
#    (0:0) 
Cijk_Alik_Bjlk_B8B8S_BH_GB_MT64x64x16_MI16x16x16x1_SN_1LDSB0_APM1_AAIGTEn1_AAILTEn1_AAV0_ABV0_ACED0_AF0EM1_AF1EM1_AMAS0_ASE_ASGT_ASLT_ASM_ASAE01_ASBE01_ASCE01_ASDE01_ASEM1_
AAC0_BL1_BS1_CUM0_CDO0_CTDA0_CLR0_DSK0_DRA0_DU16_DULD1_DTLA0_DTLB0_DTVA0_DTVB0_DAF0_DKP0_DVO0_ETSP_EPS0_ELFLR0_EMLL0_FSSC10_F16AI0_F16AIR0_FL0_GLVWA4_GLVWB4_GR2A1_GR2B1_GRC
GA1_GRCGB1_GRCVA1_GRCVB1_GRPM1_GRVW4_GSU1_GSUASB_GSUAA0_GSUSARR1_GSUWGMRR0_GLS0_ISA1201_IU1_IA0_KLA_LEL0_LBSPPA512_LBSPPB512_LPA16_LPB16_LDL1_LR2A1_LR2B1_LRVW8_LW2A1_LW2B1_
LWPMn1_LDW0_LT1_FMA_MIAV1_MTSM64_MTSM1_MDA2_MI16_16_16_1_MO40_MVN256_MMFSC_MKFGSU256_MVN0_NR0_NTA0_NTB0_NTC0_NTD0_NEPBS0_NLCA1_NLCB1_ONLL0_OPLV0_PBD0_PFD1_PG2_PSD0_PSLn1_PW
Cn1_PWLn1_PK0_PKAB0_PAP0_PAPM0_PGR0_PLR0_PKA0_RK0_SGR0_SIA0_SLW0_SS0_SU32_SUM0_SUS256_SCIU0_SCIUE0_SCIUI1_SCIUPL0_SPO0_SRVW0_SSO0_SVW4_SK0_SKA0_SKXCCM0_SNLL0_TSGRA0_TSGRB0_
TT4_64_TLDS0_UIIDU0_UMLDSA0_UMLDSB0_UMF0_U64SL1_UIOFGRO0_USFGROn1_VAW1_VSn1_VW1_VWB1_VFLRP0_WSGRA0_WSGRB1_WS32_WG16_2_1_WGM8_WGMTB
#    (0:0) 
Cijk_Alik_Bjlk_B8B8S_BH_GB_MT64x64x16_MI16x16x16x1_SN_1LDSB0_APM1_AAIGTEn1_AAILTEn1_AAV0_ABV0_ACED0_AF0EM1_AF1EM1_AMAS0_ASE_ASGT_ASLT_ASM_ASAE01_ASBE01_ASCE01_ASDE01_ASEM1_
AAC0_BL1_BS1_CUM0_CDO0_CTDA0_CLR0_DSK0_DRA0_DU16_DULD1_DTLA0_DTLB0_DTVA0_DTVB0_DAF0_DKP0_DVO0_ETSP_EPS0_ELFLR0_EMLL0_FSSC10_F16AI0_F16AIR0_FL0_GLVWA8_GLVWB8_GR2A1_GR2B1_GRC
GA1_GRCGB1_GRCVA1_GRCVB1_GRPM1_GRVW8_GSU1_GSUASB_GSUAA0_GSUSARR1_GSUWGMRR0_GLS0_ISA1201_IU1_IA0_KLA_LEL0_LBSPPA512_LBSPPB512_LPA16_LPB16_LDL1_LR2A1_LR2B1_LRVW8_LW2A1_LW2B1_
LWPMn1_LDW0_LT1_FMA_MIAV1_MTSM64_MTSM1_MDA2_MI16_16_16_1_MO40_MVN256_MMFSC_MKFGSU256_MVN0_NR0_NTA0_NTB0_NTC0_NTD0_NEPBS0_NLCA1_NLCB1_ONLL0_OPLV0_PBD0_PFD1_PG2_PSD0_PSLn1_PW
Cn1_PWLn1_PK0_PKAB0_PAP0_PAPM0_PGR0_PLR0_PKA0_RK0_SGR0_SIA0_SLW0_SS0_SU32_SUM0_SUS256_SCIU0_SCIUE0_SCIUI1_SCIUPL0_SPO0_SRVW0_SSO0_SVW4_SK0_SKA0_SKXCCM0_SNLL0_TSGRA0_TSGRB0_
TT4_64_TLDS0_UIIDU0_UMLDSA0_UMLDSB0_UMF0_U64SL1_UIOFGRO0_USFGROn1_VAW1_VSn1_VW1_VWB1_VFLRP0_WSGRA0_WSGRB1_WS32_WG16_2_1_WGM8_WGMTB
#    (0:0) 
Cijk_Alik_Bjlk_B8B8S_BH_GB_MT64x64x16_MI16x16x16x1_SN_1LDSB0_APM1_AAIGTEn1_AAILTEn1_AAV0_ABV0_ACED0_AF0EM1_AF1EM1_AMAS0_ASE_ASGT_ASLT_ASM_ASAE01_ASBE01_ASCE01_ASDE01_ASEM1_
AAC0_BL1_BS1_CUM0_CDO0_CTDA0_CLR0_DSK0_DRA0_DU16_DULD1_DTLA0_DTLB0_DTVA0_DTVB0_DAF0_DKP0_DVO0_ETSP_EPS0_ELFLR0_EMLL0_FSSC10_F16AI0_F16AIR0_FL0_GLVWA16_GLVWB16_GR2A1_GR2B1_G
RCGA1_GRCGB1_GRCVA1_GRCVB1_GRPM1_GRVW16_GSU1_GSUASB_GSUAA0_GSUSARR1_GSUWGMRR0_GLS0_ISA1201_IU1_IA0_KLA_LEL0_LBSPPA512_LBSPPB512_LPA16_LPB16_LDL1_LR2A1_LR2B1_LRVW8_LW2A1_LW2
B1_LWPMn1_LDW0_LT1_FMA_MIAV1_MTSM64_MTSM1_MDA2_MI16_16_16_1_MO40_MVN256_MMFSC_MKFGSU256_MVN0_NR0_NTA0_NTB0_NTC0_NTD0_NEPBS0_NLCA1_NLCB1_ONLL0_OPLV0_PBD0_PFD1_PG2_PSD0_PSLn1
_PWCn1_PWLn1_PK0_PKAB0_PAP0_PAPM0_PGR0_PLR0_PKA0_RK0_SGR0_SIA0_SLW0_SS0_SU32_SUM0_SUS256_SCIU0_SCIUE0_SCIUI1_SCIUPL0_SPO0_SRVW0_SSO0_SVW4_SK0_SKA0_SKXCCM0_SNLL0_TSGRA0_TSGR
B0_TT4_64_TLDS0_UIIDU0_UMLDSA0_UMLDSB0_UMF0_U64SL1_UIOFGRO0_USFGROn1_VAW1_VSn1_VW1_VWB1_VFLRP0_WSGRA0_WSGRB1_WS32_WG16_2_1_WGM8_WGMTB
#    (0:0) 
Cijk_Alik_Bjlk_B8B8S_BH_GB_MT64x64x16_MI16x16x16x1_SN_1LDSB0_APM1_AAIGTEn1_AAILTEn1_AAV0_ABV0_ACED0_AF0EM1_AF1EM1_AMAS0_ASE_ASGT_ASLT_ASM_ASAE01_ASBE01_ASCE01_ASDE01_ASEM1_
AAC0_BL1_BS1_CUM0_CDO0_CTDA0_CLR0_DSK0_DRA0_DU16_DULD1_DTLA0_DTLB0_DTVA0_DTVB0_DAF0_DKP0_DVO0_ETSP_EPS0_ELFLR0_EMLL0_FSSC10_F16AI0_F16AIR0_FL0_GLVWA4_GLVWB4_GR2A1_GR2B1_GRC
GA1_GRCGB1_GRCVA1_GRCVB1_GRPM1_GRVW4_GSU1_GSUASB_GSUAA0_GSUSARR1_GSUWGMRR0_GLS0_ISA1201_IU1_IA0_KLA_LEL0_LBSPPA512_LBSPPB512_LPA16_LPB16_LDL1_LR2A1_LR2B1_LRVW8_LW2A1_LW2B1_
LWPMn1_LDW0_LT1_FMA_MIAV1_MTSM64_MTSM1_MDA2_MI16_16_16_1_MO40_MVN256_MMFSC_MKFGSU256_MVN0_NR0_NTA0_NTB0_NTC0_NTD0_NEPBS0_NLCA1_NLCB1_ONLL0_OPLV0_PBD0_PFD1_PG2_PSD0_PSLn1_PW
Cn1_PWLn1_PK0_PKAB0_PAP0_PAPM0_PGR0_PLR0_PKA0_RK0_SGR0_SIA0_SLW0_SS0_SU32_SUM0_SUS256_SCIU0_SCIUE0_SCIUI1_SCIUPL0_SPO0_SRVW0_SSO0_SVW4_SK0_SKA0_SKXCCM0_SNLL0_TSGRA0_TSGRB0_
TT4_64_TLDS0_UIIDU0_UMLDSA0_UMLDSB0_UMF0_U64SL1_UIOFGRO0_USFGROn1_VAW1_VSn1_VW1_VWB1_VFLRP0_WSGRA1_WSGRB1_WS32_WG16_2_1_WGM8_WGMTB
#    (0:0) 
Cijk_Alik_Bjlk_B8B8S_BH_GB_MT64x64x16_MI16x16x16x1_SN_1LDSB0_APM1_AAIGTEn1_AAILTEn1_AAV0_ABV0_ACED0_AF0EM1_AF1EM1_AMAS0_ASE_ASGT_ASLT_ASM_ASAE01_ASBE01_ASCE01_ASDE01_ASEM1_
AAC0_BL1_BS1_CUM0_CDO0_CTDA0_CLR0_DSK0_DRA0_DU16_DULD1_DTLA0_DTLB0_DTVA0_DTVB0_DAF0_DKP0_DVO0_ETSP_EPS0_ELFLR0_EMLL0_FSSC10_F16AI0_F16AIR0_FL0_GLVWA8_GLVWB8_GR2A1_GR2B1_GRC
GA1_GRCGB1_GRCVA1_GRCVB1_GRPM1_GRVW8_GSU1_GSUASB_GSUAA0_GSUSARR1_GSUWGMRR0_GLS0_ISA1201_IU1_IA0_KLA_LEL0_LBSPPA512_LBSPPB512_LPA16_LPB16_LDL1_LR2A1_LR2B1_LRVW8_LW2A1_LW2B1_
LWPMn1_LDW0_LT1_FMA_MIAV1_MTSM64_MTSM1_MDA2_MI16_16_16_1_MO40_MVN256_MMFSC_MKFGSU256_MVN0_NR0_NTA0_NTB0_NTC0_NTD0_NEPBS0_NLCA1_NLCB1_ONLL0_OPLV0_PBD0_PFD1_PG2_PSD0_PSLn1_PW
Cn1_PWLn1_PK0_PKAB0_PAP0_PAPM0_PGR0_PLR0_PKA0_RK0_SGR0_SIA0_SLW0_SS0_SU32_SUM0_SUS256_SCIU0_SCIUE0_SCIUI1_SCIUPL0_SPO0_SRVW0_SSO0_SVW4_SK0_SKA0_SKXCCM0_SNLL0_TSGRA0_TSGRB0_
TT4_64_TLDS0_UIIDU0_UMLDSA0_UMLDSB0_UMF0_U64SL1_UIOFGRO0_USFGROn1_VAW1_VSn1_VW1_VWB1_VFLRP0_WSGRA1_WSGRB1_WS32_WG16_2_1_WGM8_WGMTB
#    (0:0) 
Cijk_Alik_Bjlk_B8B8S_BH_GB_MT64x64x16_MI16x16x16x1_SN_1LDSB0_APM1_AAIGTEn1_AAILTEn1_AAV0_ABV0_ACED0_AF0EM1_AF1EM1_AMAS0_ASE_ASGT_ASLT_ASM_ASAE01_ASBE01_ASCE01_ASDE01_ASEM1_
AAC0_BL1_BS1_CUM0_CDO0_CTDA0_CLR0_DSK0_DRA0_DU16_DULD1_DTLA0_DTLB0_DTVA0_DTVB0_DAF0_DKP0_DVO0_ETSP_EPS0_ELFLR0_EMLL0_FSSC10_F16AI0_F16AIR0_FL0_GLVWA16_GLVWB16_GR2A1_GR2B1_G
RCGA1_GRCGB1_GRCVA1_GRCVB1_GRPM1_GRVW16_GSU1_GSUASB_GSUAA0_GSUSARR1_GSUWGMRR0_GLS0_ISA1201_IU1_IA0_KLA_LEL0_LBSPPA512_LBSPPB512_LPA16_LPB16_LDL1_LR2A1_LR2B1_LRVW8_LW2A1_LW2
B1_LWPMn1_LDW0_LT1_FMA_MIAV1_MTSM64_MTSM1_MDA2_MI16_16_16_1_MO40_MVN256_MMFSC_MKFGSU256_MVN0_NR0_NTA0_NTB0_NTC0_NTD0_NEPBS0_NLCA1_NLCB1_ONLL0_OPLV0_PBD0_PFD1_PG2_PSD0_PSLn1
_PWCn1_PWLn1_PK0_PKAB0_PAP0_PAPM0_PGR0_PLR0_PKA0_RK0_SGR0_SIA0_SLW0_SS0_SU32_SUM0_SUS256_SCIU0_SCIUE0_SCIUI1_SCIUPL0_SPO0_SRVW0_SSO0_SVW4_SK0_SKA0_SKXCCM0_SNLL0_TSGRA0_TSGR
B0_TT4_64_TLDS0_UIIDU0_UMLDSA0_UMLDSB0_UMF0_U64SL1_UIOFGRO0_USFGROn1_VAW1_VSn1_VW1_VWB1_VFLRP0_WSGRA1_WSGRB1_WS32_WG16_2_1_WGM8_WGMTB
#    (0:0) 
Cijk_Alik_Bjlk_B8B8S_BH_GB_MT64x64x32_MI16x16x16x1_SN_1LDSB0_APM1_AAIGTEn1_AAILTEn1_AAV0_ABV0_ACED0_AF0EM1_AF1EM1_AMAS0_ASE_ASGT_ASLT_ASM_ASAE01_ASBE01_ASCE01_ASDE01_ASEM1_
AAC0_BL1_BS1_CUM0_CDO0_CTDA0_CLR0_DSK0_DRA0_DU32_DULD1_DTLA0_DTLB0_DTVA0_DTVB0_DAF0_DKP0_DVO0_ETSP_EPS0_ELFLR0_EMLL0_FSSC10_F16AI0_F16AIR0_FL0_GLVWA4_GLVWB4_GR2A1_GR2B1_GRC
GA1_GRCGB1_GRCVA1_GRCVB1_GRPM1_GRVW4_GSU1_GSUASB_GSUAA0_GSUSARR1_GSUWGMRR0_GLS0_ISA1201_IU1_IA0_KLA_LEL0_LBSPPA512_LBSPPB512_LPA16_LPB16_LDL1_LR2A1_LR2B1_LRVW8_LW2A1_LW2B1_
LWPMn1_LDW0_LT1_FMA_MIAV1_MTSM64_MTSM1_MDA2_MI16_16_16_1_MO40_MVN256_MMFSC_MKFGSU256_MVN0_NR0_NTA0_NTB0_NTC0_NTD0_NEPBS0_NLCA1_NLCB1_ONLL0_OPLV0_PBD0_PFD1_PG2_PSD0_PSLn1_PW
Cn1_PWLn1_PK0_PKAB0_PAP0_PAPM0_PGR0_PLR0_PKA0_RK0_SGR0_SIA0_SLW0_SS0_SU32_SUM0_SUS256_SCIU0_SCIUE0_SCIUI1_SCIUPL0_SPO0_SRVW0_SSO0_SVW4_SK0_SKA0_SKXCCM0_SNLL0_TSGRA0_TSGRB0_
TT4_64_TLDS0_UIIDU0_UMLDSA0_UMLDSB0_UMF0_U64SL1_UIOFGRO0_USFGROn1_VAW1_VSn1_VW1_VWB1_VFLRP0_WSGRA0_WSGRB0_WS32_WG16_2_1_WGM8_WGMTB
#    (0:0) 
Cijk_Alik_Bjlk_B8B8S_BH_GB_MT64x64x32_MI16x16x16x1_SN_1LDSB0_APM1_AAIGTEn1_AAILTEn1_AAV0_ABV0_ACED0_AF0EM1_AF1EM1_AMAS0_ASE_ASGT_ASLT_ASM_ASAE01_ASBE01_ASCE01_ASDE01_ASEM1_
AAC0_BL1_BS1_CUM0_CDO0_CTDA0_CLR0_DSK0_DRA0_DU32_DULD1_DTLA0_DTLB0_DTVA0_DTVB0_DAF0_DKP0_DVO0_ETSP_EPS0_ELFLR0_EMLL0_FSSC10_F16AI0_F16AIR0_FL0_GLVWA8_GLVWB8_GR2A1_GR2B1_GRC
GA1_GRCGB1_GRCVA1_GRCVB1_GRPM1_GRVW8_GSU1_GSUASB_GSUAA0_GSUSARR1_GSUWGMRR0_GLS0_ISA1201_IU1_IA0_KLA_LEL0_LBSPPA512_LBSPPB512_LPA16_LPB16_LDL1_LR2A1_LR2B1_LRVW8_LW2A1_LW2B1_
LWPMn1_LDW0_LT1_FMA_MIAV1_MTSM64_MTSM1_MDA2_MI16_16_16_1_MO40_MVN256_MMFSC_MKFGSU256_MVN0_NR0_NTA0_NTB0_NTC0_NTD0_NEPBS0_NLCA1_NLCB1_ONLL0_OPLV0_PBD0_PFD1_PG2_PSD0_PSLn1_PW
Cn1_PWLn1_PK0_PKAB0_PAP0_PAPM0_PGR0_PLR0_PKA0_RK0_SGR0_SIA0_SLW0_SS0_SU32_SUM0_SUS256_SCIU0_SCIUE0_SCIUI1_SCIUPL0_SPO0_SRVW0_SSO0_SVW4_SK0_SKA0_SKXCCM0_SNLL0_TSGRA0_TSGRB0_
TT4_64_TLDS0_UIIDU0_UMLDSA0_UMLDSB0_UMF0_U64SL1_UIOFGRO0_USFGROn1_VAW1_VSn1_VW1_VWB1_VFLRP0_WSGRA0_WSGRB0_WS32_WG16_2_1_WGM8_WGMTB
#    (0:0) 
Cijk_Alik_Bjlk_B8B8S_BH_GB_MT64x64x32_MI16x16x16x1_SN_1LDSB0_APM1_AAIGTEn1_AAILTEn1_AAV0_ABV0_ACED0_AF0EM1_AF1EM1_AMAS0_ASE_ASGT_ASLT_ASM_ASAE01_ASBE01_ASCE01_ASDE01_ASEM1_
AAC0_BL1_BS1_CUM0_CDO0_CTDA0_CLR0_DSK0_DRA0_DU32_DULD1_DTLA0_DTLB0_DTVA0_DTVB0_DAF0_DKP0_DVO0_ETSP_EPS0_ELFLR0_EMLL0_FSSC10_F16AI0_F16AIR0_FL0_GLVWA16_GLVWB16_GR2A1_GR2B1_G
RCGA1_GRCGB1_GRCVA1_GRCVB1_GRPM1_GRVW16_GSU1_GSUASB_GSUAA0_GSUSARR1_GSUWGMRR0_GLS0_ISA1201_IU1_IA0_KLA_LEL0_LBSPPA512_LBSPPB512_LPA16_LPB16_LDL1_LR2A1_LR2B1_LRVW8_LW2A1_LW2
B1_LWPMn1_LDW0_LT1_FMA_MIAV1_MTSM64_MTSM1_MDA2_MI16_16_16_1_MO40_MVN256_MMFSC_MKFGSU256_MVN0_NR0_NTA0_NTB0_NTC0_NTD0_NEPBS0_NLCA1_NLCB1_ONLL0_OPLV0_PBD0_PFD1_PG2_PSD0_PSLn1
_PWCn1_PWLn1_PK0_PKAB0_PAP0_PAPM0_PGR0_PLR0_PKA0_RK0_SGR0_SIA0_SLW0_SS0_SU32_SUM0_SUS256_SCIU0_SCIUE0_SCIUI1_SCIUPL0_SPO0_SRVW0_SSO0_SVW4_SK0_SKA0_SKXCCM0_SNLL0_TSGRA0_TSGR
B0_TT4_64_TLDS0_UIIDU0_UMLDSA0_UMLDSB0_UMF0_U64SL1_UIOFGRO0_USFGROn1_VAW1_VSn1_VW1_VWB1_VFLRP0_WSGRA0_WSGRB0_WS32_WG16_2_1_WGM8_WGMTB
#    (0:0) 
Cijk_Alik_Bjlk_B8B8S_BH_GB_MT64x64x32_MI16x16x16x1_SN_1LDSB0_APM1_AAIGTEn1_AAILTEn1_AAV0_ABV0_ACED0_AF0EM1_AF1EM1_AMAS0_ASE_ASGT_ASLT_ASM_ASAE01_ASBE01_ASCE01_ASDE01_ASEM1_
AAC0_BL1_BS1_CUM0_CDO0_CTDA0_CLR0_DSK0_DRA0_DU32_DULD1_DTLA0_DTLB0_DTVA0_DTVB0_DAF0_DKP0_DVO0_ETSP_EPS0_ELFLR0_EMLL0_FSSC10_F16AI0_F16AIR0_FL0_GLVWA4_GLVWB4_GR2A1_GR2B1_GRC
GA1_GRCGB1_GRCVA1_GRCVB1_GRPM1_GRVW4_GSU1_GSUASB_GSUAA0_GSUSARR1_GSUWGMRR0_GLS0_ISA1201_IU1_IA0_KLA_LEL0_LBSPPA512_LBSPPB512_LPA16_LPB16_LDL1_LR2A1_LR2B1_LRVW8_LW2A1_LW2B1_
LWPMn1_LDW0_LT1_FMA_MIAV1_MTSM64_MTSM1_MDA2_MI16_16_16_1_MO40_MVN256_MMFSC_MKFGSU256_MVN0_NR0_NTA0_NTB0_NTC0_NTD0_NEPBS0_NLCA1_NLCB1_ONLL0_OPLV0_PBD0_PFD1_PG2_PSD0_PSLn1_PW
Cn1_PWLn1_PK0_PKAB0_PAP0_PAPM0_PGR0_PLR0_PKA0_RK0_SGR0_SIA0_SLW0_SS0_SU32_SUM0_SUS256_SCIU0_SCIUE0_SCIUI1_SCIUPL0_SPO0_SRVW0_SSO0_SVW4_SK0_SKA0_SKXCCM0_SNLL0_TSGRA0_TSGRB0_
TT4_64_TLDS0_UIIDU0_UMLDSA0_UMLDSB0_UMF0_U64SL1_UIOFGRO0_USFGROn1_VAW1_VSn1_VW1_VWB1_VFLRP0_WSGRA1_WSGRB0_WS32_WG16_2_1_WGM8_WGMTB
#    (0:0) 
Cijk_Alik_Bjlk_B8B8S_BH_GB_MT64x64x32_MI16x16x16x1_SN_1LDSB0_APM1_AAIGTEn1_AAILTEn1_AAV0_ABV0_ACED0_AF0EM1_AF1EM1_AMAS0_ASE_ASGT_ASLT_ASM_ASAE01_ASBE01_ASCE01_ASDE01_ASEM1_
AAC0_BL1_BS1_CUM0_CDO0_CTDA0_CLR0_DSK0_DRA0_DU32_DULD1_DTLA0_DTLB0_DTVA0_DTVB0_DAF0_DKP0_DVO0_ETSP_EPS0_ELFLR0_EMLL0_FSSC10_F16AI0_F16AIR0_FL0_GLVWA8_GLVWB8_GR2A1_GR2B1_GRC
GA1_GRCGB1_GRCVA1_GRCVB1_GRPM1_GRVW8_GSU1_GSUASB_GSUAA0_GSUSARR1_GSUWGMRR0_GLS0_ISA1201_IU1_IA0_KLA_LEL0_LBSPPA512_LBSPPB512_LPA16_LPB16_LDL1_LR2A1_LR2B1_LRVW8_LW2A1_LW2B1_
LWPMn1_LDW0_LT1_FMA_MIAV1_MTSM64_MTSM1_MDA2_MI16_16_16_1_MO40_MVN256_MMFSC_MKFGSU256_MVN0_NR0_NTA0_NTB0_NTC0_NTD0_NEPBS0_NLCA1_NLCB1_ONLL0_OPLV0_PBD0_PFD1_PG2_PSD0_PSLn1_PW
Cn1_PWLn1_PK0_PKAB0_PAP0_PAPM0_PGR0_PLR0_PKA0_RK0_SGR0_SIA0_SLW0_SS0_SU32_SUM0_SUS256_SCIU0_SCIUE0_SCIUI1_SCIUPL0_SPO0_SRVW0_SSO0_SVW4_SK0_SKA0_SKXCCM0_SNLL0_TSGRA0_TSGRB0_
TT4_64_TLDS0_UIIDU0_UMLDSA0_UMLDSB0_UMF0_U64SL1_UIOFGRO0_USFGROn1_VAW1_VSn1_VW1_VWB1_VFLRP0_WSGRA1_WSGRB0_WS32_WG16_2_1_WGM8_WGMTB
#    (0:0) 
Cijk_Alik_Bjlk_B8B8S_BH_GB_MT64x64x32_MI16x16x16x1_SN_1LDSB0_APM1_AAIGTEn1_AAILTEn1_AAV0_ABV0_ACED0_AF0EM1_AF1EM1_AMAS0_ASE_ASGT_ASLT_ASM_ASAE01_ASBE01_ASCE01_ASDE01_ASEM1_
AAC0_BL1_BS1_CUM0_CDO0_CTDA0_CLR0_DSK0_DRA0_DU32_DULD1_DTLA0_DTLB0_DTVA0_DTVB0_DAF0_DKP0_DVO0_ETSP_EPS0_ELFLR0_EMLL0_FSSC10_F16AI0_F16AIR0_FL0_GLVWA16_GLVWB16_GR2A1_GR2B1_G
RCGA1_GRCGB1_GRCVA1_GRCVB1_GRPM1_GRVW16_GSU1_GSUASB_GSUAA0_GSUSARR1_GSUWGMRR0_GLS0_ISA1201_IU1_IA0_KLA_LEL0_LBSPPA512_LBSPPB512_LPA16_LPB16_LDL1_LR2A1_LR2B1_LRVW8_LW2A1_LW2
B1_LWPMn1_LDW0_LT1_FMA_MIAV1_MTSM64_MTSM1_MDA2_MI16_16_16_1_MO40_MVN256_MMFSC_MKFGSU256_MVN0_NR0_NTA0_NTB0_NTC0_NTD0_NEPBS0_NLCA1_NLCB1_ONLL0_OPLV0_PBD0_PFD1_PG2_PSD0_PSLn1
_PWCn1_PWLn1_PK0_PKAB0_PAP0_PAPM0_PGR0_PLR0_PKA0_RK0_SGR0_SIA0_SLW0_SS0_SU32_SUM0_SUS256_SCIU0_SCIUE0_SCIUI1_SCIUPL0_SPO0_SRVW0_SSO0_SVW4_SK0_SKA0_SKXCCM0_SNLL0_TSGRA0_TSGR
B0_TT4_64_TLDS0_UIIDU0_UMLDSA0_UMLDSB0_UMF0_U64SL1_UIOFGRO0_USFGROn1_VAW1_VSn1_VW1_VWB1_VFLRP0_WSGRA1_WSGRB0_WS32_WG16_2_1_WGM8_WGMTB
#    (0:0) 
Cijk_Alik_Bjlk_B8B8S_BH_GB_MT64x64x32_MI16x16x16x1_SN_1LDSB0_APM1_AAIGTEn1_AAILTEn1_AAV0_ABV0_ACED0_AF0EM1_AF1EM1_AMAS0_ASE_ASGT_ASLT_ASM_ASAE01_ASBE01_ASCE01_ASDE01_ASEM1_
AAC0_BL1_BS1_CUM0_CDO0_CTDA0_CLR0_DSK0_DRA0_DU32_DULD1_DTLA0_DTLB0_DTVA0_DTVB0_DAF0_DKP0_DVO0_ETSP_EPS0_ELFLR0_EMLL0_FSSC10_F16AI0_F16AIR0_FL0_GLVWA4_GLVWB4_GR2A1_GR2B1_GRC
GA1_GRCGB1_GRCVA1_GRCVB1_GRPM1_GRVW4_GSU1_GSUASB_GSUAA0_GSUSARR1_GSUWGMRR0_GLS0_ISA1201_IU1_IA0_KLA_LEL0_LBSPPA512_LBSPPB512_LPA16_LPB16_LDL1_LR2A1_LR2B1_LRVW8_LW2A1_LW2B1_
LWPMn1_LDW0_LT1_FMA_MIAV1_MTSM64_MTSM1_MDA2_MI16_16_16_1_MO40_MVN256_MMFSC_MKFGSU256_MVN0_NR0_NTA0_NTB0_NTC0_NTD0_NEPBS0_NLCA1_NLCB1_ONLL0_OPLV0_PBD0_PFD1_PG2_PSD0_PSLn1_PW
Cn1_PWLn1_PK0_PKAB0_PAP0_PAPM0_PGR0_PLR0_PKA0_RK0_SGR0_SIA0_SLW0_SS0_SU32_SUM0_SUS256_SCIU0_SCIUE0_SCIUI1_SCIUPL0_SPO0_SRVW0_SSO0_SVW4_SK0_SKA0_SKXCCM0_SNLL0_TSGRA0_TSGRB0_
TT4_64_TLDS0_UIIDU0_UMLDSA0_UMLDSB0_UMF0_U64SL1_UIOFGRO0_USFGROn1_VAW1_VSn1_VW1_VWB1_VFLRP0_WSGRA0_WSGRB1_WS32_WG16_2_1_WGM8_WGMTB
#    (0:0) 
Cijk_Alik_Bjlk_B8B8S_BH_GB_MT64x64x32_MI16x16x16x1_SN_1LDSB0_APM1_AAIGTEn1_AAILTEn1_AAV0_ABV0_ACED0_AF0EM1_AF1EM1_AMAS0_ASE_ASGT_ASLT_ASM_ASAE01_ASBE01_ASCE01_ASDE01_ASEM1_
AAC0_BL1_BS1_CUM0_CDO0_CTDA0_CLR0_DSK0_DRA0_DU32_DULD1_DTLA0_DTLB0_DTVA0_DTVB0_DAF0_DKP0_DVO0_ETSP_EPS0_ELFLR0_EMLL0_FSSC10_F16AI0_F16AIR0_FL0_GLVWA8_GLVWB8_GR2A1_GR2B1_GRC
GA1_GRCGB1_GRCVA1_GRCVB1_GRPM1_GRVW8_GSU1_GSUASB_GSUAA0_GSUSARR1_GSUWGMRR0_GLS0_ISA1201_IU1_IA0_KLA_LEL0_LBSPPA512_LBSPPB512_LPA16_LPB16_LDL1_LR2A1_LR2B1_LRVW8_LW2A1_LW2B1_
LWPMn1_LDW0_LT1_FMA_MIAV1_MTSM64_MTSM1_MDA2_MI16_16_16_1_MO40_MVN256_MMFSC_MKFGSU256_MVN0_NR0_NTA0_NTB0_NTC0_NTD0_NEPBS0_NLCA1_NLCB1_ONLL0_OPLV0_PBD0_PFD1_PG2_PSD0_PSLn1_PW
Cn1_PWLn1_PK0_PKAB0_PAP0_PAPM0_PGR0_PLR0_PKA0_RK0_SGR0_SIA0_SLW0_SS0_SU32_SUM0_SUS256_SCIU0_SCIUE0_SCIUI1_SCIUPL0_SPO0_SRVW0_SSO0_SVW4_SK0_SKA0_SKXCCM0_SNLL0_TSGRA0_TSGRB0_
TT4_64_TLDS0_UIIDU0_UMLDSA0_UMLDSB0_UMF0_U64SL1_UIOFGRO0_USFGROn1_VAW1_VSn1_VW1_VWB1_VFLRP0_WSGRA0_WSGRB1_WS32_WG16_2_1_WGM8_WGMTB
#    (0:0) 
Cijk_Alik_Bjlk_B8B8S_BH_GB_MT64x64x32_MI16x16x16x1_SN_1LDSB0_APM1_AAIGTEn1_AAILTEn1_AAV0_ABV0_ACED0_AF0EM1_AF1EM1_AMAS0_ASE_ASGT_ASLT_ASM_ASAE01_ASBE01_ASCE01_ASDE01_ASEM1_
AAC0_BL1_BS1_CUM0_CDO0_CTDA0_CLR0_DSK0_DRA0_DU32_DULD1_DTLA0_DTLB0_DTVA0_DTVB0_DAF0_DKP0_DVO0_ETSP_EPS0_ELFLR0_EMLL0_FSSC10_F16AI0_F16AIR0_FL0_GLVWA16_GLVWB16_GR2A1_GR2B1_G
RCGA1_GRCGB1_GRCVA1_GRCVB1_GRPM1_GRVW16_GSU1_GSUASB_GSUAA0_GSUSARR1_GSUWGMRR0_GLS0_ISA1201_IU1_IA0_KLA_LEL0_LBSPPA512_LBSPPB512_LPA16_LPB16_LDL1_LR2A1_LR2B1_LRVW8_LW2A1_LW2
B1_LWPMn1_LDW0_LT1_FMA_MIAV1_MTSM64_MTSM1_MDA2_MI16_16_16_1_MO40_MVN256_MMFSC_MKFGSU256_MVN0_NR0_NTA0_NTB0_NTC0_NTD0_NEPBS0_NLCA1_NLCB1_ONLL0_OPLV0_PBD0_PFD1_PG2_PSD0_PSLn1
_PWCn1_PWLn1_PK0_PKAB0_PAP0_PAPM0_PGR0_PLR0_PKA0_RK0_SGR0_SIA0_SLW0_SS0_SU32_SUM0_SUS256_SCIU0_SCIUE0_SCIUI1_SCIUPL0_SPO0_SRVW0_SSO0_SVW4_SK0_SKA0_SKXCCM0_SNLL0_TSGRA0_TSGR
B0_TT4_64_TLDS0_UIIDU0_UMLDSA0_UMLDSB0_UMF0_U64SL1_UIOFGRO0_USFGROn1_VAW1_VSn1_VW1_VWB1_VFLRP0_WSGRA0_WSGRB1_WS32_WG16_2_1_WGM8_WGMTB
#    (0:0) 
Cijk_Alik_Bjlk_B8B8S_BH_GB_MT64x64x32_MI16x16x16x1_SN_1LDSB0_APM1_AAIGTEn1_AAILTEn1_AAV0_ABV0_ACED0_AF0EM1_AF1EM1_AMAS0_ASE_ASGT_ASLT_ASM_ASAE01_ASBE01_ASCE01_ASDE01_ASEM1_
AAC0_BL1_BS1_CUM0_CDO0_CTDA0_CLR0_DSK0_DRA0_DU32_DULD1_DTLA0_DTLB0_DTVA0_DTVB0_DAF0_DKP0_DVO0_ETSP_EPS0_ELFLR0_EMLL0_FSSC10_F16AI0_F16AIR0_FL0_GLVWA4_GLVWB4_GR2A1_GR2B1_GRC
GA1_GRCGB1_GRCVA1_GRCVB1_GRPM1_GRVW4_GSU1_GSUASB_GSUAA0_GSUSARR1_GSUWGMRR0_GLS0_ISA1201_IU1_IA0_KLA_LEL0_LBSPPA512_LBSPPB512_LPA16_LPB16_LDL1_LR2A1_LR2B1_LRVW8_LW2A1_LW2B1_
LWPMn1_LDW0_LT1_FMA_MIAV1_MTSM64_MTSM1_MDA2_MI16_16_16_1_MO40_MVN256_MMFSC_MKFGSU256_MVN0_NR0_NTA0_NTB0_NTC0_NTD0_NEPBS0_NLCA1_NLCB1_ONLL0_OPLV0_PBD0_PFD1_PG2_PSD0_PSLn1_PW
Cn1_PWLn1_PK0_PKAB0_PAP0_PAPM0_PGR0_PLR0_PKA0_RK0_SGR0_SIA0_SLW0_SS0_SU32_SUM0_SUS256_SCIU0_SCIUE0_SCIUI1_SCIUPL0_SPO0_SRVW0_SSO0_SVW4_SK0_SKA0_SKXCCM0_SNLL0_TSGRA0_TSGRB0_
TT4_64_TLDS0_UIIDU0_UMLDSA0_UMLDSB0_UMF0_U64SL1_UIOFGRO0_USFGROn1_VAW1_VSn1_VW1_VWB1_VFLRP0_WSGRA1_WSGRB1_WS32_WG16_2_1_WGM8_WGMTB
#    (0:0) 
Cijk_Alik_Bjlk_B8B8S_BH_GB_MT64x64x32_MI16x16x16x1_SN_1LDSB0_APM1_AAIGTEn1_AAILTEn1_AAV0_ABV0_ACED0_AF0EM1_AF1EM1_AMAS0_ASE_ASGT_ASLT_ASM_ASAE01_ASBE01_ASCE01_ASDE01_ASEM1_
AAC0_BL1_BS1_CUM0_CDO0_CTDA0_CLR0_DSK0_DRA0_DU32_DULD1_DTLA0_DTLB0_DTVA0_DTVB0_DAF0_DKP0_DVO0_ETSP_EPS0_ELFLR0_EMLL0_FSSC10_F16AI0_F16AIR0_FL0_GLVWA8_GLVWB8_GR2A1_GR2B1_GRC
GA1_GRCGB1_GRCVA1_GRCVB1_GRPM1_GRVW8_GSU1_GSUASB_GSUAA0_GSUSARR1_GSUWGMRR0_GLS0_ISA1201_IU1_IA0_KLA_LEL0_LBSPPA512_LBSPPB512_LPA16_LPB16_LDL1_LR2A1_LR2B1_LRVW8_LW2A1_LW2B1_
LWPMn1_LDW0_LT1_FMA_MIAV1_MTSM64_MTSM1_MDA2_MI16_16_16_1_MO40_MVN256_MMFSC_MKFGSU256_MVN0_NR0_NTA0_NTB0_NTC0_NTD0_NEPBS0_NLCA1_NLCB1_ONLL0_OPLV0_PBD0_PFD1_PG2_PSD0_PSLn1_PW
Cn1_PWLn1_PK0_PKAB0_PAP0_PAPM0_PGR0_PLR0_PKA0_RK0_SGR0_SIA0_SLW0_SS0_SU32_SUM0_SUS256_SCIU0_SCIUE0_SCIUI1_SCIUPL0_SPO0_SRVW0_SSO0_SVW4_SK0_SKA0_SKXCCM0_SNLL0_TSGRA0_TSGRB0_
TT4_64_TLDS0_UIIDU0_UMLDSA0_UMLDSB0_UMF0_U64SL1_UIOFGRO0_USFGROn1_VAW1_VSn1_VW1_VWB1_VFLRP0_WSGRA1_WSGRB1_WS32_WG16_2_1_WGM8_WGMTB
#    (0:0) 
Cijk_Alik_Bjlk_B8B8S_BH_GB_MT64x64x32_MI16x16x16x1_SN_1LDSB0_APM1_AAIGTEn1_AAILTEn1_AAV0_ABV0_ACED0_AF0EM1_AF1EM1_AMAS0_ASE_ASGT_ASLT_ASM_ASAE01_ASBE01_ASCE01_ASDE01_ASEM1_
AAC0_BL1_BS1_CUM0_CDO0_CTDA0_CLR0_DSK0_DRA0_DU32_DULD1_DTLA0_DTLB0_DTVA0_DTVB0_DAF0_DKP0_DVO0_ETSP_EPS0_ELFLR0_EMLL0_FSSC10_F16AI0_F16AIR0_FL0_GLVWA16_GLVWB16_GR2A1_GR2B1_G
RCGA1_GRCGB1_GRCVA1_GRCVB1_GRPM1_GRVW16_GSU1_GSUASB_GSUAA0_GSUSARR1_GSUWGMRR0_GLS0_ISA1201_IU1_IA0_KLA_LEL0_LBSPPA512_LBSPPB512_LPA16_LPB16_LDL1_LR2A1_LR2B1_LRVW8_LW2A1_LW2
B1_LWPMn1_LDW0_LT1_FMA_MIAV1_MTSM64_MTSM1_MDA2_MI16_16_16_1_MO40_MVN256_MMFSC_MKFGSU256_MVN0_NR0_NTA0_NTB0_NTC0_NTD0_NEPBS0_NLCA1_NLCB1_ONLL0_OPLV0_PBD0_PFD1_PG2_PSD0_PSLn1
_PWCn1_PWLn1_PK0_PKAB0_PAP0_PAPM0_PGR0_PLR0_PKA0_RK0_SGR0_SIA0_SLW0_SS0_SU32_SUM0_SUS256_SCIU0_SCIUE0_SCIUI1_SCIUPL0_SPO0_SRVW0_SSO0_SVW4_SK0_SKA0_SKXCCM0_SNLL0_TSGRA0_TSGR
B0_TT4_64_TLDS0_UIIDU0_UMLDSA0_UMLDSB0_UMF0_U64SL1_UIOFGRO0_USFGROn1_VAW1_VSn1_VW1_VWB1_VFLRP0_WSGRA1_WSGRB1_WS32_WG16_2_1_WGM8_WGMTB
#    (0:0) 
Cijk_Alik_Bjlk_B8B8S_BH_GB_MT64x64x16_MI16x16x16x1_SN_1LDSB0_APM1_AAIGTEn1_AAILTEn1_AAV0_ABV0_ACED0_AF0EM1_AF1EM1_AMAS0_ASE_ASGT_ASLT_ASM_ASAE01_ASBE01_ASCE01_ASDE01_ASEM1_
AAC0_BL1_BS1_CUM0_CDO0_CTDA0_CLR0_DSK0_DRA0_DU16_DULD1_DTLA0_DTLB0_DTVA0_DTVB0_DAF0_DKP0_DVO0_ETSP_EPS0_ELFLR0_EMLL0_FSSC10_F16AI0_F16AIR0_FL0_GLVWA4_GLVWB4_GR2A1_GR2B1_GRC
GA1_GRCGB1_GRCVA1_GRCVB1_GRPM1_GRVW4_GSU1_GSUASB_GSUAA0_GSUSARR1_GSUWGMRR0_GLS0_ISA1201_IU1_IA0_KLA_LEL0_LBSPPA512_LBSPPB512_LPA16_LPB16_LDL1_LR2A1_LR2B1_LRVW8_LW2A1_LW2B1_
LWPMn1_LDW0_LT1_FMA_MIAV1_MTSM64_MTSM1_MDA2_MI16_16_16_1_MO40_MVN256_MMFSC_MKFGSU256_MVN0_NR0_NTA0_NTB0_NTC0_NTD0_NEPBS0_NLCA1_NLCB1_ONLL0_OPLV0_PBD0_PFD1_PG2_PSD0_PSLn1_PW
Cn1_PWLn1_PK0_PKAB0_PAP0_PAPM0_PGR0_PLR0_PKA0_RK0_SGR0_SIA0_SLW0_SS1_SU32_SUM0_SUS256_SCIU0_SCIUE0_SCIUI1_SCIUPL0_SPO0_SRVW0_SSO0_SVW1_SK0_SKA0_SKXCCM0_SNLL0_TSGRA0_TSGRB0_
TT4_64_TLDS0_UIIDU0_UMLDSA0_UMLDSB0_UMF0_U64SL1_UIOFGRO0_USFGROn1_VAW1_VSn1_VW1_VWB1_VFLRP0_WSGRA0_WSGRB0_WS32_WG16_2_1_WGM8_WGMTB
#    (0:0) 
Cijk_Alik_Bjlk_B8B8S_BH_GB_MT64x64x16_MI16x16x16x1_SN_1LDSB0_APM1_AAIGTEn1_AAILTEn1_AAV0_ABV0_ACED0_AF0EM1_AF1EM1_AMAS0_ASE_ASGT_ASLT_ASM_ASAE01_ASBE01_ASCE01_ASDE01_ASEM1_
AAC0_BL1_BS1_CUM0_CDO0_CTDA0_CLR0_DSK0_DRA0_DU16_DULD1_DTLA0_DTLB0_DTVA0_DTVB0_DAF0_DKP0_DVO0_ETSP_EPS0_ELFLR0_EMLL0_FSSC10_F16AI0_F16AIR0_FL0_GLVWA8_GLVWB8_GR2A1_GR2B1_GRC
GA1_GRCGB1_GRCVA1_GRCVB1_GRPM1_GRVW8_GSU1_GSUASB_GSUAA0_GSUSARR1_GSUWGMRR0_GLS0_ISA1201_IU1_IA0_KLA_LEL0_LBSPPA512_LBSPPB512_LPA16_LPB16_LDL1_LR2A1_LR2B1_LRVW8_LW2A1_LW2B1_
LWPMn1_LDW0_LT1_FMA_MIAV1_MTSM64_MTSM1_MDA2_MI16_16_16_1_MO40_MVN256_MMFSC_MKFGSU256_MVN0_NR0_NTA0_NTB0_NTC0_NTD0_NEPBS0_NLCA1_NLCB1_ONLL0_OPLV0_PBD0_PFD1_PG2_PSD0_PSLn1_PW
Cn1_PWLn1_PK0_PKAB0_PAP0_PAPM0_PGR0_PLR0_PKA0_RK0_SGR0_SIA0_SLW0_SS1_SU32_SUM0_SUS256_SCIU0_SCIUE0_SCIUI1_SCIUPL0_SPO0_SRVW0_SSO0_SVW1_SK0_SKA0_SKXCCM0_SNLL0_TSGRA0_TSGRB0_
TT4_64_TLDS0_UIIDU0_UMLDSA0_UMLDSB0_UMF0_U64SL1_UIOFGRO0_USFGROn1_VAW1_VSn1_VW1_VWB1_VFLRP0_WSGRA0_WSGRB0_WS32_WG16_2_1_WGM8_WGMTB
#    (0:0) 
Cijk_Alik_Bjlk_B8B8S_BH_GB_MT64x64x16_MI16x16x16x1_SN_1LDSB0_APM1_AAIGTEn1_AAILTEn1_AAV0_ABV0_ACED0_AF0EM1_AF1EM1_AMAS0_ASE_ASGT_ASLT_ASM_ASAE01_ASBE01_ASCE01_ASDE01_ASEM1_
AAC0_BL1_BS1_CUM0_CDO0_CTDA0_CLR0_DSK0_DRA0_DU16_DULD1_DTLA0_DTLB0_DTVA0_DTVB0_DAF0_DKP0_DVO0_ETSP_EPS0_ELFLR0_EMLL0_FSSC10_F16AI0_F16AIR0_FL0_GLVWA16_GLVWB16_GR2A1_GR2B1_G
RCGA1_GRCGB1_GRCVA1_GRCVB1_GRPM1_GRVW16_GSU1_GSUASB_GSUAA0_GSUSARR1_GSUWGMRR0_GLS0_ISA1201_IU1_IA0_KLA_LEL0_LBSPPA512_LBSPPB512_LPA16_LPB16_LDL1_LR2A1_LR2B1_LRVW8_LW2A1_LW2
B1_LWPMn1_LDW0_LT1_FMA_MIAV1_MTSM64_MTSM1_MDA2_MI16_16_16_1_MO40_MVN256_MMFSC_MKFGSU256_MVN0_NR0_NTA0_NTB0_NTC0_NTD0_NEPBS0_NLCA1_NLCB1_ONLL0_OPLV0_PBD0_PFD1_PG2_PSD0_PSLn1
_PWCn1_PWLn1_PK0_PKAB0_PAP0_PAPM0_PGR0_PLR0_PKA0_RK0_SGR0_SIA0_SLW0_SS1_SU32_SUM0_SUS256_SCIU0_SCIUE0_SCIUI1_SCIUPL0_SPO0_SRVW0_SSO0_SVW1_SK0_SKA0_SKXCCM0_SNLL0_TSGRA0_TSGR
B0_TT4_64_TLDS0_UIIDU0_UMLDSA0_UMLDSB0_UMF0_U64SL1_UIOFGRO0_USFGROn1_VAW1_VSn1_VW1_VWB1_VFLRP0_WSGRA0_WSGRB0_WS32_WG16_2_1_WGM8_WGMTB
#    (0:0) 
Cijk_Alik_Bjlk_B8B8S_BH_GB_MT64x64x16_MI16x16x16x1_SN_1LDSB0_APM1_AAIGTEn1_AAILTEn1_AAV0_ABV0_ACED0_AF0EM1_AF1EM1_AMAS0_ASE_ASGT_ASLT_ASM_ASAE01_ASBE01_ASCE01_ASDE01_ASEM1_
AAC0_BL1_BS1_CUM0_CDO0_CTDA0_CLR0_DSK0_DRA0_DU16_DULD1_DTLA0_DTLB0_DTVA0_DTVB0_DAF0_DKP0_DVO0_ETSP_EPS0_ELFLR0_EMLL0_FSSC10_F16AI0_F16AIR0_FL0_GLVWA4_GLVWB4_GR2A1_GR2B1_GRC
GA1_GRCGB1_GRCVA1_GRCVB1_GRPM1_GRVW4_GSU1_GSUASB_GSUAA0_GSUSARR1_GSUWGMRR0_GLS0_ISA1201_IU1_IA0_KLA_LEL0_LBSPPA512_LBSPPB512_LPA16_LPB16_LDL1_LR2A1_LR2B1_LRVW8_LW2A1_LW2B1_
LWPMn1_LDW0_LT1_FMA_MIAV1_MTSM64_MTSM1_MDA2_MI16_16_16_1_MO40_MVN256_MMFSC_MKFGSU256_MVN0_NR0_NTA0_NTB0_NTC0_NTD0_NEPBS0_NLCA1_NLCB1_ONLL0_OPLV0_PBD0_PFD1_PG2_PSD0_PSLn1_PW
Cn1_PWLn1_PK0_PKAB0_PAP0_PAPM0_PGR0_PLR0_PKA0_RK0_SGR0_SIA0_SLW0_SS1_SU32_SUM0_SUS256_SCIU0_SCIUE0_SCIUI1_SCIUPL0_SPO0_SRVW0_SSO0_SVW1_SK0_SKA0_SKXCCM0_SNLL0_TSGRA0_TSGRB0_
TT4_64_TLDS0_UIIDU0_UMLDSA0_UMLDSB0_UMF0_U64SL1_UIOFGRO0_USFGROn1_VAW1_VSn1_VW1_VWB1_VFLRP0_WSGRA1_WSGRB0_WS32_WG16_2_1_WGM8_WGMTB
#    (0:0) 
Cijk_Alik_Bjlk_B8B8S_BH_GB_MT64x64x16_MI16x16x16x1_SN_1LDSB0_APM1_AAIGTEn1_AAILTEn1_AAV0_ABV0_ACED0_AF0EM1_AF1EM1_AMAS0_ASE_ASGT_ASLT_ASM_ASAE01_ASBE01_ASCE01_ASDE01_ASEM1_
AAC0_BL1_BS1_CUM0_CDO0_CTDA0_CLR0_DSK0_DRA0_DU16_DULD1_DTLA0_DTLB0_DTVA0_DTVB0_DAF0_DKP0_DVO0_ETSP_EPS0_ELFLR0_EMLL0_FSSC10_F16AI0_F16AIR0_FL0_GLVWA8_GLVWB8_GR2A1_GR2B1_GRC
GA1_GRCGB1_GRCVA1_GRCVB1_GRPM1_GRVW8_GSU1_GSUASB_GSUAA0_GSUSARR1_GSUWGMRR0_GLS0_ISA1201_IU1_IA0_KLA_LEL0_LBSPPA512_LBSPPB512_LPA16_LPB16_LDL1_LR2A1_LR2B1_LRVW8_LW2A1_LW2B1_
LWPMn1_LDW0_LT1_FMA_MIAV1_MTSM64_MTSM1_MDA2_MI16_16_16_1_MO40_MVN256_MMFSC_MKFGSU256_MVN0_NR0_NTA0_NTB0_NTC0_NTD0_NEPBS0_NLCA1_NLCB1_ONLL0_OPLV0_PBD0_PFD1_PG2_PSD0_PSLn1_PW
Cn1_PWLn1_PK0_PKAB0_PAP0_PAPM0_PGR0_PLR0_PKA0_RK0_SGR0_SIA0_SLW0_SS1_SU32_SUM0_SUS256_SCIU0_SCIUE0_SCIUI1_SCIUPL0_SPO0_SRVW0_SSO0_SVW1_SK0_SKA0_SKXCCM0_SNLL0_TSGRA0_TSGRB0_
TT4_64_TLDS0_UIIDU0_UMLDSA0_UMLDSB0_UMF0_U64SL1_UIOFGRO0_USFGROn1_VAW1_VSn1_VW1_VWB1_VFLRP0_WSGRA1_WSGRB0_WS32_WG16_2_1_WGM8_WGMTB
#    (0:0) 
Cijk_Alik_Bjlk_B8B8S_BH_GB_MT64x64x16_MI16x16x16x1_SN_1LDSB0_APM1_AAIGTEn1_AAILTEn1_AAV0_ABV0_ACED0_AF0EM1_AF1EM1_AMAS0_ASE_ASGT_ASLT_ASM_ASAE01_ASBE01_ASCE01_ASDE01_ASEM1_
AAC0_BL1_BS1_CUM0_CDO0_CTDA0_CLR0_DSK0_DRA0_DU16_DULD1_DTLA0_DTLB0_DTVA0_DTVB0_DAF0_DKP0_DVO0_ETSP_EPS0_ELFLR0_EMLL0_FSSC10_F16AI0_F16AIR0_FL0_GLVWA16_GLVWB16_GR2A1_GR2B1_G
RCGA1_GRCGB1_GRCVA1_GRCVB1_GRPM1_GRVW16_GSU1_GSUASB_GSUAA0_GSUSARR1_GSUWGMRR0_GLS0_ISA1201_IU1_IA0_KLA_LEL0_LBSPPA512_LBSPPB512_LPA16_LPB16_LDL1_LR2A1_LR2B1_LRVW8_LW2A1_LW2
B1_LWPMn1_LDW0_LT1_FMA_MIAV1_MTSM64_MTSM1_MDA2_MI16_16_16_1_MO40_MVN256_MMFSC_MKFGSU256_MVN0_NR0_NTA0_NTB0_NTC0_NTD0_NEPBS0_NLCA1_NLCB1_ONLL0_OPLV0_PBD0_PFD1_PG2_PSD0_PSLn1
_PWCn1_PWLn1_PK0_PKAB0_PAP0_PAPM0_PGR0_PLR0_PKA0_RK0_SGR0_SIA0_SLW0_SS1_SU32_SUM0_SUS256_SCIU0_SCIUE0_SCIUI1_SCIUPL0_SPO0_SRVW0_SSO0_SVW1_SK0_SKA0_SKXCCM0_SNLL0_TSGRA0_TSGR
B0_TT4_64_TLDS0_UIIDU0_UMLDSA0_UMLDSB0_UMF0_U64SL1_UIOFGRO0_USFGROn1_VAW1_VSn1_VW1_VWB1_VFLRP0_WSGRA1_WSGRB0_WS32_WG16_2_1_WGM8_WGMTB
#    (0:0) 
Cijk_Alik_Bjlk_B8B8S_BH_GB_MT64x64x16_MI16x16x16x1_SN_1LDSB0_APM1_AAIGTEn1_AAILTEn1_AAV0_ABV0_ACED0_AF0EM1_AF1EM1_AMAS0_ASE_ASGT_ASLT_ASM_ASAE01_ASBE01_ASCE01_ASDE01_ASEM1_
AAC0_BL1_BS1_CUM0_CDO0_CTDA0_CLR0_DSK0_DRA0_DU16_DULD1_DTLA0_DTLB0_DTVA0_DTVB0_DAF0_DKP0_DVO0_ETSP_EPS0_ELFLR0_EMLL0_FSSC10_F16AI0_F16AIR0_FL0_GLVWA4_GLVWB4_GR2A1_GR2B1_GRC
GA1_GRCGB1_GRCVA1_GRCVB1_GRPM1_GRVW4_GSU1_GSUASB_GSUAA0_GSUSARR1_GSUWGMRR0_GLS0_ISA1201_IU1_IA0_KLA_LEL0_LBSPPA512_LBSPPB512_LPA16_LPB16_LDL1_LR2A1_LR2B1_LRVW8_LW2A1_LW2B1_
LWPMn1_LDW0_LT1_FMA_MIAV1_MTSM64_MTSM1_MDA2_MI16_16_16_1_MO40_MVN256_MMFSC_MKFGSU256_MVN0_NR0_NTA0_NTB0_NTC0_NTD0_NEPBS0_NLCA1_NLCB1_ONLL0_OPLV0_PBD0_PFD1_PG2_PSD0_PSLn1_PW
Cn1_PWLn1_PK0_PKAB0_PAP0_PAPM0_PGR0_PLR0_PKA0_RK0_SGR0_SIA0_SLW0_SS1_SU32_SUM0_SUS256_SCIU0_SCIUE0_SCIUI1_SCIUPL0_SPO0_SRVW0_SSO0_SVW1_SK0_SKA0_SKXCCM0_SNLL0_TSGRA0_TSGRB0_
TT4_64_TLDS0_UIIDU0_UMLDSA0_UMLDSB0_UMF0_U64SL1_UIOFGRO0_USFGROn1_VAW1_VSn1_VW1_VWB1_VFLRP0_WSGRA0_WSGRB1_WS32_WG16_2_1_WGM8_WGMTB
#    (0:0) 
Cijk_Alik_Bjlk_B8B8S_BH_GB_MT64x64x16_MI16x16x16x1_SN_1LDSB0_APM1_AAIGTEn1_AAILTEn1_AAV0_ABV0_ACED0_AF0EM1_AF1EM1_AMAS0_ASE_ASGT_ASLT_ASM_ASAE01_ASBE01_ASCE01_ASDE01_ASEM1_
AAC0_BL1_BS1_CUM0_CDO0_CTDA0_CLR0_DSK0_DRA0_DU16_DULD1_DTLA0_DTLB0_DTVA0_DTVB0_DAF0_DKP0_DVO0_ETSP_EPS0_ELFLR0_EMLL0_FSSC10_F16AI0_F16AIR0_FL0_GLVWA8_GLVWB8_GR2A1_GR2B1_GRC
GA1_GRCGB1_GRCVA1_GRCVB1_GRPM1_GRVW8_GSU1_GSUASB_GSUAA0_GSUSARR1_GSUWGMRR0_GLS0_ISA1201_IU1_IA0_KLA_LEL0_LBSPPA512_LBSPPB512_LPA16_LPB16_LDL1_LR2A1_LR2B1_LRVW8_LW2A1_LW2B1_
LWPMn1_LDW0_LT1_FMA_MIAV1_MTSM64_MTSM1_MDA2_MI16_16_16_1_MO40_MVN256_MMFSC_MKFGSU256_MVN0_NR0_NTA0_NTB0_NTC0_NTD0_NEPBS0_NLCA1_NLCB1_ONLL0_OPLV0_PBD0_PFD1_PG2_PSD0_PSLn1_PW
Cn1_PWLn1_PK0_PKAB0_PAP0_PAPM0_PGR0_PLR0_PKA0_RK0_SGR0_SIA0_SLW0_SS1_SU32_SUM0_SUS256_SCIU0_SCIUE0_SCIUI1_SCIUPL0_SPO0_SRVW0_SSO0_SVW1_SK0_SKA0_SKXCCM0_SNLL0_TSGRA0_TSGRB0_
TT4_64_TLDS0_UIIDU0_UMLDSA0_UMLDSB0_UMF0_U64SL1_UIOFGRO0_USFGROn1_VAW1_VSn1_VW1_VWB1_VFLRP0_WSGRA0_WSGRB1_WS32_WG16_2_1_WGM8_WGMTB
#    (0:0) 
Cijk_Alik_Bjlk_B8B8S_BH_GB_MT64x64x16_MI16x16x16x1_SN_1LDSB0_APM1_AAIGTEn1_AAILTEn1_AAV0_ABV0_ACED0_AF0EM1_AF1EM1_AMAS0_ASE_ASGT_ASLT_ASM_ASAE01_ASBE01_ASCE01_ASDE01_ASEM1_
AAC0_BL1_BS1_CUM0_CDO0_CTDA0_CLR0_DSK0_DRA0_DU16_DULD1_DTLA0_DTLB0_DTVA0_DTVB0_DAF0_DKP0_DVO0_ETSP_EPS0_ELFLR0_EMLL0_FSSC10_F16AI0_F16AIR0_FL0_GLVWA16_GLVWB16_GR2A1_GR2B1_G
RCGA1_GRCGB1_GRCVA1_GRCVB1_GRPM1_GRVW16_GSU1_GSUASB_GSUAA0_GSUSARR1_GSUWGMRR0_GLS0_ISA1201_IU1_IA0_KLA_LEL0_LBSPPA512_LBSPPB512_LPA16_LPB16_LDL1_LR2A1_LR2B1_LRVW8_LW2A1_LW2
B1_LWPMn1_LDW0_LT1_FMA_MIAV1_MTSM64_MTSM1_MDA2_MI16_16_16_1_MO40_MVN256_MMFSC_MKFGSU256_MVN0_NR0_NTA0_NTB0_NTC0_NTD0_NEPBS0_NLCA1_NLCB1_ONLL0_OPLV0_PBD0_PFD1_PG2_PSD0_PSLn1
_PWCn1_PWLn1_PK0_PKAB0_PAP0_PAPM0_PGR0_PLR0_PKA0_RK0_SGR0_SIA0_SLW0_SS1_SU32_SUM0_SUS256_SCIU0_SCIUE0_SCIUI1_SCIUPL0_SPO0_SRVW0_SSO0_SVW1_SK0_SKA0_SKXCCM0_SNLL0_TSGRA0_TSGR
B0_TT4_64_TLDS0_UIIDU0_UMLDSA0_UMLDSB0_UMF0_U64SL1_UIOFGRO0_USFGROn1_VAW1_VSn1_VW1_VWB1_VFLRP0_WSGRA0_WSGRB1_WS32_WG16_2_1_WGM8_WGMTB
#    (0:0) 
Cijk_Alik_Bjlk_B8B8S_BH_GB_MT64x64x16_MI16x16x16x1_SN_1LDSB0_APM1_AAIGTEn1_AAILTEn1_AAV0_ABV0_ACED0_AF0EM1_AF1EM1_AMAS0_ASE_ASGT_ASLT_ASM_ASAE01_ASBE01_ASCE01_ASDE01_ASEM1_
AAC0_BL1_BS1_CUM0_CDO0_CTDA0_CLR0_DSK0_DRA0_DU16_DULD1_DTLA0_DTLB0_DTVA0_DTVB0_DAF0_DKP0_DVO0_ETSP_EPS0_ELFLR0_EMLL0_FSSC10_F16AI0_F16AIR0_FL0_GLVWA4_GLVWB4_GR2A1_GR2B1_GRC
GA1_GRCGB1_GRCVA1_GRCVB1_GRPM1_GRVW4_GSU1_GSUASB_GSUAA0_GSUSARR1_GSUWGMRR0_GLS0_ISA1201_IU1_IA0_KLA_LEL0_LBSPPA512_LBSPPB512_LPA16_LPB16_LDL1_LR2A1_LR2B1_LRVW8_LW2A1_LW2B1_
LWPMn1_LDW0_LT1_FMA_MIAV1_MTSM64_MTSM1_MDA2_MI16_16_16_1_MO40_MVN256_MMFSC_MKFGSU256_MVN0_NR0_NTA0_NTB0_NTC0_NTD0_NEPBS0_NLCA1_NLCB1_ONLL0_OPLV0_PBD0_PFD1_PG2_PSD0_PSLn1_PW
Cn1_PWLn1_PK0_PKAB0_PAP0_PAPM0_PGR0_PLR0_PKA0_RK0_SGR0_SIA0_SLW0_SS1_SU32_SUM0_SUS256_SCIU0_SCIUE0_SCIUI1_SCIUPL0_SPO0_SRVW0_SSO0_SVW1_SK0_SKA0_SKXCCM0_SNLL0_TSGRA0_TSGRB0_
TT4_64_TLDS0_UIIDU0_UMLDSA0_UMLDSB0_UMF0_U64SL1_UIOFGRO0_USFGROn1_VAW1_VSn1_VW1_VWB1_VFLRP0_WSGRA1_WSGRB1_WS32_WG16_2_1_WGM8_WGMTB
#    (0:0) 
Cijk_Alik_Bjlk_B8B8S_BH_GB_MT64x64x16_MI16x16x16x1_SN_1LDSB0_APM1_AAIGTEn1_AAILTEn1_AAV0_ABV0_ACED0_AF0EM1_AF1EM1_AMAS0_ASE_ASGT_ASLT_ASM_ASAE01_ASBE01_ASCE01_ASDE01_ASEM1_
AAC0_BL1_BS1_CUM0_CDO0_CTDA0_CLR0_DSK0_DRA0_DU16_DULD1_DTLA0_DTLB0_DTVA0_DTVB0_DAF0_DKP0_DVO0_ETSP_EPS0_ELFLR0_EMLL0_FSSC10_F16AI0_F16AIR0_FL0_GLVWA8_GLVWB8_GR2A1_GR2B1_GRC
GA1_GRCGB1_GRCVA1_GRCVB1_GRPM1_GRVW8_GSU1_GSUASB_GSUAA0_GSUSARR1_GSUWGMRR0_GLS0_ISA1201_IU1_IA0_KLA_LEL0_LBSPPA512_LBSPPB512_LPA16_LPB16_LDL1_LR2A1_LR2B1_LRVW8_LW2A1_LW2B1_
LWPMn1_LDW0_LT1_FMA_MIAV1_MTSM64_MTSM1_MDA2_MI16_16_16_1_MO40_MVN256_MMFSC_MKFGSU256_MVN0_NR0_NTA0_NTB0_NTC0_NTD0_NEPBS0_NLCA1_NLCB1_ONLL0_OPLV0_PBD0_PFD1_PG2_PSD0_PSLn1_PW
Cn1_PWLn1_PK0_PKAB0_PAP0_PAPM0_PGR0_PLR0_PKA0_RK0_SGR0_SIA0_SLW0_SS1_SU32_SUM0_SUS256_SCIU0_SCIUE0_SCIUI1_SCIUPL0_SPO0_SRVW0_SSO0_SVW1_SK0_SKA0_SKXCCM0_SNLL0_TSGRA0_TSGRB0_
TT4_64_TLDS0_UIIDU0_UMLDSA0_UMLDSB0_UMF0_U64SL1_UIOFGRO0_USFGROn1_VAW1_VSn1_VW1_VWB1_VFLRP0_WSGRA1_WSGRB1_WS32_WG16_2_1_WGM8_WGMTB
#    (0:0) 
Cijk_Alik_Bjlk_B8B8S_BH_GB_MT64x64x16_MI16x16x16x1_SN_1LDSB0_APM1_AAIGTEn1_AAILTEn1_AAV0_ABV0_ACED0_AF0EM1_AF1EM1_AMAS0_ASE_ASGT_ASLT_ASM_ASAE01_ASBE01_ASCE01_ASDE01_ASEM1_
AAC0_BL1_BS1_CUM0_CDO0_CTDA0_CLR0_DSK0_DRA0_DU16_DULD1_DTLA0_DTLB0_DTVA0_DTVB0_DAF0_DKP0_DVO0_ETSP_EPS0_ELFLR0_EMLL0_FSSC10_F16AI0_F16AIR0_FL0_GLVWA16_GLVWB16_GR2A1_GR2B1_G
RCGA1_GRCGB1_GRCVA1_GRCVB1_GRPM1_GRVW16_GSU1_GSUASB_GSUAA0_GSUSARR1_GSUWGMRR0_GLS0_ISA1201_IU1_IA0_KLA_LEL0_LBSPPA512_LBSPPB512_LPA16_LPB16_LDL1_LR2A1_LR2B1_LRVW8_LW2A1_LW2
B1_LWPMn1_LDW0_LT1_FMA_MIAV1_MTSM64_MTSM1_MDA2_MI16_16_16_1_MO40_MVN256_MMFSC_MKFGSU256_MVN0_NR0_NTA0_NTB0_NTC0_NTD0_NEPBS0_NLCA1_NLCB1_ONLL0_OPLV0_PBD0_PFD1_PG2_PSD0_PSLn1
_PWCn1_PWLn1_PK0_PKAB0_PAP0_PAPM0_PGR0_PLR0_PKA0_RK0_SGR0_SIA0_SLW0_SS1_SU32_SUM0_SUS256_SCIU0_SCIUE0_SCIUI1_SCIUPL0_SPO0_SRVW0_SSO0_SVW1_SK0_SKA0_SKXCCM0_SNLL0_TSGRA0_TSGR
B0_TT4_64_TLDS0_UIIDU0_UMLDSA0_UMLDSB0_UMF0_U64SL1_UIOFGRO0_USFGROn1_VAW1_VSn1_VW1_VWB1_VFLRP0_WSGRA1_WSGRB1_WS32_WG16_2_1_WGM8_WGMTB
#    (0:0) 
Cijk_Alik_Bjlk_B8B8S_BH_GB_MT64x64x32_MI16x16x16x1_SN_1LDSB0_APM1_AAIGTEn1_AAILTEn1_AAV0_ABV0_ACED0_AF0EM1_AF1EM1_AMAS0_ASE_ASGT_ASLT_ASM_ASAE01_ASBE01_ASCE01_ASDE01_ASEM1_
AAC0_BL1_BS1_CUM0_CDO0_CTDA0_CLR0_DSK0_DRA0_DU32_DULD1_DTLA0_DTLB0_DTVA0_DTVB0_DAF0_DKP0_DVO0_ETSP_EPS0_ELFLR0_EMLL0_FSSC10_F16AI0_F16AIR0_FL0_GLVWA4_GLVWB4_GR2A1_GR2B1_GRC
GA1_GRCGB1_GRCVA1_GRCVB1_GRPM1_GRVW4_GSU1_GSUASB_GSUAA0_GSUSARR1_GSUWGMRR0_GLS0_ISA1201_IU1_IA0_KLA_LEL0_LBSPPA512_LBSPPB512_LPA16_LPB16_LDL1_LR2A1_LR2B1_LRVW8_LW2A1_LW2B1_
LWPMn1_LDW0_LT1_FMA_MIAV1_MTSM64_MTSM1_MDA2_MI16_16_16_1_MO40_MVN256_MMFSC_MKFGSU256_MVN0_NR0_NTA0_NTB0_NTC0_NTD0_NEPBS0_NLCA1_NLCB1_ONLL0_OPLV0_PBD0_PFD1_PG2_PSD0_PSLn1_PW
Cn1_PWLn1_PK0_PKAB0_PAP0_PAPM0_PGR0_PLR0_PKA0_RK0_SGR0_SIA0_SLW0_SS1_SU32_SUM0_SUS256_SCIU0_SCIUE0_SCIUI1_SCIUPL0_SPO0_SRVW0_SSO0_SVW1_SK0_SKA0_SKXCCM0_SNLL0_TSGRA0_TSGRB0_
TT4_64_TLDS0_UIIDU0_UMLDSA0_UMLDSB0_UMF0_U64SL1_UIOFGRO0_USFGROn1_VAW1_VSn1_VW1_VWB1_VFLRP0_WSGRA0_WSGRB0_WS32_WG16_2_1_WGM8_WGMTB
#    (0:0) 
Cijk_Alik_Bjlk_B8B8S_BH_GB_MT64x64x32_MI16x16x16x1_SN_1LDSB0_APM1_AAIGTEn1_AAILTEn1_AAV0_ABV0_ACED0_AF0EM1_AF1EM1_AMAS0_ASE_ASGT_ASLT_ASM_ASAE01_ASBE01_ASCE01_ASDE01_ASEM1_
AAC0_BL1_BS1_CUM0_CDO0_CTDA0_CLR0_DSK0_DRA0_DU32_DULD1_DTLA0_DTLB0_DTVA0_DTVB0_DAF0_DKP0_DVO0_ETSP_EPS0_ELFLR0_EMLL0_FSSC10_F16AI0_F16AIR0_FL0_GLVWA8_GLVWB8_GR2A1_GR2B1_GRC
GA1_GRCGB1_GRCVA1_GRCVB1_GRPM1_GRVW8_GSU1_GSUASB_GSUAA0_GSUSARR1_GSUWGMRR0_GLS0_ISA1201_IU1_IA0_KLA_LEL0_LBSPPA512_LBSPPB512_LPA16_LPB16_LDL1_LR2A1_LR2B1_LRVW8_LW2A1_LW2B1_
LWPMn1_LDW0_LT1_FMA_MIAV1_MTSM64_MTSM1_MDA2_MI16_16_16_1_MO40_MVN256_MMFSC_MKFGSU256_MVN0_NR0_NTA0_NTB0_NTC0_NTD0_NEPBS0_NLCA1_NLCB1_ONLL0_OPLV0_PBD0_PFD1_PG2_PSD0_PSLn1_PW
Cn1_PWLn1_PK0_PKAB0_PAP0_PAPM0_PGR0_PLR0_PKA0_RK0_SGR0_SIA0_SLW0_SS1_SU32_SUM0_SUS256_SCIU0_SCIUE0_SCIUI1_SCIUPL0_SPO0_SRVW0_SSO0_SVW1_SK0_SKA0_SKXCCM0_SNLL0_TSGRA0_TSGRB0_
TT4_64_TLDS0_UIIDU0_UMLDSA0_UMLDSB0_UMF0_U64SL1_UIOFGRO0_USFGROn1_VAW1_VSn1_VW1_VWB1_VFLRP0_WSGRA0_WSGRB0_WS32_WG16_2_1_WGM8_WGMTB
#    (0:0) 
Cijk_Alik_Bjlk_B8B8S_BH_GB_MT64x64x32_MI16x16x16x1_SN_1LDSB0_APM1_AAIGTEn1_AAILTEn1_AAV0_ABV0_ACED0_AF0EM1_AF1EM1_AMAS0_ASE_ASGT_ASLT_ASM_ASAE01_ASBE01_ASCE01_ASDE01_ASEM1_
AAC0_BL1_BS1_CUM0_CDO0_CTDA0_CLR0_DSK0_DRA0_DU32_DULD1_DTLA0_DTLB0_DTVA0_DTVB0_DAF0_DKP0_DVO0_ETSP_EPS0_ELFLR0_EMLL0_FSSC10_F16AI0_F16AIR0_FL0_GLVWA16_GLVWB16_GR2A1_GR2B1_G
RCGA1_GRCGB1_GRCVA1_GRCVB1_GRPM1_GRVW16_GSU1_GSUASB_GSUAA0_GSUSARR1_GSUWGMRR0_GLS0_ISA1201_IU1_IA0_KLA_LEL0_LBSPPA512_LBSPPB512_LPA16_LPB16_LDL1_LR2A1_LR2B1_LRVW8_LW2A1_LW2
B1_LWPMn1_LDW0_LT1_FMA_MIAV1_MTSM64_MTSM1_MDA2_MI16_16_16_1_MO40_MVN256_MMFSC_MKFGSU256_MVN0_NR0_NTA0_NTB0_NTC0_NTD0_NEPBS0_NLCA1_NLCB1_ONLL0_OPLV0_PBD0_PFD1_PG2_PSD0_PSLn1
_PWCn1_PWLn1_PK0_PKAB0_PAP0_PAPM0_PGR0_PLR0_PKA0_RK0_SGR0_SIA0_SLW0_SS1_SU32_SUM0_SUS256_SCIU0_SCIUE0_SCIUI1_SCIUPL0_SPO0_SRVW0_SSO0_SVW1_SK0_SKA0_SKXCCM0_SNLL0_TSGRA0_TSGR
B0_TT4_64_TLDS0_UIIDU0_UMLDSA0_UMLDSB0_UMF0_U64SL1_UIOFGRO0_USFGROn1_VAW1_VSn1_VW1_VWB1_VFLRP0_WSGRA0_WSGRB0_WS32_WG16_2_1_WGM8_WGMTB
#    (0:0) 
Cijk_Alik_Bjlk_B8B8S_BH_GB_MT64x64x32_MI16x16x16x1_SN_1LDSB0_APM1_AAIGTEn1_AAILTEn1_AAV0_ABV0_ACED0_AF0EM1_AF1EM1_AMAS0_ASE_ASGT_ASLT_ASM_ASAE01_ASBE01_ASCE01_ASDE01_ASEM1_
AAC0_BL1_BS1_CUM0_CDO0_CTDA0_CLR0_DSK0_DRA0_DU32_DULD1_DTLA0_DTLB0_DTVA0_DTVB0_DAF0_DKP0_DVO0_ETSP_EPS0_ELFLR0_EMLL0_FSSC10_F16AI0_F16AIR0_FL0_GLVWA4_GLVWB4_GR2A1_GR2B1_GRC
GA1_GRCGB1_GRCVA1_GRCVB1_GRPM1_GRVW4_GSU1_GSUASB_GSUAA0_GSUSARR1_GSUWGMRR0_GLS0_ISA1201_IU1_IA0_KLA_LEL0_LBSPPA512_LBSPPB512_LPA16_LPB16_LDL1_LR2A1_LR2B1_LRVW8_LW2A1_LW2B1_
LWPMn1_LDW0_LT1_FMA_MIAV1_MTSM64_MTSM1_MDA2_MI16_16_16_1_MO40_MVN256_MMFSC_MKFGSU256_MVN0_NR0_NTA0_NTB0_NTC0_NTD0_NEPBS0_NLCA1_NLCB1_ONLL0_OPLV0_PBD0_PFD1_PG2_PSD0_PSLn1_PW
Cn1_PWLn1_PK0_PKAB0_PAP0_PAPM0_PGR0_PLR0_PKA0_RK0_SGR0_SIA0_SLW0_SS1_SU32_SUM0_SUS256_SCIU0_SCIUE0_SCIUI1_SCIUPL0_SPO0_SRVW0_SSO0_SVW1_SK0_SKA0_SKXCCM0_SNLL0_TSGRA0_TSGRB0_
TT4_64_TLDS0_UIIDU0_UMLDSA0_UMLDSB0_UMF0_U64SL1_UIOFGRO0_USFGROn1_VAW1_VSn1_VW1_VWB1_VFLRP0_WSGRA1_WSGRB0_WS32_WG16_2_1_WGM8_WGMTB
#    (0:0) 
Cijk_Alik_Bjlk_B8B8S_BH_GB_MT64x64x32_MI16x16x16x1_SN_1LDSB0_APM1_AAIGTEn1_AAILTEn1_AAV0_ABV0_ACED0_AF0EM1_AF1EM1_AMAS0_ASE_ASGT_ASLT_ASM_ASAE01_ASBE01_ASCE01_ASDE01_ASEM1_
AAC0_BL1_BS1_CUM0_CDO0_CTDA0_CLR0_DSK0_DRA0_DU32_DULD1_DTLA0_DTLB0_DTVA0_DTVB0_DAF0_DKP0_DVO0_ETSP_EPS0_ELFLR0_EMLL0_FSSC10_F16AI0_F16AIR0_FL0_GLVWA8_GLVWB8_GR2A1_GR2B1_GRC
GA1_GRCGB1_GRCVA1_GRCVB1_GRPM1_GRVW8_GSU1_GSUASB_GSUAA0_GSUSARR1_GSUWGMRR0_GLS0_ISA1201_IU1_IA0_KLA_LEL0_LBSPPA512_LBSPPB512_LPA16_LPB16_LDL1_LR2A1_LR2B1_LRVW8_LW2A1_LW2B1_
LWPMn1_LDW0_LT1_FMA_MIAV1_MTSM64_MTSM1_MDA2_MI16_16_16_1_MO40_MVN256_MMFSC_MKFGSU256_MVN0_NR0_NTA0_NTB0_NTC0_NTD0_NEPBS0_NLCA1_NLCB1_ONLL0_OPLV0_PBD0_PFD1_PG2_PSD0_PSLn1_PW
Cn1_PWLn1_PK0_PKAB0_PAP0_PAPM0_PGR0_PLR0_PKA0_RK0_SGR0_SIA0_SLW0_SS1_SU32_SUM0_SUS256_SCIU0_SCIUE0_SCIUI1_SCIUPL0_SPO0_SRVW0_SSO0_SVW1_SK0_SKA0_SKXCCM0_SNLL0_TSGRA0_TSGRB0_
TT4_64_TLDS0_UIIDU0_UMLDSA0_UMLDSB0_UMF0_U64SL1_UIOFGRO0_USFGROn1_VAW1_VSn1_VW1_VWB1_VFLRP0_WSGRA1_WSGRB0_WS32_WG16_2_1_WGM8_WGMTB
#    (0:0) 
Cijk_Alik_Bjlk_B8B8S_BH_GB_MT64x64x32_MI16x16x16x1_SN_1LDSB0_APM1_AAIGTEn1_AAILTEn1_AAV0_ABV0_ACED0_AF0EM1_AF1EM1_AMAS0_ASE_ASGT_ASLT_ASM_ASAE01_ASBE01_ASCE01_ASDE01_ASEM1_
AAC0_BL1_BS1_CUM0_CDO0_CTDA0_CLR0_DSK0_DRA0_DU32_DULD1_DTLA0_DTLB0_DTVA0_DTVB0_DAF0_DKP0_DVO0_ETSP_EPS0_ELFLR0_EMLL0_FSSC10_F16AI0_F16AIR0_FL0_GLVWA16_GLVWB16_GR2A1_GR2B1_G
RCGA1_GRCGB1_GRCVA1_GRCVB1_GRPM1_GRVW16_GSU1_GSUASB_GSUAA0_GSUSARR1_GSUWGMRR0_GLS0_ISA1201_IU1_IA0_KLA_LEL0_LBSPPA512_LBSPPB512_LPA16_LPB16_LDL1_LR2A1_LR2B1_LRVW8_LW2A1_LW2
B1_LWPMn1_LDW0_LT1_FMA_MIAV1_MTSM64_MTSM1_MDA2_MI16_16_16_1_MO40_MVN256_MMFSC_MKFGSU256_MVN0_NR0_NTA0_NTB0_NTC0_NTD0_NEPBS0_NLCA1_NLCB1_ONLL0_OPLV0_PBD0_PFD1_PG2_PSD0_PSLn1
_PWCn1_PWLn1_PK0_PKAB0_PAP0_PAPM0_PGR0_PLR0_PKA0_RK0_SGR0_SIA0_SLW0_SS1_SU32_SUM0_SUS256_SCIU0_SCIUE0_SCIUI1_SCIUPL0_SPO0_SRVW0_SSO0_SVW1_SK0_SKA0_SKXCCM0_SNLL0_TSGRA0_TSGR
B0_TT4_64_TLDS0_UIIDU0_UMLDSA0_UMLDSB0_UMF0_U64SL1_UIOFGRO0_USFGROn1_VAW1_VSn1_VW1_VWB1_VFLRP0_WSGRA1_WSGRB0_WS32_WG16_2_1_WGM8_WGMTB
#    (0:0) 
Cijk_Alik_Bjlk_B8B8S_BH_GB_MT64x64x32_MI16x16x16x1_SN_1LDSB0_APM1_AAIGTEn1_AAILTEn1_AAV0_ABV0_ACED0_AF0EM1_AF1EM1_AMAS0_ASE_ASGT_ASLT_ASM_ASAE01_ASBE01_ASCE01_ASDE01_ASEM1_
AAC0_BL1_BS1_CUM0_CDO0_CTDA0_CLR0_DSK0_DRA0_DU32_DULD1_DTLA0_DTLB0_DTVA0_DTVB0_DAF0_DKP0_DVO0_ETSP_EPS0_ELFLR0_EMLL0_FSSC10_F16AI0_F16AIR0_FL0_GLVWA4_GLVWB4_GR2A1_GR2B1_GRC
GA1_GRCGB1_GRCVA1_GRCVB1_GRPM1_GRVW4_GSU1_GSUASB_GSUAA0_GSUSARR1_GSUWGMRR0_GLS0_ISA1201_IU1_IA0_KLA_LEL0_LBSPPA512_LBSPPB512_LPA16_LPB16_LDL1_LR2A1_LR2B1_LRVW8_LW2A1_LW2B1_
LWPMn1_LDW0_LT1_FMA_MIAV1_MTSM64_MTSM1_MDA2_MI16_16_16_1_MO40_MVN256_MMFSC_MKFGSU256_MVN0_NR0_NTA0_NTB0_NTC0_NTD0_NEPBS0_NLCA1_NLCB1_ONLL0_OPLV0_PBD0_PFD1_PG2_PSD0_PSLn1_PW
Cn1_PWLn1_PK0_PKAB0_PAP0_PAPM0_PGR0_PLR0_PKA0_RK0_SGR0_SIA0_SLW0_SS1_SU32_SUM0_SUS256_SCIU0_SCIUE0_SCIUI1_SCIUPL0_SPO0_SRVW0_SSO0_SVW1_SK0_SKA0_SKXCCM0_SNLL0_TSGRA0_TSGRB0_
TT4_64_TLDS0_UIIDU0_UMLDSA0_UMLDSB0_UMF0_U64SL1_UIOFGRO0_USFGROn1_VAW1_VSn1_VW1_VWB1_VFLRP0_WSGRA0_WSGRB1_WS32_WG16_2_1_WGM8_WGMTB
#    (0:0) 
Cijk_Alik_Bjlk_B8B8S_BH_GB_MT64x64x32_MI16x16x16x1_SN_1LDSB0_APM1_AAIGTEn1_AAILTEn1_AAV0_ABV0_ACED0_AF0EM1_AF1EM1_AMAS0_ASE_ASGT_ASLT_ASM_ASAE01_ASBE01_ASCE01_ASDE01_ASEM1_
AAC0_BL1_BS1_CUM0_CDO0_CTDA0_CLR0_DSK0_DRA0_DU32_DULD1_DTLA0_DTLB0_DTVA0_DTVB0_DAF0_DKP0_DVO0_ETSP_EPS0_ELFLR0_EMLL0_FSSC10_F16AI0_F16AIR0_FL0_GLVWA8_GLVWB8_GR2A1_GR2B1_GRC
GA1_GRCGB1_GRCVA1_GRCVB1_GRPM1_GRVW8_GSU1_GSUASB_GSUAA0_GSUSARR1_GSUWGMRR0_GLS0_ISA1201_IU1_IA0_KLA_LEL0_LBSPPA512_LBSPPB512_LPA16_LPB16_LDL1_LR2A1_LR2B1_LRVW8_LW2A1_LW2B1_
LWPMn1_LDW0_LT1_FMA_MIAV1_MTSM64_MTSM1_MDA2_MI16_16_16_1_MO40_MVN256_MMFSC_MKFGSU256_MVN0_NR0_NTA0_NTB0_NTC0_NTD0_NEPBS0_NLCA1_NLCB1_ONLL0_OPLV0_PBD0_PFD1_PG2_PSD0_PSLn1_PW
Cn1_PWLn1_PK0_PKAB0_PAP0_PAPM0_PGR0_PLR0_PKA0_RK0_SGR0_SIA0_SLW0_SS1_SU32_SUM0_SUS256_SCIU0_SCIUE0_SCIUI1_SCIUPL0_SPO0_SRVW0_SSO0_SVW1_SK0_SKA0_SKXCCM0_SNLL0_TSGRA0_TSGRB0_
TT4_64_TLDS0_UIIDU0_UMLDSA0_UMLDSB0_UMF0_U64SL1_UIOFGRO0_USFGROn1_VAW1_VSn1_VW1_VWB1_VFLRP0_WSGRA0_WSGRB1_WS32_WG16_2_1_WGM8_WGMTB
#    (0:0) 
Cijk_Alik_Bjlk_B8B8S_BH_GB_MT64x64x32_MI16x16x16x1_SN_1LDSB0_APM1_AAIGTEn1_AAILTEn1_AAV0_ABV0_ACED0_AF0EM1_AF1EM1_AMAS0_ASE_ASGT_ASLT_ASM_ASAE01_ASBE01_ASCE01_ASDE01_ASEM1_
AAC0_BL1_BS1_CUM0_CDO0_CTDA0_CLR0_DSK0_DRA0_DU32_DULD1_DTLA0_DTLB0_DTVA0_DTVB0_DAF0_DKP0_DVO0_ETSP_EPS0_ELFLR0_EMLL0_FSSC10_F16AI0_F16AIR0_FL0_GLVWA16_GLVWB16_GR2A1_GR2B1_G
RCGA1_GRCGB1_GRCVA1_GRCVB1_GRPM1_GRVW16_GSU1_GSUASB_GSUAA0_GSUSARR1_GSUWGMRR0_GLS0_ISA1201_IU1_IA0_KLA_LEL0_LBSPPA512_LBSPPB512_LPA16_LPB16_LDL1_LR2A1_LR2B1_LRVW8_LW2A1_LW2
B1_LWPMn1_LDW0_LT1_FMA_MIAV1_MTSM64_MTSM1_MDA2_MI16_16_16_1_MO40_MVN256_MMFSC_MKFGSU256_MVN0_NR0_NTA0_NTB0_NTC0_NTD0_NEPBS0_NLCA1_NLCB1_ONLL0_OPLV0_PBD0_PFD1_PG2_PSD0_PSLn1
_PWCn1_PWLn1_PK0_PKAB0_PAP0_PAPM0_PGR0_PLR0_PKA0_RK0_SGR0_SIA0_SLW0_SS1_SU32_SUM0_SUS256_SCIU0_SCIUE0_SCIUI1_SCIUPL0_SPO0_SRVW0_SSO0_SVW1_SK0_SKA0_SKXCCM0_SNLL0_TSGRA0_TSGR
B0_TT4_64_TLDS0_UIIDU0_UMLDSA0_UMLDSB0_UMF0_U64SL1_UIOFGRO0_USFGROn1_VAW1_VSn1_VW1_VWB1_VFLRP0_WSGRA0_WSGRB1_WS32_WG16_2_1_WGM8_WGMTB
#    (0:0) 
Cijk_Alik_Bjlk_B8B8S_BH_GB_MT64x64x32_MI16x16x16x1_SN_1LDSB0_APM1_AAIGTEn1_AAILTEn1_AAV0_ABV0_ACED0_AF0EM1_AF1EM1_AMAS0_ASE_ASGT_ASLT_ASM_ASAE01_ASBE01_ASCE01_ASDE01_ASEM1_
AAC0_BL1_BS1_CUM0_CDO0_CTDA0_CLR0_DSK0_DRA0_DU32_DULD1_DTLA0_DTLB0_DTVA0_DTVB0_DAF0_DKP0_DVO0_ETSP_EPS0_ELFLR0_EMLL0_FSSC10_F16AI0_F16AIR0_FL0_GLVWA4_GLVWB4_GR2A1_GR2B1_GRC
GA1_GRCGB1_GRCVA1_GRCVB1_GRPM1_GRVW4_GSU1_GSUASB_GSUAA0_GSUSARR1_GSUWGMRR0_GLS0_ISA1201_IU1_IA0_KLA_LEL0_LBSPPA512_LBSPPB512_LPA16_LPB16_LDL1_LR2A1_LR2B1_LRVW8_LW2A1_LW2B1_
LWPMn1_LDW0_LT1_FMA_MIAV1_MTSM64_MTSM1_MDA2_MI16_16_16_1_MO40_MVN256_MMFSC_MKFGSU256_MVN0_NR0_NTA0_NTB0_NTC0_NTD0_NEPBS0_NLCA1_NLCB1_ONLL0_OPLV0_PBD0_PFD1_PG2_PSD0_PSLn1_PW
Cn1_PWLn1_PK0_PKAB0_PAP0_PAPM0_PGR0_PLR0_PKA0_RK0_SGR0_SIA0_SLW0_SS1_SU32_SUM0_SUS256_SCIU0_SCIUE0_SCIUI1_SCIUPL0_SPO0_SRVW0_SSO0_SVW1_SK0_SKA0_SKXCCM0_SNLL0_TSGRA0_TSGRB0_
TT4_64_TLDS0_UIIDU0_UMLDSA0_UMLDSB0_UMF0_U64SL1_UIOFGRO0_USFGROn1_VAW1_VSn1_VW1_VWB1_VFLRP0_WSGRA1_WSGRB1_WS32_WG16_2_1_WGM8_WGMTB
#    (0:0) 
Cijk_Alik_Bjlk_B8B8S_BH_GB_MT64x64x32_MI16x16x16x1_SN_1LDSB0_APM1_AAIGTEn1_AAILTEn1_AAV0_ABV0_ACED0_AF0EM1_AF1EM1_AMAS0_ASE_ASGT_ASLT_ASM_ASAE01_ASBE01_ASCE01_ASDE01_ASEM1_
AAC0_BL1_BS1_CUM0_CDO0_CTDA0_CLR0_DSK0_DRA0_DU32_DULD1_DTLA0_DTLB0_DTVA0_DTVB0_DAF0_DKP0_DVO0_ETSP_EPS0_ELFLR0_EMLL0_FSSC10_F16AI0_F16AIR0_FL0_GLVWA8_GLVWB8_GR2A1_GR2B1_GRC
GA1_GRCGB1_GRCVA1_GRCVB1_GRPM1_GRVW8_GSU1_GSUASB_GSUAA0_GSUSARR1_GSUWGMRR0_GLS0_ISA1201_IU1_IA0_KLA_LEL0_LBSPPA512_LBSPPB512_LPA16_LPB16_LDL1_LR2A1_LR2B1_LRVW8_LW2A1_LW2B1_
LWPMn1_LDW0_LT1_FMA_MIAV1_MTSM64_MTSM1_MDA2_MI16_16_16_1_MO40_MVN256_MMFSC_MKFGSU256_MVN0_NR0_NTA0_NTB0_NTC0_NTD0_NEPBS0_NLCA1_NLCB1_ONLL0_OPLV0_PBD0_PFD1_PG2_PSD0_PSLn1_PW
Cn1_PWLn1_PK0_PKAB0_PAP0_PAPM0_PGR0_PLR0_PKA0_RK0_SGR0_SIA0_SLW0_SS1_SU32_SUM0_SUS256_SCIU0_SCIUE0_SCIUI1_SCIUPL0_SPO0_SRVW0_SSO0_SVW1_SK0_SKA0_SKXCCM0_SNLL0_TSGRA0_TSGRB0_
TT4_64_TLDS0_UIIDU0_UMLDSA0_UMLDSB0_UMF0_U64SL1_UIOFGRO0_USFGROn1_VAW1_VSn1_VW1_VWB1_VFLRP0_WSGRA1_WSGRB1_WS32_WG16_2_1_WGM8_WGMTB
#    (0:0) 
Cijk_Alik_Bjlk_B8B8S_BH_GB_MT64x64x32_MI16x16x16x1_SN_1LDSB0_APM1_AAIGTEn1_AAILTEn1_AAV0_ABV0_ACED0_AF0EM1_AF1EM1_AMAS0_ASE_ASGT_ASLT_ASM_ASAE01_ASBE01_ASCE01_ASDE01_ASEM1_
AAC0_BL1_BS1_CUM0_CDO0_CTDA0_CLR0_DSK0_DRA0_DU32_DULD1_DTLA0_DTLB0_DTVA0_DTVB0_DAF0_DKP0_DVO0_ETSP_EPS0_ELFLR0_EMLL0_FSSC10_F16AI0_F16AIR0_FL0_GLVWA16_GLVWB16_GR2A1_GR2B1_G
RCGA1_GRCGB1_GRCVA1_GRCVB1_GRPM1_GRVW16_GSU1_GSUASB_GSUAA0_GSUSARR1_GSUWGMRR0_GLS0_ISA1201_IU1_IA0_KLA_LEL0_LBSPPA512_LBSPPB512_LPA16_LPB16_LDL1_LR2A1_LR2B1_LRVW8_LW2A1_LW2
B1_LWPMn1_LDW0_LT1_FMA_MIAV1_MTSM64_MTSM1_MDA2_MI16_16_16_1_MO40_MVN256_MMFSC_MKFGSU256_MVN0_NR0_NTA0_NTB0_NTC0_NTD0_NEPBS0_NLCA1_NLCB1_ONLL0_OPLV0_PBD0_PFD1_PG2_PSD0_PSLn1
_PWCn1_PWLn1_PK0_PKAB0_PAP0_PAPM0_PGR0_PLR0_PKA0_RK0_SGR0_SIA0_SLW0_SS1_SU32_SUM0_SUS256_SCIU0_SCIUE0_SCIUI1_SCIUPL0_SPO0_SRVW0_SSO0_SVW1_SK0_SKA0_SKXCCM0_SNLL0_TSGRA0_TSGR
B0_TT4_64_TLDS0_UIIDU0_UMLDSA0_UMLDSB0_UMF0_U64SL1_UIOFGRO0_USFGROn1_VAW1_VSn1_VW1_VWB1_VFLRP0_WSGRA1_WSGRB1_WS32_WG16_2_1_WGM8_WGMTB
################################################################################
Finding unique solutions:   0%|          | 0/48 [00:00<?, ?it/s]Finding unique solutions: 100%|██████████| 48/48 [00:00<00:00, 15873.74it/s]
# Writing Kernels...
Generating kernels: 12 thread(s), 48 tasks:   0%|          | 0/48 [00:00<?, ?it/s]total vgpr count: 256

write_assemblyFilename /home/iamthecage/out-v2/b8_to_b8_wmma_gb_fixed_tt/1_BenchmarkProblems/Cijk_Alik_Bjlk_B8B8S_BH_GB_00/00_Final/source/build_tmp/SOURCE/assembly/Cijk_Alik_Bjlk_B8B8S_BH_GB_MT64x64x16_MI16x16x16XwbSiHnzFDkSF7xxE_S4bfjy5Tf2YRw9MoH6p6gbg-4=.s
Assemble command: /opt/rocm/bin/amdclang++ -x assembler -target amdgcn-amd-amdhsa -mcode-object-version=4 -mcpu=gfx1201 -mno-wavefrontsize64 -c -o 
/home/iamthecage/out-v2/b8_to_b8_wmma_gb_fixed_tt/1_BenchmarkProblems/Cijk_Alik_Bjlk_B8B8S_BH_GB_00/00_Final/source/build_tmp/SOURCE/assembly/Cijk_Alik_Bjlk_B8B8S_BH_GB_MT6
4x64x16_MI16x16x16XwbSiHnzFDkSF7xxE_S4bfjy5Tf2YRw9MoH6p6gbg-4=.o 
/home/iamthecage/out-v2/b8_to_b8_wmma_gb_fixed_tt/1_BenchmarkProblems/Cijk_Alik_Bjlk_B8B8S_BH_GB_00/00_Final/source/build_tmp/SOURCE/assembly/Cijk_Alik_Bjlk_B8B8S_BH_GB_MT6
4x64x16_MI16x16x16XwbSiHnzFDkSF7xxE_S4bfjy5Tf2YRw9MoH6p6gbg-4=.s && 
total vgpr count: 256

write_assemblyFilename /home/iamthecage/out-v2/b8_to_b8_wmma_gb_fixed_tt/1_BenchmarkProblems/Cijk_Alik_Bjlk_B8B8S_BH_GB_00/00_Final/source/build_tmp/SOURCE/assembly/Cijk_Alik_Bjlk_B8B8S_BH_GB_MT64x64x16_MI16x16x16OOYvAZYq5cZnogmGFouOmi0m-MqUSIjqY2Z8a6jSVVA=.s
Assemble command: /opt/rocm/bin/amdclang++ -x assembler -target amdgcn-amd-amdhsa -mcode-object-version=4 -mcpu=gfx1201 -mno-wavefrontsize64 -c -o 
/home/iamthecage/out-v2/b8_to_b8_wmma_gb_fixed_tt/1_BenchmarkProblems/Cijk_Alik_Bjlk_B8B8S_BH_GB_00/00_Final/source/build_tmp/SOURCE/assembly/Cijk_Alik_Bjlk_B8B8S_BH_GB_MT6
4x64x16_MI16x16x16OOYvAZYq5cZnogmGFouOmi0m-MqUSIjqY2Z8a6jSVVA=.o 
/home/iamthecage/out-v2/b8_to_b8_wmma_gb_fixed_tt/1_BenchmarkProblems/Cijk_Alik_Bjlk_B8B8S_BH_GB_00/00_Final/source/build_tmp/SOURCE/assembly/Cijk_Alik_Bjlk_B8B8S_BH_GB_MT6
4x64x16_MI16x16x16OOYvAZYq5cZnogmGFouOmi0m-MqUSIjqY2Z8a6jSVVA=.s && 
b''
Single Code Object File: /opt/rocm/bin/amdclang++ -target amdgcn-amd-amdhsa -Xlinker --build-id -o 
/home/iamthecage/out-v2/b8_to_b8_wmma_gb_fixed_tt/1_BenchmarkProblems/Cijk_Alik_Bjlk_B8B8S_BH_GB_00/00_Final/source/build_tmp/SOURCE/assembly/Cijk_Alik_Bjlk_B8B8S_BH_GB_MT6
4x64x16_MI16x16x16XwbSiHnzFDkSF7xxE_S4bfjy5Tf2YRw9MoH6p6gbg-4=.co 
/home/iamthecage/out-v2/b8_to_b8_wmma_gb_fixed_tt/1_BenchmarkProblems/Cijk_Alik_Bjlk_B8B8S_BH_GB_00/00_Final/source/build_tmp/SOURCE/assembly/Cijk_Alik_Bjlk_B8B8S_BH_GB_MT6
4x64x16_MI16x16x16XwbSiHnzFDkSF7xxE_S4bfjy5Tf2YRw9MoH6p6gbg-4=.o
total vgpr count: 256

b''
Generating kernels: 12 thread(s), 48 tasks:  50%|█████     | 24/48 [00:01<00:01, 12.85it/s]write_assemblyFilename /home/iamthecage/out-v2/b8_to_b8_wmma_gb_fixed_tt/1_BenchmarkProblems/Cijk_Alik_Bjlk_B8B8S_BH_GB_00/00_Final/source/build_tmp/SOURCE/assembly/Cijk_Alik_Bjlk_B8B8S_BH_GB_MT64x64x16_MI16x16x16VGX5871UkJVrUeKrRY--NkPAgXalpsfIVkJ2Id-O__k=.s
Assemble command: /opt/rocm/bin/amdclang++ -x assembler -target amdgcn-amd-amdhsa -mcode-object-version=4 -mcpu=gfx1201 -mno-wavefrontsize64 -c -o 
/home/iamthecage/out-v2/b8_to_b8_wmma_gb_fixed_tt/1_BenchmarkProblems/Cijk_Alik_Bjlk_B8B8S_BH_GB_00/00_Final/source/build_tmp/SOURCE/assembly/Cijk_Alik_Bjlk_B8B8S_BH_GB_MT6
4x64x16_MI16x16x16VGX5871UkJVrUeKrRY--NkPAgXalpsfIVkJ2Id-O__k=.o 
/home/iamthecage/out-v2/b8_to_b8_wmma_gb_fixed_tt/1_BenchmarkProblems/Cijk_Alik_Bjlk_B8B8S_BH_GB_00/00_Final/source/build_tmp/SOURCE/assembly/Cijk_Alik_Bjlk_B8B8S_BH_GB_MT6
4x64x16_MI16x16x16VGX5871UkJVrUeKrRY--NkPAgXalpsfIVkJ2Id-O__k=.s && 
b''
Single Code Object File: /opt/rocm/bin/amdclang++ -target amdgcn-amd-amdhsa -Xlinker --build-id -o 
/home/iamthecage/out-v2/b8_to_b8_wmma_gb_fixed_tt/1_BenchmarkProblems/Cijk_Alik_Bjlk_B8B8S_BH_GB_00/00_Final/source/build_tmp/SOURCE/assembly/Cijk_Alik_Bjlk_B8B8S_BH_GB_MT6
4x64x16_MI16x16x16OOYvAZYq5cZnogmGFouOmi0m-MqUSIjqY2Z8a6jSVVA=.co 
/home/iamthecage/out-v2/b8_to_b8_wmma_gb_fixed_tt/1_BenchmarkProblems/Cijk_Alik_Bjlk_B8B8S_BH_GB_00/00_Final/source/build_tmp/SOURCE/assembly/Cijk_Alik_Bjlk_B8B8S_BH_GB_MT6
4x64x16_MI16x16x16OOYvAZYq5cZnogmGFouOmi0m-MqUSIjqY2Z8a6jSVVA=.o
total vgpr count: 256

b''
total vgpr count: 256

total vgpr count: 256

total vgpr count: 256

write_assemblyFilename /home/iamthecage/out-v2/b8_to_b8_wmma_gb_fixed_tt/1_BenchmarkProblems/Cijk_Alik_Bjlk_B8B8S_BH_GB_00/00_Final/source/build_tmp/SOURCE/assembly/Cijk_Alik_Bjlk_B8B8S_BH_GB_MT64x64x16_MI16x16x16G8i6KmdGOf61k2NKefw1JLuhK3LcGUQW0o0gzV7_2Ws=.s
Assemble command: /opt/rocm/bin/amdclang++ -x assembler -target amdgcn-amd-amdhsa -mcode-object-version=4 -mcpu=gfx1201 -mno-wavefrontsize64 -c -o 
/home/iamthecage/out-v2/b8_to_b8_wmma_gb_fixed_tt/1_BenchmarkProblems/Cijk_Alik_Bjlk_B8B8S_BH_GB_00/00_Final/source/build_tmp/SOURCE/assembly/Cijk_Alik_Bjlk_B8B8S_BH_GB_MT6
4x64x16_MI16x16x16G8i6KmdGOf61k2NKefw1JLuhK3LcGUQW0o0gzV7_2Ws=.o 
/home/iamthecage/out-v2/b8_to_b8_wmma_gb_fixed_tt/1_BenchmarkProblems/Cijk_Alik_Bjlk_B8B8S_BH_GB_00/00_Final/source/build_tmp/SOURCE/assembly/Cijk_Alik_Bjlk_B8B8S_BH_GB_MT6
4x64x16_MI16x16x16G8i6KmdGOf61k2NKefw1JLuhK3LcGUQW0o0gzV7_2Ws=.s && 
write_assemblyFilename /home/iamthecage/out-v2/b8_to_b8_wmma_gb_fixed_tt/1_BenchmarkProblems/Cijk_Alik_Bjlk_B8B8S_BH_GB_00/00_Final/source/build_tmp/SOURCE/assembly/Cijk_Alik_Bjlk_B8B8S_BH_GB_MT64x64x16_MI16x16x16m_1q879nV_Qg_JHwjBjl4h1Qp660jmh8dpKrkE8PoT4=.s
Assemble command: /opt/rocm/bin/amdclang++ -x assembler -target amdgcn-amd-amdhsa -mcode-object-version=4 -mcpu=gfx1201 -mno-wavefrontsize64 -c -o 
/home/iamthecage/out-v2/b8_to_b8_wmma_gb_fixed_tt/1_BenchmarkProblems/Cijk_Alik_Bjlk_B8B8S_BH_GB_00/00_Final/source/build_tmp/SOURCE/assembly/Cijk_Alik_Bjlk_B8B8S_BH_GB_MT6
4x64x16_MI16x16x16m_1q879nV_Qg_JHwjBjl4h1Qp660jmh8dpKrkE8PoT4=.o 
/home/iamthecage/out-v2/b8_to_b8_wmma_gb_fixed_tt/1_BenchmarkProblems/Cijk_Alik_Bjlk_B8B8S_BH_GB_00/00_Final/source/build_tmp/SOURCE/assembly/Cijk_Alik_Bjlk_B8B8S_BH_GB_MT6
4x64x16_MI16x16x16m_1q879nV_Qg_JHwjBjl4h1Qp660jmh8dpKrkE8PoT4=.s && 
write_assemblyFilename /home/iamthecage/out-v2/b8_to_b8_wmma_gb_fixed_tt/1_BenchmarkProblems/Cijk_Alik_Bjlk_B8B8S_BH_GB_00/00_Final/source/build_tmp/SOURCE/assembly/Cijk_Alik_Bjlk_B8B8S_BH_GB_MT64x64x16_MI16x16x16NWUtPpvfekp3zTYH1I4s5RDujN1YPmawI7wqdno7_a8=.s
Assemble command: /opt/rocm/bin/amdclang++ -x assembler -target amdgcn-amd-amdhsa -mcode-object-version=4 -mcpu=gfx1201 -mno-wavefrontsize64 -c -o 
/home/iamthecage/out-v2/b8_to_b8_wmma_gb_fixed_tt/1_BenchmarkProblems/Cijk_Alik_Bjlk_B8B8S_BH_GB_00/00_Final/source/build_tmp/SOURCE/assembly/Cijk_Alik_Bjlk_B8B8S_BH_GB_MT6
4x64x16_MI16x16x16NWUtPpvfekp3zTYH1I4s5RDujN1YPmawI7wqdno7_a8=.o 
/home/iamthecage/out-v2/b8_to_b8_wmma_gb_fixed_tt/1_BenchmarkProblems/Cijk_Alik_Bjlk_B8B8S_BH_GB_00/00_Final/source/build_tmp/SOURCE/assembly/Cijk_Alik_Bjlk_B8B8S_BH_GB_MT6
4x64x16_MI16x16x16NWUtPpvfekp3zTYH1I4s5RDujN1YPmawI7wqdno7_a8=.s && 
write_assemblyFilename /home/iamthecage/out-v2/b8_to_b8_wmma_gb_fixed_tt/1_BenchmarkProblems/Cijk_Alik_Bjlk_B8B8S_BH_GB_00/00_Final/source/build_tmp/SOURCE/assembly/Cijk_Alik_Bjlk_B8B8S_BH_GB_MT64x64x16_MI16x16x165BG-8DJXshZdHVJ94-9-yEOqcXWvb7qtvyb5RttvsAo=.s
Assemble command: /opt/rocm/bin/amdclang++ -x assembler -target amdgcn-amd-amdhsa -mcode-object-version=4 -mcpu=gfx1201 -mno-wavefrontsize64 -c -o 
/home/iamthecage/out-v2/b8_to_b8_wmma_gb_fixed_tt/1_BenchmarkProblems/Cijk_Alik_Bjlk_B8B8S_BH_GB_00/00_Final/source/build_tmp/SOURCE/assembly/Cijk_Alik_Bjlk_B8B8S_BH_GB_MT6
4x64x16_MI16x16x165BG-8DJXshZdHVJ94-9-yEOqcXWvb7qtvyb5RttvsAo=.o 
/home/iamthecage/out-v2/b8_to_b8_wmma_gb_fixed_tt/1_BenchmarkProblems/Cijk_Alik_Bjlk_B8B8S_BH_GB_00/00_Final/source/build_tmp/SOURCE/assembly/Cijk_Alik_Bjlk_B8B8S_BH_GB_MT6
4x64x16_MI16x16x165BG-8DJXshZdHVJ94-9-yEOqcXWvb7qtvyb5RttvsAo=.s && 
b''
Single Code Object File: /opt/rocm/bin/amdclang++ -target amdgcn-amd-amdhsa -Xlinker --build-id -o 
/home/iamthecage/out-v2/b8_to_b8_wmma_gb_fixed_tt/1_BenchmarkProblems/Cijk_Alik_Bjlk_B8B8S_BH_GB_00/00_Final/source/build_tmp/SOURCE/assembly/Cijk_Alik_Bjlk_B8B8S_BH_GB_MT6
4x64x16_MI16x16x16VGX5871UkJVrUeKrRY--NkPAgXalpsfIVkJ2Id-O__k=.co 
/home/iamthecage/out-v2/b8_to_b8_wmma_gb_fixed_tt/1_BenchmarkProblems/Cijk_Alik_Bjlk_B8B8S_BH_GB_00/00_Final/source/build_tmp/SOURCE/assembly/Cijk_Alik_Bjlk_B8B8S_BH_GB_MT6
4x64x16_MI16x16x16VGX5871UkJVrUeKrRY--NkPAgXalpsfIVkJ2Id-O__k=.o
total vgpr count: 256

b''
b''
Single Code Object File: /opt/rocm/bin/amdclang++ -target amdgcn-amd-amdhsa -Xlinker --build-id -o 
/home/iamthecage/out-v2/b8_to_b8_wmma_gb_fixed_tt/1_BenchmarkProblems/Cijk_Alik_Bjlk_B8B8S_BH_GB_00/00_Final/source/build_tmp/SOURCE/assembly/Cijk_Alik_Bjlk_B8B8S_BH_GB_MT6
4x64x16_MI16x16x16G8i6KmdGOf61k2NKefw1JLuhK3LcGUQW0o0gzV7_2Ws=.co 
/home/iamthecage/out-v2/b8_to_b8_wmma_gb_fixed_tt/1_BenchmarkProblems/Cijk_Alik_Bjlk_B8B8S_BH_GB_00/00_Final/source/build_tmp/SOURCE/assembly/Cijk_Alik_Bjlk_B8B8S_BH_GB_MT6
4x64x16_MI16x16x16G8i6KmdGOf61k2NKefw1JLuhK3LcGUQW0o0gzV7_2Ws=.o
total vgpr count: 256

b''
Single Code Object File: /opt/rocm/bin/amdclang++ -target amdgcn-amd-amdhsa -Xlinker --build-id -o 
/home/iamthecage/out-v2/b8_to_b8_wmma_gb_fixed_tt/1_BenchmarkProblems/Cijk_Alik_Bjlk_B8B8S_BH_GB_00/00_Final/source/build_tmp/SOURCE/assembly/Cijk_Alik_Bjlk_B8B8S_BH_GB_MT6
4x64x16_MI16x16x16m_1q879nV_Qg_JHwjBjl4h1Qp660jmh8dpKrkE8PoT4=.co 
/home/iamthecage/out-v2/b8_to_b8_wmma_gb_fixed_tt/1_BenchmarkProblems/Cijk_Alik_Bjlk_B8B8S_BH_GB_00/00_Final/source/build_tmp/SOURCE/assembly/Cijk_Alik_Bjlk_B8B8S_BH_GB_MT6
4x64x16_MI16x16x16m_1q879nV_Qg_JHwjBjl4h1Qp660jmh8dpKrkE8PoT4=.o
total vgpr count: 256

b''
b''
Single Code Object File: /opt/rocm/bin/amdclang++ -target amdgcn-amd-amdhsa -Xlinker --build-id -o 
/home/iamthecage/out-v2/b8_to_b8_wmma_gb_fixed_tt/1_BenchmarkProblems/Cijk_Alik_Bjlk_B8B8S_BH_GB_00/00_Final/source/build_tmp/SOURCE/assembly/Cijk_Alik_Bjlk_B8B8S_BH_GB_MT6
4x64x16_MI16x16x165BG-8DJXshZdHVJ94-9-yEOqcXWvb7qtvyb5RttvsAo=.co 
/home/iamthecage/out-v2/b8_to_b8_wmma_gb_fixed_tt/1_BenchmarkProblems/Cijk_Alik_Bjlk_B8B8S_BH_GB_00/00_Final/source/build_tmp/SOURCE/assembly/Cijk_Alik_Bjlk_B8B8S_BH_GB_MT6
4x64x16_MI16x16x165BG-8DJXshZdHVJ94-9-yEOqcXWvb7qtvyb5RttvsAo=.o
write_assemblyFilename /home/iamthecage/out-v2/b8_to_b8_wmma_gb_fixed_tt/1_BenchmarkProblems/Cijk_Alik_Bjlk_B8B8S_BH_GB_00/00_Final/source/build_tmp/SOURCE/assembly/Cijk_Alik_Bjlk_B8B8S_BH_GB_MT64x64x16_MI16x16x16LofYYNMhBprQhYfXsYrt9FVkjNNBfMGkxIKr-q9OPls=.s
Assemble command: /opt/rocm/bin/amdclang++ -x assembler -target amdgcn-amd-amdhsa -mcode-object-version=4 -mcpu=gfx1201 -mno-wavefrontsize64 -c -o 
/home/iamthecage/out-v2/b8_to_b8_wmma_gb_fixed_tt/1_BenchmarkProblems/Cijk_Alik_Bjlk_B8B8S_BH_GB_00/00_Final/source/build_tmp/SOURCE/assembly/Cijk_Alik_Bjlk_B8B8S_BH_GB_MT6
4x64x16_MI16x16x16LofYYNMhBprQhYfXsYrt9FVkjNNBfMGkxIKr-q9OPls=.o 
/home/iamthecage/out-v2/b8_to_b8_wmma_gb_fixed_tt/1_BenchmarkProblems/Cijk_Alik_Bjlk_B8B8S_BH_GB_00/00_Final/source/build_tmp/SOURCE/assembly/Cijk_Alik_Bjlk_B8B8S_BH_GB_MT6
4x64x16_MI16x16x16LofYYNMhBprQhYfXsYrt9FVkjNNBfMGkxIKr-q9OPls=.s && 
b''
Single Code Object File: /opt/rocm/bin/amdclang++ -target amdgcn-amd-amdhsa -Xlinker --build-id -o 
/home/iamthecage/out-v2/b8_to_b8_wmma_gb_fixed_tt/1_BenchmarkProblems/Cijk_Alik_Bjlk_B8B8S_BH_GB_00/00_Final/source/build_tmp/SOURCE/assembly/Cijk_Alik_Bjlk_B8B8S_BH_GB_MT6
4x64x16_MI16x16x16NWUtPpvfekp3zTYH1I4s5RDujN1YPmawI7wqdno7_a8=.co 
/home/iamthecage/out-v2/b8_to_b8_wmma_gb_fixed_tt/1_BenchmarkProblems/Cijk_Alik_Bjlk_B8B8S_BH_GB_00/00_Final/source/build_tmp/SOURCE/assembly/Cijk_Alik_Bjlk_B8B8S_BH_GB_MT6
4x64x16_MI16x16x16NWUtPpvfekp3zTYH1I4s5RDujN1YPmawI7wqdno7_a8=.o
b''
write_assemblyFilename /home/iamthecage/out-v2/b8_to_b8_wmma_gb_fixed_tt/1_BenchmarkProblems/Cijk_Alik_Bjlk_B8B8S_BH_GB_00/00_Final/source/build_tmp/SOURCE/assembly/Cijk_Alik_Bjlk_B8B8S_BH_GB_MT64x64x16_MI16x16x16W5wk9A1hQblamH1H5JRoXxy_C-ndF1Kb81yWhojNrkw=.s
Assemble command: /opt/rocm/bin/amdclang++ -x assembler -target amdgcn-amd-amdhsa -mcode-object-version=4 -mcpu=gfx1201 -mno-wavefrontsize64 -c -o 
/home/iamthecage/out-v2/b8_to_b8_wmma_gb_fixed_tt/1_BenchmarkProblems/Cijk_Alik_Bjlk_B8B8S_BH_GB_00/00_Final/source/build_tmp/SOURCE/assembly/Cijk_Alik_Bjlk_B8B8S_BH_GB_MT6
4x64x16_MI16x16x16W5wk9A1hQblamH1H5JRoXxy_C-ndF1Kb81yWhojNrkw=.o 
/home/iamthecage/out-v2/b8_to_b8_wmma_gb_fixed_tt/1_BenchmarkProblems/Cijk_Alik_Bjlk_B8B8S_BH_GB_00/00_Final/source/build_tmp/SOURCE/assembly/Cijk_Alik_Bjlk_B8B8S_BH_GB_MT6
4x64x16_MI16x16x16W5wk9A1hQblamH1H5JRoXxy_C-ndF1Kb81yWhojNrkw=.s && 
b''
write_assemblyFilename /home/iamthecage/out-v2/b8_to_b8_wmma_gb_fixed_tt/1_BenchmarkProblems/Cijk_Alik_Bjlk_B8B8S_BH_GB_00/00_Final/source/build_tmp/SOURCE/assembly/Cijk_Alik_Bjlk_B8B8S_BH_GB_MT64x64x16_MI16x16x16QrG2vLk1Cda082RxCL6Cvu8ViXuKVfE55GPKP78jEeA=.s
Assemble command: /opt/rocm/bin/amdclang++ -x assembler -target amdgcn-amd-amdhsa -mcode-object-version=4 -mcpu=gfx1201 -mno-wavefrontsize64 -c -o 
/home/iamthecage/out-v2/b8_to_b8_wmma_gb_fixed_tt/1_BenchmarkProblems/Cijk_Alik_Bjlk_B8B8S_BH_GB_00/00_Final/source/build_tmp/SOURCE/assembly/Cijk_Alik_Bjlk_B8B8S_BH_GB_MT6
4x64x16_MI16x16x16QrG2vLk1Cda082RxCL6Cvu8ViXuKVfE55GPKP78jEeA=.o 
/home/iamthecage/out-v2/b8_to_b8_wmma_gb_fixed_tt/1_BenchmarkProblems/Cijk_Alik_Bjlk_B8B8S_BH_GB_00/00_Final/source/build_tmp/SOURCE/assembly/Cijk_Alik_Bjlk_B8B8S_BH_GB_MT6
4x64x16_MI16x16x16QrG2vLk1Cda082RxCL6Cvu8ViXuKVfE55GPKP78jEeA=.s && 
total vgpr count: 256

b''
write_assemblyFilename /home/iamthecage/out-v2/b8_to_b8_wmma_gb_fixed_tt/1_BenchmarkProblems/Cijk_Alik_Bjlk_B8B8S_BH_GB_00/00_Final/source/build_tmp/SOURCE/assembly/Cijk_Alik_Bjlk_B8B8S_BH_GB_MT64x64x16_MI16x16x16zzCQD1Hxug5bJjUMBQJAPgNMADPs4wraIgeFvzoUjQc=.s
Assemble command: /opt/rocm/bin/amdclang++ -x assembler -target amdgcn-amd-amdhsa -mcode-object-version=4 -mcpu=gfx1201 -mno-wavefrontsize64 -c -o 
/home/iamthecage/out-v2/b8_to_b8_wmma_gb_fixed_tt/1_BenchmarkProblems/Cijk_Alik_Bjlk_B8B8S_BH_GB_00/00_Final/source/build_tmp/SOURCE/assembly/Cijk_Alik_Bjlk_B8B8S_BH_GB_MT6
4x64x16_MI16x16x16zzCQD1Hxug5bJjUMBQJAPgNMADPs4wraIgeFvzoUjQc=.o 
/home/iamthecage/out-v2/b8_to_b8_wmma_gb_fixed_tt/1_BenchmarkProblems/Cijk_Alik_Bjlk_B8B8S_BH_GB_00/00_Final/source/build_tmp/SOURCE/assembly/Cijk_Alik_Bjlk_B8B8S_BH_GB_MT6
4x64x16_MI16x16x16zzCQD1Hxug5bJjUMBQJAPgNMADPs4wraIgeFvzoUjQc=.s && 
b''
Single Code Object File: /opt/rocm/bin/amdclang++ -target amdgcn-amd-amdhsa -Xlinker --build-id -o 
/home/iamthecage/out-v2/b8_to_b8_wmma_gb_fixed_tt/1_BenchmarkProblems/Cijk_Alik_Bjlk_B8B8S_BH_GB_00/00_Final/source/build_tmp/SOURCE/assembly/Cijk_Alik_Bjlk_B8B8S_BH_GB_MT6
4x64x16_MI16x16x16LofYYNMhBprQhYfXsYrt9FVkjNNBfMGkxIKr-q9OPls=.co 
/home/iamthecage/out-v2/b8_to_b8_wmma_gb_fixed_tt/1_BenchmarkProblems/Cijk_Alik_Bjlk_B8B8S_BH_GB_00/00_Final/source/build_tmp/SOURCE/assembly/Cijk_Alik_Bjlk_B8B8S_BH_GB_MT6
4x64x16_MI16x16x16LofYYNMhBprQhYfXsYrt9FVkjNNBfMGkxIKr-q9OPls=.o
b''
Single Code Object File: /opt/rocm/bin/amdclang++ -target amdgcn-amd-amdhsa -Xlinker --build-id -o 
/home/iamthecage/out-v2/b8_to_b8_wmma_gb_fixed_tt/1_BenchmarkProblems/Cijk_Alik_Bjlk_B8B8S_BH_GB_00/00_Final/source/build_tmp/SOURCE/assembly/Cijk_Alik_Bjlk_B8B8S_BH_GB_MT6
4x64x16_MI16x16x16W5wk9A1hQblamH1H5JRoXxy_C-ndF1Kb81yWhojNrkw=.co 
/home/iamthecage/out-v2/b8_to_b8_wmma_gb_fixed_tt/1_BenchmarkProblems/Cijk_Alik_Bjlk_B8B8S_BH_GB_00/00_Final/source/build_tmp/SOURCE/assembly/Cijk_Alik_Bjlk_B8B8S_BH_GB_MT6
4x64x16_MI16x16x16W5wk9A1hQblamH1H5JRoXxy_C-ndF1Kb81yWhojNrkw=.o
b''
b''
Single Code Object File: /opt/rocm/bin/amdclang++ -target amdgcn-amd-amdhsa -Xlinker --build-id -o 
/home/iamthecage/out-v2/b8_to_b8_wmma_gb_fixed_tt/1_BenchmarkProblems/Cijk_Alik_Bjlk_B8B8S_BH_GB_00/00_Final/source/build_tmp/SOURCE/assembly/Cijk_Alik_Bjlk_B8B8S_BH_GB_MT6
4x64x16_MI16x16x16QrG2vLk1Cda082RxCL6Cvu8ViXuKVfE55GPKP78jEeA=.co 
/home/iamthecage/out-v2/b8_to_b8_wmma_gb_fixed_tt/1_BenchmarkProblems/Cijk_Alik_Bjlk_B8B8S_BH_GB_00/00_Final/source/build_tmp/SOURCE/assembly/Cijk_Alik_Bjlk_B8B8S_BH_GB_MT6
4x64x16_MI16x16x16QrG2vLk1Cda082RxCL6Cvu8ViXuKVfE55GPKP78jEeA=.o
b''
b''
Single Code Object File: /opt/rocm/bin/amdclang++ -target amdgcn-amd-amdhsa -Xlinker --build-id -o 
/home/iamthecage/out-v2/b8_to_b8_wmma_gb_fixed_tt/1_BenchmarkProblems/Cijk_Alik_Bjlk_B8B8S_BH_GB_00/00_Final/source/build_tmp/SOURCE/assembly/Cijk_Alik_Bjlk_B8B8S_BH_GB_MT6
4x64x16_MI16x16x16zzCQD1Hxug5bJjUMBQJAPgNMADPs4wraIgeFvzoUjQc=.co 
/home/iamthecage/out-v2/b8_to_b8_wmma_gb_fixed_tt/1_BenchmarkProblems/Cijk_Alik_Bjlk_B8B8S_BH_GB_00/00_Final/source/build_tmp/SOURCE/assembly/Cijk_Alik_Bjlk_B8B8S_BH_GB_MT6
4x64x16_MI16x16x16zzCQD1Hxug5bJjUMBQJAPgNMADPs4wraIgeFvzoUjQc=.o
b''
total vgpr count: 256

b''
write_assemblyFilename /home/iamthecage/out-v2/b8_to_b8_wmma_gb_fixed_tt/1_BenchmarkProblems/Cijk_Alik_Bjlk_B8B8S_BH_GB_00/00_Final/source/build_tmp/SOURCE/assembly/Cijk_Alik_Bjlk_B8B8S_BH_GB_MT64x64x16_MI16x16x16uItvcoRD_vXmskSwxxB6Yeryhzatgz9AtvHs4IZR-JA=.s
Assemble command: /opt/rocm/bin/amdclang++ -x assembler -target amdgcn-amd-amdhsa -mcode-object-version=4 -mcpu=gfx1201 -mno-wavefrontsize64 -c -o 
/home/iamthecage/out-v2/b8_to_b8_wmma_gb_fixed_tt/1_BenchmarkProblems/Cijk_Alik_Bjlk_B8B8S_BH_GB_00/00_Final/source/build_tmp/SOURCE/assembly/Cijk_Alik_Bjlk_B8B8S_BH_GB_MT6
4x64x16_MI16x16x16uItvcoRD_vXmskSwxxB6Yeryhzatgz9AtvHs4IZR-JA=.o 
/home/iamthecage/out-v2/b8_to_b8_wmma_gb_fixed_tt/1_BenchmarkProblems/Cijk_Alik_Bjlk_B8B8S_BH_GB_00/00_Final/source/build_tmp/SOURCE/assembly/Cijk_Alik_Bjlk_B8B8S_BH_GB_MT6
4x64x16_MI16x16x16uItvcoRD_vXmskSwxxB6Yeryhzatgz9AtvHs4IZR-JA=.s && 
b''
Single Code Object File: /opt/rocm/bin/amdclang++ -target amdgcn-amd-amdhsa -Xlinker --build-id -o 
/home/iamthecage/out-v2/b8_to_b8_wmma_gb_fixed_tt/1_BenchmarkProblems/Cijk_Alik_Bjlk_B8B8S_BH_GB_00/00_Final/source/build_tmp/SOURCE/assembly/Cijk_Alik_Bjlk_B8B8S_BH_GB_MT6
4x64x16_MI16x16x16uItvcoRD_vXmskSwxxB6Yeryhzatgz9AtvHs4IZR-JA=.co 
/home/iamthecage/out-v2/b8_to_b8_wmma_gb_fixed_tt/1_BenchmarkProblems/Cijk_Alik_Bjlk_B8B8S_BH_GB_00/00_Final/source/build_tmp/SOURCE/assembly/Cijk_Alik_Bjlk_B8B8S_BH_GB_MT6
4x64x16_MI16x16x16uItvcoRD_vXmskSwxxB6Yeryhzatgz9AtvHs4IZR-JA=.o
b''
total vgpr count: 256

total vgpr count: 256

write_assemblyFilename /home/iamthecage/out-v2/b8_to_b8_wmma_gb_fixed_tt/1_BenchmarkProblems/Cijk_Alik_Bjlk_B8B8S_BH_GB_00/00_Final/source/build_tmp/SOURCE/assembly/Cijk_Alik_Bjlk_B8B8S_BH_GB_MT64x64x32_MI16x16x16OOYvAZYq5cZnogmGFouOmi0m-MqUSIjqY2Z8a6jSVVA=.s
Assemble command: /opt/rocm/bin/amdclang++ -x assembler -target amdgcn-amd-amdhsa -mcode-object-version=4 -mcpu=gfx1201 -mno-wavefrontsize64 -c -o 
/home/iamthecage/out-v2/b8_to_b8_wmma_gb_fixed_tt/1_BenchmarkProblems/Cijk_Alik_Bjlk_B8B8S_BH_GB_00/00_Final/source/build_tmp/SOURCE/assembly/Cijk_Alik_Bjlk_B8B8S_BH_GB_MT6
4x64x32_MI16x16x16OOYvAZYq5cZnogmGFouOmi0m-MqUSIjqY2Z8a6jSVVA=.o 
/home/iamthecage/out-v2/b8_to_b8_wmma_gb_fixed_tt/1_BenchmarkProblems/Cijk_Alik_Bjlk_B8B8S_BH_GB_00/00_Final/source/build_tmp/SOURCE/assembly/Cijk_Alik_Bjlk_B8B8S_BH_GB_MT6
4x64x32_MI16x16x16OOYvAZYq5cZnogmGFouOmi0m-MqUSIjqY2Z8a6jSVVA=.s && 
write_assemblyFilename /home/iamthecage/out-v2/b8_to_b8_wmma_gb_fixed_tt/1_BenchmarkProblems/Cijk_Alik_Bjlk_B8B8S_BH_GB_00/00_Final/source/build_tmp/SOURCE/assembly/Cijk_Alik_Bjlk_B8B8S_BH_GB_MT64x64x32_MI16x16x16zzCQD1Hxug5bJjUMBQJAPgNMADPs4wraIgeFvzoUjQc=.s
Assemble command: /opt/rocm/bin/amdclang++ -x assembler -target amdgcn-amd-amdhsa -mcode-object-version=4 -mcpu=gfx1201 -mno-wavefrontsize64 -c -o 
/home/iamthecage/out-v2/b8_to_b8_wmma_gb_fixed_tt/1_BenchmarkProblems/Cijk_Alik_Bjlk_B8B8S_BH_GB_00/00_Final/source/build_tmp/SOURCE/assembly/Cijk_Alik_Bjlk_B8B8S_BH_GB_MT6
4x64x32_MI16x16x16zzCQD1Hxug5bJjUMBQJAPgNMADPs4wraIgeFvzoUjQc=.o 
/home/iamthecage/out-v2/b8_to_b8_wmma_gb_fixed_tt/1_BenchmarkProblems/Cijk_Alik_Bjlk_B8B8S_BH_GB_00/00_Final/source/build_tmp/SOURCE/assembly/Cijk_Alik_Bjlk_B8B8S_BH_GB_MT6
4x64x32_MI16x16x16zzCQD1Hxug5bJjUMBQJAPgNMADPs4wraIgeFvzoUjQc=.s && 
b''
Single Code Object File: /opt/rocm/bin/amdclang++ -target amdgcn-amd-amdhsa -Xlinker --build-id -o 
/home/iamthecage/out-v2/b8_to_b8_wmma_gb_fixed_tt/1_BenchmarkProblems/Cijk_Alik_Bjlk_B8B8S_BH_GB_00/00_Final/source/build_tmp/SOURCE/assembly/Cijk_Alik_Bjlk_B8B8S_BH_GB_MT6
4x64x32_MI16x16x16OOYvAZYq5cZnogmGFouOmi0m-MqUSIjqY2Z8a6jSVVA=.co 
/home/iamthecage/out-v2/b8_to_b8_wmma_gb_fixed_tt/1_BenchmarkProblems/Cijk_Alik_Bjlk_B8B8S_BH_GB_00/00_Final/source/build_tmp/SOURCE/assembly/Cijk_Alik_Bjlk_B8B8S_BH_GB_MT6
4x64x32_MI16x16x16OOYvAZYq5cZnogmGFouOmi0m-MqUSIjqY2Z8a6jSVVA=.o
b''
Single Code Object File: /opt/rocm/bin/amdclang++ -target amdgcn-amd-amdhsa -Xlinker --build-id -o 
/home/iamthecage/out-v2/b8_to_b8_wmma_gb_fixed_tt/1_BenchmarkProblems/Cijk_Alik_Bjlk_B8B8S_BH_GB_00/00_Final/source/build_tmp/SOURCE/assembly/Cijk_Alik_Bjlk_B8B8S_BH_GB_MT6
4x64x32_MI16x16x16zzCQD1Hxug5bJjUMBQJAPgNMADPs4wraIgeFvzoUjQc=.co 
/home/iamthecage/out-v2/b8_to_b8_wmma_gb_fixed_tt/1_BenchmarkProblems/Cijk_Alik_Bjlk_B8B8S_BH_GB_00/00_Final/source/build_tmp/SOURCE/assembly/Cijk_Alik_Bjlk_B8B8S_BH_GB_MT6
4x64x32_MI16x16x16zzCQD1Hxug5bJjUMBQJAPgNMADPs4wraIgeFvzoUjQc=.o
b''
Generating kernels: 12 thread(s), 48 tasks:  75%|███████▌  | 36/48 [00:02<00:00, 16.13it/s]total vgpr count: 256

b''
total vgpr count: 256

total vgpr count: 256

write_assemblyFilename /home/iamthecage/out-v2/b8_to_b8_wmma_gb_fixed_tt/1_BenchmarkProblems/Cijk_Alik_Bjlk_B8B8S_BH_GB_00/00_Final/source/build_tmp/SOURCE/assembly/Cijk_Alik_Bjlk_B8B8S_BH_GB_MT64x64x32_MI16x16x16XwbSiHnzFDkSF7xxE_S4bfjy5Tf2YRw9MoH6p6gbg-4=.s
Assemble command: /opt/rocm/bin/amdclang++ -x assembler -target amdgcn-amd-amdhsa -mcode-object-version=4 -mcpu=gfx1201 -mno-wavefrontsize64 -c -o 
/home/iamthecage/out-v2/b8_to_b8_wmma_gb_fixed_tt/1_BenchmarkProblems/Cijk_Alik_Bjlk_B8B8S_BH_GB_00/00_Final/source/build_tmp/SOURCE/assembly/Cijk_Alik_Bjlk_B8B8S_BH_GB_MT6
4x64x32_MI16x16x16XwbSiHnzFDkSF7xxE_S4bfjy5Tf2YRw9MoH6p6gbg-4=.o 
/home/iamthecage/out-v2/b8_to_b8_wmma_gb_fixed_tt/1_BenchmarkProblems/Cijk_Alik_Bjlk_B8B8S_BH_GB_00/00_Final/source/build_tmp/SOURCE/assembly/Cijk_Alik_Bjlk_B8B8S_BH_GB_MT6
4x64x32_MI16x16x16XwbSiHnzFDkSF7xxE_S4bfjy5Tf2YRw9MoH6p6gbg-4=.s && 
total vgpr count: 256

total vgpr count: 256

write_assemblyFilename /home/iamthecage/out-v2/b8_to_b8_wmma_gb_fixed_tt/1_BenchmarkProblems/Cijk_Alik_Bjlk_B8B8S_BH_GB_00/00_Final/source/build_tmp/SOURCE/assembly/Cijk_Alik_Bjlk_B8B8S_BH_GB_MT64x64x32_MI16x16x16LofYYNMhBprQhYfXsYrt9FVkjNNBfMGkxIKr-q9OPls=.s
Assemble command: /opt/rocm/bin/amdclang++ -x assembler -target amdgcn-amd-amdhsa -mcode-object-version=4 -mcpu=gfx1201 -mno-wavefrontsize64 -c -o 
/home/iamthecage/out-v2/b8_to_b8_wmma_gb_fixed_tt/1_BenchmarkProblems/Cijk_Alik_Bjlk_B8B8S_BH_GB_00/00_Final/source/build_tmp/SOURCE/assembly/Cijk_Alik_Bjlk_B8B8S_BH_GB_MT6
4x64x32_MI16x16x16LofYYNMhBprQhYfXsYrt9FVkjNNBfMGkxIKr-q9OPls=.o 
/home/iamthecage/out-v2/b8_to_b8_wmma_gb_fixed_tt/1_BenchmarkProblems/Cijk_Alik_Bjlk_B8B8S_BH_GB_00/00_Final/source/build_tmp/SOURCE/assembly/Cijk_Alik_Bjlk_B8B8S_BH_GB_MT6
4x64x32_MI16x16x16LofYYNMhBprQhYfXsYrt9FVkjNNBfMGkxIKr-q9OPls=.s && 
write_assemblyFilename /home/iamthecage/out-v2/b8_to_b8_wmma_gb_fixed_tt/1_BenchmarkProblems/Cijk_Alik_Bjlk_B8B8S_BH_GB_00/00_Final/source/build_tmp/SOURCE/assembly/Cijk_Alik_Bjlk_B8B8S_BH_GB_MT64x64x32_MI16x16x165BG-8DJXshZdHVJ94-9-yEOqcXWvb7qtvyb5RttvsAo=.s
Assemble command: /opt/rocm/bin/amdclang++ -x assembler -target amdgcn-amd-amdhsa -mcode-object-version=4 -mcpu=gfx1201 -mno-wavefrontsize64 -c -o 
/home/iamthecage/out-v2/b8_to_b8_wmma_gb_fixed_tt/1_BenchmarkProblems/Cijk_Alik_Bjlk_B8B8S_BH_GB_00/00_Final/source/build_tmp/SOURCE/assembly/Cijk_Alik_Bjlk_B8B8S_BH_GB_MT6
4x64x32_MI16x16x165BG-8DJXshZdHVJ94-9-yEOqcXWvb7qtvyb5RttvsAo=.o 
/home/iamthecage/out-v2/b8_to_b8_wmma_gb_fixed_tt/1_BenchmarkProblems/Cijk_Alik_Bjlk_B8B8S_BH_GB_00/00_Final/source/build_tmp/SOURCE/assembly/Cijk_Alik_Bjlk_B8B8S_BH_GB_MT6
4x64x32_MI16x16x165BG-8DJXshZdHVJ94-9-yEOqcXWvb7qtvyb5RttvsAo=.s && 
total vgpr count: 256

write_assemblyFilename /home/iamthecage/out-v2/b8_to_b8_wmma_gb_fixed_tt/1_BenchmarkProblems/Cijk_Alik_Bjlk_B8B8S_BH_GB_00/00_Final/source/build_tmp/SOURCE/assembly/Cijk_Alik_Bjlk_B8B8S_BH_GB_MT64x64x32_MI16x16x16uItvcoRD_vXmskSwxxB6Yeryhzatgz9AtvHs4IZR-JA=.s
Assemble command: /opt/rocm/bin/amdclang++ -x assembler -target amdgcn-amd-amdhsa -mcode-object-version=4 -mcpu=gfx1201 -mno-wavefrontsize64 -c -o 
/home/iamthecage/out-v2/b8_to_b8_wmma_gb_fixed_tt/1_BenchmarkProblems/Cijk_Alik_Bjlk_B8B8S_BH_GB_00/00_Final/source/build_tmp/SOURCE/assembly/Cijk_Alik_Bjlk_B8B8S_BH_GB_MT6
4x64x32_MI16x16x16uItvcoRD_vXmskSwxxB6Yeryhzatgz9AtvHs4IZR-JA=.o 
/home/iamthecage/out-v2/b8_to_b8_wmma_gb_fixed_tt/1_BenchmarkProblems/Cijk_Alik_Bjlk_B8B8S_BH_GB_00/00_Final/source/build_tmp/SOURCE/assembly/Cijk_Alik_Bjlk_B8B8S_BH_GB_MT6
4x64x32_MI16x16x16uItvcoRD_vXmskSwxxB6Yeryhzatgz9AtvHs4IZR-JA=.s && 
total vgpr count: 256

write_assemblyFilename /home/iamthecage/out-v2/b8_to_b8_wmma_gb_fixed_tt/1_BenchmarkProblems/Cijk_Alik_Bjlk_B8B8S_BH_GB_00/00_Final/source/build_tmp/SOURCE/assembly/Cijk_Alik_Bjlk_B8B8S_BH_GB_MT64x64x32_MI16x16x16W5wk9A1hQblamH1H5JRoXxy_C-ndF1Kb81yWhojNrkw=.s
Assemble command: /opt/rocm/bin/amdclang++ -x assembler -target amdgcn-amd-amdhsa -mcode-object-version=4 -mcpu=gfx1201 -mno-wavefrontsize64 -c -o 
/home/iamthecage/out-v2/b8_to_b8_wmma_gb_fixed_tt/1_BenchmarkProblems/Cijk_Alik_Bjlk_B8B8S_BH_GB_00/00_Final/source/build_tmp/SOURCE/assembly/Cijk_Alik_Bjlk_B8B8S_BH_GB_MT6
4x64x32_MI16x16x16W5wk9A1hQblamH1H5JRoXxy_C-ndF1Kb81yWhojNrkw=.o 
/home/iamthecage/out-v2/b8_to_b8_wmma_gb_fixed_tt/1_BenchmarkProblems/Cijk_Alik_Bjlk_B8B8S_BH_GB_00/00_Final/source/build_tmp/SOURCE/assembly/Cijk_Alik_Bjlk_B8B8S_BH_GB_MT6
4x64x32_MI16x16x16W5wk9A1hQblamH1H5JRoXxy_C-ndF1Kb81yWhojNrkw=.s && 
total vgpr count: 256

total vgpr count: 256

total vgpr count: 256

write_assemblyFilename /home/iamthecage/out-v2/b8_to_b8_wmma_gb_fixed_tt/1_BenchmarkProblems/Cijk_Alik_Bjlk_B8B8S_BH_GB_00/00_Final/source/build_tmp/SOURCE/assembly/Cijk_Alik_Bjlk_B8B8S_BH_GB_MT64x64x32_MI16x16x16G8i6KmdGOf61k2NKefw1JLuhK3LcGUQW0o0gzV7_2Ws=.s
Assemble command: /opt/rocm/bin/amdclang++ -x assembler -target amdgcn-amd-amdhsa -mcode-object-version=4 -mcpu=gfx1201 -mno-wavefrontsize64 -c -o 
/home/iamthecage/out-v2/b8_to_b8_wmma_gb_fixed_tt/1_BenchmarkProblems/Cijk_Alik_Bjlk_B8B8S_BH_GB_00/00_Final/source/build_tmp/SOURCE/assembly/Cijk_Alik_Bjlk_B8B8S_BH_GB_MT6
4x64x32_MI16x16x16G8i6KmdGOf61k2NKefw1JLuhK3LcGUQW0o0gzV7_2Ws=.o 
/home/iamthecage/out-v2/b8_to_b8_wmma_gb_fixed_tt/1_BenchmarkProblems/Cijk_Alik_Bjlk_B8B8S_BH_GB_00/00_Final/source/build_tmp/SOURCE/assembly/Cijk_Alik_Bjlk_B8B8S_BH_GB_MT6
4x64x32_MI16x16x16G8i6KmdGOf61k2NKefw1JLuhK3LcGUQW0o0gzV7_2Ws=.s && 
b''
Single Code Object File: /opt/rocm/bin/amdclang++ -target amdgcn-amd-amdhsa -Xlinker --build-id -o 
/home/iamthecage/out-v2/b8_to_b8_wmma_gb_fixed_tt/1_BenchmarkProblems/Cijk_Alik_Bjlk_B8B8S_BH_GB_00/00_Final/source/build_tmp/SOURCE/assembly/Cijk_Alik_Bjlk_B8B8S_BH_GB_MT6
4x64x32_MI16x16x16XwbSiHnzFDkSF7xxE_S4bfjy5Tf2YRw9MoH6p6gbg-4=.co 
/home/iamthecage/out-v2/b8_to_b8_wmma_gb_fixed_tt/1_BenchmarkProblems/Cijk_Alik_Bjlk_B8B8S_BH_GB_00/00_Final/source/build_tmp/SOURCE/assembly/Cijk_Alik_Bjlk_B8B8S_BH_GB_MT6
4x64x32_MI16x16x16XwbSiHnzFDkSF7xxE_S4bfjy5Tf2YRw9MoH6p6gbg-4=.o
write_assemblyFilename /home/iamthecage/out-v2/b8_to_b8_wmma_gb_fixed_tt/1_BenchmarkProblems/Cijk_Alik_Bjlk_B8B8S_BH_GB_00/00_Final/source/build_tmp/SOURCE/assembly/Cijk_Alik_Bjlk_B8B8S_BH_GB_MT64x64x32_MI16x16x16m_1q879nV_Qg_JHwjBjl4h1Qp660jmh8dpKrkE8PoT4=.s
Assemble command: /opt/rocm/bin/amdclang++ -x assembler -target amdgcn-amd-amdhsa -mcode-object-version=4 -mcpu=gfx1201 -mno-wavefrontsize64 -c -o 
/home/iamthecage/out-v2/b8_to_b8_wmma_gb_fixed_tt/1_BenchmarkProblems/Cijk_Alik_Bjlk_B8B8S_BH_GB_00/00_Final/source/build_tmp/SOURCE/assembly/Cijk_Alik_Bjlk_B8B8S_BH_GB_MT6
4x64x32_MI16x16x16m_1q879nV_Qg_JHwjBjl4h1Qp660jmh8dpKrkE8PoT4=.o 
/home/iamthecage/out-v2/b8_to_b8_wmma_gb_fixed_tt/1_BenchmarkProblems/Cijk_Alik_Bjlk_B8B8S_BH_GB_00/00_Final/source/build_tmp/SOURCE/assembly/Cijk_Alik_Bjlk_B8B8S_BH_GB_MT6
4x64x32_MI16x16x16m_1q879nV_Qg_JHwjBjl4h1Qp660jmh8dpKrkE8PoT4=.s && 
total vgpr count: 256

write_assemblyFilename /home/iamthecage/out-v2/b8_to_b8_wmma_gb_fixed_tt/1_BenchmarkProblems/Cijk_Alik_Bjlk_B8B8S_BH_GB_00/00_Final/source/build_tmp/SOURCE/assembly/Cijk_Alik_Bjlk_B8B8S_BH_GB_MT64x64x32_MI16x16x16NWUtPpvfekp3zTYH1I4s5RDujN1YPmawI7wqdno7_a8=.s
Assemble command: /opt/rocm/bin/amdclang++ -x assembler -target amdgcn-amd-amdhsa -mcode-object-version=4 -mcpu=gfx1201 -mno-wavefrontsize64 -c -o 
/home/iamthecage/out-v2/b8_to_b8_wmma_gb_fixed_tt/1_BenchmarkProblems/Cijk_Alik_Bjlk_B8B8S_BH_GB_00/00_Final/source/build_tmp/SOURCE/assembly/Cijk_Alik_Bjlk_B8B8S_BH_GB_MT6
4x64x32_MI16x16x16NWUtPpvfekp3zTYH1I4s5RDujN1YPmawI7wqdno7_a8=.o 
/home/iamthecage/out-v2/b8_to_b8_wmma_gb_fixed_tt/1_BenchmarkProblems/Cijk_Alik_Bjlk_B8B8S_BH_GB_00/00_Final/source/build_tmp/SOURCE/assembly/Cijk_Alik_Bjlk_B8B8S_BH_GB_MT6
4x64x32_MI16x16x16NWUtPpvfekp3zTYH1I4s5RDujN1YPmawI7wqdno7_a8=.s && 
b''
write_assemblyFilename /home/iamthecage/out-v2/b8_to_b8_wmma_gb_fixed_tt/1_BenchmarkProblems/Cijk_Alik_Bjlk_B8B8S_BH_GB_00/00_Final/source/build_tmp/SOURCE/assembly/Cijk_Alik_Bjlk_B8B8S_BH_GB_MT64x64x32_MI16x16x16VGX5871UkJVrUeKrRY--NkPAgXalpsfIVkJ2Id-O__k=.s
Assemble command: /opt/rocm/bin/amdclang++ -x assembler -target amdgcn-amd-amdhsa -mcode-object-version=4 -mcpu=gfx1201 -mno-wavefrontsize64 -c -o 
/home/iamthecage/out-v2/b8_to_b8_wmma_gb_fixed_tt/1_BenchmarkProblems/Cijk_Alik_Bjlk_B8B8S_BH_GB_00/00_Final/source/build_tmp/SOURCE/assembly/Cijk_Alik_Bjlk_B8B8S_BH_GB_MT6
4x64x32_MI16x16x16VGX5871UkJVrUeKrRY--NkPAgXalpsfIVkJ2Id-O__k=.o 
/home/iamthecage/out-v2/b8_to_b8_wmma_gb_fixed_tt/1_BenchmarkProblems/Cijk_Alik_Bjlk_B8B8S_BH_GB_00/00_Final/source/build_tmp/SOURCE/assembly/Cijk_Alik_Bjlk_B8B8S_BH_GB_MT6
4x64x32_MI16x16x16VGX5871UkJVrUeKrRY--NkPAgXalpsfIVkJ2Id-O__k=.s && 
b''
Single Code Object File: /opt/rocm/bin/amdclang++ -target amdgcn-amd-amdhsa -Xlinker --build-id -o 
/home/iamthecage/out-v2/b8_to_b8_wmma_gb_fixed_tt/1_BenchmarkProblems/Cijk_Alik_Bjlk_B8B8S_BH_GB_00/00_Final/source/build_tmp/SOURCE/assembly/Cijk_Alik_Bjlk_B8B8S_BH_GB_MT6
4x64x32_MI16x16x165BG-8DJXshZdHVJ94-9-yEOqcXWvb7qtvyb5RttvsAo=.co 
/home/iamthecage/out-v2/b8_to_b8_wmma_gb_fixed_tt/1_BenchmarkProblems/Cijk_Alik_Bjlk_B8B8S_BH_GB_00/00_Final/source/build_tmp/SOURCE/assembly/Cijk_Alik_Bjlk_B8B8S_BH_GB_MT6
4x64x32_MI16x16x165BG-8DJXshZdHVJ94-9-yEOqcXWvb7qtvyb5RttvsAo=.o
b''
Single Code Object File: /opt/rocm/bin/amdclang++ -target amdgcn-amd-amdhsa -Xlinker --build-id -o 
/home/iamthecage/out-v2/b8_to_b8_wmma_gb_fixed_tt/1_BenchmarkProblems/Cijk_Alik_Bjlk_B8B8S_BH_GB_00/00_Final/source/build_tmp/SOURCE/assembly/Cijk_Alik_Bjlk_B8B8S_BH_GB_MT6
4x64x32_MI16x16x16uItvcoRD_vXmskSwxxB6Yeryhzatgz9AtvHs4IZR-JA=.co 
/home/iamthecage/out-v2/b8_to_b8_wmma_gb_fixed_tt/1_BenchmarkProblems/Cijk_Alik_Bjlk_B8B8S_BH_GB_00/00_Final/source/build_tmp/SOURCE/assembly/Cijk_Alik_Bjlk_B8B8S_BH_GB_MT6
4x64x32_MI16x16x16uItvcoRD_vXmskSwxxB6Yeryhzatgz9AtvHs4IZR-JA=.o
write_assemblyFilename /home/iamthecage/out-v2/b8_to_b8_wmma_gb_fixed_tt/1_BenchmarkProblems/Cijk_Alik_Bjlk_B8B8S_BH_GB_00/00_Final/source/build_tmp/SOURCE/assembly/Cijk_Alik_Bjlk_B8B8S_BH_GB_MT64x64x32_MI16x16x16QrG2vLk1Cda082RxCL6Cvu8ViXuKVfE55GPKP78jEeA=.s
Assemble command: /opt/rocm/bin/amdclang++ -x assembler -target amdgcn-amd-amdhsa -mcode-object-version=4 -mcpu=gfx1201 -mno-wavefrontsize64 -c -o 
/home/iamthecage/out-v2/b8_to_b8_wmma_gb_fixed_tt/1_BenchmarkProblems/Cijk_Alik_Bjlk_B8B8S_BH_GB_00/00_Final/source/build_tmp/SOURCE/assembly/Cijk_Alik_Bjlk_B8B8S_BH_GB_MT6
4x64x32_MI16x16x16QrG2vLk1Cda082RxCL6Cvu8ViXuKVfE55GPKP78jEeA=.o 
/home/iamthecage/out-v2/b8_to_b8_wmma_gb_fixed_tt/1_BenchmarkProblems/Cijk_Alik_Bjlk_B8B8S_BH_GB_00/00_Final/source/build_tmp/SOURCE/assembly/Cijk_Alik_Bjlk_B8B8S_BH_GB_MT6
4x64x32_MI16x16x16QrG2vLk1Cda082RxCL6Cvu8ViXuKVfE55GPKP78jEeA=.s && 
b''
Single Code Object File: /opt/rocm/bin/amdclang++ -target amdgcn-amd-amdhsa -Xlinker --build-id -o 
/home/iamthecage/out-v2/b8_to_b8_wmma_gb_fixed_tt/1_BenchmarkProblems/Cijk_Alik_Bjlk_B8B8S_BH_GB_00/00_Final/source/build_tmp/SOURCE/assembly/Cijk_Alik_Bjlk_B8B8S_BH_GB_MT6
4x64x32_MI16x16x16LofYYNMhBprQhYfXsYrt9FVkjNNBfMGkxIKr-q9OPls=.co 
/home/iamthecage/out-v2/b8_to_b8_wmma_gb_fixed_tt/1_BenchmarkProblems/Cijk_Alik_Bjlk_B8B8S_BH_GB_00/00_Final/source/build_tmp/SOURCE/assembly/Cijk_Alik_Bjlk_B8B8S_BH_GB_MT6
4x64x32_MI16x16x16LofYYNMhBprQhYfXsYrt9FVkjNNBfMGkxIKr-q9OPls=.o
b''
b''
write_assemblyFilename /home/iamthecage/out-v2/b8_to_b8_wmma_gb_fixed_tt/1_BenchmarkProblems/Cijk_Alik_Bjlk_B8B8S_BH_GB_00/00_Final/source/build_tmp/SOURCE/assembly/Cijk_Alik_Bjlk_B8B8S_BH_GB_MT64x64x16_MI16x16x16WYwyK6VVWZuWgCV0jDcvHcbxgdiKn8O2Bh9knkjeNnI=.s
Assemble command: /opt/rocm/bin/amdclang++ -x assembler -target amdgcn-amd-amdhsa -mcode-object-version=4 -mcpu=gfx1201 -mno-wavefrontsize64 -c -o 
/home/iamthecage/out-v2/b8_to_b8_wmma_gb_fixed_tt/1_BenchmarkProblems/Cijk_Alik_Bjlk_B8B8S_BH_GB_00/00_Final/source/build_tmp/SOURCE/assembly/Cijk_Alik_Bjlk_B8B8S_BH_GB_MT6
4x64x16_MI16x16x16WYwyK6VVWZuWgCV0jDcvHcbxgdiKn8O2Bh9knkjeNnI=.o 
/home/iamthecage/out-v2/b8_to_b8_wmma_gb_fixed_tt/1_BenchmarkProblems/Cijk_Alik_Bjlk_B8B8S_BH_GB_00/00_Final/source/build_tmp/SOURCE/assembly/Cijk_Alik_Bjlk_B8B8S_BH_GB_MT6
4x64x16_MI16x16x16WYwyK6VVWZuWgCV0jDcvHcbxgdiKn8O2Bh9knkjeNnI=.s && 
b''
Single Code Object File: /opt/rocm/bin/amdclang++ -target amdgcn-amd-amdhsa -Xlinker --build-id -o 
/home/iamthecage/out-v2/b8_to_b8_wmma_gb_fixed_tt/1_BenchmarkProblems/Cijk_Alik_Bjlk_B8B8S_BH_GB_00/00_Final/source/build_tmp/SOURCE/assembly/Cijk_Alik_Bjlk_B8B8S_BH_GB_MT6
4x64x32_MI16x16x16W5wk9A1hQblamH1H5JRoXxy_C-ndF1Kb81yWhojNrkw=.co 
/home/iamthecage/out-v2/b8_to_b8_wmma_gb_fixed_tt/1_BenchmarkProblems/Cijk_Alik_Bjlk_B8B8S_BH_GB_00/00_Final/source/build_tmp/SOURCE/assembly/Cijk_Alik_Bjlk_B8B8S_BH_GB_MT6
4x64x32_MI16x16x16W5wk9A1hQblamH1H5JRoXxy_C-ndF1Kb81yWhojNrkw=.o
b''
b''
Single Code Object File: /opt/rocm/bin/amdclang++ -target amdgcn-amd-amdhsa -Xlinker --build-id -o 
/home/iamthecage/out-v2/b8_to_b8_wmma_gb_fixed_tt/1_BenchmarkProblems/Cijk_Alik_Bjlk_B8B8S_BH_GB_00/00_Final/source/build_tmp/SOURCE/assembly/Cijk_Alik_Bjlk_B8B8S_BH_GB_MT6
4x64x32_MI16x16x16G8i6KmdGOf61k2NKefw1JLuhK3LcGUQW0o0gzV7_2Ws=.co 
/home/iamthecage/out-v2/b8_to_b8_wmma_gb_fixed_tt/1_BenchmarkProblems/Cijk_Alik_Bjlk_B8B8S_BH_GB_00/00_Final/source/build_tmp/SOURCE/assembly/Cijk_Alik_Bjlk_B8B8S_BH_GB_MT6
4x64x32_MI16x16x16G8i6KmdGOf61k2NKefw1JLuhK3LcGUQW0o0gzV7_2Ws=.o
b''
Single Code Object File: /opt/rocm/bin/amdclang++ -target amdgcn-amd-amdhsa -Xlinker --build-id -o 
/home/iamthecage/out-v2/b8_to_b8_wmma_gb_fixed_tt/1_BenchmarkProblems/Cijk_Alik_Bjlk_B8B8S_BH_GB_00/00_Final/source/build_tmp/SOURCE/assembly/Cijk_Alik_Bjlk_B8B8S_BH_GB_MT6
4x64x32_MI16x16x16m_1q879nV_Qg_JHwjBjl4h1Qp660jmh8dpKrkE8PoT4=.co 
/home/iamthecage/out-v2/b8_to_b8_wmma_gb_fixed_tt/1_BenchmarkProblems/Cijk_Alik_Bjlk_B8B8S_BH_GB_00/00_Final/source/build_tmp/SOURCE/assembly/Cijk_Alik_Bjlk_B8B8S_BH_GB_MT6
4x64x32_MI16x16x16m_1q879nV_Qg_JHwjBjl4h1Qp660jmh8dpKrkE8PoT4=.o
b''
b''
total vgpr count: 256

b''
b''
Single Code Object File: /opt/rocm/bin/amdclang++ -target amdgcn-amd-amdhsa -Xlinker --build-id -o 
/home/iamthecage/out-v2/b8_to_b8_wmma_gb_fixed_tt/1_BenchmarkProblems/Cijk_Alik_Bjlk_B8B8S_BH_GB_00/00_Final/source/build_tmp/SOURCE/assembly/Cijk_Alik_Bjlk_B8B8S_BH_GB_MT6
4x64x32_MI16x16x16NWUtPpvfekp3zTYH1I4s5RDujN1YPmawI7wqdno7_a8=.co 
/home/iamthecage/out-v2/b8_to_b8_wmma_gb_fixed_tt/1_BenchmarkProblems/Cijk_Alik_Bjlk_B8B8S_BH_GB_00/00_Final/source/build_tmp/SOURCE/assembly/Cijk_Alik_Bjlk_B8B8S_BH_GB_MT6
4x64x32_MI16x16x16NWUtPpvfekp3zTYH1I4s5RDujN1YPmawI7wqdno7_a8=.o
b''
Single Code Object File: /opt/rocm/bin/amdclang++ -target amdgcn-amd-amdhsa -Xlinker --build-id -o 
/home/iamthecage/out-v2/b8_to_b8_wmma_gb_fixed_tt/1_BenchmarkProblems/Cijk_Alik_Bjlk_B8B8S_BH_GB_00/00_Final/source/build_tmp/SOURCE/assembly/Cijk_Alik_Bjlk_B8B8S_BH_GB_MT6
4x64x32_MI16x16x16VGX5871UkJVrUeKrRY--NkPAgXalpsfIVkJ2Id-O__k=.co 
/home/iamthecage/out-v2/b8_to_b8_wmma_gb_fixed_tt/1_BenchmarkProblems/Cijk_Alik_Bjlk_B8B8S_BH_GB_00/00_Final/source/build_tmp/SOURCE/assembly/Cijk_Alik_Bjlk_B8B8S_BH_GB_MT6
4x64x32_MI16x16x16VGX5871UkJVrUeKrRY--NkPAgXalpsfIVkJ2Id-O__k=.o
total vgpr count: 256

total vgpr count: 256

b''
Single Code Object File: /opt/rocm/bin/amdclang++ -target amdgcn-amd-amdhsa -Xlinker --build-id -o 
/home/iamthecage/out-v2/b8_to_b8_wmma_gb_fixed_tt/1_BenchmarkProblems/Cijk_Alik_Bjlk_B8B8S_BH_GB_00/00_Final/source/build_tmp/SOURCE/assembly/Cijk_Alik_Bjlk_B8B8S_BH_GB_MT6
4x64x16_MI16x16x16WYwyK6VVWZuWgCV0jDcvHcbxgdiKn8O2Bh9knkjeNnI=.co 
/home/iamthecage/out-v2/b8_to_b8_wmma_gb_fixed_tt/1_BenchmarkProblems/Cijk_Alik_Bjlk_B8B8S_BH_GB_00/00_Final/source/build_tmp/SOURCE/assembly/Cijk_Alik_Bjlk_B8B8S_BH_GB_MT6
4x64x16_MI16x16x16WYwyK6VVWZuWgCV0jDcvHcbxgdiKn8O2Bh9knkjeNnI=.o
b''
b''
total vgpr count: 256

write_assemblyFilename /home/iamthecage/out-v2/b8_to_b8_wmma_gb_fixed_tt/1_BenchmarkProblems/Cijk_Alik_Bjlk_B8B8S_BH_GB_00/00_Final/source/build_tmp/SOURCE/assembly/Cijk_Alik_Bjlk_B8B8S_BH_GB_MT64x64x16_MI16x16x16w1BCcO2V0iCEEaPQL9q2VsywgyZHwCAM4iqL1s9ky64=.s
Assemble command: /opt/rocm/bin/amdclang++ -x assembler -target amdgcn-amd-amdhsa -mcode-object-version=4 -mcpu=gfx1201 -mno-wavefrontsize64 -c -o 
/home/iamthecage/out-v2/b8_to_b8_wmma_gb_fixed_tt/1_BenchmarkProblems/Cijk_Alik_Bjlk_B8B8S_BH_GB_00/00_Final/source/build_tmp/SOURCE/assembly/Cijk_Alik_Bjlk_B8B8S_BH_GB_MT6
4x64x16_MI16x16x16w1BCcO2V0iCEEaPQL9q2VsywgyZHwCAM4iqL1s9ky64=.o 
/home/iamthecage/out-v2/b8_to_b8_wmma_gb_fixed_tt/1_BenchmarkProblems/Cijk_Alik_Bjlk_B8B8S_BH_GB_00/00_Final/source/build_tmp/SOURCE/assembly/Cijk_Alik_Bjlk_B8B8S_BH_GB_MT6
4x64x16_MI16x16x16w1BCcO2V0iCEEaPQL9q2VsywgyZHwCAM4iqL1s9ky64=.s && 
b''
Single Code Object File: /opt/rocm/bin/amdclang++ -target amdgcn-amd-amdhsa -Xlinker --build-id -o 
/home/iamthecage/out-v2/b8_to_b8_wmma_gb_fixed_tt/1_BenchmarkProblems/Cijk_Alik_Bjlk_B8B8S_BH_GB_00/00_Final/source/build_tmp/SOURCE/assembly/Cijk_Alik_Bjlk_B8B8S_BH_GB_MT6
4x64x32_MI16x16x16QrG2vLk1Cda082RxCL6Cvu8ViXuKVfE55GPKP78jEeA=.co 
/home/iamthecage/out-v2/b8_to_b8_wmma_gb_fixed_tt/1_BenchmarkProblems/Cijk_Alik_Bjlk_B8B8S_BH_GB_00/00_Final/source/build_tmp/SOURCE/assembly/Cijk_Alik_Bjlk_B8B8S_BH_GB_MT6
4x64x32_MI16x16x16QrG2vLk1Cda082RxCL6Cvu8ViXuKVfE55GPKP78jEeA=.o
b''
total vgpr count: 256

write_assemblyFilename /home/iamthecage/out-v2/b8_to_b8_wmma_gb_fixed_tt/1_BenchmarkProblems/Cijk_Alik_Bjlk_B8B8S_BH_GB_00/00_Final/source/build_tmp/SOURCE/assembly/Cijk_Alik_Bjlk_B8B8S_BH_GB_MT64x64x16_MI16x16x16IxzJm1gc4niNZ_OL33cX89YXxtU2W0POgaepF9Hklx4=.s
Assemble command: /opt/rocm/bin/amdclang++ -x assembler -target amdgcn-amd-amdhsa -mcode-object-version=4 -mcpu=gfx1201 -mno-wavefrontsize64 -c -o 
/home/iamthecage/out-v2/b8_to_b8_wmma_gb_fixed_tt/1_BenchmarkProblems/Cijk_Alik_Bjlk_B8B8S_BH_GB_00/00_Final/source/build_tmp/SOURCE/assembly/Cijk_Alik_Bjlk_B8B8S_BH_GB_MT6
4x64x16_MI16x16x16IxzJm1gc4niNZ_OL33cX89YXxtU2W0POgaepF9Hklx4=.o 
/home/iamthecage/out-v2/b8_to_b8_wmma_gb_fixed_tt/1_BenchmarkProblems/Cijk_Alik_Bjlk_B8B8S_BH_GB_00/00_Final/source/build_tmp/SOURCE/assembly/Cijk_Alik_Bjlk_B8B8S_BH_GB_MT6
4x64x16_MI16x16x16IxzJm1gc4niNZ_OL33cX89YXxtU2W0POgaepF9Hklx4=.s && 
b''
write_assemblyFilename /home/iamthecage/out-v2/b8_to_b8_wmma_gb_fixed_tt/1_BenchmarkProblems/Cijk_Alik_Bjlk_B8B8S_BH_GB_00/00_Final/source/build_tmp/SOURCE/assembly/Cijk_Alik_Bjlk_B8B8S_BH_GB_MT64x64x16_MI16x16x16dq_8CiCVfJk5Hpy_S7lJWkLBFtuhxRTtI1nI_rgtHXA=.s
Assemble command: /opt/rocm/bin/amdclang++ -x assembler -target amdgcn-amd-amdhsa -mcode-object-version=4 -mcpu=gfx1201 -mno-wavefrontsize64 -c -o 
/home/iamthecage/out-v2/b8_to_b8_wmma_gb_fixed_tt/1_BenchmarkProblems/Cijk_Alik_Bjlk_B8B8S_BH_GB_00/00_Final/source/build_tmp/SOURCE/assembly/Cijk_Alik_Bjlk_B8B8S_BH_GB_MT6
4x64x16_MI16x16x16dq_8CiCVfJk5Hpy_S7lJWkLBFtuhxRTtI1nI_rgtHXA=.o 
/home/iamthecage/out-v2/b8_to_b8_wmma_gb_fixed_tt/1_BenchmarkProblems/Cijk_Alik_Bjlk_B8B8S_BH_GB_00/00_Final/source/build_tmp/SOURCE/assembly/Cijk_Alik_Bjlk_B8B8S_BH_GB_MT6
4x64x16_MI16x16x16dq_8CiCVfJk5Hpy_S7lJWkLBFtuhxRTtI1nI_rgtHXA=.s && 
Generating kernels: 12 thread(s), 48 tasks: 100%|██████████| 48/48 [00:02<00:00, 22.56it/s]Generating kernels: 12 thread(s), 48 tasks: 100%|██████████| 48/48 [00:02<00:00, 19.03it/s]
total vgpr count: 256

write_assemblyFilename /home/iamthecage/out-v2/b8_to_b8_wmma_gb_fixed_tt/1_BenchmarkProblems/Cijk_Alik_Bjlk_B8B8S_BH_GB_00/00_Final/source/build_tmp/SOURCE/assembly/Cijk_Alik_Bjlk_B8B8S_BH_GB_MT64x64x16_MI16x16x16nXMZ907MkCArKFkFjDSp_31ND2LPJJlDmBDShyHB62U=.s
Assemble command: /opt/rocm/bin/amdclang++ -x assembler -target amdgcn-amd-amdhsa -mcode-object-version=4 -mcpu=gfx1201 -mno-wavefrontsize64 -c -o 
/home/iamthecage/out-v2/b8_to_b8_wmma_gb_fixed_tt/1_BenchmarkProblems/Cijk_Alik_Bjlk_B8B8S_BH_GB_00/00_Final/source/build_tmp/SOURCE/assembly/Cijk_Alik_Bjlk_B8B8S_BH_GB_MT6
4x64x16_MI16x16x16nXMZ907MkCArKFkFjDSp_31ND2LPJJlDmBDShyHB62U=.o 
/home/iamthecage/out-v2/b8_to_b8_wmma_gb_fixed_tt/1_BenchmarkProblems/Cijk_Alik_Bjlk_B8B8S_BH_GB_00/00_Final/source/build_tmp/SOURCE/assembly/Cijk_Alik_Bjlk_B8B8S_BH_GB_MT6
4x64x16_MI16x16x16nXMZ907MkCArKFkFjDSp_31ND2LPJJlDmBDShyHB62U=.s && 
total vgpr count: 256

total vgpr count: 256

write_assemblyFilename /home/iamthecage/out-v2/b8_to_b8_wmma_gb_fixed_tt/1_BenchmarkProblems/Cijk_Alik_Bjlk_B8B8S_BH_GB_00/00_Final/source/build_tmp/SOURCE/assembly/Cijk_Alik_Bjlk_B8B8S_BH_GB_MT64x64x16_MI16x16x16WZ-gvUmkIQRk3UJxEbaO6VFWhfGEPeGb5xYsf_LesXM=.s
Assemble command: /opt/rocm/bin/amdclang++ -x assembler -target amdgcn-amd-amdhsa -mcode-object-version=4 -mcpu=gfx1201 -mno-wavefrontsize64 -c -o 
/home/iamthecage/out-v2/b8_to_b8_wmma_gb_fixed_tt/1_BenchmarkProblems/Cijk_Alik_Bjlk_B8B8S_BH_GB_00/00_Final/source/build_tmp/SOURCE/assembly/Cijk_Alik_Bjlk_B8B8S_BH_GB_MT6
4x64x16_MI16x16x16WZ-gvUmkIQRk3UJxEbaO6VFWhfGEPeGb5xYsf_LesXM=.o 
/home/iamthecage/out-v2/b8_to_b8_wmma_gb_fixed_tt/1_BenchmarkProblems/Cijk_Alik_Bjlk_B8B8S_BH_GB_00/00_Final/source/build_tmp/SOURCE/assembly/Cijk_Alik_Bjlk_B8B8S_BH_GB_MT6
4x64x16_MI16x16x16WZ-gvUmkIQRk3UJxEbaO6VFWhfGEPeGb5xYsf_LesXM=.s && 
write_assemblyFilename /home/iamthecage/out-v2/b8_to_b8_wmma_gb_fixed_tt/1_BenchmarkProblems/Cijk_Alik_Bjlk_B8B8S_BH_GB_00/00_Final/source/build_tmp/SOURCE/assembly/Cijk_Alik_Bjlk_B8B8S_BH_GB_MT64x64x16_MI16x16x16c2OWJ_Rb6tE3FHlG_D3ejRHUaQoX7VPDxcqIjdumKww=.s
Assemble command: /opt/rocm/bin/amdclang++ -x assembler -target amdgcn-amd-amdhsa -mcode-object-version=4 -mcpu=gfx1201 -mno-wavefrontsize64 -c -o 
/home/iamthecage/out-v2/b8_to_b8_wmma_gb_fixed_tt/1_BenchmarkProblems/Cijk_Alik_Bjlk_B8B8S_BH_GB_00/00_Final/source/build_tmp/SOURCE/assembly/Cijk_Alik_Bjlk_B8B8S_BH_GB_MT6
4x64x16_MI16x16x16c2OWJ_Rb6tE3FHlG_D3ejRHUaQoX7VPDxcqIjdumKww=.o 
/home/iamthecage/out-v2/b8_to_b8_wmma_gb_fixed_tt/1_BenchmarkProblems/Cijk_Alik_Bjlk_B8B8S_BH_GB_00/00_Final/source/build_tmp/SOURCE/assembly/Cijk_Alik_Bjlk_B8B8S_BH_GB_MT6
4x64x16_MI16x16x16c2OWJ_Rb6tE3FHlG_D3ejRHUaQoX7VPDxcqIjdumKww=.s && 
b''
total vgpr count: 256

Single Code Object File: /opt/rocm/bin/amdclang++ -target amdgcn-amd-amdhsa -Xlinker --build-id -o 
/home/iamthecage/out-v2/b8_to_b8_wmma_gb_fixed_tt/1_BenchmarkProblems/Cijk_Alik_Bjlk_B8B8S_BH_GB_00/00_Final/source/build_tmp/SOURCE/assembly/Cijk_Alik_Bjlk_B8B8S_BH_GB_MT6
4x64x16_MI16x16x16w1BCcO2V0iCEEaPQL9q2VsywgyZHwCAM4iqL1s9ky64=.co 
/home/iamthecage/out-v2/b8_to_b8_wmma_gb_fixed_tt/1_BenchmarkProblems/Cijk_Alik_Bjlk_B8B8S_BH_GB_00/00_Final/source/build_tmp/SOURCE/assembly/Cijk_Alik_Bjlk_B8B8S_BH_GB_MT6
4x64x16_MI16x16x16w1BCcO2V0iCEEaPQL9q2VsywgyZHwCAM4iqL1s9ky64=.o
total vgpr count: 256

write_assemblyFilename /home/iamthecage/out-v2/b8_to_b8_wmma_gb_fixed_tt/1_BenchmarkProblems/Cijk_Alik_Bjlk_B8B8S_BH_GB_00/00_Final/source/build_tmp/SOURCE/assembly/Cijk_Alik_Bjlk_B8B8S_BH_GB_MT64x64x16_MI16x16x16SBKgqDfSaLc03h289977s0g_PzB9ZX5Eo8LLrd8xM2o=.s
Assemble command: /opt/rocm/bin/amdclang++ -x assembler -target amdgcn-amd-amdhsa -mcode-object-version=4 -mcpu=gfx1201 -mno-wavefrontsize64 -c -o 
/home/iamthecage/out-v2/b8_to_b8_wmma_gb_fixed_tt/1_BenchmarkProblems/Cijk_Alik_Bjlk_B8B8S_BH_GB_00/00_Final/source/build_tmp/SOURCE/assembly/Cijk_Alik_Bjlk_B8B8S_BH_GB_MT6
4x64x16_MI16x16x16SBKgqDfSaLc03h289977s0g_PzB9ZX5Eo8LLrd8xM2o=.o 
/home/iamthecage/out-v2/b8_to_b8_wmma_gb_fixed_tt/1_BenchmarkProblems/Cijk_Alik_Bjlk_B8B8S_BH_GB_00/00_Final/source/build_tmp/SOURCE/assembly/Cijk_Alik_Bjlk_B8B8S_BH_GB_MT6
4x64x16_MI16x16x16SBKgqDfSaLc03h289977s0g_PzB9ZX5Eo8LLrd8xM2o=.s && 
b''
Single Code Object File: /opt/rocm/bin/amdclang++ -target amdgcn-amd-amdhsa -Xlinker --build-id -o 
/home/iamthecage/out-v2/b8_to_b8_wmma_gb_fixed_tt/1_BenchmarkProblems/Cijk_Alik_Bjlk_B8B8S_BH_GB_00/00_Final/source/build_tmp/SOURCE/assembly/Cijk_Alik_Bjlk_B8B8S_BH_GB_MT6
4x64x16_MI16x16x16IxzJm1gc4niNZ_OL33cX89YXxtU2W0POgaepF9Hklx4=.co 
/home/iamthecage/out-v2/b8_to_b8_wmma_gb_fixed_tt/1_BenchmarkProblems/Cijk_Alik_Bjlk_B8B8S_BH_GB_00/00_Final/source/build_tmp/SOURCE/assembly/Cijk_Alik_Bjlk_B8B8S_BH_GB_MT6
4x64x16_MI16x16x16IxzJm1gc4niNZ_OL33cX89YXxtU2W0POgaepF9Hklx4=.o
b''
total vgpr count: 256

b''
b''
Single Code Object File: /opt/rocm/bin/amdclang++ -target amdgcn-amd-amdhsa -Xlinker --build-id -o 
/home/iamthecage/out-v2/b8_to_b8_wmma_gb_fixed_tt/1_BenchmarkProblems/Cijk_Alik_Bjlk_B8B8S_BH_GB_00/00_Final/source/build_tmp/SOURCE/assembly/Cijk_Alik_Bjlk_B8B8S_BH_GB_MT6
4x64x16_MI16x16x16dq_8CiCVfJk5Hpy_S7lJWkLBFtuhxRTtI1nI_rgtHXA=.co 
/home/iamthecage/out-v2/b8_to_b8_wmma_gb_fixed_tt/1_BenchmarkProblems/Cijk_Alik_Bjlk_B8B8S_BH_GB_00/00_Final/source/build_tmp/SOURCE/assembly/Cijk_Alik_Bjlk_B8B8S_BH_GB_MT6
4x64x16_MI16x16x16dq_8CiCVfJk5Hpy_S7lJWkLBFtuhxRTtI1nI_rgtHXA=.o
write_assemblyFilename /home/iamthecage/out-v2/b8_to_b8_wmma_gb_fixed_tt/1_BenchmarkProblems/Cijk_Alik_Bjlk_B8B8S_BH_GB_00/00_Final/source/build_tmp/SOURCE/assembly/Cijk_Alik_Bjlk_B8B8S_BH_GB_MT64x64x16_MI16x16x168LbAEnKAypTl1OWed2vrF2w4adFXxwFi1uCfBIgPVJo=.s
Assemble command: /opt/rocm/bin/amdclang++ -x assembler -target amdgcn-amd-amdhsa -mcode-object-version=4 -mcpu=gfx1201 -mno-wavefrontsize64 -c -o 
/home/iamthecage/out-v2/b8_to_b8_wmma_gb_fixed_tt/1_BenchmarkProblems/Cijk_Alik_Bjlk_B8B8S_BH_GB_00/00_Final/source/build_tmp/SOURCE/assembly/Cijk_Alik_Bjlk_B8B8S_BH_GB_MT6
4x64x16_MI16x16x168LbAEnKAypTl1OWed2vrF2w4adFXxwFi1uCfBIgPVJo=.o 
/home/iamthecage/out-v2/b8_to_b8_wmma_gb_fixed_tt/1_BenchmarkProblems/Cijk_Alik_Bjlk_B8B8S_BH_GB_00/00_Final/source/build_tmp/SOURCE/assembly/Cijk_Alik_Bjlk_B8B8S_BH_GB_MT6
4x64x16_MI16x16x168LbAEnKAypTl1OWed2vrF2w4adFXxwFi1uCfBIgPVJo=.s && 
b''
Single Code Object File: /opt/rocm/bin/amdclang++ -target amdgcn-amd-amdhsa -Xlinker --build-id -o 
/home/iamthecage/out-v2/b8_to_b8_wmma_gb_fixed_tt/1_BenchmarkProblems/Cijk_Alik_Bjlk_B8B8S_BH_GB_00/00_Final/source/build_tmp/SOURCE/assembly/Cijk_Alik_Bjlk_B8B8S_BH_GB_MT6
4x64x16_MI16x16x16nXMZ907MkCArKFkFjDSp_31ND2LPJJlDmBDShyHB62U=.co 
/home/iamthecage/out-v2/b8_to_b8_wmma_gb_fixed_tt/1_BenchmarkProblems/Cijk_Alik_Bjlk_B8B8S_BH_GB_00/00_Final/source/build_tmp/SOURCE/assembly/Cijk_Alik_Bjlk_B8B8S_BH_GB_MT6
4x64x16_MI16x16x16nXMZ907MkCArKFkFjDSp_31ND2LPJJlDmBDShyHB62U=.o
total vgpr count: 256

write_assemblyFilename /home/iamthecage/out-v2/b8_to_b8_wmma_gb_fixed_tt/1_BenchmarkProblems/Cijk_Alik_Bjlk_B8B8S_BH_GB_00/00_Final/source/build_tmp/SOURCE/assembly/Cijk_Alik_Bjlk_B8B8S_BH_GB_MT64x64x16_MI16x16x16DbPcDPLHPETEHpGNf5jIT3gMIgei2kLq0EUFEKyzGdA=.s
Assemble command: /opt/rocm/bin/amdclang++ -x assembler -target amdgcn-amd-amdhsa -mcode-object-version=4 -mcpu=gfx1201 -mno-wavefrontsize64 -c -o 
/home/iamthecage/out-v2/b8_to_b8_wmma_gb_fixed_tt/1_BenchmarkProblems/Cijk_Alik_Bjlk_B8B8S_BH_GB_00/00_Final/source/build_tmp/SOURCE/assembly/Cijk_Alik_Bjlk_B8B8S_BH_GB_MT6
4x64x16_MI16x16x16DbPcDPLHPETEHpGNf5jIT3gMIgei2kLq0EUFEKyzGdA=.o 
/home/iamthecage/out-v2/b8_to_b8_wmma_gb_fixed_tt/1_BenchmarkProblems/Cijk_Alik_Bjlk_B8B8S_BH_GB_00/00_Final/source/build_tmp/SOURCE/assembly/Cijk_Alik_Bjlk_B8B8S_BH_GB_MT6
4x64x16_MI16x16x16DbPcDPLHPETEHpGNf5jIT3gMIgei2kLq0EUFEKyzGdA=.s && 
write_assemblyFilename /home/iamthecage/out-v2/b8_to_b8_wmma_gb_fixed_tt/1_BenchmarkProblems/Cijk_Alik_Bjlk_B8B8S_BH_GB_00/00_Final/source/build_tmp/SOURCE/assembly/Cijk_Alik_Bjlk_B8B8S_BH_GB_MT64x64x16_MI16x16x16azVpr1cqpnoVIkLDZuKyTQgJ8tvHBLQ-1Hlc9Wzxf2o=.s
Assemble command: /opt/rocm/bin/amdclang++ -x assembler -target amdgcn-amd-amdhsa -mcode-object-version=4 -mcpu=gfx1201 -mno-wavefrontsize64 -c -o 
/home/iamthecage/out-v2/b8_to_b8_wmma_gb_fixed_tt/1_BenchmarkProblems/Cijk_Alik_Bjlk_B8B8S_BH_GB_00/00_Final/source/build_tmp/SOURCE/assembly/Cijk_Alik_Bjlk_B8B8S_BH_GB_MT6
4x64x16_MI16x16x16azVpr1cqpnoVIkLDZuKyTQgJ8tvHBLQ-1Hlc9Wzxf2o=.o 
/home/iamthecage/out-v2/b8_to_b8_wmma_gb_fixed_tt/1_BenchmarkProblems/Cijk_Alik_Bjlk_B8B8S_BH_GB_00/00_Final/source/build_tmp/SOURCE/assembly/Cijk_Alik_Bjlk_B8B8S_BH_GB_MT6
4x64x16_MI16x16x16azVpr1cqpnoVIkLDZuKyTQgJ8tvHBLQ-1Hlc9Wzxf2o=.s && 
b''
b''
Single Code Object File: /opt/rocm/bin/amdclang++ -target amdgcn-amd-amdhsa -Xlinker --build-id -o 
/home/iamthecage/out-v2/b8_to_b8_wmma_gb_fixed_tt/1_BenchmarkProblems/Cijk_Alik_Bjlk_B8B8S_BH_GB_00/00_Final/source/build_tmp/SOURCE/assembly/Cijk_Alik_Bjlk_B8B8S_BH_GB_MT6
4x64x16_MI16x16x16WZ-gvUmkIQRk3UJxEbaO6VFWhfGEPeGb5xYsf_LesXM=.co 
/home/iamthecage/out-v2/b8_to_b8_wmma_gb_fixed_tt/1_BenchmarkProblems/Cijk_Alik_Bjlk_B8B8S_BH_GB_00/00_Final/source/build_tmp/SOURCE/assembly/Cijk_Alik_Bjlk_B8B8S_BH_GB_MT6
4x64x16_MI16x16x16WZ-gvUmkIQRk3UJxEbaO6VFWhfGEPeGb5xYsf_LesXM=.o
b''
b''
Single Code Object File: /opt/rocm/bin/amdclang++ -target amdgcn-amd-amdhsa -Xlinker --build-id -o 
/home/iamthecage/out-v2/b8_to_b8_wmma_gb_fixed_tt/1_BenchmarkProblems/Cijk_Alik_Bjlk_B8B8S_BH_GB_00/00_Final/source/build_tmp/SOURCE/assembly/Cijk_Alik_Bjlk_B8B8S_BH_GB_MT6
4x64x16_MI16x16x16c2OWJ_Rb6tE3FHlG_D3ejRHUaQoX7VPDxcqIjdumKww=.co 
/home/iamthecage/out-v2/b8_to_b8_wmma_gb_fixed_tt/1_BenchmarkProblems/Cijk_Alik_Bjlk_B8B8S_BH_GB_00/00_Final/source/build_tmp/SOURCE/assembly/Cijk_Alik_Bjlk_B8B8S_BH_GB_MT6
4x64x16_MI16x16x16c2OWJ_Rb6tE3FHlG_D3ejRHUaQoX7VPDxcqIjdumKww=.o
write_assemblyFilename /home/iamthecage/out-v2/b8_to_b8_wmma_gb_fixed_tt/1_BenchmarkProblems/Cijk_Alik_Bjlk_B8B8S_BH_GB_00/00_Final/source/build_tmp/SOURCE/assembly/Cijk_Alik_Bjlk_B8B8S_BH_GB_MT64x64x16_MI16x16x16ysVikM63daQLXUsCW85Bq4mQMEvq9e54zm0jWqKkqkc=.s
Assemble command: /opt/rocm/bin/amdclang++ -x assembler -target amdgcn-amd-amdhsa -mcode-object-version=4 -mcpu=gfx1201 -mno-wavefrontsize64 -c -o 
/home/iamthecage/out-v2/b8_to_b8_wmma_gb_fixed_tt/1_BenchmarkProblems/Cijk_Alik_Bjlk_B8B8S_BH_GB_00/00_Final/source/build_tmp/SOURCE/assembly/Cijk_Alik_Bjlk_B8B8S_BH_GB_MT6
4x64x16_MI16x16x16ysVikM63daQLXUsCW85Bq4mQMEvq9e54zm0jWqKkqkc=.o 
/home/iamthecage/out-v2/b8_to_b8_wmma_gb_fixed_tt/1_BenchmarkProblems/Cijk_Alik_Bjlk_B8B8S_BH_GB_00/00_Final/source/build_tmp/SOURCE/assembly/Cijk_Alik_Bjlk_B8B8S_BH_GB_MT6
4x64x16_MI16x16x16ysVikM63daQLXUsCW85Bq4mQMEvq9e54zm0jWqKkqkc=.s && 
b''
write_assemblyFilename /home/iamthecage/out-v2/b8_to_b8_wmma_gb_fixed_tt/1_BenchmarkProblems/Cijk_Alik_Bjlk_B8B8S_BH_GB_00/00_Final/source/build_tmp/SOURCE/assembly/Cijk_Alik_Bjlk_B8B8S_BH_GB_MT64x64x32_MI16x16x16WYwyK6VVWZuWgCV0jDcvHcbxgdiKn8O2Bh9knkjeNnI=.s
Assemble command: /opt/rocm/bin/amdclang++ -x assembler -target amdgcn-amd-amdhsa -mcode-object-version=4 -mcpu=gfx1201 -mno-wavefrontsize64 -c -o 
/home/iamthecage/out-v2/b8_to_b8_wmma_gb_fixed_tt/1_BenchmarkProblems/Cijk_Alik_Bjlk_B8B8S_BH_GB_00/00_Final/source/build_tmp/SOURCE/assembly/Cijk_Alik_Bjlk_B8B8S_BH_GB_MT6
4x64x32_MI16x16x16WYwyK6VVWZuWgCV0jDcvHcbxgdiKn8O2Bh9knkjeNnI=.o 
/home/iamthecage/out-v2/b8_to_b8_wmma_gb_fixed_tt/1_BenchmarkProblems/Cijk_Alik_Bjlk_B8B8S_BH_GB_00/00_Final/source/build_tmp/SOURCE/assembly/Cijk_Alik_Bjlk_B8B8S_BH_GB_MT6
4x64x32_MI16x16x16WYwyK6VVWZuWgCV0jDcvHcbxgdiKn8O2Bh9knkjeNnI=.s && 
b''
Single Code Object File: /opt/rocm/bin/amdclang++ -target amdgcn-amd-amdhsa -Xlinker --build-id -o 
/home/iamthecage/out-v2/b8_to_b8_wmma_gb_fixed_tt/1_BenchmarkProblems/Cijk_Alik_Bjlk_B8B8S_BH_GB_00/00_Final/source/build_tmp/SOURCE/assembly/Cijk_Alik_Bjlk_B8B8S_BH_GB_MT6
4x64x16_MI16x16x16SBKgqDfSaLc03h289977s0g_PzB9ZX5Eo8LLrd8xM2o=.co 
/home/iamthecage/out-v2/b8_to_b8_wmma_gb_fixed_tt/1_BenchmarkProblems/Cijk_Alik_Bjlk_B8B8S_BH_GB_00/00_Final/source/build_tmp/SOURCE/assembly/Cijk_Alik_Bjlk_B8B8S_BH_GB_MT6
4x64x16_MI16x16x16SBKgqDfSaLc03h289977s0g_PzB9ZX5Eo8LLrd8xM2o=.o
b''
b''
b''
Single Code Object File: /opt/rocm/bin/amdclang++ -target amdgcn-amd-amdhsa -Xlinker --build-id -o 
/home/iamthecage/out-v2/b8_to_b8_wmma_gb_fixed_tt/1_BenchmarkProblems/Cijk_Alik_Bjlk_B8B8S_BH_GB_00/00_Final/source/build_tmp/SOURCE/assembly/Cijk_Alik_Bjlk_B8B8S_BH_GB_MT6
4x64x16_MI16x16x168LbAEnKAypTl1OWed2vrF2w4adFXxwFi1uCfBIgPVJo=.co 
/home/iamthecage/out-v2/b8_to_b8_wmma_gb_fixed_tt/1_BenchmarkProblems/Cijk_Alik_Bjlk_B8B8S_BH_GB_00/00_Final/source/build_tmp/SOURCE/assembly/Cijk_Alik_Bjlk_B8B8S_BH_GB_MT6
4x64x16_MI16x16x168LbAEnKAypTl1OWed2vrF2w4adFXxwFi1uCfBIgPVJo=.o
b''
Single Code Object File: /opt/rocm/bin/amdclang++ -target amdgcn-amd-amdhsa -Xlinker --build-id -o 
/home/iamthecage/out-v2/b8_to_b8_wmma_gb_fixed_tt/1_BenchmarkProblems/Cijk_Alik_Bjlk_B8B8S_BH_GB_00/00_Final/source/build_tmp/SOURCE/assembly/Cijk_Alik_Bjlk_B8B8S_BH_GB_MT6
4x64x16_MI16x16x16DbPcDPLHPETEHpGNf5jIT3gMIgei2kLq0EUFEKyzGdA=.co 
/home/iamthecage/out-v2/b8_to_b8_wmma_gb_fixed_tt/1_BenchmarkProblems/Cijk_Alik_Bjlk_B8B8S_BH_GB_00/00_Final/source/build_tmp/SOURCE/assembly/Cijk_Alik_Bjlk_B8B8S_BH_GB_MT6
4x64x16_MI16x16x16DbPcDPLHPETEHpGNf5jIT3gMIgei2kLq0EUFEKyzGdA=.o
b''
Single Code Object File: /opt/rocm/bin/amdclang++ -target amdgcn-amd-amdhsa -Xlinker --build-id -o 
/home/iamthecage/out-v2/b8_to_b8_wmma_gb_fixed_tt/1_BenchmarkProblems/Cijk_Alik_Bjlk_B8B8S_BH_GB_00/00_Final/source/build_tmp/SOURCE/assembly/Cijk_Alik_Bjlk_B8B8S_BH_GB_MT6
4x64x16_MI16x16x16azVpr1cqpnoVIkLDZuKyTQgJ8tvHBLQ-1Hlc9Wzxf2o=.co 
/home/iamthecage/out-v2/b8_to_b8_wmma_gb_fixed_tt/1_BenchmarkProblems/Cijk_Alik_Bjlk_B8B8S_BH_GB_00/00_Final/source/build_tmp/SOURCE/assembly/Cijk_Alik_Bjlk_B8B8S_BH_GB_MT6
4x64x16_MI16x16x16azVpr1cqpnoVIkLDZuKyTQgJ8tvHBLQ-1Hlc9Wzxf2o=.o
total vgpr count: 256

total vgpr count: 256

b''
total vgpr count: 256

b''
total vgpr count: 256

b''
b''
Single Code Object File: /opt/rocm/bin/amdclang++ -target amdgcn-amd-amdhsa -Xlinker --build-id -o 
/home/iamthecage/out-v2/b8_to_b8_wmma_gb_fixed_tt/1_BenchmarkProblems/Cijk_Alik_Bjlk_B8B8S_BH_GB_00/00_Final/source/build_tmp/SOURCE/assembly/Cijk_Alik_Bjlk_B8B8S_BH_GB_MT6
4x64x32_MI16x16x16WYwyK6VVWZuWgCV0jDcvHcbxgdiKn8O2Bh9knkjeNnI=.co 
/home/iamthecage/out-v2/b8_to_b8_wmma_gb_fixed_tt/1_BenchmarkProblems/Cijk_Alik_Bjlk_B8B8S_BH_GB_00/00_Final/source/build_tmp/SOURCE/assembly/Cijk_Alik_Bjlk_B8B8S_BH_GB_MT6
4x64x32_MI16x16x16WYwyK6VVWZuWgCV0jDcvHcbxgdiKn8O2Bh9knkjeNnI=.o
b''
Single Code Object File: /opt/rocm/bin/amdclang++ -target amdgcn-amd-amdhsa -Xlinker --build-id -o 
/home/iamthecage/out-v2/b8_to_b8_wmma_gb_fixed_tt/1_BenchmarkProblems/Cijk_Alik_Bjlk_B8B8S_BH_GB_00/00_Final/source/build_tmp/SOURCE/assembly/Cijk_Alik_Bjlk_B8B8S_BH_GB_MT6
4x64x16_MI16x16x16ysVikM63daQLXUsCW85Bq4mQMEvq9e54zm0jWqKkqkc=.co 
/home/iamthecage/out-v2/b8_to_b8_wmma_gb_fixed_tt/1_BenchmarkProblems/Cijk_Alik_Bjlk_B8B8S_BH_GB_00/00_Final/source/build_tmp/SOURCE/assembly/Cijk_Alik_Bjlk_B8B8S_BH_GB_MT6
4x64x16_MI16x16x16ysVikM63daQLXUsCW85Bq4mQMEvq9e54zm0jWqKkqkc=.o
write_assemblyFilename /home/iamthecage/out-v2/b8_to_b8_wmma_gb_fixed_tt/1_BenchmarkProblems/Cijk_Alik_Bjlk_B8B8S_BH_GB_00/00_Final/source/build_tmp/SOURCE/assembly/Cijk_Alik_Bjlk_B8B8S_BH_GB_MT64x64x32_MI16x16x16w1BCcO2V0iCEEaPQL9q2VsywgyZHwCAM4iqL1s9ky64=.s
Assemble command: /opt/rocm/bin/amdclang++ -x assembler -target amdgcn-amd-amdhsa -mcode-object-version=4 -mcpu=gfx1201 -mno-wavefrontsize64 -c -o 
/home/iamthecage/out-v2/b8_to_b8_wmma_gb_fixed_tt/1_BenchmarkProblems/Cijk_Alik_Bjlk_B8B8S_BH_GB_00/00_Final/source/build_tmp/SOURCE/assembly/Cijk_Alik_Bjlk_B8B8S_BH_GB_MT6
4x64x32_MI16x16x16w1BCcO2V0iCEEaPQL9q2VsywgyZHwCAM4iqL1s9ky64=.o 
/home/iamthecage/out-v2/b8_to_b8_wmma_gb_fixed_tt/1_BenchmarkProblems/Cijk_Alik_Bjlk_B8B8S_BH_GB_00/00_Final/source/build_tmp/SOURCE/assembly/Cijk_Alik_Bjlk_B8B8S_BH_GB_MT6
4x64x32_MI16x16x16w1BCcO2V0iCEEaPQL9q2VsywgyZHwCAM4iqL1s9ky64=.s && 
total vgpr count: 256

total vgpr count: 256

b''
write_assemblyFilename /home/iamthecage/out-v2/b8_to_b8_wmma_gb_fixed_tt/1_BenchmarkProblems/Cijk_Alik_Bjlk_B8B8S_BH_GB_00/00_Final/source/build_tmp/SOURCE/assembly/Cijk_Alik_Bjlk_B8B8S_BH_GB_MT64x64x32_MI16x16x16dq_8CiCVfJk5Hpy_S7lJWkLBFtuhxRTtI1nI_rgtHXA=.s
Assemble command: /opt/rocm/bin/amdclang++ -x assembler -target amdgcn-amd-amdhsa -mcode-object-version=4 -mcpu=gfx1201 -mno-wavefrontsize64 -c -o 
/home/iamthecage/out-v2/b8_to_b8_wmma_gb_fixed_tt/1_BenchmarkProblems/Cijk_Alik_Bjlk_B8B8S_BH_GB_00/00_Final/source/build_tmp/SOURCE/assembly/Cijk_Alik_Bjlk_B8B8S_BH_GB_MT6
4x64x32_MI16x16x16dq_8CiCVfJk5Hpy_S7lJWkLBFtuhxRTtI1nI_rgtHXA=.o 
/home/iamthecage/out-v2/b8_to_b8_wmma_gb_fixed_tt/1_BenchmarkProblems/Cijk_Alik_Bjlk_B8B8S_BH_GB_00/00_Final/source/build_tmp/SOURCE/assembly/Cijk_Alik_Bjlk_B8B8S_BH_GB_MT6
4x64x32_MI16x16x16dq_8CiCVfJk5Hpy_S7lJWkLBFtuhxRTtI1nI_rgtHXA=.s && 
write_assemblyFilename /home/iamthecage/out-v2/b8_to_b8_wmma_gb_fixed_tt/1_BenchmarkProblems/Cijk_Alik_Bjlk_B8B8S_BH_GB_00/00_Final/source/build_tmp/SOURCE/assembly/Cijk_Alik_Bjlk_B8B8S_BH_GB_MT64x64x32_MI16x16x16nXMZ907MkCArKFkFjDSp_31ND2LPJJlDmBDShyHB62U=.s
Assemble command: /opt/rocm/bin/amdclang++ -x assembler -target amdgcn-amd-amdhsa -mcode-object-version=4 -mcpu=gfx1201 -mno-wavefrontsize64 -c -o 
/home/iamthecage/out-v2/b8_to_b8_wmma_gb_fixed_tt/1_BenchmarkProblems/Cijk_Alik_Bjlk_B8B8S_BH_GB_00/00_Final/source/build_tmp/SOURCE/assembly/Cijk_Alik_Bjlk_B8B8S_BH_GB_MT6
4x64x32_MI16x16x16nXMZ907MkCArKFkFjDSp_31ND2LPJJlDmBDShyHB62U=.o 
/home/iamthecage/out-v2/b8_to_b8_wmma_gb_fixed_tt/1_BenchmarkProblems/Cijk_Alik_Bjlk_B8B8S_BH_GB_00/00_Final/source/build_tmp/SOURCE/assembly/Cijk_Alik_Bjlk_B8B8S_BH_GB_MT6
4x64x32_MI16x16x16nXMZ907MkCArKFkFjDSp_31ND2LPJJlDmBDShyHB62U=.s && 
write_assemblyFilename /home/iamthecage/out-v2/b8_to_b8_wmma_gb_fixed_tt/1_BenchmarkProblems/Cijk_Alik_Bjlk_B8B8S_BH_GB_00/00_Final/source/build_tmp/SOURCE/assembly/Cijk_Alik_Bjlk_B8B8S_BH_GB_MT64x64x32_MI16x16x16IxzJm1gc4niNZ_OL33cX89YXxtU2W0POgaepF9Hklx4=.s
Assemble command: /opt/rocm/bin/amdclang++ -x assembler -target amdgcn-amd-amdhsa -mcode-object-version=4 -mcpu=gfx1201 -mno-wavefrontsize64 -c -o 
/home/iamthecage/out-v2/b8_to_b8_wmma_gb_fixed_tt/1_BenchmarkProblems/Cijk_Alik_Bjlk_B8B8S_BH_GB_00/00_Final/source/build_tmp/SOURCE/assembly/Cijk_Alik_Bjlk_B8B8S_BH_GB_MT6
4x64x32_MI16x16x16IxzJm1gc4niNZ_OL33cX89YXxtU2W0POgaepF9Hklx4=.o 
/home/iamthecage/out-v2/b8_to_b8_wmma_gb_fixed_tt/1_BenchmarkProblems/Cijk_Alik_Bjlk_B8B8S_BH_GB_00/00_Final/source/build_tmp/SOURCE/assembly/Cijk_Alik_Bjlk_B8B8S_BH_GB_MT6
4x64x32_MI16x16x16IxzJm1gc4niNZ_OL33cX89YXxtU2W0POgaepF9Hklx4=.s && 
total vgpr count: 256

b''
write_assemblyFilename /home/iamthecage/out-v2/b8_to_b8_wmma_gb_fixed_tt/1_BenchmarkProblems/Cijk_Alik_Bjlk_B8B8S_BH_GB_00/00_Final/source/build_tmp/SOURCE/assembly/Cijk_Alik_Bjlk_B8B8S_BH_GB_MT64x64x32_MI16x16x16WZ-gvUmkIQRk3UJxEbaO6VFWhfGEPeGb5xYsf_LesXM=.s
Assemble command: /opt/rocm/bin/amdclang++ -x assembler -target amdgcn-amd-amdhsa -mcode-object-version=4 -mcpu=gfx1201 -mno-wavefrontsize64 -c -o 
/home/iamthecage/out-v2/b8_to_b8_wmma_gb_fixed_tt/1_BenchmarkProblems/Cijk_Alik_Bjlk_B8B8S_BH_GB_00/00_Final/source/build_tmp/SOURCE/assembly/Cijk_Alik_Bjlk_B8B8S_BH_GB_MT6
4x64x32_MI16x16x16WZ-gvUmkIQRk3UJxEbaO6VFWhfGEPeGb5xYsf_LesXM=.o 
/home/iamthecage/out-v2/b8_to_b8_wmma_gb_fixed_tt/1_BenchmarkProblems/Cijk_Alik_Bjlk_B8B8S_BH_GB_00/00_Final/source/build_tmp/SOURCE/assembly/Cijk_Alik_Bjlk_B8B8S_BH_GB_MT6
4x64x32_MI16x16x16WZ-gvUmkIQRk3UJxEbaO6VFWhfGEPeGb5xYsf_LesXM=.s && 
write_assemblyFilename /home/iamthecage/out-v2/b8_to_b8_wmma_gb_fixed_tt/1_BenchmarkProblems/Cijk_Alik_Bjlk_B8B8S_BH_GB_00/00_Final/source/build_tmp/SOURCE/assembly/Cijk_Alik_Bjlk_B8B8S_BH_GB_MT64x64x32_MI16x16x16SBKgqDfSaLc03h289977s0g_PzB9ZX5Eo8LLrd8xM2o=.s
Assemble command: /opt/rocm/bin/amdclang++ -x assembler -target amdgcn-amd-amdhsa -mcode-object-version=4 -mcpu=gfx1201 -mno-wavefrontsize64 -c -o 
/home/iamthecage/out-v2/b8_to_b8_wmma_gb_fixed_tt/1_BenchmarkProblems/Cijk_Alik_Bjlk_B8B8S_BH_GB_00/00_Final/source/build_tmp/SOURCE/assembly/Cijk_Alik_Bjlk_B8B8S_BH_GB_MT6
4x64x32_MI16x16x16SBKgqDfSaLc03h289977s0g_PzB9ZX5Eo8LLrd8xM2o=.o 
/home/iamthecage/out-v2/b8_to_b8_wmma_gb_fixed_tt/1_BenchmarkProblems/Cijk_Alik_Bjlk_B8B8S_BH_GB_00/00_Final/source/build_tmp/SOURCE/assembly/Cijk_Alik_Bjlk_B8B8S_BH_GB_MT6
4x64x32_MI16x16x16SBKgqDfSaLc03h289977s0g_PzB9ZX5Eo8LLrd8xM2o=.s && 
write_assemblyFilename /home/iamthecage/out-v2/b8_to_b8_wmma_gb_fixed_tt/1_BenchmarkProblems/Cijk_Alik_Bjlk_B8B8S_BH_GB_00/00_Final/source/build_tmp/SOURCE/assembly/Cijk_Alik_Bjlk_B8B8S_BH_GB_MT64x64x32_MI16x16x16c2OWJ_Rb6tE3FHlG_D3ejRHUaQoX7VPDxcqIjdumKww=.s
Assemble command: /opt/rocm/bin/amdclang++ -x assembler -target amdgcn-amd-amdhsa -mcode-object-version=4 -mcpu=gfx1201 -mno-wavefrontsize64 -c -o 
/home/iamthecage/out-v2/b8_to_b8_wmma_gb_fixed_tt/1_BenchmarkProblems/Cijk_Alik_Bjlk_B8B8S_BH_GB_00/00_Final/source/build_tmp/SOURCE/assembly/Cijk_Alik_Bjlk_B8B8S_BH_GB_MT6
4x64x32_MI16x16x16c2OWJ_Rb6tE3FHlG_D3ejRHUaQoX7VPDxcqIjdumKww=.o 
/home/iamthecage/out-v2/b8_to_b8_wmma_gb_fixed_tt/1_BenchmarkProblems/Cijk_Alik_Bjlk_B8B8S_BH_GB_00/00_Final/source/build_tmp/SOURCE/assembly/Cijk_Alik_Bjlk_B8B8S_BH_GB_MT6
4x64x32_MI16x16x16c2OWJ_Rb6tE3FHlG_D3ejRHUaQoX7VPDxcqIjdumKww=.s && 
total vgpr count: 256

total vgpr count: 256

total vgpr count: 256

b''
Single Code Object File: /opt/rocm/bin/amdclang++ -target amdgcn-amd-amdhsa -Xlinker --build-id -o 
/home/iamthecage/out-v2/b8_to_b8_wmma_gb_fixed_tt/1_BenchmarkProblems/Cijk_Alik_Bjlk_B8B8S_BH_GB_00/00_Final/source/build_tmp/SOURCE/assembly/Cijk_Alik_Bjlk_B8B8S_BH_GB_MT6
4x64x32_MI16x16x16w1BCcO2V0iCEEaPQL9q2VsywgyZHwCAM4iqL1s9ky64=.co 
/home/iamthecage/out-v2/b8_to_b8_wmma_gb_fixed_tt/1_BenchmarkProblems/Cijk_Alik_Bjlk_B8B8S_BH_GB_00/00_Final/source/build_tmp/SOURCE/assembly/Cijk_Alik_Bjlk_B8B8S_BH_GB_MT6
4x64x32_MI16x16x16w1BCcO2V0iCEEaPQL9q2VsywgyZHwCAM4iqL1s9ky64=.o
total vgpr count: 256

b''
b''
Single Code Object File: /opt/rocm/bin/amdclang++ -target amdgcn-amd-amdhsa -Xlinker --build-id -o 
/home/iamthecage/out-v2/b8_to_b8_wmma_gb_fixed_tt/1_BenchmarkProblems/Cijk_Alik_Bjlk_B8B8S_BH_GB_00/00_Final/source/build_tmp/SOURCE/assembly/Cijk_Alik_Bjlk_B8B8S_BH_GB_MT6
4x64x32_MI16x16x16IxzJm1gc4niNZ_OL33cX89YXxtU2W0POgaepF9Hklx4=.co 
/home/iamthecage/out-v2/b8_to_b8_wmma_gb_fixed_tt/1_BenchmarkProblems/Cijk_Alik_Bjlk_B8B8S_BH_GB_00/00_Final/source/build_tmp/SOURCE/assembly/Cijk_Alik_Bjlk_B8B8S_BH_GB_MT6
4x64x32_MI16x16x16IxzJm1gc4niNZ_OL33cX89YXxtU2W0POgaepF9Hklx4=.o
Single Code Object File: /opt/rocm/bin/amdclang++ -target amdgcn-amd-amdhsa -Xlinker --build-id -o 
/home/iamthecage/out-v2/b8_to_b8_wmma_gb_fixed_tt/1_BenchmarkProblems/Cijk_Alik_Bjlk_B8B8S_BH_GB_00/00_Final/source/build_tmp/SOURCE/assembly/Cijk_Alik_Bjlk_B8B8S_BH_GB_MT6
4x64x32_MI16x16x16nXMZ907MkCArKFkFjDSp_31ND2LPJJlDmBDShyHB62U=.co 
/home/iamthecage/out-v2/b8_to_b8_wmma_gb_fixed_tt/1_BenchmarkProblems/Cijk_Alik_Bjlk_B8B8S_BH_GB_00/00_Final/source/build_tmp/SOURCE/assembly/Cijk_Alik_Bjlk_B8B8S_BH_GB_MT6
4x64x32_MI16x16x16nXMZ907MkCArKFkFjDSp_31ND2LPJJlDmBDShyHB62U=.o
write_assemblyFilename /home/iamthecage/out-v2/b8_to_b8_wmma_gb_fixed_tt/1_BenchmarkProblems/Cijk_Alik_Bjlk_B8B8S_BH_GB_00/00_Final/source/build_tmp/SOURCE/assembly/Cijk_Alik_Bjlk_B8B8S_BH_GB_MT64x64x32_MI16x16x168LbAEnKAypTl1OWed2vrF2w4adFXxwFi1uCfBIgPVJo=.s
Assemble command: /opt/rocm/bin/amdclang++ -x assembler -target amdgcn-amd-amdhsa -mcode-object-version=4 -mcpu=gfx1201 -mno-wavefrontsize64 -c -o 
/home/iamthecage/out-v2/b8_to_b8_wmma_gb_fixed_tt/1_BenchmarkProblems/Cijk_Alik_Bjlk_B8B8S_BH_GB_00/00_Final/source/build_tmp/SOURCE/assembly/Cijk_Alik_Bjlk_B8B8S_BH_GB_MT6
4x64x32_MI16x16x168LbAEnKAypTl1OWed2vrF2w4adFXxwFi1uCfBIgPVJo=.o 
/home/iamthecage/out-v2/b8_to_b8_wmma_gb_fixed_tt/1_BenchmarkProblems/Cijk_Alik_Bjlk_B8B8S_BH_GB_00/00_Final/source/build_tmp/SOURCE/assembly/Cijk_Alik_Bjlk_B8B8S_BH_GB_MT6
4x64x32_MI16x16x168LbAEnKAypTl1OWed2vrF2w4adFXxwFi1uCfBIgPVJo=.s && 
write_assemblyFilename /home/iamthecage/out-v2/b8_to_b8_wmma_gb_fixed_tt/1_BenchmarkProblems/Cijk_Alik_Bjlk_B8B8S_BH_GB_00/00_Final/source/build_tmp/SOURCE/assembly/Cijk_Alik_Bjlk_B8B8S_BH_GB_MT64x64x32_MI16x16x16DbPcDPLHPETEHpGNf5jIT3gMIgei2kLq0EUFEKyzGdA=.s
Assemble command: /opt/rocm/bin/amdclang++ -x assembler -target amdgcn-amd-amdhsa -mcode-object-version=4 -mcpu=gfx1201 -mno-wavefrontsize64 -c -o 
/home/iamthecage/out-v2/b8_to_b8_wmma_gb_fixed_tt/1_BenchmarkProblems/Cijk_Alik_Bjlk_B8B8S_BH_GB_00/00_Final/source/build_tmp/SOURCE/assembly/Cijk_Alik_Bjlk_B8B8S_BH_GB_MT6
4x64x32_MI16x16x16DbPcDPLHPETEHpGNf5jIT3gMIgei2kLq0EUFEKyzGdA=.o 
/home/iamthecage/out-v2/b8_to_b8_wmma_gb_fixed_tt/1_BenchmarkProblems/Cijk_Alik_Bjlk_B8B8S_BH_GB_00/00_Final/source/build_tmp/SOURCE/assembly/Cijk_Alik_Bjlk_B8B8S_BH_GB_MT6
4x64x32_MI16x16x16DbPcDPLHPETEHpGNf5jIT3gMIgei2kLq0EUFEKyzGdA=.s && 
b''
Single Code Object File: /opt/rocm/bin/amdclang++ -target amdgcn-amd-amdhsa -Xlinker --build-id -o 
/home/iamthecage/out-v2/b8_to_b8_wmma_gb_fixed_tt/1_BenchmarkProblems/Cijk_Alik_Bjlk_B8B8S_BH_GB_00/00_Final/source/build_tmp/SOURCE/assembly/Cijk_Alik_Bjlk_B8B8S_BH_GB_MT6
4x64x32_MI16x16x16dq_8CiCVfJk5Hpy_S7lJWkLBFtuhxRTtI1nI_rgtHXA=.co 
/home/iamthecage/out-v2/b8_to_b8_wmma_gb_fixed_tt/1_BenchmarkProblems/Cijk_Alik_Bjlk_B8B8S_BH_GB_00/00_Final/source/build_tmp/SOURCE/assembly/Cijk_Alik_Bjlk_B8B8S_BH_GB_MT6
4x64x32_MI16x16x16dq_8CiCVfJk5Hpy_S7lJWkLBFtuhxRTtI1nI_rgtHXA=.o
b''
b''
b''
b''
Single Code Object File: /opt/rocm/bin/amdclang++ -target amdgcn-amd-amdhsa -Xlinker --build-id -o 
/home/iamthecage/out-v2/b8_to_b8_wmma_gb_fixed_tt/1_BenchmarkProblems/Cijk_Alik_Bjlk_B8B8S_BH_GB_00/00_Final/source/build_tmp/SOURCE/assembly/Cijk_Alik_Bjlk_B8B8S_BH_GB_MT6
4x64x32_MI16x16x16WZ-gvUmkIQRk3UJxEbaO6VFWhfGEPeGb5xYsf_LesXM=.co 
/home/iamthecage/out-v2/b8_to_b8_wmma_gb_fixed_tt/1_BenchmarkProblems/Cijk_Alik_Bjlk_B8B8S_BH_GB_00/00_Final/source/build_tmp/SOURCE/assembly/Cijk_Alik_Bjlk_B8B8S_BH_GB_MT6
4x64x32_MI16x16x16WZ-gvUmkIQRk3UJxEbaO6VFWhfGEPeGb5xYsf_LesXM=.o
b''
write_assemblyFilename /home/iamthecage/out-v2/b8_to_b8_wmma_gb_fixed_tt/1_BenchmarkProblems/Cijk_Alik_Bjlk_B8B8S_BH_GB_00/00_Final/source/build_tmp/SOURCE/assembly/Cijk_Alik_Bjlk_B8B8S_BH_GB_MT64x64x32_MI16x16x16azVpr1cqpnoVIkLDZuKyTQgJ8tvHBLQ-1Hlc9Wzxf2o=.s
Assemble command: /opt/rocm/bin/amdclang++ -x assembler -target amdgcn-amd-amdhsa -mcode-object-version=4 -mcpu=gfx1201 -mno-wavefrontsize64 -c -o 
/home/iamthecage/out-v2/b8_to_b8_wmma_gb_fixed_tt/1_BenchmarkProblems/Cijk_Alik_Bjlk_B8B8S_BH_GB_00/00_Final/source/build_tmp/SOURCE/assembly/Cijk_Alik_Bjlk_B8B8S_BH_GB_MT6
4x64x32_MI16x16x16azVpr1cqpnoVIkLDZuKyTQgJ8tvHBLQ-1Hlc9Wzxf2o=.o 
/home/iamthecage/out-v2/b8_to_b8_wmma_gb_fixed_tt/1_BenchmarkProblems/Cijk_Alik_Bjlk_B8B8S_BH_GB_00/00_Final/source/build_tmp/SOURCE/assembly/Cijk_Alik_Bjlk_B8B8S_BH_GB_MT6
4x64x32_MI16x16x16azVpr1cqpnoVIkLDZuKyTQgJ8tvHBLQ-1Hlc9Wzxf2o=.s && 
b''
b''
Single Code Object File: /opt/rocm/bin/amdclang++ -target amdgcn-amd-amdhsa -Xlinker --build-id -o 
/home/iamthecage/out-v2/b8_to_b8_wmma_gb_fixed_tt/1_BenchmarkProblems/Cijk_Alik_Bjlk_B8B8S_BH_GB_00/00_Final/source/build_tmp/SOURCE/assembly/Cijk_Alik_Bjlk_B8B8S_BH_GB_MT6
4x64x32_MI16x16x16SBKgqDfSaLc03h289977s0g_PzB9ZX5Eo8LLrd8xM2o=.co 
/home/iamthecage/out-v2/b8_to_b8_wmma_gb_fixed_tt/1_BenchmarkProblems/Cijk_Alik_Bjlk_B8B8S_BH_GB_00/00_Final/source/build_tmp/SOURCE/assembly/Cijk_Alik_Bjlk_B8B8S_BH_GB_MT6
4x64x32_MI16x16x16SBKgqDfSaLc03h289977s0g_PzB9ZX5Eo8LLrd8xM2o=.o
write_assemblyFilename /home/iamthecage/out-v2/b8_to_b8_wmma_gb_fixed_tt/1_BenchmarkProblems/Cijk_Alik_Bjlk_B8B8S_BH_GB_00/00_Final/source/build_tmp/SOURCE/assembly/Cijk_Alik_Bjlk_B8B8S_BH_GB_MT64x64x32_MI16x16x16ysVikM63daQLXUsCW85Bq4mQMEvq9e54zm0jWqKkqkc=.s
Assemble command: /opt/rocm/bin/amdclang++ -x assembler -target amdgcn-amd-amdhsa -mcode-object-version=4 -mcpu=gfx1201 -mno-wavefrontsize64 -c -o 
/home/iamthecage/out-v2/b8_to_b8_wmma_gb_fixed_tt/1_BenchmarkProblems/Cijk_Alik_Bjlk_B8B8S_BH_GB_00/00_Final/source/build_tmp/SOURCE/assembly/Cijk_Alik_Bjlk_B8B8S_BH_GB_MT6
4x64x32_MI16x16x16ysVikM63daQLXUsCW85Bq4mQMEvq9e54zm0jWqKkqkc=.o 
/home/iamthecage/out-v2/b8_to_b8_wmma_gb_fixed_tt/1_BenchmarkProblems/Cijk_Alik_Bjlk_B8B8S_BH_GB_00/00_Final/source/build_tmp/SOURCE/assembly/Cijk_Alik_Bjlk_B8B8S_BH_GB_MT6
4x64x32_MI16x16x16ysVikM63daQLXUsCW85Bq4mQMEvq9e54zm0jWqKkqkc=.s && 
b''
Single Code Object File: /opt/rocm/bin/amdclang++ -target amdgcn-amd-amdhsa -Xlinker --build-id -o 
/home/iamthecage/out-v2/b8_to_b8_wmma_gb_fixed_tt/1_BenchmarkProblems/Cijk_Alik_Bjlk_B8B8S_BH_GB_00/00_Final/source/build_tmp/SOURCE/assembly/Cijk_Alik_Bjlk_B8B8S_BH_GB_MT6
4x64x32_MI16x16x16c2OWJ_Rb6tE3FHlG_D3ejRHUaQoX7VPDxcqIjdumKww=.co 
/home/iamthecage/out-v2/b8_to_b8_wmma_gb_fixed_tt/1_BenchmarkProblems/Cijk_Alik_Bjlk_B8B8S_BH_GB_00/00_Final/source/build_tmp/SOURCE/assembly/Cijk_Alik_Bjlk_B8B8S_BH_GB_MT6
4x64x32_MI16x16x16c2OWJ_Rb6tE3FHlG_D3ejRHUaQoX7VPDxcqIjdumKww=.o
b''
b''
b''
Single Code Object File: /opt/rocm/bin/amdclang++ -target amdgcn-amd-amdhsa -Xlinker --build-id -o 
/home/iamthecage/out-v2/b8_to_b8_wmma_gb_fixed_tt/1_BenchmarkProblems/Cijk_Alik_Bjlk_B8B8S_BH_GB_00/00_Final/source/build_tmp/SOURCE/assembly/Cijk_Alik_Bjlk_B8B8S_BH_GB_MT6
4x64x32_MI16x16x168LbAEnKAypTl1OWed2vrF2w4adFXxwFi1uCfBIgPVJo=.co 
/home/iamthecage/out-v2/b8_to_b8_wmma_gb_fixed_tt/1_BenchmarkProblems/Cijk_Alik_Bjlk_B8B8S_BH_GB_00/00_Final/source/build_tmp/SOURCE/assembly/Cijk_Alik_Bjlk_B8B8S_BH_GB_MT6
4x64x32_MI16x16x168LbAEnKAypTl1OWed2vrF2w4adFXxwFi1uCfBIgPVJo=.o
b''
Single Code Object File: /opt/rocm/bin/amdclang++ -target amdgcn-amd-amdhsa -Xlinker --build-id -o 
/home/iamthecage/out-v2/b8_to_b8_wmma_gb_fixed_tt/1_BenchmarkProblems/Cijk_Alik_Bjlk_B8B8S_BH_GB_00/00_Final/source/build_tmp/SOURCE/assembly/Cijk_Alik_Bjlk_B8B8S_BH_GB_MT6
4x64x32_MI16x16x16DbPcDPLHPETEHpGNf5jIT3gMIgei2kLq0EUFEKyzGdA=.co 
/home/iamthecage/out-v2/b8_to_b8_wmma_gb_fixed_tt/1_BenchmarkProblems/Cijk_Alik_Bjlk_B8B8S_BH_GB_00/00_Final/source/build_tmp/SOURCE/assembly/Cijk_Alik_Bjlk_B8B8S_BH_GB_MT6
4x64x32_MI16x16x16DbPcDPLHPETEHpGNf5jIT3gMIgei2kLq0EUFEKyzGdA=.o
b''
b''
b''
Single Code Object File: /opt/rocm/bin/amdclang++ -target amdgcn-amd-amdhsa -Xlinker --build-id -o 
/home/iamthecage/out-v2/b8_to_b8_wmma_gb_fixed_tt/1_BenchmarkProblems/Cijk_Alik_Bjlk_B8B8S_BH_GB_00/00_Final/source/build_tmp/SOURCE/assembly/Cijk_Alik_Bjlk_B8B8S_BH_GB_MT6
4x64x32_MI16x16x16azVpr1cqpnoVIkLDZuKyTQgJ8tvHBLQ-1Hlc9Wzxf2o=.co 
/home/iamthecage/out-v2/b8_to_b8_wmma_gb_fixed_tt/1_BenchmarkProblems/Cijk_Alik_Bjlk_B8B8S_BH_GB_00/00_Final/source/build_tmp/SOURCE/assembly/Cijk_Alik_Bjlk_B8B8S_BH_GB_MT6
4x64x32_MI16x16x16azVpr1cqpnoVIkLDZuKyTQgJ8tvHBLQ-1Hlc9Wzxf2o=.o
b''
Single Code Object File: /opt/rocm/bin/amdclang++ -target amdgcn-amd-amdhsa -Xlinker --build-id -o 
/home/iamthecage/out-v2/b8_to_b8_wmma_gb_fixed_tt/1_BenchmarkProblems/Cijk_Alik_Bjlk_B8B8S_BH_GB_00/00_Final/source/build_tmp/SOURCE/assembly/Cijk_Alik_Bjlk_B8B8S_BH_GB_MT6
4x64x32_MI16x16x16ysVikM63daQLXUsCW85Bq4mQMEvq9e54zm0jWqKkqkc=.co 
/home/iamthecage/out-v2/b8_to_b8_wmma_gb_fixed_tt/1_BenchmarkProblems/Cijk_Alik_Bjlk_B8B8S_BH_GB_00/00_Final/source/build_tmp/SOURCE/assembly/Cijk_Alik_Bjlk_B8B8S_BH_GB_MT6
4x64x32_MI16x16x16ysVikM63daQLXUsCW85Bq4mQMEvq9e54zm0jWqKkqkc=.o
b''
b''
Filtering processing errors: 0it [00:00, ?it/s]Filtering processing errors: 48it [00:00, 2033601.94it/s]
> UserWarning: Kernel file context manager opened without any kernel files.
Compiling source kernels: 0it [00:00, ?it/s]Compiling source kernels: 0it [00:00, ?it/s]
Relocating code objects: 0it [00:00, ?it/s]Relocating code objects: 48it [00:00, 34789.46it/s]
> UserWarning: Code object files are not compressed in `--no-merge-files` build mode.
# Kernel Building elapsed time = 2.8 secs
# Actual Solutions: 48 / 48 after KernelWriter

+ ERR=0
+ /home/iamthecage/rocm-libraries/shared/tensile/next-cmake/build/tensile-client --config-file /home/iamthecage/out-v2/b8_to_b8_wmma_gb_fixed_tt/1_BenchmarkProblems/Cijk_Alik_Bjlk_B8B8S_BH_GB_00/00_Final/build/../source/ClientParameters.ini
loading config file /home/iamthecage/out-v2/b8_to_b8_wmma_gb_fixed_tt/1_BenchmarkProblems/Cijk_Alik_Bjlk_B8B8S_BH_GB_00/00_Final/build/../source/ClientParameters.ini
Loading /home/iamthecage/out-v2/b8_to_b8_wmma_gb_fixed_tt/1_BenchmarkProblems/Cijk_Alik_Bjlk_B8B8S_BH_GB_00/00_Final/source/library/Cijk_Alik_Bjlk_B8B8S_BH_GB_MT64x64x16_MI16x16x16OOYvAZYq5cZnogmGFouOmi0m-MqUSIjqY2Z8a6jSVVA=_gfx1201.co
Loading /home/iamthecage/out-v2/b8_to_b8_wmma_gb_fixed_tt/1_BenchmarkProblems/Cijk_Alik_Bjlk_B8B8S_BH_GB_00/00_Final/source/library/Cijk_Alik_Bjlk_B8B8S_BH_GB_MT64x64x16_MI16x16x16zzCQD1Hxug5bJjUMBQJAPgNMADPs4wraIgeFvzoUjQc=_gfx1201.co
Loading /home/iamthecage/out-v2/b8_to_b8_wmma_gb_fixed_tt/1_BenchmarkProblems/Cijk_Alik_Bjlk_B8B8S_BH_GB_00/00_Final/source/library/Cijk_Alik_Bjlk_B8B8S_BH_GB_MT64x64x16_MI16x16x16LofYYNMhBprQhYfXsYrt9FVkjNNBfMGkxIKr-q9OPls=_gfx1201.co
Loading /home/iamthecage/out-v2/b8_to_b8_wmma_gb_fixed_tt/1_BenchmarkProblems/Cijk_Alik_Bjlk_B8B8S_BH_GB_00/00_Final/source/library/Cijk_Alik_Bjlk_B8B8S_BH_GB_MT64x64x16_MI16x16x16XwbSiHnzFDkSF7xxE_S4bfjy5Tf2YRw9MoH6p6gbg-4=_gfx1201.co
Loading /home/iamthecage/out-v2/b8_to_b8_wmma_gb_fixed_tt/1_BenchmarkProblems/Cijk_Alik_Bjlk_B8B8S_BH_GB_00/00_Final/source/library/Cijk_Alik_Bjlk_B8B8S_BH_GB_MT64x64x16_MI16x16x165BG-8DJXshZdHVJ94-9-yEOqcXWvb7qtvyb5RttvsAo=_gfx1201.co
Loading /home/iamthecage/out-v2/b8_to_b8_wmma_gb_fixed_tt/1_BenchmarkProblems/Cijk_Alik_Bjlk_B8B8S_BH_GB_00/00_Final/source/library/Cijk_Alik_Bjlk_B8B8S_BH_GB_MT64x64x16_MI16x16x16W5wk9A1hQblamH1H5JRoXxy_C-ndF1Kb81yWhojNrkw=_gfx1201.co
Loading /home/iamthecage/out-v2/b8_to_b8_wmma_gb_fixed_tt/1_BenchmarkProblems/Cijk_Alik_Bjlk_B8B8S_BH_GB_00/00_Final/source/library/Cijk_Alik_Bjlk_B8B8S_BH_GB_MT64x64x16_MI16x16x16uItvcoRD_vXmskSwxxB6Yeryhzatgz9AtvHs4IZR-JA=_gfx1201.co
Loading /home/iamthecage/out-v2/b8_to_b8_wmma_gb_fixed_tt/1_BenchmarkProblems/Cijk_Alik_Bjlk_B8B8S_BH_GB_00/00_Final/source/library/Cijk_Alik_Bjlk_B8B8S_BH_GB_MT64x64x16_MI16x16x16G8i6KmdGOf61k2NKefw1JLuhK3LcGUQW0o0gzV7_2Ws=_gfx1201.co
Loading /home/iamthecage/out-v2/b8_to_b8_wmma_gb_fixed_tt/1_BenchmarkProblems/Cijk_Alik_Bjlk_B8B8S_BH_GB_00/00_Final/source/library/Cijk_Alik_Bjlk_B8B8S_BH_GB_MT64x64x16_MI16x16x16NWUtPpvfekp3zTYH1I4s5RDujN1YPmawI7wqdno7_a8=_gfx1201.co
Loading /home/iamthecage/out-v2/b8_to_b8_wmma_gb_fixed_tt/1_BenchmarkProblems/Cijk_Alik_Bjlk_B8B8S_BH_GB_00/00_Final/source/library/Cijk_Alik_Bjlk_B8B8S_BH_GB_MT64x64x16_MI16x16x16m_1q879nV_Qg_JHwjBjl4h1Qp660jmh8dpKrkE8PoT4=_gfx1201.co
Loading /home/iamthecage/out-v2/b8_to_b8_wmma_gb_fixed_tt/1_BenchmarkProblems/Cijk_Alik_Bjlk_B8B8S_BH_GB_00/00_Final/source/library/Cijk_Alik_Bjlk_B8B8S_BH_GB_MT64x64x16_MI16x16x16VGX5871UkJVrUeKrRY--NkPAgXalpsfIVkJ2Id-O__k=_gfx1201.co
Loading /home/iamthecage/out-v2/b8_to_b8_wmma_gb_fixed_tt/1_BenchmarkProblems/Cijk_Alik_Bjlk_B8B8S_BH_GB_00/00_Final/source/library/Cijk_Alik_Bjlk_B8B8S_BH_GB_MT64x64x16_MI16x16x16QrG2vLk1Cda082RxCL6Cvu8ViXuKVfE55GPKP78jEeA=_gfx1201.co
Loading /home/iamthecage/out-v2/b8_to_b8_wmma_gb_fixed_tt/1_BenchmarkProblems/Cijk_Alik_Bjlk_B8B8S_BH_GB_00/00_Final/source/library/Cijk_Alik_Bjlk_B8B8S_BH_GB_MT64x64x32_MI16x16x16OOYvAZYq5cZnogmGFouOmi0m-MqUSIjqY2Z8a6jSVVA=_gfx1201.co
Loading /home/iamthecage/out-v2/b8_to_b8_wmma_gb_fixed_tt/1_BenchmarkProblems/Cijk_Alik_Bjlk_B8B8S_BH_GB_00/00_Final/source/library/Cijk_Alik_Bjlk_B8B8S_BH_GB_MT64x64x32_MI16x16x16zzCQD1Hxug5bJjUMBQJAPgNMADPs4wraIgeFvzoUjQc=_gfx1201.co
Loading /home/iamthecage/out-v2/b8_to_b8_wmma_gb_fixed_tt/1_BenchmarkProblems/Cijk_Alik_Bjlk_B8B8S_BH_GB_00/00_Final/source/library/Cijk_Alik_Bjlk_B8B8S_BH_GB_MT64x64x32_MI16x16x16LofYYNMhBprQhYfXsYrt9FVkjNNBfMGkxIKr-q9OPls=_gfx1201.co
Loading /home/iamthecage/out-v2/b8_to_b8_wmma_gb_fixed_tt/1_BenchmarkProblems/Cijk_Alik_Bjlk_B8B8S_BH_GB_00/00_Final/source/library/Cijk_Alik_Bjlk_B8B8S_BH_GB_MT64x64x32_MI16x16x16XwbSiHnzFDkSF7xxE_S4bfjy5Tf2YRw9MoH6p6gbg-4=_gfx1201.co
Loading /home/iamthecage/out-v2/b8_to_b8_wmma_gb_fixed_tt/1_BenchmarkProblems/Cijk_Alik_Bjlk_B8B8S_BH_GB_00/00_Final/source/library/Cijk_Alik_Bjlk_B8B8S_BH_GB_MT64x64x32_MI16x16x165BG-8DJXshZdHVJ94-9-yEOqcXWvb7qtvyb5RttvsAo=_gfx1201.co
Loading /home/iamthecage/out-v2/b8_to_b8_wmma_gb_fixed_tt/1_BenchmarkProblems/Cijk_Alik_Bjlk_B8B8S_BH_GB_00/00_Final/source/library/Cijk_Alik_Bjlk_B8B8S_BH_GB_MT64x64x32_MI16x16x16W5wk9A1hQblamH1H5JRoXxy_C-ndF1Kb81yWhojNrkw=_gfx1201.co
Loading /home/iamthecage/out-v2/b8_to_b8_wmma_gb_fixed_tt/1_BenchmarkProblems/Cijk_Alik_Bjlk_B8B8S_BH_GB_00/00_Final/source/library/Cijk_Alik_Bjlk_B8B8S_BH_GB_MT64x64x32_MI16x16x16uItvcoRD_vXmskSwxxB6Yeryhzatgz9AtvHs4IZR-JA=_gfx1201.co
Loading /home/iamthecage/out-v2/b8_to_b8_wmma_gb_fixed_tt/1_BenchmarkProblems/Cijk_Alik_Bjlk_B8B8S_BH_GB_00/00_Final/source/library/Cijk_Alik_Bjlk_B8B8S_BH_GB_MT64x64x32_MI16x16x16G8i6KmdGOf61k2NKefw1JLuhK3LcGUQW0o0gzV7_2Ws=_gfx1201.co
Loading /home/iamthecage/out-v2/b8_to_b8_wmma_gb_fixed_tt/1_BenchmarkProblems/Cijk_Alik_Bjlk_B8B8S_BH_GB_00/00_Final/source/library/Cijk_Alik_Bjlk_B8B8S_BH_GB_MT64x64x32_MI16x16x16NWUtPpvfekp3zTYH1I4s5RDujN1YPmawI7wqdno7_a8=_gfx1201.co
Loading /home/iamthecage/out-v2/b8_to_b8_wmma_gb_fixed_tt/1_BenchmarkProblems/Cijk_Alik_Bjlk_B8B8S_BH_GB_00/00_Final/source/library/Cijk_Alik_Bjlk_B8B8S_BH_GB_MT64x64x32_MI16x16x16m_1q879nV_Qg_JHwjBjl4h1Qp660jmh8dpKrkE8PoT4=_gfx1201.co
Loading /home/iamthecage/out-v2/b8_to_b8_wmma_gb_fixed_tt/1_BenchmarkProblems/Cijk_Alik_Bjlk_B8B8S_BH_GB_00/00_Final/source/library/Cijk_Alik_Bjlk_B8B8S_BH_GB_MT64x64x32_MI16x16x16VGX5871UkJVrUeKrRY--NkPAgXalpsfIVkJ2Id-O__k=_gfx1201.co
Loading /home/iamthecage/out-v2/b8_to_b8_wmma_gb_fixed_tt/1_BenchmarkProblems/Cijk_Alik_Bjlk_B8B8S_BH_GB_00/00_Final/source/library/Cijk_Alik_Bjlk_B8B8S_BH_GB_MT64x64x32_MI16x16x16QrG2vLk1Cda082RxCL6Cvu8ViXuKVfE55GPKP78jEeA=_gfx1201.co
Loading /home/iamthecage/out-v2/b8_to_b8_wmma_gb_fixed_tt/1_BenchmarkProblems/Cijk_Alik_Bjlk_B8B8S_BH_GB_00/00_Final/source/library/Cijk_Alik_Bjlk_B8B8S_BH_GB_MT64x64x16_MI16x16x16WYwyK6VVWZuWgCV0jDcvHcbxgdiKn8O2Bh9knkjeNnI=_gfx1201.co
Loading /home/iamthecage/out-v2/b8_to_b8_wmma_gb_fixed_tt/1_BenchmarkProblems/Cijk_Alik_Bjlk_B8B8S_BH_GB_00/00_Final/source/library/Cijk_Alik_Bjlk_B8B8S_BH_GB_MT64x64x16_MI16x16x16w1BCcO2V0iCEEaPQL9q2VsywgyZHwCAM4iqL1s9ky64=_gfx1201.co
Loading /home/iamthecage/out-v2/b8_to_b8_wmma_gb_fixed_tt/1_BenchmarkProblems/Cijk_Alik_Bjlk_B8B8S_BH_GB_00/00_Final/source/library/Cijk_Alik_Bjlk_B8B8S_BH_GB_MT64x64x16_MI16x16x16dq_8CiCVfJk5Hpy_S7lJWkLBFtuhxRTtI1nI_rgtHXA=_gfx1201.co
Loading /home/iamthecage/out-v2/b8_to_b8_wmma_gb_fixed_tt/1_BenchmarkProblems/Cijk_Alik_Bjlk_B8B8S_BH_GB_00/00_Final/source/library/Cijk_Alik_Bjlk_B8B8S_BH_GB_MT64x64x16_MI16x16x16IxzJm1gc4niNZ_OL33cX89YXxtU2W0POgaepF9Hklx4=_gfx1201.co
Loading /home/iamthecage/out-v2/b8_to_b8_wmma_gb_fixed_tt/1_BenchmarkProblems/Cijk_Alik_Bjlk_B8B8S_BH_GB_00/00_Final/source/library/Cijk_Alik_Bjlk_B8B8S_BH_GB_MT64x64x16_MI16x16x16nXMZ907MkCArKFkFjDSp_31ND2LPJJlDmBDShyHB62U=_gfx1201.co
Loading /home/iamthecage/out-v2/b8_to_b8_wmma_gb_fixed_tt/1_BenchmarkProblems/Cijk_Alik_Bjlk_B8B8S_BH_GB_00/00_Final/source/library/Cijk_Alik_Bjlk_B8B8S_BH_GB_MT64x64x16_MI16x16x16c2OWJ_Rb6tE3FHlG_D3ejRHUaQoX7VPDxcqIjdumKww=_gfx1201.co
Loading /home/iamthecage/out-v2/b8_to_b8_wmma_gb_fixed_tt/1_BenchmarkProblems/Cijk_Alik_Bjlk_B8B8S_BH_GB_00/00_Final/source/library/Cijk_Alik_Bjlk_B8B8S_BH_GB_MT64x64x16_MI16x16x16WZ-gvUmkIQRk3UJxEbaO6VFWhfGEPeGb5xYsf_LesXM=_gfx1201.co
Loading /home/iamthecage/out-v2/b8_to_b8_wmma_gb_fixed_tt/1_BenchmarkProblems/Cijk_Alik_Bjlk_B8B8S_BH_GB_00/00_Final/source/library/Cijk_Alik_Bjlk_B8B8S_BH_GB_MT64x64x16_MI16x16x16SBKgqDfSaLc03h289977s0g_PzB9ZX5Eo8LLrd8xM2o=_gfx1201.co
Loading /home/iamthecage/out-v2/b8_to_b8_wmma_gb_fixed_tt/1_BenchmarkProblems/Cijk_Alik_Bjlk_B8B8S_BH_GB_00/00_Final/source/library/Cijk_Alik_Bjlk_B8B8S_BH_GB_MT64x64x16_MI16x16x16azVpr1cqpnoVIkLDZuKyTQgJ8tvHBLQ-1Hlc9Wzxf2o=_gfx1201.co
Loading /home/iamthecage/out-v2/b8_to_b8_wmma_gb_fixed_tt/1_BenchmarkProblems/Cijk_Alik_Bjlk_B8B8S_BH_GB_00/00_Final/source/library/Cijk_Alik_Bjlk_B8B8S_BH_GB_MT64x64x16_MI16x16x168LbAEnKAypTl1OWed2vrF2w4adFXxwFi1uCfBIgPVJo=_gfx1201.co
Loading /home/iamthecage/out-v2/b8_to_b8_wmma_gb_fixed_tt/1_BenchmarkProblems/Cijk_Alik_Bjlk_B8B8S_BH_GB_00/00_Final/source/library/Cijk_Alik_Bjlk_B8B8S_BH_GB_MT64x64x16_MI16x16x16DbPcDPLHPETEHpGNf5jIT3gMIgei2kLq0EUFEKyzGdA=_gfx1201.co
Loading /home/iamthecage/out-v2/b8_to_b8_wmma_gb_fixed_tt/1_BenchmarkProblems/Cijk_Alik_Bjlk_B8B8S_BH_GB_00/00_Final/source/library/Cijk_Alik_Bjlk_B8B8S_BH_GB_MT64x64x16_MI16x16x16ysVikM63daQLXUsCW85Bq4mQMEvq9e54zm0jWqKkqkc=_gfx1201.co
Loading /home/iamthecage/out-v2/b8_to_b8_wmma_gb_fixed_tt/1_BenchmarkProblems/Cijk_Alik_Bjlk_B8B8S_BH_GB_00/00_Final/source/library/Cijk_Alik_Bjlk_B8B8S_BH_GB_MT64x64x32_MI16x16x16WYwyK6VVWZuWgCV0jDcvHcbxgdiKn8O2Bh9knkjeNnI=_gfx1201.co
Loading /home/iamthecage/out-v2/b8_to_b8_wmma_gb_fixed_tt/1_BenchmarkProblems/Cijk_Alik_Bjlk_B8B8S_BH_GB_00/00_Final/source/library/Cijk_Alik_Bjlk_B8B8S_BH_GB_MT64x64x32_MI16x16x16w1BCcO2V0iCEEaPQL9q2VsywgyZHwCAM4iqL1s9ky64=_gfx1201.co
Loading /home/iamthecage/out-v2/b8_to_b8_wmma_gb_fixed_tt/1_BenchmarkProblems/Cijk_Alik_Bjlk_B8B8S_BH_GB_00/00_Final/source/library/Cijk_Alik_Bjlk_B8B8S_BH_GB_MT64x64x32_MI16x16x16dq_8CiCVfJk5Hpy_S7lJWkLBFtuhxRTtI1nI_rgtHXA=_gfx1201.co
Loading /home/iamthecage/out-v2/b8_to_b8_wmma_gb_fixed_tt/1_BenchmarkProblems/Cijk_Alik_Bjlk_B8B8S_BH_GB_00/00_Final/source/library/Cijk_Alik_Bjlk_B8B8S_BH_GB_MT64x64x32_MI16x16x16IxzJm1gc4niNZ_OL33cX89YXxtU2W0POgaepF9Hklx4=_gfx1201.co
Loading /home/iamthecage/out-v2/b8_to_b8_wmma_gb_fixed_tt/1_BenchmarkProblems/Cijk_Alik_Bjlk_B8B8S_BH_GB_00/00_Final/source/library/Cijk_Alik_Bjlk_B8B8S_BH_GB_MT64x64x32_MI16x16x16nXMZ907MkCArKFkFjDSp_31ND2LPJJlDmBDShyHB62U=_gfx1201.co
Loading /home/iamthecage/out-v2/b8_to_b8_wmma_gb_fixed_tt/1_BenchmarkProblems/Cijk_Alik_Bjlk_B8B8S_BH_GB_00/00_Final/source/library/Cijk_Alik_Bjlk_B8B8S_BH_GB_MT64x64x32_MI16x16x16c2OWJ_Rb6tE3FHlG_D3ejRHUaQoX7VPDxcqIjdumKww=_gfx1201.co
Loading /home/iamthecage/out-v2/b8_to_b8_wmma_gb_fixed_tt/1_BenchmarkProblems/Cijk_Alik_Bjlk_B8B8S_BH_GB_00/00_Final/source/library/Cijk_Alik_Bjlk_B8B8S_BH_GB_MT64x64x32_MI16x16x16WZ-gvUmkIQRk3UJxEbaO6VFWhfGEPeGb5xYsf_LesXM=_gfx1201.co
Loading /home/iamthecage/out-v2/b8_to_b8_wmma_gb_fixed_tt/1_BenchmarkProblems/Cijk_Alik_Bjlk_B8B8S_BH_GB_00/00_Final/source/library/Cijk_Alik_Bjlk_B8B8S_BH_GB_MT64x64x32_MI16x16x16SBKgqDfSaLc03h289977s0g_PzB9ZX5Eo8LLrd8xM2o=_gfx1201.co
Loading /home/iamthecage/out-v2/b8_to_b8_wmma_gb_fixed_tt/1_BenchmarkProblems/Cijk_Alik_Bjlk_B8B8S_BH_GB_00/00_Final/source/library/Cijk_Alik_Bjlk_B8B8S_BH_GB_MT64x64x32_MI16x16x16azVpr1cqpnoVIkLDZuKyTQgJ8tvHBLQ-1Hlc9Wzxf2o=_gfx1201.co
Loading /home/iamthecage/out-v2/b8_to_b8_wmma_gb_fixed_tt/1_BenchmarkProblems/Cijk_Alik_Bjlk_B8B8S_BH_GB_00/00_Final/source/library/Cijk_Alik_Bjlk_B8B8S_BH_GB_MT64x64x32_MI16x16x168LbAEnKAypTl1OWed2vrF2w4adFXxwFi1uCfBIgPVJo=_gfx1201.co
Loading /home/iamthecage/out-v2/b8_to_b8_wmma_gb_fixed_tt/1_BenchmarkProblems/Cijk_Alik_Bjlk_B8B8S_BH_GB_00/00_Final/source/library/Cijk_Alik_Bjlk_B8B8S_BH_GB_MT64x64x32_MI16x16x16DbPcDPLHPETEHpGNf5jIT3gMIgei2kLq0EUFEKyzGdA=_gfx1201.co
Loading /home/iamthecage/out-v2/b8_to_b8_wmma_gb_fixed_tt/1_BenchmarkProblems/Cijk_Alik_Bjlk_B8B8S_BH_GB_00/00_Final/source/library/Cijk_Alik_Bjlk_B8B8S_BH_GB_MT64x64x32_MI16x16x16ysVikM63daQLXUsCW85Bq4mQMEvq9e54zm0jWqKkqkc=_gfx1201.co
Log level: Debug
run,problem-progress,solution-progress,operation,problem-sizes,solution,validation,time-us,gflops,empty,total-gran,tiles-per-cu,num-cus,tile0-gran,tile1-gran,cu-gran,wave-gran,mem-read-bytes,mem-write-bytes,temp-edge,clock-sys,clock-soc,clock-mem,fan-rpm,hardware-samples,gfx-frequency(median),power(median),hotspot-temperature(median),enqueue-time
0,0/44,0/47,Contraction_l_Alik_Bjlk_Cijk_Dijk,"(1,1024,1,1024)",Cijk_Alik_Bjlk_B8B8S_BH_GB_MT64x64x16_MI16x16x16x1_SN_GLVWA4_GLVWB4_GRVW4_K1_SS0_SVW4_WSGRA0_WSGRB0,NO_CHECK,105.561,19.8667,,0.000976562,0.5,32,0.015625,1,0.5,0.125,33792,1024,,,,,,,,,,2026-04-19 00:04:29.
0,0/44,1/47,Contraction_l_Alik_Bjlk_Cijk_Dijk,"(1,1024,1,1024)",Cijk_Alik_Bjlk_B8B8S_BH_GB_MT64x64x16_MI16x16x16x1_SN_GLVWA8_GLVWB8_GRVW8_K1_SS0_SVW4_WSGRA0_WSGRB0,NO_CHECK,87.801,23.8853,,0.000976562,0.5,32,0.015625,1,0.5,0.125,33792,1024,,,,,,,,,,2026-04-19 00:04:29.
0,0/44,2/47,Contraction_l_Alik_Bjlk_Cijk_Dijk,"(1,1024,1,1024)",Cijk_Alik_Bjlk_B8B8S_BH_GB_MT64x64x16_MI16x16x16x1_SN_GLVWA16_GLVWB16_GRVW16_K1_SS0_SVW4_WSGRA0_WSGRB0,NO_CHECK,88.761,23.627,,0.000976562,0.5,32,0.015625,1,0.5,0.125,33792,1024,,,,,,,,,,2026-04-19 00:04:29.
0,0/44,3/47,Contraction_l_Alik_Bjlk_Cijk_Dijk,"(1,1024,1,1024)",Cijk_Alik_Bjlk_B8B8S_BH_GB_MT64x64x16_MI16x16x16x1_SN_GLVWA4_GLVWB4_GRVW4_K1_SS0_SVW4_WSGRA1_WSGRB0,NO_CHECK,88.201,23.777,,0.000976562,0.5,32,0.015625,1,0.5,0.125,33792,1024,,,,,,,,,,2026-04-19 00:04:29.
0,0/44,4/47,Contraction_l_Alik_Bjlk_Cijk_Dijk,"(1,1024,1,1024)",Cijk_Alik_Bjlk_B8B8S_BH_GB_MT64x64x16_MI16x16x16x1_SN_GLVWA8_GLVWB8_GRVW8_K1_SS0_SVW4_WSGRA1_WSGRB0,NO_CHECK,85.841,24.4307,,0.000976562,0.5,32,0.015625,1,0.5,0.125,33792,1024,,,,,,,,,,2026-04-19 00:04:29.
0,0/44,5/47,Contraction_l_Alik_Bjlk_Cijk_Dijk,"(1,1024,1,1024)",Cijk_Alik_Bjlk_B8B8S_BH_GB_MT64x64x16_MI16x16x16x1_SN_GLVWA16_GLVWB16_GRVW16_K1_SS0_SVW4_WSGRA1_WSGRB0,NO_CHECK,88.161,23.7878,,0.000976562,0.5,32,0.015625,1,0.5,0.125,33792,1024,,,,,,,,,,2026-04-19 00:04:29.
0,0/44,6/47,Contraction_l_Alik_Bjlk_Cijk_Dijk,"(1,1024,1,1024)",Cijk_Alik_Bjlk_B8B8S_BH_GB_MT64x64x16_MI16x16x16x1_SN_GLVWA4_GLVWB4_GRVW4_K1_SS0_SVW4_WSGRA0_WSGRB1,NO_CHECK,87.561,23.9508,,0.000976562,0.5,32,0.015625,1,0.5,0.125,33792,1024,,,,,,,,,,2026-04-19 00:04:29.
0,0/44,7/47,Contraction_l_Alik_Bjlk_Cijk_Dijk,"(1,1024,1,1024)",Cijk_Alik_Bjlk_B8B8S_BH_GB_MT64x64x16_MI16x16x16x1_SN_GLVWA8_GLVWB8_GRVW8_K1_SS0_SVW4_WSGRA0_WSGRB1,NO_CHECK,87.361,24.0056,,0.000976562,0.5,32,0.015625,1,0.5,0.125,33792,1024,,,,,,,,,,2026-04-19 00:04:29.
0,0/44,8/47,Contraction_l_Alik_Bjlk_Cijk_Dijk,"(1,1024,1,1024)",Cijk_Alik_Bjlk_B8B8S_BH_GB_MT64x64x16_MI16x16x16x1_SN_GLVWA16_GLVWB16_GRVW16_K1_SS0_SVW4_WSGRA0_WSGRB1,NO_CHECK,87.361,24.0056,,0.000976562,0.5,32,0.015625,1,0.5,0.125,33792,1024,,,,,,,,,,2026-04-19 00:04:29.
0,0/44,9/47,Contraction_l_Alik_Bjlk_Cijk_Dijk,"(1,1024,1,1024)",Cijk_Alik_Bjlk_B8B8S_BH_GB_MT64x64x16_MI16x16x16x1_SN_GLVWA4_GLVWB4_GRVW4_K1_SS0_SVW4_WSGRA1_WSGRB1,NO_CHECK,86.441,24.2611,,0.000976562,0.5,32,0.015625,1,0.5,0.125,33792,1024,,,,,,,,,,2026-04-19 00:04:29.
0,0/44,10/47,Contraction_l_Alik_Bjlk_Cijk_Dijk,"(1,1024,1,1024)",Cijk_Alik_Bjlk_B8B8S_BH_GB_MT64x64x16_MI16x16x16x1_SN_GLVWA8_GLVWB8_GRVW8_K1_SS0_SVW4_WSGRA1_WSGRB1,NO_CHECK,86.761,24.1716,,0.000976562,0.5,32,0.015625,1,0.5,0.125,33792,1024,,,,,,,,,,2026-04-19 00:04:29.
0,0/44,11/47,Contraction_l_Alik_Bjlk_Cijk_Dijk,"(1,1024,1,1024)",Cijk_Alik_Bjlk_B8B8S_BH_GB_MT64x64x16_MI16x16x16x1_SN_GLVWA16_GLVWB16_GRVW16_K1_SS0_SVW4_WSGRA1_WSGRB1,NO_CHECK,85.881,24.4193,,0.000976562,0.5,32,0.015625,1,0.5,0.125,33792,1024,,,,,,,,,,2026-04-19 00:04:29.
0,0/44,12/47,Contraction_l_Alik_Bjlk_Cijk_Dijk,"(1,1024,1,1024)",Cijk_Alik_Bjlk_B8B8S_BH_GB_MT64x64x32_MI16x16x16x1_SN_GLVWA4_GLVWB4_GRVW4_K1_SS0_SVW4_WSGRA0_WSGRB0,NO_CHECK,80.601,26.0189,,0.000976562,0.5,32,0.015625,1,0.5,0.125,33792,1024,,,,,,,,,,2026-04-19 00:04:29.
0,0/44,13/47,Contraction_l_Alik_Bjlk_Cijk_Dijk,"(1,1024,1,1024)",Cijk_Alik_Bjlk_B8B8S_BH_GB_MT64x64x32_MI16x16x16x1_SN_GLVWA8_GLVWB8_GRVW8_K1_SS0_SVW4_WSGRA0_WSGRB0,NO_CHECK,78.681,26.6539,,0.000976562,0.5,32,0.015625,1,0.5,0.125,33792,1024,,,,,,,,,,2026-04-19 00:04:29.
0,0/44,14/47,Contraction_l_Alik_Bjlk_Cijk_Dijk,"(1,1024,1,1024)",Cijk_Alik_Bjlk_B8B8S_BH_GB_MT64x64x32_MI16x16x16x1_SN_GLVWA16_GLVWB16_GRVW16_K1_SS0_SVW4_WSGRA0_WSGRB0,NO_CHECK,78.961,26.5593,,0.000976562,0.5,32,0.015625,1,0.5,0.125,33792,1024,,,,,,,,,,2026-04-19 00:04:29.
0,0/44,15/47,Contraction_l_Alik_Bjlk_Cijk_Dijk,"(1,1024,1,1024)",Cijk_Alik_Bjlk_B8B8S_BH_GB_MT64x64x32_MI16x16x16x1_SN_GLVWA4_GLVWB4_GRVW4_K1_SS0_SVW4_WSGRA1_WSGRB0,NO_CHECK,80.281,26.1226,,0.000976562,0.5,32,0.015625,1,0.5,0.125,33792,1024,,,,,,,,,,2026-04-19 00:04:29.
0,0/44,16/47,Contraction_l_Alik_Bjlk_Cijk_Dijk,"(1,1024,1,1024)",Cijk_Alik_Bjlk_B8B8S_BH_GB_MT64x64x32_MI16x16x16x1_SN_GLVWA8_GLVWB8_GRVW8_K1_SS0_SVW4_WSGRA1_WSGRB0,NO_CHECK,81.321,25.7886,,0.000976562,0.5,32,0.015625,1,0.5,0.125,33792,1024,,,,,,,,,,2026-04-19 00:04:29.
0,0/44,17/47,Contraction_l_Alik_Bjlk_Cijk_Dijk,"(1,1024,1,1024)",Cijk_Alik_Bjlk_B8B8S_BH_GB_MT64x64x32_MI16x16x16x1_SN_GLVWA16_GLVWB16_GRVW16_K1_SS0_SVW4_WSGRA1_WSGRB0,NO_CHECK,78.761,26.6268,,0.000976562,0.5,32,0.015625,1,0.5,0.125,33792,1024,,,,,,,,,,2026-04-19 00:04:29.
0,0/44,18/47,Contraction_l_Alik_Bjlk_Cijk_Dijk,"(1,1024,1,1024)",Cijk_Alik_Bjlk_B8B8S_BH_GB_MT64x64x32_MI16x16x16x1_SN_GLVWA4_GLVWB4_GRVW4_K1_SS0_SVW4_WSGRA0_WSGRB1,NO_CHECK,151.861,13.8097,,0.000976562,0.5,32,0.015625,1,0.5,0.125,33792,1024,,,,,,,,,,2026-04-19 00:04:29.
0,0/44,19/47,Contraction_l_Alik_Bjlk_Cijk_Dijk,"(1,1024,1,1024)",Cijk_Alik_Bjlk_B8B8S_BH_GB_MT64x64x32_MI16x16x16x1_SN_GLVWA8_GLVWB8_GRVW8_K1_SS0_SVW4_WSGRA0_WSGRB1,NO_CHECK,56.641,37.0253,,0.000976562,0.5,32,0.015625,1,0.5,0.125,33792,1024,,,,,,,,,,2026-04-19 00:04:29.
0,0/44,20/47,Contraction_l_Alik_Bjlk_Cijk_Dijk,"(1,1024,1,1024)",Cijk_Alik_Bjlk_B8B8S_BH_GB_MT64x64x32_MI16x16x16x1_SN_GLVWA16_GLVWB16_GRVW16_K1_SS0_SVW4_WSGRA0_WSGRB1,NO_CHECK,57.76,36.308,,0.000976562,0.5,32,0.015625,1,0.5,0.125,33792,1024,,,,,,,,,,2026-04-19 00:04:29.
0,0/44,21/47,Contraction_l_Alik_Bjlk_Cijk_Dijk,"(1,1024,1,1024)",Cijk_Alik_Bjlk_B8B8S_BH_GB_MT64x64x32_MI16x16x16x1_SN_GLVWA4_GLVWB4_GRVW4_K1_SS0_SVW4_WSGRA1_WSGRB1,NO_CHECK,58.081,36.1074,,0.000976562,0.5,32,0.015625,1,0.5,0.125,33792,1024,,,,,,,,,,2026-04-19 00:04:29.
0,0/44,22/47,Contraction_l_Alik_Bjlk_Cijk_Dijk,"(1,1024,1,1024)",Cijk_Alik_Bjlk_B8B8S_BH_GB_MT64x64x32_MI16x16x16x1_SN_GLVWA8_GLVWB8_GRVW8_K1_SS0_SVW4_WSGRA1_WSGRB1,NO_CHECK,57.921,36.2071,,0.000976562,0.5,32,0.015625,1,0.5,0.125,33792,1024,,,,,,,,,,2026-04-19 00:04:29.
0,0/44,23/47,Contraction_l_Alik_Bjlk_Cijk_Dijk,"(1,1024,1,1024)",Cijk_Alik_Bjlk_B8B8S_BH_GB_MT64x64x32_MI16x16x16x1_SN_GLVWA16_GLVWB16_GRVW16_K1_SS0_SVW4_WSGRA1_WSGRB1,NO_CHECK,56.24,37.2893,,0.000976562,0.5,32,0.015625,1,0.5,0.125,33792,1024,,,,,,,,,,2026-04-19 00:04:29.
0,0/44,24/47,Contraction_l_Alik_Bjlk_Cijk_Dijk,"(1,1024,1,1024)",Cijk_Alik_Bjlk_B8B8S_BH_GB_MT64x64x16_MI16x16x16x1_SN_GLVWA4_GLVWB4_GRVW4_K1_SS1_SVW1_WSGRA0_WSGRB0,NO_CHECK,60.241,34.8127,,0.000976562,0.5,32,0.015625,1,0.5,0.125,33792,1024,,,,,,,,,,2026-04-19 00:04:29.
0,0/44,25/47,Contraction_l_Alik_Bjlk_Cijk_Dijk,"(1,1024,1,1024)",Cijk_Alik_Bjlk_B8B8S_BH_GB_MT64x64x16_MI16x16x16x1_SN_GLVWA8_GLVWB8_GRVW8_K1_SS1_SVW1_WSGRA0_WSGRB0,NO_CHECK,62.481,33.5646,,0.000976562,0.5,32,0.015625,1,0.5,0.125,33792,1024,,,,,,,,,,2026-04-19 00:04:29.
0,0/44,26/47,Contraction_l_Alik_Bjlk_Cijk_Dijk,"(1,1024,1,1024)",Cijk_Alik_Bjlk_B8B8S_BH_GB_MT64x64x16_MI16x16x16x1_SN_GLVWA16_GLVWB16_GRVW16_K1_SS1_SVW1_WSGRA0_WSGRB0,NO_CHECK,61.241,34.2442,,0.000976562,0.5,32,0.015625,1,0.5,0.125,33792,1024,,,,,,,,,,2026-04-19 00:04:29.
0,0/44,27/47,Contraction_l_Alik_Bjlk_Cijk_Dijk,"(1,1024,1,1024)",Cijk_Alik_Bjlk_B8B8S_BH_GB_MT64x64x16_MI16x16x16x1_SN_GLVWA4_GLVWB4_GRVW4_K1_SS1_SVW1_WSGRA1_WSGRB0,NO_CHECK,60.401,34.7205,,0.000976562,0.5,32,0.015625,1,0.5,0.125,33792,1024,,,,,,,,,,2026-04-19 00:04:29.
0,0/44,28/47,Contraction_l_Alik_Bjlk_Cijk_Dijk,"(1,1024,1,1024)",Cijk_Alik_Bjlk_B8B8S_BH_GB_MT64x64x16_MI16x16x16x1_SN_GLVWA8_GLVWB8_GRVW8_K1_SS1_SVW1_WSGRA1_WSGRB0,NO_CHECK,62.521,33.5432,,0.000976562,0.5,32,0.015625,1,0.5,0.125,33792,1024,,,,,,,,,,2026-04-19 00:04:29.
0,0/44,29/47,Contraction_l_Alik_Bjlk_Cijk_Dijk,"(1,1024,1,1024)",Cijk_Alik_Bjlk_B8B8S_BH_GB_MT64x64x16_MI16x16x16x1_SN_GLVWA16_GLVWB16_GRVW16_K1_SS1_SVW1_WSGRA1_WSGRB0,NO_CHECK,61.321,34.1996,,0.000976562,0.5,32,0.015625,1,0.5,0.125,33792,1024,,,,,,,,,,2026-04-19 00:04:29.
0,0/44,30/47,Contraction_l_Alik_Bjlk_Cijk_Dijk,"(1,1024,1,1024)",Cijk_Alik_Bjlk_B8B8S_BH_GB_MT64x64x16_MI16x16x16x1_SN_GLVWA4_GLVWB4_GRVW4_K1_SS1_SVW1_WSGRA0_WSGRB1,NO_CHECK,60.561,34.6288,,0.000976562,0.5,32,0.015625,1,0.5,0.125,33792,1024,,,,,,,,,,2026-04-19 00:04:29.
0,0/44,31/47,Contraction_l_Alik_Bjlk_Cijk_Dijk,"(1,1024,1,1024)",Cijk_Alik_Bjlk_B8B8S_BH_GB_MT64x64x16_MI16x16x16x1_SN_GLVWA8_GLVWB8_GRVW8_K1_SS1_SVW1_WSGRA0_WSGRB1,NO_CHECK,61.241,34.2442,,0.000976562,0.5,32,0.015625,1,0.5,0.125,33792,1024,,,,,,,,,,2026-04-19 00:04:29.
0,0/44,32/47,Contraction_l_Alik_Bjlk_Cijk_Dijk,"(1,1024,1,1024)",Cijk_Alik_Bjlk_B8B8S_BH_GB_MT64x64x16_MI16x16x16x1_SN_GLVWA16_GLVWB16_GRVW16_K1_SS1_SVW1_WSGRA0_WSGRB1,NO_CHECK,63.041,33.2665,,0.000976562,0.5,32,0.015625,1,0.5,0.125,33792,1024,,,,,,,,,,2026-04-19 00:04:29.
0,0/44,33/47,Contraction_l_Alik_Bjlk_Cijk_Dijk,"(1,1024,1,1024)",Cijk_Alik_Bjlk_B8B8S_BH_GB_MT64x64x16_MI16x16x16x1_SN_GLVWA4_GLVWB4_GRVW4_K1_SS1_SVW1_WSGRA1_WSGRB1,NO_CHECK,60.801,34.4921,,0.000976562,0.5,32,0.015625,1,0.5,0.125,33792,1024,,,,,,,,,,2026-04-19 00:04:29.
0,0/44,34/47,Contraction_l_Alik_Bjlk_Cijk_Dijk,"(1,1024,1,1024)",Cijk_Alik_Bjlk_B8B8S_BH_GB_MT64x64x16_MI16x16x16x1_SN_GLVWA8_GLVWB8_GRVW8_K1_SS1_SVW1_WSGRA1_WSGRB1,NO_CHECK,61.921,33.8682,,0.000976562,0.5,32,0.015625,1,0.5,0.125,33792,1024,,,,,,,,,,2026-04-19 00:04:29.
0,0/44,35/47,Contraction_l_Alik_Bjlk_Cijk_Dijk,"(1,1024,1,1024)",Cijk_Alik_Bjlk_B8B8S_BH_GB_MT64x64x16_MI16x16x16x1_SN_GLVWA16_GLVWB16_GRVW16_K1_SS1_SVW1_WSGRA1_WSGRB1,NO_CHECK,62.401,33.6077,,0.000976562,0.5,32,0.015625,1,0.5,0.125,33792,1024,,,,,,,,,,2026-04-19 00:04:29.
0,0/44,36/47,Contraction_l_Alik_Bjlk_Cijk_Dijk,"(1,1024,1,1024)",Cijk_Alik_Bjlk_B8B8S_BH_GB_MT64x64x32_MI16x16x16x1_SN_GLVWA4_GLVWB4_GRVW4_K1_SS1_SVW1_WSGRA0_WSGRB0,NO_CHECK,58.64,35.7632,,0.000976562,0.5,32,0.015625,1,0.5,0.125,33792,1024,,,,,,,,,,2026-04-19 00:04:29.
0,0/44,37/47,Contraction_l_Alik_Bjlk_Cijk_Dijk,"(1,1024,1,1024)",Cijk_Alik_Bjlk_B8B8S_BH_GB_MT64x64x32_MI16x16x16x1_SN_GLVWA8_GLVWB8_GRVW8_K1_SS1_SVW1_WSGRA0_WSGRB0,NO_CHECK,56.761,36.9471,,0.000976562,0.5,32,0.015625,1,0.5,0.125,33792,1024,,,,,,,,,,2026-04-19 00:04:29.
0,0/44,38/47,Contraction_l_Alik_Bjlk_Cijk_Dijk,"(1,1024,1,1024)",Cijk_Alik_Bjlk_B8B8S_BH_GB_MT64x64x32_MI16x16x16x1_SN_GLVWA16_GLVWB16_GRVW16_K1_SS1_SVW1_WSGRA0_WSGRB0,NO_CHECK,55.6,37.7186,,0.000976562,0.5,32,0.015625,1,0.5,0.125,33792,1024,,,,,,,,,,2026-04-19 00:04:29.
0,0/44,39/47,Contraction_l_Alik_Bjlk_Cijk_Dijk,"(1,1024,1,1024)",Cijk_Alik_Bjlk_B8B8S_BH_GB_MT64x64x32_MI16x16x16x1_SN_GLVWA4_GLVWB4_GRVW4_K1_SS1_SVW1_WSGRA1_WSGRB0,NO_CHECK,57.201,36.6629,,0.000976562,0.5,32,0.015625,1,0.5,0.125,33792,1024,,,,,,,,,,2026-04-19 00:04:29.
0,0/44,40/47,Contraction_l_Alik_Bjlk_Cijk_Dijk,"(1,1024,1,1024)",Cijk_Alik_Bjlk_B8B8S_BH_GB_MT64x64x32_MI16x16x16x1_SN_GLVWA8_GLVWB8_GRVW8_K1_SS1_SVW1_WSGRA1_WSGRB0,NO_CHECK,56.56,37.0784,,0.000976562,0.5,32,0.015625,1,0.5,0.125,33792,1024,,,,,,,,,,2026-04-19 00:04:29.
0,0/44,41/47,Contraction_l_Alik_Bjlk_Cijk_Dijk,"(1,1024,1,1024)",Cijk_Alik_Bjlk_B8B8S_BH_GB_MT64x64x32_MI16x16x16x1_SN_GLVWA16_GLVWB16_GRVW16_K1_SS1_SVW1_WSGRA1_WSGRB0,NO_CHECK,56.281,37.2622,,0.000976562,0.5,32,0.015625,1,0.5,0.125,33792,1024,,,,,,,,,,2026-04-19 00:04:29.
0,0/44,42/47,Contraction_l_Alik_Bjlk_Cijk_Dijk,"(1,1024,1,1024)",Cijk_Alik_Bjlk_B8B8S_BH_GB_MT64x64x32_MI16x16x16x1_SN_GLVWA4_GLVWB4_GRVW4_K1_SS1_SVW1_WSGRA0_WSGRB1,NO_CHECK,57.56,36.4342,,0.000976562,0.5,32,0.015625,1,0.5,0.125,33792,1024,,,,,,,,,,2026-04-19 00:04:29.
0,0/44,43/47,Contraction_l_Alik_Bjlk_Cijk_Dijk,"(1,1024,1,1024)",Cijk_Alik_Bjlk_B8B8S_BH_GB_MT64x64x32_MI16x16x16x1_SN_GLVWA8_GLVWB8_GRVW8_K1_SS1_SVW1_WSGRA0_WSGRB1,NO_CHECK,56.921,36.8432,,0.000976562,0.5,32,0.015625,1,0.5,0.125,33792,1024,,,,,,,,,,2026-04-19 00:04:29.
0,0/44,44/47,Contraction_l_Alik_Bjlk_Cijk_Dijk,"(1,1024,1,1024)",Cijk_Alik_Bjlk_B8B8S_BH_GB_MT64x64x32_MI16x16x16x1_SN_GLVWA16_GLVWB16_GRVW16_K1_SS1_SVW1_WSGRA0_WSGRB1,NO_CHECK,55.601,37.7179,,0.000976562,0.5,32,0.015625,1,0.5,0.125,33792,1024,,,,,,,,,,2026-04-19 00:04:29.
0,0/44,45/47,Contraction_l_Alik_Bjlk_Cijk_Dijk,"(1,1024,1,1024)",Cijk_Alik_Bjlk_B8B8S_BH_GB_MT64x64x32_MI16x16x16x1_SN_GLVWA4_GLVWB4_GRVW4_K1_SS1_SVW1_WSGRA1_WSGRB1,NO_CHECK,57.521,36.4589,,0.000976562,0.5,32,0.015625,1,0.5,0.125,33792,1024,,,,,,,,,,2026-04-19 00:04:29.
0,0/44,46/47,Contraction_l_Alik_Bjlk_Cijk_Dijk,"(1,1024,1,1024)",Cijk_Alik_Bjlk_B8B8S_BH_GB_MT64x64x32_MI16x16x16x1_SN_GLVWA8_GLVWB8_GRVW8_K1_SS1_SVW1_WSGRA1_WSGRB1,NO_CHECK,56.041,37.4217,,0.000976562,0.5,32,0.015625,1,0.5,0.125,33792,1024,,,,,,,,,,2026-04-19 00:04:29.
0,0/44,47/47,Contraction_l_Alik_Bjlk_Cijk_Dijk,"(1,1024,1,1024)",Cijk_Alik_Bjlk_B8B8S_BH_GB_MT64x64x32_MI16x16x16x1_SN_GLVWA16_GLVWB16_GRVW16_K1_SS1_SVW1_WSGRA1_WSGRB1,NO_CHECK,56.441,37.1565,,0.000976562,0.5,32,0.015625,1,0.5,0.125,33792,1024,,,,,,,,,,2026-04-19 00:04:29.
0,1/44,0/47,Contraction_l_Alik_Bjlk_Cijk_Dijk,"(1,1024,1,4096)",Cijk_Alik_Bjlk_B8B8S_BH_GB_MT64x64x16_MI16x16x16x1_SN_GLVWA4_GLVWB4_GRVW4_K1_SS0_SVW4_WSGRA0_WSGRB0,NO_CHECK,170.642,49.1591,,0.000976562,0.5,32,0.015625,1,0.5,0.125,132096,1024,,,,,,,,,,2026-04-19 00:04:29.
0,1/44,1/47,Contraction_l_Alik_Bjlk_Cijk_Dijk,"(1,1024,1,4096)",Cijk_Alik_Bjlk_B8B8S_BH_GB_MT64x64x16_MI16x16x16x1_SN_GLVWA8_GLVWB8_GRVW8_K1_SS0_SVW4_WSGRA0_WSGRB0,NO_CHECK,132.842,63.1473,,0.000976562,0.5,32,0.015625,1,0.5,0.125,132096,1024,,,,,,,,,,2026-04-19 00:04:29.
0,1/44,2/47,Contraction_l_Alik_Bjlk_Cijk_Dijk,"(1,1024,1,4096)",Cijk_Alik_Bjlk_B8B8S_BH_GB_MT64x64x16_MI16x16x16x1_SN_GLVWA16_GLVWB16_GRVW16_K1_SS0_SVW4_WSGRA0_WSGRB0,NO_CHECK,134.282,62.4701,,0.000976562,0.5,32,0.015625,1,0.5,0.125,132096,1024,,,,,,,,,,2026-04-19 00:04:29.
0,1/44,3/47,Contraction_l_Alik_Bjlk_Cijk_Dijk,"(1,1024,1,4096)",Cijk_Alik_Bjlk_B8B8S_BH_GB_MT64x64x16_MI16x16x16x1_SN_GLVWA4_GLVWB4_GRVW4_K1_SS0_SVW4_WSGRA1_WSGRB0,NO_CHECK,136.681,61.3736,,0.000976562,0.5,32,0.015625,1,0.5,0.125,132096,1024,,,,,,,,,,2026-04-19 00:04:29.
0,1/44,4/47,Contraction_l_Alik_Bjlk_Cijk_Dijk,"(1,1024,1,4096)",Cijk_Alik_Bjlk_B8B8S_BH_GB_MT64x64x16_MI16x16x16x1_SN_GLVWA8_GLVWB8_GRVW8_K1_SS0_SVW4_WSGRA1_WSGRB0,NO_CHECK,134.281,62.4706,,0.000976562,0.5,32,0.015625,1,0.5,0.125,132096,1024,,,,,,,,,,2026-04-19 00:04:29.
0,1/44,5/47,Contraction_l_Alik_Bjlk_Cijk_Dijk,"(1,1024,1,4096)",Cijk_Alik_Bjlk_B8B8S_BH_GB_MT64x64x16_MI16x16x16x1_SN_GLVWA16_GLVWB16_GRVW16_K1_SS0_SVW4_WSGRA1_WSGRB0,NO_CHECK,135.842,61.7527,,0.000976562,0.5,32,0.015625,1,0.5,0.125,132096,1024,,,,,,,,,,2026-04-19 00:04:29.
0,1/44,6/47,Contraction_l_Alik_Bjlk_Cijk_Dijk,"(1,1024,1,4096)",Cijk_Alik_Bjlk_B8B8S_BH_GB_MT64x64x16_MI16x16x16x1_SN_GLVWA4_GLVWB4_GRVW4_K1_SS0_SVW4_WSGRA0_WSGRB1,NO_CHECK,137.122,61.1762,,0.000976562,0.5,32,0.015625,1,0.5,0.125,132096,1024,,,,,,,,,,2026-04-19 00:04:29.
0,1/44,7/47,Contraction_l_Alik_Bjlk_Cijk_Dijk,"(1,1024,1,4096)",Cijk_Alik_Bjlk_B8B8S_BH_GB_MT64x64x16_MI16x16x16x1_SN_GLVWA8_GLVWB8_GRVW8_K1_SS0_SVW4_WSGRA0_WSGRB1,NO_CHECK,137.361,61.0698,,0.000976562,0.5,32,0.015625,1,0.5,0.125,132096,1024,,,,,,,,,,2026-04-19 00:04:29.
0,1/44,8/47,Contraction_l_Alik_Bjlk_Cijk_Dijk,"(1,1024,1,4096)",Cijk_Alik_Bjlk_B8B8S_BH_GB_MT64x64x16_MI16x16x16x1_SN_GLVWA16_GLVWB16_GRVW16_K1_SS0_SVW4_WSGRA0_WSGRB1,NO_CHECK,137.682,60.9274,,0.000976562,0.5,32,0.015625,1,0.5,0.125,132096,1024,,,,,,,,,,2026-04-19 00:04:29.
0,1/44,9/47,Contraction_l_Alik_Bjlk_Cijk_Dijk,"(1,1024,1,4096)",Cijk_Alik_Bjlk_B8B8S_BH_GB_MT64x64x16_MI16x16x16x1_SN_GLVWA4_GLVWB4_GRVW4_K1_SS0_SVW4_WSGRA1_WSGRB1,NO_CHECK,135.362,61.9717,,0.000976562,0.5,32,0.015625,1,0.5,0.125,132096,1024,,,,,,,,,,2026-04-19 00:04:29.
0,1/44,10/47,Contraction_l_Alik_Bjlk_Cijk_Dijk,"(1,1024,1,4096)",Cijk_Alik_Bjlk_B8B8S_BH_GB_MT64x64x16_MI16x16x16x1_SN_GLVWA8_GLVWB8_GRVW8_K1_SS0_SVW4_WSGRA1_WSGRB1,NO_CHECK,135.441,61.9355,,0.000976562,0.5,32,0.015625,1,0.5,0.125,132096,1024,,,,,,,,,,2026-04-19 00:04:29.
0,1/44,11/47,Contraction_l_Alik_Bjlk_Cijk_Dijk,"(1,1024,1,4096)",Cijk_Alik_Bjlk_B8B8S_BH_GB_MT64x64x16_MI16x16x16x1_SN_GLVWA16_GLVWB16_GRVW16_K1_SS0_SVW4_WSGRA1_WSGRB1,NO_CHECK,136.762,61.3373,,0.000976562,0.5,32,0.015625,1,0.5,0.125,132096,1024,,,,,,,,,,2026-04-19 00:04:29.
0,1/44,12/47,Contraction_l_Alik_Bjlk_Cijk_Dijk,"(1,1024,1,4096)",Cijk_Alik_Bjlk_B8B8S_BH_GB_MT64x64x32_MI16x16x16x1_SN_GLVWA4_GLVWB4_GRVW4_K1_SS0_SVW4_WSGRA0_WSGRB0,NO_CHECK,110.042,76.231,,0.000976562,0.5,32,0.015625,1,0.5,0.125,132096,1024,,,,,,,,,,2026-04-19 00:04:29.
0,1/44,13/47,Contraction_l_Alik_Bjlk_Cijk_Dijk,"(1,1024,1,4096)",Cijk_Alik_Bjlk_B8B8S_BH_GB_MT64x64x32_MI16x16x16x1_SN_GLVWA8_GLVWB8_GRVW8_K1_SS0_SVW4_WSGRA0_WSGRB0,NO_CHECK,108.681,77.1856,,0.000976562,0.5,32,0.015625,1,0.5,0.125,132096,1024,,,,,,,,,,2026-04-19 00:04:29.
0,1/44,14/47,Contraction_l_Alik_Bjlk_Cijk_Dijk,"(1,1024,1,4096)",Cijk_Alik_Bjlk_B8B8S_BH_GB_MT64x64x32_MI16x16x16x1_SN_GLVWA16_GLVWB16_GRVW16_K1_SS0_SVW4_WSGRA0_WSGRB0,NO_CHECK,108.401,77.385,,0.000976562,0.5,32,0.015625,1,0.5,0.125,132096,1024,,,,,,,,,,2026-04-19 00:04:29.
0,1/44,15/47,Contraction_l_Alik_Bjlk_Cijk_Dijk,"(1,1024,1,4096)",Cijk_Alik_Bjlk_B8B8S_BH_GB_MT64x64x32_MI16x16x16x1_SN_GLVWA4_GLVWB4_GRVW4_K1_SS0_SVW4_WSGRA1_WSGRB0,NO_CHECK,109.802,76.3976,,0.000976562,0.5,32,0.015625,1,0.5,0.125,132096,1024,,,,,,,,,,2026-04-19 00:04:29.
0,1/44,16/47,Contraction_l_Alik_Bjlk_Cijk_Dijk,"(1,1024,1,4096)",Cijk_Alik_Bjlk_B8B8S_BH_GB_MT64x64x32_MI16x16x16x1_SN_GLVWA8_GLVWB8_GRVW8_K1_SS0_SVW4_WSGRA1_WSGRB0,NO_CHECK,118.802,70.61,,0.000976562,0.5,32,0.015625,1,0.5,0.125,132096,1024,,,,,,,,,,2026-04-19 00:04:29.
0,1/44,17/47,Contraction_l_Alik_Bjlk_Cijk_Dijk,"(1,1024,1,4096)",Cijk_Alik_Bjlk_B8B8S_BH_GB_MT64x64x32_MI16x16x16x1_SN_GLVWA16_GLVWB16_GRVW16_K1_SS0_SVW4_WSGRA1_WSGRB0,NO_CHECK,109.602,76.537,,0.000976562,0.5,32,0.015625,1,0.5,0.125,132096,1024,,,,,,,,,,2026-04-19 00:04:29.
0,1/44,18/47,Contraction_l_Alik_Bjlk_Cijk_Dijk,"(1,1024,1,4096)",Cijk_Alik_Bjlk_B8B8S_BH_GB_MT64x64x32_MI16x16x16x1_SN_GLVWA4_GLVWB4_GRVW4_K1_SS0_SVW4_WSGRA0_WSGRB1,NO_CHECK,111.642,75.1385,,0.000976562,0.5,32,0.015625,1,0.5,0.125,132096,1024,,,,,,,,,,2026-04-19 00:04:29.
0,1/44,19/47,Contraction_l_Alik_Bjlk_Cijk_Dijk,"(1,1024,1,4096)",Cijk_Alik_Bjlk_B8B8S_BH_GB_MT64x64x32_MI16x16x16x1_SN_GLVWA8_GLVWB8_GRVW8_K1_SS0_SVW4_WSGRA0_WSGRB1,NO_CHECK,109.282,76.7611,,0.000976562,0.5,32,0.015625,1,0.5,0.125,132096,1024,,,,,,,,,,2026-04-19 00:04:29.
0,1/44,20/47,Contraction_l_Alik_Bjlk_Cijk_Dijk,"(1,1024,1,4096)",Cijk_Alik_Bjlk_B8B8S_BH_GB_MT64x64x32_MI16x16x16x1_SN_GLVWA16_GLVWB16_GRVW16_K1_SS0_SVW4_WSGRA0_WSGRB1,NO_CHECK,108.282,77.47,,0.000976562,0.5,32,0.015625,1,0.5,0.125,132096,1024,,,,,,,,,,2026-04-19 00:04:29.
0,1/44,21/47,Contraction_l_Alik_Bjlk_Cijk_Dijk,"(1,1024,1,4096)",Cijk_Alik_Bjlk_B8B8S_BH_GB_MT64x64x32_MI16x16x16x1_SN_GLVWA4_GLVWB4_GRVW4_K1_SS0_SVW4_WSGRA1_WSGRB1,NO_CHECK,110.002,76.2587,,0.000976562,0.5,32,0.015625,1,0.5,0.125,132096,1024,,,,,,,,,,2026-04-19 00:04:29.
0,1/44,22/47,Contraction_l_Alik_Bjlk_Cijk_Dijk,"(1,1024,1,4096)",Cijk_Alik_Bjlk_B8B8S_BH_GB_MT64x64x32_MI16x16x16x1_SN_GLVWA8_GLVWB8_GRVW8_K1_SS0_SVW4_WSGRA1_WSGRB1,NO_CHECK,108.722,77.1565,,0.000976562,0.5,32,0.015625,1,0.5,0.125,132096,1024,,,,,,,,,,2026-04-19 00:04:29.
0,1/44,23/47,Contraction_l_Alik_Bjlk_Cijk_Dijk,"(1,1024,1,4096)",Cijk_Alik_Bjlk_B8B8S_BH_GB_MT64x64x32_MI16x16x16x1_SN_GLVWA16_GLVWB16_GRVW16_K1_SS0_SVW4_WSGRA1_WSGRB1,NO_CHECK,110.442,75.9549,,0.000976562,0.5,32,0.015625,1,0.5,0.125,132096,1024,,,,,,,,,,2026-04-19 00:04:29.
0,1/44,24/47,Contraction_l_Alik_Bjlk_Cijk_Dijk,"(1,1024,1,4096)",Cijk_Alik_Bjlk_B8B8S_BH_GB_MT64x64x16_MI16x16x16x1_SN_GLVWA4_GLVWB4_GRVW4_K1_SS1_SVW1_WSGRA0_WSGRB0,NO_CHECK,137.042,61.2119,,0.000976562,0.5,32,0.015625,1,0.5,0.125,132096,1024,,,,,,,,,,2026-04-19 00:04:29.
0,1/44,25/47,Contraction_l_Alik_Bjlk_Cijk_Dijk,"(1,1024,1,4096)",Cijk_Alik_Bjlk_B8B8S_BH_GB_MT64x64x16_MI16x16x16x1_SN_GLVWA8_GLVWB8_GRVW8_K1_SS1_SVW1_WSGRA0_WSGRB0,NO_CHECK,136.122,61.6257,,0.000976562,0.5,32,0.015625,1,0.5,0.125,132096,1024,,,,,,,,,,2026-04-19 00:04:29.
0,1/44,26/47,Contraction_l_Alik_Bjlk_Cijk_Dijk,"(1,1024,1,4096)",Cijk_Alik_Bjlk_B8B8S_BH_GB_MT64x64x16_MI16x16x16x1_SN_GLVWA16_GLVWB16_GRVW16_K1_SS1_SVW1_WSGRA0_WSGRB0,NO_CHECK,138.361,60.6284,,0.000976562,0.5,32,0.015625,1,0.5,0.125,132096,1024,,,,,,,,,,2026-04-19 00:04:29.
0,1/44,27/47,Contraction_l_Alik_Bjlk_Cijk_Dijk,"(1,1024,1,4096)",Cijk_Alik_Bjlk_B8B8S_BH_GB_MT64x64x16_MI16x16x16x1_SN_GLVWA4_GLVWB4_GRVW4_K1_SS1_SVW1_WSGRA1_WSGRB0,NO_CHECK,138.082,60.7509,,0.000976562,0.5,32,0.015625,1,0.5,0.125,132096,1024,,,,,,,,,,2026-04-19 00:04:29.
0,1/44,28/47,Contraction_l_Alik_Bjlk_Cijk_Dijk,"(1,1024,1,4096)",Cijk_Alik_Bjlk_B8B8S_BH_GB_MT64x64x16_MI16x16x16x1_SN_GLVWA8_GLVWB8_GRVW8_K1_SS1_SVW1_WSGRA1_WSGRB0,NO_CHECK,135.162,62.0634,,0.000976562,0.5,32,0.015625,1,0.5,0.125,132096,1024,,,,,,,,,,2026-04-19 00:04:29.
0,1/44,29/47,Contraction_l_Alik_Bjlk_Cijk_Dijk,"(1,1024,1,4096)",Cijk_Alik_Bjlk_B8B8S_BH_GB_MT64x64x16_MI16x16x16x1_SN_GLVWA16_GLVWB16_GRVW16_K1_SS1_SVW1_WSGRA1_WSGRB0,NO_CHECK,136.761,61.3377,,0.000976562,0.5,32,0.015625,1,0.5,0.125,132096,1024,,,,,,,,,,2026-04-19 00:04:29.
0,1/44,30/47,Contraction_l_Alik_Bjlk_Cijk_Dijk,"(1,1024,1,4096)",Cijk_Alik_Bjlk_B8B8S_BH_GB_MT64x64x16_MI16x16x16x1_SN_GLVWA4_GLVWB4_GRVW4_K1_SS1_SVW1_WSGRA0_WSGRB1,NO_CHECK,137.121,61.1767,,0.000976562,0.5,32,0.015625,1,0.5,0.125,132096,1024,,,,,,,,,,2026-04-19 00:04:29.
0,1/44,31/47,Contraction_l_Alik_Bjlk_Cijk_Dijk,"(1,1024,1,4096)",Cijk_Alik_Bjlk_B8B8S_BH_GB_MT64x64x16_MI16x16x16x1_SN_GLVWA8_GLVWB8_GRVW8_K1_SS1_SVW1_WSGRA0_WSGRB1,NO_CHECK,137.762,60.892,,0.000976562,0.5,32,0.015625,1,0.5,0.125,132096,1024,,,,,,,,,,2026-04-19 00:04:29.
0,1/44,32/47,Contraction_l_Alik_Bjlk_Cijk_Dijk,"(1,1024,1,4096)",Cijk_Alik_Bjlk_B8B8S_BH_GB_MT64x64x16_MI16x16x16x1_SN_GLVWA16_GLVWB16_GRVW16_K1_SS1_SVW1_WSGRA0_WSGRB1,NO_CHECK,136.802,61.3193,,0.000976562,0.5,32,0.015625,1,0.5,0.125,132096,1024,,,,,,,,,,2026-04-19 00:04:29.
0,1/44,33/47,Contraction_l_Alik_Bjlk_Cijk_Dijk,"(1,1024,1,4096)",Cijk_Alik_Bjlk_B8B8S_BH_GB_MT64x64x16_MI16x16x16x1_SN_GLVWA4_GLVWB4_GRVW4_K1_SS1_SVW1_WSGRA1_WSGRB1,NO_CHECK,137.241,61.1232,,0.000976562,0.5,32,0.015625,1,0.5,0.125,132096,1024,,,,,,,,,,2026-04-19 00:04:29.
0,1/44,34/47,Contraction_l_Alik_Bjlk_Cijk_Dijk,"(1,1024,1,4096)",Cijk_Alik_Bjlk_B8B8S_BH_GB_MT64x64x16_MI16x16x16x1_SN_GLVWA8_GLVWB8_GRVW8_K1_SS1_SVW1_WSGRA1_WSGRB1,NO_CHECK,136.162,61.6076,,0.000976562,0.5,32,0.015625,1,0.5,0.125,132096,1024,,,,,,,,,,2026-04-19 00:04:29.
0,1/44,35/47,Contraction_l_Alik_Bjlk_Cijk_Dijk,"(1,1024,1,4096)",Cijk_Alik_Bjlk_B8B8S_BH_GB_MT64x64x16_MI16x16x16x1_SN_GLVWA16_GLVWB16_GRVW16_K1_SS1_SVW1_WSGRA1_WSGRB1,NO_CHECK,135.442,61.9351,,0.000976562,0.5,32,0.015625,1,0.5,0.125,132096,1024,,,,,,,,,,2026-04-19 00:04:29.
0,1/44,36/47,Contraction_l_Alik_Bjlk_Cijk_Dijk,"(1,1024,1,4096)",Cijk_Alik_Bjlk_B8B8S_BH_GB_MT64x64x32_MI16x16x16x1_SN_GLVWA4_GLVWB4_GRVW4_K1_SS1_SVW1_WSGRA0_WSGRB0,NO_CHECK,112.121,74.8175,,0.000976562,0.5,32,0.015625,1,0.5,0.125,132096,1024,,,,,,,,,,2026-04-19 00:04:29.
0,1/44,37/47,Contraction_l_Alik_Bjlk_Cijk_Dijk,"(1,1024,1,4096)",Cijk_Alik_Bjlk_B8B8S_BH_GB_MT64x64x32_MI16x16x16x1_SN_GLVWA8_GLVWB8_GRVW8_K1_SS1_SVW1_WSGRA0_WSGRB0,NO_CHECK,110.481,75.9281,,0.000976562,0.5,32,0.015625,1,0.5,0.125,132096,1024,,,,,,,,,,2026-04-19 00:04:29.
0,1/44,38/47,Contraction_l_Alik_Bjlk_Cijk_Dijk,"(1,1024,1,4096)",Cijk_Alik_Bjlk_B8B8S_BH_GB_MT64x64x32_MI16x16x16x1_SN_GLVWA16_GLVWB16_GRVW16_K1_SS1_SVW1_WSGRA0_WSGRB0,NO_CHECK,110.681,75.7909,,0.000976562,0.5,32,0.015625,1,0.5,0.125,132096,1024,,,,,,,,,,2026-04-19 00:04:29.
0,1/44,39/47,Contraction_l_Alik_Bjlk_Cijk_Dijk,"(1,1024,1,4096)",Cijk_Alik_Bjlk_B8B8S_BH_GB_MT64x64x32_MI16x16x16x1_SN_GLVWA4_GLVWB4_GRVW4_K1_SS1_SVW1_WSGRA1_WSGRB0,NO_CHECK,111.401,75.301,,0.000976562,0.5,32,0.015625,1,0.5,0.125,132096,1024,,,,,,,,,,2026-04-19 00:04:29.
0,1/44,40/47,Contraction_l_Alik_Bjlk_Cijk_Dijk,"(1,1024,1,4096)",Cijk_Alik_Bjlk_B8B8S_BH_GB_MT64x64x32_MI16x16x16x1_SN_GLVWA8_GLVWB8_GRVW8_K1_SS1_SVW1_WSGRA1_WSGRB0,NO_CHECK,109.641,76.5098,,0.000976562,0.5,32,0.015625,1,0.5,0.125,132096,1024,,,,,,,,,,2026-04-19 00:04:29.
0,1/44,41/47,Contraction_l_Alik_Bjlk_Cijk_Dijk,"(1,1024,1,4096)",Cijk_Alik_Bjlk_B8B8S_BH_GB_MT64x64x32_MI16x16x16x1_SN_GLVWA16_GLVWB16_GRVW16_K1_SS1_SVW1_WSGRA1_WSGRB0,NO_CHECK,108.681,77.1856,,0.000976562,0.5,32,0.015625,1,0.5,0.125,132096,1024,,,,,,,,,,2026-04-19 00:04:29.
0,1/44,42/47,Contraction_l_Alik_Bjlk_Cijk_Dijk,"(1,1024,1,4096)",Cijk_Alik_Bjlk_B8B8S_BH_GB_MT64x64x32_MI16x16x16x1_SN_GLVWA4_GLVWB4_GRVW4_K1_SS1_SVW1_WSGRA0_WSGRB1,NO_CHECK,111.001,75.5724,,0.000976562,0.5,32,0.015625,1,0.5,0.125,132096,1024,,,,,,,,,,2026-04-19 00:04:29.
0,1/44,43/47,Contraction_l_Alik_Bjlk_Cijk_Dijk,"(1,1024,1,4096)",Cijk_Alik_Bjlk_B8B8S_BH_GB_MT64x64x32_MI16x16x16x1_SN_GLVWA8_GLVWB8_GRVW8_K1_SS1_SVW1_WSGRA0_WSGRB1,NO_CHECK,110.841,75.6815,,0.000976562,0.5,32,0.015625,1,0.5,0.125,132096,1024,,,,,,,,,,2026-04-19 00:04:29.
0,1/44,44/47,Contraction_l_Alik_Bjlk_Cijk_Dijk,"(1,1024,1,4096)",Cijk_Alik_Bjlk_B8B8S_BH_GB_MT64x64x32_MI16x16x16x1_SN_GLVWA16_GLVWB16_GRVW16_K1_SS1_SVW1_WSGRA0_WSGRB1,NO_CHECK,110.561,75.8731,,0.000976562,0.5,32,0.015625,1,0.5,0.125,132096,1024,,,,,,,,,,2026-04-19 00:04:29.
0,1/44,45/47,Contraction_l_Alik_Bjlk_Cijk_Dijk,"(1,1024,1,4096)",Cijk_Alik_Bjlk_B8B8S_BH_GB_MT64x64x32_MI16x16x16x1_SN_GLVWA4_GLVWB4_GRVW4_K1_SS1_SVW1_WSGRA1_WSGRB1,NO_CHECK,112.042,74.8702,,0.000976562,0.5,32,0.015625,1,0.5,0.125,132096,1024,,,,,,,,,,2026-04-19 00:04:29.
0,1/44,46/47,Contraction_l_Alik_Bjlk_Cijk_Dijk,"(1,1024,1,4096)",Cijk_Alik_Bjlk_B8B8S_BH_GB_MT64x64x32_MI16x16x16x1_SN_GLVWA8_GLVWB8_GRVW8_K1_SS1_SVW1_WSGRA1_WSGRB1,NO_CHECK,111.202,75.4358,,0.000976562,0.5,32,0.015625,1,0.5,0.125,132096,1024,,,,,,,,,,2026-04-19 00:04:29.
0,1/44,47/47,Contraction_l_Alik_Bjlk_Cijk_Dijk,"(1,1024,1,4096)",Cijk_Alik_Bjlk_B8B8S_BH_GB_MT64x64x32_MI16x16x16x1_SN_GLVWA16_GLVWB16_GRVW16_K1_SS1_SVW1_WSGRA1_WSGRB1,NO_CHECK,110.681,75.7909,,0.000976562,0.5,32,0.015625,1,0.5,0.125,132096,1024,,,,,,,,,,2026-04-19 00:04:29.
0,2/44,0/47,Contraction_l_Alik_Bjlk_Cijk_Dijk,"(1,1024,1,8192)",Cijk_Alik_Bjlk_B8B8S_BH_GB_MT64x64x16_MI16x16x16x1_SN_GLVWA4_GLVWB4_GRVW4_K1_SS0_SVW4_WSGRA0_WSGRB0,NO_CHECK,423.884,39.5797,,0.000976562,0.5,32,0.015625,1,0.5,0.125,263168,1024,,,,,,,,,,2026-04-19 00:04:29.
0,2/44,1/47,Contraction_l_Alik_Bjlk_Cijk_Dijk,"(1,1024,1,8192)",Cijk_Alik_Bjlk_B8B8S_BH_GB_MT64x64x16_MI16x16x16x1_SN_GLVWA8_GLVWB8_GRVW8_K1_SS0_SVW4_WSGRA0_WSGRB0,NO_CHECK,247.803,67.7038,,0.000976562,0.5,32,0.015625,1,0.5,0.125,263168,1024,,,,,,,,,,2026-04-19 00:04:29.
0,2/44,2/47,Contraction_l_Alik_Bjlk_Cijk_Dijk,"(1,1024,1,8192)",Cijk_Alik_Bjlk_B8B8S_BH_GB_MT64x64x16_MI16x16x16x1_SN_GLVWA16_GLVWB16_GRVW16_K1_SS0_SVW4_WSGRA0_WSGRB0,NO_CHECK,249.643,67.2048,,0.000976562,0.5,32,0.015625,1,0.5,0.125,263168,1024,,,,,,,,,,2026-04-19 00:04:29.
0,2/44,3/47,Contraction_l_Alik_Bjlk_Cijk_Dijk,"(1,1024,1,8192)",Cijk_Alik_Bjlk_B8B8S_BH_GB_MT64x64x16_MI16x16x16x1_SN_GLVWA4_GLVWB4_GRVW4_K1_SS0_SVW4_WSGRA1_WSGRB0,NO_CHECK,247.563,67.7695,,0.000976562,0.5,32,0.015625,1,0.5,0.125,263168,1024,,,,,,,,,,2026-04-19 00:04:29.
0,2/44,4/47,Contraction_l_Alik_Bjlk_Cijk_Dijk,"(1,1024,1,8192)",Cijk_Alik_Bjlk_B8B8S_BH_GB_MT64x64x16_MI16x16x16x1_SN_GLVWA8_GLVWB8_GRVW8_K1_SS0_SVW4_WSGRA1_WSGRB0,NO_CHECK,244.883,68.5111,,0.000976562,0.5,32,0.015625,1,0.5,0.125,263168,1024,,,,,,,,,,2026-04-19 00:04:29.
0,2/44,5/47,Contraction_l_Alik_Bjlk_Cijk_Dijk,"(1,1024,1,8192)",Cijk_Alik_Bjlk_B8B8S_BH_GB_MT64x64x16_MI16x16x16x1_SN_GLVWA16_GLVWB16_GRVW16_K1_SS0_SVW4_WSGRA1_WSGRB0,NO_CHECK,245.722,68.2772,,0.000976562,0.5,32,0.015625,1,0.5,0.125,263168,1024,,,,,,,,,,2026-04-19 00:04:29.
0,2/44,6/47,Contraction_l_Alik_Bjlk_Cijk_Dijk,"(1,1024,1,8192)",Cijk_Alik_Bjlk_B8B8S_BH_GB_MT64x64x16_MI16x16x16x1_SN_GLVWA4_GLVWB4_GRVW4_K1_SS0_SVW4_WSGRA0_WSGRB1,NO_CHECK,246.363,68.0996,,0.000976562,0.5,32,0.015625,1,0.5,0.125,263168,1024,,,,,,,,,,2026-04-19 00:04:29.
0,2/44,7/47,Contraction_l_Alik_Bjlk_Cijk_Dijk,"(1,1024,1,8192)",Cijk_Alik_Bjlk_B8B8S_BH_GB_MT64x64x16_MI16x16x16x1_SN_GLVWA8_GLVWB8_GRVW8_K1_SS0_SVW4_WSGRA0_WSGRB1,NO_CHECK,244.723,68.5559,,0.000976562,0.5,32,0.015625,1,0.5,0.125,263168,1024,,,,,,,,,,2026-04-19 00:04:29.
0,2/44,8/47,Contraction_l_Alik_Bjlk_Cijk_Dijk,"(1,1024,1,8192)",Cijk_Alik_Bjlk_B8B8S_BH_GB_MT64x64x16_MI16x16x16x1_SN_GLVWA16_GLVWB16_GRVW16_K1_SS0_SVW4_WSGRA0_WSGRB1,NO_CHECK,246.123,68.166,,0.000976562,0.5,32,0.015625,1,0.5,0.125,263168,1024,,,,,,,,,,2026-04-19 00:04:29.
0,2/44,9/47,Contraction_l_Alik_Bjlk_Cijk_Dijk,"(1,1024,1,8192)",Cijk_Alik_Bjlk_B8B8S_BH_GB_MT64x64x16_MI16x16x16x1_SN_GLVWA4_GLVWB4_GRVW4_K1_SS0_SVW4_WSGRA1_WSGRB1,NO_CHECK,247.243,67.8572,,0.000976562,0.5,32,0.015625,1,0.5,0.125,263168,1024,,,,,,,,,,2026-04-19 00:04:29.
0,2/44,10/47,Contraction_l_Alik_Bjlk_Cijk_Dijk,"(1,1024,1,8192)",Cijk_Alik_Bjlk_B8B8S_BH_GB_MT64x64x16_MI16x16x16x1_SN_GLVWA8_GLVWB8_GRVW8_K1_SS0_SVW4_WSGRA1_WSGRB1,NO_CHECK,246.962,67.9344,,0.000976562,0.5,32,0.015625,1,0.5,0.125,263168,1024,,,,,,,,,,2026-04-19 00:04:29.
0,2/44,11/47,Contraction_l_Alik_Bjlk_Cijk_Dijk,"(1,1024,1,8192)",Cijk_Alik_Bjlk_B8B8S_BH_GB_MT64x64x16_MI16x16x16x1_SN_GLVWA16_GLVWB16_GRVW16_K1_SS0_SVW4_WSGRA1_WSGRB1,NO_CHECK,247.003,67.9231,,0.000976562,0.5,32,0.015625,1,0.5,0.125,263168,1024,,,,,,,,,,2026-04-19 00:04:29.
0,2/44,12/47,Contraction_l_Alik_Bjlk_Cijk_Dijk,"(1,1024,1,8192)",Cijk_Alik_Bjlk_B8B8S_BH_GB_MT64x64x32_MI16x16x16x1_SN_GLVWA4_GLVWB4_GRVW4_K1_SS0_SVW4_WSGRA0_WSGRB0,NO_CHECK,195.922,85.6321,,0.000976562,0.5,32,0.015625,1,0.5,0.125,263168,1024,,,,,,,,,,2026-04-19 00:04:29.
0,2/44,13/47,Contraction_l_Alik_Bjlk_Cijk_Dijk,"(1,1024,1,8192)",Cijk_Alik_Bjlk_B8B8S_BH_GB_MT64x64x32_MI16x16x16x1_SN_GLVWA8_GLVWB8_GRVW8_K1_SS0_SVW4_WSGRA0_WSGRB0,NO_CHECK,193.603,86.6578,,0.000976562,0.5,32,0.015625,1,0.5,0.125,263168,1024,,,,,,,,,,2026-04-19 00:04:29.
0,2/44,14/47,Contraction_l_Alik_Bjlk_Cijk_Dijk,"(1,1024,1,8192)",Cijk_Alik_Bjlk_B8B8S_BH_GB_MT64x64x32_MI16x16x16x1_SN_GLVWA16_GLVWB16_GRVW16_K1_SS0_SVW4_WSGRA0_WSGRB0,NO_CHECK,193.643,86.6399,,0.000976562,0.5,32,0.015625,1,0.5,0.125,263168,1024,,,,,,,,,,2026-04-19 00:04:29.
0,2/44,15/47,Contraction_l_Alik_Bjlk_Cijk_Dijk,"(1,1024,1,8192)",Cijk_Alik_Bjlk_B8B8S_BH_GB_MT64x64x32_MI16x16x16x1_SN_GLVWA4_GLVWB4_GRVW4_K1_SS0_SVW4_WSGRA1_WSGRB0,NO_CHECK,196.203,85.5095,,0.000976562,0.5,32,0.015625,1,0.5,0.125,263168,1024,,,,,,,,,,2026-04-19 00:04:29.
0,2/44,16/47,Contraction_l_Alik_Bjlk_Cijk_Dijk,"(1,1024,1,8192)",Cijk_Alik_Bjlk_B8B8S_BH_GB_MT64x64x32_MI16x16x16x1_SN_GLVWA8_GLVWB8_GRVW8_K1_SS0_SVW4_WSGRA1_WSGRB0,NO_CHECK,202.883,82.694,,0.000976562,0.5,32,0.015625,1,0.5,0.125,263168,1024,,,,,,,,,,2026-04-19 00:04:29.
0,2/44,17/47,Contraction_l_Alik_Bjlk_Cijk_Dijk,"(1,1024,1,8192)",Cijk_Alik_Bjlk_B8B8S_BH_GB_MT64x64x32_MI16x16x16x1_SN_GLVWA16_GLVWB16_GRVW16_K1_SS0_SVW4_WSGRA1_WSGRB0,NO_CHECK,193.603,86.6578,,0.000976562,0.5,32,0.015625,1,0.5,0.125,263168,1024,,,,,,,,,,2026-04-19 00:04:29.
0,2/44,18/47,Contraction_l_Alik_Bjlk_Cijk_Dijk,"(1,1024,1,8192)",Cijk_Alik_Bjlk_B8B8S_BH_GB_MT64x64x32_MI16x16x16x1_SN_GLVWA4_GLVWB4_GRVW4_K1_SS0_SVW4_WSGRA0_WSGRB1,NO_CHECK,195.362,85.8776,,0.000976562,0.5,32,0.015625,1,0.5,0.125,263168,1024,,,,,,,,,,2026-04-19 00:04:29.
0,2/44,19/47,Contraction_l_Alik_Bjlk_Cijk_Dijk,"(1,1024,1,8192)",Cijk_Alik_Bjlk_B8B8S_BH_GB_MT64x64x32_MI16x16x16x1_SN_GLVWA8_GLVWB8_GRVW8_K1_SS0_SVW4_WSGRA0_WSGRB1,NO_CHECK,192.122,87.3258,,0.000976562,0.5,32,0.015625,1,0.5,0.125,263168,1024,,,,,,,,,,2026-04-19 00:04:29.
0,2/44,20/47,Contraction_l_Alik_Bjlk_Cijk_Dijk,"(1,1024,1,8192)",Cijk_Alik_Bjlk_B8B8S_BH_GB_MT64x64x32_MI16x16x16x1_SN_GLVWA16_GLVWB16_GRVW16_K1_SS0_SVW4_WSGRA0_WSGRB1,NO_CHECK,192.322,87.235,,0.000976562,0.5,32,0.015625,1,0.5,0.125,263168,1024,,,,,,,,,,2026-04-19 00:04:29.
0,2/44,21/47,Contraction_l_Alik_Bjlk_Cijk_Dijk,"(1,1024,1,8192)",Cijk_Alik_Bjlk_B8B8S_BH_GB_MT64x64x32_MI16x16x16x1_SN_GLVWA4_GLVWB4_GRVW4_K1_SS0_SVW4_WSGRA1_WSGRB1,NO_CHECK,194.562,86.2307,,0.000976562,0.5,32,0.015625,1,0.5,0.125,263168,1024,,,,,,,,,,2026-04-19 00:04:29.
0,2/44,22/47,Contraction_l_Alik_Bjlk_Cijk_Dijk,"(1,1024,1,8192)",Cijk_Alik_Bjlk_B8B8S_BH_GB_MT64x64x32_MI16x16x16x1_SN_GLVWA8_GLVWB8_GRVW8_K1_SS0_SVW4_WSGRA1_WSGRB1,NO_CHECK,194.362,86.3194,,0.000976562,0.5,32,0.015625,1,0.5,0.125,263168,1024,,,,,,,,,,2026-04-19 00:04:29.
0,2/44,23/47,Contraction_l_Alik_Bjlk_Cijk_Dijk,"(1,1024,1,8192)",Cijk_Alik_Bjlk_B8B8S_BH_GB_MT64x64x32_MI16x16x16x1_SN_GLVWA16_GLVWB16_GRVW16_K1_SS0_SVW4_WSGRA1_WSGRB1,NO_CHECK,193.762,86.5867,,0.000976562,0.5,32,0.015625,1,0.5,0.125,263168,1024,,,,,,,,,,2026-04-19 00:04:29.
0,2/44,24/47,Contraction_l_Alik_Bjlk_Cijk_Dijk,"(1,1024,1,8192)",Cijk_Alik_Bjlk_B8B8S_BH_GB_MT64x64x16_MI16x16x16x1_SN_GLVWA4_GLVWB4_GRVW4_K1_SS1_SVW1_WSGRA0_WSGRB0,NO_CHECK,246.803,67.9782,,0.000976562,0.5,32,0.015625,1,0.5,0.125,263168,1024,,,,,,,,,,2026-04-19 00:04:29.
0,2/44,25/47,Contraction_l_Alik_Bjlk_Cijk_Dijk,"(1,1024,1,8192)",Cijk_Alik_Bjlk_B8B8S_BH_GB_MT64x64x16_MI16x16x16x1_SN_GLVWA8_GLVWB8_GRVW8_K1_SS1_SVW1_WSGRA0_WSGRB0,NO_CHECK,246.723,68.0002,,0.000976562,0.5,32,0.015625,1,0.5,0.125,263168,1024,,,,,,,,,,2026-04-19 00:04:29.
0,2/44,26/47,Contraction_l_Alik_Bjlk_Cijk_Dijk,"(1,1024,1,8192)",Cijk_Alik_Bjlk_B8B8S_BH_GB_MT64x64x16_MI16x16x16x1_SN_GLVWA16_GLVWB16_GRVW16_K1_SS1_SVW1_WSGRA0_WSGRB0,NO_CHECK,247.963,67.6602,,0.000976562,0.5,32,0.015625,1,0.5,0.125,263168,1024,,,,,,,,,,2026-04-19 00:04:29.
0,2/44,27/47,Contraction_l_Alik_Bjlk_Cijk_Dijk,"(1,1024,1,8192)",Cijk_Alik_Bjlk_B8B8S_BH_GB_MT64x64x16_MI16x16x16x1_SN_GLVWA4_GLVWB4_GRVW4_K1_SS1_SVW1_WSGRA1_WSGRB0,NO_CHECK,246.962,67.9344,,0.000976562,0.5,32,0.015625,1,0.5,0.125,263168,1024,,,,,,,,,,2026-04-19 00:04:29.
0,2/44,28/47,Contraction_l_Alik_Bjlk_Cijk_Dijk,"(1,1024,1,8192)",Cijk_Alik_Bjlk_B8B8S_BH_GB_MT64x64x16_MI16x16x16x1_SN_GLVWA8_GLVWB8_GRVW8_K1_SS1_SVW1_WSGRA1_WSGRB0,NO_CHECK,249.323,67.2911,,0.000976562,0.5,32,0.015625,1,0.5,0.125,263168,1024,,,,,,,,,,2026-04-19 00:04:29.
0,2/44,29/47,Contraction_l_Alik_Bjlk_Cijk_Dijk,"(1,1024,1,8192)",Cijk_Alik_Bjlk_B8B8S_BH_GB_MT64x64x16_MI16x16x16x1_SN_GLVWA16_GLVWB16_GRVW16_K1_SS1_SVW1_WSGRA1_WSGRB0,NO_CHECK,244.883,68.5111,,0.000976562,0.5,32,0.015625,1,0.5,0.125,263168,1024,,,,,,,,,,2026-04-19 00:04:29.
0,2/44,30/47,Contraction_l_Alik_Bjlk_Cijk_Dijk,"(1,1024,1,8192)",Cijk_Alik_Bjlk_B8B8S_BH_GB_MT64x64x16_MI16x16x16x1_SN_GLVWA4_GLVWB4_GRVW4_K1_SS1_SVW1_WSGRA0_WSGRB1,NO_CHECK,246.963,67.9341,,0.000976562,0.5,32,0.015625,1,0.5,0.125,263168,1024,,,,,,,,,,2026-04-19 00:04:29.
0,2/44,31/47,Contraction_l_Alik_Bjlk_Cijk_Dijk,"(1,1024,1,8192)",Cijk_Alik_Bjlk_B8B8S_BH_GB_MT64x64x16_MI16x16x16x1_SN_GLVWA8_GLVWB8_GRVW8_K1_SS1_SVW1_WSGRA0_WSGRB1,NO_CHECK,246.963,67.9341,,0.000976562,0.5,32,0.015625,1,0.5,0.125,263168,1024,,,,,,,,,,2026-04-19 00:04:29.
0,2/44,32/47,Contraction_l_Alik_Bjlk_Cijk_Dijk,"(1,1024,1,8192)",Cijk_Alik_Bjlk_B8B8S_BH_GB_MT64x64x16_MI16x16x16x1_SN_GLVWA16_GLVWB16_GRVW16_K1_SS1_SVW1_WSGRA0_WSGRB1,NO_CHECK,246.923,67.9451,,0.000976562,0.5,32,0.015625,1,0.5,0.125,263168,1024,,,,,,,,,,2026-04-19 00:04:29.
0,2/44,33/47,Contraction_l_Alik_Bjlk_Cijk_Dijk,"(1,1024,1,8192)",Cijk_Alik_Bjlk_B8B8S_BH_GB_MT64x64x16_MI16x16x16x1_SN_GLVWA4_GLVWB4_GRVW4_K1_SS1_SVW1_WSGRA1_WSGRB1,NO_CHECK,248.363,67.5512,,0.000976562,0.5,32,0.015625,1,0.5,0.125,263168,1024,,,,,,,,,,2026-04-19 00:04:29.
0,2/44,34/47,Contraction_l_Alik_Bjlk_Cijk_Dijk,"(1,1024,1,8192)",Cijk_Alik_Bjlk_B8B8S_BH_GB_MT64x64x16_MI16x16x16x1_SN_GLVWA8_GLVWB8_GRVW8_K1_SS1_SVW1_WSGRA1_WSGRB1,NO_CHECK,247.802,67.7041,,0.000976562,0.5,32,0.015625,1,0.5,0.125,263168,1024,,,,,,,,,,2026-04-19 00:04:29.
0,2/44,35/47,Contraction_l_Alik_Bjlk_Cijk_Dijk,"(1,1024,1,8192)",Cijk_Alik_Bjlk_B8B8S_BH_GB_MT64x64x16_MI16x16x16x1_SN_GLVWA16_GLVWB16_GRVW16_K1_SS1_SVW1_WSGRA1_WSGRB1,NO_CHECK,246.683,68.0112,,0.000976562,0.5,32,0.015625,1,0.5,0.125,263168,1024,,,,,,,,,,2026-04-19 00:04:29.
0,2/44,36/47,Contraction_l_Alik_Bjlk_Cijk_Dijk,"(1,1024,1,8192)",Cijk_Alik_Bjlk_B8B8S_BH_GB_MT64x64x32_MI16x16x16x1_SN_GLVWA4_GLVWB4_GRVW4_K1_SS1_SVW1_WSGRA0_WSGRB0,NO_CHECK,197.282,85.0418,,0.000976562,0.5,32,0.015625,1,0.5,0.125,263168,1024,,,,,,,,,,2026-04-19 00:04:29.
0,2/44,37/47,Contraction_l_Alik_Bjlk_Cijk_Dijk,"(1,1024,1,8192)",Cijk_Alik_Bjlk_B8B8S_BH_GB_MT64x64x32_MI16x16x16x1_SN_GLVWA8_GLVWB8_GRVW8_K1_SS1_SVW1_WSGRA0_WSGRB0,NO_CHECK,195.002,86.0361,,0.000976562,0.5,32,0.015625,1,0.5,0.125,263168,1024,,,,,,,,,,2026-04-19 00:04:29.
0,2/44,38/47,Contraction_l_Alik_Bjlk_Cijk_Dijk,"(1,1024,1,8192)",Cijk_Alik_Bjlk_B8B8S_BH_GB_MT64x64x32_MI16x16x16x1_SN_GLVWA16_GLVWB16_GRVW16_K1_SS1_SVW1_WSGRA0_WSGRB0,NO_CHECK,194.242,86.3728,,0.000976562,0.5,32,0.015625,1,0.5,0.125,263168,1024,,,,,,,,,,2026-04-19 00:04:29.
0,2/44,39/47,Contraction_l_Alik_Bjlk_Cijk_Dijk,"(1,1024,1,8192)",Cijk_Alik_Bjlk_B8B8S_BH_GB_MT64x64x32_MI16x16x16x1_SN_GLVWA4_GLVWB4_GRVW4_K1_SS1_SVW1_WSGRA1_WSGRB0,NO_CHECK,195.802,85.6846,,0.000976562,0.5,32,0.015625,1,0.5,0.125,263168,1024,,,,,,,,,,2026-04-19 00:04:29.
0,2/44,40/47,Contraction_l_Alik_Bjlk_Cijk_Dijk,"(1,1024,1,8192)",Cijk_Alik_Bjlk_B8B8S_BH_GB_MT64x64x32_MI16x16x16x1_SN_GLVWA8_GLVWB8_GRVW8_K1_SS1_SVW1_WSGRA1_WSGRB0,NO_CHECK,193.722,86.6046,,0.000976562,0.5,32,0.015625,1,0.5,0.125,263168,1024,,,,,,,,,,2026-04-19 00:04:29.
0,2/44,41/47,Contraction_l_Alik_Bjlk_Cijk_Dijk,"(1,1024,1,8192)",Cijk_Alik_Bjlk_B8B8S_BH_GB_MT64x64x32_MI16x16x16x1_SN_GLVWA16_GLVWB16_GRVW16_K1_SS1_SVW1_WSGRA1_WSGRB0,NO_CHECK,191.922,87.4168,,0.000976562,0.5,32,0.015625,1,0.5,0.125,263168,1024,,,,,,,,,,2026-04-19 00:04:29.
0,2/44,42/47,Contraction_l_Alik_Bjlk_Cijk_Dijk,"(1,1024,1,8192)",Cijk_Alik_Bjlk_B8B8S_BH_GB_MT64x64x32_MI16x16x16x1_SN_GLVWA4_GLVWB4_GRVW4_K1_SS1_SVW1_WSGRA0_WSGRB1,NO_CHECK,196.842,85.2319,,0.000976562,0.5,32,0.015625,1,0.5,0.125,263168,1024,,,,,,,,,,2026-04-19 00:04:29.
0,2/44,43/47,Contraction_l_Alik_Bjlk_Cijk_Dijk,"(1,1024,1,8192)",Cijk_Alik_Bjlk_B8B8S_BH_GB_MT64x64x32_MI16x16x16x1_SN_GLVWA8_GLVWB8_GRVW8_K1_SS1_SVW1_WSGRA0_WSGRB1,NO_CHECK,194.762,86.1421,,0.000976562,0.5,32,0.015625,1,0.5,0.125,263168,1024,,,,,,,,,,2026-04-19 00:04:29.
0,2/44,44/47,Contraction_l_Alik_Bjlk_Cijk_Dijk,"(1,1024,1,8192)",Cijk_Alik_Bjlk_B8B8S_BH_GB_MT64x64x32_MI16x16x16x1_SN_GLVWA16_GLVWB16_GRVW16_K1_SS1_SVW1_WSGRA0_WSGRB1,NO_CHECK,194.602,86.213,,0.000976562,0.5,32,0.015625,1,0.5,0.125,263168,1024,,,,,,,,,,2026-04-19 00:04:29.
0,2/44,45/47,Contraction_l_Alik_Bjlk_Cijk_Dijk,"(1,1024,1,8192)",Cijk_Alik_Bjlk_B8B8S_BH_GB_MT64x64x32_MI16x16x16x1_SN_GLVWA4_GLVWB4_GRVW4_K1_SS1_SVW1_WSGRA1_WSGRB1,NO_CHECK,196.282,85.4751,,0.000976562,0.5,32,0.015625,1,0.5,0.125,263168,1024,,,,,,,,,,2026-04-19 00:04:29.
0,2/44,46/47,Contraction_l_Alik_Bjlk_Cijk_Dijk,"(1,1024,1,8192)",Cijk_Alik_Bjlk_B8B8S_BH_GB_MT64x64x32_MI16x16x16x1_SN_GLVWA8_GLVWB8_GRVW8_K1_SS1_SVW1_WSGRA1_WSGRB1,NO_CHECK,193.362,86.7658,,0.000976562,0.5,32,0.015625,1,0.5,0.125,263168,1024,,,,,,,,,,2026-04-19 00:04:29.
0,2/44,47/47,Contraction_l_Alik_Bjlk_Cijk_Dijk,"(1,1024,1,8192)",Cijk_Alik_Bjlk_B8B8S_BH_GB_MT64x64x32_MI16x16x16x1_SN_GLVWA16_GLVWB16_GRVW16_K1_SS1_SVW1_WSGRA1_WSGRB1,NO_CHECK,192.202,87.2895,,0.000976562,0.5,32,0.015625,1,0.5,0.125,263168,1024,,,,,,,,,,2026-04-19 00:04:29.
0,3/44,0/47,Contraction_l_Alik_Bjlk_Cijk_Dijk,"(1,4096,1,1024)",Cijk_Alik_Bjlk_B8B8S_BH_GB_MT64x64x16_MI16x16x16x1_SN_GLVWA4_GLVWB4_GRVW4_K1_SS0_SVW4_WSGRA0_WSGRB0,NO_CHECK,60.001,139.808,,0.00585938,2,32,0.015625,1,1,0.375,135168,4096,,,,,,,,,,2026-04-19 00:04:29.
0,3/44,1/47,Contraction_l_Alik_Bjlk_Cijk_Dijk,"(1,4096,1,1024)",Cijk_Alik_Bjlk_B8B8S_BH_GB_MT64x64x16_MI16x16x16x1_SN_GLVWA8_GLVWB8_GRVW8_K1_SS0_SVW4_WSGRA0_WSGRB0,NO_CHECK,51.121,164.093,,0.00585938,2,32,0.015625,1,1,0.375,135168,4096,,,,,,,,,,2026-04-19 00:04:29.
0,3/44,2/47,Contraction_l_Alik_Bjlk_Cijk_Dijk,"(1,4096,1,1024)",Cijk_Alik_Bjlk_B8B8S_BH_GB_MT64x64x16_MI16x16x16x1_SN_GLVWA16_GLVWB16_GRVW16_K1_SS0_SVW4_WSGRA0_WSGRB0,NO_CHECK,52.76,158.996,,0.00585938,2,32,0.015625,1,1,0.375,135168,4096,,,,,,,,,,2026-04-19 00:04:29.
0,3/44,3/47,Contraction_l_Alik_Bjlk_Cijk_Dijk,"(1,4096,1,1024)",Cijk_Alik_Bjlk_B8B8S_BH_GB_MT64x64x16_MI16x16x16x1_SN_GLVWA4_GLVWB4_GRVW4_K1_SS0_SVW4_WSGRA1_WSGRB0,NO_CHECK,51.801,161.939,,0.00585938,2,32,0.015625,1,1,0.375,135168,4096,,,,,,,,,,2026-04-19 00:04:29.
0,3/44,4/47,Contraction_l_Alik_Bjlk_Cijk_Dijk,"(1,4096,1,1024)",Cijk_Alik_Bjlk_B8B8S_BH_GB_MT64x64x16_MI16x16x16x1_SN_GLVWA8_GLVWB8_GRVW8_K1_SS0_SVW4_WSGRA1_WSGRB0,NO_CHECK,51.561,162.693,,0.00585938,2,32,0.015625,1,1,0.375,135168,4096,,,,,,,,,,2026-04-19 00:04:29.
0,3/44,5/47,Contraction_l_Alik_Bjlk_Cijk_Dijk,"(1,4096,1,1024)",Cijk_Alik_Bjlk_B8B8S_BH_GB_MT64x64x16_MI16x16x16x1_SN_GLVWA16_GLVWB16_GRVW16_K1_SS0_SVW4_WSGRA1_WSGRB0,NO_CHECK,51.56,162.696,,0.00585938,2,32,0.015625,1,1,0.375,135168,4096,,,,,,,,,,2026-04-19 00:04:29.
0,3/44,6/47,Contraction_l_Alik_Bjlk_Cijk_Dijk,"(1,4096,1,1024)",Cijk_Alik_Bjlk_B8B8S_BH_GB_MT64x64x16_MI16x16x16x1_SN_GLVWA4_GLVWB4_GRVW4_K1_SS0_SVW4_WSGRA0_WSGRB1,NO_CHECK,52.801,158.872,,0.00585938,2,32,0.015625,1,1,0.375,135168,4096,,,,,,,,,,2026-04-19 00:04:29.
0,3/44,7/47,Contraction_l_Alik_Bjlk_Cijk_Dijk,"(1,4096,1,1024)",Cijk_Alik_Bjlk_B8B8S_BH_GB_MT64x64x16_MI16x16x16x1_SN_GLVWA8_GLVWB8_GRVW8_K1_SS0_SVW4_WSGRA0_WSGRB1,NO_CHECK,51.881,161.689,,0.00585938,2,32,0.015625,1,1,0.375,135168,4096,,,,,,,,,,2026-04-19 00:04:29.
0,3/44,8/47,Contraction_l_Alik_Bjlk_Cijk_Dijk,"(1,4096,1,1024)",Cijk_Alik_Bjlk_B8B8S_BH_GB_MT64x64x16_MI16x16x16x1_SN_GLVWA16_GLVWB16_GRVW16_K1_SS0_SVW4_WSGRA0_WSGRB1,NO_CHECK,51.48,162.949,,0.00585938,2,32,0.015625,1,1,0.375,135168,4096,,,,,,,,,,2026-04-19 00:04:29.
0,3/44,9/47,Contraction_l_Alik_Bjlk_Cijk_Dijk,"(1,4096,1,1024)",Cijk_Alik_Bjlk_B8B8S_BH_GB_MT64x64x16_MI16x16x16x1_SN_GLVWA4_GLVWB4_GRVW4_K1_SS0_SVW4_WSGRA1_WSGRB1,NO_CHECK,52.041,161.192,,0.00585938,2,32,0.015625,1,1,0.375,135168,4096,,,,,,,,,,2026-04-19 00:04:29.
0,3/44,10/47,Contraction_l_Alik_Bjlk_Cijk_Dijk,"(1,4096,1,1024)",Cijk_Alik_Bjlk_B8B8S_BH_GB_MT64x64x16_MI16x16x16x1_SN_GLVWA8_GLVWB8_GRVW8_K1_SS0_SVW4_WSGRA1_WSGRB1,NO_CHECK,52.761,158.993,,0.00585938,2,32,0.015625,1,1,0.375,135168,4096,,,,,,,,,,2026-04-19 00:04:29.
0,3/44,11/47,Contraction_l_Alik_Bjlk_Cijk_Dijk,"(1,4096,1,1024)",Cijk_Alik_Bjlk_B8B8S_BH_GB_MT64x64x16_MI16x16x16x1_SN_GLVWA16_GLVWB16_GRVW16_K1_SS0_SVW4_WSGRA1_WSGRB1,NO_CHECK,51.52,162.822,,0.00585938,2,32,0.015625,1,1,0.375,135168,4096,,,,,,,,,,2026-04-19 00:04:29.
0,3/44,12/47,Contraction_l_Alik_Bjlk_Cijk_Dijk,"(1,4096,1,1024)",Cijk_Alik_Bjlk_B8B8S_BH_GB_MT64x64x32_MI16x16x16x1_SN_GLVWA4_GLVWB4_GRVW4_K1_SS0_SVW4_WSGRA0_WSGRB0,NO_CHECK,48.081,174.468,,0.00585938,2,32,0.015625,1,1,0.375,135168,4096,,,,,,,,,,2026-04-19 00:04:29.
0,3/44,13/47,Contraction_l_Alik_Bjlk_Cijk_Dijk,"(1,4096,1,1024)",Cijk_Alik_Bjlk_B8B8S_BH_GB_MT64x64x32_MI16x16x16x1_SN_GLVWA8_GLVWB8_GRVW8_K1_SS0_SVW4_WSGRA0_WSGRB0,NO_CHECK,46.161,181.725,,0.00585938,2,32,0.015625,1,1,0.375,135168,4096,,,,,,,,,,2026-04-19 00:04:29.
0,3/44,14/47,Contraction_l_Alik_Bjlk_Cijk_Dijk,"(1,4096,1,1024)",Cijk_Alik_Bjlk_B8B8S_BH_GB_MT64x64x32_MI16x16x16x1_SN_GLVWA16_GLVWB16_GRVW16_K1_SS0_SVW4_WSGRA0_WSGRB0,NO_CHECK,46.361,180.941,,0.00585938,2,32,0.015625,1,1,0.375,135168,4096,,,,,,,,,,2026-04-19 00:04:29.
0,3/44,15/47,Contraction_l_Alik_Bjlk_Cijk_Dijk,"(1,4096,1,1024)",Cijk_Alik_Bjlk_B8B8S_BH_GB_MT64x64x32_MI16x16x16x1_SN_GLVWA4_GLVWB4_GRVW4_K1_SS0_SVW4_WSGRA1_WSGRB0,NO_CHECK,46.88,178.938,,0.00585938,2,32,0.015625,1,1,0.375,135168,4096,,,,,,,,,,2026-04-19 00:04:29.
0,3/44,16/47,Contraction_l_Alik_Bjlk_Cijk_Dijk,"(1,4096,1,1024)",Cijk_Alik_Bjlk_B8B8S_BH_GB_MT64x64x32_MI16x16x16x1_SN_GLVWA8_GLVWB8_GRVW8_K1_SS0_SVW4_WSGRA1_WSGRB0,NO_CHECK,47.081,178.174,,0.00585938,2,32,0.015625,1,1,0.375,135168,4096,,,,,,,,,,2026-04-19 00:04:29.
0,3/44,17/47,Contraction_l_Alik_Bjlk_Cijk_Dijk,"(1,4096,1,1024)",Cijk_Alik_Bjlk_B8B8S_BH_GB_MT64x64x32_MI16x16x16x1_SN_GLVWA16_GLVWB16_GRVW16_K1_SS0_SVW4_WSGRA1_WSGRB0,NO_CHECK,45.681,183.635,,0.00585938,2,32,0.015625,1,1,0.375,135168,4096,,,,,,,,,,2026-04-19 00:04:29.
0,3/44,18/47,Contraction_l_Alik_Bjlk_Cijk_Dijk,"(1,4096,1,1024)",Cijk_Alik_Bjlk_B8B8S_BH_GB_MT64x64x32_MI16x16x16x1_SN_GLVWA4_GLVWB4_GRVW4_K1_SS0_SVW4_WSGRA0_WSGRB1,NO_CHECK,46.76,179.397,,0.00585938,2,32,0.015625,1,1,0.375,135168,4096,,,,,,,,,,2026-04-19 00:04:29.
0,3/44,19/47,Contraction_l_Alik_Bjlk_Cijk_Dijk,"(1,4096,1,1024)",Cijk_Alik_Bjlk_B8B8S_BH_GB_MT64x64x32_MI16x16x16x1_SN_GLVWA8_GLVWB8_GRVW8_K1_SS0_SVW4_WSGRA0_WSGRB1,NO_CHECK,47,178.481,,0.00585938,2,32,0.015625,1,1,0.375,135168,4096,,,,,,,,,,2026-04-19 00:04:29.
0,3/44,20/47,Contraction_l_Alik_Bjlk_Cijk_Dijk,"(1,4096,1,1024)",Cijk_Alik_Bjlk_B8B8S_BH_GB_MT64x64x32_MI16x16x16x1_SN_GLVWA16_GLVWB16_GRVW16_K1_SS0_SVW4_WSGRA0_WSGRB1,NO_CHECK,45.041,186.244,,0.00585938,2,32,0.015625,1,1,0.375,135168,4096,,,,,,,,,,2026-04-19 00:04:29.
0,3/44,21/47,Contraction_l_Alik_Bjlk_Cijk_Dijk,"(1,4096,1,1024)",Cijk_Alik_Bjlk_B8B8S_BH_GB_MT64x64x32_MI16x16x16x1_SN_GLVWA4_GLVWB4_GRVW4_K1_SS0_SVW4_WSGRA1_WSGRB1,NO_CHECK,47.601,176.228,,0.00585938,2,32,0.015625,1,1,0.375,135168,4096,,,,,,,,,,2026-04-19 00:04:29.
0,3/44,22/47,Contraction_l_Alik_Bjlk_Cijk_Dijk,"(1,4096,1,1024)",Cijk_Alik_Bjlk_B8B8S_BH_GB_MT64x64x32_MI16x16x16x1_SN_GLVWA8_GLVWB8_GRVW8_K1_SS0_SVW4_WSGRA1_WSGRB1,NO_CHECK,46.96,178.633,,0.00585938,2,32,0.015625,1,1,0.375,135168,4096,,,,,,,,,,2026-04-19 00:04:29.
0,3/44,23/47,Contraction_l_Alik_Bjlk_Cijk_Dijk,"(1,4096,1,1024)",Cijk_Alik_Bjlk_B8B8S_BH_GB_MT64x64x32_MI16x16x16x1_SN_GLVWA16_GLVWB16_GRVW16_K1_SS0_SVW4_WSGRA1_WSGRB1,NO_CHECK,46.08,182.044,,0.00585938,2,32,0.015625,1,1,0.375,135168,4096,,,,,,,,,,2026-04-19 00:04:29.
0,3/44,24/47,Contraction_l_Alik_Bjlk_Cijk_Dijk,"(1,4096,1,1024)",Cijk_Alik_Bjlk_B8B8S_BH_GB_MT64x64x16_MI16x16x16x1_SN_GLVWA4_GLVWB4_GRVW4_K1_SS1_SVW1_WSGRA0_WSGRB0,NO_CHECK,53.361,157.205,,0.00585938,2,32,0.015625,1,1,0.375,135168,4096,,,,,,,,,,2026-04-19 00:04:29.
0,3/44,25/47,Contraction_l_Alik_Bjlk_Cijk_Dijk,"(1,4096,1,1024)",Cijk_Alik_Bjlk_B8B8S_BH_GB_MT64x64x16_MI16x16x16x1_SN_GLVWA8_GLVWB8_GRVW8_K1_SS1_SVW1_WSGRA0_WSGRB0,NO_CHECK,51.441,163.072,,0.00585938,2,32,0.015625,1,1,0.375,135168,4096,,,,,,,,,,2026-04-19 00:04:29.
0,3/44,26/47,Contraction_l_Alik_Bjlk_Cijk_Dijk,"(1,4096,1,1024)",Cijk_Alik_Bjlk_B8B8S_BH_GB_MT64x64x16_MI16x16x16x1_SN_GLVWA16_GLVWB16_GRVW16_K1_SS1_SVW1_WSGRA0_WSGRB0,NO_CHECK,52.12,160.948,,0.00585938,2,32,0.015625,1,1,0.375,135168,4096,,,,,,,,,,2026-04-19 00:04:29.
0,3/44,27/47,Contraction_l_Alik_Bjlk_Cijk_Dijk,"(1,4096,1,1024)",Cijk_Alik_Bjlk_B8B8S_BH_GB_MT64x64x16_MI16x16x16x1_SN_GLVWA4_GLVWB4_GRVW4_K1_SS1_SVW1_WSGRA1_WSGRB0,NO_CHECK,53,158.276,,0.00585938,2,32,0.015625,1,1,0.375,135168,4096,,,,,,,,,,2026-04-19 00:04:29.
0,3/44,28/47,Contraction_l_Alik_Bjlk_Cijk_Dijk,"(1,4096,1,1024)",Cijk_Alik_Bjlk_B8B8S_BH_GB_MT64x64x16_MI16x16x16x1_SN_GLVWA8_GLVWB8_GRVW8_K1_SS1_SVW1_WSGRA1_WSGRB0,NO_CHECK,52.161,160.821,,0.00585938,2,32,0.015625,1,1,0.375,135168,4096,,,,,,,,,,2026-04-19 00:04:29.
0,3/44,29/47,Contraction_l_Alik_Bjlk_Cijk_Dijk,"(1,4096,1,1024)",Cijk_Alik_Bjlk_B8B8S_BH_GB_MT64x64x16_MI16x16x16x1_SN_GLVWA16_GLVWB16_GRVW16_K1_SS1_SVW1_WSGRA1_WSGRB0,NO_CHECK,53.12,157.918,,0.00585938,2,32,0.015625,1,1,0.375,135168,4096,,,,,,,,,,2026-04-19 00:04:29.
0,3/44,30/47,Contraction_l_Alik_Bjlk_Cijk_Dijk,"(1,4096,1,1024)",Cijk_Alik_Bjlk_B8B8S_BH_GB_MT64x64x16_MI16x16x16x1_SN_GLVWA4_GLVWB4_GRVW4_K1_SS1_SVW1_WSGRA0_WSGRB1,NO_CHECK,52.56,159.601,,0.00585938,2,32,0.015625,1,1,0.375,135168,4096,,,,,,,,,,2026-04-19 00:04:29.
0,3/44,31/47,Contraction_l_Alik_Bjlk_Cijk_Dijk,"(1,4096,1,1024)",Cijk_Alik_Bjlk_B8B8S_BH_GB_MT64x64x16_MI16x16x16x1_SN_GLVWA8_GLVWB8_GRVW8_K1_SS1_SVW1_WSGRA0_WSGRB1,NO_CHECK,53.241,157.559,,0.00585938,2,32,0.015625,1,1,0.375,135168,4096,,,,,,,,,,2026-04-19 00:04:29.
0,3/44,32/47,Contraction_l_Alik_Bjlk_Cijk_Dijk,"(1,4096,1,1024)",Cijk_Alik_Bjlk_B8B8S_BH_GB_MT64x64x16_MI16x16x16x1_SN_GLVWA16_GLVWB16_GRVW16_K1_SS1_SVW1_WSGRA0_WSGRB1,NO_CHECK,60.32,139.068,,0.00585938,2,32,0.015625,1,1,0.375,135168,4096,,,,,,,,,,2026-04-19 00:04:29.
0,3/44,33/47,Contraction_l_Alik_Bjlk_Cijk_Dijk,"(1,4096,1,1024)",Cijk_Alik_Bjlk_B8B8S_BH_GB_MT64x64x16_MI16x16x16x1_SN_GLVWA4_GLVWB4_GRVW4_K1_SS1_SVW1_WSGRA1_WSGRB1,NO_CHECK,52.361,160.207,,0.00585938,2,32,0.015625,1,1,0.375,135168,4096,,,,,,,,,,2026-04-19 00:04:29.
0,3/44,34/47,Contraction_l_Alik_Bjlk_Cijk_Dijk,"(1,4096,1,1024)",Cijk_Alik_Bjlk_B8B8S_BH_GB_MT64x64x16_MI16x16x16x1_SN_GLVWA8_GLVWB8_GRVW8_K1_SS1_SVW1_WSGRA1_WSGRB1,NO_CHECK,52.121,160.945,,0.00585938,2,32,0.015625,1,1,0.375,135168,4096,,,,,,,,,,2026-04-19 00:04:29.
0,3/44,35/47,Contraction_l_Alik_Bjlk_Cijk_Dijk,"(1,4096,1,1024)",Cijk_Alik_Bjlk_B8B8S_BH_GB_MT64x64x16_MI16x16x16x1_SN_GLVWA16_GLVWB16_GRVW16_K1_SS1_SVW1_WSGRA1_WSGRB1,NO_CHECK,52.92,158.515,,0.00585938,2,32,0.015625,1,1,0.375,135168,4096,,,,,,,,,,2026-04-19 00:04:29.
0,3/44,36/47,Contraction_l_Alik_Bjlk_Cijk_Dijk,"(1,4096,1,1024)",Cijk_Alik_Bjlk_B8B8S_BH_GB_MT64x64x32_MI16x16x16x1_SN_GLVWA4_GLVWB4_GRVW4_K1_SS1_SVW1_WSGRA0_WSGRB0,NO_CHECK,46.561,180.164,,0.00585938,2,32,0.015625,1,1,0.375,135168,4096,,,,,,,,,,2026-04-19 00:04:29.
0,3/44,37/47,Contraction_l_Alik_Bjlk_Cijk_Dijk,"(1,4096,1,1024)",Cijk_Alik_Bjlk_B8B8S_BH_GB_MT64x64x32_MI16x16x16x1_SN_GLVWA8_GLVWB8_GRVW8_K1_SS1_SVW1_WSGRA0_WSGRB0,NO_CHECK,47.121,178.023,,0.00585938,2,32,0.015625,1,1,0.375,135168,4096,,,,,,,,,,2026-04-19 00:04:29.
0,3/44,38/47,Contraction_l_Alik_Bjlk_Cijk_Dijk,"(1,4096,1,1024)",Cijk_Alik_Bjlk_B8B8S_BH_GB_MT64x64x32_MI16x16x16x1_SN_GLVWA16_GLVWB16_GRVW16_K1_SS1_SVW1_WSGRA0_WSGRB0,NO_CHECK,45.841,182.994,,0.00585938,2,32,0.015625,1,1,0.375,135168,4096,,,,,,,,,,2026-04-19 00:04:29.
0,3/44,39/47,Contraction_l_Alik_Bjlk_Cijk_Dijk,"(1,4096,1,1024)",Cijk_Alik_Bjlk_B8B8S_BH_GB_MT64x64x32_MI16x16x16x1_SN_GLVWA4_GLVWB4_GRVW4_K1_SS1_SVW1_WSGRA1_WSGRB0,NO_CHECK,48.16,174.182,,0.00585938,2,32,0.015625,1,1,0.375,135168,4096,,,,,,,,,,2026-04-19 00:04:29.
0,3/44,40/47,Contraction_l_Alik_Bjlk_Cijk_Dijk,"(1,4096,1,1024)",Cijk_Alik_Bjlk_B8B8S_BH_GB_MT64x64x32_MI16x16x16x1_SN_GLVWA8_GLVWB8_GRVW8_K1_SS1_SVW1_WSGRA1_WSGRB0,NO_CHECK,47.28,177.424,,0.00585938,2,32,0.015625,1,1,0.375,135168,4096,,,,,,,,,,2026-04-19 00:04:29.
0,3/44,41/47,Contraction_l_Alik_Bjlk_Cijk_Dijk,"(1,4096,1,1024)",Cijk_Alik_Bjlk_B8B8S_BH_GB_MT64x64x32_MI16x16x16x1_SN_GLVWA16_GLVWB16_GRVW16_K1_SS1_SVW1_WSGRA1_WSGRB0,NO_CHECK,45.881,182.834,,0.00585938,2,32,0.015625,1,1,0.375,135168,4096,,,,,,,,,,2026-04-19 00:04:29.
0,3/44,42/47,Contraction_l_Alik_Bjlk_Cijk_Dijk,"(1,4096,1,1024)",Cijk_Alik_Bjlk_B8B8S_BH_GB_MT64x64x32_MI16x16x16x1_SN_GLVWA4_GLVWB4_GRVW4_K1_SS1_SVW1_WSGRA0_WSGRB1,NO_CHECK,48.361,173.458,,0.00585938,2,32,0.015625,1,1,0.375,135168,4096,,,,,,,,,,2026-04-19 00:04:29.
0,3/44,43/47,Contraction_l_Alik_Bjlk_Cijk_Dijk,"(1,4096,1,1024)",Cijk_Alik_Bjlk_B8B8S_BH_GB_MT64x64x32_MI16x16x16x1_SN_GLVWA8_GLVWB8_GRVW8_K1_SS1_SVW1_WSGRA0_WSGRB1,NO_CHECK,46.44,180.633,,0.00585938,2,32,0.015625,1,1,0.375,135168,4096,,,,,,,,,,2026-04-19 00:04:29.
0,3/44,44/47,Contraction_l_Alik_Bjlk_Cijk_Dijk,"(1,4096,1,1024)",Cijk_Alik_Bjlk_B8B8S_BH_GB_MT64x64x32_MI16x16x16x1_SN_GLVWA16_GLVWB16_GRVW16_K1_SS1_SVW1_WSGRA0_WSGRB1,NO_CHECK,46.88,178.938,,0.00585938,2,32,0.015625,1,1,0.375,135168,4096,,,,,,,,,,2026-04-19 00:04:29.
0,3/44,45/47,Contraction_l_Alik_Bjlk_Cijk_Dijk,"(1,4096,1,1024)",Cijk_Alik_Bjlk_B8B8S_BH_GB_MT64x64x32_MI16x16x16x1_SN_GLVWA4_GLVWB4_GRVW4_K1_SS1_SVW1_WSGRA1_WSGRB1,NO_CHECK,47.361,177.121,,0.00585938,2,32,0.015625,1,1,0.375,135168,4096,,,,,,,,,,2026-04-19 00:04:29.
0,3/44,46/47,Contraction_l_Alik_Bjlk_Cijk_Dijk,"(1,4096,1,1024)",Cijk_Alik_Bjlk_B8B8S_BH_GB_MT64x64x32_MI16x16x16x1_SN_GLVWA8_GLVWB8_GRVW8_K1_SS1_SVW1_WSGRA1_WSGRB1,NO_CHECK,46.961,178.629,,0.00585938,2,32,0.015625,1,1,0.375,135168,4096,,,,,,,,,,2026-04-19 00:04:29.
0,3/44,47/47,Contraction_l_Alik_Bjlk_Cijk_Dijk,"(1,4096,1,1024)",Cijk_Alik_Bjlk_B8B8S_BH_GB_MT64x64x32_MI16x16x16x1_SN_GLVWA16_GLVWB16_GRVW16_K1_SS1_SVW1_WSGRA1_WSGRB1,NO_CHECK,47.4,176.975,,0.00585938,2,32,0.015625,1,1,0.375,135168,4096,,,,,,,,,,2026-04-19 00:04:29.
0,4/44,0/47,Contraction_l_Alik_Bjlk_Cijk_Dijk,"(1,4096,1,4096)",Cijk_Alik_Bjlk_B8B8S_BH_GB_MT64x64x16_MI16x16x16x1_SN_GLVWA4_GLVWB4_GRVW4_K1_SS0_SVW4_WSGRA0_WSGRB0,NO_CHECK,277.364,120.976,,0.00585938,2,32,0.015625,1,1,0.375,528384,4096,,,,,,,,,,2026-04-19 00:04:29.
0,4/44,1/47,Contraction_l_Alik_Bjlk_Cijk_Dijk,"(1,4096,1,4096)",Cijk_Alik_Bjlk_B8B8S_BH_GB_MT64x64x16_MI16x16x16x1_SN_GLVWA8_GLVWB8_GRVW8_K1_SS0_SVW4_WSGRA0_WSGRB0,NO_CHECK,136.801,245.279,,0.00585938,2,32,0.015625,1,1,0.375,528384,4096,,,,,,,,,,2026-04-19 00:04:29.
0,4/44,2/47,Contraction_l_Alik_Bjlk_Cijk_Dijk,"(1,4096,1,4096)",Cijk_Alik_Bjlk_B8B8S_BH_GB_MT64x64x16_MI16x16x16x1_SN_GLVWA16_GLVWB16_GRVW16_K1_SS0_SVW4_WSGRA0_WSGRB0,NO_CHECK,135.882,246.938,,0.00585938,2,32,0.015625,1,1,0.375,528384,4096,,,,,,,,,,2026-04-19 00:04:29.
0,4/44,3/47,Contraction_l_Alik_Bjlk_Cijk_Dijk,"(1,4096,1,4096)",Cijk_Alik_Bjlk_B8B8S_BH_GB_MT64x64x16_MI16x16x16x1_SN_GLVWA4_GLVWB4_GRVW4_K1_SS0_SVW4_WSGRA1_WSGRB0,NO_CHECK,138.202,242.793,,0.00585938,2,32,0.015625,1,1,0.375,528384,4096,,,,,,,,,,2026-04-19 00:04:29.
0,4/44,4/47,Contraction_l_Alik_Bjlk_Cijk_Dijk,"(1,4096,1,4096)",Cijk_Alik_Bjlk_B8B8S_BH_GB_MT64x64x16_MI16x16x16x1_SN_GLVWA8_GLVWB8_GRVW8_K1_SS0_SVW4_WSGRA1_WSGRB0,NO_CHECK,135.601,247.45,,0.00585938,2,32,0.015625,1,1,0.375,528384,4096,,,,,,,,,,2026-04-19 00:04:29.
0,4/44,5/47,Contraction_l_Alik_Bjlk_Cijk_Dijk,"(1,4096,1,4096)",Cijk_Alik_Bjlk_B8B8S_BH_GB_MT64x64x16_MI16x16x16x1_SN_GLVWA16_GLVWB16_GRVW16_K1_SS0_SVW4_WSGRA1_WSGRB0,NO_CHECK,136.162,246.43,,0.00585938,2,32,0.015625,1,1,0.375,528384,4096,,,,,,,,,,2026-04-19 00:04:29.
0,4/44,6/47,Contraction_l_Alik_Bjlk_Cijk_Dijk,"(1,4096,1,4096)",Cijk_Alik_Bjlk_B8B8S_BH_GB_MT64x64x16_MI16x16x16x1_SN_GLVWA4_GLVWB4_GRVW4_K1_SS0_SVW4_WSGRA0_WSGRB1,NO_CHECK,137.762,243.568,,0.00585938,2,32,0.015625,1,1,0.375,528384,4096,,,,,,,,,,2026-04-19 00:04:29.
0,4/44,7/47,Contraction_l_Alik_Bjlk_Cijk_Dijk,"(1,4096,1,4096)",Cijk_Alik_Bjlk_B8B8S_BH_GB_MT64x64x16_MI16x16x16x1_SN_GLVWA8_GLVWB8_GRVW8_K1_SS0_SVW4_WSGRA0_WSGRB1,NO_CHECK,135.921,246.867,,0.00585938,2,32,0.015625,1,1,0.375,528384,4096,,,,,,,,,,2026-04-19 00:04:29.
0,4/44,8/47,Contraction_l_Alik_Bjlk_Cijk_Dijk,"(1,4096,1,4096)",Cijk_Alik_Bjlk_B8B8S_BH_GB_MT64x64x16_MI16x16x16x1_SN_GLVWA16_GLVWB16_GRVW16_K1_SS0_SVW4_WSGRA0_WSGRB1,NO_CHECK,135.242,248.107,,0.00585938,2,32,0.015625,1,1,0.375,528384,4096,,,,,,,,,,2026-04-19 00:04:29.
0,4/44,9/47,Contraction_l_Alik_Bjlk_Cijk_Dijk,"(1,4096,1,4096)",Cijk_Alik_Bjlk_B8B8S_BH_GB_MT64x64x16_MI16x16x16x1_SN_GLVWA4_GLVWB4_GRVW4_K1_SS0_SVW4_WSGRA1_WSGRB1,NO_CHECK,138.641,242.024,,0.00585938,2,32,0.015625,1,1,0.375,528384,4096,,,,,,,,,,2026-04-19 00:04:29.
0,4/44,10/47,Contraction_l_Alik_Bjlk_Cijk_Dijk,"(1,4096,1,4096)",Cijk_Alik_Bjlk_B8B8S_BH_GB_MT64x64x16_MI16x16x16x1_SN_GLVWA8_GLVWB8_GRVW8_K1_SS0_SVW4_WSGRA1_WSGRB1,NO_CHECK,135.922,246.865,,0.00585938,2,32,0.015625,1,1,0.375,528384,4096,,,,,,,,,,2026-04-19 00:04:29.
0,4/44,11/47,Contraction_l_Alik_Bjlk_Cijk_Dijk,"(1,4096,1,4096)",Cijk_Alik_Bjlk_B8B8S_BH_GB_MT64x64x16_MI16x16x16x1_SN_GLVWA16_GLVWB16_GRVW16_K1_SS0_SVW4_WSGRA1_WSGRB1,NO_CHECK,135.642,247.375,,0.00585938,2,32,0.015625,1,1,0.375,528384,4096,,,,,,,,,,2026-04-19 00:04:29.
0,4/44,12/47,Contraction_l_Alik_Bjlk_Cijk_Dijk,"(1,4096,1,4096)",Cijk_Alik_Bjlk_B8B8S_BH_GB_MT64x64x32_MI16x16x16x1_SN_GLVWA4_GLVWB4_GRVW4_K1_SS0_SVW4_WSGRA0_WSGRB0,NO_CHECK,109.041,307.723,,0.00585938,2,32,0.015625,1,1,0.375,528384,4096,,,,,,,,,,2026-04-19 00:04:29.
0,4/44,13/47,Contraction_l_Alik_Bjlk_Cijk_Dijk,"(1,4096,1,4096)",Cijk_Alik_Bjlk_B8B8S_BH_GB_MT64x64x32_MI16x16x16x1_SN_GLVWA8_GLVWB8_GRVW8_K1_SS0_SVW4_WSGRA0_WSGRB0,NO_CHECK,108.481,309.312,,0.00585938,2,32,0.015625,1,1,0.375,528384,4096,,,,,,,,,,2026-04-19 00:04:29.
0,4/44,14/47,Contraction_l_Alik_Bjlk_Cijk_Dijk,"(1,4096,1,4096)",Cijk_Alik_Bjlk_B8B8S_BH_GB_MT64x64x32_MI16x16x16x1_SN_GLVWA16_GLVWB16_GRVW16_K1_SS0_SVW4_WSGRA0_WSGRB0,NO_CHECK,107.761,311.378,,0.00585938,2,32,0.015625,1,1,0.375,528384,4096,,,,,,,,,,2026-04-19 00:04:29.
0,4/44,15/47,Contraction_l_Alik_Bjlk_Cijk_Dijk,"(1,4096,1,4096)",Cijk_Alik_Bjlk_B8B8S_BH_GB_MT64x64x32_MI16x16x16x1_SN_GLVWA4_GLVWB4_GRVW4_K1_SS0_SVW4_WSGRA1_WSGRB0,NO_CHECK,109.881,305.371,,0.00585938,2,32,0.015625,1,1,0.375,528384,4096,,,,,,,,,,2026-04-19 00:04:29.
0,4/44,16/47,Contraction_l_Alik_Bjlk_Cijk_Dijk,"(1,4096,1,4096)",Cijk_Alik_Bjlk_B8B8S_BH_GB_MT64x64x32_MI16x16x16x1_SN_GLVWA8_GLVWB8_GRVW8_K1_SS0_SVW4_WSGRA1_WSGRB0,NO_CHECK,116.441,288.167,,0.00585938,2,32,0.015625,1,1,0.375,528384,4096,,,,,,,,,,2026-04-19 00:04:29.
0,4/44,17/47,Contraction_l_Alik_Bjlk_Cijk_Dijk,"(1,4096,1,4096)",Cijk_Alik_Bjlk_B8B8S_BH_GB_MT64x64x32_MI16x16x16x1_SN_GLVWA16_GLVWB16_GRVW16_K1_SS0_SVW4_WSGRA1_WSGRB0,NO_CHECK,108.321,309.768,,0.00585938,2,32,0.015625,1,1,0.375,528384,4096,,,,,,,,,,2026-04-19 00:04:29.
0,4/44,18/47,Contraction_l_Alik_Bjlk_Cijk_Dijk,"(1,4096,1,4096)",Cijk_Alik_Bjlk_B8B8S_BH_GB_MT64x64x32_MI16x16x16x1_SN_GLVWA4_GLVWB4_GRVW4_K1_SS0_SVW4_WSGRA0_WSGRB1,NO_CHECK,109.201,307.272,,0.00585938,2,32,0.015625,1,1,0.375,528384,4096,,,,,,,,,,2026-04-19 00:04:29.
0,4/44,19/47,Contraction_l_Alik_Bjlk_Cijk_Dijk,"(1,4096,1,4096)",Cijk_Alik_Bjlk_B8B8S_BH_GB_MT64x64x32_MI16x16x16x1_SN_GLVWA8_GLVWB8_GRVW8_K1_SS0_SVW4_WSGRA0_WSGRB1,NO_CHECK,107.961,310.801,,0.00585938,2,32,0.015625,1,1,0.375,528384,4096,,,,,,,,,,2026-04-19 00:04:29.
0,4/44,20/47,Contraction_l_Alik_Bjlk_Cijk_Dijk,"(1,4096,1,4096)",Cijk_Alik_Bjlk_B8B8S_BH_GB_MT64x64x32_MI16x16x16x1_SN_GLVWA16_GLVWB16_GRVW16_K1_SS0_SVW4_WSGRA0_WSGRB1,NO_CHECK,107.882,311.029,,0.00585938,2,32,0.015625,1,1,0.375,528384,4096,,,,,,,,,,2026-04-19 00:04:29.
0,4/44,21/47,Contraction_l_Alik_Bjlk_Cijk_Dijk,"(1,4096,1,4096)",Cijk_Alik_Bjlk_B8B8S_BH_GB_MT64x64x32_MI16x16x16x1_SN_GLVWA4_GLVWB4_GRVW4_K1_SS0_SVW4_WSGRA1_WSGRB1,NO_CHECK,110.242,304.371,,0.00585938,2,32,0.015625,1,1,0.375,528384,4096,,,,,,,,,,2026-04-19 00:04:29.
0,4/44,22/47,Contraction_l_Alik_Bjlk_Cijk_Dijk,"(1,4096,1,4096)",Cijk_Alik_Bjlk_B8B8S_BH_GB_MT64x64x32_MI16x16x16x1_SN_GLVWA8_GLVWB8_GRVW8_K1_SS0_SVW4_WSGRA1_WSGRB1,NO_CHECK,107.442,312.303,,0.00585938,2,32,0.015625,1,1,0.375,528384,4096,,,,,,,,,,2026-04-19 00:04:29.
0,4/44,23/47,Contraction_l_Alik_Bjlk_Cijk_Dijk,"(1,4096,1,4096)",Cijk_Alik_Bjlk_B8B8S_BH_GB_MT64x64x32_MI16x16x16x1_SN_GLVWA16_GLVWB16_GRVW16_K1_SS0_SVW4_WSGRA1_WSGRB1,NO_CHECK,107.682,311.607,,0.00585938,2,32,0.015625,1,1,0.375,528384,4096,,,,,,,,,,2026-04-19 00:04:29.
0,4/44,24/47,Contraction_l_Alik_Bjlk_Cijk_Dijk,"(1,4096,1,4096)",Cijk_Alik_Bjlk_B8B8S_BH_GB_MT64x64x16_MI16x16x16x1_SN_GLVWA4_GLVWB4_GRVW4_K1_SS1_SVW1_WSGRA0_WSGRB0,NO_CHECK,138.842,241.673,,0.00585938,2,32,0.015625,1,1,0.375,528384,4096,,,,,,,,,,2026-04-19 00:04:29.
0,4/44,25/47,Contraction_l_Alik_Bjlk_Cijk_Dijk,"(1,4096,1,4096)",Cijk_Alik_Bjlk_B8B8S_BH_GB_MT64x64x16_MI16x16x16x1_SN_GLVWA8_GLVWB8_GRVW8_K1_SS1_SVW1_WSGRA0_WSGRB0,NO_CHECK,135.281,248.035,,0.00585938,2,32,0.015625,1,1,0.375,528384,4096,,,,,,,,,,2026-04-19 00:04:29.
0,4/44,26/47,Contraction_l_Alik_Bjlk_Cijk_Dijk,"(1,4096,1,4096)",Cijk_Alik_Bjlk_B8B8S_BH_GB_MT64x64x16_MI16x16x16x1_SN_GLVWA16_GLVWB16_GRVW16_K1_SS1_SVW1_WSGRA0_WSGRB0,NO_CHECK,135.362,247.887,,0.00585938,2,32,0.015625,1,1,0.375,528384,4096,,,,,,,,,,2026-04-19 00:04:29.
0,4/44,27/47,Contraction_l_Alik_Bjlk_Cijk_Dijk,"(1,4096,1,4096)",Cijk_Alik_Bjlk_B8B8S_BH_GB_MT64x64x16_MI16x16x16x1_SN_GLVWA4_GLVWB4_GRVW4_K1_SS1_SVW1_WSGRA1_WSGRB0,NO_CHECK,137.922,243.286,,0.00585938,2,32,0.015625,1,1,0.375,528384,4096,,,,,,,,,,2026-04-19 00:04:29.
0,4/44,28/47,Contraction_l_Alik_Bjlk_Cijk_Dijk,"(1,4096,1,4096)",Cijk_Alik_Bjlk_B8B8S_BH_GB_MT64x64x16_MI16x16x16x1_SN_GLVWA8_GLVWB8_GRVW8_K1_SS1_SVW1_WSGRA1_WSGRB0,NO_CHECK,135.241,248.108,,0.00585938,2,32,0.015625,1,1,0.375,528384,4096,,,,,,,,,,2026-04-19 00:04:29.
0,4/44,29/47,Contraction_l_Alik_Bjlk_Cijk_Dijk,"(1,4096,1,4096)",Cijk_Alik_Bjlk_B8B8S_BH_GB_MT64x64x16_MI16x16x16x1_SN_GLVWA16_GLVWB16_GRVW16_K1_SS1_SVW1_WSGRA1_WSGRB0,NO_CHECK,136.322,246.141,,0.00585938,2,32,0.015625,1,1,0.375,528384,4096,,,,,,,,,,2026-04-19 00:04:29.
0,4/44,30/47,Contraction_l_Alik_Bjlk_Cijk_Dijk,"(1,4096,1,4096)",Cijk_Alik_Bjlk_B8B8S_BH_GB_MT64x64x16_MI16x16x16x1_SN_GLVWA4_GLVWB4_GRVW4_K1_SS1_SVW1_WSGRA0_WSGRB1,NO_CHECK,138.721,241.884,,0.00585938,2,32,0.015625,1,1,0.375,528384,4096,,,,,,,,,,2026-04-19 00:04:29.
0,4/44,31/47,Contraction_l_Alik_Bjlk_Cijk_Dijk,"(1,4096,1,4096)",Cijk_Alik_Bjlk_B8B8S_BH_GB_MT64x64x16_MI16x16x16x1_SN_GLVWA8_GLVWB8_GRVW8_K1_SS1_SVW1_WSGRA0_WSGRB1,NO_CHECK,134.762,248.99,,0.00585938,2,32,0.015625,1,1,0.375,528384,4096,,,,,,,,,,2026-04-19 00:04:29.
0,4/44,32/47,Contraction_l_Alik_Bjlk_Cijk_Dijk,"(1,4096,1,4096)",Cijk_Alik_Bjlk_B8B8S_BH_GB_MT64x64x16_MI16x16x16x1_SN_GLVWA16_GLVWB16_GRVW16_K1_SS1_SVW1_WSGRA0_WSGRB1,NO_CHECK,135.961,246.795,,0.00585938,2,32,0.015625,1,1,0.375,528384,4096,,,,,,,,,,2026-04-19 00:04:29.
0,4/44,33/47,Contraction_l_Alik_Bjlk_Cijk_Dijk,"(1,4096,1,4096)",Cijk_Alik_Bjlk_B8B8S_BH_GB_MT64x64x16_MI16x16x16x1_SN_GLVWA4_GLVWB4_GRVW4_K1_SS1_SVW1_WSGRA1_WSGRB1,NO_CHECK,138.802,241.743,,0.00585938,2,32,0.015625,1,1,0.375,528384,4096,,,,,,,,,,2026-04-19 00:04:29.
0,4/44,34/47,Contraction_l_Alik_Bjlk_Cijk_Dijk,"(1,4096,1,4096)",Cijk_Alik_Bjlk_B8B8S_BH_GB_MT64x64x16_MI16x16x16x1_SN_GLVWA8_GLVWB8_GRVW8_K1_SS1_SVW1_WSGRA1_WSGRB1,NO_CHECK,136.642,245.565,,0.00585938,2,32,0.015625,1,1,0.375,528384,4096,,,,,,,,,,2026-04-19 00:04:29.
0,4/44,35/47,Contraction_l_Alik_Bjlk_Cijk_Dijk,"(1,4096,1,4096)",Cijk_Alik_Bjlk_B8B8S_BH_GB_MT64x64x16_MI16x16x16x1_SN_GLVWA16_GLVWB16_GRVW16_K1_SS1_SVW1_WSGRA1_WSGRB1,NO_CHECK,135.681,247.304,,0.00585938,2,32,0.015625,1,1,0.375,528384,4096,,,,,,,,,,2026-04-19 00:04:29.
0,4/44,36/47,Contraction_l_Alik_Bjlk_Cijk_Dijk,"(1,4096,1,4096)",Cijk_Alik_Bjlk_B8B8S_BH_GB_MT64x64x32_MI16x16x16x1_SN_GLVWA4_GLVWB4_GRVW4_K1_SS1_SVW1_WSGRA0_WSGRB0,NO_CHECK,110.201,304.484,,0.00585938,2,32,0.015625,1,1,0.375,528384,4096,,,,,,,,,,2026-04-19 00:04:29.
0,4/44,37/47,Contraction_l_Alik_Bjlk_Cijk_Dijk,"(1,4096,1,4096)",Cijk_Alik_Bjlk_B8B8S_BH_GB_MT64x64x32_MI16x16x16x1_SN_GLVWA8_GLVWB8_GRVW8_K1_SS1_SVW1_WSGRA0_WSGRB0,NO_CHECK,109.402,306.708,,0.00585938,2,32,0.015625,1,1,0.375,528384,4096,,,,,,,,,,2026-04-19 00:04:29.
0,4/44,38/47,Contraction_l_Alik_Bjlk_Cijk_Dijk,"(1,4096,1,4096)",Cijk_Alik_Bjlk_B8B8S_BH_GB_MT64x64x32_MI16x16x16x1_SN_GLVWA16_GLVWB16_GRVW16_K1_SS1_SVW1_WSGRA0_WSGRB0,NO_CHECK,106.842,314.057,,0.00585938,2,32,0.015625,1,1,0.375,528384,4096,,,,,,,,,,2026-04-19 00:04:29.
0,4/44,39/47,Contraction_l_Alik_Bjlk_Cijk_Dijk,"(1,4096,1,4096)",Cijk_Alik_Bjlk_B8B8S_BH_GB_MT64x64x32_MI16x16x16x1_SN_GLVWA4_GLVWB4_GRVW4_K1_SS1_SVW1_WSGRA1_WSGRB0,NO_CHECK,109.122,307.495,,0.00585938,2,32,0.015625,1,1,0.375,528384,4096,,,,,,,,,,2026-04-19 00:04:29.
0,4/44,40/47,Contraction_l_Alik_Bjlk_Cijk_Dijk,"(1,4096,1,4096)",Cijk_Alik_Bjlk_B8B8S_BH_GB_MT64x64x32_MI16x16x16x1_SN_GLVWA8_GLVWB8_GRVW8_K1_SS1_SVW1_WSGRA1_WSGRB0,NO_CHECK,109.002,307.833,,0.00585938,2,32,0.015625,1,1,0.375,528384,4096,,,,,,,,,,2026-04-19 00:04:29.
0,4/44,41/47,Contraction_l_Alik_Bjlk_Cijk_Dijk,"(1,4096,1,4096)",Cijk_Alik_Bjlk_B8B8S_BH_GB_MT64x64x32_MI16x16x16x1_SN_GLVWA16_GLVWB16_GRVW16_K1_SS1_SVW1_WSGRA1_WSGRB0,NO_CHECK,108.041,310.571,,0.00585938,2,32,0.015625,1,1,0.375,528384,4096,,,,,,,,,,2026-04-19 00:04:29.
0,4/44,42/47,Contraction_l_Alik_Bjlk_Cijk_Dijk,"(1,4096,1,4096)",Cijk_Alik_Bjlk_B8B8S_BH_GB_MT64x64x32_MI16x16x16x1_SN_GLVWA4_GLVWB4_GRVW4_K1_SS1_SVW1_WSGRA0_WSGRB1,NO_CHECK,110.521,303.602,,0.00585938,2,32,0.015625,1,1,0.375,528384,4096,,,,,,,,,,2026-04-19 00:04:29.
0,4/44,43/47,Contraction_l_Alik_Bjlk_Cijk_Dijk,"(1,4096,1,4096)",Cijk_Alik_Bjlk_B8B8S_BH_GB_MT64x64x32_MI16x16x16x1_SN_GLVWA8_GLVWB8_GRVW8_K1_SS1_SVW1_WSGRA0_WSGRB1,NO_CHECK,108.961,307.949,,0.00585938,2,32,0.015625,1,1,0.375,528384,4096,,,,,,,,,,2026-04-19 00:04:29.
0,4/44,44/47,Contraction_l_Alik_Bjlk_Cijk_Dijk,"(1,4096,1,4096)",Cijk_Alik_Bjlk_B8B8S_BH_GB_MT64x64x32_MI16x16x16x1_SN_GLVWA16_GLVWB16_GRVW16_K1_SS1_SVW1_WSGRA0_WSGRB1,NO_CHECK,108.601,308.97,,0.00585938,2,32,0.015625,1,1,0.375,528384,4096,,,,,,,,,,2026-04-19 00:04:29.
0,4/44,45/47,Contraction_l_Alik_Bjlk_Cijk_Dijk,"(1,4096,1,4096)",Cijk_Alik_Bjlk_B8B8S_BH_GB_MT64x64x32_MI16x16x16x1_SN_GLVWA4_GLVWB4_GRVW4_K1_SS1_SVW1_WSGRA1_WSGRB1,NO_CHECK,110.601,303.383,,0.00585938,2,32,0.015625,1,1,0.375,528384,4096,,,,,,,,,,2026-04-19 00:04:29.
0,4/44,46/47,Contraction_l_Alik_Bjlk_Cijk_Dijk,"(1,4096,1,4096)",Cijk_Alik_Bjlk_B8B8S_BH_GB_MT64x64x32_MI16x16x16x1_SN_GLVWA8_GLVWB8_GRVW8_K1_SS1_SVW1_WSGRA1_WSGRB1,NO_CHECK,109.441,306.598,,0.00585938,2,32,0.015625,1,1,0.375,528384,4096,,,,,,,,,,2026-04-19 00:04:29.
0,4/44,47/47,Contraction_l_Alik_Bjlk_Cijk_Dijk,"(1,4096,1,4096)",Cijk_Alik_Bjlk_B8B8S_BH_GB_MT64x64x32_MI16x16x16x1_SN_GLVWA16_GLVWB16_GRVW16_K1_SS1_SVW1_WSGRA1_WSGRB1,NO_CHECK,106.841,314.06,,0.00585938,2,32,0.015625,1,1,0.375,528384,4096,,,,,,,,,,2026-04-19 00:04:29.
0,5/44,0/47,Contraction_l_Alik_Bjlk_Cijk_Dijk,"(1,4096,1,8192)",Cijk_Alik_Bjlk_B8B8S_BH_GB_MT64x64x16_MI16x16x16x1_SN_GLVWA4_GLVWB4_GRVW4_K1_SS0_SVW4_WSGRA0_WSGRB0,NO_CHECK,536.046,125.192,,0.00585938,2,32,0.015625,1,1,0.375,1052672,4096,,,,,,,,,,2026-04-19 00:04:29.
0,5/44,1/47,Contraction_l_Alik_Bjlk_Cijk_Dijk,"(1,4096,1,8192)",Cijk_Alik_Bjlk_B8B8S_BH_GB_MT64x64x16_MI16x16x16x1_SN_GLVWA8_GLVWB8_GRVW8_K1_SS0_SVW4_WSGRA0_WSGRB0,NO_CHECK,255.963,262.182,,0.00585938,2,32,0.015625,1,1,0.375,1052672,4096,,,,,,,,,,2026-04-19 00:04:29.
0,5/44,2/47,Contraction_l_Alik_Bjlk_Cijk_Dijk,"(1,4096,1,8192)",Cijk_Alik_Bjlk_B8B8S_BH_GB_MT64x64x16_MI16x16x16x1_SN_GLVWA16_GLVWB16_GRVW16_K1_SS0_SVW4_WSGRA0_WSGRB0,NO_CHECK,256.483,261.65,,0.00585938,2,32,0.015625,1,1,0.375,1052672,4096,,,,,,,,,,2026-04-19 00:04:29.
0,5/44,3/47,Contraction_l_Alik_Bjlk_Cijk_Dijk,"(1,4096,1,8192)",Cijk_Alik_Bjlk_B8B8S_BH_GB_MT64x64x16_MI16x16x16x1_SN_GLVWA4_GLVWB4_GRVW4_K1_SS0_SVW4_WSGRA1_WSGRB0,NO_CHECK,260.563,257.553,,0.00585938,2,32,0.015625,1,1,0.375,1052672,4096,,,,,,,,,,2026-04-19 00:04:29.
0,5/44,4/47,Contraction_l_Alik_Bjlk_Cijk_Dijk,"(1,4096,1,8192)",Cijk_Alik_Bjlk_B8B8S_BH_GB_MT64x64x16_MI16x16x16x1_SN_GLVWA8_GLVWB8_GRVW8_K1_SS0_SVW4_WSGRA1_WSGRB0,NO_CHECK,255.763,262.387,,0.00585938,2,32,0.015625,1,1,0.375,1052672,4096,,,,,,,,,,2026-04-19 00:04:29.
0,5/44,5/47,Contraction_l_Alik_Bjlk_Cijk_Dijk,"(1,4096,1,8192)",Cijk_Alik_Bjlk_B8B8S_BH_GB_MT64x64x16_MI16x16x16x1_SN_GLVWA16_GLVWB16_GRVW16_K1_SS0_SVW4_WSGRA1_WSGRB0,NO_CHECK,247.803,270.815,,0.00585938,2,32,0.015625,1,1,0.375,1052672,4096,,,,,,,,,,2026-04-19 00:04:29.
0,5/44,6/47,Contraction_l_Alik_Bjlk_Cijk_Dijk,"(1,4096,1,8192)",Cijk_Alik_Bjlk_B8B8S_BH_GB_MT64x64x16_MI16x16x16x1_SN_GLVWA4_GLVWB4_GRVW4_K1_SS0_SVW4_WSGRA0_WSGRB1,NO_CHECK,435.285,154.172,,0.00585938,2,32,0.015625,1,1,0.375,1052672,4096,,,,,,,,,,2026-04-19 00:04:29.
0,5/44,7/47,Contraction_l_Alik_Bjlk_Cijk_Dijk,"(1,4096,1,8192)",Cijk_Alik_Bjlk_B8B8S_BH_GB_MT64x64x16_MI16x16x16x1_SN_GLVWA8_GLVWB8_GRVW8_K1_SS0_SVW4_WSGRA0_WSGRB1,NO_CHECK,239.802,279.851,,0.00585938,2,32,0.015625,1,1,0.375,1052672,4096,,,,,,,,,,2026-04-19 00:04:29.
0,5/44,8/47,Contraction_l_Alik_Bjlk_Cijk_Dijk,"(1,4096,1,8192)",Cijk_Alik_Bjlk_B8B8S_BH_GB_MT64x64x16_MI16x16x16x1_SN_GLVWA16_GLVWB16_GRVW16_K1_SS0_SVW4_WSGRA0_WSGRB1,NO_CHECK,241.043,278.41,,0.00585938,2,32,0.015625,1,1,0.375,1052672,4096,,,,,,,,,,2026-04-19 00:04:29.
0,5/44,9/47,Contraction_l_Alik_Bjlk_Cijk_Dijk,"(1,4096,1,8192)",Cijk_Alik_Bjlk_B8B8S_BH_GB_MT64x64x16_MI16x16x16x1_SN_GLVWA4_GLVWB4_GRVW4_K1_SS0_SVW4_WSGRA1_WSGRB1,NO_CHECK,241.243,278.18,,0.00585938,2,32,0.015625,1,1,0.375,1052672,4096,,,,,,,,,,2026-04-19 00:04:29.
0,5/44,10/47,Contraction_l_Alik_Bjlk_Cijk_Dijk,"(1,4096,1,8192)",Cijk_Alik_Bjlk_B8B8S_BH_GB_MT64x64x16_MI16x16x16x1_SN_GLVWA8_GLVWB8_GRVW8_K1_SS0_SVW4_WSGRA1_WSGRB1,NO_CHECK,241.362,278.042,,0.00585938,2,32,0.015625,1,1,0.375,1052672,4096,,,,,,,,,,2026-04-19 00:04:29.
0,5/44,11/47,Contraction_l_Alik_Bjlk_Cijk_Dijk,"(1,4096,1,8192)",Cijk_Alik_Bjlk_B8B8S_BH_GB_MT64x64x16_MI16x16x16x1_SN_GLVWA16_GLVWB16_GRVW16_K1_SS0_SVW4_WSGRA1_WSGRB1,NO_CHECK,241.483,277.903,,0.00585938,2,32,0.015625,1,1,0.375,1052672,4096,,,,,,,,,,2026-04-19 00:04:29.
0,5/44,12/47,Contraction_l_Alik_Bjlk_Cijk_Dijk,"(1,4096,1,8192)",Cijk_Alik_Bjlk_B8B8S_BH_GB_MT64x64x32_MI16x16x16x1_SN_GLVWA4_GLVWB4_GRVW4_K1_SS0_SVW4_WSGRA0_WSGRB0,NO_CHECK,190.522,352.237,,0.00585938,2,32,0.015625,1,1,0.375,1052672,4096,,,,,,,,,,2026-04-19 00:04:29.
0,5/44,13/47,Contraction_l_Alik_Bjlk_Cijk_Dijk,"(1,4096,1,8192)",Cijk_Alik_Bjlk_B8B8S_BH_GB_MT64x64x32_MI16x16x16x1_SN_GLVWA8_GLVWB8_GRVW8_K1_SS0_SVW4_WSGRA0_WSGRB0,NO_CHECK,185.362,362.042,,0.00585938,2,32,0.015625,1,1,0.375,1052672,4096,,,,,,,,,,2026-04-19 00:04:29.
0,5/44,14/47,Contraction_l_Alik_Bjlk_Cijk_Dijk,"(1,4096,1,8192)",Cijk_Alik_Bjlk_B8B8S_BH_GB_MT64x64x32_MI16x16x16x1_SN_GLVWA16_GLVWB16_GRVW16_K1_SS0_SVW4_WSGRA0_WSGRB0,NO_CHECK,186.242,360.332,,0.00585938,2,32,0.015625,1,1,0.375,1052672,4096,,,,,,,,,,2026-04-19 00:04:29.
0,5/44,15/47,Contraction_l_Alik_Bjlk_Cijk_Dijk,"(1,4096,1,8192)",Cijk_Alik_Bjlk_B8B8S_BH_GB_MT64x64x32_MI16x16x16x1_SN_GLVWA4_GLVWB4_GRVW4_K1_SS0_SVW4_WSGRA1_WSGRB0,NO_CHECK,191.402,350.617,,0.00585938,2,32,0.015625,1,1,0.375,1052672,4096,,,,,,,,,,2026-04-19 00:04:29.
0,5/44,16/47,Contraction_l_Alik_Bjlk_Cijk_Dijk,"(1,4096,1,8192)",Cijk_Alik_Bjlk_B8B8S_BH_GB_MT64x64x32_MI16x16x16x1_SN_GLVWA8_GLVWB8_GRVW8_K1_SS0_SVW4_WSGRA1_WSGRB0,NO_CHECK,186.522,359.791,,0.00585938,2,32,0.015625,1,1,0.375,1052672,4096,,,,,,,,,,2026-04-19 00:04:29.
0,5/44,17/47,Contraction_l_Alik_Bjlk_Cijk_Dijk,"(1,4096,1,8192)",Cijk_Alik_Bjlk_B8B8S_BH_GB_MT64x64x32_MI16x16x16x1_SN_GLVWA16_GLVWB16_GRVW16_K1_SS0_SVW4_WSGRA1_WSGRB0,NO_CHECK,186.762,359.328,,0.00585938,2,32,0.015625,1,1,0.375,1052672,4096,,,,,,,,,,2026-04-19 00:04:29.
0,5/44,18/47,Contraction_l_Alik_Bjlk_Cijk_Dijk,"(1,4096,1,8192)",Cijk_Alik_Bjlk_B8B8S_BH_GB_MT64x64x32_MI16x16x16x1_SN_GLVWA4_GLVWB4_GRVW4_K1_SS0_SVW4_WSGRA0_WSGRB1,NO_CHECK,189.642,353.871,,0.00585938,2,32,0.015625,1,1,0.375,1052672,4096,,,,,,,,,,2026-04-19 00:04:29.
0,5/44,19/47,Contraction_l_Alik_Bjlk_Cijk_Dijk,"(1,4096,1,8192)",Cijk_Alik_Bjlk_B8B8S_BH_GB_MT64x64x32_MI16x16x16x1_SN_GLVWA8_GLVWB8_GRVW8_K1_SS0_SVW4_WSGRA0_WSGRB1,NO_CHECK,186.963,358.942,,0.00585938,2,32,0.015625,1,1,0.375,1052672,4096,,,,,,,,,,2026-04-19 00:04:29.
0,5/44,20/47,Contraction_l_Alik_Bjlk_Cijk_Dijk,"(1,4096,1,8192)",Cijk_Alik_Bjlk_B8B8S_BH_GB_MT64x64x32_MI16x16x16x1_SN_GLVWA16_GLVWB16_GRVW16_K1_SS0_SVW4_WSGRA0_WSGRB1,NO_CHECK,185.362,362.042,,0.00585938,2,32,0.015625,1,1,0.375,1052672,4096,,,,,,,,,,2026-04-19 00:04:29.
0,5/44,21/47,Contraction_l_Alik_Bjlk_Cijk_Dijk,"(1,4096,1,8192)",Cijk_Alik_Bjlk_B8B8S_BH_GB_MT64x64x32_MI16x16x16x1_SN_GLVWA4_GLVWB4_GRVW4_K1_SS0_SVW4_WSGRA1_WSGRB1,NO_CHECK,190.243,352.753,,0.00585938,2,32,0.015625,1,1,0.375,1052672,4096,,,,,,,,,,2026-04-19 00:04:29.
0,5/44,22/47,Contraction_l_Alik_Bjlk_Cijk_Dijk,"(1,4096,1,8192)",Cijk_Alik_Bjlk_B8B8S_BH_GB_MT64x64x32_MI16x16x16x1_SN_GLVWA8_GLVWB8_GRVW8_K1_SS0_SVW4_WSGRA1_WSGRB1,NO_CHECK,186.522,359.791,,0.00585938,2,32,0.015625,1,1,0.375,1052672,4096,,,,,,,,,,2026-04-19 00:04:29.
0,5/44,23/47,Contraction_l_Alik_Bjlk_Cijk_Dijk,"(1,4096,1,8192)",Cijk_Alik_Bjlk_B8B8S_BH_GB_MT64x64x32_MI16x16x16x1_SN_GLVWA16_GLVWB16_GRVW16_K1_SS0_SVW4_WSGRA1_WSGRB1,NO_CHECK,184.002,364.718,,0.00585938,2,32,0.015625,1,1,0.375,1052672,4096,,,,,,,,,,2026-04-19 00:04:29.
0,5/44,24/47,Contraction_l_Alik_Bjlk_Cijk_Dijk,"(1,4096,1,8192)",Cijk_Alik_Bjlk_B8B8S_BH_GB_MT64x64x16_MI16x16x16x1_SN_GLVWA4_GLVWB4_GRVW4_K1_SS1_SVW1_WSGRA0_WSGRB0,NO_CHECK,242.763,276.438,,0.00585938,2,32,0.015625,1,1,0.375,1052672,4096,,,,,,,,,,2026-04-19 00:04:29.
0,5/44,25/47,Contraction_l_Alik_Bjlk_Cijk_Dijk,"(1,4096,1,8192)",Cijk_Alik_Bjlk_B8B8S_BH_GB_MT64x64x16_MI16x16x16x1_SN_GLVWA8_GLVWB8_GRVW8_K1_SS1_SVW1_WSGRA0_WSGRB0,NO_CHECK,240.483,279.059,,0.00585938,2,32,0.015625,1,1,0.375,1052672,4096,,,,,,,,,,2026-04-19 00:04:29.
0,5/44,26/47,Contraction_l_Alik_Bjlk_Cijk_Dijk,"(1,4096,1,8192)",Cijk_Alik_Bjlk_B8B8S_BH_GB_MT64x64x16_MI16x16x16x1_SN_GLVWA16_GLVWB16_GRVW16_K1_SS1_SVW1_WSGRA0_WSGRB0,NO_CHECK,240.163,279.43,,0.00585938,2,32,0.015625,1,1,0.375,1052672,4096,,,,,,,,,,2026-04-19 00:04:29.
0,5/44,27/47,Contraction_l_Alik_Bjlk_Cijk_Dijk,"(1,4096,1,8192)",Cijk_Alik_Bjlk_B8B8S_BH_GB_MT64x64x16_MI16x16x16x1_SN_GLVWA4_GLVWB4_GRVW4_K1_SS1_SVW1_WSGRA1_WSGRB0,NO_CHECK,241.883,277.443,,0.00585938,2,32,0.015625,1,1,0.375,1052672,4096,,,,,,,,,,2026-04-19 00:04:29.
0,5/44,28/47,Contraction_l_Alik_Bjlk_Cijk_Dijk,"(1,4096,1,8192)",Cijk_Alik_Bjlk_B8B8S_BH_GB_MT64x64x16_MI16x16x16x1_SN_GLVWA8_GLVWB8_GRVW8_K1_SS1_SVW1_WSGRA1_WSGRB0,NO_CHECK,238.962,280.835,,0.00585938,2,32,0.015625,1,1,0.375,1052672,4096,,,,,,,,,,2026-04-19 00:04:29.
0,5/44,29/47,Contraction_l_Alik_Bjlk_Cijk_Dijk,"(1,4096,1,8192)",Cijk_Alik_Bjlk_B8B8S_BH_GB_MT64x64x16_MI16x16x16x1_SN_GLVWA16_GLVWB16_GRVW16_K1_SS1_SVW1_WSGRA1_WSGRB0,NO_CHECK,240.203,279.384,,0.00585938,2,32,0.015625,1,1,0.375,1052672,4096,,,,,,,,,,2026-04-19 00:04:29.
0,5/44,30/47,Contraction_l_Alik_Bjlk_Cijk_Dijk,"(1,4096,1,8192)",Cijk_Alik_Bjlk_B8B8S_BH_GB_MT64x64x16_MI16x16x16x1_SN_GLVWA4_GLVWB4_GRVW4_K1_SS1_SVW1_WSGRA0_WSGRB1,NO_CHECK,241.083,278.364,,0.00585938,2,32,0.015625,1,1,0.375,1052672,4096,,,,,,,,,,2026-04-19 00:04:29.
0,5/44,31/47,Contraction_l_Alik_Bjlk_Cijk_Dijk,"(1,4096,1,8192)",Cijk_Alik_Bjlk_B8B8S_BH_GB_MT64x64x16_MI16x16x16x1_SN_GLVWA8_GLVWB8_GRVW8_K1_SS1_SVW1_WSGRA0_WSGRB1,NO_CHECK,239.723,279.943,,0.00585938,2,32,0.015625,1,1,0.375,1052672,4096,,,,,,,,,,2026-04-19 00:04:29.
0,5/44,32/47,Contraction_l_Alik_Bjlk_Cijk_Dijk,"(1,4096,1,8192)",Cijk_Alik_Bjlk_B8B8S_BH_GB_MT64x64x16_MI16x16x16x1_SN_GLVWA16_GLVWB16_GRVW16_K1_SS1_SVW1_WSGRA0_WSGRB1,NO_CHECK,239.683,279.99,,0.00585938,2,32,0.015625,1,1,0.375,1052672,4096,,,,,,,,,,2026-04-19 00:04:29.
0,5/44,33/47,Contraction_l_Alik_Bjlk_Cijk_Dijk,"(1,4096,1,8192)",Cijk_Alik_Bjlk_B8B8S_BH_GB_MT64x64x16_MI16x16x16x1_SN_GLVWA4_GLVWB4_GRVW4_K1_SS1_SVW1_WSGRA1_WSGRB1,NO_CHECK,242.362,276.895,,0.00585938,2,32,0.015625,1,1,0.375,1052672,4096,,,,,,,,,,2026-04-19 00:04:29.
0,5/44,34/47,Contraction_l_Alik_Bjlk_Cijk_Dijk,"(1,4096,1,8192)",Cijk_Alik_Bjlk_B8B8S_BH_GB_MT64x64x16_MI16x16x16x1_SN_GLVWA8_GLVWB8_GRVW8_K1_SS1_SVW1_WSGRA1_WSGRB1,NO_CHECK,239.963,279.663,,0.00585938,2,32,0.015625,1,1,0.375,1052672,4096,,,,,,,,,,2026-04-19 00:04:29.
0,5/44,35/47,Contraction_l_Alik_Bjlk_Cijk_Dijk,"(1,4096,1,8192)",Cijk_Alik_Bjlk_B8B8S_BH_GB_MT64x64x16_MI16x16x16x1_SN_GLVWA16_GLVWB16_GRVW16_K1_SS1_SVW1_WSGRA1_WSGRB1,NO_CHECK,240.203,279.384,,0.00585938,2,32,0.015625,1,1,0.375,1052672,4096,,,,,,,,,,2026-04-19 00:04:29.
0,5/44,36/47,Contraction_l_Alik_Bjlk_Cijk_Dijk,"(1,4096,1,8192)",Cijk_Alik_Bjlk_B8B8S_BH_GB_MT64x64x32_MI16x16x16x1_SN_GLVWA4_GLVWB4_GRVW4_K1_SS1_SVW1_WSGRA0_WSGRB0,NO_CHECK,196.923,340.787,,0.00585938,2,32,0.015625,1,1,0.375,1052672,4096,,,,,,,,,,2026-04-19 00:04:29.
0,5/44,37/47,Contraction_l_Alik_Bjlk_Cijk_Dijk,"(1,4096,1,8192)",Cijk_Alik_Bjlk_B8B8S_BH_GB_MT64x64x32_MI16x16x16x1_SN_GLVWA8_GLVWB8_GRVW8_K1_SS1_SVW1_WSGRA0_WSGRB0,NO_CHECK,195.762,342.808,,0.00585938,2,32,0.015625,1,1,0.375,1052672,4096,,,,,,,,,,2026-04-19 00:04:29.
0,5/44,38/47,Contraction_l_Alik_Bjlk_Cijk_Dijk,"(1,4096,1,8192)",Cijk_Alik_Bjlk_B8B8S_BH_GB_MT64x64x32_MI16x16x16x1_SN_GLVWA16_GLVWB16_GRVW16_K1_SS1_SVW1_WSGRA0_WSGRB0,NO_CHECK,196.723,341.134,,0.00585938,2,32,0.015625,1,1,0.375,1052672,4096,,,,,,,,,,2026-04-19 00:04:29.
0,5/44,39/47,Contraction_l_Alik_Bjlk_Cijk_Dijk,"(1,4096,1,8192)",Cijk_Alik_Bjlk_B8B8S_BH_GB_MT64x64x32_MI16x16x16x1_SN_GLVWA4_GLVWB4_GRVW4_K1_SS1_SVW1_WSGRA1_WSGRB0,NO_CHECK,199.043,337.158,,0.00585938,2,32,0.015625,1,1,0.375,1052672,4096,,,,,,,,,,2026-04-19 00:04:29.
0,5/44,40/47,Contraction_l_Alik_Bjlk_Cijk_Dijk,"(1,4096,1,8192)",Cijk_Alik_Bjlk_B8B8S_BH_GB_MT64x64x32_MI16x16x16x1_SN_GLVWA8_GLVWB8_GRVW8_K1_SS1_SVW1_WSGRA1_WSGRB0,NO_CHECK,193.682,346.49,,0.00585938,2,32,0.015625,1,1,0.375,1052672,4096,,,,,,,,,,2026-04-19 00:04:29.
0,5/44,41/47,Contraction_l_Alik_Bjlk_Cijk_Dijk,"(1,4096,1,8192)",Cijk_Alik_Bjlk_B8B8S_BH_GB_MT64x64x32_MI16x16x16x1_SN_GLVWA16_GLVWB16_GRVW16_K1_SS1_SVW1_WSGRA1_WSGRB0,NO_CHECK,193.642,346.562,,0.00585938,2,32,0.015625,1,1,0.375,1052672,4096,,,,,,,,,,2026-04-19 00:04:29.
0,5/44,42/47,Contraction_l_Alik_Bjlk_Cijk_Dijk,"(1,4096,1,8192)",Cijk_Alik_Bjlk_B8B8S_BH_GB_MT64x64x32_MI16x16x16x1_SN_GLVWA4_GLVWB4_GRVW4_K1_SS1_SVW1_WSGRA0_WSGRB1,NO_CHECK,199.363,336.616,,0.00585938,2,32,0.015625,1,1,0.375,1052672,4096,,,,,,,,,,2026-04-19 00:04:29.
0,5/44,43/47,Contraction_l_Alik_Bjlk_Cijk_Dijk,"(1,4096,1,8192)",Cijk_Alik_Bjlk_B8B8S_BH_GB_MT64x64x32_MI16x16x16x1_SN_GLVWA8_GLVWB8_GRVW8_K1_SS1_SVW1_WSGRA0_WSGRB1,NO_CHECK,194.963,344.213,,0.00585938,2,32,0.015625,1,1,0.375,1052672,4096,,,,,,,,,,2026-04-19 00:04:29.
0,5/44,44/47,Contraction_l_Alik_Bjlk_Cijk_Dijk,"(1,4096,1,8192)",Cijk_Alik_Bjlk_B8B8S_BH_GB_MT64x64x32_MI16x16x16x1_SN_GLVWA16_GLVWB16_GRVW16_K1_SS1_SVW1_WSGRA0_WSGRB1,NO_CHECK,193.042,347.639,,0.00585938,2,32,0.015625,1,1,0.375,1052672,4096,,,,,,,,,,2026-04-19 00:04:29.
0,5/44,45/47,Contraction_l_Alik_Bjlk_Cijk_Dijk,"(1,4096,1,8192)",Cijk_Alik_Bjlk_B8B8S_BH_GB_MT64x64x32_MI16x16x16x1_SN_GLVWA4_GLVWB4_GRVW4_K1_SS1_SVW1_WSGRA1_WSGRB1,NO_CHECK,199.362,336.618,,0.00585938,2,32,0.015625,1,1,0.375,1052672,4096,,,,,,,,,,2026-04-19 00:04:29.
0,5/44,46/47,Contraction_l_Alik_Bjlk_Cijk_Dijk,"(1,4096,1,8192)",Cijk_Alik_Bjlk_B8B8S_BH_GB_MT64x64x32_MI16x16x16x1_SN_GLVWA8_GLVWB8_GRVW8_K1_SS1_SVW1_WSGRA1_WSGRB1,NO_CHECK,196.922,340.789,,0.00585938,2,32,0.015625,1,1,0.375,1052672,4096,,,,,,,,,,2026-04-19 00:04:29.
0,5/44,47/47,Contraction_l_Alik_Bjlk_Cijk_Dijk,"(1,4096,1,8192)",Cijk_Alik_Bjlk_B8B8S_BH_GB_MT64x64x32_MI16x16x16x1_SN_GLVWA16_GLVWB16_GRVW16_K1_SS1_SVW1_WSGRA1_WSGRB1,NO_CHECK,193.242,347.279,,0.00585938,2,32,0.015625,1,1,0.375,1052672,4096,,,,,,,,,,2026-04-19 00:04:29.
0,6/44,0/47,Contraction_l_Alik_Bjlk_Cijk_Dijk,"(1,8192,1,1024)",Cijk_Alik_Bjlk_B8B8S_BH_GB_MT64x64x16_MI16x16x16x1_SN_GLVWA4_GLVWB4_GRVW4_K1_SS0_SVW4_WSGRA0_WSGRB0,NO_CHECK,60.84,275.76,,0.00976562,4,32,0.015625,1,1,0.625,270336,8192,,,,,,,,,,2026-04-19 00:04:29.
0,6/44,1/47,Contraction_l_Alik_Bjlk_Cijk_Dijk,"(1,8192,1,1024)",Cijk_Alik_Bjlk_B8B8S_BH_GB_MT64x64x16_MI16x16x16x1_SN_GLVWA8_GLVWB8_GRVW8_K1_SS0_SVW4_WSGRA0_WSGRB0,NO_CHECK,51.641,324.882,,0.00976562,4,32,0.015625,1,1,0.625,270336,8192,,,,,,,,,,2026-04-19 00:04:29.
0,6/44,2/47,Contraction_l_Alik_Bjlk_Cijk_Dijk,"(1,8192,1,1024)",Cijk_Alik_Bjlk_B8B8S_BH_GB_MT64x64x16_MI16x16x16x1_SN_GLVWA16_GLVWB16_GRVW16_K1_SS0_SVW4_WSGRA0_WSGRB0,NO_CHECK,52.12,321.896,,0.00976562,4,32,0.015625,1,1,0.625,270336,8192,,,,,,,,,,2026-04-19 00:04:29.
0,6/44,3/47,Contraction_l_Alik_Bjlk_Cijk_Dijk,"(1,8192,1,1024)",Cijk_Alik_Bjlk_B8B8S_BH_GB_MT64x64x16_MI16x16x16x1_SN_GLVWA4_GLVWB4_GRVW4_K1_SS0_SVW4_WSGRA1_WSGRB0,NO_CHECK,52.441,319.926,,0.00976562,4,32,0.015625,1,1,0.625,270336,8192,,,,,,,,,,2026-04-19 00:04:29.
0,6/44,4/47,Contraction_l_Alik_Bjlk_Cijk_Dijk,"(1,8192,1,1024)",Cijk_Alik_Bjlk_B8B8S_BH_GB_MT64x64x16_MI16x16x16x1_SN_GLVWA8_GLVWB8_GRVW8_K1_SS0_SVW4_WSGRA1_WSGRB0,NO_CHECK,52.281,320.905,,0.00976562,4,32,0.015625,1,1,0.625,270336,8192,,,,,,,,,,2026-04-19 00:04:29.
0,6/44,5/47,Contraction_l_Alik_Bjlk_Cijk_Dijk,"(1,8192,1,1024)",Cijk_Alik_Bjlk_B8B8S_BH_GB_MT64x64x16_MI16x16x16x1_SN_GLVWA16_GLVWB16_GRVW16_K1_SS0_SVW4_WSGRA1_WSGRB0,NO_CHECK,51.68,324.637,,0.00976562,4,32,0.015625,1,1,0.625,270336,8192,,,,,,,,,,2026-04-19 00:04:29.
0,6/44,6/47,Contraction_l_Alik_Bjlk_Cijk_Dijk,"(1,8192,1,1024)",Cijk_Alik_Bjlk_B8B8S_BH_GB_MT64x64x16_MI16x16x16x1_SN_GLVWA4_GLVWB4_GRVW4_K1_SS0_SVW4_WSGRA0_WSGRB1,NO_CHECK,53.361,314.41,,0.00976562,4,32,0.015625,1,1,0.625,270336,8192,,,,,,,,,,2026-04-19 00:04:29.
0,6/44,7/47,Contraction_l_Alik_Bjlk_Cijk_Dijk,"(1,8192,1,1024)",Cijk_Alik_Bjlk_B8B8S_BH_GB_MT64x64x16_MI16x16x16x1_SN_GLVWA8_GLVWB8_GRVW8_K1_SS0_SVW4_WSGRA0_WSGRB1,NO_CHECK,52.201,321.396,,0.00976562,4,32,0.015625,1,1,0.625,270336,8192,,,,,,,,,,2026-04-19 00:04:29.
0,6/44,8/47,Contraction_l_Alik_Bjlk_Cijk_Dijk,"(1,8192,1,1024)",Cijk_Alik_Bjlk_B8B8S_BH_GB_MT64x64x16_MI16x16x16x1_SN_GLVWA16_GLVWB16_GRVW16_K1_SS0_SVW4_WSGRA0_WSGRB1,NO_CHECK,51.84,323.635,,0.00976562,4,32,0.015625,1,1,0.625,270336,8192,,,,,,,,,,2026-04-19 00:04:29.
0,6/44,9/47,Contraction_l_Alik_Bjlk_Cijk_Dijk,"(1,8192,1,1024)",Cijk_Alik_Bjlk_B8B8S_BH_GB_MT64x64x16_MI16x16x16x1_SN_GLVWA4_GLVWB4_GRVW4_K1_SS0_SVW4_WSGRA1_WSGRB1,NO_CHECK,52.361,320.414,,0.00976562,4,32,0.015625,1,1,0.625,270336,8192,,,,,,,,,,2026-04-19 00:04:29.
0,6/44,10/47,Contraction_l_Alik_Bjlk_Cijk_Dijk,"(1,8192,1,1024)",Cijk_Alik_Bjlk_B8B8S_BH_GB_MT64x64x16_MI16x16x16x1_SN_GLVWA8_GLVWB8_GRVW8_K1_SS0_SVW4_WSGRA1_WSGRB1,NO_CHECK,52.921,317.024,,0.00976562,4,32,0.015625,1,1,0.625,270336,8192,,,,,,,,,,2026-04-19 00:04:29.
0,6/44,11/47,Contraction_l_Alik_Bjlk_Cijk_Dijk,"(1,8192,1,1024)",Cijk_Alik_Bjlk_B8B8S_BH_GB_MT64x64x16_MI16x16x16x1_SN_GLVWA16_GLVWB16_GRVW16_K1_SS0_SVW4_WSGRA1_WSGRB1,NO_CHECK,52,322.639,,0.00976562,4,32,0.015625,1,1,0.625,270336,8192,,,,,,,,,,2026-04-19 00:04:29.
0,6/44,12/47,Contraction_l_Alik_Bjlk_Cijk_Dijk,"(1,8192,1,1024)",Cijk_Alik_Bjlk_B8B8S_BH_GB_MT64x64x32_MI16x16x16x1_SN_GLVWA4_GLVWB4_GRVW4_K1_SS0_SVW4_WSGRA0_WSGRB0,NO_CHECK,48.721,344.353,,0.00976562,4,32,0.015625,1,1,0.625,270336,8192,,,,,,,,,,2026-04-19 00:04:29.
0,6/44,13/47,Contraction_l_Alik_Bjlk_Cijk_Dijk,"(1,8192,1,1024)",Cijk_Alik_Bjlk_B8B8S_BH_GB_MT64x64x32_MI16x16x16x1_SN_GLVWA8_GLVWB8_GRVW8_K1_SS0_SVW4_WSGRA0_WSGRB0,NO_CHECK,46.761,358.787,,0.00976562,4,32,0.015625,1,1,0.625,270336,8192,,,,,,,,,,2026-04-19 00:04:29.
0,6/44,14/47,Contraction_l_Alik_Bjlk_Cijk_Dijk,"(1,8192,1,1024)",Cijk_Alik_Bjlk_B8B8S_BH_GB_MT64x64x32_MI16x16x16x1_SN_GLVWA16_GLVWB16_GRVW16_K1_SS0_SVW4_WSGRA0_WSGRB0,NO_CHECK,46.72,359.101,,0.00976562,4,32,0.015625,1,1,0.625,270336,8192,,,,,,,,,,2026-04-19 00:04:29.
0,6/44,15/47,Contraction_l_Alik_Bjlk_Cijk_Dijk,"(1,8192,1,1024)",Cijk_Alik_Bjlk_B8B8S_BH_GB_MT64x64x32_MI16x16x16x1_SN_GLVWA4_GLVWB4_GRVW4_K1_SS0_SVW4_WSGRA1_WSGRB0,NO_CHECK,47.52,353.056,,0.00976562,4,32,0.015625,1,1,0.625,270336,8192,,,,,,,,,,2026-04-19 00:04:29.
0,6/44,16/47,Contraction_l_Alik_Bjlk_Cijk_Dijk,"(1,8192,1,1024)",Cijk_Alik_Bjlk_B8B8S_BH_GB_MT64x64x32_MI16x16x16x1_SN_GLVWA8_GLVWB8_GRVW8_K1_SS0_SVW4_WSGRA1_WSGRB0,NO_CHECK,47.481,353.346,,0.00976562,4,32,0.015625,1,1,0.625,270336,8192,,,,,,,,,,2026-04-19 00:04:29.
0,6/44,17/47,Contraction_l_Alik_Bjlk_Cijk_Dijk,"(1,8192,1,1024)",Cijk_Alik_Bjlk_B8B8S_BH_GB_MT64x64x32_MI16x16x16x1_SN_GLVWA16_GLVWB16_GRVW16_K1_SS0_SVW4_WSGRA1_WSGRB0,NO_CHECK,47.041,356.651,,0.00976562,4,32,0.015625,1,1,0.625,270336,8192,,,,,,,,,,2026-04-19 00:04:29.
0,6/44,18/47,Contraction_l_Alik_Bjlk_Cijk_Dijk,"(1,8192,1,1024)",Cijk_Alik_Bjlk_B8B8S_BH_GB_MT64x64x32_MI16x16x16x1_SN_GLVWA4_GLVWB4_GRVW4_K1_SS0_SVW4_WSGRA0_WSGRB1,NO_CHECK,47.68,351.871,,0.00976562,4,32,0.015625,1,1,0.625,270336,8192,,,,,,,,,,2026-04-19 00:04:29.
0,6/44,19/47,Contraction_l_Alik_Bjlk_Cijk_Dijk,"(1,8192,1,1024)",Cijk_Alik_Bjlk_B8B8S_BH_GB_MT64x64x32_MI16x16x16x1_SN_GLVWA8_GLVWB8_GRVW8_K1_SS0_SVW4_WSGRA0_WSGRB1,NO_CHECK,47.8,350.988,,0.00976562,4,32,0.015625,1,1,0.625,270336,8192,,,,,,,,,,2026-04-19 00:04:29.
0,6/44,20/47,Contraction_l_Alik_Bjlk_Cijk_Dijk,"(1,8192,1,1024)",Cijk_Alik_Bjlk_B8B8S_BH_GB_MT64x64x32_MI16x16x16x1_SN_GLVWA16_GLVWB16_GRVW16_K1_SS0_SVW4_WSGRA0_WSGRB1,NO_CHECK,46.201,363.135,,0.00976562,4,32,0.015625,1,1,0.625,270336,8192,,,,,,,,,,2026-04-19 00:04:29.
0,6/44,21/47,Contraction_l_Alik_Bjlk_Cijk_Dijk,"(1,8192,1,1024)",Cijk_Alik_Bjlk_B8B8S_BH_GB_MT64x64x32_MI16x16x16x1_SN_GLVWA4_GLVWB4_GRVW4_K1_SS0_SVW4_WSGRA1_WSGRB1,NO_CHECK,48.801,343.788,,0.00976562,4,32,0.015625,1,1,0.625,270336,8192,,,,,,,,,,2026-04-19 00:04:29.
0,6/44,22/47,Contraction_l_Alik_Bjlk_Cijk_Dijk,"(1,8192,1,1024)",Cijk_Alik_Bjlk_B8B8S_BH_GB_MT64x64x32_MI16x16x16x1_SN_GLVWA8_GLVWB8_GRVW8_K1_SS0_SVW4_WSGRA1_WSGRB1,NO_CHECK,46.88,357.876,,0.00976562,4,32,0.015625,1,1,0.625,270336,8192,,,,,,,,,,2026-04-19 00:04:29.
0,6/44,23/47,Contraction_l_Alik_Bjlk_Cijk_Dijk,"(1,8192,1,1024)",Cijk_Alik_Bjlk_B8B8S_BH_GB_MT64x64x32_MI16x16x16x1_SN_GLVWA16_GLVWB16_GRVW16_K1_SS0_SVW4_WSGRA1_WSGRB1,NO_CHECK,47.68,351.871,,0.00976562,4,32,0.015625,1,1,0.625,270336,8192,,,,,,,,,,2026-04-19 00:04:29.
0,6/44,24/47,Contraction_l_Alik_Bjlk_Cijk_Dijk,"(1,8192,1,1024)",Cijk_Alik_Bjlk_B8B8S_BH_GB_MT64x64x16_MI16x16x16x1_SN_GLVWA4_GLVWB4_GRVW4_K1_SS1_SVW1_WSGRA0_WSGRB0,NO_CHECK,52.921,317.024,,0.00976562,4,32,0.015625,1,1,0.625,270336,8192,,,,,,,,,,2026-04-19 00:04:29.
0,6/44,25/47,Contraction_l_Alik_Bjlk_Cijk_Dijk,"(1,8192,1,1024)",Cijk_Alik_Bjlk_B8B8S_BH_GB_MT64x64x16_MI16x16x16x1_SN_GLVWA8_GLVWB8_GRVW8_K1_SS1_SVW1_WSGRA0_WSGRB0,NO_CHECK,52.32,320.665,,0.00976562,4,32,0.015625,1,1,0.625,270336,8192,,,,,,,,,,2026-04-19 00:04:29.
0,6/44,26/47,Contraction_l_Alik_Bjlk_Cijk_Dijk,"(1,8192,1,1024)",Cijk_Alik_Bjlk_B8B8S_BH_GB_MT64x64x16_MI16x16x16x1_SN_GLVWA16_GLVWB16_GRVW16_K1_SS1_SVW1_WSGRA0_WSGRB0,NO_CHECK,52.761,317.985,,0.00976562,4,32,0.015625,1,1,0.625,270336,8192,,,,,,,,,,2026-04-19 00:04:29.
0,6/44,27/47,Contraction_l_Alik_Bjlk_Cijk_Dijk,"(1,8192,1,1024)",Cijk_Alik_Bjlk_B8B8S_BH_GB_MT64x64x16_MI16x16x16x1_SN_GLVWA4_GLVWB4_GRVW4_K1_SS1_SVW1_WSGRA1_WSGRB0,NO_CHECK,53.721,312.303,,0.00976562,4,32,0.015625,1,1,0.625,270336,8192,,,,,,,,,,2026-04-19 00:04:29.
0,6/44,28/47,Contraction_l_Alik_Bjlk_Cijk_Dijk,"(1,8192,1,1024)",Cijk_Alik_Bjlk_B8B8S_BH_GB_MT64x64x16_MI16x16x16x1_SN_GLVWA8_GLVWB8_GRVW8_K1_SS1_SVW1_WSGRA1_WSGRB0,NO_CHECK,52.44,319.932,,0.00976562,4,32,0.015625,1,1,0.625,270336,8192,,,,,,,,,,2026-04-19 00:04:29.
0,6/44,29/47,Contraction_l_Alik_Bjlk_Cijk_Dijk,"(1,8192,1,1024)",Cijk_Alik_Bjlk_B8B8S_BH_GB_MT64x64x16_MI16x16x16x1_SN_GLVWA16_GLVWB16_GRVW16_K1_SS1_SVW1_WSGRA1_WSGRB0,NO_CHECK,53.361,314.41,,0.00976562,4,32,0.015625,1,1,0.625,270336,8192,,,,,,,,,,2026-04-19 00:04:29.
0,6/44,30/47,Contraction_l_Alik_Bjlk_Cijk_Dijk,"(1,8192,1,1024)",Cijk_Alik_Bjlk_B8B8S_BH_GB_MT64x64x16_MI16x16x16x1_SN_GLVWA4_GLVWB4_GRVW4_K1_SS1_SVW1_WSGRA0_WSGRB1,NO_CHECK,53.121,315.83,,0.00976562,4,32,0.015625,1,1,0.625,270336,8192,,,,,,,,,,2026-04-19 00:04:29.
0,6/44,31/47,Contraction_l_Alik_Bjlk_Cijk_Dijk,"(1,8192,1,1024)",Cijk_Alik_Bjlk_B8B8S_BH_GB_MT64x64x16_MI16x16x16x1_SN_GLVWA8_GLVWB8_GRVW8_K1_SS1_SVW1_WSGRA0_WSGRB1,NO_CHECK,52.64,318.716,,0.00976562,4,32,0.015625,1,1,0.625,270336,8192,,,,,,,,,,2026-04-19 00:04:29.
0,6/44,32/47,Contraction_l_Alik_Bjlk_Cijk_Dijk,"(1,8192,1,1024)",Cijk_Alik_Bjlk_B8B8S_BH_GB_MT64x64x16_MI16x16x16x1_SN_GLVWA16_GLVWB16_GRVW16_K1_SS1_SVW1_WSGRA0_WSGRB1,NO_CHECK,62.121,270.073,,0.00976562,4,32,0.015625,1,1,0.625,270336,8192,,,,,,,,,,2026-04-19 00:04:29.
0,6/44,33/47,Contraction_l_Alik_Bjlk_Cijk_Dijk,"(1,8192,1,1024)",Cijk_Alik_Bjlk_B8B8S_BH_GB_MT64x64x16_MI16x16x16x1_SN_GLVWA4_GLVWB4_GRVW4_K1_SS1_SVW1_WSGRA1_WSGRB1,NO_CHECK,52.64,318.716,,0.00976562,4,32,0.015625,1,1,0.625,270336,8192,,,,,,,,,,2026-04-19 00:04:29.
0,6/44,34/47,Contraction_l_Alik_Bjlk_Cijk_Dijk,"(1,8192,1,1024)",Cijk_Alik_Bjlk_B8B8S_BH_GB_MT64x64x16_MI16x16x16x1_SN_GLVWA8_GLVWB8_GRVW8_K1_SS1_SVW1_WSGRA1_WSGRB1,NO_CHECK,52.561,319.195,,0.00976562,4,32,0.015625,1,1,0.625,270336,8192,,,,,,,,,,2026-04-19 00:04:29.
0,6/44,35/47,Contraction_l_Alik_Bjlk_Cijk_Dijk,"(1,8192,1,1024)",Cijk_Alik_Bjlk_B8B8S_BH_GB_MT64x64x16_MI16x16x16x1_SN_GLVWA16_GLVWB16_GRVW16_K1_SS1_SVW1_WSGRA1_WSGRB1,NO_CHECK,52.961,316.784,,0.00976562,4,32,0.015625,1,1,0.625,270336,8192,,,,,,,,,,2026-04-19 00:04:29.
0,6/44,36/47,Contraction_l_Alik_Bjlk_Cijk_Dijk,"(1,8192,1,1024)",Cijk_Alik_Bjlk_B8B8S_BH_GB_MT64x64x32_MI16x16x16x1_SN_GLVWA4_GLVWB4_GRVW4_K1_SS1_SVW1_WSGRA0_WSGRB0,NO_CHECK,47.36,354.249,,0.00976562,4,32,0.015625,1,1,0.625,270336,8192,,,,,,,,,,2026-04-19 00:04:29.
0,6/44,37/47,Contraction_l_Alik_Bjlk_Cijk_Dijk,"(1,8192,1,1024)",Cijk_Alik_Bjlk_B8B8S_BH_GB_MT64x64x32_MI16x16x16x1_SN_GLVWA8_GLVWB8_GRVW8_K1_SS1_SVW1_WSGRA0_WSGRB0,NO_CHECK,47.92,350.109,,0.00976562,4,32,0.015625,1,1,0.625,270336,8192,,,,,,,,,,2026-04-19 00:04:29.
0,6/44,38/47,Contraction_l_Alik_Bjlk_Cijk_Dijk,"(1,8192,1,1024)",Cijk_Alik_Bjlk_B8B8S_BH_GB_MT64x64x32_MI16x16x16x1_SN_GLVWA16_GLVWB16_GRVW16_K1_SS1_SVW1_WSGRA0_WSGRB0,NO_CHECK,46.401,361.57,,0.00976562,4,32,0.015625,1,1,0.625,270336,8192,,,,,,,,,,2026-04-19 00:04:29.
0,6/44,39/47,Contraction_l_Alik_Bjlk_Cijk_Dijk,"(1,8192,1,1024)",Cijk_Alik_Bjlk_B8B8S_BH_GB_MT64x64x32_MI16x16x16x1_SN_GLVWA4_GLVWB4_GRVW4_K1_SS1_SVW1_WSGRA1_WSGRB0,NO_CHECK,47.521,353.048,,0.00976562,4,32,0.015625,1,1,0.625,270336,8192,,,,,,,,,,2026-04-19 00:04:29.
0,6/44,40/47,Contraction_l_Alik_Bjlk_Cijk_Dijk,"(1,8192,1,1024)",Cijk_Alik_Bjlk_B8B8S_BH_GB_MT64x64x32_MI16x16x16x1_SN_GLVWA8_GLVWB8_GRVW8_K1_SS1_SVW1_WSGRA1_WSGRB0,NO_CHECK,48.32,347.211,,0.00976562,4,32,0.015625,1,1,0.625,270336,8192,,,,,,,,,,2026-04-19 00:04:29.
0,6/44,41/47,Contraction_l_Alik_Bjlk_Cijk_Dijk,"(1,8192,1,1024)",Cijk_Alik_Bjlk_B8B8S_BH_GB_MT64x64x32_MI16x16x16x1_SN_GLVWA16_GLVWB16_GRVW16_K1_SS1_SVW1_WSGRA1_WSGRB0,NO_CHECK,46.16,363.458,,0.00976562,4,32,0.015625,1,1,0.625,270336,8192,,,,,,,,,,2026-04-19 00:04:29.
0,6/44,42/47,Contraction_l_Alik_Bjlk_Cijk_Dijk,"(1,8192,1,1024)",Cijk_Alik_Bjlk_B8B8S_BH_GB_MT64x64x32_MI16x16x16x1_SN_GLVWA4_GLVWB4_GRVW4_K1_SS1_SVW1_WSGRA0_WSGRB1,NO_CHECK,49.001,342.385,,0.00976562,4,32,0.015625,1,1,0.625,270336,8192,,,,,,,,,,2026-04-19 00:04:29.
0,6/44,43/47,Contraction_l_Alik_Bjlk_Cijk_Dijk,"(1,8192,1,1024)",Cijk_Alik_Bjlk_B8B8S_BH_GB_MT64x64x32_MI16x16x16x1_SN_GLVWA8_GLVWB8_GRVW8_K1_SS1_SVW1_WSGRA0_WSGRB1,NO_CHECK,47.041,356.651,,0.00976562,4,32,0.015625,1,1,0.625,270336,8192,,,,,,,,,,2026-04-19 00:04:29.
0,6/44,44/47,Contraction_l_Alik_Bjlk_Cijk_Dijk,"(1,8192,1,1024)",Cijk_Alik_Bjlk_B8B8S_BH_GB_MT64x64x32_MI16x16x16x1_SN_GLVWA16_GLVWB16_GRVW16_K1_SS1_SVW1_WSGRA0_WSGRB1,NO_CHECK,47.4,353.95,,0.00976562,4,32,0.015625,1,1,0.625,270336,8192,,,,,,,,,,2026-04-19 00:04:29.
0,6/44,45/47,Contraction_l_Alik_Bjlk_Cijk_Dijk,"(1,8192,1,1024)",Cijk_Alik_Bjlk_B8B8S_BH_GB_MT64x64x32_MI16x16x16x1_SN_GLVWA4_GLVWB4_GRVW4_K1_SS1_SVW1_WSGRA1_WSGRB1,NO_CHECK,53.361,314.41,,0.00976562,4,32,0.015625,1,1,0.625,270336,8192,,,,,,,,,,2026-04-19 00:04:29.
0,6/44,46/47,Contraction_l_Alik_Bjlk_Cijk_Dijk,"(1,8192,1,1024)",Cijk_Alik_Bjlk_B8B8S_BH_GB_MT64x64x32_MI16x16x16x1_SN_GLVWA8_GLVWB8_GRVW8_K1_SS1_SVW1_WSGRA1_WSGRB1,NO_CHECK,47.96,349.817,,0.00976562,4,32,0.015625,1,1,0.625,270336,8192,,,,,,,,,,2026-04-19 00:04:29.
0,6/44,47/47,Contraction_l_Alik_Bjlk_Cijk_Dijk,"(1,8192,1,1024)",Cijk_Alik_Bjlk_B8B8S_BH_GB_MT64x64x32_MI16x16x16x1_SN_GLVWA16_GLVWB16_GRVW16_K1_SS1_SVW1_WSGRA1_WSGRB1,NO_CHECK,48,349.525,,0.00976562,4,32,0.015625,1,1,0.625,270336,8192,,,,,,,,,,2026-04-19 00:04:29.
0,7/44,0/47,Contraction_l_Alik_Bjlk_Cijk_Dijk,"(1,8192,1,4096)",Cijk_Alik_Bjlk_B8B8S_BH_GB_MT64x64x16_MI16x16x16x1_SN_GLVWA4_GLVWB4_GRVW4_K1_SS0_SVW4_WSGRA0_WSGRB0,NO_CHECK,145.241,462.052,,0.00976562,4,32,0.015625,1,1,0.625,1056768,8192,,,,,,,,,,2026-04-19 00:04:29.
0,7/44,1/47,Contraction_l_Alik_Bjlk_Cijk_Dijk,"(1,8192,1,4096)",Cijk_Alik_Bjlk_B8B8S_BH_GB_MT64x64x16_MI16x16x16x1_SN_GLVWA8_GLVWB8_GRVW8_K1_SS0_SVW4_WSGRA0_WSGRB0,NO_CHECK,137.202,489.125,,0.00976562,4,32,0.015625,1,1,0.625,1056768,8192,,,,,,,,,,2026-04-19 00:04:29.
0,7/44,2/47,Contraction_l_Alik_Bjlk_Cijk_Dijk,"(1,8192,1,4096)",Cijk_Alik_Bjlk_B8B8S_BH_GB_MT64x64x16_MI16x16x16x1_SN_GLVWA16_GLVWB16_GRVW16_K1_SS0_SVW4_WSGRA0_WSGRB0,NO_CHECK,136.682,490.985,,0.00976562,4,32,0.015625,1,1,0.625,1056768,8192,,,,,,,,,,2026-04-19 00:04:29.
0,7/44,3/47,Contraction_l_Alik_Bjlk_Cijk_Dijk,"(1,8192,1,4096)",Cijk_Alik_Bjlk_B8B8S_BH_GB_MT64x64x16_MI16x16x16x1_SN_GLVWA4_GLVWB4_GRVW4_K1_SS0_SVW4_WSGRA1_WSGRB0,NO_CHECK,137.441,488.274,,0.00976562,4,32,0.015625,1,1,0.625,1056768,8192,,,,,,,,,,2026-04-19 00:04:29.
0,7/44,4/47,Contraction_l_Alik_Bjlk_Cijk_Dijk,"(1,8192,1,4096)",Cijk_Alik_Bjlk_B8B8S_BH_GB_MT64x64x16_MI16x16x16x1_SN_GLVWA8_GLVWB8_GRVW8_K1_SS0_SVW4_WSGRA1_WSGRB0,NO_CHECK,137.202,489.125,,0.00976562,4,32,0.015625,1,1,0.625,1056768,8192,,,,,,,,,,2026-04-19 00:04:29.
0,7/44,5/47,Contraction_l_Alik_Bjlk_Cijk_Dijk,"(1,8192,1,4096)",Cijk_Alik_Bjlk_B8B8S_BH_GB_MT64x64x16_MI16x16x16x1_SN_GLVWA16_GLVWB16_GRVW16_K1_SS0_SVW4_WSGRA1_WSGRB0,NO_CHECK,136.602,491.273,,0.00976562,4,32,0.015625,1,1,0.625,1056768,8192,,,,,,,,,,2026-04-19 00:04:29.
0,7/44,6/47,Contraction_l_Alik_Bjlk_Cijk_Dijk,"(1,8192,1,4096)",Cijk_Alik_Bjlk_B8B8S_BH_GB_MT64x64x16_MI16x16x16x1_SN_GLVWA4_GLVWB4_GRVW4_K1_SS0_SVW4_WSGRA0_WSGRB1,NO_CHECK,137.802,486.995,,0.00976562,4,32,0.015625,1,1,0.625,1056768,8192,,,,,,,,,,2026-04-19 00:04:29.
0,7/44,7/47,Contraction_l_Alik_Bjlk_Cijk_Dijk,"(1,8192,1,4096)",Cijk_Alik_Bjlk_B8B8S_BH_GB_MT64x64x16_MI16x16x16x1_SN_GLVWA8_GLVWB8_GRVW8_K1_SS0_SVW4_WSGRA0_WSGRB1,NO_CHECK,136.361,492.141,,0.00976562,4,32,0.015625,1,1,0.625,1056768,8192,,,,,,,,,,2026-04-19 00:04:29.
0,7/44,8/47,Contraction_l_Alik_Bjlk_Cijk_Dijk,"(1,8192,1,4096)",Cijk_Alik_Bjlk_B8B8S_BH_GB_MT64x64x16_MI16x16x16x1_SN_GLVWA16_GLVWB16_GRVW16_K1_SS0_SVW4_WSGRA0_WSGRB1,NO_CHECK,135.642,494.75,,0.00976562,4,32,0.015625,1,1,0.625,1056768,8192,,,,,,,,,,2026-04-19 00:04:29.
0,7/44,9/47,Contraction_l_Alik_Bjlk_Cijk_Dijk,"(1,8192,1,4096)",Cijk_Alik_Bjlk_B8B8S_BH_GB_MT64x64x16_MI16x16x16x1_SN_GLVWA4_GLVWB4_GRVW4_K1_SS0_SVW4_WSGRA1_WSGRB1,NO_CHECK,137.722,487.278,,0.00976562,4,32,0.015625,1,1,0.625,1056768,8192,,,,,,,,,,2026-04-19 00:04:29.
0,7/44,10/47,Contraction_l_Alik_Bjlk_Cijk_Dijk,"(1,8192,1,4096)",Cijk_Alik_Bjlk_B8B8S_BH_GB_MT64x64x16_MI16x16x16x1_SN_GLVWA8_GLVWB8_GRVW8_K1_SS0_SVW4_WSGRA1_WSGRB1,NO_CHECK,136.561,491.42,,0.00976562,4,32,0.015625,1,1,0.625,1056768,8192,,,,,,,,,,2026-04-19 00:04:29.
0,7/44,11/47,Contraction_l_Alik_Bjlk_Cijk_Dijk,"(1,8192,1,4096)",Cijk_Alik_Bjlk_B8B8S_BH_GB_MT64x64x16_MI16x16x16x1_SN_GLVWA16_GLVWB16_GRVW16_K1_SS0_SVW4_WSGRA1_WSGRB1,NO_CHECK,135.721,494.462,,0.00976562,4,32,0.015625,1,1,0.625,1056768,8192,,,,,,,,,,2026-04-19 00:04:29.
0,7/44,12/47,Contraction_l_Alik_Bjlk_Cijk_Dijk,"(1,8192,1,4096)",Cijk_Alik_Bjlk_B8B8S_BH_GB_MT64x64x32_MI16x16x16x1_SN_GLVWA4_GLVWB4_GRVW4_K1_SS0_SVW4_WSGRA0_WSGRB0,NO_CHECK,116.562,575.735,,0.00976562,4,32,0.015625,1,1,0.625,1056768,8192,,,,,,,,,,2026-04-19 00:04:29.
0,7/44,13/47,Contraction_l_Alik_Bjlk_Cijk_Dijk,"(1,8192,1,4096)",Cijk_Alik_Bjlk_B8B8S_BH_GB_MT64x64x32_MI16x16x16x1_SN_GLVWA8_GLVWB8_GRVW8_K1_SS0_SVW4_WSGRA0_WSGRB0,NO_CHECK,112.282,597.681,,0.00976562,4,32,0.015625,1,1,0.625,1056768,8192,,,,,,,,,,2026-04-19 00:04:29.
0,7/44,14/47,Contraction_l_Alik_Bjlk_Cijk_Dijk,"(1,8192,1,4096)",Cijk_Alik_Bjlk_B8B8S_BH_GB_MT64x64x32_MI16x16x16x1_SN_GLVWA16_GLVWB16_GRVW16_K1_SS0_SVW4_WSGRA0_WSGRB0,NO_CHECK,110.922,605.009,,0.00976562,4,32,0.015625,1,1,0.625,1056768,8192,,,,,,,,,,2026-04-19 00:04:29.
0,7/44,15/47,Contraction_l_Alik_Bjlk_Cijk_Dijk,"(1,8192,1,4096)",Cijk_Alik_Bjlk_B8B8S_BH_GB_MT64x64x32_MI16x16x16x1_SN_GLVWA4_GLVWB4_GRVW4_K1_SS0_SVW4_WSGRA1_WSGRB0,NO_CHECK,115.002,583.545,,0.00976562,4,32,0.015625,1,1,0.625,1056768,8192,,,,,,,,,,2026-04-19 00:04:29.
0,7/44,16/47,Contraction_l_Alik_Bjlk_Cijk_Dijk,"(1,8192,1,4096)",Cijk_Alik_Bjlk_B8B8S_BH_GB_MT64x64x32_MI16x16x16x1_SN_GLVWA8_GLVWB8_GRVW8_K1_SS0_SVW4_WSGRA1_WSGRB0,NO_CHECK,110.282,608.521,,0.00976562,4,32,0.015625,1,1,0.625,1056768,8192,,,,,,,,,,2026-04-19 00:04:29.
0,7/44,17/47,Contraction_l_Alik_Bjlk_Cijk_Dijk,"(1,8192,1,4096)",Cijk_Alik_Bjlk_B8B8S_BH_GB_MT64x64x32_MI16x16x16x1_SN_GLVWA16_GLVWB16_GRVW16_K1_SS0_SVW4_WSGRA1_WSGRB0,NO_CHECK,109.362,613.64,,0.00976562,4,32,0.015625,1,1,0.625,1056768,8192,,,,,,,,,,2026-04-19 00:04:29.
0,7/44,18/47,Contraction_l_Alik_Bjlk_Cijk_Dijk,"(1,8192,1,4096)",Cijk_Alik_Bjlk_B8B8S_BH_GB_MT64x64x32_MI16x16x16x1_SN_GLVWA4_GLVWB4_GRVW4_K1_SS0_SVW4_WSGRA0_WSGRB1,NO_CHECK,114.002,588.664,,0.00976562,4,32,0.015625,1,1,0.625,1056768,8192,,,,,,,,,,2026-04-19 00:04:29.
0,7/44,19/47,Contraction_l_Alik_Bjlk_Cijk_Dijk,"(1,8192,1,4096)",Cijk_Alik_Bjlk_B8B8S_BH_GB_MT64x64x32_MI16x16x16x1_SN_GLVWA8_GLVWB8_GRVW8_K1_SS0_SVW4_WSGRA0_WSGRB1,NO_CHECK,111.362,602.619,,0.00976562,4,32,0.015625,1,1,0.625,1056768,8192,,,,,,,,,,2026-04-19 00:04:29.
0,7/44,20/47,Contraction_l_Alik_Bjlk_Cijk_Dijk,"(1,8192,1,4096)",Cijk_Alik_Bjlk_B8B8S_BH_GB_MT64x64x32_MI16x16x16x1_SN_GLVWA16_GLVWB16_GRVW16_K1_SS0_SVW4_WSGRA0_WSGRB1,NO_CHECK,110.161,609.189,,0.00976562,4,32,0.015625,1,1,0.625,1056768,8192,,,,,,,,,,2026-04-19 00:04:29.
0,7/44,21/47,Contraction_l_Alik_Bjlk_Cijk_Dijk,"(1,8192,1,4096)",Cijk_Alik_Bjlk_B8B8S_BH_GB_MT64x64x32_MI16x16x16x1_SN_GLVWA4_GLVWB4_GRVW4_K1_SS0_SVW4_WSGRA1_WSGRB1,NO_CHECK,113.241,592.62,,0.00976562,4,32,0.015625,1,1,0.625,1056768,8192,,,,,,,,,,2026-04-19 00:04:29.
0,7/44,22/47,Contraction_l_Alik_Bjlk_Cijk_Dijk,"(1,8192,1,4096)",Cijk_Alik_Bjlk_B8B8S_BH_GB_MT64x64x32_MI16x16x16x1_SN_GLVWA8_GLVWB8_GRVW8_K1_SS0_SVW4_WSGRA1_WSGRB1,NO_CHECK,111.961,599.395,,0.00976562,4,32,0.015625,1,1,0.625,1056768,8192,,,,,,,,,,2026-04-19 00:04:29.
0,7/44,23/47,Contraction_l_Alik_Bjlk_Cijk_Dijk,"(1,8192,1,4096)",Cijk_Alik_Bjlk_B8B8S_BH_GB_MT64x64x32_MI16x16x16x1_SN_GLVWA16_GLVWB16_GRVW16_K1_SS0_SVW4_WSGRA1_WSGRB1,NO_CHECK,110.801,605.67,,0.00976562,4,32,0.015625,1,1,0.625,1056768,8192,,,,,,,,,,2026-04-19 00:04:29.
0,7/44,24/47,Contraction_l_Alik_Bjlk_Cijk_Dijk,"(1,8192,1,4096)",Cijk_Alik_Bjlk_B8B8S_BH_GB_MT64x64x16_MI16x16x16x1_SN_GLVWA4_GLVWB4_GRVW4_K1_SS1_SVW1_WSGRA0_WSGRB0,NO_CHECK,136.321,492.286,,0.00976562,4,32,0.015625,1,1,0.625,1056768,8192,,,,,,,,,,2026-04-19 00:04:29.
0,7/44,25/47,Contraction_l_Alik_Bjlk_Cijk_Dijk,"(1,8192,1,4096)",Cijk_Alik_Bjlk_B8B8S_BH_GB_MT64x64x16_MI16x16x16x1_SN_GLVWA8_GLVWB8_GRVW8_K1_SS1_SVW1_WSGRA0_WSGRB0,NO_CHECK,135.882,493.876,,0.00976562,4,32,0.015625,1,1,0.625,1056768,8192,,,,,,,,,,2026-04-19 00:04:29.
0,7/44,26/47,Contraction_l_Alik_Bjlk_Cijk_Dijk,"(1,8192,1,4096)",Cijk_Alik_Bjlk_B8B8S_BH_GB_MT64x64x16_MI16x16x16x1_SN_GLVWA16_GLVWB16_GRVW16_K1_SS1_SVW1_WSGRA0_WSGRB0,NO_CHECK,137.042,489.696,,0.00976562,4,32,0.015625,1,1,0.625,1056768,8192,,,,,,,,,,2026-04-19 00:04:29.
0,7/44,27/47,Contraction_l_Alik_Bjlk_Cijk_Dijk,"(1,8192,1,4096)",Cijk_Alik_Bjlk_B8B8S_BH_GB_MT64x64x16_MI16x16x16x1_SN_GLVWA4_GLVWB4_GRVW4_K1_SS1_SVW1_WSGRA1_WSGRB0,NO_CHECK,137.441,488.274,,0.00976562,4,32,0.015625,1,1,0.625,1056768,8192,,,,,,,,,,2026-04-19 00:04:29.
0,7/44,28/47,Contraction_l_Alik_Bjlk_Cijk_Dijk,"(1,8192,1,4096)",Cijk_Alik_Bjlk_B8B8S_BH_GB_MT64x64x16_MI16x16x16x1_SN_GLVWA8_GLVWB8_GRVW8_K1_SS1_SVW1_WSGRA1_WSGRB0,NO_CHECK,136.561,491.42,,0.00976562,4,32,0.015625,1,1,0.625,1056768,8192,,,,,,,,,,2026-04-19 00:04:29.
0,7/44,29/47,Contraction_l_Alik_Bjlk_Cijk_Dijk,"(1,8192,1,4096)",Cijk_Alik_Bjlk_B8B8S_BH_GB_MT64x64x16_MI16x16x16x1_SN_GLVWA16_GLVWB16_GRVW16_K1_SS1_SVW1_WSGRA1_WSGRB0,NO_CHECK,137.682,487.419,,0.00976562,4,32,0.015625,1,1,0.625,1056768,8192,,,,,,,,,,2026-04-19 00:04:29.
0,7/44,30/47,Contraction_l_Alik_Bjlk_Cijk_Dijk,"(1,8192,1,4096)",Cijk_Alik_Bjlk_B8B8S_BH_GB_MT64x64x16_MI16x16x16x1_SN_GLVWA4_GLVWB4_GRVW4_K1_SS1_SVW1_WSGRA0_WSGRB1,NO_CHECK,137.921,486.575,,0.00976562,4,32,0.015625,1,1,0.625,1056768,8192,,,,,,,,,,2026-04-19 00:04:29.
0,7/44,31/47,Contraction_l_Alik_Bjlk_Cijk_Dijk,"(1,8192,1,4096)",Cijk_Alik_Bjlk_B8B8S_BH_GB_MT64x64x16_MI16x16x16x1_SN_GLVWA8_GLVWB8_GRVW8_K1_SS1_SVW1_WSGRA0_WSGRB1,NO_CHECK,137.481,488.132,,0.00976562,4,32,0.015625,1,1,0.625,1056768,8192,,,,,,,,,,2026-04-19 00:04:29.
0,7/44,32/47,Contraction_l_Alik_Bjlk_Cijk_Dijk,"(1,8192,1,4096)",Cijk_Alik_Bjlk_B8B8S_BH_GB_MT64x64x16_MI16x16x16x1_SN_GLVWA16_GLVWB16_GRVW16_K1_SS1_SVW1_WSGRA0_WSGRB1,NO_CHECK,145.082,462.558,,0.00976562,4,32,0.015625,1,1,0.625,1056768,8192,,,,,,,,,,2026-04-19 00:04:29.
0,7/44,33/47,Contraction_l_Alik_Bjlk_Cijk_Dijk,"(1,8192,1,4096)",Cijk_Alik_Bjlk_B8B8S_BH_GB_MT64x64x16_MI16x16x16x1_SN_GLVWA4_GLVWB4_GRVW4_K1_SS1_SVW1_WSGRA1_WSGRB1,NO_CHECK,139.401,481.409,,0.00976562,4,32,0.015625,1,1,0.625,1056768,8192,,,,,,,,,,2026-04-19 00:04:29.
0,7/44,34/47,Contraction_l_Alik_Bjlk_Cijk_Dijk,"(1,8192,1,4096)",Cijk_Alik_Bjlk_B8B8S_BH_GB_MT64x64x16_MI16x16x16x1_SN_GLVWA8_GLVWB8_GRVW8_K1_SS1_SVW1_WSGRA1_WSGRB1,NO_CHECK,138.242,485.445,,0.00976562,4,32,0.015625,1,1,0.625,1056768,8192,,,,,,,,,,2026-04-19 00:04:29.
0,7/44,35/47,Contraction_l_Alik_Bjlk_Cijk_Dijk,"(1,8192,1,4096)",Cijk_Alik_Bjlk_B8B8S_BH_GB_MT64x64x16_MI16x16x16x1_SN_GLVWA16_GLVWB16_GRVW16_K1_SS1_SVW1_WSGRA1_WSGRB1,NO_CHECK,136.802,490.555,,0.00976562,4,32,0.015625,1,1,0.625,1056768,8192,,,,,,,,,,2026-04-19 00:04:29.
0,7/44,36/47,Contraction_l_Alik_Bjlk_Cijk_Dijk,"(1,8192,1,4096)",Cijk_Alik_Bjlk_B8B8S_BH_GB_MT64x64x32_MI16x16x16x1_SN_GLVWA4_GLVWB4_GRVW4_K1_SS1_SVW1_WSGRA0_WSGRB0,NO_CHECK,117.801,569.68,,0.00976562,4,32,0.015625,1,1,0.625,1056768,8192,,,,,,,,,,2026-04-19 00:04:29.
0,7/44,37/47,Contraction_l_Alik_Bjlk_Cijk_Dijk,"(1,8192,1,4096)",Cijk_Alik_Bjlk_B8B8S_BH_GB_MT64x64x32_MI16x16x16x1_SN_GLVWA8_GLVWB8_GRVW8_K1_SS1_SVW1_WSGRA0_WSGRB0,NO_CHECK,113.201,592.829,,0.00976562,4,32,0.015625,1,1,0.625,1056768,8192,,,,,,,,,,2026-04-19 00:04:29.
0,7/44,38/47,Contraction_l_Alik_Bjlk_Cijk_Dijk,"(1,8192,1,4096)",Cijk_Alik_Bjlk_B8B8S_BH_GB_MT64x64x32_MI16x16x16x1_SN_GLVWA16_GLVWB16_GRVW16_K1_SS1_SVW1_WSGRA0_WSGRB0,NO_CHECK,110.721,606.108,,0.00976562,4,32,0.015625,1,1,0.625,1056768,8192,,,,,,,,,,2026-04-19 00:04:29.
0,7/44,39/47,Contraction_l_Alik_Bjlk_Cijk_Dijk,"(1,8192,1,4096)",Cijk_Alik_Bjlk_B8B8S_BH_GB_MT64x64x32_MI16x16x16x1_SN_GLVWA4_GLVWB4_GRVW4_K1_SS1_SVW1_WSGRA1_WSGRB0,NO_CHECK,114.681,585.179,,0.00976562,4,32,0.015625,1,1,0.625,1056768,8192,,,,,,,,,,2026-04-19 00:04:29.
0,7/44,40/47,Contraction_l_Alik_Bjlk_Cijk_Dijk,"(1,8192,1,4096)",Cijk_Alik_Bjlk_B8B8S_BH_GB_MT64x64x32_MI16x16x16x1_SN_GLVWA8_GLVWB8_GRVW8_K1_SS1_SVW1_WSGRA1_WSGRB0,NO_CHECK,111.321,602.841,,0.00976562,4,32,0.015625,1,1,0.625,1056768,8192,,,,,,,,,,2026-04-19 00:04:29.
0,7/44,41/47,Contraction_l_Alik_Bjlk_Cijk_Dijk,"(1,8192,1,4096)",Cijk_Alik_Bjlk_B8B8S_BH_GB_MT64x64x32_MI16x16x16x1_SN_GLVWA16_GLVWB16_GRVW16_K1_SS1_SVW1_WSGRA1_WSGRB0,NO_CHECK,111.241,603.275,,0.00976562,4,32,0.015625,1,1,0.625,1056768,8192,,,,,,,,,,2026-04-19 00:04:29.
0,7/44,42/47,Contraction_l_Alik_Bjlk_Cijk_Dijk,"(1,8192,1,4096)",Cijk_Alik_Bjlk_B8B8S_BH_GB_MT64x64x32_MI16x16x16x1_SN_GLVWA4_GLVWB4_GRVW4_K1_SS1_SVW1_WSGRA0_WSGRB1,NO_CHECK,114.841,584.363,,0.00976562,4,32,0.015625,1,1,0.625,1056768,8192,,,,,,,,,,2026-04-19 00:04:29.
0,7/44,43/47,Contraction_l_Alik_Bjlk_Cijk_Dijk,"(1,8192,1,4096)",Cijk_Alik_Bjlk_B8B8S_BH_GB_MT64x64x32_MI16x16x16x1_SN_GLVWA8_GLVWB8_GRVW8_K1_SS1_SVW1_WSGRA0_WSGRB1,NO_CHECK,112.001,599.181,,0.00976562,4,32,0.015625,1,1,0.625,1056768,8192,,,,,,,,,,2026-04-19 00:04:29.
0,7/44,44/47,Contraction_l_Alik_Bjlk_Cijk_Dijk,"(1,8192,1,4096)",Cijk_Alik_Bjlk_B8B8S_BH_GB_MT64x64x32_MI16x16x16x1_SN_GLVWA16_GLVWB16_GRVW16_K1_SS1_SVW1_WSGRA0_WSGRB1,NO_CHECK,111.801,600.253,,0.00976562,4,32,0.015625,1,1,0.625,1056768,8192,,,,,,,,,,2026-04-19 00:04:29.
0,7/44,45/47,Contraction_l_Alik_Bjlk_Cijk_Dijk,"(1,8192,1,4096)",Cijk_Alik_Bjlk_B8B8S_BH_GB_MT64x64x32_MI16x16x16x1_SN_GLVWA4_GLVWB4_GRVW4_K1_SS1_SVW1_WSGRA1_WSGRB1,NO_CHECK,114.921,583.956,,0.00976562,4,32,0.015625,1,1,0.625,1056768,8192,,,,,,,,,,2026-04-19 00:04:29.
0,7/44,46/47,Contraction_l_Alik_Bjlk_Cijk_Dijk,"(1,8192,1,4096)",Cijk_Alik_Bjlk_B8B8S_BH_GB_MT64x64x32_MI16x16x16x1_SN_GLVWA8_GLVWB8_GRVW8_K1_SS1_SVW1_WSGRA1_WSGRB1,NO_CHECK,110.721,606.108,,0.00976562,4,32,0.015625,1,1,0.625,1056768,8192,,,,,,,,,,2026-04-19 00:04:29.
0,7/44,47/47,Contraction_l_Alik_Bjlk_Cijk_Dijk,"(1,8192,1,4096)",Cijk_Alik_Bjlk_B8B8S_BH_GB_MT64x64x32_MI16x16x16x1_SN_GLVWA16_GLVWB16_GRVW16_K1_SS1_SVW1_WSGRA1_WSGRB1,NO_CHECK,109.441,613.197,,0.00976562,4,32,0.015625,1,1,0.625,1056768,8192,,,,,,,,,,2026-04-19 00:04:29.
0,8/44,0/47,Contraction_l_Alik_Bjlk_Cijk_Dijk,"(1,8192,1,8192)",Cijk_Alik_Bjlk_B8B8S_BH_GB_MT64x64x16_MI16x16x16x1_SN_GLVWA4_GLVWB4_GRVW4_K1_SS0_SVW4_WSGRA0_WSGRB0,NO_CHECK,990.012,135.572,,0.00976562,4,32,0.015625,1,1,0.625,2105344,8192,,,,,,,,,,2026-04-19 00:04:29.
0,8/44,1/47,Contraction_l_Alik_Bjlk_Cijk_Dijk,"(1,8192,1,8192)",Cijk_Alik_Bjlk_B8B8S_BH_GB_MT64x64x16_MI16x16x16x1_SN_GLVWA8_GLVWB8_GRVW8_K1_SS0_SVW4_WSGRA0_WSGRB0,NO_CHECK,356.164,376.842,,0.00976562,4,32,0.015625,1,1,0.625,2105344,8192,,,,,,,,,,2026-04-19 00:04:29.
0,8/44,2/47,Contraction_l_Alik_Bjlk_Cijk_Dijk,"(1,8192,1,8192)",Cijk_Alik_Bjlk_B8B8S_BH_GB_MT64x64x16_MI16x16x16x1_SN_GLVWA16_GLVWB16_GRVW16_K1_SS0_SVW4_WSGRA0_WSGRB0,NO_CHECK,309.043,434.301,,0.00976562,4,32,0.015625,1,1,0.625,2105344,8192,,,,,,,,,,2026-04-19 00:04:29.
0,8/44,3/47,Contraction_l_Alik_Bjlk_Cijk_Dijk,"(1,8192,1,8192)",Cijk_Alik_Bjlk_B8B8S_BH_GB_MT64x64x16_MI16x16x16x1_SN_GLVWA4_GLVWB4_GRVW4_K1_SS0_SVW4_WSGRA1_WSGRB0,NO_CHECK,310.284,432.564,,0.00976562,4,32,0.015625,1,1,0.625,2105344,8192,,,,,,,,,,2026-04-19 00:04:29.
0,8/44,4/47,Contraction_l_Alik_Bjlk_Cijk_Dijk,"(1,8192,1,8192)",Cijk_Alik_Bjlk_B8B8S_BH_GB_MT64x64x16_MI16x16x16x1_SN_GLVWA8_GLVWB8_GRVW8_K1_SS0_SVW4_WSGRA1_WSGRB0,NO_CHECK,247.163,543.033,,0.00976562,4,32,0.015625,1,1,0.625,2105344,8192,,,,,,,,,,2026-04-19 00:04:29.
0,8/44,5/47,Contraction_l_Alik_Bjlk_Cijk_Dijk,"(1,8192,1,8192)",Cijk_Alik_Bjlk_B8B8S_BH_GB_MT64x64x16_MI16x16x16x1_SN_GLVWA16_GLVWB16_GRVW16_K1_SS0_SVW4_WSGRA1_WSGRB0,NO_CHECK,248.243,540.671,,0.00976562,4,32,0.015625,1,1,0.625,2105344,8192,,,,,,,,,,2026-04-19 00:04:29.
0,8/44,6/47,Contraction_l_Alik_Bjlk_Cijk_Dijk,"(1,8192,1,8192)",Cijk_Alik_Bjlk_B8B8S_BH_GB_MT64x64x16_MI16x16x16x1_SN_GLVWA4_GLVWB4_GRVW4_K1_SS0_SVW4_WSGRA0_WSGRB1,NO_CHECK,252.523,531.507,,0.00976562,4,32,0.015625,1,1,0.625,2105344,8192,,,,,,,,,,2026-04-19 00:04:29.
0,8/44,7/47,Contraction_l_Alik_Bjlk_Cijk_Dijk,"(1,8192,1,8192)",Cijk_Alik_Bjlk_B8B8S_BH_GB_MT64x64x16_MI16x16x16x1_SN_GLVWA8_GLVWB8_GRVW8_K1_SS0_SVW4_WSGRA0_WSGRB1,NO_CHECK,249.803,537.294,,0.00976562,4,32,0.015625,1,1,0.625,2105344,8192,,,,,,,,,,2026-04-19 00:04:29.
0,8/44,8/47,Contraction_l_Alik_Bjlk_Cijk_Dijk,"(1,8192,1,8192)",Cijk_Alik_Bjlk_B8B8S_BH_GB_MT64x64x16_MI16x16x16x1_SN_GLVWA16_GLVWB16_GRVW16_K1_SS0_SVW4_WSGRA0_WSGRB1,NO_CHECK,251.643,533.366,,0.00976562,4,32,0.015625,1,1,0.625,2105344,8192,,,,,,,,,,2026-04-19 00:04:29.
0,8/44,9/47,Contraction_l_Alik_Bjlk_Cijk_Dijk,"(1,8192,1,8192)",Cijk_Alik_Bjlk_B8B8S_BH_GB_MT64x64x16_MI16x16x16x1_SN_GLVWA4_GLVWB4_GRVW4_K1_SS0_SVW4_WSGRA1_WSGRB1,NO_CHECK,254.403,527.579,,0.00976562,4,32,0.015625,1,1,0.625,2105344,8192,,,,,,,,,,2026-04-19 00:04:29.
0,8/44,10/47,Contraction_l_Alik_Bjlk_Cijk_Dijk,"(1,8192,1,8192)",Cijk_Alik_Bjlk_B8B8S_BH_GB_MT64x64x16_MI16x16x16x1_SN_GLVWA8_GLVWB8_GRVW8_K1_SS0_SVW4_WSGRA1_WSGRB1,NO_CHECK,253.763,528.91,,0.00976562,4,32,0.015625,1,1,0.625,2105344,8192,,,,,,,,,,2026-04-19 00:04:29.
0,8/44,11/47,Contraction_l_Alik_Bjlk_Cijk_Dijk,"(1,8192,1,8192)",Cijk_Alik_Bjlk_B8B8S_BH_GB_MT64x64x16_MI16x16x16x1_SN_GLVWA16_GLVWB16_GRVW16_K1_SS0_SVW4_WSGRA1_WSGRB1,NO_CHECK,250.763,535.237,,0.00976562,4,32,0.015625,1,1,0.625,2105344,8192,,,,,,,,,,2026-04-19 00:04:29.
0,8/44,12/47,Contraction_l_Alik_Bjlk_Cijk_Dijk,"(1,8192,1,8192)",Cijk_Alik_Bjlk_B8B8S_BH_GB_MT64x64x32_MI16x16x16x1_SN_GLVWA4_GLVWB4_GRVW4_K1_SS0_SVW4_WSGRA0_WSGRB0,NO_CHECK,214.442,625.893,,0.00976562,4,32,0.015625,1,1,0.625,2105344,8192,,,,,,,,,,2026-04-19 00:04:29.
0,8/44,13/47,Contraction_l_Alik_Bjlk_Cijk_Dijk,"(1,8192,1,8192)",Cijk_Alik_Bjlk_B8B8S_BH_GB_MT64x64x32_MI16x16x16x1_SN_GLVWA8_GLVWB8_GRVW8_K1_SS0_SVW4_WSGRA0_WSGRB0,NO_CHECK,204.122,657.537,,0.00976562,4,32,0.015625,1,1,0.625,2105344,8192,,,,,,,,,,2026-04-19 00:04:29.
0,8/44,14/47,Contraction_l_Alik_Bjlk_Cijk_Dijk,"(1,8192,1,8192)",Cijk_Alik_Bjlk_B8B8S_BH_GB_MT64x64x32_MI16x16x16x1_SN_GLVWA16_GLVWB16_GRVW16_K1_SS0_SVW4_WSGRA0_WSGRB0,NO_CHECK,204.442,656.508,,0.00976562,4,32,0.015625,1,1,0.625,2105344,8192,,,,,,,,,,2026-04-19 00:04:29.
0,8/44,15/47,Contraction_l_Alik_Bjlk_Cijk_Dijk,"(1,8192,1,8192)",Cijk_Alik_Bjlk_B8B8S_BH_GB_MT64x64x32_MI16x16x16x1_SN_GLVWA4_GLVWB4_GRVW4_K1_SS0_SVW4_WSGRA1_WSGRB0,NO_CHECK,213.163,629.648,,0.00976562,4,32,0.015625,1,1,0.625,2105344,8192,,,,,,,,,,2026-04-19 00:04:29.
0,8/44,16/47,Contraction_l_Alik_Bjlk_Cijk_Dijk,"(1,8192,1,8192)",Cijk_Alik_Bjlk_B8B8S_BH_GB_MT64x64x32_MI16x16x16x1_SN_GLVWA8_GLVWB8_GRVW8_K1_SS0_SVW4_WSGRA1_WSGRB0,NO_CHECK,205.522,653.058,,0.00976562,4,32,0.015625,1,1,0.625,2105344,8192,,,,,,,,,,2026-04-19 00:04:29.
0,8/44,17/47,Contraction_l_Alik_Bjlk_Cijk_Dijk,"(1,8192,1,8192)",Cijk_Alik_Bjlk_B8B8S_BH_GB_MT64x64x32_MI16x16x16x1_SN_GLVWA16_GLVWB16_GRVW16_K1_SS0_SVW4_WSGRA1_WSGRB0,NO_CHECK,202.842,661.686,,0.00976562,4,32,0.015625,1,1,0.625,2105344,8192,,,,,,,,,,2026-04-19 00:04:29.
0,8/44,18/47,Contraction_l_Alik_Bjlk_Cijk_Dijk,"(1,8192,1,8192)",Cijk_Alik_Bjlk_B8B8S_BH_GB_MT64x64x32_MI16x16x16x1_SN_GLVWA4_GLVWB4_GRVW4_K1_SS0_SVW4_WSGRA0_WSGRB1,NO_CHECK,213.362,629.061,,0.00976562,4,32,0.015625,1,1,0.625,2105344,8192,,,,,,,,,,2026-04-19 00:04:29.
0,8/44,19/47,Contraction_l_Alik_Bjlk_Cijk_Dijk,"(1,8192,1,8192)",Cijk_Alik_Bjlk_B8B8S_BH_GB_MT64x64x32_MI16x16x16x1_SN_GLVWA8_GLVWB8_GRVW8_K1_SS0_SVW4_WSGRA0_WSGRB1,NO_CHECK,206.803,649.012,,0.00976562,4,32,0.015625,1,1,0.625,2105344,8192,,,,,,,,,,2026-04-19 00:04:29.
0,8/44,20/47,Contraction_l_Alik_Bjlk_Cijk_Dijk,"(1,8192,1,8192)",Cijk_Alik_Bjlk_B8B8S_BH_GB_MT64x64x32_MI16x16x16x1_SN_GLVWA16_GLVWB16_GRVW16_K1_SS0_SVW4_WSGRA0_WSGRB1,NO_CHECK,204.042,657.795,,0.00976562,4,32,0.015625,1,1,0.625,2105344,8192,,,,,,,,,,2026-04-19 00:04:29.
0,8/44,21/47,Contraction_l_Alik_Bjlk_Cijk_Dijk,"(1,8192,1,8192)",Cijk_Alik_Bjlk_B8B8S_BH_GB_MT64x64x32_MI16x16x16x1_SN_GLVWA4_GLVWB4_GRVW4_K1_SS0_SVW4_WSGRA1_WSGRB1,NO_CHECK,214.403,626.007,,0.00976562,4,32,0.015625,1,1,0.625,2105344,8192,,,,,,,,,,2026-04-19 00:04:29.
0,8/44,22/47,Contraction_l_Alik_Bjlk_Cijk_Dijk,"(1,8192,1,8192)",Cijk_Alik_Bjlk_B8B8S_BH_GB_MT64x64x32_MI16x16x16x1_SN_GLVWA8_GLVWB8_GRVW8_K1_SS0_SVW4_WSGRA1_WSGRB1,NO_CHECK,203.483,659.602,,0.00976562,4,32,0.015625,1,1,0.625,2105344,8192,,,,,,,,,,2026-04-19 00:04:29.
0,8/44,23/47,Contraction_l_Alik_Bjlk_Cijk_Dijk,"(1,8192,1,8192)",Cijk_Alik_Bjlk_B8B8S_BH_GB_MT64x64x32_MI16x16x16x1_SN_GLVWA16_GLVWB16_GRVW16_K1_SS0_SVW4_WSGRA1_WSGRB1,NO_CHECK,204.042,657.795,,0.00976562,4,32,0.015625,1,1,0.625,2105344,8192,,,,,,,,,,2026-04-19 00:04:29.
0,8/44,24/47,Contraction_l_Alik_Bjlk_Cijk_Dijk,"(1,8192,1,8192)",Cijk_Alik_Bjlk_B8B8S_BH_GB_MT64x64x16_MI16x16x16x1_SN_GLVWA4_GLVWB4_GRVW4_K1_SS1_SVW1_WSGRA0_WSGRB0,NO_CHECK,254.283,527.828,,0.00976562,4,32,0.015625,1,1,0.625,2105344,8192,,,,,,,,,,2026-04-19 00:04:29.
0,8/44,25/47,Contraction_l_Alik_Bjlk_Cijk_Dijk,"(1,8192,1,8192)",Cijk_Alik_Bjlk_B8B8S_BH_GB_MT64x64x16_MI16x16x16x1_SN_GLVWA8_GLVWB8_GRVW8_K1_SS1_SVW1_WSGRA0_WSGRB0,NO_CHECK,250.963,534.811,,0.00976562,4,32,0.015625,1,1,0.625,2105344,8192,,,,,,,,,,2026-04-19 00:04:29.
0,8/44,26/47,Contraction_l_Alik_Bjlk_Cijk_Dijk,"(1,8192,1,8192)",Cijk_Alik_Bjlk_B8B8S_BH_GB_MT64x64x16_MI16x16x16x1_SN_GLVWA16_GLVWB16_GRVW16_K1_SS1_SVW1_WSGRA0_WSGRB0,NO_CHECK,249.723,537.466,,0.00976562,4,32,0.015625,1,1,0.625,2105344,8192,,,,,,,,,,2026-04-19 00:04:29.
0,8/44,27/47,Contraction_l_Alik_Bjlk_Cijk_Dijk,"(1,8192,1,8192)",Cijk_Alik_Bjlk_B8B8S_BH_GB_MT64x64x16_MI16x16x16x1_SN_GLVWA4_GLVWB4_GRVW4_K1_SS1_SVW1_WSGRA1_WSGRB0,NO_CHECK,252.243,532.097,,0.00976562,4,32,0.015625,1,1,0.625,2105344,8192,,,,,,,,,,2026-04-19 00:04:29.
0,8/44,28/47,Contraction_l_Alik_Bjlk_Cijk_Dijk,"(1,8192,1,8192)",Cijk_Alik_Bjlk_B8B8S_BH_GB_MT64x64x16_MI16x16x16x1_SN_GLVWA8_GLVWB8_GRVW8_K1_SS1_SVW1_WSGRA1_WSGRB0,NO_CHECK,250.483,535.836,,0.00976562,4,32,0.015625,1,1,0.625,2105344,8192,,,,,,,,,,2026-04-19 00:04:29.
0,8/44,29/47,Contraction_l_Alik_Bjlk_Cijk_Dijk,"(1,8192,1,8192)",Cijk_Alik_Bjlk_B8B8S_BH_GB_MT64x64x16_MI16x16x16x1_SN_GLVWA16_GLVWB16_GRVW16_K1_SS1_SVW1_WSGRA1_WSGRB0,NO_CHECK,249.163,538.674,,0.00976562,4,32,0.015625,1,1,0.625,2105344,8192,,,,,,,,,,2026-04-19 00:04:29.
0,8/44,30/47,Contraction_l_Alik_Bjlk_Cijk_Dijk,"(1,8192,1,8192)",Cijk_Alik_Bjlk_B8B8S_BH_GB_MT64x64x16_MI16x16x16x1_SN_GLVWA4_GLVWB4_GRVW4_K1_SS1_SVW1_WSGRA0_WSGRB1,NO_CHECK,251.363,533.96,,0.00976562,4,32,0.015625,1,1,0.625,2105344,8192,,,,,,,,,,2026-04-19 00:04:29.
0,8/44,31/47,Contraction_l_Alik_Bjlk_Cijk_Dijk,"(1,8192,1,8192)",Cijk_Alik_Bjlk_B8B8S_BH_GB_MT64x64x16_MI16x16x16x1_SN_GLVWA8_GLVWB8_GRVW8_K1_SS1_SVW1_WSGRA0_WSGRB1,NO_CHECK,250.203,536.435,,0.00976562,4,32,0.015625,1,1,0.625,2105344,8192,,,,,,,,,,2026-04-19 00:04:29.
0,8/44,32/47,Contraction_l_Alik_Bjlk_Cijk_Dijk,"(1,8192,1,8192)",Cijk_Alik_Bjlk_B8B8S_BH_GB_MT64x64x16_MI16x16x16x1_SN_GLVWA16_GLVWB16_GRVW16_K1_SS1_SVW1_WSGRA0_WSGRB1,NO_CHECK,249.323,538.329,,0.00976562,4,32,0.015625,1,1,0.625,2105344,8192,,,,,,,,,,2026-04-19 00:04:29.
0,8/44,33/47,Contraction_l_Alik_Bjlk_Cijk_Dijk,"(1,8192,1,8192)",Cijk_Alik_Bjlk_B8B8S_BH_GB_MT64x64x16_MI16x16x16x1_SN_GLVWA4_GLVWB4_GRVW4_K1_SS1_SVW1_WSGRA1_WSGRB1,NO_CHECK,252.483,531.591,,0.00976562,4,32,0.015625,1,1,0.625,2105344,8192,,,,,,,,,,2026-04-19 00:04:29.
0,8/44,34/47,Contraction_l_Alik_Bjlk_Cijk_Dijk,"(1,8192,1,8192)",Cijk_Alik_Bjlk_B8B8S_BH_GB_MT64x64x16_MI16x16x16x1_SN_GLVWA8_GLVWB8_GRVW8_K1_SS1_SVW1_WSGRA1_WSGRB1,NO_CHECK,268.963,499.019,,0.00976562,4,32,0.015625,1,1,0.625,2105344,8192,,,,,,,,,,2026-04-19 00:04:29.
0,8/44,35/47,Contraction_l_Alik_Bjlk_Cijk_Dijk,"(1,8192,1,8192)",Cijk_Alik_Bjlk_B8B8S_BH_GB_MT64x64x16_MI16x16x16x1_SN_GLVWA16_GLVWB16_GRVW16_K1_SS1_SVW1_WSGRA1_WSGRB1,NO_CHECK,642.527,208.89,,0.00976562,4,32,0.015625,1,1,0.625,2105344,8192,,,,,,,,,,2026-04-19 00:04:29.
0,8/44,36/47,Contraction_l_Alik_Bjlk_Cijk_Dijk,"(1,8192,1,8192)",Cijk_Alik_Bjlk_B8B8S_BH_GB_MT64x64x32_MI16x16x16x1_SN_GLVWA4_GLVWB4_GRVW4_K1_SS1_SVW1_WSGRA0_WSGRB0,NO_CHECK,271.763,493.878,,0.00976562,4,32,0.015625,1,1,0.625,2105344,8192,,,,,,,,,,2026-04-19 00:04:29.
0,8/44,37/47,Contraction_l_Alik_Bjlk_Cijk_Dijk,"(1,8192,1,8192)",Cijk_Alik_Bjlk_B8B8S_BH_GB_MT64x64x32_MI16x16x16x1_SN_GLVWA8_GLVWB8_GRVW8_K1_SS1_SVW1_WSGRA0_WSGRB0,NO_CHECK,271.963,493.515,,0.00976562,4,32,0.015625,1,1,0.625,2105344,8192,,,,,,,,,,2026-04-19 00:04:29.
0,8/44,38/47,Contraction_l_Alik_Bjlk_Cijk_Dijk,"(1,8192,1,8192)",Cijk_Alik_Bjlk_B8B8S_BH_GB_MT64x64x32_MI16x16x16x1_SN_GLVWA16_GLVWB16_GRVW16_K1_SS1_SVW1_WSGRA0_WSGRB0,NO_CHECK,269.203,498.574,,0.00976562,4,32,0.015625,1,1,0.625,2105344,8192,,,,,,,,,,2026-04-19 00:04:29.
0,8/44,39/47,Contraction_l_Alik_Bjlk_Cijk_Dijk,"(1,8192,1,8192)",Cijk_Alik_Bjlk_B8B8S_BH_GB_MT64x64x32_MI16x16x16x1_SN_GLVWA4_GLVWB4_GRVW4_K1_SS1_SVW1_WSGRA1_WSGRB0,NO_CHECK,275.443,487.28,,0.00976562,4,32,0.015625,1,1,0.625,2105344,8192,,,,,,,,,,2026-04-19 00:04:29.
0,8/44,40/47,Contraction_l_Alik_Bjlk_Cijk_Dijk,"(1,8192,1,8192)",Cijk_Alik_Bjlk_B8B8S_BH_GB_MT64x64x32_MI16x16x16x1_SN_GLVWA8_GLVWB8_GRVW8_K1_SS1_SVW1_WSGRA1_WSGRB0,NO_CHECK,270.643,495.922,,0.00976562,4,32,0.015625,1,1,0.625,2105344,8192,,,,,,,,,,2026-04-19 00:04:29.
0,8/44,41/47,Contraction_l_Alik_Bjlk_Cijk_Dijk,"(1,8192,1,8192)",Cijk_Alik_Bjlk_B8B8S_BH_GB_MT64x64x32_MI16x16x16x1_SN_GLVWA16_GLVWB16_GRVW16_K1_SS1_SVW1_WSGRA1_WSGRB0,NO_CHECK,270.363,496.435,,0.00976562,4,32,0.015625,1,1,0.625,2105344,8192,,,,,,,,,,2026-04-19 00:04:29.
0,8/44,42/47,Contraction_l_Alik_Bjlk_Cijk_Dijk,"(1,8192,1,8192)",Cijk_Alik_Bjlk_B8B8S_BH_GB_MT64x64x32_MI16x16x16x1_SN_GLVWA4_GLVWB4_GRVW4_K1_SS1_SVW1_WSGRA0_WSGRB1,NO_CHECK,276.523,485.376,,0.00976562,4,32,0.015625,1,1,0.625,2105344,8192,,,,,,,,,,2026-04-19 00:04:29.
0,8/44,43/47,Contraction_l_Alik_Bjlk_Cijk_Dijk,"(1,8192,1,8192)",Cijk_Alik_Bjlk_B8B8S_BH_GB_MT64x64x32_MI16x16x16x1_SN_GLVWA8_GLVWB8_GRVW8_K1_SS1_SVW1_WSGRA0_WSGRB1,NO_CHECK,269.883,497.318,,0.00976562,4,32,0.015625,1,1,0.625,2105344,8192,,,,,,,,,,2026-04-19 00:04:29.
0,8/44,44/47,Contraction_l_Alik_Bjlk_Cijk_Dijk,"(1,8192,1,8192)",Cijk_Alik_Bjlk_B8B8S_BH_GB_MT64x64x32_MI16x16x16x1_SN_GLVWA16_GLVWB16_GRVW16_K1_SS1_SVW1_WSGRA0_WSGRB1,NO_CHECK,269.683,497.687,,0.00976562,4,32,0.015625,1,1,0.625,2105344,8192,,,,,,,,,,2026-04-19 00:04:29.
0,8/44,45/47,Contraction_l_Alik_Bjlk_Cijk_Dijk,"(1,8192,1,8192)",Cijk_Alik_Bjlk_B8B8S_BH_GB_MT64x64x32_MI16x16x16x1_SN_GLVWA4_GLVWB4_GRVW4_K1_SS1_SVW1_WSGRA1_WSGRB1,NO_CHECK,273.804,490.196,,0.00976562,4,32,0.015625,1,1,0.625,2105344,8192,,,,,,,,,,2026-04-19 00:04:29.
0,8/44,46/47,Contraction_l_Alik_Bjlk_Cijk_Dijk,"(1,8192,1,8192)",Cijk_Alik_Bjlk_B8B8S_BH_GB_MT64x64x32_MI16x16x16x1_SN_GLVWA8_GLVWB8_GRVW8_K1_SS1_SVW1_WSGRA1_WSGRB1,NO_CHECK,269.644,497.759,,0.00976562,4,32,0.015625,1,1,0.625,2105344,8192,,,,,,,,,,2026-04-19 00:04:29.
0,8/44,47/47,Contraction_l_Alik_Bjlk_Cijk_Dijk,"(1,8192,1,8192)",Cijk_Alik_Bjlk_B8B8S_BH_GB_MT64x64x32_MI16x16x16x1_SN_GLVWA16_GLVWB16_GRVW16_K1_SS1_SVW1_WSGRA1_WSGRB1,NO_CHECK,269.003,498.945,,0.00976562,4,32,0.015625,1,1,0.625,2105344,8192,,,,,,,,,,2026-04-19 00:04:29.
0,9/44,0/47,Contraction_l_Alik_Bjlk_Cijk_Dijk,"(8,1024,1,1024)",Cijk_Alik_Bjlk_B8B8S_BH_GB_MT64x64x16_MI16x16x16x1_SN_GLVWA4_GLVWB4_GRVW4_K1_SS0_SVW4_WSGRA0_WSGRB0,NO_CHECK,104.201,161.008,,0.0078125,0.5,32,0.125,1,0.5,0.125,270336,8192,,,,,,,,,,2026-04-19 00:04:29.
0,9/44,1/47,Contraction_l_Alik_Bjlk_Cijk_Dijk,"(8,1024,1,1024)",Cijk_Alik_Bjlk_B8B8S_BH_GB_MT64x64x16_MI16x16x16x1_SN_GLVWA8_GLVWB8_GRVW8_K1_SS0_SVW4_WSGRA0_WSGRB0,NO_CHECK,96.761,173.388,,0.0078125,0.5,32,0.125,1,0.5,0.125,270336,8192,,,,,,,,,,2026-04-19 00:04:29.
0,9/44,2/47,Contraction_l_Alik_Bjlk_Cijk_Dijk,"(8,1024,1,1024)",Cijk_Alik_Bjlk_B8B8S_BH_GB_MT64x64x16_MI16x16x16x1_SN_GLVWA16_GLVWB16_GRVW16_K1_SS0_SVW4_WSGRA0_WSGRB0,NO_CHECK,96.962,173.029,,0.0078125,0.5,32,0.125,1,0.5,0.125,270336,8192,,,,,,,,,,2026-04-19 00:04:29.
0,9/44,3/47,Contraction_l_Alik_Bjlk_Cijk_Dijk,"(8,1024,1,1024)",Cijk_Alik_Bjlk_B8B8S_BH_GB_MT64x64x16_MI16x16x16x1_SN_GLVWA4_GLVWB4_GRVW4_K1_SS0_SVW4_WSGRA1_WSGRB0,NO_CHECK,97.641,171.826,,0.0078125,0.5,32,0.125,1,0.5,0.125,270336,8192,,,,,,,,,,2026-04-19 00:04:29.
0,9/44,4/47,Contraction_l_Alik_Bjlk_Cijk_Dijk,"(8,1024,1,1024)",Cijk_Alik_Bjlk_B8B8S_BH_GB_MT64x64x16_MI16x16x16x1_SN_GLVWA8_GLVWB8_GRVW8_K1_SS0_SVW4_WSGRA1_WSGRB0,NO_CHECK,97.681,171.755,,0.0078125,0.5,32,0.125,1,0.5,0.125,270336,8192,,,,,,,,,,2026-04-19 00:04:29.
0,9/44,5/47,Contraction_l_Alik_Bjlk_Cijk_Dijk,"(8,1024,1,1024)",Cijk_Alik_Bjlk_B8B8S_BH_GB_MT64x64x16_MI16x16x16x1_SN_GLVWA16_GLVWB16_GRVW16_K1_SS0_SVW4_WSGRA1_WSGRB0,NO_CHECK,96.161,174.47,,0.0078125,0.5,32,0.125,1,0.5,0.125,270336,8192,,,,,,,,,,2026-04-19 00:04:29.
0,9/44,6/47,Contraction_l_Alik_Bjlk_Cijk_Dijk,"(8,1024,1,1024)",Cijk_Alik_Bjlk_B8B8S_BH_GB_MT64x64x16_MI16x16x16x1_SN_GLVWA4_GLVWB4_GRVW4_K1_SS0_SVW4_WSGRA0_WSGRB1,NO_CHECK,97.721,171.685,,0.0078125,0.5,32,0.125,1,0.5,0.125,270336,8192,,,,,,,,,,2026-04-19 00:04:29.
0,9/44,7/47,Contraction_l_Alik_Bjlk_Cijk_Dijk,"(8,1024,1,1024)",Cijk_Alik_Bjlk_B8B8S_BH_GB_MT64x64x16_MI16x16x16x1_SN_GLVWA8_GLVWB8_GRVW8_K1_SS0_SVW4_WSGRA0_WSGRB1,NO_CHECK,90.681,185.014,,0.0078125,0.5,32,0.125,1,0.5,0.125,270336,8192,,,,,,,,,,2026-04-19 00:04:29.
0,9/44,8/47,Contraction_l_Alik_Bjlk_Cijk_Dijk,"(8,1024,1,1024)",Cijk_Alik_Bjlk_B8B8S_BH_GB_MT64x64x16_MI16x16x16x1_SN_GLVWA16_GLVWB16_GRVW16_K1_SS0_SVW4_WSGRA0_WSGRB1,NO_CHECK,95.121,176.378,,0.0078125,0.5,32,0.125,1,0.5,0.125,270336,8192,,,,,,,,,,2026-04-19 00:04:29.
0,9/44,9/47,Contraction_l_Alik_Bjlk_Cijk_Dijk,"(8,1024,1,1024)",Cijk_Alik_Bjlk_B8B8S_BH_GB_MT64x64x16_MI16x16x16x1_SN_GLVWA4_GLVWB4_GRVW4_K1_SS0_SVW4_WSGRA1_WSGRB1,NO_CHECK,96.441,173.964,,0.0078125,0.5,32,0.125,1,0.5,0.125,270336,8192,,,,,,,,,,2026-04-19 00:04:29.
0,9/44,10/47,Contraction_l_Alik_Bjlk_Cijk_Dijk,"(8,1024,1,1024)",Cijk_Alik_Bjlk_B8B8S_BH_GB_MT64x64x16_MI16x16x16x1_SN_GLVWA8_GLVWB8_GRVW8_K1_SS0_SVW4_WSGRA1_WSGRB1,NO_CHECK,95.762,175.197,,0.0078125,0.5,32,0.125,1,0.5,0.125,270336,8192,,,,,,,,,,2026-04-19 00:04:29.
0,9/44,11/47,Contraction_l_Alik_Bjlk_Cijk_Dijk,"(8,1024,1,1024)",Cijk_Alik_Bjlk_B8B8S_BH_GB_MT64x64x16_MI16x16x16x1_SN_GLVWA16_GLVWB16_GRVW16_K1_SS0_SVW4_WSGRA1_WSGRB1,NO_CHECK,94.602,177.345,,0.0078125,0.5,32,0.125,1,0.5,0.125,270336,8192,,,,,,,,,,2026-04-19 00:04:29.
0,9/44,12/47,Contraction_l_Alik_Bjlk_Cijk_Dijk,"(8,1024,1,1024)",Cijk_Alik_Bjlk_B8B8S_BH_GB_MT64x64x32_MI16x16x16x1_SN_GLVWA4_GLVWB4_GRVW4_K1_SS0_SVW4_WSGRA0_WSGRB0,NO_CHECK,95.601,175.492,,0.0078125,0.5,32,0.125,1,0.5,0.125,270336,8192,,,,,,,,,,2026-04-19 00:04:29.
0,9/44,13/47,Contraction_l_Alik_Bjlk_Cijk_Dijk,"(8,1024,1,1024)",Cijk_Alik_Bjlk_B8B8S_BH_GB_MT64x64x32_MI16x16x16x1_SN_GLVWA8_GLVWB8_GRVW8_K1_SS0_SVW4_WSGRA0_WSGRB0,NO_CHECK,93.161,180.088,,0.0078125,0.5,32,0.125,1,0.5,0.125,270336,8192,,,,,,,,,,2026-04-19 00:04:29.
0,9/44,14/47,Contraction_l_Alik_Bjlk_Cijk_Dijk,"(8,1024,1,1024)",Cijk_Alik_Bjlk_B8B8S_BH_GB_MT64x64x32_MI16x16x16x1_SN_GLVWA16_GLVWB16_GRVW16_K1_SS0_SVW4_WSGRA0_WSGRB0,NO_CHECK,93.361,179.703,,0.0078125,0.5,32,0.125,1,0.5,0.125,270336,8192,,,,,,,,,,2026-04-19 00:04:29.
0,9/44,15/47,Contraction_l_Alik_Bjlk_Cijk_Dijk,"(8,1024,1,1024)",Cijk_Alik_Bjlk_B8B8S_BH_GB_MT64x64x32_MI16x16x16x1_SN_GLVWA4_GLVWB4_GRVW4_K1_SS0_SVW4_WSGRA1_WSGRB0,NO_CHECK,95.161,176.303,,0.0078125,0.5,32,0.125,1,0.5,0.125,270336,8192,,,,,,,,,,2026-04-19 00:04:29.
0,9/44,16/47,Contraction_l_Alik_Bjlk_Cijk_Dijk,"(8,1024,1,1024)",Cijk_Alik_Bjlk_B8B8S_BH_GB_MT64x64x32_MI16x16x16x1_SN_GLVWA8_GLVWB8_GRVW8_K1_SS0_SVW4_WSGRA1_WSGRB0,NO_CHECK,99.881,167.972,,0.0078125,0.5,32,0.125,1,0.5,0.125,270336,8192,,,,,,,,,,2026-04-19 00:04:29.
0,9/44,17/47,Contraction_l_Alik_Bjlk_Cijk_Dijk,"(8,1024,1,1024)",Cijk_Alik_Bjlk_B8B8S_BH_GB_MT64x64x32_MI16x16x16x1_SN_GLVWA16_GLVWB16_GRVW16_K1_SS0_SVW4_WSGRA1_WSGRB0,NO_CHECK,90.761,184.851,,0.0078125,0.5,32,0.125,1,0.5,0.125,270336,8192,,,,,,,,,,2026-04-19 00:04:29.
0,9/44,18/47,Contraction_l_Alik_Bjlk_Cijk_Dijk,"(8,1024,1,1024)",Cijk_Alik_Bjlk_B8B8S_BH_GB_MT64x64x32_MI16x16x16x1_SN_GLVWA4_GLVWB4_GRVW4_K1_SS0_SVW4_WSGRA0_WSGRB1,NO_CHECK,95.721,175.272,,0.0078125,0.5,32,0.125,1,0.5,0.125,270336,8192,,,,,,,,,,2026-04-19 00:04:29.
0,9/44,19/47,Contraction_l_Alik_Bjlk_Cijk_Dijk,"(8,1024,1,1024)",Cijk_Alik_Bjlk_B8B8S_BH_GB_MT64x64x32_MI16x16x16x1_SN_GLVWA8_GLVWB8_GRVW8_K1_SS0_SVW4_WSGRA0_WSGRB1,NO_CHECK,92.241,181.885,,0.0078125,0.5,32,0.125,1,0.5,0.125,270336,8192,,,,,,,,,,2026-04-19 00:04:29.
0,9/44,20/47,Contraction_l_Alik_Bjlk_Cijk_Dijk,"(8,1024,1,1024)",Cijk_Alik_Bjlk_B8B8S_BH_GB_MT64x64x32_MI16x16x16x1_SN_GLVWA16_GLVWB16_GRVW16_K1_SS0_SVW4_WSGRA0_WSGRB1,NO_CHECK,91.521,183.315,,0.0078125,0.5,32,0.125,1,0.5,0.125,270336,8192,,,,,,,,,,2026-04-19 00:04:29.
0,9/44,21/47,Contraction_l_Alik_Bjlk_Cijk_Dijk,"(8,1024,1,1024)",Cijk_Alik_Bjlk_B8B8S_BH_GB_MT64x64x32_MI16x16x16x1_SN_GLVWA4_GLVWB4_GRVW4_K1_SS0_SVW4_WSGRA1_WSGRB1,NO_CHECK,95.161,176.303,,0.0078125,0.5,32,0.125,1,0.5,0.125,270336,8192,,,,,,,,,,2026-04-19 00:04:29.
0,9/44,22/47,Contraction_l_Alik_Bjlk_Cijk_Dijk,"(8,1024,1,1024)",Cijk_Alik_Bjlk_B8B8S_BH_GB_MT64x64x32_MI16x16x16x1_SN_GLVWA8_GLVWB8_GRVW8_K1_SS0_SVW4_WSGRA1_WSGRB1,NO_CHECK,92.601,181.177,,0.0078125,0.5,32,0.125,1,0.5,0.125,270336,8192,,,,,,,,,,2026-04-19 00:04:29.
0,9/44,23/47,Contraction_l_Alik_Bjlk_Cijk_Dijk,"(8,1024,1,1024)",Cijk_Alik_Bjlk_B8B8S_BH_GB_MT64x64x32_MI16x16x16x1_SN_GLVWA16_GLVWB16_GRVW16_K1_SS0_SVW4_WSGRA1_WSGRB1,NO_CHECK,92.001,182.359,,0.0078125,0.5,32,0.125,1,0.5,0.125,270336,8192,,,,,,,,,,2026-04-19 00:04:29.
0,9/44,24/47,Contraction_l_Alik_Bjlk_Cijk_Dijk,"(8,1024,1,1024)",Cijk_Alik_Bjlk_B8B8S_BH_GB_MT64x64x16_MI16x16x16x1_SN_GLVWA4_GLVWB4_GRVW4_K1_SS1_SVW1_WSGRA0_WSGRB0,NO_CHECK,98.121,170.985,,0.0078125,0.5,32,0.125,1,0.5,0.125,270336,8192,,,,,,,,,,2026-04-19 00:04:29.
0,9/44,25/47,Contraction_l_Alik_Bjlk_Cijk_Dijk,"(8,1024,1,1024)",Cijk_Alik_Bjlk_B8B8S_BH_GB_MT64x64x16_MI16x16x16x1_SN_GLVWA8_GLVWB8_GRVW8_K1_SS1_SVW1_WSGRA0_WSGRB0,NO_CHECK,99.121,169.26,,0.0078125,0.5,32,0.125,1,0.5,0.125,270336,8192,,,,,,,,,,2026-04-19 00:04:29.
0,9/44,26/47,Contraction_l_Alik_Bjlk_Cijk_Dijk,"(8,1024,1,1024)",Cijk_Alik_Bjlk_B8B8S_BH_GB_MT64x64x16_MI16x16x16x1_SN_GLVWA16_GLVWB16_GRVW16_K1_SS1_SVW1_WSGRA0_WSGRB0,NO_CHECK,98.401,170.498,,0.0078125,0.5,32,0.125,1,0.5,0.125,270336,8192,,,,,,,,,,2026-04-19 00:04:29.
0,9/44,27/47,Contraction_l_Alik_Bjlk_Cijk_Dijk,"(8,1024,1,1024)",Cijk_Alik_Bjlk_B8B8S_BH_GB_MT64x64x16_MI16x16x16x1_SN_GLVWA4_GLVWB4_GRVW4_K1_SS1_SVW1_WSGRA1_WSGRB0,NO_CHECK,99.401,168.783,,0.0078125,0.5,32,0.125,1,0.5,0.125,270336,8192,,,,,,,,,,2026-04-19 00:04:29.
0,9/44,28/47,Contraction_l_Alik_Bjlk_Cijk_Dijk,"(8,1024,1,1024)",Cijk_Alik_Bjlk_B8B8S_BH_GB_MT64x64x16_MI16x16x16x1_SN_GLVWA8_GLVWB8_GRVW8_K1_SS1_SVW1_WSGRA1_WSGRB0,NO_CHECK,101.041,166.044,,0.0078125,0.5,32,0.125,1,0.5,0.125,270336,8192,,,,,,,,,,2026-04-19 00:04:29.
0,9/44,29/47,Contraction_l_Alik_Bjlk_Cijk_Dijk,"(8,1024,1,1024)",Cijk_Alik_Bjlk_B8B8S_BH_GB_MT64x64x16_MI16x16x16x1_SN_GLVWA16_GLVWB16_GRVW16_K1_SS1_SVW1_WSGRA1_WSGRB0,NO_CHECK,98.921,169.602,,0.0078125,0.5,32,0.125,1,0.5,0.125,270336,8192,,,,,,,,,,2026-04-19 00:04:29.
0,9/44,30/47,Contraction_l_Alik_Bjlk_Cijk_Dijk,"(8,1024,1,1024)",Cijk_Alik_Bjlk_B8B8S_BH_GB_MT64x64x16_MI16x16x16x1_SN_GLVWA4_GLVWB4_GRVW4_K1_SS1_SVW1_WSGRA0_WSGRB1,NO_CHECK,100.921,166.241,,0.0078125,0.5,32,0.125,1,0.5,0.125,270336,8192,,,,,,,,,,2026-04-19 00:04:29.
0,9/44,31/47,Contraction_l_Alik_Bjlk_Cijk_Dijk,"(8,1024,1,1024)",Cijk_Alik_Bjlk_B8B8S_BH_GB_MT64x64x16_MI16x16x16x1_SN_GLVWA8_GLVWB8_GRVW8_K1_SS1_SVW1_WSGRA0_WSGRB1,NO_CHECK,100.001,167.77,,0.0078125,0.5,32,0.125,1,0.5,0.125,270336,8192,,,,,,,,,,2026-04-19 00:04:29.
0,9/44,32/47,Contraction_l_Alik_Bjlk_Cijk_Dijk,"(8,1024,1,1024)",Cijk_Alik_Bjlk_B8B8S_BH_GB_MT64x64x16_MI16x16x16x1_SN_GLVWA16_GLVWB16_GRVW16_K1_SS1_SVW1_WSGRA0_WSGRB1,NO_CHECK,100.641,166.704,,0.0078125,0.5,32,0.125,1,0.5,0.125,270336,8192,,,,,,,,,,2026-04-19 00:04:29.
0,9/44,33/47,Contraction_l_Alik_Bjlk_Cijk_Dijk,"(8,1024,1,1024)",Cijk_Alik_Bjlk_B8B8S_BH_GB_MT64x64x16_MI16x16x16x1_SN_GLVWA4_GLVWB4_GRVW4_K1_SS1_SVW1_WSGRA1_WSGRB1,NO_CHECK,98.802,169.806,,0.0078125,0.5,32,0.125,1,0.5,0.125,270336,8192,,,,,,,,,,2026-04-19 00:04:29.
0,9/44,34/47,Contraction_l_Alik_Bjlk_Cijk_Dijk,"(8,1024,1,1024)",Cijk_Alik_Bjlk_B8B8S_BH_GB_MT64x64x16_MI16x16x16x1_SN_GLVWA8_GLVWB8_GRVW8_K1_SS1_SVW1_WSGRA1_WSGRB1,NO_CHECK,99.921,167.905,,0.0078125,0.5,32,0.125,1,0.5,0.125,270336,8192,,,,,,,,,,2026-04-19 00:04:29.
0,9/44,35/47,Contraction_l_Alik_Bjlk_Cijk_Dijk,"(8,1024,1,1024)",Cijk_Alik_Bjlk_B8B8S_BH_GB_MT64x64x16_MI16x16x16x1_SN_GLVWA16_GLVWB16_GRVW16_K1_SS1_SVW1_WSGRA1_WSGRB1,NO_CHECK,96.201,174.398,,0.0078125,0.5,32,0.125,1,0.5,0.125,270336,8192,,,,,,,,,,2026-04-19 00:04:29.
0,9/44,36/47,Contraction_l_Alik_Bjlk_Cijk_Dijk,"(8,1024,1,1024)",Cijk_Alik_Bjlk_B8B8S_BH_GB_MT64x64x32_MI16x16x16x1_SN_GLVWA4_GLVWB4_GRVW4_K1_SS1_SVW1_WSGRA0_WSGRB0,NO_CHECK,97.001,172.959,,0.0078125,0.5,32,0.125,1,0.5,0.125,270336,8192,,,,,,,,,,2026-04-19 00:04:29.
0,9/44,37/47,Contraction_l_Alik_Bjlk_Cijk_Dijk,"(8,1024,1,1024)",Cijk_Alik_Bjlk_B8B8S_BH_GB_MT64x64x32_MI16x16x16x1_SN_GLVWA8_GLVWB8_GRVW8_K1_SS1_SVW1_WSGRA0_WSGRB0,NO_CHECK,95.361,175.934,,0.0078125,0.5,32,0.125,1,0.5,0.125,270336,8192,,,,,,,,,,2026-04-19 00:04:29.
0,9/44,38/47,Contraction_l_Alik_Bjlk_Cijk_Dijk,"(8,1024,1,1024)",Cijk_Alik_Bjlk_B8B8S_BH_GB_MT64x64x32_MI16x16x16x1_SN_GLVWA16_GLVWB16_GRVW16_K1_SS1_SVW1_WSGRA0_WSGRB0,NO_CHECK,92.121,182.122,,0.0078125,0.5,32,0.125,1,0.5,0.125,270336,8192,,,,,,,,,,2026-04-19 00:04:29.
0,9/44,39/47,Contraction_l_Alik_Bjlk_Cijk_Dijk,"(8,1024,1,1024)",Cijk_Alik_Bjlk_B8B8S_BH_GB_MT64x64x32_MI16x16x16x1_SN_GLVWA4_GLVWB4_GRVW4_K1_SS1_SVW1_WSGRA1_WSGRB0,NO_CHECK,99.081,169.328,,0.0078125,0.5,32,0.125,1,0.5,0.125,270336,8192,,,,,,,,,,2026-04-19 00:04:29.
0,9/44,40/47,Contraction_l_Alik_Bjlk_Cijk_Dijk,"(8,1024,1,1024)",Cijk_Alik_Bjlk_B8B8S_BH_GB_MT64x64x32_MI16x16x16x1_SN_GLVWA8_GLVWB8_GRVW8_K1_SS1_SVW1_WSGRA1_WSGRB0,NO_CHECK,95.202,176.228,,0.0078125,0.5,32,0.125,1,0.5,0.125,270336,8192,,,,,,,,,,2026-04-19 00:04:29.
0,9/44,41/47,Contraction_l_Alik_Bjlk_Cijk_Dijk,"(8,1024,1,1024)",Cijk_Alik_Bjlk_B8B8S_BH_GB_MT64x64x32_MI16x16x16x1_SN_GLVWA16_GLVWB16_GRVW16_K1_SS1_SVW1_WSGRA1_WSGRB0,NO_CHECK,93.601,179.242,,0.0078125,0.5,32,0.125,1,0.5,0.125,270336,8192,,,,,,,,,,2026-04-19 00:04:29.
0,9/44,42/47,Contraction_l_Alik_Bjlk_Cijk_Dijk,"(8,1024,1,1024)",Cijk_Alik_Bjlk_B8B8S_BH_GB_MT64x64x32_MI16x16x16x1_SN_GLVWA4_GLVWB4_GRVW4_K1_SS1_SVW1_WSGRA0_WSGRB1,NO_CHECK,97.361,172.32,,0.0078125,0.5,32,0.125,1,0.5,0.125,270336,8192,,,,,,,,,,2026-04-19 00:04:29.
0,9/44,43/47,Contraction_l_Alik_Bjlk_Cijk_Dijk,"(8,1024,1,1024)",Cijk_Alik_Bjlk_B8B8S_BH_GB_MT64x64x32_MI16x16x16x1_SN_GLVWA8_GLVWB8_GRVW8_K1_SS1_SVW1_WSGRA0_WSGRB1,NO_CHECK,94.521,177.497,,0.0078125,0.5,32,0.125,1,0.5,0.125,270336,8192,,,,,,,,,,2026-04-19 00:04:29.
0,9/44,44/47,Contraction_l_Alik_Bjlk_Cijk_Dijk,"(8,1024,1,1024)",Cijk_Alik_Bjlk_B8B8S_BH_GB_MT64x64x32_MI16x16x16x1_SN_GLVWA16_GLVWB16_GRVW16_K1_SS1_SVW1_WSGRA0_WSGRB1,NO_CHECK,92.721,180.943,,0.0078125,0.5,32,0.125,1,0.5,0.125,270336,8192,,,,,,,,,,2026-04-19 00:04:29.
0,9/44,45/47,Contraction_l_Alik_Bjlk_Cijk_Dijk,"(8,1024,1,1024)",Cijk_Alik_Bjlk_B8B8S_BH_GB_MT64x64x32_MI16x16x16x1_SN_GLVWA4_GLVWB4_GRVW4_K1_SS1_SVW1_WSGRA1_WSGRB1,NO_CHECK,98.361,170.568,,0.0078125,0.5,32,0.125,1,0.5,0.125,270336,8192,,,,,,,,,,2026-04-19 00:04:29.
0,9/44,46/47,Contraction_l_Alik_Bjlk_Cijk_Dijk,"(8,1024,1,1024)",Cijk_Alik_Bjlk_B8B8S_BH_GB_MT64x64x32_MI16x16x16x1_SN_GLVWA8_GLVWB8_GRVW8_K1_SS1_SVW1_WSGRA1_WSGRB1,NO_CHECK,95.281,176.081,,0.0078125,0.5,32,0.125,1,0.5,0.125,270336,8192,,,,,,,,,,2026-04-19 00:04:29.
0,9/44,47/47,Contraction_l_Alik_Bjlk_Cijk_Dijk,"(8,1024,1,1024)",Cijk_Alik_Bjlk_B8B8S_BH_GB_MT64x64x32_MI16x16x16x1_SN_GLVWA16_GLVWB16_GRVW16_K1_SS1_SVW1_WSGRA1_WSGRB1,NO_CHECK,56.48,297.047,,0.0078125,0.5,32,0.125,1,0.5,0.125,270336,8192,,,,,,,,,,2026-04-19 00:04:29.
0,10/44,0/47,Contraction_l_Alik_Bjlk_Cijk_Dijk,"(8,1024,1,4096)",Cijk_Alik_Bjlk_B8B8S_BH_GB_MT64x64x16_MI16x16x16x1_SN_GLVWA4_GLVWB4_GRVW4_K1_SS0_SVW4_WSGRA0_WSGRB0,NO_CHECK,168.401,398.506,,0.0078125,0.5,32,0.125,1,0.5,0.125,1056768,8192,,,,,,,,,,2026-04-19 00:04:29.
0,10/44,1/47,Contraction_l_Alik_Bjlk_Cijk_Dijk,"(8,1024,1,4096)",Cijk_Alik_Bjlk_B8B8S_BH_GB_MT64x64x16_MI16x16x16x1_SN_GLVWA8_GLVWB8_GRVW8_K1_SS0_SVW4_WSGRA0_WSGRB0,NO_CHECK,135.042,496.948,,0.0078125,0.5,32,0.125,1,0.5,0.125,1056768,8192,,,,,,,,,,2026-04-19 00:04:29.
0,10/44,2/47,Contraction_l_Alik_Bjlk_Cijk_Dijk,"(8,1024,1,4096)",Cijk_Alik_Bjlk_B8B8S_BH_GB_MT64x64x16_MI16x16x16x1_SN_GLVWA16_GLVWB16_GRVW16_K1_SS0_SVW4_WSGRA0_WSGRB0,NO_CHECK,138.521,484.467,,0.0078125,0.5,32,0.125,1,0.5,0.125,1056768,8192,,,,,,,,,,2026-04-19 00:04:29.
0,10/44,3/47,Contraction_l_Alik_Bjlk_Cijk_Dijk,"(8,1024,1,4096)",Cijk_Alik_Bjlk_B8B8S_BH_GB_MT64x64x16_MI16x16x16x1_SN_GLVWA4_GLVWB4_GRVW4_K1_SS0_SVW4_WSGRA1_WSGRB0,NO_CHECK,139.042,482.652,,0.0078125,0.5,32,0.125,1,0.5,0.125,1056768,8192,,,,,,,,,,2026-04-19 00:04:29.
0,10/44,4/47,Contraction_l_Alik_Bjlk_Cijk_Dijk,"(8,1024,1,4096)",Cijk_Alik_Bjlk_B8B8S_BH_GB_MT64x64x16_MI16x16x16x1_SN_GLVWA8_GLVWB8_GRVW8_K1_SS0_SVW4_WSGRA1_WSGRB0,NO_CHECK,139.361,481.547,,0.0078125,0.5,32,0.125,1,0.5,0.125,1056768,8192,,,,,,,,,,2026-04-19 00:04:29.
0,10/44,5/47,Contraction_l_Alik_Bjlk_Cijk_Dijk,"(8,1024,1,4096)",Cijk_Alik_Bjlk_B8B8S_BH_GB_MT64x64x16_MI16x16x16x1_SN_GLVWA16_GLVWB16_GRVW16_K1_SS0_SVW4_WSGRA1_WSGRB0,NO_CHECK,136.521,491.564,,0.0078125,0.5,32,0.125,1,0.5,0.125,1056768,8192,,,,,,,,,,2026-04-19 00:04:29.
0,10/44,6/47,Contraction_l_Alik_Bjlk_Cijk_Dijk,"(8,1024,1,4096)",Cijk_Alik_Bjlk_B8B8S_BH_GB_MT64x64x16_MI16x16x16x1_SN_GLVWA4_GLVWB4_GRVW4_K1_SS0_SVW4_WSGRA0_WSGRB1,NO_CHECK,136.482,491.705,,0.0078125,0.5,32,0.125,1,0.5,0.125,1056768,8192,,,,,,,,,,2026-04-19 00:04:29.
0,10/44,7/47,Contraction_l_Alik_Bjlk_Cijk_Dijk,"(8,1024,1,4096)",Cijk_Alik_Bjlk_B8B8S_BH_GB_MT64x64x16_MI16x16x16x1_SN_GLVWA8_GLVWB8_GRVW8_K1_SS0_SVW4_WSGRA0_WSGRB1,NO_CHECK,135.161,496.511,,0.0078125,0.5,32,0.125,1,0.5,0.125,1056768,8192,,,,,,,,,,2026-04-19 00:04:29.
0,10/44,8/47,Contraction_l_Alik_Bjlk_Cijk_Dijk,"(8,1024,1,4096)",Cijk_Alik_Bjlk_B8B8S_BH_GB_MT64x64x16_MI16x16x16x1_SN_GLVWA16_GLVWB16_GRVW16_K1_SS0_SVW4_WSGRA0_WSGRB1,NO_CHECK,135.322,495.92,,0.0078125,0.5,32,0.125,1,0.5,0.125,1056768,8192,,,,,,,,,,2026-04-19 00:04:29.
0,10/44,9/47,Contraction_l_Alik_Bjlk_Cijk_Dijk,"(8,1024,1,4096)",Cijk_Alik_Bjlk_B8B8S_BH_GB_MT64x64x16_MI16x16x16x1_SN_GLVWA4_GLVWB4_GRVW4_K1_SS0_SVW4_WSGRA1_WSGRB1,NO_CHECK,135.002,497.095,,0.0078125,0.5,32,0.125,1,0.5,0.125,1056768,8192,,,,,,,,,,2026-04-19 00:04:29.
0,10/44,10/47,Contraction_l_Alik_Bjlk_Cijk_Dijk,"(8,1024,1,4096)",Cijk_Alik_Bjlk_B8B8S_BH_GB_MT64x64x16_MI16x16x16x1_SN_GLVWA8_GLVWB8_GRVW8_K1_SS0_SVW4_WSGRA1_WSGRB1,NO_CHECK,138.081,486.011,,0.0078125,0.5,32,0.125,1,0.5,0.125,1056768,8192,,,,,,,,,,2026-04-19 00:04:29.
0,10/44,11/47,Contraction_l_Alik_Bjlk_Cijk_Dijk,"(8,1024,1,4096)",Cijk_Alik_Bjlk_B8B8S_BH_GB_MT64x64x16_MI16x16x16x1_SN_GLVWA16_GLVWB16_GRVW16_K1_SS0_SVW4_WSGRA1_WSGRB1,NO_CHECK,137.322,488.697,,0.0078125,0.5,32,0.125,1,0.5,0.125,1056768,8192,,,,,,,,,,2026-04-19 00:04:29.
0,10/44,12/47,Contraction_l_Alik_Bjlk_Cijk_Dijk,"(8,1024,1,4096)",Cijk_Alik_Bjlk_B8B8S_BH_GB_MT64x64x32_MI16x16x16x1_SN_GLVWA4_GLVWB4_GRVW4_K1_SS0_SVW4_WSGRA0_WSGRB0,NO_CHECK,110.202,608.962,,0.0078125,0.5,32,0.125,1,0.5,0.125,1056768,8192,,,,,,,,,,2026-04-19 00:04:29.
0,10/44,13/47,Contraction_l_Alik_Bjlk_Cijk_Dijk,"(8,1024,1,4096)",Cijk_Alik_Bjlk_B8B8S_BH_GB_MT64x64x32_MI16x16x16x1_SN_GLVWA8_GLVWB8_GRVW8_K1_SS0_SVW4_WSGRA0_WSGRB0,NO_CHECK,110.041,609.853,,0.0078125,0.5,32,0.125,1,0.5,0.125,1056768,8192,,,,,,,,,,2026-04-19 00:04:29.
0,10/44,14/47,Contraction_l_Alik_Bjlk_Cijk_Dijk,"(8,1024,1,4096)",Cijk_Alik_Bjlk_B8B8S_BH_GB_MT64x64x32_MI16x16x16x1_SN_GLVWA16_GLVWB16_GRVW16_K1_SS0_SVW4_WSGRA0_WSGRB0,NO_CHECK,110.001,610.075,,0.0078125,0.5,32,0.125,1,0.5,0.125,1056768,8192,,,,,,,,,,2026-04-19 00:04:29.
0,10/44,15/47,Contraction_l_Alik_Bjlk_Cijk_Dijk,"(8,1024,1,4096)",Cijk_Alik_Bjlk_B8B8S_BH_GB_MT64x64x32_MI16x16x16x1_SN_GLVWA4_GLVWB4_GRVW4_K1_SS0_SVW4_WSGRA1_WSGRB0,NO_CHECK,111.081,604.144,,0.0078125,0.5,32,0.125,1,0.5,0.125,1056768,8192,,,,,,,,,,2026-04-19 00:04:29.
0,10/44,16/47,Contraction_l_Alik_Bjlk_Cijk_Dijk,"(8,1024,1,4096)",Cijk_Alik_Bjlk_B8B8S_BH_GB_MT64x64x32_MI16x16x16x1_SN_GLVWA8_GLVWB8_GRVW8_K1_SS0_SVW4_WSGRA1_WSGRB0,NO_CHECK,109.241,614.319,,0.0078125,0.5,32,0.125,1,0.5,0.125,1056768,8192,,,,,,,,,,2026-04-19 00:04:29.
0,10/44,17/47,Contraction_l_Alik_Bjlk_Cijk_Dijk,"(8,1024,1,4096)",Cijk_Alik_Bjlk_B8B8S_BH_GB_MT64x64x32_MI16x16x16x1_SN_GLVWA16_GLVWB16_GRVW16_K1_SS0_SVW4_WSGRA1_WSGRB0,NO_CHECK,109.641,612.078,,0.0078125,0.5,32,0.125,1,0.5,0.125,1056768,8192,,,,,,,,,,2026-04-19 00:04:29.
0,10/44,18/47,Contraction_l_Alik_Bjlk_Cijk_Dijk,"(8,1024,1,4096)",Cijk_Alik_Bjlk_B8B8S_BH_GB_MT64x64x32_MI16x16x16x1_SN_GLVWA4_GLVWB4_GRVW4_K1_SS0_SVW4_WSGRA0_WSGRB1,NO_CHECK,111.281,603.058,,0.0078125,0.5,32,0.125,1,0.5,0.125,1056768,8192,,,,,,,,,,2026-04-19 00:04:29.
0,10/44,19/47,Contraction_l_Alik_Bjlk_Cijk_Dijk,"(8,1024,1,4096)",Cijk_Alik_Bjlk_B8B8S_BH_GB_MT64x64x32_MI16x16x16x1_SN_GLVWA8_GLVWB8_GRVW8_K1_SS0_SVW4_WSGRA0_WSGRB1,NO_CHECK,110.881,605.233,,0.0078125,0.5,32,0.125,1,0.5,0.125,1056768,8192,,,,,,,,,,2026-04-19 00:04:29.
0,10/44,20/47,Contraction_l_Alik_Bjlk_Cijk_Dijk,"(8,1024,1,4096)",Cijk_Alik_Bjlk_B8B8S_BH_GB_MT64x64x32_MI16x16x16x1_SN_GLVWA16_GLVWB16_GRVW16_K1_SS0_SVW4_WSGRA0_WSGRB1,NO_CHECK,110.042,609.848,,0.0078125,0.5,32,0.125,1,0.5,0.125,1056768,8192,,,,,,,,,,2026-04-19 00:04:29.
0,10/44,21/47,Contraction_l_Alik_Bjlk_Cijk_Dijk,"(8,1024,1,4096)",Cijk_Alik_Bjlk_B8B8S_BH_GB_MT64x64x32_MI16x16x16x1_SN_GLVWA4_GLVWB4_GRVW4_K1_SS0_SVW4_WSGRA1_WSGRB1,NO_CHECK,110.962,604.791,,0.0078125,0.5,32,0.125,1,0.5,0.125,1056768,8192,,,,,,,,,,2026-04-19 00:04:29.
0,10/44,22/47,Contraction_l_Alik_Bjlk_Cijk_Dijk,"(8,1024,1,4096)",Cijk_Alik_Bjlk_B8B8S_BH_GB_MT64x64x32_MI16x16x16x1_SN_GLVWA8_GLVWB8_GRVW8_K1_SS0_SVW4_WSGRA1_WSGRB1,NO_CHECK,110.642,606.541,,0.0078125,0.5,32,0.125,1,0.5,0.125,1056768,8192,,,,,,,,,,2026-04-19 00:04:29.
0,10/44,23/47,Contraction_l_Alik_Bjlk_Cijk_Dijk,"(8,1024,1,4096)",Cijk_Alik_Bjlk_B8B8S_BH_GB_MT64x64x32_MI16x16x16x1_SN_GLVWA16_GLVWB16_GRVW16_K1_SS0_SVW4_WSGRA1_WSGRB1,NO_CHECK,110.281,608.526,,0.0078125,0.5,32,0.125,1,0.5,0.125,1056768,8192,,,,,,,,,,2026-04-19 00:04:29.
0,10/44,24/47,Contraction_l_Alik_Bjlk_Cijk_Dijk,"(8,1024,1,4096)",Cijk_Alik_Bjlk_B8B8S_BH_GB_MT64x64x16_MI16x16x16x1_SN_GLVWA4_GLVWB4_GRVW4_K1_SS1_SVW1_WSGRA0_WSGRB0,NO_CHECK,136.722,490.842,,0.0078125,0.5,32,0.125,1,0.5,0.125,1056768,8192,,,,,,,,,,2026-04-19 00:04:29.
0,10/44,25/47,Contraction_l_Alik_Bjlk_Cijk_Dijk,"(8,1024,1,4096)",Cijk_Alik_Bjlk_B8B8S_BH_GB_MT64x64x16_MI16x16x16x1_SN_GLVWA8_GLVWB8_GRVW8_K1_SS1_SVW1_WSGRA0_WSGRB0,NO_CHECK,135.722,494.458,,0.0078125,0.5,32,0.125,1,0.5,0.125,1056768,8192,,,,,,,,,,2026-04-19 00:04:29.
0,10/44,26/47,Contraction_l_Alik_Bjlk_Cijk_Dijk,"(8,1024,1,4096)",Cijk_Alik_Bjlk_B8B8S_BH_GB_MT64x64x16_MI16x16x16x1_SN_GLVWA16_GLVWB16_GRVW16_K1_SS1_SVW1_WSGRA0_WSGRB0,NO_CHECK,138.601,484.187,,0.0078125,0.5,32,0.125,1,0.5,0.125,1056768,8192,,,,,,,,,,2026-04-19 00:04:29.
0,10/44,27/47,Contraction_l_Alik_Bjlk_Cijk_Dijk,"(8,1024,1,4096)",Cijk_Alik_Bjlk_B8B8S_BH_GB_MT64x64x16_MI16x16x16x1_SN_GLVWA4_GLVWB4_GRVW4_K1_SS1_SVW1_WSGRA1_WSGRB0,NO_CHECK,138.482,484.603,,0.0078125,0.5,32,0.125,1,0.5,0.125,1056768,8192,,,,,,,,,,2026-04-19 00:04:29.
0,10/44,28/47,Contraction_l_Alik_Bjlk_Cijk_Dijk,"(8,1024,1,4096)",Cijk_Alik_Bjlk_B8B8S_BH_GB_MT64x64x16_MI16x16x16x1_SN_GLVWA8_GLVWB8_GRVW8_K1_SS1_SVW1_WSGRA1_WSGRB0,NO_CHECK,137.522,487.986,,0.0078125,0.5,32,0.125,1,0.5,0.125,1056768,8192,,,,,,,,,,2026-04-19 00:04:29.
0,10/44,29/47,Contraction_l_Alik_Bjlk_Cijk_Dijk,"(8,1024,1,4096)",Cijk_Alik_Bjlk_B8B8S_BH_GB_MT64x64x16_MI16x16x16x1_SN_GLVWA16_GLVWB16_GRVW16_K1_SS1_SVW1_WSGRA1_WSGRB0,NO_CHECK,134.561,498.724,,0.0078125,0.5,32,0.125,1,0.5,0.125,1056768,8192,,,,,,,,,,2026-04-19 00:04:29.
0,10/44,30/47,Contraction_l_Alik_Bjlk_Cijk_Dijk,"(8,1024,1,4096)",Cijk_Alik_Bjlk_B8B8S_BH_GB_MT64x64x16_MI16x16x16x1_SN_GLVWA4_GLVWB4_GRVW4_K1_SS1_SVW1_WSGRA0_WSGRB1,NO_CHECK,139.482,481.129,,0.0078125,0.5,32,0.125,1,0.5,0.125,1056768,8192,,,,,,,,,,2026-04-19 00:04:29.
0,10/44,31/47,Contraction_l_Alik_Bjlk_Cijk_Dijk,"(8,1024,1,4096)",Cijk_Alik_Bjlk_B8B8S_BH_GB_MT64x64x16_MI16x16x16x1_SN_GLVWA8_GLVWB8_GRVW8_K1_SS1_SVW1_WSGRA0_WSGRB1,NO_CHECK,135.921,493.734,,0.0078125,0.5,32,0.125,1,0.5,0.125,1056768,8192,,,,,,,,,,2026-04-19 00:04:29.
0,10/44,32/47,Contraction_l_Alik_Bjlk_Cijk_Dijk,"(8,1024,1,4096)",Cijk_Alik_Bjlk_B8B8S_BH_GB_MT64x64x16_MI16x16x16x1_SN_GLVWA16_GLVWB16_GRVW16_K1_SS1_SVW1_WSGRA0_WSGRB1,NO_CHECK,137.042,489.696,,0.0078125,0.5,32,0.125,1,0.5,0.125,1056768,8192,,,,,,,,,,2026-04-19 00:04:29.
0,10/44,33/47,Contraction_l_Alik_Bjlk_Cijk_Dijk,"(8,1024,1,4096)",Cijk_Alik_Bjlk_B8B8S_BH_GB_MT64x64x16_MI16x16x16x1_SN_GLVWA4_GLVWB4_GRVW4_K1_SS1_SVW1_WSGRA1_WSGRB1,NO_CHECK,138.401,484.887,,0.0078125,0.5,32,0.125,1,0.5,0.125,1056768,8192,,,,,,,,,,2026-04-19 00:04:29.
0,10/44,34/47,Contraction_l_Alik_Bjlk_Cijk_Dijk,"(8,1024,1,4096)",Cijk_Alik_Bjlk_B8B8S_BH_GB_MT64x64x16_MI16x16x16x1_SN_GLVWA8_GLVWB8_GRVW8_K1_SS1_SVW1_WSGRA1_WSGRB1,NO_CHECK,136.842,490.411,,0.0078125,0.5,32,0.125,1,0.5,0.125,1056768,8192,,,,,,,,,,2026-04-19 00:04:29.
0,10/44,35/47,Contraction_l_Alik_Bjlk_Cijk_Dijk,"(8,1024,1,4096)",Cijk_Alik_Bjlk_B8B8S_BH_GB_MT64x64x16_MI16x16x16x1_SN_GLVWA16_GLVWB16_GRVW16_K1_SS1_SVW1_WSGRA1_WSGRB1,NO_CHECK,134.721,498.132,,0.0078125,0.5,32,0.125,1,0.5,0.125,1056768,8192,,,,,,,,,,2026-04-19 00:04:29.
0,10/44,36/47,Contraction_l_Alik_Bjlk_Cijk_Dijk,"(8,1024,1,4096)",Cijk_Alik_Bjlk_B8B8S_BH_GB_MT64x64x32_MI16x16x16x1_SN_GLVWA4_GLVWB4_GRVW4_K1_SS1_SVW1_WSGRA0_WSGRB0,NO_CHECK,112.441,596.836,,0.0078125,0.5,32,0.125,1,0.5,0.125,1056768,8192,,,,,,,,,,2026-04-19 00:04:29.
0,10/44,37/47,Contraction_l_Alik_Bjlk_Cijk_Dijk,"(8,1024,1,4096)",Cijk_Alik_Bjlk_B8B8S_BH_GB_MT64x64x32_MI16x16x16x1_SN_GLVWA8_GLVWB8_GRVW8_K1_SS1_SVW1_WSGRA0_WSGRB0,NO_CHECK,110.921,605.015,,0.0078125,0.5,32,0.125,1,0.5,0.125,1056768,8192,,,,,,,,,,2026-04-19 00:04:29.
0,10/44,38/47,Contraction_l_Alik_Bjlk_Cijk_Dijk,"(8,1024,1,4096)",Cijk_Alik_Bjlk_B8B8S_BH_GB_MT64x64x32_MI16x16x16x1_SN_GLVWA16_GLVWB16_GRVW16_K1_SS1_SVW1_WSGRA0_WSGRB0,NO_CHECK,109.321,613.87,,0.0078125,0.5,32,0.125,1,0.5,0.125,1056768,8192,,,,,,,,,,2026-04-19 00:04:29.
0,10/44,39/47,Contraction_l_Alik_Bjlk_Cijk_Dijk,"(8,1024,1,4096)",Cijk_Alik_Bjlk_B8B8S_BH_GB_MT64x64x32_MI16x16x16x1_SN_GLVWA4_GLVWB4_GRVW4_K1_SS1_SVW1_WSGRA1_WSGRB0,NO_CHECK,111.322,602.836,,0.0078125,0.5,32,0.125,1,0.5,0.125,1056768,8192,,,,,,,,,,2026-04-19 00:04:29.
0,10/44,40/47,Contraction_l_Alik_Bjlk_Cijk_Dijk,"(8,1024,1,4096)",Cijk_Alik_Bjlk_B8B8S_BH_GB_MT64x64x32_MI16x16x16x1_SN_GLVWA8_GLVWB8_GRVW8_K1_SS1_SVW1_WSGRA1_WSGRB0,NO_CHECK,109.682,611.849,,0.0078125,0.5,32,0.125,1,0.5,0.125,1056768,8192,,,,,,,,,,2026-04-19 00:04:29.
0,10/44,41/47,Contraction_l_Alik_Bjlk_Cijk_Dijk,"(8,1024,1,4096)",Cijk_Alik_Bjlk_B8B8S_BH_GB_MT64x64x32_MI16x16x16x1_SN_GLVWA16_GLVWB16_GRVW16_K1_SS1_SVW1_WSGRA1_WSGRB0,NO_CHECK,110.202,608.962,,0.0078125,0.5,32,0.125,1,0.5,0.125,1056768,8192,,,,,,,,,,2026-04-19 00:04:29.
0,10/44,42/47,Contraction_l_Alik_Bjlk_Cijk_Dijk,"(8,1024,1,4096)",Cijk_Alik_Bjlk_B8B8S_BH_GB_MT64x64x32_MI16x16x16x1_SN_GLVWA4_GLVWB4_GRVW4_K1_SS1_SVW1_WSGRA0_WSGRB1,NO_CHECK,113.002,593.873,,0.0078125,0.5,32,0.125,1,0.5,0.125,1056768,8192,,,,,,,,,,2026-04-19 00:04:29.
0,10/44,43/47,Contraction_l_Alik_Bjlk_Cijk_Dijk,"(8,1024,1,4096)",Cijk_Alik_Bjlk_B8B8S_BH_GB_MT64x64x32_MI16x16x16x1_SN_GLVWA8_GLVWB8_GRVW8_K1_SS1_SVW1_WSGRA0_WSGRB1,NO_CHECK,111.001,604.579,,0.0078125,0.5,32,0.125,1,0.5,0.125,1056768,8192,,,,,,,,,,2026-04-19 00:04:29.
0,10/44,44/47,Contraction_l_Alik_Bjlk_Cijk_Dijk,"(8,1024,1,4096)",Cijk_Alik_Bjlk_B8B8S_BH_GB_MT64x64x32_MI16x16x16x1_SN_GLVWA16_GLVWB16_GRVW16_K1_SS1_SVW1_WSGRA0_WSGRB1,NO_CHECK,110.801,605.67,,0.0078125,0.5,32,0.125,1,0.5,0.125,1056768,8192,,,,,,,,,,2026-04-19 00:04:29.
0,10/44,45/47,Contraction_l_Alik_Bjlk_Cijk_Dijk,"(8,1024,1,4096)",Cijk_Alik_Bjlk_B8B8S_BH_GB_MT64x64x32_MI16x16x16x1_SN_GLVWA4_GLVWB4_GRVW4_K1_SS1_SVW1_WSGRA1_WSGRB1,NO_CHECK,112.001,599.181,,0.0078125,0.5,32,0.125,1,0.5,0.125,1056768,8192,,,,,,,,,,2026-04-19 00:04:29.
0,10/44,46/47,Contraction_l_Alik_Bjlk_Cijk_Dijk,"(8,1024,1,4096)",Cijk_Alik_Bjlk_B8B8S_BH_GB_MT64x64x32_MI16x16x16x1_SN_GLVWA8_GLVWB8_GRVW8_K1_SS1_SVW1_WSGRA1_WSGRB1,NO_CHECK,111.201,603.492,,0.0078125,0.5,32,0.125,1,0.5,0.125,1056768,8192,,,,,,,,,,2026-04-19 00:04:29.
0,10/44,47/47,Contraction_l_Alik_Bjlk_Cijk_Dijk,"(8,1024,1,4096)",Cijk_Alik_Bjlk_B8B8S_BH_GB_MT64x64x32_MI16x16x16x1_SN_GLVWA16_GLVWB16_GRVW16_K1_SS1_SVW1_WSGRA1_WSGRB1,NO_CHECK,109.401,613.421,,0.0078125,0.5,32,0.125,1,0.5,0.125,1056768,8192,,,,,,,,,,2026-04-19 00:04:29.
0,11/44,0/47,Contraction_l_Alik_Bjlk_Cijk_Dijk,"(8,1024,1,8192)",Cijk_Alik_Bjlk_B8B8S_BH_GB_MT64x64x16_MI16x16x16x1_SN_GLVWA4_GLVWB4_GRVW4_K1_SS0_SVW4_WSGRA0_WSGRB0,NO_CHECK,303.323,442.491,,0.0078125,0.5,32,0.125,1,0.5,0.125,2105344,8192,,,,,,,,,,2026-04-19 00:04:29.
0,11/44,1/47,Contraction_l_Alik_Bjlk_Cijk_Dijk,"(8,1024,1,8192)",Cijk_Alik_Bjlk_B8B8S_BH_GB_MT64x64x16_MI16x16x16x1_SN_GLVWA8_GLVWB8_GRVW8_K1_SS0_SVW4_WSGRA0_WSGRB0,NO_CHECK,246.723,544.002,,0.0078125,0.5,32,0.125,1,0.5,0.125,2105344,8192,,,,,,,,,,2026-04-19 00:04:29.
0,11/44,2/47,Contraction_l_Alik_Bjlk_Cijk_Dijk,"(8,1024,1,8192)",Cijk_Alik_Bjlk_B8B8S_BH_GB_MT64x64x16_MI16x16x16x1_SN_GLVWA16_GLVWB16_GRVW16_K1_SS0_SVW4_WSGRA0_WSGRB0,NO_CHECK,248.722,539.629,,0.0078125,0.5,32,0.125,1,0.5,0.125,2105344,8192,,,,,,,,,,2026-04-19 00:04:29.
0,11/44,3/47,Contraction_l_Alik_Bjlk_Cijk_Dijk,"(8,1024,1,8192)",Cijk_Alik_Bjlk_B8B8S_BH_GB_MT64x64x16_MI16x16x16x1_SN_GLVWA4_GLVWB4_GRVW4_K1_SS0_SVW4_WSGRA1_WSGRB0,NO_CHECK,246.883,543.649,,0.0078125,0.5,32,0.125,1,0.5,0.125,2105344,8192,,,,,,,,,,2026-04-19 00:04:29.
0,11/44,4/47,Contraction_l_Alik_Bjlk_Cijk_Dijk,"(8,1024,1,8192)",Cijk_Alik_Bjlk_B8B8S_BH_GB_MT64x64x16_MI16x16x16x1_SN_GLVWA8_GLVWB8_GRVW8_K1_SS0_SVW4_WSGRA1_WSGRB0,NO_CHECK,245.603,546.482,,0.0078125,0.5,32,0.125,1,0.5,0.125,2105344,8192,,,,,,,,,,2026-04-19 00:04:29.
0,11/44,5/47,Contraction_l_Alik_Bjlk_Cijk_Dijk,"(8,1024,1,8192)",Cijk_Alik_Bjlk_B8B8S_BH_GB_MT64x64x16_MI16x16x16x1_SN_GLVWA16_GLVWB16_GRVW16_K1_SS0_SVW4_WSGRA1_WSGRB0,NO_CHECK,247.283,542.77,,0.0078125,0.5,32,0.125,1,0.5,0.125,2105344,8192,,,,,,,,,,2026-04-19 00:04:29.
0,11/44,6/47,Contraction_l_Alik_Bjlk_Cijk_Dijk,"(8,1024,1,8192)",Cijk_Alik_Bjlk_B8B8S_BH_GB_MT64x64x16_MI16x16x16x1_SN_GLVWA4_GLVWB4_GRVW4_K1_SS0_SVW4_WSGRA0_WSGRB1,NO_CHECK,250.123,536.607,,0.0078125,0.5,32,0.125,1,0.5,0.125,2105344,8192,,,,,,,,,,2026-04-19 00:04:29.
0,11/44,7/47,Contraction_l_Alik_Bjlk_Cijk_Dijk,"(8,1024,1,8192)",Cijk_Alik_Bjlk_B8B8S_BH_GB_MT64x64x16_MI16x16x16x1_SN_GLVWA8_GLVWB8_GRVW8_K1_SS0_SVW4_WSGRA0_WSGRB1,NO_CHECK,246.123,545.328,,0.0078125,0.5,32,0.125,1,0.5,0.125,2105344,8192,,,,,,,,,,2026-04-19 00:04:29.
0,11/44,8/47,Contraction_l_Alik_Bjlk_Cijk_Dijk,"(8,1024,1,8192)",Cijk_Alik_Bjlk_B8B8S_BH_GB_MT64x64x16_MI16x16x16x1_SN_GLVWA16_GLVWB16_GRVW16_K1_SS0_SVW4_WSGRA0_WSGRB1,NO_CHECK,246.763,543.913,,0.0078125,0.5,32,0.125,1,0.5,0.125,2105344,8192,,,,,,,,,,2026-04-19 00:04:29.
0,11/44,9/47,Contraction_l_Alik_Bjlk_Cijk_Dijk,"(8,1024,1,8192)",Cijk_Alik_Bjlk_B8B8S_BH_GB_MT64x64x16_MI16x16x16x1_SN_GLVWA4_GLVWB4_GRVW4_K1_SS0_SVW4_WSGRA1_WSGRB1,NO_CHECK,245.163,547.463,,0.0078125,0.5,32,0.125,1,0.5,0.125,2105344,8192,,,,,,,,,,2026-04-19 00:04:29.
0,11/44,10/47,Contraction_l_Alik_Bjlk_Cijk_Dijk,"(8,1024,1,8192)",Cijk_Alik_Bjlk_B8B8S_BH_GB_MT64x64x16_MI16x16x16x1_SN_GLVWA8_GLVWB8_GRVW8_K1_SS0_SVW4_WSGRA1_WSGRB1,NO_CHECK,249.443,538.07,,0.0078125,0.5,32,0.125,1,0.5,0.125,2105344,8192,,,,,,,,,,2026-04-19 00:04:29.
0,11/44,11/47,Contraction_l_Alik_Bjlk_Cijk_Dijk,"(8,1024,1,8192)",Cijk_Alik_Bjlk_B8B8S_BH_GB_MT64x64x16_MI16x16x16x1_SN_GLVWA16_GLVWB16_GRVW16_K1_SS0_SVW4_WSGRA1_WSGRB1,NO_CHECK,245.123,547.553,,0.0078125,0.5,32,0.125,1,0.5,0.125,2105344,8192,,,,,,,,,,2026-04-19 00:04:29.
0,11/44,12/47,Contraction_l_Alik_Bjlk_Cijk_Dijk,"(8,1024,1,8192)",Cijk_Alik_Bjlk_B8B8S_BH_GB_MT64x64x32_MI16x16x16x1_SN_GLVWA4_GLVWB4_GRVW4_K1_SS0_SVW4_WSGRA0_WSGRB0,NO_CHECK,196.922,681.578,,0.0078125,0.5,32,0.125,1,0.5,0.125,2105344,8192,,,,,,,,,,2026-04-19 00:04:29.
0,11/44,13/47,Contraction_l_Alik_Bjlk_Cijk_Dijk,"(8,1024,1,8192)",Cijk_Alik_Bjlk_B8B8S_BH_GB_MT64x64x32_MI16x16x16x1_SN_GLVWA8_GLVWB8_GRVW8_K1_SS0_SVW4_WSGRA0_WSGRB0,NO_CHECK,193.803,692.547,,0.0078125,0.5,32,0.125,1,0.5,0.125,2105344,8192,,,,,,,,,,2026-04-19 00:04:29.
0,11/44,14/47,Contraction_l_Alik_Bjlk_Cijk_Dijk,"(8,1024,1,8192)",Cijk_Alik_Bjlk_B8B8S_BH_GB_MT64x64x32_MI16x16x16x1_SN_GLVWA16_GLVWB16_GRVW16_K1_SS0_SVW4_WSGRA0_WSGRB0,NO_CHECK,194.363,690.552,,0.0078125,0.5,32,0.125,1,0.5,0.125,2105344,8192,,,,,,,,,,2026-04-19 00:04:29.
0,11/44,15/47,Contraction_l_Alik_Bjlk_Cijk_Dijk,"(8,1024,1,8192)",Cijk_Alik_Bjlk_B8B8S_BH_GB_MT64x64x32_MI16x16x16x1_SN_GLVWA4_GLVWB4_GRVW4_K1_SS0_SVW4_WSGRA1_WSGRB0,NO_CHECK,196.203,684.076,,0.0078125,0.5,32,0.125,1,0.5,0.125,2105344,8192,,,,,,,,,,2026-04-19 00:04:29.
0,11/44,16/47,Contraction_l_Alik_Bjlk_Cijk_Dijk,"(8,1024,1,8192)",Cijk_Alik_Bjlk_B8B8S_BH_GB_MT64x64x32_MI16x16x16x1_SN_GLVWA8_GLVWB8_GRVW8_K1_SS0_SVW4_WSGRA1_WSGRB0,NO_CHECK,201.802,665.096,,0.0078125,0.5,32,0.125,1,0.5,0.125,2105344,8192,,,,,,,,,,2026-04-19 00:04:29.
0,11/44,17/47,Contraction_l_Alik_Bjlk_Cijk_Dijk,"(8,1024,1,8192)",Cijk_Alik_Bjlk_B8B8S_BH_GB_MT64x64x32_MI16x16x16x1_SN_GLVWA16_GLVWB16_GRVW16_K1_SS0_SVW4_WSGRA1_WSGRB0,NO_CHECK,193.682,692.98,,0.0078125,0.5,32,0.125,1,0.5,0.125,2105344,8192,,,,,,,,,,2026-04-19 00:04:29.
0,11/44,18/47,Contraction_l_Alik_Bjlk_Cijk_Dijk,"(8,1024,1,8192)",Cijk_Alik_Bjlk_B8B8S_BH_GB_MT64x64x32_MI16x16x16x1_SN_GLVWA4_GLVWB4_GRVW4_K1_SS0_SVW4_WSGRA0_WSGRB1,NO_CHECK,196.122,684.358,,0.0078125,0.5,32,0.125,1,0.5,0.125,2105344,8192,,,,,,,,,,2026-04-19 00:04:29.
0,11/44,19/47,Contraction_l_Alik_Bjlk_Cijk_Dijk,"(8,1024,1,8192)",Cijk_Alik_Bjlk_B8B8S_BH_GB_MT64x64x32_MI16x16x16x1_SN_GLVWA8_GLVWB8_GRVW8_K1_SS0_SVW4_WSGRA0_WSGRB1,NO_CHECK,194.443,690.268,,0.0078125,0.5,32,0.125,1,0.5,0.125,2105344,8192,,,,,,,,,,2026-04-19 00:04:29.
0,11/44,20/47,Contraction_l_Alik_Bjlk_Cijk_Dijk,"(8,1024,1,8192)",Cijk_Alik_Bjlk_B8B8S_BH_GB_MT64x64x32_MI16x16x16x1_SN_GLVWA16_GLVWB16_GRVW16_K1_SS0_SVW4_WSGRA0_WSGRB1,NO_CHECK,193.922,692.122,,0.0078125,0.5,32,0.125,1,0.5,0.125,2105344,8192,,,,,,,,,,2026-04-19 00:04:29.
0,11/44,21/47,Contraction_l_Alik_Bjlk_Cijk_Dijk,"(8,1024,1,8192)",Cijk_Alik_Bjlk_B8B8S_BH_GB_MT64x64x32_MI16x16x16x1_SN_GLVWA4_GLVWB4_GRVW4_K1_SS0_SVW4_WSGRA1_WSGRB1,NO_CHECK,195.922,685.057,,0.0078125,0.5,32,0.125,1,0.5,0.125,2105344,8192,,,,,,,,,,2026-04-19 00:04:29.
0,11/44,22/47,Contraction_l_Alik_Bjlk_Cijk_Dijk,"(8,1024,1,8192)",Cijk_Alik_Bjlk_B8B8S_BH_GB_MT64x64x32_MI16x16x16x1_SN_GLVWA8_GLVWB8_GRVW8_K1_SS0_SVW4_WSGRA1_WSGRB1,NO_CHECK,194.602,689.704,,0.0078125,0.5,32,0.125,1,0.5,0.125,2105344,8192,,,,,,,,,,2026-04-19 00:04:29.
0,11/44,23/47,Contraction_l_Alik_Bjlk_Cijk_Dijk,"(8,1024,1,8192)",Cijk_Alik_Bjlk_B8B8S_BH_GB_MT64x64x32_MI16x16x16x1_SN_GLVWA16_GLVWB16_GRVW16_K1_SS0_SVW4_WSGRA1_WSGRB1,NO_CHECK,194.602,689.704,,0.0078125,0.5,32,0.125,1,0.5,0.125,2105344,8192,,,,,,,,,,2026-04-19 00:04:29.
0,11/44,24/47,Contraction_l_Alik_Bjlk_Cijk_Dijk,"(8,1024,1,8192)",Cijk_Alik_Bjlk_B8B8S_BH_GB_MT64x64x16_MI16x16x16x1_SN_GLVWA4_GLVWB4_GRVW4_K1_SS1_SVW1_WSGRA0_WSGRB0,NO_CHECK,249.603,537.725,,0.0078125,0.5,32,0.125,1,0.5,0.125,2105344,8192,,,,,,,,,,2026-04-19 00:04:29.
0,11/44,25/47,Contraction_l_Alik_Bjlk_Cijk_Dijk,"(8,1024,1,8192)",Cijk_Alik_Bjlk_B8B8S_BH_GB_MT64x64x16_MI16x16x16x1_SN_GLVWA8_GLVWB8_GRVW8_K1_SS1_SVW1_WSGRA0_WSGRB0,NO_CHECK,244.723,548.448,,0.0078125,0.5,32,0.125,1,0.5,0.125,2105344,8192,,,,,,,,,,2026-04-19 00:04:29.
0,11/44,26/47,Contraction_l_Alik_Bjlk_Cijk_Dijk,"(8,1024,1,8192)",Cijk_Alik_Bjlk_B8B8S_BH_GB_MT64x64x16_MI16x16x16x1_SN_GLVWA16_GLVWB16_GRVW16_K1_SS1_SVW1_WSGRA0_WSGRB0,NO_CHECK,245.683,546.304,,0.0078125,0.5,32,0.125,1,0.5,0.125,2105344,8192,,,,,,,,,,2026-04-19 00:04:29.
0,11/44,27/47,Contraction_l_Alik_Bjlk_Cijk_Dijk,"(8,1024,1,8192)",Cijk_Alik_Bjlk_B8B8S_BH_GB_MT64x64x16_MI16x16x16x1_SN_GLVWA4_GLVWB4_GRVW4_K1_SS1_SVW1_WSGRA1_WSGRB0,NO_CHECK,249.923,537.036,,0.0078125,0.5,32,0.125,1,0.5,0.125,2105344,8192,,,,,,,,,,2026-04-19 00:04:29.
0,11/44,28/47,Contraction_l_Alik_Bjlk_Cijk_Dijk,"(8,1024,1,8192)",Cijk_Alik_Bjlk_B8B8S_BH_GB_MT64x64x16_MI16x16x16x1_SN_GLVWA8_GLVWB8_GRVW8_K1_SS1_SVW1_WSGRA1_WSGRB0,NO_CHECK,245.602,546.485,,0.0078125,0.5,32,0.125,1,0.5,0.125,2105344,8192,,,,,,,,,,2026-04-19 00:04:29.
0,11/44,29/47,Contraction_l_Alik_Bjlk_Cijk_Dijk,"(8,1024,1,8192)",Cijk_Alik_Bjlk_B8B8S_BH_GB_MT64x64x16_MI16x16x16x1_SN_GLVWA16_GLVWB16_GRVW16_K1_SS1_SVW1_WSGRA1_WSGRB0,NO_CHECK,248.763,539.541,,0.0078125,0.5,32,0.125,1,0.5,0.125,2105344,8192,,,,,,,,,,2026-04-19 00:04:29.
0,11/44,30/47,Contraction_l_Alik_Bjlk_Cijk_Dijk,"(8,1024,1,8192)",Cijk_Alik_Bjlk_B8B8S_BH_GB_MT64x64x16_MI16x16x16x1_SN_GLVWA4_GLVWB4_GRVW4_K1_SS1_SVW1_WSGRA0_WSGRB1,NO_CHECK,248.003,541.194,,0.0078125,0.5,32,0.125,1,0.5,0.125,2105344,8192,,,,,,,,,,2026-04-19 00:04:29.
0,11/44,31/47,Contraction_l_Alik_Bjlk_Cijk_Dijk,"(8,1024,1,8192)",Cijk_Alik_Bjlk_B8B8S_BH_GB_MT64x64x16_MI16x16x16x1_SN_GLVWA8_GLVWB8_GRVW8_K1_SS1_SVW1_WSGRA0_WSGRB1,NO_CHECK,247.603,542.068,,0.0078125,0.5,32,0.125,1,0.5,0.125,2105344,8192,,,,,,,,,,2026-04-19 00:04:29.
0,11/44,32/47,Contraction_l_Alik_Bjlk_Cijk_Dijk,"(8,1024,1,8192)",Cijk_Alik_Bjlk_B8B8S_BH_GB_MT64x64x16_MI16x16x16x1_SN_GLVWA16_GLVWB16_GRVW16_K1_SS1_SVW1_WSGRA0_WSGRB1,NO_CHECK,255.763,524.774,,0.0078125,0.5,32,0.125,1,0.5,0.125,2105344,8192,,,,,,,,,,2026-04-19 00:04:29.
0,11/44,33/47,Contraction_l_Alik_Bjlk_Cijk_Dijk,"(8,1024,1,8192)",Cijk_Alik_Bjlk_B8B8S_BH_GB_MT64x64x16_MI16x16x16x1_SN_GLVWA4_GLVWB4_GRVW4_K1_SS1_SVW1_WSGRA1_WSGRB1,NO_CHECK,246.083,545.416,,0.0078125,0.5,32,0.125,1,0.5,0.125,2105344,8192,,,,,,,,,,2026-04-19 00:04:29.
0,11/44,34/47,Contraction_l_Alik_Bjlk_Cijk_Dijk,"(8,1024,1,8192)",Cijk_Alik_Bjlk_B8B8S_BH_GB_MT64x64x16_MI16x16x16x1_SN_GLVWA8_GLVWB8_GRVW8_K1_SS1_SVW1_WSGRA1_WSGRB1,NO_CHECK,248.123,540.932,,0.0078125,0.5,32,0.125,1,0.5,0.125,2105344,8192,,,,,,,,,,2026-04-19 00:04:29.
0,11/44,35/47,Contraction_l_Alik_Bjlk_Cijk_Dijk,"(8,1024,1,8192)",Cijk_Alik_Bjlk_B8B8S_BH_GB_MT64x64x16_MI16x16x16x1_SN_GLVWA16_GLVWB16_GRVW16_K1_SS1_SVW1_WSGRA1_WSGRB1,NO_CHECK,246.482,544.534,,0.0078125,0.5,32,0.125,1,0.5,0.125,2105344,8192,,,,,,,,,,2026-04-19 00:04:29.
0,11/44,36/47,Contraction_l_Alik_Bjlk_Cijk_Dijk,"(8,1024,1,8192)",Cijk_Alik_Bjlk_B8B8S_BH_GB_MT64x64x32_MI16x16x16x1_SN_GLVWA4_GLVWB4_GRVW4_K1_SS1_SVW1_WSGRA0_WSGRB0,NO_CHECK,197.363,680.055,,0.0078125,0.5,32,0.125,1,0.5,0.125,2105344,8192,,,,,,,,,,2026-04-19 00:04:29.
0,11/44,37/47,Contraction_l_Alik_Bjlk_Cijk_Dijk,"(8,1024,1,8192)",Cijk_Alik_Bjlk_B8B8S_BH_GB_MT64x64x32_MI16x16x16x1_SN_GLVWA8_GLVWB8_GRVW8_K1_SS1_SVW1_WSGRA0_WSGRB0,NO_CHECK,194.123,691.406,,0.0078125,0.5,32,0.125,1,0.5,0.125,2105344,8192,,,,,,,,,,2026-04-19 00:04:29.
0,11/44,38/47,Contraction_l_Alik_Bjlk_Cijk_Dijk,"(8,1024,1,8192)",Cijk_Alik_Bjlk_B8B8S_BH_GB_MT64x64x32_MI16x16x16x1_SN_GLVWA16_GLVWB16_GRVW16_K1_SS1_SVW1_WSGRA0_WSGRB0,NO_CHECK,193.323,694.267,,0.0078125,0.5,32,0.125,1,0.5,0.125,2105344,8192,,,,,,,,,,2026-04-19 00:04:29.
0,11/44,39/47,Contraction_l_Alik_Bjlk_Cijk_Dijk,"(8,1024,1,8192)",Cijk_Alik_Bjlk_B8B8S_BH_GB_MT64x64x32_MI16x16x16x1_SN_GLVWA4_GLVWB4_GRVW4_K1_SS1_SVW1_WSGRA1_WSGRB0,NO_CHECK,195.483,686.595,,0.0078125,0.5,32,0.125,1,0.5,0.125,2105344,8192,,,,,,,,,,2026-04-19 00:04:29.
0,11/44,40/47,Contraction_l_Alik_Bjlk_Cijk_Dijk,"(8,1024,1,8192)",Cijk_Alik_Bjlk_B8B8S_BH_GB_MT64x64x32_MI16x16x16x1_SN_GLVWA8_GLVWB8_GRVW8_K1_SS1_SVW1_WSGRA1_WSGRB0,NO_CHECK,195.203,687.58,,0.0078125,0.5,32,0.125,1,0.5,0.125,2105344,8192,,,,,,,,,,2026-04-19 00:04:29.
0,11/44,41/47,Contraction_l_Alik_Bjlk_Cijk_Dijk,"(8,1024,1,8192)",Cijk_Alik_Bjlk_B8B8S_BH_GB_MT64x64x32_MI16x16x16x1_SN_GLVWA16_GLVWB16_GRVW16_K1_SS1_SVW1_WSGRA1_WSGRB0,NO_CHECK,194.083,691.548,,0.0078125,0.5,32,0.125,1,0.5,0.125,2105344,8192,,,,,,,,,,2026-04-19 00:04:29.
0,11/44,42/47,Contraction_l_Alik_Bjlk_Cijk_Dijk,"(8,1024,1,8192)",Cijk_Alik_Bjlk_B8B8S_BH_GB_MT64x64x32_MI16x16x16x1_SN_GLVWA4_GLVWB4_GRVW4_K1_SS1_SVW1_WSGRA0_WSGRB1,NO_CHECK,196.363,683.518,,0.0078125,0.5,32,0.125,1,0.5,0.125,2105344,8192,,,,,,,,,,2026-04-19 00:04:29.
0,11/44,43/47,Contraction_l_Alik_Bjlk_Cijk_Dijk,"(8,1024,1,8192)",Cijk_Alik_Bjlk_B8B8S_BH_GB_MT64x64x32_MI16x16x16x1_SN_GLVWA8_GLVWB8_GRVW8_K1_SS1_SVW1_WSGRA0_WSGRB1,NO_CHECK,193.922,692.122,,0.0078125,0.5,32,0.125,1,0.5,0.125,2105344,8192,,,,,,,,,,2026-04-19 00:04:29.
0,11/44,44/47,Contraction_l_Alik_Bjlk_Cijk_Dijk,"(8,1024,1,8192)",Cijk_Alik_Bjlk_B8B8S_BH_GB_MT64x64x32_MI16x16x16x1_SN_GLVWA16_GLVWB16_GRVW16_K1_SS1_SVW1_WSGRA0_WSGRB1,NO_CHECK,193.162,694.845,,0.0078125,0.5,32,0.125,1,0.5,0.125,2105344,8192,,,,,,,,,,2026-04-19 00:04:29.
0,11/44,45/47,Contraction_l_Alik_Bjlk_Cijk_Dijk,"(8,1024,1,8192)",Cijk_Alik_Bjlk_B8B8S_BH_GB_MT64x64x32_MI16x16x16x1_SN_GLVWA4_GLVWB4_GRVW4_K1_SS1_SVW1_WSGRA1_WSGRB1,NO_CHECK,196.962,681.44,,0.0078125,0.5,32,0.125,1,0.5,0.125,2105344,8192,,,,,,,,,,2026-04-19 00:04:29.
0,11/44,46/47,Contraction_l_Alik_Bjlk_Cijk_Dijk,"(8,1024,1,8192)",Cijk_Alik_Bjlk_B8B8S_BH_GB_MT64x64x32_MI16x16x16x1_SN_GLVWA8_GLVWB8_GRVW8_K1_SS1_SVW1_WSGRA1_WSGRB1,NO_CHECK,195.522,686.458,,0.0078125,0.5,32,0.125,1,0.5,0.125,2105344,8192,,,,,,,,,,2026-04-19 00:04:29.
0,11/44,47/47,Contraction_l_Alik_Bjlk_Cijk_Dijk,"(8,1024,1,8192)",Cijk_Alik_Bjlk_B8B8S_BH_GB_MT64x64x32_MI16x16x16x1_SN_GLVWA16_GLVWB16_GRVW16_K1_SS1_SVW1_WSGRA1_WSGRB1,NO_CHECK,194.762,689.137,,0.0078125,0.5,32,0.125,1,0.5,0.125,2105344,8192,,,,,,,,,,2026-04-19 00:04:29.
0,12/44,0/47,Contraction_l_Alik_Bjlk_Cijk_Dijk,"(8,4096,1,1024)",Cijk_Alik_Bjlk_B8B8S_BH_GB_MT64x64x16_MI16x16x16x1_SN_GLVWA4_GLVWB4_GRVW4_K1_SS0_SVW4_WSGRA0_WSGRB0,NO_CHECK,60.001,1118.46,,0.046875,2,32,0.125,1,1,0.375,1081344,32768,,,,,,,,,,2026-04-19 00:04:29.
0,12/44,1/47,Contraction_l_Alik_Bjlk_Cijk_Dijk,"(8,4096,1,1024)",Cijk_Alik_Bjlk_B8B8S_BH_GB_MT64x64x16_MI16x16x16x1_SN_GLVWA8_GLVWB8_GRVW8_K1_SS0_SVW4_WSGRA0_WSGRB0,NO_CHECK,51.641,1299.53,,0.046875,2,32,0.125,1,1,0.375,1081344,32768,,,,,,,,,,2026-04-19 00:04:29.
0,12/44,2/47,Contraction_l_Alik_Bjlk_Cijk_Dijk,"(8,4096,1,1024)",Cijk_Alik_Bjlk_B8B8S_BH_GB_MT64x64x16_MI16x16x16x1_SN_GLVWA16_GLVWB16_GRVW16_K1_SS0_SVW4_WSGRA0_WSGRB0,NO_CHECK,52.84,1270.04,,0.046875,2,32,0.125,1,1,0.375,1081344,32768,,,,,,,,,,2026-04-19 00:04:29.
0,12/44,3/47,Contraction_l_Alik_Bjlk_Cijk_Dijk,"(8,4096,1,1024)",Cijk_Alik_Bjlk_B8B8S_BH_GB_MT64x64x16_MI16x16x16x1_SN_GLVWA4_GLVWB4_GRVW4_K1_SS0_SVW4_WSGRA1_WSGRB0,NO_CHECK,53.201,1261.42,,0.046875,2,32,0.125,1,1,0.375,1081344,32768,,,,,,,,,,2026-04-19 00:04:29.
0,12/44,4/47,Contraction_l_Alik_Bjlk_Cijk_Dijk,"(8,4096,1,1024)",Cijk_Alik_Bjlk_B8B8S_BH_GB_MT64x64x16_MI16x16x16x1_SN_GLVWA8_GLVWB8_GRVW8_K1_SS0_SVW4_WSGRA1_WSGRB0,NO_CHECK,52.88,1269.08,,0.046875,2,32,0.125,1,1,0.375,1081344,32768,,,,,,,,,,2026-04-19 00:04:29.
0,12/44,5/47,Contraction_l_Alik_Bjlk_Cijk_Dijk,"(8,4096,1,1024)",Cijk_Alik_Bjlk_B8B8S_BH_GB_MT64x64x16_MI16x16x16x1_SN_GLVWA16_GLVWB16_GRVW16_K1_SS0_SVW4_WSGRA1_WSGRB0,NO_CHECK,51.521,1302.55,,0.046875,2,32,0.125,1,1,0.375,1081344,32768,,,,,,,,,,2026-04-19 00:04:29.
0,12/44,6/47,Contraction_l_Alik_Bjlk_Cijk_Dijk,"(8,4096,1,1024)",Cijk_Alik_Bjlk_B8B8S_BH_GB_MT64x64x16_MI16x16x16x1_SN_GLVWA4_GLVWB4_GRVW4_K1_SS0_SVW4_WSGRA0_WSGRB1,NO_CHECK,52.201,1285.59,,0.046875,2,32,0.125,1,1,0.375,1081344,32768,,,,,,,,,,2026-04-19 00:04:29.
0,12/44,7/47,Contraction_l_Alik_Bjlk_Cijk_Dijk,"(8,4096,1,1024)",Cijk_Alik_Bjlk_B8B8S_BH_GB_MT64x64x16_MI16x16x16x1_SN_GLVWA8_GLVWB8_GRVW8_K1_SS0_SVW4_WSGRA0_WSGRB1,NO_CHECK,52.12,1287.58,,0.046875,2,32,0.125,1,1,0.375,1081344,32768,,,,,,,,,,2026-04-19 00:04:29.
0,12/44,8/47,Contraction_l_Alik_Bjlk_Cijk_Dijk,"(8,4096,1,1024)",Cijk_Alik_Bjlk_B8B8S_BH_GB_MT64x64x16_MI16x16x16x1_SN_GLVWA16_GLVWB16_GRVW16_K1_SS0_SVW4_WSGRA0_WSGRB1,NO_CHECK,51.641,1299.53,,0.046875,2,32,0.125,1,1,0.375,1081344,32768,,,,,,,,,,2026-04-19 00:04:29.
0,12/44,9/47,Contraction_l_Alik_Bjlk_Cijk_Dijk,"(8,4096,1,1024)",Cijk_Alik_Bjlk_B8B8S_BH_GB_MT64x64x16_MI16x16x16x1_SN_GLVWA4_GLVWB4_GRVW4_K1_SS0_SVW4_WSGRA1_WSGRB1,NO_CHECK,52.12,1287.58,,0.046875,2,32,0.125,1,1,0.375,1081344,32768,,,,,,,,,,2026-04-19 00:04:29.
0,12/44,10/47,Contraction_l_Alik_Bjlk_Cijk_Dijk,"(8,4096,1,1024)",Cijk_Alik_Bjlk_B8B8S_BH_GB_MT64x64x16_MI16x16x16x1_SN_GLVWA8_GLVWB8_GRVW8_K1_SS0_SVW4_WSGRA1_WSGRB1,NO_CHECK,53.201,1261.42,,0.046875,2,32,0.125,1,1,0.375,1081344,32768,,,,,,,,,,2026-04-19 00:04:29.
0,12/44,11/47,Contraction_l_Alik_Bjlk_Cijk_Dijk,"(8,4096,1,1024)",Cijk_Alik_Bjlk_B8B8S_BH_GB_MT64x64x16_MI16x16x16x1_SN_GLVWA16_GLVWB16_GRVW16_K1_SS0_SVW4_WSGRA1_WSGRB1,NO_CHECK,51.601,1300.53,,0.046875,2,32,0.125,1,1,0.375,1081344,32768,,,,,,,,,,2026-04-19 00:04:29.
0,12/44,12/47,Contraction_l_Alik_Bjlk_Cijk_Dijk,"(8,4096,1,1024)",Cijk_Alik_Bjlk_B8B8S_BH_GB_MT64x64x32_MI16x16x16x1_SN_GLVWA4_GLVWB4_GRVW4_K1_SS0_SVW4_WSGRA0_WSGRB0,NO_CHECK,48.2,1392.3,,0.046875,2,32,0.125,1,1,0.375,1081344,32768,,,,,,,,,,2026-04-19 00:04:29.
0,12/44,13/47,Contraction_l_Alik_Bjlk_Cijk_Dijk,"(8,4096,1,1024)",Cijk_Alik_Bjlk_B8B8S_BH_GB_MT64x64x32_MI16x16x16x1_SN_GLVWA8_GLVWB8_GRVW8_K1_SS0_SVW4_WSGRA0_WSGRB0,NO_CHECK,45.881,1462.67,,0.046875,2,32,0.125,1,1,0.375,1081344,32768,,,,,,,,,,2026-04-19 00:04:29.
0,12/44,14/47,Contraction_l_Alik_Bjlk_Cijk_Dijk,"(8,4096,1,1024)",Cijk_Alik_Bjlk_B8B8S_BH_GB_MT64x64x32_MI16x16x16x1_SN_GLVWA16_GLVWB16_GRVW16_K1_SS0_SVW4_WSGRA0_WSGRB0,NO_CHECK,45.641,1470.36,,0.046875,2,32,0.125,1,1,0.375,1081344,32768,,,,,,,,,,2026-04-19 00:04:29.
0,12/44,15/47,Contraction_l_Alik_Bjlk_Cijk_Dijk,"(8,4096,1,1024)",Cijk_Alik_Bjlk_B8B8S_BH_GB_MT64x64x32_MI16x16x16x1_SN_GLVWA4_GLVWB4_GRVW4_K1_SS0_SVW4_WSGRA1_WSGRB0,NO_CHECK,46.52,1442.58,,0.046875,2,32,0.125,1,1,0.375,1081344,32768,,,,,,,,,,2026-04-19 00:04:29.
0,12/44,16/47,Contraction_l_Alik_Bjlk_Cijk_Dijk,"(8,4096,1,1024)",Cijk_Alik_Bjlk_B8B8S_BH_GB_MT64x64x32_MI16x16x16x1_SN_GLVWA8_GLVWB8_GRVW8_K1_SS0_SVW4_WSGRA1_WSGRB0,NO_CHECK,54.121,1239.98,,0.046875,2,32,0.125,1,1,0.375,1081344,32768,,,,,,,,,,2026-04-19 00:04:29.
0,12/44,17/47,Contraction_l_Alik_Bjlk_Cijk_Dijk,"(8,4096,1,1024)",Cijk_Alik_Bjlk_B8B8S_BH_GB_MT64x64x32_MI16x16x16x1_SN_GLVWA16_GLVWB16_GRVW16_K1_SS0_SVW4_WSGRA1_WSGRB0,NO_CHECK,45.601,1471.65,,0.046875,2,32,0.125,1,1,0.375,1081344,32768,,,,,,,,,,2026-04-19 00:04:29.
0,12/44,18/47,Contraction_l_Alik_Bjlk_Cijk_Dijk,"(8,4096,1,1024)",Cijk_Alik_Bjlk_B8B8S_BH_GB_MT64x64x32_MI16x16x16x1_SN_GLVWA4_GLVWB4_GRVW4_K1_SS0_SVW4_WSGRA0_WSGRB1,NO_CHECK,47.72,1406.3,,0.046875,2,32,0.125,1,1,0.375,1081344,32768,,,,,,,,,,2026-04-19 00:04:29.
0,12/44,19/47,Contraction_l_Alik_Bjlk_Cijk_Dijk,"(8,4096,1,1024)",Cijk_Alik_Bjlk_B8B8S_BH_GB_MT64x64x32_MI16x16x16x1_SN_GLVWA8_GLVWB8_GRVW8_K1_SS0_SVW4_WSGRA0_WSGRB1,NO_CHECK,45.761,1466.51,,0.046875,2,32,0.125,1,1,0.375,1081344,32768,,,,,,,,,,2026-04-19 00:04:29.
0,12/44,20/47,Contraction_l_Alik_Bjlk_Cijk_Dijk,"(8,4096,1,1024)",Cijk_Alik_Bjlk_B8B8S_BH_GB_MT64x64x32_MI16x16x16x1_SN_GLVWA16_GLVWB16_GRVW16_K1_SS0_SVW4_WSGRA0_WSGRB1,NO_CHECK,46.721,1436.37,,0.046875,2,32,0.125,1,1,0.375,1081344,32768,,,,,,,,,,2026-04-19 00:04:29.
0,12/44,21/47,Contraction_l_Alik_Bjlk_Cijk_Dijk,"(8,4096,1,1024)",Cijk_Alik_Bjlk_B8B8S_BH_GB_MT64x64x32_MI16x16x16x1_SN_GLVWA4_GLVWB4_GRVW4_K1_SS0_SVW4_WSGRA1_WSGRB1,NO_CHECK,46.48,1443.82,,0.046875,2,32,0.125,1,1,0.375,1081344,32768,,,,,,,,,,2026-04-19 00:04:29.
0,12/44,22/47,Contraction_l_Alik_Bjlk_Cijk_Dijk,"(8,4096,1,1024)",Cijk_Alik_Bjlk_B8B8S_BH_GB_MT64x64x32_MI16x16x16x1_SN_GLVWA8_GLVWB8_GRVW8_K1_SS0_SVW4_WSGRA1_WSGRB1,NO_CHECK,47.081,1425.39,,0.046875,2,32,0.125,1,1,0.375,1081344,32768,,,,,,,,,,2026-04-19 00:04:29.
0,12/44,23/47,Contraction_l_Alik_Bjlk_Cijk_Dijk,"(8,4096,1,1024)",Cijk_Alik_Bjlk_B8B8S_BH_GB_MT64x64x32_MI16x16x16x1_SN_GLVWA16_GLVWB16_GRVW16_K1_SS0_SVW4_WSGRA1_WSGRB1,NO_CHECK,45.601,1471.65,,0.046875,2,32,0.125,1,1,0.375,1081344,32768,,,,,,,,,,2026-04-19 00:04:29.
0,12/44,24/47,Contraction_l_Alik_Bjlk_Cijk_Dijk,"(8,4096,1,1024)",Cijk_Alik_Bjlk_B8B8S_BH_GB_MT64x64x16_MI16x16x16x1_SN_GLVWA4_GLVWB4_GRVW4_K1_SS1_SVW1_WSGRA0_WSGRB0,NO_CHECK,52.76,1271.96,,0.046875,2,32,0.125,1,1,0.375,1081344,32768,,,,,,,,,,2026-04-19 00:04:29.
0,12/44,25/47,Contraction_l_Alik_Bjlk_Cijk_Dijk,"(8,4096,1,1024)",Cijk_Alik_Bjlk_B8B8S_BH_GB_MT64x64x16_MI16x16x16x1_SN_GLVWA8_GLVWB8_GRVW8_K1_SS1_SVW1_WSGRA0_WSGRB0,NO_CHECK,52.161,1286.57,,0.046875,2,32,0.125,1,1,0.375,1081344,32768,,,,,,,,,,2026-04-19 00:04:29.
0,12/44,26/47,Contraction_l_Alik_Bjlk_Cijk_Dijk,"(8,4096,1,1024)",Cijk_Alik_Bjlk_B8B8S_BH_GB_MT64x64x16_MI16x16x16x1_SN_GLVWA16_GLVWB16_GRVW16_K1_SS1_SVW1_WSGRA0_WSGRB0,NO_CHECK,52.2,1285.61,,0.046875,2,32,0.125,1,1,0.375,1081344,32768,,,,,,,,,,2026-04-19 00:04:29.
0,12/44,27/47,Contraction_l_Alik_Bjlk_Cijk_Dijk,"(8,4096,1,1024)",Cijk_Alik_Bjlk_B8B8S_BH_GB_MT64x64x16_MI16x16x16x1_SN_GLVWA4_GLVWB4_GRVW4_K1_SS1_SVW1_WSGRA1_WSGRB0,NO_CHECK,52.761,1271.94,,0.046875,2,32,0.125,1,1,0.375,1081344,32768,,,,,,,,,,2026-04-19 00:04:29.
0,12/44,28/47,Contraction_l_Alik_Bjlk_Cijk_Dijk,"(8,4096,1,1024)",Cijk_Alik_Bjlk_B8B8S_BH_GB_MT64x64x16_MI16x16x16x1_SN_GLVWA8_GLVWB8_GRVW8_K1_SS1_SVW1_WSGRA1_WSGRB0,NO_CHECK,52.521,1277.75,,0.046875,2,32,0.125,1,1,0.375,1081344,32768,,,,,,,,,,2026-04-19 00:04:29.
0,12/44,29/47,Contraction_l_Alik_Bjlk_Cijk_Dijk,"(8,4096,1,1024)",Cijk_Alik_Bjlk_B8B8S_BH_GB_MT64x64x16_MI16x16x16x1_SN_GLVWA16_GLVWB16_GRVW16_K1_SS1_SVW1_WSGRA1_WSGRB0,NO_CHECK,52.36,1281.68,,0.046875,2,32,0.125,1,1,0.375,1081344,32768,,,,,,,,,,2026-04-19 00:04:29.
0,12/44,30/47,Contraction_l_Alik_Bjlk_Cijk_Dijk,"(8,4096,1,1024)",Cijk_Alik_Bjlk_B8B8S_BH_GB_MT64x64x16_MI16x16x16x1_SN_GLVWA4_GLVWB4_GRVW4_K1_SS1_SVW1_WSGRA0_WSGRB1,NO_CHECK,52.801,1270.98,,0.046875,2,32,0.125,1,1,0.375,1081344,32768,,,,,,,,,,2026-04-19 00:04:29.
0,12/44,31/47,Contraction_l_Alik_Bjlk_Cijk_Dijk,"(8,4096,1,1024)",Cijk_Alik_Bjlk_B8B8S_BH_GB_MT64x64x16_MI16x16x16x1_SN_GLVWA8_GLVWB8_GRVW8_K1_SS1_SVW1_WSGRA0_WSGRB1,NO_CHECK,53.56,1252.97,,0.046875,2,32,0.125,1,1,0.375,1081344,32768,,,,,,,,,,2026-04-19 00:04:29.
0,12/44,32/47,Contraction_l_Alik_Bjlk_Cijk_Dijk,"(8,4096,1,1024)",Cijk_Alik_Bjlk_B8B8S_BH_GB_MT64x64x16_MI16x16x16x1_SN_GLVWA16_GLVWB16_GRVW16_K1_SS1_SVW1_WSGRA0_WSGRB1,NO_CHECK,53.32,1258.61,,0.046875,2,32,0.125,1,1,0.375,1081344,32768,,,,,,,,,,2026-04-19 00:04:29.
0,12/44,33/47,Contraction_l_Alik_Bjlk_Cijk_Dijk,"(8,4096,1,1024)",Cijk_Alik_Bjlk_B8B8S_BH_GB_MT64x64x16_MI16x16x16x1_SN_GLVWA4_GLVWB4_GRVW4_K1_SS1_SVW1_WSGRA1_WSGRB1,NO_CHECK,52.481,1278.73,,0.046875,2,32,0.125,1,1,0.375,1081344,32768,,,,,,,,,,2026-04-19 00:04:29.
0,12/44,34/47,Contraction_l_Alik_Bjlk_Cijk_Dijk,"(8,4096,1,1024)",Cijk_Alik_Bjlk_B8B8S_BH_GB_MT64x64x16_MI16x16x16x1_SN_GLVWA8_GLVWB8_GRVW8_K1_SS1_SVW1_WSGRA1_WSGRB1,NO_CHECK,53.161,1262.37,,0.046875,2,32,0.125,1,1,0.375,1081344,32768,,,,,,,,,,2026-04-19 00:04:29.
0,12/44,35/47,Contraction_l_Alik_Bjlk_Cijk_Dijk,"(8,4096,1,1024)",Cijk_Alik_Bjlk_B8B8S_BH_GB_MT64x64x16_MI16x16x16x1_SN_GLVWA16_GLVWB16_GRVW16_K1_SS1_SVW1_WSGRA1_WSGRB1,NO_CHECK,52.36,1281.68,,0.046875,2,32,0.125,1,1,0.375,1081344,32768,,,,,,,,,,2026-04-19 00:04:29.
0,12/44,36/47,Contraction_l_Alik_Bjlk_Cijk_Dijk,"(8,4096,1,1024)",Cijk_Alik_Bjlk_B8B8S_BH_GB_MT64x64x32_MI16x16x16x1_SN_GLVWA4_GLVWB4_GRVW4_K1_SS1_SVW1_WSGRA0_WSGRB0,NO_CHECK,47.601,1409.82,,0.046875,2,32,0.125,1,1,0.375,1081344,32768,,,,,,,,,,2026-04-19 00:04:29.
0,12/44,37/47,Contraction_l_Alik_Bjlk_Cijk_Dijk,"(8,4096,1,1024)",Cijk_Alik_Bjlk_B8B8S_BH_GB_MT64x64x32_MI16x16x16x1_SN_GLVWA8_GLVWB8_GRVW8_K1_SS1_SVW1_WSGRA0_WSGRB0,NO_CHECK,47.321,1418.16,,0.046875,2,32,0.125,1,1,0.375,1081344,32768,,,,,,,,,,2026-04-19 00:04:29.
0,12/44,38/47,Contraction_l_Alik_Bjlk_Cijk_Dijk,"(8,4096,1,1024)",Cijk_Alik_Bjlk_B8B8S_BH_GB_MT64x64x32_MI16x16x16x1_SN_GLVWA16_GLVWB16_GRVW16_K1_SS1_SVW1_WSGRA0_WSGRB0,NO_CHECK,46,1458.89,,0.046875,2,32,0.125,1,1,0.375,1081344,32768,,,,,,,,,,2026-04-19 00:04:29.
0,12/44,39/47,Contraction_l_Alik_Bjlk_Cijk_Dijk,"(8,4096,1,1024)",Cijk_Alik_Bjlk_B8B8S_BH_GB_MT64x64x32_MI16x16x16x1_SN_GLVWA4_GLVWB4_GRVW4_K1_SS1_SVW1_WSGRA1_WSGRB0,NO_CHECK,48.4,1386.55,,0.046875,2,32,0.125,1,1,0.375,1081344,32768,,,,,,,,,,2026-04-19 00:04:29.
0,12/44,40/47,Contraction_l_Alik_Bjlk_Cijk_Dijk,"(8,4096,1,1024)",Cijk_Alik_Bjlk_B8B8S_BH_GB_MT64x64x32_MI16x16x16x1_SN_GLVWA8_GLVWB8_GRVW8_K1_SS1_SVW1_WSGRA1_WSGRB0,NO_CHECK,47.841,1402.75,,0.046875,2,32,0.125,1,1,0.375,1081344,32768,,,,,,,,,,2026-04-19 00:04:29.
0,12/44,41/47,Contraction_l_Alik_Bjlk_Cijk_Dijk,"(8,4096,1,1024)",Cijk_Alik_Bjlk_B8B8S_BH_GB_MT64x64x32_MI16x16x16x1_SN_GLVWA16_GLVWB16_GRVW16_K1_SS1_SVW1_WSGRA1_WSGRB0,NO_CHECK,46.041,1457.59,,0.046875,2,32,0.125,1,1,0.375,1081344,32768,,,,,,,,,,2026-04-19 00:04:29.
0,12/44,42/47,Contraction_l_Alik_Bjlk_Cijk_Dijk,"(8,4096,1,1024)",Cijk_Alik_Bjlk_B8B8S_BH_GB_MT64x64x32_MI16x16x16x1_SN_GLVWA4_GLVWB4_GRVW4_K1_SS1_SVW1_WSGRA0_WSGRB1,NO_CHECK,48.16,1393.46,,0.046875,2,32,0.125,1,1,0.375,1081344,32768,,,,,,,,,,2026-04-19 00:04:29.
0,12/44,43/47,Contraction_l_Alik_Bjlk_Cijk_Dijk,"(8,4096,1,1024)",Cijk_Alik_Bjlk_B8B8S_BH_GB_MT64x64x32_MI16x16x16x1_SN_GLVWA8_GLVWB8_GRVW8_K1_SS1_SVW1_WSGRA0_WSGRB1,NO_CHECK,47.6,1409.85,,0.046875,2,32,0.125,1,1,0.375,1081344,32768,,,,,,,,,,2026-04-19 00:04:29.
0,12/44,44/47,Contraction_l_Alik_Bjlk_Cijk_Dijk,"(8,4096,1,1024)",Cijk_Alik_Bjlk_B8B8S_BH_GB_MT64x64x32_MI16x16x16x1_SN_GLVWA16_GLVWB16_GRVW16_K1_SS1_SVW1_WSGRA0_WSGRB1,NO_CHECK,45.721,1467.79,,0.046875,2,32,0.125,1,1,0.375,1081344,32768,,,,,,,,,,2026-04-19 00:04:29.
0,12/44,45/47,Contraction_l_Alik_Bjlk_Cijk_Dijk,"(8,4096,1,1024)",Cijk_Alik_Bjlk_B8B8S_BH_GB_MT64x64x32_MI16x16x16x1_SN_GLVWA4_GLVWB4_GRVW4_K1_SS1_SVW1_WSGRA1_WSGRB1,NO_CHECK,48.241,1391.12,,0.046875,2,32,0.125,1,1,0.375,1081344,32768,,,,,,,,,,2026-04-19 00:04:29.
0,12/44,46/47,Contraction_l_Alik_Bjlk_Cijk_Dijk,"(8,4096,1,1024)",Cijk_Alik_Bjlk_B8B8S_BH_GB_MT64x64x32_MI16x16x16x1_SN_GLVWA8_GLVWB8_GRVW8_K1_SS1_SVW1_WSGRA1_WSGRB1,NO_CHECK,46.48,1443.82,,0.046875,2,32,0.125,1,1,0.375,1081344,32768,,,,,,,,,,2026-04-19 00:04:29.
0,12/44,47/47,Contraction_l_Alik_Bjlk_Cijk_Dijk,"(8,4096,1,1024)",Cijk_Alik_Bjlk_B8B8S_BH_GB_MT64x64x32_MI16x16x16x1_SN_GLVWA16_GLVWB16_GRVW16_K1_SS1_SVW1_WSGRA1_WSGRB1,NO_CHECK,47.081,1425.39,,0.046875,2,32,0.125,1,1,0.375,1081344,32768,,,,,,,,,,2026-04-19 00:04:29.
0,13/44,0/47,Contraction_l_Alik_Bjlk_Cijk_Dijk,"(8,4096,1,4096)",Cijk_Alik_Bjlk_B8B8S_BH_GB_MT64x64x16_MI16x16x16x1_SN_GLVWA4_GLVWB4_GRVW4_K1_SS0_SVW4_WSGRA0_WSGRB0,NO_CHECK,151.682,1769.73,,0.046875,2,32,0.125,1,1,0.375,4227072,32768,,,,,,,,,,2026-04-19 00:04:29.
0,13/44,1/47,Contraction_l_Alik_Bjlk_Cijk_Dijk,"(8,4096,1,4096)",Cijk_Alik_Bjlk_B8B8S_BH_GB_MT64x64x16_MI16x16x16x1_SN_GLVWA8_GLVWB8_GRVW8_K1_SS0_SVW4_WSGRA0_WSGRB0,NO_CHECK,135.922,1974.92,,0.046875,2,32,0.125,1,1,0.375,4227072,32768,,,,,,,,,,2026-04-19 00:04:29.
0,13/44,2/47,Contraction_l_Alik_Bjlk_Cijk_Dijk,"(8,4096,1,4096)",Cijk_Alik_Bjlk_B8B8S_BH_GB_MT64x64x16_MI16x16x16x1_SN_GLVWA16_GLVWB16_GRVW16_K1_SS0_SVW4_WSGRA0_WSGRB0,NO_CHECK,136.921,1960.51,,0.046875,2,32,0.125,1,1,0.375,4227072,32768,,,,,,,,,,2026-04-19 00:04:29.
0,13/44,3/47,Contraction_l_Alik_Bjlk_Cijk_Dijk,"(8,4096,1,4096)",Cijk_Alik_Bjlk_B8B8S_BH_GB_MT64x64x16_MI16x16x16x1_SN_GLVWA4_GLVWB4_GRVW4_K1_SS0_SVW4_WSGRA1_WSGRB0,NO_CHECK,137.201,1956.51,,0.046875,2,32,0.125,1,1,0.375,4227072,32768,,,,,,,,,,2026-04-19 00:04:29.
0,13/44,4/47,Contraction_l_Alik_Bjlk_Cijk_Dijk,"(8,4096,1,4096)",Cijk_Alik_Bjlk_B8B8S_BH_GB_MT64x64x16_MI16x16x16x1_SN_GLVWA8_GLVWB8_GRVW8_K1_SS0_SVW4_WSGRA1_WSGRB0,NO_CHECK,135.562,1980.17,,0.046875,2,32,0.125,1,1,0.375,4227072,32768,,,,,,,,,,2026-04-19 00:04:29.
0,13/44,5/47,Contraction_l_Alik_Bjlk_Cijk_Dijk,"(8,4096,1,4096)",Cijk_Alik_Bjlk_B8B8S_BH_GB_MT64x64x16_MI16x16x16x1_SN_GLVWA16_GLVWB16_GRVW16_K1_SS0_SVW4_WSGRA1_WSGRB0,NO_CHECK,136.282,1969.71,,0.046875,2,32,0.125,1,1,0.375,4227072,32768,,,,,,,,,,2026-04-19 00:04:29.
0,13/44,6/47,Contraction_l_Alik_Bjlk_Cijk_Dijk,"(8,4096,1,4096)",Cijk_Alik_Bjlk_B8B8S_BH_GB_MT64x64x16_MI16x16x16x1_SN_GLVWA4_GLVWB4_GRVW4_K1_SS0_SVW4_WSGRA0_WSGRB1,NO_CHECK,137.561,1951.39,,0.046875,2,32,0.125,1,1,0.375,4227072,32768,,,,,,,,,,2026-04-19 00:04:29.
0,13/44,7/47,Contraction_l_Alik_Bjlk_Cijk_Dijk,"(8,4096,1,4096)",Cijk_Alik_Bjlk_B8B8S_BH_GB_MT64x64x16_MI16x16x16x1_SN_GLVWA8_GLVWB8_GRVW8_K1_SS0_SVW4_WSGRA0_WSGRB1,NO_CHECK,136.482,1966.82,,0.046875,2,32,0.125,1,1,0.375,4227072,32768,,,,,,,,,,2026-04-19 00:04:29.
0,13/44,8/47,Contraction_l_Alik_Bjlk_Cijk_Dijk,"(8,4096,1,4096)",Cijk_Alik_Bjlk_B8B8S_BH_GB_MT64x64x16_MI16x16x16x1_SN_GLVWA16_GLVWB16_GRVW16_K1_SS0_SVW4_WSGRA0_WSGRB1,NO_CHECK,135.882,1975.5,,0.046875,2,32,0.125,1,1,0.375,4227072,32768,,,,,,,,,,2026-04-19 00:04:29.
0,13/44,9/47,Contraction_l_Alik_Bjlk_Cijk_Dijk,"(8,4096,1,4096)",Cijk_Alik_Bjlk_B8B8S_BH_GB_MT64x64x16_MI16x16x16x1_SN_GLVWA4_GLVWB4_GRVW4_K1_SS0_SVW4_WSGRA1_WSGRB1,NO_CHECK,138.001,1945.17,,0.046875,2,32,0.125,1,1,0.375,4227072,32768,,,,,,,,,,2026-04-19 00:04:29.
0,13/44,10/47,Contraction_l_Alik_Bjlk_Cijk_Dijk,"(8,4096,1,4096)",Cijk_Alik_Bjlk_B8B8S_BH_GB_MT64x64x16_MI16x16x16x1_SN_GLVWA8_GLVWB8_GRVW8_K1_SS0_SVW4_WSGRA1_WSGRB1,NO_CHECK,136.202,1970.86,,0.046875,2,32,0.125,1,1,0.375,4227072,32768,,,,,,,,,,2026-04-19 00:04:29.
0,13/44,11/47,Contraction_l_Alik_Bjlk_Cijk_Dijk,"(8,4096,1,4096)",Cijk_Alik_Bjlk_B8B8S_BH_GB_MT64x64x16_MI16x16x16x1_SN_GLVWA16_GLVWB16_GRVW16_K1_SS0_SVW4_WSGRA1_WSGRB1,NO_CHECK,136.042,1973.18,,0.046875,2,32,0.125,1,1,0.375,4227072,32768,,,,,,,,,,2026-04-19 00:04:29.
0,13/44,12/47,Contraction_l_Alik_Bjlk_Cijk_Dijk,"(8,4096,1,4096)",Cijk_Alik_Bjlk_B8B8S_BH_GB_MT64x64x32_MI16x16x16x1_SN_GLVWA4_GLVWB4_GRVW4_K1_SS0_SVW4_WSGRA0_WSGRB0,NO_CHECK,109.921,2442.08,,0.046875,2,32,0.125,1,1,0.375,4227072,32768,,,,,,,,,,2026-04-19 00:04:29.
0,13/44,13/47,Contraction_l_Alik_Bjlk_Cijk_Dijk,"(8,4096,1,4096)",Cijk_Alik_Bjlk_B8B8S_BH_GB_MT64x64x32_MI16x16x16x1_SN_GLVWA8_GLVWB8_GRVW8_K1_SS0_SVW4_WSGRA0_WSGRB0,NO_CHECK,108.202,2480.87,,0.046875,2,32,0.125,1,1,0.375,4227072,32768,,,,,,,,,,2026-04-19 00:04:29.
0,13/44,14/47,Contraction_l_Alik_Bjlk_Cijk_Dijk,"(8,4096,1,4096)",Cijk_Alik_Bjlk_B8B8S_BH_GB_MT64x64x32_MI16x16x16x1_SN_GLVWA16_GLVWB16_GRVW16_K1_SS0_SVW4_WSGRA0_WSGRB0,NO_CHECK,108.122,2482.71,,0.046875,2,32,0.125,1,1,0.375,4227072,32768,,,,,,,,,,2026-04-19 00:04:29.
0,13/44,15/47,Contraction_l_Alik_Bjlk_Cijk_Dijk,"(8,4096,1,4096)",Cijk_Alik_Bjlk_B8B8S_BH_GB_MT64x64x32_MI16x16x16x1_SN_GLVWA4_GLVWB4_GRVW4_K1_SS0_SVW4_WSGRA1_WSGRB0,NO_CHECK,110.242,2434.97,,0.046875,2,32,0.125,1,1,0.375,4227072,32768,,,,,,,,,,2026-04-19 00:04:29.
0,13/44,16/47,Contraction_l_Alik_Bjlk_Cijk_Dijk,"(8,4096,1,4096)",Cijk_Alik_Bjlk_B8B8S_BH_GB_MT64x64x32_MI16x16x16x1_SN_GLVWA8_GLVWB8_GRVW8_K1_SS0_SVW4_WSGRA1_WSGRB0,NO_CHECK,115.362,2326.9,,0.046875,2,32,0.125,1,1,0.375,4227072,32768,,,,,,,,,,2026-04-19 00:04:29.
0,13/44,17/47,Contraction_l_Alik_Bjlk_Cijk_Dijk,"(8,4096,1,4096)",Cijk_Alik_Bjlk_B8B8S_BH_GB_MT64x64x32_MI16x16x16x1_SN_GLVWA16_GLVWB16_GRVW16_K1_SS0_SVW4_WSGRA1_WSGRB0,NO_CHECK,107.601,2494.73,,0.046875,2,32,0.125,1,1,0.375,4227072,32768,,,,,,,,,,2026-04-19 00:04:29.
0,13/44,18/47,Contraction_l_Alik_Bjlk_Cijk_Dijk,"(8,4096,1,4096)",Cijk_Alik_Bjlk_B8B8S_BH_GB_MT64x64x32_MI16x16x16x1_SN_GLVWA4_GLVWB4_GRVW4_K1_SS0_SVW4_WSGRA0_WSGRB1,NO_CHECK,110.602,2427.04,,0.046875,2,32,0.125,1,1,0.375,4227072,32768,,,,,,,,,,2026-04-19 00:04:29.
0,13/44,19/47,Contraction_l_Alik_Bjlk_Cijk_Dijk,"(8,4096,1,4096)",Cijk_Alik_Bjlk_B8B8S_BH_GB_MT64x64x32_MI16x16x16x1_SN_GLVWA8_GLVWB8_GRVW8_K1_SS0_SVW4_WSGRA0_WSGRB1,NO_CHECK,108.842,2466.29,,0.046875,2,32,0.125,1,1,0.375,4227072,32768,,,,,,,,,,2026-04-19 00:04:29.
0,13/44,20/47,Contraction_l_Alik_Bjlk_Cijk_Dijk,"(8,4096,1,4096)",Cijk_Alik_Bjlk_B8B8S_BH_GB_MT64x64x32_MI16x16x16x1_SN_GLVWA16_GLVWB16_GRVW16_K1_SS0_SVW4_WSGRA0_WSGRB1,NO_CHECK,108.561,2472.67,,0.046875,2,32,0.125,1,1,0.375,4227072,32768,,,,,,,,,,2026-04-19 00:04:29.
0,13/44,21/47,Contraction_l_Alik_Bjlk_Cijk_Dijk,"(8,4096,1,4096)",Cijk_Alik_Bjlk_B8B8S_BH_GB_MT64x64x32_MI16x16x16x1_SN_GLVWA4_GLVWB4_GRVW4_K1_SS0_SVW4_WSGRA1_WSGRB1,NO_CHECK,110.201,2435.87,,0.046875,2,32,0.125,1,1,0.375,4227072,32768,,,,,,,,,,2026-04-19 00:04:29.
0,13/44,22/47,Contraction_l_Alik_Bjlk_Cijk_Dijk,"(8,4096,1,4096)",Cijk_Alik_Bjlk_B8B8S_BH_GB_MT64x64x32_MI16x16x16x1_SN_GLVWA8_GLVWB8_GRVW8_K1_SS0_SVW4_WSGRA1_WSGRB1,NO_CHECK,108.521,2473.58,,0.046875,2,32,0.125,1,1,0.375,4227072,32768,,,,,,,,,,2026-04-19 00:04:29.
0,13/44,23/47,Contraction_l_Alik_Bjlk_Cijk_Dijk,"(8,4096,1,4096)",Cijk_Alik_Bjlk_B8B8S_BH_GB_MT64x64x32_MI16x16x16x1_SN_GLVWA16_GLVWB16_GRVW16_K1_SS0_SVW4_WSGRA1_WSGRB1,NO_CHECK,108.801,2467.21,,0.046875,2,32,0.125,1,1,0.375,4227072,32768,,,,,,,,,,2026-04-19 00:04:29.
0,13/44,24/47,Contraction_l_Alik_Bjlk_Cijk_Dijk,"(8,4096,1,4096)",Cijk_Alik_Bjlk_B8B8S_BH_GB_MT64x64x16_MI16x16x16x1_SN_GLVWA4_GLVWB4_GRVW4_K1_SS1_SVW1_WSGRA0_WSGRB0,NO_CHECK,138.001,1945.17,,0.046875,2,32,0.125,1,1,0.375,4227072,32768,,,,,,,,,,2026-04-19 00:04:29.
0,13/44,25/47,Contraction_l_Alik_Bjlk_Cijk_Dijk,"(8,4096,1,4096)",Cijk_Alik_Bjlk_B8B8S_BH_GB_MT64x64x16_MI16x16x16x1_SN_GLVWA8_GLVWB8_GRVW8_K1_SS1_SVW1_WSGRA0_WSGRB0,NO_CHECK,135.802,1976.67,,0.046875,2,32,0.125,1,1,0.375,4227072,32768,,,,,,,,,,2026-04-19 00:04:29.
0,13/44,26/47,Contraction_l_Alik_Bjlk_Cijk_Dijk,"(8,4096,1,4096)",Cijk_Alik_Bjlk_B8B8S_BH_GB_MT64x64x16_MI16x16x16x1_SN_GLVWA16_GLVWB16_GRVW16_K1_SS1_SVW1_WSGRA0_WSGRB0,NO_CHECK,135.962,1974.34,,0.046875,2,32,0.125,1,1,0.375,4227072,32768,,,,,,,,,,2026-04-19 00:04:29.
0,13/44,27/47,Contraction_l_Alik_Bjlk_Cijk_Dijk,"(8,4096,1,4096)",Cijk_Alik_Bjlk_B8B8S_BH_GB_MT64x64x16_MI16x16x16x1_SN_GLVWA4_GLVWB4_GRVW4_K1_SS1_SVW1_WSGRA1_WSGRB0,NO_CHECK,137.681,1949.69,,0.046875,2,32,0.125,1,1,0.375,4227072,32768,,,,,,,,,,2026-04-19 00:04:29.
0,13/44,28/47,Contraction_l_Alik_Bjlk_Cijk_Dijk,"(8,4096,1,4096)",Cijk_Alik_Bjlk_B8B8S_BH_GB_MT64x64x16_MI16x16x16x1_SN_GLVWA8_GLVWB8_GRVW8_K1_SS1_SVW1_WSGRA1_WSGRB0,NO_CHECK,135.561,1980.18,,0.046875,2,32,0.125,1,1,0.375,4227072,32768,,,,,,,,,,2026-04-19 00:04:29.
0,13/44,29/47,Contraction_l_Alik_Bjlk_Cijk_Dijk,"(8,4096,1,4096)",Cijk_Alik_Bjlk_B8B8S_BH_GB_MT64x64x16_MI16x16x16x1_SN_GLVWA16_GLVWB16_GRVW16_K1_SS1_SVW1_WSGRA1_WSGRB0,NO_CHECK,135.842,1976.09,,0.046875,2,32,0.125,1,1,0.375,4227072,32768,,,,,,,,,,2026-04-19 00:04:29.
0,13/44,30/47,Contraction_l_Alik_Bjlk_Cijk_Dijk,"(8,4096,1,4096)",Cijk_Alik_Bjlk_B8B8S_BH_GB_MT64x64x16_MI16x16x16x1_SN_GLVWA4_GLVWB4_GRVW4_K1_SS1_SVW1_WSGRA0_WSGRB1,NO_CHECK,137.561,1951.39,,0.046875,2,32,0.125,1,1,0.375,4227072,32768,,,,,,,,,,2026-04-19 00:04:29.
0,13/44,31/47,Contraction_l_Alik_Bjlk_Cijk_Dijk,"(8,4096,1,4096)",Cijk_Alik_Bjlk_B8B8S_BH_GB_MT64x64x16_MI16x16x16x1_SN_GLVWA8_GLVWB8_GRVW8_K1_SS1_SVW1_WSGRA0_WSGRB1,NO_CHECK,135.601,1979.6,,0.046875,2,32,0.125,1,1,0.375,4227072,32768,,,,,,,,,,2026-04-19 00:04:29.
0,13/44,32/47,Contraction_l_Alik_Bjlk_Cijk_Dijk,"(8,4096,1,4096)",Cijk_Alik_Bjlk_B8B8S_BH_GB_MT64x64x16_MI16x16x16x1_SN_GLVWA16_GLVWB16_GRVW16_K1_SS1_SVW1_WSGRA0_WSGRB1,NO_CHECK,137.002,1959.35,,0.046875,2,32,0.125,1,1,0.375,4227072,32768,,,,,,,,,,2026-04-19 00:04:29.
0,13/44,33/47,Contraction_l_Alik_Bjlk_Cijk_Dijk,"(8,4096,1,4096)",Cijk_Alik_Bjlk_B8B8S_BH_GB_MT64x64x16_MI16x16x16x1_SN_GLVWA4_GLVWB4_GRVW4_K1_SS1_SVW1_WSGRA1_WSGRB1,NO_CHECK,138.202,1942.34,,0.046875,2,32,0.125,1,1,0.375,4227072,32768,,,,,,,,,,2026-04-19 00:04:29.
0,13/44,34/47,Contraction_l_Alik_Bjlk_Cijk_Dijk,"(8,4096,1,4096)",Cijk_Alik_Bjlk_B8B8S_BH_GB_MT64x64x16_MI16x16x16x1_SN_GLVWA8_GLVWB8_GRVW8_K1_SS1_SVW1_WSGRA1_WSGRB1,NO_CHECK,138.001,1945.17,,0.046875,2,32,0.125,1,1,0.375,4227072,32768,,,,,,,,,,2026-04-19 00:04:29.
0,13/44,35/47,Contraction_l_Alik_Bjlk_Cijk_Dijk,"(8,4096,1,4096)",Cijk_Alik_Bjlk_B8B8S_BH_GB_MT64x64x16_MI16x16x16x1_SN_GLVWA16_GLVWB16_GRVW16_K1_SS1_SVW1_WSGRA1_WSGRB1,NO_CHECK,135.522,1980.75,,0.046875,2,32,0.125,1,1,0.375,4227072,32768,,,,,,,,,,2026-04-19 00:04:29.
0,13/44,36/47,Contraction_l_Alik_Bjlk_Cijk_Dijk,"(8,4096,1,4096)",Cijk_Alik_Bjlk_B8B8S_BH_GB_MT64x64x32_MI16x16x16x1_SN_GLVWA4_GLVWB4_GRVW4_K1_SS1_SVW1_WSGRA0_WSGRB0,NO_CHECK,111.002,2418.29,,0.046875,2,32,0.125,1,1,0.375,4227072,32768,,,,,,,,,,2026-04-19 00:04:29.
0,13/44,37/47,Contraction_l_Alik_Bjlk_Cijk_Dijk,"(8,4096,1,4096)",Cijk_Alik_Bjlk_B8B8S_BH_GB_MT64x64x32_MI16x16x16x1_SN_GLVWA8_GLVWB8_GRVW8_K1_SS1_SVW1_WSGRA0_WSGRB0,NO_CHECK,109.722,2446.51,,0.046875,2,32,0.125,1,1,0.375,4227072,32768,,,,,,,,,,2026-04-19 00:04:29.
0,13/44,38/47,Contraction_l_Alik_Bjlk_Cijk_Dijk,"(8,4096,1,4096)",Cijk_Alik_Bjlk_B8B8S_BH_GB_MT64x64x32_MI16x16x16x1_SN_GLVWA16_GLVWB16_GRVW16_K1_SS1_SVW1_WSGRA0_WSGRB0,NO_CHECK,108.521,2473.58,,0.046875,2,32,0.125,1,1,0.375,4227072,32768,,,,,,,,,,2026-04-19 00:04:29.
0,13/44,39/47,Contraction_l_Alik_Bjlk_Cijk_Dijk,"(8,4096,1,4096)",Cijk_Alik_Bjlk_B8B8S_BH_GB_MT64x64x32_MI16x16x16x1_SN_GLVWA4_GLVWB4_GRVW4_K1_SS1_SVW1_WSGRA1_WSGRB0,NO_CHECK,110.401,2431.46,,0.046875,2,32,0.125,1,1,0.375,4227072,32768,,,,,,,,,,2026-04-19 00:04:29.
0,13/44,40/47,Contraction_l_Alik_Bjlk_Cijk_Dijk,"(8,4096,1,4096)",Cijk_Alik_Bjlk_B8B8S_BH_GB_MT64x64x32_MI16x16x16x1_SN_GLVWA8_GLVWB8_GRVW8_K1_SS1_SVW1_WSGRA1_WSGRB0,NO_CHECK,109.161,2459.08,,0.046875,2,32,0.125,1,1,0.375,4227072,32768,,,,,,,,,,2026-04-19 00:04:29.
0,13/44,41/47,Contraction_l_Alik_Bjlk_Cijk_Dijk,"(8,4096,1,4096)",Cijk_Alik_Bjlk_B8B8S_BH_GB_MT64x64x32_MI16x16x16x1_SN_GLVWA16_GLVWB16_GRVW16_K1_SS1_SVW1_WSGRA1_WSGRB0,NO_CHECK,108.641,2470.85,,0.046875,2,32,0.125,1,1,0.375,4227072,32768,,,,,,,,,,2026-04-19 00:04:29.
0,13/44,42/47,Contraction_l_Alik_Bjlk_Cijk_Dijk,"(8,4096,1,4096)",Cijk_Alik_Bjlk_B8B8S_BH_GB_MT64x64x32_MI16x16x16x1_SN_GLVWA4_GLVWB4_GRVW4_K1_SS1_SVW1_WSGRA0_WSGRB1,NO_CHECK,110.721,2424.43,,0.046875,2,32,0.125,1,1,0.375,4227072,32768,,,,,,,,,,2026-04-19 00:04:29.
0,13/44,43/47,Contraction_l_Alik_Bjlk_Cijk_Dijk,"(8,4096,1,4096)",Cijk_Alik_Bjlk_B8B8S_BH_GB_MT64x64x32_MI16x16x16x1_SN_GLVWA8_GLVWB8_GRVW8_K1_SS1_SVW1_WSGRA0_WSGRB1,NO_CHECK,116.281,2308.51,,0.046875,2,32,0.125,1,1,0.375,4227072,32768,,,,,,,,,,2026-04-19 00:04:29.
0,13/44,44/47,Contraction_l_Alik_Bjlk_Cijk_Dijk,"(8,4096,1,4096)",Cijk_Alik_Bjlk_B8B8S_BH_GB_MT64x64x32_MI16x16x16x1_SN_GLVWA16_GLVWB16_GRVW16_K1_SS1_SVW1_WSGRA0_WSGRB1,NO_CHECK,107.201,2504.04,,0.046875,2,32,0.125,1,1,0.375,4227072,32768,,,,,,,,,,2026-04-19 00:04:29.
0,13/44,45/47,Contraction_l_Alik_Bjlk_Cijk_Dijk,"(8,4096,1,4096)",Cijk_Alik_Bjlk_B8B8S_BH_GB_MT64x64x32_MI16x16x16x1_SN_GLVWA4_GLVWB4_GRVW4_K1_SS1_SVW1_WSGRA1_WSGRB1,NO_CHECK,111.042,2417.42,,0.046875,2,32,0.125,1,1,0.375,4227072,32768,,,,,,,,,,2026-04-19 00:04:29.
0,13/44,46/47,Contraction_l_Alik_Bjlk_Cijk_Dijk,"(8,4096,1,4096)",Cijk_Alik_Bjlk_B8B8S_BH_GB_MT64x64x32_MI16x16x16x1_SN_GLVWA8_GLVWB8_GRVW8_K1_SS1_SVW1_WSGRA1_WSGRB1,NO_CHECK,109.362,2454.56,,0.046875,2,32,0.125,1,1,0.375,4227072,32768,,,,,,,,,,2026-04-19 00:04:29.
0,13/44,47/47,Contraction_l_Alik_Bjlk_Cijk_Dijk,"(8,4096,1,4096)",Cijk_Alik_Bjlk_B8B8S_BH_GB_MT64x64x32_MI16x16x16x1_SN_GLVWA16_GLVWB16_GRVW16_K1_SS1_SVW1_WSGRA1_WSGRB1,NO_CHECK,108.922,2464.47,,0.046875,2,32,0.125,1,1,0.375,4227072,32768,,,,,,,,,,2026-04-19 00:04:29.
0,14/44,0/47,Contraction_l_Alik_Bjlk_Cijk_Dijk,"(8,4096,1,8192)",Cijk_Alik_Bjlk_B8B8S_BH_GB_MT64x64x16_MI16x16x16x1_SN_GLVWA4_GLVWB4_GRVW4_K1_SS0_SVW4_WSGRA0_WSGRB0,NO_CHECK,293.803,1827.32,,0.046875,2,32,0.125,1,1,0.375,8421376,32768,,,,,,,,,,2026-04-19 00:04:29.
0,14/44,1/47,Contraction_l_Alik_Bjlk_Cijk_Dijk,"(8,4096,1,8192)",Cijk_Alik_Bjlk_B8B8S_BH_GB_MT64x64x16_MI16x16x16x1_SN_GLVWA8_GLVWB8_GRVW8_K1_SS0_SVW4_WSGRA0_WSGRB0,NO_CHECK,256.523,2092.88,,0.046875,2,32,0.125,1,1,0.375,8421376,32768,,,,,,,,,,2026-04-19 00:04:29.
0,14/44,2/47,Contraction_l_Alik_Bjlk_Cijk_Dijk,"(8,4096,1,8192)",Cijk_Alik_Bjlk_B8B8S_BH_GB_MT64x64x16_MI16x16x16x1_SN_GLVWA16_GLVWB16_GRVW16_K1_SS0_SVW4_WSGRA0_WSGRB0,NO_CHECK,256.562,2092.56,,0.046875,2,32,0.125,1,1,0.375,8421376,32768,,,,,,,,,,2026-04-19 00:04:29.
0,14/44,3/47,Contraction_l_Alik_Bjlk_Cijk_Dijk,"(8,4096,1,8192)",Cijk_Alik_Bjlk_B8B8S_BH_GB_MT64x64x16_MI16x16x16x1_SN_GLVWA4_GLVWB4_GRVW4_K1_SS0_SVW4_WSGRA1_WSGRB0,NO_CHECK,259.003,2072.84,,0.046875,2,32,0.125,1,1,0.375,8421376,32768,,,,,,,,,,2026-04-19 00:04:29.
0,14/44,4/47,Contraction_l_Alik_Bjlk_Cijk_Dijk,"(8,4096,1,8192)",Cijk_Alik_Bjlk_B8B8S_BH_GB_MT64x64x16_MI16x16x16x1_SN_GLVWA8_GLVWB8_GRVW8_K1_SS0_SVW4_WSGRA1_WSGRB0,NO_CHECK,253.043,2121.66,,0.046875,2,32,0.125,1,1,0.375,8421376,32768,,,,,,,,,,2026-04-19 00:04:29.
0,14/44,5/47,Contraction_l_Alik_Bjlk_Cijk_Dijk,"(8,4096,1,8192)",Cijk_Alik_Bjlk_B8B8S_BH_GB_MT64x64x16_MI16x16x16x1_SN_GLVWA16_GLVWB16_GRVW16_K1_SS0_SVW4_WSGRA1_WSGRB0,NO_CHECK,255.123,2104.36,,0.046875,2,32,0.125,1,1,0.375,8421376,32768,,,,,,,,,,2026-04-19 00:04:29.
0,14/44,6/47,Contraction_l_Alik_Bjlk_Cijk_Dijk,"(8,4096,1,8192)",Cijk_Alik_Bjlk_B8B8S_BH_GB_MT64x64x16_MI16x16x16x1_SN_GLVWA4_GLVWB4_GRVW4_K1_SS0_SVW4_WSGRA0_WSGRB1,NO_CHECK,257.683,2083.45,,0.046875,2,32,0.125,1,1,0.375,8421376,32768,,,,,,,,,,2026-04-19 00:04:29.
0,14/44,7/47,Contraction_l_Alik_Bjlk_Cijk_Dijk,"(8,4096,1,8192)",Cijk_Alik_Bjlk_B8B8S_BH_GB_MT64x64x16_MI16x16x16x1_SN_GLVWA8_GLVWB8_GRVW8_K1_SS0_SVW4_WSGRA0_WSGRB1,NO_CHECK,254.203,2111.98,,0.046875,2,32,0.125,1,1,0.375,8421376,32768,,,,,,,,,,2026-04-19 00:04:29.
0,14/44,8/47,Contraction_l_Alik_Bjlk_Cijk_Dijk,"(8,4096,1,8192)",Cijk_Alik_Bjlk_B8B8S_BH_GB_MT64x64x16_MI16x16x16x1_SN_GLVWA16_GLVWB16_GRVW16_K1_SS0_SVW4_WSGRA0_WSGRB1,NO_CHECK,255.803,2098.77,,0.046875,2,32,0.125,1,1,0.375,8421376,32768,,,,,,,,,,2026-04-19 00:04:29.
0,14/44,9/47,Contraction_l_Alik_Bjlk_Cijk_Dijk,"(8,4096,1,8192)",Cijk_Alik_Bjlk_B8B8S_BH_GB_MT64x64x16_MI16x16x16x1_SN_GLVWA4_GLVWB4_GRVW4_K1_SS0_SVW4_WSGRA1_WSGRB1,NO_CHECK,257.883,2081.84,,0.046875,2,32,0.125,1,1,0.375,8421376,32768,,,,,,,,,,2026-04-19 00:04:29.
0,14/44,10/47,Contraction_l_Alik_Bjlk_Cijk_Dijk,"(8,4096,1,8192)",Cijk_Alik_Bjlk_B8B8S_BH_GB_MT64x64x16_MI16x16x16x1_SN_GLVWA8_GLVWB8_GRVW8_K1_SS0_SVW4_WSGRA1_WSGRB1,NO_CHECK,255.043,2105.02,,0.046875,2,32,0.125,1,1,0.375,8421376,32768,,,,,,,,,,2026-04-19 00:04:29.
0,14/44,11/47,Contraction_l_Alik_Bjlk_Cijk_Dijk,"(8,4096,1,8192)",Cijk_Alik_Bjlk_B8B8S_BH_GB_MT64x64x16_MI16x16x16x1_SN_GLVWA16_GLVWB16_GRVW16_K1_SS0_SVW4_WSGRA1_WSGRB1,NO_CHECK,253.603,2116.97,,0.046875,2,32,0.125,1,1,0.375,8421376,32768,,,,,,,,,,2026-04-19 00:04:29.
0,14/44,12/47,Contraction_l_Alik_Bjlk_Cijk_Dijk,"(8,4096,1,8192)",Cijk_Alik_Bjlk_B8B8S_BH_GB_MT64x64x32_MI16x16x16x1_SN_GLVWA4_GLVWB4_GRVW4_K1_SS0_SVW4_WSGRA0_WSGRB0,NO_CHECK,200.683,2675.22,,0.046875,2,32,0.125,1,1,0.375,8421376,32768,,,,,,,,,,2026-04-19 00:04:29.
0,14/44,13/47,Contraction_l_Alik_Bjlk_Cijk_Dijk,"(8,4096,1,8192)",Cijk_Alik_Bjlk_B8B8S_BH_GB_MT64x64x32_MI16x16x16x1_SN_GLVWA8_GLVWB8_GRVW8_K1_SS0_SVW4_WSGRA0_WSGRB0,NO_CHECK,197.163,2722.98,,0.046875,2,32,0.125,1,1,0.375,8421376,32768,,,,,,,,,,2026-04-19 00:04:29.
0,14/44,14/47,Contraction_l_Alik_Bjlk_Cijk_Dijk,"(8,4096,1,8192)",Cijk_Alik_Bjlk_B8B8S_BH_GB_MT64x64x32_MI16x16x16x1_SN_GLVWA16_GLVWB16_GRVW16_K1_SS0_SVW4_WSGRA0_WSGRB0,NO_CHECK,194.523,2759.94,,0.046875,2,32,0.125,1,1,0.375,8421376,32768,,,,,,,,,,2026-04-19 00:04:29.
0,14/44,15/47,Contraction_l_Alik_Bjlk_Cijk_Dijk,"(8,4096,1,8192)",Cijk_Alik_Bjlk_B8B8S_BH_GB_MT64x64x32_MI16x16x16x1_SN_GLVWA4_GLVWB4_GRVW4_K1_SS0_SVW4_WSGRA1_WSGRB0,NO_CHECK,198.203,2708.69,,0.046875,2,32,0.125,1,1,0.375,8421376,32768,,,,,,,,,,2026-04-19 00:04:29.
0,14/44,16/47,Contraction_l_Alik_Bjlk_Cijk_Dijk,"(8,4096,1,8192)",Cijk_Alik_Bjlk_B8B8S_BH_GB_MT64x64x32_MI16x16x16x1_SN_GLVWA8_GLVWB8_GRVW8_K1_SS0_SVW4_WSGRA1_WSGRB0,NO_CHECK,196.923,2726.3,,0.046875,2,32,0.125,1,1,0.375,8421376,32768,,,,,,,,,,2026-04-19 00:04:29.
0,14/44,17/47,Contraction_l_Alik_Bjlk_Cijk_Dijk,"(8,4096,1,8192)",Cijk_Alik_Bjlk_B8B8S_BH_GB_MT64x64x32_MI16x16x16x1_SN_GLVWA16_GLVWB16_GRVW16_K1_SS0_SVW4_WSGRA1_WSGRB0,NO_CHECK,195.123,2751.45,,0.046875,2,32,0.125,1,1,0.375,8421376,32768,,,,,,,,,,2026-04-19 00:04:29.
0,14/44,18/47,Contraction_l_Alik_Bjlk_Cijk_Dijk,"(8,4096,1,8192)",Cijk_Alik_Bjlk_B8B8S_BH_GB_MT64x64x32_MI16x16x16x1_SN_GLVWA4_GLVWB4_GRVW4_K1_SS0_SVW4_WSGRA0_WSGRB1,NO_CHECK,197.962,2711.99,,0.046875,2,32,0.125,1,1,0.375,8421376,32768,,,,,,,,,,2026-04-19 00:04:29.
0,14/44,19/47,Contraction_l_Alik_Bjlk_Cijk_Dijk,"(8,4096,1,8192)",Cijk_Alik_Bjlk_B8B8S_BH_GB_MT64x64x32_MI16x16x16x1_SN_GLVWA8_GLVWB8_GRVW8_K1_SS0_SVW4_WSGRA0_WSGRB1,NO_CHECK,198.362,2706.52,,0.046875,2,32,0.125,1,1,0.375,8421376,32768,,,,,,,,,,2026-04-19 00:04:29.
0,14/44,20/47,Contraction_l_Alik_Bjlk_Cijk_Dijk,"(8,4096,1,8192)",Cijk_Alik_Bjlk_B8B8S_BH_GB_MT64x64x32_MI16x16x16x1_SN_GLVWA16_GLVWB16_GRVW16_K1_SS0_SVW4_WSGRA0_WSGRB1,NO_CHECK,191.882,2797.92,,0.046875,2,32,0.125,1,1,0.375,8421376,32768,,,,,,,,,,2026-04-19 00:04:29.
0,14/44,21/47,Contraction_l_Alik_Bjlk_Cijk_Dijk,"(8,4096,1,8192)",Cijk_Alik_Bjlk_B8B8S_BH_GB_MT64x64x32_MI16x16x16x1_SN_GLVWA4_GLVWB4_GRVW4_K1_SS0_SVW4_WSGRA1_WSGRB1,NO_CHECK,200.402,2678.97,,0.046875,2,32,0.125,1,1,0.375,8421376,32768,,,,,,,,,,2026-04-19 00:04:29.
0,14/44,22/47,Contraction_l_Alik_Bjlk_Cijk_Dijk,"(8,4096,1,8192)",Cijk_Alik_Bjlk_B8B8S_BH_GB_MT64x64x32_MI16x16x16x1_SN_GLVWA8_GLVWB8_GRVW8_K1_SS0_SVW4_WSGRA1_WSGRB1,NO_CHECK,195.602,2744.71,,0.046875,2,32,0.125,1,1,0.375,8421376,32768,,,,,,,,,,2026-04-19 00:04:29.
0,14/44,23/47,Contraction_l_Alik_Bjlk_Cijk_Dijk,"(8,4096,1,8192)",Cijk_Alik_Bjlk_B8B8S_BH_GB_MT64x64x32_MI16x16x16x1_SN_GLVWA16_GLVWB16_GRVW16_K1_SS0_SVW4_WSGRA1_WSGRB1,NO_CHECK,193.962,2767.92,,0.046875,2,32,0.125,1,1,0.375,8421376,32768,,,,,,,,,,2026-04-19 00:04:29.
0,14/44,24/47,Contraction_l_Alik_Bjlk_Cijk_Dijk,"(8,4096,1,8192)",Cijk_Alik_Bjlk_B8B8S_BH_GB_MT64x64x16_MI16x16x16x1_SN_GLVWA4_GLVWB4_GRVW4_K1_SS1_SVW1_WSGRA0_WSGRB0,NO_CHECK,258.123,2079.9,,0.046875,2,32,0.125,1,1,0.375,8421376,32768,,,,,,,,,,2026-04-19 00:04:29.
0,14/44,25/47,Contraction_l_Alik_Bjlk_Cijk_Dijk,"(8,4096,1,8192)",Cijk_Alik_Bjlk_B8B8S_BH_GB_MT64x64x16_MI16x16x16x1_SN_GLVWA8_GLVWB8_GRVW8_K1_SS1_SVW1_WSGRA0_WSGRB0,NO_CHECK,256.443,2093.53,,0.046875,2,32,0.125,1,1,0.375,8421376,32768,,,,,,,,,,2026-04-19 00:04:29.
0,14/44,26/47,Contraction_l_Alik_Bjlk_Cijk_Dijk,"(8,4096,1,8192)",Cijk_Alik_Bjlk_B8B8S_BH_GB_MT64x64x16_MI16x16x16x1_SN_GLVWA16_GLVWB16_GRVW16_K1_SS1_SVW1_WSGRA0_WSGRB0,NO_CHECK,255.843,2098.44,,0.046875,2,32,0.125,1,1,0.375,8421376,32768,,,,,,,,,,2026-04-19 00:04:29.
0,14/44,27/47,Contraction_l_Alik_Bjlk_Cijk_Dijk,"(8,4096,1,8192)",Cijk_Alik_Bjlk_B8B8S_BH_GB_MT64x64x16_MI16x16x16x1_SN_GLVWA4_GLVWB4_GRVW4_K1_SS1_SVW1_WSGRA1_WSGRB0,NO_CHECK,259.483,2069,,0.046875,2,32,0.125,1,1,0.375,8421376,32768,,,,,,,,,,2026-04-19 00:04:29.
0,14/44,28/47,Contraction_l_Alik_Bjlk_Cijk_Dijk,"(8,4096,1,8192)",Cijk_Alik_Bjlk_B8B8S_BH_GB_MT64x64x16_MI16x16x16x1_SN_GLVWA8_GLVWB8_GRVW8_K1_SS1_SVW1_WSGRA1_WSGRB0,NO_CHECK,255.443,2101.72,,0.046875,2,32,0.125,1,1,0.375,8421376,32768,,,,,,,,,,2026-04-19 00:04:29.
0,14/44,29/47,Contraction_l_Alik_Bjlk_Cijk_Dijk,"(8,4096,1,8192)",Cijk_Alik_Bjlk_B8B8S_BH_GB_MT64x64x16_MI16x16x16x1_SN_GLVWA16_GLVWB16_GRVW16_K1_SS1_SVW1_WSGRA1_WSGRB0,NO_CHECK,253.963,2113.97,,0.046875,2,32,0.125,1,1,0.375,8421376,32768,,,,,,,,,,2026-04-19 00:04:29.
0,14/44,30/47,Contraction_l_Alik_Bjlk_Cijk_Dijk,"(8,4096,1,8192)",Cijk_Alik_Bjlk_B8B8S_BH_GB_MT64x64x16_MI16x16x16x1_SN_GLVWA4_GLVWB4_GRVW4_K1_SS1_SVW1_WSGRA0_WSGRB1,NO_CHECK,259.643,2067.73,,0.046875,2,32,0.125,1,1,0.375,8421376,32768,,,,,,,,,,2026-04-19 00:04:29.
0,14/44,31/47,Contraction_l_Alik_Bjlk_Cijk_Dijk,"(8,4096,1,8192)",Cijk_Alik_Bjlk_B8B8S_BH_GB_MT64x64x16_MI16x16x16x1_SN_GLVWA8_GLVWB8_GRVW8_K1_SS1_SVW1_WSGRA0_WSGRB1,NO_CHECK,253.163,2120.65,,0.046875,2,32,0.125,1,1,0.375,8421376,32768,,,,,,,,,,2026-04-19 00:04:29.
0,14/44,32/47,Contraction_l_Alik_Bjlk_Cijk_Dijk,"(8,4096,1,8192)",Cijk_Alik_Bjlk_B8B8S_BH_GB_MT64x64x16_MI16x16x16x1_SN_GLVWA16_GLVWB16_GRVW16_K1_SS1_SVW1_WSGRA0_WSGRB1,NO_CHECK,264.763,2027.74,,0.046875,2,32,0.125,1,1,0.375,8421376,32768,,,,,,,,,,2026-04-19 00:04:29.
0,14/44,33/47,Contraction_l_Alik_Bjlk_Cijk_Dijk,"(8,4096,1,8192)",Cijk_Alik_Bjlk_B8B8S_BH_GB_MT64x64x16_MI16x16x16x1_SN_GLVWA4_GLVWB4_GRVW4_K1_SS1_SVW1_WSGRA1_WSGRB1,NO_CHECK,257.883,2081.84,,0.046875,2,32,0.125,1,1,0.375,8421376,32768,,,,,,,,,,2026-04-19 00:04:29.
0,14/44,34/47,Contraction_l_Alik_Bjlk_Cijk_Dijk,"(8,4096,1,8192)",Cijk_Alik_Bjlk_B8B8S_BH_GB_MT64x64x16_MI16x16x16x1_SN_GLVWA8_GLVWB8_GRVW8_K1_SS1_SVW1_WSGRA1_WSGRB1,NO_CHECK,254.643,2108.33,,0.046875,2,32,0.125,1,1,0.375,8421376,32768,,,,,,,,,,2026-04-19 00:04:29.
0,14/44,35/47,Contraction_l_Alik_Bjlk_Cijk_Dijk,"(8,4096,1,8192)",Cijk_Alik_Bjlk_B8B8S_BH_GB_MT64x64x16_MI16x16x16x1_SN_GLVWA16_GLVWB16_GRVW16_K1_SS1_SVW1_WSGRA1_WSGRB1,NO_CHECK,256.403,2093.86,,0.046875,2,32,0.125,1,1,0.375,8421376,32768,,,,,,,,,,2026-04-19 00:04:29.
0,14/44,36/47,Contraction_l_Alik_Bjlk_Cijk_Dijk,"(8,4096,1,8192)",Cijk_Alik_Bjlk_B8B8S_BH_GB_MT64x64x32_MI16x16x16x1_SN_GLVWA4_GLVWB4_GRVW4_K1_SS1_SVW1_WSGRA0_WSGRB0,NO_CHECK,199.802,2687.01,,0.046875,2,32,0.125,1,1,0.375,8421376,32768,,,,,,,,,,2026-04-19 00:04:29.
0,14/44,37/47,Contraction_l_Alik_Bjlk_Cijk_Dijk,"(8,4096,1,8192)",Cijk_Alik_Bjlk_B8B8S_BH_GB_MT64x64x32_MI16x16x16x1_SN_GLVWA8_GLVWB8_GRVW8_K1_SS1_SVW1_WSGRA0_WSGRB0,NO_CHECK,198.883,2699.43,,0.046875,2,32,0.125,1,1,0.375,8421376,32768,,,,,,,,,,2026-04-19 00:04:29.
0,14/44,38/47,Contraction_l_Alik_Bjlk_Cijk_Dijk,"(8,4096,1,8192)",Cijk_Alik_Bjlk_B8B8S_BH_GB_MT64x64x32_MI16x16x16x1_SN_GLVWA16_GLVWB16_GRVW16_K1_SS1_SVW1_WSGRA0_WSGRB0,NO_CHECK,195.362,2748.08,,0.046875,2,32,0.125,1,1,0.375,8421376,32768,,,,,,,,,,2026-04-19 00:04:29.
0,14/44,39/47,Contraction_l_Alik_Bjlk_Cijk_Dijk,"(8,4096,1,8192)",Cijk_Alik_Bjlk_B8B8S_BH_GB_MT64x64x32_MI16x16x16x1_SN_GLVWA4_GLVWB4_GRVW4_K1_SS1_SVW1_WSGRA1_WSGRB0,NO_CHECK,200.003,2684.31,,0.046875,2,32,0.125,1,1,0.375,8421376,32768,,,,,,,,,,2026-04-19 00:04:29.
0,14/44,40/47,Contraction_l_Alik_Bjlk_Cijk_Dijk,"(8,4096,1,8192)",Cijk_Alik_Bjlk_B8B8S_BH_GB_MT64x64x32_MI16x16x16x1_SN_GLVWA8_GLVWB8_GRVW8_K1_SS1_SVW1_WSGRA1_WSGRB0,NO_CHECK,198.323,2707.05,,0.046875,2,32,0.125,1,1,0.375,8421376,32768,,,,,,,,,,2026-04-19 00:04:29.
0,14/44,41/47,Contraction_l_Alik_Bjlk_Cijk_Dijk,"(8,4096,1,8192)",Cijk_Alik_Bjlk_B8B8S_BH_GB_MT64x64x32_MI16x16x16x1_SN_GLVWA16_GLVWB16_GRVW16_K1_SS1_SVW1_WSGRA1_WSGRB0,NO_CHECK,197.043,2724.64,,0.046875,2,32,0.125,1,1,0.375,8421376,32768,,,,,,,,,,2026-04-19 00:04:29.
0,14/44,42/47,Contraction_l_Alik_Bjlk_Cijk_Dijk,"(8,4096,1,8192)",Cijk_Alik_Bjlk_B8B8S_BH_GB_MT64x64x32_MI16x16x16x1_SN_GLVWA4_GLVWB4_GRVW4_K1_SS1_SVW1_WSGRA0_WSGRB1,NO_CHECK,199.683,2688.62,,0.046875,2,32,0.125,1,1,0.375,8421376,32768,,,,,,,,,,2026-04-19 00:04:29.
0,14/44,43/47,Contraction_l_Alik_Bjlk_Cijk_Dijk,"(8,4096,1,8192)",Cijk_Alik_Bjlk_B8B8S_BH_GB_MT64x64x32_MI16x16x16x1_SN_GLVWA8_GLVWB8_GRVW8_K1_SS1_SVW1_WSGRA0_WSGRB1,NO_CHECK,194.603,2758.8,,0.046875,2,32,0.125,1,1,0.375,8421376,32768,,,,,,,,,,2026-04-19 00:04:29.
0,14/44,44/47,Contraction_l_Alik_Bjlk_Cijk_Dijk,"(8,4096,1,8192)",Cijk_Alik_Bjlk_B8B8S_BH_GB_MT64x64x32_MI16x16x16x1_SN_GLVWA16_GLVWB16_GRVW16_K1_SS1_SVW1_WSGRA0_WSGRB1,NO_CHECK,194.883,2754.84,,0.046875,2,32,0.125,1,1,0.375,8421376,32768,,,,,,,,,,2026-04-19 00:04:29.
0,14/44,45/47,Contraction_l_Alik_Bjlk_Cijk_Dijk,"(8,4096,1,8192)",Cijk_Alik_Bjlk_B8B8S_BH_GB_MT64x64x32_MI16x16x16x1_SN_GLVWA4_GLVWB4_GRVW4_K1_SS1_SVW1_WSGRA1_WSGRB1,NO_CHECK,200.443,2678.42,,0.046875,2,32,0.125,1,1,0.375,8421376,32768,,,,,,,,,,2026-04-19 00:04:29.
0,14/44,46/47,Contraction_l_Alik_Bjlk_Cijk_Dijk,"(8,4096,1,8192)",Cijk_Alik_Bjlk_B8B8S_BH_GB_MT64x64x32_MI16x16x16x1_SN_GLVWA8_GLVWB8_GRVW8_K1_SS1_SVW1_WSGRA1_WSGRB1,NO_CHECK,195.042,2752.59,,0.046875,2,32,0.125,1,1,0.375,8421376,32768,,,,,,,,,,2026-04-19 00:04:29.
0,14/44,47/47,Contraction_l_Alik_Bjlk_Cijk_Dijk,"(8,4096,1,8192)",Cijk_Alik_Bjlk_B8B8S_BH_GB_MT64x64x32_MI16x16x16x1_SN_GLVWA16_GLVWB16_GRVW16_K1_SS1_SVW1_WSGRA1_WSGRB1,NO_CHECK,195.242,2749.77,,0.046875,2,32,0.125,1,1,0.375,8421376,32768,,,,,,,,,,2026-04-19 00:04:29.
0,15/44,0/47,Contraction_l_Alik_Bjlk_Cijk_Dijk,"(8,8192,1,1024)",Cijk_Alik_Bjlk_B8B8S_BH_GB_MT64x64x16_MI16x16x16x1_SN_GLVWA4_GLVWB4_GRVW4_K1_SS0_SVW4_WSGRA0_WSGRB0,NO_CHECK,60.521,2217.71,,0.078125,4,32,0.125,1,1,0.625,2162688,65536,,,,,,,,,,2026-04-19 00:04:29.
0,15/44,1/47,Contraction_l_Alik_Bjlk_Cijk_Dijk,"(8,8192,1,1024)",Cijk_Alik_Bjlk_B8B8S_BH_GB_MT64x64x16_MI16x16x16x1_SN_GLVWA8_GLVWB8_GRVW8_K1_SS0_SVW4_WSGRA0_WSGRB0,NO_CHECK,51.921,2585.04,,0.078125,4,32,0.125,1,1,0.625,2162688,65536,,,,,,,,,,2026-04-19 00:04:29.
0,15/44,2/47,Contraction_l_Alik_Bjlk_Cijk_Dijk,"(8,8192,1,1024)",Cijk_Alik_Bjlk_B8B8S_BH_GB_MT64x64x16_MI16x16x16x1_SN_GLVWA16_GLVWB16_GRVW16_K1_SS0_SVW4_WSGRA0_WSGRB0,NO_CHECK,52.2,2571.22,,0.078125,4,32,0.125,1,1,0.625,2162688,65536,,,,,,,,,,2026-04-19 00:04:29.
0,15/44,3/47,Contraction_l_Alik_Bjlk_Cijk_Dijk,"(8,8192,1,1024)",Cijk_Alik_Bjlk_B8B8S_BH_GB_MT64x64x16_MI16x16x16x1_SN_GLVWA4_GLVWB4_GRVW4_K1_SS0_SVW4_WSGRA1_WSGRB0,NO_CHECK,52.561,2553.56,,0.078125,4,32,0.125,1,1,0.625,2162688,65536,,,,,,,,,,2026-04-19 00:04:29.
0,15/44,4/47,Contraction_l_Alik_Bjlk_Cijk_Dijk,"(8,8192,1,1024)",Cijk_Alik_Bjlk_B8B8S_BH_GB_MT64x64x16_MI16x16x16x1_SN_GLVWA8_GLVWB8_GRVW8_K1_SS0_SVW4_WSGRA1_WSGRB0,NO_CHECK,52.161,2573.14,,0.078125,4,32,0.125,1,1,0.625,2162688,65536,,,,,,,,,,2026-04-19 00:04:29.
0,15/44,5/47,Contraction_l_Alik_Bjlk_Cijk_Dijk,"(8,8192,1,1024)",Cijk_Alik_Bjlk_B8B8S_BH_GB_MT64x64x16_MI16x16x16x1_SN_GLVWA16_GLVWB16_GRVW16_K1_SS0_SVW4_WSGRA1_WSGRB0,NO_CHECK,52.04,2579.13,,0.078125,4,32,0.125,1,1,0.625,2162688,65536,,,,,,,,,,2026-04-19 00:04:29.
0,15/44,6/47,Contraction_l_Alik_Bjlk_Cijk_Dijk,"(8,8192,1,1024)",Cijk_Alik_Bjlk_B8B8S_BH_GB_MT64x64x16_MI16x16x16x1_SN_GLVWA4_GLVWB4_GRVW4_K1_SS0_SVW4_WSGRA0_WSGRB1,NO_CHECK,53.001,2532.36,,0.078125,4,32,0.125,1,1,0.625,2162688,65536,,,,,,,,,,2026-04-19 00:04:29.
0,15/44,7/47,Contraction_l_Alik_Bjlk_Cijk_Dijk,"(8,8192,1,1024)",Cijk_Alik_Bjlk_B8B8S_BH_GB_MT64x64x16_MI16x16x16x1_SN_GLVWA8_GLVWB8_GRVW8_K1_SS0_SVW4_WSGRA0_WSGRB1,NO_CHECK,52.401,2561.36,,0.078125,4,32,0.125,1,1,0.625,2162688,65536,,,,,,,,,,2026-04-19 00:04:29.
0,15/44,8/47,Contraction_l_Alik_Bjlk_Cijk_Dijk,"(8,8192,1,1024)",Cijk_Alik_Bjlk_B8B8S_BH_GB_MT64x64x16_MI16x16x16x1_SN_GLVWA16_GLVWB16_GRVW16_K1_SS0_SVW4_WSGRA0_WSGRB1,NO_CHECK,52.72,2545.86,,0.078125,4,32,0.125,1,1,0.625,2162688,65536,,,,,,,,,,2026-04-19 00:04:29.
0,15/44,9/47,Contraction_l_Alik_Bjlk_Cijk_Dijk,"(8,8192,1,1024)",Cijk_Alik_Bjlk_B8B8S_BH_GB_MT64x64x16_MI16x16x16x1_SN_GLVWA4_GLVWB4_GRVW4_K1_SS0_SVW4_WSGRA1_WSGRB1,NO_CHECK,52.481,2557.45,,0.078125,4,32,0.125,1,1,0.625,2162688,65536,,,,,,,,,,2026-04-19 00:04:29.
0,15/44,10/47,Contraction_l_Alik_Bjlk_Cijk_Dijk,"(8,8192,1,1024)",Cijk_Alik_Bjlk_B8B8S_BH_GB_MT64x64x16_MI16x16x16x1_SN_GLVWA8_GLVWB8_GRVW8_K1_SS0_SVW4_WSGRA1_WSGRB1,NO_CHECK,51.921,2585.04,,0.078125,4,32,0.125,1,1,0.625,2162688,65536,,,,,,,,,,2026-04-19 00:04:29.
0,15/44,11/47,Contraction_l_Alik_Bjlk_Cijk_Dijk,"(8,8192,1,1024)",Cijk_Alik_Bjlk_B8B8S_BH_GB_MT64x64x16_MI16x16x16x1_SN_GLVWA16_GLVWB16_GRVW16_K1_SS0_SVW4_WSGRA1_WSGRB1,NO_CHECK,51.88,2587.08,,0.078125,4,32,0.125,1,1,0.625,2162688,65536,,,,,,,,,,2026-04-19 00:04:29.
0,15/44,12/47,Contraction_l_Alik_Bjlk_Cijk_Dijk,"(8,8192,1,1024)",Cijk_Alik_Bjlk_B8B8S_BH_GB_MT64x64x32_MI16x16x16x1_SN_GLVWA4_GLVWB4_GRVW4_K1_SS0_SVW4_WSGRA0_WSGRB0,NO_CHECK,48.681,2757.09,,0.078125,4,32,0.125,1,1,0.625,2162688,65536,,,,,,,,,,2026-04-19 00:04:29.
0,15/44,13/47,Contraction_l_Alik_Bjlk_Cijk_Dijk,"(8,8192,1,1024)",Cijk_Alik_Bjlk_B8B8S_BH_GB_MT64x64x32_MI16x16x16x1_SN_GLVWA8_GLVWB8_GRVW8_K1_SS0_SVW4_WSGRA0_WSGRB0,NO_CHECK,47.041,2853.21,,0.078125,4,32,0.125,1,1,0.625,2162688,65536,,,,,,,,,,2026-04-19 00:04:29.
0,15/44,14/47,Contraction_l_Alik_Bjlk_Cijk_Dijk,"(8,8192,1,1024)",Cijk_Alik_Bjlk_B8B8S_BH_GB_MT64x64x32_MI16x16x16x1_SN_GLVWA16_GLVWB16_GRVW16_K1_SS0_SVW4_WSGRA0_WSGRB0,NO_CHECK,47.561,2822.01,,0.078125,4,32,0.125,1,1,0.625,2162688,65536,,,,,,,,,,2026-04-19 00:04:29.
0,15/44,15/47,Contraction_l_Alik_Bjlk_Cijk_Dijk,"(8,8192,1,1024)",Cijk_Alik_Bjlk_B8B8S_BH_GB_MT64x64x32_MI16x16x16x1_SN_GLVWA4_GLVWB4_GRVW4_K1_SS0_SVW4_WSGRA1_WSGRB0,NO_CHECK,48.08,2791.55,,0.078125,4,32,0.125,1,1,0.625,2162688,65536,,,,,,,,,,2026-04-19 00:04:29.
0,15/44,16/47,Contraction_l_Alik_Bjlk_Cijk_Dijk,"(8,8192,1,1024)",Cijk_Alik_Bjlk_B8B8S_BH_GB_MT64x64x32_MI16x16x16x1_SN_GLVWA8_GLVWB8_GRVW8_K1_SS0_SVW4_WSGRA1_WSGRB0,NO_CHECK,47.961,2798.48,,0.078125,4,32,0.125,1,1,0.625,2162688,65536,,,,,,,,,,2026-04-19 00:04:29.
0,15/44,17/47,Contraction_l_Alik_Bjlk_Cijk_Dijk,"(8,8192,1,1024)",Cijk_Alik_Bjlk_B8B8S_BH_GB_MT64x64x32_MI16x16x16x1_SN_GLVWA16_GLVWB16_GRVW16_K1_SS0_SVW4_WSGRA1_WSGRB0,NO_CHECK,46.601,2880.15,,0.078125,4,32,0.125,1,1,0.625,2162688,65536,,,,,,,,,,2026-04-19 00:04:29.
0,15/44,18/47,Contraction_l_Alik_Bjlk_Cijk_Dijk,"(8,8192,1,1024)",Cijk_Alik_Bjlk_B8B8S_BH_GB_MT64x64x32_MI16x16x16x1_SN_GLVWA4_GLVWB4_GRVW4_K1_SS0_SVW4_WSGRA0_WSGRB1,NO_CHECK,47.84,2805.55,,0.078125,4,32,0.125,1,1,0.625,2162688,65536,,,,,,,,,,2026-04-19 00:04:29.
0,15/44,19/47,Contraction_l_Alik_Bjlk_Cijk_Dijk,"(8,8192,1,1024)",Cijk_Alik_Bjlk_B8B8S_BH_GB_MT64x64x32_MI16x16x16x1_SN_GLVWA8_GLVWB8_GRVW8_K1_SS0_SVW4_WSGRA0_WSGRB1,NO_CHECK,47.72,2812.61,,0.078125,4,32,0.125,1,1,0.625,2162688,65536,,,,,,,,,,2026-04-19 00:04:29.
0,15/44,20/47,Contraction_l_Alik_Bjlk_Cijk_Dijk,"(8,8192,1,1024)",Cijk_Alik_Bjlk_B8B8S_BH_GB_MT64x64x32_MI16x16x16x1_SN_GLVWA16_GLVWB16_GRVW16_K1_SS0_SVW4_WSGRA0_WSGRB1,NO_CHECK,46.201,2905.08,,0.078125,4,32,0.125,1,1,0.625,2162688,65536,,,,,,,,,,2026-04-19 00:04:29.
0,15/44,21/47,Contraction_l_Alik_Bjlk_Cijk_Dijk,"(8,8192,1,1024)",Cijk_Alik_Bjlk_B8B8S_BH_GB_MT64x64x32_MI16x16x16x1_SN_GLVWA4_GLVWB4_GRVW4_K1_SS0_SVW4_WSGRA1_WSGRB1,NO_CHECK,48.921,2743.56,,0.078125,4,32,0.125,1,1,0.625,2162688,65536,,,,,,,,,,2026-04-19 00:04:29.
0,15/44,22/47,Contraction_l_Alik_Bjlk_Cijk_Dijk,"(8,8192,1,1024)",Cijk_Alik_Bjlk_B8B8S_BH_GB_MT64x64x32_MI16x16x16x1_SN_GLVWA8_GLVWB8_GRVW8_K1_SS0_SVW4_WSGRA1_WSGRB1,NO_CHECK,46.8,2867.9,,0.078125,4,32,0.125,1,1,0.625,2162688,65536,,,,,,,,,,2026-04-19 00:04:29.
0,15/44,23/47,Contraction_l_Alik_Bjlk_Cijk_Dijk,"(8,8192,1,1024)",Cijk_Alik_Bjlk_B8B8S_BH_GB_MT64x64x32_MI16x16x16x1_SN_GLVWA16_GLVWB16_GRVW16_K1_SS0_SVW4_WSGRA1_WSGRB1,NO_CHECK,47.4,2831.6,,0.078125,4,32,0.125,1,1,0.625,2162688,65536,,,,,,,,,,2026-04-19 00:04:29.
0,15/44,24/47,Contraction_l_Alik_Bjlk_Cijk_Dijk,"(8,8192,1,1024)",Cijk_Alik_Bjlk_B8B8S_BH_GB_MT64x64x16_MI16x16x16x1_SN_GLVWA4_GLVWB4_GRVW4_K1_SS1_SVW1_WSGRA0_WSGRB0,NO_CHECK,53.121,2526.64,,0.078125,4,32,0.125,1,1,0.625,2162688,65536,,,,,,,,,,2026-04-19 00:04:29.
0,15/44,25/47,Contraction_l_Alik_Bjlk_Cijk_Dijk,"(8,8192,1,1024)",Cijk_Alik_Bjlk_B8B8S_BH_GB_MT64x64x16_MI16x16x16x1_SN_GLVWA8_GLVWB8_GRVW8_K1_SS1_SVW1_WSGRA0_WSGRB0,NO_CHECK,53.201,2522.84,,0.078125,4,32,0.125,1,1,0.625,2162688,65536,,,,,,,,,,2026-04-19 00:04:29.
0,15/44,26/47,Contraction_l_Alik_Bjlk_Cijk_Dijk,"(8,8192,1,1024)",Cijk_Alik_Bjlk_B8B8S_BH_GB_MT64x64x16_MI16x16x16x1_SN_GLVWA16_GLVWB16_GRVW16_K1_SS1_SVW1_WSGRA0_WSGRB0,NO_CHECK,53,2532.41,,0.078125,4,32,0.125,1,1,0.625,2162688,65536,,,,,,,,,,2026-04-19 00:04:29.
0,15/44,27/47,Contraction_l_Alik_Bjlk_Cijk_Dijk,"(8,8192,1,1024)",Cijk_Alik_Bjlk_B8B8S_BH_GB_MT64x64x16_MI16x16x16x1_SN_GLVWA4_GLVWB4_GRVW4_K1_SS1_SVW1_WSGRA1_WSGRB0,NO_CHECK,54.041,2483.63,,0.078125,4,32,0.125,1,1,0.625,2162688,65536,,,,,,,,,,2026-04-19 00:04:29.
0,15/44,28/47,Contraction_l_Alik_Bjlk_Cijk_Dijk,"(8,8192,1,1024)",Cijk_Alik_Bjlk_B8B8S_BH_GB_MT64x64x16_MI16x16x16x1_SN_GLVWA8_GLVWB8_GRVW8_K1_SS1_SVW1_WSGRA1_WSGRB0,NO_CHECK,53,2532.41,,0.078125,4,32,0.125,1,1,0.625,2162688,65536,,,,,,,,,,2026-04-19 00:04:29.
0,15/44,29/47,Contraction_l_Alik_Bjlk_Cijk_Dijk,"(8,8192,1,1024)",Cijk_Alik_Bjlk_B8B8S_BH_GB_MT64x64x16_MI16x16x16x1_SN_GLVWA16_GLVWB16_GRVW16_K1_SS1_SVW1_WSGRA1_WSGRB0,NO_CHECK,53.44,2511.56,,0.078125,4,32,0.125,1,1,0.625,2162688,65536,,,,,,,,,,2026-04-19 00:04:29.
0,15/44,30/47,Contraction_l_Alik_Bjlk_Cijk_Dijk,"(8,8192,1,1024)",Cijk_Alik_Bjlk_B8B8S_BH_GB_MT64x64x16_MI16x16x16x1_SN_GLVWA4_GLVWB4_GRVW4_K1_SS1_SVW1_WSGRA0_WSGRB1,NO_CHECK,53.041,2530.45,,0.078125,4,32,0.125,1,1,0.625,2162688,65536,,,,,,,,,,2026-04-19 00:04:29.
0,15/44,31/47,Contraction_l_Alik_Bjlk_Cijk_Dijk,"(8,8192,1,1024)",Cijk_Alik_Bjlk_B8B8S_BH_GB_MT64x64x16_MI16x16x16x1_SN_GLVWA8_GLVWB8_GRVW8_K1_SS1_SVW1_WSGRA0_WSGRB1,NO_CHECK,53,2532.41,,0.078125,4,32,0.125,1,1,0.625,2162688,65536,,,,,,,,,,2026-04-19 00:04:29.
0,15/44,32/47,Contraction_l_Alik_Bjlk_Cijk_Dijk,"(8,8192,1,1024)",Cijk_Alik_Bjlk_B8B8S_BH_GB_MT64x64x16_MI16x16x16x1_SN_GLVWA16_GLVWB16_GRVW16_K1_SS1_SVW1_WSGRA0_WSGRB1,NO_CHECK,52.441,2559.4,,0.078125,4,32,0.125,1,1,0.625,2162688,65536,,,,,,,,,,2026-04-19 00:04:29.
0,15/44,33/47,Contraction_l_Alik_Bjlk_Cijk_Dijk,"(8,8192,1,1024)",Cijk_Alik_Bjlk_B8B8S_BH_GB_MT64x64x16_MI16x16x16x1_SN_GLVWA4_GLVWB4_GRVW4_K1_SS1_SVW1_WSGRA1_WSGRB1,NO_CHECK,52.641,2549.68,,0.078125,4,32,0.125,1,1,0.625,2162688,65536,,,,,,,,,,2026-04-19 00:04:29.
0,15/44,34/47,Contraction_l_Alik_Bjlk_Cijk_Dijk,"(8,8192,1,1024)",Cijk_Alik_Bjlk_B8B8S_BH_GB_MT64x64x16_MI16x16x16x1_SN_GLVWA8_GLVWB8_GRVW8_K1_SS1_SVW1_WSGRA1_WSGRB1,NO_CHECK,52.92,2536.24,,0.078125,4,32,0.125,1,1,0.625,2162688,65536,,,,,,,,,,2026-04-19 00:04:29.
0,15/44,35/47,Contraction_l_Alik_Bjlk_Cijk_Dijk,"(8,8192,1,1024)",Cijk_Alik_Bjlk_B8B8S_BH_GB_MT64x64x16_MI16x16x16x1_SN_GLVWA16_GLVWB16_GRVW16_K1_SS1_SVW1_WSGRA1_WSGRB1,NO_CHECK,53.521,2507.76,,0.078125,4,32,0.125,1,1,0.625,2162688,65536,,,,,,,,,,2026-04-19 00:04:29.
0,15/44,36/47,Contraction_l_Alik_Bjlk_Cijk_Dijk,"(8,8192,1,1024)",Cijk_Alik_Bjlk_B8B8S_BH_GB_MT64x64x32_MI16x16x16x1_SN_GLVWA4_GLVWB4_GRVW4_K1_SS1_SVW1_WSGRA0_WSGRB0,NO_CHECK,47.881,2803.15,,0.078125,4,32,0.125,1,1,0.625,2162688,65536,,,,,,,,,,2026-04-19 00:04:29.
0,15/44,37/47,Contraction_l_Alik_Bjlk_Cijk_Dijk,"(8,8192,1,1024)",Cijk_Alik_Bjlk_B8B8S_BH_GB_MT64x64x32_MI16x16x16x1_SN_GLVWA8_GLVWB8_GRVW8_K1_SS1_SVW1_WSGRA0_WSGRB0,NO_CHECK,46.84,2865.45,,0.078125,4,32,0.125,1,1,0.625,2162688,65536,,,,,,,,,,2026-04-19 00:04:29.
0,15/44,38/47,Contraction_l_Alik_Bjlk_Cijk_Dijk,"(8,8192,1,1024)",Cijk_Alik_Bjlk_B8B8S_BH_GB_MT64x64x32_MI16x16x16x1_SN_GLVWA16_GLVWB16_GRVW16_K1_SS1_SVW1_WSGRA0_WSGRB0,NO_CHECK,46.361,2895.06,,0.078125,4,32,0.125,1,1,0.625,2162688,65536,,,,,,,,,,2026-04-19 00:04:29.
0,15/44,39/47,Contraction_l_Alik_Bjlk_Cijk_Dijk,"(8,8192,1,1024)",Cijk_Alik_Bjlk_B8B8S_BH_GB_MT64x64x32_MI16x16x16x1_SN_GLVWA4_GLVWB4_GRVW4_K1_SS1_SVW1_WSGRA1_WSGRB0,NO_CHECK,49.441,2714.71,,0.078125,4,32,0.125,1,1,0.625,2162688,65536,,,,,,,,,,2026-04-19 00:04:29.
0,15/44,40/47,Contraction_l_Alik_Bjlk_Cijk_Dijk,"(8,8192,1,1024)",Cijk_Alik_Bjlk_B8B8S_BH_GB_MT64x64x32_MI16x16x16x1_SN_GLVWA8_GLVWB8_GRVW8_K1_SS1_SVW1_WSGRA1_WSGRB0,NO_CHECK,47.44,2829.21,,0.078125,4,32,0.125,1,1,0.625,2162688,65536,,,,,,,,,,2026-04-19 00:04:29.
0,15/44,41/47,Contraction_l_Alik_Bjlk_Cijk_Dijk,"(8,8192,1,1024)",Cijk_Alik_Bjlk_B8B8S_BH_GB_MT64x64x32_MI16x16x16x1_SN_GLVWA16_GLVWB16_GRVW16_K1_SS1_SVW1_WSGRA1_WSGRB0,NO_CHECK,47.56,2822.07,,0.078125,4,32,0.125,1,1,0.625,2162688,65536,,,,,,,,,,2026-04-19 00:04:29.
0,15/44,42/47,Contraction_l_Alik_Bjlk_Cijk_Dijk,"(8,8192,1,1024)",Cijk_Alik_Bjlk_B8B8S_BH_GB_MT64x64x32_MI16x16x16x1_SN_GLVWA4_GLVWB4_GRVW4_K1_SS1_SVW1_WSGRA0_WSGRB1,NO_CHECK,48.001,2796.14,,0.078125,4,32,0.125,1,1,0.625,2162688,65536,,,,,,,,,,2026-04-19 00:04:29.
0,15/44,43/47,Contraction_l_Alik_Bjlk_Cijk_Dijk,"(8,8192,1,1024)",Cijk_Alik_Bjlk_B8B8S_BH_GB_MT64x64x32_MI16x16x16x1_SN_GLVWA8_GLVWB8_GRVW8_K1_SS1_SVW1_WSGRA0_WSGRB1,NO_CHECK,48.32,2777.68,,0.078125,4,32,0.125,1,1,0.625,2162688,65536,,,,,,,,,,2026-04-19 00:04:29.
0,15/44,44/47,Contraction_l_Alik_Bjlk_Cijk_Dijk,"(8,8192,1,1024)",Cijk_Alik_Bjlk_B8B8S_BH_GB_MT64x64x32_MI16x16x16x1_SN_GLVWA16_GLVWB16_GRVW16_K1_SS1_SVW1_WSGRA0_WSGRB1,NO_CHECK,46.281,2900.06,,0.078125,4,32,0.125,1,1,0.625,2162688,65536,,,,,,,,,,2026-04-19 00:04:29.
0,15/44,45/47,Contraction_l_Alik_Bjlk_Cijk_Dijk,"(8,8192,1,1024)",Cijk_Alik_Bjlk_B8B8S_BH_GB_MT64x64x32_MI16x16x16x1_SN_GLVWA4_GLVWB4_GRVW4_K1_SS1_SVW1_WSGRA1_WSGRB1,NO_CHECK,48.68,2757.14,,0.078125,4,32,0.125,1,1,0.625,2162688,65536,,,,,,,,,,2026-04-19 00:04:29.
0,15/44,46/47,Contraction_l_Alik_Bjlk_Cijk_Dijk,"(8,8192,1,1024)",Cijk_Alik_Bjlk_B8B8S_BH_GB_MT64x64x32_MI16x16x16x1_SN_GLVWA8_GLVWB8_GRVW8_K1_SS1_SVW1_WSGRA1_WSGRB1,NO_CHECK,47.281,2838.72,,0.078125,4,32,0.125,1,1,0.625,2162688,65536,,,,,,,,,,2026-04-19 00:04:29.
0,15/44,47/47,Contraction_l_Alik_Bjlk_Cijk_Dijk,"(8,8192,1,1024)",Cijk_Alik_Bjlk_B8B8S_BH_GB_MT64x64x32_MI16x16x16x1_SN_GLVWA16_GLVWB16_GRVW16_K1_SS1_SVW1_WSGRA1_WSGRB1,NO_CHECK,46.681,2875.21,,0.078125,4,32,0.125,1,1,0.625,2162688,65536,,,,,,,,,,2026-04-19 00:04:29.
0,16/44,0/47,Contraction_l_Alik_Bjlk_Cijk_Dijk,"(8,8192,1,4096)",Cijk_Alik_Bjlk_B8B8S_BH_GB_MT64x64x16_MI16x16x16x1_SN_GLVWA4_GLVWB4_GRVW4_K1_SS0_SVW4_WSGRA0_WSGRB0,NO_CHECK,145.561,3688.29,,0.078125,4,32,0.125,1,1,0.625,8454144,65536,,,,,,,,,,2026-04-19 00:04:29.
0,16/44,1/47,Contraction_l_Alik_Bjlk_Cijk_Dijk,"(8,8192,1,4096)",Cijk_Alik_Bjlk_B8B8S_BH_GB_MT64x64x16_MI16x16x16x1_SN_GLVWA8_GLVWB8_GRVW8_K1_SS0_SVW4_WSGRA0_WSGRB0,NO_CHECK,136.282,3939.41,,0.078125,4,32,0.125,1,1,0.625,8454144,65536,,,,,,,,,,2026-04-19 00:04:29.
0,16/44,2/47,Contraction_l_Alik_Bjlk_Cijk_Dijk,"(8,8192,1,4096)",Cijk_Alik_Bjlk_B8B8S_BH_GB_MT64x64x16_MI16x16x16x1_SN_GLVWA16_GLVWB16_GRVW16_K1_SS0_SVW4_WSGRA0_WSGRB0,NO_CHECK,136.922,3921,,0.078125,4,32,0.125,1,1,0.625,8454144,65536,,,,,,,,,,2026-04-19 00:04:29.
0,16/44,3/47,Contraction_l_Alik_Bjlk_Cijk_Dijk,"(8,8192,1,4096)",Cijk_Alik_Bjlk_B8B8S_BH_GB_MT64x64x16_MI16x16x16x1_SN_GLVWA4_GLVWB4_GRVW4_K1_SS0_SVW4_WSGRA1_WSGRB0,NO_CHECK,137.761,3897.12,,0.078125,4,32,0.125,1,1,0.625,8454144,65536,,,,,,,,,,2026-04-19 00:04:29.
0,16/44,4/47,Contraction_l_Alik_Bjlk_Cijk_Dijk,"(8,8192,1,4096)",Cijk_Alik_Bjlk_B8B8S_BH_GB_MT64x64x16_MI16x16x16x1_SN_GLVWA8_GLVWB8_GRVW8_K1_SS0_SVW4_WSGRA1_WSGRB0,NO_CHECK,136.962,3919.85,,0.078125,4,32,0.125,1,1,0.625,8454144,65536,,,,,,,,,,2026-04-19 00:04:29.
0,16/44,5/47,Contraction_l_Alik_Bjlk_Cijk_Dijk,"(8,8192,1,4096)",Cijk_Alik_Bjlk_B8B8S_BH_GB_MT64x64x16_MI16x16x16x1_SN_GLVWA16_GLVWB16_GRVW16_K1_SS0_SVW4_WSGRA1_WSGRB0,NO_CHECK,136.722,3926.73,,0.078125,4,32,0.125,1,1,0.625,8454144,65536,,,,,,,,,,2026-04-19 00:04:29.
0,16/44,6/47,Contraction_l_Alik_Bjlk_Cijk_Dijk,"(8,8192,1,4096)",Cijk_Alik_Bjlk_B8B8S_BH_GB_MT64x64x16_MI16x16x16x1_SN_GLVWA4_GLVWB4_GRVW4_K1_SS0_SVW4_WSGRA0_WSGRB1,NO_CHECK,138.041,3889.21,,0.078125,4,32,0.125,1,1,0.625,8454144,65536,,,,,,,,,,2026-04-19 00:04:29.
0,16/44,7/47,Contraction_l_Alik_Bjlk_Cijk_Dijk,"(8,8192,1,4096)",Cijk_Alik_Bjlk_B8B8S_BH_GB_MT64x64x16_MI16x16x16x1_SN_GLVWA8_GLVWB8_GRVW8_K1_SS0_SVW4_WSGRA0_WSGRB1,NO_CHECK,137.522,3903.89,,0.078125,4,32,0.125,1,1,0.625,8454144,65536,,,,,,,,,,2026-04-19 00:04:29.
0,16/44,8/47,Contraction_l_Alik_Bjlk_Cijk_Dijk,"(8,8192,1,4096)",Cijk_Alik_Bjlk_B8B8S_BH_GB_MT64x64x16_MI16x16x16x1_SN_GLVWA16_GLVWB16_GRVW16_K1_SS0_SVW4_WSGRA0_WSGRB1,NO_CHECK,136.682,3927.88,,0.078125,4,32,0.125,1,1,0.625,8454144,65536,,,,,,,,,,2026-04-19 00:04:29.
0,16/44,9/47,Contraction_l_Alik_Bjlk_Cijk_Dijk,"(8,8192,1,4096)",Cijk_Alik_Bjlk_B8B8S_BH_GB_MT64x64x16_MI16x16x16x1_SN_GLVWA4_GLVWB4_GRVW4_K1_SS0_SVW4_WSGRA1_WSGRB1,NO_CHECK,137.441,3906.19,,0.078125,4,32,0.125,1,1,0.625,8454144,65536,,,,,,,,,,2026-04-19 00:04:29.
0,16/44,10/47,Contraction_l_Alik_Bjlk_Cijk_Dijk,"(8,8192,1,4096)",Cijk_Alik_Bjlk_B8B8S_BH_GB_MT64x64x16_MI16x16x16x1_SN_GLVWA8_GLVWB8_GRVW8_K1_SS0_SVW4_WSGRA1_WSGRB1,NO_CHECK,136.801,3924.47,,0.078125,4,32,0.125,1,1,0.625,8454144,65536,,,,,,,,,,2026-04-19 00:04:29.
0,16/44,11/47,Contraction_l_Alik_Bjlk_Cijk_Dijk,"(8,8192,1,4096)",Cijk_Alik_Bjlk_B8B8S_BH_GB_MT64x64x16_MI16x16x16x1_SN_GLVWA16_GLVWB16_GRVW16_K1_SS0_SVW4_WSGRA1_WSGRB1,NO_CHECK,137.322,3909.58,,0.078125,4,32,0.125,1,1,0.625,8454144,65536,,,,,,,,,,2026-04-19 00:04:29.
0,16/44,12/47,Contraction_l_Alik_Bjlk_Cijk_Dijk,"(8,8192,1,4096)",Cijk_Alik_Bjlk_B8B8S_BH_GB_MT64x64x32_MI16x16x16x1_SN_GLVWA4_GLVWB4_GRVW4_K1_SS0_SVW4_WSGRA0_WSGRB0,NO_CHECK,116.161,4621.78,,0.078125,4,32,0.125,1,1,0.625,8454144,65536,,,,,,,,,,2026-04-19 00:04:29.
0,16/44,13/47,Contraction_l_Alik_Bjlk_Cijk_Dijk,"(8,8192,1,4096)",Cijk_Alik_Bjlk_B8B8S_BH_GB_MT64x64x32_MI16x16x16x1_SN_GLVWA8_GLVWB8_GRVW8_K1_SS0_SVW4_WSGRA0_WSGRB0,NO_CHECK,110.801,4845.36,,0.078125,4,32,0.125,1,1,0.625,8454144,65536,,,,,,,,,,2026-04-19 00:04:29.
0,16/44,14/47,Contraction_l_Alik_Bjlk_Cijk_Dijk,"(8,8192,1,4096)",Cijk_Alik_Bjlk_B8B8S_BH_GB_MT64x64x32_MI16x16x16x1_SN_GLVWA16_GLVWB16_GRVW16_K1_SS0_SVW4_WSGRA0_WSGRB0,NO_CHECK,111.481,4815.81,,0.078125,4,32,0.125,1,1,0.625,8454144,65536,,,,,,,,,,2026-04-19 00:04:29.
0,16/44,15/47,Contraction_l_Alik_Bjlk_Cijk_Dijk,"(8,8192,1,4096)",Cijk_Alik_Bjlk_B8B8S_BH_GB_MT64x64x32_MI16x16x16x1_SN_GLVWA4_GLVWB4_GRVW4_K1_SS0_SVW4_WSGRA1_WSGRB0,NO_CHECK,114.361,4694.53,,0.078125,4,32,0.125,1,1,0.625,8454144,65536,,,,,,,,,,2026-04-19 00:04:29.
0,16/44,16/47,Contraction_l_Alik_Bjlk_Cijk_Dijk,"(8,8192,1,4096)",Cijk_Alik_Bjlk_B8B8S_BH_GB_MT64x64x32_MI16x16x16x1_SN_GLVWA8_GLVWB8_GRVW8_K1_SS0_SVW4_WSGRA1_WSGRB0,NO_CHECK,119.841,4479.86,,0.078125,4,32,0.125,1,1,0.625,8454144,65536,,,,,,,,,,2026-04-19 00:04:29.
0,16/44,17/47,Contraction_l_Alik_Bjlk_Cijk_Dijk,"(8,8192,1,4096)",Cijk_Alik_Bjlk_B8B8S_BH_GB_MT64x64x32_MI16x16x16x1_SN_GLVWA16_GLVWB16_GRVW16_K1_SS0_SVW4_WSGRA1_WSGRB0,NO_CHECK,110.801,4845.36,,0.078125,4,32,0.125,1,1,0.625,8454144,65536,,,,,,,,,,2026-04-19 00:04:29.
0,16/44,18/47,Contraction_l_Alik_Bjlk_Cijk_Dijk,"(8,8192,1,4096)",Cijk_Alik_Bjlk_B8B8S_BH_GB_MT64x64x32_MI16x16x16x1_SN_GLVWA4_GLVWB4_GRVW4_K1_SS0_SVW4_WSGRA0_WSGRB1,NO_CHECK,115.361,4653.83,,0.078125,4,32,0.125,1,1,0.625,8454144,65536,,,,,,,,,,2026-04-19 00:04:29.
0,16/44,19/47,Contraction_l_Alik_Bjlk_Cijk_Dijk,"(8,8192,1,4096)",Cijk_Alik_Bjlk_B8B8S_BH_GB_MT64x64x32_MI16x16x16x1_SN_GLVWA8_GLVWB8_GRVW8_K1_SS0_SVW4_WSGRA0_WSGRB1,NO_CHECK,110.321,4866.44,,0.078125,4,32,0.125,1,1,0.625,8454144,65536,,,,,,,,,,2026-04-19 00:04:29.
0,16/44,20/47,Contraction_l_Alik_Bjlk_Cijk_Dijk,"(8,8192,1,4096)",Cijk_Alik_Bjlk_B8B8S_BH_GB_MT64x64x32_MI16x16x16x1_SN_GLVWA16_GLVWB16_GRVW16_K1_SS0_SVW4_WSGRA0_WSGRB1,NO_CHECK,109.881,4885.93,,0.078125,4,32,0.125,1,1,0.625,8454144,65536,,,,,,,,,,2026-04-19 00:04:29.
0,16/44,21/47,Contraction_l_Alik_Bjlk_Cijk_Dijk,"(8,8192,1,4096)",Cijk_Alik_Bjlk_B8B8S_BH_GB_MT64x64x32_MI16x16x16x1_SN_GLVWA4_GLVWB4_GRVW4_K1_SS0_SVW4_WSGRA1_WSGRB1,NO_CHECK,113.881,4714.32,,0.078125,4,32,0.125,1,1,0.625,8454144,65536,,,,,,,,,,2026-04-19 00:04:29.
0,16/44,22/47,Contraction_l_Alik_Bjlk_Cijk_Dijk,"(8,8192,1,4096)",Cijk_Alik_Bjlk_B8B8S_BH_GB_MT64x64x32_MI16x16x16x1_SN_GLVWA8_GLVWB8_GRVW8_K1_SS0_SVW4_WSGRA1_WSGRB1,NO_CHECK,111.441,4817.53,,0.078125,4,32,0.125,1,1,0.625,8454144,65536,,,,,,,,,,2026-04-19 00:04:29.
0,16/44,23/47,Contraction_l_Alik_Bjlk_Cijk_Dijk,"(8,8192,1,4096)",Cijk_Alik_Bjlk_B8B8S_BH_GB_MT64x64x32_MI16x16x16x1_SN_GLVWA16_GLVWB16_GRVW16_K1_SS0_SVW4_WSGRA1_WSGRB1,NO_CHECK,111.082,4833.1,,0.078125,4,32,0.125,1,1,0.625,8454144,65536,,,,,,,,,,2026-04-19 00:04:29.
0,16/44,24/47,Contraction_l_Alik_Bjlk_Cijk_Dijk,"(8,8192,1,4096)",Cijk_Alik_Bjlk_B8B8S_BH_GB_MT64x64x16_MI16x16x16x1_SN_GLVWA4_GLVWB4_GRVW4_K1_SS1_SVW1_WSGRA0_WSGRB0,NO_CHECK,137.122,3915.28,,0.078125,4,32,0.125,1,1,0.625,8454144,65536,,,,,,,,,,2026-04-19 00:04:29.
0,16/44,25/47,Contraction_l_Alik_Bjlk_Cijk_Dijk,"(8,8192,1,4096)",Cijk_Alik_Bjlk_B8B8S_BH_GB_MT64x64x16_MI16x16x16x1_SN_GLVWA8_GLVWB8_GRVW8_K1_SS1_SVW1_WSGRA0_WSGRB0,NO_CHECK,136.481,3933.67,,0.078125,4,32,0.125,1,1,0.625,8454144,65536,,,,,,,,,,2026-04-19 00:04:29.
0,16/44,26/47,Contraction_l_Alik_Bjlk_Cijk_Dijk,"(8,8192,1,4096)",Cijk_Alik_Bjlk_B8B8S_BH_GB_MT64x64x16_MI16x16x16x1_SN_GLVWA16_GLVWB16_GRVW16_K1_SS1_SVW1_WSGRA0_WSGRB0,NO_CHECK,137.842,3894.83,,0.078125,4,32,0.125,1,1,0.625,8454144,65536,,,,,,,,,,2026-04-19 00:04:29.
0,16/44,27/47,Contraction_l_Alik_Bjlk_Cijk_Dijk,"(8,8192,1,4096)",Cijk_Alik_Bjlk_B8B8S_BH_GB_MT64x64x16_MI16x16x16x1_SN_GLVWA4_GLVWB4_GRVW4_K1_SS1_SVW1_WSGRA1_WSGRB0,NO_CHECK,137.602,3901.62,,0.078125,4,32,0.125,1,1,0.625,8454144,65536,,,,,,,,,,2026-04-19 00:04:29.
0,16/44,28/47,Contraction_l_Alik_Bjlk_Cijk_Dijk,"(8,8192,1,4096)",Cijk_Alik_Bjlk_B8B8S_BH_GB_MT64x64x16_MI16x16x16x1_SN_GLVWA8_GLVWB8_GRVW8_K1_SS1_SVW1_WSGRA1_WSGRB0,NO_CHECK,136.281,3939.44,,0.078125,4,32,0.125,1,1,0.625,8454144,65536,,,,,,,,,,2026-04-19 00:04:29.
0,16/44,29/47,Contraction_l_Alik_Bjlk_Cijk_Dijk,"(8,8192,1,4096)",Cijk_Alik_Bjlk_B8B8S_BH_GB_MT64x64x16_MI16x16x16x1_SN_GLVWA16_GLVWB16_GRVW16_K1_SS1_SVW1_WSGRA1_WSGRB0,NO_CHECK,137.042,3917.56,,0.078125,4,32,0.125,1,1,0.625,8454144,65536,,,,,,,,,,2026-04-19 00:04:29.
0,16/44,30/47,Contraction_l_Alik_Bjlk_Cijk_Dijk,"(8,8192,1,4096)",Cijk_Alik_Bjlk_B8B8S_BH_GB_MT64x64x16_MI16x16x16x1_SN_GLVWA4_GLVWB4_GRVW4_K1_SS1_SVW1_WSGRA0_WSGRB1,NO_CHECK,138.402,3879.07,,0.078125,4,32,0.125,1,1,0.625,8454144,65536,,,,,,,,,,2026-04-19 00:04:29.
0,16/44,31/47,Contraction_l_Alik_Bjlk_Cijk_Dijk,"(8,8192,1,4096)",Cijk_Alik_Bjlk_B8B8S_BH_GB_MT64x64x16_MI16x16x16x1_SN_GLVWA8_GLVWB8_GRVW8_K1_SS1_SVW1_WSGRA0_WSGRB1,NO_CHECK,137.441,3906.19,,0.078125,4,32,0.125,1,1,0.625,8454144,65536,,,,,,,,,,2026-04-19 00:04:29.
0,16/44,32/47,Contraction_l_Alik_Bjlk_Cijk_Dijk,"(8,8192,1,4096)",Cijk_Alik_Bjlk_B8B8S_BH_GB_MT64x64x16_MI16x16x16x1_SN_GLVWA16_GLVWB16_GRVW16_K1_SS1_SVW1_WSGRA0_WSGRB1,NO_CHECK,137.801,3895.99,,0.078125,4,32,0.125,1,1,0.625,8454144,65536,,,,,,,,,,2026-04-19 00:04:29.
0,16/44,33/47,Contraction_l_Alik_Bjlk_Cijk_Dijk,"(8,8192,1,4096)",Cijk_Alik_Bjlk_B8B8S_BH_GB_MT64x64x16_MI16x16x16x1_SN_GLVWA4_GLVWB4_GRVW4_K1_SS1_SVW1_WSGRA1_WSGRB1,NO_CHECK,137.962,3891.44,,0.078125,4,32,0.125,1,1,0.625,8454144,65536,,,,,,,,,,2026-04-19 00:04:29.
0,16/44,34/47,Contraction_l_Alik_Bjlk_Cijk_Dijk,"(8,8192,1,4096)",Cijk_Alik_Bjlk_B8B8S_BH_GB_MT64x64x16_MI16x16x16x1_SN_GLVWA8_GLVWB8_GRVW8_K1_SS1_SVW1_WSGRA1_WSGRB1,NO_CHECK,138.242,3883.56,,0.078125,4,32,0.125,1,1,0.625,8454144,65536,,,,,,,,,,2026-04-19 00:04:29.
0,16/44,35/47,Contraction_l_Alik_Bjlk_Cijk_Dijk,"(8,8192,1,4096)",Cijk_Alik_Bjlk_B8B8S_BH_GB_MT64x64x16_MI16x16x16x1_SN_GLVWA16_GLVWB16_GRVW16_K1_SS1_SVW1_WSGRA1_WSGRB1,NO_CHECK,136.961,3919.88,,0.078125,4,32,0.125,1,1,0.625,8454144,65536,,,,,,,,,,2026-04-19 00:04:29.
0,16/44,36/47,Contraction_l_Alik_Bjlk_Cijk_Dijk,"(8,8192,1,4096)",Cijk_Alik_Bjlk_B8B8S_BH_GB_MT64x64x32_MI16x16x16x1_SN_GLVWA4_GLVWB4_GRVW4_K1_SS1_SVW1_WSGRA0_WSGRB0,NO_CHECK,116.201,4620.19,,0.078125,4,32,0.125,1,1,0.625,8454144,65536,,,,,,,,,,2026-04-19 00:04:29.
0,16/44,37/47,Contraction_l_Alik_Bjlk_Cijk_Dijk,"(8,8192,1,4096)",Cijk_Alik_Bjlk_B8B8S_BH_GB_MT64x64x32_MI16x16x16x1_SN_GLVWA8_GLVWB8_GRVW8_K1_SS1_SVW1_WSGRA0_WSGRB0,NO_CHECK,112.321,4779.79,,0.078125,4,32,0.125,1,1,0.625,8454144,65536,,,,,,,,,,2026-04-19 00:04:29.
0,16/44,38/47,Contraction_l_Alik_Bjlk_Cijk_Dijk,"(8,8192,1,4096)",Cijk_Alik_Bjlk_B8B8S_BH_GB_MT64x64x32_MI16x16x16x1_SN_GLVWA16_GLVWB16_GRVW16_K1_SS1_SVW1_WSGRA0_WSGRB0,NO_CHECK,111.721,4805.46,,0.078125,4,32,0.125,1,1,0.625,8454144,65536,,,,,,,,,,2026-04-19 00:04:29.
0,16/44,39/47,Contraction_l_Alik_Bjlk_Cijk_Dijk,"(8,8192,1,4096)",Cijk_Alik_Bjlk_B8B8S_BH_GB_MT64x64x32_MI16x16x16x1_SN_GLVWA4_GLVWB4_GRVW4_K1_SS1_SVW1_WSGRA1_WSGRB0,NO_CHECK,115.761,4637.75,,0.078125,4,32,0.125,1,1,0.625,8454144,65536,,,,,,,,,,2026-04-19 00:04:29.
0,16/44,40/47,Contraction_l_Alik_Bjlk_Cijk_Dijk,"(8,8192,1,4096)",Cijk_Alik_Bjlk_B8B8S_BH_GB_MT64x64x32_MI16x16x16x1_SN_GLVWA8_GLVWB8_GRVW8_K1_SS1_SVW1_WSGRA1_WSGRB0,NO_CHECK,111.201,4827.93,,0.078125,4,32,0.125,1,1,0.625,8454144,65536,,,,,,,,,,2026-04-19 00:04:29.
0,16/44,41/47,Contraction_l_Alik_Bjlk_Cijk_Dijk,"(8,8192,1,4096)",Cijk_Alik_Bjlk_B8B8S_BH_GB_MT64x64x32_MI16x16x16x1_SN_GLVWA16_GLVWB16_GRVW16_K1_SS1_SVW1_WSGRA1_WSGRB0,NO_CHECK,109.681,4894.84,,0.078125,4,32,0.125,1,1,0.625,8454144,65536,,,,,,,,,,2026-04-19 00:04:29.
0,16/44,42/47,Contraction_l_Alik_Bjlk_Cijk_Dijk,"(8,8192,1,4096)",Cijk_Alik_Bjlk_B8B8S_BH_GB_MT64x64x32_MI16x16x16x1_SN_GLVWA4_GLVWB4_GRVW4_K1_SS1_SVW1_WSGRA0_WSGRB1,NO_CHECK,116.321,4615.43,,0.078125,4,32,0.125,1,1,0.625,8454144,65536,,,,,,,,,,2026-04-19 00:04:29.
0,16/44,43/47,Contraction_l_Alik_Bjlk_Cijk_Dijk,"(8,8192,1,4096)",Cijk_Alik_Bjlk_B8B8S_BH_GB_MT64x64x32_MI16x16x16x1_SN_GLVWA8_GLVWB8_GRVW8_K1_SS1_SVW1_WSGRA0_WSGRB1,NO_CHECK,112.801,4759.45,,0.078125,4,32,0.125,1,1,0.625,8454144,65536,,,,,,,,,,2026-04-19 00:04:29.
0,16/44,44/47,Contraction_l_Alik_Bjlk_Cijk_Dijk,"(8,8192,1,4096)",Cijk_Alik_Bjlk_B8B8S_BH_GB_MT64x64x32_MI16x16x16x1_SN_GLVWA16_GLVWB16_GRVW16_K1_SS1_SVW1_WSGRA0_WSGRB1,NO_CHECK,110.001,4880.6,,0.078125,4,32,0.125,1,1,0.625,8454144,65536,,,,,,,,,,2026-04-19 00:04:29.
0,16/44,45/47,Contraction_l_Alik_Bjlk_Cijk_Dijk,"(8,8192,1,4096)",Cijk_Alik_Bjlk_B8B8S_BH_GB_MT64x64x32_MI16x16x16x1_SN_GLVWA4_GLVWB4_GRVW4_K1_SS1_SVW1_WSGRA1_WSGRB1,NO_CHECK,113.762,4719.25,,0.078125,4,32,0.125,1,1,0.625,8454144,65536,,,,,,,,,,2026-04-19 00:04:29.
0,16/44,46/47,Contraction_l_Alik_Bjlk_Cijk_Dijk,"(8,8192,1,4096)",Cijk_Alik_Bjlk_B8B8S_BH_GB_MT64x64x32_MI16x16x16x1_SN_GLVWA8_GLVWB8_GRVW8_K1_SS1_SVW1_WSGRA1_WSGRB1,NO_CHECK,112.242,4783.16,,0.078125,4,32,0.125,1,1,0.625,8454144,65536,,,,,,,,,,2026-04-19 00:04:29.
0,16/44,47/47,Contraction_l_Alik_Bjlk_Cijk_Dijk,"(8,8192,1,4096)",Cijk_Alik_Bjlk_B8B8S_BH_GB_MT64x64x32_MI16x16x16x1_SN_GLVWA16_GLVWB16_GRVW16_K1_SS1_SVW1_WSGRA1_WSGRB1,NO_CHECK,111.242,4826.15,,0.078125,4,32,0.125,1,1,0.625,8454144,65536,,,,,,,,,,2026-04-19 00:04:29.
0,17/44,0/47,Contraction_l_Alik_Bjlk_Cijk_Dijk,"(8,8192,1,8192)",Cijk_Alik_Bjlk_B8B8S_BH_GB_MT64x64x16_MI16x16x16x1_SN_GLVWA4_GLVWB4_GRVW4_K1_SS0_SVW4_WSGRA0_WSGRB0,NO_CHECK,326.604,3287.6,,0.078125,4,32,0.125,1,1,0.625,16842752,65536,,,,,,,,,,2026-04-19 00:04:29.
0,17/44,1/47,Contraction_l_Alik_Bjlk_Cijk_Dijk,"(8,8192,1,8192)",Cijk_Alik_Bjlk_B8B8S_BH_GB_MT64x64x16_MI16x16x16x1_SN_GLVWA8_GLVWB8_GRVW8_K1_SS0_SVW4_WSGRA0_WSGRB0,NO_CHECK,328.604,3267.59,,0.078125,4,32,0.125,1,1,0.625,16842752,65536,,,,,,,,,,2026-04-19 00:04:29.
0,17/44,2/47,Contraction_l_Alik_Bjlk_Cijk_Dijk,"(8,8192,1,8192)",Cijk_Alik_Bjlk_B8B8S_BH_GB_MT64x64x16_MI16x16x16x1_SN_GLVWA16_GLVWB16_GRVW16_K1_SS0_SVW4_WSGRA0_WSGRB0,NO_CHECK,329.204,3261.63,,0.078125,4,32,0.125,1,1,0.625,16842752,65536,,,,,,,,,,2026-04-19 00:04:29.
0,17/44,3/47,Contraction_l_Alik_Bjlk_Cijk_Dijk,"(8,8192,1,8192)",Cijk_Alik_Bjlk_B8B8S_BH_GB_MT64x64x16_MI16x16x16x1_SN_GLVWA4_GLVWB4_GRVW4_K1_SS0_SVW4_WSGRA1_WSGRB0,NO_CHECK,339.324,3164.36,,0.078125,4,32,0.125,1,1,0.625,16842752,65536,,,,,,,,,,2026-04-19 00:04:29.
0,17/44,4/47,Contraction_l_Alik_Bjlk_Cijk_Dijk,"(8,8192,1,8192)",Cijk_Alik_Bjlk_B8B8S_BH_GB_MT64x64x16_MI16x16x16x1_SN_GLVWA8_GLVWB8_GRVW8_K1_SS0_SVW4_WSGRA1_WSGRB0,NO_CHECK,341.124,3147.66,,0.078125,4,32,0.125,1,1,0.625,16842752,65536,,,,,,,,,,2026-04-19 00:04:29.
0,17/44,5/47,Contraction_l_Alik_Bjlk_Cijk_Dijk,"(8,8192,1,8192)",Cijk_Alik_Bjlk_B8B8S_BH_GB_MT64x64x16_MI16x16x16x1_SN_GLVWA16_GLVWB16_GRVW16_K1_SS0_SVW4_WSGRA1_WSGRB0,NO_CHECK,340.644,3152.09,,0.078125,4,32,0.125,1,1,0.625,16842752,65536,,,,,,,,,,2026-04-19 00:04:29.
0,17/44,6/47,Contraction_l_Alik_Bjlk_Cijk_Dijk,"(8,8192,1,8192)",Cijk_Alik_Bjlk_B8B8S_BH_GB_MT64x64x16_MI16x16x16x1_SN_GLVWA4_GLVWB4_GRVW4_K1_SS0_SVW4_WSGRA0_WSGRB1,NO_CHECK,343.884,3122.4,,0.078125,4,32,0.125,1,1,0.625,16842752,65536,,,,,,,,,,2026-04-19 00:04:29.
0,17/44,7/47,Contraction_l_Alik_Bjlk_Cijk_Dijk,"(8,8192,1,8192)",Cijk_Alik_Bjlk_B8B8S_BH_GB_MT64x64x16_MI16x16x16x1_SN_GLVWA8_GLVWB8_GRVW8_K1_SS0_SVW4_WSGRA0_WSGRB1,NO_CHECK,341.964,3139.93,,0.078125,4,32,0.125,1,1,0.625,16842752,65536,,,,,,,,,,2026-04-19 00:04:29.
0,17/44,8/47,Contraction_l_Alik_Bjlk_Cijk_Dijk,"(8,8192,1,8192)",Cijk_Alik_Bjlk_B8B8S_BH_GB_MT64x64x16_MI16x16x16x1_SN_GLVWA16_GLVWB16_GRVW16_K1_SS0_SVW4_WSGRA0_WSGRB1,NO_CHECK,340.524,3153.2,,0.078125,4,32,0.125,1,1,0.625,16842752,65536,,,,,,,,,,2026-04-19 00:04:29.
0,17/44,9/47,Contraction_l_Alik_Bjlk_Cijk_Dijk,"(8,8192,1,8192)",Cijk_Alik_Bjlk_B8B8S_BH_GB_MT64x64x16_MI16x16x16x1_SN_GLVWA4_GLVWB4_GRVW4_K1_SS0_SVW4_WSGRA1_WSGRB1,NO_CHECK,343.804,3123.12,,0.078125,4,32,0.125,1,1,0.625,16842752,65536,,,,,,,,,,2026-04-19 00:04:29.
0,17/44,10/47,Contraction_l_Alik_Bjlk_Cijk_Dijk,"(8,8192,1,8192)",Cijk_Alik_Bjlk_B8B8S_BH_GB_MT64x64x16_MI16x16x16x1_SN_GLVWA8_GLVWB8_GRVW8_K1_SS0_SVW4_WSGRA1_WSGRB1,NO_CHECK,340.724,3151.35,,0.078125,4,32,0.125,1,1,0.625,16842752,65536,,,,,,,,,,2026-04-19 00:04:29.
0,17/44,11/47,Contraction_l_Alik_Bjlk_Cijk_Dijk,"(8,8192,1,8192)",Cijk_Alik_Bjlk_B8B8S_BH_GB_MT64x64x16_MI16x16x16x1_SN_GLVWA16_GLVWB16_GRVW16_K1_SS0_SVW4_WSGRA1_WSGRB1,NO_CHECK,340.124,3156.91,,0.078125,4,32,0.125,1,1,0.625,16842752,65536,,,,,,,,,,2026-04-19 00:04:29.
0,17/44,12/47,Contraction_l_Alik_Bjlk_Cijk_Dijk,"(8,8192,1,8192)",Cijk_Alik_Bjlk_B8B8S_BH_GB_MT64x64x32_MI16x16x16x1_SN_GLVWA4_GLVWB4_GRVW4_K1_SS0_SVW4_WSGRA0_WSGRB0,NO_CHECK,295.483,3633.85,,0.078125,4,32,0.125,1,1,0.625,16842752,65536,,,,,,,,,,2026-04-19 00:04:29.
0,17/44,13/47,Contraction_l_Alik_Bjlk_Cijk_Dijk,"(8,8192,1,8192)",Cijk_Alik_Bjlk_B8B8S_BH_GB_MT64x64x32_MI16x16x16x1_SN_GLVWA8_GLVWB8_GRVW8_K1_SS0_SVW4_WSGRA0_WSGRB0,NO_CHECK,290.324,3698.43,,0.078125,4,32,0.125,1,1,0.625,16842752,65536,,,,,,,,,,2026-04-19 00:04:29.
0,17/44,14/47,Contraction_l_Alik_Bjlk_Cijk_Dijk,"(8,8192,1,8192)",Cijk_Alik_Bjlk_B8B8S_BH_GB_MT64x64x32_MI16x16x16x1_SN_GLVWA16_GLVWB16_GRVW16_K1_SS0_SVW4_WSGRA0_WSGRB0,NO_CHECK,290.124,3700.98,,0.078125,4,32,0.125,1,1,0.625,16842752,65536,,,,,,,,,,2026-04-19 00:04:29.
0,17/44,15/47,Contraction_l_Alik_Bjlk_Cijk_Dijk,"(8,8192,1,8192)",Cijk_Alik_Bjlk_B8B8S_BH_GB_MT64x64x32_MI16x16x16x1_SN_GLVWA4_GLVWB4_GRVW4_K1_SS0_SVW4_WSGRA1_WSGRB0,NO_CHECK,295.443,3634.35,,0.078125,4,32,0.125,1,1,0.625,16842752,65536,,,,,,,,,,2026-04-19 00:04:29.
0,17/44,16/47,Contraction_l_Alik_Bjlk_Cijk_Dijk,"(8,8192,1,8192)",Cijk_Alik_Bjlk_B8B8S_BH_GB_MT64x64x32_MI16x16x16x1_SN_GLVWA8_GLVWB8_GRVW8_K1_SS0_SVW4_WSGRA1_WSGRB0,NO_CHECK,297.763,3606.03,,0.078125,4,32,0.125,1,1,0.625,16842752,65536,,,,,,,,,,2026-04-19 00:04:29.
0,17/44,17/47,Contraction_l_Alik_Bjlk_Cijk_Dijk,"(8,8192,1,8192)",Cijk_Alik_Bjlk_B8B8S_BH_GB_MT64x64x32_MI16x16x16x1_SN_GLVWA16_GLVWB16_GRVW16_K1_SS0_SVW4_WSGRA1_WSGRB0,NO_CHECK,283.643,3785.54,,0.078125,4,32,0.125,1,1,0.625,16842752,65536,,,,,,,,,,2026-04-19 00:04:29.
0,17/44,18/47,Contraction_l_Alik_Bjlk_Cijk_Dijk,"(8,8192,1,8192)",Cijk_Alik_Bjlk_B8B8S_BH_GB_MT64x64x32_MI16x16x16x1_SN_GLVWA4_GLVWB4_GRVW4_K1_SS0_SVW4_WSGRA0_WSGRB1,NO_CHECK,292.844,3666.6,,0.078125,4,32,0.125,1,1,0.625,16842752,65536,,,,,,,,,,2026-04-19 00:04:29.
0,17/44,19/47,Contraction_l_Alik_Bjlk_Cijk_Dijk,"(8,8192,1,8192)",Cijk_Alik_Bjlk_B8B8S_BH_GB_MT64x64x32_MI16x16x16x1_SN_GLVWA8_GLVWB8_GRVW8_K1_SS0_SVW4_WSGRA0_WSGRB1,NO_CHECK,289.404,3710.18,,0.078125,4,32,0.125,1,1,0.625,16842752,65536,,,,,,,,,,2026-04-19 00:04:29.
0,17/44,20/47,Contraction_l_Alik_Bjlk_Cijk_Dijk,"(8,8192,1,8192)",Cijk_Alik_Bjlk_B8B8S_BH_GB_MT64x64x32_MI16x16x16x1_SN_GLVWA16_GLVWB16_GRVW16_K1_SS0_SVW4_WSGRA0_WSGRB1,NO_CHECK,287.003,3741.22,,0.078125,4,32,0.125,1,1,0.625,16842752,65536,,,,,,,,,,2026-04-19 00:04:29.
0,17/44,21/47,Contraction_l_Alik_Bjlk_Cijk_Dijk,"(8,8192,1,8192)",Cijk_Alik_Bjlk_B8B8S_BH_GB_MT64x64x32_MI16x16x16x1_SN_GLVWA4_GLVWB4_GRVW4_K1_SS0_SVW4_WSGRA1_WSGRB1,NO_CHECK,293.204,3662.1,,0.078125,4,32,0.125,1,1,0.625,16842752,65536,,,,,,,,,,2026-04-19 00:04:29.
0,17/44,22/47,Contraction_l_Alik_Bjlk_Cijk_Dijk,"(8,8192,1,8192)",Cijk_Alik_Bjlk_B8B8S_BH_GB_MT64x64x32_MI16x16x16x1_SN_GLVWA8_GLVWB8_GRVW8_K1_SS0_SVW4_WSGRA1_WSGRB1,NO_CHECK,287.644,3732.88,,0.078125,4,32,0.125,1,1,0.625,16842752,65536,,,,,,,,,,2026-04-19 00:04:29.
0,17/44,23/47,Contraction_l_Alik_Bjlk_Cijk_Dijk,"(8,8192,1,8192)",Cijk_Alik_Bjlk_B8B8S_BH_GB_MT64x64x32_MI16x16x16x1_SN_GLVWA16_GLVWB16_GRVW16_K1_SS0_SVW4_WSGRA1_WSGRB1,NO_CHECK,288.683,3719.45,,0.078125,4,32,0.125,1,1,0.625,16842752,65536,,,,,,,,,,2026-04-19 00:04:29.
0,17/44,24/47,Contraction_l_Alik_Bjlk_Cijk_Dijk,"(8,8192,1,8192)",Cijk_Alik_Bjlk_B8B8S_BH_GB_MT64x64x16_MI16x16x16x1_SN_GLVWA4_GLVWB4_GRVW4_K1_SS1_SVW1_WSGRA0_WSGRB0,NO_CHECK,345.724,3105.78,,0.078125,4,32,0.125,1,1,0.625,16842752,65536,,,,,,,,,,2026-04-19 00:04:29.
0,17/44,25/47,Contraction_l_Alik_Bjlk_Cijk_Dijk,"(8,8192,1,8192)",Cijk_Alik_Bjlk_B8B8S_BH_GB_MT64x64x16_MI16x16x16x1_SN_GLVWA8_GLVWB8_GRVW8_K1_SS1_SVW1_WSGRA0_WSGRB0,NO_CHECK,344.364,3118.04,,0.078125,4,32,0.125,1,1,0.625,16842752,65536,,,,,,,,,,2026-04-19 00:04:29.
0,17/44,26/47,Contraction_l_Alik_Bjlk_Cijk_Dijk,"(8,8192,1,8192)",Cijk_Alik_Bjlk_B8B8S_BH_GB_MT64x64x16_MI16x16x16x1_SN_GLVWA16_GLVWB16_GRVW16_K1_SS1_SVW1_WSGRA0_WSGRB0,NO_CHECK,345.164,3110.82,,0.078125,4,32,0.125,1,1,0.625,16842752,65536,,,,,,,,,,2026-04-19 00:04:29.
0,17/44,27/47,Contraction_l_Alik_Bjlk_Cijk_Dijk,"(8,8192,1,8192)",Cijk_Alik_Bjlk_B8B8S_BH_GB_MT64x64x16_MI16x16x16x1_SN_GLVWA4_GLVWB4_GRVW4_K1_SS1_SVW1_WSGRA1_WSGRB0,NO_CHECK,347.684,3088.27,,0.078125,4,32,0.125,1,1,0.625,16842752,65536,,,,,,,,,,2026-04-19 00:04:29.
0,17/44,28/47,Contraction_l_Alik_Bjlk_Cijk_Dijk,"(8,8192,1,8192)",Cijk_Alik_Bjlk_B8B8S_BH_GB_MT64x64x16_MI16x16x16x1_SN_GLVWA8_GLVWB8_GRVW8_K1_SS1_SVW1_WSGRA1_WSGRB0,NO_CHECK,343.724,3123.85,,0.078125,4,32,0.125,1,1,0.625,16842752,65536,,,,,,,,,,2026-04-19 00:04:29.
0,17/44,29/47,Contraction_l_Alik_Bjlk_Cijk_Dijk,"(8,8192,1,8192)",Cijk_Alik_Bjlk_B8B8S_BH_GB_MT64x64x16_MI16x16x16x1_SN_GLVWA16_GLVWB16_GRVW16_K1_SS1_SVW1_WSGRA1_WSGRB0,NO_CHECK,366.044,2933.37,,0.078125,4,32,0.125,1,1,0.625,16842752,65536,,,,,,,,,,2026-04-19 00:04:29.
0,17/44,30/47,Contraction_l_Alik_Bjlk_Cijk_Dijk,"(8,8192,1,8192)",Cijk_Alik_Bjlk_B8B8S_BH_GB_MT64x64x16_MI16x16x16x1_SN_GLVWA4_GLVWB4_GRVW4_K1_SS1_SVW1_WSGRA0_WSGRB1,NO_CHECK,346.644,3097.53,,0.078125,4,32,0.125,1,1,0.625,16842752,65536,,,,,,,,,,2026-04-19 00:04:29.
0,17/44,31/47,Contraction_l_Alik_Bjlk_Cijk_Dijk,"(8,8192,1,8192)",Cijk_Alik_Bjlk_B8B8S_BH_GB_MT64x64x16_MI16x16x16x1_SN_GLVWA8_GLVWB8_GRVW8_K1_SS1_SVW1_WSGRA0_WSGRB1,NO_CHECK,345.524,3107.58,,0.078125,4,32,0.125,1,1,0.625,16842752,65536,,,,,,,,,,2026-04-19 00:04:29.
0,17/44,32/47,Contraction_l_Alik_Bjlk_Cijk_Dijk,"(8,8192,1,8192)",Cijk_Alik_Bjlk_B8B8S_BH_GB_MT64x64x16_MI16x16x16x1_SN_GLVWA16_GLVWB16_GRVW16_K1_SS1_SVW1_WSGRA0_WSGRB1,NO_CHECK,351.404,3055.58,,0.078125,4,32,0.125,1,1,0.625,16842752,65536,,,,,,,,,,2026-04-19 00:04:29.
0,17/44,33/47,Contraction_l_Alik_Bjlk_Cijk_Dijk,"(8,8192,1,8192)",Cijk_Alik_Bjlk_B8B8S_BH_GB_MT64x64x16_MI16x16x16x1_SN_GLVWA4_GLVWB4_GRVW4_K1_SS1_SVW1_WSGRA1_WSGRB1,NO_CHECK,347.484,3090.05,,0.078125,4,32,0.125,1,1,0.625,16842752,65536,,,,,,,,,,2026-04-19 00:04:29.
0,17/44,34/47,Contraction_l_Alik_Bjlk_Cijk_Dijk,"(8,8192,1,8192)",Cijk_Alik_Bjlk_B8B8S_BH_GB_MT64x64x16_MI16x16x16x1_SN_GLVWA8_GLVWB8_GRVW8_K1_SS1_SVW1_WSGRA1_WSGRB1,NO_CHECK,341.804,3141.4,,0.078125,4,32,0.125,1,1,0.625,16842752,65536,,,,,,,,,,2026-04-19 00:04:29.
0,17/44,35/47,Contraction_l_Alik_Bjlk_Cijk_Dijk,"(8,8192,1,8192)",Cijk_Alik_Bjlk_B8B8S_BH_GB_MT64x64x16_MI16x16x16x1_SN_GLVWA16_GLVWB16_GRVW16_K1_SS1_SVW1_WSGRA1_WSGRB1,NO_CHECK,341.884,3140.66,,0.078125,4,32,0.125,1,1,0.625,16842752,65536,,,,,,,,,,2026-04-19 00:04:29.
0,17/44,36/47,Contraction_l_Alik_Bjlk_Cijk_Dijk,"(8,8192,1,8192)",Cijk_Alik_Bjlk_B8B8S_BH_GB_MT64x64x32_MI16x16x16x1_SN_GLVWA4_GLVWB4_GRVW4_K1_SS1_SVW1_WSGRA0_WSGRB0,NO_CHECK,295.083,3638.78,,0.078125,4,32,0.125,1,1,0.625,16842752,65536,,,,,,,,,,2026-04-19 00:04:29.
0,17/44,37/47,Contraction_l_Alik_Bjlk_Cijk_Dijk,"(8,8192,1,8192)",Cijk_Alik_Bjlk_B8B8S_BH_GB_MT64x64x32_MI16x16x16x1_SN_GLVWA8_GLVWB8_GRVW8_K1_SS1_SVW1_WSGRA0_WSGRB0,NO_CHECK,291.283,3686.25,,0.078125,4,32,0.125,1,1,0.625,16842752,65536,,,,,,,,,,2026-04-19 00:04:29.
0,17/44,38/47,Contraction_l_Alik_Bjlk_Cijk_Dijk,"(8,8192,1,8192)",Cijk_Alik_Bjlk_B8B8S_BH_GB_MT64x64x32_MI16x16x16x1_SN_GLVWA16_GLVWB16_GRVW16_K1_SS1_SVW1_WSGRA0_WSGRB0,NO_CHECK,289.364,3710.7,,0.078125,4,32,0.125,1,1,0.625,16842752,65536,,,,,,,,,,2026-04-19 00:04:29.
0,17/44,39/47,Contraction_l_Alik_Bjlk_Cijk_Dijk,"(8,8192,1,8192)",Cijk_Alik_Bjlk_B8B8S_BH_GB_MT64x64x32_MI16x16x16x1_SN_GLVWA4_GLVWB4_GRVW4_K1_SS1_SVW1_WSGRA1_WSGRB0,NO_CHECK,295.524,3633.35,,0.078125,4,32,0.125,1,1,0.625,16842752,65536,,,,,,,,,,2026-04-19 00:04:29.
0,17/44,40/47,Contraction_l_Alik_Bjlk_Cijk_Dijk,"(8,8192,1,8192)",Cijk_Alik_Bjlk_B8B8S_BH_GB_MT64x64x32_MI16x16x16x1_SN_GLVWA8_GLVWB8_GRVW8_K1_SS1_SVW1_WSGRA1_WSGRB0,NO_CHECK,293.083,3663.61,,0.078125,4,32,0.125,1,1,0.625,16842752,65536,,,,,,,,,,2026-04-19 00:04:29.
0,17/44,41/47,Contraction_l_Alik_Bjlk_Cijk_Dijk,"(8,8192,1,8192)",Cijk_Alik_Bjlk_B8B8S_BH_GB_MT64x64x32_MI16x16x16x1_SN_GLVWA16_GLVWB16_GRVW16_K1_SS1_SVW1_WSGRA1_WSGRB0,NO_CHECK,291.243,3686.76,,0.078125,4,32,0.125,1,1,0.625,16842752,65536,,,,,,,,,,2026-04-19 00:04:29.
0,17/44,42/47,Contraction_l_Alik_Bjlk_Cijk_Dijk,"(8,8192,1,8192)",Cijk_Alik_Bjlk_B8B8S_BH_GB_MT64x64x32_MI16x16x16x1_SN_GLVWA4_GLVWB4_GRVW4_K1_SS1_SVW1_WSGRA0_WSGRB1,NO_CHECK,296.883,3616.72,,0.078125,4,32,0.125,1,1,0.625,16842752,65536,,,,,,,,,,2026-04-19 00:04:29.
0,17/44,43/47,Contraction_l_Alik_Bjlk_Cijk_Dijk,"(8,8192,1,8192)",Cijk_Alik_Bjlk_B8B8S_BH_GB_MT64x64x32_MI16x16x16x1_SN_GLVWA8_GLVWB8_GRVW8_K1_SS1_SVW1_WSGRA0_WSGRB1,NO_CHECK,291.924,3678.16,,0.078125,4,32,0.125,1,1,0.625,16842752,65536,,,,,,,,,,2026-04-19 00:04:29.
0,17/44,44/47,Contraction_l_Alik_Bjlk_Cijk_Dijk,"(8,8192,1,8192)",Cijk_Alik_Bjlk_B8B8S_BH_GB_MT64x64x32_MI16x16x16x1_SN_GLVWA16_GLVWB16_GRVW16_K1_SS1_SVW1_WSGRA0_WSGRB1,NO_CHECK,288.644,3719.95,,0.078125,4,32,0.125,1,1,0.625,16842752,65536,,,,,,,,,,2026-04-19 00:04:29.
0,17/44,45/47,Contraction_l_Alik_Bjlk_Cijk_Dijk,"(8,8192,1,8192)",Cijk_Alik_Bjlk_B8B8S_BH_GB_MT64x64x32_MI16x16x16x1_SN_GLVWA4_GLVWB4_GRVW4_K1_SS1_SVW1_WSGRA1_WSGRB1,NO_CHECK,296.083,3626.49,,0.078125,4,32,0.125,1,1,0.625,16842752,65536,,,,,,,,,,2026-04-19 00:04:29.
0,17/44,46/47,Contraction_l_Alik_Bjlk_Cijk_Dijk,"(8,8192,1,8192)",Cijk_Alik_Bjlk_B8B8S_BH_GB_MT64x64x32_MI16x16x16x1_SN_GLVWA8_GLVWB8_GRVW8_K1_SS1_SVW1_WSGRA1_WSGRB1,NO_CHECK,292.363,3672.63,,0.078125,4,32,0.125,1,1,0.625,16842752,65536,,,,,,,,,,2026-04-19 00:04:29.
0,17/44,47/47,Contraction_l_Alik_Bjlk_Cijk_Dijk,"(8,8192,1,8192)",Cijk_Alik_Bjlk_B8B8S_BH_GB_MT64x64x32_MI16x16x16x1_SN_GLVWA16_GLVWB16_GRVW16_K1_SS1_SVW1_WSGRA1_WSGRB1,NO_CHECK,292.363,3672.63,,0.078125,4,32,0.125,1,1,0.625,16842752,65536,,,,,,,,,,2026-04-19 00:04:29.
0,18/44,0/47,Contraction_l_Alik_Bjlk_Cijk_Dijk,"(32,1024,1,1024)",Cijk_Alik_Bjlk_B8B8S_BH_GB_MT64x64x16_MI16x16x16x1_SN_GLVWA4_GLVWB4_GRVW4_K1_SS0_SVW4_WSGRA0_WSGRB0,NO_CHECK,106.881,627.884,,0.03125,0.5,32,0.5,1,0.5,0.125,1081344,32768,,,,,,,,,,2026-04-19 00:04:29.
0,18/44,1/47,Contraction_l_Alik_Bjlk_Cijk_Dijk,"(32,1024,1,1024)",Cijk_Alik_Bjlk_B8B8S_BH_GB_MT64x64x16_MI16x16x16x1_SN_GLVWA8_GLVWB8_GRVW8_K1_SS0_SVW4_WSGRA0_WSGRB0,NO_CHECK,96.481,695.566,,0.03125,0.5,32,0.5,1,0.5,0.125,1081344,32768,,,,,,,,,,2026-04-19 00:04:29.
0,18/44,2/47,Contraction_l_Alik_Bjlk_Cijk_Dijk,"(32,1024,1,1024)",Cijk_Alik_Bjlk_B8B8S_BH_GB_MT64x64x16_MI16x16x16x1_SN_GLVWA16_GLVWB16_GRVW16_K1_SS0_SVW4_WSGRA0_WSGRB0,NO_CHECK,97.442,688.706,,0.03125,0.5,32,0.5,1,0.5,0.125,1081344,32768,,,,,,,,,,2026-04-19 00:04:29.
0,18/44,3/47,Contraction_l_Alik_Bjlk_Cijk_Dijk,"(32,1024,1,1024)",Cijk_Alik_Bjlk_B8B8S_BH_GB_MT64x64x16_MI16x16x16x1_SN_GLVWA4_GLVWB4_GRVW4_K1_SS0_SVW4_WSGRA1_WSGRB0,NO_CHECK,97.281,689.846,,0.03125,0.5,32,0.5,1,0.5,0.125,1081344,32768,,,,,,,,,,2026-04-19 00:04:29.
0,18/44,4/47,Contraction_l_Alik_Bjlk_Cijk_Dijk,"(32,1024,1,1024)",Cijk_Alik_Bjlk_B8B8S_BH_GB_MT64x64x16_MI16x16x16x1_SN_GLVWA8_GLVWB8_GRVW8_K1_SS0_SVW4_WSGRA1_WSGRB0,NO_CHECK,90.241,743.663,,0.03125,0.5,32,0.5,1,0.5,0.125,1081344,32768,,,,,,,,,,2026-04-19 00:04:29.
0,18/44,5/47,Contraction_l_Alik_Bjlk_Cijk_Dijk,"(32,1024,1,1024)",Cijk_Alik_Bjlk_B8B8S_BH_GB_MT64x64x16_MI16x16x16x1_SN_GLVWA16_GLVWB16_GRVW16_K1_SS0_SVW4_WSGRA1_WSGRB0,NO_CHECK,95.881,699.918,,0.03125,0.5,32,0.5,1,0.5,0.125,1081344,32768,,,,,,,,,,2026-04-19 00:04:29.
0,18/44,6/47,Contraction_l_Alik_Bjlk_Cijk_Dijk,"(32,1024,1,1024)",Cijk_Alik_Bjlk_B8B8S_BH_GB_MT64x64x16_MI16x16x16x1_SN_GLVWA4_GLVWB4_GRVW4_K1_SS0_SVW4_WSGRA0_WSGRB1,NO_CHECK,96.761,693.553,,0.03125,0.5,32,0.5,1,0.5,0.125,1081344,32768,,,,,,,,,,2026-04-19 00:04:29.
0,18/44,7/47,Contraction_l_Alik_Bjlk_Cijk_Dijk,"(32,1024,1,1024)",Cijk_Alik_Bjlk_B8B8S_BH_GB_MT64x64x16_MI16x16x16x1_SN_GLVWA8_GLVWB8_GRVW8_K1_SS0_SVW4_WSGRA0_WSGRB1,NO_CHECK,97.041,691.552,,0.03125,0.5,32,0.5,1,0.5,0.125,1081344,32768,,,,,,,,,,2026-04-19 00:04:29.
0,18/44,8/47,Contraction_l_Alik_Bjlk_Cijk_Dijk,"(32,1024,1,1024)",Cijk_Alik_Bjlk_B8B8S_BH_GB_MT64x64x16_MI16x16x16x1_SN_GLVWA16_GLVWB16_GRVW16_K1_SS0_SVW4_WSGRA0_WSGRB1,NO_CHECK,97.041,691.552,,0.03125,0.5,32,0.5,1,0.5,0.125,1081344,32768,,,,,,,,,,2026-04-19 00:04:29.
0,18/44,9/47,Contraction_l_Alik_Bjlk_Cijk_Dijk,"(32,1024,1,1024)",Cijk_Alik_Bjlk_B8B8S_BH_GB_MT64x64x16_MI16x16x16x1_SN_GLVWA4_GLVWB4_GRVW4_K1_SS0_SVW4_WSGRA1_WSGRB1,NO_CHECK,97.082,691.26,,0.03125,0.5,32,0.5,1,0.5,0.125,1081344,32768,,,,,,,,,,2026-04-19 00:04:29.
0,18/44,10/47,Contraction_l_Alik_Bjlk_Cijk_Dijk,"(32,1024,1,1024)",Cijk_Alik_Bjlk_B8B8S_BH_GB_MT64x64x16_MI16x16x16x1_SN_GLVWA8_GLVWB8_GRVW8_K1_SS0_SVW4_WSGRA1_WSGRB1,NO_CHECK,96.401,696.143,,0.03125,0.5,32,0.5,1,0.5,0.125,1081344,32768,,,,,,,,,,2026-04-19 00:04:29.
0,18/44,11/47,Contraction_l_Alik_Bjlk_Cijk_Dijk,"(32,1024,1,1024)",Cijk_Alik_Bjlk_B8B8S_BH_GB_MT64x64x16_MI16x16x16x1_SN_GLVWA16_GLVWB16_GRVW16_K1_SS0_SVW4_WSGRA1_WSGRB1,NO_CHECK,94.441,710.59,,0.03125,0.5,32,0.5,1,0.5,0.125,1081344,32768,,,,,,,,,,2026-04-19 00:04:29.
0,18/44,12/47,Contraction_l_Alik_Bjlk_Cijk_Dijk,"(32,1024,1,1024)",Cijk_Alik_Bjlk_B8B8S_BH_GB_MT64x64x32_MI16x16x16x1_SN_GLVWA4_GLVWB4_GRVW4_K1_SS0_SVW4_WSGRA0_WSGRB0,NO_CHECK,96.081,698.461,,0.03125,0.5,32,0.5,1,0.5,0.125,1081344,32768,,,,,,,,,,2026-04-19 00:04:29.
0,18/44,13/47,Contraction_l_Alik_Bjlk_Cijk_Dijk,"(32,1024,1,1024)",Cijk_Alik_Bjlk_B8B8S_BH_GB_MT64x64x32_MI16x16x16x1_SN_GLVWA8_GLVWB8_GRVW8_K1_SS0_SVW4_WSGRA0_WSGRB0,NO_CHECK,94.321,711.494,,0.03125,0.5,32,0.5,1,0.5,0.125,1081344,32768,,,,,,,,,,2026-04-19 00:04:29.
0,18/44,14/47,Contraction_l_Alik_Bjlk_Cijk_Dijk,"(32,1024,1,1024)",Cijk_Alik_Bjlk_B8B8S_BH_GB_MT64x64x32_MI16x16x16x1_SN_GLVWA16_GLVWB16_GRVW16_K1_SS0_SVW4_WSGRA0_WSGRB0,NO_CHECK,92.641,724.397,,0.03125,0.5,32,0.5,1,0.5,0.125,1081344,32768,,,,,,,,,,2026-04-19 00:04:29.
0,18/44,15/47,Contraction_l_Alik_Bjlk_Cijk_Dijk,"(32,1024,1,1024)",Cijk_Alik_Bjlk_B8B8S_BH_GB_MT64x64x32_MI16x16x16x1_SN_GLVWA4_GLVWB4_GRVW4_K1_SS0_SVW4_WSGRA1_WSGRB0,NO_CHECK,96.241,697.3,,0.03125,0.5,32,0.5,1,0.5,0.125,1081344,32768,,,,,,,,,,2026-04-19 00:04:29.
0,18/44,16/47,Contraction_l_Alik_Bjlk_Cijk_Dijk,"(32,1024,1,1024)",Cijk_Alik_Bjlk_B8B8S_BH_GB_MT64x64x32_MI16x16x16x1_SN_GLVWA8_GLVWB8_GRVW8_K1_SS0_SVW4_WSGRA1_WSGRB0,NO_CHECK,92.761,723.46,,0.03125,0.5,32,0.5,1,0.5,0.125,1081344,32768,,,,,,,,,,2026-04-19 00:04:29.
0,18/44,17/47,Contraction_l_Alik_Bjlk_Cijk_Dijk,"(32,1024,1,1024)",Cijk_Alik_Bjlk_B8B8S_BH_GB_MT64x64x32_MI16x16x16x1_SN_GLVWA16_GLVWB16_GRVW16_K1_SS0_SVW4_WSGRA1_WSGRB0,NO_CHECK,91.841,730.707,,0.03125,0.5,32,0.5,1,0.5,0.125,1081344,32768,,,,,,,,,,2026-04-19 00:04:29.
0,18/44,18/47,Contraction_l_Alik_Bjlk_Cijk_Dijk,"(32,1024,1,1024)",Cijk_Alik_Bjlk_B8B8S_BH_GB_MT64x64x32_MI16x16x16x1_SN_GLVWA4_GLVWB4_GRVW4_K1_SS0_SVW4_WSGRA0_WSGRB1,NO_CHECK,95.281,704.326,,0.03125,0.5,32,0.5,1,0.5,0.125,1081344,32768,,,,,,,,,,2026-04-19 00:04:29.
0,18/44,19/47,Contraction_l_Alik_Bjlk_Cijk_Dijk,"(32,1024,1,1024)",Cijk_Alik_Bjlk_B8B8S_BH_GB_MT64x64x32_MI16x16x16x1_SN_GLVWA8_GLVWB8_GRVW8_K1_SS0_SVW4_WSGRA0_WSGRB1,NO_CHECK,94.682,708.782,,0.03125,0.5,32,0.5,1,0.5,0.125,1081344,32768,,,,,,,,,,2026-04-19 00:04:29.
0,18/44,20/47,Contraction_l_Alik_Bjlk_Cijk_Dijk,"(32,1024,1,1024)",Cijk_Alik_Bjlk_B8B8S_BH_GB_MT64x64x32_MI16x16x16x1_SN_GLVWA16_GLVWB16_GRVW16_K1_SS0_SVW4_WSGRA0_WSGRB1,NO_CHECK,92.441,725.964,,0.03125,0.5,32,0.5,1,0.5,0.125,1081344,32768,,,,,,,,,,2026-04-19 00:04:29.
0,18/44,21/47,Contraction_l_Alik_Bjlk_Cijk_Dijk,"(32,1024,1,1024)",Cijk_Alik_Bjlk_B8B8S_BH_GB_MT64x64x32_MI16x16x16x1_SN_GLVWA4_GLVWB4_GRVW4_K1_SS0_SVW4_WSGRA1_WSGRB1,NO_CHECK,98.321,682.549,,0.03125,0.5,32,0.5,1,0.5,0.125,1081344,32768,,,,,,,,,,2026-04-19 00:04:29.
0,18/44,22/47,Contraction_l_Alik_Bjlk_Cijk_Dijk,"(32,1024,1,1024)",Cijk_Alik_Bjlk_B8B8S_BH_GB_MT64x64x32_MI16x16x16x1_SN_GLVWA8_GLVWB8_GRVW8_K1_SS0_SVW4_WSGRA1_WSGRB1,NO_CHECK,94.041,713.613,,0.03125,0.5,32,0.5,1,0.5,0.125,1081344,32768,,,,,,,,,,2026-04-19 00:04:29.
0,18/44,23/47,Contraction_l_Alik_Bjlk_Cijk_Dijk,"(32,1024,1,1024)",Cijk_Alik_Bjlk_B8B8S_BH_GB_MT64x64x32_MI16x16x16x1_SN_GLVWA16_GLVWB16_GRVW16_K1_SS0_SVW4_WSGRA1_WSGRB1,NO_CHECK,95.521,702.556,,0.03125,0.5,32,0.5,1,0.5,0.125,1081344,32768,,,,,,,,,,2026-04-19 00:04:29.
0,18/44,24/47,Contraction_l_Alik_Bjlk_Cijk_Dijk,"(32,1024,1,1024)",Cijk_Alik_Bjlk_B8B8S_BH_GB_MT64x64x16_MI16x16x16x1_SN_GLVWA4_GLVWB4_GRVW4_K1_SS1_SVW1_WSGRA0_WSGRB0,NO_CHECK,102.081,657.408,,0.03125,0.5,32,0.5,1,0.5,0.125,1081344,32768,,,,,,,,,,2026-04-19 00:04:29.
0,18/44,25/47,Contraction_l_Alik_Bjlk_Cijk_Dijk,"(32,1024,1,1024)",Cijk_Alik_Bjlk_B8B8S_BH_GB_MT64x64x16_MI16x16x16x1_SN_GLVWA8_GLVWB8_GRVW8_K1_SS1_SVW1_WSGRA0_WSGRB0,NO_CHECK,99.801,672.427,,0.03125,0.5,32,0.5,1,0.5,0.125,1081344,32768,,,,,,,,,,2026-04-19 00:04:29.
0,18/44,26/47,Contraction_l_Alik_Bjlk_Cijk_Dijk,"(32,1024,1,1024)",Cijk_Alik_Bjlk_B8B8S_BH_GB_MT64x64x16_MI16x16x16x1_SN_GLVWA16_GLVWB16_GRVW16_K1_SS1_SVW1_WSGRA0_WSGRB0,NO_CHECK,98.762,679.501,,0.03125,0.5,32,0.5,1,0.5,0.125,1081344,32768,,,,,,,,,,2026-04-19 00:04:29.
0,18/44,27/47,Contraction_l_Alik_Bjlk_Cijk_Dijk,"(32,1024,1,1024)",Cijk_Alik_Bjlk_B8B8S_BH_GB_MT64x64x16_MI16x16x16x1_SN_GLVWA4_GLVWB4_GRVW4_K1_SS1_SVW1_WSGRA1_WSGRB0,NO_CHECK,100.242,669.469,,0.03125,0.5,32,0.5,1,0.5,0.125,1081344,32768,,,,,,,,,,2026-04-19 00:04:29.
0,18/44,28/47,Contraction_l_Alik_Bjlk_Cijk_Dijk,"(32,1024,1,1024)",Cijk_Alik_Bjlk_B8B8S_BH_GB_MT64x64x16_MI16x16x16x1_SN_GLVWA8_GLVWB8_GRVW8_K1_SS1_SVW1_WSGRA1_WSGRB0,NO_CHECK,101.641,660.254,,0.03125,0.5,32,0.5,1,0.5,0.125,1081344,32768,,,,,,,,,,2026-04-19 00:04:29.
0,18/44,29/47,Contraction_l_Alik_Bjlk_Cijk_Dijk,"(32,1024,1,1024)",Cijk_Alik_Bjlk_B8B8S_BH_GB_MT64x64x16_MI16x16x16x1_SN_GLVWA16_GLVWB16_GRVW16_K1_SS1_SVW1_WSGRA1_WSGRB0,NO_CHECK,98.401,681.994,,0.03125,0.5,32,0.5,1,0.5,0.125,1081344,32768,,,,,,,,,,2026-04-19 00:04:29.
0,18/44,30/47,Contraction_l_Alik_Bjlk_Cijk_Dijk,"(32,1024,1,1024)",Cijk_Alik_Bjlk_B8B8S_BH_GB_MT64x64x16_MI16x16x16x1_SN_GLVWA4_GLVWB4_GRVW4_K1_SS1_SVW1_WSGRA0_WSGRB1,NO_CHECK,101.081,663.912,,0.03125,0.5,32,0.5,1,0.5,0.125,1081344,32768,,,,,,,,,,2026-04-19 00:04:29.
0,18/44,31/47,Contraction_l_Alik_Bjlk_Cijk_Dijk,"(32,1024,1,1024)",Cijk_Alik_Bjlk_B8B8S_BH_GB_MT64x64x16_MI16x16x16x1_SN_GLVWA8_GLVWB8_GRVW8_K1_SS1_SVW1_WSGRA0_WSGRB1,NO_CHECK,95.161,705.214,,0.03125,0.5,32,0.5,1,0.5,0.125,1081344,32768,,,,,,,,,,2026-04-19 00:04:29.
0,18/44,32/47,Contraction_l_Alik_Bjlk_Cijk_Dijk,"(32,1024,1,1024)",Cijk_Alik_Bjlk_B8B8S_BH_GB_MT64x64x16_MI16x16x16x1_SN_GLVWA16_GLVWB16_GRVW16_K1_SS1_SVW1_WSGRA0_WSGRB1,NO_CHECK,97.481,688.43,,0.03125,0.5,32,0.5,1,0.5,0.125,1081344,32768,,,,,,,,,,2026-04-19 00:04:29.
0,18/44,33/47,Contraction_l_Alik_Bjlk_Cijk_Dijk,"(32,1024,1,1024)",Cijk_Alik_Bjlk_B8B8S_BH_GB_MT64x64x16_MI16x16x16x1_SN_GLVWA4_GLVWB4_GRVW4_K1_SS1_SVW1_WSGRA1_WSGRB1,NO_CHECK,98.681,680.059,,0.03125,0.5,32,0.5,1,0.5,0.125,1081344,32768,,,,,,,,,,2026-04-19 00:04:29.
0,18/44,34/47,Contraction_l_Alik_Bjlk_Cijk_Dijk,"(32,1024,1,1024)",Cijk_Alik_Bjlk_B8B8S_BH_GB_MT64x64x16_MI16x16x16x1_SN_GLVWA8_GLVWB8_GRVW8_K1_SS1_SVW1_WSGRA1_WSGRB1,NO_CHECK,98.481,681.44,,0.03125,0.5,32,0.5,1,0.5,0.125,1081344,32768,,,,,,,,,,2026-04-19 00:04:29.
0,18/44,35/47,Contraction_l_Alik_Bjlk_Cijk_Dijk,"(32,1024,1,1024)",Cijk_Alik_Bjlk_B8B8S_BH_GB_MT64x64x16_MI16x16x16x1_SN_GLVWA16_GLVWB16_GRVW16_K1_SS1_SVW1_WSGRA1_WSGRB1,NO_CHECK,96.322,696.714,,0.03125,0.5,32,0.5,1,0.5,0.125,1081344,32768,,,,,,,,,,2026-04-19 00:04:29.
0,18/44,36/47,Contraction_l_Alik_Bjlk_Cijk_Dijk,"(32,1024,1,1024)",Cijk_Alik_Bjlk_B8B8S_BH_GB_MT64x64x32_MI16x16x16x1_SN_GLVWA4_GLVWB4_GRVW4_K1_SS1_SVW1_WSGRA0_WSGRB0,NO_CHECK,97.721,686.739,,0.03125,0.5,32,0.5,1,0.5,0.125,1081344,32768,,,,,,,,,,2026-04-19 00:04:29.
0,18/44,37/47,Contraction_l_Alik_Bjlk_Cijk_Dijk,"(32,1024,1,1024)",Cijk_Alik_Bjlk_B8B8S_BH_GB_MT64x64x32_MI16x16x16x1_SN_GLVWA8_GLVWB8_GRVW8_K1_SS1_SVW1_WSGRA0_WSGRB0,NO_CHECK,95.881,699.918,,0.03125,0.5,32,0.5,1,0.5,0.125,1081344,32768,,,,,,,,,,2026-04-19 00:04:29.
0,18/44,38/47,Contraction_l_Alik_Bjlk_Cijk_Dijk,"(32,1024,1,1024)",Cijk_Alik_Bjlk_B8B8S_BH_GB_MT64x64x32_MI16x16x16x1_SN_GLVWA16_GLVWB16_GRVW16_K1_SS1_SVW1_WSGRA0_WSGRB0,NO_CHECK,92.801,723.148,,0.03125,0.5,32,0.5,1,0.5,0.125,1081344,32768,,,,,,,,,,2026-04-19 00:04:29.
0,18/44,39/47,Contraction_l_Alik_Bjlk_Cijk_Dijk,"(32,1024,1,1024)",Cijk_Alik_Bjlk_B8B8S_BH_GB_MT64x64x32_MI16x16x16x1_SN_GLVWA4_GLVWB4_GRVW4_K1_SS1_SVW1_WSGRA1_WSGRB0,NO_CHECK,97.681,687.021,,0.03125,0.5,32,0.5,1,0.5,0.125,1081344,32768,,,,,,,,,,2026-04-19 00:04:29.
0,18/44,40/47,Contraction_l_Alik_Bjlk_Cijk_Dijk,"(32,1024,1,1024)",Cijk_Alik_Bjlk_B8B8S_BH_GB_MT64x64x32_MI16x16x16x1_SN_GLVWA8_GLVWB8_GRVW8_K1_SS1_SVW1_WSGRA1_WSGRB0,NO_CHECK,96.521,695.277,,0.03125,0.5,32,0.5,1,0.5,0.125,1081344,32768,,,,,,,,,,2026-04-19 00:04:29.
0,18/44,41/47,Contraction_l_Alik_Bjlk_Cijk_Dijk,"(32,1024,1,1024)",Cijk_Alik_Bjlk_B8B8S_BH_GB_MT64x64x32_MI16x16x16x1_SN_GLVWA16_GLVWB16_GRVW16_K1_SS1_SVW1_WSGRA1_WSGRB0,NO_CHECK,92.922,722.206,,0.03125,0.5,32,0.5,1,0.5,0.125,1081344,32768,,,,,,,,,,2026-04-19 00:04:29.
0,18/44,42/47,Contraction_l_Alik_Bjlk_Cijk_Dijk,"(32,1024,1,1024)",Cijk_Alik_Bjlk_B8B8S_BH_GB_MT64x64x32_MI16x16x16x1_SN_GLVWA4_GLVWB4_GRVW4_K1_SS1_SVW1_WSGRA0_WSGRB1,NO_CHECK,96.841,692.98,,0.03125,0.5,32,0.5,1,0.5,0.125,1081344,32768,,,,,,,,,,2026-04-19 00:04:29.
0,18/44,43/47,Contraction_l_Alik_Bjlk_Cijk_Dijk,"(32,1024,1,1024)",Cijk_Alik_Bjlk_B8B8S_BH_GB_MT64x64x32_MI16x16x16x1_SN_GLVWA8_GLVWB8_GRVW8_K1_SS1_SVW1_WSGRA0_WSGRB1,NO_CHECK,95.281,704.326,,0.03125,0.5,32,0.5,1,0.5,0.125,1081344,32768,,,,,,,,,,2026-04-19 00:04:29.
0,18/44,44/47,Contraction_l_Alik_Bjlk_Cijk_Dijk,"(32,1024,1,1024)",Cijk_Alik_Bjlk_B8B8S_BH_GB_MT64x64x32_MI16x16x16x1_SN_GLVWA16_GLVWB16_GRVW16_K1_SS1_SVW1_WSGRA0_WSGRB1,NO_CHECK,92.561,725.023,,0.03125,0.5,32,0.5,1,0.5,0.125,1081344,32768,,,,,,,,,,2026-04-19 00:04:29.
0,18/44,45/47,Contraction_l_Alik_Bjlk_Cijk_Dijk,"(32,1024,1,1024)",Cijk_Alik_Bjlk_B8B8S_BH_GB_MT64x64x32_MI16x16x16x1_SN_GLVWA4_GLVWB4_GRVW4_K1_SS1_SVW1_WSGRA1_WSGRB1,NO_CHECK,97.241,690.129,,0.03125,0.5,32,0.5,1,0.5,0.125,1081344,32768,,,,,,,,,,2026-04-19 00:04:29.
0,18/44,46/47,Contraction_l_Alik_Bjlk_Cijk_Dijk,"(32,1024,1,1024)",Cijk_Alik_Bjlk_B8B8S_BH_GB_MT64x64x32_MI16x16x16x1_SN_GLVWA8_GLVWB8_GRVW8_K1_SS1_SVW1_WSGRA1_WSGRB1,NO_CHECK,93.321,719.119,,0.03125,0.5,32,0.5,1,0.5,0.125,1081344,32768,,,,,,,,,,2026-04-19 00:04:29.
0,18/44,47/47,Contraction_l_Alik_Bjlk_Cijk_Dijk,"(32,1024,1,1024)",Cijk_Alik_Bjlk_B8B8S_BH_GB_MT64x64x32_MI16x16x16x1_SN_GLVWA16_GLVWB16_GRVW16_K1_SS1_SVW1_WSGRA1_WSGRB1,NO_CHECK,56.841,1180.64,,0.03125,0.5,32,0.5,1,0.5,0.125,1081344,32768,,,,,,,,,,2026-04-19 00:04:29.
0,19/44,0/47,Contraction_l_Alik_Bjlk_Cijk_Dijk,"(32,1024,1,4096)",Cijk_Alik_Bjlk_B8B8S_BH_GB_MT64x64x16_MI16x16x16x1_SN_GLVWA4_GLVWB4_GRVW4_K1_SS0_SVW4_WSGRA0_WSGRB0,NO_CHECK,167.682,1600.86,,0.03125,0.5,32,0.5,1,0.5,0.125,4227072,32768,,,,,,,,,,2026-04-19 00:04:29.
0,19/44,1/47,Contraction_l_Alik_Bjlk_Cijk_Dijk,"(32,1024,1,4096)",Cijk_Alik_Bjlk_B8B8S_BH_GB_MT64x64x16_MI16x16x16x1_SN_GLVWA8_GLVWB8_GRVW8_K1_SS0_SVW4_WSGRA0_WSGRB0,NO_CHECK,136.682,1963.94,,0.03125,0.5,32,0.5,1,0.5,0.125,4227072,32768,,,,,,,,,,2026-04-19 00:04:29.
0,19/44,2/47,Contraction_l_Alik_Bjlk_Cijk_Dijk,"(32,1024,1,4096)",Cijk_Alik_Bjlk_B8B8S_BH_GB_MT64x64x16_MI16x16x16x1_SN_GLVWA16_GLVWB16_GRVW16_K1_SS0_SVW4_WSGRA0_WSGRB0,NO_CHECK,139.322,1926.73,,0.03125,0.5,32,0.5,1,0.5,0.125,4227072,32768,,,,,,,,,,2026-04-19 00:04:29.
0,19/44,3/47,Contraction_l_Alik_Bjlk_Cijk_Dijk,"(32,1024,1,4096)",Cijk_Alik_Bjlk_B8B8S_BH_GB_MT64x64x16_MI16x16x16x1_SN_GLVWA4_GLVWB4_GRVW4_K1_SS0_SVW4_WSGRA1_WSGRB0,NO_CHECK,137.681,1949.69,,0.03125,0.5,32,0.5,1,0.5,0.125,4227072,32768,,,,,,,,,,2026-04-19 00:04:29.
0,19/44,4/47,Contraction_l_Alik_Bjlk_Cijk_Dijk,"(32,1024,1,4096)",Cijk_Alik_Bjlk_B8B8S_BH_GB_MT64x64x16_MI16x16x16x1_SN_GLVWA8_GLVWB8_GRVW8_K1_SS0_SVW4_WSGRA1_WSGRB0,NO_CHECK,138.562,1937.29,,0.03125,0.5,32,0.5,1,0.5,0.125,4227072,32768,,,,,,,,,,2026-04-19 00:04:29.
0,19/44,5/47,Contraction_l_Alik_Bjlk_Cijk_Dijk,"(32,1024,1,4096)",Cijk_Alik_Bjlk_B8B8S_BH_GB_MT64x64x16_MI16x16x16x1_SN_GLVWA16_GLVWB16_GRVW16_K1_SS0_SVW4_WSGRA1_WSGRB0,NO_CHECK,136.602,1965.09,,0.03125,0.5,32,0.5,1,0.5,0.125,4227072,32768,,,,,,,,,,2026-04-19 00:04:29.
0,19/44,6/47,Contraction_l_Alik_Bjlk_Cijk_Dijk,"(32,1024,1,4096)",Cijk_Alik_Bjlk_B8B8S_BH_GB_MT64x64x16_MI16x16x16x1_SN_GLVWA4_GLVWB4_GRVW4_K1_SS0_SVW4_WSGRA0_WSGRB1,NO_CHECK,140.081,1916.29,,0.03125,0.5,32,0.5,1,0.5,0.125,4227072,32768,,,,,,,,,,2026-04-19 00:04:29.
0,19/44,7/47,Contraction_l_Alik_Bjlk_Cijk_Dijk,"(32,1024,1,4096)",Cijk_Alik_Bjlk_B8B8S_BH_GB_MT64x64x16_MI16x16x16x1_SN_GLVWA8_GLVWB8_GRVW8_K1_SS0_SVW4_WSGRA0_WSGRB1,NO_CHECK,138.002,1945.16,,0.03125,0.5,32,0.5,1,0.5,0.125,4227072,32768,,,,,,,,,,2026-04-19 00:04:29.
0,19/44,8/47,Contraction_l_Alik_Bjlk_Cijk_Dijk,"(32,1024,1,4096)",Cijk_Alik_Bjlk_B8B8S_BH_GB_MT64x64x16_MI16x16x16x1_SN_GLVWA16_GLVWB16_GRVW16_K1_SS0_SVW4_WSGRA0_WSGRB1,NO_CHECK,137.282,1955.36,,0.03125,0.5,32,0.5,1,0.5,0.125,4227072,32768,,,,,,,,,,2026-04-19 00:04:29.
0,19/44,9/47,Contraction_l_Alik_Bjlk_Cijk_Dijk,"(32,1024,1,4096)",Cijk_Alik_Bjlk_B8B8S_BH_GB_MT64x64x16_MI16x16x16x1_SN_GLVWA4_GLVWB4_GRVW4_K1_SS0_SVW4_WSGRA1_WSGRB1,NO_CHECK,137.321,1954.8,,0.03125,0.5,32,0.5,1,0.5,0.125,4227072,32768,,,,,,,,,,2026-04-19 00:04:29.
0,19/44,10/47,Contraction_l_Alik_Bjlk_Cijk_Dijk,"(32,1024,1,4096)",Cijk_Alik_Bjlk_B8B8S_BH_GB_MT64x64x16_MI16x16x16x1_SN_GLVWA8_GLVWB8_GRVW8_K1_SS0_SVW4_WSGRA1_WSGRB1,NO_CHECK,138.802,1933.95,,0.03125,0.5,32,0.5,1,0.5,0.125,4227072,32768,,,,,,,,,,2026-04-19 00:04:29.
0,19/44,11/47,Contraction_l_Alik_Bjlk_Cijk_Dijk,"(32,1024,1,4096)",Cijk_Alik_Bjlk_B8B8S_BH_GB_MT64x64x16_MI16x16x16x1_SN_GLVWA16_GLVWB16_GRVW16_K1_SS0_SVW4_WSGRA1_WSGRB1,NO_CHECK,137.802,1947.98,,0.03125,0.5,32,0.5,1,0.5,0.125,4227072,32768,,,,,,,,,,2026-04-19 00:04:29.
0,19/44,12/47,Contraction_l_Alik_Bjlk_Cijk_Dijk,"(32,1024,1,4096)",Cijk_Alik_Bjlk_B8B8S_BH_GB_MT64x64x32_MI16x16x16x1_SN_GLVWA4_GLVWB4_GRVW4_K1_SS0_SVW4_WSGRA0_WSGRB0,NO_CHECK,110.841,2421.81,,0.03125,0.5,32,0.5,1,0.5,0.125,4227072,32768,,,,,,,,,,2026-04-19 00:04:29.
0,19/44,13/47,Contraction_l_Alik_Bjlk_Cijk_Dijk,"(32,1024,1,4096)",Cijk_Alik_Bjlk_B8B8S_BH_GB_MT64x64x32_MI16x16x16x1_SN_GLVWA8_GLVWB8_GRVW8_K1_SS0_SVW4_WSGRA0_WSGRB0,NO_CHECK,109.881,2442.97,,0.03125,0.5,32,0.5,1,0.5,0.125,4227072,32768,,,,,,,,,,2026-04-19 00:04:29.
0,19/44,14/47,Contraction_l_Alik_Bjlk_Cijk_Dijk,"(32,1024,1,4096)",Cijk_Alik_Bjlk_B8B8S_BH_GB_MT64x64x32_MI16x16x16x1_SN_GLVWA16_GLVWB16_GRVW16_K1_SS0_SVW4_WSGRA0_WSGRB0,NO_CHECK,110.721,2424.43,,0.03125,0.5,32,0.5,1,0.5,0.125,4227072,32768,,,,,,,,,,2026-04-19 00:04:29.
0,19/44,15/47,Contraction_l_Alik_Bjlk_Cijk_Dijk,"(32,1024,1,4096)",Cijk_Alik_Bjlk_B8B8S_BH_GB_MT64x64x32_MI16x16x16x1_SN_GLVWA4_GLVWB4_GRVW4_K1_SS0_SVW4_WSGRA1_WSGRB0,NO_CHECK,112.481,2386.5,,0.03125,0.5,32,0.5,1,0.5,0.125,4227072,32768,,,,,,,,,,2026-04-19 00:04:29.
0,19/44,16/47,Contraction_l_Alik_Bjlk_Cijk_Dijk,"(32,1024,1,4096)",Cijk_Alik_Bjlk_B8B8S_BH_GB_MT64x64x32_MI16x16x16x1_SN_GLVWA8_GLVWB8_GRVW8_K1_SS0_SVW4_WSGRA1_WSGRB0,NO_CHECK,111.161,2414.83,,0.03125,0.5,32,0.5,1,0.5,0.125,4227072,32768,,,,,,,,,,2026-04-19 00:04:29.
0,19/44,17/47,Contraction_l_Alik_Bjlk_Cijk_Dijk,"(32,1024,1,4096)",Cijk_Alik_Bjlk_B8B8S_BH_GB_MT64x64x32_MI16x16x16x1_SN_GLVWA16_GLVWB16_GRVW16_K1_SS0_SVW4_WSGRA1_WSGRB0,NO_CHECK,110.602,2427.04,,0.03125,0.5,32,0.5,1,0.5,0.125,4227072,32768,,,,,,,,,,2026-04-19 00:04:29.
0,19/44,18/47,Contraction_l_Alik_Bjlk_Cijk_Dijk,"(32,1024,1,4096)",Cijk_Alik_Bjlk_B8B8S_BH_GB_MT64x64x32_MI16x16x16x1_SN_GLVWA4_GLVWB4_GRVW4_K1_SS0_SVW4_WSGRA0_WSGRB1,NO_CHECK,112.202,2392.43,,0.03125,0.5,32,0.5,1,0.5,0.125,4227072,32768,,,,,,,,,,2026-04-19 00:04:29.
0,19/44,19/47,Contraction_l_Alik_Bjlk_Cijk_Dijk,"(32,1024,1,4096)",Cijk_Alik_Bjlk_B8B8S_BH_GB_MT64x64x32_MI16x16x16x1_SN_GLVWA8_GLVWB8_GRVW8_K1_SS0_SVW4_WSGRA0_WSGRB1,NO_CHECK,111.682,2403.57,,0.03125,0.5,32,0.5,1,0.5,0.125,4227072,32768,,,,,,,,,,2026-04-19 00:04:29.
0,19/44,20/47,Contraction_l_Alik_Bjlk_Cijk_Dijk,"(32,1024,1,4096)",Cijk_Alik_Bjlk_B8B8S_BH_GB_MT64x64x32_MI16x16x16x1_SN_GLVWA16_GLVWB16_GRVW16_K1_SS0_SVW4_WSGRA0_WSGRB1,NO_CHECK,109.201,2458.18,,0.03125,0.5,32,0.5,1,0.5,0.125,4227072,32768,,,,,,,,,,2026-04-19 00:04:29.
0,19/44,21/47,Contraction_l_Alik_Bjlk_Cijk_Dijk,"(32,1024,1,4096)",Cijk_Alik_Bjlk_B8B8S_BH_GB_MT64x64x32_MI16x16x16x1_SN_GLVWA4_GLVWB4_GRVW4_K1_SS0_SVW4_WSGRA1_WSGRB1,NO_CHECK,112.322,2389.87,,0.03125,0.5,32,0.5,1,0.5,0.125,4227072,32768,,,,,,,,,,2026-04-19 00:04:29.
0,19/44,22/47,Contraction_l_Alik_Bjlk_Cijk_Dijk,"(32,1024,1,4096)",Cijk_Alik_Bjlk_B8B8S_BH_GB_MT64x64x32_MI16x16x16x1_SN_GLVWA8_GLVWB8_GRVW8_K1_SS0_SVW4_WSGRA1_WSGRB1,NO_CHECK,111.401,2409.63,,0.03125,0.5,32,0.5,1,0.5,0.125,4227072,32768,,,,,,,,,,2026-04-19 00:04:29.
0,19/44,23/47,Contraction_l_Alik_Bjlk_Cijk_Dijk,"(32,1024,1,4096)",Cijk_Alik_Bjlk_B8B8S_BH_GB_MT64x64x32_MI16x16x16x1_SN_GLVWA16_GLVWB16_GRVW16_K1_SS0_SVW4_WSGRA1_WSGRB1,NO_CHECK,110.681,2425.31,,0.03125,0.5,32,0.5,1,0.5,0.125,4227072,32768,,,,,,,,,,2026-04-19 00:04:29.
0,19/44,24/47,Contraction_l_Alik_Bjlk_Cijk_Dijk,"(32,1024,1,4096)",Cijk_Alik_Bjlk_B8B8S_BH_GB_MT64x64x16_MI16x16x16x1_SN_GLVWA4_GLVWB4_GRVW4_K1_SS1_SVW1_WSGRA0_WSGRB0,NO_CHECK,136.602,1965.09,,0.03125,0.5,32,0.5,1,0.5,0.125,4227072,32768,,,,,,,,,,2026-04-19 00:04:29.
0,19/44,25/47,Contraction_l_Alik_Bjlk_Cijk_Dijk,"(32,1024,1,4096)",Cijk_Alik_Bjlk_B8B8S_BH_GB_MT64x64x16_MI16x16x16x1_SN_GLVWA8_GLVWB8_GRVW8_K1_SS1_SVW1_WSGRA0_WSGRB0,NO_CHECK,135.802,1976.67,,0.03125,0.5,32,0.5,1,0.5,0.125,4227072,32768,,,,,,,,,,2026-04-19 00:04:29.
0,19/44,26/47,Contraction_l_Alik_Bjlk_Cijk_Dijk,"(32,1024,1,4096)",Cijk_Alik_Bjlk_B8B8S_BH_GB_MT64x64x16_MI16x16x16x1_SN_GLVWA16_GLVWB16_GRVW16_K1_SS1_SVW1_WSGRA0_WSGRB0,NO_CHECK,138.241,1941.79,,0.03125,0.5,32,0.5,1,0.5,0.125,4227072,32768,,,,,,,,,,2026-04-19 00:04:29.
0,19/44,27/47,Contraction_l_Alik_Bjlk_Cijk_Dijk,"(32,1024,1,4096)",Cijk_Alik_Bjlk_B8B8S_BH_GB_MT64x64x16_MI16x16x16x1_SN_GLVWA4_GLVWB4_GRVW4_K1_SS1_SVW1_WSGRA1_WSGRB0,NO_CHECK,140.322,1913,,0.03125,0.5,32,0.5,1,0.5,0.125,4227072,32768,,,,,,,,,,2026-04-19 00:04:29.
0,19/44,28/47,Contraction_l_Alik_Bjlk_Cijk_Dijk,"(32,1024,1,4096)",Cijk_Alik_Bjlk_B8B8S_BH_GB_MT64x64x16_MI16x16x16x1_SN_GLVWA8_GLVWB8_GRVW8_K1_SS1_SVW1_WSGRA1_WSGRB0,NO_CHECK,136.562,1965.67,,0.03125,0.5,32,0.5,1,0.5,0.125,4227072,32768,,,,,,,,,,2026-04-19 00:04:29.
0,19/44,29/47,Contraction_l_Alik_Bjlk_Cijk_Dijk,"(32,1024,1,4096)",Cijk_Alik_Bjlk_B8B8S_BH_GB_MT64x64x16_MI16x16x16x1_SN_GLVWA16_GLVWB16_GRVW16_K1_SS1_SVW1_WSGRA1_WSGRB0,NO_CHECK,138.081,1944.04,,0.03125,0.5,32,0.5,1,0.5,0.125,4227072,32768,,,,,,,,,,2026-04-19 00:04:29.
0,19/44,30/47,Contraction_l_Alik_Bjlk_Cijk_Dijk,"(32,1024,1,4096)",Cijk_Alik_Bjlk_B8B8S_BH_GB_MT64x64x16_MI16x16x16x1_SN_GLVWA4_GLVWB4_GRVW4_K1_SS1_SVW1_WSGRA0_WSGRB1,NO_CHECK,138.281,1941.23,,0.03125,0.5,32,0.5,1,0.5,0.125,4227072,32768,,,,,,,,,,2026-04-19 00:04:29.
0,19/44,31/47,Contraction_l_Alik_Bjlk_Cijk_Dijk,"(32,1024,1,4096)",Cijk_Alik_Bjlk_B8B8S_BH_GB_MT64x64x16_MI16x16x16x1_SN_GLVWA8_GLVWB8_GRVW8_K1_SS1_SVW1_WSGRA0_WSGRB1,NO_CHECK,135.962,1974.34,,0.03125,0.5,32,0.5,1,0.5,0.125,4227072,32768,,,,,,,,,,2026-04-19 00:04:29.
0,19/44,32/47,Contraction_l_Alik_Bjlk_Cijk_Dijk,"(32,1024,1,4096)",Cijk_Alik_Bjlk_B8B8S_BH_GB_MT64x64x16_MI16x16x16x1_SN_GLVWA16_GLVWB16_GRVW16_K1_SS1_SVW1_WSGRA0_WSGRB1,NO_CHECK,146.721,1829.56,,0.03125,0.5,32,0.5,1,0.5,0.125,4227072,32768,,,,,,,,,,2026-04-19 00:04:29.
0,19/44,33/47,Contraction_l_Alik_Bjlk_Cijk_Dijk,"(32,1024,1,4096)",Cijk_Alik_Bjlk_B8B8S_BH_GB_MT64x64x16_MI16x16x16x1_SN_GLVWA4_GLVWB4_GRVW4_K1_SS1_SVW1_WSGRA1_WSGRB1,NO_CHECK,138.002,1945.16,,0.03125,0.5,32,0.5,1,0.5,0.125,4227072,32768,,,,,,,,,,2026-04-19 00:04:29.
0,19/44,34/47,Contraction_l_Alik_Bjlk_Cijk_Dijk,"(32,1024,1,4096)",Cijk_Alik_Bjlk_B8B8S_BH_GB_MT64x64x16_MI16x16x16x1_SN_GLVWA8_GLVWB8_GRVW8_K1_SS1_SVW1_WSGRA1_WSGRB1,NO_CHECK,137.242,1955.93,,0.03125,0.5,32,0.5,1,0.5,0.125,4227072,32768,,,,,,,,,,2026-04-19 00:04:29.
0,19/44,35/47,Contraction_l_Alik_Bjlk_Cijk_Dijk,"(32,1024,1,4096)",Cijk_Alik_Bjlk_B8B8S_BH_GB_MT64x64x16_MI16x16x16x1_SN_GLVWA16_GLVWB16_GRVW16_K1_SS1_SVW1_WSGRA1_WSGRB1,NO_CHECK,138.482,1938.41,,0.03125,0.5,32,0.5,1,0.5,0.125,4227072,32768,,,,,,,,,,2026-04-19 00:04:29.
0,19/44,36/47,Contraction_l_Alik_Bjlk_Cijk_Dijk,"(32,1024,1,4096)",Cijk_Alik_Bjlk_B8B8S_BH_GB_MT64x64x32_MI16x16x16x1_SN_GLVWA4_GLVWB4_GRVW4_K1_SS1_SVW1_WSGRA0_WSGRB0,NO_CHECK,112.561,2384.8,,0.03125,0.5,32,0.5,1,0.5,0.125,4227072,32768,,,,,,,,,,2026-04-19 00:04:29.
0,19/44,37/47,Contraction_l_Alik_Bjlk_Cijk_Dijk,"(32,1024,1,4096)",Cijk_Alik_Bjlk_B8B8S_BH_GB_MT64x64x32_MI16x16x16x1_SN_GLVWA8_GLVWB8_GRVW8_K1_SS1_SVW1_WSGRA0_WSGRB0,NO_CHECK,111.681,2403.59,,0.03125,0.5,32,0.5,1,0.5,0.125,4227072,32768,,,,,,,,,,2026-04-19 00:04:29.
0,19/44,38/47,Contraction_l_Alik_Bjlk_Cijk_Dijk,"(32,1024,1,4096)",Cijk_Alik_Bjlk_B8B8S_BH_GB_MT64x64x32_MI16x16x16x1_SN_GLVWA16_GLVWB16_GRVW16_K1_SS1_SVW1_WSGRA0_WSGRB0,NO_CHECK,111.002,2418.29,,0.03125,0.5,32,0.5,1,0.5,0.125,4227072,32768,,,,,,,,,,2026-04-19 00:04:29.
0,19/44,39/47,Contraction_l_Alik_Bjlk_Cijk_Dijk,"(32,1024,1,4096)",Cijk_Alik_Bjlk_B8B8S_BH_GB_MT64x64x32_MI16x16x16x1_SN_GLVWA4_GLVWB4_GRVW4_K1_SS1_SVW1_WSGRA1_WSGRB0,NO_CHECK,113.202,2371.3,,0.03125,0.5,32,0.5,1,0.5,0.125,4227072,32768,,,,,,,,,,2026-04-19 00:04:29.
0,19/44,40/47,Contraction_l_Alik_Bjlk_Cijk_Dijk,"(32,1024,1,4096)",Cijk_Alik_Bjlk_B8B8S_BH_GB_MT64x64x32_MI16x16x16x1_SN_GLVWA8_GLVWB8_GRVW8_K1_SS1_SVW1_WSGRA1_WSGRB0,NO_CHECK,112.042,2395.85,,0.03125,0.5,32,0.5,1,0.5,0.125,4227072,32768,,,,,,,,,,2026-04-19 00:04:29.
0,19/44,41/47,Contraction_l_Alik_Bjlk_Cijk_Dijk,"(32,1024,1,4096)",Cijk_Alik_Bjlk_B8B8S_BH_GB_MT64x64x32_MI16x16x16x1_SN_GLVWA16_GLVWB16_GRVW16_K1_SS1_SVW1_WSGRA1_WSGRB0,NO_CHECK,111.002,2418.29,,0.03125,0.5,32,0.5,1,0.5,0.125,4227072,32768,,,,,,,,,,2026-04-19 00:04:29.
0,19/44,42/47,Contraction_l_Alik_Bjlk_Cijk_Dijk,"(32,1024,1,4096)",Cijk_Alik_Bjlk_B8B8S_BH_GB_MT64x64x32_MI16x16x16x1_SN_GLVWA4_GLVWB4_GRVW4_K1_SS1_SVW1_WSGRA0_WSGRB1,NO_CHECK,111.602,2405.29,,0.03125,0.5,32,0.5,1,0.5,0.125,4227072,32768,,,,,,,,,,2026-04-19 00:04:29.
0,19/44,43/47,Contraction_l_Alik_Bjlk_Cijk_Dijk,"(32,1024,1,4096)",Cijk_Alik_Bjlk_B8B8S_BH_GB_MT64x64x32_MI16x16x16x1_SN_GLVWA8_GLVWB8_GRVW8_K1_SS1_SVW1_WSGRA0_WSGRB1,NO_CHECK,111.722,2402.71,,0.03125,0.5,32,0.5,1,0.5,0.125,4227072,32768,,,,,,,,,,2026-04-19 00:04:29.
0,19/44,44/47,Contraction_l_Alik_Bjlk_Cijk_Dijk,"(32,1024,1,4096)",Cijk_Alik_Bjlk_B8B8S_BH_GB_MT64x64x32_MI16x16x16x1_SN_GLVWA16_GLVWB16_GRVW16_K1_SS1_SVW1_WSGRA0_WSGRB1,NO_CHECK,110.802,2422.66,,0.03125,0.5,32,0.5,1,0.5,0.125,4227072,32768,,,,,,,,,,2026-04-19 00:04:29.
0,19/44,45/47,Contraction_l_Alik_Bjlk_Cijk_Dijk,"(32,1024,1,4096)",Cijk_Alik_Bjlk_B8B8S_BH_GB_MT64x64x32_MI16x16x16x1_SN_GLVWA4_GLVWB4_GRVW4_K1_SS1_SVW1_WSGRA1_WSGRB1,NO_CHECK,112.402,2388.17,,0.03125,0.5,32,0.5,1,0.5,0.125,4227072,32768,,,,,,,,,,2026-04-19 00:04:29.
0,19/44,46/47,Contraction_l_Alik_Bjlk_Cijk_Dijk,"(32,1024,1,4096)",Cijk_Alik_Bjlk_B8B8S_BH_GB_MT64x64x32_MI16x16x16x1_SN_GLVWA8_GLVWB8_GRVW8_K1_SS1_SVW1_WSGRA1_WSGRB1,NO_CHECK,112.041,2395.87,,0.03125,0.5,32,0.5,1,0.5,0.125,4227072,32768,,,,,,,,,,2026-04-19 00:04:29.
0,19/44,47/47,Contraction_l_Alik_Bjlk_Cijk_Dijk,"(32,1024,1,4096)",Cijk_Alik_Bjlk_B8B8S_BH_GB_MT64x64x32_MI16x16x16x1_SN_GLVWA16_GLVWB16_GRVW16_K1_SS1_SVW1_WSGRA1_WSGRB1,NO_CHECK,111.161,2414.83,,0.03125,0.5,32,0.5,1,0.5,0.125,4227072,32768,,,,,,,,,,2026-04-19 00:04:29.
0,20/44,0/47,Contraction_l_Alik_Bjlk_Cijk_Dijk,"(32,1024,1,8192)",Cijk_Alik_Bjlk_B8B8S_BH_GB_MT64x64x16_MI16x16x16x1_SN_GLVWA4_GLVWB4_GRVW4_K1_SS0_SVW4_WSGRA0_WSGRB0,NO_CHECK,304.443,1763.45,,0.03125,0.5,32,0.5,1,0.5,0.125,8421376,32768,,,,,,,,,,2026-04-19 00:04:29.
0,20/44,1/47,Contraction_l_Alik_Bjlk_Cijk_Dijk,"(32,1024,1,8192)",Cijk_Alik_Bjlk_B8B8S_BH_GB_MT64x64x16_MI16x16x16x1_SN_GLVWA8_GLVWB8_GRVW8_K1_SS0_SVW4_WSGRA0_WSGRB0,NO_CHECK,249.083,2155.39,,0.03125,0.5,32,0.5,1,0.5,0.125,8421376,32768,,,,,,,,,,2026-04-19 00:04:29.
0,20/44,2/47,Contraction_l_Alik_Bjlk_Cijk_Dijk,"(32,1024,1,8192)",Cijk_Alik_Bjlk_B8B8S_BH_GB_MT64x64x16_MI16x16x16x1_SN_GLVWA16_GLVWB16_GRVW16_K1_SS0_SVW4_WSGRA0_WSGRB0,NO_CHECK,247.522,2168.98,,0.03125,0.5,32,0.5,1,0.5,0.125,8421376,32768,,,,,,,,,,2026-04-19 00:04:29.
0,20/44,3/47,Contraction_l_Alik_Bjlk_Cijk_Dijk,"(32,1024,1,8192)",Cijk_Alik_Bjlk_B8B8S_BH_GB_MT64x64x16_MI16x16x16x1_SN_GLVWA4_GLVWB4_GRVW4_K1_SS0_SVW4_WSGRA1_WSGRB0,NO_CHECK,250.723,2141.29,,0.03125,0.5,32,0.5,1,0.5,0.125,8421376,32768,,,,,,,,,,2026-04-19 00:04:29.
0,20/44,4/47,Contraction_l_Alik_Bjlk_Cijk_Dijk,"(32,1024,1,8192)",Cijk_Alik_Bjlk_B8B8S_BH_GB_MT64x64x16_MI16x16x16x1_SN_GLVWA8_GLVWB8_GRVW8_K1_SS0_SVW4_WSGRA1_WSGRB0,NO_CHECK,251.843,2131.77,,0.03125,0.5,32,0.5,1,0.5,0.125,8421376,32768,,,,,,,,,,2026-04-19 00:04:29.
0,20/44,5/47,Contraction_l_Alik_Bjlk_Cijk_Dijk,"(32,1024,1,8192)",Cijk_Alik_Bjlk_B8B8S_BH_GB_MT64x64x16_MI16x16x16x1_SN_GLVWA16_GLVWB16_GRVW16_K1_SS0_SVW4_WSGRA1_WSGRB0,NO_CHECK,250.282,2145.06,,0.03125,0.5,32,0.5,1,0.5,0.125,8421376,32768,,,,,,,,,,2026-04-19 00:04:29.
0,20/44,6/47,Contraction_l_Alik_Bjlk_Cijk_Dijk,"(32,1024,1,8192)",Cijk_Alik_Bjlk_B8B8S_BH_GB_MT64x64x16_MI16x16x16x1_SN_GLVWA4_GLVWB4_GRVW4_K1_SS0_SVW4_WSGRA0_WSGRB1,NO_CHECK,248.043,2164.43,,0.03125,0.5,32,0.5,1,0.5,0.125,8421376,32768,,,,,,,,,,2026-04-19 00:04:29.
0,20/44,7/47,Contraction_l_Alik_Bjlk_Cijk_Dijk,"(32,1024,1,8192)",Cijk_Alik_Bjlk_B8B8S_BH_GB_MT64x64x16_MI16x16x16x1_SN_GLVWA8_GLVWB8_GRVW8_K1_SS0_SVW4_WSGRA0_WSGRB1,NO_CHECK,246.483,2178.13,,0.03125,0.5,32,0.5,1,0.5,0.125,8421376,32768,,,,,,,,,,2026-04-19 00:04:29.
0,20/44,8/47,Contraction_l_Alik_Bjlk_Cijk_Dijk,"(32,1024,1,8192)",Cijk_Alik_Bjlk_B8B8S_BH_GB_MT64x64x16_MI16x16x16x1_SN_GLVWA16_GLVWB16_GRVW16_K1_SS0_SVW4_WSGRA0_WSGRB1,NO_CHECK,247.242,2171.44,,0.03125,0.5,32,0.5,1,0.5,0.125,8421376,32768,,,,,,,,,,2026-04-19 00:04:29.
0,20/44,9/47,Contraction_l_Alik_Bjlk_Cijk_Dijk,"(32,1024,1,8192)",Cijk_Alik_Bjlk_B8B8S_BH_GB_MT64x64x16_MI16x16x16x1_SN_GLVWA4_GLVWB4_GRVW4_K1_SS0_SVW4_WSGRA1_WSGRB1,NO_CHECK,247.483,2169.32,,0.03125,0.5,32,0.5,1,0.5,0.125,8421376,32768,,,,,,,,,,2026-04-19 00:04:29.
0,20/44,10/47,Contraction_l_Alik_Bjlk_Cijk_Dijk,"(32,1024,1,8192)",Cijk_Alik_Bjlk_B8B8S_BH_GB_MT64x64x16_MI16x16x16x1_SN_GLVWA8_GLVWB8_GRVW8_K1_SS0_SVW4_WSGRA1_WSGRB1,NO_CHECK,246.843,2174.95,,0.03125,0.5,32,0.5,1,0.5,0.125,8421376,32768,,,,,,,,,,2026-04-19 00:04:29.
0,20/44,11/47,Contraction_l_Alik_Bjlk_Cijk_Dijk,"(32,1024,1,8192)",Cijk_Alik_Bjlk_B8B8S_BH_GB_MT64x64x16_MI16x16x16x1_SN_GLVWA16_GLVWB16_GRVW16_K1_SS0_SVW4_WSGRA1_WSGRB1,NO_CHECK,247.723,2167.22,,0.03125,0.5,32,0.5,1,0.5,0.125,8421376,32768,,,,,,,,,,2026-04-19 00:04:29.
0,20/44,12/47,Contraction_l_Alik_Bjlk_Cijk_Dijk,"(32,1024,1,8192)",Cijk_Alik_Bjlk_B8B8S_BH_GB_MT64x64x32_MI16x16x16x1_SN_GLVWA4_GLVWB4_GRVW4_K1_SS0_SVW4_WSGRA0_WSGRB0,NO_CHECK,197.402,2719.68,,0.03125,0.5,32,0.5,1,0.5,0.125,8421376,32768,,,,,,,,,,2026-04-19 00:04:29.
0,20/44,13/47,Contraction_l_Alik_Bjlk_Cijk_Dijk,"(32,1024,1,8192)",Cijk_Alik_Bjlk_B8B8S_BH_GB_MT64x64x32_MI16x16x16x1_SN_GLVWA8_GLVWB8_GRVW8_K1_SS0_SVW4_WSGRA0_WSGRB0,NO_CHECK,195.562,2745.27,,0.03125,0.5,32,0.5,1,0.5,0.125,8421376,32768,,,,,,,,,,2026-04-19 00:04:29.
0,20/44,14/47,Contraction_l_Alik_Bjlk_Cijk_Dijk,"(32,1024,1,8192)",Cijk_Alik_Bjlk_B8B8S_BH_GB_MT64x64x32_MI16x16x16x1_SN_GLVWA16_GLVWB16_GRVW16_K1_SS0_SVW4_WSGRA0_WSGRB0,NO_CHECK,196.042,2738.55,,0.03125,0.5,32,0.5,1,0.5,0.125,8421376,32768,,,,,,,,,,2026-04-19 00:04:29.
0,20/44,15/47,Contraction_l_Alik_Bjlk_Cijk_Dijk,"(32,1024,1,8192)",Cijk_Alik_Bjlk_B8B8S_BH_GB_MT64x64x32_MI16x16x16x1_SN_GLVWA4_GLVWB4_GRVW4_K1_SS0_SVW4_WSGRA1_WSGRB0,NO_CHECK,196.322,2734.64,,0.03125,0.5,32,0.5,1,0.5,0.125,8421376,32768,,,,,,,,,,2026-04-19 00:04:29.
0,20/44,16/47,Contraction_l_Alik_Bjlk_Cijk_Dijk,"(32,1024,1,8192)",Cijk_Alik_Bjlk_B8B8S_BH_GB_MT64x64x32_MI16x16x16x1_SN_GLVWA8_GLVWB8_GRVW8_K1_SS0_SVW4_WSGRA1_WSGRB0,NO_CHECK,194.482,2760.52,,0.03125,0.5,32,0.5,1,0.5,0.125,8421376,32768,,,,,,,,,,2026-04-19 00:04:29.
0,20/44,17/47,Contraction_l_Alik_Bjlk_Cijk_Dijk,"(32,1024,1,8192)",Cijk_Alik_Bjlk_B8B8S_BH_GB_MT64x64x32_MI16x16x16x1_SN_GLVWA16_GLVWB16_GRVW16_K1_SS0_SVW4_WSGRA1_WSGRB0,NO_CHECK,193.402,2775.93,,0.03125,0.5,32,0.5,1,0.5,0.125,8421376,32768,,,,,,,,,,2026-04-19 00:04:29.
0,20/44,18/47,Contraction_l_Alik_Bjlk_Cijk_Dijk,"(32,1024,1,8192)",Cijk_Alik_Bjlk_B8B8S_BH_GB_MT64x64x32_MI16x16x16x1_SN_GLVWA4_GLVWB4_GRVW4_K1_SS0_SVW4_WSGRA0_WSGRB1,NO_CHECK,197.922,2712.54,,0.03125,0.5,32,0.5,1,0.5,0.125,8421376,32768,,,,,,,,,,2026-04-19 00:04:29.
0,20/44,19/47,Contraction_l_Alik_Bjlk_Cijk_Dijk,"(32,1024,1,8192)",Cijk_Alik_Bjlk_B8B8S_BH_GB_MT64x64x32_MI16x16x16x1_SN_GLVWA8_GLVWB8_GRVW8_K1_SS0_SVW4_WSGRA0_WSGRB1,NO_CHECK,195.762,2742.47,,0.03125,0.5,32,0.5,1,0.5,0.125,8421376,32768,,,,,,,,,,2026-04-19 00:04:29.
0,20/44,20/47,Contraction_l_Alik_Bjlk_Cijk_Dijk,"(32,1024,1,8192)",Cijk_Alik_Bjlk_B8B8S_BH_GB_MT64x64x32_MI16x16x16x1_SN_GLVWA16_GLVWB16_GRVW16_K1_SS0_SVW4_WSGRA0_WSGRB1,NO_CHECK,195.202,2750.34,,0.03125,0.5,32,0.5,1,0.5,0.125,8421376,32768,,,,,,,,,,2026-04-19 00:04:29.
0,20/44,21/47,Contraction_l_Alik_Bjlk_Cijk_Dijk,"(32,1024,1,8192)",Cijk_Alik_Bjlk_B8B8S_BH_GB_MT64x64x32_MI16x16x16x1_SN_GLVWA4_GLVWB4_GRVW4_K1_SS0_SVW4_WSGRA1_WSGRB1,NO_CHECK,197.323,2720.77,,0.03125,0.5,32,0.5,1,0.5,0.125,8421376,32768,,,,,,,,,,2026-04-19 00:04:29.
0,20/44,22/47,Contraction_l_Alik_Bjlk_Cijk_Dijk,"(32,1024,1,8192)",Cijk_Alik_Bjlk_B8B8S_BH_GB_MT64x64x32_MI16x16x16x1_SN_GLVWA8_GLVWB8_GRVW8_K1_SS0_SVW4_WSGRA1_WSGRB1,NO_CHECK,196.043,2738.54,,0.03125,0.5,32,0.5,1,0.5,0.125,8421376,32768,,,,,,,,,,2026-04-19 00:04:29.
0,20/44,23/47,Contraction_l_Alik_Bjlk_Cijk_Dijk,"(32,1024,1,8192)",Cijk_Alik_Bjlk_B8B8S_BH_GB_MT64x64x32_MI16x16x16x1_SN_GLVWA16_GLVWB16_GRVW16_K1_SS0_SVW4_WSGRA1_WSGRB1,NO_CHECK,195.843,2741.33,,0.03125,0.5,32,0.5,1,0.5,0.125,8421376,32768,,,,,,,,,,2026-04-19 00:04:29.
0,20/44,24/47,Contraction_l_Alik_Bjlk_Cijk_Dijk,"(32,1024,1,8192)",Cijk_Alik_Bjlk_B8B8S_BH_GB_MT64x64x16_MI16x16x16x1_SN_GLVWA4_GLVWB4_GRVW4_K1_SS1_SVW1_WSGRA0_WSGRB0,NO_CHECK,252.883,2123,,0.03125,0.5,32,0.5,1,0.5,0.125,8421376,32768,,,,,,,,,,2026-04-19 00:04:29.
0,20/44,25/47,Contraction_l_Alik_Bjlk_Cijk_Dijk,"(32,1024,1,8192)",Cijk_Alik_Bjlk_B8B8S_BH_GB_MT64x64x16_MI16x16x16x1_SN_GLVWA8_GLVWB8_GRVW8_K1_SS1_SVW1_WSGRA0_WSGRB0,NO_CHECK,249.003,2156.08,,0.03125,0.5,32,0.5,1,0.5,0.125,8421376,32768,,,,,,,,,,2026-04-19 00:04:29.
0,20/44,26/47,Contraction_l_Alik_Bjlk_Cijk_Dijk,"(32,1024,1,8192)",Cijk_Alik_Bjlk_B8B8S_BH_GB_MT64x64x16_MI16x16x16x1_SN_GLVWA16_GLVWB16_GRVW16_K1_SS1_SVW1_WSGRA0_WSGRB0,NO_CHECK,251.883,2131.43,,0.03125,0.5,32,0.5,1,0.5,0.125,8421376,32768,,,,,,,,,,2026-04-19 00:04:29.
0,20/44,27/47,Contraction_l_Alik_Bjlk_Cijk_Dijk,"(32,1024,1,8192)",Cijk_Alik_Bjlk_B8B8S_BH_GB_MT64x64x16_MI16x16x16x1_SN_GLVWA4_GLVWB4_GRVW4_K1_SS1_SVW1_WSGRA1_WSGRB0,NO_CHECK,252.203,2128.73,,0.03125,0.5,32,0.5,1,0.5,0.125,8421376,32768,,,,,,,,,,2026-04-19 00:04:29.
0,20/44,28/47,Contraction_l_Alik_Bjlk_Cijk_Dijk,"(32,1024,1,8192)",Cijk_Alik_Bjlk_B8B8S_BH_GB_MT64x64x16_MI16x16x16x1_SN_GLVWA8_GLVWB8_GRVW8_K1_SS1_SVW1_WSGRA1_WSGRB0,NO_CHECK,247.443,2169.68,,0.03125,0.5,32,0.5,1,0.5,0.125,8421376,32768,,,,,,,,,,2026-04-19 00:04:29.
0,20/44,29/47,Contraction_l_Alik_Bjlk_Cijk_Dijk,"(32,1024,1,8192)",Cijk_Alik_Bjlk_B8B8S_BH_GB_MT64x64x16_MI16x16x16x1_SN_GLVWA16_GLVWB16_GRVW16_K1_SS1_SVW1_WSGRA1_WSGRB0,NO_CHECK,247.363,2170.38,,0.03125,0.5,32,0.5,1,0.5,0.125,8421376,32768,,,,,,,,,,2026-04-19 00:04:29.
0,20/44,30/47,Contraction_l_Alik_Bjlk_Cijk_Dijk,"(32,1024,1,8192)",Cijk_Alik_Bjlk_B8B8S_BH_GB_MT64x64x16_MI16x16x16x1_SN_GLVWA4_GLVWB4_GRVW4_K1_SS1_SVW1_WSGRA0_WSGRB1,NO_CHECK,251.723,2132.78,,0.03125,0.5,32,0.5,1,0.5,0.125,8421376,32768,,,,,,,,,,2026-04-19 00:04:29.
0,20/44,31/47,Contraction_l_Alik_Bjlk_Cijk_Dijk,"(32,1024,1,8192)",Cijk_Alik_Bjlk_B8B8S_BH_GB_MT64x64x16_MI16x16x16x1_SN_GLVWA8_GLVWB8_GRVW8_K1_SS1_SVW1_WSGRA0_WSGRB1,NO_CHECK,250.843,2140.27,,0.03125,0.5,32,0.5,1,0.5,0.125,8421376,32768,,,,,,,,,,2026-04-19 00:04:29.
0,20/44,32/47,Contraction_l_Alik_Bjlk_Cijk_Dijk,"(32,1024,1,8192)",Cijk_Alik_Bjlk_B8B8S_BH_GB_MT64x64x16_MI16x16x16x1_SN_GLVWA16_GLVWB16_GRVW16_K1_SS1_SVW1_WSGRA0_WSGRB1,NO_CHECK,252.402,2127.05,,0.03125,0.5,32,0.5,1,0.5,0.125,8421376,32768,,,,,,,,,,2026-04-19 00:04:29.
0,20/44,33/47,Contraction_l_Alik_Bjlk_Cijk_Dijk,"(32,1024,1,8192)",Cijk_Alik_Bjlk_B8B8S_BH_GB_MT64x64x16_MI16x16x16x1_SN_GLVWA4_GLVWB4_GRVW4_K1_SS1_SVW1_WSGRA1_WSGRB1,NO_CHECK,247.163,2172.13,,0.03125,0.5,32,0.5,1,0.5,0.125,8421376,32768,,,,,,,,,,2026-04-19 00:04:29.
0,20/44,34/47,Contraction_l_Alik_Bjlk_Cijk_Dijk,"(32,1024,1,8192)",Cijk_Alik_Bjlk_B8B8S_BH_GB_MT64x64x16_MI16x16x16x1_SN_GLVWA8_GLVWB8_GRVW8_K1_SS1_SVW1_WSGRA1_WSGRB1,NO_CHECK,248.563,2159.9,,0.03125,0.5,32,0.5,1,0.5,0.125,8421376,32768,,,,,,,,,,2026-04-19 00:04:29.
0,20/44,35/47,Contraction_l_Alik_Bjlk_Cijk_Dijk,"(32,1024,1,8192)",Cijk_Alik_Bjlk_B8B8S_BH_GB_MT64x64x16_MI16x16x16x1_SN_GLVWA16_GLVWB16_GRVW16_K1_SS1_SVW1_WSGRA1_WSGRB1,NO_CHECK,248.803,2157.82,,0.03125,0.5,32,0.5,1,0.5,0.125,8421376,32768,,,,,,,,,,2026-04-19 00:04:29.
0,20/44,36/47,Contraction_l_Alik_Bjlk_Cijk_Dijk,"(32,1024,1,8192)",Cijk_Alik_Bjlk_B8B8S_BH_GB_MT64x64x32_MI16x16x16x1_SN_GLVWA4_GLVWB4_GRVW4_K1_SS1_SVW1_WSGRA0_WSGRB0,NO_CHECK,197.802,2714.18,,0.03125,0.5,32,0.5,1,0.5,0.125,8421376,32768,,,,,,,,,,2026-04-19 00:04:29.
0,20/44,37/47,Contraction_l_Alik_Bjlk_Cijk_Dijk,"(32,1024,1,8192)",Cijk_Alik_Bjlk_B8B8S_BH_GB_MT64x64x32_MI16x16x16x1_SN_GLVWA8_GLVWB8_GRVW8_K1_SS1_SVW1_WSGRA0_WSGRB0,NO_CHECK,195.402,2747.52,,0.03125,0.5,32,0.5,1,0.5,0.125,8421376,32768,,,,,,,,,,2026-04-19 00:04:29.
0,20/44,38/47,Contraction_l_Alik_Bjlk_Cijk_Dijk,"(32,1024,1,8192)",Cijk_Alik_Bjlk_B8B8S_BH_GB_MT64x64x32_MI16x16x16x1_SN_GLVWA16_GLVWB16_GRVW16_K1_SS1_SVW1_WSGRA0_WSGRB0,NO_CHECK,196.242,2735.76,,0.03125,0.5,32,0.5,1,0.5,0.125,8421376,32768,,,,,,,,,,2026-04-19 00:04:29.
0,20/44,39/47,Contraction_l_Alik_Bjlk_Cijk_Dijk,"(32,1024,1,8192)",Cijk_Alik_Bjlk_B8B8S_BH_GB_MT64x64x32_MI16x16x16x1_SN_GLVWA4_GLVWB4_GRVW4_K1_SS1_SVW1_WSGRA1_WSGRB0,NO_CHECK,197.962,2711.99,,0.03125,0.5,32,0.5,1,0.5,0.125,8421376,32768,,,,,,,,,,2026-04-19 00:04:29.
0,20/44,40/47,Contraction_l_Alik_Bjlk_Cijk_Dijk,"(32,1024,1,8192)",Cijk_Alik_Bjlk_B8B8S_BH_GB_MT64x64x32_MI16x16x16x1_SN_GLVWA8_GLVWB8_GRVW8_K1_SS1_SVW1_WSGRA1_WSGRB0,NO_CHECK,196.763,2728.52,,0.03125,0.5,32,0.5,1,0.5,0.125,8421376,32768,,,,,,,,,,2026-04-19 00:04:29.
0,20/44,41/47,Contraction_l_Alik_Bjlk_Cijk_Dijk,"(32,1024,1,8192)",Cijk_Alik_Bjlk_B8B8S_BH_GB_MT64x64x32_MI16x16x16x1_SN_GLVWA16_GLVWB16_GRVW16_K1_SS1_SVW1_WSGRA1_WSGRB0,NO_CHECK,202.643,2649.34,,0.03125,0.5,32,0.5,1,0.5,0.125,8421376,32768,,,,,,,,,,2026-04-19 00:04:29.
0,20/44,42/47,Contraction_l_Alik_Bjlk_Cijk_Dijk,"(32,1024,1,8192)",Cijk_Alik_Bjlk_B8B8S_BH_GB_MT64x64x32_MI16x16x16x1_SN_GLVWA4_GLVWB4_GRVW4_K1_SS1_SVW1_WSGRA0_WSGRB1,NO_CHECK,197.202,2722.44,,0.03125,0.5,32,0.5,1,0.5,0.125,8421376,32768,,,,,,,,,,2026-04-19 00:04:29.
0,20/44,43/47,Contraction_l_Alik_Bjlk_Cijk_Dijk,"(32,1024,1,8192)",Cijk_Alik_Bjlk_B8B8S_BH_GB_MT64x64x32_MI16x16x16x1_SN_GLVWA8_GLVWB8_GRVW8_K1_SS1_SVW1_WSGRA0_WSGRB1,NO_CHECK,196.803,2727.96,,0.03125,0.5,32,0.5,1,0.5,0.125,8421376,32768,,,,,,,,,,2026-04-19 00:04:29.
0,20/44,44/47,Contraction_l_Alik_Bjlk_Cijk_Dijk,"(32,1024,1,8192)",Cijk_Alik_Bjlk_B8B8S_BH_GB_MT64x64x32_MI16x16x16x1_SN_GLVWA16_GLVWB16_GRVW16_K1_SS1_SVW1_WSGRA0_WSGRB1,NO_CHECK,195.203,2750.32,,0.03125,0.5,32,0.5,1,0.5,0.125,8421376,32768,,,,,,,,,,2026-04-19 00:04:29.
0,20/44,45/47,Contraction_l_Alik_Bjlk_Cijk_Dijk,"(32,1024,1,8192)",Cijk_Alik_Bjlk_B8B8S_BH_GB_MT64x64x32_MI16x16x16x1_SN_GLVWA4_GLVWB4_GRVW4_K1_SS1_SVW1_WSGRA1_WSGRB1,NO_CHECK,196.203,2736.3,,0.03125,0.5,32,0.5,1,0.5,0.125,8421376,32768,,,,,,,,,,2026-04-19 00:04:29.
0,20/44,46/47,Contraction_l_Alik_Bjlk_Cijk_Dijk,"(32,1024,1,8192)",Cijk_Alik_Bjlk_B8B8S_BH_GB_MT64x64x32_MI16x16x16x1_SN_GLVWA8_GLVWB8_GRVW8_K1_SS1_SVW1_WSGRA1_WSGRB1,NO_CHECK,195.163,2750.88,,0.03125,0.5,32,0.5,1,0.5,0.125,8421376,32768,,,,,,,,,,2026-04-19 00:04:29.
0,20/44,47/47,Contraction_l_Alik_Bjlk_Cijk_Dijk,"(32,1024,1,8192)",Cijk_Alik_Bjlk_B8B8S_BH_GB_MT64x64x32_MI16x16x16x1_SN_GLVWA16_GLVWB16_GRVW16_K1_SS1_SVW1_WSGRA1_WSGRB1,NO_CHECK,195.803,2741.89,,0.03125,0.5,32,0.5,1,0.5,0.125,8421376,32768,,,,,,,,,,2026-04-19 00:04:29.
0,21/44,0/47,Contraction_l_Alik_Bjlk_Cijk_Dijk,"(32,4096,1,1024)",Cijk_Alik_Bjlk_B8B8S_BH_GB_MT64x64x16_MI16x16x16x1_SN_GLVWA4_GLVWB4_GRVW4_K1_SS0_SVW4_WSGRA0_WSGRB0,NO_CHECK,52.6,5103.34,,0.1875,2,32,0.5,1,1,0.375,4325376,131072,,,,,,,,,,2026-04-19 00:04:29.
0,21/44,1/47,Contraction_l_Alik_Bjlk_Cijk_Dijk,"(32,4096,1,1024)",Cijk_Alik_Bjlk_B8B8S_BH_GB_MT64x64x16_MI16x16x16x1_SN_GLVWA8_GLVWB8_GRVW8_K1_SS0_SVW4_WSGRA0_WSGRB0,NO_CHECK,52.721,5091.62,,0.1875,2,32,0.5,1,1,0.375,4325376,131072,,,,,,,,,,2026-04-19 00:04:29.
0,21/44,2/47,Contraction_l_Alik_Bjlk_Cijk_Dijk,"(32,4096,1,1024)",Cijk_Alik_Bjlk_B8B8S_BH_GB_MT64x64x16_MI16x16x16x1_SN_GLVWA16_GLVWB16_GRVW16_K1_SS0_SVW4_WSGRA0_WSGRB0,NO_CHECK,52.361,5126.63,,0.1875,2,32,0.5,1,1,0.375,4325376,131072,,,,,,,,,,2026-04-19 00:04:29.
0,21/44,3/47,Contraction_l_Alik_Bjlk_Cijk_Dijk,"(32,4096,1,1024)",Cijk_Alik_Bjlk_B8B8S_BH_GB_MT64x64x16_MI16x16x16x1_SN_GLVWA4_GLVWB4_GRVW4_K1_SS0_SVW4_WSGRA1_WSGRB0,NO_CHECK,53.56,5011.86,,0.1875,2,32,0.5,1,1,0.375,4325376,131072,,,,,,,,,,2026-04-19 00:04:29.
0,21/44,4/47,Contraction_l_Alik_Bjlk_Cijk_Dijk,"(32,4096,1,1024)",Cijk_Alik_Bjlk_B8B8S_BH_GB_MT64x64x16_MI16x16x16x1_SN_GLVWA8_GLVWB8_GRVW8_K1_SS0_SVW4_WSGRA1_WSGRB0,NO_CHECK,51.961,5166.09,,0.1875,2,32,0.5,1,1,0.375,4325376,131072,,,,,,,,,,2026-04-19 00:04:29.
0,21/44,5/47,Contraction_l_Alik_Bjlk_Cijk_Dijk,"(32,4096,1,1024)",Cijk_Alik_Bjlk_B8B8S_BH_GB_MT64x64x16_MI16x16x16x1_SN_GLVWA16_GLVWB16_GRVW16_K1_SS0_SVW4_WSGRA1_WSGRB0,NO_CHECK,52.72,5091.72,,0.1875,2,32,0.5,1,1,0.375,4325376,131072,,,,,,,,,,2026-04-19 00:04:29.
0,21/44,6/47,Contraction_l_Alik_Bjlk_Cijk_Dijk,"(32,4096,1,1024)",Cijk_Alik_Bjlk_B8B8S_BH_GB_MT64x64x16_MI16x16x16x1_SN_GLVWA4_GLVWB4_GRVW4_K1_SS0_SVW4_WSGRA0_WSGRB1,NO_CHECK,52.76,5087.86,,0.1875,2,32,0.5,1,1,0.375,4325376,131072,,,,,,,,,,2026-04-19 00:04:29.
0,21/44,7/47,Contraction_l_Alik_Bjlk_Cijk_Dijk,"(32,4096,1,1024)",Cijk_Alik_Bjlk_B8B8S_BH_GB_MT64x64x16_MI16x16x16x1_SN_GLVWA8_GLVWB8_GRVW8_K1_SS0_SVW4_WSGRA0_WSGRB1,NO_CHECK,53.361,5030.56,,0.1875,2,32,0.5,1,1,0.375,4325376,131072,,,,,,,,,,2026-04-19 00:04:29.
0,21/44,8/47,Contraction_l_Alik_Bjlk_Cijk_Dijk,"(32,4096,1,1024)",Cijk_Alik_Bjlk_B8B8S_BH_GB_MT64x64x16_MI16x16x16x1_SN_GLVWA16_GLVWB16_GRVW16_K1_SS0_SVW4_WSGRA0_WSGRB1,NO_CHECK,52.16,5146.39,,0.1875,2,32,0.5,1,1,0.375,4325376,131072,,,,,,,,,,2026-04-19 00:04:29.
0,21/44,9/47,Contraction_l_Alik_Bjlk_Cijk_Dijk,"(32,4096,1,1024)",Cijk_Alik_Bjlk_B8B8S_BH_GB_MT64x64x16_MI16x16x16x1_SN_GLVWA4_GLVWB4_GRVW4_K1_SS0_SVW4_WSGRA1_WSGRB1,NO_CHECK,53.64,5004.39,,0.1875,2,32,0.5,1,1,0.375,4325376,131072,,,,,,,,,,2026-04-19 00:04:29.
0,21/44,10/47,Contraction_l_Alik_Bjlk_Cijk_Dijk,"(32,4096,1,1024)",Cijk_Alik_Bjlk_B8B8S_BH_GB_MT64x64x16_MI16x16x16x1_SN_GLVWA8_GLVWB8_GRVW8_K1_SS0_SVW4_WSGRA1_WSGRB1,NO_CHECK,52.361,5126.63,,0.1875,2,32,0.5,1,1,0.375,4325376,131072,,,,,,,,,,2026-04-19 00:04:29.
0,21/44,11/47,Contraction_l_Alik_Bjlk_Cijk_Dijk,"(32,4096,1,1024)",Cijk_Alik_Bjlk_B8B8S_BH_GB_MT64x64x16_MI16x16x16x1_SN_GLVWA16_GLVWB16_GRVW16_K1_SS0_SVW4_WSGRA1_WSGRB1,NO_CHECK,53.001,5064.72,,0.1875,2,32,0.5,1,1,0.375,4325376,131072,,,,,,,,,,2026-04-19 00:04:29.
0,21/44,12/47,Contraction_l_Alik_Bjlk_Cijk_Dijk,"(32,4096,1,1024)",Cijk_Alik_Bjlk_B8B8S_BH_GB_MT64x64x32_MI16x16x16x1_SN_GLVWA4_GLVWB4_GRVW4_K1_SS0_SVW4_WSGRA0_WSGRB0,NO_CHECK,46.88,5726.01,,0.1875,2,32,0.5,1,1,0.375,4325376,131072,,,,,,,,,,2026-04-19 00:04:29.
0,21/44,13/47,Contraction_l_Alik_Bjlk_Cijk_Dijk,"(32,4096,1,1024)",Cijk_Alik_Bjlk_B8B8S_BH_GB_MT64x64x32_MI16x16x16x1_SN_GLVWA8_GLVWB8_GRVW8_K1_SS0_SVW4_WSGRA0_WSGRB0,NO_CHECK,47.761,5620.39,,0.1875,2,32,0.5,1,1,0.375,4325376,131072,,,,,,,,,,2026-04-19 00:04:29.
0,21/44,14/47,Contraction_l_Alik_Bjlk_Cijk_Dijk,"(32,4096,1,1024)",Cijk_Alik_Bjlk_B8B8S_BH_GB_MT64x64x32_MI16x16x16x1_SN_GLVWA16_GLVWB16_GRVW16_K1_SS0_SVW4_WSGRA0_WSGRB0,NO_CHECK,45.681,5876.3,,0.1875,2,32,0.5,1,1,0.375,4325376,131072,,,,,,,,,,2026-04-19 00:04:29.
0,21/44,15/47,Contraction_l_Alik_Bjlk_Cijk_Dijk,"(32,4096,1,1024)",Cijk_Alik_Bjlk_B8B8S_BH_GB_MT64x64x32_MI16x16x16x1_SN_GLVWA4_GLVWB4_GRVW4_K1_SS0_SVW4_WSGRA1_WSGRB0,NO_CHECK,46.52,5770.32,,0.1875,2,32,0.5,1,1,0.375,4325376,131072,,,,,,,,,,2026-04-19 00:04:29.
0,21/44,16/47,Contraction_l_Alik_Bjlk_Cijk_Dijk,"(32,4096,1,1024)",Cijk_Alik_Bjlk_B8B8S_BH_GB_MT64x64x32_MI16x16x16x1_SN_GLVWA8_GLVWB8_GRVW8_K1_SS0_SVW4_WSGRA1_WSGRB0,NO_CHECK,59.761,4491.82,,0.1875,2,32,0.5,1,1,0.375,4325376,131072,,,,,,,,,,2026-04-19 00:04:29.
0,21/44,17/47,Contraction_l_Alik_Bjlk_Cijk_Dijk,"(32,4096,1,1024)",Cijk_Alik_Bjlk_B8B8S_BH_GB_MT64x64x32_MI16x16x16x1_SN_GLVWA16_GLVWB16_GRVW16_K1_SS0_SVW4_WSGRA1_WSGRB0,NO_CHECK,45.481,5902.14,,0.1875,2,32,0.5,1,1,0.375,4325376,131072,,,,,,,,,,2026-04-19 00:04:29.
0,21/44,18/47,Contraction_l_Alik_Bjlk_Cijk_Dijk,"(32,4096,1,1024)",Cijk_Alik_Bjlk_B8B8S_BH_GB_MT64x64x32_MI16x16x16x1_SN_GLVWA4_GLVWB4_GRVW4_K1_SS0_SVW4_WSGRA0_WSGRB1,NO_CHECK,46.84,5730.9,,0.1875,2,32,0.5,1,1,0.375,4325376,131072,,,,,,,,,,2026-04-19 00:04:29.
0,21/44,19/47,Contraction_l_Alik_Bjlk_Cijk_Dijk,"(32,4096,1,1024)",Cijk_Alik_Bjlk_B8B8S_BH_GB_MT64x64x32_MI16x16x16x1_SN_GLVWA8_GLVWB8_GRVW8_K1_SS0_SVW4_WSGRA0_WSGRB1,NO_CHECK,46.241,5805.14,,0.1875,2,32,0.5,1,1,0.375,4325376,131072,,,,,,,,,,2026-04-19 00:04:29.
0,21/44,20/47,Contraction_l_Alik_Bjlk_Cijk_Dijk,"(32,4096,1,1024)",Cijk_Alik_Bjlk_B8B8S_BH_GB_MT64x64x32_MI16x16x16x1_SN_GLVWA16_GLVWB16_GRVW16_K1_SS0_SVW4_WSGRA0_WSGRB1,NO_CHECK,47.081,5701.57,,0.1875,2,32,0.5,1,1,0.375,4325376,131072,,,,,,,,,,2026-04-19 00:04:29.
0,21/44,21/47,Contraction_l_Alik_Bjlk_Cijk_Dijk,"(32,4096,1,1024)",Cijk_Alik_Bjlk_B8B8S_BH_GB_MT64x64x32_MI16x16x16x1_SN_GLVWA4_GLVWB4_GRVW4_K1_SS0_SVW4_WSGRA1_WSGRB1,NO_CHECK,47.401,5663.08,,0.1875,2,32,0.5,1,1,0.375,4325376,131072,,,,,,,,,,2026-04-19 00:04:29.
0,21/44,22/47,Contraction_l_Alik_Bjlk_Cijk_Dijk,"(32,4096,1,1024)",Cijk_Alik_Bjlk_B8B8S_BH_GB_MT64x64x32_MI16x16x16x1_SN_GLVWA8_GLVWB8_GRVW8_K1_SS0_SVW4_WSGRA1_WSGRB1,NO_CHECK,46.88,5726.01,,0.1875,2,32,0.5,1,1,0.375,4325376,131072,,,,,,,,,,2026-04-19 00:04:29.
0,21/44,23/47,Contraction_l_Alik_Bjlk_Cijk_Dijk,"(32,4096,1,1024)",Cijk_Alik_Bjlk_B8B8S_BH_GB_MT64x64x32_MI16x16x16x1_SN_GLVWA16_GLVWB16_GRVW16_K1_SS0_SVW4_WSGRA1_WSGRB1,NO_CHECK,45.96,5840.63,,0.1875,2,32,0.5,1,1,0.375,4325376,131072,,,,,,,,,,2026-04-19 00:04:29.
0,21/44,24/47,Contraction_l_Alik_Bjlk_Cijk_Dijk,"(32,4096,1,1024)",Cijk_Alik_Bjlk_B8B8S_BH_GB_MT64x64x16_MI16x16x16x1_SN_GLVWA4_GLVWB4_GRVW4_K1_SS1_SVW1_WSGRA0_WSGRB0,NO_CHECK,54.361,4938.02,,0.1875,2,32,0.5,1,1,0.375,4325376,131072,,,,,,,,,,2026-04-19 00:04:29.
0,21/44,25/47,Contraction_l_Alik_Bjlk_Cijk_Dijk,"(32,4096,1,1024)",Cijk_Alik_Bjlk_B8B8S_BH_GB_MT64x64x16_MI16x16x16x1_SN_GLVWA8_GLVWB8_GRVW8_K1_SS1_SVW1_WSGRA0_WSGRB0,NO_CHECK,53.761,4993.13,,0.1875,2,32,0.5,1,1,0.375,4325376,131072,,,,,,,,,,2026-04-19 00:04:29.
0,21/44,26/47,Contraction_l_Alik_Bjlk_Cijk_Dijk,"(32,4096,1,1024)",Cijk_Alik_Bjlk_B8B8S_BH_GB_MT64x64x16_MI16x16x16x1_SN_GLVWA16_GLVWB16_GRVW16_K1_SS1_SVW1_WSGRA0_WSGRB0,NO_CHECK,52.681,5095.49,,0.1875,2,32,0.5,1,1,0.375,4325376,131072,,,,,,,,,,2026-04-19 00:04:29.
0,21/44,27/47,Contraction_l_Alik_Bjlk_Cijk_Dijk,"(32,4096,1,1024)",Cijk_Alik_Bjlk_B8B8S_BH_GB_MT64x64x16_MI16x16x16x1_SN_GLVWA4_GLVWB4_GRVW4_K1_SS1_SVW1_WSGRA1_WSGRB0,NO_CHECK,53.001,5064.72,,0.1875,2,32,0.5,1,1,0.375,4325376,131072,,,,,,,,,,2026-04-19 00:04:29.
0,21/44,28/47,Contraction_l_Alik_Bjlk_Cijk_Dijk,"(32,4096,1,1024)",Cijk_Alik_Bjlk_B8B8S_BH_GB_MT64x64x16_MI16x16x16x1_SN_GLVWA8_GLVWB8_GRVW8_K1_SS1_SVW1_WSGRA1_WSGRB0,NO_CHECK,52.68,5095.59,,0.1875,2,32,0.5,1,1,0.375,4325376,131072,,,,,,,,,,2026-04-19 00:04:29.
0,21/44,29/47,Contraction_l_Alik_Bjlk_Cijk_Dijk,"(32,4096,1,1024)",Cijk_Alik_Bjlk_B8B8S_BH_GB_MT64x64x16_MI16x16x16x1_SN_GLVWA16_GLVWB16_GRVW16_K1_SS1_SVW1_WSGRA1_WSGRB0,NO_CHECK,53.321,5034.33,,0.1875,2,32,0.5,1,1,0.375,4325376,131072,,,,,,,,,,2026-04-19 00:04:29.
0,21/44,30/47,Contraction_l_Alik_Bjlk_Cijk_Dijk,"(32,4096,1,1024)",Cijk_Alik_Bjlk_B8B8S_BH_GB_MT64x64x16_MI16x16x16x1_SN_GLVWA4_GLVWB4_GRVW4_K1_SS1_SVW1_WSGRA0_WSGRB1,NO_CHECK,53.481,5019.27,,0.1875,2,32,0.5,1,1,0.375,4325376,131072,,,,,,,,,,2026-04-19 00:04:29.
0,21/44,31/47,Contraction_l_Alik_Bjlk_Cijk_Dijk,"(32,4096,1,1024)",Cijk_Alik_Bjlk_B8B8S_BH_GB_MT64x64x16_MI16x16x16x1_SN_GLVWA8_GLVWB8_GRVW8_K1_SS1_SVW1_WSGRA0_WSGRB1,NO_CHECK,52.88,5076.31,,0.1875,2,32,0.5,1,1,0.375,4325376,131072,,,,,,,,,,2026-04-19 00:04:29.
0,21/44,32/47,Contraction_l_Alik_Bjlk_Cijk_Dijk,"(32,4096,1,1024)",Cijk_Alik_Bjlk_B8B8S_BH_GB_MT64x64x16_MI16x16x16x1_SN_GLVWA16_GLVWB16_GRVW16_K1_SS1_SVW1_WSGRA0_WSGRB1,NO_CHECK,62.201,4315.61,,0.1875,2,32,0.5,1,1,0.375,4325376,131072,,,,,,,,,,2026-04-19 00:04:29.
0,21/44,33/47,Contraction_l_Alik_Bjlk_Cijk_Dijk,"(32,4096,1,1024)",Cijk_Alik_Bjlk_B8B8S_BH_GB_MT64x64x16_MI16x16x16x1_SN_GLVWA4_GLVWB4_GRVW4_K1_SS1_SVW1_WSGRA1_WSGRB1,NO_CHECK,53.92,4978.4,,0.1875,2,32,0.5,1,1,0.375,4325376,131072,,,,,,,,,,2026-04-19 00:04:29.
0,21/44,34/47,Contraction_l_Alik_Bjlk_Cijk_Dijk,"(32,4096,1,1024)",Cijk_Alik_Bjlk_B8B8S_BH_GB_MT64x64x16_MI16x16x16x1_SN_GLVWA8_GLVWB8_GRVW8_K1_SS1_SVW1_WSGRA1_WSGRB1,NO_CHECK,52.44,5118.91,,0.1875,2,32,0.5,1,1,0.375,4325376,131072,,,,,,,,,,2026-04-19 00:04:29.
0,21/44,35/47,Contraction_l_Alik_Bjlk_Cijk_Dijk,"(32,4096,1,1024)",Cijk_Alik_Bjlk_B8B8S_BH_GB_MT64x64x16_MI16x16x16x1_SN_GLVWA16_GLVWB16_GRVW16_K1_SS1_SVW1_WSGRA1_WSGRB1,NO_CHECK,53.801,4989.41,,0.1875,2,32,0.5,1,1,0.375,4325376,131072,,,,,,,,,,2026-04-19 00:04:29.
0,21/44,36/47,Contraction_l_Alik_Bjlk_Cijk_Dijk,"(32,4096,1,1024)",Cijk_Alik_Bjlk_B8B8S_BH_GB_MT64x64x32_MI16x16x16x1_SN_GLVWA4_GLVWB4_GRVW4_K1_SS1_SVW1_WSGRA0_WSGRB0,NO_CHECK,47.12,5696.85,,0.1875,2,32,0.5,1,1,0.375,4325376,131072,,,,,,,,,,2026-04-19 00:04:29.
0,21/44,37/47,Contraction_l_Alik_Bjlk_Cijk_Dijk,"(32,4096,1,1024)",Cijk_Alik_Bjlk_B8B8S_BH_GB_MT64x64x32_MI16x16x16x1_SN_GLVWA8_GLVWB8_GRVW8_K1_SS1_SVW1_WSGRA0_WSGRB0,NO_CHECK,46.48,5775.29,,0.1875,2,32,0.5,1,1,0.375,4325376,131072,,,,,,,,,,2026-04-19 00:04:29.
0,21/44,38/47,Contraction_l_Alik_Bjlk_Cijk_Dijk,"(32,4096,1,1024)",Cijk_Alik_Bjlk_B8B8S_BH_GB_MT64x64x32_MI16x16x16x1_SN_GLVWA16_GLVWB16_GRVW16_K1_SS1_SVW1_WSGRA0_WSGRB0,NO_CHECK,47.241,5682.26,,0.1875,2,32,0.5,1,1,0.375,4325376,131072,,,,,,,,,,2026-04-19 00:04:29.
0,21/44,39/47,Contraction_l_Alik_Bjlk_Cijk_Dijk,"(32,4096,1,1024)",Cijk_Alik_Bjlk_B8B8S_BH_GB_MT64x64x32_MI16x16x16x1_SN_GLVWA4_GLVWB4_GRVW4_K1_SS1_SVW1_WSGRA1_WSGRB0,NO_CHECK,47.481,5653.53,,0.1875,2,32,0.5,1,1,0.375,4325376,131072,,,,,,,,,,2026-04-19 00:04:29.
0,21/44,40/47,Contraction_l_Alik_Bjlk_Cijk_Dijk,"(32,4096,1,1024)",Cijk_Alik_Bjlk_B8B8S_BH_GB_MT64x64x32_MI16x16x16x1_SN_GLVWA8_GLVWB8_GRVW8_K1_SS1_SVW1_WSGRA1_WSGRB0,NO_CHECK,47.8,5615.8,,0.1875,2,32,0.5,1,1,0.375,4325376,131072,,,,,,,,,,2026-04-19 00:04:29.
0,21/44,41/47,Contraction_l_Alik_Bjlk_Cijk_Dijk,"(32,4096,1,1024)",Cijk_Alik_Bjlk_B8B8S_BH_GB_MT64x64x32_MI16x16x16x1_SN_GLVWA16_GLVWB16_GRVW16_K1_SS1_SVW1_WSGRA1_WSGRB0,NO_CHECK,46.12,5820.37,,0.1875,2,32,0.5,1,1,0.375,4325376,131072,,,,,,,,,,2026-04-19 00:04:29.
0,21/44,42/47,Contraction_l_Alik_Bjlk_Cijk_Dijk,"(32,4096,1,1024)",Cijk_Alik_Bjlk_B8B8S_BH_GB_MT64x64x32_MI16x16x16x1_SN_GLVWA4_GLVWB4_GRVW4_K1_SS1_SVW1_WSGRA0_WSGRB1,NO_CHECK,48.361,5550.66,,0.1875,2,32,0.5,1,1,0.375,4325376,131072,,,,,,,,,,2026-04-19 00:04:29.
0,21/44,43/47,Contraction_l_Alik_Bjlk_Cijk_Dijk,"(32,4096,1,1024)",Cijk_Alik_Bjlk_B8B8S_BH_GB_MT64x64x32_MI16x16x16x1_SN_GLVWA8_GLVWB8_GRVW8_K1_SS1_SVW1_WSGRA0_WSGRB1,NO_CHECK,47.801,5615.69,,0.1875,2,32,0.5,1,1,0.375,4325376,131072,,,,,,,,,,2026-04-19 00:04:29.
0,21/44,44/47,Contraction_l_Alik_Bjlk_Cijk_Dijk,"(32,4096,1,1024)",Cijk_Alik_Bjlk_B8B8S_BH_GB_MT64x64x32_MI16x16x16x1_SN_GLVWA16_GLVWB16_GRVW16_K1_SS1_SVW1_WSGRA0_WSGRB1,NO_CHECK,45.88,5850.82,,0.1875,2,32,0.5,1,1,0.375,4325376,131072,,,,,,,,,,2026-04-19 00:04:29.
0,21/44,45/47,Contraction_l_Alik_Bjlk_Cijk_Dijk,"(32,4096,1,1024)",Cijk_Alik_Bjlk_B8B8S_BH_GB_MT64x64x32_MI16x16x16x1_SN_GLVWA4_GLVWB4_GRVW4_K1_SS1_SVW1_WSGRA1_WSGRB1,NO_CHECK,48.08,5583.1,,0.1875,2,32,0.5,1,1,0.375,4325376,131072,,,,,,,,,,2026-04-19 00:04:29.
0,21/44,46/47,Contraction_l_Alik_Bjlk_Cijk_Dijk,"(32,4096,1,1024)",Cijk_Alik_Bjlk_B8B8S_BH_GB_MT64x64x32_MI16x16x16x1_SN_GLVWA8_GLVWB8_GRVW8_K1_SS1_SVW1_WSGRA1_WSGRB1,NO_CHECK,46.881,5725.89,,0.1875,2,32,0.5,1,1,0.375,4325376,131072,,,,,,,,,,2026-04-19 00:04:29.
0,21/44,47/47,Contraction_l_Alik_Bjlk_Cijk_Dijk,"(32,4096,1,1024)",Cijk_Alik_Bjlk_B8B8S_BH_GB_MT64x64x32_MI16x16x16x1_SN_GLVWA16_GLVWB16_GRVW16_K1_SS1_SVW1_WSGRA1_WSGRB1,NO_CHECK,45.721,5871.16,,0.1875,2,32,0.5,1,1,0.375,4325376,131072,,,,,,,,,,2026-04-19 00:04:29.
0,22/44,0/47,Contraction_l_Alik_Bjlk_Cijk_Dijk,"(32,4096,1,4096)",Cijk_Alik_Bjlk_B8B8S_BH_GB_MT64x64x16_MI16x16x16x1_SN_GLVWA4_GLVWB4_GRVW4_K1_SS0_SVW4_WSGRA0_WSGRB0,NO_CHECK,149.801,7167.79,,0.1875,2,32,0.5,1,1,0.375,16908288,131072,,,,,,,,,,2026-04-19 00:04:29.
0,22/44,1/47,Contraction_l_Alik_Bjlk_Cijk_Dijk,"(32,4096,1,4096)",Cijk_Alik_Bjlk_B8B8S_BH_GB_MT64x64x16_MI16x16x16x1_SN_GLVWA8_GLVWB8_GRVW8_K1_SS0_SVW4_WSGRA0_WSGRB0,NO_CHECK,138.802,7735.78,,0.1875,2,32,0.5,1,1,0.375,16908288,131072,,,,,,,,,,2026-04-19 00:04:29.
0,22/44,2/47,Contraction_l_Alik_Bjlk_Cijk_Dijk,"(32,4096,1,4096)",Cijk_Alik_Bjlk_B8B8S_BH_GB_MT64x64x16_MI16x16x16x1_SN_GLVWA16_GLVWB16_GRVW16_K1_SS0_SVW4_WSGRA0_WSGRB0,NO_CHECK,138.722,7740.24,,0.1875,2,32,0.5,1,1,0.375,16908288,131072,,,,,,,,,,2026-04-19 00:04:29.
0,22/44,3/47,Contraction_l_Alik_Bjlk_Cijk_Dijk,"(32,4096,1,4096)",Cijk_Alik_Bjlk_B8B8S_BH_GB_MT64x64x16_MI16x16x16x1_SN_GLVWA4_GLVWB4_GRVW4_K1_SS0_SVW4_WSGRA1_WSGRB0,NO_CHECK,138.921,7729.15,,0.1875,2,32,0.5,1,1,0.375,16908288,131072,,,,,,,,,,2026-04-19 00:04:29.
0,22/44,4/47,Contraction_l_Alik_Bjlk_Cijk_Dijk,"(32,4096,1,4096)",Cijk_Alik_Bjlk_B8B8S_BH_GB_MT64x64x16_MI16x16x16x1_SN_GLVWA8_GLVWB8_GRVW8_K1_SS0_SVW4_WSGRA1_WSGRB0,NO_CHECK,136.882,7844.29,,0.1875,2,32,0.5,1,1,0.375,16908288,131072,,,,,,,,,,2026-04-19 00:04:29.
0,22/44,5/47,Contraction_l_Alik_Bjlk_Cijk_Dijk,"(32,4096,1,4096)",Cijk_Alik_Bjlk_B8B8S_BH_GB_MT64x64x16_MI16x16x16x1_SN_GLVWA16_GLVWB16_GRVW16_K1_SS0_SVW4_WSGRA1_WSGRB0,NO_CHECK,136.082,7890.4,,0.1875,2,32,0.5,1,1,0.375,16908288,131072,,,,,,,,,,2026-04-19 00:04:29.
0,22/44,6/47,Contraction_l_Alik_Bjlk_Cijk_Dijk,"(32,4096,1,4096)",Cijk_Alik_Bjlk_B8B8S_BH_GB_MT64x64x16_MI16x16x16x1_SN_GLVWA4_GLVWB4_GRVW4_K1_SS0_SVW4_WSGRA0_WSGRB1,NO_CHECK,138.641,7744.76,,0.1875,2,32,0.5,1,1,0.375,16908288,131072,,,,,,,,,,2026-04-19 00:04:29.
0,22/44,7/47,Contraction_l_Alik_Bjlk_Cijk_Dijk,"(32,4096,1,4096)",Cijk_Alik_Bjlk_B8B8S_BH_GB_MT64x64x16_MI16x16x16x1_SN_GLVWA8_GLVWB8_GRVW8_K1_SS0_SVW4_WSGRA0_WSGRB1,NO_CHECK,136.122,7888.08,,0.1875,2,32,0.5,1,1,0.375,16908288,131072,,,,,,,,,,2026-04-19 00:04:29.
0,22/44,8/47,Contraction_l_Alik_Bjlk_Cijk_Dijk,"(32,4096,1,4096)",Cijk_Alik_Bjlk_B8B8S_BH_GB_MT64x64x16_MI16x16x16x1_SN_GLVWA16_GLVWB16_GRVW16_K1_SS0_SVW4_WSGRA0_WSGRB1,NO_CHECK,137.162,7828.27,,0.1875,2,32,0.5,1,1,0.375,16908288,131072,,,,,,,,,,2026-04-19 00:04:29.
0,22/44,9/47,Contraction_l_Alik_Bjlk_Cijk_Dijk,"(32,4096,1,4096)",Cijk_Alik_Bjlk_B8B8S_BH_GB_MT64x64x16_MI16x16x16x1_SN_GLVWA4_GLVWB4_GRVW4_K1_SS0_SVW4_WSGRA1_WSGRB1,NO_CHECK,138.681,7742.53,,0.1875,2,32,0.5,1,1,0.375,16908288,131072,,,,,,,,,,2026-04-19 00:04:29.
0,22/44,10/47,Contraction_l_Alik_Bjlk_Cijk_Dijk,"(32,4096,1,4096)",Cijk_Alik_Bjlk_B8B8S_BH_GB_MT64x64x16_MI16x16x16x1_SN_GLVWA8_GLVWB8_GRVW8_K1_SS0_SVW4_WSGRA1_WSGRB1,NO_CHECK,136.842,7846.58,,0.1875,2,32,0.5,1,1,0.375,16908288,131072,,,,,,,,,,2026-04-19 00:04:29.
0,22/44,11/47,Contraction_l_Alik_Bjlk_Cijk_Dijk,"(32,4096,1,4096)",Cijk_Alik_Bjlk_B8B8S_BH_GB_MT64x64x16_MI16x16x16x1_SN_GLVWA16_GLVWB16_GRVW16_K1_SS0_SVW4_WSGRA1_WSGRB1,NO_CHECK,136.522,7864.97,,0.1875,2,32,0.5,1,1,0.375,16908288,131072,,,,,,,,,,2026-04-19 00:04:29.
0,22/44,12/47,Contraction_l_Alik_Bjlk_Cijk_Dijk,"(32,4096,1,4096)",Cijk_Alik_Bjlk_B8B8S_BH_GB_MT64x64x32_MI16x16x16x1_SN_GLVWA4_GLVWB4_GRVW4_K1_SS0_SVW4_WSGRA0_WSGRB0,NO_CHECK,110.841,9687.23,,0.1875,2,32,0.5,1,1,0.375,16908288,131072,,,,,,,,,,2026-04-19 00:04:29.
0,22/44,13/47,Contraction_l_Alik_Bjlk_Cijk_Dijk,"(32,4096,1,4096)",Cijk_Alik_Bjlk_B8B8S_BH_GB_MT64x64x32_MI16x16x16x1_SN_GLVWA8_GLVWB8_GRVW8_K1_SS0_SVW4_WSGRA0_WSGRB0,NO_CHECK,110.242,9739.86,,0.1875,2,32,0.5,1,1,0.375,16908288,131072,,,,,,,,,,2026-04-19 00:04:29.
0,22/44,14/47,Contraction_l_Alik_Bjlk_Cijk_Dijk,"(32,4096,1,4096)",Cijk_Alik_Bjlk_B8B8S_BH_GB_MT64x64x32_MI16x16x16x1_SN_GLVWA16_GLVWB16_GRVW16_K1_SS0_SVW4_WSGRA0_WSGRB0,NO_CHECK,109.042,9847.05,,0.1875,2,32,0.5,1,1,0.375,16908288,131072,,,,,,,,,,2026-04-19 00:04:29.
0,22/44,15/47,Contraction_l_Alik_Bjlk_Cijk_Dijk,"(32,4096,1,4096)",Cijk_Alik_Bjlk_B8B8S_BH_GB_MT64x64x32_MI16x16x16x1_SN_GLVWA4_GLVWB4_GRVW4_K1_SS0_SVW4_WSGRA1_WSGRB0,NO_CHECK,109.921,9768.3,,0.1875,2,32,0.5,1,1,0.375,16908288,131072,,,,,,,,,,2026-04-19 00:04:29.
0,22/44,16/47,Contraction_l_Alik_Bjlk_Cijk_Dijk,"(32,4096,1,4096)",Cijk_Alik_Bjlk_B8B8S_BH_GB_MT64x64x32_MI16x16x16x1_SN_GLVWA8_GLVWB8_GRVW8_K1_SS0_SVW4_WSGRA1_WSGRB0,NO_CHECK,109.281,9825.51,,0.1875,2,32,0.5,1,1,0.375,16908288,131072,,,,,,,,,,2026-04-19 00:04:29.
0,22/44,17/47,Contraction_l_Alik_Bjlk_Cijk_Dijk,"(32,4096,1,4096)",Cijk_Alik_Bjlk_B8B8S_BH_GB_MT64x64x32_MI16x16x16x1_SN_GLVWA16_GLVWB16_GRVW16_K1_SS0_SVW4_WSGRA1_WSGRB0,NO_CHECK,108.801,9868.86,,0.1875,2,32,0.5,1,1,0.375,16908288,131072,,,,,,,,,,2026-04-19 00:04:29.
0,22/44,18/47,Contraction_l_Alik_Bjlk_Cijk_Dijk,"(32,4096,1,4096)",Cijk_Alik_Bjlk_B8B8S_BH_GB_MT64x64x32_MI16x16x16x1_SN_GLVWA4_GLVWB4_GRVW4_K1_SS0_SVW4_WSGRA0_WSGRB1,NO_CHECK,110.761,9694.22,,0.1875,2,32,0.5,1,1,0.375,16908288,131072,,,,,,,,,,2026-04-19 00:04:29.
0,22/44,19/47,Contraction_l_Alik_Bjlk_Cijk_Dijk,"(32,4096,1,4096)",Cijk_Alik_Bjlk_B8B8S_BH_GB_MT64x64x32_MI16x16x16x1_SN_GLVWA8_GLVWB8_GRVW8_K1_SS0_SVW4_WSGRA0_WSGRB1,NO_CHECK,110.001,9761.2,,0.1875,2,32,0.5,1,1,0.375,16908288,131072,,,,,,,,,,2026-04-19 00:04:29.
0,22/44,20/47,Contraction_l_Alik_Bjlk_Cijk_Dijk,"(32,4096,1,4096)",Cijk_Alik_Bjlk_B8B8S_BH_GB_MT64x64x32_MI16x16x16x1_SN_GLVWA16_GLVWB16_GRVW16_K1_SS0_SVW4_WSGRA0_WSGRB1,NO_CHECK,110.081,9754.11,,0.1875,2,32,0.5,1,1,0.375,16908288,131072,,,,,,,,,,2026-04-19 00:04:29.
0,22/44,21/47,Contraction_l_Alik_Bjlk_Cijk_Dijk,"(32,4096,1,4096)",Cijk_Alik_Bjlk_B8B8S_BH_GB_MT64x64x32_MI16x16x16x1_SN_GLVWA4_GLVWB4_GRVW4_K1_SS0_SVW4_WSGRA1_WSGRB1,NO_CHECK,110.601,9708.25,,0.1875,2,32,0.5,1,1,0.375,16908288,131072,,,,,,,,,,2026-04-19 00:04:29.
0,22/44,22/47,Contraction_l_Alik_Bjlk_Cijk_Dijk,"(32,4096,1,4096)",Cijk_Alik_Bjlk_B8B8S_BH_GB_MT64x64x32_MI16x16x16x1_SN_GLVWA8_GLVWB8_GRVW8_K1_SS0_SVW4_WSGRA1_WSGRB1,NO_CHECK,109.681,9789.68,,0.1875,2,32,0.5,1,1,0.375,16908288,131072,,,,,,,,,,2026-04-19 00:04:29.
0,22/44,23/47,Contraction_l_Alik_Bjlk_Cijk_Dijk,"(32,4096,1,4096)",Cijk_Alik_Bjlk_B8B8S_BH_GB_MT64x64x32_MI16x16x16x1_SN_GLVWA16_GLVWB16_GRVW16_K1_SS0_SVW4_WSGRA1_WSGRB1,NO_CHECK,107.601,9978.92,,0.1875,2,32,0.5,1,1,0.375,16908288,131072,,,,,,,,,,2026-04-19 00:04:29.
0,22/44,24/47,Contraction_l_Alik_Bjlk_Cijk_Dijk,"(32,4096,1,4096)",Cijk_Alik_Bjlk_B8B8S_BH_GB_MT64x64x16_MI16x16x16x1_SN_GLVWA4_GLVWB4_GRVW4_K1_SS1_SVW1_WSGRA0_WSGRB0,NO_CHECK,140.121,7662.96,,0.1875,2,32,0.5,1,1,0.375,16908288,131072,,,,,,,,,,2026-04-19 00:04:29.
0,22/44,25/47,Contraction_l_Alik_Bjlk_Cijk_Dijk,"(32,4096,1,4096)",Cijk_Alik_Bjlk_B8B8S_BH_GB_MT64x64x16_MI16x16x16x1_SN_GLVWA8_GLVWB8_GRVW8_K1_SS1_SVW1_WSGRA0_WSGRB0,NO_CHECK,136.362,7874.2,,0.1875,2,32,0.5,1,1,0.375,16908288,131072,,,,,,,,,,2026-04-19 00:04:29.
0,22/44,26/47,Contraction_l_Alik_Bjlk_Cijk_Dijk,"(32,4096,1,4096)",Cijk_Alik_Bjlk_B8B8S_BH_GB_MT64x64x16_MI16x16x16x1_SN_GLVWA16_GLVWB16_GRVW16_K1_SS1_SVW1_WSGRA0_WSGRB0,NO_CHECK,138.802,7735.78,,0.1875,2,32,0.5,1,1,0.375,16908288,131072,,,,,,,,,,2026-04-19 00:04:29.
0,22/44,27/47,Contraction_l_Alik_Bjlk_Cijk_Dijk,"(32,4096,1,4096)",Cijk_Alik_Bjlk_B8B8S_BH_GB_MT64x64x16_MI16x16x16x1_SN_GLVWA4_GLVWB4_GRVW4_K1_SS1_SVW1_WSGRA1_WSGRB0,NO_CHECK,138.401,7758.19,,0.1875,2,32,0.5,1,1,0.375,16908288,131072,,,,,,,,,,2026-04-19 00:04:29.
0,22/44,28/47,Contraction_l_Alik_Bjlk_Cijk_Dijk,"(32,4096,1,4096)",Cijk_Alik_Bjlk_B8B8S_BH_GB_MT64x64x16_MI16x16x16x1_SN_GLVWA8_GLVWB8_GRVW8_K1_SS1_SVW1_WSGRA1_WSGRB0,NO_CHECK,137.522,7807.78,,0.1875,2,32,0.5,1,1,0.375,16908288,131072,,,,,,,,,,2026-04-19 00:04:29.
0,22/44,29/47,Contraction_l_Alik_Bjlk_Cijk_Dijk,"(32,4096,1,4096)",Cijk_Alik_Bjlk_B8B8S_BH_GB_MT64x64x16_MI16x16x16x1_SN_GLVWA16_GLVWB16_GRVW16_K1_SS1_SVW1_WSGRA1_WSGRB0,NO_CHECK,137.402,7814.6,,0.1875,2,32,0.5,1,1,0.375,16908288,131072,,,,,,,,,,2026-04-19 00:04:29.
0,22/44,30/47,Contraction_l_Alik_Bjlk_Cijk_Dijk,"(32,4096,1,4096)",Cijk_Alik_Bjlk_B8B8S_BH_GB_MT64x64x16_MI16x16x16x1_SN_GLVWA4_GLVWB4_GRVW4_K1_SS1_SVW1_WSGRA0_WSGRB1,NO_CHECK,139.441,7700.33,,0.1875,2,32,0.5,1,1,0.375,16908288,131072,,,,,,,,,,2026-04-19 00:04:29.
0,22/44,31/47,Contraction_l_Alik_Bjlk_Cijk_Dijk,"(32,4096,1,4096)",Cijk_Alik_Bjlk_B8B8S_BH_GB_MT64x64x16_MI16x16x16x1_SN_GLVWA8_GLVWB8_GRVW8_K1_SS1_SVW1_WSGRA0_WSGRB1,NO_CHECK,136.882,7844.29,,0.1875,2,32,0.5,1,1,0.375,16908288,131072,,,,,,,,,,2026-04-19 00:04:29.
0,22/44,32/47,Contraction_l_Alik_Bjlk_Cijk_Dijk,"(32,4096,1,4096)",Cijk_Alik_Bjlk_B8B8S_BH_GB_MT64x64x16_MI16x16x16x1_SN_GLVWA16_GLVWB16_GRVW16_K1_SS1_SVW1_WSGRA0_WSGRB1,NO_CHECK,146.801,7314.27,,0.1875,2,32,0.5,1,1,0.375,16908288,131072,,,,,,,,,,2026-04-19 00:04:29.
0,22/44,33/47,Contraction_l_Alik_Bjlk_Cijk_Dijk,"(32,4096,1,4096)",Cijk_Alik_Bjlk_B8B8S_BH_GB_MT64x64x16_MI16x16x16x1_SN_GLVWA4_GLVWB4_GRVW4_K1_SS1_SVW1_WSGRA1_WSGRB1,NO_CHECK,138.441,7755.95,,0.1875,2,32,0.5,1,1,0.375,16908288,131072,,,,,,,,,,2026-04-19 00:04:29.
0,22/44,34/47,Contraction_l_Alik_Bjlk_Cijk_Dijk,"(32,4096,1,4096)",Cijk_Alik_Bjlk_B8B8S_BH_GB_MT64x64x16_MI16x16x16x1_SN_GLVWA8_GLVWB8_GRVW8_K1_SS1_SVW1_WSGRA1_WSGRB1,NO_CHECK,136.522,7864.97,,0.1875,2,32,0.5,1,1,0.375,16908288,131072,,,,,,,,,,2026-04-19 00:04:29.
0,22/44,35/47,Contraction_l_Alik_Bjlk_Cijk_Dijk,"(32,4096,1,4096)",Cijk_Alik_Bjlk_B8B8S_BH_GB_MT64x64x16_MI16x16x16x1_SN_GLVWA16_GLVWB16_GRVW16_K1_SS1_SVW1_WSGRA1_WSGRB1,NO_CHECK,137.041,7835.19,,0.1875,2,32,0.5,1,1,0.375,16908288,131072,,,,,,,,,,2026-04-19 00:04:29.
0,22/44,36/47,Contraction_l_Alik_Bjlk_Cijk_Dijk,"(32,4096,1,4096)",Cijk_Alik_Bjlk_B8B8S_BH_GB_MT64x64x32_MI16x16x16x1_SN_GLVWA4_GLVWB4_GRVW4_K1_SS1_SVW1_WSGRA0_WSGRB0,NO_CHECK,109.721,9786.11,,0.1875,2,32,0.5,1,1,0.375,16908288,131072,,,,,,,,,,2026-04-19 00:04:29.
0,22/44,37/47,Contraction_l_Alik_Bjlk_Cijk_Dijk,"(32,4096,1,4096)",Cijk_Alik_Bjlk_B8B8S_BH_GB_MT64x64x32_MI16x16x16x1_SN_GLVWA8_GLVWB8_GRVW8_K1_SS1_SVW1_WSGRA0_WSGRB0,NO_CHECK,108.041,9938.28,,0.1875,2,32,0.5,1,1,0.375,16908288,131072,,,,,,,,,,2026-04-19 00:04:29.
0,22/44,38/47,Contraction_l_Alik_Bjlk_Cijk_Dijk,"(32,4096,1,4096)",Cijk_Alik_Bjlk_B8B8S_BH_GB_MT64x64x32_MI16x16x16x1_SN_GLVWA16_GLVWB16_GRVW16_K1_SS1_SVW1_WSGRA0_WSGRB0,NO_CHECK,109.321,9821.92,,0.1875,2,32,0.5,1,1,0.375,16908288,131072,,,,,,,,,,2026-04-19 00:04:29.
0,22/44,39/47,Contraction_l_Alik_Bjlk_Cijk_Dijk,"(32,4096,1,4096)",Cijk_Alik_Bjlk_B8B8S_BH_GB_MT64x64x32_MI16x16x16x1_SN_GLVWA4_GLVWB4_GRVW4_K1_SS1_SVW1_WSGRA1_WSGRB0,NO_CHECK,111.321,9645.46,,0.1875,2,32,0.5,1,1,0.375,16908288,131072,,,,,,,,,,2026-04-19 00:04:29.
0,22/44,40/47,Contraction_l_Alik_Bjlk_Cijk_Dijk,"(32,4096,1,4096)",Cijk_Alik_Bjlk_B8B8S_BH_GB_MT64x64x32_MI16x16x16x1_SN_GLVWA8_GLVWB8_GRVW8_K1_SS1_SVW1_WSGRA1_WSGRB0,NO_CHECK,108.682,9879.67,,0.1875,2,32,0.5,1,1,0.375,16908288,131072,,,,,,,,,,2026-04-19 00:04:29.
0,22/44,41/47,Contraction_l_Alik_Bjlk_Cijk_Dijk,"(32,4096,1,4096)",Cijk_Alik_Bjlk_B8B8S_BH_GB_MT64x64x32_MI16x16x16x1_SN_GLVWA16_GLVWB16_GRVW16_K1_SS1_SVW1_WSGRA1_WSGRB0,NO_CHECK,107.762,9964.01,,0.1875,2,32,0.5,1,1,0.375,16908288,131072,,,,,,,,,,2026-04-19 00:04:29.
0,22/44,42/47,Contraction_l_Alik_Bjlk_Cijk_Dijk,"(32,4096,1,4096)",Cijk_Alik_Bjlk_B8B8S_BH_GB_MT64x64x32_MI16x16x16x1_SN_GLVWA4_GLVWB4_GRVW4_K1_SS1_SVW1_WSGRA0_WSGRB1,NO_CHECK,110.842,9687.14,,0.1875,2,32,0.5,1,1,0.375,16908288,131072,,,,,,,,,,2026-04-19 00:04:29.
0,22/44,43/47,Contraction_l_Alik_Bjlk_Cijk_Dijk,"(32,4096,1,4096)",Cijk_Alik_Bjlk_B8B8S_BH_GB_MT64x64x32_MI16x16x16x1_SN_GLVWA8_GLVWB8_GRVW8_K1_SS1_SVW1_WSGRA0_WSGRB1,NO_CHECK,110.602,9708.16,,0.1875,2,32,0.5,1,1,0.375,16908288,131072,,,,,,,,,,2026-04-19 00:04:29.
0,22/44,44/47,Contraction_l_Alik_Bjlk_Cijk_Dijk,"(32,4096,1,4096)",Cijk_Alik_Bjlk_B8B8S_BH_GB_MT64x64x32_MI16x16x16x1_SN_GLVWA16_GLVWB16_GRVW16_K1_SS1_SVW1_WSGRA0_WSGRB1,NO_CHECK,109.361,9818.32,,0.1875,2,32,0.5,1,1,0.375,16908288,131072,,,,,,,,,,2026-04-19 00:04:29.
0,22/44,45/47,Contraction_l_Alik_Bjlk_Cijk_Dijk,"(32,4096,1,4096)",Cijk_Alik_Bjlk_B8B8S_BH_GB_MT64x64x32_MI16x16x16x1_SN_GLVWA4_GLVWB4_GRVW4_K1_SS1_SVW1_WSGRA1_WSGRB1,NO_CHECK,109.321,9821.92,,0.1875,2,32,0.5,1,1,0.375,16908288,131072,,,,,,,,,,2026-04-19 00:04:29.
0,22/44,46/47,Contraction_l_Alik_Bjlk_Cijk_Dijk,"(32,4096,1,4096)",Cijk_Alik_Bjlk_B8B8S_BH_GB_MT64x64x32_MI16x16x16x1_SN_GLVWA8_GLVWB8_GRVW8_K1_SS1_SVW1_WSGRA1_WSGRB1,NO_CHECK,110.001,9761.2,,0.1875,2,32,0.5,1,1,0.375,16908288,131072,,,,,,,,,,2026-04-19 00:04:29.
0,22/44,47/47,Contraction_l_Alik_Bjlk_Cijk_Dijk,"(32,4096,1,4096)",Cijk_Alik_Bjlk_B8B8S_BH_GB_MT64x64x32_MI16x16x16x1_SN_GLVWA16_GLVWB16_GRVW16_K1_SS1_SVW1_WSGRA1_WSGRB1,NO_CHECK,108.201,9923.59,,0.1875,2,32,0.5,1,1,0.375,16908288,131072,,,,,,,,,,2026-04-19 00:04:29.
0,23/44,0/47,Contraction_l_Alik_Bjlk_Cijk_Dijk,"(32,4096,1,8192)",Cijk_Alik_Bjlk_B8B8S_BH_GB_MT64x64x16_MI16x16x16x1_SN_GLVWA4_GLVWB4_GRVW4_K1_SS0_SVW4_WSGRA0_WSGRB0,NO_CHECK,281.123,7638.95,,0.1875,2,32,0.5,1,1,0.375,33685504,131072,,,,,,,,,,2026-04-19 00:04:29.
0,23/44,1/47,Contraction_l_Alik_Bjlk_Cijk_Dijk,"(32,4096,1,8192)",Cijk_Alik_Bjlk_B8B8S_BH_GB_MT64x64x16_MI16x16x16x1_SN_GLVWA8_GLVWB8_GRVW8_K1_SS0_SVW4_WSGRA0_WSGRB0,NO_CHECK,257.963,8324.77,,0.1875,2,32,0.5,1,1,0.375,33685504,131072,,,,,,,,,,2026-04-19 00:04:29.
0,23/44,2/47,Contraction_l_Alik_Bjlk_Cijk_Dijk,"(32,4096,1,8192)",Cijk_Alik_Bjlk_B8B8S_BH_GB_MT64x64x16_MI16x16x16x1_SN_GLVWA16_GLVWB16_GRVW16_K1_SS0_SVW4_WSGRA0_WSGRB0,NO_CHECK,258.843,8296.47,,0.1875,2,32,0.5,1,1,0.375,33685504,131072,,,,,,,,,,2026-04-19 00:04:29.
0,23/44,3/47,Contraction_l_Alik_Bjlk_Cijk_Dijk,"(32,4096,1,8192)",Cijk_Alik_Bjlk_B8B8S_BH_GB_MT64x64x16_MI16x16x16x1_SN_GLVWA4_GLVWB4_GRVW4_K1_SS0_SVW4_WSGRA1_WSGRB0,NO_CHECK,258.643,8302.89,,0.1875,2,32,0.5,1,1,0.375,33685504,131072,,,,,,,,,,2026-04-19 00:04:29.
0,23/44,4/47,Contraction_l_Alik_Bjlk_Cijk_Dijk,"(32,4096,1,8192)",Cijk_Alik_Bjlk_B8B8S_BH_GB_MT64x64x16_MI16x16x16x1_SN_GLVWA8_GLVWB8_GRVW8_K1_SS0_SVW4_WSGRA1_WSGRB0,NO_CHECK,256.163,8383.27,,0.1875,2,32,0.5,1,1,0.375,33685504,131072,,,,,,,,,,2026-04-19 00:04:29.
0,23/44,5/47,Contraction_l_Alik_Bjlk_Cijk_Dijk,"(32,4096,1,8192)",Cijk_Alik_Bjlk_B8B8S_BH_GB_MT64x64x16_MI16x16x16x1_SN_GLVWA16_GLVWB16_GRVW16_K1_SS0_SVW4_WSGRA1_WSGRB0,NO_CHECK,258.843,8296.47,,0.1875,2,32,0.5,1,1,0.375,33685504,131072,,,,,,,,,,2026-04-19 00:04:29.
0,23/44,6/47,Contraction_l_Alik_Bjlk_Cijk_Dijk,"(32,4096,1,8192)",Cijk_Alik_Bjlk_B8B8S_BH_GB_MT64x64x16_MI16x16x16x1_SN_GLVWA4_GLVWB4_GRVW4_K1_SS0_SVW4_WSGRA0_WSGRB1,NO_CHECK,258.923,8293.91,,0.1875,2,32,0.5,1,1,0.375,33685504,131072,,,,,,,,,,2026-04-19 00:04:29.
0,23/44,7/47,Contraction_l_Alik_Bjlk_Cijk_Dijk,"(32,4096,1,8192)",Cijk_Alik_Bjlk_B8B8S_BH_GB_MT64x64x16_MI16x16x16x1_SN_GLVWA8_GLVWB8_GRVW8_K1_SS0_SVW4_WSGRA0_WSGRB1,NO_CHECK,255.642,8400.36,,0.1875,2,32,0.5,1,1,0.375,33685504,131072,,,,,,,,,,2026-04-19 00:04:29.
0,23/44,8/47,Contraction_l_Alik_Bjlk_Cijk_Dijk,"(32,4096,1,8192)",Cijk_Alik_Bjlk_B8B8S_BH_GB_MT64x64x16_MI16x16x16x1_SN_GLVWA16_GLVWB16_GRVW16_K1_SS0_SVW4_WSGRA0_WSGRB1,NO_CHECK,255.963,8389.82,,0.1875,2,32,0.5,1,1,0.375,33685504,131072,,,,,,,,,,2026-04-19 00:04:29.
0,23/44,9/47,Contraction_l_Alik_Bjlk_Cijk_Dijk,"(32,4096,1,8192)",Cijk_Alik_Bjlk_B8B8S_BH_GB_MT64x64x16_MI16x16x16x1_SN_GLVWA4_GLVWB4_GRVW4_K1_SS0_SVW4_WSGRA1_WSGRB1,NO_CHECK,258.483,8308.03,,0.1875,2,32,0.5,1,1,0.375,33685504,131072,,,,,,,,,,2026-04-19 00:04:29.
0,23/44,10/47,Contraction_l_Alik_Bjlk_Cijk_Dijk,"(32,4096,1,8192)",Cijk_Alik_Bjlk_B8B8S_BH_GB_MT64x64x16_MI16x16x16x1_SN_GLVWA8_GLVWB8_GRVW8_K1_SS0_SVW4_WSGRA1_WSGRB1,NO_CHECK,255.083,8418.76,,0.1875,2,32,0.5,1,1,0.375,33685504,131072,,,,,,,,,,2026-04-19 00:04:29.
0,23/44,11/47,Contraction_l_Alik_Bjlk_Cijk_Dijk,"(32,4096,1,8192)",Cijk_Alik_Bjlk_B8B8S_BH_GB_MT64x64x16_MI16x16x16x1_SN_GLVWA16_GLVWB16_GRVW16_K1_SS0_SVW4_WSGRA1_WSGRB1,NO_CHECK,257.003,8355.87,,0.1875,2,32,0.5,1,1,0.375,33685504,131072,,,,,,,,,,2026-04-19 00:04:29.
0,23/44,12/47,Contraction_l_Alik_Bjlk_Cijk_Dijk,"(32,4096,1,8192)",Cijk_Alik_Bjlk_B8B8S_BH_GB_MT64x64x32_MI16x16x16x1_SN_GLVWA4_GLVWB4_GRVW4_K1_SS0_SVW4_WSGRA0_WSGRB0,NO_CHECK,200.842,10692.4,,0.1875,2,32,0.5,1,1,0.375,33685504,131072,,,,,,,,,,2026-04-19 00:04:29.
0,23/44,13/47,Contraction_l_Alik_Bjlk_Cijk_Dijk,"(32,4096,1,8192)",Cijk_Alik_Bjlk_B8B8S_BH_GB_MT64x64x32_MI16x16x16x1_SN_GLVWA8_GLVWB8_GRVW8_K1_SS0_SVW4_WSGRA0_WSGRB0,NO_CHECK,197.362,10880.9,,0.1875,2,32,0.5,1,1,0.375,33685504,131072,,,,,,,,,,2026-04-19 00:04:29.
0,23/44,14/47,Contraction_l_Alik_Bjlk_Cijk_Dijk,"(32,4096,1,8192)",Cijk_Alik_Bjlk_B8B8S_BH_GB_MT64x64x32_MI16x16x16x1_SN_GLVWA16_GLVWB16_GRVW16_K1_SS0_SVW4_WSGRA0_WSGRB0,NO_CHECK,195.242,10999.1,,0.1875,2,32,0.5,1,1,0.375,33685504,131072,,,,,,,,,,2026-04-19 00:04:29.
0,23/44,15/47,Contraction_l_Alik_Bjlk_Cijk_Dijk,"(32,4096,1,8192)",Cijk_Alik_Bjlk_B8B8S_BH_GB_MT64x64x32_MI16x16x16x1_SN_GLVWA4_GLVWB4_GRVW4_K1_SS0_SVW4_WSGRA1_WSGRB0,NO_CHECK,199.723,10752.3,,0.1875,2,32,0.5,1,1,0.375,33685504,131072,,,,,,,,,,2026-04-19 00:04:29.
0,23/44,16/47,Contraction_l_Alik_Bjlk_Cijk_Dijk,"(32,4096,1,8192)",Cijk_Alik_Bjlk_B8B8S_BH_GB_MT64x64x32_MI16x16x16x1_SN_GLVWA8_GLVWB8_GRVW8_K1_SS0_SVW4_WSGRA1_WSGRB0,NO_CHECK,194.963,11014.8,,0.1875,2,32,0.5,1,1,0.375,33685504,131072,,,,,,,,,,2026-04-19 00:04:29.
0,23/44,17/47,Contraction_l_Alik_Bjlk_Cijk_Dijk,"(32,4096,1,8192)",Cijk_Alik_Bjlk_B8B8S_BH_GB_MT64x64x32_MI16x16x16x1_SN_GLVWA16_GLVWB16_GRVW16_K1_SS0_SVW4_WSGRA1_WSGRB0,NO_CHECK,195.843,10965.3,,0.1875,2,32,0.5,1,1,0.375,33685504,131072,,,,,,,,,,2026-04-19 00:04:29.
0,23/44,18/47,Contraction_l_Alik_Bjlk_Cijk_Dijk,"(32,4096,1,8192)",Cijk_Alik_Bjlk_B8B8S_BH_GB_MT64x64x32_MI16x16x16x1_SN_GLVWA4_GLVWB4_GRVW4_K1_SS0_SVW4_WSGRA0_WSGRB1,NO_CHECK,199.923,10741.6,,0.1875,2,32,0.5,1,1,0.375,33685504,131072,,,,,,,,,,2026-04-19 00:04:29.
0,23/44,19/47,Contraction_l_Alik_Bjlk_Cijk_Dijk,"(32,4096,1,8192)",Cijk_Alik_Bjlk_B8B8S_BH_GB_MT64x64x32_MI16x16x16x1_SN_GLVWA8_GLVWB8_GRVW8_K1_SS0_SVW4_WSGRA0_WSGRB1,NO_CHECK,197.883,10852.3,,0.1875,2,32,0.5,1,1,0.375,33685504,131072,,,,,,,,,,2026-04-19 00:04:29.
0,23/44,20/47,Contraction_l_Alik_Bjlk_Cijk_Dijk,"(32,4096,1,8192)",Cijk_Alik_Bjlk_B8B8S_BH_GB_MT64x64x32_MI16x16x16x1_SN_GLVWA16_GLVWB16_GRVW16_K1_SS0_SVW4_WSGRA0_WSGRB1,NO_CHECK,194.683,11030.7,,0.1875,2,32,0.5,1,1,0.375,33685504,131072,,,,,,,,,,2026-04-19 00:04:29.
0,23/44,21/47,Contraction_l_Alik_Bjlk_Cijk_Dijk,"(32,4096,1,8192)",Cijk_Alik_Bjlk_B8B8S_BH_GB_MT64x64x32_MI16x16x16x1_SN_GLVWA4_GLVWB4_GRVW4_K1_SS0_SVW4_WSGRA1_WSGRB1,NO_CHECK,199.083,10786.9,,0.1875,2,32,0.5,1,1,0.375,33685504,131072,,,,,,,,,,2026-04-19 00:04:29.
0,23/44,22/47,Contraction_l_Alik_Bjlk_Cijk_Dijk,"(32,4096,1,8192)",Cijk_Alik_Bjlk_B8B8S_BH_GB_MT64x64x32_MI16x16x16x1_SN_GLVWA8_GLVWB8_GRVW8_K1_SS0_SVW4_WSGRA1_WSGRB1,NO_CHECK,197.002,10900.8,,0.1875,2,32,0.5,1,1,0.375,33685504,131072,,,,,,,,,,2026-04-19 00:04:29.
0,23/44,23/47,Contraction_l_Alik_Bjlk_Cijk_Dijk,"(32,4096,1,8192)",Cijk_Alik_Bjlk_B8B8S_BH_GB_MT64x64x32_MI16x16x16x1_SN_GLVWA16_GLVWB16_GRVW16_K1_SS0_SVW4_WSGRA1_WSGRB1,NO_CHECK,197.363,10880.9,,0.1875,2,32,0.5,1,1,0.375,33685504,131072,,,,,,,,,,2026-04-19 00:04:29.
0,23/44,24/47,Contraction_l_Alik_Bjlk_Cijk_Dijk,"(32,4096,1,8192)",Cijk_Alik_Bjlk_B8B8S_BH_GB_MT64x64x16_MI16x16x16x1_SN_GLVWA4_GLVWB4_GRVW4_K1_SS1_SVW1_WSGRA0_WSGRB0,NO_CHECK,259.723,8268.36,,0.1875,2,32,0.5,1,1,0.375,33685504,131072,,,,,,,,,,2026-04-19 00:04:29.
0,23/44,25/47,Contraction_l_Alik_Bjlk_Cijk_Dijk,"(32,4096,1,8192)",Cijk_Alik_Bjlk_B8B8S_BH_GB_MT64x64x16_MI16x16x16x1_SN_GLVWA8_GLVWB8_GRVW8_K1_SS1_SVW1_WSGRA0_WSGRB0,NO_CHECK,255.163,8416.12,,0.1875,2,32,0.5,1,1,0.375,33685504,131072,,,,,,,,,,2026-04-19 00:04:29.
0,23/44,26/47,Contraction_l_Alik_Bjlk_Cijk_Dijk,"(32,4096,1,8192)",Cijk_Alik_Bjlk_B8B8S_BH_GB_MT64x64x16_MI16x16x16x1_SN_GLVWA16_GLVWB16_GRVW16_K1_SS1_SVW1_WSGRA0_WSGRB0,NO_CHECK,256.483,8372.81,,0.1875,2,32,0.5,1,1,0.375,33685504,131072,,,,,,,,,,2026-04-19 00:04:29.
0,23/44,27/47,Contraction_l_Alik_Bjlk_Cijk_Dijk,"(32,4096,1,8192)",Cijk_Alik_Bjlk_B8B8S_BH_GB_MT64x64x16_MI16x16x16x1_SN_GLVWA4_GLVWB4_GRVW4_K1_SS1_SVW1_WSGRA1_WSGRB0,NO_CHECK,259.523,8274.73,,0.1875,2,32,0.5,1,1,0.375,33685504,131072,,,,,,,,,,2026-04-19 00:04:29.
0,23/44,28/47,Contraction_l_Alik_Bjlk_Cijk_Dijk,"(32,4096,1,8192)",Cijk_Alik_Bjlk_B8B8S_BH_GB_MT64x64x16_MI16x16x16x1_SN_GLVWA8_GLVWB8_GRVW8_K1_SS1_SVW1_WSGRA1_WSGRB0,NO_CHECK,255.363,8409.53,,0.1875,2,32,0.5,1,1,0.375,33685504,131072,,,,,,,,,,2026-04-19 00:04:29.
0,23/44,29/47,Contraction_l_Alik_Bjlk_Cijk_Dijk,"(32,4096,1,8192)",Cijk_Alik_Bjlk_B8B8S_BH_GB_MT64x64x16_MI16x16x16x1_SN_GLVWA16_GLVWB16_GRVW16_K1_SS1_SVW1_WSGRA1_WSGRB0,NO_CHECK,256.163,8383.27,,0.1875,2,32,0.5,1,1,0.375,33685504,131072,,,,,,,,,,2026-04-19 00:04:29.
0,23/44,30/47,Contraction_l_Alik_Bjlk_Cijk_Dijk,"(32,4096,1,8192)",Cijk_Alik_Bjlk_B8B8S_BH_GB_MT64x64x16_MI16x16x16x1_SN_GLVWA4_GLVWB4_GRVW4_K1_SS1_SVW1_WSGRA0_WSGRB1,NO_CHECK,258.443,8309.31,,0.1875,2,32,0.5,1,1,0.375,33685504,131072,,,,,,,,,,2026-04-19 00:04:29.
0,23/44,31/47,Contraction_l_Alik_Bjlk_Cijk_Dijk,"(32,4096,1,8192)",Cijk_Alik_Bjlk_B8B8S_BH_GB_MT64x64x16_MI16x16x16x1_SN_GLVWA8_GLVWB8_GRVW8_K1_SS1_SVW1_WSGRA0_WSGRB1,NO_CHECK,256.083,8385.89,,0.1875,2,32,0.5,1,1,0.375,33685504,131072,,,,,,,,,,2026-04-19 00:04:29.
0,23/44,32/47,Contraction_l_Alik_Bjlk_Cijk_Dijk,"(32,4096,1,8192)",Cijk_Alik_Bjlk_B8B8S_BH_GB_MT64x64x16_MI16x16x16x1_SN_GLVWA16_GLVWB16_GRVW16_K1_SS1_SVW1_WSGRA0_WSGRB1,NO_CHECK,263.803,8140.48,,0.1875,2,32,0.5,1,1,0.375,33685504,131072,,,,,,,,,,2026-04-19 00:04:29.
0,23/44,33/47,Contraction_l_Alik_Bjlk_Cijk_Dijk,"(32,4096,1,8192)",Cijk_Alik_Bjlk_B8B8S_BH_GB_MT64x64x16_MI16x16x16x1_SN_GLVWA4_GLVWB4_GRVW4_K1_SS1_SVW1_WSGRA1_WSGRB1,NO_CHECK,258.443,8309.31,,0.1875,2,32,0.5,1,1,0.375,33685504,131072,,,,,,,,,,2026-04-19 00:04:29.
0,23/44,34/47,Contraction_l_Alik_Bjlk_Cijk_Dijk,"(32,4096,1,8192)",Cijk_Alik_Bjlk_B8B8S_BH_GB_MT64x64x16_MI16x16x16x1_SN_GLVWA8_GLVWB8_GRVW8_K1_SS1_SVW1_WSGRA1_WSGRB1,NO_CHECK,255.883,8392.44,,0.1875,2,32,0.5,1,1,0.375,33685504,131072,,,,,,,,,,2026-04-19 00:04:29.
0,23/44,35/47,Contraction_l_Alik_Bjlk_Cijk_Dijk,"(32,4096,1,8192)",Cijk_Alik_Bjlk_B8B8S_BH_GB_MT64x64x16_MI16x16x16x1_SN_GLVWA16_GLVWB16_GRVW16_K1_SS1_SVW1_WSGRA1_WSGRB1,NO_CHECK,255.643,8400.32,,0.1875,2,32,0.5,1,1,0.375,33685504,131072,,,,,,,,,,2026-04-19 00:04:29.
0,23/44,36/47,Contraction_l_Alik_Bjlk_Cijk_Dijk,"(32,4096,1,8192)",Cijk_Alik_Bjlk_B8B8S_BH_GB_MT64x64x32_MI16x16x16x1_SN_GLVWA4_GLVWB4_GRVW4_K1_SS1_SVW1_WSGRA0_WSGRB0,NO_CHECK,200.483,10711.6,,0.1875,2,32,0.5,1,1,0.375,33685504,131072,,,,,,,,,,2026-04-19 00:04:29.
0,23/44,37/47,Contraction_l_Alik_Bjlk_Cijk_Dijk,"(32,4096,1,8192)",Cijk_Alik_Bjlk_B8B8S_BH_GB_MT64x64x32_MI16x16x16x1_SN_GLVWA8_GLVWB8_GRVW8_K1_SS1_SVW1_WSGRA0_WSGRB0,NO_CHECK,196.402,10934.1,,0.1875,2,32,0.5,1,1,0.375,33685504,131072,,,,,,,,,,2026-04-19 00:04:29.
0,23/44,38/47,Contraction_l_Alik_Bjlk_Cijk_Dijk,"(32,4096,1,8192)",Cijk_Alik_Bjlk_B8B8S_BH_GB_MT64x64x32_MI16x16x16x1_SN_GLVWA16_GLVWB16_GRVW16_K1_SS1_SVW1_WSGRA0_WSGRB0,NO_CHECK,194.442,11044.3,,0.1875,2,32,0.5,1,1,0.375,33685504,131072,,,,,,,,,,2026-04-19 00:04:29.
0,23/44,39/47,Contraction_l_Alik_Bjlk_Cijk_Dijk,"(32,4096,1,8192)",Cijk_Alik_Bjlk_B8B8S_BH_GB_MT64x64x32_MI16x16x16x1_SN_GLVWA4_GLVWB4_GRVW4_K1_SS1_SVW1_WSGRA1_WSGRB0,NO_CHECK,200.002,10737.3,,0.1875,2,32,0.5,1,1,0.375,33685504,131072,,,,,,,,,,2026-04-19 00:04:29.
0,23/44,40/47,Contraction_l_Alik_Bjlk_Cijk_Dijk,"(32,4096,1,8192)",Cijk_Alik_Bjlk_B8B8S_BH_GB_MT64x64x32_MI16x16x16x1_SN_GLVWA8_GLVWB8_GRVW8_K1_SS1_SVW1_WSGRA1_WSGRB0,NO_CHECK,194.802,11023.9,,0.1875,2,32,0.5,1,1,0.375,33685504,131072,,,,,,,,,,2026-04-19 00:04:29.
0,23/44,41/47,Contraction_l_Alik_Bjlk_Cijk_Dijk,"(32,4096,1,8192)",Cijk_Alik_Bjlk_B8B8S_BH_GB_MT64x64x32_MI16x16x16x1_SN_GLVWA16_GLVWB16_GRVW16_K1_SS1_SVW1_WSGRA1_WSGRB0,NO_CHECK,196.642,10920.8,,0.1875,2,32,0.5,1,1,0.375,33685504,131072,,,,,,,,,,2026-04-19 00:04:29.
0,23/44,42/47,Contraction_l_Alik_Bjlk_Cijk_Dijk,"(32,4096,1,8192)",Cijk_Alik_Bjlk_B8B8S_BH_GB_MT64x64x32_MI16x16x16x1_SN_GLVWA4_GLVWB4_GRVW4_K1_SS1_SVW1_WSGRA0_WSGRB1,NO_CHECK,200.962,10686,,0.1875,2,32,0.5,1,1,0.375,33685504,131072,,,,,,,,,,2026-04-19 00:04:29.
0,23/44,43/47,Contraction_l_Alik_Bjlk_Cijk_Dijk,"(32,4096,1,8192)",Cijk_Alik_Bjlk_B8B8S_BH_GB_MT64x64x32_MI16x16x16x1_SN_GLVWA8_GLVWB8_GRVW8_K1_SS1_SVW1_WSGRA0_WSGRB1,NO_CHECK,195.442,10987.8,,0.1875,2,32,0.5,1,1,0.375,33685504,131072,,,,,,,,,,2026-04-19 00:04:29.
0,23/44,44/47,Contraction_l_Alik_Bjlk_Cijk_Dijk,"(32,4096,1,8192)",Cijk_Alik_Bjlk_B8B8S_BH_GB_MT64x64x32_MI16x16x16x1_SN_GLVWA16_GLVWB16_GRVW16_K1_SS1_SVW1_WSGRA0_WSGRB1,NO_CHECK,193.602,11092.3,,0.1875,2,32,0.5,1,1,0.375,33685504,131072,,,,,,,,,,2026-04-19 00:04:29.
0,23/44,45/47,Contraction_l_Alik_Bjlk_Cijk_Dijk,"(32,4096,1,8192)",Cijk_Alik_Bjlk_B8B8S_BH_GB_MT64x64x32_MI16x16x16x1_SN_GLVWA4_GLVWB4_GRVW4_K1_SS1_SVW1_WSGRA1_WSGRB1,NO_CHECK,199.682,10754.5,,0.1875,2,32,0.5,1,1,0.375,33685504,131072,,,,,,,,,,2026-04-19 00:04:29.
0,23/44,46/47,Contraction_l_Alik_Bjlk_Cijk_Dijk,"(32,4096,1,8192)",Cijk_Alik_Bjlk_B8B8S_BH_GB_MT64x64x32_MI16x16x16x1_SN_GLVWA8_GLVWB8_GRVW8_K1_SS1_SVW1_WSGRA1_WSGRB1,NO_CHECK,193.802,11080.8,,0.1875,2,32,0.5,1,1,0.375,33685504,131072,,,,,,,,,,2026-04-19 00:04:29.
0,23/44,47/47,Contraction_l_Alik_Bjlk_Cijk_Dijk,"(32,4096,1,8192)",Cijk_Alik_Bjlk_B8B8S_BH_GB_MT64x64x32_MI16x16x16x1_SN_GLVWA16_GLVWB16_GRVW16_K1_SS1_SVW1_WSGRA1_WSGRB1,NO_CHECK,195.962,10958.7,,0.1875,2,32,0.5,1,1,0.375,33685504,131072,,,,,,,,,,2026-04-19 00:04:29.
0,24/44,0/47,Contraction_l_Alik_Bjlk_Cijk_Dijk,"(32,8192,1,1024)",Cijk_Alik_Bjlk_B8B8S_BH_GB_MT64x64x16_MI16x16x16x1_SN_GLVWA4_GLVWB4_GRVW4_K1_SS0_SVW4_WSGRA0_WSGRB0,NO_CHECK,61.24,8766.67,,0.3125,4,32,0.5,1,1,0.625,8650752,262144,,,,,,,,,,2026-04-19 00:04:29.
0,24/44,1/47,Contraction_l_Alik_Bjlk_Cijk_Dijk,"(32,8192,1,1024)",Cijk_Alik_Bjlk_B8B8S_BH_GB_MT64x64x16_MI16x16x16x1_SN_GLVWA8_GLVWB8_GRVW8_K1_SS0_SVW4_WSGRA0_WSGRB0,NO_CHECK,53.481,10038.5,,0.3125,4,32,0.5,1,1,0.625,8650752,262144,,,,,,,,,,2026-04-19 00:04:29.
0,24/44,2/47,Contraction_l_Alik_Bjlk_Cijk_Dijk,"(32,8192,1,1024)",Cijk_Alik_Bjlk_B8B8S_BH_GB_MT64x64x16_MI16x16x16x1_SN_GLVWA16_GLVWB16_GRVW16_K1_SS0_SVW4_WSGRA0_WSGRB0,NO_CHECK,52.88,10152.6,,0.3125,4,32,0.5,1,1,0.625,8650752,262144,,,,,,,,,,2026-04-19 00:04:29.
0,24/44,3/47,Contraction_l_Alik_Bjlk_Cijk_Dijk,"(32,8192,1,1024)",Cijk_Alik_Bjlk_B8B8S_BH_GB_MT64x64x16_MI16x16x16x1_SN_GLVWA4_GLVWB4_GRVW4_K1_SS0_SVW4_WSGRA1_WSGRB0,NO_CHECK,53.201,10091.4,,0.3125,4,32,0.5,1,1,0.625,8650752,262144,,,,,,,,,,2026-04-19 00:04:29.
0,24/44,4/47,Contraction_l_Alik_Bjlk_Cijk_Dijk,"(32,8192,1,1024)",Cijk_Alik_Bjlk_B8B8S_BH_GB_MT64x64x16_MI16x16x16x1_SN_GLVWA8_GLVWB8_GRVW8_K1_SS0_SVW4_WSGRA1_WSGRB0,NO_CHECK,52.801,10167.8,,0.3125,4,32,0.5,1,1,0.625,8650752,262144,,,,,,,,,,2026-04-19 00:04:29.
0,24/44,5/47,Contraction_l_Alik_Bjlk_Cijk_Dijk,"(32,8192,1,1024)",Cijk_Alik_Bjlk_B8B8S_BH_GB_MT64x64x16_MI16x16x16x1_SN_GLVWA16_GLVWB16_GRVW16_K1_SS0_SVW4_WSGRA1_WSGRB0,NO_CHECK,52.92,10145,,0.3125,4,32,0.5,1,1,0.625,8650752,262144,,,,,,,,,,2026-04-19 00:04:29.
0,24/44,6/47,Contraction_l_Alik_Bjlk_Cijk_Dijk,"(32,8192,1,1024)",Cijk_Alik_Bjlk_B8B8S_BH_GB_MT64x64x16_MI16x16x16x1_SN_GLVWA4_GLVWB4_GRVW4_K1_SS0_SVW4_WSGRA0_WSGRB1,NO_CHECK,54.001,9941.87,,0.3125,4,32,0.5,1,1,0.625,8650752,262144,,,,,,,,,,2026-04-19 00:04:29.
0,24/44,7/47,Contraction_l_Alik_Bjlk_Cijk_Dijk,"(32,8192,1,1024)",Cijk_Alik_Bjlk_B8B8S_BH_GB_MT64x64x16_MI16x16x16x1_SN_GLVWA8_GLVWB8_GRVW8_K1_SS0_SVW4_WSGRA0_WSGRB1,NO_CHECK,52.881,10152.4,,0.3125,4,32,0.5,1,1,0.625,8650752,262144,,,,,,,,,,2026-04-19 00:04:29.
0,24/44,8/47,Contraction_l_Alik_Bjlk_Cijk_Dijk,"(32,8192,1,1024)",Cijk_Alik_Bjlk_B8B8S_BH_GB_MT64x64x16_MI16x16x16x1_SN_GLVWA16_GLVWB16_GRVW16_K1_SS0_SVW4_WSGRA0_WSGRB1,NO_CHECK,53.6,10016.2,,0.3125,4,32,0.5,1,1,0.625,8650752,262144,,,,,,,,,,2026-04-19 00:04:29.
0,24/44,9/47,Contraction_l_Alik_Bjlk_Cijk_Dijk,"(32,8192,1,1024)",Cijk_Alik_Bjlk_B8B8S_BH_GB_MT64x64x16_MI16x16x16x1_SN_GLVWA4_GLVWB4_GRVW4_K1_SS0_SVW4_WSGRA1_WSGRB1,NO_CHECK,53.441,10046,,0.3125,4,32,0.5,1,1,0.625,8650752,262144,,,,,,,,,,2026-04-19 00:04:29.
0,24/44,10/47,Contraction_l_Alik_Bjlk_Cijk_Dijk,"(32,8192,1,1024)",Cijk_Alik_Bjlk_B8B8S_BH_GB_MT64x64x16_MI16x16x16x1_SN_GLVWA8_GLVWB8_GRVW8_K1_SS0_SVW4_WSGRA1_WSGRB1,NO_CHECK,53.161,10099,,0.3125,4,32,0.5,1,1,0.625,8650752,262144,,,,,,,,,,2026-04-19 00:04:29.
0,24/44,11/47,Contraction_l_Alik_Bjlk_Cijk_Dijk,"(32,8192,1,1024)",Cijk_Alik_Bjlk_B8B8S_BH_GB_MT64x64x16_MI16x16x16x1_SN_GLVWA16_GLVWB16_GRVW16_K1_SS0_SVW4_WSGRA1_WSGRB1,NO_CHECK,52.64,10198.9,,0.3125,4,32,0.5,1,1,0.625,8650752,262144,,,,,,,,,,2026-04-19 00:04:29.
0,24/44,12/47,Contraction_l_Alik_Bjlk_Cijk_Dijk,"(32,8192,1,1024)",Cijk_Alik_Bjlk_B8B8S_BH_GB_MT64x64x32_MI16x16x16x1_SN_GLVWA4_GLVWB4_GRVW4_K1_SS0_SVW4_WSGRA0_WSGRB0,NO_CHECK,49.521,10841.3,,0.3125,4,32,0.5,1,1,0.625,8650752,262144,,,,,,,,,,2026-04-19 00:04:29.
0,24/44,13/47,Contraction_l_Alik_Bjlk_Cijk_Dijk,"(32,8192,1,1024)",Cijk_Alik_Bjlk_B8B8S_BH_GB_MT64x64x32_MI16x16x16x1_SN_GLVWA8_GLVWB8_GRVW8_K1_SS0_SVW4_WSGRA0_WSGRB0,NO_CHECK,47.441,11316.6,,0.3125,4,32,0.5,1,1,0.625,8650752,262144,,,,,,,,,,2026-04-19 00:04:29.
0,24/44,14/47,Contraction_l_Alik_Bjlk_Cijk_Dijk,"(32,8192,1,1024)",Cijk_Alik_Bjlk_B8B8S_BH_GB_MT64x64x32_MI16x16x16x1_SN_GLVWA16_GLVWB16_GRVW16_K1_SS0_SVW4_WSGRA0_WSGRB0,NO_CHECK,46.6,11520.8,,0.3125,4,32,0.5,1,1,0.625,8650752,262144,,,,,,,,,,2026-04-19 00:04:29.
0,24/44,15/47,Contraction_l_Alik_Bjlk_Cijk_Dijk,"(32,8192,1,1024)",Cijk_Alik_Bjlk_B8B8S_BH_GB_MT64x64x32_MI16x16x16x1_SN_GLVWA4_GLVWB4_GRVW4_K1_SS0_SVW4_WSGRA1_WSGRB0,NO_CHECK,48.921,10974.2,,0.3125,4,32,0.5,1,1,0.625,8650752,262144,,,,,,,,,,2026-04-19 00:04:29.
0,24/44,16/47,Contraction_l_Alik_Bjlk_Cijk_Dijk,"(32,8192,1,1024)",Cijk_Alik_Bjlk_B8B8S_BH_GB_MT64x64x32_MI16x16x16x1_SN_GLVWA8_GLVWB8_GRVW8_K1_SS0_SVW4_WSGRA1_WSGRB0,NO_CHECK,55.201,9725.75,,0.3125,4,32,0.5,1,1,0.625,8650752,262144,,,,,,,,,,2026-04-19 00:04:29.
0,24/44,17/47,Contraction_l_Alik_Bjlk_Cijk_Dijk,"(32,8192,1,1024)",Cijk_Alik_Bjlk_B8B8S_BH_GB_MT64x64x32_MI16x16x16x1_SN_GLVWA16_GLVWB16_GRVW16_K1_SS0_SVW4_WSGRA1_WSGRB0,NO_CHECK,47.84,11222.2,,0.3125,4,32,0.5,1,1,0.625,8650752,262144,,,,,,,,,,2026-04-19 00:04:29.
0,24/44,18/47,Contraction_l_Alik_Bjlk_Cijk_Dijk,"(32,8192,1,1024)",Cijk_Alik_Bjlk_B8B8S_BH_GB_MT64x64x32_MI16x16x16x1_SN_GLVWA4_GLVWB4_GRVW4_K1_SS0_SVW4_WSGRA0_WSGRB1,NO_CHECK,48.081,11166,,0.3125,4,32,0.5,1,1,0.625,8650752,262144,,,,,,,,,,2026-04-19 00:04:29.
0,24/44,19/47,Contraction_l_Alik_Bjlk_Cijk_Dijk,"(32,8192,1,1024)",Cijk_Alik_Bjlk_B8B8S_BH_GB_MT64x64x32_MI16x16x16x1_SN_GLVWA8_GLVWB8_GRVW8_K1_SS0_SVW4_WSGRA0_WSGRB1,NO_CHECK,48.32,11110.7,,0.3125,4,32,0.5,1,1,0.625,8650752,262144,,,,,,,,,,2026-04-19 00:04:29.
0,24/44,20/47,Contraction_l_Alik_Bjlk_Cijk_Dijk,"(32,8192,1,1024)",Cijk_Alik_Bjlk_B8B8S_BH_GB_MT64x64x32_MI16x16x16x1_SN_GLVWA16_GLVWB16_GRVW16_K1_SS0_SVW4_WSGRA0_WSGRB1,NO_CHECK,46.68,11501.1,,0.3125,4,32,0.5,1,1,0.625,8650752,262144,,,,,,,,,,2026-04-19 00:04:29.
0,24/44,21/47,Contraction_l_Alik_Bjlk_Cijk_Dijk,"(32,8192,1,1024)",Cijk_Alik_Bjlk_B8B8S_BH_GB_MT64x64x32_MI16x16x16x1_SN_GLVWA4_GLVWB4_GRVW4_K1_SS0_SVW4_WSGRA1_WSGRB1,NO_CHECK,49.161,10920.7,,0.3125,4,32,0.5,1,1,0.625,8650752,262144,,,,,,,,,,2026-04-19 00:04:29.
0,24/44,22/47,Contraction_l_Alik_Bjlk_Cijk_Dijk,"(32,8192,1,1024)",Cijk_Alik_Bjlk_B8B8S_BH_GB_MT64x64x32_MI16x16x16x1_SN_GLVWA8_GLVWB8_GRVW8_K1_SS0_SVW4_WSGRA1_WSGRB1,NO_CHECK,47.161,11383.8,,0.3125,4,32,0.5,1,1,0.625,8650752,262144,,,,,,,,,,2026-04-19 00:04:29.
0,24/44,23/47,Contraction_l_Alik_Bjlk_Cijk_Dijk,"(32,8192,1,1024)",Cijk_Alik_Bjlk_B8B8S_BH_GB_MT64x64x32_MI16x16x16x1_SN_GLVWA16_GLVWB16_GRVW16_K1_SS0_SVW4_WSGRA1_WSGRB1,NO_CHECK,47.92,11203.5,,0.3125,4,32,0.5,1,1,0.625,8650752,262144,,,,,,,,,,2026-04-19 00:04:29.
0,24/44,24/47,Contraction_l_Alik_Bjlk_Cijk_Dijk,"(32,8192,1,1024)",Cijk_Alik_Bjlk_B8B8S_BH_GB_MT64x64x16_MI16x16x16x1_SN_GLVWA4_GLVWB4_GRVW4_K1_SS1_SVW1_WSGRA0_WSGRB0,NO_CHECK,53.841,9971.41,,0.3125,4,32,0.5,1,1,0.625,8650752,262144,,,,,,,,,,2026-04-19 00:04:29.
0,24/44,25/47,Contraction_l_Alik_Bjlk_Cijk_Dijk,"(32,8192,1,1024)",Cijk_Alik_Bjlk_B8B8S_BH_GB_MT64x64x16_MI16x16x16x1_SN_GLVWA8_GLVWB8_GRVW8_K1_SS1_SVW1_WSGRA0_WSGRB0,NO_CHECK,54.121,9919.83,,0.3125,4,32,0.5,1,1,0.625,8650752,262144,,,,,,,,,,2026-04-19 00:04:29.
0,24/44,26/47,Contraction_l_Alik_Bjlk_Cijk_Dijk,"(32,8192,1,1024)",Cijk_Alik_Bjlk_B8B8S_BH_GB_MT64x64x16_MI16x16x16x1_SN_GLVWA16_GLVWB16_GRVW16_K1_SS1_SVW1_WSGRA0_WSGRB0,NO_CHECK,53.08,10114.4,,0.3125,4,32,0.5,1,1,0.625,8650752,262144,,,,,,,,,,2026-04-19 00:04:29.
0,24/44,27/47,Contraction_l_Alik_Bjlk_Cijk_Dijk,"(32,8192,1,1024)",Cijk_Alik_Bjlk_B8B8S_BH_GB_MT64x64x16_MI16x16x16x1_SN_GLVWA4_GLVWB4_GRVW4_K1_SS1_SVW1_WSGRA1_WSGRB0,NO_CHECK,53.801,9978.83,,0.3125,4,32,0.5,1,1,0.625,8650752,262144,,,,,,,,,,2026-04-19 00:04:29.
0,24/44,28/47,Contraction_l_Alik_Bjlk_Cijk_Dijk,"(32,8192,1,1024)",Cijk_Alik_Bjlk_B8B8S_BH_GB_MT64x64x16_MI16x16x16x1_SN_GLVWA8_GLVWB8_GRVW8_K1_SS1_SVW1_WSGRA1_WSGRB0,NO_CHECK,53.16,10099.2,,0.3125,4,32,0.5,1,1,0.625,8650752,262144,,,,,,,,,,2026-04-19 00:04:29.
0,24/44,29/47,Contraction_l_Alik_Bjlk_Cijk_Dijk,"(32,8192,1,1024)",Cijk_Alik_Bjlk_B8B8S_BH_GB_MT64x64x16_MI16x16x16x1_SN_GLVWA16_GLVWB16_GRVW16_K1_SS1_SVW1_WSGRA1_WSGRB0,NO_CHECK,53.921,9956.62,,0.3125,4,32,0.5,1,1,0.625,8650752,262144,,,,,,,,,,2026-04-19 00:04:29.
0,24/44,30/47,Contraction_l_Alik_Bjlk_Cijk_Dijk,"(32,8192,1,1024)",Cijk_Alik_Bjlk_B8B8S_BH_GB_MT64x64x16_MI16x16x16x1_SN_GLVWA4_GLVWB4_GRVW4_K1_SS1_SVW1_WSGRA0_WSGRB1,NO_CHECK,53.801,9978.83,,0.3125,4,32,0.5,1,1,0.625,8650752,262144,,,,,,,,,,2026-04-19 00:04:29.
0,24/44,31/47,Contraction_l_Alik_Bjlk_Cijk_Dijk,"(32,8192,1,1024)",Cijk_Alik_Bjlk_B8B8S_BH_GB_MT64x64x16_MI16x16x16x1_SN_GLVWA8_GLVWB8_GRVW8_K1_SS1_SVW1_WSGRA0_WSGRB1,NO_CHECK,54.24,9898.06,,0.3125,4,32,0.5,1,1,0.625,8650752,262144,,,,,,,,,,2026-04-19 00:04:29.
0,24/44,32/47,Contraction_l_Alik_Bjlk_Cijk_Dijk,"(32,8192,1,1024)",Cijk_Alik_Bjlk_B8B8S_BH_GB_MT64x64x16_MI16x16x16x1_SN_GLVWA16_GLVWB16_GRVW16_K1_SS1_SVW1_WSGRA0_WSGRB1,NO_CHECK,62.841,8543.32,,0.3125,4,32,0.5,1,1,0.625,8650752,262144,,,,,,,,,,2026-04-19 00:04:29.
0,24/44,33/47,Contraction_l_Alik_Bjlk_Cijk_Dijk,"(32,8192,1,1024)",Cijk_Alik_Bjlk_B8B8S_BH_GB_MT64x64x16_MI16x16x16x1_SN_GLVWA4_GLVWB4_GRVW4_K1_SS1_SVW1_WSGRA1_WSGRB1,NO_CHECK,54.201,9905.18,,0.3125,4,32,0.5,1,1,0.625,8650752,262144,,,,,,,,,,2026-04-19 00:04:29.
0,24/44,34/47,Contraction_l_Alik_Bjlk_Cijk_Dijk,"(32,8192,1,1024)",Cijk_Alik_Bjlk_B8B8S_BH_GB_MT64x64x16_MI16x16x16x1_SN_GLVWA8_GLVWB8_GRVW8_K1_SS1_SVW1_WSGRA1_WSGRB1,NO_CHECK,53.241,10083.8,,0.3125,4,32,0.5,1,1,0.625,8650752,262144,,,,,,,,,,2026-04-19 00:04:29.
0,24/44,35/47,Contraction_l_Alik_Bjlk_Cijk_Dijk,"(32,8192,1,1024)",Cijk_Alik_Bjlk_B8B8S_BH_GB_MT64x64x16_MI16x16x16x1_SN_GLVWA16_GLVWB16_GRVW16_K1_SS1_SVW1_WSGRA1_WSGRB1,NO_CHECK,53.081,10114.2,,0.3125,4,32,0.5,1,1,0.625,8650752,262144,,,,,,,,,,2026-04-19 00:04:29.
0,24/44,36/47,Contraction_l_Alik_Bjlk_Cijk_Dijk,"(32,8192,1,1024)",Cijk_Alik_Bjlk_B8B8S_BH_GB_MT64x64x32_MI16x16x16x1_SN_GLVWA4_GLVWB4_GRVW4_K1_SS1_SVW1_WSGRA0_WSGRB0,NO_CHECK,48.16,11147.7,,0.3125,4,32,0.5,1,1,0.625,8650752,262144,,,,,,,,,,2026-04-19 00:04:29.
0,24/44,37/47,Contraction_l_Alik_Bjlk_Cijk_Dijk,"(32,8192,1,1024)",Cijk_Alik_Bjlk_B8B8S_BH_GB_MT64x64x32_MI16x16x16x1_SN_GLVWA8_GLVWB8_GRVW8_K1_SS1_SVW1_WSGRA0_WSGRB0,NO_CHECK,48.801,11001.2,,0.3125,4,32,0.5,1,1,0.625,8650752,262144,,,,,,,,,,2026-04-19 00:04:29.
0,24/44,38/47,Contraction_l_Alik_Bjlk_Cijk_Dijk,"(32,8192,1,1024)",Cijk_Alik_Bjlk_B8B8S_BH_GB_MT64x64x32_MI16x16x16x1_SN_GLVWA16_GLVWB16_GRVW16_K1_SS1_SVW1_WSGRA0_WSGRB0,NO_CHECK,46.881,11451.8,,0.3125,4,32,0.5,1,1,0.625,8650752,262144,,,,,,,,,,2026-04-19 00:04:29.
0,24/44,39/47,Contraction_l_Alik_Bjlk_Cijk_Dijk,"(32,8192,1,1024)",Cijk_Alik_Bjlk_B8B8S_BH_GB_MT64x64x32_MI16x16x16x1_SN_GLVWA4_GLVWB4_GRVW4_K1_SS1_SVW1_WSGRA1_WSGRB0,NO_CHECK,49.48,10850.3,,0.3125,4,32,0.5,1,1,0.625,8650752,262144,,,,,,,,,,2026-04-19 00:04:29.
0,24/44,40/47,Contraction_l_Alik_Bjlk_Cijk_Dijk,"(32,8192,1,1024)",Cijk_Alik_Bjlk_B8B8S_BH_GB_MT64x64x32_MI16x16x16x1_SN_GLVWA8_GLVWB8_GRVW8_K1_SS1_SVW1_WSGRA1_WSGRB0,NO_CHECK,47.561,11288,,0.3125,4,32,0.5,1,1,0.625,8650752,262144,,,,,,,,,,2026-04-19 00:04:29.
0,24/44,41/47,Contraction_l_Alik_Bjlk_Cijk_Dijk,"(32,8192,1,1024)",Cijk_Alik_Bjlk_B8B8S_BH_GB_MT64x64x32_MI16x16x16x1_SN_GLVWA16_GLVWB16_GRVW16_K1_SS1_SVW1_WSGRA1_WSGRB0,NO_CHECK,47.561,11288,,0.3125,4,32,0.5,1,1,0.625,8650752,262144,,,,,,,,,,2026-04-19 00:04:29.
0,24/44,42/47,Contraction_l_Alik_Bjlk_Cijk_Dijk,"(32,8192,1,1024)",Cijk_Alik_Bjlk_B8B8S_BH_GB_MT64x64x32_MI16x16x16x1_SN_GLVWA4_GLVWB4_GRVW4_K1_SS1_SVW1_WSGRA0_WSGRB1,NO_CHECK,48.28,11119.9,,0.3125,4,32,0.5,1,1,0.625,8650752,262144,,,,,,,,,,2026-04-19 00:04:29.
0,24/44,43/47,Contraction_l_Alik_Bjlk_Cijk_Dijk,"(32,8192,1,1024)",Cijk_Alik_Bjlk_B8B8S_BH_GB_MT64x64x32_MI16x16x16x1_SN_GLVWA8_GLVWB8_GRVW8_K1_SS1_SVW1_WSGRA0_WSGRB1,NO_CHECK,48.921,10974.2,,0.3125,4,32,0.5,1,1,0.625,8650752,262144,,,,,,,,,,2026-04-19 00:04:29.
0,24/44,44/47,Contraction_l_Alik_Bjlk_Cijk_Dijk,"(32,8192,1,1024)",Cijk_Alik_Bjlk_B8B8S_BH_GB_MT64x64x32_MI16x16x16x1_SN_GLVWA16_GLVWB16_GRVW16_K1_SS1_SVW1_WSGRA0_WSGRB1,NO_CHECK,46.841,11461.6,,0.3125,4,32,0.5,1,1,0.625,8650752,262144,,,,,,,,,,2026-04-19 00:04:29.
0,24/44,45/47,Contraction_l_Alik_Bjlk_Cijk_Dijk,"(32,8192,1,1024)",Cijk_Alik_Bjlk_B8B8S_BH_GB_MT64x64x32_MI16x16x16x1_SN_GLVWA4_GLVWB4_GRVW4_K1_SS1_SVW1_WSGRA1_WSGRB1,NO_CHECK,49.72,10797.9,,0.3125,4,32,0.5,1,1,0.625,8650752,262144,,,,,,,,,,2026-04-19 00:04:29.
0,24/44,46/47,Contraction_l_Alik_Bjlk_Cijk_Dijk,"(32,8192,1,1024)",Cijk_Alik_Bjlk_B8B8S_BH_GB_MT64x64x32_MI16x16x16x1_SN_GLVWA8_GLVWB8_GRVW8_K1_SS1_SVW1_WSGRA1_WSGRB1,NO_CHECK,47.72,11250.4,,0.3125,4,32,0.5,1,1,0.625,8650752,262144,,,,,,,,,,2026-04-19 00:04:29.
0,24/44,47/47,Contraction_l_Alik_Bjlk_Cijk_Dijk,"(32,8192,1,1024)",Cijk_Alik_Bjlk_B8B8S_BH_GB_MT64x64x32_MI16x16x16x1_SN_GLVWA16_GLVWB16_GRVW16_K1_SS1_SVW1_WSGRA1_WSGRB1,NO_CHECK,48.241,11128.9,,0.3125,4,32,0.5,1,1,0.625,8650752,262144,,,,,,,,,,2026-04-19 00:04:29.
0,25/44,0/47,Contraction_l_Alik_Bjlk_Cijk_Dijk,"(32,8192,1,4096)",Cijk_Alik_Bjlk_B8B8S_BH_GB_MT64x64x16_MI16x16x16x1_SN_GLVWA4_GLVWB4_GRVW4_K1_SS0_SVW4_WSGRA0_WSGRB0,NO_CHECK,147.482,14561,,0.3125,4,32,0.5,1,1,0.625,33816576,262144,,,,,,,,,,2026-04-19 00:04:29.
0,25/44,1/47,Contraction_l_Alik_Bjlk_Cijk_Dijk,"(32,8192,1,4096)",Cijk_Alik_Bjlk_B8B8S_BH_GB_MT64x64x16_MI16x16x16x1_SN_GLVWA8_GLVWB8_GRVW8_K1_SS0_SVW4_WSGRA0_WSGRB0,NO_CHECK,138.201,15538.8,,0.3125,4,32,0.5,1,1,0.625,33816576,262144,,,,,,,,,,2026-04-19 00:04:29.
0,25/44,2/47,Contraction_l_Alik_Bjlk_Cijk_Dijk,"(32,8192,1,4096)",Cijk_Alik_Bjlk_B8B8S_BH_GB_MT64x64x16_MI16x16x16x1_SN_GLVWA16_GLVWB16_GRVW16_K1_SS0_SVW4_WSGRA0_WSGRB0,NO_CHECK,137.962,15565.8,,0.3125,4,32,0.5,1,1,0.625,33816576,262144,,,,,,,,,,2026-04-19 00:04:29.
0,25/44,3/47,Contraction_l_Alik_Bjlk_Cijk_Dijk,"(32,8192,1,4096)",Cijk_Alik_Bjlk_B8B8S_BH_GB_MT64x64x16_MI16x16x16x1_SN_GLVWA4_GLVWB4_GRVW4_K1_SS0_SVW4_WSGRA1_WSGRB0,NO_CHECK,139.721,15369.8,,0.3125,4,32,0.5,1,1,0.625,33816576,262144,,,,,,,,,,2026-04-19 00:04:29.
0,25/44,4/47,Contraction_l_Alik_Bjlk_Cijk_Dijk,"(32,8192,1,4096)",Cijk_Alik_Bjlk_B8B8S_BH_GB_MT64x64x16_MI16x16x16x1_SN_GLVWA8_GLVWB8_GRVW8_K1_SS0_SVW4_WSGRA1_WSGRB0,NO_CHECK,137.042,15670.3,,0.3125,4,32,0.5,1,1,0.625,33816576,262144,,,,,,,,,,2026-04-19 00:04:29.
0,25/44,5/47,Contraction_l_Alik_Bjlk_Cijk_Dijk,"(32,8192,1,4096)",Cijk_Alik_Bjlk_B8B8S_BH_GB_MT64x64x16_MI16x16x16x1_SN_GLVWA16_GLVWB16_GRVW16_K1_SS0_SVW4_WSGRA1_WSGRB0,NO_CHECK,137.482,15620.1,,0.3125,4,32,0.5,1,1,0.625,33816576,262144,,,,,,,,,,2026-04-19 00:04:29.
0,25/44,6/47,Contraction_l_Alik_Bjlk_Cijk_Dijk,"(32,8192,1,4096)",Cijk_Alik_Bjlk_B8B8S_BH_GB_MT64x64x16_MI16x16x16x1_SN_GLVWA4_GLVWB4_GRVW4_K1_SS0_SVW4_WSGRA0_WSGRB1,NO_CHECK,138.681,15485.1,,0.3125,4,32,0.5,1,1,0.625,33816576,262144,,,,,,,,,,2026-04-19 00:04:29.
0,25/44,7/47,Contraction_l_Alik_Bjlk_Cijk_Dijk,"(32,8192,1,4096)",Cijk_Alik_Bjlk_B8B8S_BH_GB_MT64x64x16_MI16x16x16x1_SN_GLVWA8_GLVWB8_GRVW8_K1_SS0_SVW4_WSGRA0_WSGRB1,NO_CHECK,137.122,15661.1,,0.3125,4,32,0.5,1,1,0.625,33816576,262144,,,,,,,,,,2026-04-19 00:04:29.
0,25/44,8/47,Contraction_l_Alik_Bjlk_Cijk_Dijk,"(32,8192,1,4096)",Cijk_Alik_Bjlk_B8B8S_BH_GB_MT64x64x16_MI16x16x16x1_SN_GLVWA16_GLVWB16_GRVW16_K1_SS0_SVW4_WSGRA0_WSGRB1,NO_CHECK,137.162,15656.5,,0.3125,4,32,0.5,1,1,0.625,33816576,262144,,,,,,,,,,2026-04-19 00:04:29.
0,25/44,9/47,Contraction_l_Alik_Bjlk_Cijk_Dijk,"(32,8192,1,4096)",Cijk_Alik_Bjlk_B8B8S_BH_GB_MT64x64x16_MI16x16x16x1_SN_GLVWA4_GLVWB4_GRVW4_K1_SS0_SVW4_WSGRA1_WSGRB1,NO_CHECK,138.241,15534.3,,0.3125,4,32,0.5,1,1,0.625,33816576,262144,,,,,,,,,,2026-04-19 00:04:29.
0,25/44,10/47,Contraction_l_Alik_Bjlk_Cijk_Dijk,"(32,8192,1,4096)",Cijk_Alik_Bjlk_B8B8S_BH_GB_MT64x64x16_MI16x16x16x1_SN_GLVWA8_GLVWB8_GRVW8_K1_SS0_SVW4_WSGRA1_WSGRB1,NO_CHECK,136.722,15706.9,,0.3125,4,32,0.5,1,1,0.625,33816576,262144,,,,,,,,,,2026-04-19 00:04:29.
0,25/44,11/47,Contraction_l_Alik_Bjlk_Cijk_Dijk,"(32,8192,1,4096)",Cijk_Alik_Bjlk_B8B8S_BH_GB_MT64x64x16_MI16x16x16x1_SN_GLVWA16_GLVWB16_GRVW16_K1_SS0_SVW4_WSGRA1_WSGRB1,NO_CHECK,137.162,15656.5,,0.3125,4,32,0.5,1,1,0.625,33816576,262144,,,,,,,,,,2026-04-19 00:04:29.
0,25/44,12/47,Contraction_l_Alik_Bjlk_Cijk_Dijk,"(32,8192,1,4096)",Cijk_Alik_Bjlk_B8B8S_BH_GB_MT64x64x32_MI16x16x16x1_SN_GLVWA4_GLVWB4_GRVW4_K1_SS0_SVW4_WSGRA0_WSGRB0,NO_CHECK,116.441,18442.7,,0.3125,4,32,0.5,1,1,0.625,33816576,262144,,,,,,,,,,2026-04-19 00:04:29.
0,25/44,13/47,Contraction_l_Alik_Bjlk_Cijk_Dijk,"(32,8192,1,4096)",Cijk_Alik_Bjlk_B8B8S_BH_GB_MT64x64x32_MI16x16x16x1_SN_GLVWA8_GLVWB8_GRVW8_K1_SS0_SVW4_WSGRA0_WSGRB0,NO_CHECK,112.401,19105.6,,0.3125,4,32,0.5,1,1,0.625,33816576,262144,,,,,,,,,,2026-04-19 00:04:29.
0,25/44,14/47,Contraction_l_Alik_Bjlk_Cijk_Dijk,"(32,8192,1,4096)",Cijk_Alik_Bjlk_B8B8S_BH_GB_MT64x64x32_MI16x16x16x1_SN_GLVWA16_GLVWB16_GRVW16_K1_SS0_SVW4_WSGRA0_WSGRB0,NO_CHECK,111.921,19187.5,,0.3125,4,32,0.5,1,1,0.625,33816576,262144,,,,,,,,,,2026-04-19 00:04:29.
0,25/44,15/47,Contraction_l_Alik_Bjlk_Cijk_Dijk,"(32,8192,1,4096)",Cijk_Alik_Bjlk_B8B8S_BH_GB_MT64x64x32_MI16x16x16x1_SN_GLVWA4_GLVWB4_GRVW4_K1_SS0_SVW4_WSGRA1_WSGRB0,NO_CHECK,116.321,18461.7,,0.3125,4,32,0.5,1,1,0.625,33816576,262144,,,,,,,,,,2026-04-19 00:04:29.
0,25/44,16/47,Contraction_l_Alik_Bjlk_Cijk_Dijk,"(32,8192,1,4096)",Cijk_Alik_Bjlk_B8B8S_BH_GB_MT64x64x32_MI16x16x16x1_SN_GLVWA8_GLVWB8_GRVW8_K1_SS0_SVW4_WSGRA1_WSGRB0,NO_CHECK,110.721,19395.5,,0.3125,4,32,0.5,1,1,0.625,33816576,262144,,,,,,,,,,2026-04-19 00:04:29.
0,25/44,17/47,Contraction_l_Alik_Bjlk_Cijk_Dijk,"(32,8192,1,4096)",Cijk_Alik_Bjlk_B8B8S_BH_GB_MT64x64x32_MI16x16x16x1_SN_GLVWA16_GLVWB16_GRVW16_K1_SS0_SVW4_WSGRA1_WSGRB0,NO_CHECK,111.721,19221.8,,0.3125,4,32,0.5,1,1,0.625,33816576,262144,,,,,,,,,,2026-04-19 00:04:29.
0,25/44,18/47,Contraction_l_Alik_Bjlk_Cijk_Dijk,"(32,8192,1,4096)",Cijk_Alik_Bjlk_B8B8S_BH_GB_MT64x64x32_MI16x16x16x1_SN_GLVWA4_GLVWB4_GRVW4_K1_SS0_SVW4_WSGRA0_WSGRB1,NO_CHECK,117.442,18285.5,,0.3125,4,32,0.5,1,1,0.625,33816576,262144,,,,,,,,,,2026-04-19 00:04:29.
0,25/44,19/47,Contraction_l_Alik_Bjlk_Cijk_Dijk,"(32,8192,1,4096)",Cijk_Alik_Bjlk_B8B8S_BH_GB_MT64x64x32_MI16x16x16x1_SN_GLVWA8_GLVWB8_GRVW8_K1_SS0_SVW4_WSGRA0_WSGRB1,NO_CHECK,112.922,19017.4,,0.3125,4,32,0.5,1,1,0.625,33816576,262144,,,,,,,,,,2026-04-19 00:04:29.
0,25/44,20/47,Contraction_l_Alik_Bjlk_Cijk_Dijk,"(32,8192,1,4096)",Cijk_Alik_Bjlk_B8B8S_BH_GB_MT64x64x32_MI16x16x16x1_SN_GLVWA16_GLVWB16_GRVW16_K1_SS0_SVW4_WSGRA0_WSGRB1,NO_CHECK,110.642,19409.3,,0.3125,4,32,0.5,1,1,0.625,33816576,262144,,,,,,,,,,2026-04-19 00:04:29.
0,25/44,21/47,Contraction_l_Alik_Bjlk_Cijk_Dijk,"(32,8192,1,4096)",Cijk_Alik_Bjlk_B8B8S_BH_GB_MT64x64x32_MI16x16x16x1_SN_GLVWA4_GLVWB4_GRVW4_K1_SS0_SVW4_WSGRA1_WSGRB1,NO_CHECK,120.082,17883.5,,0.3125,4,32,0.5,1,1,0.625,33816576,262144,,,,,,,,,,2026-04-19 00:04:29.
0,25/44,22/47,Contraction_l_Alik_Bjlk_Cijk_Dijk,"(32,8192,1,4096)",Cijk_Alik_Bjlk_B8B8S_BH_GB_MT64x64x32_MI16x16x16x1_SN_GLVWA8_GLVWB8_GRVW8_K1_SS0_SVW4_WSGRA1_WSGRB1,NO_CHECK,113.201,18970.5,,0.3125,4,32,0.5,1,1,0.625,33816576,262144,,,,,,,,,,2026-04-19 00:04:29.
0,25/44,23/47,Contraction_l_Alik_Bjlk_Cijk_Dijk,"(32,8192,1,4096)",Cijk_Alik_Bjlk_B8B8S_BH_GB_MT64x64x32_MI16x16x16x1_SN_GLVWA16_GLVWB16_GRVW16_K1_SS0_SVW4_WSGRA1_WSGRB1,NO_CHECK,112.362,19112.2,,0.3125,4,32,0.5,1,1,0.625,33816576,262144,,,,,,,,,,2026-04-19 00:04:29.
0,25/44,24/47,Contraction_l_Alik_Bjlk_Cijk_Dijk,"(32,8192,1,4096)",Cijk_Alik_Bjlk_B8B8S_BH_GB_MT64x64x16_MI16x16x16x1_SN_GLVWA4_GLVWB4_GRVW4_K1_SS1_SVW1_WSGRA0_WSGRB0,NO_CHECK,138.602,15493.9,,0.3125,4,32,0.5,1,1,0.625,33816576,262144,,,,,,,,,,2026-04-19 00:04:29.
0,25/44,25/47,Contraction_l_Alik_Bjlk_Cijk_Dijk,"(32,8192,1,4096)",Cijk_Alik_Bjlk_B8B8S_BH_GB_MT64x64x16_MI16x16x16x1_SN_GLVWA8_GLVWB8_GRVW8_K1_SS1_SVW1_WSGRA0_WSGRB0,NO_CHECK,137.361,15633.9,,0.3125,4,32,0.5,1,1,0.625,33816576,262144,,,,,,,,,,2026-04-19 00:04:29.
0,25/44,26/47,Contraction_l_Alik_Bjlk_Cijk_Dijk,"(32,8192,1,4096)",Cijk_Alik_Bjlk_B8B8S_BH_GB_MT64x64x16_MI16x16x16x1_SN_GLVWA16_GLVWB16_GRVW16_K1_SS1_SVW1_WSGRA0_WSGRB0,NO_CHECK,138.562,15498.4,,0.3125,4,32,0.5,1,1,0.625,33816576,262144,,,,,,,,,,2026-04-19 00:04:29.
0,25/44,27/47,Contraction_l_Alik_Bjlk_Cijk_Dijk,"(32,8192,1,4096)",Cijk_Alik_Bjlk_B8B8S_BH_GB_MT64x64x16_MI16x16x16x1_SN_GLVWA4_GLVWB4_GRVW4_K1_SS1_SVW1_WSGRA1_WSGRB0,NO_CHECK,138.602,15493.9,,0.3125,4,32,0.5,1,1,0.625,33816576,262144,,,,,,,,,,2026-04-19 00:04:29.
0,25/44,28/47,Contraction_l_Alik_Bjlk_Cijk_Dijk,"(32,8192,1,4096)",Cijk_Alik_Bjlk_B8B8S_BH_GB_MT64x64x16_MI16x16x16x1_SN_GLVWA8_GLVWB8_GRVW8_K1_SS1_SVW1_WSGRA1_WSGRB0,NO_CHECK,137.921,15570.4,,0.3125,4,32,0.5,1,1,0.625,33816576,262144,,,,,,,,,,2026-04-19 00:04:29.
0,25/44,29/47,Contraction_l_Alik_Bjlk_Cijk_Dijk,"(32,8192,1,4096)",Cijk_Alik_Bjlk_B8B8S_BH_GB_MT64x64x16_MI16x16x16x1_SN_GLVWA16_GLVWB16_GRVW16_K1_SS1_SVW1_WSGRA1_WSGRB0,NO_CHECK,137.682,15597.4,,0.3125,4,32,0.5,1,1,0.625,33816576,262144,,,,,,,,,,2026-04-19 00:04:29.
0,25/44,30/47,Contraction_l_Alik_Bjlk_Cijk_Dijk,"(32,8192,1,4096)",Cijk_Alik_Bjlk_B8B8S_BH_GB_MT64x64x16_MI16x16x16x1_SN_GLVWA4_GLVWB4_GRVW4_K1_SS1_SVW1_WSGRA0_WSGRB1,NO_CHECK,138.681,15485.1,,0.3125,4,32,0.5,1,1,0.625,33816576,262144,,,,,,,,,,2026-04-19 00:04:29.
0,25/44,31/47,Contraction_l_Alik_Bjlk_Cijk_Dijk,"(32,8192,1,4096)",Cijk_Alik_Bjlk_B8B8S_BH_GB_MT64x64x16_MI16x16x16x1_SN_GLVWA8_GLVWB8_GRVW8_K1_SS1_SVW1_WSGRA0_WSGRB1,NO_CHECK,137.801,15583.9,,0.3125,4,32,0.5,1,1,0.625,33816576,262144,,,,,,,,,,2026-04-19 00:04:29.
0,25/44,32/47,Contraction_l_Alik_Bjlk_Cijk_Dijk,"(32,8192,1,4096)",Cijk_Alik_Bjlk_B8B8S_BH_GB_MT64x64x16_MI16x16x16x1_SN_GLVWA16_GLVWB16_GRVW16_K1_SS1_SVW1_WSGRA0_WSGRB1,NO_CHECK,145.762,14732.8,,0.3125,4,32,0.5,1,1,0.625,33816576,262144,,,,,,,,,,2026-04-19 00:04:29.
0,25/44,33/47,Contraction_l_Alik_Bjlk_Cijk_Dijk,"(32,8192,1,4096)",Cijk_Alik_Bjlk_B8B8S_BH_GB_MT64x64x16_MI16x16x16x1_SN_GLVWA4_GLVWB4_GRVW4_K1_SS1_SVW1_WSGRA1_WSGRB1,NO_CHECK,139.401,15405.1,,0.3125,4,32,0.5,1,1,0.625,33816576,262144,,,,,,,,,,2026-04-19 00:04:29.
0,25/44,34/47,Contraction_l_Alik_Bjlk_Cijk_Dijk,"(32,8192,1,4096)",Cijk_Alik_Bjlk_B8B8S_BH_GB_MT64x64x16_MI16x16x16x1_SN_GLVWA8_GLVWB8_GRVW8_K1_SS1_SVW1_WSGRA1_WSGRB1,NO_CHECK,137.882,15574.8,,0.3125,4,32,0.5,1,1,0.625,33816576,262144,,,,,,,,,,2026-04-19 00:04:29.
0,25/44,35/47,Contraction_l_Alik_Bjlk_Cijk_Dijk,"(32,8192,1,4096)",Cijk_Alik_Bjlk_B8B8S_BH_GB_MT64x64x16_MI16x16x16x1_SN_GLVWA16_GLVWB16_GRVW16_K1_SS1_SVW1_WSGRA1_WSGRB1,NO_CHECK,137.202,15652,,0.3125,4,32,0.5,1,1,0.625,33816576,262144,,,,,,,,,,2026-04-19 00:04:29.
0,25/44,36/47,Contraction_l_Alik_Bjlk_Cijk_Dijk,"(32,8192,1,4096)",Cijk_Alik_Bjlk_B8B8S_BH_GB_MT64x64x32_MI16x16x16x1_SN_GLVWA4_GLVWB4_GRVW4_K1_SS1_SVW1_WSGRA0_WSGRB0,NO_CHECK,115.481,18596,,0.3125,4,32,0.5,1,1,0.625,33816576,262144,,,,,,,,,,2026-04-19 00:04:29.
0,25/44,37/47,Contraction_l_Alik_Bjlk_Cijk_Dijk,"(32,8192,1,4096)",Cijk_Alik_Bjlk_B8B8S_BH_GB_MT64x64x32_MI16x16x16x1_SN_GLVWA8_GLVWB8_GRVW8_K1_SS1_SVW1_WSGRA0_WSGRB0,NO_CHECK,113.121,18984,,0.3125,4,32,0.5,1,1,0.625,33816576,262144,,,,,,,,,,2026-04-19 00:04:29.
0,25/44,38/47,Contraction_l_Alik_Bjlk_Cijk_Dijk,"(32,8192,1,4096)",Cijk_Alik_Bjlk_B8B8S_BH_GB_MT64x64x32_MI16x16x16x1_SN_GLVWA16_GLVWB16_GRVW16_K1_SS1_SVW1_WSGRA0_WSGRB0,NO_CHECK,111.841,19201.2,,0.3125,4,32,0.5,1,1,0.625,33816576,262144,,,,,,,,,,2026-04-19 00:04:29.
0,25/44,39/47,Contraction_l_Alik_Bjlk_Cijk_Dijk,"(32,8192,1,4096)",Cijk_Alik_Bjlk_B8B8S_BH_GB_MT64x64x32_MI16x16x16x1_SN_GLVWA4_GLVWB4_GRVW4_K1_SS1_SVW1_WSGRA1_WSGRB0,NO_CHECK,114.641,18732.2,,0.3125,4,32,0.5,1,1,0.625,33816576,262144,,,,,,,,,,2026-04-19 00:04:29.
0,25/44,40/47,Contraction_l_Alik_Bjlk_Cijk_Dijk,"(32,8192,1,4096)",Cijk_Alik_Bjlk_B8B8S_BH_GB_MT64x64x32_MI16x16x16x1_SN_GLVWA8_GLVWB8_GRVW8_K1_SS1_SVW1_WSGRA1_WSGRB0,NO_CHECK,111.641,19235.6,,0.3125,4,32,0.5,1,1,0.625,33816576,262144,,,,,,,,,,2026-04-19 00:04:29.
0,25/44,41/47,Contraction_l_Alik_Bjlk_Cijk_Dijk,"(32,8192,1,4096)",Cijk_Alik_Bjlk_B8B8S_BH_GB_MT64x64x32_MI16x16x16x1_SN_GLVWA16_GLVWB16_GRVW16_K1_SS1_SVW1_WSGRA1_WSGRB0,NO_CHECK,112.201,19139.6,,0.3125,4,32,0.5,1,1,0.625,33816576,262144,,,,,,,,,,2026-04-19 00:04:29.
0,25/44,42/47,Contraction_l_Alik_Bjlk_Cijk_Dijk,"(32,8192,1,4096)",Cijk_Alik_Bjlk_B8B8S_BH_GB_MT64x64x32_MI16x16x16x1_SN_GLVWA4_GLVWB4_GRVW4_K1_SS1_SVW1_WSGRA0_WSGRB1,NO_CHECK,121.841,17625.3,,0.3125,4,32,0.5,1,1,0.625,33816576,262144,,,,,,,,,,2026-04-19 00:04:29.
0,25/44,43/47,Contraction_l_Alik_Bjlk_Cijk_Dijk,"(32,8192,1,4096)",Cijk_Alik_Bjlk_B8B8S_BH_GB_MT64x64x32_MI16x16x16x1_SN_GLVWA8_GLVWB8_GRVW8_K1_SS1_SVW1_WSGRA0_WSGRB1,NO_CHECK,113.161,18977.2,,0.3125,4,32,0.5,1,1,0.625,33816576,262144,,,,,,,,,,2026-04-19 00:04:29.
0,25/44,44/47,Contraction_l_Alik_Bjlk_Cijk_Dijk,"(32,8192,1,4096)",Cijk_Alik_Bjlk_B8B8S_BH_GB_MT64x64x32_MI16x16x16x1_SN_GLVWA16_GLVWB16_GRVW16_K1_SS1_SVW1_WSGRA0_WSGRB1,NO_CHECK,111.082,19332.4,,0.3125,4,32,0.5,1,1,0.625,33816576,262144,,,,,,,,,,2026-04-19 00:04:29.
0,25/44,45/47,Contraction_l_Alik_Bjlk_Cijk_Dijk,"(32,8192,1,4096)",Cijk_Alik_Bjlk_B8B8S_BH_GB_MT64x64x32_MI16x16x16x1_SN_GLVWA4_GLVWB4_GRVW4_K1_SS1_SVW1_WSGRA1_WSGRB1,NO_CHECK,114.282,18791.1,,0.3125,4,32,0.5,1,1,0.625,33816576,262144,,,,,,,,,,2026-04-19 00:04:29.
0,25/44,46/47,Contraction_l_Alik_Bjlk_Cijk_Dijk,"(32,8192,1,4096)",Cijk_Alik_Bjlk_B8B8S_BH_GB_MT64x64x32_MI16x16x16x1_SN_GLVWA8_GLVWB8_GRVW8_K1_SS1_SVW1_WSGRA1_WSGRB1,NO_CHECK,112.922,19017.4,,0.3125,4,32,0.5,1,1,0.625,33816576,262144,,,,,,,,,,2026-04-19 00:04:29.
0,25/44,47/47,Contraction_l_Alik_Bjlk_Cijk_Dijk,"(32,8192,1,4096)",Cijk_Alik_Bjlk_B8B8S_BH_GB_MT64x64x32_MI16x16x16x1_SN_GLVWA16_GLVWB16_GRVW16_K1_SS1_SVW1_WSGRA1_WSGRB1,NO_CHECK,112.682,19057.9,,0.3125,4,32,0.5,1,1,0.625,33816576,262144,,,,,,,,,,2026-04-19 00:04:29.
0,26/44,0/47,Contraction_l_Alik_Bjlk_Cijk_Dijk,"(32,8192,1,8192)",Cijk_Alik_Bjlk_B8B8S_BH_GB_MT64x64x16_MI16x16x16x1_SN_GLVWA4_GLVWB4_GRVW4_K1_SS0_SVW4_WSGRA0_WSGRB0,NO_CHECK,333.604,12874.4,,0.3125,4,32,0.5,1,1,0.625,67371008,262144,,,,,,,,,,2026-04-19 00:04:29.
0,26/44,1/47,Contraction_l_Alik_Bjlk_Cijk_Dijk,"(32,8192,1,8192)",Cijk_Alik_Bjlk_B8B8S_BH_GB_MT64x64x16_MI16x16x16x1_SN_GLVWA8_GLVWB8_GRVW8_K1_SS0_SVW4_WSGRA0_WSGRB0,NO_CHECK,353.884,12136.7,,0.3125,4,32,0.5,1,1,0.625,67371008,262144,,,,,,,,,,2026-04-19 00:04:29.
0,26/44,2/47,Contraction_l_Alik_Bjlk_Cijk_Dijk,"(32,8192,1,8192)",Cijk_Alik_Bjlk_B8B8S_BH_GB_MT64x64x16_MI16x16x16x1_SN_GLVWA16_GLVWB16_GRVW16_K1_SS0_SVW4_WSGRA0_WSGRB0,NO_CHECK,357.564,12011.7,,0.3125,4,32,0.5,1,1,0.625,67371008,262144,,,,,,,,,,2026-04-19 00:04:29.
0,26/44,3/47,Contraction_l_Alik_Bjlk_Cijk_Dijk,"(32,8192,1,8192)",Cijk_Alik_Bjlk_B8B8S_BH_GB_MT64x64x16_MI16x16x16x1_SN_GLVWA4_GLVWB4_GRVW4_K1_SS0_SVW4_WSGRA1_WSGRB0,NO_CHECK,372.124,11541.8,,0.3125,4,32,0.5,1,1,0.625,67371008,262144,,,,,,,,,,2026-04-19 00:04:29.
0,26/44,4/47,Contraction_l_Alik_Bjlk_Cijk_Dijk,"(32,8192,1,8192)",Cijk_Alik_Bjlk_B8B8S_BH_GB_MT64x64x16_MI16x16x16x1_SN_GLVWA8_GLVWB8_GRVW8_K1_SS0_SVW4_WSGRA1_WSGRB0,NO_CHECK,383.125,11210.4,,0.3125,4,32,0.5,1,1,0.625,67371008,262144,,,,,,,,,,2026-04-19 00:04:29.
0,26/44,5/47,Contraction_l_Alik_Bjlk_Cijk_Dijk,"(32,8192,1,8192)",Cijk_Alik_Bjlk_B8B8S_BH_GB_MT64x64x16_MI16x16x16x1_SN_GLVWA16_GLVWB16_GRVW16_K1_SS0_SVW4_WSGRA1_WSGRB0,NO_CHECK,388.045,11068.2,,0.3125,4,32,0.5,1,1,0.625,67371008,262144,,,,,,,,,,2026-04-19 00:04:29.
0,26/44,6/47,Contraction_l_Alik_Bjlk_Cijk_Dijk,"(32,8192,1,8192)",Cijk_Alik_Bjlk_B8B8S_BH_GB_MT64x64x16_MI16x16x16x1_SN_GLVWA4_GLVWB4_GRVW4_K1_SS0_SVW4_WSGRA0_WSGRB1,NO_CHECK,388.484,11055.7,,0.3125,4,32,0.5,1,1,0.625,67371008,262144,,,,,,,,,,2026-04-19 00:04:29.
0,26/44,7/47,Contraction_l_Alik_Bjlk_Cijk_Dijk,"(32,8192,1,8192)",Cijk_Alik_Bjlk_B8B8S_BH_GB_MT64x64x16_MI16x16x16x1_SN_GLVWA8_GLVWB8_GRVW8_K1_SS0_SVW4_WSGRA0_WSGRB1,NO_CHECK,634.327,6770.9,,0.3125,4,32,0.5,1,1,0.625,67371008,262144,,,,,,,,,,2026-04-19 00:04:29.
0,26/44,8/47,Contraction_l_Alik_Bjlk_Cijk_Dijk,"(32,8192,1,8192)",Cijk_Alik_Bjlk_B8B8S_BH_GB_MT64x64x16_MI16x16x16x1_SN_GLVWA16_GLVWB16_GRVW16_K1_SS0_SVW4_WSGRA0_WSGRB1,NO_CHECK,264.163,16258.8,,0.3125,4,32,0.5,1,1,0.625,67371008,262144,,,,,,,,,,2026-04-19 00:04:29.
0,26/44,9/47,Contraction_l_Alik_Bjlk_Cijk_Dijk,"(32,8192,1,8192)",Cijk_Alik_Bjlk_B8B8S_BH_GB_MT64x64x16_MI16x16x16x1_SN_GLVWA4_GLVWB4_GRVW4_K1_SS0_SVW4_WSGRA1_WSGRB1,NO_CHECK,263.684,16288.3,,0.3125,4,32,0.5,1,1,0.625,67371008,262144,,,,,,,,,,2026-04-19 00:04:29.
0,26/44,10/47,Contraction_l_Alik_Bjlk_Cijk_Dijk,"(32,8192,1,8192)",Cijk_Alik_Bjlk_B8B8S_BH_GB_MT64x64x16_MI16x16x16x1_SN_GLVWA8_GLVWB8_GRVW8_K1_SS0_SVW4_WSGRA1_WSGRB1,NO_CHECK,262.884,16337.9,,0.3125,4,32,0.5,1,1,0.625,67371008,262144,,,,,,,,,,2026-04-19 00:04:29.
0,26/44,11/47,Contraction_l_Alik_Bjlk_Cijk_Dijk,"(32,8192,1,8192)",Cijk_Alik_Bjlk_B8B8S_BH_GB_MT64x64x16_MI16x16x16x1_SN_GLVWA16_GLVWB16_GRVW16_K1_SS0_SVW4_WSGRA1_WSGRB1,NO_CHECK,263.203,16318.1,,0.3125,4,32,0.5,1,1,0.625,67371008,262144,,,,,,,,,,2026-04-19 00:04:29.
0,26/44,12/47,Contraction_l_Alik_Bjlk_Cijk_Dijk,"(32,8192,1,8192)",Cijk_Alik_Bjlk_B8B8S_BH_GB_MT64x64x32_MI16x16x16x1_SN_GLVWA4_GLVWB4_GRVW4_K1_SS0_SVW4_WSGRA0_WSGRB0,NO_CHECK,215.122,19965.3,,0.3125,4,32,0.5,1,1,0.625,67371008,262144,,,,,,,,,,2026-04-19 00:04:29.
0,26/44,13/47,Contraction_l_Alik_Bjlk_Cijk_Dijk,"(32,8192,1,8192)",Cijk_Alik_Bjlk_B8B8S_BH_GB_MT64x64x32_MI16x16x16x1_SN_GLVWA8_GLVWB8_GRVW8_K1_SS0_SVW4_WSGRA0_WSGRB0,NO_CHECK,213.522,20114.9,,0.3125,4,32,0.5,1,1,0.625,67371008,262144,,,,,,,,,,2026-04-19 00:04:29.
0,26/44,14/47,Contraction_l_Alik_Bjlk_Cijk_Dijk,"(32,8192,1,8192)",Cijk_Alik_Bjlk_B8B8S_BH_GB_MT64x64x32_MI16x16x16x1_SN_GLVWA16_GLVWB16_GRVW16_K1_SS0_SVW4_WSGRA0_WSGRB0,NO_CHECK,213.203,20145,,0.3125,4,32,0.5,1,1,0.625,67371008,262144,,,,,,,,,,2026-04-19 00:04:29.
0,26/44,15/47,Contraction_l_Alik_Bjlk_Cijk_Dijk,"(32,8192,1,8192)",Cijk_Alik_Bjlk_B8B8S_BH_GB_MT64x64x32_MI16x16x16x1_SN_GLVWA4_GLVWB4_GRVW4_K1_SS0_SVW4_WSGRA1_WSGRB0,NO_CHECK,215.803,19902.3,,0.3125,4,32,0.5,1,1,0.625,67371008,262144,,,,,,,,,,2026-04-19 00:04:29.
0,26/44,16/47,Contraction_l_Alik_Bjlk_Cijk_Dijk,"(32,8192,1,8192)",Cijk_Alik_Bjlk_B8B8S_BH_GB_MT64x64x32_MI16x16x16x1_SN_GLVWA8_GLVWB8_GRVW8_K1_SS0_SVW4_WSGRA1_WSGRB0,NO_CHECK,222.923,19266.6,,0.3125,4,32,0.5,1,1,0.625,67371008,262144,,,,,,,,,,2026-04-19 00:04:29.
0,26/44,17/47,Contraction_l_Alik_Bjlk_Cijk_Dijk,"(32,8192,1,8192)",Cijk_Alik_Bjlk_B8B8S_BH_GB_MT64x64x32_MI16x16x16x1_SN_GLVWA16_GLVWB16_GRVW16_K1_SS0_SVW4_WSGRA1_WSGRB0,NO_CHECK,214.643,20009.8,,0.3125,4,32,0.5,1,1,0.625,67371008,262144,,,,,,,,,,2026-04-19 00:04:29.
0,26/44,18/47,Contraction_l_Alik_Bjlk_Cijk_Dijk,"(32,8192,1,8192)",Cijk_Alik_Bjlk_B8B8S_BH_GB_MT64x64x32_MI16x16x16x1_SN_GLVWA4_GLVWB4_GRVW4_K1_SS0_SVW4_WSGRA0_WSGRB1,NO_CHECK,216.882,19803.2,,0.3125,4,32,0.5,1,1,0.625,67371008,262144,,,,,,,,,,2026-04-19 00:04:29.
0,26/44,19/47,Contraction_l_Alik_Bjlk_Cijk_Dijk,"(32,8192,1,8192)",Cijk_Alik_Bjlk_B8B8S_BH_GB_MT64x64x32_MI16x16x16x1_SN_GLVWA8_GLVWB8_GRVW8_K1_SS0_SVW4_WSGRA0_WSGRB1,NO_CHECK,214.883,19987.5,,0.3125,4,32,0.5,1,1,0.625,67371008,262144,,,,,,,,,,2026-04-19 00:04:29.
0,26/44,20/47,Contraction_l_Alik_Bjlk_Cijk_Dijk,"(32,8192,1,8192)",Cijk_Alik_Bjlk_B8B8S_BH_GB_MT64x64x32_MI16x16x16x1_SN_GLVWA16_GLVWB16_GRVW16_K1_SS0_SVW4_WSGRA0_WSGRB1,NO_CHECK,212.203,20239.9,,0.3125,4,32,0.5,1,1,0.625,67371008,262144,,,,,,,,,,2026-04-19 00:04:29.
0,26/44,21/47,Contraction_l_Alik_Bjlk_Cijk_Dijk,"(32,8192,1,8192)",Cijk_Alik_Bjlk_B8B8S_BH_GB_MT64x64x32_MI16x16x16x1_SN_GLVWA4_GLVWB4_GRVW4_K1_SS0_SVW4_WSGRA1_WSGRB1,NO_CHECK,215.402,19939.3,,0.3125,4,32,0.5,1,1,0.625,67371008,262144,,,,,,,,,,2026-04-19 00:04:29.
0,26/44,22/47,Contraction_l_Alik_Bjlk_Cijk_Dijk,"(32,8192,1,8192)",Cijk_Alik_Bjlk_B8B8S_BH_GB_MT64x64x32_MI16x16x16x1_SN_GLVWA8_GLVWB8_GRVW8_K1_SS0_SVW4_WSGRA1_WSGRB1,NO_CHECK,214.003,20069.7,,0.3125,4,32,0.5,1,1,0.625,67371008,262144,,,,,,,,,,2026-04-19 00:04:29.
0,26/44,23/47,Contraction_l_Alik_Bjlk_Cijk_Dijk,"(32,8192,1,8192)",Cijk_Alik_Bjlk_B8B8S_BH_GB_MT64x64x32_MI16x16x16x1_SN_GLVWA16_GLVWB16_GRVW16_K1_SS0_SVW4_WSGRA1_WSGRB1,NO_CHECK,212.963,20167.7,,0.3125,4,32,0.5,1,1,0.625,67371008,262144,,,,,,,,,,2026-04-19 00:04:29.
0,26/44,24/47,Contraction_l_Alik_Bjlk_Cijk_Dijk,"(32,8192,1,8192)",Cijk_Alik_Bjlk_B8B8S_BH_GB_MT64x64x16_MI16x16x16x1_SN_GLVWA4_GLVWB4_GRVW4_K1_SS1_SVW1_WSGRA0_WSGRB0,NO_CHECK,263.163,16320.6,,0.3125,4,32,0.5,1,1,0.625,67371008,262144,,,,,,,,,,2026-04-19 00:04:29.
0,26/44,25/47,Contraction_l_Alik_Bjlk_Cijk_Dijk,"(32,8192,1,8192)",Cijk_Alik_Bjlk_B8B8S_BH_GB_MT64x64x16_MI16x16x16x1_SN_GLVWA8_GLVWB8_GRVW8_K1_SS1_SVW1_WSGRA0_WSGRB0,NO_CHECK,263.123,16323,,0.3125,4,32,0.5,1,1,0.625,67371008,262144,,,,,,,,,,2026-04-19 00:04:29.
0,26/44,26/47,Contraction_l_Alik_Bjlk_Cijk_Dijk,"(32,8192,1,8192)",Cijk_Alik_Bjlk_B8B8S_BH_GB_MT64x64x16_MI16x16x16x1_SN_GLVWA16_GLVWB16_GRVW16_K1_SS1_SVW1_WSGRA0_WSGRB0,NO_CHECK,263.963,16271.1,,0.3125,4,32,0.5,1,1,0.625,67371008,262144,,,,,,,,,,2026-04-19 00:04:29.
0,26/44,27/47,Contraction_l_Alik_Bjlk_Cijk_Dijk,"(32,8192,1,8192)",Cijk_Alik_Bjlk_B8B8S_BH_GB_MT64x64x16_MI16x16x16x1_SN_GLVWA4_GLVWB4_GRVW4_K1_SS1_SVW1_WSGRA1_WSGRB0,NO_CHECK,263.883,16276,,0.3125,4,32,0.5,1,1,0.625,67371008,262144,,,,,,,,,,2026-04-19 00:04:29.
0,26/44,28/47,Contraction_l_Alik_Bjlk_Cijk_Dijk,"(32,8192,1,8192)",Cijk_Alik_Bjlk_B8B8S_BH_GB_MT64x64x16_MI16x16x16x1_SN_GLVWA8_GLVWB8_GRVW8_K1_SS1_SVW1_WSGRA1_WSGRB0,NO_CHECK,263.923,16273.6,,0.3125,4,32,0.5,1,1,0.625,67371008,262144,,,,,,,,,,2026-04-19 00:04:29.
0,26/44,29/47,Contraction_l_Alik_Bjlk_Cijk_Dijk,"(32,8192,1,8192)",Cijk_Alik_Bjlk_B8B8S_BH_GB_MT64x64x16_MI16x16x16x1_SN_GLVWA16_GLVWB16_GRVW16_K1_SS1_SVW1_WSGRA1_WSGRB0,NO_CHECK,264.843,16217,,0.3125,4,32,0.5,1,1,0.625,67371008,262144,,,,,,,,,,2026-04-19 00:04:29.
0,26/44,30/47,Contraction_l_Alik_Bjlk_Cijk_Dijk,"(32,8192,1,8192)",Cijk_Alik_Bjlk_B8B8S_BH_GB_MT64x64x16_MI16x16x16x1_SN_GLVWA4_GLVWB4_GRVW4_K1_SS1_SVW1_WSGRA0_WSGRB1,NO_CHECK,264.643,16229.3,,0.3125,4,32,0.5,1,1,0.625,67371008,262144,,,,,,,,,,2026-04-19 00:04:29.
0,26/44,31/47,Contraction_l_Alik_Bjlk_Cijk_Dijk,"(32,8192,1,8192)",Cijk_Alik_Bjlk_B8B8S_BH_GB_MT64x64x16_MI16x16x16x1_SN_GLVWA8_GLVWB8_GRVW8_K1_SS1_SVW1_WSGRA0_WSGRB1,NO_CHECK,264.563,16234.2,,0.3125,4,32,0.5,1,1,0.625,67371008,262144,,,,,,,,,,2026-04-19 00:04:29.
0,26/44,32/47,Contraction_l_Alik_Bjlk_Cijk_Dijk,"(32,8192,1,8192)",Cijk_Alik_Bjlk_B8B8S_BH_GB_MT64x64x16_MI16x16x16x1_SN_GLVWA16_GLVWB16_GRVW16_K1_SS1_SVW1_WSGRA0_WSGRB1,NO_CHECK,273.123,15725.4,,0.3125,4,32,0.5,1,1,0.625,67371008,262144,,,,,,,,,,2026-04-19 00:04:29.
0,26/44,33/47,Contraction_l_Alik_Bjlk_Cijk_Dijk,"(32,8192,1,8192)",Cijk_Alik_Bjlk_B8B8S_BH_GB_MT64x64x16_MI16x16x16x1_SN_GLVWA4_GLVWB4_GRVW4_K1_SS1_SVW1_WSGRA1_WSGRB1,NO_CHECK,264.003,16268.6,,0.3125,4,32,0.5,1,1,0.625,67371008,262144,,,,,,,,,,2026-04-19 00:04:29.
0,26/44,34/47,Contraction_l_Alik_Bjlk_Cijk_Dijk,"(32,8192,1,8192)",Cijk_Alik_Bjlk_B8B8S_BH_GB_MT64x64x16_MI16x16x16x1_SN_GLVWA8_GLVWB8_GRVW8_K1_SS1_SVW1_WSGRA1_WSGRB1,NO_CHECK,263.043,16328,,0.3125,4,32,0.5,1,1,0.625,67371008,262144,,,,,,,,,,2026-04-19 00:04:29.
0,26/44,35/47,Contraction_l_Alik_Bjlk_Cijk_Dijk,"(32,8192,1,8192)",Cijk_Alik_Bjlk_B8B8S_BH_GB_MT64x64x16_MI16x16x16x1_SN_GLVWA16_GLVWB16_GRVW16_K1_SS1_SVW1_WSGRA1_WSGRB1,NO_CHECK,263.803,16281,,0.3125,4,32,0.5,1,1,0.625,67371008,262144,,,,,,,,,,2026-04-19 00:04:29.
0,26/44,36/47,Contraction_l_Alik_Bjlk_Cijk_Dijk,"(32,8192,1,8192)",Cijk_Alik_Bjlk_B8B8S_BH_GB_MT64x64x32_MI16x16x16x1_SN_GLVWA4_GLVWB4_GRVW4_K1_SS1_SVW1_WSGRA0_WSGRB0,NO_CHECK,219.563,19561.4,,0.3125,4,32,0.5,1,1,0.625,67371008,262144,,,,,,,,,,2026-04-19 00:04:29.
0,26/44,37/47,Contraction_l_Alik_Bjlk_Cijk_Dijk,"(32,8192,1,8192)",Cijk_Alik_Bjlk_B8B8S_BH_GB_MT64x64x32_MI16x16x16x1_SN_GLVWA8_GLVWB8_GRVW8_K1_SS1_SVW1_WSGRA0_WSGRB0,NO_CHECK,223.722,19197.8,,0.3125,4,32,0.5,1,1,0.625,67371008,262144,,,,,,,,,,2026-04-19 00:04:29.
0,26/44,38/47,Contraction_l_Alik_Bjlk_Cijk_Dijk,"(32,8192,1,8192)",Cijk_Alik_Bjlk_B8B8S_BH_GB_MT64x64x32_MI16x16x16x1_SN_GLVWA16_GLVWB16_GRVW16_K1_SS1_SVW1_WSGRA0_WSGRB0,NO_CHECK,213.363,20129.9,,0.3125,4,32,0.5,1,1,0.625,67371008,262144,,,,,,,,,,2026-04-19 00:04:29.
0,26/44,39/47,Contraction_l_Alik_Bjlk_Cijk_Dijk,"(32,8192,1,8192)",Cijk_Alik_Bjlk_B8B8S_BH_GB_MT64x64x32_MI16x16x16x1_SN_GLVWA4_GLVWB4_GRVW4_K1_SS1_SVW1_WSGRA1_WSGRB0,NO_CHECK,218.042,19697.9,,0.3125,4,32,0.5,1,1,0.625,67371008,262144,,,,,,,,,,2026-04-19 00:04:29.
0,26/44,40/47,Contraction_l_Alik_Bjlk_Cijk_Dijk,"(32,8192,1,8192)",Cijk_Alik_Bjlk_B8B8S_BH_GB_MT64x64x32_MI16x16x16x1_SN_GLVWA8_GLVWB8_GRVW8_K1_SS1_SVW1_WSGRA1_WSGRB0,NO_CHECK,216.042,19880.2,,0.3125,4,32,0.5,1,1,0.625,67371008,262144,,,,,,,,,,2026-04-19 00:04:29.
0,26/44,41/47,Contraction_l_Alik_Bjlk_Cijk_Dijk,"(32,8192,1,8192)",Cijk_Alik_Bjlk_B8B8S_BH_GB_MT64x64x32_MI16x16x16x1_SN_GLVWA16_GLVWB16_GRVW16_K1_SS1_SVW1_WSGRA1_WSGRB0,NO_CHECK,214.083,20062.2,,0.3125,4,32,0.5,1,1,0.625,67371008,262144,,,,,,,,,,2026-04-19 00:04:29.
0,26/44,42/47,Contraction_l_Alik_Bjlk_Cijk_Dijk,"(32,8192,1,8192)",Cijk_Alik_Bjlk_B8B8S_BH_GB_MT64x64x32_MI16x16x16x1_SN_GLVWA4_GLVWB4_GRVW4_K1_SS1_SVW1_WSGRA0_WSGRB1,NO_CHECK,216.643,19825.1,,0.3125,4,32,0.5,1,1,0.625,67371008,262144,,,,,,,,,,2026-04-19 00:04:29.
0,26/44,43/47,Contraction_l_Alik_Bjlk_Cijk_Dijk,"(32,8192,1,8192)",Cijk_Alik_Bjlk_B8B8S_BH_GB_MT64x64x32_MI16x16x16x1_SN_GLVWA8_GLVWB8_GRVW8_K1_SS1_SVW1_WSGRA0_WSGRB1,NO_CHECK,215.403,19939.2,,0.3125,4,32,0.5,1,1,0.625,67371008,262144,,,,,,,,,,2026-04-19 00:04:29.
0,26/44,44/47,Contraction_l_Alik_Bjlk_Cijk_Dijk,"(32,8192,1,8192)",Cijk_Alik_Bjlk_B8B8S_BH_GB_MT64x64x32_MI16x16x16x1_SN_GLVWA16_GLVWB16_GRVW16_K1_SS1_SVW1_WSGRA0_WSGRB1,NO_CHECK,213.603,20107.2,,0.3125,4,32,0.5,1,1,0.625,67371008,262144,,,,,,,,,,2026-04-19 00:04:29.
0,26/44,45/47,Contraction_l_Alik_Bjlk_Cijk_Dijk,"(32,8192,1,8192)",Cijk_Alik_Bjlk_B8B8S_BH_GB_MT64x64x32_MI16x16x16x1_SN_GLVWA4_GLVWB4_GRVW4_K1_SS1_SVW1_WSGRA1_WSGRB1,NO_CHECK,217.162,19777.7,,0.3125,4,32,0.5,1,1,0.625,67371008,262144,,,,,,,,,,2026-04-19 00:04:29.
0,26/44,46/47,Contraction_l_Alik_Bjlk_Cijk_Dijk,"(32,8192,1,8192)",Cijk_Alik_Bjlk_B8B8S_BH_GB_MT64x64x32_MI16x16x16x1_SN_GLVWA8_GLVWB8_GRVW8_K1_SS1_SVW1_WSGRA1_WSGRB1,NO_CHECK,214.282,20043.5,,0.3125,4,32,0.5,1,1,0.625,67371008,262144,,,,,,,,,,2026-04-19 00:04:29.
0,26/44,47/47,Contraction_l_Alik_Bjlk_Cijk_Dijk,"(32,8192,1,8192)",Cijk_Alik_Bjlk_B8B8S_BH_GB_MT64x64x32_MI16x16x16x1_SN_GLVWA16_GLVWB16_GRVW16_K1_SS1_SVW1_WSGRA1_WSGRB1,NO_CHECK,214.243,20047.2,,0.3125,4,32,0.5,1,1,0.625,67371008,262144,,,,,,,,,,2026-04-19 00:04:29.
0,27/44,0/47,Contraction_l_Alik_Bjlk_Cijk_Dijk,"(128,1024,1,1024)",Cijk_Alik_Bjlk_B8B8S_BH_GB_MT64x64x16_MI16x16x16x1_SN_GLVWA4_GLVWB4_GRVW4_K1_SS0_SVW4_WSGRA0_WSGRB0,NO_CHECK,52.921,5072.38,,0.25,1,32,1,1,1,0.25,4325376,131072,,,,,,,,,,2026-04-19 00:04:29.
0,27/44,1/47,Contraction_l_Alik_Bjlk_Cijk_Dijk,"(128,1024,1,1024)",Cijk_Alik_Bjlk_B8B8S_BH_GB_MT64x64x16_MI16x16x16x1_SN_GLVWA8_GLVWB8_GRVW8_K1_SS0_SVW4_WSGRA0_WSGRB0,NO_CHECK,42.72,6283.6,,0.25,1,32,1,1,1,0.25,4325376,131072,,,,,,,,,,2026-04-19 00:04:29.
0,27/44,2/47,Contraction_l_Alik_Bjlk_Cijk_Dijk,"(128,1024,1,1024)",Cijk_Alik_Bjlk_B8B8S_BH_GB_MT64x64x16_MI16x16x16x1_SN_GLVWA16_GLVWB16_GRVW16_K1_SS0_SVW4_WSGRA0_WSGRB0,NO_CHECK,44.121,6084.07,,0.25,1,32,1,1,1,0.25,4325376,131072,,,,,,,,,,2026-04-19 00:04:29.
0,27/44,3/47,Contraction_l_Alik_Bjlk_Cijk_Dijk,"(128,1024,1,1024)",Cijk_Alik_Bjlk_B8B8S_BH_GB_MT64x64x16_MI16x16x16x1_SN_GLVWA4_GLVWB4_GRVW4_K1_SS0_SVW4_WSGRA1_WSGRB0,NO_CHECK,43.561,6162.29,,0.25,1,32,1,1,1,0.25,4325376,131072,,,,,,,,,,2026-04-19 00:04:29.
0,27/44,4/47,Contraction_l_Alik_Bjlk_Cijk_Dijk,"(128,1024,1,1024)",Cijk_Alik_Bjlk_B8B8S_BH_GB_MT64x64x16_MI16x16x16x1_SN_GLVWA8_GLVWB8_GRVW8_K1_SS0_SVW4_WSGRA1_WSGRB0,NO_CHECK,44.041,6095.13,,0.25,1,32,1,1,1,0.25,4325376,131072,,,,,,,,,,2026-04-19 00:04:29.
0,27/44,5/47,Contraction_l_Alik_Bjlk_Cijk_Dijk,"(128,1024,1,1024)",Cijk_Alik_Bjlk_B8B8S_BH_GB_MT64x64x16_MI16x16x16x1_SN_GLVWA16_GLVWB16_GRVW16_K1_SS0_SVW4_WSGRA1_WSGRB0,NO_CHECK,43.281,6202.15,,0.25,1,32,1,1,1,0.25,4325376,131072,,,,,,,,,,2026-04-19 00:04:29.
0,27/44,6/47,Contraction_l_Alik_Bjlk_Cijk_Dijk,"(128,1024,1,1024)",Cijk_Alik_Bjlk_B8B8S_BH_GB_MT64x64x16_MI16x16x16x1_SN_GLVWA4_GLVWB4_GRVW4_K1_SS0_SVW4_WSGRA0_WSGRB1,NO_CHECK,44.28,6062.23,,0.25,1,32,1,1,1,0.25,4325376,131072,,,,,,,,,,2026-04-19 00:04:29.
0,27/44,7/47,Contraction_l_Alik_Bjlk_Cijk_Dijk,"(128,1024,1,1024)",Cijk_Alik_Bjlk_B8B8S_BH_GB_MT64x64x16_MI16x16x16x1_SN_GLVWA8_GLVWB8_GRVW8_K1_SS0_SVW4_WSGRA0_WSGRB1,NO_CHECK,43.52,6168.09,,0.25,1,32,1,1,1,0.25,4325376,131072,,,,,,,,,,2026-04-19 00:04:29.
0,27/44,8/47,Contraction_l_Alik_Bjlk_Cijk_Dijk,"(128,1024,1,1024)",Cijk_Alik_Bjlk_B8B8S_BH_GB_MT64x64x16_MI16x16x16x1_SN_GLVWA16_GLVWB16_GRVW16_K1_SS0_SVW4_WSGRA0_WSGRB1,NO_CHECK,42.641,6295.24,,0.25,1,32,1,1,1,0.25,4325376,131072,,,,,,,,,,2026-04-19 00:04:29.
0,27/44,9/47,Contraction_l_Alik_Bjlk_Cijk_Dijk,"(128,1024,1,1024)",Cijk_Alik_Bjlk_B8B8S_BH_GB_MT64x64x16_MI16x16x16x1_SN_GLVWA4_GLVWB4_GRVW4_K1_SS0_SVW4_WSGRA1_WSGRB1,NO_CHECK,44.24,6067.71,,0.25,1,32,1,1,1,0.25,4325376,131072,,,,,,,,,,2026-04-19 00:04:29.
0,27/44,10/47,Contraction_l_Alik_Bjlk_Cijk_Dijk,"(128,1024,1,1024)",Cijk_Alik_Bjlk_B8B8S_BH_GB_MT64x64x16_MI16x16x16x1_SN_GLVWA8_GLVWB8_GRVW8_K1_SS0_SVW4_WSGRA1_WSGRB1,NO_CHECK,42.961,6248.35,,0.25,1,32,1,1,1,0.25,4325376,131072,,,,,,,,,,2026-04-19 00:04:29.
0,27/44,11/47,Contraction_l_Alik_Bjlk_Cijk_Dijk,"(128,1024,1,1024)",Cijk_Alik_Bjlk_B8B8S_BH_GB_MT64x64x16_MI16x16x16x1_SN_GLVWA16_GLVWB16_GRVW16_K1_SS0_SVW4_WSGRA1_WSGRB1,NO_CHECK,42.441,6324.91,,0.25,1,32,1,1,1,0.25,4325376,131072,,,,,,,,,,2026-04-19 00:04:29.
0,27/44,12/47,Contraction_l_Alik_Bjlk_Cijk_Dijk,"(128,1024,1,1024)",Cijk_Alik_Bjlk_B8B8S_BH_GB_MT64x64x32_MI16x16x16x1_SN_GLVWA4_GLVWB4_GRVW4_K1_SS0_SVW4_WSGRA0_WSGRB0,NO_CHECK,42.84,6266,,0.25,1,32,1,1,1,0.25,4325376,131072,,,,,,,,,,2026-04-19 00:04:29.
0,27/44,13/47,Contraction_l_Alik_Bjlk_Cijk_Dijk,"(128,1024,1,1024)",Cijk_Alik_Bjlk_B8B8S_BH_GB_MT64x64x32_MI16x16x16x1_SN_GLVWA8_GLVWB8_GRVW8_K1_SS0_SVW4_WSGRA0_WSGRB0,NO_CHECK,40.92,6560.01,,0.25,1,32,1,1,1,0.25,4325376,131072,,,,,,,,,,2026-04-19 00:04:29.
0,27/44,14/47,Contraction_l_Alik_Bjlk_Cijk_Dijk,"(128,1024,1,1024)",Cijk_Alik_Bjlk_B8B8S_BH_GB_MT64x64x32_MI16x16x16x1_SN_GLVWA16_GLVWB16_GRVW16_K1_SS0_SVW4_WSGRA0_WSGRB0,NO_CHECK,40.44,6637.87,,0.25,1,32,1,1,1,0.25,4325376,131072,,,,,,,,,,2026-04-19 00:04:29.
0,27/44,15/47,Contraction_l_Alik_Bjlk_Cijk_Dijk,"(128,1024,1,1024)",Cijk_Alik_Bjlk_B8B8S_BH_GB_MT64x64x32_MI16x16x16x1_SN_GLVWA4_GLVWB4_GRVW4_K1_SS0_SVW4_WSGRA1_WSGRB0,NO_CHECK,43.041,6236.74,,0.25,1,32,1,1,1,0.25,4325376,131072,,,,,,,,,,2026-04-19 00:04:29.
0,27/44,16/47,Contraction_l_Alik_Bjlk_Cijk_Dijk,"(128,1024,1,1024)",Cijk_Alik_Bjlk_B8B8S_BH_GB_MT64x64x32_MI16x16x16x1_SN_GLVWA8_GLVWB8_GRVW8_K1_SS0_SVW4_WSGRA1_WSGRB0,NO_CHECK,49.761,5394.49,,0.25,1,32,1,1,1,0.25,4325376,131072,,,,,,,,,,2026-04-19 00:04:29.
0,27/44,17/47,Contraction_l_Alik_Bjlk_Cijk_Dijk,"(128,1024,1,1024)",Cijk_Alik_Bjlk_B8B8S_BH_GB_MT64x64x32_MI16x16x16x1_SN_GLVWA16_GLVWB16_GRVW16_K1_SS0_SVW4_WSGRA1_WSGRB0,NO_CHECK,40.8,6579.3,,0.25,1,32,1,1,1,0.25,4325376,131072,,,,,,,,,,2026-04-19 00:04:29.
0,27/44,18/47,Contraction_l_Alik_Bjlk_Cijk_Dijk,"(128,1024,1,1024)",Cijk_Alik_Bjlk_B8B8S_BH_GB_MT64x64x32_MI16x16x16x1_SN_GLVWA4_GLVWB4_GRVW4_K1_SS0_SVW4_WSGRA0_WSGRB1,NO_CHECK,43.801,6128.52,,0.25,1,32,1,1,1,0.25,4325376,131072,,,,,,,,,,2026-04-19 00:04:29.
0,27/44,19/47,Contraction_l_Alik_Bjlk_Cijk_Dijk,"(128,1024,1,1024)",Cijk_Alik_Bjlk_B8B8S_BH_GB_MT64x64x32_MI16x16x16x1_SN_GLVWA8_GLVWB8_GRVW8_K1_SS0_SVW4_WSGRA0_WSGRB1,NO_CHECK,41.921,6403.36,,0.25,1,32,1,1,1,0.25,4325376,131072,,,,,,,,,,2026-04-19 00:04:29.
0,27/44,20/47,Contraction_l_Alik_Bjlk_Cijk_Dijk,"(128,1024,1,1024)",Cijk_Alik_Bjlk_B8B8S_BH_GB_MT64x64x32_MI16x16x16x1_SN_GLVWA16_GLVWB16_GRVW16_K1_SS0_SVW4_WSGRA0_WSGRB1,NO_CHECK,41.801,6421.75,,0.25,1,32,1,1,1,0.25,4325376,131072,,,,,,,,,,2026-04-19 00:04:29.
0,27/44,21/47,Contraction_l_Alik_Bjlk_Cijk_Dijk,"(128,1024,1,1024)",Cijk_Alik_Bjlk_B8B8S_BH_GB_MT64x64x32_MI16x16x16x1_SN_GLVWA4_GLVWB4_GRVW4_K1_SS0_SVW4_WSGRA1_WSGRB1,NO_CHECK,43.48,6173.77,,0.25,1,32,1,1,1,0.25,4325376,131072,,,,,,,,,,2026-04-19 00:04:29.
0,27/44,22/47,Contraction_l_Alik_Bjlk_Cijk_Dijk,"(128,1024,1,1024)",Cijk_Alik_Bjlk_B8B8S_BH_GB_MT64x64x32_MI16x16x16x1_SN_GLVWA8_GLVWB8_GRVW8_K1_SS0_SVW4_WSGRA1_WSGRB1,NO_CHECK,41.52,6465.21,,0.25,1,32,1,1,1,0.25,4325376,131072,,,,,,,,,,2026-04-19 00:04:29.
0,27/44,23/47,Contraction_l_Alik_Bjlk_Cijk_Dijk,"(128,1024,1,1024)",Cijk_Alik_Bjlk_B8B8S_BH_GB_MT64x64x32_MI16x16x16x1_SN_GLVWA16_GLVWB16_GRVW16_K1_SS0_SVW4_WSGRA1_WSGRB1,NO_CHECK,40.681,6598.55,,0.25,1,32,1,1,1,0.25,4325376,131072,,,,,,,,,,2026-04-19 00:04:29.
0,27/44,24/47,Contraction_l_Alik_Bjlk_Cijk_Dijk,"(128,1024,1,1024)",Cijk_Alik_Bjlk_B8B8S_BH_GB_MT64x64x16_MI16x16x16x1_SN_GLVWA4_GLVWB4_GRVW4_K1_SS1_SVW1_WSGRA0_WSGRB0,NO_CHECK,48.36,5550.77,,0.25,1,32,1,1,1,0.25,4325376,131072,,,,,,,,,,2026-04-19 00:04:29.
0,27/44,25/47,Contraction_l_Alik_Bjlk_Cijk_Dijk,"(128,1024,1,1024)",Cijk_Alik_Bjlk_B8B8S_BH_GB_MT64x64x16_MI16x16x16x1_SN_GLVWA8_GLVWB8_GRVW8_K1_SS1_SVW1_WSGRA0_WSGRB0,NO_CHECK,46.32,5795.24,,0.25,1,32,1,1,1,0.25,4325376,131072,,,,,,,,,,2026-04-19 00:04:29.
0,27/44,26/47,Contraction_l_Alik_Bjlk_Cijk_Dijk,"(128,1024,1,1024)",Cijk_Alik_Bjlk_B8B8S_BH_GB_MT64x64x16_MI16x16x16x1_SN_GLVWA16_GLVWB16_GRVW16_K1_SS1_SVW1_WSGRA0_WSGRB0,NO_CHECK,47.281,5677.45,,0.25,1,32,1,1,1,0.25,4325376,131072,,,,,,,,,,2026-04-19 00:04:29.
0,27/44,27/47,Contraction_l_Alik_Bjlk_Cijk_Dijk,"(128,1024,1,1024)",Cijk_Alik_Bjlk_B8B8S_BH_GB_MT64x64x16_MI16x16x16x1_SN_GLVWA4_GLVWB4_GRVW4_K1_SS1_SVW1_WSGRA1_WSGRB0,NO_CHECK,48.36,5550.77,,0.25,1,32,1,1,1,0.25,4325376,131072,,,,,,,,,,2026-04-19 00:04:29.
0,27/44,28/47,Contraction_l_Alik_Bjlk_Cijk_Dijk,"(128,1024,1,1024)",Cijk_Alik_Bjlk_B8B8S_BH_GB_MT64x64x16_MI16x16x16x1_SN_GLVWA8_GLVWB8_GRVW8_K1_SS1_SVW1_WSGRA1_WSGRB0,NO_CHECK,46.44,5780.26,,0.25,1,32,1,1,1,0.25,4325376,131072,,,,,,,,,,2026-04-19 00:04:29.
0,27/44,29/47,Contraction_l_Alik_Bjlk_Cijk_Dijk,"(128,1024,1,1024)",Cijk_Alik_Bjlk_B8B8S_BH_GB_MT64x64x16_MI16x16x16x1_SN_GLVWA16_GLVWB16_GRVW16_K1_SS1_SVW1_WSGRA1_WSGRB0,NO_CHECK,47.841,5610.99,,0.25,1,32,1,1,1,0.25,4325376,131072,,,,,,,,,,2026-04-19 00:04:29.
0,27/44,30/47,Contraction_l_Alik_Bjlk_Cijk_Dijk,"(128,1024,1,1024)",Cijk_Alik_Bjlk_B8B8S_BH_GB_MT64x64x16_MI16x16x16x1_SN_GLVWA4_GLVWB4_GRVW4_K1_SS1_SVW1_WSGRA0_WSGRB1,NO_CHECK,46.28,5800.25,,0.25,1,32,1,1,1,0.25,4325376,131072,,,,,,,,,,2026-04-19 00:04:29.
0,27/44,31/47,Contraction_l_Alik_Bjlk_Cijk_Dijk,"(128,1024,1,1024)",Cijk_Alik_Bjlk_B8B8S_BH_GB_MT64x64x16_MI16x16x16x1_SN_GLVWA8_GLVWB8_GRVW8_K1_SS1_SVW1_WSGRA0_WSGRB1,NO_CHECK,47.8,5615.8,,0.25,1,32,1,1,1,0.25,4325376,131072,,,,,,,,,,2026-04-19 00:04:29.
0,27/44,32/47,Contraction_l_Alik_Bjlk_Cijk_Dijk,"(128,1024,1,1024)",Cijk_Alik_Bjlk_B8B8S_BH_GB_MT64x64x16_MI16x16x16x1_SN_GLVWA16_GLVWB16_GRVW16_K1_SS1_SVW1_WSGRA0_WSGRB1,NO_CHECK,47.881,5606.3,,0.25,1,32,1,1,1,0.25,4325376,131072,,,,,,,,,,2026-04-19 00:04:29.
0,27/44,33/47,Contraction_l_Alik_Bjlk_Cijk_Dijk,"(128,1024,1,1024)",Cijk_Alik_Bjlk_B8B8S_BH_GB_MT64x64x16_MI16x16x16x1_SN_GLVWA4_GLVWB4_GRVW4_K1_SS1_SVW1_WSGRA1_WSGRB1,NO_CHECK,47.561,5644.02,,0.25,1,32,1,1,1,0.25,4325376,131072,,,,,,,,,,2026-04-19 00:04:29.
0,27/44,34/47,Contraction_l_Alik_Bjlk_Cijk_Dijk,"(128,1024,1,1024)",Cijk_Alik_Bjlk_B8B8S_BH_GB_MT64x64x16_MI16x16x16x1_SN_GLVWA8_GLVWB8_GRVW8_K1_SS1_SVW1_WSGRA1_WSGRB1,NO_CHECK,47.041,5706.41,,0.25,1,32,1,1,1,0.25,4325376,131072,,,,,,,,,,2026-04-19 00:04:29.
0,27/44,35/47,Contraction_l_Alik_Bjlk_Cijk_Dijk,"(128,1024,1,1024)",Cijk_Alik_Bjlk_B8B8S_BH_GB_MT64x64x16_MI16x16x16x1_SN_GLVWA16_GLVWB16_GRVW16_K1_SS1_SVW1_WSGRA1_WSGRB1,NO_CHECK,46.801,5735.68,,0.25,1,32,1,1,1,0.25,4325376,131072,,,,,,,,,,2026-04-19 00:04:29.
0,27/44,36/47,Contraction_l_Alik_Bjlk_Cijk_Dijk,"(128,1024,1,1024)",Cijk_Alik_Bjlk_B8B8S_BH_GB_MT64x64x32_MI16x16x16x1_SN_GLVWA4_GLVWB4_GRVW4_K1_SS1_SVW1_WSGRA0_WSGRB0,NO_CHECK,45.441,5907.34,,0.25,1,32,1,1,1,0.25,4325376,131072,,,,,,,,,,2026-04-19 00:04:29.
0,27/44,37/47,Contraction_l_Alik_Bjlk_Cijk_Dijk,"(128,1024,1,1024)",Cijk_Alik_Bjlk_B8B8S_BH_GB_MT64x64x32_MI16x16x16x1_SN_GLVWA8_GLVWB8_GRVW8_K1_SS1_SVW1_WSGRA0_WSGRB0,NO_CHECK,45.76,5866.16,,0.25,1,32,1,1,1,0.25,4325376,131072,,,,,,,,,,2026-04-19 00:04:29.
0,27/44,38/47,Contraction_l_Alik_Bjlk_Cijk_Dijk,"(128,1024,1,1024)",Cijk_Alik_Bjlk_B8B8S_BH_GB_MT64x64x32_MI16x16x16x1_SN_GLVWA16_GLVWB16_GRVW16_K1_SS1_SVW1_WSGRA0_WSGRB0,NO_CHECK,44.28,6062.23,,0.25,1,32,1,1,1,0.25,4325376,131072,,,,,,,,,,2026-04-19 00:04:29.
0,27/44,39/47,Contraction_l_Alik_Bjlk_Cijk_Dijk,"(128,1024,1,1024)",Cijk_Alik_Bjlk_B8B8S_BH_GB_MT64x64x32_MI16x16x16x1_SN_GLVWA4_GLVWB4_GRVW4_K1_SS1_SVW1_WSGRA1_WSGRB0,NO_CHECK,53.001,5064.72,,0.25,1,32,1,1,1,0.25,4325376,131072,,,,,,,,,,2026-04-19 00:04:29.
0,27/44,40/47,Contraction_l_Alik_Bjlk_Cijk_Dijk,"(128,1024,1,1024)",Cijk_Alik_Bjlk_B8B8S_BH_GB_MT64x64x32_MI16x16x16x1_SN_GLVWA8_GLVWB8_GRVW8_K1_SS1_SVW1_WSGRA1_WSGRB0,NO_CHECK,45.52,5897.09,,0.25,1,32,1,1,1,0.25,4325376,131072,,,,,,,,,,2026-04-19 00:04:29.
0,27/44,41/47,Contraction_l_Alik_Bjlk_Cijk_Dijk,"(128,1024,1,1024)",Cijk_Alik_Bjlk_B8B8S_BH_GB_MT64x64x32_MI16x16x16x1_SN_GLVWA16_GLVWB16_GRVW16_K1_SS1_SVW1_WSGRA1_WSGRB0,NO_CHECK,43.801,6128.52,,0.25,1,32,1,1,1,0.25,4325376,131072,,,,,,,,,,2026-04-19 00:04:29.
0,27/44,42/47,Contraction_l_Alik_Bjlk_Cijk_Dijk,"(128,1024,1,1024)",Cijk_Alik_Bjlk_B8B8S_BH_GB_MT64x64x32_MI16x16x16x1_SN_GLVWA4_GLVWB4_GRVW4_K1_SS1_SVW1_WSGRA0_WSGRB1,NO_CHECK,45.6,5886.74,,0.25,1,32,1,1,1,0.25,4325376,131072,,,,,,,,,,2026-04-19 00:04:29.
0,27/44,43/47,Contraction_l_Alik_Bjlk_Cijk_Dijk,"(128,1024,1,1024)",Cijk_Alik_Bjlk_B8B8S_BH_GB_MT64x64x32_MI16x16x16x1_SN_GLVWA8_GLVWB8_GRVW8_K1_SS1_SVW1_WSGRA0_WSGRB1,NO_CHECK,45.121,5949.24,,0.25,1,32,1,1,1,0.25,4325376,131072,,,,,,,,,,2026-04-19 00:04:29.
0,27/44,44/47,Contraction_l_Alik_Bjlk_Cijk_Dijk,"(128,1024,1,1024)",Cijk_Alik_Bjlk_B8B8S_BH_GB_MT64x64x32_MI16x16x16x1_SN_GLVWA16_GLVWB16_GRVW16_K1_SS1_SVW1_WSGRA0_WSGRB1,NO_CHECK,43.761,6134.13,,0.25,1,32,1,1,1,0.25,4325376,131072,,,,,,,,,,2026-04-19 00:04:29.
0,27/44,45/47,Contraction_l_Alik_Bjlk_Cijk_Dijk,"(128,1024,1,1024)",Cijk_Alik_Bjlk_B8B8S_BH_GB_MT64x64x32_MI16x16x16x1_SN_GLVWA4_GLVWB4_GRVW4_K1_SS1_SVW1_WSGRA1_WSGRB1,NO_CHECK,46.48,5775.29,,0.25,1,32,1,1,1,0.25,4325376,131072,,,,,,,,,,2026-04-19 00:04:29.
0,27/44,46/47,Contraction_l_Alik_Bjlk_Cijk_Dijk,"(128,1024,1,1024)",Cijk_Alik_Bjlk_B8B8S_BH_GB_MT64x64x32_MI16x16x16x1_SN_GLVWA8_GLVWB8_GRVW8_K1_SS1_SVW1_WSGRA1_WSGRB1,NO_CHECK,44.84,5986.52,,0.25,1,32,1,1,1,0.25,4325376,131072,,,,,,,,,,2026-04-19 00:04:29.
0,27/44,47/47,Contraction_l_Alik_Bjlk_Cijk_Dijk,"(128,1024,1,1024)",Cijk_Alik_Bjlk_B8B8S_BH_GB_MT64x64x32_MI16x16x16x1_SN_GLVWA16_GLVWB16_GRVW16_K1_SS1_SVW1_WSGRA1_WSGRB1,NO_CHECK,42.161,6366.91,,0.25,1,32,1,1,1,0.25,4325376,131072,,,,,,,,,,2026-04-19 00:04:29.
0,28/44,0/47,Contraction_l_Alik_Bjlk_Cijk_Dijk,"(128,1024,1,4096)",Cijk_Alik_Bjlk_B8B8S_BH_GB_MT64x64x16_MI16x16x16x1_SN_GLVWA4_GLVWB4_GRVW4_K1_SS0_SVW4_WSGRA0_WSGRB0,NO_CHECK,132.201,8122.04,,0.25,1,32,1,1,1,0.25,16908288,131072,,,,,,,,,,2026-04-19 00:04:29.
0,28/44,1/47,Contraction_l_Alik_Bjlk_Cijk_Dijk,"(128,1024,1,4096)",Cijk_Alik_Bjlk_B8B8S_BH_GB_MT64x64x16_MI16x16x16x1_SN_GLVWA8_GLVWB8_GRVW8_K1_SS0_SVW4_WSGRA0_WSGRB0,NO_CHECK,118.841,9035.11,,0.25,1,32,1,1,1,0.25,16908288,131072,,,,,,,,,,2026-04-19 00:04:29.
0,28/44,2/47,Contraction_l_Alik_Bjlk_Cijk_Dijk,"(128,1024,1,4096)",Cijk_Alik_Bjlk_B8B8S_BH_GB_MT64x64x16_MI16x16x16x1_SN_GLVWA16_GLVWB16_GRVW16_K1_SS0_SVW4_WSGRA0_WSGRB0,NO_CHECK,119.121,9013.88,,0.25,1,32,1,1,1,0.25,16908288,131072,,,,,,,,,,2026-04-19 00:04:29.
0,28/44,3/47,Contraction_l_Alik_Bjlk_Cijk_Dijk,"(128,1024,1,4096)",Cijk_Alik_Bjlk_B8B8S_BH_GB_MT64x64x16_MI16x16x16x1_SN_GLVWA4_GLVWB4_GRVW4_K1_SS0_SVW4_WSGRA1_WSGRB0,NO_CHECK,122.561,8760.88,,0.25,1,32,1,1,1,0.25,16908288,131072,,,,,,,,,,2026-04-19 00:04:29.
0,28/44,4/47,Contraction_l_Alik_Bjlk_Cijk_Dijk,"(128,1024,1,4096)",Cijk_Alik_Bjlk_B8B8S_BH_GB_MT64x64x16_MI16x16x16x1_SN_GLVWA8_GLVWB8_GRVW8_K1_SS0_SVW4_WSGRA1_WSGRB0,NO_CHECK,119.441,8989.73,,0.25,1,32,1,1,1,0.25,16908288,131072,,,,,,,,,,2026-04-19 00:04:29.
0,28/44,5/47,Contraction_l_Alik_Bjlk_Cijk_Dijk,"(128,1024,1,4096)",Cijk_Alik_Bjlk_B8B8S_BH_GB_MT64x64x16_MI16x16x16x1_SN_GLVWA16_GLVWB16_GRVW16_K1_SS0_SVW4_WSGRA1_WSGRB0,NO_CHECK,120.321,8923.98,,0.25,1,32,1,1,1,0.25,16908288,131072,,,,,,,,,,2026-04-19 00:04:29.
0,28/44,6/47,Contraction_l_Alik_Bjlk_Cijk_Dijk,"(128,1024,1,4096)",Cijk_Alik_Bjlk_B8B8S_BH_GB_MT64x64x16_MI16x16x16x1_SN_GLVWA4_GLVWB4_GRVW4_K1_SS0_SVW4_WSGRA0_WSGRB1,NO_CHECK,122.762,8746.53,,0.25,1,32,1,1,1,0.25,16908288,131072,,,,,,,,,,2026-04-19 00:04:29.
0,28/44,7/47,Contraction_l_Alik_Bjlk_Cijk_Dijk,"(128,1024,1,4096)",Cijk_Alik_Bjlk_B8B8S_BH_GB_MT64x64x16_MI16x16x16x1_SN_GLVWA8_GLVWB8_GRVW8_K1_SS0_SVW4_WSGRA0_WSGRB1,NO_CHECK,351.084,3058.36,,0.25,1,32,1,1,1,0.25,16908288,131072,,,,,,,,,,2026-04-19 00:04:29.
0,28/44,8/47,Contraction_l_Alik_Bjlk_Cijk_Dijk,"(128,1024,1,4096)",Cijk_Alik_Bjlk_B8B8S_BH_GB_MT64x64x16_MI16x16x16x1_SN_GLVWA16_GLVWB16_GRVW16_K1_SS0_SVW4_WSGRA0_WSGRB1,NO_CHECK,124.802,8603.56,,0.25,1,32,1,1,1,0.25,16908288,131072,,,,,,,,,,2026-04-19 00:04:29.
0,28/44,9/47,Contraction_l_Alik_Bjlk_Cijk_Dijk,"(128,1024,1,4096)",Cijk_Alik_Bjlk_B8B8S_BH_GB_MT64x64x16_MI16x16x16x1_SN_GLVWA4_GLVWB4_GRVW4_K1_SS0_SVW4_WSGRA1_WSGRB1,NO_CHECK,130.721,8214,,0.25,1,32,1,1,1,0.25,16908288,131072,,,,,,,,,,2026-04-19 00:04:29.
0,28/44,10/47,Contraction_l_Alik_Bjlk_Cijk_Dijk,"(128,1024,1,4096)",Cijk_Alik_Bjlk_B8B8S_BH_GB_MT64x64x16_MI16x16x16x1_SN_GLVWA8_GLVWB8_GRVW8_K1_SS0_SVW4_WSGRA1_WSGRB1,NO_CHECK,126.401,8494.73,,0.25,1,32,1,1,1,0.25,16908288,131072,,,,,,,,,,2026-04-19 00:04:29.
0,28/44,11/47,Contraction_l_Alik_Bjlk_Cijk_Dijk,"(128,1024,1,4096)",Cijk_Alik_Bjlk_B8B8S_BH_GB_MT64x64x16_MI16x16x16x1_SN_GLVWA16_GLVWB16_GRVW16_K1_SS0_SVW4_WSGRA1_WSGRB1,NO_CHECK,125.961,8524.4,,0.25,1,32,1,1,1,0.25,16908288,131072,,,,,,,,,,2026-04-19 00:04:29.
0,28/44,12/47,Contraction_l_Alik_Bjlk_Cijk_Dijk,"(128,1024,1,4096)",Cijk_Alik_Bjlk_B8B8S_BH_GB_MT64x64x32_MI16x16x16x1_SN_GLVWA4_GLVWB4_GRVW4_K1_SS0_SVW4_WSGRA0_WSGRB0,NO_CHECK,102.921,10432.7,,0.25,1,32,1,1,1,0.25,16908288,131072,,,,,,,,,,2026-04-19 00:04:29.
0,28/44,13/47,Contraction_l_Alik_Bjlk_Cijk_Dijk,"(128,1024,1,4096)",Cijk_Alik_Bjlk_B8B8S_BH_GB_MT64x64x32_MI16x16x16x1_SN_GLVWA8_GLVWB8_GRVW8_K1_SS0_SVW4_WSGRA0_WSGRB0,NO_CHECK,101.161,10614.2,,0.25,1,32,1,1,1,0.25,16908288,131072,,,,,,,,,,2026-04-19 00:04:29.
0,28/44,14/47,Contraction_l_Alik_Bjlk_Cijk_Dijk,"(128,1024,1,4096)",Cijk_Alik_Bjlk_B8B8S_BH_GB_MT64x64x32_MI16x16x16x1_SN_GLVWA16_GLVWB16_GRVW16_K1_SS0_SVW4_WSGRA0_WSGRB0,NO_CHECK,100.441,10690.3,,0.25,1,32,1,1,1,0.25,16908288,131072,,,,,,,,,,2026-04-19 00:04:29.
0,28/44,15/47,Contraction_l_Alik_Bjlk_Cijk_Dijk,"(128,1024,1,4096)",Cijk_Alik_Bjlk_B8B8S_BH_GB_MT64x64x32_MI16x16x16x1_SN_GLVWA4_GLVWB4_GRVW4_K1_SS0_SVW4_WSGRA1_WSGRB0,NO_CHECK,102.841,10440.8,,0.25,1,32,1,1,1,0.25,16908288,131072,,,,,,,,,,2026-04-19 00:04:29.
0,28/44,16/47,Contraction_l_Alik_Bjlk_Cijk_Dijk,"(128,1024,1,4096)",Cijk_Alik_Bjlk_B8B8S_BH_GB_MT64x64x32_MI16x16x16x1_SN_GLVWA8_GLVWB8_GRVW8_K1_SS0_SVW4_WSGRA1_WSGRB0,NO_CHECK,110.641,9704.74,,0.25,1,32,1,1,1,0.25,16908288,131072,,,,,,,,,,2026-04-19 00:04:29.
0,28/44,17/47,Contraction_l_Alik_Bjlk_Cijk_Dijk,"(128,1024,1,4096)",Cijk_Alik_Bjlk_B8B8S_BH_GB_MT64x64x32_MI16x16x16x1_SN_GLVWA16_GLVWB16_GRVW16_K1_SS0_SVW4_WSGRA1_WSGRB0,NO_CHECK,100.121,10724.4,,0.25,1,32,1,1,1,0.25,16908288,131072,,,,,,,,,,2026-04-19 00:04:29.
0,28/44,18/47,Contraction_l_Alik_Bjlk_Cijk_Dijk,"(128,1024,1,4096)",Cijk_Alik_Bjlk_B8B8S_BH_GB_MT64x64x32_MI16x16x16x1_SN_GLVWA4_GLVWB4_GRVW4_K1_SS0_SVW4_WSGRA0_WSGRB1,NO_CHECK,101.682,10559.8,,0.25,1,32,1,1,1,0.25,16908288,131072,,,,,,,,,,2026-04-19 00:04:29.
0,28/44,19/47,Contraction_l_Alik_Bjlk_Cijk_Dijk,"(128,1024,1,4096)",Cijk_Alik_Bjlk_B8B8S_BH_GB_MT64x64x32_MI16x16x16x1_SN_GLVWA8_GLVWB8_GRVW8_K1_SS0_SVW4_WSGRA0_WSGRB1,NO_CHECK,101.361,10593.2,,0.25,1,32,1,1,1,0.25,16908288,131072,,,,,,,,,,2026-04-19 00:04:29.
0,28/44,20/47,Contraction_l_Alik_Bjlk_Cijk_Dijk,"(128,1024,1,4096)",Cijk_Alik_Bjlk_B8B8S_BH_GB_MT64x64x32_MI16x16x16x1_SN_GLVWA16_GLVWB16_GRVW16_K1_SS0_SVW4_WSGRA0_WSGRB1,NO_CHECK,101.281,10601.6,,0.25,1,32,1,1,1,0.25,16908288,131072,,,,,,,,,,2026-04-19 00:04:29.
0,28/44,21/47,Contraction_l_Alik_Bjlk_Cijk_Dijk,"(128,1024,1,4096)",Cijk_Alik_Bjlk_B8B8S_BH_GB_MT64x64x32_MI16x16x16x1_SN_GLVWA4_GLVWB4_GRVW4_K1_SS0_SVW4_WSGRA1_WSGRB1,NO_CHECK,103.521,10372.2,,0.25,1,32,1,1,1,0.25,16908288,131072,,,,,,,,,,2026-04-19 00:04:29.
0,28/44,22/47,Contraction_l_Alik_Bjlk_Cijk_Dijk,"(128,1024,1,4096)",Cijk_Alik_Bjlk_B8B8S_BH_GB_MT64x64x32_MI16x16x16x1_SN_GLVWA8_GLVWB8_GRVW8_K1_SS0_SVW4_WSGRA1_WSGRB1,NO_CHECK,100.761,10656.3,,0.25,1,32,1,1,1,0.25,16908288,131072,,,,,,,,,,2026-04-19 00:04:29.
0,28/44,23/47,Contraction_l_Alik_Bjlk_Cijk_Dijk,"(128,1024,1,4096)",Cijk_Alik_Bjlk_B8B8S_BH_GB_MT64x64x32_MI16x16x16x1_SN_GLVWA16_GLVWB16_GRVW16_K1_SS0_SVW4_WSGRA1_WSGRB1,NO_CHECK,102.281,10498,,0.25,1,32,1,1,1,0.25,16908288,131072,,,,,,,,,,2026-04-19 00:04:29.
0,28/44,24/47,Contraction_l_Alik_Bjlk_Cijk_Dijk,"(128,1024,1,4096)",Cijk_Alik_Bjlk_B8B8S_BH_GB_MT64x64x16_MI16x16x16x1_SN_GLVWA4_GLVWB4_GRVW4_K1_SS1_SVW1_WSGRA0_WSGRB0,NO_CHECK,128.161,8378.07,,0.25,1,32,1,1,1,0.25,16908288,131072,,,,,,,,,,2026-04-19 00:04:29.
0,28/44,25/47,Contraction_l_Alik_Bjlk_Cijk_Dijk,"(128,1024,1,4096)",Cijk_Alik_Bjlk_B8B8S_BH_GB_MT64x64x16_MI16x16x16x1_SN_GLVWA8_GLVWB8_GRVW8_K1_SS1_SVW1_WSGRA0_WSGRB0,NO_CHECK,125.761,8537.96,,0.25,1,32,1,1,1,0.25,16908288,131072,,,,,,,,,,2026-04-19 00:04:29.
0,28/44,26/47,Contraction_l_Alik_Bjlk_Cijk_Dijk,"(128,1024,1,4096)",Cijk_Alik_Bjlk_B8B8S_BH_GB_MT64x64x16_MI16x16x16x1_SN_GLVWA16_GLVWB16_GRVW16_K1_SS1_SVW1_WSGRA0_WSGRB0,NO_CHECK,126.681,8475.95,,0.25,1,32,1,1,1,0.25,16908288,131072,,,,,,,,,,2026-04-19 00:04:29.
0,28/44,27/47,Contraction_l_Alik_Bjlk_Cijk_Dijk,"(128,1024,1,4096)",Cijk_Alik_Bjlk_B8B8S_BH_GB_MT64x64x16_MI16x16x16x1_SN_GLVWA4_GLVWB4_GRVW4_K1_SS1_SVW1_WSGRA1_WSGRB0,NO_CHECK,131.242,8181.39,,0.25,1,32,1,1,1,0.25,16908288,131072,,,,,,,,,,2026-04-19 00:04:29.
0,28/44,28/47,Contraction_l_Alik_Bjlk_Cijk_Dijk,"(128,1024,1,4096)",Cijk_Alik_Bjlk_B8B8S_BH_GB_MT64x64x16_MI16x16x16x1_SN_GLVWA8_GLVWB8_GRVW8_K1_SS1_SVW1_WSGRA1_WSGRB0,NO_CHECK,126.042,8518.92,,0.25,1,32,1,1,1,0.25,16908288,131072,,,,,,,,,,2026-04-19 00:04:29.
0,28/44,29/47,Contraction_l_Alik_Bjlk_Cijk_Dijk,"(128,1024,1,4096)",Cijk_Alik_Bjlk_B8B8S_BH_GB_MT64x64x16_MI16x16x16x1_SN_GLVWA16_GLVWB16_GRVW16_K1_SS1_SVW1_WSGRA1_WSGRB0,NO_CHECK,128.841,8333.85,,0.25,1,32,1,1,1,0.25,16908288,131072,,,,,,,,,,2026-04-19 00:04:29.
0,28/44,30/47,Contraction_l_Alik_Bjlk_Cijk_Dijk,"(128,1024,1,4096)",Cijk_Alik_Bjlk_B8B8S_BH_GB_MT64x64x16_MI16x16x16x1_SN_GLVWA4_GLVWB4_GRVW4_K1_SS1_SVW1_WSGRA0_WSGRB1,NO_CHECK,129.521,8290.1,,0.25,1,32,1,1,1,0.25,16908288,131072,,,,,,,,,,2026-04-19 00:04:29.
0,28/44,31/47,Contraction_l_Alik_Bjlk_Cijk_Dijk,"(128,1024,1,4096)",Cijk_Alik_Bjlk_B8B8S_BH_GB_MT64x64x16_MI16x16x16x1_SN_GLVWA8_GLVWB8_GRVW8_K1_SS1_SVW1_WSGRA0_WSGRB1,NO_CHECK,126.681,8475.95,,0.25,1,32,1,1,1,0.25,16908288,131072,,,,,,,,,,2026-04-19 00:04:29.
0,28/44,32/47,Contraction_l_Alik_Bjlk_Cijk_Dijk,"(128,1024,1,4096)",Cijk_Alik_Bjlk_B8B8S_BH_GB_MT64x64x16_MI16x16x16x1_SN_GLVWA16_GLVWB16_GRVW16_K1_SS1_SVW1_WSGRA0_WSGRB1,NO_CHECK,134.442,7986.65,,0.25,1,32,1,1,1,0.25,16908288,131072,,,,,,,,,,2026-04-19 00:04:29.
0,28/44,33/47,Contraction_l_Alik_Bjlk_Cijk_Dijk,"(128,1024,1,4096)",Cijk_Alik_Bjlk_B8B8S_BH_GB_MT64x64x16_MI16x16x16x1_SN_GLVWA4_GLVWB4_GRVW4_K1_SS1_SVW1_WSGRA1_WSGRB1,NO_CHECK,130.161,8249.34,,0.25,1,32,1,1,1,0.25,16908288,131072,,,,,,,,,,2026-04-19 00:04:29.
0,28/44,34/47,Contraction_l_Alik_Bjlk_Cijk_Dijk,"(128,1024,1,4096)",Cijk_Alik_Bjlk_B8B8S_BH_GB_MT64x64x16_MI16x16x16x1_SN_GLVWA8_GLVWB8_GRVW8_K1_SS1_SVW1_WSGRA1_WSGRB1,NO_CHECK,126.961,8457.26,,0.25,1,32,1,1,1,0.25,16908288,131072,,,,,,,,,,2026-04-19 00:04:29.
0,28/44,35/47,Contraction_l_Alik_Bjlk_Cijk_Dijk,"(128,1024,1,4096)",Cijk_Alik_Bjlk_B8B8S_BH_GB_MT64x64x16_MI16x16x16x1_SN_GLVWA16_GLVWB16_GRVW16_K1_SS1_SVW1_WSGRA1_WSGRB1,NO_CHECK,126.481,8489.35,,0.25,1,32,1,1,1,0.25,16908288,131072,,,,,,,,,,2026-04-19 00:04:29.
0,28/44,36/47,Contraction_l_Alik_Bjlk_Cijk_Dijk,"(128,1024,1,4096)",Cijk_Alik_Bjlk_B8B8S_BH_GB_MT64x64x32_MI16x16x16x1_SN_GLVWA4_GLVWB4_GRVW4_K1_SS1_SVW1_WSGRA0_WSGRB0,NO_CHECK,102.361,10489.8,,0.25,1,32,1,1,1,0.25,16908288,131072,,,,,,,,,,2026-04-19 00:04:29.
0,28/44,37/47,Contraction_l_Alik_Bjlk_Cijk_Dijk,"(128,1024,1,4096)",Cijk_Alik_Bjlk_B8B8S_BH_GB_MT64x64x32_MI16x16x16x1_SN_GLVWA8_GLVWB8_GRVW8_K1_SS1_SVW1_WSGRA0_WSGRB0,NO_CHECK,101.241,10605.8,,0.25,1,32,1,1,1,0.25,16908288,131072,,,,,,,,,,2026-04-19 00:04:29.
0,28/44,38/47,Contraction_l_Alik_Bjlk_Cijk_Dijk,"(128,1024,1,4096)",Cijk_Alik_Bjlk_B8B8S_BH_GB_MT64x64x32_MI16x16x16x1_SN_GLVWA16_GLVWB16_GRVW16_K1_SS1_SVW1_WSGRA0_WSGRB0,NO_CHECK,100.921,10639.4,,0.25,1,32,1,1,1,0.25,16908288,131072,,,,,,,,,,2026-04-19 00:04:29.
0,28/44,39/47,Contraction_l_Alik_Bjlk_Cijk_Dijk,"(128,1024,1,4096)",Cijk_Alik_Bjlk_B8B8S_BH_GB_MT64x64x32_MI16x16x16x1_SN_GLVWA4_GLVWB4_GRVW4_K1_SS1_SVW1_WSGRA1_WSGRB0,NO_CHECK,102.801,10444.9,,0.25,1,32,1,1,1,0.25,16908288,131072,,,,,,,,,,2026-04-19 00:04:29.
0,28/44,40/47,Contraction_l_Alik_Bjlk_Cijk_Dijk,"(128,1024,1,4096)",Cijk_Alik_Bjlk_B8B8S_BH_GB_MT64x64x32_MI16x16x16x1_SN_GLVWA8_GLVWB8_GRVW8_K1_SS1_SVW1_WSGRA1_WSGRB0,NO_CHECK,101.201,10610,,0.25,1,32,1,1,1,0.25,16908288,131072,,,,,,,,,,2026-04-19 00:04:29.
0,28/44,41/47,Contraction_l_Alik_Bjlk_Cijk_Dijk,"(128,1024,1,4096)",Cijk_Alik_Bjlk_B8B8S_BH_GB_MT64x64x32_MI16x16x16x1_SN_GLVWA16_GLVWB16_GRVW16_K1_SS1_SVW1_WSGRA1_WSGRB0,NO_CHECK,101.161,10614.2,,0.25,1,32,1,1,1,0.25,16908288,131072,,,,,,,,,,2026-04-19 00:04:29.
0,28/44,42/47,Contraction_l_Alik_Bjlk_Cijk_Dijk,"(128,1024,1,4096)",Cijk_Alik_Bjlk_B8B8S_BH_GB_MT64x64x32_MI16x16x16x1_SN_GLVWA4_GLVWB4_GRVW4_K1_SS1_SVW1_WSGRA0_WSGRB1,NO_CHECK,103.361,10388.3,,0.25,1,32,1,1,1,0.25,16908288,131072,,,,,,,,,,2026-04-19 00:04:29.
0,28/44,43/47,Contraction_l_Alik_Bjlk_Cijk_Dijk,"(128,1024,1,4096)",Cijk_Alik_Bjlk_B8B8S_BH_GB_MT64x64x32_MI16x16x16x1_SN_GLVWA8_GLVWB8_GRVW8_K1_SS1_SVW1_WSGRA0_WSGRB1,NO_CHECK,101.202,10609.9,,0.25,1,32,1,1,1,0.25,16908288,131072,,,,,,,,,,2026-04-19 00:04:29.
0,28/44,44/47,Contraction_l_Alik_Bjlk_Cijk_Dijk,"(128,1024,1,4096)",Cijk_Alik_Bjlk_B8B8S_BH_GB_MT64x64x32_MI16x16x16x1_SN_GLVWA16_GLVWB16_GRVW16_K1_SS1_SVW1_WSGRA0_WSGRB1,NO_CHECK,102.482,10477.4,,0.25,1,32,1,1,1,0.25,16908288,131072,,,,,,,,,,2026-04-19 00:04:29.
0,28/44,45/47,Contraction_l_Alik_Bjlk_Cijk_Dijk,"(128,1024,1,4096)",Cijk_Alik_Bjlk_B8B8S_BH_GB_MT64x64x32_MI16x16x16x1_SN_GLVWA4_GLVWB4_GRVW4_K1_SS1_SVW1_WSGRA1_WSGRB1,NO_CHECK,104.001,10324.3,,0.25,1,32,1,1,1,0.25,16908288,131072,,,,,,,,,,2026-04-19 00:04:29.
0,28/44,46/47,Contraction_l_Alik_Bjlk_Cijk_Dijk,"(128,1024,1,4096)",Cijk_Alik_Bjlk_B8B8S_BH_GB_MT64x64x32_MI16x16x16x1_SN_GLVWA8_GLVWB8_GRVW8_K1_SS1_SVW1_WSGRA1_WSGRB1,NO_CHECK,101.601,10568.2,,0.25,1,32,1,1,1,0.25,16908288,131072,,,,,,,,,,2026-04-19 00:04:29.
0,28/44,47/47,Contraction_l_Alik_Bjlk_Cijk_Dijk,"(128,1024,1,4096)",Cijk_Alik_Bjlk_B8B8S_BH_GB_MT64x64x32_MI16x16x16x1_SN_GLVWA16_GLVWB16_GRVW16_K1_SS1_SVW1_WSGRA1_WSGRB1,NO_CHECK,101.041,10626.8,,0.25,1,32,1,1,1,0.25,16908288,131072,,,,,,,,,,2026-04-19 00:04:29.
0,29/44,0/47,Contraction_l_Alik_Bjlk_Cijk_Dijk,"(128,1024,1,8192)",Cijk_Alik_Bjlk_B8B8S_BH_GB_MT64x64x16_MI16x16x16x1_SN_GLVWA4_GLVWB4_GRVW4_K1_SS0_SVW4_WSGRA0_WSGRB0,NO_CHECK,289.243,7424.5,,0.25,1,32,1,1,1,0.25,33685504,131072,,,,,,,,,,2026-04-19 00:04:29.
0,29/44,1/47,Contraction_l_Alik_Bjlk_Cijk_Dijk,"(128,1024,1,8192)",Cijk_Alik_Bjlk_B8B8S_BH_GB_MT64x64x16_MI16x16x16x1_SN_GLVWA8_GLVWB8_GRVW8_K1_SS0_SVW4_WSGRA0_WSGRB0,NO_CHECK,251.683,8532.49,,0.25,1,32,1,1,1,0.25,33685504,131072,,,,,,,,,,2026-04-19 00:04:29.
0,29/44,2/47,Contraction_l_Alik_Bjlk_Cijk_Dijk,"(128,1024,1,8192)",Cijk_Alik_Bjlk_B8B8S_BH_GB_MT64x64x16_MI16x16x16x1_SN_GLVWA16_GLVWB16_GRVW16_K1_SS0_SVW4_WSGRA0_WSGRB0,NO_CHECK,243.563,8816.95,,0.25,1,32,1,1,1,0.25,33685504,131072,,,,,,,,,,2026-04-19 00:04:29.
0,29/44,3/47,Contraction_l_Alik_Bjlk_Cijk_Dijk,"(128,1024,1,8192)",Cijk_Alik_Bjlk_B8B8S_BH_GB_MT64x64x16_MI16x16x16x1_SN_GLVWA4_GLVWB4_GRVW4_K1_SS0_SVW4_WSGRA1_WSGRB0,NO_CHECK,244.723,8775.16,,0.25,1,32,1,1,1,0.25,33685504,131072,,,,,,,,,,2026-04-19 00:04:29.
0,29/44,4/47,Contraction_l_Alik_Bjlk_Cijk_Dijk,"(128,1024,1,8192)",Cijk_Alik_Bjlk_B8B8S_BH_GB_MT64x64x16_MI16x16x16x1_SN_GLVWA8_GLVWB8_GRVW8_K1_SS0_SVW4_WSGRA1_WSGRB0,NO_CHECK,242.882,8841.67,,0.25,1,32,1,1,1,0.25,33685504,131072,,,,,,,,,,2026-04-19 00:04:29.
0,29/44,5/47,Contraction_l_Alik_Bjlk_Cijk_Dijk,"(128,1024,1,8192)",Cijk_Alik_Bjlk_B8B8S_BH_GB_MT64x64x16_MI16x16x16x1_SN_GLVWA16_GLVWB16_GRVW16_K1_SS0_SVW4_WSGRA1_WSGRB0,NO_CHECK,244.963,8766.56,,0.25,1,32,1,1,1,0.25,33685504,131072,,,,,,,,,,2026-04-19 00:04:29.
0,29/44,6/47,Contraction_l_Alik_Bjlk_Cijk_Dijk,"(128,1024,1,8192)",Cijk_Alik_Bjlk_B8B8S_BH_GB_MT64x64x16_MI16x16x16x1_SN_GLVWA4_GLVWB4_GRVW4_K1_SS0_SVW4_WSGRA0_WSGRB1,NO_CHECK,243.882,8805.42,,0.25,1,32,1,1,1,0.25,33685504,131072,,,,,,,,,,2026-04-19 00:04:29.
0,29/44,7/47,Contraction_l_Alik_Bjlk_Cijk_Dijk,"(128,1024,1,8192)",Cijk_Alik_Bjlk_B8B8S_BH_GB_MT64x64x16_MI16x16x16x1_SN_GLVWA8_GLVWB8_GRVW8_K1_SS0_SVW4_WSGRA0_WSGRB1,NO_CHECK,245.243,8756.55,,0.25,1,32,1,1,1,0.25,33685504,131072,,,,,,,,,,2026-04-19 00:04:29.
0,29/44,8/47,Contraction_l_Alik_Bjlk_Cijk_Dijk,"(128,1024,1,8192)",Cijk_Alik_Bjlk_B8B8S_BH_GB_MT64x64x16_MI16x16x16x1_SN_GLVWA16_GLVWB16_GRVW16_K1_SS0_SVW4_WSGRA0_WSGRB1,NO_CHECK,243.803,8808.27,,0.25,1,32,1,1,1,0.25,33685504,131072,,,,,,,,,,2026-04-19 00:04:29.
0,29/44,9/47,Contraction_l_Alik_Bjlk_Cijk_Dijk,"(128,1024,1,8192)",Cijk_Alik_Bjlk_B8B8S_BH_GB_MT64x64x16_MI16x16x16x1_SN_GLVWA4_GLVWB4_GRVW4_K1_SS0_SVW4_WSGRA1_WSGRB1,NO_CHECK,244.243,8792.41,,0.25,1,32,1,1,1,0.25,33685504,131072,,,,,,,,,,2026-04-19 00:04:29.
0,29/44,10/47,Contraction_l_Alik_Bjlk_Cijk_Dijk,"(128,1024,1,8192)",Cijk_Alik_Bjlk_B8B8S_BH_GB_MT64x64x16_MI16x16x16x1_SN_GLVWA8_GLVWB8_GRVW8_K1_SS0_SVW4_WSGRA1_WSGRB1,NO_CHECK,242.323,8862.07,,0.25,1,32,1,1,1,0.25,33685504,131072,,,,,,,,,,2026-04-19 00:04:29.
0,29/44,11/47,Contraction_l_Alik_Bjlk_Cijk_Dijk,"(128,1024,1,8192)",Cijk_Alik_Bjlk_B8B8S_BH_GB_MT64x64x16_MI16x16x16x1_SN_GLVWA16_GLVWB16_GRVW16_K1_SS0_SVW4_WSGRA1_WSGRB1,NO_CHECK,246.323,8718.16,,0.25,1,32,1,1,1,0.25,33685504,131072,,,,,,,,,,2026-04-19 00:04:29.
0,29/44,12/47,Contraction_l_Alik_Bjlk_Cijk_Dijk,"(128,1024,1,8192)",Cijk_Alik_Bjlk_B8B8S_BH_GB_MT64x64x32_MI16x16x16x1_SN_GLVWA4_GLVWB4_GRVW4_K1_SS0_SVW4_WSGRA0_WSGRB0,NO_CHECK,193.042,11124.4,,0.25,1,32,1,1,1,0.25,33685504,131072,,,,,,,,,,2026-04-19 00:04:29.
0,29/44,13/47,Contraction_l_Alik_Bjlk_Cijk_Dijk,"(128,1024,1,8192)",Cijk_Alik_Bjlk_B8B8S_BH_GB_MT64x64x32_MI16x16x16x1_SN_GLVWA8_GLVWB8_GRVW8_K1_SS0_SVW4_WSGRA0_WSGRB0,NO_CHECK,190.762,11257.4,,0.25,1,32,1,1,1,0.25,33685504,131072,,,,,,,,,,2026-04-19 00:04:29.
0,29/44,14/47,Contraction_l_Alik_Bjlk_Cijk_Dijk,"(128,1024,1,8192)",Cijk_Alik_Bjlk_B8B8S_BH_GB_MT64x64x32_MI16x16x16x1_SN_GLVWA16_GLVWB16_GRVW16_K1_SS0_SVW4_WSGRA0_WSGRB0,NO_CHECK,189.762,11316.7,,0.25,1,32,1,1,1,0.25,33685504,131072,,,,,,,,,,2026-04-19 00:04:29.
0,29/44,15/47,Contraction_l_Alik_Bjlk_Cijk_Dijk,"(128,1024,1,8192)",Cijk_Alik_Bjlk_B8B8S_BH_GB_MT64x64x32_MI16x16x16x1_SN_GLVWA4_GLVWB4_GRVW4_K1_SS0_SVW4_WSGRA1_WSGRB0,NO_CHECK,193.162,11117.5,,0.25,1,32,1,1,1,0.25,33685504,131072,,,,,,,,,,2026-04-19 00:04:29.
0,29/44,16/47,Contraction_l_Alik_Bjlk_Cijk_Dijk,"(128,1024,1,8192)",Cijk_Alik_Bjlk_B8B8S_BH_GB_MT64x64x32_MI16x16x16x1_SN_GLVWA8_GLVWB8_GRVW8_K1_SS0_SVW4_WSGRA1_WSGRB0,NO_CHECK,198.722,10806.5,,0.25,1,32,1,1,1,0.25,33685504,131072,,,,,,,,,,2026-04-19 00:04:29.
0,29/44,17/47,Contraction_l_Alik_Bjlk_Cijk_Dijk,"(128,1024,1,8192)",Cijk_Alik_Bjlk_B8B8S_BH_GB_MT64x64x32_MI16x16x16x1_SN_GLVWA16_GLVWB16_GRVW16_K1_SS0_SVW4_WSGRA1_WSGRB0,NO_CHECK,190.722,11259.8,,0.25,1,32,1,1,1,0.25,33685504,131072,,,,,,,,,,2026-04-19 00:04:29.
0,29/44,18/47,Contraction_l_Alik_Bjlk_Cijk_Dijk,"(128,1024,1,8192)",Cijk_Alik_Bjlk_B8B8S_BH_GB_MT64x64x32_MI16x16x16x1_SN_GLVWA4_GLVWB4_GRVW4_K1_SS0_SVW4_WSGRA0_WSGRB1,NO_CHECK,192.803,11138.2,,0.25,1,32,1,1,1,0.25,33685504,131072,,,,,,,,,,2026-04-19 00:04:29.
0,29/44,19/47,Contraction_l_Alik_Bjlk_Cijk_Dijk,"(128,1024,1,8192)",Cijk_Alik_Bjlk_B8B8S_BH_GB_MT64x64x32_MI16x16x16x1_SN_GLVWA8_GLVWB8_GRVW8_K1_SS0_SVW4_WSGRA0_WSGRB1,NO_CHECK,191.203,11231.4,,0.25,1,32,1,1,1,0.25,33685504,131072,,,,,,,,,,2026-04-19 00:04:29.
0,29/44,20/47,Contraction_l_Alik_Bjlk_Cijk_Dijk,"(128,1024,1,8192)",Cijk_Alik_Bjlk_B8B8S_BH_GB_MT64x64x32_MI16x16x16x1_SN_GLVWA16_GLVWB16_GRVW16_K1_SS0_SVW4_WSGRA0_WSGRB1,NO_CHECK,190.603,11266.8,,0.25,1,32,1,1,1,0.25,33685504,131072,,,,,,,,,,2026-04-19 00:04:29.
0,29/44,21/47,Contraction_l_Alik_Bjlk_Cijk_Dijk,"(128,1024,1,8192)",Cijk_Alik_Bjlk_B8B8S_BH_GB_MT64x64x32_MI16x16x16x1_SN_GLVWA4_GLVWB4_GRVW4_K1_SS0_SVW4_WSGRA1_WSGRB1,NO_CHECK,192.123,11177.7,,0.25,1,32,1,1,1,0.25,33685504,131072,,,,,,,,,,2026-04-19 00:04:29.
0,29/44,22/47,Contraction_l_Alik_Bjlk_Cijk_Dijk,"(128,1024,1,8192)",Cijk_Alik_Bjlk_B8B8S_BH_GB_MT64x64x32_MI16x16x16x1_SN_GLVWA8_GLVWB8_GRVW8_K1_SS0_SVW4_WSGRA1_WSGRB1,NO_CHECK,189.123,11355,,0.25,1,32,1,1,1,0.25,33685504,131072,,,,,,,,,,2026-04-19 00:04:29.
0,29/44,23/47,Contraction_l_Alik_Bjlk_Cijk_Dijk,"(128,1024,1,8192)",Cijk_Alik_Bjlk_B8B8S_BH_GB_MT64x64x32_MI16x16x16x1_SN_GLVWA16_GLVWB16_GRVW16_K1_SS0_SVW4_WSGRA1_WSGRB1,NO_CHECK,191.163,11233.8,,0.25,1,32,1,1,1,0.25,33685504,131072,,,,,,,,,,2026-04-19 00:04:29.
0,29/44,24/47,Contraction_l_Alik_Bjlk_Cijk_Dijk,"(128,1024,1,8192)",Cijk_Alik_Bjlk_B8B8S_BH_GB_MT64x64x16_MI16x16x16x1_SN_GLVWA4_GLVWB4_GRVW4_K1_SS1_SVW1_WSGRA0_WSGRB0,NO_CHECK,244.962,8766.6,,0.25,1,32,1,1,1,0.25,33685504,131072,,,,,,,,,,2026-04-19 00:04:29.
0,29/44,25/47,Contraction_l_Alik_Bjlk_Cijk_Dijk,"(128,1024,1,8192)",Cijk_Alik_Bjlk_B8B8S_BH_GB_MT64x64x16_MI16x16x16x1_SN_GLVWA8_GLVWB8_GRVW8_K1_SS1_SVW1_WSGRA0_WSGRB0,NO_CHECK,246.363,8716.75,,0.25,1,32,1,1,1,0.25,33685504,131072,,,,,,,,,,2026-04-19 00:04:29.
0,29/44,26/47,Contraction_l_Alik_Bjlk_Cijk_Dijk,"(128,1024,1,8192)",Cijk_Alik_Bjlk_B8B8S_BH_GB_MT64x64x16_MI16x16x16x1_SN_GLVWA16_GLVWB16_GRVW16_K1_SS1_SVW1_WSGRA0_WSGRB0,NO_CHECK,243.963,8802.5,,0.25,1,32,1,1,1,0.25,33685504,131072,,,,,,,,,,2026-04-19 00:04:29.
0,29/44,27/47,Contraction_l_Alik_Bjlk_Cijk_Dijk,"(128,1024,1,8192)",Cijk_Alik_Bjlk_B8B8S_BH_GB_MT64x64x16_MI16x16x16x1_SN_GLVWA4_GLVWB4_GRVW4_K1_SS1_SVW1_WSGRA1_WSGRB0,NO_CHECK,246.083,8726.66,,0.25,1,32,1,1,1,0.25,33685504,131072,,,,,,,,,,2026-04-19 00:04:29.
0,29/44,28/47,Contraction_l_Alik_Bjlk_Cijk_Dijk,"(128,1024,1,8192)",Cijk_Alik_Bjlk_B8B8S_BH_GB_MT64x64x16_MI16x16x16x1_SN_GLVWA8_GLVWB8_GRVW8_K1_SS1_SVW1_WSGRA1_WSGRB0,NO_CHECK,243.403,8822.75,,0.25,1,32,1,1,1,0.25,33685504,131072,,,,,,,,,,2026-04-19 00:04:29.
0,29/44,29/47,Contraction_l_Alik_Bjlk_Cijk_Dijk,"(128,1024,1,8192)",Cijk_Alik_Bjlk_B8B8S_BH_GB_MT64x64x16_MI16x16x16x1_SN_GLVWA16_GLVWB16_GRVW16_K1_SS1_SVW1_WSGRA1_WSGRB0,NO_CHECK,246.283,8719.58,,0.25,1,32,1,1,1,0.25,33685504,131072,,,,,,,,,,2026-04-19 00:04:29.
0,29/44,30/47,Contraction_l_Alik_Bjlk_Cijk_Dijk,"(128,1024,1,8192)",Cijk_Alik_Bjlk_B8B8S_BH_GB_MT64x64x16_MI16x16x16x1_SN_GLVWA4_GLVWB4_GRVW4_K1_SS1_SVW1_WSGRA0_WSGRB1,NO_CHECK,244.083,8798.17,,0.25,1,32,1,1,1,0.25,33685504,131072,,,,,,,,,,2026-04-19 00:04:29.
0,29/44,31/47,Contraction_l_Alik_Bjlk_Cijk_Dijk,"(128,1024,1,8192)",Cijk_Alik_Bjlk_B8B8S_BH_GB_MT64x64x16_MI16x16x16x1_SN_GLVWA8_GLVWB8_GRVW8_K1_SS1_SVW1_WSGRA0_WSGRB1,NO_CHECK,245.123,8760.84,,0.25,1,32,1,1,1,0.25,33685504,131072,,,,,,,,,,2026-04-19 00:04:29.
0,29/44,32/47,Contraction_l_Alik_Bjlk_Cijk_Dijk,"(128,1024,1,8192)",Cijk_Alik_Bjlk_B8B8S_BH_GB_MT64x64x16_MI16x16x16x1_SN_GLVWA16_GLVWB16_GRVW16_K1_SS1_SVW1_WSGRA0_WSGRB1,NO_CHECK,252.563,8502.76,,0.25,1,32,1,1,1,0.25,33685504,131072,,,,,,,,,,2026-04-19 00:04:29.
0,29/44,33/47,Contraction_l_Alik_Bjlk_Cijk_Dijk,"(128,1024,1,8192)",Cijk_Alik_Bjlk_B8B8S_BH_GB_MT64x64x16_MI16x16x16x1_SN_GLVWA4_GLVWB4_GRVW4_K1_SS1_SVW1_WSGRA1_WSGRB1,NO_CHECK,246.323,8718.16,,0.25,1,32,1,1,1,0.25,33685504,131072,,,,,,,,,,2026-04-19 00:04:29.
0,29/44,34/47,Contraction_l_Alik_Bjlk_Cijk_Dijk,"(128,1024,1,8192)",Cijk_Alik_Bjlk_B8B8S_BH_GB_MT64x64x16_MI16x16x16x1_SN_GLVWA8_GLVWB8_GRVW8_K1_SS1_SVW1_WSGRA1_WSGRB1,NO_CHECK,242.682,8848.96,,0.25,1,32,1,1,1,0.25,33685504,131072,,,,,,,,,,2026-04-19 00:04:29.
0,29/44,35/47,Contraction_l_Alik_Bjlk_Cijk_Dijk,"(128,1024,1,8192)",Cijk_Alik_Bjlk_B8B8S_BH_GB_MT64x64x16_MI16x16x16x1_SN_GLVWA16_GLVWB16_GRVW16_K1_SS1_SVW1_WSGRA1_WSGRB1,NO_CHECK,246.123,8725.25,,0.25,1,32,1,1,1,0.25,33685504,131072,,,,,,,,,,2026-04-19 00:04:29.
0,29/44,36/47,Contraction_l_Alik_Bjlk_Cijk_Dijk,"(128,1024,1,8192)",Cijk_Alik_Bjlk_B8B8S_BH_GB_MT64x64x32_MI16x16x16x1_SN_GLVWA4_GLVWB4_GRVW4_K1_SS1_SVW1_WSGRA0_WSGRB0,NO_CHECK,192.282,11168.4,,0.25,1,32,1,1,1,0.25,33685504,131072,,,,,,,,,,2026-04-19 00:04:29.
0,29/44,37/47,Contraction_l_Alik_Bjlk_Cijk_Dijk,"(128,1024,1,8192)",Cijk_Alik_Bjlk_B8B8S_BH_GB_MT64x64x32_MI16x16x16x1_SN_GLVWA8_GLVWB8_GRVW8_K1_SS1_SVW1_WSGRA0_WSGRB0,NO_CHECK,189.402,11338.2,,0.25,1,32,1,1,1,0.25,33685504,131072,,,,,,,,,,2026-04-19 00:04:29.
0,29/44,38/47,Contraction_l_Alik_Bjlk_Cijk_Dijk,"(128,1024,1,8192)",Cijk_Alik_Bjlk_B8B8S_BH_GB_MT64x64x32_MI16x16x16x1_SN_GLVWA16_GLVWB16_GRVW16_K1_SS1_SVW1_WSGRA0_WSGRB0,NO_CHECK,189.282,11345.4,,0.25,1,32,1,1,1,0.25,33685504,131072,,,,,,,,,,2026-04-19 00:04:29.
0,29/44,39/47,Contraction_l_Alik_Bjlk_Cijk_Dijk,"(128,1024,1,8192)",Cijk_Alik_Bjlk_B8B8S_BH_GB_MT64x64x32_MI16x16x16x1_SN_GLVWA4_GLVWB4_GRVW4_K1_SS1_SVW1_WSGRA1_WSGRB0,NO_CHECK,193.962,11071.7,,0.25,1,32,1,1,1,0.25,33685504,131072,,,,,,,,,,2026-04-19 00:04:29.
0,29/44,40/47,Contraction_l_Alik_Bjlk_Cijk_Dijk,"(128,1024,1,8192)",Cijk_Alik_Bjlk_B8B8S_BH_GB_MT64x64x32_MI16x16x16x1_SN_GLVWA8_GLVWB8_GRVW8_K1_SS1_SVW1_WSGRA1_WSGRB0,NO_CHECK,191.082,11238.5,,0.25,1,32,1,1,1,0.25,33685504,131072,,,,,,,,,,2026-04-19 00:04:29.
0,29/44,41/47,Contraction_l_Alik_Bjlk_Cijk_Dijk,"(128,1024,1,8192)",Cijk_Alik_Bjlk_B8B8S_BH_GB_MT64x64x32_MI16x16x16x1_SN_GLVWA16_GLVWB16_GRVW16_K1_SS1_SVW1_WSGRA1_WSGRB0,NO_CHECK,191.562,11210.4,,0.25,1,32,1,1,1,0.25,33685504,131072,,,,,,,,,,2026-04-19 00:04:29.
0,29/44,42/47,Contraction_l_Alik_Bjlk_Cijk_Dijk,"(128,1024,1,8192)",Cijk_Alik_Bjlk_B8B8S_BH_GB_MT64x64x32_MI16x16x16x1_SN_GLVWA4_GLVWB4_GRVW4_K1_SS1_SVW1_WSGRA0_WSGRB1,NO_CHECK,192.362,11163.8,,0.25,1,32,1,1,1,0.25,33685504,131072,,,,,,,,,,2026-04-19 00:04:29.
0,29/44,43/47,Contraction_l_Alik_Bjlk_Cijk_Dijk,"(128,1024,1,8192)",Cijk_Alik_Bjlk_B8B8S_BH_GB_MT64x64x32_MI16x16x16x1_SN_GLVWA8_GLVWB8_GRVW8_K1_SS1_SVW1_WSGRA0_WSGRB1,NO_CHECK,190.642,11264.5,,0.25,1,32,1,1,1,0.25,33685504,131072,,,,,,,,,,2026-04-19 00:04:29.
0,29/44,44/47,Contraction_l_Alik_Bjlk_Cijk_Dijk,"(128,1024,1,8192)",Cijk_Alik_Bjlk_B8B8S_BH_GB_MT64x64x32_MI16x16x16x1_SN_GLVWA16_GLVWB16_GRVW16_K1_SS1_SVW1_WSGRA0_WSGRB1,NO_CHECK,190.802,11255,,0.25,1,32,1,1,1,0.25,33685504,131072,,,,,,,,,,2026-04-19 00:04:29.
0,29/44,45/47,Contraction_l_Alik_Bjlk_Cijk_Dijk,"(128,1024,1,8192)",Cijk_Alik_Bjlk_B8B8S_BH_GB_MT64x64x32_MI16x16x16x1_SN_GLVWA4_GLVWB4_GRVW4_K1_SS1_SVW1_WSGRA1_WSGRB1,NO_CHECK,194.082,11064.8,,0.25,1,32,1,1,1,0.25,33685504,131072,,,,,,,,,,2026-04-19 00:04:29.
0,29/44,46/47,Contraction_l_Alik_Bjlk_Cijk_Dijk,"(128,1024,1,8192)",Cijk_Alik_Bjlk_B8B8S_BH_GB_MT64x64x32_MI16x16x16x1_SN_GLVWA8_GLVWB8_GRVW8_K1_SS1_SVW1_WSGRA1_WSGRB1,NO_CHECK,191.322,11224.4,,0.25,1,32,1,1,1,0.25,33685504,131072,,,,,,,,,,2026-04-19 00:04:29.
0,29/44,47/47,Contraction_l_Alik_Bjlk_Cijk_Dijk,"(128,1024,1,8192)",Cijk_Alik_Bjlk_B8B8S_BH_GB_MT64x64x32_MI16x16x16x1_SN_GLVWA16_GLVWB16_GRVW16_K1_SS1_SVW1_WSGRA1_WSGRB1,NO_CHECK,191.683,11203.3,,0.25,1,32,1,1,1,0.25,33685504,131072,,,,,,,,,,2026-04-19 00:04:29.
0,30/44,0/47,Contraction_l_Alik_Bjlk_Cijk_Dijk,"(128,4096,1,1024)",Cijk_Alik_Bjlk_B8B8S_BH_GB_MT64x64x16_MI16x16x16x1_SN_GLVWA4_GLVWB4_GRVW4_K1_SS0_SVW4_WSGRA0_WSGRB0,NO_CHECK,53.201,20182.7,,0.625,4,32,1,1,1,0.625,17301504,524288,,,,,,,,,,2026-04-19 00:04:29.
0,30/44,1/47,Contraction_l_Alik_Bjlk_Cijk_Dijk,"(128,4096,1,1024)",Cijk_Alik_Bjlk_B8B8S_BH_GB_MT64x64x16_MI16x16x16x1_SN_GLVWA8_GLVWB8_GRVW8_K1_SS0_SVW4_WSGRA0_WSGRB0,NO_CHECK,43.92,24447.7,,0.625,4,32,1,1,1,0.625,17301504,524288,,,,,,,,,,2026-04-19 00:04:29.
0,30/44,2/47,Contraction_l_Alik_Bjlk_Cijk_Dijk,"(128,4096,1,1024)",Cijk_Alik_Bjlk_B8B8S_BH_GB_MT64x64x16_MI16x16x16x1_SN_GLVWA16_GLVWB16_GRVW16_K1_SS0_SVW4_WSGRA0_WSGRB0,NO_CHECK,45.48,23609.1,,0.625,4,32,1,1,1,0.625,17301504,524288,,,,,,,,,,2026-04-19 00:04:29.
0,30/44,3/47,Contraction_l_Alik_Bjlk_Cijk_Dijk,"(128,4096,1,1024)",Cijk_Alik_Bjlk_B8B8S_BH_GB_MT64x64x16_MI16x16x16x1_SN_GLVWA4_GLVWB4_GRVW4_K1_SS0_SVW4_WSGRA1_WSGRB0,NO_CHECK,44.881,23924.2,,0.625,4,32,1,1,1,0.625,17301504,524288,,,,,,,,,,2026-04-19 00:04:29.
0,30/44,4/47,Contraction_l_Alik_Bjlk_Cijk_Dijk,"(128,4096,1,1024)",Cijk_Alik_Bjlk_B8B8S_BH_GB_MT64x64x16_MI16x16x16x1_SN_GLVWA8_GLVWB8_GRVW8_K1_SS0_SVW4_WSGRA1_WSGRB0,NO_CHECK,44.561,24096,,0.625,4,32,1,1,1,0.625,17301504,524288,,,,,,,,,,2026-04-19 00:04:29.
0,30/44,5/47,Contraction_l_Alik_Bjlk_Cijk_Dijk,"(128,4096,1,1024)",Cijk_Alik_Bjlk_B8B8S_BH_GB_MT64x64x16_MI16x16x16x1_SN_GLVWA16_GLVWB16_GRVW16_K1_SS0_SVW4_WSGRA1_WSGRB0,NO_CHECK,44.04,24381.1,,0.625,4,32,1,1,1,0.625,17301504,524288,,,,,,,,,,2026-04-19 00:04:29.
0,30/44,6/47,Contraction_l_Alik_Bjlk_Cijk_Dijk,"(128,4096,1,1024)",Cijk_Alik_Bjlk_B8B8S_BH_GB_MT64x64x16_MI16x16x16x1_SN_GLVWA4_GLVWB4_GRVW4_K1_SS0_SVW4_WSGRA0_WSGRB1,NO_CHECK,45.441,23629.4,,0.625,4,32,1,1,1,0.625,17301504,524288,,,,,,,,,,2026-04-19 00:04:29.
0,30/44,7/47,Contraction_l_Alik_Bjlk_Cijk_Dijk,"(128,4096,1,1024)",Cijk_Alik_Bjlk_B8B8S_BH_GB_MT64x64x16_MI16x16x16x1_SN_GLVWA8_GLVWB8_GRVW8_K1_SS0_SVW4_WSGRA0_WSGRB1,NO_CHECK,44.241,24270.3,,0.625,4,32,1,1,1,0.625,17301504,524288,,,,,,,,,,2026-04-19 00:04:29.
0,30/44,8/47,Contraction_l_Alik_Bjlk_Cijk_Dijk,"(128,4096,1,1024)",Cijk_Alik_Bjlk_B8B8S_BH_GB_MT64x64x16_MI16x16x16x1_SN_GLVWA16_GLVWB16_GRVW16_K1_SS0_SVW4_WSGRA0_WSGRB1,NO_CHECK,43.641,24604,,0.625,4,32,1,1,1,0.625,17301504,524288,,,,,,,,,,2026-04-19 00:04:29.
0,30/44,9/47,Contraction_l_Alik_Bjlk_Cijk_Dijk,"(128,4096,1,1024)",Cijk_Alik_Bjlk_B8B8S_BH_GB_MT64x64x16_MI16x16x16x1_SN_GLVWA4_GLVWB4_GRVW4_K1_SS0_SVW4_WSGRA1_WSGRB1,NO_CHECK,45.96,23362.5,,0.625,4,32,1,1,1,0.625,17301504,524288,,,,,,,,,,2026-04-19 00:04:29.
0,30/44,10/47,Contraction_l_Alik_Bjlk_Cijk_Dijk,"(128,4096,1,1024)",Cijk_Alik_Bjlk_B8B8S_BH_GB_MT64x64x16_MI16x16x16x1_SN_GLVWA8_GLVWB8_GRVW8_K1_SS0_SVW4_WSGRA1_WSGRB1,NO_CHECK,44.12,24336.9,,0.625,4,32,1,1,1,0.625,17301504,524288,,,,,,,,,,2026-04-19 00:04:29.
0,30/44,11/47,Contraction_l_Alik_Bjlk_Cijk_Dijk,"(128,4096,1,1024)",Cijk_Alik_Bjlk_B8B8S_BH_GB_MT64x64x16_MI16x16x16x1_SN_GLVWA16_GLVWB16_GRVW16_K1_SS0_SVW4_WSGRA1_WSGRB1,NO_CHECK,43.761,24536.5,,0.625,4,32,1,1,1,0.625,17301504,524288,,,,,,,,,,2026-04-19 00:04:29.
0,30/44,12/47,Contraction_l_Alik_Bjlk_Cijk_Dijk,"(128,4096,1,1024)",Cijk_Alik_Bjlk_B8B8S_BH_GB_MT64x64x32_MI16x16x16x1_SN_GLVWA4_GLVWB4_GRVW4_K1_SS0_SVW4_WSGRA0_WSGRB0,NO_CHECK,41.961,25589,,0.625,4,32,1,1,1,0.625,17301504,524288,,,,,,,,,,2026-04-19 00:04:29.
0,30/44,13/47,Contraction_l_Alik_Bjlk_Cijk_Dijk,"(128,4096,1,1024)",Cijk_Alik_Bjlk_B8B8S_BH_GB_MT64x64x32_MI16x16x16x1_SN_GLVWA8_GLVWB8_GRVW8_K1_SS0_SVW4_WSGRA0_WSGRB0,NO_CHECK,39.36,27280,,0.625,4,32,1,1,1,0.625,17301504,524288,,,,,,,,,,2026-04-19 00:04:29.
0,30/44,14/47,Contraction_l_Alik_Bjlk_Cijk_Dijk,"(128,4096,1,1024)",Cijk_Alik_Bjlk_B8B8S_BH_GB_MT64x64x32_MI16x16x16x1_SN_GLVWA16_GLVWB16_GRVW16_K1_SS0_SVW4_WSGRA0_WSGRB0,NO_CHECK,39.08,27475.5,,0.625,4,32,1,1,1,0.625,17301504,524288,,,,,,,,,,2026-04-19 00:04:29.
0,30/44,15/47,Contraction_l_Alik_Bjlk_Cijk_Dijk,"(128,4096,1,1024)",Cijk_Alik_Bjlk_B8B8S_BH_GB_MT64x64x32_MI16x16x16x1_SN_GLVWA4_GLVWB4_GRVW4_K1_SS0_SVW4_WSGRA1_WSGRB0,NO_CHECK,42,25565.3,,0.625,4,32,1,1,1,0.625,17301504,524288,,,,,,,,,,2026-04-19 00:04:29.
0,30/44,16/47,Contraction_l_Alik_Bjlk_Cijk_Dijk,"(128,4096,1,1024)",Cijk_Alik_Bjlk_B8B8S_BH_GB_MT64x64x32_MI16x16x16x1_SN_GLVWA8_GLVWB8_GRVW8_K1_SS0_SVW4_WSGRA1_WSGRB0,NO_CHECK,47.201,22748.3,,0.625,4,32,1,1,1,0.625,17301504,524288,,,,,,,,,,2026-04-19 00:04:29.
0,30/44,17/47,Contraction_l_Alik_Bjlk_Cijk_Dijk,"(128,4096,1,1024)",Cijk_Alik_Bjlk_B8B8S_BH_GB_MT64x64x32_MI16x16x16x1_SN_GLVWA16_GLVWB16_GRVW16_K1_SS0_SVW4_WSGRA1_WSGRB0,NO_CHECK,39.201,27390.7,,0.625,4,32,1,1,1,0.625,17301504,524288,,,,,,,,,,2026-04-19 00:04:29.
0,30/44,18/47,Contraction_l_Alik_Bjlk_Cijk_Dijk,"(128,4096,1,1024)",Cijk_Alik_Bjlk_B8B8S_BH_GB_MT64x64x32_MI16x16x16x1_SN_GLVWA4_GLVWB4_GRVW4_K1_SS0_SVW4_WSGRA0_WSGRB1,NO_CHECK,41.64,25786.3,,0.625,4,32,1,1,1,0.625,17301504,524288,,,,,,,,,,2026-04-19 00:04:29.
0,30/44,19/47,Contraction_l_Alik_Bjlk_Cijk_Dijk,"(128,4096,1,1024)",Cijk_Alik_Bjlk_B8B8S_BH_GB_MT64x64x32_MI16x16x16x1_SN_GLVWA8_GLVWB8_GRVW8_K1_SS0_SVW4_WSGRA0_WSGRB1,NO_CHECK,39.16,27419.4,,0.625,4,32,1,1,1,0.625,17301504,524288,,,,,,,,,,2026-04-19 00:04:29.
0,30/44,20/47,Contraction_l_Alik_Bjlk_Cijk_Dijk,"(128,4096,1,1024)",Cijk_Alik_Bjlk_B8B8S_BH_GB_MT64x64x32_MI16x16x16x1_SN_GLVWA16_GLVWB16_GRVW16_K1_SS0_SVW4_WSGRA0_WSGRB1,NO_CHECK,38.68,27759.6,,0.625,4,32,1,1,1,0.625,17301504,524288,,,,,,,,,,2026-04-19 00:04:29.
0,30/44,21/47,Contraction_l_Alik_Bjlk_Cijk_Dijk,"(128,4096,1,1024)",Cijk_Alik_Bjlk_B8B8S_BH_GB_MT64x64x32_MI16x16x16x1_SN_GLVWA4_GLVWB4_GRVW4_K1_SS0_SVW4_WSGRA1_WSGRB1,NO_CHECK,42.121,25491.8,,0.625,4,32,1,1,1,0.625,17301504,524288,,,,,,,,,,2026-04-19 00:04:29.
0,30/44,22/47,Contraction_l_Alik_Bjlk_Cijk_Dijk,"(128,4096,1,1024)",Cijk_Alik_Bjlk_B8B8S_BH_GB_MT64x64x32_MI16x16x16x1_SN_GLVWA8_GLVWB8_GRVW8_K1_SS0_SVW4_WSGRA1_WSGRB1,NO_CHECK,38.801,27673,,0.625,4,32,1,1,1,0.625,17301504,524288,,,,,,,,,,2026-04-19 00:04:29.
0,30/44,23/47,Contraction_l_Alik_Bjlk_Cijk_Dijk,"(128,4096,1,1024)",Cijk_Alik_Bjlk_B8B8S_BH_GB_MT64x64x32_MI16x16x16x1_SN_GLVWA16_GLVWB16_GRVW16_K1_SS0_SVW4_WSGRA1_WSGRB1,NO_CHECK,38.561,27845.3,,0.625,4,32,1,1,1,0.625,17301504,524288,,,,,,,,,,2026-04-19 00:04:29.
0,30/44,24/47,Contraction_l_Alik_Bjlk_Cijk_Dijk,"(128,4096,1,1024)",Cijk_Alik_Bjlk_B8B8S_BH_GB_MT64x64x16_MI16x16x16x1_SN_GLVWA4_GLVWB4_GRVW4_K1_SS1_SVW1_WSGRA0_WSGRB0,NO_CHECK,46.641,23021.4,,0.625,4,32,1,1,1,0.625,17301504,524288,,,,,,,,,,2026-04-19 00:04:29.
0,30/44,25/47,Contraction_l_Alik_Bjlk_Cijk_Dijk,"(128,4096,1,1024)",Cijk_Alik_Bjlk_B8B8S_BH_GB_MT64x64x16_MI16x16x16x1_SN_GLVWA8_GLVWB8_GRVW8_K1_SS1_SVW1_WSGRA0_WSGRB0,NO_CHECK,43.32,24786.3,,0.625,4,32,1,1,1,0.625,17301504,524288,,,,,,,,,,2026-04-19 00:04:29.
0,30/44,26/47,Contraction_l_Alik_Bjlk_Cijk_Dijk,"(128,4096,1,1024)",Cijk_Alik_Bjlk_B8B8S_BH_GB_MT64x64x16_MI16x16x16x1_SN_GLVWA16_GLVWB16_GRVW16_K1_SS1_SVW1_WSGRA0_WSGRB0,NO_CHECK,44.24,24270.8,,0.625,4,32,1,1,1,0.625,17301504,524288,,,,,,,,,,2026-04-19 00:04:29.
0,30/44,27/47,Contraction_l_Alik_Bjlk_Cijk_Dijk,"(128,4096,1,1024)",Cijk_Alik_Bjlk_B8B8S_BH_GB_MT64x64x16_MI16x16x16x1_SN_GLVWA4_GLVWB4_GRVW4_K1_SS1_SVW1_WSGRA1_WSGRB0,NO_CHECK,46.761,22962.3,,0.625,4,32,1,1,1,0.625,17301504,524288,,,,,,,,,,2026-04-19 00:04:29.
0,30/44,28/47,Contraction_l_Alik_Bjlk_Cijk_Dijk,"(128,4096,1,1024)",Cijk_Alik_Bjlk_B8B8S_BH_GB_MT64x64x16_MI16x16x16x1_SN_GLVWA8_GLVWB8_GRVW8_K1_SS1_SVW1_WSGRA1_WSGRB0,NO_CHECK,44.241,24270.3,,0.625,4,32,1,1,1,0.625,17301504,524288,,,,,,,,,,2026-04-19 00:04:29.
0,30/44,29/47,Contraction_l_Alik_Bjlk_Cijk_Dijk,"(128,4096,1,1024)",Cijk_Alik_Bjlk_B8B8S_BH_GB_MT64x64x16_MI16x16x16x1_SN_GLVWA16_GLVWB16_GRVW16_K1_SS1_SVW1_WSGRA1_WSGRB0,NO_CHECK,45.56,23567.6,,0.625,4,32,1,1,1,0.625,17301504,524288,,,,,,,,,,2026-04-19 00:04:29.
0,30/44,30/47,Contraction_l_Alik_Bjlk_Cijk_Dijk,"(128,4096,1,1024)",Cijk_Alik_Bjlk_B8B8S_BH_GB_MT64x64x16_MI16x16x16x1_SN_GLVWA4_GLVWB4_GRVW4_K1_SS1_SVW1_WSGRA0_WSGRB1,NO_CHECK,45.6,23547,,0.625,4,32,1,1,1,0.625,17301504,524288,,,,,,,,,,2026-04-19 00:04:29.
0,30/44,31/47,Contraction_l_Alik_Bjlk_Cijk_Dijk,"(128,4096,1,1024)",Cijk_Alik_Bjlk_B8B8S_BH_GB_MT64x64x16_MI16x16x16x1_SN_GLVWA8_GLVWB8_GRVW8_K1_SS1_SVW1_WSGRA0_WSGRB1,NO_CHECK,44.641,24052.8,,0.625,4,32,1,1,1,0.625,17301504,524288,,,,,,,,,,2026-04-19 00:04:29.
0,30/44,32/47,Contraction_l_Alik_Bjlk_Cijk_Dijk,"(128,4096,1,1024)",Cijk_Alik_Bjlk_B8B8S_BH_GB_MT64x64x16_MI16x16x16x1_SN_GLVWA16_GLVWB16_GRVW16_K1_SS1_SVW1_WSGRA0_WSGRB1,NO_CHECK,53.761,19972.5,,0.625,4,32,1,1,1,0.625,17301504,524288,,,,,,,,,,2026-04-19 00:04:29.
0,30/44,33/47,Contraction_l_Alik_Bjlk_Cijk_Dijk,"(128,4096,1,1024)",Cijk_Alik_Bjlk_B8B8S_BH_GB_MT64x64x16_MI16x16x16x1_SN_GLVWA4_GLVWB4_GRVW4_K1_SS1_SVW1_WSGRA1_WSGRB1,NO_CHECK,45.6,23547,,0.625,4,32,1,1,1,0.625,17301504,524288,,,,,,,,,,2026-04-19 00:04:29.
0,30/44,34/47,Contraction_l_Alik_Bjlk_Cijk_Dijk,"(128,4096,1,1024)",Cijk_Alik_Bjlk_B8B8S_BH_GB_MT64x64x16_MI16x16x16x1_SN_GLVWA8_GLVWB8_GRVW8_K1_SS1_SVW1_WSGRA1_WSGRB1,NO_CHECK,45.96,23362.5,,0.625,4,32,1,1,1,0.625,17301504,524288,,,,,,,,,,2026-04-19 00:04:29.
0,30/44,35/47,Contraction_l_Alik_Bjlk_Cijk_Dijk,"(128,4096,1,1024)",Cijk_Alik_Bjlk_B8B8S_BH_GB_MT64x64x16_MI16x16x16x1_SN_GLVWA16_GLVWB16_GRVW16_K1_SS1_SVW1_WSGRA1_WSGRB1,NO_CHECK,44.961,23881.6,,0.625,4,32,1,1,1,0.625,17301504,524288,,,,,,,,,,2026-04-19 00:04:29.
0,30/44,36/47,Contraction_l_Alik_Bjlk_Cijk_Dijk,"(128,4096,1,1024)",Cijk_Alik_Bjlk_B8B8S_BH_GB_MT64x64x32_MI16x16x16x1_SN_GLVWA4_GLVWB4_GRVW4_K1_SS1_SVW1_WSGRA0_WSGRB0,NO_CHECK,42.481,25275.8,,0.625,4,32,1,1,1,0.625,17301504,524288,,,,,,,,,,2026-04-19 00:04:29.
0,30/44,37/47,Contraction_l_Alik_Bjlk_Cijk_Dijk,"(128,4096,1,1024)",Cijk_Alik_Bjlk_B8B8S_BH_GB_MT64x64x32_MI16x16x16x1_SN_GLVWA8_GLVWB8_GRVW8_K1_SS1_SVW1_WSGRA0_WSGRB0,NO_CHECK,41.88,25638.5,,0.625,4,32,1,1,1,0.625,17301504,524288,,,,,,,,,,2026-04-19 00:04:29.
0,30/44,38/47,Contraction_l_Alik_Bjlk_Cijk_Dijk,"(128,4096,1,1024)",Cijk_Alik_Bjlk_B8B8S_BH_GB_MT64x64x32_MI16x16x16x1_SN_GLVWA16_GLVWB16_GRVW16_K1_SS1_SVW1_WSGRA0_WSGRB0,NO_CHECK,39.92,26897.3,,0.625,4,32,1,1,1,0.625,17301504,524288,,,,,,,,,,2026-04-19 00:04:29.
0,30/44,39/47,Contraction_l_Alik_Bjlk_Cijk_Dijk,"(128,4096,1,1024)",Cijk_Alik_Bjlk_B8B8S_BH_GB_MT64x64x32_MI16x16x16x1_SN_GLVWA4_GLVWB4_GRVW4_K1_SS1_SVW1_WSGRA1_WSGRB0,NO_CHECK,41.521,25860.2,,0.625,4,32,1,1,1,0.625,17301504,524288,,,,,,,,,,2026-04-19 00:04:29.
0,30/44,40/47,Contraction_l_Alik_Bjlk_Cijk_Dijk,"(128,4096,1,1024)",Cijk_Alik_Bjlk_B8B8S_BH_GB_MT64x64x32_MI16x16x16x1_SN_GLVWA8_GLVWB8_GRVW8_K1_SS1_SVW1_WSGRA1_WSGRB0,NO_CHECK,41.961,25589,,0.625,4,32,1,1,1,0.625,17301504,524288,,,,,,,,,,2026-04-19 00:04:29.
0,30/44,41/47,Contraction_l_Alik_Bjlk_Cijk_Dijk,"(128,4096,1,1024)",Cijk_Alik_Bjlk_B8B8S_BH_GB_MT64x64x32_MI16x16x16x1_SN_GLVWA16_GLVWB16_GRVW16_K1_SS1_SVW1_WSGRA1_WSGRB0,NO_CHECK,40.241,26682.8,,0.625,4,32,1,1,1,0.625,17301504,524288,,,,,,,,,,2026-04-19 00:04:29.
0,30/44,42/47,Contraction_l_Alik_Bjlk_Cijk_Dijk,"(128,4096,1,1024)",Cijk_Alik_Bjlk_B8B8S_BH_GB_MT64x64x32_MI16x16x16x1_SN_GLVWA4_GLVWB4_GRVW4_K1_SS1_SVW1_WSGRA0_WSGRB1,NO_CHECK,41.4,25935.8,,0.625,4,32,1,1,1,0.625,17301504,524288,,,,,,,,,,2026-04-19 00:04:29.
0,30/44,43/47,Contraction_l_Alik_Bjlk_Cijk_Dijk,"(128,4096,1,1024)",Cijk_Alik_Bjlk_B8B8S_BH_GB_MT64x64x32_MI16x16x16x1_SN_GLVWA8_GLVWB8_GRVW8_K1_SS1_SVW1_WSGRA0_WSGRB1,NO_CHECK,42.04,25541,,0.625,4,32,1,1,1,0.625,17301504,524288,,,,,,,,,,2026-04-19 00:04:29.
0,30/44,44/47,Contraction_l_Alik_Bjlk_Cijk_Dijk,"(128,4096,1,1024)",Cijk_Alik_Bjlk_B8B8S_BH_GB_MT64x64x32_MI16x16x16x1_SN_GLVWA16_GLVWB16_GRVW16_K1_SS1_SVW1_WSGRA0_WSGRB1,NO_CHECK,40.361,26603.5,,0.625,4,32,1,1,1,0.625,17301504,524288,,,,,,,,,,2026-04-19 00:04:29.
0,30/44,45/47,Contraction_l_Alik_Bjlk_Cijk_Dijk,"(128,4096,1,1024)",Cijk_Alik_Bjlk_B8B8S_BH_GB_MT64x64x32_MI16x16x16x1_SN_GLVWA4_GLVWB4_GRVW4_K1_SS1_SVW1_WSGRA1_WSGRB1,NO_CHECK,42.601,25204.6,,0.625,4,32,1,1,1,0.625,17301504,524288,,,,,,,,,,2026-04-19 00:04:29.
0,30/44,46/47,Contraction_l_Alik_Bjlk_Cijk_Dijk,"(128,4096,1,1024)",Cijk_Alik_Bjlk_B8B8S_BH_GB_MT64x64x32_MI16x16x16x1_SN_GLVWA8_GLVWB8_GRVW8_K1_SS1_SVW1_WSGRA1_WSGRB1,NO_CHECK,40.72,26368.9,,0.625,4,32,1,1,1,0.625,17301504,524288,,,,,,,,,,2026-04-19 00:04:29.
0,30/44,47/47,Contraction_l_Alik_Bjlk_Cijk_Dijk,"(128,4096,1,1024)",Cijk_Alik_Bjlk_B8B8S_BH_GB_MT64x64x32_MI16x16x16x1_SN_GLVWA16_GLVWB16_GRVW16_K1_SS1_SVW1_WSGRA1_WSGRB1,NO_CHECK,40.12,26763.3,,0.625,4,32,1,1,1,0.625,17301504,524288,,,,,,,,,,2026-04-19 00:04:29.
0,31/44,0/47,Contraction_l_Alik_Bjlk_Cijk_Dijk,"(128,4096,1,4096)",Cijk_Alik_Bjlk_B8B8S_BH_GB_MT64x64x16_MI16x16x16x1_SN_GLVWA4_GLVWB4_GRVW4_K1_SS0_SVW4_WSGRA0_WSGRB0,NO_CHECK,169.562,25329.8,,0.625,4,32,1,1,1,0.625,67633152,524288,,,,,,,,,,2026-04-19 00:04:29.
0,31/44,1/47,Contraction_l_Alik_Bjlk_Cijk_Dijk,"(128,4096,1,4096)",Cijk_Alik_Bjlk_B8B8S_BH_GB_MT64x64x16_MI16x16x16x1_SN_GLVWA8_GLVWB8_GRVW8_K1_SS0_SVW4_WSGRA0_WSGRB0,NO_CHECK,135.321,31739.1,,0.625,4,32,1,1,1,0.625,67633152,524288,,,,,,,,,,2026-04-19 00:04:29.
0,31/44,2/47,Contraction_l_Alik_Bjlk_Cijk_Dijk,"(128,4096,1,4096)",Cijk_Alik_Bjlk_B8B8S_BH_GB_MT64x64x16_MI16x16x16x1_SN_GLVWA16_GLVWB16_GRVW16_K1_SS0_SVW4_WSGRA0_WSGRB0,NO_CHECK,135.562,31682.7,,0.625,4,32,1,1,1,0.625,67633152,524288,,,,,,,,,,2026-04-19 00:04:29.
0,31/44,3/47,Contraction_l_Alik_Bjlk_Cijk_Dijk,"(128,4096,1,4096)",Cijk_Alik_Bjlk_B8B8S_BH_GB_MT64x64x16_MI16x16x16x1_SN_GLVWA4_GLVWB4_GRVW4_K1_SS0_SVW4_WSGRA1_WSGRB0,NO_CHECK,137.882,31149.6,,0.625,4,32,1,1,1,0.625,67633152,524288,,,,,,,,,,2026-04-19 00:04:29.
0,31/44,4/47,Contraction_l_Alik_Bjlk_Cijk_Dijk,"(128,4096,1,4096)",Cijk_Alik_Bjlk_B8B8S_BH_GB_MT64x64x16_MI16x16x16x1_SN_GLVWA8_GLVWB8_GRVW8_K1_SS0_SVW4_WSGRA1_WSGRB0,NO_CHECK,134.081,32032.6,,0.625,4,32,1,1,1,0.625,67633152,524288,,,,,,,,,,2026-04-19 00:04:29.
0,31/44,5/47,Contraction_l_Alik_Bjlk_Cijk_Dijk,"(128,4096,1,4096)",Cijk_Alik_Bjlk_B8B8S_BH_GB_MT64x64x16_MI16x16x16x1_SN_GLVWA16_GLVWB16_GRVW16_K1_SS0_SVW4_WSGRA1_WSGRB0,NO_CHECK,135.882,31608.1,,0.625,4,32,1,1,1,0.625,67633152,524288,,,,,,,,,,2026-04-19 00:04:29.
0,31/44,6/47,Contraction_l_Alik_Bjlk_Cijk_Dijk,"(128,4096,1,4096)",Cijk_Alik_Bjlk_B8B8S_BH_GB_MT64x64x16_MI16x16x16x1_SN_GLVWA4_GLVWB4_GRVW4_K1_SS0_SVW4_WSGRA0_WSGRB1,NO_CHECK,138.922,30916.4,,0.625,4,32,1,1,1,0.625,67633152,524288,,,,,,,,,,2026-04-19 00:04:29.
0,31/44,7/47,Contraction_l_Alik_Bjlk_Cijk_Dijk,"(128,4096,1,4096)",Cijk_Alik_Bjlk_B8B8S_BH_GB_MT64x64x16_MI16x16x16x1_SN_GLVWA8_GLVWB8_GRVW8_K1_SS0_SVW4_WSGRA0_WSGRB1,NO_CHECK,136.081,31561.8,,0.625,4,32,1,1,1,0.625,67633152,524288,,,,,,,,,,2026-04-19 00:04:29.
0,31/44,8/47,Contraction_l_Alik_Bjlk_Cijk_Dijk,"(128,4096,1,4096)",Cijk_Alik_Bjlk_B8B8S_BH_GB_MT64x64x16_MI16x16x16x1_SN_GLVWA16_GLVWB16_GRVW16_K1_SS0_SVW4_WSGRA0_WSGRB1,NO_CHECK,136.202,31533.8,,0.625,4,32,1,1,1,0.625,67633152,524288,,,,,,,,,,2026-04-19 00:04:29.
0,31/44,9/47,Contraction_l_Alik_Bjlk_Cijk_Dijk,"(128,4096,1,4096)",Cijk_Alik_Bjlk_B8B8S_BH_GB_MT64x64x16_MI16x16x16x1_SN_GLVWA4_GLVWB4_GRVW4_K1_SS0_SVW4_WSGRA1_WSGRB1,NO_CHECK,137.682,31194.8,,0.625,4,32,1,1,1,0.625,67633152,524288,,,,,,,,,,2026-04-19 00:04:29.
0,31/44,10/47,Contraction_l_Alik_Bjlk_Cijk_Dijk,"(128,4096,1,4096)",Cijk_Alik_Bjlk_B8B8S_BH_GB_MT64x64x16_MI16x16x16x1_SN_GLVWA8_GLVWB8_GRVW8_K1_SS0_SVW4_WSGRA1_WSGRB1,NO_CHECK,134.681,31889.9,,0.625,4,32,1,1,1,0.625,67633152,524288,,,,,,,,,,2026-04-19 00:04:29.
0,31/44,11/47,Contraction_l_Alik_Bjlk_Cijk_Dijk,"(128,4096,1,4096)",Cijk_Alik_Bjlk_B8B8S_BH_GB_MT64x64x16_MI16x16x16x1_SN_GLVWA16_GLVWB16_GRVW16_K1_SS0_SVW4_WSGRA1_WSGRB1,NO_CHECK,135.041,31804.9,,0.625,4,32,1,1,1,0.625,67633152,524288,,,,,,,,,,2026-04-19 00:04:29.
0,31/44,12/47,Contraction_l_Alik_Bjlk_Cijk_Dijk,"(128,4096,1,4096)",Cijk_Alik_Bjlk_B8B8S_BH_GB_MT64x64x32_MI16x16x16x1_SN_GLVWA4_GLVWB4_GRVW4_K1_SS0_SVW4_WSGRA0_WSGRB0,NO_CHECK,110.562,38846.7,,0.625,4,32,1,1,1,0.625,67633152,524288,,,,,,,,,,2026-04-19 00:04:29.
0,31/44,13/47,Contraction_l_Alik_Bjlk_Cijk_Dijk,"(128,4096,1,4096)",Cijk_Alik_Bjlk_B8B8S_BH_GB_MT64x64x32_MI16x16x16x1_SN_GLVWA8_GLVWB8_GRVW8_K1_SS0_SVW4_WSGRA0_WSGRB0,NO_CHECK,107.122,40094.2,,0.625,4,32,1,1,1,0.625,67633152,524288,,,,,,,,,,2026-04-19 00:04:29.
0,31/44,14/47,Contraction_l_Alik_Bjlk_Cijk_Dijk,"(128,4096,1,4096)",Cijk_Alik_Bjlk_B8B8S_BH_GB_MT64x64x32_MI16x16x16x1_SN_GLVWA16_GLVWB16_GRVW16_K1_SS0_SVW4_WSGRA0_WSGRB0,NO_CHECK,106.802,40214.3,,0.625,4,32,1,1,1,0.625,67633152,524288,,,,,,,,,,2026-04-19 00:04:29.
0,31/44,15/47,Contraction_l_Alik_Bjlk_Cijk_Dijk,"(128,4096,1,4096)",Cijk_Alik_Bjlk_B8B8S_BH_GB_MT64x64x32_MI16x16x16x1_SN_GLVWA4_GLVWB4_GRVW4_K1_SS0_SVW4_WSGRA1_WSGRB0,NO_CHECK,110.801,38762.9,,0.625,4,32,1,1,1,0.625,67633152,524288,,,,,,,,,,2026-04-19 00:04:29.
0,31/44,16/47,Contraction_l_Alik_Bjlk_Cijk_Dijk,"(128,4096,1,4096)",Cijk_Alik_Bjlk_B8B8S_BH_GB_MT64x64x32_MI16x16x16x1_SN_GLVWA8_GLVWB8_GRVW8_K1_SS0_SVW4_WSGRA1_WSGRB0,NO_CHECK,115.641,37140.5,,0.625,4,32,1,1,1,0.625,67633152,524288,,,,,,,,,,2026-04-19 00:04:29.
0,31/44,17/47,Contraction_l_Alik_Bjlk_Cijk_Dijk,"(128,4096,1,4096)",Cijk_Alik_Bjlk_B8B8S_BH_GB_MT64x64x32_MI16x16x16x1_SN_GLVWA16_GLVWB16_GRVW16_K1_SS0_SVW4_WSGRA1_WSGRB0,NO_CHECK,107.321,40019.8,,0.625,4,32,1,1,1,0.625,67633152,524288,,,,,,,,,,2026-04-19 00:04:29.
0,31/44,18/47,Contraction_l_Alik_Bjlk_Cijk_Dijk,"(128,4096,1,4096)",Cijk_Alik_Bjlk_B8B8S_BH_GB_MT64x64x32_MI16x16x16x1_SN_GLVWA4_GLVWB4_GRVW4_K1_SS0_SVW4_WSGRA0_WSGRB1,NO_CHECK,110.841,38748.9,,0.625,4,32,1,1,1,0.625,67633152,524288,,,,,,,,,,2026-04-19 00:04:29.
0,31/44,19/47,Contraction_l_Alik_Bjlk_Cijk_Dijk,"(128,4096,1,4096)",Cijk_Alik_Bjlk_B8B8S_BH_GB_MT64x64x32_MI16x16x16x1_SN_GLVWA8_GLVWB8_GRVW8_K1_SS0_SVW4_WSGRA0_WSGRB1,NO_CHECK,106.401,40365.9,,0.625,4,32,1,1,1,0.625,67633152,524288,,,,,,,,,,2026-04-19 00:04:29.
0,31/44,20/47,Contraction_l_Alik_Bjlk_Cijk_Dijk,"(128,4096,1,4096)",Cijk_Alik_Bjlk_B8B8S_BH_GB_MT64x64x32_MI16x16x16x1_SN_GLVWA16_GLVWB16_GRVW16_K1_SS0_SVW4_WSGRA0_WSGRB1,NO_CHECK,105.441,40733.4,,0.625,4,32,1,1,1,0.625,67633152,524288,,,,,,,,,,2026-04-19 00:04:29.
0,31/44,21/47,Contraction_l_Alik_Bjlk_Cijk_Dijk,"(128,4096,1,4096)",Cijk_Alik_Bjlk_B8B8S_BH_GB_MT64x64x32_MI16x16x16x1_SN_GLVWA4_GLVWB4_GRVW4_K1_SS0_SVW4_WSGRA1_WSGRB1,NO_CHECK,108.481,39591.9,,0.625,4,32,1,1,1,0.625,67633152,524288,,,,,,,,,,2026-04-19 00:04:29.
0,31/44,22/47,Contraction_l_Alik_Bjlk_Cijk_Dijk,"(128,4096,1,4096)",Cijk_Alik_Bjlk_B8B8S_BH_GB_MT64x64x32_MI16x16x16x1_SN_GLVWA8_GLVWB8_GRVW8_K1_SS0_SVW4_WSGRA1_WSGRB1,NO_CHECK,105.921,40548.8,,0.625,4,32,1,1,1,0.625,67633152,524288,,,,,,,,,,2026-04-19 00:04:29.
0,31/44,23/47,Contraction_l_Alik_Bjlk_Cijk_Dijk,"(128,4096,1,4096)",Cijk_Alik_Bjlk_B8B8S_BH_GB_MT64x64x32_MI16x16x16x1_SN_GLVWA16_GLVWB16_GRVW16_K1_SS0_SVW4_WSGRA1_WSGRB1,NO_CHECK,107.761,39856.4,,0.625,4,32,1,1,1,0.625,67633152,524288,,,,,,,,,,2026-04-19 00:04:29.
0,31/44,24/47,Contraction_l_Alik_Bjlk_Cijk_Dijk,"(128,4096,1,4096)",Cijk_Alik_Bjlk_B8B8S_BH_GB_MT64x64x16_MI16x16x16x1_SN_GLVWA4_GLVWB4_GRVW4_K1_SS1_SVW1_WSGRA0_WSGRB0,NO_CHECK,137.801,31167.9,,0.625,4,32,1,1,1,0.625,67633152,524288,,,,,,,,,,2026-04-19 00:04:29.
0,31/44,25/47,Contraction_l_Alik_Bjlk_Cijk_Dijk,"(128,4096,1,4096)",Cijk_Alik_Bjlk_B8B8S_BH_GB_MT64x64x16_MI16x16x16x1_SN_GLVWA8_GLVWB8_GRVW8_K1_SS1_SVW1_WSGRA0_WSGRB0,NO_CHECK,135.442,31710.7,,0.625,4,32,1,1,1,0.625,67633152,524288,,,,,,,,,,2026-04-19 00:04:29.
0,31/44,26/47,Contraction_l_Alik_Bjlk_Cijk_Dijk,"(128,4096,1,4096)",Cijk_Alik_Bjlk_B8B8S_BH_GB_MT64x64x16_MI16x16x16x1_SN_GLVWA16_GLVWB16_GRVW16_K1_SS1_SVW1_WSGRA0_WSGRB0,NO_CHECK,136.562,31450.7,,0.625,4,32,1,1,1,0.625,67633152,524288,,,,,,,,,,2026-04-19 00:04:29.
0,31/44,27/47,Contraction_l_Alik_Bjlk_Cijk_Dijk,"(128,4096,1,4096)",Cijk_Alik_Bjlk_B8B8S_BH_GB_MT64x64x16_MI16x16x16x1_SN_GLVWA4_GLVWB4_GRVW4_K1_SS1_SVW1_WSGRA1_WSGRB0,NO_CHECK,137.601,31213.2,,0.625,4,32,1,1,1,0.625,67633152,524288,,,,,,,,,,2026-04-19 00:04:29.
0,31/44,28/47,Contraction_l_Alik_Bjlk_Cijk_Dijk,"(128,4096,1,4096)",Cijk_Alik_Bjlk_B8B8S_BH_GB_MT64x64x16_MI16x16x16x1_SN_GLVWA8_GLVWB8_GRVW8_K1_SS1_SVW1_WSGRA1_WSGRB0,NO_CHECK,135.802,31626.7,,0.625,4,32,1,1,1,0.625,67633152,524288,,,,,,,,,,2026-04-19 00:04:29.
0,31/44,29/47,Contraction_l_Alik_Bjlk_Cijk_Dijk,"(128,4096,1,4096)",Cijk_Alik_Bjlk_B8B8S_BH_GB_MT64x64x16_MI16x16x16x1_SN_GLVWA16_GLVWB16_GRVW16_K1_SS1_SVW1_WSGRA1_WSGRB0,NO_CHECK,136.041,31571.1,,0.625,4,32,1,1,1,0.625,67633152,524288,,,,,,,,,,2026-04-19 00:04:29.
0,31/44,30/47,Contraction_l_Alik_Bjlk_Cijk_Dijk,"(128,4096,1,4096)",Cijk_Alik_Bjlk_B8B8S_BH_GB_MT64x64x16_MI16x16x16x1_SN_GLVWA4_GLVWB4_GRVW4_K1_SS1_SVW1_WSGRA0_WSGRB1,NO_CHECK,138.682,30969.9,,0.625,4,32,1,1,1,0.625,67633152,524288,,,,,,,,,,2026-04-19 00:04:29.
0,31/44,31/47,Contraction_l_Alik_Bjlk_Cijk_Dijk,"(128,4096,1,4096)",Cijk_Alik_Bjlk_B8B8S_BH_GB_MT64x64x16_MI16x16x16x1_SN_GLVWA8_GLVWB8_GRVW8_K1_SS1_SVW1_WSGRA0_WSGRB1,NO_CHECK,134.841,31852.1,,0.625,4,32,1,1,1,0.625,67633152,524288,,,,,,,,,,2026-04-19 00:04:29.
0,31/44,32/47,Contraction_l_Alik_Bjlk_Cijk_Dijk,"(128,4096,1,4096)",Cijk_Alik_Bjlk_B8B8S_BH_GB_MT64x64x16_MI16x16x16x1_SN_GLVWA16_GLVWB16_GRVW16_K1_SS1_SVW1_WSGRA0_WSGRB1,NO_CHECK,143.882,29850.6,,0.625,4,32,1,1,1,0.625,67633152,524288,,,,,,,,,,2026-04-19 00:04:29.
0,31/44,33/47,Contraction_l_Alik_Bjlk_Cijk_Dijk,"(128,4096,1,4096)",Cijk_Alik_Bjlk_B8B8S_BH_GB_MT64x64x16_MI16x16x16x1_SN_GLVWA4_GLVWB4_GRVW4_K1_SS1_SVW1_WSGRA1_WSGRB1,NO_CHECK,138.202,31077.5,,0.625,4,32,1,1,1,0.625,67633152,524288,,,,,,,,,,2026-04-19 00:04:29.
0,31/44,34/47,Contraction_l_Alik_Bjlk_Cijk_Dijk,"(128,4096,1,4096)",Cijk_Alik_Bjlk_B8B8S_BH_GB_MT64x64x16_MI16x16x16x1_SN_GLVWA8_GLVWB8_GRVW8_K1_SS1_SVW1_WSGRA1_WSGRB1,NO_CHECK,135.841,31617.6,,0.625,4,32,1,1,1,0.625,67633152,524288,,,,,,,,,,2026-04-19 00:04:29.
0,31/44,35/47,Contraction_l_Alik_Bjlk_Cijk_Dijk,"(128,4096,1,4096)",Cijk_Alik_Bjlk_B8B8S_BH_GB_MT64x64x16_MI16x16x16x1_SN_GLVWA16_GLVWB16_GRVW16_K1_SS1_SVW1_WSGRA1_WSGRB1,NO_CHECK,134.161,32013.5,,0.625,4,32,1,1,1,0.625,67633152,524288,,,,,,,,,,2026-04-19 00:04:29.
0,31/44,36/47,Contraction_l_Alik_Bjlk_Cijk_Dijk,"(128,4096,1,4096)",Cijk_Alik_Bjlk_B8B8S_BH_GB_MT64x64x32_MI16x16x16x1_SN_GLVWA4_GLVWB4_GRVW4_K1_SS1_SVW1_WSGRA0_WSGRB0,NO_CHECK,111.601,38485,,0.625,4,32,1,1,1,0.625,67633152,524288,,,,,,,,,,2026-04-19 00:04:29.
0,31/44,37/47,Contraction_l_Alik_Bjlk_Cijk_Dijk,"(128,4096,1,4096)",Cijk_Alik_Bjlk_B8B8S_BH_GB_MT64x64x32_MI16x16x16x1_SN_GLVWA8_GLVWB8_GRVW8_K1_SS1_SVW1_WSGRA0_WSGRB0,NO_CHECK,109.081,39374.1,,0.625,4,32,1,1,1,0.625,67633152,524288,,,,,,,,,,2026-04-19 00:04:29.
0,31/44,38/47,Contraction_l_Alik_Bjlk_Cijk_Dijk,"(128,4096,1,4096)",Cijk_Alik_Bjlk_B8B8S_BH_GB_MT64x64x32_MI16x16x16x1_SN_GLVWA16_GLVWB16_GRVW16_K1_SS1_SVW1_WSGRA0_WSGRB0,NO_CHECK,108.761,39490,,0.625,4,32,1,1,1,0.625,67633152,524288,,,,,,,,,,2026-04-19 00:04:29.
0,31/44,39/47,Contraction_l_Alik_Bjlk_Cijk_Dijk,"(128,4096,1,4096)",Cijk_Alik_Bjlk_B8B8S_BH_GB_MT64x64x32_MI16x16x16x1_SN_GLVWA4_GLVWB4_GRVW4_K1_SS1_SVW1_WSGRA1_WSGRB0,NO_CHECK,114.921,37373.2,,0.625,4,32,1,1,1,0.625,67633152,524288,,,,,,,,,,2026-04-19 00:04:29.
0,31/44,40/47,Contraction_l_Alik_Bjlk_Cijk_Dijk,"(128,4096,1,4096)",Cijk_Alik_Bjlk_B8B8S_BH_GB_MT64x64x32_MI16x16x16x1_SN_GLVWA8_GLVWB8_GRVW8_K1_SS1_SVW1_WSGRA1_WSGRB0,NO_CHECK,107.601,39915.7,,0.625,4,32,1,1,1,0.625,67633152,524288,,,,,,,,,,2026-04-19 00:04:29.
0,31/44,41/47,Contraction_l_Alik_Bjlk_Cijk_Dijk,"(128,4096,1,4096)",Cijk_Alik_Bjlk_B8B8S_BH_GB_MT64x64x32_MI16x16x16x1_SN_GLVWA16_GLVWB16_GRVW16_K1_SS1_SVW1_WSGRA1_WSGRB0,NO_CHECK,108.281,39665,,0.625,4,32,1,1,1,0.625,67633152,524288,,,,,,,,,,2026-04-19 00:04:29.
0,31/44,42/47,Contraction_l_Alik_Bjlk_Cijk_Dijk,"(128,4096,1,4096)",Cijk_Alik_Bjlk_B8B8S_BH_GB_MT64x64x32_MI16x16x16x1_SN_GLVWA4_GLVWB4_GRVW4_K1_SS1_SVW1_WSGRA0_WSGRB1,NO_CHECK,115.881,37063.6,,0.625,4,32,1,1,1,0.625,67633152,524288,,,,,,,,,,2026-04-19 00:04:29.
0,31/44,43/47,Contraction_l_Alik_Bjlk_Cijk_Dijk,"(128,4096,1,4096)",Cijk_Alik_Bjlk_B8B8S_BH_GB_MT64x64x32_MI16x16x16x1_SN_GLVWA8_GLVWB8_GRVW8_K1_SS1_SVW1_WSGRA0_WSGRB1,NO_CHECK,110.041,39030.6,,0.625,4,32,1,1,1,0.625,67633152,524288,,,,,,,,,,2026-04-19 00:04:29.
0,31/44,44/47,Contraction_l_Alik_Bjlk_Cijk_Dijk,"(128,4096,1,4096)",Cijk_Alik_Bjlk_B8B8S_BH_GB_MT64x64x32_MI16x16x16x1_SN_GLVWA16_GLVWB16_GRVW16_K1_SS1_SVW1_WSGRA0_WSGRB1,NO_CHECK,109.202,39330.5,,0.625,4,32,1,1,1,0.625,67633152,524288,,,,,,,,,,2026-04-19 00:04:29.
0,31/44,45/47,Contraction_l_Alik_Bjlk_Cijk_Dijk,"(128,4096,1,4096)",Cijk_Alik_Bjlk_B8B8S_BH_GB_MT64x64x32_MI16x16x16x1_SN_GLVWA4_GLVWB4_GRVW4_K1_SS1_SVW1_WSGRA1_WSGRB1,NO_CHECK,113.442,37860.5,,0.625,4,32,1,1,1,0.625,67633152,524288,,,,,,,,,,2026-04-19 00:04:29.
0,31/44,46/47,Contraction_l_Alik_Bjlk_Cijk_Dijk,"(128,4096,1,4096)",Cijk_Alik_Bjlk_B8B8S_BH_GB_MT64x64x32_MI16x16x16x1_SN_GLVWA8_GLVWB8_GRVW8_K1_SS1_SVW1_WSGRA1_WSGRB1,NO_CHECK,108.042,39752.8,,0.625,4,32,1,1,1,0.625,67633152,524288,,,,,,,,,,2026-04-19 00:04:29.
0,31/44,47/47,Contraction_l_Alik_Bjlk_Cijk_Dijk,"(128,4096,1,4096)",Cijk_Alik_Bjlk_B8B8S_BH_GB_MT64x64x32_MI16x16x16x1_SN_GLVWA16_GLVWB16_GRVW16_K1_SS1_SVW1_WSGRA1_WSGRB1,NO_CHECK,106.961,40154.5,,0.625,4,32,1,1,1,0.625,67633152,524288,,,,,,,,,,2026-04-19 00:04:29.
0,32/44,0/47,Contraction_l_Alik_Bjlk_Cijk_Dijk,"(128,4096,1,8192)",Cijk_Alik_Bjlk_B8B8S_BH_GB_MT64x64x16_MI16x16x16x1_SN_GLVWA4_GLVWB4_GRVW4_K1_SS0_SVW4_WSGRA0_WSGRB0,NO_CHECK,346.924,24760.3,,0.625,4,32,1,1,1,0.625,134742016,524288,,,,,,,,,,2026-04-19 00:04:29.
0,32/44,1/47,Contraction_l_Alik_Bjlk_Cijk_Dijk,"(128,4096,1,8192)",Cijk_Alik_Bjlk_B8B8S_BH_GB_MT64x64x16_MI16x16x16x1_SN_GLVWA8_GLVWB8_GRVW8_K1_SS0_SVW4_WSGRA0_WSGRB0,NO_CHECK,255.643,33601.3,,0.625,4,32,1,1,1,0.625,134742016,524288,,,,,,,,,,2026-04-19 00:04:29.
0,32/44,2/47,Contraction_l_Alik_Bjlk_Cijk_Dijk,"(128,4096,1,8192)",Cijk_Alik_Bjlk_B8B8S_BH_GB_MT64x64x16_MI16x16x16x1_SN_GLVWA16_GLVWB16_GRVW16_K1_SS0_SVW4_WSGRA0_WSGRB0,NO_CHECK,255.643,33601.3,,0.625,4,32,1,1,1,0.625,134742016,524288,,,,,,,,,,2026-04-19 00:04:29.
0,32/44,3/47,Contraction_l_Alik_Bjlk_Cijk_Dijk,"(128,4096,1,8192)",Cijk_Alik_Bjlk_B8B8S_BH_GB_MT64x64x16_MI16x16x16x1_SN_GLVWA4_GLVWB4_GRVW4_K1_SS0_SVW4_WSGRA1_WSGRB0,NO_CHECK,256.603,33475.6,,0.625,4,32,1,1,1,0.625,134742016,524288,,,,,,,,,,2026-04-19 00:04:29.
0,32/44,4/47,Contraction_l_Alik_Bjlk_Cijk_Dijk,"(128,4096,1,8192)",Cijk_Alik_Bjlk_B8B8S_BH_GB_MT64x64x16_MI16x16x16x1_SN_GLVWA8_GLVWB8_GRVW8_K1_SS0_SVW4_WSGRA1_WSGRB0,NO_CHECK,253.803,33844.9,,0.625,4,32,1,1,1,0.625,134742016,524288,,,,,,,,,,2026-04-19 00:04:29.
0,32/44,5/47,Contraction_l_Alik_Bjlk_Cijk_Dijk,"(128,4096,1,8192)",Cijk_Alik_Bjlk_B8B8S_BH_GB_MT64x64x16_MI16x16x16x1_SN_GLVWA16_GLVWB16_GRVW16_K1_SS0_SVW4_WSGRA1_WSGRB0,NO_CHECK,253.763,33850.2,,0.625,4,32,1,1,1,0.625,134742016,524288,,,,,,,,,,2026-04-19 00:04:29.
0,32/44,6/47,Contraction_l_Alik_Bjlk_Cijk_Dijk,"(128,4096,1,8192)",Cijk_Alik_Bjlk_B8B8S_BH_GB_MT64x64x16_MI16x16x16x1_SN_GLVWA4_GLVWB4_GRVW4_K1_SS0_SVW4_WSGRA0_WSGRB1,NO_CHECK,255.563,33611.8,,0.625,4,32,1,1,1,0.625,134742016,524288,,,,,,,,,,2026-04-19 00:04:29.
0,32/44,7/47,Contraction_l_Alik_Bjlk_Cijk_Dijk,"(128,4096,1,8192)",Cijk_Alik_Bjlk_B8B8S_BH_GB_MT64x64x16_MI16x16x16x1_SN_GLVWA8_GLVWB8_GRVW8_K1_SS0_SVW4_WSGRA0_WSGRB1,NO_CHECK,252.043,34081.2,,0.625,4,32,1,1,1,0.625,134742016,524288,,,,,,,,,,2026-04-19 00:04:29.
0,32/44,8/47,Contraction_l_Alik_Bjlk_Cijk_Dijk,"(128,4096,1,8192)",Cijk_Alik_Bjlk_B8B8S_BH_GB_MT64x64x16_MI16x16x16x1_SN_GLVWA16_GLVWB16_GRVW16_K1_SS0_SVW4_WSGRA0_WSGRB1,NO_CHECK,253.283,33914.4,,0.625,4,32,1,1,1,0.625,134742016,524288,,,,,,,,,,2026-04-19 00:04:29.
0,32/44,9/47,Contraction_l_Alik_Bjlk_Cijk_Dijk,"(128,4096,1,8192)",Cijk_Alik_Bjlk_B8B8S_BH_GB_MT64x64x16_MI16x16x16x1_SN_GLVWA4_GLVWB4_GRVW4_K1_SS0_SVW4_WSGRA1_WSGRB1,NO_CHECK,255.243,33653.9,,0.625,4,32,1,1,1,0.625,134742016,524288,,,,,,,,,,2026-04-19 00:04:29.
0,32/44,10/47,Contraction_l_Alik_Bjlk_Cijk_Dijk,"(128,4096,1,8192)",Cijk_Alik_Bjlk_B8B8S_BH_GB_MT64x64x16_MI16x16x16x1_SN_GLVWA8_GLVWB8_GRVW8_K1_SS0_SVW4_WSGRA1_WSGRB1,NO_CHECK,255.363,33638.1,,0.625,4,32,1,1,1,0.625,134742016,524288,,,,,,,,,,2026-04-19 00:04:29.
0,32/44,11/47,Contraction_l_Alik_Bjlk_Cijk_Dijk,"(128,4096,1,8192)",Cijk_Alik_Bjlk_B8B8S_BH_GB_MT64x64x16_MI16x16x16x1_SN_GLVWA16_GLVWB16_GRVW16_K1_SS0_SVW4_WSGRA1_WSGRB1,NO_CHECK,253.803,33844.9,,0.625,4,32,1,1,1,0.625,134742016,524288,,,,,,,,,,2026-04-19 00:04:29.
0,32/44,12/47,Contraction_l_Alik_Bjlk_Cijk_Dijk,"(128,4096,1,8192)",Cijk_Alik_Bjlk_B8B8S_BH_GB_MT64x64x32_MI16x16x16x1_SN_GLVWA4_GLVWB4_GRVW4_K1_SS0_SVW4_WSGRA0_WSGRB0,NO_CHECK,203.203,42272.7,,0.625,4,32,1,1,1,0.625,134742016,524288,,,,,,,,,,2026-04-19 00:04:29.
0,32/44,13/47,Contraction_l_Alik_Bjlk_Cijk_Dijk,"(128,4096,1,8192)",Cijk_Alik_Bjlk_B8B8S_BH_GB_MT64x64x32_MI16x16x16x1_SN_GLVWA8_GLVWB8_GRVW8_K1_SS0_SVW4_WSGRA0_WSGRB0,NO_CHECK,194.842,44086.7,,0.625,4,32,1,1,1,0.625,134742016,524288,,,,,,,,,,2026-04-19 00:04:29.
0,32/44,14/47,Contraction_l_Alik_Bjlk_Cijk_Dijk,"(128,4096,1,8192)",Cijk_Alik_Bjlk_B8B8S_BH_GB_MT64x64x32_MI16x16x16x1_SN_GLVWA16_GLVWB16_GRVW16_K1_SS0_SVW4_WSGRA0_WSGRB0,NO_CHECK,194.243,44222.6,,0.625,4,32,1,1,1,0.625,134742016,524288,,,,,,,,,,2026-04-19 00:04:29.
0,32/44,15/47,Contraction_l_Alik_Bjlk_Cijk_Dijk,"(128,4096,1,8192)",Cijk_Alik_Bjlk_B8B8S_BH_GB_MT64x64x32_MI16x16x16x1_SN_GLVWA4_GLVWB4_GRVW4_K1_SS0_SVW4_WSGRA1_WSGRB0,NO_CHECK,199.683,43017.9,,0.625,4,32,1,1,1,0.625,134742016,524288,,,,,,,,,,2026-04-19 00:04:29.
0,32/44,16/47,Contraction_l_Alik_Bjlk_Cijk_Dijk,"(128,4096,1,8192)",Cijk_Alik_Bjlk_B8B8S_BH_GB_MT64x64x32_MI16x16x16x1_SN_GLVWA8_GLVWB8_GRVW8_K1_SS0_SVW4_WSGRA1_WSGRB0,NO_CHECK,205.883,41722.4,,0.625,4,32,1,1,1,0.625,134742016,524288,,,,,,,,,,2026-04-19 00:04:29.
0,32/44,17/47,Contraction_l_Alik_Bjlk_Cijk_Dijk,"(128,4096,1,8192)",Cijk_Alik_Bjlk_B8B8S_BH_GB_MT64x64x32_MI16x16x16x1_SN_GLVWA16_GLVWB16_GRVW16_K1_SS0_SVW4_WSGRA1_WSGRB0,NO_CHECK,197.163,43567.7,,0.625,4,32,1,1,1,0.625,134742016,524288,,,,,,,,,,2026-04-19 00:04:29.
0,32/44,18/47,Contraction_l_Alik_Bjlk_Cijk_Dijk,"(128,4096,1,8192)",Cijk_Alik_Bjlk_B8B8S_BH_GB_MT64x64x32_MI16x16x16x1_SN_GLVWA4_GLVWB4_GRVW4_K1_SS0_SVW4_WSGRA0_WSGRB1,NO_CHECK,202.043,42515.4,,0.625,4,32,1,1,1,0.625,134742016,524288,,,,,,,,,,2026-04-19 00:04:29.
0,32/44,19/47,Contraction_l_Alik_Bjlk_Cijk_Dijk,"(128,4096,1,8192)",Cijk_Alik_Bjlk_B8B8S_BH_GB_MT64x64x32_MI16x16x16x1_SN_GLVWA8_GLVWB8_GRVW8_K1_SS0_SVW4_WSGRA0_WSGRB1,NO_CHECK,196.723,43665.1,,0.625,4,32,1,1,1,0.625,134742016,524288,,,,,,,,,,2026-04-19 00:04:29.
0,32/44,20/47,Contraction_l_Alik_Bjlk_Cijk_Dijk,"(128,4096,1,8192)",Cijk_Alik_Bjlk_B8B8S_BH_GB_MT64x64x32_MI16x16x16x1_SN_GLVWA16_GLVWB16_GRVW16_K1_SS0_SVW4_WSGRA0_WSGRB1,NO_CHECK,197.402,43514.9,,0.625,4,32,1,1,1,0.625,134742016,524288,,,,,,,,,,2026-04-19 00:04:29.
0,32/44,21/47,Contraction_l_Alik_Bjlk_Cijk_Dijk,"(128,4096,1,8192)",Cijk_Alik_Bjlk_B8B8S_BH_GB_MT64x64x32_MI16x16x16x1_SN_GLVWA4_GLVWB4_GRVW4_K1_SS0_SVW4_WSGRA1_WSGRB1,NO_CHECK,206.122,41674,,0.625,4,32,1,1,1,0.625,134742016,524288,,,,,,,,,,2026-04-19 00:04:29.
0,32/44,22/47,Contraction_l_Alik_Bjlk_Cijk_Dijk,"(128,4096,1,8192)",Cijk_Alik_Bjlk_B8B8S_BH_GB_MT64x64x32_MI16x16x16x1_SN_GLVWA8_GLVWB8_GRVW8_K1_SS0_SVW4_WSGRA1_WSGRB1,NO_CHECK,195.282,43987.3,,0.625,4,32,1,1,1,0.625,134742016,524288,,,,,,,,,,2026-04-19 00:04:29.
0,32/44,23/47,Contraction_l_Alik_Bjlk_Cijk_Dijk,"(128,4096,1,8192)",Cijk_Alik_Bjlk_B8B8S_BH_GB_MT64x64x32_MI16x16x16x1_SN_GLVWA16_GLVWB16_GRVW16_K1_SS0_SVW4_WSGRA1_WSGRB1,NO_CHECK,196.082,43807.9,,0.625,4,32,1,1,1,0.625,134742016,524288,,,,,,,,,,2026-04-19 00:04:29.
0,32/44,24/47,Contraction_l_Alik_Bjlk_Cijk_Dijk,"(128,4096,1,8192)",Cijk_Alik_Bjlk_B8B8S_BH_GB_MT64x64x16_MI16x16x16x1_SN_GLVWA4_GLVWB4_GRVW4_K1_SS1_SVW1_WSGRA0_WSGRB0,NO_CHECK,256.643,33470.4,,0.625,4,32,1,1,1,0.625,134742016,524288,,,,,,,,,,2026-04-19 00:04:29.
0,32/44,25/47,Contraction_l_Alik_Bjlk_Cijk_Dijk,"(128,4096,1,8192)",Cijk_Alik_Bjlk_B8B8S_BH_GB_MT64x64x16_MI16x16x16x1_SN_GLVWA8_GLVWB8_GRVW8_K1_SS1_SVW1_WSGRA0_WSGRB0,NO_CHECK,253.923,33828.9,,0.625,4,32,1,1,1,0.625,134742016,524288,,,,,,,,,,2026-04-19 00:04:29.
0,32/44,26/47,Contraction_l_Alik_Bjlk_Cijk_Dijk,"(128,4096,1,8192)",Cijk_Alik_Bjlk_B8B8S_BH_GB_MT64x64x16_MI16x16x16x1_SN_GLVWA16_GLVWB16_GRVW16_K1_SS1_SVW1_WSGRA0_WSGRB0,NO_CHECK,255.723,33590.8,,0.625,4,32,1,1,1,0.625,134742016,524288,,,,,,,,,,2026-04-19 00:04:29.
0,32/44,27/47,Contraction_l_Alik_Bjlk_Cijk_Dijk,"(128,4096,1,8192)",Cijk_Alik_Bjlk_B8B8S_BH_GB_MT64x64x16_MI16x16x16x1_SN_GLVWA4_GLVWB4_GRVW4_K1_SS1_SVW1_WSGRA1_WSGRB0,NO_CHECK,255.803,33580.3,,0.625,4,32,1,1,1,0.625,134742016,524288,,,,,,,,,,2026-04-19 00:04:29.
0,32/44,28/47,Contraction_l_Alik_Bjlk_Cijk_Dijk,"(128,4096,1,8192)",Cijk_Alik_Bjlk_B8B8S_BH_GB_MT64x64x16_MI16x16x16x1_SN_GLVWA8_GLVWB8_GRVW8_K1_SS1_SVW1_WSGRA1_WSGRB0,NO_CHECK,252.482,34022,,0.625,4,32,1,1,1,0.625,134742016,524288,,,,,,,,,,2026-04-19 00:04:29.
0,32/44,29/47,Contraction_l_Alik_Bjlk_Cijk_Dijk,"(128,4096,1,8192)",Cijk_Alik_Bjlk_B8B8S_BH_GB_MT64x64x16_MI16x16x16x1_SN_GLVWA16_GLVWB16_GRVW16_K1_SS1_SVW1_WSGRA1_WSGRB0,NO_CHECK,256.883,33439.1,,0.625,4,32,1,1,1,0.625,134742016,524288,,,,,,,,,,2026-04-19 00:04:29.
0,32/44,30/47,Contraction_l_Alik_Bjlk_Cijk_Dijk,"(128,4096,1,8192)",Cijk_Alik_Bjlk_B8B8S_BH_GB_MT64x64x16_MI16x16x16x1_SN_GLVWA4_GLVWB4_GRVW4_K1_SS1_SVW1_WSGRA0_WSGRB1,NO_CHECK,255.083,33675.1,,0.625,4,32,1,1,1,0.625,134742016,524288,,,,,,,,,,2026-04-19 00:04:29.
0,32/44,31/47,Contraction_l_Alik_Bjlk_Cijk_Dijk,"(128,4096,1,8192)",Cijk_Alik_Bjlk_B8B8S_BH_GB_MT64x64x16_MI16x16x16x1_SN_GLVWA8_GLVWB8_GRVW8_K1_SS1_SVW1_WSGRA0_WSGRB1,NO_CHECK,254.003,33818.2,,0.625,4,32,1,1,1,0.625,134742016,524288,,,,,,,,,,2026-04-19 00:04:29.
0,32/44,32/47,Contraction_l_Alik_Bjlk_Cijk_Dijk,"(128,4096,1,8192)",Cijk_Alik_Bjlk_B8B8S_BH_GB_MT64x64x16_MI16x16x16x1_SN_GLVWA16_GLVWB16_GRVW16_K1_SS1_SVW1_WSGRA0_WSGRB1,NO_CHECK,262.323,32745.6,,0.625,4,32,1,1,1,0.625,134742016,524288,,,,,,,,,,2026-04-19 00:04:29.
0,32/44,33/47,Contraction_l_Alik_Bjlk_Cijk_Dijk,"(128,4096,1,8192)",Cijk_Alik_Bjlk_B8B8S_BH_GB_MT64x64x16_MI16x16x16x1_SN_GLVWA4_GLVWB4_GRVW4_K1_SS1_SVW1_WSGRA1_WSGRB1,NO_CHECK,256.083,33543.6,,0.625,4,32,1,1,1,0.625,134742016,524288,,,,,,,,,,2026-04-19 00:04:29.
0,32/44,34/47,Contraction_l_Alik_Bjlk_Cijk_Dijk,"(128,4096,1,8192)",Cijk_Alik_Bjlk_B8B8S_BH_GB_MT64x64x16_MI16x16x16x1_SN_GLVWA8_GLVWB8_GRVW8_K1_SS1_SVW1_WSGRA1_WSGRB1,NO_CHECK,253.803,33844.9,,0.625,4,32,1,1,1,0.625,134742016,524288,,,,,,,,,,2026-04-19 00:04:29.
0,32/44,35/47,Contraction_l_Alik_Bjlk_Cijk_Dijk,"(128,4096,1,8192)",Cijk_Alik_Bjlk_B8B8S_BH_GB_MT64x64x16_MI16x16x16x1_SN_GLVWA16_GLVWB16_GRVW16_K1_SS1_SVW1_WSGRA1_WSGRB1,NO_CHECK,254.443,33759.8,,0.625,4,32,1,1,1,0.625,134742016,524288,,,,,,,,,,2026-04-19 00:04:29.
0,32/44,36/47,Contraction_l_Alik_Bjlk_Cijk_Dijk,"(128,4096,1,8192)",Cijk_Alik_Bjlk_B8B8S_BH_GB_MT64x64x32_MI16x16x16x1_SN_GLVWA4_GLVWB4_GRVW4_K1_SS1_SVW1_WSGRA0_WSGRB0,NO_CHECK,205.803,41738.6,,0.625,4,32,1,1,1,0.625,134742016,524288,,,,,,,,,,2026-04-19 00:04:29.
0,32/44,37/47,Contraction_l_Alik_Bjlk_Cijk_Dijk,"(128,4096,1,8192)",Cijk_Alik_Bjlk_B8B8S_BH_GB_MT64x64x32_MI16x16x16x1_SN_GLVWA8_GLVWB8_GRVW8_K1_SS1_SVW1_WSGRA0_WSGRB0,NO_CHECK,200.003,42949,,0.625,4,32,1,1,1,0.625,134742016,524288,,,,,,,,,,2026-04-19 00:04:29.
0,32/44,38/47,Contraction_l_Alik_Bjlk_Cijk_Dijk,"(128,4096,1,8192)",Cijk_Alik_Bjlk_B8B8S_BH_GB_MT64x64x32_MI16x16x16x1_SN_GLVWA16_GLVWB16_GRVW16_K1_SS1_SVW1_WSGRA0_WSGRB0,NO_CHECK,198.043,43374.1,,0.625,4,32,1,1,1,0.625,134742016,524288,,,,,,,,,,2026-04-19 00:04:29.
0,32/44,39/47,Contraction_l_Alik_Bjlk_Cijk_Dijk,"(128,4096,1,8192)",Cijk_Alik_Bjlk_B8B8S_BH_GB_MT64x64x32_MI16x16x16x1_SN_GLVWA4_GLVWB4_GRVW4_K1_SS1_SVW1_WSGRA1_WSGRB0,NO_CHECK,206.563,41585.1,,0.625,4,32,1,1,1,0.625,134742016,524288,,,,,,,,,,2026-04-19 00:04:29.
0,32/44,40/47,Contraction_l_Alik_Bjlk_Cijk_Dijk,"(128,4096,1,8192)",Cijk_Alik_Bjlk_B8B8S_BH_GB_MT64x64x32_MI16x16x16x1_SN_GLVWA8_GLVWB8_GRVW8_K1_SS1_SVW1_WSGRA1_WSGRB0,NO_CHECK,200.163,42914.7,,0.625,4,32,1,1,1,0.625,134742016,524288,,,,,,,,,,2026-04-19 00:04:29.
0,32/44,41/47,Contraction_l_Alik_Bjlk_Cijk_Dijk,"(128,4096,1,8192)",Cijk_Alik_Bjlk_B8B8S_BH_GB_MT64x64x32_MI16x16x16x1_SN_GLVWA16_GLVWB16_GRVW16_K1_SS1_SVW1_WSGRA1_WSGRB0,NO_CHECK,198.922,43182.4,,0.625,4,32,1,1,1,0.625,134742016,524288,,,,,,,,,,2026-04-19 00:04:29.
0,32/44,42/47,Contraction_l_Alik_Bjlk_Cijk_Dijk,"(128,4096,1,8192)",Cijk_Alik_Bjlk_B8B8S_BH_GB_MT64x64x32_MI16x16x16x1_SN_GLVWA4_GLVWB4_GRVW4_K1_SS1_SVW1_WSGRA0_WSGRB1,NO_CHECK,205.522,41795.7,,0.625,4,32,1,1,1,0.625,134742016,524288,,,,,,,,,,2026-04-19 00:04:29.
0,32/44,43/47,Contraction_l_Alik_Bjlk_Cijk_Dijk,"(128,4096,1,8192)",Cijk_Alik_Bjlk_B8B8S_BH_GB_MT64x64x32_MI16x16x16x1_SN_GLVWA8_GLVWB8_GRVW8_K1_SS1_SVW1_WSGRA0_WSGRB1,NO_CHECK,197.122,43576.7,,0.625,4,32,1,1,1,0.625,134742016,524288,,,,,,,,,,2026-04-19 00:04:29.
0,32/44,44/47,Contraction_l_Alik_Bjlk_Cijk_Dijk,"(128,4096,1,8192)",Cijk_Alik_Bjlk_B8B8S_BH_GB_MT64x64x32_MI16x16x16x1_SN_GLVWA16_GLVWB16_GRVW16_K1_SS1_SVW1_WSGRA0_WSGRB1,NO_CHECK,197.362,43523.7,,0.625,4,32,1,1,1,0.625,134742016,524288,,,,,,,,,,2026-04-19 00:04:29.
0,32/44,45/47,Contraction_l_Alik_Bjlk_Cijk_Dijk,"(128,4096,1,8192)",Cijk_Alik_Bjlk_B8B8S_BH_GB_MT64x64x32_MI16x16x16x1_SN_GLVWA4_GLVWB4_GRVW4_K1_SS1_SVW1_WSGRA1_WSGRB1,NO_CHECK,202.922,42331.2,,0.625,4,32,1,1,1,0.625,134742016,524288,,,,,,,,,,2026-04-19 00:04:29.
0,32/44,46/47,Contraction_l_Alik_Bjlk_Cijk_Dijk,"(128,4096,1,8192)",Cijk_Alik_Bjlk_B8B8S_BH_GB_MT64x64x32_MI16x16x16x1_SN_GLVWA8_GLVWB8_GRVW8_K1_SS1_SVW1_WSGRA1_WSGRB1,NO_CHECK,198.402,43295.6,,0.625,4,32,1,1,1,0.625,134742016,524288,,,,,,,,,,2026-04-19 00:04:29.
0,32/44,47/47,Contraction_l_Alik_Bjlk_Cijk_Dijk,"(128,4096,1,8192)",Cijk_Alik_Bjlk_B8B8S_BH_GB_MT64x64x32_MI16x16x16x1_SN_GLVWA16_GLVWB16_GRVW16_K1_SS1_SVW1_WSGRA1_WSGRB1,NO_CHECK,196.682,43674.2,,0.625,4,32,1,1,1,0.625,134742016,524288,,,,,,,,,,2026-04-19 00:04:29.
0,33/44,0/47,Contraction_l_Alik_Bjlk_Cijk_Dijk,"(128,8192,1,1024)",Cijk_Alik_Bjlk_B8B8S_BH_GB_MT64x64x16_MI16x16x16x1_SN_GLVWA4_GLVWB4_GRVW4_K1_SS0_SVW4_WSGRA0_WSGRB0,NO_CHECK,60.561,35459.8,,1,8,32,1,1,1,1,34603008,1048576,,,,,,,,,,2026-04-19 00:04:29.
0,33/44,1/47,Contraction_l_Alik_Bjlk_Cijk_Dijk,"(128,8192,1,1024)",Cijk_Alik_Bjlk_B8B8S_BH_GB_MT64x64x16_MI16x16x16x1_SN_GLVWA8_GLVWB8_GRVW8_K1_SS0_SVW4_WSGRA0_WSGRB0,NO_CHECK,48.4,44369.5,,1,8,32,1,1,1,1,34603008,1048576,,,,,,,,,,2026-04-19 00:04:29.
0,33/44,2/47,Contraction_l_Alik_Bjlk_Cijk_Dijk,"(128,8192,1,1024)",Cijk_Alik_Bjlk_B8B8S_BH_GB_MT64x64x16_MI16x16x16x1_SN_GLVWA16_GLVWB16_GRVW16_K1_SS0_SVW4_WSGRA0_WSGRB0,NO_CHECK,48.801,44004.9,,1,8,32,1,1,1,1,34603008,1048576,,,,,,,,,,2026-04-19 00:04:29.
0,33/44,3/47,Contraction_l_Alik_Bjlk_Cijk_Dijk,"(128,8192,1,1024)",Cijk_Alik_Bjlk_B8B8S_BH_GB_MT64x64x16_MI16x16x16x1_SN_GLVWA4_GLVWB4_GRVW4_K1_SS0_SVW4_WSGRA1_WSGRB0,NO_CHECK,52.921,40579,,1,8,32,1,1,1,1,34603008,1048576,,,,,,,,,,2026-04-19 00:04:29.
0,33/44,4/47,Contraction_l_Alik_Bjlk_Cijk_Dijk,"(128,8192,1,1024)",Cijk_Alik_Bjlk_B8B8S_BH_GB_MT64x64x16_MI16x16x16x1_SN_GLVWA8_GLVWB8_GRVW8_K1_SS0_SVW4_WSGRA1_WSGRB0,NO_CHECK,49.48,43401,,1,8,32,1,1,1,1,34603008,1048576,,,,,,,,,,2026-04-19 00:04:29.
0,33/44,5/47,Contraction_l_Alik_Bjlk_Cijk_Dijk,"(128,8192,1,1024)",Cijk_Alik_Bjlk_B8B8S_BH_GB_MT64x64x16_MI16x16x16x1_SN_GLVWA16_GLVWB16_GRVW16_K1_SS0_SVW4_WSGRA1_WSGRB0,NO_CHECK,47.64,45077.3,,1,8,32,1,1,1,1,34603008,1048576,,,,,,,,,,2026-04-19 00:04:29.
0,33/44,6/47,Contraction_l_Alik_Bjlk_Cijk_Dijk,"(128,8192,1,1024)",Cijk_Alik_Bjlk_B8B8S_BH_GB_MT64x64x16_MI16x16x16x1_SN_GLVWA4_GLVWB4_GRVW4_K1_SS0_SVW4_WSGRA0_WSGRB1,NO_CHECK,52.921,40579,,1,8,32,1,1,1,1,34603008,1048576,,,,,,,,,,2026-04-19 00:04:29.
0,33/44,7/47,Contraction_l_Alik_Bjlk_Cijk_Dijk,"(128,8192,1,1024)",Cijk_Alik_Bjlk_B8B8S_BH_GB_MT64x64x16_MI16x16x16x1_SN_GLVWA8_GLVWB8_GRVW8_K1_SS0_SVW4_WSGRA0_WSGRB1,NO_CHECK,48.001,44738.3,,1,8,32,1,1,1,1,34603008,1048576,,,,,,,,,,2026-04-19 00:04:29.
0,33/44,8/47,Contraction_l_Alik_Bjlk_Cijk_Dijk,"(128,8192,1,1024)",Cijk_Alik_Bjlk_B8B8S_BH_GB_MT64x64x16_MI16x16x16x1_SN_GLVWA16_GLVWB16_GRVW16_K1_SS0_SVW4_WSGRA0_WSGRB1,NO_CHECK,48.68,44114.3,,1,8,32,1,1,1,1,34603008,1048576,,,,,,,,,,2026-04-19 00:04:29.
0,33/44,9/47,Contraction_l_Alik_Bjlk_Cijk_Dijk,"(128,8192,1,1024)",Cijk_Alik_Bjlk_B8B8S_BH_GB_MT64x64x16_MI16x16x16x1_SN_GLVWA4_GLVWB4_GRVW4_K1_SS0_SVW4_WSGRA1_WSGRB1,NO_CHECK,52.561,40857,,1,8,32,1,1,1,1,34603008,1048576,,,,,,,,,,2026-04-19 00:04:29.
0,33/44,10/47,Contraction_l_Alik_Bjlk_Cijk_Dijk,"(128,8192,1,1024)",Cijk_Alik_Bjlk_B8B8S_BH_GB_MT64x64x16_MI16x16x16x1_SN_GLVWA8_GLVWB8_GRVW8_K1_SS0_SVW4_WSGRA1_WSGRB1,NO_CHECK,48.841,43968.9,,1,8,32,1,1,1,1,34603008,1048576,,,,,,,,,,2026-04-19 00:04:29.
0,33/44,11/47,Contraction_l_Alik_Bjlk_Cijk_Dijk,"(128,8192,1,1024)",Cijk_Alik_Bjlk_B8B8S_BH_GB_MT64x64x16_MI16x16x16x1_SN_GLVWA16_GLVWB16_GRVW16_K1_SS0_SVW4_WSGRA1_WSGRB1,NO_CHECK,47.521,45190.2,,1,8,32,1,1,1,1,34603008,1048576,,,,,,,,,,2026-04-19 00:04:29.
0,33/44,12/47,Contraction_l_Alik_Bjlk_Cijk_Dijk,"(128,8192,1,1024)",Cijk_Alik_Bjlk_B8B8S_BH_GB_MT64x64x32_MI16x16x16x1_SN_GLVWA4_GLVWB4_GRVW4_K1_SS0_SVW4_WSGRA0_WSGRB0,NO_CHECK,53.84,39886.4,,1,8,32,1,1,1,1,34603008,1048576,,,,,,,,,,2026-04-19 00:04:29.
0,33/44,13/47,Contraction_l_Alik_Bjlk_Cijk_Dijk,"(128,8192,1,1024)",Cijk_Alik_Bjlk_B8B8S_BH_GB_MT64x64x32_MI16x16x16x1_SN_GLVWA8_GLVWB8_GRVW8_K1_SS0_SVW4_WSGRA0_WSGRB0,NO_CHECK,49.161,43682.7,,1,8,32,1,1,1,1,34603008,1048576,,,,,,,,,,2026-04-19 00:04:29.
0,33/44,14/47,Contraction_l_Alik_Bjlk_Cijk_Dijk,"(128,8192,1,1024)",Cijk_Alik_Bjlk_B8B8S_BH_GB_MT64x64x32_MI16x16x16x1_SN_GLVWA16_GLVWB16_GRVW16_K1_SS0_SVW4_WSGRA0_WSGRB0,NO_CHECK,50.241,42743.6,,1,8,32,1,1,1,1,34603008,1048576,,,,,,,,,,2026-04-19 00:04:29.
0,33/44,15/47,Contraction_l_Alik_Bjlk_Cijk_Dijk,"(128,8192,1,1024)",Cijk_Alik_Bjlk_B8B8S_BH_GB_MT64x64x32_MI16x16x16x1_SN_GLVWA4_GLVWB4_GRVW4_K1_SS0_SVW4_WSGRA1_WSGRB0,NO_CHECK,54.44,39446.8,,1,8,32,1,1,1,1,34603008,1048576,,,,,,,,,,2026-04-19 00:04:29.
0,33/44,16/47,Contraction_l_Alik_Bjlk_Cijk_Dijk,"(128,8192,1,1024)",Cijk_Alik_Bjlk_B8B8S_BH_GB_MT64x64x32_MI16x16x16x1_SN_GLVWA8_GLVWB8_GRVW8_K1_SS0_SVW4_WSGRA1_WSGRB0,NO_CHECK,57.521,37333.9,,1,8,32,1,1,1,1,34603008,1048576,,,,,,,,,,2026-04-19 00:04:29.
0,33/44,17/47,Contraction_l_Alik_Bjlk_Cijk_Dijk,"(128,8192,1,1024)",Cijk_Alik_Bjlk_B8B8S_BH_GB_MT64x64x32_MI16x16x16x1_SN_GLVWA16_GLVWB16_GRVW16_K1_SS0_SVW4_WSGRA1_WSGRB0,NO_CHECK,49.401,43470.4,,1,8,32,1,1,1,1,34603008,1048576,,,,,,,,,,2026-04-19 00:04:29.
0,33/44,18/47,Contraction_l_Alik_Bjlk_Cijk_Dijk,"(128,8192,1,1024)",Cijk_Alik_Bjlk_B8B8S_BH_GB_MT64x64x32_MI16x16x16x1_SN_GLVWA4_GLVWB4_GRVW4_K1_SS0_SVW4_WSGRA0_WSGRB1,NO_CHECK,54.92,39102,,1,8,32,1,1,1,1,34603008,1048576,,,,,,,,,,2026-04-19 00:04:29.
0,33/44,19/47,Contraction_l_Alik_Bjlk_Cijk_Dijk,"(128,8192,1,1024)",Cijk_Alik_Bjlk_B8B8S_BH_GB_MT64x64x32_MI16x16x16x1_SN_GLVWA8_GLVWB8_GRVW8_K1_SS0_SVW4_WSGRA0_WSGRB1,NO_CHECK,50.281,42709.6,,1,8,32,1,1,1,1,34603008,1048576,,,,,,,,,,2026-04-19 00:04:29.
0,33/44,20/47,Contraction_l_Alik_Bjlk_Cijk_Dijk,"(128,8192,1,1024)",Cijk_Alik_Bjlk_B8B8S_BH_GB_MT64x64x32_MI16x16x16x1_SN_GLVWA16_GLVWB16_GRVW16_K1_SS0_SVW4_WSGRA0_WSGRB1,NO_CHECK,50.641,42406,,1,8,32,1,1,1,1,34603008,1048576,,,,,,,,,,2026-04-19 00:04:29.
0,33/44,21/47,Contraction_l_Alik_Bjlk_Cijk_Dijk,"(128,8192,1,1024)",Cijk_Alik_Bjlk_B8B8S_BH_GB_MT64x64x32_MI16x16x16x1_SN_GLVWA4_GLVWB4_GRVW4_K1_SS0_SVW4_WSGRA1_WSGRB1,NO_CHECK,54.64,39302.4,,1,8,32,1,1,1,1,34603008,1048576,,,,,,,,,,2026-04-19 00:04:29.
0,33/44,22/47,Contraction_l_Alik_Bjlk_Cijk_Dijk,"(128,8192,1,1024)",Cijk_Alik_Bjlk_B8B8S_BH_GB_MT64x64x32_MI16x16x16x1_SN_GLVWA8_GLVWB8_GRVW8_K1_SS0_SVW4_WSGRA1_WSGRB1,NO_CHECK,50.721,42339.1,,1,8,32,1,1,1,1,34603008,1048576,,,,,,,,,,2026-04-19 00:04:29.
0,33/44,23/47,Contraction_l_Alik_Bjlk_Cijk_Dijk,"(128,8192,1,1024)",Cijk_Alik_Bjlk_B8B8S_BH_GB_MT64x64x32_MI16x16x16x1_SN_GLVWA16_GLVWB16_GRVW16_K1_SS0_SVW4_WSGRA1_WSGRB1,NO_CHECK,49.521,43365.1,,1,8,32,1,1,1,1,34603008,1048576,,,,,,,,,,2026-04-19 00:04:29.
0,33/44,24/47,Contraction_l_Alik_Bjlk_Cijk_Dijk,"(128,8192,1,1024)",Cijk_Alik_Bjlk_B8B8S_BH_GB_MT64x64x16_MI16x16x16x1_SN_GLVWA4_GLVWB4_GRVW4_K1_SS1_SVW1_WSGRA0_WSGRB0,NO_CHECK,53.64,40035.1,,1,8,32,1,1,1,1,34603008,1048576,,,,,,,,,,2026-04-19 00:04:29.
0,33/44,25/47,Contraction_l_Alik_Bjlk_Cijk_Dijk,"(128,8192,1,1024)",Cijk_Alik_Bjlk_B8B8S_BH_GB_MT64x64x16_MI16x16x16x1_SN_GLVWA8_GLVWB8_GRVW8_K1_SS1_SVW1_WSGRA0_WSGRB0,NO_CHECK,48.881,43932.9,,1,8,32,1,1,1,1,34603008,1048576,,,,,,,,,,2026-04-19 00:04:29.
0,33/44,26/47,Contraction_l_Alik_Bjlk_Cijk_Dijk,"(128,8192,1,1024)",Cijk_Alik_Bjlk_B8B8S_BH_GB_MT64x64x16_MI16x16x16x1_SN_GLVWA16_GLVWB16_GRVW16_K1_SS1_SVW1_WSGRA0_WSGRB0,NO_CHECK,50.481,42540.4,,1,8,32,1,1,1,1,34603008,1048576,,,,,,,,,,2026-04-19 00:04:29.
0,33/44,27/47,Contraction_l_Alik_Bjlk_Cijk_Dijk,"(128,8192,1,1024)",Cijk_Alik_Bjlk_B8B8S_BH_GB_MT64x64x16_MI16x16x16x1_SN_GLVWA4_GLVWB4_GRVW4_K1_SS1_SVW1_WSGRA1_WSGRB0,NO_CHECK,54.64,39302.4,,1,8,32,1,1,1,1,34603008,1048576,,,,,,,,,,2026-04-19 00:04:29.
0,33/44,28/47,Contraction_l_Alik_Bjlk_Cijk_Dijk,"(128,8192,1,1024)",Cijk_Alik_Bjlk_B8B8S_BH_GB_MT64x64x16_MI16x16x16x1_SN_GLVWA8_GLVWB8_GRVW8_K1_SS1_SVW1_WSGRA1_WSGRB0,NO_CHECK,49.361,43505.7,,1,8,32,1,1,1,1,34603008,1048576,,,,,,,,,,2026-04-19 00:04:29.
0,33/44,29/47,Contraction_l_Alik_Bjlk_Cijk_Dijk,"(128,8192,1,1024)",Cijk_Alik_Bjlk_B8B8S_BH_GB_MT64x64x16_MI16x16x16x1_SN_GLVWA16_GLVWB16_GRVW16_K1_SS1_SVW1_WSGRA1_WSGRB0,NO_CHECK,48.641,44149.7,,1,8,32,1,1,1,1,34603008,1048576,,,,,,,,,,2026-04-19 00:04:29.
0,33/44,30/47,Contraction_l_Alik_Bjlk_Cijk_Dijk,"(128,8192,1,1024)",Cijk_Alik_Bjlk_B8B8S_BH_GB_MT64x64x16_MI16x16x16x1_SN_GLVWA4_GLVWB4_GRVW4_K1_SS1_SVW1_WSGRA0_WSGRB1,NO_CHECK,54.36,39504.9,,1,8,32,1,1,1,1,34603008,1048576,,,,,,,,,,2026-04-19 00:04:29.
0,33/44,31/47,Contraction_l_Alik_Bjlk_Cijk_Dijk,"(128,8192,1,1024)",Cijk_Alik_Bjlk_B8B8S_BH_GB_MT64x64x16_MI16x16x16x1_SN_GLVWA8_GLVWB8_GRVW8_K1_SS1_SVW1_WSGRA0_WSGRB1,NO_CHECK,50.24,42744.5,,1,8,32,1,1,1,1,34603008,1048576,,,,,,,,,,2026-04-19 00:04:29.
0,33/44,32/47,Contraction_l_Alik_Bjlk_Cijk_Dijk,"(128,8192,1,1024)",Cijk_Alik_Bjlk_B8B8S_BH_GB_MT64x64x16_MI16x16x16x1_SN_GLVWA16_GLVWB16_GRVW16_K1_SS1_SVW1_WSGRA0_WSGRB1,NO_CHECK,56.761,37833.8,,1,8,32,1,1,1,1,34603008,1048576,,,,,,,,,,2026-04-19 00:04:29.
0,33/44,33/47,Contraction_l_Alik_Bjlk_Cijk_Dijk,"(128,8192,1,1024)",Cijk_Alik_Bjlk_B8B8S_BH_GB_MT64x64x16_MI16x16x16x1_SN_GLVWA4_GLVWB4_GRVW4_K1_SS1_SVW1_WSGRA1_WSGRB1,NO_CHECK,53.84,39886.4,,1,8,32,1,1,1,1,34603008,1048576,,,,,,,,,,2026-04-19 00:04:29.
0,33/44,34/47,Contraction_l_Alik_Bjlk_Cijk_Dijk,"(128,8192,1,1024)",Cijk_Alik_Bjlk_B8B8S_BH_GB_MT64x64x16_MI16x16x16x1_SN_GLVWA8_GLVWB8_GRVW8_K1_SS1_SVW1_WSGRA1_WSGRB1,NO_CHECK,49.601,43295.2,,1,8,32,1,1,1,1,34603008,1048576,,,,,,,,,,2026-04-19 00:04:29.
0,33/44,35/47,Contraction_l_Alik_Bjlk_Cijk_Dijk,"(128,8192,1,1024)",Cijk_Alik_Bjlk_B8B8S_BH_GB_MT64x64x16_MI16x16x16x1_SN_GLVWA16_GLVWB16_GRVW16_K1_SS1_SVW1_WSGRA1_WSGRB1,NO_CHECK,49.161,43682.7,,1,8,32,1,1,1,1,34603008,1048576,,,,,,,,,,2026-04-19 00:04:29.
0,33/44,36/47,Contraction_l_Alik_Bjlk_Cijk_Dijk,"(128,8192,1,1024)",Cijk_Alik_Bjlk_B8B8S_BH_GB_MT64x64x32_MI16x16x16x1_SN_GLVWA4_GLVWB4_GRVW4_K1_SS1_SVW1_WSGRA0_WSGRB0,NO_CHECK,55.2,38903.7,,1,8,32,1,1,1,1,34603008,1048576,,,,,,,,,,2026-04-19 00:04:29.
0,33/44,37/47,Contraction_l_Alik_Bjlk_Cijk_Dijk,"(128,8192,1,1024)",Cijk_Alik_Bjlk_B8B8S_BH_GB_MT64x64x32_MI16x16x16x1_SN_GLVWA8_GLVWB8_GRVW8_K1_SS1_SVW1_WSGRA0_WSGRB0,NO_CHECK,50.72,42340,,1,8,32,1,1,1,1,34603008,1048576,,,,,,,,,,2026-04-19 00:04:29.
0,33/44,38/47,Contraction_l_Alik_Bjlk_Cijk_Dijk,"(128,8192,1,1024)",Cijk_Alik_Bjlk_B8B8S_BH_GB_MT64x64x32_MI16x16x16x1_SN_GLVWA16_GLVWB16_GRVW16_K1_SS1_SVW1_WSGRA0_WSGRB0,NO_CHECK,51.041,42073.7,,1,8,32,1,1,1,1,34603008,1048576,,,,,,,,,,2026-04-19 00:04:29.
0,33/44,39/47,Contraction_l_Alik_Bjlk_Cijk_Dijk,"(128,8192,1,1024)",Cijk_Alik_Bjlk_B8B8S_BH_GB_MT64x64x32_MI16x16x16x1_SN_GLVWA4_GLVWB4_GRVW4_K1_SS1_SVW1_WSGRA1_WSGRB0,NO_CHECK,55.28,38847.4,,1,8,32,1,1,1,1,34603008,1048576,,,,,,,,,,2026-04-19 00:04:29.
0,33/44,40/47,Contraction_l_Alik_Bjlk_Cijk_Dijk,"(128,8192,1,1024)",Cijk_Alik_Bjlk_B8B8S_BH_GB_MT64x64x32_MI16x16x16x1_SN_GLVWA8_GLVWB8_GRVW8_K1_SS1_SVW1_WSGRA1_WSGRB0,NO_CHECK,52,41297.8,,1,8,32,1,1,1,1,34603008,1048576,,,,,,,,,,2026-04-19 00:04:29.
0,33/44,41/47,Contraction_l_Alik_Bjlk_Cijk_Dijk,"(128,8192,1,1024)",Cijk_Alik_Bjlk_B8B8S_BH_GB_MT64x64x32_MI16x16x16x1_SN_GLVWA16_GLVWB16_GRVW16_K1_SS1_SVW1_WSGRA1_WSGRB0,NO_CHECK,50.041,42914.5,,1,8,32,1,1,1,1,34603008,1048576,,,,,,,,,,2026-04-19 00:04:29.
0,33/44,42/47,Contraction_l_Alik_Bjlk_Cijk_Dijk,"(128,8192,1,1024)",Cijk_Alik_Bjlk_B8B8S_BH_GB_MT64x64x32_MI16x16x16x1_SN_GLVWA4_GLVWB4_GRVW4_K1_SS1_SVW1_WSGRA0_WSGRB1,NO_CHECK,55.561,38650.9,,1,8,32,1,1,1,1,34603008,1048576,,,,,,,,,,2026-04-19 00:04:29.
0,33/44,43/47,Contraction_l_Alik_Bjlk_Cijk_Dijk,"(128,8192,1,1024)",Cijk_Alik_Bjlk_B8B8S_BH_GB_MT64x64x32_MI16x16x16x1_SN_GLVWA8_GLVWB8_GRVW8_K1_SS1_SVW1_WSGRA0_WSGRB1,NO_CHECK,50.76,42306.6,,1,8,32,1,1,1,1,34603008,1048576,,,,,,,,,,2026-04-19 00:04:29.
0,33/44,44/47,Contraction_l_Alik_Bjlk_Cijk_Dijk,"(128,8192,1,1024)",Cijk_Alik_Bjlk_B8B8S_BH_GB_MT64x64x32_MI16x16x16x1_SN_GLVWA16_GLVWB16_GRVW16_K1_SS1_SVW1_WSGRA0_WSGRB1,NO_CHECK,49.281,43576.3,,1,8,32,1,1,1,1,34603008,1048576,,,,,,,,,,2026-04-19 00:04:29.
0,33/44,45/47,Contraction_l_Alik_Bjlk_Cijk_Dijk,"(128,8192,1,1024)",Cijk_Alik_Bjlk_B8B8S_BH_GB_MT64x64x32_MI16x16x16x1_SN_GLVWA4_GLVWB4_GRVW4_K1_SS1_SVW1_WSGRA1_WSGRB1,NO_CHECK,55.121,38959.4,,1,8,32,1,1,1,1,34603008,1048576,,,,,,,,,,2026-04-19 00:04:29.
0,33/44,46/47,Contraction_l_Alik_Bjlk_Cijk_Dijk,"(128,8192,1,1024)",Cijk_Alik_Bjlk_B8B8S_BH_GB_MT64x64x32_MI16x16x16x1_SN_GLVWA8_GLVWB8_GRVW8_K1_SS1_SVW1_WSGRA1_WSGRB1,NO_CHECK,51.2,41943,,1,8,32,1,1,1,1,34603008,1048576,,,,,,,,,,2026-04-19 00:04:29.
0,33/44,47/47,Contraction_l_Alik_Bjlk_Cijk_Dijk,"(128,8192,1,1024)",Cijk_Alik_Bjlk_B8B8S_BH_GB_MT64x64x32_MI16x16x16x1_SN_GLVWA16_GLVWB16_GRVW16_K1_SS1_SVW1_WSGRA1_WSGRB1,NO_CHECK,50.281,42709.6,,1,8,32,1,1,1,1,34603008,1048576,,,,,,,,,,2026-04-19 00:04:29.
0,34/44,0/47,Contraction_l_Alik_Bjlk_Cijk_Dijk,"(128,8192,1,4096)",Cijk_Alik_Bjlk_B8B8S_BH_GB_MT64x64x16_MI16x16x16x1_SN_GLVWA4_GLVWB4_GRVW4_K1_SS0_SVW4_WSGRA0_WSGRB0,NO_CHECK,168.322,51032.8,,1,8,32,1,1,1,1,135266304,1048576,,,,,,,,,,2026-04-19 00:04:29.
0,34/44,1/47,Contraction_l_Alik_Bjlk_Cijk_Dijk,"(128,8192,1,4096)",Cijk_Alik_Bjlk_B8B8S_BH_GB_MT64x64x16_MI16x16x16x1_SN_GLVWA8_GLVWB8_GRVW8_K1_SS0_SVW4_WSGRA0_WSGRB0,NO_CHECK,142.602,60237.1,,1,8,32,1,1,1,1,135266304,1048576,,,,,,,,,,2026-04-19 00:04:29.
0,34/44,2/47,Contraction_l_Alik_Bjlk_Cijk_Dijk,"(128,8192,1,4096)",Cijk_Alik_Bjlk_B8B8S_BH_GB_MT64x64x16_MI16x16x16x1_SN_GLVWA16_GLVWB16_GRVW16_K1_SS0_SVW4_WSGRA0_WSGRB0,NO_CHECK,142.081,60458,,1,8,32,1,1,1,1,135266304,1048576,,,,,,,,,,2026-04-19 00:04:29.
0,34/44,3/47,Contraction_l_Alik_Bjlk_Cijk_Dijk,"(128,8192,1,4096)",Cijk_Alik_Bjlk_B8B8S_BH_GB_MT64x64x16_MI16x16x16x1_SN_GLVWA4_GLVWB4_GRVW4_K1_SS0_SVW4_WSGRA1_WSGRB0,NO_CHECK,175.042,49073.6,,1,8,32,1,1,1,1,135266304,1048576,,,,,,,,,,2026-04-19 00:04:29.
0,34/44,4/47,Contraction_l_Alik_Bjlk_Cijk_Dijk,"(128,8192,1,4096)",Cijk_Alik_Bjlk_B8B8S_BH_GB_MT64x64x16_MI16x16x16x1_SN_GLVWA8_GLVWB8_GRVW8_K1_SS0_SVW4_WSGRA1_WSGRB0,NO_CHECK,144.602,59404,,1,8,32,1,1,1,1,135266304,1048576,,,,,,,,,,2026-04-19 00:04:29.
0,34/44,5/47,Contraction_l_Alik_Bjlk_Cijk_Dijk,"(128,8192,1,4096)",Cijk_Alik_Bjlk_B8B8S_BH_GB_MT64x64x16_MI16x16x16x1_SN_GLVWA16_GLVWB16_GRVW16_K1_SS0_SVW4_WSGRA1_WSGRB0,NO_CHECK,143.442,59884.4,,1,8,32,1,1,1,1,135266304,1048576,,,,,,,,,,2026-04-19 00:04:29.
0,34/44,6/47,Contraction_l_Alik_Bjlk_Cijk_Dijk,"(128,8192,1,4096)",Cijk_Alik_Bjlk_B8B8S_BH_GB_MT64x64x16_MI16x16x16x1_SN_GLVWA4_GLVWB4_GRVW4_K1_SS0_SVW4_WSGRA0_WSGRB1,NO_CHECK,160.241,53606.3,,1,8,32,1,1,1,1,135266304,1048576,,,,,,,,,,2026-04-19 00:04:29.
0,34/44,7/47,Contraction_l_Alik_Bjlk_Cijk_Dijk,"(128,8192,1,4096)",Cijk_Alik_Bjlk_B8B8S_BH_GB_MT64x64x16_MI16x16x16x1_SN_GLVWA8_GLVWB8_GRVW8_K1_SS0_SVW4_WSGRA0_WSGRB1,NO_CHECK,142.362,60338.7,,1,8,32,1,1,1,1,135266304,1048576,,,,,,,,,,2026-04-19 00:04:29.
0,34/44,8/47,Contraction_l_Alik_Bjlk_Cijk_Dijk,"(128,8192,1,4096)",Cijk_Alik_Bjlk_B8B8S_BH_GB_MT64x64x16_MI16x16x16x1_SN_GLVWA16_GLVWB16_GRVW16_K1_SS0_SVW4_WSGRA0_WSGRB1,NO_CHECK,142.441,60305.2,,1,8,32,1,1,1,1,135266304,1048576,,,,,,,,,,2026-04-19 00:04:29.
0,34/44,9/47,Contraction_l_Alik_Bjlk_Cijk_Dijk,"(128,8192,1,4096)",Cijk_Alik_Bjlk_B8B8S_BH_GB_MT64x64x16_MI16x16x16x1_SN_GLVWA4_GLVWB4_GRVW4_K1_SS0_SVW4_WSGRA1_WSGRB1,NO_CHECK,173.882,49400.9,,1,8,32,1,1,1,1,135266304,1048576,,,,,,,,,,2026-04-19 00:04:29.
0,34/44,10/47,Contraction_l_Alik_Bjlk_Cijk_Dijk,"(128,8192,1,4096)",Cijk_Alik_Bjlk_B8B8S_BH_GB_MT64x64x16_MI16x16x16x1_SN_GLVWA8_GLVWB8_GRVW8_K1_SS0_SVW4_WSGRA1_WSGRB1,NO_CHECK,141.961,60509.1,,1,8,32,1,1,1,1,135266304,1048576,,,,,,,,,,2026-04-19 00:04:29.
0,34/44,11/47,Contraction_l_Alik_Bjlk_Cijk_Dijk,"(128,8192,1,4096)",Cijk_Alik_Bjlk_B8B8S_BH_GB_MT64x64x16_MI16x16x16x1_SN_GLVWA16_GLVWB16_GRVW16_K1_SS0_SVW4_WSGRA1_WSGRB1,NO_CHECK,141.762,60594.1,,1,8,32,1,1,1,1,135266304,1048576,,,,,,,,,,2026-04-19 00:04:29.
0,34/44,12/47,Contraction_l_Alik_Bjlk_Cijk_Dijk,"(128,8192,1,4096)",Cijk_Alik_Bjlk_B8B8S_BH_GB_MT64x64x32_MI16x16x16x1_SN_GLVWA4_GLVWB4_GRVW4_K1_SS0_SVW4_WSGRA0_WSGRB0,NO_CHECK,162.722,52789,,1,8,32,1,1,1,1,135266304,1048576,,,,,,,,,,2026-04-19 00:04:29.
0,34/44,13/47,Contraction_l_Alik_Bjlk_Cijk_Dijk,"(128,8192,1,4096)",Cijk_Alik_Bjlk_B8B8S_BH_GB_MT64x64x32_MI16x16x16x1_SN_GLVWA8_GLVWB8_GRVW8_K1_SS0_SVW4_WSGRA0_WSGRB0,NO_CHECK,153.562,55937.9,,1,8,32,1,1,1,1,135266304,1048576,,,,,,,,,,2026-04-19 00:04:29.
0,34/44,14/47,Contraction_l_Alik_Bjlk_Cijk_Dijk,"(128,8192,1,4096)",Cijk_Alik_Bjlk_B8B8S_BH_GB_MT64x64x32_MI16x16x16x1_SN_GLVWA16_GLVWB16_GRVW16_K1_SS0_SVW4_WSGRA0_WSGRB0,NO_CHECK,149.881,57311.7,,1,8,32,1,1,1,1,135266304,1048576,,,,,,,,,,2026-04-19 00:04:29.
0,34/44,15/47,Contraction_l_Alik_Bjlk_Cijk_Dijk,"(128,8192,1,4096)",Cijk_Alik_Bjlk_B8B8S_BH_GB_MT64x64x32_MI16x16x16x1_SN_GLVWA4_GLVWB4_GRVW4_K1_SS0_SVW4_WSGRA1_WSGRB0,NO_CHECK,169.082,50803.4,,1,8,32,1,1,1,1,135266304,1048576,,,,,,,,,,2026-04-19 00:04:29.
0,34/44,16/47,Contraction_l_Alik_Bjlk_Cijk_Dijk,"(128,8192,1,4096)",Cijk_Alik_Bjlk_B8B8S_BH_GB_MT64x64x32_MI16x16x16x1_SN_GLVWA8_GLVWB8_GRVW8_K1_SS0_SVW4_WSGRA1_WSGRB0,NO_CHECK,160.722,53445.9,,1,8,32,1,1,1,1,135266304,1048576,,,,,,,,,,2026-04-19 00:04:29.
0,34/44,17/47,Contraction_l_Alik_Bjlk_Cijk_Dijk,"(128,8192,1,4096)",Cijk_Alik_Bjlk_B8B8S_BH_GB_MT64x64x32_MI16x16x16x1_SN_GLVWA16_GLVWB16_GRVW16_K1_SS0_SVW4_WSGRA1_WSGRB0,NO_CHECK,151.242,56796,,1,8,32,1,1,1,1,135266304,1048576,,,,,,,,,,2026-04-19 00:04:29.
0,34/44,18/47,Contraction_l_Alik_Bjlk_Cijk_Dijk,"(128,8192,1,4096)",Cijk_Alik_Bjlk_B8B8S_BH_GB_MT64x64x32_MI16x16x16x1_SN_GLVWA4_GLVWB4_GRVW4_K1_SS0_SVW4_WSGRA0_WSGRB1,NO_CHECK,164.002,52377,,1,8,32,1,1,1,1,135266304,1048576,,,,,,,,,,2026-04-19 00:04:29.
0,34/44,19/47,Contraction_l_Alik_Bjlk_Cijk_Dijk,"(128,8192,1,4096)",Cijk_Alik_Bjlk_B8B8S_BH_GB_MT64x64x32_MI16x16x16x1_SN_GLVWA8_GLVWB8_GRVW8_K1_SS0_SVW4_WSGRA0_WSGRB1,NO_CHECK,155.362,55289.8,,1,8,32,1,1,1,1,135266304,1048576,,,,,,,,,,2026-04-19 00:04:29.
0,34/44,20/47,Contraction_l_Alik_Bjlk_Cijk_Dijk,"(128,8192,1,4096)",Cijk_Alik_Bjlk_B8B8S_BH_GB_MT64x64x32_MI16x16x16x1_SN_GLVWA16_GLVWB16_GRVW16_K1_SS0_SVW4_WSGRA0_WSGRB1,NO_CHECK,150.362,57128.4,,1,8,32,1,1,1,1,135266304,1048576,,,,,,,,,,2026-04-19 00:04:29.
0,34/44,21/47,Contraction_l_Alik_Bjlk_Cijk_Dijk,"(128,8192,1,4096)",Cijk_Alik_Bjlk_B8B8S_BH_GB_MT64x64x32_MI16x16x16x1_SN_GLVWA4_GLVWB4_GRVW4_K1_SS0_SVW4_WSGRA1_WSGRB1,NO_CHECK,168.042,51117.8,,1,8,32,1,1,1,1,135266304,1048576,,,,,,,,,,2026-04-19 00:04:29.
0,34/44,22/47,Contraction_l_Alik_Bjlk_Cijk_Dijk,"(128,8192,1,4096)",Cijk_Alik_Bjlk_B8B8S_BH_GB_MT64x64x32_MI16x16x16x1_SN_GLVWA8_GLVWB8_GRVW8_K1_SS0_SVW4_WSGRA1_WSGRB1,NO_CHECK,158.282,54269.8,,1,8,32,1,1,1,1,135266304,1048576,,,,,,,,,,2026-04-19 00:04:29.
0,34/44,23/47,Contraction_l_Alik_Bjlk_Cijk_Dijk,"(128,8192,1,4096)",Cijk_Alik_Bjlk_B8B8S_BH_GB_MT64x64x32_MI16x16x16x1_SN_GLVWA16_GLVWB16_GRVW16_K1_SS0_SVW4_WSGRA1_WSGRB1,NO_CHECK,153.482,55967,,1,8,32,1,1,1,1,135266304,1048576,,,,,,,,,,2026-04-19 00:04:29.
0,34/44,24/47,Contraction_l_Alik_Bjlk_Cijk_Dijk,"(128,8192,1,4096)",Cijk_Alik_Bjlk_B8B8S_BH_GB_MT64x64x16_MI16x16x16x1_SN_GLVWA4_GLVWB4_GRVW4_K1_SS1_SVW1_WSGRA0_WSGRB0,NO_CHECK,161.122,53313.2,,1,8,32,1,1,1,1,135266304,1048576,,,,,,,,,,2026-04-19 00:04:29.
0,34/44,25/47,Contraction_l_Alik_Bjlk_Cijk_Dijk,"(128,8192,1,4096)",Cijk_Alik_Bjlk_B8B8S_BH_GB_MT64x64x16_MI16x16x16x1_SN_GLVWA8_GLVWB8_GRVW8_K1_SS1_SVW1_WSGRA0_WSGRB0,NO_CHECK,142.721,60186.9,,1,8,32,1,1,1,1,135266304,1048576,,,,,,,,,,2026-04-19 00:04:29.
0,34/44,26/47,Contraction_l_Alik_Bjlk_Cijk_Dijk,"(128,8192,1,4096)",Cijk_Alik_Bjlk_B8B8S_BH_GB_MT64x64x16_MI16x16x16x1_SN_GLVWA16_GLVWB16_GRVW16_K1_SS1_SVW1_WSGRA0_WSGRB0,NO_CHECK,143.842,59717.8,,1,8,32,1,1,1,1,135266304,1048576,,,,,,,,,,2026-04-19 00:04:29.
0,34/44,27/47,Contraction_l_Alik_Bjlk_Cijk_Dijk,"(128,8192,1,4096)",Cijk_Alik_Bjlk_B8B8S_BH_GB_MT64x64x16_MI16x16x16x1_SN_GLVWA4_GLVWB4_GRVW4_K1_SS1_SVW1_WSGRA1_WSGRB0,NO_CHECK,177.362,48431.7,,1,8,32,1,1,1,1,135266304,1048576,,,,,,,,,,2026-04-19 00:04:29.
0,34/44,28/47,Contraction_l_Alik_Bjlk_Cijk_Dijk,"(128,8192,1,4096)",Cijk_Alik_Bjlk_B8B8S_BH_GB_MT64x64x16_MI16x16x16x1_SN_GLVWA8_GLVWB8_GRVW8_K1_SS1_SVW1_WSGRA1_WSGRB0,NO_CHECK,145.242,59142.2,,1,8,32,1,1,1,1,135266304,1048576,,,,,,,,,,2026-04-19 00:04:29.
0,34/44,29/47,Contraction_l_Alik_Bjlk_Cijk_Dijk,"(128,8192,1,4096)",Cijk_Alik_Bjlk_B8B8S_BH_GB_MT64x64x16_MI16x16x16x1_SN_GLVWA16_GLVWB16_GRVW16_K1_SS1_SVW1_WSGRA1_WSGRB0,NO_CHECK,143.241,59968.4,,1,8,32,1,1,1,1,135266304,1048576,,,,,,,,,,2026-04-19 00:04:29.
0,34/44,30/47,Contraction_l_Alik_Bjlk_Cijk_Dijk,"(128,8192,1,4096)",Cijk_Alik_Bjlk_B8B8S_BH_GB_MT64x64x16_MI16x16x16x1_SN_GLVWA4_GLVWB4_GRVW4_K1_SS1_SVW1_WSGRA0_WSGRB1,NO_CHECK,166.402,51621.6,,1,8,32,1,1,1,1,135266304,1048576,,,,,,,,,,2026-04-19 00:04:29.
0,34/44,31/47,Contraction_l_Alik_Bjlk_Cijk_Dijk,"(128,8192,1,4096)",Cijk_Alik_Bjlk_B8B8S_BH_GB_MT64x64x16_MI16x16x16x1_SN_GLVWA8_GLVWB8_GRVW8_K1_SS1_SVW1_WSGRA0_WSGRB1,NO_CHECK,143.121,60018.7,,1,8,32,1,1,1,1,135266304,1048576,,,,,,,,,,2026-04-19 00:04:29.
0,34/44,32/47,Contraction_l_Alik_Bjlk_Cijk_Dijk,"(128,8192,1,4096)",Cijk_Alik_Bjlk_B8B8S_BH_GB_MT64x64x16_MI16x16x16x1_SN_GLVWA16_GLVWB16_GRVW16_K1_SS1_SVW1_WSGRA0_WSGRB1,NO_CHECK,152.002,56512,,1,8,32,1,1,1,1,135266304,1048576,,,,,,,,,,2026-04-19 00:04:29.
0,34/44,33/47,Contraction_l_Alik_Bjlk_Cijk_Dijk,"(128,8192,1,4096)",Cijk_Alik_Bjlk_B8B8S_BH_GB_MT64x64x16_MI16x16x16x1_SN_GLVWA4_GLVWB4_GRVW4_K1_SS1_SVW1_WSGRA1_WSGRB1,NO_CHECK,177.562,48377.1,,1,8,32,1,1,1,1,135266304,1048576,,,,,,,,,,2026-04-19 00:04:29.
0,34/44,34/47,Contraction_l_Alik_Bjlk_Cijk_Dijk,"(128,8192,1,4096)",Cijk_Alik_Bjlk_B8B8S_BH_GB_MT64x64x16_MI16x16x16x1_SN_GLVWA8_GLVWB8_GRVW8_K1_SS1_SVW1_WSGRA1_WSGRB1,NO_CHECK,147.242,58338.9,,1,8,32,1,1,1,1,135266304,1048576,,,,,,,,,,2026-04-19 00:04:29.
0,34/44,35/47,Contraction_l_Alik_Bjlk_Cijk_Dijk,"(128,8192,1,4096)",Cijk_Alik_Bjlk_B8B8S_BH_GB_MT64x64x16_MI16x16x16x1_SN_GLVWA16_GLVWB16_GRVW16_K1_SS1_SVW1_WSGRA1_WSGRB1,NO_CHECK,146.081,58802.5,,1,8,32,1,1,1,1,135266304,1048576,,,,,,,,,,2026-04-19 00:04:29.
0,34/44,36/47,Contraction_l_Alik_Bjlk_Cijk_Dijk,"(128,8192,1,4096)",Cijk_Alik_Bjlk_B8B8S_BH_GB_MT64x64x32_MI16x16x16x1_SN_GLVWA4_GLVWB4_GRVW4_K1_SS1_SVW1_WSGRA0_WSGRB0,NO_CHECK,164.802,52122.8,,1,8,32,1,1,1,1,135266304,1048576,,,,,,,,,,2026-04-19 00:04:29.
0,34/44,37/47,Contraction_l_Alik_Bjlk_Cijk_Dijk,"(128,8192,1,4096)",Cijk_Alik_Bjlk_B8B8S_BH_GB_MT64x64x32_MI16x16x16x1_SN_GLVWA8_GLVWB8_GRVW8_K1_SS1_SVW1_WSGRA0_WSGRB0,NO_CHECK,162.682,52802,,1,8,32,1,1,1,1,135266304,1048576,,,,,,,,,,2026-04-19 00:04:29.
0,34/44,38/47,Contraction_l_Alik_Bjlk_Cijk_Dijk,"(128,8192,1,4096)",Cijk_Alik_Bjlk_B8B8S_BH_GB_MT64x64x32_MI16x16x16x1_SN_GLVWA16_GLVWB16_GRVW16_K1_SS1_SVW1_WSGRA0_WSGRB0,NO_CHECK,151.642,56646.1,,1,8,32,1,1,1,1,135266304,1048576,,,,,,,,,,2026-04-19 00:04:29.
0,34/44,39/47,Contraction_l_Alik_Bjlk_Cijk_Dijk,"(128,8192,1,4096)",Cijk_Alik_Bjlk_B8B8S_BH_GB_MT64x64x32_MI16x16x16x1_SN_GLVWA4_GLVWB4_GRVW4_K1_SS1_SVW1_WSGRA1_WSGRB0,NO_CHECK,170.562,50362.5,,1,8,32,1,1,1,1,135266304,1048576,,,,,,,,,,2026-04-19 00:04:29.
0,34/44,40/47,Contraction_l_Alik_Bjlk_Cijk_Dijk,"(128,8192,1,4096)",Cijk_Alik_Bjlk_B8B8S_BH_GB_MT64x64x32_MI16x16x16x1_SN_GLVWA8_GLVWB8_GRVW8_K1_SS1_SVW1_WSGRA1_WSGRB0,NO_CHECK,155.722,55162,,1,8,32,1,1,1,1,135266304,1048576,,,,,,,,,,2026-04-19 00:04:29.
0,34/44,41/47,Contraction_l_Alik_Bjlk_Cijk_Dijk,"(128,8192,1,4096)",Cijk_Alik_Bjlk_B8B8S_BH_GB_MT64x64x32_MI16x16x16x1_SN_GLVWA16_GLVWB16_GRVW16_K1_SS1_SVW1_WSGRA1_WSGRB0,NO_CHECK,151.762,56601.4,,1,8,32,1,1,1,1,135266304,1048576,,,,,,,,,,2026-04-19 00:04:29.
0,34/44,42/47,Contraction_l_Alik_Bjlk_Cijk_Dijk,"(128,8192,1,4096)",Cijk_Alik_Bjlk_B8B8S_BH_GB_MT64x64x32_MI16x16x16x1_SN_GLVWA4_GLVWB4_GRVW4_K1_SS1_SVW1_WSGRA0_WSGRB1,NO_CHECK,167.962,51142.1,,1,8,32,1,1,1,1,135266304,1048576,,,,,,,,,,2026-04-19 00:04:29.
0,34/44,43/47,Contraction_l_Alik_Bjlk_Cijk_Dijk,"(128,8192,1,4096)",Cijk_Alik_Bjlk_B8B8S_BH_GB_MT64x64x32_MI16x16x16x1_SN_GLVWA8_GLVWB8_GRVW8_K1_SS1_SVW1_WSGRA0_WSGRB1,NO_CHECK,155.082,55389.6,,1,8,32,1,1,1,1,135266304,1048576,,,,,,,,,,2026-04-19 00:04:29.
0,34/44,44/47,Contraction_l_Alik_Bjlk_Cijk_Dijk,"(128,8192,1,4096)",Cijk_Alik_Bjlk_B8B8S_BH_GB_MT64x64x32_MI16x16x16x1_SN_GLVWA16_GLVWB16_GRVW16_K1_SS1_SVW1_WSGRA0_WSGRB1,NO_CHECK,150.762,56976.8,,1,8,32,1,1,1,1,135266304,1048576,,,,,,,,,,2026-04-19 00:04:29.
0,34/44,45/47,Contraction_l_Alik_Bjlk_Cijk_Dijk,"(128,8192,1,4096)",Cijk_Alik_Bjlk_B8B8S_BH_GB_MT64x64x32_MI16x16x16x1_SN_GLVWA4_GLVWB4_GRVW4_K1_SS1_SVW1_WSGRA1_WSGRB1,NO_CHECK,169.962,50540.3,,1,8,32,1,1,1,1,135266304,1048576,,,,,,,,,,2026-04-19 00:04:29.
0,34/44,46/47,Contraction_l_Alik_Bjlk_Cijk_Dijk,"(128,8192,1,4096)",Cijk_Alik_Bjlk_B8B8S_BH_GB_MT64x64x32_MI16x16x16x1_SN_GLVWA8_GLVWB8_GRVW8_K1_SS1_SVW1_WSGRA1_WSGRB1,NO_CHECK,156.802,54782,,1,8,32,1,1,1,1,135266304,1048576,,,,,,,,,,2026-04-19 00:04:29.
0,34/44,47/47,Contraction_l_Alik_Bjlk_Cijk_Dijk,"(128,8192,1,4096)",Cijk_Alik_Bjlk_B8B8S_BH_GB_MT64x64x32_MI16x16x16x1_SN_GLVWA16_GLVWB16_GRVW16_K1_SS1_SVW1_WSGRA1_WSGRB1,NO_CHECK,150.801,56962.1,,1,8,32,1,1,1,1,135266304,1048576,,,,,,,,,,2026-04-19 00:04:29.
0,35/44,0/47,Contraction_l_Alik_Bjlk_Cijk_Dijk,"(128,8192,1,8192)",Cijk_Alik_Bjlk_B8B8S_BH_GB_MT64x64x16_MI16x16x16x1_SN_GLVWA4_GLVWB4_GRVW4_K1_SS0_SVW4_WSGRA0_WSGRB0,NO_CHECK,438.845,39147.9,,1,8,32,1,1,1,1,269484032,1048576,,,,,,,,,,2026-04-19 00:04:29.
0,35/44,1/47,Contraction_l_Alik_Bjlk_Cijk_Dijk,"(128,8192,1,8192)",Cijk_Alik_Bjlk_B8B8S_BH_GB_MT64x64x16_MI16x16x16x1_SN_GLVWA8_GLVWB8_GRVW8_K1_SS0_SVW4_WSGRA0_WSGRB0,NO_CHECK,448.885,38272.3,,1,8,32,1,1,1,1,269484032,1048576,,,,,,,,,,2026-04-19 00:04:29.
0,35/44,2/47,Contraction_l_Alik_Bjlk_Cijk_Dijk,"(128,8192,1,8192)",Cijk_Alik_Bjlk_B8B8S_BH_GB_MT64x64x16_MI16x16x16x1_SN_GLVWA16_GLVWB16_GRVW16_K1_SS0_SVW4_WSGRA0_WSGRB0,NO_CHECK,460.205,37330.9,,1,8,32,1,1,1,1,269484032,1048576,,,,,,,,,,2026-04-19 00:04:29.
0,35/44,3/47,Contraction_l_Alik_Bjlk_Cijk_Dijk,"(128,8192,1,8192)",Cijk_Alik_Bjlk_B8B8S_BH_GB_MT64x64x16_MI16x16x16x1_SN_GLVWA4_GLVWB4_GRVW4_K1_SS0_SVW4_WSGRA1_WSGRB0,NO_CHECK,513.766,33439.1,,1,8,32,1,1,1,1,269484032,1048576,,,,,,,,,,2026-04-19 00:04:29.
0,35/44,4/47,Contraction_l_Alik_Bjlk_Cijk_Dijk,"(128,8192,1,8192)",Cijk_Alik_Bjlk_B8B8S_BH_GB_MT64x64x16_MI16x16x16x1_SN_GLVWA8_GLVWB8_GRVW8_K1_SS0_SVW4_WSGRA1_WSGRB0,NO_CHECK,649.608,26446.5,,1,8,32,1,1,1,1,269484032,1048576,,,,,,,,,,2026-04-19 00:04:29.
0,35/44,5/47,Contraction_l_Alik_Bjlk_Cijk_Dijk,"(128,8192,1,8192)",Cijk_Alik_Bjlk_B8B8S_BH_GB_MT64x64x16_MI16x16x16x1_SN_GLVWA16_GLVWB16_GRVW16_K1_SS0_SVW4_WSGRA1_WSGRB0,NO_CHECK,299.004,57457,,1,8,32,1,1,1,1,269484032,1048576,,,,,,,,,,2026-04-19 00:04:29.
0,35/44,6/47,Contraction_l_Alik_Bjlk_Cijk_Dijk,"(128,8192,1,8192)",Cijk_Alik_Bjlk_B8B8S_BH_GB_MT64x64x16_MI16x16x16x1_SN_GLVWA4_GLVWB4_GRVW4_K1_SS0_SVW4_WSGRA0_WSGRB1,NO_CHECK,321.764,53392.8,,1,8,32,1,1,1,1,269484032,1048576,,,,,,,,,,2026-04-19 00:04:29.
0,35/44,7/47,Contraction_l_Alik_Bjlk_Cijk_Dijk,"(128,8192,1,8192)",Cijk_Alik_Bjlk_B8B8S_BH_GB_MT64x64x16_MI16x16x16x1_SN_GLVWA8_GLVWB8_GRVW8_K1_SS0_SVW4_WSGRA0_WSGRB1,NO_CHECK,303.163,56668.8,,1,8,32,1,1,1,1,269484032,1048576,,,,,,,,,,2026-04-19 00:04:29.
0,35/44,8/47,Contraction_l_Alik_Bjlk_Cijk_Dijk,"(128,8192,1,8192)",Cijk_Alik_Bjlk_B8B8S_BH_GB_MT64x64x16_MI16x16x16x1_SN_GLVWA16_GLVWB16_GRVW16_K1_SS0_SVW4_WSGRA0_WSGRB1,NO_CHECK,301.124,57052.5,,1,8,32,1,1,1,1,269484032,1048576,,,,,,,,,,2026-04-19 00:04:29.
0,35/44,9/47,Contraction_l_Alik_Bjlk_Cijk_Dijk,"(128,8192,1,8192)",Cijk_Alik_Bjlk_B8B8S_BH_GB_MT64x64x16_MI16x16x16x1_SN_GLVWA4_GLVWB4_GRVW4_K1_SS0_SVW4_WSGRA1_WSGRB1,NO_CHECK,334.484,51362.3,,1,8,32,1,1,1,1,269484032,1048576,,,,,,,,,,2026-04-19 00:04:29.
0,35/44,10/47,Contraction_l_Alik_Bjlk_Cijk_Dijk,"(128,8192,1,8192)",Cijk_Alik_Bjlk_B8B8S_BH_GB_MT64x64x16_MI16x16x16x1_SN_GLVWA8_GLVWB8_GRVW8_K1_SS0_SVW4_WSGRA1_WSGRB1,NO_CHECK,526.486,32631.2,,1,8,32,1,1,1,1,269484032,1048576,,,,,,,,,,2026-04-19 00:04:29.
0,35/44,11/47,Contraction_l_Alik_Bjlk_Cijk_Dijk,"(128,8192,1,8192)",Cijk_Alik_Bjlk_B8B8S_BH_GB_MT64x64x16_MI16x16x16x1_SN_GLVWA16_GLVWB16_GRVW16_K1_SS0_SVW4_WSGRA1_WSGRB1,NO_CHECK,293.483,58537.9,,1,8,32,1,1,1,1,269484032,1048576,,,,,,,,,,2026-04-19 00:04:29.
0,35/44,12/47,Contraction_l_Alik_Bjlk_Cijk_Dijk,"(128,8192,1,8192)",Cijk_Alik_Bjlk_B8B8S_BH_GB_MT64x64x32_MI16x16x16x1_SN_GLVWA4_GLVWB4_GRVW4_K1_SS0_SVW4_WSGRA0_WSGRB0,NO_CHECK,313.883,54733.4,,1,8,32,1,1,1,1,269484032,1048576,,,,,,,,,,2026-04-19 00:04:29.
0,35/44,13/47,Contraction_l_Alik_Bjlk_Cijk_Dijk,"(128,8192,1,8192)",Cijk_Alik_Bjlk_B8B8S_BH_GB_MT64x64x32_MI16x16x16x1_SN_GLVWA8_GLVWB8_GRVW8_K1_SS0_SVW4_WSGRA0_WSGRB0,NO_CHECK,282.723,60765.7,,1,8,32,1,1,1,1,269484032,1048576,,,,,,,,,,2026-04-19 00:04:29.
0,35/44,14/47,Contraction_l_Alik_Bjlk_Cijk_Dijk,"(128,8192,1,8192)",Cijk_Alik_Bjlk_B8B8S_BH_GB_MT64x64x32_MI16x16x16x1_SN_GLVWA16_GLVWB16_GRVW16_K1_SS0_SVW4_WSGRA0_WSGRB0,NO_CHECK,279.163,61540.6,,1,8,32,1,1,1,1,269484032,1048576,,,,,,,,,,2026-04-19 00:04:29.
0,35/44,15/47,Contraction_l_Alik_Bjlk_Cijk_Dijk,"(128,8192,1,8192)",Cijk_Alik_Bjlk_B8B8S_BH_GB_MT64x64x32_MI16x16x16x1_SN_GLVWA4_GLVWB4_GRVW4_K1_SS0_SVW4_WSGRA1_WSGRB0,NO_CHECK,315.083,54524.9,,1,8,32,1,1,1,1,269484032,1048576,,,,,,,,,,2026-04-19 00:04:29.
0,35/44,16/47,Contraction_l_Alik_Bjlk_Cijk_Dijk,"(128,8192,1,8192)",Cijk_Alik_Bjlk_B8B8S_BH_GB_MT64x64x32_MI16x16x16x1_SN_GLVWA8_GLVWB8_GRVW8_K1_SS0_SVW4_WSGRA1_WSGRB0,NO_CHECK,291.683,58899.1,,1,8,32,1,1,1,1,269484032,1048576,,,,,,,,,,2026-04-19 00:04:29.
0,35/44,17/47,Contraction_l_Alik_Bjlk_Cijk_Dijk,"(128,8192,1,8192)",Cijk_Alik_Bjlk_B8B8S_BH_GB_MT64x64x32_MI16x16x16x1_SN_GLVWA16_GLVWB16_GRVW16_K1_SS0_SVW4_WSGRA1_WSGRB0,NO_CHECK,280.483,61251,,1,8,32,1,1,1,1,269484032,1048576,,,,,,,,,,2026-04-19 00:04:29.
0,35/44,18/47,Contraction_l_Alik_Bjlk_Cijk_Dijk,"(128,8192,1,8192)",Cijk_Alik_Bjlk_B8B8S_BH_GB_MT64x64x32_MI16x16x16x1_SN_GLVWA4_GLVWB4_GRVW4_K1_SS0_SVW4_WSGRA0_WSGRB1,NO_CHECK,310.603,55311.3,,1,8,32,1,1,1,1,269484032,1048576,,,,,,,,,,2026-04-19 00:04:29.
0,35/44,19/47,Contraction_l_Alik_Bjlk_Cijk_Dijk,"(128,8192,1,8192)",Cijk_Alik_Bjlk_B8B8S_BH_GB_MT64x64x32_MI16x16x16x1_SN_GLVWA8_GLVWB8_GRVW8_K1_SS0_SVW4_WSGRA0_WSGRB1,NO_CHECK,281.763,60972.8,,1,8,32,1,1,1,1,269484032,1048576,,,,,,,,,,2026-04-19 00:04:29.
0,35/44,20/47,Contraction_l_Alik_Bjlk_Cijk_Dijk,"(128,8192,1,8192)",Cijk_Alik_Bjlk_B8B8S_BH_GB_MT64x64x32_MI16x16x16x1_SN_GLVWA16_GLVWB16_GRVW16_K1_SS0_SVW4_WSGRA0_WSGRB1,NO_CHECK,279.083,61558.3,,1,8,32,1,1,1,1,269484032,1048576,,,,,,,,,,2026-04-19 00:04:29.
0,35/44,21/47,Contraction_l_Alik_Bjlk_Cijk_Dijk,"(128,8192,1,8192)",Cijk_Alik_Bjlk_B8B8S_BH_GB_MT64x64x32_MI16x16x16x1_SN_GLVWA4_GLVWB4_GRVW4_K1_SS0_SVW4_WSGRA1_WSGRB1,NO_CHECK,313.164,54859,,1,8,32,1,1,1,1,269484032,1048576,,,,,,,,,,2026-04-19 00:04:29.
0,35/44,22/47,Contraction_l_Alik_Bjlk_Cijk_Dijk,"(128,8192,1,8192)",Cijk_Alik_Bjlk_B8B8S_BH_GB_MT64x64x32_MI16x16x16x1_SN_GLVWA8_GLVWB8_GRVW8_K1_SS0_SVW4_WSGRA1_WSGRB1,NO_CHECK,280.084,61338.3,,1,8,32,1,1,1,1,269484032,1048576,,,,,,,,,,2026-04-19 00:04:29.
0,35/44,23/47,Contraction_l_Alik_Bjlk_Cijk_Dijk,"(128,8192,1,8192)",Cijk_Alik_Bjlk_B8B8S_BH_GB_MT64x64x32_MI16x16x16x1_SN_GLVWA16_GLVWB16_GRVW16_K1_SS0_SVW4_WSGRA1_WSGRB1,NO_CHECK,278.363,61717.5,,1,8,32,1,1,1,1,269484032,1048576,,,,,,,,,,2026-04-19 00:04:29.
0,35/44,24/47,Contraction_l_Alik_Bjlk_Cijk_Dijk,"(128,8192,1,8192)",Cijk_Alik_Bjlk_B8B8S_BH_GB_MT64x64x16_MI16x16x16x1_SN_GLVWA4_GLVWB4_GRVW4_K1_SS1_SVW1_WSGRA0_WSGRB0,NO_CHECK,320.804,53552.5,,1,8,32,1,1,1,1,269484032,1048576,,,,,,,,,,2026-04-19 00:04:29.
0,35/44,25/47,Contraction_l_Alik_Bjlk_Cijk_Dijk,"(128,8192,1,8192)",Cijk_Alik_Bjlk_B8B8S_BH_GB_MT64x64x16_MI16x16x16x1_SN_GLVWA8_GLVWB8_GRVW8_K1_SS1_SVW1_WSGRA0_WSGRB0,NO_CHECK,283.924,60508.7,,1,8,32,1,1,1,1,269484032,1048576,,,,,,,,,,2026-04-19 00:04:29.
0,35/44,26/47,Contraction_l_Alik_Bjlk_Cijk_Dijk,"(128,8192,1,8192)",Cijk_Alik_Bjlk_B8B8S_BH_GB_MT64x64x16_MI16x16x16x1_SN_GLVWA16_GLVWB16_GRVW16_K1_SS1_SVW1_WSGRA0_WSGRB0,NO_CHECK,275.964,62254,,1,8,32,1,1,1,1,269484032,1048576,,,,,,,,,,2026-04-19 00:04:29.
0,35/44,27/47,Contraction_l_Alik_Bjlk_Cijk_Dijk,"(128,8192,1,8192)",Cijk_Alik_Bjlk_B8B8S_BH_GB_MT64x64x16_MI16x16x16x1_SN_GLVWA4_GLVWB4_GRVW4_K1_SS1_SVW1_WSGRA1_WSGRB0,NO_CHECK,317.764,54064.9,,1,8,32,1,1,1,1,269484032,1048576,,,,,,,,,,2026-04-19 00:04:29.
0,35/44,28/47,Contraction_l_Alik_Bjlk_Cijk_Dijk,"(128,8192,1,8192)",Cijk_Alik_Bjlk_B8B8S_BH_GB_MT64x64x16_MI16x16x16x1_SN_GLVWA8_GLVWB8_GRVW8_K1_SS1_SVW1_WSGRA1_WSGRB0,NO_CHECK,285.564,60161.2,,1,8,32,1,1,1,1,269484032,1048576,,,,,,,,,,2026-04-19 00:04:29.
0,35/44,29/47,Contraction_l_Alik_Bjlk_Cijk_Dijk,"(128,8192,1,8192)",Cijk_Alik_Bjlk_B8B8S_BH_GB_MT64x64x16_MI16x16x16x1_SN_GLVWA16_GLVWB16_GRVW16_K1_SS1_SVW1_WSGRA1_WSGRB0,NO_CHECK,284.484,60389.6,,1,8,32,1,1,1,1,269484032,1048576,,,,,,,,,,2026-04-19 00:04:29.
0,35/44,30/47,Contraction_l_Alik_Bjlk_Cijk_Dijk,"(128,8192,1,8192)",Cijk_Alik_Bjlk_B8B8S_BH_GB_MT64x64x16_MI16x16x16x1_SN_GLVWA4_GLVWB4_GRVW4_K1_SS1_SVW1_WSGRA0_WSGRB1,NO_CHECK,317.284,54146.7,,1,8,32,1,1,1,1,269484032,1048576,,,,,,,,,,2026-04-19 00:04:29.
0,35/44,31/47,Contraction_l_Alik_Bjlk_Cijk_Dijk,"(128,8192,1,8192)",Cijk_Alik_Bjlk_B8B8S_BH_GB_MT64x64x16_MI16x16x16x1_SN_GLVWA8_GLVWB8_GRVW8_K1_SS1_SVW1_WSGRA0_WSGRB1,NO_CHECK,284.684,60347.2,,1,8,32,1,1,1,1,269484032,1048576,,,,,,,,,,2026-04-19 00:04:29.
0,35/44,32/47,Contraction_l_Alik_Bjlk_Cijk_Dijk,"(128,8192,1,8192)",Cijk_Alik_Bjlk_B8B8S_BH_GB_MT64x64x16_MI16x16x16x1_SN_GLVWA16_GLVWB16_GRVW16_K1_SS1_SVW1_WSGRA0_WSGRB1,NO_CHECK,280.564,61233.3,,1,8,32,1,1,1,1,269484032,1048576,,,,,,,,,,2026-04-19 00:04:29.
0,35/44,33/47,Contraction_l_Alik_Bjlk_Cijk_Dijk,"(128,8192,1,8192)",Cijk_Alik_Bjlk_B8B8S_BH_GB_MT64x64x16_MI16x16x16x1_SN_GLVWA4_GLVWB4_GRVW4_K1_SS1_SVW1_WSGRA1_WSGRB1,NO_CHECK,322.084,53339.7,,1,8,32,1,1,1,1,269484032,1048576,,,,,,,,,,2026-04-19 00:04:29.
0,35/44,34/47,Contraction_l_Alik_Bjlk_Cijk_Dijk,"(128,8192,1,8192)",Cijk_Alik_Bjlk_B8B8S_BH_GB_MT64x64x16_MI16x16x16x1_SN_GLVWA8_GLVWB8_GRVW8_K1_SS1_SVW1_WSGRA1_WSGRB1,NO_CHECK,283.284,60645.4,,1,8,32,1,1,1,1,269484032,1048576,,,,,,,,,,2026-04-19 00:04:29.
0,35/44,35/47,Contraction_l_Alik_Bjlk_Cijk_Dijk,"(128,8192,1,8192)",Cijk_Alik_Bjlk_B8B8S_BH_GB_MT64x64x16_MI16x16x16x1_SN_GLVWA16_GLVWB16_GRVW16_K1_SS1_SVW1_WSGRA1_WSGRB1,NO_CHECK,281.124,61111.4,,1,8,32,1,1,1,1,269484032,1048576,,,,,,,,,,2026-04-19 00:04:29.
0,35/44,36/47,Contraction_l_Alik_Bjlk_Cijk_Dijk,"(128,8192,1,8192)",Cijk_Alik_Bjlk_B8B8S_BH_GB_MT64x64x32_MI16x16x16x1_SN_GLVWA4_GLVWB4_GRVW4_K1_SS1_SVW1_WSGRA0_WSGRB0,NO_CHECK,313.204,54852,,1,8,32,1,1,1,1,269484032,1048576,,,,,,,,,,2026-04-19 00:04:29.
0,35/44,37/47,Contraction_l_Alik_Bjlk_Cijk_Dijk,"(128,8192,1,8192)",Cijk_Alik_Bjlk_B8B8S_BH_GB_MT64x64x32_MI16x16x16x1_SN_GLVWA8_GLVWB8_GRVW8_K1_SS1_SVW1_WSGRA0_WSGRB0,NO_CHECK,281.004,61137.5,,1,8,32,1,1,1,1,269484032,1048576,,,,,,,,,,2026-04-19 00:04:29.
0,35/44,38/47,Contraction_l_Alik_Bjlk_Cijk_Dijk,"(128,8192,1,8192)",Cijk_Alik_Bjlk_B8B8S_BH_GB_MT64x64x32_MI16x16x16x1_SN_GLVWA16_GLVWB16_GRVW16_K1_SS1_SVW1_WSGRA0_WSGRB0,NO_CHECK,279.084,61558.1,,1,8,32,1,1,1,1,269484032,1048576,,,,,,,,,,2026-04-19 00:04:29.
0,35/44,39/47,Contraction_l_Alik_Bjlk_Cijk_Dijk,"(128,8192,1,8192)",Cijk_Alik_Bjlk_B8B8S_BH_GB_MT64x64x32_MI16x16x16x1_SN_GLVWA4_GLVWB4_GRVW4_K1_SS1_SVW1_WSGRA1_WSGRB0,NO_CHECK,312.844,54915.1,,1,8,32,1,1,1,1,269484032,1048576,,,,,,,,,,2026-04-19 00:04:29.
0,35/44,40/47,Contraction_l_Alik_Bjlk_Cijk_Dijk,"(128,8192,1,8192)",Cijk_Alik_Bjlk_B8B8S_BH_GB_MT64x64x32_MI16x16x16x1_SN_GLVWA8_GLVWB8_GRVW8_K1_SS1_SVW1_WSGRA1_WSGRB0,NO_CHECK,278.883,61602.4,,1,8,32,1,1,1,1,269484032,1048576,,,,,,,,,,2026-04-19 00:04:29.
0,35/44,41/47,Contraction_l_Alik_Bjlk_Cijk_Dijk,"(128,8192,1,8192)",Cijk_Alik_Bjlk_B8B8S_BH_GB_MT64x64x32_MI16x16x16x1_SN_GLVWA16_GLVWB16_GRVW16_K1_SS1_SVW1_WSGRA1_WSGRB0,NO_CHECK,279.284,61514,,1,8,32,1,1,1,1,269484032,1048576,,,,,,,,,,2026-04-19 00:04:29.
0,35/44,42/47,Contraction_l_Alik_Bjlk_Cijk_Dijk,"(128,8192,1,8192)",Cijk_Alik_Bjlk_B8B8S_BH_GB_MT64x64x32_MI16x16x16x1_SN_GLVWA4_GLVWB4_GRVW4_K1_SS1_SVW1_WSGRA0_WSGRB1,NO_CHECK,311.404,55169.1,,1,8,32,1,1,1,1,269484032,1048576,,,,,,,,,,2026-04-19 00:04:29.
0,35/44,43/47,Contraction_l_Alik_Bjlk_Cijk_Dijk,"(128,8192,1,8192)",Cijk_Alik_Bjlk_B8B8S_BH_GB_MT64x64x32_MI16x16x16x1_SN_GLVWA8_GLVWB8_GRVW8_K1_SS1_SVW1_WSGRA0_WSGRB1,NO_CHECK,280.323,61286,,1,8,32,1,1,1,1,269484032,1048576,,,,,,,,,,2026-04-19 00:04:29.
0,35/44,44/47,Contraction_l_Alik_Bjlk_Cijk_Dijk,"(128,8192,1,8192)",Cijk_Alik_Bjlk_B8B8S_BH_GB_MT64x64x32_MI16x16x16x1_SN_GLVWA16_GLVWB16_GRVW16_K1_SS1_SVW1_WSGRA0_WSGRB1,NO_CHECK,277.804,61841.7,,1,8,32,1,1,1,1,269484032,1048576,,,,,,,,,,2026-04-19 00:04:29.
0,35/44,45/47,Contraction_l_Alik_Bjlk_Cijk_Dijk,"(128,8192,1,8192)",Cijk_Alik_Bjlk_B8B8S_BH_GB_MT64x64x32_MI16x16x16x1_SN_GLVWA4_GLVWB4_GRVW4_K1_SS1_SVW1_WSGRA1_WSGRB1,NO_CHECK,310.364,55353.9,,1,8,32,1,1,1,1,269484032,1048576,,,,,,,,,,2026-04-19 00:04:29.
0,35/44,46/47,Contraction_l_Alik_Bjlk_Cijk_Dijk,"(128,8192,1,8192)",Cijk_Alik_Bjlk_B8B8S_BH_GB_MT64x64x32_MI16x16x16x1_SN_GLVWA8_GLVWB8_GRVW8_K1_SS1_SVW1_WSGRA1_WSGRB1,NO_CHECK,280.643,61216.1,,1,8,32,1,1,1,1,269484032,1048576,,,,,,,,,,2026-04-19 00:04:29.
0,35/44,47/47,Contraction_l_Alik_Bjlk_Cijk_Dijk,"(128,8192,1,8192)",Cijk_Alik_Bjlk_B8B8S_BH_GB_MT64x64x32_MI16x16x16x1_SN_GLVWA16_GLVWB16_GRVW16_K1_SS1_SVW1_WSGRA1_WSGRB1,NO_CHECK,279.283,61514.2,,1,8,32,1,1,1,1,269484032,1048576,,,,,,,,,,2026-04-19 00:04:29.
0,36/44,0/47,Contraction_l_Alik_Bjlk_Cijk_Dijk,"(512,1024,1,1024)",Cijk_Alik_Bjlk_B8B8S_BH_GB_MT64x64x16_MI16x16x16x1_SN_GLVWA4_GLVWB4_GRVW4_K1_SS0_SVW4_WSGRA0_WSGRB0,NO_CHECK,42.04,25541,,0.625,4,32,1,1,1,0.625,17301504,524288,,,,,,,,,,2026-04-19 00:04:29.
0,36/44,1/47,Contraction_l_Alik_Bjlk_Cijk_Dijk,"(512,1024,1,1024)",Cijk_Alik_Bjlk_B8B8S_BH_GB_MT64x64x16_MI16x16x16x1_SN_GLVWA8_GLVWB8_GRVW8_K1_SS0_SVW4_WSGRA0_WSGRB0,NO_CHECK,38.841,27644.5,,0.625,4,32,1,1,1,0.625,17301504,524288,,,,,,,,,,2026-04-19 00:04:29.
0,36/44,2/47,Contraction_l_Alik_Bjlk_Cijk_Dijk,"(512,1024,1,1024)",Cijk_Alik_Bjlk_B8B8S_BH_GB_MT64x64x16_MI16x16x16x1_SN_GLVWA16_GLVWB16_GRVW16_K1_SS0_SVW4_WSGRA0_WSGRB0,NO_CHECK,39.241,27362.8,,0.625,4,32,1,1,1,0.625,17301504,524288,,,,,,,,,,2026-04-19 00:04:29.
0,36/44,3/47,Contraction_l_Alik_Bjlk_Cijk_Dijk,"(512,1024,1,1024)",Cijk_Alik_Bjlk_B8B8S_BH_GB_MT64x64x16_MI16x16x16x1_SN_GLVWA4_GLVWB4_GRVW4_K1_SS0_SVW4_WSGRA1_WSGRB0,NO_CHECK,40.6,26446.8,,0.625,4,32,1,1,1,0.625,17301504,524288,,,,,,,,,,2026-04-19 00:04:29.
0,36/44,4/47,Contraction_l_Alik_Bjlk_Cijk_Dijk,"(512,1024,1,1024)",Cijk_Alik_Bjlk_B8B8S_BH_GB_MT64x64x16_MI16x16x16x1_SN_GLVWA8_GLVWB8_GRVW8_K1_SS0_SVW4_WSGRA1_WSGRB0,NO_CHECK,39.84,26951.3,,0.625,4,32,1,1,1,0.625,17301504,524288,,,,,,,,,,2026-04-19 00:04:29.
0,36/44,5/47,Contraction_l_Alik_Bjlk_Cijk_Dijk,"(512,1024,1,1024)",Cijk_Alik_Bjlk_B8B8S_BH_GB_MT64x64x16_MI16x16x16x1_SN_GLVWA16_GLVWB16_GRVW16_K1_SS0_SVW4_WSGRA1_WSGRB0,NO_CHECK,39.121,27446.7,,0.625,4,32,1,1,1,0.625,17301504,524288,,,,,,,,,,2026-04-19 00:04:29.
0,36/44,6/47,Contraction_l_Alik_Bjlk_Cijk_Dijk,"(512,1024,1,1024)",Cijk_Alik_Bjlk_B8B8S_BH_GB_MT64x64x16_MI16x16x16x1_SN_GLVWA4_GLVWB4_GRVW4_K1_SS0_SVW4_WSGRA0_WSGRB1,NO_CHECK,39.201,27390.7,,0.625,4,32,1,1,1,0.625,17301504,524288,,,,,,,,,,2026-04-19 00:04:29.
0,36/44,7/47,Contraction_l_Alik_Bjlk_Cijk_Dijk,"(512,1024,1,1024)",Cijk_Alik_Bjlk_B8B8S_BH_GB_MT64x64x16_MI16x16x16x1_SN_GLVWA8_GLVWB8_GRVW8_K1_SS0_SVW4_WSGRA0_WSGRB1,NO_CHECK,40.4,26577.8,,0.625,4,32,1,1,1,0.625,17301504,524288,,,,,,,,,,2026-04-19 00:04:29.
0,36/44,8/47,Contraction_l_Alik_Bjlk_Cijk_Dijk,"(512,1024,1,1024)",Cijk_Alik_Bjlk_B8B8S_BH_GB_MT64x64x16_MI16x16x16x1_SN_GLVWA16_GLVWB16_GRVW16_K1_SS0_SVW4_WSGRA0_WSGRB1,NO_CHECK,39.921,26896.7,,0.625,4,32,1,1,1,0.625,17301504,524288,,,,,,,,,,2026-04-19 00:04:29.
0,36/44,9/47,Contraction_l_Alik_Bjlk_Cijk_Dijk,"(512,1024,1,1024)",Cijk_Alik_Bjlk_B8B8S_BH_GB_MT64x64x16_MI16x16x16x1_SN_GLVWA4_GLVWB4_GRVW4_K1_SS0_SVW4_WSGRA1_WSGRB1,NO_CHECK,39.401,27251.6,,0.625,4,32,1,1,1,0.625,17301504,524288,,,,,,,,,,2026-04-19 00:04:29.
0,36/44,10/47,Contraction_l_Alik_Bjlk_Cijk_Dijk,"(512,1024,1,1024)",Cijk_Alik_Bjlk_B8B8S_BH_GB_MT64x64x16_MI16x16x16x1_SN_GLVWA8_GLVWB8_GRVW8_K1_SS0_SVW4_WSGRA1_WSGRB1,NO_CHECK,39.201,27390.7,,0.625,4,32,1,1,1,0.625,17301504,524288,,,,,,,,,,2026-04-19 00:04:29.
0,36/44,11/47,Contraction_l_Alik_Bjlk_Cijk_Dijk,"(512,1024,1,1024)",Cijk_Alik_Bjlk_B8B8S_BH_GB_MT64x64x16_MI16x16x16x1_SN_GLVWA16_GLVWB16_GRVW16_K1_SS0_SVW4_WSGRA1_WSGRB1,NO_CHECK,39.761,27004.9,,0.625,4,32,1,1,1,0.625,17301504,524288,,,,,,,,,,2026-04-19 00:04:29.
0,36/44,12/47,Contraction_l_Alik_Bjlk_Cijk_Dijk,"(512,1024,1,1024)",Cijk_Alik_Bjlk_B8B8S_BH_GB_MT64x64x32_MI16x16x16x1_SN_GLVWA4_GLVWB4_GRVW4_K1_SS0_SVW4_WSGRA0_WSGRB0,NO_CHECK,38.801,27673,,0.625,4,32,1,1,1,0.625,17301504,524288,,,,,,,,,,2026-04-19 00:04:29.
0,36/44,13/47,Contraction_l_Alik_Bjlk_Cijk_Dijk,"(512,1024,1,1024)",Cijk_Alik_Bjlk_B8B8S_BH_GB_MT64x64x32_MI16x16x16x1_SN_GLVWA8_GLVWB8_GRVW8_K1_SS0_SVW4_WSGRA0_WSGRB0,NO_CHECK,36.801,29177,,0.625,4,32,1,1,1,0.625,17301504,524288,,,,,,,,,,2026-04-19 00:04:29.
0,36/44,14/47,Contraction_l_Alik_Bjlk_Cijk_Dijk,"(512,1024,1,1024)",Cijk_Alik_Bjlk_B8B8S_BH_GB_MT64x64x32_MI16x16x16x1_SN_GLVWA16_GLVWB16_GRVW16_K1_SS0_SVW4_WSGRA0_WSGRB0,NO_CHECK,36.681,29272.4,,0.625,4,32,1,1,1,0.625,17301504,524288,,,,,,,,,,2026-04-19 00:04:29.
0,36/44,15/47,Contraction_l_Alik_Bjlk_Cijk_Dijk,"(512,1024,1,1024)",Cijk_Alik_Bjlk_B8B8S_BH_GB_MT64x64x32_MI16x16x16x1_SN_GLVWA4_GLVWB4_GRVW4_K1_SS0_SVW4_WSGRA1_WSGRB0,NO_CHECK,38.921,27587.7,,0.625,4,32,1,1,1,0.625,17301504,524288,,,,,,,,,,2026-04-19 00:04:29.
0,36/44,16/47,Contraction_l_Alik_Bjlk_Cijk_Dijk,"(512,1024,1,1024)",Cijk_Alik_Bjlk_B8B8S_BH_GB_MT64x64x32_MI16x16x16x1_SN_GLVWA8_GLVWB8_GRVW8_K1_SS0_SVW4_WSGRA1_WSGRB0,NO_CHECK,38.641,27787.6,,0.625,4,32,1,1,1,0.625,17301504,524288,,,,,,,,,,2026-04-19 00:04:29.
0,36/44,17/47,Contraction_l_Alik_Bjlk_Cijk_Dijk,"(512,1024,1,1024)",Cijk_Alik_Bjlk_B8B8S_BH_GB_MT64x64x32_MI16x16x16x1_SN_GLVWA16_GLVWB16_GRVW16_K1_SS0_SVW4_WSGRA1_WSGRB0,NO_CHECK,36.761,29208.7,,0.625,4,32,1,1,1,0.625,17301504,524288,,,,,,,,,,2026-04-19 00:04:29.
0,36/44,18/47,Contraction_l_Alik_Bjlk_Cijk_Dijk,"(512,1024,1,1024)",Cijk_Alik_Bjlk_B8B8S_BH_GB_MT64x64x32_MI16x16x16x1_SN_GLVWA4_GLVWB4_GRVW4_K1_SS0_SVW4_WSGRA0_WSGRB1,NO_CHECK,37.68,28496.3,,0.625,4,32,1,1,1,0.625,17301504,524288,,,,,,,,,,2026-04-19 00:04:29.
0,36/44,19/47,Contraction_l_Alik_Bjlk_Cijk_Dijk,"(512,1024,1,1024)",Cijk_Alik_Bjlk_B8B8S_BH_GB_MT64x64x32_MI16x16x16x1_SN_GLVWA8_GLVWB8_GRVW8_K1_SS0_SVW4_WSGRA0_WSGRB1,NO_CHECK,38.241,28078.3,,0.625,4,32,1,1,1,0.625,17301504,524288,,,,,,,,,,2026-04-19 00:04:29.
0,36/44,20/47,Contraction_l_Alik_Bjlk_Cijk_Dijk,"(512,1024,1,1024)",Cijk_Alik_Bjlk_B8B8S_BH_GB_MT64x64x32_MI16x16x16x1_SN_GLVWA16_GLVWB16_GRVW16_K1_SS0_SVW4_WSGRA0_WSGRB1,NO_CHECK,38.201,28107.7,,0.625,4,32,1,1,1,0.625,17301504,524288,,,,,,,,,,2026-04-19 00:04:29.
0,36/44,21/47,Contraction_l_Alik_Bjlk_Cijk_Dijk,"(512,1024,1,1024)",Cijk_Alik_Bjlk_B8B8S_BH_GB_MT64x64x32_MI16x16x16x1_SN_GLVWA4_GLVWB4_GRVW4_K1_SS0_SVW4_WSGRA1_WSGRB1,NO_CHECK,38.081,28196.3,,0.625,4,32,1,1,1,0.625,17301504,524288,,,,,,,,,,2026-04-19 00:04:29.
0,36/44,22/47,Contraction_l_Alik_Bjlk_Cijk_Dijk,"(512,1024,1,1024)",Cijk_Alik_Bjlk_B8B8S_BH_GB_MT64x64x32_MI16x16x16x1_SN_GLVWA8_GLVWB8_GRVW8_K1_SS0_SVW4_WSGRA1_WSGRB1,NO_CHECK,38.321,28019.7,,0.625,4,32,1,1,1,0.625,17301504,524288,,,,,,,,,,2026-04-19 00:04:29.
0,36/44,23/47,Contraction_l_Alik_Bjlk_Cijk_Dijk,"(512,1024,1,1024)",Cijk_Alik_Bjlk_B8B8S_BH_GB_MT64x64x32_MI16x16x16x1_SN_GLVWA16_GLVWB16_GRVW16_K1_SS0_SVW4_WSGRA1_WSGRB1,NO_CHECK,38.161,28137.2,,0.625,4,32,1,1,1,0.625,17301504,524288,,,,,,,,,,2026-04-19 00:04:29.
0,36/44,24/47,Contraction_l_Alik_Bjlk_Cijk_Dijk,"(512,1024,1,1024)",Cijk_Alik_Bjlk_B8B8S_BH_GB_MT64x64x16_MI16x16x16x1_SN_GLVWA4_GLVWB4_GRVW4_K1_SS1_SVW1_WSGRA0_WSGRB0,NO_CHECK,42.281,25395.4,,0.625,4,32,1,1,1,0.625,17301504,524288,,,,,,,,,,2026-04-19 00:04:29.
0,36/44,25/47,Contraction_l_Alik_Bjlk_Cijk_Dijk,"(512,1024,1,1024)",Cijk_Alik_Bjlk_B8B8S_BH_GB_MT64x64x16_MI16x16x16x1_SN_GLVWA8_GLVWB8_GRVW8_K1_SS1_SVW1_WSGRA0_WSGRB0,NO_CHECK,42.6,25205.2,,0.625,4,32,1,1,1,0.625,17301504,524288,,,,,,,,,,2026-04-19 00:04:29.
0,36/44,26/47,Contraction_l_Alik_Bjlk_Cijk_Dijk,"(512,1024,1,1024)",Cijk_Alik_Bjlk_B8B8S_BH_GB_MT64x64x16_MI16x16x16x1_SN_GLVWA16_GLVWB16_GRVW16_K1_SS1_SVW1_WSGRA0_WSGRB0,NO_CHECK,41.56,25835.9,,0.625,4,32,1,1,1,0.625,17301504,524288,,,,,,,,,,2026-04-19 00:04:29.
0,36/44,27/47,Contraction_l_Alik_Bjlk_Cijk_Dijk,"(512,1024,1,1024)",Cijk_Alik_Bjlk_B8B8S_BH_GB_MT64x64x16_MI16x16x16x1_SN_GLVWA4_GLVWB4_GRVW4_K1_SS1_SVW1_WSGRA1_WSGRB0,NO_CHECK,43.68,24582,,0.625,4,32,1,1,1,0.625,17301504,524288,,,,,,,,,,2026-04-19 00:04:29.
0,36/44,28/47,Contraction_l_Alik_Bjlk_Cijk_Dijk,"(512,1024,1,1024)",Cijk_Alik_Bjlk_B8B8S_BH_GB_MT64x64x16_MI16x16x16x1_SN_GLVWA8_GLVWB8_GRVW8_K1_SS1_SVW1_WSGRA1_WSGRB0,NO_CHECK,43.32,24786.3,,0.625,4,32,1,1,1,0.625,17301504,524288,,,,,,,,,,2026-04-19 00:04:29.
0,36/44,29/47,Contraction_l_Alik_Bjlk_Cijk_Dijk,"(512,1024,1,1024)",Cijk_Alik_Bjlk_B8B8S_BH_GB_MT64x64x16_MI16x16x16x1_SN_GLVWA16_GLVWB16_GRVW16_K1_SS1_SVW1_WSGRA1_WSGRB0,NO_CHECK,41.8,25687.6,,0.625,4,32,1,1,1,0.625,17301504,524288,,,,,,,,,,2026-04-19 00:04:29.
0,36/44,30/47,Contraction_l_Alik_Bjlk_Cijk_Dijk,"(512,1024,1,1024)",Cijk_Alik_Bjlk_B8B8S_BH_GB_MT64x64x16_MI16x16x16x1_SN_GLVWA4_GLVWB4_GRVW4_K1_SS1_SVW1_WSGRA0_WSGRB1,NO_CHECK,43.64,24604.5,,0.625,4,32,1,1,1,0.625,17301504,524288,,,,,,,,,,2026-04-19 00:04:29.
0,36/44,31/47,Contraction_l_Alik_Bjlk_Cijk_Dijk,"(512,1024,1,1024)",Cijk_Alik_Bjlk_B8B8S_BH_GB_MT64x64x16_MI16x16x16x1_SN_GLVWA8_GLVWB8_GRVW8_K1_SS1_SVW1_WSGRA0_WSGRB1,NO_CHECK,43.201,24854.6,,0.625,4,32,1,1,1,0.625,17301504,524288,,,,,,,,,,2026-04-19 00:04:29.
0,36/44,32/47,Contraction_l_Alik_Bjlk_Cijk_Dijk,"(512,1024,1,1024)",Cijk_Alik_Bjlk_B8B8S_BH_GB_MT64x64x16_MI16x16x16x1_SN_GLVWA16_GLVWB16_GRVW16_K1_SS1_SVW1_WSGRA0_WSGRB1,NO_CHECK,42.041,25540.3,,0.625,4,32,1,1,1,0.625,17301504,524288,,,,,,,,,,2026-04-19 00:04:29.
0,36/44,33/47,Contraction_l_Alik_Bjlk_Cijk_Dijk,"(512,1024,1,1024)",Cijk_Alik_Bjlk_B8B8S_BH_GB_MT64x64x16_MI16x16x16x1_SN_GLVWA4_GLVWB4_GRVW4_K1_SS1_SVW1_WSGRA1_WSGRB1,NO_CHECK,43.001,24970.2,,0.625,4,32,1,1,1,0.625,17301504,524288,,,,,,,,,,2026-04-19 00:04:29.
0,36/44,34/47,Contraction_l_Alik_Bjlk_Cijk_Dijk,"(512,1024,1,1024)",Cijk_Alik_Bjlk_B8B8S_BH_GB_MT64x64x16_MI16x16x16x1_SN_GLVWA8_GLVWB8_GRVW8_K1_SS1_SVW1_WSGRA1_WSGRB1,NO_CHECK,43.481,24694.5,,0.625,4,32,1,1,1,0.625,17301504,524288,,,,,,,,,,2026-04-19 00:04:29.
0,36/44,35/47,Contraction_l_Alik_Bjlk_Cijk_Dijk,"(512,1024,1,1024)",Cijk_Alik_Bjlk_B8B8S_BH_GB_MT64x64x16_MI16x16x16x1_SN_GLVWA16_GLVWB16_GRVW16_K1_SS1_SVW1_WSGRA1_WSGRB1,NO_CHECK,41.961,25589,,0.625,4,32,1,1,1,0.625,17301504,524288,,,,,,,,,,2026-04-19 00:04:29.
0,36/44,36/47,Contraction_l_Alik_Bjlk_Cijk_Dijk,"(512,1024,1,1024)",Cijk_Alik_Bjlk_B8B8S_BH_GB_MT64x64x32_MI16x16x16x1_SN_GLVWA4_GLVWB4_GRVW4_K1_SS1_SVW1_WSGRA0_WSGRB0,NO_CHECK,42.08,25516.7,,0.625,4,32,1,1,1,0.625,17301504,524288,,,,,,,,,,2026-04-19 00:04:29.
0,36/44,37/47,Contraction_l_Alik_Bjlk_Cijk_Dijk,"(512,1024,1,1024)",Cijk_Alik_Bjlk_B8B8S_BH_GB_MT64x64x32_MI16x16x16x1_SN_GLVWA8_GLVWB8_GRVW8_K1_SS1_SVW1_WSGRA0_WSGRB0,NO_CHECK,39.72,27032.8,,0.625,4,32,1,1,1,0.625,17301504,524288,,,,,,,,,,2026-04-19 00:04:29.
0,36/44,38/47,Contraction_l_Alik_Bjlk_Cijk_Dijk,"(512,1024,1,1024)",Cijk_Alik_Bjlk_B8B8S_BH_GB_MT64x64x32_MI16x16x16x1_SN_GLVWA16_GLVWB16_GRVW16_K1_SS1_SVW1_WSGRA0_WSGRB0,NO_CHECK,38.72,27730.9,,0.625,4,32,1,1,1,0.625,17301504,524288,,,,,,,,,,2026-04-19 00:04:29.
0,36/44,39/47,Contraction_l_Alik_Bjlk_Cijk_Dijk,"(512,1024,1,1024)",Cijk_Alik_Bjlk_B8B8S_BH_GB_MT64x64x32_MI16x16x16x1_SN_GLVWA4_GLVWB4_GRVW4_K1_SS1_SVW1_WSGRA1_WSGRB0,NO_CHECK,40.161,26735.9,,0.625,4,32,1,1,1,0.625,17301504,524288,,,,,,,,,,2026-04-19 00:04:29.
0,36/44,40/47,Contraction_l_Alik_Bjlk_Cijk_Dijk,"(512,1024,1,1024)",Cijk_Alik_Bjlk_B8B8S_BH_GB_MT64x64x32_MI16x16x16x1_SN_GLVWA8_GLVWB8_GRVW8_K1_SS1_SVW1_WSGRA1_WSGRB0,NO_CHECK,40.76,26343,,0.625,4,32,1,1,1,0.625,17301504,524288,,,,,,,,,,2026-04-19 00:04:29.
0,36/44,41/47,Contraction_l_Alik_Bjlk_Cijk_Dijk,"(512,1024,1,1024)",Cijk_Alik_Bjlk_B8B8S_BH_GB_MT64x64x32_MI16x16x16x1_SN_GLVWA16_GLVWB16_GRVW16_K1_SS1_SVW1_WSGRA1_WSGRB0,NO_CHECK,39.76,27005.6,,0.625,4,32,1,1,1,0.625,17301504,524288,,,,,,,,,,2026-04-19 00:04:29.
0,36/44,42/47,Contraction_l_Alik_Bjlk_Cijk_Dijk,"(512,1024,1,1024)",Cijk_Alik_Bjlk_B8B8S_BH_GB_MT64x64x32_MI16x16x16x1_SN_GLVWA4_GLVWB4_GRVW4_K1_SS1_SVW1_WSGRA0_WSGRB1,NO_CHECK,40.361,26603.5,,0.625,4,32,1,1,1,0.625,17301504,524288,,,,,,,,,,2026-04-19 00:04:29.
0,36/44,43/47,Contraction_l_Alik_Bjlk_Cijk_Dijk,"(512,1024,1,1024)",Cijk_Alik_Bjlk_B8B8S_BH_GB_MT64x64x32_MI16x16x16x1_SN_GLVWA8_GLVWB8_GRVW8_K1_SS1_SVW1_WSGRA0_WSGRB1,NO_CHECK,39.721,27032.1,,0.625,4,32,1,1,1,0.625,17301504,524288,,,,,,,,,,2026-04-19 00:04:29.
0,36/44,44/47,Contraction_l_Alik_Bjlk_Cijk_Dijk,"(512,1024,1,1024)",Cijk_Alik_Bjlk_B8B8S_BH_GB_MT64x64x32_MI16x16x16x1_SN_GLVWA16_GLVWB16_GRVW16_K1_SS1_SVW1_WSGRA0_WSGRB1,NO_CHECK,40.32,26630.5,,0.625,4,32,1,1,1,0.625,17301504,524288,,,,,,,,,,2026-04-19 00:04:29.
0,36/44,45/47,Contraction_l_Alik_Bjlk_Cijk_Dijk,"(512,1024,1,1024)",Cijk_Alik_Bjlk_B8B8S_BH_GB_MT64x64x32_MI16x16x16x1_SN_GLVWA4_GLVWB4_GRVW4_K1_SS1_SVW1_WSGRA1_WSGRB1,NO_CHECK,41.441,25910.1,,0.625,4,32,1,1,1,0.625,17301504,524288,,,,,,,,,,2026-04-19 00:04:29.
0,36/44,46/47,Contraction_l_Alik_Bjlk_Cijk_Dijk,"(512,1024,1,1024)",Cijk_Alik_Bjlk_B8B8S_BH_GB_MT64x64x32_MI16x16x16x1_SN_GLVWA8_GLVWB8_GRVW8_K1_SS1_SVW1_WSGRA1_WSGRB1,NO_CHECK,39.281,27334.9,,0.625,4,32,1,1,1,0.625,17301504,524288,,,,,,,,,,2026-04-19 00:04:29.
0,36/44,47/47,Contraction_l_Alik_Bjlk_Cijk_Dijk,"(512,1024,1,1024)",Cijk_Alik_Bjlk_B8B8S_BH_GB_MT64x64x32_MI16x16x16x1_SN_GLVWA16_GLVWB16_GRVW16_K1_SS1_SVW1_WSGRA1_WSGRB1,NO_CHECK,36.92,29082.9,,0.625,4,32,1,1,1,0.625,17301504,524288,,,,,,,,,,2026-04-19 00:04:29.
0,37/44,0/47,Contraction_l_Alik_Bjlk_Cijk_Dijk,"(512,1024,1,4096)",Cijk_Alik_Bjlk_B8B8S_BH_GB_MT64x64x16_MI16x16x16x1_SN_GLVWA4_GLVWB4_GRVW4_K1_SS0_SVW4_WSGRA0_WSGRB0,NO_CHECK,120.361,35684,,0.625,4,32,1,1,1,0.625,67633152,524288,,,,,,,,,,2026-04-19 00:04:29.
0,37/44,1/47,Contraction_l_Alik_Bjlk_Cijk_Dijk,"(512,1024,1,4096)",Cijk_Alik_Bjlk_B8B8S_BH_GB_MT64x64x16_MI16x16x16x1_SN_GLVWA8_GLVWB8_GRVW8_K1_SS0_SVW4_WSGRA0_WSGRB0,NO_CHECK,107.681,39886,,0.625,4,32,1,1,1,0.625,67633152,524288,,,,,,,,,,2026-04-19 00:04:29.
0,37/44,2/47,Contraction_l_Alik_Bjlk_Cijk_Dijk,"(512,1024,1,4096)",Cijk_Alik_Bjlk_B8B8S_BH_GB_MT64x64x16_MI16x16x16x1_SN_GLVWA16_GLVWB16_GRVW16_K1_SS0_SVW4_WSGRA0_WSGRB0,NO_CHECK,107.761,39856.4,,0.625,4,32,1,1,1,0.625,67633152,524288,,,,,,,,,,2026-04-19 00:04:29.
0,37/44,3/47,Contraction_l_Alik_Bjlk_Cijk_Dijk,"(512,1024,1,4096)",Cijk_Alik_Bjlk_B8B8S_BH_GB_MT64x64x16_MI16x16x16x1_SN_GLVWA4_GLVWB4_GRVW4_K1_SS0_SVW4_WSGRA1_WSGRB0,NO_CHECK,110.761,38776.9,,0.625,4,32,1,1,1,0.625,67633152,524288,,,,,,,,,,2026-04-19 00:04:29.
0,37/44,4/47,Contraction_l_Alik_Bjlk_Cijk_Dijk,"(512,1024,1,4096)",Cijk_Alik_Bjlk_B8B8S_BH_GB_MT64x64x16_MI16x16x16x1_SN_GLVWA8_GLVWB8_GRVW8_K1_SS0_SVW4_WSGRA1_WSGRB0,NO_CHECK,109.121,39359.7,,0.625,4,32,1,1,1,0.625,67633152,524288,,,,,,,,,,2026-04-19 00:04:29.
0,37/44,5/47,Contraction_l_Alik_Bjlk_Cijk_Dijk,"(512,1024,1,4096)",Cijk_Alik_Bjlk_B8B8S_BH_GB_MT64x64x16_MI16x16x16x1_SN_GLVWA16_GLVWB16_GRVW16_K1_SS0_SVW4_WSGRA1_WSGRB0,NO_CHECK,108.722,39504.1,,0.625,4,32,1,1,1,0.625,67633152,524288,,,,,,,,,,2026-04-19 00:04:29.
0,37/44,6/47,Contraction_l_Alik_Bjlk_Cijk_Dijk,"(512,1024,1,4096)",Cijk_Alik_Bjlk_B8B8S_BH_GB_MT64x64x16_MI16x16x16x1_SN_GLVWA4_GLVWB4_GRVW4_K1_SS0_SVW4_WSGRA0_WSGRB1,NO_CHECK,108.321,39650.4,,0.625,4,32,1,1,1,0.625,67633152,524288,,,,,,,,,,2026-04-19 00:04:29.
0,37/44,7/47,Contraction_l_Alik_Bjlk_Cijk_Dijk,"(512,1024,1,4096)",Cijk_Alik_Bjlk_B8B8S_BH_GB_MT64x64x16_MI16x16x16x1_SN_GLVWA8_GLVWB8_GRVW8_K1_SS0_SVW4_WSGRA0_WSGRB1,NO_CHECK,107.802,39841.3,,0.625,4,32,1,1,1,0.625,67633152,524288,,,,,,,,,,2026-04-19 00:04:29.
0,37/44,8/47,Contraction_l_Alik_Bjlk_Cijk_Dijk,"(512,1024,1,4096)",Cijk_Alik_Bjlk_B8B8S_BH_GB_MT64x64x16_MI16x16x16x1_SN_GLVWA16_GLVWB16_GRVW16_K1_SS0_SVW4_WSGRA0_WSGRB1,NO_CHECK,108.441,39606.5,,0.625,4,32,1,1,1,0.625,67633152,524288,,,,,,,,,,2026-04-19 00:04:29.
0,37/44,9/47,Contraction_l_Alik_Bjlk_Cijk_Dijk,"(512,1024,1,4096)",Cijk_Alik_Bjlk_B8B8S_BH_GB_MT64x64x16_MI16x16x16x1_SN_GLVWA4_GLVWB4_GRVW4_K1_SS0_SVW4_WSGRA1_WSGRB1,NO_CHECK,109.961,39059,,0.625,4,32,1,1,1,0.625,67633152,524288,,,,,,,,,,2026-04-19 00:04:29.
0,37/44,10/47,Contraction_l_Alik_Bjlk_Cijk_Dijk,"(512,1024,1,4096)",Cijk_Alik_Bjlk_B8B8S_BH_GB_MT64x64x16_MI16x16x16x1_SN_GLVWA8_GLVWB8_GRVW8_K1_SS0_SVW4_WSGRA1_WSGRB1,NO_CHECK,107.161,40079.6,,0.625,4,32,1,1,1,0.625,67633152,524288,,,,,,,,,,2026-04-19 00:04:29.
0,37/44,11/47,Contraction_l_Alik_Bjlk_Cijk_Dijk,"(512,1024,1,4096)",Cijk_Alik_Bjlk_B8B8S_BH_GB_MT64x64x16_MI16x16x16x1_SN_GLVWA16_GLVWB16_GRVW16_K1_SS0_SVW4_WSGRA1_WSGRB1,NO_CHECK,109.361,39273.3,,0.625,4,32,1,1,1,0.625,67633152,524288,,,,,,,,,,2026-04-19 00:04:29.
0,37/44,12/47,Contraction_l_Alik_Bjlk_Cijk_Dijk,"(512,1024,1,4096)",Cijk_Alik_Bjlk_B8B8S_BH_GB_MT64x64x32_MI16x16x16x1_SN_GLVWA4_GLVWB4_GRVW4_K1_SS0_SVW4_WSGRA0_WSGRB0,NO_CHECK,99.961,42966.4,,0.625,4,32,1,1,1,0.625,67633152,524288,,,,,,,,,,2026-04-19 00:04:29.
0,37/44,13/47,Contraction_l_Alik_Bjlk_Cijk_Dijk,"(512,1024,1,4096)",Cijk_Alik_Bjlk_B8B8S_BH_GB_MT64x64x32_MI16x16x16x1_SN_GLVWA8_GLVWB8_GRVW8_K1_SS0_SVW4_WSGRA0_WSGRB0,NO_CHECK,93.562,45905,,0.625,4,32,1,1,1,0.625,67633152,524288,,,,,,,,,,2026-04-19 00:04:29.
0,37/44,14/47,Contraction_l_Alik_Bjlk_Cijk_Dijk,"(512,1024,1,4096)",Cijk_Alik_Bjlk_B8B8S_BH_GB_MT64x64x32_MI16x16x16x1_SN_GLVWA16_GLVWB16_GRVW16_K1_SS0_SVW4_WSGRA0_WSGRB0,NO_CHECK,94.001,45690.7,,0.625,4,32,1,1,1,0.625,67633152,524288,,,,,,,,,,2026-04-19 00:04:29.
0,37/44,15/47,Contraction_l_Alik_Bjlk_Cijk_Dijk,"(512,1024,1,4096)",Cijk_Alik_Bjlk_B8B8S_BH_GB_MT64x64x32_MI16x16x16x1_SN_GLVWA4_GLVWB4_GRVW4_K1_SS0_SVW4_WSGRA1_WSGRB0,NO_CHECK,98.321,43683.1,,0.625,4,32,1,1,1,0.625,67633152,524288,,,,,,,,,,2026-04-19 00:04:29.
0,37/44,16/47,Contraction_l_Alik_Bjlk_Cijk_Dijk,"(512,1024,1,4096)",Cijk_Alik_Bjlk_B8B8S_BH_GB_MT64x64x32_MI16x16x16x1_SN_GLVWA8_GLVWB8_GRVW8_K1_SS0_SVW4_WSGRA1_WSGRB0,NO_CHECK,94.601,45400.9,,0.625,4,32,1,1,1,0.625,67633152,524288,,,,,,,,,,2026-04-19 00:04:29.
0,37/44,17/47,Contraction_l_Alik_Bjlk_Cijk_Dijk,"(512,1024,1,4096)",Cijk_Alik_Bjlk_B8B8S_BH_GB_MT64x64x32_MI16x16x16x1_SN_GLVWA16_GLVWB16_GRVW16_K1_SS0_SVW4_WSGRA1_WSGRB0,NO_CHECK,94.281,45555,,0.625,4,32,1,1,1,0.625,67633152,524288,,,,,,,,,,2026-04-19 00:04:29.
0,37/44,18/47,Contraction_l_Alik_Bjlk_Cijk_Dijk,"(512,1024,1,4096)",Cijk_Alik_Bjlk_B8B8S_BH_GB_MT64x64x32_MI16x16x16x1_SN_GLVWA4_GLVWB4_GRVW4_K1_SS0_SVW4_WSGRA0_WSGRB1,NO_CHECK,98.121,43772.2,,0.625,4,32,1,1,1,0.625,67633152,524288,,,,,,,,,,2026-04-19 00:04:29.
0,37/44,19/47,Contraction_l_Alik_Bjlk_Cijk_Dijk,"(512,1024,1,4096)",Cijk_Alik_Bjlk_B8B8S_BH_GB_MT64x64x32_MI16x16x16x1_SN_GLVWA8_GLVWB8_GRVW8_K1_SS0_SVW4_WSGRA0_WSGRB1,NO_CHECK,94.121,45632.4,,0.625,4,32,1,1,1,0.625,67633152,524288,,,,,,,,,,2026-04-19 00:04:29.
0,37/44,20/47,Contraction_l_Alik_Bjlk_Cijk_Dijk,"(512,1024,1,4096)",Cijk_Alik_Bjlk_B8B8S_BH_GB_MT64x64x32_MI16x16x16x1_SN_GLVWA16_GLVWB16_GRVW16_K1_SS0_SVW4_WSGRA0_WSGRB1,NO_CHECK,94.401,45497.1,,0.625,4,32,1,1,1,0.625,67633152,524288,,,,,,,,,,2026-04-19 00:04:29.
0,37/44,21/47,Contraction_l_Alik_Bjlk_Cijk_Dijk,"(512,1024,1,4096)",Cijk_Alik_Bjlk_B8B8S_BH_GB_MT64x64x32_MI16x16x16x1_SN_GLVWA4_GLVWB4_GRVW4_K1_SS0_SVW4_WSGRA1_WSGRB1,NO_CHECK,99.201,43295.6,,0.625,4,32,1,1,1,0.625,67633152,524288,,,,,,,,,,2026-04-19 00:04:29.
0,37/44,22/47,Contraction_l_Alik_Bjlk_Cijk_Dijk,"(512,1024,1,4096)",Cijk_Alik_Bjlk_B8B8S_BH_GB_MT64x64x32_MI16x16x16x1_SN_GLVWA8_GLVWB8_GRVW8_K1_SS0_SVW4_WSGRA1_WSGRB1,NO_CHECK,95.562,44944.3,,0.625,4,32,1,1,1,0.625,67633152,524288,,,,,,,,,,2026-04-19 00:04:29.
0,37/44,23/47,Contraction_l_Alik_Bjlk_Cijk_Dijk,"(512,1024,1,4096)",Cijk_Alik_Bjlk_B8B8S_BH_GB_MT64x64x32_MI16x16x16x1_SN_GLVWA16_GLVWB16_GRVW16_K1_SS0_SVW4_WSGRA1_WSGRB1,NO_CHECK,95.481,44982.4,,0.625,4,32,1,1,1,0.625,67633152,524288,,,,,,,,,,2026-04-19 00:04:29.
0,37/44,24/47,Contraction_l_Alik_Bjlk_Cijk_Dijk,"(512,1024,1,4096)",Cijk_Alik_Bjlk_B8B8S_BH_GB_MT64x64x16_MI16x16x16x1_SN_GLVWA4_GLVWB4_GRVW4_K1_SS1_SVW1_WSGRA0_WSGRB0,NO_CHECK,115.801,37089.2,,0.625,4,32,1,1,1,0.625,67633152,524288,,,,,,,,,,2026-04-19 00:04:29.
0,37/44,25/47,Contraction_l_Alik_Bjlk_Cijk_Dijk,"(512,1024,1,4096)",Cijk_Alik_Bjlk_B8B8S_BH_GB_MT64x64x16_MI16x16x16x1_SN_GLVWA8_GLVWB8_GRVW8_K1_SS1_SVW1_WSGRA0_WSGRB0,NO_CHECK,114.322,37569,,0.625,4,32,1,1,1,0.625,67633152,524288,,,,,,,,,,2026-04-19 00:04:29.
0,37/44,26/47,Contraction_l_Alik_Bjlk_Cijk_Dijk,"(512,1024,1,4096)",Cijk_Alik_Bjlk_B8B8S_BH_GB_MT64x64x16_MI16x16x16x1_SN_GLVWA16_GLVWB16_GRVW16_K1_SS1_SVW1_WSGRA0_WSGRB0,NO_CHECK,112.081,38320.2,,0.625,4,32,1,1,1,0.625,67633152,524288,,,,,,,,,,2026-04-19 00:04:29.
0,37/44,27/47,Contraction_l_Alik_Bjlk_Cijk_Dijk,"(512,1024,1,4096)",Cijk_Alik_Bjlk_B8B8S_BH_GB_MT64x64x16_MI16x16x16x1_SN_GLVWA4_GLVWB4_GRVW4_K1_SS1_SVW1_WSGRA1_WSGRB0,NO_CHECK,117.161,36658.7,,0.625,4,32,1,1,1,0.625,67633152,524288,,,,,,,,,,2026-04-19 00:04:29.
0,37/44,28/47,Contraction_l_Alik_Bjlk_Cijk_Dijk,"(512,1024,1,4096)",Cijk_Alik_Bjlk_B8B8S_BH_GB_MT64x64x16_MI16x16x16x1_SN_GLVWA8_GLVWB8_GRVW8_K1_SS1_SVW1_WSGRA1_WSGRB0,NO_CHECK,114.361,37556.2,,0.625,4,32,1,1,1,0.625,67633152,524288,,,,,,,,,,2026-04-19 00:04:29.
0,37/44,29/47,Contraction_l_Alik_Bjlk_Cijk_Dijk,"(512,1024,1,4096)",Cijk_Alik_Bjlk_B8B8S_BH_GB_MT64x64x16_MI16x16x16x1_SN_GLVWA16_GLVWB16_GRVW16_K1_SS1_SVW1_WSGRA1_WSGRB0,NO_CHECK,114.121,37635.2,,0.625,4,32,1,1,1,0.625,67633152,524288,,,,,,,,,,2026-04-19 00:04:29.
0,37/44,30/47,Contraction_l_Alik_Bjlk_Cijk_Dijk,"(512,1024,1,4096)",Cijk_Alik_Bjlk_B8B8S_BH_GB_MT64x64x16_MI16x16x16x1_SN_GLVWA4_GLVWB4_GRVW4_K1_SS1_SVW1_WSGRA0_WSGRB1,NO_CHECK,113.362,37887.2,,0.625,4,32,1,1,1,0.625,67633152,524288,,,,,,,,,,2026-04-19 00:04:29.
0,37/44,31/47,Contraction_l_Alik_Bjlk_Cijk_Dijk,"(512,1024,1,4096)",Cijk_Alik_Bjlk_B8B8S_BH_GB_MT64x64x16_MI16x16x16x1_SN_GLVWA8_GLVWB8_GRVW8_K1_SS1_SVW1_WSGRA0_WSGRB1,NO_CHECK,112.042,38333.5,,0.625,4,32,1,1,1,0.625,67633152,524288,,,,,,,,,,2026-04-19 00:04:29.
0,37/44,32/47,Contraction_l_Alik_Bjlk_Cijk_Dijk,"(512,1024,1,4096)",Cijk_Alik_Bjlk_B8B8S_BH_GB_MT64x64x16_MI16x16x16x1_SN_GLVWA16_GLVWB16_GRVW16_K1_SS1_SVW1_WSGRA0_WSGRB1,NO_CHECK,114.481,37516.9,,0.625,4,32,1,1,1,0.625,67633152,524288,,,,,,,,,,2026-04-19 00:04:29.
0,37/44,33/47,Contraction_l_Alik_Bjlk_Cijk_Dijk,"(512,1024,1,4096)",Cijk_Alik_Bjlk_B8B8S_BH_GB_MT64x64x16_MI16x16x16x1_SN_GLVWA4_GLVWB4_GRVW4_K1_SS1_SVW1_WSGRA1_WSGRB1,NO_CHECK,115.961,37038,,0.625,4,32,1,1,1,0.625,67633152,524288,,,,,,,,,,2026-04-19 00:04:29.
0,37/44,34/47,Contraction_l_Alik_Bjlk_Cijk_Dijk,"(512,1024,1,4096)",Cijk_Alik_Bjlk_B8B8S_BH_GB_MT64x64x16_MI16x16x16x1_SN_GLVWA8_GLVWB8_GRVW8_K1_SS1_SVW1_WSGRA1_WSGRB1,NO_CHECK,110.921,38721,,0.625,4,32,1,1,1,0.625,67633152,524288,,,,,,,,,,2026-04-19 00:04:29.
0,37/44,35/47,Contraction_l_Alik_Bjlk_Cijk_Dijk,"(512,1024,1,4096)",Cijk_Alik_Bjlk_B8B8S_BH_GB_MT64x64x16_MI16x16x16x1_SN_GLVWA16_GLVWB16_GRVW16_K1_SS1_SVW1_WSGRA1_WSGRB1,NO_CHECK,113.001,38008.2,,0.625,4,32,1,1,1,0.625,67633152,524288,,,,,,,,,,2026-04-19 00:04:29.
0,37/44,36/47,Contraction_l_Alik_Bjlk_Cijk_Dijk,"(512,1024,1,4096)",Cijk_Alik_Bjlk_B8B8S_BH_GB_MT64x64x32_MI16x16x16x1_SN_GLVWA4_GLVWB4_GRVW4_K1_SS1_SVW1_WSGRA0_WSGRB0,NO_CHECK,101.001,42524,,0.625,4,32,1,1,1,0.625,67633152,524288,,,,,,,,,,2026-04-19 00:04:29.
0,37/44,37/47,Contraction_l_Alik_Bjlk_Cijk_Dijk,"(512,1024,1,4096)",Cijk_Alik_Bjlk_B8B8S_BH_GB_MT64x64x32_MI16x16x16x1_SN_GLVWA8_GLVWB8_GRVW8_K1_SS1_SVW1_WSGRA0_WSGRB0,NO_CHECK,96.441,44534.7,,0.625,4,32,1,1,1,0.625,67633152,524288,,,,,,,,,,2026-04-19 00:04:29.
0,37/44,38/47,Contraction_l_Alik_Bjlk_Cijk_Dijk,"(512,1024,1,4096)",Cijk_Alik_Bjlk_B8B8S_BH_GB_MT64x64x32_MI16x16x16x1_SN_GLVWA16_GLVWB16_GRVW16_K1_SS1_SVW1_WSGRA0_WSGRB0,NO_CHECK,97.401,44095.7,,0.625,4,32,1,1,1,0.625,67633152,524288,,,,,,,,,,2026-04-19 00:04:29.
0,37/44,39/47,Contraction_l_Alik_Bjlk_Cijk_Dijk,"(512,1024,1,4096)",Cijk_Alik_Bjlk_B8B8S_BH_GB_MT64x64x32_MI16x16x16x1_SN_GLVWA4_GLVWB4_GRVW4_K1_SS1_SVW1_WSGRA1_WSGRB0,NO_CHECK,100.322,42811.8,,0.625,4,32,1,1,1,0.625,67633152,524288,,,,,,,,,,2026-04-19 00:04:29.
0,37/44,40/47,Contraction_l_Alik_Bjlk_Cijk_Dijk,"(512,1024,1,4096)",Cijk_Alik_Bjlk_B8B8S_BH_GB_MT64x64x32_MI16x16x16x1_SN_GLVWA8_GLVWB8_GRVW8_K1_SS1_SVW1_WSGRA1_WSGRB0,NO_CHECK,96.041,44720.1,,0.625,4,32,1,1,1,0.625,67633152,524288,,,,,,,,,,2026-04-19 00:04:29.
0,37/44,41/47,Contraction_l_Alik_Bjlk_Cijk_Dijk,"(512,1024,1,4096)",Cijk_Alik_Bjlk_B8B8S_BH_GB_MT64x64x32_MI16x16x16x1_SN_GLVWA16_GLVWB16_GRVW16_K1_SS1_SVW1_WSGRA1_WSGRB0,NO_CHECK,95.641,44907.2,,0.625,4,32,1,1,1,0.625,67633152,524288,,,,,,,,,,2026-04-19 00:04:29.
0,37/44,42/47,Contraction_l_Alik_Bjlk_Cijk_Dijk,"(512,1024,1,4096)",Cijk_Alik_Bjlk_B8B8S_BH_GB_MT64x64x32_MI16x16x16x1_SN_GLVWA4_GLVWB4_GRVW4_K1_SS1_SVW1_WSGRA0_WSGRB1,NO_CHECK,100.801,42608.4,,0.625,4,32,1,1,1,0.625,67633152,524288,,,,,,,,,,2026-04-19 00:04:29.
0,37/44,43/47,Contraction_l_Alik_Bjlk_Cijk_Dijk,"(512,1024,1,4096)",Cijk_Alik_Bjlk_B8B8S_BH_GB_MT64x64x32_MI16x16x16x1_SN_GLVWA8_GLVWB8_GRVW8_K1_SS1_SVW1_WSGRA0_WSGRB1,NO_CHECK,95.881,44794.8,,0.625,4,32,1,1,1,0.625,67633152,524288,,,,,,,,,,2026-04-19 00:04:29.
0,37/44,44/47,Contraction_l_Alik_Bjlk_Cijk_Dijk,"(512,1024,1,4096)",Cijk_Alik_Bjlk_B8B8S_BH_GB_MT64x64x32_MI16x16x16x1_SN_GLVWA16_GLVWB16_GRVW16_K1_SS1_SVW1_WSGRA0_WSGRB1,NO_CHECK,95.721,44869.6,,0.625,4,32,1,1,1,0.625,67633152,524288,,,,,,,,,,2026-04-19 00:04:29.
0,37/44,45/47,Contraction_l_Alik_Bjlk_Cijk_Dijk,"(512,1024,1,4096)",Cijk_Alik_Bjlk_B8B8S_BH_GB_MT64x64x32_MI16x16x16x1_SN_GLVWA4_GLVWB4_GRVW4_K1_SS1_SVW1_WSGRA1_WSGRB1,NO_CHECK,99.161,43313.1,,0.625,4,32,1,1,1,0.625,67633152,524288,,,,,,,,,,2026-04-19 00:04:29.
0,37/44,46/47,Contraction_l_Alik_Bjlk_Cijk_Dijk,"(512,1024,1,4096)",Cijk_Alik_Bjlk_B8B8S_BH_GB_MT64x64x32_MI16x16x16x1_SN_GLVWA8_GLVWB8_GRVW8_K1_SS1_SVW1_WSGRA1_WSGRB1,NO_CHECK,96.881,44332.4,,0.625,4,32,1,1,1,0.625,67633152,524288,,,,,,,,,,2026-04-19 00:04:29.
0,37/44,47/47,Contraction_l_Alik_Bjlk_Cijk_Dijk,"(512,1024,1,4096)",Cijk_Alik_Bjlk_B8B8S_BH_GB_MT64x64x32_MI16x16x16x1_SN_GLVWA16_GLVWB16_GRVW16_K1_SS1_SVW1_WSGRA1_WSGRB1,NO_CHECK,96.042,44719.7,,0.625,4,32,1,1,1,0.625,67633152,524288,,,,,,,,,,2026-04-19 00:04:29.
0,38/44,0/47,Contraction_l_Alik_Bjlk_Cijk_Dijk,"(512,1024,1,8192)",Cijk_Alik_Bjlk_B8B8S_BH_GB_MT64x64x16_MI16x16x16x1_SN_GLVWA4_GLVWB4_GRVW4_K1_SS0_SVW4_WSGRA0_WSGRB0,NO_CHECK,269.083,31923,,0.625,4,32,1,1,1,0.625,134742016,524288,,,,,,,,,,2026-04-19 00:04:29.
0,38/44,1/47,Contraction_l_Alik_Bjlk_Cijk_Dijk,"(512,1024,1,8192)",Cijk_Alik_Bjlk_B8B8S_BH_GB_MT64x64x16_MI16x16x16x1_SN_GLVWA8_GLVWB8_GRVW8_K1_SS0_SVW4_WSGRA0_WSGRB0,NO_CHECK,233.042,36860,,0.625,4,32,1,1,1,0.625,134742016,524288,,,,,,,,,,2026-04-19 00:04:29.
0,38/44,2/47,Contraction_l_Alik_Bjlk_Cijk_Dijk,"(512,1024,1,8192)",Cijk_Alik_Bjlk_B8B8S_BH_GB_MT64x64x16_MI16x16x16x1_SN_GLVWA16_GLVWB16_GRVW16_K1_SS0_SVW4_WSGRA0_WSGRB0,NO_CHECK,233.123,36847.2,,0.625,4,32,1,1,1,0.625,134742016,524288,,,,,,,,,,2026-04-19 00:04:29.
0,38/44,3/47,Contraction_l_Alik_Bjlk_Cijk_Dijk,"(512,1024,1,8192)",Cijk_Alik_Bjlk_B8B8S_BH_GB_MT64x64x16_MI16x16x16x1_SN_GLVWA4_GLVWB4_GRVW4_K1_SS0_SVW4_WSGRA1_WSGRB0,NO_CHECK,232.203,36993.2,,0.625,4,32,1,1,1,0.625,134742016,524288,,,,,,,,,,2026-04-19 00:04:29.
0,38/44,4/47,Contraction_l_Alik_Bjlk_Cijk_Dijk,"(512,1024,1,8192)",Cijk_Alik_Bjlk_B8B8S_BH_GB_MT64x64x16_MI16x16x16x1_SN_GLVWA8_GLVWB8_GRVW8_K1_SS0_SVW4_WSGRA1_WSGRB0,NO_CHECK,232.283,36980.5,,0.625,4,32,1,1,1,0.625,134742016,524288,,,,,,,,,,2026-04-19 00:04:29.
0,38/44,5/47,Contraction_l_Alik_Bjlk_Cijk_Dijk,"(512,1024,1,8192)",Cijk_Alik_Bjlk_B8B8S_BH_GB_MT64x64x16_MI16x16x16x1_SN_GLVWA16_GLVWB16_GRVW16_K1_SS0_SVW4_WSGRA1_WSGRB0,NO_CHECK,235.323,36502.7,,0.625,4,32,1,1,1,0.625,134742016,524288,,,,,,,,,,2026-04-19 00:04:29.
0,38/44,6/47,Contraction_l_Alik_Bjlk_Cijk_Dijk,"(512,1024,1,8192)",Cijk_Alik_Bjlk_B8B8S_BH_GB_MT64x64x16_MI16x16x16x1_SN_GLVWA4_GLVWB4_GRVW4_K1_SS0_SVW4_WSGRA0_WSGRB1,NO_CHECK,233.242,36828.4,,0.625,4,32,1,1,1,0.625,134742016,524288,,,,,,,,,,2026-04-19 00:04:29.
0,38/44,7/47,Contraction_l_Alik_Bjlk_Cijk_Dijk,"(512,1024,1,8192)",Cijk_Alik_Bjlk_B8B8S_BH_GB_MT64x64x16_MI16x16x16x1_SN_GLVWA8_GLVWB8_GRVW8_K1_SS0_SVW4_WSGRA0_WSGRB1,NO_CHECK,234.243,36671,,0.625,4,32,1,1,1,0.625,134742016,524288,,,,,,,,,,2026-04-19 00:04:29.
0,38/44,8/47,Contraction_l_Alik_Bjlk_Cijk_Dijk,"(512,1024,1,8192)",Cijk_Alik_Bjlk_B8B8S_BH_GB_MT64x64x16_MI16x16x16x1_SN_GLVWA16_GLVWB16_GRVW16_K1_SS0_SVW4_WSGRA0_WSGRB1,NO_CHECK,241.523,35565.7,,0.625,4,32,1,1,1,0.625,134742016,524288,,,,,,,,,,2026-04-19 00:04:29.
0,38/44,9/47,Contraction_l_Alik_Bjlk_Cijk_Dijk,"(512,1024,1,8192)",Cijk_Alik_Bjlk_B8B8S_BH_GB_MT64x64x16_MI16x16x16x1_SN_GLVWA4_GLVWB4_GRVW4_K1_SS0_SVW4_WSGRA1_WSGRB1,NO_CHECK,249.163,34475.2,,0.625,4,32,1,1,1,0.625,134742016,524288,,,,,,,,,,2026-04-19 00:04:29.
0,38/44,10/47,Contraction_l_Alik_Bjlk_Cijk_Dijk,"(512,1024,1,8192)",Cijk_Alik_Bjlk_B8B8S_BH_GB_MT64x64x16_MI16x16x16x1_SN_GLVWA8_GLVWB8_GRVW8_K1_SS0_SVW4_WSGRA1_WSGRB1,NO_CHECK,251.963,34092,,0.625,4,32,1,1,1,0.625,134742016,524288,,,,,,,,,,2026-04-19 00:04:29.
0,38/44,11/47,Contraction_l_Alik_Bjlk_Cijk_Dijk,"(512,1024,1,8192)",Cijk_Alik_Bjlk_B8B8S_BH_GB_MT64x64x16_MI16x16x16x1_SN_GLVWA16_GLVWB16_GRVW16_K1_SS0_SVW4_WSGRA1_WSGRB1,NO_CHECK,252.283,34048.8,,0.625,4,32,1,1,1,0.625,134742016,524288,,,,,,,,,,2026-04-19 00:04:29.
0,38/44,12/47,Contraction_l_Alik_Bjlk_Cijk_Dijk,"(512,1024,1,8192)",Cijk_Alik_Bjlk_B8B8S_BH_GB_MT64x64x32_MI16x16x16x1_SN_GLVWA4_GLVWB4_GRVW4_K1_SS0_SVW4_WSGRA0_WSGRB0,NO_CHECK,197.282,43541.4,,0.625,4,32,1,1,1,0.625,134742016,524288,,,,,,,,,,2026-04-19 00:04:29.
0,38/44,13/47,Contraction_l_Alik_Bjlk_Cijk_Dijk,"(512,1024,1,8192)",Cijk_Alik_Bjlk_B8B8S_BH_GB_MT64x64x32_MI16x16x16x1_SN_GLVWA8_GLVWB8_GRVW8_K1_SS0_SVW4_WSGRA0_WSGRB0,NO_CHECK,194.362,44195.5,,0.625,4,32,1,1,1,0.625,134742016,524288,,,,,,,,,,2026-04-19 00:04:29.
0,38/44,14/47,Contraction_l_Alik_Bjlk_Cijk_Dijk,"(512,1024,1,8192)",Cijk_Alik_Bjlk_B8B8S_BH_GB_MT64x64x32_MI16x16x16x1_SN_GLVWA16_GLVWB16_GRVW16_K1_SS0_SVW4_WSGRA0_WSGRB0,NO_CHECK,191.882,44766.8,,0.625,4,32,1,1,1,0.625,134742016,524288,,,,,,,,,,2026-04-19 00:04:29.
0,38/44,15/47,Contraction_l_Alik_Bjlk_Cijk_Dijk,"(512,1024,1,8192)",Cijk_Alik_Bjlk_B8B8S_BH_GB_MT64x64x32_MI16x16x16x1_SN_GLVWA4_GLVWB4_GRVW4_K1_SS0_SVW4_WSGRA1_WSGRB0,NO_CHECK,197.402,43514.9,,0.625,4,32,1,1,1,0.625,134742016,524288,,,,,,,,,,2026-04-19 00:04:29.
0,38/44,16/47,Contraction_l_Alik_Bjlk_Cijk_Dijk,"(512,1024,1,8192)",Cijk_Alik_Bjlk_B8B8S_BH_GB_MT64x64x32_MI16x16x16x1_SN_GLVWA8_GLVWB8_GRVW8_K1_SS0_SVW4_WSGRA1_WSGRB0,NO_CHECK,193.042,44497.8,,0.625,4,32,1,1,1,0.625,134742016,524288,,,,,,,,,,2026-04-19 00:04:29.
0,38/44,17/47,Contraction_l_Alik_Bjlk_Cijk_Dijk,"(512,1024,1,8192)",Cijk_Alik_Bjlk_B8B8S_BH_GB_MT64x64x32_MI16x16x16x1_SN_GLVWA16_GLVWB16_GRVW16_K1_SS0_SVW4_WSGRA1_WSGRB0,NO_CHECK,194.002,44277.6,,0.625,4,32,1,1,1,0.625,134742016,524288,,,,,,,,,,2026-04-19 00:04:29.
0,38/44,18/47,Contraction_l_Alik_Bjlk_Cijk_Dijk,"(512,1024,1,8192)",Cijk_Alik_Bjlk_B8B8S_BH_GB_MT64x64x32_MI16x16x16x1_SN_GLVWA4_GLVWB4_GRVW4_K1_SS0_SVW4_WSGRA0_WSGRB1,NO_CHECK,198.842,43199.8,,0.625,4,32,1,1,1,0.625,134742016,524288,,,,,,,,,,2026-04-19 00:04:29.
0,38/44,19/47,Contraction_l_Alik_Bjlk_Cijk_Dijk,"(512,1024,1,8192)",Cijk_Alik_Bjlk_B8B8S_BH_GB_MT64x64x32_MI16x16x16x1_SN_GLVWA8_GLVWB8_GRVW8_K1_SS0_SVW4_WSGRA0_WSGRB1,NO_CHECK,193.682,44350.7,,0.625,4,32,1,1,1,0.625,134742016,524288,,,,,,,,,,2026-04-19 00:04:29.
0,38/44,20/47,Contraction_l_Alik_Bjlk_Cijk_Dijk,"(512,1024,1,8192)",Cijk_Alik_Bjlk_B8B8S_BH_GB_MT64x64x32_MI16x16x16x1_SN_GLVWA16_GLVWB16_GRVW16_K1_SS0_SVW4_WSGRA0_WSGRB1,NO_CHECK,192.282,44673.6,,0.625,4,32,1,1,1,0.625,134742016,524288,,,,,,,,,,2026-04-19 00:04:29.
0,38/44,21/47,Contraction_l_Alik_Bjlk_Cijk_Dijk,"(512,1024,1,8192)",Cijk_Alik_Bjlk_B8B8S_BH_GB_MT64x64x32_MI16x16x16x1_SN_GLVWA4_GLVWB4_GRVW4_K1_SS0_SVW4_WSGRA1_WSGRB1,NO_CHECK,197.442,43506.1,,0.625,4,32,1,1,1,0.625,134742016,524288,,,,,,,,,,2026-04-19 00:04:29.
0,38/44,22/47,Contraction_l_Alik_Bjlk_Cijk_Dijk,"(512,1024,1,8192)",Cijk_Alik_Bjlk_B8B8S_BH_GB_MT64x64x32_MI16x16x16x1_SN_GLVWA8_GLVWB8_GRVW8_K1_SS0_SVW4_WSGRA1_WSGRB1,NO_CHECK,191.002,44973,,0.625,4,32,1,1,1,0.625,134742016,524288,,,,,,,,,,2026-04-19 00:04:29.
0,38/44,23/47,Contraction_l_Alik_Bjlk_Cijk_Dijk,"(512,1024,1,8192)",Cijk_Alik_Bjlk_B8B8S_BH_GB_MT64x64x32_MI16x16x16x1_SN_GLVWA16_GLVWB16_GRVW16_K1_SS0_SVW4_WSGRA1_WSGRB1,NO_CHECK,190.562,45076.9,,0.625,4,32,1,1,1,0.625,134742016,524288,,,,,,,,,,2026-04-19 00:04:29.
0,38/44,24/47,Contraction_l_Alik_Bjlk_Cijk_Dijk,"(512,1024,1,8192)",Cijk_Alik_Bjlk_B8B8S_BH_GB_MT64x64x16_MI16x16x16x1_SN_GLVWA4_GLVWB4_GRVW4_K1_SS1_SVW1_WSGRA0_WSGRB0,NO_CHECK,253.683,33860.9,,0.625,4,32,1,1,1,0.625,134742016,524288,,,,,,,,,,2026-04-19 00:04:29.
0,38/44,25/47,Contraction_l_Alik_Bjlk_Cijk_Dijk,"(512,1024,1,8192)",Cijk_Alik_Bjlk_B8B8S_BH_GB_MT64x64x16_MI16x16x16x1_SN_GLVWA8_GLVWB8_GRVW8_K1_SS1_SVW1_WSGRA0_WSGRB0,NO_CHECK,251.483,34157.1,,0.625,4,32,1,1,1,0.625,134742016,524288,,,,,,,,,,2026-04-19 00:04:29.
0,38/44,26/47,Contraction_l_Alik_Bjlk_Cijk_Dijk,"(512,1024,1,8192)",Cijk_Alik_Bjlk_B8B8S_BH_GB_MT64x64x16_MI16x16x16x1_SN_GLVWA16_GLVWB16_GRVW16_K1_SS1_SVW1_WSGRA0_WSGRB0,NO_CHECK,251.483,34157.1,,0.625,4,32,1,1,1,0.625,134742016,524288,,,,,,,,,,2026-04-19 00:04:29.
0,38/44,27/47,Contraction_l_Alik_Bjlk_Cijk_Dijk,"(512,1024,1,8192)",Cijk_Alik_Bjlk_B8B8S_BH_GB_MT64x64x16_MI16x16x16x1_SN_GLVWA4_GLVWB4_GRVW4_K1_SS1_SVW1_WSGRA1_WSGRB0,NO_CHECK,249.963,34364.8,,0.625,4,32,1,1,1,0.625,134742016,524288,,,,,,,,,,2026-04-19 00:04:29.
0,38/44,28/47,Contraction_l_Alik_Bjlk_Cijk_Dijk,"(512,1024,1,8192)",Cijk_Alik_Bjlk_B8B8S_BH_GB_MT64x64x16_MI16x16x16x1_SN_GLVWA8_GLVWB8_GRVW8_K1_SS1_SVW1_WSGRA1_WSGRB0,NO_CHECK,252.763,33984.1,,0.625,4,32,1,1,1,0.625,134742016,524288,,,,,,,,,,2026-04-19 00:04:29.
0,38/44,29/47,Contraction_l_Alik_Bjlk_Cijk_Dijk,"(512,1024,1,8192)",Cijk_Alik_Bjlk_B8B8S_BH_GB_MT64x64x16_MI16x16x16x1_SN_GLVWA16_GLVWB16_GRVW16_K1_SS1_SVW1_WSGRA1_WSGRB0,NO_CHECK,252.003,34086.6,,0.625,4,32,1,1,1,0.625,134742016,524288,,,,,,,,,,2026-04-19 00:04:29.
0,38/44,30/47,Contraction_l_Alik_Bjlk_Cijk_Dijk,"(512,1024,1,8192)",Cijk_Alik_Bjlk_B8B8S_BH_GB_MT64x64x16_MI16x16x16x1_SN_GLVWA4_GLVWB4_GRVW4_K1_SS1_SVW1_WSGRA0_WSGRB1,NO_CHECK,252.723,33989.5,,0.625,4,32,1,1,1,0.625,134742016,524288,,,,,,,,,,2026-04-19 00:04:29.
0,38/44,31/47,Contraction_l_Alik_Bjlk_Cijk_Dijk,"(512,1024,1,8192)",Cijk_Alik_Bjlk_B8B8S_BH_GB_MT64x64x16_MI16x16x16x1_SN_GLVWA8_GLVWB8_GRVW8_K1_SS1_SVW1_WSGRA0_WSGRB1,NO_CHECK,252.803,33978.8,,0.625,4,32,1,1,1,0.625,134742016,524288,,,,,,,,,,2026-04-19 00:04:29.
0,38/44,32/47,Contraction_l_Alik_Bjlk_Cijk_Dijk,"(512,1024,1,8192)",Cijk_Alik_Bjlk_B8B8S_BH_GB_MT64x64x16_MI16x16x16x1_SN_GLVWA16_GLVWB16_GRVW16_K1_SS1_SVW1_WSGRA0_WSGRB1,NO_CHECK,261.363,32865.9,,0.625,4,32,1,1,1,0.625,134742016,524288,,,,,,,,,,2026-04-19 00:04:29.
0,38/44,33/47,Contraction_l_Alik_Bjlk_Cijk_Dijk,"(512,1024,1,8192)",Cijk_Alik_Bjlk_B8B8S_BH_GB_MT64x64x16_MI16x16x16x1_SN_GLVWA4_GLVWB4_GRVW4_K1_SS1_SVW1_WSGRA1_WSGRB1,NO_CHECK,252.883,33968,,0.625,4,32,1,1,1,0.625,134742016,524288,,,,,,,,,,2026-04-19 00:04:29.
0,38/44,34/47,Contraction_l_Alik_Bjlk_Cijk_Dijk,"(512,1024,1,8192)",Cijk_Alik_Bjlk_B8B8S_BH_GB_MT64x64x16_MI16x16x16x1_SN_GLVWA8_GLVWB8_GRVW8_K1_SS1_SVW1_WSGRA1_WSGRB1,NO_CHECK,253.683,33860.9,,0.625,4,32,1,1,1,0.625,134742016,524288,,,,,,,,,,2026-04-19 00:04:29.
0,38/44,35/47,Contraction_l_Alik_Bjlk_Cijk_Dijk,"(512,1024,1,8192)",Cijk_Alik_Bjlk_B8B8S_BH_GB_MT64x64x16_MI16x16x16x1_SN_GLVWA16_GLVWB16_GRVW16_K1_SS1_SVW1_WSGRA1_WSGRB1,NO_CHECK,254.723,33722.6,,0.625,4,32,1,1,1,0.625,134742016,524288,,,,,,,,,,2026-04-19 00:04:29.
0,38/44,36/47,Contraction_l_Alik_Bjlk_Cijk_Dijk,"(512,1024,1,8192)",Cijk_Alik_Bjlk_B8B8S_BH_GB_MT64x64x32_MI16x16x16x1_SN_GLVWA4_GLVWB4_GRVW4_K1_SS1_SVW1_WSGRA0_WSGRB0,NO_CHECK,199.282,43104.4,,0.625,4,32,1,1,1,0.625,134742016,524288,,,,,,,,,,2026-04-19 00:04:29.
0,38/44,37/47,Contraction_l_Alik_Bjlk_Cijk_Dijk,"(512,1024,1,8192)",Cijk_Alik_Bjlk_B8B8S_BH_GB_MT64x64x32_MI16x16x16x1_SN_GLVWA8_GLVWB8_GRVW8_K1_SS1_SVW1_WSGRA0_WSGRB0,NO_CHECK,194.482,44168.3,,0.625,4,32,1,1,1,0.625,134742016,524288,,,,,,,,,,2026-04-19 00:04:29.
0,38/44,38/47,Contraction_l_Alik_Bjlk_Cijk_Dijk,"(512,1024,1,8192)",Cijk_Alik_Bjlk_B8B8S_BH_GB_MT64x64x32_MI16x16x16x1_SN_GLVWA16_GLVWB16_GRVW16_K1_SS1_SVW1_WSGRA0_WSGRB0,NO_CHECK,193.362,44424.1,,0.625,4,32,1,1,1,0.625,134742016,524288,,,,,,,,,,2026-04-19 00:04:29.
0,38/44,39/47,Contraction_l_Alik_Bjlk_Cijk_Dijk,"(512,1024,1,8192)",Cijk_Alik_Bjlk_B8B8S_BH_GB_MT64x64x32_MI16x16x16x1_SN_GLVWA4_GLVWB4_GRVW4_K1_SS1_SVW1_WSGRA1_WSGRB0,NO_CHECK,197.642,43462.1,,0.625,4,32,1,1,1,0.625,134742016,524288,,,,,,,,,,2026-04-19 00:04:29.
0,38/44,40/47,Contraction_l_Alik_Bjlk_Cijk_Dijk,"(512,1024,1,8192)",Cijk_Alik_Bjlk_B8B8S_BH_GB_MT64x64x32_MI16x16x16x1_SN_GLVWA8_GLVWB8_GRVW8_K1_SS1_SVW1_WSGRA1_WSGRB0,NO_CHECK,192.762,44562.4,,0.625,4,32,1,1,1,0.625,134742016,524288,,,,,,,,,,2026-04-19 00:04:29.
0,38/44,41/47,Contraction_l_Alik_Bjlk_Cijk_Dijk,"(512,1024,1,8192)",Cijk_Alik_Bjlk_B8B8S_BH_GB_MT64x64x32_MI16x16x16x1_SN_GLVWA16_GLVWB16_GRVW16_K1_SS1_SVW1_WSGRA1_WSGRB0,NO_CHECK,193.442,44405.7,,0.625,4,32,1,1,1,0.625,134742016,524288,,,,,,,,,,2026-04-19 00:04:29.
0,38/44,42/47,Contraction_l_Alik_Bjlk_Cijk_Dijk,"(512,1024,1,8192)",Cijk_Alik_Bjlk_B8B8S_BH_GB_MT64x64x32_MI16x16x16x1_SN_GLVWA4_GLVWB4_GRVW4_K1_SS1_SVW1_WSGRA0_WSGRB1,NO_CHECK,198.002,43383.1,,0.625,4,32,1,1,1,0.625,134742016,524288,,,,,,,,,,2026-04-19 00:04:29.
0,38/44,43/47,Contraction_l_Alik_Bjlk_Cijk_Dijk,"(512,1024,1,8192)",Cijk_Alik_Bjlk_B8B8S_BH_GB_MT64x64x32_MI16x16x16x1_SN_GLVWA8_GLVWB8_GRVW8_K1_SS1_SVW1_WSGRA0_WSGRB1,NO_CHECK,194.122,44250.2,,0.625,4,32,1,1,1,0.625,134742016,524288,,,,,,,,,,2026-04-19 00:04:29.
0,38/44,44/47,Contraction_l_Alik_Bjlk_Cijk_Dijk,"(512,1024,1,8192)",Cijk_Alik_Bjlk_B8B8S_BH_GB_MT64x64x32_MI16x16x16x1_SN_GLVWA16_GLVWB16_GRVW16_K1_SS1_SVW1_WSGRA0_WSGRB1,NO_CHECK,192.282,44673.6,,0.625,4,32,1,1,1,0.625,134742016,524288,,,,,,,,,,2026-04-19 00:04:29.
0,38/44,45/47,Contraction_l_Alik_Bjlk_Cijk_Dijk,"(512,1024,1,8192)",Cijk_Alik_Bjlk_B8B8S_BH_GB_MT64x64x32_MI16x16x16x1_SN_GLVWA4_GLVWB4_GRVW4_K1_SS1_SVW1_WSGRA1_WSGRB1,NO_CHECK,196.602,43692,,0.625,4,32,1,1,1,0.625,134742016,524288,,,,,,,,,,2026-04-19 00:04:29.
0,38/44,46/47,Contraction_l_Alik_Bjlk_Cijk_Dijk,"(512,1024,1,8192)",Cijk_Alik_Bjlk_B8B8S_BH_GB_MT64x64x32_MI16x16x16x1_SN_GLVWA8_GLVWB8_GRVW8_K1_SS1_SVW1_WSGRA1_WSGRB1,NO_CHECK,192.122,44710.8,,0.625,4,32,1,1,1,0.625,134742016,524288,,,,,,,,,,2026-04-19 00:04:29.
0,38/44,47/47,Contraction_l_Alik_Bjlk_Cijk_Dijk,"(512,1024,1,8192)",Cijk_Alik_Bjlk_B8B8S_BH_GB_MT64x64x32_MI16x16x16x1_SN_GLVWA16_GLVWB16_GRVW16_K1_SS1_SVW1_WSGRA1_WSGRB1,NO_CHECK,192.962,44516.2,,0.625,4,32,1,1,1,0.625,134742016,524288,,,,,,,,,,2026-04-19 00:04:29.
0,39/44,0/47,Contraction_l_Alik_Bjlk_Cijk_Dijk,"(512,4096,1,1024)",Cijk_Alik_Bjlk_B8B8S_BH_GB_MT64x64x16_MI16x16x16x1_SN_GLVWA4_GLVWB4_GRVW4_K1_SS0_SVW4_WSGRA0_WSGRB0,NO_CHECK,95.441,45001.3,,1,16,32,1,1,1,1,69206016,2097152,,,,,,,,,,2026-04-19 00:04:29.
0,39/44,1/47,Contraction_l_Alik_Bjlk_Cijk_Dijk,"(512,4096,1,1024)",Cijk_Alik_Bjlk_B8B8S_BH_GB_MT64x64x16_MI16x16x16x1_SN_GLVWA8_GLVWB8_GRVW8_K1_SS0_SVW4_WSGRA0_WSGRB0,NO_CHECK,77.281,55576,,1,16,32,1,1,1,1,69206016,2097152,,,,,,,,,,2026-04-19 00:04:29.
0,39/44,2/47,Contraction_l_Alik_Bjlk_Cijk_Dijk,"(512,4096,1,1024)",Cijk_Alik_Bjlk_B8B8S_BH_GB_MT64x64x16_MI16x16x16x1_SN_GLVWA16_GLVWB16_GRVW16_K1_SS0_SVW4_WSGRA0_WSGRB0,NO_CHECK,77.761,55232.9,,1,16,32,1,1,1,1,69206016,2097152,,,,,,,,,,2026-04-19 00:04:29.
0,39/44,3/47,Contraction_l_Alik_Bjlk_Cijk_Dijk,"(512,4096,1,1024)",Cijk_Alik_Bjlk_B8B8S_BH_GB_MT64x64x16_MI16x16x16x1_SN_GLVWA4_GLVWB4_GRVW4_K1_SS0_SVW4_WSGRA1_WSGRB0,NO_CHECK,87.241,49231.1,,1,16,32,1,1,1,1,69206016,2097152,,,,,,,,,,2026-04-19 00:04:29.
0,39/44,4/47,Contraction_l_Alik_Bjlk_Cijk_Dijk,"(512,4096,1,1024)",Cijk_Alik_Bjlk_B8B8S_BH_GB_MT64x64x16_MI16x16x16x1_SN_GLVWA8_GLVWB8_GRVW8_K1_SS0_SVW4_WSGRA1_WSGRB0,NO_CHECK,78.041,55034.8,,1,16,32,1,1,1,1,69206016,2097152,,,,,,,,,,2026-04-19 00:04:29.
0,39/44,5/47,Contraction_l_Alik_Bjlk_Cijk_Dijk,"(512,4096,1,1024)",Cijk_Alik_Bjlk_B8B8S_BH_GB_MT64x64x16_MI16x16x16x1_SN_GLVWA16_GLVWB16_GRVW16_K1_SS0_SVW4_WSGRA1_WSGRB0,NO_CHECK,78.641,54614.9,,1,16,32,1,1,1,1,69206016,2097152,,,,,,,,,,2026-04-19 00:04:29.
0,39/44,6/47,Contraction_l_Alik_Bjlk_Cijk_Dijk,"(512,4096,1,1024)",Cijk_Alik_Bjlk_B8B8S_BH_GB_MT64x64x16_MI16x16x16x1_SN_GLVWA4_GLVWB4_GRVW4_K1_SS0_SVW4_WSGRA0_WSGRB1,NO_CHECK,88.641,48453.5,,1,16,32,1,1,1,1,69206016,2097152,,,,,,,,,,2026-04-19 00:04:29.
0,39/44,7/47,Contraction_l_Alik_Bjlk_Cijk_Dijk,"(512,4096,1,1024)",Cijk_Alik_Bjlk_B8B8S_BH_GB_MT64x64x16_MI16x16x16x1_SN_GLVWA8_GLVWB8_GRVW8_K1_SS0_SVW4_WSGRA0_WSGRB1,NO_CHECK,78.841,54476.3,,1,16,32,1,1,1,1,69206016,2097152,,,,,,,,,,2026-04-19 00:04:29.
0,39/44,8/47,Contraction_l_Alik_Bjlk_Cijk_Dijk,"(512,4096,1,1024)",Cijk_Alik_Bjlk_B8B8S_BH_GB_MT64x64x16_MI16x16x16x1_SN_GLVWA16_GLVWB16_GRVW16_K1_SS0_SVW4_WSGRA0_WSGRB1,NO_CHECK,78.921,54421.1,,1,16,32,1,1,1,1,69206016,2097152,,,,,,,,,,2026-04-19 00:04:29.
0,39/44,9/47,Contraction_l_Alik_Bjlk_Cijk_Dijk,"(512,4096,1,1024)",Cijk_Alik_Bjlk_B8B8S_BH_GB_MT64x64x16_MI16x16x16x1_SN_GLVWA4_GLVWB4_GRVW4_K1_SS0_SVW4_WSGRA1_WSGRB1,NO_CHECK,88.201,48695.2,,1,16,32,1,1,1,1,69206016,2097152,,,,,,,,,,2026-04-19 00:04:29.
0,39/44,10/47,Contraction_l_Alik_Bjlk_Cijk_Dijk,"(512,4096,1,1024)",Cijk_Alik_Bjlk_B8B8S_BH_GB_MT64x64x16_MI16x16x16x1_SN_GLVWA8_GLVWB8_GRVW8_K1_SS0_SVW4_WSGRA1_WSGRB1,NO_CHECK,78.881,54448.7,,1,16,32,1,1,1,1,69206016,2097152,,,,,,,,,,2026-04-19 00:04:29.
0,39/44,11/47,Contraction_l_Alik_Bjlk_Cijk_Dijk,"(512,4096,1,1024)",Cijk_Alik_Bjlk_B8B8S_BH_GB_MT64x64x16_MI16x16x16x1_SN_GLVWA16_GLVWB16_GRVW16_K1_SS0_SVW4_WSGRA1_WSGRB1,NO_CHECK,78.881,54448.7,,1,16,32,1,1,1,1,69206016,2097152,,,,,,,,,,2026-04-19 00:04:29.
0,39/44,12/47,Contraction_l_Alik_Bjlk_Cijk_Dijk,"(512,4096,1,1024)",Cijk_Alik_Bjlk_B8B8S_BH_GB_MT64x64x32_MI16x16x16x1_SN_GLVWA4_GLVWB4_GRVW4_K1_SS0_SVW4_WSGRA0_WSGRB0,NO_CHECK,89.041,48235.8,,1,16,32,1,1,1,1,69206016,2097152,,,,,,,,,,2026-04-19 00:04:29.
0,39/44,13/47,Contraction_l_Alik_Bjlk_Cijk_Dijk,"(512,4096,1,1024)",Cijk_Alik_Bjlk_B8B8S_BH_GB_MT64x64x32_MI16x16x16x1_SN_GLVWA8_GLVWB8_GRVW8_K1_SS0_SVW4_WSGRA0_WSGRB0,NO_CHECK,78.681,54587.1,,1,16,32,1,1,1,1,69206016,2097152,,,,,,,,,,2026-04-19 00:04:29.
0,39/44,14/47,Contraction_l_Alik_Bjlk_Cijk_Dijk,"(512,4096,1,1024)",Cijk_Alik_Bjlk_B8B8S_BH_GB_MT64x64x32_MI16x16x16x1_SN_GLVWA16_GLVWB16_GRVW16_K1_SS0_SVW4_WSGRA0_WSGRB0,NO_CHECK,78.201,54922.2,,1,16,32,1,1,1,1,69206016,2097152,,,,,,,,,,2026-04-19 00:04:29.
0,39/44,15/47,Contraction_l_Alik_Bjlk_Cijk_Dijk,"(512,4096,1,1024)",Cijk_Alik_Bjlk_B8B8S_BH_GB_MT64x64x32_MI16x16x16x1_SN_GLVWA4_GLVWB4_GRVW4_K1_SS0_SVW4_WSGRA1_WSGRB0,NO_CHECK,88.401,48585.1,,1,16,32,1,1,1,1,69206016,2097152,,,,,,,,,,2026-04-19 00:04:29.
0,39/44,16/47,Contraction_l_Alik_Bjlk_Cijk_Dijk,"(512,4096,1,1024)",Cijk_Alik_Bjlk_B8B8S_BH_GB_MT64x64x32_MI16x16x16x1_SN_GLVWA8_GLVWB8_GRVW8_K1_SS0_SVW4_WSGRA1_WSGRB0,NO_CHECK,87.081,49321.5,,1,16,32,1,1,1,1,69206016,2097152,,,,,,,,,,2026-04-19 00:04:29.
0,39/44,17/47,Contraction_l_Alik_Bjlk_Cijk_Dijk,"(512,4096,1,1024)",Cijk_Alik_Bjlk_B8B8S_BH_GB_MT64x64x32_MI16x16x16x1_SN_GLVWA16_GLVWB16_GRVW16_K1_SS0_SVW4_WSGRA1_WSGRB0,NO_CHECK,77.721,55261.3,,1,16,32,1,1,1,1,69206016,2097152,,,,,,,,,,2026-04-19 00:04:29.
0,39/44,18/47,Contraction_l_Alik_Bjlk_Cijk_Dijk,"(512,4096,1,1024)",Cijk_Alik_Bjlk_B8B8S_BH_GB_MT64x64x32_MI16x16x16x1_SN_GLVWA4_GLVWB4_GRVW4_K1_SS0_SVW4_WSGRA0_WSGRB1,NO_CHECK,88.121,48739.4,,1,16,32,1,1,1,1,69206016,2097152,,,,,,,,,,2026-04-19 00:04:29.
0,39/44,19/47,Contraction_l_Alik_Bjlk_Cijk_Dijk,"(512,4096,1,1024)",Cijk_Alik_Bjlk_B8B8S_BH_GB_MT64x64x32_MI16x16x16x1_SN_GLVWA8_GLVWB8_GRVW8_K1_SS0_SVW4_WSGRA0_WSGRB1,NO_CHECK,78.961,54393.5,,1,16,32,1,1,1,1,69206016,2097152,,,,,,,,,,2026-04-19 00:04:29.
0,39/44,20/47,Contraction_l_Alik_Bjlk_Cijk_Dijk,"(512,4096,1,1024)",Cijk_Alik_Bjlk_B8B8S_BH_GB_MT64x64x32_MI16x16x16x1_SN_GLVWA16_GLVWB16_GRVW16_K1_SS0_SVW4_WSGRA0_WSGRB1,NO_CHECK,77.681,55289.8,,1,16,32,1,1,1,1,69206016,2097152,,,,,,,,,,2026-04-19 00:04:29.
0,39/44,21/47,Contraction_l_Alik_Bjlk_Cijk_Dijk,"(512,4096,1,1024)",Cijk_Alik_Bjlk_B8B8S_BH_GB_MT64x64x32_MI16x16x16x1_SN_GLVWA4_GLVWB4_GRVW4_K1_SS0_SVW4_WSGRA1_WSGRB1,NO_CHECK,87.721,48961.7,,1,16,32,1,1,1,1,69206016,2097152,,,,,,,,,,2026-04-19 00:04:29.
0,39/44,22/47,Contraction_l_Alik_Bjlk_Cijk_Dijk,"(512,4096,1,1024)",Cijk_Alik_Bjlk_B8B8S_BH_GB_MT64x64x32_MI16x16x16x1_SN_GLVWA8_GLVWB8_GRVW8_K1_SS0_SVW4_WSGRA1_WSGRB1,NO_CHECK,78.161,54950.3,,1,16,32,1,1,1,1,69206016,2097152,,,,,,,,,,2026-04-19 00:04:29.
0,39/44,23/47,Contraction_l_Alik_Bjlk_Cijk_Dijk,"(512,4096,1,1024)",Cijk_Alik_Bjlk_B8B8S_BH_GB_MT64x64x32_MI16x16x16x1_SN_GLVWA16_GLVWB16_GRVW16_K1_SS0_SVW4_WSGRA1_WSGRB1,NO_CHECK,78.001,55063,,1,16,32,1,1,1,1,69206016,2097152,,,,,,,,,,2026-04-19 00:04:29.
0,39/44,24/47,Contraction_l_Alik_Bjlk_Cijk_Dijk,"(512,4096,1,1024)",Cijk_Alik_Bjlk_B8B8S_BH_GB_MT64x64x16_MI16x16x16x1_SN_GLVWA4_GLVWB4_GRVW4_K1_SS1_SVW1_WSGRA0_WSGRB0,NO_CHECK,88.121,48739.4,,1,16,32,1,1,1,1,69206016,2097152,,,,,,,,,,2026-04-19 00:04:29.
0,39/44,25/47,Contraction_l_Alik_Bjlk_Cijk_Dijk,"(512,4096,1,1024)",Cijk_Alik_Bjlk_B8B8S_BH_GB_MT64x64x16_MI16x16x16x1_SN_GLVWA8_GLVWB8_GRVW8_K1_SS1_SVW1_WSGRA0_WSGRB0,NO_CHECK,78.2,54922.9,,1,16,32,1,1,1,1,69206016,2097152,,,,,,,,,,2026-04-19 00:04:29.
0,39/44,26/47,Contraction_l_Alik_Bjlk_Cijk_Dijk,"(512,4096,1,1024)",Cijk_Alik_Bjlk_B8B8S_BH_GB_MT64x64x16_MI16x16x16x1_SN_GLVWA16_GLVWB16_GRVW16_K1_SS1_SVW1_WSGRA0_WSGRB0,NO_CHECK,79.281,54174,,1,16,32,1,1,1,1,69206016,2097152,,,,,,,,,,2026-04-19 00:04:29.
0,39/44,27/47,Contraction_l_Alik_Bjlk_Cijk_Dijk,"(512,4096,1,1024)",Cijk_Alik_Bjlk_B8B8S_BH_GB_MT64x64x16_MI16x16x16x1_SN_GLVWA4_GLVWB4_GRVW4_K1_SS1_SVW1_WSGRA1_WSGRB0,NO_CHECK,89.241,48127.7,,1,16,32,1,1,1,1,69206016,2097152,,,,,,,,,,2026-04-19 00:04:29.
0,39/44,28/47,Contraction_l_Alik_Bjlk_Cijk_Dijk,"(512,4096,1,1024)",Cijk_Alik_Bjlk_B8B8S_BH_GB_MT64x64x16_MI16x16x16x1_SN_GLVWA8_GLVWB8_GRVW8_K1_SS1_SVW1_WSGRA1_WSGRB0,NO_CHECK,79.441,54064.9,,1,16,32,1,1,1,1,69206016,2097152,,,,,,,,,,2026-04-19 00:04:29.
0,39/44,29/47,Contraction_l_Alik_Bjlk_Cijk_Dijk,"(512,4096,1,1024)",Cijk_Alik_Bjlk_B8B8S_BH_GB_MT64x64x16_MI16x16x16x1_SN_GLVWA16_GLVWB16_GRVW16_K1_SS1_SVW1_WSGRA1_WSGRB0,NO_CHECK,78.801,54504,,1,16,32,1,1,1,1,69206016,2097152,,,,,,,,,,2026-04-19 00:04:29.
0,39/44,30/47,Contraction_l_Alik_Bjlk_Cijk_Dijk,"(512,4096,1,1024)",Cijk_Alik_Bjlk_B8B8S_BH_GB_MT64x64x16_MI16x16x16x1_SN_GLVWA4_GLVWB4_GRVW4_K1_SS1_SVW1_WSGRA0_WSGRB1,NO_CHECK,88.641,48453.5,,1,16,32,1,1,1,1,69206016,2097152,,,,,,,,,,2026-04-19 00:04:29.
0,39/44,31/47,Contraction_l_Alik_Bjlk_Cijk_Dijk,"(512,4096,1,1024)",Cijk_Alik_Bjlk_B8B8S_BH_GB_MT64x64x16_MI16x16x16x1_SN_GLVWA8_GLVWB8_GRVW8_K1_SS1_SVW1_WSGRA0_WSGRB1,NO_CHECK,78.601,54642.7,,1,16,32,1,1,1,1,69206016,2097152,,,,,,,,,,2026-04-19 00:04:29.
0,39/44,32/47,Contraction_l_Alik_Bjlk_Cijk_Dijk,"(512,4096,1,1024)",Cijk_Alik_Bjlk_B8B8S_BH_GB_MT64x64x16_MI16x16x16x1_SN_GLVWA16_GLVWB16_GRVW16_K1_SS1_SVW1_WSGRA0_WSGRB1,NO_CHECK,86.521,49640.7,,1,16,32,1,1,1,1,69206016,2097152,,,,,,,,,,2026-04-19 00:04:29.
0,39/44,33/47,Contraction_l_Alik_Bjlk_Cijk_Dijk,"(512,4096,1,1024)",Cijk_Alik_Bjlk_B8B8S_BH_GB_MT64x64x16_MI16x16x16x1_SN_GLVWA4_GLVWB4_GRVW4_K1_SS1_SVW1_WSGRA1_WSGRB1,NO_CHECK,88.281,48651.1,,1,16,32,1,1,1,1,69206016,2097152,,,,,,,,,,2026-04-19 00:04:29.
0,39/44,34/47,Contraction_l_Alik_Bjlk_Cijk_Dijk,"(512,4096,1,1024)",Cijk_Alik_Bjlk_B8B8S_BH_GB_MT64x64x16_MI16x16x16x1_SN_GLVWA8_GLVWB8_GRVW8_K1_SS1_SVW1_WSGRA1_WSGRB1,NO_CHECK,78.321,54838,,1,16,32,1,1,1,1,69206016,2097152,,,,,,,,,,2026-04-19 00:04:29.
0,39/44,35/47,Contraction_l_Alik_Bjlk_Cijk_Dijk,"(512,4096,1,1024)",Cijk_Alik_Bjlk_B8B8S_BH_GB_MT64x64x16_MI16x16x16x1_SN_GLVWA16_GLVWB16_GRVW16_K1_SS1_SVW1_WSGRA1_WSGRB1,NO_CHECK,78.041,55034.8,,1,16,32,1,1,1,1,69206016,2097152,,,,,,,,,,2026-04-19 00:04:29.
0,39/44,36/47,Contraction_l_Alik_Bjlk_Cijk_Dijk,"(512,4096,1,1024)",Cijk_Alik_Bjlk_B8B8S_BH_GB_MT64x64x32_MI16x16x16x1_SN_GLVWA4_GLVWB4_GRVW4_K1_SS1_SVW1_WSGRA0_WSGRB0,NO_CHECK,88.001,48805.9,,1,16,32,1,1,1,1,69206016,2097152,,,,,,,,,,2026-04-19 00:04:29.
0,39/44,37/47,Contraction_l_Alik_Bjlk_Cijk_Dijk,"(512,4096,1,1024)",Cijk_Alik_Bjlk_B8B8S_BH_GB_MT64x64x32_MI16x16x16x1_SN_GLVWA8_GLVWB8_GRVW8_K1_SS1_SVW1_WSGRA0_WSGRB0,NO_CHECK,78.841,54476.3,,1,16,32,1,1,1,1,69206016,2097152,,,,,,,,,,2026-04-19 00:04:29.
0,39/44,38/47,Contraction_l_Alik_Bjlk_Cijk_Dijk,"(512,4096,1,1024)",Cijk_Alik_Bjlk_B8B8S_BH_GB_MT64x64x32_MI16x16x16x1_SN_GLVWA16_GLVWB16_GRVW16_K1_SS1_SVW1_WSGRA0_WSGRB0,NO_CHECK,78.361,54810,,1,16,32,1,1,1,1,69206016,2097152,,,,,,,,,,2026-04-19 00:04:29.
0,39/44,39/47,Contraction_l_Alik_Bjlk_Cijk_Dijk,"(512,4096,1,1024)",Cijk_Alik_Bjlk_B8B8S_BH_GB_MT64x64x32_MI16x16x16x1_SN_GLVWA4_GLVWB4_GRVW4_K1_SS1_SVW1_WSGRA1_WSGRB0,NO_CHECK,87.681,48984,,1,16,32,1,1,1,1,69206016,2097152,,,,,,,,,,2026-04-19 00:04:29.
0,39/44,40/47,Contraction_l_Alik_Bjlk_Cijk_Dijk,"(512,4096,1,1024)",Cijk_Alik_Bjlk_B8B8S_BH_GB_MT64x64x32_MI16x16x16x1_SN_GLVWA8_GLVWB8_GRVW8_K1_SS1_SVW1_WSGRA1_WSGRB0,NO_CHECK,78.361,54810,,1,16,32,1,1,1,1,69206016,2097152,,,,,,,,,,2026-04-19 00:04:29.
0,39/44,41/47,Contraction_l_Alik_Bjlk_Cijk_Dijk,"(512,4096,1,1024)",Cijk_Alik_Bjlk_B8B8S_BH_GB_MT64x64x32_MI16x16x16x1_SN_GLVWA16_GLVWB16_GRVW16_K1_SS1_SVW1_WSGRA1_WSGRB0,NO_CHECK,77.761,55232.9,,1,16,32,1,1,1,1,69206016,2097152,,,,,,,,,,2026-04-19 00:04:29.
0,39/44,42/47,Contraction_l_Alik_Bjlk_Cijk_Dijk,"(512,4096,1,1024)",Cijk_Alik_Bjlk_B8B8S_BH_GB_MT64x64x32_MI16x16x16x1_SN_GLVWA4_GLVWB4_GRVW4_K1_SS1_SVW1_WSGRA0_WSGRB1,NO_CHECK,88.201,48695.2,,1,16,32,1,1,1,1,69206016,2097152,,,,,,,,,,2026-04-19 00:04:29.
0,39/44,43/47,Contraction_l_Alik_Bjlk_Cijk_Dijk,"(512,4096,1,1024)",Cijk_Alik_Bjlk_B8B8S_BH_GB_MT64x64x32_MI16x16x16x1_SN_GLVWA8_GLVWB8_GRVW8_K1_SS1_SVW1_WSGRA0_WSGRB1,NO_CHECK,78.321,54838,,1,16,32,1,1,1,1,69206016,2097152,,,,,,,,,,2026-04-19 00:04:29.
0,39/44,44/47,Contraction_l_Alik_Bjlk_Cijk_Dijk,"(512,4096,1,1024)",Cijk_Alik_Bjlk_B8B8S_BH_GB_MT64x64x32_MI16x16x16x1_SN_GLVWA16_GLVWB16_GRVW16_K1_SS1_SVW1_WSGRA0_WSGRB1,NO_CHECK,78.521,54698.3,,1,16,32,1,1,1,1,69206016,2097152,,,,,,,,,,2026-04-19 00:04:29.
0,39/44,45/47,Contraction_l_Alik_Bjlk_Cijk_Dijk,"(512,4096,1,1024)",Cijk_Alik_Bjlk_B8B8S_BH_GB_MT64x64x32_MI16x16x16x1_SN_GLVWA4_GLVWB4_GRVW4_K1_SS1_SVW1_WSGRA1_WSGRB1,NO_CHECK,88.841,48344.4,,1,16,32,1,1,1,1,69206016,2097152,,,,,,,,,,2026-04-19 00:04:29.
0,39/44,46/47,Contraction_l_Alik_Bjlk_Cijk_Dijk,"(512,4096,1,1024)",Cijk_Alik_Bjlk_B8B8S_BH_GB_MT64x64x32_MI16x16x16x1_SN_GLVWA8_GLVWB8_GRVW8_K1_SS1_SVW1_WSGRA1_WSGRB1,NO_CHECK,79.561,53983.3,,1,16,32,1,1,1,1,69206016,2097152,,,,,,,,,,2026-04-19 00:04:29.
0,39/44,47/47,Contraction_l_Alik_Bjlk_Cijk_Dijk,"(512,4096,1,1024)",Cijk_Alik_Bjlk_B8B8S_BH_GB_MT64x64x32_MI16x16x16x1_SN_GLVWA16_GLVWB16_GRVW16_K1_SS1_SVW1_WSGRA1_WSGRB1,NO_CHECK,79.081,54311,,1,16,32,1,1,1,1,69206016,2097152,,,,,,,,,,2026-04-19 00:04:29.
0,40/44,0/47,Contraction_l_Alik_Bjlk_Cijk_Dijk,"(512,4096,1,4096)",Cijk_Alik_Bjlk_B8B8S_BH_GB_MT64x64x16_MI16x16x16x1_SN_GLVWA4_GLVWB4_GRVW4_K1_SS0_SVW4_WSGRA0_WSGRB0,NO_CHECK,322.924,53201,,1,16,32,1,1,1,1,270532608,2097152,,,,,,,,,,2026-04-19 00:04:29.
0,40/44,1/47,Contraction_l_Alik_Bjlk_Cijk_Dijk,"(512,4096,1,4096)",Cijk_Alik_Bjlk_B8B8S_BH_GB_MT64x64x16_MI16x16x16x1_SN_GLVWA8_GLVWB8_GRVW8_K1_SS0_SVW4_WSGRA0_WSGRB0,NO_CHECK,268.804,63912.2,,1,16,32,1,1,1,1,270532608,2097152,,,,,,,,,,2026-04-19 00:04:29.
0,40/44,2/47,Contraction_l_Alik_Bjlk_Cijk_Dijk,"(512,4096,1,4096)",Cijk_Alik_Bjlk_B8B8S_BH_GB_MT64x64x16_MI16x16x16x1_SN_GLVWA16_GLVWB16_GRVW16_K1_SS0_SVW4_WSGRA0_WSGRB0,NO_CHECK,274.883,62498.8,,1,16,32,1,1,1,1,270532608,2097152,,,,,,,,,,2026-04-19 00:04:29.
0,40/44,3/47,Contraction_l_Alik_Bjlk_Cijk_Dijk,"(512,4096,1,4096)",Cijk_Alik_Bjlk_B8B8S_BH_GB_MT64x64x16_MI16x16x16x1_SN_GLVWA4_GLVWB4_GRVW4_K1_SS0_SVW4_WSGRA1_WSGRB0,NO_CHECK,310.204,55382.5,,1,16,32,1,1,1,1,270532608,2097152,,,,,,,,,,2026-04-19 00:04:29.
0,40/44,4/47,Contraction_l_Alik_Bjlk_Cijk_Dijk,"(512,4096,1,4096)",Cijk_Alik_Bjlk_B8B8S_BH_GB_MT64x64x16_MI16x16x16x1_SN_GLVWA8_GLVWB8_GRVW8_K1_SS0_SVW4_WSGRA1_WSGRB0,NO_CHECK,272.243,63104.9,,1,16,32,1,1,1,1,270532608,2097152,,,,,,,,,,2026-04-19 00:04:29.
0,40/44,5/47,Contraction_l_Alik_Bjlk_Cijk_Dijk,"(512,4096,1,4096)",Cijk_Alik_Bjlk_B8B8S_BH_GB_MT64x64x16_MI16x16x16x1_SN_GLVWA16_GLVWB16_GRVW16_K1_SS0_SVW4_WSGRA1_WSGRB0,NO_CHECK,282.324,60851.6,,1,16,32,1,1,1,1,270532608,2097152,,,,,,,,,,2026-04-19 00:04:29.
0,40/44,6/47,Contraction_l_Alik_Bjlk_Cijk_Dijk,"(512,4096,1,4096)",Cijk_Alik_Bjlk_B8B8S_BH_GB_MT64x64x16_MI16x16x16x1_SN_GLVWA4_GLVWB4_GRVW4_K1_SS0_SVW4_WSGRA0_WSGRB1,NO_CHECK,312.524,54971.4,,1,16,32,1,1,1,1,270532608,2097152,,,,,,,,,,2026-04-19 00:04:29.
0,40/44,7/47,Contraction_l_Alik_Bjlk_Cijk_Dijk,"(512,4096,1,4096)",Cijk_Alik_Bjlk_B8B8S_BH_GB_MT64x64x16_MI16x16x16x1_SN_GLVWA8_GLVWB8_GRVW8_K1_SS0_SVW4_WSGRA0_WSGRB1,NO_CHECK,266.443,64478.6,,1,16,32,1,1,1,1,270532608,2097152,,,,,,,,,,2026-04-19 00:04:29.
0,40/44,8/47,Contraction_l_Alik_Bjlk_Cijk_Dijk,"(512,4096,1,4096)",Cijk_Alik_Bjlk_B8B8S_BH_GB_MT64x64x16_MI16x16x16x1_SN_GLVWA16_GLVWB16_GRVW16_K1_SS0_SVW4_WSGRA0_WSGRB1,NO_CHECK,270.723,63459.2,,1,16,32,1,1,1,1,270532608,2097152,,,,,,,,,,2026-04-19 00:04:29.
0,40/44,9/47,Contraction_l_Alik_Bjlk_Cijk_Dijk,"(512,4096,1,4096)",Cijk_Alik_Bjlk_B8B8S_BH_GB_MT64x64x16_MI16x16x16x1_SN_GLVWA4_GLVWB4_GRVW4_K1_SS0_SVW4_WSGRA1_WSGRB1,NO_CHECK,305.603,56216.3,,1,16,32,1,1,1,1,270532608,2097152,,,,,,,,,,2026-04-19 00:04:29.
0,40/44,10/47,Contraction_l_Alik_Bjlk_Cijk_Dijk,"(512,4096,1,4096)",Cijk_Alik_Bjlk_B8B8S_BH_GB_MT64x64x16_MI16x16x16x1_SN_GLVWA8_GLVWB8_GRVW8_K1_SS0_SVW4_WSGRA1_WSGRB1,NO_CHECK,270.963,63403,,1,16,32,1,1,1,1,270532608,2097152,,,,,,,,,,2026-04-19 00:04:29.
0,40/44,11/47,Contraction_l_Alik_Bjlk_Cijk_Dijk,"(512,4096,1,4096)",Cijk_Alik_Bjlk_B8B8S_BH_GB_MT64x64x16_MI16x16x16x1_SN_GLVWA16_GLVWB16_GRVW16_K1_SS0_SVW4_WSGRA1_WSGRB1,NO_CHECK,264.323,64995.7,,1,16,32,1,1,1,1,270532608,2097152,,,,,,,,,,2026-04-19 00:04:29.
0,40/44,12/47,Contraction_l_Alik_Bjlk_Cijk_Dijk,"(512,4096,1,4096)",Cijk_Alik_Bjlk_B8B8S_BH_GB_MT64x64x32_MI16x16x16x1_SN_GLVWA4_GLVWB4_GRVW4_K1_SS0_SVW4_WSGRA0_WSGRB0,NO_CHECK,300.364,57196.8,,1,16,32,1,1,1,1,270532608,2097152,,,,,,,,,,2026-04-19 00:04:29.
0,40/44,13/47,Contraction_l_Alik_Bjlk_Cijk_Dijk,"(512,4096,1,4096)",Cijk_Alik_Bjlk_B8B8S_BH_GB_MT64x64x32_MI16x16x16x1_SN_GLVWA8_GLVWB8_GRVW8_K1_SS0_SVW4_WSGRA0_WSGRB0,NO_CHECK,259.443,66218.3,,1,16,32,1,1,1,1,270532608,2097152,,,,,,,,,,2026-04-19 00:04:29.
0,40/44,14/47,Contraction_l_Alik_Bjlk_Cijk_Dijk,"(512,4096,1,4096)",Cijk_Alik_Bjlk_B8B8S_BH_GB_MT64x64x32_MI16x16x16x1_SN_GLVWA16_GLVWB16_GRVW16_K1_SS0_SVW4_WSGRA0_WSGRB0,NO_CHECK,261.203,65772.1,,1,16,32,1,1,1,1,270532608,2097152,,,,,,,,,,2026-04-19 00:04:29.
0,40/44,15/47,Contraction_l_Alik_Bjlk_Cijk_Dijk,"(512,4096,1,4096)",Cijk_Alik_Bjlk_B8B8S_BH_GB_MT64x64x32_MI16x16x16x1_SN_GLVWA4_GLVWB4_GRVW4_K1_SS0_SVW4_WSGRA1_WSGRB0,NO_CHECK,296.964,57851.7,,1,16,32,1,1,1,1,270532608,2097152,,,,,,,,,,2026-04-19 00:04:29.
0,40/44,16/47,Contraction_l_Alik_Bjlk_Cijk_Dijk,"(512,4096,1,4096)",Cijk_Alik_Bjlk_B8B8S_BH_GB_MT64x64x32_MI16x16x16x1_SN_GLVWA8_GLVWB8_GRVW8_K1_SS0_SVW4_WSGRA1_WSGRB0,NO_CHECK,260.723,65893.2,,1,16,32,1,1,1,1,270532608,2097152,,,,,,,,,,2026-04-19 00:04:29.
0,40/44,17/47,Contraction_l_Alik_Bjlk_Cijk_Dijk,"(512,4096,1,4096)",Cijk_Alik_Bjlk_B8B8S_BH_GB_MT64x64x32_MI16x16x16x1_SN_GLVWA16_GLVWB16_GRVW16_K1_SS0_SVW4_WSGRA1_WSGRB0,NO_CHECK,256.243,67045.2,,1,16,32,1,1,1,1,270532608,2097152,,,,,,,,,,2026-04-19 00:04:29.
0,40/44,18/47,Contraction_l_Alik_Bjlk_Cijk_Dijk,"(512,4096,1,4096)",Cijk_Alik_Bjlk_B8B8S_BH_GB_MT64x64x32_MI16x16x16x1_SN_GLVWA4_GLVWB4_GRVW4_K1_SS0_SVW4_WSGRA0_WSGRB1,NO_CHECK,298.243,57603.6,,1,16,32,1,1,1,1,270532608,2097152,,,,,,,,,,2026-04-19 00:04:29.
0,40/44,19/47,Contraction_l_Alik_Bjlk_Cijk_Dijk,"(512,4096,1,4096)",Cijk_Alik_Bjlk_B8B8S_BH_GB_MT64x64x32_MI16x16x16x1_SN_GLVWA8_GLVWB8_GRVW8_K1_SS0_SVW4_WSGRA0_WSGRB1,NO_CHECK,257.883,66618.8,,1,16,32,1,1,1,1,270532608,2097152,,,,,,,,,,2026-04-19 00:04:29.
0,40/44,20/47,Contraction_l_Alik_Bjlk_Cijk_Dijk,"(512,4096,1,4096)",Cijk_Alik_Bjlk_B8B8S_BH_GB_MT64x64x32_MI16x16x16x1_SN_GLVWA16_GLVWB16_GRVW16_K1_SS0_SVW4_WSGRA0_WSGRB1,NO_CHECK,259.403,66228.5,,1,16,32,1,1,1,1,270532608,2097152,,,,,,,,,,2026-04-19 00:04:29.
0,40/44,21/47,Contraction_l_Alik_Bjlk_Cijk_Dijk,"(512,4096,1,4096)",Cijk_Alik_Bjlk_B8B8S_BH_GB_MT64x64x32_MI16x16x16x1_SN_GLVWA4_GLVWB4_GRVW4_K1_SS0_SVW4_WSGRA1_WSGRB1,NO_CHECK,295.004,58236.1,,1,16,32,1,1,1,1,270532608,2097152,,,,,,,,,,2026-04-19 00:04:29.
0,40/44,22/47,Contraction_l_Alik_Bjlk_Cijk_Dijk,"(512,4096,1,4096)",Cijk_Alik_Bjlk_B8B8S_BH_GB_MT64x64x32_MI16x16x16x1_SN_GLVWA8_GLVWB8_GRVW8_K1_SS0_SVW4_WSGRA1_WSGRB1,NO_CHECK,259.963,66085.8,,1,16,32,1,1,1,1,270532608,2097152,,,,,,,,,,2026-04-19 00:04:29.
0,40/44,23/47,Contraction_l_Alik_Bjlk_Cijk_Dijk,"(512,4096,1,4096)",Cijk_Alik_Bjlk_B8B8S_BH_GB_MT64x64x32_MI16x16x16x1_SN_GLVWA16_GLVWB16_GRVW16_K1_SS0_SVW4_WSGRA1_WSGRB1,NO_CHECK,254.083,67615.2,,1,16,32,1,1,1,1,270532608,2097152,,,,,,,,,,2026-04-19 00:04:29.
0,40/44,24/47,Contraction_l_Alik_Bjlk_Cijk_Dijk,"(512,4096,1,4096)",Cijk_Alik_Bjlk_B8B8S_BH_GB_MT64x64x16_MI16x16x16x1_SN_GLVWA4_GLVWB4_GRVW4_K1_SS1_SVW1_WSGRA0_WSGRB0,NO_CHECK,304.404,56437.7,,1,16,32,1,1,1,1,270532608,2097152,,,,,,,,,,2026-04-19 00:04:29.
0,40/44,25/47,Contraction_l_Alik_Bjlk_Cijk_Dijk,"(512,4096,1,4096)",Cijk_Alik_Bjlk_B8B8S_BH_GB_MT64x64x16_MI16x16x16x1_SN_GLVWA8_GLVWB8_GRVW8_K1_SS1_SVW1_WSGRA0_WSGRB0,NO_CHECK,262.283,65501.3,,1,16,32,1,1,1,1,270532608,2097152,,,,,,,,,,2026-04-19 00:04:29.
0,40/44,26/47,Contraction_l_Alik_Bjlk_Cijk_Dijk,"(512,4096,1,4096)",Cijk_Alik_Bjlk_B8B8S_BH_GB_MT64x64x16_MI16x16x16x1_SN_GLVWA16_GLVWB16_GRVW16_K1_SS1_SVW1_WSGRA0_WSGRB0,NO_CHECK,265.323,64750.8,,1,16,32,1,1,1,1,270532608,2097152,,,,,,,,,,2026-04-19 00:04:29.
0,40/44,27/47,Contraction_l_Alik_Bjlk_Cijk_Dijk,"(512,4096,1,4096)",Cijk_Alik_Bjlk_B8B8S_BH_GB_MT64x64x16_MI16x16x16x1_SN_GLVWA4_GLVWB4_GRVW4_K1_SS1_SVW1_WSGRA1_WSGRB0,NO_CHECK,298.243,57603.6,,1,16,32,1,1,1,1,270532608,2097152,,,,,,,,,,2026-04-19 00:04:29.
0,40/44,28/47,Contraction_l_Alik_Bjlk_Cijk_Dijk,"(512,4096,1,4096)",Cijk_Alik_Bjlk_B8B8S_BH_GB_MT64x64x16_MI16x16x16x1_SN_GLVWA8_GLVWB8_GRVW8_K1_SS1_SVW1_WSGRA1_WSGRB0,NO_CHECK,265.603,64682.5,,1,16,32,1,1,1,1,270532608,2097152,,,,,,,,,,2026-04-19 00:04:29.
0,40/44,29/47,Contraction_l_Alik_Bjlk_Cijk_Dijk,"(512,4096,1,4096)",Cijk_Alik_Bjlk_B8B8S_BH_GB_MT64x64x16_MI16x16x16x1_SN_GLVWA16_GLVWB16_GRVW16_K1_SS1_SVW1_WSGRA1_WSGRB0,NO_CHECK,263.043,65312,,1,16,32,1,1,1,1,270532608,2097152,,,,,,,,,,2026-04-19 00:04:29.
0,40/44,30/47,Contraction_l_Alik_Bjlk_Cijk_Dijk,"(512,4096,1,4096)",Cijk_Alik_Bjlk_B8B8S_BH_GB_MT64x64x16_MI16x16x16x1_SN_GLVWA4_GLVWB4_GRVW4_K1_SS1_SVW1_WSGRA0_WSGRB1,NO_CHECK,305.603,56216.3,,1,16,32,1,1,1,1,270532608,2097152,,,,,,,,,,2026-04-19 00:04:29.
0,40/44,31/47,Contraction_l_Alik_Bjlk_Cijk_Dijk,"(512,4096,1,4096)",Cijk_Alik_Bjlk_B8B8S_BH_GB_MT64x64x16_MI16x16x16x1_SN_GLVWA8_GLVWB8_GRVW8_K1_SS1_SVW1_WSGRA0_WSGRB1,NO_CHECK,263.603,65173.3,,1,16,32,1,1,1,1,270532608,2097152,,,,,,,,,,2026-04-19 00:04:29.
0,40/44,32/47,Contraction_l_Alik_Bjlk_Cijk_Dijk,"(512,4096,1,4096)",Cijk_Alik_Bjlk_B8B8S_BH_GB_MT64x64x16_MI16x16x16x1_SN_GLVWA16_GLVWB16_GRVW16_K1_SS1_SVW1_WSGRA0_WSGRB1,NO_CHECK,276.683,62092.2,,1,16,32,1,1,1,1,270532608,2097152,,,,,,,,,,2026-04-19 00:04:29.
0,40/44,33/47,Contraction_l_Alik_Bjlk_Cijk_Dijk,"(512,4096,1,4096)",Cijk_Alik_Bjlk_B8B8S_BH_GB_MT64x64x16_MI16x16x16x1_SN_GLVWA4_GLVWB4_GRVW4_K1_SS1_SVW1_WSGRA1_WSGRB1,NO_CHECK,300.604,57151.2,,1,16,32,1,1,1,1,270532608,2097152,,,,,,,,,,2026-04-19 00:04:29.
0,40/44,34/47,Contraction_l_Alik_Bjlk_Cijk_Dijk,"(512,4096,1,4096)",Cijk_Alik_Bjlk_B8B8S_BH_GB_MT64x64x16_MI16x16x16x1_SN_GLVWA8_GLVWB8_GRVW8_K1_SS1_SVW1_WSGRA1_WSGRB1,NO_CHECK,269.083,63846,,1,16,32,1,1,1,1,270532608,2097152,,,,,,,,,,2026-04-19 00:04:29.
0,40/44,35/47,Contraction_l_Alik_Bjlk_Cijk_Dijk,"(512,4096,1,4096)",Cijk_Alik_Bjlk_B8B8S_BH_GB_MT64x64x16_MI16x16x16x1_SN_GLVWA16_GLVWB16_GRVW16_K1_SS1_SVW1_WSGRA1_WSGRB1,NO_CHECK,263.723,65143.6,,1,16,32,1,1,1,1,270532608,2097152,,,,,,,,,,2026-04-19 00:04:29.
0,40/44,36/47,Contraction_l_Alik_Bjlk_Cijk_Dijk,"(512,4096,1,4096)",Cijk_Alik_Bjlk_B8B8S_BH_GB_MT64x64x32_MI16x16x16x1_SN_GLVWA4_GLVWB4_GRVW4_K1_SS1_SVW1_WSGRA0_WSGRB0,NO_CHECK,296.084,58023.6,,1,16,32,1,1,1,1,270532608,2097152,,,,,,,,,,2026-04-19 00:04:29.
0,40/44,37/47,Contraction_l_Alik_Bjlk_Cijk_Dijk,"(512,4096,1,4096)",Cijk_Alik_Bjlk_B8B8S_BH_GB_MT64x64x32_MI16x16x16x1_SN_GLVWA8_GLVWB8_GRVW8_K1_SS1_SVW1_WSGRA0_WSGRB0,NO_CHECK,257.643,66680.9,,1,16,32,1,1,1,1,270532608,2097152,,,,,,,,,,2026-04-19 00:04:29.
0,40/44,38/47,Contraction_l_Alik_Bjlk_Cijk_Dijk,"(512,4096,1,4096)",Cijk_Alik_Bjlk_B8B8S_BH_GB_MT64x64x32_MI16x16x16x1_SN_GLVWA16_GLVWB16_GRVW16_K1_SS1_SVW1_WSGRA0_WSGRB0,NO_CHECK,258.883,66361.5,,1,16,32,1,1,1,1,270532608,2097152,,,,,,,,,,2026-04-19 00:04:29.
0,40/44,39/47,Contraction_l_Alik_Bjlk_Cijk_Dijk,"(512,4096,1,4096)",Cijk_Alik_Bjlk_B8B8S_BH_GB_MT64x64x32_MI16x16x16x1_SN_GLVWA4_GLVWB4_GRVW4_K1_SS1_SVW1_WSGRA1_WSGRB0,NO_CHECK,295.083,58220.5,,1,16,32,1,1,1,1,270532608,2097152,,,,,,,,,,2026-04-19 00:04:29.
0,40/44,40/47,Contraction_l_Alik_Bjlk_Cijk_Dijk,"(512,4096,1,4096)",Cijk_Alik_Bjlk_B8B8S_BH_GB_MT64x64x32_MI16x16x16x1_SN_GLVWA8_GLVWB8_GRVW8_K1_SS1_SVW1_WSGRA1_WSGRB0,NO_CHECK,259.163,66289.8,,1,16,32,1,1,1,1,270532608,2097152,,,,,,,,,,2026-04-19 00:04:29.
0,40/44,41/47,Contraction_l_Alik_Bjlk_Cijk_Dijk,"(512,4096,1,4096)",Cijk_Alik_Bjlk_B8B8S_BH_GB_MT64x64x32_MI16x16x16x1_SN_GLVWA16_GLVWB16_GRVW16_K1_SS1_SVW1_WSGRA1_WSGRB0,NO_CHECK,255.603,67213.1,,1,16,32,1,1,1,1,270532608,2097152,,,,,,,,,,2026-04-19 00:04:29.
0,40/44,42/47,Contraction_l_Alik_Bjlk_Cijk_Dijk,"(512,4096,1,4096)",Cijk_Alik_Bjlk_B8B8S_BH_GB_MT64x64x32_MI16x16x16x1_SN_GLVWA4_GLVWB4_GRVW4_K1_SS1_SVW1_WSGRA0_WSGRB1,NO_CHECK,295.564,58125.7,,1,16,32,1,1,1,1,270532608,2097152,,,,,,,,,,2026-04-19 00:04:29.
0,40/44,43/47,Contraction_l_Alik_Bjlk_Cijk_Dijk,"(512,4096,1,4096)",Cijk_Alik_Bjlk_B8B8S_BH_GB_MT64x64x32_MI16x16x16x1_SN_GLVWA8_GLVWB8_GRVW8_K1_SS1_SVW1_WSGRA0_WSGRB1,NO_CHECK,255.843,67150,,1,16,32,1,1,1,1,270532608,2097152,,,,,,,,,,2026-04-19 00:04:29.
0,40/44,44/47,Contraction_l_Alik_Bjlk_Cijk_Dijk,"(512,4096,1,4096)",Cijk_Alik_Bjlk_B8B8S_BH_GB_MT64x64x32_MI16x16x16x1_SN_GLVWA16_GLVWB16_GRVW16_K1_SS1_SVW1_WSGRA0_WSGRB1,NO_CHECK,257.443,66732.7,,1,16,32,1,1,1,1,270532608,2097152,,,,,,,,,,2026-04-19 00:04:29.
0,40/44,45/47,Contraction_l_Alik_Bjlk_Cijk_Dijk,"(512,4096,1,4096)",Cijk_Alik_Bjlk_B8B8S_BH_GB_MT64x64x32_MI16x16x16x1_SN_GLVWA4_GLVWB4_GRVW4_K1_SS1_SVW1_WSGRA1_WSGRB1,NO_CHECK,297.203,57805.2,,1,16,32,1,1,1,1,270532608,2097152,,,,,,,,,,2026-04-19 00:04:29.
0,40/44,46/47,Contraction_l_Alik_Bjlk_Cijk_Dijk,"(512,4096,1,4096)",Cijk_Alik_Bjlk_B8B8S_BH_GB_MT64x64x32_MI16x16x16x1_SN_GLVWA8_GLVWB8_GRVW8_K1_SS1_SVW1_WSGRA1_WSGRB1,NO_CHECK,260.403,65974.2,,1,16,32,1,1,1,1,270532608,2097152,,,,,,,,,,2026-04-19 00:04:29.
0,40/44,47/47,Contraction_l_Alik_Bjlk_Cijk_Dijk,"(512,4096,1,4096)",Cijk_Alik_Bjlk_B8B8S_BH_GB_MT64x64x32_MI16x16x16x1_SN_GLVWA16_GLVWB16_GRVW16_K1_SS1_SVW1_WSGRA1_WSGRB1,NO_CHECK,256.563,66961.6,,1,16,32,1,1,1,1,270532608,2097152,,,,,,,,,,2026-04-19 00:04:29.
0,41/44,0/47,Contraction_l_Alik_Bjlk_Cijk_Dijk,"(512,4096,1,8192)",Cijk_Alik_Bjlk_B8B8S_BH_GB_MT64x64x16_MI16x16x16x1_SN_GLVWA4_GLVWB4_GRVW4_K1_SS0_SVW4_WSGRA0_WSGRB0,NO_CHECK,589.606,58275.8,,1,16,32,1,1,1,1,538968064,2097152,,,,,,,,,,2026-04-19 00:04:29.
0,41/44,1/47,Contraction_l_Alik_Bjlk_Cijk_Dijk,"(512,4096,1,8192)",Cijk_Alik_Bjlk_B8B8S_BH_GB_MT64x64x16_MI16x16x16x1_SN_GLVWA8_GLVWB8_GRVW8_K1_SS0_SVW4_WSGRA0_WSGRB0,NO_CHECK,510.686,67281.5,,1,16,32,1,1,1,1,538968064,2097152,,,,,,,,,,2026-04-19 00:04:29.
0,41/44,2/47,Contraction_l_Alik_Bjlk_Cijk_Dijk,"(512,4096,1,8192)",Cijk_Alik_Bjlk_B8B8S_BH_GB_MT64x64x16_MI16x16x16x1_SN_GLVWA16_GLVWB16_GRVW16_K1_SS0_SVW4_WSGRA0_WSGRB0,NO_CHECK,511.006,67239.4,,1,16,32,1,1,1,1,538968064,2097152,,,,,,,,,,2026-04-19 00:04:29.
0,41/44,3/47,Contraction_l_Alik_Bjlk_Cijk_Dijk,"(512,4096,1,8192)",Cijk_Alik_Bjlk_B8B8S_BH_GB_MT64x64x16_MI16x16x16x1_SN_GLVWA4_GLVWB4_GRVW4_K1_SS0_SVW4_WSGRA1_WSGRB0,NO_CHECK,590.486,58188.9,,1,16,32,1,1,1,1,538968064,2097152,,,,,,,,,,2026-04-19 00:04:29.
0,41/44,4/47,Contraction_l_Alik_Bjlk_Cijk_Dijk,"(512,4096,1,8192)",Cijk_Alik_Bjlk_B8B8S_BH_GB_MT64x64x16_MI16x16x16x1_SN_GLVWA8_GLVWB8_GRVW8_K1_SS0_SVW4_WSGRA1_WSGRB0,NO_CHECK,507.126,67753.9,,1,16,32,1,1,1,1,538968064,2097152,,,,,,,,,,2026-04-19 00:04:30.
0,41/44,5/47,Contraction_l_Alik_Bjlk_Cijk_Dijk,"(512,4096,1,8192)",Cijk_Alik_Bjlk_B8B8S_BH_GB_MT64x64x16_MI16x16x16x1_SN_GLVWA16_GLVWB16_GRVW16_K1_SS0_SVW4_WSGRA1_WSGRB0,NO_CHECK,507.126,67753.9,,1,16,32,1,1,1,1,538968064,2097152,,,,,,,,,,2026-04-19 00:04:30.
0,41/44,6/47,Contraction_l_Alik_Bjlk_Cijk_Dijk,"(512,4096,1,8192)",Cijk_Alik_Bjlk_B8B8S_BH_GB_MT64x64x16_MI16x16x16x1_SN_GLVWA4_GLVWB4_GRVW4_K1_SS0_SVW4_WSGRA0_WSGRB1,NO_CHECK,586.366,58597.8,,1,16,32,1,1,1,1,538968064,2097152,,,,,,,,,,2026-04-19 00:04:30.
0,41/44,7/47,Contraction_l_Alik_Bjlk_Cijk_Dijk,"(512,4096,1,8192)",Cijk_Alik_Bjlk_B8B8S_BH_GB_MT64x64x16_MI16x16x16x1_SN_GLVWA8_GLVWB8_GRVW8_K1_SS0_SVW4_WSGRA0_WSGRB1,NO_CHECK,508.766,67535.4,,1,16,32,1,1,1,1,538968064,2097152,,,,,,,,,,2026-04-19 00:04:30.
0,41/44,8/47,Contraction_l_Alik_Bjlk_Cijk_Dijk,"(512,4096,1,8192)",Cijk_Alik_Bjlk_B8B8S_BH_GB_MT64x64x16_MI16x16x16x1_SN_GLVWA16_GLVWB16_GRVW16_K1_SS0_SVW4_WSGRA0_WSGRB1,NO_CHECK,496.206,69244.9,,1,16,32,1,1,1,1,538968064,2097152,,,,,,,,,,2026-04-19 00:04:30.
0,41/44,9/47,Contraction_l_Alik_Bjlk_Cijk_Dijk,"(512,4096,1,8192)",Cijk_Alik_Bjlk_B8B8S_BH_GB_MT64x64x16_MI16x16x16x1_SN_GLVWA4_GLVWB4_GRVW4_K1_SS0_SVW4_WSGRA1_WSGRB1,NO_CHECK,575.767,59676.5,,1,16,32,1,1,1,1,538968064,2097152,,,,,,,,,,2026-04-19 00:04:30.
0,41/44,10/47,Contraction_l_Alik_Bjlk_Cijk_Dijk,"(512,4096,1,8192)",Cijk_Alik_Bjlk_B8B8S_BH_GB_MT64x64x16_MI16x16x16x1_SN_GLVWA8_GLVWB8_GRVW8_K1_SS0_SVW4_WSGRA1_WSGRB1,NO_CHECK,495.646,69323.1,,1,16,32,1,1,1,1,538968064,2097152,,,,,,,,,,2026-04-19 00:04:30.
0,41/44,11/47,Contraction_l_Alik_Bjlk_Cijk_Dijk,"(512,4096,1,8192)",Cijk_Alik_Bjlk_B8B8S_BH_GB_MT64x64x16_MI16x16x16x1_SN_GLVWA16_GLVWB16_GRVW16_K1_SS0_SVW4_WSGRA1_WSGRB1,NO_CHECK,510.966,67244.7,,1,16,32,1,1,1,1,538968064,2097152,,,,,,,,,,2026-04-19 00:04:30.
0,41/44,12/47,Contraction_l_Alik_Bjlk_Cijk_Dijk,"(512,4096,1,8192)",Cijk_Alik_Bjlk_B8B8S_BH_GB_MT64x64x32_MI16x16x16x1_SN_GLVWA4_GLVWB4_GRVW4_K1_SS0_SVW4_WSGRA0_WSGRB0,NO_CHECK,563.926,60929.5,,1,16,32,1,1,1,1,538968064,2097152,,,,,,,,,,2026-04-19 00:04:30.
0,41/44,13/47,Contraction_l_Alik_Bjlk_Cijk_Dijk,"(512,4096,1,8192)",Cijk_Alik_Bjlk_B8B8S_BH_GB_MT64x64x32_MI16x16x16x1_SN_GLVWA8_GLVWB8_GRVW8_K1_SS0_SVW4_WSGRA0_WSGRB0,NO_CHECK,493.286,69654.8,,1,16,32,1,1,1,1,538968064,2097152,,,,,,,,,,2026-04-19 00:04:30.
0,41/44,14/47,Contraction_l_Alik_Bjlk_Cijk_Dijk,"(512,4096,1,8192)",Cijk_Alik_Bjlk_B8B8S_BH_GB_MT64x64x32_MI16x16x16x1_SN_GLVWA16_GLVWB16_GRVW16_K1_SS0_SVW4_WSGRA0_WSGRB0,NO_CHECK,489.126,70247.2,,1,16,32,1,1,1,1,538968064,2097152,,,,,,,,,,2026-04-19 00:04:30.
0,41/44,15/47,Contraction_l_Alik_Bjlk_Cijk_Dijk,"(512,4096,1,8192)",Cijk_Alik_Bjlk_B8B8S_BH_GB_MT64x64x32_MI16x16x16x1_SN_GLVWA4_GLVWB4_GRVW4_K1_SS0_SVW4_WSGRA1_WSGRB0,NO_CHECK,568.606,60428,,1,16,32,1,1,1,1,538968064,2097152,,,,,,,,,,2026-04-19 00:04:30.
0,41/44,16/47,Contraction_l_Alik_Bjlk_Cijk_Dijk,"(512,4096,1,8192)",Cijk_Alik_Bjlk_B8B8S_BH_GB_MT64x64x32_MI16x16x16x1_SN_GLVWA8_GLVWB8_GRVW8_K1_SS0_SVW4_WSGRA1_WSGRB0,NO_CHECK,499.246,68823.3,,1,16,32,1,1,1,1,538968064,2097152,,,,,,,,,,2026-04-19 00:04:30.
0,41/44,17/47,Contraction_l_Alik_Bjlk_Cijk_Dijk,"(512,4096,1,8192)",Cijk_Alik_Bjlk_B8B8S_BH_GB_MT64x64x32_MI16x16x16x1_SN_GLVWA16_GLVWB16_GRVW16_K1_SS0_SVW4_WSGRA1_WSGRB0,NO_CHECK,489.126,70247.2,,1,16,32,1,1,1,1,538968064,2097152,,,,,,,,,,2026-04-19 00:04:30.
0,41/44,18/47,Contraction_l_Alik_Bjlk_Cijk_Dijk,"(512,4096,1,8192)",Cijk_Alik_Bjlk_B8B8S_BH_GB_MT64x64x32_MI16x16x16x1_SN_GLVWA4_GLVWB4_GRVW4_K1_SS0_SVW4_WSGRA0_WSGRB1,NO_CHECK,570.087,60271,,1,16,32,1,1,1,1,538968064,2097152,,,,,,,,,,2026-04-19 00:04:30.
0,41/44,19/47,Contraction_l_Alik_Bjlk_Cijk_Dijk,"(512,4096,1,8192)",Cijk_Alik_Bjlk_B8B8S_BH_GB_MT64x64x32_MI16x16x16x1_SN_GLVWA8_GLVWB8_GRVW8_K1_SS0_SVW4_WSGRA0_WSGRB1,NO_CHECK,495.966,69278.4,,1,16,32,1,1,1,1,538968064,2097152,,,,,,,,,,2026-04-19 00:04:30.
0,41/44,20/47,Contraction_l_Alik_Bjlk_Cijk_Dijk,"(512,4096,1,8192)",Cijk_Alik_Bjlk_B8B8S_BH_GB_MT64x64x32_MI16x16x16x1_SN_GLVWA16_GLVWB16_GRVW16_K1_SS0_SVW4_WSGRA0_WSGRB1,NO_CHECK,497.806,69022.3,,1,16,32,1,1,1,1,538968064,2097152,,,,,,,,,,2026-04-19 00:04:30.
0,41/44,21/47,Contraction_l_Alik_Bjlk_Cijk_Dijk,"(512,4096,1,8192)",Cijk_Alik_Bjlk_B8B8S_BH_GB_MT64x64x32_MI16x16x16x1_SN_GLVWA4_GLVWB4_GRVW4_K1_SS0_SVW4_WSGRA1_WSGRB1,NO_CHECK,573.166,59947.3,,1,16,32,1,1,1,1,538968064,2097152,,,,,,,,,,2026-04-19 00:04:30.
0,41/44,22/47,Contraction_l_Alik_Bjlk_Cijk_Dijk,"(512,4096,1,8192)",Cijk_Alik_Bjlk_B8B8S_BH_GB_MT64x64x32_MI16x16x16x1_SN_GLVWA8_GLVWB8_GRVW8_K1_SS0_SVW4_WSGRA1_WSGRB1,NO_CHECK,495.206,69384.7,,1,16,32,1,1,1,1,538968064,2097152,,,,,,,,,,2026-04-19 00:04:30.
0,41/44,23/47,Contraction_l_Alik_Bjlk_Cijk_Dijk,"(512,4096,1,8192)",Cijk_Alik_Bjlk_B8B8S_BH_GB_MT64x64x32_MI16x16x16x1_SN_GLVWA16_GLVWB16_GRVW16_K1_SS0_SVW4_WSGRA1_WSGRB1,NO_CHECK,492.605,69751.1,,1,16,32,1,1,1,1,538968064,2097152,,,,,,,,,,2026-04-19 00:04:30.
0,41/44,24/47,Contraction_l_Alik_Bjlk_Cijk_Dijk,"(512,4096,1,8192)",Cijk_Alik_Bjlk_B8B8S_BH_GB_MT64x64x16_MI16x16x16x1_SN_GLVWA4_GLVWB4_GRVW4_K1_SS1_SVW1_WSGRA0_WSGRB0,NO_CHECK,588.967,58339,,1,16,32,1,1,1,1,538968064,2097152,,,,,,,,,,2026-04-19 00:04:30.
0,41/44,25/47,Contraction_l_Alik_Bjlk_Cijk_Dijk,"(512,4096,1,8192)",Cijk_Alik_Bjlk_B8B8S_BH_GB_MT64x64x16_MI16x16x16x1_SN_GLVWA8_GLVWB8_GRVW8_K1_SS1_SVW1_WSGRA0_WSGRB0,NO_CHECK,511.966,67113.3,,1,16,32,1,1,1,1,538968064,2097152,,,,,,,,,,2026-04-19 00:04:30.
0,41/44,26/47,Contraction_l_Alik_Bjlk_Cijk_Dijk,"(512,4096,1,8192)",Cijk_Alik_Bjlk_B8B8S_BH_GB_MT64x64x16_MI16x16x16x1_SN_GLVWA16_GLVWB16_GRVW16_K1_SS1_SVW1_WSGRA0_WSGRB0,NO_CHECK,504.206,68146.2,,1,16,32,1,1,1,1,538968064,2097152,,,,,,,,,,2026-04-19 00:04:30.
0,41/44,27/47,Contraction_l_Alik_Bjlk_Cijk_Dijk,"(512,4096,1,8192)",Cijk_Alik_Bjlk_B8B8S_BH_GB_MT64x64x16_MI16x16x16x1_SN_GLVWA4_GLVWB4_GRVW4_K1_SS1_SVW1_WSGRA1_WSGRB0,NO_CHECK,592.127,58027.6,,1,16,32,1,1,1,1,538968064,2097152,,,,,,,,,,2026-04-19 00:04:30.
0,41/44,28/47,Contraction_l_Alik_Bjlk_Cijk_Dijk,"(512,4096,1,8192)",Cijk_Alik_Bjlk_B8B8S_BH_GB_MT64x64x16_MI16x16x16x1_SN_GLVWA8_GLVWB8_GRVW8_K1_SS1_SVW1_WSGRA1_WSGRB0,NO_CHECK,506.806,67796.6,,1,16,32,1,1,1,1,538968064,2097152,,,,,,,,,,2026-04-19 00:04:30.
0,41/44,29/47,Contraction_l_Alik_Bjlk_Cijk_Dijk,"(512,4096,1,8192)",Cijk_Alik_Bjlk_B8B8S_BH_GB_MT64x64x16_MI16x16x16x1_SN_GLVWA16_GLVWB16_GRVW16_K1_SS1_SVW1_WSGRA1_WSGRB0,NO_CHECK,509.926,67381.8,,1,16,32,1,1,1,1,538968064,2097152,,,,,,,,,,2026-04-19 00:04:30.
0,41/44,30/47,Contraction_l_Alik_Bjlk_Cijk_Dijk,"(512,4096,1,8192)",Cijk_Alik_Bjlk_B8B8S_BH_GB_MT64x64x16_MI16x16x16x1_SN_GLVWA4_GLVWB4_GRVW4_K1_SS1_SVW1_WSGRA0_WSGRB1,NO_CHECK,588.327,58402.5,,1,16,32,1,1,1,1,538968064,2097152,,,,,,,,,,2026-04-19 00:04:30.
0,41/44,31/47,Contraction_l_Alik_Bjlk_Cijk_Dijk,"(512,4096,1,8192)",Cijk_Alik_Bjlk_B8B8S_BH_GB_MT64x64x16_MI16x16x16x1_SN_GLVWA8_GLVWB8_GRVW8_K1_SS1_SVW1_WSGRA0_WSGRB1,NO_CHECK,506.046,67898.4,,1,16,32,1,1,1,1,538968064,2097152,,,,,,,,,,2026-04-19 00:04:30.
0,41/44,32/47,Contraction_l_Alik_Bjlk_Cijk_Dijk,"(512,4096,1,8192)",Cijk_Alik_Bjlk_B8B8S_BH_GB_MT64x64x16_MI16x16x16x1_SN_GLVWA16_GLVWB16_GRVW16_K1_SS1_SVW1_WSGRA0_WSGRB1,NO_CHECK,512.406,67055.7,,1,16,32,1,1,1,1,538968064,2097152,,,,,,,,,,2026-04-19 00:04:30.
0,41/44,33/47,Contraction_l_Alik_Bjlk_Cijk_Dijk,"(512,4096,1,8192)",Cijk_Alik_Bjlk_B8B8S_BH_GB_MT64x64x16_MI16x16x16x1_SN_GLVWA4_GLVWB4_GRVW4_K1_SS1_SVW1_WSGRA1_WSGRB1,NO_CHECK,587.247,58509.9,,1,16,32,1,1,1,1,538968064,2097152,,,,,,,,,,2026-04-19 00:04:30.
0,41/44,34/47,Contraction_l_Alik_Bjlk_Cijk_Dijk,"(512,4096,1,8192)",Cijk_Alik_Bjlk_B8B8S_BH_GB_MT64x64x16_MI16x16x16x1_SN_GLVWA8_GLVWB8_GRVW8_K1_SS1_SVW1_WSGRA1_WSGRB1,NO_CHECK,508.565,67562.1,,1,16,32,1,1,1,1,538968064,2097152,,,,,,,,,,2026-04-19 00:04:30.
0,41/44,35/47,Contraction_l_Alik_Bjlk_Cijk_Dijk,"(512,4096,1,8192)",Cijk_Alik_Bjlk_B8B8S_BH_GB_MT64x64x16_MI16x16x16x1_SN_GLVWA16_GLVWB16_GRVW16_K1_SS1_SVW1_WSGRA1_WSGRB1,NO_CHECK,507.606,67689.8,,1,16,32,1,1,1,1,538968064,2097152,,,,,,,,,,2026-04-19 00:04:30.
0,41/44,36/47,Contraction_l_Alik_Bjlk_Cijk_Dijk,"(512,4096,1,8192)",Cijk_Alik_Bjlk_B8B8S_BH_GB_MT64x64x32_MI16x16x16x1_SN_GLVWA4_GLVWB4_GRVW4_K1_SS1_SVW1_WSGRA0_WSGRB0,NO_CHECK,570.446,60233.1,,1,16,32,1,1,1,1,538968064,2097152,,,,,,,,,,2026-04-19 00:04:30.
0,41/44,37/47,Contraction_l_Alik_Bjlk_Cijk_Dijk,"(512,4096,1,8192)",Cijk_Alik_Bjlk_B8B8S_BH_GB_MT64x64x32_MI16x16x16x1_SN_GLVWA8_GLVWB8_GRVW8_K1_SS1_SVW1_WSGRA0_WSGRB0,NO_CHECK,496.886,69150.1,,1,16,32,1,1,1,1,538968064,2097152,,,,,,,,,,2026-04-19 00:04:30.
0,41/44,38/47,Contraction_l_Alik_Bjlk_Cijk_Dijk,"(512,4096,1,8192)",Cijk_Alik_Bjlk_B8B8S_BH_GB_MT64x64x32_MI16x16x16x1_SN_GLVWA16_GLVWB16_GRVW16_K1_SS1_SVW1_WSGRA0_WSGRB0,NO_CHECK,491.765,69870.2,,1,16,32,1,1,1,1,538968064,2097152,,,,,,,,,,2026-04-19 00:04:30.
0,41/44,39/47,Contraction_l_Alik_Bjlk_Cijk_Dijk,"(512,4096,1,8192)",Cijk_Alik_Bjlk_B8B8S_BH_GB_MT64x64x32_MI16x16x16x1_SN_GLVWA4_GLVWB4_GRVW4_K1_SS1_SVW1_WSGRA1_WSGRB0,NO_CHECK,567.007,60598.4,,1,16,32,1,1,1,1,538968064,2097152,,,,,,,,,,2026-04-19 00:04:30.
0,41/44,40/47,Contraction_l_Alik_Bjlk_Cijk_Dijk,"(512,4096,1,8192)",Cijk_Alik_Bjlk_B8B8S_BH_GB_MT64x64x32_MI16x16x16x1_SN_GLVWA8_GLVWB8_GRVW8_K1_SS1_SVW1_WSGRA1_WSGRB0,NO_CHECK,492.206,69807.6,,1,16,32,1,1,1,1,538968064,2097152,,,,,,,,,,2026-04-19 00:04:30.
0,41/44,41/47,Contraction_l_Alik_Bjlk_Cijk_Dijk,"(512,4096,1,8192)",Cijk_Alik_Bjlk_B8B8S_BH_GB_MT64x64x32_MI16x16x16x1_SN_GLVWA16_GLVWB16_GRVW16_K1_SS1_SVW1_WSGRA1_WSGRB0,NO_CHECK,497.606,69050.1,,1,16,32,1,1,1,1,538968064,2097152,,,,,,,,,,2026-04-19 00:04:30.
0,41/44,42/47,Contraction_l_Alik_Bjlk_Cijk_Dijk,"(512,4096,1,8192)",Cijk_Alik_Bjlk_B8B8S_BH_GB_MT64x64x32_MI16x16x16x1_SN_GLVWA4_GLVWB4_GRVW4_K1_SS1_SVW1_WSGRA0_WSGRB1,NO_CHECK,570.247,60254.1,,1,16,32,1,1,1,1,538968064,2097152,,,,,,,,,,2026-04-19 00:04:30.
0,41/44,43/47,Contraction_l_Alik_Bjlk_Cijk_Dijk,"(512,4096,1,8192)",Cijk_Alik_Bjlk_B8B8S_BH_GB_MT64x64x32_MI16x16x16x1_SN_GLVWA8_GLVWB8_GRVW8_K1_SS1_SVW1_WSGRA0_WSGRB1,NO_CHECK,499.565,68779.3,,1,16,32,1,1,1,1,538968064,2097152,,,,,,,,,,2026-04-19 00:04:30.
0,41/44,44/47,Contraction_l_Alik_Bjlk_Cijk_Dijk,"(512,4096,1,8192)",Cijk_Alik_Bjlk_B8B8S_BH_GB_MT64x64x32_MI16x16x16x1_SN_GLVWA16_GLVWB16_GRVW16_K1_SS1_SVW1_WSGRA0_WSGRB1,NO_CHECK,491.606,69892.8,,1,16,32,1,1,1,1,538968064,2097152,,,,,,,,,,2026-04-19 00:04:30.
0,41/44,45/47,Contraction_l_Alik_Bjlk_Cijk_Dijk,"(512,4096,1,8192)",Cijk_Alik_Bjlk_B8B8S_BH_GB_MT64x64x32_MI16x16x16x1_SN_GLVWA4_GLVWB4_GRVW4_K1_SS1_SVW1_WSGRA1_WSGRB1,NO_CHECK,573.286,59934.7,,1,16,32,1,1,1,1,538968064,2097152,,,,,,,,,,2026-04-19 00:04:30.
0,41/44,46/47,Contraction_l_Alik_Bjlk_Cijk_Dijk,"(512,4096,1,8192)",Cijk_Alik_Bjlk_B8B8S_BH_GB_MT64x64x32_MI16x16x16x1_SN_GLVWA8_GLVWB8_GRVW8_K1_SS1_SVW1_WSGRA1_WSGRB1,NO_CHECK,501.206,68554.1,,1,16,32,1,1,1,1,538968064,2097152,,,,,,,,,,2026-04-19 00:04:30.
0,41/44,47/47,Contraction_l_Alik_Bjlk_Cijk_Dijk,"(512,4096,1,8192)",Cijk_Alik_Bjlk_B8B8S_BH_GB_MT64x64x32_MI16x16x16x1_SN_GLVWA16_GLVWB16_GRVW16_K1_SS1_SVW1_WSGRA1_WSGRB1,NO_CHECK,494.125,69536.5,,1,16,32,1,1,1,1,538968064,2097152,,,,,,,,,,2026-04-19 00:04:30.
0,42/44,0/47,Contraction_l_Alik_Bjlk_Cijk_Dijk,"(512,8192,1,1024)",Cijk_Alik_Bjlk_B8B8S_BH_GB_MT64x64x16_MI16x16x16x1_SN_GLVWA4_GLVWB4_GRVW4_K1_SS0_SVW4_WSGRA0_WSGRB0,NO_CHECK,155.841,55119.9,,1,32,32,1,1,1,1,138412032,4194304,,,,,,,,,,2026-04-19 00:04:30.
0,42/44,1/47,Contraction_l_Alik_Bjlk_Cijk_Dijk,"(512,8192,1,1024)",Cijk_Alik_Bjlk_B8B8S_BH_GB_MT64x64x16_MI16x16x16x1_SN_GLVWA8_GLVWB8_GRVW8_K1_SS0_SVW4_WSGRA0_WSGRB0,NO_CHECK,131.562,65291.9,,1,32,32,1,1,1,1,138412032,4194304,,,,,,,,,,2026-04-19 00:04:30.
0,42/44,2/47,Contraction_l_Alik_Bjlk_Cijk_Dijk,"(512,8192,1,1024)",Cijk_Alik_Bjlk_B8B8S_BH_GB_MT64x64x16_MI16x16x16x1_SN_GLVWA16_GLVWB16_GRVW16_K1_SS0_SVW4_WSGRA0_WSGRB0,NO_CHECK,129.602,66279.3,,1,32,32,1,1,1,1,138412032,4194304,,,,,,,,,,2026-04-19 00:04:30.
0,42/44,3/47,Contraction_l_Alik_Bjlk_Cijk_Dijk,"(512,8192,1,1024)",Cijk_Alik_Bjlk_B8B8S_BH_GB_MT64x64x16_MI16x16x16x1_SN_GLVWA4_GLVWB4_GRVW4_K1_SS0_SVW4_WSGRA1_WSGRB0,NO_CHECK,130.321,65913.7,,1,32,32,1,1,1,1,138412032,4194304,,,,,,,,,,2026-04-19 00:04:30.
0,42/44,4/47,Contraction_l_Alik_Bjlk_Cijk_Dijk,"(512,8192,1,1024)",Cijk_Alik_Bjlk_B8B8S_BH_GB_MT64x64x16_MI16x16x16x1_SN_GLVWA8_GLVWB8_GRVW8_K1_SS0_SVW4_WSGRA1_WSGRB0,NO_CHECK,130.601,65772.3,,1,32,32,1,1,1,1,138412032,4194304,,,,,,,,,,2026-04-19 00:04:30.
0,42/44,5/47,Contraction_l_Alik_Bjlk_Cijk_Dijk,"(512,8192,1,1024)",Cijk_Alik_Bjlk_B8B8S_BH_GB_MT64x64x16_MI16x16x16x1_SN_GLVWA16_GLVWB16_GRVW16_K1_SS0_SVW4_WSGRA1_WSGRB0,NO_CHECK,118.361,72574,,1,32,32,1,1,1,1,138412032,4194304,,,,,,,,,,2026-04-19 00:04:30.
0,42/44,6/47,Contraction_l_Alik_Bjlk_Cijk_Dijk,"(512,8192,1,1024)",Cijk_Alik_Bjlk_B8B8S_BH_GB_MT64x64x16_MI16x16x16x1_SN_GLVWA4_GLVWB4_GRVW4_K1_SS0_SVW4_WSGRA0_WSGRB1,NO_CHECK,132.162,64995.5,,1,32,32,1,1,1,1,138412032,4194304,,,,,,,,,,2026-04-19 00:04:30.
0,42/44,7/47,Contraction_l_Alik_Bjlk_Cijk_Dijk,"(512,8192,1,1024)",Cijk_Alik_Bjlk_B8B8S_BH_GB_MT64x64x16_MI16x16x16x1_SN_GLVWA8_GLVWB8_GRVW8_K1_SS0_SVW4_WSGRA0_WSGRB1,NO_CHECK,131.722,65212.6,,1,32,32,1,1,1,1,138412032,4194304,,,,,,,,,,2026-04-19 00:04:30.
0,42/44,8/47,Contraction_l_Alik_Bjlk_Cijk_Dijk,"(512,8192,1,1024)",Cijk_Alik_Bjlk_B8B8S_BH_GB_MT64x64x16_MI16x16x16x1_SN_GLVWA16_GLVWB16_GRVW16_K1_SS0_SVW4_WSGRA0_WSGRB1,NO_CHECK,116.761,73568.5,,1,32,32,1,1,1,1,138412032,4194304,,,,,,,,,,2026-04-19 00:04:30.
0,42/44,9/47,Contraction_l_Alik_Bjlk_Cijk_Dijk,"(512,8192,1,1024)",Cijk_Alik_Bjlk_B8B8S_BH_GB_MT64x64x16_MI16x16x16x1_SN_GLVWA4_GLVWB4_GRVW4_K1_SS0_SVW4_WSGRA1_WSGRB1,NO_CHECK,148.801,57727.7,,1,32,32,1,1,1,1,138412032,4194304,,,,,,,,,,2026-04-19 00:04:30.
0,42/44,10/47,Contraction_l_Alik_Bjlk_Cijk_Dijk,"(512,8192,1,1024)",Cijk_Alik_Bjlk_B8B8S_BH_GB_MT64x64x16_MI16x16x16x1_SN_GLVWA8_GLVWB8_GRVW8_K1_SS0_SVW4_WSGRA1_WSGRB1,NO_CHECK,373.644,22989.6,,1,32,32,1,1,1,1,138412032,4194304,,,,,,,,,,2026-04-19 00:04:30.
0,42/44,11/47,Contraction_l_Alik_Bjlk_Cijk_Dijk,"(512,8192,1,1024)",Cijk_Alik_Bjlk_B8B8S_BH_GB_MT64x64x16_MI16x16x16x1_SN_GLVWA16_GLVWB16_GRVW16_K1_SS0_SVW4_WSGRA1_WSGRB1,NO_CHECK,115.001,74694.4,,1,32,32,1,1,1,1,138412032,4194304,,,,,,,,,,2026-04-19 00:04:30.
0,42/44,12/47,Contraction_l_Alik_Bjlk_Cijk_Dijk,"(512,8192,1,1024)",Cijk_Alik_Bjlk_B8B8S_BH_GB_MT64x64x32_MI16x16x16x1_SN_GLVWA4_GLVWB4_GRVW4_K1_SS0_SVW4_WSGRA0_WSGRB0,NO_CHECK,131.921,65114.2,,1,32,32,1,1,1,1,138412032,4194304,,,,,,,,,,2026-04-19 00:04:30.
0,42/44,13/47,Contraction_l_Alik_Bjlk_Cijk_Dijk,"(512,8192,1,1024)",Cijk_Alik_Bjlk_B8B8S_BH_GB_MT64x64x32_MI16x16x16x1_SN_GLVWA8_GLVWB8_GRVW8_K1_SS0_SVW4_WSGRA0_WSGRB0,NO_CHECK,128.081,67066.4,,1,32,32,1,1,1,1,138412032,4194304,,,,,,,,,,2026-04-19 00:04:30.
0,42/44,14/47,Contraction_l_Alik_Bjlk_Cijk_Dijk,"(512,8192,1,1024)",Cijk_Alik_Bjlk_B8B8S_BH_GB_MT64x64x32_MI16x16x16x1_SN_GLVWA16_GLVWB16_GRVW16_K1_SS0_SVW4_WSGRA0_WSGRB0,NO_CHECK,115.481,74384,,1,32,32,1,1,1,1,138412032,4194304,,,,,,,,,,2026-04-19 00:04:30.
0,42/44,15/47,Contraction_l_Alik_Bjlk_Cijk_Dijk,"(512,8192,1,1024)",Cijk_Alik_Bjlk_B8B8S_BH_GB_MT64x64x32_MI16x16x16x1_SN_GLVWA4_GLVWB4_GRVW4_K1_SS0_SVW4_WSGRA1_WSGRB0,NO_CHECK,149.042,57634.3,,1,32,32,1,1,1,1,138412032,4194304,,,,,,,,,,2026-04-19 00:04:30.
0,42/44,16/47,Contraction_l_Alik_Bjlk_Cijk_Dijk,"(512,8192,1,1024)",Cijk_Alik_Bjlk_B8B8S_BH_GB_MT64x64x32_MI16x16x16x1_SN_GLVWA8_GLVWB8_GRVW8_K1_SS0_SVW4_WSGRA1_WSGRB0,NO_CHECK,125.282,68564.8,,1,32,32,1,1,1,1,138412032,4194304,,,,,,,,,,2026-04-19 00:04:30.
0,42/44,17/47,Contraction_l_Alik_Bjlk_Cijk_Dijk,"(512,8192,1,1024)",Cijk_Alik_Bjlk_B8B8S_BH_GB_MT64x64x32_MI16x16x16x1_SN_GLVWA16_GLVWB16_GRVW16_K1_SS0_SVW4_WSGRA1_WSGRB0,NO_CHECK,111.602,76969.4,,1,32,32,1,1,1,1,138412032,4194304,,,,,,,,,,2026-04-19 00:04:30.
0,42/44,18/47,Contraction_l_Alik_Bjlk_Cijk_Dijk,"(512,8192,1,1024)",Cijk_Alik_Bjlk_B8B8S_BH_GB_MT64x64x32_MI16x16x16x1_SN_GLVWA4_GLVWB4_GRVW4_K1_SS0_SVW4_WSGRA0_WSGRB1,NO_CHECK,147.962,58055,,1,32,32,1,1,1,1,138412032,4194304,,,,,,,,,,2026-04-19 00:04:30.
0,42/44,19/47,Contraction_l_Alik_Bjlk_Cijk_Dijk,"(512,8192,1,1024)",Cijk_Alik_Bjlk_B8B8S_BH_GB_MT64x64x32_MI16x16x16x1_SN_GLVWA8_GLVWB8_GRVW8_K1_SS0_SVW4_WSGRA0_WSGRB1,NO_CHECK,125.241,68587.2,,1,32,32,1,1,1,1,138412032,4194304,,,,,,,,,,2026-04-19 00:04:30.
0,42/44,20/47,Contraction_l_Alik_Bjlk_Cijk_Dijk,"(512,8192,1,1024)",Cijk_Alik_Bjlk_B8B8S_BH_GB_MT64x64x32_MI16x16x16x1_SN_GLVWA16_GLVWB16_GRVW16_K1_SS0_SVW4_WSGRA0_WSGRB1,NO_CHECK,129.001,66588.1,,1,32,32,1,1,1,1,138412032,4194304,,,,,,,,,,2026-04-19 00:04:30.
0,42/44,21/47,Contraction_l_Alik_Bjlk_Cijk_Dijk,"(512,8192,1,1024)",Cijk_Alik_Bjlk_B8B8S_BH_GB_MT64x64x32_MI16x16x16x1_SN_GLVWA4_GLVWB4_GRVW4_K1_SS0_SVW4_WSGRA1_WSGRB1,NO_CHECK,132.842,64662.8,,1,32,32,1,1,1,1,138412032,4194304,,,,,,,,,,2026-04-19 00:04:30.
0,42/44,22/47,Contraction_l_Alik_Bjlk_Cijk_Dijk,"(512,8192,1,1024)",Cijk_Alik_Bjlk_B8B8S_BH_GB_MT64x64x32_MI16x16x16x1_SN_GLVWA8_GLVWB8_GRVW8_K1_SS0_SVW4_WSGRA1_WSGRB1,NO_CHECK,126.401,67957.8,,1,32,32,1,1,1,1,138412032,4194304,,,,,,,,,,2026-04-19 00:04:30.
0,42/44,23/47,Contraction_l_Alik_Bjlk_Cijk_Dijk,"(512,8192,1,1024)",Cijk_Alik_Bjlk_B8B8S_BH_GB_MT64x64x32_MI16x16x16x1_SN_GLVWA16_GLVWB16_GRVW16_K1_SS0_SVW4_WSGRA1_WSGRB1,NO_CHECK,129.642,66258.9,,1,32,32,1,1,1,1,138412032,4194304,,,,,,,,,,2026-04-19 00:04:30.
0,42/44,24/47,Contraction_l_Alik_Bjlk_Cijk_Dijk,"(512,8192,1,1024)",Cijk_Alik_Bjlk_B8B8S_BH_GB_MT64x64x16_MI16x16x16x1_SN_GLVWA4_GLVWB4_GRVW4_K1_SS1_SVW1_WSGRA0_WSGRB0,NO_CHECK,148.202,57961,,1,32,32,1,1,1,1,138412032,4194304,,,,,,,,,,2026-04-19 00:04:30.
0,42/44,25/47,Contraction_l_Alik_Bjlk_Cijk_Dijk,"(512,8192,1,1024)",Cijk_Alik_Bjlk_B8B8S_BH_GB_MT64x64x16_MI16x16x16x1_SN_GLVWA8_GLVWB8_GRVW8_K1_SS1_SVW1_WSGRA0_WSGRB0,NO_CHECK,129.401,66382.3,,1,32,32,1,1,1,1,138412032,4194304,,,,,,,,,,2026-04-19 00:04:30.
0,42/44,26/47,Contraction_l_Alik_Bjlk_Cijk_Dijk,"(512,8192,1,1024)",Cijk_Alik_Bjlk_B8B8S_BH_GB_MT64x64x16_MI16x16x16x1_SN_GLVWA16_GLVWB16_GRVW16_K1_SS1_SVW1_WSGRA0_WSGRB0,NO_CHECK,129.041,66567.5,,1,32,32,1,1,1,1,138412032,4194304,,,,,,,,,,2026-04-19 00:04:30.
0,42/44,27/47,Contraction_l_Alik_Bjlk_Cijk_Dijk,"(512,8192,1,1024)",Cijk_Alik_Bjlk_B8B8S_BH_GB_MT64x64x16_MI16x16x16x1_SN_GLVWA4_GLVWB4_GRVW4_K1_SS1_SVW1_WSGRA1_WSGRB0,NO_CHECK,132.882,64643.3,,1,32,32,1,1,1,1,138412032,4194304,,,,,,,,,,2026-04-19 00:04:30.
0,42/44,28/47,Contraction_l_Alik_Bjlk_Cijk_Dijk,"(512,8192,1,1024)",Cijk_Alik_Bjlk_B8B8S_BH_GB_MT64x64x16_MI16x16x16x1_SN_GLVWA8_GLVWB8_GRVW8_K1_SS1_SVW1_WSGRA1_WSGRB0,NO_CHECK,127.681,67276.5,,1,32,32,1,1,1,1,138412032,4194304,,,,,,,,,,2026-04-19 00:04:30.
0,42/44,29/47,Contraction_l_Alik_Bjlk_Cijk_Dijk,"(512,8192,1,1024)",Cijk_Alik_Bjlk_B8B8S_BH_GB_MT64x64x16_MI16x16x16x1_SN_GLVWA16_GLVWB16_GRVW16_K1_SS1_SVW1_WSGRA1_WSGRB0,NO_CHECK,128.081,67066.4,,1,32,32,1,1,1,1,138412032,4194304,,,,,,,,,,2026-04-19 00:04:30.
0,42/44,30/47,Contraction_l_Alik_Bjlk_Cijk_Dijk,"(512,8192,1,1024)",Cijk_Alik_Bjlk_B8B8S_BH_GB_MT64x64x16_MI16x16x16x1_SN_GLVWA4_GLVWB4_GRVW4_K1_SS1_SVW1_WSGRA0_WSGRB1,NO_CHECK,131.241,65451.6,,1,32,32,1,1,1,1,138412032,4194304,,,,,,,,,,2026-04-19 00:04:30.
0,42/44,31/47,Contraction_l_Alik_Bjlk_Cijk_Dijk,"(512,8192,1,1024)",Cijk_Alik_Bjlk_B8B8S_BH_GB_MT64x64x16_MI16x16x16x1_SN_GLVWA8_GLVWB8_GRVW8_K1_SS1_SVW1_WSGRA0_WSGRB1,NO_CHECK,129.682,66238.4,,1,32,32,1,1,1,1,138412032,4194304,,,,,,,,,,2026-04-19 00:04:30.
0,42/44,32/47,Contraction_l_Alik_Bjlk_Cijk_Dijk,"(512,8192,1,1024)",Cijk_Alik_Bjlk_B8B8S_BH_GB_MT64x64x16_MI16x16x16x1_SN_GLVWA16_GLVWB16_GRVW16_K1_SS1_SVW1_WSGRA0_WSGRB1,NO_CHECK,133.322,64430,,1,32,32,1,1,1,1,138412032,4194304,,,,,,,,,,2026-04-19 00:04:30.
0,42/44,33/47,Contraction_l_Alik_Bjlk_Cijk_Dijk,"(512,8192,1,1024)",Cijk_Alik_Bjlk_B8B8S_BH_GB_MT64x64x16_MI16x16x16x1_SN_GLVWA4_GLVWB4_GRVW4_K1_SS1_SVW1_WSGRA1_WSGRB1,NO_CHECK,145.642,58979.8,,1,32,32,1,1,1,1,138412032,4194304,,,,,,,,,,2026-04-19 00:04:30.
0,42/44,34/47,Contraction_l_Alik_Bjlk_Cijk_Dijk,"(512,8192,1,1024)",Cijk_Alik_Bjlk_B8B8S_BH_GB_MT64x64x16_MI16x16x16x1_SN_GLVWA8_GLVWB8_GRVW8_K1_SS1_SVW1_WSGRA1_WSGRB1,NO_CHECK,129.321,66423.4,,1,32,32,1,1,1,1,138412032,4194304,,,,,,,,,,2026-04-19 00:04:30.
0,42/44,35/47,Contraction_l_Alik_Bjlk_Cijk_Dijk,"(512,8192,1,1024)",Cijk_Alik_Bjlk_B8B8S_BH_GB_MT64x64x16_MI16x16x16x1_SN_GLVWA16_GLVWB16_GRVW16_K1_SS1_SVW1_WSGRA1_WSGRB1,NO_CHECK,108.201,79388.7,,1,32,32,1,1,1,1,138412032,4194304,,,,,,,,,,2026-04-19 00:04:30.
0,42/44,36/47,Contraction_l_Alik_Bjlk_Cijk_Dijk,"(512,8192,1,1024)",Cijk_Alik_Bjlk_B8B8S_BH_GB_MT64x64x32_MI16x16x16x1_SN_GLVWA4_GLVWB4_GRVW4_K1_SS1_SVW1_WSGRA0_WSGRB0,NO_CHECK,130.361,65893.4,,1,32,32,1,1,1,1,138412032,4194304,,,,,,,,,,2026-04-19 00:04:30.
0,42/44,37/47,Contraction_l_Alik_Bjlk_Cijk_Dijk,"(512,8192,1,1024)",Cijk_Alik_Bjlk_B8B8S_BH_GB_MT64x64x32_MI16x16x16x1_SN_GLVWA8_GLVWB8_GRVW8_K1_SS1_SVW1_WSGRA0_WSGRB0,NO_CHECK,114.401,75086.2,,1,32,32,1,1,1,1,138412032,4194304,,,,,,,,,,2026-04-19 00:04:30.
0,42/44,38/47,Contraction_l_Alik_Bjlk_Cijk_Dijk,"(512,8192,1,1024)",Cijk_Alik_Bjlk_B8B8S_BH_GB_MT64x64x32_MI16x16x16x1_SN_GLVWA16_GLVWB16_GRVW16_K1_SS1_SVW1_WSGRA0_WSGRB0,NO_CHECK,126.801,67743.4,,1,32,32,1,1,1,1,138412032,4194304,,,,,,,,,,2026-04-19 00:04:30.
0,42/44,39/47,Contraction_l_Alik_Bjlk_Cijk_Dijk,"(512,8192,1,1024)",Cijk_Alik_Bjlk_B8B8S_BH_GB_MT64x64x32_MI16x16x16x1_SN_GLVWA4_GLVWB4_GRVW4_K1_SS1_SVW1_WSGRA1_WSGRB0,NO_CHECK,141.362,60765.5,,1,32,32,1,1,1,1,138412032,4194304,,,,,,,,,,2026-04-19 00:04:30.
0,42/44,40/47,Contraction_l_Alik_Bjlk_Cijk_Dijk,"(512,8192,1,1024)",Cijk_Alik_Bjlk_B8B8S_BH_GB_MT64x64x32_MI16x16x16x1_SN_GLVWA8_GLVWB8_GRVW8_K1_SS1_SVW1_WSGRA1_WSGRB0,NO_CHECK,115.602,74306.1,,1,32,32,1,1,1,1,138412032,4194304,,,,,,,,,,2026-04-19 00:04:30.
0,42/44,41/47,Contraction_l_Alik_Bjlk_Cijk_Dijk,"(512,8192,1,1024)",Cijk_Alik_Bjlk_B8B8S_BH_GB_MT64x64x32_MI16x16x16x1_SN_GLVWA16_GLVWB16_GRVW16_K1_SS1_SVW1_WSGRA1_WSGRB0,NO_CHECK,128.361,66920.1,,1,32,32,1,1,1,1,138412032,4194304,,,,,,,,,,2026-04-19 00:04:30.
0,42/44,42/47,Contraction_l_Alik_Bjlk_Cijk_Dijk,"(512,8192,1,1024)",Cijk_Alik_Bjlk_B8B8S_BH_GB_MT64x64x32_MI16x16x16x1_SN_GLVWA4_GLVWB4_GRVW4_K1_SS1_SVW1_WSGRA0_WSGRB1,NO_CHECK,146.841,58498.2,,1,32,32,1,1,1,1,138412032,4194304,,,,,,,,,,2026-04-19 00:04:30.
0,42/44,43/47,Contraction_l_Alik_Bjlk_Cijk_Dijk,"(512,8192,1,1024)",Cijk_Alik_Bjlk_B8B8S_BH_GB_MT64x64x32_MI16x16x16x1_SN_GLVWA8_GLVWB8_GRVW8_K1_SS1_SVW1_WSGRA0_WSGRB1,NO_CHECK,114.882,74771.8,,1,32,32,1,1,1,1,138412032,4194304,,,,,,,,,,2026-04-19 00:04:30.
0,42/44,44/47,Contraction_l_Alik_Bjlk_Cijk_Dijk,"(512,8192,1,1024)",Cijk_Alik_Bjlk_B8B8S_BH_GB_MT64x64x32_MI16x16x16x1_SN_GLVWA16_GLVWB16_GRVW16_K1_SS1_SVW1_WSGRA0_WSGRB1,NO_CHECK,126.761,67764.8,,1,32,32,1,1,1,1,138412032,4194304,,,,,,,,,,2026-04-19 00:04:30.
0,42/44,45/47,Contraction_l_Alik_Bjlk_Cijk_Dijk,"(512,8192,1,1024)",Cijk_Alik_Bjlk_B8B8S_BH_GB_MT64x64x32_MI16x16x16x1_SN_GLVWA4_GLVWB4_GRVW4_K1_SS1_SVW1_WSGRA1_WSGRB1,NO_CHECK,129.001,66588.1,,1,32,32,1,1,1,1,138412032,4194304,,,,,,,,,,2026-04-19 00:04:30.
0,42/44,46/47,Contraction_l_Alik_Bjlk_Cijk_Dijk,"(512,8192,1,1024)",Cijk_Alik_Bjlk_B8B8S_BH_GB_MT64x64x32_MI16x16x16x1_SN_GLVWA8_GLVWB8_GRVW8_K1_SS1_SVW1_WSGRA1_WSGRB1,NO_CHECK,101.201,84879.9,,1,32,32,1,1,1,1,138412032,4194304,,,,,,,,,,2026-04-19 00:04:30.
0,42/44,47/47,Contraction_l_Alik_Bjlk_Cijk_Dijk,"(512,8192,1,1024)",Cijk_Alik_Bjlk_B8B8S_BH_GB_MT64x64x32_MI16x16x16x1_SN_GLVWA16_GLVWB16_GRVW16_K1_SS1_SVW1_WSGRA1_WSGRB1,NO_CHECK,124.922,68762.4,,1,32,32,1,1,1,1,138412032,4194304,,,,,,,,,,2026-04-19 00:04:30.
0,43/44,0/47,Contraction_l_Alik_Bjlk_Cijk_Dijk,"(512,8192,1,4096)",Cijk_Alik_Bjlk_B8B8S_BH_GB_MT64x64x16_MI16x16x16x1_SN_GLVWA4_GLVWB4_GRVW4_K1_SS0_SVW4_WSGRA0_WSGRB0,NO_CHECK,547.247,62786.5,,1,32,32,1,1,1,1,541065216,4194304,,,,,,,,,,2026-04-19 00:04:30.
0,43/44,1/47,Contraction_l_Alik_Bjlk_Cijk_Dijk,"(512,8192,1,4096)",Cijk_Alik_Bjlk_B8B8S_BH_GB_MT64x64x16_MI16x16x16x1_SN_GLVWA8_GLVWB8_GRVW8_K1_SS0_SVW4_WSGRA0_WSGRB0,NO_CHECK,465.726,73776.7,,1,32,32,1,1,1,1,541065216,4194304,,,,,,,,,,2026-04-19 00:04:30.
0,43/44,2/47,Contraction_l_Alik_Bjlk_Cijk_Dijk,"(512,8192,1,4096)",Cijk_Alik_Bjlk_B8B8S_BH_GB_MT64x64x16_MI16x16x16x1_SN_GLVWA16_GLVWB16_GRVW16_K1_SS0_SVW4_WSGRA0_WSGRB0,NO_CHECK,459.045,74850.5,,1,32,32,1,1,1,1,541065216,4194304,,,,,,,,,,2026-04-19 00:04:30.
0,43/44,3/47,Contraction_l_Alik_Bjlk_Cijk_Dijk,"(512,8192,1,4096)",Cijk_Alik_Bjlk_B8B8S_BH_GB_MT64x64x16_MI16x16x16x1_SN_GLVWA4_GLVWB4_GRVW4_K1_SS0_SVW4_WSGRA1_WSGRB0,NO_CHECK,553.086,62123.7,,1,32,32,1,1,1,1,541065216,4194304,,,,,,,,,,2026-04-19 00:04:30.
0,43/44,4/47,Contraction_l_Alik_Bjlk_Cijk_Dijk,"(512,8192,1,4096)",Cijk_Alik_Bjlk_B8B8S_BH_GB_MT64x64x16_MI16x16x16x1_SN_GLVWA8_GLVWB8_GRVW8_K1_SS0_SVW4_WSGRA1_WSGRB0,NO_CHECK,462.605,74274.5,,1,32,32,1,1,1,1,541065216,4194304,,,,,,,,,,2026-04-19 00:04:30.
0,43/44,5/47,Contraction_l_Alik_Bjlk_Cijk_Dijk,"(512,8192,1,4096)",Cijk_Alik_Bjlk_B8B8S_BH_GB_MT64x64x16_MI16x16x16x1_SN_GLVWA16_GLVWB16_GRVW16_K1_SS0_SVW4_WSGRA1_WSGRB0,NO_CHECK,419.965,81815.7,,1,32,32,1,1,1,1,541065216,4194304,,,,,,,,,,2026-04-19 00:04:30.
0,43/44,6/47,Contraction_l_Alik_Bjlk_Cijk_Dijk,"(512,8192,1,4096)",Cijk_Alik_Bjlk_B8B8S_BH_GB_MT64x64x16_MI16x16x16x1_SN_GLVWA4_GLVWB4_GRVW4_K1_SS0_SVW4_WSGRA0_WSGRB1,NO_CHECK,548.047,62694.9,,1,32,32,1,1,1,1,541065216,4194304,,,,,,,,,,2026-04-19 00:04:30.
0,43/44,7/47,Contraction_l_Alik_Bjlk_Cijk_Dijk,"(512,8192,1,4096)",Cijk_Alik_Bjlk_B8B8S_BH_GB_MT64x64x16_MI16x16x16x1_SN_GLVWA8_GLVWB8_GRVW8_K1_SS0_SVW4_WSGRA0_WSGRB1,NO_CHECK,449.085,76510.5,,1,32,32,1,1,1,1,541065216,4194304,,,,,,,,,,2026-04-19 00:04:30.
0,43/44,8/47,Contraction_l_Alik_Bjlk_Cijk_Dijk,"(512,8192,1,4096)",Cijk_Alik_Bjlk_B8B8S_BH_GB_MT64x64x16_MI16x16x16x1_SN_GLVWA16_GLVWB16_GRVW16_K1_SS0_SVW4_WSGRA0_WSGRB1,NO_CHECK,450.765,76225.4,,1,32,32,1,1,1,1,541065216,4194304,,,,,,,,,,2026-04-19 00:04:30.
0,43/44,9/47,Contraction_l_Alik_Bjlk_Cijk_Dijk,"(512,8192,1,4096)",Cijk_Alik_Bjlk_B8B8S_BH_GB_MT64x64x16_MI16x16x16x1_SN_GLVWA4_GLVWB4_GRVW4_K1_SS0_SVW4_WSGRA1_WSGRB1,NO_CHECK,482.325,71237.7,,1,32,32,1,1,1,1,541065216,4194304,,,,,,,,,,2026-04-19 00:04:30.
0,43/44,10/47,Contraction_l_Alik_Bjlk_Cijk_Dijk,"(512,8192,1,4096)",Cijk_Alik_Bjlk_B8B8S_BH_GB_MT64x64x16_MI16x16x16x1_SN_GLVWA8_GLVWB8_GRVW8_K1_SS0_SVW4_WSGRA1_WSGRB1,NO_CHECK,456.566,75256.9,,1,32,32,1,1,1,1,541065216,4194304,,,,,,,,,,2026-04-19 00:04:30.
0,43/44,11/47,Contraction_l_Alik_Bjlk_Cijk_Dijk,"(512,8192,1,4096)",Cijk_Alik_Bjlk_B8B8S_BH_GB_MT64x64x16_MI16x16x16x1_SN_GLVWA16_GLVWB16_GRVW16_K1_SS0_SVW4_WSGRA1_WSGRB1,NO_CHECK,463.766,74088.5,,1,32,32,1,1,1,1,541065216,4194304,,,,,,,,,,2026-04-19 00:04:30.
0,43/44,12/47,Contraction_l_Alik_Bjlk_Cijk_Dijk,"(512,8192,1,4096)",Cijk_Alik_Bjlk_B8B8S_BH_GB_MT64x64x32_MI16x16x16x1_SN_GLVWA4_GLVWB4_GRVW4_K1_SS0_SVW4_WSGRA0_WSGRB0,NO_CHECK,478.725,71773.4,,1,32,32,1,1,1,1,541065216,4194304,,,,,,,,,,2026-04-19 00:04:30.
0,43/44,13/47,Contraction_l_Alik_Bjlk_Cijk_Dijk,"(512,8192,1,4096)",Cijk_Alik_Bjlk_B8B8S_BH_GB_MT64x64x32_MI16x16x16x1_SN_GLVWA8_GLVWB8_GRVW8_K1_SS0_SVW4_WSGRA0_WSGRB0,NO_CHECK,403.005,85258.8,,1,32,32,1,1,1,1,541065216,4194304,,,,,,,,,,2026-04-19 00:04:30.
0,43/44,14/47,Contraction_l_Alik_Bjlk_Cijk_Dijk,"(512,8192,1,4096)",Cijk_Alik_Bjlk_B8B8S_BH_GB_MT64x64x32_MI16x16x16x1_SN_GLVWA16_GLVWB16_GRVW16_K1_SS0_SVW4_WSGRA0_WSGRB0,NO_CHECK,458.486,74941.7,,1,32,32,1,1,1,1,541065216,4194304,,,,,,,,,,2026-04-19 00:04:30.
0,43/44,15/47,Contraction_l_Alik_Bjlk_Cijk_Dijk,"(512,8192,1,4096)",Cijk_Alik_Bjlk_B8B8S_BH_GB_MT64x64x32_MI16x16x16x1_SN_GLVWA4_GLVWB4_GRVW4_K1_SS0_SVW4_WSGRA1_WSGRB0,NO_CHECK,538.086,63855.5,,1,32,32,1,1,1,1,541065216,4194304,,,,,,,,,,2026-04-19 00:04:30.
0,43/44,16/47,Contraction_l_Alik_Bjlk_Cijk_Dijk,"(512,8192,1,4096)",Cijk_Alik_Bjlk_B8B8S_BH_GB_MT64x64x32_MI16x16x16x1_SN_GLVWA8_GLVWB8_GRVW8_K1_SS0_SVW4_WSGRA1_WSGRB0,NO_CHECK,481.645,71338.3,,1,32,32,1,1,1,1,541065216,4194304,,,,,,,,,,2026-04-19 00:04:30.
0,43/44,17/47,Contraction_l_Alik_Bjlk_Cijk_Dijk,"(512,8192,1,4096)",Cijk_Alik_Bjlk_B8B8S_BH_GB_MT64x64x32_MI16x16x16x1_SN_GLVWA16_GLVWB16_GRVW16_K1_SS0_SVW4_WSGRA1_WSGRB0,NO_CHECK,415.085,82777.6,,1,32,32,1,1,1,1,541065216,4194304,,,,,,,,,,2026-04-19 00:04:30.
0,43/44,18/47,Contraction_l_Alik_Bjlk_Cijk_Dijk,"(512,8192,1,4096)",Cijk_Alik_Bjlk_B8B8S_BH_GB_MT64x64x32_MI16x16x16x1_SN_GLVWA4_GLVWB4_GRVW4_K1_SS0_SVW4_WSGRA0_WSGRB1,NO_CHECK,538.727,63779.5,,1,32,32,1,1,1,1,541065216,4194304,,,,,,,,,,2026-04-19 00:04:30.
0,43/44,19/47,Contraction_l_Alik_Bjlk_Cijk_Dijk,"(512,8192,1,4096)",Cijk_Alik_Bjlk_B8B8S_BH_GB_MT64x64x32_MI16x16x16x1_SN_GLVWA8_GLVWB8_GRVW8_K1_SS0_SVW4_WSGRA0_WSGRB1,NO_CHECK,415.044,82785.8,,1,32,32,1,1,1,1,541065216,4194304,,,,,,,,,,2026-04-19 00:04:30.
0,43/44,20/47,Contraction_l_Alik_Bjlk_Cijk_Dijk,"(512,8192,1,4096)",Cijk_Alik_Bjlk_B8B8S_BH_GB_MT64x64x32_MI16x16x16x1_SN_GLVWA16_GLVWB16_GRVW16_K1_SS0_SVW4_WSGRA0_WSGRB1,NO_CHECK,475.645,72238.2,,1,32,32,1,1,1,1,541065216,4194304,,,,,,,,,,2026-04-19 00:04:30.
0,43/44,21/47,Contraction_l_Alik_Bjlk_Cijk_Dijk,"(512,8192,1,4096)",Cijk_Alik_Bjlk_B8B8S_BH_GB_MT64x64x32_MI16x16x16x1_SN_GLVWA4_GLVWB4_GRVW4_K1_SS0_SVW4_WSGRA1_WSGRB1,NO_CHECK,477.686,71929.6,,1,32,32,1,1,1,1,541065216,4194304,,,,,,,,,,2026-04-19 00:04:30.
0,43/44,22/47,Contraction_l_Alik_Bjlk_Cijk_Dijk,"(512,8192,1,4096)",Cijk_Alik_Bjlk_B8B8S_BH_GB_MT64x64x32_MI16x16x16x1_SN_GLVWA8_GLVWB8_GRVW8_K1_SS0_SVW4_WSGRA1_WSGRB1,NO_CHECK,460.805,74564.6,,1,32,32,1,1,1,1,541065216,4194304,,,,,,,,,,2026-04-19 00:04:30.
0,43/44,23/47,Contraction_l_Alik_Bjlk_Cijk_Dijk,"(512,8192,1,4096)",Cijk_Alik_Bjlk_B8B8S_BH_GB_MT64x64x32_MI16x16x16x1_SN_GLVWA16_GLVWB16_GRVW16_K1_SS0_SVW4_WSGRA1_WSGRB1,NO_CHECK,440.965,77919.4,,1,32,32,1,1,1,1,541065216,4194304,,,,,,,,,,2026-04-19 00:04:30.
0,43/44,24/47,Contraction_l_Alik_Bjlk_Cijk_Dijk,"(512,8192,1,4096)",Cijk_Alik_Bjlk_B8B8S_BH_GB_MT64x64x16_MI16x16x16x1_SN_GLVWA4_GLVWB4_GRVW4_K1_SS1_SVW1_WSGRA0_WSGRB0,NO_CHECK,476.406,72122.8,,1,32,32,1,1,1,1,541065216,4194304,,,,,,,,,,2026-04-19 00:04:30.
0,43/44,25/47,Contraction_l_Alik_Bjlk_Cijk_Dijk,"(512,8192,1,4096)",Cijk_Alik_Bjlk_B8B8S_BH_GB_MT64x64x16_MI16x16x16x1_SN_GLVWA8_GLVWB8_GRVW8_K1_SS1_SVW1_WSGRA0_WSGRB0,NO_CHECK,490.286,70081,,1,32,32,1,1,1,1,541065216,4194304,,,,,,,,,,2026-04-19 00:04:30.
0,43/44,26/47,Contraction_l_Alik_Bjlk_Cijk_Dijk,"(512,8192,1,4096)",Cijk_Alik_Bjlk_B8B8S_BH_GB_MT64x64x16_MI16x16x16x1_SN_GLVWA16_GLVWB16_GRVW16_K1_SS1_SVW1_WSGRA0_WSGRB0,NO_CHECK,474.846,72359.8,,1,32,32,1,1,1,1,541065216,4194304,,,,,,,,,,2026-04-19 00:04:30.
0,43/44,27/47,Contraction_l_Alik_Bjlk_Cijk_Dijk,"(512,8192,1,4096)",Cijk_Alik_Bjlk_B8B8S_BH_GB_MT64x64x16_MI16x16x16x1_SN_GLVWA4_GLVWB4_GRVW4_K1_SS1_SVW1_WSGRA1_WSGRB0,NO_CHECK,421.645,81489.7,,1,32,32,1,1,1,1,541065216,4194304,,,,,,,,,,2026-04-19 00:04:30.
0,43/44,28/47,Contraction_l_Alik_Bjlk_Cijk_Dijk,"(512,8192,1,4096)",Cijk_Alik_Bjlk_B8B8S_BH_GB_MT64x64x16_MI16x16x16x1_SN_GLVWA8_GLVWB8_GRVW8_K1_SS1_SVW1_WSGRA1_WSGRB0,NO_CHECK,471.566,72863.1,,1,32,32,1,1,1,1,541065216,4194304,,,,,,,,,,2026-04-19 00:04:30.
0,43/44,29/47,Contraction_l_Alik_Bjlk_Cijk_Dijk,"(512,8192,1,4096)",Cijk_Alik_Bjlk_B8B8S_BH_GB_MT64x64x16_MI16x16x16x1_SN_GLVWA16_GLVWB16_GRVW16_K1_SS1_SVW1_WSGRA1_WSGRB0,NO_CHECK,463.206,74178.1,,1,32,32,1,1,1,1,541065216,4194304,,,,,,,,,,2026-04-19 00:04:30.
0,43/44,30/47,Contraction_l_Alik_Bjlk_Cijk_Dijk,"(512,8192,1,4096)",Cijk_Alik_Bjlk_B8B8S_BH_GB_MT64x64x16_MI16x16x16x1_SN_GLVWA4_GLVWB4_GRVW4_K1_SS1_SVW1_WSGRA0_WSGRB1,NO_CHECK,528.286,65040,,1,32,32,1,1,1,1,541065216,4194304,,,,,,,,,,2026-04-19 00:04:30.
0,43/44,31/47,Contraction_l_Alik_Bjlk_Cijk_Dijk,"(512,8192,1,4096)",Cijk_Alik_Bjlk_B8B8S_BH_GB_MT64x64x16_MI16x16x16x1_SN_GLVWA8_GLVWB8_GRVW8_K1_SS1_SVW1_WSGRA0_WSGRB1,NO_CHECK,457.925,75033.6,,1,32,32,1,1,1,1,541065216,4194304,,,,,,,,,,2026-04-19 00:04:30.
0,43/44,32/47,Contraction_l_Alik_Bjlk_Cijk_Dijk,"(512,8192,1,4096)",Cijk_Alik_Bjlk_B8B8S_BH_GB_MT64x64x16_MI16x16x16x1_SN_GLVWA16_GLVWB16_GRVW16_K1_SS1_SVW1_WSGRA0_WSGRB1,NO_CHECK,422.765,81273.9,,1,32,32,1,1,1,1,541065216,4194304,,,,,,,,,,2026-04-19 00:04:30.
0,43/44,33/47,Contraction_l_Alik_Bjlk_Cijk_Dijk,"(512,8192,1,4096)",Cijk_Alik_Bjlk_B8B8S_BH_GB_MT64x64x16_MI16x16x16x1_SN_GLVWA4_GLVWB4_GRVW4_K1_SS1_SVW1_WSGRA1_WSGRB1,NO_CHECK,541.486,63454.5,,1,32,32,1,1,1,1,541065216,4194304,,,,,,,,,,2026-04-19 00:04:30.
0,43/44,34/47,Contraction_l_Alik_Bjlk_Cijk_Dijk,"(512,8192,1,4096)",Cijk_Alik_Bjlk_B8B8S_BH_GB_MT64x64x16_MI16x16x16x1_SN_GLVWA8_GLVWB8_GRVW8_K1_SS1_SVW1_WSGRA1_WSGRB1,NO_CHECK,461.765,74409.6,,1,32,32,1,1,1,1,541065216,4194304,,,,,,,,,,2026-04-19 00:04:30.
0,43/44,35/47,Contraction_l_Alik_Bjlk_Cijk_Dijk,"(512,8192,1,4096)",Cijk_Alik_Bjlk_B8B8S_BH_GB_MT64x64x16_MI16x16x16x1_SN_GLVWA16_GLVWB16_GRVW16_K1_SS1_SVW1_WSGRA1_WSGRB1,NO_CHECK,434.565,79067,,1,32,32,1,1,1,1,541065216,4194304,,,,,,,,,,2026-04-19 00:04:30.
0,43/44,36/47,Contraction_l_Alik_Bjlk_Cijk_Dijk,"(512,8192,1,4096)",Cijk_Alik_Bjlk_B8B8S_BH_GB_MT64x64x32_MI16x16x16x1_SN_GLVWA4_GLVWB4_GRVW4_K1_SS1_SVW1_WSGRA0_WSGRB0,NO_CHECK,537.606,63912.5,,1,32,32,1,1,1,1,541065216,4194304,,,,,,,,,,2026-04-19 00:04:30.
0,43/44,37/47,Contraction_l_Alik_Bjlk_Cijk_Dijk,"(512,8192,1,4096)",Cijk_Alik_Bjlk_B8B8S_BH_GB_MT64x64x32_MI16x16x16x1_SN_GLVWA8_GLVWB8_GRVW8_K1_SS1_SVW1_WSGRA0_WSGRB0,NO_CHECK,459.366,74798.2,,1,32,32,1,1,1,1,541065216,4194304,,,,,,,,,,2026-04-19 00:04:30.
0,43/44,38/47,Contraction_l_Alik_Bjlk_Cijk_Dijk,"(512,8192,1,4096)",Cijk_Alik_Bjlk_B8B8S_BH_GB_MT64x64x32_MI16x16x16x1_SN_GLVWA16_GLVWB16_GRVW16_K1_SS1_SVW1_WSGRA0_WSGRB0,NO_CHECK,457.286,75138.4,,1,32,32,1,1,1,1,541065216,4194304,,,,,,,,,,2026-04-19 00:04:30.
0,43/44,39/47,Contraction_l_Alik_Bjlk_Cijk_Dijk,"(512,8192,1,4096)",Cijk_Alik_Bjlk_B8B8S_BH_GB_MT64x64x32_MI16x16x16x1_SN_GLVWA4_GLVWB4_GRVW4_K1_SS1_SVW1_WSGRA1_WSGRB0,NO_CHECK,569.486,60334.6,,1,32,32,1,1,1,1,541065216,4194304,,,,,,,,,,2026-04-19 00:04:30.
0,43/44,40/47,Contraction_l_Alik_Bjlk_Cijk_Dijk,"(512,8192,1,4096)",Cijk_Alik_Bjlk_B8B8S_BH_GB_MT64x64x32_MI16x16x16x1_SN_GLVWA8_GLVWB8_GRVW8_K1_SS1_SVW1_WSGRA1_WSGRB0,NO_CHECK,449.645,76415.3,,1,32,32,1,1,1,1,541065216,4194304,,,,,,,,,,2026-04-19 00:04:30.
0,43/44,41/47,Contraction_l_Alik_Bjlk_Cijk_Dijk,"(512,8192,1,4096)",Cijk_Alik_Bjlk_B8B8S_BH_GB_MT64x64x32_MI16x16x16x1_SN_GLVWA16_GLVWB16_GRVW16_K1_SS1_SVW1_WSGRA1_WSGRB0,NO_CHECK,473.486,72567.6,,1,32,32,1,1,1,1,541065216,4194304,,,,,,,,,,2026-04-19 00:04:30.
0,43/44,42/47,Contraction_l_Alik_Bjlk_Cijk_Dijk,"(512,8192,1,4096)",Cijk_Alik_Bjlk_B8B8S_BH_GB_MT64x64x32_MI16x16x16x1_SN_GLVWA4_GLVWB4_GRVW4_K1_SS1_SVW1_WSGRA0_WSGRB1,NO_CHECK,539.726,63661.4,,1,32,32,1,1,1,1,541065216,4194304,,,,,,,,,,2026-04-19 00:04:30.
0,43/44,43/47,Contraction_l_Alik_Bjlk_Cijk_Dijk,"(512,8192,1,4096)",Cijk_Alik_Bjlk_B8B8S_BH_GB_MT64x64x32_MI16x16x16x1_SN_GLVWA8_GLVWB8_GRVW8_K1_SS1_SVW1_WSGRA0_WSGRB1,NO_CHECK,468.046,73411,,1,32,32,1,1,1,1,541065216,4194304,,,,,,,,,,2026-04-19 00:04:30.
0,43/44,44/47,Contraction_l_Alik_Bjlk_Cijk_Dijk,"(512,8192,1,4096)",Cijk_Alik_Bjlk_B8B8S_BH_GB_MT64x64x32_MI16x16x16x1_SN_GLVWA16_GLVWB16_GRVW16_K1_SS1_SVW1_WSGRA0_WSGRB1,NO_CHECK,457.165,75158.3,,1,32,32,1,1,1,1,541065216,4194304,,,,,,,,,,2026-04-19 00:04:30.
0,43/44,45/47,Contraction_l_Alik_Bjlk_Cijk_Dijk,"(512,8192,1,4096)",Cijk_Alik_Bjlk_B8B8S_BH_GB_MT64x64x32_MI16x16x16x1_SN_GLVWA4_GLVWB4_GRVW4_K1_SS1_SVW1_WSGRA1_WSGRB1,NO_CHECK,536.326,64065,,1,32,32,1,1,1,1,541065216,4194304,,,,,,,,,,2026-04-19 00:04:30.
0,43/44,46/47,Contraction_l_Alik_Bjlk_Cijk_Dijk,"(512,8192,1,4096)",Cijk_Alik_Bjlk_B8B8S_BH_GB_MT64x64x32_MI16x16x16x1_SN_GLVWA8_GLVWB8_GRVW8_K1_SS1_SVW1_WSGRA1_WSGRB1,NO_CHECK,453.845,75708.1,,1,32,32,1,1,1,1,541065216,4194304,,,,,,,,,,2026-04-19 00:04:30.
0,43/44,47/47,Contraction_l_Alik_Bjlk_Cijk_Dijk,"(512,8192,1,4096)",Cijk_Alik_Bjlk_B8B8S_BH_GB_MT64x64x32_MI16x16x16x1_SN_GLVWA16_GLVWB16_GRVW16_K1_SS1_SVW1_WSGRA1_WSGRB1,NO_CHECK,461.405,74467.6,,1,32,32,1,1,1,1,541065216,4194304,,,,,,,,,,2026-04-19 00:04:30.
0,44/44,0/47,Contraction_l_Alik_Bjlk_Cijk_Dijk,"(512,8192,1,8192)",Cijk_Alik_Bjlk_B8B8S_BH_GB_MT64x64x16_MI16x16x16x1_SN_GLVWA4_GLVWB4_GRVW4_K1_SS0_SVW4_WSGRA0_WSGRB0,NO_CHECK,1044.53,65789.7,,1,32,32,1,1,1,1,1077936128,4194304,,,,,,,,,,2026-04-19 00:04:30.
0,44/44,1/47,Contraction_l_Alik_Bjlk_Cijk_Dijk,"(512,8192,1,8192)",Cijk_Alik_Bjlk_B8B8S_BH_GB_MT64x64x16_MI16x16x16x1_SN_GLVWA8_GLVWB8_GRVW8_K1_SS0_SVW4_WSGRA0_WSGRB0,NO_CHECK,960.651,71534.3,,1,32,32,1,1,1,1,1077936128,4194304,,,,,,,,,,2026-04-19 00:04:30.
0,44/44,2/47,Contraction_l_Alik_Bjlk_Cijk_Dijk,"(512,8192,1,8192)",Cijk_Alik_Bjlk_B8B8S_BH_GB_MT64x64x16_MI16x16x16x1_SN_GLVWA16_GLVWB16_GRVW16_K1_SS0_SVW4_WSGRA0_WSGRB0,NO_CHECK,1149.57,59778.3,,1,32,32,1,1,1,1,1077936128,4194304,,,,,,,,,,2026-04-19 00:04:30.
0,44/44,3/47,Contraction_l_Alik_Bjlk_Cijk_Dijk,"(512,8192,1,8192)",Cijk_Alik_Bjlk_B8B8S_BH_GB_MT64x64x16_MI16x16x16x1_SN_GLVWA4_GLVWB4_GRVW4_K1_SS0_SVW4_WSGRA1_WSGRB0,NO_CHECK,1062.49,64677.6,,1,32,32,1,1,1,1,1077936128,4194304,,,,,,,,,,2026-04-19 00:04:30.
0,44/44,4/47,Contraction_l_Alik_Bjlk_Cijk_Dijk,"(512,8192,1,8192)",Cijk_Alik_Bjlk_B8B8S_BH_GB_MT64x64x16_MI16x16x16x1_SN_GLVWA8_GLVWB8_GRVW8_K1_SS0_SVW4_WSGRA1_WSGRB0,NO_CHECK,893.41,76918.2,,1,32,32,1,1,1,1,1077936128,4194304,,,,,,,,,,2026-04-19 00:04:30.
0,44/44,5/47,Contraction_l_Alik_Bjlk_Cijk_Dijk,"(512,8192,1,8192)",Cijk_Alik_Bjlk_B8B8S_BH_GB_MT64x64x16_MI16x16x16x1_SN_GLVWA16_GLVWB16_GRVW16_K1_SS0_SVW4_WSGRA1_WSGRB0,NO_CHECK,894.331,76839,,1,32,32,1,1,1,1,1077936128,4194304,,,,,,,,,,2026-04-19 00:04:30.
0,44/44,6/47,Contraction_l_Alik_Bjlk_Cijk_Dijk,"(512,8192,1,8192)",Cijk_Alik_Bjlk_B8B8S_BH_GB_MT64x64x16_MI16x16x16x1_SN_GLVWA4_GLVWB4_GRVW4_K1_SS0_SVW4_WSGRA0_WSGRB1,NO_CHECK,944.571,72752,,1,32,32,1,1,1,1,1077936128,4194304,,,,,,,,,,2026-04-19 00:04:30.
0,44/44,7/47,Contraction_l_Alik_Bjlk_Cijk_Dijk,"(512,8192,1,8192)",Cijk_Alik_Bjlk_B8B8S_BH_GB_MT64x64x16_MI16x16x16x1_SN_GLVWA8_GLVWB8_GRVW8_K1_SS0_SVW4_WSGRA0_WSGRB1,NO_CHECK,803.29,85547.5,,1,32,32,1,1,1,1,1077936128,4194304,,,,,,,,,,2026-04-19 00:04:30.
0,44/44,8/47,Contraction_l_Alik_Bjlk_Cijk_Dijk,"(512,8192,1,8192)",Cijk_Alik_Bjlk_B8B8S_BH_GB_MT64x64x16_MI16x16x16x1_SN_GLVWA16_GLVWB16_GRVW16_K1_SS0_SVW4_WSGRA0_WSGRB1,NO_CHECK,811.73,84658,,1,32,32,1,1,1,1,1077936128,4194304,,,,,,,,,,2026-04-19 00:04:30.
0,44/44,9/47,Contraction_l_Alik_Bjlk_Cijk_Dijk,"(512,8192,1,8192)",Cijk_Alik_Bjlk_B8B8S_BH_GB_MT64x64x16_MI16x16x16x1_SN_GLVWA4_GLVWB4_GRVW4_K1_SS0_SVW4_WSGRA1_WSGRB1,NO_CHECK,1215.77,56523.2,,1,32,32,1,1,1,1,1077936128,4194304,,,,,,,,,,2026-04-19 00:04:30.
0,44/44,10/47,Contraction_l_Alik_Bjlk_Cijk_Dijk,"(512,8192,1,8192)",Cijk_Alik_Bjlk_B8B8S_BH_GB_MT64x64x16_MI16x16x16x1_SN_GLVWA8_GLVWB8_GRVW8_K1_SS0_SVW4_WSGRA1_WSGRB1,NO_CHECK,891.21,77108.1,,1,32,32,1,1,1,1,1077936128,4194304,,,,,,,,,,2026-04-19 00:04:30.
0,44/44,11/47,Contraction_l_Alik_Bjlk_Cijk_Dijk,"(512,8192,1,8192)",Cijk_Alik_Bjlk_B8B8S_BH_GB_MT64x64x16_MI16x16x16x1_SN_GLVWA16_GLVWB16_GRVW16_K1_SS0_SVW4_WSGRA1_WSGRB1,NO_CHECK,891.53,77080.4,,1,32,32,1,1,1,1,1077936128,4194304,,,,,,,,,,2026-04-19 00:04:30.
0,44/44,12/47,Contraction_l_Alik_Bjlk_Cijk_Dijk,"(512,8192,1,8192)",Cijk_Alik_Bjlk_B8B8S_BH_GB_MT64x64x32_MI16x16x16x1_SN_GLVWA4_GLVWB4_GRVW4_K1_SS0_SVW4_WSGRA0_WSGRB0,NO_CHECK,1067.81,64355.3,,1,32,32,1,1,1,1,1077936128,4194304,,,,,,,,,,2026-04-19 00:04:30.
0,44/44,13/47,Contraction_l_Alik_Bjlk_Cijk_Dijk,"(512,8192,1,8192)",Cijk_Alik_Bjlk_B8B8S_BH_GB_MT64x64x32_MI16x16x16x1_SN_GLVWA8_GLVWB8_GRVW8_K1_SS0_SVW4_WSGRA0_WSGRB0,NO_CHECK,895.451,76742.9,,1,32,32,1,1,1,1,1077936128,4194304,,,,,,,,,,2026-04-19 00:04:30.
0,44/44,14/47,Contraction_l_Alik_Bjlk_Cijk_Dijk,"(512,8192,1,8192)",Cijk_Alik_Bjlk_B8B8S_BH_GB_MT64x64x32_MI16x16x16x1_SN_GLVWA16_GLVWB16_GRVW16_K1_SS0_SVW4_WSGRA0_WSGRB0,NO_CHECK,1039.93,66080.7,,1,32,32,1,1,1,1,1077936128,4194304,,,,,,,,,,2026-04-19 00:04:30.
0,44/44,15/47,Contraction_l_Alik_Bjlk_Cijk_Dijk,"(512,8192,1,8192)",Cijk_Alik_Bjlk_B8B8S_BH_GB_MT64x64x32_MI16x16x16x1_SN_GLVWA4_GLVWB4_GRVW4_K1_SS0_SVW4_WSGRA1_WSGRB0,NO_CHECK,1045.29,65741.9,,1,32,32,1,1,1,1,1077936128,4194304,,,,,,,,,,2026-04-19 00:04:30.
0,44/44,16/47,Contraction_l_Alik_Bjlk_Cijk_Dijk,"(512,8192,1,8192)",Cijk_Alik_Bjlk_B8B8S_BH_GB_MT64x64x32_MI16x16x16x1_SN_GLVWA8_GLVWB8_GRVW8_K1_SS0_SVW4_WSGRA1_WSGRB0,NO_CHECK,897.89,76534.4,,1,32,32,1,1,1,1,1077936128,4194304,,,,,,,,,,2026-04-19 00:04:30.
0,44/44,17/47,Contraction_l_Alik_Bjlk_Cijk_Dijk,"(512,8192,1,8192)",Cijk_Alik_Bjlk_B8B8S_BH_GB_MT64x64x32_MI16x16x16x1_SN_GLVWA16_GLVWB16_GRVW16_K1_SS0_SVW4_WSGRA1_WSGRB0,NO_CHECK,910.411,75481.8,,1,32,32,1,1,1,1,1077936128,4194304,,,,,,,,,,2026-04-19 00:04:30.
0,44/44,18/47,Contraction_l_Alik_Bjlk_Cijk_Dijk,"(512,8192,1,8192)",Cijk_Alik_Bjlk_B8B8S_BH_GB_MT64x64x32_MI16x16x16x1_SN_GLVWA4_GLVWB4_GRVW4_K1_SS0_SVW4_WSGRA0_WSGRB1,NO_CHECK,1051.05,65381.6,,1,32,32,1,1,1,1,1077936128,4194304,,,,,,,,,,2026-04-19 00:04:30.
0,44/44,19/47,Contraction_l_Alik_Bjlk_Cijk_Dijk,"(512,8192,1,8192)",Cijk_Alik_Bjlk_B8B8S_BH_GB_MT64x64x32_MI16x16x16x1_SN_GLVWA8_GLVWB8_GRVW8_K1_SS0_SVW4_WSGRA0_WSGRB1,NO_CHECK,897.01,76609.5,,1,32,32,1,1,1,1,1077936128,4194304,,,,,,,,,,2026-04-19 00:04:30.
0,44/44,20/47,Contraction_l_Alik_Bjlk_Cijk_Dijk,"(512,8192,1,8192)",Cijk_Alik_Bjlk_B8B8S_BH_GB_MT64x64x32_MI16x16x16x1_SN_GLVWA16_GLVWB16_GRVW16_K1_SS0_SVW4_WSGRA0_WSGRB1,NO_CHECK,888.69,77326.7,,1,32,32,1,1,1,1,1077936128,4194304,,,,,,,,,,2026-04-19 00:04:30.
0,44/44,21/47,Contraction_l_Alik_Bjlk_Cijk_Dijk,"(512,8192,1,8192)",Cijk_Alik_Bjlk_B8B8S_BH_GB_MT64x64x32_MI16x16x16x1_SN_GLVWA4_GLVWB4_GRVW4_K1_SS0_SVW4_WSGRA1_WSGRB1,NO_CHECK,1196.21,57447.5,,1,32,32,1,1,1,1,1077936128,4194304,,,,,,,,,,2026-04-19 00:04:30.
0,44/44,22/47,Contraction_l_Alik_Bjlk_Cijk_Dijk,"(512,8192,1,8192)",Cijk_Alik_Bjlk_B8B8S_BH_GB_MT64x64x32_MI16x16x16x1_SN_GLVWA8_GLVWB8_GRVW8_K1_SS0_SVW4_WSGRA1_WSGRB1,NO_CHECK,890.57,77163.5,,1,32,32,1,1,1,1,1077936128,4194304,,,,,,,,,,2026-04-19 00:04:30.
0,44/44,23/47,Contraction_l_Alik_Bjlk_Cijk_Dijk,"(512,8192,1,8192)",Cijk_Alik_Bjlk_B8B8S_BH_GB_MT64x64x32_MI16x16x16x1_SN_GLVWA16_GLVWB16_GRVW16_K1_SS0_SVW4_WSGRA1_WSGRB1,NO_CHECK,788.809,87118,,1,32,32,1,1,1,1,1077936128,4194304,,,,,,,,,,2026-04-19 00:04:30.
0,44/44,24/47,Contraction_l_Alik_Bjlk_Cijk_Dijk,"(512,8192,1,8192)",Cijk_Alik_Bjlk_B8B8S_BH_GB_MT64x64x16_MI16x16x16x1_SN_GLVWA4_GLVWB4_GRVW4_K1_SS1_SVW1_WSGRA0_WSGRB0,NO_CHECK,939.171,73170.4,,1,32,32,1,1,1,1,1077936128,4194304,,,,,,,,,,2026-04-19 00:04:30.
0,44/44,25/47,Contraction_l_Alik_Bjlk_Cijk_Dijk,"(512,8192,1,8192)",Cijk_Alik_Bjlk_B8B8S_BH_GB_MT64x64x16_MI16x16x16x1_SN_GLVWA8_GLVWB8_GRVW8_K1_SS1_SVW1_WSGRA0_WSGRB0,NO_CHECK,888.13,77375.5,,1,32,32,1,1,1,1,1077936128,4194304,,,,,,,,,,2026-04-19 00:04:30.
0,44/44,26/47,Contraction_l_Alik_Bjlk_Cijk_Dijk,"(512,8192,1,8192)",Cijk_Alik_Bjlk_B8B8S_BH_GB_MT64x64x16_MI16x16x16x1_SN_GLVWA16_GLVWB16_GRVW16_K1_SS1_SVW1_WSGRA0_WSGRB0,NO_CHECK,884.29,77711.5,,1,32,32,1,1,1,1,1077936128,4194304,,,,,,,,,,2026-04-19 00:04:30.
0,44/44,27/47,Contraction_l_Alik_Bjlk_Cijk_Dijk,"(512,8192,1,8192)",Cijk_Alik_Bjlk_B8B8S_BH_GB_MT64x64x16_MI16x16x16x1_SN_GLVWA4_GLVWB4_GRVW4_K1_SS1_SVW1_WSGRA1_WSGRB0,NO_CHECK,933.851,73587.2,,1,32,32,1,1,1,1,1077936128,4194304,,,,,,,,,,2026-04-19 00:04:30.
0,44/44,28/47,Contraction_l_Alik_Bjlk_Cijk_Dijk,"(512,8192,1,8192)",Cijk_Alik_Bjlk_B8B8S_BH_GB_MT64x64x16_MI16x16x16x1_SN_GLVWA8_GLVWB8_GRVW8_K1_SS1_SVW1_WSGRA1_WSGRB0,NO_CHECK,893.211,76935.3,,1,32,32,1,1,1,1,1077936128,4194304,,,,,,,,,,2026-04-19 00:04:30.
0,44/44,29/47,Contraction_l_Alik_Bjlk_Cijk_Dijk,"(512,8192,1,8192)",Cijk_Alik_Bjlk_B8B8S_BH_GB_MT64x64x16_MI16x16x16x1_SN_GLVWA16_GLVWB16_GRVW16_K1_SS1_SVW1_WSGRA1_WSGRB0,NO_CHECK,954.491,71995.9,,1,32,32,1,1,1,1,1077936128,4194304,,,,,,,,,,2026-04-19 00:04:30.
0,44/44,30/47,Contraction_l_Alik_Bjlk_Cijk_Dijk,"(512,8192,1,8192)",Cijk_Alik_Bjlk_B8B8S_BH_GB_MT64x64x16_MI16x16x16x1_SN_GLVWA4_GLVWB4_GRVW4_K1_SS1_SVW1_WSGRA0_WSGRB1,NO_CHECK,1053.73,65215.3,,1,32,32,1,1,1,1,1077936128,4194304,,,,,,,,,,2026-04-19 00:04:30.
0,44/44,31/47,Contraction_l_Alik_Bjlk_Cijk_Dijk,"(512,8192,1,8192)",Cijk_Alik_Bjlk_B8B8S_BH_GB_MT64x64x16_MI16x16x16x1_SN_GLVWA8_GLVWB8_GRVW8_K1_SS1_SVW1_WSGRA0_WSGRB1,NO_CHECK,905.651,75878.5,,1,32,32,1,1,1,1,1077936128,4194304,,,,,,,,,,2026-04-19 00:04:30.
0,44/44,32/47,Contraction_l_Alik_Bjlk_Cijk_Dijk,"(512,8192,1,8192)",Cijk_Alik_Bjlk_B8B8S_BH_GB_MT64x64x16_MI16x16x16x1_SN_GLVWA16_GLVWB16_GRVW16_K1_SS1_SVW1_WSGRA0_WSGRB1,NO_CHECK,888.93,77305.8,,1,32,32,1,1,1,1,1077936128,4194304,,,,,,,,,,2026-04-19 00:04:30.
0,44/44,33/47,Contraction_l_Alik_Bjlk_Cijk_Dijk,"(512,8192,1,8192)",Cijk_Alik_Bjlk_B8B8S_BH_GB_MT64x64x16_MI16x16x16x1_SN_GLVWA4_GLVWB4_GRVW4_K1_SS1_SVW1_WSGRA1_WSGRB1,NO_CHECK,1035.37,66371.7,,1,32,32,1,1,1,1,1077936128,4194304,,,,,,,,,,2026-04-19 00:04:30.
0,44/44,34/47,Contraction_l_Alik_Bjlk_Cijk_Dijk,"(512,8192,1,8192)",Cijk_Alik_Bjlk_B8B8S_BH_GB_MT64x64x16_MI16x16x16x1_SN_GLVWA8_GLVWB8_GRVW8_K1_SS1_SVW1_WSGRA1_WSGRB1,NO_CHECK,786.529,87370.6,,1,32,32,1,1,1,1,1077936128,4194304,,,,,,,,,,2026-04-19 00:04:30.
0,44/44,35/47,Contraction_l_Alik_Bjlk_Cijk_Dijk,"(512,8192,1,8192)",Cijk_Alik_Bjlk_B8B8S_BH_GB_MT64x64x16_MI16x16x16x1_SN_GLVWA16_GLVWB16_GRVW16_K1_SS1_SVW1_WSGRA1_WSGRB1,NO_CHECK,897.851,76537.7,,1,32,32,1,1,1,1,1077936128,4194304,,,,,,,,,,2026-04-19 00:04:30.
0,44/44,36/47,Contraction_l_Alik_Bjlk_Cijk_Dijk,"(512,8192,1,8192)",Cijk_Alik_Bjlk_B8B8S_BH_GB_MT64x64x32_MI16x16x16x1_SN_GLVWA4_GLVWB4_GRVW4_K1_SS1_SVW1_WSGRA0_WSGRB0,NO_CHECK,1042.77,65900.8,,1,32,32,1,1,1,1,1077936128,4194304,,,,,,,,,,2026-04-19 00:04:30.
0,44/44,37/47,Contraction_l_Alik_Bjlk_Cijk_Dijk,"(512,8192,1,8192)",Cijk_Alik_Bjlk_B8B8S_BH_GB_MT64x64x32_MI16x16x16x1_SN_GLVWA8_GLVWB8_GRVW8_K1_SS1_SVW1_WSGRA0_WSGRB0,NO_CHECK,889.691,77239.7,,1,32,32,1,1,1,1,1077936128,4194304,,,,,,,,,,2026-04-19 00:04:30.
0,44/44,38/47,Contraction_l_Alik_Bjlk_Cijk_Dijk,"(512,8192,1,8192)",Cijk_Alik_Bjlk_B8B8S_BH_GB_MT64x64x32_MI16x16x16x1_SN_GLVWA16_GLVWB16_GRVW16_K1_SS1_SVW1_WSGRA0_WSGRB0,NO_CHECK,872.371,78773.2,,1,32,32,1,1,1,1,1077936128,4194304,,,,,,,,,,2026-04-19 00:04:30.
0,44/44,39/47,Contraction_l_Alik_Bjlk_Cijk_Dijk,"(512,8192,1,8192)",Cijk_Alik_Bjlk_B8B8S_BH_GB_MT64x64x32_MI16x16x16x1_SN_GLVWA4_GLVWB4_GRVW4_K1_SS1_SVW1_WSGRA1_WSGRB0,NO_CHECK,1043.65,65845.2,,1,32,32,1,1,1,1,1077936128,4194304,,,,,,,,,,2026-04-19 00:04:30.
0,44/44,40/47,Contraction_l_Alik_Bjlk_Cijk_Dijk,"(512,8192,1,8192)",Cijk_Alik_Bjlk_B8B8S_BH_GB_MT64x64x32_MI16x16x16x1_SN_GLVWA8_GLVWB8_GRVW8_K1_SS1_SVW1_WSGRA1_WSGRB0,NO_CHECK,780.609,88033.2,,1,32,32,1,1,1,1,1077936128,4194304,,,,,,,,,,2026-04-19 00:04:30.
0,44/44,41/47,Contraction_l_Alik_Bjlk_Cijk_Dijk,"(512,8192,1,8192)",Cijk_Alik_Bjlk_B8B8S_BH_GB_MT64x64x32_MI16x16x16x1_SN_GLVWA16_GLVWB16_GRVW16_K1_SS1_SVW1_WSGRA1_WSGRB0,NO_CHECK,895.571,76732.6,,1,32,32,1,1,1,1,1077936128,4194304,,,,,,,,,,2026-04-19 00:04:30.
0,44/44,42/47,Contraction_l_Alik_Bjlk_Cijk_Dijk,"(512,8192,1,8192)",Cijk_Alik_Bjlk_B8B8S_BH_GB_MT64x64x32_MI16x16x16x1_SN_GLVWA4_GLVWB4_GRVW4_K1_SS1_SVW1_WSGRA0_WSGRB1,NO_CHECK,1047.65,65593.8,,1,32,32,1,1,1,1,1077936128,4194304,,,,,,,,,,2026-04-19 00:04:30.
0,44/44,43/47,Contraction_l_Alik_Bjlk_Cijk_Dijk,"(512,8192,1,8192)",Cijk_Alik_Bjlk_B8B8S_BH_GB_MT64x64x32_MI16x16x16x1_SN_GLVWA8_GLVWB8_GRVW8_K1_SS1_SVW1_WSGRA0_WSGRB1,NO_CHECK,894.61,76815,,1,32,32,1,1,1,1,1077936128,4194304,,,,,,,,,,2026-04-19 00:04:30.
0,44/44,44/47,Contraction_l_Alik_Bjlk_Cijk_Dijk,"(512,8192,1,8192)",Cijk_Alik_Bjlk_B8B8S_BH_GB_MT64x64x32_MI16x16x16x1_SN_GLVWA16_GLVWB16_GRVW16_K1_SS1_SVW1_WSGRA0_WSGRB1,NO_CHECK,888.29,77361.5,,1,32,32,1,1,1,1,1077936128,4194304,,,,,,,,,,2026-04-19 00:04:30.
0,44/44,45/47,Contraction_l_Alik_Bjlk_Cijk_Dijk,"(512,8192,1,8192)",Cijk_Alik_Bjlk_B8B8S_BH_GB_MT64x64x32_MI16x16x16x1_SN_GLVWA4_GLVWB4_GRVW4_K1_SS1_SVW1_WSGRA1_WSGRB1,NO_CHECK,1063.69,64604.7,,1,32,32,1,1,1,1,1077936128,4194304,,,,,,,,,,2026-04-19 00:04:30.
0,44/44,46/47,Contraction_l_Alik_Bjlk_Cijk_Dijk,"(512,8192,1,8192)",Cijk_Alik_Bjlk_B8B8S_BH_GB_MT64x64x32_MI16x16x16x1_SN_GLVWA8_GLVWB8_GRVW8_K1_SS1_SVW1_WSGRA1_WSGRB1,NO_CHECK,890.09,77205.1,,1,32,32,1,1,1,1,1077936128,4194304,,,,,,,,,,2026-04-19 00:04:30.
0,44/44,47/47,Contraction_l_Alik_Bjlk_Cijk_Dijk,"(512,8192,1,8192)",Cijk_Alik_Bjlk_B8B8S_BH_GB_MT64x64x32_MI16x16x16x1_SN_GLVWA16_GLVWB16_GRVW16_K1_SS1_SVW1_WSGRA1_WSGRB1,NO_CHECK,792.009,86766,,1,32,32,1,1,1,1,1077936128,4194304,,,,,,,,,,2026-04-19 00:04:30.
+ [[ 0 -ne 0 ]]
+ exit 0
################################################################################
# Cijk_Alik_Bjlk_B8B8S_BH_GB_00
# 00_Final: End - 14.764s
################################################################################

clientExit=0 (PASS) for ['/home/iamthecage/rocm-libraries/shared/tensile/next-tuning/gfx1201-wide-v2/b8_to_b8_wmma_gb_fixed_tt.yaml']

# LibraryLogic config: {'ScheduleName': 'navi48', 'DeviceNames': ['Device 7550'], 'ArchitectureName': 'gfx1201'}
# DefaultAnalysisParameters: 

################################################################################
# Analysing data in 2_BenchmarkData - 14.765s
#   ScheduleName: navi48
#   DeviceNames: ['Device 7550']
#   ArchitectureName: gfx1201
#   SolutionImportanceMin: 0.01
################################################################################

################################################################################
# Analyzing: Cijk_Alik_Bjlk_B8B8S_BH_GB
# Read: /home/iamthecage/out-v2/b8_to_b8_wmma_gb_fixed_tt/2_BenchmarkData/Cijk_Alik_Bjlk_B8B8S_BH_GB_00.yaml
# ProblemSizes: ProblemSizes

# Solutions:
#  (0) Cijk_Alik_Bjlk_B8B8S_BH_GB_MT64x64x16_MI16x16x16x1_SN_GLVWA4_GLVWB4_GRVW4_K1_SS0_SVW4_WSGRA0_WSGRB0
#  (1) Cijk_Alik_Bjlk_B8B8S_BH_GB_MT64x64x16_MI16x16x16x1_SN_GLVWA8_GLVWB8_GRVW8_K1_SS0_SVW4_WSGRA0_WSGRB0
#  (2) Cijk_Alik_Bjlk_B8B8S_BH_GB_MT64x64x16_MI16x16x16x1_SN_GLVWA16_GLVWB16_GRVW16_K1_SS0_SVW4_WSGRA0_WSGRB0
#  (3) Cijk_Alik_Bjlk_B8B8S_BH_GB_MT64x64x16_MI16x16x16x1_SN_GLVWA4_GLVWB4_GRVW4_K1_SS0_SVW4_WSGRA1_WSGRB0
#  (4) Cijk_Alik_Bjlk_B8B8S_BH_GB_MT64x64x16_MI16x16x16x1_SN_GLVWA8_GLVWB8_GRVW8_K1_SS0_SVW4_WSGRA1_WSGRB0
#  (5) Cijk_Alik_Bjlk_B8B8S_BH_GB_MT64x64x16_MI16x16x16x1_SN_GLVWA16_GLVWB16_GRVW16_K1_SS0_SVW4_WSGRA1_WSGRB0
#  (6) Cijk_Alik_Bjlk_B8B8S_BH_GB_MT64x64x16_MI16x16x16x1_SN_GLVWA4_GLVWB4_GRVW4_K1_SS0_SVW4_WSGRA0_WSGRB1
#  (7) Cijk_Alik_Bjlk_B8B8S_BH_GB_MT64x64x16_MI16x16x16x1_SN_GLVWA8_GLVWB8_GRVW8_K1_SS0_SVW4_WSGRA0_WSGRB1
#  (8) Cijk_Alik_Bjlk_B8B8S_BH_GB_MT64x64x16_MI16x16x16x1_SN_GLVWA16_GLVWB16_GRVW16_K1_SS0_SVW4_WSGRA0_WSGRB1
#  (9) Cijk_Alik_Bjlk_B8B8S_BH_GB_MT64x64x16_MI16x16x16x1_SN_GLVWA4_GLVWB4_GRVW4_K1_SS0_SVW4_WSGRA1_WSGRB1
#  (10) Cijk_Alik_Bjlk_B8B8S_BH_GB_MT64x64x16_MI16x16x16x1_SN_GLVWA8_GLVWB8_GRVW8_K1_SS0_SVW4_WSGRA1_WSGRB1
#  (11) Cijk_Alik_Bjlk_B8B8S_BH_GB_MT64x64x16_MI16x16x16x1_SN_GLVWA16_GLVWB16_GRVW16_K1_SS0_SVW4_WSGRA1_WSGRB1
#  (12) Cijk_Alik_Bjlk_B8B8S_BH_GB_MT64x64x32_MI16x16x16x1_SN_GLVWA4_GLVWB4_GRVW4_K1_SS0_SVW4_WSGRA0_WSGRB0
#  (13) Cijk_Alik_Bjlk_B8B8S_BH_GB_MT64x64x32_MI16x16x16x1_SN_GLVWA8_GLVWB8_GRVW8_K1_SS0_SVW4_WSGRA0_WSGRB0
#  (14) Cijk_Alik_Bjlk_B8B8S_BH_GB_MT64x64x32_MI16x16x16x1_SN_GLVWA16_GLVWB16_GRVW16_K1_SS0_SVW4_WSGRA0_WSGRB0
#  (15) Cijk_Alik_Bjlk_B8B8S_BH_GB_MT64x64x32_MI16x16x16x1_SN_GLVWA4_GLVWB4_GRVW4_K1_SS0_SVW4_WSGRA1_WSGRB0
#  (16) Cijk_Alik_Bjlk_B8B8S_BH_GB_MT64x64x32_MI16x16x16x1_SN_GLVWA8_GLVWB8_GRVW8_K1_SS0_SVW4_WSGRA1_WSGRB0
#  (17) Cijk_Alik_Bjlk_B8B8S_BH_GB_MT64x64x32_MI16x16x16x1_SN_GLVWA16_GLVWB16_GRVW16_K1_SS0_SVW4_WSGRA1_WSGRB0
#  (18) Cijk_Alik_Bjlk_B8B8S_BH_GB_MT64x64x32_MI16x16x16x1_SN_GLVWA4_GLVWB4_GRVW4_K1_SS0_SVW4_WSGRA0_WSGRB1
#  (19) Cijk_Alik_Bjlk_B8B8S_BH_GB_MT64x64x32_MI16x16x16x1_SN_GLVWA8_GLVWB8_GRVW8_K1_SS0_SVW4_WSGRA0_WSGRB1
#  (20) Cijk_Alik_Bjlk_B8B8S_BH_GB_MT64x64x32_MI16x16x16x1_SN_GLVWA16_GLVWB16_GRVW16_K1_SS0_SVW4_WSGRA0_WSGRB1
#  (21) Cijk_Alik_Bjlk_B8B8S_BH_GB_MT64x64x32_MI16x16x16x1_SN_GLVWA4_GLVWB4_GRVW4_K1_SS0_SVW4_WSGRA1_WSGRB1
#  (22) Cijk_Alik_Bjlk_B8B8S_BH_GB_MT64x64x32_MI16x16x16x1_SN_GLVWA8_GLVWB8_GRVW8_K1_SS0_SVW4_WSGRA1_WSGRB1
#  (23) Cijk_Alik_Bjlk_B8B8S_BH_GB_MT64x64x32_MI16x16x16x1_SN_GLVWA16_GLVWB16_GRVW16_K1_SS0_SVW4_WSGRA1_WSGRB1
#  (24) Cijk_Alik_Bjlk_B8B8S_BH_GB_MT64x64x16_MI16x16x16x1_SN_GLVWA4_GLVWB4_GRVW4_K1_SS1_SVW1_WSGRA0_WSGRB0
#  (25) Cijk_Alik_Bjlk_B8B8S_BH_GB_MT64x64x16_MI16x16x16x1_SN_GLVWA8_GLVWB8_GRVW8_K1_SS1_SVW1_WSGRA0_WSGRB0
#  (26) Cijk_Alik_Bjlk_B8B8S_BH_GB_MT64x64x16_MI16x16x16x1_SN_GLVWA16_GLVWB16_GRVW16_K1_SS1_SVW1_WSGRA0_WSGRB0
#  (27) Cijk_Alik_Bjlk_B8B8S_BH_GB_MT64x64x16_MI16x16x16x1_SN_GLVWA4_GLVWB4_GRVW4_K1_SS1_SVW1_WSGRA1_WSGRB0
#  (28) Cijk_Alik_Bjlk_B8B8S_BH_GB_MT64x64x16_MI16x16x16x1_SN_GLVWA8_GLVWB8_GRVW8_K1_SS1_SVW1_WSGRA1_WSGRB0
#  (29) Cijk_Alik_Bjlk_B8B8S_BH_GB_MT64x64x16_MI16x16x16x1_SN_GLVWA16_GLVWB16_GRVW16_K1_SS1_SVW1_WSGRA1_WSGRB0
#  (30) Cijk_Alik_Bjlk_B8B8S_BH_GB_MT64x64x16_MI16x16x16x1_SN_GLVWA4_GLVWB4_GRVW4_K1_SS1_SVW1_WSGRA0_WSGRB1
#  (31) Cijk_Alik_Bjlk_B8B8S_BH_GB_MT64x64x16_MI16x16x16x1_SN_GLVWA8_GLVWB8_GRVW8_K1_SS1_SVW1_WSGRA0_WSGRB1
#  (32) Cijk_Alik_Bjlk_B8B8S_BH_GB_MT64x64x16_MI16x16x16x1_SN_GLVWA16_GLVWB16_GRVW16_K1_SS1_SVW1_WSGRA0_WSGRB1
#  (33) Cijk_Alik_Bjlk_B8B8S_BH_GB_MT64x64x16_MI16x16x16x1_SN_GLVWA4_GLVWB4_GRVW4_K1_SS1_SVW1_WSGRA1_WSGRB1
#  (34) Cijk_Alik_Bjlk_B8B8S_BH_GB_MT64x64x16_MI16x16x16x1_SN_GLVWA8_GLVWB8_GRVW8_K1_SS1_SVW1_WSGRA1_WSGRB1
#  (35) Cijk_Alik_Bjlk_B8B8S_BH_GB_MT64x64x16_MI16x16x16x1_SN_GLVWA16_GLVWB16_GRVW16_K1_SS1_SVW1_WSGRA1_WSGRB1
#  (36) Cijk_Alik_Bjlk_B8B8S_BH_GB_MT64x64x32_MI16x16x16x1_SN_GLVWA4_GLVWB4_GRVW4_K1_SS1_SVW1_WSGRA0_WSGRB0
#  (37) Cijk_Alik_Bjlk_B8B8S_BH_GB_MT64x64x32_MI16x16x16x1_SN_GLVWA8_GLVWB8_GRVW8_K1_SS1_SVW1_WSGRA0_WSGRB0
#  (38) Cijk_Alik_Bjlk_B8B8S_BH_GB_MT64x64x32_MI16x16x16x1_SN_GLVWA16_GLVWB16_GRVW16_K1_SS1_SVW1_WSGRA0_WSGRB0
#  (39) Cijk_Alik_Bjlk_B8B8S_BH_GB_MT64x64x32_MI16x16x16x1_SN_GLVWA4_GLVWB4_GRVW4_K1_SS1_SVW1_WSGRA1_WSGRB0
#  (40) Cijk_Alik_Bjlk_B8B8S_BH_GB_MT64x64x32_MI16x16x16x1_SN_GLVWA8_GLVWB8_GRVW8_K1_SS1_SVW1_WSGRA1_WSGRB0
#  (41) Cijk_Alik_Bjlk_B8B8S_BH_GB_MT64x64x32_MI16x16x16x1_SN_GLVWA16_GLVWB16_GRVW16_K1_SS1_SVW1_WSGRA1_WSGRB0
#  (42) Cijk_Alik_Bjlk_B8B8S_BH_GB_MT64x64x32_MI16x16x16x1_SN_GLVWA4_GLVWB4_GRVW4_K1_SS1_SVW1_WSGRA0_WSGRB1
#  (43) Cijk_Alik_Bjlk_B8B8S_BH_GB_MT64x64x32_MI16x16x16x1_SN_GLVWA8_GLVWB8_GRVW8_K1_SS1_SVW1_WSGRA0_WSGRB1
#  (44) Cijk_Alik_Bjlk_B8B8S_BH_GB_MT64x64x32_MI16x16x16x1_SN_GLVWA16_GLVWB16_GRVW16_K1_SS1_SVW1_WSGRA0_WSGRB1
#  (45) Cijk_Alik_Bjlk_B8B8S_BH_GB_MT64x64x32_MI16x16x16x1_SN_GLVWA4_GLVWB4_GRVW4_K1_SS1_SVW1_WSGRA1_WSGRB1
#  (46) Cijk_Alik_Bjlk_B8B8S_BH_GB_MT64x64x32_MI16x16x16x1_SN_GLVWA8_GLVWB8_GRVW8_K1_SS1_SVW1_WSGRA1_WSGRB1
#  (47) Cijk_Alik_Bjlk_B8B8S_BH_GB_MT64x64x32_MI16x16x16x1_SN_GLVWA16_GLVWB16_GRVW16_K1_SS1_SVW1_WSGRA1_WSGRB1
################################################################################
# Merging Solutions:
                                                   # LogicAnalyzer .                              4.2%                                                   # LogicAnalyzer ..                             8.3%                                                    # LogicAnalyzer ...                            10.4%                                                    # LogicAnalyzer ....                           14.6%                                                    # LogicAnalyzer .....                          16.7%                                                    # LogicAnalyzer ......                         20.8%                                                    # LogicAnalyzer .......                        25.0%                                                    # LogicAnalyzer ........                       27.1%                                                    # LogicAnalyzer .........                      31.2%                                                    # LogicAnalyzer ..........                     33.3%                                                    # LogicAnalyzer ...........                    37.5%                                                    # LogicAnalyzer ............                   41.7%                                                    # LogicAnalyzer .............                  43.8%                                                    # LogicAnalyzer ..............                 47.9%                                                    # LogicAnalyzer ...............                50.0%                                                    # LogicAnalyzer ................               54.2%                                                    # LogicAnalyzer .................              58.3%                                                    # LogicAnalyzer ..................             60.4%                                                    # LogicAnalyzer ...................            64.6%                                                    # LogicAnalyzer ....................           66.7%                                                    # LogicAnalyzer .....................          70.8%                                                    # LogicAnalyzer ......................         75.0%                                                    # LogicAnalyzer .......................        77.1%                                                    # LogicAnalyzer ........................       81.2%                                                    # LogicAnalyzer .........................      83.3%                                                    # LogicAnalyzer ..........................     87.5%                                                    # LogicAnalyzer ...........................    91.7%                                                    # LogicAnalyzer ............................   93.8%                                                    # LogicAnalyzer .............................  97.9%                                                     # LogicAnalyzer .............................. 100.0%UnifiedProblemSizes: [[], [], [], [], [], [], [], []]
ExactProblemSizes: {(512, 8192, 1, 8192, 512, 512, 8192, 8192), (8, 8192, 1, 1024, 8, 8, 1024, 8192), (32, 8192, 1, 4096, 32, 32, 4096, 8192), (128, 1024, 1, 8192, 128, 
128, 8192, 1024), (8, 4096, 1, 1024, 8, 8, 1024, 4096), (512, 8192, 1, 4096, 512, 512, 4096, 8192), (1, 8192, 1, 1024, 1, 1, 1024, 8192), (128, 4096, 1, 8192, 128, 128, 
8192, 4096), (32, 8192, 1, 1024, 32, 32, 1024, 8192), (8, 4096, 1, 8192, 8, 8, 8192, 4096), (128, 8192, 1, 8192, 128, 128, 8192, 8192), (8, 1024, 1, 1024, 8, 8, 1024, 
1024), (32, 1024, 1, 1024, 32, 32, 1024, 1024), (32, 4096, 1, 1024, 32, 32, 1024, 4096), (128, 8192, 1, 1024, 128, 128, 1024, 8192), (8, 1024, 1, 8192, 8, 8, 8192, 1024), 
(1, 4096, 1, 1024, 1, 1, 1024, 4096), (32, 8192, 1, 8192, 32, 32, 8192, 8192), (1, 1024, 1, 1024, 1, 1, 1024, 1024), (8, 4096, 1, 4096, 8, 8, 4096, 4096), (1, 8192, 1, 
8192, 1, 1, 8192, 8192), (512, 1024, 1, 4096, 512, 512, 4096, 1024), (32, 4096, 1, 8192, 32, 32, 8192, 4096), (1, 1024, 1, 8192, 1, 1, 8192, 1024), (128, 8192, 1, 4096, 
128, 128, 4096, 8192), (512, 4096, 1, 1024, 512, 512, 1024, 4096), (128, 4096, 1, 4096, 128, 128, 4096, 4096), (512, 4096, 1, 8192, 512, 512, 8192, 4096), (1, 4096, 1, 
8192, 1, 1, 8192, 4096), (1, 4096, 1, 4096, 1, 1, 4096, 4096), (32, 1024, 1, 4096, 32, 32, 4096, 1024), (128, 4096, 1, 1024, 128, 128, 1024, 4096), (32, 1024, 1, 8192, 32, 
32, 8192, 1024), (128, 1024, 1, 4096, 128, 128, 4096, 1024), (8, 8192, 1, 4096, 8, 8, 4096, 8192), (8, 8192, 1, 8192, 8, 8, 8192, 8192), (1, 8192, 1, 4096, 1, 1, 4096, 
8192), (8, 1024, 1, 4096, 8, 8, 4096, 1024), (512, 1024, 1, 8192, 512, 512, 8192, 1024), (128, 1024, 1, 1024, 128, 128, 1024, 1024), (512, 4096, 1, 4096, 512, 512, 4096, 
4096), (32, 4096, 1, 4096, 32, 32, 4096, 4096), (512, 8192, 1, 1024, 512, 512, 1024, 8192), (512, 1024, 1, 1024, 512, 512, 1024, 1024), (1, 1024, 1, 4096, 1, 1, 4096, 
1024)}
RangeProblemSizes: {(512, 8192, 1, 8192, 512, 512, 8192, 8192), (8, 8192, 1, 1024, 8, 8, 1024, 8192), (32, 8192, 1, 4096, 32, 32, 4096, 8192), (128, 1024, 1, 8192, 128, 
128, 8192, 1024), (8, 4096, 1, 1024, 8, 8, 1024, 4096), (512, 8192, 1, 4096, 512, 512, 4096, 8192), (1, 8192, 1, 1024, 1, 1, 1024, 8192), (128, 4096, 1, 8192, 128, 128, 
8192, 4096), (32, 8192, 1, 1024, 32, 32, 1024, 8192), (8, 4096, 1, 8192, 8, 8, 8192, 4096), (128, 8192, 1, 8192, 128, 128, 8192, 8192), (8, 1024, 1, 1024, 8, 8, 1024, 
1024), (32, 1024, 1, 1024, 32, 32, 1024, 1024), (32, 4096, 1, 1024, 32, 32, 1024, 4096), (128, 8192, 1, 1024, 128, 128, 1024, 8192), (8, 1024, 1, 8192, 8, 8, 8192, 1024), 
(1, 4096, 1, 1024, 1, 1, 1024, 4096), (32, 8192, 1, 8192, 32, 32, 8192, 8192), (1, 1024, 1, 1024, 1, 1, 1024, 1024), (8, 4096, 1, 4096, 8, 8, 4096, 4096), (1, 8192, 1, 
8192, 1, 1, 8192, 8192), (512, 1024, 1, 4096, 512, 512, 4096, 1024), (32, 4096, 1, 8192, 32, 32, 8192, 4096), (1, 1024, 1, 8192, 1, 1, 8192, 1024), (128, 8192, 1, 4096, 
128, 128, 4096, 8192), (512, 4096, 1, 1024, 512, 512, 1024, 4096), (128, 4096, 1, 4096, 128, 128, 4096, 4096), (512, 4096, 1, 8192, 512, 512, 8192, 4096), (1, 4096, 1, 
8192, 1, 1, 8192, 4096), (1, 4096, 1, 4096, 1, 1, 4096, 4096), (32, 1024, 1, 4096, 32, 32, 4096, 1024), (128, 4096, 1, 1024, 128, 128, 1024, 4096), (32, 1024, 1, 8192, 32, 
32, 8192, 1024), (128, 1024, 1, 4096, 128, 128, 4096, 1024), (8, 8192, 1, 4096, 8, 8, 4096, 8192), (8, 8192, 1, 8192, 8, 8, 8192, 8192), (1, 8192, 1, 4096, 1, 1, 4096, 
8192), (8, 1024, 1, 4096, 8, 8, 4096, 1024), (512, 1024, 1, 8192, 512, 512, 8192, 1024), (128, 1024, 1, 1024, 128, 128, 1024, 1024), (512, 4096, 1, 4096, 512, 512, 4096, 
4096), (32, 4096, 1, 4096, 32, 32, 4096, 4096), (512, 8192, 1, 1024, 512, 512, 1024, 8192), (512, 1024, 1, 1024, 512, 512, 1024, 1024), (1, 1024, 1, 4096, 1, 1, 4096, 
1024)}
# NumProblemSizes: [0, 0, 0, 0, 0, 0, 0, 0]
TotalProblems: 0
TotalSolutions: 48
TotalSize: 0
IndexOrder: [2, 3, 0, 1]
reading datafile /home/iamthecage/out-v2/b8_to_b8_wmma_gb_fixed_tt/2_BenchmarkData/Cijk_Alik_Bjlk_B8B8S_BH_GB_00.csv
# ExactWinners: {(1, 1024, 1, 1024, 1, 1, 1024, 1024): [38, 37.7186], (1, 1024, 1, 4096, 1, 1, 4096, 1024): [20, 77.47], (1, 1024, 1, 8192, 1, 1, 8192, 1024): [41, 
87.4168], (1, 4096, 1, 1024, 1, 1, 1024, 4096): [20, 186.244], (1, 4096, 1, 4096, 1, 1, 4096, 4096): [47, 314.06], (1, 4096, 1, 8192, 1, 1, 8192, 4096): [23, 364.718], (1, 
8192, 1, 1024, 1, 1, 1024, 8192): [41, 363.458], (1, 8192, 1, 4096, 1, 1, 4096, 8192): [17, 613.64], (1, 8192, 1, 8192, 1, 1, 8192, 8192): [17, 661.686], (8, 1024, 1, 1024,
8, 8, 1024, 1024): [47, 297.047], (8, 1024, 1, 4096, 8, 8, 4096, 1024): [16, 614.319], (8, 1024, 1, 8192, 8, 8, 8192, 1024): [44, 694.845], (8, 4096, 1, 1024, 8, 8, 1024, 
4096): [17, 1471.65], (8, 4096, 1, 4096, 8, 8, 4096, 4096): [44, 2504.04], (8, 4096, 1, 8192, 8, 8, 8192, 4096): [20, 2797.92], (8, 8192, 1, 1024, 8, 8, 1024, 8192): [20, 
2905.08], (8, 8192, 1, 4096, 8, 8, 4096, 8192): [41, 4894.84], (8, 8192, 1, 8192, 8, 8, 8192, 8192): [17, 3785.54], (32, 1024, 1, 1024, 32, 32, 1024, 1024): [47, 1180.64], 
(32, 1024, 1, 4096, 32, 32, 4096, 1024): [20, 2458.18], (32, 1024, 1, 8192, 32, 32, 8192, 1024): [17, 2775.93], (32, 4096, 1, 1024, 32, 32, 1024, 4096): [17, 5902.14], (32,
4096, 1, 4096, 32, 32, 4096, 4096): [23, 9978.92], (32, 4096, 1, 8192, 32, 32, 8192, 4096): [44, 11092.3], (32, 8192, 1, 1024, 32, 32, 1024, 8192): [14, 11520.8], (32, 
8192, 1, 4096, 32, 32, 4096, 8192): [20, 19409.3], (32, 8192, 1, 8192, 32, 32, 8192, 8192): [20, 20239.9], (128, 1024, 1, 1024, 128, 128, 1024, 1024): [14, 6637.87], (128, 
1024, 1, 4096, 128, 128, 4096, 1024): [17, 10724.4], (128, 1024, 1, 8192, 128, 128, 8192, 1024): [22, 11355.0], (128, 4096, 1, 1024, 128, 128, 1024, 4096): [23, 27845.3], 
(128, 4096, 1, 4096, 128, 128, 4096, 4096): [20, 40733.4], (128, 4096, 1, 8192, 128, 128, 8192, 4096): [14, 44222.6], (128, 8192, 1, 1024, 128, 128, 1024, 8192): [11, 
45190.2], (128, 8192, 1, 4096, 128, 128, 4096, 8192): [11, 60594.1], (128, 8192, 1, 8192, 128, 128, 8192, 8192): [26, 62254.0], (512, 1024, 1, 1024, 512, 512, 1024, 1024): 
[14, 29272.4], (512, 1024, 1, 4096, 512, 512, 4096, 1024): [13, 45905.0], (512, 1024, 1, 8192, 512, 512, 8192, 1024): [23, 45076.9], (512, 4096, 1, 1024, 512, 512, 1024, 
4096): [1, 55576.0], (512, 4096, 1, 4096, 512, 512, 4096, 4096): [23, 67615.2], (512, 4096, 1, 8192, 512, 512, 8192, 4096): [14, 70247.2], (512, 8192, 1, 1024, 512, 512, 
1024, 8192): [46, 84879.9], (512, 8192, 1, 4096, 512, 512, 4096, 8192): [13, 85258.8], (512, 8192, 1, 8192, 512, 512, 8192, 8192): [40, 88033.2]}
problemIndicesForGlobalRange []
Winners {1, 38, 40, 41, 11, 44, 13, 14, 47, 16, 17, 46, 20, 22, 23, 26}
After Removals:

( 0) Cijk_Alik_Bjlk_B8B8S_BH_GB_MT64x64x16_MI16x16x16x1_SN_GLVWA8_GLVWB8_GRVW8_K1_SS0_SVW4_WSGRA0_WSGRB0 : 
Cijk_Alik_Bjlk_B8B8S_BH_GB_MT64x64x16_MI16x16x16x1_SN_1LDSB0_APM1_AAIGTEn1_AAILTEn1_AAV0_ABV0_ACED0_AF0EM1_AF1EM1_AMAS0_ASE_ASGT_ASLT_ASM_ASAE01_ASBE01_ASCE01_ASDE01_ASEM1_
AAC0_BL1_BS1_CUM0_CDO0_CTDA0_CLR0_DSK0_DRA0_DU16_DULD1_DTLA0_DTLB0_DTVA0_DTVB0_DAF0_DKP0_DVO0_ETSP_EPS0_ELFLR0_EMLL0_FSSC10_F16AI0_F16AIR0_FL0_GLVWA8_GLVWB8_GR2A1_GR2B1_GRC
GA1_GRCGB1_GRCVA1_GRCVB1_GRPM1_GRVW8_GSU1_GSUASB_GSUAA0_GSUSARR1_GSUWGMRR0_GLS0_ISA1201_IU1_IA0_KLA_LEL0_LBSPPA512_LBSPPB512_LPA16_LPB16_LDL1_LR2A1_LR2B1_LRVW8_LW2A1_LW2B1_
LWPMn1_LDW0_LT1_FMA_MIAV1_MTSM64_MTSM1_MDA2_MI16_16_16_1_MO40_MVN256_MMFSC_MKFGSU256_MVN0_NR0_NTA0_NTB0_NTC0_NTD0_NEPBS0_NLCA1_NLCB1_ONLL0_OPLV0_PBD0_PFD1_PG2_PSD0_PSLn1_PW
Cn1_PWLn1_PK0_PKAB0_PAP0_PAPM0_PGR0_PLR0_PKA0_RK0_SGR0_SIA0_SLW0_SS0_SU32_SUM0_SUS256_SCIU0_SCIUE0_SCIUI1_SCIUPL0_SPO0_SRVW0_SSO0_SVW4_SK0_SKA0_SKXCCM0_SNLL0_TSGRA0_TSGRB0_
TT4_64_TLDS0_UIIDU0_UMLDSA0_UMLDSB0_UMF0_U64SL1_UIOFGRO0_USFGROn1_VAW1_VSn1_VW1_VWB1_VFLRP0_WSGRA0_WSGRB0_WS32_WG16_2_1_WGM8_WGMTB
( 1) Cijk_Alik_Bjlk_B8B8S_BH_GB_MT64x64x16_MI16x16x16x1_SN_GLVWA16_GLVWB16_GRVW16_K1_SS0_SVW4_WSGRA1_WSGRB1 : 
Cijk_Alik_Bjlk_B8B8S_BH_GB_MT64x64x16_MI16x16x16x1_SN_1LDSB0_APM1_AAIGTEn1_AAILTEn1_AAV0_ABV0_ACED0_AF0EM1_AF1EM1_AMAS0_ASE_ASGT_ASLT_ASM_ASAE01_ASBE01_ASCE01_ASDE01_ASEM1_
AAC0_BL1_BS1_CUM0_CDO0_CTDA0_CLR0_DSK0_DRA0_DU16_DULD1_DTLA0_DTLB0_DTVA0_DTVB0_DAF0_DKP0_DVO0_ETSP_EPS0_ELFLR0_EMLL0_FSSC10_F16AI0_F16AIR0_FL0_GLVWA16_GLVWB16_GR2A1_GR2B1_G
RCGA1_GRCGB1_GRCVA1_GRCVB1_GRPM1_GRVW16_GSU1_GSUASB_GSUAA0_GSUSARR1_GSUWGMRR0_GLS0_ISA1201_IU1_IA0_KLA_LEL0_LBSPPA512_LBSPPB512_LPA16_LPB16_LDL1_LR2A1_LR2B1_LRVW8_LW2A1_LW2
B1_LWPMn1_LDW0_LT1_FMA_MIAV1_MTSM64_MTSM1_MDA2_MI16_16_16_1_MO40_MVN256_MMFSC_MKFGSU256_MVN0_NR0_NTA0_NTB0_NTC0_NTD0_NEPBS0_NLCA1_NLCB1_ONLL0_OPLV0_PBD0_PFD1_PG2_PSD0_PSLn1
_PWCn1_PWLn1_PK0_PKAB0_PAP0_PAPM0_PGR0_PLR0_PKA0_RK0_SGR0_SIA0_SLW0_SS0_SU32_SUM0_SUS256_SCIU0_SCIUE0_SCIUI1_SCIUPL0_SPO0_SRVW0_SSO0_SVW4_SK0_SKA0_SKXCCM0_SNLL0_TSGRA0_TSGR
B0_TT4_64_TLDS0_UIIDU0_UMLDSA0_UMLDSB0_UMF0_U64SL1_UIOFGRO0_USFGROn1_VAW1_VSn1_VW1_VWB1_VFLRP0_WSGRA1_WSGRB1_WS32_WG16_2_1_WGM8_WGMTB
( 2) Cijk_Alik_Bjlk_B8B8S_BH_GB_MT64x64x32_MI16x16x16x1_SN_GLVWA8_GLVWB8_GRVW8_K1_SS0_SVW4_WSGRA0_WSGRB0 : 
Cijk_Alik_Bjlk_B8B8S_BH_GB_MT64x64x32_MI16x16x16x1_SN_1LDSB0_APM1_AAIGTEn1_AAILTEn1_AAV0_ABV0_ACED0_AF0EM1_AF1EM1_AMAS0_ASE_ASGT_ASLT_ASM_ASAE01_ASBE01_ASCE01_ASDE01_ASEM1_
AAC0_BL1_BS1_CUM0_CDO0_CTDA0_CLR0_DSK0_DRA0_DU32_DULD1_DTLA0_DTLB0_DTVA0_DTVB0_DAF0_DKP0_DVO0_ETSP_EPS0_ELFLR0_EMLL0_FSSC10_F16AI0_F16AIR0_FL0_GLVWA8_GLVWB8_GR2A1_GR2B1_GRC
GA1_GRCGB1_GRCVA1_GRCVB1_GRPM1_GRVW8_GSU1_GSUASB_GSUAA0_GSUSARR1_GSUWGMRR0_GLS0_ISA1201_IU1_IA0_KLA_LEL0_LBSPPA512_LBSPPB512_LPA16_LPB16_LDL1_LR2A1_LR2B1_LRVW8_LW2A1_LW2B1_
LWPMn1_LDW0_LT1_FMA_MIAV1_MTSM64_MTSM1_MDA2_MI16_16_16_1_MO40_MVN256_MMFSC_MKFGSU256_MVN0_NR0_NTA0_NTB0_NTC0_NTD0_NEPBS0_NLCA1_NLCB1_ONLL0_OPLV0_PBD0_PFD1_PG2_PSD0_PSLn1_PW
Cn1_PWLn1_PK0_PKAB0_PAP0_PAPM0_PGR0_PLR0_PKA0_RK0_SGR0_SIA0_SLW0_SS0_SU32_SUM0_SUS256_SCIU0_SCIUE0_SCIUI1_SCIUPL0_SPO0_SRVW0_SSO0_SVW4_SK0_SKA0_SKXCCM0_SNLL0_TSGRA0_TSGRB0_
TT4_64_TLDS0_UIIDU0_UMLDSA0_UMLDSB0_UMF0_U64SL1_UIOFGRO0_USFGROn1_VAW1_VSn1_VW1_VWB1_VFLRP0_WSGRA0_WSGRB0_WS32_WG16_2_1_WGM8_WGMTB
( 3) Cijk_Alik_Bjlk_B8B8S_BH_GB_MT64x64x32_MI16x16x16x1_SN_GLVWA16_GLVWB16_GRVW16_K1_SS0_SVW4_WSGRA0_WSGRB0 : 
Cijk_Alik_Bjlk_B8B8S_BH_GB_MT64x64x32_MI16x16x16x1_SN_1LDSB0_APM1_AAIGTEn1_AAILTEn1_AAV0_ABV0_ACED0_AF0EM1_AF1EM1_AMAS0_ASE_ASGT_ASLT_ASM_ASAE01_ASBE01_ASCE01_ASDE01_ASEM1_
AAC0_BL1_BS1_CUM0_CDO0_CTDA0_CLR0_DSK0_DRA0_DU32_DULD1_DTLA0_DTLB0_DTVA0_DTVB0_DAF0_DKP0_DVO0_ETSP_EPS0_ELFLR0_EMLL0_FSSC10_F16AI0_F16AIR0_FL0_GLVWA16_GLVWB16_GR2A1_GR2B1_G
RCGA1_GRCGB1_GRCVA1_GRCVB1_GRPM1_GRVW16_GSU1_GSUASB_GSUAA0_GSUSARR1_GSUWGMRR0_GLS0_ISA1201_IU1_IA0_KLA_LEL0_LBSPPA512_LBSPPB512_LPA16_LPB16_LDL1_LR2A1_LR2B1_LRVW8_LW2A1_LW2
B1_LWPMn1_LDW0_LT1_FMA_MIAV1_MTSM64_MTSM1_MDA2_MI16_16_16_1_MO40_MVN256_MMFSC_MKFGSU256_MVN0_NR0_NTA0_NTB0_NTC0_NTD0_NEPBS0_NLCA1_NLCB1_ONLL0_OPLV0_PBD0_PFD1_PG2_PSD0_PSLn1
_PWCn1_PWLn1_PK0_PKAB0_PAP0_PAPM0_PGR0_PLR0_PKA0_RK0_SGR0_SIA0_SLW0_SS0_SU32_SUM0_SUS256_SCIU0_SCIUE0_SCIUI1_SCIUPL0_SPO0_SRVW0_SSO0_SVW4_SK0_SKA0_SKXCCM0_SNLL0_TSGRA0_TSGR
B0_TT4_64_TLDS0_UIIDU0_UMLDSA0_UMLDSB0_UMF0_U64SL1_UIOFGRO0_USFGROn1_VAW1_VSn1_VW1_VWB1_VFLRP0_WSGRA0_WSGRB0_WS32_WG16_2_1_WGM8_WGMTB
( 4) Cijk_Alik_Bjlk_B8B8S_BH_GB_MT64x64x32_MI16x16x16x1_SN_GLVWA8_GLVWB8_GRVW8_K1_SS0_SVW4_WSGRA1_WSGRB0 : 
Cijk_Alik_Bjlk_B8B8S_BH_GB_MT64x64x32_MI16x16x16x1_SN_1LDSB0_APM1_AAIGTEn1_AAILTEn1_AAV0_ABV0_ACED0_AF0EM1_AF1EM1_AMAS0_ASE_ASGT_ASLT_ASM_ASAE01_ASBE01_ASCE01_ASDE01_ASEM1_
AAC0_BL1_BS1_CUM0_CDO0_CTDA0_CLR0_DSK0_DRA0_DU32_DULD1_DTLA0_DTLB0_DTVA0_DTVB0_DAF0_DKP0_DVO0_ETSP_EPS0_ELFLR0_EMLL0_FSSC10_F16AI0_F16AIR0_FL0_GLVWA8_GLVWB8_GR2A1_GR2B1_GRC
GA1_GRCGB1_GRCVA1_GRCVB1_GRPM1_GRVW8_GSU1_GSUASB_GSUAA0_GSUSARR1_GSUWGMRR0_GLS0_ISA1201_IU1_IA0_KLA_LEL0_LBSPPA512_LBSPPB512_LPA16_LPB16_LDL1_LR2A1_LR2B1_LRVW8_LW2A1_LW2B1_
LWPMn1_LDW0_LT1_FMA_MIAV1_MTSM64_MTSM1_MDA2_MI16_16_16_1_MO40_MVN256_MMFSC_MKFGSU256_MVN0_NR0_NTA0_NTB0_NTC0_NTD0_NEPBS0_NLCA1_NLCB1_ONLL0_OPLV0_PBD0_PFD1_PG2_PSD0_PSLn1_PW
Cn1_PWLn1_PK0_PKAB0_PAP0_PAPM0_PGR0_PLR0_PKA0_RK0_SGR0_SIA0_SLW0_SS0_SU32_SUM0_SUS256_SCIU0_SCIUE0_SCIUI1_SCIUPL0_SPO0_SRVW0_SSO0_SVW4_SK0_SKA0_SKXCCM0_SNLL0_TSGRA0_TSGRB0_
TT4_64_TLDS0_UIIDU0_UMLDSA0_UMLDSB0_UMF0_U64SL1_UIOFGRO0_USFGROn1_VAW1_VSn1_VW1_VWB1_VFLRP0_WSGRA1_WSGRB0_WS32_WG16_2_1_WGM8_WGMTB
( 5) Cijk_Alik_Bjlk_B8B8S_BH_GB_MT64x64x32_MI16x16x16x1_SN_GLVWA16_GLVWB16_GRVW16_K1_SS0_SVW4_WSGRA1_WSGRB0 : 
Cijk_Alik_Bjlk_B8B8S_BH_GB_MT64x64x32_MI16x16x16x1_SN_1LDSB0_APM1_AAIGTEn1_AAILTEn1_AAV0_ABV0_ACED0_AF0EM1_AF1EM1_AMAS0_ASE_ASGT_ASLT_ASM_ASAE01_ASBE01_ASCE01_ASDE01_ASEM1_
AAC0_BL1_BS1_CUM0_CDO0_CTDA0_CLR0_DSK0_DRA0_DU32_DULD1_DTLA0_DTLB0_DTVA0_DTVB0_DAF0_DKP0_DVO0_ETSP_EPS0_ELFLR0_EMLL0_FSSC10_F16AI0_F16AIR0_FL0_GLVWA16_GLVWB16_GR2A1_GR2B1_G
RCGA1_GRCGB1_GRCVA1_GRCVB1_GRPM1_GRVW16_GSU1_GSUASB_GSUAA0_GSUSARR1_GSUWGMRR0_GLS0_ISA1201_IU1_IA0_KLA_LEL0_LBSPPA512_LBSPPB512_LPA16_LPB16_LDL1_LR2A1_LR2B1_LRVW8_LW2A1_LW2
B1_LWPMn1_LDW0_LT1_FMA_MIAV1_MTSM64_MTSM1_MDA2_MI16_16_16_1_MO40_MVN256_MMFSC_MKFGSU256_MVN0_NR0_NTA0_NTB0_NTC0_NTD0_NEPBS0_NLCA1_NLCB1_ONLL0_OPLV0_PBD0_PFD1_PG2_PSD0_PSLn1
_PWCn1_PWLn1_PK0_PKAB0_PAP0_PAPM0_PGR0_PLR0_PKA0_RK0_SGR0_SIA0_SLW0_SS0_SU32_SUM0_SUS256_SCIU0_SCIUE0_SCIUI1_SCIUPL0_SPO0_SRVW0_SSO0_SVW4_SK0_SKA0_SKXCCM0_SNLL0_TSGRA0_TSGR
B0_TT4_64_TLDS0_UIIDU0_UMLDSA0_UMLDSB0_UMF0_U64SL1_UIOFGRO0_USFGROn1_VAW1_VSn1_VW1_VWB1_VFLRP0_WSGRA1_WSGRB0_WS32_WG16_2_1_WGM8_WGMTB
( 6) Cijk_Alik_Bjlk_B8B8S_BH_GB_MT64x64x32_MI16x16x16x1_SN_GLVWA16_GLVWB16_GRVW16_K1_SS0_SVW4_WSGRA0_WSGRB1 : 
Cijk_Alik_Bjlk_B8B8S_BH_GB_MT64x64x32_MI16x16x16x1_SN_1LDSB0_APM1_AAIGTEn1_AAILTEn1_AAV0_ABV0_ACED0_AF0EM1_AF1EM1_AMAS0_ASE_ASGT_ASLT_ASM_ASAE01_ASBE01_ASCE01_ASDE01_ASEM1_
AAC0_BL1_BS1_CUM0_CDO0_CTDA0_CLR0_DSK0_DRA0_DU32_DULD1_DTLA0_DTLB0_DTVA0_DTVB0_DAF0_DKP0_DVO0_ETSP_EPS0_ELFLR0_EMLL0_FSSC10_F16AI0_F16AIR0_FL0_GLVWA16_GLVWB16_GR2A1_GR2B1_G
RCGA1_GRCGB1_GRCVA1_GRCVB1_GRPM1_GRVW16_GSU1_GSUASB_GSUAA0_GSUSARR1_GSUWGMRR0_GLS0_ISA1201_IU1_IA0_KLA_LEL0_LBSPPA512_LBSPPB512_LPA16_LPB16_LDL1_LR2A1_LR2B1_LRVW8_LW2A1_LW2
B1_LWPMn1_LDW0_LT1_FMA_MIAV1_MTSM64_MTSM1_MDA2_MI16_16_16_1_MO40_MVN256_MMFSC_MKFGSU256_MVN0_NR0_NTA0_NTB0_NTC0_NTD0_NEPBS0_NLCA1_NLCB1_ONLL0_OPLV0_PBD0_PFD1_PG2_PSD0_PSLn1
_PWCn1_PWLn1_PK0_PKAB0_PAP0_PAPM0_PGR0_PLR0_PKA0_RK0_SGR0_SIA0_SLW0_SS0_SU32_SUM0_SUS256_SCIU0_SCIUE0_SCIUI1_SCIUPL0_SPO0_SRVW0_SSO0_SVW4_SK0_SKA0_SKXCCM0_SNLL0_TSGRA0_TSGR
B0_TT4_64_TLDS0_UIIDU0_UMLDSA0_UMLDSB0_UMF0_U64SL1_UIOFGRO0_USFGROn1_VAW1_VSn1_VW1_VWB1_VFLRP0_WSGRA0_WSGRB1_WS32_WG16_2_1_WGM8_WGMTB
( 7) Cijk_Alik_Bjlk_B8B8S_BH_GB_MT64x64x32_MI16x16x16x1_SN_GLVWA8_GLVWB8_GRVW8_K1_SS0_SVW4_WSGRA1_WSGRB1 : 
Cijk_Alik_Bjlk_B8B8S_BH_GB_MT64x64x32_MI16x16x16x1_SN_1LDSB0_APM1_AAIGTEn1_AAILTEn1_AAV0_ABV0_ACED0_AF0EM1_AF1EM1_AMAS0_ASE_ASGT_ASLT_ASM_ASAE01_ASBE01_ASCE01_ASDE01_ASEM1_
AAC0_BL1_BS1_CUM0_CDO0_CTDA0_CLR0_DSK0_DRA0_DU32_DULD1_DTLA0_DTLB0_DTVA0_DTVB0_DAF0_DKP0_DVO0_ETSP_EPS0_ELFLR0_EMLL0_FSSC10_F16AI0_F16AIR0_FL0_GLVWA8_GLVWB8_GR2A1_GR2B1_GRC
GA1_GRCGB1_GRCVA1_GRCVB1_GRPM1_GRVW8_GSU1_GSUASB_GSUAA0_GSUSARR1_GSUWGMRR0_GLS0_ISA1201_IU1_IA0_KLA_LEL0_LBSPPA512_LBSPPB512_LPA16_LPB16_LDL1_LR2A1_LR2B1_LRVW8_LW2A1_LW2B1_
LWPMn1_LDW0_LT1_FMA_MIAV1_MTSM64_MTSM1_MDA2_MI16_16_16_1_MO40_MVN256_MMFSC_MKFGSU256_MVN0_NR0_NTA0_NTB0_NTC0_NTD0_NEPBS0_NLCA1_NLCB1_ONLL0_OPLV0_PBD0_PFD1_PG2_PSD0_PSLn1_PW
Cn1_PWLn1_PK0_PKAB0_PAP0_PAPM0_PGR0_PLR0_PKA0_RK0_SGR0_SIA0_SLW0_SS0_SU32_SUM0_SUS256_SCIU0_SCIUE0_SCIUI1_SCIUPL0_SPO0_SRVW0_SSO0_SVW4_SK0_SKA0_SKXCCM0_SNLL0_TSGRA0_TSGRB0_
TT4_64_TLDS0_UIIDU0_UMLDSA0_UMLDSB0_UMF0_U64SL1_UIOFGRO0_USFGROn1_VAW1_VSn1_VW1_VWB1_VFLRP0_WSGRA1_WSGRB1_WS32_WG16_2_1_WGM8_WGMTB
( 8) Cijk_Alik_Bjlk_B8B8S_BH_GB_MT64x64x32_MI16x16x16x1_SN_GLVWA16_GLVWB16_GRVW16_K1_SS0_SVW4_WSGRA1_WSGRB1 : 
Cijk_Alik_Bjlk_B8B8S_BH_GB_MT64x64x32_MI16x16x16x1_SN_1LDSB0_APM1_AAIGTEn1_AAILTEn1_AAV0_ABV0_ACED0_AF0EM1_AF1EM1_AMAS0_ASE_ASGT_ASLT_ASM_ASAE01_ASBE01_ASCE01_ASDE01_ASEM1_
AAC0_BL1_BS1_CUM0_CDO0_CTDA0_CLR0_DSK0_DRA0_DU32_DULD1_DTLA0_DTLB0_DTVA0_DTVB0_DAF0_DKP0_DVO0_ETSP_EPS0_ELFLR0_EMLL0_FSSC10_F16AI0_F16AIR0_FL0_GLVWA16_GLVWB16_GR2A1_GR2B1_G
RCGA1_GRCGB1_GRCVA1_GRCVB1_GRPM1_GRVW16_GSU1_GSUASB_GSUAA0_GSUSARR1_GSUWGMRR0_GLS0_ISA1201_IU1_IA0_KLA_LEL0_LBSPPA512_LBSPPB512_LPA16_LPB16_LDL1_LR2A1_LR2B1_LRVW8_LW2A1_LW2
B1_LWPMn1_LDW0_LT1_FMA_MIAV1_MTSM64_MTSM1_MDA2_MI16_16_16_1_MO40_MVN256_MMFSC_MKFGSU256_MVN0_NR0_NTA0_NTB0_NTC0_NTD0_NEPBS0_NLCA1_NLCB1_ONLL0_OPLV0_PBD0_PFD1_PG2_PSD0_PSLn1
_PWCn1_PWLn1_PK0_PKAB0_PAP0_PAPM0_PGR0_PLR0_PKA0_RK0_SGR0_SIA0_SLW0_SS0_SU32_SUM0_SUS256_SCIU0_SCIUE0_SCIUI1_SCIUPL0_SPO0_SRVW0_SSO0_SVW4_SK0_SKA0_SKXCCM0_SNLL0_TSGRA0_TSGR
B0_TT4_64_TLDS0_UIIDU0_UMLDSA0_UMLDSB0_UMF0_U64SL1_UIOFGRO0_USFGROn1_VAW1_VSn1_VW1_VWB1_VFLRP0_WSGRA1_WSGRB1_WS32_WG16_2_1_WGM8_WGMTB
( 9) Cijk_Alik_Bjlk_B8B8S_BH_GB_MT64x64x16_MI16x16x16x1_SN_GLVWA16_GLVWB16_GRVW16_K1_SS1_SVW1_WSGRA0_WSGRB0 : 
Cijk_Alik_Bjlk_B8B8S_BH_GB_MT64x64x16_MI16x16x16x1_SN_1LDSB0_APM1_AAIGTEn1_AAILTEn1_AAV0_ABV0_ACED0_AF0EM1_AF1EM1_AMAS0_ASE_ASGT_ASLT_ASM_ASAE01_ASBE01_ASCE01_ASDE01_ASEM1_
AAC0_BL1_BS1_CUM0_CDO0_CTDA0_CLR0_DSK0_DRA0_DU16_DULD1_DTLA0_DTLB0_DTVA0_DTVB0_DAF0_DKP0_DVO0_ETSP_EPS0_ELFLR0_EMLL0_FSSC10_F16AI0_F16AIR0_FL0_GLVWA16_GLVWB16_GR2A1_GR2B1_G
RCGA1_GRCGB1_GRCVA1_GRCVB1_GRPM1_GRVW16_GSU1_GSUASB_GSUAA0_GSUSARR1_GSUWGMRR0_GLS0_ISA1201_IU1_IA0_KLA_LEL0_LBSPPA512_LBSPPB512_LPA16_LPB16_LDL1_LR2A1_LR2B1_LRVW8_LW2A1_LW2
B1_LWPMn1_LDW0_LT1_FMA_MIAV1_MTSM64_MTSM1_MDA2_MI16_16_16_1_MO40_MVN256_MMFSC_MKFGSU256_MVN0_NR0_NTA0_NTB0_NTC0_NTD0_NEPBS0_NLCA1_NLCB1_ONLL0_OPLV0_PBD0_PFD1_PG2_PSD0_PSLn1
_PWCn1_PWLn1_PK0_PKAB0_PAP0_PAPM0_PGR0_PLR0_PKA0_RK0_SGR0_SIA0_SLW0_SS1_SU32_SUM0_SUS256_SCIU0_SCIUE0_SCIUI1_SCIUPL0_SPO0_SRVW0_SSO0_SVW1_SK0_SKA0_SKXCCM0_SNLL0_TSGRA0_TSGR
B0_TT4_64_TLDS0_UIIDU0_UMLDSA0_UMLDSB0_UMF0_U64SL1_UIOFGRO0_USFGROn1_VAW1_VSn1_VW1_VWB1_VFLRP0_WSGRA0_WSGRB0_WS32_WG16_2_1_WGM8_WGMTB
(10) Cijk_Alik_Bjlk_B8B8S_BH_GB_MT64x64x32_MI16x16x16x1_SN_GLVWA16_GLVWB16_GRVW16_K1_SS1_SVW1_WSGRA0_WSGRB0 : 
Cijk_Alik_Bjlk_B8B8S_BH_GB_MT64x64x32_MI16x16x16x1_SN_1LDSB0_APM1_AAIGTEn1_AAILTEn1_AAV0_ABV0_ACED0_AF0EM1_AF1EM1_AMAS0_ASE_ASGT_ASLT_ASM_ASAE01_ASBE01_ASCE01_ASDE01_ASEM1_
AAC0_BL1_BS1_CUM0_CDO0_CTDA0_CLR0_DSK0_DRA0_DU32_DULD1_DTLA0_DTLB0_DTVA0_DTVB0_DAF0_DKP0_DVO0_ETSP_EPS0_ELFLR0_EMLL0_FSSC10_F16AI0_F16AIR0_FL0_GLVWA16_GLVWB16_GR2A1_GR2B1_G
RCGA1_GRCGB1_GRCVA1_GRCVB1_GRPM1_GRVW16_GSU1_GSUASB_GSUAA0_GSUSARR1_GSUWGMRR0_GLS0_ISA1201_IU1_IA0_KLA_LEL0_LBSPPA512_LBSPPB512_LPA16_LPB16_LDL1_LR2A1_LR2B1_LRVW8_LW2A1_LW2
B1_LWPMn1_LDW0_LT1_FMA_MIAV1_MTSM64_MTSM1_MDA2_MI16_16_16_1_MO40_MVN256_MMFSC_MKFGSU256_MVN0_NR0_NTA0_NTB0_NTC0_NTD0_NEPBS0_NLCA1_NLCB1_ONLL0_OPLV0_PBD0_PFD1_PG2_PSD0_PSLn1
_PWCn1_PWLn1_PK0_PKAB0_PAP0_PAPM0_PGR0_PLR0_PKA0_RK0_SGR0_SIA0_SLW0_SS1_SU32_SUM0_SUS256_SCIU0_SCIUE0_SCIUI1_SCIUPL0_SPO0_SRVW0_SSO0_SVW1_SK0_SKA0_SKXCCM0_SNLL0_TSGRA0_TSGR
B0_TT4_64_TLDS0_UIIDU0_UMLDSA0_UMLDSB0_UMF0_U64SL1_UIOFGRO0_USFGROn1_VAW1_VSn1_VW1_VWB1_VFLRP0_WSGRA0_WSGRB0_WS32_WG16_2_1_WGM8_WGMTB
(11) Cijk_Alik_Bjlk_B8B8S_BH_GB_MT64x64x32_MI16x16x16x1_SN_GLVWA8_GLVWB8_GRVW8_K1_SS1_SVW1_WSGRA1_WSGRB0 : 
Cijk_Alik_Bjlk_B8B8S_BH_GB_MT64x64x32_MI16x16x16x1_SN_1LDSB0_APM1_AAIGTEn1_AAILTEn1_AAV0_ABV0_ACED0_AF0EM1_AF1EM1_AMAS0_ASE_ASGT_ASLT_ASM_ASAE01_ASBE01_ASCE01_ASDE01_ASEM1_
AAC0_BL1_BS1_CUM0_CDO0_CTDA0_CLR0_DSK0_DRA0_DU32_DULD1_DTLA0_DTLB0_DTVA0_DTVB0_DAF0_DKP0_DVO0_ETSP_EPS0_ELFLR0_EMLL0_FSSC10_F16AI0_F16AIR0_FL0_GLVWA8_GLVWB8_GR2A1_GR2B1_GRC
GA1_GRCGB1_GRCVA1_GRCVB1_GRPM1_GRVW8_GSU1_GSUASB_GSUAA0_GSUSARR1_GSUWGMRR0_GLS0_ISA1201_IU1_IA0_KLA_LEL0_LBSPPA512_LBSPPB512_LPA16_LPB16_LDL1_LR2A1_LR2B1_LRVW8_LW2A1_LW2B1_
LWPMn1_LDW0_LT1_FMA_MIAV1_MTSM64_MTSM1_MDA2_MI16_16_16_1_MO40_MVN256_MMFSC_MKFGSU256_MVN0_NR0_NTA0_NTB0_NTC0_NTD0_NEPBS0_NLCA1_NLCB1_ONLL0_OPLV0_PBD0_PFD1_PG2_PSD0_PSLn1_PW
Cn1_PWLn1_PK0_PKAB0_PAP0_PAPM0_PGR0_PLR0_PKA0_RK0_SGR0_SIA0_SLW0_SS1_SU32_SUM0_SUS256_SCIU0_SCIUE0_SCIUI1_SCIUPL0_SPO0_SRVW0_SSO0_SVW1_SK0_SKA0_SKXCCM0_SNLL0_TSGRA0_TSGRB0_
TT4_64_TLDS0_UIIDU0_UMLDSA0_UMLDSB0_UMF0_U64SL1_UIOFGRO0_USFGROn1_VAW1_VSn1_VW1_VWB1_VFLRP0_WSGRA1_WSGRB0_WS32_WG16_2_1_WGM8_WGMTB
(12) Cijk_Alik_Bjlk_B8B8S_BH_GB_MT64x64x32_MI16x16x16x1_SN_GLVWA16_GLVWB16_GRVW16_K1_SS1_SVW1_WSGRA1_WSGRB0 : 
Cijk_Alik_Bjlk_B8B8S_BH_GB_MT64x64x32_MI16x16x16x1_SN_1LDSB0_APM1_AAIGTEn1_AAILTEn1_AAV0_ABV0_ACED0_AF0EM1_AF1EM1_AMAS0_ASE_ASGT_ASLT_ASM_ASAE01_ASBE01_ASCE01_ASDE01_ASEM1_
AAC0_BL1_BS1_CUM0_CDO0_CTDA0_CLR0_DSK0_DRA0_DU32_DULD1_DTLA0_DTLB0_DTVA0_DTVB0_DAF0_DKP0_DVO0_ETSP_EPS0_ELFLR0_EMLL0_FSSC10_F16AI0_F16AIR0_FL0_GLVWA16_GLVWB16_GR2A1_GR2B1_G
RCGA1_GRCGB1_GRCVA1_GRCVB1_GRPM1_GRVW16_GSU1_GSUASB_GSUAA0_GSUSARR1_GSUWGMRR0_GLS0_ISA1201_IU1_IA0_KLA_LEL0_LBSPPA512_LBSPPB512_LPA16_LPB16_LDL1_LR2A1_LR2B1_LRVW8_LW2A1_LW2
B1_LWPMn1_LDW0_LT1_FMA_MIAV1_MTSM64_MTSM1_MDA2_MI16_16_16_1_MO40_MVN256_MMFSC_MKFGSU256_MVN0_NR0_NTA0_NTB0_NTC0_NTD0_NEPBS0_NLCA1_NLCB1_ONLL0_OPLV0_PBD0_PFD1_PG2_PSD0_PSLn1
_PWCn1_PWLn1_PK0_PKAB0_PAP0_PAPM0_PGR0_PLR0_PKA0_RK0_SGR0_SIA0_SLW0_SS1_SU32_SUM0_SUS256_SCIU0_SCIUE0_SCIUI1_SCIUPL0_SPO0_SRVW0_SSO0_SVW1_SK0_SKA0_SKXCCM0_SNLL0_TSGRA0_TSGR
B0_TT4_64_TLDS0_UIIDU0_UMLDSA0_UMLDSB0_UMF0_U64SL1_UIOFGRO0_USFGROn1_VAW1_VSn1_VW1_VWB1_VFLRP0_WSGRA1_WSGRB0_WS32_WG16_2_1_WGM8_WGMTB
(13) Cijk_Alik_Bjlk_B8B8S_BH_GB_MT64x64x32_MI16x16x16x1_SN_GLVWA16_GLVWB16_GRVW16_K1_SS1_SVW1_WSGRA0_WSGRB1 : 
Cijk_Alik_Bjlk_B8B8S_BH_GB_MT64x64x32_MI16x16x16x1_SN_1LDSB0_APM1_AAIGTEn1_AAILTEn1_AAV0_ABV0_ACED0_AF0EM1_AF1EM1_AMAS0_ASE_ASGT_ASLT_ASM_ASAE01_ASBE01_ASCE01_ASDE01_ASEM1_
AAC0_BL1_BS1_CUM0_CDO0_CTDA0_CLR0_DSK0_DRA0_DU32_DULD1_DTLA0_DTLB0_DTVA0_DTVB0_DAF0_DKP0_DVO0_ETSP_EPS0_ELFLR0_EMLL0_FSSC10_F16AI0_F16AIR0_FL0_GLVWA16_GLVWB16_GR2A1_GR2B1_G
RCGA1_GRCGB1_GRCVA1_GRCVB1_GRPM1_GRVW16_GSU1_GSUASB_GSUAA0_GSUSARR1_GSUWGMRR0_GLS0_ISA1201_IU1_IA0_KLA_LEL0_LBSPPA512_LBSPPB512_LPA16_LPB16_LDL1_LR2A1_LR2B1_LRVW8_LW2A1_LW2
B1_LWPMn1_LDW0_LT1_FMA_MIAV1_MTSM64_MTSM1_MDA2_MI16_16_16_1_MO40_MVN256_MMFSC_MKFGSU256_MVN0_NR0_NTA0_NTB0_NTC0_NTD0_NEPBS0_NLCA1_NLCB1_ONLL0_OPLV0_PBD0_PFD1_PG2_PSD0_PSLn1
_PWCn1_PWLn1_PK0_PKAB0_PAP0_PAPM0_PGR0_PLR0_PKA0_RK0_SGR0_SIA0_SLW0_SS1_SU32_SUM0_SUS256_SCIU0_SCIUE0_SCIUI1_SCIUPL0_SPO0_SRVW0_SSO0_SVW1_SK0_SKA0_SKXCCM0_SNLL0_TSGRA0_TSGR
B0_TT4_64_TLDS0_UIIDU0_UMLDSA0_UMLDSB0_UMF0_U64SL1_UIOFGRO0_USFGROn1_VAW1_VSn1_VW1_VWB1_VFLRP0_WSGRA0_WSGRB1_WS32_WG16_2_1_WGM8_WGMTB
(14) Cijk_Alik_Bjlk_B8B8S_BH_GB_MT64x64x32_MI16x16x16x1_SN_GLVWA8_GLVWB8_GRVW8_K1_SS1_SVW1_WSGRA1_WSGRB1 : 
Cijk_Alik_Bjlk_B8B8S_BH_GB_MT64x64x32_MI16x16x16x1_SN_1LDSB0_APM1_AAIGTEn1_AAILTEn1_AAV0_ABV0_ACED0_AF0EM1_AF1EM1_AMAS0_ASE_ASGT_ASLT_ASM_ASAE01_ASBE01_ASCE01_ASDE01_ASEM1_
AAC0_BL1_BS1_CUM0_CDO0_CTDA0_CLR0_DSK0_DRA0_DU32_DULD1_DTLA0_DTLB0_DTVA0_DTVB0_DAF0_DKP0_DVO0_ETSP_EPS0_ELFLR0_EMLL0_FSSC10_F16AI0_F16AIR0_FL0_GLVWA8_GLVWB8_GR2A1_GR2B1_GRC
GA1_GRCGB1_GRCVA1_GRCVB1_GRPM1_GRVW8_GSU1_GSUASB_GSUAA0_GSUSARR1_GSUWGMRR0_GLS0_ISA1201_IU1_IA0_KLA_LEL0_LBSPPA512_LBSPPB512_LPA16_LPB16_LDL1_LR2A1_LR2B1_LRVW8_LW2A1_LW2B1_
LWPMn1_LDW0_LT1_FMA_MIAV1_MTSM64_MTSM1_MDA2_MI16_16_16_1_MO40_MVN256_MMFSC_MKFGSU256_MVN0_NR0_NTA0_NTB0_NTC0_NTD0_NEPBS0_NLCA1_NLCB1_ONLL0_OPLV0_PBD0_PFD1_PG2_PSD0_PSLn1_PW
Cn1_PWLn1_PK0_PKAB0_PAP0_PAPM0_PGR0_PLR0_PKA0_RK0_SGR0_SIA0_SLW0_SS1_SU32_SUM0_SUS256_SCIU0_SCIUE0_SCIUI1_SCIUPL0_SPO0_SRVW0_SSO0_SVW1_SK0_SKA0_SKXCCM0_SNLL0_TSGRA0_TSGRB0_
TT4_64_TLDS0_UIIDU0_UMLDSA0_UMLDSB0_UMF0_U64SL1_UIOFGRO0_USFGROn1_VAW1_VSn1_VW1_VWB1_VFLRP0_WSGRA1_WSGRB1_WS32_WG16_2_1_WGM8_WGMTB
(15) Cijk_Alik_Bjlk_B8B8S_BH_GB_MT64x64x32_MI16x16x16x1_SN_GLVWA16_GLVWB16_GRVW16_K1_SS1_SVW1_WSGRA1_WSGRB1 : 
Cijk_Alik_Bjlk_B8B8S_BH_GB_MT64x64x32_MI16x16x16x1_SN_1LDSB0_APM1_AAIGTEn1_AAILTEn1_AAV0_ABV0_ACED0_AF0EM1_AF1EM1_AMAS0_ASE_ASGT_ASLT_ASM_ASAE01_ASBE01_ASCE01_ASDE01_ASEM1_
AAC0_BL1_BS1_CUM0_CDO0_CTDA0_CLR0_DSK0_DRA0_DU32_DULD1_DTLA0_DTLB0_DTVA0_DTVB0_DAF0_DKP0_DVO0_ETSP_EPS0_ELFLR0_EMLL0_FSSC10_F16AI0_F16AIR0_FL0_GLVWA16_GLVWB16_GR2A1_GR2B1_G
RCGA1_GRCGB1_GRCVA1_GRCVB1_GRPM1_GRVW16_GSU1_GSUASB_GSUAA0_GSUSARR1_GSUWGMRR0_GLS0_ISA1201_IU1_IA0_KLA_LEL0_LBSPPA512_LBSPPB512_LPA16_LPB16_LDL1_LR2A1_LR2B1_LRVW8_LW2A1_LW2
B1_LWPMn1_LDW0_LT1_FMA_MIAV1_MTSM64_MTSM1_MDA2_MI16_16_16_1_MO40_MVN256_MMFSC_MKFGSU256_MVN0_NR0_NTA0_NTB0_NTC0_NTD0_NEPBS0_NLCA1_NLCB1_ONLL0_OPLV0_PBD0_PFD1_PG2_PSD0_PSLn1
_PWCn1_PWLn1_PK0_PKAB0_PAP0_PAPM0_PGR0_PLR0_PKA0_RK0_SGR0_SIA0_SLW0_SS1_SU32_SUM0_SUS256_SCIU0_SCIUE0_SCIUI1_SCIUPL0_SPO0_SRVW0_SSO0_SVW1_SK0_SKA0_SKXCCM0_SNLL0_TSGRA0_TSGR
B0_TT4_64_TLDS0_UIIDU0_UMLDSA0_UMLDSB0_UMF0_U64SL1_UIOFGRO0_USFGROn1_VAW1_VSn1_VW1_VWB1_VFLRP0_WSGRA1_WSGRB1_WS32_WG16_2_1_WGM8_WGMTB
[] enRule([[0, 0], [0, 0], [0, 0], [0, 0], [0, 0], [0, 0], [0, 0], [0, 0]])
[] MultiProblem & NotLastIndex
> UserWarning: [] MultiProblem & NotLastIndex :: nextRule==None; returning
# Final Range Logic:
None
# Range Logic Complexity: [0, 0, 0, 0, 0, 0, 0, 0]

# Score: 0 ms
# Exact Logic:

{(1, 1024, 1, 1024, 1, 1, 1024, 1024): [10, 37.7186], (1, 1024, 1, 4096, 1, 1, 4096, 1024): [6, 77.47], (1, 1024, 1, 8192, 1, 1, 8192, 1024): [12, 87.4168], (1, 4096, 1, 
1024, 1, 1, 1024, 4096): [6, 186.244], (1, 4096, 1, 4096, 1, 1, 4096, 4096): [15, 314.06], (1, 4096, 1, 8192, 1, 1, 8192, 4096): [8, 364.718], (1, 8192, 1, 1024, 1, 1, 
1024, 8192): [12, 363.458], (1, 8192, 1, 4096, 1, 1, 4096, 8192): [5, 613.64], (1, 8192, 1, 8192, 1, 1, 8192, 8192): [5, 661.686], (8, 1024, 1, 1024, 8, 8, 1024, 1024): 
[15, 297.047], (8, 1024, 1, 4096, 8, 8, 4096, 1024): [4, 614.319], (8, 1024, 1, 8192, 8, 8, 8192, 1024): [13, 694.845], (8, 4096, 1, 1024, 8, 8, 1024, 4096): [5, 1471.65], 
(8, 4096, 1, 4096, 8, 8, 4096, 4096): [13, 2504.04], (8, 4096, 1, 8192, 8, 8, 8192, 4096): [6, 2797.92], (8, 8192, 1, 1024, 8, 8, 1024, 8192): [6, 2905.08], (8, 8192, 1, 
4096, 8, 8, 4096, 8192): [12, 4894.84], (8, 8192, 1, 8192, 8, 8, 8192, 8192): [5, 3785.54], (32, 1024, 1, 1024, 32, 32, 1024, 1024): [15, 1180.64], (32, 1024, 1, 4096, 32, 
32, 4096, 1024): [6, 2458.18], (32, 1024, 1, 8192, 32, 32, 8192, 1024): [5, 2775.93], (32, 4096, 1, 1024, 32, 32, 1024, 4096): [5, 5902.14], (32, 4096, 1, 4096, 32, 32, 
4096, 4096): [8, 9978.92], (32, 4096, 1, 8192, 32, 32, 8192, 4096): [13, 11092.3], (32, 8192, 1, 1024, 32, 32, 1024, 8192): [3, 11520.8], (32, 8192, 1, 4096, 32, 32, 4096, 
8192): [6, 19409.3], (32, 8192, 1, 8192, 32, 32, 8192, 8192): [6, 20239.9], (128, 1024, 1, 1024, 128, 128, 1024, 1024): [3, 6637.87], (128, 1024, 1, 4096, 128, 128, 4096, 
1024): [5, 10724.4], (128, 1024, 1, 8192, 128, 128, 8192, 1024): [7, 11355.0], (128, 4096, 1, 1024, 128, 128, 1024, 4096): [8, 27845.3], (128, 4096, 1, 4096, 128, 128, 
4096, 4096): [6, 40733.4], (128, 4096, 1, 8192, 128, 128, 8192, 4096): [3, 44222.6], (128, 8192, 1, 1024, 128, 128, 1024, 8192): [1, 45190.2], (128, 8192, 1, 4096, 128, 
128, 4096, 8192): [1, 60594.1], (128, 8192, 1, 8192, 128, 128, 8192, 8192): [9, 62254.0], (512, 1024, 1, 1024, 512, 512, 1024, 1024): [3, 29272.4], (512, 1024, 1, 4096, 
512, 512, 4096, 1024): [2, 45905.0], (512, 1024, 1, 8192, 512, 512, 8192, 1024): [8, 45076.9], (512, 4096, 1, 1024, 512, 512, 1024, 4096): [0, 55576.0], (512, 4096, 1, 
4096, 512, 512, 4096, 4096): [8, 67615.2], (512, 4096, 1, 8192, 512, 512, 8192, 4096): [3, 70247.2], (512, 8192, 1, 1024, 512, 512, 1024, 8192): [14, 84879.9], (512, 8192, 
1, 4096, 512, 512, 4096, 8192): [2, 85258.8], (512, 8192, 1, 8192, 512, 512, 8192, 8192): [11, 88033.2]}
# writing library logic YAML /home/iamthecage/out-v2/b8_to_b8_wmma_gb_fixed_tt/3_LibraryLogic/navi48_Cijk_Alik_Bjlk_B8B8S_BH_GB.yaml
################################################################################
# Finish Analysing data to /home/iamthecage/out-v2/b8_to_b8_wmma_gb_fixed_tt in 14.946s
################################################################################


