
################################################################################
#
#  Tensile v4.47.0
#  Config: /home/iamthecage/rocm-libraries/shared/tensile/next-tuning/gfx1201-wide-v2/bf16gemm_wmma_gsu_nn.yaml
#  Date & Time: 18/04/2026 03:37:57
#
################################################################################

# Restoring default globalParameters
# Found HIP version: 7.2.53211-e1a6bc5663
# Detected GPU 0:    gfx1201
> UserWarning: HardwareMonitor currently disabled for gfx942, gfx950, gfx1100, gfx1101, gfx1102, gfx1103, gfx1150, gfx1151, gfx1152, gfx1153, gfx1200, 
gfx1201
# Command-line override: CurrentISA
# Command-line override: PrintLevel

Overriding CurrentISA=(12, 0, 1)
Overriding PrintLevel=3
Overriding CxxCompiler=amdclang++
Overriding PrebuiltClient=/home/iamthecage/rocm-libraries/shared/tensile/next-cmake/build/tensile-client
ProblemTypeConfig: {'OperationType': 'GEMM', 'DataType': 'B', 'ComputeDataType': 's', 'DestDataType': 'B', 'HighPrecisionAccumulate': True, 'TransposeA':
False, 'TransposeB': False, 'UseBeta': True, 'Batched': True}

################################################################################
# Converting Config to BenchmarkProcess Object
################################################################################

# BenchmarkProcess beginning Cijk_Ailk_Bljk_BBS_BH

####################################################################
# Filling in Parameters With Defaults
####################################################################

Single Value Parameters:
    1LDSBuffer: 0
    AggressivePerfMode: 1
    AssertAIGreaterThanEqual: -1
    AssertAILessThanEqual: -1
    AssertAlphaValue: False
    AssertBetaValue: False
    AssertCEqualsD: False
    AssertFree0ElementMultiple: 1
    AssertFree1ElementMultiple: 1
    AssertMinApproxSize: -1
    AssertSizeEqual: {}
    AssertSizeGreaterThan: {}
    AssertSizeLessThan: {}
    AssertSizeMultiple: {}
    AssertStrideAEqual: {}
    AssertStrideBEqual: {}
    AssertStrideCEqual: {}
    AssertStrideDEqual: {}
    AssertSummationElementMultiple: 1
    AtomicAddC: False
    BufferLoad: True
    BufferStore: True
    CUMode: False
    CheckDimOverflow: 0
    CheckTensorDimAsserts: False
    ClusterLocalRead: False
    CustomKernelName: 
    DebugStreamK: 0
    DepthU: 16
    DepthULdsDivisor: 1
    DirectToLdsA: False
    DirectToLdsB: False
    DirectToVgprA: False
    DirectToVgprB: False
    DisableAtomicFail: 0
    DisableKernelPieces: 0
    DisableVgprOverlapping: False
    EdgeType: ShiftPtr
    ExpandPointerSwap: True
    ExtraLatencyForLR: 0
    ExtraMiLatencyLeft: 0
    ForceStoreSC1: Auto
    Fp16AltImpl: False
    Fp16AltImplRound: False
    FractionalLoad: 0
    GlobalLoadVectorWidthA: -1
    GlobalLoadVectorWidthB: -1
    GlobalRead2A: True
    GlobalRead2B: True
    GlobalReadCoalesceGroupA: True
    GlobalReadCoalesceGroupB: True
    GlobalReadCoalesceVectorA: True
    GlobalReadCoalesceVectorB: True
    GlobalReadPerMfma: 1
    GlobalReadVectorWidth: 4
    GlobalSplitUAlgorithm: SingleBuffer
    GlobalSplitUAtomicAdd: False
    GlobalSplitUSummationAssignmentRoundRobin: True
    GlobalSplitUWorkGroupMappingRoundRobin: False
    GroupLoadStore: False
    InnerUnroll: 1
    InterleaveAlpha: 0
    KernelLanguage: Assembly
    LdcEqualsLdd: False
    LdsBlockSizePerPadA: -1
    LdsBlockSizePerPadB: -1
    LdsPadA: -1
    LdsPadB: -1
    LocalDotLayout: 1
    LocalRead2A: True
    LocalRead2B: True
    LocalReadVectorWidth: -1
    LocalWrite2A: True
    LocalWrite2B: True
    LocalWritePerMfma: -1
    LoopDoWhile: False
    LoopTail: True
    MACInstruction: FMA
    MIArchVgpr: True
    MacroTileShapeMax: 64
    MacroTileShapeMin: 1
    MagicDivAlg: 2
    MaxOccupancy: 40
    MaxVgprNumber: 256
    MemoryModifierFormat: 
    MinKForGSU: 256
    MinVgprNumber: 0
    NoReject: False
    NonTemporalA: 0
    NonTemporalB: 0
    NonTemporalC: 0
    NonTemporalD: 0
    NumElementsPerBatchStore: 0
    NumLoadsCoalescedA: 1
    NumLoadsCoalescedB: 1
    OptNoLoadLoop: 0
    OptPreLoopVmcnt: True
    PackBatchDims: 0
    PackFreeDims: 1
    PackGranularity: 2
    PackSummationDims: 0
    PerformanceSyncLocation: -1
    PerformanceWaitCount: -1
    PerformanceWaitLocation: -1
    PersistentKernel: 0
    PersistentKernelAlongBatch: False
    PrefetchAcrossPersistent: 0
    PrefetchAcrossPersistentMode: 0
    PrefetchGlobalRead: 0
    PrefetchLocalRead: 0
    PreloadKernelArguments: 0
    ReplacementKernel: False
    ScheduleGlobalRead: 0
    ScheduleIterAlg: 0
    ScheduleLocalWrite: 0
    SourceSwap: 0
    StaggerU: 32
    StaggerUMapping: 0
    StaggerUStride: 256
    StoreCInUnroll: False
    StoreCInUnrollExact: False
    StoreCInUnrollInterval: 1
    StoreCInUnrollPostLoop: False
    StorePriorityOpt: False
    StoreRemapVectorWidth: 0
    StoreSyncOpt: 0
    StoreVectorWidth: -1
    StreamK: 0
    StreamKAtomic: 0
    StreamKXCCMapping: 0
    SuppressNoLoadLoop: False
    ThreadSeparateGlobalReadA: 0
    ThreadSeparateGlobalReadB: 0
    ThreadTile: [4, 4]
    TransposeLDS: 0
    UnrollIncIsDepthU: 0
    UnrollMajorLDSA: False
    UnrollMajorLDSB: False
    UnrollMemFence: False
    Use64bShadowLimit: 1
    UseInstOffsetForGRO: 0
    UseSgprForGRO: -1
    VectorAtomicWidth: -1
    VectorStore: -1
    VectorWidth: 1
    VectorWidthB: -1
    VgprForLocalReadPacking: False
    WaveSeparateGlobalReadA: 1
    WaveSeparateGlobalReadB: 1
    WavefrontSize: 32
    WorkGroup: [32, 1, 1]
    WorkGroupMapping: 8
    WorkGroupMappingType: B
Multi-Value Parameters:
    GlobalSplitU: [1, 2, 4]
    MatrixInstruction: [[16, 16, 16, 1, 1, 2, 2, 1, 1], [16, 16, 16, 1, 1, 4, 4, 1, 1]]

####################################################################
# Convert Parameters to Benchmark Step(s)
####################################################################


####################################################################
# Benchmark Final
# Creating BenchmarkStep: 2 fork params and 36 sizes
# NumBenchmarkSteps: 1

################################################################################
# Done Creating BenchmarkProcess Object
################################################################################


################################################################################
# Benchmark Step: Cijk_Ailk_Bljk_BBS_BH_00 - 00_Final 9.347s
# Num Sizes: 36
# Fork Parameters:
#     GlobalSplitU: [1, 2, 4]
#     MatrixInstruction: [[16, 16, 16, 1, 1, 2, 2, 1, 1], [16, 16, 16, 1, 1, 4, 4, 1, 1]]
# Enumerating Solutions
# Actual Solutions: 6 / 6 after SolutionStructs

#    (0:0) 
Cijk_Ailk_Bljk_BBS_BH_MT32x32x16_MI16x16x16x1_SN_1LDSB0_APM1_AAIGTEn1_AAILTEn1_AAV0_ABV0_ACED0_AF0EM1_AF1EM1_AMAS0_ASE_ASGT_ASLT_ASM_ASAE01_ASBE01_ASCE01
_ASDE01_ASEM1_AAC0_BL1_BS1_CUM0_CDO0_CTDA0_CLR0_DSK0_DRA0_DU16_DULD1_DTLA0_DTLB0_DTVA0_DTVB0_DAF0_DKP0_DVO0_ETSP_EPS0_ELFLR0_EMLL0_FSSC10_F16AI0_F16AIR0_
FL0_GLVWA4_GLVWB4_GR2A1_GR2B1_GRCGA1_GRCGB1_GRCVA1_GRCVB1_GRPM1_GRVW4_GSU1_GSUASB_GSUAA0_GSUSARR1_GSUWGMRR0_GLS0_ISA1201_IU1_IA0_KLA_LEL0_LBSPPA512_LBSPP
B512_LPA16_LPB16_LDL1_LR2A1_LR2B1_LRVW8_LW2A1_LW2B1_LWPMn1_LDW0_LT1_FMA_MIAV1_MTSM64_MTSM1_MDA2_MI16_16_16_1_MO40_MVN256_MMFSC_MKFGSU256_MVN0_NR0_NTA0_NT
B0_NTC0_NTD0_NEPBS0_NLCA1_NLCB1_ONLL0_OPLV0_PBD0_PFD1_PG2_PSD0_PSLn1_PWCn1_PWLn1_PK0_PKAB0_PAP0_PAPM0_PGR0_PLR0_PKA0_RK0_SGR0_SIA0_SLW0_SS0_SU32_SUM0_SUS
256_SCIU0_SCIUE0_SCIUI1_SCIUPL0_SPO0_SRVW0_SSO0_SVW4_SK0_SKA0_SKXCCM0_SNLL0_TSGRA0_TSGRB0_TT2_32_TLDS0_UIIDU0_UMLDSA0_UMLDSB0_UMF0_U64SL1_UIOFGRO0_USFGRO
n1_VAW1_VSn1_VW1_VWB1_VFLRP0_WSGRA1_WSGRB1_WS32_WG16_2_1_WGM8_WGMTB
#    (0:0) 
Cijk_Ailk_Bljk_BBS_BH_MT32x32x16_MI16x16x16x1_SN_1LDSB0_APM1_AAIGTEn1_AAILTEn1_AAV0_ABV0_ACED0_AF0EM1_AF1EM1_AMAS0_ASE_ASGT_ASLT_ASM_ASAE01_ASBE01_ASCE01
_ASDE01_ASEM1_AAC0_BL1_BS1_CUM0_CDO0_CTDA0_CLR0_DSK0_DRA0_DU16_DULD1_DTLA0_DTLB0_DTVA0_DTVB0_DAF0_DKP0_DVO0_ETSP_EPS0_ELFLR0_EMLL0_FSSC10_F16AI0_F16AIR0_
FL0_GLVWA4_GLVWB4_GR2A1_GR2B1_GRCGA1_GRCGB1_GRCVA1_GRCVB1_GRPM1_GRVW4_GSU2_GSUASB_GSUAA0_GSUSARR1_GSUWGMRR0_GLS0_ISA1201_IU1_IA0_KLA_LEL0_LBSPPA512_LBSPP
B512_LPA16_LPB16_LDL1_LR2A1_LR2B1_LRVW8_LW2A1_LW2B1_LWPMn1_LDW0_LT1_FMA_MIAV1_MTSM64_MTSM1_MDA2_MI16_16_16_1_MO40_MVN256_MMFSC_MKFGSU256_MVN0_NR0_NTA0_NT
B0_NTC0_NTD0_NEPBS0_NLCA1_NLCB1_ONLL0_OPLV0_PBD0_PFD1_PG2_PSD0_PSLn1_PWCn1_PWLn1_PK0_PKAB0_PAP0_PAPM0_PGR0_PLR0_PKA0_RK0_SGR0_SIA0_SLW0_SS0_SU32_SUM0_SUS
256_SCIU0_SCIUE0_SCIUI1_SCIUPL0_SPO0_SRVW0_SSO0_SVW4_SK0_SKA0_SKXCCM0_SNLL0_TSGRA0_TSGRB0_TT2_32_TLDS0_UIIDU0_UMLDSA0_UMLDSB0_UMF0_U64SL1_UIOFGRO0_USFGRO
n1_VAW1_VSn1_VW1_VWB1_VFLRP0_WSGRA1_WSGRB1_WS32_WG16_2_1_WGM8_WGMTB
#    (0:0) 
Cijk_Ailk_Bljk_BBS_BH_MT32x32x16_MI16x16x16x1_SN_1LDSB0_APM1_AAIGTEn1_AAILTEn1_AAV0_ABV0_ACED0_AF0EM1_AF1EM1_AMAS0_ASE_ASGT_ASLT_ASM_ASAE01_ASBE01_ASCE01
_ASDE01_ASEM1_AAC0_BL1_BS1_CUM0_CDO0_CTDA0_CLR0_DSK0_DRA0_DU16_DULD1_DTLA0_DTLB0_DTVA0_DTVB0_DAF0_DKP0_DVO0_ETSP_EPS0_ELFLR0_EMLL0_FSSC10_F16AI0_F16AIR0_
FL0_GLVWA4_GLVWB4_GR2A1_GR2B1_GRCGA1_GRCGB1_GRCVA1_GRCVB1_GRPM1_GRVW4_GSU4_GSUASB_GSUAA0_GSUSARR1_GSUWGMRR0_GLS0_ISA1201_IU1_IA0_KLA_LEL0_LBSPPA512_LBSPP
B512_LPA16_LPB16_LDL1_LR2A1_LR2B1_LRVW8_LW2A1_LW2B1_LWPMn1_LDW0_LT1_FMA_MIAV1_MTSM64_MTSM1_MDA2_MI16_16_16_1_MO40_MVN256_MMFSC_MKFGSU256_MVN0_NR0_NTA0_NT
B0_NTC0_NTD0_NEPBS0_NLCA1_NLCB1_ONLL0_OPLV0_PBD0_PFD1_PG2_PSD0_PSLn1_PWCn1_PWLn1_PK0_PKAB0_PAP0_PAPM0_PGR0_PLR0_PKA0_RK0_SGR0_SIA0_SLW0_SS0_SU32_SUM0_SUS
256_SCIU0_SCIUE0_SCIUI1_SCIUPL0_SPO0_SRVW0_SSO0_SVW4_SK0_SKA0_SKXCCM0_SNLL0_TSGRA0_TSGRB0_TT2_32_TLDS0_UIIDU0_UMLDSA0_UMLDSB0_UMF0_U64SL1_UIOFGRO0_USFGRO
n1_VAW1_VSn1_VW1_VWB1_VFLRP0_WSGRA1_WSGRB1_WS32_WG16_2_1_WGM8_WGMTB
#    (0:0) 
Cijk_Ailk_Bljk_BBS_BH_MT64x64x16_MI16x16x16x1_SN_1LDSB0_APM1_AAIGTEn1_AAILTEn1_AAV0_ABV0_ACED0_AF0EM1_AF1EM1_AMAS0_ASE_ASGT_ASLT_ASM_ASAE01_ASBE01_ASCE01
_ASDE01_ASEM1_AAC0_BL1_BS1_CUM0_CDO0_CTDA0_CLR0_DSK0_DRA0_DU16_DULD1_DTLA0_DTLB0_DTVA0_DTVB0_DAF0_DKP0_DVO0_ETSP_EPS0_ELFLR0_EMLL0_FSSC10_F16AI0_F16AIR0_
FL0_GLVWA4_GLVWB4_GR2A1_GR2B1_GRCGA1_GRCGB1_GRCVA1_GRCVB1_GRPM1_GRVW4_GSU1_GSUASB_GSUAA0_GSUSARR1_GSUWGMRR0_GLS0_ISA1201_IU1_IA0_KLA_LEL0_LBSPPA1024_LBSP
PB1024_LPA16_LPB16_LDL1_LR2A1_LR2B1_LRVW8_LW2A1_LW2B1_LWPMn1_LDW0_LT1_FMA_MIAV1_MTSM64_MTSM1_MDA2_MI16_16_16_1_MO40_MVN256_MMFSC_MKFGSU256_MVN0_NR0_NTA0_
NTB0_NTC0_NTD0_NEPBS0_NLCA1_NLCB1_ONLL0_OPLV0_PBD0_PFD1_PG2_PSD0_PSLn1_PWCn1_PWLn1_PK0_PKAB0_PAP0_PAPM0_PGR0_PLR0_PKA0_RK0_SGR0_SIA0_SLW0_SS0_SU32_SUM0_S
US256_SCIU0_SCIUE0_SCIUI1_SCIUPL0_SPO0_SRVW0_SSO0_SVW4_SK0_SKA0_SKXCCM0_SNLL0_TSGRA0_TSGRB0_TT4_64_TLDS0_UIIDU0_UMLDSA0_UMLDSB0_UMF0_U64SL1_UIOFGRO0_USFG
ROn1_VAW1_VSn1_VW1_VWB1_VFLRP0_WSGRA1_WSGRB1_WS32_WG16_2_1_WGM8_WGMTB
#    (0:0) 
Cijk_Ailk_Bljk_BBS_BH_MT64x64x16_MI16x16x16x1_SN_1LDSB0_APM1_AAIGTEn1_AAILTEn1_AAV0_ABV0_ACED0_AF0EM1_AF1EM1_AMAS0_ASE_ASGT_ASLT_ASM_ASAE01_ASBE01_ASCE01
_ASDE01_ASEM1_AAC0_BL1_BS1_CUM0_CDO0_CTDA0_CLR0_DSK0_DRA0_DU16_DULD1_DTLA0_DTLB0_DTVA0_DTVB0_DAF0_DKP0_DVO0_ETSP_EPS0_ELFLR0_EMLL0_FSSC10_F16AI0_F16AIR0_
FL0_GLVWA4_GLVWB4_GR2A1_GR2B1_GRCGA1_GRCGB1_GRCVA1_GRCVB1_GRPM1_GRVW4_GSU2_GSUASB_GSUAA0_GSUSARR1_GSUWGMRR0_GLS0_ISA1201_IU1_IA0_KLA_LEL0_LBSPPA1024_LBSP
PB1024_LPA16_LPB16_LDL1_LR2A1_LR2B1_LRVW8_LW2A1_LW2B1_LWPMn1_LDW0_LT1_FMA_MIAV1_MTSM64_MTSM1_MDA2_MI16_16_16_1_MO40_MVN256_MMFSC_MKFGSU256_MVN0_NR0_NTA0_
NTB0_NTC0_NTD0_NEPBS0_NLCA1_NLCB1_ONLL0_OPLV0_PBD0_PFD1_PG2_PSD0_PSLn1_PWCn1_PWLn1_PK0_PKAB0_PAP0_PAPM0_PGR0_PLR0_PKA0_RK0_SGR0_SIA0_SLW0_SS0_SU32_SUM0_S
US256_SCIU0_SCIUE0_SCIUI1_SCIUPL0_SPO0_SRVW0_SSO0_SVW4_SK0_SKA0_SKXCCM0_SNLL0_TSGRA0_TSGRB0_TT4_64_TLDS0_UIIDU0_UMLDSA0_UMLDSB0_UMF0_U64SL1_UIOFGRO0_USFG
ROn1_VAW1_VSn1_VW1_VWB1_VFLRP0_WSGRA1_WSGRB1_WS32_WG16_2_1_WGM8_WGMTB
#    (0:0) 
Cijk_Ailk_Bljk_BBS_BH_MT64x64x16_MI16x16x16x1_SN_1LDSB0_APM1_AAIGTEn1_AAILTEn1_AAV0_ABV0_ACED0_AF0EM1_AF1EM1_AMAS0_ASE_ASGT_ASLT_ASM_ASAE01_ASBE01_ASCE01
_ASDE01_ASEM1_AAC0_BL1_BS1_CUM0_CDO0_CTDA0_CLR0_DSK0_DRA0_DU16_DULD1_DTLA0_DTLB0_DTVA0_DTVB0_DAF0_DKP0_DVO0_ETSP_EPS0_ELFLR0_EMLL0_FSSC10_F16AI0_F16AIR0_
FL0_GLVWA4_GLVWB4_GR2A1_GR2B1_GRCGA1_GRCGB1_GRCVA1_GRCVB1_GRPM1_GRVW4_GSU4_GSUASB_GSUAA0_GSUSARR1_GSUWGMRR0_GLS0_ISA1201_IU1_IA0_KLA_LEL0_LBSPPA1024_LBSP
PB1024_LPA16_LPB16_LDL1_LR2A1_LR2B1_LRVW8_LW2A1_LW2B1_LWPMn1_LDW0_LT1_FMA_MIAV1_MTSM64_MTSM1_MDA2_MI16_16_16_1_MO40_MVN256_MMFSC_MKFGSU256_MVN0_NR0_NTA0_
NTB0_NTC0_NTD0_NEPBS0_NLCA1_NLCB1_ONLL0_OPLV0_PBD0_PFD1_PG2_PSD0_PSLn1_PWCn1_PWLn1_PK0_PKAB0_PAP0_PAPM0_PGR0_PLR0_PKA0_RK0_SGR0_SIA0_SLW0_SS0_SU32_SUM0_S
US256_SCIU0_SCIUE0_SCIUI1_SCIUPL0_SPO0_SRVW0_SSO0_SVW4_SK0_SKA0_SKXCCM0_SNLL0_TSGRA0_TSGRB0_TT4_64_TLDS0_UIIDU0_UMLDSA0_UMLDSB0_UMF0_U64SL1_UIOFGRO0_USFG
ROn1_VAW1_VSn1_VW1_VWB1_VFLRP0_WSGRA1_WSGRB1_WS32_WG16_2_1_WGM8_WGMTB
################################################################################
Finding unique solutions:   0%|          | 0/6 [00:00<?, ?it/s]Finding unique solutions: 100%|██████████| 6/6 [00:00<00:00, 13052.81it/s]
# Writing Kernels...
Generating kernels: 12 thread(s), 6 tasks:   0%|          | 0/6 [00:00<?, ?it/s]Generating kernels: 12 thread(s), 6 tasks: 100%|██████████| 6/6 [00:00<00:00, 6487.71it/s]
info: growing pool += 2 * 13 for GlobalWrite

0         1         2         3         4         5         6         7 
012345678901234567890123456789012345678901234567890123456789012345678901
..................................##########|||||||||||||||||...||||||||
0         1         2         3         4         5         6         7      
01234567890123456789012345678901234567890123456789012345678901234567890123456
..................................##########|||||||||||||||||...|||||||||||||
total vgpr count: 80

total vgpr count: 72

write_assemblyFilename /home/iamthecage/out-v2/bf16gemm_wmma_gsu_nn/1_BenchmarkProblems/Cijk_Ailk_Bljk_BBS_BH_00/00_Final/source/build_tmp/SOURCE/assembly/Cijk_Ailk_Bljk_BBS_BH_MT32x32x16_MI16x16x16x1_SNVkk5mpQ-5g4yci6wx1lrCR_2nwEcBT-eJ7gDV2EBI6k=.s
Assemble command: /opt/rocm/bin/amdclang++ -x assembler -target amdgcn-amd-amdhsa -mcode-object-version=4 -mcpu=gfx1201 -mno-wavefrontsize64 -c -o 
/home/iamthecage/out-v2/bf16gemm_wmma_gsu_nn/1_BenchmarkProblems/Cijk_Ailk_Bljk_BBS_BH_00/00_Final/source/build_tmp/SOURCE/assembly/Cijk_Ailk_Bljk_BBS_BH
_MT32x32x16_MI16x16x16x1_SNVkk5mpQ-5g4yci6wx1lrCR_2nwEcBT-eJ7gDV2EBI6k=.o 
/home/iamthecage/out-v2/bf16gemm_wmma_gsu_nn/1_BenchmarkProblems/Cijk_Ailk_Bljk_BBS_BH_00/00_Final/source/build_tmp/SOURCE/assembly/Cijk_Ailk_Bljk_BBS_BH
_MT32x32x16_MI16x16x16x1_SNVkk5mpQ-5g4yci6wx1lrCR_2nwEcBT-eJ7gDV2EBI6k=.s && 
write_assemblyFilename /home/iamthecage/out-v2/bf16gemm_wmma_gsu_nn/1_BenchmarkProblems/Cijk_Ailk_Bljk_BBS_BH_00/00_Final/source/build_tmp/SOURCE/assembly/Cijk_Ailk_Bljk_BBS_BH_MT32x32x16_MI16x16x16x1_SNBnnqhTduCqdVx_LdRB7m7tLNucMx8N_gDnVU-IkqBh0=.s
Assemble command: /opt/rocm/bin/amdclang++ -x assembler -target amdgcn-amd-amdhsa -mcode-object-version=4 -mcpu=gfx1201 -mno-wavefrontsize64 -c -o 
/home/iamthecage/out-v2/bf16gemm_wmma_gsu_nn/1_BenchmarkProblems/Cijk_Ailk_Bljk_BBS_BH_00/00_Final/source/build_tmp/SOURCE/assembly/Cijk_Ailk_Bljk_BBS_BH
_MT32x32x16_MI16x16x16x1_SNBnnqhTduCqdVx_LdRB7m7tLNucMx8N_gDnVU-IkqBh0=.o 
/home/iamthecage/out-v2/bf16gemm_wmma_gsu_nn/1_BenchmarkProblems/Cijk_Ailk_Bljk_BBS_BH_00/00_Final/source/build_tmp/SOURCE/assembly/Cijk_Ailk_Bljk_BBS_BH
_MT32x32x16_MI16x16x16x1_SNBnnqhTduCqdVx_LdRB7m7tLNucMx8N_gDnVU-IkqBh0=.s && 
info: growing pool += 2 * 13 for GlobalWrite

0         1         2         3         4         5         6         7 
012345678901234567890123456789012345678901234567890123456789012345678901
..................................##########|||||||||||||||||...||||||||
0         1         2         3         4         5         6         7      
01234567890123456789012345678901234567890123456789012345678901234567890123456
..................................##########|||||||||||||||||...|||||||||||||
total vgpr count: 80

total vgpr count: 256

b''
write_assemblyFilename /home/iamthecage/out-v2/bf16gemm_wmma_gsu_nn/1_BenchmarkProblems/Cijk_Ailk_Bljk_BBS_BH_00/00_Final/source/build_tmp/SOURCE/assembly/Cijk_Ailk_Bljk_BBS_BH_MT32x32x16_MI16x16x16x1_SNjkCkBPh9WUp7CZGoHZSu_NTPd-05zGtoh9CgokxuHDM=.s
Assemble command: /opt/rocm/bin/amdclang++ -x assembler -target amdgcn-amd-amdhsa -mcode-object-version=4 -mcpu=gfx1201 -mno-wavefrontsize64 -c -o 
/home/iamthecage/out-v2/bf16gemm_wmma_gsu_nn/1_BenchmarkProblems/Cijk_Ailk_Bljk_BBS_BH_00/00_Final/source/build_tmp/SOURCE/assembly/Cijk_Ailk_Bljk_BBS_BH
_MT32x32x16_MI16x16x16x1_SNjkCkBPh9WUp7CZGoHZSu_NTPd-05zGtoh9CgokxuHDM=.o 
/home/iamthecage/out-v2/bf16gemm_wmma_gsu_nn/1_BenchmarkProblems/Cijk_Ailk_Bljk_BBS_BH_00/00_Final/source/build_tmp/SOURCE/assembly/Cijk_Ailk_Bljk_BBS_BH
_MT32x32x16_MI16x16x16x1_SNjkCkBPh9WUp7CZGoHZSu_NTPd-05zGtoh9CgokxuHDM=.s && 
Single Code Object File: /opt/rocm/bin/amdclang++ -target amdgcn-amd-amdhsa -Xlinker --build-id -o 
/home/iamthecage/out-v2/bf16gemm_wmma_gsu_nn/1_BenchmarkProblems/Cijk_Ailk_Bljk_BBS_BH_00/00_Final/source/build_tmp/SOURCE/assembly/Cijk_Ailk_Bljk_BBS_BH
_MT32x32x16_MI16x16x16x1_SNVkk5mpQ-5g4yci6wx1lrCR_2nwEcBT-eJ7gDV2EBI6k=.co 
/home/iamthecage/out-v2/bf16gemm_wmma_gsu_nn/1_BenchmarkProblems/Cijk_Ailk_Bljk_BBS_BH_00/00_Final/source/build_tmp/SOURCE/assembly/Cijk_Ailk_Bljk_BBS_BH
_MT32x32x16_MI16x16x16x1_SNVkk5mpQ-5g4yci6wx1lrCR_2nwEcBT-eJ7gDV2EBI6k=.o
total vgpr count: 256

b''
Single Code Object File: /opt/rocm/bin/amdclang++ -target amdgcn-amd-amdhsa -Xlinker --build-id -o 
/home/iamthecage/out-v2/bf16gemm_wmma_gsu_nn/1_BenchmarkProblems/Cijk_Ailk_Bljk_BBS_BH_00/00_Final/source/build_tmp/SOURCE/assembly/Cijk_Ailk_Bljk_BBS_BH
_MT32x32x16_MI16x16x16x1_SNBnnqhTduCqdVx_LdRB7m7tLNucMx8N_gDnVU-IkqBh0=.co 
/home/iamthecage/out-v2/bf16gemm_wmma_gsu_nn/1_BenchmarkProblems/Cijk_Ailk_Bljk_BBS_BH_00/00_Final/source/build_tmp/SOURCE/assembly/Cijk_Ailk_Bljk_BBS_BH
_MT32x32x16_MI16x16x16x1_SNBnnqhTduCqdVx_LdRB7m7tLNucMx8N_gDnVU-IkqBh0=.o
write_assemblyFilename /home/iamthecage/out-v2/bf16gemm_wmma_gsu_nn/1_BenchmarkProblems/Cijk_Ailk_Bljk_BBS_BH_00/00_Final/source/build_tmp/SOURCE/assembly/Cijk_Ailk_Bljk_BBS_BH_MT64x64x16_MI16x16x16x1_SNCZsrtBJ74KEsb8mhyYzx6FtBWXQtDlNnyuhuCb2f2WU=.s
Assemble command: /opt/rocm/bin/amdclang++ -x assembler -target amdgcn-amd-amdhsa -mcode-object-version=4 -mcpu=gfx1201 -mno-wavefrontsize64 -c -o 
/home/iamthecage/out-v2/bf16gemm_wmma_gsu_nn/1_BenchmarkProblems/Cijk_Ailk_Bljk_BBS_BH_00/00_Final/source/build_tmp/SOURCE/assembly/Cijk_Ailk_Bljk_BBS_BH
_MT64x64x16_MI16x16x16x1_SNCZsrtBJ74KEsb8mhyYzx6FtBWXQtDlNnyuhuCb2f2WU=.o 
/home/iamthecage/out-v2/bf16gemm_wmma_gsu_nn/1_BenchmarkProblems/Cijk_Ailk_Bljk_BBS_BH_00/00_Final/source/build_tmp/SOURCE/assembly/Cijk_Ailk_Bljk_BBS_BH
_MT64x64x16_MI16x16x16x1_SNCZsrtBJ74KEsb8mhyYzx6FtBWXQtDlNnyuhuCb2f2WU=.s && 
b''
b''
write_assemblyFilename /home/iamthecage/out-v2/bf16gemm_wmma_gsu_nn/1_BenchmarkProblems/Cijk_Ailk_Bljk_BBS_BH_00/00_Final/source/build_tmp/SOURCE/assembly/Cijk_Ailk_Bljk_BBS_BH_MT64x64x16_MI16x16x16x1_SNIrK6I5WNSchfui-QGeoIh1h-13aNzhy2omDIFxNqawQ=.s
Assemble command: /opt/rocm/bin/amdclang++ -x assembler -target amdgcn-amd-amdhsa -mcode-object-version=4 -mcpu=gfx1201 -mno-wavefrontsize64 -c -o 
/home/iamthecage/out-v2/bf16gemm_wmma_gsu_nn/1_BenchmarkProblems/Cijk_Ailk_Bljk_BBS_BH_00/00_Final/source/build_tmp/SOURCE/assembly/Cijk_Ailk_Bljk_BBS_BH
_MT64x64x16_MI16x16x16x1_SNIrK6I5WNSchfui-QGeoIh1h-13aNzhy2omDIFxNqawQ=.o 
/home/iamthecage/out-v2/bf16gemm_wmma_gsu_nn/1_BenchmarkProblems/Cijk_Ailk_Bljk_BBS_BH_00/00_Final/source/build_tmp/SOURCE/assembly/Cijk_Ailk_Bljk_BBS_BH
_MT64x64x16_MI16x16x16x1_SNIrK6I5WNSchfui-QGeoIh1h-13aNzhy2omDIFxNqawQ=.s && 
b''
Single Code Object File: /opt/rocm/bin/amdclang++ -target amdgcn-amd-amdhsa -Xlinker --build-id -o 
/home/iamthecage/out-v2/bf16gemm_wmma_gsu_nn/1_BenchmarkProblems/Cijk_Ailk_Bljk_BBS_BH_00/00_Final/source/build_tmp/SOURCE/assembly/Cijk_Ailk_Bljk_BBS_BH
_MT32x32x16_MI16x16x16x1_SNjkCkBPh9WUp7CZGoHZSu_NTPd-05zGtoh9CgokxuHDM=.co 
/home/iamthecage/out-v2/bf16gemm_wmma_gsu_nn/1_BenchmarkProblems/Cijk_Ailk_Bljk_BBS_BH_00/00_Final/source/build_tmp/SOURCE/assembly/Cijk_Ailk_Bljk_BBS_BH
_MT32x32x16_MI16x16x16x1_SNjkCkBPh9WUp7CZGoHZSu_NTPd-05zGtoh9CgokxuHDM=.o
total vgpr count: 256

b''
write_assemblyFilename /home/iamthecage/out-v2/bf16gemm_wmma_gsu_nn/1_BenchmarkProblems/Cijk_Ailk_Bljk_BBS_BH_00/00_Final/source/build_tmp/SOURCE/assembly/Cijk_Ailk_Bljk_BBS_BH_MT64x64x16_MI16x16x16x1_SN__4pNquWnKIe-tHcVvbOQv46DJgzpZZLmRt9HAd21-Y=.s
Assemble command: /opt/rocm/bin/amdclang++ -x assembler -target amdgcn-amd-amdhsa -mcode-object-version=4 -mcpu=gfx1201 -mno-wavefrontsize64 -c -o 
/home/iamthecage/out-v2/bf16gemm_wmma_gsu_nn/1_BenchmarkProblems/Cijk_Ailk_Bljk_BBS_BH_00/00_Final/source/build_tmp/SOURCE/assembly/Cijk_Ailk_Bljk_BBS_BH
_MT64x64x16_MI16x16x16x1_SN__4pNquWnKIe-tHcVvbOQv46DJgzpZZLmRt9HAd21-Y=.o 
/home/iamthecage/out-v2/bf16gemm_wmma_gsu_nn/1_BenchmarkProblems/Cijk_Ailk_Bljk_BBS_BH_00/00_Final/source/build_tmp/SOURCE/assembly/Cijk_Ailk_Bljk_BBS_BH
_MT64x64x16_MI16x16x16x1_SN__4pNquWnKIe-tHcVvbOQv46DJgzpZZLmRt9HAd21-Y=.s && 
b''
Single Code Object File: /opt/rocm/bin/amdclang++ -target amdgcn-amd-amdhsa -Xlinker --build-id -o 
/home/iamthecage/out-v2/bf16gemm_wmma_gsu_nn/1_BenchmarkProblems/Cijk_Ailk_Bljk_BBS_BH_00/00_Final/source/build_tmp/SOURCE/assembly/Cijk_Ailk_Bljk_BBS_BH
_MT64x64x16_MI16x16x16x1_SNCZsrtBJ74KEsb8mhyYzx6FtBWXQtDlNnyuhuCb2f2WU=.co 
/home/iamthecage/out-v2/bf16gemm_wmma_gsu_nn/1_BenchmarkProblems/Cijk_Ailk_Bljk_BBS_BH_00/00_Final/source/build_tmp/SOURCE/assembly/Cijk_Ailk_Bljk_BBS_BH
_MT64x64x16_MI16x16x16x1_SNCZsrtBJ74KEsb8mhyYzx6FtBWXQtDlNnyuhuCb2f2WU=.o
b''
Single Code Object File: /opt/rocm/bin/amdclang++ -target amdgcn-amd-amdhsa -Xlinker --build-id -o 
/home/iamthecage/out-v2/bf16gemm_wmma_gsu_nn/1_BenchmarkProblems/Cijk_Ailk_Bljk_BBS_BH_00/00_Final/source/build_tmp/SOURCE/assembly/Cijk_Ailk_Bljk_BBS_BH
_MT64x64x16_MI16x16x16x1_SNIrK6I5WNSchfui-QGeoIh1h-13aNzhy2omDIFxNqawQ=.co 
/home/iamthecage/out-v2/bf16gemm_wmma_gsu_nn/1_BenchmarkProblems/Cijk_Ailk_Bljk_BBS_BH_00/00_Final/source/build_tmp/SOURCE/assembly/Cijk_Ailk_Bljk_BBS_BH
_MT64x64x16_MI16x16x16x1_SNIrK6I5WNSchfui-QGeoIh1h-13aNzhy2omDIFxNqawQ=.o
b''
b''
b''
Single Code Object File: /opt/rocm/bin/amdclang++ -target amdgcn-amd-amdhsa -Xlinker --build-id -o 
/home/iamthecage/out-v2/bf16gemm_wmma_gsu_nn/1_BenchmarkProblems/Cijk_Ailk_Bljk_BBS_BH_00/00_Final/source/build_tmp/SOURCE/assembly/Cijk_Ailk_Bljk_BBS_BH
_MT64x64x16_MI16x16x16x1_SN__4pNquWnKIe-tHcVvbOQv46DJgzpZZLmRt9HAd21-Y=.co 
/home/iamthecage/out-v2/bf16gemm_wmma_gsu_nn/1_BenchmarkProblems/Cijk_Ailk_Bljk_BBS_BH_00/00_Final/source/build_tmp/SOURCE/assembly/Cijk_Ailk_Bljk_BBS_BH
_MT64x64x16_MI16x16x16x1_SN__4pNquWnKIe-tHcVvbOQv46DJgzpZZLmRt9HAd21-Y=.o
b''
Filtering processing errors: 0it [00:00, ?it/s]Filtering processing errors: 6it [00:00, 241979.08it/s]
> UserWarning: Kernel file context manager opened without any kernel files.
Compiling source kernels:   0%|          | 0/3 [00:00<?, ?it/s]Compiling source kernels: 100%|██████████| 3/3 [00:00<00:00, 6288.31it/s]
Compile source object file command: ['amdclang++', '-D__HIP_HCC_COMPAT_MODE__=1', '--cuda-device-only', '-x', 'hip', '-O3', '-I', 
'/home/iamthecage/out-v2/bf16gemm_wmma_gsu_nn/1_BenchmarkProblems/Cijk_Ailk_Bljk_BBS_BH_00/00_Final/source', '-Xoffload-linker', '--build-id', 
'--offload-arch=gfx803', '--offload-arch=gfx900', '--offload-arch=gfx906:xnack-', '--offload-arch=gfx908:xnack-', '--offload-arch=gfx90a:xnack+', 
'--offload-arch=gfx90a:xnack-', '--offload-arch=gfx942', '--offload-arch=gfx950', '--offload-arch=gfx1010', '--offload-arch=gfx1011', 
'--offload-arch=gfx1012', '--offload-arch=gfx1030', '--offload-arch=gfx1031', '--offload-arch=gfx1032', '--offload-arch=gfx1033', 
'--offload-arch=gfx1034', '--offload-arch=gfx1035', '--offload-arch=gfx1036', '--offload-arch=gfx1100', '--offload-arch=gfx1101', 
'--offload-arch=gfx1102', '--offload-arch=gfx1103', '--offload-arch=gfx1150', '--offload-arch=gfx1151', '--offload-arch=gfx1152', 
'--offload-arch=gfx1153', '--offload-arch=gfx1200', '--offload-arch=gfx1201', 
'/home/iamthecage/out-v2/bf16gemm_wmma_gsu_nn/1_BenchmarkProblems/Cijk_Ailk_Bljk_BBS_BH_00/00_Final/source/Kernels/Cijk_B_PostGSU_VW2.cpp', '-c', '-o', 
'/home/iamthecage/out-v2/bf16gemm_wmma_gsu_nn/1_BenchmarkProblems/Cijk_Ailk_Bljk_BBS_BH_00/00_Final/source/build_tmp/SOURCE/code_object_tmp/Cijk_B_PostGS
U_VW2.o']
Compile source object file command: ['amdclang++', '-D__HIP_HCC_COMPAT_MODE__=1', '--cuda-device-only', '-x', 'hip', '-O3', '-I', 
'/home/iamthecage/out-v2/bf16gemm_wmma_gsu_nn/1_BenchmarkProblems/Cijk_Ailk_Bljk_BBS_BH_00/00_Final/source', '-Xoffload-linker', '--build-id', 
'--offload-arch=gfx803', '--offload-arch=gfx900', '--offload-arch=gfx906:xnack-', '--offload-arch=gfx908:xnack-', '--offload-arch=gfx90a:xnack+', 
'--offload-arch=gfx90a:xnack-', '--offload-arch=gfx942', '--offload-arch=gfx950', '--offload-arch=gfx1010', '--offload-arch=gfx1011', 
'--offload-arch=gfx1012', '--offload-arch=gfx1030', '--offload-arch=gfx1031', '--offload-arch=gfx1032', '--offload-arch=gfx1033', 
'--offload-arch=gfx1034', '--offload-arch=gfx1035', '--offload-arch=gfx1036', '--offload-arch=gfx1100', '--offload-arch=gfx1101', 
'--offload-arch=gfx1102', '--offload-arch=gfx1103', '--offload-arch=gfx1150', '--offload-arch=gfx1151', '--offload-arch=gfx1152', 
'--offload-arch=gfx1153', '--offload-arch=gfx1200', '--offload-arch=gfx1201', 
'/home/iamthecage/out-v2/bf16gemm_wmma_gsu_nn/1_BenchmarkProblems/Cijk_Ailk_Bljk_BBS_BH_00/00_Final/source/Kernels/Cijk_B_PostGSU.cpp', '-c', '-o', 
'/home/iamthecage/out-v2/bf16gemm_wmma_gsu_nn/1_BenchmarkProblems/Cijk_Ailk_Bljk_BBS_BH_00/00_Final/source/build_tmp/SOURCE/code_object_tmp/Cijk_B_PostGS
U.o']
Compile source object file command: ['amdclang++', '-D__HIP_HCC_COMPAT_MODE__=1', '--cuda-device-only', '-x', 'hip', '-O3', '-I', 
'/home/iamthecage/out-v2/bf16gemm_wmma_gsu_nn/1_BenchmarkProblems/Cijk_Ailk_Bljk_BBS_BH_00/00_Final/source', '-Xoffload-linker', '--build-id', 
'--offload-arch=gfx803', '--offload-arch=gfx900', '--offload-arch=gfx906:xnack-', '--offload-arch=gfx908:xnack-', '--offload-arch=gfx90a:xnack+', 
'--offload-arch=gfx90a:xnack-', '--offload-arch=gfx942', '--offload-arch=gfx950', '--offload-arch=gfx1010', '--offload-arch=gfx1011', 
'--offload-arch=gfx1012', '--offload-arch=gfx1030', '--offload-arch=gfx1031', '--offload-arch=gfx1032', '--offload-arch=gfx1033', 
'--offload-arch=gfx1034', '--offload-arch=gfx1035', '--offload-arch=gfx1036', '--offload-arch=gfx1100', '--offload-arch=gfx1101', 
'--offload-arch=gfx1102', '--offload-arch=gfx1103', '--offload-arch=gfx1150', '--offload-arch=gfx1151', '--offload-arch=gfx1152', 
'--offload-arch=gfx1153', '--offload-arch=gfx1200', '--offload-arch=gfx1201', 
'/home/iamthecage/out-v2/bf16gemm_wmma_gsu_nn/1_BenchmarkProblems/Cijk_Ailk_Bljk_BBS_BH_00/00_Final/source/Kernels/Cijk_B_GA.cpp', '-c', '-o', 
'/home/iamthecage/out-v2/bf16gemm_wmma_gsu_nn/1_BenchmarkProblems/Cijk_Ailk_Bljk_BBS_BH_00/00_Final/source/build_tmp/SOURCE/code_object_tmp/Cijk_B_GA.o']



Unbundling source code object file: /opt/rocm/lib/llvm/bin/clang-offload-bundler --type=o --targets=hipv4-amdgcn-amd-amdhsa--gfx1030 
--input=/home/iamthecage/out-v2/bf16gemm_wmma_gsu_nn/1_BenchmarkProblems/Cijk_Ailk_Bljk_BBS_BH_00/00_Final/source/build_tmp/SOURCE/code_object_tmp/Cijk_B
_GA.o 
--output=/home/iamthecage/out-v2/bf16gemm_wmma_gsu_nn/1_BenchmarkProblems/Cijk_Ailk_Bljk_BBS_BH_00/00_Final/source/build_tmp/SOURCE/code_object_tmp/Cijk_
B_GA.so-000-gfx1030.hsaco.raw --unbundle
Unbundling source code object file: /opt/rocm/lib/llvm/bin/clang-offload-bundler --type=o --targets=hipv4-amdgcn-amd-amdhsa--gfx1030 
--input=/home/iamthecage/out-v2/bf16gemm_wmma_gsu_nn/1_BenchmarkProblems/Cijk_Ailk_Bljk_BBS_BH_00/00_Final/source/build_tmp/SOURCE/code_object_tmp/Cijk_B
_PostGSU_VW2.o 
--output=/home/iamthecage/out-v2/bf16gemm_wmma_gsu_nn/1_BenchmarkProblems/Cijk_Ailk_Bljk_BBS_BH_00/00_Final/source/build_tmp/SOURCE/code_object_tmp/Cijk_
B_PostGSU_VW2.so-000-gfx1030.hsaco.raw --unbundle

Unbundling source code object file: /opt/rocm/lib/llvm/bin/clang-offload-bundler --type=o --targets=hipv4-amdgcn-amd-amdhsa--gfx1030 
--input=/home/iamthecage/out-v2/bf16gemm_wmma_gsu_nn/1_BenchmarkProblems/Cijk_Ailk_Bljk_BBS_BH_00/00_Final/source/build_tmp/SOURCE/code_object_tmp/Cijk_B
_PostGSU.o 
--output=/home/iamthecage/out-v2/bf16gemm_wmma_gsu_nn/1_BenchmarkProblems/Cijk_Ailk_Bljk_BBS_BH_00/00_Final/source/build_tmp/SOURCE/code_object_tmp/Cijk_
B_PostGSU.so-000-gfx1030.hsaco.raw --unbundle

Unbundling source code object file: /opt/rocm/lib/llvm/bin/clang-offload-bundler --type=o --targets=hipv4-amdgcn-amd-amdhsa--gfx1036 
--input=/home/iamthecage/out-v2/bf16gemm_wmma_gsu_nn/1_BenchmarkProblems/Cijk_Ailk_Bljk_BBS_BH_00/00_Final/source/build_tmp/SOURCE/code_object_tmp/Cijk_B
_GA.o 
--output=/home/iamthecage/out-v2/bf16gemm_wmma_gsu_nn/1_BenchmarkProblems/Cijk_Ailk_Bljk_BBS_BH_00/00_Final/source/build_tmp/SOURCE/code_object_tmp/Cijk_
B_GA.so-000-gfx1036.hsaco.raw --unbundle
Unbundling source code object file: /opt/rocm/lib/llvm/bin/clang-offload-bundler --type=o --targets=hipv4-amdgcn-amd-amdhsa--gfx1036 
--input=/home/iamthecage/out-v2/bf16gemm_wmma_gsu_nn/1_BenchmarkProblems/Cijk_Ailk_Bljk_BBS_BH_00/00_Final/source/build_tmp/SOURCE/code_object_tmp/Cijk_B
_PostGSU_VW2.o 
--output=/home/iamthecage/out-v2/bf16gemm_wmma_gsu_nn/1_BenchmarkProblems/Cijk_Ailk_Bljk_BBS_BH_00/00_Final/source/build_tmp/SOURCE/code_object_tmp/Cijk_
B_PostGSU_VW2.so-000-gfx1036.hsaco.raw --unbundle



Unbundling source code object file: /opt/rocm/lib/llvm/bin/clang-offload-bundler --type=o --targets=hipv4-amdgcn-amd-amdhsa--gfx1036 
--input=/home/iamthecage/out-v2/bf16gemm_wmma_gsu_nn/1_BenchmarkProblems/Cijk_Ailk_Bljk_BBS_BH_00/00_Final/source/build_tmp/SOURCE/code_object_tmp/Cijk_B
_PostGSU.o 
--output=/home/iamthecage/out-v2/bf16gemm_wmma_gsu_nn/1_BenchmarkProblems/Cijk_Ailk_Bljk_BBS_BH_00/00_Final/source/build_tmp/SOURCE/code_object_tmp/Cijk_
B_PostGSU.so-000-gfx1036.hsaco.raw --unbundle
Unbundling source code object file: /opt/rocm/lib/llvm/bin/clang-offload-bundler --type=o --targets=hipv4-amdgcn-amd-amdhsa--gfx1201 
--input=/home/iamthecage/out-v2/bf16gemm_wmma_gsu_nn/1_BenchmarkProblems/Cijk_Ailk_Bljk_BBS_BH_00/00_Final/source/build_tmp/SOURCE/code_object_tmp/Cijk_B
_GA.o 
--output=/home/iamthecage/out-v2/bf16gemm_wmma_gsu_nn/1_BenchmarkProblems/Cijk_Ailk_Bljk_BBS_BH_00/00_Final/source/build_tmp/SOURCE/code_object_tmp/Cijk_
B_GA.so-000-gfx1201.hsaco.raw --unbundle
Unbundling source code object file: /opt/rocm/lib/llvm/bin/clang-offload-bundler --type=o --targets=hipv4-amdgcn-amd-amdhsa--gfx1201 
--input=/home/iamthecage/out-v2/bf16gemm_wmma_gsu_nn/1_BenchmarkProblems/Cijk_Ailk_Bljk_BBS_BH_00/00_Final/source/build_tmp/SOURCE/code_object_tmp/Cijk_B
_PostGSU_VW2.o 
--output=/home/iamthecage/out-v2/bf16gemm_wmma_gsu_nn/1_BenchmarkProblems/Cijk_Ailk_Bljk_BBS_BH_00/00_Final/source/build_tmp/SOURCE/code_object_tmp/Cijk_
B_PostGSU_VW2.so-000-gfx1201.hsaco.raw --unbundle



Unbundling source code object file: /opt/rocm/lib/llvm/bin/clang-offload-bundler --type=o --targets=hipv4-amdgcn-amd-amdhsa--gfx900 
--input=/home/iamthecage/out-v2/bf16gemm_wmma_gsu_nn/1_BenchmarkProblems/Cijk_Ailk_Bljk_BBS_BH_00/00_Final/source/build_tmp/SOURCE/code_object_tmp/Cijk_B
_GA.o 
--output=/home/iamthecage/out-v2/bf16gemm_wmma_gsu_nn/1_BenchmarkProblems/Cijk_Ailk_Bljk_BBS_BH_00/00_Final/source/build_tmp/SOURCE/code_object_tmp/Cijk_
B_GA.so-000-gfx900.hsaco.raw --unbundle
Unbundling source code object file: /opt/rocm/lib/llvm/bin/clang-offload-bundler --type=o --targets=hipv4-amdgcn-amd-amdhsa--gfx1201 
--input=/home/iamthecage/out-v2/bf16gemm_wmma_gsu_nn/1_BenchmarkProblems/Cijk_Ailk_Bljk_BBS_BH_00/00_Final/source/build_tmp/SOURCE/code_object_tmp/Cijk_B
_PostGSU.o 
--output=/home/iamthecage/out-v2/bf16gemm_wmma_gsu_nn/1_BenchmarkProblems/Cijk_Ailk_Bljk_BBS_BH_00/00_Final/source/build_tmp/SOURCE/code_object_tmp/Cijk_
B_PostGSU.so-000-gfx1201.hsaco.raw --unbundle
Unbundling source code object file: /opt/rocm/lib/llvm/bin/clang-offload-bundler --type=o --targets=hipv4-amdgcn-amd-amdhsa--gfx900 
--input=/home/iamthecage/out-v2/bf16gemm_wmma_gsu_nn/1_BenchmarkProblems/Cijk_Ailk_Bljk_BBS_BH_00/00_Final/source/build_tmp/SOURCE/code_object_tmp/Cijk_B
_PostGSU_VW2.o 
--output=/home/iamthecage/out-v2/bf16gemm_wmma_gsu_nn/1_BenchmarkProblems/Cijk_Ailk_Bljk_BBS_BH_00/00_Final/source/build_tmp/SOURCE/code_object_tmp/Cijk_
B_PostGSU_VW2.so-000-gfx900.hsaco.raw --unbundle



Unbundling source code object file: /opt/rocm/lib/llvm/bin/clang-offload-bundler --type=o --targets=hipv4-amdgcn-amd-amdhsa--gfx1101 
--input=/home/iamthecage/out-v2/bf16gemm_wmma_gsu_nn/1_BenchmarkProblems/Cijk_Ailk_Bljk_BBS_BH_00/00_Final/source/build_tmp/SOURCE/code_object_tmp/Cijk_B
_GA.o 
--output=/home/iamthecage/out-v2/bf16gemm_wmma_gsu_nn/1_BenchmarkProblems/Cijk_Ailk_Bljk_BBS_BH_00/00_Final/source/build_tmp/SOURCE/code_object_tmp/Cijk_
B_GA.so-000-gfx1101.hsaco.raw --unbundle
Unbundling source code object file: /opt/rocm/lib/llvm/bin/clang-offload-bundler --type=o --targets=hipv4-amdgcn-amd-amdhsa--gfx1101 
--input=/home/iamthecage/out-v2/bf16gemm_wmma_gsu_nn/1_BenchmarkProblems/Cijk_Ailk_Bljk_BBS_BH_00/00_Final/source/build_tmp/SOURCE/code_object_tmp/Cijk_B
_PostGSU_VW2.o 
--output=/home/iamthecage/out-v2/bf16gemm_wmma_gsu_nn/1_BenchmarkProblems/Cijk_Ailk_Bljk_BBS_BH_00/00_Final/source/build_tmp/SOURCE/code_object_tmp/Cijk_
B_PostGSU_VW2.so-000-gfx1101.hsaco.raw --unbundle
Unbundling source code object file: /opt/rocm/lib/llvm/bin/clang-offload-bundler --type=o --targets=hipv4-amdgcn-amd-amdhsa--gfx900 
--input=/home/iamthecage/out-v2/bf16gemm_wmma_gsu_nn/1_BenchmarkProblems/Cijk_Ailk_Bljk_BBS_BH_00/00_Final/source/build_tmp/SOURCE/code_object_tmp/Cijk_B
_PostGSU.o 
--output=/home/iamthecage/out-v2/bf16gemm_wmma_gsu_nn/1_BenchmarkProblems/Cijk_Ailk_Bljk_BBS_BH_00/00_Final/source/build_tmp/SOURCE/code_object_tmp/Cijk_
B_PostGSU.so-000-gfx900.hsaco.raw --unbundle



Unbundling source code object file: /opt/rocm/lib/llvm/bin/clang-offload-bundler --type=o --targets=hipv4-amdgcn-amd-amdhsa--gfx1012 
--input=/home/iamthecage/out-v2/bf16gemm_wmma_gsu_nn/1_BenchmarkProblems/Cijk_Ailk_Bljk_BBS_BH_00/00_Final/source/build_tmp/SOURCE/code_object_tmp/Cijk_B
_PostGSU_VW2.o 
--output=/home/iamthecage/out-v2/bf16gemm_wmma_gsu_nn/1_BenchmarkProblems/Cijk_Ailk_Bljk_BBS_BH_00/00_Final/source/build_tmp/SOURCE/code_object_tmp/Cijk_
B_PostGSU_VW2.so-000-gfx1012.hsaco.raw --unbundle
Unbundling source code object file: /opt/rocm/lib/llvm/bin/clang-offload-bundler --type=o --targets=hipv4-amdgcn-amd-amdhsa--gfx1012 
--input=/home/iamthecage/out-v2/bf16gemm_wmma_gsu_nn/1_BenchmarkProblems/Cijk_Ailk_Bljk_BBS_BH_00/00_Final/source/build_tmp/SOURCE/code_object_tmp/Cijk_B
_GA.o 
--output=/home/iamthecage/out-v2/bf16gemm_wmma_gsu_nn/1_BenchmarkProblems/Cijk_Ailk_Bljk_BBS_BH_00/00_Final/source/build_tmp/SOURCE/code_object_tmp/Cijk_
B_GA.so-000-gfx1012.hsaco.raw --unbundle
Unbundling source code object file: /opt/rocm/lib/llvm/bin/clang-offload-bundler --type=o --targets=hipv4-amdgcn-amd-amdhsa--gfx1101 
--input=/home/iamthecage/out-v2/bf16gemm_wmma_gsu_nn/1_BenchmarkProblems/Cijk_Ailk_Bljk_BBS_BH_00/00_Final/source/build_tmp/SOURCE/code_object_tmp/Cijk_B
_PostGSU.o 
--output=/home/iamthecage/out-v2/bf16gemm_wmma_gsu_nn/1_BenchmarkProblems/Cijk_Ailk_Bljk_BBS_BH_00/00_Final/source/build_tmp/SOURCE/code_object_tmp/Cijk_
B_PostGSU.so-000-gfx1101.hsaco.raw --unbundle



Unbundling source code object file: /opt/rocm/lib/llvm/bin/clang-offload-bundler --type=o --targets=hipv4-amdgcn-amd-amdhsa--gfx906:xnack- 
--input=/home/iamthecage/out-v2/bf16gemm_wmma_gsu_nn/1_BenchmarkProblems/Cijk_Ailk_Bljk_BBS_BH_00/00_Final/source/build_tmp/SOURCE/code_object_tmp/Cijk_B
_PostGSU_VW2.o 
--output=/home/iamthecage/out-v2/bf16gemm_wmma_gsu_nn/1_BenchmarkProblems/Cijk_Ailk_Bljk_BBS_BH_00/00_Final/source/build_tmp/SOURCE/code_object_tmp/Cijk_
B_PostGSU_VW2.so-000-gfx906-xnack-.hsaco.raw --unbundle
Unbundling source code object file: /opt/rocm/lib/llvm/bin/clang-offload-bundler --type=o --targets=hipv4-amdgcn-amd-amdhsa--gfx906:xnack- 
--input=/home/iamthecage/out-v2/bf16gemm_wmma_gsu_nn/1_BenchmarkProblems/Cijk_Ailk_Bljk_BBS_BH_00/00_Final/source/build_tmp/SOURCE/code_object_tmp/Cijk_B
_GA.o 
--output=/home/iamthecage/out-v2/bf16gemm_wmma_gsu_nn/1_BenchmarkProblems/Cijk_Ailk_Bljk_BBS_BH_00/00_Final/source/build_tmp/SOURCE/code_object_tmp/Cijk_
B_GA.so-000-gfx906-xnack-.hsaco.raw --unbundle
Unbundling source code object file: /opt/rocm/lib/llvm/bin/clang-offload-bundler --type=o --targets=hipv4-amdgcn-amd-amdhsa--gfx1012 
--input=/home/iamthecage/out-v2/bf16gemm_wmma_gsu_nn/1_BenchmarkProblems/Cijk_Ailk_Bljk_BBS_BH_00/00_Final/source/build_tmp/SOURCE/code_object_tmp/Cijk_B
_PostGSU.o 
--output=/home/iamthecage/out-v2/bf16gemm_wmma_gsu_nn/1_BenchmarkProblems/Cijk_Ailk_Bljk_BBS_BH_00/00_Final/source/build_tmp/SOURCE/code_object_tmp/Cijk_
B_PostGSU.so-000-gfx1012.hsaco.raw --unbundle


Unbundling source code object file: /opt/rocm/lib/llvm/bin/clang-offload-bundler --type=o --targets=hipv4-amdgcn-amd-amdhsa--gfx1200 
--input=/home/iamthecage/out-v2/bf16gemm_wmma_gsu_nn/1_BenchmarkProblems/Cijk_Ailk_Bljk_BBS_BH_00/00_Final/source/build_tmp/SOURCE/code_object_tmp/Cijk_B
_PostGSU_VW2.o 
--output=/home/iamthecage/out-v2/bf16gemm_wmma_gsu_nn/1_BenchmarkProblems/Cijk_Ailk_Bljk_BBS_BH_00/00_Final/source/build_tmp/SOURCE/code_object_tmp/Cijk_
B_PostGSU_VW2.so-000-gfx1200.hsaco.raw --unbundle

Unbundling source code object file: /opt/rocm/lib/llvm/bin/clang-offload-bundler --type=o --targets=hipv4-amdgcn-amd-amdhsa--gfx1200 
--input=/home/iamthecage/out-v2/bf16gemm_wmma_gsu_nn/1_BenchmarkProblems/Cijk_Ailk_Bljk_BBS_BH_00/00_Final/source/build_tmp/SOURCE/code_object_tmp/Cijk_B
_GA.o 
--output=/home/iamthecage/out-v2/bf16gemm_wmma_gsu_nn/1_BenchmarkProblems/Cijk_Ailk_Bljk_BBS_BH_00/00_Final/source/build_tmp/SOURCE/code_object_tmp/Cijk_
B_GA.so-000-gfx1200.hsaco.raw --unbundle
Unbundling source code object file: /opt/rocm/lib/llvm/bin/clang-offload-bundler --type=o --targets=hipv4-amdgcn-amd-amdhsa--gfx906:xnack- 
--input=/home/iamthecage/out-v2/bf16gemm_wmma_gsu_nn/1_BenchmarkProblems/Cijk_Ailk_Bljk_BBS_BH_00/00_Final/source/build_tmp/SOURCE/code_object_tmp/Cijk_B
_PostGSU.o 
--output=/home/iamthecage/out-v2/bf16gemm_wmma_gsu_nn/1_BenchmarkProblems/Cijk_Ailk_Bljk_BBS_BH_00/00_Final/source/build_tmp/SOURCE/code_object_tmp/Cijk_
B_PostGSU.so-000-gfx906-xnack-.hsaco.raw --unbundle


Unbundling source code object file: /opt/rocm/lib/llvm/bin/clang-offload-bundler --type=o --targets=hipv4-amdgcn-amd-amdhsa--gfx90a:xnack+ 
--input=/home/iamthecage/out-v2/bf16gemm_wmma_gsu_nn/1_BenchmarkProblems/Cijk_Ailk_Bljk_BBS_BH_00/00_Final/source/build_tmp/SOURCE/code_object_tmp/Cijk_B
_PostGSU_VW2.o 
--output=/home/iamthecage/out-v2/bf16gemm_wmma_gsu_nn/1_BenchmarkProblems/Cijk_Ailk_Bljk_BBS_BH_00/00_Final/source/build_tmp/SOURCE/code_object_tmp/Cijk_
B_PostGSU_VW2.so-000-gfx90a-xnack+.hsaco.raw --unbundle

Unbundling source code object file: /opt/rocm/lib/llvm/bin/clang-offload-bundler --type=o --targets=hipv4-amdgcn-amd-amdhsa--gfx90a:xnack+ 
--input=/home/iamthecage/out-v2/bf16gemm_wmma_gsu_nn/1_BenchmarkProblems/Cijk_Ailk_Bljk_BBS_BH_00/00_Final/source/build_tmp/SOURCE/code_object_tmp/Cijk_B
_GA.o 
--output=/home/iamthecage/out-v2/bf16gemm_wmma_gsu_nn/1_BenchmarkProblems/Cijk_Ailk_Bljk_BBS_BH_00/00_Final/source/build_tmp/SOURCE/code_object_tmp/Cijk_
B_GA.so-000-gfx90a-xnack+.hsaco.raw --unbundle
Unbundling source code object file: /opt/rocm/lib/llvm/bin/clang-offload-bundler --type=o --targets=hipv4-amdgcn-amd-amdhsa--gfx1200 
--input=/home/iamthecage/out-v2/bf16gemm_wmma_gsu_nn/1_BenchmarkProblems/Cijk_Ailk_Bljk_BBS_BH_00/00_Final/source/build_tmp/SOURCE/code_object_tmp/Cijk_B
_PostGSU.o 
--output=/home/iamthecage/out-v2/bf16gemm_wmma_gsu_nn/1_BenchmarkProblems/Cijk_Ailk_Bljk_BBS_BH_00/00_Final/source/build_tmp/SOURCE/code_object_tmp/Cijk_
B_PostGSU.so-000-gfx1200.hsaco.raw --unbundle


Unbundling source code object file: /opt/rocm/lib/llvm/bin/clang-offload-bundler --type=o --targets=hipv4-amdgcn-amd-amdhsa--gfx1011 
--input=/home/iamthecage/out-v2/bf16gemm_wmma_gsu_nn/1_BenchmarkProblems/Cijk_Ailk_Bljk_BBS_BH_00/00_Final/source/build_tmp/SOURCE/code_object_tmp/Cijk_B
_PostGSU_VW2.o 
--output=/home/iamthecage/out-v2/bf16gemm_wmma_gsu_nn/1_BenchmarkProblems/Cijk_Ailk_Bljk_BBS_BH_00/00_Final/source/build_tmp/SOURCE/code_object_tmp/Cijk_
B_PostGSU_VW2.so-000-gfx1011.hsaco.raw --unbundle

Unbundling source code object file: /opt/rocm/lib/llvm/bin/clang-offload-bundler --type=o --targets=hipv4-amdgcn-amd-amdhsa--gfx1011 
--input=/home/iamthecage/out-v2/bf16gemm_wmma_gsu_nn/1_BenchmarkProblems/Cijk_Ailk_Bljk_BBS_BH_00/00_Final/source/build_tmp/SOURCE/code_object_tmp/Cijk_B
_GA.o 
--output=/home/iamthecage/out-v2/bf16gemm_wmma_gsu_nn/1_BenchmarkProblems/Cijk_Ailk_Bljk_BBS_BH_00/00_Final/source/build_tmp/SOURCE/code_object_tmp/Cijk_
B_GA.so-000-gfx1011.hsaco.raw --unbundle
Unbundling source code object file: /opt/rocm/lib/llvm/bin/clang-offload-bundler --type=o --targets=hipv4-amdgcn-amd-amdhsa--gfx90a:xnack+ 
--input=/home/iamthecage/out-v2/bf16gemm_wmma_gsu_nn/1_BenchmarkProblems/Cijk_Ailk_Bljk_BBS_BH_00/00_Final/source/build_tmp/SOURCE/code_object_tmp/Cijk_B
_PostGSU.o 
--output=/home/iamthecage/out-v2/bf16gemm_wmma_gsu_nn/1_BenchmarkProblems/Cijk_Ailk_Bljk_BBS_BH_00/00_Final/source/build_tmp/SOURCE/code_object_tmp/Cijk_
B_PostGSU.so-000-gfx90a-xnack+.hsaco.raw --unbundle


Unbundling source code object file: /opt/rocm/lib/llvm/bin/clang-offload-bundler --type=o --targets=hipv4-amdgcn-amd-amdhsa--gfx1151 
--input=/home/iamthecage/out-v2/bf16gemm_wmma_gsu_nn/1_BenchmarkProblems/Cijk_Ailk_Bljk_BBS_BH_00/00_Final/source/build_tmp/SOURCE/code_object_tmp/Cijk_B
_PostGSU_VW2.o 
--output=/home/iamthecage/out-v2/bf16gemm_wmma_gsu_nn/1_BenchmarkProblems/Cijk_Ailk_Bljk_BBS_BH_00/00_Final/source/build_tmp/SOURCE/code_object_tmp/Cijk_
B_PostGSU_VW2.so-000-gfx1151.hsaco.raw --unbundle

Unbundling source code object file: /opt/rocm/lib/llvm/bin/clang-offload-bundler --type=o --targets=hipv4-amdgcn-amd-amdhsa--gfx1151 
--input=/home/iamthecage/out-v2/bf16gemm_wmma_gsu_nn/1_BenchmarkProblems/Cijk_Ailk_Bljk_BBS_BH_00/00_Final/source/build_tmp/SOURCE/code_object_tmp/Cijk_B
_GA.o 
--output=/home/iamthecage/out-v2/bf16gemm_wmma_gsu_nn/1_BenchmarkProblems/Cijk_Ailk_Bljk_BBS_BH_00/00_Final/source/build_tmp/SOURCE/code_object_tmp/Cijk_
B_GA.so-000-gfx1151.hsaco.raw --unbundle
Unbundling source code object file: /opt/rocm/lib/llvm/bin/clang-offload-bundler --type=o --targets=hipv4-amdgcn-amd-amdhsa--gfx1011 
--input=/home/iamthecage/out-v2/bf16gemm_wmma_gsu_nn/1_BenchmarkProblems/Cijk_Ailk_Bljk_BBS_BH_00/00_Final/source/build_tmp/SOURCE/code_object_tmp/Cijk_B
_PostGSU.o 
--output=/home/iamthecage/out-v2/bf16gemm_wmma_gsu_nn/1_BenchmarkProblems/Cijk_Ailk_Bljk_BBS_BH_00/00_Final/source/build_tmp/SOURCE/code_object_tmp/Cijk_
B_PostGSU.so-000-gfx1011.hsaco.raw --unbundle


Unbundling source code object file: /opt/rocm/lib/llvm/bin/clang-offload-bundler --type=o --targets=hipv4-amdgcn-amd-amdhsa--gfx1150 
--input=/home/iamthecage/out-v2/bf16gemm_wmma_gsu_nn/1_BenchmarkProblems/Cijk_Ailk_Bljk_BBS_BH_00/00_Final/source/build_tmp/SOURCE/code_object_tmp/Cijk_B
_PostGSU_VW2.o 
--output=/home/iamthecage/out-v2/bf16gemm_wmma_gsu_nn/1_BenchmarkProblems/Cijk_Ailk_Bljk_BBS_BH_00/00_Final/source/build_tmp/SOURCE/code_object_tmp/Cijk_
B_PostGSU_VW2.so-000-gfx1150.hsaco.raw --unbundle
Unbundling source code object file: /opt/rocm/lib/llvm/bin/clang-offload-bundler --type=o --targets=hipv4-amdgcn-amd-amdhsa--gfx1150 
--input=/home/iamthecage/out-v2/bf16gemm_wmma_gsu_nn/1_BenchmarkProblems/Cijk_Ailk_Bljk_BBS_BH_00/00_Final/source/build_tmp/SOURCE/code_object_tmp/Cijk_B
_GA.o 
--output=/home/iamthecage/out-v2/bf16gemm_wmma_gsu_nn/1_BenchmarkProblems/Cijk_Ailk_Bljk_BBS_BH_00/00_Final/source/build_tmp/SOURCE/code_object_tmp/Cijk_
B_GA.so-000-gfx1150.hsaco.raw --unbundle

Unbundling source code object file: /opt/rocm/lib/llvm/bin/clang-offload-bundler --type=o --targets=hipv4-amdgcn-amd-amdhsa--gfx1151 
--input=/home/iamthecage/out-v2/bf16gemm_wmma_gsu_nn/1_BenchmarkProblems/Cijk_Ailk_Bljk_BBS_BH_00/00_Final/source/build_tmp/SOURCE/code_object_tmp/Cijk_B
_PostGSU.o 
--output=/home/iamthecage/out-v2/bf16gemm_wmma_gsu_nn/1_BenchmarkProblems/Cijk_Ailk_Bljk_BBS_BH_00/00_Final/source/build_tmp/SOURCE/code_object_tmp/Cijk_
B_PostGSU.so-000-gfx1151.hsaco.raw --unbundle


Unbundling source code object file: /opt/rocm/lib/llvm/bin/clang-offload-bundler --type=o --targets=hipv4-amdgcn-amd-amdhsa--gfx1152 
--input=/home/iamthecage/out-v2/bf16gemm_wmma_gsu_nn/1_BenchmarkProblems/Cijk_Ailk_Bljk_BBS_BH_00/00_Final/source/build_tmp/SOURCE/code_object_tmp/Cijk_B
_GA.o 
--output=/home/iamthecage/out-v2/bf16gemm_wmma_gsu_nn/1_BenchmarkProblems/Cijk_Ailk_Bljk_BBS_BH_00/00_Final/source/build_tmp/SOURCE/code_object_tmp/Cijk_
B_GA.so-000-gfx1152.hsaco.raw --unbundle
Unbundling source code object file: /opt/rocm/lib/llvm/bin/clang-offload-bundler --type=o --targets=hipv4-amdgcn-amd-amdhsa--gfx1152 
--input=/home/iamthecage/out-v2/bf16gemm_wmma_gsu_nn/1_BenchmarkProblems/Cijk_Ailk_Bljk_BBS_BH_00/00_Final/source/build_tmp/SOURCE/code_object_tmp/Cijk_B
_PostGSU_VW2.o 
--output=/home/iamthecage/out-v2/bf16gemm_wmma_gsu_nn/1_BenchmarkProblems/Cijk_Ailk_Bljk_BBS_BH_00/00_Final/source/build_tmp/SOURCE/code_object_tmp/Cijk_
B_PostGSU_VW2.so-000-gfx1152.hsaco.raw --unbundle

Unbundling source code object file: /opt/rocm/lib/llvm/bin/clang-offload-bundler --type=o --targets=hipv4-amdgcn-amd-amdhsa--gfx1150 
--input=/home/iamthecage/out-v2/bf16gemm_wmma_gsu_nn/1_BenchmarkProblems/Cijk_Ailk_Bljk_BBS_BH_00/00_Final/source/build_tmp/SOURCE/code_object_tmp/Cijk_B
_PostGSU.o 
--output=/home/iamthecage/out-v2/bf16gemm_wmma_gsu_nn/1_BenchmarkProblems/Cijk_Ailk_Bljk_BBS_BH_00/00_Final/source/build_tmp/SOURCE/code_object_tmp/Cijk_
B_PostGSU.so-000-gfx1150.hsaco.raw --unbundle


Unbundling source code object file: /opt/rocm/lib/llvm/bin/clang-offload-bundler --type=o --targets=hipv4-amdgcn-amd-amdhsa--gfx942 
--input=/home/iamthecage/out-v2/bf16gemm_wmma_gsu_nn/1_BenchmarkProblems/Cijk_Ailk_Bljk_BBS_BH_00/00_Final/source/build_tmp/SOURCE/code_object_tmp/Cijk_B
_GA.o 
--output=/home/iamthecage/out-v2/bf16gemm_wmma_gsu_nn/1_BenchmarkProblems/Cijk_Ailk_Bljk_BBS_BH_00/00_Final/source/build_tmp/SOURCE/code_object_tmp/Cijk_
B_GA.so-000-gfx942.hsaco.raw --unbundle
Unbundling source code object file: /opt/rocm/lib/llvm/bin/clang-offload-bundler --type=o --targets=hipv4-amdgcn-amd-amdhsa--gfx942 
--input=/home/iamthecage/out-v2/bf16gemm_wmma_gsu_nn/1_BenchmarkProblems/Cijk_Ailk_Bljk_BBS_BH_00/00_Final/source/build_tmp/SOURCE/code_object_tmp/Cijk_B
_PostGSU_VW2.o 
--output=/home/iamthecage/out-v2/bf16gemm_wmma_gsu_nn/1_BenchmarkProblems/Cijk_Ailk_Bljk_BBS_BH_00/00_Final/source/build_tmp/SOURCE/code_object_tmp/Cijk_
B_PostGSU_VW2.so-000-gfx942.hsaco.raw --unbundle

Unbundling source code object file: /opt/rocm/lib/llvm/bin/clang-offload-bundler --type=o --targets=hipv4-amdgcn-amd-amdhsa--gfx1152 
--input=/home/iamthecage/out-v2/bf16gemm_wmma_gsu_nn/1_BenchmarkProblems/Cijk_Ailk_Bljk_BBS_BH_00/00_Final/source/build_tmp/SOURCE/code_object_tmp/Cijk_B
_PostGSU.o 
--output=/home/iamthecage/out-v2/bf16gemm_wmma_gsu_nn/1_BenchmarkProblems/Cijk_Ailk_Bljk_BBS_BH_00/00_Final/source/build_tmp/SOURCE/code_object_tmp/Cijk_
B_PostGSU.so-000-gfx1152.hsaco.raw --unbundle


Unbundling source code object file: /opt/rocm/lib/llvm/bin/clang-offload-bundler --type=o --targets=hipv4-amdgcn-amd-amdhsa--gfx1032 
--input=/home/iamthecage/out-v2/bf16gemm_wmma_gsu_nn/1_BenchmarkProblems/Cijk_Ailk_Bljk_BBS_BH_00/00_Final/source/build_tmp/SOURCE/code_object_tmp/Cijk_B
_PostGSU_VW2.o 
--output=/home/iamthecage/out-v2/bf16gemm_wmma_gsu_nn/1_BenchmarkProblems/Cijk_Ailk_Bljk_BBS_BH_00/00_Final/source/build_tmp/SOURCE/code_object_tmp/Cijk_
B_PostGSU_VW2.so-000-gfx1032.hsaco.raw --unbundle
Unbundling source code object file: /opt/rocm/lib/llvm/bin/clang-offload-bundler --type=o --targets=hipv4-amdgcn-amd-amdhsa--gfx1032 
--input=/home/iamthecage/out-v2/bf16gemm_wmma_gsu_nn/1_BenchmarkProblems/Cijk_Ailk_Bljk_BBS_BH_00/00_Final/source/build_tmp/SOURCE/code_object_tmp/Cijk_B
_GA.o 
--output=/home/iamthecage/out-v2/bf16gemm_wmma_gsu_nn/1_BenchmarkProblems/Cijk_Ailk_Bljk_BBS_BH_00/00_Final/source/build_tmp/SOURCE/code_object_tmp/Cijk_
B_GA.so-000-gfx1032.hsaco.raw --unbundle

Unbundling source code object file: /opt/rocm/lib/llvm/bin/clang-offload-bundler --type=o --targets=hipv4-amdgcn-amd-amdhsa--gfx942 
--input=/home/iamthecage/out-v2/bf16gemm_wmma_gsu_nn/1_BenchmarkProblems/Cijk_Ailk_Bljk_BBS_BH_00/00_Final/source/build_tmp/SOURCE/code_object_tmp/Cijk_B
_PostGSU.o 
--output=/home/iamthecage/out-v2/bf16gemm_wmma_gsu_nn/1_BenchmarkProblems/Cijk_Ailk_Bljk_BBS_BH_00/00_Final/source/build_tmp/SOURCE/code_object_tmp/Cijk_
B_PostGSU.so-000-gfx942.hsaco.raw --unbundle


Unbundling source code object file: /opt/rocm/lib/llvm/bin/clang-offload-bundler --type=o --targets=hipv4-amdgcn-amd-amdhsa--gfx1010 
--input=/home/iamthecage/out-v2/bf16gemm_wmma_gsu_nn/1_BenchmarkProblems/Cijk_Ailk_Bljk_BBS_BH_00/00_Final/source/build_tmp/SOURCE/code_object_tmp/Cijk_B
_PostGSU_VW2.o 
--output=/home/iamthecage/out-v2/bf16gemm_wmma_gsu_nn/1_BenchmarkProblems/Cijk_Ailk_Bljk_BBS_BH_00/00_Final/source/build_tmp/SOURCE/code_object_tmp/Cijk_
B_PostGSU_VW2.so-000-gfx1010.hsaco.raw --unbundle
Unbundling source code object file: /opt/rocm/lib/llvm/bin/clang-offload-bundler --type=o --targets=hipv4-amdgcn-amd-amdhsa--gfx1010 
--input=/home/iamthecage/out-v2/bf16gemm_wmma_gsu_nn/1_BenchmarkProblems/Cijk_Ailk_Bljk_BBS_BH_00/00_Final/source/build_tmp/SOURCE/code_object_tmp/Cijk_B
_GA.o 
--output=/home/iamthecage/out-v2/bf16gemm_wmma_gsu_nn/1_BenchmarkProblems/Cijk_Ailk_Bljk_BBS_BH_00/00_Final/source/build_tmp/SOURCE/code_object_tmp/Cijk_
B_GA.so-000-gfx1010.hsaco.raw --unbundle

Unbundling source code object file: /opt/rocm/lib/llvm/bin/clang-offload-bundler --type=o --targets=hipv4-amdgcn-amd-amdhsa--gfx1032 
--input=/home/iamthecage/out-v2/bf16gemm_wmma_gsu_nn/1_BenchmarkProblems/Cijk_Ailk_Bljk_BBS_BH_00/00_Final/source/build_tmp/SOURCE/code_object_tmp/Cijk_B
_PostGSU.o 
--output=/home/iamthecage/out-v2/bf16gemm_wmma_gsu_nn/1_BenchmarkProblems/Cijk_Ailk_Bljk_BBS_BH_00/00_Final/source/build_tmp/SOURCE/code_object_tmp/Cijk_
B_PostGSU.so-000-gfx1032.hsaco.raw --unbundle


Unbundling source code object file: /opt/rocm/lib/llvm/bin/clang-offload-bundler --type=o --targets=hipv4-amdgcn-amd-amdhsa--gfx1031 
--input=/home/iamthecage/out-v2/bf16gemm_wmma_gsu_nn/1_BenchmarkProblems/Cijk_Ailk_Bljk_BBS_BH_00/00_Final/source/build_tmp/SOURCE/code_object_tmp/Cijk_B
_PostGSU_VW2.o 
--output=/home/iamthecage/out-v2/bf16gemm_wmma_gsu_nn/1_BenchmarkProblems/Cijk_Ailk_Bljk_BBS_BH_00/00_Final/source/build_tmp/SOURCE/code_object_tmp/Cijk_
B_PostGSU_VW2.so-000-gfx1031.hsaco.raw --unbundle
Unbundling source code object file: /opt/rocm/lib/llvm/bin/clang-offload-bundler --type=o --targets=hipv4-amdgcn-amd-amdhsa--gfx1031 
--input=/home/iamthecage/out-v2/bf16gemm_wmma_gsu_nn/1_BenchmarkProblems/Cijk_Ailk_Bljk_BBS_BH_00/00_Final/source/build_tmp/SOURCE/code_object_tmp/Cijk_B
_GA.o 
--output=/home/iamthecage/out-v2/bf16gemm_wmma_gsu_nn/1_BenchmarkProblems/Cijk_Ailk_Bljk_BBS_BH_00/00_Final/source/build_tmp/SOURCE/code_object_tmp/Cijk_
B_GA.so-000-gfx1031.hsaco.raw --unbundle

Unbundling source code object file: /opt/rocm/lib/llvm/bin/clang-offload-bundler --type=o --targets=hipv4-amdgcn-amd-amdhsa--gfx1010 
--input=/home/iamthecage/out-v2/bf16gemm_wmma_gsu_nn/1_BenchmarkProblems/Cijk_Ailk_Bljk_BBS_BH_00/00_Final/source/build_tmp/SOURCE/code_object_tmp/Cijk_B
_PostGSU.o 
--output=/home/iamthecage/out-v2/bf16gemm_wmma_gsu_nn/1_BenchmarkProblems/Cijk_Ailk_Bljk_BBS_BH_00/00_Final/source/build_tmp/SOURCE/code_object_tmp/Cijk_
B_PostGSU.so-000-gfx1010.hsaco.raw --unbundle


Unbundling source code object file: /opt/rocm/lib/llvm/bin/clang-offload-bundler --type=o --targets=hipv4-amdgcn-amd-amdhsa--gfx908:xnack- 
--input=/home/iamthecage/out-v2/bf16gemm_wmma_gsu_nn/1_BenchmarkProblems/Cijk_Ailk_Bljk_BBS_BH_00/00_Final/source/build_tmp/SOURCE/code_object_tmp/Cijk_B
_PostGSU_VW2.o 
--output=/home/iamthecage/out-v2/bf16gemm_wmma_gsu_nn/1_BenchmarkProblems/Cijk_Ailk_Bljk_BBS_BH_00/00_Final/source/build_tmp/SOURCE/code_object_tmp/Cijk_
B_PostGSU_VW2.so-000-gfx908-xnack-.hsaco.raw --unbundle

Unbundling source code object file: /opt/rocm/lib/llvm/bin/clang-offload-bundler --type=o --targets=hipv4-amdgcn-amd-amdhsa--gfx908:xnack- 
--input=/home/iamthecage/out-v2/bf16gemm_wmma_gsu_nn/1_BenchmarkProblems/Cijk_Ailk_Bljk_BBS_BH_00/00_Final/source/build_tmp/SOURCE/code_object_tmp/Cijk_B
_GA.o 
--output=/home/iamthecage/out-v2/bf16gemm_wmma_gsu_nn/1_BenchmarkProblems/Cijk_Ailk_Bljk_BBS_BH_00/00_Final/source/build_tmp/SOURCE/code_object_tmp/Cijk_
B_GA.so-000-gfx908-xnack-.hsaco.raw --unbundle
Unbundling source code object file: /opt/rocm/lib/llvm/bin/clang-offload-bundler --type=o --targets=hipv4-amdgcn-amd-amdhsa--gfx1031 
--input=/home/iamthecage/out-v2/bf16gemm_wmma_gsu_nn/1_BenchmarkProblems/Cijk_Ailk_Bljk_BBS_BH_00/00_Final/source/build_tmp/SOURCE/code_object_tmp/Cijk_B
_PostGSU.o 
--output=/home/iamthecage/out-v2/bf16gemm_wmma_gsu_nn/1_BenchmarkProblems/Cijk_Ailk_Bljk_BBS_BH_00/00_Final/source/build_tmp/SOURCE/code_object_tmp/Cijk_
B_PostGSU.so-000-gfx1031.hsaco.raw --unbundle


Unbundling source code object file: /opt/rocm/lib/llvm/bin/clang-offload-bundler --type=o --targets=hipv4-amdgcn-amd-amdhsa--gfx1153 
--input=/home/iamthecage/out-v2/bf16gemm_wmma_gsu_nn/1_BenchmarkProblems/Cijk_Ailk_Bljk_BBS_BH_00/00_Final/source/build_tmp/SOURCE/code_object_tmp/Cijk_B
_PostGSU_VW2.o 
--output=/home/iamthecage/out-v2/bf16gemm_wmma_gsu_nn/1_BenchmarkProblems/Cijk_Ailk_Bljk_BBS_BH_00/00_Final/source/build_tmp/SOURCE/code_object_tmp/Cijk_
B_PostGSU_VW2.so-000-gfx1153.hsaco.raw --unbundle
Unbundling source code object file: /opt/rocm/lib/llvm/bin/clang-offload-bundler --type=o --targets=hipv4-amdgcn-amd-amdhsa--gfx1153 
--input=/home/iamthecage/out-v2/bf16gemm_wmma_gsu_nn/1_BenchmarkProblems/Cijk_Ailk_Bljk_BBS_BH_00/00_Final/source/build_tmp/SOURCE/code_object_tmp/Cijk_B
_GA.o 
--output=/home/iamthecage/out-v2/bf16gemm_wmma_gsu_nn/1_BenchmarkProblems/Cijk_Ailk_Bljk_BBS_BH_00/00_Final/source/build_tmp/SOURCE/code_object_tmp/Cijk_
B_GA.so-000-gfx1153.hsaco.raw --unbundle


Unbundling source code object file: /opt/rocm/lib/llvm/bin/clang-offload-bundler --type=o --targets=hipv4-amdgcn-amd-amdhsa--gfx908:xnack- 
--input=/home/iamthecage/out-v2/bf16gemm_wmma_gsu_nn/1_BenchmarkProblems/Cijk_Ailk_Bljk_BBS_BH_00/00_Final/source/build_tmp/SOURCE/code_object_tmp/Cijk_B
_PostGSU.o 
--output=/home/iamthecage/out-v2/bf16gemm_wmma_gsu_nn/1_BenchmarkProblems/Cijk_Ailk_Bljk_BBS_BH_00/00_Final/source/build_tmp/SOURCE/code_object_tmp/Cijk_
B_PostGSU.so-000-gfx908-xnack-.hsaco.raw --unbundle

Unbundling source code object file: /opt/rocm/lib/llvm/bin/clang-offload-bundler --type=o --targets=hipv4-amdgcn-amd-amdhsa--gfx1102 
--input=/home/iamthecage/out-v2/bf16gemm_wmma_gsu_nn/1_BenchmarkProblems/Cijk_Ailk_Bljk_BBS_BH_00/00_Final/source/build_tmp/SOURCE/code_object_tmp/Cijk_B
_PostGSU_VW2.o 
--output=/home/iamthecage/out-v2/bf16gemm_wmma_gsu_nn/1_BenchmarkProblems/Cijk_Ailk_Bljk_BBS_BH_00/00_Final/source/build_tmp/SOURCE/code_object_tmp/Cijk_
B_PostGSU_VW2.so-000-gfx1102.hsaco.raw --unbundle
Unbundling source code object file: /opt/rocm/lib/llvm/bin/clang-offload-bundler --type=o --targets=hipv4-amdgcn-amd-amdhsa--gfx1102 
--input=/home/iamthecage/out-v2/bf16gemm_wmma_gsu_nn/1_BenchmarkProblems/Cijk_Ailk_Bljk_BBS_BH_00/00_Final/source/build_tmp/SOURCE/code_object_tmp/Cijk_B
_GA.o 
--output=/home/iamthecage/out-v2/bf16gemm_wmma_gsu_nn/1_BenchmarkProblems/Cijk_Ailk_Bljk_BBS_BH_00/00_Final/source/build_tmp/SOURCE/code_object_tmp/Cijk_
B_GA.so-000-gfx1102.hsaco.raw --unbundle


Unbundling source code object file: /opt/rocm/lib/llvm/bin/clang-offload-bundler --type=o --targets=hipv4-amdgcn-amd-amdhsa--gfx803 
--input=/home/iamthecage/out-v2/bf16gemm_wmma_gsu_nn/1_BenchmarkProblems/Cijk_Ailk_Bljk_BBS_BH_00/00_Final/source/build_tmp/SOURCE/code_object_tmp/Cijk_B
_PostGSU_VW2.o 
--output=/home/iamthecage/out-v2/bf16gemm_wmma_gsu_nn/1_BenchmarkProblems/Cijk_Ailk_Bljk_BBS_BH_00/00_Final/source/build_tmp/SOURCE/code_object_tmp/Cijk_
B_PostGSU_VW2.so-000-gfx803.hsaco.raw --unbundle
Unbundling source code object file: /opt/rocm/lib/llvm/bin/clang-offload-bundler --type=o --targets=hipv4-amdgcn-amd-amdhsa--gfx1153 
--input=/home/iamthecage/out-v2/bf16gemm_wmma_gsu_nn/1_BenchmarkProblems/Cijk_Ailk_Bljk_BBS_BH_00/00_Final/source/build_tmp/SOURCE/code_object_tmp/Cijk_B
_PostGSU.o 
--output=/home/iamthecage/out-v2/bf16gemm_wmma_gsu_nn/1_BenchmarkProblems/Cijk_Ailk_Bljk_BBS_BH_00/00_Final/source/build_tmp/SOURCE/code_object_tmp/Cijk_
B_PostGSU.so-000-gfx1153.hsaco.raw --unbundle

Unbundling source code object file: /opt/rocm/lib/llvm/bin/clang-offload-bundler --type=o --targets=hipv4-amdgcn-amd-amdhsa--gfx803 
--input=/home/iamthecage/out-v2/bf16gemm_wmma_gsu_nn/1_BenchmarkProblems/Cijk_Ailk_Bljk_BBS_BH_00/00_Final/source/build_tmp/SOURCE/code_object_tmp/Cijk_B
_GA.o 
--output=/home/iamthecage/out-v2/bf16gemm_wmma_gsu_nn/1_BenchmarkProblems/Cijk_Ailk_Bljk_BBS_BH_00/00_Final/source/build_tmp/SOURCE/code_object_tmp/Cijk_
B_GA.so-000-gfx803.hsaco.raw --unbundle


Unbundling source code object file: /opt/rocm/lib/llvm/bin/clang-offload-bundler --type=o --targets=hipv4-amdgcn-amd-amdhsa--gfx1035 
--input=/home/iamthecage/out-v2/bf16gemm_wmma_gsu_nn/1_BenchmarkProblems/Cijk_Ailk_Bljk_BBS_BH_00/00_Final/source/build_tmp/SOURCE/code_object_tmp/Cijk_B
_PostGSU_VW2.o 
--output=/home/iamthecage/out-v2/bf16gemm_wmma_gsu_nn/1_BenchmarkProblems/Cijk_Ailk_Bljk_BBS_BH_00/00_Final/source/build_tmp/SOURCE/code_object_tmp/Cijk_
B_PostGSU_VW2.so-000-gfx1035.hsaco.raw --unbundle

Unbundling source code object file: /opt/rocm/lib/llvm/bin/clang-offload-bundler --type=o --targets=hipv4-amdgcn-amd-amdhsa--gfx1102 
--input=/home/iamthecage/out-v2/bf16gemm_wmma_gsu_nn/1_BenchmarkProblems/Cijk_Ailk_Bljk_BBS_BH_00/00_Final/source/build_tmp/SOURCE/code_object_tmp/Cijk_B
_PostGSU.o 
--output=/home/iamthecage/out-v2/bf16gemm_wmma_gsu_nn/1_BenchmarkProblems/Cijk_Ailk_Bljk_BBS_BH_00/00_Final/source/build_tmp/SOURCE/code_object_tmp/Cijk_
B_PostGSU.so-000-gfx1102.hsaco.raw --unbundle
Unbundling source code object file: /opt/rocm/lib/llvm/bin/clang-offload-bundler --type=o --targets=hipv4-amdgcn-amd-amdhsa--gfx1035 
--input=/home/iamthecage/out-v2/bf16gemm_wmma_gsu_nn/1_BenchmarkProblems/Cijk_Ailk_Bljk_BBS_BH_00/00_Final/source/build_tmp/SOURCE/code_object_tmp/Cijk_B
_GA.o 
--output=/home/iamthecage/out-v2/bf16gemm_wmma_gsu_nn/1_BenchmarkProblems/Cijk_Ailk_Bljk_BBS_BH_00/00_Final/source/build_tmp/SOURCE/code_object_tmp/Cijk_
B_GA.so-000-gfx1035.hsaco.raw --unbundle


Unbundling source code object file: /opt/rocm/lib/llvm/bin/clang-offload-bundler --type=o --targets=hipv4-amdgcn-amd-amdhsa--gfx1103 
--input=/home/iamthecage/out-v2/bf16gemm_wmma_gsu_nn/1_BenchmarkProblems/Cijk_Ailk_Bljk_BBS_BH_00/00_Final/source/build_tmp/SOURCE/code_object_tmp/Cijk_B
_PostGSU_VW2.o 
--output=/home/iamthecage/out-v2/bf16gemm_wmma_gsu_nn/1_BenchmarkProblems/Cijk_Ailk_Bljk_BBS_BH_00/00_Final/source/build_tmp/SOURCE/code_object_tmp/Cijk_
B_PostGSU_VW2.so-000-gfx1103.hsaco.raw --unbundle

Unbundling source code object file: /opt/rocm/lib/llvm/bin/clang-offload-bundler --type=o --targets=hipv4-amdgcn-amd-amdhsa--gfx803 
--input=/home/iamthecage/out-v2/bf16gemm_wmma_gsu_nn/1_BenchmarkProblems/Cijk_Ailk_Bljk_BBS_BH_00/00_Final/source/build_tmp/SOURCE/code_object_tmp/Cijk_B
_PostGSU.o 
--output=/home/iamthecage/out-v2/bf16gemm_wmma_gsu_nn/1_BenchmarkProblems/Cijk_Ailk_Bljk_BBS_BH_00/00_Final/source/build_tmp/SOURCE/code_object_tmp/Cijk_
B_PostGSU.so-000-gfx803.hsaco.raw --unbundle
Unbundling source code object file: /opt/rocm/lib/llvm/bin/clang-offload-bundler --type=o --targets=hipv4-amdgcn-amd-amdhsa--gfx1103 
--input=/home/iamthecage/out-v2/bf16gemm_wmma_gsu_nn/1_BenchmarkProblems/Cijk_Ailk_Bljk_BBS_BH_00/00_Final/source/build_tmp/SOURCE/code_object_tmp/Cijk_B
_GA.o 
--output=/home/iamthecage/out-v2/bf16gemm_wmma_gsu_nn/1_BenchmarkProblems/Cijk_Ailk_Bljk_BBS_BH_00/00_Final/source/build_tmp/SOURCE/code_object_tmp/Cijk_
B_GA.so-000-gfx1103.hsaco.raw --unbundle


Unbundling source code object file: /opt/rocm/lib/llvm/bin/clang-offload-bundler --type=o --targets=hipv4-amdgcn-amd-amdhsa--gfx1034 
--input=/home/iamthecage/out-v2/bf16gemm_wmma_gsu_nn/1_BenchmarkProblems/Cijk_Ailk_Bljk_BBS_BH_00/00_Final/source/build_tmp/SOURCE/code_object_tmp/Cijk_B
_PostGSU_VW2.o 
--output=/home/iamthecage/out-v2/bf16gemm_wmma_gsu_nn/1_BenchmarkProblems/Cijk_Ailk_Bljk_BBS_BH_00/00_Final/source/build_tmp/SOURCE/code_object_tmp/Cijk_
B_PostGSU_VW2.so-000-gfx1034.hsaco.raw --unbundle
Unbundling source code object file: /opt/rocm/lib/llvm/bin/clang-offload-bundler --type=o --targets=hipv4-amdgcn-amd-amdhsa--gfx1035 
--input=/home/iamthecage/out-v2/bf16gemm_wmma_gsu_nn/1_BenchmarkProblems/Cijk_Ailk_Bljk_BBS_BH_00/00_Final/source/build_tmp/SOURCE/code_object_tmp/Cijk_B
_PostGSU.o 
--output=/home/iamthecage/out-v2/bf16gemm_wmma_gsu_nn/1_BenchmarkProblems/Cijk_Ailk_Bljk_BBS_BH_00/00_Final/source/build_tmp/SOURCE/code_object_tmp/Cijk_
B_PostGSU.so-000-gfx1035.hsaco.raw --unbundle

Unbundling source code object file: /opt/rocm/lib/llvm/bin/clang-offload-bundler --type=o --targets=hipv4-amdgcn-amd-amdhsa--gfx1034 
--input=/home/iamthecage/out-v2/bf16gemm_wmma_gsu_nn/1_BenchmarkProblems/Cijk_Ailk_Bljk_BBS_BH_00/00_Final/source/build_tmp/SOURCE/code_object_tmp/Cijk_B
_GA.o 
--output=/home/iamthecage/out-v2/bf16gemm_wmma_gsu_nn/1_BenchmarkProblems/Cijk_Ailk_Bljk_BBS_BH_00/00_Final/source/build_tmp/SOURCE/code_object_tmp/Cijk_
B_GA.so-000-gfx1034.hsaco.raw --unbundle


Unbundling source code object file: /opt/rocm/lib/llvm/bin/clang-offload-bundler --type=o --targets=hipv4-amdgcn-amd-amdhsa--gfx1033 
--input=/home/iamthecage/out-v2/bf16gemm_wmma_gsu_nn/1_BenchmarkProblems/Cijk_Ailk_Bljk_BBS_BH_00/00_Final/source/build_tmp/SOURCE/code_object_tmp/Cijk_B
_PostGSU_VW2.o 
--output=/home/iamthecage/out-v2/bf16gemm_wmma_gsu_nn/1_BenchmarkProblems/Cijk_Ailk_Bljk_BBS_BH_00/00_Final/source/build_tmp/SOURCE/code_object_tmp/Cijk_
B_PostGSU_VW2.so-000-gfx1033.hsaco.raw --unbundle
Unbundling source code object file: /opt/rocm/lib/llvm/bin/clang-offload-bundler --type=o --targets=hipv4-amdgcn-amd-amdhsa--gfx1103 
--input=/home/iamthecage/out-v2/bf16gemm_wmma_gsu_nn/1_BenchmarkProblems/Cijk_Ailk_Bljk_BBS_BH_00/00_Final/source/build_tmp/SOURCE/code_object_tmp/Cijk_B
_PostGSU.o 
--output=/home/iamthecage/out-v2/bf16gemm_wmma_gsu_nn/1_BenchmarkProblems/Cijk_Ailk_Bljk_BBS_BH_00/00_Final/source/build_tmp/SOURCE/code_object_tmp/Cijk_
B_PostGSU.so-000-gfx1103.hsaco.raw --unbundle

Unbundling source code object file: /opt/rocm/lib/llvm/bin/clang-offload-bundler --type=o --targets=hipv4-amdgcn-amd-amdhsa--gfx1033 
--input=/home/iamthecage/out-v2/bf16gemm_wmma_gsu_nn/1_BenchmarkProblems/Cijk_Ailk_Bljk_BBS_BH_00/00_Final/source/build_tmp/SOURCE/code_object_tmp/Cijk_B
_GA.o 
--output=/home/iamthecage/out-v2/bf16gemm_wmma_gsu_nn/1_BenchmarkProblems/Cijk_Ailk_Bljk_BBS_BH_00/00_Final/source/build_tmp/SOURCE/code_object_tmp/Cijk_
B_GA.so-000-gfx1033.hsaco.raw --unbundle


Unbundling source code object file: /opt/rocm/lib/llvm/bin/clang-offload-bundler --type=o --targets=hipv4-amdgcn-amd-amdhsa--gfx950 
--input=/home/iamthecage/out-v2/bf16gemm_wmma_gsu_nn/1_BenchmarkProblems/Cijk_Ailk_Bljk_BBS_BH_00/00_Final/source/build_tmp/SOURCE/code_object_tmp/Cijk_B
_PostGSU_VW2.o 
--output=/home/iamthecage/out-v2/bf16gemm_wmma_gsu_nn/1_BenchmarkProblems/Cijk_Ailk_Bljk_BBS_BH_00/00_Final/source/build_tmp/SOURCE/code_object_tmp/Cijk_
B_PostGSU_VW2.so-000-gfx950.hsaco.raw --unbundle
Unbundling source code object file: /opt/rocm/lib/llvm/bin/clang-offload-bundler --type=o --targets=hipv4-amdgcn-amd-amdhsa--gfx1034 
--input=/home/iamthecage/out-v2/bf16gemm_wmma_gsu_nn/1_BenchmarkProblems/Cijk_Ailk_Bljk_BBS_BH_00/00_Final/source/build_tmp/SOURCE/code_object_tmp/Cijk_B
_PostGSU.o 
--output=/home/iamthecage/out-v2/bf16gemm_wmma_gsu_nn/1_BenchmarkProblems/Cijk_Ailk_Bljk_BBS_BH_00/00_Final/source/build_tmp/SOURCE/code_object_tmp/Cijk_
B_PostGSU.so-000-gfx1034.hsaco.raw --unbundle

Unbundling source code object file: /opt/rocm/lib/llvm/bin/clang-offload-bundler --type=o --targets=hipv4-amdgcn-amd-amdhsa--gfx950 
--input=/home/iamthecage/out-v2/bf16gemm_wmma_gsu_nn/1_BenchmarkProblems/Cijk_Ailk_Bljk_BBS_BH_00/00_Final/source/build_tmp/SOURCE/code_object_tmp/Cijk_B
_GA.o 
--output=/home/iamthecage/out-v2/bf16gemm_wmma_gsu_nn/1_BenchmarkProblems/Cijk_Ailk_Bljk_BBS_BH_00/00_Final/source/build_tmp/SOURCE/code_object_tmp/Cijk_
B_GA.so-000-gfx950.hsaco.raw --unbundle


Unbundling source code object file: /opt/rocm/lib/llvm/bin/clang-offload-bundler --type=o --targets=hipv4-amdgcn-amd-amdhsa--gfx1100 
--input=/home/iamthecage/out-v2/bf16gemm_wmma_gsu_nn/1_BenchmarkProblems/Cijk_Ailk_Bljk_BBS_BH_00/00_Final/source/build_tmp/SOURCE/code_object_tmp/Cijk_B
_PostGSU_VW2.o 
--output=/home/iamthecage/out-v2/bf16gemm_wmma_gsu_nn/1_BenchmarkProblems/Cijk_Ailk_Bljk_BBS_BH_00/00_Final/source/build_tmp/SOURCE/code_object_tmp/Cijk_
B_PostGSU_VW2.so-000-gfx1100.hsaco.raw --unbundle
Unbundling source code object file: /opt/rocm/lib/llvm/bin/clang-offload-bundler --type=o --targets=hipv4-amdgcn-amd-amdhsa--gfx1033 
--input=/home/iamthecage/out-v2/bf16gemm_wmma_gsu_nn/1_BenchmarkProblems/Cijk_Ailk_Bljk_BBS_BH_00/00_Final/source/build_tmp/SOURCE/code_object_tmp/Cijk_B
_PostGSU.o 
--output=/home/iamthecage/out-v2/bf16gemm_wmma_gsu_nn/1_BenchmarkProblems/Cijk_Ailk_Bljk_BBS_BH_00/00_Final/source/build_tmp/SOURCE/code_object_tmp/Cijk_
B_PostGSU.so-000-gfx1033.hsaco.raw --unbundle

Unbundling source code object file: /opt/rocm/lib/llvm/bin/clang-offload-bundler --type=o --targets=hipv4-amdgcn-amd-amdhsa--gfx1100 
--input=/home/iamthecage/out-v2/bf16gemm_wmma_gsu_nn/1_BenchmarkProblems/Cijk_Ailk_Bljk_BBS_BH_00/00_Final/source/build_tmp/SOURCE/code_object_tmp/Cijk_B
_GA.o 
--output=/home/iamthecage/out-v2/bf16gemm_wmma_gsu_nn/1_BenchmarkProblems/Cijk_Ailk_Bljk_BBS_BH_00/00_Final/source/build_tmp/SOURCE/code_object_tmp/Cijk_
B_GA.so-000-gfx1100.hsaco.raw --unbundle


Unbundling source code object file: /opt/rocm/lib/llvm/bin/clang-offload-bundler --type=o --targets=hipv4-amdgcn-amd-amdhsa--gfx950 
--input=/home/iamthecage/out-v2/bf16gemm_wmma_gsu_nn/1_BenchmarkProblems/Cijk_Ailk_Bljk_BBS_BH_00/00_Final/source/build_tmp/SOURCE/code_object_tmp/Cijk_B
_PostGSU.o 
--output=/home/iamthecage/out-v2/bf16gemm_wmma_gsu_nn/1_BenchmarkProblems/Cijk_Ailk_Bljk_BBS_BH_00/00_Final/source/build_tmp/SOURCE/code_object_tmp/Cijk_
B_PostGSU.so-000-gfx950.hsaco.raw --unbundle
Unbundling source code object file: /opt/rocm/lib/llvm/bin/clang-offload-bundler --type=o --targets=hipv4-amdgcn-amd-amdhsa--gfx90a:xnack- 
--input=/home/iamthecage/out-v2/bf16gemm_wmma_gsu_nn/1_BenchmarkProblems/Cijk_Ailk_Bljk_BBS_BH_00/00_Final/source/build_tmp/SOURCE/code_object_tmp/Cijk_B
_PostGSU_VW2.o 
--output=/home/iamthecage/out-v2/bf16gemm_wmma_gsu_nn/1_BenchmarkProblems/Cijk_Ailk_Bljk_BBS_BH_00/00_Final/source/build_tmp/SOURCE/code_object_tmp/Cijk_
B_PostGSU_VW2.so-000-gfx90a-xnack-.hsaco.raw --unbundle

Unbundling source code object file: /opt/rocm/lib/llvm/bin/clang-offload-bundler --type=o --targets=hipv4-amdgcn-amd-amdhsa--gfx90a:xnack- 
--input=/home/iamthecage/out-v2/bf16gemm_wmma_gsu_nn/1_BenchmarkProblems/Cijk_Ailk_Bljk_BBS_BH_00/00_Final/source/build_tmp/SOURCE/code_object_tmp/Cijk_B
_GA.o 
--output=/home/iamthecage/out-v2/bf16gemm_wmma_gsu_nn/1_BenchmarkProblems/Cijk_Ailk_Bljk_BBS_BH_00/00_Final/source/build_tmp/SOURCE/code_object_tmp/Cijk_
B_GA.so-000-gfx90a-xnack-.hsaco.raw --unbundle


Unbundling source code object file: /opt/rocm/lib/llvm/bin/clang-offload-bundler --type=o --targets=hipv4-amdgcn-amd-amdhsa--gfx1100 
--input=/home/iamthecage/out-v2/bf16gemm_wmma_gsu_nn/1_BenchmarkProblems/Cijk_Ailk_Bljk_BBS_BH_00/00_Final/source/build_tmp/SOURCE/code_object_tmp/Cijk_B
_PostGSU.o 
--output=/home/iamthecage/out-v2/bf16gemm_wmma_gsu_nn/1_BenchmarkProblems/Cijk_Ailk_Bljk_BBS_BH_00/00_Final/source/build_tmp/SOURCE/code_object_tmp/Cijk_
B_PostGSU.so-000-gfx1100.hsaco.raw --unbundle


Unbundling source code object file: /opt/rocm/lib/llvm/bin/clang-offload-bundler --type=o --targets=hipv4-amdgcn-amd-amdhsa--gfx90a:xnack- 
--input=/home/iamthecage/out-v2/bf16gemm_wmma_gsu_nn/1_BenchmarkProblems/Cijk_Ailk_Bljk_BBS_BH_00/00_Final/source/build_tmp/SOURCE/code_object_tmp/Cijk_B
_PostGSU.o 
--output=/home/iamthecage/out-v2/bf16gemm_wmma_gsu_nn/1_BenchmarkProblems/Cijk_Ailk_Bljk_BBS_BH_00/00_Final/source/build_tmp/SOURCE/code_object_tmp/Cijk_
B_PostGSU.so-000-gfx90a-xnack-.hsaco.raw --unbundle

Relocating code objects: 0it [00:00, ?it/s]Relocating code objects: 6it [00:00, 20919.22it/s]
> UserWarning: Code object files are not compressed in `--no-merge-files` build mode.
# Kernel Building elapsed time = 11.6 secs
# Actual Solutions: 6 / 6 after KernelWriter

+ ERR=0
+ /home/iamthecage/rocm-libraries/shared/tensile/next-cmake/build/tensile-client --config-file /home/iamthecage/out-v2/bf16gemm_wmma_gsu_nn/1_BenchmarkProblems/Cijk_Ailk_Bljk_BBS_BH_00/00_Final/build/../source/ClientParameters.ini
loading config file /home/iamthecage/out-v2/bf16gemm_wmma_gsu_nn/1_BenchmarkProblems/Cijk_Ailk_Bljk_BBS_BH_00/00_Final/build/../source/ClientParameters.ini
Loading /home/iamthecage/out-v2/bf16gemm_wmma_gsu_nn/1_BenchmarkProblems/Cijk_Ailk_Bljk_BBS_BH_00/00_Final/source/library/Cijk_B_GA.so-000-gfx1201.hsaco
Loading /home/iamthecage/out-v2/bf16gemm_wmma_gsu_nn/1_BenchmarkProblems/Cijk_Ailk_Bljk_BBS_BH_00/00_Final/source/library/Cijk_B_PostGSU.so-000-gfx1201.hsaco
Loading /home/iamthecage/out-v2/bf16gemm_wmma_gsu_nn/1_BenchmarkProblems/Cijk_Ailk_Bljk_BBS_BH_00/00_Final/source/library/Cijk_B_PostGSU_VW2.so-000-gfx1201.hsaco
Loading /home/iamthecage/out-v2/bf16gemm_wmma_gsu_nn/1_BenchmarkProblems/Cijk_Ailk_Bljk_BBS_BH_00/00_Final/source/library/Cijk_Ailk_Bljk_BBS_BH_MT32x32x16_MI16x16x16x1_SNBnnqhTduCqdVx_LdRB7m7tLNucMx8N_gDnVU-IkqBh0=_gfx1201.co
Loading /home/iamthecage/out-v2/bf16gemm_wmma_gsu_nn/1_BenchmarkProblems/Cijk_Ailk_Bljk_BBS_BH_00/00_Final/source/library/Cijk_Ailk_Bljk_BBS_BH_MT32x32x16_MI16x16x16x1_SNVkk5mpQ-5g4yci6wx1lrCR_2nwEcBT-eJ7gDV2EBI6k=_gfx1201.co
Loading /home/iamthecage/out-v2/bf16gemm_wmma_gsu_nn/1_BenchmarkProblems/Cijk_Ailk_Bljk_BBS_BH_00/00_Final/source/library/Cijk_Ailk_Bljk_BBS_BH_MT32x32x16_MI16x16x16x1_SNjkCkBPh9WUp7CZGoHZSu_NTPd-05zGtoh9CgokxuHDM=_gfx1201.co
Loading /home/iamthecage/out-v2/bf16gemm_wmma_gsu_nn/1_BenchmarkProblems/Cijk_Ailk_Bljk_BBS_BH_00/00_Final/source/library/Cijk_Ailk_Bljk_BBS_BH_MT64x64x16_MI16x16x16x1_SN__4pNquWnKIe-tHcVvbOQv46DJgzpZZLmRt9HAd21-Y=_gfx1201.co
Loading /home/iamthecage/out-v2/bf16gemm_wmma_gsu_nn/1_BenchmarkProblems/Cijk_Ailk_Bljk_BBS_BH_00/00_Final/source/library/Cijk_Ailk_Bljk_BBS_BH_MT64x64x16_MI16x16x16x1_SNCZsrtBJ74KEsb8mhyYzx6FtBWXQtDlNnyuhuCb2f2WU=_gfx1201.co
Loading /home/iamthecage/out-v2/bf16gemm_wmma_gsu_nn/1_BenchmarkProblems/Cijk_Ailk_Bljk_BBS_BH_00/00_Final/source/library/Cijk_Ailk_Bljk_BBS_BH_MT64x64x16_MI16x16x16x1_SNIrK6I5WNSchfui-QGeoIh1h-13aNzhy2omDIFxNqawQ=_gfx1201.co
Log level: Debug
run,problem-progress,solution-progress,operation,problem-sizes,solution,validation,time-us,gflops,empty,total-gran,tiles-per-cu,num-cus,tile0-gran,tile1-gran,cu-gran,wave-gran,mem-read-bytes,mem-write-bytes,temp-edge,clock-sys,clock-soc,clock-mem,fan-rpm,hardware-samples,gfx-frequency(median),power(median),hotspot-temperature(median),enqueue-time
0,0/35,0/5,Contraction_l_Ailk_Bljk_Cijk_Dijk,"(16,16,1,4096)",Cijk_Ailk_Bljk_BBS_BH_MT32x32x16_MI16x16x16x1_SN_GSU1_K1_LBSPPA512_LBSPPB512_TT2_32,NO_CHECK,152.64,13.7392,,0.000976562,0.03125,32,0.5,0.5,0.03125,0.125,131584,512,,,,,,,,,,2026-04-18 03:38:17.
0,0/35,1/5,Contraction_l_Ailk_Bljk_Cijk_Dijk,"(16,16,1,4096)",Cijk_Ailk_Bljk_BBS_BH_MT32x32x16_MI16x16x16x1_SN_GSU2_K1_LBSPPA512_LBSPPB512_TT2_32,NO_CHECK,395.562,5.3017,,0.00195312,0.0625,32,0.5,0.5,0.0625,0.125,131072,1536,,,,,,,,,,2026-04-18 03:38:17.
0,0/35,2/5,Contraction_l_Ailk_Bljk_Cijk_Dijk,"(16,16,1,4096)",Cijk_Ailk_Bljk_BBS_BH_MT32x32x16_MI16x16x16x1_SN_GSU4_K1_LBSPPA512_LBSPPB512_TT2_32,NO_CHECK,57.28,36.6123,,0.00390625,0.125,32,0.5,0.5,0.125,0.125,131072,1536,,,,,,,,,,2026-04-18 03:38:17.
0,0/35,3/5,Contraction_l_Ailk_Bljk_Cijk_Dijk,"(16,16,1,4096)",Cijk_Ailk_Bljk_BBS_BH_MT64x64x16_MI16x16x16x1_SN_GSU1_K1_LBSPPA1024_LBSPPB1024_TT4_64,NO_CHECK,125.241,16.7449,,0.000244141,0.03125,32,0.25,0.25,0.03125,0.125,66048,512,,,,,,,,,,2026-04-18 03:38:17.
0,0/35,4/5,Contraction_l_Ailk_Bljk_Cijk_Dijk,"(16,16,1,4096)",Cijk_Ailk_Bljk_BBS_BH_MT64x64x16_MI16x16x16x1_SN_GSU2_K1_LBSPPA1024_LBSPPB1024_TT4_64,NO_CHECK,102.601,20.4399,,0.000488281,0.0625,32,0.25,0.25,0.0625,0.125,65536,1536,,,,,,,,,,2026-04-18 03:38:17.
0,0/35,5/5,Contraction_l_Ailk_Bljk_Cijk_Dijk,"(16,16,1,4096)",Cijk_Ailk_Bljk_BBS_BH_MT64x64x16_MI16x16x16x1_SN_GSU4_K1_LBSPPA1024_LBSPPB1024_TT4_64,NO_CHECK,80.801,25.9545,,0.000976562,0.125,32,0.25,0.25,0.125,0.125,65536,1536,,,,,,,,,,2026-04-18 03:38:17.
0,1/35,0/5,Contraction_l_Ailk_Bljk_Cijk_Dijk,"(16,16,1,8192)",Cijk_Ailk_Bljk_BBS_BH_MT32x32x16_MI16x16x16x1_SN_GSU1_K1_LBSPPA512_LBSPPB512_TT2_32,NO_CHECK,153.841,27.2639,,0.000976562,0.03125,32,0.5,0.5,0.03125,0.125,262656,512,,,,,,,,,,2026-04-18 03:38:17.
0,1/35,1/5,Contraction_l_Ailk_Bljk_Cijk_Dijk,"(16,16,1,8192)",Cijk_Ailk_Bljk_BBS_BH_MT32x32x16_MI16x16x16x1_SN_GSU2_K1_LBSPPA512_LBSPPB512_TT2_32,NO_CHECK,101.321,41.3962,,0.00195312,0.0625,32,0.5,0.5,0.0625,0.125,262144,1536,,,,,,,,,,2026-04-18 03:38:17.
0,1/35,2/5,Contraction_l_Ailk_Bljk_Cijk_Dijk,"(16,16,1,8192)",Cijk_Ailk_Bljk_BBS_BH_MT32x32x16_MI16x16x16x1_SN_GSU4_K1_LBSPPA512_LBSPPB512_TT2_32,NO_CHECK,69.001,60.7861,,0.00390625,0.125,32,0.5,0.5,0.125,0.125,262144,1536,,,,,,,,,,2026-04-18 03:38:17.
0,1/35,3/5,Contraction_l_Ailk_Bljk_Cijk_Dijk,"(16,16,1,8192)",Cijk_Ailk_Bljk_BBS_BH_MT64x64x16_MI16x16x16x1_SN_GSU1_K1_LBSPPA1024_LBSPPB1024_TT4_64,NO_CHECK,205.961,20.3646,,0.000244141,0.03125,32,0.25,0.25,0.03125,0.125,131584,512,,,,,,,,,,2026-04-18 03:38:17.
0,1/35,4/5,Contraction_l_Ailk_Bljk_Cijk_Dijk,"(16,16,1,8192)",Cijk_Ailk_Bljk_BBS_BH_MT64x64x16_MI16x16x16x1_SN_GSU2_K1_LBSPPA1024_LBSPPB1024_TT4_64,NO_CHECK,135.561,30.9403,,0.000488281,0.0625,32,0.25,0.25,0.0625,0.125,131072,1536,,,,,,,,,,2026-04-18 03:38:17.
0,1/35,5/5,Contraction_l_Ailk_Bljk_Cijk_Dijk,"(16,16,1,8192)",Cijk_Ailk_Bljk_BBS_BH_MT64x64x16_MI16x16x16x1_SN_GSU4_K1_LBSPPA1024_LBSPPB1024_TT4_64,NO_CHECK,90.241,46.4789,,0.000976562,0.125,32,0.25,0.25,0.125,0.125,131072,1536,,,,,,,,,,2026-04-18 03:38:17.
0,2/35,0/5,Contraction_l_Ailk_Bljk_Cijk_Dijk,"(16,16,1,16384)",Cijk_Ailk_Bljk_BBS_BH_MT32x32x16_MI16x16x16x1_SN_GSU1_K1_LBSPPA512_LBSPPB512_TT2_32,NO_CHECK,303.361,27.6522,,0.000976562,0.03125,32,0.5,0.5,0.03125,0.125,524800,512,,,,,,,,,,2026-04-18 03:38:17.
0,2/35,1/5,Contraction_l_Ailk_Bljk_Cijk_Dijk,"(16,16,1,16384)",Cijk_Ailk_Bljk_BBS_BH_MT32x32x16_MI16x16x16x1_SN_GSU2_K1_LBSPPA512_LBSPPB512_TT2_32,NO_CHECK,170.641,49.1594,,0.00195312,0.0625,32,0.5,0.5,0.0625,0.125,524288,1536,,,,,,,,,,2026-04-18 03:38:17.
0,2/35,2/5,Contraction_l_Ailk_Bljk_Cijk_Dijk,"(16,16,1,16384)",Cijk_Ailk_Bljk_BBS_BH_MT32x32x16_MI16x16x16x1_SN_GSU4_K1_LBSPPA512_LBSPPB512_TT2_32,NO_CHECK,102.561,81.7914,,0.00390625,0.125,32,0.5,0.5,0.125,0.125,524288,1536,,,,,,,,,,2026-04-18 03:38:17.
0,2/35,3/5,Contraction_l_Ailk_Bljk_Cijk_Dijk,"(16,16,1,16384)",Cijk_Ailk_Bljk_BBS_BH_MT64x64x16_MI16x16x16x1_SN_GSU1_K1_LBSPPA1024_LBSPPB1024_TT4_64,NO_CHECK,404.162,20.7556,,0.000244141,0.03125,32,0.25,0.25,0.03125,0.125,262656,512,,,,,,,,,,2026-04-18 03:38:17.
0,2/35,4/5,Contraction_l_Ailk_Bljk_Cijk_Dijk,"(16,16,1,16384)",Cijk_Ailk_Bljk_BBS_BH_MT64x64x16_MI16x16x16x1_SN_GSU2_K1_LBSPPA1024_LBSPPB1024_TT4_64,NO_CHECK,236.801,35.4247,,0.000488281,0.0625,32,0.25,0.25,0.0625,0.125,262144,1536,,,,,,,,,,2026-04-18 03:38:17.
0,2/35,5/5,Contraction_l_Ailk_Bljk_Cijk_Dijk,"(16,16,1,16384)",Cijk_Ailk_Bljk_BBS_BH_MT64x64x16_MI16x16x16x1_SN_GSU4_K1_LBSPPA1024_LBSPPB1024_TT4_64,NO_CHECK,137.161,61.1588,,0.000976562,0.125,32,0.25,0.25,0.125,0.125,262144,1536,,,,,,,,,,2026-04-18 03:38:17.
0,3/35,0/5,Contraction_l_Ailk_Bljk_Cijk_Dijk,"(16,16,1,28672)",Cijk_Ailk_Bljk_BBS_BH_MT32x32x16_MI16x16x16x1_SN_GSU1_K1_LBSPPA512_LBSPPB512_TT2_32,NO_CHECK,479.922,30.5884,,0.000976562,0.03125,32,0.5,0.5,0.03125,0.125,918016,512,,,,,,,,,,2026-04-18 03:38:17.
0,3/35,1/5,Contraction_l_Ailk_Bljk_Cijk_Dijk,"(16,16,1,28672)",Cijk_Ailk_Bljk_BBS_BH_MT32x32x16_MI16x16x16x1_SN_GSU2_K1_LBSPPA512_LBSPPB512_TT2_32,NO_CHECK,260.081,56.4442,,0.00195312,0.0625,32,0.5,0.5,0.0625,0.125,917504,1536,,,,,,,,,,2026-04-18 03:38:17.
0,3/35,2/5,Contraction_l_Ailk_Bljk_Cijk_Dijk,"(16,16,1,28672)",Cijk_Ailk_Bljk_BBS_BH_MT32x32x16_MI16x16x16x1_SN_GSU4_K1_LBSPPA512_LBSPPB512_TT2_32,NO_CHECK,149.36,98.2864,,0.00390625,0.125,32,0.5,0.5,0.125,0.125,917504,1536,,,,,,,,,,2026-04-18 03:38:17.
0,3/35,3/5,Contraction_l_Ailk_Bljk_Cijk_Dijk,"(16,16,1,28672)",Cijk_Ailk_Bljk_BBS_BH_MT64x64x16_MI16x16x16x1_SN_GSU1_K1_LBSPPA1024_LBSPPB1024_TT4_64,NO_CHECK,692.203,21.2077,,0.000244141,0.03125,32,0.25,0.25,0.03125,0.125,459264,512,,,,,,,,,,2026-04-18 03:38:17.
0,3/35,4/5,Contraction_l_Ailk_Bljk_Cijk_Dijk,"(16,16,1,28672)",Cijk_Ailk_Bljk_BBS_BH_MT64x64x16_MI16x16x16x1_SN_GSU2_K1_LBSPPA1024_LBSPPB1024_TT4_64,NO_CHECK,372.762,39.3819,,0.000488281,0.0625,32,0.25,0.25,0.0625,0.125,458752,1536,,,,,,,,,,2026-04-18 03:38:17.
0,3/35,5/5,Contraction_l_Ailk_Bljk_Cijk_Dijk,"(16,16,1,28672)",Cijk_Ailk_Bljk_BBS_BH_MT64x64x16_MI16x16x16x1_SN_GSU4_K1_LBSPPA1024_LBSPPB1024_TT4_64,NO_CHECK,207.441,70.7674,,0.000976562,0.125,32,0.25,0.25,0.125,0.125,458752,1536,,,,,,,,,,2026-04-18 03:38:17.
0,4/35,0/5,Contraction_l_Ailk_Bljk_Cijk_Dijk,"(16,64,1,4096)",Cijk_Ailk_Bljk_BBS_BH_MT32x32x16_MI16x16x16x1_SN_GSU1_K1_LBSPPA512_LBSPPB512_TT2_32,NO_CHECK,78.081,107.435,,0.00390625,0.0625,32,0.5,1,0.0625,0.125,526336,2048,,,,,,,,,,2026-04-18 03:38:17.
0,4/35,1/5,Contraction_l_Ailk_Bljk_Cijk_Dijk,"(16,64,1,4096)",Cijk_Ailk_Bljk_BBS_BH_MT32x32x16_MI16x16x16x1_SN_GSU2_K1_LBSPPA512_LBSPPB512_TT2_32,NO_CHECK,65.801,127.485,,0.0078125,0.125,32,0.5,1,0.125,0.125,524288,6144,,,,,,,,,,2026-04-18 03:38:17.
0,4/35,2/5,Contraction_l_Ailk_Bljk_Cijk_Dijk,"(16,64,1,4096)",Cijk_Ailk_Bljk_BBS_BH_MT32x32x16_MI16x16x16x1_SN_GSU4_K1_LBSPPA512_LBSPPB512_TT2_32,NO_CHECK,51.121,164.093,,0.015625,0.25,32,0.5,1,0.25,0.125,524288,6144,,,,,,,,,,2026-04-18 03:38:17.
0,4/35,3/5,Contraction_l_Ailk_Bljk_Cijk_Dijk,"(16,64,1,4096)",Cijk_Ailk_Bljk_BBS_BH_MT64x64x16_MI16x16x16x1_SN_GSU1_K1_LBSPPA1024_LBSPPB1024_TT4_64,NO_CHECK,113.841,73.6871,,0.000976562,0.03125,32,0.25,1,0.03125,0.125,264192,2048,,,,,,,,,,2026-04-18 03:38:17.
0,4/35,4/5,Contraction_l_Ailk_Bljk_Cijk_Dijk,"(16,64,1,4096)",Cijk_Ailk_Bljk_BBS_BH_MT64x64x16_MI16x16x16x1_SN_GSU2_K1_LBSPPA1024_LBSPPB1024_TT4_64,NO_CHECK,90.52,92.6713,,0.00195312,0.0625,32,0.25,1,0.0625,0.125,262144,6144,,,,,,,,,,2026-04-18 03:38:17.
0,4/35,5/5,Contraction_l_Ailk_Bljk_Cijk_Dijk,"(16,64,1,4096)",Cijk_Ailk_Bljk_BBS_BH_MT64x64x16_MI16x16x16x1_SN_GSU4_K1_LBSPPA1024_LBSPPB1024_TT4_64,NO_CHECK,64.36,130.339,,0.00390625,0.125,32,0.25,1,0.125,0.125,262144,6144,,,,,,,,,,2026-04-18 03:38:17.
0,5/35,0/5,Contraction_l_Ailk_Bljk_Cijk_Dijk,"(16,64,1,8192)",Cijk_Ailk_Bljk_BBS_BH_MT32x32x16_MI16x16x16x1_SN_GSU1_K1_LBSPPA512_LBSPPB512_TT2_32,NO_CHECK,147.48,113.759,,0.00390625,0.0625,32,0.5,1,0.0625,0.125,1050624,2048,,,,,,,,,,2026-04-18 03:38:17.
0,5/35,1/5,Contraction_l_Ailk_Bljk_Cijk_Dijk,"(16,64,1,8192)",Cijk_Ailk_Bljk_BBS_BH_MT32x32x16_MI16x16x16x1_SN_GSU2_K1_LBSPPA512_LBSPPB512_TT2_32,NO_CHECK,102.401,163.838,,0.0078125,0.125,32,0.5,1,0.125,0.125,1048576,6144,,,,,,,,,,2026-04-18 03:38:17.
0,5/35,2/5,Contraction_l_Ailk_Bljk_Cijk_Dijk,"(16,64,1,8192)",Cijk_Ailk_Bljk_BBS_BH_MT32x32x16_MI16x16x16x1_SN_GSU4_K1_LBSPPA512_LBSPPB512_TT2_32,NO_CHECK,69.001,243.145,,0.015625,0.25,32,0.5,1,0.25,0.125,1048576,6144,,,,,,,,,,2026-04-18 03:38:17.
0,5/35,3/5,Contraction_l_Ailk_Bljk_Cijk_Dijk,"(16,64,1,8192)",Cijk_Ailk_Bljk_BBS_BH_MT64x64x16_MI16x16x16x1_SN_GSU1_K1_LBSPPA1024_LBSPPB1024_TT4_64,NO_CHECK,214.881,78.0768,,0.000976562,0.03125,32,0.25,1,0.03125,0.125,526336,2048,,,,,,,,,,2026-04-18 03:38:17.
0,5/35,4/5,Contraction_l_Ailk_Bljk_Cijk_Dijk,"(16,64,1,8192)",Cijk_Ailk_Bljk_BBS_BH_MT64x64x16_MI16x16x16x1_SN_GSU2_K1_LBSPPA1024_LBSPPB1024_TT4_64,NO_CHECK,142.841,117.454,,0.00195312,0.0625,32,0.25,1,0.0625,0.125,524288,6144,,,,,,,,,,2026-04-18 03:38:17.
0,5/35,5/5,Contraction_l_Ailk_Bljk_Cijk_Dijk,"(16,64,1,8192)",Cijk_Ailk_Bljk_BBS_BH_MT64x64x16_MI16x16x16x1_SN_GSU4_K1_LBSPPA1024_LBSPPB1024_TT4_64,NO_CHECK,99.281,168.987,,0.00390625,0.125,32,0.25,1,0.125,0.125,524288,6144,,,,,,,,,,2026-04-18 03:38:17.
0,6/35,0/5,Contraction_l_Ailk_Bljk_Cijk_Dijk,"(16,64,1,16384)",Cijk_Ailk_Bljk_BBS_BH_MT32x32x16_MI16x16x16x1_SN_GSU1_K1_LBSPPA512_LBSPPB512_TT2_32,NO_CHECK,292.201,114.833,,0.00390625,0.0625,32,0.5,1,0.0625,0.125,2099200,2048,,,,,,,,,,2026-04-18 03:38:17.
0,6/35,1/5,Contraction_l_Ailk_Bljk_Cijk_Dijk,"(16,64,1,16384)",Cijk_Ailk_Bljk_BBS_BH_MT32x32x16_MI16x16x16x1_SN_GSU2_K1_LBSPPA512_LBSPPB512_TT2_32,NO_CHECK,180.601,185.793,,0.0078125,0.125,32,0.5,1,0.125,0.125,2097152,6144,,,,,,,,,,2026-04-18 03:38:17.
0,6/35,2/5,Contraction_l_Ailk_Bljk_Cijk_Dijk,"(16,64,1,16384)",Cijk_Ailk_Bljk_BBS_BH_MT32x32x16_MI16x16x16x1_SN_GSU4_K1_LBSPPA512_LBSPPB512_TT2_32,NO_CHECK,109.561,306.263,,0.015625,0.25,32,0.5,1,0.25,0.125,2097152,6144,,,,,,,,,,2026-04-18 03:38:17.
0,6/35,3/5,Contraction_l_Ailk_Bljk_Cijk_Dijk,"(16,64,1,16384)",Cijk_Ailk_Bljk_BBS_BH_MT64x64x16_MI16x16x16x1_SN_GSU1_K1_LBSPPA1024_LBSPPB1024_TT4_64,NO_CHECK,429.402,78.1422,,0.000976562,0.03125,32,0.25,1,0.03125,0.125,1050624,2048,,,,,,,,,,2026-04-18 03:38:17.
0,6/35,4/5,Contraction_l_Ailk_Bljk_Cijk_Dijk,"(16,64,1,16384)",Cijk_Ailk_Bljk_BBS_BH_MT64x64x16_MI16x16x16x1_SN_GSU2_K1_LBSPPA1024_LBSPPB1024_TT4_64,NO_CHECK,250.841,133.768,,0.00195312,0.0625,32,0.25,1,0.0625,0.125,1048576,6144,,,,,,,,,,2026-04-18 03:38:17.
0,6/35,5/5,Contraction_l_Ailk_Bljk_Cijk_Dijk,"(16,64,1,16384)",Cijk_Ailk_Bljk_BBS_BH_MT64x64x16_MI16x16x16x1_SN_GSU4_K1_LBSPPA1024_LBSPPB1024_TT4_64,NO_CHECK,153.761,218.225,,0.00390625,0.125,32,0.25,1,0.125,0.125,1048576,6144,,,,,,,,,,2026-04-18 03:38:17.
0,7/35,0/5,Contraction_l_Ailk_Bljk_Cijk_Dijk,"(16,64,1,28672)",Cijk_Ailk_Bljk_BBS_BH_MT32x32x16_MI16x16x16x1_SN_GSU1_K1_LBSPPA512_LBSPPB512_TT2_32,NO_CHECK,490.402,119.739,,0.00390625,0.0625,32,0.5,1,0.0625,0.125,3672064,2048,,,,,,,,,,2026-04-18 03:38:17.
0,7/35,1/5,Contraction_l_Ailk_Bljk_Cijk_Dijk,"(16,64,1,28672)",Cijk_Ailk_Bljk_BBS_BH_MT32x32x16_MI16x16x16x1_SN_GSU2_K1_LBSPPA512_LBSPPB512_TT2_32,NO_CHECK,272.561,215.439,,0.0078125,0.125,32,0.5,1,0.125,0.125,3670016,6144,,,,,,,,,,2026-04-18 03:38:17.
0,7/35,2/5,Contraction_l_Ailk_Bljk_Cijk_Dijk,"(16,64,1,28672)",Cijk_Ailk_Bljk_BBS_BH_MT32x32x16_MI16x16x16x1_SN_GSU4_K1_LBSPPA512_LBSPPB512_TT2_32,NO_CHECK,158.361,370.8,,0.015625,0.25,32,0.5,1,0.25,0.125,3670016,6144,,,,,,,,,,2026-04-18 03:38:17.
0,7/35,3/5,Contraction_l_Ailk_Bljk_Cijk_Dijk,"(16,64,1,28672)",Cijk_Ailk_Bljk_BBS_BH_MT64x64x16_MI16x16x16x1_SN_GSU1_K1_LBSPPA1024_LBSPPB1024_TT4_64,NO_CHECK,710.483,82.6484,,0.000976562,0.03125,32,0.25,1,0.03125,0.125,1837056,2048,,,,,,,,,,2026-04-18 03:38:17.
0,7/35,4/5,Contraction_l_Ailk_Bljk_Cijk_Dijk,"(16,64,1,28672)",Cijk_Ailk_Bljk_BBS_BH_MT64x64x16_MI16x16x16x1_SN_GSU2_K1_LBSPPA1024_LBSPPB1024_TT4_64,NO_CHECK,390.082,150.533,,0.00195312,0.0625,32,0.25,1,0.0625,0.125,1835008,6144,,,,,,,,,,2026-04-18 03:38:17.
0,7/35,5/5,Contraction_l_Ailk_Bljk_Cijk_Dijk,"(16,64,1,28672)",Cijk_Ailk_Bljk_BBS_BH_MT64x64x16_MI16x16x16x1_SN_GSU4_K1_LBSPPA1024_LBSPPB1024_TT4_64,NO_CHECK,217.321,270.201,,0.00390625,0.125,32,0.25,1,0.125,0.125,1835008,6144,,,,,,,,,,2026-04-18 03:38:17.
0,8/35,0/5,Contraction_l_Ailk_Bljk_Cijk_Dijk,"(16,256,1,4096)",Cijk_Ailk_Bljk_BBS_BH_MT32x32x16_MI16x16x16x1_SN_GSU1_K1_LBSPPA512_LBSPPB512_TT2_32,NO_CHECK,81.041,414.043,,0.015625,0.25,32,0.5,1,0.25,0.125,2105344,8192,,,,,,,,,,2026-04-18 03:38:17.
0,8/35,1/5,Contraction_l_Ailk_Bljk_Cijk_Dijk,"(16,256,1,4096)",Cijk_Ailk_Bljk_BBS_BH_MT32x32x16_MI16x16x16x1_SN_GSU2_K1_LBSPPA512_LBSPPB512_TT2_32,NO_CHECK,68.201,491.993,,0.03125,0.5,32,0.5,1,0.5,0.125,2097152,24576,,,,,,,,,,2026-04-18 03:38:17.
0,8/35,2/5,Contraction_l_Ailk_Bljk_Cijk_Dijk,"(16,256,1,4096)",Cijk_Ailk_Bljk_BBS_BH_MT32x32x16_MI16x16x16x1_SN_GSU4_K1_LBSPPA512_LBSPPB512_TT2_32,NO_CHECK,51.361,653.306,,0.125,1,32,0.5,1,1,0.25,2097152,24576,,,,,,,,,,2026-04-18 03:38:17.
0,8/35,3/5,Contraction_l_Ailk_Bljk_Cijk_Dijk,"(16,256,1,4096)",Cijk_Ailk_Bljk_BBS_BH_MT64x64x16_MI16x16x16x1_SN_GSU1_K1_LBSPPA1024_LBSPPB1024_TT4_64,NO_CHECK,116.281,288.563,,0.00390625,0.125,32,0.25,1,0.125,0.125,1056768,8192,,,,,,,,,,2026-04-18 03:38:17.
0,8/35,4/5,Contraction_l_Ailk_Bljk_Cijk_Dijk,"(16,256,1,4096)",Cijk_Ailk_Bljk_BBS_BH_MT64x64x16_MI16x16x16x1_SN_GSU2_K1_LBSPPA1024_LBSPPB1024_TT4_64,NO_CHECK,92.04,364.564,,0.0078125,0.25,32,0.25,1,0.25,0.125,1048576,24576,,,,,,,,,,2026-04-18 03:38:17.
0,8/35,5/5,Contraction_l_Ailk_Bljk_Cijk_Dijk,"(16,256,1,4096)",Cijk_Ailk_Bljk_BBS_BH_MT64x64x16_MI16x16x16x1_SN_GSU4_K1_LBSPPA1024_LBSPPB1024_TT4_64,NO_CHECK,67.44,497.545,,0.015625,0.5,32,0.25,1,0.5,0.125,1048576,24576,,,,,,,,,,2026-04-18 03:38:17.
0,9/35,0/5,Contraction_l_Ailk_Bljk_Cijk_Dijk,"(16,256,1,8192)",Cijk_Ailk_Bljk_BBS_BH_MT32x32x16_MI16x16x16x1_SN_GSU1_K1_LBSPPA512_LBSPPB512_TT2_32,NO_CHECK,155.401,431.843,,0.015625,0.25,32,0.5,1,0.25,0.125,4202496,8192,,,,,,,,,,2026-04-18 03:38:17.
0,9/35,1/5,Contraction_l_Ailk_Bljk_Cijk_Dijk,"(16,256,1,8192)",Cijk_Ailk_Bljk_BBS_BH_MT32x32x16_MI16x16x16x1_SN_GSU2_K1_LBSPPA512_LBSPPB512_TT2_32,NO_CHECK,105.641,635.254,,0.03125,0.5,32,0.5,1,0.5,0.125,4194304,24576,,,,,,,,,,2026-04-18 03:38:17.
0,9/35,2/5,Contraction_l_Ailk_Bljk_Cijk_Dijk,"(16,256,1,8192)",Cijk_Ailk_Bljk_BBS_BH_MT32x32x16_MI16x16x16x1_SN_GSU4_K1_LBSPPA512_LBSPPB512_TT2_32,NO_CHECK,70,958.698,,0.125,1,32,0.5,1,1,0.25,4194304,24576,,,,,,,,,,2026-04-18 03:38:17.
0,9/35,3/5,Contraction_l_Ailk_Bljk_Cijk_Dijk,"(16,256,1,8192)",Cijk_Ailk_Bljk_BBS_BH_MT64x64x16_MI16x16x16x1_SN_GSU1_K1_LBSPPA1024_LBSPPB1024_TT4_64,NO_CHECK,230.641,290.967,,0.00390625,0.125,32,0.25,1,0.125,0.125,2105344,8192,,,,,,,,,,2026-04-18 03:38:17.
0,9/35,4/5,Contraction_l_Ailk_Bljk_Cijk_Dijk,"(16,256,1,8192)",Cijk_Ailk_Bljk_BBS_BH_MT64x64x16_MI16x16x16x1_SN_GSU2_K1_LBSPPA1024_LBSPPB1024_TT4_64,NO_CHECK,149.361,449.306,,0.0078125,0.25,32,0.25,1,0.25,0.125,2097152,24576,,,,,,,,,,2026-04-18 03:38:17.
0,9/35,5/5,Contraction_l_Ailk_Bljk_Cijk_Dijk,"(16,256,1,8192)",Cijk_Ailk_Bljk_BBS_BH_MT64x64x16_MI16x16x16x1_SN_GSU4_K1_LBSPPA1024_LBSPPB1024_TT4_64,NO_CHECK,93.68,716.363,,0.015625,0.5,32,0.25,1,0.5,0.125,2097152,24576,,,,,,,,,,2026-04-18 03:38:17.
0,10/35,0/5,Contraction_l_Ailk_Bljk_Cijk_Dijk,"(16,256,1,16384)",Cijk_Ailk_Bljk_BBS_BH_MT32x32x16_MI16x16x16x1_SN_GSU1_K1_LBSPPA512_LBSPPB512_TT2_32,NO_CHECK,307.762,436.109,,0.015625,0.25,32,0.5,1,0.25,0.125,8396800,8192,,,,,,,,,,2026-04-18 03:38:17.
0,10/35,1/5,Contraction_l_Ailk_Bljk_Cijk_Dijk,"(16,256,1,16384)",Cijk_Ailk_Bljk_BBS_BH_MT32x32x16_MI16x16x16x1_SN_GSU2_K1_LBSPPA512_LBSPPB512_TT2_32,NO_CHECK,178.441,752.169,,0.03125,0.5,32,0.5,1,0.5,0.125,8388608,24576,,,,,,,,,,2026-04-18 03:38:17.
0,10/35,2/5,Contraction_l_Ailk_Bljk_Cijk_Dijk,"(16,256,1,16384)",Cijk_Ailk_Bljk_BBS_BH_MT32x32x16_MI16x16x16x1_SN_GSU4_K1_LBSPPA512_LBSPPB512_TT2_32,NO_CHECK,102.84,1305.11,,0.125,1,32,0.5,1,1,0.25,8388608,24576,,,,,,,,,,2026-04-18 03:38:17.
0,10/35,3/5,Contraction_l_Ailk_Bljk_Cijk_Dijk,"(16,256,1,16384)",Cijk_Ailk_Bljk_BBS_BH_MT64x64x16_MI16x16x16x1_SN_GSU1_K1_LBSPPA1024_LBSPPB1024_TT4_64,NO_CHECK,428.362,313.328,,0.00390625,0.125,32,0.25,1,0.125,0.125,4202496,8192,,,,,,,,,,2026-04-18 03:38:17.
0,10/35,4/5,Contraction_l_Ailk_Bljk_Cijk_Dijk,"(16,256,1,16384)",Cijk_Ailk_Bljk_BBS_BH_MT64x64x16_MI16x16x16x1_SN_GSU2_K1_LBSPPA1024_LBSPPB1024_TT4_64,NO_CHECK,246.801,543.83,,0.0078125,0.25,32,0.25,1,0.25,0.125,4194304,24576,,,,,,,,,,2026-04-18 03:38:17.
0,10/35,5/5,Contraction_l_Ailk_Bljk_Cijk_Dijk,"(16,256,1,16384)",Cijk_Ailk_Bljk_BBS_BH_MT64x64x16_MI16x16x16x1_SN_GSU4_K1_LBSPPA1024_LBSPPB1024_TT4_64,NO_CHECK,142.52,941.747,,0.015625,0.5,32,0.25,1,0.5,0.125,4194304,24576,,,,,,,,,,2026-04-18 03:38:17.
0,11/35,0/5,Contraction_l_Ailk_Bljk_Cijk_Dijk,"(16,256,1,28672)",Cijk_Ailk_Bljk_BBS_BH_MT32x32x16_MI16x16x16x1_SN_GSU1_K1_LBSPPA512_LBSPPB512_TT2_32,NO_CHECK,469.923,499.829,,0.015625,0.25,32,0.5,1,0.25,0.125,14688256,8192,,,,,,,,,,2026-04-18 03:38:17.
0,11/35,1/5,Contraction_l_Ailk_Bljk_Cijk_Dijk,"(16,256,1,28672)",Cijk_Ailk_Bljk_BBS_BH_MT32x32x16_MI16x16x16x1_SN_GSU2_K1_LBSPPA512_LBSPPB512_TT2_32,NO_CHECK,342.802,685.18,,0.03125,0.5,32,0.5,1,0.5,0.125,14680064,24576,,,,,,,,,,2026-04-18 03:38:17.
0,11/35,2/5,Contraction_l_Ailk_Bljk_Cijk_Dijk,"(16,256,1,28672)",Cijk_Ailk_Bljk_BBS_BH_MT32x32x16_MI16x16x16x1_SN_GSU4_K1_LBSPPA512_LBSPPB512_TT2_32,NO_CHECK,143.68,1634.75,,0.125,1,32,0.5,1,1,0.25,14680064,24576,,,,,,,,,,2026-04-18 03:38:17.
0,11/35,3/5,Contraction_l_Ailk_Bljk_Cijk_Dijk,"(16,256,1,28672)",Cijk_Ailk_Bljk_BBS_BH_MT64x64x16_MI16x16x16x1_SN_GSU1_K1_LBSPPA1024_LBSPPB1024_TT4_64,NO_CHECK,644.603,364.381,,0.00390625,0.125,32,0.25,1,0.125,0.125,7348224,8192,,,,,,,,,,2026-04-18 03:38:17.
0,11/35,4/5,Contraction_l_Ailk_Bljk_Cijk_Dijk,"(16,256,1,28672)",Cijk_Ailk_Bljk_BBS_BH_MT64x64x16_MI16x16x16x1_SN_GSU2_K1_LBSPPA1024_LBSPPB1024_TT4_64,NO_CHECK,375.802,625.013,,0.0078125,0.25,32,0.25,1,0.25,0.125,7340032,24576,,,,,,,,,,2026-04-18 03:38:17.
0,11/35,5/5,Contraction_l_Ailk_Bljk_Cijk_Dijk,"(16,256,1,28672)",Cijk_Ailk_Bljk_BBS_BH_MT64x64x16_MI16x16x16x1_SN_GSU4_K1_LBSPPA1024_LBSPPB1024_TT4_64,NO_CHECK,197.121,1191.56,,0.015625,0.5,32,0.25,1,0.5,0.125,7340032,24576,,,,,,,,,,2026-04-18 03:38:17.
0,12/35,0/5,Contraction_l_Ailk_Bljk_Cijk_Dijk,"(64,16,1,4096)",Cijk_Ailk_Bljk_BBS_BH_MT32x32x16_MI16x16x16x1_SN_GSU1_K1_LBSPPA512_LBSPPB512_TT2_32,NO_CHECK,71.561,117.223,,0.00390625,0.0625,32,1,0.5,0.0625,0.125,526336,2048,,,,,,,,,,2026-04-18 03:38:17.
0,12/35,1/5,Contraction_l_Ailk_Bljk_Cijk_Dijk,"(64,16,1,4096)",Cijk_Ailk_Bljk_BBS_BH_MT32x32x16_MI16x16x16x1_SN_GSU2_K1_LBSPPA512_LBSPPB512_TT2_32,NO_CHECK,61.481,136.442,,0.0078125,0.125,32,1,0.5,0.125,0.125,524288,6144,,,,,,,,,,2026-04-18 03:38:17.
0,12/35,2/5,Contraction_l_Ailk_Bljk_Cijk_Dijk,"(64,16,1,4096)",Cijk_Ailk_Bljk_BBS_BH_MT32x32x16_MI16x16x16x1_SN_GSU4_K1_LBSPPA512_LBSPPB512_TT2_32,NO_CHECK,46.681,179.701,,0.015625,0.25,32,1,0.5,0.25,0.125,524288,6144,,,,,,,,,,2026-04-18 03:38:17.
0,12/35,3/5,Contraction_l_Ailk_Bljk_Cijk_Dijk,"(64,16,1,4096)",Cijk_Ailk_Bljk_BBS_BH_MT64x64x16_MI16x16x16x1_SN_GSU1_K1_LBSPPA1024_LBSPPB1024_TT4_64,NO_CHECK,103.16,81.3165,,0.000976562,0.03125,32,1,0.25,0.03125,0.125,264192,2048,,,,,,,,,,2026-04-18 03:38:17.
0,12/35,4/5,Contraction_l_Ailk_Bljk_Cijk_Dijk,"(64,16,1,4096)",Cijk_Ailk_Bljk_BBS_BH_MT64x64x16_MI16x16x16x1_SN_GSU2_K1_LBSPPA1024_LBSPPB1024_TT4_64,NO_CHECK,81.24,103.257,,0.00195312,0.0625,32,1,0.25,0.0625,0.125,262144,6144,,,,,,,,,,2026-04-18 03:38:17.
0,12/35,5/5,Contraction_l_Ailk_Bljk_Cijk_Dijk,"(64,16,1,4096)",Cijk_Ailk_Bljk_BBS_BH_MT64x64x16_MI16x16x16x1_SN_GSU4_K1_LBSPPA1024_LBSPPB1024_TT4_64,NO_CHECK,60.921,137.696,,0.00390625,0.125,32,1,0.25,0.125,0.125,262144,6144,,,,,,,,,,2026-04-18 03:38:17.
0,13/35,0/5,Contraction_l_Ailk_Bljk_Cijk_Dijk,"(64,16,1,8192)",Cijk_Ailk_Bljk_BBS_BH_MT32x32x16_MI16x16x16x1_SN_GSU1_K1_LBSPPA512_LBSPPB512_TT2_32,NO_CHECK,144.001,116.508,,0.00390625,0.0625,32,1,0.5,0.0625,0.125,1050624,2048,,,,,,,,,,2026-04-18 03:38:17.
0,13/35,1/5,Contraction_l_Ailk_Bljk_Cijk_Dijk,"(64,16,1,8192)",Cijk_Ailk_Bljk_BBS_BH_MT32x32x16_MI16x16x16x1_SN_GSU2_K1_LBSPPA512_LBSPPB512_TT2_32,NO_CHECK,93.401,179.626,,0.0078125,0.125,32,1,0.5,0.125,0.125,1048576,6144,,,,,,,,,,2026-04-18 03:38:17.
0,13/35,2/5,Contraction_l_Ailk_Bljk_Cijk_Dijk,"(64,16,1,8192)",Cijk_Ailk_Bljk_BBS_BH_MT32x32x16_MI16x16x16x1_SN_GSU4_K1_LBSPPA512_LBSPPB512_TT2_32,NO_CHECK,63.161,265.626,,0.015625,0.25,32,1,0.5,0.25,0.125,1048576,6144,,,,,,,,,,2026-04-18 03:38:17.
0,13/35,3/5,Contraction_l_Ailk_Bljk_Cijk_Dijk,"(64,16,1,8192)",Cijk_Ailk_Bljk_BBS_BH_MT64x64x16_MI16x16x16x1_SN_GSU1_K1_LBSPPA1024_LBSPPB1024_TT4_64,NO_CHECK,189.921,88.3379,,0.000976562,0.03125,32,1,0.25,0.03125,0.125,526336,2048,,,,,,,,,,2026-04-18 03:38:17.
0,13/35,4/5,Contraction_l_Ailk_Bljk_Cijk_Dijk,"(64,16,1,8192)",Cijk_Ailk_Bljk_BBS_BH_MT64x64x16_MI16x16x16x1_SN_GSU2_K1_LBSPPA1024_LBSPPB1024_TT4_64,NO_CHECK,122.641,136.799,,0.00195312,0.0625,32,1,0.25,0.0625,0.125,524288,6144,,,,,,,,,,2026-04-18 03:38:17.
0,13/35,5/5,Contraction_l_Ailk_Bljk_Cijk_Dijk,"(64,16,1,8192)",Cijk_Ailk_Bljk_BBS_BH_MT64x64x16_MI16x16x16x1_SN_GSU4_K1_LBSPPA1024_LBSPPB1024_TT4_64,NO_CHECK,80.481,208.462,,0.00390625,0.125,32,1,0.25,0.125,0.125,524288,6144,,,,,,,,,,2026-04-18 03:38:17.
0,14/35,0/5,Contraction_l_Ailk_Bljk_Cijk_Dijk,"(64,16,1,16384)",Cijk_Ailk_Bljk_BBS_BH_MT32x32x16_MI16x16x16x1_SN_GSU1_K1_LBSPPA512_LBSPPB512_TT2_32,NO_CHECK,442.122,75.8941,,0.00390625,0.0625,32,1,0.5,0.0625,0.125,2099200,2048,,,,,,,,,,2026-04-18 03:38:17.
0,14/35,1/5,Contraction_l_Ailk_Bljk_Cijk_Dijk,"(64,16,1,16384)",Cijk_Ailk_Bljk_BBS_BH_MT32x32x16_MI16x16x16x1_SN_GSU2_K1_LBSPPA512_LBSPPB512_TT2_32,NO_CHECK,154.921,216.591,,0.0078125,0.125,32,1,0.5,0.125,0.125,2097152,6144,,,,,,,,,,2026-04-18 03:38:17.
0,14/35,2/5,Contraction_l_Ailk_Bljk_Cijk_Dijk,"(64,16,1,16384)",Cijk_Ailk_Bljk_BBS_BH_MT32x32x16_MI16x16x16x1_SN_GSU4_K1_LBSPPA512_LBSPPB512_TT2_32,NO_CHECK,94.92,353.502,,0.015625,0.25,32,1,0.5,0.25,0.125,2097152,6144,,,,,,,,,,2026-04-18 03:38:17.
0,14/35,3/5,Contraction_l_Ailk_Bljk_Cijk_Dijk,"(64,16,1,16384)",Cijk_Ailk_Bljk_BBS_BH_MT64x64x16_MI16x16x16x1_SN_GSU1_K1_LBSPPA1024_LBSPPB1024_TT4_64,NO_CHECK,364.882,91.9597,,0.000976562,0.03125,32,1,0.25,0.03125,0.125,1050624,2048,,,,,,,,,,2026-04-18 03:38:17.
0,14/35,4/5,Contraction_l_Ailk_Bljk_Cijk_Dijk,"(64,16,1,16384)",Cijk_Ailk_Bljk_BBS_BH_MT64x64x16_MI16x16x16x1_SN_GSU2_K1_LBSPPA1024_LBSPPB1024_TT4_64,NO_CHECK,213.402,157.236,,0.00195312,0.0625,32,1,0.25,0.0625,0.125,1048576,6144,,,,,,,,,,2026-04-18 03:38:17.
0,14/35,5/5,Contraction_l_Ailk_Bljk_Cijk_Dijk,"(64,16,1,16384)",Cijk_Ailk_Bljk_BBS_BH_MT64x64x16_MI16x16x16x1_SN_GSU4_K1_LBSPPA1024_LBSPPB1024_TT4_64,NO_CHECK,126.161,265.965,,0.00390625,0.125,32,1,0.25,0.125,0.125,1048576,6144,,,,,,,,,,2026-04-18 03:38:17.
0,15/35,0/5,Contraction_l_Ailk_Bljk_Cijk_Dijk,"(64,16,1,28672)",Cijk_Ailk_Bljk_BBS_BH_MT32x32x16_MI16x16x16x1_SN_GSU1_K1_LBSPPA512_LBSPPB512_TT2_32,NO_CHECK,921.005,63.7567,,0.00390625,0.0625,32,1,0.5,0.0625,0.125,3672064,2048,,,,,,,,,,2026-04-18 03:38:17.
0,15/35,1/5,Contraction_l_Ailk_Bljk_Cijk_Dijk,"(64,16,1,28672)",Cijk_Ailk_Bljk_BBS_BH_MT32x32x16_MI16x16x16x1_SN_GSU2_K1_LBSPPA512_LBSPPB512_TT2_32,NO_CHECK,240.881,243.773,,0.0078125,0.125,32,1,0.5,0.125,0.125,3670016,6144,,,,,,,,,,2026-04-18 03:38:17.
0,15/35,2/5,Contraction_l_Ailk_Bljk_Cijk_Dijk,"(64,16,1,28672)",Cijk_Ailk_Bljk_BBS_BH_MT32x32x16_MI16x16x16x1_SN_GSU4_K1_LBSPPA512_LBSPPB512_TT2_32,NO_CHECK,137.601,426.743,,0.015625,0.25,32,1,0.5,0.25,0.125,3670016,6144,,,,,,,,,,2026-04-18 03:38:17.
0,15/35,3/5,Contraction_l_Ailk_Bljk_Cijk_Dijk,"(64,16,1,28672)",Cijk_Ailk_Bljk_BBS_BH_MT64x64x16_MI16x16x16x1_SN_GSU1_K1_LBSPPA1024_LBSPPB1024_TT4_64,NO_CHECK,633.163,92.7411,,0.000976562,0.03125,32,1,0.25,0.03125,0.125,1837056,2048,,,,,,,,,,2026-04-18 03:38:17.
0,15/35,4/5,Contraction_l_Ailk_Bljk_Cijk_Dijk,"(64,16,1,28672)",Cijk_Ailk_Bljk_BBS_BH_MT64x64x16_MI16x16x16x1_SN_GSU2_K1_LBSPPA1024_LBSPPB1024_TT4_64,NO_CHECK,344.441,170.48,,0.00195312,0.0625,32,1,0.25,0.0625,0.125,1835008,6144,,,,,,,,,,2026-04-18 03:38:17.
0,15/35,5/5,Contraction_l_Ailk_Bljk_Cijk_Dijk,"(64,16,1,28672)",Cijk_Ailk_Bljk_BBS_BH_MT64x64x16_MI16x16x16x1_SN_GSU4_K1_LBSPPA1024_LBSPPB1024_TT4_64,NO_CHECK,188.361,311.743,,0.00390625,0.125,32,1,0.25,0.125,0.125,1835008,6144,,,,,,,,,,2026-04-18 03:38:17.
0,16/35,0/5,Contraction_l_Ailk_Bljk_Cijk_Dijk,"(64,64,1,4096)",Cijk_Ailk_Bljk_BBS_BH_MT32x32x16_MI16x16x16x1_SN_GSU1_K1_LBSPPA512_LBSPPB512_TT2_32,NO_CHECK,71.4,469.95,,0.015625,0.125,32,1,1,0.125,0.125,2105344,8192,,,,,,,,,,2026-04-18 03:38:17.
0,16/35,1/5,Contraction_l_Ailk_Bljk_Cijk_Dijk,"(64,64,1,4096)",Cijk_Ailk_Bljk_BBS_BH_MT32x32x16_MI16x16x16x1_SN_GSU2_K1_LBSPPA512_LBSPPB512_TT2_32,NO_CHECK,66.32,505.947,,0.03125,0.25,32,1,1,0.25,0.125,2097152,24576,,,,,,,,,,2026-04-18 03:38:17.
0,16/35,2/5,Contraction_l_Ailk_Bljk_Cijk_Dijk,"(64,64,1,4096)",Cijk_Ailk_Bljk_BBS_BH_MT32x32x16_MI16x16x16x1_SN_GSU4_K1_LBSPPA512_LBSPPB512_TT2_32,NO_CHECK,51.56,650.784,,0.0625,0.5,32,1,1,0.5,0.125,2097152,24576,,,,,,,,,,2026-04-18 03:38:17.
0,16/35,3/5,Contraction_l_Ailk_Bljk_Cijk_Dijk,"(64,64,1,4096)",Cijk_Ailk_Bljk_BBS_BH_MT64x64x16_MI16x16x16x1_SN_GSU1_K1_LBSPPA1024_LBSPPB1024_TT4_64,NO_CHECK,115.281,291.066,,0.00390625,0.03125,32,1,1,0.03125,0.125,1056768,8192,,,,,,,,,,2026-04-18 03:38:17.
0,16/35,4/5,Contraction_l_Ailk_Bljk_Cijk_Dijk,"(64,64,1,4096)",Cijk_Ailk_Bljk_BBS_BH_MT64x64x16_MI16x16x16x1_SN_GSU2_K1_LBSPPA1024_LBSPPB1024_TT4_64,NO_CHECK,110.6,303.385,,0.0078125,0.0625,32,1,1,0.0625,0.125,1048576,24576,,,,,,,,,,2026-04-18 03:38:17.
0,16/35,5/5,Contraction_l_Ailk_Bljk_Cijk_Dijk,"(64,64,1,4096)",Cijk_Ailk_Bljk_BBS_BH_MT64x64x16_MI16x16x16x1_SN_GSU4_K1_LBSPPA1024_LBSPPB1024_TT4_64,NO_CHECK,89.48,374.994,,0.015625,0.125,32,1,1,0.125,0.125,1048576,24576,,,,,,,,,,2026-04-18 03:38:17.
0,17/35,0/5,Contraction_l_Ailk_Bljk_Cijk_Dijk,"(64,64,1,8192)",Cijk_Ailk_Bljk_BBS_BH_MT32x32x16_MI16x16x16x1_SN_GSU1_K1_LBSPPA512_LBSPPB512_TT2_32,NO_CHECK,135.241,496.217,,0.015625,0.125,32,1,1,0.125,0.125,4202496,8192,,,,,,,,,,2026-04-18 03:38:17.
0,17/35,1/5,Contraction_l_Ailk_Bljk_Cijk_Dijk,"(64,64,1,8192)",Cijk_Ailk_Bljk_BBS_BH_MT32x32x16_MI16x16x16x1_SN_GSU2_K1_LBSPPA512_LBSPPB512_TT2_32,NO_CHECK,96.001,699.043,,0.03125,0.25,32,1,1,0.25,0.125,4194304,24576,,,,,,,,,,2026-04-18 03:38:17.
0,17/35,2/5,Contraction_l_Ailk_Bljk_Cijk_Dijk,"(64,64,1,8192)",Cijk_Ailk_Bljk_BBS_BH_MT32x32x16_MI16x16x16x1_SN_GSU4_K1_LBSPPA512_LBSPPB512_TT2_32,NO_CHECK,63.841,1051.19,,0.0625,0.5,32,1,1,0.5,0.125,4194304,24576,,,,,,,,,,2026-04-18 03:38:17.
0,17/35,3/5,Contraction_l_Ailk_Bljk_Cijk_Dijk,"(64,64,1,8192)",Cijk_Ailk_Bljk_BBS_BH_MT64x64x16_MI16x16x16x1_SN_GSU1_K1_LBSPPA1024_LBSPPB1024_TT4_64,NO_CHECK,192.401,348.797,,0.00390625,0.03125,32,1,1,0.03125,0.125,2105344,8192,,,,,,,,,,2026-04-18 03:38:17.
0,17/35,4/5,Contraction_l_Ailk_Bljk_Cijk_Dijk,"(64,64,1,8192)",Cijk_Ailk_Bljk_BBS_BH_MT64x64x16_MI16x16x16x1_SN_GSU2_K1_LBSPPA1024_LBSPPB1024_TT4_64,NO_CHECK,129.161,519.575,,0.0078125,0.0625,32,1,1,0.0625,0.125,2097152,24576,,,,,,,,,,2026-04-18 03:38:17.
0,17/35,5/5,Contraction_l_Ailk_Bljk_Cijk_Dijk,"(64,64,1,8192)",Cijk_Ailk_Bljk_BBS_BH_MT64x64x16_MI16x16x16x1_SN_GSU4_K1_LBSPPA1024_LBSPPB1024_TT4_64,NO_CHECK,85.84,781.79,,0.015625,0.125,32,1,1,0.125,0.125,2097152,24576,,,,,,,,,,2026-04-18 03:38:17.
0,18/35,0/5,Contraction_l_Ailk_Bljk_Cijk_Dijk,"(64,64,1,16384)",Cijk_Ailk_Bljk_BBS_BH_MT32x32x16_MI16x16x16x1_SN_GSU1_K1_LBSPPA512_LBSPPB512_TT2_32,NO_CHECK,267.881,501.035,,0.015625,0.125,32,1,1,0.125,0.125,8396800,8192,,,,,,,,,,2026-04-18 03:38:17.
0,18/35,1/5,Contraction_l_Ailk_Bljk_Cijk_Dijk,"(64,64,1,16384)",Cijk_Ailk_Bljk_BBS_BH_MT32x32x16_MI16x16x16x1_SN_GSU2_K1_LBSPPA512_LBSPPB512_TT2_32,NO_CHECK,163.601,820.397,,0.03125,0.25,32,1,1,0.25,0.125,8388608,24576,,,,,,,,,,2026-04-18 03:38:17.
0,18/35,2/5,Contraction_l_Ailk_Bljk_Cijk_Dijk,"(64,64,1,16384)",Cijk_Ailk_Bljk_BBS_BH_MT32x32x16_MI16x16x16x1_SN_GSU4_K1_LBSPPA512_LBSPPB512_TT2_32,NO_CHECK,95.361,1407.47,,0.0625,0.5,32,1,1,0.5,0.125,8388608,24576,,,,,,,,,,2026-04-18 03:38:17.
0,18/35,3/5,Contraction_l_Ailk_Bljk_Cijk_Dijk,"(64,64,1,16384)",Cijk_Ailk_Bljk_BBS_BH_MT64x64x16_MI16x16x16x1_SN_GSU1_K1_LBSPPA1024_LBSPPB1024_TT4_64,NO_CHECK,378.962,354.172,,0.00390625,0.03125,32,1,1,0.03125,0.125,4202496,8192,,,,,,,,,,2026-04-18 03:38:17.
0,18/35,4/5,Contraction_l_Ailk_Bljk_Cijk_Dijk,"(64,64,1,16384)",Cijk_Ailk_Bljk_BBS_BH_MT64x64x16_MI16x16x16x1_SN_GSU2_K1_LBSPPA1024_LBSPPB1024_TT4_64,NO_CHECK,222.681,602.735,,0.0078125,0.0625,32,1,1,0.0625,0.125,4194304,24576,,,,,,,,,,2026-04-18 03:38:17.
0,18/35,5/5,Contraction_l_Ailk_Bljk_Cijk_Dijk,"(64,64,1,16384)",Cijk_Ailk_Bljk_BBS_BH_MT64x64x16_MI16x16x16x1_SN_GSU4_K1_LBSPPA1024_LBSPPB1024_TT4_64,NO_CHECK,135.321,991.847,,0.015625,0.125,32,1,1,0.125,0.125,4194304,24576,,,,,,,,,,2026-04-18 03:38:17.
0,19/35,0/5,Contraction_l_Ailk_Bljk_Cijk_Dijk,"(64,64,1,28672)",Cijk_Ailk_Bljk_BBS_BH_MT32x32x16_MI16x16x16x1_SN_GSU1_K1_LBSPPA512_LBSPPB512_TT2_32,NO_CHECK,444.202,528.771,,0.015625,0.125,32,1,1,0.125,0.125,14688256,8192,,,,,,,,,,2026-04-18 03:38:17.
0,19/35,1/5,Contraction_l_Ailk_Bljk_Cijk_Dijk,"(64,64,1,28672)",Cijk_Ailk_Bljk_BBS_BH_MT32x32x16_MI16x16x16x1_SN_GSU2_K1_LBSPPA512_LBSPPB512_TT2_32,NO_CHECK,247.721,948.168,,0.03125,0.25,32,1,1,0.25,0.125,14680064,24576,,,,,,,,,,2026-04-18 03:38:17.
0,19/35,2/5,Contraction_l_Ailk_Bljk_Cijk_Dijk,"(64,64,1,28672)",Cijk_Ailk_Bljk_BBS_BH_MT32x32x16_MI16x16x16x1_SN_GSU4_K1_LBSPPA512_LBSPPB512_TT2_32,NO_CHECK,138.681,1693.68,,0.0625,0.5,32,1,1,0.5,0.125,14680064,24576,,,,,,,,,,2026-04-18 03:38:17.
0,19/35,3/5,Contraction_l_Ailk_Bljk_Cijk_Dijk,"(64,64,1,28672)",Cijk_Ailk_Bljk_BBS_BH_MT64x64x16_MI16x16x16x1_SN_GSU1_K1_LBSPPA1024_LBSPPB1024_TT4_64,NO_CHECK,626.363,374.992,,0.00390625,0.03125,32,1,1,0.03125,0.125,7348224,8192,,,,,,,,,,2026-04-18 03:38:17.
0,19/35,4/5,Contraction_l_Ailk_Bljk_Cijk_Dijk,"(64,64,1,28672)",Cijk_Ailk_Bljk_BBS_BH_MT64x64x16_MI16x16x16x1_SN_GSU2_K1_LBSPPA1024_LBSPPB1024_TT4_64,NO_CHECK,342.122,686.542,,0.0078125,0.0625,32,1,1,0.0625,0.125,7340032,24576,,,,,,,,,,2026-04-18 03:38:17.
0,19/35,5/5,Contraction_l_Ailk_Bljk_Cijk_Dijk,"(64,64,1,28672)",Cijk_Ailk_Bljk_BBS_BH_MT64x64x16_MI16x16x16x1_SN_GSU4_K1_LBSPPA1024_LBSPPB1024_TT4_64,NO_CHECK,196.401,1195.93,,0.015625,0.125,32,1,1,0.125,0.125,7340032,24576,,,,,,,,,,2026-04-18 03:38:17.
0,20/35,0/5,Contraction_l_Ailk_Bljk_Cijk_Dijk,"(64,256,1,4096)",Cijk_Ailk_Bljk_BBS_BH_MT32x32x16_MI16x16x16x1_SN_GSU1_K1_LBSPPA512_LBSPPB512_TT2_32,NO_CHECK,72.161,1859.98,,0.0625,0.5,32,1,1,0.5,0.125,8421376,32768,,,,,,,,,,2026-04-18 03:38:17.
0,20/35,1/5,Contraction_l_Ailk_Bljk_Cijk_Dijk,"(64,256,1,4096)",Cijk_Ailk_Bljk_BBS_BH_MT32x32x16_MI16x16x16x1_SN_GSU2_K1_LBSPPA512_LBSPPB512_TT2_32,NO_CHECK,64.481,2081.51,,0.25,1,32,1,1,1,0.25,8388608,98304,,,,,,,,,,2026-04-18 03:38:17.
0,20/35,2/5,Contraction_l_Ailk_Bljk_Cijk_Dijk,"(64,256,1,4096)",Cijk_Ailk_Bljk_BBS_BH_MT32x32x16_MI16x16x16x1_SN_GSU4_K1_LBSPPA512_LBSPPB512_TT2_32,NO_CHECK,48.2,2784.6,,0.375,2,32,1,1,1,0.375,8388608,98304,,,,,,,,,,2026-04-18 03:38:17.
0,20/35,3/5,Contraction_l_Ailk_Bljk_Cijk_Dijk,"(64,256,1,4096)",Cijk_Ailk_Bljk_BBS_BH_MT64x64x16_MI16x16x16x1_SN_GSU1_K1_LBSPPA1024_LBSPPB1024_TT4_64,NO_CHECK,102.041,1315.33,,0.015625,0.125,32,1,1,0.125,0.125,4227072,32768,,,,,,,,,,2026-04-18 03:38:17.
0,20/35,4/5,Contraction_l_Ailk_Bljk_Cijk_Dijk,"(64,256,1,4096)",Cijk_Ailk_Bljk_BBS_BH_MT64x64x16_MI16x16x16x1_SN_GSU2_K1_LBSPPA1024_LBSPPB1024_TT4_64,NO_CHECK,86.401,1553.43,,0.03125,0.25,32,1,1,0.25,0.125,4194304,98304,,,,,,,,,,2026-04-18 03:38:17.
0,20/35,5/5,Contraction_l_Ailk_Bljk_Cijk_Dijk,"(64,256,1,4096)",Cijk_Ailk_Bljk_BBS_BH_MT64x64x16_MI16x16x16x1_SN_GSU4_K1_LBSPPA1024_LBSPPB1024_TT4_64,NO_CHECK,61.961,2166.16,,0.0625,0.5,32,1,1,0.5,0.125,4194304,98304,,,,,,,,,,2026-04-18 03:38:17.
0,21/35,0/5,Contraction_l_Ailk_Bljk_Cijk_Dijk,"(64,256,1,8192)",Cijk_Ailk_Bljk_BBS_BH_MT32x32x16_MI16x16x16x1_SN_GSU1_K1_LBSPPA512_LBSPPB512_TT2_32,NO_CHECK,146.721,1829.56,,0.0625,0.5,32,1,1,0.5,0.125,16809984,32768,,,,,,,,,,2026-04-18 03:38:17.
0,21/35,1/5,Contraction_l_Ailk_Bljk_Cijk_Dijk,"(64,256,1,8192)",Cijk_Ailk_Bljk_BBS_BH_MT32x32x16_MI16x16x16x1_SN_GSU2_K1_LBSPPA512_LBSPPB512_TT2_32,NO_CHECK,99.84,2688.66,,0.25,1,32,1,1,1,0.25,16777216,98304,,,,,,,,,,2026-04-18 03:38:17.
0,21/35,2/5,Contraction_l_Ailk_Bljk_Cijk_Dijk,"(64,256,1,8192)",Cijk_Ailk_Bljk_BBS_BH_MT32x32x16_MI16x16x16x1_SN_GSU4_K1_LBSPPA512_LBSPPB512_TT2_32,NO_CHECK,66.36,4045.14,,0.375,2,32,1,1,1,0.375,16777216,98304,,,,,,,,,,2026-04-18 03:38:17.
0,21/35,3/5,Contraction_l_Ailk_Bljk_Cijk_Dijk,"(64,256,1,8192)",Cijk_Ailk_Bljk_BBS_BH_MT64x64x16_MI16x16x16x1_SN_GSU1_K1_LBSPPA1024_LBSPPB1024_TT4_64,NO_CHECK,207.001,1296.78,,0.015625,0.125,32,1,1,0.125,0.125,8421376,32768,,,,,,,,,,2026-04-18 03:38:17.
0,21/35,4/5,Contraction_l_Ailk_Bljk_Cijk_Dijk,"(64,256,1,8192)",Cijk_Ailk_Bljk_BBS_BH_MT64x64x16_MI16x16x16x1_SN_GSU2_K1_LBSPPA1024_LBSPPB1024_TT4_64,NO_CHECK,139.361,1926.19,,0.03125,0.25,32,1,1,0.25,0.125,8388608,98304,,,,,,,,,,2026-04-18 03:38:17.
0,21/35,5/5,Contraction_l_Ailk_Bljk_Cijk_Dijk,"(64,256,1,8192)",Cijk_Ailk_Bljk_BBS_BH_MT64x64x16_MI16x16x16x1_SN_GSU4_K1_LBSPPA1024_LBSPPB1024_TT4_64,NO_CHECK,88.88,3020.2,,0.0625,0.5,32,1,1,0.5,0.125,8388608,98304,,,,,,,,,,2026-04-18 03:38:17.
0,22/35,0/5,Contraction_l_Ailk_Bljk_Cijk_Dijk,"(64,256,1,16384)",Cijk_Ailk_Bljk_BBS_BH_MT32x32x16_MI16x16x16x1_SN_GSU1_K1_LBSPPA512_LBSPPB512_TT2_32,NO_CHECK,274.441,1956.23,,0.0625,0.5,32,1,1,0.5,0.125,33587200,32768,,,,,,,,,,2026-04-18 03:38:17.
0,22/35,1/5,Contraction_l_Ailk_Bljk_Cijk_Dijk,"(64,256,1,16384)",Cijk_Ailk_Bljk_BBS_BH_MT32x32x16_MI16x16x16x1_SN_GSU2_K1_LBSPPA512_LBSPPB512_TT2_32,NO_CHECK,173.321,3097.55,,0.25,1,32,1,1,1,0.25,33554432,98304,,,,,,,,,,2026-04-18 03:38:17.
0,22/35,2/5,Contraction_l_Ailk_Bljk_Cijk_Dijk,"(64,256,1,16384)",Cijk_Ailk_Bljk_BBS_BH_MT32x32x16_MI16x16x16x1_SN_GSU4_K1_LBSPPA512_LBSPPB512_TT2_32,NO_CHECK,102.201,5253.09,,0.375,2,32,1,1,1,0.375,33554432,98304,,,,,,,,,,2026-04-18 03:38:17.
0,22/35,3/5,Contraction_l_Ailk_Bljk_Cijk_Dijk,"(64,256,1,16384)",Cijk_Ailk_Bljk_BBS_BH_MT64x64x16_MI16x16x16x1_SN_GSU1_K1_LBSPPA1024_LBSPPB1024_TT4_64,NO_CHECK,406.362,1321.16,,0.015625,0.125,32,1,1,0.125,0.125,16809984,32768,,,,,,,,,,2026-04-18 03:38:17.
0,22/35,4/5,Contraction_l_Ailk_Bljk_Cijk_Dijk,"(64,256,1,16384)",Cijk_Ailk_Bljk_BBS_BH_MT64x64x16_MI16x16x16x1_SN_GSU2_K1_LBSPPA1024_LBSPPB1024_TT4_64,NO_CHECK,240.001,2236.95,,0.03125,0.25,32,1,1,0.25,0.125,16777216,98304,,,,,,,,,,2026-04-18 03:38:17.
0,22/35,5/5,Contraction_l_Ailk_Bljk_Cijk_Dijk,"(64,256,1,16384)",Cijk_Ailk_Bljk_BBS_BH_MT64x64x16_MI16x16x16x1_SN_GSU4_K1_LBSPPA1024_LBSPPB1024_TT4_64,NO_CHECK,138.881,3865.69,,0.0625,0.5,32,1,1,0.5,0.125,16777216,98304,,,,,,,,,,2026-04-18 03:38:17.
0,23/35,0/5,Contraction_l_Ailk_Bljk_Cijk_Dijk,"(64,256,1,28672)",Cijk_Ailk_Bljk_BBS_BH_MT32x32x16_MI16x16x16x1_SN_GSU1_K1_LBSPPA512_LBSPPB512_TT2_32,NO_CHECK,460.322,2041.02,,0.0625,0.5,32,1,1,0.5,0.125,58753024,32768,,,,,,,,,,2026-04-18 03:38:17.
0,23/35,1/5,Contraction_l_Ailk_Bljk_Cijk_Dijk,"(64,256,1,28672)",Cijk_Ailk_Bljk_BBS_BH_MT32x32x16_MI16x16x16x1_SN_GSU2_K1_LBSPPA512_LBSPPB512_TT2_32,NO_CHECK,270.041,3479.19,,0.25,1,32,1,1,1,0.25,58720256,98304,,,,,,,,,,2026-04-18 03:38:17.
0,23/35,2/5,Contraction_l_Ailk_Bljk_Cijk_Dijk,"(64,256,1,28672)",Cijk_Ailk_Bljk_BBS_BH_MT32x32x16_MI16x16x16x1_SN_GSU4_K1_LBSPPA512_LBSPPB512_TT2_32,NO_CHECK,164.161,5723.19,,0.375,2,32,1,1,1,0.375,58720256,98304,,,,,,,,,,2026-04-18 03:38:17.
0,23/35,3/5,Contraction_l_Ailk_Bljk_Cijk_Dijk,"(64,256,1,28672)",Cijk_Ailk_Bljk_BBS_BH_MT64x64x16_MI16x16x16x1_SN_GSU1_K1_LBSPPA1024_LBSPPB1024_TT4_64,NO_CHECK,649.243,1447.11,,0.015625,0.125,32,1,1,0.125,0.125,29392896,32768,,,,,,,,,,2026-04-18 03:38:17.
0,23/35,4/5,Contraction_l_Ailk_Bljk_Cijk_Dijk,"(64,256,1,28672)",Cijk_Ailk_Bljk_BBS_BH_MT64x64x16_MI16x16x16x1_SN_GSU2_K1_LBSPPA1024_LBSPPB1024_TT4_64,NO_CHECK,378.642,2481.3,,0.03125,0.25,32,1,1,0.25,0.125,29360128,98304,,,,,,,,,,2026-04-18 03:38:17.
0,23/35,5/5,Contraction_l_Ailk_Bljk_Cijk_Dijk,"(64,256,1,28672)",Cijk_Ailk_Bljk_BBS_BH_MT64x64x16_MI16x16x16x1_SN_GSU4_K1_LBSPPA1024_LBSPPB1024_TT4_64,NO_CHECK,203.161,4624.53,,0.0625,0.5,32,1,1,0.5,0.125,29360128,98304,,,,,,,,,,2026-04-18 03:38:17.
0,24/35,0/5,Contraction_l_Ailk_Bljk_Cijk_Dijk,"(256,16,1,4096)",Cijk_Ailk_Bljk_BBS_BH_MT32x32x16_MI16x16x16x1_SN_GSU1_K1_LBSPPA512_LBSPPB512_TT2_32,NO_CHECK,69.481,482.93,,0.015625,0.25,32,1,0.5,0.25,0.125,2105344,8192,,,,,,,,,,2026-04-18 03:38:17.
0,24/35,1/5,Contraction_l_Ailk_Bljk_Cijk_Dijk,"(256,16,1,4096)",Cijk_Ailk_Bljk_BBS_BH_MT32x32x16_MI16x16x16x1_SN_GSU2_K1_LBSPPA512_LBSPPB512_TT2_32,NO_CHECK,60.041,558.859,,0.03125,0.5,32,1,0.5,0.5,0.125,2097152,24576,,,,,,,,,,2026-04-18 03:38:17.
0,24/35,2/5,Contraction_l_Ailk_Bljk_Cijk_Dijk,"(256,16,1,4096)",Cijk_Ailk_Bljk_BBS_BH_MT32x32x16_MI16x16x16x1_SN_GSU4_K1_LBSPPA512_LBSPPB512_TT2_32,NO_CHECK,46.241,725.642,,0.125,1,32,1,0.5,1,0.25,2097152,24576,,,,,,,,,,2026-04-18 03:38:17.
0,24/35,3/5,Contraction_l_Ailk_Bljk_Cijk_Dijk,"(256,16,1,4096)",Cijk_Ailk_Bljk_BBS_BH_MT64x64x16_MI16x16x16x1_SN_GSU1_K1_LBSPPA1024_LBSPPB1024_TT4_64,NO_CHECK,101.72,329.871,,0.00390625,0.125,32,1,0.25,0.125,0.125,1056768,8192,,,,,,,,,,2026-04-18 03:38:17.
0,24/35,4/5,Contraction_l_Ailk_Bljk_Cijk_Dijk,"(256,16,1,4096)",Cijk_Ailk_Bljk_BBS_BH_MT64x64x16_MI16x16x16x1_SN_GSU2_K1_LBSPPA1024_LBSPPB1024_TT4_64,NO_CHECK,81,414.252,,0.0078125,0.25,32,1,0.25,0.25,0.125,1048576,24576,,,,,,,,,,2026-04-18 03:38:17.
0,24/35,5/5,Contraction_l_Ailk_Bljk_Cijk_Dijk,"(256,16,1,4096)",Cijk_Ailk_Bljk_BBS_BH_MT64x64x16_MI16x16x16x1_SN_GSU4_K1_LBSPPA1024_LBSPPB1024_TT4_64,NO_CHECK,59.32,565.651,,0.015625,0.5,32,1,0.25,0.5,0.125,1048576,24576,,,,,,,,,,2026-04-18 03:38:17.
0,25/35,0/5,Contraction_l_Ailk_Bljk_Cijk_Dijk,"(256,16,1,8192)",Cijk_Ailk_Bljk_BBS_BH_MT32x32x16_MI16x16x16x1_SN_GSU1_K1_LBSPPA512_LBSPPB512_TT2_32,NO_CHECK,169.041,396.998,,0.015625,0.25,32,1,0.5,0.25,0.125,4202496,8192,,,,,,,,,,2026-04-18 03:38:17.
0,25/35,1/5,Contraction_l_Ailk_Bljk_Cijk_Dijk,"(256,16,1,8192)",Cijk_Ailk_Bljk_BBS_BH_MT32x32x16_MI16x16x16x1_SN_GSU2_K1_LBSPPA512_LBSPPB512_TT2_32,NO_CHECK,91.56,732.95,,0.03125,0.5,32,1,0.5,0.5,0.125,4194304,24576,,,,,,,,,,2026-04-18 03:38:17.
0,25/35,2/5,Contraction_l_Ailk_Bljk_Cijk_Dijk,"(256,16,1,8192)",Cijk_Ailk_Bljk_BBS_BH_MT32x32x16_MI16x16x16x1_SN_GSU4_K1_LBSPPA512_LBSPPB512_TT2_32,NO_CHECK,60.76,1104.49,,0.125,1,32,1,0.5,1,0.25,4194304,24576,,,,,,,,,,2026-04-18 03:38:17.
0,25/35,3/5,Contraction_l_Ailk_Bljk_Cijk_Dijk,"(256,16,1,8192)",Cijk_Ailk_Bljk_BBS_BH_MT64x64x16_MI16x16x16x1_SN_GSU1_K1_LBSPPA1024_LBSPPB1024_TT4_64,NO_CHECK,189.801,353.575,,0.00390625,0.125,32,1,0.25,0.125,0.125,2105344,8192,,,,,,,,,,2026-04-18 03:38:17.
0,25/35,4/5,Contraction_l_Ailk_Bljk_Cijk_Dijk,"(256,16,1,8192)",Cijk_Ailk_Bljk_BBS_BH_MT64x64x16_MI16x16x16x1_SN_GSU2_K1_LBSPPA1024_LBSPPB1024_TT4_64,NO_CHECK,124.801,537.727,,0.0078125,0.25,32,1,0.25,0.25,0.125,2097152,24576,,,,,,,,,,2026-04-18 03:38:17.
0,25/35,5/5,Contraction_l_Ailk_Bljk_Cijk_Dijk,"(256,16,1,8192)",Cijk_Ailk_Bljk_BBS_BH_MT64x64x16_MI16x16x16x1_SN_GSU4_K1_LBSPPA1024_LBSPPB1024_TT4_64,NO_CHECK,81.36,824.839,,0.015625,0.5,32,1,0.25,0.5,0.125,2097152,24576,,,,,,,,,,2026-04-18 03:38:17.
0,26/35,0/5,Contraction_l_Ailk_Bljk_Cijk_Dijk,"(256,16,1,16384)",Cijk_Ailk_Bljk_BBS_BH_MT32x32x16_MI16x16x16x1_SN_GSU1_K1_LBSPPA512_LBSPPB512_TT2_32,NO_CHECK,511.963,262.163,,0.015625,0.25,32,1,0.5,0.25,0.125,8396800,8192,,,,,,,,,,2026-04-18 03:38:17.
0,26/35,1/5,Contraction_l_Ailk_Bljk_Cijk_Dijk,"(256,16,1,16384)",Cijk_Ailk_Bljk_BBS_BH_MT32x32x16_MI16x16x16x1_SN_GSU2_K1_LBSPPA512_LBSPPB512_TT2_32,NO_CHECK,154.161,870.633,,0.03125,0.5,32,1,0.5,0.5,0.125,8388608,24576,,,,,,,,,,2026-04-18 03:38:17.
0,26/35,2/5,Contraction_l_Ailk_Bljk_Cijk_Dijk,"(256,16,1,16384)",Cijk_Ailk_Bljk_BBS_BH_MT32x32x16_MI16x16x16x1_SN_GSU4_K1_LBSPPA512_LBSPPB512_TT2_32,NO_CHECK,90.76,1478.82,,0.125,1,32,1,0.5,1,0.25,8388608,24576,,,,,,,,,,2026-04-18 03:38:17.
0,26/35,3/5,Contraction_l_Ailk_Bljk_Cijk_Dijk,"(256,16,1,16384)",Cijk_Ailk_Bljk_BBS_BH_MT64x64x16_MI16x16x16x1_SN_GSU1_K1_LBSPPA1024_LBSPPB1024_TT4_64,NO_CHECK,365.522,367.195,,0.00390625,0.125,32,1,0.25,0.125,0.125,4202496,8192,,,,,,,,,,2026-04-18 03:38:17.
0,26/35,4/5,Contraction_l_Ailk_Bljk_Cijk_Dijk,"(256,16,1,16384)",Cijk_Ailk_Bljk_BBS_BH_MT64x64x16_MI16x16x16x1_SN_GSU2_K1_LBSPPA1024_LBSPPB1024_TT4_64,NO_CHECK,210.121,638.764,,0.0078125,0.25,32,1,0.25,0.25,0.125,4194304,24576,,,,,,,,,,2026-04-18 03:38:17.
0,26/35,5/5,Contraction_l_Ailk_Bljk_Cijk_Dijk,"(256,16,1,16384)",Cijk_Ailk_Bljk_BBS_BH_MT64x64x16_MI16x16x16x1_SN_GSU4_K1_LBSPPA1024_LBSPPB1024_TT4_64,NO_CHECK,123.641,1085.54,,0.015625,0.5,32,1,0.25,0.5,0.125,4194304,24576,,,,,,,,,,2026-04-18 03:38:17.
0,27/35,0/5,Contraction_l_Ailk_Bljk_Cijk_Dijk,"(256,16,1,28672)",Cijk_Ailk_Bljk_BBS_BH_MT32x32x16_MI16x16x16x1_SN_GSU1_K1_LBSPPA512_LBSPPB512_TT2_32,NO_CHECK,791.484,296.76,,0.015625,0.25,32,1,0.5,0.25,0.125,14688256,8192,,,,,,,,,,2026-04-18 03:38:17.
0,27/35,1/5,Contraction_l_Ailk_Bljk_Cijk_Dijk,"(256,16,1,28672)",Cijk_Ailk_Bljk_BBS_BH_MT32x32x16_MI16x16x16x1_SN_GSU2_K1_LBSPPA512_LBSPPB512_TT2_32,NO_CHECK,242.841,967.221,,0.03125,0.5,32,1,0.5,0.5,0.125,14680064,24576,,,,,,,,,,2026-04-18 03:38:17.
0,27/35,2/5,Contraction_l_Ailk_Bljk_Cijk_Dijk,"(256,16,1,28672)",Cijk_Ailk_Bljk_BBS_BH_MT32x32x16_MI16x16x16x1_SN_GSU4_K1_LBSPPA512_LBSPPB512_TT2_32,NO_CHECK,137.2,1711.96,,0.125,1,32,1,0.5,1,0.25,14680064,24576,,,,,,,,,,2026-04-18 03:38:17.
0,27/35,3/5,Contraction_l_Ailk_Bljk_Cijk_Dijk,"(256,16,1,28672)",Cijk_Ailk_Bljk_BBS_BH_MT64x64x16_MI16x16x16x1_SN_GSU1_K1_LBSPPA1024_LBSPPB1024_TT4_64,NO_CHECK,617.883,380.138,,0.00390625,0.125,32,1,0.25,0.125,0.125,7348224,8192,,,,,,,,,,2026-04-18 03:38:17.
0,27/35,4/5,Contraction_l_Ailk_Bljk_Cijk_Dijk,"(256,16,1,28672)",Cijk_Ailk_Bljk_BBS_BH_MT64x64x16_MI16x16x16x1_SN_GSU2_K1_LBSPPA1024_LBSPPB1024_TT4_64,NO_CHECK,339.721,691.394,,0.0078125,0.25,32,1,0.25,0.25,0.125,7340032,24576,,,,,,,,,,2026-04-18 03:38:17.
0,27/35,5/5,Contraction_l_Ailk_Bljk_Cijk_Dijk,"(256,16,1,28672)",Cijk_Ailk_Bljk_BBS_BH_MT64x64x16_MI16x16x16x1_SN_GSU4_K1_LBSPPA1024_LBSPPB1024_TT4_64,NO_CHECK,185.761,1264.43,,0.015625,0.5,32,1,0.25,0.5,0.125,7340032,24576,,,,,,,,,,2026-04-18 03:38:17.
0,28/35,0/5,Contraction_l_Ailk_Bljk_Cijk_Dijk,"(256,64,1,4096)",Cijk_Ailk_Bljk_BBS_BH_MT32x32x16_MI16x16x16x1_SN_GSU1_K1_LBSPPA512_LBSPPB512_TT2_32,NO_CHECK,69.4,1933.97,,0.0625,0.5,32,1,1,0.5,0.125,8421376,32768,,,,,,,,,,2026-04-18 03:38:17.
0,28/35,1/5,Contraction_l_Ailk_Bljk_Cijk_Dijk,"(256,64,1,4096)",Cijk_Ailk_Bljk_BBS_BH_MT32x32x16_MI16x16x16x1_SN_GSU2_K1_LBSPPA512_LBSPPB512_TT2_32,NO_CHECK,61,2200.29,,0.25,1,32,1,1,1,0.25,8388608,98304,,,,,,,,,,2026-04-18 03:38:17.
0,28/35,2/5,Contraction_l_Ailk_Bljk_Cijk_Dijk,"(256,64,1,4096)",Cijk_Ailk_Bljk_BBS_BH_MT32x32x16_MI16x16x16x1_SN_GSU4_K1_LBSPPA512_LBSPPB512_TT2_32,NO_CHECK,47.72,2812.61,,0.375,2,32,1,1,1,0.375,8388608,98304,,,,,,,,,,2026-04-18 03:38:17.
0,28/35,3/5,Contraction_l_Ailk_Bljk_Cijk_Dijk,"(256,64,1,4096)",Cijk_Ailk_Bljk_BBS_BH_MT64x64x16_MI16x16x16x1_SN_GSU1_K1_LBSPPA1024_LBSPPB1024_TT4_64,NO_CHECK,99.16,1353.55,,0.015625,0.125,32,1,1,0.125,0.125,4227072,32768,,,,,,,,,,2026-04-18 03:38:17.
0,28/35,4/5,Contraction_l_Ailk_Bljk_Cijk_Dijk,"(256,64,1,4096)",Cijk_Ailk_Bljk_BBS_BH_MT64x64x16_MI16x16x16x1_SN_GSU2_K1_LBSPPA1024_LBSPPB1024_TT4_64,NO_CHECK,80.44,1668.54,,0.03125,0.25,32,1,1,0.25,0.125,4194304,98304,,,,,,,,,,2026-04-18 03:38:17.
0,28/35,5/5,Contraction_l_Ailk_Bljk_Cijk_Dijk,"(256,64,1,4096)",Cijk_Ailk_Bljk_BBS_BH_MT64x64x16_MI16x16x16x1_SN_GSU4_K1_LBSPPA1024_LBSPPB1024_TT4_64,NO_CHECK,60.8,2207.53,,0.0625,0.5,32,1,1,0.5,0.125,4194304,98304,,,,,,,,,,2026-04-18 03:38:17.
0,29/35,0/5,Contraction_l_Ailk_Bljk_Cijk_Dijk,"(256,64,1,8192)",Cijk_Ailk_Bljk_BBS_BH_MT32x32x16_MI16x16x16x1_SN_GSU1_K1_LBSPPA512_LBSPPB512_TT2_32,NO_CHECK,133.761,2006.83,,0.0625,0.5,32,1,1,0.5,0.125,16809984,32768,,,,,,,,,,2026-04-18 03:38:17.
0,29/35,1/5,Contraction_l_Ailk_Bljk_Cijk_Dijk,"(256,64,1,8192)",Cijk_Ailk_Bljk_BBS_BH_MT32x32x16_MI16x16x16x1_SN_GSU2_K1_LBSPPA512_LBSPPB512_TT2_32,NO_CHECK,94.761,2832.76,,0.25,1,32,1,1,1,0.25,16777216,98304,,,,,,,,,,2026-04-18 03:38:17.
0,29/35,2/5,Contraction_l_Ailk_Bljk_Cijk_Dijk,"(256,64,1,8192)",Cijk_Ailk_Bljk_BBS_BH_MT32x32x16_MI16x16x16x1_SN_GSU4_K1_LBSPPA512_LBSPPB512_TT2_32,NO_CHECK,63.041,4258.11,,0.375,2,32,1,1,1,0.375,16777216,98304,,,,,,,,,,2026-04-18 03:38:17.
0,29/35,3/5,Contraction_l_Ailk_Bljk_Cijk_Dijk,"(256,64,1,8192)",Cijk_Ailk_Bljk_BBS_BH_MT64x64x16_MI16x16x16x1_SN_GSU1_K1_LBSPPA1024_LBSPPB1024_TT4_64,NO_CHECK,188.361,1425.11,,0.015625,0.125,32,1,1,0.125,0.125,8421376,32768,,,,,,,,,,2026-04-18 03:38:17.
0,29/35,4/5,Contraction_l_Ailk_Bljk_Cijk_Dijk,"(256,64,1,8192)",Cijk_Ailk_Bljk_BBS_BH_MT64x64x16_MI16x16x16x1_SN_GSU2_K1_LBSPPA1024_LBSPPB1024_TT4_64,NO_CHECK,126.281,2125.7,,0.03125,0.25,32,1,1,0.25,0.125,8388608,98304,,,,,,,,,,2026-04-18 03:38:17.
0,29/35,5/5,Contraction_l_Ailk_Bljk_Cijk_Dijk,"(256,64,1,8192)",Cijk_Ailk_Bljk_BBS_BH_MT64x64x16_MI16x16x16x1_SN_GSU4_K1_LBSPPA1024_LBSPPB1024_TT4_64,NO_CHECK,86.201,3114.06,,0.0625,0.5,32,1,1,0.5,0.125,8388608,98304,,,,,,,,,,2026-04-18 03:38:17.
0,30/35,0/5,Contraction_l_Ailk_Bljk_Cijk_Dijk,"(256,64,1,16384)",Cijk_Ailk_Bljk_BBS_BH_MT32x32x16_MI16x16x16x1_SN_GSU1_K1_LBSPPA512_LBSPPB512_TT2_32,NO_CHECK,261.842,2050.36,,0.0625,0.5,32,1,1,0.5,0.125,33587200,32768,,,,,,,,,,2026-04-18 03:38:17.
0,30/35,1/5,Contraction_l_Ailk_Bljk_Cijk_Dijk,"(256,64,1,16384)",Cijk_Ailk_Bljk_BBS_BH_MT32x32x16_MI16x16x16x1_SN_GSU2_K1_LBSPPA512_LBSPPB512_TT2_32,NO_CHECK,160.921,3336.24,,0.25,1,32,1,1,1,0.25,33554432,98304,,,,,,,,,,2026-04-18 03:38:17.
0,30/35,2/5,Contraction_l_Ailk_Bljk_Cijk_Dijk,"(256,64,1,16384)",Cijk_Ailk_Bljk_BBS_BH_MT32x32x16_MI16x16x16x1_SN_GSU4_K1_LBSPPA512_LBSPPB512_TT2_32,NO_CHECK,96.56,5559.97,,0.375,2,32,1,1,1,0.375,33554432,98304,,,,,,,,,,2026-04-18 03:38:17.
0,30/35,3/5,Contraction_l_Ailk_Bljk_Cijk_Dijk,"(256,64,1,16384)",Cijk_Ailk_Bljk_BBS_BH_MT64x64x16_MI16x16x16x1_SN_GSU1_K1_LBSPPA1024_LBSPPB1024_TT4_64,NO_CHECK,368.962,1455.08,,0.015625,0.125,32,1,1,0.125,0.125,16809984,32768,,,,,,,,,,2026-04-18 03:38:17.
0,30/35,4/5,Contraction_l_Ailk_Bljk_Cijk_Dijk,"(256,64,1,16384)",Cijk_Ailk_Bljk_BBS_BH_MT64x64x16_MI16x16x16x1_SN_GSU2_K1_LBSPPA1024_LBSPPB1024_TT4_64,NO_CHECK,226.241,2373,,0.03125,0.25,32,1,1,0.25,0.125,16777216,98304,,,,,,,,,,2026-04-18 03:38:17.
0,30/35,5/5,Contraction_l_Ailk_Bljk_Cijk_Dijk,"(256,64,1,16384)",Cijk_Ailk_Bljk_BBS_BH_MT64x64x16_MI16x16x16x1_SN_GSU4_K1_LBSPPA1024_LBSPPB1024_TT4_64,NO_CHECK,135.881,3951.04,,0.0625,0.5,32,1,1,0.5,0.125,16777216,98304,,,,,,,,,,2026-04-18 03:38:17.
0,31/35,0/5,Contraction_l_Ailk_Bljk_Cijk_Dijk,"(256,64,1,28672)",Cijk_Ailk_Bljk_BBS_BH_MT32x32x16_MI16x16x16x1_SN_GSU1_K1_LBSPPA512_LBSPPB512_TT2_32,NO_CHECK,434.402,2162.8,,0.0625,0.5,32,1,1,0.5,0.125,58753024,32768,,,,,,,,,,2026-04-18 03:38:17.
0,31/35,1/5,Contraction_l_Ailk_Bljk_Cijk_Dijk,"(256,64,1,28672)",Cijk_Ailk_Bljk_BBS_BH_MT32x32x16_MI16x16x16x1_SN_GSU2_K1_LBSPPA512_LBSPPB512_TT2_32,NO_CHECK,246.521,3811.13,,0.25,1,32,1,1,1,0.25,58720256,98304,,,,,,,,,,2026-04-18 03:38:17.
0,31/35,2/5,Contraction_l_Ailk_Bljk_Cijk_Dijk,"(256,64,1,28672)",Cijk_Ailk_Bljk_BBS_BH_MT32x32x16_MI16x16x16x1_SN_GSU4_K1_LBSPPA512_LBSPPB512_TT2_32,NO_CHECK,142.401,6597.74,,0.375,2,32,1,1,1,0.375,58720256,98304,,,,,,,,,,2026-04-18 03:38:17.
0,31/35,3/5,Contraction_l_Ailk_Bljk_Cijk_Dijk,"(256,64,1,28672)",Cijk_Ailk_Bljk_BBS_BH_MT64x64x16_MI16x16x16x1_SN_GSU1_K1_LBSPPA1024_LBSPPB1024_TT4_64,NO_CHECK,620.763,1513.5,,0.015625,0.125,32,1,1,0.125,0.125,29392896,32768,,,,,,,,,,2026-04-18 03:38:17.
0,31/35,4/5,Contraction_l_Ailk_Bljk_Cijk_Dijk,"(256,64,1,28672)",Cijk_Ailk_Bljk_BBS_BH_MT64x64x16_MI16x16x16x1_SN_GSU2_K1_LBSPPA1024_LBSPPB1024_TT4_64,NO_CHECK,355.282,2644.45,,0.03125,0.25,32,1,1,0.25,0.125,29360128,98304,,,,,,,,,,2026-04-18 03:38:17.
0,31/35,5/5,Contraction_l_Ailk_Bljk_Cijk_Dijk,"(256,64,1,28672)",Cijk_Ailk_Bljk_BBS_BH_MT64x64x16_MI16x16x16x1_SN_GSU4_K1_LBSPPA1024_LBSPPB1024_TT4_64,NO_CHECK,199.362,4712.65,,0.0625,0.5,32,1,1,0.5,0.125,29360128,98304,,,,,,,,,,2026-04-18 03:38:17.
0,32/35,0/5,Contraction_l_Ailk_Bljk_Cijk_Dijk,"(256,256,1,4096)",Cijk_Ailk_Bljk_BBS_BH_MT32x32x16_MI16x16x16x1_SN_GSU1_K1_LBSPPA512_LBSPPB512_TT2_32,NO_CHECK,71.761,7481.37,,0.375,2,32,1,1,1,0.375,33685504,131072,,,,,,,,,,2026-04-18 03:38:17.
0,32/35,1/5,Contraction_l_Ailk_Bljk_Cijk_Dijk,"(256,256,1,4096)",Cijk_Ailk_Bljk_BBS_BH_MT32x32x16_MI16x16x16x1_SN_GSU2_K1_LBSPPA512_LBSPPB512_TT2_32,NO_CHECK,75.081,7150.56,,0.625,4,32,1,1,1,0.625,33554432,393216,,,,,,,,,,2026-04-18 03:38:17.
0,32/35,2/5,Contraction_l_Ailk_Bljk_Cijk_Dijk,"(256,256,1,4096)",Cijk_Ailk_Bljk_BBS_BH_MT32x32x16_MI16x16x16x1_SN_GSU4_K1_LBSPPA512_LBSPPB512_TT2_32,NO_CHECK,64.521,8320.87,,1,8,32,1,1,1,1,33554432,393216,,,,,,,,,,2026-04-18 03:38:17.
0,32/35,3/5,Contraction_l_Ailk_Bljk_Cijk_Dijk,"(256,256,1,4096)",Cijk_Ailk_Bljk_BBS_BH_MT64x64x16_MI16x16x16x1_SN_GSU1_K1_LBSPPA1024_LBSPPB1024_TT4_64,NO_CHECK,100.361,5349.4,,0.0625,0.5,32,1,1,0.5,0.125,16908288,131072,,,,,,,,,,2026-04-18 03:38:17.
0,32/35,4/5,Contraction_l_Ailk_Bljk_Cijk_Dijk,"(256,256,1,4096)",Cijk_Ailk_Bljk_BBS_BH_MT64x64x16_MI16x16x16x1_SN_GSU2_K1_LBSPPA1024_LBSPPB1024_TT4_64,NO_CHECK,94.4,5687.19,,0.25,1,32,1,1,1,0.25,16777216,393216,,,,,,,,,,2026-04-18 03:38:17.
0,32/35,5/5,Contraction_l_Ailk_Bljk_Cijk_Dijk,"(256,256,1,4096)",Cijk_Ailk_Bljk_BBS_BH_MT64x64x16_MI16x16x16x1_SN_GSU4_K1_LBSPPA1024_LBSPPB1024_TT4_64,NO_CHECK,71.96,7460.69,,0.375,2,32,1,1,1,0.375,16777216,393216,,,,,,,,,,2026-04-18 03:38:17.
0,33/35,0/5,Contraction_l_Ailk_Bljk_Cijk_Dijk,"(256,256,1,8192)",Cijk_Ailk_Bljk_BBS_BH_MT32x32x16_MI16x16x16x1_SN_GSU1_K1_LBSPPA512_LBSPPB512_TT2_32,NO_CHECK,141.641,7580.73,,0.375,2,32,1,1,1,0.375,67239936,131072,,,,,,,,,,2026-04-18 03:38:17.
0,33/35,1/5,Contraction_l_Ailk_Bljk_Cijk_Dijk,"(256,256,1,8192)",Cijk_Ailk_Bljk_BBS_BH_MT32x32x16_MI16x16x16x1_SN_GSU2_K1_LBSPPA512_LBSPPB512_TT2_32,NO_CHECK,110.001,9761.2,,0.625,4,32,1,1,1,0.625,67108864,393216,,,,,,,,,,2026-04-18 03:38:17.
0,33/35,2/5,Contraction_l_Ailk_Bljk_Cijk_Dijk,"(256,256,1,8192)",Cijk_Ailk_Bljk_BBS_BH_MT32x32x16_MI16x16x16x1_SN_GSU4_K1_LBSPPA512_LBSPPB512_TT2_32,NO_CHECK,86.761,12375.9,,1,8,32,1,1,1,1,67108864,393216,,,,,,,,,,2026-04-18 03:38:17.
0,33/35,3/5,Contraction_l_Ailk_Bljk_Cijk_Dijk,"(256,256,1,8192)",Cijk_Ailk_Bljk_BBS_BH_MT64x64x16_MI16x16x16x1_SN_GSU1_K1_LBSPPA1024_LBSPPB1024_TT4_64,NO_CHECK,200.761,5348.36,,0.0625,0.5,32,1,1,0.5,0.125,33685504,131072,,,,,,,,,,2026-04-18 03:38:17.
0,33/35,4/5,Contraction_l_Ailk_Bljk_Cijk_Dijk,"(256,256,1,8192)",Cijk_Ailk_Bljk_BBS_BH_MT64x64x16_MI16x16x16x1_SN_GSU2_K1_LBSPPA1024_LBSPPB1024_TT4_64,NO_CHECK,148.761,7217.9,,0.25,1,32,1,1,1,0.25,33554432,393216,,,,,,,,,,2026-04-18 03:38:17.
0,33/35,5/5,Contraction_l_Ailk_Bljk_Cijk_Dijk,"(256,256,1,8192)",Cijk_Ailk_Bljk_BBS_BH_MT64x64x16_MI16x16x16x1_SN_GSU4_K1_LBSPPA1024_LBSPPB1024_TT4_64,NO_CHECK,100.12,10724.5,,0.375,2,32,1,1,1,0.375,33554432,393216,,,,,,,,,,2026-04-18 03:38:17.
0,34/35,0/5,Contraction_l_Ailk_Bljk_Cijk_Dijk,"(256,256,1,16384)",Cijk_Ailk_Bljk_BBS_BH_MT32x32x16_MI16x16x16x1_SN_GSU1_K1_LBSPPA512_LBSPPB512_TT2_32,NO_CHECK,281.802,7620.54,,0.375,2,32,1,1,1,0.375,134348800,131072,,,,,,,,,,2026-04-18 03:38:17.
0,34/35,1/5,Contraction_l_Ailk_Bljk_Cijk_Dijk,"(256,256,1,16384)",Cijk_Ailk_Bljk_BBS_BH_MT32x32x16_MI16x16x16x1_SN_GSU2_K1_LBSPPA512_LBSPPB512_TT2_32,NO_CHECK,180.681,11885.5,,0.625,4,32,1,1,1,0.625,134217728,393216,,,,,,,,,,2026-04-18 03:38:17.
0,34/35,2/5,Contraction_l_Ailk_Bljk_Cijk_Dijk,"(256,256,1,16384)",Cijk_Ailk_Bljk_BBS_BH_MT32x32x16_MI16x16x16x1_SN_GSU4_K1_LBSPPA512_LBSPPB512_TT2_32,NO_CHECK,127.4,16856.2,,1,8,32,1,1,1,1,134217728,393216,,,,,,,,,,2026-04-18 03:38:17.
0,34/35,3/5,Contraction_l_Ailk_Bljk_Cijk_Dijk,"(256,256,1,16384)",Cijk_Ailk_Bljk_BBS_BH_MT64x64x16_MI16x16x16x1_SN_GSU1_K1_LBSPPA1024_LBSPPB1024_TT4_64,NO_CHECK,403.282,5325.02,,0.0625,0.5,32,1,1,0.5,0.125,67239936,131072,,,,,,,,,,2026-04-18 03:38:17.
0,34/35,4/5,Contraction_l_Ailk_Bljk_Cijk_Dijk,"(256,256,1,16384)",Cijk_Ailk_Bljk_BBS_BH_MT64x64x16_MI16x16x16x1_SN_GSU2_K1_LBSPPA1024_LBSPPB1024_TT4_64,NO_CHECK,255.121,8417.51,,0.25,1,32,1,1,1,0.25,67108864,393216,,,,,,,,,,2026-04-18 03:38:17.
0,34/35,5/5,Contraction_l_Ailk_Bljk_Cijk_Dijk,"(256,256,1,16384)",Cijk_Ailk_Bljk_BBS_BH_MT64x64x16_MI16x16x16x1_SN_GSU4_K1_LBSPPA1024_LBSPPB1024_TT4_64,NO_CHECK,152.001,14128.1,,0.375,2,32,1,1,1,0.375,67108864,393216,,,,,,,,,,2026-04-18 03:38:17.
0,35/35,0/5,Contraction_l_Ailk_Bljk_Cijk_Dijk,"(256,256,1,28672)",Cijk_Ailk_Bljk_BBS_BH_MT32x32x16_MI16x16x16x1_SN_GSU1_K1_LBSPPA512_LBSPPB512_TT2_32,NO_CHECK,451.603,8321.68,,0.375,2,32,1,1,1,0.375,235012096,131072,,,,,,,,,,2026-04-18 03:38:17.
0,35/35,1/5,Contraction_l_Ailk_Bljk_Cijk_Dijk,"(256,256,1,28672)",Cijk_Ailk_Bljk_BBS_BH_MT32x32x16_MI16x16x16x1_SN_GSU2_K1_LBSPPA512_LBSPPB512_TT2_32,NO_CHECK,264.162,14226.5,,0.625,4,32,1,1,1,0.625,234881024,393216,,,,,,,,,,2026-04-18 03:38:17.
0,35/35,2/5,Contraction_l_Ailk_Bljk_Cijk_Dijk,"(256,256,1,28672)",Cijk_Ailk_Bljk_BBS_BH_MT32x32x16_MI16x16x16x1_SN_GSU4_K1_LBSPPA512_LBSPPB512_TT2_32,NO_CHECK,177.161,21212.9,,1,8,32,1,1,1,1,234881024,393216,,,,,,,,,,2026-04-18 03:38:17.
0,35/35,3/5,Contraction_l_Ailk_Bljk_Cijk_Dijk,"(256,256,1,28672)",Cijk_Ailk_Bljk_BBS_BH_MT64x64x16_MI16x16x16x1_SN_GSU1_K1_LBSPPA1024_LBSPPB1024_TT4_64,NO_CHECK,643.083,5843.87,,0.0625,0.5,32,1,1,0.5,0.125,117571584,131072,,,,,,,,,,2026-04-18 03:38:17.
0,35/35,4/5,Contraction_l_Ailk_Bljk_Cijk_Dijk,"(256,256,1,28672)",Cijk_Ailk_Bljk_BBS_BH_MT64x64x16_MI16x16x16x1_SN_GSU2_K1_LBSPPA1024_LBSPPB1024_TT4_64,NO_CHECK,377.082,9966.26,,0.25,1,32,1,1,1,0.25,117440512,393216,,,,,,,,,,2026-04-18 03:38:17.
0,35/35,5/5,Contraction_l_Ailk_Bljk_Cijk_Dijk,"(256,256,1,28672)",Cijk_Ailk_Bljk_BBS_BH_MT64x64x16_MI16x16x16x1_SN_GSU4_K1_LBSPPA1024_LBSPPB1024_TT4_64,NO_CHECK,215.721,17421.1,,0.375,2,32,1,1,1,0.375,117440512,393216,,,,,,,,,,2026-04-18 03:38:17.
+ [[ 0 -ne 0 ]]
+ exit 0
################################################################################
# Cijk_Ailk_Bljk_BBS_BH_00
# 00_Final: End - 21.309s
################################################################################

clientExit=0 (PASS) for ['/home/iamthecage/rocm-libraries/shared/tensile/next-tuning/gfx1201-wide-v2/bf16gemm_wmma_gsu_nn.yaml']

# LibraryLogic config: {'ScheduleName': 'navi48', 'DeviceNames': ['Device 7550'], 'ArchitectureName': 'gfx1201'}
# DefaultAnalysisParameters: 

################################################################################
# Analysing data in 2_BenchmarkData - 21.310s
#   ScheduleName: navi48
#   DeviceNames: ['Device 7550']
#   ArchitectureName: gfx1201
#   SolutionImportanceMin: 0.01
################################################################################

################################################################################
# Analyzing: Cijk_Ailk_Bljk_BBS_BH
# Read: /home/iamthecage/out-v2/bf16gemm_wmma_gsu_nn/2_BenchmarkData/Cijk_Ailk_Bljk_BBS_BH_00.yaml
# ProblemSizes: ProblemSizes

# Solutions:
#  (0) Cijk_Ailk_Bljk_BBS_BH_MT32x32x16_MI16x16x16x1_SN_GSU1_K1_LBSPPA512_LBSPPB512_TT2_32
#  (1) Cijk_Ailk_Bljk_BBS_BH_MT32x32x16_MI16x16x16x1_SN_GSU2_K1_LBSPPA512_LBSPPB512_TT2_32
#  (2) Cijk_Ailk_Bljk_BBS_BH_MT32x32x16_MI16x16x16x1_SN_GSU4_K1_LBSPPA512_LBSPPB512_TT2_32
#  (3) Cijk_Ailk_Bljk_BBS_BH_MT64x64x16_MI16x16x16x1_SN_GSU1_K1_LBSPPA1024_LBSPPB1024_TT4_64
#  (4) Cijk_Ailk_Bljk_BBS_BH_MT64x64x16_MI16x16x16x1_SN_GSU2_K1_LBSPPA1024_LBSPPB1024_TT4_64
#  (5) Cijk_Ailk_Bljk_BBS_BH_MT64x64x16_MI16x16x16x1_SN_GSU4_K1_LBSPPA1024_LBSPPB1024_TT4_64
################################################################################
# Merging Solutions:
                                                    # LogicAnalyzer .....                          16.7%                                                    # LogicAnalyzer ..........                     33.3%                                                    # LogicAnalyzer ...............                50.0%                                                    # LogicAnalyzer ....................           66.7%                                                    # LogicAnalyzer .........................      83.3%                                                     # LogicAnalyzer .............................. 100.0%UnifiedProblemSizes: [[], [], [], [], [], [], [], []]
ExactProblemSizes: {(256, 256, 1, 4096, 256, 256, 256, 4096), (64, 64, 1, 16384, 64, 64, 64, 16384), (16, 64, 1, 4096, 16, 16, 16, 4096), (256, 64, 1, 
16384, 256, 256, 256, 16384), (256, 64, 1, 28672, 256, 256, 256, 28672), (256, 256, 1, 8192, 256, 256, 256, 8192), (256, 64, 1, 4096, 256, 256, 256, 
4096), (256, 16, 1, 8192, 256, 256, 256, 8192), (256, 64, 1, 8192, 256, 256, 256, 8192), (16, 64, 1, 28672, 16, 16, 16, 28672), (64, 64, 1, 28672, 64, 
64, 64, 28672), (16, 64, 1, 16384, 16, 16, 16, 16384), (64, 256, 1, 16384, 64, 64, 64, 16384), (256, 16, 1, 4096, 256, 256, 256, 4096), (64, 16, 1, 8192,
64, 64, 64, 8192), (16, 64, 1, 8192, 16, 16, 16, 8192), (64, 16, 1, 4096, 64, 64, 64, 4096), (16, 256, 1, 16384, 16, 16, 16, 16384), (16, 16, 1, 4096, 
16, 16, 16, 4096), (16, 256, 1, 8192, 16, 16, 16, 8192), (16, 256, 1, 28672, 16, 16, 16, 28672), (64, 64, 1, 8192, 64, 64, 64, 8192), (64, 256, 1, 4096, 
64, 64, 64, 4096), (64, 256, 1, 8192, 64, 64, 64, 8192), (256, 16, 1, 28672, 256, 256, 256, 28672), (256, 16, 1, 16384, 256, 256, 256, 16384), (16, 16, 
1, 16384, 16, 16, 16, 16384), (16, 256, 1, 4096, 16, 16, 16, 4096), (256, 256, 1, 16384, 256, 256, 256, 16384), (64, 256, 1, 28672, 64, 64, 64, 28672), 
(64, 64, 1, 4096, 64, 64, 64, 4096), (256, 256, 1, 28672, 256, 256, 256, 28672), (16, 16, 1, 28672, 16, 16, 16, 28672), (64, 16, 1, 16384, 64, 64, 64, 
16384), (64, 16, 1, 28672, 64, 64, 64, 28672), (16, 16, 1, 8192, 16, 16, 16, 8192)}
RangeProblemSizes: {(256, 256, 1, 4096, 256, 256, 256, 4096), (64, 64, 1, 16384, 64, 64, 64, 16384), (16, 64, 1, 4096, 16, 16, 16, 4096), (256, 64, 1, 
16384, 256, 256, 256, 16384), (256, 64, 1, 28672, 256, 256, 256, 28672), (256, 256, 1, 8192, 256, 256, 256, 8192), (256, 64, 1, 4096, 256, 256, 256, 
4096), (256, 16, 1, 8192, 256, 256, 256, 8192), (256, 64, 1, 8192, 256, 256, 256, 8192), (16, 64, 1, 28672, 16, 16, 16, 28672), (64, 64, 1, 28672, 64, 
64, 64, 28672), (16, 64, 1, 16384, 16, 16, 16, 16384), (64, 256, 1, 16384, 64, 64, 64, 16384), (256, 16, 1, 4096, 256, 256, 256, 4096), (64, 16, 1, 8192,
64, 64, 64, 8192), (16, 64, 1, 8192, 16, 16, 16, 8192), (64, 16, 1, 4096, 64, 64, 64, 4096), (16, 256, 1, 16384, 16, 16, 16, 16384), (16, 16, 1, 4096, 
16, 16, 16, 4096), (16, 256, 1, 8192, 16, 16, 16, 8192), (16, 256, 1, 28672, 16, 16, 16, 28672), (64, 64, 1, 8192, 64, 64, 64, 8192), (64, 256, 1, 4096, 
64, 64, 64, 4096), (64, 256, 1, 8192, 64, 64, 64, 8192), (256, 16, 1, 28672, 256, 256, 256, 28672), (256, 16, 1, 16384, 256, 256, 256, 16384), (16, 16, 
1, 16384, 16, 16, 16, 16384), (16, 256, 1, 4096, 16, 16, 16, 4096), (256, 256, 1, 16384, 256, 256, 256, 16384), (64, 256, 1, 28672, 64, 64, 64, 28672), 
(64, 64, 1, 4096, 64, 64, 64, 4096), (256, 256, 1, 28672, 256, 256, 256, 28672), (16, 16, 1, 28672, 16, 16, 16, 28672), (64, 16, 1, 16384, 64, 64, 64, 
16384), (64, 16, 1, 28672, 64, 64, 64, 28672), (16, 16, 1, 8192, 16, 16, 16, 8192)}
# NumProblemSizes: [0, 0, 0, 0, 0, 0, 0, 0]
TotalProblems: 0
TotalSolutions: 6
TotalSize: 0
IndexOrder: [2, 3, 0, 1]
reading datafile /home/iamthecage/out-v2/bf16gemm_wmma_gsu_nn/2_BenchmarkData/Cijk_Ailk_Bljk_BBS_BH_00.csv
# ExactWinners: {(16, 16, 1, 4096, 16, 16, 16, 4096): [2, 36.6123], (16, 16, 1, 8192, 16, 16, 16, 8192): [2, 60.7861], (16, 16, 1, 16384, 16, 16, 16, 
16384): [2, 81.7914], (16, 16, 1, 28672, 16, 16, 16, 28672): [2, 98.2864], (16, 64, 1, 4096, 16, 16, 16, 4096): [2, 164.093], (16, 64, 1, 8192, 16, 16, 
16, 8192): [2, 243.145], (16, 64, 1, 16384, 16, 16, 16, 16384): [2, 306.263], (16, 64, 1, 28672, 16, 16, 16, 28672): [2, 370.8], (16, 256, 1, 4096, 16, 
16, 16, 4096): [2, 653.306], (16, 256, 1, 8192, 16, 16, 16, 8192): [2, 958.698], (16, 256, 1, 16384, 16, 16, 16, 16384): [2, 1305.11], (16, 256, 1, 
28672, 16, 16, 16, 28672): [2, 1634.75], (64, 16, 1, 4096, 64, 64, 64, 4096): [2, 179.701], (64, 16, 1, 8192, 64, 64, 64, 8192): [2, 265.626], (64, 16, 
1, 16384, 64, 64, 64, 16384): [2, 353.502], (64, 16, 1, 28672, 64, 64, 64, 28672): [2, 426.743], (64, 64, 1, 4096, 64, 64, 64, 4096): [2, 650.784], (64, 
64, 1, 8192, 64, 64, 64, 8192): [2, 1051.19], (64, 64, 1, 16384, 64, 64, 64, 16384): [2, 1407.47], (64, 64, 1, 28672, 64, 64, 64, 28672): [2, 1693.68], 
(64, 256, 1, 4096, 64, 64, 64, 4096): [2, 2784.6], (64, 256, 1, 8192, 64, 64, 64, 8192): [2, 4045.14], (64, 256, 1, 16384, 64, 64, 64, 16384): [2, 
5253.09], (64, 256, 1, 28672, 64, 64, 64, 28672): [2, 5723.19], (256, 16, 1, 4096, 256, 256, 256, 4096): [2, 725.642], (256, 16, 1, 8192, 256, 256, 256, 
8192): [2, 1104.49], (256, 16, 1, 16384, 256, 256, 256, 16384): [2, 1478.82], (256, 16, 1, 28672, 256, 256, 256, 28672): [2, 1711.96], (256, 64, 1, 4096,
256, 256, 256, 4096): [2, 2812.61], (256, 64, 1, 8192, 256, 256, 256, 8192): [2, 4258.11], (256, 64, 1, 16384, 256, 256, 256, 16384): [2, 5559.97], (256,
64, 1, 28672, 256, 256, 256, 28672): [2, 6597.74], (256, 256, 1, 4096, 256, 256, 256, 4096): [2, 8320.87], (256, 256, 1, 8192, 256, 256, 256, 8192): [2, 
12375.9], (256, 256, 1, 16384, 256, 256, 256, 16384): [2, 16856.2], (256, 256, 1, 28672, 256, 256, 256, 28672): [2, 21212.9]}
problemIndicesForGlobalRange []
Winners {2}
After Removals:

( 0) Cijk_Ailk_Bljk_BBS_BH_MT32x32x16_MI16x16x16x1_SN_GSU4_K1_LBSPPA512_LBSPPB512_TT2_32 : 
Cijk_Ailk_Bljk_BBS_BH_MT32x32x16_MI16x16x16x1_SN_1LDSB0_APM1_AAIGTEn1_AAILTEn1_AAV0_ABV0_ACED0_AF0EM1_AF1EM1_AMAS0_ASE_ASGT_ASLT_ASM_ASAE01_ASBE01_ASCE01
_ASDE01_ASEM1_AAC0_BL1_BS1_CUM0_CDO0_CTDA0_CLR0_DSK0_DRA0_DU16_DULD1_DTLA0_DTLB0_DTVA0_DTVB0_DAF0_DKP0_DVO0_ETSP_EPS0_ELFLR0_EMLL0_FSSC10_F16AI0_F16AIR0_
FL0_GLVWA4_GLVWB4_GR2A1_GR2B1_GRCGA1_GRCGB1_GRCVA1_GRCVB1_GRPM1_GRVW4_GSU4_GSUASB_GSUAA0_GSUSARR1_GSUWGMRR0_GLS0_ISA1201_IU1_IA0_KLA_LEL0_LBSPPA512_LBSPP
B512_LPA16_LPB16_LDL1_LR2A1_LR2B1_LRVW8_LW2A1_LW2B1_LWPMn1_LDW0_LT1_FMA_MIAV1_MTSM64_MTSM1_MDA2_MI16_16_16_1_MO40_MVN256_MMFSC_MKFGSU256_MVN0_NR0_NTA0_NT
B0_NTC0_NTD0_NEPBS0_NLCA1_NLCB1_ONLL0_OPLV0_PBD0_PFD1_PG2_PSD0_PSLn1_PWCn1_PWLn1_PK0_PKAB0_PAP0_PAPM0_PGR0_PLR0_PKA0_RK0_SGR0_SIA0_SLW0_SS0_SU32_SUM0_SUS
256_SCIU0_SCIUE0_SCIUI1_SCIUPL0_SPO0_SRVW0_SSO0_SVW4_SK0_SKA0_SKXCCM0_SNLL0_TSGRA0_TSGRB0_TT2_32_TLDS0_UIIDU0_UMLDSA0_UMLDSB0_UMF0_U64SL1_UIOFGRO0_USFGRO
n1_VAW1_VSn1_VW1_VWB1_VFLRP0_WSGRA1_WSGRB1_WS32_WG16_2_1_WGM8_WGMTB
[] enRule([[0, 0], [0, 0], [0, 0], [0, 0], [0, 0], [0, 0], [0, 0], [0, 0]])
[] MultiProblem & NotLastIndex
> UserWarning: [] MultiProblem & NotLastIndex :: nextRule==None; returning
# Final Range Logic:
None
# Range Logic Complexity: [0, 0, 0, 0, 0, 0, 0, 0]

# Score: 0 ms
# Exact Logic:

{(16, 16, 1, 4096, 16, 16, 16, 4096): [0, 36.6123], (16, 16, 1, 8192, 16, 16, 16, 8192): [0, 60.7861], (16, 16, 1, 16384, 16, 16, 16, 16384): [0, 
81.7914], (16, 16, 1, 28672, 16, 16, 16, 28672): [0, 98.2864], (16, 64, 1, 4096, 16, 16, 16, 4096): [0, 164.093], (16, 64, 1, 8192, 16, 16, 16, 8192): 
[0, 243.145], (16, 64, 1, 16384, 16, 16, 16, 16384): [0, 306.263], (16, 64, 1, 28672, 16, 16, 16, 28672): [0, 370.8], (16, 256, 1, 4096, 16, 16, 16, 
4096): [0, 653.306], (16, 256, 1, 8192, 16, 16, 16, 8192): [0, 958.698], (16, 256, 1, 16384, 16, 16, 16, 16384): [0, 1305.11], (16, 256, 1, 28672, 16, 
16, 16, 28672): [0, 1634.75], (64, 16, 1, 4096, 64, 64, 64, 4096): [0, 179.701], (64, 16, 1, 8192, 64, 64, 64, 8192): [0, 265.626], (64, 16, 1, 16384, 
64, 64, 64, 16384): [0, 353.502], (64, 16, 1, 28672, 64, 64, 64, 28672): [0, 426.743], (64, 64, 1, 4096, 64, 64, 64, 4096): [0, 650.784], (64, 64, 1, 
8192, 64, 64, 64, 8192): [0, 1051.19], (64, 64, 1, 16384, 64, 64, 64, 16384): [0, 1407.47], (64, 64, 1, 28672, 64, 64, 64, 28672): [0, 1693.68], (64, 
256, 1, 4096, 64, 64, 64, 4096): [0, 2784.6], (64, 256, 1, 8192, 64, 64, 64, 8192): [0, 4045.14], (64, 256, 1, 16384, 64, 64, 64, 16384): [0, 5253.09], 
(64, 256, 1, 28672, 64, 64, 64, 28672): [0, 5723.19], (256, 16, 1, 4096, 256, 256, 256, 4096): [0, 725.642], (256, 16, 1, 8192, 256, 256, 256, 8192): [0,
1104.49], (256, 16, 1, 16384, 256, 256, 256, 16384): [0, 1478.82], (256, 16, 1, 28672, 256, 256, 256, 28672): [0, 1711.96], (256, 64, 1, 4096, 256, 256, 
256, 4096): [0, 2812.61], (256, 64, 1, 8192, 256, 256, 256, 8192): [0, 4258.11], (256, 64, 1, 16384, 256, 256, 256, 16384): [0, 5559.97], (256, 64, 1, 
28672, 256, 256, 256, 28672): [0, 6597.74], (256, 256, 1, 4096, 256, 256, 256, 4096): [0, 8320.87], (256, 256, 1, 8192, 256, 256, 256, 8192): [0, 
12375.9], (256, 256, 1, 16384, 256, 256, 256, 16384): [0, 16856.2], (256, 256, 1, 28672, 256, 256, 256, 28672): [0, 21212.9]}
# writing library logic YAML /home/iamthecage/out-v2/bf16gemm_wmma_gsu_nn/3_LibraryLogic/navi48_Cijk_Ailk_Bljk_BBS_BH.yaml
################################################################################
# Finish Analysing data to /home/iamthecage/out-v2/bf16gemm_wmma_gsu_nn in 21.467s
################################################################################


