
################################################################################
#
#  Tensile v4.47.0
#  Config: /home/iamthecage/rocm-libraries/shared/tensile/next-tuning/gfx1201-wide-v2/f8_to_f8_wmma_gb_fixed_nt.yaml
#  Date & Time: 18/04/2026 22:26:32
#
################################################################################

# Restoring default globalParameters
# Found HIP version: 7.2.53211-e1a6bc5663
# Detected GPU 0:    gfx1201
> UserWarning: HardwareMonitor currently disabled for gfx942, gfx950, gfx1100, gfx1101, gfx1102, gfx1103, gfx1150, gfx1151, gfx1152, gfx1153, gfx1200, gfx1201
# Command-line override: CurrentISA
# Command-line override: PrintLevel

Overriding CurrentISA=(12, 0, 1)
Overriding PrintLevel=3
Overriding CxxCompiler=amdclang++
Overriding PrebuiltClient=/home/iamthecage/rocm-libraries/shared/tensile/next-cmake/build/tensile-client
ProblemTypeConfig: {'OperationType': 'GEMM', 'DataType': 'f8', 'ComputeDataType': 's', 'DestDataType': 'f8', 'HighPrecisionAccumulate': True, 'TransposeA': False, 
'TransposeB': True, 'UseBeta': True, 'Batched': True, 'StridedBatched': False}

################################################################################
# Converting Config to BenchmarkProcess Object
################################################################################

# BenchmarkProcess beginning Cijk_Ailk_Bjlk_F8F8S_BH_GB

####################################################################
# Filling in Parameters With Defaults
####################################################################

Single Value Parameters:
    1LDSBuffer: 0
    AggressivePerfMode: 1
    AssertAIGreaterThanEqual: -1
    AssertAILessThanEqual: -1
    AssertAlphaValue: False
    AssertBetaValue: False
    AssertCEqualsD: False
    AssertFree0ElementMultiple: 1
    AssertFree1ElementMultiple: 1
    AssertMinApproxSize: -1
    AssertSizeEqual: {}
    AssertSizeGreaterThan: {}
    AssertSizeLessThan: {}
    AssertSizeMultiple: {}
    AssertStrideAEqual: {}
    AssertStrideBEqual: {}
    AssertStrideCEqual: {}
    AssertStrideDEqual: {}
    AssertSummationElementMultiple: 1
    AtomicAddC: False
    BufferLoad: True
    BufferStore: True
    CUMode: False
    CheckDimOverflow: 0
    CheckTensorDimAsserts: False
    ClusterLocalRead: False
    CustomKernelName: 
    DebugStreamK: 0
    DepthULdsDivisor: 1
    DirectToLdsA: False
    DirectToLdsB: False
    DirectToVgprA: False
    DirectToVgprB: False
    DisableAtomicFail: 0
    DisableKernelPieces: 0
    DisableVgprOverlapping: False
    EdgeType: ShiftPtr
    ExpandPointerSwap: True
    ExtraLatencyForLR: 0
    ExtraMiLatencyLeft: 0
    ForceStoreSC1: Auto
    Fp16AltImpl: False
    Fp16AltImplRound: False
    FractionalLoad: 0
    GlobalLoadVectorWidthA: -1
    GlobalLoadVectorWidthB: -1
    GlobalRead2A: True
    GlobalRead2B: True
    GlobalReadCoalesceGroupA: True
    GlobalReadCoalesceGroupB: True
    GlobalReadCoalesceVectorA: True
    GlobalReadCoalesceVectorB: True
    GlobalReadPerMfma: 1
    GlobalSplitU: 1
    GlobalSplitUAlgorithm: SingleBuffer
    GlobalSplitUAtomicAdd: False
    GlobalSplitUSummationAssignmentRoundRobin: True
    GlobalSplitUWorkGroupMappingRoundRobin: False
    GroupLoadStore: False
    InnerUnroll: 1
    InterleaveAlpha: 0
    KernelLanguage: Assembly
    LdcEqualsLdd: False
    LdsBlockSizePerPadA: -1
    LdsBlockSizePerPadB: -1
    LdsPadA: -1
    LdsPadB: -1
    LocalDotLayout: 1
    LocalRead2A: True
    LocalRead2B: True
    LocalReadVectorWidth: -1
    LocalWrite2A: True
    LocalWrite2B: True
    LocalWritePerMfma: -1
    LoopDoWhile: False
    LoopTail: True
    MACInstruction: FMA
    MIArchVgpr: True
    MacroTileShapeMax: 64
    MacroTileShapeMin: 1
    MagicDivAlg: 2
    MatrixInstruction: [16, 16, 16, 1, 1, 4, 4, 1, 1]
    MaxOccupancy: 40
    MaxVgprNumber: 256
    MemoryModifierFormat: 
    MinKForGSU: 256
    MinVgprNumber: 0
    NoReject: False
    NonTemporalA: 0
    NonTemporalB: 0
    NonTemporalC: 0
    NonTemporalD: 0
    NumElementsPerBatchStore: 0
    NumLoadsCoalescedA: 1
    NumLoadsCoalescedB: 1
    OptNoLoadLoop: 0
    OptPreLoopVmcnt: True
    PackBatchDims: 0
    PackFreeDims: 1
    PackGranularity: 2
    PackSummationDims: 0
    PerformanceSyncLocation: -1
    PerformanceWaitCount: -1
    PerformanceWaitLocation: -1
    PersistentKernel: 0
    PersistentKernelAlongBatch: False
    PrefetchAcrossPersistent: 0
    PrefetchAcrossPersistentMode: 0
    PrefetchGlobalRead: 0
    PrefetchLocalRead: 0
    PreloadKernelArguments: 0
    ReplacementKernel: False
    ScheduleGlobalRead: 0
    ScheduleIterAlg: 0
    ScheduleLocalWrite: 0
    StaggerU: 32
    StaggerUMapping: 0
    StaggerUStride: 256
    StoreCInUnroll: False
    StoreCInUnrollExact: False
    StoreCInUnrollInterval: 1
    StoreCInUnrollPostLoop: False
    StorePriorityOpt: False
    StoreRemapVectorWidth: 0
    StoreSyncOpt: 0
    StoreVectorWidth: -1
    StreamK: 0
    StreamKAtomic: 0
    StreamKXCCMapping: 0
    SuppressNoLoadLoop: False
    ThreadSeparateGlobalReadA: 0
    ThreadSeparateGlobalReadB: 0
    ThreadTile: [4, 4]
    TransposeLDS: 0
    UnrollIncIsDepthU: 0
    UnrollMajorLDSA: False
    UnrollMajorLDSB: False
    UnrollMemFence: False
    Use64bShadowLimit: 1
    UseInstOffsetForGRO: 0
    UseSgprForGRO: -1
    VectorAtomicWidth: -1
    VectorStore: -1
    VectorWidth: 1
    VectorWidthB: -1
    VgprForLocalReadPacking: False
    WavefrontSize: 32
    WorkGroup: [32, 1, 1]
    WorkGroupMapping: 8
    WorkGroupMappingType: B
Multi-Value Parameters:
    DepthU: [16, 32]
    GlobalReadVectorWidth: [4, 8, 16]
    SourceSwap: [0, 1]
    WaveSeparateGlobalReadA: [0, 1]
    WaveSeparateGlobalReadB: [0, 1]

####################################################################
# Convert Parameters to Benchmark Step(s)
####################################################################


####################################################################
# Benchmark Final
# Creating BenchmarkStep: 5 fork params and 45 sizes
# NumBenchmarkSteps: 1

################################################################################
# Done Creating BenchmarkProcess Object
################################################################################


################################################################################
# Benchmark Step: Cijk_Ailk_Bjlk_F8F8S_BH_GB_00 - 00_Final 10.978s
# Num Sizes: 45
# Fork Parameters:
#     DepthU: [16, 32]
#     GlobalReadVectorWidth: [4, 8, 16]
#     SourceSwap: [0, 1]
#     WaveSeparateGlobalReadA: [0, 1]
#     WaveSeparateGlobalReadB: [0, 1]
# Enumerating Solutions
# Actual Solutions: 48 / 48 after SolutionStructs

#    (0:0) 
Cijk_Ailk_Bjlk_F8F8S_BH_GB_MT64x64x16_MI16x16x16x1_SN_1LDSB0_APM1_AAIGTEn1_AAILTEn1_AAV0_ABV0_ACED0_AF0EM1_AF1EM1_AMAS0_ASE_ASGT_ASLT_ASM_ASAE01_ASBE01_ASCE01_ASDE01_ASEM1_
AAC0_BL1_BS1_CUM0_CDO0_CTDA0_CLR0_DSK0_DRA0_DU16_DULD1_DTLA0_DTLB0_DTVA0_DTVB0_DAF0_DKP0_DVO0_ETSP_EPS0_ELFLR0_EMLL0_FSSC10_F16AI0_F16AIR0_FL0_GLVWA4_GLVWB4_GR2A1_GR2B1_GRC
GA1_GRCGB1_GRCVA1_GRCVB1_GRPM1_GRVW4_GSU1_GSUASB_GSUAA0_GSUSARR1_GSUWGMRR0_GLS0_ISA1201_IU1_IA0_KLA_LEL0_LBSPPA512_LBSPPB512_LPA16_LPB16_LDL1_LR2A1_LR2B1_LRVW8_LW2A1_LW2B1_
LWPMn1_LDW0_LT1_FMA_MIAV1_MTSM64_MTSM1_MDA2_MI16_16_16_1_MO40_MVN256_MMFSC_MKFGSU256_MVN0_NR0_NTA0_NTB0_NTC0_NTD0_NEPBS0_NLCA1_NLCB1_ONLL0_OPLV0_PBD0_PFD1_PG2_PSD0_PSLn1_PW
Cn1_PWLn1_PK0_PKAB0_PAP0_PAPM0_PGR0_PLR0_PKA0_RK0_SGR0_SIA0_SLW0_SS0_SU32_SUM0_SUS256_SCIU0_SCIUE0_SCIUI1_SCIUPL0_SPO0_SRVW0_SSO0_SVW4_SK0_SKA0_SKXCCM0_SNLL0_TSGRA0_TSGRB0_
TT4_64_TLDS0_UIIDU0_UMLDSA0_UMLDSB0_UMF0_U64SL1_UIOFGRO0_USFGROn1_VAW1_VSn1_VW1_VWB1_VFLRP0_WSGRA0_WSGRB0_WS32_WG16_2_1_WGM8_WGMTB
#    (0:0) 
Cijk_Ailk_Bjlk_F8F8S_BH_GB_MT64x64x16_MI16x16x16x1_SN_1LDSB0_APM1_AAIGTEn1_AAILTEn1_AAV0_ABV0_ACED0_AF0EM1_AF1EM1_AMAS0_ASE_ASGT_ASLT_ASM_ASAE01_ASBE01_ASCE01_ASDE01_ASEM1_
AAC0_BL1_BS1_CUM0_CDO0_CTDA0_CLR0_DSK0_DRA0_DU16_DULD1_DTLA0_DTLB0_DTVA0_DTVB0_DAF0_DKP0_DVO0_ETSP_EPS0_ELFLR0_EMLL0_FSSC10_F16AI0_F16AIR0_FL0_GLVWA8_GLVWB8_GR2A1_GR2B1_GRC
GA1_GRCGB1_GRCVA1_GRCVB1_GRPM1_GRVW8_GSU1_GSUASB_GSUAA0_GSUSARR1_GSUWGMRR0_GLS0_ISA1201_IU1_IA0_KLA_LEL0_LBSPPA512_LBSPPB512_LPA16_LPB16_LDL1_LR2A1_LR2B1_LRVW8_LW2A1_LW2B1_
LWPMn1_LDW0_LT1_FMA_MIAV1_MTSM64_MTSM1_MDA2_MI16_16_16_1_MO40_MVN256_MMFSC_MKFGSU256_MVN0_NR0_NTA0_NTB0_NTC0_NTD0_NEPBS0_NLCA1_NLCB1_ONLL0_OPLV0_PBD0_PFD1_PG2_PSD0_PSLn1_PW
Cn1_PWLn1_PK0_PKAB0_PAP0_PAPM0_PGR0_PLR0_PKA0_RK0_SGR0_SIA0_SLW0_SS0_SU32_SUM0_SUS256_SCIU0_SCIUE0_SCIUI1_SCIUPL0_SPO0_SRVW0_SSO0_SVW4_SK0_SKA0_SKXCCM0_SNLL0_TSGRA0_TSGRB0_
TT4_64_TLDS0_UIIDU0_UMLDSA0_UMLDSB0_UMF0_U64SL1_UIOFGRO0_USFGROn1_VAW1_VSn1_VW1_VWB1_VFLRP0_WSGRA0_WSGRB0_WS32_WG16_2_1_WGM8_WGMTB
#    (0:0) 
Cijk_Ailk_Bjlk_F8F8S_BH_GB_MT64x64x16_MI16x16x16x1_SN_1LDSB0_APM1_AAIGTEn1_AAILTEn1_AAV0_ABV0_ACED0_AF0EM1_AF1EM1_AMAS0_ASE_ASGT_ASLT_ASM_ASAE01_ASBE01_ASCE01_ASDE01_ASEM1_
AAC0_BL1_BS1_CUM0_CDO0_CTDA0_CLR0_DSK0_DRA0_DU16_DULD1_DTLA0_DTLB0_DTVA0_DTVB0_DAF0_DKP0_DVO0_ETSP_EPS0_ELFLR0_EMLL0_FSSC10_F16AI0_F16AIR0_FL0_GLVWA16_GLVWB16_GR2A1_GR2B1_G
RCGA1_GRCGB1_GRCVA1_GRCVB1_GRPM1_GRVW16_GSU1_GSUASB_GSUAA0_GSUSARR1_GSUWGMRR0_GLS0_ISA1201_IU1_IA0_KLA_LEL0_LBSPPA512_LBSPPB512_LPA16_LPB16_LDL1_LR2A1_LR2B1_LRVW8_LW2A1_LW2
B1_LWPMn1_LDW0_LT1_FMA_MIAV1_MTSM64_MTSM1_MDA2_MI16_16_16_1_MO40_MVN256_MMFSC_MKFGSU256_MVN0_NR0_NTA0_NTB0_NTC0_NTD0_NEPBS0_NLCA1_NLCB1_ONLL0_OPLV0_PBD0_PFD1_PG2_PSD0_PSLn1
_PWCn1_PWLn1_PK0_PKAB0_PAP0_PAPM0_PGR0_PLR0_PKA0_RK0_SGR0_SIA0_SLW0_SS0_SU32_SUM0_SUS256_SCIU0_SCIUE0_SCIUI1_SCIUPL0_SPO0_SRVW0_SSO0_SVW4_SK0_SKA0_SKXCCM0_SNLL0_TSGRA0_TSGR
B0_TT4_64_TLDS0_UIIDU0_UMLDSA0_UMLDSB0_UMF0_U64SL1_UIOFGRO0_USFGROn1_VAW1_VSn1_VW1_VWB1_VFLRP0_WSGRA0_WSGRB0_WS32_WG16_2_1_WGM8_WGMTB
#    (0:0) 
Cijk_Ailk_Bjlk_F8F8S_BH_GB_MT64x64x16_MI16x16x16x1_SN_1LDSB0_APM1_AAIGTEn1_AAILTEn1_AAV0_ABV0_ACED0_AF0EM1_AF1EM1_AMAS0_ASE_ASGT_ASLT_ASM_ASAE01_ASBE01_ASCE01_ASDE01_ASEM1_
AAC0_BL1_BS1_CUM0_CDO0_CTDA0_CLR0_DSK0_DRA0_DU16_DULD1_DTLA0_DTLB0_DTVA0_DTVB0_DAF0_DKP0_DVO0_ETSP_EPS0_ELFLR0_EMLL0_FSSC10_F16AI0_F16AIR0_FL0_GLVWA4_GLVWB4_GR2A1_GR2B1_GRC
GA1_GRCGB1_GRCVA1_GRCVB1_GRPM1_GRVW4_GSU1_GSUASB_GSUAA0_GSUSARR1_GSUWGMRR0_GLS0_ISA1201_IU1_IA0_KLA_LEL0_LBSPPA512_LBSPPB512_LPA16_LPB16_LDL1_LR2A1_LR2B1_LRVW8_LW2A1_LW2B1_
LWPMn1_LDW0_LT1_FMA_MIAV1_MTSM64_MTSM1_MDA2_MI16_16_16_1_MO40_MVN256_MMFSC_MKFGSU256_MVN0_NR0_NTA0_NTB0_NTC0_NTD0_NEPBS0_NLCA1_NLCB1_ONLL0_OPLV0_PBD0_PFD1_PG2_PSD0_PSLn1_PW
Cn1_PWLn1_PK0_PKAB0_PAP0_PAPM0_PGR0_PLR0_PKA0_RK0_SGR0_SIA0_SLW0_SS0_SU32_SUM0_SUS256_SCIU0_SCIUE0_SCIUI1_SCIUPL0_SPO0_SRVW0_SSO0_SVW4_SK0_SKA0_SKXCCM0_SNLL0_TSGRA0_TSGRB0_
TT4_64_TLDS0_UIIDU0_UMLDSA0_UMLDSB0_UMF0_U64SL1_UIOFGRO0_USFGROn1_VAW1_VSn1_VW1_VWB1_VFLRP0_WSGRA1_WSGRB0_WS32_WG16_2_1_WGM8_WGMTB
#    (0:0) 
Cijk_Ailk_Bjlk_F8F8S_BH_GB_MT64x64x16_MI16x16x16x1_SN_1LDSB0_APM1_AAIGTEn1_AAILTEn1_AAV0_ABV0_ACED0_AF0EM1_AF1EM1_AMAS0_ASE_ASGT_ASLT_ASM_ASAE01_ASBE01_ASCE01_ASDE01_ASEM1_
AAC0_BL1_BS1_CUM0_CDO0_CTDA0_CLR0_DSK0_DRA0_DU16_DULD1_DTLA0_DTLB0_DTVA0_DTVB0_DAF0_DKP0_DVO0_ETSP_EPS0_ELFLR0_EMLL0_FSSC10_F16AI0_F16AIR0_FL0_GLVWA8_GLVWB8_GR2A1_GR2B1_GRC
GA1_GRCGB1_GRCVA1_GRCVB1_GRPM1_GRVW8_GSU1_GSUASB_GSUAA0_GSUSARR1_GSUWGMRR0_GLS0_ISA1201_IU1_IA0_KLA_LEL0_LBSPPA512_LBSPPB512_LPA16_LPB16_LDL1_LR2A1_LR2B1_LRVW8_LW2A1_LW2B1_
LWPMn1_LDW0_LT1_FMA_MIAV1_MTSM64_MTSM1_MDA2_MI16_16_16_1_MO40_MVN256_MMFSC_MKFGSU256_MVN0_NR0_NTA0_NTB0_NTC0_NTD0_NEPBS0_NLCA1_NLCB1_ONLL0_OPLV0_PBD0_PFD1_PG2_PSD0_PSLn1_PW
Cn1_PWLn1_PK0_PKAB0_PAP0_PAPM0_PGR0_PLR0_PKA0_RK0_SGR0_SIA0_SLW0_SS0_SU32_SUM0_SUS256_SCIU0_SCIUE0_SCIUI1_SCIUPL0_SPO0_SRVW0_SSO0_SVW4_SK0_SKA0_SKXCCM0_SNLL0_TSGRA0_TSGRB0_
TT4_64_TLDS0_UIIDU0_UMLDSA0_UMLDSB0_UMF0_U64SL1_UIOFGRO0_USFGROn1_VAW1_VSn1_VW1_VWB1_VFLRP0_WSGRA1_WSGRB0_WS32_WG16_2_1_WGM8_WGMTB
#    (0:0) 
Cijk_Ailk_Bjlk_F8F8S_BH_GB_MT64x64x16_MI16x16x16x1_SN_1LDSB0_APM1_AAIGTEn1_AAILTEn1_AAV0_ABV0_ACED0_AF0EM1_AF1EM1_AMAS0_ASE_ASGT_ASLT_ASM_ASAE01_ASBE01_ASCE01_ASDE01_ASEM1_
AAC0_BL1_BS1_CUM0_CDO0_CTDA0_CLR0_DSK0_DRA0_DU16_DULD1_DTLA0_DTLB0_DTVA0_DTVB0_DAF0_DKP0_DVO0_ETSP_EPS0_ELFLR0_EMLL0_FSSC10_F16AI0_F16AIR0_FL0_GLVWA16_GLVWB16_GR2A1_GR2B1_G
RCGA1_GRCGB1_GRCVA1_GRCVB1_GRPM1_GRVW16_GSU1_GSUASB_GSUAA0_GSUSARR1_GSUWGMRR0_GLS0_ISA1201_IU1_IA0_KLA_LEL0_LBSPPA512_LBSPPB512_LPA16_LPB16_LDL1_LR2A1_LR2B1_LRVW8_LW2A1_LW2
B1_LWPMn1_LDW0_LT1_FMA_MIAV1_MTSM64_MTSM1_MDA2_MI16_16_16_1_MO40_MVN256_MMFSC_MKFGSU256_MVN0_NR0_NTA0_NTB0_NTC0_NTD0_NEPBS0_NLCA1_NLCB1_ONLL0_OPLV0_PBD0_PFD1_PG2_PSD0_PSLn1
_PWCn1_PWLn1_PK0_PKAB0_PAP0_PAPM0_PGR0_PLR0_PKA0_RK0_SGR0_SIA0_SLW0_SS0_SU32_SUM0_SUS256_SCIU0_SCIUE0_SCIUI1_SCIUPL0_SPO0_SRVW0_SSO0_SVW4_SK0_SKA0_SKXCCM0_SNLL0_TSGRA0_TSGR
B0_TT4_64_TLDS0_UIIDU0_UMLDSA0_UMLDSB0_UMF0_U64SL1_UIOFGRO0_USFGROn1_VAW1_VSn1_VW1_VWB1_VFLRP0_WSGRA1_WSGRB0_WS32_WG16_2_1_WGM8_WGMTB
#    (0:0) 
Cijk_Ailk_Bjlk_F8F8S_BH_GB_MT64x64x16_MI16x16x16x1_SN_1LDSB0_APM1_AAIGTEn1_AAILTEn1_AAV0_ABV0_ACED0_AF0EM1_AF1EM1_AMAS0_ASE_ASGT_ASLT_ASM_ASAE01_ASBE01_ASCE01_ASDE01_ASEM1_
AAC0_BL1_BS1_CUM0_CDO0_CTDA0_CLR0_DSK0_DRA0_DU16_DULD1_DTLA0_DTLB0_DTVA0_DTVB0_DAF0_DKP0_DVO0_ETSP_EPS0_ELFLR0_EMLL0_FSSC10_F16AI0_F16AIR0_FL0_GLVWA4_GLVWB4_GR2A1_GR2B1_GRC
GA1_GRCGB1_GRCVA1_GRCVB1_GRPM1_GRVW4_GSU1_GSUASB_GSUAA0_GSUSARR1_GSUWGMRR0_GLS0_ISA1201_IU1_IA0_KLA_LEL0_LBSPPA512_LBSPPB512_LPA16_LPB16_LDL1_LR2A1_LR2B1_LRVW8_LW2A1_LW2B1_
LWPMn1_LDW0_LT1_FMA_MIAV1_MTSM64_MTSM1_MDA2_MI16_16_16_1_MO40_MVN256_MMFSC_MKFGSU256_MVN0_NR0_NTA0_NTB0_NTC0_NTD0_NEPBS0_NLCA1_NLCB1_ONLL0_OPLV0_PBD0_PFD1_PG2_PSD0_PSLn1_PW
Cn1_PWLn1_PK0_PKAB0_PAP0_PAPM0_PGR0_PLR0_PKA0_RK0_SGR0_SIA0_SLW0_SS0_SU32_SUM0_SUS256_SCIU0_SCIUE0_SCIUI1_SCIUPL0_SPO0_SRVW0_SSO0_SVW4_SK0_SKA0_SKXCCM0_SNLL0_TSGRA0_TSGRB0_
TT4_64_TLDS0_UIIDU0_UMLDSA0_UMLDSB0_UMF0_U64SL1_UIOFGRO0_USFGROn1_VAW1_VSn1_VW1_VWB1_VFLRP0_WSGRA0_WSGRB1_WS32_WG16_2_1_WGM8_WGMTB
#    (0:0) 
Cijk_Ailk_Bjlk_F8F8S_BH_GB_MT64x64x16_MI16x16x16x1_SN_1LDSB0_APM1_AAIGTEn1_AAILTEn1_AAV0_ABV0_ACED0_AF0EM1_AF1EM1_AMAS0_ASE_ASGT_ASLT_ASM_ASAE01_ASBE01_ASCE01_ASDE01_ASEM1_
AAC0_BL1_BS1_CUM0_CDO0_CTDA0_CLR0_DSK0_DRA0_DU16_DULD1_DTLA0_DTLB0_DTVA0_DTVB0_DAF0_DKP0_DVO0_ETSP_EPS0_ELFLR0_EMLL0_FSSC10_F16AI0_F16AIR0_FL0_GLVWA8_GLVWB8_GR2A1_GR2B1_GRC
GA1_GRCGB1_GRCVA1_GRCVB1_GRPM1_GRVW8_GSU1_GSUASB_GSUAA0_GSUSARR1_GSUWGMRR0_GLS0_ISA1201_IU1_IA0_KLA_LEL0_LBSPPA512_LBSPPB512_LPA16_LPB16_LDL1_LR2A1_LR2B1_LRVW8_LW2A1_LW2B1_
LWPMn1_LDW0_LT1_FMA_MIAV1_MTSM64_MTSM1_MDA2_MI16_16_16_1_MO40_MVN256_MMFSC_MKFGSU256_MVN0_NR0_NTA0_NTB0_NTC0_NTD0_NEPBS0_NLCA1_NLCB1_ONLL0_OPLV0_PBD0_PFD1_PG2_PSD0_PSLn1_PW
Cn1_PWLn1_PK0_PKAB0_PAP0_PAPM0_PGR0_PLR0_PKA0_RK0_SGR0_SIA0_SLW0_SS0_SU32_SUM0_SUS256_SCIU0_SCIUE0_SCIUI1_SCIUPL0_SPO0_SRVW0_SSO0_SVW4_SK0_SKA0_SKXCCM0_SNLL0_TSGRA0_TSGRB0_
TT4_64_TLDS0_UIIDU0_UMLDSA0_UMLDSB0_UMF0_U64SL1_UIOFGRO0_USFGROn1_VAW1_VSn1_VW1_VWB1_VFLRP0_WSGRA0_WSGRB1_WS32_WG16_2_1_WGM8_WGMTB
#    (0:0) 
Cijk_Ailk_Bjlk_F8F8S_BH_GB_MT64x64x16_MI16x16x16x1_SN_1LDSB0_APM1_AAIGTEn1_AAILTEn1_AAV0_ABV0_ACED0_AF0EM1_AF1EM1_AMAS0_ASE_ASGT_ASLT_ASM_ASAE01_ASBE01_ASCE01_ASDE01_ASEM1_
AAC0_BL1_BS1_CUM0_CDO0_CTDA0_CLR0_DSK0_DRA0_DU16_DULD1_DTLA0_DTLB0_DTVA0_DTVB0_DAF0_DKP0_DVO0_ETSP_EPS0_ELFLR0_EMLL0_FSSC10_F16AI0_F16AIR0_FL0_GLVWA16_GLVWB16_GR2A1_GR2B1_G
RCGA1_GRCGB1_GRCVA1_GRCVB1_GRPM1_GRVW16_GSU1_GSUASB_GSUAA0_GSUSARR1_GSUWGMRR0_GLS0_ISA1201_IU1_IA0_KLA_LEL0_LBSPPA512_LBSPPB512_LPA16_LPB16_LDL1_LR2A1_LR2B1_LRVW8_LW2A1_LW2
B1_LWPMn1_LDW0_LT1_FMA_MIAV1_MTSM64_MTSM1_MDA2_MI16_16_16_1_MO40_MVN256_MMFSC_MKFGSU256_MVN0_NR0_NTA0_NTB0_NTC0_NTD0_NEPBS0_NLCA1_NLCB1_ONLL0_OPLV0_PBD0_PFD1_PG2_PSD0_PSLn1
_PWCn1_PWLn1_PK0_PKAB0_PAP0_PAPM0_PGR0_PLR0_PKA0_RK0_SGR0_SIA0_SLW0_SS0_SU32_SUM0_SUS256_SCIU0_SCIUE0_SCIUI1_SCIUPL0_SPO0_SRVW0_SSO0_SVW4_SK0_SKA0_SKXCCM0_SNLL0_TSGRA0_TSGR
B0_TT4_64_TLDS0_UIIDU0_UMLDSA0_UMLDSB0_UMF0_U64SL1_UIOFGRO0_USFGROn1_VAW1_VSn1_VW1_VWB1_VFLRP0_WSGRA0_WSGRB1_WS32_WG16_2_1_WGM8_WGMTB
#    (0:0) 
Cijk_Ailk_Bjlk_F8F8S_BH_GB_MT64x64x16_MI16x16x16x1_SN_1LDSB0_APM1_AAIGTEn1_AAILTEn1_AAV0_ABV0_ACED0_AF0EM1_AF1EM1_AMAS0_ASE_ASGT_ASLT_ASM_ASAE01_ASBE01_ASCE01_ASDE01_ASEM1_
AAC0_BL1_BS1_CUM0_CDO0_CTDA0_CLR0_DSK0_DRA0_DU16_DULD1_DTLA0_DTLB0_DTVA0_DTVB0_DAF0_DKP0_DVO0_ETSP_EPS0_ELFLR0_EMLL0_FSSC10_F16AI0_F16AIR0_FL0_GLVWA4_GLVWB4_GR2A1_GR2B1_GRC
GA1_GRCGB1_GRCVA1_GRCVB1_GRPM1_GRVW4_GSU1_GSUASB_GSUAA0_GSUSARR1_GSUWGMRR0_GLS0_ISA1201_IU1_IA0_KLA_LEL0_LBSPPA512_LBSPPB512_LPA16_LPB16_LDL1_LR2A1_LR2B1_LRVW8_LW2A1_LW2B1_
LWPMn1_LDW0_LT1_FMA_MIAV1_MTSM64_MTSM1_MDA2_MI16_16_16_1_MO40_MVN256_MMFSC_MKFGSU256_MVN0_NR0_NTA0_NTB0_NTC0_NTD0_NEPBS0_NLCA1_NLCB1_ONLL0_OPLV0_PBD0_PFD1_PG2_PSD0_PSLn1_PW
Cn1_PWLn1_PK0_PKAB0_PAP0_PAPM0_PGR0_PLR0_PKA0_RK0_SGR0_SIA0_SLW0_SS0_SU32_SUM0_SUS256_SCIU0_SCIUE0_SCIUI1_SCIUPL0_SPO0_SRVW0_SSO0_SVW4_SK0_SKA0_SKXCCM0_SNLL0_TSGRA0_TSGRB0_
TT4_64_TLDS0_UIIDU0_UMLDSA0_UMLDSB0_UMF0_U64SL1_UIOFGRO0_USFGROn1_VAW1_VSn1_VW1_VWB1_VFLRP0_WSGRA1_WSGRB1_WS32_WG16_2_1_WGM8_WGMTB
#    (0:0) 
Cijk_Ailk_Bjlk_F8F8S_BH_GB_MT64x64x16_MI16x16x16x1_SN_1LDSB0_APM1_AAIGTEn1_AAILTEn1_AAV0_ABV0_ACED0_AF0EM1_AF1EM1_AMAS0_ASE_ASGT_ASLT_ASM_ASAE01_ASBE01_ASCE01_ASDE01_ASEM1_
AAC0_BL1_BS1_CUM0_CDO0_CTDA0_CLR0_DSK0_DRA0_DU16_DULD1_DTLA0_DTLB0_DTVA0_DTVB0_DAF0_DKP0_DVO0_ETSP_EPS0_ELFLR0_EMLL0_FSSC10_F16AI0_F16AIR0_FL0_GLVWA8_GLVWB8_GR2A1_GR2B1_GRC
GA1_GRCGB1_GRCVA1_GRCVB1_GRPM1_GRVW8_GSU1_GSUASB_GSUAA0_GSUSARR1_GSUWGMRR0_GLS0_ISA1201_IU1_IA0_KLA_LEL0_LBSPPA512_LBSPPB512_LPA16_LPB16_LDL1_LR2A1_LR2B1_LRVW8_LW2A1_LW2B1_
LWPMn1_LDW0_LT1_FMA_MIAV1_MTSM64_MTSM1_MDA2_MI16_16_16_1_MO40_MVN256_MMFSC_MKFGSU256_MVN0_NR0_NTA0_NTB0_NTC0_NTD0_NEPBS0_NLCA1_NLCB1_ONLL0_OPLV0_PBD0_PFD1_PG2_PSD0_PSLn1_PW
Cn1_PWLn1_PK0_PKAB0_PAP0_PAPM0_PGR0_PLR0_PKA0_RK0_SGR0_SIA0_SLW0_SS0_SU32_SUM0_SUS256_SCIU0_SCIUE0_SCIUI1_SCIUPL0_SPO0_SRVW0_SSO0_SVW4_SK0_SKA0_SKXCCM0_SNLL0_TSGRA0_TSGRB0_
TT4_64_TLDS0_UIIDU0_UMLDSA0_UMLDSB0_UMF0_U64SL1_UIOFGRO0_USFGROn1_VAW1_VSn1_VW1_VWB1_VFLRP0_WSGRA1_WSGRB1_WS32_WG16_2_1_WGM8_WGMTB
#    (0:0) 
Cijk_Ailk_Bjlk_F8F8S_BH_GB_MT64x64x16_MI16x16x16x1_SN_1LDSB0_APM1_AAIGTEn1_AAILTEn1_AAV0_ABV0_ACED0_AF0EM1_AF1EM1_AMAS0_ASE_ASGT_ASLT_ASM_ASAE01_ASBE01_ASCE01_ASDE01_ASEM1_
AAC0_BL1_BS1_CUM0_CDO0_CTDA0_CLR0_DSK0_DRA0_DU16_DULD1_DTLA0_DTLB0_DTVA0_DTVB0_DAF0_DKP0_DVO0_ETSP_EPS0_ELFLR0_EMLL0_FSSC10_F16AI0_F16AIR0_FL0_GLVWA16_GLVWB16_GR2A1_GR2B1_G
RCGA1_GRCGB1_GRCVA1_GRCVB1_GRPM1_GRVW16_GSU1_GSUASB_GSUAA0_GSUSARR1_GSUWGMRR0_GLS0_ISA1201_IU1_IA0_KLA_LEL0_LBSPPA512_LBSPPB512_LPA16_LPB16_LDL1_LR2A1_LR2B1_LRVW8_LW2A1_LW2
B1_LWPMn1_LDW0_LT1_FMA_MIAV1_MTSM64_MTSM1_MDA2_MI16_16_16_1_MO40_MVN256_MMFSC_MKFGSU256_MVN0_NR0_NTA0_NTB0_NTC0_NTD0_NEPBS0_NLCA1_NLCB1_ONLL0_OPLV0_PBD0_PFD1_PG2_PSD0_PSLn1
_PWCn1_PWLn1_PK0_PKAB0_PAP0_PAPM0_PGR0_PLR0_PKA0_RK0_SGR0_SIA0_SLW0_SS0_SU32_SUM0_SUS256_SCIU0_SCIUE0_SCIUI1_SCIUPL0_SPO0_SRVW0_SSO0_SVW4_SK0_SKA0_SKXCCM0_SNLL0_TSGRA0_TSGR
B0_TT4_64_TLDS0_UIIDU0_UMLDSA0_UMLDSB0_UMF0_U64SL1_UIOFGRO0_USFGROn1_VAW1_VSn1_VW1_VWB1_VFLRP0_WSGRA1_WSGRB1_WS32_WG16_2_1_WGM8_WGMTB
#    (0:0) 
Cijk_Ailk_Bjlk_F8F8S_BH_GB_MT64x64x32_MI16x16x16x1_SN_1LDSB0_APM1_AAIGTEn1_AAILTEn1_AAV0_ABV0_ACED0_AF0EM1_AF1EM1_AMAS0_ASE_ASGT_ASLT_ASM_ASAE01_ASBE01_ASCE01_ASDE01_ASEM1_
AAC0_BL1_BS1_CUM0_CDO0_CTDA0_CLR0_DSK0_DRA0_DU32_DULD1_DTLA0_DTLB0_DTVA0_DTVB0_DAF0_DKP0_DVO0_ETSP_EPS0_ELFLR0_EMLL0_FSSC10_F16AI0_F16AIR0_FL0_GLVWA4_GLVWB4_GR2A1_GR2B1_GRC
GA1_GRCGB1_GRCVA1_GRCVB1_GRPM1_GRVW4_GSU1_GSUASB_GSUAA0_GSUSARR1_GSUWGMRR0_GLS0_ISA1201_IU1_IA0_KLA_LEL0_LBSPPA512_LBSPPB512_LPA16_LPB16_LDL1_LR2A1_LR2B1_LRVW8_LW2A1_LW2B1_
LWPMn1_LDW0_LT1_FMA_MIAV1_MTSM64_MTSM1_MDA2_MI16_16_16_1_MO40_MVN256_MMFSC_MKFGSU256_MVN0_NR0_NTA0_NTB0_NTC0_NTD0_NEPBS0_NLCA1_NLCB1_ONLL0_OPLV0_PBD0_PFD1_PG2_PSD0_PSLn1_PW
Cn1_PWLn1_PK0_PKAB0_PAP0_PAPM0_PGR0_PLR0_PKA0_RK0_SGR0_SIA0_SLW0_SS0_SU32_SUM0_SUS256_SCIU0_SCIUE0_SCIUI1_SCIUPL0_SPO0_SRVW0_SSO0_SVW4_SK0_SKA0_SKXCCM0_SNLL0_TSGRA0_TSGRB0_
TT4_64_TLDS0_UIIDU0_UMLDSA0_UMLDSB0_UMF0_U64SL1_UIOFGRO0_USFGROn1_VAW1_VSn1_VW1_VWB1_VFLRP0_WSGRA0_WSGRB0_WS32_WG16_2_1_WGM8_WGMTB
#    (0:0) 
Cijk_Ailk_Bjlk_F8F8S_BH_GB_MT64x64x32_MI16x16x16x1_SN_1LDSB0_APM1_AAIGTEn1_AAILTEn1_AAV0_ABV0_ACED0_AF0EM1_AF1EM1_AMAS0_ASE_ASGT_ASLT_ASM_ASAE01_ASBE01_ASCE01_ASDE01_ASEM1_
AAC0_BL1_BS1_CUM0_CDO0_CTDA0_CLR0_DSK0_DRA0_DU32_DULD1_DTLA0_DTLB0_DTVA0_DTVB0_DAF0_DKP0_DVO0_ETSP_EPS0_ELFLR0_EMLL0_FSSC10_F16AI0_F16AIR0_FL0_GLVWA8_GLVWB8_GR2A1_GR2B1_GRC
GA1_GRCGB1_GRCVA1_GRCVB1_GRPM1_GRVW8_GSU1_GSUASB_GSUAA0_GSUSARR1_GSUWGMRR0_GLS0_ISA1201_IU1_IA0_KLA_LEL0_LBSPPA512_LBSPPB512_LPA16_LPB16_LDL1_LR2A1_LR2B1_LRVW8_LW2A1_LW2B1_
LWPMn1_LDW0_LT1_FMA_MIAV1_MTSM64_MTSM1_MDA2_MI16_16_16_1_MO40_MVN256_MMFSC_MKFGSU256_MVN0_NR0_NTA0_NTB0_NTC0_NTD0_NEPBS0_NLCA1_NLCB1_ONLL0_OPLV0_PBD0_PFD1_PG2_PSD0_PSLn1_PW
Cn1_PWLn1_PK0_PKAB0_PAP0_PAPM0_PGR0_PLR0_PKA0_RK0_SGR0_SIA0_SLW0_SS0_SU32_SUM0_SUS256_SCIU0_SCIUE0_SCIUI1_SCIUPL0_SPO0_SRVW0_SSO0_SVW4_SK0_SKA0_SKXCCM0_SNLL0_TSGRA0_TSGRB0_
TT4_64_TLDS0_UIIDU0_UMLDSA0_UMLDSB0_UMF0_U64SL1_UIOFGRO0_USFGROn1_VAW1_VSn1_VW1_VWB1_VFLRP0_WSGRA0_WSGRB0_WS32_WG16_2_1_WGM8_WGMTB
#    (0:0) 
Cijk_Ailk_Bjlk_F8F8S_BH_GB_MT64x64x32_MI16x16x16x1_SN_1LDSB0_APM1_AAIGTEn1_AAILTEn1_AAV0_ABV0_ACED0_AF0EM1_AF1EM1_AMAS0_ASE_ASGT_ASLT_ASM_ASAE01_ASBE01_ASCE01_ASDE01_ASEM1_
AAC0_BL1_BS1_CUM0_CDO0_CTDA0_CLR0_DSK0_DRA0_DU32_DULD1_DTLA0_DTLB0_DTVA0_DTVB0_DAF0_DKP0_DVO0_ETSP_EPS0_ELFLR0_EMLL0_FSSC10_F16AI0_F16AIR0_FL0_GLVWA16_GLVWB16_GR2A1_GR2B1_G
RCGA1_GRCGB1_GRCVA1_GRCVB1_GRPM1_GRVW16_GSU1_GSUASB_GSUAA0_GSUSARR1_GSUWGMRR0_GLS0_ISA1201_IU1_IA0_KLA_LEL0_LBSPPA512_LBSPPB512_LPA16_LPB16_LDL1_LR2A1_LR2B1_LRVW8_LW2A1_LW2
B1_LWPMn1_LDW0_LT1_FMA_MIAV1_MTSM64_MTSM1_MDA2_MI16_16_16_1_MO40_MVN256_MMFSC_MKFGSU256_MVN0_NR0_NTA0_NTB0_NTC0_NTD0_NEPBS0_NLCA1_NLCB1_ONLL0_OPLV0_PBD0_PFD1_PG2_PSD0_PSLn1
_PWCn1_PWLn1_PK0_PKAB0_PAP0_PAPM0_PGR0_PLR0_PKA0_RK0_SGR0_SIA0_SLW0_SS0_SU32_SUM0_SUS256_SCIU0_SCIUE0_SCIUI1_SCIUPL0_SPO0_SRVW0_SSO0_SVW4_SK0_SKA0_SKXCCM0_SNLL0_TSGRA0_TSGR
B0_TT4_64_TLDS0_UIIDU0_UMLDSA0_UMLDSB0_UMF0_U64SL1_UIOFGRO0_USFGROn1_VAW1_VSn1_VW1_VWB1_VFLRP0_WSGRA0_WSGRB0_WS32_WG16_2_1_WGM8_WGMTB
#    (0:0) 
Cijk_Ailk_Bjlk_F8F8S_BH_GB_MT64x64x32_MI16x16x16x1_SN_1LDSB0_APM1_AAIGTEn1_AAILTEn1_AAV0_ABV0_ACED0_AF0EM1_AF1EM1_AMAS0_ASE_ASGT_ASLT_ASM_ASAE01_ASBE01_ASCE01_ASDE01_ASEM1_
AAC0_BL1_BS1_CUM0_CDO0_CTDA0_CLR0_DSK0_DRA0_DU32_DULD1_DTLA0_DTLB0_DTVA0_DTVB0_DAF0_DKP0_DVO0_ETSP_EPS0_ELFLR0_EMLL0_FSSC10_F16AI0_F16AIR0_FL0_GLVWA4_GLVWB4_GR2A1_GR2B1_GRC
GA1_GRCGB1_GRCVA1_GRCVB1_GRPM1_GRVW4_GSU1_GSUASB_GSUAA0_GSUSARR1_GSUWGMRR0_GLS0_ISA1201_IU1_IA0_KLA_LEL0_LBSPPA512_LBSPPB512_LPA16_LPB16_LDL1_LR2A1_LR2B1_LRVW8_LW2A1_LW2B1_
LWPMn1_LDW0_LT1_FMA_MIAV1_MTSM64_MTSM1_MDA2_MI16_16_16_1_MO40_MVN256_MMFSC_MKFGSU256_MVN0_NR0_NTA0_NTB0_NTC0_NTD0_NEPBS0_NLCA1_NLCB1_ONLL0_OPLV0_PBD0_PFD1_PG2_PSD0_PSLn1_PW
Cn1_PWLn1_PK0_PKAB0_PAP0_PAPM0_PGR0_PLR0_PKA0_RK0_SGR0_SIA0_SLW0_SS0_SU32_SUM0_SUS256_SCIU0_SCIUE0_SCIUI1_SCIUPL0_SPO0_SRVW0_SSO0_SVW4_SK0_SKA0_SKXCCM0_SNLL0_TSGRA0_TSGRB0_
TT4_64_TLDS0_UIIDU0_UMLDSA0_UMLDSB0_UMF0_U64SL1_UIOFGRO0_USFGROn1_VAW1_VSn1_VW1_VWB1_VFLRP0_WSGRA1_WSGRB0_WS32_WG16_2_1_WGM8_WGMTB
#    (0:0) 
Cijk_Ailk_Bjlk_F8F8S_BH_GB_MT64x64x32_MI16x16x16x1_SN_1LDSB0_APM1_AAIGTEn1_AAILTEn1_AAV0_ABV0_ACED0_AF0EM1_AF1EM1_AMAS0_ASE_ASGT_ASLT_ASM_ASAE01_ASBE01_ASCE01_ASDE01_ASEM1_
AAC0_BL1_BS1_CUM0_CDO0_CTDA0_CLR0_DSK0_DRA0_DU32_DULD1_DTLA0_DTLB0_DTVA0_DTVB0_DAF0_DKP0_DVO0_ETSP_EPS0_ELFLR0_EMLL0_FSSC10_F16AI0_F16AIR0_FL0_GLVWA8_GLVWB8_GR2A1_GR2B1_GRC
GA1_GRCGB1_GRCVA1_GRCVB1_GRPM1_GRVW8_GSU1_GSUASB_GSUAA0_GSUSARR1_GSUWGMRR0_GLS0_ISA1201_IU1_IA0_KLA_LEL0_LBSPPA512_LBSPPB512_LPA16_LPB16_LDL1_LR2A1_LR2B1_LRVW8_LW2A1_LW2B1_
LWPMn1_LDW0_LT1_FMA_MIAV1_MTSM64_MTSM1_MDA2_MI16_16_16_1_MO40_MVN256_MMFSC_MKFGSU256_MVN0_NR0_NTA0_NTB0_NTC0_NTD0_NEPBS0_NLCA1_NLCB1_ONLL0_OPLV0_PBD0_PFD1_PG2_PSD0_PSLn1_PW
Cn1_PWLn1_PK0_PKAB0_PAP0_PAPM0_PGR0_PLR0_PKA0_RK0_SGR0_SIA0_SLW0_SS0_SU32_SUM0_SUS256_SCIU0_SCIUE0_SCIUI1_SCIUPL0_SPO0_SRVW0_SSO0_SVW4_SK0_SKA0_SKXCCM0_SNLL0_TSGRA0_TSGRB0_
TT4_64_TLDS0_UIIDU0_UMLDSA0_UMLDSB0_UMF0_U64SL1_UIOFGRO0_USFGROn1_VAW1_VSn1_VW1_VWB1_VFLRP0_WSGRA1_WSGRB0_WS32_WG16_2_1_WGM8_WGMTB
#    (0:0) 
Cijk_Ailk_Bjlk_F8F8S_BH_GB_MT64x64x32_MI16x16x16x1_SN_1LDSB0_APM1_AAIGTEn1_AAILTEn1_AAV0_ABV0_ACED0_AF0EM1_AF1EM1_AMAS0_ASE_ASGT_ASLT_ASM_ASAE01_ASBE01_ASCE01_ASDE01_ASEM1_
AAC0_BL1_BS1_CUM0_CDO0_CTDA0_CLR0_DSK0_DRA0_DU32_DULD1_DTLA0_DTLB0_DTVA0_DTVB0_DAF0_DKP0_DVO0_ETSP_EPS0_ELFLR0_EMLL0_FSSC10_F16AI0_F16AIR0_FL0_GLVWA16_GLVWB16_GR2A1_GR2B1_G
RCGA1_GRCGB1_GRCVA1_GRCVB1_GRPM1_GRVW16_GSU1_GSUASB_GSUAA0_GSUSARR1_GSUWGMRR0_GLS0_ISA1201_IU1_IA0_KLA_LEL0_LBSPPA512_LBSPPB512_LPA16_LPB16_LDL1_LR2A1_LR2B1_LRVW8_LW2A1_LW2
B1_LWPMn1_LDW0_LT1_FMA_MIAV1_MTSM64_MTSM1_MDA2_MI16_16_16_1_MO40_MVN256_MMFSC_MKFGSU256_MVN0_NR0_NTA0_NTB0_NTC0_NTD0_NEPBS0_NLCA1_NLCB1_ONLL0_OPLV0_PBD0_PFD1_PG2_PSD0_PSLn1
_PWCn1_PWLn1_PK0_PKAB0_PAP0_PAPM0_PGR0_PLR0_PKA0_RK0_SGR0_SIA0_SLW0_SS0_SU32_SUM0_SUS256_SCIU0_SCIUE0_SCIUI1_SCIUPL0_SPO0_SRVW0_SSO0_SVW4_SK0_SKA0_SKXCCM0_SNLL0_TSGRA0_TSGR
B0_TT4_64_TLDS0_UIIDU0_UMLDSA0_UMLDSB0_UMF0_U64SL1_UIOFGRO0_USFGROn1_VAW1_VSn1_VW1_VWB1_VFLRP0_WSGRA1_WSGRB0_WS32_WG16_2_1_WGM8_WGMTB
#    (0:0) 
Cijk_Ailk_Bjlk_F8F8S_BH_GB_MT64x64x32_MI16x16x16x1_SN_1LDSB0_APM1_AAIGTEn1_AAILTEn1_AAV0_ABV0_ACED0_AF0EM1_AF1EM1_AMAS0_ASE_ASGT_ASLT_ASM_ASAE01_ASBE01_ASCE01_ASDE01_ASEM1_
AAC0_BL1_BS1_CUM0_CDO0_CTDA0_CLR0_DSK0_DRA0_DU32_DULD1_DTLA0_DTLB0_DTVA0_DTVB0_DAF0_DKP0_DVO0_ETSP_EPS0_ELFLR0_EMLL0_FSSC10_F16AI0_F16AIR0_FL0_GLVWA4_GLVWB4_GR2A1_GR2B1_GRC
GA1_GRCGB1_GRCVA1_GRCVB1_GRPM1_GRVW4_GSU1_GSUASB_GSUAA0_GSUSARR1_GSUWGMRR0_GLS0_ISA1201_IU1_IA0_KLA_LEL0_LBSPPA512_LBSPPB512_LPA16_LPB16_LDL1_LR2A1_LR2B1_LRVW8_LW2A1_LW2B1_
LWPMn1_LDW0_LT1_FMA_MIAV1_MTSM64_MTSM1_MDA2_MI16_16_16_1_MO40_MVN256_MMFSC_MKFGSU256_MVN0_NR0_NTA0_NTB0_NTC0_NTD0_NEPBS0_NLCA1_NLCB1_ONLL0_OPLV0_PBD0_PFD1_PG2_PSD0_PSLn1_PW
Cn1_PWLn1_PK0_PKAB0_PAP0_PAPM0_PGR0_PLR0_PKA0_RK0_SGR0_SIA0_SLW0_SS0_SU32_SUM0_SUS256_SCIU0_SCIUE0_SCIUI1_SCIUPL0_SPO0_SRVW0_SSO0_SVW4_SK0_SKA0_SKXCCM0_SNLL0_TSGRA0_TSGRB0_
TT4_64_TLDS0_UIIDU0_UMLDSA0_UMLDSB0_UMF0_U64SL1_UIOFGRO0_USFGROn1_VAW1_VSn1_VW1_VWB1_VFLRP0_WSGRA0_WSGRB1_WS32_WG16_2_1_WGM8_WGMTB
#    (0:0) 
Cijk_Ailk_Bjlk_F8F8S_BH_GB_MT64x64x32_MI16x16x16x1_SN_1LDSB0_APM1_AAIGTEn1_AAILTEn1_AAV0_ABV0_ACED0_AF0EM1_AF1EM1_AMAS0_ASE_ASGT_ASLT_ASM_ASAE01_ASBE01_ASCE01_ASDE01_ASEM1_
AAC0_BL1_BS1_CUM0_CDO0_CTDA0_CLR0_DSK0_DRA0_DU32_DULD1_DTLA0_DTLB0_DTVA0_DTVB0_DAF0_DKP0_DVO0_ETSP_EPS0_ELFLR0_EMLL0_FSSC10_F16AI0_F16AIR0_FL0_GLVWA8_GLVWB8_GR2A1_GR2B1_GRC
GA1_GRCGB1_GRCVA1_GRCVB1_GRPM1_GRVW8_GSU1_GSUASB_GSUAA0_GSUSARR1_GSUWGMRR0_GLS0_ISA1201_IU1_IA0_KLA_LEL0_LBSPPA512_LBSPPB512_LPA16_LPB16_LDL1_LR2A1_LR2B1_LRVW8_LW2A1_LW2B1_
LWPMn1_LDW0_LT1_FMA_MIAV1_MTSM64_MTSM1_MDA2_MI16_16_16_1_MO40_MVN256_MMFSC_MKFGSU256_MVN0_NR0_NTA0_NTB0_NTC0_NTD0_NEPBS0_NLCA1_NLCB1_ONLL0_OPLV0_PBD0_PFD1_PG2_PSD0_PSLn1_PW
Cn1_PWLn1_PK0_PKAB0_PAP0_PAPM0_PGR0_PLR0_PKA0_RK0_SGR0_SIA0_SLW0_SS0_SU32_SUM0_SUS256_SCIU0_SCIUE0_SCIUI1_SCIUPL0_SPO0_SRVW0_SSO0_SVW4_SK0_SKA0_SKXCCM0_SNLL0_TSGRA0_TSGRB0_
TT4_64_TLDS0_UIIDU0_UMLDSA0_UMLDSB0_UMF0_U64SL1_UIOFGRO0_USFGROn1_VAW1_VSn1_VW1_VWB1_VFLRP0_WSGRA0_WSGRB1_WS32_WG16_2_1_WGM8_WGMTB
#    (0:0) 
Cijk_Ailk_Bjlk_F8F8S_BH_GB_MT64x64x32_MI16x16x16x1_SN_1LDSB0_APM1_AAIGTEn1_AAILTEn1_AAV0_ABV0_ACED0_AF0EM1_AF1EM1_AMAS0_ASE_ASGT_ASLT_ASM_ASAE01_ASBE01_ASCE01_ASDE01_ASEM1_
AAC0_BL1_BS1_CUM0_CDO0_CTDA0_CLR0_DSK0_DRA0_DU32_DULD1_DTLA0_DTLB0_DTVA0_DTVB0_DAF0_DKP0_DVO0_ETSP_EPS0_ELFLR0_EMLL0_FSSC10_F16AI0_F16AIR0_FL0_GLVWA16_GLVWB16_GR2A1_GR2B1_G
RCGA1_GRCGB1_GRCVA1_GRCVB1_GRPM1_GRVW16_GSU1_GSUASB_GSUAA0_GSUSARR1_GSUWGMRR0_GLS0_ISA1201_IU1_IA0_KLA_LEL0_LBSPPA512_LBSPPB512_LPA16_LPB16_LDL1_LR2A1_LR2B1_LRVW8_LW2A1_LW2
B1_LWPMn1_LDW0_LT1_FMA_MIAV1_MTSM64_MTSM1_MDA2_MI16_16_16_1_MO40_MVN256_MMFSC_MKFGSU256_MVN0_NR0_NTA0_NTB0_NTC0_NTD0_NEPBS0_NLCA1_NLCB1_ONLL0_OPLV0_PBD0_PFD1_PG2_PSD0_PSLn1
_PWCn1_PWLn1_PK0_PKAB0_PAP0_PAPM0_PGR0_PLR0_PKA0_RK0_SGR0_SIA0_SLW0_SS0_SU32_SUM0_SUS256_SCIU0_SCIUE0_SCIUI1_SCIUPL0_SPO0_SRVW0_SSO0_SVW4_SK0_SKA0_SKXCCM0_SNLL0_TSGRA0_TSGR
B0_TT4_64_TLDS0_UIIDU0_UMLDSA0_UMLDSB0_UMF0_U64SL1_UIOFGRO0_USFGROn1_VAW1_VSn1_VW1_VWB1_VFLRP0_WSGRA0_WSGRB1_WS32_WG16_2_1_WGM8_WGMTB
#    (0:0) 
Cijk_Ailk_Bjlk_F8F8S_BH_GB_MT64x64x32_MI16x16x16x1_SN_1LDSB0_APM1_AAIGTEn1_AAILTEn1_AAV0_ABV0_ACED0_AF0EM1_AF1EM1_AMAS0_ASE_ASGT_ASLT_ASM_ASAE01_ASBE01_ASCE01_ASDE01_ASEM1_
AAC0_BL1_BS1_CUM0_CDO0_CTDA0_CLR0_DSK0_DRA0_DU32_DULD1_DTLA0_DTLB0_DTVA0_DTVB0_DAF0_DKP0_DVO0_ETSP_EPS0_ELFLR0_EMLL0_FSSC10_F16AI0_F16AIR0_FL0_GLVWA4_GLVWB4_GR2A1_GR2B1_GRC
GA1_GRCGB1_GRCVA1_GRCVB1_GRPM1_GRVW4_GSU1_GSUASB_GSUAA0_GSUSARR1_GSUWGMRR0_GLS0_ISA1201_IU1_IA0_KLA_LEL0_LBSPPA512_LBSPPB512_LPA16_LPB16_LDL1_LR2A1_LR2B1_LRVW8_LW2A1_LW2B1_
LWPMn1_LDW0_LT1_FMA_MIAV1_MTSM64_MTSM1_MDA2_MI16_16_16_1_MO40_MVN256_MMFSC_MKFGSU256_MVN0_NR0_NTA0_NTB0_NTC0_NTD0_NEPBS0_NLCA1_NLCB1_ONLL0_OPLV0_PBD0_PFD1_PG2_PSD0_PSLn1_PW
Cn1_PWLn1_PK0_PKAB0_PAP0_PAPM0_PGR0_PLR0_PKA0_RK0_SGR0_SIA0_SLW0_SS0_SU32_SUM0_SUS256_SCIU0_SCIUE0_SCIUI1_SCIUPL0_SPO0_SRVW0_SSO0_SVW4_SK0_SKA0_SKXCCM0_SNLL0_TSGRA0_TSGRB0_
TT4_64_TLDS0_UIIDU0_UMLDSA0_UMLDSB0_UMF0_U64SL1_UIOFGRO0_USFGROn1_VAW1_VSn1_VW1_VWB1_VFLRP0_WSGRA1_WSGRB1_WS32_WG16_2_1_WGM8_WGMTB
#    (0:0) 
Cijk_Ailk_Bjlk_F8F8S_BH_GB_MT64x64x32_MI16x16x16x1_SN_1LDSB0_APM1_AAIGTEn1_AAILTEn1_AAV0_ABV0_ACED0_AF0EM1_AF1EM1_AMAS0_ASE_ASGT_ASLT_ASM_ASAE01_ASBE01_ASCE01_ASDE01_ASEM1_
AAC0_BL1_BS1_CUM0_CDO0_CTDA0_CLR0_DSK0_DRA0_DU32_DULD1_DTLA0_DTLB0_DTVA0_DTVB0_DAF0_DKP0_DVO0_ETSP_EPS0_ELFLR0_EMLL0_FSSC10_F16AI0_F16AIR0_FL0_GLVWA8_GLVWB8_GR2A1_GR2B1_GRC
GA1_GRCGB1_GRCVA1_GRCVB1_GRPM1_GRVW8_GSU1_GSUASB_GSUAA0_GSUSARR1_GSUWGMRR0_GLS0_ISA1201_IU1_IA0_KLA_LEL0_LBSPPA512_LBSPPB512_LPA16_LPB16_LDL1_LR2A1_LR2B1_LRVW8_LW2A1_LW2B1_
LWPMn1_LDW0_LT1_FMA_MIAV1_MTSM64_MTSM1_MDA2_MI16_16_16_1_MO40_MVN256_MMFSC_MKFGSU256_MVN0_NR0_NTA0_NTB0_NTC0_NTD0_NEPBS0_NLCA1_NLCB1_ONLL0_OPLV0_PBD0_PFD1_PG2_PSD0_PSLn1_PW
Cn1_PWLn1_PK0_PKAB0_PAP0_PAPM0_PGR0_PLR0_PKA0_RK0_SGR0_SIA0_SLW0_SS0_SU32_SUM0_SUS256_SCIU0_SCIUE0_SCIUI1_SCIUPL0_SPO0_SRVW0_SSO0_SVW4_SK0_SKA0_SKXCCM0_SNLL0_TSGRA0_TSGRB0_
TT4_64_TLDS0_UIIDU0_UMLDSA0_UMLDSB0_UMF0_U64SL1_UIOFGRO0_USFGROn1_VAW1_VSn1_VW1_VWB1_VFLRP0_WSGRA1_WSGRB1_WS32_WG16_2_1_WGM8_WGMTB
#    (0:0) 
Cijk_Ailk_Bjlk_F8F8S_BH_GB_MT64x64x32_MI16x16x16x1_SN_1LDSB0_APM1_AAIGTEn1_AAILTEn1_AAV0_ABV0_ACED0_AF0EM1_AF1EM1_AMAS0_ASE_ASGT_ASLT_ASM_ASAE01_ASBE01_ASCE01_ASDE01_ASEM1_
AAC0_BL1_BS1_CUM0_CDO0_CTDA0_CLR0_DSK0_DRA0_DU32_DULD1_DTLA0_DTLB0_DTVA0_DTVB0_DAF0_DKP0_DVO0_ETSP_EPS0_ELFLR0_EMLL0_FSSC10_F16AI0_F16AIR0_FL0_GLVWA16_GLVWB16_GR2A1_GR2B1_G
RCGA1_GRCGB1_GRCVA1_GRCVB1_GRPM1_GRVW16_GSU1_GSUASB_GSUAA0_GSUSARR1_GSUWGMRR0_GLS0_ISA1201_IU1_IA0_KLA_LEL0_LBSPPA512_LBSPPB512_LPA16_LPB16_LDL1_LR2A1_LR2B1_LRVW8_LW2A1_LW2
B1_LWPMn1_LDW0_LT1_FMA_MIAV1_MTSM64_MTSM1_MDA2_MI16_16_16_1_MO40_MVN256_MMFSC_MKFGSU256_MVN0_NR0_NTA0_NTB0_NTC0_NTD0_NEPBS0_NLCA1_NLCB1_ONLL0_OPLV0_PBD0_PFD1_PG2_PSD0_PSLn1
_PWCn1_PWLn1_PK0_PKAB0_PAP0_PAPM0_PGR0_PLR0_PKA0_RK0_SGR0_SIA0_SLW0_SS0_SU32_SUM0_SUS256_SCIU0_SCIUE0_SCIUI1_SCIUPL0_SPO0_SRVW0_SSO0_SVW4_SK0_SKA0_SKXCCM0_SNLL0_TSGRA0_TSGR
B0_TT4_64_TLDS0_UIIDU0_UMLDSA0_UMLDSB0_UMF0_U64SL1_UIOFGRO0_USFGROn1_VAW1_VSn1_VW1_VWB1_VFLRP0_WSGRA1_WSGRB1_WS32_WG16_2_1_WGM8_WGMTB
#    (0:0) 
Cijk_Ailk_Bjlk_F8F8S_BH_GB_MT64x64x16_MI16x16x16x1_SN_1LDSB0_APM1_AAIGTEn1_AAILTEn1_AAV0_ABV0_ACED0_AF0EM1_AF1EM1_AMAS0_ASE_ASGT_ASLT_ASM_ASAE01_ASBE01_ASCE01_ASDE01_ASEM1_
AAC0_BL1_BS1_CUM0_CDO0_CTDA0_CLR0_DSK0_DRA0_DU16_DULD1_DTLA0_DTLB0_DTVA0_DTVB0_DAF0_DKP0_DVO0_ETSP_EPS0_ELFLR0_EMLL0_FSSC10_F16AI0_F16AIR0_FL0_GLVWA4_GLVWB4_GR2A1_GR2B1_GRC
GA1_GRCGB1_GRCVA1_GRCVB1_GRPM1_GRVW4_GSU1_GSUASB_GSUAA0_GSUSARR1_GSUWGMRR0_GLS0_ISA1201_IU1_IA0_KLA_LEL0_LBSPPA512_LBSPPB512_LPA16_LPB16_LDL1_LR2A1_LR2B1_LRVW8_LW2A1_LW2B1_
LWPMn1_LDW0_LT1_FMA_MIAV1_MTSM64_MTSM1_MDA2_MI16_16_16_1_MO40_MVN256_MMFSC_MKFGSU256_MVN0_NR0_NTA0_NTB0_NTC0_NTD0_NEPBS0_NLCA1_NLCB1_ONLL0_OPLV0_PBD0_PFD1_PG2_PSD0_PSLn1_PW
Cn1_PWLn1_PK0_PKAB0_PAP0_PAPM0_PGR0_PLR0_PKA0_RK0_SGR0_SIA0_SLW0_SS1_SU32_SUM0_SUS256_SCIU0_SCIUE0_SCIUI1_SCIUPL0_SPO0_SRVW0_SSO0_SVW1_SK0_SKA0_SKXCCM0_SNLL0_TSGRA0_TSGRB0_
TT4_64_TLDS0_UIIDU0_UMLDSA0_UMLDSB0_UMF0_U64SL1_UIOFGRO0_USFGROn1_VAW1_VSn1_VW1_VWB1_VFLRP0_WSGRA0_WSGRB0_WS32_WG16_2_1_WGM8_WGMTB
#    (0:0) 
Cijk_Ailk_Bjlk_F8F8S_BH_GB_MT64x64x16_MI16x16x16x1_SN_1LDSB0_APM1_AAIGTEn1_AAILTEn1_AAV0_ABV0_ACED0_AF0EM1_AF1EM1_AMAS0_ASE_ASGT_ASLT_ASM_ASAE01_ASBE01_ASCE01_ASDE01_ASEM1_
AAC0_BL1_BS1_CUM0_CDO0_CTDA0_CLR0_DSK0_DRA0_DU16_DULD1_DTLA0_DTLB0_DTVA0_DTVB0_DAF0_DKP0_DVO0_ETSP_EPS0_ELFLR0_EMLL0_FSSC10_F16AI0_F16AIR0_FL0_GLVWA8_GLVWB8_GR2A1_GR2B1_GRC
GA1_GRCGB1_GRCVA1_GRCVB1_GRPM1_GRVW8_GSU1_GSUASB_GSUAA0_GSUSARR1_GSUWGMRR0_GLS0_ISA1201_IU1_IA0_KLA_LEL0_LBSPPA512_LBSPPB512_LPA16_LPB16_LDL1_LR2A1_LR2B1_LRVW8_LW2A1_LW2B1_
LWPMn1_LDW0_LT1_FMA_MIAV1_MTSM64_MTSM1_MDA2_MI16_16_16_1_MO40_MVN256_MMFSC_MKFGSU256_MVN0_NR0_NTA0_NTB0_NTC0_NTD0_NEPBS0_NLCA1_NLCB1_ONLL0_OPLV0_PBD0_PFD1_PG2_PSD0_PSLn1_PW
Cn1_PWLn1_PK0_PKAB0_PAP0_PAPM0_PGR0_PLR0_PKA0_RK0_SGR0_SIA0_SLW0_SS1_SU32_SUM0_SUS256_SCIU0_SCIUE0_SCIUI1_SCIUPL0_SPO0_SRVW0_SSO0_SVW1_SK0_SKA0_SKXCCM0_SNLL0_TSGRA0_TSGRB0_
TT4_64_TLDS0_UIIDU0_UMLDSA0_UMLDSB0_UMF0_U64SL1_UIOFGRO0_USFGROn1_VAW1_VSn1_VW1_VWB1_VFLRP0_WSGRA0_WSGRB0_WS32_WG16_2_1_WGM8_WGMTB
#    (0:0) 
Cijk_Ailk_Bjlk_F8F8S_BH_GB_MT64x64x16_MI16x16x16x1_SN_1LDSB0_APM1_AAIGTEn1_AAILTEn1_AAV0_ABV0_ACED0_AF0EM1_AF1EM1_AMAS0_ASE_ASGT_ASLT_ASM_ASAE01_ASBE01_ASCE01_ASDE01_ASEM1_
AAC0_BL1_BS1_CUM0_CDO0_CTDA0_CLR0_DSK0_DRA0_DU16_DULD1_DTLA0_DTLB0_DTVA0_DTVB0_DAF0_DKP0_DVO0_ETSP_EPS0_ELFLR0_EMLL0_FSSC10_F16AI0_F16AIR0_FL0_GLVWA16_GLVWB16_GR2A1_GR2B1_G
RCGA1_GRCGB1_GRCVA1_GRCVB1_GRPM1_GRVW16_GSU1_GSUASB_GSUAA0_GSUSARR1_GSUWGMRR0_GLS0_ISA1201_IU1_IA0_KLA_LEL0_LBSPPA512_LBSPPB512_LPA16_LPB16_LDL1_LR2A1_LR2B1_LRVW8_LW2A1_LW2
B1_LWPMn1_LDW0_LT1_FMA_MIAV1_MTSM64_MTSM1_MDA2_MI16_16_16_1_MO40_MVN256_MMFSC_MKFGSU256_MVN0_NR0_NTA0_NTB0_NTC0_NTD0_NEPBS0_NLCA1_NLCB1_ONLL0_OPLV0_PBD0_PFD1_PG2_PSD0_PSLn1
_PWCn1_PWLn1_PK0_PKAB0_PAP0_PAPM0_PGR0_PLR0_PKA0_RK0_SGR0_SIA0_SLW0_SS1_SU32_SUM0_SUS256_SCIU0_SCIUE0_SCIUI1_SCIUPL0_SPO0_SRVW0_SSO0_SVW1_SK0_SKA0_SKXCCM0_SNLL0_TSGRA0_TSGR
B0_TT4_64_TLDS0_UIIDU0_UMLDSA0_UMLDSB0_UMF0_U64SL1_UIOFGRO0_USFGROn1_VAW1_VSn1_VW1_VWB1_VFLRP0_WSGRA0_WSGRB0_WS32_WG16_2_1_WGM8_WGMTB
#    (0:0) 
Cijk_Ailk_Bjlk_F8F8S_BH_GB_MT64x64x16_MI16x16x16x1_SN_1LDSB0_APM1_AAIGTEn1_AAILTEn1_AAV0_ABV0_ACED0_AF0EM1_AF1EM1_AMAS0_ASE_ASGT_ASLT_ASM_ASAE01_ASBE01_ASCE01_ASDE01_ASEM1_
AAC0_BL1_BS1_CUM0_CDO0_CTDA0_CLR0_DSK0_DRA0_DU16_DULD1_DTLA0_DTLB0_DTVA0_DTVB0_DAF0_DKP0_DVO0_ETSP_EPS0_ELFLR0_EMLL0_FSSC10_F16AI0_F16AIR0_FL0_GLVWA4_GLVWB4_GR2A1_GR2B1_GRC
GA1_GRCGB1_GRCVA1_GRCVB1_GRPM1_GRVW4_GSU1_GSUASB_GSUAA0_GSUSARR1_GSUWGMRR0_GLS0_ISA1201_IU1_IA0_KLA_LEL0_LBSPPA512_LBSPPB512_LPA16_LPB16_LDL1_LR2A1_LR2B1_LRVW8_LW2A1_LW2B1_
LWPMn1_LDW0_LT1_FMA_MIAV1_MTSM64_MTSM1_MDA2_MI16_16_16_1_MO40_MVN256_MMFSC_MKFGSU256_MVN0_NR0_NTA0_NTB0_NTC0_NTD0_NEPBS0_NLCA1_NLCB1_ONLL0_OPLV0_PBD0_PFD1_PG2_PSD0_PSLn1_PW
Cn1_PWLn1_PK0_PKAB0_PAP0_PAPM0_PGR0_PLR0_PKA0_RK0_SGR0_SIA0_SLW0_SS1_SU32_SUM0_SUS256_SCIU0_SCIUE0_SCIUI1_SCIUPL0_SPO0_SRVW0_SSO0_SVW1_SK0_SKA0_SKXCCM0_SNLL0_TSGRA0_TSGRB0_
TT4_64_TLDS0_UIIDU0_UMLDSA0_UMLDSB0_UMF0_U64SL1_UIOFGRO0_USFGROn1_VAW1_VSn1_VW1_VWB1_VFLRP0_WSGRA1_WSGRB0_WS32_WG16_2_1_WGM8_WGMTB
#    (0:0) 
Cijk_Ailk_Bjlk_F8F8S_BH_GB_MT64x64x16_MI16x16x16x1_SN_1LDSB0_APM1_AAIGTEn1_AAILTEn1_AAV0_ABV0_ACED0_AF0EM1_AF1EM1_AMAS0_ASE_ASGT_ASLT_ASM_ASAE01_ASBE01_ASCE01_ASDE01_ASEM1_
AAC0_BL1_BS1_CUM0_CDO0_CTDA0_CLR0_DSK0_DRA0_DU16_DULD1_DTLA0_DTLB0_DTVA0_DTVB0_DAF0_DKP0_DVO0_ETSP_EPS0_ELFLR0_EMLL0_FSSC10_F16AI0_F16AIR0_FL0_GLVWA8_GLVWB8_GR2A1_GR2B1_GRC
GA1_GRCGB1_GRCVA1_GRCVB1_GRPM1_GRVW8_GSU1_GSUASB_GSUAA0_GSUSARR1_GSUWGMRR0_GLS0_ISA1201_IU1_IA0_KLA_LEL0_LBSPPA512_LBSPPB512_LPA16_LPB16_LDL1_LR2A1_LR2B1_LRVW8_LW2A1_LW2B1_
LWPMn1_LDW0_LT1_FMA_MIAV1_MTSM64_MTSM1_MDA2_MI16_16_16_1_MO40_MVN256_MMFSC_MKFGSU256_MVN0_NR0_NTA0_NTB0_NTC0_NTD0_NEPBS0_NLCA1_NLCB1_ONLL0_OPLV0_PBD0_PFD1_PG2_PSD0_PSLn1_PW
Cn1_PWLn1_PK0_PKAB0_PAP0_PAPM0_PGR0_PLR0_PKA0_RK0_SGR0_SIA0_SLW0_SS1_SU32_SUM0_SUS256_SCIU0_SCIUE0_SCIUI1_SCIUPL0_SPO0_SRVW0_SSO0_SVW1_SK0_SKA0_SKXCCM0_SNLL0_TSGRA0_TSGRB0_
TT4_64_TLDS0_UIIDU0_UMLDSA0_UMLDSB0_UMF0_U64SL1_UIOFGRO0_USFGROn1_VAW1_VSn1_VW1_VWB1_VFLRP0_WSGRA1_WSGRB0_WS32_WG16_2_1_WGM8_WGMTB
#    (0:0) 
Cijk_Ailk_Bjlk_F8F8S_BH_GB_MT64x64x16_MI16x16x16x1_SN_1LDSB0_APM1_AAIGTEn1_AAILTEn1_AAV0_ABV0_ACED0_AF0EM1_AF1EM1_AMAS0_ASE_ASGT_ASLT_ASM_ASAE01_ASBE01_ASCE01_ASDE01_ASEM1_
AAC0_BL1_BS1_CUM0_CDO0_CTDA0_CLR0_DSK0_DRA0_DU16_DULD1_DTLA0_DTLB0_DTVA0_DTVB0_DAF0_DKP0_DVO0_ETSP_EPS0_ELFLR0_EMLL0_FSSC10_F16AI0_F16AIR0_FL0_GLVWA16_GLVWB16_GR2A1_GR2B1_G
RCGA1_GRCGB1_GRCVA1_GRCVB1_GRPM1_GRVW16_GSU1_GSUASB_GSUAA0_GSUSARR1_GSUWGMRR0_GLS0_ISA1201_IU1_IA0_KLA_LEL0_LBSPPA512_LBSPPB512_LPA16_LPB16_LDL1_LR2A1_LR2B1_LRVW8_LW2A1_LW2
B1_LWPMn1_LDW0_LT1_FMA_MIAV1_MTSM64_MTSM1_MDA2_MI16_16_16_1_MO40_MVN256_MMFSC_MKFGSU256_MVN0_NR0_NTA0_NTB0_NTC0_NTD0_NEPBS0_NLCA1_NLCB1_ONLL0_OPLV0_PBD0_PFD1_PG2_PSD0_PSLn1
_PWCn1_PWLn1_PK0_PKAB0_PAP0_PAPM0_PGR0_PLR0_PKA0_RK0_SGR0_SIA0_SLW0_SS1_SU32_SUM0_SUS256_SCIU0_SCIUE0_SCIUI1_SCIUPL0_SPO0_SRVW0_SSO0_SVW1_SK0_SKA0_SKXCCM0_SNLL0_TSGRA0_TSGR
B0_TT4_64_TLDS0_UIIDU0_UMLDSA0_UMLDSB0_UMF0_U64SL1_UIOFGRO0_USFGROn1_VAW1_VSn1_VW1_VWB1_VFLRP0_WSGRA1_WSGRB0_WS32_WG16_2_1_WGM8_WGMTB
#    (0:0) 
Cijk_Ailk_Bjlk_F8F8S_BH_GB_MT64x64x16_MI16x16x16x1_SN_1LDSB0_APM1_AAIGTEn1_AAILTEn1_AAV0_ABV0_ACED0_AF0EM1_AF1EM1_AMAS0_ASE_ASGT_ASLT_ASM_ASAE01_ASBE01_ASCE01_ASDE01_ASEM1_
AAC0_BL1_BS1_CUM0_CDO0_CTDA0_CLR0_DSK0_DRA0_DU16_DULD1_DTLA0_DTLB0_DTVA0_DTVB0_DAF0_DKP0_DVO0_ETSP_EPS0_ELFLR0_EMLL0_FSSC10_F16AI0_F16AIR0_FL0_GLVWA4_GLVWB4_GR2A1_GR2B1_GRC
GA1_GRCGB1_GRCVA1_GRCVB1_GRPM1_GRVW4_GSU1_GSUASB_GSUAA0_GSUSARR1_GSUWGMRR0_GLS0_ISA1201_IU1_IA0_KLA_LEL0_LBSPPA512_LBSPPB512_LPA16_LPB16_LDL1_LR2A1_LR2B1_LRVW8_LW2A1_LW2B1_
LWPMn1_LDW0_LT1_FMA_MIAV1_MTSM64_MTSM1_MDA2_MI16_16_16_1_MO40_MVN256_MMFSC_MKFGSU256_MVN0_NR0_NTA0_NTB0_NTC0_NTD0_NEPBS0_NLCA1_NLCB1_ONLL0_OPLV0_PBD0_PFD1_PG2_PSD0_PSLn1_PW
Cn1_PWLn1_PK0_PKAB0_PAP0_PAPM0_PGR0_PLR0_PKA0_RK0_SGR0_SIA0_SLW0_SS1_SU32_SUM0_SUS256_SCIU0_SCIUE0_SCIUI1_SCIUPL0_SPO0_SRVW0_SSO0_SVW1_SK0_SKA0_SKXCCM0_SNLL0_TSGRA0_TSGRB0_
TT4_64_TLDS0_UIIDU0_UMLDSA0_UMLDSB0_UMF0_U64SL1_UIOFGRO0_USFGROn1_VAW1_VSn1_VW1_VWB1_VFLRP0_WSGRA0_WSGRB1_WS32_WG16_2_1_WGM8_WGMTB
#    (0:0) 
Cijk_Ailk_Bjlk_F8F8S_BH_GB_MT64x64x16_MI16x16x16x1_SN_1LDSB0_APM1_AAIGTEn1_AAILTEn1_AAV0_ABV0_ACED0_AF0EM1_AF1EM1_AMAS0_ASE_ASGT_ASLT_ASM_ASAE01_ASBE01_ASCE01_ASDE01_ASEM1_
AAC0_BL1_BS1_CUM0_CDO0_CTDA0_CLR0_DSK0_DRA0_DU16_DULD1_DTLA0_DTLB0_DTVA0_DTVB0_DAF0_DKP0_DVO0_ETSP_EPS0_ELFLR0_EMLL0_FSSC10_F16AI0_F16AIR0_FL0_GLVWA8_GLVWB8_GR2A1_GR2B1_GRC
GA1_GRCGB1_GRCVA1_GRCVB1_GRPM1_GRVW8_GSU1_GSUASB_GSUAA0_GSUSARR1_GSUWGMRR0_GLS0_ISA1201_IU1_IA0_KLA_LEL0_LBSPPA512_LBSPPB512_LPA16_LPB16_LDL1_LR2A1_LR2B1_LRVW8_LW2A1_LW2B1_
LWPMn1_LDW0_LT1_FMA_MIAV1_MTSM64_MTSM1_MDA2_MI16_16_16_1_MO40_MVN256_MMFSC_MKFGSU256_MVN0_NR0_NTA0_NTB0_NTC0_NTD0_NEPBS0_NLCA1_NLCB1_ONLL0_OPLV0_PBD0_PFD1_PG2_PSD0_PSLn1_PW
Cn1_PWLn1_PK0_PKAB0_PAP0_PAPM0_PGR0_PLR0_PKA0_RK0_SGR0_SIA0_SLW0_SS1_SU32_SUM0_SUS256_SCIU0_SCIUE0_SCIUI1_SCIUPL0_SPO0_SRVW0_SSO0_SVW1_SK0_SKA0_SKXCCM0_SNLL0_TSGRA0_TSGRB0_
TT4_64_TLDS0_UIIDU0_UMLDSA0_UMLDSB0_UMF0_U64SL1_UIOFGRO0_USFGROn1_VAW1_VSn1_VW1_VWB1_VFLRP0_WSGRA0_WSGRB1_WS32_WG16_2_1_WGM8_WGMTB
#    (0:0) 
Cijk_Ailk_Bjlk_F8F8S_BH_GB_MT64x64x16_MI16x16x16x1_SN_1LDSB0_APM1_AAIGTEn1_AAILTEn1_AAV0_ABV0_ACED0_AF0EM1_AF1EM1_AMAS0_ASE_ASGT_ASLT_ASM_ASAE01_ASBE01_ASCE01_ASDE01_ASEM1_
AAC0_BL1_BS1_CUM0_CDO0_CTDA0_CLR0_DSK0_DRA0_DU16_DULD1_DTLA0_DTLB0_DTVA0_DTVB0_DAF0_DKP0_DVO0_ETSP_EPS0_ELFLR0_EMLL0_FSSC10_F16AI0_F16AIR0_FL0_GLVWA16_GLVWB16_GR2A1_GR2B1_G
RCGA1_GRCGB1_GRCVA1_GRCVB1_GRPM1_GRVW16_GSU1_GSUASB_GSUAA0_GSUSARR1_GSUWGMRR0_GLS0_ISA1201_IU1_IA0_KLA_LEL0_LBSPPA512_LBSPPB512_LPA16_LPB16_LDL1_LR2A1_LR2B1_LRVW8_LW2A1_LW2
B1_LWPMn1_LDW0_LT1_FMA_MIAV1_MTSM64_MTSM1_MDA2_MI16_16_16_1_MO40_MVN256_MMFSC_MKFGSU256_MVN0_NR0_NTA0_NTB0_NTC0_NTD0_NEPBS0_NLCA1_NLCB1_ONLL0_OPLV0_PBD0_PFD1_PG2_PSD0_PSLn1
_PWCn1_PWLn1_PK0_PKAB0_PAP0_PAPM0_PGR0_PLR0_PKA0_RK0_SGR0_SIA0_SLW0_SS1_SU32_SUM0_SUS256_SCIU0_SCIUE0_SCIUI1_SCIUPL0_SPO0_SRVW0_SSO0_SVW1_SK0_SKA0_SKXCCM0_SNLL0_TSGRA0_TSGR
B0_TT4_64_TLDS0_UIIDU0_UMLDSA0_UMLDSB0_UMF0_U64SL1_UIOFGRO0_USFGROn1_VAW1_VSn1_VW1_VWB1_VFLRP0_WSGRA0_WSGRB1_WS32_WG16_2_1_WGM8_WGMTB
#    (0:0) 
Cijk_Ailk_Bjlk_F8F8S_BH_GB_MT64x64x16_MI16x16x16x1_SN_1LDSB0_APM1_AAIGTEn1_AAILTEn1_AAV0_ABV0_ACED0_AF0EM1_AF1EM1_AMAS0_ASE_ASGT_ASLT_ASM_ASAE01_ASBE01_ASCE01_ASDE01_ASEM1_
AAC0_BL1_BS1_CUM0_CDO0_CTDA0_CLR0_DSK0_DRA0_DU16_DULD1_DTLA0_DTLB0_DTVA0_DTVB0_DAF0_DKP0_DVO0_ETSP_EPS0_ELFLR0_EMLL0_FSSC10_F16AI0_F16AIR0_FL0_GLVWA4_GLVWB4_GR2A1_GR2B1_GRC
GA1_GRCGB1_GRCVA1_GRCVB1_GRPM1_GRVW4_GSU1_GSUASB_GSUAA0_GSUSARR1_GSUWGMRR0_GLS0_ISA1201_IU1_IA0_KLA_LEL0_LBSPPA512_LBSPPB512_LPA16_LPB16_LDL1_LR2A1_LR2B1_LRVW8_LW2A1_LW2B1_
LWPMn1_LDW0_LT1_FMA_MIAV1_MTSM64_MTSM1_MDA2_MI16_16_16_1_MO40_MVN256_MMFSC_MKFGSU256_MVN0_NR0_NTA0_NTB0_NTC0_NTD0_NEPBS0_NLCA1_NLCB1_ONLL0_OPLV0_PBD0_PFD1_PG2_PSD0_PSLn1_PW
Cn1_PWLn1_PK0_PKAB0_PAP0_PAPM0_PGR0_PLR0_PKA0_RK0_SGR0_SIA0_SLW0_SS1_SU32_SUM0_SUS256_SCIU0_SCIUE0_SCIUI1_SCIUPL0_SPO0_SRVW0_SSO0_SVW1_SK0_SKA0_SKXCCM0_SNLL0_TSGRA0_TSGRB0_
TT4_64_TLDS0_UIIDU0_UMLDSA0_UMLDSB0_UMF0_U64SL1_UIOFGRO0_USFGROn1_VAW1_VSn1_VW1_VWB1_VFLRP0_WSGRA1_WSGRB1_WS32_WG16_2_1_WGM8_WGMTB
#    (0:0) 
Cijk_Ailk_Bjlk_F8F8S_BH_GB_MT64x64x16_MI16x16x16x1_SN_1LDSB0_APM1_AAIGTEn1_AAILTEn1_AAV0_ABV0_ACED0_AF0EM1_AF1EM1_AMAS0_ASE_ASGT_ASLT_ASM_ASAE01_ASBE01_ASCE01_ASDE01_ASEM1_
AAC0_BL1_BS1_CUM0_CDO0_CTDA0_CLR0_DSK0_DRA0_DU16_DULD1_DTLA0_DTLB0_DTVA0_DTVB0_DAF0_DKP0_DVO0_ETSP_EPS0_ELFLR0_EMLL0_FSSC10_F16AI0_F16AIR0_FL0_GLVWA8_GLVWB8_GR2A1_GR2B1_GRC
GA1_GRCGB1_GRCVA1_GRCVB1_GRPM1_GRVW8_GSU1_GSUASB_GSUAA0_GSUSARR1_GSUWGMRR0_GLS0_ISA1201_IU1_IA0_KLA_LEL0_LBSPPA512_LBSPPB512_LPA16_LPB16_LDL1_LR2A1_LR2B1_LRVW8_LW2A1_LW2B1_
LWPMn1_LDW0_LT1_FMA_MIAV1_MTSM64_MTSM1_MDA2_MI16_16_16_1_MO40_MVN256_MMFSC_MKFGSU256_MVN0_NR0_NTA0_NTB0_NTC0_NTD0_NEPBS0_NLCA1_NLCB1_ONLL0_OPLV0_PBD0_PFD1_PG2_PSD0_PSLn1_PW
Cn1_PWLn1_PK0_PKAB0_PAP0_PAPM0_PGR0_PLR0_PKA0_RK0_SGR0_SIA0_SLW0_SS1_SU32_SUM0_SUS256_SCIU0_SCIUE0_SCIUI1_SCIUPL0_SPO0_SRVW0_SSO0_SVW1_SK0_SKA0_SKXCCM0_SNLL0_TSGRA0_TSGRB0_
TT4_64_TLDS0_UIIDU0_UMLDSA0_UMLDSB0_UMF0_U64SL1_UIOFGRO0_USFGROn1_VAW1_VSn1_VW1_VWB1_VFLRP0_WSGRA1_WSGRB1_WS32_WG16_2_1_WGM8_WGMTB
#    (0:0) 
Cijk_Ailk_Bjlk_F8F8S_BH_GB_MT64x64x16_MI16x16x16x1_SN_1LDSB0_APM1_AAIGTEn1_AAILTEn1_AAV0_ABV0_ACED0_AF0EM1_AF1EM1_AMAS0_ASE_ASGT_ASLT_ASM_ASAE01_ASBE01_ASCE01_ASDE01_ASEM1_
AAC0_BL1_BS1_CUM0_CDO0_CTDA0_CLR0_DSK0_DRA0_DU16_DULD1_DTLA0_DTLB0_DTVA0_DTVB0_DAF0_DKP0_DVO0_ETSP_EPS0_ELFLR0_EMLL0_FSSC10_F16AI0_F16AIR0_FL0_GLVWA16_GLVWB16_GR2A1_GR2B1_G
RCGA1_GRCGB1_GRCVA1_GRCVB1_GRPM1_GRVW16_GSU1_GSUASB_GSUAA0_GSUSARR1_GSUWGMRR0_GLS0_ISA1201_IU1_IA0_KLA_LEL0_LBSPPA512_LBSPPB512_LPA16_LPB16_LDL1_LR2A1_LR2B1_LRVW8_LW2A1_LW2
B1_LWPMn1_LDW0_LT1_FMA_MIAV1_MTSM64_MTSM1_MDA2_MI16_16_16_1_MO40_MVN256_MMFSC_MKFGSU256_MVN0_NR0_NTA0_NTB0_NTC0_NTD0_NEPBS0_NLCA1_NLCB1_ONLL0_OPLV0_PBD0_PFD1_PG2_PSD0_PSLn1
_PWCn1_PWLn1_PK0_PKAB0_PAP0_PAPM0_PGR0_PLR0_PKA0_RK0_SGR0_SIA0_SLW0_SS1_SU32_SUM0_SUS256_SCIU0_SCIUE0_SCIUI1_SCIUPL0_SPO0_SRVW0_SSO0_SVW1_SK0_SKA0_SKXCCM0_SNLL0_TSGRA0_TSGR
B0_TT4_64_TLDS0_UIIDU0_UMLDSA0_UMLDSB0_UMF0_U64SL1_UIOFGRO0_USFGROn1_VAW1_VSn1_VW1_VWB1_VFLRP0_WSGRA1_WSGRB1_WS32_WG16_2_1_WGM8_WGMTB
#    (0:0) 
Cijk_Ailk_Bjlk_F8F8S_BH_GB_MT64x64x32_MI16x16x16x1_SN_1LDSB0_APM1_AAIGTEn1_AAILTEn1_AAV0_ABV0_ACED0_AF0EM1_AF1EM1_AMAS0_ASE_ASGT_ASLT_ASM_ASAE01_ASBE01_ASCE01_ASDE01_ASEM1_
AAC0_BL1_BS1_CUM0_CDO0_CTDA0_CLR0_DSK0_DRA0_DU32_DULD1_DTLA0_DTLB0_DTVA0_DTVB0_DAF0_DKP0_DVO0_ETSP_EPS0_ELFLR0_EMLL0_FSSC10_F16AI0_F16AIR0_FL0_GLVWA4_GLVWB4_GR2A1_GR2B1_GRC
GA1_GRCGB1_GRCVA1_GRCVB1_GRPM1_GRVW4_GSU1_GSUASB_GSUAA0_GSUSARR1_GSUWGMRR0_GLS0_ISA1201_IU1_IA0_KLA_LEL0_LBSPPA512_LBSPPB512_LPA16_LPB16_LDL1_LR2A1_LR2B1_LRVW8_LW2A1_LW2B1_
LWPMn1_LDW0_LT1_FMA_MIAV1_MTSM64_MTSM1_MDA2_MI16_16_16_1_MO40_MVN256_MMFSC_MKFGSU256_MVN0_NR0_NTA0_NTB0_NTC0_NTD0_NEPBS0_NLCA1_NLCB1_ONLL0_OPLV0_PBD0_PFD1_PG2_PSD0_PSLn1_PW
Cn1_PWLn1_PK0_PKAB0_PAP0_PAPM0_PGR0_PLR0_PKA0_RK0_SGR0_SIA0_SLW0_SS1_SU32_SUM0_SUS256_SCIU0_SCIUE0_SCIUI1_SCIUPL0_SPO0_SRVW0_SSO0_SVW1_SK0_SKA0_SKXCCM0_SNLL0_TSGRA0_TSGRB0_
TT4_64_TLDS0_UIIDU0_UMLDSA0_UMLDSB0_UMF0_U64SL1_UIOFGRO0_USFGROn1_VAW1_VSn1_VW1_VWB1_VFLRP0_WSGRA0_WSGRB0_WS32_WG16_2_1_WGM8_WGMTB
#    (0:0) 
Cijk_Ailk_Bjlk_F8F8S_BH_GB_MT64x64x32_MI16x16x16x1_SN_1LDSB0_APM1_AAIGTEn1_AAILTEn1_AAV0_ABV0_ACED0_AF0EM1_AF1EM1_AMAS0_ASE_ASGT_ASLT_ASM_ASAE01_ASBE01_ASCE01_ASDE01_ASEM1_
AAC0_BL1_BS1_CUM0_CDO0_CTDA0_CLR0_DSK0_DRA0_DU32_DULD1_DTLA0_DTLB0_DTVA0_DTVB0_DAF0_DKP0_DVO0_ETSP_EPS0_ELFLR0_EMLL0_FSSC10_F16AI0_F16AIR0_FL0_GLVWA8_GLVWB8_GR2A1_GR2B1_GRC
GA1_GRCGB1_GRCVA1_GRCVB1_GRPM1_GRVW8_GSU1_GSUASB_GSUAA0_GSUSARR1_GSUWGMRR0_GLS0_ISA1201_IU1_IA0_KLA_LEL0_LBSPPA512_LBSPPB512_LPA16_LPB16_LDL1_LR2A1_LR2B1_LRVW8_LW2A1_LW2B1_
LWPMn1_LDW0_LT1_FMA_MIAV1_MTSM64_MTSM1_MDA2_MI16_16_16_1_MO40_MVN256_MMFSC_MKFGSU256_MVN0_NR0_NTA0_NTB0_NTC0_NTD0_NEPBS0_NLCA1_NLCB1_ONLL0_OPLV0_PBD0_PFD1_PG2_PSD0_PSLn1_PW
Cn1_PWLn1_PK0_PKAB0_PAP0_PAPM0_PGR0_PLR0_PKA0_RK0_SGR0_SIA0_SLW0_SS1_SU32_SUM0_SUS256_SCIU0_SCIUE0_SCIUI1_SCIUPL0_SPO0_SRVW0_SSO0_SVW1_SK0_SKA0_SKXCCM0_SNLL0_TSGRA0_TSGRB0_
TT4_64_TLDS0_UIIDU0_UMLDSA0_UMLDSB0_UMF0_U64SL1_UIOFGRO0_USFGROn1_VAW1_VSn1_VW1_VWB1_VFLRP0_WSGRA0_WSGRB0_WS32_WG16_2_1_WGM8_WGMTB
#    (0:0) 
Cijk_Ailk_Bjlk_F8F8S_BH_GB_MT64x64x32_MI16x16x16x1_SN_1LDSB0_APM1_AAIGTEn1_AAILTEn1_AAV0_ABV0_ACED0_AF0EM1_AF1EM1_AMAS0_ASE_ASGT_ASLT_ASM_ASAE01_ASBE01_ASCE01_ASDE01_ASEM1_
AAC0_BL1_BS1_CUM0_CDO0_CTDA0_CLR0_DSK0_DRA0_DU32_DULD1_DTLA0_DTLB0_DTVA0_DTVB0_DAF0_DKP0_DVO0_ETSP_EPS0_ELFLR0_EMLL0_FSSC10_F16AI0_F16AIR0_FL0_GLVWA16_GLVWB16_GR2A1_GR2B1_G
RCGA1_GRCGB1_GRCVA1_GRCVB1_GRPM1_GRVW16_GSU1_GSUASB_GSUAA0_GSUSARR1_GSUWGMRR0_GLS0_ISA1201_IU1_IA0_KLA_LEL0_LBSPPA512_LBSPPB512_LPA16_LPB16_LDL1_LR2A1_LR2B1_LRVW8_LW2A1_LW2
B1_LWPMn1_LDW0_LT1_FMA_MIAV1_MTSM64_MTSM1_MDA2_MI16_16_16_1_MO40_MVN256_MMFSC_MKFGSU256_MVN0_NR0_NTA0_NTB0_NTC0_NTD0_NEPBS0_NLCA1_NLCB1_ONLL0_OPLV0_PBD0_PFD1_PG2_PSD0_PSLn1
_PWCn1_PWLn1_PK0_PKAB0_PAP0_PAPM0_PGR0_PLR0_PKA0_RK0_SGR0_SIA0_SLW0_SS1_SU32_SUM0_SUS256_SCIU0_SCIUE0_SCIUI1_SCIUPL0_SPO0_SRVW0_SSO0_SVW1_SK0_SKA0_SKXCCM0_SNLL0_TSGRA0_TSGR
B0_TT4_64_TLDS0_UIIDU0_UMLDSA0_UMLDSB0_UMF0_U64SL1_UIOFGRO0_USFGROn1_VAW1_VSn1_VW1_VWB1_VFLRP0_WSGRA0_WSGRB0_WS32_WG16_2_1_WGM8_WGMTB
#    (0:0) 
Cijk_Ailk_Bjlk_F8F8S_BH_GB_MT64x64x32_MI16x16x16x1_SN_1LDSB0_APM1_AAIGTEn1_AAILTEn1_AAV0_ABV0_ACED0_AF0EM1_AF1EM1_AMAS0_ASE_ASGT_ASLT_ASM_ASAE01_ASBE01_ASCE01_ASDE01_ASEM1_
AAC0_BL1_BS1_CUM0_CDO0_CTDA0_CLR0_DSK0_DRA0_DU32_DULD1_DTLA0_DTLB0_DTVA0_DTVB0_DAF0_DKP0_DVO0_ETSP_EPS0_ELFLR0_EMLL0_FSSC10_F16AI0_F16AIR0_FL0_GLVWA4_GLVWB4_GR2A1_GR2B1_GRC
GA1_GRCGB1_GRCVA1_GRCVB1_GRPM1_GRVW4_GSU1_GSUASB_GSUAA0_GSUSARR1_GSUWGMRR0_GLS0_ISA1201_IU1_IA0_KLA_LEL0_LBSPPA512_LBSPPB512_LPA16_LPB16_LDL1_LR2A1_LR2B1_LRVW8_LW2A1_LW2B1_
LWPMn1_LDW0_LT1_FMA_MIAV1_MTSM64_MTSM1_MDA2_MI16_16_16_1_MO40_MVN256_MMFSC_MKFGSU256_MVN0_NR0_NTA0_NTB0_NTC0_NTD0_NEPBS0_NLCA1_NLCB1_ONLL0_OPLV0_PBD0_PFD1_PG2_PSD0_PSLn1_PW
Cn1_PWLn1_PK0_PKAB0_PAP0_PAPM0_PGR0_PLR0_PKA0_RK0_SGR0_SIA0_SLW0_SS1_SU32_SUM0_SUS256_SCIU0_SCIUE0_SCIUI1_SCIUPL0_SPO0_SRVW0_SSO0_SVW1_SK0_SKA0_SKXCCM0_SNLL0_TSGRA0_TSGRB0_
TT4_64_TLDS0_UIIDU0_UMLDSA0_UMLDSB0_UMF0_U64SL1_UIOFGRO0_USFGROn1_VAW1_VSn1_VW1_VWB1_VFLRP0_WSGRA1_WSGRB0_WS32_WG16_2_1_WGM8_WGMTB
#    (0:0) 
Cijk_Ailk_Bjlk_F8F8S_BH_GB_MT64x64x32_MI16x16x16x1_SN_1LDSB0_APM1_AAIGTEn1_AAILTEn1_AAV0_ABV0_ACED0_AF0EM1_AF1EM1_AMAS0_ASE_ASGT_ASLT_ASM_ASAE01_ASBE01_ASCE01_ASDE01_ASEM1_
AAC0_BL1_BS1_CUM0_CDO0_CTDA0_CLR0_DSK0_DRA0_DU32_DULD1_DTLA0_DTLB0_DTVA0_DTVB0_DAF0_DKP0_DVO0_ETSP_EPS0_ELFLR0_EMLL0_FSSC10_F16AI0_F16AIR0_FL0_GLVWA8_GLVWB8_GR2A1_GR2B1_GRC
GA1_GRCGB1_GRCVA1_GRCVB1_GRPM1_GRVW8_GSU1_GSUASB_GSUAA0_GSUSARR1_GSUWGMRR0_GLS0_ISA1201_IU1_IA0_KLA_LEL0_LBSPPA512_LBSPPB512_LPA16_LPB16_LDL1_LR2A1_LR2B1_LRVW8_LW2A1_LW2B1_
LWPMn1_LDW0_LT1_FMA_MIAV1_MTSM64_MTSM1_MDA2_MI16_16_16_1_MO40_MVN256_MMFSC_MKFGSU256_MVN0_NR0_NTA0_NTB0_NTC0_NTD0_NEPBS0_NLCA1_NLCB1_ONLL0_OPLV0_PBD0_PFD1_PG2_PSD0_PSLn1_PW
Cn1_PWLn1_PK0_PKAB0_PAP0_PAPM0_PGR0_PLR0_PKA0_RK0_SGR0_SIA0_SLW0_SS1_SU32_SUM0_SUS256_SCIU0_SCIUE0_SCIUI1_SCIUPL0_SPO0_SRVW0_SSO0_SVW1_SK0_SKA0_SKXCCM0_SNLL0_TSGRA0_TSGRB0_
TT4_64_TLDS0_UIIDU0_UMLDSA0_UMLDSB0_UMF0_U64SL1_UIOFGRO0_USFGROn1_VAW1_VSn1_VW1_VWB1_VFLRP0_WSGRA1_WSGRB0_WS32_WG16_2_1_WGM8_WGMTB
#    (0:0) 
Cijk_Ailk_Bjlk_F8F8S_BH_GB_MT64x64x32_MI16x16x16x1_SN_1LDSB0_APM1_AAIGTEn1_AAILTEn1_AAV0_ABV0_ACED0_AF0EM1_AF1EM1_AMAS0_ASE_ASGT_ASLT_ASM_ASAE01_ASBE01_ASCE01_ASDE01_ASEM1_
AAC0_BL1_BS1_CUM0_CDO0_CTDA0_CLR0_DSK0_DRA0_DU32_DULD1_DTLA0_DTLB0_DTVA0_DTVB0_DAF0_DKP0_DVO0_ETSP_EPS0_ELFLR0_EMLL0_FSSC10_F16AI0_F16AIR0_FL0_GLVWA16_GLVWB16_GR2A1_GR2B1_G
RCGA1_GRCGB1_GRCVA1_GRCVB1_GRPM1_GRVW16_GSU1_GSUASB_GSUAA0_GSUSARR1_GSUWGMRR0_GLS0_ISA1201_IU1_IA0_KLA_LEL0_LBSPPA512_LBSPPB512_LPA16_LPB16_LDL1_LR2A1_LR2B1_LRVW8_LW2A1_LW2
B1_LWPMn1_LDW0_LT1_FMA_MIAV1_MTSM64_MTSM1_MDA2_MI16_16_16_1_MO40_MVN256_MMFSC_MKFGSU256_MVN0_NR0_NTA0_NTB0_NTC0_NTD0_NEPBS0_NLCA1_NLCB1_ONLL0_OPLV0_PBD0_PFD1_PG2_PSD0_PSLn1
_PWCn1_PWLn1_PK0_PKAB0_PAP0_PAPM0_PGR0_PLR0_PKA0_RK0_SGR0_SIA0_SLW0_SS1_SU32_SUM0_SUS256_SCIU0_SCIUE0_SCIUI1_SCIUPL0_SPO0_SRVW0_SSO0_SVW1_SK0_SKA0_SKXCCM0_SNLL0_TSGRA0_TSGR
B0_TT4_64_TLDS0_UIIDU0_UMLDSA0_UMLDSB0_UMF0_U64SL1_UIOFGRO0_USFGROn1_VAW1_VSn1_VW1_VWB1_VFLRP0_WSGRA1_WSGRB0_WS32_WG16_2_1_WGM8_WGMTB
#    (0:0) 
Cijk_Ailk_Bjlk_F8F8S_BH_GB_MT64x64x32_MI16x16x16x1_SN_1LDSB0_APM1_AAIGTEn1_AAILTEn1_AAV0_ABV0_ACED0_AF0EM1_AF1EM1_AMAS0_ASE_ASGT_ASLT_ASM_ASAE01_ASBE01_ASCE01_ASDE01_ASEM1_
AAC0_BL1_BS1_CUM0_CDO0_CTDA0_CLR0_DSK0_DRA0_DU32_DULD1_DTLA0_DTLB0_DTVA0_DTVB0_DAF0_DKP0_DVO0_ETSP_EPS0_ELFLR0_EMLL0_FSSC10_F16AI0_F16AIR0_FL0_GLVWA4_GLVWB4_GR2A1_GR2B1_GRC
GA1_GRCGB1_GRCVA1_GRCVB1_GRPM1_GRVW4_GSU1_GSUASB_GSUAA0_GSUSARR1_GSUWGMRR0_GLS0_ISA1201_IU1_IA0_KLA_LEL0_LBSPPA512_LBSPPB512_LPA16_LPB16_LDL1_LR2A1_LR2B1_LRVW8_LW2A1_LW2B1_
LWPMn1_LDW0_LT1_FMA_MIAV1_MTSM64_MTSM1_MDA2_MI16_16_16_1_MO40_MVN256_MMFSC_MKFGSU256_MVN0_NR0_NTA0_NTB0_NTC0_NTD0_NEPBS0_NLCA1_NLCB1_ONLL0_OPLV0_PBD0_PFD1_PG2_PSD0_PSLn1_PW
Cn1_PWLn1_PK0_PKAB0_PAP0_PAPM0_PGR0_PLR0_PKA0_RK0_SGR0_SIA0_SLW0_SS1_SU32_SUM0_SUS256_SCIU0_SCIUE0_SCIUI1_SCIUPL0_SPO0_SRVW0_SSO0_SVW1_SK0_SKA0_SKXCCM0_SNLL0_TSGRA0_TSGRB0_
TT4_64_TLDS0_UIIDU0_UMLDSA0_UMLDSB0_UMF0_U64SL1_UIOFGRO0_USFGROn1_VAW1_VSn1_VW1_VWB1_VFLRP0_WSGRA0_WSGRB1_WS32_WG16_2_1_WGM8_WGMTB
#    (0:0) 
Cijk_Ailk_Bjlk_F8F8S_BH_GB_MT64x64x32_MI16x16x16x1_SN_1LDSB0_APM1_AAIGTEn1_AAILTEn1_AAV0_ABV0_ACED0_AF0EM1_AF1EM1_AMAS0_ASE_ASGT_ASLT_ASM_ASAE01_ASBE01_ASCE01_ASDE01_ASEM1_
AAC0_BL1_BS1_CUM0_CDO0_CTDA0_CLR0_DSK0_DRA0_DU32_DULD1_DTLA0_DTLB0_DTVA0_DTVB0_DAF0_DKP0_DVO0_ETSP_EPS0_ELFLR0_EMLL0_FSSC10_F16AI0_F16AIR0_FL0_GLVWA8_GLVWB8_GR2A1_GR2B1_GRC
GA1_GRCGB1_GRCVA1_GRCVB1_GRPM1_GRVW8_GSU1_GSUASB_GSUAA0_GSUSARR1_GSUWGMRR0_GLS0_ISA1201_IU1_IA0_KLA_LEL0_LBSPPA512_LBSPPB512_LPA16_LPB16_LDL1_LR2A1_LR2B1_LRVW8_LW2A1_LW2B1_
LWPMn1_LDW0_LT1_FMA_MIAV1_MTSM64_MTSM1_MDA2_MI16_16_16_1_MO40_MVN256_MMFSC_MKFGSU256_MVN0_NR0_NTA0_NTB0_NTC0_NTD0_NEPBS0_NLCA1_NLCB1_ONLL0_OPLV0_PBD0_PFD1_PG2_PSD0_PSLn1_PW
Cn1_PWLn1_PK0_PKAB0_PAP0_PAPM0_PGR0_PLR0_PKA0_RK0_SGR0_SIA0_SLW0_SS1_SU32_SUM0_SUS256_SCIU0_SCIUE0_SCIUI1_SCIUPL0_SPO0_SRVW0_SSO0_SVW1_SK0_SKA0_SKXCCM0_SNLL0_TSGRA0_TSGRB0_
TT4_64_TLDS0_UIIDU0_UMLDSA0_UMLDSB0_UMF0_U64SL1_UIOFGRO0_USFGROn1_VAW1_VSn1_VW1_VWB1_VFLRP0_WSGRA0_WSGRB1_WS32_WG16_2_1_WGM8_WGMTB
#    (0:0) 
Cijk_Ailk_Bjlk_F8F8S_BH_GB_MT64x64x32_MI16x16x16x1_SN_1LDSB0_APM1_AAIGTEn1_AAILTEn1_AAV0_ABV0_ACED0_AF0EM1_AF1EM1_AMAS0_ASE_ASGT_ASLT_ASM_ASAE01_ASBE01_ASCE01_ASDE01_ASEM1_
AAC0_BL1_BS1_CUM0_CDO0_CTDA0_CLR0_DSK0_DRA0_DU32_DULD1_DTLA0_DTLB0_DTVA0_DTVB0_DAF0_DKP0_DVO0_ETSP_EPS0_ELFLR0_EMLL0_FSSC10_F16AI0_F16AIR0_FL0_GLVWA16_GLVWB16_GR2A1_GR2B1_G
RCGA1_GRCGB1_GRCVA1_GRCVB1_GRPM1_GRVW16_GSU1_GSUASB_GSUAA0_GSUSARR1_GSUWGMRR0_GLS0_ISA1201_IU1_IA0_KLA_LEL0_LBSPPA512_LBSPPB512_LPA16_LPB16_LDL1_LR2A1_LR2B1_LRVW8_LW2A1_LW2
B1_LWPMn1_LDW0_LT1_FMA_MIAV1_MTSM64_MTSM1_MDA2_MI16_16_16_1_MO40_MVN256_MMFSC_MKFGSU256_MVN0_NR0_NTA0_NTB0_NTC0_NTD0_NEPBS0_NLCA1_NLCB1_ONLL0_OPLV0_PBD0_PFD1_PG2_PSD0_PSLn1
_PWCn1_PWLn1_PK0_PKAB0_PAP0_PAPM0_PGR0_PLR0_PKA0_RK0_SGR0_SIA0_SLW0_SS1_SU32_SUM0_SUS256_SCIU0_SCIUE0_SCIUI1_SCIUPL0_SPO0_SRVW0_SSO0_SVW1_SK0_SKA0_SKXCCM0_SNLL0_TSGRA0_TSGR
B0_TT4_64_TLDS0_UIIDU0_UMLDSA0_UMLDSB0_UMF0_U64SL1_UIOFGRO0_USFGROn1_VAW1_VSn1_VW1_VWB1_VFLRP0_WSGRA0_WSGRB1_WS32_WG16_2_1_WGM8_WGMTB
#    (0:0) 
Cijk_Ailk_Bjlk_F8F8S_BH_GB_MT64x64x32_MI16x16x16x1_SN_1LDSB0_APM1_AAIGTEn1_AAILTEn1_AAV0_ABV0_ACED0_AF0EM1_AF1EM1_AMAS0_ASE_ASGT_ASLT_ASM_ASAE01_ASBE01_ASCE01_ASDE01_ASEM1_
AAC0_BL1_BS1_CUM0_CDO0_CTDA0_CLR0_DSK0_DRA0_DU32_DULD1_DTLA0_DTLB0_DTVA0_DTVB0_DAF0_DKP0_DVO0_ETSP_EPS0_ELFLR0_EMLL0_FSSC10_F16AI0_F16AIR0_FL0_GLVWA4_GLVWB4_GR2A1_GR2B1_GRC
GA1_GRCGB1_GRCVA1_GRCVB1_GRPM1_GRVW4_GSU1_GSUASB_GSUAA0_GSUSARR1_GSUWGMRR0_GLS0_ISA1201_IU1_IA0_KLA_LEL0_LBSPPA512_LBSPPB512_LPA16_LPB16_LDL1_LR2A1_LR2B1_LRVW8_LW2A1_LW2B1_
LWPMn1_LDW0_LT1_FMA_MIAV1_MTSM64_MTSM1_MDA2_MI16_16_16_1_MO40_MVN256_MMFSC_MKFGSU256_MVN0_NR0_NTA0_NTB0_NTC0_NTD0_NEPBS0_NLCA1_NLCB1_ONLL0_OPLV0_PBD0_PFD1_PG2_PSD0_PSLn1_PW
Cn1_PWLn1_PK0_PKAB0_PAP0_PAPM0_PGR0_PLR0_PKA0_RK0_SGR0_SIA0_SLW0_SS1_SU32_SUM0_SUS256_SCIU0_SCIUE0_SCIUI1_SCIUPL0_SPO0_SRVW0_SSO0_SVW1_SK0_SKA0_SKXCCM0_SNLL0_TSGRA0_TSGRB0_
TT4_64_TLDS0_UIIDU0_UMLDSA0_UMLDSB0_UMF0_U64SL1_UIOFGRO0_USFGROn1_VAW1_VSn1_VW1_VWB1_VFLRP0_WSGRA1_WSGRB1_WS32_WG16_2_1_WGM8_WGMTB
#    (0:0) 
Cijk_Ailk_Bjlk_F8F8S_BH_GB_MT64x64x32_MI16x16x16x1_SN_1LDSB0_APM1_AAIGTEn1_AAILTEn1_AAV0_ABV0_ACED0_AF0EM1_AF1EM1_AMAS0_ASE_ASGT_ASLT_ASM_ASAE01_ASBE01_ASCE01_ASDE01_ASEM1_
AAC0_BL1_BS1_CUM0_CDO0_CTDA0_CLR0_DSK0_DRA0_DU32_DULD1_DTLA0_DTLB0_DTVA0_DTVB0_DAF0_DKP0_DVO0_ETSP_EPS0_ELFLR0_EMLL0_FSSC10_F16AI0_F16AIR0_FL0_GLVWA8_GLVWB8_GR2A1_GR2B1_GRC
GA1_GRCGB1_GRCVA1_GRCVB1_GRPM1_GRVW8_GSU1_GSUASB_GSUAA0_GSUSARR1_GSUWGMRR0_GLS0_ISA1201_IU1_IA0_KLA_LEL0_LBSPPA512_LBSPPB512_LPA16_LPB16_LDL1_LR2A1_LR2B1_LRVW8_LW2A1_LW2B1_
LWPMn1_LDW0_LT1_FMA_MIAV1_MTSM64_MTSM1_MDA2_MI16_16_16_1_MO40_MVN256_MMFSC_MKFGSU256_MVN0_NR0_NTA0_NTB0_NTC0_NTD0_NEPBS0_NLCA1_NLCB1_ONLL0_OPLV0_PBD0_PFD1_PG2_PSD0_PSLn1_PW
Cn1_PWLn1_PK0_PKAB0_PAP0_PAPM0_PGR0_PLR0_PKA0_RK0_SGR0_SIA0_SLW0_SS1_SU32_SUM0_SUS256_SCIU0_SCIUE0_SCIUI1_SCIUPL0_SPO0_SRVW0_SSO0_SVW1_SK0_SKA0_SKXCCM0_SNLL0_TSGRA0_TSGRB0_
TT4_64_TLDS0_UIIDU0_UMLDSA0_UMLDSB0_UMF0_U64SL1_UIOFGRO0_USFGROn1_VAW1_VSn1_VW1_VWB1_VFLRP0_WSGRA1_WSGRB1_WS32_WG16_2_1_WGM8_WGMTB
#    (0:0) 
Cijk_Ailk_Bjlk_F8F8S_BH_GB_MT64x64x32_MI16x16x16x1_SN_1LDSB0_APM1_AAIGTEn1_AAILTEn1_AAV0_ABV0_ACED0_AF0EM1_AF1EM1_AMAS0_ASE_ASGT_ASLT_ASM_ASAE01_ASBE01_ASCE01_ASDE01_ASEM1_
AAC0_BL1_BS1_CUM0_CDO0_CTDA0_CLR0_DSK0_DRA0_DU32_DULD1_DTLA0_DTLB0_DTVA0_DTVB0_DAF0_DKP0_DVO0_ETSP_EPS0_ELFLR0_EMLL0_FSSC10_F16AI0_F16AIR0_FL0_GLVWA16_GLVWB16_GR2A1_GR2B1_G
RCGA1_GRCGB1_GRCVA1_GRCVB1_GRPM1_GRVW16_GSU1_GSUASB_GSUAA0_GSUSARR1_GSUWGMRR0_GLS0_ISA1201_IU1_IA0_KLA_LEL0_LBSPPA512_LBSPPB512_LPA16_LPB16_LDL1_LR2A1_LR2B1_LRVW8_LW2A1_LW2
B1_LWPMn1_LDW0_LT1_FMA_MIAV1_MTSM64_MTSM1_MDA2_MI16_16_16_1_MO40_MVN256_MMFSC_MKFGSU256_MVN0_NR0_NTA0_NTB0_NTC0_NTD0_NEPBS0_NLCA1_NLCB1_ONLL0_OPLV0_PBD0_PFD1_PG2_PSD0_PSLn1
_PWCn1_PWLn1_PK0_PKAB0_PAP0_PAPM0_PGR0_PLR0_PKA0_RK0_SGR0_SIA0_SLW0_SS1_SU32_SUM0_SUS256_SCIU0_SCIUE0_SCIUI1_SCIUPL0_SPO0_SRVW0_SSO0_SVW1_SK0_SKA0_SKXCCM0_SNLL0_TSGRA0_TSGR
B0_TT4_64_TLDS0_UIIDU0_UMLDSA0_UMLDSB0_UMF0_U64SL1_UIOFGRO0_USFGROn1_VAW1_VSn1_VW1_VWB1_VFLRP0_WSGRA1_WSGRB1_WS32_WG16_2_1_WGM8_WGMTB
################################################################################
Finding unique solutions:   0%|          | 0/48 [00:00<?, ?it/s]Finding unique solutions: 100%|██████████| 48/48 [00:00<00:00, 15721.27it/s]
# Writing Kernels...
Generating kernels: 12 thread(s), 48 tasks:   0%|          | 0/48 [00:00<?, ?it/s]total vgpr count: 256

write_assemblyFilename /home/iamthecage/out-v2/f8_to_f8_wmma_gb_fixed_nt/1_BenchmarkProblems/Cijk_Ailk_Bjlk_F8F8S_BH_GB_00/00_Final/source/build_tmp/SOURCE/assembly/Cijk_Ailk_Bjlk_F8F8S_BH_GB_MT64x64x16_MI16x16x165BG-8DJXshZdHVJ94-9-yEOqcXWvb7qtvyb5RttvsAo=.s
Assemble command: /opt/rocm/bin/amdclang++ -x assembler -target amdgcn-amd-amdhsa -mcode-object-version=4 -mcpu=gfx1201 -mno-wavefrontsize64 -c -o 
/home/iamthecage/out-v2/f8_to_f8_wmma_gb_fixed_nt/1_BenchmarkProblems/Cijk_Ailk_Bjlk_F8F8S_BH_GB_00/00_Final/source/build_tmp/SOURCE/assembly/Cijk_Ailk_Bjlk_F8F8S_BH_GB_MT6
4x64x16_MI16x16x165BG-8DJXshZdHVJ94-9-yEOqcXWvb7qtvyb5RttvsAo=.o 
/home/iamthecage/out-v2/f8_to_f8_wmma_gb_fixed_nt/1_BenchmarkProblems/Cijk_Ailk_Bjlk_F8F8S_BH_GB_00/00_Final/source/build_tmp/SOURCE/assembly/Cijk_Ailk_Bjlk_F8F8S_BH_GB_MT6
4x64x16_MI16x16x165BG-8DJXshZdHVJ94-9-yEOqcXWvb7qtvyb5RttvsAo=.s && 
total vgpr count: 256

total vgpr count: 256

write_assemblyFilename /home/iamthecage/out-v2/f8_to_f8_wmma_gb_fixed_nt/1_BenchmarkProblems/Cijk_Ailk_Bjlk_F8F8S_BH_GB_00/00_Final/source/build_tmp/SOURCE/assembly/Cijk_Ailk_Bjlk_F8F8S_BH_GB_MT64x64x16_MI16x16x16uItvcoRD_vXmskSwxxB6Yeryhzatgz9AtvHs4IZR-JA=.s
Assemble command: /opt/rocm/bin/amdclang++ -x assembler -target amdgcn-amd-amdhsa -mcode-object-version=4 -mcpu=gfx1201 -mno-wavefrontsize64 -c -o 
/home/iamthecage/out-v2/f8_to_f8_wmma_gb_fixed_nt/1_BenchmarkProblems/Cijk_Ailk_Bjlk_F8F8S_BH_GB_00/00_Final/source/build_tmp/SOURCE/assembly/Cijk_Ailk_Bjlk_F8F8S_BH_GB_MT6
4x64x16_MI16x16x16uItvcoRD_vXmskSwxxB6Yeryhzatgz9AtvHs4IZR-JA=.o 
/home/iamthecage/out-v2/f8_to_f8_wmma_gb_fixed_nt/1_BenchmarkProblems/Cijk_Ailk_Bjlk_F8F8S_BH_GB_00/00_Final/source/build_tmp/SOURCE/assembly/Cijk_Ailk_Bjlk_F8F8S_BH_GB_MT6
4x64x16_MI16x16x16uItvcoRD_vXmskSwxxB6Yeryhzatgz9AtvHs4IZR-JA=.s && 
b''
Single Code Object File: /opt/rocm/bin/amdclang++ -target amdgcn-amd-amdhsa -Xlinker --build-id -o 
/home/iamthecage/out-v2/f8_to_f8_wmma_gb_fixed_nt/1_BenchmarkProblems/Cijk_Ailk_Bjlk_F8F8S_BH_GB_00/00_Final/source/build_tmp/SOURCE/assembly/Cijk_Ailk_Bjlk_F8F8S_BH_GB_MT6
4x64x16_MI16x16x165BG-8DJXshZdHVJ94-9-yEOqcXWvb7qtvyb5RttvsAo=.co 
/home/iamthecage/out-v2/f8_to_f8_wmma_gb_fixed_nt/1_BenchmarkProblems/Cijk_Ailk_Bjlk_F8F8S_BH_GB_00/00_Final/source/build_tmp/SOURCE/assembly/Cijk_Ailk_Bjlk_F8F8S_BH_GB_MT6
4x64x16_MI16x16x165BG-8DJXshZdHVJ94-9-yEOqcXWvb7qtvyb5RttvsAo=.o
total vgpr count: 256

total vgpr count: 256

total vgpr count: 256

total vgpr count: 256

write_assemblyFilename /home/iamthecage/out-v2/f8_to_f8_wmma_gb_fixed_nt/1_BenchmarkProblems/Cijk_Ailk_Bjlk_F8F8S_BH_GB_00/00_Final/source/build_tmp/SOURCE/assembly/Cijk_Ailk_Bjlk_F8F8S_BH_GB_MT64x64x16_MI16x16x16LofYYNMhBprQhYfXsYrt9FVkjNNBfMGkxIKr-q9OPls=.s
Assemble command: /opt/rocm/bin/amdclang++ -x assembler -target amdgcn-amd-amdhsa -mcode-object-version=4 -mcpu=gfx1201 -mno-wavefrontsize64 -c -o 
/home/iamthecage/out-v2/f8_to_f8_wmma_gb_fixed_nt/1_BenchmarkProblems/Cijk_Ailk_Bjlk_F8F8S_BH_GB_00/00_Final/source/build_tmp/SOURCE/assembly/Cijk_Ailk_Bjlk_F8F8S_BH_GB_MT6
4x64x16_MI16x16x16LofYYNMhBprQhYfXsYrt9FVkjNNBfMGkxIKr-q9OPls=.o 
/home/iamthecage/out-v2/f8_to_f8_wmma_gb_fixed_nt/1_BenchmarkProblems/Cijk_Ailk_Bjlk_F8F8S_BH_GB_00/00_Final/source/build_tmp/SOURCE/assembly/Cijk_Ailk_Bjlk_F8F8S_BH_GB_MT6
4x64x16_MI16x16x16LofYYNMhBprQhYfXsYrt9FVkjNNBfMGkxIKr-q9OPls=.s && 
write_assemblyFilename /home/iamthecage/out-v2/f8_to_f8_wmma_gb_fixed_nt/1_BenchmarkProblems/Cijk_Ailk_Bjlk_F8F8S_BH_GB_00/00_Final/source/build_tmp/SOURCE/assembly/Cijk_Ailk_Bjlk_F8F8S_BH_GB_MT64x64x16_MI16x16x16XwbSiHnzFDkSF7xxE_S4bfjy5Tf2YRw9MoH6p6gbg-4=.s
Assemble command: /opt/rocm/bin/amdclang++ -x assembler -target amdgcn-amd-amdhsa -mcode-object-version=4 -mcpu=gfx1201 -mno-wavefrontsize64 -c -o 
/home/iamthecage/out-v2/f8_to_f8_wmma_gb_fixed_nt/1_BenchmarkProblems/Cijk_Ailk_Bjlk_F8F8S_BH_GB_00/00_Final/source/build_tmp/SOURCE/assembly/Cijk_Ailk_Bjlk_F8F8S_BH_GB_MT6
4x64x16_MI16x16x16XwbSiHnzFDkSF7xxE_S4bfjy5Tf2YRw9MoH6p6gbg-4=.o 
/home/iamthecage/out-v2/f8_to_f8_wmma_gb_fixed_nt/1_BenchmarkProblems/Cijk_Ailk_Bjlk_F8F8S_BH_GB_00/00_Final/source/build_tmp/SOURCE/assembly/Cijk_Ailk_Bjlk_F8F8S_BH_GB_MT6
4x64x16_MI16x16x16XwbSiHnzFDkSF7xxE_S4bfjy5Tf2YRw9MoH6p6gbg-4=.s && 
total vgpr count: 256

b''
write_assemblyFilename /home/iamthecage/out-v2/f8_to_f8_wmma_gb_fixed_nt/1_BenchmarkProblems/Cijk_Ailk_Bjlk_F8F8S_BH_GB_00/00_Final/source/build_tmp/SOURCE/assembly/Cijk_Ailk_Bjlk_F8F8S_BH_GB_MT64x64x16_MI16x16x16OOYvAZYq5cZnogmGFouOmi0m-MqUSIjqY2Z8a6jSVVA=.s
Assemble command: /opt/rocm/bin/amdclang++ -x assembler -target amdgcn-amd-amdhsa -mcode-object-version=4 -mcpu=gfx1201 -mno-wavefrontsize64 -c -o 
/home/iamthecage/out-v2/f8_to_f8_wmma_gb_fixed_nt/1_BenchmarkProblems/Cijk_Ailk_Bjlk_F8F8S_BH_GB_00/00_Final/source/build_tmp/SOURCE/assembly/Cijk_Ailk_Bjlk_F8F8S_BH_GB_MT6
4x64x16_MI16x16x16OOYvAZYq5cZnogmGFouOmi0m-MqUSIjqY2Z8a6jSVVA=.o 
/home/iamthecage/out-v2/f8_to_f8_wmma_gb_fixed_nt/1_BenchmarkProblems/Cijk_Ailk_Bjlk_F8F8S_BH_GB_00/00_Final/source/build_tmp/SOURCE/assembly/Cijk_Ailk_Bjlk_F8F8S_BH_GB_MT6
4x64x16_MI16x16x16OOYvAZYq5cZnogmGFouOmi0m-MqUSIjqY2Z8a6jSVVA=.s && 
Generating kernels: 12 thread(s), 48 tasks:  50%|█████     | 24/48 [00:01<00:01, 12.09it/s]b''
Single Code Object File: /opt/rocm/bin/amdclang++ -target amdgcn-amd-amdhsa -Xlinker --build-id -o 
/home/iamthecage/out-v2/f8_to_f8_wmma_gb_fixed_nt/1_BenchmarkProblems/Cijk_Ailk_Bjlk_F8F8S_BH_GB_00/00_Final/source/build_tmp/SOURCE/assembly/Cijk_Ailk_Bjlk_F8F8S_BH_GB_MT6
4x64x16_MI16x16x16uItvcoRD_vXmskSwxxB6Yeryhzatgz9AtvHs4IZR-JA=.co 
/home/iamthecage/out-v2/f8_to_f8_wmma_gb_fixed_nt/1_BenchmarkProblems/Cijk_Ailk_Bjlk_F8F8S_BH_GB_00/00_Final/source/build_tmp/SOURCE/assembly/Cijk_Ailk_Bjlk_F8F8S_BH_GB_MT6
4x64x16_MI16x16x16uItvcoRD_vXmskSwxxB6Yeryhzatgz9AtvHs4IZR-JA=.o
write_assemblyFilename /home/iamthecage/out-v2/f8_to_f8_wmma_gb_fixed_nt/1_BenchmarkProblems/Cijk_Ailk_Bjlk_F8F8S_BH_GB_00/00_Final/source/build_tmp/SOURCE/assembly/Cijk_Ailk_Bjlk_F8F8S_BH_GB_MT64x64x16_MI16x16x16G8i6KmdGOf61k2NKefw1JLuhK3LcGUQW0o0gzV7_2Ws=.s
Assemble command: /opt/rocm/bin/amdclang++ -x assembler -target amdgcn-amd-amdhsa -mcode-object-version=4 -mcpu=gfx1201 -mno-wavefrontsize64 -c -o 
/home/iamthecage/out-v2/f8_to_f8_wmma_gb_fixed_nt/1_BenchmarkProblems/Cijk_Ailk_Bjlk_F8F8S_BH_GB_00/00_Final/source/build_tmp/SOURCE/assembly/Cijk_Ailk_Bjlk_F8F8S_BH_GB_MT6
4x64x16_MI16x16x16G8i6KmdGOf61k2NKefw1JLuhK3LcGUQW0o0gzV7_2Ws=.o 
/home/iamthecage/out-v2/f8_to_f8_wmma_gb_fixed_nt/1_BenchmarkProblems/Cijk_Ailk_Bjlk_F8F8S_BH_GB_00/00_Final/source/build_tmp/SOURCE/assembly/Cijk_Ailk_Bjlk_F8F8S_BH_GB_MT6
4x64x16_MI16x16x16G8i6KmdGOf61k2NKefw1JLuhK3LcGUQW0o0gzV7_2Ws=.s && 
write_assemblyFilename /home/iamthecage/out-v2/f8_to_f8_wmma_gb_fixed_nt/1_BenchmarkProblems/Cijk_Ailk_Bjlk_F8F8S_BH_GB_00/00_Final/source/build_tmp/SOURCE/assembly/Cijk_Ailk_Bjlk_F8F8S_BH_GB_MT64x64x16_MI16x16x16zzCQD1Hxug5bJjUMBQJAPgNMADPs4wraIgeFvzoUjQc=.s
Assemble command: /opt/rocm/bin/amdclang++ -x assembler -target amdgcn-amd-amdhsa -mcode-object-version=4 -mcpu=gfx1201 -mno-wavefrontsize64 -c -o 
/home/iamthecage/out-v2/f8_to_f8_wmma_gb_fixed_nt/1_BenchmarkProblems/Cijk_Ailk_Bjlk_F8F8S_BH_GB_00/00_Final/source/build_tmp/SOURCE/assembly/Cijk_Ailk_Bjlk_F8F8S_BH_GB_MT6
4x64x16_MI16x16x16zzCQD1Hxug5bJjUMBQJAPgNMADPs4wraIgeFvzoUjQc=.o 
/home/iamthecage/out-v2/f8_to_f8_wmma_gb_fixed_nt/1_BenchmarkProblems/Cijk_Ailk_Bjlk_F8F8S_BH_GB_00/00_Final/source/build_tmp/SOURCE/assembly/Cijk_Ailk_Bjlk_F8F8S_BH_GB_MT6
4x64x16_MI16x16x16zzCQD1Hxug5bJjUMBQJAPgNMADPs4wraIgeFvzoUjQc=.s && 
write_assemblyFilename /home/iamthecage/out-v2/f8_to_f8_wmma_gb_fixed_nt/1_BenchmarkProblems/Cijk_Ailk_Bjlk_F8F8S_BH_GB_00/00_Final/source/build_tmp/SOURCE/assembly/Cijk_Ailk_Bjlk_F8F8S_BH_GB_MT64x64x16_MI16x16x16NWUtPpvfekp3zTYH1I4s5RDujN1YPmawI7wqdno7_a8=.s
Assemble command: /opt/rocm/bin/amdclang++ -x assembler -target amdgcn-amd-amdhsa -mcode-object-version=4 -mcpu=gfx1201 -mno-wavefrontsize64 -c -o 
/home/iamthecage/out-v2/f8_to_f8_wmma_gb_fixed_nt/1_BenchmarkProblems/Cijk_Ailk_Bjlk_F8F8S_BH_GB_00/00_Final/source/build_tmp/SOURCE/assembly/Cijk_Ailk_Bjlk_F8F8S_BH_GB_MT6
4x64x16_MI16x16x16NWUtPpvfekp3zTYH1I4s5RDujN1YPmawI7wqdno7_a8=.o 
/home/iamthecage/out-v2/f8_to_f8_wmma_gb_fixed_nt/1_BenchmarkProblems/Cijk_Ailk_Bjlk_F8F8S_BH_GB_00/00_Final/source/build_tmp/SOURCE/assembly/Cijk_Ailk_Bjlk_F8F8S_BH_GB_MT6
4x64x16_MI16x16x16NWUtPpvfekp3zTYH1I4s5RDujN1YPmawI7wqdno7_a8=.s && 
total vgpr count: 256

b''
b''
Single Code Object File: /opt/rocm/bin/amdclang++ -target amdgcn-amd-amdhsa -Xlinker --build-id -o 
/home/iamthecage/out-v2/f8_to_f8_wmma_gb_fixed_nt/1_BenchmarkProblems/Cijk_Ailk_Bjlk_F8F8S_BH_GB_00/00_Final/source/build_tmp/SOURCE/assembly/Cijk_Ailk_Bjlk_F8F8S_BH_GB_MT6
4x64x16_MI16x16x16OOYvAZYq5cZnogmGFouOmi0m-MqUSIjqY2Z8a6jSVVA=.co 
/home/iamthecage/out-v2/f8_to_f8_wmma_gb_fixed_nt/1_BenchmarkProblems/Cijk_Ailk_Bjlk_F8F8S_BH_GB_00/00_Final/source/build_tmp/SOURCE/assembly/Cijk_Ailk_Bjlk_F8F8S_BH_GB_MT6
4x64x16_MI16x16x16OOYvAZYq5cZnogmGFouOmi0m-MqUSIjqY2Z8a6jSVVA=.o
b''
Single Code Object File: /opt/rocm/bin/amdclang++ -target amdgcn-amd-amdhsa -Xlinker --build-id -o 
/home/iamthecage/out-v2/f8_to_f8_wmma_gb_fixed_nt/1_BenchmarkProblems/Cijk_Ailk_Bjlk_F8F8S_BH_GB_00/00_Final/source/build_tmp/SOURCE/assembly/Cijk_Ailk_Bjlk_F8F8S_BH_GB_MT6
4x64x16_MI16x16x16XwbSiHnzFDkSF7xxE_S4bfjy5Tf2YRw9MoH6p6gbg-4=.co 
/home/iamthecage/out-v2/f8_to_f8_wmma_gb_fixed_nt/1_BenchmarkProblems/Cijk_Ailk_Bjlk_F8F8S_BH_GB_00/00_Final/source/build_tmp/SOURCE/assembly/Cijk_Ailk_Bjlk_F8F8S_BH_GB_MT6
4x64x16_MI16x16x16XwbSiHnzFDkSF7xxE_S4bfjy5Tf2YRw9MoH6p6gbg-4=.o
b''
Single Code Object File: /opt/rocm/bin/amdclang++ -target amdgcn-amd-amdhsa -Xlinker --build-id -o 
/home/iamthecage/out-v2/f8_to_f8_wmma_gb_fixed_nt/1_BenchmarkProblems/Cijk_Ailk_Bjlk_F8F8S_BH_GB_00/00_Final/source/build_tmp/SOURCE/assembly/Cijk_Ailk_Bjlk_F8F8S_BH_GB_MT6
4x64x16_MI16x16x16LofYYNMhBprQhYfXsYrt9FVkjNNBfMGkxIKr-q9OPls=.co 
/home/iamthecage/out-v2/f8_to_f8_wmma_gb_fixed_nt/1_BenchmarkProblems/Cijk_Ailk_Bjlk_F8F8S_BH_GB_00/00_Final/source/build_tmp/SOURCE/assembly/Cijk_Ailk_Bjlk_F8F8S_BH_GB_MT6
4x64x16_MI16x16x16LofYYNMhBprQhYfXsYrt9FVkjNNBfMGkxIKr-q9OPls=.o
b''
total vgpr count: 256

b''
write_assemblyFilename /home/iamthecage/out-v2/f8_to_f8_wmma_gb_fixed_nt/1_BenchmarkProblems/Cijk_Ailk_Bjlk_F8F8S_BH_GB_00/00_Final/source/build_tmp/SOURCE/assembly/Cijk_Ailk_Bjlk_F8F8S_BH_GB_MT64x64x16_MI16x16x16VGX5871UkJVrUeKrRY--NkPAgXalpsfIVkJ2Id-O__k=.s
Assemble command: /opt/rocm/bin/amdclang++ -x assembler -target amdgcn-amd-amdhsa -mcode-object-version=4 -mcpu=gfx1201 -mno-wavefrontsize64 -c -o 
/home/iamthecage/out-v2/f8_to_f8_wmma_gb_fixed_nt/1_BenchmarkProblems/Cijk_Ailk_Bjlk_F8F8S_BH_GB_00/00_Final/source/build_tmp/SOURCE/assembly/Cijk_Ailk_Bjlk_F8F8S_BH_GB_MT6
4x64x16_MI16x16x16VGX5871UkJVrUeKrRY--NkPAgXalpsfIVkJ2Id-O__k=.o 
/home/iamthecage/out-v2/f8_to_f8_wmma_gb_fixed_nt/1_BenchmarkProblems/Cijk_Ailk_Bjlk_F8F8S_BH_GB_00/00_Final/source/build_tmp/SOURCE/assembly/Cijk_Ailk_Bjlk_F8F8S_BH_GB_MT6
4x64x16_MI16x16x16VGX5871UkJVrUeKrRY--NkPAgXalpsfIVkJ2Id-O__k=.s && 
b''
b''
Single Code Object File: /opt/rocm/bin/amdclang++ -target amdgcn-amd-amdhsa -Xlinker --build-id -o 
/home/iamthecage/out-v2/f8_to_f8_wmma_gb_fixed_nt/1_BenchmarkProblems/Cijk_Ailk_Bjlk_F8F8S_BH_GB_00/00_Final/source/build_tmp/SOURCE/assembly/Cijk_Ailk_Bjlk_F8F8S_BH_GB_MT6
4x64x16_MI16x16x16zzCQD1Hxug5bJjUMBQJAPgNMADPs4wraIgeFvzoUjQc=.co 
/home/iamthecage/out-v2/f8_to_f8_wmma_gb_fixed_nt/1_BenchmarkProblems/Cijk_Ailk_Bjlk_F8F8S_BH_GB_00/00_Final/source/build_tmp/SOURCE/assembly/Cijk_Ailk_Bjlk_F8F8S_BH_GB_MT6
4x64x16_MI16x16x16zzCQD1Hxug5bJjUMBQJAPgNMADPs4wraIgeFvzoUjQc=.o
b''
Single Code Object File: /opt/rocm/bin/amdclang++ -target amdgcn-amd-amdhsa -Xlinker --build-id -o 
/home/iamthecage/out-v2/f8_to_f8_wmma_gb_fixed_nt/1_BenchmarkProblems/Cijk_Ailk_Bjlk_F8F8S_BH_GB_00/00_Final/source/build_tmp/SOURCE/assembly/Cijk_Ailk_Bjlk_F8F8S_BH_GB_MT6
4x64x16_MI16x16x16NWUtPpvfekp3zTYH1I4s5RDujN1YPmawI7wqdno7_a8=.co 
/home/iamthecage/out-v2/f8_to_f8_wmma_gb_fixed_nt/1_BenchmarkProblems/Cijk_Ailk_Bjlk_F8F8S_BH_GB_00/00_Final/source/build_tmp/SOURCE/assembly/Cijk_Ailk_Bjlk_F8F8S_BH_GB_MT6
4x64x16_MI16x16x16NWUtPpvfekp3zTYH1I4s5RDujN1YPmawI7wqdno7_a8=.o
write_assemblyFilename /home/iamthecage/out-v2/f8_to_f8_wmma_gb_fixed_nt/1_BenchmarkProblems/Cijk_Ailk_Bjlk_F8F8S_BH_GB_00/00_Final/source/build_tmp/SOURCE/assembly/Cijk_Ailk_Bjlk_F8F8S_BH_GB_MT64x64x16_MI16x16x16QrG2vLk1Cda082RxCL6Cvu8ViXuKVfE55GPKP78jEeA=.s
Assemble command: /opt/rocm/bin/amdclang++ -x assembler -target amdgcn-amd-amdhsa -mcode-object-version=4 -mcpu=gfx1201 -mno-wavefrontsize64 -c -o 
/home/iamthecage/out-v2/f8_to_f8_wmma_gb_fixed_nt/1_BenchmarkProblems/Cijk_Ailk_Bjlk_F8F8S_BH_GB_00/00_Final/source/build_tmp/SOURCE/assembly/Cijk_Ailk_Bjlk_F8F8S_BH_GB_MT6
4x64x16_MI16x16x16QrG2vLk1Cda082RxCL6Cvu8ViXuKVfE55GPKP78jEeA=.o 
/home/iamthecage/out-v2/f8_to_f8_wmma_gb_fixed_nt/1_BenchmarkProblems/Cijk_Ailk_Bjlk_F8F8S_BH_GB_00/00_Final/source/build_tmp/SOURCE/assembly/Cijk_Ailk_Bjlk_F8F8S_BH_GB_MT6
4x64x16_MI16x16x16QrG2vLk1Cda082RxCL6Cvu8ViXuKVfE55GPKP78jEeA=.s && 
b''
b''
Single Code Object File: /opt/rocm/bin/amdclang++ -target amdgcn-amd-amdhsa -Xlinker --build-id -o 
/home/iamthecage/out-v2/f8_to_f8_wmma_gb_fixed_nt/1_BenchmarkProblems/Cijk_Ailk_Bjlk_F8F8S_BH_GB_00/00_Final/source/build_tmp/SOURCE/assembly/Cijk_Ailk_Bjlk_F8F8S_BH_GB_MT6
4x64x16_MI16x16x16G8i6KmdGOf61k2NKefw1JLuhK3LcGUQW0o0gzV7_2Ws=.co 
/home/iamthecage/out-v2/f8_to_f8_wmma_gb_fixed_nt/1_BenchmarkProblems/Cijk_Ailk_Bjlk_F8F8S_BH_GB_00/00_Final/source/build_tmp/SOURCE/assembly/Cijk_Ailk_Bjlk_F8F8S_BH_GB_MT6
4x64x16_MI16x16x16G8i6KmdGOf61k2NKefw1JLuhK3LcGUQW0o0gzV7_2Ws=.o
b''
Single Code Object File: /opt/rocm/bin/amdclang++ -target amdgcn-amd-amdhsa -Xlinker --build-id -o 
/home/iamthecage/out-v2/f8_to_f8_wmma_gb_fixed_nt/1_BenchmarkProblems/Cijk_Ailk_Bjlk_F8F8S_BH_GB_00/00_Final/source/build_tmp/SOURCE/assembly/Cijk_Ailk_Bjlk_F8F8S_BH_GB_MT6
4x64x16_MI16x16x16VGX5871UkJVrUeKrRY--NkPAgXalpsfIVkJ2Id-O__k=.co 
/home/iamthecage/out-v2/f8_to_f8_wmma_gb_fixed_nt/1_BenchmarkProblems/Cijk_Ailk_Bjlk_F8F8S_BH_GB_00/00_Final/source/build_tmp/SOURCE/assembly/Cijk_Ailk_Bjlk_F8F8S_BH_GB_MT6
4x64x16_MI16x16x16VGX5871UkJVrUeKrRY--NkPAgXalpsfIVkJ2Id-O__k=.o
b''
b''
total vgpr count: 256

b''
total vgpr count: 256

write_assemblyFilename /home/iamthecage/out-v2/f8_to_f8_wmma_gb_fixed_nt/1_BenchmarkProblems/Cijk_Ailk_Bjlk_F8F8S_BH_GB_00/00_Final/source/build_tmp/SOURCE/assembly/Cijk_Ailk_Bjlk_F8F8S_BH_GB_MT64x64x16_MI16x16x16W5wk9A1hQblamH1H5JRoXxy_C-ndF1Kb81yWhojNrkw=.s
Assemble command: /opt/rocm/bin/amdclang++ -x assembler -target amdgcn-amd-amdhsa -mcode-object-version=4 -mcpu=gfx1201 -mno-wavefrontsize64 -c -o 
/home/iamthecage/out-v2/f8_to_f8_wmma_gb_fixed_nt/1_BenchmarkProblems/Cijk_Ailk_Bjlk_F8F8S_BH_GB_00/00_Final/source/build_tmp/SOURCE/assembly/Cijk_Ailk_Bjlk_F8F8S_BH_GB_MT6
4x64x16_MI16x16x16W5wk9A1hQblamH1H5JRoXxy_C-ndF1Kb81yWhojNrkw=.o 
/home/iamthecage/out-v2/f8_to_f8_wmma_gb_fixed_nt/1_BenchmarkProblems/Cijk_Ailk_Bjlk_F8F8S_BH_GB_00/00_Final/source/build_tmp/SOURCE/assembly/Cijk_Ailk_Bjlk_F8F8S_BH_GB_MT6
4x64x16_MI16x16x16W5wk9A1hQblamH1H5JRoXxy_C-ndF1Kb81yWhojNrkw=.s && 
b''
Single Code Object File: /opt/rocm/bin/amdclang++ -target amdgcn-amd-amdhsa -Xlinker --build-id -o 
/home/iamthecage/out-v2/f8_to_f8_wmma_gb_fixed_nt/1_BenchmarkProblems/Cijk_Ailk_Bjlk_F8F8S_BH_GB_00/00_Final/source/build_tmp/SOURCE/assembly/Cijk_Ailk_Bjlk_F8F8S_BH_GB_MT6
4x64x16_MI16x16x16QrG2vLk1Cda082RxCL6Cvu8ViXuKVfE55GPKP78jEeA=.co 
/home/iamthecage/out-v2/f8_to_f8_wmma_gb_fixed_nt/1_BenchmarkProblems/Cijk_Ailk_Bjlk_F8F8S_BH_GB_00/00_Final/source/build_tmp/SOURCE/assembly/Cijk_Ailk_Bjlk_F8F8S_BH_GB_MT6
4x64x16_MI16x16x16QrG2vLk1Cda082RxCL6Cvu8ViXuKVfE55GPKP78jEeA=.o
write_assemblyFilename /home/iamthecage/out-v2/f8_to_f8_wmma_gb_fixed_nt/1_BenchmarkProblems/Cijk_Ailk_Bjlk_F8F8S_BH_GB_00/00_Final/source/build_tmp/SOURCE/assembly/Cijk_Ailk_Bjlk_F8F8S_BH_GB_MT64x64x16_MI16x16x16m_1q879nV_Qg_JHwjBjl4h1Qp660jmh8dpKrkE8PoT4=.s
Assemble command: /opt/rocm/bin/amdclang++ -x assembler -target amdgcn-amd-amdhsa -mcode-object-version=4 -mcpu=gfx1201 -mno-wavefrontsize64 -c -o 
/home/iamthecage/out-v2/f8_to_f8_wmma_gb_fixed_nt/1_BenchmarkProblems/Cijk_Ailk_Bjlk_F8F8S_BH_GB_00/00_Final/source/build_tmp/SOURCE/assembly/Cijk_Ailk_Bjlk_F8F8S_BH_GB_MT6
4x64x16_MI16x16x16m_1q879nV_Qg_JHwjBjl4h1Qp660jmh8dpKrkE8PoT4=.o 
/home/iamthecage/out-v2/f8_to_f8_wmma_gb_fixed_nt/1_BenchmarkProblems/Cijk_Ailk_Bjlk_F8F8S_BH_GB_00/00_Final/source/build_tmp/SOURCE/assembly/Cijk_Ailk_Bjlk_F8F8S_BH_GB_MT6
4x64x16_MI16x16x16m_1q879nV_Qg_JHwjBjl4h1Qp660jmh8dpKrkE8PoT4=.s && 
b''
b''
Single Code Object File: /opt/rocm/bin/amdclang++ -target amdgcn-amd-amdhsa -Xlinker --build-id -o 
/home/iamthecage/out-v2/f8_to_f8_wmma_gb_fixed_nt/1_BenchmarkProblems/Cijk_Ailk_Bjlk_F8F8S_BH_GB_00/00_Final/source/build_tmp/SOURCE/assembly/Cijk_Ailk_Bjlk_F8F8S_BH_GB_MT6
4x64x16_MI16x16x16W5wk9A1hQblamH1H5JRoXxy_C-ndF1Kb81yWhojNrkw=.co 
/home/iamthecage/out-v2/f8_to_f8_wmma_gb_fixed_nt/1_BenchmarkProblems/Cijk_Ailk_Bjlk_F8F8S_BH_GB_00/00_Final/source/build_tmp/SOURCE/assembly/Cijk_Ailk_Bjlk_F8F8S_BH_GB_MT6
4x64x16_MI16x16x16W5wk9A1hQblamH1H5JRoXxy_C-ndF1Kb81yWhojNrkw=.o
b''
Single Code Object File: /opt/rocm/bin/amdclang++ -target amdgcn-amd-amdhsa -Xlinker --build-id -o 
/home/iamthecage/out-v2/f8_to_f8_wmma_gb_fixed_nt/1_BenchmarkProblems/Cijk_Ailk_Bjlk_F8F8S_BH_GB_00/00_Final/source/build_tmp/SOURCE/assembly/Cijk_Ailk_Bjlk_F8F8S_BH_GB_MT6
4x64x16_MI16x16x16m_1q879nV_Qg_JHwjBjl4h1Qp660jmh8dpKrkE8PoT4=.co 
/home/iamthecage/out-v2/f8_to_f8_wmma_gb_fixed_nt/1_BenchmarkProblems/Cijk_Ailk_Bjlk_F8F8S_BH_GB_00/00_Final/source/build_tmp/SOURCE/assembly/Cijk_Ailk_Bjlk_F8F8S_BH_GB_MT6
4x64x16_MI16x16x16m_1q879nV_Qg_JHwjBjl4h1Qp660jmh8dpKrkE8PoT4=.o
b''
b''
total vgpr count: 256

write_assemblyFilename /home/iamthecage/out-v2/f8_to_f8_wmma_gb_fixed_nt/1_BenchmarkProblems/Cijk_Ailk_Bjlk_F8F8S_BH_GB_00/00_Final/source/build_tmp/SOURCE/assembly/Cijk_Ailk_Bjlk_F8F8S_BH_GB_MT64x64x32_MI16x16x16OOYvAZYq5cZnogmGFouOmi0m-MqUSIjqY2Z8a6jSVVA=.s
Assemble command: /opt/rocm/bin/amdclang++ -x assembler -target amdgcn-amd-amdhsa -mcode-object-version=4 -mcpu=gfx1201 -mno-wavefrontsize64 -c -o 
/home/iamthecage/out-v2/f8_to_f8_wmma_gb_fixed_nt/1_BenchmarkProblems/Cijk_Ailk_Bjlk_F8F8S_BH_GB_00/00_Final/source/build_tmp/SOURCE/assembly/Cijk_Ailk_Bjlk_F8F8S_BH_GB_MT6
4x64x32_MI16x16x16OOYvAZYq5cZnogmGFouOmi0m-MqUSIjqY2Z8a6jSVVA=.o 
/home/iamthecage/out-v2/f8_to_f8_wmma_gb_fixed_nt/1_BenchmarkProblems/Cijk_Ailk_Bjlk_F8F8S_BH_GB_00/00_Final/source/build_tmp/SOURCE/assembly/Cijk_Ailk_Bjlk_F8F8S_BH_GB_MT6
4x64x32_MI16x16x16OOYvAZYq5cZnogmGFouOmi0m-MqUSIjqY2Z8a6jSVVA=.s && 
total vgpr count: 256

total vgpr count: 256

write_assemblyFilename /home/iamthecage/out-v2/f8_to_f8_wmma_gb_fixed_nt/1_BenchmarkProblems/Cijk_Ailk_Bjlk_F8F8S_BH_GB_00/00_Final/source/build_tmp/SOURCE/assembly/Cijk_Ailk_Bjlk_F8F8S_BH_GB_MT64x64x32_MI16x16x16zzCQD1Hxug5bJjUMBQJAPgNMADPs4wraIgeFvzoUjQc=.s
Assemble command: /opt/rocm/bin/amdclang++ -x assembler -target amdgcn-amd-amdhsa -mcode-object-version=4 -mcpu=gfx1201 -mno-wavefrontsize64 -c -o 
/home/iamthecage/out-v2/f8_to_f8_wmma_gb_fixed_nt/1_BenchmarkProblems/Cijk_Ailk_Bjlk_F8F8S_BH_GB_00/00_Final/source/build_tmp/SOURCE/assembly/Cijk_Ailk_Bjlk_F8F8S_BH_GB_MT6
4x64x32_MI16x16x16zzCQD1Hxug5bJjUMBQJAPgNMADPs4wraIgeFvzoUjQc=.o 
/home/iamthecage/out-v2/f8_to_f8_wmma_gb_fixed_nt/1_BenchmarkProblems/Cijk_Ailk_Bjlk_F8F8S_BH_GB_00/00_Final/source/build_tmp/SOURCE/assembly/Cijk_Ailk_Bjlk_F8F8S_BH_GB_MT6
4x64x32_MI16x16x16zzCQD1Hxug5bJjUMBQJAPgNMADPs4wraIgeFvzoUjQc=.s && 
b''
Single Code Object File: /opt/rocm/bin/amdclang++ -target amdgcn-amd-amdhsa -Xlinker --build-id -o 
/home/iamthecage/out-v2/f8_to_f8_wmma_gb_fixed_nt/1_BenchmarkProblems/Cijk_Ailk_Bjlk_F8F8S_BH_GB_00/00_Final/source/build_tmp/SOURCE/assembly/Cijk_Ailk_Bjlk_F8F8S_BH_GB_MT6
4x64x32_MI16x16x16OOYvAZYq5cZnogmGFouOmi0m-MqUSIjqY2Z8a6jSVVA=.co 
/home/iamthecage/out-v2/f8_to_f8_wmma_gb_fixed_nt/1_BenchmarkProblems/Cijk_Ailk_Bjlk_F8F8S_BH_GB_00/00_Final/source/build_tmp/SOURCE/assembly/Cijk_Ailk_Bjlk_F8F8S_BH_GB_MT6
4x64x32_MI16x16x16OOYvAZYq5cZnogmGFouOmi0m-MqUSIjqY2Z8a6jSVVA=.o
write_assemblyFilename /home/iamthecage/out-v2/f8_to_f8_wmma_gb_fixed_nt/1_BenchmarkProblems/Cijk_Ailk_Bjlk_F8F8S_BH_GB_00/00_Final/source/build_tmp/SOURCE/assembly/Cijk_Ailk_Bjlk_F8F8S_BH_GB_MT64x64x32_MI16x16x16LofYYNMhBprQhYfXsYrt9FVkjNNBfMGkxIKr-q9OPls=.s
Assemble command: /opt/rocm/bin/amdclang++ -x assembler -target amdgcn-amd-amdhsa -mcode-object-version=4 -mcpu=gfx1201 -mno-wavefrontsize64 -c -o 
/home/iamthecage/out-v2/f8_to_f8_wmma_gb_fixed_nt/1_BenchmarkProblems/Cijk_Ailk_Bjlk_F8F8S_BH_GB_00/00_Final/source/build_tmp/SOURCE/assembly/Cijk_Ailk_Bjlk_F8F8S_BH_GB_MT6
4x64x32_MI16x16x16LofYYNMhBprQhYfXsYrt9FVkjNNBfMGkxIKr-q9OPls=.o 
/home/iamthecage/out-v2/f8_to_f8_wmma_gb_fixed_nt/1_BenchmarkProblems/Cijk_Ailk_Bjlk_F8F8S_BH_GB_00/00_Final/source/build_tmp/SOURCE/assembly/Cijk_Ailk_Bjlk_F8F8S_BH_GB_MT6
4x64x32_MI16x16x16LofYYNMhBprQhYfXsYrt9FVkjNNBfMGkxIKr-q9OPls=.s && 
b''
Generating kernels: 12 thread(s), 48 tasks:  75%|███████▌  | 36/48 [00:02<00:00, 14.89it/s]total vgpr count: 256

total vgpr count: 256

total vgpr count: 256

write_assemblyFilename /home/iamthecage/out-v2/f8_to_f8_wmma_gb_fixed_nt/1_BenchmarkProblems/Cijk_Ailk_Bjlk_F8F8S_BH_GB_00/00_Final/source/build_tmp/SOURCE/assembly/Cijk_Ailk_Bjlk_F8F8S_BH_GB_MT64x64x32_MI16x16x16XwbSiHnzFDkSF7xxE_S4bfjy5Tf2YRw9MoH6p6gbg-4=.s
Assemble command: /opt/rocm/bin/amdclang++ -x assembler -target amdgcn-amd-amdhsa -mcode-object-version=4 -mcpu=gfx1201 -mno-wavefrontsize64 -c -o 
/home/iamthecage/out-v2/f8_to_f8_wmma_gb_fixed_nt/1_BenchmarkProblems/Cijk_Ailk_Bjlk_F8F8S_BH_GB_00/00_Final/source/build_tmp/SOURCE/assembly/Cijk_Ailk_Bjlk_F8F8S_BH_GB_MT6
4x64x32_MI16x16x16XwbSiHnzFDkSF7xxE_S4bfjy5Tf2YRw9MoH6p6gbg-4=.o 
/home/iamthecage/out-v2/f8_to_f8_wmma_gb_fixed_nt/1_BenchmarkProblems/Cijk_Ailk_Bjlk_F8F8S_BH_GB_00/00_Final/source/build_tmp/SOURCE/assembly/Cijk_Ailk_Bjlk_F8F8S_BH_GB_MT6
4x64x32_MI16x16x16XwbSiHnzFDkSF7xxE_S4bfjy5Tf2YRw9MoH6p6gbg-4=.s && 
total vgpr count: 256

write_assemblyFilename /home/iamthecage/out-v2/f8_to_f8_wmma_gb_fixed_nt/1_BenchmarkProblems/Cijk_Ailk_Bjlk_F8F8S_BH_GB_00/00_Final/source/build_tmp/SOURCE/assembly/Cijk_Ailk_Bjlk_F8F8S_BH_GB_MT64x64x32_MI16x16x165BG-8DJXshZdHVJ94-9-yEOqcXWvb7qtvyb5RttvsAo=.s
Assemble command: /opt/rocm/bin/amdclang++ -x assembler -target amdgcn-amd-amdhsa -mcode-object-version=4 -mcpu=gfx1201 -mno-wavefrontsize64 -c -o 
/home/iamthecage/out-v2/f8_to_f8_wmma_gb_fixed_nt/1_BenchmarkProblems/Cijk_Ailk_Bjlk_F8F8S_BH_GB_00/00_Final/source/build_tmp/SOURCE/assembly/Cijk_Ailk_Bjlk_F8F8S_BH_GB_MT6
4x64x32_MI16x16x165BG-8DJXshZdHVJ94-9-yEOqcXWvb7qtvyb5RttvsAo=.o 
/home/iamthecage/out-v2/f8_to_f8_wmma_gb_fixed_nt/1_BenchmarkProblems/Cijk_Ailk_Bjlk_F8F8S_BH_GB_00/00_Final/source/build_tmp/SOURCE/assembly/Cijk_Ailk_Bjlk_F8F8S_BH_GB_MT6
4x64x32_MI16x16x165BG-8DJXshZdHVJ94-9-yEOqcXWvb7qtvyb5RttvsAo=.s && 
b''
Single Code Object File: /opt/rocm/bin/amdclang++ -target amdgcn-amd-amdhsa -Xlinker --build-id -o 
/home/iamthecage/out-v2/f8_to_f8_wmma_gb_fixed_nt/1_BenchmarkProblems/Cijk_Ailk_Bjlk_F8F8S_BH_GB_00/00_Final/source/build_tmp/SOURCE/assembly/Cijk_Ailk_Bjlk_F8F8S_BH_GB_MT6
4x64x32_MI16x16x16zzCQD1Hxug5bJjUMBQJAPgNMADPs4wraIgeFvzoUjQc=.co 
/home/iamthecage/out-v2/f8_to_f8_wmma_gb_fixed_nt/1_BenchmarkProblems/Cijk_Ailk_Bjlk_F8F8S_BH_GB_00/00_Final/source/build_tmp/SOURCE/assembly/Cijk_Ailk_Bjlk_F8F8S_BH_GB_MT6
4x64x32_MI16x16x16zzCQD1Hxug5bJjUMBQJAPgNMADPs4wraIgeFvzoUjQc=.o
total vgpr count: 256

write_assemblyFilename /home/iamthecage/out-v2/f8_to_f8_wmma_gb_fixed_nt/1_BenchmarkProblems/Cijk_Ailk_Bjlk_F8F8S_BH_GB_00/00_Final/source/build_tmp/SOURCE/assembly/Cijk_Ailk_Bjlk_F8F8S_BH_GB_MT64x64x32_MI16x16x16uItvcoRD_vXmskSwxxB6Yeryhzatgz9AtvHs4IZR-JA=.s
Assemble command: /opt/rocm/bin/amdclang++ -x assembler -target amdgcn-amd-amdhsa -mcode-object-version=4 -mcpu=gfx1201 -mno-wavefrontsize64 -c -o 
/home/iamthecage/out-v2/f8_to_f8_wmma_gb_fixed_nt/1_BenchmarkProblems/Cijk_Ailk_Bjlk_F8F8S_BH_GB_00/00_Final/source/build_tmp/SOURCE/assembly/Cijk_Ailk_Bjlk_F8F8S_BH_GB_MT6
4x64x32_MI16x16x16uItvcoRD_vXmskSwxxB6Yeryhzatgz9AtvHs4IZR-JA=.o 
/home/iamthecage/out-v2/f8_to_f8_wmma_gb_fixed_nt/1_BenchmarkProblems/Cijk_Ailk_Bjlk_F8F8S_BH_GB_00/00_Final/source/build_tmp/SOURCE/assembly/Cijk_Ailk_Bjlk_F8F8S_BH_GB_MT6
4x64x32_MI16x16x16uItvcoRD_vXmskSwxxB6Yeryhzatgz9AtvHs4IZR-JA=.s && 
total vgpr count: 256

write_assemblyFilename /home/iamthecage/out-v2/f8_to_f8_wmma_gb_fixed_nt/1_BenchmarkProblems/Cijk_Ailk_Bjlk_F8F8S_BH_GB_00/00_Final/source/build_tmp/SOURCE/assembly/Cijk_Ailk_Bjlk_F8F8S_BH_GB_MT64x64x32_MI16x16x16W5wk9A1hQblamH1H5JRoXxy_C-ndF1Kb81yWhojNrkw=.s
Assemble command: /opt/rocm/bin/amdclang++ -x assembler -target amdgcn-amd-amdhsa -mcode-object-version=4 -mcpu=gfx1201 -mno-wavefrontsize64 -c -o 
/home/iamthecage/out-v2/f8_to_f8_wmma_gb_fixed_nt/1_BenchmarkProblems/Cijk_Ailk_Bjlk_F8F8S_BH_GB_00/00_Final/source/build_tmp/SOURCE/assembly/Cijk_Ailk_Bjlk_F8F8S_BH_GB_MT6
4x64x32_MI16x16x16W5wk9A1hQblamH1H5JRoXxy_C-ndF1Kb81yWhojNrkw=.o 
/home/iamthecage/out-v2/f8_to_f8_wmma_gb_fixed_nt/1_BenchmarkProblems/Cijk_Ailk_Bjlk_F8F8S_BH_GB_00/00_Final/source/build_tmp/SOURCE/assembly/Cijk_Ailk_Bjlk_F8F8S_BH_GB_MT6
4x64x32_MI16x16x16W5wk9A1hQblamH1H5JRoXxy_C-ndF1Kb81yWhojNrkw=.s && 
total vgpr count: 256

b''
b''
Single Code Object File: /opt/rocm/bin/amdclang++ -target amdgcn-amd-amdhsa -Xlinker --build-id -o 
/home/iamthecage/out-v2/f8_to_f8_wmma_gb_fixed_nt/1_BenchmarkProblems/Cijk_Ailk_Bjlk_F8F8S_BH_GB_00/00_Final/source/build_tmp/SOURCE/assembly/Cijk_Ailk_Bjlk_F8F8S_BH_GB_MT6
4x64x32_MI16x16x16LofYYNMhBprQhYfXsYrt9FVkjNNBfMGkxIKr-q9OPls=.co 
/home/iamthecage/out-v2/f8_to_f8_wmma_gb_fixed_nt/1_BenchmarkProblems/Cijk_Ailk_Bjlk_F8F8S_BH_GB_00/00_Final/source/build_tmp/SOURCE/assembly/Cijk_Ailk_Bjlk_F8F8S_BH_GB_MT6
4x64x32_MI16x16x16LofYYNMhBprQhYfXsYrt9FVkjNNBfMGkxIKr-q9OPls=.o
b''
Single Code Object File: /opt/rocm/bin/amdclang++ -target amdgcn-amd-amdhsa -Xlinker --build-id -o 
/home/iamthecage/out-v2/f8_to_f8_wmma_gb_fixed_nt/1_BenchmarkProblems/Cijk_Ailk_Bjlk_F8F8S_BH_GB_00/00_Final/source/build_tmp/SOURCE/assembly/Cijk_Ailk_Bjlk_F8F8S_BH_GB_MT6
4x64x32_MI16x16x16XwbSiHnzFDkSF7xxE_S4bfjy5Tf2YRw9MoH6p6gbg-4=.co 
/home/iamthecage/out-v2/f8_to_f8_wmma_gb_fixed_nt/1_BenchmarkProblems/Cijk_Ailk_Bjlk_F8F8S_BH_GB_00/00_Final/source/build_tmp/SOURCE/assembly/Cijk_Ailk_Bjlk_F8F8S_BH_GB_MT6
4x64x32_MI16x16x16XwbSiHnzFDkSF7xxE_S4bfjy5Tf2YRw9MoH6p6gbg-4=.o
write_assemblyFilename /home/iamthecage/out-v2/f8_to_f8_wmma_gb_fixed_nt/1_BenchmarkProblems/Cijk_Ailk_Bjlk_F8F8S_BH_GB_00/00_Final/source/build_tmp/SOURCE/assembly/Cijk_Ailk_Bjlk_F8F8S_BH_GB_MT64x64x32_MI16x16x16VGX5871UkJVrUeKrRY--NkPAgXalpsfIVkJ2Id-O__k=.s
Assemble command: /opt/rocm/bin/amdclang++ -x assembler -target amdgcn-amd-amdhsa -mcode-object-version=4 -mcpu=gfx1201 -mno-wavefrontsize64 -c -o 
/home/iamthecage/out-v2/f8_to_f8_wmma_gb_fixed_nt/1_BenchmarkProblems/Cijk_Ailk_Bjlk_F8F8S_BH_GB_00/00_Final/source/build_tmp/SOURCE/assembly/Cijk_Ailk_Bjlk_F8F8S_BH_GB_MT6
4x64x32_MI16x16x16VGX5871UkJVrUeKrRY--NkPAgXalpsfIVkJ2Id-O__k=.o 
/home/iamthecage/out-v2/f8_to_f8_wmma_gb_fixed_nt/1_BenchmarkProblems/Cijk_Ailk_Bjlk_F8F8S_BH_GB_00/00_Final/source/build_tmp/SOURCE/assembly/Cijk_Ailk_Bjlk_F8F8S_BH_GB_MT6
4x64x32_MI16x16x16VGX5871UkJVrUeKrRY--NkPAgXalpsfIVkJ2Id-O__k=.s && 
write_assemblyFilename /home/iamthecage/out-v2/f8_to_f8_wmma_gb_fixed_nt/1_BenchmarkProblems/Cijk_Ailk_Bjlk_F8F8S_BH_GB_00/00_Final/source/build_tmp/SOURCE/assembly/Cijk_Ailk_Bjlk_F8F8S_BH_GB_MT64x64x32_MI16x16x16G8i6KmdGOf61k2NKefw1JLuhK3LcGUQW0o0gzV7_2Ws=.s
Assemble command: /opt/rocm/bin/amdclang++ -x assembler -target amdgcn-amd-amdhsa -mcode-object-version=4 -mcpu=gfx1201 -mno-wavefrontsize64 -c -o 
/home/iamthecage/out-v2/f8_to_f8_wmma_gb_fixed_nt/1_BenchmarkProblems/Cijk_Ailk_Bjlk_F8F8S_BH_GB_00/00_Final/source/build_tmp/SOURCE/assembly/Cijk_Ailk_Bjlk_F8F8S_BH_GB_MT6
4x64x32_MI16x16x16G8i6KmdGOf61k2NKefw1JLuhK3LcGUQW0o0gzV7_2Ws=.o 
/home/iamthecage/out-v2/f8_to_f8_wmma_gb_fixed_nt/1_BenchmarkProblems/Cijk_Ailk_Bjlk_F8F8S_BH_GB_00/00_Final/source/build_tmp/SOURCE/assembly/Cijk_Ailk_Bjlk_F8F8S_BH_GB_MT6
4x64x32_MI16x16x16G8i6KmdGOf61k2NKefw1JLuhK3LcGUQW0o0gzV7_2Ws=.s && 
write_assemblyFilename /home/iamthecage/out-v2/f8_to_f8_wmma_gb_fixed_nt/1_BenchmarkProblems/Cijk_Ailk_Bjlk_F8F8S_BH_GB_00/00_Final/source/build_tmp/SOURCE/assembly/Cijk_Ailk_Bjlk_F8F8S_BH_GB_MT64x64x32_MI16x16x16m_1q879nV_Qg_JHwjBjl4h1Qp660jmh8dpKrkE8PoT4=.s
Assemble command: /opt/rocm/bin/amdclang++ -x assembler -target amdgcn-amd-amdhsa -mcode-object-version=4 -mcpu=gfx1201 -mno-wavefrontsize64 -c -o 
/home/iamthecage/out-v2/f8_to_f8_wmma_gb_fixed_nt/1_BenchmarkProblems/Cijk_Ailk_Bjlk_F8F8S_BH_GB_00/00_Final/source/build_tmp/SOURCE/assembly/Cijk_Ailk_Bjlk_F8F8S_BH_GB_MT6
4x64x32_MI16x16x16m_1q879nV_Qg_JHwjBjl4h1Qp660jmh8dpKrkE8PoT4=.o 
/home/iamthecage/out-v2/f8_to_f8_wmma_gb_fixed_nt/1_BenchmarkProblems/Cijk_Ailk_Bjlk_F8F8S_BH_GB_00/00_Final/source/build_tmp/SOURCE/assembly/Cijk_Ailk_Bjlk_F8F8S_BH_GB_MT6
4x64x32_MI16x16x16m_1q879nV_Qg_JHwjBjl4h1Qp660jmh8dpKrkE8PoT4=.s && 
total vgpr count: 256

b''
b''
b''
Single Code Object File: /opt/rocm/bin/amdclang++ -target amdgcn-amd-amdhsa -Xlinker --build-id -o 
/home/iamthecage/out-v2/f8_to_f8_wmma_gb_fixed_nt/1_BenchmarkProblems/Cijk_Ailk_Bjlk_F8F8S_BH_GB_00/00_Final/source/build_tmp/SOURCE/assembly/Cijk_Ailk_Bjlk_F8F8S_BH_GB_MT6
4x64x32_MI16x16x165BG-8DJXshZdHVJ94-9-yEOqcXWvb7qtvyb5RttvsAo=.co 
/home/iamthecage/out-v2/f8_to_f8_wmma_gb_fixed_nt/1_BenchmarkProblems/Cijk_Ailk_Bjlk_F8F8S_BH_GB_00/00_Final/source/build_tmp/SOURCE/assembly/Cijk_Ailk_Bjlk_F8F8S_BH_GB_MT6
4x64x32_MI16x16x165BG-8DJXshZdHVJ94-9-yEOqcXWvb7qtvyb5RttvsAo=.o
b''
Single Code Object File: /opt/rocm/bin/amdclang++ -target amdgcn-amd-amdhsa -Xlinker --build-id -o 
/home/iamthecage/out-v2/f8_to_f8_wmma_gb_fixed_nt/1_BenchmarkProblems/Cijk_Ailk_Bjlk_F8F8S_BH_GB_00/00_Final/source/build_tmp/SOURCE/assembly/Cijk_Ailk_Bjlk_F8F8S_BH_GB_MT6
4x64x32_MI16x16x16uItvcoRD_vXmskSwxxB6Yeryhzatgz9AtvHs4IZR-JA=.co 
/home/iamthecage/out-v2/f8_to_f8_wmma_gb_fixed_nt/1_BenchmarkProblems/Cijk_Ailk_Bjlk_F8F8S_BH_GB_00/00_Final/source/build_tmp/SOURCE/assembly/Cijk_Ailk_Bjlk_F8F8S_BH_GB_MT6
4x64x32_MI16x16x16uItvcoRD_vXmskSwxxB6Yeryhzatgz9AtvHs4IZR-JA=.o
b''
b''
b''
Single Code Object File: /opt/rocm/bin/amdclang++ -target amdgcn-amd-amdhsa -Xlinker --build-id -o 
/home/iamthecage/out-v2/f8_to_f8_wmma_gb_fixed_nt/1_BenchmarkProblems/Cijk_Ailk_Bjlk_F8F8S_BH_GB_00/00_Final/source/build_tmp/SOURCE/assembly/Cijk_Ailk_Bjlk_F8F8S_BH_GB_MT6
4x64x32_MI16x16x16m_1q879nV_Qg_JHwjBjl4h1Qp660jmh8dpKrkE8PoT4=.co 
/home/iamthecage/out-v2/f8_to_f8_wmma_gb_fixed_nt/1_BenchmarkProblems/Cijk_Ailk_Bjlk_F8F8S_BH_GB_00/00_Final/source/build_tmp/SOURCE/assembly/Cijk_Ailk_Bjlk_F8F8S_BH_GB_MT6
4x64x32_MI16x16x16m_1q879nV_Qg_JHwjBjl4h1Qp660jmh8dpKrkE8PoT4=.o
total vgpr count: 256

total vgpr count: 256

b''
Single Code Object File: /opt/rocm/bin/amdclang++ -target amdgcn-amd-amdhsa -Xlinker --build-id -o 
/home/iamthecage/out-v2/f8_to_f8_wmma_gb_fixed_nt/1_BenchmarkProblems/Cijk_Ailk_Bjlk_F8F8S_BH_GB_00/00_Final/source/build_tmp/SOURCE/assembly/Cijk_Ailk_Bjlk_F8F8S_BH_GB_MT6
4x64x32_MI16x16x16G8i6KmdGOf61k2NKefw1JLuhK3LcGUQW0o0gzV7_2Ws=.co 
/home/iamthecage/out-v2/f8_to_f8_wmma_gb_fixed_nt/1_BenchmarkProblems/Cijk_Ailk_Bjlk_F8F8S_BH_GB_00/00_Final/source/build_tmp/SOURCE/assembly/Cijk_Ailk_Bjlk_F8F8S_BH_GB_MT6
4x64x32_MI16x16x16G8i6KmdGOf61k2NKefw1JLuhK3LcGUQW0o0gzV7_2Ws=.o
total vgpr count: 256

b''
write_assemblyFilename /home/iamthecage/out-v2/f8_to_f8_wmma_gb_fixed_nt/1_BenchmarkProblems/Cijk_Ailk_Bjlk_F8F8S_BH_GB_00/00_Final/source/build_tmp/SOURCE/assembly/Cijk_Ailk_Bjlk_F8F8S_BH_GB_MT64x64x32_MI16x16x16NWUtPpvfekp3zTYH1I4s5RDujN1YPmawI7wqdno7_a8=.s
Assemble command: /opt/rocm/bin/amdclang++ -x assembler -target amdgcn-amd-amdhsa -mcode-object-version=4 -mcpu=gfx1201 -mno-wavefrontsize64 -c -o 
/home/iamthecage/out-v2/f8_to_f8_wmma_gb_fixed_nt/1_BenchmarkProblems/Cijk_Ailk_Bjlk_F8F8S_BH_GB_00/00_Final/source/build_tmp/SOURCE/assembly/Cijk_Ailk_Bjlk_F8F8S_BH_GB_MT6
4x64x32_MI16x16x16NWUtPpvfekp3zTYH1I4s5RDujN1YPmawI7wqdno7_a8=.o 
/home/iamthecage/out-v2/f8_to_f8_wmma_gb_fixed_nt/1_BenchmarkProblems/Cijk_Ailk_Bjlk_F8F8S_BH_GB_00/00_Final/source/build_tmp/SOURCE/assembly/Cijk_Ailk_Bjlk_F8F8S_BH_GB_MT6
4x64x32_MI16x16x16NWUtPpvfekp3zTYH1I4s5RDujN1YPmawI7wqdno7_a8=.s && 
b''
b''
Single Code Object File: /opt/rocm/bin/amdclang++ -target amdgcn-amd-amdhsa -Xlinker --build-id -o 
/home/iamthecage/out-v2/f8_to_f8_wmma_gb_fixed_nt/1_BenchmarkProblems/Cijk_Ailk_Bjlk_F8F8S_BH_GB_00/00_Final/source/build_tmp/SOURCE/assembly/Cijk_Ailk_Bjlk_F8F8S_BH_GB_MT6
4x64x32_MI16x16x16W5wk9A1hQblamH1H5JRoXxy_C-ndF1Kb81yWhojNrkw=.co 
/home/iamthecage/out-v2/f8_to_f8_wmma_gb_fixed_nt/1_BenchmarkProblems/Cijk_Ailk_Bjlk_F8F8S_BH_GB_00/00_Final/source/build_tmp/SOURCE/assembly/Cijk_Ailk_Bjlk_F8F8S_BH_GB_MT6
4x64x32_MI16x16x16W5wk9A1hQblamH1H5JRoXxy_C-ndF1Kb81yWhojNrkw=.o
Single Code Object File: /opt/rocm/bin/amdclang++ -target amdgcn-amd-amdhsa -Xlinker --build-id -o 
/home/iamthecage/out-v2/f8_to_f8_wmma_gb_fixed_nt/1_BenchmarkProblems/Cijk_Ailk_Bjlk_F8F8S_BH_GB_00/00_Final/source/build_tmp/SOURCE/assembly/Cijk_Ailk_Bjlk_F8F8S_BH_GB_MT6
4x64x32_MI16x16x16VGX5871UkJVrUeKrRY--NkPAgXalpsfIVkJ2Id-O__k=.co 
/home/iamthecage/out-v2/f8_to_f8_wmma_gb_fixed_nt/1_BenchmarkProblems/Cijk_Ailk_Bjlk_F8F8S_BH_GB_00/00_Final/source/build_tmp/SOURCE/assembly/Cijk_Ailk_Bjlk_F8F8S_BH_GB_MT6
4x64x32_MI16x16x16VGX5871UkJVrUeKrRY--NkPAgXalpsfIVkJ2Id-O__k=.o
write_assemblyFilename /home/iamthecage/out-v2/f8_to_f8_wmma_gb_fixed_nt/1_BenchmarkProblems/Cijk_Ailk_Bjlk_F8F8S_BH_GB_00/00_Final/source/build_tmp/SOURCE/assembly/Cijk_Ailk_Bjlk_F8F8S_BH_GB_MT64x64x16_MI16x16x16WYwyK6VVWZuWgCV0jDcvHcbxgdiKn8O2Bh9knkjeNnI=.s
Assemble command: /opt/rocm/bin/amdclang++ -x assembler -target amdgcn-amd-amdhsa -mcode-object-version=4 -mcpu=gfx1201 -mno-wavefrontsize64 -c -o 
/home/iamthecage/out-v2/f8_to_f8_wmma_gb_fixed_nt/1_BenchmarkProblems/Cijk_Ailk_Bjlk_F8F8S_BH_GB_00/00_Final/source/build_tmp/SOURCE/assembly/Cijk_Ailk_Bjlk_F8F8S_BH_GB_MT6
4x64x16_MI16x16x16WYwyK6VVWZuWgCV0jDcvHcbxgdiKn8O2Bh9knkjeNnI=.o 
/home/iamthecage/out-v2/f8_to_f8_wmma_gb_fixed_nt/1_BenchmarkProblems/Cijk_Ailk_Bjlk_F8F8S_BH_GB_00/00_Final/source/build_tmp/SOURCE/assembly/Cijk_Ailk_Bjlk_F8F8S_BH_GB_MT6
4x64x16_MI16x16x16WYwyK6VVWZuWgCV0jDcvHcbxgdiKn8O2Bh9knkjeNnI=.s && 
total vgpr count: 256

write_assemblyFilename /home/iamthecage/out-v2/f8_to_f8_wmma_gb_fixed_nt/1_BenchmarkProblems/Cijk_Ailk_Bjlk_F8F8S_BH_GB_00/00_Final/source/build_tmp/SOURCE/assembly/Cijk_Ailk_Bjlk_F8F8S_BH_GB_MT64x64x16_MI16x16x16w1BCcO2V0iCEEaPQL9q2VsywgyZHwCAM4iqL1s9ky64=.s
Assemble command: /opt/rocm/bin/amdclang++ -x assembler -target amdgcn-amd-amdhsa -mcode-object-version=4 -mcpu=gfx1201 -mno-wavefrontsize64 -c -o 
/home/iamthecage/out-v2/f8_to_f8_wmma_gb_fixed_nt/1_BenchmarkProblems/Cijk_Ailk_Bjlk_F8F8S_BH_GB_00/00_Final/source/build_tmp/SOURCE/assembly/Cijk_Ailk_Bjlk_F8F8S_BH_GB_MT6
4x64x16_MI16x16x16w1BCcO2V0iCEEaPQL9q2VsywgyZHwCAM4iqL1s9ky64=.o 
/home/iamthecage/out-v2/f8_to_f8_wmma_gb_fixed_nt/1_BenchmarkProblems/Cijk_Ailk_Bjlk_F8F8S_BH_GB_00/00_Final/source/build_tmp/SOURCE/assembly/Cijk_Ailk_Bjlk_F8F8S_BH_GB_MT6
4x64x16_MI16x16x16w1BCcO2V0iCEEaPQL9q2VsywgyZHwCAM4iqL1s9ky64=.s && 
b''
total vgpr count: 256

total vgpr count: 256

b''
write_assemblyFilename /home/iamthecage/out-v2/f8_to_f8_wmma_gb_fixed_nt/1_BenchmarkProblems/Cijk_Ailk_Bjlk_F8F8S_BH_GB_00/00_Final/source/build_tmp/SOURCE/assembly/Cijk_Ailk_Bjlk_F8F8S_BH_GB_MT64x64x32_MI16x16x16QrG2vLk1Cda082RxCL6Cvu8ViXuKVfE55GPKP78jEeA=.s
Assemble command: /opt/rocm/bin/amdclang++ -x assembler -target amdgcn-amd-amdhsa -mcode-object-version=4 -mcpu=gfx1201 -mno-wavefrontsize64 -c -o 
/home/iamthecage/out-v2/f8_to_f8_wmma_gb_fixed_nt/1_BenchmarkProblems/Cijk_Ailk_Bjlk_F8F8S_BH_GB_00/00_Final/source/build_tmp/SOURCE/assembly/Cijk_Ailk_Bjlk_F8F8S_BH_GB_MT6
4x64x32_MI16x16x16QrG2vLk1Cda082RxCL6Cvu8ViXuKVfE55GPKP78jEeA=.o 
/home/iamthecage/out-v2/f8_to_f8_wmma_gb_fixed_nt/1_BenchmarkProblems/Cijk_Ailk_Bjlk_F8F8S_BH_GB_00/00_Final/source/build_tmp/SOURCE/assembly/Cijk_Ailk_Bjlk_F8F8S_BH_GB_MT6
4x64x32_MI16x16x16QrG2vLk1Cda082RxCL6Cvu8ViXuKVfE55GPKP78jEeA=.s && 
b''
total vgpr count: 256

write_assemblyFilename /home/iamthecage/out-v2/f8_to_f8_wmma_gb_fixed_nt/1_BenchmarkProblems/Cijk_Ailk_Bjlk_F8F8S_BH_GB_00/00_Final/source/build_tmp/SOURCE/assembly/Cijk_Ailk_Bjlk_F8F8S_BH_GB_MT64x64x16_MI16x16x16nXMZ907MkCArKFkFjDSp_31ND2LPJJlDmBDShyHB62U=.s
Assemble command: /opt/rocm/bin/amdclang++ -x assembler -target amdgcn-amd-amdhsa -mcode-object-version=4 -mcpu=gfx1201 -mno-wavefrontsize64 -c -o 
/home/iamthecage/out-v2/f8_to_f8_wmma_gb_fixed_nt/1_BenchmarkProblems/Cijk_Ailk_Bjlk_F8F8S_BH_GB_00/00_Final/source/build_tmp/SOURCE/assembly/Cijk_Ailk_Bjlk_F8F8S_BH_GB_MT6
4x64x16_MI16x16x16nXMZ907MkCArKFkFjDSp_31ND2LPJJlDmBDShyHB62U=.o 
/home/iamthecage/out-v2/f8_to_f8_wmma_gb_fixed_nt/1_BenchmarkProblems/Cijk_Ailk_Bjlk_F8F8S_BH_GB_00/00_Final/source/build_tmp/SOURCE/assembly/Cijk_Ailk_Bjlk_F8F8S_BH_GB_MT6
4x64x16_MI16x16x16nXMZ907MkCArKFkFjDSp_31ND2LPJJlDmBDShyHB62U=.s && 
write_assemblyFilename /home/iamthecage/out-v2/f8_to_f8_wmma_gb_fixed_nt/1_BenchmarkProblems/Cijk_Ailk_Bjlk_F8F8S_BH_GB_00/00_Final/source/build_tmp/SOURCE/assembly/Cijk_Ailk_Bjlk_F8F8S_BH_GB_MT64x64x16_MI16x16x16IxzJm1gc4niNZ_OL33cX89YXxtU2W0POgaepF9Hklx4=.s
Assemble command: /opt/rocm/bin/amdclang++ -x assembler -target amdgcn-amd-amdhsa -mcode-object-version=4 -mcpu=gfx1201 -mno-wavefrontsize64 -c -o 
/home/iamthecage/out-v2/f8_to_f8_wmma_gb_fixed_nt/1_BenchmarkProblems/Cijk_Ailk_Bjlk_F8F8S_BH_GB_00/00_Final/source/build_tmp/SOURCE/assembly/Cijk_Ailk_Bjlk_F8F8S_BH_GB_MT6
4x64x16_MI16x16x16IxzJm1gc4niNZ_OL33cX89YXxtU2W0POgaepF9Hklx4=.o 
/home/iamthecage/out-v2/f8_to_f8_wmma_gb_fixed_nt/1_BenchmarkProblems/Cijk_Ailk_Bjlk_F8F8S_BH_GB_00/00_Final/source/build_tmp/SOURCE/assembly/Cijk_Ailk_Bjlk_F8F8S_BH_GB_MT6
4x64x16_MI16x16x16IxzJm1gc4niNZ_OL33cX89YXxtU2W0POgaepF9Hklx4=.s && 
b''
Single Code Object File: /opt/rocm/bin/amdclang++ -target amdgcn-amd-amdhsa -Xlinker --build-id -o 
/home/iamthecage/out-v2/f8_to_f8_wmma_gb_fixed_nt/1_BenchmarkProblems/Cijk_Ailk_Bjlk_F8F8S_BH_GB_00/00_Final/source/build_tmp/SOURCE/assembly/Cijk_Ailk_Bjlk_F8F8S_BH_GB_MT6
4x64x16_MI16x16x16WYwyK6VVWZuWgCV0jDcvHcbxgdiKn8O2Bh9knkjeNnI=.co 
/home/iamthecage/out-v2/f8_to_f8_wmma_gb_fixed_nt/1_BenchmarkProblems/Cijk_Ailk_Bjlk_F8F8S_BH_GB_00/00_Final/source/build_tmp/SOURCE/assembly/Cijk_Ailk_Bjlk_F8F8S_BH_GB_MT6
4x64x16_MI16x16x16WYwyK6VVWZuWgCV0jDcvHcbxgdiKn8O2Bh9knkjeNnI=.o
total vgpr count: 256

write_assemblyFilename /home/iamthecage/out-v2/f8_to_f8_wmma_gb_fixed_nt/1_BenchmarkProblems/Cijk_Ailk_Bjlk_F8F8S_BH_GB_00/00_Final/source/build_tmp/SOURCE/assembly/Cijk_Ailk_Bjlk_F8F8S_BH_GB_MT64x64x16_MI16x16x16dq_8CiCVfJk5Hpy_S7lJWkLBFtuhxRTtI1nI_rgtHXA=.s
Assemble command: /opt/rocm/bin/amdclang++ -x assembler -target amdgcn-amd-amdhsa -mcode-object-version=4 -mcpu=gfx1201 -mno-wavefrontsize64 -c -o 
/home/iamthecage/out-v2/f8_to_f8_wmma_gb_fixed_nt/1_BenchmarkProblems/Cijk_Ailk_Bjlk_F8F8S_BH_GB_00/00_Final/source/build_tmp/SOURCE/assembly/Cijk_Ailk_Bjlk_F8F8S_BH_GB_MT6
4x64x16_MI16x16x16dq_8CiCVfJk5Hpy_S7lJWkLBFtuhxRTtI1nI_rgtHXA=.o 
/home/iamthecage/out-v2/f8_to_f8_wmma_gb_fixed_nt/1_BenchmarkProblems/Cijk_Ailk_Bjlk_F8F8S_BH_GB_00/00_Final/source/build_tmp/SOURCE/assembly/Cijk_Ailk_Bjlk_F8F8S_BH_GB_MT6
4x64x16_MI16x16x16dq_8CiCVfJk5Hpy_S7lJWkLBFtuhxRTtI1nI_rgtHXA=.s && 
write_assemblyFilename /home/iamthecage/out-v2/f8_to_f8_wmma_gb_fixed_nt/1_BenchmarkProblems/Cijk_Ailk_Bjlk_F8F8S_BH_GB_00/00_Final/source/build_tmp/SOURCE/assembly/Cijk_Ailk_Bjlk_F8F8S_BH_GB_MT64x64x16_MI16x16x16WZ-gvUmkIQRk3UJxEbaO6VFWhfGEPeGb5xYsf_LesXM=.s
Assemble command: /opt/rocm/bin/amdclang++ -x assembler -target amdgcn-amd-amdhsa -mcode-object-version=4 -mcpu=gfx1201 -mno-wavefrontsize64 -c -o 
/home/iamthecage/out-v2/f8_to_f8_wmma_gb_fixed_nt/1_BenchmarkProblems/Cijk_Ailk_Bjlk_F8F8S_BH_GB_00/00_Final/source/build_tmp/SOURCE/assembly/Cijk_Ailk_Bjlk_F8F8S_BH_GB_MT6
4x64x16_MI16x16x16WZ-gvUmkIQRk3UJxEbaO6VFWhfGEPeGb5xYsf_LesXM=.o 
/home/iamthecage/out-v2/f8_to_f8_wmma_gb_fixed_nt/1_BenchmarkProblems/Cijk_Ailk_Bjlk_F8F8S_BH_GB_00/00_Final/source/build_tmp/SOURCE/assembly/Cijk_Ailk_Bjlk_F8F8S_BH_GB_MT6
4x64x16_MI16x16x16WZ-gvUmkIQRk3UJxEbaO6VFWhfGEPeGb5xYsf_LesXM=.s && 
b''
total vgpr count: 256

b''
b''
Single Code Object File: /opt/rocm/bin/amdclang++ -target amdgcn-amd-amdhsa -Xlinker --build-id -o 
/home/iamthecage/out-v2/f8_to_f8_wmma_gb_fixed_nt/1_BenchmarkProblems/Cijk_Ailk_Bjlk_F8F8S_BH_GB_00/00_Final/source/build_tmp/SOURCE/assembly/Cijk_Ailk_Bjlk_F8F8S_BH_GB_MT6
4x64x32_MI16x16x16QrG2vLk1Cda082RxCL6Cvu8ViXuKVfE55GPKP78jEeA=.co 
/home/iamthecage/out-v2/f8_to_f8_wmma_gb_fixed_nt/1_BenchmarkProblems/Cijk_Ailk_Bjlk_F8F8S_BH_GB_00/00_Final/source/build_tmp/SOURCE/assembly/Cijk_Ailk_Bjlk_F8F8S_BH_GB_MT6
4x64x32_MI16x16x16QrG2vLk1Cda082RxCL6Cvu8ViXuKVfE55GPKP78jEeA=.o
Single Code Object File: /opt/rocm/bin/amdclang++ -target amdgcn-amd-amdhsa -Xlinker --build-id -o 
/home/iamthecage/out-v2/f8_to_f8_wmma_gb_fixed_nt/1_BenchmarkProblems/Cijk_Ailk_Bjlk_F8F8S_BH_GB_00/00_Final/source/build_tmp/SOURCE/assembly/Cijk_Ailk_Bjlk_F8F8S_BH_GB_MT6
4x64x16_MI16x16x16nXMZ907MkCArKFkFjDSp_31ND2LPJJlDmBDShyHB62U=.co 
/home/iamthecage/out-v2/f8_to_f8_wmma_gb_fixed_nt/1_BenchmarkProblems/Cijk_Ailk_Bjlk_F8F8S_BH_GB_00/00_Final/source/build_tmp/SOURCE/assembly/Cijk_Ailk_Bjlk_F8F8S_BH_GB_MT6
4x64x16_MI16x16x16nXMZ907MkCArKFkFjDSp_31ND2LPJJlDmBDShyHB62U=.o
b''
Single Code Object File: /opt/rocm/bin/amdclang++ -target amdgcn-amd-amdhsa -Xlinker --build-id -o 
/home/iamthecage/out-v2/f8_to_f8_wmma_gb_fixed_nt/1_BenchmarkProblems/Cijk_Ailk_Bjlk_F8F8S_BH_GB_00/00_Final/source/build_tmp/SOURCE/assembly/Cijk_Ailk_Bjlk_F8F8S_BH_GB_MT6
4x64x32_MI16x16x16NWUtPpvfekp3zTYH1I4s5RDujN1YPmawI7wqdno7_a8=.co 
/home/iamthecage/out-v2/f8_to_f8_wmma_gb_fixed_nt/1_BenchmarkProblems/Cijk_Ailk_Bjlk_F8F8S_BH_GB_00/00_Final/source/build_tmp/SOURCE/assembly/Cijk_Ailk_Bjlk_F8F8S_BH_GB_MT6
4x64x32_MI16x16x16NWUtPpvfekp3zTYH1I4s5RDujN1YPmawI7wqdno7_a8=.o
write_assemblyFilename /home/iamthecage/out-v2/f8_to_f8_wmma_gb_fixed_nt/1_BenchmarkProblems/Cijk_Ailk_Bjlk_F8F8S_BH_GB_00/00_Final/source/build_tmp/SOURCE/assembly/Cijk_Ailk_Bjlk_F8F8S_BH_GB_MT64x64x16_MI16x16x16c2OWJ_Rb6tE3FHlG_D3ejRHUaQoX7VPDxcqIjdumKww=.s
Assemble command: /opt/rocm/bin/amdclang++ -x assembler -target amdgcn-amd-amdhsa -mcode-object-version=4 -mcpu=gfx1201 -mno-wavefrontsize64 -c -o 
/home/iamthecage/out-v2/f8_to_f8_wmma_gb_fixed_nt/1_BenchmarkProblems/Cijk_Ailk_Bjlk_F8F8S_BH_GB_00/00_Final/source/build_tmp/SOURCE/assembly/Cijk_Ailk_Bjlk_F8F8S_BH_GB_MT6
4x64x16_MI16x16x16c2OWJ_Rb6tE3FHlG_D3ejRHUaQoX7VPDxcqIjdumKww=.o 
/home/iamthecage/out-v2/f8_to_f8_wmma_gb_fixed_nt/1_BenchmarkProblems/Cijk_Ailk_Bjlk_F8F8S_BH_GB_00/00_Final/source/build_tmp/SOURCE/assembly/Cijk_Ailk_Bjlk_F8F8S_BH_GB_MT6
4x64x16_MI16x16x16c2OWJ_Rb6tE3FHlG_D3ejRHUaQoX7VPDxcqIjdumKww=.s && 
b''
Single Code Object File: /opt/rocm/bin/amdclang++ -target amdgcn-amd-amdhsa -Xlinker --build-id -o 
/home/iamthecage/out-v2/f8_to_f8_wmma_gb_fixed_nt/1_BenchmarkProblems/Cijk_Ailk_Bjlk_F8F8S_BH_GB_00/00_Final/source/build_tmp/SOURCE/assembly/Cijk_Ailk_Bjlk_F8F8S_BH_GB_MT6
4x64x16_MI16x16x16w1BCcO2V0iCEEaPQL9q2VsywgyZHwCAM4iqL1s9ky64=.co 
/home/iamthecage/out-v2/f8_to_f8_wmma_gb_fixed_nt/1_BenchmarkProblems/Cijk_Ailk_Bjlk_F8F8S_BH_GB_00/00_Final/source/build_tmp/SOURCE/assembly/Cijk_Ailk_Bjlk_F8F8S_BH_GB_MT6
4x64x16_MI16x16x16w1BCcO2V0iCEEaPQL9q2VsywgyZHwCAM4iqL1s9ky64=.o
b''
total vgpr count: 256

total vgpr count: 256

b''
Single Code Object File: /opt/rocm/bin/amdclang++ -target amdgcn-amd-amdhsa -Xlinker --build-id -o 
/home/iamthecage/out-v2/f8_to_f8_wmma_gb_fixed_nt/1_BenchmarkProblems/Cijk_Ailk_Bjlk_F8F8S_BH_GB_00/00_Final/source/build_tmp/SOURCE/assembly/Cijk_Ailk_Bjlk_F8F8S_BH_GB_MT6
4x64x16_MI16x16x16WZ-gvUmkIQRk3UJxEbaO6VFWhfGEPeGb5xYsf_LesXM=.co 
/home/iamthecage/out-v2/f8_to_f8_wmma_gb_fixed_nt/1_BenchmarkProblems/Cijk_Ailk_Bjlk_F8F8S_BH_GB_00/00_Final/source/build_tmp/SOURCE/assembly/Cijk_Ailk_Bjlk_F8F8S_BH_GB_MT6
4x64x16_MI16x16x16WZ-gvUmkIQRk3UJxEbaO6VFWhfGEPeGb5xYsf_LesXM=.o
b''
Single Code Object File: /opt/rocm/bin/amdclang++ -target amdgcn-amd-amdhsa -Xlinker --build-id -o 
/home/iamthecage/out-v2/f8_to_f8_wmma_gb_fixed_nt/1_BenchmarkProblems/Cijk_Ailk_Bjlk_F8F8S_BH_GB_00/00_Final/source/build_tmp/SOURCE/assembly/Cijk_Ailk_Bjlk_F8F8S_BH_GB_MT6
4x64x16_MI16x16x16IxzJm1gc4niNZ_OL33cX89YXxtU2W0POgaepF9Hklx4=.co 
/home/iamthecage/out-v2/f8_to_f8_wmma_gb_fixed_nt/1_BenchmarkProblems/Cijk_Ailk_Bjlk_F8F8S_BH_GB_00/00_Final/source/build_tmp/SOURCE/assembly/Cijk_Ailk_Bjlk_F8F8S_BH_GB_MT6
4x64x16_MI16x16x16IxzJm1gc4niNZ_OL33cX89YXxtU2W0POgaepF9Hklx4=.o
write_assemblyFilename /home/iamthecage/out-v2/f8_to_f8_wmma_gb_fixed_nt/1_BenchmarkProblems/Cijk_Ailk_Bjlk_F8F8S_BH_GB_00/00_Final/source/build_tmp/SOURCE/assembly/Cijk_Ailk_Bjlk_F8F8S_BH_GB_MT64x64x16_MI16x16x16SBKgqDfSaLc03h289977s0g_PzB9ZX5Eo8LLrd8xM2o=.s
Assemble command: /opt/rocm/bin/amdclang++ -x assembler -target amdgcn-amd-amdhsa -mcode-object-version=4 -mcpu=gfx1201 -mno-wavefrontsize64 -c -o 
/home/iamthecage/out-v2/f8_to_f8_wmma_gb_fixed_nt/1_BenchmarkProblems/Cijk_Ailk_Bjlk_F8F8S_BH_GB_00/00_Final/source/build_tmp/SOURCE/assembly/Cijk_Ailk_Bjlk_F8F8S_BH_GB_MT6
4x64x16_MI16x16x16SBKgqDfSaLc03h289977s0g_PzB9ZX5Eo8LLrd8xM2o=.o 
/home/iamthecage/out-v2/f8_to_f8_wmma_gb_fixed_nt/1_BenchmarkProblems/Cijk_Ailk_Bjlk_F8F8S_BH_GB_00/00_Final/source/build_tmp/SOURCE/assembly/Cijk_Ailk_Bjlk_F8F8S_BH_GB_MT6
4x64x16_MI16x16x16SBKgqDfSaLc03h289977s0g_PzB9ZX5Eo8LLrd8xM2o=.s && 
b''
Generating kernels: 12 thread(s), 48 tasks: 100%|██████████| 48/48 [00:02<00:00, 19.70it/s]Generating kernels: 12 thread(s), 48 tasks: 100%|██████████| 48/48 [00:02<00:00, 17.09it/s]
b''
b''
write_assemblyFilename /home/iamthecage/out-v2/f8_to_f8_wmma_gb_fixed_nt/1_BenchmarkProblems/Cijk_Ailk_Bjlk_F8F8S_BH_GB_00/00_Final/source/build_tmp/SOURCE/assembly/Cijk_Ailk_Bjlk_F8F8S_BH_GB_MT64x64x16_MI16x16x168LbAEnKAypTl1OWed2vrF2w4adFXxwFi1uCfBIgPVJo=.s
Assemble command: /opt/rocm/bin/amdclang++ -x assembler -target amdgcn-amd-amdhsa -mcode-object-version=4 -mcpu=gfx1201 -mno-wavefrontsize64 -c -o 
/home/iamthecage/out-v2/f8_to_f8_wmma_gb_fixed_nt/1_BenchmarkProblems/Cijk_Ailk_Bjlk_F8F8S_BH_GB_00/00_Final/source/build_tmp/SOURCE/assembly/Cijk_Ailk_Bjlk_F8F8S_BH_GB_MT6
4x64x16_MI16x16x168LbAEnKAypTl1OWed2vrF2w4adFXxwFi1uCfBIgPVJo=.o 
/home/iamthecage/out-v2/f8_to_f8_wmma_gb_fixed_nt/1_BenchmarkProblems/Cijk_Ailk_Bjlk_F8F8S_BH_GB_00/00_Final/source/build_tmp/SOURCE/assembly/Cijk_Ailk_Bjlk_F8F8S_BH_GB_MT6
4x64x16_MI16x16x168LbAEnKAypTl1OWed2vrF2w4adFXxwFi1uCfBIgPVJo=.s && 
b''
total vgpr count: 256

b''
b''
Single Code Object File: /opt/rocm/bin/amdclang++ -target amdgcn-amd-amdhsa -Xlinker --build-id -o 
/home/iamthecage/out-v2/f8_to_f8_wmma_gb_fixed_nt/1_BenchmarkProblems/Cijk_Ailk_Bjlk_F8F8S_BH_GB_00/00_Final/source/build_tmp/SOURCE/assembly/Cijk_Ailk_Bjlk_F8F8S_BH_GB_MT6
4x64x16_MI16x16x16dq_8CiCVfJk5Hpy_S7lJWkLBFtuhxRTtI1nI_rgtHXA=.co 
/home/iamthecage/out-v2/f8_to_f8_wmma_gb_fixed_nt/1_BenchmarkProblems/Cijk_Ailk_Bjlk_F8F8S_BH_GB_00/00_Final/source/build_tmp/SOURCE/assembly/Cijk_Ailk_Bjlk_F8F8S_BH_GB_MT6
4x64x16_MI16x16x16dq_8CiCVfJk5Hpy_S7lJWkLBFtuhxRTtI1nI_rgtHXA=.o
b''
write_assemblyFilename /home/iamthecage/out-v2/f8_to_f8_wmma_gb_fixed_nt/1_BenchmarkProblems/Cijk_Ailk_Bjlk_F8F8S_BH_GB_00/00_Final/source/build_tmp/SOURCE/assembly/Cijk_Ailk_Bjlk_F8F8S_BH_GB_MT64x64x16_MI16x16x16DbPcDPLHPETEHpGNf5jIT3gMIgei2kLq0EUFEKyzGdA=.s
Assemble command: /opt/rocm/bin/amdclang++ -x assembler -target amdgcn-amd-amdhsa -mcode-object-version=4 -mcpu=gfx1201 -mno-wavefrontsize64 -c -o 
/home/iamthecage/out-v2/f8_to_f8_wmma_gb_fixed_nt/1_BenchmarkProblems/Cijk_Ailk_Bjlk_F8F8S_BH_GB_00/00_Final/source/build_tmp/SOURCE/assembly/Cijk_Ailk_Bjlk_F8F8S_BH_GB_MT6
4x64x16_MI16x16x16DbPcDPLHPETEHpGNf5jIT3gMIgei2kLq0EUFEKyzGdA=.o 
/home/iamthecage/out-v2/f8_to_f8_wmma_gb_fixed_nt/1_BenchmarkProblems/Cijk_Ailk_Bjlk_F8F8S_BH_GB_00/00_Final/source/build_tmp/SOURCE/assembly/Cijk_Ailk_Bjlk_F8F8S_BH_GB_MT6
4x64x16_MI16x16x16DbPcDPLHPETEHpGNf5jIT3gMIgei2kLq0EUFEKyzGdA=.s && 
write_assemblyFilename /home/iamthecage/out-v2/f8_to_f8_wmma_gb_fixed_nt/1_BenchmarkProblems/Cijk_Ailk_Bjlk_F8F8S_BH_GB_00/00_Final/source/build_tmp/SOURCE/assembly/Cijk_Ailk_Bjlk_F8F8S_BH_GB_MT64x64x16_MI16x16x16azVpr1cqpnoVIkLDZuKyTQgJ8tvHBLQ-1Hlc9Wzxf2o=.s
Assemble command: /opt/rocm/bin/amdclang++ -x assembler -target amdgcn-amd-amdhsa -mcode-object-version=4 -mcpu=gfx1201 -mno-wavefrontsize64 -c -o 
/home/iamthecage/out-v2/f8_to_f8_wmma_gb_fixed_nt/1_BenchmarkProblems/Cijk_Ailk_Bjlk_F8F8S_BH_GB_00/00_Final/source/build_tmp/SOURCE/assembly/Cijk_Ailk_Bjlk_F8F8S_BH_GB_MT6
4x64x16_MI16x16x16azVpr1cqpnoVIkLDZuKyTQgJ8tvHBLQ-1Hlc9Wzxf2o=.o 
/home/iamthecage/out-v2/f8_to_f8_wmma_gb_fixed_nt/1_BenchmarkProblems/Cijk_Ailk_Bjlk_F8F8S_BH_GB_00/00_Final/source/build_tmp/SOURCE/assembly/Cijk_Ailk_Bjlk_F8F8S_BH_GB_MT6
4x64x16_MI16x16x16azVpr1cqpnoVIkLDZuKyTQgJ8tvHBLQ-1Hlc9Wzxf2o=.s && 
b''
Single Code Object File: /opt/rocm/bin/amdclang++ -target amdgcn-amd-amdhsa -Xlinker --build-id -o 
/home/iamthecage/out-v2/f8_to_f8_wmma_gb_fixed_nt/1_BenchmarkProblems/Cijk_Ailk_Bjlk_F8F8S_BH_GB_00/00_Final/source/build_tmp/SOURCE/assembly/Cijk_Ailk_Bjlk_F8F8S_BH_GB_MT6
4x64x16_MI16x16x16c2OWJ_Rb6tE3FHlG_D3ejRHUaQoX7VPDxcqIjdumKww=.co 
/home/iamthecage/out-v2/f8_to_f8_wmma_gb_fixed_nt/1_BenchmarkProblems/Cijk_Ailk_Bjlk_F8F8S_BH_GB_00/00_Final/source/build_tmp/SOURCE/assembly/Cijk_Ailk_Bjlk_F8F8S_BH_GB_MT6
4x64x16_MI16x16x16c2OWJ_Rb6tE3FHlG_D3ejRHUaQoX7VPDxcqIjdumKww=.o
b''
b''
Single Code Object File: /opt/rocm/bin/amdclang++ -target amdgcn-amd-amdhsa -Xlinker --build-id -o 
/home/iamthecage/out-v2/f8_to_f8_wmma_gb_fixed_nt/1_BenchmarkProblems/Cijk_Ailk_Bjlk_F8F8S_BH_GB_00/00_Final/source/build_tmp/SOURCE/assembly/Cijk_Ailk_Bjlk_F8F8S_BH_GB_MT6
4x64x16_MI16x16x16SBKgqDfSaLc03h289977s0g_PzB9ZX5Eo8LLrd8xM2o=.co 
/home/iamthecage/out-v2/f8_to_f8_wmma_gb_fixed_nt/1_BenchmarkProblems/Cijk_Ailk_Bjlk_F8F8S_BH_GB_00/00_Final/source/build_tmp/SOURCE/assembly/Cijk_Ailk_Bjlk_F8F8S_BH_GB_MT6
4x64x16_MI16x16x16SBKgqDfSaLc03h289977s0g_PzB9ZX5Eo8LLrd8xM2o=.o
Single Code Object File: /opt/rocm/bin/amdclang++ -target amdgcn-amd-amdhsa -Xlinker --build-id -o 
/home/iamthecage/out-v2/f8_to_f8_wmma_gb_fixed_nt/1_BenchmarkProblems/Cijk_Ailk_Bjlk_F8F8S_BH_GB_00/00_Final/source/build_tmp/SOURCE/assembly/Cijk_Ailk_Bjlk_F8F8S_BH_GB_MT6
4x64x16_MI16x16x168LbAEnKAypTl1OWed2vrF2w4adFXxwFi1uCfBIgPVJo=.co 
/home/iamthecage/out-v2/f8_to_f8_wmma_gb_fixed_nt/1_BenchmarkProblems/Cijk_Ailk_Bjlk_F8F8S_BH_GB_00/00_Final/source/build_tmp/SOURCE/assembly/Cijk_Ailk_Bjlk_F8F8S_BH_GB_MT6
4x64x16_MI16x16x168LbAEnKAypTl1OWed2vrF2w4adFXxwFi1uCfBIgPVJo=.o
total vgpr count: 256

total vgpr count: 256

b''
b''
total vgpr count: 256

b''
write_assemblyFilename /home/iamthecage/out-v2/f8_to_f8_wmma_gb_fixed_nt/1_BenchmarkProblems/Cijk_Ailk_Bjlk_F8F8S_BH_GB_00/00_Final/source/build_tmp/SOURCE/assembly/Cijk_Ailk_Bjlk_F8F8S_BH_GB_MT64x64x32_MI16x16x16WYwyK6VVWZuWgCV0jDcvHcbxgdiKn8O2Bh9knkjeNnI=.s
Assemble command: /opt/rocm/bin/amdclang++ -x assembler -target amdgcn-amd-amdhsa -mcode-object-version=4 -mcpu=gfx1201 -mno-wavefrontsize64 -c -o 
/home/iamthecage/out-v2/f8_to_f8_wmma_gb_fixed_nt/1_BenchmarkProblems/Cijk_Ailk_Bjlk_F8F8S_BH_GB_00/00_Final/source/build_tmp/SOURCE/assembly/Cijk_Ailk_Bjlk_F8F8S_BH_GB_MT6
4x64x32_MI16x16x16WYwyK6VVWZuWgCV0jDcvHcbxgdiKn8O2Bh9knkjeNnI=.o 
/home/iamthecage/out-v2/f8_to_f8_wmma_gb_fixed_nt/1_BenchmarkProblems/Cijk_Ailk_Bjlk_F8F8S_BH_GB_00/00_Final/source/build_tmp/SOURCE/assembly/Cijk_Ailk_Bjlk_F8F8S_BH_GB_MT6
4x64x32_MI16x16x16WYwyK6VVWZuWgCV0jDcvHcbxgdiKn8O2Bh9knkjeNnI=.s && 
total vgpr count: 256

total vgpr count: 256

total vgpr count: 256

b''
Single Code Object File: /opt/rocm/bin/amdclang++ -target amdgcn-amd-amdhsa -Xlinker --build-id -o 
/home/iamthecage/out-v2/f8_to_f8_wmma_gb_fixed_nt/1_BenchmarkProblems/Cijk_Ailk_Bjlk_F8F8S_BH_GB_00/00_Final/source/build_tmp/SOURCE/assembly/Cijk_Ailk_Bjlk_F8F8S_BH_GB_MT6
4x64x16_MI16x16x16DbPcDPLHPETEHpGNf5jIT3gMIgei2kLq0EUFEKyzGdA=.co 
/home/iamthecage/out-v2/f8_to_f8_wmma_gb_fixed_nt/1_BenchmarkProblems/Cijk_Ailk_Bjlk_F8F8S_BH_GB_00/00_Final/source/build_tmp/SOURCE/assembly/Cijk_Ailk_Bjlk_F8F8S_BH_GB_MT6
4x64x16_MI16x16x16DbPcDPLHPETEHpGNf5jIT3gMIgei2kLq0EUFEKyzGdA=.o
write_assemblyFilename /home/iamthecage/out-v2/f8_to_f8_wmma_gb_fixed_nt/1_BenchmarkProblems/Cijk_Ailk_Bjlk_F8F8S_BH_GB_00/00_Final/source/build_tmp/SOURCE/assembly/Cijk_Ailk_Bjlk_F8F8S_BH_GB_MT64x64x16_MI16x16x16ysVikM63daQLXUsCW85Bq4mQMEvq9e54zm0jWqKkqkc=.s
Assemble command: /opt/rocm/bin/amdclang++ -x assembler -target amdgcn-amd-amdhsa -mcode-object-version=4 -mcpu=gfx1201 -mno-wavefrontsize64 -c -o 
/home/iamthecage/out-v2/f8_to_f8_wmma_gb_fixed_nt/1_BenchmarkProblems/Cijk_Ailk_Bjlk_F8F8S_BH_GB_00/00_Final/source/build_tmp/SOURCE/assembly/Cijk_Ailk_Bjlk_F8F8S_BH_GB_MT6
4x64x16_MI16x16x16ysVikM63daQLXUsCW85Bq4mQMEvq9e54zm0jWqKkqkc=.o 
/home/iamthecage/out-v2/f8_to_f8_wmma_gb_fixed_nt/1_BenchmarkProblems/Cijk_Ailk_Bjlk_F8F8S_BH_GB_00/00_Final/source/build_tmp/SOURCE/assembly/Cijk_Ailk_Bjlk_F8F8S_BH_GB_MT6
4x64x16_MI16x16x16ysVikM63daQLXUsCW85Bq4mQMEvq9e54zm0jWqKkqkc=.s && 
write_assemblyFilename /home/iamthecage/out-v2/f8_to_f8_wmma_gb_fixed_nt/1_BenchmarkProblems/Cijk_Ailk_Bjlk_F8F8S_BH_GB_00/00_Final/source/build_tmp/SOURCE/assembly/Cijk_Ailk_Bjlk_F8F8S_BH_GB_MT64x64x32_MI16x16x16IxzJm1gc4niNZ_OL33cX89YXxtU2W0POgaepF9Hklx4=.s
Assemble command: /opt/rocm/bin/amdclang++ -x assembler -target amdgcn-amd-amdhsa -mcode-object-version=4 -mcpu=gfx1201 -mno-wavefrontsize64 -c -o 
/home/iamthecage/out-v2/f8_to_f8_wmma_gb_fixed_nt/1_BenchmarkProblems/Cijk_Ailk_Bjlk_F8F8S_BH_GB_00/00_Final/source/build_tmp/SOURCE/assembly/Cijk_Ailk_Bjlk_F8F8S_BH_GB_MT6
4x64x32_MI16x16x16IxzJm1gc4niNZ_OL33cX89YXxtU2W0POgaepF9Hklx4=.o 
/home/iamthecage/out-v2/f8_to_f8_wmma_gb_fixed_nt/1_BenchmarkProblems/Cijk_Ailk_Bjlk_F8F8S_BH_GB_00/00_Final/source/build_tmp/SOURCE/assembly/Cijk_Ailk_Bjlk_F8F8S_BH_GB_MT6
4x64x32_MI16x16x16IxzJm1gc4niNZ_OL33cX89YXxtU2W0POgaepF9Hklx4=.s && 
write_assemblyFilename /home/iamthecage/out-v2/f8_to_f8_wmma_gb_fixed_nt/1_BenchmarkProblems/Cijk_Ailk_Bjlk_F8F8S_BH_GB_00/00_Final/source/build_tmp/SOURCE/assembly/Cijk_Ailk_Bjlk_F8F8S_BH_GB_MT64x64x32_MI16x16x16dq_8CiCVfJk5Hpy_S7lJWkLBFtuhxRTtI1nI_rgtHXA=.s
Assemble command: /opt/rocm/bin/amdclang++ -x assembler -target amdgcn-amd-amdhsa -mcode-object-version=4 -mcpu=gfx1201 -mno-wavefrontsize64 -c -o 
/home/iamthecage/out-v2/f8_to_f8_wmma_gb_fixed_nt/1_BenchmarkProblems/Cijk_Ailk_Bjlk_F8F8S_BH_GB_00/00_Final/source/build_tmp/SOURCE/assembly/Cijk_Ailk_Bjlk_F8F8S_BH_GB_MT6
4x64x32_MI16x16x16dq_8CiCVfJk5Hpy_S7lJWkLBFtuhxRTtI1nI_rgtHXA=.o 
/home/iamthecage/out-v2/f8_to_f8_wmma_gb_fixed_nt/1_BenchmarkProblems/Cijk_Ailk_Bjlk_F8F8S_BH_GB_00/00_Final/source/build_tmp/SOURCE/assembly/Cijk_Ailk_Bjlk_F8F8S_BH_GB_MT6
4x64x32_MI16x16x16dq_8CiCVfJk5Hpy_S7lJWkLBFtuhxRTtI1nI_rgtHXA=.s && 
write_assemblyFilename /home/iamthecage/out-v2/f8_to_f8_wmma_gb_fixed_nt/1_BenchmarkProblems/Cijk_Ailk_Bjlk_F8F8S_BH_GB_00/00_Final/source/build_tmp/SOURCE/assembly/Cijk_Ailk_Bjlk_F8F8S_BH_GB_MT64x64x32_MI16x16x16nXMZ907MkCArKFkFjDSp_31ND2LPJJlDmBDShyHB62U=.s
Assemble command: /opt/rocm/bin/amdclang++ -x assembler -target amdgcn-amd-amdhsa -mcode-object-version=4 -mcpu=gfx1201 -mno-wavefrontsize64 -c -o 
/home/iamthecage/out-v2/f8_to_f8_wmma_gb_fixed_nt/1_BenchmarkProblems/Cijk_Ailk_Bjlk_F8F8S_BH_GB_00/00_Final/source/build_tmp/SOURCE/assembly/Cijk_Ailk_Bjlk_F8F8S_BH_GB_MT6
4x64x32_MI16x16x16nXMZ907MkCArKFkFjDSp_31ND2LPJJlDmBDShyHB62U=.o 
/home/iamthecage/out-v2/f8_to_f8_wmma_gb_fixed_nt/1_BenchmarkProblems/Cijk_Ailk_Bjlk_F8F8S_BH_GB_00/00_Final/source/build_tmp/SOURCE/assembly/Cijk_Ailk_Bjlk_F8F8S_BH_GB_MT6
4x64x32_MI16x16x16nXMZ907MkCArKFkFjDSp_31ND2LPJJlDmBDShyHB62U=.s && 
write_assemblyFilename /home/iamthecage/out-v2/f8_to_f8_wmma_gb_fixed_nt/1_BenchmarkProblems/Cijk_Ailk_Bjlk_F8F8S_BH_GB_00/00_Final/source/build_tmp/SOURCE/assembly/Cijk_Ailk_Bjlk_F8F8S_BH_GB_MT64x64x32_MI16x16x16w1BCcO2V0iCEEaPQL9q2VsywgyZHwCAM4iqL1s9ky64=.s
Assemble command: /opt/rocm/bin/amdclang++ -x assembler -target amdgcn-amd-amdhsa -mcode-object-version=4 -mcpu=gfx1201 -mno-wavefrontsize64 -c -o 
/home/iamthecage/out-v2/f8_to_f8_wmma_gb_fixed_nt/1_BenchmarkProblems/Cijk_Ailk_Bjlk_F8F8S_BH_GB_00/00_Final/source/build_tmp/SOURCE/assembly/Cijk_Ailk_Bjlk_F8F8S_BH_GB_MT6
4x64x32_MI16x16x16w1BCcO2V0iCEEaPQL9q2VsywgyZHwCAM4iqL1s9ky64=.o 
/home/iamthecage/out-v2/f8_to_f8_wmma_gb_fixed_nt/1_BenchmarkProblems/Cijk_Ailk_Bjlk_F8F8S_BH_GB_00/00_Final/source/build_tmp/SOURCE/assembly/Cijk_Ailk_Bjlk_F8F8S_BH_GB_MT6
4x64x32_MI16x16x16w1BCcO2V0iCEEaPQL9q2VsywgyZHwCAM4iqL1s9ky64=.s && 
b''
Single Code Object File: /opt/rocm/bin/amdclang++ -target amdgcn-amd-amdhsa -Xlinker --build-id -o 
/home/iamthecage/out-v2/f8_to_f8_wmma_gb_fixed_nt/1_BenchmarkProblems/Cijk_Ailk_Bjlk_F8F8S_BH_GB_00/00_Final/source/build_tmp/SOURCE/assembly/Cijk_Ailk_Bjlk_F8F8S_BH_GB_MT6
4x64x32_MI16x16x16WYwyK6VVWZuWgCV0jDcvHcbxgdiKn8O2Bh9knkjeNnI=.co 
/home/iamthecage/out-v2/f8_to_f8_wmma_gb_fixed_nt/1_BenchmarkProblems/Cijk_Ailk_Bjlk_F8F8S_BH_GB_00/00_Final/source/build_tmp/SOURCE/assembly/Cijk_Ailk_Bjlk_F8F8S_BH_GB_MT6
4x64x32_MI16x16x16WYwyK6VVWZuWgCV0jDcvHcbxgdiKn8O2Bh9knkjeNnI=.o
total vgpr count: 256

b''
b''
Single Code Object File: /opt/rocm/bin/amdclang++ -target amdgcn-amd-amdhsa -Xlinker --build-id -o 
/home/iamthecage/out-v2/f8_to_f8_wmma_gb_fixed_nt/1_BenchmarkProblems/Cijk_Ailk_Bjlk_F8F8S_BH_GB_00/00_Final/source/build_tmp/SOURCE/assembly/Cijk_Ailk_Bjlk_F8F8S_BH_GB_MT6
4x64x16_MI16x16x16azVpr1cqpnoVIkLDZuKyTQgJ8tvHBLQ-1Hlc9Wzxf2o=.co 
/home/iamthecage/out-v2/f8_to_f8_wmma_gb_fixed_nt/1_BenchmarkProblems/Cijk_Ailk_Bjlk_F8F8S_BH_GB_00/00_Final/source/build_tmp/SOURCE/assembly/Cijk_Ailk_Bjlk_F8F8S_BH_GB_MT6
4x64x16_MI16x16x16azVpr1cqpnoVIkLDZuKyTQgJ8tvHBLQ-1Hlc9Wzxf2o=.o
b''
b''
write_assemblyFilename /home/iamthecage/out-v2/f8_to_f8_wmma_gb_fixed_nt/1_BenchmarkProblems/Cijk_Ailk_Bjlk_F8F8S_BH_GB_00/00_Final/source/build_tmp/SOURCE/assembly/Cijk_Ailk_Bjlk_F8F8S_BH_GB_MT64x64x32_MI16x16x16WZ-gvUmkIQRk3UJxEbaO6VFWhfGEPeGb5xYsf_LesXM=.s
Assemble command: /opt/rocm/bin/amdclang++ -x assembler -target amdgcn-amd-amdhsa -mcode-object-version=4 -mcpu=gfx1201 -mno-wavefrontsize64 -c -o 
/home/iamthecage/out-v2/f8_to_f8_wmma_gb_fixed_nt/1_BenchmarkProblems/Cijk_Ailk_Bjlk_F8F8S_BH_GB_00/00_Final/source/build_tmp/SOURCE/assembly/Cijk_Ailk_Bjlk_F8F8S_BH_GB_MT6
4x64x32_MI16x16x16WZ-gvUmkIQRk3UJxEbaO6VFWhfGEPeGb5xYsf_LesXM=.o 
/home/iamthecage/out-v2/f8_to_f8_wmma_gb_fixed_nt/1_BenchmarkProblems/Cijk_Ailk_Bjlk_F8F8S_BH_GB_00/00_Final/source/build_tmp/SOURCE/assembly/Cijk_Ailk_Bjlk_F8F8S_BH_GB_MT6
4x64x32_MI16x16x16WZ-gvUmkIQRk3UJxEbaO6VFWhfGEPeGb5xYsf_LesXM=.s && 
total vgpr count: 256

total vgpr count: 256

total vgpr count: 256

b''
Single Code Object File: /opt/rocm/bin/amdclang++ -target amdgcn-amd-amdhsa -Xlinker --build-id -o 
/home/iamthecage/out-v2/f8_to_f8_wmma_gb_fixed_nt/1_BenchmarkProblems/Cijk_Ailk_Bjlk_F8F8S_BH_GB_00/00_Final/source/build_tmp/SOURCE/assembly/Cijk_Ailk_Bjlk_F8F8S_BH_GB_MT6
4x64x32_MI16x16x16IxzJm1gc4niNZ_OL33cX89YXxtU2W0POgaepF9Hklx4=.co 
/home/iamthecage/out-v2/f8_to_f8_wmma_gb_fixed_nt/1_BenchmarkProblems/Cijk_Ailk_Bjlk_F8F8S_BH_GB_00/00_Final/source/build_tmp/SOURCE/assembly/Cijk_Ailk_Bjlk_F8F8S_BH_GB_MT6
4x64x32_MI16x16x16IxzJm1gc4niNZ_OL33cX89YXxtU2W0POgaepF9Hklx4=.o
b''
Single Code Object File: /opt/rocm/bin/amdclang++ -target amdgcn-amd-amdhsa -Xlinker --build-id -o 
/home/iamthecage/out-v2/f8_to_f8_wmma_gb_fixed_nt/1_BenchmarkProblems/Cijk_Ailk_Bjlk_F8F8S_BH_GB_00/00_Final/source/build_tmp/SOURCE/assembly/Cijk_Ailk_Bjlk_F8F8S_BH_GB_MT6
4x64x32_MI16x16x16nXMZ907MkCArKFkFjDSp_31ND2LPJJlDmBDShyHB62U=.co 
/home/iamthecage/out-v2/f8_to_f8_wmma_gb_fixed_nt/1_BenchmarkProblems/Cijk_Ailk_Bjlk_F8F8S_BH_GB_00/00_Final/source/build_tmp/SOURCE/assembly/Cijk_Ailk_Bjlk_F8F8S_BH_GB_MT6
4x64x32_MI16x16x16nXMZ907MkCArKFkFjDSp_31ND2LPJJlDmBDShyHB62U=.o
b''
Single Code Object File: /opt/rocm/bin/amdclang++ -target amdgcn-amd-amdhsa -Xlinker --build-id -o 
/home/iamthecage/out-v2/f8_to_f8_wmma_gb_fixed_nt/1_BenchmarkProblems/Cijk_Ailk_Bjlk_F8F8S_BH_GB_00/00_Final/source/build_tmp/SOURCE/assembly/Cijk_Ailk_Bjlk_F8F8S_BH_GB_MT6
4x64x32_MI16x16x16w1BCcO2V0iCEEaPQL9q2VsywgyZHwCAM4iqL1s9ky64=.co 
/home/iamthecage/out-v2/f8_to_f8_wmma_gb_fixed_nt/1_BenchmarkProblems/Cijk_Ailk_Bjlk_F8F8S_BH_GB_00/00_Final/source/build_tmp/SOURCE/assembly/Cijk_Ailk_Bjlk_F8F8S_BH_GB_MT6
4x64x32_MI16x16x16w1BCcO2V0iCEEaPQL9q2VsywgyZHwCAM4iqL1s9ky64=.o
write_assemblyFilename /home/iamthecage/out-v2/f8_to_f8_wmma_gb_fixed_nt/1_BenchmarkProblems/Cijk_Ailk_Bjlk_F8F8S_BH_GB_00/00_Final/source/build_tmp/SOURCE/assembly/Cijk_Ailk_Bjlk_F8F8S_BH_GB_MT64x64x32_MI16x16x16SBKgqDfSaLc03h289977s0g_PzB9ZX5Eo8LLrd8xM2o=.s
Assemble command: /opt/rocm/bin/amdclang++ -x assembler -target amdgcn-amd-amdhsa -mcode-object-version=4 -mcpu=gfx1201 -mno-wavefrontsize64 -c -o 
/home/iamthecage/out-v2/f8_to_f8_wmma_gb_fixed_nt/1_BenchmarkProblems/Cijk_Ailk_Bjlk_F8F8S_BH_GB_00/00_Final/source/build_tmp/SOURCE/assembly/Cijk_Ailk_Bjlk_F8F8S_BH_GB_MT6
4x64x32_MI16x16x16SBKgqDfSaLc03h289977s0g_PzB9ZX5Eo8LLrd8xM2o=.o 
/home/iamthecage/out-v2/f8_to_f8_wmma_gb_fixed_nt/1_BenchmarkProblems/Cijk_Ailk_Bjlk_F8F8S_BH_GB_00/00_Final/source/build_tmp/SOURCE/assembly/Cijk_Ailk_Bjlk_F8F8S_BH_GB_MT6
4x64x32_MI16x16x16SBKgqDfSaLc03h289977s0g_PzB9ZX5Eo8LLrd8xM2o=.s && 
b''
b''
b''
total vgpr count: 256

write_assemblyFilename /home/iamthecage/out-v2/f8_to_f8_wmma_gb_fixed_nt/1_BenchmarkProblems/Cijk_Ailk_Bjlk_F8F8S_BH_GB_00/00_Final/source/build_tmp/SOURCE/assembly/Cijk_Ailk_Bjlk_F8F8S_BH_GB_MT64x64x32_MI16x16x16c2OWJ_Rb6tE3FHlG_D3ejRHUaQoX7VPDxcqIjdumKww=.s
Assemble command: /opt/rocm/bin/amdclang++ -x assembler -target amdgcn-amd-amdhsa -mcode-object-version=4 -mcpu=gfx1201 -mno-wavefrontsize64 -c -o 
/home/iamthecage/out-v2/f8_to_f8_wmma_gb_fixed_nt/1_BenchmarkProblems/Cijk_Ailk_Bjlk_F8F8S_BH_GB_00/00_Final/source/build_tmp/SOURCE/assembly/Cijk_Ailk_Bjlk_F8F8S_BH_GB_MT6
4x64x32_MI16x16x16c2OWJ_Rb6tE3FHlG_D3ejRHUaQoX7VPDxcqIjdumKww=.o 
/home/iamthecage/out-v2/f8_to_f8_wmma_gb_fixed_nt/1_BenchmarkProblems/Cijk_Ailk_Bjlk_F8F8S_BH_GB_00/00_Final/source/build_tmp/SOURCE/assembly/Cijk_Ailk_Bjlk_F8F8S_BH_GB_MT6
4x64x32_MI16x16x16c2OWJ_Rb6tE3FHlG_D3ejRHUaQoX7VPDxcqIjdumKww=.s && 
b''
Single Code Object File: /opt/rocm/bin/amdclang++ -target amdgcn-amd-amdhsa -Xlinker --build-id -o 
/home/iamthecage/out-v2/f8_to_f8_wmma_gb_fixed_nt/1_BenchmarkProblems/Cijk_Ailk_Bjlk_F8F8S_BH_GB_00/00_Final/source/build_tmp/SOURCE/assembly/Cijk_Ailk_Bjlk_F8F8S_BH_GB_MT6
4x64x32_MI16x16x16dq_8CiCVfJk5Hpy_S7lJWkLBFtuhxRTtI1nI_rgtHXA=.co 
/home/iamthecage/out-v2/f8_to_f8_wmma_gb_fixed_nt/1_BenchmarkProblems/Cijk_Ailk_Bjlk_F8F8S_BH_GB_00/00_Final/source/build_tmp/SOURCE/assembly/Cijk_Ailk_Bjlk_F8F8S_BH_GB_MT6
4x64x32_MI16x16x16dq_8CiCVfJk5Hpy_S7lJWkLBFtuhxRTtI1nI_rgtHXA=.o
write_assemblyFilename /home/iamthecage/out-v2/f8_to_f8_wmma_gb_fixed_nt/1_BenchmarkProblems/Cijk_Ailk_Bjlk_F8F8S_BH_GB_00/00_Final/source/build_tmp/SOURCE/assembly/Cijk_Ailk_Bjlk_F8F8S_BH_GB_MT64x64x32_MI16x16x16azVpr1cqpnoVIkLDZuKyTQgJ8tvHBLQ-1Hlc9Wzxf2o=.s
Assemble command: /opt/rocm/bin/amdclang++ -x assembler -target amdgcn-amd-amdhsa -mcode-object-version=4 -mcpu=gfx1201 -mno-wavefrontsize64 -c -o 
/home/iamthecage/out-v2/f8_to_f8_wmma_gb_fixed_nt/1_BenchmarkProblems/Cijk_Ailk_Bjlk_F8F8S_BH_GB_00/00_Final/source/build_tmp/SOURCE/assembly/Cijk_Ailk_Bjlk_F8F8S_BH_GB_MT6
4x64x32_MI16x16x16azVpr1cqpnoVIkLDZuKyTQgJ8tvHBLQ-1Hlc9Wzxf2o=.o 
/home/iamthecage/out-v2/f8_to_f8_wmma_gb_fixed_nt/1_BenchmarkProblems/Cijk_Ailk_Bjlk_F8F8S_BH_GB_00/00_Final/source/build_tmp/SOURCE/assembly/Cijk_Ailk_Bjlk_F8F8S_BH_GB_MT6
4x64x32_MI16x16x16azVpr1cqpnoVIkLDZuKyTQgJ8tvHBLQ-1Hlc9Wzxf2o=.s && 
b''
b''
Single Code Object File: /opt/rocm/bin/amdclang++ -target amdgcn-amd-amdhsa -Xlinker --build-id -o 
/home/iamthecage/out-v2/f8_to_f8_wmma_gb_fixed_nt/1_BenchmarkProblems/Cijk_Ailk_Bjlk_F8F8S_BH_GB_00/00_Final/source/build_tmp/SOURCE/assembly/Cijk_Ailk_Bjlk_F8F8S_BH_GB_MT6
4x64x16_MI16x16x16ysVikM63daQLXUsCW85Bq4mQMEvq9e54zm0jWqKkqkc=.co 
/home/iamthecage/out-v2/f8_to_f8_wmma_gb_fixed_nt/1_BenchmarkProblems/Cijk_Ailk_Bjlk_F8F8S_BH_GB_00/00_Final/source/build_tmp/SOURCE/assembly/Cijk_Ailk_Bjlk_F8F8S_BH_GB_MT6
4x64x16_MI16x16x16ysVikM63daQLXUsCW85Bq4mQMEvq9e54zm0jWqKkqkc=.o
Single Code Object File: /opt/rocm/bin/amdclang++ -target amdgcn-amd-amdhsa -Xlinker --build-id -o 
/home/iamthecage/out-v2/f8_to_f8_wmma_gb_fixed_nt/1_BenchmarkProblems/Cijk_Ailk_Bjlk_F8F8S_BH_GB_00/00_Final/source/build_tmp/SOURCE/assembly/Cijk_Ailk_Bjlk_F8F8S_BH_GB_MT6
4x64x32_MI16x16x16WZ-gvUmkIQRk3UJxEbaO6VFWhfGEPeGb5xYsf_LesXM=.co 
/home/iamthecage/out-v2/f8_to_f8_wmma_gb_fixed_nt/1_BenchmarkProblems/Cijk_Ailk_Bjlk_F8F8S_BH_GB_00/00_Final/source/build_tmp/SOURCE/assembly/Cijk_Ailk_Bjlk_F8F8S_BH_GB_MT6
4x64x32_MI16x16x16WZ-gvUmkIQRk3UJxEbaO6VFWhfGEPeGb5xYsf_LesXM=.o
b''
total vgpr count: 256

b''
b''
total vgpr count: 256

write_assemblyFilename /home/iamthecage/out-v2/f8_to_f8_wmma_gb_fixed_nt/1_BenchmarkProblems/Cijk_Ailk_Bjlk_F8F8S_BH_GB_00/00_Final/source/build_tmp/SOURCE/assembly/Cijk_Ailk_Bjlk_F8F8S_BH_GB_MT64x64x32_MI16x16x168LbAEnKAypTl1OWed2vrF2w4adFXxwFi1uCfBIgPVJo=.s
Assemble command: /opt/rocm/bin/amdclang++ -x assembler -target amdgcn-amd-amdhsa -mcode-object-version=4 -mcpu=gfx1201 -mno-wavefrontsize64 -c -o 
/home/iamthecage/out-v2/f8_to_f8_wmma_gb_fixed_nt/1_BenchmarkProblems/Cijk_Ailk_Bjlk_F8F8S_BH_GB_00/00_Final/source/build_tmp/SOURCE/assembly/Cijk_Ailk_Bjlk_F8F8S_BH_GB_MT6
4x64x32_MI16x16x168LbAEnKAypTl1OWed2vrF2w4adFXxwFi1uCfBIgPVJo=.o 
/home/iamthecage/out-v2/f8_to_f8_wmma_gb_fixed_nt/1_BenchmarkProblems/Cijk_Ailk_Bjlk_F8F8S_BH_GB_00/00_Final/source/build_tmp/SOURCE/assembly/Cijk_Ailk_Bjlk_F8F8S_BH_GB_MT6
4x64x32_MI16x16x168LbAEnKAypTl1OWed2vrF2w4adFXxwFi1uCfBIgPVJo=.s && 
write_assemblyFilename /home/iamthecage/out-v2/f8_to_f8_wmma_gb_fixed_nt/1_BenchmarkProblems/Cijk_Ailk_Bjlk_F8F8S_BH_GB_00/00_Final/source/build_tmp/SOURCE/assembly/Cijk_Ailk_Bjlk_F8F8S_BH_GB_MT64x64x32_MI16x16x16DbPcDPLHPETEHpGNf5jIT3gMIgei2kLq0EUFEKyzGdA=.s
Assemble command: /opt/rocm/bin/amdclang++ -x assembler -target amdgcn-amd-amdhsa -mcode-object-version=4 -mcpu=gfx1201 -mno-wavefrontsize64 -c -o 
/home/iamthecage/out-v2/f8_to_f8_wmma_gb_fixed_nt/1_BenchmarkProblems/Cijk_Ailk_Bjlk_F8F8S_BH_GB_00/00_Final/source/build_tmp/SOURCE/assembly/Cijk_Ailk_Bjlk_F8F8S_BH_GB_MT6
4x64x32_MI16x16x16DbPcDPLHPETEHpGNf5jIT3gMIgei2kLq0EUFEKyzGdA=.o 
/home/iamthecage/out-v2/f8_to_f8_wmma_gb_fixed_nt/1_BenchmarkProblems/Cijk_Ailk_Bjlk_F8F8S_BH_GB_00/00_Final/source/build_tmp/SOURCE/assembly/Cijk_Ailk_Bjlk_F8F8S_BH_GB_MT6
4x64x32_MI16x16x16DbPcDPLHPETEHpGNf5jIT3gMIgei2kLq0EUFEKyzGdA=.s && 
b''
Single Code Object File: /opt/rocm/bin/amdclang++ -target amdgcn-amd-amdhsa -Xlinker --build-id -o 
/home/iamthecage/out-v2/f8_to_f8_wmma_gb_fixed_nt/1_BenchmarkProblems/Cijk_Ailk_Bjlk_F8F8S_BH_GB_00/00_Final/source/build_tmp/SOURCE/assembly/Cijk_Ailk_Bjlk_F8F8S_BH_GB_MT6
4x64x32_MI16x16x16SBKgqDfSaLc03h289977s0g_PzB9ZX5Eo8LLrd8xM2o=.co 
/home/iamthecage/out-v2/f8_to_f8_wmma_gb_fixed_nt/1_BenchmarkProblems/Cijk_Ailk_Bjlk_F8F8S_BH_GB_00/00_Final/source/build_tmp/SOURCE/assembly/Cijk_Ailk_Bjlk_F8F8S_BH_GB_MT6
4x64x32_MI16x16x16SBKgqDfSaLc03h289977s0g_PzB9ZX5Eo8LLrd8xM2o=.o
write_assemblyFilename /home/iamthecage/out-v2/f8_to_f8_wmma_gb_fixed_nt/1_BenchmarkProblems/Cijk_Ailk_Bjlk_F8F8S_BH_GB_00/00_Final/source/build_tmp/SOURCE/assembly/Cijk_Ailk_Bjlk_F8F8S_BH_GB_MT64x64x32_MI16x16x16ysVikM63daQLXUsCW85Bq4mQMEvq9e54zm0jWqKkqkc=.s
Assemble command: /opt/rocm/bin/amdclang++ -x assembler -target amdgcn-amd-amdhsa -mcode-object-version=4 -mcpu=gfx1201 -mno-wavefrontsize64 -c -o 
/home/iamthecage/out-v2/f8_to_f8_wmma_gb_fixed_nt/1_BenchmarkProblems/Cijk_Ailk_Bjlk_F8F8S_BH_GB_00/00_Final/source/build_tmp/SOURCE/assembly/Cijk_Ailk_Bjlk_F8F8S_BH_GB_MT6
4x64x32_MI16x16x16ysVikM63daQLXUsCW85Bq4mQMEvq9e54zm0jWqKkqkc=.o 
/home/iamthecage/out-v2/f8_to_f8_wmma_gb_fixed_nt/1_BenchmarkProblems/Cijk_Ailk_Bjlk_F8F8S_BH_GB_00/00_Final/source/build_tmp/SOURCE/assembly/Cijk_Ailk_Bjlk_F8F8S_BH_GB_MT6
4x64x32_MI16x16x16ysVikM63daQLXUsCW85Bq4mQMEvq9e54zm0jWqKkqkc=.s && 
b''
b''
Single Code Object File: /opt/rocm/bin/amdclang++ -target amdgcn-amd-amdhsa -Xlinker --build-id -o 
/home/iamthecage/out-v2/f8_to_f8_wmma_gb_fixed_nt/1_BenchmarkProblems/Cijk_Ailk_Bjlk_F8F8S_BH_GB_00/00_Final/source/build_tmp/SOURCE/assembly/Cijk_Ailk_Bjlk_F8F8S_BH_GB_MT6
4x64x32_MI16x16x168LbAEnKAypTl1OWed2vrF2w4adFXxwFi1uCfBIgPVJo=.co 
/home/iamthecage/out-v2/f8_to_f8_wmma_gb_fixed_nt/1_BenchmarkProblems/Cijk_Ailk_Bjlk_F8F8S_BH_GB_00/00_Final/source/build_tmp/SOURCE/assembly/Cijk_Ailk_Bjlk_F8F8S_BH_GB_MT6
4x64x32_MI16x16x168LbAEnKAypTl1OWed2vrF2w4adFXxwFi1uCfBIgPVJo=.o
b''
Single Code Object File: /opt/rocm/bin/amdclang++ -target amdgcn-amd-amdhsa -Xlinker --build-id -o 
/home/iamthecage/out-v2/f8_to_f8_wmma_gb_fixed_nt/1_BenchmarkProblems/Cijk_Ailk_Bjlk_F8F8S_BH_GB_00/00_Final/source/build_tmp/SOURCE/assembly/Cijk_Ailk_Bjlk_F8F8S_BH_GB_MT6
4x64x32_MI16x16x16azVpr1cqpnoVIkLDZuKyTQgJ8tvHBLQ-1Hlc9Wzxf2o=.co 
/home/iamthecage/out-v2/f8_to_f8_wmma_gb_fixed_nt/1_BenchmarkProblems/Cijk_Ailk_Bjlk_F8F8S_BH_GB_00/00_Final/source/build_tmp/SOURCE/assembly/Cijk_Ailk_Bjlk_F8F8S_BH_GB_MT6
4x64x32_MI16x16x16azVpr1cqpnoVIkLDZuKyTQgJ8tvHBLQ-1Hlc9Wzxf2o=.o
b''
Single Code Object File: /opt/rocm/bin/amdclang++ -target amdgcn-amd-amdhsa -Xlinker --build-id -o 
/home/iamthecage/out-v2/f8_to_f8_wmma_gb_fixed_nt/1_BenchmarkProblems/Cijk_Ailk_Bjlk_F8F8S_BH_GB_00/00_Final/source/build_tmp/SOURCE/assembly/Cijk_Ailk_Bjlk_F8F8S_BH_GB_MT6
4x64x32_MI16x16x16c2OWJ_Rb6tE3FHlG_D3ejRHUaQoX7VPDxcqIjdumKww=.co 
/home/iamthecage/out-v2/f8_to_f8_wmma_gb_fixed_nt/1_BenchmarkProblems/Cijk_Ailk_Bjlk_F8F8S_BH_GB_00/00_Final/source/build_tmp/SOURCE/assembly/Cijk_Ailk_Bjlk_F8F8S_BH_GB_MT6
4x64x32_MI16x16x16c2OWJ_Rb6tE3FHlG_D3ejRHUaQoX7VPDxcqIjdumKww=.o
b''
b''
b''
b''
Single Code Object File: /opt/rocm/bin/amdclang++ -target amdgcn-amd-amdhsa -Xlinker --build-id -o 
/home/iamthecage/out-v2/f8_to_f8_wmma_gb_fixed_nt/1_BenchmarkProblems/Cijk_Ailk_Bjlk_F8F8S_BH_GB_00/00_Final/source/build_tmp/SOURCE/assembly/Cijk_Ailk_Bjlk_F8F8S_BH_GB_MT6
4x64x32_MI16x16x16DbPcDPLHPETEHpGNf5jIT3gMIgei2kLq0EUFEKyzGdA=.co 
/home/iamthecage/out-v2/f8_to_f8_wmma_gb_fixed_nt/1_BenchmarkProblems/Cijk_Ailk_Bjlk_F8F8S_BH_GB_00/00_Final/source/build_tmp/SOURCE/assembly/Cijk_Ailk_Bjlk_F8F8S_BH_GB_MT6
4x64x32_MI16x16x16DbPcDPLHPETEHpGNf5jIT3gMIgei2kLq0EUFEKyzGdA=.o
b''
b''
Single Code Object File: /opt/rocm/bin/amdclang++ -target amdgcn-amd-amdhsa -Xlinker --build-id -o 
/home/iamthecage/out-v2/f8_to_f8_wmma_gb_fixed_nt/1_BenchmarkProblems/Cijk_Ailk_Bjlk_F8F8S_BH_GB_00/00_Final/source/build_tmp/SOURCE/assembly/Cijk_Ailk_Bjlk_F8F8S_BH_GB_MT6
4x64x32_MI16x16x16ysVikM63daQLXUsCW85Bq4mQMEvq9e54zm0jWqKkqkc=.co 
/home/iamthecage/out-v2/f8_to_f8_wmma_gb_fixed_nt/1_BenchmarkProblems/Cijk_Ailk_Bjlk_F8F8S_BH_GB_00/00_Final/source/build_tmp/SOURCE/assembly/Cijk_Ailk_Bjlk_F8F8S_BH_GB_MT6
4x64x32_MI16x16x16ysVikM63daQLXUsCW85Bq4mQMEvq9e54zm0jWqKkqkc=.o
b''
Filtering processing errors: 0it [00:00, ?it/s]Filtering processing errors: 48it [00:00, 1502437.25it/s]
> UserWarning: Kernel file context manager opened without any kernel files.
Compiling source kernels: 0it [00:00, ?it/s]Compiling source kernels: 0it [00:00, ?it/s]
Relocating code objects: 0it [00:00, ?it/s]Relocating code objects: 48it [00:00, 31276.46it/s]
> UserWarning: Code object files are not compressed in `--no-merge-files` build mode.
# Kernel Building elapsed time = 3.1 secs
# Actual Solutions: 48 / 48 after KernelWriter

+ ERR=0
+ /home/iamthecage/rocm-libraries/shared/tensile/next-cmake/build/tensile-client --config-file /home/iamthecage/out-v2/f8_to_f8_wmma_gb_fixed_nt/1_BenchmarkProblems/Cijk_Ailk_Bjlk_F8F8S_BH_GB_00/00_Final/build/../source/ClientParameters.ini
loading config file /home/iamthecage/out-v2/f8_to_f8_wmma_gb_fixed_nt/1_BenchmarkProblems/Cijk_Ailk_Bjlk_F8F8S_BH_GB_00/00_Final/build/../source/ClientParameters.ini
Loading /home/iamthecage/out-v2/f8_to_f8_wmma_gb_fixed_nt/1_BenchmarkProblems/Cijk_Ailk_Bjlk_F8F8S_BH_GB_00/00_Final/source/library/Cijk_Ailk_Bjlk_F8F8S_BH_GB_MT64x64x16_MI16x16x16OOYvAZYq5cZnogmGFouOmi0m-MqUSIjqY2Z8a6jSVVA=_gfx1201.co
Loading /home/iamthecage/out-v2/f8_to_f8_wmma_gb_fixed_nt/1_BenchmarkProblems/Cijk_Ailk_Bjlk_F8F8S_BH_GB_00/00_Final/source/library/Cijk_Ailk_Bjlk_F8F8S_BH_GB_MT64x64x16_MI16x16x16zzCQD1Hxug5bJjUMBQJAPgNMADPs4wraIgeFvzoUjQc=_gfx1201.co
Loading /home/iamthecage/out-v2/f8_to_f8_wmma_gb_fixed_nt/1_BenchmarkProblems/Cijk_Ailk_Bjlk_F8F8S_BH_GB_00/00_Final/source/library/Cijk_Ailk_Bjlk_F8F8S_BH_GB_MT64x64x16_MI16x16x16LofYYNMhBprQhYfXsYrt9FVkjNNBfMGkxIKr-q9OPls=_gfx1201.co
Loading /home/iamthecage/out-v2/f8_to_f8_wmma_gb_fixed_nt/1_BenchmarkProblems/Cijk_Ailk_Bjlk_F8F8S_BH_GB_00/00_Final/source/library/Cijk_Ailk_Bjlk_F8F8S_BH_GB_MT64x64x16_MI16x16x16XwbSiHnzFDkSF7xxE_S4bfjy5Tf2YRw9MoH6p6gbg-4=_gfx1201.co
Loading /home/iamthecage/out-v2/f8_to_f8_wmma_gb_fixed_nt/1_BenchmarkProblems/Cijk_Ailk_Bjlk_F8F8S_BH_GB_00/00_Final/source/library/Cijk_Ailk_Bjlk_F8F8S_BH_GB_MT64x64x16_MI16x16x165BG-8DJXshZdHVJ94-9-yEOqcXWvb7qtvyb5RttvsAo=_gfx1201.co
Loading /home/iamthecage/out-v2/f8_to_f8_wmma_gb_fixed_nt/1_BenchmarkProblems/Cijk_Ailk_Bjlk_F8F8S_BH_GB_00/00_Final/source/library/Cijk_Ailk_Bjlk_F8F8S_BH_GB_MT64x64x16_MI16x16x16W5wk9A1hQblamH1H5JRoXxy_C-ndF1Kb81yWhojNrkw=_gfx1201.co
Loading /home/iamthecage/out-v2/f8_to_f8_wmma_gb_fixed_nt/1_BenchmarkProblems/Cijk_Ailk_Bjlk_F8F8S_BH_GB_00/00_Final/source/library/Cijk_Ailk_Bjlk_F8F8S_BH_GB_MT64x64x16_MI16x16x16uItvcoRD_vXmskSwxxB6Yeryhzatgz9AtvHs4IZR-JA=_gfx1201.co
Loading /home/iamthecage/out-v2/f8_to_f8_wmma_gb_fixed_nt/1_BenchmarkProblems/Cijk_Ailk_Bjlk_F8F8S_BH_GB_00/00_Final/source/library/Cijk_Ailk_Bjlk_F8F8S_BH_GB_MT64x64x16_MI16x16x16G8i6KmdGOf61k2NKefw1JLuhK3LcGUQW0o0gzV7_2Ws=_gfx1201.co
Loading /home/iamthecage/out-v2/f8_to_f8_wmma_gb_fixed_nt/1_BenchmarkProblems/Cijk_Ailk_Bjlk_F8F8S_BH_GB_00/00_Final/source/library/Cijk_Ailk_Bjlk_F8F8S_BH_GB_MT64x64x16_MI16x16x16NWUtPpvfekp3zTYH1I4s5RDujN1YPmawI7wqdno7_a8=_gfx1201.co
Loading /home/iamthecage/out-v2/f8_to_f8_wmma_gb_fixed_nt/1_BenchmarkProblems/Cijk_Ailk_Bjlk_F8F8S_BH_GB_00/00_Final/source/library/Cijk_Ailk_Bjlk_F8F8S_BH_GB_MT64x64x16_MI16x16x16m_1q879nV_Qg_JHwjBjl4h1Qp660jmh8dpKrkE8PoT4=_gfx1201.co
Loading /home/iamthecage/out-v2/f8_to_f8_wmma_gb_fixed_nt/1_BenchmarkProblems/Cijk_Ailk_Bjlk_F8F8S_BH_GB_00/00_Final/source/library/Cijk_Ailk_Bjlk_F8F8S_BH_GB_MT64x64x16_MI16x16x16VGX5871UkJVrUeKrRY--NkPAgXalpsfIVkJ2Id-O__k=_gfx1201.co
Loading /home/iamthecage/out-v2/f8_to_f8_wmma_gb_fixed_nt/1_BenchmarkProblems/Cijk_Ailk_Bjlk_F8F8S_BH_GB_00/00_Final/source/library/Cijk_Ailk_Bjlk_F8F8S_BH_GB_MT64x64x16_MI16x16x16QrG2vLk1Cda082RxCL6Cvu8ViXuKVfE55GPKP78jEeA=_gfx1201.co
Loading /home/iamthecage/out-v2/f8_to_f8_wmma_gb_fixed_nt/1_BenchmarkProblems/Cijk_Ailk_Bjlk_F8F8S_BH_GB_00/00_Final/source/library/Cijk_Ailk_Bjlk_F8F8S_BH_GB_MT64x64x32_MI16x16x16OOYvAZYq5cZnogmGFouOmi0m-MqUSIjqY2Z8a6jSVVA=_gfx1201.co
Loading /home/iamthecage/out-v2/f8_to_f8_wmma_gb_fixed_nt/1_BenchmarkProblems/Cijk_Ailk_Bjlk_F8F8S_BH_GB_00/00_Final/source/library/Cijk_Ailk_Bjlk_F8F8S_BH_GB_MT64x64x32_MI16x16x16zzCQD1Hxug5bJjUMBQJAPgNMADPs4wraIgeFvzoUjQc=_gfx1201.co
Loading /home/iamthecage/out-v2/f8_to_f8_wmma_gb_fixed_nt/1_BenchmarkProblems/Cijk_Ailk_Bjlk_F8F8S_BH_GB_00/00_Final/source/library/Cijk_Ailk_Bjlk_F8F8S_BH_GB_MT64x64x32_MI16x16x16LofYYNMhBprQhYfXsYrt9FVkjNNBfMGkxIKr-q9OPls=_gfx1201.co
Loading /home/iamthecage/out-v2/f8_to_f8_wmma_gb_fixed_nt/1_BenchmarkProblems/Cijk_Ailk_Bjlk_F8F8S_BH_GB_00/00_Final/source/library/Cijk_Ailk_Bjlk_F8F8S_BH_GB_MT64x64x32_MI16x16x16XwbSiHnzFDkSF7xxE_S4bfjy5Tf2YRw9MoH6p6gbg-4=_gfx1201.co
Loading /home/iamthecage/out-v2/f8_to_f8_wmma_gb_fixed_nt/1_BenchmarkProblems/Cijk_Ailk_Bjlk_F8F8S_BH_GB_00/00_Final/source/library/Cijk_Ailk_Bjlk_F8F8S_BH_GB_MT64x64x32_MI16x16x165BG-8DJXshZdHVJ94-9-yEOqcXWvb7qtvyb5RttvsAo=_gfx1201.co
Loading /home/iamthecage/out-v2/f8_to_f8_wmma_gb_fixed_nt/1_BenchmarkProblems/Cijk_Ailk_Bjlk_F8F8S_BH_GB_00/00_Final/source/library/Cijk_Ailk_Bjlk_F8F8S_BH_GB_MT64x64x32_MI16x16x16W5wk9A1hQblamH1H5JRoXxy_C-ndF1Kb81yWhojNrkw=_gfx1201.co
Loading /home/iamthecage/out-v2/f8_to_f8_wmma_gb_fixed_nt/1_BenchmarkProblems/Cijk_Ailk_Bjlk_F8F8S_BH_GB_00/00_Final/source/library/Cijk_Ailk_Bjlk_F8F8S_BH_GB_MT64x64x32_MI16x16x16uItvcoRD_vXmskSwxxB6Yeryhzatgz9AtvHs4IZR-JA=_gfx1201.co
Loading /home/iamthecage/out-v2/f8_to_f8_wmma_gb_fixed_nt/1_BenchmarkProblems/Cijk_Ailk_Bjlk_F8F8S_BH_GB_00/00_Final/source/library/Cijk_Ailk_Bjlk_F8F8S_BH_GB_MT64x64x32_MI16x16x16G8i6KmdGOf61k2NKefw1JLuhK3LcGUQW0o0gzV7_2Ws=_gfx1201.co
Loading /home/iamthecage/out-v2/f8_to_f8_wmma_gb_fixed_nt/1_BenchmarkProblems/Cijk_Ailk_Bjlk_F8F8S_BH_GB_00/00_Final/source/library/Cijk_Ailk_Bjlk_F8F8S_BH_GB_MT64x64x32_MI16x16x16NWUtPpvfekp3zTYH1I4s5RDujN1YPmawI7wqdno7_a8=_gfx1201.co
Loading /home/iamthecage/out-v2/f8_to_f8_wmma_gb_fixed_nt/1_BenchmarkProblems/Cijk_Ailk_Bjlk_F8F8S_BH_GB_00/00_Final/source/library/Cijk_Ailk_Bjlk_F8F8S_BH_GB_MT64x64x32_MI16x16x16m_1q879nV_Qg_JHwjBjl4h1Qp660jmh8dpKrkE8PoT4=_gfx1201.co
Loading /home/iamthecage/out-v2/f8_to_f8_wmma_gb_fixed_nt/1_BenchmarkProblems/Cijk_Ailk_Bjlk_F8F8S_BH_GB_00/00_Final/source/library/Cijk_Ailk_Bjlk_F8F8S_BH_GB_MT64x64x32_MI16x16x16VGX5871UkJVrUeKrRY--NkPAgXalpsfIVkJ2Id-O__k=_gfx1201.co
Loading /home/iamthecage/out-v2/f8_to_f8_wmma_gb_fixed_nt/1_BenchmarkProblems/Cijk_Ailk_Bjlk_F8F8S_BH_GB_00/00_Final/source/library/Cijk_Ailk_Bjlk_F8F8S_BH_GB_MT64x64x32_MI16x16x16QrG2vLk1Cda082RxCL6Cvu8ViXuKVfE55GPKP78jEeA=_gfx1201.co
Loading /home/iamthecage/out-v2/f8_to_f8_wmma_gb_fixed_nt/1_BenchmarkProblems/Cijk_Ailk_Bjlk_F8F8S_BH_GB_00/00_Final/source/library/Cijk_Ailk_Bjlk_F8F8S_BH_GB_MT64x64x16_MI16x16x16WYwyK6VVWZuWgCV0jDcvHcbxgdiKn8O2Bh9knkjeNnI=_gfx1201.co
Loading /home/iamthecage/out-v2/f8_to_f8_wmma_gb_fixed_nt/1_BenchmarkProblems/Cijk_Ailk_Bjlk_F8F8S_BH_GB_00/00_Final/source/library/Cijk_Ailk_Bjlk_F8F8S_BH_GB_MT64x64x16_MI16x16x16w1BCcO2V0iCEEaPQL9q2VsywgyZHwCAM4iqL1s9ky64=_gfx1201.co
Loading /home/iamthecage/out-v2/f8_to_f8_wmma_gb_fixed_nt/1_BenchmarkProblems/Cijk_Ailk_Bjlk_F8F8S_BH_GB_00/00_Final/source/library/Cijk_Ailk_Bjlk_F8F8S_BH_GB_MT64x64x16_MI16x16x16dq_8CiCVfJk5Hpy_S7lJWkLBFtuhxRTtI1nI_rgtHXA=_gfx1201.co
Loading /home/iamthecage/out-v2/f8_to_f8_wmma_gb_fixed_nt/1_BenchmarkProblems/Cijk_Ailk_Bjlk_F8F8S_BH_GB_00/00_Final/source/library/Cijk_Ailk_Bjlk_F8F8S_BH_GB_MT64x64x16_MI16x16x16IxzJm1gc4niNZ_OL33cX89YXxtU2W0POgaepF9Hklx4=_gfx1201.co
Loading /home/iamthecage/out-v2/f8_to_f8_wmma_gb_fixed_nt/1_BenchmarkProblems/Cijk_Ailk_Bjlk_F8F8S_BH_GB_00/00_Final/source/library/Cijk_Ailk_Bjlk_F8F8S_BH_GB_MT64x64x16_MI16x16x16nXMZ907MkCArKFkFjDSp_31ND2LPJJlDmBDShyHB62U=_gfx1201.co
Loading /home/iamthecage/out-v2/f8_to_f8_wmma_gb_fixed_nt/1_BenchmarkProblems/Cijk_Ailk_Bjlk_F8F8S_BH_GB_00/00_Final/source/library/Cijk_Ailk_Bjlk_F8F8S_BH_GB_MT64x64x16_MI16x16x16c2OWJ_Rb6tE3FHlG_D3ejRHUaQoX7VPDxcqIjdumKww=_gfx1201.co
Loading /home/iamthecage/out-v2/f8_to_f8_wmma_gb_fixed_nt/1_BenchmarkProblems/Cijk_Ailk_Bjlk_F8F8S_BH_GB_00/00_Final/source/library/Cijk_Ailk_Bjlk_F8F8S_BH_GB_MT64x64x16_MI16x16x16WZ-gvUmkIQRk3UJxEbaO6VFWhfGEPeGb5xYsf_LesXM=_gfx1201.co
Loading /home/iamthecage/out-v2/f8_to_f8_wmma_gb_fixed_nt/1_BenchmarkProblems/Cijk_Ailk_Bjlk_F8F8S_BH_GB_00/00_Final/source/library/Cijk_Ailk_Bjlk_F8F8S_BH_GB_MT64x64x16_MI16x16x16SBKgqDfSaLc03h289977s0g_PzB9ZX5Eo8LLrd8xM2o=_gfx1201.co
Loading /home/iamthecage/out-v2/f8_to_f8_wmma_gb_fixed_nt/1_BenchmarkProblems/Cijk_Ailk_Bjlk_F8F8S_BH_GB_00/00_Final/source/library/Cijk_Ailk_Bjlk_F8F8S_BH_GB_MT64x64x16_MI16x16x16azVpr1cqpnoVIkLDZuKyTQgJ8tvHBLQ-1Hlc9Wzxf2o=_gfx1201.co
Loading /home/iamthecage/out-v2/f8_to_f8_wmma_gb_fixed_nt/1_BenchmarkProblems/Cijk_Ailk_Bjlk_F8F8S_BH_GB_00/00_Final/source/library/Cijk_Ailk_Bjlk_F8F8S_BH_GB_MT64x64x16_MI16x16x168LbAEnKAypTl1OWed2vrF2w4adFXxwFi1uCfBIgPVJo=_gfx1201.co
Loading /home/iamthecage/out-v2/f8_to_f8_wmma_gb_fixed_nt/1_BenchmarkProblems/Cijk_Ailk_Bjlk_F8F8S_BH_GB_00/00_Final/source/library/Cijk_Ailk_Bjlk_F8F8S_BH_GB_MT64x64x16_MI16x16x16DbPcDPLHPETEHpGNf5jIT3gMIgei2kLq0EUFEKyzGdA=_gfx1201.co
Loading /home/iamthecage/out-v2/f8_to_f8_wmma_gb_fixed_nt/1_BenchmarkProblems/Cijk_Ailk_Bjlk_F8F8S_BH_GB_00/00_Final/source/library/Cijk_Ailk_Bjlk_F8F8S_BH_GB_MT64x64x16_MI16x16x16ysVikM63daQLXUsCW85Bq4mQMEvq9e54zm0jWqKkqkc=_gfx1201.co
Loading /home/iamthecage/out-v2/f8_to_f8_wmma_gb_fixed_nt/1_BenchmarkProblems/Cijk_Ailk_Bjlk_F8F8S_BH_GB_00/00_Final/source/library/Cijk_Ailk_Bjlk_F8F8S_BH_GB_MT64x64x32_MI16x16x16WYwyK6VVWZuWgCV0jDcvHcbxgdiKn8O2Bh9knkjeNnI=_gfx1201.co
Loading /home/iamthecage/out-v2/f8_to_f8_wmma_gb_fixed_nt/1_BenchmarkProblems/Cijk_Ailk_Bjlk_F8F8S_BH_GB_00/00_Final/source/library/Cijk_Ailk_Bjlk_F8F8S_BH_GB_MT64x64x32_MI16x16x16w1BCcO2V0iCEEaPQL9q2VsywgyZHwCAM4iqL1s9ky64=_gfx1201.co
Loading /home/iamthecage/out-v2/f8_to_f8_wmma_gb_fixed_nt/1_BenchmarkProblems/Cijk_Ailk_Bjlk_F8F8S_BH_GB_00/00_Final/source/library/Cijk_Ailk_Bjlk_F8F8S_BH_GB_MT64x64x32_MI16x16x16dq_8CiCVfJk5Hpy_S7lJWkLBFtuhxRTtI1nI_rgtHXA=_gfx1201.co
Loading /home/iamthecage/out-v2/f8_to_f8_wmma_gb_fixed_nt/1_BenchmarkProblems/Cijk_Ailk_Bjlk_F8F8S_BH_GB_00/00_Final/source/library/Cijk_Ailk_Bjlk_F8F8S_BH_GB_MT64x64x32_MI16x16x16IxzJm1gc4niNZ_OL33cX89YXxtU2W0POgaepF9Hklx4=_gfx1201.co
Loading /home/iamthecage/out-v2/f8_to_f8_wmma_gb_fixed_nt/1_BenchmarkProblems/Cijk_Ailk_Bjlk_F8F8S_BH_GB_00/00_Final/source/library/Cijk_Ailk_Bjlk_F8F8S_BH_GB_MT64x64x32_MI16x16x16nXMZ907MkCArKFkFjDSp_31ND2LPJJlDmBDShyHB62U=_gfx1201.co
Loading /home/iamthecage/out-v2/f8_to_f8_wmma_gb_fixed_nt/1_BenchmarkProblems/Cijk_Ailk_Bjlk_F8F8S_BH_GB_00/00_Final/source/library/Cijk_Ailk_Bjlk_F8F8S_BH_GB_MT64x64x32_MI16x16x16c2OWJ_Rb6tE3FHlG_D3ejRHUaQoX7VPDxcqIjdumKww=_gfx1201.co
Loading /home/iamthecage/out-v2/f8_to_f8_wmma_gb_fixed_nt/1_BenchmarkProblems/Cijk_Ailk_Bjlk_F8F8S_BH_GB_00/00_Final/source/library/Cijk_Ailk_Bjlk_F8F8S_BH_GB_MT64x64x32_MI16x16x16WZ-gvUmkIQRk3UJxEbaO6VFWhfGEPeGb5xYsf_LesXM=_gfx1201.co
Loading /home/iamthecage/out-v2/f8_to_f8_wmma_gb_fixed_nt/1_BenchmarkProblems/Cijk_Ailk_Bjlk_F8F8S_BH_GB_00/00_Final/source/library/Cijk_Ailk_Bjlk_F8F8S_BH_GB_MT64x64x32_MI16x16x16SBKgqDfSaLc03h289977s0g_PzB9ZX5Eo8LLrd8xM2o=_gfx1201.co
Loading /home/iamthecage/out-v2/f8_to_f8_wmma_gb_fixed_nt/1_BenchmarkProblems/Cijk_Ailk_Bjlk_F8F8S_BH_GB_00/00_Final/source/library/Cijk_Ailk_Bjlk_F8F8S_BH_GB_MT64x64x32_MI16x16x16azVpr1cqpnoVIkLDZuKyTQgJ8tvHBLQ-1Hlc9Wzxf2o=_gfx1201.co
Loading /home/iamthecage/out-v2/f8_to_f8_wmma_gb_fixed_nt/1_BenchmarkProblems/Cijk_Ailk_Bjlk_F8F8S_BH_GB_00/00_Final/source/library/Cijk_Ailk_Bjlk_F8F8S_BH_GB_MT64x64x32_MI16x16x168LbAEnKAypTl1OWed2vrF2w4adFXxwFi1uCfBIgPVJo=_gfx1201.co
Loading /home/iamthecage/out-v2/f8_to_f8_wmma_gb_fixed_nt/1_BenchmarkProblems/Cijk_Ailk_Bjlk_F8F8S_BH_GB_00/00_Final/source/library/Cijk_Ailk_Bjlk_F8F8S_BH_GB_MT64x64x32_MI16x16x16DbPcDPLHPETEHpGNf5jIT3gMIgei2kLq0EUFEKyzGdA=_gfx1201.co
Loading /home/iamthecage/out-v2/f8_to_f8_wmma_gb_fixed_nt/1_BenchmarkProblems/Cijk_Ailk_Bjlk_F8F8S_BH_GB_00/00_Final/source/library/Cijk_Ailk_Bjlk_F8F8S_BH_GB_MT64x64x32_MI16x16x16ysVikM63daQLXUsCW85Bq4mQMEvq9e54zm0jWqKkqkc=_gfx1201.co
Log level: Debug
And(LeadingFree0SizesGreaterOrEqual(4): (freeA0:1 >= 4) == 0): 0

TruePred: 1
run,problem-progress,solution-progress,operation,problem-sizes,solution,validation,time-us,gflops,empty,total-gran,tiles-per-cu,num-cus,tile0-gran,tile1-gran,cu-gran,wave-gran,mem-read-bytes,mem-write-bytes,temp-edge,clock-sys,clock-soc,clock-mem,fan-rpm,hardware-samples,gfx-frequency(median),power(median),hotspot-temperature(median),enqueue-time
0,0/44,0/47,Contraction_l_Ailk_Bjlk_Cijk_Dijk,"(1,1024,1,1024)",Cijk_Ailk_Bjlk_F8F8S_BH_GB_MT64x64x16_MI16x16x16x1_SN_GLVWA4_GLVWB4_GRVW4_K1_SS0_SVW4_WSGRA0_WSGRB0,NO_CHECK,-nan,-nan,,0.000976562,0.5,32,0.015625,1,0.5,0.125,33792,1024,,,,,,,,,,
And(LeadingFree0SizesGreaterOrEqual(8): (freeA0:1 >= 8) == 0): 0

TruePred: 1
0,0/44,1/47,Contraction_l_Ailk_Bjlk_Cijk_Dijk,"(1,1024,1,1024)",Cijk_Ailk_Bjlk_F8F8S_BH_GB_MT64x64x16_MI16x16x16x1_SN_GLVWA8_GLVWB8_GRVW8_K1_SS0_SVW4_WSGRA0_WSGRB0,NO_CHECK,-nan,-nan,,0.000976562,0.5,32,0.015625,1,0.5,0.125,33792,1024,,,,,,,,,,
And(LeadingFree0SizesGreaterOrEqual(16): (freeA0:1 >= 16) == 0): 0

TruePred: 1
0,0/44,2/47,Contraction_l_Ailk_Bjlk_Cijk_Dijk,"(1,1024,1,1024)",Cijk_Ailk_Bjlk_F8F8S_BH_GB_MT64x64x16_MI16x16x16x1_SN_GLVWA16_GLVWB16_GRVW16_K1_SS0_SVW4_WSGRA0_WSGRB0,NO_CHECK,-nan,-nan,,0.000976562,0.5,32,0.015625,1,0.5,0.125,33792,1024,,,,,,,,,,
And(LeadingFree0SizesGreaterOrEqual(4): (freeA0:1 >= 4) == 0): 0

TruePred: 1
0,0/44,3/47,Contraction_l_Ailk_Bjlk_Cijk_Dijk,"(1,1024,1,1024)",Cijk_Ailk_Bjlk_F8F8S_BH_GB_MT64x64x16_MI16x16x16x1_SN_GLVWA4_GLVWB4_GRVW4_K1_SS0_SVW4_WSGRA1_WSGRB0,NO_CHECK,-nan,-nan,,0.000976562,0.5,32,0.015625,1,0.5,0.125,33792,1024,,,,,,,,,,
And(LeadingFree0SizesGreaterOrEqual(8): (freeA0:1 >= 8) == 0): 0

TruePred: 1
0,0/44,4/47,Contraction_l_Ailk_Bjlk_Cijk_Dijk,"(1,1024,1,1024)",Cijk_Ailk_Bjlk_F8F8S_BH_GB_MT64x64x16_MI16x16x16x1_SN_GLVWA8_GLVWB8_GRVW8_K1_SS0_SVW4_WSGRA1_WSGRB0,NO_CHECK,-nan,-nan,,0.000976562,0.5,32,0.015625,1,0.5,0.125,33792,1024,,,,,,,,,,
And(LeadingFree0SizesGreaterOrEqual(16): (freeA0:1 >= 16) == 0): 0

TruePred: 1
0,0/44,5/47,Contraction_l_Ailk_Bjlk_Cijk_Dijk,"(1,1024,1,1024)",Cijk_Ailk_Bjlk_F8F8S_BH_GB_MT64x64x16_MI16x16x16x1_SN_GLVWA16_GLVWB16_GRVW16_K1_SS0_SVW4_WSGRA1_WSGRB0,NO_CHECK,-nan,-nan,,0.000976562,0.5,32,0.015625,1,0.5,0.125,33792,1024,,,,,,,,,,
And(LeadingFree0SizesGreaterOrEqual(4): (freeA0:1 >= 4) == 0): 0

TruePred: 1
0,0/44,6/47,Contraction_l_Ailk_Bjlk_Cijk_Dijk,"(1,1024,1,1024)",Cijk_Ailk_Bjlk_F8F8S_BH_GB_MT64x64x16_MI16x16x16x1_SN_GLVWA4_GLVWB4_GRVW4_K1_SS0_SVW4_WSGRA0_WSGRB1,NO_CHECK,-nan,-nan,,0.000976562,0.5,32,0.015625,1,0.5,0.125,33792,1024,,,,,,,,,,
And(LeadingFree0SizesGreaterOrEqual(8): (freeA0:1 >= 8) == 0): 0

TruePred: 1
0,0/44,7/47,Contraction_l_Ailk_Bjlk_Cijk_Dijk,"(1,1024,1,1024)",Cijk_Ailk_Bjlk_F8F8S_BH_GB_MT64x64x16_MI16x16x16x1_SN_GLVWA8_GLVWB8_GRVW8_K1_SS0_SVW4_WSGRA0_WSGRB1,NO_CHECK,-nan,-nan,,0.000976562,0.5,32,0.015625,1,0.5,0.125,33792,1024,,,,,,,,,,
And(LeadingFree0SizesGreaterOrEqual(16): (freeA0:1 >= 16) == 0): 0

TruePred: 1
0,0/44,8/47,Contraction_l_Ailk_Bjlk_Cijk_Dijk,"(1,1024,1,1024)",Cijk_Ailk_Bjlk_F8F8S_BH_GB_MT64x64x16_MI16x16x16x1_SN_GLVWA16_GLVWB16_GRVW16_K1_SS0_SVW4_WSGRA0_WSGRB1,NO_CHECK,-nan,-nan,,0.000976562,0.5,32,0.015625,1,0.5,0.125,33792,1024,,,,,,,,,,
And(LeadingFree0SizesGreaterOrEqual(4): (freeA0:1 >= 4) == 0): 0

TruePred: 1
0,0/44,9/47,Contraction_l_Ailk_Bjlk_Cijk_Dijk,"(1,1024,1,1024)",Cijk_Ailk_Bjlk_F8F8S_BH_GB_MT64x64x16_MI16x16x16x1_SN_GLVWA4_GLVWB4_GRVW4_K1_SS0_SVW4_WSGRA1_WSGRB1,NO_CHECK,-nan,-nan,,0.000976562,0.5,32,0.015625,1,0.5,0.125,33792,1024,,,,,,,,,,
And(LeadingFree0SizesGreaterOrEqual(8): (freeA0:1 >= 8) == 0): 0

TruePred: 1
0,0/44,10/47,Contraction_l_Ailk_Bjlk_Cijk_Dijk,"(1,1024,1,1024)",Cijk_Ailk_Bjlk_F8F8S_BH_GB_MT64x64x16_MI16x16x16x1_SN_GLVWA8_GLVWB8_GRVW8_K1_SS0_SVW4_WSGRA1_WSGRB1,NO_CHECK,-nan,-nan,,0.000976562,0.5,32,0.015625,1,0.5,0.125,33792,1024,,,,,,,,,,
And(LeadingFree0SizesGreaterOrEqual(16): (freeA0:1 >= 16) == 0): 0

TruePred: 1
0,0/44,11/47,Contraction_l_Ailk_Bjlk_Cijk_Dijk,"(1,1024,1,1024)",Cijk_Ailk_Bjlk_F8F8S_BH_GB_MT64x64x16_MI16x16x16x1_SN_GLVWA16_GLVWB16_GRVW16_K1_SS0_SVW4_WSGRA1_WSGRB1,NO_CHECK,-nan,-nan,,0.000976562,0.5,32,0.015625,1,0.5,0.125,33792,1024,,,,,,,,,,
And(LeadingFree0SizesGreaterOrEqual(4): (freeA0:1 >= 4) == 0): 0

TruePred: 1
0,0/44,12/47,Contraction_l_Ailk_Bjlk_Cijk_Dijk,"(1,1024,1,1024)",Cijk_Ailk_Bjlk_F8F8S_BH_GB_MT64x64x32_MI16x16x16x1_SN_GLVWA4_GLVWB4_GRVW4_K1_SS0_SVW4_WSGRA0_WSGRB0,NO_CHECK,-nan,-nan,,0.000976562,0.5,32,0.015625,1,0.5,0.125,33792,1024,,,,,,,,,,
And(LeadingFree0SizesGreaterOrEqual(8): (freeA0:1 >= 8) == 0): 0

TruePred: 1
0,0/44,13/47,Contraction_l_Ailk_Bjlk_Cijk_Dijk,"(1,1024,1,1024)",Cijk_Ailk_Bjlk_F8F8S_BH_GB_MT64x64x32_MI16x16x16x1_SN_GLVWA8_GLVWB8_GRVW8_K1_SS0_SVW4_WSGRA0_WSGRB0,NO_CHECK,-nan,-nan,,0.000976562,0.5,32,0.015625,1,0.5,0.125,33792,1024,,,,,,,,,,
And(LeadingFree0SizesGreaterOrEqual(16): (freeA0:1 >= 16) == 0): 0

TruePred: 1
0,0/44,14/47,Contraction_l_Ailk_Bjlk_Cijk_Dijk,"(1,1024,1,1024)",Cijk_Ailk_Bjlk_F8F8S_BH_GB_MT64x64x32_MI16x16x16x1_SN_GLVWA16_GLVWB16_GRVW16_K1_SS0_SVW4_WSGRA0_WSGRB0,NO_CHECK,-nan,-nan,,0.000976562,0.5,32,0.015625,1,0.5,0.125,33792,1024,,,,,,,,,,
And(LeadingFree0SizesGreaterOrEqual(4): (freeA0:1 >= 4) == 0): 0

TruePred: 1
0,0/44,15/47,Contraction_l_Ailk_Bjlk_Cijk_Dijk,"(1,1024,1,1024)",Cijk_Ailk_Bjlk_F8F8S_BH_GB_MT64x64x32_MI16x16x16x1_SN_GLVWA4_GLVWB4_GRVW4_K1_SS0_SVW4_WSGRA1_WSGRB0,NO_CHECK,-nan,-nan,,0.000976562,0.5,32,0.015625,1,0.5,0.125,33792,1024,,,,,,,,,,
And(LeadingFree0SizesGreaterOrEqual(8): (freeA0:1 >= 8) == 0): 0

TruePred: 1
0,0/44,16/47,Contraction_l_Ailk_Bjlk_Cijk_Dijk,"(1,1024,1,1024)",Cijk_Ailk_Bjlk_F8F8S_BH_GB_MT64x64x32_MI16x16x16x1_SN_GLVWA8_GLVWB8_GRVW8_K1_SS0_SVW4_WSGRA1_WSGRB0,NO_CHECK,-nan,-nan,,0.000976562,0.5,32,0.015625,1,0.5,0.125,33792,1024,,,,,,,,,,
And(LeadingFree0SizesGreaterOrEqual(16): (freeA0:1 >= 16) == 0): 0

TruePred: 1
0,0/44,17/47,Contraction_l_Ailk_Bjlk_Cijk_Dijk,"(1,1024,1,1024)",Cijk_Ailk_Bjlk_F8F8S_BH_GB_MT64x64x32_MI16x16x16x1_SN_GLVWA16_GLVWB16_GRVW16_K1_SS0_SVW4_WSGRA1_WSGRB0,NO_CHECK,-nan,-nan,,0.000976562,0.5,32,0.015625,1,0.5,0.125,33792,1024,,,,,,,,,,
And(LeadingFree0SizesGreaterOrEqual(4): (freeA0:1 >= 4) == 0): 0

TruePred: 1
0,0/44,18/47,Contraction_l_Ailk_Bjlk_Cijk_Dijk,"(1,1024,1,1024)",Cijk_Ailk_Bjlk_F8F8S_BH_GB_MT64x64x32_MI16x16x16x1_SN_GLVWA4_GLVWB4_GRVW4_K1_SS0_SVW4_WSGRA0_WSGRB1,NO_CHECK,-nan,-nan,,0.000976562,0.5,32,0.015625,1,0.5,0.125,33792,1024,,,,,,,,,,
And(LeadingFree0SizesGreaterOrEqual(8): (freeA0:1 >= 8) == 0): 0

TruePred: 1
0,0/44,19/47,Contraction_l_Ailk_Bjlk_Cijk_Dijk,"(1,1024,1,1024)",Cijk_Ailk_Bjlk_F8F8S_BH_GB_MT64x64x32_MI16x16x16x1_SN_GLVWA8_GLVWB8_GRVW8_K1_SS0_SVW4_WSGRA0_WSGRB1,NO_CHECK,-nan,-nan,,0.000976562,0.5,32,0.015625,1,0.5,0.125,33792,1024,,,,,,,,,,
And(LeadingFree0SizesGreaterOrEqual(16): (freeA0:1 >= 16) == 0): 0

TruePred: 1
0,0/44,20/47,Contraction_l_Ailk_Bjlk_Cijk_Dijk,"(1,1024,1,1024)",Cijk_Ailk_Bjlk_F8F8S_BH_GB_MT64x64x32_MI16x16x16x1_SN_GLVWA16_GLVWB16_GRVW16_K1_SS0_SVW4_WSGRA0_WSGRB1,NO_CHECK,-nan,-nan,,0.000976562,0.5,32,0.015625,1,0.5,0.125,33792,1024,,,,,,,,,,
And(LeadingFree0SizesGreaterOrEqual(4): (freeA0:1 >= 4) == 0): 0

TruePred: 1
0,0/44,21/47,Contraction_l_Ailk_Bjlk_Cijk_Dijk,"(1,1024,1,1024)",Cijk_Ailk_Bjlk_F8F8S_BH_GB_MT64x64x32_MI16x16x16x1_SN_GLVWA4_GLVWB4_GRVW4_K1_SS0_SVW4_WSGRA1_WSGRB1,NO_CHECK,-nan,-nan,,0.000976562,0.5,32,0.015625,1,0.5,0.125,33792,1024,,,,,,,,,,
And(LeadingFree0SizesGreaterOrEqual(8): (freeA0:1 >= 8) == 0): 0

TruePred: 1
0,0/44,22/47,Contraction_l_Ailk_Bjlk_Cijk_Dijk,"(1,1024,1,1024)",Cijk_Ailk_Bjlk_F8F8S_BH_GB_MT64x64x32_MI16x16x16x1_SN_GLVWA8_GLVWB8_GRVW8_K1_SS0_SVW4_WSGRA1_WSGRB1,NO_CHECK,-nan,-nan,,0.000976562,0.5,32,0.015625,1,0.5,0.125,33792,1024,,,,,,,,,,
And(LeadingFree0SizesGreaterOrEqual(16): (freeA0:1 >= 16) == 0): 0

TruePred: 1
0,0/44,23/47,Contraction_l_Ailk_Bjlk_Cijk_Dijk,"(1,1024,1,1024)",Cijk_Ailk_Bjlk_F8F8S_BH_GB_MT64x64x32_MI16x16x16x1_SN_GLVWA16_GLVWB16_GRVW16_K1_SS0_SVW4_WSGRA1_WSGRB1,NO_CHECK,-nan,-nan,,0.000976562,0.5,32,0.015625,1,0.5,0.125,33792,1024,,,,,,,,,,
And(LeadingFree0SizesGreaterOrEqual(4): (freeA0:1 >= 4) == 0): 0

TruePred: 1
0,0/44,24/47,Contraction_l_Ailk_Bjlk_Cijk_Dijk,"(1,1024,1,1024)",Cijk_Ailk_Bjlk_F8F8S_BH_GB_MT64x64x16_MI16x16x16x1_SN_GLVWA4_GLVWB4_GRVW4_K1_SS1_SVW1_WSGRA0_WSGRB0,NO_CHECK,-nan,-nan,,0.000976562,0.5,32,0.015625,1,0.5,0.125,33792,1024,,,,,,,,,,
And(LeadingFree0SizesGreaterOrEqual(8): (freeA0:1 >= 8) == 0): 0

TruePred: 1
0,0/44,25/47,Contraction_l_Ailk_Bjlk_Cijk_Dijk,"(1,1024,1,1024)",Cijk_Ailk_Bjlk_F8F8S_BH_GB_MT64x64x16_MI16x16x16x1_SN_GLVWA8_GLVWB8_GRVW8_K1_SS1_SVW1_WSGRA0_WSGRB0,NO_CHECK,-nan,-nan,,0.000976562,0.5,32,0.015625,1,0.5,0.125,33792,1024,,,,,,,,,,
And(LeadingFree0SizesGreaterOrEqual(16): (freeA0:1 >= 16) == 0): 0

TruePred: 1
0,0/44,26/47,Contraction_l_Ailk_Bjlk_Cijk_Dijk,"(1,1024,1,1024)",Cijk_Ailk_Bjlk_F8F8S_BH_GB_MT64x64x16_MI16x16x16x1_SN_GLVWA16_GLVWB16_GRVW16_K1_SS1_SVW1_WSGRA0_WSGRB0,NO_CHECK,-nan,-nan,,0.000976562,0.5,32,0.015625,1,0.5,0.125,33792,1024,,,,,,,,,,
And(LeadingFree0SizesGreaterOrEqual(4): (freeA0:1 >= 4) == 0): 0

TruePred: 1
0,0/44,27/47,Contraction_l_Ailk_Bjlk_Cijk_Dijk,"(1,1024,1,1024)",Cijk_Ailk_Bjlk_F8F8S_BH_GB_MT64x64x16_MI16x16x16x1_SN_GLVWA4_GLVWB4_GRVW4_K1_SS1_SVW1_WSGRA1_WSGRB0,NO_CHECK,-nan,-nan,,0.000976562,0.5,32,0.015625,1,0.5,0.125,33792,1024,,,,,,,,,,
And(LeadingFree0SizesGreaterOrEqual(8): (freeA0:1 >= 8) == 0): 0

TruePred: 1
0,0/44,28/47,Contraction_l_Ailk_Bjlk_Cijk_Dijk,"(1,1024,1,1024)",Cijk_Ailk_Bjlk_F8F8S_BH_GB_MT64x64x16_MI16x16x16x1_SN_GLVWA8_GLVWB8_GRVW8_K1_SS1_SVW1_WSGRA1_WSGRB0,NO_CHECK,-nan,-nan,,0.000976562,0.5,32,0.015625,1,0.5,0.125,33792,1024,,,,,,,,,,
And(LeadingFree0SizesGreaterOrEqual(16): (freeA0:1 >= 16) == 0): 0

TruePred: 1
0,0/44,29/47,Contraction_l_Ailk_Bjlk_Cijk_Dijk,"(1,1024,1,1024)",Cijk_Ailk_Bjlk_F8F8S_BH_GB_MT64x64x16_MI16x16x16x1_SN_GLVWA16_GLVWB16_GRVW16_K1_SS1_SVW1_WSGRA1_WSGRB0,NO_CHECK,-nan,-nan,,0.000976562,0.5,32,0.015625,1,0.5,0.125,33792,1024,,,,,,,,,,
And(LeadingFree0SizesGreaterOrEqual(4): (freeA0:1 >= 4) == 0): 0

TruePred: 1
0,0/44,30/47,Contraction_l_Ailk_Bjlk_Cijk_Dijk,"(1,1024,1,1024)",Cijk_Ailk_Bjlk_F8F8S_BH_GB_MT64x64x16_MI16x16x16x1_SN_GLVWA4_GLVWB4_GRVW4_K1_SS1_SVW1_WSGRA0_WSGRB1,NO_CHECK,-nan,-nan,,0.000976562,0.5,32,0.015625,1,0.5,0.125,33792,1024,,,,,,,,,,
And(LeadingFree0SizesGreaterOrEqual(8): (freeA0:1 >= 8) == 0): 0

TruePred: 1
0,0/44,31/47,Contraction_l_Ailk_Bjlk_Cijk_Dijk,"(1,1024,1,1024)",Cijk_Ailk_Bjlk_F8F8S_BH_GB_MT64x64x16_MI16x16x16x1_SN_GLVWA8_GLVWB8_GRVW8_K1_SS1_SVW1_WSGRA0_WSGRB1,NO_CHECK,-nan,-nan,,0.000976562,0.5,32,0.015625,1,0.5,0.125,33792,1024,,,,,,,,,,
And(LeadingFree0SizesGreaterOrEqual(16): (freeA0:1 >= 16) == 0): 0

TruePred: 1
0,0/44,32/47,Contraction_l_Ailk_Bjlk_Cijk_Dijk,"(1,1024,1,1024)",Cijk_Ailk_Bjlk_F8F8S_BH_GB_MT64x64x16_MI16x16x16x1_SN_GLVWA16_GLVWB16_GRVW16_K1_SS1_SVW1_WSGRA0_WSGRB1,NO_CHECK,-nan,-nan,,0.000976562,0.5,32,0.015625,1,0.5,0.125,33792,1024,,,,,,,,,,
And(LeadingFree0SizesGreaterOrEqual(4): (freeA0:1 >= 4) == 0): 0

TruePred: 1
0,0/44,33/47,Contraction_l_Ailk_Bjlk_Cijk_Dijk,"(1,1024,1,1024)",Cijk_Ailk_Bjlk_F8F8S_BH_GB_MT64x64x16_MI16x16x16x1_SN_GLVWA4_GLVWB4_GRVW4_K1_SS1_SVW1_WSGRA1_WSGRB1,NO_CHECK,-nan,-nan,,0.000976562,0.5,32,0.015625,1,0.5,0.125,33792,1024,,,,,,,,,,
And(LeadingFree0SizesGreaterOrEqual(8): (freeA0:1 >= 8) == 0): 0

TruePred: 1
0,0/44,34/47,Contraction_l_Ailk_Bjlk_Cijk_Dijk,"(1,1024,1,1024)",Cijk_Ailk_Bjlk_F8F8S_BH_GB_MT64x64x16_MI16x16x16x1_SN_GLVWA8_GLVWB8_GRVW8_K1_SS1_SVW1_WSGRA1_WSGRB1,NO_CHECK,-nan,-nan,,0.000976562,0.5,32,0.015625,1,0.5,0.125,33792,1024,,,,,,,,,,
And(LeadingFree0SizesGreaterOrEqual(16): (freeA0:1 >= 16) == 0): 0

TruePred: 1
0,0/44,35/47,Contraction_l_Ailk_Bjlk_Cijk_Dijk,"(1,1024,1,1024)",Cijk_Ailk_Bjlk_F8F8S_BH_GB_MT64x64x16_MI16x16x16x1_SN_GLVWA16_GLVWB16_GRVW16_K1_SS1_SVW1_WSGRA1_WSGRB1,NO_CHECK,-nan,-nan,,0.000976562,0.5,32,0.015625,1,0.5,0.125,33792,1024,,,,,,,,,,
And(LeadingFree0SizesGreaterOrEqual(4): (freeA0:1 >= 4) == 0): 0

TruePred: 1
0,0/44,36/47,Contraction_l_Ailk_Bjlk_Cijk_Dijk,"(1,1024,1,1024)",Cijk_Ailk_Bjlk_F8F8S_BH_GB_MT64x64x32_MI16x16x16x1_SN_GLVWA4_GLVWB4_GRVW4_K1_SS1_SVW1_WSGRA0_WSGRB0,NO_CHECK,-nan,-nan,,0.000976562,0.5,32,0.015625,1,0.5,0.125,33792,1024,,,,,,,,,,
And(LeadingFree0SizesGreaterOrEqual(8): (freeA0:1 >= 8) == 0): 0

TruePred: 1
0,0/44,37/47,Contraction_l_Ailk_Bjlk_Cijk_Dijk,"(1,1024,1,1024)",Cijk_Ailk_Bjlk_F8F8S_BH_GB_MT64x64x32_MI16x16x16x1_SN_GLVWA8_GLVWB8_GRVW8_K1_SS1_SVW1_WSGRA0_WSGRB0,NO_CHECK,-nan,-nan,,0.000976562,0.5,32,0.015625,1,0.5,0.125,33792,1024,,,,,,,,,,
And(LeadingFree0SizesGreaterOrEqual(16): (freeA0:1 >= 16) == 0): 0

TruePred: 1
0,0/44,38/47,Contraction_l_Ailk_Bjlk_Cijk_Dijk,"(1,1024,1,1024)",Cijk_Ailk_Bjlk_F8F8S_BH_GB_MT64x64x32_MI16x16x16x1_SN_GLVWA16_GLVWB16_GRVW16_K1_SS1_SVW1_WSGRA0_WSGRB0,NO_CHECK,-nan,-nan,,0.000976562,0.5,32,0.015625,1,0.5,0.125,33792,1024,,,,,,,,,,
And(LeadingFree0SizesGreaterOrEqual(4): (freeA0:1 >= 4) == 0): 0

TruePred: 1
0,0/44,39/47,Contraction_l_Ailk_Bjlk_Cijk_Dijk,"(1,1024,1,1024)",Cijk_Ailk_Bjlk_F8F8S_BH_GB_MT64x64x32_MI16x16x16x1_SN_GLVWA4_GLVWB4_GRVW4_K1_SS1_SVW1_WSGRA1_WSGRB0,NO_CHECK,-nan,-nan,,0.000976562,0.5,32,0.015625,1,0.5,0.125,33792,1024,,,,,,,,,,
And(LeadingFree0SizesGreaterOrEqual(8): (freeA0:1 >= 8) == 0): 0

TruePred: 1
0,0/44,40/47,Contraction_l_Ailk_Bjlk_Cijk_Dijk,"(1,1024,1,1024)",Cijk_Ailk_Bjlk_F8F8S_BH_GB_MT64x64x32_MI16x16x16x1_SN_GLVWA8_GLVWB8_GRVW8_K1_SS1_SVW1_WSGRA1_WSGRB0,NO_CHECK,-nan,-nan,,0.000976562,0.5,32,0.015625,1,0.5,0.125,33792,1024,,,,,,,,,,
And(LeadingFree0SizesGreaterOrEqual(16): (freeA0:1 >= 16) == 0): 0

TruePred: 1
0,0/44,41/47,Contraction_l_Ailk_Bjlk_Cijk_Dijk,"(1,1024,1,1024)",Cijk_Ailk_Bjlk_F8F8S_BH_GB_MT64x64x32_MI16x16x16x1_SN_GLVWA16_GLVWB16_GRVW16_K1_SS1_SVW1_WSGRA1_WSGRB0,NO_CHECK,-nan,-nan,,0.000976562,0.5,32,0.015625,1,0.5,0.125,33792,1024,,,,,,,,,,
And(LeadingFree0SizesGreaterOrEqual(4): (freeA0:1 >= 4) == 0): 0

TruePred: 1
0,0/44,42/47,Contraction_l_Ailk_Bjlk_Cijk_Dijk,"(1,1024,1,1024)",Cijk_Ailk_Bjlk_F8F8S_BH_GB_MT64x64x32_MI16x16x16x1_SN_GLVWA4_GLVWB4_GRVW4_K1_SS1_SVW1_WSGRA0_WSGRB1,NO_CHECK,-nan,-nan,,0.000976562,0.5,32,0.015625,1,0.5,0.125,33792,1024,,,,,,,,,,
And(LeadingFree0SizesGreaterOrEqual(8): (freeA0:1 >= 8) == 0): 0

TruePred: 1
0,0/44,43/47,Contraction_l_Ailk_Bjlk_Cijk_Dijk,"(1,1024,1,1024)",Cijk_Ailk_Bjlk_F8F8S_BH_GB_MT64x64x32_MI16x16x16x1_SN_GLVWA8_GLVWB8_GRVW8_K1_SS1_SVW1_WSGRA0_WSGRB1,NO_CHECK,-nan,-nan,,0.000976562,0.5,32,0.015625,1,0.5,0.125,33792,1024,,,,,,,,,,
And(LeadingFree0SizesGreaterOrEqual(16): (freeA0:1 >= 16) == 0): 0

TruePred: 1
0,0/44,44/47,Contraction_l_Ailk_Bjlk_Cijk_Dijk,"(1,1024,1,1024)",Cijk_Ailk_Bjlk_F8F8S_BH_GB_MT64x64x32_MI16x16x16x1_SN_GLVWA16_GLVWB16_GRVW16_K1_SS1_SVW1_WSGRA0_WSGRB1,NO_CHECK,-nan,-nan,,0.000976562,0.5,32,0.015625,1,0.5,0.125,33792,1024,,,,,,,,,,
And(LeadingFree0SizesGreaterOrEqual(4): (freeA0:1 >= 4) == 0): 0

TruePred: 1
0,0/44,45/47,Contraction_l_Ailk_Bjlk_Cijk_Dijk,"(1,1024,1,1024)",Cijk_Ailk_Bjlk_F8F8S_BH_GB_MT64x64x32_MI16x16x16x1_SN_GLVWA4_GLVWB4_GRVW4_K1_SS1_SVW1_WSGRA1_WSGRB1,NO_CHECK,-nan,-nan,,0.000976562,0.5,32,0.015625,1,0.5,0.125,33792,1024,,,,,,,,,,
And(LeadingFree0SizesGreaterOrEqual(8): (freeA0:1 >= 8) == 0): 0

TruePred: 1
0,0/44,46/47,Contraction_l_Ailk_Bjlk_Cijk_Dijk,"(1,1024,1,1024)",Cijk_Ailk_Bjlk_F8F8S_BH_GB_MT64x64x32_MI16x16x16x1_SN_GLVWA8_GLVWB8_GRVW8_K1_SS1_SVW1_WSGRA1_WSGRB1,NO_CHECK,-nan,-nan,,0.000976562,0.5,32,0.015625,1,0.5,0.125,33792,1024,,,,,,,,,,
And(LeadingFree0SizesGreaterOrEqual(16): (freeA0:1 >= 16) == 0): 0

TruePred: 1
0,0/44,47/47,Contraction_l_Ailk_Bjlk_Cijk_Dijk,"(1,1024,1,1024)",Cijk_Ailk_Bjlk_F8F8S_BH_GB_MT64x64x32_MI16x16x16x1_SN_GLVWA16_GLVWB16_GRVW16_K1_SS1_SVW1_WSGRA1_WSGRB1,NO_CHECK,-nan,-nan,,0.000976562,0.5,32,0.015625,1,0.5,0.125,33792,1024,,,,,,,,,,
And(LeadingFree0SizesGreaterOrEqual(4): (freeA0:1 >= 4) == 0): 0

TruePred: 1
0,1/44,0/47,Contraction_l_Ailk_Bjlk_Cijk_Dijk,"(1,1024,1,4096)",Cijk_Ailk_Bjlk_F8F8S_BH_GB_MT64x64x16_MI16x16x16x1_SN_GLVWA4_GLVWB4_GRVW4_K1_SS0_SVW4_WSGRA0_WSGRB0,NO_CHECK,-nan,-nan,,0.000976562,0.5,32,0.015625,1,0.5,0.125,132096,1024,,,,,,,,,,
And(LeadingFree0SizesGreaterOrEqual(8): (freeA0:1 >= 8) == 0): 0

TruePred: 1
0,1/44,1/47,Contraction_l_Ailk_Bjlk_Cijk_Dijk,"(1,1024,1,4096)",Cijk_Ailk_Bjlk_F8F8S_BH_GB_MT64x64x16_MI16x16x16x1_SN_GLVWA8_GLVWB8_GRVW8_K1_SS0_SVW4_WSGRA0_WSGRB0,NO_CHECK,-nan,-nan,,0.000976562,0.5,32,0.015625,1,0.5,0.125,132096,1024,,,,,,,,,,
And(LeadingFree0SizesGreaterOrEqual(16): (freeA0:1 >= 16) == 0): 0

TruePred: 1
0,1/44,2/47,Contraction_l_Ailk_Bjlk_Cijk_Dijk,"(1,1024,1,4096)",Cijk_Ailk_Bjlk_F8F8S_BH_GB_MT64x64x16_MI16x16x16x1_SN_GLVWA16_GLVWB16_GRVW16_K1_SS0_SVW4_WSGRA0_WSGRB0,NO_CHECK,-nan,-nan,,0.000976562,0.5,32,0.015625,1,0.5,0.125,132096,1024,,,,,,,,,,
And(LeadingFree0SizesGreaterOrEqual(4): (freeA0:1 >= 4) == 0): 0

TruePred: 1
0,1/44,3/47,Contraction_l_Ailk_Bjlk_Cijk_Dijk,"(1,1024,1,4096)",Cijk_Ailk_Bjlk_F8F8S_BH_GB_MT64x64x16_MI16x16x16x1_SN_GLVWA4_GLVWB4_GRVW4_K1_SS0_SVW4_WSGRA1_WSGRB0,NO_CHECK,-nan,-nan,,0.000976562,0.5,32,0.015625,1,0.5,0.125,132096,1024,,,,,,,,,,
And(LeadingFree0SizesGreaterOrEqual(8): (freeA0:1 >= 8) == 0): 0

TruePred: 1
0,1/44,4/47,Contraction_l_Ailk_Bjlk_Cijk_Dijk,"(1,1024,1,4096)",Cijk_Ailk_Bjlk_F8F8S_BH_GB_MT64x64x16_MI16x16x16x1_SN_GLVWA8_GLVWB8_GRVW8_K1_SS0_SVW4_WSGRA1_WSGRB0,NO_CHECK,-nan,-nan,,0.000976562,0.5,32,0.015625,1,0.5,0.125,132096,1024,,,,,,,,,,
And(LeadingFree0SizesGreaterOrEqual(16): (freeA0:1 >= 16) == 0): 0

TruePred: 1
0,1/44,5/47,Contraction_l_Ailk_Bjlk_Cijk_Dijk,"(1,1024,1,4096)",Cijk_Ailk_Bjlk_F8F8S_BH_GB_MT64x64x16_MI16x16x16x1_SN_GLVWA16_GLVWB16_GRVW16_K1_SS0_SVW4_WSGRA1_WSGRB0,NO_CHECK,-nan,-nan,,0.000976562,0.5,32,0.015625,1,0.5,0.125,132096,1024,,,,,,,,,,
And(LeadingFree0SizesGreaterOrEqual(4): (freeA0:1 >= 4) == 0): 0

TruePred: 1
0,1/44,6/47,Contraction_l_Ailk_Bjlk_Cijk_Dijk,"(1,1024,1,4096)",Cijk_Ailk_Bjlk_F8F8S_BH_GB_MT64x64x16_MI16x16x16x1_SN_GLVWA4_GLVWB4_GRVW4_K1_SS0_SVW4_WSGRA0_WSGRB1,NO_CHECK,-nan,-nan,,0.000976562,0.5,32,0.015625,1,0.5,0.125,132096,1024,,,,,,,,,,
And(LeadingFree0SizesGreaterOrEqual(8): (freeA0:1 >= 8) == 0): 0

TruePred: 1
0,1/44,7/47,Contraction_l_Ailk_Bjlk_Cijk_Dijk,"(1,1024,1,4096)",Cijk_Ailk_Bjlk_F8F8S_BH_GB_MT64x64x16_MI16x16x16x1_SN_GLVWA8_GLVWB8_GRVW8_K1_SS0_SVW4_WSGRA0_WSGRB1,NO_CHECK,-nan,-nan,,0.000976562,0.5,32,0.015625,1,0.5,0.125,132096,1024,,,,,,,,,,
And(LeadingFree0SizesGreaterOrEqual(16): (freeA0:1 >= 16) == 0): 0

TruePred: 1
0,1/44,8/47,Contraction_l_Ailk_Bjlk_Cijk_Dijk,"(1,1024,1,4096)",Cijk_Ailk_Bjlk_F8F8S_BH_GB_MT64x64x16_MI16x16x16x1_SN_GLVWA16_GLVWB16_GRVW16_K1_SS0_SVW4_WSGRA0_WSGRB1,NO_CHECK,-nan,-nan,,0.000976562,0.5,32,0.015625,1,0.5,0.125,132096,1024,,,,,,,,,,
And(LeadingFree0SizesGreaterOrEqual(4): (freeA0:1 >= 4) == 0): 0

TruePred: 1
0,1/44,9/47,Contraction_l_Ailk_Bjlk_Cijk_Dijk,"(1,1024,1,4096)",Cijk_Ailk_Bjlk_F8F8S_BH_GB_MT64x64x16_MI16x16x16x1_SN_GLVWA4_GLVWB4_GRVW4_K1_SS0_SVW4_WSGRA1_WSGRB1,NO_CHECK,-nan,-nan,,0.000976562,0.5,32,0.015625,1,0.5,0.125,132096,1024,,,,,,,,,,
And(LeadingFree0SizesGreaterOrEqual(8): (freeA0:1 >= 8) == 0): 0

TruePred: 1
0,1/44,10/47,Contraction_l_Ailk_Bjlk_Cijk_Dijk,"(1,1024,1,4096)",Cijk_Ailk_Bjlk_F8F8S_BH_GB_MT64x64x16_MI16x16x16x1_SN_GLVWA8_GLVWB8_GRVW8_K1_SS0_SVW4_WSGRA1_WSGRB1,NO_CHECK,-nan,-nan,,0.000976562,0.5,32,0.015625,1,0.5,0.125,132096,1024,,,,,,,,,,
And(LeadingFree0SizesGreaterOrEqual(16): (freeA0:1 >= 16) == 0): 0

TruePred: 1
0,1/44,11/47,Contraction_l_Ailk_Bjlk_Cijk_Dijk,"(1,1024,1,4096)",Cijk_Ailk_Bjlk_F8F8S_BH_GB_MT64x64x16_MI16x16x16x1_SN_GLVWA16_GLVWB16_GRVW16_K1_SS0_SVW4_WSGRA1_WSGRB1,NO_CHECK,-nan,-nan,,0.000976562,0.5,32,0.015625,1,0.5,0.125,132096,1024,,,,,,,,,,
And(LeadingFree0SizesGreaterOrEqual(4): (freeA0:1 >= 4) == 0): 0

TruePred: 1
0,1/44,12/47,Contraction_l_Ailk_Bjlk_Cijk_Dijk,"(1,1024,1,4096)",Cijk_Ailk_Bjlk_F8F8S_BH_GB_MT64x64x32_MI16x16x16x1_SN_GLVWA4_GLVWB4_GRVW4_K1_SS0_SVW4_WSGRA0_WSGRB0,NO_CHECK,-nan,-nan,,0.000976562,0.5,32,0.015625,1,0.5,0.125,132096,1024,,,,,,,,,,
And(LeadingFree0SizesGreaterOrEqual(8): (freeA0:1 >= 8) == 0): 0

TruePred: 1
0,1/44,13/47,Contraction_l_Ailk_Bjlk_Cijk_Dijk,"(1,1024,1,4096)",Cijk_Ailk_Bjlk_F8F8S_BH_GB_MT64x64x32_MI16x16x16x1_SN_GLVWA8_GLVWB8_GRVW8_K1_SS0_SVW4_WSGRA0_WSGRB0,NO_CHECK,-nan,-nan,,0.000976562,0.5,32,0.015625,1,0.5,0.125,132096,1024,,,,,,,,,,
And(LeadingFree0SizesGreaterOrEqual(16): (freeA0:1 >= 16) == 0): 0

TruePred: 1
0,1/44,14/47,Contraction_l_Ailk_Bjlk_Cijk_Dijk,"(1,1024,1,4096)",Cijk_Ailk_Bjlk_F8F8S_BH_GB_MT64x64x32_MI16x16x16x1_SN_GLVWA16_GLVWB16_GRVW16_K1_SS0_SVW4_WSGRA0_WSGRB0,NO_CHECK,-nan,-nan,,0.000976562,0.5,32,0.015625,1,0.5,0.125,132096,1024,,,,,,,,,,
And(LeadingFree0SizesGreaterOrEqual(4): (freeA0:1 >= 4) == 0): 0

TruePred: 1
0,1/44,15/47,Contraction_l_Ailk_Bjlk_Cijk_Dijk,"(1,1024,1,4096)",Cijk_Ailk_Bjlk_F8F8S_BH_GB_MT64x64x32_MI16x16x16x1_SN_GLVWA4_GLVWB4_GRVW4_K1_SS0_SVW4_WSGRA1_WSGRB0,NO_CHECK,-nan,-nan,,0.000976562,0.5,32,0.015625,1,0.5,0.125,132096,1024,,,,,,,,,,
And(LeadingFree0SizesGreaterOrEqual(8): (freeA0:1 >= 8) == 0): 0

TruePred: 1
0,1/44,16/47,Contraction_l_Ailk_Bjlk_Cijk_Dijk,"(1,1024,1,4096)",Cijk_Ailk_Bjlk_F8F8S_BH_GB_MT64x64x32_MI16x16x16x1_SN_GLVWA8_GLVWB8_GRVW8_K1_SS0_SVW4_WSGRA1_WSGRB0,NO_CHECK,-nan,-nan,,0.000976562,0.5,32,0.015625,1,0.5,0.125,132096,1024,,,,,,,,,,
And(LeadingFree0SizesGreaterOrEqual(16): (freeA0:1 >= 16) == 0): 0

TruePred: 1
0,1/44,17/47,Contraction_l_Ailk_Bjlk_Cijk_Dijk,"(1,1024,1,4096)",Cijk_Ailk_Bjlk_F8F8S_BH_GB_MT64x64x32_MI16x16x16x1_SN_GLVWA16_GLVWB16_GRVW16_K1_SS0_SVW4_WSGRA1_WSGRB0,NO_CHECK,-nan,-nan,,0.000976562,0.5,32,0.015625,1,0.5,0.125,132096,1024,,,,,,,,,,
And(LeadingFree0SizesGreaterOrEqual(4): (freeA0:1 >= 4) == 0): 0

TruePred: 1
0,1/44,18/47,Contraction_l_Ailk_Bjlk_Cijk_Dijk,"(1,1024,1,4096)",Cijk_Ailk_Bjlk_F8F8S_BH_GB_MT64x64x32_MI16x16x16x1_SN_GLVWA4_GLVWB4_GRVW4_K1_SS0_SVW4_WSGRA0_WSGRB1,NO_CHECK,-nan,-nan,,0.000976562,0.5,32,0.015625,1,0.5,0.125,132096,1024,,,,,,,,,,
And(LeadingFree0SizesGreaterOrEqual(8): (freeA0:1 >= 8) == 0): 0

TruePred: 1
0,1/44,19/47,Contraction_l_Ailk_Bjlk_Cijk_Dijk,"(1,1024,1,4096)",Cijk_Ailk_Bjlk_F8F8S_BH_GB_MT64x64x32_MI16x16x16x1_SN_GLVWA8_GLVWB8_GRVW8_K1_SS0_SVW4_WSGRA0_WSGRB1,NO_CHECK,-nan,-nan,,0.000976562,0.5,32,0.015625,1,0.5,0.125,132096,1024,,,,,,,,,,
And(LeadingFree0SizesGreaterOrEqual(16): (freeA0:1 >= 16) == 0): 0

TruePred: 1
0,1/44,20/47,Contraction_l_Ailk_Bjlk_Cijk_Dijk,"(1,1024,1,4096)",Cijk_Ailk_Bjlk_F8F8S_BH_GB_MT64x64x32_MI16x16x16x1_SN_GLVWA16_GLVWB16_GRVW16_K1_SS0_SVW4_WSGRA0_WSGRB1,NO_CHECK,-nan,-nan,,0.000976562,0.5,32,0.015625,1,0.5,0.125,132096,1024,,,,,,,,,,
And(LeadingFree0SizesGreaterOrEqual(4): (freeA0:1 >= 4) == 0): 0

TruePred: 1
0,1/44,21/47,Contraction_l_Ailk_Bjlk_Cijk_Dijk,"(1,1024,1,4096)",Cijk_Ailk_Bjlk_F8F8S_BH_GB_MT64x64x32_MI16x16x16x1_SN_GLVWA4_GLVWB4_GRVW4_K1_SS0_SVW4_WSGRA1_WSGRB1,NO_CHECK,-nan,-nan,,0.000976562,0.5,32,0.015625,1,0.5,0.125,132096,1024,,,,,,,,,,
And(LeadingFree0SizesGreaterOrEqual(8): (freeA0:1 >= 8) == 0): 0

TruePred: 1
0,1/44,22/47,Contraction_l_Ailk_Bjlk_Cijk_Dijk,"(1,1024,1,4096)",Cijk_Ailk_Bjlk_F8F8S_BH_GB_MT64x64x32_MI16x16x16x1_SN_GLVWA8_GLVWB8_GRVW8_K1_SS0_SVW4_WSGRA1_WSGRB1,NO_CHECK,-nan,-nan,,0.000976562,0.5,32,0.015625,1,0.5,0.125,132096,1024,,,,,,,,,,
And(LeadingFree0SizesGreaterOrEqual(16): (freeA0:1 >= 16) == 0): 0

TruePred: 1
0,1/44,23/47,Contraction_l_Ailk_Bjlk_Cijk_Dijk,"(1,1024,1,4096)",Cijk_Ailk_Bjlk_F8F8S_BH_GB_MT64x64x32_MI16x16x16x1_SN_GLVWA16_GLVWB16_GRVW16_K1_SS0_SVW4_WSGRA1_WSGRB1,NO_CHECK,-nan,-nan,,0.000976562,0.5,32,0.015625,1,0.5,0.125,132096,1024,,,,,,,,,,
And(LeadingFree0SizesGreaterOrEqual(4): (freeA0:1 >= 4) == 0): 0

TruePred: 1
0,1/44,24/47,Contraction_l_Ailk_Bjlk_Cijk_Dijk,"(1,1024,1,4096)",Cijk_Ailk_Bjlk_F8F8S_BH_GB_MT64x64x16_MI16x16x16x1_SN_GLVWA4_GLVWB4_GRVW4_K1_SS1_SVW1_WSGRA0_WSGRB0,NO_CHECK,-nan,-nan,,0.000976562,0.5,32,0.015625,1,0.5,0.125,132096,1024,,,,,,,,,,
And(LeadingFree0SizesGreaterOrEqual(8): (freeA0:1 >= 8) == 0): 0

TruePred: 1
0,1/44,25/47,Contraction_l_Ailk_Bjlk_Cijk_Dijk,"(1,1024,1,4096)",Cijk_Ailk_Bjlk_F8F8S_BH_GB_MT64x64x16_MI16x16x16x1_SN_GLVWA8_GLVWB8_GRVW8_K1_SS1_SVW1_WSGRA0_WSGRB0,NO_CHECK,-nan,-nan,,0.000976562,0.5,32,0.015625,1,0.5,0.125,132096,1024,,,,,,,,,,
And(LeadingFree0SizesGreaterOrEqual(16): (freeA0:1 >= 16) == 0): 0

TruePred: 1
0,1/44,26/47,Contraction_l_Ailk_Bjlk_Cijk_Dijk,"(1,1024,1,4096)",Cijk_Ailk_Bjlk_F8F8S_BH_GB_MT64x64x16_MI16x16x16x1_SN_GLVWA16_GLVWB16_GRVW16_K1_SS1_SVW1_WSGRA0_WSGRB0,NO_CHECK,-nan,-nan,,0.000976562,0.5,32,0.015625,1,0.5,0.125,132096,1024,,,,,,,,,,
And(LeadingFree0SizesGreaterOrEqual(4): (freeA0:1 >= 4) == 0): 0

TruePred: 1
0,1/44,27/47,Contraction_l_Ailk_Bjlk_Cijk_Dijk,"(1,1024,1,4096)",Cijk_Ailk_Bjlk_F8F8S_BH_GB_MT64x64x16_MI16x16x16x1_SN_GLVWA4_GLVWB4_GRVW4_K1_SS1_SVW1_WSGRA1_WSGRB0,NO_CHECK,-nan,-nan,,0.000976562,0.5,32,0.015625,1,0.5,0.125,132096,1024,,,,,,,,,,
And(LeadingFree0SizesGreaterOrEqual(8): (freeA0:1 >= 8) == 0): 0

TruePred: 1
0,1/44,28/47,Contraction_l_Ailk_Bjlk_Cijk_Dijk,"(1,1024,1,4096)",Cijk_Ailk_Bjlk_F8F8S_BH_GB_MT64x64x16_MI16x16x16x1_SN_GLVWA8_GLVWB8_GRVW8_K1_SS1_SVW1_WSGRA1_WSGRB0,NO_CHECK,-nan,-nan,,0.000976562,0.5,32,0.015625,1,0.5,0.125,132096,1024,,,,,,,,,,
And(LeadingFree0SizesGreaterOrEqual(16): (freeA0:1 >= 16) == 0): 0

TruePred: 1
0,1/44,29/47,Contraction_l_Ailk_Bjlk_Cijk_Dijk,"(1,1024,1,4096)",Cijk_Ailk_Bjlk_F8F8S_BH_GB_MT64x64x16_MI16x16x16x1_SN_GLVWA16_GLVWB16_GRVW16_K1_SS1_SVW1_WSGRA1_WSGRB0,NO_CHECK,-nan,-nan,,0.000976562,0.5,32,0.015625,1,0.5,0.125,132096,1024,,,,,,,,,,
And(LeadingFree0SizesGreaterOrEqual(4): (freeA0:1 >= 4) == 0): 0

TruePred: 1
0,1/44,30/47,Contraction_l_Ailk_Bjlk_Cijk_Dijk,"(1,1024,1,4096)",Cijk_Ailk_Bjlk_F8F8S_BH_GB_MT64x64x16_MI16x16x16x1_SN_GLVWA4_GLVWB4_GRVW4_K1_SS1_SVW1_WSGRA0_WSGRB1,NO_CHECK,-nan,-nan,,0.000976562,0.5,32,0.015625,1,0.5,0.125,132096,1024,,,,,,,,,,
And(LeadingFree0SizesGreaterOrEqual(8): (freeA0:1 >= 8) == 0): 0

TruePred: 1
0,1/44,31/47,Contraction_l_Ailk_Bjlk_Cijk_Dijk,"(1,1024,1,4096)",Cijk_Ailk_Bjlk_F8F8S_BH_GB_MT64x64x16_MI16x16x16x1_SN_GLVWA8_GLVWB8_GRVW8_K1_SS1_SVW1_WSGRA0_WSGRB1,NO_CHECK,-nan,-nan,,0.000976562,0.5,32,0.015625,1,0.5,0.125,132096,1024,,,,,,,,,,
And(LeadingFree0SizesGreaterOrEqual(16): (freeA0:1 >= 16) == 0): 0

TruePred: 1
0,1/44,32/47,Contraction_l_Ailk_Bjlk_Cijk_Dijk,"(1,1024,1,4096)",Cijk_Ailk_Bjlk_F8F8S_BH_GB_MT64x64x16_MI16x16x16x1_SN_GLVWA16_GLVWB16_GRVW16_K1_SS1_SVW1_WSGRA0_WSGRB1,NO_CHECK,-nan,-nan,,0.000976562,0.5,32,0.015625,1,0.5,0.125,132096,1024,,,,,,,,,,
And(LeadingFree0SizesGreaterOrEqual(4): (freeA0:1 >= 4) == 0): 0

TruePred: 1
0,1/44,33/47,Contraction_l_Ailk_Bjlk_Cijk_Dijk,"(1,1024,1,4096)",Cijk_Ailk_Bjlk_F8F8S_BH_GB_MT64x64x16_MI16x16x16x1_SN_GLVWA4_GLVWB4_GRVW4_K1_SS1_SVW1_WSGRA1_WSGRB1,NO_CHECK,-nan,-nan,,0.000976562,0.5,32,0.015625,1,0.5,0.125,132096,1024,,,,,,,,,,
And(LeadingFree0SizesGreaterOrEqual(8): (freeA0:1 >= 8) == 0): 0

TruePred: 1
0,1/44,34/47,Contraction_l_Ailk_Bjlk_Cijk_Dijk,"(1,1024,1,4096)",Cijk_Ailk_Bjlk_F8F8S_BH_GB_MT64x64x16_MI16x16x16x1_SN_GLVWA8_GLVWB8_GRVW8_K1_SS1_SVW1_WSGRA1_WSGRB1,NO_CHECK,-nan,-nan,,0.000976562,0.5,32,0.015625,1,0.5,0.125,132096,1024,,,,,,,,,,
And(LeadingFree0SizesGreaterOrEqual(16): (freeA0:1 >= 16) == 0): 0

TruePred: 1
0,1/44,35/47,Contraction_l_Ailk_Bjlk_Cijk_Dijk,"(1,1024,1,4096)",Cijk_Ailk_Bjlk_F8F8S_BH_GB_MT64x64x16_MI16x16x16x1_SN_GLVWA16_GLVWB16_GRVW16_K1_SS1_SVW1_WSGRA1_WSGRB1,NO_CHECK,-nan,-nan,,0.000976562,0.5,32,0.015625,1,0.5,0.125,132096,1024,,,,,,,,,,
And(LeadingFree0SizesGreaterOrEqual(4): (freeA0:1 >= 4) == 0): 0

TruePred: 1
0,1/44,36/47,Contraction_l_Ailk_Bjlk_Cijk_Dijk,"(1,1024,1,4096)",Cijk_Ailk_Bjlk_F8F8S_BH_GB_MT64x64x32_MI16x16x16x1_SN_GLVWA4_GLVWB4_GRVW4_K1_SS1_SVW1_WSGRA0_WSGRB0,NO_CHECK,-nan,-nan,,0.000976562,0.5,32,0.015625,1,0.5,0.125,132096,1024,,,,,,,,,,
And(LeadingFree0SizesGreaterOrEqual(8): (freeA0:1 >= 8) == 0): 0

TruePred: 1
0,1/44,37/47,Contraction_l_Ailk_Bjlk_Cijk_Dijk,"(1,1024,1,4096)",Cijk_Ailk_Bjlk_F8F8S_BH_GB_MT64x64x32_MI16x16x16x1_SN_GLVWA8_GLVWB8_GRVW8_K1_SS1_SVW1_WSGRA0_WSGRB0,NO_CHECK,-nan,-nan,,0.000976562,0.5,32,0.015625,1,0.5,0.125,132096,1024,,,,,,,,,,
And(LeadingFree0SizesGreaterOrEqual(16): (freeA0:1 >= 16) == 0): 0

TruePred: 1
0,1/44,38/47,Contraction_l_Ailk_Bjlk_Cijk_Dijk,"(1,1024,1,4096)",Cijk_Ailk_Bjlk_F8F8S_BH_GB_MT64x64x32_MI16x16x16x1_SN_GLVWA16_GLVWB16_GRVW16_K1_SS1_SVW1_WSGRA0_WSGRB0,NO_CHECK,-nan,-nan,,0.000976562,0.5,32,0.015625,1,0.5,0.125,132096,1024,,,,,,,,,,
And(LeadingFree0SizesGreaterOrEqual(4): (freeA0:1 >= 4) == 0): 0

TruePred: 1
0,1/44,39/47,Contraction_l_Ailk_Bjlk_Cijk_Dijk,"(1,1024,1,4096)",Cijk_Ailk_Bjlk_F8F8S_BH_GB_MT64x64x32_MI16x16x16x1_SN_GLVWA4_GLVWB4_GRVW4_K1_SS1_SVW1_WSGRA1_WSGRB0,NO_CHECK,-nan,-nan,,0.000976562,0.5,32,0.015625,1,0.5,0.125,132096,1024,,,,,,,,,,
And(LeadingFree0SizesGreaterOrEqual(8): (freeA0:1 >= 8) == 0): 0

TruePred: 1
0,1/44,40/47,Contraction_l_Ailk_Bjlk_Cijk_Dijk,"(1,1024,1,4096)",Cijk_Ailk_Bjlk_F8F8S_BH_GB_MT64x64x32_MI16x16x16x1_SN_GLVWA8_GLVWB8_GRVW8_K1_SS1_SVW1_WSGRA1_WSGRB0,NO_CHECK,-nan,-nan,,0.000976562,0.5,32,0.015625,1,0.5,0.125,132096,1024,,,,,,,,,,
And(LeadingFree0SizesGreaterOrEqual(16): (freeA0:1 >= 16) == 0): 0

TruePred: 1
0,1/44,41/47,Contraction_l_Ailk_Bjlk_Cijk_Dijk,"(1,1024,1,4096)",Cijk_Ailk_Bjlk_F8F8S_BH_GB_MT64x64x32_MI16x16x16x1_SN_GLVWA16_GLVWB16_GRVW16_K1_SS1_SVW1_WSGRA1_WSGRB0,NO_CHECK,-nan,-nan,,0.000976562,0.5,32,0.015625,1,0.5,0.125,132096,1024,,,,,,,,,,
And(LeadingFree0SizesGreaterOrEqual(4): (freeA0:1 >= 4) == 0): 0

TruePred: 1
0,1/44,42/47,Contraction_l_Ailk_Bjlk_Cijk_Dijk,"(1,1024,1,4096)",Cijk_Ailk_Bjlk_F8F8S_BH_GB_MT64x64x32_MI16x16x16x1_SN_GLVWA4_GLVWB4_GRVW4_K1_SS1_SVW1_WSGRA0_WSGRB1,NO_CHECK,-nan,-nan,,0.000976562,0.5,32,0.015625,1,0.5,0.125,132096,1024,,,,,,,,,,
And(LeadingFree0SizesGreaterOrEqual(8): (freeA0:1 >= 8) == 0): 0

TruePred: 1
0,1/44,43/47,Contraction_l_Ailk_Bjlk_Cijk_Dijk,"(1,1024,1,4096)",Cijk_Ailk_Bjlk_F8F8S_BH_GB_MT64x64x32_MI16x16x16x1_SN_GLVWA8_GLVWB8_GRVW8_K1_SS1_SVW1_WSGRA0_WSGRB1,NO_CHECK,-nan,-nan,,0.000976562,0.5,32,0.015625,1,0.5,0.125,132096,1024,,,,,,,,,,
And(LeadingFree0SizesGreaterOrEqual(16): (freeA0:1 >= 16) == 0): 0

TruePred: 1
0,1/44,44/47,Contraction_l_Ailk_Bjlk_Cijk_Dijk,"(1,1024,1,4096)",Cijk_Ailk_Bjlk_F8F8S_BH_GB_MT64x64x32_MI16x16x16x1_SN_GLVWA16_GLVWB16_GRVW16_K1_SS1_SVW1_WSGRA0_WSGRB1,NO_CHECK,-nan,-nan,,0.000976562,0.5,32,0.015625,1,0.5,0.125,132096,1024,,,,,,,,,,
And(LeadingFree0SizesGreaterOrEqual(4): (freeA0:1 >= 4) == 0): 0

TruePred: 1
0,1/44,45/47,Contraction_l_Ailk_Bjlk_Cijk_Dijk,"(1,1024,1,4096)",Cijk_Ailk_Bjlk_F8F8S_BH_GB_MT64x64x32_MI16x16x16x1_SN_GLVWA4_GLVWB4_GRVW4_K1_SS1_SVW1_WSGRA1_WSGRB1,NO_CHECK,-nan,-nan,,0.000976562,0.5,32,0.015625,1,0.5,0.125,132096,1024,,,,,,,,,,
And(LeadingFree0SizesGreaterOrEqual(8): (freeA0:1 >= 8) == 0): 0

TruePred: 1
0,1/44,46/47,Contraction_l_Ailk_Bjlk_Cijk_Dijk,"(1,1024,1,4096)",Cijk_Ailk_Bjlk_F8F8S_BH_GB_MT64x64x32_MI16x16x16x1_SN_GLVWA8_GLVWB8_GRVW8_K1_SS1_SVW1_WSGRA1_WSGRB1,NO_CHECK,-nan,-nan,,0.000976562,0.5,32,0.015625,1,0.5,0.125,132096,1024,,,,,,,,,,
And(LeadingFree0SizesGreaterOrEqual(16): (freeA0:1 >= 16) == 0): 0

TruePred: 1
0,1/44,47/47,Contraction_l_Ailk_Bjlk_Cijk_Dijk,"(1,1024,1,4096)",Cijk_Ailk_Bjlk_F8F8S_BH_GB_MT64x64x32_MI16x16x16x1_SN_GLVWA16_GLVWB16_GRVW16_K1_SS1_SVW1_WSGRA1_WSGRB1,NO_CHECK,-nan,-nan,,0.000976562,0.5,32,0.015625,1,0.5,0.125,132096,1024,,,,,,,,,,
And(LeadingFree0SizesGreaterOrEqual(4): (freeA0:1 >= 4) == 0): 0

TruePred: 1
0,2/44,0/47,Contraction_l_Ailk_Bjlk_Cijk_Dijk,"(1,1024,1,8192)",Cijk_Ailk_Bjlk_F8F8S_BH_GB_MT64x64x16_MI16x16x16x1_SN_GLVWA4_GLVWB4_GRVW4_K1_SS0_SVW4_WSGRA0_WSGRB0,NO_CHECK,-nan,-nan,,0.000976562,0.5,32,0.015625,1,0.5,0.125,263168,1024,,,,,,,,,,
And(LeadingFree0SizesGreaterOrEqual(8): (freeA0:1 >= 8) == 0): 0

TruePred: 1
0,2/44,1/47,Contraction_l_Ailk_Bjlk_Cijk_Dijk,"(1,1024,1,8192)",Cijk_Ailk_Bjlk_F8F8S_BH_GB_MT64x64x16_MI16x16x16x1_SN_GLVWA8_GLVWB8_GRVW8_K1_SS0_SVW4_WSGRA0_WSGRB0,NO_CHECK,-nan,-nan,,0.000976562,0.5,32,0.015625,1,0.5,0.125,263168,1024,,,,,,,,,,
And(LeadingFree0SizesGreaterOrEqual(16): (freeA0:1 >= 16) == 0): 0

TruePred: 1
0,2/44,2/47,Contraction_l_Ailk_Bjlk_Cijk_Dijk,"(1,1024,1,8192)",Cijk_Ailk_Bjlk_F8F8S_BH_GB_MT64x64x16_MI16x16x16x1_SN_GLVWA16_GLVWB16_GRVW16_K1_SS0_SVW4_WSGRA0_WSGRB0,NO_CHECK,-nan,-nan,,0.000976562,0.5,32,0.015625,1,0.5,0.125,263168,1024,,,,,,,,,,
And(LeadingFree0SizesGreaterOrEqual(4): (freeA0:1 >= 4) == 0): 0

TruePred: 1
0,2/44,3/47,Contraction_l_Ailk_Bjlk_Cijk_Dijk,"(1,1024,1,8192)",Cijk_Ailk_Bjlk_F8F8S_BH_GB_MT64x64x16_MI16x16x16x1_SN_GLVWA4_GLVWB4_GRVW4_K1_SS0_SVW4_WSGRA1_WSGRB0,NO_CHECK,-nan,-nan,,0.000976562,0.5,32,0.015625,1,0.5,0.125,263168,1024,,,,,,,,,,
And(LeadingFree0SizesGreaterOrEqual(8): (freeA0:1 >= 8) == 0): 0

TruePred: 1
0,2/44,4/47,Contraction_l_Ailk_Bjlk_Cijk_Dijk,"(1,1024,1,8192)",Cijk_Ailk_Bjlk_F8F8S_BH_GB_MT64x64x16_MI16x16x16x1_SN_GLVWA8_GLVWB8_GRVW8_K1_SS0_SVW4_WSGRA1_WSGRB0,NO_CHECK,-nan,-nan,,0.000976562,0.5,32,0.015625,1,0.5,0.125,263168,1024,,,,,,,,,,
And(LeadingFree0SizesGreaterOrEqual(16): (freeA0:1 >= 16) == 0): 0

TruePred: 1
0,2/44,5/47,Contraction_l_Ailk_Bjlk_Cijk_Dijk,"(1,1024,1,8192)",Cijk_Ailk_Bjlk_F8F8S_BH_GB_MT64x64x16_MI16x16x16x1_SN_GLVWA16_GLVWB16_GRVW16_K1_SS0_SVW4_WSGRA1_WSGRB0,NO_CHECK,-nan,-nan,,0.000976562,0.5,32,0.015625,1,0.5,0.125,263168,1024,,,,,,,,,,
And(LeadingFree0SizesGreaterOrEqual(4): (freeA0:1 >= 4) == 0): 0

TruePred: 1
0,2/44,6/47,Contraction_l_Ailk_Bjlk_Cijk_Dijk,"(1,1024,1,8192)",Cijk_Ailk_Bjlk_F8F8S_BH_GB_MT64x64x16_MI16x16x16x1_SN_GLVWA4_GLVWB4_GRVW4_K1_SS0_SVW4_WSGRA0_WSGRB1,NO_CHECK,-nan,-nan,,0.000976562,0.5,32,0.015625,1,0.5,0.125,263168,1024,,,,,,,,,,
And(LeadingFree0SizesGreaterOrEqual(8): (freeA0:1 >= 8) == 0): 0

TruePred: 1
0,2/44,7/47,Contraction_l_Ailk_Bjlk_Cijk_Dijk,"(1,1024,1,8192)",Cijk_Ailk_Bjlk_F8F8S_BH_GB_MT64x64x16_MI16x16x16x1_SN_GLVWA8_GLVWB8_GRVW8_K1_SS0_SVW4_WSGRA0_WSGRB1,NO_CHECK,-nan,-nan,,0.000976562,0.5,32,0.015625,1,0.5,0.125,263168,1024,,,,,,,,,,
And(LeadingFree0SizesGreaterOrEqual(16): (freeA0:1 >= 16) == 0): 0

TruePred: 1
0,2/44,8/47,Contraction_l_Ailk_Bjlk_Cijk_Dijk,"(1,1024,1,8192)",Cijk_Ailk_Bjlk_F8F8S_BH_GB_MT64x64x16_MI16x16x16x1_SN_GLVWA16_GLVWB16_GRVW16_K1_SS0_SVW4_WSGRA0_WSGRB1,NO_CHECK,-nan,-nan,,0.000976562,0.5,32,0.015625,1,0.5,0.125,263168,1024,,,,,,,,,,
And(LeadingFree0SizesGreaterOrEqual(4): (freeA0:1 >= 4) == 0): 0

TruePred: 1
0,2/44,9/47,Contraction_l_Ailk_Bjlk_Cijk_Dijk,"(1,1024,1,8192)",Cijk_Ailk_Bjlk_F8F8S_BH_GB_MT64x64x16_MI16x16x16x1_SN_GLVWA4_GLVWB4_GRVW4_K1_SS0_SVW4_WSGRA1_WSGRB1,NO_CHECK,-nan,-nan,,0.000976562,0.5,32,0.015625,1,0.5,0.125,263168,1024,,,,,,,,,,
And(LeadingFree0SizesGreaterOrEqual(8): (freeA0:1 >= 8) == 0): 0

TruePred: 1
0,2/44,10/47,Contraction_l_Ailk_Bjlk_Cijk_Dijk,"(1,1024,1,8192)",Cijk_Ailk_Bjlk_F8F8S_BH_GB_MT64x64x16_MI16x16x16x1_SN_GLVWA8_GLVWB8_GRVW8_K1_SS0_SVW4_WSGRA1_WSGRB1,NO_CHECK,-nan,-nan,,0.000976562,0.5,32,0.015625,1,0.5,0.125,263168,1024,,,,,,,,,,
And(LeadingFree0SizesGreaterOrEqual(16): (freeA0:1 >= 16) == 0): 0

TruePred: 1
0,2/44,11/47,Contraction_l_Ailk_Bjlk_Cijk_Dijk,"(1,1024,1,8192)",Cijk_Ailk_Bjlk_F8F8S_BH_GB_MT64x64x16_MI16x16x16x1_SN_GLVWA16_GLVWB16_GRVW16_K1_SS0_SVW4_WSGRA1_WSGRB1,NO_CHECK,-nan,-nan,,0.000976562,0.5,32,0.015625,1,0.5,0.125,263168,1024,,,,,,,,,,
And(LeadingFree0SizesGreaterOrEqual(4): (freeA0:1 >= 4) == 0): 0

TruePred: 1
0,2/44,12/47,Contraction_l_Ailk_Bjlk_Cijk_Dijk,"(1,1024,1,8192)",Cijk_Ailk_Bjlk_F8F8S_BH_GB_MT64x64x32_MI16x16x16x1_SN_GLVWA4_GLVWB4_GRVW4_K1_SS0_SVW4_WSGRA0_WSGRB0,NO_CHECK,-nan,-nan,,0.000976562,0.5,32,0.015625,1,0.5,0.125,263168,1024,,,,,,,,,,
And(LeadingFree0SizesGreaterOrEqual(8): (freeA0:1 >= 8) == 0): 0

TruePred: 1
0,2/44,13/47,Contraction_l_Ailk_Bjlk_Cijk_Dijk,"(1,1024,1,8192)",Cijk_Ailk_Bjlk_F8F8S_BH_GB_MT64x64x32_MI16x16x16x1_SN_GLVWA8_GLVWB8_GRVW8_K1_SS0_SVW4_WSGRA0_WSGRB0,NO_CHECK,-nan,-nan,,0.000976562,0.5,32,0.015625,1,0.5,0.125,263168,1024,,,,,,,,,,
And(LeadingFree0SizesGreaterOrEqual(16): (freeA0:1 >= 16) == 0): 0

TruePred: 1
0,2/44,14/47,Contraction_l_Ailk_Bjlk_Cijk_Dijk,"(1,1024,1,8192)",Cijk_Ailk_Bjlk_F8F8S_BH_GB_MT64x64x32_MI16x16x16x1_SN_GLVWA16_GLVWB16_GRVW16_K1_SS0_SVW4_WSGRA0_WSGRB0,NO_CHECK,-nan,-nan,,0.000976562,0.5,32,0.015625,1,0.5,0.125,263168,1024,,,,,,,,,,
And(LeadingFree0SizesGreaterOrEqual(4): (freeA0:1 >= 4) == 0): 0

TruePred: 1
0,2/44,15/47,Contraction_l_Ailk_Bjlk_Cijk_Dijk,"(1,1024,1,8192)",Cijk_Ailk_Bjlk_F8F8S_BH_GB_MT64x64x32_MI16x16x16x1_SN_GLVWA4_GLVWB4_GRVW4_K1_SS0_SVW4_WSGRA1_WSGRB0,NO_CHECK,-nan,-nan,,0.000976562,0.5,32,0.015625,1,0.5,0.125,263168,1024,,,,,,,,,,
And(LeadingFree0SizesGreaterOrEqual(8): (freeA0:1 >= 8) == 0): 0

TruePred: 1
0,2/44,16/47,Contraction_l_Ailk_Bjlk_Cijk_Dijk,"(1,1024,1,8192)",Cijk_Ailk_Bjlk_F8F8S_BH_GB_MT64x64x32_MI16x16x16x1_SN_GLVWA8_GLVWB8_GRVW8_K1_SS0_SVW4_WSGRA1_WSGRB0,NO_CHECK,-nan,-nan,,0.000976562,0.5,32,0.015625,1,0.5,0.125,263168,1024,,,,,,,,,,
And(LeadingFree0SizesGreaterOrEqual(16): (freeA0:1 >= 16) == 0): 0

TruePred: 1
0,2/44,17/47,Contraction_l_Ailk_Bjlk_Cijk_Dijk,"(1,1024,1,8192)",Cijk_Ailk_Bjlk_F8F8S_BH_GB_MT64x64x32_MI16x16x16x1_SN_GLVWA16_GLVWB16_GRVW16_K1_SS0_SVW4_WSGRA1_WSGRB0,NO_CHECK,-nan,-nan,,0.000976562,0.5,32,0.015625,1,0.5,0.125,263168,1024,,,,,,,,,,
And(LeadingFree0SizesGreaterOrEqual(4): (freeA0:1 >= 4) == 0): 0

TruePred: 1
0,2/44,18/47,Contraction_l_Ailk_Bjlk_Cijk_Dijk,"(1,1024,1,8192)",Cijk_Ailk_Bjlk_F8F8S_BH_GB_MT64x64x32_MI16x16x16x1_SN_GLVWA4_GLVWB4_GRVW4_K1_SS0_SVW4_WSGRA0_WSGRB1,NO_CHECK,-nan,-nan,,0.000976562,0.5,32,0.015625,1,0.5,0.125,263168,1024,,,,,,,,,,
And(LeadingFree0SizesGreaterOrEqual(8): (freeA0:1 >= 8) == 0): 0

TruePred: 1
0,2/44,19/47,Contraction_l_Ailk_Bjlk_Cijk_Dijk,"(1,1024,1,8192)",Cijk_Ailk_Bjlk_F8F8S_BH_GB_MT64x64x32_MI16x16x16x1_SN_GLVWA8_GLVWB8_GRVW8_K1_SS0_SVW4_WSGRA0_WSGRB1,NO_CHECK,-nan,-nan,,0.000976562,0.5,32,0.015625,1,0.5,0.125,263168,1024,,,,,,,,,,
And(LeadingFree0SizesGreaterOrEqual(16): (freeA0:1 >= 16) == 0): 0

TruePred: 1
0,2/44,20/47,Contraction_l_Ailk_Bjlk_Cijk_Dijk,"(1,1024,1,8192)",Cijk_Ailk_Bjlk_F8F8S_BH_GB_MT64x64x32_MI16x16x16x1_SN_GLVWA16_GLVWB16_GRVW16_K1_SS0_SVW4_WSGRA0_WSGRB1,NO_CHECK,-nan,-nan,,0.000976562,0.5,32,0.015625,1,0.5,0.125,263168,1024,,,,,,,,,,
And(LeadingFree0SizesGreaterOrEqual(4): (freeA0:1 >= 4) == 0): 0

TruePred: 1
0,2/44,21/47,Contraction_l_Ailk_Bjlk_Cijk_Dijk,"(1,1024,1,8192)",Cijk_Ailk_Bjlk_F8F8S_BH_GB_MT64x64x32_MI16x16x16x1_SN_GLVWA4_GLVWB4_GRVW4_K1_SS0_SVW4_WSGRA1_WSGRB1,NO_CHECK,-nan,-nan,,0.000976562,0.5,32,0.015625,1,0.5,0.125,263168,1024,,,,,,,,,,
And(LeadingFree0SizesGreaterOrEqual(8): (freeA0:1 >= 8) == 0): 0

TruePred: 1
0,2/44,22/47,Contraction_l_Ailk_Bjlk_Cijk_Dijk,"(1,1024,1,8192)",Cijk_Ailk_Bjlk_F8F8S_BH_GB_MT64x64x32_MI16x16x16x1_SN_GLVWA8_GLVWB8_GRVW8_K1_SS0_SVW4_WSGRA1_WSGRB1,NO_CHECK,-nan,-nan,,0.000976562,0.5,32,0.015625,1,0.5,0.125,263168,1024,,,,,,,,,,
And(LeadingFree0SizesGreaterOrEqual(16): (freeA0:1 >= 16) == 0): 0

TruePred: 1
0,2/44,23/47,Contraction_l_Ailk_Bjlk_Cijk_Dijk,"(1,1024,1,8192)",Cijk_Ailk_Bjlk_F8F8S_BH_GB_MT64x64x32_MI16x16x16x1_SN_GLVWA16_GLVWB16_GRVW16_K1_SS0_SVW4_WSGRA1_WSGRB1,NO_CHECK,-nan,-nan,,0.000976562,0.5,32,0.015625,1,0.5,0.125,263168,1024,,,,,,,,,,
And(LeadingFree0SizesGreaterOrEqual(4): (freeA0:1 >= 4) == 0): 0

TruePred: 1
0,2/44,24/47,Contraction_l_Ailk_Bjlk_Cijk_Dijk,"(1,1024,1,8192)",Cijk_Ailk_Bjlk_F8F8S_BH_GB_MT64x64x16_MI16x16x16x1_SN_GLVWA4_GLVWB4_GRVW4_K1_SS1_SVW1_WSGRA0_WSGRB0,NO_CHECK,-nan,-nan,,0.000976562,0.5,32,0.015625,1,0.5,0.125,263168,1024,,,,,,,,,,
And(LeadingFree0SizesGreaterOrEqual(8): (freeA0:1 >= 8) == 0): 0

TruePred: 1
0,2/44,25/47,Contraction_l_Ailk_Bjlk_Cijk_Dijk,"(1,1024,1,8192)",Cijk_Ailk_Bjlk_F8F8S_BH_GB_MT64x64x16_MI16x16x16x1_SN_GLVWA8_GLVWB8_GRVW8_K1_SS1_SVW1_WSGRA0_WSGRB0,NO_CHECK,-nan,-nan,,0.000976562,0.5,32,0.015625,1,0.5,0.125,263168,1024,,,,,,,,,,
And(LeadingFree0SizesGreaterOrEqual(16): (freeA0:1 >= 16) == 0): 0

TruePred: 1
0,2/44,26/47,Contraction_l_Ailk_Bjlk_Cijk_Dijk,"(1,1024,1,8192)",Cijk_Ailk_Bjlk_F8F8S_BH_GB_MT64x64x16_MI16x16x16x1_SN_GLVWA16_GLVWB16_GRVW16_K1_SS1_SVW1_WSGRA0_WSGRB0,NO_CHECK,-nan,-nan,,0.000976562,0.5,32,0.015625,1,0.5,0.125,263168,1024,,,,,,,,,,
And(LeadingFree0SizesGreaterOrEqual(4): (freeA0:1 >= 4) == 0): 0

TruePred: 1
0,2/44,27/47,Contraction_l_Ailk_Bjlk_Cijk_Dijk,"(1,1024,1,8192)",Cijk_Ailk_Bjlk_F8F8S_BH_GB_MT64x64x16_MI16x16x16x1_SN_GLVWA4_GLVWB4_GRVW4_K1_SS1_SVW1_WSGRA1_WSGRB0,NO_CHECK,-nan,-nan,,0.000976562,0.5,32,0.015625,1,0.5,0.125,263168,1024,,,,,,,,,,
And(LeadingFree0SizesGreaterOrEqual(8): (freeA0:1 >= 8) == 0): 0

TruePred: 1
0,2/44,28/47,Contraction_l_Ailk_Bjlk_Cijk_Dijk,"(1,1024,1,8192)",Cijk_Ailk_Bjlk_F8F8S_BH_GB_MT64x64x16_MI16x16x16x1_SN_GLVWA8_GLVWB8_GRVW8_K1_SS1_SVW1_WSGRA1_WSGRB0,NO_CHECK,-nan,-nan,,0.000976562,0.5,32,0.015625,1,0.5,0.125,263168,1024,,,,,,,,,,
And(LeadingFree0SizesGreaterOrEqual(16): (freeA0:1 >= 16) == 0): 0

TruePred: 1
0,2/44,29/47,Contraction_l_Ailk_Bjlk_Cijk_Dijk,"(1,1024,1,8192)",Cijk_Ailk_Bjlk_F8F8S_BH_GB_MT64x64x16_MI16x16x16x1_SN_GLVWA16_GLVWB16_GRVW16_K1_SS1_SVW1_WSGRA1_WSGRB0,NO_CHECK,-nan,-nan,,0.000976562,0.5,32,0.015625,1,0.5,0.125,263168,1024,,,,,,,,,,
And(LeadingFree0SizesGreaterOrEqual(4): (freeA0:1 >= 4) == 0): 0

TruePred: 1
0,2/44,30/47,Contraction_l_Ailk_Bjlk_Cijk_Dijk,"(1,1024,1,8192)",Cijk_Ailk_Bjlk_F8F8S_BH_GB_MT64x64x16_MI16x16x16x1_SN_GLVWA4_GLVWB4_GRVW4_K1_SS1_SVW1_WSGRA0_WSGRB1,NO_CHECK,-nan,-nan,,0.000976562,0.5,32,0.015625,1,0.5,0.125,263168,1024,,,,,,,,,,
And(LeadingFree0SizesGreaterOrEqual(8): (freeA0:1 >= 8) == 0): 0

TruePred: 1
0,2/44,31/47,Contraction_l_Ailk_Bjlk_Cijk_Dijk,"(1,1024,1,8192)",Cijk_Ailk_Bjlk_F8F8S_BH_GB_MT64x64x16_MI16x16x16x1_SN_GLVWA8_GLVWB8_GRVW8_K1_SS1_SVW1_WSGRA0_WSGRB1,NO_CHECK,-nan,-nan,,0.000976562,0.5,32,0.015625,1,0.5,0.125,263168,1024,,,,,,,,,,
And(LeadingFree0SizesGreaterOrEqual(16): (freeA0:1 >= 16) == 0): 0

TruePred: 1
0,2/44,32/47,Contraction_l_Ailk_Bjlk_Cijk_Dijk,"(1,1024,1,8192)",Cijk_Ailk_Bjlk_F8F8S_BH_GB_MT64x64x16_MI16x16x16x1_SN_GLVWA16_GLVWB16_GRVW16_K1_SS1_SVW1_WSGRA0_WSGRB1,NO_CHECK,-nan,-nan,,0.000976562,0.5,32,0.015625,1,0.5,0.125,263168,1024,,,,,,,,,,
And(LeadingFree0SizesGreaterOrEqual(4): (freeA0:1 >= 4) == 0): 0

TruePred: 1
0,2/44,33/47,Contraction_l_Ailk_Bjlk_Cijk_Dijk,"(1,1024,1,8192)",Cijk_Ailk_Bjlk_F8F8S_BH_GB_MT64x64x16_MI16x16x16x1_SN_GLVWA4_GLVWB4_GRVW4_K1_SS1_SVW1_WSGRA1_WSGRB1,NO_CHECK,-nan,-nan,,0.000976562,0.5,32,0.015625,1,0.5,0.125,263168,1024,,,,,,,,,,
And(LeadingFree0SizesGreaterOrEqual(8): (freeA0:1 >= 8) == 0): 0

TruePred: 1
0,2/44,34/47,Contraction_l_Ailk_Bjlk_Cijk_Dijk,"(1,1024,1,8192)",Cijk_Ailk_Bjlk_F8F8S_BH_GB_MT64x64x16_MI16x16x16x1_SN_GLVWA8_GLVWB8_GRVW8_K1_SS1_SVW1_WSGRA1_WSGRB1,NO_CHECK,-nan,-nan,,0.000976562,0.5,32,0.015625,1,0.5,0.125,263168,1024,,,,,,,,,,
And(LeadingFree0SizesGreaterOrEqual(16): (freeA0:1 >= 16) == 0): 0

TruePred: 1
0,2/44,35/47,Contraction_l_Ailk_Bjlk_Cijk_Dijk,"(1,1024,1,8192)",Cijk_Ailk_Bjlk_F8F8S_BH_GB_MT64x64x16_MI16x16x16x1_SN_GLVWA16_GLVWB16_GRVW16_K1_SS1_SVW1_WSGRA1_WSGRB1,NO_CHECK,-nan,-nan,,0.000976562,0.5,32,0.015625,1,0.5,0.125,263168,1024,,,,,,,,,,
And(LeadingFree0SizesGreaterOrEqual(4): (freeA0:1 >= 4) == 0): 0

TruePred: 1
0,2/44,36/47,Contraction_l_Ailk_Bjlk_Cijk_Dijk,"(1,1024,1,8192)",Cijk_Ailk_Bjlk_F8F8S_BH_GB_MT64x64x32_MI16x16x16x1_SN_GLVWA4_GLVWB4_GRVW4_K1_SS1_SVW1_WSGRA0_WSGRB0,NO_CHECK,-nan,-nan,,0.000976562,0.5,32,0.015625,1,0.5,0.125,263168,1024,,,,,,,,,,
And(LeadingFree0SizesGreaterOrEqual(8): (freeA0:1 >= 8) == 0): 0

TruePred: 1
0,2/44,37/47,Contraction_l_Ailk_Bjlk_Cijk_Dijk,"(1,1024,1,8192)",Cijk_Ailk_Bjlk_F8F8S_BH_GB_MT64x64x32_MI16x16x16x1_SN_GLVWA8_GLVWB8_GRVW8_K1_SS1_SVW1_WSGRA0_WSGRB0,NO_CHECK,-nan,-nan,,0.000976562,0.5,32,0.015625,1,0.5,0.125,263168,1024,,,,,,,,,,
And(LeadingFree0SizesGreaterOrEqual(16): (freeA0:1 >= 16) == 0): 0

TruePred: 1
0,2/44,38/47,Contraction_l_Ailk_Bjlk_Cijk_Dijk,"(1,1024,1,8192)",Cijk_Ailk_Bjlk_F8F8S_BH_GB_MT64x64x32_MI16x16x16x1_SN_GLVWA16_GLVWB16_GRVW16_K1_SS1_SVW1_WSGRA0_WSGRB0,NO_CHECK,-nan,-nan,,0.000976562,0.5,32,0.015625,1,0.5,0.125,263168,1024,,,,,,,,,,
And(LeadingFree0SizesGreaterOrEqual(4): (freeA0:1 >= 4) == 0): 0

TruePred: 1
0,2/44,39/47,Contraction_l_Ailk_Bjlk_Cijk_Dijk,"(1,1024,1,8192)",Cijk_Ailk_Bjlk_F8F8S_BH_GB_MT64x64x32_MI16x16x16x1_SN_GLVWA4_GLVWB4_GRVW4_K1_SS1_SVW1_WSGRA1_WSGRB0,NO_CHECK,-nan,-nan,,0.000976562,0.5,32,0.015625,1,0.5,0.125,263168,1024,,,,,,,,,,
And(LeadingFree0SizesGreaterOrEqual(8): (freeA0:1 >= 8) == 0): 0

TruePred: 1
0,2/44,40/47,Contraction_l_Ailk_Bjlk_Cijk_Dijk,"(1,1024,1,8192)",Cijk_Ailk_Bjlk_F8F8S_BH_GB_MT64x64x32_MI16x16x16x1_SN_GLVWA8_GLVWB8_GRVW8_K1_SS1_SVW1_WSGRA1_WSGRB0,NO_CHECK,-nan,-nan,,0.000976562,0.5,32,0.015625,1,0.5,0.125,263168,1024,,,,,,,,,,
And(LeadingFree0SizesGreaterOrEqual(16): (freeA0:1 >= 16) == 0): 0

TruePred: 1
0,2/44,41/47,Contraction_l_Ailk_Bjlk_Cijk_Dijk,"(1,1024,1,8192)",Cijk_Ailk_Bjlk_F8F8S_BH_GB_MT64x64x32_MI16x16x16x1_SN_GLVWA16_GLVWB16_GRVW16_K1_SS1_SVW1_WSGRA1_WSGRB0,NO_CHECK,-nan,-nan,,0.000976562,0.5,32,0.015625,1,0.5,0.125,263168,1024,,,,,,,,,,
And(LeadingFree0SizesGreaterOrEqual(4): (freeA0:1 >= 4) == 0): 0

TruePred: 1
0,2/44,42/47,Contraction_l_Ailk_Bjlk_Cijk_Dijk,"(1,1024,1,8192)",Cijk_Ailk_Bjlk_F8F8S_BH_GB_MT64x64x32_MI16x16x16x1_SN_GLVWA4_GLVWB4_GRVW4_K1_SS1_SVW1_WSGRA0_WSGRB1,NO_CHECK,-nan,-nan,,0.000976562,0.5,32,0.015625,1,0.5,0.125,263168,1024,,,,,,,,,,
And(LeadingFree0SizesGreaterOrEqual(8): (freeA0:1 >= 8) == 0): 0

TruePred: 1
0,2/44,43/47,Contraction_l_Ailk_Bjlk_Cijk_Dijk,"(1,1024,1,8192)",Cijk_Ailk_Bjlk_F8F8S_BH_GB_MT64x64x32_MI16x16x16x1_SN_GLVWA8_GLVWB8_GRVW8_K1_SS1_SVW1_WSGRA0_WSGRB1,NO_CHECK,-nan,-nan,,0.000976562,0.5,32,0.015625,1,0.5,0.125,263168,1024,,,,,,,,,,
And(LeadingFree0SizesGreaterOrEqual(16): (freeA0:1 >= 16) == 0): 0

TruePred: 1
0,2/44,44/47,Contraction_l_Ailk_Bjlk_Cijk_Dijk,"(1,1024,1,8192)",Cijk_Ailk_Bjlk_F8F8S_BH_GB_MT64x64x32_MI16x16x16x1_SN_GLVWA16_GLVWB16_GRVW16_K1_SS1_SVW1_WSGRA0_WSGRB1,NO_CHECK,-nan,-nan,,0.000976562,0.5,32,0.015625,1,0.5,0.125,263168,1024,,,,,,,,,,
And(LeadingFree0SizesGreaterOrEqual(4): (freeA0:1 >= 4) == 0): 0

TruePred: 1
0,2/44,45/47,Contraction_l_Ailk_Bjlk_Cijk_Dijk,"(1,1024,1,8192)",Cijk_Ailk_Bjlk_F8F8S_BH_GB_MT64x64x32_MI16x16x16x1_SN_GLVWA4_GLVWB4_GRVW4_K1_SS1_SVW1_WSGRA1_WSGRB1,NO_CHECK,-nan,-nan,,0.000976562,0.5,32,0.015625,1,0.5,0.125,263168,1024,,,,,,,,,,
And(LeadingFree0SizesGreaterOrEqual(8): (freeA0:1 >= 8) == 0): 0

TruePred: 1
0,2/44,46/47,Contraction_l_Ailk_Bjlk_Cijk_Dijk,"(1,1024,1,8192)",Cijk_Ailk_Bjlk_F8F8S_BH_GB_MT64x64x32_MI16x16x16x1_SN_GLVWA8_GLVWB8_GRVW8_K1_SS1_SVW1_WSGRA1_WSGRB1,NO_CHECK,-nan,-nan,,0.000976562,0.5,32,0.015625,1,0.5,0.125,263168,1024,,,,,,,,,,
And(LeadingFree0SizesGreaterOrEqual(16): (freeA0:1 >= 16) == 0): 0

TruePred: 1
0,2/44,47/47,Contraction_l_Ailk_Bjlk_Cijk_Dijk,"(1,1024,1,8192)",Cijk_Ailk_Bjlk_F8F8S_BH_GB_MT64x64x32_MI16x16x16x1_SN_GLVWA16_GLVWB16_GRVW16_K1_SS1_SVW1_WSGRA1_WSGRB1,NO_CHECK,-nan,-nan,,0.000976562,0.5,32,0.015625,1,0.5,0.125,263168,1024,,,,,,,,,,
And(LeadingFree0SizesGreaterOrEqual(4): (freeA0:1 >= 4) == 0): 0

TruePred: 1
0,3/44,0/47,Contraction_l_Ailk_Bjlk_Cijk_Dijk,"(1,4096,1,1024)",Cijk_Ailk_Bjlk_F8F8S_BH_GB_MT64x64x16_MI16x16x16x1_SN_GLVWA4_GLVWB4_GRVW4_K1_SS0_SVW4_WSGRA0_WSGRB0,NO_CHECK,-nan,-nan,,0.00585938,2,32,0.015625,1,1,0.375,135168,4096,,,,,,,,,,
And(LeadingFree0SizesGreaterOrEqual(8): (freeA0:1 >= 8) == 0): 0

TruePred: 1
0,3/44,1/47,Contraction_l_Ailk_Bjlk_Cijk_Dijk,"(1,4096,1,1024)",Cijk_Ailk_Bjlk_F8F8S_BH_GB_MT64x64x16_MI16x16x16x1_SN_GLVWA8_GLVWB8_GRVW8_K1_SS0_SVW4_WSGRA0_WSGRB0,NO_CHECK,-nan,-nan,,0.00585938,2,32,0.015625,1,1,0.375,135168,4096,,,,,,,,,,
And(LeadingFree0SizesGreaterOrEqual(16): (freeA0:1 >= 16) == 0): 0

TruePred: 1
0,3/44,2/47,Contraction_l_Ailk_Bjlk_Cijk_Dijk,"(1,4096,1,1024)",Cijk_Ailk_Bjlk_F8F8S_BH_GB_MT64x64x16_MI16x16x16x1_SN_GLVWA16_GLVWB16_GRVW16_K1_SS0_SVW4_WSGRA0_WSGRB0,NO_CHECK,-nan,-nan,,0.00585938,2,32,0.015625,1,1,0.375,135168,4096,,,,,,,,,,
And(LeadingFree0SizesGreaterOrEqual(4): (freeA0:1 >= 4) == 0): 0

TruePred: 1
0,3/44,3/47,Contraction_l_Ailk_Bjlk_Cijk_Dijk,"(1,4096,1,1024)",Cijk_Ailk_Bjlk_F8F8S_BH_GB_MT64x64x16_MI16x16x16x1_SN_GLVWA4_GLVWB4_GRVW4_K1_SS0_SVW4_WSGRA1_WSGRB0,NO_CHECK,-nan,-nan,,0.00585938,2,32,0.015625,1,1,0.375,135168,4096,,,,,,,,,,
And(LeadingFree0SizesGreaterOrEqual(8): (freeA0:1 >= 8) == 0): 0

TruePred: 1
0,3/44,4/47,Contraction_l_Ailk_Bjlk_Cijk_Dijk,"(1,4096,1,1024)",Cijk_Ailk_Bjlk_F8F8S_BH_GB_MT64x64x16_MI16x16x16x1_SN_GLVWA8_GLVWB8_GRVW8_K1_SS0_SVW4_WSGRA1_WSGRB0,NO_CHECK,-nan,-nan,,0.00585938,2,32,0.015625,1,1,0.375,135168,4096,,,,,,,,,,
And(LeadingFree0SizesGreaterOrEqual(16): (freeA0:1 >= 16) == 0): 0

TruePred: 1
0,3/44,5/47,Contraction_l_Ailk_Bjlk_Cijk_Dijk,"(1,4096,1,1024)",Cijk_Ailk_Bjlk_F8F8S_BH_GB_MT64x64x16_MI16x16x16x1_SN_GLVWA16_GLVWB16_GRVW16_K1_SS0_SVW4_WSGRA1_WSGRB0,NO_CHECK,-nan,-nan,,0.00585938,2,32,0.015625,1,1,0.375,135168,4096,,,,,,,,,,
And(LeadingFree0SizesGreaterOrEqual(4): (freeA0:1 >= 4) == 0): 0

TruePred: 1
0,3/44,6/47,Contraction_l_Ailk_Bjlk_Cijk_Dijk,"(1,4096,1,1024)",Cijk_Ailk_Bjlk_F8F8S_BH_GB_MT64x64x16_MI16x16x16x1_SN_GLVWA4_GLVWB4_GRVW4_K1_SS0_SVW4_WSGRA0_WSGRB1,NO_CHECK,-nan,-nan,,0.00585938,2,32,0.015625,1,1,0.375,135168,4096,,,,,,,,,,
And(LeadingFree0SizesGreaterOrEqual(8): (freeA0:1 >= 8) == 0): 0

TruePred: 1
0,3/44,7/47,Contraction_l_Ailk_Bjlk_Cijk_Dijk,"(1,4096,1,1024)",Cijk_Ailk_Bjlk_F8F8S_BH_GB_MT64x64x16_MI16x16x16x1_SN_GLVWA8_GLVWB8_GRVW8_K1_SS0_SVW4_WSGRA0_WSGRB1,NO_CHECK,-nan,-nan,,0.00585938,2,32,0.015625,1,1,0.375,135168,4096,,,,,,,,,,
And(LeadingFree0SizesGreaterOrEqual(16): (freeA0:1 >= 16) == 0): 0

TruePred: 1
0,3/44,8/47,Contraction_l_Ailk_Bjlk_Cijk_Dijk,"(1,4096,1,1024)",Cijk_Ailk_Bjlk_F8F8S_BH_GB_MT64x64x16_MI16x16x16x1_SN_GLVWA16_GLVWB16_GRVW16_K1_SS0_SVW4_WSGRA0_WSGRB1,NO_CHECK,-nan,-nan,,0.00585938,2,32,0.015625,1,1,0.375,135168,4096,,,,,,,,,,
And(LeadingFree0SizesGreaterOrEqual(4): (freeA0:1 >= 4) == 0): 0

TruePred: 1
0,3/44,9/47,Contraction_l_Ailk_Bjlk_Cijk_Dijk,"(1,4096,1,1024)",Cijk_Ailk_Bjlk_F8F8S_BH_GB_MT64x64x16_MI16x16x16x1_SN_GLVWA4_GLVWB4_GRVW4_K1_SS0_SVW4_WSGRA1_WSGRB1,NO_CHECK,-nan,-nan,,0.00585938,2,32,0.015625,1,1,0.375,135168,4096,,,,,,,,,,
And(LeadingFree0SizesGreaterOrEqual(8): (freeA0:1 >= 8) == 0): 0

TruePred: 1
0,3/44,10/47,Contraction_l_Ailk_Bjlk_Cijk_Dijk,"(1,4096,1,1024)",Cijk_Ailk_Bjlk_F8F8S_BH_GB_MT64x64x16_MI16x16x16x1_SN_GLVWA8_GLVWB8_GRVW8_K1_SS0_SVW4_WSGRA1_WSGRB1,NO_CHECK,-nan,-nan,,0.00585938,2,32,0.015625,1,1,0.375,135168,4096,,,,,,,,,,
And(LeadingFree0SizesGreaterOrEqual(16): (freeA0:1 >= 16) == 0): 0

TruePred: 1
0,3/44,11/47,Contraction_l_Ailk_Bjlk_Cijk_Dijk,"(1,4096,1,1024)",Cijk_Ailk_Bjlk_F8F8S_BH_GB_MT64x64x16_MI16x16x16x1_SN_GLVWA16_GLVWB16_GRVW16_K1_SS0_SVW4_WSGRA1_WSGRB1,NO_CHECK,-nan,-nan,,0.00585938,2,32,0.015625,1,1,0.375,135168,4096,,,,,,,,,,
And(LeadingFree0SizesGreaterOrEqual(4): (freeA0:1 >= 4) == 0): 0

TruePred: 1
0,3/44,12/47,Contraction_l_Ailk_Bjlk_Cijk_Dijk,"(1,4096,1,1024)",Cijk_Ailk_Bjlk_F8F8S_BH_GB_MT64x64x32_MI16x16x16x1_SN_GLVWA4_GLVWB4_GRVW4_K1_SS0_SVW4_WSGRA0_WSGRB0,NO_CHECK,-nan,-nan,,0.00585938,2,32,0.015625,1,1,0.375,135168,4096,,,,,,,,,,
And(LeadingFree0SizesGreaterOrEqual(8): (freeA0:1 >= 8) == 0): 0

TruePred: 1
0,3/44,13/47,Contraction_l_Ailk_Bjlk_Cijk_Dijk,"(1,4096,1,1024)",Cijk_Ailk_Bjlk_F8F8S_BH_GB_MT64x64x32_MI16x16x16x1_SN_GLVWA8_GLVWB8_GRVW8_K1_SS0_SVW4_WSGRA0_WSGRB0,NO_CHECK,-nan,-nan,,0.00585938,2,32,0.015625,1,1,0.375,135168,4096,,,,,,,,,,
And(LeadingFree0SizesGreaterOrEqual(16): (freeA0:1 >= 16) == 0): 0

TruePred: 1
0,3/44,14/47,Contraction_l_Ailk_Bjlk_Cijk_Dijk,"(1,4096,1,1024)",Cijk_Ailk_Bjlk_F8F8S_BH_GB_MT64x64x32_MI16x16x16x1_SN_GLVWA16_GLVWB16_GRVW16_K1_SS0_SVW4_WSGRA0_WSGRB0,NO_CHECK,-nan,-nan,,0.00585938,2,32,0.015625,1,1,0.375,135168,4096,,,,,,,,,,
And(LeadingFree0SizesGreaterOrEqual(4): (freeA0:1 >= 4) == 0): 0

TruePred: 1
0,3/44,15/47,Contraction_l_Ailk_Bjlk_Cijk_Dijk,"(1,4096,1,1024)",Cijk_Ailk_Bjlk_F8F8S_BH_GB_MT64x64x32_MI16x16x16x1_SN_GLVWA4_GLVWB4_GRVW4_K1_SS0_SVW4_WSGRA1_WSGRB0,NO_CHECK,-nan,-nan,,0.00585938,2,32,0.015625,1,1,0.375,135168,4096,,,,,,,,,,
And(LeadingFree0SizesGreaterOrEqual(8): (freeA0:1 >= 8) == 0): 0

TruePred: 1
0,3/44,16/47,Contraction_l_Ailk_Bjlk_Cijk_Dijk,"(1,4096,1,1024)",Cijk_Ailk_Bjlk_F8F8S_BH_GB_MT64x64x32_MI16x16x16x1_SN_GLVWA8_GLVWB8_GRVW8_K1_SS0_SVW4_WSGRA1_WSGRB0,NO_CHECK,-nan,-nan,,0.00585938,2,32,0.015625,1,1,0.375,135168,4096,,,,,,,,,,
And(LeadingFree0SizesGreaterOrEqual(16): (freeA0:1 >= 16) == 0): 0

TruePred: 1
0,3/44,17/47,Contraction_l_Ailk_Bjlk_Cijk_Dijk,"(1,4096,1,1024)",Cijk_Ailk_Bjlk_F8F8S_BH_GB_MT64x64x32_MI16x16x16x1_SN_GLVWA16_GLVWB16_GRVW16_K1_SS0_SVW4_WSGRA1_WSGRB0,NO_CHECK,-nan,-nan,,0.00585938,2,32,0.015625,1,1,0.375,135168,4096,,,,,,,,,,
And(LeadingFree0SizesGreaterOrEqual(4): (freeA0:1 >= 4) == 0): 0

TruePred: 1
0,3/44,18/47,Contraction_l_Ailk_Bjlk_Cijk_Dijk,"(1,4096,1,1024)",Cijk_Ailk_Bjlk_F8F8S_BH_GB_MT64x64x32_MI16x16x16x1_SN_GLVWA4_GLVWB4_GRVW4_K1_SS0_SVW4_WSGRA0_WSGRB1,NO_CHECK,-nan,-nan,,0.00585938,2,32,0.015625,1,1,0.375,135168,4096,,,,,,,,,,
And(LeadingFree0SizesGreaterOrEqual(8): (freeA0:1 >= 8) == 0): 0

TruePred: 1
0,3/44,19/47,Contraction_l_Ailk_Bjlk_Cijk_Dijk,"(1,4096,1,1024)",Cijk_Ailk_Bjlk_F8F8S_BH_GB_MT64x64x32_MI16x16x16x1_SN_GLVWA8_GLVWB8_GRVW8_K1_SS0_SVW4_WSGRA0_WSGRB1,NO_CHECK,-nan,-nan,,0.00585938,2,32,0.015625,1,1,0.375,135168,4096,,,,,,,,,,
And(LeadingFree0SizesGreaterOrEqual(16): (freeA0:1 >= 16) == 0): 0

TruePred: 1
0,3/44,20/47,Contraction_l_Ailk_Bjlk_Cijk_Dijk,"(1,4096,1,1024)",Cijk_Ailk_Bjlk_F8F8S_BH_GB_MT64x64x32_MI16x16x16x1_SN_GLVWA16_GLVWB16_GRVW16_K1_SS0_SVW4_WSGRA0_WSGRB1,NO_CHECK,-nan,-nan,,0.00585938,2,32,0.015625,1,1,0.375,135168,4096,,,,,,,,,,
And(LeadingFree0SizesGreaterOrEqual(4): (freeA0:1 >= 4) == 0): 0

TruePred: 1
0,3/44,21/47,Contraction_l_Ailk_Bjlk_Cijk_Dijk,"(1,4096,1,1024)",Cijk_Ailk_Bjlk_F8F8S_BH_GB_MT64x64x32_MI16x16x16x1_SN_GLVWA4_GLVWB4_GRVW4_K1_SS0_SVW4_WSGRA1_WSGRB1,NO_CHECK,-nan,-nan,,0.00585938,2,32,0.015625,1,1,0.375,135168,4096,,,,,,,,,,
And(LeadingFree0SizesGreaterOrEqual(8): (freeA0:1 >= 8) == 0): 0

TruePred: 1
0,3/44,22/47,Contraction_l_Ailk_Bjlk_Cijk_Dijk,"(1,4096,1,1024)",Cijk_Ailk_Bjlk_F8F8S_BH_GB_MT64x64x32_MI16x16x16x1_SN_GLVWA8_GLVWB8_GRVW8_K1_SS0_SVW4_WSGRA1_WSGRB1,NO_CHECK,-nan,-nan,,0.00585938,2,32,0.015625,1,1,0.375,135168,4096,,,,,,,,,,
And(LeadingFree0SizesGreaterOrEqual(16): (freeA0:1 >= 16) == 0): 0

TruePred: 1
0,3/44,23/47,Contraction_l_Ailk_Bjlk_Cijk_Dijk,"(1,4096,1,1024)",Cijk_Ailk_Bjlk_F8F8S_BH_GB_MT64x64x32_MI16x16x16x1_SN_GLVWA16_GLVWB16_GRVW16_K1_SS0_SVW4_WSGRA1_WSGRB1,NO_CHECK,-nan,-nan,,0.00585938,2,32,0.015625,1,1,0.375,135168,4096,,,,,,,,,,
And(LeadingFree0SizesGreaterOrEqual(4): (freeA0:1 >= 4) == 0): 0

TruePred: 1
0,3/44,24/47,Contraction_l_Ailk_Bjlk_Cijk_Dijk,"(1,4096,1,1024)",Cijk_Ailk_Bjlk_F8F8S_BH_GB_MT64x64x16_MI16x16x16x1_SN_GLVWA4_GLVWB4_GRVW4_K1_SS1_SVW1_WSGRA0_WSGRB0,NO_CHECK,-nan,-nan,,0.00585938,2,32,0.015625,1,1,0.375,135168,4096,,,,,,,,,,
And(LeadingFree0SizesGreaterOrEqual(8): (freeA0:1 >= 8) == 0): 0

TruePred: 1
0,3/44,25/47,Contraction_l_Ailk_Bjlk_Cijk_Dijk,"(1,4096,1,1024)",Cijk_Ailk_Bjlk_F8F8S_BH_GB_MT64x64x16_MI16x16x16x1_SN_GLVWA8_GLVWB8_GRVW8_K1_SS1_SVW1_WSGRA0_WSGRB0,NO_CHECK,-nan,-nan,,0.00585938,2,32,0.015625,1,1,0.375,135168,4096,,,,,,,,,,
And(LeadingFree0SizesGreaterOrEqual(16): (freeA0:1 >= 16) == 0): 0

TruePred: 1
0,3/44,26/47,Contraction_l_Ailk_Bjlk_Cijk_Dijk,"(1,4096,1,1024)",Cijk_Ailk_Bjlk_F8F8S_BH_GB_MT64x64x16_MI16x16x16x1_SN_GLVWA16_GLVWB16_GRVW16_K1_SS1_SVW1_WSGRA0_WSGRB0,NO_CHECK,-nan,-nan,,0.00585938,2,32,0.015625,1,1,0.375,135168,4096,,,,,,,,,,
And(LeadingFree0SizesGreaterOrEqual(4): (freeA0:1 >= 4) == 0): 0

TruePred: 1
0,3/44,27/47,Contraction_l_Ailk_Bjlk_Cijk_Dijk,"(1,4096,1,1024)",Cijk_Ailk_Bjlk_F8F8S_BH_GB_MT64x64x16_MI16x16x16x1_SN_GLVWA4_GLVWB4_GRVW4_K1_SS1_SVW1_WSGRA1_WSGRB0,NO_CHECK,-nan,-nan,,0.00585938,2,32,0.015625,1,1,0.375,135168,4096,,,,,,,,,,
And(LeadingFree0SizesGreaterOrEqual(8): (freeA0:1 >= 8) == 0): 0

TruePred: 1
0,3/44,28/47,Contraction_l_Ailk_Bjlk_Cijk_Dijk,"(1,4096,1,1024)",Cijk_Ailk_Bjlk_F8F8S_BH_GB_MT64x64x16_MI16x16x16x1_SN_GLVWA8_GLVWB8_GRVW8_K1_SS1_SVW1_WSGRA1_WSGRB0,NO_CHECK,-nan,-nan,,0.00585938,2,32,0.015625,1,1,0.375,135168,4096,,,,,,,,,,
And(LeadingFree0SizesGreaterOrEqual(16): (freeA0:1 >= 16) == 0): 0

TruePred: 1
0,3/44,29/47,Contraction_l_Ailk_Bjlk_Cijk_Dijk,"(1,4096,1,1024)",Cijk_Ailk_Bjlk_F8F8S_BH_GB_MT64x64x16_MI16x16x16x1_SN_GLVWA16_GLVWB16_GRVW16_K1_SS1_SVW1_WSGRA1_WSGRB0,NO_CHECK,-nan,-nan,,0.00585938,2,32,0.015625,1,1,0.375,135168,4096,,,,,,,,,,
And(LeadingFree0SizesGreaterOrEqual(4): (freeA0:1 >= 4) == 0): 0

TruePred: 1
0,3/44,30/47,Contraction_l_Ailk_Bjlk_Cijk_Dijk,"(1,4096,1,1024)",Cijk_Ailk_Bjlk_F8F8S_BH_GB_MT64x64x16_MI16x16x16x1_SN_GLVWA4_GLVWB4_GRVW4_K1_SS1_SVW1_WSGRA0_WSGRB1,NO_CHECK,-nan,-nan,,0.00585938,2,32,0.015625,1,1,0.375,135168,4096,,,,,,,,,,
And(LeadingFree0SizesGreaterOrEqual(8): (freeA0:1 >= 8) == 0): 0

TruePred: 1
0,3/44,31/47,Contraction_l_Ailk_Bjlk_Cijk_Dijk,"(1,4096,1,1024)",Cijk_Ailk_Bjlk_F8F8S_BH_GB_MT64x64x16_MI16x16x16x1_SN_GLVWA8_GLVWB8_GRVW8_K1_SS1_SVW1_WSGRA0_WSGRB1,NO_CHECK,-nan,-nan,,0.00585938,2,32,0.015625,1,1,0.375,135168,4096,,,,,,,,,,
And(LeadingFree0SizesGreaterOrEqual(16): (freeA0:1 >= 16) == 0): 0

TruePred: 1
0,3/44,32/47,Contraction_l_Ailk_Bjlk_Cijk_Dijk,"(1,4096,1,1024)",Cijk_Ailk_Bjlk_F8F8S_BH_GB_MT64x64x16_MI16x16x16x1_SN_GLVWA16_GLVWB16_GRVW16_K1_SS1_SVW1_WSGRA0_WSGRB1,NO_CHECK,-nan,-nan,,0.00585938,2,32,0.015625,1,1,0.375,135168,4096,,,,,,,,,,
And(LeadingFree0SizesGreaterOrEqual(4): (freeA0:1 >= 4) == 0): 0

TruePred: 1
0,3/44,33/47,Contraction_l_Ailk_Bjlk_Cijk_Dijk,"(1,4096,1,1024)",Cijk_Ailk_Bjlk_F8F8S_BH_GB_MT64x64x16_MI16x16x16x1_SN_GLVWA4_GLVWB4_GRVW4_K1_SS1_SVW1_WSGRA1_WSGRB1,NO_CHECK,-nan,-nan,,0.00585938,2,32,0.015625,1,1,0.375,135168,4096,,,,,,,,,,
And(LeadingFree0SizesGreaterOrEqual(8): (freeA0:1 >= 8) == 0): 0

TruePred: 1
0,3/44,34/47,Contraction_l_Ailk_Bjlk_Cijk_Dijk,"(1,4096,1,1024)",Cijk_Ailk_Bjlk_F8F8S_BH_GB_MT64x64x16_MI16x16x16x1_SN_GLVWA8_GLVWB8_GRVW8_K1_SS1_SVW1_WSGRA1_WSGRB1,NO_CHECK,-nan,-nan,,0.00585938,2,32,0.015625,1,1,0.375,135168,4096,,,,,,,,,,
And(LeadingFree0SizesGreaterOrEqual(16): (freeA0:1 >= 16) == 0): 0

TruePred: 1
0,3/44,35/47,Contraction_l_Ailk_Bjlk_Cijk_Dijk,"(1,4096,1,1024)",Cijk_Ailk_Bjlk_F8F8S_BH_GB_MT64x64x16_MI16x16x16x1_SN_GLVWA16_GLVWB16_GRVW16_K1_SS1_SVW1_WSGRA1_WSGRB1,NO_CHECK,-nan,-nan,,0.00585938,2,32,0.015625,1,1,0.375,135168,4096,,,,,,,,,,
And(LeadingFree0SizesGreaterOrEqual(4): (freeA0:1 >= 4) == 0): 0

TruePred: 1
0,3/44,36/47,Contraction_l_Ailk_Bjlk_Cijk_Dijk,"(1,4096,1,1024)",Cijk_Ailk_Bjlk_F8F8S_BH_GB_MT64x64x32_MI16x16x16x1_SN_GLVWA4_GLVWB4_GRVW4_K1_SS1_SVW1_WSGRA0_WSGRB0,NO_CHECK,-nan,-nan,,0.00585938,2,32,0.015625,1,1,0.375,135168,4096,,,,,,,,,,
And(LeadingFree0SizesGreaterOrEqual(8): (freeA0:1 >= 8) == 0): 0

TruePred: 1
0,3/44,37/47,Contraction_l_Ailk_Bjlk_Cijk_Dijk,"(1,4096,1,1024)",Cijk_Ailk_Bjlk_F8F8S_BH_GB_MT64x64x32_MI16x16x16x1_SN_GLVWA8_GLVWB8_GRVW8_K1_SS1_SVW1_WSGRA0_WSGRB0,NO_CHECK,-nan,-nan,,0.00585938,2,32,0.015625,1,1,0.375,135168,4096,,,,,,,,,,
And(LeadingFree0SizesGreaterOrEqual(16): (freeA0:1 >= 16) == 0): 0

TruePred: 1
0,3/44,38/47,Contraction_l_Ailk_Bjlk_Cijk_Dijk,"(1,4096,1,1024)",Cijk_Ailk_Bjlk_F8F8S_BH_GB_MT64x64x32_MI16x16x16x1_SN_GLVWA16_GLVWB16_GRVW16_K1_SS1_SVW1_WSGRA0_WSGRB0,NO_CHECK,-nan,-nan,,0.00585938,2,32,0.015625,1,1,0.375,135168,4096,,,,,,,,,,
And(LeadingFree0SizesGreaterOrEqual(4): (freeA0:1 >= 4) == 0): 0

TruePred: 1
0,3/44,39/47,Contraction_l_Ailk_Bjlk_Cijk_Dijk,"(1,4096,1,1024)",Cijk_Ailk_Bjlk_F8F8S_BH_GB_MT64x64x32_MI16x16x16x1_SN_GLVWA4_GLVWB4_GRVW4_K1_SS1_SVW1_WSGRA1_WSGRB0,NO_CHECK,-nan,-nan,,0.00585938,2,32,0.015625,1,1,0.375,135168,4096,,,,,,,,,,
And(LeadingFree0SizesGreaterOrEqual(8): (freeA0:1 >= 8) == 0): 0

TruePred: 1
0,3/44,40/47,Contraction_l_Ailk_Bjlk_Cijk_Dijk,"(1,4096,1,1024)",Cijk_Ailk_Bjlk_F8F8S_BH_GB_MT64x64x32_MI16x16x16x1_SN_GLVWA8_GLVWB8_GRVW8_K1_SS1_SVW1_WSGRA1_WSGRB0,NO_CHECK,-nan,-nan,,0.00585938,2,32,0.015625,1,1,0.375,135168,4096,,,,,,,,,,
And(LeadingFree0SizesGreaterOrEqual(16): (freeA0:1 >= 16) == 0): 0

TruePred: 1
0,3/44,41/47,Contraction_l_Ailk_Bjlk_Cijk_Dijk,"(1,4096,1,1024)",Cijk_Ailk_Bjlk_F8F8S_BH_GB_MT64x64x32_MI16x16x16x1_SN_GLVWA16_GLVWB16_GRVW16_K1_SS1_SVW1_WSGRA1_WSGRB0,NO_CHECK,-nan,-nan,,0.00585938,2,32,0.015625,1,1,0.375,135168,4096,,,,,,,,,,
And(LeadingFree0SizesGreaterOrEqual(4): (freeA0:1 >= 4) == 0): 0

TruePred: 1
0,3/44,42/47,Contraction_l_Ailk_Bjlk_Cijk_Dijk,"(1,4096,1,1024)",Cijk_Ailk_Bjlk_F8F8S_BH_GB_MT64x64x32_MI16x16x16x1_SN_GLVWA4_GLVWB4_GRVW4_K1_SS1_SVW1_WSGRA0_WSGRB1,NO_CHECK,-nan,-nan,,0.00585938,2,32,0.015625,1,1,0.375,135168,4096,,,,,,,,,,
And(LeadingFree0SizesGreaterOrEqual(8): (freeA0:1 >= 8) == 0): 0

TruePred: 1
0,3/44,43/47,Contraction_l_Ailk_Bjlk_Cijk_Dijk,"(1,4096,1,1024)",Cijk_Ailk_Bjlk_F8F8S_BH_GB_MT64x64x32_MI16x16x16x1_SN_GLVWA8_GLVWB8_GRVW8_K1_SS1_SVW1_WSGRA0_WSGRB1,NO_CHECK,-nan,-nan,,0.00585938,2,32,0.015625,1,1,0.375,135168,4096,,,,,,,,,,
And(LeadingFree0SizesGreaterOrEqual(16): (freeA0:1 >= 16) == 0): 0

TruePred: 1
0,3/44,44/47,Contraction_l_Ailk_Bjlk_Cijk_Dijk,"(1,4096,1,1024)",Cijk_Ailk_Bjlk_F8F8S_BH_GB_MT64x64x32_MI16x16x16x1_SN_GLVWA16_GLVWB16_GRVW16_K1_SS1_SVW1_WSGRA0_WSGRB1,NO_CHECK,-nan,-nan,,0.00585938,2,32,0.015625,1,1,0.375,135168,4096,,,,,,,,,,
And(LeadingFree0SizesGreaterOrEqual(4): (freeA0:1 >= 4) == 0): 0

TruePred: 1
0,3/44,45/47,Contraction_l_Ailk_Bjlk_Cijk_Dijk,"(1,4096,1,1024)",Cijk_Ailk_Bjlk_F8F8S_BH_GB_MT64x64x32_MI16x16x16x1_SN_GLVWA4_GLVWB4_GRVW4_K1_SS1_SVW1_WSGRA1_WSGRB1,NO_CHECK,-nan,-nan,,0.00585938,2,32,0.015625,1,1,0.375,135168,4096,,,,,,,,,,
And(LeadingFree0SizesGreaterOrEqual(8): (freeA0:1 >= 8) == 0): 0

TruePred: 1
0,3/44,46/47,Contraction_l_Ailk_Bjlk_Cijk_Dijk,"(1,4096,1,1024)",Cijk_Ailk_Bjlk_F8F8S_BH_GB_MT64x64x32_MI16x16x16x1_SN_GLVWA8_GLVWB8_GRVW8_K1_SS1_SVW1_WSGRA1_WSGRB1,NO_CHECK,-nan,-nan,,0.00585938,2,32,0.015625,1,1,0.375,135168,4096,,,,,,,,,,
And(LeadingFree0SizesGreaterOrEqual(16): (freeA0:1 >= 16) == 0): 0

TruePred: 1
0,3/44,47/47,Contraction_l_Ailk_Bjlk_Cijk_Dijk,"(1,4096,1,1024)",Cijk_Ailk_Bjlk_F8F8S_BH_GB_MT64x64x32_MI16x16x16x1_SN_GLVWA16_GLVWB16_GRVW16_K1_SS1_SVW1_WSGRA1_WSGRB1,NO_CHECK,-nan,-nan,,0.00585938,2,32,0.015625,1,1,0.375,135168,4096,,,,,,,,,,
And(LeadingFree0SizesGreaterOrEqual(4): (freeA0:1 >= 4) == 0): 0

TruePred: 1
0,4/44,0/47,Contraction_l_Ailk_Bjlk_Cijk_Dijk,"(1,4096,1,4096)",Cijk_Ailk_Bjlk_F8F8S_BH_GB_MT64x64x16_MI16x16x16x1_SN_GLVWA4_GLVWB4_GRVW4_K1_SS0_SVW4_WSGRA0_WSGRB0,NO_CHECK,-nan,-nan,,0.00585938,2,32,0.015625,1,1,0.375,528384,4096,,,,,,,,,,
And(LeadingFree0SizesGreaterOrEqual(8): (freeA0:1 >= 8) == 0): 0

TruePred: 1
0,4/44,1/47,Contraction_l_Ailk_Bjlk_Cijk_Dijk,"(1,4096,1,4096)",Cijk_Ailk_Bjlk_F8F8S_BH_GB_MT64x64x16_MI16x16x16x1_SN_GLVWA8_GLVWB8_GRVW8_K1_SS0_SVW4_WSGRA0_WSGRB0,NO_CHECK,-nan,-nan,,0.00585938,2,32,0.015625,1,1,0.375,528384,4096,,,,,,,,,,
And(LeadingFree0SizesGreaterOrEqual(16): (freeA0:1 >= 16) == 0): 0

TruePred: 1
0,4/44,2/47,Contraction_l_Ailk_Bjlk_Cijk_Dijk,"(1,4096,1,4096)",Cijk_Ailk_Bjlk_F8F8S_BH_GB_MT64x64x16_MI16x16x16x1_SN_GLVWA16_GLVWB16_GRVW16_K1_SS0_SVW4_WSGRA0_WSGRB0,NO_CHECK,-nan,-nan,,0.00585938,2,32,0.015625,1,1,0.375,528384,4096,,,,,,,,,,
And(LeadingFree0SizesGreaterOrEqual(4): (freeA0:1 >= 4) == 0): 0

TruePred: 1
0,4/44,3/47,Contraction_l_Ailk_Bjlk_Cijk_Dijk,"(1,4096,1,4096)",Cijk_Ailk_Bjlk_F8F8S_BH_GB_MT64x64x16_MI16x16x16x1_SN_GLVWA4_GLVWB4_GRVW4_K1_SS0_SVW4_WSGRA1_WSGRB0,NO_CHECK,-nan,-nan,,0.00585938,2,32,0.015625,1,1,0.375,528384,4096,,,,,,,,,,
And(LeadingFree0SizesGreaterOrEqual(8): (freeA0:1 >= 8) == 0): 0

TruePred: 1
0,4/44,4/47,Contraction_l_Ailk_Bjlk_Cijk_Dijk,"(1,4096,1,4096)",Cijk_Ailk_Bjlk_F8F8S_BH_GB_MT64x64x16_MI16x16x16x1_SN_GLVWA8_GLVWB8_GRVW8_K1_SS0_SVW4_WSGRA1_WSGRB0,NO_CHECK,-nan,-nan,,0.00585938,2,32,0.015625,1,1,0.375,528384,4096,,,,,,,,,,
And(LeadingFree0SizesGreaterOrEqual(16): (freeA0:1 >= 16) == 0): 0

TruePred: 1
0,4/44,5/47,Contraction_l_Ailk_Bjlk_Cijk_Dijk,"(1,4096,1,4096)",Cijk_Ailk_Bjlk_F8F8S_BH_GB_MT64x64x16_MI16x16x16x1_SN_GLVWA16_GLVWB16_GRVW16_K1_SS0_SVW4_WSGRA1_WSGRB0,NO_CHECK,-nan,-nan,,0.00585938,2,32,0.015625,1,1,0.375,528384,4096,,,,,,,,,,
And(LeadingFree0SizesGreaterOrEqual(4): (freeA0:1 >= 4) == 0): 0

TruePred: 1
0,4/44,6/47,Contraction_l_Ailk_Bjlk_Cijk_Dijk,"(1,4096,1,4096)",Cijk_Ailk_Bjlk_F8F8S_BH_GB_MT64x64x16_MI16x16x16x1_SN_GLVWA4_GLVWB4_GRVW4_K1_SS0_SVW4_WSGRA0_WSGRB1,NO_CHECK,-nan,-nan,,0.00585938,2,32,0.015625,1,1,0.375,528384,4096,,,,,,,,,,
And(LeadingFree0SizesGreaterOrEqual(8): (freeA0:1 >= 8) == 0): 0

TruePred: 1
0,4/44,7/47,Contraction_l_Ailk_Bjlk_Cijk_Dijk,"(1,4096,1,4096)",Cijk_Ailk_Bjlk_F8F8S_BH_GB_MT64x64x16_MI16x16x16x1_SN_GLVWA8_GLVWB8_GRVW8_K1_SS0_SVW4_WSGRA0_WSGRB1,NO_CHECK,-nan,-nan,,0.00585938,2,32,0.015625,1,1,0.375,528384,4096,,,,,,,,,,
And(LeadingFree0SizesGreaterOrEqual(16): (freeA0:1 >= 16) == 0): 0

TruePred: 1
0,4/44,8/47,Contraction_l_Ailk_Bjlk_Cijk_Dijk,"(1,4096,1,4096)",Cijk_Ailk_Bjlk_F8F8S_BH_GB_MT64x64x16_MI16x16x16x1_SN_GLVWA16_GLVWB16_GRVW16_K1_SS0_SVW4_WSGRA0_WSGRB1,NO_CHECK,-nan,-nan,,0.00585938,2,32,0.015625,1,1,0.375,528384,4096,,,,,,,,,,
And(LeadingFree0SizesGreaterOrEqual(4): (freeA0:1 >= 4) == 0): 0

TruePred: 1
0,4/44,9/47,Contraction_l_Ailk_Bjlk_Cijk_Dijk,"(1,4096,1,4096)",Cijk_Ailk_Bjlk_F8F8S_BH_GB_MT64x64x16_MI16x16x16x1_SN_GLVWA4_GLVWB4_GRVW4_K1_SS0_SVW4_WSGRA1_WSGRB1,NO_CHECK,-nan,-nan,,0.00585938,2,32,0.015625,1,1,0.375,528384,4096,,,,,,,,,,
And(LeadingFree0SizesGreaterOrEqual(8): (freeA0:1 >= 8) == 0): 0

TruePred: 1
0,4/44,10/47,Contraction_l_Ailk_Bjlk_Cijk_Dijk,"(1,4096,1,4096)",Cijk_Ailk_Bjlk_F8F8S_BH_GB_MT64x64x16_MI16x16x16x1_SN_GLVWA8_GLVWB8_GRVW8_K1_SS0_SVW4_WSGRA1_WSGRB1,NO_CHECK,-nan,-nan,,0.00585938,2,32,0.015625,1,1,0.375,528384,4096,,,,,,,,,,
And(LeadingFree0SizesGreaterOrEqual(16): (freeA0:1 >= 16) == 0): 0

TruePred: 1
0,4/44,11/47,Contraction_l_Ailk_Bjlk_Cijk_Dijk,"(1,4096,1,4096)",Cijk_Ailk_Bjlk_F8F8S_BH_GB_MT64x64x16_MI16x16x16x1_SN_GLVWA16_GLVWB16_GRVW16_K1_SS0_SVW4_WSGRA1_WSGRB1,NO_CHECK,-nan,-nan,,0.00585938,2,32,0.015625,1,1,0.375,528384,4096,,,,,,,,,,
And(LeadingFree0SizesGreaterOrEqual(4): (freeA0:1 >= 4) == 0): 0

TruePred: 1
0,4/44,12/47,Contraction_l_Ailk_Bjlk_Cijk_Dijk,"(1,4096,1,4096)",Cijk_Ailk_Bjlk_F8F8S_BH_GB_MT64x64x32_MI16x16x16x1_SN_GLVWA4_GLVWB4_GRVW4_K1_SS0_SVW4_WSGRA0_WSGRB0,NO_CHECK,-nan,-nan,,0.00585938,2,32,0.015625,1,1,0.375,528384,4096,,,,,,,,,,
And(LeadingFree0SizesGreaterOrEqual(8): (freeA0:1 >= 8) == 0): 0

TruePred: 1
0,4/44,13/47,Contraction_l_Ailk_Bjlk_Cijk_Dijk,"(1,4096,1,4096)",Cijk_Ailk_Bjlk_F8F8S_BH_GB_MT64x64x32_MI16x16x16x1_SN_GLVWA8_GLVWB8_GRVW8_K1_SS0_SVW4_WSGRA0_WSGRB0,NO_CHECK,-nan,-nan,,0.00585938,2,32,0.015625,1,1,0.375,528384,4096,,,,,,,,,,
And(LeadingFree0SizesGreaterOrEqual(16): (freeA0:1 >= 16) == 0): 0

TruePred: 1
0,4/44,14/47,Contraction_l_Ailk_Bjlk_Cijk_Dijk,"(1,4096,1,4096)",Cijk_Ailk_Bjlk_F8F8S_BH_GB_MT64x64x32_MI16x16x16x1_SN_GLVWA16_GLVWB16_GRVW16_K1_SS0_SVW4_WSGRA0_WSGRB0,NO_CHECK,-nan,-nan,,0.00585938,2,32,0.015625,1,1,0.375,528384,4096,,,,,,,,,,
And(LeadingFree0SizesGreaterOrEqual(4): (freeA0:1 >= 4) == 0): 0

TruePred: 1
0,4/44,15/47,Contraction_l_Ailk_Bjlk_Cijk_Dijk,"(1,4096,1,4096)",Cijk_Ailk_Bjlk_F8F8S_BH_GB_MT64x64x32_MI16x16x16x1_SN_GLVWA4_GLVWB4_GRVW4_K1_SS0_SVW4_WSGRA1_WSGRB0,NO_CHECK,-nan,-nan,,0.00585938,2,32,0.015625,1,1,0.375,528384,4096,,,,,,,,,,
And(LeadingFree0SizesGreaterOrEqual(8): (freeA0:1 >= 8) == 0): 0

TruePred: 1
0,4/44,16/47,Contraction_l_Ailk_Bjlk_Cijk_Dijk,"(1,4096,1,4096)",Cijk_Ailk_Bjlk_F8F8S_BH_GB_MT64x64x32_MI16x16x16x1_SN_GLVWA8_GLVWB8_GRVW8_K1_SS0_SVW4_WSGRA1_WSGRB0,NO_CHECK,-nan,-nan,,0.00585938,2,32,0.015625,1,1,0.375,528384,4096,,,,,,,,,,
And(LeadingFree0SizesGreaterOrEqual(16): (freeA0:1 >= 16) == 0): 0

TruePred: 1
0,4/44,17/47,Contraction_l_Ailk_Bjlk_Cijk_Dijk,"(1,4096,1,4096)",Cijk_Ailk_Bjlk_F8F8S_BH_GB_MT64x64x32_MI16x16x16x1_SN_GLVWA16_GLVWB16_GRVW16_K1_SS0_SVW4_WSGRA1_WSGRB0,NO_CHECK,-nan,-nan,,0.00585938,2,32,0.015625,1,1,0.375,528384,4096,,,,,,,,,,
And(LeadingFree0SizesGreaterOrEqual(4): (freeA0:1 >= 4) == 0): 0

TruePred: 1
0,4/44,18/47,Contraction_l_Ailk_Bjlk_Cijk_Dijk,"(1,4096,1,4096)",Cijk_Ailk_Bjlk_F8F8S_BH_GB_MT64x64x32_MI16x16x16x1_SN_GLVWA4_GLVWB4_GRVW4_K1_SS0_SVW4_WSGRA0_WSGRB1,NO_CHECK,-nan,-nan,,0.00585938,2,32,0.015625,1,1,0.375,528384,4096,,,,,,,,,,
And(LeadingFree0SizesGreaterOrEqual(8): (freeA0:1 >= 8) == 0): 0

TruePred: 1
0,4/44,19/47,Contraction_l_Ailk_Bjlk_Cijk_Dijk,"(1,4096,1,4096)",Cijk_Ailk_Bjlk_F8F8S_BH_GB_MT64x64x32_MI16x16x16x1_SN_GLVWA8_GLVWB8_GRVW8_K1_SS0_SVW4_WSGRA0_WSGRB1,NO_CHECK,-nan,-nan,,0.00585938,2,32,0.015625,1,1,0.375,528384,4096,,,,,,,,,,
And(LeadingFree0SizesGreaterOrEqual(16): (freeA0:1 >= 16) == 0): 0

TruePred: 1
0,4/44,20/47,Contraction_l_Ailk_Bjlk_Cijk_Dijk,"(1,4096,1,4096)",Cijk_Ailk_Bjlk_F8F8S_BH_GB_MT64x64x32_MI16x16x16x1_SN_GLVWA16_GLVWB16_GRVW16_K1_SS0_SVW4_WSGRA0_WSGRB1,NO_CHECK,-nan,-nan,,0.00585938,2,32,0.015625,1,1,0.375,528384,4096,,,,,,,,,,
And(LeadingFree0SizesGreaterOrEqual(4): (freeA0:1 >= 4) == 0): 0

TruePred: 1
0,4/44,21/47,Contraction_l_Ailk_Bjlk_Cijk_Dijk,"(1,4096,1,4096)",Cijk_Ailk_Bjlk_F8F8S_BH_GB_MT64x64x32_MI16x16x16x1_SN_GLVWA4_GLVWB4_GRVW4_K1_SS0_SVW4_WSGRA1_WSGRB1,NO_CHECK,-nan,-nan,,0.00585938,2,32,0.015625,1,1,0.375,528384,4096,,,,,,,,,,
And(LeadingFree0SizesGreaterOrEqual(8): (freeA0:1 >= 8) == 0): 0

TruePred: 1
0,4/44,22/47,Contraction_l_Ailk_Bjlk_Cijk_Dijk,"(1,4096,1,4096)",Cijk_Ailk_Bjlk_F8F8S_BH_GB_MT64x64x32_MI16x16x16x1_SN_GLVWA8_GLVWB8_GRVW8_K1_SS0_SVW4_WSGRA1_WSGRB1,NO_CHECK,-nan,-nan,,0.00585938,2,32,0.015625,1,1,0.375,528384,4096,,,,,,,,,,
And(LeadingFree0SizesGreaterOrEqual(16): (freeA0:1 >= 16) == 0): 0

TruePred: 1
0,4/44,23/47,Contraction_l_Ailk_Bjlk_Cijk_Dijk,"(1,4096,1,4096)",Cijk_Ailk_Bjlk_F8F8S_BH_GB_MT64x64x32_MI16x16x16x1_SN_GLVWA16_GLVWB16_GRVW16_K1_SS0_SVW4_WSGRA1_WSGRB1,NO_CHECK,-nan,-nan,,0.00585938,2,32,0.015625,1,1,0.375,528384,4096,,,,,,,,,,
And(LeadingFree0SizesGreaterOrEqual(4): (freeA0:1 >= 4) == 0): 0

TruePred: 1
0,4/44,24/47,Contraction_l_Ailk_Bjlk_Cijk_Dijk,"(1,4096,1,4096)",Cijk_Ailk_Bjlk_F8F8S_BH_GB_MT64x64x16_MI16x16x16x1_SN_GLVWA4_GLVWB4_GRVW4_K1_SS1_SVW1_WSGRA0_WSGRB0,NO_CHECK,-nan,-nan,,0.00585938,2,32,0.015625,1,1,0.375,528384,4096,,,,,,,,,,
And(LeadingFree0SizesGreaterOrEqual(8): (freeA0:1 >= 8) == 0): 0

TruePred: 1
0,4/44,25/47,Contraction_l_Ailk_Bjlk_Cijk_Dijk,"(1,4096,1,4096)",Cijk_Ailk_Bjlk_F8F8S_BH_GB_MT64x64x16_MI16x16x16x1_SN_GLVWA8_GLVWB8_GRVW8_K1_SS1_SVW1_WSGRA0_WSGRB0,NO_CHECK,-nan,-nan,,0.00585938,2,32,0.015625,1,1,0.375,528384,4096,,,,,,,,,,
And(LeadingFree0SizesGreaterOrEqual(16): (freeA0:1 >= 16) == 0): 0

TruePred: 1
0,4/44,26/47,Contraction_l_Ailk_Bjlk_Cijk_Dijk,"(1,4096,1,4096)",Cijk_Ailk_Bjlk_F8F8S_BH_GB_MT64x64x16_MI16x16x16x1_SN_GLVWA16_GLVWB16_GRVW16_K1_SS1_SVW1_WSGRA0_WSGRB0,NO_CHECK,-nan,-nan,,0.00585938,2,32,0.015625,1,1,0.375,528384,4096,,,,,,,,,,
And(LeadingFree0SizesGreaterOrEqual(4): (freeA0:1 >= 4) == 0): 0

TruePred: 1
0,4/44,27/47,Contraction_l_Ailk_Bjlk_Cijk_Dijk,"(1,4096,1,4096)",Cijk_Ailk_Bjlk_F8F8S_BH_GB_MT64x64x16_MI16x16x16x1_SN_GLVWA4_GLVWB4_GRVW4_K1_SS1_SVW1_WSGRA1_WSGRB0,NO_CHECK,-nan,-nan,,0.00585938,2,32,0.015625,1,1,0.375,528384,4096,,,,,,,,,,
And(LeadingFree0SizesGreaterOrEqual(8): (freeA0:1 >= 8) == 0): 0

TruePred: 1
0,4/44,28/47,Contraction_l_Ailk_Bjlk_Cijk_Dijk,"(1,4096,1,4096)",Cijk_Ailk_Bjlk_F8F8S_BH_GB_MT64x64x16_MI16x16x16x1_SN_GLVWA8_GLVWB8_GRVW8_K1_SS1_SVW1_WSGRA1_WSGRB0,NO_CHECK,-nan,-nan,,0.00585938,2,32,0.015625,1,1,0.375,528384,4096,,,,,,,,,,
And(LeadingFree0SizesGreaterOrEqual(16): (freeA0:1 >= 16) == 0): 0

TruePred: 1
0,4/44,29/47,Contraction_l_Ailk_Bjlk_Cijk_Dijk,"(1,4096,1,4096)",Cijk_Ailk_Bjlk_F8F8S_BH_GB_MT64x64x16_MI16x16x16x1_SN_GLVWA16_GLVWB16_GRVW16_K1_SS1_SVW1_WSGRA1_WSGRB0,NO_CHECK,-nan,-nan,,0.00585938,2,32,0.015625,1,1,0.375,528384,4096,,,,,,,,,,
And(LeadingFree0SizesGreaterOrEqual(4): (freeA0:1 >= 4) == 0): 0

TruePred: 1
0,4/44,30/47,Contraction_l_Ailk_Bjlk_Cijk_Dijk,"(1,4096,1,4096)",Cijk_Ailk_Bjlk_F8F8S_BH_GB_MT64x64x16_MI16x16x16x1_SN_GLVWA4_GLVWB4_GRVW4_K1_SS1_SVW1_WSGRA0_WSGRB1,NO_CHECK,-nan,-nan,,0.00585938,2,32,0.015625,1,1,0.375,528384,4096,,,,,,,,,,
And(LeadingFree0SizesGreaterOrEqual(8): (freeA0:1 >= 8) == 0): 0

TruePred: 1
0,4/44,31/47,Contraction_l_Ailk_Bjlk_Cijk_Dijk,"(1,4096,1,4096)",Cijk_Ailk_Bjlk_F8F8S_BH_GB_MT64x64x16_MI16x16x16x1_SN_GLVWA8_GLVWB8_GRVW8_K1_SS1_SVW1_WSGRA0_WSGRB1,NO_CHECK,-nan,-nan,,0.00585938,2,32,0.015625,1,1,0.375,528384,4096,,,,,,,,,,
And(LeadingFree0SizesGreaterOrEqual(16): (freeA0:1 >= 16) == 0): 0

TruePred: 1
0,4/44,32/47,Contraction_l_Ailk_Bjlk_Cijk_Dijk,"(1,4096,1,4096)",Cijk_Ailk_Bjlk_F8F8S_BH_GB_MT64x64x16_MI16x16x16x1_SN_GLVWA16_GLVWB16_GRVW16_K1_SS1_SVW1_WSGRA0_WSGRB1,NO_CHECK,-nan,-nan,,0.00585938,2,32,0.015625,1,1,0.375,528384,4096,,,,,,,,,,
And(LeadingFree0SizesGreaterOrEqual(4): (freeA0:1 >= 4) == 0): 0

TruePred: 1
0,4/44,33/47,Contraction_l_Ailk_Bjlk_Cijk_Dijk,"(1,4096,1,4096)",Cijk_Ailk_Bjlk_F8F8S_BH_GB_MT64x64x16_MI16x16x16x1_SN_GLVWA4_GLVWB4_GRVW4_K1_SS1_SVW1_WSGRA1_WSGRB1,NO_CHECK,-nan,-nan,,0.00585938,2,32,0.015625,1,1,0.375,528384,4096,,,,,,,,,,
And(LeadingFree0SizesGreaterOrEqual(8): (freeA0:1 >= 8) == 0): 0

TruePred: 1
0,4/44,34/47,Contraction_l_Ailk_Bjlk_Cijk_Dijk,"(1,4096,1,4096)",Cijk_Ailk_Bjlk_F8F8S_BH_GB_MT64x64x16_MI16x16x16x1_SN_GLVWA8_GLVWB8_GRVW8_K1_SS1_SVW1_WSGRA1_WSGRB1,NO_CHECK,-nan,-nan,,0.00585938,2,32,0.015625,1,1,0.375,528384,4096,,,,,,,,,,
And(LeadingFree0SizesGreaterOrEqual(16): (freeA0:1 >= 16) == 0): 0

TruePred: 1
0,4/44,35/47,Contraction_l_Ailk_Bjlk_Cijk_Dijk,"(1,4096,1,4096)",Cijk_Ailk_Bjlk_F8F8S_BH_GB_MT64x64x16_MI16x16x16x1_SN_GLVWA16_GLVWB16_GRVW16_K1_SS1_SVW1_WSGRA1_WSGRB1,NO_CHECK,-nan,-nan,,0.00585938,2,32,0.015625,1,1,0.375,528384,4096,,,,,,,,,,
And(LeadingFree0SizesGreaterOrEqual(4): (freeA0:1 >= 4) == 0): 0

TruePred: 1
0,4/44,36/47,Contraction_l_Ailk_Bjlk_Cijk_Dijk,"(1,4096,1,4096)",Cijk_Ailk_Bjlk_F8F8S_BH_GB_MT64x64x32_MI16x16x16x1_SN_GLVWA4_GLVWB4_GRVW4_K1_SS1_SVW1_WSGRA0_WSGRB0,NO_CHECK,-nan,-nan,,0.00585938,2,32,0.015625,1,1,0.375,528384,4096,,,,,,,,,,
And(LeadingFree0SizesGreaterOrEqual(8): (freeA0:1 >= 8) == 0): 0

TruePred: 1
0,4/44,37/47,Contraction_l_Ailk_Bjlk_Cijk_Dijk,"(1,4096,1,4096)",Cijk_Ailk_Bjlk_F8F8S_BH_GB_MT64x64x32_MI16x16x16x1_SN_GLVWA8_GLVWB8_GRVW8_K1_SS1_SVW1_WSGRA0_WSGRB0,NO_CHECK,-nan,-nan,,0.00585938,2,32,0.015625,1,1,0.375,528384,4096,,,,,,,,,,
And(LeadingFree0SizesGreaterOrEqual(16): (freeA0:1 >= 16) == 0): 0

TruePred: 1
0,4/44,38/47,Contraction_l_Ailk_Bjlk_Cijk_Dijk,"(1,4096,1,4096)",Cijk_Ailk_Bjlk_F8F8S_BH_GB_MT64x64x32_MI16x16x16x1_SN_GLVWA16_GLVWB16_GRVW16_K1_SS1_SVW1_WSGRA0_WSGRB0,NO_CHECK,-nan,-nan,,0.00585938,2,32,0.015625,1,1,0.375,528384,4096,,,,,,,,,,
And(LeadingFree0SizesGreaterOrEqual(4): (freeA0:1 >= 4) == 0): 0

TruePred: 1
0,4/44,39/47,Contraction_l_Ailk_Bjlk_Cijk_Dijk,"(1,4096,1,4096)",Cijk_Ailk_Bjlk_F8F8S_BH_GB_MT64x64x32_MI16x16x16x1_SN_GLVWA4_GLVWB4_GRVW4_K1_SS1_SVW1_WSGRA1_WSGRB0,NO_CHECK,-nan,-nan,,0.00585938,2,32,0.015625,1,1,0.375,528384,4096,,,,,,,,,,
And(LeadingFree0SizesGreaterOrEqual(8): (freeA0:1 >= 8) == 0): 0

TruePred: 1
0,4/44,40/47,Contraction_l_Ailk_Bjlk_Cijk_Dijk,"(1,4096,1,4096)",Cijk_Ailk_Bjlk_F8F8S_BH_GB_MT64x64x32_MI16x16x16x1_SN_GLVWA8_GLVWB8_GRVW8_K1_SS1_SVW1_WSGRA1_WSGRB0,NO_CHECK,-nan,-nan,,0.00585938,2,32,0.015625,1,1,0.375,528384,4096,,,,,,,,,,
And(LeadingFree0SizesGreaterOrEqual(16): (freeA0:1 >= 16) == 0): 0

TruePred: 1
0,4/44,41/47,Contraction_l_Ailk_Bjlk_Cijk_Dijk,"(1,4096,1,4096)",Cijk_Ailk_Bjlk_F8F8S_BH_GB_MT64x64x32_MI16x16x16x1_SN_GLVWA16_GLVWB16_GRVW16_K1_SS1_SVW1_WSGRA1_WSGRB0,NO_CHECK,-nan,-nan,,0.00585938,2,32,0.015625,1,1,0.375,528384,4096,,,,,,,,,,
And(LeadingFree0SizesGreaterOrEqual(4): (freeA0:1 >= 4) == 0): 0

TruePred: 1
0,4/44,42/47,Contraction_l_Ailk_Bjlk_Cijk_Dijk,"(1,4096,1,4096)",Cijk_Ailk_Bjlk_F8F8S_BH_GB_MT64x64x32_MI16x16x16x1_SN_GLVWA4_GLVWB4_GRVW4_K1_SS1_SVW1_WSGRA0_WSGRB1,NO_CHECK,-nan,-nan,,0.00585938,2,32,0.015625,1,1,0.375,528384,4096,,,,,,,,,,
And(LeadingFree0SizesGreaterOrEqual(8): (freeA0:1 >= 8) == 0): 0

TruePred: 1
0,4/44,43/47,Contraction_l_Ailk_Bjlk_Cijk_Dijk,"(1,4096,1,4096)",Cijk_Ailk_Bjlk_F8F8S_BH_GB_MT64x64x32_MI16x16x16x1_SN_GLVWA8_GLVWB8_GRVW8_K1_SS1_SVW1_WSGRA0_WSGRB1,NO_CHECK,-nan,-nan,,0.00585938,2,32,0.015625,1,1,0.375,528384,4096,,,,,,,,,,
And(LeadingFree0SizesGreaterOrEqual(16): (freeA0:1 >= 16) == 0): 0

TruePred: 1
0,4/44,44/47,Contraction_l_Ailk_Bjlk_Cijk_Dijk,"(1,4096,1,4096)",Cijk_Ailk_Bjlk_F8F8S_BH_GB_MT64x64x32_MI16x16x16x1_SN_GLVWA16_GLVWB16_GRVW16_K1_SS1_SVW1_WSGRA0_WSGRB1,NO_CHECK,-nan,-nan,,0.00585938,2,32,0.015625,1,1,0.375,528384,4096,,,,,,,,,,
And(LeadingFree0SizesGreaterOrEqual(4): (freeA0:1 >= 4) == 0): 0

TruePred: 1
0,4/44,45/47,Contraction_l_Ailk_Bjlk_Cijk_Dijk,"(1,4096,1,4096)",Cijk_Ailk_Bjlk_F8F8S_BH_GB_MT64x64x32_MI16x16x16x1_SN_GLVWA4_GLVWB4_GRVW4_K1_SS1_SVW1_WSGRA1_WSGRB1,NO_CHECK,-nan,-nan,,0.00585938,2,32,0.015625,1,1,0.375,528384,4096,,,,,,,,,,
And(LeadingFree0SizesGreaterOrEqual(8): (freeA0:1 >= 8) == 0): 0

TruePred: 1
0,4/44,46/47,Contraction_l_Ailk_Bjlk_Cijk_Dijk,"(1,4096,1,4096)",Cijk_Ailk_Bjlk_F8F8S_BH_GB_MT64x64x32_MI16x16x16x1_SN_GLVWA8_GLVWB8_GRVW8_K1_SS1_SVW1_WSGRA1_WSGRB1,NO_CHECK,-nan,-nan,,0.00585938,2,32,0.015625,1,1,0.375,528384,4096,,,,,,,,,,
And(LeadingFree0SizesGreaterOrEqual(16): (freeA0:1 >= 16) == 0): 0

TruePred: 1
0,4/44,47/47,Contraction_l_Ailk_Bjlk_Cijk_Dijk,"(1,4096,1,4096)",Cijk_Ailk_Bjlk_F8F8S_BH_GB_MT64x64x32_MI16x16x16x1_SN_GLVWA16_GLVWB16_GRVW16_K1_SS1_SVW1_WSGRA1_WSGRB1,NO_CHECK,-nan,-nan,,0.00585938,2,32,0.015625,1,1,0.375,528384,4096,,,,,,,,,,
And(LeadingFree0SizesGreaterOrEqual(4): (freeA0:1 >= 4) == 0): 0

TruePred: 1
0,5/44,0/47,Contraction_l_Ailk_Bjlk_Cijk_Dijk,"(1,4096,1,8192)",Cijk_Ailk_Bjlk_F8F8S_BH_GB_MT64x64x16_MI16x16x16x1_SN_GLVWA4_GLVWB4_GRVW4_K1_SS0_SVW4_WSGRA0_WSGRB0,NO_CHECK,-nan,-nan,,0.00585938,2,32,0.015625,1,1,0.375,1052672,4096,,,,,,,,,,
And(LeadingFree0SizesGreaterOrEqual(8): (freeA0:1 >= 8) == 0): 0

TruePred: 1
0,5/44,1/47,Contraction_l_Ailk_Bjlk_Cijk_Dijk,"(1,4096,1,8192)",Cijk_Ailk_Bjlk_F8F8S_BH_GB_MT64x64x16_MI16x16x16x1_SN_GLVWA8_GLVWB8_GRVW8_K1_SS0_SVW4_WSGRA0_WSGRB0,NO_CHECK,-nan,-nan,,0.00585938,2,32,0.015625,1,1,0.375,1052672,4096,,,,,,,,,,
And(LeadingFree0SizesGreaterOrEqual(16): (freeA0:1 >= 16) == 0): 0

TruePred: 1
0,5/44,2/47,Contraction_l_Ailk_Bjlk_Cijk_Dijk,"(1,4096,1,8192)",Cijk_Ailk_Bjlk_F8F8S_BH_GB_MT64x64x16_MI16x16x16x1_SN_GLVWA16_GLVWB16_GRVW16_K1_SS0_SVW4_WSGRA0_WSGRB0,NO_CHECK,-nan,-nan,,0.00585938,2,32,0.015625,1,1,0.375,1052672,4096,,,,,,,,,,
And(LeadingFree0SizesGreaterOrEqual(4): (freeA0:1 >= 4) == 0): 0

TruePred: 1
0,5/44,3/47,Contraction_l_Ailk_Bjlk_Cijk_Dijk,"(1,4096,1,8192)",Cijk_Ailk_Bjlk_F8F8S_BH_GB_MT64x64x16_MI16x16x16x1_SN_GLVWA4_GLVWB4_GRVW4_K1_SS0_SVW4_WSGRA1_WSGRB0,NO_CHECK,-nan,-nan,,0.00585938,2,32,0.015625,1,1,0.375,1052672,4096,,,,,,,,,,
And(LeadingFree0SizesGreaterOrEqual(8): (freeA0:1 >= 8) == 0): 0

TruePred: 1
0,5/44,4/47,Contraction_l_Ailk_Bjlk_Cijk_Dijk,"(1,4096,1,8192)",Cijk_Ailk_Bjlk_F8F8S_BH_GB_MT64x64x16_MI16x16x16x1_SN_GLVWA8_GLVWB8_GRVW8_K1_SS0_SVW4_WSGRA1_WSGRB0,NO_CHECK,-nan,-nan,,0.00585938,2,32,0.015625,1,1,0.375,1052672,4096,,,,,,,,,,
And(LeadingFree0SizesGreaterOrEqual(16): (freeA0:1 >= 16) == 0): 0

TruePred: 1
0,5/44,5/47,Contraction_l_Ailk_Bjlk_Cijk_Dijk,"(1,4096,1,8192)",Cijk_Ailk_Bjlk_F8F8S_BH_GB_MT64x64x16_MI16x16x16x1_SN_GLVWA16_GLVWB16_GRVW16_K1_SS0_SVW4_WSGRA1_WSGRB0,NO_CHECK,-nan,-nan,,0.00585938,2,32,0.015625,1,1,0.375,1052672,4096,,,,,,,,,,
And(LeadingFree0SizesGreaterOrEqual(4): (freeA0:1 >= 4) == 0): 0

TruePred: 1
0,5/44,6/47,Contraction_l_Ailk_Bjlk_Cijk_Dijk,"(1,4096,1,8192)",Cijk_Ailk_Bjlk_F8F8S_BH_GB_MT64x64x16_MI16x16x16x1_SN_GLVWA4_GLVWB4_GRVW4_K1_SS0_SVW4_WSGRA0_WSGRB1,NO_CHECK,-nan,-nan,,0.00585938,2,32,0.015625,1,1,0.375,1052672,4096,,,,,,,,,,
And(LeadingFree0SizesGreaterOrEqual(8): (freeA0:1 >= 8) == 0): 0

TruePred: 1
0,5/44,7/47,Contraction_l_Ailk_Bjlk_Cijk_Dijk,"(1,4096,1,8192)",Cijk_Ailk_Bjlk_F8F8S_BH_GB_MT64x64x16_MI16x16x16x1_SN_GLVWA8_GLVWB8_GRVW8_K1_SS0_SVW4_WSGRA0_WSGRB1,NO_CHECK,-nan,-nan,,0.00585938,2,32,0.015625,1,1,0.375,1052672,4096,,,,,,,,,,
And(LeadingFree0SizesGreaterOrEqual(16): (freeA0:1 >= 16) == 0): 0

TruePred: 1
0,5/44,8/47,Contraction_l_Ailk_Bjlk_Cijk_Dijk,"(1,4096,1,8192)",Cijk_Ailk_Bjlk_F8F8S_BH_GB_MT64x64x16_MI16x16x16x1_SN_GLVWA16_GLVWB16_GRVW16_K1_SS0_SVW4_WSGRA0_WSGRB1,NO_CHECK,-nan,-nan,,0.00585938,2,32,0.015625,1,1,0.375,1052672,4096,,,,,,,,,,
And(LeadingFree0SizesGreaterOrEqual(4): (freeA0:1 >= 4) == 0): 0

TruePred: 1
0,5/44,9/47,Contraction_l_Ailk_Bjlk_Cijk_Dijk,"(1,4096,1,8192)",Cijk_Ailk_Bjlk_F8F8S_BH_GB_MT64x64x16_MI16x16x16x1_SN_GLVWA4_GLVWB4_GRVW4_K1_SS0_SVW4_WSGRA1_WSGRB1,NO_CHECK,-nan,-nan,,0.00585938,2,32,0.015625,1,1,0.375,1052672,4096,,,,,,,,,,
And(LeadingFree0SizesGreaterOrEqual(8): (freeA0:1 >= 8) == 0): 0

TruePred: 1
0,5/44,10/47,Contraction_l_Ailk_Bjlk_Cijk_Dijk,"(1,4096,1,8192)",Cijk_Ailk_Bjlk_F8F8S_BH_GB_MT64x64x16_MI16x16x16x1_SN_GLVWA8_GLVWB8_GRVW8_K1_SS0_SVW4_WSGRA1_WSGRB1,NO_CHECK,-nan,-nan,,0.00585938,2,32,0.015625,1,1,0.375,1052672,4096,,,,,,,,,,
And(LeadingFree0SizesGreaterOrEqual(16): (freeA0:1 >= 16) == 0): 0

TruePred: 1
0,5/44,11/47,Contraction_l_Ailk_Bjlk_Cijk_Dijk,"(1,4096,1,8192)",Cijk_Ailk_Bjlk_F8F8S_BH_GB_MT64x64x16_MI16x16x16x1_SN_GLVWA16_GLVWB16_GRVW16_K1_SS0_SVW4_WSGRA1_WSGRB1,NO_CHECK,-nan,-nan,,0.00585938,2,32,0.015625,1,1,0.375,1052672,4096,,,,,,,,,,
And(LeadingFree0SizesGreaterOrEqual(4): (freeA0:1 >= 4) == 0): 0

TruePred: 1
0,5/44,12/47,Contraction_l_Ailk_Bjlk_Cijk_Dijk,"(1,4096,1,8192)",Cijk_Ailk_Bjlk_F8F8S_BH_GB_MT64x64x32_MI16x16x16x1_SN_GLVWA4_GLVWB4_GRVW4_K1_SS0_SVW4_WSGRA0_WSGRB0,NO_CHECK,-nan,-nan,,0.00585938,2,32,0.015625,1,1,0.375,1052672,4096,,,,,,,,,,
And(LeadingFree0SizesGreaterOrEqual(8): (freeA0:1 >= 8) == 0): 0

TruePred: 1
0,5/44,13/47,Contraction_l_Ailk_Bjlk_Cijk_Dijk,"(1,4096,1,8192)",Cijk_Ailk_Bjlk_F8F8S_BH_GB_MT64x64x32_MI16x16x16x1_SN_GLVWA8_GLVWB8_GRVW8_K1_SS0_SVW4_WSGRA0_WSGRB0,NO_CHECK,-nan,-nan,,0.00585938,2,32,0.015625,1,1,0.375,1052672,4096,,,,,,,,,,
And(LeadingFree0SizesGreaterOrEqual(16): (freeA0:1 >= 16) == 0): 0

TruePred: 1
0,5/44,14/47,Contraction_l_Ailk_Bjlk_Cijk_Dijk,"(1,4096,1,8192)",Cijk_Ailk_Bjlk_F8F8S_BH_GB_MT64x64x32_MI16x16x16x1_SN_GLVWA16_GLVWB16_GRVW16_K1_SS0_SVW4_WSGRA0_WSGRB0,NO_CHECK,-nan,-nan,,0.00585938,2,32,0.015625,1,1,0.375,1052672,4096,,,,,,,,,,
And(LeadingFree0SizesGreaterOrEqual(4): (freeA0:1 >= 4) == 0): 0

TruePred: 1
0,5/44,15/47,Contraction_l_Ailk_Bjlk_Cijk_Dijk,"(1,4096,1,8192)",Cijk_Ailk_Bjlk_F8F8S_BH_GB_MT64x64x32_MI16x16x16x1_SN_GLVWA4_GLVWB4_GRVW4_K1_SS0_SVW4_WSGRA1_WSGRB0,NO_CHECK,-nan,-nan,,0.00585938,2,32,0.015625,1,1,0.375,1052672,4096,,,,,,,,,,
And(LeadingFree0SizesGreaterOrEqual(8): (freeA0:1 >= 8) == 0): 0

TruePred: 1
0,5/44,16/47,Contraction_l_Ailk_Bjlk_Cijk_Dijk,"(1,4096,1,8192)",Cijk_Ailk_Bjlk_F8F8S_BH_GB_MT64x64x32_MI16x16x16x1_SN_GLVWA8_GLVWB8_GRVW8_K1_SS0_SVW4_WSGRA1_WSGRB0,NO_CHECK,-nan,-nan,,0.00585938,2,32,0.015625,1,1,0.375,1052672,4096,,,,,,,,,,
And(LeadingFree0SizesGreaterOrEqual(16): (freeA0:1 >= 16) == 0): 0

TruePred: 1
0,5/44,17/47,Contraction_l_Ailk_Bjlk_Cijk_Dijk,"(1,4096,1,8192)",Cijk_Ailk_Bjlk_F8F8S_BH_GB_MT64x64x32_MI16x16x16x1_SN_GLVWA16_GLVWB16_GRVW16_K1_SS0_SVW4_WSGRA1_WSGRB0,NO_CHECK,-nan,-nan,,0.00585938,2,32,0.015625,1,1,0.375,1052672,4096,,,,,,,,,,
And(LeadingFree0SizesGreaterOrEqual(4): (freeA0:1 >= 4) == 0): 0

TruePred: 1
0,5/44,18/47,Contraction_l_Ailk_Bjlk_Cijk_Dijk,"(1,4096,1,8192)",Cijk_Ailk_Bjlk_F8F8S_BH_GB_MT64x64x32_MI16x16x16x1_SN_GLVWA4_GLVWB4_GRVW4_K1_SS0_SVW4_WSGRA0_WSGRB1,NO_CHECK,-nan,-nan,,0.00585938,2,32,0.015625,1,1,0.375,1052672,4096,,,,,,,,,,
And(LeadingFree0SizesGreaterOrEqual(8): (freeA0:1 >= 8) == 0): 0

TruePred: 1
0,5/44,19/47,Contraction_l_Ailk_Bjlk_Cijk_Dijk,"(1,4096,1,8192)",Cijk_Ailk_Bjlk_F8F8S_BH_GB_MT64x64x32_MI16x16x16x1_SN_GLVWA8_GLVWB8_GRVW8_K1_SS0_SVW4_WSGRA0_WSGRB1,NO_CHECK,-nan,-nan,,0.00585938,2,32,0.015625,1,1,0.375,1052672,4096,,,,,,,,,,
And(LeadingFree0SizesGreaterOrEqual(16): (freeA0:1 >= 16) == 0): 0

TruePred: 1
0,5/44,20/47,Contraction_l_Ailk_Bjlk_Cijk_Dijk,"(1,4096,1,8192)",Cijk_Ailk_Bjlk_F8F8S_BH_GB_MT64x64x32_MI16x16x16x1_SN_GLVWA16_GLVWB16_GRVW16_K1_SS0_SVW4_WSGRA0_WSGRB1,NO_CHECK,-nan,-nan,,0.00585938,2,32,0.015625,1,1,0.375,1052672,4096,,,,,,,,,,
And(LeadingFree0SizesGreaterOrEqual(4): (freeA0:1 >= 4) == 0): 0

TruePred: 1
0,5/44,21/47,Contraction_l_Ailk_Bjlk_Cijk_Dijk,"(1,4096,1,8192)",Cijk_Ailk_Bjlk_F8F8S_BH_GB_MT64x64x32_MI16x16x16x1_SN_GLVWA4_GLVWB4_GRVW4_K1_SS0_SVW4_WSGRA1_WSGRB1,NO_CHECK,-nan,-nan,,0.00585938,2,32,0.015625,1,1,0.375,1052672,4096,,,,,,,,,,
And(LeadingFree0SizesGreaterOrEqual(8): (freeA0:1 >= 8) == 0): 0

TruePred: 1
0,5/44,22/47,Contraction_l_Ailk_Bjlk_Cijk_Dijk,"(1,4096,1,8192)",Cijk_Ailk_Bjlk_F8F8S_BH_GB_MT64x64x32_MI16x16x16x1_SN_GLVWA8_GLVWB8_GRVW8_K1_SS0_SVW4_WSGRA1_WSGRB1,NO_CHECK,-nan,-nan,,0.00585938,2,32,0.015625,1,1,0.375,1052672,4096,,,,,,,,,,
And(LeadingFree0SizesGreaterOrEqual(16): (freeA0:1 >= 16) == 0): 0

TruePred: 1
0,5/44,23/47,Contraction_l_Ailk_Bjlk_Cijk_Dijk,"(1,4096,1,8192)",Cijk_Ailk_Bjlk_F8F8S_BH_GB_MT64x64x32_MI16x16x16x1_SN_GLVWA16_GLVWB16_GRVW16_K1_SS0_SVW4_WSGRA1_WSGRB1,NO_CHECK,-nan,-nan,,0.00585938,2,32,0.015625,1,1,0.375,1052672,4096,,,,,,,,,,
And(LeadingFree0SizesGreaterOrEqual(4): (freeA0:1 >= 4) == 0): 0

TruePred: 1
0,5/44,24/47,Contraction_l_Ailk_Bjlk_Cijk_Dijk,"(1,4096,1,8192)",Cijk_Ailk_Bjlk_F8F8S_BH_GB_MT64x64x16_MI16x16x16x1_SN_GLVWA4_GLVWB4_GRVW4_K1_SS1_SVW1_WSGRA0_WSGRB0,NO_CHECK,-nan,-nan,,0.00585938,2,32,0.015625,1,1,0.375,1052672,4096,,,,,,,,,,
And(LeadingFree0SizesGreaterOrEqual(8): (freeA0:1 >= 8) == 0): 0

TruePred: 1
0,5/44,25/47,Contraction_l_Ailk_Bjlk_Cijk_Dijk,"(1,4096,1,8192)",Cijk_Ailk_Bjlk_F8F8S_BH_GB_MT64x64x16_MI16x16x16x1_SN_GLVWA8_GLVWB8_GRVW8_K1_SS1_SVW1_WSGRA0_WSGRB0,NO_CHECK,-nan,-nan,,0.00585938,2,32,0.015625,1,1,0.375,1052672,4096,,,,,,,,,,
And(LeadingFree0SizesGreaterOrEqual(16): (freeA0:1 >= 16) == 0): 0

TruePred: 1
0,5/44,26/47,Contraction_l_Ailk_Bjlk_Cijk_Dijk,"(1,4096,1,8192)",Cijk_Ailk_Bjlk_F8F8S_BH_GB_MT64x64x16_MI16x16x16x1_SN_GLVWA16_GLVWB16_GRVW16_K1_SS1_SVW1_WSGRA0_WSGRB0,NO_CHECK,-nan,-nan,,0.00585938,2,32,0.015625,1,1,0.375,1052672,4096,,,,,,,,,,
And(LeadingFree0SizesGreaterOrEqual(4): (freeA0:1 >= 4) == 0): 0

TruePred: 1
0,5/44,27/47,Contraction_l_Ailk_Bjlk_Cijk_Dijk,"(1,4096,1,8192)",Cijk_Ailk_Bjlk_F8F8S_BH_GB_MT64x64x16_MI16x16x16x1_SN_GLVWA4_GLVWB4_GRVW4_K1_SS1_SVW1_WSGRA1_WSGRB0,NO_CHECK,-nan,-nan,,0.00585938,2,32,0.015625,1,1,0.375,1052672,4096,,,,,,,,,,
And(LeadingFree0SizesGreaterOrEqual(8): (freeA0:1 >= 8) == 0): 0

TruePred: 1
0,5/44,28/47,Contraction_l_Ailk_Bjlk_Cijk_Dijk,"(1,4096,1,8192)",Cijk_Ailk_Bjlk_F8F8S_BH_GB_MT64x64x16_MI16x16x16x1_SN_GLVWA8_GLVWB8_GRVW8_K1_SS1_SVW1_WSGRA1_WSGRB0,NO_CHECK,-nan,-nan,,0.00585938,2,32,0.015625,1,1,0.375,1052672,4096,,,,,,,,,,
And(LeadingFree0SizesGreaterOrEqual(16): (freeA0:1 >= 16) == 0): 0

TruePred: 1
0,5/44,29/47,Contraction_l_Ailk_Bjlk_Cijk_Dijk,"(1,4096,1,8192)",Cijk_Ailk_Bjlk_F8F8S_BH_GB_MT64x64x16_MI16x16x16x1_SN_GLVWA16_GLVWB16_GRVW16_K1_SS1_SVW1_WSGRA1_WSGRB0,NO_CHECK,-nan,-nan,,0.00585938,2,32,0.015625,1,1,0.375,1052672,4096,,,,,,,,,,
And(LeadingFree0SizesGreaterOrEqual(4): (freeA0:1 >= 4) == 0): 0

TruePred: 1
0,5/44,30/47,Contraction_l_Ailk_Bjlk_Cijk_Dijk,"(1,4096,1,8192)",Cijk_Ailk_Bjlk_F8F8S_BH_GB_MT64x64x16_MI16x16x16x1_SN_GLVWA4_GLVWB4_GRVW4_K1_SS1_SVW1_WSGRA0_WSGRB1,NO_CHECK,-nan,-nan,,0.00585938,2,32,0.015625,1,1,0.375,1052672,4096,,,,,,,,,,
And(LeadingFree0SizesGreaterOrEqual(8): (freeA0:1 >= 8) == 0): 0

TruePred: 1
0,5/44,31/47,Contraction_l_Ailk_Bjlk_Cijk_Dijk,"(1,4096,1,8192)",Cijk_Ailk_Bjlk_F8F8S_BH_GB_MT64x64x16_MI16x16x16x1_SN_GLVWA8_GLVWB8_GRVW8_K1_SS1_SVW1_WSGRA0_WSGRB1,NO_CHECK,-nan,-nan,,0.00585938,2,32,0.015625,1,1,0.375,1052672,4096,,,,,,,,,,
And(LeadingFree0SizesGreaterOrEqual(16): (freeA0:1 >= 16) == 0): 0

TruePred: 1
0,5/44,32/47,Contraction_l_Ailk_Bjlk_Cijk_Dijk,"(1,4096,1,8192)",Cijk_Ailk_Bjlk_F8F8S_BH_GB_MT64x64x16_MI16x16x16x1_SN_GLVWA16_GLVWB16_GRVW16_K1_SS1_SVW1_WSGRA0_WSGRB1,NO_CHECK,-nan,-nan,,0.00585938,2,32,0.015625,1,1,0.375,1052672,4096,,,,,,,,,,
And(LeadingFree0SizesGreaterOrEqual(4): (freeA0:1 >= 4) == 0): 0

TruePred: 1
0,5/44,33/47,Contraction_l_Ailk_Bjlk_Cijk_Dijk,"(1,4096,1,8192)",Cijk_Ailk_Bjlk_F8F8S_BH_GB_MT64x64x16_MI16x16x16x1_SN_GLVWA4_GLVWB4_GRVW4_K1_SS1_SVW1_WSGRA1_WSGRB1,NO_CHECK,-nan,-nan,,0.00585938,2,32,0.015625,1,1,0.375,1052672,4096,,,,,,,,,,
And(LeadingFree0SizesGreaterOrEqual(8): (freeA0:1 >= 8) == 0): 0

TruePred: 1
0,5/44,34/47,Contraction_l_Ailk_Bjlk_Cijk_Dijk,"(1,4096,1,8192)",Cijk_Ailk_Bjlk_F8F8S_BH_GB_MT64x64x16_MI16x16x16x1_SN_GLVWA8_GLVWB8_GRVW8_K1_SS1_SVW1_WSGRA1_WSGRB1,NO_CHECK,-nan,-nan,,0.00585938,2,32,0.015625,1,1,0.375,1052672,4096,,,,,,,,,,
And(LeadingFree0SizesGreaterOrEqual(16): (freeA0:1 >= 16) == 0): 0

TruePred: 1
0,5/44,35/47,Contraction_l_Ailk_Bjlk_Cijk_Dijk,"(1,4096,1,8192)",Cijk_Ailk_Bjlk_F8F8S_BH_GB_MT64x64x16_MI16x16x16x1_SN_GLVWA16_GLVWB16_GRVW16_K1_SS1_SVW1_WSGRA1_WSGRB1,NO_CHECK,-nan,-nan,,0.00585938,2,32,0.015625,1,1,0.375,1052672,4096,,,,,,,,,,
And(LeadingFree0SizesGreaterOrEqual(4): (freeA0:1 >= 4) == 0): 0

TruePred: 1
0,5/44,36/47,Contraction_l_Ailk_Bjlk_Cijk_Dijk,"(1,4096,1,8192)",Cijk_Ailk_Bjlk_F8F8S_BH_GB_MT64x64x32_MI16x16x16x1_SN_GLVWA4_GLVWB4_GRVW4_K1_SS1_SVW1_WSGRA0_WSGRB0,NO_CHECK,-nan,-nan,,0.00585938,2,32,0.015625,1,1,0.375,1052672,4096,,,,,,,,,,
And(LeadingFree0SizesGreaterOrEqual(8): (freeA0:1 >= 8) == 0): 0

TruePred: 1
0,5/44,37/47,Contraction_l_Ailk_Bjlk_Cijk_Dijk,"(1,4096,1,8192)",Cijk_Ailk_Bjlk_F8F8S_BH_GB_MT64x64x32_MI16x16x16x1_SN_GLVWA8_GLVWB8_GRVW8_K1_SS1_SVW1_WSGRA0_WSGRB0,NO_CHECK,-nan,-nan,,0.00585938,2,32,0.015625,1,1,0.375,1052672,4096,,,,,,,,,,
And(LeadingFree0SizesGreaterOrEqual(16): (freeA0:1 >= 16) == 0): 0

TruePred: 1
0,5/44,38/47,Contraction_l_Ailk_Bjlk_Cijk_Dijk,"(1,4096,1,8192)",Cijk_Ailk_Bjlk_F8F8S_BH_GB_MT64x64x32_MI16x16x16x1_SN_GLVWA16_GLVWB16_GRVW16_K1_SS1_SVW1_WSGRA0_WSGRB0,NO_CHECK,-nan,-nan,,0.00585938,2,32,0.015625,1,1,0.375,1052672,4096,,,,,,,,,,
And(LeadingFree0SizesGreaterOrEqual(4): (freeA0:1 >= 4) == 0): 0

TruePred: 1
0,5/44,39/47,Contraction_l_Ailk_Bjlk_Cijk_Dijk,"(1,4096,1,8192)",Cijk_Ailk_Bjlk_F8F8S_BH_GB_MT64x64x32_MI16x16x16x1_SN_GLVWA4_GLVWB4_GRVW4_K1_SS1_SVW1_WSGRA1_WSGRB0,NO_CHECK,-nan,-nan,,0.00585938,2,32,0.015625,1,1,0.375,1052672,4096,,,,,,,,,,
And(LeadingFree0SizesGreaterOrEqual(8): (freeA0:1 >= 8) == 0): 0

TruePred: 1
0,5/44,40/47,Contraction_l_Ailk_Bjlk_Cijk_Dijk,"(1,4096,1,8192)",Cijk_Ailk_Bjlk_F8F8S_BH_GB_MT64x64x32_MI16x16x16x1_SN_GLVWA8_GLVWB8_GRVW8_K1_SS1_SVW1_WSGRA1_WSGRB0,NO_CHECK,-nan,-nan,,0.00585938,2,32,0.015625,1,1,0.375,1052672,4096,,,,,,,,,,
And(LeadingFree0SizesGreaterOrEqual(16): (freeA0:1 >= 16) == 0): 0

TruePred: 1
0,5/44,41/47,Contraction_l_Ailk_Bjlk_Cijk_Dijk,"(1,4096,1,8192)",Cijk_Ailk_Bjlk_F8F8S_BH_GB_MT64x64x32_MI16x16x16x1_SN_GLVWA16_GLVWB16_GRVW16_K1_SS1_SVW1_WSGRA1_WSGRB0,NO_CHECK,-nan,-nan,,0.00585938,2,32,0.015625,1,1,0.375,1052672,4096,,,,,,,,,,
And(LeadingFree0SizesGreaterOrEqual(4): (freeA0:1 >= 4) == 0): 0

TruePred: 1
0,5/44,42/47,Contraction_l_Ailk_Bjlk_Cijk_Dijk,"(1,4096,1,8192)",Cijk_Ailk_Bjlk_F8F8S_BH_GB_MT64x64x32_MI16x16x16x1_SN_GLVWA4_GLVWB4_GRVW4_K1_SS1_SVW1_WSGRA0_WSGRB1,NO_CHECK,-nan,-nan,,0.00585938,2,32,0.015625,1,1,0.375,1052672,4096,,,,,,,,,,
And(LeadingFree0SizesGreaterOrEqual(8): (freeA0:1 >= 8) == 0): 0

TruePred: 1
0,5/44,43/47,Contraction_l_Ailk_Bjlk_Cijk_Dijk,"(1,4096,1,8192)",Cijk_Ailk_Bjlk_F8F8S_BH_GB_MT64x64x32_MI16x16x16x1_SN_GLVWA8_GLVWB8_GRVW8_K1_SS1_SVW1_WSGRA0_WSGRB1,NO_CHECK,-nan,-nan,,0.00585938,2,32,0.015625,1,1,0.375,1052672,4096,,,,,,,,,,
And(LeadingFree0SizesGreaterOrEqual(16): (freeA0:1 >= 16) == 0): 0

TruePred: 1
0,5/44,44/47,Contraction_l_Ailk_Bjlk_Cijk_Dijk,"(1,4096,1,8192)",Cijk_Ailk_Bjlk_F8F8S_BH_GB_MT64x64x32_MI16x16x16x1_SN_GLVWA16_GLVWB16_GRVW16_K1_SS1_SVW1_WSGRA0_WSGRB1,NO_CHECK,-nan,-nan,,0.00585938,2,32,0.015625,1,1,0.375,1052672,4096,,,,,,,,,,
And(LeadingFree0SizesGreaterOrEqual(4): (freeA0:1 >= 4) == 0): 0

TruePred: 1
0,5/44,45/47,Contraction_l_Ailk_Bjlk_Cijk_Dijk,"(1,4096,1,8192)",Cijk_Ailk_Bjlk_F8F8S_BH_GB_MT64x64x32_MI16x16x16x1_SN_GLVWA4_GLVWB4_GRVW4_K1_SS1_SVW1_WSGRA1_WSGRB1,NO_CHECK,-nan,-nan,,0.00585938,2,32,0.015625,1,1,0.375,1052672,4096,,,,,,,,,,
And(LeadingFree0SizesGreaterOrEqual(8): (freeA0:1 >= 8) == 0): 0

TruePred: 1
0,5/44,46/47,Contraction_l_Ailk_Bjlk_Cijk_Dijk,"(1,4096,1,8192)",Cijk_Ailk_Bjlk_F8F8S_BH_GB_MT64x64x32_MI16x16x16x1_SN_GLVWA8_GLVWB8_GRVW8_K1_SS1_SVW1_WSGRA1_WSGRB1,NO_CHECK,-nan,-nan,,0.00585938,2,32,0.015625,1,1,0.375,1052672,4096,,,,,,,,,,
And(LeadingFree0SizesGreaterOrEqual(16): (freeA0:1 >= 16) == 0): 0

TruePred: 1
0,5/44,47/47,Contraction_l_Ailk_Bjlk_Cijk_Dijk,"(1,4096,1,8192)",Cijk_Ailk_Bjlk_F8F8S_BH_GB_MT64x64x32_MI16x16x16x1_SN_GLVWA16_GLVWB16_GRVW16_K1_SS1_SVW1_WSGRA1_WSGRB1,NO_CHECK,-nan,-nan,,0.00585938,2,32,0.015625,1,1,0.375,1052672,4096,,,,,,,,,,
And(LeadingFree0SizesGreaterOrEqual(4): (freeA0:1 >= 4) == 0): 0

TruePred: 1
0,6/44,0/47,Contraction_l_Ailk_Bjlk_Cijk_Dijk,"(1,8192,1,1024)",Cijk_Ailk_Bjlk_F8F8S_BH_GB_MT64x64x16_MI16x16x16x1_SN_GLVWA4_GLVWB4_GRVW4_K1_SS0_SVW4_WSGRA0_WSGRB0,NO_CHECK,-nan,-nan,,0.00976562,4,32,0.015625,1,1,0.625,270336,8192,,,,,,,,,,
And(LeadingFree0SizesGreaterOrEqual(8): (freeA0:1 >= 8) == 0): 0

TruePred: 1
0,6/44,1/47,Contraction_l_Ailk_Bjlk_Cijk_Dijk,"(1,8192,1,1024)",Cijk_Ailk_Bjlk_F8F8S_BH_GB_MT64x64x16_MI16x16x16x1_SN_GLVWA8_GLVWB8_GRVW8_K1_SS0_SVW4_WSGRA0_WSGRB0,NO_CHECK,-nan,-nan,,0.00976562,4,32,0.015625,1,1,0.625,270336,8192,,,,,,,,,,
And(LeadingFree0SizesGreaterOrEqual(16): (freeA0:1 >= 16) == 0): 0

TruePred: 1
0,6/44,2/47,Contraction_l_Ailk_Bjlk_Cijk_Dijk,"(1,8192,1,1024)",Cijk_Ailk_Bjlk_F8F8S_BH_GB_MT64x64x16_MI16x16x16x1_SN_GLVWA16_GLVWB16_GRVW16_K1_SS0_SVW4_WSGRA0_WSGRB0,NO_CHECK,-nan,-nan,,0.00976562,4,32,0.015625,1,1,0.625,270336,8192,,,,,,,,,,
And(LeadingFree0SizesGreaterOrEqual(4): (freeA0:1 >= 4) == 0): 0

TruePred: 1
0,6/44,3/47,Contraction_l_Ailk_Bjlk_Cijk_Dijk,"(1,8192,1,1024)",Cijk_Ailk_Bjlk_F8F8S_BH_GB_MT64x64x16_MI16x16x16x1_SN_GLVWA4_GLVWB4_GRVW4_K1_SS0_SVW4_WSGRA1_WSGRB0,NO_CHECK,-nan,-nan,,0.00976562,4,32,0.015625,1,1,0.625,270336,8192,,,,,,,,,,
And(LeadingFree0SizesGreaterOrEqual(8): (freeA0:1 >= 8) == 0): 0

TruePred: 1
0,6/44,4/47,Contraction_l_Ailk_Bjlk_Cijk_Dijk,"(1,8192,1,1024)",Cijk_Ailk_Bjlk_F8F8S_BH_GB_MT64x64x16_MI16x16x16x1_SN_GLVWA8_GLVWB8_GRVW8_K1_SS0_SVW4_WSGRA1_WSGRB0,NO_CHECK,-nan,-nan,,0.00976562,4,32,0.015625,1,1,0.625,270336,8192,,,,,,,,,,
And(LeadingFree0SizesGreaterOrEqual(16): (freeA0:1 >= 16) == 0): 0

TruePred: 1
0,6/44,5/47,Contraction_l_Ailk_Bjlk_Cijk_Dijk,"(1,8192,1,1024)",Cijk_Ailk_Bjlk_F8F8S_BH_GB_MT64x64x16_MI16x16x16x1_SN_GLVWA16_GLVWB16_GRVW16_K1_SS0_SVW4_WSGRA1_WSGRB0,NO_CHECK,-nan,-nan,,0.00976562,4,32,0.015625,1,1,0.625,270336,8192,,,,,,,,,,
And(LeadingFree0SizesGreaterOrEqual(4): (freeA0:1 >= 4) == 0): 0

TruePred: 1
0,6/44,6/47,Contraction_l_Ailk_Bjlk_Cijk_Dijk,"(1,8192,1,1024)",Cijk_Ailk_Bjlk_F8F8S_BH_GB_MT64x64x16_MI16x16x16x1_SN_GLVWA4_GLVWB4_GRVW4_K1_SS0_SVW4_WSGRA0_WSGRB1,NO_CHECK,-nan,-nan,,0.00976562,4,32,0.015625,1,1,0.625,270336,8192,,,,,,,,,,
And(LeadingFree0SizesGreaterOrEqual(8): (freeA0:1 >= 8) == 0): 0

TruePred: 1
0,6/44,7/47,Contraction_l_Ailk_Bjlk_Cijk_Dijk,"(1,8192,1,1024)",Cijk_Ailk_Bjlk_F8F8S_BH_GB_MT64x64x16_MI16x16x16x1_SN_GLVWA8_GLVWB8_GRVW8_K1_SS0_SVW4_WSGRA0_WSGRB1,NO_CHECK,-nan,-nan,,0.00976562,4,32,0.015625,1,1,0.625,270336,8192,,,,,,,,,,
And(LeadingFree0SizesGreaterOrEqual(16): (freeA0:1 >= 16) == 0): 0

TruePred: 1
0,6/44,8/47,Contraction_l_Ailk_Bjlk_Cijk_Dijk,"(1,8192,1,1024)",Cijk_Ailk_Bjlk_F8F8S_BH_GB_MT64x64x16_MI16x16x16x1_SN_GLVWA16_GLVWB16_GRVW16_K1_SS0_SVW4_WSGRA0_WSGRB1,NO_CHECK,-nan,-nan,,0.00976562,4,32,0.015625,1,1,0.625,270336,8192,,,,,,,,,,
And(LeadingFree0SizesGreaterOrEqual(4): (freeA0:1 >= 4) == 0): 0

TruePred: 1
0,6/44,9/47,Contraction_l_Ailk_Bjlk_Cijk_Dijk,"(1,8192,1,1024)",Cijk_Ailk_Bjlk_F8F8S_BH_GB_MT64x64x16_MI16x16x16x1_SN_GLVWA4_GLVWB4_GRVW4_K1_SS0_SVW4_WSGRA1_WSGRB1,NO_CHECK,-nan,-nan,,0.00976562,4,32,0.015625,1,1,0.625,270336,8192,,,,,,,,,,
And(LeadingFree0SizesGreaterOrEqual(8): (freeA0:1 >= 8) == 0): 0

TruePred: 1
0,6/44,10/47,Contraction_l_Ailk_Bjlk_Cijk_Dijk,"(1,8192,1,1024)",Cijk_Ailk_Bjlk_F8F8S_BH_GB_MT64x64x16_MI16x16x16x1_SN_GLVWA8_GLVWB8_GRVW8_K1_SS0_SVW4_WSGRA1_WSGRB1,NO_CHECK,-nan,-nan,,0.00976562,4,32,0.015625,1,1,0.625,270336,8192,,,,,,,,,,
And(LeadingFree0SizesGreaterOrEqual(16): (freeA0:1 >= 16) == 0): 0

TruePred: 1
0,6/44,11/47,Contraction_l_Ailk_Bjlk_Cijk_Dijk,"(1,8192,1,1024)",Cijk_Ailk_Bjlk_F8F8S_BH_GB_MT64x64x16_MI16x16x16x1_SN_GLVWA16_GLVWB16_GRVW16_K1_SS0_SVW4_WSGRA1_WSGRB1,NO_CHECK,-nan,-nan,,0.00976562,4,32,0.015625,1,1,0.625,270336,8192,,,,,,,,,,
And(LeadingFree0SizesGreaterOrEqual(4): (freeA0:1 >= 4) == 0): 0

TruePred: 1
0,6/44,12/47,Contraction_l_Ailk_Bjlk_Cijk_Dijk,"(1,8192,1,1024)",Cijk_Ailk_Bjlk_F8F8S_BH_GB_MT64x64x32_MI16x16x16x1_SN_GLVWA4_GLVWB4_GRVW4_K1_SS0_SVW4_WSGRA0_WSGRB0,NO_CHECK,-nan,-nan,,0.00976562,4,32,0.015625,1,1,0.625,270336,8192,,,,,,,,,,
And(LeadingFree0SizesGreaterOrEqual(8): (freeA0:1 >= 8) == 0): 0

TruePred: 1
0,6/44,13/47,Contraction_l_Ailk_Bjlk_Cijk_Dijk,"(1,8192,1,1024)",Cijk_Ailk_Bjlk_F8F8S_BH_GB_MT64x64x32_MI16x16x16x1_SN_GLVWA8_GLVWB8_GRVW8_K1_SS0_SVW4_WSGRA0_WSGRB0,NO_CHECK,-nan,-nan,,0.00976562,4,32,0.015625,1,1,0.625,270336,8192,,,,,,,,,,
And(LeadingFree0SizesGreaterOrEqual(16): (freeA0:1 >= 16) == 0): 0

TruePred: 1
0,6/44,14/47,Contraction_l_Ailk_Bjlk_Cijk_Dijk,"(1,8192,1,1024)",Cijk_Ailk_Bjlk_F8F8S_BH_GB_MT64x64x32_MI16x16x16x1_SN_GLVWA16_GLVWB16_GRVW16_K1_SS0_SVW4_WSGRA0_WSGRB0,NO_CHECK,-nan,-nan,,0.00976562,4,32,0.015625,1,1,0.625,270336,8192,,,,,,,,,,
And(LeadingFree0SizesGreaterOrEqual(4): (freeA0:1 >= 4) == 0): 0

TruePred: 1
0,6/44,15/47,Contraction_l_Ailk_Bjlk_Cijk_Dijk,"(1,8192,1,1024)",Cijk_Ailk_Bjlk_F8F8S_BH_GB_MT64x64x32_MI16x16x16x1_SN_GLVWA4_GLVWB4_GRVW4_K1_SS0_SVW4_WSGRA1_WSGRB0,NO_CHECK,-nan,-nan,,0.00976562,4,32,0.015625,1,1,0.625,270336,8192,,,,,,,,,,
And(LeadingFree0SizesGreaterOrEqual(8): (freeA0:1 >= 8) == 0): 0

TruePred: 1
0,6/44,16/47,Contraction_l_Ailk_Bjlk_Cijk_Dijk,"(1,8192,1,1024)",Cijk_Ailk_Bjlk_F8F8S_BH_GB_MT64x64x32_MI16x16x16x1_SN_GLVWA8_GLVWB8_GRVW8_K1_SS0_SVW4_WSGRA1_WSGRB0,NO_CHECK,-nan,-nan,,0.00976562,4,32,0.015625,1,1,0.625,270336,8192,,,,,,,,,,
And(LeadingFree0SizesGreaterOrEqual(16): (freeA0:1 >= 16) == 0): 0

TruePred: 1
0,6/44,17/47,Contraction_l_Ailk_Bjlk_Cijk_Dijk,"(1,8192,1,1024)",Cijk_Ailk_Bjlk_F8F8S_BH_GB_MT64x64x32_MI16x16x16x1_SN_GLVWA16_GLVWB16_GRVW16_K1_SS0_SVW4_WSGRA1_WSGRB0,NO_CHECK,-nan,-nan,,0.00976562,4,32,0.015625,1,1,0.625,270336,8192,,,,,,,,,,
And(LeadingFree0SizesGreaterOrEqual(4): (freeA0:1 >= 4) == 0): 0

TruePred: 1
0,6/44,18/47,Contraction_l_Ailk_Bjlk_Cijk_Dijk,"(1,8192,1,1024)",Cijk_Ailk_Bjlk_F8F8S_BH_GB_MT64x64x32_MI16x16x16x1_SN_GLVWA4_GLVWB4_GRVW4_K1_SS0_SVW4_WSGRA0_WSGRB1,NO_CHECK,-nan,-nan,,0.00976562,4,32,0.015625,1,1,0.625,270336,8192,,,,,,,,,,
And(LeadingFree0SizesGreaterOrEqual(8): (freeA0:1 >= 8) == 0): 0

TruePred: 1
0,6/44,19/47,Contraction_l_Ailk_Bjlk_Cijk_Dijk,"(1,8192,1,1024)",Cijk_Ailk_Bjlk_F8F8S_BH_GB_MT64x64x32_MI16x16x16x1_SN_GLVWA8_GLVWB8_GRVW8_K1_SS0_SVW4_WSGRA0_WSGRB1,NO_CHECK,-nan,-nan,,0.00976562,4,32,0.015625,1,1,0.625,270336,8192,,,,,,,,,,
And(LeadingFree0SizesGreaterOrEqual(16): (freeA0:1 >= 16) == 0): 0

TruePred: 1
0,6/44,20/47,Contraction_l_Ailk_Bjlk_Cijk_Dijk,"(1,8192,1,1024)",Cijk_Ailk_Bjlk_F8F8S_BH_GB_MT64x64x32_MI16x16x16x1_SN_GLVWA16_GLVWB16_GRVW16_K1_SS0_SVW4_WSGRA0_WSGRB1,NO_CHECK,-nan,-nan,,0.00976562,4,32,0.015625,1,1,0.625,270336,8192,,,,,,,,,,
And(LeadingFree0SizesGreaterOrEqual(4): (freeA0:1 >= 4) == 0): 0

TruePred: 1
0,6/44,21/47,Contraction_l_Ailk_Bjlk_Cijk_Dijk,"(1,8192,1,1024)",Cijk_Ailk_Bjlk_F8F8S_BH_GB_MT64x64x32_MI16x16x16x1_SN_GLVWA4_GLVWB4_GRVW4_K1_SS0_SVW4_WSGRA1_WSGRB1,NO_CHECK,-nan,-nan,,0.00976562,4,32,0.015625,1,1,0.625,270336,8192,,,,,,,,,,
And(LeadingFree0SizesGreaterOrEqual(8): (freeA0:1 >= 8) == 0): 0

TruePred: 1
0,6/44,22/47,Contraction_l_Ailk_Bjlk_Cijk_Dijk,"(1,8192,1,1024)",Cijk_Ailk_Bjlk_F8F8S_BH_GB_MT64x64x32_MI16x16x16x1_SN_GLVWA8_GLVWB8_GRVW8_K1_SS0_SVW4_WSGRA1_WSGRB1,NO_CHECK,-nan,-nan,,0.00976562,4,32,0.015625,1,1,0.625,270336,8192,,,,,,,,,,
And(LeadingFree0SizesGreaterOrEqual(16): (freeA0:1 >= 16) == 0): 0

TruePred: 1
0,6/44,23/47,Contraction_l_Ailk_Bjlk_Cijk_Dijk,"(1,8192,1,1024)",Cijk_Ailk_Bjlk_F8F8S_BH_GB_MT64x64x32_MI16x16x16x1_SN_GLVWA16_GLVWB16_GRVW16_K1_SS0_SVW4_WSGRA1_WSGRB1,NO_CHECK,-nan,-nan,,0.00976562,4,32,0.015625,1,1,0.625,270336,8192,,,,,,,,,,
And(LeadingFree0SizesGreaterOrEqual(4): (freeA0:1 >= 4) == 0): 0

TruePred: 1
0,6/44,24/47,Contraction_l_Ailk_Bjlk_Cijk_Dijk,"(1,8192,1,1024)",Cijk_Ailk_Bjlk_F8F8S_BH_GB_MT64x64x16_MI16x16x16x1_SN_GLVWA4_GLVWB4_GRVW4_K1_SS1_SVW1_WSGRA0_WSGRB0,NO_CHECK,-nan,-nan,,0.00976562,4,32,0.015625,1,1,0.625,270336,8192,,,,,,,,,,
And(LeadingFree0SizesGreaterOrEqual(8): (freeA0:1 >= 8) == 0): 0

TruePred: 1
0,6/44,25/47,Contraction_l_Ailk_Bjlk_Cijk_Dijk,"(1,8192,1,1024)",Cijk_Ailk_Bjlk_F8F8S_BH_GB_MT64x64x16_MI16x16x16x1_SN_GLVWA8_GLVWB8_GRVW8_K1_SS1_SVW1_WSGRA0_WSGRB0,NO_CHECK,-nan,-nan,,0.00976562,4,32,0.015625,1,1,0.625,270336,8192,,,,,,,,,,
And(LeadingFree0SizesGreaterOrEqual(16): (freeA0:1 >= 16) == 0): 0

TruePred: 1
0,6/44,26/47,Contraction_l_Ailk_Bjlk_Cijk_Dijk,"(1,8192,1,1024)",Cijk_Ailk_Bjlk_F8F8S_BH_GB_MT64x64x16_MI16x16x16x1_SN_GLVWA16_GLVWB16_GRVW16_K1_SS1_SVW1_WSGRA0_WSGRB0,NO_CHECK,-nan,-nan,,0.00976562,4,32,0.015625,1,1,0.625,270336,8192,,,,,,,,,,
And(LeadingFree0SizesGreaterOrEqual(4): (freeA0:1 >= 4) == 0): 0

TruePred: 1
0,6/44,27/47,Contraction_l_Ailk_Bjlk_Cijk_Dijk,"(1,8192,1,1024)",Cijk_Ailk_Bjlk_F8F8S_BH_GB_MT64x64x16_MI16x16x16x1_SN_GLVWA4_GLVWB4_GRVW4_K1_SS1_SVW1_WSGRA1_WSGRB0,NO_CHECK,-nan,-nan,,0.00976562,4,32,0.015625,1,1,0.625,270336,8192,,,,,,,,,,
And(LeadingFree0SizesGreaterOrEqual(8): (freeA0:1 >= 8) == 0): 0

TruePred: 1
0,6/44,28/47,Contraction_l_Ailk_Bjlk_Cijk_Dijk,"(1,8192,1,1024)",Cijk_Ailk_Bjlk_F8F8S_BH_GB_MT64x64x16_MI16x16x16x1_SN_GLVWA8_GLVWB8_GRVW8_K1_SS1_SVW1_WSGRA1_WSGRB0,NO_CHECK,-nan,-nan,,0.00976562,4,32,0.015625,1,1,0.625,270336,8192,,,,,,,,,,
And(LeadingFree0SizesGreaterOrEqual(16): (freeA0:1 >= 16) == 0): 0

TruePred: 1
0,6/44,29/47,Contraction_l_Ailk_Bjlk_Cijk_Dijk,"(1,8192,1,1024)",Cijk_Ailk_Bjlk_F8F8S_BH_GB_MT64x64x16_MI16x16x16x1_SN_GLVWA16_GLVWB16_GRVW16_K1_SS1_SVW1_WSGRA1_WSGRB0,NO_CHECK,-nan,-nan,,0.00976562,4,32,0.015625,1,1,0.625,270336,8192,,,,,,,,,,
And(LeadingFree0SizesGreaterOrEqual(4): (freeA0:1 >= 4) == 0): 0

TruePred: 1
0,6/44,30/47,Contraction_l_Ailk_Bjlk_Cijk_Dijk,"(1,8192,1,1024)",Cijk_Ailk_Bjlk_F8F8S_BH_GB_MT64x64x16_MI16x16x16x1_SN_GLVWA4_GLVWB4_GRVW4_K1_SS1_SVW1_WSGRA0_WSGRB1,NO_CHECK,-nan,-nan,,0.00976562,4,32,0.015625,1,1,0.625,270336,8192,,,,,,,,,,
And(LeadingFree0SizesGreaterOrEqual(8): (freeA0:1 >= 8) == 0): 0

TruePred: 1
0,6/44,31/47,Contraction_l_Ailk_Bjlk_Cijk_Dijk,"(1,8192,1,1024)",Cijk_Ailk_Bjlk_F8F8S_BH_GB_MT64x64x16_MI16x16x16x1_SN_GLVWA8_GLVWB8_GRVW8_K1_SS1_SVW1_WSGRA0_WSGRB1,NO_CHECK,-nan,-nan,,0.00976562,4,32,0.015625,1,1,0.625,270336,8192,,,,,,,,,,
And(LeadingFree0SizesGreaterOrEqual(16): (freeA0:1 >= 16) == 0): 0

TruePred: 1
0,6/44,32/47,Contraction_l_Ailk_Bjlk_Cijk_Dijk,"(1,8192,1,1024)",Cijk_Ailk_Bjlk_F8F8S_BH_GB_MT64x64x16_MI16x16x16x1_SN_GLVWA16_GLVWB16_GRVW16_K1_SS1_SVW1_WSGRA0_WSGRB1,NO_CHECK,-nan,-nan,,0.00976562,4,32,0.015625,1,1,0.625,270336,8192,,,,,,,,,,
And(LeadingFree0SizesGreaterOrEqual(4): (freeA0:1 >= 4) == 0): 0

TruePred: 1
0,6/44,33/47,Contraction_l_Ailk_Bjlk_Cijk_Dijk,"(1,8192,1,1024)",Cijk_Ailk_Bjlk_F8F8S_BH_GB_MT64x64x16_MI16x16x16x1_SN_GLVWA4_GLVWB4_GRVW4_K1_SS1_SVW1_WSGRA1_WSGRB1,NO_CHECK,-nan,-nan,,0.00976562,4,32,0.015625,1,1,0.625,270336,8192,,,,,,,,,,
And(LeadingFree0SizesGreaterOrEqual(8): (freeA0:1 >= 8) == 0): 0

TruePred: 1
0,6/44,34/47,Contraction_l_Ailk_Bjlk_Cijk_Dijk,"(1,8192,1,1024)",Cijk_Ailk_Bjlk_F8F8S_BH_GB_MT64x64x16_MI16x16x16x1_SN_GLVWA8_GLVWB8_GRVW8_K1_SS1_SVW1_WSGRA1_WSGRB1,NO_CHECK,-nan,-nan,,0.00976562,4,32,0.015625,1,1,0.625,270336,8192,,,,,,,,,,
And(LeadingFree0SizesGreaterOrEqual(16): (freeA0:1 >= 16) == 0): 0

TruePred: 1
0,6/44,35/47,Contraction_l_Ailk_Bjlk_Cijk_Dijk,"(1,8192,1,1024)",Cijk_Ailk_Bjlk_F8F8S_BH_GB_MT64x64x16_MI16x16x16x1_SN_GLVWA16_GLVWB16_GRVW16_K1_SS1_SVW1_WSGRA1_WSGRB1,NO_CHECK,-nan,-nan,,0.00976562,4,32,0.015625,1,1,0.625,270336,8192,,,,,,,,,,
And(LeadingFree0SizesGreaterOrEqual(4): (freeA0:1 >= 4) == 0): 0

TruePred: 1
0,6/44,36/47,Contraction_l_Ailk_Bjlk_Cijk_Dijk,"(1,8192,1,1024)",Cijk_Ailk_Bjlk_F8F8S_BH_GB_MT64x64x32_MI16x16x16x1_SN_GLVWA4_GLVWB4_GRVW4_K1_SS1_SVW1_WSGRA0_WSGRB0,NO_CHECK,-nan,-nan,,0.00976562,4,32,0.015625,1,1,0.625,270336,8192,,,,,,,,,,
And(LeadingFree0SizesGreaterOrEqual(8): (freeA0:1 >= 8) == 0): 0

TruePred: 1
0,6/44,37/47,Contraction_l_Ailk_Bjlk_Cijk_Dijk,"(1,8192,1,1024)",Cijk_Ailk_Bjlk_F8F8S_BH_GB_MT64x64x32_MI16x16x16x1_SN_GLVWA8_GLVWB8_GRVW8_K1_SS1_SVW1_WSGRA0_WSGRB0,NO_CHECK,-nan,-nan,,0.00976562,4,32,0.015625,1,1,0.625,270336,8192,,,,,,,,,,
And(LeadingFree0SizesGreaterOrEqual(16): (freeA0:1 >= 16) == 0): 0

TruePred: 1
0,6/44,38/47,Contraction_l_Ailk_Bjlk_Cijk_Dijk,"(1,8192,1,1024)",Cijk_Ailk_Bjlk_F8F8S_BH_GB_MT64x64x32_MI16x16x16x1_SN_GLVWA16_GLVWB16_GRVW16_K1_SS1_SVW1_WSGRA0_WSGRB0,NO_CHECK,-nan,-nan,,0.00976562,4,32,0.015625,1,1,0.625,270336,8192,,,,,,,,,,
And(LeadingFree0SizesGreaterOrEqual(4): (freeA0:1 >= 4) == 0): 0

TruePred: 1
0,6/44,39/47,Contraction_l_Ailk_Bjlk_Cijk_Dijk,"(1,8192,1,1024)",Cijk_Ailk_Bjlk_F8F8S_BH_GB_MT64x64x32_MI16x16x16x1_SN_GLVWA4_GLVWB4_GRVW4_K1_SS1_SVW1_WSGRA1_WSGRB0,NO_CHECK,-nan,-nan,,0.00976562,4,32,0.015625,1,1,0.625,270336,8192,,,,,,,,,,
And(LeadingFree0SizesGreaterOrEqual(8): (freeA0:1 >= 8) == 0): 0

TruePred: 1
0,6/44,40/47,Contraction_l_Ailk_Bjlk_Cijk_Dijk,"(1,8192,1,1024)",Cijk_Ailk_Bjlk_F8F8S_BH_GB_MT64x64x32_MI16x16x16x1_SN_GLVWA8_GLVWB8_GRVW8_K1_SS1_SVW1_WSGRA1_WSGRB0,NO_CHECK,-nan,-nan,,0.00976562,4,32,0.015625,1,1,0.625,270336,8192,,,,,,,,,,
And(LeadingFree0SizesGreaterOrEqual(16): (freeA0:1 >= 16) == 0): 0

TruePred: 1
0,6/44,41/47,Contraction_l_Ailk_Bjlk_Cijk_Dijk,"(1,8192,1,1024)",Cijk_Ailk_Bjlk_F8F8S_BH_GB_MT64x64x32_MI16x16x16x1_SN_GLVWA16_GLVWB16_GRVW16_K1_SS1_SVW1_WSGRA1_WSGRB0,NO_CHECK,-nan,-nan,,0.00976562,4,32,0.015625,1,1,0.625,270336,8192,,,,,,,,,,
And(LeadingFree0SizesGreaterOrEqual(4): (freeA0:1 >= 4) == 0): 0

TruePred: 1
0,6/44,42/47,Contraction_l_Ailk_Bjlk_Cijk_Dijk,"(1,8192,1,1024)",Cijk_Ailk_Bjlk_F8F8S_BH_GB_MT64x64x32_MI16x16x16x1_SN_GLVWA4_GLVWB4_GRVW4_K1_SS1_SVW1_WSGRA0_WSGRB1,NO_CHECK,-nan,-nan,,0.00976562,4,32,0.015625,1,1,0.625,270336,8192,,,,,,,,,,
And(LeadingFree0SizesGreaterOrEqual(8): (freeA0:1 >= 8) == 0): 0

TruePred: 1
0,6/44,43/47,Contraction_l_Ailk_Bjlk_Cijk_Dijk,"(1,8192,1,1024)",Cijk_Ailk_Bjlk_F8F8S_BH_GB_MT64x64x32_MI16x16x16x1_SN_GLVWA8_GLVWB8_GRVW8_K1_SS1_SVW1_WSGRA0_WSGRB1,NO_CHECK,-nan,-nan,,0.00976562,4,32,0.015625,1,1,0.625,270336,8192,,,,,,,,,,
And(LeadingFree0SizesGreaterOrEqual(16): (freeA0:1 >= 16) == 0): 0

TruePred: 1
0,6/44,44/47,Contraction_l_Ailk_Bjlk_Cijk_Dijk,"(1,8192,1,1024)",Cijk_Ailk_Bjlk_F8F8S_BH_GB_MT64x64x32_MI16x16x16x1_SN_GLVWA16_GLVWB16_GRVW16_K1_SS1_SVW1_WSGRA0_WSGRB1,NO_CHECK,-nan,-nan,,0.00976562,4,32,0.015625,1,1,0.625,270336,8192,,,,,,,,,,
And(LeadingFree0SizesGreaterOrEqual(4): (freeA0:1 >= 4) == 0): 0

TruePred: 1
0,6/44,45/47,Contraction_l_Ailk_Bjlk_Cijk_Dijk,"(1,8192,1,1024)",Cijk_Ailk_Bjlk_F8F8S_BH_GB_MT64x64x32_MI16x16x16x1_SN_GLVWA4_GLVWB4_GRVW4_K1_SS1_SVW1_WSGRA1_WSGRB1,NO_CHECK,-nan,-nan,,0.00976562,4,32,0.015625,1,1,0.625,270336,8192,,,,,,,,,,
And(LeadingFree0SizesGreaterOrEqual(8): (freeA0:1 >= 8) == 0): 0

TruePred: 1
0,6/44,46/47,Contraction_l_Ailk_Bjlk_Cijk_Dijk,"(1,8192,1,1024)",Cijk_Ailk_Bjlk_F8F8S_BH_GB_MT64x64x32_MI16x16x16x1_SN_GLVWA8_GLVWB8_GRVW8_K1_SS1_SVW1_WSGRA1_WSGRB1,NO_CHECK,-nan,-nan,,0.00976562,4,32,0.015625,1,1,0.625,270336,8192,,,,,,,,,,
And(LeadingFree0SizesGreaterOrEqual(16): (freeA0:1 >= 16) == 0): 0

TruePred: 1
0,6/44,47/47,Contraction_l_Ailk_Bjlk_Cijk_Dijk,"(1,8192,1,1024)",Cijk_Ailk_Bjlk_F8F8S_BH_GB_MT64x64x32_MI16x16x16x1_SN_GLVWA16_GLVWB16_GRVW16_K1_SS1_SVW1_WSGRA1_WSGRB1,NO_CHECK,-nan,-nan,,0.00976562,4,32,0.015625,1,1,0.625,270336,8192,,,,,,,,,,
And(LeadingFree0SizesGreaterOrEqual(4): (freeA0:1 >= 4) == 0): 0

TruePred: 1
0,7/44,0/47,Contraction_l_Ailk_Bjlk_Cijk_Dijk,"(1,8192,1,4096)",Cijk_Ailk_Bjlk_F8F8S_BH_GB_MT64x64x16_MI16x16x16x1_SN_GLVWA4_GLVWB4_GRVW4_K1_SS0_SVW4_WSGRA0_WSGRB0,NO_CHECK,-nan,-nan,,0.00976562,4,32,0.015625,1,1,0.625,1056768,8192,,,,,,,,,,
And(LeadingFree0SizesGreaterOrEqual(8): (freeA0:1 >= 8) == 0): 0

TruePred: 1
0,7/44,1/47,Contraction_l_Ailk_Bjlk_Cijk_Dijk,"(1,8192,1,4096)",Cijk_Ailk_Bjlk_F8F8S_BH_GB_MT64x64x16_MI16x16x16x1_SN_GLVWA8_GLVWB8_GRVW8_K1_SS0_SVW4_WSGRA0_WSGRB0,NO_CHECK,-nan,-nan,,0.00976562,4,32,0.015625,1,1,0.625,1056768,8192,,,,,,,,,,
And(LeadingFree0SizesGreaterOrEqual(16): (freeA0:1 >= 16) == 0): 0

TruePred: 1
0,7/44,2/47,Contraction_l_Ailk_Bjlk_Cijk_Dijk,"(1,8192,1,4096)",Cijk_Ailk_Bjlk_F8F8S_BH_GB_MT64x64x16_MI16x16x16x1_SN_GLVWA16_GLVWB16_GRVW16_K1_SS0_SVW4_WSGRA0_WSGRB0,NO_CHECK,-nan,-nan,,0.00976562,4,32,0.015625,1,1,0.625,1056768,8192,,,,,,,,,,
And(LeadingFree0SizesGreaterOrEqual(4): (freeA0:1 >= 4) == 0): 0

TruePred: 1
0,7/44,3/47,Contraction_l_Ailk_Bjlk_Cijk_Dijk,"(1,8192,1,4096)",Cijk_Ailk_Bjlk_F8F8S_BH_GB_MT64x64x16_MI16x16x16x1_SN_GLVWA4_GLVWB4_GRVW4_K1_SS0_SVW4_WSGRA1_WSGRB0,NO_CHECK,-nan,-nan,,0.00976562,4,32,0.015625,1,1,0.625,1056768,8192,,,,,,,,,,
And(LeadingFree0SizesGreaterOrEqual(8): (freeA0:1 >= 8) == 0): 0

TruePred: 1
0,7/44,4/47,Contraction_l_Ailk_Bjlk_Cijk_Dijk,"(1,8192,1,4096)",Cijk_Ailk_Bjlk_F8F8S_BH_GB_MT64x64x16_MI16x16x16x1_SN_GLVWA8_GLVWB8_GRVW8_K1_SS0_SVW4_WSGRA1_WSGRB0,NO_CHECK,-nan,-nan,,0.00976562,4,32,0.015625,1,1,0.625,1056768,8192,,,,,,,,,,
And(LeadingFree0SizesGreaterOrEqual(16): (freeA0:1 >= 16) == 0): 0

TruePred: 1
0,7/44,5/47,Contraction_l_Ailk_Bjlk_Cijk_Dijk,"(1,8192,1,4096)",Cijk_Ailk_Bjlk_F8F8S_BH_GB_MT64x64x16_MI16x16x16x1_SN_GLVWA16_GLVWB16_GRVW16_K1_SS0_SVW4_WSGRA1_WSGRB0,NO_CHECK,-nan,-nan,,0.00976562,4,32,0.015625,1,1,0.625,1056768,8192,,,,,,,,,,
And(LeadingFree0SizesGreaterOrEqual(4): (freeA0:1 >= 4) == 0): 0

TruePred: 1
0,7/44,6/47,Contraction_l_Ailk_Bjlk_Cijk_Dijk,"(1,8192,1,4096)",Cijk_Ailk_Bjlk_F8F8S_BH_GB_MT64x64x16_MI16x16x16x1_SN_GLVWA4_GLVWB4_GRVW4_K1_SS0_SVW4_WSGRA0_WSGRB1,NO_CHECK,-nan,-nan,,0.00976562,4,32,0.015625,1,1,0.625,1056768,8192,,,,,,,,,,
And(LeadingFree0SizesGreaterOrEqual(8): (freeA0:1 >= 8) == 0): 0

TruePred: 1
0,7/44,7/47,Contraction_l_Ailk_Bjlk_Cijk_Dijk,"(1,8192,1,4096)",Cijk_Ailk_Bjlk_F8F8S_BH_GB_MT64x64x16_MI16x16x16x1_SN_GLVWA8_GLVWB8_GRVW8_K1_SS0_SVW4_WSGRA0_WSGRB1,NO_CHECK,-nan,-nan,,0.00976562,4,32,0.015625,1,1,0.625,1056768,8192,,,,,,,,,,
And(LeadingFree0SizesGreaterOrEqual(16): (freeA0:1 >= 16) == 0): 0

TruePred: 1
0,7/44,8/47,Contraction_l_Ailk_Bjlk_Cijk_Dijk,"(1,8192,1,4096)",Cijk_Ailk_Bjlk_F8F8S_BH_GB_MT64x64x16_MI16x16x16x1_SN_GLVWA16_GLVWB16_GRVW16_K1_SS0_SVW4_WSGRA0_WSGRB1,NO_CHECK,-nan,-nan,,0.00976562,4,32,0.015625,1,1,0.625,1056768,8192,,,,,,,,,,
And(LeadingFree0SizesGreaterOrEqual(4): (freeA0:1 >= 4) == 0): 0

TruePred: 1
0,7/44,9/47,Contraction_l_Ailk_Bjlk_Cijk_Dijk,"(1,8192,1,4096)",Cijk_Ailk_Bjlk_F8F8S_BH_GB_MT64x64x16_MI16x16x16x1_SN_GLVWA4_GLVWB4_GRVW4_K1_SS0_SVW4_WSGRA1_WSGRB1,NO_CHECK,-nan,-nan,,0.00976562,4,32,0.015625,1,1,0.625,1056768,8192,,,,,,,,,,
And(LeadingFree0SizesGreaterOrEqual(8): (freeA0:1 >= 8) == 0): 0

TruePred: 1
0,7/44,10/47,Contraction_l_Ailk_Bjlk_Cijk_Dijk,"(1,8192,1,4096)",Cijk_Ailk_Bjlk_F8F8S_BH_GB_MT64x64x16_MI16x16x16x1_SN_GLVWA8_GLVWB8_GRVW8_K1_SS0_SVW4_WSGRA1_WSGRB1,NO_CHECK,-nan,-nan,,0.00976562,4,32,0.015625,1,1,0.625,1056768,8192,,,,,,,,,,
And(LeadingFree0SizesGreaterOrEqual(16): (freeA0:1 >= 16) == 0): 0

TruePred: 1
0,7/44,11/47,Contraction_l_Ailk_Bjlk_Cijk_Dijk,"(1,8192,1,4096)",Cijk_Ailk_Bjlk_F8F8S_BH_GB_MT64x64x16_MI16x16x16x1_SN_GLVWA16_GLVWB16_GRVW16_K1_SS0_SVW4_WSGRA1_WSGRB1,NO_CHECK,-nan,-nan,,0.00976562,4,32,0.015625,1,1,0.625,1056768,8192,,,,,,,,,,
And(LeadingFree0SizesGreaterOrEqual(4): (freeA0:1 >= 4) == 0): 0

TruePred: 1
0,7/44,12/47,Contraction_l_Ailk_Bjlk_Cijk_Dijk,"(1,8192,1,4096)",Cijk_Ailk_Bjlk_F8F8S_BH_GB_MT64x64x32_MI16x16x16x1_SN_GLVWA4_GLVWB4_GRVW4_K1_SS0_SVW4_WSGRA0_WSGRB0,NO_CHECK,-nan,-nan,,0.00976562,4,32,0.015625,1,1,0.625,1056768,8192,,,,,,,,,,
And(LeadingFree0SizesGreaterOrEqual(8): (freeA0:1 >= 8) == 0): 0

TruePred: 1
0,7/44,13/47,Contraction_l_Ailk_Bjlk_Cijk_Dijk,"(1,8192,1,4096)",Cijk_Ailk_Bjlk_F8F8S_BH_GB_MT64x64x32_MI16x16x16x1_SN_GLVWA8_GLVWB8_GRVW8_K1_SS0_SVW4_WSGRA0_WSGRB0,NO_CHECK,-nan,-nan,,0.00976562,4,32,0.015625,1,1,0.625,1056768,8192,,,,,,,,,,
And(LeadingFree0SizesGreaterOrEqual(16): (freeA0:1 >= 16) == 0): 0

TruePred: 1
0,7/44,14/47,Contraction_l_Ailk_Bjlk_Cijk_Dijk,"(1,8192,1,4096)",Cijk_Ailk_Bjlk_F8F8S_BH_GB_MT64x64x32_MI16x16x16x1_SN_GLVWA16_GLVWB16_GRVW16_K1_SS0_SVW4_WSGRA0_WSGRB0,NO_CHECK,-nan,-nan,,0.00976562,4,32,0.015625,1,1,0.625,1056768,8192,,,,,,,,,,
And(LeadingFree0SizesGreaterOrEqual(4): (freeA0:1 >= 4) == 0): 0

TruePred: 1
0,7/44,15/47,Contraction_l_Ailk_Bjlk_Cijk_Dijk,"(1,8192,1,4096)",Cijk_Ailk_Bjlk_F8F8S_BH_GB_MT64x64x32_MI16x16x16x1_SN_GLVWA4_GLVWB4_GRVW4_K1_SS0_SVW4_WSGRA1_WSGRB0,NO_CHECK,-nan,-nan,,0.00976562,4,32,0.015625,1,1,0.625,1056768,8192,,,,,,,,,,
And(LeadingFree0SizesGreaterOrEqual(8): (freeA0:1 >= 8) == 0): 0

TruePred: 1
0,7/44,16/47,Contraction_l_Ailk_Bjlk_Cijk_Dijk,"(1,8192,1,4096)",Cijk_Ailk_Bjlk_F8F8S_BH_GB_MT64x64x32_MI16x16x16x1_SN_GLVWA8_GLVWB8_GRVW8_K1_SS0_SVW4_WSGRA1_WSGRB0,NO_CHECK,-nan,-nan,,0.00976562,4,32,0.015625,1,1,0.625,1056768,8192,,,,,,,,,,
And(LeadingFree0SizesGreaterOrEqual(16): (freeA0:1 >= 16) == 0): 0

TruePred: 1
0,7/44,17/47,Contraction_l_Ailk_Bjlk_Cijk_Dijk,"(1,8192,1,4096)",Cijk_Ailk_Bjlk_F8F8S_BH_GB_MT64x64x32_MI16x16x16x1_SN_GLVWA16_GLVWB16_GRVW16_K1_SS0_SVW4_WSGRA1_WSGRB0,NO_CHECK,-nan,-nan,,0.00976562,4,32,0.015625,1,1,0.625,1056768,8192,,,,,,,,,,
And(LeadingFree0SizesGreaterOrEqual(4): (freeA0:1 >= 4) == 0): 0

TruePred: 1
0,7/44,18/47,Contraction_l_Ailk_Bjlk_Cijk_Dijk,"(1,8192,1,4096)",Cijk_Ailk_Bjlk_F8F8S_BH_GB_MT64x64x32_MI16x16x16x1_SN_GLVWA4_GLVWB4_GRVW4_K1_SS0_SVW4_WSGRA0_WSGRB1,NO_CHECK,-nan,-nan,,0.00976562,4,32,0.015625,1,1,0.625,1056768,8192,,,,,,,,,,
And(LeadingFree0SizesGreaterOrEqual(8): (freeA0:1 >= 8) == 0): 0

TruePred: 1
0,7/44,19/47,Contraction_l_Ailk_Bjlk_Cijk_Dijk,"(1,8192,1,4096)",Cijk_Ailk_Bjlk_F8F8S_BH_GB_MT64x64x32_MI16x16x16x1_SN_GLVWA8_GLVWB8_GRVW8_K1_SS0_SVW4_WSGRA0_WSGRB1,NO_CHECK,-nan,-nan,,0.00976562,4,32,0.015625,1,1,0.625,1056768,8192,,,,,,,,,,
And(LeadingFree0SizesGreaterOrEqual(16): (freeA0:1 >= 16) == 0): 0

TruePred: 1
0,7/44,20/47,Contraction_l_Ailk_Bjlk_Cijk_Dijk,"(1,8192,1,4096)",Cijk_Ailk_Bjlk_F8F8S_BH_GB_MT64x64x32_MI16x16x16x1_SN_GLVWA16_GLVWB16_GRVW16_K1_SS0_SVW4_WSGRA0_WSGRB1,NO_CHECK,-nan,-nan,,0.00976562,4,32,0.015625,1,1,0.625,1056768,8192,,,,,,,,,,
And(LeadingFree0SizesGreaterOrEqual(4): (freeA0:1 >= 4) == 0): 0

TruePred: 1
0,7/44,21/47,Contraction_l_Ailk_Bjlk_Cijk_Dijk,"(1,8192,1,4096)",Cijk_Ailk_Bjlk_F8F8S_BH_GB_MT64x64x32_MI16x16x16x1_SN_GLVWA4_GLVWB4_GRVW4_K1_SS0_SVW4_WSGRA1_WSGRB1,NO_CHECK,-nan,-nan,,0.00976562,4,32,0.015625,1,1,0.625,1056768,8192,,,,,,,,,,
And(LeadingFree0SizesGreaterOrEqual(8): (freeA0:1 >= 8) == 0): 0

TruePred: 1
0,7/44,22/47,Contraction_l_Ailk_Bjlk_Cijk_Dijk,"(1,8192,1,4096)",Cijk_Ailk_Bjlk_F8F8S_BH_GB_MT64x64x32_MI16x16x16x1_SN_GLVWA8_GLVWB8_GRVW8_K1_SS0_SVW4_WSGRA1_WSGRB1,NO_CHECK,-nan,-nan,,0.00976562,4,32,0.015625,1,1,0.625,1056768,8192,,,,,,,,,,
And(LeadingFree0SizesGreaterOrEqual(16): (freeA0:1 >= 16) == 0): 0

TruePred: 1
0,7/44,23/47,Contraction_l_Ailk_Bjlk_Cijk_Dijk,"(1,8192,1,4096)",Cijk_Ailk_Bjlk_F8F8S_BH_GB_MT64x64x32_MI16x16x16x1_SN_GLVWA16_GLVWB16_GRVW16_K1_SS0_SVW4_WSGRA1_WSGRB1,NO_CHECK,-nan,-nan,,0.00976562,4,32,0.015625,1,1,0.625,1056768,8192,,,,,,,,,,
And(LeadingFree0SizesGreaterOrEqual(4): (freeA0:1 >= 4) == 0): 0

TruePred: 1
0,7/44,24/47,Contraction_l_Ailk_Bjlk_Cijk_Dijk,"(1,8192,1,4096)",Cijk_Ailk_Bjlk_F8F8S_BH_GB_MT64x64x16_MI16x16x16x1_SN_GLVWA4_GLVWB4_GRVW4_K1_SS1_SVW1_WSGRA0_WSGRB0,NO_CHECK,-nan,-nan,,0.00976562,4,32,0.015625,1,1,0.625,1056768,8192,,,,,,,,,,
And(LeadingFree0SizesGreaterOrEqual(8): (freeA0:1 >= 8) == 0): 0

TruePred: 1
0,7/44,25/47,Contraction_l_Ailk_Bjlk_Cijk_Dijk,"(1,8192,1,4096)",Cijk_Ailk_Bjlk_F8F8S_BH_GB_MT64x64x16_MI16x16x16x1_SN_GLVWA8_GLVWB8_GRVW8_K1_SS1_SVW1_WSGRA0_WSGRB0,NO_CHECK,-nan,-nan,,0.00976562,4,32,0.015625,1,1,0.625,1056768,8192,,,,,,,,,,
And(LeadingFree0SizesGreaterOrEqual(16): (freeA0:1 >= 16) == 0): 0

TruePred: 1
0,7/44,26/47,Contraction_l_Ailk_Bjlk_Cijk_Dijk,"(1,8192,1,4096)",Cijk_Ailk_Bjlk_F8F8S_BH_GB_MT64x64x16_MI16x16x16x1_SN_GLVWA16_GLVWB16_GRVW16_K1_SS1_SVW1_WSGRA0_WSGRB0,NO_CHECK,-nan,-nan,,0.00976562,4,32,0.015625,1,1,0.625,1056768,8192,,,,,,,,,,
And(LeadingFree0SizesGreaterOrEqual(4): (freeA0:1 >= 4) == 0): 0

TruePred: 1
0,7/44,27/47,Contraction_l_Ailk_Bjlk_Cijk_Dijk,"(1,8192,1,4096)",Cijk_Ailk_Bjlk_F8F8S_BH_GB_MT64x64x16_MI16x16x16x1_SN_GLVWA4_GLVWB4_GRVW4_K1_SS1_SVW1_WSGRA1_WSGRB0,NO_CHECK,-nan,-nan,,0.00976562,4,32,0.015625,1,1,0.625,1056768,8192,,,,,,,,,,
And(LeadingFree0SizesGreaterOrEqual(8): (freeA0:1 >= 8) == 0): 0

TruePred: 1
0,7/44,28/47,Contraction_l_Ailk_Bjlk_Cijk_Dijk,"(1,8192,1,4096)",Cijk_Ailk_Bjlk_F8F8S_BH_GB_MT64x64x16_MI16x16x16x1_SN_GLVWA8_GLVWB8_GRVW8_K1_SS1_SVW1_WSGRA1_WSGRB0,NO_CHECK,-nan,-nan,,0.00976562,4,32,0.015625,1,1,0.625,1056768,8192,,,,,,,,,,
And(LeadingFree0SizesGreaterOrEqual(16): (freeA0:1 >= 16) == 0): 0

TruePred: 1
0,7/44,29/47,Contraction_l_Ailk_Bjlk_Cijk_Dijk,"(1,8192,1,4096)",Cijk_Ailk_Bjlk_F8F8S_BH_GB_MT64x64x16_MI16x16x16x1_SN_GLVWA16_GLVWB16_GRVW16_K1_SS1_SVW1_WSGRA1_WSGRB0,NO_CHECK,-nan,-nan,,0.00976562,4,32,0.015625,1,1,0.625,1056768,8192,,,,,,,,,,
And(LeadingFree0SizesGreaterOrEqual(4): (freeA0:1 >= 4) == 0): 0

TruePred: 1
0,7/44,30/47,Contraction_l_Ailk_Bjlk_Cijk_Dijk,"(1,8192,1,4096)",Cijk_Ailk_Bjlk_F8F8S_BH_GB_MT64x64x16_MI16x16x16x1_SN_GLVWA4_GLVWB4_GRVW4_K1_SS1_SVW1_WSGRA0_WSGRB1,NO_CHECK,-nan,-nan,,0.00976562,4,32,0.015625,1,1,0.625,1056768,8192,,,,,,,,,,
And(LeadingFree0SizesGreaterOrEqual(8): (freeA0:1 >= 8) == 0): 0

TruePred: 1
0,7/44,31/47,Contraction_l_Ailk_Bjlk_Cijk_Dijk,"(1,8192,1,4096)",Cijk_Ailk_Bjlk_F8F8S_BH_GB_MT64x64x16_MI16x16x16x1_SN_GLVWA8_GLVWB8_GRVW8_K1_SS1_SVW1_WSGRA0_WSGRB1,NO_CHECK,-nan,-nan,,0.00976562,4,32,0.015625,1,1,0.625,1056768,8192,,,,,,,,,,
And(LeadingFree0SizesGreaterOrEqual(16): (freeA0:1 >= 16) == 0): 0

TruePred: 1
0,7/44,32/47,Contraction_l_Ailk_Bjlk_Cijk_Dijk,"(1,8192,1,4096)",Cijk_Ailk_Bjlk_F8F8S_BH_GB_MT64x64x16_MI16x16x16x1_SN_GLVWA16_GLVWB16_GRVW16_K1_SS1_SVW1_WSGRA0_WSGRB1,NO_CHECK,-nan,-nan,,0.00976562,4,32,0.015625,1,1,0.625,1056768,8192,,,,,,,,,,
And(LeadingFree0SizesGreaterOrEqual(4): (freeA0:1 >= 4) == 0): 0

TruePred: 1
0,7/44,33/47,Contraction_l_Ailk_Bjlk_Cijk_Dijk,"(1,8192,1,4096)",Cijk_Ailk_Bjlk_F8F8S_BH_GB_MT64x64x16_MI16x16x16x1_SN_GLVWA4_GLVWB4_GRVW4_K1_SS1_SVW1_WSGRA1_WSGRB1,NO_CHECK,-nan,-nan,,0.00976562,4,32,0.015625,1,1,0.625,1056768,8192,,,,,,,,,,
And(LeadingFree0SizesGreaterOrEqual(8): (freeA0:1 >= 8) == 0): 0

TruePred: 1
0,7/44,34/47,Contraction_l_Ailk_Bjlk_Cijk_Dijk,"(1,8192,1,4096)",Cijk_Ailk_Bjlk_F8F8S_BH_GB_MT64x64x16_MI16x16x16x1_SN_GLVWA8_GLVWB8_GRVW8_K1_SS1_SVW1_WSGRA1_WSGRB1,NO_CHECK,-nan,-nan,,0.00976562,4,32,0.015625,1,1,0.625,1056768,8192,,,,,,,,,,
And(LeadingFree0SizesGreaterOrEqual(16): (freeA0:1 >= 16) == 0): 0

TruePred: 1
0,7/44,35/47,Contraction_l_Ailk_Bjlk_Cijk_Dijk,"(1,8192,1,4096)",Cijk_Ailk_Bjlk_F8F8S_BH_GB_MT64x64x16_MI16x16x16x1_SN_GLVWA16_GLVWB16_GRVW16_K1_SS1_SVW1_WSGRA1_WSGRB1,NO_CHECK,-nan,-nan,,0.00976562,4,32,0.015625,1,1,0.625,1056768,8192,,,,,,,,,,
And(LeadingFree0SizesGreaterOrEqual(4): (freeA0:1 >= 4) == 0): 0

TruePred: 1
0,7/44,36/47,Contraction_l_Ailk_Bjlk_Cijk_Dijk,"(1,8192,1,4096)",Cijk_Ailk_Bjlk_F8F8S_BH_GB_MT64x64x32_MI16x16x16x1_SN_GLVWA4_GLVWB4_GRVW4_K1_SS1_SVW1_WSGRA0_WSGRB0,NO_CHECK,-nan,-nan,,0.00976562,4,32,0.015625,1,1,0.625,1056768,8192,,,,,,,,,,
And(LeadingFree0SizesGreaterOrEqual(8): (freeA0:1 >= 8) == 0): 0

TruePred: 1
0,7/44,37/47,Contraction_l_Ailk_Bjlk_Cijk_Dijk,"(1,8192,1,4096)",Cijk_Ailk_Bjlk_F8F8S_BH_GB_MT64x64x32_MI16x16x16x1_SN_GLVWA8_GLVWB8_GRVW8_K1_SS1_SVW1_WSGRA0_WSGRB0,NO_CHECK,-nan,-nan,,0.00976562,4,32,0.015625,1,1,0.625,1056768,8192,,,,,,,,,,
And(LeadingFree0SizesGreaterOrEqual(16): (freeA0:1 >= 16) == 0): 0

TruePred: 1
0,7/44,38/47,Contraction_l_Ailk_Bjlk_Cijk_Dijk,"(1,8192,1,4096)",Cijk_Ailk_Bjlk_F8F8S_BH_GB_MT64x64x32_MI16x16x16x1_SN_GLVWA16_GLVWB16_GRVW16_K1_SS1_SVW1_WSGRA0_WSGRB0,NO_CHECK,-nan,-nan,,0.00976562,4,32,0.015625,1,1,0.625,1056768,8192,,,,,,,,,,
And(LeadingFree0SizesGreaterOrEqual(4): (freeA0:1 >= 4) == 0): 0

TruePred: 1
0,7/44,39/47,Contraction_l_Ailk_Bjlk_Cijk_Dijk,"(1,8192,1,4096)",Cijk_Ailk_Bjlk_F8F8S_BH_GB_MT64x64x32_MI16x16x16x1_SN_GLVWA4_GLVWB4_GRVW4_K1_SS1_SVW1_WSGRA1_WSGRB0,NO_CHECK,-nan,-nan,,0.00976562,4,32,0.015625,1,1,0.625,1056768,8192,,,,,,,,,,
And(LeadingFree0SizesGreaterOrEqual(8): (freeA0:1 >= 8) == 0): 0

TruePred: 1
0,7/44,40/47,Contraction_l_Ailk_Bjlk_Cijk_Dijk,"(1,8192,1,4096)",Cijk_Ailk_Bjlk_F8F8S_BH_GB_MT64x64x32_MI16x16x16x1_SN_GLVWA8_GLVWB8_GRVW8_K1_SS1_SVW1_WSGRA1_WSGRB0,NO_CHECK,-nan,-nan,,0.00976562,4,32,0.015625,1,1,0.625,1056768,8192,,,,,,,,,,
And(LeadingFree0SizesGreaterOrEqual(16): (freeA0:1 >= 16) == 0): 0

TruePred: 1
0,7/44,41/47,Contraction_l_Ailk_Bjlk_Cijk_Dijk,"(1,8192,1,4096)",Cijk_Ailk_Bjlk_F8F8S_BH_GB_MT64x64x32_MI16x16x16x1_SN_GLVWA16_GLVWB16_GRVW16_K1_SS1_SVW1_WSGRA1_WSGRB0,NO_CHECK,-nan,-nan,,0.00976562,4,32,0.015625,1,1,0.625,1056768,8192,,,,,,,,,,
And(LeadingFree0SizesGreaterOrEqual(4): (freeA0:1 >= 4) == 0): 0

TruePred: 1
0,7/44,42/47,Contraction_l_Ailk_Bjlk_Cijk_Dijk,"(1,8192,1,4096)",Cijk_Ailk_Bjlk_F8F8S_BH_GB_MT64x64x32_MI16x16x16x1_SN_GLVWA4_GLVWB4_GRVW4_K1_SS1_SVW1_WSGRA0_WSGRB1,NO_CHECK,-nan,-nan,,0.00976562,4,32,0.015625,1,1,0.625,1056768,8192,,,,,,,,,,
And(LeadingFree0SizesGreaterOrEqual(8): (freeA0:1 >= 8) == 0): 0

TruePred: 1
0,7/44,43/47,Contraction_l_Ailk_Bjlk_Cijk_Dijk,"(1,8192,1,4096)",Cijk_Ailk_Bjlk_F8F8S_BH_GB_MT64x64x32_MI16x16x16x1_SN_GLVWA8_GLVWB8_GRVW8_K1_SS1_SVW1_WSGRA0_WSGRB1,NO_CHECK,-nan,-nan,,0.00976562,4,32,0.015625,1,1,0.625,1056768,8192,,,,,,,,,,
And(LeadingFree0SizesGreaterOrEqual(16): (freeA0:1 >= 16) == 0): 0

TruePred: 1
0,7/44,44/47,Contraction_l_Ailk_Bjlk_Cijk_Dijk,"(1,8192,1,4096)",Cijk_Ailk_Bjlk_F8F8S_BH_GB_MT64x64x32_MI16x16x16x1_SN_GLVWA16_GLVWB16_GRVW16_K1_SS1_SVW1_WSGRA0_WSGRB1,NO_CHECK,-nan,-nan,,0.00976562,4,32,0.015625,1,1,0.625,1056768,8192,,,,,,,,,,
And(LeadingFree0SizesGreaterOrEqual(4): (freeA0:1 >= 4) == 0): 0

TruePred: 1
0,7/44,45/47,Contraction_l_Ailk_Bjlk_Cijk_Dijk,"(1,8192,1,4096)",Cijk_Ailk_Bjlk_F8F8S_BH_GB_MT64x64x32_MI16x16x16x1_SN_GLVWA4_GLVWB4_GRVW4_K1_SS1_SVW1_WSGRA1_WSGRB1,NO_CHECK,-nan,-nan,,0.00976562,4,32,0.015625,1,1,0.625,1056768,8192,,,,,,,,,,
And(LeadingFree0SizesGreaterOrEqual(8): (freeA0:1 >= 8) == 0): 0

TruePred: 1
0,7/44,46/47,Contraction_l_Ailk_Bjlk_Cijk_Dijk,"(1,8192,1,4096)",Cijk_Ailk_Bjlk_F8F8S_BH_GB_MT64x64x32_MI16x16x16x1_SN_GLVWA8_GLVWB8_GRVW8_K1_SS1_SVW1_WSGRA1_WSGRB1,NO_CHECK,-nan,-nan,,0.00976562,4,32,0.015625,1,1,0.625,1056768,8192,,,,,,,,,,
And(LeadingFree0SizesGreaterOrEqual(16): (freeA0:1 >= 16) == 0): 0

TruePred: 1
0,7/44,47/47,Contraction_l_Ailk_Bjlk_Cijk_Dijk,"(1,8192,1,4096)",Cijk_Ailk_Bjlk_F8F8S_BH_GB_MT64x64x32_MI16x16x16x1_SN_GLVWA16_GLVWB16_GRVW16_K1_SS1_SVW1_WSGRA1_WSGRB1,NO_CHECK,-nan,-nan,,0.00976562,4,32,0.015625,1,1,0.625,1056768,8192,,,,,,,,,,
And(LeadingFree0SizesGreaterOrEqual(4): (freeA0:1 >= 4) == 0): 0

TruePred: 1
0,8/44,0/47,Contraction_l_Ailk_Bjlk_Cijk_Dijk,"(1,8192,1,8192)",Cijk_Ailk_Bjlk_F8F8S_BH_GB_MT64x64x16_MI16x16x16x1_SN_GLVWA4_GLVWB4_GRVW4_K1_SS0_SVW4_WSGRA0_WSGRB0,NO_CHECK,-nan,-nan,,0.00976562,4,32,0.015625,1,1,0.625,2105344,8192,,,,,,,,,,
And(LeadingFree0SizesGreaterOrEqual(8): (freeA0:1 >= 8) == 0): 0

TruePred: 1
0,8/44,1/47,Contraction_l_Ailk_Bjlk_Cijk_Dijk,"(1,8192,1,8192)",Cijk_Ailk_Bjlk_F8F8S_BH_GB_MT64x64x16_MI16x16x16x1_SN_GLVWA8_GLVWB8_GRVW8_K1_SS0_SVW4_WSGRA0_WSGRB0,NO_CHECK,-nan,-nan,,0.00976562,4,32,0.015625,1,1,0.625,2105344,8192,,,,,,,,,,
And(LeadingFree0SizesGreaterOrEqual(16): (freeA0:1 >= 16) == 0): 0

TruePred: 1
0,8/44,2/47,Contraction_l_Ailk_Bjlk_Cijk_Dijk,"(1,8192,1,8192)",Cijk_Ailk_Bjlk_F8F8S_BH_GB_MT64x64x16_MI16x16x16x1_SN_GLVWA16_GLVWB16_GRVW16_K1_SS0_SVW4_WSGRA0_WSGRB0,NO_CHECK,-nan,-nan,,0.00976562,4,32,0.015625,1,1,0.625,2105344,8192,,,,,,,,,,
And(LeadingFree0SizesGreaterOrEqual(4): (freeA0:1 >= 4) == 0): 0

TruePred: 1
0,8/44,3/47,Contraction_l_Ailk_Bjlk_Cijk_Dijk,"(1,8192,1,8192)",Cijk_Ailk_Bjlk_F8F8S_BH_GB_MT64x64x16_MI16x16x16x1_SN_GLVWA4_GLVWB4_GRVW4_K1_SS0_SVW4_WSGRA1_WSGRB0,NO_CHECK,-nan,-nan,,0.00976562,4,32,0.015625,1,1,0.625,2105344,8192,,,,,,,,,,
And(LeadingFree0SizesGreaterOrEqual(8): (freeA0:1 >= 8) == 0): 0

TruePred: 1
0,8/44,4/47,Contraction_l_Ailk_Bjlk_Cijk_Dijk,"(1,8192,1,8192)",Cijk_Ailk_Bjlk_F8F8S_BH_GB_MT64x64x16_MI16x16x16x1_SN_GLVWA8_GLVWB8_GRVW8_K1_SS0_SVW4_WSGRA1_WSGRB0,NO_CHECK,-nan,-nan,,0.00976562,4,32,0.015625,1,1,0.625,2105344,8192,,,,,,,,,,
And(LeadingFree0SizesGreaterOrEqual(16): (freeA0:1 >= 16) == 0): 0

TruePred: 1
0,8/44,5/47,Contraction_l_Ailk_Bjlk_Cijk_Dijk,"(1,8192,1,8192)",Cijk_Ailk_Bjlk_F8F8S_BH_GB_MT64x64x16_MI16x16x16x1_SN_GLVWA16_GLVWB16_GRVW16_K1_SS0_SVW4_WSGRA1_WSGRB0,NO_CHECK,-nan,-nan,,0.00976562,4,32,0.015625,1,1,0.625,2105344,8192,,,,,,,,,,
And(LeadingFree0SizesGreaterOrEqual(4): (freeA0:1 >= 4) == 0): 0

TruePred: 1
0,8/44,6/47,Contraction_l_Ailk_Bjlk_Cijk_Dijk,"(1,8192,1,8192)",Cijk_Ailk_Bjlk_F8F8S_BH_GB_MT64x64x16_MI16x16x16x1_SN_GLVWA4_GLVWB4_GRVW4_K1_SS0_SVW4_WSGRA0_WSGRB1,NO_CHECK,-nan,-nan,,0.00976562,4,32,0.015625,1,1,0.625,2105344,8192,,,,,,,,,,
And(LeadingFree0SizesGreaterOrEqual(8): (freeA0:1 >= 8) == 0): 0

TruePred: 1
0,8/44,7/47,Contraction_l_Ailk_Bjlk_Cijk_Dijk,"(1,8192,1,8192)",Cijk_Ailk_Bjlk_F8F8S_BH_GB_MT64x64x16_MI16x16x16x1_SN_GLVWA8_GLVWB8_GRVW8_K1_SS0_SVW4_WSGRA0_WSGRB1,NO_CHECK,-nan,-nan,,0.00976562,4,32,0.015625,1,1,0.625,2105344,8192,,,,,,,,,,
And(LeadingFree0SizesGreaterOrEqual(16): (freeA0:1 >= 16) == 0): 0

TruePred: 1
0,8/44,8/47,Contraction_l_Ailk_Bjlk_Cijk_Dijk,"(1,8192,1,8192)",Cijk_Ailk_Bjlk_F8F8S_BH_GB_MT64x64x16_MI16x16x16x1_SN_GLVWA16_GLVWB16_GRVW16_K1_SS0_SVW4_WSGRA0_WSGRB1,NO_CHECK,-nan,-nan,,0.00976562,4,32,0.015625,1,1,0.625,2105344,8192,,,,,,,,,,
And(LeadingFree0SizesGreaterOrEqual(4): (freeA0:1 >= 4) == 0): 0

TruePred: 1
0,8/44,9/47,Contraction_l_Ailk_Bjlk_Cijk_Dijk,"(1,8192,1,8192)",Cijk_Ailk_Bjlk_F8F8S_BH_GB_MT64x64x16_MI16x16x16x1_SN_GLVWA4_GLVWB4_GRVW4_K1_SS0_SVW4_WSGRA1_WSGRB1,NO_CHECK,-nan,-nan,,0.00976562,4,32,0.015625,1,1,0.625,2105344,8192,,,,,,,,,,
And(LeadingFree0SizesGreaterOrEqual(8): (freeA0:1 >= 8) == 0): 0

TruePred: 1
0,8/44,10/47,Contraction_l_Ailk_Bjlk_Cijk_Dijk,"(1,8192,1,8192)",Cijk_Ailk_Bjlk_F8F8S_BH_GB_MT64x64x16_MI16x16x16x1_SN_GLVWA8_GLVWB8_GRVW8_K1_SS0_SVW4_WSGRA1_WSGRB1,NO_CHECK,-nan,-nan,,0.00976562,4,32,0.015625,1,1,0.625,2105344,8192,,,,,,,,,,
And(LeadingFree0SizesGreaterOrEqual(16): (freeA0:1 >= 16) == 0): 0

TruePred: 1
0,8/44,11/47,Contraction_l_Ailk_Bjlk_Cijk_Dijk,"(1,8192,1,8192)",Cijk_Ailk_Bjlk_F8F8S_BH_GB_MT64x64x16_MI16x16x16x1_SN_GLVWA16_GLVWB16_GRVW16_K1_SS0_SVW4_WSGRA1_WSGRB1,NO_CHECK,-nan,-nan,,0.00976562,4,32,0.015625,1,1,0.625,2105344,8192,,,,,,,,,,
And(LeadingFree0SizesGreaterOrEqual(4): (freeA0:1 >= 4) == 0): 0

TruePred: 1
0,8/44,12/47,Contraction_l_Ailk_Bjlk_Cijk_Dijk,"(1,8192,1,8192)",Cijk_Ailk_Bjlk_F8F8S_BH_GB_MT64x64x32_MI16x16x16x1_SN_GLVWA4_GLVWB4_GRVW4_K1_SS0_SVW4_WSGRA0_WSGRB0,NO_CHECK,-nan,-nan,,0.00976562,4,32,0.015625,1,1,0.625,2105344,8192,,,,,,,,,,
And(LeadingFree0SizesGreaterOrEqual(8): (freeA0:1 >= 8) == 0): 0

TruePred: 1
0,8/44,13/47,Contraction_l_Ailk_Bjlk_Cijk_Dijk,"(1,8192,1,8192)",Cijk_Ailk_Bjlk_F8F8S_BH_GB_MT64x64x32_MI16x16x16x1_SN_GLVWA8_GLVWB8_GRVW8_K1_SS0_SVW4_WSGRA0_WSGRB0,NO_CHECK,-nan,-nan,,0.00976562,4,32,0.015625,1,1,0.625,2105344,8192,,,,,,,,,,
And(LeadingFree0SizesGreaterOrEqual(16): (freeA0:1 >= 16) == 0): 0

TruePred: 1
0,8/44,14/47,Contraction_l_Ailk_Bjlk_Cijk_Dijk,"(1,8192,1,8192)",Cijk_Ailk_Bjlk_F8F8S_BH_GB_MT64x64x32_MI16x16x16x1_SN_GLVWA16_GLVWB16_GRVW16_K1_SS0_SVW4_WSGRA0_WSGRB0,NO_CHECK,-nan,-nan,,0.00976562,4,32,0.015625,1,1,0.625,2105344,8192,,,,,,,,,,
And(LeadingFree0SizesGreaterOrEqual(4): (freeA0:1 >= 4) == 0): 0

TruePred: 1
0,8/44,15/47,Contraction_l_Ailk_Bjlk_Cijk_Dijk,"(1,8192,1,8192)",Cijk_Ailk_Bjlk_F8F8S_BH_GB_MT64x64x32_MI16x16x16x1_SN_GLVWA4_GLVWB4_GRVW4_K1_SS0_SVW4_WSGRA1_WSGRB0,NO_CHECK,-nan,-nan,,0.00976562,4,32,0.015625,1,1,0.625,2105344,8192,,,,,,,,,,
And(LeadingFree0SizesGreaterOrEqual(8): (freeA0:1 >= 8) == 0): 0

TruePred: 1
0,8/44,16/47,Contraction_l_Ailk_Bjlk_Cijk_Dijk,"(1,8192,1,8192)",Cijk_Ailk_Bjlk_F8F8S_BH_GB_MT64x64x32_MI16x16x16x1_SN_GLVWA8_GLVWB8_GRVW8_K1_SS0_SVW4_WSGRA1_WSGRB0,NO_CHECK,-nan,-nan,,0.00976562,4,32,0.015625,1,1,0.625,2105344,8192,,,,,,,,,,
And(LeadingFree0SizesGreaterOrEqual(16): (freeA0:1 >= 16) == 0): 0

TruePred: 1
0,8/44,17/47,Contraction_l_Ailk_Bjlk_Cijk_Dijk,"(1,8192,1,8192)",Cijk_Ailk_Bjlk_F8F8S_BH_GB_MT64x64x32_MI16x16x16x1_SN_GLVWA16_GLVWB16_GRVW16_K1_SS0_SVW4_WSGRA1_WSGRB0,NO_CHECK,-nan,-nan,,0.00976562,4,32,0.015625,1,1,0.625,2105344,8192,,,,,,,,,,
And(LeadingFree0SizesGreaterOrEqual(4): (freeA0:1 >= 4) == 0): 0

TruePred: 1
0,8/44,18/47,Contraction_l_Ailk_Bjlk_Cijk_Dijk,"(1,8192,1,8192)",Cijk_Ailk_Bjlk_F8F8S_BH_GB_MT64x64x32_MI16x16x16x1_SN_GLVWA4_GLVWB4_GRVW4_K1_SS0_SVW4_WSGRA0_WSGRB1,NO_CHECK,-nan,-nan,,0.00976562,4,32,0.015625,1,1,0.625,2105344,8192,,,,,,,,,,
And(LeadingFree0SizesGreaterOrEqual(8): (freeA0:1 >= 8) == 0): 0

TruePred: 1
0,8/44,19/47,Contraction_l_Ailk_Bjlk_Cijk_Dijk,"(1,8192,1,8192)",Cijk_Ailk_Bjlk_F8F8S_BH_GB_MT64x64x32_MI16x16x16x1_SN_GLVWA8_GLVWB8_GRVW8_K1_SS0_SVW4_WSGRA0_WSGRB1,NO_CHECK,-nan,-nan,,0.00976562,4,32,0.015625,1,1,0.625,2105344,8192,,,,,,,,,,
And(LeadingFree0SizesGreaterOrEqual(16): (freeA0:1 >= 16) == 0): 0

TruePred: 1
0,8/44,20/47,Contraction_l_Ailk_Bjlk_Cijk_Dijk,"(1,8192,1,8192)",Cijk_Ailk_Bjlk_F8F8S_BH_GB_MT64x64x32_MI16x16x16x1_SN_GLVWA16_GLVWB16_GRVW16_K1_SS0_SVW4_WSGRA0_WSGRB1,NO_CHECK,-nan,-nan,,0.00976562,4,32,0.015625,1,1,0.625,2105344,8192,,,,,,,,,,
And(LeadingFree0SizesGreaterOrEqual(4): (freeA0:1 >= 4) == 0): 0

TruePred: 1
0,8/44,21/47,Contraction_l_Ailk_Bjlk_Cijk_Dijk,"(1,8192,1,8192)",Cijk_Ailk_Bjlk_F8F8S_BH_GB_MT64x64x32_MI16x16x16x1_SN_GLVWA4_GLVWB4_GRVW4_K1_SS0_SVW4_WSGRA1_WSGRB1,NO_CHECK,-nan,-nan,,0.00976562,4,32,0.015625,1,1,0.625,2105344,8192,,,,,,,,,,
And(LeadingFree0SizesGreaterOrEqual(8): (freeA0:1 >= 8) == 0): 0

TruePred: 1
0,8/44,22/47,Contraction_l_Ailk_Bjlk_Cijk_Dijk,"(1,8192,1,8192)",Cijk_Ailk_Bjlk_F8F8S_BH_GB_MT64x64x32_MI16x16x16x1_SN_GLVWA8_GLVWB8_GRVW8_K1_SS0_SVW4_WSGRA1_WSGRB1,NO_CHECK,-nan,-nan,,0.00976562,4,32,0.015625,1,1,0.625,2105344,8192,,,,,,,,,,
And(LeadingFree0SizesGreaterOrEqual(16): (freeA0:1 >= 16) == 0): 0

TruePred: 1
0,8/44,23/47,Contraction_l_Ailk_Bjlk_Cijk_Dijk,"(1,8192,1,8192)",Cijk_Ailk_Bjlk_F8F8S_BH_GB_MT64x64x32_MI16x16x16x1_SN_GLVWA16_GLVWB16_GRVW16_K1_SS0_SVW4_WSGRA1_WSGRB1,NO_CHECK,-nan,-nan,,0.00976562,4,32,0.015625,1,1,0.625,2105344,8192,,,,,,,,,,
And(LeadingFree0SizesGreaterOrEqual(4): (freeA0:1 >= 4) == 0): 0

TruePred: 1
0,8/44,24/47,Contraction_l_Ailk_Bjlk_Cijk_Dijk,"(1,8192,1,8192)",Cijk_Ailk_Bjlk_F8F8S_BH_GB_MT64x64x16_MI16x16x16x1_SN_GLVWA4_GLVWB4_GRVW4_K1_SS1_SVW1_WSGRA0_WSGRB0,NO_CHECK,-nan,-nan,,0.00976562,4,32,0.015625,1,1,0.625,2105344,8192,,,,,,,,,,
And(LeadingFree0SizesGreaterOrEqual(8): (freeA0:1 >= 8) == 0): 0

TruePred: 1
0,8/44,25/47,Contraction_l_Ailk_Bjlk_Cijk_Dijk,"(1,8192,1,8192)",Cijk_Ailk_Bjlk_F8F8S_BH_GB_MT64x64x16_MI16x16x16x1_SN_GLVWA8_GLVWB8_GRVW8_K1_SS1_SVW1_WSGRA0_WSGRB0,NO_CHECK,-nan,-nan,,0.00976562,4,32,0.015625,1,1,0.625,2105344,8192,,,,,,,,,,
And(LeadingFree0SizesGreaterOrEqual(16): (freeA0:1 >= 16) == 0): 0

TruePred: 1
0,8/44,26/47,Contraction_l_Ailk_Bjlk_Cijk_Dijk,"(1,8192,1,8192)",Cijk_Ailk_Bjlk_F8F8S_BH_GB_MT64x64x16_MI16x16x16x1_SN_GLVWA16_GLVWB16_GRVW16_K1_SS1_SVW1_WSGRA0_WSGRB0,NO_CHECK,-nan,-nan,,0.00976562,4,32,0.015625,1,1,0.625,2105344,8192,,,,,,,,,,
And(LeadingFree0SizesGreaterOrEqual(4): (freeA0:1 >= 4) == 0): 0

TruePred: 1
0,8/44,27/47,Contraction_l_Ailk_Bjlk_Cijk_Dijk,"(1,8192,1,8192)",Cijk_Ailk_Bjlk_F8F8S_BH_GB_MT64x64x16_MI16x16x16x1_SN_GLVWA4_GLVWB4_GRVW4_K1_SS1_SVW1_WSGRA1_WSGRB0,NO_CHECK,-nan,-nan,,0.00976562,4,32,0.015625,1,1,0.625,2105344,8192,,,,,,,,,,
And(LeadingFree0SizesGreaterOrEqual(8): (freeA0:1 >= 8) == 0): 0

TruePred: 1
0,8/44,28/47,Contraction_l_Ailk_Bjlk_Cijk_Dijk,"(1,8192,1,8192)",Cijk_Ailk_Bjlk_F8F8S_BH_GB_MT64x64x16_MI16x16x16x1_SN_GLVWA8_GLVWB8_GRVW8_K1_SS1_SVW1_WSGRA1_WSGRB0,NO_CHECK,-nan,-nan,,0.00976562,4,32,0.015625,1,1,0.625,2105344,8192,,,,,,,,,,
And(LeadingFree0SizesGreaterOrEqual(16): (freeA0:1 >= 16) == 0): 0

TruePred: 1
0,8/44,29/47,Contraction_l_Ailk_Bjlk_Cijk_Dijk,"(1,8192,1,8192)",Cijk_Ailk_Bjlk_F8F8S_BH_GB_MT64x64x16_MI16x16x16x1_SN_GLVWA16_GLVWB16_GRVW16_K1_SS1_SVW1_WSGRA1_WSGRB0,NO_CHECK,-nan,-nan,,0.00976562,4,32,0.015625,1,1,0.625,2105344,8192,,,,,,,,,,
And(LeadingFree0SizesGreaterOrEqual(4): (freeA0:1 >= 4) == 0): 0

TruePred: 1
0,8/44,30/47,Contraction_l_Ailk_Bjlk_Cijk_Dijk,"(1,8192,1,8192)",Cijk_Ailk_Bjlk_F8F8S_BH_GB_MT64x64x16_MI16x16x16x1_SN_GLVWA4_GLVWB4_GRVW4_K1_SS1_SVW1_WSGRA0_WSGRB1,NO_CHECK,-nan,-nan,,0.00976562,4,32,0.015625,1,1,0.625,2105344,8192,,,,,,,,,,
And(LeadingFree0SizesGreaterOrEqual(8): (freeA0:1 >= 8) == 0): 0

TruePred: 1
0,8/44,31/47,Contraction_l_Ailk_Bjlk_Cijk_Dijk,"(1,8192,1,8192)",Cijk_Ailk_Bjlk_F8F8S_BH_GB_MT64x64x16_MI16x16x16x1_SN_GLVWA8_GLVWB8_GRVW8_K1_SS1_SVW1_WSGRA0_WSGRB1,NO_CHECK,-nan,-nan,,0.00976562,4,32,0.015625,1,1,0.625,2105344,8192,,,,,,,,,,
And(LeadingFree0SizesGreaterOrEqual(16): (freeA0:1 >= 16) == 0): 0

TruePred: 1
0,8/44,32/47,Contraction_l_Ailk_Bjlk_Cijk_Dijk,"(1,8192,1,8192)",Cijk_Ailk_Bjlk_F8F8S_BH_GB_MT64x64x16_MI16x16x16x1_SN_GLVWA16_GLVWB16_GRVW16_K1_SS1_SVW1_WSGRA0_WSGRB1,NO_CHECK,-nan,-nan,,0.00976562,4,32,0.015625,1,1,0.625,2105344,8192,,,,,,,,,,
And(LeadingFree0SizesGreaterOrEqual(4): (freeA0:1 >= 4) == 0): 0

TruePred: 1
0,8/44,33/47,Contraction_l_Ailk_Bjlk_Cijk_Dijk,"(1,8192,1,8192)",Cijk_Ailk_Bjlk_F8F8S_BH_GB_MT64x64x16_MI16x16x16x1_SN_GLVWA4_GLVWB4_GRVW4_K1_SS1_SVW1_WSGRA1_WSGRB1,NO_CHECK,-nan,-nan,,0.00976562,4,32,0.015625,1,1,0.625,2105344,8192,,,,,,,,,,
And(LeadingFree0SizesGreaterOrEqual(8): (freeA0:1 >= 8) == 0): 0

TruePred: 1
0,8/44,34/47,Contraction_l_Ailk_Bjlk_Cijk_Dijk,"(1,8192,1,8192)",Cijk_Ailk_Bjlk_F8F8S_BH_GB_MT64x64x16_MI16x16x16x1_SN_GLVWA8_GLVWB8_GRVW8_K1_SS1_SVW1_WSGRA1_WSGRB1,NO_CHECK,-nan,-nan,,0.00976562,4,32,0.015625,1,1,0.625,2105344,8192,,,,,,,,,,
And(LeadingFree0SizesGreaterOrEqual(16): (freeA0:1 >= 16) == 0): 0

TruePred: 1
0,8/44,35/47,Contraction_l_Ailk_Bjlk_Cijk_Dijk,"(1,8192,1,8192)",Cijk_Ailk_Bjlk_F8F8S_BH_GB_MT64x64x16_MI16x16x16x1_SN_GLVWA16_GLVWB16_GRVW16_K1_SS1_SVW1_WSGRA1_WSGRB1,NO_CHECK,-nan,-nan,,0.00976562,4,32,0.015625,1,1,0.625,2105344,8192,,,,,,,,,,
And(LeadingFree0SizesGreaterOrEqual(4): (freeA0:1 >= 4) == 0): 0

TruePred: 1
0,8/44,36/47,Contraction_l_Ailk_Bjlk_Cijk_Dijk,"(1,8192,1,8192)",Cijk_Ailk_Bjlk_F8F8S_BH_GB_MT64x64x32_MI16x16x16x1_SN_GLVWA4_GLVWB4_GRVW4_K1_SS1_SVW1_WSGRA0_WSGRB0,NO_CHECK,-nan,-nan,,0.00976562,4,32,0.015625,1,1,0.625,2105344,8192,,,,,,,,,,
And(LeadingFree0SizesGreaterOrEqual(8): (freeA0:1 >= 8) == 0): 0

TruePred: 1
0,8/44,37/47,Contraction_l_Ailk_Bjlk_Cijk_Dijk,"(1,8192,1,8192)",Cijk_Ailk_Bjlk_F8F8S_BH_GB_MT64x64x32_MI16x16x16x1_SN_GLVWA8_GLVWB8_GRVW8_K1_SS1_SVW1_WSGRA0_WSGRB0,NO_CHECK,-nan,-nan,,0.00976562,4,32,0.015625,1,1,0.625,2105344,8192,,,,,,,,,,
And(LeadingFree0SizesGreaterOrEqual(16): (freeA0:1 >= 16) == 0): 0

TruePred: 1
0,8/44,38/47,Contraction_l_Ailk_Bjlk_Cijk_Dijk,"(1,8192,1,8192)",Cijk_Ailk_Bjlk_F8F8S_BH_GB_MT64x64x32_MI16x16x16x1_SN_GLVWA16_GLVWB16_GRVW16_K1_SS1_SVW1_WSGRA0_WSGRB0,NO_CHECK,-nan,-nan,,0.00976562,4,32,0.015625,1,1,0.625,2105344,8192,,,,,,,,,,
And(LeadingFree0SizesGreaterOrEqual(4): (freeA0:1 >= 4) == 0): 0

TruePred: 1
0,8/44,39/47,Contraction_l_Ailk_Bjlk_Cijk_Dijk,"(1,8192,1,8192)",Cijk_Ailk_Bjlk_F8F8S_BH_GB_MT64x64x32_MI16x16x16x1_SN_GLVWA4_GLVWB4_GRVW4_K1_SS1_SVW1_WSGRA1_WSGRB0,NO_CHECK,-nan,-nan,,0.00976562,4,32,0.015625,1,1,0.625,2105344,8192,,,,,,,,,,
And(LeadingFree0SizesGreaterOrEqual(8): (freeA0:1 >= 8) == 0): 0

TruePred: 1
0,8/44,40/47,Contraction_l_Ailk_Bjlk_Cijk_Dijk,"(1,8192,1,8192)",Cijk_Ailk_Bjlk_F8F8S_BH_GB_MT64x64x32_MI16x16x16x1_SN_GLVWA8_GLVWB8_GRVW8_K1_SS1_SVW1_WSGRA1_WSGRB0,NO_CHECK,-nan,-nan,,0.00976562,4,32,0.015625,1,1,0.625,2105344,8192,,,,,,,,,,
And(LeadingFree0SizesGreaterOrEqual(16): (freeA0:1 >= 16) == 0): 0

TruePred: 1
0,8/44,41/47,Contraction_l_Ailk_Bjlk_Cijk_Dijk,"(1,8192,1,8192)",Cijk_Ailk_Bjlk_F8F8S_BH_GB_MT64x64x32_MI16x16x16x1_SN_GLVWA16_GLVWB16_GRVW16_K1_SS1_SVW1_WSGRA1_WSGRB0,NO_CHECK,-nan,-nan,,0.00976562,4,32,0.015625,1,1,0.625,2105344,8192,,,,,,,,,,
And(LeadingFree0SizesGreaterOrEqual(4): (freeA0:1 >= 4) == 0): 0

TruePred: 1
0,8/44,42/47,Contraction_l_Ailk_Bjlk_Cijk_Dijk,"(1,8192,1,8192)",Cijk_Ailk_Bjlk_F8F8S_BH_GB_MT64x64x32_MI16x16x16x1_SN_GLVWA4_GLVWB4_GRVW4_K1_SS1_SVW1_WSGRA0_WSGRB1,NO_CHECK,-nan,-nan,,0.00976562,4,32,0.015625,1,1,0.625,2105344,8192,,,,,,,,,,
And(LeadingFree0SizesGreaterOrEqual(8): (freeA0:1 >= 8) == 0): 0

TruePred: 1
0,8/44,43/47,Contraction_l_Ailk_Bjlk_Cijk_Dijk,"(1,8192,1,8192)",Cijk_Ailk_Bjlk_F8F8S_BH_GB_MT64x64x32_MI16x16x16x1_SN_GLVWA8_GLVWB8_GRVW8_K1_SS1_SVW1_WSGRA0_WSGRB1,NO_CHECK,-nan,-nan,,0.00976562,4,32,0.015625,1,1,0.625,2105344,8192,,,,,,,,,,
And(LeadingFree0SizesGreaterOrEqual(16): (freeA0:1 >= 16) == 0): 0

TruePred: 1
0,8/44,44/47,Contraction_l_Ailk_Bjlk_Cijk_Dijk,"(1,8192,1,8192)",Cijk_Ailk_Bjlk_F8F8S_BH_GB_MT64x64x32_MI16x16x16x1_SN_GLVWA16_GLVWB16_GRVW16_K1_SS1_SVW1_WSGRA0_WSGRB1,NO_CHECK,-nan,-nan,,0.00976562,4,32,0.015625,1,1,0.625,2105344,8192,,,,,,,,,,
And(LeadingFree0SizesGreaterOrEqual(4): (freeA0:1 >= 4) == 0): 0

TruePred: 1
0,8/44,45/47,Contraction_l_Ailk_Bjlk_Cijk_Dijk,"(1,8192,1,8192)",Cijk_Ailk_Bjlk_F8F8S_BH_GB_MT64x64x32_MI16x16x16x1_SN_GLVWA4_GLVWB4_GRVW4_K1_SS1_SVW1_WSGRA1_WSGRB1,NO_CHECK,-nan,-nan,,0.00976562,4,32,0.015625,1,1,0.625,2105344,8192,,,,,,,,,,
And(LeadingFree0SizesGreaterOrEqual(8): (freeA0:1 >= 8) == 0): 0

TruePred: 1
0,8/44,46/47,Contraction_l_Ailk_Bjlk_Cijk_Dijk,"(1,8192,1,8192)",Cijk_Ailk_Bjlk_F8F8S_BH_GB_MT64x64x32_MI16x16x16x1_SN_GLVWA8_GLVWB8_GRVW8_K1_SS1_SVW1_WSGRA1_WSGRB1,NO_CHECK,-nan,-nan,,0.00976562,4,32,0.015625,1,1,0.625,2105344,8192,,,,,,,,,,
And(LeadingFree0SizesGreaterOrEqual(16): (freeA0:1 >= 16) == 0): 0

TruePred: 1
0,8/44,47/47,Contraction_l_Ailk_Bjlk_Cijk_Dijk,"(1,8192,1,8192)",Cijk_Ailk_Bjlk_F8F8S_BH_GB_MT64x64x32_MI16x16x16x1_SN_GLVWA16_GLVWB16_GRVW16_K1_SS1_SVW1_WSGRA1_WSGRB1,NO_CHECK,-nan,-nan,,0.00976562,4,32,0.015625,1,1,0.625,2105344,8192,,,,,,,,,,
0,9/44,0/47,Contraction_l_Ailk_Bjlk_Cijk_Dijk,"(8,1024,1,1024)",Cijk_Ailk_Bjlk_F8F8S_BH_GB_MT64x64x16_MI16x16x16x1_SN_GLVWA4_GLVWB4_GRVW4_K1_SS0_SVW4_WSGRA0_WSGRB0,NO_CHECK,94.96,176.677,,0.0078125,0.5,32,0.125,1,0.5,0.125,270336,8192,,,,,,,,,,2026-04-18 22:26:47.
0,9/44,1/47,Contraction_l_Ailk_Bjlk_Cijk_Dijk,"(8,1024,1,1024)",Cijk_Ailk_Bjlk_F8F8S_BH_GB_MT64x64x16_MI16x16x16x1_SN_GLVWA8_GLVWB8_GRVW8_K1_SS0_SVW4_WSGRA0_WSGRB0,NO_CHECK,77.601,216.198,,0.0078125,0.5,32,0.125,1,0.5,0.125,270336,8192,,,,,,,,,,2026-04-18 22:26:47.
And(LeadingFree0SizesGreaterOrEqual(16): (freeA0:8 >= 16) == 0): 0

TruePred: 1
0,9/44,2/47,Contraction_l_Ailk_Bjlk_Cijk_Dijk,"(8,1024,1,1024)",Cijk_Ailk_Bjlk_F8F8S_BH_GB_MT64x64x16_MI16x16x16x1_SN_GLVWA16_GLVWB16_GRVW16_K1_SS0_SVW4_WSGRA0_WSGRB0,NO_CHECK,-nan,-nan,,0.0078125,0.5,32,0.125,1,0.5,0.125,270336,8192,,,,,,,,,,
0,9/44,3/47,Contraction_l_Ailk_Bjlk_Cijk_Dijk,"(8,1024,1,1024)",Cijk_Ailk_Bjlk_F8F8S_BH_GB_MT64x64x16_MI16x16x16x1_SN_GLVWA4_GLVWB4_GRVW4_K1_SS0_SVW4_WSGRA1_WSGRB0,NO_CHECK,78.081,214.869,,0.0078125,0.5,32,0.125,1,0.5,0.125,270336,8192,,,,,,,,,,2026-04-18 22:26:47.
0,9/44,4/47,Contraction_l_Ailk_Bjlk_Cijk_Dijk,"(8,1024,1,1024)",Cijk_Ailk_Bjlk_F8F8S_BH_GB_MT64x64x16_MI16x16x16x1_SN_GLVWA8_GLVWB8_GRVW8_K1_SS0_SVW4_WSGRA1_WSGRB0,NO_CHECK,77,217.886,,0.0078125,0.5,32,0.125,1,0.5,0.125,270336,8192,,,,,,,,,,2026-04-18 22:26:47.
And(LeadingFree0SizesGreaterOrEqual(16): (freeA0:8 >= 16) == 0): 0

TruePred: 1
0,9/44,5/47,Contraction_l_Ailk_Bjlk_Cijk_Dijk,"(8,1024,1,1024)",Cijk_Ailk_Bjlk_F8F8S_BH_GB_MT64x64x16_MI16x16x16x1_SN_GLVWA16_GLVWB16_GRVW16_K1_SS0_SVW4_WSGRA1_WSGRB0,NO_CHECK,-nan,-nan,,0.0078125,0.5,32,0.125,1,0.5,0.125,270336,8192,,,,,,,,,,
0,9/44,6/47,Contraction_l_Ailk_Bjlk_Cijk_Dijk,"(8,1024,1,1024)",Cijk_Ailk_Bjlk_F8F8S_BH_GB_MT64x64x16_MI16x16x16x1_SN_GLVWA4_GLVWB4_GRVW4_K1_SS0_SVW4_WSGRA0_WSGRB1,NO_CHECK,78.681,213.231,,0.0078125,0.5,32,0.125,1,0.5,0.125,270336,8192,,,,,,,,,,2026-04-18 22:26:47.
0,9/44,7/47,Contraction_l_Ailk_Bjlk_Cijk_Dijk,"(8,1024,1,1024)",Cijk_Ailk_Bjlk_F8F8S_BH_GB_MT64x64x16_MI16x16x16x1_SN_GLVWA8_GLVWB8_GRVW8_K1_SS0_SVW4_WSGRA0_WSGRB1,NO_CHECK,77.521,216.422,,0.0078125,0.5,32,0.125,1,0.5,0.125,270336,8192,,,,,,,,,,2026-04-18 22:26:47.
And(LeadingFree0SizesGreaterOrEqual(16): (freeA0:8 >= 16) == 0): 0

TruePred: 1
0,9/44,8/47,Contraction_l_Ailk_Bjlk_Cijk_Dijk,"(8,1024,1,1024)",Cijk_Ailk_Bjlk_F8F8S_BH_GB_MT64x64x16_MI16x16x16x1_SN_GLVWA16_GLVWB16_GRVW16_K1_SS0_SVW4_WSGRA0_WSGRB1,NO_CHECK,-nan,-nan,,0.0078125,0.5,32,0.125,1,0.5,0.125,270336,8192,,,,,,,,,,
0,9/44,9/47,Contraction_l_Ailk_Bjlk_Cijk_Dijk,"(8,1024,1,1024)",Cijk_Ailk_Bjlk_F8F8S_BH_GB_MT64x64x16_MI16x16x16x1_SN_GLVWA4_GLVWB4_GRVW4_K1_SS0_SVW4_WSGRA1_WSGRB1,NO_CHECK,80.361,208.773,,0.0078125,0.5,32,0.125,1,0.5,0.125,270336,8192,,,,,,,,,,2026-04-18 22:26:47.
0,9/44,10/47,Contraction_l_Ailk_Bjlk_Cijk_Dijk,"(8,1024,1,1024)",Cijk_Ailk_Bjlk_F8F8S_BH_GB_MT64x64x16_MI16x16x16x1_SN_GLVWA8_GLVWB8_GRVW8_K1_SS0_SVW4_WSGRA1_WSGRB1,NO_CHECK,196.121,85.5452,,0.0078125,0.5,32,0.125,1,0.5,0.125,270336,8192,,,,,,,,,,2026-04-18 22:26:47.
And(LeadingFree0SizesGreaterOrEqual(16): (freeA0:8 >= 16) == 0): 0

TruePred: 1
0,9/44,11/47,Contraction_l_Ailk_Bjlk_Cijk_Dijk,"(8,1024,1,1024)",Cijk_Ailk_Bjlk_F8F8S_BH_GB_MT64x64x16_MI16x16x16x1_SN_GLVWA16_GLVWB16_GRVW16_K1_SS0_SVW4_WSGRA1_WSGRB1,NO_CHECK,-nan,-nan,,0.0078125,0.5,32,0.125,1,0.5,0.125,270336,8192,,,,,,,,,,
0,9/44,12/47,Contraction_l_Ailk_Bjlk_Cijk_Dijk,"(8,1024,1,1024)",Cijk_Ailk_Bjlk_F8F8S_BH_GB_MT64x64x32_MI16x16x16x1_SN_GLVWA4_GLVWB4_GRVW4_K1_SS0_SVW4_WSGRA0_WSGRB0,NO_CHECK,70.24,238.856,,0.0078125,0.5,32,0.125,1,0.5,0.125,270336,8192,,,,,,,,,,2026-04-18 22:26:47.
0,9/44,13/47,Contraction_l_Ailk_Bjlk_Cijk_Dijk,"(8,1024,1,1024)",Cijk_Ailk_Bjlk_F8F8S_BH_GB_MT64x64x32_MI16x16x16x1_SN_GLVWA8_GLVWB8_GRVW8_K1_SS0_SVW4_WSGRA0_WSGRB0,NO_CHECK,68.4,245.281,,0.0078125,0.5,32,0.125,1,0.5,0.125,270336,8192,,,,,,,,,,2026-04-18 22:26:47.
And(LeadingFree0SizesGreaterOrEqual(16): (freeA0:8 >= 16) == 0): 0

TruePred: 1
0,9/44,14/47,Contraction_l_Ailk_Bjlk_Cijk_Dijk,"(8,1024,1,1024)",Cijk_Ailk_Bjlk_F8F8S_BH_GB_MT64x64x32_MI16x16x16x1_SN_GLVWA16_GLVWB16_GRVW16_K1_SS0_SVW4_WSGRA0_WSGRB0,NO_CHECK,-nan,-nan,,0.0078125,0.5,32,0.125,1,0.5,0.125,270336,8192,,,,,,,,,,
0,9/44,15/47,Contraction_l_Ailk_Bjlk_Cijk_Dijk,"(8,1024,1,1024)",Cijk_Ailk_Bjlk_F8F8S_BH_GB_MT64x64x32_MI16x16x16x1_SN_GLVWA4_GLVWB4_GRVW4_K1_SS0_SVW4_WSGRA1_WSGRB0,NO_CHECK,70.961,236.429,,0.0078125,0.5,32,0.125,1,0.5,0.125,270336,8192,,,,,,,,,,2026-04-18 22:26:47.
0,9/44,16/47,Contraction_l_Ailk_Bjlk_Cijk_Dijk,"(8,1024,1,1024)",Cijk_Ailk_Bjlk_F8F8S_BH_GB_MT64x64x32_MI16x16x16x1_SN_GLVWA8_GLVWB8_GRVW8_K1_SS0_SVW4_WSGRA1_WSGRB0,NO_CHECK,69.08,242.866,,0.0078125,0.5,32,0.125,1,0.5,0.125,270336,8192,,,,,,,,,,2026-04-18 22:26:47.
And(LeadingFree0SizesGreaterOrEqual(16): (freeA0:8 >= 16) == 0): 0

TruePred: 1
0,9/44,17/47,Contraction_l_Ailk_Bjlk_Cijk_Dijk,"(8,1024,1,1024)",Cijk_Ailk_Bjlk_F8F8S_BH_GB_MT64x64x32_MI16x16x16x1_SN_GLVWA16_GLVWB16_GRVW16_K1_SS0_SVW4_WSGRA1_WSGRB0,NO_CHECK,-nan,-nan,,0.0078125,0.5,32,0.125,1,0.5,0.125,270336,8192,,,,,,,,,,
0,9/44,18/47,Contraction_l_Ailk_Bjlk_Cijk_Dijk,"(8,1024,1,1024)",Cijk_Ailk_Bjlk_F8F8S_BH_GB_MT64x64x32_MI16x16x16x1_SN_GLVWA4_GLVWB4_GRVW4_K1_SS0_SVW4_WSGRA0_WSGRB1,NO_CHECK,71.161,235.764,,0.0078125,0.5,32,0.125,1,0.5,0.125,270336,8192,,,,,,,,,,2026-04-18 22:26:47.
0,9/44,19/47,Contraction_l_Ailk_Bjlk_Cijk_Dijk,"(8,1024,1,1024)",Cijk_Ailk_Bjlk_F8F8S_BH_GB_MT64x64x32_MI16x16x16x1_SN_GLVWA8_GLVWB8_GRVW8_K1_SS0_SVW4_WSGRA0_WSGRB1,NO_CHECK,69,243.148,,0.0078125,0.5,32,0.125,1,0.5,0.125,270336,8192,,,,,,,,,,2026-04-18 22:26:47.
And(LeadingFree0SizesGreaterOrEqual(16): (freeA0:8 >= 16) == 0): 0

TruePred: 1
0,9/44,20/47,Contraction_l_Ailk_Bjlk_Cijk_Dijk,"(8,1024,1,1024)",Cijk_Ailk_Bjlk_F8F8S_BH_GB_MT64x64x32_MI16x16x16x1_SN_GLVWA16_GLVWB16_GRVW16_K1_SS0_SVW4_WSGRA0_WSGRB1,NO_CHECK,-nan,-nan,,0.0078125,0.5,32,0.125,1,0.5,0.125,270336,8192,,,,,,,,,,
0,9/44,21/47,Contraction_l_Ailk_Bjlk_Cijk_Dijk,"(8,1024,1,1024)",Cijk_Ailk_Bjlk_F8F8S_BH_GB_MT64x64x32_MI16x16x16x1_SN_GLVWA4_GLVWB4_GRVW4_K1_SS0_SVW4_WSGRA1_WSGRB1,NO_CHECK,71.12,235.9,,0.0078125,0.5,32,0.125,1,0.5,0.125,270336,8192,,,,,,,,,,2026-04-18 22:26:47.
0,9/44,22/47,Contraction_l_Ailk_Bjlk_Cijk_Dijk,"(8,1024,1,1024)",Cijk_Ailk_Bjlk_F8F8S_BH_GB_MT64x64x32_MI16x16x16x1_SN_GLVWA8_GLVWB8_GRVW8_K1_SS0_SVW4_WSGRA1_WSGRB1,NO_CHECK,69.521,241.326,,0.0078125,0.5,32,0.125,1,0.5,0.125,270336,8192,,,,,,,,,,2026-04-18 22:26:47.
And(LeadingFree0SizesGreaterOrEqual(16): (freeA0:8 >= 16) == 0): 0

TruePred: 1
0,9/44,23/47,Contraction_l_Ailk_Bjlk_Cijk_Dijk,"(8,1024,1,1024)",Cijk_Ailk_Bjlk_F8F8S_BH_GB_MT64x64x32_MI16x16x16x1_SN_GLVWA16_GLVWB16_GRVW16_K1_SS0_SVW4_WSGRA1_WSGRB1,NO_CHECK,-nan,-nan,,0.0078125,0.5,32,0.125,1,0.5,0.125,270336,8192,,,,,,,,,,
0,9/44,24/47,Contraction_l_Ailk_Bjlk_Cijk_Dijk,"(8,1024,1,1024)",Cijk_Ailk_Bjlk_F8F8S_BH_GB_MT64x64x16_MI16x16x16x1_SN_GLVWA4_GLVWB4_GRVW4_K1_SS1_SVW1_WSGRA0_WSGRB0,NO_CHECK,79.76,210.346,,0.0078125,0.5,32,0.125,1,0.5,0.125,270336,8192,,,,,,,,,,2026-04-18 22:26:47.
0,9/44,25/47,Contraction_l_Ailk_Bjlk_Cijk_Dijk,"(8,1024,1,1024)",Cijk_Ailk_Bjlk_F8F8S_BH_GB_MT64x64x16_MI16x16x16x1_SN_GLVWA8_GLVWB8_GRVW8_K1_SS1_SVW1_WSGRA0_WSGRB0,NO_CHECK,77.72,215.867,,0.0078125,0.5,32,0.125,1,0.5,0.125,270336,8192,,,,,,,,,,2026-04-18 22:26:47.
And(LeadingFree0SizesGreaterOrEqual(16): (freeA0:8 >= 16) == 0): 0

TruePred: 1
0,9/44,26/47,Contraction_l_Ailk_Bjlk_Cijk_Dijk,"(8,1024,1,1024)",Cijk_Ailk_Bjlk_F8F8S_BH_GB_MT64x64x16_MI16x16x16x1_SN_GLVWA16_GLVWB16_GRVW16_K1_SS1_SVW1_WSGRA0_WSGRB0,NO_CHECK,-nan,-nan,,0.0078125,0.5,32,0.125,1,0.5,0.125,270336,8192,,,,,,,,,,
0,9/44,27/47,Contraction_l_Ailk_Bjlk_Cijk_Dijk,"(8,1024,1,1024)",Cijk_Ailk_Bjlk_F8F8S_BH_GB_MT64x64x16_MI16x16x16x1_SN_GLVWA4_GLVWB4_GRVW4_K1_SS1_SVW1_WSGRA1_WSGRB0,NO_CHECK,78.401,213.992,,0.0078125,0.5,32,0.125,1,0.5,0.125,270336,8192,,,,,,,,,,2026-04-18 22:26:47.
0,9/44,28/47,Contraction_l_Ailk_Bjlk_Cijk_Dijk,"(8,1024,1,1024)",Cijk_Ailk_Bjlk_F8F8S_BH_GB_MT64x64x16_MI16x16x16x1_SN_GLVWA8_GLVWB8_GRVW8_K1_SS1_SVW1_WSGRA1_WSGRB0,NO_CHECK,77.561,216.31,,0.0078125,0.5,32,0.125,1,0.5,0.125,270336,8192,,,,,,,,,,2026-04-18 22:26:47.
And(LeadingFree0SizesGreaterOrEqual(16): (freeA0:8 >= 16) == 0): 0

TruePred: 1
0,9/44,29/47,Contraction_l_Ailk_Bjlk_Cijk_Dijk,"(8,1024,1,1024)",Cijk_Ailk_Bjlk_F8F8S_BH_GB_MT64x64x16_MI16x16x16x1_SN_GLVWA16_GLVWB16_GRVW16_K1_SS1_SVW1_WSGRA1_WSGRB0,NO_CHECK,-nan,-nan,,0.0078125,0.5,32,0.125,1,0.5,0.125,270336,8192,,,,,,,,,,
0,9/44,30/47,Contraction_l_Ailk_Bjlk_Cijk_Dijk,"(8,1024,1,1024)",Cijk_Ailk_Bjlk_F8F8S_BH_GB_MT64x64x16_MI16x16x16x1_SN_GLVWA4_GLVWB4_GRVW4_K1_SS1_SVW1_WSGRA0_WSGRB1,NO_CHECK,78.401,213.992,,0.0078125,0.5,32,0.125,1,0.5,0.125,270336,8192,,,,,,,,,,2026-04-18 22:26:47.
0,9/44,31/47,Contraction_l_Ailk_Bjlk_Cijk_Dijk,"(8,1024,1,1024)",Cijk_Ailk_Bjlk_F8F8S_BH_GB_MT64x64x16_MI16x16x16x1_SN_GLVWA8_GLVWB8_GRVW8_K1_SS1_SVW1_WSGRA0_WSGRB1,NO_CHECK,55.641,301.526,,0.0078125,0.5,32,0.125,1,0.5,0.125,270336,8192,,,,,,,,,,2026-04-18 22:26:47.
And(LeadingFree0SizesGreaterOrEqual(16): (freeA0:8 >= 16) == 0): 0

TruePred: 1
0,9/44,32/47,Contraction_l_Ailk_Bjlk_Cijk_Dijk,"(8,1024,1,1024)",Cijk_Ailk_Bjlk_F8F8S_BH_GB_MT64x64x16_MI16x16x16x1_SN_GLVWA16_GLVWB16_GRVW16_K1_SS1_SVW1_WSGRA0_WSGRB1,NO_CHECK,-nan,-nan,,0.0078125,0.5,32,0.125,1,0.5,0.125,270336,8192,,,,,,,,,,
0,9/44,33/47,Contraction_l_Ailk_Bjlk_Cijk_Dijk,"(8,1024,1,1024)",Cijk_Ailk_Bjlk_F8F8S_BH_GB_MT64x64x16_MI16x16x16x1_SN_GLVWA4_GLVWB4_GRVW4_K1_SS1_SVW1_WSGRA1_WSGRB1,NO_CHECK,57.521,291.671,,0.0078125,0.5,32,0.125,1,0.5,0.125,270336,8192,,,,,,,,,,2026-04-18 22:26:47.
0,9/44,34/47,Contraction_l_Ailk_Bjlk_Cijk_Dijk,"(8,1024,1,1024)",Cijk_Ailk_Bjlk_F8F8S_BH_GB_MT64x64x16_MI16x16x16x1_SN_GLVWA8_GLVWB8_GRVW8_K1_SS1_SVW1_WSGRA1_WSGRB1,NO_CHECK,56.241,298.309,,0.0078125,0.5,32,0.125,1,0.5,0.125,270336,8192,,,,,,,,,,2026-04-18 22:26:47.
And(LeadingFree0SizesGreaterOrEqual(16): (freeA0:8 >= 16) == 0): 0

TruePred: 1
0,9/44,35/47,Contraction_l_Ailk_Bjlk_Cijk_Dijk,"(8,1024,1,1024)",Cijk_Ailk_Bjlk_F8F8S_BH_GB_MT64x64x16_MI16x16x16x1_SN_GLVWA16_GLVWB16_GRVW16_K1_SS1_SVW1_WSGRA1_WSGRB1,NO_CHECK,-nan,-nan,,0.0078125,0.5,32,0.125,1,0.5,0.125,270336,8192,,,,,,,,,,
0,9/44,36/47,Contraction_l_Ailk_Bjlk_Cijk_Dijk,"(8,1024,1,1024)",Cijk_Ailk_Bjlk_F8F8S_BH_GB_MT64x64x32_MI16x16x16x1_SN_GLVWA4_GLVWB4_GRVW4_K1_SS1_SVW1_WSGRA0_WSGRB0,NO_CHECK,53.081,316.068,,0.0078125,0.5,32,0.125,1,0.5,0.125,270336,8192,,,,,,,,,,2026-04-18 22:26:47.
0,9/44,37/47,Contraction_l_Ailk_Bjlk_Cijk_Dijk,"(8,1024,1,1024)",Cijk_Ailk_Bjlk_F8F8S_BH_GB_MT64x64x32_MI16x16x16x1_SN_GLVWA8_GLVWB8_GRVW8_K1_SS1_SVW1_WSGRA0_WSGRB0,NO_CHECK,51.4,326.405,,0.0078125,0.5,32,0.125,1,0.5,0.125,270336,8192,,,,,,,,,,2026-04-18 22:26:47.
And(LeadingFree0SizesGreaterOrEqual(16): (freeA0:8 >= 16) == 0): 0

TruePred: 1
0,9/44,38/47,Contraction_l_Ailk_Bjlk_Cijk_Dijk,"(8,1024,1,1024)",Cijk_Ailk_Bjlk_F8F8S_BH_GB_MT64x64x32_MI16x16x16x1_SN_GLVWA16_GLVWB16_GRVW16_K1_SS1_SVW1_WSGRA0_WSGRB0,NO_CHECK,-nan,-nan,,0.0078125,0.5,32,0.125,1,0.5,0.125,270336,8192,,,,,,,,,,
0,9/44,39/47,Contraction_l_Ailk_Bjlk_Cijk_Dijk,"(8,1024,1,1024)",Cijk_Ailk_Bjlk_F8F8S_BH_GB_MT64x64x32_MI16x16x16x1_SN_GLVWA4_GLVWB4_GRVW4_K1_SS1_SVW1_WSGRA1_WSGRB0,NO_CHECK,53.481,313.704,,0.0078125,0.5,32,0.125,1,0.5,0.125,270336,8192,,,,,,,,,,2026-04-18 22:26:47.
0,9/44,40/47,Contraction_l_Ailk_Bjlk_Cijk_Dijk,"(8,1024,1,1024)",Cijk_Ailk_Bjlk_F8F8S_BH_GB_MT64x64x32_MI16x16x16x1_SN_GLVWA8_GLVWB8_GRVW8_K1_SS1_SVW1_WSGRA1_WSGRB0,NO_CHECK,52.241,321.15,,0.0078125,0.5,32,0.125,1,0.5,0.125,270336,8192,,,,,,,,,,2026-04-18 22:26:47.
And(LeadingFree0SizesGreaterOrEqual(16): (freeA0:8 >= 16) == 0): 0

TruePred: 1
0,9/44,41/47,Contraction_l_Ailk_Bjlk_Cijk_Dijk,"(8,1024,1,1024)",Cijk_Ailk_Bjlk_F8F8S_BH_GB_MT64x64x32_MI16x16x16x1_SN_GLVWA16_GLVWB16_GRVW16_K1_SS1_SVW1_WSGRA1_WSGRB0,NO_CHECK,-nan,-nan,,0.0078125,0.5,32,0.125,1,0.5,0.125,270336,8192,,,,,,,,,,
0,9/44,42/47,Contraction_l_Ailk_Bjlk_Cijk_Dijk,"(8,1024,1,1024)",Cijk_Ailk_Bjlk_F8F8S_BH_GB_MT64x64x32_MI16x16x16x1_SN_GLVWA4_GLVWB4_GRVW4_K1_SS1_SVW1_WSGRA0_WSGRB1,NO_CHECK,54.601,307.269,,0.0078125,0.5,32,0.125,1,0.5,0.125,270336,8192,,,,,,,,,,2026-04-18 22:26:47.
0,9/44,43/47,Contraction_l_Ailk_Bjlk_Cijk_Dijk,"(8,1024,1,1024)",Cijk_Ailk_Bjlk_F8F8S_BH_GB_MT64x64x32_MI16x16x16x1_SN_GLVWA8_GLVWB8_GRVW8_K1_SS1_SVW1_WSGRA0_WSGRB1,NO_CHECK,51.44,326.151,,0.0078125,0.5,32,0.125,1,0.5,0.125,270336,8192,,,,,,,,,,2026-04-18 22:26:47.
And(LeadingFree0SizesGreaterOrEqual(16): (freeA0:8 >= 16) == 0): 0

TruePred: 1
0,9/44,44/47,Contraction_l_Ailk_Bjlk_Cijk_Dijk,"(8,1024,1,1024)",Cijk_Ailk_Bjlk_F8F8S_BH_GB_MT64x64x32_MI16x16x16x1_SN_GLVWA16_GLVWB16_GRVW16_K1_SS1_SVW1_WSGRA0_WSGRB1,NO_CHECK,-nan,-nan,,0.0078125,0.5,32,0.125,1,0.5,0.125,270336,8192,,,,,,,,,,
0,9/44,45/47,Contraction_l_Ailk_Bjlk_Cijk_Dijk,"(8,1024,1,1024)",Cijk_Ailk_Bjlk_F8F8S_BH_GB_MT64x64x32_MI16x16x16x1_SN_GLVWA4_GLVWB4_GRVW4_K1_SS1_SVW1_WSGRA1_WSGRB1,NO_CHECK,53.28,314.888,,0.0078125,0.5,32,0.125,1,0.5,0.125,270336,8192,,,,,,,,,,2026-04-18 22:26:47.
0,9/44,46/47,Contraction_l_Ailk_Bjlk_Cijk_Dijk,"(8,1024,1,1024)",Cijk_Ailk_Bjlk_F8F8S_BH_GB_MT64x64x32_MI16x16x16x1_SN_GLVWA8_GLVWB8_GRVW8_K1_SS1_SVW1_WSGRA1_WSGRB1,NO_CHECK,51.44,326.151,,0.0078125,0.5,32,0.125,1,0.5,0.125,270336,8192,,,,,,,,,,2026-04-18 22:26:47.
And(LeadingFree0SizesGreaterOrEqual(16): (freeA0:8 >= 16) == 0): 0

TruePred: 1
0,9/44,47/47,Contraction_l_Ailk_Bjlk_Cijk_Dijk,"(8,1024,1,1024)",Cijk_Ailk_Bjlk_F8F8S_BH_GB_MT64x64x32_MI16x16x16x1_SN_GLVWA16_GLVWB16_GRVW16_K1_SS1_SVW1_WSGRA1_WSGRB1,NO_CHECK,-nan,-nan,,0.0078125,0.5,32,0.125,1,0.5,0.125,270336,8192,,,,,,,,,,
0,10/44,0/47,Contraction_l_Ailk_Bjlk_Cijk_Dijk,"(8,1024,1,4096)",Cijk_Ailk_Bjlk_F8F8S_BH_GB_MT64x64x16_MI16x16x16x1_SN_GLVWA4_GLVWB4_GRVW4_K1_SS0_SVW4_WSGRA0_WSGRB0,NO_CHECK,147.121,456.147,,0.0078125,0.5,32,0.125,1,0.5,0.125,1056768,8192,,,,,,,,,,2026-04-18 22:26:47.
0,10/44,1/47,Contraction_l_Ailk_Bjlk_Cijk_Dijk,"(8,1024,1,4096)",Cijk_Ailk_Bjlk_F8F8S_BH_GB_MT64x64x16_MI16x16x16x1_SN_GLVWA8_GLVWB8_GRVW8_K1_SS0_SVW4_WSGRA0_WSGRB0,NO_CHECK,103.841,646.266,,0.0078125,0.5,32,0.125,1,0.5,0.125,1056768,8192,,,,,,,,,,2026-04-18 22:26:47.
And(LeadingFree0SizesGreaterOrEqual(16): (freeA0:8 >= 16) == 0): 0

TruePred: 1
0,10/44,2/47,Contraction_l_Ailk_Bjlk_Cijk_Dijk,"(8,1024,1,4096)",Cijk_Ailk_Bjlk_F8F8S_BH_GB_MT64x64x16_MI16x16x16x1_SN_GLVWA16_GLVWB16_GRVW16_K1_SS0_SVW4_WSGRA0_WSGRB0,NO_CHECK,-nan,-nan,,0.0078125,0.5,32,0.125,1,0.5,0.125,1056768,8192,,,,,,,,,,
0,10/44,3/47,Contraction_l_Ailk_Bjlk_Cijk_Dijk,"(8,1024,1,4096)",Cijk_Ailk_Bjlk_F8F8S_BH_GB_MT64x64x16_MI16x16x16x1_SN_GLVWA4_GLVWB4_GRVW4_K1_SS0_SVW4_WSGRA1_WSGRB0,NO_CHECK,104.401,642.799,,0.0078125,0.5,32,0.125,1,0.5,0.125,1056768,8192,,,,,,,,,,2026-04-18 22:26:47.
0,10/44,4/47,Contraction_l_Ailk_Bjlk_Cijk_Dijk,"(8,1024,1,4096)",Cijk_Ailk_Bjlk_F8F8S_BH_GB_MT64x64x16_MI16x16x16x1_SN_GLVWA8_GLVWB8_GRVW8_K1_SS0_SVW4_WSGRA1_WSGRB0,NO_CHECK,103.601,647.763,,0.0078125,0.5,32,0.125,1,0.5,0.125,1056768,8192,,,,,,,,,,2026-04-18 22:26:47.
And(LeadingFree0SizesGreaterOrEqual(16): (freeA0:8 >= 16) == 0): 0

TruePred: 1
0,10/44,5/47,Contraction_l_Ailk_Bjlk_Cijk_Dijk,"(8,1024,1,4096)",Cijk_Ailk_Bjlk_F8F8S_BH_GB_MT64x64x16_MI16x16x16x1_SN_GLVWA16_GLVWB16_GRVW16_K1_SS0_SVW4_WSGRA1_WSGRB0,NO_CHECK,-nan,-nan,,0.0078125,0.5,32,0.125,1,0.5,0.125,1056768,8192,,,,,,,,,,
0,10/44,6/47,Contraction_l_Ailk_Bjlk_Cijk_Dijk,"(8,1024,1,4096)",Cijk_Ailk_Bjlk_F8F8S_BH_GB_MT64x64x16_MI16x16x16x1_SN_GLVWA4_GLVWB4_GRVW4_K1_SS0_SVW4_WSGRA0_WSGRB1,NO_CHECK,104.361,643.045,,0.0078125,0.5,32,0.125,1,0.5,0.125,1056768,8192,,,,,,,,,,2026-04-18 22:26:47.
0,10/44,7/47,Contraction_l_Ailk_Bjlk_Cijk_Dijk,"(8,1024,1,4096)",Cijk_Ailk_Bjlk_F8F8S_BH_GB_MT64x64x16_MI16x16x16x1_SN_GLVWA8_GLVWB8_GRVW8_K1_SS0_SVW4_WSGRA0_WSGRB1,NO_CHECK,104.161,644.28,,0.0078125,0.5,32,0.125,1,0.5,0.125,1056768,8192,,,,,,,,,,2026-04-18 22:26:47.
And(LeadingFree0SizesGreaterOrEqual(16): (freeA0:8 >= 16) == 0): 0

TruePred: 1
0,10/44,8/47,Contraction_l_Ailk_Bjlk_Cijk_Dijk,"(8,1024,1,4096)",Cijk_Ailk_Bjlk_F8F8S_BH_GB_MT64x64x16_MI16x16x16x1_SN_GLVWA16_GLVWB16_GRVW16_K1_SS0_SVW4_WSGRA0_WSGRB1,NO_CHECK,-nan,-nan,,0.0078125,0.5,32,0.125,1,0.5,0.125,1056768,8192,,,,,,,,,,
0,10/44,9/47,Contraction_l_Ailk_Bjlk_Cijk_Dijk,"(8,1024,1,4096)",Cijk_Ailk_Bjlk_F8F8S_BH_GB_MT64x64x16_MI16x16x16x1_SN_GLVWA4_GLVWB4_GRVW4_K1_SS0_SVW4_WSGRA1_WSGRB1,NO_CHECK,103.441,648.765,,0.0078125,0.5,32,0.125,1,0.5,0.125,1056768,8192,,,,,,,,,,2026-04-18 22:26:47.
0,10/44,10/47,Contraction_l_Ailk_Bjlk_Cijk_Dijk,"(8,1024,1,4096)",Cijk_Ailk_Bjlk_F8F8S_BH_GB_MT64x64x16_MI16x16x16x1_SN_GLVWA8_GLVWB8_GRVW8_K1_SS0_SVW4_WSGRA1_WSGRB1,NO_CHECK,103.961,645.52,,0.0078125,0.5,32,0.125,1,0.5,0.125,1056768,8192,,,,,,,,,,2026-04-18 22:26:47.
And(LeadingFree0SizesGreaterOrEqual(16): (freeA0:8 >= 16) == 0): 0

TruePred: 1
0,10/44,11/47,Contraction_l_Ailk_Bjlk_Cijk_Dijk,"(8,1024,1,4096)",Cijk_Ailk_Bjlk_F8F8S_BH_GB_MT64x64x16_MI16x16x16x1_SN_GLVWA16_GLVWB16_GRVW16_K1_SS0_SVW4_WSGRA1_WSGRB1,NO_CHECK,-nan,-nan,,0.0078125,0.5,32,0.125,1,0.5,0.125,1056768,8192,,,,,,,,,,
0,10/44,12/47,Contraction_l_Ailk_Bjlk_Cijk_Dijk,"(8,1024,1,4096)",Cijk_Ailk_Bjlk_F8F8S_BH_GB_MT64x64x32_MI16x16x16x1_SN_GLVWA4_GLVWB4_GRVW4_K1_SS0_SVW4_WSGRA0_WSGRB0,NO_CHECK,81.041,828.085,,0.0078125,0.5,32,0.125,1,0.5,0.125,1056768,8192,,,,,,,,,,2026-04-18 22:26:47.
0,10/44,13/47,Contraction_l_Ailk_Bjlk_Cijk_Dijk,"(8,1024,1,4096)",Cijk_Ailk_Bjlk_F8F8S_BH_GB_MT64x64x32_MI16x16x16x1_SN_GLVWA8_GLVWB8_GRVW8_K1_SS0_SVW4_WSGRA0_WSGRB0,NO_CHECK,79.721,841.797,,0.0078125,0.5,32,0.125,1,0.5,0.125,1056768,8192,,,,,,,,,,2026-04-18 22:26:47.
And(LeadingFree0SizesGreaterOrEqual(16): (freeA0:8 >= 16) == 0): 0

TruePred: 1
0,10/44,14/47,Contraction_l_Ailk_Bjlk_Cijk_Dijk,"(8,1024,1,4096)",Cijk_Ailk_Bjlk_F8F8S_BH_GB_MT64x64x32_MI16x16x16x1_SN_GLVWA16_GLVWB16_GRVW16_K1_SS0_SVW4_WSGRA0_WSGRB0,NO_CHECK,-nan,-nan,,0.0078125,0.5,32,0.125,1,0.5,0.125,1056768,8192,,,,,,,,,,
0,10/44,15/47,Contraction_l_Ailk_Bjlk_Cijk_Dijk,"(8,1024,1,4096)",Cijk_Ailk_Bjlk_F8F8S_BH_GB_MT64x64x32_MI16x16x16x1_SN_GLVWA4_GLVWB4_GRVW4_K1_SS0_SVW4_WSGRA1_WSGRB0,NO_CHECK,81.281,825.64,,0.0078125,0.5,32,0.125,1,0.5,0.125,1056768,8192,,,,,,,,,,2026-04-18 22:26:47.
0,10/44,16/47,Contraction_l_Ailk_Bjlk_Cijk_Dijk,"(8,1024,1,4096)",Cijk_Ailk_Bjlk_F8F8S_BH_GB_MT64x64x32_MI16x16x16x1_SN_GLVWA8_GLVWB8_GRVW8_K1_SS0_SVW4_WSGRA1_WSGRB0,NO_CHECK,79.401,845.189,,0.0078125,0.5,32,0.125,1,0.5,0.125,1056768,8192,,,,,,,,,,2026-04-18 22:26:47.
And(LeadingFree0SizesGreaterOrEqual(16): (freeA0:8 >= 16) == 0): 0

TruePred: 1
0,10/44,17/47,Contraction_l_Ailk_Bjlk_Cijk_Dijk,"(8,1024,1,4096)",Cijk_Ailk_Bjlk_F8F8S_BH_GB_MT64x64x32_MI16x16x16x1_SN_GLVWA16_GLVWB16_GRVW16_K1_SS0_SVW4_WSGRA1_WSGRB0,NO_CHECK,-nan,-nan,,0.0078125,0.5,32,0.125,1,0.5,0.125,1056768,8192,,,,,,,,,,
0,10/44,18/47,Contraction_l_Ailk_Bjlk_Cijk_Dijk,"(8,1024,1,4096)",Cijk_Ailk_Bjlk_F8F8S_BH_GB_MT64x64x32_MI16x16x16x1_SN_GLVWA4_GLVWB4_GRVW4_K1_SS0_SVW4_WSGRA0_WSGRB1,NO_CHECK,81.601,822.402,,0.0078125,0.5,32,0.125,1,0.5,0.125,1056768,8192,,,,,,,,,,2026-04-18 22:26:47.
0,10/44,19/47,Contraction_l_Ailk_Bjlk_Cijk_Dijk,"(8,1024,1,4096)",Cijk_Ailk_Bjlk_F8F8S_BH_GB_MT64x64x32_MI16x16x16x1_SN_GLVWA8_GLVWB8_GRVW8_K1_SS0_SVW4_WSGRA0_WSGRB1,NO_CHECK,79.801,840.953,,0.0078125,0.5,32,0.125,1,0.5,0.125,1056768,8192,,,,,,,,,,2026-04-18 22:26:47.
And(LeadingFree0SizesGreaterOrEqual(16): (freeA0:8 >= 16) == 0): 0

TruePred: 1
0,10/44,20/47,Contraction_l_Ailk_Bjlk_Cijk_Dijk,"(8,1024,1,4096)",Cijk_Ailk_Bjlk_F8F8S_BH_GB_MT64x64x32_MI16x16x16x1_SN_GLVWA16_GLVWB16_GRVW16_K1_SS0_SVW4_WSGRA0_WSGRB1,NO_CHECK,-nan,-nan,,0.0078125,0.5,32,0.125,1,0.5,0.125,1056768,8192,,,,,,,,,,
0,10/44,21/47,Contraction_l_Ailk_Bjlk_Cijk_Dijk,"(8,1024,1,4096)",Cijk_Ailk_Bjlk_F8F8S_BH_GB_MT64x64x32_MI16x16x16x1_SN_GLVWA4_GLVWB4_GRVW4_K1_SS0_SVW4_WSGRA1_WSGRB1,NO_CHECK,81.401,824.423,,0.0078125,0.5,32,0.125,1,0.5,0.125,1056768,8192,,,,,,,,,,2026-04-18 22:26:47.
0,10/44,22/47,Contraction_l_Ailk_Bjlk_Cijk_Dijk,"(8,1024,1,4096)",Cijk_Ailk_Bjlk_F8F8S_BH_GB_MT64x64x32_MI16x16x16x1_SN_GLVWA8_GLVWB8_GRVW8_K1_SS0_SVW4_WSGRA1_WSGRB1,NO_CHECK,79.401,845.189,,0.0078125,0.5,32,0.125,1,0.5,0.125,1056768,8192,,,,,,,,,,2026-04-18 22:26:47.
And(LeadingFree0SizesGreaterOrEqual(16): (freeA0:8 >= 16) == 0): 0

TruePred: 1
0,10/44,23/47,Contraction_l_Ailk_Bjlk_Cijk_Dijk,"(8,1024,1,4096)",Cijk_Ailk_Bjlk_F8F8S_BH_GB_MT64x64x32_MI16x16x16x1_SN_GLVWA16_GLVWB16_GRVW16_K1_SS0_SVW4_WSGRA1_WSGRB1,NO_CHECK,-nan,-nan,,0.0078125,0.5,32,0.125,1,0.5,0.125,1056768,8192,,,,,,,,,,
0,10/44,24/47,Contraction_l_Ailk_Bjlk_Cijk_Dijk,"(8,1024,1,4096)",Cijk_Ailk_Bjlk_F8F8S_BH_GB_MT64x64x16_MI16x16x16x1_SN_GLVWA4_GLVWB4_GRVW4_K1_SS1_SVW1_WSGRA0_WSGRB0,NO_CHECK,112.921,594.299,,0.0078125,0.5,32,0.125,1,0.5,0.125,1056768,8192,,,,,,,,,,2026-04-18 22:26:47.
0,10/44,25/47,Contraction_l_Ailk_Bjlk_Cijk_Dijk,"(8,1024,1,4096)",Cijk_Ailk_Bjlk_F8F8S_BH_GB_MT64x64x16_MI16x16x16x1_SN_GLVWA8_GLVWB8_GRVW8_K1_SS1_SVW1_WSGRA0_WSGRB0,NO_CHECK,104.241,643.786,,0.0078125,0.5,32,0.125,1,0.5,0.125,1056768,8192,,,,,,,,,,2026-04-18 22:26:47.
And(LeadingFree0SizesGreaterOrEqual(16): (freeA0:8 >= 16) == 0): 0

TruePred: 1
0,10/44,26/47,Contraction_l_Ailk_Bjlk_Cijk_Dijk,"(8,1024,1,4096)",Cijk_Ailk_Bjlk_F8F8S_BH_GB_MT64x64x16_MI16x16x16x1_SN_GLVWA16_GLVWB16_GRVW16_K1_SS1_SVW1_WSGRA0_WSGRB0,NO_CHECK,-nan,-nan,,0.0078125,0.5,32,0.125,1,0.5,0.125,1056768,8192,,,,,,,,,,
0,10/44,27/47,Contraction_l_Ailk_Bjlk_Cijk_Dijk,"(8,1024,1,4096)",Cijk_Ailk_Bjlk_F8F8S_BH_GB_MT64x64x16_MI16x16x16x1_SN_GLVWA4_GLVWB4_GRVW4_K1_SS1_SVW1_WSGRA1_WSGRB0,NO_CHECK,104.16,644.286,,0.0078125,0.5,32,0.125,1,0.5,0.125,1056768,8192,,,,,,,,,,2026-04-18 22:26:47.
0,10/44,28/47,Contraction_l_Ailk_Bjlk_Cijk_Dijk,"(8,1024,1,4096)",Cijk_Ailk_Bjlk_F8F8S_BH_GB_MT64x64x16_MI16x16x16x1_SN_GLVWA8_GLVWB8_GRVW8_K1_SS1_SVW1_WSGRA1_WSGRB0,NO_CHECK,102.96,651.796,,0.0078125,0.5,32,0.125,1,0.5,0.125,1056768,8192,,,,,,,,,,2026-04-18 22:26:47.
And(LeadingFree0SizesGreaterOrEqual(16): (freeA0:8 >= 16) == 0): 0

TruePred: 1
0,10/44,29/47,Contraction_l_Ailk_Bjlk_Cijk_Dijk,"(8,1024,1,4096)",Cijk_Ailk_Bjlk_F8F8S_BH_GB_MT64x64x16_MI16x16x16x1_SN_GLVWA16_GLVWB16_GRVW16_K1_SS1_SVW1_WSGRA1_WSGRB0,NO_CHECK,-nan,-nan,,0.0078125,0.5,32,0.125,1,0.5,0.125,1056768,8192,,,,,,,,,,
0,10/44,30/47,Contraction_l_Ailk_Bjlk_Cijk_Dijk,"(8,1024,1,4096)",Cijk_Ailk_Bjlk_F8F8S_BH_GB_MT64x64x16_MI16x16x16x1_SN_GLVWA4_GLVWB4_GRVW4_K1_SS1_SVW1_WSGRA0_WSGRB1,NO_CHECK,104.841,640.101,,0.0078125,0.5,32,0.125,1,0.5,0.125,1056768,8192,,,,,,,,,,2026-04-18 22:26:47.
0,10/44,31/47,Contraction_l_Ailk_Bjlk_Cijk_Dijk,"(8,1024,1,4096)",Cijk_Ailk_Bjlk_F8F8S_BH_GB_MT64x64x16_MI16x16x16x1_SN_GLVWA8_GLVWB8_GRVW8_K1_SS1_SVW1_WSGRA0_WSGRB1,NO_CHECK,103.6,647.769,,0.0078125,0.5,32,0.125,1,0.5,0.125,1056768,8192,,,,,,,,,,2026-04-18 22:26:47.
And(LeadingFree0SizesGreaterOrEqual(16): (freeA0:8 >= 16) == 0): 0

TruePred: 1
0,10/44,32/47,Contraction_l_Ailk_Bjlk_Cijk_Dijk,"(8,1024,1,4096)",Cijk_Ailk_Bjlk_F8F8S_BH_GB_MT64x64x16_MI16x16x16x1_SN_GLVWA16_GLVWB16_GRVW16_K1_SS1_SVW1_WSGRA0_WSGRB1,NO_CHECK,-nan,-nan,,0.0078125,0.5,32,0.125,1,0.5,0.125,1056768,8192,,,,,,,,,,
0,10/44,33/47,Contraction_l_Ailk_Bjlk_Cijk_Dijk,"(8,1024,1,4096)",Cijk_Ailk_Bjlk_F8F8S_BH_GB_MT64x64x16_MI16x16x16x1_SN_GLVWA4_GLVWB4_GRVW4_K1_SS1_SVW1_WSGRA1_WSGRB1,NO_CHECK,103.92,645.774,,0.0078125,0.5,32,0.125,1,0.5,0.125,1056768,8192,,,,,,,,,,2026-04-18 22:26:47.
0,10/44,34/47,Contraction_l_Ailk_Bjlk_Cijk_Dijk,"(8,1024,1,4096)",Cijk_Ailk_Bjlk_F8F8S_BH_GB_MT64x64x16_MI16x16x16x1_SN_GLVWA8_GLVWB8_GRVW8_K1_SS1_SVW1_WSGRA1_WSGRB1,NO_CHECK,103.76,646.77,,0.0078125,0.5,32,0.125,1,0.5,0.125,1056768,8192,,,,,,,,,,2026-04-18 22:26:47.
And(LeadingFree0SizesGreaterOrEqual(16): (freeA0:8 >= 16) == 0): 0

TruePred: 1
0,10/44,35/47,Contraction_l_Ailk_Bjlk_Cijk_Dijk,"(8,1024,1,4096)",Cijk_Ailk_Bjlk_F8F8S_BH_GB_MT64x64x16_MI16x16x16x1_SN_GLVWA16_GLVWB16_GRVW16_K1_SS1_SVW1_WSGRA1_WSGRB1,NO_CHECK,-nan,-nan,,0.0078125,0.5,32,0.125,1,0.5,0.125,1056768,8192,,,,,,,,,,
0,10/44,36/47,Contraction_l_Ailk_Bjlk_Cijk_Dijk,"(8,1024,1,4096)",Cijk_Ailk_Bjlk_F8F8S_BH_GB_MT64x64x32_MI16x16x16x1_SN_GLVWA4_GLVWB4_GRVW4_K1_SS1_SVW1_WSGRA0_WSGRB0,NO_CHECK,81.48,823.624,,0.0078125,0.5,32,0.125,1,0.5,0.125,1056768,8192,,,,,,,,,,2026-04-18 22:26:47.
0,10/44,37/47,Contraction_l_Ailk_Bjlk_Cijk_Dijk,"(8,1024,1,4096)",Cijk_Ailk_Bjlk_F8F8S_BH_GB_MT64x64x32_MI16x16x16x1_SN_GLVWA8_GLVWB8_GRVW8_K1_SS1_SVW1_WSGRA0_WSGRB0,NO_CHECK,80.32,835.519,,0.0078125,0.5,32,0.125,1,0.5,0.125,1056768,8192,,,,,,,,,,2026-04-18 22:26:47.
And(LeadingFree0SizesGreaterOrEqual(16): (freeA0:8 >= 16) == 0): 0

TruePred: 1
0,10/44,38/47,Contraction_l_Ailk_Bjlk_Cijk_Dijk,"(8,1024,1,4096)",Cijk_Ailk_Bjlk_F8F8S_BH_GB_MT64x64x32_MI16x16x16x1_SN_GLVWA16_GLVWB16_GRVW16_K1_SS1_SVW1_WSGRA0_WSGRB0,NO_CHECK,-nan,-nan,,0.0078125,0.5,32,0.125,1,0.5,0.125,1056768,8192,,,,,,,,,,
0,10/44,39/47,Contraction_l_Ailk_Bjlk_Cijk_Dijk,"(8,1024,1,4096)",Cijk_Ailk_Bjlk_F8F8S_BH_GB_MT64x64x32_MI16x16x16x1_SN_GLVWA4_GLVWB4_GRVW4_K1_SS1_SVW1_WSGRA1_WSGRB0,NO_CHECK,81.56,822.816,,0.0078125,0.5,32,0.125,1,0.5,0.125,1056768,8192,,,,,,,,,,2026-04-18 22:26:47.
0,10/44,40/47,Contraction_l_Ailk_Bjlk_Cijk_Dijk,"(8,1024,1,4096)",Cijk_Ailk_Bjlk_F8F8S_BH_GB_MT64x64x32_MI16x16x16x1_SN_GLVWA8_GLVWB8_GRVW8_K1_SS1_SVW1_WSGRA1_WSGRB0,NO_CHECK,79.88,840.121,,0.0078125,0.5,32,0.125,1,0.5,0.125,1056768,8192,,,,,,,,,,2026-04-18 22:26:47.
And(LeadingFree0SizesGreaterOrEqual(16): (freeA0:8 >= 16) == 0): 0

TruePred: 1
0,10/44,41/47,Contraction_l_Ailk_Bjlk_Cijk_Dijk,"(8,1024,1,4096)",Cijk_Ailk_Bjlk_F8F8S_BH_GB_MT64x64x32_MI16x16x16x1_SN_GLVWA16_GLVWB16_GRVW16_K1_SS1_SVW1_WSGRA1_WSGRB0,NO_CHECK,-nan,-nan,,0.0078125,0.5,32,0.125,1,0.5,0.125,1056768,8192,,,,,,,,,,
0,10/44,42/47,Contraction_l_Ailk_Bjlk_Cijk_Dijk,"(8,1024,1,4096)",Cijk_Ailk_Bjlk_F8F8S_BH_GB_MT64x64x32_MI16x16x16x1_SN_GLVWA4_GLVWB4_GRVW4_K1_SS1_SVW1_WSGRA0_WSGRB1,NO_CHECK,89.24,752.004,,0.0078125,0.5,32,0.125,1,0.5,0.125,1056768,8192,,,,,,,,,,2026-04-18 22:26:47.
0,10/44,43/47,Contraction_l_Ailk_Bjlk_Cijk_Dijk,"(8,1024,1,4096)",Cijk_Ailk_Bjlk_F8F8S_BH_GB_MT64x64x32_MI16x16x16x1_SN_GLVWA8_GLVWB8_GRVW8_K1_SS1_SVW1_WSGRA0_WSGRB1,NO_CHECK,87.201,769.588,,0.0078125,0.5,32,0.125,1,0.5,0.125,1056768,8192,,,,,,,,,,2026-04-18 22:26:47.
And(LeadingFree0SizesGreaterOrEqual(16): (freeA0:8 >= 16) == 0): 0

TruePred: 1
0,10/44,44/47,Contraction_l_Ailk_Bjlk_Cijk_Dijk,"(8,1024,1,4096)",Cijk_Ailk_Bjlk_F8F8S_BH_GB_MT64x64x32_MI16x16x16x1_SN_GLVWA16_GLVWB16_GRVW16_K1_SS1_SVW1_WSGRA0_WSGRB1,NO_CHECK,-nan,-nan,,0.0078125,0.5,32,0.125,1,0.5,0.125,1056768,8192,,,,,,,,,,
0,10/44,45/47,Contraction_l_Ailk_Bjlk_Cijk_Dijk,"(8,1024,1,4096)",Cijk_Ailk_Bjlk_F8F8S_BH_GB_MT64x64x32_MI16x16x16x1_SN_GLVWA4_GLVWB4_GRVW4_K1_SS1_SVW1_WSGRA1_WSGRB1,NO_CHECK,89.32,751.331,,0.0078125,0.5,32,0.125,1,0.5,0.125,1056768,8192,,,,,,,,,,2026-04-18 22:26:47.
0,10/44,46/47,Contraction_l_Ailk_Bjlk_Cijk_Dijk,"(8,1024,1,4096)",Cijk_Ailk_Bjlk_F8F8S_BH_GB_MT64x64x32_MI16x16x16x1_SN_GLVWA8_GLVWB8_GRVW8_K1_SS1_SVW1_WSGRA1_WSGRB1,NO_CHECK,87.521,766.774,,0.0078125,0.5,32,0.125,1,0.5,0.125,1056768,8192,,,,,,,,,,2026-04-18 22:26:47.
And(LeadingFree0SizesGreaterOrEqual(16): (freeA0:8 >= 16) == 0): 0

TruePred: 1
0,10/44,47/47,Contraction_l_Ailk_Bjlk_Cijk_Dijk,"(8,1024,1,4096)",Cijk_Ailk_Bjlk_F8F8S_BH_GB_MT64x64x32_MI16x16x16x1_SN_GLVWA16_GLVWB16_GRVW16_K1_SS1_SVW1_WSGRA1_WSGRB1,NO_CHECK,-nan,-nan,,0.0078125,0.5,32,0.125,1,0.5,0.125,1056768,8192,,,,,,,,,,
0,11/44,0/47,Contraction_l_Ailk_Bjlk_Cijk_Dijk,"(8,1024,1,8192)",Cijk_Ailk_Bjlk_F8F8S_BH_GB_MT64x64x16_MI16x16x16x1_SN_GLVWA4_GLVWB4_GRVW4_K1_SS0_SVW4_WSGRA0_WSGRB0,NO_CHECK,597.044,224.804,,0.0078125,0.5,32,0.125,1,0.5,0.125,2105344,8192,,,,,,,,,,2026-04-18 22:26:47.
0,11/44,1/47,Contraction_l_Ailk_Bjlk_Cijk_Dijk,"(8,1024,1,8192)",Cijk_Ailk_Bjlk_F8F8S_BH_GB_MT64x64x16_MI16x16x16x1_SN_GLVWA8_GLVWB8_GRVW8_K1_SS0_SVW4_WSGRA0_WSGRB0,NO_CHECK,210.202,638.518,,0.0078125,0.5,32,0.125,1,0.5,0.125,2105344,8192,,,,,,,,,,2026-04-18 22:26:47.
And(LeadingFree0SizesGreaterOrEqual(16): (freeA0:8 >= 16) == 0): 0

TruePred: 1
0,11/44,2/47,Contraction_l_Ailk_Bjlk_Cijk_Dijk,"(8,1024,1,8192)",Cijk_Ailk_Bjlk_F8F8S_BH_GB_MT64x64x16_MI16x16x16x1_SN_GLVWA16_GLVWB16_GRVW16_K1_SS0_SVW4_WSGRA0_WSGRB0,NO_CHECK,-nan,-nan,,0.0078125,0.5,32,0.125,1,0.5,0.125,2105344,8192,,,,,,,,,,
0,11/44,3/47,Contraction_l_Ailk_Bjlk_Cijk_Dijk,"(8,1024,1,8192)",Cijk_Ailk_Bjlk_F8F8S_BH_GB_MT64x64x16_MI16x16x16x1_SN_GLVWA4_GLVWB4_GRVW4_K1_SS0_SVW4_WSGRA1_WSGRB0,NO_CHECK,203.801,658.572,,0.0078125,0.5,32,0.125,1,0.5,0.125,2105344,8192,,,,,,,,,,2026-04-18 22:26:47.
0,11/44,4/47,Contraction_l_Ailk_Bjlk_Cijk_Dijk,"(8,1024,1,8192)",Cijk_Ailk_Bjlk_F8F8S_BH_GB_MT64x64x16_MI16x16x16x1_SN_GLVWA8_GLVWB8_GRVW8_K1_SS0_SVW4_WSGRA1_WSGRB0,NO_CHECK,202.122,664.043,,0.0078125,0.5,32,0.125,1,0.5,0.125,2105344,8192,,,,,,,,,,2026-04-18 22:26:47.
And(LeadingFree0SizesGreaterOrEqual(16): (freeA0:8 >= 16) == 0): 0

TruePred: 1
0,11/44,5/47,Contraction_l_Ailk_Bjlk_Cijk_Dijk,"(8,1024,1,8192)",Cijk_Ailk_Bjlk_F8F8S_BH_GB_MT64x64x16_MI16x16x16x1_SN_GLVWA16_GLVWB16_GRVW16_K1_SS0_SVW4_WSGRA1_WSGRB0,NO_CHECK,-nan,-nan,,0.0078125,0.5,32,0.125,1,0.5,0.125,2105344,8192,,,,,,,,,,
0,11/44,6/47,Contraction_l_Ailk_Bjlk_Cijk_Dijk,"(8,1024,1,8192)",Cijk_Ailk_Bjlk_F8F8S_BH_GB_MT64x64x16_MI16x16x16x1_SN_GLVWA4_GLVWB4_GRVW4_K1_SS0_SVW4_WSGRA0_WSGRB1,NO_CHECK,202.522,662.732,,0.0078125,0.5,32,0.125,1,0.5,0.125,2105344,8192,,,,,,,,,,2026-04-18 22:26:47.
0,11/44,7/47,Contraction_l_Ailk_Bjlk_Cijk_Dijk,"(8,1024,1,8192)",Cijk_Ailk_Bjlk_F8F8S_BH_GB_MT64x64x16_MI16x16x16x1_SN_GLVWA8_GLVWB8_GRVW8_K1_SS0_SVW4_WSGRA0_WSGRB1,NO_CHECK,202.201,663.784,,0.0078125,0.5,32,0.125,1,0.5,0.125,2105344,8192,,,,,,,,,,2026-04-18 22:26:47.
And(LeadingFree0SizesGreaterOrEqual(16): (freeA0:8 >= 16) == 0): 0

TruePred: 1
0,11/44,8/47,Contraction_l_Ailk_Bjlk_Cijk_Dijk,"(8,1024,1,8192)",Cijk_Ailk_Bjlk_F8F8S_BH_GB_MT64x64x16_MI16x16x16x1_SN_GLVWA16_GLVWB16_GRVW16_K1_SS0_SVW4_WSGRA0_WSGRB1,NO_CHECK,-nan,-nan,,0.0078125,0.5,32,0.125,1,0.5,0.125,2105344,8192,,,,,,,,,,
0,11/44,9/47,Contraction_l_Ailk_Bjlk_Cijk_Dijk,"(8,1024,1,8192)",Cijk_Ailk_Bjlk_F8F8S_BH_GB_MT64x64x16_MI16x16x16x1_SN_GLVWA4_GLVWB4_GRVW4_K1_SS0_SVW4_WSGRA1_WSGRB1,NO_CHECK,204.082,657.666,,0.0078125,0.5,32,0.125,1,0.5,0.125,2105344,8192,,,,,,,,,,2026-04-18 22:26:47.
0,11/44,10/47,Contraction_l_Ailk_Bjlk_Cijk_Dijk,"(8,1024,1,8192)",Cijk_Ailk_Bjlk_F8F8S_BH_GB_MT64x64x16_MI16x16x16x1_SN_GLVWA8_GLVWB8_GRVW8_K1_SS0_SVW4_WSGRA1_WSGRB1,NO_CHECK,201.721,665.363,,0.0078125,0.5,32,0.125,1,0.5,0.125,2105344,8192,,,,,,,,,,2026-04-18 22:26:47.
And(LeadingFree0SizesGreaterOrEqual(16): (freeA0:8 >= 16) == 0): 0

TruePred: 1
0,11/44,11/47,Contraction_l_Ailk_Bjlk_Cijk_Dijk,"(8,1024,1,8192)",Cijk_Ailk_Bjlk_F8F8S_BH_GB_MT64x64x16_MI16x16x16x1_SN_GLVWA16_GLVWB16_GRVW16_K1_SS0_SVW4_WSGRA1_WSGRB1,NO_CHECK,-nan,-nan,,0.0078125,0.5,32,0.125,1,0.5,0.125,2105344,8192,,,,,,,,,,
0,11/44,12/47,Contraction_l_Ailk_Bjlk_Cijk_Dijk,"(8,1024,1,8192)",Cijk_Ailk_Bjlk_F8F8S_BH_GB_MT64x64x32_MI16x16x16x1_SN_GLVWA4_GLVWB4_GRVW4_K1_SS0_SVW4_WSGRA0_WSGRB0,NO_CHECK,152.322,881.145,,0.0078125,0.5,32,0.125,1,0.5,0.125,2105344,8192,,,,,,,,,,2026-04-18 22:26:47.
0,11/44,13/47,Contraction_l_Ailk_Bjlk_Cijk_Dijk,"(8,1024,1,8192)",Cijk_Ailk_Bjlk_F8F8S_BH_GB_MT64x64x32_MI16x16x16x1_SN_GLVWA8_GLVWB8_GRVW8_K1_SS0_SVW4_WSGRA0_WSGRB0,NO_CHECK,150.041,894.54,,0.0078125,0.5,32,0.125,1,0.5,0.125,2105344,8192,,,,,,,,,,2026-04-18 22:26:47.
And(LeadingFree0SizesGreaterOrEqual(16): (freeA0:8 >= 16) == 0): 0

TruePred: 1
0,11/44,14/47,Contraction_l_Ailk_Bjlk_Cijk_Dijk,"(8,1024,1,8192)",Cijk_Ailk_Bjlk_F8F8S_BH_GB_MT64x64x32_MI16x16x16x1_SN_GLVWA16_GLVWB16_GRVW16_K1_SS0_SVW4_WSGRA0_WSGRB0,NO_CHECK,-nan,-nan,,0.0078125,0.5,32,0.125,1,0.5,0.125,2105344,8192,,,,,,,,,,
0,11/44,15/47,Contraction_l_Ailk_Bjlk_Cijk_Dijk,"(8,1024,1,8192)",Cijk_Ailk_Bjlk_F8F8S_BH_GB_MT64x64x32_MI16x16x16x1_SN_GLVWA4_GLVWB4_GRVW4_K1_SS0_SVW4_WSGRA1_WSGRB0,NO_CHECK,153.202,876.083,,0.0078125,0.5,32,0.125,1,0.5,0.125,2105344,8192,,,,,,,,,,2026-04-18 22:26:47.
0,11/44,16/47,Contraction_l_Ailk_Bjlk_Cijk_Dijk,"(8,1024,1,8192)",Cijk_Ailk_Bjlk_F8F8S_BH_GB_MT64x64x32_MI16x16x16x1_SN_GLVWA8_GLVWB8_GRVW8_K1_SS0_SVW4_WSGRA1_WSGRB0,NO_CHECK,149.441,898.132,,0.0078125,0.5,32,0.125,1,0.5,0.125,2105344,8192,,,,,,,,,,2026-04-18 22:26:47.
And(LeadingFree0SizesGreaterOrEqual(16): (freeA0:8 >= 16) == 0): 0

TruePred: 1
0,11/44,17/47,Contraction_l_Ailk_Bjlk_Cijk_Dijk,"(8,1024,1,8192)",Cijk_Ailk_Bjlk_F8F8S_BH_GB_MT64x64x32_MI16x16x16x1_SN_GLVWA16_GLVWB16_GRVW16_K1_SS0_SVW4_WSGRA1_WSGRB0,NO_CHECK,-nan,-nan,,0.0078125,0.5,32,0.125,1,0.5,0.125,2105344,8192,,,,,,,,,,
0,11/44,18/47,Contraction_l_Ailk_Bjlk_Cijk_Dijk,"(8,1024,1,8192)",Cijk_Ailk_Bjlk_F8F8S_BH_GB_MT64x64x32_MI16x16x16x1_SN_GLVWA4_GLVWB4_GRVW4_K1_SS0_SVW4_WSGRA0_WSGRB1,NO_CHECK,152.681,879.073,,0.0078125,0.5,32,0.125,1,0.5,0.125,2105344,8192,,,,,,,,,,2026-04-18 22:26:47.
0,11/44,19/47,Contraction_l_Ailk_Bjlk_Cijk_Dijk,"(8,1024,1,8192)",Cijk_Ailk_Bjlk_F8F8S_BH_GB_MT64x64x32_MI16x16x16x1_SN_GLVWA8_GLVWB8_GRVW8_K1_SS0_SVW4_WSGRA0_WSGRB1,NO_CHECK,151.281,887.208,,0.0078125,0.5,32,0.125,1,0.5,0.125,2105344,8192,,,,,,,,,,2026-04-18 22:26:47.
And(LeadingFree0SizesGreaterOrEqual(16): (freeA0:8 >= 16) == 0): 0

TruePred: 1
0,11/44,20/47,Contraction_l_Ailk_Bjlk_Cijk_Dijk,"(8,1024,1,8192)",Cijk_Ailk_Bjlk_F8F8S_BH_GB_MT64x64x32_MI16x16x16x1_SN_GLVWA16_GLVWB16_GRVW16_K1_SS0_SVW4_WSGRA0_WSGRB1,NO_CHECK,-nan,-nan,,0.0078125,0.5,32,0.125,1,0.5,0.125,2105344,8192,,,,,,,,,,
0,11/44,21/47,Contraction_l_Ailk_Bjlk_Cijk_Dijk,"(8,1024,1,8192)",Cijk_Ailk_Bjlk_F8F8S_BH_GB_MT64x64x32_MI16x16x16x1_SN_GLVWA4_GLVWB4_GRVW4_K1_SS0_SVW4_WSGRA1_WSGRB1,NO_CHECK,154.202,870.402,,0.0078125,0.5,32,0.125,1,0.5,0.125,2105344,8192,,,,,,,,,,2026-04-18 22:26:47.
0,11/44,22/47,Contraction_l_Ailk_Bjlk_Cijk_Dijk,"(8,1024,1,8192)",Cijk_Ailk_Bjlk_F8F8S_BH_GB_MT64x64x32_MI16x16x16x1_SN_GLVWA8_GLVWB8_GRVW8_K1_SS0_SVW4_WSGRA1_WSGRB1,NO_CHECK,149.601,897.171,,0.0078125,0.5,32,0.125,1,0.5,0.125,2105344,8192,,,,,,,,,,2026-04-18 22:26:47.
And(LeadingFree0SizesGreaterOrEqual(16): (freeA0:8 >= 16) == 0): 0

TruePred: 1
0,11/44,23/47,Contraction_l_Ailk_Bjlk_Cijk_Dijk,"(8,1024,1,8192)",Cijk_Ailk_Bjlk_F8F8S_BH_GB_MT64x64x32_MI16x16x16x1_SN_GLVWA16_GLVWB16_GRVW16_K1_SS0_SVW4_WSGRA1_WSGRB1,NO_CHECK,-nan,-nan,,0.0078125,0.5,32,0.125,1,0.5,0.125,2105344,8192,,,,,,,,,,
0,11/44,24/47,Contraction_l_Ailk_Bjlk_Cijk_Dijk,"(8,1024,1,8192)",Cijk_Ailk_Bjlk_F8F8S_BH_GB_MT64x64x16_MI16x16x16x1_SN_GLVWA4_GLVWB4_GRVW4_K1_SS1_SVW1_WSGRA0_WSGRB0,NO_CHECK,211.401,634.896,,0.0078125,0.5,32,0.125,1,0.5,0.125,2105344,8192,,,,,,,,,,2026-04-18 22:26:47.
0,11/44,25/47,Contraction_l_Ailk_Bjlk_Cijk_Dijk,"(8,1024,1,8192)",Cijk_Ailk_Bjlk_F8F8S_BH_GB_MT64x64x16_MI16x16x16x1_SN_GLVWA8_GLVWB8_GRVW8_K1_SS1_SVW1_WSGRA0_WSGRB0,NO_CHECK,201.921,664.704,,0.0078125,0.5,32,0.125,1,0.5,0.125,2105344,8192,,,,,,,,,,2026-04-18 22:26:47.
And(LeadingFree0SizesGreaterOrEqual(16): (freeA0:8 >= 16) == 0): 0

TruePred: 1
0,11/44,26/47,Contraction_l_Ailk_Bjlk_Cijk_Dijk,"(8,1024,1,8192)",Cijk_Ailk_Bjlk_F8F8S_BH_GB_MT64x64x16_MI16x16x16x1_SN_GLVWA16_GLVWB16_GRVW16_K1_SS1_SVW1_WSGRA0_WSGRB0,NO_CHECK,-nan,-nan,,0.0078125,0.5,32,0.125,1,0.5,0.125,2105344,8192,,,,,,,,,,
0,11/44,27/47,Contraction_l_Ailk_Bjlk_Cijk_Dijk,"(8,1024,1,8192)",Cijk_Ailk_Bjlk_F8F8S_BH_GB_MT64x64x16_MI16x16x16x1_SN_GLVWA4_GLVWB4_GRVW4_K1_SS1_SVW1_WSGRA1_WSGRB0,NO_CHECK,203.882,658.311,,0.0078125,0.5,32,0.125,1,0.5,0.125,2105344,8192,,,,,,,,,,2026-04-18 22:26:47.
0,11/44,28/47,Contraction_l_Ailk_Bjlk_Cijk_Dijk,"(8,1024,1,8192)",Cijk_Ailk_Bjlk_F8F8S_BH_GB_MT64x64x16_MI16x16x16x1_SN_GLVWA8_GLVWB8_GRVW8_K1_SS1_SVW1_WSGRA1_WSGRB0,NO_CHECK,202.081,664.178,,0.0078125,0.5,32,0.125,1,0.5,0.125,2105344,8192,,,,,,,,,,2026-04-18 22:26:47.
And(LeadingFree0SizesGreaterOrEqual(16): (freeA0:8 >= 16) == 0): 0

TruePred: 1
0,11/44,29/47,Contraction_l_Ailk_Bjlk_Cijk_Dijk,"(8,1024,1,8192)",Cijk_Ailk_Bjlk_F8F8S_BH_GB_MT64x64x16_MI16x16x16x1_SN_GLVWA16_GLVWB16_GRVW16_K1_SS1_SVW1_WSGRA1_WSGRB0,NO_CHECK,-nan,-nan,,0.0078125,0.5,32,0.125,1,0.5,0.125,2105344,8192,,,,,,,,,,
0,11/44,30/47,Contraction_l_Ailk_Bjlk_Cijk_Dijk,"(8,1024,1,8192)",Cijk_Ailk_Bjlk_F8F8S_BH_GB_MT64x64x16_MI16x16x16x1_SN_GLVWA4_GLVWB4_GRVW4_K1_SS1_SVW1_WSGRA0_WSGRB1,NO_CHECK,399.643,335.844,,0.0078125,0.5,32,0.125,1,0.5,0.125,2105344,8192,,,,,,,,,,2026-04-18 22:26:47.
0,11/44,31/47,Contraction_l_Ailk_Bjlk_Cijk_Dijk,"(8,1024,1,8192)",Cijk_Ailk_Bjlk_F8F8S_BH_GB_MT64x64x16_MI16x16x16x1_SN_GLVWA8_GLVWB8_GRVW8_K1_SS1_SVW1_WSGRA0_WSGRB1,NO_CHECK,210.401,637.914,,0.0078125,0.5,32,0.125,1,0.5,0.125,2105344,8192,,,,,,,,,,2026-04-18 22:26:47.
And(LeadingFree0SizesGreaterOrEqual(16): (freeA0:8 >= 16) == 0): 0

TruePred: 1
0,11/44,32/47,Contraction_l_Ailk_Bjlk_Cijk_Dijk,"(8,1024,1,8192)",Cijk_Ailk_Bjlk_F8F8S_BH_GB_MT64x64x16_MI16x16x16x1_SN_GLVWA16_GLVWB16_GRVW16_K1_SS1_SVW1_WSGRA0_WSGRB1,NO_CHECK,-nan,-nan,,0.0078125,0.5,32,0.125,1,0.5,0.125,2105344,8192,,,,,,,,,,
0,11/44,33/47,Contraction_l_Ailk_Bjlk_Cijk_Dijk,"(8,1024,1,8192)",Cijk_Ailk_Bjlk_F8F8S_BH_GB_MT64x64x16_MI16x16x16x1_SN_GLVWA4_GLVWB4_GRVW4_K1_SS1_SVW1_WSGRA1_WSGRB1,NO_CHECK,204.522,656.251,,0.0078125,0.5,32,0.125,1,0.5,0.125,2105344,8192,,,,,,,,,,2026-04-18 22:26:47.
0,11/44,34/47,Contraction_l_Ailk_Bjlk_Cijk_Dijk,"(8,1024,1,8192)",Cijk_Ailk_Bjlk_F8F8S_BH_GB_MT64x64x16_MI16x16x16x1_SN_GLVWA8_GLVWB8_GRVW8_K1_SS1_SVW1_WSGRA1_WSGRB1,NO_CHECK,202.201,663.784,,0.0078125,0.5,32,0.125,1,0.5,0.125,2105344,8192,,,,,,,,,,2026-04-18 22:26:47.
And(LeadingFree0SizesGreaterOrEqual(16): (freeA0:8 >= 16) == 0): 0

TruePred: 1
0,11/44,35/47,Contraction_l_Ailk_Bjlk_Cijk_Dijk,"(8,1024,1,8192)",Cijk_Ailk_Bjlk_F8F8S_BH_GB_MT64x64x16_MI16x16x16x1_SN_GLVWA16_GLVWB16_GRVW16_K1_SS1_SVW1_WSGRA1_WSGRB1,NO_CHECK,-nan,-nan,,0.0078125,0.5,32,0.125,1,0.5,0.125,2105344,8192,,,,,,,,,,
0,11/44,36/47,Contraction_l_Ailk_Bjlk_Cijk_Dijk,"(8,1024,1,8192)",Cijk_Ailk_Bjlk_F8F8S_BH_GB_MT64x64x32_MI16x16x16x1_SN_GLVWA4_GLVWB4_GRVW4_K1_SS1_SVW1_WSGRA0_WSGRB0,NO_CHECK,152.921,877.693,,0.0078125,0.5,32,0.125,1,0.5,0.125,2105344,8192,,,,,,,,,,2026-04-18 22:26:47.
0,11/44,37/47,Contraction_l_Ailk_Bjlk_Cijk_Dijk,"(8,1024,1,8192)",Cijk_Ailk_Bjlk_F8F8S_BH_GB_MT64x64x32_MI16x16x16x1_SN_GLVWA8_GLVWB8_GRVW8_K1_SS1_SVW1_WSGRA0_WSGRB0,NO_CHECK,150.521,891.688,,0.0078125,0.5,32,0.125,1,0.5,0.125,2105344,8192,,,,,,,,,,2026-04-18 22:26:47.
And(LeadingFree0SizesGreaterOrEqual(16): (freeA0:8 >= 16) == 0): 0

TruePred: 1
0,11/44,38/47,Contraction_l_Ailk_Bjlk_Cijk_Dijk,"(8,1024,1,8192)",Cijk_Ailk_Bjlk_F8F8S_BH_GB_MT64x64x32_MI16x16x16x1_SN_GLVWA16_GLVWB16_GRVW16_K1_SS1_SVW1_WSGRA0_WSGRB0,NO_CHECK,-nan,-nan,,0.0078125,0.5,32,0.125,1,0.5,0.125,2105344,8192,,,,,,,,,,
0,11/44,39/47,Contraction_l_Ailk_Bjlk_Cijk_Dijk,"(8,1024,1,8192)",Cijk_Ailk_Bjlk_F8F8S_BH_GB_MT64x64x32_MI16x16x16x1_SN_GLVWA4_GLVWB4_GRVW4_K1_SS1_SVW1_WSGRA1_WSGRB0,NO_CHECK,153.602,873.802,,0.0078125,0.5,32,0.125,1,0.5,0.125,2105344,8192,,,,,,,,,,2026-04-18 22:26:47.
0,11/44,40/47,Contraction_l_Ailk_Bjlk_Cijk_Dijk,"(8,1024,1,8192)",Cijk_Ailk_Bjlk_F8F8S_BH_GB_MT64x64x32_MI16x16x16x1_SN_GLVWA8_GLVWB8_GRVW8_K1_SS1_SVW1_WSGRA1_WSGRB0,NO_CHECK,150.442,892.156,,0.0078125,0.5,32,0.125,1,0.5,0.125,2105344,8192,,,,,,,,,,2026-04-18 22:26:47.
And(LeadingFree0SizesGreaterOrEqual(16): (freeA0:8 >= 16) == 0): 0

TruePred: 1
0,11/44,41/47,Contraction_l_Ailk_Bjlk_Cijk_Dijk,"(8,1024,1,8192)",Cijk_Ailk_Bjlk_F8F8S_BH_GB_MT64x64x32_MI16x16x16x1_SN_GLVWA16_GLVWB16_GRVW16_K1_SS1_SVW1_WSGRA1_WSGRB0,NO_CHECK,-nan,-nan,,0.0078125,0.5,32,0.125,1,0.5,0.125,2105344,8192,,,,,,,,,,
0,11/44,42/47,Contraction_l_Ailk_Bjlk_Cijk_Dijk,"(8,1024,1,8192)",Cijk_Ailk_Bjlk_F8F8S_BH_GB_MT64x64x32_MI16x16x16x1_SN_GLVWA4_GLVWB4_GRVW4_K1_SS1_SVW1_WSGRA0_WSGRB1,NO_CHECK,153.282,875.626,,0.0078125,0.5,32,0.125,1,0.5,0.125,2105344,8192,,,,,,,,,,2026-04-18 22:26:47.
0,11/44,43/47,Contraction_l_Ailk_Bjlk_Cijk_Dijk,"(8,1024,1,8192)",Cijk_Ailk_Bjlk_F8F8S_BH_GB_MT64x64x32_MI16x16x16x1_SN_GLVWA8_GLVWB8_GRVW8_K1_SS1_SVW1_WSGRA0_WSGRB1,NO_CHECK,150.962,889.083,,0.0078125,0.5,32,0.125,1,0.5,0.125,2105344,8192,,,,,,,,,,2026-04-18 22:26:47.
And(LeadingFree0SizesGreaterOrEqual(16): (freeA0:8 >= 16) == 0): 0

TruePred: 1
0,11/44,44/47,Contraction_l_Ailk_Bjlk_Cijk_Dijk,"(8,1024,1,8192)",Cijk_Ailk_Bjlk_F8F8S_BH_GB_MT64x64x32_MI16x16x16x1_SN_GLVWA16_GLVWB16_GRVW16_K1_SS1_SVW1_WSGRA0_WSGRB1,NO_CHECK,-nan,-nan,,0.0078125,0.5,32,0.125,1,0.5,0.125,2105344,8192,,,,,,,,,,
0,11/44,45/47,Contraction_l_Ailk_Bjlk_Cijk_Dijk,"(8,1024,1,8192)",Cijk_Ailk_Bjlk_F8F8S_BH_GB_MT64x64x32_MI16x16x16x1_SN_GLVWA4_GLVWB4_GRVW4_K1_SS1_SVW1_WSGRA1_WSGRB1,NO_CHECK,153.361,875.175,,0.0078125,0.5,32,0.125,1,0.5,0.125,2105344,8192,,,,,,,,,,2026-04-18 22:26:47.
0,11/44,46/47,Contraction_l_Ailk_Bjlk_Cijk_Dijk,"(8,1024,1,8192)",Cijk_Ailk_Bjlk_F8F8S_BH_GB_MT64x64x32_MI16x16x16x1_SN_GLVWA8_GLVWB8_GRVW8_K1_SS1_SVW1_WSGRA1_WSGRB1,NO_CHECK,150.481,891.925,,0.0078125,0.5,32,0.125,1,0.5,0.125,2105344,8192,,,,,,,,,,2026-04-18 22:26:47.
And(LeadingFree0SizesGreaterOrEqual(16): (freeA0:8 >= 16) == 0): 0

TruePred: 1
0,11/44,47/47,Contraction_l_Ailk_Bjlk_Cijk_Dijk,"(8,1024,1,8192)",Cijk_Ailk_Bjlk_F8F8S_BH_GB_MT64x64x32_MI16x16x16x1_SN_GLVWA16_GLVWB16_GRVW16_K1_SS1_SVW1_WSGRA1_WSGRB1,NO_CHECK,-nan,-nan,,0.0078125,0.5,32,0.125,1,0.5,0.125,2105344,8192,,,,,,,,,,
0,12/44,0/47,Contraction_l_Ailk_Bjlk_Cijk_Dijk,"(8,4096,1,1024)",Cijk_Ailk_Bjlk_F8F8S_BH_GB_MT64x64x16_MI16x16x16x1_SN_GLVWA4_GLVWB4_GRVW4_K1_SS0_SVW4_WSGRA0_WSGRB0,NO_CHECK,50.241,1335.74,,0.046875,2,32,0.125,1,1,0.375,1081344,32768,,,,,,,,,,2026-04-18 22:26:47.
0,12/44,1/47,Contraction_l_Ailk_Bjlk_Cijk_Dijk,"(8,4096,1,1024)",Cijk_Ailk_Bjlk_F8F8S_BH_GB_MT64x64x16_MI16x16x16x1_SN_GLVWA8_GLVWB8_GRVW8_K1_SS0_SVW4_WSGRA0_WSGRB0,NO_CHECK,45.88,1462.7,,0.046875,2,32,0.125,1,1,0.375,1081344,32768,,,,,,,,,,2026-04-18 22:26:47.
And(LeadingFree0SizesGreaterOrEqual(16): (freeA0:8 >= 16) == 0): 0

TruePred: 1
0,12/44,2/47,Contraction_l_Ailk_Bjlk_Cijk_Dijk,"(8,4096,1,1024)",Cijk_Ailk_Bjlk_F8F8S_BH_GB_MT64x64x16_MI16x16x16x1_SN_GLVWA16_GLVWB16_GRVW16_K1_SS0_SVW4_WSGRA0_WSGRB0,NO_CHECK,-nan,-nan,,0.046875,2,32,0.125,1,1,0.375,1081344,32768,,,,,,,,,,
0,12/44,3/47,Contraction_l_Ailk_Bjlk_Cijk_Dijk,"(8,4096,1,1024)",Cijk_Ailk_Bjlk_F8F8S_BH_GB_MT64x64x16_MI16x16x16x1_SN_GLVWA4_GLVWB4_GRVW4_K1_SS0_SVW4_WSGRA1_WSGRB0,NO_CHECK,47.08,1425.42,,0.046875,2,32,0.125,1,1,0.375,1081344,32768,,,,,,,,,,2026-04-18 22:26:47.
0,12/44,4/47,Contraction_l_Ailk_Bjlk_Cijk_Dijk,"(8,4096,1,1024)",Cijk_Ailk_Bjlk_F8F8S_BH_GB_MT64x64x16_MI16x16x16x1_SN_GLVWA8_GLVWB8_GRVW8_K1_SS0_SVW4_WSGRA1_WSGRB0,NO_CHECK,46.64,1438.87,,0.046875,2,32,0.125,1,1,0.375,1081344,32768,,,,,,,,,,2026-04-18 22:26:47.
And(LeadingFree0SizesGreaterOrEqual(16): (freeA0:8 >= 16) == 0): 0

TruePred: 1
0,12/44,5/47,Contraction_l_Ailk_Bjlk_Cijk_Dijk,"(8,4096,1,1024)",Cijk_Ailk_Bjlk_F8F8S_BH_GB_MT64x64x16_MI16x16x16x1_SN_GLVWA16_GLVWB16_GRVW16_K1_SS0_SVW4_WSGRA1_WSGRB0,NO_CHECK,-nan,-nan,,0.046875,2,32,0.125,1,1,0.375,1081344,32768,,,,,,,,,,
0,12/44,6/47,Contraction_l_Ailk_Bjlk_Cijk_Dijk,"(8,4096,1,1024)",Cijk_Ailk_Bjlk_F8F8S_BH_GB_MT64x64x16_MI16x16x16x1_SN_GLVWA4_GLVWB4_GRVW4_K1_SS0_SVW4_WSGRA0_WSGRB1,NO_CHECK,46.961,1429.03,,0.046875,2,32,0.125,1,1,0.375,1081344,32768,,,,,,,,,,2026-04-18 22:26:47.
0,12/44,7/47,Contraction_l_Ailk_Bjlk_Cijk_Dijk,"(8,4096,1,1024)",Cijk_Ailk_Bjlk_F8F8S_BH_GB_MT64x64x16_MI16x16x16x1_SN_GLVWA8_GLVWB8_GRVW8_K1_SS0_SVW4_WSGRA0_WSGRB1,NO_CHECK,46.04,1457.62,,0.046875,2,32,0.125,1,1,0.375,1081344,32768,,,,,,,,,,2026-04-18 22:26:47.
And(LeadingFree0SizesGreaterOrEqual(16): (freeA0:8 >= 16) == 0): 0

TruePred: 1
0,12/44,8/47,Contraction_l_Ailk_Bjlk_Cijk_Dijk,"(8,4096,1,1024)",Cijk_Ailk_Bjlk_F8F8S_BH_GB_MT64x64x16_MI16x16x16x1_SN_GLVWA16_GLVWB16_GRVW16_K1_SS0_SVW4_WSGRA0_WSGRB1,NO_CHECK,-nan,-nan,,0.046875,2,32,0.125,1,1,0.375,1081344,32768,,,,,,,,,,
0,12/44,9/47,Contraction_l_Ailk_Bjlk_Cijk_Dijk,"(8,4096,1,1024)",Cijk_Ailk_Bjlk_F8F8S_BH_GB_MT64x64x16_MI16x16x16x1_SN_GLVWA4_GLVWB4_GRVW4_K1_SS0_SVW4_WSGRA1_WSGRB1,NO_CHECK,48.12,1394.61,,0.046875,2,32,0.125,1,1,0.375,1081344,32768,,,,,,,,,,2026-04-18 22:26:47.
0,12/44,10/47,Contraction_l_Ailk_Bjlk_Cijk_Dijk,"(8,4096,1,1024)",Cijk_Ailk_Bjlk_F8F8S_BH_GB_MT64x64x16_MI16x16x16x1_SN_GLVWA8_GLVWB8_GRVW8_K1_SS0_SVW4_WSGRA1_WSGRB1,NO_CHECK,46.761,1435.15,,0.046875,2,32,0.125,1,1,0.375,1081344,32768,,,,,,,,,,2026-04-18 22:26:47.
And(LeadingFree0SizesGreaterOrEqual(16): (freeA0:8 >= 16) == 0): 0

TruePred: 1
0,12/44,11/47,Contraction_l_Ailk_Bjlk_Cijk_Dijk,"(8,4096,1,1024)",Cijk_Ailk_Bjlk_F8F8S_BH_GB_MT64x64x16_MI16x16x16x1_SN_GLVWA16_GLVWB16_GRVW16_K1_SS0_SVW4_WSGRA1_WSGRB1,NO_CHECK,-nan,-nan,,0.046875,2,32,0.125,1,1,0.375,1081344,32768,,,,,,,,,,
0,12/44,12/47,Contraction_l_Ailk_Bjlk_Cijk_Dijk,"(8,4096,1,1024)",Cijk_Ailk_Bjlk_F8F8S_BH_GB_MT64x64x32_MI16x16x16x1_SN_GLVWA4_GLVWB4_GRVW4_K1_SS0_SVW4_WSGRA0_WSGRB0,NO_CHECK,42.36,1584.25,,0.046875,2,32,0.125,1,1,0.375,1081344,32768,,,,,,,,,,2026-04-18 22:26:47.
0,12/44,13/47,Contraction_l_Ailk_Bjlk_Cijk_Dijk,"(8,4096,1,1024)",Cijk_Ailk_Bjlk_F8F8S_BH_GB_MT64x64x32_MI16x16x16x1_SN_GLVWA8_GLVWB8_GRVW8_K1_SS0_SVW4_WSGRA0_WSGRB0,NO_CHECK,40.24,1667.72,,0.046875,2,32,0.125,1,1,0.375,1081344,32768,,,,,,,,,,2026-04-18 22:26:47.
And(LeadingFree0SizesGreaterOrEqual(16): (freeA0:8 >= 16) == 0): 0

TruePred: 1
0,12/44,14/47,Contraction_l_Ailk_Bjlk_Cijk_Dijk,"(8,4096,1,1024)",Cijk_Ailk_Bjlk_F8F8S_BH_GB_MT64x64x32_MI16x16x16x1_SN_GLVWA16_GLVWB16_GRVW16_K1_SS0_SVW4_WSGRA0_WSGRB0,NO_CHECK,-nan,-nan,,0.046875,2,32,0.125,1,1,0.375,1081344,32768,,,,,,,,,,
0,12/44,15/47,Contraction_l_Ailk_Bjlk_Cijk_Dijk,"(8,4096,1,1024)",Cijk_Ailk_Bjlk_F8F8S_BH_GB_MT64x64x32_MI16x16x16x1_SN_GLVWA4_GLVWB4_GRVW4_K1_SS0_SVW4_WSGRA1_WSGRB0,NO_CHECK,42.521,1578.25,,0.046875,2,32,0.125,1,1,0.375,1081344,32768,,,,,,,,,,2026-04-18 22:26:47.
0,12/44,16/47,Contraction_l_Ailk_Bjlk_Cijk_Dijk,"(8,4096,1,1024)",Cijk_Ailk_Bjlk_F8F8S_BH_GB_MT64x64x32_MI16x16x16x1_SN_GLVWA8_GLVWB8_GRVW8_K1_SS0_SVW4_WSGRA1_WSGRB0,NO_CHECK,40.28,1666.06,,0.046875,2,32,0.125,1,1,0.375,1081344,32768,,,,,,,,,,2026-04-18 22:26:47.
And(LeadingFree0SizesGreaterOrEqual(16): (freeA0:8 >= 16) == 0): 0

TruePred: 1
0,12/44,17/47,Contraction_l_Ailk_Bjlk_Cijk_Dijk,"(8,4096,1,1024)",Cijk_Ailk_Bjlk_F8F8S_BH_GB_MT64x64x32_MI16x16x16x1_SN_GLVWA16_GLVWB16_GRVW16_K1_SS0_SVW4_WSGRA1_WSGRB0,NO_CHECK,-nan,-nan,,0.046875,2,32,0.125,1,1,0.375,1081344,32768,,,,,,,,,,
0,12/44,18/47,Contraction_l_Ailk_Bjlk_Cijk_Dijk,"(8,4096,1,1024)",Cijk_Ailk_Bjlk_F8F8S_BH_GB_MT64x64x32_MI16x16x16x1_SN_GLVWA4_GLVWB4_GRVW4_K1_SS0_SVW4_WSGRA0_WSGRB1,NO_CHECK,42.48,1579.78,,0.046875,2,32,0.125,1,1,0.375,1081344,32768,,,,,,,,,,2026-04-18 22:26:47.
0,12/44,19/47,Contraction_l_Ailk_Bjlk_Cijk_Dijk,"(8,4096,1,1024)",Cijk_Ailk_Bjlk_F8F8S_BH_GB_MT64x64x32_MI16x16x16x1_SN_GLVWA8_GLVWB8_GRVW8_K1_SS0_SVW4_WSGRA0_WSGRB1,NO_CHECK,40.361,1662.72,,0.046875,2,32,0.125,1,1,0.375,1081344,32768,,,,,,,,,,2026-04-18 22:26:47.
And(LeadingFree0SizesGreaterOrEqual(16): (freeA0:8 >= 16) == 0): 0

TruePred: 1
0,12/44,20/47,Contraction_l_Ailk_Bjlk_Cijk_Dijk,"(8,4096,1,1024)",Cijk_Ailk_Bjlk_F8F8S_BH_GB_MT64x64x32_MI16x16x16x1_SN_GLVWA16_GLVWB16_GRVW16_K1_SS0_SVW4_WSGRA0_WSGRB1,NO_CHECK,-nan,-nan,,0.046875,2,32,0.125,1,1,0.375,1081344,32768,,,,,,,,,,
0,12/44,21/47,Contraction_l_Ailk_Bjlk_Cijk_Dijk,"(8,4096,1,1024)",Cijk_Ailk_Bjlk_F8F8S_BH_GB_MT64x64x32_MI16x16x16x1_SN_GLVWA4_GLVWB4_GRVW4_K1_SS0_SVW4_WSGRA1_WSGRB1,NO_CHECK,42.6,1575.33,,0.046875,2,32,0.125,1,1,0.375,1081344,32768,,,,,,,,,,2026-04-18 22:26:47.
0,12/44,22/47,Contraction_l_Ailk_Bjlk_Cijk_Dijk,"(8,4096,1,1024)",Cijk_Ailk_Bjlk_F8F8S_BH_GB_MT64x64x32_MI16x16x16x1_SN_GLVWA8_GLVWB8_GRVW8_K1_SS0_SVW4_WSGRA1_WSGRB1,NO_CHECK,232.082,289.16,,0.046875,2,32,0.125,1,1,0.375,1081344,32768,,,,,,,,,,2026-04-18 22:26:47.
And(LeadingFree0SizesGreaterOrEqual(16): (freeA0:8 >= 16) == 0): 0

TruePred: 1
0,12/44,23/47,Contraction_l_Ailk_Bjlk_Cijk_Dijk,"(8,4096,1,1024)",Cijk_Ailk_Bjlk_F8F8S_BH_GB_MT64x64x32_MI16x16x16x1_SN_GLVWA16_GLVWB16_GRVW16_K1_SS0_SVW4_WSGRA1_WSGRB1,NO_CHECK,-nan,-nan,,0.046875,2,32,0.125,1,1,0.375,1081344,32768,,,,,,,,,,
0,12/44,24/47,Contraction_l_Ailk_Bjlk_Cijk_Dijk,"(8,4096,1,1024)",Cijk_Ailk_Bjlk_F8F8S_BH_GB_MT64x64x16_MI16x16x16x1_SN_GLVWA4_GLVWB4_GRVW4_K1_SS1_SVW1_WSGRA0_WSGRB0,NO_CHECK,50.56,1327.31,,0.046875,2,32,0.125,1,1,0.375,1081344,32768,,,,,,,,,,2026-04-18 22:26:47.
0,12/44,25/47,Contraction_l_Ailk_Bjlk_Cijk_Dijk,"(8,4096,1,1024)",Cijk_Ailk_Bjlk_F8F8S_BH_GB_MT64x64x16_MI16x16x16x1_SN_GLVWA8_GLVWB8_GRVW8_K1_SS1_SVW1_WSGRA0_WSGRB0,NO_CHECK,46.681,1437.61,,0.046875,2,32,0.125,1,1,0.375,1081344,32768,,,,,,,,,,2026-04-18 22:26:47.
And(LeadingFree0SizesGreaterOrEqual(16): (freeA0:8 >= 16) == 0): 0

TruePred: 1
0,12/44,26/47,Contraction_l_Ailk_Bjlk_Cijk_Dijk,"(8,4096,1,1024)",Cijk_Ailk_Bjlk_F8F8S_BH_GB_MT64x64x16_MI16x16x16x1_SN_GLVWA16_GLVWB16_GRVW16_K1_SS1_SVW1_WSGRA0_WSGRB0,NO_CHECK,-nan,-nan,,0.046875,2,32,0.125,1,1,0.375,1081344,32768,,,,,,,,,,
0,12/44,27/47,Contraction_l_Ailk_Bjlk_Cijk_Dijk,"(8,4096,1,1024)",Cijk_Ailk_Bjlk_F8F8S_BH_GB_MT64x64x16_MI16x16x16x1_SN_GLVWA4_GLVWB4_GRVW4_K1_SS1_SVW1_WSGRA1_WSGRB0,NO_CHECK,47.68,1407.48,,0.046875,2,32,0.125,1,1,0.375,1081344,32768,,,,,,,,,,2026-04-18 22:26:47.
0,12/44,28/47,Contraction_l_Ailk_Bjlk_Cijk_Dijk,"(8,4096,1,1024)",Cijk_Ailk_Bjlk_F8F8S_BH_GB_MT64x64x16_MI16x16x16x1_SN_GLVWA8_GLVWB8_GRVW8_K1_SS1_SVW1_WSGRA1_WSGRB0,NO_CHECK,46.8,1433.95,,0.046875,2,32,0.125,1,1,0.375,1081344,32768,,,,,,,,,,2026-04-18 22:26:47.
And(LeadingFree0SizesGreaterOrEqual(16): (freeA0:8 >= 16) == 0): 0

TruePred: 1
0,12/44,29/47,Contraction_l_Ailk_Bjlk_Cijk_Dijk,"(8,4096,1,1024)",Cijk_Ailk_Bjlk_F8F8S_BH_GB_MT64x64x16_MI16x16x16x1_SN_GLVWA16_GLVWB16_GRVW16_K1_SS1_SVW1_WSGRA1_WSGRB0,NO_CHECK,-nan,-nan,,0.046875,2,32,0.125,1,1,0.375,1081344,32768,,,,,,,,,,
0,12/44,30/47,Contraction_l_Ailk_Bjlk_Cijk_Dijk,"(8,4096,1,1024)",Cijk_Ailk_Bjlk_F8F8S_BH_GB_MT64x64x16_MI16x16x16x1_SN_GLVWA4_GLVWB4_GRVW4_K1_SS1_SVW1_WSGRA0_WSGRB1,NO_CHECK,47.361,1416.96,,0.046875,2,32,0.125,1,1,0.375,1081344,32768,,,,,,,,,,2026-04-18 22:26:47.
0,12/44,31/47,Contraction_l_Ailk_Bjlk_Cijk_Dijk,"(8,4096,1,1024)",Cijk_Ailk_Bjlk_F8F8S_BH_GB_MT64x64x16_MI16x16x16x1_SN_GLVWA8_GLVWB8_GRVW8_K1_SS1_SVW1_WSGRA0_WSGRB1,NO_CHECK,46.68,1437.64,,0.046875,2,32,0.125,1,1,0.375,1081344,32768,,,,,,,,,,2026-04-18 22:26:47.
And(LeadingFree0SizesGreaterOrEqual(16): (freeA0:8 >= 16) == 0): 0

TruePred: 1
0,12/44,32/47,Contraction_l_Ailk_Bjlk_Cijk_Dijk,"(8,4096,1,1024)",Cijk_Ailk_Bjlk_F8F8S_BH_GB_MT64x64x16_MI16x16x16x1_SN_GLVWA16_GLVWB16_GRVW16_K1_SS1_SVW1_WSGRA0_WSGRB1,NO_CHECK,-nan,-nan,,0.046875,2,32,0.125,1,1,0.375,1081344,32768,,,,,,,,,,
0,12/44,33/47,Contraction_l_Ailk_Bjlk_Cijk_Dijk,"(8,4096,1,1024)",Cijk_Ailk_Bjlk_F8F8S_BH_GB_MT64x64x16_MI16x16x16x1_SN_GLVWA4_GLVWB4_GRVW4_K1_SS1_SVW1_WSGRA1_WSGRB1,NO_CHECK,48.48,1384.26,,0.046875,2,32,0.125,1,1,0.375,1081344,32768,,,,,,,,,,2026-04-18 22:26:47.
0,12/44,34/47,Contraction_l_Ailk_Bjlk_Cijk_Dijk,"(8,4096,1,1024)",Cijk_Ailk_Bjlk_F8F8S_BH_GB_MT64x64x16_MI16x16x16x1_SN_GLVWA8_GLVWB8_GRVW8_K1_SS1_SVW1_WSGRA1_WSGRB1,NO_CHECK,47.2,1421.8,,0.046875,2,32,0.125,1,1,0.375,1081344,32768,,,,,,,,,,2026-04-18 22:26:47.
And(LeadingFree0SizesGreaterOrEqual(16): (freeA0:8 >= 16) == 0): 0

TruePred: 1
0,12/44,35/47,Contraction_l_Ailk_Bjlk_Cijk_Dijk,"(8,4096,1,1024)",Cijk_Ailk_Bjlk_F8F8S_BH_GB_MT64x64x16_MI16x16x16x1_SN_GLVWA16_GLVWB16_GRVW16_K1_SS1_SVW1_WSGRA1_WSGRB1,NO_CHECK,-nan,-nan,,0.046875,2,32,0.125,1,1,0.375,1081344,32768,,,,,,,,,,
0,12/44,36/47,Contraction_l_Ailk_Bjlk_Cijk_Dijk,"(8,4096,1,1024)",Cijk_Ailk_Bjlk_F8F8S_BH_GB_MT64x64x32_MI16x16x16x1_SN_GLVWA4_GLVWB4_GRVW4_K1_SS1_SVW1_WSGRA0_WSGRB0,NO_CHECK,43.04,1559.22,,0.046875,2,32,0.125,1,1,0.375,1081344,32768,,,,,,,,,,2026-04-18 22:26:47.
0,12/44,37/47,Contraction_l_Ailk_Bjlk_Cijk_Dijk,"(8,4096,1,1024)",Cijk_Ailk_Bjlk_F8F8S_BH_GB_MT64x64x32_MI16x16x16x1_SN_GLVWA8_GLVWB8_GRVW8_K1_SS1_SVW1_WSGRA0_WSGRB0,NO_CHECK,40.801,1644.78,,0.046875,2,32,0.125,1,1,0.375,1081344,32768,,,,,,,,,,2026-04-18 22:26:47.
And(LeadingFree0SizesGreaterOrEqual(16): (freeA0:8 >= 16) == 0): 0

TruePred: 1
0,12/44,38/47,Contraction_l_Ailk_Bjlk_Cijk_Dijk,"(8,4096,1,1024)",Cijk_Ailk_Bjlk_F8F8S_BH_GB_MT64x64x32_MI16x16x16x1_SN_GLVWA16_GLVWB16_GRVW16_K1_SS1_SVW1_WSGRA0_WSGRB0,NO_CHECK,-nan,-nan,,0.046875,2,32,0.125,1,1,0.375,1081344,32768,,,,,,,,,,
0,12/44,39/47,Contraction_l_Ailk_Bjlk_Cijk_Dijk,"(8,4096,1,1024)",Cijk_Ailk_Bjlk_F8F8S_BH_GB_MT64x64x32_MI16x16x16x1_SN_GLVWA4_GLVWB4_GRVW4_K1_SS1_SVW1_WSGRA1_WSGRB0,NO_CHECK,43.68,1536.38,,0.046875,2,32,0.125,1,1,0.375,1081344,32768,,,,,,,,,,2026-04-18 22:26:47.
0,12/44,40/47,Contraction_l_Ailk_Bjlk_Cijk_Dijk,"(8,4096,1,1024)",Cijk_Ailk_Bjlk_F8F8S_BH_GB_MT64x64x32_MI16x16x16x1_SN_GLVWA8_GLVWB8_GRVW8_K1_SS1_SVW1_WSGRA1_WSGRB0,NO_CHECK,41.24,1627.28,,0.046875,2,32,0.125,1,1,0.375,1081344,32768,,,,,,,,,,2026-04-18 22:26:47.
And(LeadingFree0SizesGreaterOrEqual(16): (freeA0:8 >= 16) == 0): 0

TruePred: 1
0,12/44,41/47,Contraction_l_Ailk_Bjlk_Cijk_Dijk,"(8,4096,1,1024)",Cijk_Ailk_Bjlk_F8F8S_BH_GB_MT64x64x32_MI16x16x16x1_SN_GLVWA16_GLVWB16_GRVW16_K1_SS1_SVW1_WSGRA1_WSGRB0,NO_CHECK,-nan,-nan,,0.046875,2,32,0.125,1,1,0.375,1081344,32768,,,,,,,,,,
0,12/44,42/47,Contraction_l_Ailk_Bjlk_Cijk_Dijk,"(8,4096,1,1024)",Cijk_Ailk_Bjlk_F8F8S_BH_GB_MT64x64x32_MI16x16x16x1_SN_GLVWA4_GLVWB4_GRVW4_K1_SS1_SVW1_WSGRA0_WSGRB1,NO_CHECK,43.361,1547.68,,0.046875,2,32,0.125,1,1,0.375,1081344,32768,,,,,,,,,,2026-04-18 22:26:47.
0,12/44,43/47,Contraction_l_Ailk_Bjlk_Cijk_Dijk,"(8,4096,1,1024)",Cijk_Ailk_Bjlk_F8F8S_BH_GB_MT64x64x32_MI16x16x16x1_SN_GLVWA8_GLVWB8_GRVW8_K1_SS1_SVW1_WSGRA0_WSGRB1,NO_CHECK,41.12,1632.02,,0.046875,2,32,0.125,1,1,0.375,1081344,32768,,,,,,,,,,2026-04-18 22:26:47.
And(LeadingFree0SizesGreaterOrEqual(16): (freeA0:8 >= 16) == 0): 0

TruePred: 1
0,12/44,44/47,Contraction_l_Ailk_Bjlk_Cijk_Dijk,"(8,4096,1,1024)",Cijk_Ailk_Bjlk_F8F8S_BH_GB_MT64x64x32_MI16x16x16x1_SN_GLVWA16_GLVWB16_GRVW16_K1_SS1_SVW1_WSGRA0_WSGRB1,NO_CHECK,-nan,-nan,,0.046875,2,32,0.125,1,1,0.375,1081344,32768,,,,,,,,,,
0,12/44,45/47,Contraction_l_Ailk_Bjlk_Cijk_Dijk,"(8,4096,1,1024)",Cijk_Ailk_Bjlk_F8F8S_BH_GB_MT64x64x32_MI16x16x16x1_SN_GLVWA4_GLVWB4_GRVW4_K1_SS1_SVW1_WSGRA1_WSGRB1,NO_CHECK,43.44,1544.86,,0.046875,2,32,0.125,1,1,0.375,1081344,32768,,,,,,,,,,2026-04-18 22:26:47.
0,12/44,46/47,Contraction_l_Ailk_Bjlk_Cijk_Dijk,"(8,4096,1,1024)",Cijk_Ailk_Bjlk_F8F8S_BH_GB_MT64x64x32_MI16x16x16x1_SN_GLVWA8_GLVWB8_GRVW8_K1_SS1_SVW1_WSGRA1_WSGRB1,NO_CHECK,41.001,1636.76,,0.046875,2,32,0.125,1,1,0.375,1081344,32768,,,,,,,,,,2026-04-18 22:26:47.
And(LeadingFree0SizesGreaterOrEqual(16): (freeA0:8 >= 16) == 0): 0

TruePred: 1
0,12/44,47/47,Contraction_l_Ailk_Bjlk_Cijk_Dijk,"(8,4096,1,1024)",Cijk_Ailk_Bjlk_F8F8S_BH_GB_MT64x64x32_MI16x16x16x1_SN_GLVWA16_GLVWB16_GRVW16_K1_SS1_SVW1_WSGRA1_WSGRB1,NO_CHECK,-nan,-nan,,0.046875,2,32,0.125,1,1,0.375,1081344,32768,,,,,,,,,,
0,13/44,0/47,Contraction_l_Ailk_Bjlk_Cijk_Dijk,"(8,4096,1,4096)",Cijk_Ailk_Bjlk_F8F8S_BH_GB_MT64x64x16_MI16x16x16x1_SN_GLVWA4_GLVWB4_GRVW4_K1_SS0_SVW4_WSGRA0_WSGRB0,NO_CHECK,270.682,991.7,,0.046875,2,32,0.125,1,1,0.375,4227072,32768,,,,,,,,,,2026-04-18 22:26:47.
0,13/44,1/47,Contraction_l_Ailk_Bjlk_Cijk_Dijk,"(8,4096,1,4096)",Cijk_Ailk_Bjlk_F8F8S_BH_GB_MT64x64x16_MI16x16x16x1_SN_GLVWA8_GLVWB8_GRVW8_K1_SS0_SVW4_WSGRA0_WSGRB0,NO_CHECK,115.041,2333.39,,0.046875,2,32,0.125,1,1,0.375,4227072,32768,,,,,,,,,,2026-04-18 22:26:47.
And(LeadingFree0SizesGreaterOrEqual(16): (freeA0:8 >= 16) == 0): 0

TruePred: 1
0,13/44,2/47,Contraction_l_Ailk_Bjlk_Cijk_Dijk,"(8,4096,1,4096)",Cijk_Ailk_Bjlk_F8F8S_BH_GB_MT64x64x16_MI16x16x16x1_SN_GLVWA16_GLVWB16_GRVW16_K1_SS0_SVW4_WSGRA0_WSGRB0,NO_CHECK,-nan,-nan,,0.046875,2,32,0.125,1,1,0.375,4227072,32768,,,,,,,,,,
0,13/44,3/47,Contraction_l_Ailk_Bjlk_Cijk_Dijk,"(8,4096,1,4096)",Cijk_Ailk_Bjlk_F8F8S_BH_GB_MT64x64x16_MI16x16x16x1_SN_GLVWA4_GLVWB4_GRVW4_K1_SS0_SVW4_WSGRA1_WSGRB0,NO_CHECK,114.321,2348.09,,0.046875,2,32,0.125,1,1,0.375,4227072,32768,,,,,,,,,,2026-04-18 22:26:47.
0,13/44,4/47,Contraction_l_Ailk_Bjlk_Cijk_Dijk,"(8,4096,1,4096)",Cijk_Ailk_Bjlk_F8F8S_BH_GB_MT64x64x16_MI16x16x16x1_SN_GLVWA8_GLVWB8_GRVW8_K1_SS0_SVW4_WSGRA1_WSGRB0,NO_CHECK,115.041,2333.39,,0.046875,2,32,0.125,1,1,0.375,4227072,32768,,,,,,,,,,2026-04-18 22:26:47.
And(LeadingFree0SizesGreaterOrEqual(16): (freeA0:8 >= 16) == 0): 0

TruePred: 1
0,13/44,5/47,Contraction_l_Ailk_Bjlk_Cijk_Dijk,"(8,4096,1,4096)",Cijk_Ailk_Bjlk_F8F8S_BH_GB_MT64x64x16_MI16x16x16x1_SN_GLVWA16_GLVWB16_GRVW16_K1_SS0_SVW4_WSGRA1_WSGRB0,NO_CHECK,-nan,-nan,,0.046875,2,32,0.125,1,1,0.375,4227072,32768,,,,,,,,,,
0,13/44,6/47,Contraction_l_Ailk_Bjlk_Cijk_Dijk,"(8,4096,1,4096)",Cijk_Ailk_Bjlk_F8F8S_BH_GB_MT64x64x16_MI16x16x16x1_SN_GLVWA4_GLVWB4_GRVW4_K1_SS0_SVW4_WSGRA0_WSGRB1,NO_CHECK,114.521,2343.98,,0.046875,2,32,0.125,1,1,0.375,4227072,32768,,,,,,,,,,2026-04-18 22:26:47.
0,13/44,7/47,Contraction_l_Ailk_Bjlk_Cijk_Dijk,"(8,4096,1,4096)",Cijk_Ailk_Bjlk_F8F8S_BH_GB_MT64x64x16_MI16x16x16x1_SN_GLVWA8_GLVWB8_GRVW8_K1_SS0_SVW4_WSGRA0_WSGRB1,NO_CHECK,115.081,2332.58,,0.046875,2,32,0.125,1,1,0.375,4227072,32768,,,,,,,,,,2026-04-18 22:26:47.
And(LeadingFree0SizesGreaterOrEqual(16): (freeA0:8 >= 16) == 0): 0

TruePred: 1
0,13/44,8/47,Contraction_l_Ailk_Bjlk_Cijk_Dijk,"(8,4096,1,4096)",Cijk_Ailk_Bjlk_F8F8S_BH_GB_MT64x64x16_MI16x16x16x1_SN_GLVWA16_GLVWB16_GRVW16_K1_SS0_SVW4_WSGRA0_WSGRB1,NO_CHECK,-nan,-nan,,0.046875,2,32,0.125,1,1,0.375,4227072,32768,,,,,,,,,,
0,13/44,9/47,Contraction_l_Ailk_Bjlk_Cijk_Dijk,"(8,4096,1,4096)",Cijk_Ailk_Bjlk_F8F8S_BH_GB_MT64x64x16_MI16x16x16x1_SN_GLVWA4_GLVWB4_GRVW4_K1_SS0_SVW4_WSGRA1_WSGRB1,NO_CHECK,116.16,2310.91,,0.046875,2,32,0.125,1,1,0.375,4227072,32768,,,,,,,,,,2026-04-18 22:26:47.
0,13/44,10/47,Contraction_l_Ailk_Bjlk_Cijk_Dijk,"(8,4096,1,4096)",Cijk_Ailk_Bjlk_F8F8S_BH_GB_MT64x64x16_MI16x16x16x1_SN_GLVWA8_GLVWB8_GRVW8_K1_SS0_SVW4_WSGRA1_WSGRB1,NO_CHECK,114.32,2348.11,,0.046875,2,32,0.125,1,1,0.375,4227072,32768,,,,,,,,,,2026-04-18 22:26:47.
And(LeadingFree0SizesGreaterOrEqual(16): (freeA0:8 >= 16) == 0): 0

TruePred: 1
0,13/44,11/47,Contraction_l_Ailk_Bjlk_Cijk_Dijk,"(8,4096,1,4096)",Cijk_Ailk_Bjlk_F8F8S_BH_GB_MT64x64x16_MI16x16x16x1_SN_GLVWA16_GLVWB16_GRVW16_K1_SS0_SVW4_WSGRA1_WSGRB1,NO_CHECK,-nan,-nan,,0.046875,2,32,0.125,1,1,0.375,4227072,32768,,,,,,,,,,
0,13/44,12/47,Contraction_l_Ailk_Bjlk_Cijk_Dijk,"(8,4096,1,4096)",Cijk_Ailk_Bjlk_F8F8S_BH_GB_MT64x64x32_MI16x16x16x1_SN_GLVWA4_GLVWB4_GRVW4_K1_SS0_SVW4_WSGRA0_WSGRB0,NO_CHECK,87.721,3060.1,,0.046875,2,32,0.125,1,1,0.375,4227072,32768,,,,,,,,,,2026-04-18 22:26:47.
0,13/44,13/47,Contraction_l_Ailk_Bjlk_Cijk_Dijk,"(8,4096,1,4096)",Cijk_Ailk_Bjlk_F8F8S_BH_GB_MT64x64x32_MI16x16x16x1_SN_GLVWA8_GLVWB8_GRVW8_K1_SS0_SVW4_WSGRA0_WSGRB0,NO_CHECK,85.561,3137.36,,0.046875,2,32,0.125,1,1,0.375,4227072,32768,,,,,,,,,,2026-04-18 22:26:47.
And(LeadingFree0SizesGreaterOrEqual(16): (freeA0:8 >= 16) == 0): 0

TruePred: 1
0,13/44,14/47,Contraction_l_Ailk_Bjlk_Cijk_Dijk,"(8,4096,1,4096)",Cijk_Ailk_Bjlk_F8F8S_BH_GB_MT64x64x32_MI16x16x16x1_SN_GLVWA16_GLVWB16_GRVW16_K1_SS0_SVW4_WSGRA0_WSGRB0,NO_CHECK,-nan,-nan,,0.046875,2,32,0.125,1,1,0.375,4227072,32768,,,,,,,,,,
0,13/44,15/47,Contraction_l_Ailk_Bjlk_Cijk_Dijk,"(8,4096,1,4096)",Cijk_Ailk_Bjlk_F8F8S_BH_GB_MT64x64x32_MI16x16x16x1_SN_GLVWA4_GLVWB4_GRVW4_K1_SS0_SVW4_WSGRA1_WSGRB0,NO_CHECK,87.521,3067.1,,0.046875,2,32,0.125,1,1,0.375,4227072,32768,,,,,,,,,,2026-04-18 22:26:47.
0,13/44,16/47,Contraction_l_Ailk_Bjlk_Cijk_Dijk,"(8,4096,1,4096)",Cijk_Ailk_Bjlk_F8F8S_BH_GB_MT64x64x32_MI16x16x16x1_SN_GLVWA8_GLVWB8_GRVW8_K1_SS0_SVW4_WSGRA1_WSGRB0,NO_CHECK,85.761,3130.04,,0.046875,2,32,0.125,1,1,0.375,4227072,32768,,,,,,,,,,2026-04-18 22:26:47.
And(LeadingFree0SizesGreaterOrEqual(16): (freeA0:8 >= 16) == 0): 0

TruePred: 1
0,13/44,17/47,Contraction_l_Ailk_Bjlk_Cijk_Dijk,"(8,4096,1,4096)",Cijk_Ailk_Bjlk_F8F8S_BH_GB_MT64x64x32_MI16x16x16x1_SN_GLVWA16_GLVWB16_GRVW16_K1_SS0_SVW4_WSGRA1_WSGRB0,NO_CHECK,-nan,-nan,,0.046875,2,32,0.125,1,1,0.375,4227072,32768,,,,,,,,,,
0,13/44,18/47,Contraction_l_Ailk_Bjlk_Cijk_Dijk,"(8,4096,1,4096)",Cijk_Ailk_Bjlk_F8F8S_BH_GB_MT64x64x32_MI16x16x16x1_SN_GLVWA4_GLVWB4_GRVW4_K1_SS0_SVW4_WSGRA0_WSGRB1,NO_CHECK,286.043,938.444,,0.046875,2,32,0.125,1,1,0.375,4227072,32768,,,,,,,,,,2026-04-18 22:26:47.
0,13/44,19/47,Contraction_l_Ailk_Bjlk_Cijk_Dijk,"(8,4096,1,4096)",Cijk_Ailk_Bjlk_F8F8S_BH_GB_MT64x64x32_MI16x16x16x1_SN_GLVWA8_GLVWB8_GRVW8_K1_SS0_SVW4_WSGRA0_WSGRB1,NO_CHECK,89.041,3014.74,,0.046875,2,32,0.125,1,1,0.375,4227072,32768,,,,,,,,,,2026-04-18 22:26:47.
And(LeadingFree0SizesGreaterOrEqual(16): (freeA0:8 >= 16) == 0): 0

TruePred: 1
0,13/44,20/47,Contraction_l_Ailk_Bjlk_Cijk_Dijk,"(8,4096,1,4096)",Cijk_Ailk_Bjlk_F8F8S_BH_GB_MT64x64x32_MI16x16x16x1_SN_GLVWA16_GLVWB16_GRVW16_K1_SS0_SVW4_WSGRA0_WSGRB1,NO_CHECK,-nan,-nan,,0.046875,2,32,0.125,1,1,0.375,4227072,32768,,,,,,,,,,
0,13/44,21/47,Contraction_l_Ailk_Bjlk_Cijk_Dijk,"(8,4096,1,4096)",Cijk_Ailk_Bjlk_F8F8S_BH_GB_MT64x64x32_MI16x16x16x1_SN_GLVWA4_GLVWB4_GRVW4_K1_SS0_SVW4_WSGRA1_WSGRB1,NO_CHECK,87.88,3054.57,,0.046875,2,32,0.125,1,1,0.375,4227072,32768,,,,,,,,,,2026-04-18 22:26:47.
0,13/44,22/47,Contraction_l_Ailk_Bjlk_Cijk_Dijk,"(8,4096,1,4096)",Cijk_Ailk_Bjlk_F8F8S_BH_GB_MT64x64x32_MI16x16x16x1_SN_GLVWA8_GLVWB8_GRVW8_K1_SS0_SVW4_WSGRA1_WSGRB1,NO_CHECK,85.201,3150.61,,0.046875,2,32,0.125,1,1,0.375,4227072,32768,,,,,,,,,,2026-04-18 22:26:47.
And(LeadingFree0SizesGreaterOrEqual(16): (freeA0:8 >= 16) == 0): 0

TruePred: 1
0,13/44,23/47,Contraction_l_Ailk_Bjlk_Cijk_Dijk,"(8,4096,1,4096)",Cijk_Ailk_Bjlk_F8F8S_BH_GB_MT64x64x32_MI16x16x16x1_SN_GLVWA16_GLVWB16_GRVW16_K1_SS0_SVW4_WSGRA1_WSGRB1,NO_CHECK,-nan,-nan,,0.046875,2,32,0.125,1,1,0.375,4227072,32768,,,,,,,,,,
0,13/44,24/47,Contraction_l_Ailk_Bjlk_Cijk_Dijk,"(8,4096,1,4096)",Cijk_Ailk_Bjlk_F8F8S_BH_GB_MT64x64x16_MI16x16x16x1_SN_GLVWA4_GLVWB4_GRVW4_K1_SS1_SVW1_WSGRA0_WSGRB0,NO_CHECK,119.161,2252.71,,0.046875,2,32,0.125,1,1,0.375,4227072,32768,,,,,,,,,,2026-04-18 22:26:47.
0,13/44,25/47,Contraction_l_Ailk_Bjlk_Cijk_Dijk,"(8,4096,1,4096)",Cijk_Ailk_Bjlk_F8F8S_BH_GB_MT64x64x16_MI16x16x16x1_SN_GLVWA8_GLVWB8_GRVW8_K1_SS1_SVW1_WSGRA0_WSGRB0,NO_CHECK,114.001,2354.68,,0.046875,2,32,0.125,1,1,0.375,4227072,32768,,,,,,,,,,2026-04-18 22:26:47.
And(LeadingFree0SizesGreaterOrEqual(16): (freeA0:8 >= 16) == 0): 0

TruePred: 1
0,13/44,26/47,Contraction_l_Ailk_Bjlk_Cijk_Dijk,"(8,4096,1,4096)",Cijk_Ailk_Bjlk_F8F8S_BH_GB_MT64x64x16_MI16x16x16x1_SN_GLVWA16_GLVWB16_GRVW16_K1_SS1_SVW1_WSGRA0_WSGRB0,NO_CHECK,-nan,-nan,,0.046875,2,32,0.125,1,1,0.375,4227072,32768,,,,,,,,,,
0,13/44,27/47,Contraction_l_Ailk_Bjlk_Cijk_Dijk,"(8,4096,1,4096)",Cijk_Ailk_Bjlk_F8F8S_BH_GB_MT64x64x16_MI16x16x16x1_SN_GLVWA4_GLVWB4_GRVW4_K1_SS1_SVW1_WSGRA1_WSGRB0,NO_CHECK,115.961,2314.88,,0.046875,2,32,0.125,1,1,0.375,4227072,32768,,,,,,,,,,2026-04-18 22:26:47.
0,13/44,28/47,Contraction_l_Ailk_Bjlk_Cijk_Dijk,"(8,4096,1,4096)",Cijk_Ailk_Bjlk_F8F8S_BH_GB_MT64x64x16_MI16x16x16x1_SN_GLVWA8_GLVWB8_GRVW8_K1_SS1_SVW1_WSGRA1_WSGRB0,NO_CHECK,115.281,2328.53,,0.046875,2,32,0.125,1,1,0.375,4227072,32768,,,,,,,,,,2026-04-18 22:26:47.
And(LeadingFree0SizesGreaterOrEqual(16): (freeA0:8 >= 16) == 0): 0

TruePred: 1
0,13/44,29/47,Contraction_l_Ailk_Bjlk_Cijk_Dijk,"(8,4096,1,4096)",Cijk_Ailk_Bjlk_F8F8S_BH_GB_MT64x64x16_MI16x16x16x1_SN_GLVWA16_GLVWB16_GRVW16_K1_SS1_SVW1_WSGRA1_WSGRB0,NO_CHECK,-nan,-nan,,0.046875,2,32,0.125,1,1,0.375,4227072,32768,,,,,,,,,,
0,13/44,30/47,Contraction_l_Ailk_Bjlk_Cijk_Dijk,"(8,4096,1,4096)",Cijk_Ailk_Bjlk_F8F8S_BH_GB_MT64x64x16_MI16x16x16x1_SN_GLVWA4_GLVWB4_GRVW4_K1_SS1_SVW1_WSGRA0_WSGRB1,NO_CHECK,116.481,2304.54,,0.046875,2,32,0.125,1,1,0.375,4227072,32768,,,,,,,,,,2026-04-18 22:26:47.
0,13/44,31/47,Contraction_l_Ailk_Bjlk_Cijk_Dijk,"(8,4096,1,4096)",Cijk_Ailk_Bjlk_F8F8S_BH_GB_MT64x64x16_MI16x16x16x1_SN_GLVWA8_GLVWB8_GRVW8_K1_SS1_SVW1_WSGRA0_WSGRB1,NO_CHECK,113.561,2363.8,,0.046875,2,32,0.125,1,1,0.375,4227072,32768,,,,,,,,,,2026-04-18 22:26:47.
And(LeadingFree0SizesGreaterOrEqual(16): (freeA0:8 >= 16) == 0): 0

TruePred: 1
0,13/44,32/47,Contraction_l_Ailk_Bjlk_Cijk_Dijk,"(8,4096,1,4096)",Cijk_Ailk_Bjlk_F8F8S_BH_GB_MT64x64x16_MI16x16x16x1_SN_GLVWA16_GLVWB16_GRVW16_K1_SS1_SVW1_WSGRA0_WSGRB1,NO_CHECK,-nan,-nan,,0.046875,2,32,0.125,1,1,0.375,4227072,32768,,,,,,,,,,
0,13/44,33/47,Contraction_l_Ailk_Bjlk_Cijk_Dijk,"(8,4096,1,4096)",Cijk_Ailk_Bjlk_F8F8S_BH_GB_MT64x64x16_MI16x16x16x1_SN_GLVWA4_GLVWB4_GRVW4_K1_SS1_SVW1_WSGRA1_WSGRB1,NO_CHECK,116.64,2301.4,,0.046875,2,32,0.125,1,1,0.375,4227072,32768,,,,,,,,,,2026-04-18 22:26:47.
0,13/44,34/47,Contraction_l_Ailk_Bjlk_Cijk_Dijk,"(8,4096,1,4096)",Cijk_Ailk_Bjlk_F8F8S_BH_GB_MT64x64x16_MI16x16x16x1_SN_GLVWA8_GLVWB8_GRVW8_K1_SS1_SVW1_WSGRA1_WSGRB1,NO_CHECK,114.121,2352.2,,0.046875,2,32,0.125,1,1,0.375,4227072,32768,,,,,,,,,,2026-04-18 22:26:47.
And(LeadingFree0SizesGreaterOrEqual(16): (freeA0:8 >= 16) == 0): 0

TruePred: 1
0,13/44,35/47,Contraction_l_Ailk_Bjlk_Cijk_Dijk,"(8,4096,1,4096)",Cijk_Ailk_Bjlk_F8F8S_BH_GB_MT64x64x16_MI16x16x16x1_SN_GLVWA16_GLVWB16_GRVW16_K1_SS1_SVW1_WSGRA1_WSGRB1,NO_CHECK,-nan,-nan,,0.046875,2,32,0.125,1,1,0.375,4227072,32768,,,,,,,,,,
0,13/44,36/47,Contraction_l_Ailk_Bjlk_Cijk_Dijk,"(8,4096,1,4096)",Cijk_Ailk_Bjlk_F8F8S_BH_GB_MT64x64x32_MI16x16x16x1_SN_GLVWA4_GLVWB4_GRVW4_K1_SS1_SVW1_WSGRA0_WSGRB0,NO_CHECK,88.161,3044.83,,0.046875,2,32,0.125,1,1,0.375,4227072,32768,,,,,,,,,,2026-04-18 22:26:47.
0,13/44,37/47,Contraction_l_Ailk_Bjlk_Cijk_Dijk,"(8,4096,1,4096)",Cijk_Ailk_Bjlk_F8F8S_BH_GB_MT64x64x32_MI16x16x16x1_SN_GLVWA8_GLVWB8_GRVW8_K1_SS1_SVW1_WSGRA0_WSGRB0,NO_CHECK,86.761,3093.96,,0.046875,2,32,0.125,1,1,0.375,4227072,32768,,,,,,,,,,2026-04-18 22:26:47.
And(LeadingFree0SizesGreaterOrEqual(16): (freeA0:8 >= 16) == 0): 0

TruePred: 1
0,13/44,38/47,Contraction_l_Ailk_Bjlk_Cijk_Dijk,"(8,4096,1,4096)",Cijk_Ailk_Bjlk_F8F8S_BH_GB_MT64x64x32_MI16x16x16x1_SN_GLVWA16_GLVWB16_GRVW16_K1_SS1_SVW1_WSGRA0_WSGRB0,NO_CHECK,-nan,-nan,,0.046875,2,32,0.125,1,1,0.375,4227072,32768,,,,,,,,,,
0,13/44,39/47,Contraction_l_Ailk_Bjlk_Cijk_Dijk,"(8,4096,1,4096)",Cijk_Ailk_Bjlk_F8F8S_BH_GB_MT64x64x32_MI16x16x16x1_SN_GLVWA4_GLVWB4_GRVW4_K1_SS1_SVW1_WSGRA1_WSGRB0,NO_CHECK,117.281,2288.82,,0.046875,2,32,0.125,1,1,0.375,4227072,32768,,,,,,,,,,2026-04-18 22:26:47.
0,13/44,40/47,Contraction_l_Ailk_Bjlk_Cijk_Dijk,"(8,4096,1,4096)",Cijk_Ailk_Bjlk_F8F8S_BH_GB_MT64x64x32_MI16x16x16x1_SN_GLVWA8_GLVWB8_GRVW8_K1_SS1_SVW1_WSGRA1_WSGRB0,NO_CHECK,85.68,3133,,0.046875,2,32,0.125,1,1,0.375,4227072,32768,,,,,,,,,,2026-04-18 22:26:47.
And(LeadingFree0SizesGreaterOrEqual(16): (freeA0:8 >= 16) == 0): 0

TruePred: 1
0,13/44,41/47,Contraction_l_Ailk_Bjlk_Cijk_Dijk,"(8,4096,1,4096)",Cijk_Ailk_Bjlk_F8F8S_BH_GB_MT64x64x32_MI16x16x16x1_SN_GLVWA16_GLVWB16_GRVW16_K1_SS1_SVW1_WSGRA1_WSGRB0,NO_CHECK,-nan,-nan,,0.046875,2,32,0.125,1,1,0.375,4227072,32768,,,,,,,,,,
0,13/44,42/47,Contraction_l_Ailk_Bjlk_Cijk_Dijk,"(8,4096,1,4096)",Cijk_Ailk_Bjlk_F8F8S_BH_GB_MT64x64x32_MI16x16x16x1_SN_GLVWA4_GLVWB4_GRVW4_K1_SS1_SVW1_WSGRA0_WSGRB1,NO_CHECK,87.561,3065.7,,0.046875,2,32,0.125,1,1,0.375,4227072,32768,,,,,,,,,,2026-04-18 22:26:47.
0,13/44,43/47,Contraction_l_Ailk_Bjlk_Cijk_Dijk,"(8,4096,1,4096)",Cijk_Ailk_Bjlk_F8F8S_BH_GB_MT64x64x32_MI16x16x16x1_SN_GLVWA8_GLVWB8_GRVW8_K1_SS1_SVW1_WSGRA0_WSGRB1,NO_CHECK,85.36,3144.75,,0.046875,2,32,0.125,1,1,0.375,4227072,32768,,,,,,,,,,2026-04-18 22:26:47.
And(LeadingFree0SizesGreaterOrEqual(16): (freeA0:8 >= 16) == 0): 0

TruePred: 1
0,13/44,44/47,Contraction_l_Ailk_Bjlk_Cijk_Dijk,"(8,4096,1,4096)",Cijk_Ailk_Bjlk_F8F8S_BH_GB_MT64x64x32_MI16x16x16x1_SN_GLVWA16_GLVWB16_GRVW16_K1_SS1_SVW1_WSGRA0_WSGRB1,NO_CHECK,-nan,-nan,,0.046875,2,32,0.125,1,1,0.375,4227072,32768,,,,,,,,,,
0,13/44,45/47,Contraction_l_Ailk_Bjlk_Cijk_Dijk,"(8,4096,1,4096)",Cijk_Ailk_Bjlk_F8F8S_BH_GB_MT64x64x32_MI16x16x16x1_SN_GLVWA4_GLVWB4_GRVW4_K1_SS1_SVW1_WSGRA1_WSGRB1,NO_CHECK,88.041,3048.98,,0.046875,2,32,0.125,1,1,0.375,4227072,32768,,,,,,,,,,2026-04-18 22:26:47.
0,13/44,46/47,Contraction_l_Ailk_Bjlk_Cijk_Dijk,"(8,4096,1,4096)",Cijk_Ailk_Bjlk_F8F8S_BH_GB_MT64x64x32_MI16x16x16x1_SN_GLVWA8_GLVWB8_GRVW8_K1_SS1_SVW1_WSGRA1_WSGRB1,NO_CHECK,85.96,3122.79,,0.046875,2,32,0.125,1,1,0.375,4227072,32768,,,,,,,,,,2026-04-18 22:26:47.
And(LeadingFree0SizesGreaterOrEqual(16): (freeA0:8 >= 16) == 0): 0

TruePred: 1
0,13/44,47/47,Contraction_l_Ailk_Bjlk_Cijk_Dijk,"(8,4096,1,4096)",Cijk_Ailk_Bjlk_F8F8S_BH_GB_MT64x64x32_MI16x16x16x1_SN_GLVWA16_GLVWB16_GRVW16_K1_SS1_SVW1_WSGRA1_WSGRB1,NO_CHECK,-nan,-nan,,0.046875,2,32,0.125,1,1,0.375,4227072,32768,,,,,,,,,,
0,14/44,0/47,Contraction_l_Ailk_Bjlk_Cijk_Dijk,"(8,4096,1,8192)",Cijk_Ailk_Bjlk_F8F8S_BH_GB_MT64x64x16_MI16x16x16x1_SN_GLVWA4_GLVWB4_GRVW4_K1_SS0_SVW4_WSGRA0_WSGRB0,NO_CHECK,532.444,1008.31,,0.046875,2,32,0.125,1,1,0.375,8421376,32768,,,,,,,,,,2026-04-18 22:26:47.
0,14/44,1/47,Contraction_l_Ailk_Bjlk_Cijk_Dijk,"(8,4096,1,8192)",Cijk_Ailk_Bjlk_F8F8S_BH_GB_MT64x64x16_MI16x16x16x1_SN_GLVWA8_GLVWB8_GRVW8_K1_SS0_SVW4_WSGRA0_WSGRB0,NO_CHECK,202.281,2654.08,,0.046875,2,32,0.125,1,1,0.375,8421376,32768,,,,,,,,,,2026-04-18 22:26:47.
And(LeadingFree0SizesGreaterOrEqual(16): (freeA0:8 >= 16) == 0): 0

TruePred: 1
0,14/44,2/47,Contraction_l_Ailk_Bjlk_Cijk_Dijk,"(8,4096,1,8192)",Cijk_Ailk_Bjlk_F8F8S_BH_GB_MT64x64x16_MI16x16x16x1_SN_GLVWA16_GLVWB16_GRVW16_K1_SS0_SVW4_WSGRA0_WSGRB0,NO_CHECK,-nan,-nan,,0.046875,2,32,0.125,1,1,0.375,8421376,32768,,,,,,,,,,
0,14/44,3/47,Contraction_l_Ailk_Bjlk_Cijk_Dijk,"(8,4096,1,8192)",Cijk_Ailk_Bjlk_F8F8S_BH_GB_MT64x64x16_MI16x16x16x1_SN_GLVWA4_GLVWB4_GRVW4_K1_SS0_SVW4_WSGRA1_WSGRB0,NO_CHECK,206.762,2596.56,,0.046875,2,32,0.125,1,1,0.375,8421376,32768,,,,,,,,,,2026-04-18 22:26:47.
0,14/44,4/47,Contraction_l_Ailk_Bjlk_Cijk_Dijk,"(8,4096,1,8192)",Cijk_Ailk_Bjlk_F8F8S_BH_GB_MT64x64x16_MI16x16x16x1_SN_GLVWA8_GLVWB8_GRVW8_K1_SS0_SVW4_WSGRA1_WSGRB0,NO_CHECK,202.801,2647.28,,0.046875,2,32,0.125,1,1,0.375,8421376,32768,,,,,,,,,,2026-04-18 22:26:47.
And(LeadingFree0SizesGreaterOrEqual(16): (freeA0:8 >= 16) == 0): 0

TruePred: 1
0,14/44,5/47,Contraction_l_Ailk_Bjlk_Cijk_Dijk,"(8,4096,1,8192)",Cijk_Ailk_Bjlk_F8F8S_BH_GB_MT64x64x16_MI16x16x16x1_SN_GLVWA16_GLVWB16_GRVW16_K1_SS0_SVW4_WSGRA1_WSGRB0,NO_CHECK,-nan,-nan,,0.046875,2,32,0.125,1,1,0.375,8421376,32768,,,,,,,,,,
0,14/44,6/47,Contraction_l_Ailk_Bjlk_Cijk_Dijk,"(8,4096,1,8192)",Cijk_Ailk_Bjlk_F8F8S_BH_GB_MT64x64x16_MI16x16x16x1_SN_GLVWA4_GLVWB4_GRVW4_K1_SS0_SVW4_WSGRA0_WSGRB1,NO_CHECK,208.242,2578.11,,0.046875,2,32,0.125,1,1,0.375,8421376,32768,,,,,,,,,,2026-04-18 22:26:47.
0,14/44,7/47,Contraction_l_Ailk_Bjlk_Cijk_Dijk,"(8,4096,1,8192)",Cijk_Ailk_Bjlk_F8F8S_BH_GB_MT64x64x16_MI16x16x16x1_SN_GLVWA8_GLVWB8_GRVW8_K1_SS0_SVW4_WSGRA0_WSGRB1,NO_CHECK,247.642,2167.93,,0.046875,2,32,0.125,1,1,0.375,8421376,32768,,,,,,,,,,2026-04-18 22:26:47.
And(LeadingFree0SizesGreaterOrEqual(16): (freeA0:8 >= 16) == 0): 0

TruePred: 1
0,14/44,8/47,Contraction_l_Ailk_Bjlk_Cijk_Dijk,"(8,4096,1,8192)",Cijk_Ailk_Bjlk_F8F8S_BH_GB_MT64x64x16_MI16x16x16x1_SN_GLVWA16_GLVWB16_GRVW16_K1_SS0_SVW4_WSGRA0_WSGRB1,NO_CHECK,-nan,-nan,,0.046875,2,32,0.125,1,1,0.375,8421376,32768,,,,,,,,,,
0,14/44,9/47,Contraction_l_Ailk_Bjlk_Cijk_Dijk,"(8,4096,1,8192)",Cijk_Ailk_Bjlk_F8F8S_BH_GB_MT64x64x16_MI16x16x16x1_SN_GLVWA4_GLVWB4_GRVW4_K1_SS0_SVW4_WSGRA1_WSGRB1,NO_CHECK,207.841,2583.08,,0.046875,2,32,0.125,1,1,0.375,8421376,32768,,,,,,,,,,2026-04-18 22:26:47.
0,14/44,10/47,Contraction_l_Ailk_Bjlk_Cijk_Dijk,"(8,4096,1,8192)",Cijk_Ailk_Bjlk_F8F8S_BH_GB_MT64x64x16_MI16x16x16x1_SN_GLVWA8_GLVWB8_GRVW8_K1_SS0_SVW4_WSGRA1_WSGRB1,NO_CHECK,203.562,2637.38,,0.046875,2,32,0.125,1,1,0.375,8421376,32768,,,,,,,,,,2026-04-18 22:26:47.
And(LeadingFree0SizesGreaterOrEqual(16): (freeA0:8 >= 16) == 0): 0

TruePred: 1
0,14/44,11/47,Contraction_l_Ailk_Bjlk_Cijk_Dijk,"(8,4096,1,8192)",Cijk_Ailk_Bjlk_F8F8S_BH_GB_MT64x64x16_MI16x16x16x1_SN_GLVWA16_GLVWB16_GRVW16_K1_SS0_SVW4_WSGRA1_WSGRB1,NO_CHECK,-nan,-nan,,0.046875,2,32,0.125,1,1,0.375,8421376,32768,,,,,,,,,,
0,14/44,12/47,Contraction_l_Ailk_Bjlk_Cijk_Dijk,"(8,4096,1,8192)",Cijk_Ailk_Bjlk_F8F8S_BH_GB_MT64x64x32_MI16x16x16x1_SN_GLVWA4_GLVWB4_GRVW4_K1_SS0_SVW4_WSGRA0_WSGRB0,NO_CHECK,150.121,3576.25,,0.046875,2,32,0.125,1,1,0.375,8421376,32768,,,,,,,,,,2026-04-18 22:26:47.
0,14/44,13/47,Contraction_l_Ailk_Bjlk_Cijk_Dijk,"(8,4096,1,8192)",Cijk_Ailk_Bjlk_F8F8S_BH_GB_MT64x64x32_MI16x16x16x1_SN_GLVWA8_GLVWB8_GRVW8_K1_SS0_SVW4_WSGRA0_WSGRB0,NO_CHECK,148.041,3626.5,,0.046875,2,32,0.125,1,1,0.375,8421376,32768,,,,,,,,,,2026-04-18 22:26:47.
And(LeadingFree0SizesGreaterOrEqual(16): (freeA0:8 >= 16) == 0): 0

TruePred: 1
0,14/44,14/47,Contraction_l_Ailk_Bjlk_Cijk_Dijk,"(8,4096,1,8192)",Cijk_Ailk_Bjlk_F8F8S_BH_GB_MT64x64x32_MI16x16x16x1_SN_GLVWA16_GLVWB16_GRVW16_K1_SS0_SVW4_WSGRA0_WSGRB0,NO_CHECK,-nan,-nan,,0.046875,2,32,0.125,1,1,0.375,8421376,32768,,,,,,,,,,
0,14/44,15/47,Contraction_l_Ailk_Bjlk_Cijk_Dijk,"(8,4096,1,8192)",Cijk_Ailk_Bjlk_F8F8S_BH_GB_MT64x64x32_MI16x16x16x1_SN_GLVWA4_GLVWB4_GRVW4_K1_SS0_SVW4_WSGRA1_WSGRB0,NO_CHECK,154.281,3479.83,,0.046875,2,32,0.125,1,1,0.375,8421376,32768,,,,,,,,,,2026-04-18 22:26:47.
0,14/44,16/47,Contraction_l_Ailk_Bjlk_Cijk_Dijk,"(8,4096,1,8192)",Cijk_Ailk_Bjlk_F8F8S_BH_GB_MT64x64x32_MI16x16x16x1_SN_GLVWA8_GLVWB8_GRVW8_K1_SS0_SVW4_WSGRA1_WSGRB0,NO_CHECK,146.321,3669.13,,0.046875,2,32,0.125,1,1,0.375,8421376,32768,,,,,,,,,,2026-04-18 22:26:47.
And(LeadingFree0SizesGreaterOrEqual(16): (freeA0:8 >= 16) == 0): 0

TruePred: 1
0,14/44,17/47,Contraction_l_Ailk_Bjlk_Cijk_Dijk,"(8,4096,1,8192)",Cijk_Ailk_Bjlk_F8F8S_BH_GB_MT64x64x32_MI16x16x16x1_SN_GLVWA16_GLVWB16_GRVW16_K1_SS0_SVW4_WSGRA1_WSGRB0,NO_CHECK,-nan,-nan,,0.046875,2,32,0.125,1,1,0.375,8421376,32768,,,,,,,,,,
0,14/44,18/47,Contraction_l_Ailk_Bjlk_Cijk_Dijk,"(8,4096,1,8192)",Cijk_Ailk_Bjlk_F8F8S_BH_GB_MT64x64x32_MI16x16x16x1_SN_GLVWA4_GLVWB4_GRVW4_K1_SS0_SVW4_WSGRA0_WSGRB1,NO_CHECK,151.401,3546.02,,0.046875,2,32,0.125,1,1,0.375,8421376,32768,,,,,,,,,,2026-04-18 22:26:47.
0,14/44,19/47,Contraction_l_Ailk_Bjlk_Cijk_Dijk,"(8,4096,1,8192)",Cijk_Ailk_Bjlk_F8F8S_BH_GB_MT64x64x32_MI16x16x16x1_SN_GLVWA8_GLVWB8_GRVW8_K1_SS0_SVW4_WSGRA0_WSGRB1,NO_CHECK,146.241,3671.14,,0.046875,2,32,0.125,1,1,0.375,8421376,32768,,,,,,,,,,2026-04-18 22:26:47.
And(LeadingFree0SizesGreaterOrEqual(16): (freeA0:8 >= 16) == 0): 0

TruePred: 1
0,14/44,20/47,Contraction_l_Ailk_Bjlk_Cijk_Dijk,"(8,4096,1,8192)",Cijk_Ailk_Bjlk_F8F8S_BH_GB_MT64x64x32_MI16x16x16x1_SN_GLVWA16_GLVWB16_GRVW16_K1_SS0_SVW4_WSGRA0_WSGRB1,NO_CHECK,-nan,-nan,,0.046875,2,32,0.125,1,1,0.375,8421376,32768,,,,,,,,,,
0,14/44,21/47,Contraction_l_Ailk_Bjlk_Cijk_Dijk,"(8,4096,1,8192)",Cijk_Ailk_Bjlk_F8F8S_BH_GB_MT64x64x32_MI16x16x16x1_SN_GLVWA4_GLVWB4_GRVW4_K1_SS0_SVW4_WSGRA1_WSGRB1,NO_CHECK,157.602,3406.5,,0.046875,2,32,0.125,1,1,0.375,8421376,32768,,,,,,,,,,2026-04-18 22:26:47.
0,14/44,22/47,Contraction_l_Ailk_Bjlk_Cijk_Dijk,"(8,4096,1,8192)",Cijk_Ailk_Bjlk_F8F8S_BH_GB_MT64x64x32_MI16x16x16x1_SN_GLVWA8_GLVWB8_GRVW8_K1_SS0_SVW4_WSGRA1_WSGRB1,NO_CHECK,154.402,3477.1,,0.046875,2,32,0.125,1,1,0.375,8421376,32768,,,,,,,,,,2026-04-18 22:26:47.
And(LeadingFree0SizesGreaterOrEqual(16): (freeA0:8 >= 16) == 0): 0

TruePred: 1
0,14/44,23/47,Contraction_l_Ailk_Bjlk_Cijk_Dijk,"(8,4096,1,8192)",Cijk_Ailk_Bjlk_F8F8S_BH_GB_MT64x64x32_MI16x16x16x1_SN_GLVWA16_GLVWB16_GRVW16_K1_SS0_SVW4_WSGRA1_WSGRB1,NO_CHECK,-nan,-nan,,0.046875,2,32,0.125,1,1,0.375,8421376,32768,,,,,,,,,,
0,14/44,24/47,Contraction_l_Ailk_Bjlk_Cijk_Dijk,"(8,4096,1,8192)",Cijk_Ailk_Bjlk_F8F8S_BH_GB_MT64x64x16_MI16x16x16x1_SN_GLVWA4_GLVWB4_GRVW4_K1_SS1_SVW1_WSGRA0_WSGRB0,NO_CHECK,208.161,2579.11,,0.046875,2,32,0.125,1,1,0.375,8421376,32768,,,,,,,,,,2026-04-18 22:26:47.
0,14/44,25/47,Contraction_l_Ailk_Bjlk_Cijk_Dijk,"(8,4096,1,8192)",Cijk_Ailk_Bjlk_F8F8S_BH_GB_MT64x64x16_MI16x16x16x1_SN_GLVWA8_GLVWB8_GRVW8_K1_SS1_SVW1_WSGRA0_WSGRB0,NO_CHECK,203.842,2633.76,,0.046875,2,32,0.125,1,1,0.375,8421376,32768,,,,,,,,,,2026-04-18 22:26:47.
And(LeadingFree0SizesGreaterOrEqual(16): (freeA0:8 >= 16) == 0): 0

TruePred: 1
0,14/44,26/47,Contraction_l_Ailk_Bjlk_Cijk_Dijk,"(8,4096,1,8192)",Cijk_Ailk_Bjlk_F8F8S_BH_GB_MT64x64x16_MI16x16x16x1_SN_GLVWA16_GLVWB16_GRVW16_K1_SS1_SVW1_WSGRA0_WSGRB0,NO_CHECK,-nan,-nan,,0.046875,2,32,0.125,1,1,0.375,8421376,32768,,,,,,,,,,
0,14/44,27/47,Contraction_l_Ailk_Bjlk_Cijk_Dijk,"(8,4096,1,8192)",Cijk_Ailk_Bjlk_F8F8S_BH_GB_MT64x64x16_MI16x16x16x1_SN_GLVWA4_GLVWB4_GRVW4_K1_SS1_SVW1_WSGRA1_WSGRB0,NO_CHECK,208.681,2572.69,,0.046875,2,32,0.125,1,1,0.375,8421376,32768,,,,,,,,,,2026-04-18 22:26:47.
0,14/44,28/47,Contraction_l_Ailk_Bjlk_Cijk_Dijk,"(8,4096,1,8192)",Cijk_Ailk_Bjlk_F8F8S_BH_GB_MT64x64x16_MI16x16x16x1_SN_GLVWA8_GLVWB8_GRVW8_K1_SS1_SVW1_WSGRA1_WSGRB0,NO_CHECK,203.321,2640.51,,0.046875,2,32,0.125,1,1,0.375,8421376,32768,,,,,,,,,,2026-04-18 22:26:47.
And(LeadingFree0SizesGreaterOrEqual(16): (freeA0:8 >= 16) == 0): 0

TruePred: 1
0,14/44,29/47,Contraction_l_Ailk_Bjlk_Cijk_Dijk,"(8,4096,1,8192)",Cijk_Ailk_Bjlk_F8F8S_BH_GB_MT64x64x16_MI16x16x16x1_SN_GLVWA16_GLVWB16_GRVW16_K1_SS1_SVW1_WSGRA1_WSGRB0,NO_CHECK,-nan,-nan,,0.046875,2,32,0.125,1,1,0.375,8421376,32768,,,,,,,,,,
0,14/44,30/47,Contraction_l_Ailk_Bjlk_Cijk_Dijk,"(8,4096,1,8192)",Cijk_Ailk_Bjlk_F8F8S_BH_GB_MT64x64x16_MI16x16x16x1_SN_GLVWA4_GLVWB4_GRVW4_K1_SS1_SVW1_WSGRA0_WSGRB1,NO_CHECK,208.882,2570.21,,0.046875,2,32,0.125,1,1,0.375,8421376,32768,,,,,,,,,,2026-04-18 22:26:47.
0,14/44,31/47,Contraction_l_Ailk_Bjlk_Cijk_Dijk,"(8,4096,1,8192)",Cijk_Ailk_Bjlk_F8F8S_BH_GB_MT64x64x16_MI16x16x16x1_SN_GLVWA8_GLVWB8_GRVW8_K1_SS1_SVW1_WSGRA0_WSGRB1,NO_CHECK,205.241,2615.81,,0.046875,2,32,0.125,1,1,0.375,8421376,32768,,,,,,,,,,2026-04-18 22:26:47.
And(LeadingFree0SizesGreaterOrEqual(16): (freeA0:8 >= 16) == 0): 0

TruePred: 1
0,14/44,32/47,Contraction_l_Ailk_Bjlk_Cijk_Dijk,"(8,4096,1,8192)",Cijk_Ailk_Bjlk_F8F8S_BH_GB_MT64x64x16_MI16x16x16x1_SN_GLVWA16_GLVWB16_GRVW16_K1_SS1_SVW1_WSGRA0_WSGRB1,NO_CHECK,-nan,-nan,,0.046875,2,32,0.125,1,1,0.375,8421376,32768,,,,,,,,,,
0,14/44,33/47,Contraction_l_Ailk_Bjlk_Cijk_Dijk,"(8,4096,1,8192)",Cijk_Ailk_Bjlk_F8F8S_BH_GB_MT64x64x16_MI16x16x16x1_SN_GLVWA4_GLVWB4_GRVW4_K1_SS1_SVW1_WSGRA1_WSGRB1,NO_CHECK,434.844,1234.63,,0.046875,2,32,0.125,1,1,0.375,8421376,32768,,,,,,,,,,2026-04-18 22:26:47.
0,14/44,34/47,Contraction_l_Ailk_Bjlk_Cijk_Dijk,"(8,4096,1,8192)",Cijk_Ailk_Bjlk_F8F8S_BH_GB_MT64x64x16_MI16x16x16x1_SN_GLVWA8_GLVWB8_GRVW8_K1_SS1_SVW1_WSGRA1_WSGRB1,NO_CHECK,206.121,2604.64,,0.046875,2,32,0.125,1,1,0.375,8421376,32768,,,,,,,,,,2026-04-18 22:26:47.
And(LeadingFree0SizesGreaterOrEqual(16): (freeA0:8 >= 16) == 0): 0

TruePred: 1
0,14/44,35/47,Contraction_l_Ailk_Bjlk_Cijk_Dijk,"(8,4096,1,8192)",Cijk_Ailk_Bjlk_F8F8S_BH_GB_MT64x64x16_MI16x16x16x1_SN_GLVWA16_GLVWB16_GRVW16_K1_SS1_SVW1_WSGRA1_WSGRB1,NO_CHECK,-nan,-nan,,0.046875,2,32,0.125,1,1,0.375,8421376,32768,,,,,,,,,,
0,14/44,36/47,Contraction_l_Ailk_Bjlk_Cijk_Dijk,"(8,4096,1,8192)",Cijk_Ailk_Bjlk_F8F8S_BH_GB_MT64x64x32_MI16x16x16x1_SN_GLVWA4_GLVWB4_GRVW4_K1_SS1_SVW1_WSGRA0_WSGRB0,NO_CHECK,153.562,3496.12,,0.046875,2,32,0.125,1,1,0.375,8421376,32768,,,,,,,,,,2026-04-18 22:26:47.
0,14/44,37/47,Contraction_l_Ailk_Bjlk_Cijk_Dijk,"(8,4096,1,8192)",Cijk_Ailk_Bjlk_F8F8S_BH_GB_MT64x64x32_MI16x16x16x1_SN_GLVWA8_GLVWB8_GRVW8_K1_SS1_SVW1_WSGRA0_WSGRB0,NO_CHECK,146.201,3672.14,,0.046875,2,32,0.125,1,1,0.375,8421376,32768,,,,,,,,,,2026-04-18 22:26:47.
And(LeadingFree0SizesGreaterOrEqual(16): (freeA0:8 >= 16) == 0): 0

TruePred: 1
0,14/44,38/47,Contraction_l_Ailk_Bjlk_Cijk_Dijk,"(8,4096,1,8192)",Cijk_Ailk_Bjlk_F8F8S_BH_GB_MT64x64x32_MI16x16x16x1_SN_GLVWA16_GLVWB16_GRVW16_K1_SS1_SVW1_WSGRA0_WSGRB0,NO_CHECK,-nan,-nan,,0.046875,2,32,0.125,1,1,0.375,8421376,32768,,,,,,,,,,
0,14/44,39/47,Contraction_l_Ailk_Bjlk_Cijk_Dijk,"(8,4096,1,8192)",Cijk_Ailk_Bjlk_F8F8S_BH_GB_MT64x64x32_MI16x16x16x1_SN_GLVWA4_GLVWB4_GRVW4_K1_SS1_SVW1_WSGRA1_WSGRB0,NO_CHECK,154.881,3466.34,,0.046875,2,32,0.125,1,1,0.375,8421376,32768,,,,,,,,,,2026-04-18 22:26:47.
0,14/44,40/47,Contraction_l_Ailk_Bjlk_Cijk_Dijk,"(8,4096,1,8192)",Cijk_Ailk_Bjlk_F8F8S_BH_GB_MT64x64x32_MI16x16x16x1_SN_GLVWA8_GLVWB8_GRVW8_K1_SS1_SVW1_WSGRA1_WSGRB0,NO_CHECK,150.881,3558.24,,0.046875,2,32,0.125,1,1,0.375,8421376,32768,,,,,,,,,,2026-04-18 22:26:47.
And(LeadingFree0SizesGreaterOrEqual(16): (freeA0:8 >= 16) == 0): 0

TruePred: 1
0,14/44,41/47,Contraction_l_Ailk_Bjlk_Cijk_Dijk,"(8,4096,1,8192)",Cijk_Ailk_Bjlk_F8F8S_BH_GB_MT64x64x32_MI16x16x16x1_SN_GLVWA16_GLVWB16_GRVW16_K1_SS1_SVW1_WSGRA1_WSGRB0,NO_CHECK,-nan,-nan,,0.046875,2,32,0.125,1,1,0.375,8421376,32768,,,,,,,,,,
0,14/44,42/47,Contraction_l_Ailk_Bjlk_Cijk_Dijk,"(8,4096,1,8192)",Cijk_Ailk_Bjlk_F8F8S_BH_GB_MT64x64x32_MI16x16x16x1_SN_GLVWA4_GLVWB4_GRVW4_K1_SS1_SVW1_WSGRA0_WSGRB1,NO_CHECK,156.161,3437.93,,0.046875,2,32,0.125,1,1,0.375,8421376,32768,,,,,,,,,,2026-04-18 22:26:47.
0,14/44,43/47,Contraction_l_Ailk_Bjlk_Cijk_Dijk,"(8,4096,1,8192)",Cijk_Ailk_Bjlk_F8F8S_BH_GB_MT64x64x32_MI16x16x16x1_SN_GLVWA8_GLVWB8_GRVW8_K1_SS1_SVW1_WSGRA0_WSGRB1,NO_CHECK,148.361,3618.68,,0.046875,2,32,0.125,1,1,0.375,8421376,32768,,,,,,,,,,2026-04-18 22:26:47.
And(LeadingFree0SizesGreaterOrEqual(16): (freeA0:8 >= 16) == 0): 0

TruePred: 1
0,14/44,44/47,Contraction_l_Ailk_Bjlk_Cijk_Dijk,"(8,4096,1,8192)",Cijk_Ailk_Bjlk_F8F8S_BH_GB_MT64x64x32_MI16x16x16x1_SN_GLVWA16_GLVWB16_GRVW16_K1_SS1_SVW1_WSGRA0_WSGRB1,NO_CHECK,-nan,-nan,,0.046875,2,32,0.125,1,1,0.375,8421376,32768,,,,,,,,,,
0,14/44,45/47,Contraction_l_Ailk_Bjlk_Cijk_Dijk,"(8,4096,1,8192)",Cijk_Ailk_Bjlk_F8F8S_BH_GB_MT64x64x32_MI16x16x16x1_SN_GLVWA4_GLVWB4_GRVW4_K1_SS1_SVW1_WSGRA1_WSGRB1,NO_CHECK,154.482,3475.3,,0.046875,2,32,0.125,1,1,0.375,8421376,32768,,,,,,,,,,2026-04-18 22:26:47.
0,14/44,46/47,Contraction_l_Ailk_Bjlk_Cijk_Dijk,"(8,4096,1,8192)",Cijk_Ailk_Bjlk_F8F8S_BH_GB_MT64x64x32_MI16x16x16x1_SN_GLVWA8_GLVWB8_GRVW8_K1_SS1_SVW1_WSGRA1_WSGRB1,NO_CHECK,146.602,3662.1,,0.046875,2,32,0.125,1,1,0.375,8421376,32768,,,,,,,,,,2026-04-18 22:26:47.
And(LeadingFree0SizesGreaterOrEqual(16): (freeA0:8 >= 16) == 0): 0

TruePred: 1
0,14/44,47/47,Contraction_l_Ailk_Bjlk_Cijk_Dijk,"(8,4096,1,8192)",Cijk_Ailk_Bjlk_F8F8S_BH_GB_MT64x64x32_MI16x16x16x1_SN_GLVWA16_GLVWB16_GRVW16_K1_SS1_SVW1_WSGRA1_WSGRB1,NO_CHECK,-nan,-nan,,0.046875,2,32,0.125,1,1,0.375,8421376,32768,,,,,,,,,,
0,15/44,0/47,Contraction_l_Ailk_Bjlk_Cijk_Dijk,"(8,8192,1,1024)",Cijk_Ailk_Bjlk_F8F8S_BH_GB_MT64x64x16_MI16x16x16x1_SN_GLVWA4_GLVWB4_GRVW4_K1_SS0_SVW4_WSGRA0_WSGRB0,NO_CHECK,50.36,2665.17,,0.078125,4,32,0.125,1,1,0.625,2162688,65536,,,,,,,,,,2026-04-18 22:26:47.
0,15/44,1/47,Contraction_l_Ailk_Bjlk_Cijk_Dijk,"(8,8192,1,1024)",Cijk_Ailk_Bjlk_F8F8S_BH_GB_MT64x64x16_MI16x16x16x1_SN_GLVWA8_GLVWB8_GRVW8_K1_SS0_SVW4_WSGRA0_WSGRB0,NO_CHECK,46.521,2885.1,,0.078125,4,32,0.125,1,1,0.625,2162688,65536,,,,,,,,,,2026-04-18 22:26:47.
And(LeadingFree0SizesGreaterOrEqual(16): (freeA0:8 >= 16) == 0): 0

TruePred: 1
0,15/44,2/47,Contraction_l_Ailk_Bjlk_Cijk_Dijk,"(8,8192,1,1024)",Cijk_Ailk_Bjlk_F8F8S_BH_GB_MT64x64x16_MI16x16x16x1_SN_GLVWA16_GLVWB16_GRVW16_K1_SS0_SVW4_WSGRA0_WSGRB0,NO_CHECK,-nan,-nan,,0.078125,4,32,0.125,1,1,0.625,2162688,65536,,,,,,,,,,
0,15/44,3/47,Contraction_l_Ailk_Bjlk_Cijk_Dijk,"(8,8192,1,1024)",Cijk_Ailk_Bjlk_F8F8S_BH_GB_MT64x64x16_MI16x16x16x1_SN_GLVWA4_GLVWB4_GRVW4_K1_SS0_SVW4_WSGRA1_WSGRB0,NO_CHECK,50.601,2652.47,,0.078125,4,32,0.125,1,1,0.625,2162688,65536,,,,,,,,,,2026-04-18 22:26:47.
0,15/44,4/47,Contraction_l_Ailk_Bjlk_Cijk_Dijk,"(8,8192,1,1024)",Cijk_Ailk_Bjlk_F8F8S_BH_GB_MT64x64x16_MI16x16x16x1_SN_GLVWA8_GLVWB8_GRVW8_K1_SS0_SVW4_WSGRA1_WSGRB0,NO_CHECK,46.52,2885.16,,0.078125,4,32,0.125,1,1,0.625,2162688,65536,,,,,,,,,,2026-04-18 22:26:47.
And(LeadingFree0SizesGreaterOrEqual(16): (freeA0:8 >= 16) == 0): 0

TruePred: 1
0,15/44,5/47,Contraction_l_Ailk_Bjlk_Cijk_Dijk,"(8,8192,1,1024)",Cijk_Ailk_Bjlk_F8F8S_BH_GB_MT64x64x16_MI16x16x16x1_SN_GLVWA16_GLVWB16_GRVW16_K1_SS0_SVW4_WSGRA1_WSGRB0,NO_CHECK,-nan,-nan,,0.078125,4,32,0.125,1,1,0.625,2162688,65536,,,,,,,,,,
0,15/44,6/47,Contraction_l_Ailk_Bjlk_Cijk_Dijk,"(8,8192,1,1024)",Cijk_Ailk_Bjlk_F8F8S_BH_GB_MT64x64x16_MI16x16x16x1_SN_GLVWA4_GLVWB4_GRVW4_K1_SS0_SVW4_WSGRA0_WSGRB1,NO_CHECK,47.88,2803.21,,0.078125,4,32,0.125,1,1,0.625,2162688,65536,,,,,,,,,,2026-04-18 22:26:47.
0,15/44,7/47,Contraction_l_Ailk_Bjlk_Cijk_Dijk,"(8,8192,1,1024)",Cijk_Ailk_Bjlk_F8F8S_BH_GB_MT64x64x16_MI16x16x16x1_SN_GLVWA8_GLVWB8_GRVW8_K1_SS0_SVW4_WSGRA0_WSGRB1,NO_CHECK,47.72,2812.61,,0.078125,4,32,0.125,1,1,0.625,2162688,65536,,,,,,,,,,2026-04-18 22:26:47.
And(LeadingFree0SizesGreaterOrEqual(16): (freeA0:8 >= 16) == 0): 0

TruePred: 1
0,15/44,8/47,Contraction_l_Ailk_Bjlk_Cijk_Dijk,"(8,8192,1,1024)",Cijk_Ailk_Bjlk_F8F8S_BH_GB_MT64x64x16_MI16x16x16x1_SN_GLVWA16_GLVWB16_GRVW16_K1_SS0_SVW4_WSGRA0_WSGRB1,NO_CHECK,-nan,-nan,,0.078125,4,32,0.125,1,1,0.625,2162688,65536,,,,,,,,,,
0,15/44,9/47,Contraction_l_Ailk_Bjlk_Cijk_Dijk,"(8,8192,1,1024)",Cijk_Ailk_Bjlk_F8F8S_BH_GB_MT64x64x16_MI16x16x16x1_SN_GLVWA4_GLVWB4_GRVW4_K1_SS0_SVW4_WSGRA1_WSGRB1,NO_CHECK,48.121,2789.17,,0.078125,4,32,0.125,1,1,0.625,2162688,65536,,,,,,,,,,2026-04-18 22:26:47.
0,15/44,10/47,Contraction_l_Ailk_Bjlk_Cijk_Dijk,"(8,8192,1,1024)",Cijk_Ailk_Bjlk_F8F8S_BH_GB_MT64x64x16_MI16x16x16x1_SN_GLVWA8_GLVWB8_GRVW8_K1_SS0_SVW4_WSGRA1_WSGRB1,NO_CHECK,47.28,2838.78,,0.078125,4,32,0.125,1,1,0.625,2162688,65536,,,,,,,,,,2026-04-18 22:26:47.
And(LeadingFree0SizesGreaterOrEqual(16): (freeA0:8 >= 16) == 0): 0

TruePred: 1
0,15/44,11/47,Contraction_l_Ailk_Bjlk_Cijk_Dijk,"(8,8192,1,1024)",Cijk_Ailk_Bjlk_F8F8S_BH_GB_MT64x64x16_MI16x16x16x1_SN_GLVWA16_GLVWB16_GRVW16_K1_SS0_SVW4_WSGRA1_WSGRB1,NO_CHECK,-nan,-nan,,0.078125,4,32,0.125,1,1,0.625,2162688,65536,,,,,,,,,,
0,15/44,12/47,Contraction_l_Ailk_Bjlk_Cijk_Dijk,"(8,8192,1,1024)",Cijk_Ailk_Bjlk_F8F8S_BH_GB_MT64x64x32_MI16x16x16x1_SN_GLVWA4_GLVWB4_GRVW4_K1_SS0_SVW4_WSGRA0_WSGRB0,NO_CHECK,42.92,3127.16,,0.078125,4,32,0.125,1,1,0.625,2162688,65536,,,,,,,,,,2026-04-18 22:26:47.
0,15/44,13/47,Contraction_l_Ailk_Bjlk_Cijk_Dijk,"(8,8192,1,1024)",Cijk_Ailk_Bjlk_F8F8S_BH_GB_MT64x64x32_MI16x16x16x1_SN_GLVWA8_GLVWB8_GRVW8_K1_SS0_SVW4_WSGRA0_WSGRB0,NO_CHECK,40.761,3292.8,,0.078125,4,32,0.125,1,1,0.625,2162688,65536,,,,,,,,,,2026-04-18 22:26:47.
And(LeadingFree0SizesGreaterOrEqual(16): (freeA0:8 >= 16) == 0): 0

TruePred: 1
0,15/44,14/47,Contraction_l_Ailk_Bjlk_Cijk_Dijk,"(8,8192,1,1024)",Cijk_Ailk_Bjlk_F8F8S_BH_GB_MT64x64x32_MI16x16x16x1_SN_GLVWA16_GLVWB16_GRVW16_K1_SS0_SVW4_WSGRA0_WSGRB0,NO_CHECK,-nan,-nan,,0.078125,4,32,0.125,1,1,0.625,2162688,65536,,,,,,,,,,
0,15/44,15/47,Contraction_l_Ailk_Bjlk_Cijk_Dijk,"(8,8192,1,1024)",Cijk_Ailk_Bjlk_F8F8S_BH_GB_MT64x64x32_MI16x16x16x1_SN_GLVWA4_GLVWB4_GRVW4_K1_SS0_SVW4_WSGRA1_WSGRB0,NO_CHECK,43.48,3086.88,,0.078125,4,32,0.125,1,1,0.625,2162688,65536,,,,,,,,,,2026-04-18 22:26:47.
0,15/44,16/47,Contraction_l_Ailk_Bjlk_Cijk_Dijk,"(8,8192,1,1024)",Cijk_Ailk_Bjlk_F8F8S_BH_GB_MT64x64x32_MI16x16x16x1_SN_GLVWA8_GLVWB8_GRVW8_K1_SS0_SVW4_WSGRA1_WSGRB0,NO_CHECK,41.32,3248.25,,0.078125,4,32,0.125,1,1,0.625,2162688,65536,,,,,,,,,,2026-04-18 22:26:47.
And(LeadingFree0SizesGreaterOrEqual(16): (freeA0:8 >= 16) == 0): 0

TruePred: 1
0,15/44,17/47,Contraction_l_Ailk_Bjlk_Cijk_Dijk,"(8,8192,1,1024)",Cijk_Ailk_Bjlk_F8F8S_BH_GB_MT64x64x32_MI16x16x16x1_SN_GLVWA16_GLVWB16_GRVW16_K1_SS0_SVW4_WSGRA1_WSGRB0,NO_CHECK,-nan,-nan,,0.078125,4,32,0.125,1,1,0.625,2162688,65536,,,,,,,,,,
0,15/44,18/47,Contraction_l_Ailk_Bjlk_Cijk_Dijk,"(8,8192,1,1024)",Cijk_Ailk_Bjlk_F8F8S_BH_GB_MT64x64x32_MI16x16x16x1_SN_GLVWA4_GLVWB4_GRVW4_K1_SS0_SVW4_WSGRA0_WSGRB1,NO_CHECK,43.201,3106.82,,0.078125,4,32,0.125,1,1,0.625,2162688,65536,,,,,,,,,,2026-04-18 22:26:47.
0,15/44,19/47,Contraction_l_Ailk_Bjlk_Cijk_Dijk,"(8,8192,1,1024)",Cijk_Ailk_Bjlk_F8F8S_BH_GB_MT64x64x32_MI16x16x16x1_SN_GLVWA8_GLVWB8_GRVW8_K1_SS0_SVW4_WSGRA0_WSGRB1,NO_CHECK,41.28,3251.4,,0.078125,4,32,0.125,1,1,0.625,2162688,65536,,,,,,,,,,2026-04-18 22:26:47.
And(LeadingFree0SizesGreaterOrEqual(16): (freeA0:8 >= 16) == 0): 0

TruePred: 1
0,15/44,20/47,Contraction_l_Ailk_Bjlk_Cijk_Dijk,"(8,8192,1,1024)",Cijk_Ailk_Bjlk_F8F8S_BH_GB_MT64x64x32_MI16x16x16x1_SN_GLVWA16_GLVWB16_GRVW16_K1_SS0_SVW4_WSGRA0_WSGRB1,NO_CHECK,-nan,-nan,,0.078125,4,32,0.125,1,1,0.625,2162688,65536,,,,,,,,,,
0,15/44,21/47,Contraction_l_Ailk_Bjlk_Cijk_Dijk,"(8,8192,1,1024)",Cijk_Ailk_Bjlk_F8F8S_BH_GB_MT64x64x32_MI16x16x16x1_SN_GLVWA4_GLVWB4_GRVW4_K1_SS0_SVW4_WSGRA1_WSGRB1,NO_CHECK,44.32,3028.38,,0.078125,4,32,0.125,1,1,0.625,2162688,65536,,,,,,,,,,2026-04-18 22:26:47.
0,15/44,22/47,Contraction_l_Ailk_Bjlk_Cijk_Dijk,"(8,8192,1,1024)",Cijk_Ailk_Bjlk_F8F8S_BH_GB_MT64x64x32_MI16x16x16x1_SN_GLVWA8_GLVWB8_GRVW8_K1_SS0_SVW4_WSGRA1_WSGRB1,NO_CHECK,42.52,3156.58,,0.078125,4,32,0.125,1,1,0.625,2162688,65536,,,,,,,,,,2026-04-18 22:26:47.
And(LeadingFree0SizesGreaterOrEqual(16): (freeA0:8 >= 16) == 0): 0

TruePred: 1
0,15/44,23/47,Contraction_l_Ailk_Bjlk_Cijk_Dijk,"(8,8192,1,1024)",Cijk_Ailk_Bjlk_F8F8S_BH_GB_MT64x64x32_MI16x16x16x1_SN_GLVWA16_GLVWB16_GRVW16_K1_SS0_SVW4_WSGRA1_WSGRB1,NO_CHECK,-nan,-nan,,0.078125,4,32,0.125,1,1,0.625,2162688,65536,,,,,,,,,,
0,15/44,24/47,Contraction_l_Ailk_Bjlk_Cijk_Dijk,"(8,8192,1,1024)",Cijk_Ailk_Bjlk_F8F8S_BH_GB_MT64x64x16_MI16x16x16x1_SN_GLVWA4_GLVWB4_GRVW4_K1_SS1_SVW1_WSGRA0_WSGRB0,NO_CHECK,50.84,2640,,0.078125,4,32,0.125,1,1,0.625,2162688,65536,,,,,,,,,,2026-04-18 22:26:47.
0,15/44,25/47,Contraction_l_Ailk_Bjlk_Cijk_Dijk,"(8,8192,1,1024)",Cijk_Ailk_Bjlk_F8F8S_BH_GB_MT64x64x16_MI16x16x16x1_SN_GLVWA8_GLVWB8_GRVW8_K1_SS1_SVW1_WSGRA0_WSGRB0,NO_CHECK,47.08,2850.84,,0.078125,4,32,0.125,1,1,0.625,2162688,65536,,,,,,,,,,2026-04-18 22:26:47.
And(LeadingFree0SizesGreaterOrEqual(16): (freeA0:8 >= 16) == 0): 0

TruePred: 1
0,15/44,26/47,Contraction_l_Ailk_Bjlk_Cijk_Dijk,"(8,8192,1,1024)",Cijk_Ailk_Bjlk_F8F8S_BH_GB_MT64x64x16_MI16x16x16x1_SN_GLVWA16_GLVWB16_GRVW16_K1_SS1_SVW1_WSGRA0_WSGRB0,NO_CHECK,-nan,-nan,,0.078125,4,32,0.125,1,1,0.625,2162688,65536,,,,,,,,,,
0,15/44,27/47,Contraction_l_Ailk_Bjlk_Cijk_Dijk,"(8,8192,1,1024)",Cijk_Ailk_Bjlk_F8F8S_BH_GB_MT64x64x16_MI16x16x16x1_SN_GLVWA4_GLVWB4_GRVW4_K1_SS1_SVW1_WSGRA1_WSGRB0,NO_CHECK,49,2739.14,,0.078125,4,32,0.125,1,1,0.625,2162688,65536,,,,,,,,,,2026-04-18 22:26:47.
0,15/44,28/47,Contraction_l_Ailk_Bjlk_Cijk_Dijk,"(8,8192,1,1024)",Cijk_Ailk_Bjlk_F8F8S_BH_GB_MT64x64x16_MI16x16x16x1_SN_GLVWA8_GLVWB8_GRVW8_K1_SS1_SVW1_WSGRA1_WSGRB0,NO_CHECK,47.44,2829.21,,0.078125,4,32,0.125,1,1,0.625,2162688,65536,,,,,,,,,,2026-04-18 22:26:47.
And(LeadingFree0SizesGreaterOrEqual(16): (freeA0:8 >= 16) == 0): 0

TruePred: 1
0,15/44,29/47,Contraction_l_Ailk_Bjlk_Cijk_Dijk,"(8,8192,1,1024)",Cijk_Ailk_Bjlk_F8F8S_BH_GB_MT64x64x16_MI16x16x16x1_SN_GLVWA16_GLVWB16_GRVW16_K1_SS1_SVW1_WSGRA1_WSGRB0,NO_CHECK,-nan,-nan,,0.078125,4,32,0.125,1,1,0.625,2162688,65536,,,,,,,,,,
0,15/44,30/47,Contraction_l_Ailk_Bjlk_Cijk_Dijk,"(8,8192,1,1024)",Cijk_Ailk_Bjlk_F8F8S_BH_GB_MT64x64x16_MI16x16x16x1_SN_GLVWA4_GLVWB4_GRVW4_K1_SS1_SVW1_WSGRA0_WSGRB1,NO_CHECK,47.601,2819.64,,0.078125,4,32,0.125,1,1,0.625,2162688,65536,,,,,,,,,,2026-04-18 22:26:47.
0,15/44,31/47,Contraction_l_Ailk_Bjlk_Cijk_Dijk,"(8,8192,1,1024)",Cijk_Ailk_Bjlk_F8F8S_BH_GB_MT64x64x16_MI16x16x16x1_SN_GLVWA8_GLVWB8_GRVW8_K1_SS1_SVW1_WSGRA0_WSGRB1,NO_CHECK,47.96,2798.53,,0.078125,4,32,0.125,1,1,0.625,2162688,65536,,,,,,,,,,2026-04-18 22:26:47.
And(LeadingFree0SizesGreaterOrEqual(16): (freeA0:8 >= 16) == 0): 0

TruePred: 1
0,15/44,32/47,Contraction_l_Ailk_Bjlk_Cijk_Dijk,"(8,8192,1,1024)",Cijk_Ailk_Bjlk_F8F8S_BH_GB_MT64x64x16_MI16x16x16x1_SN_GLVWA16_GLVWB16_GRVW16_K1_SS1_SVW1_WSGRA0_WSGRB1,NO_CHECK,-nan,-nan,,0.078125,4,32,0.125,1,1,0.625,2162688,65536,,,,,,,,,,
0,15/44,33/47,Contraction_l_Ailk_Bjlk_Cijk_Dijk,"(8,8192,1,1024)",Cijk_Ailk_Bjlk_F8F8S_BH_GB_MT64x64x16_MI16x16x16x1_SN_GLVWA4_GLVWB4_GRVW4_K1_SS1_SVW1_WSGRA1_WSGRB1,NO_CHECK,48.24,2782.29,,0.078125,4,32,0.125,1,1,0.625,2162688,65536,,,,,,,,,,2026-04-18 22:26:47.
0,15/44,34/47,Contraction_l_Ailk_Bjlk_Cijk_Dijk,"(8,8192,1,1024)",Cijk_Ailk_Bjlk_F8F8S_BH_GB_MT64x64x16_MI16x16x16x1_SN_GLVWA8_GLVWB8_GRVW8_K1_SS1_SVW1_WSGRA1_WSGRB1,NO_CHECK,47.921,2800.81,,0.078125,4,32,0.125,1,1,0.625,2162688,65536,,,,,,,,,,2026-04-18 22:26:47.
And(LeadingFree0SizesGreaterOrEqual(16): (freeA0:8 >= 16) == 0): 0

TruePred: 1
0,15/44,35/47,Contraction_l_Ailk_Bjlk_Cijk_Dijk,"(8,8192,1,1024)",Cijk_Ailk_Bjlk_F8F8S_BH_GB_MT64x64x16_MI16x16x16x1_SN_GLVWA16_GLVWB16_GRVW16_K1_SS1_SVW1_WSGRA1_WSGRB1,NO_CHECK,-nan,-nan,,0.078125,4,32,0.125,1,1,0.625,2162688,65536,,,,,,,,,,
0,15/44,36/47,Contraction_l_Ailk_Bjlk_Cijk_Dijk,"(8,8192,1,1024)",Cijk_Ailk_Bjlk_F8F8S_BH_GB_MT64x64x32_MI16x16x16x1_SN_GLVWA4_GLVWB4_GRVW4_K1_SS1_SVW1_WSGRA0_WSGRB0,NO_CHECK,42.52,3156.58,,0.078125,4,32,0.125,1,1,0.625,2162688,65536,,,,,,,,,,2026-04-18 22:26:47.
0,15/44,37/47,Contraction_l_Ailk_Bjlk_Cijk_Dijk,"(8,8192,1,1024)",Cijk_Ailk_Bjlk_F8F8S_BH_GB_MT64x64x32_MI16x16x16x1_SN_GLVWA8_GLVWB8_GRVW8_K1_SS1_SVW1_WSGRA0_WSGRB0,NO_CHECK,41.401,3241.9,,0.078125,4,32,0.125,1,1,0.625,2162688,65536,,,,,,,,,,2026-04-18 22:26:47.
And(LeadingFree0SizesGreaterOrEqual(16): (freeA0:8 >= 16) == 0): 0

TruePred: 1
0,15/44,38/47,Contraction_l_Ailk_Bjlk_Cijk_Dijk,"(8,8192,1,1024)",Cijk_Ailk_Bjlk_F8F8S_BH_GB_MT64x64x32_MI16x16x16x1_SN_GLVWA16_GLVWB16_GRVW16_K1_SS1_SVW1_WSGRA0_WSGRB0,NO_CHECK,-nan,-nan,,0.078125,4,32,0.125,1,1,0.625,2162688,65536,,,,,,,,,,
0,15/44,39/47,Contraction_l_Ailk_Bjlk_Cijk_Dijk,"(8,8192,1,1024)",Cijk_Ailk_Bjlk_F8F8S_BH_GB_MT64x64x32_MI16x16x16x1_SN_GLVWA4_GLVWB4_GRVW4_K1_SS1_SVW1_WSGRA1_WSGRB0,NO_CHECK,44.04,3047.63,,0.078125,4,32,0.125,1,1,0.625,2162688,65536,,,,,,,,,,2026-04-18 22:26:47.
0,15/44,40/47,Contraction_l_Ailk_Bjlk_Cijk_Dijk,"(8,8192,1,1024)",Cijk_Ailk_Bjlk_F8F8S_BH_GB_MT64x64x32_MI16x16x16x1_SN_GLVWA8_GLVWB8_GRVW8_K1_SS1_SVW1_WSGRA1_WSGRB0,NO_CHECK,41.68,3220.19,,0.078125,4,32,0.125,1,1,0.625,2162688,65536,,,,,,,,,,2026-04-18 22:26:47.
And(LeadingFree0SizesGreaterOrEqual(16): (freeA0:8 >= 16) == 0): 0

TruePred: 1
0,15/44,41/47,Contraction_l_Ailk_Bjlk_Cijk_Dijk,"(8,8192,1,1024)",Cijk_Ailk_Bjlk_F8F8S_BH_GB_MT64x64x32_MI16x16x16x1_SN_GLVWA16_GLVWB16_GRVW16_K1_SS1_SVW1_WSGRA1_WSGRB0,NO_CHECK,-nan,-nan,,0.078125,4,32,0.125,1,1,0.625,2162688,65536,,,,,,,,,,
0,15/44,42/47,Contraction_l_Ailk_Bjlk_Cijk_Dijk,"(8,8192,1,1024)",Cijk_Ailk_Bjlk_F8F8S_BH_GB_MT64x64x32_MI16x16x16x1_SN_GLVWA4_GLVWB4_GRVW4_K1_SS1_SVW1_WSGRA0_WSGRB1,NO_CHECK,212.082,632.858,,0.078125,4,32,0.125,1,1,0.625,2162688,65536,,,,,,,,,,2026-04-18 22:26:47.
0,15/44,43/47,Contraction_l_Ailk_Bjlk_Cijk_Dijk,"(8,8192,1,1024)",Cijk_Ailk_Bjlk_F8F8S_BH_GB_MT64x64x32_MI16x16x16x1_SN_GLVWA8_GLVWB8_GRVW8_K1_SS1_SVW1_WSGRA0_WSGRB1,NO_CHECK,64.401,2084.09,,0.078125,4,32,0.125,1,1,0.625,2162688,65536,,,,,,,,,,2026-04-18 22:26:47.
And(LeadingFree0SizesGreaterOrEqual(16): (freeA0:8 >= 16) == 0): 0

TruePred: 1
0,15/44,44/47,Contraction_l_Ailk_Bjlk_Cijk_Dijk,"(8,8192,1,1024)",Cijk_Ailk_Bjlk_F8F8S_BH_GB_MT64x64x32_MI16x16x16x1_SN_GLVWA16_GLVWB16_GRVW16_K1_SS1_SVW1_WSGRA0_WSGRB1,NO_CHECK,-nan,-nan,,0.078125,4,32,0.125,1,1,0.625,2162688,65536,,,,,,,,,,
0,15/44,45/47,Contraction_l_Ailk_Bjlk_Cijk_Dijk,"(8,8192,1,1024)",Cijk_Ailk_Bjlk_F8F8S_BH_GB_MT64x64x32_MI16x16x16x1_SN_GLVWA4_GLVWB4_GRVW4_K1_SS1_SVW1_WSGRA1_WSGRB1,NO_CHECK,43.241,3103.95,,0.078125,4,32,0.125,1,1,0.625,2162688,65536,,,,,,,,,,2026-04-18 22:26:47.
0,15/44,46/47,Contraction_l_Ailk_Bjlk_Cijk_Dijk,"(8,8192,1,1024)",Cijk_Ailk_Bjlk_F8F8S_BH_GB_MT64x64x32_MI16x16x16x1_SN_GLVWA8_GLVWB8_GRVW8_K1_SS1_SVW1_WSGRA1_WSGRB1,NO_CHECK,43.401,3092.5,,0.078125,4,32,0.125,1,1,0.625,2162688,65536,,,,,,,,,,2026-04-18 22:26:47.
And(LeadingFree0SizesGreaterOrEqual(16): (freeA0:8 >= 16) == 0): 0

TruePred: 1
0,15/44,47/47,Contraction_l_Ailk_Bjlk_Cijk_Dijk,"(8,8192,1,1024)",Cijk_Ailk_Bjlk_F8F8S_BH_GB_MT64x64x32_MI16x16x16x1_SN_GLVWA16_GLVWB16_GRVW16_K1_SS1_SVW1_WSGRA1_WSGRB1,NO_CHECK,-nan,-nan,,0.078125,4,32,0.125,1,1,0.625,2162688,65536,,,,,,,,,,
0,16/44,0/47,Contraction_l_Ailk_Bjlk_Cijk_Dijk,"(8,8192,1,4096)",Cijk_Ailk_Bjlk_F8F8S_BH_GB_MT64x64x16_MI16x16x16x1_SN_GLVWA4_GLVWB4_GRVW4_K1_SS0_SVW4_WSGRA0_WSGRB0,NO_CHECK,131.881,4070.87,,0.078125,4,32,0.125,1,1,0.625,8454144,65536,,,,,,,,,,2026-04-18 22:26:47.
0,16/44,1/47,Contraction_l_Ailk_Bjlk_Cijk_Dijk,"(8,8192,1,4096)",Cijk_Ailk_Bjlk_F8F8S_BH_GB_MT64x64x16_MI16x16x16x1_SN_GLVWA8_GLVWB8_GRVW8_K1_SS0_SVW4_WSGRA0_WSGRB0,NO_CHECK,116.761,4598.03,,0.078125,4,32,0.125,1,1,0.625,8454144,65536,,,,,,,,,,2026-04-18 22:26:47.
And(LeadingFree0SizesGreaterOrEqual(16): (freeA0:8 >= 16) == 0): 0

TruePred: 1
0,16/44,2/47,Contraction_l_Ailk_Bjlk_Cijk_Dijk,"(8,8192,1,4096)",Cijk_Ailk_Bjlk_F8F8S_BH_GB_MT64x64x16_MI16x16x16x1_SN_GLVWA16_GLVWB16_GRVW16_K1_SS0_SVW4_WSGRA0_WSGRB0,NO_CHECK,-nan,-nan,,0.078125,4,32,0.125,1,1,0.625,8454144,65536,,,,,,,,,,
0,16/44,3/47,Contraction_l_Ailk_Bjlk_Cijk_Dijk,"(8,8192,1,4096)",Cijk_Ailk_Bjlk_F8F8S_BH_GB_MT64x64x16_MI16x16x16x1_SN_GLVWA4_GLVWB4_GRVW4_K1_SS0_SVW4_WSGRA1_WSGRB0,NO_CHECK,122.561,4380.44,,0.078125,4,32,0.125,1,1,0.625,8454144,65536,,,,,,,,,,2026-04-18 22:26:47.
0,16/44,4/47,Contraction_l_Ailk_Bjlk_Cijk_Dijk,"(8,8192,1,4096)",Cijk_Ailk_Bjlk_F8F8S_BH_GB_MT64x64x16_MI16x16x16x1_SN_GLVWA8_GLVWB8_GRVW8_K1_SS0_SVW4_WSGRA1_WSGRB0,NO_CHECK,115.161,4661.92,,0.078125,4,32,0.125,1,1,0.625,8454144,65536,,,,,,,,,,2026-04-18 22:26:47.
And(LeadingFree0SizesGreaterOrEqual(16): (freeA0:8 >= 16) == 0): 0

TruePred: 1
0,16/44,5/47,Contraction_l_Ailk_Bjlk_Cijk_Dijk,"(8,8192,1,4096)",Cijk_Ailk_Bjlk_F8F8S_BH_GB_MT64x64x16_MI16x16x16x1_SN_GLVWA16_GLVWB16_GRVW16_K1_SS0_SVW4_WSGRA1_WSGRB0,NO_CHECK,-nan,-nan,,0.078125,4,32,0.125,1,1,0.625,8454144,65536,,,,,,,,,,
0,16/44,6/47,Contraction_l_Ailk_Bjlk_Cijk_Dijk,"(8,8192,1,4096)",Cijk_Ailk_Bjlk_F8F8S_BH_GB_MT64x64x16_MI16x16x16x1_SN_GLVWA4_GLVWB4_GRVW4_K1_SS0_SVW4_WSGRA0_WSGRB1,NO_CHECK,117.441,4571.41,,0.078125,4,32,0.125,1,1,0.625,8454144,65536,,,,,,,,,,2026-04-18 22:26:47.
0,16/44,7/47,Contraction_l_Ailk_Bjlk_Cijk_Dijk,"(8,8192,1,4096)",Cijk_Ailk_Bjlk_F8F8S_BH_GB_MT64x64x16_MI16x16x16x1_SN_GLVWA8_GLVWB8_GRVW8_K1_SS0_SVW4_WSGRA0_WSGRB1,NO_CHECK,115.121,4663.54,,0.078125,4,32,0.125,1,1,0.625,8454144,65536,,,,,,,,,,2026-04-18 22:26:47.
And(LeadingFree0SizesGreaterOrEqual(16): (freeA0:8 >= 16) == 0): 0

TruePred: 1
0,16/44,8/47,Contraction_l_Ailk_Bjlk_Cijk_Dijk,"(8,8192,1,4096)",Cijk_Ailk_Bjlk_F8F8S_BH_GB_MT64x64x16_MI16x16x16x1_SN_GLVWA16_GLVWB16_GRVW16_K1_SS0_SVW4_WSGRA0_WSGRB1,NO_CHECK,-nan,-nan,,0.078125,4,32,0.125,1,1,0.625,8454144,65536,,,,,,,,,,
0,16/44,9/47,Contraction_l_Ailk_Bjlk_Cijk_Dijk,"(8,8192,1,4096)",Cijk_Ailk_Bjlk_F8F8S_BH_GB_MT64x64x16_MI16x16x16x1_SN_GLVWA4_GLVWB4_GRVW4_K1_SS0_SVW4_WSGRA1_WSGRB1,NO_CHECK,123.841,4335.16,,0.078125,4,32,0.125,1,1,0.625,8454144,65536,,,,,,,,,,2026-04-18 22:26:47.
0,16/44,10/47,Contraction_l_Ailk_Bjlk_Cijk_Dijk,"(8,8192,1,4096)",Cijk_Ailk_Bjlk_F8F8S_BH_GB_MT64x64x16_MI16x16x16x1_SN_GLVWA8_GLVWB8_GRVW8_K1_SS0_SVW4_WSGRA1_WSGRB1,NO_CHECK,121.801,4407.77,,0.078125,4,32,0.125,1,1,0.625,8454144,65536,,,,,,,,,,2026-04-18 22:26:47.
And(LeadingFree0SizesGreaterOrEqual(16): (freeA0:8 >= 16) == 0): 0

TruePred: 1
0,16/44,11/47,Contraction_l_Ailk_Bjlk_Cijk_Dijk,"(8,8192,1,4096)",Cijk_Ailk_Bjlk_F8F8S_BH_GB_MT64x64x16_MI16x16x16x1_SN_GLVWA16_GLVWB16_GRVW16_K1_SS0_SVW4_WSGRA1_WSGRB1,NO_CHECK,-nan,-nan,,0.078125,4,32,0.125,1,1,0.625,8454144,65536,,,,,,,,,,
0,16/44,12/47,Contraction_l_Ailk_Bjlk_Cijk_Dijk,"(8,8192,1,4096)",Cijk_Ailk_Bjlk_F8F8S_BH_GB_MT64x64x32_MI16x16x16x1_SN_GLVWA4_GLVWB4_GRVW4_K1_SS0_SVW4_WSGRA0_WSGRB0,NO_CHECK,90.441,5936.15,,0.078125,4,32,0.125,1,1,0.625,8454144,65536,,,,,,,,,,2026-04-18 22:26:47.
0,16/44,13/47,Contraction_l_Ailk_Bjlk_Cijk_Dijk,"(8,8192,1,4096)",Cijk_Ailk_Bjlk_F8F8S_BH_GB_MT64x64x32_MI16x16x16x1_SN_GLVWA8_GLVWB8_GRVW8_K1_SS0_SVW4_WSGRA0_WSGRB0,NO_CHECK,89.44,6002.58,,0.078125,4,32,0.125,1,1,0.625,8454144,65536,,,,,,,,,,2026-04-18 22:26:47.
And(LeadingFree0SizesGreaterOrEqual(16): (freeA0:8 >= 16) == 0): 0

TruePred: 1
0,16/44,14/47,Contraction_l_Ailk_Bjlk_Cijk_Dijk,"(8,8192,1,4096)",Cijk_Ailk_Bjlk_F8F8S_BH_GB_MT64x64x32_MI16x16x16x1_SN_GLVWA16_GLVWB16_GRVW16_K1_SS0_SVW4_WSGRA0_WSGRB0,NO_CHECK,-nan,-nan,,0.078125,4,32,0.125,1,1,0.625,8454144,65536,,,,,,,,,,
0,16/44,15/47,Contraction_l_Ailk_Bjlk_Cijk_Dijk,"(8,8192,1,4096)",Cijk_Ailk_Bjlk_F8F8S_BH_GB_MT64x64x32_MI16x16x16x1_SN_GLVWA4_GLVWB4_GRVW4_K1_SS0_SVW4_WSGRA1_WSGRB0,NO_CHECK,91.281,5881.52,,0.078125,4,32,0.125,1,1,0.625,8454144,65536,,,,,,,,,,2026-04-18 22:26:47.
0,16/44,16/47,Contraction_l_Ailk_Bjlk_Cijk_Dijk,"(8,8192,1,4096)",Cijk_Ailk_Bjlk_F8F8S_BH_GB_MT64x64x32_MI16x16x16x1_SN_GLVWA8_GLVWB8_GRVW8_K1_SS0_SVW4_WSGRA1_WSGRB0,NO_CHECK,90.84,5910.07,,0.078125,4,32,0.125,1,1,0.625,8454144,65536,,,,,,,,,,2026-04-18 22:26:47.
And(LeadingFree0SizesGreaterOrEqual(16): (freeA0:8 >= 16) == 0): 0

TruePred: 1
0,16/44,17/47,Contraction_l_Ailk_Bjlk_Cijk_Dijk,"(8,8192,1,4096)",Cijk_Ailk_Bjlk_F8F8S_BH_GB_MT64x64x32_MI16x16x16x1_SN_GLVWA16_GLVWB16_GRVW16_K1_SS0_SVW4_WSGRA1_WSGRB0,NO_CHECK,-nan,-nan,,0.078125,4,32,0.125,1,1,0.625,8454144,65536,,,,,,,,,,
0,16/44,18/47,Contraction_l_Ailk_Bjlk_Cijk_Dijk,"(8,8192,1,4096)",Cijk_Ailk_Bjlk_F8F8S_BH_GB_MT64x64x32_MI16x16x16x1_SN_GLVWA4_GLVWB4_GRVW4_K1_SS0_SVW4_WSGRA0_WSGRB1,NO_CHECK,96.121,5585.37,,0.078125,4,32,0.125,1,1,0.625,8454144,65536,,,,,,,,,,2026-04-18 22:26:47.
0,16/44,19/47,Contraction_l_Ailk_Bjlk_Cijk_Dijk,"(8,8192,1,4096)",Cijk_Ailk_Bjlk_F8F8S_BH_GB_MT64x64x32_MI16x16x16x1_SN_GLVWA8_GLVWB8_GRVW8_K1_SS0_SVW4_WSGRA0_WSGRB1,NO_CHECK,95.081,5646.46,,0.078125,4,32,0.125,1,1,0.625,8454144,65536,,,,,,,,,,2026-04-18 22:26:47.
And(LeadingFree0SizesGreaterOrEqual(16): (freeA0:8 >= 16) == 0): 0

TruePred: 1
0,16/44,20/47,Contraction_l_Ailk_Bjlk_Cijk_Dijk,"(8,8192,1,4096)",Cijk_Ailk_Bjlk_F8F8S_BH_GB_MT64x64x32_MI16x16x16x1_SN_GLVWA16_GLVWB16_GRVW16_K1_SS0_SVW4_WSGRA0_WSGRB1,NO_CHECK,-nan,-nan,,0.078125,4,32,0.125,1,1,0.625,8454144,65536,,,,,,,,,,
0,16/44,21/47,Contraction_l_Ailk_Bjlk_Cijk_Dijk,"(8,8192,1,4096)",Cijk_Ailk_Bjlk_F8F8S_BH_GB_MT64x64x32_MI16x16x16x1_SN_GLVWA4_GLVWB4_GRVW4_K1_SS0_SVW4_WSGRA1_WSGRB1,NO_CHECK,105.281,5099.41,,0.078125,4,32,0.125,1,1,0.625,8454144,65536,,,,,,,,,,2026-04-18 22:26:47.
0,16/44,22/47,Contraction_l_Ailk_Bjlk_Cijk_Dijk,"(8,8192,1,4096)",Cijk_Ailk_Bjlk_F8F8S_BH_GB_MT64x64x32_MI16x16x16x1_SN_GLVWA8_GLVWB8_GRVW8_K1_SS0_SVW4_WSGRA1_WSGRB1,NO_CHECK,113.681,4722.61,,0.078125,4,32,0.125,1,1,0.625,8454144,65536,,,,,,,,,,2026-04-18 22:26:47.
And(LeadingFree0SizesGreaterOrEqual(16): (freeA0:8 >= 16) == 0): 0

TruePred: 1
0,16/44,23/47,Contraction_l_Ailk_Bjlk_Cijk_Dijk,"(8,8192,1,4096)",Cijk_Ailk_Bjlk_F8F8S_BH_GB_MT64x64x32_MI16x16x16x1_SN_GLVWA16_GLVWB16_GRVW16_K1_SS0_SVW4_WSGRA1_WSGRB1,NO_CHECK,-nan,-nan,,0.078125,4,32,0.125,1,1,0.625,8454144,65536,,,,,,,,,,
0,16/44,24/47,Contraction_l_Ailk_Bjlk_Cijk_Dijk,"(8,8192,1,4096)",Cijk_Ailk_Bjlk_F8F8S_BH_GB_MT64x64x16_MI16x16x16x1_SN_GLVWA4_GLVWB4_GRVW4_K1_SS1_SVW1_WSGRA0_WSGRB0,NO_CHECK,183.081,2932.42,,0.078125,4,32,0.125,1,1,0.625,8454144,65536,,,,,,,,,,2026-04-18 22:26:47.
0,16/44,25/47,Contraction_l_Ailk_Bjlk_Cijk_Dijk,"(8,8192,1,4096)",Cijk_Ailk_Bjlk_F8F8S_BH_GB_MT64x64x16_MI16x16x16x1_SN_GLVWA8_GLVWB8_GRVW8_K1_SS1_SVW1_WSGRA0_WSGRB0,NO_CHECK,121.081,4433.98,,0.078125,4,32,0.125,1,1,0.625,8454144,65536,,,,,,,,,,2026-04-18 22:26:47.
And(LeadingFree0SizesGreaterOrEqual(16): (freeA0:8 >= 16) == 0): 0

TruePred: 1
0,16/44,26/47,Contraction_l_Ailk_Bjlk_Cijk_Dijk,"(8,8192,1,4096)",Cijk_Ailk_Bjlk_F8F8S_BH_GB_MT64x64x16_MI16x16x16x1_SN_GLVWA16_GLVWB16_GRVW16_K1_SS1_SVW1_WSGRA0_WSGRB0,NO_CHECK,-nan,-nan,,0.078125,4,32,0.125,1,1,0.625,8454144,65536,,,,,,,,,,
0,16/44,27/47,Contraction_l_Ailk_Bjlk_Cijk_Dijk,"(8,8192,1,4096)",Cijk_Ailk_Bjlk_F8F8S_BH_GB_MT64x64x16_MI16x16x16x1_SN_GLVWA4_GLVWB4_GRVW4_K1_SS1_SVW1_WSGRA1_WSGRB0,NO_CHECK,122.441,4384.73,,0.078125,4,32,0.125,1,1,0.625,8454144,65536,,,,,,,,,,2026-04-18 22:26:47.
0,16/44,28/47,Contraction_l_Ailk_Bjlk_Cijk_Dijk,"(8,8192,1,4096)",Cijk_Ailk_Bjlk_F8F8S_BH_GB_MT64x64x16_MI16x16x16x1_SN_GLVWA8_GLVWB8_GRVW8_K1_SS1_SVW1_WSGRA1_WSGRB0,NO_CHECK,115.201,4660.3,,0.078125,4,32,0.125,1,1,0.625,8454144,65536,,,,,,,,,,2026-04-18 22:26:47.
And(LeadingFree0SizesGreaterOrEqual(16): (freeA0:8 >= 16) == 0): 0

TruePred: 1
0,16/44,29/47,Contraction_l_Ailk_Bjlk_Cijk_Dijk,"(8,8192,1,4096)",Cijk_Ailk_Bjlk_F8F8S_BH_GB_MT64x64x16_MI16x16x16x1_SN_GLVWA16_GLVWB16_GRVW16_K1_SS1_SVW1_WSGRA1_WSGRB0,NO_CHECK,-nan,-nan,,0.078125,4,32,0.125,1,1,0.625,8454144,65536,,,,,,,,,,
0,16/44,30/47,Contraction_l_Ailk_Bjlk_Cijk_Dijk,"(8,8192,1,4096)",Cijk_Ailk_Bjlk_F8F8S_BH_GB_MT64x64x16_MI16x16x16x1_SN_GLVWA4_GLVWB4_GRVW4_K1_SS1_SVW1_WSGRA0_WSGRB1,NO_CHECK,117.761,4558.99,,0.078125,4,32,0.125,1,1,0.625,8454144,65536,,,,,,,,,,2026-04-18 22:26:47.
0,16/44,31/47,Contraction_l_Ailk_Bjlk_Cijk_Dijk,"(8,8192,1,4096)",Cijk_Ailk_Bjlk_F8F8S_BH_GB_MT64x64x16_MI16x16x16x1_SN_GLVWA8_GLVWB8_GRVW8_K1_SS1_SVW1_WSGRA0_WSGRB1,NO_CHECK,116.641,4602.76,,0.078125,4,32,0.125,1,1,0.625,8454144,65536,,,,,,,,,,2026-04-18 22:26:47.
And(LeadingFree0SizesGreaterOrEqual(16): (freeA0:8 >= 16) == 0): 0

TruePred: 1
0,16/44,32/47,Contraction_l_Ailk_Bjlk_Cijk_Dijk,"(8,8192,1,4096)",Cijk_Ailk_Bjlk_F8F8S_BH_GB_MT64x64x16_MI16x16x16x1_SN_GLVWA16_GLVWB16_GRVW16_K1_SS1_SVW1_WSGRA0_WSGRB1,NO_CHECK,-nan,-nan,,0.078125,4,32,0.125,1,1,0.625,8454144,65536,,,,,,,,,,
0,16/44,33/47,Contraction_l_Ailk_Bjlk_Cijk_Dijk,"(8,8192,1,4096)",Cijk_Ailk_Bjlk_F8F8S_BH_GB_MT64x64x16_MI16x16x16x1_SN_GLVWA4_GLVWB4_GRVW4_K1_SS1_SVW1_WSGRA1_WSGRB1,NO_CHECK,117.241,4579.21,,0.078125,4,32,0.125,1,1,0.625,8454144,65536,,,,,,,,,,2026-04-18 22:26:47.
0,16/44,34/47,Contraction_l_Ailk_Bjlk_Cijk_Dijk,"(8,8192,1,4096)",Cijk_Ailk_Bjlk_F8F8S_BH_GB_MT64x64x16_MI16x16x16x1_SN_GLVWA8_GLVWB8_GRVW8_K1_SS1_SVW1_WSGRA1_WSGRB1,NO_CHECK,117.161,4582.33,,0.078125,4,32,0.125,1,1,0.625,8454144,65536,,,,,,,,,,2026-04-18 22:26:47.
And(LeadingFree0SizesGreaterOrEqual(16): (freeA0:8 >= 16) == 0): 0

TruePred: 1
0,16/44,35/47,Contraction_l_Ailk_Bjlk_Cijk_Dijk,"(8,8192,1,4096)",Cijk_Ailk_Bjlk_F8F8S_BH_GB_MT64x64x16_MI16x16x16x1_SN_GLVWA16_GLVWB16_GRVW16_K1_SS1_SVW1_WSGRA1_WSGRB1,NO_CHECK,-nan,-nan,,0.078125,4,32,0.125,1,1,0.625,8454144,65536,,,,,,,,,,
0,16/44,36/47,Contraction_l_Ailk_Bjlk_Cijk_Dijk,"(8,8192,1,4096)",Cijk_Ailk_Bjlk_F8F8S_BH_GB_MT64x64x32_MI16x16x16x1_SN_GLVWA4_GLVWB4_GRVW4_K1_SS1_SVW1_WSGRA0_WSGRB0,NO_CHECK,91.201,5886.68,,0.078125,4,32,0.125,1,1,0.625,8454144,65536,,,,,,,,,,2026-04-18 22:26:47.
0,16/44,37/47,Contraction_l_Ailk_Bjlk_Cijk_Dijk,"(8,8192,1,4096)",Cijk_Ailk_Bjlk_F8F8S_BH_GB_MT64x64x32_MI16x16x16x1_SN_GLVWA8_GLVWB8_GRVW8_K1_SS1_SVW1_WSGRA0_WSGRB0,NO_CHECK,89.6,5991.86,,0.078125,4,32,0.125,1,1,0.625,8454144,65536,,,,,,,,,,2026-04-18 22:26:47.
And(LeadingFree0SizesGreaterOrEqual(16): (freeA0:8 >= 16) == 0): 0

TruePred: 1
0,16/44,38/47,Contraction_l_Ailk_Bjlk_Cijk_Dijk,"(8,8192,1,4096)",Cijk_Ailk_Bjlk_F8F8S_BH_GB_MT64x64x32_MI16x16x16x1_SN_GLVWA16_GLVWB16_GRVW16_K1_SS1_SVW1_WSGRA0_WSGRB0,NO_CHECK,-nan,-nan,,0.078125,4,32,0.125,1,1,0.625,8454144,65536,,,,,,,,,,
0,16/44,39/47,Contraction_l_Ailk_Bjlk_Cijk_Dijk,"(8,8192,1,4096)",Cijk_Ailk_Bjlk_F8F8S_BH_GB_MT64x64x32_MI16x16x16x1_SN_GLVWA4_GLVWB4_GRVW4_K1_SS1_SVW1_WSGRA1_WSGRB0,NO_CHECK,90.841,5910.01,,0.078125,4,32,0.125,1,1,0.625,8454144,65536,,,,,,,,,,2026-04-18 22:26:47.
0,16/44,40/47,Contraction_l_Ailk_Bjlk_Cijk_Dijk,"(8,8192,1,4096)",Cijk_Ailk_Bjlk_F8F8S_BH_GB_MT64x64x32_MI16x16x16x1_SN_GLVWA8_GLVWB8_GRVW8_K1_SS1_SVW1_WSGRA1_WSGRB0,NO_CHECK,89.36,6007.96,,0.078125,4,32,0.125,1,1,0.625,8454144,65536,,,,,,,,,,2026-04-18 22:26:47.
And(LeadingFree0SizesGreaterOrEqual(16): (freeA0:8 >= 16) == 0): 0

TruePred: 1
0,16/44,41/47,Contraction_l_Ailk_Bjlk_Cijk_Dijk,"(8,8192,1,4096)",Cijk_Ailk_Bjlk_F8F8S_BH_GB_MT64x64x32_MI16x16x16x1_SN_GLVWA16_GLVWB16_GRVW16_K1_SS1_SVW1_WSGRA1_WSGRB0,NO_CHECK,-nan,-nan,,0.078125,4,32,0.125,1,1,0.625,8454144,65536,,,,,,,,,,
0,16/44,42/47,Contraction_l_Ailk_Bjlk_Cijk_Dijk,"(8,8192,1,4096)",Cijk_Ailk_Bjlk_F8F8S_BH_GB_MT64x64x32_MI16x16x16x1_SN_GLVWA4_GLVWB4_GRVW4_K1_SS1_SVW1_WSGRA0_WSGRB1,NO_CHECK,90.201,5951.94,,0.078125,4,32,0.125,1,1,0.625,8454144,65536,,,,,,,,,,2026-04-18 22:26:47.
0,16/44,43/47,Contraction_l_Ailk_Bjlk_Cijk_Dijk,"(8,8192,1,4096)",Cijk_Ailk_Bjlk_F8F8S_BH_GB_MT64x64x32_MI16x16x16x1_SN_GLVWA8_GLVWB8_GRVW8_K1_SS1_SVW1_WSGRA0_WSGRB1,NO_CHECK,88.84,6043.12,,0.078125,4,32,0.125,1,1,0.625,8454144,65536,,,,,,,,,,2026-04-18 22:26:47.
And(LeadingFree0SizesGreaterOrEqual(16): (freeA0:8 >= 16) == 0): 0

TruePred: 1
0,16/44,44/47,Contraction_l_Ailk_Bjlk_Cijk_Dijk,"(8,8192,1,4096)",Cijk_Ailk_Bjlk_F8F8S_BH_GB_MT64x64x32_MI16x16x16x1_SN_GLVWA16_GLVWB16_GRVW16_K1_SS1_SVW1_WSGRA0_WSGRB1,NO_CHECK,-nan,-nan,,0.078125,4,32,0.125,1,1,0.625,8454144,65536,,,,,,,,,,
0,16/44,45/47,Contraction_l_Ailk_Bjlk_Cijk_Dijk,"(8,8192,1,4096)",Cijk_Ailk_Bjlk_F8F8S_BH_GB_MT64x64x32_MI16x16x16x1_SN_GLVWA4_GLVWB4_GRVW4_K1_SS1_SVW1_WSGRA1_WSGRB1,NO_CHECK,90.361,5941.4,,0.078125,4,32,0.125,1,1,0.625,8454144,65536,,,,,,,,,,2026-04-18 22:26:47.
0,16/44,46/47,Contraction_l_Ailk_Bjlk_Cijk_Dijk,"(8,8192,1,4096)",Cijk_Ailk_Bjlk_F8F8S_BH_GB_MT64x64x32_MI16x16x16x1_SN_GLVWA8_GLVWB8_GRVW8_K1_SS1_SVW1_WSGRA1_WSGRB1,NO_CHECK,89.8,5978.52,,0.078125,4,32,0.125,1,1,0.625,8454144,65536,,,,,,,,,,2026-04-18 22:26:47.
And(LeadingFree0SizesGreaterOrEqual(16): (freeA0:8 >= 16) == 0): 0

TruePred: 1
0,16/44,47/47,Contraction_l_Ailk_Bjlk_Cijk_Dijk,"(8,8192,1,4096)",Cijk_Ailk_Bjlk_F8F8S_BH_GB_MT64x64x32_MI16x16x16x1_SN_GLVWA16_GLVWB16_GRVW16_K1_SS1_SVW1_WSGRA1_WSGRB1,NO_CHECK,-nan,-nan,,0.078125,4,32,0.125,1,1,0.625,8454144,65536,,,,,,,,,,
0,17/44,0/47,Contraction_l_Ailk_Bjlk_Cijk_Dijk,"(8,8192,1,8192)",Cijk_Ailk_Bjlk_F8F8S_BH_GB_MT64x64x16_MI16x16x16x1_SN_GLVWA4_GLVWB4_GRVW4_K1_SS0_SVW4_WSGRA0_WSGRB0,NO_CHECK,997.928,1075.97,,0.078125,4,32,0.125,1,1,0.625,16842752,65536,,,,,,,,,,2026-04-18 22:26:47.
0,17/44,1/47,Contraction_l_Ailk_Bjlk_Cijk_Dijk,"(8,8192,1,8192)",Cijk_Ailk_Bjlk_F8F8S_BH_GB_MT64x64x16_MI16x16x16x1_SN_GLVWA8_GLVWB8_GRVW8_K1_SS0_SVW4_WSGRA0_WSGRB0,NO_CHECK,1456.61,737.151,,0.078125,4,32,0.125,1,1,0.625,16842752,65536,,,,,,,,,,2026-04-18 22:26:47.
And(LeadingFree0SizesGreaterOrEqual(16): (freeA0:8 >= 16) == 0): 0

TruePred: 1
0,17/44,2/47,Contraction_l_Ailk_Bjlk_Cijk_Dijk,"(8,8192,1,8192)",Cijk_Ailk_Bjlk_F8F8S_BH_GB_MT64x64x16_MI16x16x16x1_SN_GLVWA16_GLVWB16_GRVW16_K1_SS0_SVW4_WSGRA0_WSGRB0,NO_CHECK,-nan,-nan,,0.078125,4,32,0.125,1,1,0.625,16842752,65536,,,,,,,,,,
0,17/44,3/47,Contraction_l_Ailk_Bjlk_Cijk_Dijk,"(8,8192,1,8192)",Cijk_Ailk_Bjlk_F8F8S_BH_GB_MT64x64x16_MI16x16x16x1_SN_GLVWA4_GLVWB4_GRVW4_K1_SS0_SVW4_WSGRA1_WSGRB0,NO_CHECK,654.085,1641.59,,0.078125,4,32,0.125,1,1,0.625,16842752,65536,,,,,,,,,,2026-04-18 22:26:47.
0,17/44,4/47,Contraction_l_Ailk_Bjlk_Cijk_Dijk,"(8,8192,1,8192)",Cijk_Ailk_Bjlk_F8F8S_BH_GB_MT64x64x16_MI16x16x16x1_SN_GLVWA8_GLVWB8_GRVW8_K1_SS0_SVW4_WSGRA1_WSGRB0,NO_CHECK,268.922,3992.76,,0.078125,4,32,0.125,1,1,0.625,16842752,65536,,,,,,,,,,2026-04-18 22:26:47.
And(LeadingFree0SizesGreaterOrEqual(16): (freeA0:8 >= 16) == 0): 0

TruePred: 1
0,17/44,5/47,Contraction_l_Ailk_Bjlk_Cijk_Dijk,"(8,8192,1,8192)",Cijk_Ailk_Bjlk_F8F8S_BH_GB_MT64x64x16_MI16x16x16x1_SN_GLVWA16_GLVWB16_GRVW16_K1_SS0_SVW4_WSGRA1_WSGRB0,NO_CHECK,-nan,-nan,,0.078125,4,32,0.125,1,1,0.625,16842752,65536,,,,,,,,,,
0,17/44,6/47,Contraction_l_Ailk_Bjlk_Cijk_Dijk,"(8,8192,1,8192)",Cijk_Ailk_Bjlk_F8F8S_BH_GB_MT64x64x16_MI16x16x16x1_SN_GLVWA4_GLVWB4_GRVW4_K1_SS0_SVW4_WSGRA0_WSGRB1,NO_CHECK,265.842,4039.02,,0.078125,4,32,0.125,1,1,0.625,16842752,65536,,,,,,,,,,2026-04-18 22:26:47.
0,17/44,7/47,Contraction_l_Ailk_Bjlk_Cijk_Dijk,"(8,8192,1,8192)",Cijk_Ailk_Bjlk_F8F8S_BH_GB_MT64x64x16_MI16x16x16x1_SN_GLVWA8_GLVWB8_GRVW8_K1_SS0_SVW4_WSGRA0_WSGRB1,NO_CHECK,257.002,4177.95,,0.078125,4,32,0.125,1,1,0.625,16842752,65536,,,,,,,,,,2026-04-18 22:26:47.
And(LeadingFree0SizesGreaterOrEqual(16): (freeA0:8 >= 16) == 0): 0

TruePred: 1
0,17/44,8/47,Contraction_l_Ailk_Bjlk_Cijk_Dijk,"(8,8192,1,8192)",Cijk_Ailk_Bjlk_F8F8S_BH_GB_MT64x64x16_MI16x16x16x1_SN_GLVWA16_GLVWB16_GRVW16_K1_SS0_SVW4_WSGRA0_WSGRB1,NO_CHECK,-nan,-nan,,0.078125,4,32,0.125,1,1,0.625,16842752,65536,,,,,,,,,,
0,17/44,9/47,Contraction_l_Ailk_Bjlk_Cijk_Dijk,"(8,8192,1,8192)",Cijk_Ailk_Bjlk_F8F8S_BH_GB_MT64x64x16_MI16x16x16x1_SN_GLVWA4_GLVWB4_GRVW4_K1_SS0_SVW4_WSGRA1_WSGRB1,NO_CHECK,222.722,4821,,0.078125,4,32,0.125,1,1,0.625,16842752,65536,,,,,,,,,,2026-04-18 22:26:47.
0,17/44,10/47,Contraction_l_Ailk_Bjlk_Cijk_Dijk,"(8,8192,1,8192)",Cijk_Ailk_Bjlk_F8F8S_BH_GB_MT64x64x16_MI16x16x16x1_SN_GLVWA8_GLVWB8_GRVW8_K1_SS0_SVW4_WSGRA1_WSGRB1,NO_CHECK,218.882,4905.57,,0.078125,4,32,0.125,1,1,0.625,16842752,65536,,,,,,,,,,2026-04-18 22:26:47.
And(LeadingFree0SizesGreaterOrEqual(16): (freeA0:8 >= 16) == 0): 0

TruePred: 1
0,17/44,11/47,Contraction_l_Ailk_Bjlk_Cijk_Dijk,"(8,8192,1,8192)",Cijk_Ailk_Bjlk_F8F8S_BH_GB_MT64x64x16_MI16x16x16x1_SN_GLVWA16_GLVWB16_GRVW16_K1_SS0_SVW4_WSGRA1_WSGRB1,NO_CHECK,-nan,-nan,,0.078125,4,32,0.125,1,1,0.625,16842752,65536,,,,,,,,,,
0,17/44,12/47,Contraction_l_Ailk_Bjlk_Cijk_Dijk,"(8,8192,1,8192)",Cijk_Ailk_Bjlk_F8F8S_BH_GB_MT64x64x32_MI16x16x16x1_SN_GLVWA4_GLVWB4_GRVW4_K1_SS0_SVW4_WSGRA0_WSGRB0,NO_CHECK,173.521,6187.96,,0.078125,4,32,0.125,1,1,0.625,16842752,65536,,,,,,,,,,2026-04-18 22:26:47.
0,17/44,13/47,Contraction_l_Ailk_Bjlk_Cijk_Dijk,"(8,8192,1,8192)",Cijk_Ailk_Bjlk_F8F8S_BH_GB_MT64x64x32_MI16x16x16x1_SN_GLVWA8_GLVWB8_GRVW8_K1_SS0_SVW4_WSGRA0_WSGRB0,NO_CHECK,170.082,6313.08,,0.078125,4,32,0.125,1,1,0.625,16842752,65536,,,,,,,,,,2026-04-18 22:26:47.
And(LeadingFree0SizesGreaterOrEqual(16): (freeA0:8 >= 16) == 0): 0

TruePred: 1
0,17/44,14/47,Contraction_l_Ailk_Bjlk_Cijk_Dijk,"(8,8192,1,8192)",Cijk_Ailk_Bjlk_F8F8S_BH_GB_MT64x64x32_MI16x16x16x1_SN_GLVWA16_GLVWB16_GRVW16_K1_SS0_SVW4_WSGRA0_WSGRB0,NO_CHECK,-nan,-nan,,0.078125,4,32,0.125,1,1,0.625,16842752,65536,,,,,,,,,,
0,17/44,15/47,Contraction_l_Ailk_Bjlk_Cijk_Dijk,"(8,8192,1,8192)",Cijk_Ailk_Bjlk_F8F8S_BH_GB_MT64x64x32_MI16x16x16x1_SN_GLVWA4_GLVWB4_GRVW4_K1_SS0_SVW4_WSGRA1_WSGRB0,NO_CHECK,172.881,6210.87,,0.078125,4,32,0.125,1,1,0.625,16842752,65536,,,,,,,,,,2026-04-18 22:26:47.
0,17/44,16/47,Contraction_l_Ailk_Bjlk_Cijk_Dijk,"(8,8192,1,8192)",Cijk_Ailk_Bjlk_F8F8S_BH_GB_MT64x64x32_MI16x16x16x1_SN_GLVWA8_GLVWB8_GRVW8_K1_SS0_SVW4_WSGRA1_WSGRB0,NO_CHECK,169.841,6322.04,,0.078125,4,32,0.125,1,1,0.625,16842752,65536,,,,,,,,,,2026-04-18 22:26:47.
And(LeadingFree0SizesGreaterOrEqual(16): (freeA0:8 >= 16) == 0): 0

TruePred: 1
0,17/44,17/47,Contraction_l_Ailk_Bjlk_Cijk_Dijk,"(8,8192,1,8192)",Cijk_Ailk_Bjlk_F8F8S_BH_GB_MT64x64x32_MI16x16x16x1_SN_GLVWA16_GLVWB16_GRVW16_K1_SS0_SVW4_WSGRA1_WSGRB0,NO_CHECK,-nan,-nan,,0.078125,4,32,0.125,1,1,0.625,16842752,65536,,,,,,,,,,
0,17/44,18/47,Contraction_l_Ailk_Bjlk_Cijk_Dijk,"(8,8192,1,8192)",Cijk_Ailk_Bjlk_F8F8S_BH_GB_MT64x64x32_MI16x16x16x1_SN_GLVWA4_GLVWB4_GRVW4_K1_SS0_SVW4_WSGRA0_WSGRB1,NO_CHECK,173.601,6185.11,,0.078125,4,32,0.125,1,1,0.625,16842752,65536,,,,,,,,,,2026-04-18 22:26:47.
0,17/44,19/47,Contraction_l_Ailk_Bjlk_Cijk_Dijk,"(8,8192,1,8192)",Cijk_Ailk_Bjlk_F8F8S_BH_GB_MT64x64x32_MI16x16x16x1_SN_GLVWA8_GLVWB8_GRVW8_K1_SS0_SVW4_WSGRA0_WSGRB1,NO_CHECK,170.442,6299.75,,0.078125,4,32,0.125,1,1,0.625,16842752,65536,,,,,,,,,,2026-04-18 22:26:47.
And(LeadingFree0SizesGreaterOrEqual(16): (freeA0:8 >= 16) == 0): 0

TruePred: 1
0,17/44,20/47,Contraction_l_Ailk_Bjlk_Cijk_Dijk,"(8,8192,1,8192)",Cijk_Ailk_Bjlk_F8F8S_BH_GB_MT64x64x32_MI16x16x16x1_SN_GLVWA16_GLVWB16_GRVW16_K1_SS0_SVW4_WSGRA0_WSGRB1,NO_CHECK,-nan,-nan,,0.078125,4,32,0.125,1,1,0.625,16842752,65536,,,,,,,,,,
0,17/44,21/47,Contraction_l_Ailk_Bjlk_Cijk_Dijk,"(8,8192,1,8192)",Cijk_Ailk_Bjlk_F8F8S_BH_GB_MT64x64x32_MI16x16x16x1_SN_GLVWA4_GLVWB4_GRVW4_K1_SS0_SVW4_WSGRA1_WSGRB1,NO_CHECK,173.121,6202.26,,0.078125,4,32,0.125,1,1,0.625,16842752,65536,,,,,,,,,,2026-04-18 22:26:47.
0,17/44,22/47,Contraction_l_Ailk_Bjlk_Cijk_Dijk,"(8,8192,1,8192)",Cijk_Ailk_Bjlk_F8F8S_BH_GB_MT64x64x32_MI16x16x16x1_SN_GLVWA8_GLVWB8_GRVW8_K1_SS0_SVW4_WSGRA1_WSGRB1,NO_CHECK,170.202,6308.63,,0.078125,4,32,0.125,1,1,0.625,16842752,65536,,,,,,,,,,2026-04-18 22:26:47.
And(LeadingFree0SizesGreaterOrEqual(16): (freeA0:8 >= 16) == 0): 0

TruePred: 1
0,17/44,23/47,Contraction_l_Ailk_Bjlk_Cijk_Dijk,"(8,8192,1,8192)",Cijk_Ailk_Bjlk_F8F8S_BH_GB_MT64x64x32_MI16x16x16x1_SN_GLVWA16_GLVWB16_GRVW16_K1_SS0_SVW4_WSGRA1_WSGRB1,NO_CHECK,-nan,-nan,,0.078125,4,32,0.125,1,1,0.625,16842752,65536,,,,,,,,,,
0,17/44,24/47,Contraction_l_Ailk_Bjlk_Cijk_Dijk,"(8,8192,1,8192)",Cijk_Ailk_Bjlk_F8F8S_BH_GB_MT64x64x16_MI16x16x16x1_SN_GLVWA4_GLVWB4_GRVW4_K1_SS1_SVW1_WSGRA0_WSGRB0,NO_CHECK,223.882,4796.02,,0.078125,4,32,0.125,1,1,0.625,16842752,65536,,,,,,,,,,2026-04-18 22:26:47.
0,17/44,25/47,Contraction_l_Ailk_Bjlk_Cijk_Dijk,"(8,8192,1,8192)",Cijk_Ailk_Bjlk_F8F8S_BH_GB_MT64x64x16_MI16x16x16x1_SN_GLVWA8_GLVWB8_GRVW8_K1_SS1_SVW1_WSGRA0_WSGRB0,NO_CHECK,387.083,2773.93,,0.078125,4,32,0.125,1,1,0.625,16842752,65536,,,,,,,,,,2026-04-18 22:26:47.
And(LeadingFree0SizesGreaterOrEqual(16): (freeA0:8 >= 16) == 0): 0

TruePred: 1
0,17/44,26/47,Contraction_l_Ailk_Bjlk_Cijk_Dijk,"(8,8192,1,8192)",Cijk_Ailk_Bjlk_F8F8S_BH_GB_MT64x64x16_MI16x16x16x1_SN_GLVWA16_GLVWB16_GRVW16_K1_SS1_SVW1_WSGRA0_WSGRB0,NO_CHECK,-nan,-nan,,0.078125,4,32,0.125,1,1,0.625,16842752,65536,,,,,,,,,,
0,17/44,27/47,Contraction_l_Ailk_Bjlk_Cijk_Dijk,"(8,8192,1,8192)",Cijk_Ailk_Bjlk_F8F8S_BH_GB_MT64x64x16_MI16x16x16x1_SN_GLVWA4_GLVWB4_GRVW4_K1_SS1_SVW1_WSGRA1_WSGRB0,NO_CHECK,238.201,4507.71,,0.078125,4,32,0.125,1,1,0.625,16842752,65536,,,,,,,,,,2026-04-18 22:26:47.
0,17/44,28/47,Contraction_l_Ailk_Bjlk_Cijk_Dijk,"(8,8192,1,8192)",Cijk_Ailk_Bjlk_F8F8S_BH_GB_MT64x64x16_MI16x16x16x1_SN_GLVWA8_GLVWB8_GRVW8_K1_SS1_SVW1_WSGRA1_WSGRB0,NO_CHECK,242.042,4436.18,,0.078125,4,32,0.125,1,1,0.625,16842752,65536,,,,,,,,,,2026-04-18 22:26:47.
And(LeadingFree0SizesGreaterOrEqual(16): (freeA0:8 >= 16) == 0): 0

TruePred: 1
0,17/44,29/47,Contraction_l_Ailk_Bjlk_Cijk_Dijk,"(8,8192,1,8192)",Cijk_Ailk_Bjlk_F8F8S_BH_GB_MT64x64x16_MI16x16x16x1_SN_GLVWA16_GLVWB16_GRVW16_K1_SS1_SVW1_WSGRA1_WSGRB0,NO_CHECK,-nan,-nan,,0.078125,4,32,0.125,1,1,0.625,16842752,65536,,,,,,,,,,
0,17/44,30/47,Contraction_l_Ailk_Bjlk_Cijk_Dijk,"(8,8192,1,8192)",Cijk_Ailk_Bjlk_F8F8S_BH_GB_MT64x64x16_MI16x16x16x1_SN_GLVWA4_GLVWB4_GRVW4_K1_SS1_SVW1_WSGRA0_WSGRB1,NO_CHECK,233.322,4601.97,,0.078125,4,32,0.125,1,1,0.625,16842752,65536,,,,,,,,,,2026-04-18 22:26:47.
0,17/44,31/47,Contraction_l_Ailk_Bjlk_Cijk_Dijk,"(8,8192,1,8192)",Cijk_Ailk_Bjlk_F8F8S_BH_GB_MT64x64x16_MI16x16x16x1_SN_GLVWA8_GLVWB8_GRVW8_K1_SS1_SVW1_WSGRA0_WSGRB1,NO_CHECK,222.482,4826.2,,0.078125,4,32,0.125,1,1,0.625,16842752,65536,,,,,,,,,,2026-04-18 22:26:47.
And(LeadingFree0SizesGreaterOrEqual(16): (freeA0:8 >= 16) == 0): 0

TruePred: 1
0,17/44,32/47,Contraction_l_Ailk_Bjlk_Cijk_Dijk,"(8,8192,1,8192)",Cijk_Ailk_Bjlk_F8F8S_BH_GB_MT64x64x16_MI16x16x16x1_SN_GLVWA16_GLVWB16_GRVW16_K1_SS1_SVW1_WSGRA0_WSGRB1,NO_CHECK,-nan,-nan,,0.078125,4,32,0.125,1,1,0.625,16842752,65536,,,,,,,,,,
0,17/44,33/47,Contraction_l_Ailk_Bjlk_Cijk_Dijk,"(8,8192,1,8192)",Cijk_Ailk_Bjlk_F8F8S_BH_GB_MT64x64x16_MI16x16x16x1_SN_GLVWA4_GLVWB4_GRVW4_K1_SS1_SVW1_WSGRA1_WSGRB1,NO_CHECK,226.682,4736.78,,0.078125,4,32,0.125,1,1,0.625,16842752,65536,,,,,,,,,,2026-04-18 22:26:47.
0,17/44,34/47,Contraction_l_Ailk_Bjlk_Cijk_Dijk,"(8,8192,1,8192)",Cijk_Ailk_Bjlk_F8F8S_BH_GB_MT64x64x16_MI16x16x16x1_SN_GLVWA8_GLVWB8_GRVW8_K1_SS1_SVW1_WSGRA1_WSGRB1,NO_CHECK,224.362,4785.76,,0.078125,4,32,0.125,1,1,0.625,16842752,65536,,,,,,,,,,2026-04-18 22:26:47.
And(LeadingFree0SizesGreaterOrEqual(16): (freeA0:8 >= 16) == 0): 0

TruePred: 1
0,17/44,35/47,Contraction_l_Ailk_Bjlk_Cijk_Dijk,"(8,8192,1,8192)",Cijk_Ailk_Bjlk_F8F8S_BH_GB_MT64x64x16_MI16x16x16x1_SN_GLVWA16_GLVWB16_GRVW16_K1_SS1_SVW1_WSGRA1_WSGRB1,NO_CHECK,-nan,-nan,,0.078125,4,32,0.125,1,1,0.625,16842752,65536,,,,,,,,,,
0,17/44,36/47,Contraction_l_Ailk_Bjlk_Cijk_Dijk,"(8,8192,1,8192)",Cijk_Ailk_Bjlk_F8F8S_BH_GB_MT64x64x32_MI16x16x16x1_SN_GLVWA4_GLVWB4_GRVW4_K1_SS1_SVW1_WSGRA0_WSGRB0,NO_CHECK,175.682,6111.85,,0.078125,4,32,0.125,1,1,0.625,16842752,65536,,,,,,,,,,2026-04-18 22:26:47.
0,17/44,37/47,Contraction_l_Ailk_Bjlk_Cijk_Dijk,"(8,8192,1,8192)",Cijk_Ailk_Bjlk_F8F8S_BH_GB_MT64x64x32_MI16x16x16x1_SN_GLVWA8_GLVWB8_GRVW8_K1_SS1_SVW1_WSGRA0_WSGRB0,NO_CHECK,173.241,6197.97,,0.078125,4,32,0.125,1,1,0.625,16842752,65536,,,,,,,,,,2026-04-18 22:26:47.
And(LeadingFree0SizesGreaterOrEqual(16): (freeA0:8 >= 16) == 0): 0

TruePred: 1
0,17/44,38/47,Contraction_l_Ailk_Bjlk_Cijk_Dijk,"(8,8192,1,8192)",Cijk_Ailk_Bjlk_F8F8S_BH_GB_MT64x64x32_MI16x16x16x1_SN_GLVWA16_GLVWB16_GRVW16_K1_SS1_SVW1_WSGRA0_WSGRB0,NO_CHECK,-nan,-nan,,0.078125,4,32,0.125,1,1,0.625,16842752,65536,,,,,,,,,,
0,17/44,39/47,Contraction_l_Ailk_Bjlk_Cijk_Dijk,"(8,8192,1,8192)",Cijk_Ailk_Bjlk_F8F8S_BH_GB_MT64x64x32_MI16x16x16x1_SN_GLVWA4_GLVWB4_GRVW4_K1_SS1_SVW1_WSGRA1_WSGRB0,NO_CHECK,175.401,6121.64,,0.078125,4,32,0.125,1,1,0.625,16842752,65536,,,,,,,,,,2026-04-18 22:26:47.
0,17/44,40/47,Contraction_l_Ailk_Bjlk_Cijk_Dijk,"(8,8192,1,8192)",Cijk_Ailk_Bjlk_F8F8S_BH_GB_MT64x64x32_MI16x16x16x1_SN_GLVWA8_GLVWB8_GRVW8_K1_SS1_SVW1_WSGRA1_WSGRB0,NO_CHECK,173.801,6178,,0.078125,4,32,0.125,1,1,0.625,16842752,65536,,,,,,,,,,2026-04-18 22:26:47.
And(LeadingFree0SizesGreaterOrEqual(16): (freeA0:8 >= 16) == 0): 0

TruePred: 1
0,17/44,41/47,Contraction_l_Ailk_Bjlk_Cijk_Dijk,"(8,8192,1,8192)",Cijk_Ailk_Bjlk_F8F8S_BH_GB_MT64x64x32_MI16x16x16x1_SN_GLVWA16_GLVWB16_GRVW16_K1_SS1_SVW1_WSGRA1_WSGRB0,NO_CHECK,-nan,-nan,,0.078125,4,32,0.125,1,1,0.625,16842752,65536,,,,,,,,,,
0,17/44,42/47,Contraction_l_Ailk_Bjlk_Cijk_Dijk,"(8,8192,1,8192)",Cijk_Ailk_Bjlk_F8F8S_BH_GB_MT64x64x32_MI16x16x16x1_SN_GLVWA4_GLVWB4_GRVW4_K1_SS1_SVW1_WSGRA0_WSGRB1,NO_CHECK,176.041,6099.38,,0.078125,4,32,0.125,1,1,0.625,16842752,65536,,,,,,,,,,2026-04-18 22:26:47.
0,17/44,43/47,Contraction_l_Ailk_Bjlk_Cijk_Dijk,"(8,8192,1,8192)",Cijk_Ailk_Bjlk_F8F8S_BH_GB_MT64x64x32_MI16x16x16x1_SN_GLVWA8_GLVWB8_GRVW8_K1_SS1_SVW1_WSGRA0_WSGRB1,NO_CHECK,172.442,6226.68,,0.078125,4,32,0.125,1,1,0.625,16842752,65536,,,,,,,,,,2026-04-18 22:26:47.
And(LeadingFree0SizesGreaterOrEqual(16): (freeA0:8 >= 16) == 0): 0

TruePred: 1
0,17/44,44/47,Contraction_l_Ailk_Bjlk_Cijk_Dijk,"(8,8192,1,8192)",Cijk_Ailk_Bjlk_F8F8S_BH_GB_MT64x64x32_MI16x16x16x1_SN_GLVWA16_GLVWB16_GRVW16_K1_SS1_SVW1_WSGRA0_WSGRB1,NO_CHECK,-nan,-nan,,0.078125,4,32,0.125,1,1,0.625,16842752,65536,,,,,,,,,,
0,17/44,45/47,Contraction_l_Ailk_Bjlk_Cijk_Dijk,"(8,8192,1,8192)",Cijk_Ailk_Bjlk_F8F8S_BH_GB_MT64x64x32_MI16x16x16x1_SN_GLVWA4_GLVWB4_GRVW4_K1_SS1_SVW1_WSGRA1_WSGRB1,NO_CHECK,171.801,6249.92,,0.078125,4,32,0.125,1,1,0.625,16842752,65536,,,,,,,,,,2026-04-18 22:26:47.
0,17/44,46/47,Contraction_l_Ailk_Bjlk_Cijk_Dijk,"(8,8192,1,8192)",Cijk_Ailk_Bjlk_F8F8S_BH_GB_MT64x64x32_MI16x16x16x1_SN_GLVWA8_GLVWB8_GRVW8_K1_SS1_SVW1_WSGRA1_WSGRB1,NO_CHECK,172.201,6235.4,,0.078125,4,32,0.125,1,1,0.625,16842752,65536,,,,,,,,,,2026-04-18 22:26:47.
And(LeadingFree0SizesGreaterOrEqual(16): (freeA0:8 >= 16) == 0): 0

TruePred: 1
0,17/44,47/47,Contraction_l_Ailk_Bjlk_Cijk_Dijk,"(8,8192,1,8192)",Cijk_Ailk_Bjlk_F8F8S_BH_GB_MT64x64x32_MI16x16x16x1_SN_GLVWA16_GLVWB16_GRVW16_K1_SS1_SVW1_WSGRA1_WSGRB1,NO_CHECK,-nan,-nan,,0.078125,4,32,0.125,1,1,0.625,16842752,65536,,,,,,,,,,
0,18/44,0/47,Contraction_l_Ailk_Bjlk_Cijk_Dijk,"(32,1024,1,1024)",Cijk_Ailk_Bjlk_F8F8S_BH_GB_MT64x64x16_MI16x16x16x1_SN_GLVWA4_GLVWB4_GRVW4_K1_SS0_SVW4_WSGRA0_WSGRB0,NO_CHECK,59.121,1135.11,,0.03125,0.5,32,0.5,1,0.5,0.125,1081344,32768,,,,,,,,,,2026-04-18 22:26:47.
0,18/44,1/47,Contraction_l_Ailk_Bjlk_Cijk_Dijk,"(32,1024,1,1024)",Cijk_Ailk_Bjlk_F8F8S_BH_GB_MT64x64x16_MI16x16x16x1_SN_GLVWA8_GLVWB8_GRVW8_K1_SS0_SVW4_WSGRA0_WSGRB0,NO_CHECK,46.76,1435.18,,0.03125,0.5,32,0.5,1,0.5,0.125,1081344,32768,,,,,,,,,,2026-04-18 22:26:47.
0,18/44,2/47,Contraction_l_Ailk_Bjlk_Cijk_Dijk,"(32,1024,1,1024)",Cijk_Ailk_Bjlk_F8F8S_BH_GB_MT64x64x16_MI16x16x16x1_SN_GLVWA16_GLVWB16_GRVW16_K1_SS0_SVW4_WSGRA0_WSGRB0,NO_CHECK,46.481,1443.79,,0.03125,0.5,32,0.5,1,0.5,0.125,1081344,32768,,,,,,,,,,2026-04-18 22:26:47.
0,18/44,3/47,Contraction_l_Ailk_Bjlk_Cijk_Dijk,"(32,1024,1,1024)",Cijk_Ailk_Bjlk_F8F8S_BH_GB_MT64x64x16_MI16x16x16x1_SN_GLVWA4_GLVWB4_GRVW4_K1_SS0_SVW4_WSGRA1_WSGRB0,NO_CHECK,45.92,1461.43,,0.03125,0.5,32,0.5,1,0.5,0.125,1081344,32768,,,,,,,,,,2026-04-18 22:26:47.
0,18/44,4/47,Contraction_l_Ailk_Bjlk_Cijk_Dijk,"(32,1024,1,1024)",Cijk_Ailk_Bjlk_F8F8S_BH_GB_MT64x64x16_MI16x16x16x1_SN_GLVWA8_GLVWB8_GRVW8_K1_SS0_SVW4_WSGRA1_WSGRB0,NO_CHECK,45.121,1487.31,,0.03125,0.5,32,0.5,1,0.5,0.125,1081344,32768,,,,,,,,,,2026-04-18 22:26:47.
0,18/44,5/47,Contraction_l_Ailk_Bjlk_Cijk_Dijk,"(32,1024,1,1024)",Cijk_Ailk_Bjlk_F8F8S_BH_GB_MT64x64x16_MI16x16x16x1_SN_GLVWA16_GLVWB16_GRVW16_K1_SS0_SVW4_WSGRA1_WSGRB0,NO_CHECK,45.96,1460.16,,0.03125,0.5,32,0.5,1,0.5,0.125,1081344,32768,,,,,,,,,,2026-04-18 22:26:47.
0,18/44,6/47,Contraction_l_Ailk_Bjlk_Cijk_Dijk,"(32,1024,1,1024)",Cijk_Ailk_Bjlk_F8F8S_BH_GB_MT64x64x16_MI16x16x16x1_SN_GLVWA4_GLVWB4_GRVW4_K1_SS0_SVW4_WSGRA0_WSGRB1,NO_CHECK,46.401,1446.28,,0.03125,0.5,32,0.5,1,0.5,0.125,1081344,32768,,,,,,,,,,2026-04-18 22:26:47.
0,18/44,7/47,Contraction_l_Ailk_Bjlk_Cijk_Dijk,"(32,1024,1,1024)",Cijk_Ailk_Bjlk_F8F8S_BH_GB_MT64x64x16_MI16x16x16x1_SN_GLVWA8_GLVWB8_GRVW8_K1_SS0_SVW4_WSGRA0_WSGRB1,NO_CHECK,45.56,1472.98,,0.03125,0.5,32,0.5,1,0.5,0.125,1081344,32768,,,,,,,,,,2026-04-18 22:26:47.
0,18/44,8/47,Contraction_l_Ailk_Bjlk_Cijk_Dijk,"(32,1024,1,1024)",Cijk_Ailk_Bjlk_F8F8S_BH_GB_MT64x64x16_MI16x16x16x1_SN_GLVWA16_GLVWB16_GRVW16_K1_SS0_SVW4_WSGRA0_WSGRB1,NO_CHECK,46.08,1456.36,,0.03125,0.5,32,0.5,1,0.5,0.125,1081344,32768,,,,,,,,,,2026-04-18 22:26:47.
0,18/44,9/47,Contraction_l_Ailk_Bjlk_Cijk_Dijk,"(32,1024,1,1024)",Cijk_Ailk_Bjlk_F8F8S_BH_GB_MT64x64x16_MI16x16x16x1_SN_GLVWA4_GLVWB4_GRVW4_K1_SS0_SVW4_WSGRA1_WSGRB1,NO_CHECK,45.721,1467.79,,0.03125,0.5,32,0.5,1,0.5,0.125,1081344,32768,,,,,,,,,,2026-04-18 22:26:47.
0,18/44,10/47,Contraction_l_Ailk_Bjlk_Cijk_Dijk,"(32,1024,1,1024)",Cijk_Ailk_Bjlk_F8F8S_BH_GB_MT64x64x16_MI16x16x16x1_SN_GLVWA8_GLVWB8_GRVW8_K1_SS0_SVW4_WSGRA1_WSGRB1,NO_CHECK,46.84,1432.73,,0.03125,0.5,32,0.5,1,0.5,0.125,1081344,32768,,,,,,,,,,2026-04-18 22:26:47.
0,18/44,11/47,Contraction_l_Ailk_Bjlk_Cijk_Dijk,"(32,1024,1,1024)",Cijk_Ailk_Bjlk_F8F8S_BH_GB_MT64x64x16_MI16x16x16x1_SN_GLVWA16_GLVWB16_GRVW16_K1_SS0_SVW4_WSGRA1_WSGRB1,NO_CHECK,45.961,1460.13,,0.03125,0.5,32,0.5,1,0.5,0.125,1081344,32768,,,,,,,,,,2026-04-18 22:26:47.
0,18/44,12/47,Contraction_l_Ailk_Bjlk_Cijk_Dijk,"(32,1024,1,1024)",Cijk_Ailk_Bjlk_F8F8S_BH_GB_MT64x64x32_MI16x16x16x1_SN_GLVWA4_GLVWB4_GRVW4_K1_SS0_SVW4_WSGRA0_WSGRB0,NO_CHECK,42.2,1590.26,,0.03125,0.5,32,0.5,1,0.5,0.125,1081344,32768,,,,,,,,,,2026-04-18 22:26:47.
0,18/44,13/47,Contraction_l_Ailk_Bjlk_Cijk_Dijk,"(32,1024,1,1024)",Cijk_Ailk_Bjlk_F8F8S_BH_GB_MT64x64x32_MI16x16x16x1_SN_GLVWA8_GLVWB8_GRVW8_K1_SS0_SVW4_WSGRA0_WSGRB0,NO_CHECK,40.561,1654.52,,0.03125,0.5,32,0.5,1,0.5,0.125,1081344,32768,,,,,,,,,,2026-04-18 22:26:47.
0,18/44,14/47,Contraction_l_Ailk_Bjlk_Cijk_Dijk,"(32,1024,1,1024)",Cijk_Ailk_Bjlk_F8F8S_BH_GB_MT64x64x32_MI16x16x16x1_SN_GLVWA16_GLVWB16_GRVW16_K1_SS0_SVW4_WSGRA0_WSGRB0,NO_CHECK,211.361,317.508,,0.03125,0.5,32,0.5,1,0.5,0.125,1081344,32768,,,,,,,,,,2026-04-18 22:26:47.
0,18/44,15/47,Contraction_l_Ailk_Bjlk_Cijk_Dijk,"(32,1024,1,1024)",Cijk_Ailk_Bjlk_F8F8S_BH_GB_MT64x64x32_MI16x16x16x1_SN_GLVWA4_GLVWB4_GRVW4_K1_SS0_SVW4_WSGRA1_WSGRB0,NO_CHECK,43.76,1533.57,,0.03125,0.5,32,0.5,1,0.5,0.125,1081344,32768,,,,,,,,,,2026-04-18 22:26:47.
0,18/44,16/47,Contraction_l_Ailk_Bjlk_Cijk_Dijk,"(32,1024,1,1024)",Cijk_Ailk_Bjlk_F8F8S_BH_GB_MT64x64x32_MI16x16x16x1_SN_GLVWA8_GLVWB8_GRVW8_K1_SS0_SVW4_WSGRA1_WSGRB0,NO_CHECK,40.72,1648.06,,0.03125,0.5,32,0.5,1,0.5,0.125,1081344,32768,,,,,,,,,,2026-04-18 22:26:47.
0,18/44,17/47,Contraction_l_Ailk_Bjlk_Cijk_Dijk,"(32,1024,1,1024)",Cijk_Ailk_Bjlk_F8F8S_BH_GB_MT64x64x32_MI16x16x16x1_SN_GLVWA16_GLVWB16_GRVW16_K1_SS0_SVW4_WSGRA1_WSGRB0,NO_CHECK,48.161,1393.43,,0.03125,0.5,32,0.5,1,0.5,0.125,1081344,32768,,,,,,,,,,2026-04-18 22:26:47.
0,18/44,18/47,Contraction_l_Ailk_Bjlk_Cijk_Dijk,"(32,1024,1,1024)",Cijk_Ailk_Bjlk_F8F8S_BH_GB_MT64x64x32_MI16x16x16x1_SN_GLVWA4_GLVWB4_GRVW4_K1_SS0_SVW4_WSGRA0_WSGRB1,NO_CHECK,50.24,1335.77,,0.03125,0.5,32,0.5,1,0.5,0.125,1081344,32768,,,,,,,,,,2026-04-18 22:26:47.
0,18/44,19/47,Contraction_l_Ailk_Bjlk_Cijk_Dijk,"(32,1024,1,1024)",Cijk_Ailk_Bjlk_F8F8S_BH_GB_MT64x64x32_MI16x16x16x1_SN_GLVWA8_GLVWB8_GRVW8_K1_SS0_SVW4_WSGRA0_WSGRB1,NO_CHECK,41.32,1624.13,,0.03125,0.5,32,0.5,1,0.5,0.125,1081344,32768,,,,,,,,,,2026-04-18 22:26:47.
0,18/44,20/47,Contraction_l_Ailk_Bjlk_Cijk_Dijk,"(32,1024,1,1024)",Cijk_Ailk_Bjlk_F8F8S_BH_GB_MT64x64x32_MI16x16x16x1_SN_GLVWA16_GLVWB16_GRVW16_K1_SS0_SVW4_WSGRA0_WSGRB1,NO_CHECK,40.521,1656.15,,0.03125,0.5,32,0.5,1,0.5,0.125,1081344,32768,,,,,,,,,,2026-04-18 22:26:47.
0,18/44,21/47,Contraction_l_Ailk_Bjlk_Cijk_Dijk,"(32,1024,1,1024)",Cijk_Ailk_Bjlk_F8F8S_BH_GB_MT64x64x32_MI16x16x16x1_SN_GLVWA4_GLVWB4_GRVW4_K1_SS0_SVW4_WSGRA1_WSGRB1,NO_CHECK,42.56,1576.81,,0.03125,0.5,32,0.5,1,0.5,0.125,1081344,32768,,,,,,,,,,2026-04-18 22:26:47.
0,18/44,22/47,Contraction_l_Ailk_Bjlk_Cijk_Dijk,"(32,1024,1,1024)",Cijk_Ailk_Bjlk_F8F8S_BH_GB_MT64x64x32_MI16x16x16x1_SN_GLVWA8_GLVWB8_GRVW8_K1_SS0_SVW4_WSGRA1_WSGRB1,NO_CHECK,40.121,1672.66,,0.03125,0.5,32,0.5,1,0.5,0.125,1081344,32768,,,,,,,,,,2026-04-18 22:26:47.
0,18/44,23/47,Contraction_l_Ailk_Bjlk_Cijk_Dijk,"(32,1024,1,1024)",Cijk_Ailk_Bjlk_F8F8S_BH_GB_MT64x64x32_MI16x16x16x1_SN_GLVWA16_GLVWB16_GRVW16_K1_SS0_SVW4_WSGRA1_WSGRB1,NO_CHECK,42.36,1584.25,,0.03125,0.5,32,0.5,1,0.5,0.125,1081344,32768,,,,,,,,,,2026-04-18 22:26:47.
0,18/44,24/47,Contraction_l_Ailk_Bjlk_Cijk_Dijk,"(32,1024,1,1024)",Cijk_Ailk_Bjlk_F8F8S_BH_GB_MT64x64x16_MI16x16x16x1_SN_GLVWA4_GLVWB4_GRVW4_K1_SS1_SVW1_WSGRA0_WSGRB0,NO_CHECK,46.361,1447.53,,0.03125,0.5,32,0.5,1,0.5,0.125,1081344,32768,,,,,,,,,,2026-04-18 22:26:47.
0,18/44,25/47,Contraction_l_Ailk_Bjlk_Cijk_Dijk,"(32,1024,1,1024)",Cijk_Ailk_Bjlk_F8F8S_BH_GB_MT64x64x16_MI16x16x16x1_SN_GLVWA8_GLVWB8_GRVW8_K1_SS1_SVW1_WSGRA0_WSGRB0,NO_CHECK,46.08,1456.36,,0.03125,0.5,32,0.5,1,0.5,0.125,1081344,32768,,,,,,,,,,2026-04-18 22:26:47.
0,18/44,26/47,Contraction_l_Ailk_Bjlk_Cijk_Dijk,"(32,1024,1,1024)",Cijk_Ailk_Bjlk_F8F8S_BH_GB_MT64x64x16_MI16x16x16x1_SN_GLVWA16_GLVWB16_GRVW16_K1_SS1_SVW1_WSGRA0_WSGRB0,NO_CHECK,47.92,1400.44,,0.03125,0.5,32,0.5,1,0.5,0.125,1081344,32768,,,,,,,,,,2026-04-18 22:26:47.
0,18/44,27/47,Contraction_l_Ailk_Bjlk_Cijk_Dijk,"(32,1024,1,1024)",Cijk_Ailk_Bjlk_F8F8S_BH_GB_MT64x64x16_MI16x16x16x1_SN_GLVWA4_GLVWB4_GRVW4_K1_SS1_SVW1_WSGRA1_WSGRB0,NO_CHECK,46.12,1455.09,,0.03125,0.5,32,0.5,1,0.5,0.125,1081344,32768,,,,,,,,,,2026-04-18 22:26:47.
0,18/44,28/47,Contraction_l_Ailk_Bjlk_Cijk_Dijk,"(32,1024,1,1024)",Cijk_Ailk_Bjlk_F8F8S_BH_GB_MT64x64x16_MI16x16x16x1_SN_GLVWA8_GLVWB8_GRVW8_K1_SS1_SVW1_WSGRA1_WSGRB0,NO_CHECK,46.161,1453.8,,0.03125,0.5,32,0.5,1,0.5,0.125,1081344,32768,,,,,,,,,,2026-04-18 22:26:47.
0,18/44,29/47,Contraction_l_Ailk_Bjlk_Cijk_Dijk,"(32,1024,1,1024)",Cijk_Ailk_Bjlk_F8F8S_BH_GB_MT64x64x16_MI16x16x16x1_SN_GLVWA16_GLVWB16_GRVW16_K1_SS1_SVW1_WSGRA1_WSGRB0,NO_CHECK,47.48,1413.41,,0.03125,0.5,32,0.5,1,0.5,0.125,1081344,32768,,,,,,,,,,2026-04-18 22:26:47.
0,18/44,30/47,Contraction_l_Ailk_Bjlk_Cijk_Dijk,"(32,1024,1,1024)",Cijk_Ailk_Bjlk_F8F8S_BH_GB_MT64x64x16_MI16x16x16x1_SN_GLVWA4_GLVWB4_GRVW4_K1_SS1_SVW1_WSGRA0_WSGRB1,NO_CHECK,46.281,1450.03,,0.03125,0.5,32,0.5,1,0.5,0.125,1081344,32768,,,,,,,,,,2026-04-18 22:26:47.
0,18/44,31/47,Contraction_l_Ailk_Bjlk_Cijk_Dijk,"(32,1024,1,1024)",Cijk_Ailk_Bjlk_F8F8S_BH_GB_MT64x64x16_MI16x16x16x1_SN_GLVWA8_GLVWB8_GRVW8_K1_SS1_SVW1_WSGRA0_WSGRB1,NO_CHECK,45.6,1471.69,,0.03125,0.5,32,0.5,1,0.5,0.125,1081344,32768,,,,,,,,,,2026-04-18 22:26:47.
0,18/44,32/47,Contraction_l_Ailk_Bjlk_Cijk_Dijk,"(32,1024,1,1024)",Cijk_Ailk_Bjlk_F8F8S_BH_GB_MT64x64x16_MI16x16x16x1_SN_GLVWA16_GLVWB16_GRVW16_K1_SS1_SVW1_WSGRA0_WSGRB1,NO_CHECK,47.92,1400.44,,0.03125,0.5,32,0.5,1,0.5,0.125,1081344,32768,,,,,,,,,,2026-04-18 22:26:47.
0,18/44,33/47,Contraction_l_Ailk_Bjlk_Cijk_Dijk,"(32,1024,1,1024)",Cijk_Ailk_Bjlk_F8F8S_BH_GB_MT64x64x16_MI16x16x16x1_SN_GLVWA4_GLVWB4_GRVW4_K1_SS1_SVW1_WSGRA1_WSGRB1,NO_CHECK,46.12,1455.09,,0.03125,0.5,32,0.5,1,0.5,0.125,1081344,32768,,,,,,,,,,2026-04-18 22:26:47.
0,18/44,34/47,Contraction_l_Ailk_Bjlk_Cijk_Dijk,"(32,1024,1,1024)",Cijk_Ailk_Bjlk_F8F8S_BH_GB_MT64x64x16_MI16x16x16x1_SN_GLVWA8_GLVWB8_GRVW8_K1_SS1_SVW1_WSGRA1_WSGRB1,NO_CHECK,46.6,1440.1,,0.03125,0.5,32,0.5,1,0.5,0.125,1081344,32768,,,,,,,,,,2026-04-18 22:26:47.
0,18/44,35/47,Contraction_l_Ailk_Bjlk_Cijk_Dijk,"(32,1024,1,1024)",Cijk_Ailk_Bjlk_F8F8S_BH_GB_MT64x64x16_MI16x16x16x1_SN_GLVWA16_GLVWB16_GRVW16_K1_SS1_SVW1_WSGRA1_WSGRB1,NO_CHECK,53.881,1245.5,,0.03125,0.5,32,0.5,1,0.5,0.125,1081344,32768,,,,,,,,,,2026-04-18 22:26:47.
0,18/44,36/47,Contraction_l_Ailk_Bjlk_Cijk_Dijk,"(32,1024,1,1024)",Cijk_Ailk_Bjlk_F8F8S_BH_GB_MT64x64x32_MI16x16x16x1_SN_GLVWA4_GLVWB4_GRVW4_K1_SS1_SVW1_WSGRA0_WSGRB0,NO_CHECK,42.72,1570.9,,0.03125,0.5,32,0.5,1,0.5,0.125,1081344,32768,,,,,,,,,,2026-04-18 22:26:47.
0,18/44,37/47,Contraction_l_Ailk_Bjlk_Cijk_Dijk,"(32,1024,1,1024)",Cijk_Ailk_Bjlk_F8F8S_BH_GB_MT64x64x32_MI16x16x16x1_SN_GLVWA8_GLVWB8_GRVW8_K1_SS1_SVW1_WSGRA0_WSGRB0,NO_CHECK,40.721,1648.02,,0.03125,0.5,32,0.5,1,0.5,0.125,1081344,32768,,,,,,,,,,2026-04-18 22:26:47.
0,18/44,38/47,Contraction_l_Ailk_Bjlk_Cijk_Dijk,"(32,1024,1,1024)",Cijk_Ailk_Bjlk_F8F8S_BH_GB_MT64x64x32_MI16x16x16x1_SN_GLVWA16_GLVWB16_GRVW16_K1_SS1_SVW1_WSGRA0_WSGRB0,NO_CHECK,40.8,1644.83,,0.03125,0.5,32,0.5,1,0.5,0.125,1081344,32768,,,,,,,,,,2026-04-18 22:26:47.
0,18/44,39/47,Contraction_l_Ailk_Bjlk_Cijk_Dijk,"(32,1024,1,1024)",Cijk_Ailk_Bjlk_F8F8S_BH_GB_MT64x64x32_MI16x16x16x1_SN_GLVWA4_GLVWB4_GRVW4_K1_SS1_SVW1_WSGRA1_WSGRB0,NO_CHECK,44.08,1522.43,,0.03125,0.5,32,0.5,1,0.5,0.125,1081344,32768,,,,,,,,,,2026-04-18 22:26:47.
0,18/44,40/47,Contraction_l_Ailk_Bjlk_Cijk_Dijk,"(32,1024,1,1024)",Cijk_Ailk_Bjlk_F8F8S_BH_GB_MT64x64x32_MI16x16x16x1_SN_GLVWA8_GLVWB8_GRVW8_K1_SS1_SVW1_WSGRA1_WSGRB0,NO_CHECK,40.761,1646.4,,0.03125,0.5,32,0.5,1,0.5,0.125,1081344,32768,,,,,,,,,,2026-04-18 22:26:47.
0,18/44,41/47,Contraction_l_Ailk_Bjlk_Cijk_Dijk,"(32,1024,1,1024)",Cijk_Ailk_Bjlk_F8F8S_BH_GB_MT64x64x32_MI16x16x16x1_SN_GLVWA16_GLVWB16_GRVW16_K1_SS1_SVW1_WSGRA1_WSGRB0,NO_CHECK,42.04,1596.31,,0.03125,0.5,32,0.5,1,0.5,0.125,1081344,32768,,,,,,,,,,2026-04-18 22:26:47.
0,18/44,42/47,Contraction_l_Ailk_Bjlk_Cijk_Dijk,"(32,1024,1,1024)",Cijk_Ailk_Bjlk_F8F8S_BH_GB_MT64x64x32_MI16x16x16x1_SN_GLVWA4_GLVWB4_GRVW4_K1_SS1_SVW1_WSGRA0_WSGRB1,NO_CHECK,42.321,1585.71,,0.03125,0.5,32,0.5,1,0.5,0.125,1081344,32768,,,,,,,,,,2026-04-18 22:26:47.
0,18/44,43/47,Contraction_l_Ailk_Bjlk_Cijk_Dijk,"(32,1024,1,1024)",Cijk_Ailk_Bjlk_F8F8S_BH_GB_MT64x64x32_MI16x16x16x1_SN_GLVWA8_GLVWB8_GRVW8_K1_SS1_SVW1_WSGRA0_WSGRB1,NO_CHECK,42.04,1596.31,,0.03125,0.5,32,0.5,1,0.5,0.125,1081344,32768,,,,,,,,,,2026-04-18 22:26:47.
0,18/44,44/47,Contraction_l_Ailk_Bjlk_Cijk_Dijk,"(32,1024,1,1024)",Cijk_Ailk_Bjlk_F8F8S_BH_GB_MT64x64x32_MI16x16x16x1_SN_GLVWA16_GLVWB16_GRVW16_K1_SS1_SVW1_WSGRA0_WSGRB1,NO_CHECK,41.84,1603.94,,0.03125,0.5,32,0.5,1,0.5,0.125,1081344,32768,,,,,,,,,,2026-04-18 22:26:47.
0,18/44,45/47,Contraction_l_Ailk_Bjlk_Cijk_Dijk,"(32,1024,1,1024)",Cijk_Ailk_Bjlk_F8F8S_BH_GB_MT64x64x32_MI16x16x16x1_SN_GLVWA4_GLVWB4_GRVW4_K1_SS1_SVW1_WSGRA1_WSGRB1,NO_CHECK,52.32,1282.66,,0.03125,0.5,32,0.5,1,0.5,0.125,1081344,32768,,,,,,,,,,2026-04-18 22:26:47.
0,18/44,46/47,Contraction_l_Ailk_Bjlk_Cijk_Dijk,"(32,1024,1,1024)",Cijk_Ailk_Bjlk_F8F8S_BH_GB_MT64x64x32_MI16x16x16x1_SN_GLVWA8_GLVWB8_GRVW8_K1_SS1_SVW1_WSGRA1_WSGRB1,NO_CHECK,35.08,1913.02,,0.03125,0.5,32,0.5,1,0.5,0.125,1081344,32768,,,,,,,,,,2026-04-18 22:26:47.
0,18/44,47/47,Contraction_l_Ailk_Bjlk_Cijk_Dijk,"(32,1024,1,1024)",Cijk_Ailk_Bjlk_F8F8S_BH_GB_MT64x64x32_MI16x16x16x1_SN_GLVWA16_GLVWB16_GRVW16_K1_SS1_SVW1_WSGRA1_WSGRB1,NO_CHECK,42.36,1584.25,,0.03125,0.5,32,0.5,1,0.5,0.125,1081344,32768,,,,,,,,,,2026-04-18 22:26:47.
0,19/44,0/47,Contraction_l_Ailk_Bjlk_Cijk_Dijk,"(32,1024,1,4096)",Cijk_Ailk_Bjlk_F8F8S_BH_GB_MT64x64x16_MI16x16x16x1_SN_GLVWA4_GLVWB4_GRVW4_K1_SS0_SVW4_WSGRA0_WSGRB0,NO_CHECK,113.721,2360.47,,0.03125,0.5,32,0.5,1,0.5,0.125,4227072,32768,,,,,,,,,,2026-04-18 22:26:47.
0,19/44,1/47,Contraction_l_Ailk_Bjlk_Cijk_Dijk,"(32,1024,1,4096)",Cijk_Ailk_Bjlk_F8F8S_BH_GB_MT64x64x16_MI16x16x16x1_SN_GLVWA8_GLVWB8_GRVW8_K1_SS0_SVW4_WSGRA0_WSGRB0,NO_CHECK,96.201,2790.36,,0.03125,0.5,32,0.5,1,0.5,0.125,4227072,32768,,,,,,,,,,2026-04-18 22:26:47.
0,19/44,2/47,Contraction_l_Ailk_Bjlk_Cijk_Dijk,"(32,1024,1,4096)",Cijk_Ailk_Bjlk_F8F8S_BH_GB_MT64x64x16_MI16x16x16x1_SN_GLVWA16_GLVWB16_GRVW16_K1_SS0_SVW4_WSGRA0_WSGRB0,NO_CHECK,95.881,2799.67,,0.03125,0.5,32,0.5,1,0.5,0.125,4227072,32768,,,,,,,,,,2026-04-18 22:26:47.
0,19/44,3/47,Contraction_l_Ailk_Bjlk_Cijk_Dijk,"(32,1024,1,4096)",Cijk_Ailk_Bjlk_F8F8S_BH_GB_MT64x64x16_MI16x16x16x1_SN_GLVWA4_GLVWB4_GRVW4_K1_SS0_SVW4_WSGRA1_WSGRB0,NO_CHECK,97.361,2757.11,,0.03125,0.5,32,0.5,1,0.5,0.125,4227072,32768,,,,,,,,,,2026-04-18 22:26:47.
0,19/44,4/47,Contraction_l_Ailk_Bjlk_Cijk_Dijk,"(32,1024,1,4096)",Cijk_Ailk_Bjlk_F8F8S_BH_GB_MT64x64x16_MI16x16x16x1_SN_GLVWA8_GLVWB8_GRVW8_K1_SS0_SVW4_WSGRA1_WSGRB0,NO_CHECK,95.001,2825.61,,0.03125,0.5,32,0.5,1,0.5,0.125,4227072,32768,,,,,,,,,,2026-04-18 22:26:47.
0,19/44,5/47,Contraction_l_Ailk_Bjlk_Cijk_Dijk,"(32,1024,1,4096)",Cijk_Ailk_Bjlk_F8F8S_BH_GB_MT64x64x16_MI16x16x16x1_SN_GLVWA16_GLVWB16_GRVW16_K1_SS0_SVW4_WSGRA1_WSGRB0,NO_CHECK,92.641,2897.59,,0.03125,0.5,32,0.5,1,0.5,0.125,4227072,32768,,,,,,,,,,2026-04-18 22:26:47.
0,19/44,6/47,Contraction_l_Ailk_Bjlk_Cijk_Dijk,"(32,1024,1,4096)",Cijk_Ailk_Bjlk_F8F8S_BH_GB_MT64x64x16_MI16x16x16x1_SN_GLVWA4_GLVWB4_GRVW4_K1_SS0_SVW4_WSGRA0_WSGRB1,NO_CHECK,90.001,2982.58,,0.03125,0.5,32,0.5,1,0.5,0.125,4227072,32768,,,,,,,,,,2026-04-18 22:26:47.
0,19/44,7/47,Contraction_l_Ailk_Bjlk_Cijk_Dijk,"(32,1024,1,4096)",Cijk_Ailk_Bjlk_F8F8S_BH_GB_MT64x64x16_MI16x16x16x1_SN_GLVWA8_GLVWB8_GRVW8_K1_SS0_SVW4_WSGRA0_WSGRB1,NO_CHECK,106.56,2519.1,,0.03125,0.5,32,0.5,1,0.5,0.125,4227072,32768,,,,,,,,,,2026-04-18 22:26:47.
0,19/44,8/47,Contraction_l_Ailk_Bjlk_Cijk_Dijk,"(32,1024,1,4096)",Cijk_Ailk_Bjlk_F8F8S_BH_GB_MT64x64x16_MI16x16x16x1_SN_GLVWA16_GLVWB16_GRVW16_K1_SS0_SVW4_WSGRA0_WSGRB1,NO_CHECK,83.96,3197.18,,0.03125,0.5,32,0.5,1,0.5,0.125,4227072,32768,,,,,,,,,,2026-04-18 22:26:47.
0,19/44,9/47,Contraction_l_Ailk_Bjlk_Cijk_Dijk,"(32,1024,1,4096)",Cijk_Ailk_Bjlk_F8F8S_BH_GB_MT64x64x16_MI16x16x16x1_SN_GLVWA4_GLVWB4_GRVW4_K1_SS0_SVW4_WSGRA1_WSGRB1,NO_CHECK,84.161,3189.55,,0.03125,0.5,32,0.5,1,0.5,0.125,4227072,32768,,,,,,,,,,2026-04-18 22:26:47.
0,19/44,10/47,Contraction_l_Ailk_Bjlk_Cijk_Dijk,"(32,1024,1,4096)",Cijk_Ailk_Bjlk_F8F8S_BH_GB_MT64x64x16_MI16x16x16x1_SN_GLVWA8_GLVWB8_GRVW8_K1_SS0_SVW4_WSGRA1_WSGRB1,NO_CHECK,83.481,3215.53,,0.03125,0.5,32,0.5,1,0.5,0.125,4227072,32768,,,,,,,,,,2026-04-18 22:26:47.
0,19/44,11/47,Contraction_l_Ailk_Bjlk_Cijk_Dijk,"(32,1024,1,4096)",Cijk_Ailk_Bjlk_F8F8S_BH_GB_MT64x64x16_MI16x16x16x1_SN_GLVWA16_GLVWB16_GRVW16_K1_SS0_SVW4_WSGRA1_WSGRB1,NO_CHECK,83.481,3215.53,,0.03125,0.5,32,0.5,1,0.5,0.125,4227072,32768,,,,,,,,,,2026-04-18 22:26:47.
0,19/44,12/47,Contraction_l_Ailk_Bjlk_Cijk_Dijk,"(32,1024,1,4096)",Cijk_Ailk_Bjlk_F8F8S_BH_GB_MT64x64x32_MI16x16x16x1_SN_GLVWA4_GLVWB4_GRVW4_K1_SS0_SVW4_WSGRA0_WSGRB0,NO_CHECK,65.52,4097,,0.03125,0.5,32,0.5,1,0.5,0.125,4227072,32768,,,,,,,,,,2026-04-18 22:26:47.
0,19/44,13/47,Contraction_l_Ailk_Bjlk_Cijk_Dijk,"(32,1024,1,4096)",Cijk_Ailk_Bjlk_F8F8S_BH_GB_MT64x64x32_MI16x16x16x1_SN_GLVWA8_GLVWB8_GRVW8_K1_SS0_SVW4_WSGRA0_WSGRB0,NO_CHECK,64.521,4160.44,,0.03125,0.5,32,0.5,1,0.5,0.125,4227072,32768,,,,,,,,,,2026-04-18 22:26:47.
0,19/44,14/47,Contraction_l_Ailk_Bjlk_Cijk_Dijk,"(32,1024,1,4096)",Cijk_Ailk_Bjlk_F8F8S_BH_GB_MT64x64x32_MI16x16x16x1_SN_GLVWA16_GLVWB16_GRVW16_K1_SS0_SVW4_WSGRA0_WSGRB0,NO_CHECK,64.16,4183.84,,0.03125,0.5,32,0.5,1,0.5,0.125,4227072,32768,,,,,,,,,,2026-04-18 22:26:47.
0,19/44,15/47,Contraction_l_Ailk_Bjlk_Cijk_Dijk,"(32,1024,1,4096)",Cijk_Ailk_Bjlk_F8F8S_BH_GB_MT64x64x32_MI16x16x16x1_SN_GLVWA4_GLVWB4_GRVW4_K1_SS0_SVW4_WSGRA1_WSGRB0,NO_CHECK,65.68,4087.02,,0.03125,0.5,32,0.5,1,0.5,0.125,4227072,32768,,,,,,,,,,2026-04-18 22:26:47.
0,19/44,16/47,Contraction_l_Ailk_Bjlk_Cijk_Dijk,"(32,1024,1,4096)",Cijk_Ailk_Bjlk_F8F8S_BH_GB_MT64x64x32_MI16x16x16x1_SN_GLVWA8_GLVWB8_GRVW8_K1_SS0_SVW4_WSGRA1_WSGRB0,NO_CHECK,64.441,4165.6,,0.03125,0.5,32,0.5,1,0.5,0.125,4227072,32768,,,,,,,,,,2026-04-18 22:26:47.
0,19/44,17/47,Contraction_l_Ailk_Bjlk_Cijk_Dijk,"(32,1024,1,4096)",Cijk_Ailk_Bjlk_F8F8S_BH_GB_MT64x64x32_MI16x16x16x1_SN_GLVWA16_GLVWB16_GRVW16_K1_SS0_SVW4_WSGRA1_WSGRB0,NO_CHECK,64.04,4191.68,,0.03125,0.5,32,0.5,1,0.5,0.125,4227072,32768,,,,,,,,,,2026-04-18 22:26:47.
0,19/44,18/47,Contraction_l_Ailk_Bjlk_Cijk_Dijk,"(32,1024,1,4096)",Cijk_Ailk_Bjlk_F8F8S_BH_GB_MT64x64x32_MI16x16x16x1_SN_GLVWA4_GLVWB4_GRVW4_K1_SS0_SVW4_WSGRA0_WSGRB1,NO_CHECK,65.481,4099.44,,0.03125,0.5,32,0.5,1,0.5,0.125,4227072,32768,,,,,,,,,,2026-04-18 22:26:47.
0,19/44,19/47,Contraction_l_Ailk_Bjlk_Cijk_Dijk,"(32,1024,1,4096)",Cijk_Ailk_Bjlk_F8F8S_BH_GB_MT64x64x32_MI16x16x16x1_SN_GLVWA8_GLVWB8_GRVW8_K1_SS0_SVW4_WSGRA0_WSGRB1,NO_CHECK,64.2,4181.24,,0.03125,0.5,32,0.5,1,0.5,0.125,4227072,32768,,,,,,,,,,2026-04-18 22:26:47.
0,19/44,20/47,Contraction_l_Ailk_Bjlk_Cijk_Dijk,"(32,1024,1,4096)",Cijk_Ailk_Bjlk_F8F8S_BH_GB_MT64x64x32_MI16x16x16x1_SN_GLVWA16_GLVWB16_GRVW16_K1_SS0_SVW4_WSGRA0_WSGRB1,NO_CHECK,64.16,4183.84,,0.03125,0.5,32,0.5,1,0.5,0.125,4227072,32768,,,,,,,,,,2026-04-18 22:26:47.
0,19/44,21/47,Contraction_l_Ailk_Bjlk_Cijk_Dijk,"(32,1024,1,4096)",Cijk_Ailk_Bjlk_F8F8S_BH_GB_MT64x64x32_MI16x16x16x1_SN_GLVWA4_GLVWB4_GRVW4_K1_SS0_SVW4_WSGRA1_WSGRB1,NO_CHECK,65.561,4094.44,,0.03125,0.5,32,0.5,1,0.5,0.125,4227072,32768,,,,,,,,,,2026-04-18 22:26:47.
0,19/44,22/47,Contraction_l_Ailk_Bjlk_Cijk_Dijk,"(32,1024,1,4096)",Cijk_Ailk_Bjlk_F8F8S_BH_GB_MT64x64x32_MI16x16x16x1_SN_GLVWA8_GLVWB8_GRVW8_K1_SS0_SVW4_WSGRA1_WSGRB1,NO_CHECK,64.2,4181.24,,0.03125,0.5,32,0.5,1,0.5,0.125,4227072,32768,,,,,,,,,,2026-04-18 22:26:47.
0,19/44,23/47,Contraction_l_Ailk_Bjlk_Cijk_Dijk,"(32,1024,1,4096)",Cijk_Ailk_Bjlk_F8F8S_BH_GB_MT64x64x32_MI16x16x16x1_SN_GLVWA16_GLVWB16_GRVW16_K1_SS0_SVW4_WSGRA1_WSGRB1,NO_CHECK,64.121,4186.39,,0.03125,0.5,32,0.5,1,0.5,0.125,4227072,32768,,,,,,,,,,2026-04-18 22:26:47.
0,19/44,24/47,Contraction_l_Ailk_Bjlk_Cijk_Dijk,"(32,1024,1,4096)",Cijk_Ailk_Bjlk_F8F8S_BH_GB_MT64x64x16_MI16x16x16x1_SN_GLVWA4_GLVWB4_GRVW4_K1_SS1_SVW1_WSGRA0_WSGRB0,NO_CHECK,83.561,3212.45,,0.03125,0.5,32,0.5,1,0.5,0.125,4227072,32768,,,,,,,,,,2026-04-18 22:26:47.
0,19/44,25/47,Contraction_l_Ailk_Bjlk_Cijk_Dijk,"(32,1024,1,4096)",Cijk_Ailk_Bjlk_F8F8S_BH_GB_MT64x64x16_MI16x16x16x1_SN_GLVWA8_GLVWB8_GRVW8_K1_SS1_SVW1_WSGRA0_WSGRB0,NO_CHECK,82.84,3240.41,,0.03125,0.5,32,0.5,1,0.5,0.125,4227072,32768,,,,,,,,,,2026-04-18 22:26:47.
0,19/44,26/47,Contraction_l_Ailk_Bjlk_Cijk_Dijk,"(32,1024,1,4096)",Cijk_Ailk_Bjlk_F8F8S_BH_GB_MT64x64x16_MI16x16x16x1_SN_GLVWA16_GLVWB16_GRVW16_K1_SS1_SVW1_WSGRA0_WSGRB0,NO_CHECK,82.601,3249.78,,0.03125,0.5,32,0.5,1,0.5,0.125,4227072,32768,,,,,,,,,,2026-04-18 22:26:47.
0,19/44,27/47,Contraction_l_Ailk_Bjlk_Cijk_Dijk,"(32,1024,1,4096)",Cijk_Ailk_Bjlk_F8F8S_BH_GB_MT64x64x16_MI16x16x16x1_SN_GLVWA4_GLVWB4_GRVW4_K1_SS1_SVW1_WSGRA1_WSGRB0,NO_CHECK,83.401,3218.61,,0.03125,0.5,32,0.5,1,0.5,0.125,4227072,32768,,,,,,,,,,2026-04-18 22:26:47.
0,19/44,28/47,Contraction_l_Ailk_Bjlk_Cijk_Dijk,"(32,1024,1,4096)",Cijk_Ailk_Bjlk_F8F8S_BH_GB_MT64x64x16_MI16x16x16x1_SN_GLVWA8_GLVWB8_GRVW8_K1_SS1_SVW1_WSGRA1_WSGRB0,NO_CHECK,82.64,3248.25,,0.03125,0.5,32,0.5,1,0.5,0.125,4227072,32768,,,,,,,,,,2026-04-18 22:26:47.
0,19/44,29/47,Contraction_l_Ailk_Bjlk_Cijk_Dijk,"(32,1024,1,4096)",Cijk_Ailk_Bjlk_F8F8S_BH_GB_MT64x64x16_MI16x16x16x1_SN_GLVWA16_GLVWB16_GRVW16_K1_SS1_SVW1_WSGRA1_WSGRB0,NO_CHECK,83.041,3232.57,,0.03125,0.5,32,0.5,1,0.5,0.125,4227072,32768,,,,,,,,,,2026-04-18 22:26:47.
0,19/44,30/47,Contraction_l_Ailk_Bjlk_Cijk_Dijk,"(32,1024,1,4096)",Cijk_Ailk_Bjlk_F8F8S_BH_GB_MT64x64x16_MI16x16x16x1_SN_GLVWA4_GLVWB4_GRVW4_K1_SS1_SVW1_WSGRA0_WSGRB1,NO_CHECK,83.12,3229.49,,0.03125,0.5,32,0.5,1,0.5,0.125,4227072,32768,,,,,,,,,,2026-04-18 22:26:47.
0,19/44,31/47,Contraction_l_Ailk_Bjlk_Cijk_Dijk,"(32,1024,1,4096)",Cijk_Ailk_Bjlk_F8F8S_BH_GB_MT64x64x16_MI16x16x16x1_SN_GLVWA8_GLVWB8_GRVW8_K1_SS1_SVW1_WSGRA0_WSGRB1,NO_CHECK,82.32,3260.88,,0.03125,0.5,32,0.5,1,0.5,0.125,4227072,32768,,,,,,,,,,2026-04-18 22:26:47.
0,19/44,32/47,Contraction_l_Ailk_Bjlk_Cijk_Dijk,"(32,1024,1,4096)",Cijk_Ailk_Bjlk_F8F8S_BH_GB_MT64x64x16_MI16x16x16x1_SN_GLVWA16_GLVWB16_GRVW16_K1_SS1_SVW1_WSGRA0_WSGRB1,NO_CHECK,83.081,3231.01,,0.03125,0.5,32,0.5,1,0.5,0.125,4227072,32768,,,,,,,,,,2026-04-18 22:26:47.
0,19/44,33/47,Contraction_l_Ailk_Bjlk_Cijk_Dijk,"(32,1024,1,4096)",Cijk_Ailk_Bjlk_F8F8S_BH_GB_MT64x64x16_MI16x16x16x1_SN_GLVWA4_GLVWB4_GRVW4_K1_SS1_SVW1_WSGRA1_WSGRB1,NO_CHECK,83.561,3212.45,,0.03125,0.5,32,0.5,1,0.5,0.125,4227072,32768,,,,,,,,,,2026-04-18 22:26:47.
0,19/44,34/47,Contraction_l_Ailk_Bjlk_Cijk_Dijk,"(32,1024,1,4096)",Cijk_Ailk_Bjlk_F8F8S_BH_GB_MT64x64x16_MI16x16x16x1_SN_GLVWA8_GLVWB8_GRVW8_K1_SS1_SVW1_WSGRA1_WSGRB1,NO_CHECK,82.68,3246.68,,0.03125,0.5,32,0.5,1,0.5,0.125,4227072,32768,,,,,,,,,,2026-04-18 22:26:47.
0,19/44,35/47,Contraction_l_Ailk_Bjlk_Cijk_Dijk,"(32,1024,1,4096)",Cijk_Ailk_Bjlk_F8F8S_BH_GB_MT64x64x16_MI16x16x16x1_SN_GLVWA16_GLVWB16_GRVW16_K1_SS1_SVW1_WSGRA1_WSGRB1,NO_CHECK,82.68,3246.68,,0.03125,0.5,32,0.5,1,0.5,0.125,4227072,32768,,,,,,,,,,2026-04-18 22:26:47.
0,19/44,36/47,Contraction_l_Ailk_Bjlk_Cijk_Dijk,"(32,1024,1,4096)",Cijk_Ailk_Bjlk_F8F8S_BH_GB_MT64x64x32_MI16x16x16x1_SN_GLVWA4_GLVWB4_GRVW4_K1_SS1_SVW1_WSGRA0_WSGRB0,NO_CHECK,65.441,4101.95,,0.03125,0.5,32,0.5,1,0.5,0.125,4227072,32768,,,,,,,,,,2026-04-18 22:26:47.
0,19/44,37/47,Contraction_l_Ailk_Bjlk_Cijk_Dijk,"(32,1024,1,4096)",Cijk_Ailk_Bjlk_F8F8S_BH_GB_MT64x64x32_MI16x16x16x1_SN_GLVWA8_GLVWB8_GRVW8_K1_SS1_SVW1_WSGRA0_WSGRB0,NO_CHECK,64.321,4173.37,,0.03125,0.5,32,0.5,1,0.5,0.125,4227072,32768,,,,,,,,,,2026-04-18 22:26:47.
0,19/44,38/47,Contraction_l_Ailk_Bjlk_Cijk_Dijk,"(32,1024,1,4096)",Cijk_Ailk_Bjlk_F8F8S_BH_GB_MT64x64x32_MI16x16x16x1_SN_GLVWA16_GLVWB16_GRVW16_K1_SS1_SVW1_WSGRA0_WSGRB0,NO_CHECK,64.4,4168.25,,0.03125,0.5,32,0.5,1,0.5,0.125,4227072,32768,,,,,,,,,,2026-04-18 22:26:47.
0,19/44,39/47,Contraction_l_Ailk_Bjlk_Cijk_Dijk,"(32,1024,1,4096)",Cijk_Ailk_Bjlk_F8F8S_BH_GB_MT64x64x32_MI16x16x16x1_SN_GLVWA4_GLVWB4_GRVW4_K1_SS1_SVW1_WSGRA1_WSGRB0,NO_CHECK,65.721,4084.47,,0.03125,0.5,32,0.5,1,0.5,0.125,4227072,32768,,,,,,,,,,2026-04-18 22:26:47.
0,19/44,40/47,Contraction_l_Ailk_Bjlk_Cijk_Dijk,"(32,1024,1,4096)",Cijk_Ailk_Bjlk_F8F8S_BH_GB_MT64x64x32_MI16x16x16x1_SN_GLVWA8_GLVWB8_GRVW8_K1_SS1_SVW1_WSGRA1_WSGRB0,NO_CHECK,222.722,1205.25,,0.03125,0.5,32,0.5,1,0.5,0.125,4227072,32768,,,,,,,,,,2026-04-18 22:26:47.
0,19/44,41/47,Contraction_l_Ailk_Bjlk_Cijk_Dijk,"(32,1024,1,4096)",Cijk_Ailk_Bjlk_F8F8S_BH_GB_MT64x64x32_MI16x16x16x1_SN_GLVWA16_GLVWB16_GRVW16_K1_SS1_SVW1_WSGRA1_WSGRB0,NO_CHECK,76.24,3520.93,,0.03125,0.5,32,0.5,1,0.5,0.125,4227072,32768,,,,,,,,,,2026-04-18 22:26:47.
0,19/44,42/47,Contraction_l_Ailk_Bjlk_Cijk_Dijk,"(32,1024,1,4096)",Cijk_Ailk_Bjlk_F8F8S_BH_GB_MT64x64x32_MI16x16x16x1_SN_GLVWA4_GLVWB4_GRVW4_K1_SS1_SVW1_WSGRA0_WSGRB1,NO_CHECK,65.841,4077.03,,0.03125,0.5,32,0.5,1,0.5,0.125,4227072,32768,,,,,,,,,,2026-04-18 22:26:47.
0,19/44,43/47,Contraction_l_Ailk_Bjlk_Cijk_Dijk,"(32,1024,1,4096)",Cijk_Ailk_Bjlk_F8F8S_BH_GB_MT64x64x32_MI16x16x16x1_SN_GLVWA8_GLVWB8_GRVW8_K1_SS1_SVW1_WSGRA0_WSGRB1,NO_CHECK,64.2,4181.24,,0.03125,0.5,32,0.5,1,0.5,0.125,4227072,32768,,,,,,,,,,2026-04-18 22:26:47.
0,19/44,44/47,Contraction_l_Ailk_Bjlk_Cijk_Dijk,"(32,1024,1,4096)",Cijk_Ailk_Bjlk_F8F8S_BH_GB_MT64x64x32_MI16x16x16x1_SN_GLVWA16_GLVWB16_GRVW16_K1_SS1_SVW1_WSGRA0_WSGRB1,NO_CHECK,73.4,3657.16,,0.03125,0.5,32,0.5,1,0.5,0.125,4227072,32768,,,,,,,,,,2026-04-18 22:26:47.
0,19/44,45/47,Contraction_l_Ailk_Bjlk_Cijk_Dijk,"(32,1024,1,4096)",Cijk_Ailk_Bjlk_F8F8S_BH_GB_MT64x64x32_MI16x16x16x1_SN_GLVWA4_GLVWB4_GRVW4_K1_SS1_SVW1_WSGRA1_WSGRB1,NO_CHECK,65.64,4089.51,,0.03125,0.5,32,0.5,1,0.5,0.125,4227072,32768,,,,,,,,,,2026-04-18 22:26:47.
0,19/44,46/47,Contraction_l_Ailk_Bjlk_Cijk_Dijk,"(32,1024,1,4096)",Cijk_Ailk_Bjlk_F8F8S_BH_GB_MT64x64x32_MI16x16x16x1_SN_GLVWA8_GLVWB8_GRVW8_K1_SS1_SVW1_WSGRA1_WSGRB1,NO_CHECK,64.601,4155.28,,0.03125,0.5,32,0.5,1,0.5,0.125,4227072,32768,,,,,,,,,,2026-04-18 22:26:47.
0,19/44,47/47,Contraction_l_Ailk_Bjlk_Cijk_Dijk,"(32,1024,1,4096)",Cijk_Ailk_Bjlk_F8F8S_BH_GB_MT64x64x32_MI16x16x16x1_SN_GLVWA16_GLVWB16_GRVW16_K1_SS1_SVW1_WSGRA1_WSGRB1,NO_CHECK,64.16,4183.84,,0.03125,0.5,32,0.5,1,0.5,0.125,4227072,32768,,,,,,,,,,2026-04-18 22:26:47.
0,20/44,0/47,Contraction_l_Ailk_Bjlk_Cijk_Dijk,"(32,1024,1,8192)",Cijk_Ailk_Bjlk_F8F8S_BH_GB_MT64x64x16_MI16x16x16x1_SN_GLVWA4_GLVWB4_GRVW4_K1_SS0_SVW4_WSGRA0_WSGRB0,NO_CHECK,197.281,2721.35,,0.03125,0.5,32,0.5,1,0.5,0.125,8421376,32768,,,,,,,,,,2026-04-18 22:26:47.
0,20/44,1/47,Contraction_l_Ailk_Bjlk_Cijk_Dijk,"(32,1024,1,8192)",Cijk_Ailk_Bjlk_F8F8S_BH_GB_MT64x64x16_MI16x16x16x1_SN_GLVWA8_GLVWB8_GRVW8_K1_SS0_SVW4_WSGRA0_WSGRB0,NO_CHECK,151.401,3546.02,,0.03125,0.5,32,0.5,1,0.5,0.125,8421376,32768,,,,,,,,,,2026-04-18 22:26:47.
0,20/44,2/47,Contraction_l_Ailk_Bjlk_Cijk_Dijk,"(32,1024,1,8192)",Cijk_Ailk_Bjlk_F8F8S_BH_GB_MT64x64x16_MI16x16x16x1_SN_GLVWA16_GLVWB16_GRVW16_K1_SS0_SVW4_WSGRA0_WSGRB0,NO_CHECK,150.361,3570.55,,0.03125,0.5,32,0.5,1,0.5,0.125,8421376,32768,,,,,,,,,,2026-04-18 22:26:47.
0,20/44,3/47,Contraction_l_Ailk_Bjlk_Cijk_Dijk,"(32,1024,1,8192)",Cijk_Ailk_Bjlk_F8F8S_BH_GB_MT64x64x16_MI16x16x16x1_SN_GLVWA4_GLVWB4_GRVW4_K1_SS0_SVW4_WSGRA1_WSGRB0,NO_CHECK,152.081,3530.16,,0.03125,0.5,32,0.5,1,0.5,0.125,8421376,32768,,,,,,,,,,2026-04-18 22:26:47.
0,20/44,4/47,Contraction_l_Ailk_Bjlk_Cijk_Dijk,"(32,1024,1,8192)",Cijk_Ailk_Bjlk_F8F8S_BH_GB_MT64x64x16_MI16x16x16x1_SN_GLVWA8_GLVWB8_GRVW8_K1_SS0_SVW4_WSGRA1_WSGRB0,NO_CHECK,186.362,2880.8,,0.03125,0.5,32,0.5,1,0.5,0.125,8421376,32768,,,,,,,,,,2026-04-18 22:26:47.
0,20/44,5/47,Contraction_l_Ailk_Bjlk_Cijk_Dijk,"(32,1024,1,8192)",Cijk_Ailk_Bjlk_F8F8S_BH_GB_MT64x64x16_MI16x16x16x1_SN_GLVWA16_GLVWB16_GRVW16_K1_SS0_SVW4_WSGRA1_WSGRB0,NO_CHECK,186.441,2879.58,,0.03125,0.5,32,0.5,1,0.5,0.125,8421376,32768,,,,,,,,,,2026-04-18 22:26:47.
0,20/44,6/47,Contraction_l_Ailk_Bjlk_Cijk_Dijk,"(32,1024,1,8192)",Cijk_Ailk_Bjlk_F8F8S_BH_GB_MT64x64x16_MI16x16x16x1_SN_GLVWA4_GLVWB4_GRVW4_K1_SS0_SVW4_WSGRA0_WSGRB1,NO_CHECK,186.962,2871.55,,0.03125,0.5,32,0.5,1,0.5,0.125,8421376,32768,,,,,,,,,,2026-04-18 22:26:47.
0,20/44,7/47,Contraction_l_Ailk_Bjlk_Cijk_Dijk,"(32,1024,1,8192)",Cijk_Ailk_Bjlk_F8F8S_BH_GB_MT64x64x16_MI16x16x16x1_SN_GLVWA8_GLVWB8_GRVW8_K1_SS0_SVW4_WSGRA0_WSGRB1,NO_CHECK,185.602,2892.59,,0.03125,0.5,32,0.5,1,0.5,0.125,8421376,32768,,,,,,,,,,2026-04-18 22:26:47.
0,20/44,8/47,Contraction_l_Ailk_Bjlk_Cijk_Dijk,"(32,1024,1,8192)",Cijk_Ailk_Bjlk_F8F8S_BH_GB_MT64x64x16_MI16x16x16x1_SN_GLVWA16_GLVWB16_GRVW16_K1_SS0_SVW4_WSGRA0_WSGRB1,NO_CHECK,186.081,2885.15,,0.03125,0.5,32,0.5,1,0.5,0.125,8421376,32768,,,,,,,,,,2026-04-18 22:26:47.
0,20/44,9/47,Contraction_l_Ailk_Bjlk_Cijk_Dijk,"(32,1024,1,8192)",Cijk_Ailk_Bjlk_F8F8S_BH_GB_MT64x64x16_MI16x16x16x1_SN_GLVWA4_GLVWB4_GRVW4_K1_SS0_SVW4_WSGRA1_WSGRB1,NO_CHECK,186.962,2871.55,,0.03125,0.5,32,0.5,1,0.5,0.125,8421376,32768,,,,,,,,,,2026-04-18 22:26:47.
0,20/44,10/47,Contraction_l_Ailk_Bjlk_Cijk_Dijk,"(32,1024,1,8192)",Cijk_Ailk_Bjlk_F8F8S_BH_GB_MT64x64x16_MI16x16x16x1_SN_GLVWA8_GLVWB8_GRVW8_K1_SS0_SVW4_WSGRA1_WSGRB1,NO_CHECK,183.961,2918.4,,0.03125,0.5,32,0.5,1,0.5,0.125,8421376,32768,,,,,,,,,,2026-04-18 22:26:47.
0,20/44,11/47,Contraction_l_Ailk_Bjlk_Cijk_Dijk,"(32,1024,1,8192)",Cijk_Ailk_Bjlk_F8F8S_BH_GB_MT64x64x16_MI16x16x16x1_SN_GLVWA16_GLVWB16_GRVW16_K1_SS0_SVW4_WSGRA1_WSGRB1,NO_CHECK,184.322,2912.68,,0.03125,0.5,32,0.5,1,0.5,0.125,8421376,32768,,,,,,,,,,2026-04-18 22:26:47.
0,20/44,12/47,Contraction_l_Ailk_Bjlk_Cijk_Dijk,"(32,1024,1,8192)",Cijk_Ailk_Bjlk_F8F8S_BH_GB_MT64x64x32_MI16x16x16x1_SN_GLVWA4_GLVWB4_GRVW4_K1_SS0_SVW4_WSGRA0_WSGRB0,NO_CHECK,140.281,3827.11,,0.03125,0.5,32,0.5,1,0.5,0.125,8421376,32768,,,,,,,,,,2026-04-18 22:26:47.
0,20/44,13/47,Contraction_l_Ailk_Bjlk_Cijk_Dijk,"(32,1024,1,8192)",Cijk_Ailk_Bjlk_F8F8S_BH_GB_MT64x64x32_MI16x16x16x1_SN_GLVWA8_GLVWB8_GRVW8_K1_SS0_SVW4_WSGRA0_WSGRB0,NO_CHECK,139.401,3851.27,,0.03125,0.5,32,0.5,1,0.5,0.125,8421376,32768,,,,,,,,,,2026-04-18 22:26:47.
0,20/44,14/47,Contraction_l_Ailk_Bjlk_Cijk_Dijk,"(32,1024,1,8192)",Cijk_Ailk_Bjlk_F8F8S_BH_GB_MT64x64x32_MI16x16x16x1_SN_GLVWA16_GLVWB16_GRVW16_K1_SS0_SVW4_WSGRA0_WSGRB0,NO_CHECK,137.761,3897.12,,0.03125,0.5,32,0.5,1,0.5,0.125,8421376,32768,,,,,,,,,,2026-04-18 22:26:47.
0,20/44,15/47,Contraction_l_Ailk_Bjlk_Cijk_Dijk,"(32,1024,1,8192)",Cijk_Ailk_Bjlk_F8F8S_BH_GB_MT64x64x32_MI16x16x16x1_SN_GLVWA4_GLVWB4_GRVW4_K1_SS0_SVW4_WSGRA1_WSGRB0,NO_CHECK,140.401,3823.84,,0.03125,0.5,32,0.5,1,0.5,0.125,8421376,32768,,,,,,,,,,2026-04-18 22:26:47.
0,20/44,16/47,Contraction_l_Ailk_Bjlk_Cijk_Dijk,"(32,1024,1,8192)",Cijk_Ailk_Bjlk_F8F8S_BH_GB_MT64x64x32_MI16x16x16x1_SN_GLVWA8_GLVWB8_GRVW8_K1_SS0_SVW4_WSGRA1_WSGRB0,NO_CHECK,138.761,3869.03,,0.03125,0.5,32,0.5,1,0.5,0.125,8421376,32768,,,,,,,,,,2026-04-18 22:26:47.
0,20/44,17/47,Contraction_l_Ailk_Bjlk_Cijk_Dijk,"(32,1024,1,8192)",Cijk_Ailk_Bjlk_F8F8S_BH_GB_MT64x64x32_MI16x16x16x1_SN_GLVWA16_GLVWB16_GRVW16_K1_SS0_SVW4_WSGRA1_WSGRB0,NO_CHECK,137.881,3893.73,,0.03125,0.5,32,0.5,1,0.5,0.125,8421376,32768,,,,,,,,,,2026-04-18 22:26:47.
0,20/44,18/47,Contraction_l_Ailk_Bjlk_Cijk_Dijk,"(32,1024,1,8192)",Cijk_Ailk_Bjlk_F8F8S_BH_GB_MT64x64x32_MI16x16x16x1_SN_GLVWA4_GLVWB4_GRVW4_K1_SS0_SVW4_WSGRA0_WSGRB1,NO_CHECK,140.161,3830.39,,0.03125,0.5,32,0.5,1,0.5,0.125,8421376,32768,,,,,,,,,,2026-04-18 22:26:47.
0,20/44,19/47,Contraction_l_Ailk_Bjlk_Cijk_Dijk,"(32,1024,1,8192)",Cijk_Ailk_Bjlk_F8F8S_BH_GB_MT64x64x32_MI16x16x16x1_SN_GLVWA8_GLVWB8_GRVW8_K1_SS0_SVW4_WSGRA0_WSGRB1,NO_CHECK,138.041,3889.21,,0.03125,0.5,32,0.5,1,0.5,0.125,8421376,32768,,,,,,,,,,2026-04-18 22:26:47.
0,20/44,20/47,Contraction_l_Ailk_Bjlk_Cijk_Dijk,"(32,1024,1,8192)",Cijk_Ailk_Bjlk_F8F8S_BH_GB_MT64x64x32_MI16x16x16x1_SN_GLVWA16_GLVWB16_GRVW16_K1_SS0_SVW4_WSGRA0_WSGRB1,NO_CHECK,315.242,1703.04,,0.03125,0.5,32,0.5,1,0.5,0.125,8421376,32768,,,,,,,,,,2026-04-18 22:26:47.
0,20/44,21/47,Contraction_l_Ailk_Bjlk_Cijk_Dijk,"(32,1024,1,8192)",Cijk_Ailk_Bjlk_F8F8S_BH_GB_MT64x64x32_MI16x16x16x1_SN_GLVWA4_GLVWB4_GRVW4_K1_SS0_SVW4_WSGRA1_WSGRB1,NO_CHECK,150.121,3576.25,,0.03125,0.5,32,0.5,1,0.5,0.125,8421376,32768,,,,,,,,,,2026-04-18 22:26:47.
0,20/44,22/47,Contraction_l_Ailk_Bjlk_Cijk_Dijk,"(32,1024,1,8192)",Cijk_Ailk_Bjlk_F8F8S_BH_GB_MT64x64x32_MI16x16x16x1_SN_GLVWA8_GLVWB8_GRVW8_K1_SS0_SVW4_WSGRA1_WSGRB1,NO_CHECK,141.401,3796.8,,0.03125,0.5,32,0.5,1,0.5,0.125,8421376,32768,,,,,,,,,,2026-04-18 22:26:47.
0,20/44,23/47,Contraction_l_Ailk_Bjlk_Cijk_Dijk,"(32,1024,1,8192)",Cijk_Ailk_Bjlk_F8F8S_BH_GB_MT64x64x32_MI16x16x16x1_SN_GLVWA16_GLVWB16_GRVW16_K1_SS0_SVW4_WSGRA1_WSGRB1,NO_CHECK,146.601,3662.12,,0.03125,0.5,32,0.5,1,0.5,0.125,8421376,32768,,,,,,,,,,2026-04-18 22:26:47.
0,20/44,24/47,Contraction_l_Ailk_Bjlk_Cijk_Dijk,"(32,1024,1,8192)",Cijk_Ailk_Bjlk_F8F8S_BH_GB_MT64x64x16_MI16x16x16x1_SN_GLVWA4_GLVWB4_GRVW4_K1_SS1_SVW1_WSGRA0_WSGRB0,NO_CHECK,188.282,2851.42,,0.03125,0.5,32,0.5,1,0.5,0.125,8421376,32768,,,,,,,,,,2026-04-18 22:26:47.
0,20/44,25/47,Contraction_l_Ailk_Bjlk_Cijk_Dijk,"(32,1024,1,8192)",Cijk_Ailk_Bjlk_F8F8S_BH_GB_MT64x64x16_MI16x16x16x1_SN_GLVWA8_GLVWB8_GRVW8_K1_SS1_SVW1_WSGRA0_WSGRB0,NO_CHECK,184.961,2902.62,,0.03125,0.5,32,0.5,1,0.5,0.125,8421376,32768,,,,,,,,,,2026-04-18 22:26:47.
0,20/44,26/47,Contraction_l_Ailk_Bjlk_Cijk_Dijk,"(32,1024,1,8192)",Cijk_Ailk_Bjlk_F8F8S_BH_GB_MT64x64x16_MI16x16x16x1_SN_GLVWA16_GLVWB16_GRVW16_K1_SS1_SVW1_WSGRA0_WSGRB0,NO_CHECK,186.121,2884.53,,0.03125,0.5,32,0.5,1,0.5,0.125,8421376,32768,,,,,,,,,,2026-04-18 22:26:47.
0,20/44,27/47,Contraction_l_Ailk_Bjlk_Cijk_Dijk,"(32,1024,1,8192)",Cijk_Ailk_Bjlk_F8F8S_BH_GB_MT64x64x16_MI16x16x16x1_SN_GLVWA4_GLVWB4_GRVW4_K1_SS1_SVW1_WSGRA1_WSGRB0,NO_CHECK,187.282,2866.64,,0.03125,0.5,32,0.5,1,0.5,0.125,8421376,32768,,,,,,,,,,2026-04-18 22:26:47.
0,20/44,28/47,Contraction_l_Ailk_Bjlk_Cijk_Dijk,"(32,1024,1,8192)",Cijk_Ailk_Bjlk_F8F8S_BH_GB_MT64x64x16_MI16x16x16x1_SN_GLVWA8_GLVWB8_GRVW8_K1_SS1_SVW1_WSGRA1_WSGRB0,NO_CHECK,185.001,2901.99,,0.03125,0.5,32,0.5,1,0.5,0.125,8421376,32768,,,,,,,,,,2026-04-18 22:26:47.
0,20/44,29/47,Contraction_l_Ailk_Bjlk_Cijk_Dijk,"(32,1024,1,8192)",Cijk_Ailk_Bjlk_F8F8S_BH_GB_MT64x64x16_MI16x16x16x1_SN_GLVWA16_GLVWB16_GRVW16_K1_SS1_SVW1_WSGRA1_WSGRB0,NO_CHECK,186.161,2883.91,,0.03125,0.5,32,0.5,1,0.5,0.125,8421376,32768,,,,,,,,,,2026-04-18 22:26:47.
0,20/44,30/47,Contraction_l_Ailk_Bjlk_Cijk_Dijk,"(32,1024,1,8192)",Cijk_Ailk_Bjlk_F8F8S_BH_GB_MT64x64x16_MI16x16x16x1_SN_GLVWA4_GLVWB4_GRVW4_K1_SS1_SVW1_WSGRA0_WSGRB1,NO_CHECK,187.121,2869.11,,0.03125,0.5,32,0.5,1,0.5,0.125,8421376,32768,,,,,,,,,,2026-04-18 22:26:47.
0,20/44,31/47,Contraction_l_Ailk_Bjlk_Cijk_Dijk,"(32,1024,1,8192)",Cijk_Ailk_Bjlk_F8F8S_BH_GB_MT64x64x16_MI16x16x16x1_SN_GLVWA8_GLVWB8_GRVW8_K1_SS1_SVW1_WSGRA0_WSGRB1,NO_CHECK,184.201,2914.59,,0.03125,0.5,32,0.5,1,0.5,0.125,8421376,32768,,,,,,,,,,2026-04-18 22:26:47.
0,20/44,32/47,Contraction_l_Ailk_Bjlk_Cijk_Dijk,"(32,1024,1,8192)",Cijk_Ailk_Bjlk_F8F8S_BH_GB_MT64x64x16_MI16x16x16x1_SN_GLVWA16_GLVWB16_GRVW16_K1_SS1_SVW1_WSGRA0_WSGRB1,NO_CHECK,185.761,2890.12,,0.03125,0.5,32,0.5,1,0.5,0.125,8421376,32768,,,,,,,,,,2026-04-18 22:26:47.
0,20/44,33/47,Contraction_l_Ailk_Bjlk_Cijk_Dijk,"(32,1024,1,8192)",Cijk_Ailk_Bjlk_F8F8S_BH_GB_MT64x64x16_MI16x16x16x1_SN_GLVWA4_GLVWB4_GRVW4_K1_SS1_SVW1_WSGRA1_WSGRB1,NO_CHECK,187.322,2866.03,,0.03125,0.5,32,0.5,1,0.5,0.125,8421376,32768,,,,,,,,,,2026-04-18 22:26:47.
0,20/44,34/47,Contraction_l_Ailk_Bjlk_Cijk_Dijk,"(32,1024,1,8192)",Cijk_Ailk_Bjlk_F8F8S_BH_GB_MT64x64x16_MI16x16x16x1_SN_GLVWA8_GLVWB8_GRVW8_K1_SS1_SVW1_WSGRA1_WSGRB1,NO_CHECK,185.041,2901.36,,0.03125,0.5,32,0.5,1,0.5,0.125,8421376,32768,,,,,,,,,,2026-04-18 22:26:47.
0,20/44,35/47,Contraction_l_Ailk_Bjlk_Cijk_Dijk,"(32,1024,1,8192)",Cijk_Ailk_Bjlk_F8F8S_BH_GB_MT64x64x16_MI16x16x16x1_SN_GLVWA16_GLVWB16_GRVW16_K1_SS1_SVW1_WSGRA1_WSGRB1,NO_CHECK,184.441,2910.8,,0.03125,0.5,32,0.5,1,0.5,0.125,8421376,32768,,,,,,,,,,2026-04-18 22:26:47.
0,20/44,36/47,Contraction_l_Ailk_Bjlk_Cijk_Dijk,"(32,1024,1,8192)",Cijk_Ailk_Bjlk_F8F8S_BH_GB_MT64x64x32_MI16x16x16x1_SN_GLVWA4_GLVWB4_GRVW4_K1_SS1_SVW1_WSGRA0_WSGRB0,NO_CHECK,140.361,3824.93,,0.03125,0.5,32,0.5,1,0.5,0.125,8421376,32768,,,,,,,,,,2026-04-18 22:26:47.
0,20/44,37/47,Contraction_l_Ailk_Bjlk_Cijk_Dijk,"(32,1024,1,8192)",Cijk_Ailk_Bjlk_F8F8S_BH_GB_MT64x64x32_MI16x16x16x1_SN_GLVWA8_GLVWB8_GRVW8_K1_SS1_SVW1_WSGRA0_WSGRB0,NO_CHECK,139.841,3839.15,,0.03125,0.5,32,0.5,1,0.5,0.125,8421376,32768,,,,,,,,,,2026-04-18 22:26:47.
0,20/44,38/47,Contraction_l_Ailk_Bjlk_Cijk_Dijk,"(32,1024,1,8192)",Cijk_Ailk_Bjlk_F8F8S_BH_GB_MT64x64x32_MI16x16x16x1_SN_GLVWA16_GLVWB16_GRVW16_K1_SS1_SVW1_WSGRA0_WSGRB0,NO_CHECK,137.561,3902.78,,0.03125,0.5,32,0.5,1,0.5,0.125,8421376,32768,,,,,,,,,,2026-04-18 22:26:47.
0,20/44,39/47,Contraction_l_Ailk_Bjlk_Cijk_Dijk,"(32,1024,1,8192)",Cijk_Ailk_Bjlk_F8F8S_BH_GB_MT64x64x32_MI16x16x16x1_SN_GLVWA4_GLVWB4_GRVW4_K1_SS1_SVW1_WSGRA1_WSGRB0,NO_CHECK,141.761,3787.16,,0.03125,0.5,32,0.5,1,0.5,0.125,8421376,32768,,,,,,,,,,2026-04-18 22:26:47.
0,20/44,40/47,Contraction_l_Ailk_Bjlk_Cijk_Dijk,"(32,1024,1,8192)",Cijk_Ailk_Bjlk_F8F8S_BH_GB_MT64x64x32_MI16x16x16x1_SN_GLVWA8_GLVWB8_GRVW8_K1_SS1_SVW1_WSGRA1_WSGRB0,NO_CHECK,138.241,3883.59,,0.03125,0.5,32,0.5,1,0.5,0.125,8421376,32768,,,,,,,,,,2026-04-18 22:26:47.
0,20/44,41/47,Contraction_l_Ailk_Bjlk_Cijk_Dijk,"(32,1024,1,8192)",Cijk_Ailk_Bjlk_F8F8S_BH_GB_MT64x64x32_MI16x16x16x1_SN_GLVWA16_GLVWB16_GRVW16_K1_SS1_SVW1_WSGRA1_WSGRB0,NO_CHECK,137.281,3910.74,,0.03125,0.5,32,0.5,1,0.5,0.125,8421376,32768,,,,,,,,,,2026-04-18 22:26:47.
0,20/44,42/47,Contraction_l_Ailk_Bjlk_Cijk_Dijk,"(32,1024,1,8192)",Cijk_Ailk_Bjlk_F8F8S_BH_GB_MT64x64x32_MI16x16x16x1_SN_GLVWA4_GLVWB4_GRVW4_K1_SS1_SVW1_WSGRA0_WSGRB1,NO_CHECK,141.482,3794.62,,0.03125,0.5,32,0.5,1,0.5,0.125,8421376,32768,,,,,,,,,,2026-04-18 22:26:47.
0,20/44,43/47,Contraction_l_Ailk_Bjlk_Cijk_Dijk,"(32,1024,1,8192)",Cijk_Ailk_Bjlk_F8F8S_BH_GB_MT64x64x32_MI16x16x16x1_SN_GLVWA8_GLVWB8_GRVW8_K1_SS1_SVW1_WSGRA0_WSGRB1,NO_CHECK,138.161,3885.84,,0.03125,0.5,32,0.5,1,0.5,0.125,8421376,32768,,,,,,,,,,2026-04-18 22:26:47.
0,20/44,44/47,Contraction_l_Ailk_Bjlk_Cijk_Dijk,"(32,1024,1,8192)",Cijk_Ailk_Bjlk_F8F8S_BH_GB_MT64x64x32_MI16x16x16x1_SN_GLVWA16_GLVWB16_GRVW16_K1_SS1_SVW1_WSGRA0_WSGRB1,NO_CHECK,137.921,3892.6,,0.03125,0.5,32,0.5,1,0.5,0.125,8421376,32768,,,,,,,,,,2026-04-18 22:26:47.
0,20/44,45/47,Contraction_l_Ailk_Bjlk_Cijk_Dijk,"(32,1024,1,8192)",Cijk_Ailk_Bjlk_F8F8S_BH_GB_MT64x64x32_MI16x16x16x1_SN_GLVWA4_GLVWB4_GRVW4_K1_SS1_SVW1_WSGRA1_WSGRB1,NO_CHECK,140.721,3815.14,,0.03125,0.5,32,0.5,1,0.5,0.125,8421376,32768,,,,,,,,,,2026-04-18 22:26:47.
0,20/44,46/47,Contraction_l_Ailk_Bjlk_Cijk_Dijk,"(32,1024,1,8192)",Cijk_Ailk_Bjlk_F8F8S_BH_GB_MT64x64x32_MI16x16x16x1_SN_GLVWA8_GLVWB8_GRVW8_K1_SS1_SVW1_WSGRA1_WSGRB1,NO_CHECK,137.961,3891.47,,0.03125,0.5,32,0.5,1,0.5,0.125,8421376,32768,,,,,,,,,,2026-04-18 22:26:47.
0,20/44,47/47,Contraction_l_Ailk_Bjlk_Cijk_Dijk,"(32,1024,1,8192)",Cijk_Ailk_Bjlk_F8F8S_BH_GB_MT64x64x32_MI16x16x16x1_SN_GLVWA16_GLVWB16_GRVW16_K1_SS1_SVW1_WSGRA1_WSGRB1,NO_CHECK,148.681,3610.89,,0.03125,0.5,32,0.5,1,0.5,0.125,8421376,32768,,,,,,,,,,2026-04-18 22:26:47.
0,21/44,0/47,Contraction_l_Ailk_Bjlk_Cijk_Dijk,"(32,4096,1,1024)",Cijk_Ailk_Bjlk_F8F8S_BH_GB_MT64x64x16_MI16x16x16x1_SN_GLVWA4_GLVWB4_GRVW4_K1_SS0_SVW4_WSGRA0_WSGRB0,NO_CHECK,42.241,6354.86,,0.1875,2,32,0.5,1,1,0.375,4325376,131072,,,,,,,,,,2026-04-18 22:26:47.
0,21/44,1/47,Contraction_l_Ailk_Bjlk_Cijk_Dijk,"(32,4096,1,1024)",Cijk_Ailk_Bjlk_F8F8S_BH_GB_MT64x64x16_MI16x16x16x1_SN_GLVWA8_GLVWB8_GRVW8_K1_SS0_SVW4_WSGRA0_WSGRB0,NO_CHECK,43.44,6179.45,,0.1875,2,32,0.5,1,1,0.375,4325376,131072,,,,,,,,,,2026-04-18 22:26:47.
0,21/44,2/47,Contraction_l_Ailk_Bjlk_Cijk_Dijk,"(32,4096,1,1024)",Cijk_Ailk_Bjlk_F8F8S_BH_GB_MT64x64x16_MI16x16x16x1_SN_GLVWA16_GLVWB16_GRVW16_K1_SS0_SVW4_WSGRA0_WSGRB0,NO_CHECK,42.6,6301.3,,0.1875,2,32,0.5,1,1,0.375,4325376,131072,,,,,,,,,,2026-04-18 22:26:47.
0,21/44,3/47,Contraction_l_Ailk_Bjlk_Cijk_Dijk,"(32,4096,1,1024)",Cijk_Ailk_Bjlk_F8F8S_BH_GB_MT64x64x16_MI16x16x16x1_SN_GLVWA4_GLVWB4_GRVW4_K1_SS0_SVW4_WSGRA1_WSGRB0,NO_CHECK,43.16,6219.54,,0.1875,2,32,0.5,1,1,0.375,4325376,131072,,,,,,,,,,2026-04-18 22:26:47.
0,21/44,4/47,Contraction_l_Ailk_Bjlk_Cijk_Dijk,"(32,4096,1,1024)",Cijk_Ailk_Bjlk_F8F8S_BH_GB_MT64x64x16_MI16x16x16x1_SN_GLVWA8_GLVWB8_GRVW8_K1_SS0_SVW4_WSGRA1_WSGRB0,NO_CHECK,43.161,6219.4,,0.1875,2,32,0.5,1,1,0.375,4325376,131072,,,,,,,,,,2026-04-18 22:26:47.
0,21/44,5/47,Contraction_l_Ailk_Bjlk_Cijk_Dijk,"(32,4096,1,1024)",Cijk_Ailk_Bjlk_F8F8S_BH_GB_MT64x64x16_MI16x16x16x1_SN_GLVWA16_GLVWB16_GRVW16_K1_SS0_SVW4_WSGRA1_WSGRB0,NO_CHECK,42.48,6319.1,,0.1875,2,32,0.5,1,1,0.375,4325376,131072,,,,,,,,,,2026-04-18 22:26:47.
0,21/44,6/47,Contraction_l_Ailk_Bjlk_Cijk_Dijk,"(32,4096,1,1024)",Cijk_Ailk_Bjlk_F8F8S_BH_GB_MT64x64x16_MI16x16x16x1_SN_GLVWA4_GLVWB4_GRVW4_K1_SS0_SVW4_WSGRA0_WSGRB1,NO_CHECK,43.241,6207.89,,0.1875,2,32,0.5,1,1,0.375,4325376,131072,,,,,,,,,,2026-04-18 22:26:47.
0,21/44,7/47,Contraction_l_Ailk_Bjlk_Cijk_Dijk,"(32,4096,1,1024)",Cijk_Ailk_Bjlk_F8F8S_BH_GB_MT64x64x16_MI16x16x16x1_SN_GLVWA8_GLVWB8_GRVW8_K1_SS0_SVW4_WSGRA0_WSGRB1,NO_CHECK,41.8,6421.9,,0.1875,2,32,0.5,1,1,0.375,4325376,131072,,,,,,,,,,2026-04-18 22:26:47.
0,21/44,8/47,Contraction_l_Ailk_Bjlk_Cijk_Dijk,"(32,4096,1,1024)",Cijk_Ailk_Bjlk_F8F8S_BH_GB_MT64x64x16_MI16x16x16x1_SN_GLVWA16_GLVWB16_GRVW16_K1_SS0_SVW4_WSGRA0_WSGRB1,NO_CHECK,42.521,6313.01,,0.1875,2,32,0.5,1,1,0.375,4325376,131072,,,,,,,,,,2026-04-18 22:26:47.
0,21/44,9/47,Contraction_l_Ailk_Bjlk_Cijk_Dijk,"(32,4096,1,1024)",Cijk_Ailk_Bjlk_F8F8S_BH_GB_MT64x64x16_MI16x16x16x1_SN_GLVWA4_GLVWB4_GRVW4_K1_SS0_SVW4_WSGRA1_WSGRB1,NO_CHECK,42,6391.32,,0.1875,2,32,0.5,1,1,0.375,4325376,131072,,,,,,,,,,2026-04-18 22:26:47.
0,21/44,10/47,Contraction_l_Ailk_Bjlk_Cijk_Dijk,"(32,4096,1,1024)",Cijk_Ailk_Bjlk_F8F8S_BH_GB_MT64x64x16_MI16x16x16x1_SN_GLVWA8_GLVWB8_GRVW8_K1_SS0_SVW4_WSGRA1_WSGRB1,NO_CHECK,42.76,6277.72,,0.1875,2,32,0.5,1,1,0.375,4325376,131072,,,,,,,,,,2026-04-18 22:26:47.
0,21/44,11/47,Contraction_l_Ailk_Bjlk_Cijk_Dijk,"(32,4096,1,1024)",Cijk_Ailk_Bjlk_F8F8S_BH_GB_MT64x64x16_MI16x16x16x1_SN_GLVWA16_GLVWB16_GRVW16_K1_SS0_SVW4_WSGRA1_WSGRB1,NO_CHECK,41.6,6452.78,,0.1875,2,32,0.5,1,1,0.375,4325376,131072,,,,,,,,,,2026-04-18 22:26:47.
0,21/44,12/47,Contraction_l_Ailk_Bjlk_Cijk_Dijk,"(32,4096,1,1024)",Cijk_Ailk_Bjlk_F8F8S_BH_GB_MT64x64x32_MI16x16x16x1_SN_GLVWA4_GLVWB4_GRVW4_K1_SS0_SVW4_WSGRA0_WSGRB0,NO_CHECK,37.96,7071.53,,0.1875,2,32,0.5,1,1,0.375,4325376,131072,,,,,,,,,,2026-04-18 22:26:47.
0,21/44,13/47,Contraction_l_Ailk_Bjlk_Cijk_Dijk,"(32,4096,1,1024)",Cijk_Ailk_Bjlk_F8F8S_BH_GB_MT64x64x32_MI16x16x16x1_SN_GLVWA8_GLVWB8_GRVW8_K1_SS0_SVW4_WSGRA0_WSGRB0,NO_CHECK,36.48,7358.43,,0.1875,2,32,0.5,1,1,0.375,4325376,131072,,,,,,,,,,2026-04-18 22:26:47.
0,21/44,14/47,Contraction_l_Ailk_Bjlk_Cijk_Dijk,"(32,4096,1,1024)",Cijk_Ailk_Bjlk_F8F8S_BH_GB_MT64x64x32_MI16x16x16x1_SN_GLVWA16_GLVWB16_GRVW16_K1_SS0_SVW4_WSGRA0_WSGRB0,NO_CHECK,36.04,7448.26,,0.1875,2,32,0.5,1,1,0.375,4325376,131072,,,,,,,,,,2026-04-18 22:26:47.
0,21/44,15/47,Contraction_l_Ailk_Bjlk_Cijk_Dijk,"(32,4096,1,1024)",Cijk_Ailk_Bjlk_F8F8S_BH_GB_MT64x64x32_MI16x16x16x1_SN_GLVWA4_GLVWB4_GRVW4_K1_SS0_SVW4_WSGRA1_WSGRB0,NO_CHECK,37.161,7223.58,,0.1875,2,32,0.5,1,1,0.375,4325376,131072,,,,,,,,,,2026-04-18 22:26:47.
0,21/44,16/47,Contraction_l_Ailk_Bjlk_Cijk_Dijk,"(32,4096,1,1024)",Cijk_Ailk_Bjlk_F8F8S_BH_GB_MT64x64x32_MI16x16x16x1_SN_GLVWA8_GLVWB8_GRVW8_K1_SS0_SVW4_WSGRA1_WSGRB0,NO_CHECK,45.4,5912.68,,0.1875,2,32,0.5,1,1,0.375,4325376,131072,,,,,,,,,,2026-04-18 22:26:47.
0,21/44,17/47,Contraction_l_Ailk_Bjlk_Cijk_Dijk,"(32,4096,1,1024)",Cijk_Ailk_Bjlk_F8F8S_BH_GB_MT64x64x32_MI16x16x16x1_SN_GLVWA16_GLVWB16_GRVW16_K1_SS0_SVW4_WSGRA1_WSGRB0,NO_CHECK,35.921,7472.94,,0.1875,2,32,0.5,1,1,0.375,4325376,131072,,,,,,,,,,2026-04-18 22:26:47.
0,21/44,18/47,Contraction_l_Ailk_Bjlk_Cijk_Dijk,"(32,4096,1,1024)",Cijk_Ailk_Bjlk_F8F8S_BH_GB_MT64x64x32_MI16x16x16x1_SN_GLVWA4_GLVWB4_GRVW4_K1_SS0_SVW4_WSGRA0_WSGRB1,NO_CHECK,37.56,7146.84,,0.1875,2,32,0.5,1,1,0.375,4325376,131072,,,,,,,,,,2026-04-18 22:26:47.
0,21/44,19/47,Contraction_l_Ailk_Bjlk_Cijk_Dijk,"(32,4096,1,1024)",Cijk_Ailk_Bjlk_F8F8S_BH_GB_MT64x64x32_MI16x16x16x1_SN_GLVWA8_GLVWB8_GRVW8_K1_SS0_SVW4_WSGRA0_WSGRB1,NO_CHECK,35.961,7464.63,,0.1875,2,32,0.5,1,1,0.375,4325376,131072,,,,,,,,,,2026-04-18 22:26:47.
0,21/44,20/47,Contraction_l_Ailk_Bjlk_Cijk_Dijk,"(32,4096,1,1024)",Cijk_Ailk_Bjlk_F8F8S_BH_GB_MT64x64x32_MI16x16x16x1_SN_GLVWA16_GLVWB16_GRVW16_K1_SS0_SVW4_WSGRA0_WSGRB1,NO_CHECK,36.36,7382.71,,0.1875,2,32,0.5,1,1,0.375,4325376,131072,,,,,,,,,,2026-04-18 22:26:47.
0,21/44,21/47,Contraction_l_Ailk_Bjlk_Cijk_Dijk,"(32,4096,1,1024)",Cijk_Ailk_Bjlk_F8F8S_BH_GB_MT64x64x32_MI16x16x16x1_SN_GLVWA4_GLVWB4_GRVW4_K1_SS0_SVW4_WSGRA1_WSGRB1,NO_CHECK,36.761,7302.18,,0.1875,2,32,0.5,1,1,0.375,4325376,131072,,,,,,,,,,2026-04-18 22:26:47.
0,21/44,22/47,Contraction_l_Ailk_Bjlk_Cijk_Dijk,"(32,4096,1,1024)",Cijk_Ailk_Bjlk_F8F8S_BH_GB_MT64x64x32_MI16x16x16x1_SN_GLVWA8_GLVWB8_GRVW8_K1_SS0_SVW4_WSGRA1_WSGRB1,NO_CHECK,36.48,7358.43,,0.1875,2,32,0.5,1,1,0.375,4325376,131072,,,,,,,,,,2026-04-18 22:26:47.
0,21/44,23/47,Contraction_l_Ailk_Bjlk_Cijk_Dijk,"(32,4096,1,1024)",Cijk_Ailk_Bjlk_F8F8S_BH_GB_MT64x64x32_MI16x16x16x1_SN_GLVWA16_GLVWB16_GRVW16_K1_SS0_SVW4_WSGRA1_WSGRB1,NO_CHECK,36.521,7350.17,,0.1875,2,32,0.5,1,1,0.375,4325376,131072,,,,,,,,,,2026-04-18 22:26:47.
0,21/44,24/47,Contraction_l_Ailk_Bjlk_Cijk_Dijk,"(32,4096,1,1024)",Cijk_Ailk_Bjlk_F8F8S_BH_GB_MT64x64x16_MI16x16x16x1_SN_GLVWA4_GLVWB4_GRVW4_K1_SS1_SVW1_WSGRA0_WSGRB0,NO_CHECK,42.2,6361.03,,0.1875,2,32,0.5,1,1,0.375,4325376,131072,,,,,,,,,,2026-04-18 22:26:47.
0,21/44,25/47,Contraction_l_Ailk_Bjlk_Cijk_Dijk,"(32,4096,1,1024)",Cijk_Ailk_Bjlk_F8F8S_BH_GB_MT64x64x16_MI16x16x16x1_SN_GLVWA8_GLVWB8_GRVW8_K1_SS1_SVW1_WSGRA0_WSGRB0,NO_CHECK,42.52,6313.16,,0.1875,2,32,0.5,1,1,0.375,4325376,131072,,,,,,,,,,2026-04-18 22:26:47.
0,21/44,26/47,Contraction_l_Ailk_Bjlk_Cijk_Dijk,"(32,4096,1,1024)",Cijk_Ailk_Bjlk_F8F8S_BH_GB_MT64x64x16_MI16x16x16x1_SN_GLVWA16_GLVWB16_GRVW16_K1_SS1_SVW1_WSGRA0_WSGRB0,NO_CHECK,43.441,6179.31,,0.1875,2,32,0.5,1,1,0.375,4325376,131072,,,,,,,,,,2026-04-18 22:26:47.
0,21/44,27/47,Contraction_l_Ailk_Bjlk_Cijk_Dijk,"(32,4096,1,1024)",Cijk_Ailk_Bjlk_F8F8S_BH_GB_MT64x64x16_MI16x16x16x1_SN_GLVWA4_GLVWB4_GRVW4_K1_SS1_SVW1_WSGRA1_WSGRB0,NO_CHECK,43.16,6219.54,,0.1875,2,32,0.5,1,1,0.375,4325376,131072,,,,,,,,,,2026-04-18 22:26:47.
0,21/44,28/47,Contraction_l_Ailk_Bjlk_Cijk_Dijk,"(32,4096,1,1024)",Cijk_Ailk_Bjlk_F8F8S_BH_GB_MT64x64x16_MI16x16x16x1_SN_GLVWA8_GLVWB8_GRVW8_K1_SS1_SVW1_WSGRA1_WSGRB0,NO_CHECK,41.761,6427.9,,0.1875,2,32,0.5,1,1,0.375,4325376,131072,,,,,,,,,,2026-04-18 22:26:47.
0,21/44,29/47,Contraction_l_Ailk_Bjlk_Cijk_Dijk,"(32,4096,1,1024)",Cijk_Ailk_Bjlk_F8F8S_BH_GB_MT64x64x16_MI16x16x16x1_SN_GLVWA16_GLVWB16_GRVW16_K1_SS1_SVW1_WSGRA1_WSGRB0,NO_CHECK,42.96,6248.5,,0.1875,2,32,0.5,1,1,0.375,4325376,131072,,,,,,,,,,2026-04-18 22:26:47.
0,21/44,30/47,Contraction_l_Ailk_Bjlk_Cijk_Dijk,"(32,4096,1,1024)",Cijk_Ailk_Bjlk_F8F8S_BH_GB_MT64x64x16_MI16x16x16x1_SN_GLVWA4_GLVWB4_GRVW4_K1_SS1_SVW1_WSGRA0_WSGRB1,NO_CHECK,42.281,6348.84,,0.1875,2,32,0.5,1,1,0.375,4325376,131072,,,,,,,,,,2026-04-18 22:26:47.
0,21/44,31/47,Contraction_l_Ailk_Bjlk_Cijk_Dijk,"(32,4096,1,1024)",Cijk_Ailk_Bjlk_F8F8S_BH_GB_MT64x64x16_MI16x16x16x1_SN_GLVWA8_GLVWB8_GRVW8_K1_SS1_SVW1_WSGRA0_WSGRB1,NO_CHECK,42.64,6295.39,,0.1875,2,32,0.5,1,1,0.375,4325376,131072,,,,,,,,,,2026-04-18 22:26:47.
0,21/44,32/47,Contraction_l_Ailk_Bjlk_Cijk_Dijk,"(32,4096,1,1024)",Cijk_Ailk_Bjlk_F8F8S_BH_GB_MT64x64x16_MI16x16x16x1_SN_GLVWA16_GLVWB16_GRVW16_K1_SS1_SVW1_WSGRA0_WSGRB1,NO_CHECK,50.64,5300.86,,0.1875,2,32,0.5,1,1,0.375,4325376,131072,,,,,,,,,,2026-04-18 22:26:47.
0,21/44,33/47,Contraction_l_Ailk_Bjlk_Cijk_Dijk,"(32,4096,1,1024)",Cijk_Ailk_Bjlk_F8F8S_BH_GB_MT64x64x16_MI16x16x16x1_SN_GLVWA4_GLVWB4_GRVW4_K1_SS1_SVW1_WSGRA1_WSGRB1,NO_CHECK,43.241,6207.89,,0.1875,2,32,0.5,1,1,0.375,4325376,131072,,,,,,,,,,2026-04-18 22:26:47.
0,21/44,34/47,Contraction_l_Ailk_Bjlk_Cijk_Dijk,"(32,4096,1,1024)",Cijk_Ailk_Bjlk_F8F8S_BH_GB_MT64x64x16_MI16x16x16x1_SN_GLVWA8_GLVWB8_GRVW8_K1_SS1_SVW1_WSGRA1_WSGRB1,NO_CHECK,41.96,6397.41,,0.1875,2,32,0.5,1,1,0.375,4325376,131072,,,,,,,,,,2026-04-18 22:26:47.
0,21/44,35/47,Contraction_l_Ailk_Bjlk_Cijk_Dijk,"(32,4096,1,1024)",Cijk_Ailk_Bjlk_F8F8S_BH_GB_MT64x64x16_MI16x16x16x1_SN_GLVWA16_GLVWB16_GRVW16_K1_SS1_SVW1_WSGRA1_WSGRB1,NO_CHECK,43.72,6139.88,,0.1875,2,32,0.5,1,1,0.375,4325376,131072,,,,,,,,,,2026-04-18 22:26:47.
0,21/44,36/47,Contraction_l_Ailk_Bjlk_Cijk_Dijk,"(32,4096,1,1024)",Cijk_Ailk_Bjlk_F8F8S_BH_GB_MT64x64x32_MI16x16x16x1_SN_GLVWA4_GLVWB4_GRVW4_K1_SS1_SVW1_WSGRA0_WSGRB0,NO_CHECK,37.44,7169.75,,0.1875,2,32,0.5,1,1,0.375,4325376,131072,,,,,,,,,,2026-04-18 22:26:47.
0,21/44,37/47,Contraction_l_Ailk_Bjlk_Cijk_Dijk,"(32,4096,1,1024)",Cijk_Ailk_Bjlk_F8F8S_BH_GB_MT64x64x32_MI16x16x16x1_SN_GLVWA8_GLVWB8_GRVW8_K1_SS1_SVW1_WSGRA0_WSGRB0,NO_CHECK,37.12,7231.56,,0.1875,2,32,0.5,1,1,0.375,4325376,131072,,,,,,,,,,2026-04-18 22:26:47.
0,21/44,38/47,Contraction_l_Ailk_Bjlk_Cijk_Dijk,"(32,4096,1,1024)",Cijk_Ailk_Bjlk_F8F8S_BH_GB_MT64x64x32_MI16x16x16x1_SN_GLVWA16_GLVWB16_GRVW16_K1_SS1_SVW1_WSGRA0_WSGRB0,NO_CHECK,36.12,7431.77,,0.1875,2,32,0.5,1,1,0.375,4325376,131072,,,,,,,,,,2026-04-18 22:26:47.
0,21/44,39/47,Contraction_l_Ailk_Bjlk_Cijk_Dijk,"(32,4096,1,1024)",Cijk_Ailk_Bjlk_F8F8S_BH_GB_MT64x64x32_MI16x16x16x1_SN_GLVWA4_GLVWB4_GRVW4_K1_SS1_SVW1_WSGRA1_WSGRB0,NO_CHECK,47.681,5629.82,,0.1875,2,32,0.5,1,1,0.375,4325376,131072,,,,,,,,,,2026-04-18 22:26:47.
0,21/44,40/47,Contraction_l_Ailk_Bjlk_Cijk_Dijk,"(32,4096,1,1024)",Cijk_Ailk_Bjlk_F8F8S_BH_GB_MT64x64x32_MI16x16x16x1_SN_GLVWA8_GLVWB8_GRVW8_K1_SS1_SVW1_WSGRA1_WSGRB0,NO_CHECK,37.28,7200.52,,0.1875,2,32,0.5,1,1,0.375,4325376,131072,,,,,,,,,,2026-04-18 22:26:47.
0,21/44,41/47,Contraction_l_Ailk_Bjlk_Cijk_Dijk,"(32,4096,1,1024)",Cijk_Ailk_Bjlk_F8F8S_BH_GB_MT64x64x32_MI16x16x16x1_SN_GLVWA16_GLVWB16_GRVW16_K1_SS1_SVW1_WSGRA1_WSGRB0,NO_CHECK,36.321,7390.64,,0.1875,2,32,0.5,1,1,0.375,4325376,131072,,,,,,,,,,2026-04-18 22:26:47.
0,21/44,42/47,Contraction_l_Ailk_Bjlk_Cijk_Dijk,"(32,4096,1,1024)",Cijk_Ailk_Bjlk_F8F8S_BH_GB_MT64x64x32_MI16x16x16x1_SN_GLVWA4_GLVWB4_GRVW4_K1_SS1_SVW1_WSGRA0_WSGRB1,NO_CHECK,38.2,7027.11,,0.1875,2,32,0.5,1,1,0.375,4325376,131072,,,,,,,,,,2026-04-18 22:26:47.
0,21/44,43/47,Contraction_l_Ailk_Bjlk_Cijk_Dijk,"(32,4096,1,1024)",Cijk_Ailk_Bjlk_F8F8S_BH_GB_MT64x64x32_MI16x16x16x1_SN_GLVWA8_GLVWB8_GRVW8_K1_SS1_SVW1_WSGRA0_WSGRB1,NO_CHECK,37.76,7108.99,,0.1875,2,32,0.5,1,1,0.375,4325376,131072,,,,,,,,,,2026-04-18 22:26:47.
0,21/44,44/47,Contraction_l_Ailk_Bjlk_Cijk_Dijk,"(32,4096,1,1024)",Cijk_Ailk_Bjlk_F8F8S_BH_GB_MT64x64x32_MI16x16x16x1_SN_GLVWA16_GLVWB16_GRVW16_K1_SS1_SVW1_WSGRA0_WSGRB1,NO_CHECK,36.2,7415.34,,0.1875,2,32,0.5,1,1,0.375,4325376,131072,,,,,,,,,,2026-04-18 22:26:47.
0,21/44,45/47,Contraction_l_Ailk_Bjlk_Cijk_Dijk,"(32,4096,1,1024)",Cijk_Ailk_Bjlk_F8F8S_BH_GB_MT64x64x32_MI16x16x16x1_SN_GLVWA4_GLVWB4_GRVW4_K1_SS1_SVW1_WSGRA1_WSGRB1,NO_CHECK,36.761,7302.18,,0.1875,2,32,0.5,1,1,0.375,4325376,131072,,,,,,,,,,2026-04-18 22:26:47.
0,21/44,46/47,Contraction_l_Ailk_Bjlk_Cijk_Dijk,"(32,4096,1,1024)",Cijk_Ailk_Bjlk_F8F8S_BH_GB_MT64x64x32_MI16x16x16x1_SN_GLVWA8_GLVWB8_GRVW8_K1_SS1_SVW1_WSGRA1_WSGRB1,NO_CHECK,36.84,7286.52,,0.1875,2,32,0.5,1,1,0.375,4325376,131072,,,,,,,,,,2026-04-18 22:26:47.
0,21/44,47/47,Contraction_l_Ailk_Bjlk_Cijk_Dijk,"(32,4096,1,1024)",Cijk_Ailk_Bjlk_F8F8S_BH_GB_MT64x64x32_MI16x16x16x1_SN_GLVWA16_GLVWB16_GRVW16_K1_SS1_SVW1_WSGRA1_WSGRB1,NO_CHECK,36.201,7415.14,,0.1875,2,32,0.5,1,1,0.375,4325376,131072,,,,,,,,,,2026-04-18 22:26:47.
0,22/44,0/47,Contraction_l_Ailk_Bjlk_Cijk_Dijk,"(32,4096,1,4096)",Cijk_Ailk_Bjlk_F8F8S_BH_GB_MT64x64x16_MI16x16x16x1_SN_GLVWA4_GLVWB4_GRVW4_K1_SS0_SVW4_WSGRA0_WSGRB0,NO_CHECK,126.401,8494.73,,0.1875,2,32,0.5,1,1,0.375,16908288,131072,,,,,,,,,,2026-04-18 22:26:47.
0,22/44,1/47,Contraction_l_Ailk_Bjlk_Cijk_Dijk,"(32,4096,1,4096)",Cijk_Ailk_Bjlk_F8F8S_BH_GB_MT64x64x16_MI16x16x16x1_SN_GLVWA8_GLVWB8_GRVW8_K1_SS0_SVW4_WSGRA0_WSGRB0,NO_CHECK,104.241,10300.6,,0.1875,2,32,0.5,1,1,0.375,16908288,131072,,,,,,,,,,2026-04-18 22:26:47.
0,22/44,2/47,Contraction_l_Ailk_Bjlk_Cijk_Dijk,"(32,4096,1,4096)",Cijk_Ailk_Bjlk_F8F8S_BH_GB_MT64x64x16_MI16x16x16x1_SN_GLVWA16_GLVWB16_GRVW16_K1_SS0_SVW4_WSGRA0_WSGRB0,NO_CHECK,104.601,10265.1,,0.1875,2,32,0.5,1,1,0.375,16908288,131072,,,,,,,,,,2026-04-18 22:26:47.
0,22/44,3/47,Contraction_l_Ailk_Bjlk_Cijk_Dijk,"(32,4096,1,4096)",Cijk_Ailk_Bjlk_F8F8S_BH_GB_MT64x64x16_MI16x16x16x1_SN_GLVWA4_GLVWB4_GRVW4_K1_SS0_SVW4_WSGRA1_WSGRB0,NO_CHECK,106.681,10065,,0.1875,2,32,0.5,1,1,0.375,16908288,131072,,,,,,,,,,2026-04-18 22:26:47.
0,22/44,4/47,Contraction_l_Ailk_Bjlk_Cijk_Dijk,"(32,4096,1,4096)",Cijk_Ailk_Bjlk_F8F8S_BH_GB_MT64x64x16_MI16x16x16x1_SN_GLVWA8_GLVWB8_GRVW8_K1_SS0_SVW4_WSGRA1_WSGRB0,NO_CHECK,104.481,10276.9,,0.1875,2,32,0.5,1,1,0.375,16908288,131072,,,,,,,,,,2026-04-18 22:26:47.
0,22/44,5/47,Contraction_l_Ailk_Bjlk_Cijk_Dijk,"(32,4096,1,4096)",Cijk_Ailk_Bjlk_F8F8S_BH_GB_MT64x64x16_MI16x16x16x1_SN_GLVWA16_GLVWB16_GRVW16_K1_SS0_SVW4_WSGRA1_WSGRB0,NO_CHECK,106.2,10110.6,,0.1875,2,32,0.5,1,1,0.375,16908288,131072,,,,,,,,,,2026-04-18 22:26:47.
0,22/44,6/47,Contraction_l_Ailk_Bjlk_Cijk_Dijk,"(32,4096,1,4096)",Cijk_Ailk_Bjlk_F8F8S_BH_GB_MT64x64x16_MI16x16x16x1_SN_GLVWA4_GLVWB4_GRVW4_K1_SS0_SVW4_WSGRA0_WSGRB1,NO_CHECK,106.36,10095.4,,0.1875,2,32,0.5,1,1,0.375,16908288,131072,,,,,,,,,,2026-04-18 22:26:47.
0,22/44,7/47,Contraction_l_Ailk_Bjlk_Cijk_Dijk,"(32,4096,1,4096)",Cijk_Ailk_Bjlk_F8F8S_BH_GB_MT64x64x16_MI16x16x16x1_SN_GLVWA8_GLVWB8_GRVW8_K1_SS0_SVW4_WSGRA0_WSGRB1,NO_CHECK,104.4,10284.9,,0.1875,2,32,0.5,1,1,0.375,16908288,131072,,,,,,,,,,2026-04-18 22:26:47.
0,22/44,8/47,Contraction_l_Ailk_Bjlk_Cijk_Dijk,"(32,4096,1,4096)",Cijk_Ailk_Bjlk_F8F8S_BH_GB_MT64x64x16_MI16x16x16x1_SN_GLVWA16_GLVWB16_GRVW16_K1_SS0_SVW4_WSGRA0_WSGRB1,NO_CHECK,105.801,10148.7,,0.1875,2,32,0.5,1,1,0.375,16908288,131072,,,,,,,,,,2026-04-18 22:26:47.
0,22/44,9/47,Contraction_l_Ailk_Bjlk_Cijk_Dijk,"(32,4096,1,4096)",Cijk_Ailk_Bjlk_F8F8S_BH_GB_MT64x64x16_MI16x16x16x1_SN_GLVWA4_GLVWB4_GRVW4_K1_SS0_SVW4_WSGRA1_WSGRB1,NO_CHECK,104.92,10233.9,,0.1875,2,32,0.5,1,1,0.375,16908288,131072,,,,,,,,,,2026-04-18 22:26:47.
0,22/44,10/47,Contraction_l_Ailk_Bjlk_Cijk_Dijk,"(32,4096,1,4096)",Cijk_Ailk_Bjlk_F8F8S_BH_GB_MT64x64x16_MI16x16x16x1_SN_GLVWA8_GLVWB8_GRVW8_K1_SS0_SVW4_WSGRA1_WSGRB1,NO_CHECK,103.84,10340.3,,0.1875,2,32,0.5,1,1,0.375,16908288,131072,,,,,,,,,,2026-04-18 22:26:47.
0,22/44,11/47,Contraction_l_Ailk_Bjlk_Cijk_Dijk,"(32,4096,1,4096)",Cijk_Ailk_Bjlk_F8F8S_BH_GB_MT64x64x16_MI16x16x16x1_SN_GLVWA16_GLVWB16_GRVW16_K1_SS0_SVW4_WSGRA1_WSGRB1,NO_CHECK,104.561,10269,,0.1875,2,32,0.5,1,1,0.375,16908288,131072,,,,,,,,,,2026-04-18 22:26:47.
0,22/44,12/47,Contraction_l_Ailk_Bjlk_Cijk_Dijk,"(32,4096,1,4096)",Cijk_Ailk_Bjlk_F8F8S_BH_GB_MT64x64x32_MI16x16x16x1_SN_GLVWA4_GLVWB4_GRVW4_K1_SS0_SVW4_WSGRA0_WSGRB0,NO_CHECK,80.52,13335.1,,0.1875,2,32,0.5,1,1,0.375,16908288,131072,,,,,,,,,,2026-04-18 22:26:47.
0,22/44,13/47,Contraction_l_Ailk_Bjlk_Cijk_Dijk,"(32,4096,1,4096)",Cijk_Ailk_Bjlk_F8F8S_BH_GB_MT64x64x32_MI16x16x16x1_SN_GLVWA8_GLVWB8_GRVW8_K1_SS0_SVW4_WSGRA0_WSGRB0,NO_CHECK,78.4,13695.7,,0.1875,2,32,0.5,1,1,0.375,16908288,131072,,,,,,,,,,2026-04-18 22:26:47.
0,22/44,14/47,Contraction_l_Ailk_Bjlk_Cijk_Dijk,"(32,4096,1,4096)",Cijk_Ailk_Bjlk_F8F8S_BH_GB_MT64x64x32_MI16x16x16x1_SN_GLVWA16_GLVWB16_GRVW16_K1_SS0_SVW4_WSGRA0_WSGRB0,NO_CHECK,78.12,13744.8,,0.1875,2,32,0.5,1,1,0.375,16908288,131072,,,,,,,,,,2026-04-18 22:26:47.
0,22/44,15/47,Contraction_l_Ailk_Bjlk_Cijk_Dijk,"(32,4096,1,4096)",Cijk_Ailk_Bjlk_F8F8S_BH_GB_MT64x64x32_MI16x16x16x1_SN_GLVWA4_GLVWB4_GRVW4_K1_SS0_SVW4_WSGRA1_WSGRB0,NO_CHECK,80.68,13308.6,,0.1875,2,32,0.5,1,1,0.375,16908288,131072,,,,,,,,,,2026-04-18 22:26:47.
0,22/44,16/47,Contraction_l_Ailk_Bjlk_Cijk_Dijk,"(32,4096,1,4096)",Cijk_Ailk_Bjlk_F8F8S_BH_GB_MT64x64x32_MI16x16x16x1_SN_GLVWA8_GLVWB8_GRVW8_K1_SS0_SVW4_WSGRA1_WSGRB0,NO_CHECK,86.64,12393.1,,0.1875,2,32,0.5,1,1,0.375,16908288,131072,,,,,,,,,,2026-04-18 22:26:47.
0,22/44,17/47,Contraction_l_Ailk_Bjlk_Cijk_Dijk,"(32,4096,1,4096)",Cijk_Ailk_Bjlk_F8F8S_BH_GB_MT64x64x32_MI16x16x16x1_SN_GLVWA16_GLVWB16_GRVW16_K1_SS0_SVW4_WSGRA1_WSGRB0,NO_CHECK,77.96,13773,,0.1875,2,32,0.5,1,1,0.375,16908288,131072,,,,,,,,,,2026-04-18 22:26:47.
0,22/44,18/47,Contraction_l_Ailk_Bjlk_Cijk_Dijk,"(32,4096,1,4096)",Cijk_Ailk_Bjlk_F8F8S_BH_GB_MT64x64x32_MI16x16x16x1_SN_GLVWA4_GLVWB4_GRVW4_K1_SS0_SVW4_WSGRA0_WSGRB1,NO_CHECK,80.56,13328.5,,0.1875,2,32,0.5,1,1,0.375,16908288,131072,,,,,,,,,,2026-04-18 22:26:47.
0,22/44,19/47,Contraction_l_Ailk_Bjlk_Cijk_Dijk,"(32,4096,1,4096)",Cijk_Ailk_Bjlk_F8F8S_BH_GB_MT64x64x32_MI16x16x16x1_SN_GLVWA8_GLVWB8_GRVW8_K1_SS0_SVW4_WSGRA0_WSGRB1,NO_CHECK,78.52,13674.8,,0.1875,2,32,0.5,1,1,0.375,16908288,131072,,,,,,,,,,2026-04-18 22:26:47.
0,22/44,20/47,Contraction_l_Ailk_Bjlk_Cijk_Dijk,"(32,4096,1,4096)",Cijk_Ailk_Bjlk_F8F8S_BH_GB_MT64x64x32_MI16x16x16x1_SN_GLVWA16_GLVWB16_GRVW16_K1_SS0_SVW4_WSGRA0_WSGRB1,NO_CHECK,78.36,13702.7,,0.1875,2,32,0.5,1,1,0.375,16908288,131072,,,,,,,,,,2026-04-18 22:26:47.
0,22/44,21/47,Contraction_l_Ailk_Bjlk_Cijk_Dijk,"(32,4096,1,4096)",Cijk_Ailk_Bjlk_F8F8S_BH_GB_MT64x64x32_MI16x16x16x1_SN_GLVWA4_GLVWB4_GRVW4_K1_SS0_SVW4_WSGRA1_WSGRB1,NO_CHECK,81.28,13210.4,,0.1875,2,32,0.5,1,1,0.375,16908288,131072,,,,,,,,,,2026-04-18 22:26:47.
0,22/44,22/47,Contraction_l_Ailk_Bjlk_Cijk_Dijk,"(32,4096,1,4096)",Cijk_Ailk_Bjlk_F8F8S_BH_GB_MT64x64x32_MI16x16x16x1_SN_GLVWA8_GLVWB8_GRVW8_K1_SS0_SVW4_WSGRA1_WSGRB1,NO_CHECK,78.601,13660.7,,0.1875,2,32,0.5,1,1,0.375,16908288,131072,,,,,,,,,,2026-04-18 22:26:47.
0,22/44,23/47,Contraction_l_Ailk_Bjlk_Cijk_Dijk,"(32,4096,1,4096)",Cijk_Ailk_Bjlk_F8F8S_BH_GB_MT64x64x32_MI16x16x16x1_SN_GLVWA16_GLVWB16_GRVW16_K1_SS0_SVW4_WSGRA1_WSGRB1,NO_CHECK,78.721,13639.8,,0.1875,2,32,0.5,1,1,0.375,16908288,131072,,,,,,,,,,2026-04-18 22:26:47.
0,22/44,24/47,Contraction_l_Ailk_Bjlk_Cijk_Dijk,"(32,4096,1,4096)",Cijk_Ailk_Bjlk_F8F8S_BH_GB_MT64x64x16_MI16x16x16x1_SN_GLVWA4_GLVWB4_GRVW4_K1_SS1_SVW1_WSGRA0_WSGRB0,NO_CHECK,106.041,10125.7,,0.1875,2,32,0.5,1,1,0.375,16908288,131072,,,,,,,,,,2026-04-18 22:26:47.
0,22/44,25/47,Contraction_l_Ailk_Bjlk_Cijk_Dijk,"(32,4096,1,4096)",Cijk_Ailk_Bjlk_F8F8S_BH_GB_MT64x64x16_MI16x16x16x1_SN_GLVWA8_GLVWB8_GRVW8_K1_SS1_SVW1_WSGRA0_WSGRB0,NO_CHECK,103.04,10420.6,,0.1875,2,32,0.5,1,1,0.375,16908288,131072,,,,,,,,,,2026-04-18 22:26:47.
0,22/44,26/47,Contraction_l_Ailk_Bjlk_Cijk_Dijk,"(32,4096,1,4096)",Cijk_Ailk_Bjlk_F8F8S_BH_GB_MT64x64x16_MI16x16x16x1_SN_GLVWA16_GLVWB16_GRVW16_K1_SS1_SVW1_WSGRA0_WSGRB0,NO_CHECK,105.681,10160.2,,0.1875,2,32,0.5,1,1,0.375,16908288,131072,,,,,,,,,,2026-04-18 22:26:47.
0,22/44,27/47,Contraction_l_Ailk_Bjlk_Cijk_Dijk,"(32,4096,1,4096)",Cijk_Ailk_Bjlk_F8F8S_BH_GB_MT64x64x16_MI16x16x16x1_SN_GLVWA4_GLVWB4_GRVW4_K1_SS1_SVW1_WSGRA1_WSGRB0,NO_CHECK,106.601,10072.5,,0.1875,2,32,0.5,1,1,0.375,16908288,131072,,,,,,,,,,2026-04-18 22:26:47.
0,22/44,28/47,Contraction_l_Ailk_Bjlk_Cijk_Dijk,"(32,4096,1,4096)",Cijk_Ailk_Bjlk_F8F8S_BH_GB_MT64x64x16_MI16x16x16x1_SN_GLVWA8_GLVWB8_GRVW8_K1_SS1_SVW1_WSGRA1_WSGRB0,NO_CHECK,104.721,10253.4,,0.1875,2,32,0.5,1,1,0.375,16908288,131072,,,,,,,,,,2026-04-18 22:26:47.
0,22/44,29/47,Contraction_l_Ailk_Bjlk_Cijk_Dijk,"(32,4096,1,4096)",Cijk_Ailk_Bjlk_F8F8S_BH_GB_MT64x64x16_MI16x16x16x1_SN_GLVWA16_GLVWB16_GRVW16_K1_SS1_SVW1_WSGRA1_WSGRB0,NO_CHECK,104.92,10233.9,,0.1875,2,32,0.5,1,1,0.375,16908288,131072,,,,,,,,,,2026-04-18 22:26:47.
0,22/44,30/47,Contraction_l_Ailk_Bjlk_Cijk_Dijk,"(32,4096,1,4096)",Cijk_Ailk_Bjlk_F8F8S_BH_GB_MT64x64x16_MI16x16x16x1_SN_GLVWA4_GLVWB4_GRVW4_K1_SS1_SVW1_WSGRA0_WSGRB1,NO_CHECK,106.08,10122,,0.1875,2,32,0.5,1,1,0.375,16908288,131072,,,,,,,,,,2026-04-18 22:26:47.
0,22/44,31/47,Contraction_l_Ailk_Bjlk_Cijk_Dijk,"(32,4096,1,4096)",Cijk_Ailk_Bjlk_F8F8S_BH_GB_MT64x64x16_MI16x16x16x1_SN_GLVWA8_GLVWB8_GRVW8_K1_SS1_SVW1_WSGRA0_WSGRB1,NO_CHECK,103.48,10376.3,,0.1875,2,32,0.5,1,1,0.375,16908288,131072,,,,,,,,,,2026-04-18 22:26:47.
0,22/44,32/47,Contraction_l_Ailk_Bjlk_Cijk_Dijk,"(32,4096,1,4096)",Cijk_Ailk_Bjlk_F8F8S_BH_GB_MT64x64x16_MI16x16x16x1_SN_GLVWA16_GLVWB16_GRVW16_K1_SS1_SVW1_WSGRA0_WSGRB1,NO_CHECK,104.04,10320.5,,0.1875,2,32,0.5,1,1,0.375,16908288,131072,,,,,,,,,,2026-04-18 22:26:47.
0,22/44,33/47,Contraction_l_Ailk_Bjlk_Cijk_Dijk,"(32,4096,1,4096)",Cijk_Ailk_Bjlk_F8F8S_BH_GB_MT64x64x16_MI16x16x16x1_SN_GLVWA4_GLVWB4_GRVW4_K1_SS1_SVW1_WSGRA1_WSGRB1,NO_CHECK,107.321,10005,,0.1875,2,32,0.5,1,1,0.375,16908288,131072,,,,,,,,,,2026-04-18 22:26:47.
0,22/44,34/47,Contraction_l_Ailk_Bjlk_Cijk_Dijk,"(32,4096,1,4096)",Cijk_Ailk_Bjlk_F8F8S_BH_GB_MT64x64x16_MI16x16x16x1_SN_GLVWA8_GLVWB8_GRVW8_K1_SS1_SVW1_WSGRA1_WSGRB1,NO_CHECK,104.24,10300.7,,0.1875,2,32,0.5,1,1,0.375,16908288,131072,,,,,,,,,,2026-04-18 22:26:47.
0,22/44,35/47,Contraction_l_Ailk_Bjlk_Cijk_Dijk,"(32,4096,1,4096)",Cijk_Ailk_Bjlk_F8F8S_BH_GB_MT64x64x16_MI16x16x16x1_SN_GLVWA16_GLVWB16_GRVW16_K1_SS1_SVW1_WSGRA1_WSGRB1,NO_CHECK,103.64,10360.3,,0.1875,2,32,0.5,1,1,0.375,16908288,131072,,,,,,,,,,2026-04-18 22:26:47.
0,22/44,36/47,Contraction_l_Ailk_Bjlk_Cijk_Dijk,"(32,4096,1,4096)",Cijk_Ailk_Bjlk_F8F8S_BH_GB_MT64x64x32_MI16x16x16x1_SN_GLVWA4_GLVWB4_GRVW4_K1_SS1_SVW1_WSGRA0_WSGRB0,NO_CHECK,81.8,13126.4,,0.1875,2,32,0.5,1,1,0.375,16908288,131072,,,,,,,,,,2026-04-18 22:26:47.
0,22/44,37/47,Contraction_l_Ailk_Bjlk_Cijk_Dijk,"(32,4096,1,4096)",Cijk_Ailk_Bjlk_F8F8S_BH_GB_MT64x64x32_MI16x16x16x1_SN_GLVWA8_GLVWB8_GRVW8_K1_SS1_SVW1_WSGRA0_WSGRB0,NO_CHECK,78.72,13640,,0.1875,2,32,0.5,1,1,0.375,16908288,131072,,,,,,,,,,2026-04-18 22:26:47.
0,22/44,38/47,Contraction_l_Ailk_Bjlk_Cijk_Dijk,"(32,4096,1,4096)",Cijk_Ailk_Bjlk_F8F8S_BH_GB_MT64x64x32_MI16x16x16x1_SN_GLVWA16_GLVWB16_GRVW16_K1_SS1_SVW1_WSGRA0_WSGRB0,NO_CHECK,78.56,13667.8,,0.1875,2,32,0.5,1,1,0.375,16908288,131072,,,,,,,,,,2026-04-18 22:26:47.
0,22/44,39/47,Contraction_l_Ailk_Bjlk_Cijk_Dijk,"(32,4096,1,4096)",Cijk_Ailk_Bjlk_F8F8S_BH_GB_MT64x64x32_MI16x16x16x1_SN_GLVWA4_GLVWB4_GRVW4_K1_SS1_SVW1_WSGRA1_WSGRB0,NO_CHECK,81.121,13236.3,,0.1875,2,32,0.5,1,1,0.375,16908288,131072,,,,,,,,,,2026-04-18 22:26:47.
0,22/44,40/47,Contraction_l_Ailk_Bjlk_Cijk_Dijk,"(32,4096,1,4096)",Cijk_Ailk_Bjlk_F8F8S_BH_GB_MT64x64x32_MI16x16x16x1_SN_GLVWA8_GLVWB8_GRVW8_K1_SS1_SVW1_WSGRA1_WSGRB0,NO_CHECK,78.041,13758.7,,0.1875,2,32,0.5,1,1,0.375,16908288,131072,,,,,,,,,,2026-04-18 22:26:47.
0,22/44,41/47,Contraction_l_Ailk_Bjlk_Cijk_Dijk,"(32,4096,1,4096)",Cijk_Ailk_Bjlk_F8F8S_BH_GB_MT64x64x32_MI16x16x16x1_SN_GLVWA16_GLVWB16_GRVW16_K1_SS1_SVW1_WSGRA1_WSGRB0,NO_CHECK,78.401,13695.5,,0.1875,2,32,0.5,1,1,0.375,16908288,131072,,,,,,,,,,2026-04-18 22:26:47.
0,22/44,42/47,Contraction_l_Ailk_Bjlk_Cijk_Dijk,"(32,4096,1,4096)",Cijk_Ailk_Bjlk_F8F8S_BH_GB_MT64x64x32_MI16x16x16x1_SN_GLVWA4_GLVWB4_GRVW4_K1_SS1_SVW1_WSGRA0_WSGRB1,NO_CHECK,81.521,13171.4,,0.1875,2,32,0.5,1,1,0.375,16908288,131072,,,,,,,,,,2026-04-18 22:26:47.
0,22/44,43/47,Contraction_l_Ailk_Bjlk_Cijk_Dijk,"(32,4096,1,4096)",Cijk_Ailk_Bjlk_F8F8S_BH_GB_MT64x64x32_MI16x16x16x1_SN_GLVWA8_GLVWB8_GRVW8_K1_SS1_SVW1_WSGRA0_WSGRB1,NO_CHECK,78.401,13695.5,,0.1875,2,32,0.5,1,1,0.375,16908288,131072,,,,,,,,,,2026-04-18 22:26:47.
0,22/44,44/47,Contraction_l_Ailk_Bjlk_Cijk_Dijk,"(32,4096,1,4096)",Cijk_Ailk_Bjlk_F8F8S_BH_GB_MT64x64x32_MI16x16x16x1_SN_GLVWA16_GLVWB16_GRVW16_K1_SS1_SVW1_WSGRA0_WSGRB1,NO_CHECK,78.161,13737.6,,0.1875,2,32,0.5,1,1,0.375,16908288,131072,,,,,,,,,,2026-04-18 22:26:47.
0,22/44,45/47,Contraction_l_Ailk_Bjlk_Cijk_Dijk,"(32,4096,1,4096)",Cijk_Ailk_Bjlk_F8F8S_BH_GB_MT64x64x32_MI16x16x16x1_SN_GLVWA4_GLVWB4_GRVW4_K1_SS1_SVW1_WSGRA1_WSGRB1,NO_CHECK,81.481,13177.8,,0.1875,2,32,0.5,1,1,0.375,16908288,131072,,,,,,,,,,2026-04-18 22:26:47.
0,22/44,46/47,Contraction_l_Ailk_Bjlk_Cijk_Dijk,"(32,4096,1,4096)",Cijk_Ailk_Bjlk_F8F8S_BH_GB_MT64x64x32_MI16x16x16x1_SN_GLVWA8_GLVWB8_GRVW8_K1_SS1_SVW1_WSGRA1_WSGRB1,NO_CHECK,78.961,13598.4,,0.1875,2,32,0.5,1,1,0.375,16908288,131072,,,,,,,,,,2026-04-18 22:26:47.
0,22/44,47/47,Contraction_l_Ailk_Bjlk_Cijk_Dijk,"(32,4096,1,4096)",Cijk_Ailk_Bjlk_F8F8S_BH_GB_MT64x64x32_MI16x16x16x1_SN_GLVWA16_GLVWB16_GRVW16_K1_SS1_SVW1_WSGRA1_WSGRB1,NO_CHECK,78.441,13688.5,,0.1875,2,32,0.5,1,1,0.375,16908288,131072,,,,,,,,,,2026-04-18 22:26:47.
0,23/44,0/47,Contraction_l_Ailk_Bjlk_Cijk_Dijk,"(32,4096,1,8192)",Cijk_Ailk_Bjlk_F8F8S_BH_GB_MT64x64x16_MI16x16x16x1_SN_GLVWA4_GLVWB4_GRVW4_K1_SS0_SVW4_WSGRA0_WSGRB0,NO_CHECK,245.642,8742.33,,0.1875,2,32,0.5,1,1,0.375,33685504,131072,,,,,,,,,,2026-04-18 22:26:47.
0,23/44,1/47,Contraction_l_Ailk_Bjlk_Cijk_Dijk,"(32,4096,1,8192)",Cijk_Ailk_Bjlk_F8F8S_BH_GB_MT64x64x16_MI16x16x16x1_SN_GLVWA8_GLVWB8_GRVW8_K1_SS0_SVW4_WSGRA0_WSGRB0,NO_CHECK,210.202,10216.3,,0.1875,2,32,0.5,1,1,0.375,33685504,131072,,,,,,,,,,2026-04-18 22:26:47.
0,23/44,2/47,Contraction_l_Ailk_Bjlk_Cijk_Dijk,"(32,4096,1,8192)",Cijk_Ailk_Bjlk_F8F8S_BH_GB_MT64x64x16_MI16x16x16x1_SN_GLVWA16_GLVWB16_GRVW16_K1_SS0_SVW4_WSGRA0_WSGRB0,NO_CHECK,191.202,11231.5,,0.1875,2,32,0.5,1,1,0.375,33685504,131072,,,,,,,,,,2026-04-18 22:26:47.
0,23/44,3/47,Contraction_l_Ailk_Bjlk_Cijk_Dijk,"(32,4096,1,8192)",Cijk_Ailk_Bjlk_F8F8S_BH_GB_MT64x64x16_MI16x16x16x1_SN_GLVWA4_GLVWB4_GRVW4_K1_SS0_SVW4_WSGRA1_WSGRB0,NO_CHECK,198.682,10808.6,,0.1875,2,32,0.5,1,1,0.375,33685504,131072,,,,,,,,,,2026-04-18 22:26:47.
0,23/44,4/47,Contraction_l_Ailk_Bjlk_Cijk_Dijk,"(32,4096,1,8192)",Cijk_Ailk_Bjlk_F8F8S_BH_GB_MT64x64x16_MI16x16x16x1_SN_GLVWA8_GLVWB8_GRVW8_K1_SS0_SVW4_WSGRA1_WSGRB0,NO_CHECK,189.242,11347.8,,0.1875,2,32,0.5,1,1,0.375,33685504,131072,,,,,,,,,,2026-04-18 22:26:47.
0,23/44,5/47,Contraction_l_Ailk_Bjlk_Cijk_Dijk,"(32,4096,1,8192)",Cijk_Ailk_Bjlk_F8F8S_BH_GB_MT64x64x16_MI16x16x16x1_SN_GLVWA16_GLVWB16_GRVW16_K1_SS0_SVW4_WSGRA1_WSGRB0,NO_CHECK,220.962,9718.79,,0.1875,2,32,0.5,1,1,0.375,33685504,131072,,,,,,,,,,2026-04-18 22:26:47.
0,23/44,6/47,Contraction_l_Ailk_Bjlk_Cijk_Dijk,"(32,4096,1,8192)",Cijk_Ailk_Bjlk_F8F8S_BH_GB_MT64x64x16_MI16x16x16x1_SN_GLVWA4_GLVWB4_GRVW4_K1_SS0_SVW4_WSGRA0_WSGRB1,NO_CHECK,205.042,10473.4,,0.1875,2,32,0.5,1,1,0.375,33685504,131072,,,,,,,,,,2026-04-18 22:26:47.
0,23/44,7/47,Contraction_l_Ailk_Bjlk_Cijk_Dijk,"(32,4096,1,8192)",Cijk_Ailk_Bjlk_F8F8S_BH_GB_MT64x64x16_MI16x16x16x1_SN_GLVWA8_GLVWB8_GRVW8_K1_SS0_SVW4_WSGRA0_WSGRB1,NO_CHECK,196.841,10909.7,,0.1875,2,32,0.5,1,1,0.375,33685504,131072,,,,,,,,,,2026-04-18 22:26:47.
0,23/44,8/47,Contraction_l_Ailk_Bjlk_Cijk_Dijk,"(32,4096,1,8192)",Cijk_Ailk_Bjlk_F8F8S_BH_GB_MT64x64x16_MI16x16x16x1_SN_GLVWA16_GLVWB16_GRVW16_K1_SS0_SVW4_WSGRA0_WSGRB1,NO_CHECK,198.561,10815.2,,0.1875,2,32,0.5,1,1,0.375,33685504,131072,,,,,,,,,,2026-04-18 22:26:47.
0,23/44,9/47,Contraction_l_Ailk_Bjlk_Cijk_Dijk,"(32,4096,1,8192)",Cijk_Ailk_Bjlk_F8F8S_BH_GB_MT64x64x16_MI16x16x16x1_SN_GLVWA4_GLVWB4_GRVW4_K1_SS0_SVW4_WSGRA1_WSGRB1,NO_CHECK,199.802,10748.1,,0.1875,2,32,0.5,1,1,0.375,33685504,131072,,,,,,,,,,2026-04-18 22:26:47.
0,23/44,10/47,Contraction_l_Ailk_Bjlk_Cijk_Dijk,"(32,4096,1,8192)",Cijk_Ailk_Bjlk_F8F8S_BH_GB_MT64x64x16_MI16x16x16x1_SN_GLVWA8_GLVWB8_GRVW8_K1_SS0_SVW4_WSGRA1_WSGRB1,NO_CHECK,196.482,10929.7,,0.1875,2,32,0.5,1,1,0.375,33685504,131072,,,,,,,,,,2026-04-18 22:26:47.
0,23/44,11/47,Contraction_l_Ailk_Bjlk_Cijk_Dijk,"(32,4096,1,8192)",Cijk_Ailk_Bjlk_F8F8S_BH_GB_MT64x64x16_MI16x16x16x1_SN_GLVWA16_GLVWB16_GRVW16_K1_SS0_SVW4_WSGRA1_WSGRB1,NO_CHECK,197.401,10878.8,,0.1875,2,32,0.5,1,1,0.375,33685504,131072,,,,,,,,,,2026-04-18 22:26:47.
0,23/44,12/47,Contraction_l_Ailk_Bjlk_Cijk_Dijk,"(32,4096,1,8192)",Cijk_Ailk_Bjlk_F8F8S_BH_GB_MT64x64x32_MI16x16x16x1_SN_GLVWA4_GLVWB4_GRVW4_K1_SS0_SVW4_WSGRA0_WSGRB0,NO_CHECK,147.601,14549.2,,0.1875,2,32,0.5,1,1,0.375,33685504,131072,,,,,,,,,,2026-04-18 22:26:47.
0,23/44,13/47,Contraction_l_Ailk_Bjlk_Cijk_Dijk,"(32,4096,1,8192)",Cijk_Ailk_Bjlk_F8F8S_BH_GB_MT64x64x32_MI16x16x16x1_SN_GLVWA8_GLVWB8_GRVW8_K1_SS0_SVW4_WSGRA0_WSGRB0,NO_CHECK,145.602,14749,,0.1875,2,32,0.5,1,1,0.375,33685504,131072,,,,,,,,,,2026-04-18 22:26:47.
0,23/44,14/47,Contraction_l_Ailk_Bjlk_Cijk_Dijk,"(32,4096,1,8192)",Cijk_Ailk_Bjlk_F8F8S_BH_GB_MT64x64x32_MI16x16x16x1_SN_GLVWA16_GLVWB16_GRVW16_K1_SS0_SVW4_WSGRA0_WSGRB0,NO_CHECK,139.521,15391.8,,0.1875,2,32,0.5,1,1,0.375,33685504,131072,,,,,,,,,,2026-04-18 22:26:47.
0,23/44,15/47,Contraction_l_Ailk_Bjlk_Cijk_Dijk,"(32,4096,1,8192)",Cijk_Ailk_Bjlk_F8F8S_BH_GB_MT64x64x32_MI16x16x16x1_SN_GLVWA4_GLVWB4_GRVW4_K1_SS0_SVW4_WSGRA1_WSGRB0,NO_CHECK,146.281,14680.5,,0.1875,2,32,0.5,1,1,0.375,33685504,131072,,,,,,,,,,2026-04-18 22:26:47.
0,23/44,16/47,Contraction_l_Ailk_Bjlk_Cijk_Dijk,"(32,4096,1,8192)",Cijk_Ailk_Bjlk_F8F8S_BH_GB_MT64x64x32_MI16x16x16x1_SN_GLVWA8_GLVWB8_GRVW8_K1_SS0_SVW4_WSGRA1_WSGRB0,NO_CHECK,146.401,14668.5,,0.1875,2,32,0.5,1,1,0.375,33685504,131072,,,,,,,,,,2026-04-18 22:26:47.
0,23/44,17/47,Contraction_l_Ailk_Bjlk_Cijk_Dijk,"(32,4096,1,8192)",Cijk_Ailk_Bjlk_F8F8S_BH_GB_MT64x64x32_MI16x16x16x1_SN_GLVWA16_GLVWB16_GRVW16_K1_SS0_SVW4_WSGRA1_WSGRB0,NO_CHECK,141.561,15170,,0.1875,2,32,0.5,1,1,0.375,33685504,131072,,,,,,,,,,2026-04-18 22:26:47.
0,23/44,18/47,Contraction_l_Ailk_Bjlk_Cijk_Dijk,"(32,4096,1,8192)",Cijk_Ailk_Bjlk_F8F8S_BH_GB_MT64x64x32_MI16x16x16x1_SN_GLVWA4_GLVWB4_GRVW4_K1_SS0_SVW4_WSGRA0_WSGRB1,NO_CHECK,148.841,14428,,0.1875,2,32,0.5,1,1,0.375,33685504,131072,,,,,,,,,,2026-04-18 22:26:47.
0,23/44,19/47,Contraction_l_Ailk_Bjlk_Cijk_Dijk,"(32,4096,1,8192)",Cijk_Ailk_Bjlk_F8F8S_BH_GB_MT64x64x32_MI16x16x16x1_SN_GLVWA8_GLVWB8_GRVW8_K1_SS0_SVW4_WSGRA0_WSGRB1,NO_CHECK,138.281,15529.9,,0.1875,2,32,0.5,1,1,0.375,33685504,131072,,,,,,,,,,2026-04-18 22:26:47.
0,23/44,20/47,Contraction_l_Ailk_Bjlk_Cijk_Dijk,"(32,4096,1,8192)",Cijk_Ailk_Bjlk_F8F8S_BH_GB_MT64x64x32_MI16x16x16x1_SN_GLVWA16_GLVWB16_GRVW16_K1_SS0_SVW4_WSGRA0_WSGRB1,NO_CHECK,144.921,14818.3,,0.1875,2,32,0.5,1,1,0.375,33685504,131072,,,,,,,,,,2026-04-18 22:26:47.
0,23/44,21/47,Contraction_l_Ailk_Bjlk_Cijk_Dijk,"(32,4096,1,8192)",Cijk_Ailk_Bjlk_F8F8S_BH_GB_MT64x64x32_MI16x16x16x1_SN_GLVWA4_GLVWB4_GRVW4_K1_SS0_SVW4_WSGRA1_WSGRB1,NO_CHECK,146.361,14672.5,,0.1875,2,32,0.5,1,1,0.375,33685504,131072,,,,,,,,,,2026-04-18 22:26:47.
0,23/44,22/47,Contraction_l_Ailk_Bjlk_Cijk_Dijk,"(32,4096,1,8192)",Cijk_Ailk_Bjlk_F8F8S_BH_GB_MT64x64x32_MI16x16x16x1_SN_GLVWA8_GLVWB8_GRVW8_K1_SS0_SVW4_WSGRA1_WSGRB1,NO_CHECK,143.481,14967,,0.1875,2,32,0.5,1,1,0.375,33685504,131072,,,,,,,,,,2026-04-18 22:26:47.
0,23/44,23/47,Contraction_l_Ailk_Bjlk_Cijk_Dijk,"(32,4096,1,8192)",Cijk_Ailk_Bjlk_F8F8S_BH_GB_MT64x64x32_MI16x16x16x1_SN_GLVWA16_GLVWB16_GRVW16_K1_SS0_SVW4_WSGRA1_WSGRB1,NO_CHECK,146.041,14704.7,,0.1875,2,32,0.5,1,1,0.375,33685504,131072,,,,,,,,,,2026-04-18 22:26:47.
0,23/44,24/47,Contraction_l_Ailk_Bjlk_Cijk_Dijk,"(32,4096,1,8192)",Cijk_Ailk_Bjlk_F8F8S_BH_GB_MT64x64x16_MI16x16x16x1_SN_GLVWA4_GLVWB4_GRVW4_K1_SS1_SVW1_WSGRA0_WSGRB0,NO_CHECK,193.242,11112.9,,0.1875,2,32,0.5,1,1,0.375,33685504,131072,,,,,,,,,,2026-04-18 22:26:47.
0,23/44,25/47,Contraction_l_Ailk_Bjlk_Cijk_Dijk,"(32,4096,1,8192)",Cijk_Ailk_Bjlk_F8F8S_BH_GB_MT64x64x16_MI16x16x16x1_SN_GLVWA8_GLVWB8_GRVW8_K1_SS1_SVW1_WSGRA0_WSGRB0,NO_CHECK,187.281,11466.6,,0.1875,2,32,0.5,1,1,0.375,33685504,131072,,,,,,,,,,2026-04-18 22:26:47.
0,23/44,26/47,Contraction_l_Ailk_Bjlk_Cijk_Dijk,"(32,4096,1,8192)",Cijk_Ailk_Bjlk_F8F8S_BH_GB_MT64x64x16_MI16x16x16x1_SN_GLVWA16_GLVWB16_GRVW16_K1_SS1_SVW1_WSGRA0_WSGRB0,NO_CHECK,191.002,11243.3,,0.1875,2,32,0.5,1,1,0.375,33685504,131072,,,,,,,,,,2026-04-18 22:26:47.
0,23/44,27/47,Contraction_l_Ailk_Bjlk_Cijk_Dijk,"(32,4096,1,8192)",Cijk_Ailk_Bjlk_F8F8S_BH_GB_MT64x64x16_MI16x16x16x1_SN_GLVWA4_GLVWB4_GRVW4_K1_SS1_SVW1_WSGRA1_WSGRB0,NO_CHECK,197.282,10885.4,,0.1875,2,32,0.5,1,1,0.375,33685504,131072,,,,,,,,,,2026-04-18 22:26:47.
0,23/44,28/47,Contraction_l_Ailk_Bjlk_Cijk_Dijk,"(32,4096,1,8192)",Cijk_Ailk_Bjlk_F8F8S_BH_GB_MT64x64x16_MI16x16x16x1_SN_GLVWA8_GLVWB8_GRVW8_K1_SS1_SVW1_WSGRA1_WSGRB0,NO_CHECK,194.242,11055.7,,0.1875,2,32,0.5,1,1,0.375,33685504,131072,,,,,,,,,,2026-04-18 22:26:47.
0,23/44,29/47,Contraction_l_Ailk_Bjlk_Cijk_Dijk,"(32,4096,1,8192)",Cijk_Ailk_Bjlk_F8F8S_BH_GB_MT64x64x16_MI16x16x16x1_SN_GLVWA16_GLVWB16_GRVW16_K1_SS1_SVW1_WSGRA1_WSGRB0,NO_CHECK,189.881,11309.6,,0.1875,2,32,0.5,1,1,0.375,33685504,131072,,,,,,,,,,2026-04-18 22:26:47.
0,23/44,30/47,Contraction_l_Ailk_Bjlk_Cijk_Dijk,"(32,4096,1,8192)",Cijk_Ailk_Bjlk_F8F8S_BH_GB_MT64x64x16_MI16x16x16x1_SN_GLVWA4_GLVWB4_GRVW4_K1_SS1_SVW1_WSGRA0_WSGRB1,NO_CHECK,205.801,10434.8,,0.1875,2,32,0.5,1,1,0.375,33685504,131072,,,,,,,,,,2026-04-18 22:26:47.
0,23/44,31/47,Contraction_l_Ailk_Bjlk_Cijk_Dijk,"(32,4096,1,8192)",Cijk_Ailk_Bjlk_F8F8S_BH_GB_MT64x64x16_MI16x16x16x1_SN_GLVWA8_GLVWB8_GRVW8_K1_SS1_SVW1_WSGRA0_WSGRB1,NO_CHECK,199.242,10778.3,,0.1875,2,32,0.5,1,1,0.375,33685504,131072,,,,,,,,,,2026-04-18 22:26:47.
0,23/44,32/47,Contraction_l_Ailk_Bjlk_Cijk_Dijk,"(32,4096,1,8192)",Cijk_Ailk_Bjlk_F8F8S_BH_GB_MT64x64x16_MI16x16x16x1_SN_GLVWA16_GLVWB16_GRVW16_K1_SS1_SVW1_WSGRA0_WSGRB1,NO_CHECK,201.042,10681.8,,0.1875,2,32,0.5,1,1,0.375,33685504,131072,,,,,,,,,,2026-04-18 22:26:47.
0,23/44,33/47,Contraction_l_Ailk_Bjlk_Cijk_Dijk,"(32,4096,1,8192)",Cijk_Ailk_Bjlk_F8F8S_BH_GB_MT64x64x16_MI16x16x16x1_SN_GLVWA4_GLVWB4_GRVW4_K1_SS1_SVW1_WSGRA1_WSGRB1,NO_CHECK,197.961,10848,,0.1875,2,32,0.5,1,1,0.375,33685504,131072,,,,,,,,,,2026-04-18 22:26:47.
0,23/44,34/47,Contraction_l_Ailk_Bjlk_Cijk_Dijk,"(32,4096,1,8192)",Cijk_Ailk_Bjlk_F8F8S_BH_GB_MT64x64x16_MI16x16x16x1_SN_GLVWA8_GLVWB8_GRVW8_K1_SS1_SVW1_WSGRA1_WSGRB1,NO_CHECK,191.801,11196.4,,0.1875,2,32,0.5,1,1,0.375,33685504,131072,,,,,,,,,,2026-04-18 22:26:47.
0,23/44,35/47,Contraction_l_Ailk_Bjlk_Cijk_Dijk,"(32,4096,1,8192)",Cijk_Ailk_Bjlk_F8F8S_BH_GB_MT64x64x16_MI16x16x16x1_SN_GLVWA16_GLVWB16_GRVW16_K1_SS1_SVW1_WSGRA1_WSGRB1,NO_CHECK,187.482,11454.3,,0.1875,2,32,0.5,1,1,0.375,33685504,131072,,,,,,,,,,2026-04-18 22:26:47.
0,23/44,36/47,Contraction_l_Ailk_Bjlk_Cijk_Dijk,"(32,4096,1,8192)",Cijk_Ailk_Bjlk_F8F8S_BH_GB_MT64x64x32_MI16x16x16x1_SN_GLVWA4_GLVWB4_GRVW4_K1_SS1_SVW1_WSGRA0_WSGRB0,NO_CHECK,149.241,14389.4,,0.1875,2,32,0.5,1,1,0.375,33685504,131072,,,,,,,,,,2026-04-18 22:26:47.
0,23/44,37/47,Contraction_l_Ailk_Bjlk_Cijk_Dijk,"(32,4096,1,8192)",Cijk_Ailk_Bjlk_F8F8S_BH_GB_MT64x64x32_MI16x16x16x1_SN_GLVWA8_GLVWB8_GRVW8_K1_SS1_SVW1_WSGRA0_WSGRB0,NO_CHECK,140.801,15251.9,,0.1875,2,32,0.5,1,1,0.375,33685504,131072,,,,,,,,,,2026-04-18 22:26:47.
0,23/44,38/47,Contraction_l_Ailk_Bjlk_Cijk_Dijk,"(32,4096,1,8192)",Cijk_Ailk_Bjlk_F8F8S_BH_GB_MT64x64x32_MI16x16x16x1_SN_GLVWA16_GLVWB16_GRVW16_K1_SS1_SVW1_WSGRA0_WSGRB0,NO_CHECK,145.121,14797.9,,0.1875,2,32,0.5,1,1,0.375,33685504,131072,,,,,,,,,,2026-04-18 22:26:47.
0,23/44,39/47,Contraction_l_Ailk_Bjlk_Cijk_Dijk,"(32,4096,1,8192)",Cijk_Ailk_Bjlk_F8F8S_BH_GB_MT64x64x32_MI16x16x16x1_SN_GLVWA4_GLVWB4_GRVW4_K1_SS1_SVW1_WSGRA1_WSGRB0,NO_CHECK,148.041,14506,,0.1875,2,32,0.5,1,1,0.375,33685504,131072,,,,,,,,,,2026-04-18 22:26:47.
0,23/44,40/47,Contraction_l_Ailk_Bjlk_Cijk_Dijk,"(32,4096,1,8192)",Cijk_Ailk_Bjlk_F8F8S_BH_GB_MT64x64x32_MI16x16x16x1_SN_GLVWA8_GLVWB8_GRVW8_K1_SS1_SVW1_WSGRA1_WSGRB0,NO_CHECK,145.161,14793.8,,0.1875,2,32,0.5,1,1,0.375,33685504,131072,,,,,,,,,,2026-04-18 22:26:47.
0,23/44,41/47,Contraction_l_Ailk_Bjlk_Cijk_Dijk,"(32,4096,1,8192)",Cijk_Ailk_Bjlk_F8F8S_BH_GB_MT64x64x32_MI16x16x16x1_SN_GLVWA16_GLVWB16_GRVW16_K1_SS1_SVW1_WSGRA1_WSGRB0,NO_CHECK,136.841,15693.3,,0.1875,2,32,0.5,1,1,0.375,33685504,131072,,,,,,,,,,2026-04-18 22:26:47.
0,23/44,42/47,Contraction_l_Ailk_Bjlk_Cijk_Dijk,"(32,4096,1,8192)",Cijk_Ailk_Bjlk_F8F8S_BH_GB_MT64x64x32_MI16x16x16x1_SN_GLVWA4_GLVWB4_GRVW4_K1_SS1_SVW1_WSGRA0_WSGRB1,NO_CHECK,146.601,14648.5,,0.1875,2,32,0.5,1,1,0.375,33685504,131072,,,,,,,,,,2026-04-18 22:26:47.
0,23/44,43/47,Contraction_l_Ailk_Bjlk_Cijk_Dijk,"(32,4096,1,8192)",Cijk_Ailk_Bjlk_F8F8S_BH_GB_MT64x64x32_MI16x16x16x1_SN_GLVWA8_GLVWB8_GRVW8_K1_SS1_SVW1_WSGRA0_WSGRB1,NO_CHECK,141.801,15144.3,,0.1875,2,32,0.5,1,1,0.375,33685504,131072,,,,,,,,,,2026-04-18 22:26:47.
0,23/44,44/47,Contraction_l_Ailk_Bjlk_Cijk_Dijk,"(32,4096,1,8192)",Cijk_Ailk_Bjlk_F8F8S_BH_GB_MT64x64x32_MI16x16x16x1_SN_GLVWA16_GLVWB16_GRVW16_K1_SS1_SVW1_WSGRA0_WSGRB1,NO_CHECK,142.561,15063.6,,0.1875,2,32,0.5,1,1,0.375,33685504,131072,,,,,,,,,,2026-04-18 22:26:47.
0,23/44,45/47,Contraction_l_Ailk_Bjlk_Cijk_Dijk,"(32,4096,1,8192)",Cijk_Ailk_Bjlk_F8F8S_BH_GB_MT64x64x32_MI16x16x16x1_SN_GLVWA4_GLVWB4_GRVW4_K1_SS1_SVW1_WSGRA1_WSGRB1,NO_CHECK,146.881,14620.6,,0.1875,2,32,0.5,1,1,0.375,33685504,131072,,,,,,,,,,2026-04-18 22:26:47.
0,23/44,46/47,Contraction_l_Ailk_Bjlk_Cijk_Dijk,"(32,4096,1,8192)",Cijk_Ailk_Bjlk_F8F8S_BH_GB_MT64x64x32_MI16x16x16x1_SN_GLVWA8_GLVWB8_GRVW8_K1_SS1_SVW1_WSGRA1_WSGRB1,NO_CHECK,143.601,14954.5,,0.1875,2,32,0.5,1,1,0.375,33685504,131072,,,,,,,,,,2026-04-18 22:26:47.
0,23/44,47/47,Contraction_l_Ailk_Bjlk_Cijk_Dijk,"(32,4096,1,8192)",Cijk_Ailk_Bjlk_F8F8S_BH_GB_MT64x64x32_MI16x16x16x1_SN_GLVWA16_GLVWB16_GRVW16_K1_SS1_SVW1_WSGRA1_WSGRB1,NO_CHECK,137.081,15665.8,,0.1875,2,32,0.5,1,1,0.375,33685504,131072,,,,,,,,,,2026-04-18 22:26:47.
0,24/44,0/47,Contraction_l_Ailk_Bjlk_Cijk_Dijk,"(32,8192,1,1024)",Cijk_Ailk_Bjlk_F8F8S_BH_GB_MT64x64x16_MI16x16x16x1_SN_GLVWA4_GLVWB4_GRVW4_K1_SS0_SVW4_WSGRA0_WSGRB0,NO_CHECK,52.801,10167.8,,0.3125,4,32,0.5,1,1,0.625,8650752,262144,,,,,,,,,,2026-04-18 22:26:47.
0,24/44,1/47,Contraction_l_Ailk_Bjlk_Cijk_Dijk,"(32,8192,1,1024)",Cijk_Ailk_Bjlk_F8F8S_BH_GB_MT64x64x16_MI16x16x16x1_SN_GLVWA8_GLVWB8_GRVW8_K1_SS0_SVW4_WSGRA0_WSGRB0,NO_CHECK,45.28,11856.7,,0.3125,4,32,0.5,1,1,0.625,8650752,262144,,,,,,,,,,2026-04-18 22:26:47.
0,24/44,2/47,Contraction_l_Ailk_Bjlk_Cijk_Dijk,"(32,8192,1,1024)",Cijk_Ailk_Bjlk_F8F8S_BH_GB_MT64x64x16_MI16x16x16x1_SN_GLVWA16_GLVWB16_GRVW16_K1_SS0_SVW4_WSGRA0_WSGRB0,NO_CHECK,44.681,12015.6,,0.3125,4,32,0.5,1,1,0.625,8650752,262144,,,,,,,,,,2026-04-18 22:26:47.
0,24/44,3/47,Contraction_l_Ailk_Bjlk_Cijk_Dijk,"(32,8192,1,1024)",Cijk_Ailk_Bjlk_F8F8S_BH_GB_MT64x64x16_MI16x16x16x1_SN_GLVWA4_GLVWB4_GRVW4_K1_SS0_SVW4_WSGRA1_WSGRB0,NO_CHECK,44.52,12059.1,,0.3125,4,32,0.5,1,1,0.625,8650752,262144,,,,,,,,,,2026-04-18 22:26:47.
0,24/44,4/47,Contraction_l_Ailk_Bjlk_Cijk_Dijk,"(32,8192,1,1024)",Cijk_Ailk_Bjlk_F8F8S_BH_GB_MT64x64x16_MI16x16x16x1_SN_GLVWA8_GLVWB8_GRVW8_K1_SS0_SVW4_WSGRA1_WSGRB0,NO_CHECK,42.881,12520,,0.3125,4,32,0.5,1,1,0.625,8650752,262144,,,,,,,,,,2026-04-18 22:26:47.
0,24/44,5/47,Contraction_l_Ailk_Bjlk_Cijk_Dijk,"(32,8192,1,1024)",Cijk_Ailk_Bjlk_F8F8S_BH_GB_MT64x64x16_MI16x16x16x1_SN_GLVWA16_GLVWB16_GRVW16_K1_SS0_SVW4_WSGRA1_WSGRB0,NO_CHECK,50.12,10711.7,,0.3125,4,32,0.5,1,1,0.625,8650752,262144,,,,,,,,,,2026-04-18 22:26:47.
0,24/44,6/47,Contraction_l_Ailk_Bjlk_Cijk_Dijk,"(32,8192,1,1024)",Cijk_Ailk_Bjlk_F8F8S_BH_GB_MT64x64x16_MI16x16x16x1_SN_GLVWA4_GLVWB4_GRVW4_K1_SS0_SVW4_WSGRA0_WSGRB1,NO_CHECK,44.64,12026.7,,0.3125,4,32,0.5,1,1,0.625,8650752,262144,,,,,,,,,,2026-04-18 22:26:47.
0,24/44,7/47,Contraction_l_Ailk_Bjlk_Cijk_Dijk,"(32,8192,1,1024)",Cijk_Ailk_Bjlk_F8F8S_BH_GB_MT64x64x16_MI16x16x16x1_SN_GLVWA8_GLVWB8_GRVW8_K1_SS0_SVW4_WSGRA0_WSGRB1,NO_CHECK,45.16,11888.2,,0.3125,4,32,0.5,1,1,0.625,8650752,262144,,,,,,,,,,2026-04-18 22:26:47.
0,24/44,8/47,Contraction_l_Ailk_Bjlk_Cijk_Dijk,"(32,8192,1,1024)",Cijk_Ailk_Bjlk_F8F8S_BH_GB_MT64x64x16_MI16x16x16x1_SN_GLVWA16_GLVWB16_GRVW16_K1_SS0_SVW4_WSGRA0_WSGRB1,NO_CHECK,49.76,10789.2,,0.3125,4,32,0.5,1,1,0.625,8650752,262144,,,,,,,,,,2026-04-18 22:26:47.
0,24/44,9/47,Contraction_l_Ailk_Bjlk_Cijk_Dijk,"(32,8192,1,1024)",Cijk_Ailk_Bjlk_F8F8S_BH_GB_MT64x64x16_MI16x16x16x1_SN_GLVWA4_GLVWB4_GRVW4_K1_SS0_SVW4_WSGRA1_WSGRB1,NO_CHECK,45.88,11701.6,,0.3125,4,32,0.5,1,1,0.625,8650752,262144,,,,,,,,,,2026-04-18 22:26:47.
0,24/44,10/47,Contraction_l_Ailk_Bjlk_Cijk_Dijk,"(32,8192,1,1024)",Cijk_Ailk_Bjlk_F8F8S_BH_GB_MT64x64x16_MI16x16x16x1_SN_GLVWA8_GLVWB8_GRVW8_K1_SS0_SVW4_WSGRA1_WSGRB1,NO_CHECK,47.12,11393.7,,0.3125,4,32,0.5,1,1,0.625,8650752,262144,,,,,,,,,,2026-04-18 22:26:47.
0,24/44,11/47,Contraction_l_Ailk_Bjlk_Cijk_Dijk,"(32,8192,1,1024)",Cijk_Ailk_Bjlk_F8F8S_BH_GB_MT64x64x16_MI16x16x16x1_SN_GLVWA16_GLVWB16_GRVW16_K1_SS0_SVW4_WSGRA1_WSGRB1,NO_CHECK,46,11671.1,,0.3125,4,32,0.5,1,1,0.625,8650752,262144,,,,,,,,,,2026-04-18 22:26:47.
0,24/44,12/47,Contraction_l_Ailk_Bjlk_Cijk_Dijk,"(32,8192,1,1024)",Cijk_Ailk_Bjlk_F8F8S_BH_GB_MT64x64x32_MI16x16x16x1_SN_GLVWA4_GLVWB4_GRVW4_K1_SS0_SVW4_WSGRA0_WSGRB0,NO_CHECK,39.56,13571.1,,0.3125,4,32,0.5,1,1,0.625,8650752,262144,,,,,,,,,,2026-04-18 22:26:47.
0,24/44,13/47,Contraction_l_Ailk_Bjlk_Cijk_Dijk,"(32,8192,1,1024)",Cijk_Ailk_Bjlk_F8F8S_BH_GB_MT64x64x32_MI16x16x16x1_SN_GLVWA8_GLVWB8_GRVW8_K1_SS0_SVW4_WSGRA0_WSGRB0,NO_CHECK,39.76,13502.8,,0.3125,4,32,0.5,1,1,0.625,8650752,262144,,,,,,,,,,2026-04-18 22:26:47.
0,24/44,14/47,Contraction_l_Ailk_Bjlk_Cijk_Dijk,"(32,8192,1,1024)",Cijk_Ailk_Bjlk_F8F8S_BH_GB_MT64x64x32_MI16x16x16x1_SN_GLVWA16_GLVWB16_GRVW16_K1_SS0_SVW4_WSGRA0_WSGRB0,NO_CHECK,37.4,14354.8,,0.3125,4,32,0.5,1,1,0.625,8650752,262144,,,,,,,,,,2026-04-18 22:26:47.
0,24/44,15/47,Contraction_l_Ailk_Bjlk_Cijk_Dijk,"(32,8192,1,1024)",Cijk_Ailk_Bjlk_F8F8S_BH_GB_MT64x64x32_MI16x16x16x1_SN_GLVWA4_GLVWB4_GRVW4_K1_SS0_SVW4_WSGRA1_WSGRB0,NO_CHECK,39.361,13639.7,,0.3125,4,32,0.5,1,1,0.625,8650752,262144,,,,,,,,,,2026-04-18 22:26:47.
0,24/44,16/47,Contraction_l_Ailk_Bjlk_Cijk_Dijk,"(32,8192,1,1024)",Cijk_Ailk_Bjlk_F8F8S_BH_GB_MT64x64x32_MI16x16x16x1_SN_GLVWA8_GLVWB8_GRVW8_K1_SS0_SVW4_WSGRA1_WSGRB0,NO_CHECK,47.76,11241,,0.3125,4,32,0.5,1,1,0.625,8650752,262144,,,,,,,,,,2026-04-18 22:26:47.
0,24/44,17/47,Contraction_l_Ailk_Bjlk_Cijk_Dijk,"(32,8192,1,1024)",Cijk_Ailk_Bjlk_F8F8S_BH_GB_MT64x64x32_MI16x16x16x1_SN_GLVWA16_GLVWB16_GRVW16_K1_SS0_SVW4_WSGRA1_WSGRB0,NO_CHECK,40.721,13184.1,,0.3125,4,32,0.5,1,1,0.625,8650752,262144,,,,,,,,,,2026-04-18 22:26:47.
0,24/44,18/47,Contraction_l_Ailk_Bjlk_Cijk_Dijk,"(32,8192,1,1024)",Cijk_Ailk_Bjlk_F8F8S_BH_GB_MT64x64x32_MI16x16x16x1_SN_GLVWA4_GLVWB4_GRVW4_K1_SS0_SVW4_WSGRA0_WSGRB1,NO_CHECK,45.44,11814.9,,0.3125,4,32,0.5,1,1,0.625,8650752,262144,,,,,,,,,,2026-04-18 22:26:47.
0,24/44,19/47,Contraction_l_Ailk_Bjlk_Cijk_Dijk,"(32,8192,1,1024)",Cijk_Ailk_Bjlk_F8F8S_BH_GB_MT64x64x32_MI16x16x16x1_SN_GLVWA8_GLVWB8_GRVW8_K1_SS0_SVW4_WSGRA0_WSGRB1,NO_CHECK,37.361,14369.8,,0.3125,4,32,0.5,1,1,0.625,8650752,262144,,,,,,,,,,2026-04-18 22:26:47.
0,24/44,20/47,Contraction_l_Ailk_Bjlk_Cijk_Dijk,"(32,8192,1,1024)",Cijk_Ailk_Bjlk_F8F8S_BH_GB_MT64x64x32_MI16x16x16x1_SN_GLVWA16_GLVWB16_GRVW16_K1_SS0_SVW4_WSGRA0_WSGRB1,NO_CHECK,45.4,11825.4,,0.3125,4,32,0.5,1,1,0.625,8650752,262144,,,,,,,,,,2026-04-18 22:26:47.
0,24/44,21/47,Contraction_l_Ailk_Bjlk_Cijk_Dijk,"(32,8192,1,1024)",Cijk_Ailk_Bjlk_F8F8S_BH_GB_MT64x64x32_MI16x16x16x1_SN_GLVWA4_GLVWB4_GRVW4_K1_SS0_SVW4_WSGRA1_WSGRB1,NO_CHECK,44.601,12037.2,,0.3125,4,32,0.5,1,1,0.625,8650752,262144,,,,,,,,,,2026-04-18 22:26:47.
0,24/44,22/47,Contraction_l_Ailk_Bjlk_Cijk_Dijk,"(32,8192,1,1024)",Cijk_Ailk_Bjlk_F8F8S_BH_GB_MT64x64x32_MI16x16x16x1_SN_GLVWA8_GLVWB8_GRVW8_K1_SS0_SVW4_WSGRA1_WSGRB1,NO_CHECK,45.8,11722.1,,0.3125,4,32,0.5,1,1,0.625,8650752,262144,,,,,,,,,,2026-04-18 22:26:47.
0,24/44,23/47,Contraction_l_Ailk_Bjlk_Cijk_Dijk,"(32,8192,1,1024)",Cijk_Ailk_Bjlk_F8F8S_BH_GB_MT64x64x32_MI16x16x16x1_SN_GLVWA16_GLVWB16_GRVW16_K1_SS0_SVW4_WSGRA1_WSGRB1,NO_CHECK,45.081,11909,,0.3125,4,32,0.5,1,1,0.625,8650752,262144,,,,,,,,,,2026-04-18 22:26:47.
0,24/44,24/47,Contraction_l_Ailk_Bjlk_Cijk_Dijk,"(32,8192,1,1024)",Cijk_Ailk_Bjlk_F8F8S_BH_GB_MT64x64x16_MI16x16x16x1_SN_GLVWA4_GLVWB4_GRVW4_K1_SS1_SVW1_WSGRA0_WSGRB0,NO_CHECK,43.6,12313.6,,0.3125,4,32,0.5,1,1,0.625,8650752,262144,,,,,,,,,,2026-04-18 22:26:47.
0,24/44,25/47,Contraction_l_Ailk_Bjlk_Cijk_Dijk,"(32,8192,1,1024)",Cijk_Ailk_Bjlk_F8F8S_BH_GB_MT64x64x16_MI16x16x16x1_SN_GLVWA8_GLVWB8_GRVW8_K1_SS1_SVW1_WSGRA0_WSGRB0,NO_CHECK,45.68,11752.9,,0.3125,4,32,0.5,1,1,0.625,8650752,262144,,,,,,,,,,2026-04-18 22:26:47.
0,24/44,26/47,Contraction_l_Ailk_Bjlk_Cijk_Dijk,"(32,8192,1,1024)",Cijk_Ailk_Bjlk_F8F8S_BH_GB_MT64x64x16_MI16x16x16x1_SN_GLVWA16_GLVWB16_GRVW16_K1_SS1_SVW1_WSGRA0_WSGRB0,NO_CHECK,43.36,12381.7,,0.3125,4,32,0.5,1,1,0.625,8650752,262144,,,,,,,,,,2026-04-18 22:26:47.
0,24/44,27/47,Contraction_l_Ailk_Bjlk_Cijk_Dijk,"(32,8192,1,1024)",Cijk_Ailk_Bjlk_F8F8S_BH_GB_MT64x64x16_MI16x16x16x1_SN_GLVWA4_GLVWB4_GRVW4_K1_SS1_SVW1_WSGRA1_WSGRB0,NO_CHECK,43.96,12212.7,,0.3125,4,32,0.5,1,1,0.625,8650752,262144,,,,,,,,,,2026-04-18 22:26:47.
0,24/44,28/47,Contraction_l_Ailk_Bjlk_Cijk_Dijk,"(32,8192,1,1024)",Cijk_Ailk_Bjlk_F8F8S_BH_GB_MT64x64x16_MI16x16x16x1_SN_GLVWA8_GLVWB8_GRVW8_K1_SS1_SVW1_WSGRA1_WSGRB0,NO_CHECK,42.48,12638.2,,0.3125,4,32,0.5,1,1,0.625,8650752,262144,,,,,,,,,,2026-04-18 22:26:47.
0,24/44,29/47,Contraction_l_Ailk_Bjlk_Cijk_Dijk,"(32,8192,1,1024)",Cijk_Ailk_Bjlk_F8F8S_BH_GB_MT64x64x16_MI16x16x16x1_SN_GLVWA16_GLVWB16_GRVW16_K1_SS1_SVW1_WSGRA1_WSGRB0,NO_CHECK,42.52,12626.3,,0.3125,4,32,0.5,1,1,0.625,8650752,262144,,,,,,,,,,2026-04-18 22:26:47.
0,24/44,30/47,Contraction_l_Ailk_Bjlk_Cijk_Dijk,"(32,8192,1,1024)",Cijk_Ailk_Bjlk_F8F8S_BH_GB_MT64x64x16_MI16x16x16x1_SN_GLVWA4_GLVWB4_GRVW4_K1_SS1_SVW1_WSGRA0_WSGRB1,NO_CHECK,43.04,12473.8,,0.3125,4,32,0.5,1,1,0.625,8650752,262144,,,,,,,,,,2026-04-18 22:26:47.
0,24/44,31/47,Contraction_l_Ailk_Bjlk_Cijk_Dijk,"(32,8192,1,1024)",Cijk_Ailk_Bjlk_F8F8S_BH_GB_MT64x64x16_MI16x16x16x1_SN_GLVWA8_GLVWB8_GRVW8_K1_SS1_SVW1_WSGRA0_WSGRB1,NO_CHECK,43.04,12473.8,,0.3125,4,32,0.5,1,1,0.625,8650752,262144,,,,,,,,,,2026-04-18 22:26:47.
0,24/44,32/47,Contraction_l_Ailk_Bjlk_Cijk_Dijk,"(32,8192,1,1024)",Cijk_Ailk_Bjlk_F8F8S_BH_GB_MT64x64x16_MI16x16x16x1_SN_GLVWA16_GLVWB16_GRVW16_K1_SS1_SVW1_WSGRA0_WSGRB1,NO_CHECK,50.681,10593.1,,0.3125,4,32,0.5,1,1,0.625,8650752,262144,,,,,,,,,,2026-04-18 22:26:47.
0,24/44,33/47,Contraction_l_Ailk_Bjlk_Cijk_Dijk,"(32,8192,1,1024)",Cijk_Ailk_Bjlk_F8F8S_BH_GB_MT64x64x16_MI16x16x16x1_SN_GLVWA4_GLVWB4_GRVW4_K1_SS1_SVW1_WSGRA1_WSGRB1,NO_CHECK,43.92,12223.8,,0.3125,4,32,0.5,1,1,0.625,8650752,262144,,,,,,,,,,2026-04-18 22:26:47.
0,24/44,34/47,Contraction_l_Ailk_Bjlk_Cijk_Dijk,"(32,8192,1,1024)",Cijk_Ailk_Bjlk_F8F8S_BH_GB_MT64x64x16_MI16x16x16x1_SN_GLVWA8_GLVWB8_GRVW8_K1_SS1_SVW1_WSGRA1_WSGRB1,NO_CHECK,42.92,12508.6,,0.3125,4,32,0.5,1,1,0.625,8650752,262144,,,,,,,,,,2026-04-18 22:26:47.
0,24/44,35/47,Contraction_l_Ailk_Bjlk_Cijk_Dijk,"(32,8192,1,1024)",Cijk_Ailk_Bjlk_F8F8S_BH_GB_MT64x64x16_MI16x16x16x1_SN_GLVWA16_GLVWB16_GRVW16_K1_SS1_SVW1_WSGRA1_WSGRB1,NO_CHECK,43.361,12381.4,,0.3125,4,32,0.5,1,1,0.625,8650752,262144,,,,,,,,,,2026-04-18 22:26:47.
0,24/44,36/47,Contraction_l_Ailk_Bjlk_Cijk_Dijk,"(32,8192,1,1024)",Cijk_Ailk_Bjlk_F8F8S_BH_GB_MT64x64x32_MI16x16x16x1_SN_GLVWA4_GLVWB4_GRVW4_K1_SS1_SVW1_WSGRA0_WSGRB0,NO_CHECK,38,14128.2,,0.3125,4,32,0.5,1,1,0.625,8650752,262144,,,,,,,,,,2026-04-18 22:26:47.
0,24/44,37/47,Contraction_l_Ailk_Bjlk_Cijk_Dijk,"(32,8192,1,1024)",Cijk_Ailk_Bjlk_F8F8S_BH_GB_MT64x64x32_MI16x16x16x1_SN_GLVWA8_GLVWB8_GRVW8_K1_SS1_SVW1_WSGRA0_WSGRB0,NO_CHECK,38.001,14127.8,,0.3125,4,32,0.5,1,1,0.625,8650752,262144,,,,,,,,,,2026-04-18 22:26:47.
0,24/44,38/47,Contraction_l_Ailk_Bjlk_Cijk_Dijk,"(32,8192,1,1024)",Cijk_Ailk_Bjlk_F8F8S_BH_GB_MT64x64x32_MI16x16x16x1_SN_GLVWA16_GLVWB16_GRVW16_K1_SS1_SVW1_WSGRA0_WSGRB0,NO_CHECK,36.72,14620.7,,0.3125,4,32,0.5,1,1,0.625,8650752,262144,,,,,,,,,,2026-04-18 22:26:47.
0,24/44,39/47,Contraction_l_Ailk_Bjlk_Cijk_Dijk,"(32,8192,1,1024)",Cijk_Ailk_Bjlk_F8F8S_BH_GB_MT64x64x32_MI16x16x16x1_SN_GLVWA4_GLVWB4_GRVW4_K1_SS1_SVW1_WSGRA1_WSGRB0,NO_CHECK,38.04,14113.3,,0.3125,4,32,0.5,1,1,0.625,8650752,262144,,,,,,,,,,2026-04-18 22:26:47.
0,24/44,40/47,Contraction_l_Ailk_Bjlk_Cijk_Dijk,"(32,8192,1,1024)",Cijk_Ailk_Bjlk_F8F8S_BH_GB_MT64x64x32_MI16x16x16x1_SN_GLVWA8_GLVWB8_GRVW8_K1_SS1_SVW1_WSGRA1_WSGRB0,NO_CHECK,38.001,14127.8,,0.3125,4,32,0.5,1,1,0.625,8650752,262144,,,,,,,,,,2026-04-18 22:26:47.
0,24/44,41/47,Contraction_l_Ailk_Bjlk_Cijk_Dijk,"(32,8192,1,1024)",Cijk_Ailk_Bjlk_F8F8S_BH_GB_MT64x64x32_MI16x16x16x1_SN_GLVWA16_GLVWB16_GRVW16_K1_SS1_SVW1_WSGRA1_WSGRB0,NO_CHECK,36.92,14541.5,,0.3125,4,32,0.5,1,1,0.625,8650752,262144,,,,,,,,,,2026-04-18 22:26:47.
0,24/44,42/47,Contraction_l_Ailk_Bjlk_Cijk_Dijk,"(32,8192,1,1024)",Cijk_Ailk_Bjlk_F8F8S_BH_GB_MT64x64x32_MI16x16x16x1_SN_GLVWA4_GLVWB4_GRVW4_K1_SS1_SVW1_WSGRA0_WSGRB1,NO_CHECK,38.08,14098.5,,0.3125,4,32,0.5,1,1,0.625,8650752,262144,,,,,,,,,,2026-04-18 22:26:47.
0,24/44,43/47,Contraction_l_Ailk_Bjlk_Cijk_Dijk,"(32,8192,1,1024)",Cijk_Ailk_Bjlk_F8F8S_BH_GB_MT64x64x32_MI16x16x16x1_SN_GLVWA8_GLVWB8_GRVW8_K1_SS1_SVW1_WSGRA0_WSGRB1,NO_CHECK,37.92,14158,,0.3125,4,32,0.5,1,1,0.625,8650752,262144,,,,,,,,,,2026-04-18 22:26:47.
0,24/44,44/47,Contraction_l_Ailk_Bjlk_Cijk_Dijk,"(32,8192,1,1024)",Cijk_Ailk_Bjlk_F8F8S_BH_GB_MT64x64x32_MI16x16x16x1_SN_GLVWA16_GLVWB16_GRVW16_K1_SS1_SVW1_WSGRA0_WSGRB1,NO_CHECK,36.84,14573,,0.3125,4,32,0.5,1,1,0.625,8650752,262144,,,,,,,,,,2026-04-18 22:26:47.
0,24/44,45/47,Contraction_l_Ailk_Bjlk_Cijk_Dijk,"(32,8192,1,1024)",Cijk_Ailk_Bjlk_F8F8S_BH_GB_MT64x64x32_MI16x16x16x1_SN_GLVWA4_GLVWB4_GRVW4_K1_SS1_SVW1_WSGRA1_WSGRB1,NO_CHECK,37.921,14157.6,,0.3125,4,32,0.5,1,1,0.625,8650752,262144,,,,,,,,,,2026-04-18 22:26:47.
0,24/44,46/47,Contraction_l_Ailk_Bjlk_Cijk_Dijk,"(32,8192,1,1024)",Cijk_Ailk_Bjlk_F8F8S_BH_GB_MT64x64x32_MI16x16x16x1_SN_GLVWA8_GLVWB8_GRVW8_K1_SS1_SVW1_WSGRA1_WSGRB1,NO_CHECK,41.76,12856.1,,0.3125,4,32,0.5,1,1,0.625,8650752,262144,,,,,,,,,,2026-04-18 22:26:47.
0,24/44,47/47,Contraction_l_Ailk_Bjlk_Cijk_Dijk,"(32,8192,1,1024)",Cijk_Ailk_Bjlk_F8F8S_BH_GB_MT64x64x32_MI16x16x16x1_SN_GLVWA16_GLVWB16_GRVW16_K1_SS1_SVW1_WSGRA1_WSGRB1,NO_CHECK,37,14510,,0.3125,4,32,0.5,1,1,0.625,8650752,262144,,,,,,,,,,2026-04-18 22:26:47.
0,25/44,0/47,Contraction_l_Ailk_Bjlk_Cijk_Dijk,"(32,8192,1,4096)",Cijk_Ailk_Bjlk_F8F8S_BH_GB_MT64x64x16_MI16x16x16x1_SN_GLVWA4_GLVWB4_GRVW4_K1_SS0_SVW4_WSGRA0_WSGRB0,NO_CHECK,289.483,7418.34,,0.3125,4,32,0.5,1,1,0.625,33816576,262144,,,,,,,,,,2026-04-18 22:26:47.
0,25/44,1/47,Contraction_l_Ailk_Bjlk_Cijk_Dijk,"(32,8192,1,4096)",Cijk_Ailk_Bjlk_F8F8S_BH_GB_MT64x64x16_MI16x16x16x1_SN_GLVWA8_GLVWB8_GRVW8_K1_SS0_SVW4_WSGRA0_WSGRB0,NO_CHECK,117.361,18298.1,,0.3125,4,32,0.5,1,1,0.625,33816576,262144,,,,,,,,,,2026-04-18 22:26:47.
0,25/44,2/47,Contraction_l_Ailk_Bjlk_Cijk_Dijk,"(32,8192,1,4096)",Cijk_Ailk_Bjlk_F8F8S_BH_GB_MT64x64x16_MI16x16x16x1_SN_GLVWA16_GLVWB16_GRVW16_K1_SS0_SVW4_WSGRA0_WSGRB0,NO_CHECK,104.441,20561.7,,0.3125,4,32,0.5,1,1,0.625,33816576,262144,,,,,,,,,,2026-04-18 22:26:47.
0,25/44,3/47,Contraction_l_Ailk_Bjlk_Cijk_Dijk,"(32,8192,1,4096)",Cijk_Ailk_Bjlk_F8F8S_BH_GB_MT64x64x16_MI16x16x16x1_SN_GLVWA4_GLVWB4_GRVW4_K1_SS0_SVW4_WSGRA1_WSGRB0,NO_CHECK,126.561,16968,,0.3125,4,32,0.5,1,1,0.625,33816576,262144,,,,,,,,,,2026-04-18 22:26:47.
0,25/44,4/47,Contraction_l_Ailk_Bjlk_Cijk_Dijk,"(32,8192,1,4096)",Cijk_Ailk_Bjlk_F8F8S_BH_GB_MT64x64x16_MI16x16x16x1_SN_GLVWA8_GLVWB8_GRVW8_K1_SS0_SVW4_WSGRA1_WSGRB0,NO_CHECK,115.001,18673.6,,0.3125,4,32,0.5,1,1,0.625,33816576,262144,,,,,,,,,,2026-04-18 22:26:47.
0,25/44,5/47,Contraction_l_Ailk_Bjlk_Cijk_Dijk,"(32,8192,1,4096)",Cijk_Ailk_Bjlk_F8F8S_BH_GB_MT64x64x16_MI16x16x16x1_SN_GLVWA16_GLVWB16_GRVW16_K1_SS0_SVW4_WSGRA1_WSGRB0,NO_CHECK,107.76,19928.4,,0.3125,4,32,0.5,1,1,0.625,33816576,262144,,,,,,,,,,2026-04-18 22:26:47.
0,25/44,6/47,Contraction_l_Ailk_Bjlk_Cijk_Dijk,"(32,8192,1,4096)",Cijk_Ailk_Bjlk_F8F8S_BH_GB_MT64x64x16_MI16x16x16x1_SN_GLVWA4_GLVWB4_GRVW4_K1_SS0_SVW4_WSGRA0_WSGRB1,NO_CHECK,109.281,19651,,0.3125,4,32,0.5,1,1,0.625,33816576,262144,,,,,,,,,,2026-04-18 22:26:47.
0,25/44,7/47,Contraction_l_Ailk_Bjlk_Cijk_Dijk,"(32,8192,1,4096)",Cijk_Ailk_Bjlk_F8F8S_BH_GB_MT64x64x16_MI16x16x16x1_SN_GLVWA8_GLVWB8_GRVW8_K1_SS0_SVW4_WSGRA0_WSGRB1,NO_CHECK,108.361,19817.9,,0.3125,4,32,0.5,1,1,0.625,33816576,262144,,,,,,,,,,2026-04-18 22:26:47.
0,25/44,8/47,Contraction_l_Ailk_Bjlk_Cijk_Dijk,"(32,8192,1,4096)",Cijk_Ailk_Bjlk_F8F8S_BH_GB_MT64x64x16_MI16x16x16x1_SN_GLVWA16_GLVWB16_GRVW16_K1_SS0_SVW4_WSGRA0_WSGRB1,NO_CHECK,108.121,19861.9,,0.3125,4,32,0.5,1,1,0.625,33816576,262144,,,,,,,,,,2026-04-18 22:26:47.
0,25/44,9/47,Contraction_l_Ailk_Bjlk_Cijk_Dijk,"(32,8192,1,4096)",Cijk_Ailk_Bjlk_F8F8S_BH_GB_MT64x64x16_MI16x16x16x1_SN_GLVWA4_GLVWB4_GRVW4_K1_SS0_SVW4_WSGRA1_WSGRB1,NO_CHECK,108.561,19781.4,,0.3125,4,32,0.5,1,1,0.625,33816576,262144,,,,,,,,,,2026-04-18 22:26:47.
0,25/44,10/47,Contraction_l_Ailk_Bjlk_Cijk_Dijk,"(32,8192,1,4096)",Cijk_Ailk_Bjlk_F8F8S_BH_GB_MT64x64x16_MI16x16x16x1_SN_GLVWA8_GLVWB8_GRVW8_K1_SS0_SVW4_WSGRA1_WSGRB1,NO_CHECK,106.281,20205.7,,0.3125,4,32,0.5,1,1,0.625,33816576,262144,,,,,,,,,,2026-04-18 22:26:47.
0,25/44,11/47,Contraction_l_Ailk_Bjlk_Cijk_Dijk,"(32,8192,1,4096)",Cijk_Ailk_Bjlk_F8F8S_BH_GB_MT64x64x16_MI16x16x16x1_SN_GLVWA16_GLVWB16_GRVW16_K1_SS0_SVW4_WSGRA1_WSGRB1,NO_CHECK,105.68,20320.6,,0.3125,4,32,0.5,1,1,0.625,33816576,262144,,,,,,,,,,2026-04-18 22:26:47.
0,25/44,12/47,Contraction_l_Ailk_Bjlk_Cijk_Dijk,"(32,8192,1,4096)",Cijk_Ailk_Bjlk_F8F8S_BH_GB_MT64x64x32_MI16x16x16x1_SN_GLVWA4_GLVWB4_GRVW4_K1_SS0_SVW4_WSGRA0_WSGRB0,NO_CHECK,83.44,25736.9,,0.3125,4,32,0.5,1,1,0.625,33816576,262144,,,,,,,,,,2026-04-18 22:26:47.
0,25/44,13/47,Contraction_l_Ailk_Bjlk_Cijk_Dijk,"(32,8192,1,4096)",Cijk_Ailk_Bjlk_F8F8S_BH_GB_MT64x64x32_MI16x16x16x1_SN_GLVWA8_GLVWB8_GRVW8_K1_SS0_SVW4_WSGRA0_WSGRB0,NO_CHECK,81.4,26381.9,,0.3125,4,32,0.5,1,1,0.625,33816576,262144,,,,,,,,,,2026-04-18 22:26:47.
0,25/44,14/47,Contraction_l_Ailk_Bjlk_Cijk_Dijk,"(32,8192,1,4096)",Cijk_Ailk_Bjlk_F8F8S_BH_GB_MT64x64x32_MI16x16x16x1_SN_GLVWA16_GLVWB16_GRVW16_K1_SS0_SVW4_WSGRA0_WSGRB0,NO_CHECK,81.24,26433.8,,0.3125,4,32,0.5,1,1,0.625,33816576,262144,,,,,,,,,,2026-04-18 22:26:47.
0,25/44,15/47,Contraction_l_Ailk_Bjlk_Cijk_Dijk,"(32,8192,1,4096)",Cijk_Ailk_Bjlk_F8F8S_BH_GB_MT64x64x32_MI16x16x16x1_SN_GLVWA4_GLVWB4_GRVW4_K1_SS0_SVW4_WSGRA1_WSGRB0,NO_CHECK,84.8,25324.1,,0.3125,4,32,0.5,1,1,0.625,33816576,262144,,,,,,,,,,2026-04-18 22:26:47.
0,25/44,16/47,Contraction_l_Ailk_Bjlk_Cijk_Dijk,"(32,8192,1,4096)",Cijk_Ailk_Bjlk_F8F8S_BH_GB_MT64x64x32_MI16x16x16x1_SN_GLVWA8_GLVWB8_GRVW8_K1_SS0_SVW4_WSGRA1_WSGRB0,NO_CHECK,91.08,23578,,0.3125,4,32,0.5,1,1,0.625,33816576,262144,,,,,,,,,,2026-04-18 22:26:47.
0,25/44,17/47,Contraction_l_Ailk_Bjlk_Cijk_Dijk,"(32,8192,1,4096)",Cijk_Ailk_Bjlk_F8F8S_BH_GB_MT64x64x32_MI16x16x16x1_SN_GLVWA16_GLVWB16_GRVW16_K1_SS0_SVW4_WSGRA1_WSGRB0,NO_CHECK,83.88,25601.9,,0.3125,4,32,0.5,1,1,0.625,33816576,262144,,,,,,,,,,2026-04-18 22:26:47.
0,25/44,18/47,Contraction_l_Ailk_Bjlk_Cijk_Dijk,"(32,8192,1,4096)",Cijk_Ailk_Bjlk_F8F8S_BH_GB_MT64x64x32_MI16x16x16x1_SN_GLVWA4_GLVWB4_GRVW4_K1_SS0_SVW4_WSGRA0_WSGRB1,NO_CHECK,86.2,24912.8,,0.3125,4,32,0.5,1,1,0.625,33816576,262144,,,,,,,,,,2026-04-18 22:26:47.
0,25/44,19/47,Contraction_l_Ailk_Bjlk_Cijk_Dijk,"(32,8192,1,4096)",Cijk_Ailk_Bjlk_F8F8S_BH_GB_MT64x64x32_MI16x16x16x1_SN_GLVWA8_GLVWB8_GRVW8_K1_SS0_SVW4_WSGRA0_WSGRB1,NO_CHECK,82.64,25986,,0.3125,4,32,0.5,1,1,0.625,33816576,262144,,,,,,,,,,2026-04-18 22:26:47.
0,25/44,20/47,Contraction_l_Ailk_Bjlk_Cijk_Dijk,"(32,8192,1,4096)",Cijk_Ailk_Bjlk_F8F8S_BH_GB_MT64x64x32_MI16x16x16x1_SN_GLVWA16_GLVWB16_GRVW16_K1_SS0_SVW4_WSGRA0_WSGRB1,NO_CHECK,86.36,24866.6,,0.3125,4,32,0.5,1,1,0.625,33816576,262144,,,,,,,,,,2026-04-18 22:26:47.
0,25/44,21/47,Contraction_l_Ailk_Bjlk_Cijk_Dijk,"(32,8192,1,4096)",Cijk_Ailk_Bjlk_F8F8S_BH_GB_MT64x64x32_MI16x16x16x1_SN_GLVWA4_GLVWB4_GRVW4_K1_SS0_SVW4_WSGRA1_WSGRB1,NO_CHECK,84.24,25492.4,,0.3125,4,32,0.5,1,1,0.625,33816576,262144,,,,,,,,,,2026-04-18 22:26:47.
0,25/44,22/47,Contraction_l_Ailk_Bjlk_Cijk_Dijk,"(32,8192,1,4096)",Cijk_Ailk_Bjlk_F8F8S_BH_GB_MT64x64x32_MI16x16x16x1_SN_GLVWA8_GLVWB8_GRVW8_K1_SS0_SVW4_WSGRA1_WSGRB1,NO_CHECK,85.64,25075.7,,0.3125,4,32,0.5,1,1,0.625,33816576,262144,,,,,,,,,,2026-04-18 22:26:47.
0,25/44,23/47,Contraction_l_Ailk_Bjlk_Cijk_Dijk,"(32,8192,1,4096)",Cijk_Ailk_Bjlk_F8F8S_BH_GB_MT64x64x32_MI16x16x16x1_SN_GLVWA16_GLVWB16_GRVW16_K1_SS0_SVW4_WSGRA1_WSGRB1,NO_CHECK,81.4,26381.9,,0.3125,4,32,0.5,1,1,0.625,33816576,262144,,,,,,,,,,2026-04-18 22:26:47.
0,25/44,24/47,Contraction_l_Ailk_Bjlk_Cijk_Dijk,"(32,8192,1,4096)",Cijk_Ailk_Bjlk_F8F8S_BH_GB_MT64x64x16_MI16x16x16x1_SN_GLVWA4_GLVWB4_GRVW4_K1_SS1_SVW1_WSGRA0_WSGRB0,NO_CHECK,108.641,19766.8,,0.3125,4,32,0.5,1,1,0.625,33816576,262144,,,,,,,,,,2026-04-18 22:26:47.
0,25/44,25/47,Contraction_l_Ailk_Bjlk_Cijk_Dijk,"(32,8192,1,4096)",Cijk_Ailk_Bjlk_F8F8S_BH_GB_MT64x64x16_MI16x16x16x1_SN_GLVWA8_GLVWB8_GRVW8_K1_SS1_SVW1_WSGRA0_WSGRB0,NO_CHECK,106.88,20092.5,,0.3125,4,32,0.5,1,1,0.625,33816576,262144,,,,,,,,,,2026-04-18 22:26:47.
0,25/44,26/47,Contraction_l_Ailk_Bjlk_Cijk_Dijk,"(32,8192,1,4096)",Cijk_Ailk_Bjlk_F8F8S_BH_GB_MT64x64x16_MI16x16x16x1_SN_GLVWA16_GLVWB16_GRVW16_K1_SS1_SVW1_WSGRA0_WSGRB0,NO_CHECK,105.16,20421.1,,0.3125,4,32,0.5,1,1,0.625,33816576,262144,,,,,,,,,,2026-04-18 22:26:47.
0,25/44,27/47,Contraction_l_Ailk_Bjlk_Cijk_Dijk,"(32,8192,1,4096)",Cijk_Ailk_Bjlk_F8F8S_BH_GB_MT64x64x16_MI16x16x16x1_SN_GLVWA4_GLVWB4_GRVW4_K1_SS1_SVW1_WSGRA1_WSGRB0,NO_CHECK,109.161,19672.6,,0.3125,4,32,0.5,1,1,0.625,33816576,262144,,,,,,,,,,2026-04-18 22:26:47.
0,25/44,28/47,Contraction_l_Ailk_Bjlk_Cijk_Dijk,"(32,8192,1,4096)",Cijk_Ailk_Bjlk_F8F8S_BH_GB_MT64x64x16_MI16x16x16x1_SN_GLVWA8_GLVWB8_GRVW8_K1_SS1_SVW1_WSGRA1_WSGRB0,NO_CHECK,104.401,20569.6,,0.3125,4,32,0.5,1,1,0.625,33816576,262144,,,,,,,,,,2026-04-18 22:26:47.
0,25/44,29/47,Contraction_l_Ailk_Bjlk_Cijk_Dijk,"(32,8192,1,4096)",Cijk_Ailk_Bjlk_F8F8S_BH_GB_MT64x64x16_MI16x16x16x1_SN_GLVWA16_GLVWB16_GRVW16_K1_SS1_SVW1_WSGRA1_WSGRB0,NO_CHECK,105.68,20320.6,,0.3125,4,32,0.5,1,1,0.625,33816576,262144,,,,,,,,,,2026-04-18 22:26:47.
0,25/44,30/47,Contraction_l_Ailk_Bjlk_Cijk_Dijk,"(32,8192,1,4096)",Cijk_Ailk_Bjlk_F8F8S_BH_GB_MT64x64x16_MI16x16x16x1_SN_GLVWA4_GLVWB4_GRVW4_K1_SS1_SVW1_WSGRA0_WSGRB1,NO_CHECK,108.401,19810.6,,0.3125,4,32,0.5,1,1,0.625,33816576,262144,,,,,,,,,,2026-04-18 22:26:47.
0,25/44,31/47,Contraction_l_Ailk_Bjlk_Cijk_Dijk,"(32,8192,1,4096)",Cijk_Ailk_Bjlk_F8F8S_BH_GB_MT64x64x16_MI16x16x16x1_SN_GLVWA8_GLVWB8_GRVW8_K1_SS1_SVW1_WSGRA0_WSGRB1,NO_CHECK,282.602,7598.97,,0.3125,4,32,0.5,1,1,0.625,33816576,262144,,,,,,,,,,2026-04-18 22:26:47.
0,25/44,32/47,Contraction_l_Ailk_Bjlk_Cijk_Dijk,"(32,8192,1,4096)",Cijk_Ailk_Bjlk_F8F8S_BH_GB_MT64x64x16_MI16x16x16x1_SN_GLVWA16_GLVWB16_GRVW16_K1_SS1_SVW1_WSGRA0_WSGRB1,NO_CHECK,113.921,18850.6,,0.3125,4,32,0.5,1,1,0.625,33816576,262144,,,,,,,,,,2026-04-18 22:26:47.
0,25/44,33/47,Contraction_l_Ailk_Bjlk_Cijk_Dijk,"(32,8192,1,4096)",Cijk_Ailk_Bjlk_F8F8S_BH_GB_MT64x64x16_MI16x16x16x1_SN_GLVWA4_GLVWB4_GRVW4_K1_SS1_SVW1_WSGRA1_WSGRB1,NO_CHECK,109.681,19579.4,,0.3125,4,32,0.5,1,1,0.625,33816576,262144,,,,,,,,,,2026-04-18 22:26:47.
0,25/44,34/47,Contraction_l_Ailk_Bjlk_Cijk_Dijk,"(32,8192,1,4096)",Cijk_Ailk_Bjlk_F8F8S_BH_GB_MT64x64x16_MI16x16x16x1_SN_GLVWA8_GLVWB8_GRVW8_K1_SS1_SVW1_WSGRA1_WSGRB1,NO_CHECK,115.681,18563.8,,0.3125,4,32,0.5,1,1,0.625,33816576,262144,,,,,,,,,,2026-04-18 22:26:47.
0,25/44,35/47,Contraction_l_Ailk_Bjlk_Cijk_Dijk,"(32,8192,1,4096)",Cijk_Ailk_Bjlk_F8F8S_BH_GB_MT64x64x16_MI16x16x16x1_SN_GLVWA16_GLVWB16_GRVW16_K1_SS1_SVW1_WSGRA1_WSGRB1,NO_CHECK,105.081,20436.5,,0.3125,4,32,0.5,1,1,0.625,33816576,262144,,,,,,,,,,2026-04-18 22:26:47.
0,25/44,36/47,Contraction_l_Ailk_Bjlk_Cijk_Dijk,"(32,8192,1,4096)",Cijk_Ailk_Bjlk_F8F8S_BH_GB_MT64x64x32_MI16x16x16x1_SN_GLVWA4_GLVWB4_GRVW4_K1_SS1_SVW1_WSGRA0_WSGRB0,NO_CHECK,83.04,25860.8,,0.3125,4,32,0.5,1,1,0.625,33816576,262144,,,,,,,,,,2026-04-18 22:26:47.
0,25/44,37/47,Contraction_l_Ailk_Bjlk_Cijk_Dijk,"(32,8192,1,4096)",Cijk_Ailk_Bjlk_F8F8S_BH_GB_MT64x64x32_MI16x16x16x1_SN_GLVWA8_GLVWB8_GRVW8_K1_SS1_SVW1_WSGRA0_WSGRB0,NO_CHECK,82.96,25885.8,,0.3125,4,32,0.5,1,1,0.625,33816576,262144,,,,,,,,,,2026-04-18 22:26:47.
0,25/44,38/47,Contraction_l_Ailk_Bjlk_Cijk_Dijk,"(32,8192,1,4096)",Cijk_Ailk_Bjlk_F8F8S_BH_GB_MT64x64x32_MI16x16x16x1_SN_GLVWA16_GLVWB16_GRVW16_K1_SS1_SVW1_WSGRA0_WSGRB0,NO_CHECK,82.401,26061.4,,0.3125,4,32,0.5,1,1,0.625,33816576,262144,,,,,,,,,,2026-04-18 22:26:47.
0,25/44,39/47,Contraction_l_Ailk_Bjlk_Cijk_Dijk,"(32,8192,1,4096)",Cijk_Ailk_Bjlk_F8F8S_BH_GB_MT64x64x32_MI16x16x16x1_SN_GLVWA4_GLVWB4_GRVW4_K1_SS1_SVW1_WSGRA1_WSGRB0,NO_CHECK,85.001,25264.2,,0.3125,4,32,0.5,1,1,0.625,33816576,262144,,,,,,,,,,2026-04-18 22:26:47.
0,25/44,40/47,Contraction_l_Ailk_Bjlk_Cijk_Dijk,"(32,8192,1,4096)",Cijk_Ailk_Bjlk_F8F8S_BH_GB_MT64x64x32_MI16x16x16x1_SN_GLVWA8_GLVWB8_GRVW8_K1_SS1_SVW1_WSGRA1_WSGRB0,NO_CHECK,81.44,26368.9,,0.3125,4,32,0.5,1,1,0.625,33816576,262144,,,,,,,,,,2026-04-18 22:26:47.
0,25/44,41/47,Contraction_l_Ailk_Bjlk_Cijk_Dijk,"(32,8192,1,4096)",Cijk_Ailk_Bjlk_F8F8S_BH_GB_MT64x64x32_MI16x16x16x1_SN_GLVWA16_GLVWB16_GRVW16_K1_SS1_SVW1_WSGRA1_WSGRB0,NO_CHECK,81.24,26433.8,,0.3125,4,32,0.5,1,1,0.625,33816576,262144,,,,,,,,,,2026-04-18 22:26:47.
0,25/44,42/47,Contraction_l_Ailk_Bjlk_Cijk_Dijk,"(32,8192,1,4096)",Cijk_Ailk_Bjlk_F8F8S_BH_GB_MT64x64x32_MI16x16x16x1_SN_GLVWA4_GLVWB4_GRVW4_K1_SS1_SVW1_WSGRA0_WSGRB1,NO_CHECK,83.28,25786.3,,0.3125,4,32,0.5,1,1,0.625,33816576,262144,,,,,,,,,,2026-04-18 22:26:47.
0,25/44,43/47,Contraction_l_Ailk_Bjlk_Cijk_Dijk,"(32,8192,1,4096)",Cijk_Ailk_Bjlk_F8F8S_BH_GB_MT64x64x32_MI16x16x16x1_SN_GLVWA8_GLVWB8_GRVW8_K1_SS1_SVW1_WSGRA0_WSGRB1,NO_CHECK,86.44,24843.6,,0.3125,4,32,0.5,1,1,0.625,33816576,262144,,,,,,,,,,2026-04-18 22:26:47.
0,25/44,44/47,Contraction_l_Ailk_Bjlk_Cijk_Dijk,"(32,8192,1,4096)",Cijk_Ailk_Bjlk_F8F8S_BH_GB_MT64x64x32_MI16x16x16x1_SN_GLVWA16_GLVWB16_GRVW16_K1_SS1_SVW1_WSGRA0_WSGRB1,NO_CHECK,81.121,26472.6,,0.3125,4,32,0.5,1,1,0.625,33816576,262144,,,,,,,,,,2026-04-18 22:26:47.
0,25/44,45/47,Contraction_l_Ailk_Bjlk_Cijk_Dijk,"(32,8192,1,4096)",Cijk_Ailk_Bjlk_F8F8S_BH_GB_MT64x64x32_MI16x16x16x1_SN_GLVWA4_GLVWB4_GRVW4_K1_SS1_SVW1_WSGRA1_WSGRB1,NO_CHECK,84.08,25541,,0.3125,4,32,0.5,1,1,0.625,33816576,262144,,,,,,,,,,2026-04-18 22:26:47.
0,25/44,46/47,Contraction_l_Ailk_Bjlk_Cijk_Dijk,"(32,8192,1,4096)",Cijk_Ailk_Bjlk_F8F8S_BH_GB_MT64x64x32_MI16x16x16x1_SN_GLVWA8_GLVWB8_GRVW8_K1_SS1_SVW1_WSGRA1_WSGRB1,NO_CHECK,81.32,26407.8,,0.3125,4,32,0.5,1,1,0.625,33816576,262144,,,,,,,,,,2026-04-18 22:26:47.
0,25/44,47/47,Contraction_l_Ailk_Bjlk_Cijk_Dijk,"(32,8192,1,4096)",Cijk_Ailk_Bjlk_F8F8S_BH_GB_MT64x64x32_MI16x16x16x1_SN_GLVWA16_GLVWB16_GRVW16_K1_SS1_SVW1_WSGRA1_WSGRB1,NO_CHECK,81.8,26252.9,,0.3125,4,32,0.5,1,1,0.625,33816576,262144,,,,,,,,,,2026-04-18 22:26:47.
0,26/44,0/47,Contraction_l_Ailk_Bjlk_Cijk_Dijk,"(32,8192,1,8192)",Cijk_Ailk_Bjlk_F8F8S_BH_GB_MT64x64x16_MI16x16x16x1_SN_GLVWA4_GLVWB4_GRVW4_K1_SS0_SVW4_WSGRA0_WSGRB0,NO_CHECK,280.802,15295.4,,0.3125,4,32,0.5,1,1,0.625,67371008,262144,,,,,,,,,,2026-04-18 22:26:47.
0,26/44,1/47,Contraction_l_Ailk_Bjlk_Cijk_Dijk,"(32,8192,1,8192)",Cijk_Ailk_Bjlk_F8F8S_BH_GB_MT64x64x16_MI16x16x16x1_SN_GLVWA8_GLVWB8_GRVW8_K1_SS0_SVW4_WSGRA0_WSGRB0,NO_CHECK,282.562,15200.1,,0.3125,4,32,0.5,1,1,0.625,67371008,262144,,,,,,,,,,2026-04-18 22:26:47.
0,26/44,2/47,Contraction_l_Ailk_Bjlk_Cijk_Dijk,"(32,8192,1,8192)",Cijk_Ailk_Bjlk_F8F8S_BH_GB_MT64x64x16_MI16x16x16x1_SN_GLVWA16_GLVWB16_GRVW16_K1_SS0_SVW4_WSGRA0_WSGRB0,NO_CHECK,285.402,15048.8,,0.3125,4,32,0.5,1,1,0.625,67371008,262144,,,,,,,,,,2026-04-18 22:26:47.
0,26/44,3/47,Contraction_l_Ailk_Bjlk_Cijk_Dijk,"(32,8192,1,8192)",Cijk_Ailk_Bjlk_F8F8S_BH_GB_MT64x64x16_MI16x16x16x1_SN_GLVWA4_GLVWB4_GRVW4_K1_SS0_SVW4_WSGRA1_WSGRB0,NO_CHECK,286.722,14979.6,,0.3125,4,32,0.5,1,1,0.625,67371008,262144,,,,,,,,,,2026-04-18 22:26:47.
0,26/44,4/47,Contraction_l_Ailk_Bjlk_Cijk_Dijk,"(32,8192,1,8192)",Cijk_Ailk_Bjlk_F8F8S_BH_GB_MT64x64x16_MI16x16x16x1_SN_GLVWA8_GLVWB8_GRVW8_K1_SS0_SVW4_WSGRA1_WSGRB0,NO_CHECK,285.363,15050.9,,0.3125,4,32,0.5,1,1,0.625,67371008,262144,,,,,,,,,,2026-04-18 22:26:47.
0,26/44,5/47,Contraction_l_Ailk_Bjlk_Cijk_Dijk,"(32,8192,1,8192)",Cijk_Ailk_Bjlk_F8F8S_BH_GB_MT64x64x16_MI16x16x16x1_SN_GLVWA16_GLVWB16_GRVW16_K1_SS0_SVW4_WSGRA1_WSGRB0,NO_CHECK,287.842,14921.3,,0.3125,4,32,0.5,1,1,0.625,67371008,262144,,,,,,,,,,2026-04-18 22:26:47.
0,26/44,6/47,Contraction_l_Ailk_Bjlk_Cijk_Dijk,"(32,8192,1,8192)",Cijk_Ailk_Bjlk_F8F8S_BH_GB_MT64x64x16_MI16x16x16x1_SN_GLVWA4_GLVWB4_GRVW4_K1_SS0_SVW4_WSGRA0_WSGRB1,NO_CHECK,289.442,14838.8,,0.3125,4,32,0.5,1,1,0.625,67371008,262144,,,,,,,,,,2026-04-18 22:26:47.
0,26/44,7/47,Contraction_l_Ailk_Bjlk_Cijk_Dijk,"(32,8192,1,8192)",Cijk_Ailk_Bjlk_F8F8S_BH_GB_MT64x64x16_MI16x16x16x1_SN_GLVWA8_GLVWB8_GRVW8_K1_SS0_SVW4_WSGRA0_WSGRB1,NO_CHECK,288.082,14908.8,,0.3125,4,32,0.5,1,1,0.625,67371008,262144,,,,,,,,,,2026-04-18 22:26:47.
0,26/44,8/47,Contraction_l_Ailk_Bjlk_Cijk_Dijk,"(32,8192,1,8192)",Cijk_Ailk_Bjlk_F8F8S_BH_GB_MT64x64x16_MI16x16x16x1_SN_GLVWA16_GLVWB16_GRVW16_K1_SS0_SVW4_WSGRA0_WSGRB1,NO_CHECK,464.204,9252.33,,0.3125,4,32,0.5,1,1,0.625,67371008,262144,,,,,,,,,,2026-04-18 22:26:47.
0,26/44,9/47,Contraction_l_Ailk_Bjlk_Cijk_Dijk,"(32,8192,1,8192)",Cijk_Ailk_Bjlk_F8F8S_BH_GB_MT64x64x16_MI16x16x16x1_SN_GLVWA4_GLVWB4_GRVW4_K1_SS0_SVW4_WSGRA1_WSGRB1,NO_CHECK,327.963,13095.9,,0.3125,4,32,0.5,1,1,0.625,67371008,262144,,,,,,,,,,2026-04-18 22:26:47.
0,26/44,10/47,Contraction_l_Ailk_Bjlk_Cijk_Dijk,"(32,8192,1,8192)",Cijk_Ailk_Bjlk_F8F8S_BH_GB_MT64x64x16_MI16x16x16x1_SN_GLVWA8_GLVWB8_GRVW8_K1_SS0_SVW4_WSGRA1_WSGRB1,NO_CHECK,294.602,14578.9,,0.3125,4,32,0.5,1,1,0.625,67371008,262144,,,,,,,,,,2026-04-18 22:26:47.
0,26/44,11/47,Contraction_l_Ailk_Bjlk_Cijk_Dijk,"(32,8192,1,8192)",Cijk_Ailk_Bjlk_F8F8S_BH_GB_MT64x64x16_MI16x16x16x1_SN_GLVWA16_GLVWB16_GRVW16_K1_SS0_SVW4_WSGRA1_WSGRB1,NO_CHECK,283.603,15144.3,,0.3125,4,32,0.5,1,1,0.625,67371008,262144,,,,,,,,,,2026-04-18 22:26:47.
0,26/44,12/47,Contraction_l_Ailk_Bjlk_Cijk_Dijk,"(32,8192,1,8192)",Cijk_Ailk_Bjlk_F8F8S_BH_GB_MT64x64x32_MI16x16x16x1_SN_GLVWA4_GLVWB4_GRVW4_K1_SS0_SVW4_WSGRA0_WSGRB0,NO_CHECK,218.961,19615.2,,0.3125,4,32,0.5,1,1,0.625,67371008,262144,,,,,,,,,,2026-04-18 22:26:47.
0,26/44,13/47,Contraction_l_Ailk_Bjlk_Cijk_Dijk,"(32,8192,1,8192)",Cijk_Ailk_Bjlk_F8F8S_BH_GB_MT64x64x32_MI16x16x16x1_SN_GLVWA8_GLVWB8_GRVW8_K1_SS0_SVW4_WSGRA0_WSGRB0,NO_CHECK,216.641,19825.3,,0.3125,4,32,0.5,1,1,0.625,67371008,262144,,,,,,,,,,2026-04-18 22:26:47.
0,26/44,14/47,Contraction_l_Ailk_Bjlk_Cijk_Dijk,"(32,8192,1,8192)",Cijk_Ailk_Bjlk_F8F8S_BH_GB_MT64x64x32_MI16x16x16x1_SN_GLVWA16_GLVWB16_GRVW16_K1_SS0_SVW4_WSGRA0_WSGRB0,NO_CHECK,215.481,19932,,0.3125,4,32,0.5,1,1,0.625,67371008,262144,,,,,,,,,,2026-04-18 22:26:47.
0,26/44,15/47,Contraction_l_Ailk_Bjlk_Cijk_Dijk,"(32,8192,1,8192)",Cijk_Ailk_Bjlk_F8F8S_BH_GB_MT64x64x32_MI16x16x16x1_SN_GLVWA4_GLVWB4_GRVW4_K1_SS0_SVW4_WSGRA1_WSGRB0,NO_CHECK,429.444,10001.2,,0.3125,4,32,0.5,1,1,0.625,67371008,262144,,,,,,,,,,2026-04-18 22:26:47.
0,26/44,16/47,Contraction_l_Ailk_Bjlk_Cijk_Dijk,"(32,8192,1,8192)",Cijk_Ailk_Bjlk_F8F8S_BH_GB_MT64x64x32_MI16x16x16x1_SN_GLVWA8_GLVWB8_GRVW8_K1_SS0_SVW4_WSGRA1_WSGRB0,NO_CHECK,175.441,24481,,0.3125,4,32,0.5,1,1,0.625,67371008,262144,,,,,,,,,,2026-04-18 22:26:47.
0,26/44,17/47,Contraction_l_Ailk_Bjlk_Cijk_Dijk,"(32,8192,1,8192)",Cijk_Ailk_Bjlk_F8F8S_BH_GB_MT64x64x32_MI16x16x16x1_SN_GLVWA16_GLVWB16_GRVW16_K1_SS0_SVW4_WSGRA1_WSGRB0,NO_CHECK,176.242,24369.7,,0.3125,4,32,0.5,1,1,0.625,67371008,262144,,,,,,,,,,2026-04-18 22:26:47.
0,26/44,18/47,Contraction_l_Ailk_Bjlk_Cijk_Dijk,"(32,8192,1,8192)",Cijk_Ailk_Bjlk_F8F8S_BH_GB_MT64x64x32_MI16x16x16x1_SN_GLVWA4_GLVWB4_GRVW4_K1_SS0_SVW4_WSGRA0_WSGRB1,NO_CHECK,178.801,24020.9,,0.3125,4,32,0.5,1,1,0.625,67371008,262144,,,,,,,,,,2026-04-18 22:26:47.
0,26/44,19/47,Contraction_l_Ailk_Bjlk_Cijk_Dijk,"(32,8192,1,8192)",Cijk_Ailk_Bjlk_F8F8S_BH_GB_MT64x64x32_MI16x16x16x1_SN_GLVWA8_GLVWB8_GRVW8_K1_SS0_SVW4_WSGRA0_WSGRB1,NO_CHECK,175.842,24425.2,,0.3125,4,32,0.5,1,1,0.625,67371008,262144,,,,,,,,,,2026-04-18 22:26:47.
0,26/44,20/47,Contraction_l_Ailk_Bjlk_Cijk_Dijk,"(32,8192,1,8192)",Cijk_Ailk_Bjlk_F8F8S_BH_GB_MT64x64x32_MI16x16x16x1_SN_GLVWA16_GLVWB16_GRVW16_K1_SS0_SVW4_WSGRA0_WSGRB1,NO_CHECK,175.921,24414.2,,0.3125,4,32,0.5,1,1,0.625,67371008,262144,,,,,,,,,,2026-04-18 22:26:47.
0,26/44,21/47,Contraction_l_Ailk_Bjlk_Cijk_Dijk,"(32,8192,1,8192)",Cijk_Ailk_Bjlk_F8F8S_BH_GB_MT64x64x32_MI16x16x16x1_SN_GLVWA4_GLVWB4_GRVW4_K1_SS0_SVW4_WSGRA1_WSGRB1,NO_CHECK,179.201,23967.3,,0.3125,4,32,0.5,1,1,0.625,67371008,262144,,,,,,,,,,2026-04-18 22:26:47.
0,26/44,22/47,Contraction_l_Ailk_Bjlk_Cijk_Dijk,"(32,8192,1,8192)",Cijk_Ailk_Bjlk_F8F8S_BH_GB_MT64x64x32_MI16x16x16x1_SN_GLVWA8_GLVWB8_GRVW8_K1_SS0_SVW4_WSGRA1_WSGRB1,NO_CHECK,178.121,24112.6,,0.3125,4,32,0.5,1,1,0.625,67371008,262144,,,,,,,,,,2026-04-18 22:26:47.
0,26/44,23/47,Contraction_l_Ailk_Bjlk_Cijk_Dijk,"(32,8192,1,8192)",Cijk_Ailk_Bjlk_F8F8S_BH_GB_MT64x64x32_MI16x16x16x1_SN_GLVWA16_GLVWB16_GRVW16_K1_SS0_SVW4_WSGRA1_WSGRB1,NO_CHECK,177.561,24188.7,,0.3125,4,32,0.5,1,1,0.625,67371008,262144,,,,,,,,,,2026-04-18 22:26:47.
0,26/44,24/47,Contraction_l_Ailk_Bjlk_Cijk_Dijk,"(32,8192,1,8192)",Cijk_Ailk_Bjlk_F8F8S_BH_GB_MT64x64x16_MI16x16x16x1_SN_GLVWA4_GLVWB4_GRVW4_K1_SS1_SVW1_WSGRA0_WSGRB0,NO_CHECK,243.001,17674.7,,0.3125,4,32,0.5,1,1,0.625,67371008,262144,,,,,,,,,,2026-04-18 22:26:47.
0,26/44,25/47,Contraction_l_Ailk_Bjlk_Cijk_Dijk,"(32,8192,1,8192)",Cijk_Ailk_Bjlk_F8F8S_BH_GB_MT64x64x16_MI16x16x16x1_SN_GLVWA8_GLVWB8_GRVW8_K1_SS1_SVW1_WSGRA0_WSGRB0,NO_CHECK,242.402,17718.4,,0.3125,4,32,0.5,1,1,0.625,67371008,262144,,,,,,,,,,2026-04-18 22:26:47.
0,26/44,26/47,Contraction_l_Ailk_Bjlk_Cijk_Dijk,"(32,8192,1,8192)",Cijk_Ailk_Bjlk_F8F8S_BH_GB_MT64x64x16_MI16x16x16x1_SN_GLVWA16_GLVWB16_GRVW16_K1_SS1_SVW1_WSGRA0_WSGRB0,NO_CHECK,242.842,17686.3,,0.3125,4,32,0.5,1,1,0.625,67371008,262144,,,,,,,,,,2026-04-18 22:26:47.
0,26/44,27/47,Contraction_l_Ailk_Bjlk_Cijk_Dijk,"(32,8192,1,8192)",Cijk_Ailk_Bjlk_F8F8S_BH_GB_MT64x64x16_MI16x16x16x1_SN_GLVWA4_GLVWB4_GRVW4_K1_SS1_SVW1_WSGRA1_WSGRB0,NO_CHECK,244.001,17602.3,,0.3125,4,32,0.5,1,1,0.625,67371008,262144,,,,,,,,,,2026-04-18 22:26:47.
0,26/44,28/47,Contraction_l_Ailk_Bjlk_Cijk_Dijk,"(32,8192,1,8192)",Cijk_Ailk_Bjlk_F8F8S_BH_GB_MT64x64x16_MI16x16x16x1_SN_GLVWA8_GLVWB8_GRVW8_K1_SS1_SVW1_WSGRA1_WSGRB0,NO_CHECK,239.721,17916.5,,0.3125,4,32,0.5,1,1,0.625,67371008,262144,,,,,,,,,,2026-04-18 22:26:47.
0,26/44,29/47,Contraction_l_Ailk_Bjlk_Cijk_Dijk,"(32,8192,1,8192)",Cijk_Ailk_Bjlk_F8F8S_BH_GB_MT64x64x16_MI16x16x16x1_SN_GLVWA16_GLVWB16_GRVW16_K1_SS1_SVW1_WSGRA1_WSGRB0,NO_CHECK,392.563,10940.8,,0.3125,4,32,0.5,1,1,0.625,67371008,262144,,,,,,,,,,2026-04-18 22:26:47.
0,26/44,30/47,Contraction_l_Ailk_Bjlk_Cijk_Dijk,"(32,8192,1,8192)",Cijk_Ailk_Bjlk_F8F8S_BH_GB_MT64x64x16_MI16x16x16x1_SN_GLVWA4_GLVWB4_GRVW4_K1_SS1_SVW1_WSGRA0_WSGRB1,NO_CHECK,241.802,17762.3,,0.3125,4,32,0.5,1,1,0.625,67371008,262144,,,,,,,,,,2026-04-18 22:26:47.
0,26/44,31/47,Contraction_l_Ailk_Bjlk_Cijk_Dijk,"(32,8192,1,8192)",Cijk_Ailk_Bjlk_F8F8S_BH_GB_MT64x64x16_MI16x16x16x1_SN_GLVWA8_GLVWB8_GRVW8_K1_SS1_SVW1_WSGRA0_WSGRB1,NO_CHECK,235.242,18257.7,,0.3125,4,32,0.5,1,1,0.625,67371008,262144,,,,,,,,,,2026-04-18 22:26:47.
0,26/44,32/47,Contraction_l_Ailk_Bjlk_Cijk_Dijk,"(32,8192,1,8192)",Cijk_Ailk_Bjlk_F8F8S_BH_GB_MT64x64x16_MI16x16x16x1_SN_GLVWA16_GLVWB16_GRVW16_K1_SS1_SVW1_WSGRA0_WSGRB1,NO_CHECK,245.762,17476.1,,0.3125,4,32,0.5,1,1,0.625,67371008,262144,,,,,,,,,,2026-04-18 22:26:47.
0,26/44,33/47,Contraction_l_Ailk_Bjlk_Cijk_Dijk,"(32,8192,1,8192)",Cijk_Ailk_Bjlk_F8F8S_BH_GB_MT64x64x16_MI16x16x16x1_SN_GLVWA4_GLVWB4_GRVW4_K1_SS1_SVW1_WSGRA1_WSGRB1,NO_CHECK,244.202,17587.8,,0.3125,4,32,0.5,1,1,0.625,67371008,262144,,,,,,,,,,2026-04-18 22:26:47.
0,26/44,34/47,Contraction_l_Ailk_Bjlk_Cijk_Dijk,"(32,8192,1,8192)",Cijk_Ailk_Bjlk_F8F8S_BH_GB_MT64x64x16_MI16x16x16x1_SN_GLVWA8_GLVWB8_GRVW8_K1_SS1_SVW1_WSGRA1_WSGRB1,NO_CHECK,241.282,17800.6,,0.3125,4,32,0.5,1,1,0.625,67371008,262144,,,,,,,,,,2026-04-18 22:26:47.
0,26/44,35/47,Contraction_l_Ailk_Bjlk_Cijk_Dijk,"(32,8192,1,8192)",Cijk_Ailk_Bjlk_F8F8S_BH_GB_MT64x64x16_MI16x16x16x1_SN_GLVWA16_GLVWB16_GRVW16_K1_SS1_SVW1_WSGRA1_WSGRB1,NO_CHECK,241.882,17756.5,,0.3125,4,32,0.5,1,1,0.625,67371008,262144,,,,,,,,,,2026-04-18 22:26:47.
0,26/44,36/47,Contraction_l_Ailk_Bjlk_Cijk_Dijk,"(32,8192,1,8192)",Cijk_Ailk_Bjlk_F8F8S_BH_GB_MT64x64x32_MI16x16x16x1_SN_GLVWA4_GLVWB4_GRVW4_K1_SS1_SVW1_WSGRA0_WSGRB0,NO_CHECK,180.282,23823.6,,0.3125,4,32,0.5,1,1,0.625,67371008,262144,,,,,,,,,,2026-04-18 22:26:47.
0,26/44,37/47,Contraction_l_Ailk_Bjlk_Cijk_Dijk,"(32,8192,1,8192)",Cijk_Ailk_Bjlk_F8F8S_BH_GB_MT64x64x32_MI16x16x16x1_SN_GLVWA8_GLVWB8_GRVW8_K1_SS1_SVW1_WSGRA0_WSGRB0,NO_CHECK,178.241,24096.4,,0.3125,4,32,0.5,1,1,0.625,67371008,262144,,,,,,,,,,2026-04-18 22:26:47.
0,26/44,38/47,Contraction_l_Ailk_Bjlk_Cijk_Dijk,"(32,8192,1,8192)",Cijk_Ailk_Bjlk_F8F8S_BH_GB_MT64x64x32_MI16x16x16x1_SN_GLVWA16_GLVWB16_GRVW16_K1_SS1_SVW1_WSGRA0_WSGRB0,NO_CHECK,176.362,24353.1,,0.3125,4,32,0.5,1,1,0.625,67371008,262144,,,,,,,,,,2026-04-18 22:26:47.
0,26/44,39/47,Contraction_l_Ailk_Bjlk_Cijk_Dijk,"(32,8192,1,8192)",Cijk_Ailk_Bjlk_F8F8S_BH_GB_MT64x64x32_MI16x16x16x1_SN_GLVWA4_GLVWB4_GRVW4_K1_SS1_SVW1_WSGRA1_WSGRB0,NO_CHECK,179.681,23903.3,,0.3125,4,32,0.5,1,1,0.625,67371008,262144,,,,,,,,,,2026-04-18 22:26:47.
0,26/44,40/47,Contraction_l_Ailk_Bjlk_Cijk_Dijk,"(32,8192,1,8192)",Cijk_Ailk_Bjlk_F8F8S_BH_GB_MT64x64x32_MI16x16x16x1_SN_GLVWA8_GLVWB8_GRVW8_K1_SS1_SVW1_WSGRA1_WSGRB0,NO_CHECK,176.162,24380.8,,0.3125,4,32,0.5,1,1,0.625,67371008,262144,,,,,,,,,,2026-04-18 22:26:47.
0,26/44,41/47,Contraction_l_Ailk_Bjlk_Cijk_Dijk,"(32,8192,1,8192)",Cijk_Ailk_Bjlk_F8F8S_BH_GB_MT64x64x32_MI16x16x16x1_SN_GLVWA16_GLVWB16_GRVW16_K1_SS1_SVW1_WSGRA1_WSGRB0,NO_CHECK,176.521,24331.2,,0.3125,4,32,0.5,1,1,0.625,67371008,262144,,,,,,,,,,2026-04-18 22:26:47.
0,26/44,42/47,Contraction_l_Ailk_Bjlk_Cijk_Dijk,"(32,8192,1,8192)",Cijk_Ailk_Bjlk_F8F8S_BH_GB_MT64x64x32_MI16x16x16x1_SN_GLVWA4_GLVWB4_GRVW4_K1_SS1_SVW1_WSGRA0_WSGRB1,NO_CHECK,177.482,24199.5,,0.3125,4,32,0.5,1,1,0.625,67371008,262144,,,,,,,,,,2026-04-18 22:26:47.
0,26/44,43/47,Contraction_l_Ailk_Bjlk_Cijk_Dijk,"(32,8192,1,8192)",Cijk_Ailk_Bjlk_F8F8S_BH_GB_MT64x64x32_MI16x16x16x1_SN_GLVWA8_GLVWB8_GRVW8_K1_SS1_SVW1_WSGRA0_WSGRB1,NO_CHECK,175.921,24414.2,,0.3125,4,32,0.5,1,1,0.625,67371008,262144,,,,,,,,,,2026-04-18 22:26:47.
0,26/44,44/47,Contraction_l_Ailk_Bjlk_Cijk_Dijk,"(32,8192,1,8192)",Cijk_Ailk_Bjlk_F8F8S_BH_GB_MT64x64x32_MI16x16x16x1_SN_GLVWA16_GLVWB16_GRVW16_K1_SS1_SVW1_WSGRA0_WSGRB1,NO_CHECK,176.242,24369.7,,0.3125,4,32,0.5,1,1,0.625,67371008,262144,,,,,,,,,,2026-04-18 22:26:47.
0,26/44,45/47,Contraction_l_Ailk_Bjlk_Cijk_Dijk,"(32,8192,1,8192)",Cijk_Ailk_Bjlk_F8F8S_BH_GB_MT64x64x32_MI16x16x16x1_SN_GLVWA4_GLVWB4_GRVW4_K1_SS1_SVW1_WSGRA1_WSGRB1,NO_CHECK,177.641,24177.8,,0.3125,4,32,0.5,1,1,0.625,67371008,262144,,,,,,,,,,2026-04-18 22:26:47.
0,26/44,46/47,Contraction_l_Ailk_Bjlk_Cijk_Dijk,"(32,8192,1,8192)",Cijk_Ailk_Bjlk_F8F8S_BH_GB_MT64x64x32_MI16x16x16x1_SN_GLVWA8_GLVWB8_GRVW8_K1_SS1_SVW1_WSGRA1_WSGRB1,NO_CHECK,177.122,24248.6,,0.3125,4,32,0.5,1,1,0.625,67371008,262144,,,,,,,,,,2026-04-18 22:26:47.
0,26/44,47/47,Contraction_l_Ailk_Bjlk_Cijk_Dijk,"(32,8192,1,8192)",Cijk_Ailk_Bjlk_F8F8S_BH_GB_MT64x64x32_MI16x16x16x1_SN_GLVWA16_GLVWB16_GRVW16_K1_SS1_SVW1_WSGRA1_WSGRB1,NO_CHECK,175.361,24492.1,,0.3125,4,32,0.5,1,1,0.625,67371008,262144,,,,,,,,,,2026-04-18 22:26:47.
0,27/44,0/47,Contraction_l_Ailk_Bjlk_Cijk_Dijk,"(128,1024,1,1024)",Cijk_Ailk_Bjlk_F8F8S_BH_GB_MT64x64x16_MI16x16x16x1_SN_GLVWA4_GLVWB4_GRVW4_K1_SS0_SVW4_WSGRA0_WSGRB0,NO_CHECK,46.721,5745.5,,0.25,1,32,1,1,1,0.25,4325376,131072,,,,,,,,,,2026-04-18 22:26:47.
0,27/44,1/47,Contraction_l_Ailk_Bjlk_Cijk_Dijk,"(128,1024,1,1024)",Cijk_Ailk_Bjlk_F8F8S_BH_GB_MT64x64x16_MI16x16x16x1_SN_GLVWA8_GLVWB8_GRVW8_K1_SS0_SVW4_WSGRA0_WSGRB0,NO_CHECK,31.44,8538.02,,0.25,1,32,1,1,1,0.25,4325376,131072,,,,,,,,,,2026-04-18 22:26:47.
0,27/44,2/47,Contraction_l_Ailk_Bjlk_Cijk_Dijk,"(128,1024,1,1024)",Cijk_Ailk_Bjlk_F8F8S_BH_GB_MT64x64x16_MI16x16x16x1_SN_GLVWA16_GLVWB16_GRVW16_K1_SS0_SVW4_WSGRA0_WSGRB0,NO_CHECK,33.2,8085.41,,0.25,1,32,1,1,1,0.25,4325376,131072,,,,,,,,,,2026-04-18 22:26:47.
0,27/44,3/47,Contraction_l_Ailk_Bjlk_Cijk_Dijk,"(128,1024,1,1024)",Cijk_Ailk_Bjlk_F8F8S_BH_GB_MT64x64x16_MI16x16x16x1_SN_GLVWA4_GLVWB4_GRVW4_K1_SS0_SVW4_WSGRA1_WSGRB0,NO_CHECK,33.121,8104.69,,0.25,1,32,1,1,1,0.25,4325376,131072,,,,,,,,,,2026-04-18 22:26:47.
0,27/44,4/47,Contraction_l_Ailk_Bjlk_Cijk_Dijk,"(128,1024,1,1024)",Cijk_Ailk_Bjlk_F8F8S_BH_GB_MT64x64x16_MI16x16x16x1_SN_GLVWA8_GLVWB8_GRVW8_K1_SS0_SVW4_WSGRA1_WSGRB0,NO_CHECK,31.36,8559.8,,0.25,1,32,1,1,1,0.25,4325376,131072,,,,,,,,,,2026-04-18 22:26:47.
0,27/44,5/47,Contraction_l_Ailk_Bjlk_Cijk_Dijk,"(128,1024,1,1024)",Cijk_Ailk_Bjlk_F8F8S_BH_GB_MT64x64x16_MI16x16x16x1_SN_GLVWA16_GLVWB16_GRVW16_K1_SS0_SVW4_WSGRA1_WSGRB0,NO_CHECK,33.481,8017.55,,0.25,1,32,1,1,1,0.25,4325376,131072,,,,,,,,,,2026-04-18 22:26:47.
0,27/44,6/47,Contraction_l_Ailk_Bjlk_Cijk_Dijk,"(128,1024,1,1024)",Cijk_Ailk_Bjlk_F8F8S_BH_GB_MT64x64x16_MI16x16x16x1_SN_GLVWA4_GLVWB4_GRVW4_K1_SS0_SVW4_WSGRA0_WSGRB1,NO_CHECK,32.56,8244.33,,0.25,1,32,1,1,1,0.25,4325376,131072,,,,,,,,,,2026-04-18 22:26:47.
0,27/44,7/47,Contraction_l_Ailk_Bjlk_Cijk_Dijk,"(128,1024,1,1024)",Cijk_Ailk_Bjlk_F8F8S_BH_GB_MT64x64x16_MI16x16x16x1_SN_GLVWA8_GLVWB8_GRVW8_K1_SS0_SVW4_WSGRA0_WSGRB1,NO_CHECK,32.64,8224.13,,0.25,1,32,1,1,1,0.25,4325376,131072,,,,,,,,,,2026-04-18 22:26:47.
0,27/44,8/47,Contraction_l_Ailk_Bjlk_Cijk_Dijk,"(128,1024,1,1024)",Cijk_Ailk_Bjlk_F8F8S_BH_GB_MT64x64x16_MI16x16x16x1_SN_GLVWA16_GLVWB16_GRVW16_K1_SS0_SVW4_WSGRA0_WSGRB1,NO_CHECK,32.201,8336.25,,0.25,1,32,1,1,1,0.25,4325376,131072,,,,,,,,,,2026-04-18 22:26:47.
0,27/44,9/47,Contraction_l_Ailk_Bjlk_Cijk_Dijk,"(128,1024,1,1024)",Cijk_Ailk_Bjlk_F8F8S_BH_GB_MT64x64x16_MI16x16x16x1_SN_GLVWA4_GLVWB4_GRVW4_K1_SS0_SVW4_WSGRA1_WSGRB1,NO_CHECK,43.56,6162.43,,0.25,1,32,1,1,1,0.25,4325376,131072,,,,,,,,,,2026-04-18 22:26:47.
0,27/44,10/47,Contraction_l_Ailk_Bjlk_Cijk_Dijk,"(128,1024,1,1024)",Cijk_Ailk_Bjlk_F8F8S_BH_GB_MT64x64x16_MI16x16x16x1_SN_GLVWA8_GLVWB8_GRVW8_K1_SS0_SVW4_WSGRA1_WSGRB1,NO_CHECK,35.401,7582.71,,0.25,1,32,1,1,1,0.25,4325376,131072,,,,,,,,,,2026-04-18 22:26:47.
0,27/44,11/47,Contraction_l_Ailk_Bjlk_Cijk_Dijk,"(128,1024,1,1024)",Cijk_Ailk_Bjlk_F8F8S_BH_GB_MT64x64x16_MI16x16x16x1_SN_GLVWA16_GLVWB16_GRVW16_K1_SS0_SVW4_WSGRA1_WSGRB1,NO_CHECK,32.12,8357.27,,0.25,1,32,1,1,1,0.25,4325376,131072,,,,,,,,,,2026-04-18 22:26:47.
0,27/44,12/47,Contraction_l_Ailk_Bjlk_Cijk_Dijk,"(128,1024,1,1024)",Cijk_Ailk_Bjlk_F8F8S_BH_GB_MT64x64x32_MI16x16x16x1_SN_GLVWA4_GLVWB4_GRVW4_K1_SS0_SVW4_WSGRA0_WSGRB0,NO_CHECK,31.32,8570.74,,0.25,1,32,1,1,1,0.25,4325376,131072,,,,,,,,,,2026-04-18 22:26:47.
0,27/44,13/47,Contraction_l_Ailk_Bjlk_Cijk_Dijk,"(128,1024,1,1024)",Cijk_Ailk_Bjlk_F8F8S_BH_GB_MT64x64x32_MI16x16x16x1_SN_GLVWA8_GLVWB8_GRVW8_K1_SS0_SVW4_WSGRA0_WSGRB0,NO_CHECK,31.08,8636.92,,0.25,1,32,1,1,1,0.25,4325376,131072,,,,,,,,,,2026-04-18 22:26:47.
0,27/44,14/47,Contraction_l_Ailk_Bjlk_Cijk_Dijk,"(128,1024,1,1024)",Cijk_Ailk_Bjlk_F8F8S_BH_GB_MT64x64x32_MI16x16x16x1_SN_GLVWA16_GLVWB16_GRVW16_K1_SS0_SVW4_WSGRA0_WSGRB0,NO_CHECK,29.48,9105.68,,0.25,1,32,1,1,1,0.25,4325376,131072,,,,,,,,,,2026-04-18 22:26:47.
0,27/44,15/47,Contraction_l_Ailk_Bjlk_Cijk_Dijk,"(128,1024,1,1024)",Cijk_Ailk_Bjlk_F8F8S_BH_GB_MT64x64x32_MI16x16x16x1_SN_GLVWA4_GLVWB4_GRVW4_K1_SS0_SVW4_WSGRA1_WSGRB0,NO_CHECK,32.281,8315.59,,0.25,1,32,1,1,1,0.25,4325376,131072,,,,,,,,,,2026-04-18 22:26:47.
0,27/44,16/47,Contraction_l_Ailk_Bjlk_Cijk_Dijk,"(128,1024,1,1024)",Cijk_Ailk_Bjlk_F8F8S_BH_GB_MT64x64x32_MI16x16x16x1_SN_GLVWA8_GLVWB8_GRVW8_K1_SS0_SVW4_WSGRA1_WSGRB0,NO_CHECK,29.36,9142.9,,0.25,1,32,1,1,1,0.25,4325376,131072,,,,,,,,,,2026-04-18 22:26:47.
0,27/44,17/47,Contraction_l_Ailk_Bjlk_Cijk_Dijk,"(128,1024,1,1024)",Cijk_Ailk_Bjlk_F8F8S_BH_GB_MT64x64x32_MI16x16x16x1_SN_GLVWA16_GLVWB16_GRVW16_K1_SS0_SVW4_WSGRA1_WSGRB0,NO_CHECK,29.36,9142.9,,0.25,1,32,1,1,1,0.25,4325376,131072,,,,,,,,,,2026-04-18 22:26:47.
0,27/44,18/47,Contraction_l_Ailk_Bjlk_Cijk_Dijk,"(128,1024,1,1024)",Cijk_Ailk_Bjlk_F8F8S_BH_GB_MT64x64x32_MI16x16x16x1_SN_GLVWA4_GLVWB4_GRVW4_K1_SS0_SVW4_WSGRA0_WSGRB1,NO_CHECK,32.161,8346.61,,0.25,1,32,1,1,1,0.25,4325376,131072,,,,,,,,,,2026-04-18 22:26:47.
0,27/44,19/47,Contraction_l_Ailk_Bjlk_Cijk_Dijk,"(128,1024,1,1024)",Cijk_Ailk_Bjlk_F8F8S_BH_GB_MT64x64x32_MI16x16x16x1_SN_GLVWA8_GLVWB8_GRVW8_K1_SS0_SVW4_WSGRA0_WSGRB1,NO_CHECK,29.56,9081.04,,0.25,1,32,1,1,1,0.25,4325376,131072,,,,,,,,,,2026-04-18 22:26:47.
0,27/44,20/47,Contraction_l_Ailk_Bjlk_Cijk_Dijk,"(128,1024,1,1024)",Cijk_Ailk_Bjlk_F8F8S_BH_GB_MT64x64x32_MI16x16x16x1_SN_GLVWA16_GLVWB16_GRVW16_K1_SS0_SVW4_WSGRA0_WSGRB1,NO_CHECK,28.92,9282,,0.25,1,32,1,1,1,0.25,4325376,131072,,,,,,,,,,2026-04-18 22:26:47.
0,27/44,21/47,Contraction_l_Ailk_Bjlk_Cijk_Dijk,"(128,1024,1,1024)",Cijk_Ailk_Bjlk_F8F8S_BH_GB_MT64x64x32_MI16x16x16x1_SN_GLVWA4_GLVWB4_GRVW4_K1_SS0_SVW4_WSGRA1_WSGRB1,NO_CHECK,32.001,8388.35,,0.25,1,32,1,1,1,0.25,4325376,131072,,,,,,,,,,2026-04-18 22:26:47.
0,27/44,22/47,Contraction_l_Ailk_Bjlk_Cijk_Dijk,"(128,1024,1,1024)",Cijk_Ailk_Bjlk_F8F8S_BH_GB_MT64x64x32_MI16x16x16x1_SN_GLVWA8_GLVWB8_GRVW8_K1_SS0_SVW4_WSGRA1_WSGRB1,NO_CHECK,30.4,8830.11,,0.25,1,32,1,1,1,0.25,4325376,131072,,,,,,,,,,2026-04-18 22:26:47.
0,27/44,23/47,Contraction_l_Ailk_Bjlk_Cijk_Dijk,"(128,1024,1,1024)",Cijk_Ailk_Bjlk_F8F8S_BH_GB_MT64x64x32_MI16x16x16x1_SN_GLVWA16_GLVWB16_GRVW16_K1_SS0_SVW4_WSGRA1_WSGRB1,NO_CHECK,30.76,8726.77,,0.25,1,32,1,1,1,0.25,4325376,131072,,,,,,,,,,2026-04-18 22:26:47.
0,27/44,24/47,Contraction_l_Ailk_Bjlk_Cijk_Dijk,"(128,1024,1,1024)",Cijk_Ailk_Bjlk_F8F8S_BH_GB_MT64x64x16_MI16x16x16x1_SN_GLVWA4_GLVWB4_GRVW4_K1_SS1_SVW1_WSGRA0_WSGRB0,NO_CHECK,34.681,7740.13,,0.25,1,32,1,1,1,0.25,4325376,131072,,,,,,,,,,2026-04-18 22:26:47.
0,27/44,25/47,Contraction_l_Ailk_Bjlk_Cijk_Dijk,"(128,1024,1,1024)",Cijk_Ailk_Bjlk_F8F8S_BH_GB_MT64x64x16_MI16x16x16x1_SN_GLVWA8_GLVWB8_GRVW8_K1_SS1_SVW1_WSGRA0_WSGRB0,NO_CHECK,35.48,7565.82,,0.25,1,32,1,1,1,0.25,4325376,131072,,,,,,,,,,2026-04-18 22:26:47.
0,27/44,26/47,Contraction_l_Ailk_Bjlk_Cijk_Dijk,"(128,1024,1,1024)",Cijk_Ailk_Bjlk_F8F8S_BH_GB_MT64x64x16_MI16x16x16x1_SN_GLVWA16_GLVWB16_GRVW16_K1_SS1_SVW1_WSGRA0_WSGRB0,NO_CHECK,34.92,7687.16,,0.25,1,32,1,1,1,0.25,4325376,131072,,,,,,,,,,2026-04-18 22:26:47.
0,27/44,27/47,Contraction_l_Ailk_Bjlk_Cijk_Dijk,"(128,1024,1,1024)",Cijk_Ailk_Bjlk_F8F8S_BH_GB_MT64x64x16_MI16x16x16x1_SN_GLVWA4_GLVWB4_GRVW4_K1_SS1_SVW1_WSGRA1_WSGRB0,NO_CHECK,35.88,7481.48,,0.25,1,32,1,1,1,0.25,4325376,131072,,,,,,,,,,2026-04-18 22:26:47.
0,27/44,28/47,Contraction_l_Ailk_Bjlk_Cijk_Dijk,"(128,1024,1,1024)",Cijk_Ailk_Bjlk_F8F8S_BH_GB_MT64x64x16_MI16x16x16x1_SN_GLVWA8_GLVWB8_GRVW8_K1_SS1_SVW1_WSGRA1_WSGRB0,NO_CHECK,34,7895.16,,0.25,1,32,1,1,1,0.25,4325376,131072,,,,,,,,,,2026-04-18 22:26:47.
0,27/44,29/47,Contraction_l_Ailk_Bjlk_Cijk_Dijk,"(128,1024,1,1024)",Cijk_Ailk_Bjlk_F8F8S_BH_GB_MT64x64x16_MI16x16x16x1_SN_GLVWA16_GLVWB16_GRVW16_K1_SS1_SVW1_WSGRA1_WSGRB0,NO_CHECK,36.04,7448.26,,0.25,1,32,1,1,1,0.25,4325376,131072,,,,,,,,,,2026-04-18 22:26:47.
0,27/44,30/47,Contraction_l_Ailk_Bjlk_Cijk_Dijk,"(128,1024,1,1024)",Cijk_Ailk_Bjlk_F8F8S_BH_GB_MT64x64x16_MI16x16x16x1_SN_GLVWA4_GLVWB4_GRVW4_K1_SS1_SVW1_WSGRA0_WSGRB1,NO_CHECK,34.92,7687.16,,0.25,1,32,1,1,1,0.25,4325376,131072,,,,,,,,,,2026-04-18 22:26:47.
0,27/44,31/47,Contraction_l_Ailk_Bjlk_Cijk_Dijk,"(128,1024,1,1024)",Cijk_Ailk_Bjlk_F8F8S_BH_GB_MT64x64x16_MI16x16x16x1_SN_GLVWA8_GLVWB8_GRVW8_K1_SS1_SVW1_WSGRA0_WSGRB1,NO_CHECK,35.92,7473.15,,0.25,1,32,1,1,1,0.25,4325376,131072,,,,,,,,,,2026-04-18 22:26:47.
0,27/44,32/47,Contraction_l_Ailk_Bjlk_Cijk_Dijk,"(128,1024,1,1024)",Cijk_Ailk_Bjlk_F8F8S_BH_GB_MT64x64x16_MI16x16x16x1_SN_GLVWA16_GLVWB16_GRVW16_K1_SS1_SVW1_WSGRA0_WSGRB1,NO_CHECK,34.68,7740.35,,0.25,1,32,1,1,1,0.25,4325376,131072,,,,,,,,,,2026-04-18 22:26:47.
0,27/44,33/47,Contraction_l_Ailk_Bjlk_Cijk_Dijk,"(128,1024,1,1024)",Cijk_Ailk_Bjlk_F8F8S_BH_GB_MT64x64x16_MI16x16x16x1_SN_GLVWA4_GLVWB4_GRVW4_K1_SS1_SVW1_WSGRA1_WSGRB1,NO_CHECK,36.16,7423.55,,0.25,1,32,1,1,1,0.25,4325376,131072,,,,,,,,,,2026-04-18 22:26:47.
0,27/44,34/47,Contraction_l_Ailk_Bjlk_Cijk_Dijk,"(128,1024,1,1024)",Cijk_Ailk_Bjlk_F8F8S_BH_GB_MT64x64x16_MI16x16x16x1_SN_GLVWA8_GLVWB8_GRVW8_K1_SS1_SVW1_WSGRA1_WSGRB1,NO_CHECK,33.52,8008.22,,0.25,1,32,1,1,1,0.25,4325376,131072,,,,,,,,,,2026-04-18 22:26:47.
0,27/44,35/47,Contraction_l_Ailk_Bjlk_Cijk_Dijk,"(128,1024,1,1024)",Cijk_Ailk_Bjlk_F8F8S_BH_GB_MT64x64x16_MI16x16x16x1_SN_GLVWA16_GLVWB16_GRVW16_K1_SS1_SVW1_WSGRA1_WSGRB1,NO_CHECK,33.84,7932.49,,0.25,1,32,1,1,1,0.25,4325376,131072,,,,,,,,,,2026-04-18 22:26:47.
0,27/44,36/47,Contraction_l_Ailk_Bjlk_Cijk_Dijk,"(128,1024,1,1024)",Cijk_Ailk_Bjlk_F8F8S_BH_GB_MT64x64x32_MI16x16x16x1_SN_GLVWA4_GLVWB4_GRVW4_K1_SS1_SVW1_WSGRA0_WSGRB0,NO_CHECK,33.92,7913.78,,0.25,1,32,1,1,1,0.25,4325376,131072,,,,,,,,,,2026-04-18 22:26:47.
0,27/44,37/47,Contraction_l_Ailk_Bjlk_Cijk_Dijk,"(128,1024,1,1024)",Cijk_Ailk_Bjlk_F8F8S_BH_GB_MT64x64x32_MI16x16x16x1_SN_GLVWA8_GLVWB8_GRVW8_K1_SS1_SVW1_WSGRA0_WSGRB0,NO_CHECK,32.12,8357.27,,0.25,1,32,1,1,1,0.25,4325376,131072,,,,,,,,,,2026-04-18 22:26:47.
0,27/44,38/47,Contraction_l_Ailk_Bjlk_Cijk_Dijk,"(128,1024,1,1024)",Cijk_Ailk_Bjlk_F8F8S_BH_GB_MT64x64x32_MI16x16x16x1_SN_GLVWA16_GLVWB16_GRVW16_K1_SS1_SVW1_WSGRA0_WSGRB0,NO_CHECK,32.881,8163.85,,0.25,1,32,1,1,1,0.25,4325376,131072,,,,,,,,,,2026-04-18 22:26:47.
0,27/44,39/47,Contraction_l_Ailk_Bjlk_Cijk_Dijk,"(128,1024,1,1024)",Cijk_Ailk_Bjlk_F8F8S_BH_GB_MT64x64x32_MI16x16x16x1_SN_GLVWA4_GLVWB4_GRVW4_K1_SS1_SVW1_WSGRA1_WSGRB0,NO_CHECK,33.08,8114.74,,0.25,1,32,1,1,1,0.25,4325376,131072,,,,,,,,,,2026-04-18 22:26:47.
0,27/44,40/47,Contraction_l_Ailk_Bjlk_Cijk_Dijk,"(128,1024,1,1024)",Cijk_Ailk_Bjlk_F8F8S_BH_GB_MT64x64x32_MI16x16x16x1_SN_GLVWA8_GLVWB8_GRVW8_K1_SS1_SVW1_WSGRA1_WSGRB0,NO_CHECK,32.68,8214.06,,0.25,1,32,1,1,1,0.25,4325376,131072,,,,,,,,,,2026-04-18 22:26:47.
0,27/44,41/47,Contraction_l_Ailk_Bjlk_Cijk_Dijk,"(128,1024,1,1024)",Cijk_Ailk_Bjlk_F8F8S_BH_GB_MT64x64x32_MI16x16x16x1_SN_GLVWA16_GLVWB16_GRVW16_K1_SS1_SVW1_WSGRA1_WSGRB0,NO_CHECK,32.521,8254.22,,0.25,1,32,1,1,1,0.25,4325376,131072,,,,,,,,,,2026-04-18 22:26:47.
0,27/44,42/47,Contraction_l_Ailk_Bjlk_Cijk_Dijk,"(128,1024,1,1024)",Cijk_Ailk_Bjlk_F8F8S_BH_GB_MT64x64x32_MI16x16x16x1_SN_GLVWA4_GLVWB4_GRVW4_K1_SS1_SVW1_WSGRA0_WSGRB1,NO_CHECK,32.84,8174.04,,0.25,1,32,1,1,1,0.25,4325376,131072,,,,,,,,,,2026-04-18 22:26:47.
0,27/44,43/47,Contraction_l_Ailk_Bjlk_Cijk_Dijk,"(128,1024,1,1024)",Cijk_Ailk_Bjlk_F8F8S_BH_GB_MT64x64x32_MI16x16x16x1_SN_GLVWA8_GLVWB8_GRVW8_K1_SS1_SVW1_WSGRA0_WSGRB1,NO_CHECK,32.84,8174.04,,0.25,1,32,1,1,1,0.25,4325376,131072,,,,,,,,,,2026-04-18 22:26:47.
0,27/44,44/47,Contraction_l_Ailk_Bjlk_Cijk_Dijk,"(128,1024,1,1024)",Cijk_Ailk_Bjlk_F8F8S_BH_GB_MT64x64x32_MI16x16x16x1_SN_GLVWA16_GLVWB16_GRVW16_K1_SS1_SVW1_WSGRA0_WSGRB1,NO_CHECK,31.32,8570.74,,0.25,1,32,1,1,1,0.25,4325376,131072,,,,,,,,,,2026-04-18 22:26:47.
0,27/44,45/47,Contraction_l_Ailk_Bjlk_Cijk_Dijk,"(128,1024,1,1024)",Cijk_Ailk_Bjlk_F8F8S_BH_GB_MT64x64x32_MI16x16x16x1_SN_GLVWA4_GLVWB4_GRVW4_K1_SS1_SVW1_WSGRA1_WSGRB1,NO_CHECK,34,7895.16,,0.25,1,32,1,1,1,0.25,4325376,131072,,,,,,,,,,2026-04-18 22:26:47.
0,27/44,46/47,Contraction_l_Ailk_Bjlk_Cijk_Dijk,"(128,1024,1,1024)",Cijk_Ailk_Bjlk_F8F8S_BH_GB_MT64x64x32_MI16x16x16x1_SN_GLVWA8_GLVWB8_GRVW8_K1_SS1_SVW1_WSGRA1_WSGRB1,NO_CHECK,31.361,8559.53,,0.25,1,32,1,1,1,0.25,4325376,131072,,,,,,,,,,2026-04-18 22:26:47.
0,27/44,47/47,Contraction_l_Ailk_Bjlk_Cijk_Dijk,"(128,1024,1,1024)",Cijk_Ailk_Bjlk_F8F8S_BH_GB_MT64x64x32_MI16x16x16x1_SN_GLVWA16_GLVWB16_GRVW16_K1_SS1_SVW1_WSGRA1_WSGRB1,NO_CHECK,30.52,8795.4,,0.25,1,32,1,1,1,0.25,4325376,131072,,,,,,,,,,2026-04-18 22:26:47.
0,28/44,0/47,Contraction_l_Ailk_Bjlk_Cijk_Dijk,"(128,1024,1,4096)",Cijk_Ailk_Bjlk_F8F8S_BH_GB_MT64x64x16_MI16x16x16x1_SN_GLVWA4_GLVWB4_GRVW4_K1_SS0_SVW4_WSGRA0_WSGRB0,NO_CHECK,118.081,9093.26,,0.25,1,32,1,1,1,0.25,16908288,131072,,,,,,,,,,2026-04-18 22:26:47.
0,28/44,1/47,Contraction_l_Ailk_Bjlk_Cijk_Dijk,"(128,1024,1,4096)",Cijk_Ailk_Bjlk_F8F8S_BH_GB_MT64x64x16_MI16x16x16x1_SN_GLVWA8_GLVWB8_GRVW8_K1_SS0_SVW4_WSGRA0_WSGRB0,NO_CHECK,88.641,12113.4,,0.25,1,32,1,1,1,0.25,16908288,131072,,,,,,,,,,2026-04-18 22:26:47.
0,28/44,2/47,Contraction_l_Ailk_Bjlk_Cijk_Dijk,"(128,1024,1,4096)",Cijk_Ailk_Bjlk_F8F8S_BH_GB_MT64x64x16_MI16x16x16x1_SN_GLVWA16_GLVWB16_GRVW16_K1_SS0_SVW4_WSGRA0_WSGRB0,NO_CHECK,89.241,12031.9,,0.25,1,32,1,1,1,0.25,16908288,131072,,,,,,,,,,2026-04-18 22:26:47.
0,28/44,3/47,Contraction_l_Ailk_Bjlk_Cijk_Dijk,"(128,1024,1,4096)",Cijk_Ailk_Bjlk_F8F8S_BH_GB_MT64x64x16_MI16x16x16x1_SN_GLVWA4_GLVWB4_GRVW4_K1_SS0_SVW4_WSGRA1_WSGRB0,NO_CHECK,88.961,12069.8,,0.25,1,32,1,1,1,0.25,16908288,131072,,,,,,,,,,2026-04-18 22:26:47.
0,28/44,4/47,Contraction_l_Ailk_Bjlk_Cijk_Dijk,"(128,1024,1,4096)",Cijk_Ailk_Bjlk_F8F8S_BH_GB_MT64x64x16_MI16x16x16x1_SN_GLVWA8_GLVWB8_GRVW8_K1_SS0_SVW4_WSGRA1_WSGRB0,NO_CHECK,86.841,12364.5,,0.25,1,32,1,1,1,0.25,16908288,131072,,,,,,,,,,2026-04-18 22:26:47.
0,28/44,5/47,Contraction_l_Ailk_Bjlk_Cijk_Dijk,"(128,1024,1,4096)",Cijk_Ailk_Bjlk_F8F8S_BH_GB_MT64x64x16_MI16x16x16x1_SN_GLVWA16_GLVWB16_GRVW16_K1_SS0_SVW4_WSGRA1_WSGRB0,NO_CHECK,89.64,11978.4,,0.25,1,32,1,1,1,0.25,16908288,131072,,,,,,,,,,2026-04-18 22:26:47.
0,28/44,6/47,Contraction_l_Ailk_Bjlk_Cijk_Dijk,"(128,1024,1,4096)",Cijk_Ailk_Bjlk_F8F8S_BH_GB_MT64x64x16_MI16x16x16x1_SN_GLVWA4_GLVWB4_GRVW4_K1_SS0_SVW4_WSGRA0_WSGRB1,NO_CHECK,89.24,12032.1,,0.25,1,32,1,1,1,0.25,16908288,131072,,,,,,,,,,2026-04-18 22:26:47.
0,28/44,7/47,Contraction_l_Ailk_Bjlk_Cijk_Dijk,"(128,1024,1,4096)",Cijk_Ailk_Bjlk_F8F8S_BH_GB_MT64x64x16_MI16x16x16x1_SN_GLVWA8_GLVWB8_GRVW8_K1_SS0_SVW4_WSGRA0_WSGRB1,NO_CHECK,90.441,11872.3,,0.25,1,32,1,1,1,0.25,16908288,131072,,,,,,,,,,2026-04-18 22:26:47.
0,28/44,8/47,Contraction_l_Ailk_Bjlk_Cijk_Dijk,"(128,1024,1,4096)",Cijk_Ailk_Bjlk_F8F8S_BH_GB_MT64x64x16_MI16x16x16x1_SN_GLVWA16_GLVWB16_GRVW16_K1_SS0_SVW4_WSGRA0_WSGRB1,NO_CHECK,89.721,11967.6,,0.25,1,32,1,1,1,0.25,16908288,131072,,,,,,,,,,2026-04-18 22:26:47.
0,28/44,9/47,Contraction_l_Ailk_Bjlk_Cijk_Dijk,"(128,1024,1,4096)",Cijk_Ailk_Bjlk_F8F8S_BH_GB_MT64x64x16_MI16x16x16x1_SN_GLVWA4_GLVWB4_GRVW4_K1_SS0_SVW4_WSGRA1_WSGRB1,NO_CHECK,89.801,11956.9,,0.25,1,32,1,1,1,0.25,16908288,131072,,,,,,,,,,2026-04-18 22:26:47.
0,28/44,10/47,Contraction_l_Ailk_Bjlk_Cijk_Dijk,"(128,1024,1,4096)",Cijk_Ailk_Bjlk_F8F8S_BH_GB_MT64x64x16_MI16x16x16x1_SN_GLVWA8_GLVWB8_GRVW8_K1_SS0_SVW4_WSGRA1_WSGRB1,NO_CHECK,88.641,12113.4,,0.25,1,32,1,1,1,0.25,16908288,131072,,,,,,,,,,2026-04-18 22:26:47.
0,28/44,11/47,Contraction_l_Ailk_Bjlk_Cijk_Dijk,"(128,1024,1,4096)",Cijk_Ailk_Bjlk_F8F8S_BH_GB_MT64x64x16_MI16x16x16x1_SN_GLVWA16_GLVWB16_GRVW16_K1_SS0_SVW4_WSGRA1_WSGRB1,NO_CHECK,89.561,11988.9,,0.25,1,32,1,1,1,0.25,16908288,131072,,,,,,,,,,2026-04-18 22:26:47.
0,28/44,12/47,Contraction_l_Ailk_Bjlk_Cijk_Dijk,"(128,1024,1,4096)",Cijk_Ailk_Bjlk_F8F8S_BH_GB_MT64x64x32_MI16x16x16x1_SN_GLVWA4_GLVWB4_GRVW4_K1_SS0_SVW4_WSGRA0_WSGRB0,NO_CHECK,67.4,15930.9,,0.25,1,32,1,1,1,0.25,16908288,131072,,,,,,,,,,2026-04-18 22:26:47.
0,28/44,13/47,Contraction_l_Ailk_Bjlk_Cijk_Dijk,"(128,1024,1,4096)",Cijk_Ailk_Bjlk_F8F8S_BH_GB_MT64x64x32_MI16x16x16x1_SN_GLVWA8_GLVWB8_GRVW8_K1_SS0_SVW4_WSGRA0_WSGRB0,NO_CHECK,66.32,16190.3,,0.25,1,32,1,1,1,0.25,16908288,131072,,,,,,,,,,2026-04-18 22:26:47.
0,28/44,14/47,Contraction_l_Ailk_Bjlk_Cijk_Dijk,"(128,1024,1,4096)",Cijk_Ailk_Bjlk_F8F8S_BH_GB_MT64x64x32_MI16x16x16x1_SN_GLVWA16_GLVWB16_GRVW16_K1_SS0_SVW4_WSGRA0_WSGRB0,NO_CHECK,66.081,16248.9,,0.25,1,32,1,1,1,0.25,16908288,131072,,,,,,,,,,2026-04-18 22:26:47.
0,28/44,15/47,Contraction_l_Ailk_Bjlk_Cijk_Dijk,"(128,1024,1,4096)",Cijk_Ailk_Bjlk_F8F8S_BH_GB_MT64x64x32_MI16x16x16x1_SN_GLVWA4_GLVWB4_GRVW4_K1_SS0_SVW4_WSGRA1_WSGRB0,NO_CHECK,67.121,15997.1,,0.25,1,32,1,1,1,0.25,16908288,131072,,,,,,,,,,2026-04-18 22:26:47.
0,28/44,16/47,Contraction_l_Ailk_Bjlk_Cijk_Dijk,"(128,1024,1,4096)",Cijk_Ailk_Bjlk_F8F8S_BH_GB_MT64x64x32_MI16x16x16x1_SN_GLVWA8_GLVWB8_GRVW8_K1_SS0_SVW4_WSGRA1_WSGRB0,NO_CHECK,65.92,16288.6,,0.25,1,32,1,1,1,0.25,16908288,131072,,,,,,,,,,2026-04-18 22:26:47.
0,28/44,17/47,Contraction_l_Ailk_Bjlk_Cijk_Dijk,"(128,1024,1,4096)",Cijk_Ailk_Bjlk_F8F8S_BH_GB_MT64x64x32_MI16x16x16x1_SN_GLVWA16_GLVWB16_GRVW16_K1_SS0_SVW4_WSGRA1_WSGRB0,NO_CHECK,66.08,16249.1,,0.25,1,32,1,1,1,0.25,16908288,131072,,,,,,,,,,2026-04-18 22:26:47.
0,28/44,18/47,Contraction_l_Ailk_Bjlk_Cijk_Dijk,"(128,1024,1,4096)",Cijk_Ailk_Bjlk_F8F8S_BH_GB_MT64x64x32_MI16x16x16x1_SN_GLVWA4_GLVWB4_GRVW4_K1_SS0_SVW4_WSGRA0_WSGRB1,NO_CHECK,67.081,16006.6,,0.25,1,32,1,1,1,0.25,16908288,131072,,,,,,,,,,2026-04-18 22:26:47.
0,28/44,19/47,Contraction_l_Ailk_Bjlk_Cijk_Dijk,"(128,1024,1,4096)",Cijk_Ailk_Bjlk_F8F8S_BH_GB_MT64x64x32_MI16x16x16x1_SN_GLVWA8_GLVWB8_GRVW8_K1_SS0_SVW4_WSGRA0_WSGRB1,NO_CHECK,66.16,16229.5,,0.25,1,32,1,1,1,0.25,16908288,131072,,,,,,,,,,2026-04-18 22:26:47.
0,28/44,20/47,Contraction_l_Ailk_Bjlk_Cijk_Dijk,"(128,1024,1,4096)",Cijk_Ailk_Bjlk_F8F8S_BH_GB_MT64x64x32_MI16x16x16x1_SN_GLVWA16_GLVWB16_GRVW16_K1_SS0_SVW4_WSGRA0_WSGRB1,NO_CHECK,66.12,16239.3,,0.25,1,32,1,1,1,0.25,16908288,131072,,,,,,,,,,2026-04-18 22:26:47.
0,28/44,21/47,Contraction_l_Ailk_Bjlk_Cijk_Dijk,"(128,1024,1,4096)",Cijk_Ailk_Bjlk_F8F8S_BH_GB_MT64x64x32_MI16x16x16x1_SN_GLVWA4_GLVWB4_GRVW4_K1_SS0_SVW4_WSGRA1_WSGRB1,NO_CHECK,67.361,15940.1,,0.25,1,32,1,1,1,0.25,16908288,131072,,,,,,,,,,2026-04-18 22:26:47.
0,28/44,22/47,Contraction_l_Ailk_Bjlk_Cijk_Dijk,"(128,1024,1,4096)",Cijk_Ailk_Bjlk_F8F8S_BH_GB_MT64x64x32_MI16x16x16x1_SN_GLVWA8_GLVWB8_GRVW8_K1_SS0_SVW4_WSGRA1_WSGRB1,NO_CHECK,65.921,16288.3,,0.25,1,32,1,1,1,0.25,16908288,131072,,,,,,,,,,2026-04-18 22:26:47.
0,28/44,23/47,Contraction_l_Ailk_Bjlk_Cijk_Dijk,"(128,1024,1,4096)",Cijk_Ailk_Bjlk_F8F8S_BH_GB_MT64x64x32_MI16x16x16x1_SN_GLVWA16_GLVWB16_GRVW16_K1_SS0_SVW4_WSGRA1_WSGRB1,NO_CHECK,67.2,15978.3,,0.25,1,32,1,1,1,0.25,16908288,131072,,,,,,,,,,2026-04-18 22:26:47.
0,28/44,24/47,Contraction_l_Ailk_Bjlk_Cijk_Dijk,"(128,1024,1,4096)",Cijk_Ailk_Bjlk_F8F8S_BH_GB_MT64x64x16_MI16x16x16x1_SN_GLVWA4_GLVWB4_GRVW4_K1_SS1_SVW1_WSGRA0_WSGRB0,NO_CHECK,90.04,11925.2,,0.25,1,32,1,1,1,0.25,16908288,131072,,,,,,,,,,2026-04-18 22:26:47.
0,28/44,25/47,Contraction_l_Ailk_Bjlk_Cijk_Dijk,"(128,1024,1,4096)",Cijk_Ailk_Bjlk_F8F8S_BH_GB_MT64x64x16_MI16x16x16x1_SN_GLVWA8_GLVWB8_GRVW8_K1_SS1_SVW1_WSGRA0_WSGRB0,NO_CHECK,90.201,11903.9,,0.25,1,32,1,1,1,0.25,16908288,131072,,,,,,,,,,2026-04-18 22:26:47.
0,28/44,26/47,Contraction_l_Ailk_Bjlk_Cijk_Dijk,"(128,1024,1,4096)",Cijk_Ailk_Bjlk_F8F8S_BH_GB_MT64x64x16_MI16x16x16x1_SN_GLVWA16_GLVWB16_GRVW16_K1_SS1_SVW1_WSGRA0_WSGRB0,NO_CHECK,89.601,11983.6,,0.25,1,32,1,1,1,0.25,16908288,131072,,,,,,,,,,2026-04-18 22:26:47.
0,28/44,27/47,Contraction_l_Ailk_Bjlk_Cijk_Dijk,"(128,1024,1,4096)",Cijk_Ailk_Bjlk_F8F8S_BH_GB_MT64x64x16_MI16x16x16x1_SN_GLVWA4_GLVWB4_GRVW4_K1_SS1_SVW1_WSGRA1_WSGRB0,NO_CHECK,89.881,11946.3,,0.25,1,32,1,1,1,0.25,16908288,131072,,,,,,,,,,2026-04-18 22:26:47.
0,28/44,28/47,Contraction_l_Ailk_Bjlk_Cijk_Dijk,"(128,1024,1,4096)",Cijk_Ailk_Bjlk_F8F8S_BH_GB_MT64x64x16_MI16x16x16x1_SN_GLVWA8_GLVWB8_GRVW8_K1_SS1_SVW1_WSGRA1_WSGRB0,NO_CHECK,88.921,12075.2,,0.25,1,32,1,1,1,0.25,16908288,131072,,,,,,,,,,2026-04-18 22:26:47.
0,28/44,29/47,Contraction_l_Ailk_Bjlk_Cijk_Dijk,"(128,1024,1,4096)",Cijk_Ailk_Bjlk_F8F8S_BH_GB_MT64x64x16_MI16x16x16x1_SN_GLVWA16_GLVWB16_GRVW16_K1_SS1_SVW1_WSGRA1_WSGRB0,NO_CHECK,89.32,12021.3,,0.25,1,32,1,1,1,0.25,16908288,131072,,,,,,,,,,2026-04-18 22:26:47.
0,28/44,30/47,Contraction_l_Ailk_Bjlk_Cijk_Dijk,"(128,1024,1,4096)",Cijk_Ailk_Bjlk_F8F8S_BH_GB_MT64x64x16_MI16x16x16x1_SN_GLVWA4_GLVWB4_GRVW4_K1_SS1_SVW1_WSGRA0_WSGRB1,NO_CHECK,89.8,11957,,0.25,1,32,1,1,1,0.25,16908288,131072,,,,,,,,,,2026-04-18 22:26:47.
0,28/44,31/47,Contraction_l_Ailk_Bjlk_Cijk_Dijk,"(128,1024,1,4096)",Cijk_Ailk_Bjlk_F8F8S_BH_GB_MT64x64x16_MI16x16x16x1_SN_GLVWA8_GLVWB8_GRVW8_K1_SS1_SVW1_WSGRA0_WSGRB1,NO_CHECK,89.2,12037.5,,0.25,1,32,1,1,1,0.25,16908288,131072,,,,,,,,,,2026-04-18 22:26:47.
0,28/44,32/47,Contraction_l_Ailk_Bjlk_Cijk_Dijk,"(128,1024,1,4096)",Cijk_Ailk_Bjlk_F8F8S_BH_GB_MT64x64x16_MI16x16x16x1_SN_GLVWA16_GLVWB16_GRVW16_K1_SS1_SVW1_WSGRA0_WSGRB1,NO_CHECK,89.401,12010.4,,0.25,1,32,1,1,1,0.25,16908288,131072,,,,,,,,,,2026-04-18 22:26:47.
0,28/44,33/47,Contraction_l_Ailk_Bjlk_Cijk_Dijk,"(128,1024,1,4096)",Cijk_Ailk_Bjlk_F8F8S_BH_GB_MT64x64x16_MI16x16x16x1_SN_GLVWA4_GLVWB4_GRVW4_K1_SS1_SVW1_WSGRA1_WSGRB1,NO_CHECK,89.881,11946.3,,0.25,1,32,1,1,1,0.25,16908288,131072,,,,,,,,,,2026-04-18 22:26:47.
0,28/44,34/47,Contraction_l_Ailk_Bjlk_Cijk_Dijk,"(128,1024,1,4096)",Cijk_Ailk_Bjlk_F8F8S_BH_GB_MT64x64x16_MI16x16x16x1_SN_GLVWA8_GLVWB8_GRVW8_K1_SS1_SVW1_WSGRA1_WSGRB1,NO_CHECK,89.441,12005,,0.25,1,32,1,1,1,0.25,16908288,131072,,,,,,,,,,2026-04-18 22:26:47.
0,28/44,35/47,Contraction_l_Ailk_Bjlk_Cijk_Dijk,"(128,1024,1,4096)",Cijk_Ailk_Bjlk_F8F8S_BH_GB_MT64x64x16_MI16x16x16x1_SN_GLVWA16_GLVWB16_GRVW16_K1_SS1_SVW1_WSGRA1_WSGRB1,NO_CHECK,89.601,11983.6,,0.25,1,32,1,1,1,0.25,16908288,131072,,,,,,,,,,2026-04-18 22:26:47.
0,28/44,36/47,Contraction_l_Ailk_Bjlk_Cijk_Dijk,"(128,1024,1,4096)",Cijk_Ailk_Bjlk_F8F8S_BH_GB_MT64x64x32_MI16x16x16x1_SN_GLVWA4_GLVWB4_GRVW4_K1_SS1_SVW1_WSGRA0_WSGRB0,NO_CHECK,67.8,15836.9,,0.25,1,32,1,1,1,0.25,16908288,131072,,,,,,,,,,2026-04-18 22:26:47.
0,28/44,37/47,Contraction_l_Ailk_Bjlk_Cijk_Dijk,"(128,1024,1,4096)",Cijk_Ailk_Bjlk_F8F8S_BH_GB_MT64x64x32_MI16x16x16x1_SN_GLVWA8_GLVWB8_GRVW8_K1_SS1_SVW1_WSGRA0_WSGRB0,NO_CHECK,66.84,16064.4,,0.25,1,32,1,1,1,0.25,16908288,131072,,,,,,,,,,2026-04-18 22:26:47.
0,28/44,38/47,Contraction_l_Ailk_Bjlk_Cijk_Dijk,"(128,1024,1,4096)",Cijk_Ailk_Bjlk_F8F8S_BH_GB_MT64x64x32_MI16x16x16x1_SN_GLVWA16_GLVWB16_GRVW16_K1_SS1_SVW1_WSGRA0_WSGRB0,NO_CHECK,66.721,16093,,0.25,1,32,1,1,1,0.25,16908288,131072,,,,,,,,,,2026-04-18 22:26:47.
0,28/44,39/47,Contraction_l_Ailk_Bjlk_Cijk_Dijk,"(128,1024,1,4096)",Cijk_Ailk_Bjlk_F8F8S_BH_GB_MT64x64x32_MI16x16x16x1_SN_GLVWA4_GLVWB4_GRVW4_K1_SS1_SVW1_WSGRA1_WSGRB0,NO_CHECK,67.401,15930.7,,0.25,1,32,1,1,1,0.25,16908288,131072,,,,,,,,,,2026-04-18 22:26:47.
0,28/44,40/47,Contraction_l_Ailk_Bjlk_Cijk_Dijk,"(128,1024,1,4096)",Cijk_Ailk_Bjlk_F8F8S_BH_GB_MT64x64x32_MI16x16x16x1_SN_GLVWA8_GLVWB8_GRVW8_K1_SS1_SVW1_WSGRA1_WSGRB0,NO_CHECK,66.881,16054.5,,0.25,1,32,1,1,1,0.25,16908288,131072,,,,,,,,,,2026-04-18 22:26:47.
0,28/44,41/47,Contraction_l_Ailk_Bjlk_Cijk_Dijk,"(128,1024,1,4096)",Cijk_Ailk_Bjlk_F8F8S_BH_GB_MT64x64x32_MI16x16x16x1_SN_GLVWA16_GLVWB16_GRVW16_K1_SS1_SVW1_WSGRA1_WSGRB0,NO_CHECK,71.96,14921.4,,0.25,1,32,1,1,1,0.25,16908288,131072,,,,,,,,,,2026-04-18 22:26:47.
0,28/44,42/47,Contraction_l_Ailk_Bjlk_Cijk_Dijk,"(128,1024,1,4096)",Cijk_Ailk_Bjlk_F8F8S_BH_GB_MT64x64x32_MI16x16x16x1_SN_GLVWA4_GLVWB4_GRVW4_K1_SS1_SVW1_WSGRA0_WSGRB1,NO_CHECK,78.281,13716.5,,0.25,1,32,1,1,1,0.25,16908288,131072,,,,,,,,,,2026-04-18 22:26:47.
0,28/44,43/47,Contraction_l_Ailk_Bjlk_Cijk_Dijk,"(128,1024,1,4096)",Cijk_Ailk_Bjlk_F8F8S_BH_GB_MT64x64x32_MI16x16x16x1_SN_GLVWA8_GLVWB8_GRVW8_K1_SS1_SVW1_WSGRA0_WSGRB1,NO_CHECK,66.601,16122,,0.25,1,32,1,1,1,0.25,16908288,131072,,,,,,,,,,2026-04-18 22:26:47.
0,28/44,44/47,Contraction_l_Ailk_Bjlk_Cijk_Dijk,"(128,1024,1,4096)",Cijk_Ailk_Bjlk_F8F8S_BH_GB_MT64x64x32_MI16x16x16x1_SN_GLVWA16_GLVWB16_GRVW16_K1_SS1_SVW1_WSGRA0_WSGRB1,NO_CHECK,66.401,16170.6,,0.25,1,32,1,1,1,0.25,16908288,131072,,,,,,,,,,2026-04-18 22:26:47.
0,28/44,45/47,Contraction_l_Ailk_Bjlk_Cijk_Dijk,"(128,1024,1,4096)",Cijk_Ailk_Bjlk_F8F8S_BH_GB_MT64x64x32_MI16x16x16x1_SN_GLVWA4_GLVWB4_GRVW4_K1_SS1_SVW1_WSGRA1_WSGRB1,NO_CHECK,67.52,15902.6,,0.25,1,32,1,1,1,0.25,16908288,131072,,,,,,,,,,2026-04-18 22:26:47.
0,28/44,46/47,Contraction_l_Ailk_Bjlk_Cijk_Dijk,"(128,1024,1,4096)",Cijk_Ailk_Bjlk_F8F8S_BH_GB_MT64x64x32_MI16x16x16x1_SN_GLVWA8_GLVWB8_GRVW8_K1_SS1_SVW1_WSGRA1_WSGRB1,NO_CHECK,66.84,16064.4,,0.25,1,32,1,1,1,0.25,16908288,131072,,,,,,,,,,2026-04-18 22:26:47.
0,28/44,47/47,Contraction_l_Ailk_Bjlk_Cijk_Dijk,"(128,1024,1,4096)",Cijk_Ailk_Bjlk_F8F8S_BH_GB_MT64x64x32_MI16x16x16x1_SN_GLVWA16_GLVWB16_GRVW16_K1_SS1_SVW1_WSGRA1_WSGRB1,NO_CHECK,66.961,16035.3,,0.25,1,32,1,1,1,0.25,16908288,131072,,,,,,,,,,2026-04-18 22:26:47.
0,29/44,0/47,Contraction_l_Ailk_Bjlk_Cijk_Dijk,"(128,1024,1,8192)",Cijk_Ailk_Bjlk_F8F8S_BH_GB_MT64x64x16_MI16x16x16x1_SN_GLVWA4_GLVWB4_GRVW4_K1_SS0_SVW4_WSGRA0_WSGRB0,NO_CHECK,200.082,10733,,0.25,1,32,1,1,1,0.25,33685504,131072,,,,,,,,,,2026-04-18 22:26:47.
0,29/44,1/47,Contraction_l_Ailk_Bjlk_Cijk_Dijk,"(128,1024,1,8192)",Cijk_Ailk_Bjlk_F8F8S_BH_GB_MT64x64x16_MI16x16x16x1_SN_GLVWA8_GLVWB8_GRVW8_K1_SS0_SVW4_WSGRA0_WSGRB0,NO_CHECK,168.281,12761.3,,0.25,1,32,1,1,1,0.25,33685504,131072,,,,,,,,,,2026-04-18 22:26:47.
0,29/44,2/47,Contraction_l_Ailk_Bjlk_Cijk_Dijk,"(128,1024,1,8192)",Cijk_Ailk_Bjlk_F8F8S_BH_GB_MT64x64x16_MI16x16x16x1_SN_GLVWA16_GLVWB16_GRVW16_K1_SS0_SVW4_WSGRA0_WSGRB0,NO_CHECK,170.082,12626.2,,0.25,1,32,1,1,1,0.25,33685504,131072,,,,,,,,,,2026-04-18 22:26:47.
0,29/44,3/47,Contraction_l_Ailk_Bjlk_Cijk_Dijk,"(128,1024,1,8192)",Cijk_Ailk_Bjlk_F8F8S_BH_GB_MT64x64x16_MI16x16x16x1_SN_GLVWA4_GLVWB4_GRVW4_K1_SS0_SVW4_WSGRA1_WSGRB0,NO_CHECK,170.561,12590.7,,0.25,1,32,1,1,1,0.25,33685504,131072,,,,,,,,,,2026-04-18 22:26:47.
0,29/44,4/47,Contraction_l_Ailk_Bjlk_Cijk_Dijk,"(128,1024,1,8192)",Cijk_Ailk_Bjlk_F8F8S_BH_GB_MT64x64x16_MI16x16x16x1_SN_GLVWA8_GLVWB8_GRVW8_K1_SS0_SVW4_WSGRA1_WSGRB0,NO_CHECK,169.282,12685.8,,0.25,1,32,1,1,1,0.25,33685504,131072,,,,,,,,,,2026-04-18 22:26:47.
0,29/44,5/47,Contraction_l_Ailk_Bjlk_Cijk_Dijk,"(128,1024,1,8192)",Cijk_Ailk_Bjlk_F8F8S_BH_GB_MT64x64x16_MI16x16x16x1_SN_GLVWA16_GLVWB16_GRVW16_K1_SS0_SVW4_WSGRA1_WSGRB0,NO_CHECK,169.921,12638.1,,0.25,1,32,1,1,1,0.25,33685504,131072,,,,,,,,,,2026-04-18 22:26:47.
0,29/44,6/47,Contraction_l_Ailk_Bjlk_Cijk_Dijk,"(128,1024,1,8192)",Cijk_Ailk_Bjlk_F8F8S_BH_GB_MT64x64x16_MI16x16x16x1_SN_GLVWA4_GLVWB4_GRVW4_K1_SS0_SVW4_WSGRA0_WSGRB1,NO_CHECK,170.281,12611.4,,0.25,1,32,1,1,1,0.25,33685504,131072,,,,,,,,,,2026-04-18 22:26:47.
0,29/44,7/47,Contraction_l_Ailk_Bjlk_Cijk_Dijk,"(128,1024,1,8192)",Cijk_Ailk_Bjlk_F8F8S_BH_GB_MT64x64x16_MI16x16x16x1_SN_GLVWA8_GLVWB8_GRVW8_K1_SS0_SVW4_WSGRA0_WSGRB1,NO_CHECK,169.241,12688.9,,0.25,1,32,1,1,1,0.25,33685504,131072,,,,,,,,,,2026-04-18 22:26:47.
0,29/44,8/47,Contraction_l_Ailk_Bjlk_Cijk_Dijk,"(128,1024,1,8192)",Cijk_Ailk_Bjlk_F8F8S_BH_GB_MT64x64x16_MI16x16x16x1_SN_GLVWA16_GLVWB16_GRVW16_K1_SS0_SVW4_WSGRA0_WSGRB1,NO_CHECK,168.281,12761.3,,0.25,1,32,1,1,1,0.25,33685504,131072,,,,,,,,,,2026-04-18 22:26:47.
0,29/44,9/47,Contraction_l_Ailk_Bjlk_Cijk_Dijk,"(128,1024,1,8192)",Cijk_Ailk_Bjlk_F8F8S_BH_GB_MT64x64x16_MI16x16x16x1_SN_GLVWA4_GLVWB4_GRVW4_K1_SS0_SVW4_WSGRA1_WSGRB1,NO_CHECK,169.922,12638.1,,0.25,1,32,1,1,1,0.25,33685504,131072,,,,,,,,,,2026-04-18 22:26:47.
0,29/44,10/47,Contraction_l_Ailk_Bjlk_Cijk_Dijk,"(128,1024,1,8192)",Cijk_Ailk_Bjlk_F8F8S_BH_GB_MT64x64x16_MI16x16x16x1_SN_GLVWA8_GLVWB8_GRVW8_K1_SS0_SVW4_WSGRA1_WSGRB1,NO_CHECK,169.241,12688.9,,0.25,1,32,1,1,1,0.25,33685504,131072,,,,,,,,,,2026-04-18 22:26:47.
0,29/44,11/47,Contraction_l_Ailk_Bjlk_Cijk_Dijk,"(128,1024,1,8192)",Cijk_Ailk_Bjlk_F8F8S_BH_GB_MT64x64x16_MI16x16x16x1_SN_GLVWA16_GLVWB16_GRVW16_K1_SS0_SVW4_WSGRA1_WSGRB1,NO_CHECK,169.281,12685.9,,0.25,1,32,1,1,1,0.25,33685504,131072,,,,,,,,,,2026-04-18 22:26:47.
0,29/44,12/47,Contraction_l_Ailk_Bjlk_Cijk_Dijk,"(128,1024,1,8192)",Cijk_Ailk_Bjlk_F8F8S_BH_GB_MT64x64x32_MI16x16x16x1_SN_GLVWA4_GLVWB4_GRVW4_K1_SS0_SVW4_WSGRA0_WSGRB0,NO_CHECK,125.201,17152.3,,0.25,1,32,1,1,1,0.25,33685504,131072,,,,,,,,,,2026-04-18 22:26:47.
0,29/44,13/47,Contraction_l_Ailk_Bjlk_Cijk_Dijk,"(128,1024,1,8192)",Cijk_Ailk_Bjlk_F8F8S_BH_GB_MT64x64x32_MI16x16x16x1_SN_GLVWA8_GLVWB8_GRVW8_K1_SS0_SVW4_WSGRA0_WSGRB0,NO_CHECK,122.84,17482,,0.25,1,32,1,1,1,0.25,33685504,131072,,,,,,,,,,2026-04-18 22:26:47.
0,29/44,14/47,Contraction_l_Ailk_Bjlk_Cijk_Dijk,"(128,1024,1,8192)",Cijk_Ailk_Bjlk_F8F8S_BH_GB_MT64x64x32_MI16x16x16x1_SN_GLVWA16_GLVWB16_GRVW16_K1_SS0_SVW4_WSGRA0_WSGRB0,NO_CHECK,123.641,17368.7,,0.25,1,32,1,1,1,0.25,33685504,131072,,,,,,,,,,2026-04-18 22:26:47.
0,29/44,15/47,Contraction_l_Ailk_Bjlk_Cijk_Dijk,"(128,1024,1,8192)",Cijk_Ailk_Bjlk_F8F8S_BH_GB_MT64x64x32_MI16x16x16x1_SN_GLVWA4_GLVWB4_GRVW4_K1_SS0_SVW4_WSGRA1_WSGRB0,NO_CHECK,123.961,17323.9,,0.25,1,32,1,1,1,0.25,33685504,131072,,,,,,,,,,2026-04-18 22:26:47.
0,29/44,16/47,Contraction_l_Ailk_Bjlk_Cijk_Dijk,"(128,1024,1,8192)",Cijk_Ailk_Bjlk_F8F8S_BH_GB_MT64x64x32_MI16x16x16x1_SN_GLVWA8_GLVWB8_GRVW8_K1_SS0_SVW4_WSGRA1_WSGRB0,NO_CHECK,123.881,17335.1,,0.25,1,32,1,1,1,0.25,33685504,131072,,,,,,,,,,2026-04-18 22:26:47.
0,29/44,17/47,Contraction_l_Ailk_Bjlk_Cijk_Dijk,"(128,1024,1,8192)",Cijk_Ailk_Bjlk_F8F8S_BH_GB_MT64x64x32_MI16x16x16x1_SN_GLVWA16_GLVWB16_GRVW16_K1_SS0_SVW4_WSGRA1_WSGRB0,NO_CHECK,121.761,17636.9,,0.25,1,32,1,1,1,0.25,33685504,131072,,,,,,,,,,2026-04-18 22:26:47.
0,29/44,18/47,Contraction_l_Ailk_Bjlk_Cijk_Dijk,"(128,1024,1,8192)",Cijk_Ailk_Bjlk_F8F8S_BH_GB_MT64x64x32_MI16x16x16x1_SN_GLVWA4_GLVWB4_GRVW4_K1_SS0_SVW4_WSGRA0_WSGRB1,NO_CHECK,125.041,17174.2,,0.25,1,32,1,1,1,0.25,33685504,131072,,,,,,,,,,2026-04-18 22:26:47.
0,29/44,19/47,Contraction_l_Ailk_Bjlk_Cijk_Dijk,"(128,1024,1,8192)",Cijk_Ailk_Bjlk_F8F8S_BH_GB_MT64x64x32_MI16x16x16x1_SN_GLVWA8_GLVWB8_GRVW8_K1_SS0_SVW4_WSGRA0_WSGRB1,NO_CHECK,123.201,17430.7,,0.25,1,32,1,1,1,0.25,33685504,131072,,,,,,,,,,2026-04-18 22:26:47.
0,29/44,20/47,Contraction_l_Ailk_Bjlk_Cijk_Dijk,"(128,1024,1,8192)",Cijk_Ailk_Bjlk_F8F8S_BH_GB_MT64x64x32_MI16x16x16x1_SN_GLVWA16_GLVWB16_GRVW16_K1_SS0_SVW4_WSGRA0_WSGRB1,NO_CHECK,275.682,7789.71,,0.25,1,32,1,1,1,0.25,33685504,131072,,,,,,,,,,2026-04-18 22:26:47.
0,29/44,21/47,Contraction_l_Ailk_Bjlk_Cijk_Dijk,"(128,1024,1,8192)",Cijk_Ailk_Bjlk_F8F8S_BH_GB_MT64x64x32_MI16x16x16x1_SN_GLVWA4_GLVWB4_GRVW4_K1_SS0_SVW4_WSGRA1_WSGRB1,NO_CHECK,123.761,17351.9,,0.25,1,32,1,1,1,0.25,33685504,131072,,,,,,,,,,2026-04-18 22:26:47.
0,29/44,22/47,Contraction_l_Ailk_Bjlk_Cijk_Dijk,"(128,1024,1,8192)",Cijk_Ailk_Bjlk_F8F8S_BH_GB_MT64x64x32_MI16x16x16x1_SN_GLVWA8_GLVWB8_GRVW8_K1_SS0_SVW4_WSGRA1_WSGRB1,NO_CHECK,126.401,16989.5,,0.25,1,32,1,1,1,0.25,33685504,131072,,,,,,,,,,2026-04-18 22:26:47.
0,29/44,23/47,Contraction_l_Ailk_Bjlk_Cijk_Dijk,"(128,1024,1,8192)",Cijk_Ailk_Bjlk_F8F8S_BH_GB_MT64x64x32_MI16x16x16x1_SN_GLVWA16_GLVWB16_GRVW16_K1_SS0_SVW4_WSGRA1_WSGRB1,NO_CHECK,123.921,17329.5,,0.25,1,32,1,1,1,0.25,33685504,131072,,,,,,,,,,2026-04-18 22:26:47.
0,29/44,24/47,Contraction_l_Ailk_Bjlk_Cijk_Dijk,"(128,1024,1,8192)",Cijk_Ailk_Bjlk_F8F8S_BH_GB_MT64x64x16_MI16x16x16x1_SN_GLVWA4_GLVWB4_GRVW4_K1_SS1_SVW1_WSGRA0_WSGRB0,NO_CHECK,171.081,12552.4,,0.25,1,32,1,1,1,0.25,33685504,131072,,,,,,,,,,2026-04-18 22:26:47.
0,29/44,25/47,Contraction_l_Ailk_Bjlk_Cijk_Dijk,"(128,1024,1,8192)",Cijk_Ailk_Bjlk_F8F8S_BH_GB_MT64x64x16_MI16x16x16x1_SN_GLVWA8_GLVWB8_GRVW8_K1_SS1_SVW1_WSGRA0_WSGRB0,NO_CHECK,169.521,12668,,0.25,1,32,1,1,1,0.25,33685504,131072,,,,,,,,,,2026-04-18 22:26:47.
0,29/44,26/47,Contraction_l_Ailk_Bjlk_Cijk_Dijk,"(128,1024,1,8192)",Cijk_Ailk_Bjlk_F8F8S_BH_GB_MT64x64x16_MI16x16x16x1_SN_GLVWA16_GLVWB16_GRVW16_K1_SS1_SVW1_WSGRA0_WSGRB0,NO_CHECK,170.682,12581.8,,0.25,1,32,1,1,1,0.25,33685504,131072,,,,,,,,,,2026-04-18 22:26:47.
0,29/44,27/47,Contraction_l_Ailk_Bjlk_Cijk_Dijk,"(128,1024,1,8192)",Cijk_Ailk_Bjlk_F8F8S_BH_GB_MT64x64x16_MI16x16x16x1_SN_GLVWA4_GLVWB4_GRVW4_K1_SS1_SVW1_WSGRA1_WSGRB0,NO_CHECK,170.921,12564.2,,0.25,1,32,1,1,1,0.25,33685504,131072,,,,,,,,,,2026-04-18 22:26:47.
0,29/44,28/47,Contraction_l_Ailk_Bjlk_Cijk_Dijk,"(128,1024,1,8192)",Cijk_Ailk_Bjlk_F8F8S_BH_GB_MT64x64x16_MI16x16x16x1_SN_GLVWA8_GLVWB8_GRVW8_K1_SS1_SVW1_WSGRA1_WSGRB0,NO_CHECK,169.802,12647,,0.25,1,32,1,1,1,0.25,33685504,131072,,,,,,,,,,2026-04-18 22:26:47.
0,29/44,29/47,Contraction_l_Ailk_Bjlk_Cijk_Dijk,"(128,1024,1,8192)",Cijk_Ailk_Bjlk_F8F8S_BH_GB_MT64x64x16_MI16x16x16x1_SN_GLVWA16_GLVWB16_GRVW16_K1_SS1_SVW1_WSGRA1_WSGRB0,NO_CHECK,170.121,12623.3,,0.25,1,32,1,1,1,0.25,33685504,131072,,,,,,,,,,2026-04-18 22:26:47.
0,29/44,30/47,Contraction_l_Ailk_Bjlk_Cijk_Dijk,"(128,1024,1,8192)",Cijk_Ailk_Bjlk_F8F8S_BH_GB_MT64x64x16_MI16x16x16x1_SN_GLVWA4_GLVWB4_GRVW4_K1_SS1_SVW1_WSGRA0_WSGRB1,NO_CHECK,170.721,12578.9,,0.25,1,32,1,1,1,0.25,33685504,131072,,,,,,,,,,2026-04-18 22:26:47.
0,29/44,31/47,Contraction_l_Ailk_Bjlk_Cijk_Dijk,"(128,1024,1,8192)",Cijk_Ailk_Bjlk_F8F8S_BH_GB_MT64x64x16_MI16x16x16x1_SN_GLVWA8_GLVWB8_GRVW8_K1_SS1_SVW1_WSGRA0_WSGRB1,NO_CHECK,169.481,12670.9,,0.25,1,32,1,1,1,0.25,33685504,131072,,,,,,,,,,2026-04-18 22:26:47.
0,29/44,32/47,Contraction_l_Ailk_Bjlk_Cijk_Dijk,"(128,1024,1,8192)",Cijk_Ailk_Bjlk_F8F8S_BH_GB_MT64x64x16_MI16x16x16x1_SN_GLVWA16_GLVWB16_GRVW16_K1_SS1_SVW1_WSGRA0_WSGRB1,NO_CHECK,170.161,12620.3,,0.25,1,32,1,1,1,0.25,33685504,131072,,,,,,,,,,2026-04-18 22:26:47.
0,29/44,33/47,Contraction_l_Ailk_Bjlk_Cijk_Dijk,"(128,1024,1,8192)",Cijk_Ailk_Bjlk_F8F8S_BH_GB_MT64x64x16_MI16x16x16x1_SN_GLVWA4_GLVWB4_GRVW4_K1_SS1_SVW1_WSGRA1_WSGRB1,NO_CHECK,170.762,12575.9,,0.25,1,32,1,1,1,0.25,33685504,131072,,,,,,,,,,2026-04-18 22:26:47.
0,29/44,34/47,Contraction_l_Ailk_Bjlk_Cijk_Dijk,"(128,1024,1,8192)",Cijk_Ailk_Bjlk_F8F8S_BH_GB_MT64x64x16_MI16x16x16x1_SN_GLVWA8_GLVWB8_GRVW8_K1_SS1_SVW1_WSGRA1_WSGRB1,NO_CHECK,169.041,12703.9,,0.25,1,32,1,1,1,0.25,33685504,131072,,,,,,,,,,2026-04-18 22:26:47.
0,29/44,35/47,Contraction_l_Ailk_Bjlk_Cijk_Dijk,"(128,1024,1,8192)",Cijk_Ailk_Bjlk_F8F8S_BH_GB_MT64x64x16_MI16x16x16x1_SN_GLVWA16_GLVWB16_GRVW16_K1_SS1_SVW1_WSGRA1_WSGRB1,NO_CHECK,169.442,12673.9,,0.25,1,32,1,1,1,0.25,33685504,131072,,,,,,,,,,2026-04-18 22:26:47.
0,29/44,36/47,Contraction_l_Ailk_Bjlk_Cijk_Dijk,"(128,1024,1,8192)",Cijk_Ailk_Bjlk_F8F8S_BH_GB_MT64x64x32_MI16x16x16x1_SN_GLVWA4_GLVWB4_GRVW4_K1_SS1_SVW1_WSGRA0_WSGRB0,NO_CHECK,124.001,17318.3,,0.25,1,32,1,1,1,0.25,33685504,131072,,,,,,,,,,2026-04-18 22:26:47.
0,29/44,37/47,Contraction_l_Ailk_Bjlk_Cijk_Dijk,"(128,1024,1,8192)",Cijk_Ailk_Bjlk_F8F8S_BH_GB_MT64x64x32_MI16x16x16x1_SN_GLVWA8_GLVWB8_GRVW8_K1_SS1_SVW1_WSGRA0_WSGRB0,NO_CHECK,123.961,17323.9,,0.25,1,32,1,1,1,0.25,33685504,131072,,,,,,,,,,2026-04-18 22:26:47.
0,29/44,38/47,Contraction_l_Ailk_Bjlk_Cijk_Dijk,"(128,1024,1,8192)",Cijk_Ailk_Bjlk_F8F8S_BH_GB_MT64x64x32_MI16x16x16x1_SN_GLVWA16_GLVWB16_GRVW16_K1_SS1_SVW1_WSGRA0_WSGRB0,NO_CHECK,123.401,17402.5,,0.25,1,32,1,1,1,0.25,33685504,131072,,,,,,,,,,2026-04-18 22:26:47.
0,29/44,39/47,Contraction_l_Ailk_Bjlk_Cijk_Dijk,"(128,1024,1,8192)",Cijk_Ailk_Bjlk_F8F8S_BH_GB_MT64x64x32_MI16x16x16x1_SN_GLVWA4_GLVWB4_GRVW4_K1_SS1_SVW1_WSGRA1_WSGRB0,NO_CHECK,124.761,17212.8,,0.25,1,32,1,1,1,0.25,33685504,131072,,,,,,,,,,2026-04-18 22:26:47.
0,29/44,40/47,Contraction_l_Ailk_Bjlk_Cijk_Dijk,"(128,1024,1,8192)",Cijk_Ailk_Bjlk_F8F8S_BH_GB_MT64x64x32_MI16x16x16x1_SN_GLVWA8_GLVWB8_GRVW8_K1_SS1_SVW1_WSGRA1_WSGRB0,NO_CHECK,124.161,17296,,0.25,1,32,1,1,1,0.25,33685504,131072,,,,,,,,,,2026-04-18 22:26:47.
0,29/44,41/47,Contraction_l_Ailk_Bjlk_Cijk_Dijk,"(128,1024,1,8192)",Cijk_Ailk_Bjlk_F8F8S_BH_GB_MT64x64x32_MI16x16x16x1_SN_GLVWA16_GLVWB16_GRVW16_K1_SS1_SVW1_WSGRA1_WSGRB0,NO_CHECK,124.201,17290.4,,0.25,1,32,1,1,1,0.25,33685504,131072,,,,,,,,,,2026-04-18 22:26:47.
0,29/44,42/47,Contraction_l_Ailk_Bjlk_Cijk_Dijk,"(128,1024,1,8192)",Cijk_Ailk_Bjlk_F8F8S_BH_GB_MT64x64x32_MI16x16x16x1_SN_GLVWA4_GLVWB4_GRVW4_K1_SS1_SVW1_WSGRA0_WSGRB1,NO_CHECK,125.921,17054.2,,0.25,1,32,1,1,1,0.25,33685504,131072,,,,,,,,,,2026-04-18 22:26:47.
0,29/44,43/47,Contraction_l_Ailk_Bjlk_Cijk_Dijk,"(128,1024,1,8192)",Cijk_Ailk_Bjlk_F8F8S_BH_GB_MT64x64x32_MI16x16x16x1_SN_GLVWA8_GLVWB8_GRVW8_K1_SS1_SVW1_WSGRA0_WSGRB1,NO_CHECK,123.841,17340.7,,0.25,1,32,1,1,1,0.25,33685504,131072,,,,,,,,,,2026-04-18 22:26:47.
0,29/44,44/47,Contraction_l_Ailk_Bjlk_Cijk_Dijk,"(128,1024,1,8192)",Cijk_Ailk_Bjlk_F8F8S_BH_GB_MT64x64x32_MI16x16x16x1_SN_GLVWA16_GLVWB16_GRVW16_K1_SS1_SVW1_WSGRA0_WSGRB1,NO_CHECK,123.801,17346.3,,0.25,1,32,1,1,1,0.25,33685504,131072,,,,,,,,,,2026-04-18 22:26:47.
0,29/44,45/47,Contraction_l_Ailk_Bjlk_Cijk_Dijk,"(128,1024,1,8192)",Cijk_Ailk_Bjlk_F8F8S_BH_GB_MT64x64x32_MI16x16x16x1_SN_GLVWA4_GLVWB4_GRVW4_K1_SS1_SVW1_WSGRA1_WSGRB1,NO_CHECK,124.48,17251.6,,0.25,1,32,1,1,1,0.25,33685504,131072,,,,,,,,,,2026-04-18 22:26:47.
0,29/44,46/47,Contraction_l_Ailk_Bjlk_Cijk_Dijk,"(128,1024,1,8192)",Cijk_Ailk_Bjlk_F8F8S_BH_GB_MT64x64x32_MI16x16x16x1_SN_GLVWA8_GLVWB8_GRVW8_K1_SS1_SVW1_WSGRA1_WSGRB1,NO_CHECK,124.28,17279.4,,0.25,1,32,1,1,1,0.25,33685504,131072,,,,,,,,,,2026-04-18 22:26:47.
0,29/44,47/47,Contraction_l_Ailk_Bjlk_Cijk_Dijk,"(128,1024,1,8192)",Cijk_Ailk_Bjlk_F8F8S_BH_GB_MT64x64x32_MI16x16x16x1_SN_GLVWA16_GLVWB16_GRVW16_K1_SS1_SVW1_WSGRA1_WSGRB1,NO_CHECK,123.721,17357.5,,0.25,1,32,1,1,1,0.25,33685504,131072,,,,,,,,,,2026-04-18 22:26:47.
0,30/44,0/47,Contraction_l_Ailk_Bjlk_Cijk_Dijk,"(128,4096,1,1024)",Cijk_Ailk_Bjlk_F8F8S_BH_GB_MT64x64x16_MI16x16x16x1_SN_GLVWA4_GLVWB4_GRVW4_K1_SS0_SVW4_WSGRA0_WSGRB0,NO_CHECK,31.521,34064.3,,0.625,4,32,1,1,1,0.625,17301504,524288,,,,,,,,,,2026-04-18 22:26:47.
0,30/44,1/47,Contraction_l_Ailk_Bjlk_Cijk_Dijk,"(128,4096,1,1024)",Cijk_Ailk_Bjlk_F8F8S_BH_GB_MT64x64x16_MI16x16x16x1_SN_GLVWA8_GLVWB8_GRVW8_K1_SS0_SVW4_WSGRA0_WSGRB0,NO_CHECK,32.32,33222.2,,0.625,4,32,1,1,1,0.625,17301504,524288,,,,,,,,,,2026-04-18 22:26:47.
0,30/44,2/47,Contraction_l_Ailk_Bjlk_Cijk_Dijk,"(128,4096,1,1024)",Cijk_Ailk_Bjlk_F8F8S_BH_GB_MT64x64x16_MI16x16x16x1_SN_GLVWA16_GLVWB16_GRVW16_K1_SS0_SVW4_WSGRA0_WSGRB0,NO_CHECK,31.48,34108.7,,0.625,4,32,1,1,1,0.625,17301504,524288,,,,,,,,,,2026-04-18 22:26:47.
0,30/44,3/47,Contraction_l_Ailk_Bjlk_Cijk_Dijk,"(128,4096,1,1024)",Cijk_Ailk_Bjlk_F8F8S_BH_GB_MT64x64x16_MI16x16x16x1_SN_GLVWA4_GLVWB4_GRVW4_K1_SS0_SVW4_WSGRA1_WSGRB0,NO_CHECK,32.24,33304.6,,0.625,4,32,1,1,1,0.625,17301504,524288,,,,,,,,,,2026-04-18 22:26:47.
0,30/44,4/47,Contraction_l_Ailk_Bjlk_Cijk_Dijk,"(128,4096,1,1024)",Cijk_Ailk_Bjlk_F8F8S_BH_GB_MT64x64x16_MI16x16x16x1_SN_GLVWA8_GLVWB8_GRVW8_K1_SS0_SVW4_WSGRA1_WSGRB0,NO_CHECK,40.24,26683.4,,0.625,4,32,1,1,1,0.625,17301504,524288,,,,,,,,,,2026-04-18 22:26:47.
0,30/44,5/47,Contraction_l_Ailk_Bjlk_Cijk_Dijk,"(128,4096,1,1024)",Cijk_Ailk_Bjlk_F8F8S_BH_GB_MT64x64x16_MI16x16x16x1_SN_GLVWA16_GLVWB16_GRVW16_K1_SS0_SVW4_WSGRA1_WSGRB0,NO_CHECK,32.001,33553.4,,0.625,4,32,1,1,1,0.625,17301504,524288,,,,,,,,,,2026-04-18 22:26:47.
0,30/44,6/47,Contraction_l_Ailk_Bjlk_Cijk_Dijk,"(128,4096,1,1024)",Cijk_Ailk_Bjlk_F8F8S_BH_GB_MT64x64x16_MI16x16x16x1_SN_GLVWA4_GLVWB4_GRVW4_K1_SS0_SVW4_WSGRA0_WSGRB1,NO_CHECK,33,32537.6,,0.625,4,32,1,1,1,0.625,17301504,524288,,,,,,,,,,2026-04-18 22:26:47.
0,30/44,7/47,Contraction_l_Ailk_Bjlk_Cijk_Dijk,"(128,4096,1,1024)",Cijk_Ailk_Bjlk_F8F8S_BH_GB_MT64x64x16_MI16x16x16x1_SN_GLVWA8_GLVWB8_GRVW8_K1_SS0_SVW4_WSGRA0_WSGRB1,NO_CHECK,32.52,33017.9,,0.625,4,32,1,1,1,0.625,17301504,524288,,,,,,,,,,2026-04-18 22:26:47.
0,30/44,8/47,Contraction_l_Ailk_Bjlk_Cijk_Dijk,"(128,4096,1,1024)",Cijk_Ailk_Bjlk_F8F8S_BH_GB_MT64x64x16_MI16x16x16x1_SN_GLVWA16_GLVWB16_GRVW16_K1_SS0_SVW4_WSGRA0_WSGRB1,NO_CHECK,31.081,34546.6,,0.625,4,32,1,1,1,0.625,17301504,524288,,,,,,,,,,2026-04-18 22:26:47.
0,30/44,9/47,Contraction_l_Ailk_Bjlk_Cijk_Dijk,"(128,4096,1,1024)",Cijk_Ailk_Bjlk_F8F8S_BH_GB_MT64x64x16_MI16x16x16x1_SN_GLVWA4_GLVWB4_GRVW4_K1_SS0_SVW4_WSGRA1_WSGRB1,NO_CHECK,32.36,33181.1,,0.625,4,32,1,1,1,0.625,17301504,524288,,,,,,,,,,2026-04-18 22:26:47.
0,30/44,10/47,Contraction_l_Ailk_Bjlk_Cijk_Dijk,"(128,4096,1,1024)",Cijk_Ailk_Bjlk_F8F8S_BH_GB_MT64x64x16_MI16x16x16x1_SN_GLVWA8_GLVWB8_GRVW8_K1_SS0_SVW4_WSGRA1_WSGRB1,NO_CHECK,32.64,32896.5,,0.625,4,32,1,1,1,0.625,17301504,524288,,,,,,,,,,2026-04-18 22:26:47.
0,30/44,11/47,Contraction_l_Ailk_Bjlk_Cijk_Dijk,"(128,4096,1,1024)",Cijk_Ailk_Bjlk_F8F8S_BH_GB_MT64x64x16_MI16x16x16x1_SN_GLVWA16_GLVWB16_GRVW16_K1_SS0_SVW4_WSGRA1_WSGRB1,NO_CHECK,32.241,33303.6,,0.625,4,32,1,1,1,0.625,17301504,524288,,,,,,,,,,2026-04-18 22:26:47.
0,30/44,12/47,Contraction_l_Ailk_Bjlk_Cijk_Dijk,"(128,4096,1,1024)",Cijk_Ailk_Bjlk_F8F8S_BH_GB_MT64x64x32_MI16x16x16x1_SN_GLVWA4_GLVWB4_GRVW4_K1_SS0_SVW4_WSGRA0_WSGRB0,NO_CHECK,27.92,38457.8,,0.625,4,32,1,1,1,0.625,17301504,524288,,,,,,,,,,2026-04-18 22:26:47.
0,30/44,13/47,Contraction_l_Ailk_Bjlk_Cijk_Dijk,"(128,4096,1,1024)",Cijk_Ailk_Bjlk_F8F8S_BH_GB_MT64x64x32_MI16x16x16x1_SN_GLVWA8_GLVWB8_GRVW8_K1_SS0_SVW4_WSGRA0_WSGRB0,NO_CHECK,29.16,36822.4,,0.625,4,32,1,1,1,0.625,17301504,524288,,,,,,,,,,2026-04-18 22:26:47.
0,30/44,14/47,Contraction_l_Ailk_Bjlk_Cijk_Dijk,"(128,4096,1,1024)",Cijk_Ailk_Bjlk_F8F8S_BH_GB_MT64x64x32_MI16x16x16x1_SN_GLVWA16_GLVWB16_GRVW16_K1_SS0_SVW4_WSGRA0_WSGRB0,NO_CHECK,28.56,37596,,0.625,4,32,1,1,1,0.625,17301504,524288,,,,,,,,,,2026-04-18 22:26:47.
0,30/44,15/47,Contraction_l_Ailk_Bjlk_Cijk_Dijk,"(128,4096,1,1024)",Cijk_Ailk_Bjlk_F8F8S_BH_GB_MT64x64x32_MI16x16x16x1_SN_GLVWA4_GLVWB4_GRVW4_K1_SS0_SVW4_WSGRA1_WSGRB0,NO_CHECK,29.401,36520.6,,0.625,4,32,1,1,1,0.625,17301504,524288,,,,,,,,,,2026-04-18 22:26:47.
0,30/44,16/47,Contraction_l_Ailk_Bjlk_Cijk_Dijk,"(128,4096,1,1024)",Cijk_Ailk_Bjlk_F8F8S_BH_GB_MT64x64x32_MI16x16x16x1_SN_GLVWA8_GLVWB8_GRVW8_K1_SS0_SVW4_WSGRA1_WSGRB0,NO_CHECK,36.28,29596,,0.625,4,32,1,1,1,0.625,17301504,524288,,,,,,,,,,2026-04-18 22:26:47.
0,30/44,17/47,Contraction_l_Ailk_Bjlk_Cijk_Dijk,"(128,4096,1,1024)",Cijk_Ailk_Bjlk_F8F8S_BH_GB_MT64x64x32_MI16x16x16x1_SN_GLVWA16_GLVWB16_GRVW16_K1_SS0_SVW4_WSGRA1_WSGRB0,NO_CHECK,27.84,38568.3,,0.625,4,32,1,1,1,0.625,17301504,524288,,,,,,,,,,2026-04-18 22:26:47.
0,30/44,18/47,Contraction_l_Ailk_Bjlk_Cijk_Dijk,"(128,4096,1,1024)",Cijk_Ailk_Bjlk_F8F8S_BH_GB_MT64x64x32_MI16x16x16x1_SN_GLVWA4_GLVWB4_GRVW4_K1_SS0_SVW4_WSGRA0_WSGRB1,NO_CHECK,29.441,36471,,0.625,4,32,1,1,1,0.625,17301504,524288,,,,,,,,,,2026-04-18 22:26:47.
0,30/44,19/47,Contraction_l_Ailk_Bjlk_Cijk_Dijk,"(128,4096,1,1024)",Cijk_Ailk_Bjlk_F8F8S_BH_GB_MT64x64x32_MI16x16x16x1_SN_GLVWA8_GLVWB8_GRVW8_K1_SS0_SVW4_WSGRA0_WSGRB1,NO_CHECK,29.36,36571.6,,0.625,4,32,1,1,1,0.625,17301504,524288,,,,,,,,,,2026-04-18 22:26:47.
0,30/44,20/47,Contraction_l_Ailk_Bjlk_Cijk_Dijk,"(128,4096,1,1024)",Cijk_Ailk_Bjlk_F8F8S_BH_GB_MT64x64x32_MI16x16x16x1_SN_GLVWA16_GLVWB16_GRVW16_K1_SS0_SVW4_WSGRA0_WSGRB1,NO_CHECK,27,39768.2,,0.625,4,32,1,1,1,0.625,17301504,524288,,,,,,,,,,2026-04-18 22:26:47.
0,30/44,21/47,Contraction_l_Ailk_Bjlk_Cijk_Dijk,"(128,4096,1,1024)",Cijk_Ailk_Bjlk_F8F8S_BH_GB_MT64x64x32_MI16x16x16x1_SN_GLVWA4_GLVWB4_GRVW4_K1_SS0_SVW4_WSGRA1_WSGRB1,NO_CHECK,27.72,38735.3,,0.625,4,32,1,1,1,0.625,17301504,524288,,,,,,,,,,2026-04-18 22:26:47.
0,30/44,22/47,Contraction_l_Ailk_Bjlk_Cijk_Dijk,"(128,4096,1,1024)",Cijk_Ailk_Bjlk_F8F8S_BH_GB_MT64x64x32_MI16x16x16x1_SN_GLVWA8_GLVWB8_GRVW8_K1_SS0_SVW4_WSGRA1_WSGRB1,NO_CHECK,27.16,39533.9,,0.625,4,32,1,1,1,0.625,17301504,524288,,,,,,,,,,2026-04-18 22:26:47.
0,30/44,23/47,Contraction_l_Ailk_Bjlk_Cijk_Dijk,"(128,4096,1,1024)",Cijk_Ailk_Bjlk_F8F8S_BH_GB_MT64x64x32_MI16x16x16x1_SN_GLVWA16_GLVWB16_GRVW16_K1_SS0_SVW4_WSGRA1_WSGRB1,NO_CHECK,26.92,39886.4,,0.625,4,32,1,1,1,0.625,17301504,524288,,,,,,,,,,2026-04-18 22:26:47.
0,30/44,24/47,Contraction_l_Ailk_Bjlk_Cijk_Dijk,"(128,4096,1,1024)",Cijk_Ailk_Bjlk_F8F8S_BH_GB_MT64x64x16_MI16x16x16x1_SN_GLVWA4_GLVWB4_GRVW4_K1_SS1_SVW1_WSGRA0_WSGRB0,NO_CHECK,31.96,33596.4,,0.625,4,32,1,1,1,0.625,17301504,524288,,,,,,,,,,2026-04-18 22:26:47.
0,30/44,25/47,Contraction_l_Ailk_Bjlk_Cijk_Dijk,"(128,4096,1,1024)",Cijk_Ailk_Bjlk_F8F8S_BH_GB_MT64x64x16_MI16x16x16x1_SN_GLVWA8_GLVWB8_GRVW8_K1_SS1_SVW1_WSGRA0_WSGRB0,NO_CHECK,32.72,32816.1,,0.625,4,32,1,1,1,0.625,17301504,524288,,,,,,,,,,2026-04-18 22:26:47.
0,30/44,26/47,Contraction_l_Ailk_Bjlk_Cijk_Dijk,"(128,4096,1,1024)",Cijk_Ailk_Bjlk_F8F8S_BH_GB_MT64x64x16_MI16x16x16x1_SN_GLVWA16_GLVWB16_GRVW16_K1_SS1_SVW1_WSGRA0_WSGRB0,NO_CHECK,31.84,33723,,0.625,4,32,1,1,1,0.625,17301504,524288,,,,,,,,,,2026-04-18 22:26:47.
0,30/44,27/47,Contraction_l_Ailk_Bjlk_Cijk_Dijk,"(128,4096,1,1024)",Cijk_Ailk_Bjlk_F8F8S_BH_GB_MT64x64x16_MI16x16x16x1_SN_GLVWA4_GLVWB4_GRVW4_K1_SS1_SVW1_WSGRA1_WSGRB0,NO_CHECK,33.121,32418.8,,0.625,4,32,1,1,1,0.625,17301504,524288,,,,,,,,,,2026-04-18 22:26:47.
0,30/44,28/47,Contraction_l_Ailk_Bjlk_Cijk_Dijk,"(128,4096,1,1024)",Cijk_Ailk_Bjlk_F8F8S_BH_GB_MT64x64x16_MI16x16x16x1_SN_GLVWA8_GLVWB8_GRVW8_K1_SS1_SVW1_WSGRA1_WSGRB0,NO_CHECK,32.04,33512.5,,0.625,4,32,1,1,1,0.625,17301504,524288,,,,,,,,,,2026-04-18 22:26:47.
0,30/44,29/47,Contraction_l_Ailk_Bjlk_Cijk_Dijk,"(128,4096,1,1024)",Cijk_Ailk_Bjlk_F8F8S_BH_GB_MT64x64x16_MI16x16x16x1_SN_GLVWA16_GLVWB16_GRVW16_K1_SS1_SVW1_WSGRA1_WSGRB0,NO_CHECK,31.92,33638.5,,0.625,4,32,1,1,1,0.625,17301504,524288,,,,,,,,,,2026-04-18 22:26:47.
0,30/44,30/47,Contraction_l_Ailk_Bjlk_Cijk_Dijk,"(128,4096,1,1024)",Cijk_Ailk_Bjlk_F8F8S_BH_GB_MT64x64x16_MI16x16x16x1_SN_GLVWA4_GLVWB4_GRVW4_K1_SS1_SVW1_WSGRA0_WSGRB1,NO_CHECK,32.641,32895.5,,0.625,4,32,1,1,1,0.625,17301504,524288,,,,,,,,,,2026-04-18 22:26:47.
0,30/44,31/47,Contraction_l_Ailk_Bjlk_Cijk_Dijk,"(128,4096,1,1024)",Cijk_Ailk_Bjlk_F8F8S_BH_GB_MT64x64x16_MI16x16x16x1_SN_GLVWA8_GLVWB8_GRVW8_K1_SS1_SVW1_WSGRA0_WSGRB1,NO_CHECK,32.441,33098.3,,0.625,4,32,1,1,1,0.625,17301504,524288,,,,,,,,,,2026-04-18 22:26:47.
0,30/44,32/47,Contraction_l_Ailk_Bjlk_Cijk_Dijk,"(128,4096,1,1024)",Cijk_Ailk_Bjlk_F8F8S_BH_GB_MT64x64x16_MI16x16x16x1_SN_GLVWA16_GLVWB16_GRVW16_K1_SS1_SVW1_WSGRA0_WSGRB1,NO_CHECK,39.84,26951.3,,0.625,4,32,1,1,1,0.625,17301504,524288,,,,,,,,,,2026-04-18 22:26:47.
0,30/44,33/47,Contraction_l_Ailk_Bjlk_Cijk_Dijk,"(128,4096,1,1024)",Cijk_Ailk_Bjlk_F8F8S_BH_GB_MT64x64x16_MI16x16x16x1_SN_GLVWA4_GLVWB4_GRVW4_K1_SS1_SVW1_WSGRA1_WSGRB1,NO_CHECK,33.12,32419.7,,0.625,4,32,1,1,1,0.625,17301504,524288,,,,,,,,,,2026-04-18 22:26:47.
0,30/44,34/47,Contraction_l_Ailk_Bjlk_Cijk_Dijk,"(128,4096,1,1024)",Cijk_Ailk_Bjlk_F8F8S_BH_GB_MT64x64x16_MI16x16x16x1_SN_GLVWA8_GLVWB8_GRVW8_K1_SS1_SVW1_WSGRA1_WSGRB1,NO_CHECK,32.36,33181.1,,0.625,4,32,1,1,1,0.625,17301504,524288,,,,,,,,,,2026-04-18 22:26:47.
0,30/44,35/47,Contraction_l_Ailk_Bjlk_Cijk_Dijk,"(128,4096,1,1024)",Cijk_Ailk_Bjlk_F8F8S_BH_GB_MT64x64x16_MI16x16x16x1_SN_GLVWA16_GLVWB16_GRVW16_K1_SS1_SVW1_WSGRA1_WSGRB1,NO_CHECK,32.44,33099.3,,0.625,4,32,1,1,1,0.625,17301504,524288,,,,,,,,,,2026-04-18 22:26:47.
0,30/44,36/47,Contraction_l_Ailk_Bjlk_Cijk_Dijk,"(128,4096,1,1024)",Cijk_Ailk_Bjlk_F8F8S_BH_GB_MT64x64x32_MI16x16x16x1_SN_GLVWA4_GLVWB4_GRVW4_K1_SS1_SVW1_WSGRA0_WSGRB0,NO_CHECK,28.6,37543.4,,0.625,4,32,1,1,1,0.625,17301504,524288,,,,,,,,,,2026-04-18 22:26:47.
0,30/44,37/47,Contraction_l_Ailk_Bjlk_Cijk_Dijk,"(128,4096,1,1024)",Cijk_Ailk_Bjlk_F8F8S_BH_GB_MT64x64x32_MI16x16x16x1_SN_GLVWA8_GLVWB8_GRVW8_K1_SS1_SVW1_WSGRA0_WSGRB0,NO_CHECK,28.48,37701.6,,0.625,4,32,1,1,1,0.625,17301504,524288,,,,,,,,,,2026-04-18 22:26:47.
0,30/44,38/47,Contraction_l_Ailk_Bjlk_Cijk_Dijk,"(128,4096,1,1024)",Cijk_Ailk_Bjlk_F8F8S_BH_GB_MT64x64x32_MI16x16x16x1_SN_GLVWA16_GLVWB16_GRVW16_K1_SS1_SVW1_WSGRA0_WSGRB0,NO_CHECK,28.64,37491,,0.625,4,32,1,1,1,0.625,17301504,524288,,,,,,,,,,2026-04-18 22:26:47.
0,30/44,39/47,Contraction_l_Ailk_Bjlk_Cijk_Dijk,"(128,4096,1,1024)",Cijk_Ailk_Bjlk_F8F8S_BH_GB_MT64x64x32_MI16x16x16x1_SN_GLVWA4_GLVWB4_GRVW4_K1_SS1_SVW1_WSGRA1_WSGRB0,NO_CHECK,30.36,35367,,0.625,4,32,1,1,1,0.625,17301504,524288,,,,,,,,,,2026-04-18 22:26:47.
0,30/44,40/47,Contraction_l_Ailk_Bjlk_Cijk_Dijk,"(128,4096,1,1024)",Cijk_Ailk_Bjlk_F8F8S_BH_GB_MT64x64x32_MI16x16x16x1_SN_GLVWA8_GLVWB8_GRVW8_K1_SS1_SVW1_WSGRA1_WSGRB0,NO_CHECK,29.761,36078.8,,0.625,4,32,1,1,1,0.625,17301504,524288,,,,,,,,,,2026-04-18 22:26:47.
0,30/44,41/47,Contraction_l_Ailk_Bjlk_Cijk_Dijk,"(128,4096,1,1024)",Cijk_Ailk_Bjlk_F8F8S_BH_GB_MT64x64x32_MI16x16x16x1_SN_GLVWA16_GLVWB16_GRVW16_K1_SS1_SVW1_WSGRA1_WSGRB0,NO_CHECK,28.6,37543.4,,0.625,4,32,1,1,1,0.625,17301504,524288,,,,,,,,,,2026-04-18 22:26:47.
0,30/44,42/47,Contraction_l_Ailk_Bjlk_Cijk_Dijk,"(128,4096,1,1024)",Cijk_Ailk_Bjlk_F8F8S_BH_GB_MT64x64x32_MI16x16x16x1_SN_GLVWA4_GLVWB4_GRVW4_K1_SS1_SVW1_WSGRA0_WSGRB1,NO_CHECK,28.76,37334.6,,0.625,4,32,1,1,1,0.625,17301504,524288,,,,,,,,,,2026-04-18 22:26:47.
0,30/44,43/47,Contraction_l_Ailk_Bjlk_Cijk_Dijk,"(128,4096,1,1024)",Cijk_Ailk_Bjlk_F8F8S_BH_GB_MT64x64x32_MI16x16x16x1_SN_GLVWA8_GLVWB8_GRVW8_K1_SS1_SVW1_WSGRA0_WSGRB1,NO_CHECK,28.12,38184.3,,0.625,4,32,1,1,1,0.625,17301504,524288,,,,,,,,,,2026-04-18 22:26:47.
0,30/44,44/47,Contraction_l_Ailk_Bjlk_Cijk_Dijk,"(128,4096,1,1024)",Cijk_Ailk_Bjlk_F8F8S_BH_GB_MT64x64x32_MI16x16x16x1_SN_GLVWA16_GLVWB16_GRVW16_K1_SS1_SVW1_WSGRA0_WSGRB1,NO_CHECK,27.84,38568.3,,0.625,4,32,1,1,1,0.625,17301504,524288,,,,,,,,,,2026-04-18 22:26:47.
0,30/44,45/47,Contraction_l_Ailk_Bjlk_Cijk_Dijk,"(128,4096,1,1024)",Cijk_Ailk_Bjlk_F8F8S_BH_GB_MT64x64x32_MI16x16x16x1_SN_GLVWA4_GLVWB4_GRVW4_K1_SS1_SVW1_WSGRA1_WSGRB1,NO_CHECK,29.44,36472.2,,0.625,4,32,1,1,1,0.625,17301504,524288,,,,,,,,,,2026-04-18 22:26:47.
0,30/44,46/47,Contraction_l_Ailk_Bjlk_Cijk_Dijk,"(128,4096,1,1024)",Cijk_Ailk_Bjlk_F8F8S_BH_GB_MT64x64x32_MI16x16x16x1_SN_GLVWA8_GLVWB8_GRVW8_K1_SS1_SVW1_WSGRA1_WSGRB1,NO_CHECK,29.12,36873,,0.625,4,32,1,1,1,0.625,17301504,524288,,,,,,,,,,2026-04-18 22:26:47.
0,30/44,47/47,Contraction_l_Ailk_Bjlk_Cijk_Dijk,"(128,4096,1,1024)",Cijk_Ailk_Bjlk_F8F8S_BH_GB_MT64x64x32_MI16x16x16x1_SN_GLVWA16_GLVWB16_GRVW16_K1_SS1_SVW1_WSGRA1_WSGRB1,NO_CHECK,28.4,37807.8,,0.625,4,32,1,1,1,0.625,17301504,524288,,,,,,,,,,2026-04-18 22:26:47.
0,31/44,0/47,Contraction_l_Ailk_Bjlk_Cijk_Dijk,"(128,4096,1,4096)",Cijk_Ailk_Bjlk_F8F8S_BH_GB_MT64x64x16_MI16x16x16x1_SN_GLVWA4_GLVWB4_GRVW4_K1_SS0_SVW4_WSGRA0_WSGRB0,NO_CHECK,106.241,40426.6,,0.625,4,32,1,1,1,0.625,67633152,524288,,,,,,,,,,2026-04-18 22:26:47.
0,31/44,1/47,Contraction_l_Ailk_Bjlk_Cijk_Dijk,"(128,4096,1,4096)",Cijk_Ailk_Bjlk_F8F8S_BH_GB_MT64x64x16_MI16x16x16x1_SN_GLVWA8_GLVWB8_GRVW8_K1_SS0_SVW4_WSGRA0_WSGRB0,NO_CHECK,90.081,47678.9,,0.625,4,32,1,1,1,0.625,67633152,524288,,,,,,,,,,2026-04-18 22:26:47.
0,31/44,2/47,Contraction_l_Ailk_Bjlk_Cijk_Dijk,"(128,4096,1,4096)",Cijk_Ailk_Bjlk_F8F8S_BH_GB_MT64x64x16_MI16x16x16x1_SN_GLVWA16_GLVWB16_GRVW16_K1_SS0_SVW4_WSGRA0_WSGRB0,NO_CHECK,247.642,17343.5,,0.625,4,32,1,1,1,0.625,67633152,524288,,,,,,,,,,2026-04-18 22:26:47.
0,31/44,3/47,Contraction_l_Ailk_Bjlk_Cijk_Dijk,"(128,4096,1,4096)",Cijk_Ailk_Bjlk_F8F8S_BH_GB_MT64x64x16_MI16x16x16x1_SN_GLVWA4_GLVWB4_GRVW4_K1_SS0_SVW4_WSGRA1_WSGRB0,NO_CHECK,100.841,42591.5,,0.625,4,32,1,1,1,0.625,67633152,524288,,,,,,,,,,2026-04-18 22:26:47.
0,31/44,4/47,Contraction_l_Ailk_Bjlk_Cijk_Dijk,"(128,4096,1,4096)",Cijk_Ailk_Bjlk_F8F8S_BH_GB_MT64x64x16_MI16x16x16x1_SN_GLVWA8_GLVWB8_GRVW8_K1_SS0_SVW4_WSGRA1_WSGRB0,NO_CHECK,89.881,47785,,0.625,4,32,1,1,1,0.625,67633152,524288,,,,,,,,,,2026-04-18 22:26:47.
0,31/44,5/47,Contraction_l_Ailk_Bjlk_Cijk_Dijk,"(128,4096,1,4096)",Cijk_Ailk_Bjlk_F8F8S_BH_GB_MT64x64x16_MI16x16x16x1_SN_GLVWA16_GLVWB16_GRVW16_K1_SS0_SVW4_WSGRA1_WSGRB0,NO_CHECK,93.921,45729.6,,0.625,4,32,1,1,1,0.625,67633152,524288,,,,,,,,,,2026-04-18 22:26:47.
0,31/44,6/47,Contraction_l_Ailk_Bjlk_Cijk_Dijk,"(128,4096,1,4096)",Cijk_Ailk_Bjlk_F8F8S_BH_GB_MT64x64x16_MI16x16x16x1_SN_GLVWA4_GLVWB4_GRVW4_K1_SS0_SVW4_WSGRA0_WSGRB1,NO_CHECK,92.561,46401.5,,0.625,4,32,1,1,1,0.625,67633152,524288,,,,,,,,,,2026-04-18 22:26:47.
0,31/44,7/47,Contraction_l_Ailk_Bjlk_Cijk_Dijk,"(128,4096,1,4096)",Cijk_Ailk_Bjlk_F8F8S_BH_GB_MT64x64x16_MI16x16x16x1_SN_GLVWA8_GLVWB8_GRVW8_K1_SS0_SVW4_WSGRA0_WSGRB1,NO_CHECK,90.761,47321.7,,0.625,4,32,1,1,1,0.625,67633152,524288,,,,,,,,,,2026-04-18 22:26:47.
0,31/44,8/47,Contraction_l_Ailk_Bjlk_Cijk_Dijk,"(128,4096,1,4096)",Cijk_Ailk_Bjlk_F8F8S_BH_GB_MT64x64x16_MI16x16x16x1_SN_GLVWA16_GLVWB16_GRVW16_K1_SS0_SVW4_WSGRA0_WSGRB1,NO_CHECK,89.041,48235.8,,0.625,4,32,1,1,1,0.625,67633152,524288,,,,,,,,,,2026-04-18 22:26:47.
0,31/44,9/47,Contraction_l_Ailk_Bjlk_Cijk_Dijk,"(128,4096,1,4096)",Cijk_Ailk_Bjlk_F8F8S_BH_GB_MT64x64x16_MI16x16x16x1_SN_GLVWA4_GLVWB4_GRVW4_K1_SS0_SVW4_WSGRA1_WSGRB1,NO_CHECK,92.001,46683.9,,0.625,4,32,1,1,1,0.625,67633152,524288,,,,,,,,,,2026-04-18 22:26:47.
0,31/44,10/47,Contraction_l_Ailk_Bjlk_Cijk_Dijk,"(128,4096,1,4096)",Cijk_Ailk_Bjlk_F8F8S_BH_GB_MT64x64x16_MI16x16x16x1_SN_GLVWA8_GLVWB8_GRVW8_K1_SS0_SVW4_WSGRA1_WSGRB1,NO_CHECK,89.6,47934.9,,0.625,4,32,1,1,1,0.625,67633152,524288,,,,,,,,,,2026-04-18 22:26:47.
0,31/44,11/47,Contraction_l_Ailk_Bjlk_Cijk_Dijk,"(128,4096,1,4096)",Cijk_Ailk_Bjlk_F8F8S_BH_GB_MT64x64x16_MI16x16x16x1_SN_GLVWA16_GLVWB16_GRVW16_K1_SS0_SVW4_WSGRA1_WSGRB1,NO_CHECK,89.96,47743.1,,0.625,4,32,1,1,1,0.625,67633152,524288,,,,,,,,,,2026-04-18 22:26:47.
0,31/44,12/47,Contraction_l_Ailk_Bjlk_Cijk_Dijk,"(128,4096,1,4096)",Cijk_Ailk_Bjlk_F8F8S_BH_GB_MT64x64x32_MI16x16x16x1_SN_GLVWA4_GLVWB4_GRVW4_K1_SS0_SVW4_WSGRA0_WSGRB0,NO_CHECK,70.601,60834.4,,0.625,4,32,1,1,1,0.625,67633152,524288,,,,,,,,,,2026-04-18 22:26:47.
0,31/44,13/47,Contraction_l_Ailk_Bjlk_Cijk_Dijk,"(128,4096,1,4096)",Cijk_Ailk_Bjlk_F8F8S_BH_GB_MT64x64x32_MI16x16x16x1_SN_GLVWA8_GLVWB8_GRVW8_K1_SS0_SVW4_WSGRA0_WSGRB0,NO_CHECK,70.481,60937.9,,0.625,4,32,1,1,1,0.625,67633152,524288,,,,,,,,,,2026-04-18 22:26:47.
0,31/44,14/47,Contraction_l_Ailk_Bjlk_Cijk_Dijk,"(128,4096,1,4096)",Cijk_Ailk_Bjlk_F8F8S_BH_GB_MT64x64x32_MI16x16x16x1_SN_GLVWA16_GLVWB16_GRVW16_K1_SS0_SVW4_WSGRA0_WSGRB0,NO_CHECK,68.841,62389.7,,0.625,4,32,1,1,1,0.625,67633152,524288,,,,,,,,,,2026-04-18 22:26:47.
0,31/44,15/47,Contraction_l_Ailk_Bjlk_Cijk_Dijk,"(128,4096,1,4096)",Cijk_Ailk_Bjlk_F8F8S_BH_GB_MT64x64x32_MI16x16x16x1_SN_GLVWA4_GLVWB4_GRVW4_K1_SS0_SVW4_WSGRA1_WSGRB0,NO_CHECK,70.52,60904.2,,0.625,4,32,1,1,1,0.625,67633152,524288,,,,,,,,,,2026-04-18 22:26:47.
0,31/44,16/47,Contraction_l_Ailk_Bjlk_Cijk_Dijk,"(128,4096,1,4096)",Cijk_Ailk_Bjlk_F8F8S_BH_GB_MT64x64x32_MI16x16x16x1_SN_GLVWA8_GLVWB8_GRVW8_K1_SS0_SVW4_WSGRA1_WSGRB0,NO_CHECK,78.48,54726.9,,0.625,4,32,1,1,1,0.625,67633152,524288,,,,,,,,,,2026-04-18 22:26:47.
0,31/44,17/47,Contraction_l_Ailk_Bjlk_Cijk_Dijk,"(128,4096,1,4096)",Cijk_Ailk_Bjlk_F8F8S_BH_GB_MT64x64x32_MI16x16x16x1_SN_GLVWA16_GLVWB16_GRVW16_K1_SS0_SVW4_WSGRA1_WSGRB0,NO_CHECK,69.32,61958.6,,0.625,4,32,1,1,1,0.625,67633152,524288,,,,,,,,,,2026-04-18 22:26:47.
0,31/44,18/47,Contraction_l_Ailk_Bjlk_Cijk_Dijk,"(128,4096,1,4096)",Cijk_Ailk_Bjlk_F8F8S_BH_GB_MT64x64x32_MI16x16x16x1_SN_GLVWA4_GLVWB4_GRVW4_K1_SS0_SVW4_WSGRA0_WSGRB1,NO_CHECK,69.681,61637.6,,0.625,4,32,1,1,1,0.625,67633152,524288,,,,,,,,,,2026-04-18 22:26:47.
0,31/44,19/47,Contraction_l_Ailk_Bjlk_Cijk_Dijk,"(128,4096,1,4096)",Cijk_Ailk_Bjlk_F8F8S_BH_GB_MT64x64x32_MI16x16x16x1_SN_GLVWA8_GLVWB8_GRVW8_K1_SS0_SVW4_WSGRA0_WSGRB1,NO_CHECK,68.881,62353.4,,0.625,4,32,1,1,1,0.625,67633152,524288,,,,,,,,,,2026-04-18 22:26:47.
0,31/44,20/47,Contraction_l_Ailk_Bjlk_Cijk_Dijk,"(128,4096,1,4096)",Cijk_Ailk_Bjlk_F8F8S_BH_GB_MT64x64x32_MI16x16x16x1_SN_GLVWA16_GLVWB16_GRVW16_K1_SS0_SVW4_WSGRA0_WSGRB1,NO_CHECK,68.92,62318.2,,0.625,4,32,1,1,1,0.625,67633152,524288,,,,,,,,,,2026-04-18 22:26:47.
0,31/44,21/47,Contraction_l_Ailk_Bjlk_Cijk_Dijk,"(128,4096,1,4096)",Cijk_Ailk_Bjlk_F8F8S_BH_GB_MT64x64x32_MI16x16x16x1_SN_GLVWA4_GLVWB4_GRVW4_K1_SS0_SVW4_WSGRA1_WSGRB1,NO_CHECK,70.48,60938.8,,0.625,4,32,1,1,1,0.625,67633152,524288,,,,,,,,,,2026-04-18 22:26:47.
0,31/44,22/47,Contraction_l_Ailk_Bjlk_Cijk_Dijk,"(128,4096,1,4096)",Cijk_Ailk_Bjlk_F8F8S_BH_GB_MT64x64x32_MI16x16x16x1_SN_GLVWA8_GLVWB8_GRVW8_K1_SS0_SVW4_WSGRA1_WSGRB1,NO_CHECK,69.4,61887.1,,0.625,4,32,1,1,1,0.625,67633152,524288,,,,,,,,,,2026-04-18 22:26:47.
0,31/44,23/47,Contraction_l_Ailk_Bjlk_Cijk_Dijk,"(128,4096,1,4096)",Cijk_Ailk_Bjlk_F8F8S_BH_GB_MT64x64x32_MI16x16x16x1_SN_GLVWA16_GLVWB16_GRVW16_K1_SS0_SVW4_WSGRA1_WSGRB1,NO_CHECK,69.201,62065.1,,0.625,4,32,1,1,1,0.625,67633152,524288,,,,,,,,,,2026-04-18 22:26:47.
0,31/44,24/47,Contraction_l_Ailk_Bjlk_Cijk_Dijk,"(128,4096,1,4096)",Cijk_Ailk_Bjlk_F8F8S_BH_GB_MT64x64x16_MI16x16x16x1_SN_GLVWA4_GLVWB4_GRVW4_K1_SS1_SVW1_WSGRA0_WSGRB0,NO_CHECK,91.721,46826.4,,0.625,4,32,1,1,1,0.625,67633152,524288,,,,,,,,,,2026-04-18 22:26:47.
0,31/44,25/47,Contraction_l_Ailk_Bjlk_Cijk_Dijk,"(128,4096,1,4096)",Cijk_Ailk_Bjlk_F8F8S_BH_GB_MT64x64x16_MI16x16x16x1_SN_GLVWA8_GLVWB8_GRVW8_K1_SS1_SVW1_WSGRA0_WSGRB0,NO_CHECK,90.801,47300.9,,0.625,4,32,1,1,1,0.625,67633152,524288,,,,,,,,,,2026-04-18 22:26:47.
0,31/44,26/47,Contraction_l_Ailk_Bjlk_Cijk_Dijk,"(128,4096,1,4096)",Cijk_Ailk_Bjlk_F8F8S_BH_GB_MT64x64x16_MI16x16x16x1_SN_GLVWA16_GLVWB16_GRVW16_K1_SS1_SVW1_WSGRA0_WSGRB0,NO_CHECK,90.161,47636.6,,0.625,4,32,1,1,1,0.625,67633152,524288,,,,,,,,,,2026-04-18 22:26:47.
0,31/44,27/47,Contraction_l_Ailk_Bjlk_Cijk_Dijk,"(128,4096,1,4096)",Cijk_Ailk_Bjlk_F8F8S_BH_GB_MT64x64x16_MI16x16x16x1_SN_GLVWA4_GLVWB4_GRVW4_K1_SS1_SVW1_WSGRA1_WSGRB0,NO_CHECK,92.081,46643.4,,0.625,4,32,1,1,1,0.625,67633152,524288,,,,,,,,,,2026-04-18 22:26:47.
0,31/44,28/47,Contraction_l_Ailk_Bjlk_Cijk_Dijk,"(128,4096,1,4096)",Cijk_Ailk_Bjlk_F8F8S_BH_GB_MT64x64x16_MI16x16x16x1_SN_GLVWA8_GLVWB8_GRVW8_K1_SS1_SVW1_WSGRA1_WSGRB0,NO_CHECK,90.281,47573.3,,0.625,4,32,1,1,1,0.625,67633152,524288,,,,,,,,,,2026-04-18 22:26:47.
0,31/44,29/47,Contraction_l_Ailk_Bjlk_Cijk_Dijk,"(128,4096,1,4096)",Cijk_Ailk_Bjlk_F8F8S_BH_GB_MT64x64x16_MI16x16x16x1_SN_GLVWA16_GLVWB16_GRVW16_K1_SS1_SVW1_WSGRA1_WSGRB0,NO_CHECK,91.28,47052.7,,0.625,4,32,1,1,1,0.625,67633152,524288,,,,,,,,,,2026-04-18 22:26:47.
0,31/44,30/47,Contraction_l_Ailk_Bjlk_Cijk_Dijk,"(128,4096,1,4096)",Cijk_Ailk_Bjlk_F8F8S_BH_GB_MT64x64x16_MI16x16x16x1_SN_GLVWA4_GLVWB4_GRVW4_K1_SS1_SVW1_WSGRA0_WSGRB1,NO_CHECK,92.24,46563,,0.625,4,32,1,1,1,0.625,67633152,524288,,,,,,,,,,2026-04-18 22:26:47.
0,31/44,31/47,Contraction_l_Ailk_Bjlk_Cijk_Dijk,"(128,4096,1,4096)",Cijk_Ailk_Bjlk_F8F8S_BH_GB_MT64x64x16_MI16x16x16x1_SN_GLVWA8_GLVWB8_GRVW8_K1_SS1_SVW1_WSGRA0_WSGRB1,NO_CHECK,91.52,46929.3,,0.625,4,32,1,1,1,0.625,67633152,524288,,,,,,,,,,2026-04-18 22:26:47.
0,31/44,32/47,Contraction_l_Ailk_Bjlk_Cijk_Dijk,"(128,4096,1,4096)",Cijk_Ailk_Bjlk_F8F8S_BH_GB_MT64x64x16_MI16x16x16x1_SN_GLVWA16_GLVWB16_GRVW16_K1_SS1_SVW1_WSGRA0_WSGRB1,NO_CHECK,100.441,42761.1,,0.625,4,32,1,1,1,0.625,67633152,524288,,,,,,,,,,2026-04-18 22:26:47.
0,31/44,33/47,Contraction_l_Ailk_Bjlk_Cijk_Dijk,"(128,4096,1,4096)",Cijk_Ailk_Bjlk_F8F8S_BH_GB_MT64x64x16_MI16x16x16x1_SN_GLVWA4_GLVWB4_GRVW4_K1_SS1_SVW1_WSGRA1_WSGRB1,NO_CHECK,92.321,46522.1,,0.625,4,32,1,1,1,0.625,67633152,524288,,,,,,,,,,2026-04-18 22:26:47.
0,31/44,34/47,Contraction_l_Ailk_Bjlk_Cijk_Dijk,"(128,4096,1,4096)",Cijk_Ailk_Bjlk_F8F8S_BH_GB_MT64x64x16_MI16x16x16x1_SN_GLVWA8_GLVWB8_GRVW8_K1_SS1_SVW1_WSGRA1_WSGRB1,NO_CHECK,91.481,46949.3,,0.625,4,32,1,1,1,0.625,67633152,524288,,,,,,,,,,2026-04-18 22:26:47.
0,31/44,35/47,Contraction_l_Ailk_Bjlk_Cijk_Dijk,"(128,4096,1,4096)",Cijk_Ailk_Bjlk_F8F8S_BH_GB_MT64x64x16_MI16x16x16x1_SN_GLVWA16_GLVWB16_GRVW16_K1_SS1_SVW1_WSGRA1_WSGRB1,NO_CHECK,90.881,47259.2,,0.625,4,32,1,1,1,0.625,67633152,524288,,,,,,,,,,2026-04-18 22:26:47.
0,31/44,36/47,Contraction_l_Ailk_Bjlk_Cijk_Dijk,"(128,4096,1,4096)",Cijk_Ailk_Bjlk_F8F8S_BH_GB_MT64x64x32_MI16x16x16x1_SN_GLVWA4_GLVWB4_GRVW4_K1_SS1_SVW1_WSGRA0_WSGRB0,NO_CHECK,72.16,59520.1,,0.625,4,32,1,1,1,0.625,67633152,524288,,,,,,,,,,2026-04-18 22:26:47.
0,31/44,37/47,Contraction_l_Ailk_Bjlk_Cijk_Dijk,"(128,4096,1,4096)",Cijk_Ailk_Bjlk_F8F8S_BH_GB_MT64x64x32_MI16x16x16x1_SN_GLVWA8_GLVWB8_GRVW8_K1_SS1_SVW1_WSGRA0_WSGRB0,NO_CHECK,70.32,61077.5,,0.625,4,32,1,1,1,0.625,67633152,524288,,,,,,,,,,2026-04-18 22:26:47.
0,31/44,38/47,Contraction_l_Ailk_Bjlk_Cijk_Dijk,"(128,4096,1,4096)",Cijk_Ailk_Bjlk_F8F8S_BH_GB_MT64x64x32_MI16x16x16x1_SN_GLVWA16_GLVWB16_GRVW16_K1_SS1_SVW1_WSGRA0_WSGRB0,NO_CHECK,68.121,63049.1,,0.625,4,32,1,1,1,0.625,67633152,524288,,,,,,,,,,2026-04-18 22:26:47.
0,31/44,39/47,Contraction_l_Ailk_Bjlk_Cijk_Dijk,"(128,4096,1,4096)",Cijk_Ailk_Bjlk_F8F8S_BH_GB_MT64x64x32_MI16x16x16x1_SN_GLVWA4_GLVWB4_GRVW4_K1_SS1_SVW1_WSGRA1_WSGRB0,NO_CHECK,68.641,62571.5,,0.625,4,32,1,1,1,0.625,67633152,524288,,,,,,,,,,2026-04-18 22:26:47.
0,31/44,40/47,Contraction_l_Ailk_Bjlk_Cijk_Dijk,"(128,4096,1,4096)",Cijk_Ailk_Bjlk_F8F8S_BH_GB_MT64x64x32_MI16x16x16x1_SN_GLVWA8_GLVWB8_GRVW8_K1_SS1_SVW1_WSGRA1_WSGRB0,NO_CHECK,82.96,51771.5,,0.625,4,32,1,1,1,0.625,67633152,524288,,,,,,,,,,2026-04-18 22:26:47.
0,31/44,41/47,Contraction_l_Ailk_Bjlk_Cijk_Dijk,"(128,4096,1,4096)",Cijk_Ailk_Bjlk_F8F8S_BH_GB_MT64x64x32_MI16x16x16x1_SN_GLVWA16_GLVWB16_GRVW16_K1_SS1_SVW1_WSGRA1_WSGRB0,NO_CHECK,66.8,64295.9,,0.625,4,32,1,1,1,0.625,67633152,524288,,,,,,,,,,2026-04-18 22:26:47.
0,31/44,42/47,Contraction_l_Ailk_Bjlk_Cijk_Dijk,"(128,4096,1,4096)",Cijk_Ailk_Bjlk_F8F8S_BH_GB_MT64x64x32_MI16x16x16x1_SN_GLVWA4_GLVWB4_GRVW4_K1_SS1_SVW1_WSGRA0_WSGRB1,NO_CHECK,69.081,62172.9,,0.625,4,32,1,1,1,0.625,67633152,524288,,,,,,,,,,2026-04-18 22:26:47.
0,31/44,43/47,Contraction_l_Ailk_Bjlk_Cijk_Dijk,"(128,4096,1,4096)",Cijk_Ailk_Bjlk_F8F8S_BH_GB_MT64x64x32_MI16x16x16x1_SN_GLVWA8_GLVWB8_GRVW8_K1_SS1_SVW1_WSGRA0_WSGRB1,NO_CHECK,69.6,61709.3,,0.625,4,32,1,1,1,0.625,67633152,524288,,,,,,,,,,2026-04-18 22:26:47.
0,31/44,44/47,Contraction_l_Ailk_Bjlk_Cijk_Dijk,"(128,4096,1,4096)",Cijk_Ailk_Bjlk_F8F8S_BH_GB_MT64x64x32_MI16x16x16x1_SN_GLVWA16_GLVWB16_GRVW16_K1_SS1_SVW1_WSGRA0_WSGRB1,NO_CHECK,66.88,64219,,0.625,4,32,1,1,1,0.625,67633152,524288,,,,,,,,,,2026-04-18 22:26:47.
0,31/44,45/47,Contraction_l_Ailk_Bjlk_Cijk_Dijk,"(128,4096,1,4096)",Cijk_Ailk_Bjlk_F8F8S_BH_GB_MT64x64x32_MI16x16x16x1_SN_GLVWA4_GLVWB4_GRVW4_K1_SS1_SVW1_WSGRA1_WSGRB1,NO_CHECK,68.441,62754.3,,0.625,4,32,1,1,1,0.625,67633152,524288,,,,,,,,,,2026-04-18 22:26:47.
0,31/44,46/47,Contraction_l_Ailk_Bjlk_Cijk_Dijk,"(128,4096,1,4096)",Cijk_Ailk_Bjlk_F8F8S_BH_GB_MT64x64x32_MI16x16x16x1_SN_GLVWA8_GLVWB8_GRVW8_K1_SS1_SVW1_WSGRA1_WSGRB1,NO_CHECK,66.76,64334.4,,0.625,4,32,1,1,1,0.625,67633152,524288,,,,,,,,,,2026-04-18 22:26:47.
0,31/44,47/47,Contraction_l_Ailk_Bjlk_Cijk_Dijk,"(128,4096,1,4096)",Cijk_Ailk_Bjlk_F8F8S_BH_GB_MT64x64x32_MI16x16x16x1_SN_GLVWA16_GLVWB16_GRVW16_K1_SS1_SVW1_WSGRA1_WSGRB1,NO_CHECK,66.041,65034.9,,0.625,4,32,1,1,1,0.625,67633152,524288,,,,,,,,,,2026-04-18 22:26:47.
0,32/44,0/47,Contraction_l_Ailk_Bjlk_Cijk_Dijk,"(128,4096,1,8192)",Cijk_Ailk_Bjlk_F8F8S_BH_GB_MT64x64x16_MI16x16x16x1_SN_GLVWA4_GLVWB4_GRVW4_K1_SS0_SVW4_WSGRA0_WSGRB0,NO_CHECK,180.202,47668.4,,0.625,4,32,1,1,1,0.625,134742016,524288,,,,,,,,,,2026-04-18 22:26:47.
0,32/44,1/47,Contraction_l_Ailk_Bjlk_Cijk_Dijk,"(128,4096,1,8192)",Cijk_Ailk_Bjlk_F8F8S_BH_GB_MT64x64x16_MI16x16x16x1_SN_GLVWA8_GLVWB8_GRVW8_K1_SS0_SVW4_WSGRA0_WSGRB0,NO_CHECK,158.601,54160.7,,0.625,4,32,1,1,1,0.625,134742016,524288,,,,,,,,,,2026-04-18 22:26:47.
0,32/44,2/47,Contraction_l_Ailk_Bjlk_Cijk_Dijk,"(128,4096,1,8192)",Cijk_Ailk_Bjlk_F8F8S_BH_GB_MT64x64x16_MI16x16x16x1_SN_GLVWA16_GLVWB16_GRVW16_K1_SS0_SVW4_WSGRA0_WSGRB0,NO_CHECK,151.961,56527.2,,0.625,4,32,1,1,1,0.625,134742016,524288,,,,,,,,,,2026-04-18 22:26:47.
0,32/44,3/47,Contraction_l_Ailk_Bjlk_Cijk_Dijk,"(128,4096,1,8192)",Cijk_Ailk_Bjlk_F8F8S_BH_GB_MT64x64x16_MI16x16x16x1_SN_GLVWA4_GLVWB4_GRVW4_K1_SS0_SVW4_WSGRA1_WSGRB0,NO_CHECK,154.161,55720.5,,0.625,4,32,1,1,1,0.625,134742016,524288,,,,,,,,,,2026-04-18 22:26:47.
0,32/44,4/47,Contraction_l_Ailk_Bjlk_Cijk_Dijk,"(128,4096,1,8192)",Cijk_Ailk_Bjlk_F8F8S_BH_GB_MT64x64x16_MI16x16x16x1_SN_GLVWA8_GLVWB8_GRVW8_K1_SS0_SVW4_WSGRA1_WSGRB0,NO_CHECK,148.681,57774.3,,0.625,4,32,1,1,1,0.625,134742016,524288,,,,,,,,,,2026-04-18 22:26:47.
0,32/44,5/47,Contraction_l_Ailk_Bjlk_Cijk_Dijk,"(128,4096,1,8192)",Cijk_Ailk_Bjlk_F8F8S_BH_GB_MT64x64x16_MI16x16x16x1_SN_GLVWA16_GLVWB16_GRVW16_K1_SS0_SVW4_WSGRA1_WSGRB0,NO_CHECK,151.641,56646.5,,0.625,4,32,1,1,1,0.625,134742016,524288,,,,,,,,,,2026-04-18 22:26:47.
0,32/44,6/47,Contraction_l_Ailk_Bjlk_Cijk_Dijk,"(128,4096,1,8192)",Cijk_Ailk_Bjlk_F8F8S_BH_GB_MT64x64x16_MI16x16x16x1_SN_GLVWA4_GLVWB4_GRVW4_K1_SS0_SVW4_WSGRA0_WSGRB1,NO_CHECK,153.241,56055.1,,0.625,4,32,1,1,1,0.625,134742016,524288,,,,,,,,,,2026-04-18 22:26:47.
0,32/44,7/47,Contraction_l_Ailk_Bjlk_Cijk_Dijk,"(128,4096,1,8192)",Cijk_Ailk_Bjlk_F8F8S_BH_GB_MT64x64x16_MI16x16x16x1_SN_GLVWA8_GLVWB8_GRVW8_K1_SS0_SVW4_WSGRA0_WSGRB1,NO_CHECK,149.682,57387.9,,0.625,4,32,1,1,1,0.625,134742016,524288,,,,,,,,,,2026-04-18 22:26:47.
0,32/44,8/47,Contraction_l_Ailk_Bjlk_Cijk_Dijk,"(128,4096,1,8192)",Cijk_Ailk_Bjlk_F8F8S_BH_GB_MT64x64x16_MI16x16x16x1_SN_GLVWA16_GLVWB16_GRVW16_K1_SS0_SVW4_WSGRA0_WSGRB1,NO_CHECK,150.921,56916.8,,0.625,4,32,1,1,1,0.625,134742016,524288,,,,,,,,,,2026-04-18 22:26:47.
0,32/44,9/47,Contraction_l_Ailk_Bjlk_Cijk_Dijk,"(128,4096,1,8192)",Cijk_Ailk_Bjlk_F8F8S_BH_GB_MT64x64x16_MI16x16x16x1_SN_GLVWA4_GLVWB4_GRVW4_K1_SS0_SVW4_WSGRA1_WSGRB1,NO_CHECK,152.241,56423.3,,0.625,4,32,1,1,1,0.625,134742016,524288,,,,,,,,,,2026-04-18 22:26:47.
0,32/44,10/47,Contraction_l_Ailk_Bjlk_Cijk_Dijk,"(128,4096,1,8192)",Cijk_Ailk_Bjlk_F8F8S_BH_GB_MT64x64x16_MI16x16x16x1_SN_GLVWA8_GLVWB8_GRVW8_K1_SS0_SVW4_WSGRA1_WSGRB1,NO_CHECK,148.601,57805.4,,0.625,4,32,1,1,1,0.625,134742016,524288,,,,,,,,,,2026-04-18 22:26:47.
0,32/44,11/47,Contraction_l_Ailk_Bjlk_Cijk_Dijk,"(128,4096,1,8192)",Cijk_Ailk_Bjlk_F8F8S_BH_GB_MT64x64x16_MI16x16x16x1_SN_GLVWA16_GLVWB16_GRVW16_K1_SS0_SVW4_WSGRA1_WSGRB1,NO_CHECK,148.201,57961.4,,0.625,4,32,1,1,1,0.625,134742016,524288,,,,,,,,,,2026-04-18 22:26:47.
0,32/44,12/47,Contraction_l_Ailk_Bjlk_Cijk_Dijk,"(128,4096,1,8192)",Cijk_Ailk_Bjlk_F8F8S_BH_GB_MT64x64x32_MI16x16x16x1_SN_GLVWA4_GLVWB4_GRVW4_K1_SS0_SVW4_WSGRA0_WSGRB0,NO_CHECK,122.681,70018.5,,0.625,4,32,1,1,1,0.625,134742016,524288,,,,,,,,,,2026-04-18 22:26:47.
0,32/44,13/47,Contraction_l_Ailk_Bjlk_Cijk_Dijk,"(128,4096,1,8192)",Cijk_Ailk_Bjlk_F8F8S_BH_GB_MT64x64x32_MI16x16x16x1_SN_GLVWA8_GLVWB8_GRVW8_K1_SS0_SVW4_WSGRA0_WSGRB0,NO_CHECK,118.281,72623.1,,0.625,4,32,1,1,1,0.625,134742016,524288,,,,,,,,,,2026-04-18 22:26:47.
0,32/44,14/47,Contraction_l_Ailk_Bjlk_Cijk_Dijk,"(128,4096,1,8192)",Cijk_Ailk_Bjlk_F8F8S_BH_GB_MT64x64x32_MI16x16x16x1_SN_GLVWA16_GLVWB16_GRVW16_K1_SS0_SVW4_WSGRA0_WSGRB0,NO_CHECK,118.521,72476.1,,0.625,4,32,1,1,1,0.625,134742016,524288,,,,,,,,,,2026-04-18 22:26:47.
0,32/44,15/47,Contraction_l_Ailk_Bjlk_Cijk_Dijk,"(128,4096,1,8192)",Cijk_Ailk_Bjlk_F8F8S_BH_GB_MT64x64x32_MI16x16x16x1_SN_GLVWA4_GLVWB4_GRVW4_K1_SS0_SVW4_WSGRA1_WSGRB0,NO_CHECK,123.16,69746.1,,0.625,4,32,1,1,1,0.625,134742016,524288,,,,,,,,,,2026-04-18 22:26:47.
0,32/44,16/47,Contraction_l_Ailk_Bjlk_Cijk_Dijk,"(128,4096,1,8192)",Cijk_Ailk_Bjlk_F8F8S_BH_GB_MT64x64x32_MI16x16x16x1_SN_GLVWA8_GLVWB8_GRVW8_K1_SS0_SVW4_WSGRA1_WSGRB0,NO_CHECK,119.4,71942.5,,0.625,4,32,1,1,1,0.625,134742016,524288,,,,,,,,,,2026-04-18 22:26:47.
0,32/44,17/47,Contraction_l_Ailk_Bjlk_Cijk_Dijk,"(128,4096,1,8192)",Cijk_Ailk_Bjlk_F8F8S_BH_GB_MT64x64x32_MI16x16x16x1_SN_GLVWA16_GLVWB16_GRVW16_K1_SS0_SVW4_WSGRA1_WSGRB0,NO_CHECK,117.801,72919,,0.625,4,32,1,1,1,0.625,134742016,524288,,,,,,,,,,2026-04-18 22:26:47.
0,32/44,18/47,Contraction_l_Ailk_Bjlk_Cijk_Dijk,"(128,4096,1,8192)",Cijk_Ailk_Bjlk_F8F8S_BH_GB_MT64x64x32_MI16x16x16x1_SN_GLVWA4_GLVWB4_GRVW4_K1_SS0_SVW4_WSGRA0_WSGRB1,NO_CHECK,121.481,70710.1,,0.625,4,32,1,1,1,0.625,134742016,524288,,,,,,,,,,2026-04-18 22:26:47.
0,32/44,19/47,Contraction_l_Ailk_Bjlk_Cijk_Dijk,"(128,4096,1,8192)",Cijk_Ailk_Bjlk_F8F8S_BH_GB_MT64x64x32_MI16x16x16x1_SN_GLVWA8_GLVWB8_GRVW8_K1_SS0_SVW4_WSGRA0_WSGRB1,NO_CHECK,118.761,72329.6,,0.625,4,32,1,1,1,0.625,134742016,524288,,,,,,,,,,2026-04-18 22:26:47.
0,32/44,20/47,Contraction_l_Ailk_Bjlk_Cijk_Dijk,"(128,4096,1,8192)",Cijk_Ailk_Bjlk_F8F8S_BH_GB_MT64x64x32_MI16x16x16x1_SN_GLVWA16_GLVWB16_GRVW16_K1_SS0_SVW4_WSGRA0_WSGRB1,NO_CHECK,118.521,72476.1,,0.625,4,32,1,1,1,0.625,134742016,524288,,,,,,,,,,2026-04-18 22:26:47.
0,32/44,21/47,Contraction_l_Ailk_Bjlk_Cijk_Dijk,"(128,4096,1,8192)",Cijk_Ailk_Bjlk_F8F8S_BH_GB_MT64x64x32_MI16x16x16x1_SN_GLVWA4_GLVWB4_GRVW4_K1_SS0_SVW4_WSGRA1_WSGRB1,NO_CHECK,121.041,70967.1,,0.625,4,32,1,1,1,0.625,134742016,524288,,,,,,,,,,2026-04-18 22:26:47.
0,32/44,22/47,Contraction_l_Ailk_Bjlk_Cijk_Dijk,"(128,4096,1,8192)",Cijk_Ailk_Bjlk_F8F8S_BH_GB_MT64x64x32_MI16x16x16x1_SN_GLVWA8_GLVWB8_GRVW8_K1_SS0_SVW4_WSGRA1_WSGRB1,NO_CHECK,119.081,72135.2,,0.625,4,32,1,1,1,0.625,134742016,524288,,,,,,,,,,2026-04-18 22:26:47.
0,32/44,23/47,Contraction_l_Ailk_Bjlk_Cijk_Dijk,"(128,4096,1,8192)",Cijk_Ailk_Bjlk_F8F8S_BH_GB_MT64x64x32_MI16x16x16x1_SN_GLVWA16_GLVWB16_GRVW16_K1_SS0_SVW4_WSGRA1_WSGRB1,NO_CHECK,118.12,72722.1,,0.625,4,32,1,1,1,0.625,134742016,524288,,,,,,,,,,2026-04-18 22:26:47.
0,32/44,24/47,Contraction_l_Ailk_Bjlk_Cijk_Dijk,"(128,4096,1,8192)",Cijk_Ailk_Bjlk_F8F8S_BH_GB_MT64x64x16_MI16x16x16x1_SN_GLVWA4_GLVWB4_GRVW4_K1_SS1_SVW1_WSGRA0_WSGRB0,NO_CHECK,154.161,55720.5,,0.625,4,32,1,1,1,0.625,134742016,524288,,,,,,,,,,2026-04-18 22:26:47.
0,32/44,25/47,Contraction_l_Ailk_Bjlk_Cijk_Dijk,"(128,4096,1,8192)",Cijk_Ailk_Bjlk_F8F8S_BH_GB_MT64x64x16_MI16x16x16x1_SN_GLVWA8_GLVWB8_GRVW8_K1_SS1_SVW1_WSGRA0_WSGRB0,NO_CHECK,148.481,57852.1,,0.625,4,32,1,1,1,0.625,134742016,524288,,,,,,,,,,2026-04-18 22:26:47.
0,32/44,26/47,Contraction_l_Ailk_Bjlk_Cijk_Dijk,"(128,4096,1,8192)",Cijk_Ailk_Bjlk_F8F8S_BH_GB_MT64x64x16_MI16x16x16x1_SN_GLVWA16_GLVWB16_GRVW16_K1_SS1_SVW1_WSGRA0_WSGRB0,NO_CHECK,149.761,57357.6,,0.625,4,32,1,1,1,0.625,134742016,524288,,,,,,,,,,2026-04-18 22:26:47.
0,32/44,27/47,Contraction_l_Ailk_Bjlk_Cijk_Dijk,"(128,4096,1,8192)",Cijk_Ailk_Bjlk_F8F8S_BH_GB_MT64x64x16_MI16x16x16x1_SN_GLVWA4_GLVWB4_GRVW4_K1_SS1_SVW1_WSGRA1_WSGRB0,NO_CHECK,152.761,56231.2,,0.625,4,32,1,1,1,0.625,134742016,524288,,,,,,,,,,2026-04-18 22:26:47.
0,32/44,28/47,Contraction_l_Ailk_Bjlk_Cijk_Dijk,"(128,4096,1,8192)",Cijk_Ailk_Bjlk_F8F8S_BH_GB_MT64x64x16_MI16x16x16x1_SN_GLVWA8_GLVWB8_GRVW8_K1_SS1_SVW1_WSGRA1_WSGRB0,NO_CHECK,148.761,57743.2,,0.625,4,32,1,1,1,0.625,134742016,524288,,,,,,,,,,2026-04-18 22:26:47.
0,32/44,29/47,Contraction_l_Ailk_Bjlk_Cijk_Dijk,"(128,4096,1,8192)",Cijk_Ailk_Bjlk_F8F8S_BH_GB_MT64x64x16_MI16x16x16x1_SN_GLVWA16_GLVWB16_GRVW16_K1_SS1_SVW1_WSGRA1_WSGRB0,NO_CHECK,148.921,57681.2,,0.625,4,32,1,1,1,0.625,134742016,524288,,,,,,,,,,2026-04-18 22:26:47.
0,32/44,30/47,Contraction_l_Ailk_Bjlk_Cijk_Dijk,"(128,4096,1,8192)",Cijk_Ailk_Bjlk_F8F8S_BH_GB_MT64x64x16_MI16x16x16x1_SN_GLVWA4_GLVWB4_GRVW4_K1_SS1_SVW1_WSGRA0_WSGRB1,NO_CHECK,159.001,54024.4,,0.625,4,32,1,1,1,0.625,134742016,524288,,,,,,,,,,2026-04-18 22:26:47.
0,32/44,31/47,Contraction_l_Ailk_Bjlk_Cijk_Dijk,"(128,4096,1,8192)",Cijk_Ailk_Bjlk_F8F8S_BH_GB_MT64x64x16_MI16x16x16x1_SN_GLVWA8_GLVWB8_GRVW8_K1_SS1_SVW1_WSGRA0_WSGRB1,NO_CHECK,164.841,52110.4,,0.625,4,32,1,1,1,0.625,134742016,524288,,,,,,,,,,2026-04-18 22:26:47.
0,32/44,32/47,Contraction_l_Ailk_Bjlk_Cijk_Dijk,"(128,4096,1,8192)",Cijk_Ailk_Bjlk_F8F8S_BH_GB_MT64x64x16_MI16x16x16x1_SN_GLVWA16_GLVWB16_GRVW16_K1_SS1_SVW1_WSGRA0_WSGRB1,NO_CHECK,166.361,51634.3,,0.625,4,32,1,1,1,0.625,134742016,524288,,,,,,,,,,2026-04-18 22:26:47.
0,32/44,33/47,Contraction_l_Ailk_Bjlk_Cijk_Dijk,"(128,4096,1,8192)",Cijk_Ailk_Bjlk_F8F8S_BH_GB_MT64x64x16_MI16x16x16x1_SN_GLVWA4_GLVWB4_GRVW4_K1_SS1_SVW1_WSGRA1_WSGRB1,NO_CHECK,168.882,50863.5,,0.625,4,32,1,1,1,0.625,134742016,524288,,,,,,,,,,2026-04-18 22:26:47.
0,32/44,34/47,Contraction_l_Ailk_Bjlk_Cijk_Dijk,"(128,4096,1,8192)",Cijk_Ailk_Bjlk_F8F8S_BH_GB_MT64x64x16_MI16x16x16x1_SN_GLVWA8_GLVWB8_GRVW8_K1_SS1_SVW1_WSGRA1_WSGRB1,NO_CHECK,166.641,51547.5,,0.625,4,32,1,1,1,0.625,134742016,524288,,,,,,,,,,2026-04-18 22:26:47.
0,32/44,35/47,Contraction_l_Ailk_Bjlk_Cijk_Dijk,"(128,4096,1,8192)",Cijk_Ailk_Bjlk_F8F8S_BH_GB_MT64x64x16_MI16x16x16x1_SN_GLVWA16_GLVWB16_GRVW16_K1_SS1_SVW1_WSGRA1_WSGRB1,NO_CHECK,167.361,51325.8,,0.625,4,32,1,1,1,0.625,134742016,524288,,,,,,,,,,2026-04-18 22:26:47.
0,32/44,36/47,Contraction_l_Ailk_Bjlk_Cijk_Dijk,"(128,4096,1,8192)",Cijk_Ailk_Bjlk_F8F8S_BH_GB_MT64x64x32_MI16x16x16x1_SN_GLVWA4_GLVWB4_GRVW4_K1_SS1_SVW1_WSGRA0_WSGRB0,NO_CHECK,126.961,67658.1,,0.625,4,32,1,1,1,0.625,134742016,524288,,,,,,,,,,2026-04-18 22:26:47.
0,32/44,37/47,Contraction_l_Ailk_Bjlk_Cijk_Dijk,"(128,4096,1,8192)",Cijk_Ailk_Bjlk_F8F8S_BH_GB_MT64x64x32_MI16x16x16x1_SN_GLVWA8_GLVWB8_GRVW8_K1_SS1_SVW1_WSGRA0_WSGRB0,NO_CHECK,125.92,68217.4,,0.625,4,32,1,1,1,0.625,134742016,524288,,,,,,,,,,2026-04-18 22:26:47.
0,32/44,38/47,Contraction_l_Ailk_Bjlk_Cijk_Dijk,"(128,4096,1,8192)",Cijk_Ailk_Bjlk_F8F8S_BH_GB_MT64x64x32_MI16x16x16x1_SN_GLVWA16_GLVWB16_GRVW16_K1_SS1_SVW1_WSGRA0_WSGRB0,NO_CHECK,126.321,68000.8,,0.625,4,32,1,1,1,0.625,134742016,524288,,,,,,,,,,2026-04-18 22:26:47.
0,32/44,39/47,Contraction_l_Ailk_Bjlk_Cijk_Dijk,"(128,4096,1,8192)",Cijk_Ailk_Bjlk_F8F8S_BH_GB_MT64x64x32_MI16x16x16x1_SN_GLVWA4_GLVWB4_GRVW4_K1_SS1_SVW1_WSGRA1_WSGRB0,NO_CHECK,128.681,66753.7,,0.625,4,32,1,1,1,0.625,134742016,524288,,,,,,,,,,2026-04-18 22:26:47.
0,32/44,40/47,Contraction_l_Ailk_Bjlk_Cijk_Dijk,"(128,4096,1,8192)",Cijk_Ailk_Bjlk_F8F8S_BH_GB_MT64x64x32_MI16x16x16x1_SN_GLVWA8_GLVWB8_GRVW8_K1_SS1_SVW1_WSGRA1_WSGRB0,NO_CHECK,125.361,68521.6,,0.625,4,32,1,1,1,0.625,134742016,524288,,,,,,,,,,2026-04-18 22:26:47.
0,32/44,41/47,Contraction_l_Ailk_Bjlk_Cijk_Dijk,"(128,4096,1,8192)",Cijk_Ailk_Bjlk_F8F8S_BH_GB_MT64x64x32_MI16x16x16x1_SN_GLVWA16_GLVWB16_GRVW16_K1_SS1_SVW1_WSGRA1_WSGRB0,NO_CHECK,132.601,64780.3,,0.625,4,32,1,1,1,0.625,134742016,524288,,,,,,,,,,2026-04-18 22:26:47.
0,32/44,42/47,Contraction_l_Ailk_Bjlk_Cijk_Dijk,"(128,4096,1,8192)",Cijk_Ailk_Bjlk_F8F8S_BH_GB_MT64x64x32_MI16x16x16x1_SN_GLVWA4_GLVWB4_GRVW4_K1_SS1_SVW1_WSGRA0_WSGRB1,NO_CHECK,128.881,66650.1,,0.625,4,32,1,1,1,0.625,134742016,524288,,,,,,,,,,2026-04-18 22:26:47.
0,32/44,43/47,Contraction_l_Ailk_Bjlk_Cijk_Dijk,"(128,4096,1,8192)",Cijk_Ailk_Bjlk_F8F8S_BH_GB_MT64x64x32_MI16x16x16x1_SN_GLVWA8_GLVWB8_GRVW8_K1_SS1_SVW1_WSGRA0_WSGRB1,NO_CHECK,124.961,68740.9,,0.625,4,32,1,1,1,0.625,134742016,524288,,,,,,,,,,2026-04-18 22:26:47.
0,32/44,44/47,Contraction_l_Ailk_Bjlk_Cijk_Dijk,"(128,4096,1,8192)",Cijk_Ailk_Bjlk_F8F8S_BH_GB_MT64x64x32_MI16x16x16x1_SN_GLVWA16_GLVWB16_GRVW16_K1_SS1_SVW1_WSGRA0_WSGRB1,NO_CHECK,124.921,68762.9,,0.625,4,32,1,1,1,0.625,134742016,524288,,,,,,,,,,2026-04-18 22:26:47.
0,32/44,45/47,Contraction_l_Ailk_Bjlk_Cijk_Dijk,"(128,4096,1,8192)",Cijk_Ailk_Bjlk_F8F8S_BH_GB_MT64x64x32_MI16x16x16x1_SN_GLVWA4_GLVWB4_GRVW4_K1_SS1_SVW1_WSGRA1_WSGRB1,NO_CHECK,127.361,67445.6,,0.625,4,32,1,1,1,0.625,134742016,524288,,,,,,,,,,2026-04-18 22:26:47.
0,32/44,46/47,Contraction_l_Ailk_Bjlk_Cijk_Dijk,"(128,4096,1,8192)",Cijk_Ailk_Bjlk_F8F8S_BH_GB_MT64x64x32_MI16x16x16x1_SN_GLVWA8_GLVWB8_GRVW8_K1_SS1_SVW1_WSGRA1_WSGRB1,NO_CHECK,126.001,68173.5,,0.625,4,32,1,1,1,0.625,134742016,524288,,,,,,,,,,2026-04-18 22:26:47.
0,32/44,47/47,Contraction_l_Ailk_Bjlk_Cijk_Dijk,"(128,4096,1,8192)",Cijk_Ailk_Bjlk_F8F8S_BH_GB_MT64x64x32_MI16x16x16x1_SN_GLVWA16_GLVWB16_GRVW16_K1_SS1_SVW1_WSGRA1_WSGRB1,NO_CHECK,124.641,68917.4,,0.625,4,32,1,1,1,0.625,134742016,524288,,,,,,,,,,2026-04-18 22:26:47.
0,33/44,0/47,Contraction_l_Ailk_Bjlk_Cijk_Dijk,"(128,8192,1,1024)",Cijk_Ailk_Bjlk_F8F8S_BH_GB_MT64x64x16_MI16x16x16x1_SN_GLVWA4_GLVWB4_GRVW4_K1_SS0_SVW4_WSGRA0_WSGRB0,NO_CHECK,111.281,19297.8,,1,8,32,1,1,1,1,34603008,1048576,,,,,,,,,,2026-04-18 22:26:47.
0,33/44,1/47,Contraction_l_Ailk_Bjlk_Cijk_Dijk,"(128,8192,1,1024)",Cijk_Ailk_Bjlk_F8F8S_BH_GB_MT64x64x16_MI16x16x16x1_SN_GLVWA8_GLVWB8_GRVW8_K1_SS0_SVW4_WSGRA0_WSGRB0,NO_CHECK,47.601,45114.3,,1,8,32,1,1,1,1,34603008,1048576,,,,,,,,,,2026-04-18 22:26:47.
0,33/44,2/47,Contraction_l_Ailk_Bjlk_Cijk_Dijk,"(128,8192,1,1024)",Cijk_Ailk_Bjlk_F8F8S_BH_GB_MT64x64x16_MI16x16x16x1_SN_GLVWA16_GLVWB16_GRVW16_K1_SS0_SVW4_WSGRA0_WSGRB0,NO_CHECK,286.762,7488.73,,1,8,32,1,1,1,1,34603008,1048576,,,,,,,,,,2026-04-18 22:26:47.
0,33/44,3/47,Contraction_l_Ailk_Bjlk_Cijk_Dijk,"(128,8192,1,1024)",Cijk_Ailk_Bjlk_F8F8S_BH_GB_MT64x64x16_MI16x16x16x1_SN_GLVWA4_GLVWB4_GRVW4_K1_SS0_SVW4_WSGRA1_WSGRB0,NO_CHECK,45.721,46969.3,,1,8,32,1,1,1,1,34603008,1048576,,,,,,,,,,2026-04-18 22:26:47.
0,33/44,4/47,Contraction_l_Ailk_Bjlk_Cijk_Dijk,"(128,8192,1,1024)",Cijk_Ailk_Bjlk_F8F8S_BH_GB_MT64x64x16_MI16x16x16x1_SN_GLVWA8_GLVWB8_GRVW8_K1_SS0_SVW4_WSGRA1_WSGRB0,NO_CHECK,38.08,56394,,1,8,32,1,1,1,1,34603008,1048576,,,,,,,,,,2026-04-18 22:26:47.
0,33/44,5/47,Contraction_l_Ailk_Bjlk_Cijk_Dijk,"(128,8192,1,1024)",Cijk_Ailk_Bjlk_F8F8S_BH_GB_MT64x64x16_MI16x16x16x1_SN_GLVWA16_GLVWB16_GRVW16_K1_SS0_SVW4_WSGRA1_WSGRB0,NO_CHECK,39.801,53955.5,,1,8,32,1,1,1,1,34603008,1048576,,,,,,,,,,2026-04-18 22:26:47.
0,33/44,6/47,Contraction_l_Ailk_Bjlk_Cijk_Dijk,"(128,8192,1,1024)",Cijk_Ailk_Bjlk_F8F8S_BH_GB_MT64x64x16_MI16x16x16x1_SN_GLVWA4_GLVWB4_GRVW4_K1_SS0_SVW4_WSGRA0_WSGRB1,NO_CHECK,38.96,55120.2,,1,8,32,1,1,1,1,34603008,1048576,,,,,,,,,,2026-04-18 22:26:47.
0,33/44,7/47,Contraction_l_Ailk_Bjlk_Cijk_Dijk,"(128,8192,1,1024)",Cijk_Ailk_Bjlk_F8F8S_BH_GB_MT64x64x16_MI16x16x16x1_SN_GLVWA8_GLVWB8_GRVW8_K1_SS0_SVW4_WSGRA0_WSGRB1,NO_CHECK,40.241,53365.6,,1,8,32,1,1,1,1,34603008,1048576,,,,,,,,,,2026-04-18 22:26:47.
0,33/44,8/47,Contraction_l_Ailk_Bjlk_Cijk_Dijk,"(128,8192,1,1024)",Cijk_Ailk_Bjlk_F8F8S_BH_GB_MT64x64x16_MI16x16x16x1_SN_GLVWA16_GLVWB16_GRVW16_K1_SS0_SVW4_WSGRA0_WSGRB1,NO_CHECK,39.48,54394.2,,1,8,32,1,1,1,1,34603008,1048576,,,,,,,,,,2026-04-18 22:26:47.
0,33/44,9/47,Contraction_l_Ailk_Bjlk_Cijk_Dijk,"(128,8192,1,1024)",Cijk_Ailk_Bjlk_F8F8S_BH_GB_MT64x64x16_MI16x16x16x1_SN_GLVWA4_GLVWB4_GRVW4_K1_SS0_SVW4_WSGRA1_WSGRB1,NO_CHECK,39.921,53793.3,,1,8,32,1,1,1,1,34603008,1048576,,,,,,,,,,2026-04-18 22:26:47.
0,33/44,10/47,Contraction_l_Ailk_Bjlk_Cijk_Dijk,"(128,8192,1,1024)",Cijk_Ailk_Bjlk_F8F8S_BH_GB_MT64x64x16_MI16x16x16x1_SN_GLVWA8_GLVWB8_GRVW8_K1_SS0_SVW4_WSGRA1_WSGRB1,NO_CHECK,39.16,54838.7,,1,8,32,1,1,1,1,34603008,1048576,,,,,,,,,,2026-04-18 22:26:47.
0,33/44,11/47,Contraction_l_Ailk_Bjlk_Cijk_Dijk,"(128,8192,1,1024)",Cijk_Ailk_Bjlk_F8F8S_BH_GB_MT64x64x16_MI16x16x16x1_SN_GLVWA16_GLVWB16_GRVW16_K1_SS0_SVW4_WSGRA1_WSGRB1,NO_CHECK,39.36,54560,,1,8,32,1,1,1,1,34603008,1048576,,,,,,,,,,2026-04-18 22:26:47.
0,33/44,12/47,Contraction_l_Ailk_Bjlk_Cijk_Dijk,"(128,8192,1,1024)",Cijk_Ailk_Bjlk_F8F8S_BH_GB_MT64x64x32_MI16x16x16x1_SN_GLVWA4_GLVWB4_GRVW4_K1_SS0_SVW4_WSGRA0_WSGRB0,NO_CHECK,42,51130.6,,1,8,32,1,1,1,1,34603008,1048576,,,,,,,,,,2026-04-18 22:26:47.
0,33/44,13/47,Contraction_l_Ailk_Bjlk_Cijk_Dijk,"(128,8192,1,1024)",Cijk_Ailk_Bjlk_F8F8S_BH_GB_MT64x64x32_MI16x16x16x1_SN_GLVWA8_GLVWB8_GRVW8_K1_SS0_SVW4_WSGRA0_WSGRB0,NO_CHECK,41.6,51622.2,,1,8,32,1,1,1,1,34603008,1048576,,,,,,,,,,2026-04-18 22:26:47.
0,33/44,14/47,Contraction_l_Ailk_Bjlk_Cijk_Dijk,"(128,8192,1,1024)",Cijk_Ailk_Bjlk_F8F8S_BH_GB_MT64x64x32_MI16x16x16x1_SN_GLVWA16_GLVWB16_GRVW16_K1_SS0_SVW4_WSGRA0_WSGRB0,NO_CHECK,40.44,53103,,1,8,32,1,1,1,1,34603008,1048576,,,,,,,,,,2026-04-18 22:26:47.
0,33/44,15/47,Contraction_l_Ailk_Bjlk_Cijk_Dijk,"(128,8192,1,1024)",Cijk_Ailk_Bjlk_F8F8S_BH_GB_MT64x64x32_MI16x16x16x1_SN_GLVWA4_GLVWB4_GRVW4_K1_SS0_SVW4_WSGRA1_WSGRB0,NO_CHECK,41.84,51326.1,,1,8,32,1,1,1,1,34603008,1048576,,,,,,,,,,2026-04-18 22:26:47.
0,33/44,16/47,Contraction_l_Ailk_Bjlk_Cijk_Dijk,"(128,8192,1,1024)",Cijk_Ailk_Bjlk_F8F8S_BH_GB_MT64x64x32_MI16x16x16x1_SN_GLVWA8_GLVWB8_GRVW8_K1_SS0_SVW4_WSGRA1_WSGRB0,NO_CHECK,44.681,48062.6,,1,8,32,1,1,1,1,34603008,1048576,,,,,,,,,,2026-04-18 22:26:47.
0,33/44,17/47,Contraction_l_Ailk_Bjlk_Cijk_Dijk,"(128,8192,1,1024)",Cijk_Ailk_Bjlk_F8F8S_BH_GB_MT64x64x32_MI16x16x16x1_SN_GLVWA16_GLVWB16_GRVW16_K1_SS0_SVW4_WSGRA1_WSGRB0,NO_CHECK,42.56,50457.8,,1,8,32,1,1,1,1,34603008,1048576,,,,,,,,,,2026-04-18 22:26:47.
0,33/44,18/47,Contraction_l_Ailk_Bjlk_Cijk_Dijk,"(128,8192,1,1024)",Cijk_Ailk_Bjlk_F8F8S_BH_GB_MT64x64x32_MI16x16x16x1_SN_GLVWA4_GLVWB4_GRVW4_K1_SS0_SVW4_WSGRA0_WSGRB1,NO_CHECK,42.32,50743.9,,1,8,32,1,1,1,1,34603008,1048576,,,,,,,,,,2026-04-18 22:26:47.
0,33/44,19/47,Contraction_l_Ailk_Bjlk_Cijk_Dijk,"(128,8192,1,1024)",Cijk_Ailk_Bjlk_F8F8S_BH_GB_MT64x64x32_MI16x16x16x1_SN_GLVWA8_GLVWB8_GRVW8_K1_SS0_SVW4_WSGRA0_WSGRB1,NO_CHECK,42.2,50888.2,,1,8,32,1,1,1,1,34603008,1048576,,,,,,,,,,2026-04-18 22:26:47.
0,33/44,20/47,Contraction_l_Ailk_Bjlk_Cijk_Dijk,"(128,8192,1,1024)",Cijk_Ailk_Bjlk_F8F8S_BH_GB_MT64x64x32_MI16x16x16x1_SN_GLVWA16_GLVWB16_GRVW16_K1_SS0_SVW4_WSGRA0_WSGRB1,NO_CHECK,40.961,52427.5,,1,8,32,1,1,1,1,34603008,1048576,,,,,,,,,,2026-04-18 22:26:47.
0,33/44,21/47,Contraction_l_Ailk_Bjlk_Cijk_Dijk,"(128,8192,1,1024)",Cijk_Ailk_Bjlk_F8F8S_BH_GB_MT64x64x32_MI16x16x16x1_SN_GLVWA4_GLVWB4_GRVW4_K1_SS0_SVW4_WSGRA1_WSGRB1,NO_CHECK,41.48,51771.5,,1,8,32,1,1,1,1,34603008,1048576,,,,,,,,,,2026-04-18 22:26:47.
0,33/44,22/47,Contraction_l_Ailk_Bjlk_Cijk_Dijk,"(128,8192,1,1024)",Cijk_Ailk_Bjlk_F8F8S_BH_GB_MT64x64x32_MI16x16x16x1_SN_GLVWA8_GLVWB8_GRVW8_K1_SS0_SVW4_WSGRA1_WSGRB1,NO_CHECK,40.361,53206.9,,1,8,32,1,1,1,1,34603008,1048576,,,,,,,,,,2026-04-18 22:26:47.
0,33/44,23/47,Contraction_l_Ailk_Bjlk_Cijk_Dijk,"(128,8192,1,1024)",Cijk_Ailk_Bjlk_F8F8S_BH_GB_MT64x64x32_MI16x16x16x1_SN_GLVWA16_GLVWB16_GRVW16_K1_SS0_SVW4_WSGRA1_WSGRB1,NO_CHECK,40.8,52634.4,,1,8,32,1,1,1,1,34603008,1048576,,,,,,,,,,2026-04-18 22:26:47.
0,33/44,24/47,Contraction_l_Ailk_Bjlk_Cijk_Dijk,"(128,8192,1,1024)",Cijk_Ailk_Bjlk_F8F8S_BH_GB_MT64x64x16_MI16x16x16x1_SN_GLVWA4_GLVWB4_GRVW4_K1_SS1_SVW1_WSGRA0_WSGRB0,NO_CHECK,40.801,52633.1,,1,8,32,1,1,1,1,34603008,1048576,,,,,,,,,,2026-04-18 22:26:47.
0,33/44,25/47,Contraction_l_Ailk_Bjlk_Cijk_Dijk,"(128,8192,1,1024)",Cijk_Ailk_Bjlk_F8F8S_BH_GB_MT64x64x16_MI16x16x16x1_SN_GLVWA8_GLVWB8_GRVW8_K1_SS1_SVW1_WSGRA0_WSGRB0,NO_CHECK,38.84,55290.5,,1,8,32,1,1,1,1,34603008,1048576,,,,,,,,,,2026-04-18 22:26:47.
0,33/44,26/47,Contraction_l_Ailk_Bjlk_Cijk_Dijk,"(128,8192,1,1024)",Cijk_Ailk_Bjlk_F8F8S_BH_GB_MT64x64x16_MI16x16x16x1_SN_GLVWA16_GLVWB16_GRVW16_K1_SS1_SVW1_WSGRA0_WSGRB0,NO_CHECK,41.881,51275.8,,1,8,32,1,1,1,1,34603008,1048576,,,,,,,,,,2026-04-18 22:26:47.
0,33/44,27/47,Contraction_l_Ailk_Bjlk_Cijk_Dijk,"(128,8192,1,1024)",Cijk_Ailk_Bjlk_F8F8S_BH_GB_MT64x64x16_MI16x16x16x1_SN_GLVWA4_GLVWB4_GRVW4_K1_SS1_SVW1_WSGRA1_WSGRB0,NO_CHECK,39.32,54615.6,,1,8,32,1,1,1,1,34603008,1048576,,,,,,,,,,2026-04-18 22:26:47.
0,33/44,28/47,Contraction_l_Ailk_Bjlk_Cijk_Dijk,"(128,8192,1,1024)",Cijk_Ailk_Bjlk_F8F8S_BH_GB_MT64x64x16_MI16x16x16x1_SN_GLVWA8_GLVWB8_GRVW8_K1_SS1_SVW1_WSGRA1_WSGRB0,NO_CHECK,41.041,52325.3,,1,8,32,1,1,1,1,34603008,1048576,,,,,,,,,,2026-04-18 22:26:47.
0,33/44,29/47,Contraction_l_Ailk_Bjlk_Cijk_Dijk,"(128,8192,1,1024)",Cijk_Ailk_Bjlk_F8F8S_BH_GB_MT64x64x16_MI16x16x16x1_SN_GLVWA16_GLVWB16_GRVW16_K1_SS1_SVW1_WSGRA1_WSGRB0,NO_CHECK,38.88,55233.6,,1,8,32,1,1,1,1,34603008,1048576,,,,,,,,,,2026-04-18 22:26:47.
0,33/44,30/47,Contraction_l_Ailk_Bjlk_Cijk_Dijk,"(128,8192,1,1024)",Cijk_Ailk_Bjlk_F8F8S_BH_GB_MT64x64x16_MI16x16x16x1_SN_GLVWA4_GLVWB4_GRVW4_K1_SS1_SVW1_WSGRA0_WSGRB1,NO_CHECK,40.04,53633.5,,1,8,32,1,1,1,1,34603008,1048576,,,,,,,,,,2026-04-18 22:26:47.
0,33/44,31/47,Contraction_l_Ailk_Bjlk_Cijk_Dijk,"(128,8192,1,1024)",Cijk_Ailk_Bjlk_F8F8S_BH_GB_MT64x64x16_MI16x16x16x1_SN_GLVWA8_GLVWB8_GRVW8_K1_SS1_SVW1_WSGRA0_WSGRB1,NO_CHECK,40.92,52480,,1,8,32,1,1,1,1,34603008,1048576,,,,,,,,,,2026-04-18 22:26:47.
0,33/44,32/47,Contraction_l_Ailk_Bjlk_Cijk_Dijk,"(128,8192,1,1024)",Cijk_Ailk_Bjlk_F8F8S_BH_GB_MT64x64x16_MI16x16x16x1_SN_GLVWA16_GLVWB16_GRVW16_K1_SS1_SVW1_WSGRA0_WSGRB1,NO_CHECK,50.04,42915.3,,1,8,32,1,1,1,1,34603008,1048576,,,,,,,,,,2026-04-18 22:26:47.
0,33/44,33/47,Contraction_l_Ailk_Bjlk_Cijk_Dijk,"(128,8192,1,1024)",Cijk_Ailk_Bjlk_F8F8S_BH_GB_MT64x64x16_MI16x16x16x1_SN_GLVWA4_GLVWB4_GRVW4_K1_SS1_SVW1_WSGRA1_WSGRB1,NO_CHECK,39.721,54064.2,,1,8,32,1,1,1,1,34603008,1048576,,,,,,,,,,2026-04-18 22:26:47.
0,33/44,34/47,Contraction_l_Ailk_Bjlk_Cijk_Dijk,"(128,8192,1,1024)",Cijk_Ailk_Bjlk_F8F8S_BH_GB_MT64x64x16_MI16x16x16x1_SN_GLVWA8_GLVWB8_GRVW8_K1_SS1_SVW1_WSGRA1_WSGRB1,NO_CHECK,39.56,54284.2,,1,8,32,1,1,1,1,34603008,1048576,,,,,,,,,,2026-04-18 22:26:47.
0,33/44,35/47,Contraction_l_Ailk_Bjlk_Cijk_Dijk,"(128,8192,1,1024)",Cijk_Ailk_Bjlk_F8F8S_BH_GB_MT64x64x16_MI16x16x16x1_SN_GLVWA16_GLVWB16_GRVW16_K1_SS1_SVW1_WSGRA1_WSGRB1,NO_CHECK,40.761,52684.8,,1,8,32,1,1,1,1,34603008,1048576,,,,,,,,,,2026-04-18 22:26:47.
0,33/44,36/47,Contraction_l_Ailk_Bjlk_Cijk_Dijk,"(128,8192,1,1024)",Cijk_Ailk_Bjlk_F8F8S_BH_GB_MT64x64x32_MI16x16x16x1_SN_GLVWA4_GLVWB4_GRVW4_K1_SS1_SVW1_WSGRA0_WSGRB0,NO_CHECK,42.64,50363.1,,1,8,32,1,1,1,1,34603008,1048576,,,,,,,,,,2026-04-18 22:26:47.
0,33/44,37/47,Contraction_l_Ailk_Bjlk_Cijk_Dijk,"(128,8192,1,1024)",Cijk_Ailk_Bjlk_F8F8S_BH_GB_MT64x64x32_MI16x16x16x1_SN_GLVWA8_GLVWB8_GRVW8_K1_SS1_SVW1_WSGRA0_WSGRB0,NO_CHECK,40.841,52581.6,,1,8,32,1,1,1,1,34603008,1048576,,,,,,,,,,2026-04-18 22:26:47.
0,33/44,38/47,Contraction_l_Ailk_Bjlk_Cijk_Dijk,"(128,8192,1,1024)",Cijk_Ailk_Bjlk_F8F8S_BH_GB_MT64x64x32_MI16x16x16x1_SN_GLVWA16_GLVWB16_GRVW16_K1_SS1_SVW1_WSGRA0_WSGRB0,NO_CHECK,41.16,52174,,1,8,32,1,1,1,1,34603008,1048576,,,,,,,,,,2026-04-18 22:26:47.
0,33/44,39/47,Contraction_l_Ailk_Bjlk_Cijk_Dijk,"(128,8192,1,1024)",Cijk_Ailk_Bjlk_F8F8S_BH_GB_MT64x64x32_MI16x16x16x1_SN_GLVWA4_GLVWB4_GRVW4_K1_SS1_SVW1_WSGRA1_WSGRB0,NO_CHECK,41.64,51572.6,,1,8,32,1,1,1,1,34603008,1048576,,,,,,,,,,2026-04-18 22:26:47.
0,33/44,40/47,Contraction_l_Ailk_Bjlk_Cijk_Dijk,"(128,8192,1,1024)",Cijk_Ailk_Bjlk_F8F8S_BH_GB_MT64x64x32_MI16x16x16x1_SN_GLVWA8_GLVWB8_GRVW8_K1_SS1_SVW1_WSGRA1_WSGRB0,NO_CHECK,49.32,43541.8,,1,8,32,1,1,1,1,34603008,1048576,,,,,,,,,,2026-04-18 22:26:47.
0,33/44,41/47,Contraction_l_Ailk_Bjlk_Cijk_Dijk,"(128,8192,1,1024)",Cijk_Ailk_Bjlk_F8F8S_BH_GB_MT64x64x32_MI16x16x16x1_SN_GLVWA16_GLVWB16_GRVW16_K1_SS1_SVW1_WSGRA1_WSGRB0,NO_CHECK,40.321,53259.7,,1,8,32,1,1,1,1,34603008,1048576,,,,,,,,,,2026-04-18 22:26:47.
0,33/44,42/47,Contraction_l_Ailk_Bjlk_Cijk_Dijk,"(128,8192,1,1024)",Cijk_Ailk_Bjlk_F8F8S_BH_GB_MT64x64x32_MI16x16x16x1_SN_GLVWA4_GLVWB4_GRVW4_K1_SS1_SVW1_WSGRA0_WSGRB1,NO_CHECK,42.36,50696,,1,8,32,1,1,1,1,34603008,1048576,,,,,,,,,,2026-04-18 22:26:47.
0,33/44,43/47,Contraction_l_Ailk_Bjlk_Cijk_Dijk,"(128,8192,1,1024)",Cijk_Ailk_Bjlk_F8F8S_BH_GB_MT64x64x32_MI16x16x16x1_SN_GLVWA8_GLVWB8_GRVW8_K1_SS1_SVW1_WSGRA0_WSGRB1,NO_CHECK,54.961,39072.9,,1,8,32,1,1,1,1,34603008,1048576,,,,,,,,,,2026-04-18 22:26:47.
0,33/44,44/47,Contraction_l_Ailk_Bjlk_Cijk_Dijk,"(128,8192,1,1024)",Cijk_Ailk_Bjlk_F8F8S_BH_GB_MT64x64x32_MI16x16x16x1_SN_GLVWA16_GLVWB16_GRVW16_K1_SS1_SVW1_WSGRA0_WSGRB1,NO_CHECK,49,43826.2,,1,8,32,1,1,1,1,34603008,1048576,,,,,,,,,,2026-04-18 22:26:47.
0,33/44,45/47,Contraction_l_Ailk_Bjlk_Cijk_Dijk,"(128,8192,1,1024)",Cijk_Ailk_Bjlk_F8F8S_BH_GB_MT64x64x32_MI16x16x16x1_SN_GLVWA4_GLVWB4_GRVW4_K1_SS1_SVW1_WSGRA1_WSGRB1,NO_CHECK,42.001,51129.3,,1,8,32,1,1,1,1,34603008,1048576,,,,,,,,,,2026-04-18 22:26:47.
0,33/44,46/47,Contraction_l_Ailk_Bjlk_Cijk_Dijk,"(128,8192,1,1024)",Cijk_Ailk_Bjlk_F8F8S_BH_GB_MT64x64x32_MI16x16x16x1_SN_GLVWA8_GLVWB8_GRVW8_K1_SS1_SVW1_WSGRA1_WSGRB1,NO_CHECK,41.92,51228.1,,1,8,32,1,1,1,1,34603008,1048576,,,,,,,,,,2026-04-18 22:26:47.
0,33/44,47/47,Contraction_l_Ailk_Bjlk_Cijk_Dijk,"(128,8192,1,1024)",Cijk_Ailk_Bjlk_F8F8S_BH_GB_MT64x64x32_MI16x16x16x1_SN_GLVWA16_GLVWB16_GRVW16_K1_SS1_SVW1_WSGRA1_WSGRB1,NO_CHECK,41.2,52123.4,,1,8,32,1,1,1,1,34603008,1048576,,,,,,,,,,2026-04-18 22:26:47.
0,34/44,0/47,Contraction_l_Ailk_Bjlk_Cijk_Dijk,"(128,8192,1,4096)",Cijk_Ailk_Bjlk_F8F8S_BH_GB_MT64x64x16_MI16x16x16x1_SN_GLVWA4_GLVWB4_GRVW4_K1_SS0_SVW4_WSGRA0_WSGRB0,NO_CHECK,136.881,62754.8,,1,8,32,1,1,1,1,135266304,1048576,,,,,,,,,,2026-04-18 22:26:47.
0,34/44,1/47,Contraction_l_Ailk_Bjlk_Cijk_Dijk,"(128,8192,1,4096)",Cijk_Ailk_Bjlk_F8F8S_BH_GB_MT64x64x16_MI16x16x16x1_SN_GLVWA8_GLVWB8_GRVW8_K1_SS0_SVW4_WSGRA0_WSGRB0,NO_CHECK,137.721,62372,,1,8,32,1,1,1,1,135266304,1048576,,,,,,,,,,2026-04-18 22:26:47.
0,34/44,2/47,Contraction_l_Ailk_Bjlk_Cijk_Dijk,"(128,8192,1,4096)",Cijk_Ailk_Bjlk_F8F8S_BH_GB_MT64x64x16_MI16x16x16x1_SN_GLVWA16_GLVWB16_GRVW16_K1_SS0_SVW4_WSGRA0_WSGRB0,NO_CHECK,138.361,62083.5,,1,8,32,1,1,1,1,135266304,1048576,,,,,,,,,,2026-04-18 22:26:47.
0,34/44,3/47,Contraction_l_Ailk_Bjlk_Cijk_Dijk,"(128,8192,1,4096)",Cijk_Ailk_Bjlk_F8F8S_BH_GB_MT64x64x16_MI16x16x16x1_SN_GLVWA4_GLVWB4_GRVW4_K1_SS0_SVW4_WSGRA1_WSGRB0,NO_CHECK,119.641,71797.6,,1,8,32,1,1,1,1,135266304,1048576,,,,,,,,,,2026-04-18 22:26:47.
0,34/44,4/47,Contraction_l_Ailk_Bjlk_Cijk_Dijk,"(128,8192,1,4096)",Cijk_Ailk_Bjlk_F8F8S_BH_GB_MT64x64x16_MI16x16x16x1_SN_GLVWA8_GLVWB8_GRVW8_K1_SS0_SVW4_WSGRA1_WSGRB0,NO_CHECK,135.121,63572.2,,1,8,32,1,1,1,1,135266304,1048576,,,,,,,,,,2026-04-18 22:26:47.
0,34/44,5/47,Contraction_l_Ailk_Bjlk_Cijk_Dijk,"(128,8192,1,4096)",Cijk_Ailk_Bjlk_F8F8S_BH_GB_MT64x64x16_MI16x16x16x1_SN_GLVWA16_GLVWB16_GRVW16_K1_SS0_SVW4_WSGRA1_WSGRB0,NO_CHECK,140.081,61321.2,,1,8,32,1,1,1,1,135266304,1048576,,,,,,,,,,2026-04-18 22:26:47.
0,34/44,6/47,Contraction_l_Ailk_Bjlk_Cijk_Dijk,"(128,8192,1,4096)",Cijk_Ailk_Bjlk_F8F8S_BH_GB_MT64x64x16_MI16x16x16x1_SN_GLVWA4_GLVWB4_GRVW4_K1_SS0_SVW4_WSGRA0_WSGRB1,NO_CHECK,135.801,63253.8,,1,8,32,1,1,1,1,135266304,1048576,,,,,,,,,,2026-04-18 22:26:47.
0,34/44,7/47,Contraction_l_Ailk_Bjlk_Cijk_Dijk,"(128,8192,1,4096)",Cijk_Ailk_Bjlk_F8F8S_BH_GB_MT64x64x16_MI16x16x16x1_SN_GLVWA8_GLVWB8_GRVW8_K1_SS0_SVW4_WSGRA0_WSGRB1,NO_CHECK,138.201,62155.4,,1,8,32,1,1,1,1,135266304,1048576,,,,,,,,,,2026-04-18 22:26:47.
0,34/44,8/47,Contraction_l_Ailk_Bjlk_Cijk_Dijk,"(128,8192,1,4096)",Cijk_Ailk_Bjlk_F8F8S_BH_GB_MT64x64x16_MI16x16x16x1_SN_GLVWA16_GLVWB16_GRVW16_K1_SS0_SVW4_WSGRA0_WSGRB1,NO_CHECK,125.881,68238.5,,1,8,32,1,1,1,1,135266304,1048576,,,,,,,,,,2026-04-18 22:26:47.
0,34/44,9/47,Contraction_l_Ailk_Bjlk_Cijk_Dijk,"(128,8192,1,4096)",Cijk_Ailk_Bjlk_F8F8S_BH_GB_MT64x64x16_MI16x16x16x1_SN_GLVWA4_GLVWB4_GRVW4_K1_SS0_SVW4_WSGRA1_WSGRB1,NO_CHECK,129.401,66382.3,,1,8,32,1,1,1,1,135266304,1048576,,,,,,,,,,2026-04-18 22:26:47.
0,34/44,10/47,Contraction_l_Ailk_Bjlk_Cijk_Dijk,"(128,8192,1,4096)",Cijk_Ailk_Bjlk_F8F8S_BH_GB_MT64x64x16_MI16x16x16x1_SN_GLVWA8_GLVWB8_GRVW8_K1_SS0_SVW4_WSGRA1_WSGRB1,NO_CHECK,138.481,62029.7,,1,8,32,1,1,1,1,135266304,1048576,,,,,,,,,,2026-04-18 22:26:47.
0,34/44,11/47,Contraction_l_Ailk_Bjlk_Cijk_Dijk,"(128,8192,1,4096)",Cijk_Ailk_Bjlk_F8F8S_BH_GB_MT64x64x16_MI16x16x16x1_SN_GLVWA16_GLVWB16_GRVW16_K1_SS0_SVW4_WSGRA1_WSGRB1,NO_CHECK,136.641,62865,,1,8,32,1,1,1,1,135266304,1048576,,,,,,,,,,2026-04-18 22:26:47.
0,34/44,12/47,Contraction_l_Ailk_Bjlk_Cijk_Dijk,"(128,8192,1,4096)",Cijk_Ailk_Bjlk_F8F8S_BH_GB_MT64x64x32_MI16x16x16x1_SN_GLVWA4_GLVWB4_GRVW4_K1_SS0_SVW4_WSGRA0_WSGRB0,NO_CHECK,121.281,70826.7,,1,8,32,1,1,1,1,135266304,1048576,,,,,,,,,,2026-04-18 22:26:47.
0,34/44,13/47,Contraction_l_Ailk_Bjlk_Cijk_Dijk,"(128,8192,1,4096)",Cijk_Ailk_Bjlk_F8F8S_BH_GB_MT64x64x32_MI16x16x16x1_SN_GLVWA8_GLVWB8_GRVW8_K1_SS0_SVW4_WSGRA0_WSGRB0,NO_CHECK,120.561,71249.7,,1,8,32,1,1,1,1,135266304,1048576,,,,,,,,,,2026-04-18 22:26:47.
0,34/44,14/47,Contraction_l_Ailk_Bjlk_Cijk_Dijk,"(128,8192,1,4096)",Cijk_Ailk_Bjlk_F8F8S_BH_GB_MT64x64x32_MI16x16x16x1_SN_GLVWA16_GLVWB16_GRVW16_K1_SS0_SVW4_WSGRA0_WSGRB0,NO_CHECK,119.241,72038.4,,1,8,32,1,1,1,1,135266304,1048576,,,,,,,,,,2026-04-18 22:26:47.
0,34/44,15/47,Contraction_l_Ailk_Bjlk_Cijk_Dijk,"(128,8192,1,4096)",Cijk_Ailk_Bjlk_F8F8S_BH_GB_MT64x64x32_MI16x16x16x1_SN_GLVWA4_GLVWB4_GRVW4_K1_SS0_SVW4_WSGRA1_WSGRB0,NO_CHECK,122.521,70109.9,,1,8,32,1,1,1,1,135266304,1048576,,,,,,,,,,2026-04-18 22:26:47.
0,34/44,16/47,Contraction_l_Ailk_Bjlk_Cijk_Dijk,"(128,8192,1,4096)",Cijk_Ailk_Bjlk_F8F8S_BH_GB_MT64x64x32_MI16x16x16x1_SN_GLVWA8_GLVWB8_GRVW8_K1_SS0_SVW4_WSGRA1_WSGRB0,NO_CHECK,121.681,70593.9,,1,8,32,1,1,1,1,135266304,1048576,,,,,,,,,,2026-04-18 22:26:47.
0,34/44,17/47,Contraction_l_Ailk_Bjlk_Cijk_Dijk,"(128,8192,1,4096)",Cijk_Ailk_Bjlk_F8F8S_BH_GB_MT64x64x32_MI16x16x16x1_SN_GLVWA16_GLVWB16_GRVW16_K1_SS0_SVW4_WSGRA1_WSGRB0,NO_CHECK,121.281,70826.7,,1,8,32,1,1,1,1,135266304,1048576,,,,,,,,,,2026-04-18 22:26:47.
0,34/44,18/47,Contraction_l_Ailk_Bjlk_Cijk_Dijk,"(128,8192,1,4096)",Cijk_Ailk_Bjlk_F8F8S_BH_GB_MT64x64x32_MI16x16x16x1_SN_GLVWA4_GLVWB4_GRVW4_K1_SS0_SVW4_WSGRA0_WSGRB1,NO_CHECK,120.561,71249.7,,1,8,32,1,1,1,1,135266304,1048576,,,,,,,,,,2026-04-18 22:26:47.
0,34/44,19/47,Contraction_l_Ailk_Bjlk_Cijk_Dijk,"(128,8192,1,4096)",Cijk_Ailk_Bjlk_F8F8S_BH_GB_MT64x64x32_MI16x16x16x1_SN_GLVWA8_GLVWB8_GRVW8_K1_SS0_SVW4_WSGRA0_WSGRB1,NO_CHECK,121.201,70873.5,,1,8,32,1,1,1,1,135266304,1048576,,,,,,,,,,2026-04-18 22:26:47.
0,34/44,20/47,Contraction_l_Ailk_Bjlk_Cijk_Dijk,"(128,8192,1,4096)",Cijk_Ailk_Bjlk_F8F8S_BH_GB_MT64x64x32_MI16x16x16x1_SN_GLVWA16_GLVWB16_GRVW16_K1_SS0_SVW4_WSGRA0_WSGRB1,NO_CHECK,121.241,70850.1,,1,8,32,1,1,1,1,135266304,1048576,,,,,,,,,,2026-04-18 22:26:47.
0,34/44,21/47,Contraction_l_Ailk_Bjlk_Cijk_Dijk,"(128,8192,1,4096)",Cijk_Ailk_Bjlk_F8F8S_BH_GB_MT64x64x32_MI16x16x16x1_SN_GLVWA4_GLVWB4_GRVW4_K1_SS0_SVW4_WSGRA1_WSGRB1,NO_CHECK,123.641,69474.8,,1,8,32,1,1,1,1,135266304,1048576,,,,,,,,,,2026-04-18 22:26:47.
0,34/44,22/47,Contraction_l_Ailk_Bjlk_Cijk_Dijk,"(128,8192,1,4096)",Cijk_Ailk_Bjlk_F8F8S_BH_GB_MT64x64x32_MI16x16x16x1_SN_GLVWA8_GLVWB8_GRVW8_K1_SS0_SVW4_WSGRA1_WSGRB1,NO_CHECK,291.922,29425.4,,1,8,32,1,1,1,1,135266304,1048576,,,,,,,,,,2026-04-18 22:26:47.
0,34/44,23/47,Contraction_l_Ailk_Bjlk_Cijk_Dijk,"(128,8192,1,4096)",Cijk_Ailk_Bjlk_F8F8S_BH_GB_MT64x64x32_MI16x16x16x1_SN_GLVWA16_GLVWB16_GRVW16_K1_SS0_SVW4_WSGRA1_WSGRB1,NO_CHECK,129.361,66402.8,,1,8,32,1,1,1,1,135266304,1048576,,,,,,,,,,2026-04-18 22:26:47.
0,34/44,24/47,Contraction_l_Ailk_Bjlk_Cijk_Dijk,"(128,8192,1,4096)",Cijk_Ailk_Bjlk_F8F8S_BH_GB_MT64x64x16_MI16x16x16x1_SN_GLVWA4_GLVWB4_GRVW4_K1_SS1_SVW1_WSGRA0_WSGRB0,NO_CHECK,159.122,53983.3,,1,8,32,1,1,1,1,135266304,1048576,,,,,,,,,,2026-04-18 22:26:47.
0,34/44,25/47,Contraction_l_Ailk_Bjlk_Cijk_Dijk,"(128,8192,1,4096)",Cijk_Ailk_Bjlk_F8F8S_BH_GB_MT64x64x16_MI16x16x16x1_SN_GLVWA8_GLVWB8_GRVW8_K1_SS1_SVW1_WSGRA0_WSGRB0,NO_CHECK,136.841,62773.1,,1,8,32,1,1,1,1,135266304,1048576,,,,,,,,,,2026-04-18 22:26:47.
0,34/44,26/47,Contraction_l_Ailk_Bjlk_Cijk_Dijk,"(128,8192,1,4096)",Cijk_Ailk_Bjlk_F8F8S_BH_GB_MT64x64x16_MI16x16x16x1_SN_GLVWA16_GLVWB16_GRVW16_K1_SS1_SVW1_WSGRA0_WSGRB0,NO_CHECK,137.801,62335.8,,1,8,32,1,1,1,1,135266304,1048576,,,,,,,,,,2026-04-18 22:26:47.
0,34/44,27/47,Contraction_l_Ailk_Bjlk_Cijk_Dijk,"(128,8192,1,4096)",Cijk_Ailk_Bjlk_F8F8S_BH_GB_MT64x64x16_MI16x16x16x1_SN_GLVWA4_GLVWB4_GRVW4_K1_SS1_SVW1_WSGRA1_WSGRB0,NO_CHECK,131.441,65352,,1,8,32,1,1,1,1,135266304,1048576,,,,,,,,,,2026-04-18 22:26:47.
0,34/44,28/47,Contraction_l_Ailk_Bjlk_Cijk_Dijk,"(128,8192,1,4096)",Cijk_Ailk_Bjlk_F8F8S_BH_GB_MT64x64x16_MI16x16x16x1_SN_GLVWA8_GLVWB8_GRVW8_K1_SS1_SVW1_WSGRA1_WSGRB0,NO_CHECK,137.241,62590.1,,1,8,32,1,1,1,1,135266304,1048576,,,,,,,,,,2026-04-18 22:26:47.
0,34/44,29/47,Contraction_l_Ailk_Bjlk_Cijk_Dijk,"(128,8192,1,4096)",Cijk_Ailk_Bjlk_F8F8S_BH_GB_MT64x64x16_MI16x16x16x1_SN_GLVWA16_GLVWB16_GRVW16_K1_SS1_SVW1_WSGRA1_WSGRB0,NO_CHECK,138.481,62029.7,,1,8,32,1,1,1,1,135266304,1048576,,,,,,,,,,2026-04-18 22:26:47.
0,34/44,30/47,Contraction_l_Ailk_Bjlk_Cijk_Dijk,"(128,8192,1,4096)",Cijk_Ailk_Bjlk_F8F8S_BH_GB_MT64x64x16_MI16x16x16x1_SN_GLVWA4_GLVWB4_GRVW4_K1_SS1_SVW1_WSGRA0_WSGRB1,NO_CHECK,138.761,61904.5,,1,8,32,1,1,1,1,135266304,1048576,,,,,,,,,,2026-04-18 22:26:47.
0,34/44,31/47,Contraction_l_Ailk_Bjlk_Cijk_Dijk,"(128,8192,1,4096)",Cijk_Ailk_Bjlk_F8F8S_BH_GB_MT64x64x16_MI16x16x16x1_SN_GLVWA8_GLVWB8_GRVW8_K1_SS1_SVW1_WSGRA0_WSGRB1,NO_CHECK,135.121,63572.2,,1,8,32,1,1,1,1,135266304,1048576,,,,,,,,,,2026-04-18 22:26:47.
0,34/44,32/47,Contraction_l_Ailk_Bjlk_Cijk_Dijk,"(128,8192,1,4096)",Cijk_Ailk_Bjlk_F8F8S_BH_GB_MT64x64x16_MI16x16x16x1_SN_GLVWA16_GLVWB16_GRVW16_K1_SS1_SVW1_WSGRA0_WSGRB1,NO_CHECK,134.601,63817.8,,1,8,32,1,1,1,1,135266304,1048576,,,,,,,,,,2026-04-18 22:26:47.
0,34/44,33/47,Contraction_l_Ailk_Bjlk_Cijk_Dijk,"(128,8192,1,4096)",Cijk_Ailk_Bjlk_F8F8S_BH_GB_MT64x64x16_MI16x16x16x1_SN_GLVWA4_GLVWB4_GRVW4_K1_SS1_SVW1_WSGRA1_WSGRB1,NO_CHECK,111.961,76722.6,,1,8,32,1,1,1,1,135266304,1048576,,,,,,,,,,2026-04-18 22:26:47.
0,34/44,34/47,Contraction_l_Ailk_Bjlk_Cijk_Dijk,"(128,8192,1,4096)",Cijk_Ailk_Bjlk_F8F8S_BH_GB_MT64x64x16_MI16x16x16x1_SN_GLVWA8_GLVWB8_GRVW8_K1_SS1_SVW1_WSGRA1_WSGRB1,NO_CHECK,120.401,71344.4,,1,8,32,1,1,1,1,135266304,1048576,,,,,,,,,,2026-04-18 22:26:47.
0,34/44,35/47,Contraction_l_Ailk_Bjlk_Cijk_Dijk,"(128,8192,1,4096)",Cijk_Ailk_Bjlk_F8F8S_BH_GB_MT64x64x16_MI16x16x16x1_SN_GLVWA16_GLVWB16_GRVW16_K1_SS1_SVW1_WSGRA1_WSGRB1,NO_CHECK,137.641,62408.3,,1,8,32,1,1,1,1,135266304,1048576,,,,,,,,,,2026-04-18 22:26:47.
0,34/44,36/47,Contraction_l_Ailk_Bjlk_Cijk_Dijk,"(128,8192,1,4096)",Cijk_Ailk_Bjlk_F8F8S_BH_GB_MT64x64x32_MI16x16x16x1_SN_GLVWA4_GLVWB4_GRVW4_K1_SS1_SVW1_WSGRA0_WSGRB0,NO_CHECK,124.601,68939.5,,1,8,32,1,1,1,1,135266304,1048576,,,,,,,,,,2026-04-18 22:26:47.
0,34/44,37/47,Contraction_l_Ailk_Bjlk_Cijk_Dijk,"(128,8192,1,4096)",Cijk_Ailk_Bjlk_F8F8S_BH_GB_MT64x64x32_MI16x16x16x1_SN_GLVWA8_GLVWB8_GRVW8_K1_SS1_SVW1_WSGRA0_WSGRB0,NO_CHECK,122.041,70385.6,,1,8,32,1,1,1,1,135266304,1048576,,,,,,,,,,2026-04-18 22:26:47.
0,34/44,38/47,Contraction_l_Ailk_Bjlk_Cijk_Dijk,"(128,8192,1,4096)",Cijk_Ailk_Bjlk_F8F8S_BH_GB_MT64x64x32_MI16x16x16x1_SN_GLVWA16_GLVWB16_GRVW16_K1_SS1_SVW1_WSGRA0_WSGRB0,NO_CHECK,118.321,72598.6,,1,8,32,1,1,1,1,135266304,1048576,,,,,,,,,,2026-04-18 22:26:47.
0,34/44,39/47,Contraction_l_Ailk_Bjlk_Cijk_Dijk,"(128,8192,1,4096)",Cijk_Ailk_Bjlk_F8F8S_BH_GB_MT64x64x32_MI16x16x16x1_SN_GLVWA4_GLVWB4_GRVW4_K1_SS1_SVW1_WSGRA1_WSGRB0,NO_CHECK,124.121,69206.1,,1,8,32,1,1,1,1,135266304,1048576,,,,,,,,,,2026-04-18 22:26:47.
0,34/44,40/47,Contraction_l_Ailk_Bjlk_Cijk_Dijk,"(128,8192,1,4096)",Cijk_Ailk_Bjlk_F8F8S_BH_GB_MT64x64x32_MI16x16x16x1_SN_GLVWA8_GLVWB8_GRVW8_K1_SS1_SVW1_WSGRA1_WSGRB0,NO_CHECK,122.761,69972.8,,1,8,32,1,1,1,1,135266304,1048576,,,,,,,,,,2026-04-18 22:26:47.
0,34/44,41/47,Contraction_l_Ailk_Bjlk_Cijk_Dijk,"(128,8192,1,4096)",Cijk_Ailk_Bjlk_F8F8S_BH_GB_MT64x64x32_MI16x16x16x1_SN_GLVWA16_GLVWB16_GRVW16_K1_SS1_SVW1_WSGRA1_WSGRB0,NO_CHECK,120.321,71391.8,,1,8,32,1,1,1,1,135266304,1048576,,,,,,,,,,2026-04-18 22:26:47.
0,34/44,42/47,Contraction_l_Ailk_Bjlk_Cijk_Dijk,"(128,8192,1,4096)",Cijk_Ailk_Bjlk_F8F8S_BH_GB_MT64x64x32_MI16x16x16x1_SN_GLVWA4_GLVWB4_GRVW4_K1_SS1_SVW1_WSGRA0_WSGRB1,NO_CHECK,120.04,71558.9,,1,8,32,1,1,1,1,135266304,1048576,,,,,,,,,,2026-04-18 22:26:47.
0,34/44,43/47,Contraction_l_Ailk_Bjlk_Cijk_Dijk,"(128,8192,1,4096)",Cijk_Ailk_Bjlk_F8F8S_BH_GB_MT64x64x32_MI16x16x16x1_SN_GLVWA8_GLVWB8_GRVW8_K1_SS1_SVW1_WSGRA0_WSGRB1,NO_CHECK,120.68,71179.4,,1,8,32,1,1,1,1,135266304,1048576,,,,,,,,,,2026-04-18 22:26:47.
0,34/44,44/47,Contraction_l_Ailk_Bjlk_Cijk_Dijk,"(128,8192,1,4096)",Cijk_Ailk_Bjlk_F8F8S_BH_GB_MT64x64x32_MI16x16x16x1_SN_GLVWA16_GLVWB16_GRVW16_K1_SS1_SVW1_WSGRA0_WSGRB1,NO_CHECK,121.081,70943.7,,1,8,32,1,1,1,1,135266304,1048576,,,,,,,,,,2026-04-18 22:26:47.
0,34/44,45/47,Contraction_l_Ailk_Bjlk_Cijk_Dijk,"(128,8192,1,4096)",Cijk_Ailk_Bjlk_F8F8S_BH_GB_MT64x64x32_MI16x16x16x1_SN_GLVWA4_GLVWB4_GRVW4_K1_SS1_SVW1_WSGRA1_WSGRB1,NO_CHECK,123.041,69813.6,,1,8,32,1,1,1,1,135266304,1048576,,,,,,,,,,2026-04-18 22:26:47.
0,34/44,46/47,Contraction_l_Ailk_Bjlk_Cijk_Dijk,"(128,8192,1,4096)",Cijk_Ailk_Bjlk_F8F8S_BH_GB_MT64x64x32_MI16x16x16x1_SN_GLVWA8_GLVWB8_GRVW8_K1_SS1_SVW1_WSGRA1_WSGRB1,NO_CHECK,121.921,70454.9,,1,8,32,1,1,1,1,135266304,1048576,,,,,,,,,,2026-04-18 22:26:47.
0,34/44,47/47,Contraction_l_Ailk_Bjlk_Cijk_Dijk,"(128,8192,1,4096)",Cijk_Ailk_Bjlk_F8F8S_BH_GB_MT64x64x32_MI16x16x16x1_SN_GLVWA16_GLVWB16_GRVW16_K1_SS1_SVW1_WSGRA1_WSGRB1,NO_CHECK,119.801,71701.7,,1,8,32,1,1,1,1,135266304,1048576,,,,,,,,,,2026-04-18 22:26:47.
0,35/44,0/47,Contraction_l_Ailk_Bjlk_Cijk_Dijk,"(128,8192,1,8192)",Cijk_Ailk_Bjlk_F8F8S_BH_GB_MT64x64x16_MI16x16x16x1_SN_GLVWA4_GLVWB4_GRVW4_K1_SS0_SVW4_WSGRA0_WSGRB0,NO_CHECK,303.202,56661.5,,1,8,32,1,1,1,1,269484032,1048576,,,,,,,,,,2026-04-18 22:26:47.
0,35/44,1/47,Contraction_l_Ailk_Bjlk_Cijk_Dijk,"(128,8192,1,8192)",Cijk_Ailk_Bjlk_F8F8S_BH_GB_MT64x64x16_MI16x16x16x1_SN_GLVWA8_GLVWB8_GRVW8_K1_SS0_SVW4_WSGRA0_WSGRB0,NO_CHECK,291.202,58996.4,,1,8,32,1,1,1,1,269484032,1048576,,,,,,,,,,2026-04-18 22:26:47.
0,35/44,2/47,Contraction_l_Ailk_Bjlk_Cijk_Dijk,"(128,8192,1,8192)",Cijk_Ailk_Bjlk_F8F8S_BH_GB_MT64x64x16_MI16x16x16x1_SN_GLVWA16_GLVWB16_GRVW16_K1_SS0_SVW4_WSGRA0_WSGRB0,NO_CHECK,295.362,58165.5,,1,8,32,1,1,1,1,269484032,1048576,,,,,,,,,,2026-04-18 22:26:47.
0,35/44,3/47,Contraction_l_Ailk_Bjlk_Cijk_Dijk,"(128,8192,1,8192)",Cijk_Ailk_Bjlk_F8F8S_BH_GB_MT64x64x16_MI16x16x16x1_SN_GLVWA4_GLVWB4_GRVW4_K1_SS0_SVW4_WSGRA1_WSGRB0,NO_CHECK,293.763,58482.1,,1,8,32,1,1,1,1,269484032,1048576,,,,,,,,,,2026-04-18 22:26:47.
0,35/44,4/47,Contraction_l_Ailk_Bjlk_Cijk_Dijk,"(128,8192,1,8192)",Cijk_Ailk_Bjlk_F8F8S_BH_GB_MT64x64x16_MI16x16x16x1_SN_GLVWA8_GLVWB8_GRVW8_K1_SS0_SVW4_WSGRA1_WSGRB0,NO_CHECK,292.482,58738.2,,1,8,32,1,1,1,1,269484032,1048576,,,,,,,,,,2026-04-18 22:26:47.
0,35/44,5/47,Contraction_l_Ailk_Bjlk_Cijk_Dijk,"(128,8192,1,8192)",Cijk_Ailk_Bjlk_F8F8S_BH_GB_MT64x64x16_MI16x16x16x1_SN_GLVWA16_GLVWB16_GRVW16_K1_SS0_SVW4_WSGRA1_WSGRB0,NO_CHECK,490.844,35000.7,,1,8,32,1,1,1,1,269484032,1048576,,,,,,,,,,2026-04-18 22:26:47.
0,35/44,6/47,Contraction_l_Ailk_Bjlk_Cijk_Dijk,"(128,8192,1,8192)",Cijk_Ailk_Bjlk_F8F8S_BH_GB_MT64x64x16_MI16x16x16x1_SN_GLVWA4_GLVWB4_GRVW4_K1_SS0_SVW4_WSGRA0_WSGRB1,NO_CHECK,244.241,70339.8,,1,8,32,1,1,1,1,269484032,1048576,,,,,,,,,,2026-04-18 22:26:47.
0,35/44,7/47,Contraction_l_Ailk_Bjlk_Cijk_Dijk,"(128,8192,1,8192)",Cijk_Ailk_Bjlk_F8F8S_BH_GB_MT64x64x16_MI16x16x16x1_SN_GLVWA8_GLVWB8_GRVW8_K1_SS0_SVW4_WSGRA0_WSGRB1,NO_CHECK,245.002,70121.3,,1,8,32,1,1,1,1,269484032,1048576,,,,,,,,,,2026-04-18 22:26:47.
0,35/44,8/47,Contraction_l_Ailk_Bjlk_Cijk_Dijk,"(128,8192,1,8192)",Cijk_Ailk_Bjlk_F8F8S_BH_GB_MT64x64x16_MI16x16x16x1_SN_GLVWA16_GLVWB16_GRVW16_K1_SS0_SVW4_WSGRA0_WSGRB1,NO_CHECK,242.522,70838.4,,1,8,32,1,1,1,1,269484032,1048576,,,,,,,,,,2026-04-18 22:26:47.
0,35/44,9/47,Contraction_l_Ailk_Bjlk_Cijk_Dijk,"(128,8192,1,8192)",Cijk_Ailk_Bjlk_F8F8S_BH_GB_MT64x64x16_MI16x16x16x1_SN_GLVWA4_GLVWB4_GRVW4_K1_SS0_SVW4_WSGRA1_WSGRB1,NO_CHECK,245.282,70041.3,,1,8,32,1,1,1,1,269484032,1048576,,,,,,,,,,2026-04-18 22:26:47.
0,35/44,10/47,Contraction_l_Ailk_Bjlk_Cijk_Dijk,"(128,8192,1,8192)",Cijk_Ailk_Bjlk_F8F8S_BH_GB_MT64x64x16_MI16x16x16x1_SN_GLVWA8_GLVWB8_GRVW8_K1_SS0_SVW4_WSGRA1_WSGRB1,NO_CHECK,241.842,71037.6,,1,8,32,1,1,1,1,269484032,1048576,,,,,,,,,,2026-04-18 22:26:47.
0,35/44,11/47,Contraction_l_Ailk_Bjlk_Cijk_Dijk,"(128,8192,1,8192)",Cijk_Ailk_Bjlk_F8F8S_BH_GB_MT64x64x16_MI16x16x16x1_SN_GLVWA16_GLVWB16_GRVW16_K1_SS0_SVW4_WSGRA1_WSGRB1,NO_CHECK,241.761,71061.4,,1,8,32,1,1,1,1,269484032,1048576,,,,,,,,,,2026-04-18 22:26:47.
0,35/44,12/47,Contraction_l_Ailk_Bjlk_Cijk_Dijk,"(128,8192,1,8192)",Cijk_Ailk_Bjlk_F8F8S_BH_GB_MT64x64x32_MI16x16x16x1_SN_GLVWA4_GLVWB4_GRVW4_K1_SS0_SVW4_WSGRA0_WSGRB0,NO_CHECK,230.161,74642.8,,1,8,32,1,1,1,1,269484032,1048576,,,,,,,,,,2026-04-18 22:26:47.
0,35/44,13/47,Contraction_l_Ailk_Bjlk_Cijk_Dijk,"(128,8192,1,8192)",Cijk_Ailk_Bjlk_F8F8S_BH_GB_MT64x64x32_MI16x16x16x1_SN_GLVWA8_GLVWB8_GRVW8_K1_SS0_SVW4_WSGRA0_WSGRB0,NO_CHECK,227.282,75588.3,,1,8,32,1,1,1,1,269484032,1048576,,,,,,,,,,2026-04-18 22:26:47.
0,35/44,14/47,Contraction_l_Ailk_Bjlk_Cijk_Dijk,"(128,8192,1,8192)",Cijk_Ailk_Bjlk_F8F8S_BH_GB_MT64x64x32_MI16x16x16x1_SN_GLVWA16_GLVWB16_GRVW16_K1_SS0_SVW4_WSGRA0_WSGRB0,NO_CHECK,433.963,39588.3,,1,8,32,1,1,1,1,269484032,1048576,,,,,,,,,,2026-04-18 22:26:47.
0,35/44,15/47,Contraction_l_Ailk_Bjlk_Cijk_Dijk,"(128,8192,1,8192)",Cijk_Ailk_Bjlk_F8F8S_BH_GB_MT64x64x32_MI16x16x16x1_SN_GLVWA4_GLVWB4_GRVW4_K1_SS0_SVW4_WSGRA1_WSGRB0,NO_CHECK,231.721,74140.3,,1,8,32,1,1,1,1,269484032,1048576,,,,,,,,,,2026-04-18 22:26:47.
0,35/44,16/47,Contraction_l_Ailk_Bjlk_Cijk_Dijk,"(128,8192,1,8192)",Cijk_Ailk_Bjlk_F8F8S_BH_GB_MT64x64x32_MI16x16x16x1_SN_GLVWA8_GLVWB8_GRVW8_K1_SS0_SVW4_WSGRA1_WSGRB0,NO_CHECK,225.801,76084.1,,1,8,32,1,1,1,1,269484032,1048576,,,,,,,,,,2026-04-18 22:26:47.
0,35/44,17/47,Contraction_l_Ailk_Bjlk_Cijk_Dijk,"(128,8192,1,8192)",Cijk_Ailk_Bjlk_F8F8S_BH_GB_MT64x64x32_MI16x16x16x1_SN_GLVWA16_GLVWB16_GRVW16_K1_SS0_SVW4_WSGRA1_WSGRB0,NO_CHECK,222.842,77094.4,,1,8,32,1,1,1,1,269484032,1048576,,,,,,,,,,2026-04-18 22:26:47.
0,35/44,18/47,Contraction_l_Ailk_Bjlk_Cijk_Dijk,"(128,8192,1,8192)",Cijk_Ailk_Bjlk_F8F8S_BH_GB_MT64x64x32_MI16x16x16x1_SN_GLVWA4_GLVWB4_GRVW4_K1_SS0_SVW4_WSGRA0_WSGRB1,NO_CHECK,230.002,74694.4,,1,8,32,1,1,1,1,269484032,1048576,,,,,,,,,,2026-04-18 22:26:47.
0,35/44,19/47,Contraction_l_Ailk_Bjlk_Cijk_Dijk,"(128,8192,1,8192)",Cijk_Ailk_Bjlk_F8F8S_BH_GB_MT64x64x32_MI16x16x16x1_SN_GLVWA8_GLVWB8_GRVW8_K1_SS0_SVW4_WSGRA0_WSGRB1,NO_CHECK,223.282,76942.5,,1,8,32,1,1,1,1,269484032,1048576,,,,,,,,,,2026-04-18 22:26:47.
0,35/44,20/47,Contraction_l_Ailk_Bjlk_Cijk_Dijk,"(128,8192,1,8192)",Cijk_Ailk_Bjlk_F8F8S_BH_GB_MT64x64x32_MI16x16x16x1_SN_GLVWA16_GLVWB16_GRVW16_K1_SS0_SVW4_WSGRA0_WSGRB1,NO_CHECK,227.602,75482.1,,1,8,32,1,1,1,1,269484032,1048576,,,,,,,,,,2026-04-18 22:26:47.
0,35/44,21/47,Contraction_l_Ailk_Bjlk_Cijk_Dijk,"(128,8192,1,8192)",Cijk_Ailk_Bjlk_F8F8S_BH_GB_MT64x64x32_MI16x16x16x1_SN_GLVWA4_GLVWB4_GRVW4_K1_SS0_SVW4_WSGRA1_WSGRB1,NO_CHECK,286.762,59909.9,,1,8,32,1,1,1,1,269484032,1048576,,,,,,,,,,2026-04-18 22:26:47.
0,35/44,22/47,Contraction_l_Ailk_Bjlk_Cijk_Dijk,"(128,8192,1,8192)",Cijk_Ailk_Bjlk_F8F8S_BH_GB_MT64x64x32_MI16x16x16x1_SN_GLVWA8_GLVWB8_GRVW8_K1_SS0_SVW4_WSGRA1_WSGRB1,NO_CHECK,230.241,74616.9,,1,8,32,1,1,1,1,269484032,1048576,,,,,,,,,,2026-04-18 22:26:47.
0,35/44,23/47,Contraction_l_Ailk_Bjlk_Cijk_Dijk,"(128,8192,1,8192)",Cijk_Ailk_Bjlk_F8F8S_BH_GB_MT64x64x32_MI16x16x16x1_SN_GLVWA16_GLVWB16_GRVW16_K1_SS0_SVW4_WSGRA1_WSGRB1,NO_CHECK,218.962,78460.5,,1,8,32,1,1,1,1,269484032,1048576,,,,,,,,,,2026-04-18 22:26:47.
0,35/44,24/47,Contraction_l_Ailk_Bjlk_Cijk_Dijk,"(128,8192,1,8192)",Cijk_Ailk_Bjlk_F8F8S_BH_GB_MT64x64x16_MI16x16x16x1_SN_GLVWA4_GLVWB4_GRVW4_K1_SS1_SVW1_WSGRA0_WSGRB0,NO_CHECK,211.122,81374.1,,1,8,32,1,1,1,1,269484032,1048576,,,,,,,,,,2026-04-18 22:26:47.
0,35/44,25/47,Contraction_l_Ailk_Bjlk_Cijk_Dijk,"(128,8192,1,8192)",Cijk_Ailk_Bjlk_F8F8S_BH_GB_MT64x64x16_MI16x16x16x1_SN_GLVWA8_GLVWB8_GRVW8_K1_SS1_SVW1_WSGRA0_WSGRB0,NO_CHECK,212.442,80868.5,,1,8,32,1,1,1,1,269484032,1048576,,,,,,,,,,2026-04-18 22:26:47.
0,35/44,26/47,Contraction_l_Ailk_Bjlk_Cijk_Dijk,"(128,8192,1,8192)",Cijk_Ailk_Bjlk_F8F8S_BH_GB_MT64x64x16_MI16x16x16x1_SN_GLVWA16_GLVWB16_GRVW16_K1_SS1_SVW1_WSGRA0_WSGRB0,NO_CHECK,213.601,80429.7,,1,8,32,1,1,1,1,269484032,1048576,,,,,,,,,,2026-04-18 22:26:47.
0,35/44,27/47,Contraction_l_Ailk_Bjlk_Cijk_Dijk,"(128,8192,1,8192)",Cijk_Ailk_Bjlk_F8F8S_BH_GB_MT64x64x16_MI16x16x16x1_SN_GLVWA4_GLVWB4_GRVW4_K1_SS1_SVW1_WSGRA1_WSGRB0,NO_CHECK,215.402,79757.2,,1,8,32,1,1,1,1,269484032,1048576,,,,,,,,,,2026-04-18 22:26:47.
0,35/44,28/47,Contraction_l_Ailk_Bjlk_Cijk_Dijk,"(128,8192,1,8192)",Cijk_Ailk_Bjlk_F8F8S_BH_GB_MT64x64x16_MI16x16x16x1_SN_GLVWA8_GLVWB8_GRVW8_K1_SS1_SVW1_WSGRA1_WSGRB0,NO_CHECK,213.162,80595.4,,1,8,32,1,1,1,1,269484032,1048576,,,,,,,,,,2026-04-18 22:26:47.
0,35/44,29/47,Contraction_l_Ailk_Bjlk_Cijk_Dijk,"(128,8192,1,8192)",Cijk_Ailk_Bjlk_F8F8S_BH_GB_MT64x64x16_MI16x16x16x1_SN_GLVWA16_GLVWB16_GRVW16_K1_SS1_SVW1_WSGRA1_WSGRB0,NO_CHECK,213.242,80565.1,,1,8,32,1,1,1,1,269484032,1048576,,,,,,,,,,2026-04-18 22:26:47.
0,35/44,30/47,Contraction_l_Ailk_Bjlk_Cijk_Dijk,"(128,8192,1,8192)",Cijk_Ailk_Bjlk_F8F8S_BH_GB_MT64x64x16_MI16x16x16x1_SN_GLVWA4_GLVWB4_GRVW4_K1_SS1_SVW1_WSGRA0_WSGRB1,NO_CHECK,214.881,79950.6,,1,8,32,1,1,1,1,269484032,1048576,,,,,,,,,,2026-04-18 22:26:47.
0,35/44,31/47,Contraction_l_Ailk_Bjlk_Cijk_Dijk,"(128,8192,1,8192)",Cijk_Ailk_Bjlk_F8F8S_BH_GB_MT64x64x16_MI16x16x16x1_SN_GLVWA8_GLVWB8_GRVW8_K1_SS1_SVW1_WSGRA0_WSGRB1,NO_CHECK,212.641,80792.8,,1,8,32,1,1,1,1,269484032,1048576,,,,,,,,,,2026-04-18 22:26:47.
0,35/44,32/47,Contraction_l_Ailk_Bjlk_Cijk_Dijk,"(128,8192,1,8192)",Cijk_Ailk_Bjlk_F8F8S_BH_GB_MT64x64x16_MI16x16x16x1_SN_GLVWA16_GLVWB16_GRVW16_K1_SS1_SVW1_WSGRA0_WSGRB1,NO_CHECK,213.642,80414.3,,1,8,32,1,1,1,1,269484032,1048576,,,,,,,,,,2026-04-18 22:26:47.
0,35/44,33/47,Contraction_l_Ailk_Bjlk_Cijk_Dijk,"(128,8192,1,8192)",Cijk_Ailk_Bjlk_F8F8S_BH_GB_MT64x64x16_MI16x16x16x1_SN_GLVWA4_GLVWB4_GRVW4_K1_SS1_SVW1_WSGRA1_WSGRB1,NO_CHECK,215.922,79565.2,,1,8,32,1,1,1,1,269484032,1048576,,,,,,,,,,2026-04-18 22:26:47.
0,35/44,34/47,Contraction_l_Ailk_Bjlk_Cijk_Dijk,"(128,8192,1,8192)",Cijk_Ailk_Bjlk_F8F8S_BH_GB_MT64x64x16_MI16x16x16x1_SN_GLVWA8_GLVWB8_GRVW8_K1_SS1_SVW1_WSGRA1_WSGRB1,NO_CHECK,213.642,80414.3,,1,8,32,1,1,1,1,269484032,1048576,,,,,,,,,,2026-04-18 22:26:47.
0,35/44,35/47,Contraction_l_Ailk_Bjlk_Cijk_Dijk,"(128,8192,1,8192)",Cijk_Ailk_Bjlk_F8F8S_BH_GB_MT64x64x16_MI16x16x16x1_SN_GLVWA16_GLVWB16_GRVW16_K1_SS1_SVW1_WSGRA1_WSGRB1,NO_CHECK,421.243,40783.7,,1,8,32,1,1,1,1,269484032,1048576,,,,,,,,,,2026-04-18 22:26:47.
0,35/44,36/47,Contraction_l_Ailk_Bjlk_Cijk_Dijk,"(128,8192,1,8192)",Cijk_Ailk_Bjlk_F8F8S_BH_GB_MT64x64x32_MI16x16x16x1_SN_GLVWA4_GLVWB4_GRVW4_K1_SS1_SVW1_WSGRA0_WSGRB0,NO_CHECK,225.321,76246.2,,1,8,32,1,1,1,1,269484032,1048576,,,,,,,,,,2026-04-18 22:26:47.
0,35/44,37/47,Contraction_l_Ailk_Bjlk_Cijk_Dijk,"(128,8192,1,8192)",Cijk_Ailk_Bjlk_F8F8S_BH_GB_MT64x64x32_MI16x16x16x1_SN_GLVWA8_GLVWB8_GRVW8_K1_SS1_SVW1_WSGRA0_WSGRB0,NO_CHECK,222.561,77191.7,,1,8,32,1,1,1,1,269484032,1048576,,,,,,,,,,2026-04-18 22:26:47.
0,35/44,38/47,Contraction_l_Ailk_Bjlk_Cijk_Dijk,"(128,8192,1,8192)",Cijk_Ailk_Bjlk_F8F8S_BH_GB_MT64x64x32_MI16x16x16x1_SN_GLVWA16_GLVWB16_GRVW16_K1_SS1_SVW1_WSGRA0_WSGRB0,NO_CHECK,222.242,77302.5,,1,8,32,1,1,1,1,269484032,1048576,,,,,,,,,,2026-04-18 22:26:47.
0,35/44,39/47,Contraction_l_Ailk_Bjlk_Cijk_Dijk,"(128,8192,1,8192)",Cijk_Ailk_Bjlk_F8F8S_BH_GB_MT64x64x32_MI16x16x16x1_SN_GLVWA4_GLVWB4_GRVW4_K1_SS1_SVW1_WSGRA1_WSGRB0,NO_CHECK,230.042,74681.4,,1,8,32,1,1,1,1,269484032,1048576,,,,,,,,,,2026-04-18 22:26:47.
0,35/44,40/47,Contraction_l_Ailk_Bjlk_Cijk_Dijk,"(128,8192,1,8192)",Cijk_Ailk_Bjlk_F8F8S_BH_GB_MT64x64x32_MI16x16x16x1_SN_GLVWA8_GLVWB8_GRVW8_K1_SS1_SVW1_WSGRA1_WSGRB0,NO_CHECK,223.002,77039.1,,1,8,32,1,1,1,1,269484032,1048576,,,,,,,,,,2026-04-18 22:26:47.
0,35/44,41/47,Contraction_l_Ailk_Bjlk_Cijk_Dijk,"(128,8192,1,8192)",Cijk_Ailk_Bjlk_F8F8S_BH_GB_MT64x64x32_MI16x16x16x1_SN_GLVWA16_GLVWB16_GRVW16_K1_SS1_SVW1_WSGRA1_WSGRB0,NO_CHECK,384.643,44664.5,,1,8,32,1,1,1,1,269484032,1048576,,,,,,,,,,2026-04-18 22:26:47.
0,35/44,42/47,Contraction_l_Ailk_Bjlk_Cijk_Dijk,"(128,8192,1,8192)",Cijk_Ailk_Bjlk_F8F8S_BH_GB_MT64x64x32_MI16x16x16x1_SN_GLVWA4_GLVWB4_GRVW4_K1_SS1_SVW1_WSGRA0_WSGRB1,NO_CHECK,225.601,76151.6,,1,8,32,1,1,1,1,269484032,1048576,,,,,,,,,,2026-04-18 22:26:47.
0,35/44,43/47,Contraction_l_Ailk_Bjlk_Cijk_Dijk,"(128,8192,1,8192)",Cijk_Ailk_Bjlk_F8F8S_BH_GB_MT64x64x32_MI16x16x16x1_SN_GLVWA8_GLVWB8_GRVW8_K1_SS1_SVW1_WSGRA0_WSGRB1,NO_CHECK,244.281,70328.3,,1,8,32,1,1,1,1,269484032,1048576,,,,,,,,,,2026-04-18 22:26:47.
0,35/44,44/47,Contraction_l_Ailk_Bjlk_Cijk_Dijk,"(128,8192,1,8192)",Cijk_Ailk_Bjlk_F8F8S_BH_GB_MT64x64x32_MI16x16x16x1_SN_GLVWA16_GLVWB16_GRVW16_K1_SS1_SVW1_WSGRA0_WSGRB1,NO_CHECK,229.762,74772.5,,1,8,32,1,1,1,1,269484032,1048576,,,,,,,,,,2026-04-18 22:26:47.
0,35/44,45/47,Contraction_l_Ailk_Bjlk_Cijk_Dijk,"(128,8192,1,8192)",Cijk_Ailk_Bjlk_F8F8S_BH_GB_MT64x64x32_MI16x16x16x1_SN_GLVWA4_GLVWB4_GRVW4_K1_SS1_SVW1_WSGRA1_WSGRB1,NO_CHECK,224.242,76613.1,,1,8,32,1,1,1,1,269484032,1048576,,,,,,,,,,2026-04-18 22:26:47.
0,35/44,46/47,Contraction_l_Ailk_Bjlk_Cijk_Dijk,"(128,8192,1,8192)",Cijk_Ailk_Bjlk_F8F8S_BH_GB_MT64x64x32_MI16x16x16x1_SN_GLVWA8_GLVWB8_GRVW8_K1_SS1_SVW1_WSGRA1_WSGRB1,NO_CHECK,222.402,77246.9,,1,8,32,1,1,1,1,269484032,1048576,,,,,,,,,,2026-04-18 22:26:47.
0,35/44,47/47,Contraction_l_Ailk_Bjlk_Cijk_Dijk,"(128,8192,1,8192)",Cijk_Ailk_Bjlk_F8F8S_BH_GB_MT64x64x32_MI16x16x16x1_SN_GLVWA16_GLVWB16_GRVW16_K1_SS1_SVW1_WSGRA1_WSGRB1,NO_CHECK,222.362,77260.8,,1,8,32,1,1,1,1,269484032,1048576,,,,,,,,,,2026-04-18 22:26:47.
0,36/44,0/47,Contraction_l_Ailk_Bjlk_Cijk_Dijk,"(512,1024,1,1024)",Cijk_Ailk_Bjlk_F8F8S_BH_GB_MT64x64x16_MI16x16x16x1_SN_GLVWA4_GLVWB4_GRVW4_K1_SS0_SVW4_WSGRA0_WSGRB0,NO_CHECK,32.321,33221.2,,0.625,4,32,1,1,1,0.625,17301504,524288,,,,,,,,,,2026-04-18 22:26:47.
0,36/44,1/47,Contraction_l_Ailk_Bjlk_Cijk_Dijk,"(512,1024,1,1024)",Cijk_Ailk_Bjlk_F8F8S_BH_GB_MT64x64x16_MI16x16x16x1_SN_GLVWA8_GLVWB8_GRVW8_K1_SS0_SVW4_WSGRA0_WSGRB0,NO_CHECK,29.6,36275.1,,0.625,4,32,1,1,1,0.625,17301504,524288,,,,,,,,,,2026-04-18 22:26:47.
0,36/44,2/47,Contraction_l_Ailk_Bjlk_Cijk_Dijk,"(512,1024,1,1024)",Cijk_Ailk_Bjlk_F8F8S_BH_GB_MT64x64x16_MI16x16x16x1_SN_GLVWA16_GLVWB16_GRVW16_K1_SS0_SVW4_WSGRA0_WSGRB0,NO_CHECK,29.44,36472.2,,0.625,4,32,1,1,1,0.625,17301504,524288,,,,,,,,,,2026-04-18 22:26:47.
0,36/44,3/47,Contraction_l_Ailk_Bjlk_Cijk_Dijk,"(512,1024,1,1024)",Cijk_Ailk_Bjlk_F8F8S_BH_GB_MT64x64x16_MI16x16x16x1_SN_GLVWA4_GLVWB4_GRVW4_K1_SS0_SVW4_WSGRA1_WSGRB0,NO_CHECK,30.001,35790.2,,0.625,4,32,1,1,1,0.625,17301504,524288,,,,,,,,,,2026-04-18 22:26:47.
0,36/44,4/47,Contraction_l_Ailk_Bjlk_Cijk_Dijk,"(512,1024,1,1024)",Cijk_Ailk_Bjlk_F8F8S_BH_GB_MT64x64x16_MI16x16x16x1_SN_GLVWA8_GLVWB8_GRVW8_K1_SS0_SVW4_WSGRA1_WSGRB0,NO_CHECK,31.081,34546.6,,0.625,4,32,1,1,1,0.625,17301504,524288,,,,,,,,,,2026-04-18 22:26:47.
0,36/44,5/47,Contraction_l_Ailk_Bjlk_Cijk_Dijk,"(512,1024,1,1024)",Cijk_Ailk_Bjlk_F8F8S_BH_GB_MT64x64x16_MI16x16x16x1_SN_GLVWA16_GLVWB16_GRVW16_K1_SS0_SVW4_WSGRA1_WSGRB0,NO_CHECK,30.24,35507.3,,0.625,4,32,1,1,1,0.625,17301504,524288,,,,,,,,,,2026-04-18 22:26:47.
0,36/44,6/47,Contraction_l_Ailk_Bjlk_Cijk_Dijk,"(512,1024,1,1024)",Cijk_Ailk_Bjlk_F8F8S_BH_GB_MT64x64x16_MI16x16x16x1_SN_GLVWA4_GLVWB4_GRVW4_K1_SS0_SVW4_WSGRA0_WSGRB1,NO_CHECK,30.24,35507.3,,0.625,4,32,1,1,1,0.625,17301504,524288,,,,,,,,,,2026-04-18 22:26:47.
0,36/44,7/47,Contraction_l_Ailk_Bjlk_Cijk_Dijk,"(512,1024,1,1024)",Cijk_Ailk_Bjlk_F8F8S_BH_GB_MT64x64x16_MI16x16x16x1_SN_GLVWA8_GLVWB8_GRVW8_K1_SS0_SVW4_WSGRA0_WSGRB1,NO_CHECK,30.68,34998.1,,0.625,4,32,1,1,1,0.625,17301504,524288,,,,,,,,,,2026-04-18 22:26:47.
0,36/44,8/47,Contraction_l_Ailk_Bjlk_Cijk_Dijk,"(512,1024,1,1024)",Cijk_Ailk_Bjlk_F8F8S_BH_GB_MT64x64x16_MI16x16x16x1_SN_GLVWA16_GLVWB16_GRVW16_K1_SS0_SVW4_WSGRA0_WSGRB1,NO_CHECK,31.281,34325.7,,0.625,4,32,1,1,1,0.625,17301504,524288,,,,,,,,,,2026-04-18 22:26:47.
0,36/44,9/47,Contraction_l_Ailk_Bjlk_Cijk_Dijk,"(512,1024,1,1024)",Cijk_Ailk_Bjlk_F8F8S_BH_GB_MT64x64x16_MI16x16x16x1_SN_GLVWA4_GLVWB4_GRVW4_K1_SS0_SVW4_WSGRA1_WSGRB1,NO_CHECK,29.92,35887.1,,0.625,4,32,1,1,1,0.625,17301504,524288,,,,,,,,,,2026-04-18 22:26:47.
0,36/44,10/47,Contraction_l_Ailk_Bjlk_Cijk_Dijk,"(512,1024,1,1024)",Cijk_Ailk_Bjlk_F8F8S_BH_GB_MT64x64x16_MI16x16x16x1_SN_GLVWA8_GLVWB8_GRVW8_K1_SS0_SVW4_WSGRA1_WSGRB1,NO_CHECK,31.4,34195.6,,0.625,4,32,1,1,1,0.625,17301504,524288,,,,,,,,,,2026-04-18 22:26:47.
0,36/44,11/47,Contraction_l_Ailk_Bjlk_Cijk_Dijk,"(512,1024,1,1024)",Cijk_Ailk_Bjlk_F8F8S_BH_GB_MT64x64x16_MI16x16x16x1_SN_GLVWA16_GLVWB16_GRVW16_K1_SS0_SVW4_WSGRA1_WSGRB1,NO_CHECK,30.56,35135.5,,0.625,4,32,1,1,1,0.625,17301504,524288,,,,,,,,,,2026-04-18 22:26:47.
0,36/44,12/47,Contraction_l_Ailk_Bjlk_Cijk_Dijk,"(512,1024,1,1024)",Cijk_Ailk_Bjlk_F8F8S_BH_GB_MT64x64x32_MI16x16x16x1_SN_GLVWA4_GLVWB4_GRVW4_K1_SS0_SVW4_WSGRA0_WSGRB0,NO_CHECK,29.481,36421.5,,0.625,4,32,1,1,1,0.625,17301504,524288,,,,,,,,,,2026-04-18 22:26:47.
0,36/44,13/47,Contraction_l_Ailk_Bjlk_Cijk_Dijk,"(512,1024,1,1024)",Cijk_Ailk_Bjlk_F8F8S_BH_GB_MT64x64x32_MI16x16x16x1_SN_GLVWA8_GLVWB8_GRVW8_K1_SS0_SVW4_WSGRA0_WSGRB0,NO_CHECK,27.44,39130.5,,0.625,4,32,1,1,1,0.625,17301504,524288,,,,,,,,,,2026-04-18 22:26:47.
0,36/44,14/47,Contraction_l_Ailk_Bjlk_Cijk_Dijk,"(512,1024,1,1024)",Cijk_Ailk_Bjlk_F8F8S_BH_GB_MT64x64x32_MI16x16x16x1_SN_GLVWA16_GLVWB16_GRVW16_K1_SS0_SVW4_WSGRA0_WSGRB0,NO_CHECK,28.8,37282.7,,0.625,4,32,1,1,1,0.625,17301504,524288,,,,,,,,,,2026-04-18 22:26:47.
0,36/44,15/47,Contraction_l_Ailk_Bjlk_Cijk_Dijk,"(512,1024,1,1024)",Cijk_Ailk_Bjlk_F8F8S_BH_GB_MT64x64x32_MI16x16x16x1_SN_GLVWA4_GLVWB4_GRVW4_K1_SS0_SVW4_WSGRA1_WSGRB0,NO_CHECK,29.96,35839.2,,0.625,4,32,1,1,1,0.625,17301504,524288,,,,,,,,,,2026-04-18 22:26:47.
0,36/44,16/47,Contraction_l_Ailk_Bjlk_Cijk_Dijk,"(512,1024,1,1024)",Cijk_Ailk_Bjlk_F8F8S_BH_GB_MT64x64x32_MI16x16x16x1_SN_GLVWA8_GLVWB8_GRVW8_K1_SS0_SVW4_WSGRA1_WSGRB0,NO_CHECK,28.641,37489.7,,0.625,4,32,1,1,1,0.625,17301504,524288,,,,,,,,,,2026-04-18 22:26:47.
0,36/44,17/47,Contraction_l_Ailk_Bjlk_Cijk_Dijk,"(512,1024,1,1024)",Cijk_Ailk_Bjlk_F8F8S_BH_GB_MT64x64x32_MI16x16x16x1_SN_GLVWA16_GLVWB16_GRVW16_K1_SS0_SVW4_WSGRA1_WSGRB0,NO_CHECK,28.48,37701.6,,0.625,4,32,1,1,1,0.625,17301504,524288,,,,,,,,,,2026-04-18 22:26:47.
0,36/44,18/47,Contraction_l_Ailk_Bjlk_Cijk_Dijk,"(512,1024,1,1024)",Cijk_Ailk_Bjlk_F8F8S_BH_GB_MT64x64x32_MI16x16x16x1_SN_GLVWA4_GLVWB4_GRVW4_K1_SS0_SVW4_WSGRA0_WSGRB1,NO_CHECK,29.76,36080,,0.625,4,32,1,1,1,0.625,17301504,524288,,,,,,,,,,2026-04-18 22:26:47.
0,36/44,19/47,Contraction_l_Ailk_Bjlk_Cijk_Dijk,"(512,1024,1,1024)",Cijk_Ailk_Bjlk_F8F8S_BH_GB_MT64x64x32_MI16x16x16x1_SN_GLVWA8_GLVWB8_GRVW8_K1_SS0_SVW4_WSGRA0_WSGRB1,NO_CHECK,28.8,37282.7,,0.625,4,32,1,1,1,0.625,17301504,524288,,,,,,,,,,2026-04-18 22:26:47.
0,36/44,20/47,Contraction_l_Ailk_Bjlk_Cijk_Dijk,"(512,1024,1,1024)",Cijk_Ailk_Bjlk_F8F8S_BH_GB_MT64x64x32_MI16x16x16x1_SN_GLVWA16_GLVWB16_GRVW16_K1_SS0_SVW4_WSGRA0_WSGRB1,NO_CHECK,28.441,37753.3,,0.625,4,32,1,1,1,0.625,17301504,524288,,,,,,,,,,2026-04-18 22:26:47.
0,36/44,21/47,Contraction_l_Ailk_Bjlk_Cijk_Dijk,"(512,1024,1,1024)",Cijk_Ailk_Bjlk_F8F8S_BH_GB_MT64x64x32_MI16x16x16x1_SN_GLVWA4_GLVWB4_GRVW4_K1_SS0_SVW4_WSGRA1_WSGRB1,NO_CHECK,28.52,37648.7,,0.625,4,32,1,1,1,0.625,17301504,524288,,,,,,,,,,2026-04-18 22:26:47.
0,36/44,22/47,Contraction_l_Ailk_Bjlk_Cijk_Dijk,"(512,1024,1,1024)",Cijk_Ailk_Bjlk_F8F8S_BH_GB_MT64x64x32_MI16x16x16x1_SN_GLVWA8_GLVWB8_GRVW8_K1_SS0_SVW4_WSGRA1_WSGRB1,NO_CHECK,27.68,38791.3,,0.625,4,32,1,1,1,0.625,17301504,524288,,,,,,,,,,2026-04-18 22:26:47.
0,36/44,23/47,Contraction_l_Ailk_Bjlk_Cijk_Dijk,"(512,1024,1,1024)",Cijk_Ailk_Bjlk_F8F8S_BH_GB_MT64x64x32_MI16x16x16x1_SN_GLVWA16_GLVWB16_GRVW16_K1_SS0_SVW4_WSGRA1_WSGRB1,NO_CHECK,28.92,37128,,0.625,4,32,1,1,1,0.625,17301504,524288,,,,,,,,,,2026-04-18 22:26:47.
0,36/44,24/47,Contraction_l_Ailk_Bjlk_Cijk_Dijk,"(512,1024,1,1024)",Cijk_Ailk_Bjlk_F8F8S_BH_GB_MT64x64x16_MI16x16x16x1_SN_GLVWA4_GLVWB4_GRVW4_K1_SS1_SVW1_WSGRA0_WSGRB0,NO_CHECK,33.121,32418.8,,0.625,4,32,1,1,1,0.625,17301504,524288,,,,,,,,,,2026-04-18 22:26:47.
0,36/44,25/47,Contraction_l_Ailk_Bjlk_Cijk_Dijk,"(512,1024,1,1024)",Cijk_Ailk_Bjlk_F8F8S_BH_GB_MT64x64x16_MI16x16x16x1_SN_GLVWA8_GLVWB8_GRVW8_K1_SS1_SVW1_WSGRA0_WSGRB0,NO_CHECK,32.84,32696.2,,0.625,4,32,1,1,1,0.625,17301504,524288,,,,,,,,,,2026-04-18 22:26:47.
0,36/44,26/47,Contraction_l_Ailk_Bjlk_Cijk_Dijk,"(512,1024,1,1024)",Cijk_Ailk_Bjlk_F8F8S_BH_GB_MT64x64x16_MI16x16x16x1_SN_GLVWA16_GLVWB16_GRVW16_K1_SS1_SVW1_WSGRA0_WSGRB0,NO_CHECK,32.12,33429.1,,0.625,4,32,1,1,1,0.625,17301504,524288,,,,,,,,,,2026-04-18 22:26:47.
0,36/44,27/47,Contraction_l_Ailk_Bjlk_Cijk_Dijk,"(512,1024,1,1024)",Cijk_Ailk_Bjlk_F8F8S_BH_GB_MT64x64x16_MI16x16x16x1_SN_GLVWA4_GLVWB4_GRVW4_K1_SS1_SVW1_WSGRA1_WSGRB0,NO_CHECK,33.48,32071.1,,0.625,4,32,1,1,1,0.625,17301504,524288,,,,,,,,,,2026-04-18 22:26:47.
0,36/44,28/47,Contraction_l_Ailk_Bjlk_Cijk_Dijk,"(512,1024,1,1024)",Cijk_Ailk_Bjlk_F8F8S_BH_GB_MT64x64x16_MI16x16x16x1_SN_GLVWA8_GLVWB8_GRVW8_K1_SS1_SVW1_WSGRA1_WSGRB0,NO_CHECK,33.001,32536.6,,0.625,4,32,1,1,1,0.625,17301504,524288,,,,,,,,,,2026-04-18 22:26:47.
0,36/44,29/47,Contraction_l_Ailk_Bjlk_Cijk_Dijk,"(512,1024,1,1024)",Cijk_Ailk_Bjlk_F8F8S_BH_GB_MT64x64x16_MI16x16x16x1_SN_GLVWA16_GLVWB16_GRVW16_K1_SS1_SVW1_WSGRA1_WSGRB0,NO_CHECK,31.68,33893.4,,0.625,4,32,1,1,1,0.625,17301504,524288,,,,,,,,,,2026-04-18 22:26:47.
0,36/44,30/47,Contraction_l_Ailk_Bjlk_Cijk_Dijk,"(512,1024,1,1024)",Cijk_Ailk_Bjlk_F8F8S_BH_GB_MT64x64x16_MI16x16x16x1_SN_GLVWA4_GLVWB4_GRVW4_K1_SS1_SVW1_WSGRA0_WSGRB1,NO_CHECK,33.32,32225.1,,0.625,4,32,1,1,1,0.625,17301504,524288,,,,,,,,,,2026-04-18 22:26:47.
0,36/44,31/47,Contraction_l_Ailk_Bjlk_Cijk_Dijk,"(512,1024,1,1024)",Cijk_Ailk_Bjlk_F8F8S_BH_GB_MT64x64x16_MI16x16x16x1_SN_GLVWA8_GLVWB8_GRVW8_K1_SS1_SVW1_WSGRA0_WSGRB1,NO_CHECK,33.16,32380.6,,0.625,4,32,1,1,1,0.625,17301504,524288,,,,,,,,,,2026-04-18 22:26:47.
0,36/44,32/47,Contraction_l_Ailk_Bjlk_Cijk_Dijk,"(512,1024,1,1024)",Cijk_Ailk_Bjlk_F8F8S_BH_GB_MT64x64x16_MI16x16x16x1_SN_GLVWA16_GLVWB16_GRVW16_K1_SS1_SVW1_WSGRA0_WSGRB1,NO_CHECK,41.081,26137.2,,0.625,4,32,1,1,1,0.625,17301504,524288,,,,,,,,,,2026-04-18 22:26:47.
0,36/44,33/47,Contraction_l_Ailk_Bjlk_Cijk_Dijk,"(512,1024,1,1024)",Cijk_Ailk_Bjlk_F8F8S_BH_GB_MT64x64x16_MI16x16x16x1_SN_GLVWA4_GLVWB4_GRVW4_K1_SS1_SVW1_WSGRA1_WSGRB1,NO_CHECK,33.88,31692.5,,0.625,4,32,1,1,1,0.625,17301504,524288,,,,,,,,,,2026-04-18 22:26:47.
0,36/44,34/47,Contraction_l_Ailk_Bjlk_Cijk_Dijk,"(512,1024,1,1024)",Cijk_Ailk_Bjlk_F8F8S_BH_GB_MT64x64x16_MI16x16x16x1_SN_GLVWA8_GLVWB8_GRVW8_K1_SS1_SVW1_WSGRA1_WSGRB1,NO_CHECK,33.2,32341.6,,0.625,4,32,1,1,1,0.625,17301504,524288,,,,,,,,,,2026-04-18 22:26:47.
0,36/44,35/47,Contraction_l_Ailk_Bjlk_Cijk_Dijk,"(512,1024,1,1024)",Cijk_Ailk_Bjlk_F8F8S_BH_GB_MT64x64x16_MI16x16x16x1_SN_GLVWA16_GLVWB16_GRVW16_K1_SS1_SVW1_WSGRA1_WSGRB1,NO_CHECK,31.72,33850.6,,0.625,4,32,1,1,1,0.625,17301504,524288,,,,,,,,,,2026-04-18 22:26:47.
0,36/44,36/47,Contraction_l_Ailk_Bjlk_Cijk_Dijk,"(512,1024,1,1024)",Cijk_Ailk_Bjlk_F8F8S_BH_GB_MT64x64x32_MI16x16x16x1_SN_GLVWA4_GLVWB4_GRVW4_K1_SS1_SVW1_WSGRA0_WSGRB0,NO_CHECK,30.88,34771.4,,0.625,4,32,1,1,1,0.625,17301504,524288,,,,,,,,,,2026-04-18 22:26:47.
0,36/44,37/47,Contraction_l_Ailk_Bjlk_Cijk_Dijk,"(512,1024,1,1024)",Cijk_Ailk_Bjlk_F8F8S_BH_GB_MT64x64x32_MI16x16x16x1_SN_GLVWA8_GLVWB8_GRVW8_K1_SS1_SVW1_WSGRA0_WSGRB0,NO_CHECK,30.12,35648.8,,0.625,4,32,1,1,1,0.625,17301504,524288,,,,,,,,,,2026-04-18 22:26:47.
0,36/44,38/47,Contraction_l_Ailk_Bjlk_Cijk_Dijk,"(512,1024,1,1024)",Cijk_Ailk_Bjlk_F8F8S_BH_GB_MT64x64x32_MI16x16x16x1_SN_GLVWA16_GLVWB16_GRVW16_K1_SS1_SVW1_WSGRA0_WSGRB0,NO_CHECK,29.761,36078.8,,0.625,4,32,1,1,1,0.625,17301504,524288,,,,,,,,,,2026-04-18 22:26:47.
0,36/44,39/47,Contraction_l_Ailk_Bjlk_Cijk_Dijk,"(512,1024,1,1024)",Cijk_Ailk_Bjlk_F8F8S_BH_GB_MT64x64x32_MI16x16x16x1_SN_GLVWA4_GLVWB4_GRVW4_K1_SS1_SVW1_WSGRA1_WSGRB0,NO_CHECK,32.4,33140.2,,0.625,4,32,1,1,1,0.625,17301504,524288,,,,,,,,,,2026-04-18 22:26:47.
0,36/44,40/47,Contraction_l_Ailk_Bjlk_Cijk_Dijk,"(512,1024,1,1024)",Cijk_Ailk_Bjlk_F8F8S_BH_GB_MT64x64x32_MI16x16x16x1_SN_GLVWA8_GLVWB8_GRVW8_K1_SS1_SVW1_WSGRA1_WSGRB0,NO_CHECK,38.4,27962,,0.625,4,32,1,1,1,0.625,17301504,524288,,,,,,,,,,2026-04-18 22:26:47.
0,36/44,41/47,Contraction_l_Ailk_Bjlk_Cijk_Dijk,"(512,1024,1,1024)",Cijk_Ailk_Bjlk_F8F8S_BH_GB_MT64x64x32_MI16x16x16x1_SN_GLVWA16_GLVWB16_GRVW16_K1_SS1_SVW1_WSGRA1_WSGRB0,NO_CHECK,30.841,34815.4,,0.625,4,32,1,1,1,0.625,17301504,524288,,,,,,,,,,2026-04-18 22:26:47.
0,36/44,42/47,Contraction_l_Ailk_Bjlk_Cijk_Dijk,"(512,1024,1,1024)",Cijk_Ailk_Bjlk_F8F8S_BH_GB_MT64x64x32_MI16x16x16x1_SN_GLVWA4_GLVWB4_GRVW4_K1_SS1_SVW1_WSGRA0_WSGRB1,NO_CHECK,32.36,33181.1,,0.625,4,32,1,1,1,0.625,17301504,524288,,,,,,,,,,2026-04-18 22:26:47.
0,36/44,43/47,Contraction_l_Ailk_Bjlk_Cijk_Dijk,"(512,1024,1,1024)",Cijk_Ailk_Bjlk_F8F8S_BH_GB_MT64x64x32_MI16x16x16x1_SN_GLVWA8_GLVWB8_GRVW8_K1_SS1_SVW1_WSGRA0_WSGRB1,NO_CHECK,29.6,36275.1,,0.625,4,32,1,1,1,0.625,17301504,524288,,,,,,,,,,2026-04-18 22:26:47.
0,36/44,44/47,Contraction_l_Ailk_Bjlk_Cijk_Dijk,"(512,1024,1,1024)",Cijk_Ailk_Bjlk_F8F8S_BH_GB_MT64x64x32_MI16x16x16x1_SN_GLVWA16_GLVWB16_GRVW16_K1_SS1_SVW1_WSGRA0_WSGRB1,NO_CHECK,30.84,34816.5,,0.625,4,32,1,1,1,0.625,17301504,524288,,,,,,,,,,2026-04-18 22:26:47.
0,36/44,45/47,Contraction_l_Ailk_Bjlk_Cijk_Dijk,"(512,1024,1,1024)",Cijk_Ailk_Bjlk_F8F8S_BH_GB_MT64x64x32_MI16x16x16x1_SN_GLVWA4_GLVWB4_GRVW4_K1_SS1_SVW1_WSGRA1_WSGRB1,NO_CHECK,32.521,33016.9,,0.625,4,32,1,1,1,0.625,17301504,524288,,,,,,,,,,2026-04-18 22:26:47.
0,36/44,46/47,Contraction_l_Ailk_Bjlk_Cijk_Dijk,"(512,1024,1,1024)",Cijk_Ailk_Bjlk_F8F8S_BH_GB_MT64x64x32_MI16x16x16x1_SN_GLVWA8_GLVWB8_GRVW8_K1_SS1_SVW1_WSGRA1_WSGRB1,NO_CHECK,30,35791.4,,0.625,4,32,1,1,1,0.625,17301504,524288,,,,,,,,,,2026-04-18 22:26:47.
0,36/44,47/47,Contraction_l_Ailk_Bjlk_Cijk_Dijk,"(512,1024,1,1024)",Cijk_Ailk_Bjlk_F8F8S_BH_GB_MT64x64x32_MI16x16x16x1_SN_GLVWA16_GLVWB16_GRVW16_K1_SS1_SVW1_WSGRA1_WSGRB1,NO_CHECK,29.24,36721.7,,0.625,4,32,1,1,1,0.625,17301504,524288,,,,,,,,,,2026-04-18 22:26:47.
0,37/44,0/47,Contraction_l_Ailk_Bjlk_Cijk_Dijk,"(512,1024,1,4096)",Cijk_Ailk_Bjlk_F8F8S_BH_GB_MT64x64x16_MI16x16x16x1_SN_GLVWA4_GLVWB4_GRVW4_K1_SS0_SVW4_WSGRA0_WSGRB0,NO_CHECK,100.681,42659.2,,0.625,4,32,1,1,1,0.625,67633152,524288,,,,,,,,,,2026-04-18 22:26:47.
0,37/44,1/47,Contraction_l_Ailk_Bjlk_Cijk_Dijk,"(512,1024,1,4096)",Cijk_Ailk_Bjlk_F8F8S_BH_GB_MT64x64x16_MI16x16x16x1_SN_GLVWA8_GLVWB8_GRVW8_K1_SS0_SVW4_WSGRA0_WSGRB0,NO_CHECK,94.96,45229.2,,0.625,4,32,1,1,1,0.625,67633152,524288,,,,,,,,,,2026-04-18 22:26:47.
0,37/44,2/47,Contraction_l_Ailk_Bjlk_Cijk_Dijk,"(512,1024,1,4096)",Cijk_Ailk_Bjlk_F8F8S_BH_GB_MT64x64x16_MI16x16x16x1_SN_GLVWA16_GLVWB16_GRVW16_K1_SS0_SVW4_WSGRA0_WSGRB0,NO_CHECK,93.601,45885.9,,0.625,4,32,1,1,1,0.625,67633152,524288,,,,,,,,,,2026-04-18 22:26:47.
0,37/44,3/47,Contraction_l_Ailk_Bjlk_Cijk_Dijk,"(512,1024,1,4096)",Cijk_Ailk_Bjlk_F8F8S_BH_GB_MT64x64x16_MI16x16x16x1_SN_GLVWA4_GLVWB4_GRVW4_K1_SS0_SVW4_WSGRA1_WSGRB0,NO_CHECK,86.361,49732.7,,0.625,4,32,1,1,1,0.625,67633152,524288,,,,,,,,,,2026-04-18 22:26:47.
0,37/44,4/47,Contraction_l_Ailk_Bjlk_Cijk_Dijk,"(512,1024,1,4096)",Cijk_Ailk_Bjlk_F8F8S_BH_GB_MT64x64x16_MI16x16x16x1_SN_GLVWA8_GLVWB8_GRVW8_K1_SS0_SVW4_WSGRA1_WSGRB0,NO_CHECK,85.881,50010.7,,0.625,4,32,1,1,1,0.625,67633152,524288,,,,,,,,,,2026-04-18 22:26:47.
0,37/44,5/47,Contraction_l_Ailk_Bjlk_Cijk_Dijk,"(512,1024,1,4096)",Cijk_Ailk_Bjlk_F8F8S_BH_GB_MT64x64x16_MI16x16x16x1_SN_GLVWA16_GLVWB16_GRVW16_K1_SS0_SVW4_WSGRA1_WSGRB0,NO_CHECK,85.8,50057.9,,0.625,4,32,1,1,1,0.625,67633152,524288,,,,,,,,,,2026-04-18 22:26:47.
0,37/44,6/47,Contraction_l_Ailk_Bjlk_Cijk_Dijk,"(512,1024,1,4096)",Cijk_Ailk_Bjlk_F8F8S_BH_GB_MT64x64x16_MI16x16x16x1_SN_GLVWA4_GLVWB4_GRVW4_K1_SS0_SVW4_WSGRA0_WSGRB1,NO_CHECK,85.921,49987.4,,0.625,4,32,1,1,1,0.625,67633152,524288,,,,,,,,,,2026-04-18 22:26:47.
0,37/44,7/47,Contraction_l_Ailk_Bjlk_Cijk_Dijk,"(512,1024,1,4096)",Cijk_Ailk_Bjlk_F8F8S_BH_GB_MT64x64x16_MI16x16x16x1_SN_GLVWA8_GLVWB8_GRVW8_K1_SS0_SVW4_WSGRA0_WSGRB1,NO_CHECK,84.041,51105.6,,0.625,4,32,1,1,1,0.625,67633152,524288,,,,,,,,,,2026-04-18 22:26:47.
0,37/44,8/47,Contraction_l_Ailk_Bjlk_Cijk_Dijk,"(512,1024,1,4096)",Cijk_Ailk_Bjlk_F8F8S_BH_GB_MT64x64x16_MI16x16x16x1_SN_GLVWA16_GLVWB16_GRVW16_K1_SS0_SVW4_WSGRA0_WSGRB1,NO_CHECK,84.641,50743.3,,0.625,4,32,1,1,1,0.625,67633152,524288,,,,,,,,,,2026-04-18 22:26:47.
0,37/44,9/47,Contraction_l_Ailk_Bjlk_Cijk_Dijk,"(512,1024,1,4096)",Cijk_Ailk_Bjlk_F8F8S_BH_GB_MT64x64x16_MI16x16x16x1_SN_GLVWA4_GLVWB4_GRVW4_K1_SS0_SVW4_WSGRA1_WSGRB1,NO_CHECK,85.88,50011.3,,0.625,4,32,1,1,1,0.625,67633152,524288,,,,,,,,,,2026-04-18 22:26:47.
0,37/44,10/47,Contraction_l_Ailk_Bjlk_Cijk_Dijk,"(512,1024,1,4096)",Cijk_Ailk_Bjlk_F8F8S_BH_GB_MT64x64x16_MI16x16x16x1_SN_GLVWA8_GLVWB8_GRVW8_K1_SS0_SVW4_WSGRA1_WSGRB1,NO_CHECK,94.481,45458.5,,0.625,4,32,1,1,1,0.625,67633152,524288,,,,,,,,,,2026-04-18 22:26:47.
0,37/44,11/47,Contraction_l_Ailk_Bjlk_Cijk_Dijk,"(512,1024,1,4096)",Cijk_Ailk_Bjlk_F8F8S_BH_GB_MT64x64x16_MI16x16x16x1_SN_GLVWA16_GLVWB16_GRVW16_K1_SS0_SVW4_WSGRA1_WSGRB1,NO_CHECK,85.441,50268.2,,0.625,4,32,1,1,1,0.625,67633152,524288,,,,,,,,,,2026-04-18 22:26:47.
0,37/44,12/47,Contraction_l_Ailk_Bjlk_Cijk_Dijk,"(512,1024,1,4096)",Cijk_Ailk_Bjlk_F8F8S_BH_GB_MT64x64x32_MI16x16x16x1_SN_GLVWA4_GLVWB4_GRVW4_K1_SS0_SVW4_WSGRA0_WSGRB0,NO_CHECK,67.641,63496.5,,0.625,4,32,1,1,1,0.625,67633152,524288,,,,,,,,,,2026-04-18 22:26:47.
0,37/44,13/47,Contraction_l_Ailk_Bjlk_Cijk_Dijk,"(512,1024,1,4096)",Cijk_Ailk_Bjlk_F8F8S_BH_GB_MT64x64x32_MI16x16x16x1_SN_GLVWA8_GLVWB8_GRVW8_K1_SS0_SVW4_WSGRA0_WSGRB0,NO_CHECK,72.4,59322.7,,0.625,4,32,1,1,1,0.625,67633152,524288,,,,,,,,,,2026-04-18 22:26:47.
0,37/44,14/47,Contraction_l_Ailk_Bjlk_Cijk_Dijk,"(512,1024,1,4096)",Cijk_Ailk_Bjlk_F8F8S_BH_GB_MT64x64x32_MI16x16x16x1_SN_GLVWA16_GLVWB16_GRVW16_K1_SS0_SVW4_WSGRA0_WSGRB0,NO_CHECK,70.921,60559.9,,0.625,4,32,1,1,1,0.625,67633152,524288,,,,,,,,,,2026-04-18 22:26:47.
0,37/44,15/47,Contraction_l_Ailk_Bjlk_Cijk_Dijk,"(512,1024,1,4096)",Cijk_Ailk_Bjlk_F8F8S_BH_GB_MT64x64x32_MI16x16x16x1_SN_GLVWA4_GLVWB4_GRVW4_K1_SS0_SVW4_WSGRA1_WSGRB0,NO_CHECK,67.561,63571.7,,0.625,4,32,1,1,1,0.625,67633152,524288,,,,,,,,,,2026-04-18 22:26:47.
0,37/44,16/47,Contraction_l_Ailk_Bjlk_Cijk_Dijk,"(512,1024,1,4096)",Cijk_Ailk_Bjlk_F8F8S_BH_GB_MT64x64x32_MI16x16x16x1_SN_GLVWA8_GLVWB8_GRVW8_K1_SS0_SVW4_WSGRA1_WSGRB0,NO_CHECK,70.08,61286.6,,0.625,4,32,1,1,1,0.625,67633152,524288,,,,,,,,,,2026-04-18 22:26:47.
0,37/44,17/47,Contraction_l_Ailk_Bjlk_Cijk_Dijk,"(512,1024,1,4096)",Cijk_Ailk_Bjlk_F8F8S_BH_GB_MT64x64x32_MI16x16x16x1_SN_GLVWA16_GLVWB16_GRVW16_K1_SS0_SVW4_WSGRA1_WSGRB0,NO_CHECK,66.001,65074.3,,0.625,4,32,1,1,1,0.625,67633152,524288,,,,,,,,,,2026-04-18 22:26:47.
0,37/44,18/47,Contraction_l_Ailk_Bjlk_Cijk_Dijk,"(512,1024,1,4096)",Cijk_Ailk_Bjlk_F8F8S_BH_GB_MT64x64x32_MI16x16x16x1_SN_GLVWA4_GLVWB4_GRVW4_K1_SS0_SVW4_WSGRA0_WSGRB1,NO_CHECK,70.361,61041.9,,0.625,4,32,1,1,1,0.625,67633152,524288,,,,,,,,,,2026-04-18 22:26:47.
0,37/44,19/47,Contraction_l_Ailk_Bjlk_Cijk_Dijk,"(512,1024,1,4096)",Cijk_Ailk_Bjlk_F8F8S_BH_GB_MT64x64x32_MI16x16x16x1_SN_GLVWA8_GLVWB8_GRVW8_K1_SS0_SVW4_WSGRA0_WSGRB1,NO_CHECK,67.08,64027.5,,0.625,4,32,1,1,1,0.625,67633152,524288,,,,,,,,,,2026-04-18 22:26:47.
0,37/44,20/47,Contraction_l_Ailk_Bjlk_Cijk_Dijk,"(512,1024,1,4096)",Cijk_Ailk_Bjlk_F8F8S_BH_GB_MT64x64x32_MI16x16x16x1_SN_GLVWA16_GLVWB16_GRVW16_K1_SS0_SVW4_WSGRA0_WSGRB1,NO_CHECK,66.081,64995.5,,0.625,4,32,1,1,1,0.625,67633152,524288,,,,,,,,,,2026-04-18 22:26:47.
0,37/44,21/47,Contraction_l_Ailk_Bjlk_Cijk_Dijk,"(512,1024,1,4096)",Cijk_Ailk_Bjlk_F8F8S_BH_GB_MT64x64x32_MI16x16x16x1_SN_GLVWA4_GLVWB4_GRVW4_K1_SS0_SVW4_WSGRA1_WSGRB1,NO_CHECK,69.081,62172.9,,0.625,4,32,1,1,1,0.625,67633152,524288,,,,,,,,,,2026-04-18 22:26:47.
0,37/44,22/47,Contraction_l_Ailk_Bjlk_Cijk_Dijk,"(512,1024,1,4096)",Cijk_Ailk_Bjlk_F8F8S_BH_GB_MT64x64x32_MI16x16x16x1_SN_GLVWA8_GLVWB8_GRVW8_K1_SS0_SVW4_WSGRA1_WSGRB1,NO_CHECK,282.402,15208.7,,0.625,4,32,1,1,1,0.625,67633152,524288,,,,,,,,,,2026-04-18 22:26:47.
0,37/44,23/47,Contraction_l_Ailk_Bjlk_Cijk_Dijk,"(512,1024,1,4096)",Cijk_Ailk_Bjlk_F8F8S_BH_GB_MT64x64x32_MI16x16x16x1_SN_GLVWA16_GLVWB16_GRVW16_K1_SS0_SVW4_WSGRA1_WSGRB1,NO_CHECK,68.8,62426.8,,0.625,4,32,1,1,1,0.625,67633152,524288,,,,,,,,,,2026-04-18 22:26:47.
0,37/44,24/47,Contraction_l_Ailk_Bjlk_Cijk_Dijk,"(512,1024,1,4096)",Cijk_Ailk_Bjlk_F8F8S_BH_GB_MT64x64x16_MI16x16x16x1_SN_GLVWA4_GLVWB4_GRVW4_K1_SS1_SVW1_WSGRA0_WSGRB0,NO_CHECK,89.121,48192.5,,0.625,4,32,1,1,1,0.625,67633152,524288,,,,,,,,,,2026-04-18 22:26:47.
0,37/44,25/47,Contraction_l_Ailk_Bjlk_Cijk_Dijk,"(512,1024,1,4096)",Cijk_Ailk_Bjlk_F8F8S_BH_GB_MT64x64x16_MI16x16x16x1_SN_GLVWA8_GLVWB8_GRVW8_K1_SS1_SVW1_WSGRA0_WSGRB0,NO_CHECK,95.881,44794.8,,0.625,4,32,1,1,1,0.625,67633152,524288,,,,,,,,,,2026-04-18 22:26:47.
0,37/44,26/47,Contraction_l_Ailk_Bjlk_Cijk_Dijk,"(512,1024,1,4096)",Cijk_Ailk_Bjlk_F8F8S_BH_GB_MT64x64x16_MI16x16x16x1_SN_GLVWA16_GLVWB16_GRVW16_K1_SS1_SVW1_WSGRA0_WSGRB0,NO_CHECK,109.441,39244.6,,0.625,4,32,1,1,1,0.625,67633152,524288,,,,,,,,,,2026-04-18 22:26:47.
0,37/44,27/47,Contraction_l_Ailk_Bjlk_Cijk_Dijk,"(512,1024,1,4096)",Cijk_Ailk_Bjlk_F8F8S_BH_GB_MT64x64x16_MI16x16x16x1_SN_GLVWA4_GLVWB4_GRVW4_K1_SS1_SVW1_WSGRA1_WSGRB0,NO_CHECK,91.721,46826.4,,0.625,4,32,1,1,1,0.625,67633152,524288,,,,,,,,,,2026-04-18 22:26:47.
0,37/44,28/47,Contraction_l_Ailk_Bjlk_Cijk_Dijk,"(512,1024,1,4096)",Cijk_Ailk_Bjlk_F8F8S_BH_GB_MT64x64x16_MI16x16x16x1_SN_GLVWA8_GLVWB8_GRVW8_K1_SS1_SVW1_WSGRA1_WSGRB0,NO_CHECK,90.961,47217.7,,0.625,4,32,1,1,1,0.625,67633152,524288,,,,,,,,,,2026-04-18 22:26:47.
0,37/44,29/47,Contraction_l_Ailk_Bjlk_Cijk_Dijk,"(512,1024,1,4096)",Cijk_Ailk_Bjlk_F8F8S_BH_GB_MT64x64x16_MI16x16x16x1_SN_GLVWA16_GLVWB16_GRVW16_K1_SS1_SVW1_WSGRA1_WSGRB0,NO_CHECK,89,48258.1,,0.625,4,32,1,1,1,0.625,67633152,524288,,,,,,,,,,2026-04-18 22:26:47.
0,37/44,30/47,Contraction_l_Ailk_Bjlk_Cijk_Dijk,"(512,1024,1,4096)",Cijk_Ailk_Bjlk_F8F8S_BH_GB_MT64x64x16_MI16x16x16x1_SN_GLVWA4_GLVWB4_GRVW4_K1_SS1_SVW1_WSGRA0_WSGRB1,NO_CHECK,88.961,48279.2,,0.625,4,32,1,1,1,0.625,67633152,524288,,,,,,,,,,2026-04-18 22:26:47.
0,37/44,31/47,Contraction_l_Ailk_Bjlk_Cijk_Dijk,"(512,1024,1,4096)",Cijk_Ailk_Bjlk_F8F8S_BH_GB_MT64x64x16_MI16x16x16x1_SN_GLVWA8_GLVWB8_GRVW8_K1_SS1_SVW1_WSGRA0_WSGRB1,NO_CHECK,88.081,48761.6,,0.625,4,32,1,1,1,0.625,67633152,524288,,,,,,,,,,2026-04-18 22:26:47.
0,37/44,32/47,Contraction_l_Ailk_Bjlk_Cijk_Dijk,"(512,1024,1,4096)",Cijk_Ailk_Bjlk_F8F8S_BH_GB_MT64x64x16_MI16x16x16x1_SN_GLVWA16_GLVWB16_GRVW16_K1_SS1_SVW1_WSGRA0_WSGRB1,NO_CHECK,89.561,47955.8,,0.625,4,32,1,1,1,0.625,67633152,524288,,,,,,,,,,2026-04-18 22:26:47.
0,37/44,33/47,Contraction_l_Ailk_Bjlk_Cijk_Dijk,"(512,1024,1,4096)",Cijk_Ailk_Bjlk_F8F8S_BH_GB_MT64x64x16_MI16x16x16x1_SN_GLVWA4_GLVWB4_GRVW4_K1_SS1_SVW1_WSGRA1_WSGRB1,NO_CHECK,90.001,47721.3,,0.625,4,32,1,1,1,0.625,67633152,524288,,,,,,,,,,2026-04-18 22:26:47.
0,37/44,34/47,Contraction_l_Ailk_Bjlk_Cijk_Dijk,"(512,1024,1,4096)",Cijk_Ailk_Bjlk_F8F8S_BH_GB_MT64x64x16_MI16x16x16x1_SN_GLVWA8_GLVWB8_GRVW8_K1_SS1_SVW1_WSGRA1_WSGRB1,NO_CHECK,97.361,44113.8,,0.625,4,32,1,1,1,0.625,67633152,524288,,,,,,,,,,2026-04-18 22:26:47.
0,37/44,35/47,Contraction_l_Ailk_Bjlk_Cijk_Dijk,"(512,1024,1,4096)",Cijk_Ailk_Bjlk_F8F8S_BH_GB_MT64x64x16_MI16x16x16x1_SN_GLVWA16_GLVWB16_GRVW16_K1_SS1_SVW1_WSGRA1_WSGRB1,NO_CHECK,88.88,48323.2,,0.625,4,32,1,1,1,0.625,67633152,524288,,,,,,,,,,2026-04-18 22:26:47.
0,37/44,36/47,Contraction_l_Ailk_Bjlk_Cijk_Dijk,"(512,1024,1,4096)",Cijk_Ailk_Bjlk_F8F8S_BH_GB_MT64x64x32_MI16x16x16x1_SN_GLVWA4_GLVWB4_GRVW4_K1_SS1_SVW1_WSGRA0_WSGRB0,NO_CHECK,70.521,60903.4,,0.625,4,32,1,1,1,0.625,67633152,524288,,,,,,,,,,2026-04-18 22:26:47.
0,37/44,37/47,Contraction_l_Ailk_Bjlk_Cijk_Dijk,"(512,1024,1,4096)",Cijk_Ailk_Bjlk_F8F8S_BH_GB_MT64x64x32_MI16x16x16x1_SN_GLVWA8_GLVWB8_GRVW8_K1_SS1_SVW1_WSGRA0_WSGRB0,NO_CHECK,75.121,57174,,0.625,4,32,1,1,1,0.625,67633152,524288,,,,,,,,,,2026-04-18 22:26:47.
0,37/44,38/47,Contraction_l_Ailk_Bjlk_Cijk_Dijk,"(512,1024,1,4096)",Cijk_Ailk_Bjlk_F8F8S_BH_GB_MT64x64x32_MI16x16x16x1_SN_GLVWA16_GLVWB16_GRVW16_K1_SS1_SVW1_WSGRA0_WSGRB0,NO_CHECK,74.28,57821.3,,0.625,4,32,1,1,1,0.625,67633152,524288,,,,,,,,,,2026-04-18 22:26:47.
0,37/44,39/47,Contraction_l_Ailk_Bjlk_Cijk_Dijk,"(512,1024,1,4096)",Cijk_Ailk_Bjlk_F8F8S_BH_GB_MT64x64x32_MI16x16x16x1_SN_GLVWA4_GLVWB4_GRVW4_K1_SS1_SVW1_WSGRA1_WSGRB0,NO_CHECK,71.24,60288.7,,0.625,4,32,1,1,1,0.625,67633152,524288,,,,,,,,,,2026-04-18 22:26:47.
0,37/44,40/47,Contraction_l_Ailk_Bjlk_Cijk_Dijk,"(512,1024,1,4096)",Cijk_Ailk_Bjlk_F8F8S_BH_GB_MT64x64x32_MI16x16x16x1_SN_GLVWA8_GLVWB8_GRVW8_K1_SS1_SVW1_WSGRA1_WSGRB0,NO_CHECK,71.721,59884.4,,0.625,4,32,1,1,1,0.625,67633152,524288,,,,,,,,,,2026-04-18 22:26:47.
0,37/44,41/47,Contraction_l_Ailk_Bjlk_Cijk_Dijk,"(512,1024,1,4096)",Cijk_Ailk_Bjlk_F8F8S_BH_GB_MT64x64x32_MI16x16x16x1_SN_GLVWA16_GLVWB16_GRVW16_K1_SS1_SVW1_WSGRA1_WSGRB0,NO_CHECK,69.161,62101,,0.625,4,32,1,1,1,0.625,67633152,524288,,,,,,,,,,2026-04-18 22:26:47.
0,37/44,42/47,Contraction_l_Ailk_Bjlk_Cijk_Dijk,"(512,1024,1,4096)",Cijk_Ailk_Bjlk_F8F8S_BH_GB_MT64x64x32_MI16x16x16x1_SN_GLVWA4_GLVWB4_GRVW4_K1_SS1_SVW1_WSGRA0_WSGRB1,NO_CHECK,77.361,55518.5,,0.625,4,32,1,1,1,0.625,67633152,524288,,,,,,,,,,2026-04-18 22:26:47.
0,37/44,43/47,Contraction_l_Ailk_Bjlk_Cijk_Dijk,"(512,1024,1,4096)",Cijk_Ailk_Bjlk_F8F8S_BH_GB_MT64x64x32_MI16x16x16x1_SN_GLVWA8_GLVWB8_GRVW8_K1_SS1_SVW1_WSGRA0_WSGRB1,NO_CHECK,69.92,61426.9,,0.625,4,32,1,1,1,0.625,67633152,524288,,,,,,,,,,2026-04-18 22:26:47.
0,37/44,44/47,Contraction_l_Ailk_Bjlk_Cijk_Dijk,"(512,1024,1,4096)",Cijk_Ailk_Bjlk_F8F8S_BH_GB_MT64x64x32_MI16x16x16x1_SN_GLVWA16_GLVWB16_GRVW16_K1_SS1_SVW1_WSGRA0_WSGRB1,NO_CHECK,68.921,62317.3,,0.625,4,32,1,1,1,0.625,67633152,524288,,,,,,,,,,2026-04-18 22:26:47.
0,37/44,45/47,Contraction_l_Ailk_Bjlk_Cijk_Dijk,"(512,1024,1,4096)",Cijk_Ailk_Bjlk_F8F8S_BH_GB_MT64x64x32_MI16x16x16x1_SN_GLVWA4_GLVWB4_GRVW4_K1_SS1_SVW1_WSGRA1_WSGRB1,NO_CHECK,71.56,60019.1,,0.625,4,32,1,1,1,0.625,67633152,524288,,,,,,,,,,2026-04-18 22:26:47.
0,37/44,46/47,Contraction_l_Ailk_Bjlk_Cijk_Dijk,"(512,1024,1,4096)",Cijk_Ailk_Bjlk_F8F8S_BH_GB_MT64x64x32_MI16x16x16x1_SN_GLVWA8_GLVWB8_GRVW8_K1_SS1_SVW1_WSGRA1_WSGRB1,NO_CHECK,75.521,56871.2,,0.625,4,32,1,1,1,0.625,67633152,524288,,,,,,,,,,2026-04-18 22:26:47.
0,37/44,47/47,Contraction_l_Ailk_Bjlk_Cijk_Dijk,"(512,1024,1,4096)",Cijk_Ailk_Bjlk_F8F8S_BH_GB_MT64x64x32_MI16x16x16x1_SN_GLVWA16_GLVWB16_GRVW16_K1_SS1_SVW1_WSGRA1_WSGRB1,NO_CHECK,68.921,62317.3,,0.625,4,32,1,1,1,0.625,67633152,524288,,,,,,,,,,2026-04-18 22:26:47.
0,38/44,0/47,Contraction_l_Ailk_Bjlk_Cijk_Dijk,"(512,1024,1,8192)",Cijk_Ailk_Bjlk_F8F8S_BH_GB_MT64x64x16_MI16x16x16x1_SN_GLVWA4_GLVWB4_GRVW4_K1_SS0_SVW4_WSGRA0_WSGRB0,NO_CHECK,194.842,44086.7,,0.625,4,32,1,1,1,0.625,134742016,524288,,,,,,,,,,2026-04-18 22:26:47.
0,38/44,1/47,Contraction_l_Ailk_Bjlk_Cijk_Dijk,"(512,1024,1,8192)",Cijk_Ailk_Bjlk_F8F8S_BH_GB_MT64x64x16_MI16x16x16x1_SN_GLVWA8_GLVWB8_GRVW8_K1_SS0_SVW4_WSGRA0_WSGRB0,NO_CHECK,184.521,46552.6,,0.625,4,32,1,1,1,0.625,134742016,524288,,,,,,,,,,2026-04-18 22:26:47.
0,38/44,2/47,Contraction_l_Ailk_Bjlk_Cijk_Dijk,"(512,1024,1,8192)",Cijk_Ailk_Bjlk_F8F8S_BH_GB_MT64x64x16_MI16x16x16x1_SN_GLVWA16_GLVWB16_GRVW16_K1_SS0_SVW4_WSGRA0_WSGRB0,NO_CHECK,183.282,46867.3,,0.625,4,32,1,1,1,0.625,134742016,524288,,,,,,,,,,2026-04-18 22:26:47.
0,38/44,3/47,Contraction_l_Ailk_Bjlk_Cijk_Dijk,"(512,1024,1,8192)",Cijk_Ailk_Bjlk_F8F8S_BH_GB_MT64x64x16_MI16x16x16x1_SN_GLVWA4_GLVWB4_GRVW4_K1_SS0_SVW4_WSGRA1_WSGRB0,NO_CHECK,165.801,51808.7,,0.625,4,32,1,1,1,0.625,134742016,524288,,,,,,,,,,2026-04-18 22:26:47.
0,38/44,4/47,Contraction_l_Ailk_Bjlk_Cijk_Dijk,"(512,1024,1,8192)",Cijk_Ailk_Bjlk_F8F8S_BH_GB_MT64x64x16_MI16x16x16x1_SN_GLVWA8_GLVWB8_GRVW8_K1_SS0_SVW4_WSGRA1_WSGRB0,NO_CHECK,166.722,51522.5,,0.625,4,32,1,1,1,0.625,134742016,524288,,,,,,,,,,2026-04-18 22:26:47.
0,38/44,5/47,Contraction_l_Ailk_Bjlk_Cijk_Dijk,"(512,1024,1,8192)",Cijk_Ailk_Bjlk_F8F8S_BH_GB_MT64x64x16_MI16x16x16x1_SN_GLVWA16_GLVWB16_GRVW16_K1_SS0_SVW4_WSGRA1_WSGRB0,NO_CHECK,167.361,51325.8,,0.625,4,32,1,1,1,0.625,134742016,524288,,,,,,,,,,2026-04-18 22:26:47.
0,38/44,6/47,Contraction_l_Ailk_Bjlk_Cijk_Dijk,"(512,1024,1,8192)",Cijk_Ailk_Bjlk_F8F8S_BH_GB_MT64x64x16_MI16x16x16x1_SN_GLVWA4_GLVWB4_GRVW4_K1_SS0_SVW4_WSGRA0_WSGRB1,NO_CHECK,168.201,51069.5,,0.625,4,32,1,1,1,0.625,134742016,524288,,,,,,,,,,2026-04-18 22:26:47.
0,38/44,7/47,Contraction_l_Ailk_Bjlk_Cijk_Dijk,"(512,1024,1,8192)",Cijk_Ailk_Bjlk_F8F8S_BH_GB_MT64x64x16_MI16x16x16x1_SN_GLVWA8_GLVWB8_GRVW8_K1_SS0_SVW4_WSGRA0_WSGRB1,NO_CHECK,164.961,52072.5,,0.625,4,32,1,1,1,0.625,134742016,524288,,,,,,,,,,2026-04-18 22:26:47.
0,38/44,8/47,Contraction_l_Ailk_Bjlk_Cijk_Dijk,"(512,1024,1,8192)",Cijk_Ailk_Bjlk_F8F8S_BH_GB_MT64x64x16_MI16x16x16x1_SN_GLVWA16_GLVWB16_GRVW16_K1_SS0_SVW4_WSGRA0_WSGRB1,NO_CHECK,168.761,50900,,0.625,4,32,1,1,1,0.625,134742016,524288,,,,,,,,,,2026-04-18 22:26:47.
0,38/44,9/47,Contraction_l_Ailk_Bjlk_Cijk_Dijk,"(512,1024,1,8192)",Cijk_Ailk_Bjlk_F8F8S_BH_GB_MT64x64x16_MI16x16x16x1_SN_GLVWA4_GLVWB4_GRVW4_K1_SS0_SVW4_WSGRA1_WSGRB1,NO_CHECK,166.722,51522.5,,0.625,4,32,1,1,1,0.625,134742016,524288,,,,,,,,,,2026-04-18 22:26:47.
0,38/44,10/47,Contraction_l_Ailk_Bjlk_Cijk_Dijk,"(512,1024,1,8192)",Cijk_Ailk_Bjlk_F8F8S_BH_GB_MT64x64x16_MI16x16x16x1_SN_GLVWA8_GLVWB8_GRVW8_K1_SS0_SVW4_WSGRA1_WSGRB1,NO_CHECK,183.841,46724.8,,0.625,4,32,1,1,1,0.625,134742016,524288,,,,,,,,,,2026-04-18 22:26:47.
0,38/44,11/47,Contraction_l_Ailk_Bjlk_Cijk_Dijk,"(512,1024,1,8192)",Cijk_Ailk_Bjlk_F8F8S_BH_GB_MT64x64x16_MI16x16x16x1_SN_GLVWA16_GLVWB16_GRVW16_K1_SS0_SVW4_WSGRA1_WSGRB1,NO_CHECK,161.721,53115.8,,0.625,4,32,1,1,1,0.625,134742016,524288,,,,,,,,,,2026-04-18 22:26:47.
0,38/44,12/47,Contraction_l_Ailk_Bjlk_Cijk_Dijk,"(512,1024,1,8192)",Cijk_Ailk_Bjlk_F8F8S_BH_GB_MT64x64x32_MI16x16x16x1_SN_GLVWA4_GLVWB4_GRVW4_K1_SS0_SVW4_WSGRA0_WSGRB0,NO_CHECK,121.161,70896.9,,0.625,4,32,1,1,1,0.625,134742016,524288,,,,,,,,,,2026-04-18 22:26:47.
0,38/44,13/47,Contraction_l_Ailk_Bjlk_Cijk_Dijk,"(512,1024,1,8192)",Cijk_Ailk_Bjlk_F8F8S_BH_GB_MT64x64x32_MI16x16x16x1_SN_GLVWA8_GLVWB8_GRVW8_K1_SS0_SVW4_WSGRA0_WSGRB0,NO_CHECK,129.001,66588.1,,0.625,4,32,1,1,1,0.625,134742016,524288,,,,,,,,,,2026-04-18 22:26:47.
0,38/44,14/47,Contraction_l_Ailk_Bjlk_Cijk_Dijk,"(512,1024,1,8192)",Cijk_Ailk_Bjlk_F8F8S_BH_GB_MT64x64x32_MI16x16x16x1_SN_GLVWA16_GLVWB16_GRVW16_K1_SS0_SVW4_WSGRA0_WSGRB0,NO_CHECK,125.041,68696.9,,0.625,4,32,1,1,1,0.625,134742016,524288,,,,,,,,,,2026-04-18 22:26:47.
0,38/44,15/47,Contraction_l_Ailk_Bjlk_Cijk_Dijk,"(512,1024,1,8192)",Cijk_Ailk_Bjlk_F8F8S_BH_GB_MT64x64x32_MI16x16x16x1_SN_GLVWA4_GLVWB4_GRVW4_K1_SS0_SVW4_WSGRA1_WSGRB0,NO_CHECK,121.681,70593.9,,0.625,4,32,1,1,1,0.625,134742016,524288,,,,,,,,,,2026-04-18 22:26:47.
0,38/44,16/47,Contraction_l_Ailk_Bjlk_Cijk_Dijk,"(512,1024,1,8192)",Cijk_Ailk_Bjlk_F8F8S_BH_GB_MT64x64x32_MI16x16x16x1_SN_GLVWA8_GLVWB8_GRVW8_K1_SS0_SVW4_WSGRA1_WSGRB0,NO_CHECK,123.681,69452.3,,0.625,4,32,1,1,1,0.625,134742016,524288,,,,,,,,,,2026-04-18 22:26:47.
0,38/44,17/47,Contraction_l_Ailk_Bjlk_Cijk_Dijk,"(512,1024,1,8192)",Cijk_Ailk_Bjlk_F8F8S_BH_GB_MT64x64x32_MI16x16x16x1_SN_GLVWA16_GLVWB16_GRVW16_K1_SS0_SVW4_WSGRA1_WSGRB0,NO_CHECK,118.281,72623.1,,0.625,4,32,1,1,1,0.625,134742016,524288,,,,,,,,,,2026-04-18 22:26:47.
0,38/44,18/47,Contraction_l_Ailk_Bjlk_Cijk_Dijk,"(512,1024,1,8192)",Cijk_Ailk_Bjlk_F8F8S_BH_GB_MT64x64x32_MI16x16x16x1_SN_GLVWA4_GLVWB4_GRVW4_K1_SS0_SVW4_WSGRA0_WSGRB1,NO_CHECK,124.201,69161.6,,0.625,4,32,1,1,1,0.625,134742016,524288,,,,,,,,,,2026-04-18 22:26:47.
0,38/44,19/47,Contraction_l_Ailk_Bjlk_Cijk_Dijk,"(512,1024,1,8192)",Cijk_Ailk_Bjlk_F8F8S_BH_GB_MT64x64x32_MI16x16x16x1_SN_GLVWA8_GLVWB8_GRVW8_K1_SS0_SVW4_WSGRA0_WSGRB1,NO_CHECK,118.081,72746.1,,0.625,4,32,1,1,1,0.625,134742016,524288,,,,,,,,,,2026-04-18 22:26:47.
0,38/44,20/47,Contraction_l_Ailk_Bjlk_Cijk_Dijk,"(512,1024,1,8192)",Cijk_Ailk_Bjlk_F8F8S_BH_GB_MT64x64x32_MI16x16x16x1_SN_GLVWA16_GLVWB16_GRVW16_K1_SS0_SVW4_WSGRA0_WSGRB1,NO_CHECK,118.441,72525,,0.625,4,32,1,1,1,0.625,134742016,524288,,,,,,,,,,2026-04-18 22:26:47.
0,38/44,21/47,Contraction_l_Ailk_Bjlk_Cijk_Dijk,"(512,1024,1,8192)",Cijk_Ailk_Bjlk_F8F8S_BH_GB_MT64x64x32_MI16x16x16x1_SN_GLVWA4_GLVWB4_GRVW4_K1_SS0_SVW4_WSGRA1_WSGRB1,NO_CHECK,122.041,70385.6,,0.625,4,32,1,1,1,0.625,134742016,524288,,,,,,,,,,2026-04-18 22:26:47.
0,38/44,22/47,Contraction_l_Ailk_Bjlk_Cijk_Dijk,"(512,1024,1,8192)",Cijk_Ailk_Bjlk_F8F8S_BH_GB_MT64x64x32_MI16x16x16x1_SN_GLVWA8_GLVWB8_GRVW8_K1_SS0_SVW4_WSGRA1_WSGRB1,NO_CHECK,128.121,67045.5,,0.625,4,32,1,1,1,0.625,134742016,524288,,,,,,,,,,2026-04-18 22:26:47.
0,38/44,23/47,Contraction_l_Ailk_Bjlk_Cijk_Dijk,"(512,1024,1,8192)",Cijk_Ailk_Bjlk_F8F8S_BH_GB_MT64x64x32_MI16x16x16x1_SN_GLVWA16_GLVWB16_GRVW16_K1_SS0_SVW4_WSGRA1_WSGRB1,NO_CHECK,117.201,73292.3,,0.625,4,32,1,1,1,0.625,134742016,524288,,,,,,,,,,2026-04-18 22:26:47.
0,38/44,24/47,Contraction_l_Ailk_Bjlk_Cijk_Dijk,"(512,1024,1,8192)",Cijk_Ailk_Bjlk_F8F8S_BH_GB_MT64x64x16_MI16x16x16x1_SN_GLVWA4_GLVWB4_GRVW4_K1_SS1_SVW1_WSGRA0_WSGRB0,NO_CHECK,154.521,55590.7,,0.625,4,32,1,1,1,0.625,134742016,524288,,,,,,,,,,2026-04-18 22:26:47.
0,38/44,25/47,Contraction_l_Ailk_Bjlk_Cijk_Dijk,"(512,1024,1,8192)",Cijk_Ailk_Bjlk_F8F8S_BH_GB_MT64x64x16_MI16x16x16x1_SN_GLVWA8_GLVWB8_GRVW8_K1_SS1_SVW1_WSGRA0_WSGRB0,NO_CHECK,170.482,50386.2,,0.625,4,32,1,1,1,0.625,134742016,524288,,,,,,,,,,2026-04-18 22:26:47.
0,38/44,26/47,Contraction_l_Ailk_Bjlk_Cijk_Dijk,"(512,1024,1,8192)",Cijk_Ailk_Bjlk_F8F8S_BH_GB_MT64x64x16_MI16x16x16x1_SN_GLVWA16_GLVWB16_GRVW16_K1_SS1_SVW1_WSGRA0_WSGRB0,NO_CHECK,169.681,50624,,0.625,4,32,1,1,1,0.625,134742016,524288,,,,,,,,,,2026-04-18 22:26:47.
0,38/44,27/47,Contraction_l_Ailk_Bjlk_Cijk_Dijk,"(512,1024,1,8192)",Cijk_Ailk_Bjlk_F8F8S_BH_GB_MT64x64x16_MI16x16x16x1_SN_GLVWA4_GLVWB4_GRVW4_K1_SS1_SVW1_WSGRA1_WSGRB0,NO_CHECK,154.121,55735,,0.625,4,32,1,1,1,0.625,134742016,524288,,,,,,,,,,2026-04-18 22:26:47.
0,38/44,28/47,Contraction_l_Ailk_Bjlk_Cijk_Dijk,"(512,1024,1,8192)",Cijk_Ailk_Bjlk_F8F8S_BH_GB_MT64x64x16_MI16x16x16x1_SN_GLVWA8_GLVWB8_GRVW8_K1_SS1_SVW1_WSGRA1_WSGRB0,NO_CHECK,155.161,55361.4,,0.625,4,32,1,1,1,0.625,134742016,524288,,,,,,,,,,2026-04-18 22:26:47.
0,38/44,29/47,Contraction_l_Ailk_Bjlk_Cijk_Dijk,"(512,1024,1,8192)",Cijk_Ailk_Bjlk_F8F8S_BH_GB_MT64x64x16_MI16x16x16x1_SN_GLVWA16_GLVWB16_GRVW16_K1_SS1_SVW1_WSGRA1_WSGRB0,NO_CHECK,154.721,55518.9,,0.625,4,32,1,1,1,0.625,134742016,524288,,,,,,,,,,2026-04-18 22:26:47.
0,38/44,30/47,Contraction_l_Ailk_Bjlk_Cijk_Dijk,"(512,1024,1,8192)",Cijk_Ailk_Bjlk_F8F8S_BH_GB_MT64x64x16_MI16x16x16x1_SN_GLVWA4_GLVWB4_GRVW4_K1_SS1_SVW1_WSGRA0_WSGRB1,NO_CHECK,155.601,55204.9,,0.625,4,32,1,1,1,0.625,134742016,524288,,,,,,,,,,2026-04-18 22:26:47.
0,38/44,31/47,Contraction_l_Ailk_Bjlk_Cijk_Dijk,"(512,1024,1,8192)",Cijk_Ailk_Bjlk_F8F8S_BH_GB_MT64x64x16_MI16x16x16x1_SN_GLVWA8_GLVWB8_GRVW8_K1_SS1_SVW1_WSGRA0_WSGRB1,NO_CHECK,152.761,56231.2,,0.625,4,32,1,1,1,0.625,134742016,524288,,,,,,,,,,2026-04-18 22:26:47.
0,38/44,32/47,Contraction_l_Ailk_Bjlk_Cijk_Dijk,"(512,1024,1,8192)",Cijk_Ailk_Bjlk_F8F8S_BH_GB_MT64x64x16_MI16x16x16x1_SN_GLVWA16_GLVWB16_GRVW16_K1_SS1_SVW1_WSGRA0_WSGRB1,NO_CHECK,154.682,55532.9,,0.625,4,32,1,1,1,0.625,134742016,524288,,,,,,,,,,2026-04-18 22:26:47.
0,38/44,33/47,Contraction_l_Ailk_Bjlk_Cijk_Dijk,"(512,1024,1,8192)",Cijk_Ailk_Bjlk_F8F8S_BH_GB_MT64x64x16_MI16x16x16x1_SN_GLVWA4_GLVWB4_GRVW4_K1_SS1_SVW1_WSGRA1_WSGRB1,NO_CHECK,156.081,55035.1,,0.625,4,32,1,1,1,0.625,134742016,524288,,,,,,,,,,2026-04-18 22:26:47.
0,38/44,34/47,Contraction_l_Ailk_Bjlk_Cijk_Dijk,"(512,1024,1,8192)",Cijk_Ailk_Bjlk_F8F8S_BH_GB_MT64x64x16_MI16x16x16x1_SN_GLVWA8_GLVWB8_GRVW8_K1_SS1_SVW1_WSGRA1_WSGRB1,NO_CHECK,172.921,49675.5,,0.625,4,32,1,1,1,0.625,134742016,524288,,,,,,,,,,2026-04-18 22:26:47.
0,38/44,35/47,Contraction_l_Ailk_Bjlk_Cijk_Dijk,"(512,1024,1,8192)",Cijk_Ailk_Bjlk_F8F8S_BH_GB_MT64x64x16_MI16x16x16x1_SN_GLVWA16_GLVWB16_GRVW16_K1_SS1_SVW1_WSGRA1_WSGRB1,NO_CHECK,154.921,55447.2,,0.625,4,32,1,1,1,0.625,134742016,524288,,,,,,,,,,2026-04-18 22:26:47.
0,38/44,36/47,Contraction_l_Ailk_Bjlk_Cijk_Dijk,"(512,1024,1,8192)",Cijk_Ailk_Bjlk_F8F8S_BH_GB_MT64x64x32_MI16x16x16x1_SN_GLVWA4_GLVWB4_GRVW4_K1_SS1_SVW1_WSGRA0_WSGRB0,NO_CHECK,122.921,69881.8,,0.625,4,32,1,1,1,0.625,134742016,524288,,,,,,,,,,2026-04-18 22:26:47.
0,38/44,37/47,Contraction_l_Ailk_Bjlk_Cijk_Dijk,"(512,1024,1,8192)",Cijk_Ailk_Bjlk_F8F8S_BH_GB_MT64x64x32_MI16x16x16x1_SN_GLVWA8_GLVWB8_GRVW8_K1_SS1_SVW1_WSGRA0_WSGRB0,NO_CHECK,130.201,65974.4,,0.625,4,32,1,1,1,0.625,134742016,524288,,,,,,,,,,2026-04-18 22:26:47.
0,38/44,38/47,Contraction_l_Ailk_Bjlk_Cijk_Dijk,"(512,1024,1,8192)",Cijk_Ailk_Bjlk_F8F8S_BH_GB_MT64x64x32_MI16x16x16x1_SN_GLVWA16_GLVWB16_GRVW16_K1_SS1_SVW1_WSGRA0_WSGRB0,NO_CHECK,126.041,68151.9,,0.625,4,32,1,1,1,0.625,134742016,524288,,,,,,,,,,2026-04-18 22:26:47.
0,38/44,39/47,Contraction_l_Ailk_Bjlk_Cijk_Dijk,"(512,1024,1,8192)",Cijk_Ailk_Bjlk_F8F8S_BH_GB_MT64x64x32_MI16x16x16x1_SN_GLVWA4_GLVWB4_GRVW4_K1_SS1_SVW1_WSGRA1_WSGRB0,NO_CHECK,125.401,68499.7,,0.625,4,32,1,1,1,0.625,134742016,524288,,,,,,,,,,2026-04-18 22:26:47.
0,38/44,40/47,Contraction_l_Ailk_Bjlk_Cijk_Dijk,"(512,1024,1,8192)",Cijk_Ailk_Bjlk_F8F8S_BH_GB_MT64x64x32_MI16x16x16x1_SN_GLVWA8_GLVWB8_GRVW8_K1_SS1_SVW1_WSGRA1_WSGRB0,NO_CHECK,123.521,69542.3,,0.625,4,32,1,1,1,0.625,134742016,524288,,,,,,,,,,2026-04-18 22:26:47.
0,38/44,41/47,Contraction_l_Ailk_Bjlk_Cijk_Dijk,"(512,1024,1,8192)",Cijk_Ailk_Bjlk_F8F8S_BH_GB_MT64x64x32_MI16x16x16x1_SN_GLVWA16_GLVWB16_GRVW16_K1_SS1_SVW1_WSGRA1_WSGRB0,NO_CHECK,201.401,42650.9,,0.625,4,32,1,1,1,0.625,134742016,524288,,,,,,,,,,2026-04-18 22:26:47.
0,38/44,42/47,Contraction_l_Ailk_Bjlk_Cijk_Dijk,"(512,1024,1,8192)",Cijk_Ailk_Bjlk_F8F8S_BH_GB_MT64x64x32_MI16x16x16x1_SN_GLVWA4_GLVWB4_GRVW4_K1_SS1_SVW1_WSGRA0_WSGRB1,NO_CHECK,122.481,70132.8,,0.625,4,32,1,1,1,0.625,134742016,524288,,,,,,,,,,2026-04-18 22:26:47.
0,38/44,43/47,Contraction_l_Ailk_Bjlk_Cijk_Dijk,"(512,1024,1,8192)",Cijk_Ailk_Bjlk_F8F8S_BH_GB_MT64x64x32_MI16x16x16x1_SN_GLVWA8_GLVWB8_GRVW8_K1_SS1_SVW1_WSGRA0_WSGRB1,NO_CHECK,119.921,71629.9,,0.625,4,32,1,1,1,0.625,134742016,524288,,,,,,,,,,2026-04-18 22:26:47.
0,38/44,44/47,Contraction_l_Ailk_Bjlk_Cijk_Dijk,"(512,1024,1,8192)",Cijk_Ailk_Bjlk_F8F8S_BH_GB_MT64x64x32_MI16x16x16x1_SN_GLVWA16_GLVWB16_GRVW16_K1_SS1_SVW1_WSGRA0_WSGRB1,NO_CHECK,125.041,68696.9,,0.625,4,32,1,1,1,0.625,134742016,524288,,,,,,,,,,2026-04-18 22:26:47.
0,38/44,45/47,Contraction_l_Ailk_Bjlk_Cijk_Dijk,"(512,1024,1,8192)",Cijk_Ailk_Bjlk_F8F8S_BH_GB_MT64x64x32_MI16x16x16x1_SN_GLVWA4_GLVWB4_GRVW4_K1_SS1_SVW1_WSGRA1_WSGRB1,NO_CHECK,128.641,66774.5,,0.625,4,32,1,1,1,0.625,134742016,524288,,,,,,,,,,2026-04-18 22:26:47.
0,38/44,46/47,Contraction_l_Ailk_Bjlk_Cijk_Dijk,"(512,1024,1,8192)",Cijk_Ailk_Bjlk_F8F8S_BH_GB_MT64x64x32_MI16x16x16x1_SN_GLVWA8_GLVWB8_GRVW8_K1_SS1_SVW1_WSGRA1_WSGRB1,NO_CHECK,120.401,71344.4,,0.625,4,32,1,1,1,0.625,134742016,524288,,,,,,,,,,2026-04-18 22:26:47.
0,38/44,47/47,Contraction_l_Ailk_Bjlk_Cijk_Dijk,"(512,1024,1,8192)",Cijk_Ailk_Bjlk_F8F8S_BH_GB_MT64x64x32_MI16x16x16x1_SN_GLVWA16_GLVWB16_GRVW16_K1_SS1_SVW1_WSGRA1_WSGRB1,NO_CHECK,119.841,71677.8,,0.625,4,32,1,1,1,0.625,134742016,524288,,,,,,,,,,2026-04-18 22:26:47.
0,39/44,0/47,Contraction_l_Ailk_Bjlk_Cijk_Dijk,"(512,4096,1,1024)",Cijk_Ailk_Bjlk_F8F8S_BH_GB_MT64x64x16_MI16x16x16x1_SN_GLVWA4_GLVWB4_GRVW4_K1_SS0_SVW4_WSGRA0_WSGRB0,NO_CHECK,60.961,70454.3,,1,16,32,1,1,1,1,69206016,2097152,,,,,,,,,,2026-04-18 22:26:47.
0,39/44,1/47,Contraction_l_Ailk_Bjlk_Cijk_Dijk,"(512,4096,1,1024)",Cijk_Ailk_Bjlk_F8F8S_BH_GB_MT64x64x16_MI16x16x16x1_SN_GLVWA8_GLVWB8_GRVW8_K1_SS0_SVW4_WSGRA0_WSGRB0,NO_CHECK,61.92,69363.2,,1,16,32,1,1,1,1,69206016,2097152,,,,,,,,,,2026-04-18 22:26:47.
0,39/44,2/47,Contraction_l_Ailk_Bjlk_Cijk_Dijk,"(512,4096,1,1024)",Cijk_Ailk_Bjlk_F8F8S_BH_GB_MT64x64x16_MI16x16x16x1_SN_GLVWA16_GLVWB16_GRVW16_K1_SS0_SVW4_WSGRA0_WSGRB0,NO_CHECK,62.121,69138.7,,1,16,32,1,1,1,1,69206016,2097152,,,,,,,,,,2026-04-18 22:26:47.
0,39/44,3/47,Contraction_l_Ailk_Bjlk_Cijk_Dijk,"(512,4096,1,1024)",Cijk_Ailk_Bjlk_F8F8S_BH_GB_MT64x64x16_MI16x16x16x1_SN_GLVWA4_GLVWB4_GRVW4_K1_SS0_SVW4_WSGRA1_WSGRB0,NO_CHECK,63.08,68087.6,,1,16,32,1,1,1,1,69206016,2097152,,,,,,,,,,2026-04-18 22:26:47.
0,39/44,4/47,Contraction_l_Ailk_Bjlk_Cijk_Dijk,"(512,4096,1,1024)",Cijk_Ailk_Bjlk_F8F8S_BH_GB_MT64x64x16_MI16x16x16x1_SN_GLVWA8_GLVWB8_GRVW8_K1_SS0_SVW4_WSGRA1_WSGRB0,NO_CHECK,63.44,67701.2,,1,16,32,1,1,1,1,69206016,2097152,,,,,,,,,,2026-04-18 22:26:47.
0,39/44,5/47,Contraction_l_Ailk_Bjlk_Cijk_Dijk,"(512,4096,1,1024)",Cijk_Ailk_Bjlk_F8F8S_BH_GB_MT64x64x16_MI16x16x16x1_SN_GLVWA16_GLVWB16_GRVW16_K1_SS0_SVW4_WSGRA1_WSGRB0,NO_CHECK,63.761,67360.4,,1,16,32,1,1,1,1,69206016,2097152,,,,,,,,,,2026-04-18 22:26:47.
0,39/44,6/47,Contraction_l_Ailk_Bjlk_Cijk_Dijk,"(512,4096,1,1024)",Cijk_Ailk_Bjlk_F8F8S_BH_GB_MT64x64x16_MI16x16x16x1_SN_GLVWA4_GLVWB4_GRVW4_K1_SS0_SVW4_WSGRA0_WSGRB1,NO_CHECK,63.681,67445,,1,16,32,1,1,1,1,69206016,2097152,,,,,,,,,,2026-04-18 22:26:47.
0,39/44,7/47,Contraction_l_Ailk_Bjlk_Cijk_Dijk,"(512,4096,1,1024)",Cijk_Ailk_Bjlk_F8F8S_BH_GB_MT64x64x16_MI16x16x16x1_SN_GLVWA8_GLVWB8_GRVW8_K1_SS0_SVW4_WSGRA0_WSGRB1,NO_CHECK,60.64,70827.3,,1,16,32,1,1,1,1,69206016,2097152,,,,,,,,,,2026-04-18 22:26:47.
0,39/44,8/47,Contraction_l_Ailk_Bjlk_Cijk_Dijk,"(512,4096,1,1024)",Cijk_Ailk_Bjlk_F8F8S_BH_GB_MT64x64x16_MI16x16x16x1_SN_GLVWA16_GLVWB16_GRVW16_K1_SS0_SVW4_WSGRA0_WSGRB1,NO_CHECK,63.761,67360.4,,1,16,32,1,1,1,1,69206016,2097152,,,,,,,,,,2026-04-18 22:26:47.
0,39/44,9/47,Contraction_l_Ailk_Bjlk_Cijk_Dijk,"(512,4096,1,1024)",Cijk_Ailk_Bjlk_F8F8S_BH_GB_MT64x64x16_MI16x16x16x1_SN_GLVWA4_GLVWB4_GRVW4_K1_SS0_SVW4_WSGRA1_WSGRB1,NO_CHECK,62.28,68962.2,,1,16,32,1,1,1,1,69206016,2097152,,,,,,,,,,2026-04-18 22:26:47.
0,39/44,10/47,Contraction_l_Ailk_Bjlk_Cijk_Dijk,"(512,4096,1,1024)",Cijk_Ailk_Bjlk_F8F8S_BH_GB_MT64x64x16_MI16x16x16x1_SN_GLVWA8_GLVWB8_GRVW8_K1_SS0_SVW4_WSGRA1_WSGRB1,NO_CHECK,63.12,68044.5,,1,16,32,1,1,1,1,69206016,2097152,,,,,,,,,,2026-04-18 22:26:47.
0,39/44,11/47,Contraction_l_Ailk_Bjlk_Cijk_Dijk,"(512,4096,1,1024)",Cijk_Ailk_Bjlk_F8F8S_BH_GB_MT64x64x16_MI16x16x16x1_SN_GLVWA16_GLVWB16_GRVW16_K1_SS0_SVW4_WSGRA1_WSGRB1,NO_CHECK,60.361,71154.7,,1,16,32,1,1,1,1,69206016,2097152,,,,,,,,,,2026-04-18 22:26:47.
0,39/44,12/47,Contraction_l_Ailk_Bjlk_Cijk_Dijk,"(512,4096,1,1024)",Cijk_Ailk_Bjlk_F8F8S_BH_GB_MT64x64x32_MI16x16x16x1_SN_GLVWA4_GLVWB4_GRVW4_K1_SS0_SVW4_WSGRA0_WSGRB0,NO_CHECK,62.64,68565.9,,1,16,32,1,1,1,1,69206016,2097152,,,,,,,,,,2026-04-18 22:26:47.
0,39/44,13/47,Contraction_l_Ailk_Bjlk_Cijk_Dijk,"(512,4096,1,1024)",Cijk_Ailk_Bjlk_F8F8S_BH_GB_MT64x64x32_MI16x16x16x1_SN_GLVWA8_GLVWB8_GRVW8_K1_SS0_SVW4_WSGRA0_WSGRB0,NO_CHECK,60.4,71108.7,,1,16,32,1,1,1,1,69206016,2097152,,,,,,,,,,2026-04-18 22:26:47.
0,39/44,14/47,Contraction_l_Ailk_Bjlk_Cijk_Dijk,"(512,4096,1,1024)",Cijk_Ailk_Bjlk_F8F8S_BH_GB_MT64x64x32_MI16x16x16x1_SN_GLVWA16_GLVWB16_GRVW16_K1_SS0_SVW4_WSGRA0_WSGRB0,NO_CHECK,63.601,67529.9,,1,16,32,1,1,1,1,69206016,2097152,,,,,,,,,,2026-04-18 22:26:47.
0,39/44,15/47,Contraction_l_Ailk_Bjlk_Cijk_Dijk,"(512,4096,1,1024)",Cijk_Ailk_Bjlk_F8F8S_BH_GB_MT64x64x32_MI16x16x16x1_SN_GLVWA4_GLVWB4_GRVW4_K1_SS0_SVW4_WSGRA1_WSGRB0,NO_CHECK,63.76,67361.5,,1,16,32,1,1,1,1,69206016,2097152,,,,,,,,,,2026-04-18 22:26:47.
0,39/44,16/47,Contraction_l_Ailk_Bjlk_Cijk_Dijk,"(512,4096,1,1024)",Cijk_Ailk_Bjlk_F8F8S_BH_GB_MT64x64x32_MI16x16x16x1_SN_GLVWA8_GLVWB8_GRVW8_K1_SS0_SVW4_WSGRA1_WSGRB0,NO_CHECK,246.362,17433.6,,1,16,32,1,1,1,1,69206016,2097152,,,,,,,,,,2026-04-18 22:26:47.
0,39/44,17/47,Contraction_l_Ailk_Bjlk_Cijk_Dijk,"(512,4096,1,1024)",Cijk_Ailk_Bjlk_F8F8S_BH_GB_MT64x64x32_MI16x16x16x1_SN_GLVWA16_GLVWB16_GRVW16_K1_SS0_SVW4_WSGRA1_WSGRB0,NO_CHECK,64.081,67024,,1,16,32,1,1,1,1,69206016,2097152,,,,,,,,,,2026-04-18 22:26:47.
0,39/44,18/47,Contraction_l_Ailk_Bjlk_Cijk_Dijk,"(512,4096,1,1024)",Cijk_Ailk_Bjlk_F8F8S_BH_GB_MT64x64x32_MI16x16x16x1_SN_GLVWA4_GLVWB4_GRVW4_K1_SS0_SVW4_WSGRA0_WSGRB1,NO_CHECK,65.92,65154.2,,1,16,32,1,1,1,1,69206016,2097152,,,,,,,,,,2026-04-18 22:26:47.
0,39/44,19/47,Contraction_l_Ailk_Bjlk_Cijk_Dijk,"(512,4096,1,1024)",Cijk_Ailk_Bjlk_F8F8S_BH_GB_MT64x64x32_MI16x16x16x1_SN_GLVWA8_GLVWB8_GRVW8_K1_SS0_SVW4_WSGRA0_WSGRB1,NO_CHECK,63.72,67403.8,,1,16,32,1,1,1,1,69206016,2097152,,,,,,,,,,2026-04-18 22:26:47.
0,39/44,20/47,Contraction_l_Ailk_Bjlk_Cijk_Dijk,"(512,4096,1,1024)",Cijk_Ailk_Bjlk_F8F8S_BH_GB_MT64x64x32_MI16x16x16x1_SN_GLVWA16_GLVWB16_GRVW16_K1_SS0_SVW4_WSGRA0_WSGRB1,NO_CHECK,65.32,65752.7,,1,16,32,1,1,1,1,69206016,2097152,,,,,,,,,,2026-04-18 22:26:47.
0,39/44,21/47,Contraction_l_Ailk_Bjlk_Cijk_Dijk,"(512,4096,1,1024)",Cijk_Ailk_Bjlk_F8F8S_BH_GB_MT64x64x32_MI16x16x16x1_SN_GLVWA4_GLVWB4_GRVW4_K1_SS0_SVW4_WSGRA1_WSGRB1,NO_CHECK,65.081,65994.2,,1,16,32,1,1,1,1,69206016,2097152,,,,,,,,,,2026-04-18 22:26:47.
0,39/44,22/47,Contraction_l_Ailk_Bjlk_Cijk_Dijk,"(512,4096,1,1024)",Cijk_Ailk_Bjlk_F8F8S_BH_GB_MT64x64x32_MI16x16x16x1_SN_GLVWA8_GLVWB8_GRVW8_K1_SS0_SVW4_WSGRA1_WSGRB1,NO_CHECK,65.441,65631.1,,1,16,32,1,1,1,1,69206016,2097152,,,,,,,,,,2026-04-18 22:26:47.
0,39/44,23/47,Contraction_l_Ailk_Bjlk_Cijk_Dijk,"(512,4096,1,1024)",Cijk_Ailk_Bjlk_F8F8S_BH_GB_MT64x64x32_MI16x16x16x1_SN_GLVWA16_GLVWB16_GRVW16_K1_SS0_SVW4_WSGRA1_WSGRB1,NO_CHECK,63.721,67402.7,,1,16,32,1,1,1,1,69206016,2097152,,,,,,,,,,2026-04-18 22:26:47.
0,39/44,24/47,Contraction_l_Ailk_Bjlk_Cijk_Dijk,"(512,4096,1,1024)",Cijk_Ailk_Bjlk_F8F8S_BH_GB_MT64x64x16_MI16x16x16x1_SN_GLVWA4_GLVWB4_GRVW4_K1_SS1_SVW1_WSGRA0_WSGRB0,NO_CHECK,67.401,63722.6,,1,16,32,1,1,1,1,69206016,2097152,,,,,,,,,,2026-04-18 22:26:47.
0,39/44,25/47,Contraction_l_Ailk_Bjlk_Cijk_Dijk,"(512,4096,1,1024)",Cijk_Ailk_Bjlk_F8F8S_BH_GB_MT64x64x16_MI16x16x16x1_SN_GLVWA8_GLVWB8_GRVW8_K1_SS1_SVW1_WSGRA0_WSGRB0,NO_CHECK,64.481,66608.3,,1,16,32,1,1,1,1,69206016,2097152,,,,,,,,,,2026-04-18 22:26:47.
0,39/44,26/47,Contraction_l_Ailk_Bjlk_Cijk_Dijk,"(512,4096,1,1024)",Cijk_Ailk_Bjlk_F8F8S_BH_GB_MT64x64x16_MI16x16x16x1_SN_GLVWA16_GLVWB16_GRVW16_K1_SS1_SVW1_WSGRA0_WSGRB0,NO_CHECK,66.961,64141.3,,1,16,32,1,1,1,1,69206016,2097152,,,,,,,,,,2026-04-18 22:26:47.
0,39/44,27/47,Contraction_l_Ailk_Bjlk_Cijk_Dijk,"(512,4096,1,1024)",Cijk_Ailk_Bjlk_F8F8S_BH_GB_MT64x64x16_MI16x16x16x1_SN_GLVWA4_GLVWB4_GRVW4_K1_SS1_SVW1_WSGRA1_WSGRB0,NO_CHECK,65.081,65994.2,,1,16,32,1,1,1,1,69206016,2097152,,,,,,,,,,2026-04-18 22:26:47.
0,39/44,28/47,Contraction_l_Ailk_Bjlk_Cijk_Dijk,"(512,4096,1,1024)",Cijk_Ailk_Bjlk_F8F8S_BH_GB_MT64x64x16_MI16x16x16x1_SN_GLVWA8_GLVWB8_GRVW8_K1_SS1_SVW1_WSGRA1_WSGRB0,NO_CHECK,66.361,64721.3,,1,16,32,1,1,1,1,69206016,2097152,,,,,,,,,,2026-04-18 22:26:47.
0,39/44,29/47,Contraction_l_Ailk_Bjlk_Cijk_Dijk,"(512,4096,1,1024)",Cijk_Ailk_Bjlk_F8F8S_BH_GB_MT64x64x16_MI16x16x16x1_SN_GLVWA16_GLVWB16_GRVW16_K1_SS1_SVW1_WSGRA1_WSGRB0,NO_CHECK,64.32,66775,,1,16,32,1,1,1,1,69206016,2097152,,,,,,,,,,2026-04-18 22:26:47.
0,39/44,30/47,Contraction_l_Ailk_Bjlk_Cijk_Dijk,"(512,4096,1,1024)",Cijk_Ailk_Bjlk_F8F8S_BH_GB_MT64x64x16_MI16x16x16x1_SN_GLVWA4_GLVWB4_GRVW4_K1_SS1_SVW1_WSGRA0_WSGRB1,NO_CHECK,67.681,63459,,1,16,32,1,1,1,1,69206016,2097152,,,,,,,,,,2026-04-18 22:26:47.
0,39/44,31/47,Contraction_l_Ailk_Bjlk_Cijk_Dijk,"(512,4096,1,1024)",Cijk_Ailk_Bjlk_F8F8S_BH_GB_MT64x64x16_MI16x16x16x1_SN_GLVWA8_GLVWB8_GRVW8_K1_SS1_SVW1_WSGRA0_WSGRB1,NO_CHECK,74.48,57666.1,,1,16,32,1,1,1,1,69206016,2097152,,,,,,,,,,2026-04-18 22:26:47.
0,39/44,32/47,Contraction_l_Ailk_Bjlk_Cijk_Dijk,"(512,4096,1,1024)",Cijk_Ailk_Bjlk_F8F8S_BH_GB_MT64x64x16_MI16x16x16x1_SN_GLVWA16_GLVWB16_GRVW16_K1_SS1_SVW1_WSGRA0_WSGRB1,NO_CHECK,75.28,57053.2,,1,16,32,1,1,1,1,69206016,2097152,,,,,,,,,,2026-04-18 22:26:47.
0,39/44,33/47,Contraction_l_Ailk_Bjlk_Cijk_Dijk,"(512,4096,1,1024)",Cijk_Ailk_Bjlk_F8F8S_BH_GB_MT64x64x16_MI16x16x16x1_SN_GLVWA4_GLVWB4_GRVW4_K1_SS1_SVW1_WSGRA1_WSGRB1,NO_CHECK,67.04,64065.7,,1,16,32,1,1,1,1,69206016,2097152,,,,,,,,,,2026-04-18 22:26:47.
0,39/44,34/47,Contraction_l_Ailk_Bjlk_Cijk_Dijk,"(512,4096,1,1024)",Cijk_Ailk_Bjlk_F8F8S_BH_GB_MT64x64x16_MI16x16x16x1_SN_GLVWA8_GLVWB8_GRVW8_K1_SS1_SVW1_WSGRA1_WSGRB1,NO_CHECK,67,64104,,1,16,32,1,1,1,1,69206016,2097152,,,,,,,,,,2026-04-18 22:26:47.
0,39/44,35/47,Contraction_l_Ailk_Bjlk_Cijk_Dijk,"(512,4096,1,1024)",Cijk_Ailk_Bjlk_F8F8S_BH_GB_MT64x64x16_MI16x16x16x1_SN_GLVWA16_GLVWB16_GRVW16_K1_SS1_SVW1_WSGRA1_WSGRB1,NO_CHECK,66.52,64566.6,,1,16,32,1,1,1,1,69206016,2097152,,,,,,,,,,2026-04-18 22:26:47.
0,39/44,36/47,Contraction_l_Ailk_Bjlk_Cijk_Dijk,"(512,4096,1,1024)",Cijk_Ailk_Bjlk_F8F8S_BH_GB_MT64x64x32_MI16x16x16x1_SN_GLVWA4_GLVWB4_GRVW4_K1_SS1_SVW1_WSGRA0_WSGRB0,NO_CHECK,65.12,65954.7,,1,16,32,1,1,1,1,69206016,2097152,,,,,,,,,,2026-04-18 22:26:47.
0,39/44,37/47,Contraction_l_Ailk_Bjlk_Cijk_Dijk,"(512,4096,1,1024)",Cijk_Ailk_Bjlk_F8F8S_BH_GB_MT64x64x32_MI16x16x16x1_SN_GLVWA8_GLVWB8_GRVW8_K1_SS1_SVW1_WSGRA0_WSGRB0,NO_CHECK,65.641,65431.2,,1,16,32,1,1,1,1,69206016,2097152,,,,,,,,,,2026-04-18 22:26:47.
0,39/44,38/47,Contraction_l_Ailk_Bjlk_Cijk_Dijk,"(512,4096,1,1024)",Cijk_Ailk_Bjlk_F8F8S_BH_GB_MT64x64x32_MI16x16x16x1_SN_GLVWA16_GLVWB16_GRVW16_K1_SS1_SVW1_WSGRA0_WSGRB0,NO_CHECK,64.801,66279.3,,1,16,32,1,1,1,1,69206016,2097152,,,,,,,,,,2026-04-18 22:26:47.
0,39/44,39/47,Contraction_l_Ailk_Bjlk_Cijk_Dijk,"(512,4096,1,1024)",Cijk_Ailk_Bjlk_F8F8S_BH_GB_MT64x64x32_MI16x16x16x1_SN_GLVWA4_GLVWB4_GRVW4_K1_SS1_SVW1_WSGRA1_WSGRB0,NO_CHECK,71.641,59951.2,,1,16,32,1,1,1,1,69206016,2097152,,,,,,,,,,2026-04-18 22:26:47.
0,39/44,40/47,Contraction_l_Ailk_Bjlk_Cijk_Dijk,"(512,4096,1,1024)",Cijk_Ailk_Bjlk_F8F8S_BH_GB_MT64x64x32_MI16x16x16x1_SN_GLVWA8_GLVWB8_GRVW8_K1_SS1_SVW1_WSGRA1_WSGRB0,NO_CHECK,66.32,64761.3,,1,16,32,1,1,1,1,69206016,2097152,,,,,,,,,,2026-04-18 22:26:47.
0,39/44,41/47,Contraction_l_Ailk_Bjlk_Cijk_Dijk,"(512,4096,1,1024)",Cijk_Ailk_Bjlk_F8F8S_BH_GB_MT64x64x32_MI16x16x16x1_SN_GLVWA16_GLVWB16_GRVW16_K1_SS1_SVW1_WSGRA1_WSGRB0,NO_CHECK,66,65075.3,,1,16,32,1,1,1,1,69206016,2097152,,,,,,,,,,2026-04-18 22:26:47.
0,39/44,42/47,Contraction_l_Ailk_Bjlk_Cijk_Dijk,"(512,4096,1,1024)",Cijk_Ailk_Bjlk_F8F8S_BH_GB_MT64x64x32_MI16x16x16x1_SN_GLVWA4_GLVWB4_GRVW4_K1_SS1_SVW1_WSGRA0_WSGRB1,NO_CHECK,66.16,64917.9,,1,16,32,1,1,1,1,69206016,2097152,,,,,,,,,,2026-04-18 22:26:47.
0,39/44,43/47,Contraction_l_Ailk_Bjlk_Cijk_Dijk,"(512,4096,1,1024)",Cijk_Ailk_Bjlk_F8F8S_BH_GB_MT64x64x32_MI16x16x16x1_SN_GLVWA8_GLVWB8_GRVW8_K1_SS1_SVW1_WSGRA0_WSGRB1,NO_CHECK,65.241,65832.3,,1,16,32,1,1,1,1,69206016,2097152,,,,,,,,,,2026-04-18 22:26:47.
0,39/44,44/47,Contraction_l_Ailk_Bjlk_Cijk_Dijk,"(512,4096,1,1024)",Cijk_Ailk_Bjlk_F8F8S_BH_GB_MT64x64x32_MI16x16x16x1_SN_GLVWA16_GLVWB16_GRVW16_K1_SS1_SVW1_WSGRA0_WSGRB1,NO_CHECK,64.601,66484.5,,1,16,32,1,1,1,1,69206016,2097152,,,,,,,,,,2026-04-18 22:26:47.
0,39/44,45/47,Contraction_l_Ailk_Bjlk_Cijk_Dijk,"(512,4096,1,1024)",Cijk_Ailk_Bjlk_F8F8S_BH_GB_MT64x64x32_MI16x16x16x1_SN_GLVWA4_GLVWB4_GRVW4_K1_SS1_SVW1_WSGRA1_WSGRB1,NO_CHECK,66.201,64877.7,,1,16,32,1,1,1,1,69206016,2097152,,,,,,,,,,2026-04-18 22:26:47.
0,39/44,46/47,Contraction_l_Ailk_Bjlk_Cijk_Dijk,"(512,4096,1,1024)",Cijk_Ailk_Bjlk_F8F8S_BH_GB_MT64x64x32_MI16x16x16x1_SN_GLVWA8_GLVWB8_GRVW8_K1_SS1_SVW1_WSGRA1_WSGRB1,NO_CHECK,65.041,66034.8,,1,16,32,1,1,1,1,69206016,2097152,,,,,,,,,,2026-04-18 22:26:47.
0,39/44,47/47,Contraction_l_Ailk_Bjlk_Cijk_Dijk,"(512,4096,1,1024)",Cijk_Ailk_Bjlk_F8F8S_BH_GB_MT64x64x32_MI16x16x16x1_SN_GLVWA16_GLVWB16_GRVW16_K1_SS1_SVW1_WSGRA1_WSGRB1,NO_CHECK,64.241,66857.1,,1,16,32,1,1,1,1,69206016,2097152,,,,,,,,,,2026-04-18 22:26:47.
0,40/44,0/47,Contraction_l_Ailk_Bjlk_Cijk_Dijk,"(512,4096,1,4096)",Cijk_Ailk_Bjlk_F8F8S_BH_GB_MT64x64x16_MI16x16x16x1_SN_GLVWA4_GLVWB4_GRVW4_K1_SS0_SVW4_WSGRA0_WSGRB0,NO_CHECK,226.482,75855.3,,1,16,32,1,1,1,1,270532608,2097152,,,,,,,,,,2026-04-18 22:26:47.
0,40/44,1/47,Contraction_l_Ailk_Bjlk_Cijk_Dijk,"(512,4096,1,4096)",Cijk_Ailk_Bjlk_F8F8S_BH_GB_MT64x64x16_MI16x16x16x1_SN_GLVWA8_GLVWB8_GRVW8_K1_SS0_SVW4_WSGRA0_WSGRB0,NO_CHECK,228.882,75059.9,,1,16,32,1,1,1,1,270532608,2097152,,,,,,,,,,2026-04-18 22:26:47.
0,40/44,2/47,Contraction_l_Ailk_Bjlk_Cijk_Dijk,"(512,4096,1,4096)",Cijk_Ailk_Bjlk_F8F8S_BH_GB_MT64x64x16_MI16x16x16x1_SN_GLVWA16_GLVWB16_GRVW16_K1_SS0_SVW4_WSGRA0_WSGRB0,NO_CHECK,224.482,76531.2,,1,16,32,1,1,1,1,270532608,2097152,,,,,,,,,,2026-04-18 22:26:47.
0,40/44,3/47,Contraction_l_Ailk_Bjlk_Cijk_Dijk,"(512,4096,1,4096)",Cijk_Ailk_Bjlk_F8F8S_BH_GB_MT64x64x16_MI16x16x16x1_SN_GLVWA4_GLVWB4_GRVW4_K1_SS0_SVW4_WSGRA1_WSGRB0,NO_CHECK,228.481,75191.7,,1,16,32,1,1,1,1,270532608,2097152,,,,,,,,,,2026-04-18 22:26:47.
0,40/44,4/47,Contraction_l_Ailk_Bjlk_Cijk_Dijk,"(512,4096,1,4096)",Cijk_Ailk_Bjlk_F8F8S_BH_GB_MT64x64x16_MI16x16x16x1_SN_GLVWA8_GLVWB8_GRVW8_K1_SS0_SVW4_WSGRA1_WSGRB0,NO_CHECK,227.442,75535.2,,1,16,32,1,1,1,1,270532608,2097152,,,,,,,,,,2026-04-18 22:26:47.
0,40/44,5/47,Contraction_l_Ailk_Bjlk_Cijk_Dijk,"(512,4096,1,4096)",Cijk_Ailk_Bjlk_F8F8S_BH_GB_MT64x64x16_MI16x16x16x1_SN_GLVWA16_GLVWB16_GRVW16_K1_SS0_SVW4_WSGRA1_WSGRB0,NO_CHECK,407.923,42115.5,,1,16,32,1,1,1,1,270532608,2097152,,,,,,,,,,2026-04-18 22:26:47.
0,40/44,6/47,Contraction_l_Ailk_Bjlk_Cijk_Dijk,"(512,4096,1,4096)",Cijk_Ailk_Bjlk_F8F8S_BH_GB_MT64x64x16_MI16x16x16x1_SN_GLVWA4_GLVWB4_GRVW4_K1_SS0_SVW4_WSGRA0_WSGRB1,NO_CHECK,236.641,72598.9,,1,16,32,1,1,1,1,270532608,2097152,,,,,,,,,,2026-04-18 22:26:47.
0,40/44,7/47,Contraction_l_Ailk_Bjlk_Cijk_Dijk,"(512,4096,1,4096)",Cijk_Ailk_Bjlk_F8F8S_BH_GB_MT64x64x16_MI16x16x16x1_SN_GLVWA8_GLVWB8_GRVW8_K1_SS0_SVW4_WSGRA0_WSGRB1,NO_CHECK,256.162,67066.4,,1,16,32,1,1,1,1,270532608,2097152,,,,,,,,,,2026-04-18 22:26:47.
0,40/44,8/47,Contraction_l_Ailk_Bjlk_Cijk_Dijk,"(512,4096,1,4096)",Cijk_Ailk_Bjlk_F8F8S_BH_GB_MT64x64x16_MI16x16x16x1_SN_GLVWA16_GLVWB16_GRVW16_K1_SS0_SVW4_WSGRA0_WSGRB1,NO_CHECK,232.282,73961.3,,1,16,32,1,1,1,1,270532608,2097152,,,,,,,,,,2026-04-18 22:26:47.
0,40/44,9/47,Contraction_l_Ailk_Bjlk_Cijk_Dijk,"(512,4096,1,4096)",Cijk_Ailk_Bjlk_F8F8S_BH_GB_MT64x64x16_MI16x16x16x1_SN_GLVWA4_GLVWB4_GRVW4_K1_SS0_SVW4_WSGRA1_WSGRB1,NO_CHECK,230.522,74525.9,,1,16,32,1,1,1,1,270532608,2097152,,,,,,,,,,2026-04-18 22:26:47.
0,40/44,10/47,Contraction_l_Ailk_Bjlk_Cijk_Dijk,"(512,4096,1,4096)",Cijk_Ailk_Bjlk_F8F8S_BH_GB_MT64x64x16_MI16x16x16x1_SN_GLVWA8_GLVWB8_GRVW8_K1_SS0_SVW4_WSGRA1_WSGRB1,NO_CHECK,226.442,75868.7,,1,16,32,1,1,1,1,270532608,2097152,,,,,,,,,,2026-04-18 22:26:47.
0,40/44,11/47,Contraction_l_Ailk_Bjlk_Cijk_Dijk,"(512,4096,1,4096)",Cijk_Ailk_Bjlk_F8F8S_BH_GB_MT64x64x16_MI16x16x16x1_SN_GLVWA16_GLVWB16_GRVW16_K1_SS0_SVW4_WSGRA1_WSGRB1,NO_CHECK,223.802,76763.7,,1,16,32,1,1,1,1,270532608,2097152,,,,,,,,,,2026-04-18 22:26:47.
0,40/44,12/47,Contraction_l_Ailk_Bjlk_Cijk_Dijk,"(512,4096,1,4096)",Cijk_Ailk_Bjlk_F8F8S_BH_GB_MT64x64x32_MI16x16x16x1_SN_GLVWA4_GLVWB4_GRVW4_K1_SS0_SVW4_WSGRA0_WSGRB0,NO_CHECK,218.642,78575.3,,1,16,32,1,1,1,1,270532608,2097152,,,,,,,,,,2026-04-18 22:26:47.
0,40/44,13/47,Contraction_l_Ailk_Bjlk_Cijk_Dijk,"(512,4096,1,4096)",Cijk_Ailk_Bjlk_F8F8S_BH_GB_MT64x64x32_MI16x16x16x1_SN_GLVWA8_GLVWB8_GRVW8_K1_SS0_SVW4_WSGRA0_WSGRB0,NO_CHECK,218.922,78474.8,,1,16,32,1,1,1,1,270532608,2097152,,,,,,,,,,2026-04-18 22:26:47.
0,40/44,14/47,Contraction_l_Ailk_Bjlk_Cijk_Dijk,"(512,4096,1,4096)",Cijk_Ailk_Bjlk_F8F8S_BH_GB_MT64x64x32_MI16x16x16x1_SN_GLVWA16_GLVWB16_GRVW16_K1_SS0_SVW4_WSGRA0_WSGRB0,NO_CHECK,216.402,79388.7,,1,16,32,1,1,1,1,270532608,2097152,,,,,,,,,,2026-04-18 22:26:47.
0,40/44,15/47,Contraction_l_Ailk_Bjlk_Cijk_Dijk,"(512,4096,1,4096)",Cijk_Ailk_Bjlk_F8F8S_BH_GB_MT64x64x32_MI16x16x16x1_SN_GLVWA4_GLVWB4_GRVW4_K1_SS0_SVW4_WSGRA1_WSGRB0,NO_CHECK,220.241,78004.9,,1,16,32,1,1,1,1,270532608,2097152,,,,,,,,,,2026-04-18 22:26:47.
0,40/44,16/47,Contraction_l_Ailk_Bjlk_Cijk_Dijk,"(512,4096,1,4096)",Cijk_Ailk_Bjlk_F8F8S_BH_GB_MT64x64x32_MI16x16x16x1_SN_GLVWA8_GLVWB8_GRVW8_K1_SS0_SVW4_WSGRA1_WSGRB0,NO_CHECK,217.201,79096.6,,1,16,32,1,1,1,1,270532608,2097152,,,,,,,,,,2026-04-18 22:26:47.
0,40/44,17/47,Contraction_l_Ailk_Bjlk_Cijk_Dijk,"(512,4096,1,4096)",Cijk_Ailk_Bjlk_F8F8S_BH_GB_MT64x64x32_MI16x16x16x1_SN_GLVWA16_GLVWB16_GRVW16_K1_SS0_SVW4_WSGRA1_WSGRB0,NO_CHECK,215.201,79831.7,,1,16,32,1,1,1,1,270532608,2097152,,,,,,,,,,2026-04-18 22:26:47.
0,40/44,18/47,Contraction_l_Ailk_Bjlk_Cijk_Dijk,"(512,4096,1,4096)",Cijk_Ailk_Bjlk_F8F8S_BH_GB_MT64x64x32_MI16x16x16x1_SN_GLVWA4_GLVWB4_GRVW4_K1_SS0_SVW4_WSGRA0_WSGRB1,NO_CHECK,217.762,78892.9,,1,16,32,1,1,1,1,270532608,2097152,,,,,,,,,,2026-04-18 22:26:47.
0,40/44,19/47,Contraction_l_Ailk_Bjlk_Cijk_Dijk,"(512,4096,1,4096)",Cijk_Ailk_Bjlk_F8F8S_BH_GB_MT64x64x32_MI16x16x16x1_SN_GLVWA8_GLVWB8_GRVW8_K1_SS0_SVW4_WSGRA0_WSGRB1,NO_CHECK,215.202,79831.4,,1,16,32,1,1,1,1,270532608,2097152,,,,,,,,,,2026-04-18 22:26:47.
0,40/44,20/47,Contraction_l_Ailk_Bjlk_Cijk_Dijk,"(512,4096,1,4096)",Cijk_Ailk_Bjlk_F8F8S_BH_GB_MT64x64x32_MI16x16x16x1_SN_GLVWA16_GLVWB16_GRVW16_K1_SS0_SVW4_WSGRA0_WSGRB1,NO_CHECK,214.442,80114.3,,1,16,32,1,1,1,1,270532608,2097152,,,,,,,,,,2026-04-18 22:26:47.
0,40/44,21/47,Contraction_l_Ailk_Bjlk_Cijk_Dijk,"(512,4096,1,4096)",Cijk_Ailk_Bjlk_F8F8S_BH_GB_MT64x64x32_MI16x16x16x1_SN_GLVWA4_GLVWB4_GRVW4_K1_SS0_SVW4_WSGRA1_WSGRB1,NO_CHECK,217.842,78863.9,,1,16,32,1,1,1,1,270532608,2097152,,,,,,,,,,2026-04-18 22:26:47.
0,40/44,22/47,Contraction_l_Ailk_Bjlk_Cijk_Dijk,"(512,4096,1,4096)",Cijk_Ailk_Bjlk_F8F8S_BH_GB_MT64x64x32_MI16x16x16x1_SN_GLVWA8_GLVWB8_GRVW8_K1_SS0_SVW4_WSGRA1_WSGRB1,NO_CHECK,214.842,79965.1,,1,16,32,1,1,1,1,270532608,2097152,,,,,,,,,,2026-04-18 22:26:47.
0,40/44,23/47,Contraction_l_Ailk_Bjlk_Cijk_Dijk,"(512,4096,1,4096)",Cijk_Ailk_Bjlk_F8F8S_BH_GB_MT64x64x32_MI16x16x16x1_SN_GLVWA16_GLVWB16_GRVW16_K1_SS0_SVW4_WSGRA1_WSGRB1,NO_CHECK,215.562,79698,,1,16,32,1,1,1,1,270532608,2097152,,,,,,,,,,2026-04-18 22:26:47.
0,40/44,24/47,Contraction_l_Ailk_Bjlk_Cijk_Dijk,"(512,4096,1,4096)",Cijk_Ailk_Bjlk_F8F8S_BH_GB_MT64x64x16_MI16x16x16x1_SN_GLVWA4_GLVWB4_GRVW4_K1_SS1_SVW1_WSGRA0_WSGRB0,NO_CHECK,227.762,75429,,1,16,32,1,1,1,1,270532608,2097152,,,,,,,,,,2026-04-18 22:26:47.
0,40/44,25/47,Contraction_l_Ailk_Bjlk_Cijk_Dijk,"(512,4096,1,4096)",Cijk_Ailk_Bjlk_F8F8S_BH_GB_MT64x64x16_MI16x16x16x1_SN_GLVWA8_GLVWB8_GRVW8_K1_SS1_SVW1_WSGRA0_WSGRB0,NO_CHECK,223.922,76722.6,,1,16,32,1,1,1,1,270532608,2097152,,,,,,,,,,2026-04-18 22:26:47.
0,40/44,26/47,Contraction_l_Ailk_Bjlk_Cijk_Dijk,"(512,4096,1,4096)",Cijk_Ailk_Bjlk_F8F8S_BH_GB_MT64x64x16_MI16x16x16x1_SN_GLVWA16_GLVWB16_GRVW16_K1_SS1_SVW1_WSGRA0_WSGRB0,NO_CHECK,396.883,43287,,1,16,32,1,1,1,1,270532608,2097152,,,,,,,,,,2026-04-18 22:26:47.
0,40/44,27/47,Contraction_l_Ailk_Bjlk_Cijk_Dijk,"(512,4096,1,4096)",Cijk_Ailk_Bjlk_F8F8S_BH_GB_MT64x64x16_MI16x16x16x1_SN_GLVWA4_GLVWB4_GRVW4_K1_SS1_SVW1_WSGRA1_WSGRB0,NO_CHECK,269.162,63827.2,,1,16,32,1,1,1,1,270532608,2097152,,,,,,,,,,2026-04-18 22:26:47.
0,40/44,28/47,Contraction_l_Ailk_Bjlk_Cijk_Dijk,"(512,4096,1,4096)",Cijk_Ailk_Bjlk_F8F8S_BH_GB_MT64x64x16_MI16x16x16x1_SN_GLVWA8_GLVWB8_GRVW8_K1_SS1_SVW1_WSGRA1_WSGRB0,NO_CHECK,224.361,76572.4,,1,16,32,1,1,1,1,270532608,2097152,,,,,,,,,,2026-04-18 22:26:47.
0,40/44,29/47,Contraction_l_Ailk_Bjlk_Cijk_Dijk,"(512,4096,1,4096)",Cijk_Ailk_Bjlk_F8F8S_BH_GB_MT64x64x16_MI16x16x16x1_SN_GLVWA16_GLVWB16_GRVW16_K1_SS1_SVW1_WSGRA1_WSGRB0,NO_CHECK,225.721,76111.1,,1,16,32,1,1,1,1,270532608,2097152,,,,,,,,,,2026-04-18 22:26:47.
0,40/44,30/47,Contraction_l_Ailk_Bjlk_Cijk_Dijk,"(512,4096,1,4096)",Cijk_Ailk_Bjlk_F8F8S_BH_GB_MT64x64x16_MI16x16x16x1_SN_GLVWA4_GLVWB4_GRVW4_K1_SS1_SVW1_WSGRA0_WSGRB1,NO_CHECK,224.881,76395.4,,1,16,32,1,1,1,1,270532608,2097152,,,,,,,,,,2026-04-18 22:26:47.
0,40/44,31/47,Contraction_l_Ailk_Bjlk_Cijk_Dijk,"(512,4096,1,4096)",Cijk_Ailk_Bjlk_F8F8S_BH_GB_MT64x64x16_MI16x16x16x1_SN_GLVWA8_GLVWB8_GRVW8_K1_SS1_SVW1_WSGRA0_WSGRB1,NO_CHECK,226.321,75909.3,,1,16,32,1,1,1,1,270532608,2097152,,,,,,,,,,2026-04-18 22:26:47.
0,40/44,32/47,Contraction_l_Ailk_Bjlk_Cijk_Dijk,"(512,4096,1,4096)",Cijk_Ailk_Bjlk_F8F8S_BH_GB_MT64x64x16_MI16x16x16x1_SN_GLVWA16_GLVWB16_GRVW16_K1_SS1_SVW1_WSGRA0_WSGRB1,NO_CHECK,229.642,74811.5,,1,16,32,1,1,1,1,270532608,2097152,,,,,,,,,,2026-04-18 22:26:47.
0,40/44,33/47,Contraction_l_Ailk_Bjlk_Cijk_Dijk,"(512,4096,1,4096)",Cijk_Ailk_Bjlk_F8F8S_BH_GB_MT64x64x16_MI16x16x16x1_SN_GLVWA4_GLVWB4_GRVW4_K1_SS1_SVW1_WSGRA1_WSGRB1,NO_CHECK,227.482,75521.9,,1,16,32,1,1,1,1,270532608,2097152,,,,,,,,,,2026-04-18 22:26:47.
0,40/44,34/47,Contraction_l_Ailk_Bjlk_Cijk_Dijk,"(512,4096,1,4096)",Cijk_Ailk_Bjlk_F8F8S_BH_GB_MT64x64x16_MI16x16x16x1_SN_GLVWA8_GLVWB8_GRVW8_K1_SS1_SVW1_WSGRA1_WSGRB1,NO_CHECK,224.322,76585.8,,1,16,32,1,1,1,1,270532608,2097152,,,,,,,,,,2026-04-18 22:26:47.
0,40/44,35/47,Contraction_l_Ailk_Bjlk_Cijk_Dijk,"(512,4096,1,4096)",Cijk_Ailk_Bjlk_F8F8S_BH_GB_MT64x64x16_MI16x16x16x1_SN_GLVWA16_GLVWB16_GRVW16_K1_SS1_SVW1_WSGRA1_WSGRB1,NO_CHECK,225.722,76110.7,,1,16,32,1,1,1,1,270532608,2097152,,,,,,,,,,2026-04-18 22:26:47.
0,40/44,36/47,Contraction_l_Ailk_Bjlk_Cijk_Dijk,"(512,4096,1,4096)",Cijk_Ailk_Bjlk_F8F8S_BH_GB_MT64x64x32_MI16x16x16x1_SN_GLVWA4_GLVWB4_GRVW4_K1_SS1_SVW1_WSGRA0_WSGRB0,NO_CHECK,218.442,78647.3,,1,16,32,1,1,1,1,270532608,2097152,,,,,,,,,,2026-04-18 22:26:47.
0,40/44,37/47,Contraction_l_Ailk_Bjlk_Cijk_Dijk,"(512,4096,1,4096)",Cijk_Ailk_Bjlk_F8F8S_BH_GB_MT64x64x32_MI16x16x16x1_SN_GLVWA8_GLVWB8_GRVW8_K1_SS1_SVW1_WSGRA0_WSGRB0,NO_CHECK,223.242,76956.3,,1,16,32,1,1,1,1,270532608,2097152,,,,,,,,,,2026-04-18 22:26:47.
0,40/44,38/47,Contraction_l_Ailk_Bjlk_Cijk_Dijk,"(512,4096,1,4096)",Cijk_Ailk_Bjlk_F8F8S_BH_GB_MT64x64x32_MI16x16x16x1_SN_GLVWA16_GLVWB16_GRVW16_K1_SS1_SVW1_WSGRA0_WSGRB0,NO_CHECK,216.282,79432.7,,1,16,32,1,1,1,1,270532608,2097152,,,,,,,,,,2026-04-18 22:26:47.
0,40/44,39/47,Contraction_l_Ailk_Bjlk_Cijk_Dijk,"(512,4096,1,4096)",Cijk_Ailk_Bjlk_F8F8S_BH_GB_MT64x64x32_MI16x16x16x1_SN_GLVWA4_GLVWB4_GRVW4_K1_SS1_SVW1_WSGRA1_WSGRB0,NO_CHECK,217.562,78965.4,,1,16,32,1,1,1,1,270532608,2097152,,,,,,,,,,2026-04-18 22:26:47.
0,40/44,40/47,Contraction_l_Ailk_Bjlk_Cijk_Dijk,"(512,4096,1,4096)",Cijk_Ailk_Bjlk_F8F8S_BH_GB_MT64x64x32_MI16x16x16x1_SN_GLVWA8_GLVWB8_GRVW8_K1_SS1_SVW1_WSGRA1_WSGRB0,NO_CHECK,216.521,79345.1,,1,16,32,1,1,1,1,270532608,2097152,,,,,,,,,,2026-04-18 22:26:47.
0,40/44,41/47,Contraction_l_Ailk_Bjlk_Cijk_Dijk,"(512,4096,1,4096)",Cijk_Ailk_Bjlk_F8F8S_BH_GB_MT64x64x32_MI16x16x16x1_SN_GLVWA16_GLVWB16_GRVW16_K1_SS1_SVW1_WSGRA1_WSGRB0,NO_CHECK,215.482,79727.6,,1,16,32,1,1,1,1,270532608,2097152,,,,,,,,,,2026-04-18 22:26:47.
0,40/44,42/47,Contraction_l_Ailk_Bjlk_Cijk_Dijk,"(512,4096,1,4096)",Cijk_Ailk_Bjlk_F8F8S_BH_GB_MT64x64x32_MI16x16x16x1_SN_GLVWA4_GLVWB4_GRVW4_K1_SS1_SVW1_WSGRA0_WSGRB1,NO_CHECK,217.642,78936.4,,1,16,32,1,1,1,1,270532608,2097152,,,,,,,,,,2026-04-18 22:26:47.
0,40/44,43/47,Contraction_l_Ailk_Bjlk_Cijk_Dijk,"(512,4096,1,4096)",Cijk_Ailk_Bjlk_F8F8S_BH_GB_MT64x64x32_MI16x16x16x1_SN_GLVWA8_GLVWB8_GRVW8_K1_SS1_SVW1_WSGRA0_WSGRB1,NO_CHECK,216.162,79476.8,,1,16,32,1,1,1,1,270532608,2097152,,,,,,,,,,2026-04-18 22:26:47.
0,40/44,44/47,Contraction_l_Ailk_Bjlk_Cijk_Dijk,"(512,4096,1,4096)",Cijk_Ailk_Bjlk_F8F8S_BH_GB_MT64x64x32_MI16x16x16x1_SN_GLVWA16_GLVWB16_GRVW16_K1_SS1_SVW1_WSGRA0_WSGRB1,NO_CHECK,213.802,80354.1,,1,16,32,1,1,1,1,270532608,2097152,,,,,,,,,,2026-04-18 22:26:47.
0,40/44,45/47,Contraction_l_Ailk_Bjlk_Cijk_Dijk,"(512,4096,1,4096)",Cijk_Ailk_Bjlk_F8F8S_BH_GB_MT64x64x32_MI16x16x16x1_SN_GLVWA4_GLVWB4_GRVW4_K1_SS1_SVW1_WSGRA1_WSGRB1,NO_CHECK,218.202,78733.8,,1,16,32,1,1,1,1,270532608,2097152,,,,,,,,,,2026-04-18 22:26:47.
0,40/44,46/47,Contraction_l_Ailk_Bjlk_Cijk_Dijk,"(512,4096,1,4096)",Cijk_Ailk_Bjlk_F8F8S_BH_GB_MT64x64x32_MI16x16x16x1_SN_GLVWA8_GLVWB8_GRVW8_K1_SS1_SVW1_WSGRA1_WSGRB1,NO_CHECK,215.842,79594.7,,1,16,32,1,1,1,1,270532608,2097152,,,,,,,,,,2026-04-18 22:26:47.
0,40/44,47/47,Contraction_l_Ailk_Bjlk_Cijk_Dijk,"(512,4096,1,4096)",Cijk_Ailk_Bjlk_F8F8S_BH_GB_MT64x64x32_MI16x16x16x1_SN_GLVWA16_GLVWB16_GRVW16_K1_SS1_SVW1_WSGRA1_WSGRB1,NO_CHECK,395.683,43418.3,,1,16,32,1,1,1,1,270532608,2097152,,,,,,,,,,2026-04-18 22:26:47.
0,41/44,0/47,Contraction_l_Ailk_Bjlk_Cijk_Dijk,"(512,4096,1,8192)",Cijk_Ailk_Bjlk_F8F8S_BH_GB_MT64x64x16_MI16x16x16x1_SN_GLVWA4_GLVWB4_GRVW4_K1_SS0_SVW4_WSGRA0_WSGRB0,NO_CHECK,451.524,76097.3,,1,16,32,1,1,1,1,538968064,2097152,,,,,,,,,,2026-04-18 22:26:47.
0,41/44,1/47,Contraction_l_Ailk_Bjlk_Cijk_Dijk,"(512,4096,1,8192)",Cijk_Ailk_Bjlk_F8F8S_BH_GB_MT64x64x16_MI16x16x16x1_SN_GLVWA8_GLVWB8_GRVW8_K1_SS0_SVW4_WSGRA0_WSGRB0,NO_CHECK,422.923,81243.5,,1,16,32,1,1,1,1,538968064,2097152,,,,,,,,,,2026-04-18 22:26:47.
0,41/44,2/47,Contraction_l_Ailk_Bjlk_Cijk_Dijk,"(512,4096,1,8192)",Cijk_Ailk_Bjlk_F8F8S_BH_GB_MT64x64x16_MI16x16x16x1_SN_GLVWA16_GLVWB16_GRVW16_K1_SS0_SVW4_WSGRA0_WSGRB0,NO_CHECK,434.283,79118.3,,1,16,32,1,1,1,1,538968064,2097152,,,,,,,,,,2026-04-18 22:26:47.
0,41/44,3/47,Contraction_l_Ailk_Bjlk_Cijk_Dijk,"(512,4096,1,8192)",Cijk_Ailk_Bjlk_F8F8S_BH_GB_MT64x64x16_MI16x16x16x1_SN_GLVWA4_GLVWB4_GRVW4_K1_SS0_SVW4_WSGRA1_WSGRB0,NO_CHECK,430.524,79809.1,,1,16,32,1,1,1,1,538968064,2097152,,,,,,,,,,2026-04-18 22:26:47.
0,41/44,4/47,Contraction_l_Ailk_Bjlk_Cijk_Dijk,"(512,4096,1,8192)",Cijk_Ailk_Bjlk_F8F8S_BH_GB_MT64x64x16_MI16x16x16x1_SN_GLVWA8_GLVWB8_GRVW8_K1_SS0_SVW4_WSGRA1_WSGRB0,NO_CHECK,426.243,80610.7,,1,16,32,1,1,1,1,538968064,2097152,,,,,,,,,,2026-04-18 22:26:47.
0,41/44,5/47,Contraction_l_Ailk_Bjlk_Cijk_Dijk,"(512,4096,1,8192)",Cijk_Ailk_Bjlk_F8F8S_BH_GB_MT64x64x16_MI16x16x16x1_SN_GLVWA16_GLVWB16_GRVW16_K1_SS0_SVW4_WSGRA1_WSGRB0,NO_CHECK,430.724,79772.1,,1,16,32,1,1,1,1,538968064,2097152,,,,,,,,,,2026-04-18 22:26:47.
0,41/44,6/47,Contraction_l_Ailk_Bjlk_Cijk_Dijk,"(512,4096,1,8192)",Cijk_Ailk_Bjlk_F8F8S_BH_GB_MT64x64x16_MI16x16x16x1_SN_GLVWA4_GLVWB4_GRVW4_K1_SS0_SVW4_WSGRA0_WSGRB1,NO_CHECK,433.123,79330.2,,1,16,32,1,1,1,1,538968064,2097152,,,,,,,,,,2026-04-18 22:26:47.
0,41/44,7/47,Contraction_l_Ailk_Bjlk_Cijk_Dijk,"(512,4096,1,8192)",Cijk_Ailk_Bjlk_F8F8S_BH_GB_MT64x64x16_MI16x16x16x1_SN_GLVWA8_GLVWB8_GRVW8_K1_SS0_SVW4_WSGRA0_WSGRB1,NO_CHECK,430.603,79794.5,,1,16,32,1,1,1,1,538968064,2097152,,,,,,,,,,2026-04-18 22:26:47.
0,41/44,8/47,Contraction_l_Ailk_Bjlk_Cijk_Dijk,"(512,4096,1,8192)",Cijk_Ailk_Bjlk_F8F8S_BH_GB_MT64x64x16_MI16x16x16x1_SN_GLVWA16_GLVWB16_GRVW16_K1_SS0_SVW4_WSGRA0_WSGRB1,NO_CHECK,427.204,80429.3,,1,16,32,1,1,1,1,538968064,2097152,,,,,,,,,,2026-04-18 22:26:47.
0,41/44,9/47,Contraction_l_Ailk_Bjlk_Cijk_Dijk,"(512,4096,1,8192)",Cijk_Ailk_Bjlk_F8F8S_BH_GB_MT64x64x16_MI16x16x16x1_SN_GLVWA4_GLVWB4_GRVW4_K1_SS0_SVW4_WSGRA1_WSGRB1,NO_CHECK,425.283,80792.6,,1,16,32,1,1,1,1,538968064,2097152,,,,,,,,,,2026-04-18 22:26:47.
0,41/44,10/47,Contraction_l_Ailk_Bjlk_Cijk_Dijk,"(512,4096,1,8192)",Cijk_Ailk_Bjlk_F8F8S_BH_GB_MT64x64x16_MI16x16x16x1_SN_GLVWA8_GLVWB8_GRVW8_K1_SS0_SVW4_WSGRA1_WSGRB1,NO_CHECK,422.484,81327.9,,1,16,32,1,1,1,1,538968064,2097152,,,,,,,,,,2026-04-18 22:26:47.
0,41/44,11/47,Contraction_l_Ailk_Bjlk_Cijk_Dijk,"(512,4096,1,8192)",Cijk_Ailk_Bjlk_F8F8S_BH_GB_MT64x64x16_MI16x16x16x1_SN_GLVWA16_GLVWB16_GRVW16_K1_SS0_SVW4_WSGRA1_WSGRB1,NO_CHECK,425.883,80678.8,,1,16,32,1,1,1,1,538968064,2097152,,,,,,,,,,2026-04-18 22:26:47.
0,41/44,12/47,Contraction_l_Ailk_Bjlk_Cijk_Dijk,"(512,4096,1,8192)",Cijk_Ailk_Bjlk_F8F8S_BH_GB_MT64x64x32_MI16x16x16x1_SN_GLVWA4_GLVWB4_GRVW4_K1_SS0_SVW4_WSGRA0_WSGRB0,NO_CHECK,414.764,82841.7,,1,16,32,1,1,1,1,538968064,2097152,,,,,,,,,,2026-04-18 22:26:47.
0,41/44,13/47,Contraction_l_Ailk_Bjlk_Cijk_Dijk,"(512,4096,1,8192)",Cijk_Ailk_Bjlk_F8F8S_BH_GB_MT64x64x32_MI16x16x16x1_SN_GLVWA8_GLVWB8_GRVW8_K1_SS0_SVW4_WSGRA0_WSGRB0,NO_CHECK,589.484,58287.8,,1,16,32,1,1,1,1,538968064,2097152,,,,,,,,,,2026-04-18 22:26:47.
0,41/44,14/47,Contraction_l_Ailk_Bjlk_Cijk_Dijk,"(512,4096,1,8192)",Cijk_Ailk_Bjlk_F8F8S_BH_GB_MT64x64x32_MI16x16x16x1_SN_GLVWA16_GLVWB16_GRVW16_K1_SS0_SVW4_WSGRA0_WSGRB0,NO_CHECK,451.164,76158,,1,16,32,1,1,1,1,538968064,2097152,,,,,,,,,,2026-04-18 22:26:47.
0,41/44,15/47,Contraction_l_Ailk_Bjlk_Cijk_Dijk,"(512,4096,1,8192)",Cijk_Ailk_Bjlk_F8F8S_BH_GB_MT64x64x32_MI16x16x16x1_SN_GLVWA4_GLVWB4_GRVW4_K1_SS0_SVW4_WSGRA1_WSGRB0,NO_CHECK,419.163,81972.3,,1,16,32,1,1,1,1,538968064,2097152,,,,,,,,,,2026-04-18 22:26:47.
0,41/44,16/47,Contraction_l_Ailk_Bjlk_Cijk_Dijk,"(512,4096,1,8192)",Cijk_Ailk_Bjlk_F8F8S_BH_GB_MT64x64x32_MI16x16x16x1_SN_GLVWA8_GLVWB8_GRVW8_K1_SS0_SVW4_WSGRA1_WSGRB0,NO_CHECK,415.083,82778,,1,16,32,1,1,1,1,538968064,2097152,,,,,,,,,,2026-04-18 22:26:47.
0,41/44,17/47,Contraction_l_Ailk_Bjlk_Cijk_Dijk,"(512,4096,1,8192)",Cijk_Ailk_Bjlk_F8F8S_BH_GB_MT64x64x32_MI16x16x16x1_SN_GLVWA16_GLVWB16_GRVW16_K1_SS0_SVW4_WSGRA1_WSGRB0,NO_CHECK,415.643,82666.5,,1,16,32,1,1,1,1,538968064,2097152,,,,,,,,,,2026-04-18 22:26:47.
0,41/44,18/47,Contraction_l_Ailk_Bjlk_Cijk_Dijk,"(512,4096,1,8192)",Cijk_Ailk_Bjlk_F8F8S_BH_GB_MT64x64x32_MI16x16x16x1_SN_GLVWA4_GLVWB4_GRVW4_K1_SS0_SVW4_WSGRA0_WSGRB1,NO_CHECK,421.763,81466.9,,1,16,32,1,1,1,1,538968064,2097152,,,,,,,,,,2026-04-18 22:26:47.
0,41/44,19/47,Contraction_l_Ailk_Bjlk_Cijk_Dijk,"(512,4096,1,8192)",Cijk_Ailk_Bjlk_F8F8S_BH_GB_MT64x64x32_MI16x16x16x1_SN_GLVWA8_GLVWB8_GRVW8_K1_SS0_SVW4_WSGRA0_WSGRB1,NO_CHECK,427.803,80316.7,,1,16,32,1,1,1,1,538968064,2097152,,,,,,,,,,2026-04-18 22:26:47.
0,41/44,20/47,Contraction_l_Ailk_Bjlk_Cijk_Dijk,"(512,4096,1,8192)",Cijk_Ailk_Bjlk_F8F8S_BH_GB_MT64x64x32_MI16x16x16x1_SN_GLVWA16_GLVWB16_GRVW16_K1_SS0_SVW4_WSGRA0_WSGRB1,NO_CHECK,418.004,82199.5,,1,16,32,1,1,1,1,538968064,2097152,,,,,,,,,,2026-04-18 22:26:47.
0,41/44,21/47,Contraction_l_Ailk_Bjlk_Cijk_Dijk,"(512,4096,1,8192)",Cijk_Ailk_Bjlk_F8F8S_BH_GB_MT64x64x32_MI16x16x16x1_SN_GLVWA4_GLVWB4_GRVW4_K1_SS0_SVW4_WSGRA1_WSGRB1,NO_CHECK,419.523,81901.9,,1,16,32,1,1,1,1,538968064,2097152,,,,,,,,,,2026-04-18 22:26:47.
0,41/44,22/47,Contraction_l_Ailk_Bjlk_Cijk_Dijk,"(512,4096,1,8192)",Cijk_Ailk_Bjlk_F8F8S_BH_GB_MT64x64x32_MI16x16x16x1_SN_GLVWA8_GLVWB8_GRVW8_K1_SS0_SVW4_WSGRA1_WSGRB1,NO_CHECK,415.963,82602.9,,1,16,32,1,1,1,1,538968064,2097152,,,,,,,,,,2026-04-18 22:26:47.
0,41/44,23/47,Contraction_l_Ailk_Bjlk_Cijk_Dijk,"(512,4096,1,8192)",Cijk_Ailk_Bjlk_F8F8S_BH_GB_MT64x64x32_MI16x16x16x1_SN_GLVWA16_GLVWB16_GRVW16_K1_SS0_SVW4_WSGRA1_WSGRB1,NO_CHECK,413.123,83170.7,,1,16,32,1,1,1,1,538968064,2097152,,,,,,,,,,2026-04-18 22:26:47.
0,41/44,24/47,Contraction_l_Ailk_Bjlk_Cijk_Dijk,"(512,4096,1,8192)",Cijk_Ailk_Bjlk_F8F8S_BH_GB_MT64x64x16_MI16x16x16x1_SN_GLVWA4_GLVWB4_GRVW4_K1_SS1_SVW1_WSGRA0_WSGRB0,NO_CHECK,429.963,79913.2,,1,16,32,1,1,1,1,538968064,2097152,,,,,,,,,,2026-04-18 22:26:47.
0,41/44,25/47,Contraction_l_Ailk_Bjlk_Cijk_Dijk,"(512,4096,1,8192)",Cijk_Ailk_Bjlk_F8F8S_BH_GB_MT64x64x16_MI16x16x16x1_SN_GLVWA8_GLVWB8_GRVW8_K1_SS1_SVW1_WSGRA0_WSGRB0,NO_CHECK,426.363,80588,,1,16,32,1,1,1,1,538968064,2097152,,,,,,,,,,2026-04-18 22:26:47.
0,41/44,26/47,Contraction_l_Ailk_Bjlk_Cijk_Dijk,"(512,4096,1,8192)",Cijk_Ailk_Bjlk_F8F8S_BH_GB_MT64x64x16_MI16x16x16x1_SN_GLVWA16_GLVWB16_GRVW16_K1_SS1_SVW1_WSGRA0_WSGRB0,NO_CHECK,427.923,80294.2,,1,16,32,1,1,1,1,538968064,2097152,,,,,,,,,,2026-04-18 22:26:47.
0,41/44,27/47,Contraction_l_Ailk_Bjlk_Cijk_Dijk,"(512,4096,1,8192)",Cijk_Ailk_Bjlk_F8F8S_BH_GB_MT64x64x16_MI16x16x16x1_SN_GLVWA4_GLVWB4_GRVW4_K1_SS1_SVW1_WSGRA1_WSGRB0,NO_CHECK,618.965,55511.6,,1,16,32,1,1,1,1,538968064,2097152,,,,,,,,,,2026-04-18 22:26:47.
0,41/44,28/47,Contraction_l_Ailk_Bjlk_Cijk_Dijk,"(512,4096,1,8192)",Cijk_Ailk_Bjlk_F8F8S_BH_GB_MT64x64x16_MI16x16x16x1_SN_GLVWA8_GLVWB8_GRVW8_K1_SS1_SVW1_WSGRA1_WSGRB0,NO_CHECK,463.244,74172,,1,16,32,1,1,1,1,538968064,2097152,,,,,,,,,,2026-04-18 22:26:47.
0,41/44,29/47,Contraction_l_Ailk_Bjlk_Cijk_Dijk,"(512,4096,1,8192)",Cijk_Ailk_Bjlk_F8F8S_BH_GB_MT64x64x16_MI16x16x16x1_SN_GLVWA16_GLVWB16_GRVW16_K1_SS1_SVW1_WSGRA1_WSGRB0,NO_CHECK,423.843,81067.1,,1,16,32,1,1,1,1,538968064,2097152,,,,,,,,,,2026-04-18 22:26:47.
0,41/44,30/47,Contraction_l_Ailk_Bjlk_Cijk_Dijk,"(512,4096,1,8192)",Cijk_Ailk_Bjlk_F8F8S_BH_GB_MT64x64x16_MI16x16x16x1_SN_GLVWA4_GLVWB4_GRVW4_K1_SS1_SVW1_WSGRA0_WSGRB1,NO_CHECK,428.883,80114.5,,1,16,32,1,1,1,1,538968064,2097152,,,,,,,,,,2026-04-18 22:26:47.
0,41/44,31/47,Contraction_l_Ailk_Bjlk_Cijk_Dijk,"(512,4096,1,8192)",Cijk_Ailk_Bjlk_F8F8S_BH_GB_MT64x64x16_MI16x16x16x1_SN_GLVWA8_GLVWB8_GRVW8_K1_SS1_SVW1_WSGRA0_WSGRB1,NO_CHECK,425.443,80762.3,,1,16,32,1,1,1,1,538968064,2097152,,,,,,,,,,2026-04-18 22:26:47.
0,41/44,32/47,Contraction_l_Ailk_Bjlk_Cijk_Dijk,"(512,4096,1,8192)",Cijk_Ailk_Bjlk_F8F8S_BH_GB_MT64x64x16_MI16x16x16x1_SN_GLVWA16_GLVWB16_GRVW16_K1_SS1_SVW1_WSGRA0_WSGRB1,NO_CHECK,433.443,79271.6,,1,16,32,1,1,1,1,538968064,2097152,,,,,,,,,,2026-04-18 22:26:47.
0,41/44,33/47,Contraction_l_Ailk_Bjlk_Cijk_Dijk,"(512,4096,1,8192)",Cijk_Ailk_Bjlk_F8F8S_BH_GB_MT64x64x16_MI16x16x16x1_SN_GLVWA4_GLVWB4_GRVW4_K1_SS1_SVW1_WSGRA1_WSGRB1,NO_CHECK,429.003,80092.1,,1,16,32,1,1,1,1,538968064,2097152,,,,,,,,,,2026-04-18 22:26:47.
0,41/44,34/47,Contraction_l_Ailk_Bjlk_Cijk_Dijk,"(512,4096,1,8192)",Cijk_Ailk_Bjlk_F8F8S_BH_GB_MT64x64x16_MI16x16x16x1_SN_GLVWA8_GLVWB8_GRVW8_K1_SS1_SVW1_WSGRA1_WSGRB1,NO_CHECK,434.883,79009.2,,1,16,32,1,1,1,1,538968064,2097152,,,,,,,,,,2026-04-18 22:26:47.
0,41/44,35/47,Contraction_l_Ailk_Bjlk_Cijk_Dijk,"(512,4096,1,8192)",Cijk_Ailk_Bjlk_F8F8S_BH_GB_MT64x64x16_MI16x16x16x1_SN_GLVWA16_GLVWB16_GRVW16_K1_SS1_SVW1_WSGRA1_WSGRB1,NO_CHECK,430.684,79779.5,,1,16,32,1,1,1,1,538968064,2097152,,,,,,,,,,2026-04-18 22:26:47.
0,41/44,36/47,Contraction_l_Ailk_Bjlk_Cijk_Dijk,"(512,4096,1,8192)",Cijk_Ailk_Bjlk_F8F8S_BH_GB_MT64x64x32_MI16x16x16x1_SN_GLVWA4_GLVWB4_GRVW4_K1_SS1_SVW1_WSGRA0_WSGRB0,NO_CHECK,423.203,81189.7,,1,16,32,1,1,1,1,538968064,2097152,,,,,,,,,,2026-04-18 22:26:47.
0,41/44,37/47,Contraction_l_Ailk_Bjlk_Cijk_Dijk,"(512,4096,1,8192)",Cijk_Ailk_Bjlk_F8F8S_BH_GB_MT64x64x32_MI16x16x16x1_SN_GLVWA8_GLVWB8_GRVW8_K1_SS1_SVW1_WSGRA0_WSGRB0,NO_CHECK,424.083,81021.3,,1,16,32,1,1,1,1,538968064,2097152,,,,,,,,,,2026-04-18 22:26:47.
0,41/44,38/47,Contraction_l_Ailk_Bjlk_Cijk_Dijk,"(512,4096,1,8192)",Cijk_Ailk_Bjlk_F8F8S_BH_GB_MT64x64x32_MI16x16x16x1_SN_GLVWA16_GLVWB16_GRVW16_K1_SS1_SVW1_WSGRA0_WSGRB0,NO_CHECK,417.243,82349.5,,1,16,32,1,1,1,1,538968064,2097152,,,,,,,,,,2026-04-18 22:26:47.
0,41/44,39/47,Contraction_l_Ailk_Bjlk_Cijk_Dijk,"(512,4096,1,8192)",Cijk_Ailk_Bjlk_F8F8S_BH_GB_MT64x64x32_MI16x16x16x1_SN_GLVWA4_GLVWB4_GRVW4_K1_SS1_SVW1_WSGRA1_WSGRB0,NO_CHECK,426.164,80625.6,,1,16,32,1,1,1,1,538968064,2097152,,,,,,,,,,2026-04-18 22:26:47.
0,41/44,40/47,Contraction_l_Ailk_Bjlk_Cijk_Dijk,"(512,4096,1,8192)",Cijk_Ailk_Bjlk_F8F8S_BH_GB_MT64x64x32_MI16x16x16x1_SN_GLVWA8_GLVWB8_GRVW8_K1_SS1_SVW1_WSGRA1_WSGRB0,NO_CHECK,420.763,81660.6,,1,16,32,1,1,1,1,538968064,2097152,,,,,,,,,,2026-04-18 22:26:47.
0,41/44,41/47,Contraction_l_Ailk_Bjlk_Cijk_Dijk,"(512,4096,1,8192)",Cijk_Ailk_Bjlk_F8F8S_BH_GB_MT64x64x32_MI16x16x16x1_SN_GLVWA16_GLVWB16_GRVW16_K1_SS1_SVW1_WSGRA1_WSGRB0,NO_CHECK,605.405,56755,,1,16,32,1,1,1,1,538968064,2097152,,,,,,,,,,2026-04-18 22:26:47.
0,41/44,42/47,Contraction_l_Ailk_Bjlk_Cijk_Dijk,"(512,4096,1,8192)",Cijk_Ailk_Bjlk_F8F8S_BH_GB_MT64x64x32_MI16x16x16x1_SN_GLVWA4_GLVWB4_GRVW4_K1_SS1_SVW1_WSGRA0_WSGRB1,NO_CHECK,451.723,76063.7,,1,16,32,1,1,1,1,538968064,2097152,,,,,,,,,,2026-04-18 22:26:47.
0,41/44,43/47,Contraction_l_Ailk_Bjlk_Cijk_Dijk,"(512,4096,1,8192)",Cijk_Ailk_Bjlk_F8F8S_BH_GB_MT64x64x32_MI16x16x16x1_SN_GLVWA8_GLVWB8_GRVW8_K1_SS1_SVW1_WSGRA0_WSGRB1,NO_CHECK,428.323,80219.2,,1,16,32,1,1,1,1,538968064,2097152,,,,,,,,,,2026-04-18 22:26:47.
0,41/44,44/47,Contraction_l_Ailk_Bjlk_Cijk_Dijk,"(512,4096,1,8192)",Cijk_Ailk_Bjlk_F8F8S_BH_GB_MT64x64x32_MI16x16x16x1_SN_GLVWA16_GLVWB16_GRVW16_K1_SS1_SVW1_WSGRA0_WSGRB1,NO_CHECK,412.803,83235.2,,1,16,32,1,1,1,1,538968064,2097152,,,,,,,,,,2026-04-18 22:26:47.
0,41/44,45/47,Contraction_l_Ailk_Bjlk_Cijk_Dijk,"(512,4096,1,8192)",Cijk_Ailk_Bjlk_F8F8S_BH_GB_MT64x64x32_MI16x16x16x1_SN_GLVWA4_GLVWB4_GRVW4_K1_SS1_SVW1_WSGRA1_WSGRB1,NO_CHECK,420.843,81645,,1,16,32,1,1,1,1,538968064,2097152,,,,,,,,,,2026-04-18 22:26:47.
0,41/44,46/47,Contraction_l_Ailk_Bjlk_Cijk_Dijk,"(512,4096,1,8192)",Cijk_Ailk_Bjlk_F8F8S_BH_GB_MT64x64x32_MI16x16x16x1_SN_GLVWA8_GLVWB8_GRVW8_K1_SS1_SVW1_WSGRA1_WSGRB1,NO_CHECK,418.443,82113.3,,1,16,32,1,1,1,1,538968064,2097152,,,,,,,,,,2026-04-18 22:26:47.
0,41/44,47/47,Contraction_l_Ailk_Bjlk_Cijk_Dijk,"(512,4096,1,8192)",Cijk_Ailk_Bjlk_F8F8S_BH_GB_MT64x64x32_MI16x16x16x1_SN_GLVWA16_GLVWB16_GRVW16_K1_SS1_SVW1_WSGRA1_WSGRB1,NO_CHECK,413.363,83122.4,,1,16,32,1,1,1,1,538968064,2097152,,,,,,,,,,2026-04-18 22:26:47.
0,42/44,0/47,Contraction_l_Ailk_Bjlk_Cijk_Dijk,"(512,8192,1,1024)",Cijk_Ailk_Bjlk_F8F8S_BH_GB_MT64x64x16_MI16x16x16x1_SN_GLVWA4_GLVWB4_GRVW4_K1_SS0_SVW4_WSGRA0_WSGRB0,NO_CHECK,99.041,86731.1,,1,32,32,1,1,1,1,138412032,4194304,,,,,,,,,,2026-04-18 22:26:47.
0,42/44,1/47,Contraction_l_Ailk_Bjlk_Cijk_Dijk,"(512,8192,1,1024)",Cijk_Ailk_Bjlk_F8F8S_BH_GB_MT64x64x16_MI16x16x16x1_SN_GLVWA8_GLVWB8_GRVW8_K1_SS0_SVW4_WSGRA0_WSGRB0,NO_CHECK,112.001,76695.2,,1,32,32,1,1,1,1,138412032,4194304,,,,,,,,,,2026-04-18 22:26:47.
0,42/44,2/47,Contraction_l_Ailk_Bjlk_Cijk_Dijk,"(512,8192,1,1024)",Cijk_Ailk_Bjlk_F8F8S_BH_GB_MT64x64x16_MI16x16x16x1_SN_GLVWA16_GLVWB16_GRVW16_K1_SS0_SVW4_WSGRA0_WSGRB0,NO_CHECK,110.481,77750.3,,1,32,32,1,1,1,1,138412032,4194304,,,,,,,,,,2026-04-18 22:26:47.
0,42/44,3/47,Contraction_l_Ailk_Bjlk_Cijk_Dijk,"(512,8192,1,1024)",Cijk_Ailk_Bjlk_F8F8S_BH_GB_MT64x64x16_MI16x16x16x1_SN_GLVWA4_GLVWB4_GRVW4_K1_SS0_SVW4_WSGRA1_WSGRB0,NO_CHECK,110.081,78032.9,,1,32,32,1,1,1,1,138412032,4194304,,,,,,,,,,2026-04-18 22:26:47.
0,42/44,4/47,Contraction_l_Ailk_Bjlk_Cijk_Dijk,"(512,8192,1,1024)",Cijk_Ailk_Bjlk_F8F8S_BH_GB_MT64x64x16_MI16x16x16x1_SN_GLVWA8_GLVWB8_GRVW8_K1_SS0_SVW4_WSGRA1_WSGRB0,NO_CHECK,110.961,77414,,1,32,32,1,1,1,1,138412032,4194304,,,,,,,,,,2026-04-18 22:26:47.
0,42/44,5/47,Contraction_l_Ailk_Bjlk_Cijk_Dijk,"(512,8192,1,1024)",Cijk_Ailk_Bjlk_F8F8S_BH_GB_MT64x64x16_MI16x16x16x1_SN_GLVWA16_GLVWB16_GRVW16_K1_SS0_SVW4_WSGRA1_WSGRB0,NO_CHECK,100.281,85658.6,,1,32,32,1,1,1,1,138412032,4194304,,,,,,,,,,2026-04-18 22:26:47.
0,42/44,6/47,Contraction_l_Ailk_Bjlk_Cijk_Dijk,"(512,8192,1,1024)",Cijk_Ailk_Bjlk_F8F8S_BH_GB_MT64x64x16_MI16x16x16x1_SN_GLVWA4_GLVWB4_GRVW4_K1_SS0_SVW4_WSGRA0_WSGRB1,NO_CHECK,101.721,84446,,1,32,32,1,1,1,1,138412032,4194304,,,,,,,,,,2026-04-18 22:26:47.
0,42/44,7/47,Contraction_l_Ailk_Bjlk_Cijk_Dijk,"(512,8192,1,1024)",Cijk_Ailk_Bjlk_F8F8S_BH_GB_MT64x64x16_MI16x16x16x1_SN_GLVWA8_GLVWB8_GRVW8_K1_SS0_SVW4_WSGRA0_WSGRB1,NO_CHECK,110.041,78061.2,,1,32,32,1,1,1,1,138412032,4194304,,,,,,,,,,2026-04-18 22:26:47.
0,42/44,8/47,Contraction_l_Ailk_Bjlk_Cijk_Dijk,"(512,8192,1,1024)",Cijk_Ailk_Bjlk_F8F8S_BH_GB_MT64x64x16_MI16x16x16x1_SN_GLVWA16_GLVWB16_GRVW16_K1_SS0_SVW4_WSGRA0_WSGRB1,NO_CHECK,113.281,75828.6,,1,32,32,1,1,1,1,138412032,4194304,,,,,,,,,,2026-04-18 22:26:47.
0,42/44,9/47,Contraction_l_Ailk_Bjlk_Cijk_Dijk,"(512,8192,1,1024)",Cijk_Ailk_Bjlk_F8F8S_BH_GB_MT64x64x16_MI16x16x16x1_SN_GLVWA4_GLVWB4_GRVW4_K1_SS0_SVW4_WSGRA1_WSGRB1,NO_CHECK,112.441,76395,,1,32,32,1,1,1,1,138412032,4194304,,,,,,,,,,2026-04-18 22:26:47.
0,42/44,10/47,Contraction_l_Ailk_Bjlk_Cijk_Dijk,"(512,8192,1,1024)",Cijk_Ailk_Bjlk_F8F8S_BH_GB_MT64x64x16_MI16x16x16x1_SN_GLVWA8_GLVWB8_GRVW8_K1_SS0_SVW4_WSGRA1_WSGRB1,NO_CHECK,113.161,75909,,1,32,32,1,1,1,1,138412032,4194304,,,,,,,,,,2026-04-18 22:26:47.
0,42/44,11/47,Contraction_l_Ailk_Bjlk_Cijk_Dijk,"(512,8192,1,1024)",Cijk_Ailk_Bjlk_F8F8S_BH_GB_MT64x64x16_MI16x16x16x1_SN_GLVWA16_GLVWB16_GRVW16_K1_SS0_SVW4_WSGRA1_WSGRB1,NO_CHECK,111.28,77192.1,,1,32,32,1,1,1,1,138412032,4194304,,,,,,,,,,2026-04-18 22:26:47.
0,42/44,12/47,Contraction_l_Ailk_Bjlk_Cijk_Dijk,"(512,8192,1,1024)",Cijk_Ailk_Bjlk_F8F8S_BH_GB_MT64x64x32_MI16x16x16x1_SN_GLVWA4_GLVWB4_GRVW4_K1_SS0_SVW4_WSGRA0_WSGRB0,NO_CHECK,112.16,76586.4,,1,32,32,1,1,1,1,138412032,4194304,,,,,,,,,,2026-04-18 22:26:47.
0,42/44,13/47,Contraction_l_Ailk_Bjlk_Cijk_Dijk,"(512,8192,1,1024)",Cijk_Ailk_Bjlk_F8F8S_BH_GB_MT64x64x32_MI16x16x16x1_SN_GLVWA8_GLVWB8_GRVW8_K1_SS0_SVW4_WSGRA0_WSGRB0,NO_CHECK,147.601,58197,,1,32,32,1,1,1,1,138412032,4194304,,,,,,,,,,2026-04-18 22:26:47.
0,42/44,14/47,Contraction_l_Ailk_Bjlk_Cijk_Dijk,"(512,8192,1,1024)",Cijk_Ailk_Bjlk_F8F8S_BH_GB_MT64x64x32_MI16x16x16x1_SN_GLVWA16_GLVWB16_GRVW16_K1_SS0_SVW4_WSGRA0_WSGRB0,NO_CHECK,111.601,76970,,1,32,32,1,1,1,1,138412032,4194304,,,,,,,,,,2026-04-18 22:26:47.
0,42/44,15/47,Contraction_l_Ailk_Bjlk_Cijk_Dijk,"(512,8192,1,1024)",Cijk_Ailk_Bjlk_F8F8S_BH_GB_MT64x64x32_MI16x16x16x1_SN_GLVWA4_GLVWB4_GRVW4_K1_SS0_SVW4_WSGRA1_WSGRB0,NO_CHECK,259.722,33073.6,,1,32,32,1,1,1,1,138412032,4194304,,,,,,,,,,2026-04-18 22:26:47.
0,42/44,16/47,Contraction_l_Ailk_Bjlk_Cijk_Dijk,"(512,8192,1,1024)",Cijk_Ailk_Bjlk_F8F8S_BH_GB_MT64x64x32_MI16x16x16x1_SN_GLVWA8_GLVWB8_GRVW8_K1_SS0_SVW4_WSGRA1_WSGRB0,NO_CHECK,113.641,75588.3,,1,32,32,1,1,1,1,138412032,4194304,,,,,,,,,,2026-04-18 22:26:47.
0,42/44,17/47,Contraction_l_Ailk_Bjlk_Cijk_Dijk,"(512,8192,1,1024)",Cijk_Ailk_Bjlk_F8F8S_BH_GB_MT64x64x32_MI16x16x16x1_SN_GLVWA16_GLVWB16_GRVW16_K1_SS0_SVW4_WSGRA1_WSGRB0,NO_CHECK,119.361,71966,,1,32,32,1,1,1,1,138412032,4194304,,,,,,,,,,2026-04-18 22:26:47.
0,42/44,18/47,Contraction_l_Ailk_Bjlk_Cijk_Dijk,"(512,8192,1,1024)",Cijk_Ailk_Bjlk_F8F8S_BH_GB_MT64x64x32_MI16x16x16x1_SN_GLVWA4_GLVWB4_GRVW4_K1_SS0_SVW4_WSGRA0_WSGRB1,NO_CHECK,103.281,83170.5,,1,32,32,1,1,1,1,138412032,4194304,,,,,,,,,,2026-04-18 22:26:47.
0,42/44,19/47,Contraction_l_Ailk_Bjlk_Cijk_Dijk,"(512,8192,1,1024)",Cijk_Ailk_Bjlk_F8F8S_BH_GB_MT64x64x32_MI16x16x16x1_SN_GLVWA8_GLVWB8_GRVW8_K1_SS0_SVW4_WSGRA0_WSGRB1,NO_CHECK,110.681,77609.8,,1,32,32,1,1,1,1,138412032,4194304,,,,,,,,,,2026-04-18 22:26:47.
0,42/44,20/47,Contraction_l_Ailk_Bjlk_Cijk_Dijk,"(512,8192,1,1024)",Cijk_Ailk_Bjlk_F8F8S_BH_GB_MT64x64x32_MI16x16x16x1_SN_GLVWA16_GLVWB16_GRVW16_K1_SS0_SVW4_WSGRA0_WSGRB1,NO_CHECK,108.361,79271.5,,1,32,32,1,1,1,1,138412032,4194304,,,,,,,,,,2026-04-18 22:26:47.
0,42/44,21/47,Contraction_l_Ailk_Bjlk_Cijk_Dijk,"(512,8192,1,1024)",Cijk_Ailk_Bjlk_F8F8S_BH_GB_MT64x64x32_MI16x16x16x1_SN_GLVWA4_GLVWB4_GRVW4_K1_SS0_SVW4_WSGRA1_WSGRB1,NO_CHECK,100.961,85081.7,,1,32,32,1,1,1,1,138412032,4194304,,,,,,,,,,2026-04-18 22:26:47.
0,42/44,22/47,Contraction_l_Ailk_Bjlk_Cijk_Dijk,"(512,8192,1,1024)",Cijk_Ailk_Bjlk_F8F8S_BH_GB_MT64x64x32_MI16x16x16x1_SN_GLVWA8_GLVWB8_GRVW8_K1_SS0_SVW4_WSGRA1_WSGRB1,NO_CHECK,100.761,85250.6,,1,32,32,1,1,1,1,138412032,4194304,,,,,,,,,,2026-04-18 22:26:47.
0,42/44,23/47,Contraction_l_Ailk_Bjlk_Cijk_Dijk,"(512,8192,1,1024)",Cijk_Ailk_Bjlk_F8F8S_BH_GB_MT64x64x32_MI16x16x16x1_SN_GLVWA16_GLVWB16_GRVW16_K1_SS0_SVW4_WSGRA1_WSGRB1,NO_CHECK,112.281,76503.9,,1,32,32,1,1,1,1,138412032,4194304,,,,,,,,,,2026-04-18 22:26:47.
0,42/44,24/47,Contraction_l_Ailk_Bjlk_Cijk_Dijk,"(512,8192,1,1024)",Cijk_Ailk_Bjlk_F8F8S_BH_GB_MT64x64x16_MI16x16x16x1_SN_GLVWA4_GLVWB4_GRVW4_K1_SS1_SVW1_WSGRA0_WSGRB0,NO_CHECK,97.361,88227.7,,1,32,32,1,1,1,1,138412032,4194304,,,,,,,,,,2026-04-18 22:26:47.
0,42/44,25/47,Contraction_l_Ailk_Bjlk_Cijk_Dijk,"(512,8192,1,1024)",Cijk_Ailk_Bjlk_F8F8S_BH_GB_MT64x64x16_MI16x16x16x1_SN_GLVWA8_GLVWB8_GRVW8_K1_SS1_SVW1_WSGRA0_WSGRB0,NO_CHECK,111.481,77052.9,,1,32,32,1,1,1,1,138412032,4194304,,,,,,,,,,2026-04-18 22:26:47.
0,42/44,26/47,Contraction_l_Ailk_Bjlk_Cijk_Dijk,"(512,8192,1,1024)",Cijk_Ailk_Bjlk_F8F8S_BH_GB_MT64x64x16_MI16x16x16x1_SN_GLVWA16_GLVWB16_GRVW16_K1_SS1_SVW1_WSGRA0_WSGRB0,NO_CHECK,112.681,76232.3,,1,32,32,1,1,1,1,138412032,4194304,,,,,,,,,,2026-04-18 22:26:47.
0,42/44,27/47,Contraction_l_Ailk_Bjlk_Cijk_Dijk,"(512,8192,1,1024)",Cijk_Ailk_Bjlk_F8F8S_BH_GB_MT64x64x16_MI16x16x16x1_SN_GLVWA4_GLVWB4_GRVW4_K1_SS1_SVW1_WSGRA1_WSGRB0,NO_CHECK,111.081,77330.4,,1,32,32,1,1,1,1,138412032,4194304,,,,,,,,,,2026-04-18 22:26:47.
0,42/44,28/47,Contraction_l_Ailk_Bjlk_Cijk_Dijk,"(512,8192,1,1024)",Cijk_Ailk_Bjlk_F8F8S_BH_GB_MT64x64x16_MI16x16x16x1_SN_GLVWA8_GLVWB8_GRVW8_K1_SS1_SVW1_WSGRA1_WSGRB0,NO_CHECK,111.441,77080.6,,1,32,32,1,1,1,1,138412032,4194304,,,,,,,,,,2026-04-18 22:26:47.
0,42/44,29/47,Contraction_l_Ailk_Bjlk_Cijk_Dijk,"(512,8192,1,1024)",Cijk_Ailk_Bjlk_F8F8S_BH_GB_MT64x64x16_MI16x16x16x1_SN_GLVWA16_GLVWB16_GRVW16_K1_SS1_SVW1_WSGRA1_WSGRB0,NO_CHECK,107.921,79594.7,,1,32,32,1,1,1,1,138412032,4194304,,,,,,,,,,2026-04-18 22:26:47.
0,42/44,30/47,Contraction_l_Ailk_Bjlk_Cijk_Dijk,"(512,8192,1,1024)",Cijk_Ailk_Bjlk_F8F8S_BH_GB_MT64x64x16_MI16x16x16x1_SN_GLVWA4_GLVWB4_GRVW4_K1_SS1_SVW1_WSGRA0_WSGRB1,NO_CHECK,112.76,76178.9,,1,32,32,1,1,1,1,138412032,4194304,,,,,,,,,,2026-04-18 22:26:47.
0,42/44,31/47,Contraction_l_Ailk_Bjlk_Cijk_Dijk,"(512,8192,1,1024)",Cijk_Ailk_Bjlk_F8F8S_BH_GB_MT64x64x16_MI16x16x16x1_SN_GLVWA8_GLVWB8_GRVW8_K1_SS1_SVW1_WSGRA0_WSGRB1,NO_CHECK,112.321,76476.7,,1,32,32,1,1,1,1,138412032,4194304,,,,,,,,,,2026-04-18 22:26:47.
0,42/44,32/47,Contraction_l_Ailk_Bjlk_Cijk_Dijk,"(512,8192,1,1024)",Cijk_Ailk_Bjlk_F8F8S_BH_GB_MT64x64x16_MI16x16x16x1_SN_GLVWA16_GLVWB16_GRVW16_K1_SS1_SVW1_WSGRA0_WSGRB1,NO_CHECK,108.561,79125.4,,1,32,32,1,1,1,1,138412032,4194304,,,,,,,,,,2026-04-18 22:26:47.
0,42/44,33/47,Contraction_l_Ailk_Bjlk_Cijk_Dijk,"(512,8192,1,1024)",Cijk_Ailk_Bjlk_F8F8S_BH_GB_MT64x64x16_MI16x16x16x1_SN_GLVWA4_GLVWB4_GRVW4_K1_SS1_SVW1_WSGRA1_WSGRB1,NO_CHECK,111.921,76750,,1,32,32,1,1,1,1,138412032,4194304,,,,,,,,,,2026-04-18 22:26:47.
0,42/44,34/47,Contraction_l_Ailk_Bjlk_Cijk_Dijk,"(512,8192,1,1024)",Cijk_Ailk_Bjlk_F8F8S_BH_GB_MT64x64x16_MI16x16x16x1_SN_GLVWA8_GLVWB8_GRVW8_K1_SS1_SVW1_WSGRA1_WSGRB1,NO_CHECK,111.4,77108.9,,1,32,32,1,1,1,1,138412032,4194304,,,,,,,,,,2026-04-18 22:26:47.
0,42/44,35/47,Contraction_l_Ailk_Bjlk_Cijk_Dijk,"(512,8192,1,1024)",Cijk_Ailk_Bjlk_F8F8S_BH_GB_MT64x64x16_MI16x16x16x1_SN_GLVWA16_GLVWB16_GRVW16_K1_SS1_SVW1_WSGRA1_WSGRB1,NO_CHECK,111.2,77247.6,,1,32,32,1,1,1,1,138412032,4194304,,,,,,,,,,2026-04-18 22:26:47.
0,42/44,36/47,Contraction_l_Ailk_Bjlk_Cijk_Dijk,"(512,8192,1,1024)",Cijk_Ailk_Bjlk_F8F8S_BH_GB_MT64x64x32_MI16x16x16x1_SN_GLVWA4_GLVWB4_GRVW4_K1_SS1_SVW1_WSGRA0_WSGRB0,NO_CHECK,112.681,76232.3,,1,32,32,1,1,1,1,138412032,4194304,,,,,,,,,,2026-04-18 22:26:47.
0,42/44,37/47,Contraction_l_Ailk_Bjlk_Cijk_Dijk,"(512,8192,1,1024)",Cijk_Ailk_Bjlk_F8F8S_BH_GB_MT64x64x32_MI16x16x16x1_SN_GLVWA8_GLVWB8_GRVW8_K1_SS1_SVW1_WSGRA0_WSGRB0,NO_CHECK,110.441,77778.5,,1,32,32,1,1,1,1,138412032,4194304,,,,,,,,,,2026-04-18 22:26:47.
0,42/44,38/47,Contraction_l_Ailk_Bjlk_Cijk_Dijk,"(512,8192,1,1024)",Cijk_Ailk_Bjlk_F8F8S_BH_GB_MT64x64x32_MI16x16x16x1_SN_GLVWA16_GLVWB16_GRVW16_K1_SS1_SVW1_WSGRA0_WSGRB0,NO_CHECK,110.441,77778.5,,1,32,32,1,1,1,1,138412032,4194304,,,,,,,,,,2026-04-18 22:26:47.
0,42/44,39/47,Contraction_l_Ailk_Bjlk_Cijk_Dijk,"(512,8192,1,1024)",Cijk_Ailk_Bjlk_F8F8S_BH_GB_MT64x64x32_MI16x16x16x1_SN_GLVWA4_GLVWB4_GRVW4_K1_SS1_SVW1_WSGRA1_WSGRB0,NO_CHECK,101.201,84879.9,,1,32,32,1,1,1,1,138412032,4194304,,,,,,,,,,2026-04-18 22:26:47.
0,42/44,40/47,Contraction_l_Ailk_Bjlk_Cijk_Dijk,"(512,8192,1,1024)",Cijk_Ailk_Bjlk_F8F8S_BH_GB_MT64x64x32_MI16x16x16x1_SN_GLVWA8_GLVWB8_GRVW8_K1_SS1_SVW1_WSGRA1_WSGRB0,NO_CHECK,100.761,85250.6,,1,32,32,1,1,1,1,138412032,4194304,,,,,,,,,,2026-04-18 22:26:47.
0,42/44,41/47,Contraction_l_Ailk_Bjlk_Cijk_Dijk,"(512,8192,1,1024)",Cijk_Ailk_Bjlk_F8F8S_BH_GB_MT64x64x32_MI16x16x16x1_SN_GLVWA16_GLVWB16_GRVW16_K1_SS1_SVW1_WSGRA1_WSGRB0,NO_CHECK,112.321,76476.7,,1,32,32,1,1,1,1,138412032,4194304,,,,,,,,,,2026-04-18 22:26:47.
0,42/44,42/47,Contraction_l_Ailk_Bjlk_Cijk_Dijk,"(512,8192,1,1024)",Cijk_Ailk_Bjlk_F8F8S_BH_GB_MT64x64x32_MI16x16x16x1_SN_GLVWA4_GLVWB4_GRVW4_K1_SS1_SVW1_WSGRA0_WSGRB1,NO_CHECK,110.601,77666,,1,32,32,1,1,1,1,138412032,4194304,,,,,,,,,,2026-04-18 22:26:47.
0,42/44,43/47,Contraction_l_Ailk_Bjlk_Cijk_Dijk,"(512,8192,1,1024)",Cijk_Ailk_Bjlk_F8F8S_BH_GB_MT64x64x32_MI16x16x16x1_SN_GLVWA8_GLVWB8_GRVW8_K1_SS1_SVW1_WSGRA0_WSGRB1,NO_CHECK,109.321,78575.3,,1,32,32,1,1,1,1,138412032,4194304,,,,,,,,,,2026-04-18 22:26:47.
0,42/44,44/47,Contraction_l_Ailk_Bjlk_Cijk_Dijk,"(512,8192,1,1024)",Cijk_Ailk_Bjlk_F8F8S_BH_GB_MT64x64x32_MI16x16x16x1_SN_GLVWA16_GLVWB16_GRVW16_K1_SS1_SVW1_WSGRA0_WSGRB1,NO_CHECK,112.201,76558.5,,1,32,32,1,1,1,1,138412032,4194304,,,,,,,,,,2026-04-18 22:26:47.
0,42/44,45/47,Contraction_l_Ailk_Bjlk_Cijk_Dijk,"(512,8192,1,1024)",Cijk_Ailk_Bjlk_F8F8S_BH_GB_MT64x64x32_MI16x16x16x1_SN_GLVWA4_GLVWB4_GRVW4_K1_SS1_SVW1_WSGRA1_WSGRB1,NO_CHECK,112.16,76586.4,,1,32,32,1,1,1,1,138412032,4194304,,,,,,,,,,2026-04-18 22:26:47.
0,42/44,46/47,Contraction_l_Ailk_Bjlk_Cijk_Dijk,"(512,8192,1,1024)",Cijk_Ailk_Bjlk_F8F8S_BH_GB_MT64x64x32_MI16x16x16x1_SN_GLVWA8_GLVWB8_GRVW8_K1_SS1_SVW1_WSGRA1_WSGRB1,NO_CHECK,111.441,77080.6,,1,32,32,1,1,1,1,138412032,4194304,,,,,,,,,,2026-04-18 22:26:47.
0,42/44,47/47,Contraction_l_Ailk_Bjlk_Cijk_Dijk,"(512,8192,1,1024)",Cijk_Ailk_Bjlk_F8F8S_BH_GB_MT64x64x32_MI16x16x16x1_SN_GLVWA16_GLVWB16_GRVW16_K1_SS1_SVW1_WSGRA1_WSGRB1,NO_CHECK,107.561,79861.1,,1,32,32,1,1,1,1,138412032,4194304,,,,,,,,,,2026-04-18 22:26:47.
0,43/44,0/47,Contraction_l_Ailk_Bjlk_Cijk_Dijk,"(512,8192,1,4096)",Cijk_Ailk_Bjlk_F8F8S_BH_GB_MT64x64x16_MI16x16x16x1_SN_GLVWA4_GLVWB4_GRVW4_K1_SS0_SVW4_WSGRA0_WSGRB0,NO_CHECK,430.163,79876.1,,1,32,32,1,1,1,1,541065216,4194304,,,,,,,,,,2026-04-18 22:26:47.
0,43/44,1/47,Contraction_l_Ailk_Bjlk_Cijk_Dijk,"(512,8192,1,4096)",Cijk_Ailk_Bjlk_F8F8S_BH_GB_MT64x64x16_MI16x16x16x1_SN_GLVWA8_GLVWB8_GRVW8_K1_SS0_SVW4_WSGRA0_WSGRB0,NO_CHECK,409.843,83836.3,,1,32,32,1,1,1,1,541065216,4194304,,,,,,,,,,2026-04-18 22:26:47.
0,43/44,2/47,Contraction_l_Ailk_Bjlk_Cijk_Dijk,"(512,8192,1,4096)",Cijk_Ailk_Bjlk_F8F8S_BH_GB_MT64x64x16_MI16x16x16x1_SN_GLVWA16_GLVWB16_GRVW16_K1_SS0_SVW4_WSGRA0_WSGRB0,NO_CHECK,402.403,85386.4,,1,32,32,1,1,1,1,541065216,4194304,,,,,,,,,,2026-04-18 22:26:47.
0,43/44,3/47,Contraction_l_Ailk_Bjlk_Cijk_Dijk,"(512,8192,1,4096)",Cijk_Ailk_Bjlk_F8F8S_BH_GB_MT64x64x16_MI16x16x16x1_SN_GLVWA4_GLVWB4_GRVW4_K1_SS0_SVW4_WSGRA1_WSGRB0,NO_CHECK,417.683,82262.7,,1,32,32,1,1,1,1,541065216,4194304,,,,,,,,,,2026-04-18 22:26:47.
0,43/44,4/47,Contraction_l_Ailk_Bjlk_Cijk_Dijk,"(512,8192,1,4096)",Cijk_Ailk_Bjlk_F8F8S_BH_GB_MT64x64x16_MI16x16x16x1_SN_GLVWA8_GLVWB8_GRVW8_K1_SS0_SVW4_WSGRA1_WSGRB0,NO_CHECK,415.923,82610.8,,1,32,32,1,1,1,1,541065216,4194304,,,,,,,,,,2026-04-18 22:26:47.
0,43/44,5/47,Contraction_l_Ailk_Bjlk_Cijk_Dijk,"(512,8192,1,4096)",Cijk_Ailk_Bjlk_F8F8S_BH_GB_MT64x64x16_MI16x16x16x1_SN_GLVWA16_GLVWB16_GRVW16_K1_SS0_SVW4_WSGRA1_WSGRB0,NO_CHECK,391.483,87768.1,,1,32,32,1,1,1,1,541065216,4194304,,,,,,,,,,2026-04-18 22:26:47.
0,43/44,6/47,Contraction_l_Ailk_Bjlk_Cijk_Dijk,"(512,8192,1,4096)",Cijk_Ailk_Bjlk_F8F8S_BH_GB_MT64x64x16_MI16x16x16x1_SN_GLVWA4_GLVWB4_GRVW4_K1_SS0_SVW4_WSGRA0_WSGRB1,NO_CHECK,414.283,82937.8,,1,32,32,1,1,1,1,541065216,4194304,,,,,,,,,,2026-04-18 22:26:47.
0,43/44,7/47,Contraction_l_Ailk_Bjlk_Cijk_Dijk,"(512,8192,1,4096)",Cijk_Ailk_Bjlk_F8F8S_BH_GB_MT64x64x16_MI16x16x16x1_SN_GLVWA8_GLVWB8_GRVW8_K1_SS0_SVW4_WSGRA0_WSGRB1,NO_CHECK,403.524,85149.2,,1,32,32,1,1,1,1,541065216,4194304,,,,,,,,,,2026-04-18 22:26:47.
0,43/44,8/47,Contraction_l_Ailk_Bjlk_Cijk_Dijk,"(512,8192,1,4096)",Cijk_Ailk_Bjlk_F8F8S_BH_GB_MT64x64x16_MI16x16x16x1_SN_GLVWA16_GLVWB16_GRVW16_K1_SS0_SVW4_WSGRA0_WSGRB1,NO_CHECK,391.203,87831,,1,32,32,1,1,1,1,541065216,4194304,,,,,,,,,,2026-04-18 22:26:47.
0,43/44,9/47,Contraction_l_Ailk_Bjlk_Cijk_Dijk,"(512,8192,1,4096)",Cijk_Ailk_Bjlk_F8F8S_BH_GB_MT64x64x16_MI16x16x16x1_SN_GLVWA4_GLVWB4_GRVW4_K1_SS0_SVW4_WSGRA1_WSGRB1,NO_CHECK,402.643,85335.5,,1,32,32,1,1,1,1,541065216,4194304,,,,,,,,,,2026-04-18 22:26:47.
0,43/44,10/47,Contraction_l_Ailk_Bjlk_Cijk_Dijk,"(512,8192,1,4096)",Cijk_Ailk_Bjlk_F8F8S_BH_GB_MT64x64x16_MI16x16x16x1_SN_GLVWA8_GLVWB8_GRVW8_K1_SS0_SVW4_WSGRA1_WSGRB1,NO_CHECK,410.643,83673,,1,32,32,1,1,1,1,541065216,4194304,,,,,,,,,,2026-04-18 22:26:47.
0,43/44,11/47,Contraction_l_Ailk_Bjlk_Cijk_Dijk,"(512,8192,1,4096)",Cijk_Ailk_Bjlk_F8F8S_BH_GB_MT64x64x16_MI16x16x16x1_SN_GLVWA16_GLVWB16_GRVW16_K1_SS0_SVW4_WSGRA1_WSGRB1,NO_CHECK,395.683,86836.5,,1,32,32,1,1,1,1,541065216,4194304,,,,,,,,,,2026-04-18 22:26:47.
0,43/44,12/47,Contraction_l_Ailk_Bjlk_Cijk_Dijk,"(512,8192,1,4096)",Cijk_Ailk_Bjlk_F8F8S_BH_GB_MT64x64x32_MI16x16x16x1_SN_GLVWA4_GLVWB4_GRVW4_K1_SS0_SVW4_WSGRA0_WSGRB0,NO_CHECK,416.843,82428.5,,1,32,32,1,1,1,1,541065216,4194304,,,,,,,,,,2026-04-18 22:26:47.
0,43/44,13/47,Contraction_l_Ailk_Bjlk_Cijk_Dijk,"(512,8192,1,4096)",Cijk_Ailk_Bjlk_F8F8S_BH_GB_MT64x64x32_MI16x16x16x1_SN_GLVWA8_GLVWB8_GRVW8_K1_SS0_SVW4_WSGRA0_WSGRB0,NO_CHECK,488.524,70333.8,,1,32,32,1,1,1,1,541065216,4194304,,,,,,,,,,2026-04-18 22:26:47.
0,43/44,14/47,Contraction_l_Ailk_Bjlk_Cijk_Dijk,"(512,8192,1,4096)",Cijk_Ailk_Bjlk_F8F8S_BH_GB_MT64x64x32_MI16x16x16x1_SN_GLVWA16_GLVWB16_GRVW16_K1_SS0_SVW4_WSGRA0_WSGRB0,NO_CHECK,413.443,83106.3,,1,32,32,1,1,1,1,541065216,4194304,,,,,,,,,,2026-04-18 22:26:47.
0,43/44,15/47,Contraction_l_Ailk_Bjlk_Cijk_Dijk,"(512,8192,1,4096)",Cijk_Ailk_Bjlk_F8F8S_BH_GB_MT64x64x32_MI16x16x16x1_SN_GLVWA4_GLVWB4_GRVW4_K1_SS0_SVW4_WSGRA1_WSGRB0,NO_CHECK,430.244,79861.1,,1,32,32,1,1,1,1,541065216,4194304,,,,,,,,,,2026-04-18 22:26:47.
0,43/44,16/47,Contraction_l_Ailk_Bjlk_Cijk_Dijk,"(512,8192,1,4096)",Cijk_Ailk_Bjlk_F8F8S_BH_GB_MT64x64x32_MI16x16x16x1_SN_GLVWA8_GLVWB8_GRVW8_K1_SS0_SVW4_WSGRA1_WSGRB0,NO_CHECK,422.243,81374.3,,1,32,32,1,1,1,1,541065216,4194304,,,,,,,,,,2026-04-18 22:26:47.
0,43/44,17/47,Contraction_l_Ailk_Bjlk_Cijk_Dijk,"(512,8192,1,4096)",Cijk_Ailk_Bjlk_F8F8S_BH_GB_MT64x64x32_MI16x16x16x1_SN_GLVWA16_GLVWB16_GRVW16_K1_SS0_SVW4_WSGRA1_WSGRB0,NO_CHECK,414.964,82801.7,,1,32,32,1,1,1,1,541065216,4194304,,,,,,,,,,2026-04-18 22:26:47.
0,43/44,18/47,Contraction_l_Ailk_Bjlk_Cijk_Dijk,"(512,8192,1,4096)",Cijk_Ailk_Bjlk_F8F8S_BH_GB_MT64x64x32_MI16x16x16x1_SN_GLVWA4_GLVWB4_GRVW4_K1_SS0_SVW4_WSGRA0_WSGRB1,NO_CHECK,417.483,82302.1,,1,32,32,1,1,1,1,541065216,4194304,,,,,,,,,,2026-04-18 22:26:47.
0,43/44,19/47,Contraction_l_Ailk_Bjlk_Cijk_Dijk,"(512,8192,1,4096)",Cijk_Ailk_Bjlk_F8F8S_BH_GB_MT64x64x32_MI16x16x16x1_SN_GLVWA8_GLVWB8_GRVW8_K1_SS0_SVW4_WSGRA0_WSGRB1,NO_CHECK,396.003,86766.4,,1,32,32,1,1,1,1,541065216,4194304,,,,,,,,,,2026-04-18 22:26:47.
0,43/44,20/47,Contraction_l_Ailk_Bjlk_Cijk_Dijk,"(512,8192,1,4096)",Cijk_Ailk_Bjlk_F8F8S_BH_GB_MT64x64x32_MI16x16x16x1_SN_GLVWA16_GLVWB16_GRVW16_K1_SS0_SVW4_WSGRA0_WSGRB1,NO_CHECK,404.043,85039.8,,1,32,32,1,1,1,1,541065216,4194304,,,,,,,,,,2026-04-18 22:26:47.
0,43/44,21/47,Contraction_l_Ailk_Bjlk_Cijk_Dijk,"(512,8192,1,4096)",Cijk_Ailk_Bjlk_F8F8S_BH_GB_MT64x64x32_MI16x16x16x1_SN_GLVWA4_GLVWB4_GRVW4_K1_SS0_SVW4_WSGRA1_WSGRB1,NO_CHECK,405.083,84821.5,,1,32,32,1,1,1,1,541065216,4194304,,,,,,,,,,2026-04-18 22:26:47.
0,43/44,22/47,Contraction_l_Ailk_Bjlk_Cijk_Dijk,"(512,8192,1,4096)",Cijk_Ailk_Bjlk_F8F8S_BH_GB_MT64x64x32_MI16x16x16x1_SN_GLVWA8_GLVWB8_GRVW8_K1_SS0_SVW4_WSGRA1_WSGRB1,NO_CHECK,402.364,85394.7,,1,32,32,1,1,1,1,541065216,4194304,,,,,,,,,,2026-04-18 22:26:47.
0,43/44,23/47,Contraction_l_Ailk_Bjlk_Cijk_Dijk,"(512,8192,1,4096)",Cijk_Ailk_Bjlk_F8F8S_BH_GB_MT64x64x32_MI16x16x16x1_SN_GLVWA16_GLVWB16_GRVW16_K1_SS0_SVW4_WSGRA1_WSGRB1,NO_CHECK,409.763,83852.7,,1,32,32,1,1,1,1,541065216,4194304,,,,,,,,,,2026-04-18 22:26:47.
0,43/44,24/47,Contraction_l_Ailk_Bjlk_Cijk_Dijk,"(512,8192,1,4096)",Cijk_Ailk_Bjlk_F8F8S_BH_GB_MT64x64x16_MI16x16x16x1_SN_GLVWA4_GLVWB4_GRVW4_K1_SS1_SVW1_WSGRA0_WSGRB0,NO_CHECK,413.924,83009.8,,1,32,32,1,1,1,1,541065216,4194304,,,,,,,,,,2026-04-18 22:26:47.
0,43/44,25/47,Contraction_l_Ailk_Bjlk_Cijk_Dijk,"(512,8192,1,4096)",Cijk_Ailk_Bjlk_F8F8S_BH_GB_MT64x64x16_MI16x16x16x1_SN_GLVWA8_GLVWB8_GRVW8_K1_SS1_SVW1_WSGRA0_WSGRB0,NO_CHECK,433.923,79184,,1,32,32,1,1,1,1,541065216,4194304,,,,,,,,,,2026-04-18 22:26:47.
0,43/44,26/47,Contraction_l_Ailk_Bjlk_Cijk_Dijk,"(512,8192,1,4096)",Cijk_Ailk_Bjlk_F8F8S_BH_GB_MT64x64x16_MI16x16x16x1_SN_GLVWA16_GLVWB16_GRVW16_K1_SS1_SVW1_WSGRA0_WSGRB0,NO_CHECK,403.323,85191.6,,1,32,32,1,1,1,1,541065216,4194304,,,,,,,,,,2026-04-18 22:26:47.
0,43/44,27/47,Contraction_l_Ailk_Bjlk_Cijk_Dijk,"(512,8192,1,4096)",Cijk_Ailk_Bjlk_F8F8S_BH_GB_MT64x64x16_MI16x16x16x1_SN_GLVWA4_GLVWB4_GRVW4_K1_SS1_SVW1_WSGRA1_WSGRB0,NO_CHECK,411.203,83559.1,,1,32,32,1,1,1,1,541065216,4194304,,,,,,,,,,2026-04-18 22:26:47.
0,43/44,28/47,Contraction_l_Ailk_Bjlk_Cijk_Dijk,"(512,8192,1,4096)",Cijk_Ailk_Bjlk_F8F8S_BH_GB_MT64x64x16_MI16x16x16x1_SN_GLVWA8_GLVWB8_GRVW8_K1_SS1_SVW1_WSGRA1_WSGRB0,NO_CHECK,425.203,80807.8,,1,32,32,1,1,1,1,541065216,4194304,,,,,,,,,,2026-04-18 22:26:47.
0,43/44,29/47,Contraction_l_Ailk_Bjlk_Cijk_Dijk,"(512,8192,1,4096)",Cijk_Ailk_Bjlk_F8F8S_BH_GB_MT64x64x16_MI16x16x16x1_SN_GLVWA16_GLVWB16_GRVW16_K1_SS1_SVW1_WSGRA1_WSGRB0,NO_CHECK,424.523,80937.3,,1,32,32,1,1,1,1,541065216,4194304,,,,,,,,,,2026-04-18 22:26:47.
0,43/44,30/47,Contraction_l_Ailk_Bjlk_Cijk_Dijk,"(512,8192,1,4096)",Cijk_Ailk_Bjlk_F8F8S_BH_GB_MT64x64x16_MI16x16x16x1_SN_GLVWA4_GLVWB4_GRVW4_K1_SS1_SVW1_WSGRA0_WSGRB1,NO_CHECK,451.123,76164.9,,1,32,32,1,1,1,1,541065216,4194304,,,,,,,,,,2026-04-18 22:26:47.
0,43/44,31/47,Contraction_l_Ailk_Bjlk_Cijk_Dijk,"(512,8192,1,4096)",Cijk_Ailk_Bjlk_F8F8S_BH_GB_MT64x64x16_MI16x16x16x1_SN_GLVWA8_GLVWB8_GRVW8_K1_SS1_SVW1_WSGRA0_WSGRB1,NO_CHECK,452.924,75862,,1,32,32,1,1,1,1,541065216,4194304,,,,,,,,,,2026-04-18 22:26:47.
0,43/44,32/47,Contraction_l_Ailk_Bjlk_Cijk_Dijk,"(512,8192,1,4096)",Cijk_Ailk_Bjlk_F8F8S_BH_GB_MT64x64x16_MI16x16x16x1_SN_GLVWA16_GLVWB16_GRVW16_K1_SS1_SVW1_WSGRA0_WSGRB1,NO_CHECK,415.043,82786,,1,32,32,1,1,1,1,541065216,4194304,,,,,,,,,,2026-04-18 22:26:47.
0,43/44,33/47,Contraction_l_Ailk_Bjlk_Cijk_Dijk,"(512,8192,1,4096)",Cijk_Ailk_Bjlk_F8F8S_BH_GB_MT64x64x16_MI16x16x16x1_SN_GLVWA4_GLVWB4_GRVW4_K1_SS1_SVW1_WSGRA1_WSGRB1,NO_CHECK,457.804,75053.4,,1,32,32,1,1,1,1,541065216,4194304,,,,,,,,,,2026-04-18 22:26:47.
0,43/44,34/47,Contraction_l_Ailk_Bjlk_Cijk_Dijk,"(512,8192,1,4096)",Cijk_Ailk_Bjlk_F8F8S_BH_GB_MT64x64x16_MI16x16x16x1_SN_GLVWA8_GLVWB8_GRVW8_K1_SS1_SVW1_WSGRA1_WSGRB1,NO_CHECK,411.723,83453.5,,1,32,32,1,1,1,1,541065216,4194304,,,,,,,,,,2026-04-18 22:26:47.
0,43/44,35/47,Contraction_l_Ailk_Bjlk_Cijk_Dijk,"(512,8192,1,4096)",Cijk_Ailk_Bjlk_F8F8S_BH_GB_MT64x64x16_MI16x16x16x1_SN_GLVWA16_GLVWB16_GRVW16_K1_SS1_SVW1_WSGRA1_WSGRB1,NO_CHECK,397.403,86460.7,,1,32,32,1,1,1,1,541065216,4194304,,,,,,,,,,2026-04-18 22:26:47.
0,43/44,36/47,Contraction_l_Ailk_Bjlk_Cijk_Dijk,"(512,8192,1,4096)",Cijk_Ailk_Bjlk_F8F8S_BH_GB_MT64x64x32_MI16x16x16x1_SN_GLVWA4_GLVWB4_GRVW4_K1_SS1_SVW1_WSGRA0_WSGRB0,NO_CHECK,425.003,80845.9,,1,32,32,1,1,1,1,541065216,4194304,,,,,,,,,,2026-04-18 22:26:47.
0,43/44,37/47,Contraction_l_Ailk_Bjlk_Cijk_Dijk,"(512,8192,1,4096)",Cijk_Ailk_Bjlk_F8F8S_BH_GB_MT64x64x32_MI16x16x16x1_SN_GLVWA8_GLVWB8_GRVW8_K1_SS1_SVW1_WSGRA0_WSGRB0,NO_CHECK,435.484,78900.1,,1,32,32,1,1,1,1,541065216,4194304,,,,,,,,,,2026-04-18 22:26:47.
0,43/44,38/47,Contraction_l_Ailk_Bjlk_Cijk_Dijk,"(512,8192,1,4096)",Cijk_Ailk_Bjlk_F8F8S_BH_GB_MT64x64x32_MI16x16x16x1_SN_GLVWA16_GLVWB16_GRVW16_K1_SS1_SVW1_WSGRA0_WSGRB0,NO_CHECK,406.003,84629.3,,1,32,32,1,1,1,1,541065216,4194304,,,,,,,,,,2026-04-18 22:26:47.
0,43/44,39/47,Contraction_l_Ailk_Bjlk_Cijk_Dijk,"(512,8192,1,4096)",Cijk_Ailk_Bjlk_F8F8S_BH_GB_MT64x64x32_MI16x16x16x1_SN_GLVWA4_GLVWB4_GRVW4_K1_SS1_SVW1_WSGRA1_WSGRB0,NO_CHECK,415.203,82754.1,,1,32,32,1,1,1,1,541065216,4194304,,,,,,,,,,2026-04-18 22:26:47.
0,43/44,40/47,Contraction_l_Ailk_Bjlk_Cijk_Dijk,"(512,8192,1,4096)",Cijk_Ailk_Bjlk_F8F8S_BH_GB_MT64x64x32_MI16x16x16x1_SN_GLVWA8_GLVWB8_GRVW8_K1_SS1_SVW1_WSGRA1_WSGRB0,NO_CHECK,403.364,85183,,1,32,32,1,1,1,1,541065216,4194304,,,,,,,,,,2026-04-18 22:26:47.
0,43/44,41/47,Contraction_l_Ailk_Bjlk_Cijk_Dijk,"(512,8192,1,4096)",Cijk_Ailk_Bjlk_F8F8S_BH_GB_MT64x64x32_MI16x16x16x1_SN_GLVWA16_GLVWB16_GRVW16_K1_SS1_SVW1_WSGRA1_WSGRB0,NO_CHECK,416.363,82523.5,,1,32,32,1,1,1,1,541065216,4194304,,,,,,,,,,2026-04-18 22:26:47.
0,43/44,42/47,Contraction_l_Ailk_Bjlk_Cijk_Dijk,"(512,8192,1,4096)",Cijk_Ailk_Bjlk_F8F8S_BH_GB_MT64x64x32_MI16x16x16x1_SN_GLVWA4_GLVWB4_GRVW4_K1_SS1_SVW1_WSGRA0_WSGRB1,NO_CHECK,396.924,86565,,1,32,32,1,1,1,1,541065216,4194304,,,,,,,,,,2026-04-18 22:26:47.
0,43/44,43/47,Contraction_l_Ailk_Bjlk_Cijk_Dijk,"(512,8192,1,4096)",Cijk_Ailk_Bjlk_F8F8S_BH_GB_MT64x64x32_MI16x16x16x1_SN_GLVWA8_GLVWB8_GRVW8_K1_SS1_SVW1_WSGRA0_WSGRB1,NO_CHECK,414.763,82841.9,,1,32,32,1,1,1,1,541065216,4194304,,,,,,,,,,2026-04-18 22:26:47.
0,43/44,44/47,Contraction_l_Ailk_Bjlk_Cijk_Dijk,"(512,8192,1,4096)",Cijk_Ailk_Bjlk_F8F8S_BH_GB_MT64x64x32_MI16x16x16x1_SN_GLVWA16_GLVWB16_GRVW16_K1_SS1_SVW1_WSGRA0_WSGRB1,NO_CHECK,380.163,90381.6,,1,32,32,1,1,1,1,541065216,4194304,,,,,,,,,,2026-04-18 22:26:47.
0,43/44,45/47,Contraction_l_Ailk_Bjlk_Cijk_Dijk,"(512,8192,1,4096)",Cijk_Ailk_Bjlk_F8F8S_BH_GB_MT64x64x32_MI16x16x16x1_SN_GLVWA4_GLVWB4_GRVW4_K1_SS1_SVW1_WSGRA1_WSGRB1,NO_CHECK,370.683,92693,,1,32,32,1,1,1,1,541065216,4194304,,,,,,,,,,2026-04-18 22:26:47.
0,43/44,46/47,Contraction_l_Ailk_Bjlk_Cijk_Dijk,"(512,8192,1,4096)",Cijk_Ailk_Bjlk_F8F8S_BH_GB_MT64x64x32_MI16x16x16x1_SN_GLVWA8_GLVWB8_GRVW8_K1_SS1_SVW1_WSGRA1_WSGRB1,NO_CHECK,397.483,86443.3,,1,32,32,1,1,1,1,541065216,4194304,,,,,,,,,,2026-04-18 22:26:47.
0,43/44,47/47,Contraction_l_Ailk_Bjlk_Cijk_Dijk,"(512,8192,1,4096)",Cijk_Ailk_Bjlk_F8F8S_BH_GB_MT64x64x32_MI16x16x16x1_SN_GLVWA16_GLVWB16_GRVW16_K1_SS1_SVW1_WSGRA1_WSGRB1,NO_CHECK,401.763,85522.4,,1,32,32,1,1,1,1,541065216,4194304,,,,,,,,,,2026-04-18 22:26:47.
0,44/44,0/47,Contraction_l_Ailk_Bjlk_Cijk_Dijk,"(512,8192,1,8192)",Cijk_Ailk_Bjlk_F8F8S_BH_GB_MT64x64x16_MI16x16x16x1_SN_GLVWA4_GLVWB4_GRVW4_K1_SS0_SVW4_WSGRA0_WSGRB0,NO_CHECK,915.567,75056.7,,1,32,32,1,1,1,1,1077936128,4194304,,,,,,,,,,2026-04-18 22:26:47.
0,44/44,1/47,Contraction_l_Ailk_Bjlk_Cijk_Dijk,"(512,8192,1,8192)",Cijk_Ailk_Bjlk_F8F8S_BH_GB_MT64x64x16_MI16x16x16x1_SN_GLVWA8_GLVWB8_GRVW8_K1_SS0_SVW4_WSGRA0_WSGRB0,NO_CHECK,811.446,84687.7,,1,32,32,1,1,1,1,1077936128,4194304,,,,,,,,,,2026-04-18 22:26:47.
0,44/44,2/47,Contraction_l_Ailk_Bjlk_Cijk_Dijk,"(512,8192,1,8192)",Cijk_Ailk_Bjlk_F8F8S_BH_GB_MT64x64x16_MI16x16x16x1_SN_GLVWA16_GLVWB16_GRVW16_K1_SS0_SVW4_WSGRA0_WSGRB0,NO_CHECK,1060.53,64797.4,,1,32,32,1,1,1,1,1077936128,4194304,,,,,,,,,,2026-04-18 22:26:47.
0,44/44,3/47,Contraction_l_Ailk_Bjlk_Cijk_Dijk,"(512,8192,1,8192)",Cijk_Ailk_Bjlk_F8F8S_BH_GB_MT64x64x16_MI16x16x16x1_SN_GLVWA4_GLVWB4_GRVW4_K1_SS0_SVW4_WSGRA1_WSGRB0,NO_CHECK,925.207,74274.7,,1,32,32,1,1,1,1,1077936128,4194304,,,,,,,,,,2026-04-18 22:26:47.
0,44/44,4/47,Contraction_l_Ailk_Bjlk_Cijk_Dijk,"(512,8192,1,8192)",Cijk_Ailk_Bjlk_F8F8S_BH_GB_MT64x64x16_MI16x16x16x1_SN_GLVWA8_GLVWB8_GRVW8_K1_SS0_SVW4_WSGRA1_WSGRB0,NO_CHECK,681.485,100838,,1,32,32,1,1,1,1,1077936128,4194304,,,,,,,,,,2026-04-18 22:26:47.
0,44/44,5/47,Contraction_l_Ailk_Bjlk_Cijk_Dijk,"(512,8192,1,8192)",Cijk_Ailk_Bjlk_F8F8S_BH_GB_MT64x64x16_MI16x16x16x1_SN_GLVWA16_GLVWB16_GRVW16_K1_SS0_SVW4_WSGRA1_WSGRB0,NO_CHECK,750.805,91527.7,,1,32,32,1,1,1,1,1077936128,4194304,,,,,,,,,,2026-04-18 22:26:47.
0,44/44,6/47,Contraction_l_Ailk_Bjlk_Cijk_Dijk,"(512,8192,1,8192)",Cijk_Ailk_Bjlk_F8F8S_BH_GB_MT64x64x16_MI16x16x16x1_SN_GLVWA4_GLVWB4_GRVW4_K1_SS0_SVW4_WSGRA0_WSGRB1,NO_CHECK,773.566,88834.7,,1,32,32,1,1,1,1,1077936128,4194304,,,,,,,,,,2026-04-18 22:26:47.
0,44/44,7/47,Contraction_l_Ailk_Bjlk_Cijk_Dijk,"(512,8192,1,8192)",Cijk_Ailk_Bjlk_F8F8S_BH_GB_MT64x64x16_MI16x16x16x1_SN_GLVWA8_GLVWB8_GRVW8_K1_SS0_SVW4_WSGRA0_WSGRB1,NO_CHECK,780.566,88038,,1,32,32,1,1,1,1,1077936128,4194304,,,,,,,,,,2026-04-18 22:26:47.
0,44/44,8/47,Contraction_l_Ailk_Bjlk_Cijk_Dijk,"(512,8192,1,8192)",Cijk_Ailk_Bjlk_F8F8S_BH_GB_MT64x64x16_MI16x16x16x1_SN_GLVWA16_GLVWB16_GRVW16_K1_SS0_SVW4_WSGRA0_WSGRB1,NO_CHECK,687.565,99946.1,,1,32,32,1,1,1,1,1077936128,4194304,,,,,,,,,,2026-04-18 22:26:47.
0,44/44,9/47,Contraction_l_Ailk_Bjlk_Cijk_Dijk,"(512,8192,1,8192)",Cijk_Ailk_Bjlk_F8F8S_BH_GB_MT64x64x16_MI16x16x16x1_SN_GLVWA4_GLVWB4_GRVW4_K1_SS0_SVW4_WSGRA1_WSGRB1,NO_CHECK,764.166,89927.4,,1,32,32,1,1,1,1,1077936128,4194304,,,,,,,,,,2026-04-18 22:26:47.
0,44/44,10/47,Contraction_l_Ailk_Bjlk_Cijk_Dijk,"(512,8192,1,8192)",Cijk_Ailk_Bjlk_F8F8S_BH_GB_MT64x64x16_MI16x16x16x1_SN_GLVWA8_GLVWB8_GRVW8_K1_SS0_SVW4_WSGRA1_WSGRB1,NO_CHECK,768.646,89403.3,,1,32,32,1,1,1,1,1077936128,4194304,,,,,,,,,,2026-04-18 22:26:47.
0,44/44,11/47,Contraction_l_Ailk_Bjlk_Cijk_Dijk,"(512,8192,1,8192)",Cijk_Ailk_Bjlk_F8F8S_BH_GB_MT64x64x16_MI16x16x16x1_SN_GLVWA16_GLVWB16_GRVW16_K1_SS0_SVW4_WSGRA1_WSGRB1,NO_CHECK,649.205,105852,,1,32,32,1,1,1,1,1077936128,4194304,,,,,,,,,,2026-04-18 22:26:47.
0,44/44,12/47,Contraction_l_Ailk_Bjlk_Cijk_Dijk,"(512,8192,1,8192)",Cijk_Ailk_Bjlk_F8F8S_BH_GB_MT64x64x32_MI16x16x16x1_SN_GLVWA4_GLVWB4_GRVW4_K1_SS0_SVW4_WSGRA0_WSGRB0,NO_CHECK,690.366,99540.6,,1,32,32,1,1,1,1,1077936128,4194304,,,,,,,,,,2026-04-18 22:26:47.
0,44/44,13/47,Contraction_l_Ailk_Bjlk_Cijk_Dijk,"(512,8192,1,8192)",Cijk_Ailk_Bjlk_F8F8S_BH_GB_MT64x64x32_MI16x16x16x1_SN_GLVWA8_GLVWB8_GRVW8_K1_SS0_SVW4_WSGRA0_WSGRB0,NO_CHECK,769.966,89250,,1,32,32,1,1,1,1,1077936128,4194304,,,,,,,,,,2026-04-18 22:26:47.
0,44/44,14/47,Contraction_l_Ailk_Bjlk_Cijk_Dijk,"(512,8192,1,8192)",Cijk_Ailk_Bjlk_F8F8S_BH_GB_MT64x64x32_MI16x16x16x1_SN_GLVWA16_GLVWB16_GRVW16_K1_SS0_SVW4_WSGRA0_WSGRB0,NO_CHECK,764.446,89894.5,,1,32,32,1,1,1,1,1077936128,4194304,,,,,,,,,,2026-04-18 22:26:47.
0,44/44,15/47,Contraction_l_Ailk_Bjlk_Cijk_Dijk,"(512,8192,1,8192)",Cijk_Ailk_Bjlk_F8F8S_BH_GB_MT64x64x32_MI16x16x16x1_SN_GLVWA4_GLVWB4_GRVW4_K1_SS0_SVW4_WSGRA1_WSGRB0,NO_CHECK,772.726,88931.2,,1,32,32,1,1,1,1,1077936128,4194304,,,,,,,,,,2026-04-18 22:26:47.
0,44/44,16/47,Contraction_l_Ailk_Bjlk_Cijk_Dijk,"(512,8192,1,8192)",Cijk_Ailk_Bjlk_F8F8S_BH_GB_MT64x64x32_MI16x16x16x1_SN_GLVWA8_GLVWB8_GRVW8_K1_SS0_SVW4_WSGRA1_WSGRB0,NO_CHECK,805.446,85318.5,,1,32,32,1,1,1,1,1077936128,4194304,,,,,,,,,,2026-04-18 22:26:47.
0,44/44,17/47,Contraction_l_Ailk_Bjlk_Cijk_Dijk,"(512,8192,1,8192)",Cijk_Ailk_Bjlk_F8F8S_BH_GB_MT64x64x32_MI16x16x16x1_SN_GLVWA16_GLVWB16_GRVW16_K1_SS0_SVW4_WSGRA1_WSGRB0,NO_CHECK,796.366,86291.3,,1,32,32,1,1,1,1,1077936128,4194304,,,,,,,,,,2026-04-18 22:26:47.
0,44/44,18/47,Contraction_l_Ailk_Bjlk_Cijk_Dijk,"(512,8192,1,8192)",Cijk_Ailk_Bjlk_F8F8S_BH_GB_MT64x64x32_MI16x16x16x1_SN_GLVWA4_GLVWB4_GRVW4_K1_SS0_SVW4_WSGRA0_WSGRB1,NO_CHECK,778.446,88277.8,,1,32,32,1,1,1,1,1077936128,4194304,,,,,,,,,,2026-04-18 22:26:47.
0,44/44,19/47,Contraction_l_Ailk_Bjlk_Cijk_Dijk,"(512,8192,1,8192)",Cijk_Ailk_Bjlk_F8F8S_BH_GB_MT64x64x32_MI16x16x16x1_SN_GLVWA8_GLVWB8_GRVW8_K1_SS0_SVW4_WSGRA0_WSGRB1,NO_CHECK,795.366,86399.8,,1,32,32,1,1,1,1,1077936128,4194304,,,,,,,,,,2026-04-18 22:26:47.
0,44/44,20/47,Contraction_l_Ailk_Bjlk_Cijk_Dijk,"(512,8192,1,8192)",Cijk_Ailk_Bjlk_F8F8S_BH_GB_MT64x64x32_MI16x16x16x1_SN_GLVWA16_GLVWB16_GRVW16_K1_SS0_SVW4_WSGRA0_WSGRB1,NO_CHECK,805.206,85344,,1,32,32,1,1,1,1,1077936128,4194304,,,,,,,,,,2026-04-18 22:26:47.
0,44/44,21/47,Contraction_l_Ailk_Bjlk_Cijk_Dijk,"(512,8192,1,8192)",Cijk_Ailk_Bjlk_F8F8S_BH_GB_MT64x64x32_MI16x16x16x1_SN_GLVWA4_GLVWB4_GRVW4_K1_SS0_SVW4_WSGRA1_WSGRB1,NO_CHECK,928.447,74015.5,,1,32,32,1,1,1,1,1077936128,4194304,,,,,,,,,,2026-04-18 22:26:47.
0,44/44,22/47,Contraction_l_Ailk_Bjlk_Cijk_Dijk,"(512,8192,1,8192)",Cijk_Ailk_Bjlk_F8F8S_BH_GB_MT64x64x32_MI16x16x16x1_SN_GLVWA8_GLVWB8_GRVW8_K1_SS0_SVW4_WSGRA1_WSGRB1,NO_CHECK,821.286,83673,,1,32,32,1,1,1,1,1077936128,4194304,,,,,,,,,,2026-04-18 22:26:47.
0,44/44,23/47,Contraction_l_Ailk_Bjlk_Cijk_Dijk,"(512,8192,1,8192)",Cijk_Ailk_Bjlk_F8F8S_BH_GB_MT64x64x32_MI16x16x16x1_SN_GLVWA16_GLVWB16_GRVW16_K1_SS0_SVW4_WSGRA1_WSGRB1,NO_CHECK,727.406,94472,,1,32,32,1,1,1,1,1077936128,4194304,,,,,,,,,,2026-04-18 22:26:47.
0,44/44,24/47,Contraction_l_Ailk_Bjlk_Cijk_Dijk,"(512,8192,1,8192)",Cijk_Ailk_Bjlk_F8F8S_BH_GB_MT64x64x16_MI16x16x16x1_SN_GLVWA4_GLVWB4_GRVW4_K1_SS1_SVW1_WSGRA0_WSGRB0,NO_CHECK,989.408,69455.1,,1,32,32,1,1,1,1,1077936128,4194304,,,,,,,,,,2026-04-18 22:26:47.
0,44/44,25/47,Contraction_l_Ailk_Bjlk_Cijk_Dijk,"(512,8192,1,8192)",Cijk_Ailk_Bjlk_F8F8S_BH_GB_MT64x64x16_MI16x16x16x1_SN_GLVWA8_GLVWB8_GRVW8_K1_SS1_SVW1_WSGRA0_WSGRB0,NO_CHECK,779.446,88164.5,,1,32,32,1,1,1,1,1077936128,4194304,,,,,,,,,,2026-04-18 22:26:47.
0,44/44,26/47,Contraction_l_Ailk_Bjlk_Cijk_Dijk,"(512,8192,1,8192)",Cijk_Ailk_Bjlk_F8F8S_BH_GB_MT64x64x16_MI16x16x16x1_SN_GLVWA16_GLVWB16_GRVW16_K1_SS1_SVW1_WSGRA0_WSGRB0,NO_CHECK,649.925,105734,,1,32,32,1,1,1,1,1077936128,4194304,,,,,,,,,,2026-04-18 22:26:47.
0,44/44,27/47,Contraction_l_Ailk_Bjlk_Cijk_Dijk,"(512,8192,1,8192)",Cijk_Ailk_Bjlk_F8F8S_BH_GB_MT64x64x16_MI16x16x16x1_SN_GLVWA4_GLVWB4_GRVW4_K1_SS1_SVW1_WSGRA1_WSGRB0,NO_CHECK,787.806,87228.9,,1,32,32,1,1,1,1,1077936128,4194304,,,,,,,,,,2026-04-18 22:26:47.
0,44/44,28/47,Contraction_l_Ailk_Bjlk_Cijk_Dijk,"(512,8192,1,8192)",Cijk_Ailk_Bjlk_F8F8S_BH_GB_MT64x64x16_MI16x16x16x1_SN_GLVWA8_GLVWB8_GRVW8_K1_SS1_SVW1_WSGRA1_WSGRB0,NO_CHECK,778.966,88218.8,,1,32,32,1,1,1,1,1077936128,4194304,,,,,,,,,,2026-04-18 22:26:47.
0,44/44,29/47,Contraction_l_Ailk_Bjlk_Cijk_Dijk,"(512,8192,1,8192)",Cijk_Ailk_Bjlk_F8F8S_BH_GB_MT64x64x16_MI16x16x16x1_SN_GLVWA16_GLVWB16_GRVW16_K1_SS1_SVW1_WSGRA1_WSGRB0,NO_CHECK,768.006,89477.8,,1,32,32,1,1,1,1,1077936128,4194304,,,,,,,,,,2026-04-18 22:26:47.
0,44/44,30/47,Contraction_l_Ailk_Bjlk_Cijk_Dijk,"(512,8192,1,8192)",Cijk_Ailk_Bjlk_F8F8S_BH_GB_MT64x64x16_MI16x16x16x1_SN_GLVWA4_GLVWB4_GRVW4_K1_SS1_SVW1_WSGRA0_WSGRB1,NO_CHECK,784.566,87589.2,,1,32,32,1,1,1,1,1077936128,4194304,,,,,,,,,,2026-04-18 22:26:47.
0,44/44,31/47,Contraction_l_Ailk_Bjlk_Cijk_Dijk,"(512,8192,1,8192)",Cijk_Ailk_Bjlk_F8F8S_BH_GB_MT64x64x16_MI16x16x16x1_SN_GLVWA8_GLVWB8_GRVW8_K1_SS1_SVW1_WSGRA0_WSGRB1,NO_CHECK,819.286,83877.3,,1,32,32,1,1,1,1,1077936128,4194304,,,,,,,,,,2026-04-18 22:26:47.
0,44/44,32/47,Contraction_l_Ailk_Bjlk_Cijk_Dijk,"(512,8192,1,8192)",Cijk_Ailk_Bjlk_F8F8S_BH_GB_MT64x64x16_MI16x16x16x1_SN_GLVWA16_GLVWB16_GRVW16_K1_SS1_SVW1_WSGRA0_WSGRB1,NO_CHECK,742.085,92603.2,,1,32,32,1,1,1,1,1077936128,4194304,,,,,,,,,,2026-04-18 22:26:47.
0,44/44,33/47,Contraction_l_Ailk_Bjlk_Cijk_Dijk,"(512,8192,1,8192)",Cijk_Ailk_Bjlk_F8F8S_BH_GB_MT64x64x16_MI16x16x16x1_SN_GLVWA4_GLVWB4_GRVW4_K1_SS1_SVW1_WSGRA1_WSGRB1,NO_CHECK,782.966,87768.1,,1,32,32,1,1,1,1,1077936128,4194304,,,,,,,,,,2026-04-18 22:26:47.
0,44/44,34/47,Contraction_l_Ailk_Bjlk_Cijk_Dijk,"(512,8192,1,8192)",Cijk_Ailk_Bjlk_F8F8S_BH_GB_MT64x64x16_MI16x16x16x1_SN_GLVWA8_GLVWB8_GRVW8_K1_SS1_SVW1_WSGRA1_WSGRB1,NO_CHECK,698.045,98445.6,,1,32,32,1,1,1,1,1077936128,4194304,,,,,,,,,,2026-04-18 22:26:47.
0,44/44,35/47,Contraction_l_Ailk_Bjlk_Cijk_Dijk,"(512,8192,1,8192)",Cijk_Ailk_Bjlk_F8F8S_BH_GB_MT64x64x16_MI16x16x16x1_SN_GLVWA16_GLVWB16_GRVW16_K1_SS1_SVW1_WSGRA1_WSGRB1,NO_CHECK,697.366,98541.5,,1,32,32,1,1,1,1,1077936128,4194304,,,,,,,,,,2026-04-18 22:26:47.
0,44/44,36/47,Contraction_l_Ailk_Bjlk_Cijk_Dijk,"(512,8192,1,8192)",Cijk_Ailk_Bjlk_F8F8S_BH_GB_MT64x64x32_MI16x16x16x1_SN_GLVWA4_GLVWB4_GRVW4_K1_SS1_SVW1_WSGRA0_WSGRB0,NO_CHECK,702.405,97834.6,,1,32,32,1,1,1,1,1077936128,4194304,,,,,,,,,,2026-04-18 22:26:47.
0,44/44,37/47,Contraction_l_Ailk_Bjlk_Cijk_Dijk,"(512,8192,1,8192)",Cijk_Ailk_Bjlk_F8F8S_BH_GB_MT64x64x32_MI16x16x16x1_SN_GLVWA8_GLVWB8_GRVW8_K1_SS1_SVW1_WSGRA0_WSGRB0,NO_CHECK,772.246,88986.5,,1,32,32,1,1,1,1,1077936128,4194304,,,,,,,,,,2026-04-18 22:26:47.
0,44/44,38/47,Contraction_l_Ailk_Bjlk_Cijk_Dijk,"(512,8192,1,8192)",Cijk_Ailk_Bjlk_F8F8S_BH_GB_MT64x64x32_MI16x16x16x1_SN_GLVWA16_GLVWB16_GRVW16_K1_SS1_SVW1_WSGRA0_WSGRB0,NO_CHECK,786.686,87353.1,,1,32,32,1,1,1,1,1077936128,4194304,,,,,,,,,,2026-04-18 22:26:47.
0,44/44,39/47,Contraction_l_Ailk_Bjlk_Cijk_Dijk,"(512,8192,1,8192)",Cijk_Ailk_Bjlk_F8F8S_BH_GB_MT64x64x32_MI16x16x16x1_SN_GLVWA4_GLVWB4_GRVW4_K1_SS1_SVW1_WSGRA1_WSGRB0,NO_CHECK,899.927,76361.2,,1,32,32,1,1,1,1,1077936128,4194304,,,,,,,,,,2026-04-18 22:26:47.
0,44/44,40/47,Contraction_l_Ailk_Bjlk_Cijk_Dijk,"(512,8192,1,8192)",Cijk_Ailk_Bjlk_F8F8S_BH_GB_MT64x64x32_MI16x16x16x1_SN_GLVWA8_GLVWB8_GRVW8_K1_SS1_SVW1_WSGRA1_WSGRB0,NO_CHECK,775.726,88587.3,,1,32,32,1,1,1,1,1077936128,4194304,,,,,,,,,,2026-04-18 22:26:47.
0,44/44,41/47,Contraction_l_Ailk_Bjlk_Cijk_Dijk,"(512,8192,1,8192)",Cijk_Ailk_Bjlk_F8F8S_BH_GB_MT64x64x32_MI16x16x16x1_SN_GLVWA16_GLVWB16_GRVW16_K1_SS1_SVW1_WSGRA1_WSGRB0,NO_CHECK,784.606,87584.7,,1,32,32,1,1,1,1,1077936128,4194304,,,,,,,,,,2026-04-18 22:26:47.
0,44/44,42/47,Contraction_l_Ailk_Bjlk_Cijk_Dijk,"(512,8192,1,8192)",Cijk_Ailk_Bjlk_F8F8S_BH_GB_MT64x64x32_MI16x16x16x1_SN_GLVWA4_GLVWB4_GRVW4_K1_SS1_SVW1_WSGRA0_WSGRB1,NO_CHECK,864.287,79510,,1,32,32,1,1,1,1,1077936128,4194304,,,,,,,,,,2026-04-18 22:26:47.
0,44/44,43/47,Contraction_l_Ailk_Bjlk_Cijk_Dijk,"(512,8192,1,8192)",Cijk_Ailk_Bjlk_F8F8S_BH_GB_MT64x64x32_MI16x16x16x1_SN_GLVWA8_GLVWB8_GRVW8_K1_SS1_SVW1_WSGRA0_WSGRB1,NO_CHECK,792.646,86696.3,,1,32,32,1,1,1,1,1077936128,4194304,,,,,,,,,,2026-04-18 22:26:47.
0,44/44,44/47,Contraction_l_Ailk_Bjlk_Cijk_Dijk,"(512,8192,1,8192)",Cijk_Ailk_Bjlk_F8F8S_BH_GB_MT64x64x32_MI16x16x16x1_SN_GLVWA16_GLVWB16_GRVW16_K1_SS1_SVW1_WSGRA0_WSGRB1,NO_CHECK,697.446,98530.2,,1,32,32,1,1,1,1,1077936128,4194304,,,,,,,,,,2026-04-18 22:26:47.
0,44/44,45/47,Contraction_l_Ailk_Bjlk_Cijk_Dijk,"(512,8192,1,8192)",Cijk_Ailk_Bjlk_F8F8S_BH_GB_MT64x64x32_MI16x16x16x1_SN_GLVWA4_GLVWB4_GRVW4_K1_SS1_SVW1_WSGRA1_WSGRB1,NO_CHECK,804.806,85386.4,,1,32,32,1,1,1,1,1077936128,4194304,,,,,,,,,,2026-04-18 22:26:47.
0,44/44,46/47,Contraction_l_Ailk_Bjlk_Cijk_Dijk,"(512,8192,1,8192)",Cijk_Ailk_Bjlk_F8F8S_BH_GB_MT64x64x32_MI16x16x16x1_SN_GLVWA8_GLVWB8_GRVW8_K1_SS1_SVW1_WSGRA1_WSGRB1,NO_CHECK,688.285,99841.6,,1,32,32,1,1,1,1,1077936128,4194304,,,,,,,,,,2026-04-18 22:26:47.
0,44/44,47/47,Contraction_l_Ailk_Bjlk_Cijk_Dijk,"(512,8192,1,8192)",Cijk_Ailk_Bjlk_F8F8S_BH_GB_MT64x64x32_MI16x16x16x1_SN_GLVWA16_GLVWB16_GRVW16_K1_SS1_SVW1_WSGRA1_WSGRB1,NO_CHECK,780.566,88038,,1,32,32,1,1,1,1,1077936128,4194304,,,,,,,,,,2026-04-18 22:26:47.
+ [[ 0 -ne 0 ]]
+ exit 0
################################################################################
# Cijk_Ailk_Bjlk_F8F8S_BH_GB_00
# 00_Final: End - 16.248s
################################################################################

clientExit=0 (PASS) for ['/home/iamthecage/rocm-libraries/shared/tensile/next-tuning/gfx1201-wide-v2/f8_to_f8_wmma_gb_fixed_nt.yaml']

# LibraryLogic config: {'ScheduleName': 'navi48', 'DeviceNames': ['Device 7550'], 'ArchitectureName': 'gfx1201'}
# DefaultAnalysisParameters: 

################################################################################
# Analysing data in 2_BenchmarkData - 16.249s
#   ScheduleName: navi48
#   DeviceNames: ['Device 7550']
#   ArchitectureName: gfx1201
#   SolutionImportanceMin: 0.01
################################################################################

################################################################################
# Analyzing: Cijk_Ailk_Bjlk_F8F8S_BH_GB
# Read: /home/iamthecage/out-v2/f8_to_f8_wmma_gb_fixed_nt/2_BenchmarkData/Cijk_Ailk_Bjlk_F8F8S_BH_GB_00.yaml
# ProblemSizes: ProblemSizes

# Solutions:
#  (0) Cijk_Ailk_Bjlk_F8F8S_BH_GB_MT64x64x16_MI16x16x16x1_SN_GLVWA4_GLVWB4_GRVW4_K1_SS0_SVW4_WSGRA0_WSGRB0
#  (1) Cijk_Ailk_Bjlk_F8F8S_BH_GB_MT64x64x16_MI16x16x16x1_SN_GLVWA8_GLVWB8_GRVW8_K1_SS0_SVW4_WSGRA0_WSGRB0
#  (2) Cijk_Ailk_Bjlk_F8F8S_BH_GB_MT64x64x16_MI16x16x16x1_SN_GLVWA16_GLVWB16_GRVW16_K1_SS0_SVW4_WSGRA0_WSGRB0
#  (3) Cijk_Ailk_Bjlk_F8F8S_BH_GB_MT64x64x16_MI16x16x16x1_SN_GLVWA4_GLVWB4_GRVW4_K1_SS0_SVW4_WSGRA1_WSGRB0
#  (4) Cijk_Ailk_Bjlk_F8F8S_BH_GB_MT64x64x16_MI16x16x16x1_SN_GLVWA8_GLVWB8_GRVW8_K1_SS0_SVW4_WSGRA1_WSGRB0
#  (5) Cijk_Ailk_Bjlk_F8F8S_BH_GB_MT64x64x16_MI16x16x16x1_SN_GLVWA16_GLVWB16_GRVW16_K1_SS0_SVW4_WSGRA1_WSGRB0
#  (6) Cijk_Ailk_Bjlk_F8F8S_BH_GB_MT64x64x16_MI16x16x16x1_SN_GLVWA4_GLVWB4_GRVW4_K1_SS0_SVW4_WSGRA0_WSGRB1
#  (7) Cijk_Ailk_Bjlk_F8F8S_BH_GB_MT64x64x16_MI16x16x16x1_SN_GLVWA8_GLVWB8_GRVW8_K1_SS0_SVW4_WSGRA0_WSGRB1
#  (8) Cijk_Ailk_Bjlk_F8F8S_BH_GB_MT64x64x16_MI16x16x16x1_SN_GLVWA16_GLVWB16_GRVW16_K1_SS0_SVW4_WSGRA0_WSGRB1
#  (9) Cijk_Ailk_Bjlk_F8F8S_BH_GB_MT64x64x16_MI16x16x16x1_SN_GLVWA4_GLVWB4_GRVW4_K1_SS0_SVW4_WSGRA1_WSGRB1
#  (10) Cijk_Ailk_Bjlk_F8F8S_BH_GB_MT64x64x16_MI16x16x16x1_SN_GLVWA8_GLVWB8_GRVW8_K1_SS0_SVW4_WSGRA1_WSGRB1
#  (11) Cijk_Ailk_Bjlk_F8F8S_BH_GB_MT64x64x16_MI16x16x16x1_SN_GLVWA16_GLVWB16_GRVW16_K1_SS0_SVW4_WSGRA1_WSGRB1
#  (12) Cijk_Ailk_Bjlk_F8F8S_BH_GB_MT64x64x32_MI16x16x16x1_SN_GLVWA4_GLVWB4_GRVW4_K1_SS0_SVW4_WSGRA0_WSGRB0
#  (13) Cijk_Ailk_Bjlk_F8F8S_BH_GB_MT64x64x32_MI16x16x16x1_SN_GLVWA8_GLVWB8_GRVW8_K1_SS0_SVW4_WSGRA0_WSGRB0
#  (14) Cijk_Ailk_Bjlk_F8F8S_BH_GB_MT64x64x32_MI16x16x16x1_SN_GLVWA16_GLVWB16_GRVW16_K1_SS0_SVW4_WSGRA0_WSGRB0
#  (15) Cijk_Ailk_Bjlk_F8F8S_BH_GB_MT64x64x32_MI16x16x16x1_SN_GLVWA4_GLVWB4_GRVW4_K1_SS0_SVW4_WSGRA1_WSGRB0
#  (16) Cijk_Ailk_Bjlk_F8F8S_BH_GB_MT64x64x32_MI16x16x16x1_SN_GLVWA8_GLVWB8_GRVW8_K1_SS0_SVW4_WSGRA1_WSGRB0
#  (17) Cijk_Ailk_Bjlk_F8F8S_BH_GB_MT64x64x32_MI16x16x16x1_SN_GLVWA16_GLVWB16_GRVW16_K1_SS0_SVW4_WSGRA1_WSGRB0
#  (18) Cijk_Ailk_Bjlk_F8F8S_BH_GB_MT64x64x32_MI16x16x16x1_SN_GLVWA4_GLVWB4_GRVW4_K1_SS0_SVW4_WSGRA0_WSGRB1
#  (19) Cijk_Ailk_Bjlk_F8F8S_BH_GB_MT64x64x32_MI16x16x16x1_SN_GLVWA8_GLVWB8_GRVW8_K1_SS0_SVW4_WSGRA0_WSGRB1
#  (20) Cijk_Ailk_Bjlk_F8F8S_BH_GB_MT64x64x32_MI16x16x16x1_SN_GLVWA16_GLVWB16_GRVW16_K1_SS0_SVW4_WSGRA0_WSGRB1
#  (21) Cijk_Ailk_Bjlk_F8F8S_BH_GB_MT64x64x32_MI16x16x16x1_SN_GLVWA4_GLVWB4_GRVW4_K1_SS0_SVW4_WSGRA1_WSGRB1
#  (22) Cijk_Ailk_Bjlk_F8F8S_BH_GB_MT64x64x32_MI16x16x16x1_SN_GLVWA8_GLVWB8_GRVW8_K1_SS0_SVW4_WSGRA1_WSGRB1
#  (23) Cijk_Ailk_Bjlk_F8F8S_BH_GB_MT64x64x32_MI16x16x16x1_SN_GLVWA16_GLVWB16_GRVW16_K1_SS0_SVW4_WSGRA1_WSGRB1
#  (24) Cijk_Ailk_Bjlk_F8F8S_BH_GB_MT64x64x16_MI16x16x16x1_SN_GLVWA4_GLVWB4_GRVW4_K1_SS1_SVW1_WSGRA0_WSGRB0
#  (25) Cijk_Ailk_Bjlk_F8F8S_BH_GB_MT64x64x16_MI16x16x16x1_SN_GLVWA8_GLVWB8_GRVW8_K1_SS1_SVW1_WSGRA0_WSGRB0
#  (26) Cijk_Ailk_Bjlk_F8F8S_BH_GB_MT64x64x16_MI16x16x16x1_SN_GLVWA16_GLVWB16_GRVW16_K1_SS1_SVW1_WSGRA0_WSGRB0
#  (27) Cijk_Ailk_Bjlk_F8F8S_BH_GB_MT64x64x16_MI16x16x16x1_SN_GLVWA4_GLVWB4_GRVW4_K1_SS1_SVW1_WSGRA1_WSGRB0
#  (28) Cijk_Ailk_Bjlk_F8F8S_BH_GB_MT64x64x16_MI16x16x16x1_SN_GLVWA8_GLVWB8_GRVW8_K1_SS1_SVW1_WSGRA1_WSGRB0
#  (29) Cijk_Ailk_Bjlk_F8F8S_BH_GB_MT64x64x16_MI16x16x16x1_SN_GLVWA16_GLVWB16_GRVW16_K1_SS1_SVW1_WSGRA1_WSGRB0
#  (30) Cijk_Ailk_Bjlk_F8F8S_BH_GB_MT64x64x16_MI16x16x16x1_SN_GLVWA4_GLVWB4_GRVW4_K1_SS1_SVW1_WSGRA0_WSGRB1
#  (31) Cijk_Ailk_Bjlk_F8F8S_BH_GB_MT64x64x16_MI16x16x16x1_SN_GLVWA8_GLVWB8_GRVW8_K1_SS1_SVW1_WSGRA0_WSGRB1
#  (32) Cijk_Ailk_Bjlk_F8F8S_BH_GB_MT64x64x16_MI16x16x16x1_SN_GLVWA16_GLVWB16_GRVW16_K1_SS1_SVW1_WSGRA0_WSGRB1
#  (33) Cijk_Ailk_Bjlk_F8F8S_BH_GB_MT64x64x16_MI16x16x16x1_SN_GLVWA4_GLVWB4_GRVW4_K1_SS1_SVW1_WSGRA1_WSGRB1
#  (34) Cijk_Ailk_Bjlk_F8F8S_BH_GB_MT64x64x16_MI16x16x16x1_SN_GLVWA8_GLVWB8_GRVW8_K1_SS1_SVW1_WSGRA1_WSGRB1
#  (35) Cijk_Ailk_Bjlk_F8F8S_BH_GB_MT64x64x16_MI16x16x16x1_SN_GLVWA16_GLVWB16_GRVW16_K1_SS1_SVW1_WSGRA1_WSGRB1
#  (36) Cijk_Ailk_Bjlk_F8F8S_BH_GB_MT64x64x32_MI16x16x16x1_SN_GLVWA4_GLVWB4_GRVW4_K1_SS1_SVW1_WSGRA0_WSGRB0
#  (37) Cijk_Ailk_Bjlk_F8F8S_BH_GB_MT64x64x32_MI16x16x16x1_SN_GLVWA8_GLVWB8_GRVW8_K1_SS1_SVW1_WSGRA0_WSGRB0
#  (38) Cijk_Ailk_Bjlk_F8F8S_BH_GB_MT64x64x32_MI16x16x16x1_SN_GLVWA16_GLVWB16_GRVW16_K1_SS1_SVW1_WSGRA0_WSGRB0
#  (39) Cijk_Ailk_Bjlk_F8F8S_BH_GB_MT64x64x32_MI16x16x16x1_SN_GLVWA4_GLVWB4_GRVW4_K1_SS1_SVW1_WSGRA1_WSGRB0
#  (40) Cijk_Ailk_Bjlk_F8F8S_BH_GB_MT64x64x32_MI16x16x16x1_SN_GLVWA8_GLVWB8_GRVW8_K1_SS1_SVW1_WSGRA1_WSGRB0
#  (41) Cijk_Ailk_Bjlk_F8F8S_BH_GB_MT64x64x32_MI16x16x16x1_SN_GLVWA16_GLVWB16_GRVW16_K1_SS1_SVW1_WSGRA1_WSGRB0
#  (42) Cijk_Ailk_Bjlk_F8F8S_BH_GB_MT64x64x32_MI16x16x16x1_SN_GLVWA4_GLVWB4_GRVW4_K1_SS1_SVW1_WSGRA0_WSGRB1
#  (43) Cijk_Ailk_Bjlk_F8F8S_BH_GB_MT64x64x32_MI16x16x16x1_SN_GLVWA8_GLVWB8_GRVW8_K1_SS1_SVW1_WSGRA0_WSGRB1
#  (44) Cijk_Ailk_Bjlk_F8F8S_BH_GB_MT64x64x32_MI16x16x16x1_SN_GLVWA16_GLVWB16_GRVW16_K1_SS1_SVW1_WSGRA0_WSGRB1
#  (45) Cijk_Ailk_Bjlk_F8F8S_BH_GB_MT64x64x32_MI16x16x16x1_SN_GLVWA4_GLVWB4_GRVW4_K1_SS1_SVW1_WSGRA1_WSGRB1
#  (46) Cijk_Ailk_Bjlk_F8F8S_BH_GB_MT64x64x32_MI16x16x16x1_SN_GLVWA8_GLVWB8_GRVW8_K1_SS1_SVW1_WSGRA1_WSGRB1
#  (47) Cijk_Ailk_Bjlk_F8F8S_BH_GB_MT64x64x32_MI16x16x16x1_SN_GLVWA16_GLVWB16_GRVW16_K1_SS1_SVW1_WSGRA1_WSGRB1
################################################################################
# Merging Solutions:
                                                   # LogicAnalyzer .                              4.2%                                                   # LogicAnalyzer ..                             8.3%                                                    # LogicAnalyzer ...                            10.4%                                                    # LogicAnalyzer ....                           14.6%                                                    # LogicAnalyzer .....                          16.7%                                                    # LogicAnalyzer ......                         20.8%                                                    # LogicAnalyzer .......                        25.0%                                                    # LogicAnalyzer ........                       27.1%                                                    # LogicAnalyzer .........                      31.2%                                                    # LogicAnalyzer ..........                     33.3%                                                    # LogicAnalyzer ...........                    37.5%                                                    # LogicAnalyzer ............                   41.7%                                                    # LogicAnalyzer .............                  43.8%                                                    # LogicAnalyzer ..............                 47.9%                                                    # LogicAnalyzer ...............                50.0%                                                    # LogicAnalyzer ................               54.2%                                                    # LogicAnalyzer .................              58.3%                                                    # LogicAnalyzer ..................             60.4%                                                    # LogicAnalyzer ...................            64.6%                                                    # LogicAnalyzer ....................           66.7%                                                    # LogicAnalyzer .....................          70.8%                                                    # LogicAnalyzer ......................         75.0%                                                    # LogicAnalyzer .......................        77.1%                                                    # LogicAnalyzer ........................       81.2%                                                    # LogicAnalyzer .........................      83.3%                                                    # LogicAnalyzer ..........................     87.5%                                                    # LogicAnalyzer ...........................    91.7%                                                    # LogicAnalyzer ............................   93.8%                                                    # LogicAnalyzer .............................  97.9%                                                     # LogicAnalyzer .............................. 100.0%UnifiedProblemSizes: [[], [], [], [], [], [], [], []]
ExactProblemSizes: {(1, 8192, 1, 1024, 1, 1, 1, 8192), (1, 8192, 1, 8192, 1, 1, 1, 8192), (32, 4096, 1, 8192, 32, 32, 32, 4096), (128, 4096, 1, 8192, 128, 128, 128, 4096), 
(8, 1024, 1, 1024, 8, 8, 8, 1024), (128, 8192, 1, 8192, 128, 128, 128, 8192), (512, 1024, 1, 8192, 512, 512, 512, 1024), (512, 4096, 1, 1024, 512, 512, 512, 4096), (8, 
1024, 1, 4096, 8, 8, 8, 1024), (1, 1024, 1, 1024, 1, 1, 1, 1024), (1, 4096, 1, 8192, 1, 1, 1, 4096), (1, 4096, 1, 1024, 1, 1, 1, 4096), (512, 4096, 1, 4096, 512, 512, 512, 
4096), (8, 8192, 1, 8192, 8, 8, 8, 8192), (32, 4096, 1, 4096, 32, 32, 32, 4096), (1, 4096, 1, 4096, 1, 1, 1, 4096), (1, 1024, 1, 8192, 1, 1, 1, 1024), (32, 1024, 1, 8192, 
32, 32, 32, 1024), (32, 1024, 1, 4096, 32, 32, 32, 1024), (1, 8192, 1, 4096, 1, 1, 1, 8192), (512, 8192, 1, 8192, 512, 512, 512, 8192), (128, 8192, 1, 1024, 128, 128, 128, 
8192), (128, 8192, 1, 4096, 128, 128, 128, 8192), (8, 4096, 1, 8192, 8, 8, 8, 4096), (32, 8192, 1, 4096, 32, 32, 32, 8192), (128, 4096, 1, 4096, 128, 128, 128, 4096), (512,
1024, 1, 1024, 512, 512, 512, 1024), (128, 4096, 1, 1024, 128, 128, 128, 4096), (8, 8192, 1, 1024, 8, 8, 8, 8192), (1, 1024, 1, 4096, 1, 1, 1, 1024), (128, 1024, 1, 4096, 
128, 128, 128, 1024), (8, 4096, 1, 1024, 8, 8, 8, 4096), (512, 8192, 1, 1024, 512, 512, 512, 8192), (512, 8192, 1, 4096, 512, 512, 512, 8192), (128, 1024, 1, 1024, 128, 
128, 128, 1024), (8, 1024, 1, 8192, 8, 8, 8, 1024), (512, 1024, 1, 4096, 512, 512, 512, 1024), (8, 4096, 1, 4096, 8, 8, 8, 4096), (128, 1024, 1, 8192, 128, 128, 128, 1024),
(32, 1024, 1, 1024, 32, 32, 32, 1024), (32, 4096, 1, 1024, 32, 32, 32, 4096), (32, 8192, 1, 1024, 32, 32, 32, 8192), (8, 8192, 1, 4096, 8, 8, 8, 8192), (32, 8192, 1, 8192, 
32, 32, 32, 8192), (512, 4096, 1, 8192, 512, 512, 512, 4096)}
RangeProblemSizes: {(1, 8192, 1, 1024, 1, 1, 1, 8192), (1, 8192, 1, 8192, 1, 1, 1, 8192), (32, 4096, 1, 8192, 32, 32, 32, 4096), (128, 4096, 1, 8192, 128, 128, 128, 4096), 
(8, 1024, 1, 1024, 8, 8, 8, 1024), (128, 8192, 1, 8192, 128, 128, 128, 8192), (512, 1024, 1, 8192, 512, 512, 512, 1024), (512, 4096, 1, 1024, 512, 512, 512, 4096), (8, 
1024, 1, 4096, 8, 8, 8, 1024), (1, 1024, 1, 1024, 1, 1, 1, 1024), (1, 4096, 1, 8192, 1, 1, 1, 4096), (1, 4096, 1, 1024, 1, 1, 1, 4096), (512, 4096, 1, 4096, 512, 512, 512, 
4096), (8, 8192, 1, 8192, 8, 8, 8, 8192), (32, 4096, 1, 4096, 32, 32, 32, 4096), (1, 4096, 1, 4096, 1, 1, 1, 4096), (1, 1024, 1, 8192, 1, 1, 1, 1024), (32, 1024, 1, 8192, 
32, 32, 32, 1024), (32, 1024, 1, 4096, 32, 32, 32, 1024), (1, 8192, 1, 4096, 1, 1, 1, 8192), (512, 8192, 1, 8192, 512, 512, 512, 8192), (128, 8192, 1, 1024, 128, 128, 128, 
8192), (128, 8192, 1, 4096, 128, 128, 128, 8192), (8, 4096, 1, 8192, 8, 8, 8, 4096), (32, 8192, 1, 4096, 32, 32, 32, 8192), (128, 4096, 1, 4096, 128, 128, 128, 4096), (512,
1024, 1, 1024, 512, 512, 512, 1024), (128, 4096, 1, 1024, 128, 128, 128, 4096), (8, 8192, 1, 1024, 8, 8, 8, 8192), (1, 1024, 1, 4096, 1, 1, 1, 1024), (128, 1024, 1, 4096, 
128, 128, 128, 1024), (8, 4096, 1, 1024, 8, 8, 8, 4096), (512, 8192, 1, 1024, 512, 512, 512, 8192), (512, 8192, 1, 4096, 512, 512, 512, 8192), (128, 1024, 1, 1024, 128, 
128, 128, 1024), (8, 1024, 1, 8192, 8, 8, 8, 1024), (512, 1024, 1, 4096, 512, 512, 512, 1024), (8, 4096, 1, 4096, 8, 8, 8, 4096), (128, 1024, 1, 8192, 128, 128, 128, 1024),
(32, 1024, 1, 1024, 32, 32, 32, 1024), (32, 4096, 1, 1024, 32, 32, 32, 4096), (32, 8192, 1, 1024, 32, 32, 32, 8192), (8, 8192, 1, 4096, 8, 8, 8, 8192), (32, 8192, 1, 8192, 
32, 32, 32, 8192), (512, 4096, 1, 8192, 512, 512, 512, 4096)}
# NumProblemSizes: [0, 0, 0, 0, 0, 0, 0, 0]
TotalProblems: 0
TotalSolutions: 48
TotalSize: 0
IndexOrder: [2, 3, 0, 1]
reading datafile /home/iamthecage/out-v2/f8_to_f8_wmma_gb_fixed_nt/2_BenchmarkData/Cijk_Ailk_Bjlk_F8F8S_BH_GB_00.csv
# ExactWinners: {(8, 1024, 1, 1024, 8, 8, 8, 1024): [37, 326.405], (8, 1024, 1, 4096, 8, 8, 8, 1024): [16, 845.189], (8, 1024, 1, 8192, 8, 8, 8, 1024): [16, 898.132], (8, 
4096, 1, 1024, 8, 8, 8, 4096): [13, 1667.72], (8, 4096, 1, 4096, 8, 8, 8, 4096): [22, 3150.61], (8, 4096, 1, 8192, 8, 8, 8, 4096): [37, 3672.14], (8, 8192, 1, 1024, 8, 8, 
8, 8192): [13, 3292.8], (8, 8192, 1, 4096, 8, 8, 8, 8192): [43, 6043.12], (8, 8192, 1, 8192, 8, 8, 8, 8192): [16, 6322.04], (32, 1024, 1, 1024, 32, 32, 32, 1024): [46, 
1913.02], (32, 1024, 1, 4096, 32, 32, 32, 1024): [17, 4191.68], (32, 1024, 1, 8192, 32, 32, 32, 1024): [41, 3910.74], (32, 4096, 1, 1024, 32, 32, 32, 4096): [17, 7472.94], 
(32, 4096, 1, 4096, 32, 32, 32, 4096): [17, 13773.0], (32, 4096, 1, 8192, 32, 32, 32, 4096): [41, 15693.3], (32, 8192, 1, 1024, 32, 32, 32, 8192): [38, 14620.7], (32, 8192,
1, 4096, 32, 32, 32, 8192): [44, 26472.6], (32, 8192, 1, 8192, 32, 32, 32, 8192): [47, 24492.1], (128, 1024, 1, 1024, 128, 128, 128, 1024): [20, 9282.0], (128, 1024, 1, 
4096, 128, 128, 128, 1024): [16, 16288.6], (128, 1024, 1, 8192, 128, 128, 128, 1024): [17, 17636.9], (128, 4096, 1, 1024, 128, 128, 128, 4096): [23, 39886.4], (128, 4096, 
1, 4096, 128, 128, 128, 4096): [47, 65034.9], (128, 4096, 1, 8192, 128, 128, 128, 4096): [17, 72919.0], (128, 8192, 1, 1024, 128, 128, 128, 8192): [4, 56394.0], (128, 8192,
1, 4096, 128, 128, 128, 8192): [33, 76722.6], (128, 8192, 1, 8192, 128, 128, 128, 8192): [24, 81374.1], (512, 1024, 1, 1024, 512, 512, 512, 1024): [13, 39130.5], (512, 
1024, 1, 4096, 512, 512, 512, 1024): [17, 65074.3], (512, 1024, 1, 8192, 512, 512, 512, 1024): [23, 73292.3], (512, 4096, 1, 1024, 512, 512, 512, 4096): [11, 71154.7], 
(512, 4096, 1, 4096, 512, 512, 512, 4096): [44, 80354.1], (512, 4096, 1, 8192, 512, 512, 512, 4096): [44, 83235.2], (512, 8192, 1, 1024, 512, 512, 512, 8192): [24, 
88227.7], (512, 8192, 1, 4096, 512, 512, 512, 8192): [45, 92693.0], (512, 8192, 1, 8192, 512, 512, 512, 8192): [11, 105852.0]}
problemIndicesForGlobalRange []
Winners {33, 4, 37, 38, 41, 43, 44, 13, 46, 47, 16, 17, 11, 45, 20, 22, 23, 24}
After Removals:

( 0) Cijk_Ailk_Bjlk_F8F8S_BH_GB_MT64x64x16_MI16x16x16x1_SN_GLVWA8_GLVWB8_GRVW8_K1_SS0_SVW4_WSGRA1_WSGRB0 : 
Cijk_Ailk_Bjlk_F8F8S_BH_GB_MT64x64x16_MI16x16x16x1_SN_1LDSB0_APM1_AAIGTEn1_AAILTEn1_AAV0_ABV0_ACED0_AF0EM1_AF1EM1_AMAS0_ASE_ASGT_ASLT_ASM_ASAE01_ASBE01_ASCE01_ASDE01_ASEM1_
AAC0_BL1_BS1_CUM0_CDO0_CTDA0_CLR0_DSK0_DRA0_DU16_DULD1_DTLA0_DTLB0_DTVA0_DTVB0_DAF0_DKP0_DVO0_ETSP_EPS0_ELFLR0_EMLL0_FSSC10_F16AI0_F16AIR0_FL0_GLVWA8_GLVWB8_GR2A1_GR2B1_GRC
GA1_GRCGB1_GRCVA1_GRCVB1_GRPM1_GRVW8_GSU1_GSUASB_GSUAA0_GSUSARR1_GSUWGMRR0_GLS0_ISA1201_IU1_IA0_KLA_LEL0_LBSPPA512_LBSPPB512_LPA16_LPB16_LDL1_LR2A1_LR2B1_LRVW8_LW2A1_LW2B1_
LWPMn1_LDW0_LT1_FMA_MIAV1_MTSM64_MTSM1_MDA2_MI16_16_16_1_MO40_MVN256_MMFSC_MKFGSU256_MVN0_NR0_NTA0_NTB0_NTC0_NTD0_NEPBS0_NLCA1_NLCB1_ONLL0_OPLV0_PBD0_PFD1_PG2_PSD0_PSLn1_PW
Cn1_PWLn1_PK0_PKAB0_PAP0_PAPM0_PGR0_PLR0_PKA0_RK0_SGR0_SIA0_SLW0_SS0_SU32_SUM0_SUS256_SCIU0_SCIUE0_SCIUI1_SCIUPL0_SPO0_SRVW0_SSO0_SVW4_SK0_SKA0_SKXCCM0_SNLL0_TSGRA0_TSGRB0_
TT4_64_TLDS0_UIIDU0_UMLDSA0_UMLDSB0_UMF0_U64SL1_UIOFGRO0_USFGROn1_VAW1_VSn1_VW1_VWB1_VFLRP0_WSGRA1_WSGRB0_WS32_WG16_2_1_WGM8_WGMTB
( 1) Cijk_Ailk_Bjlk_F8F8S_BH_GB_MT64x64x16_MI16x16x16x1_SN_GLVWA16_GLVWB16_GRVW16_K1_SS0_SVW4_WSGRA1_WSGRB1 : 
Cijk_Ailk_Bjlk_F8F8S_BH_GB_MT64x64x16_MI16x16x16x1_SN_1LDSB0_APM1_AAIGTEn1_AAILTEn1_AAV0_ABV0_ACED0_AF0EM1_AF1EM1_AMAS0_ASE_ASGT_ASLT_ASM_ASAE01_ASBE01_ASCE01_ASDE01_ASEM1_
AAC0_BL1_BS1_CUM0_CDO0_CTDA0_CLR0_DSK0_DRA0_DU16_DULD1_DTLA0_DTLB0_DTVA0_DTVB0_DAF0_DKP0_DVO0_ETSP_EPS0_ELFLR0_EMLL0_FSSC10_F16AI0_F16AIR0_FL0_GLVWA16_GLVWB16_GR2A1_GR2B1_G
RCGA1_GRCGB1_GRCVA1_GRCVB1_GRPM1_GRVW16_GSU1_GSUASB_GSUAA0_GSUSARR1_GSUWGMRR0_GLS0_ISA1201_IU1_IA0_KLA_LEL0_LBSPPA512_LBSPPB512_LPA16_LPB16_LDL1_LR2A1_LR2B1_LRVW8_LW2A1_LW2
B1_LWPMn1_LDW0_LT1_FMA_MIAV1_MTSM64_MTSM1_MDA2_MI16_16_16_1_MO40_MVN256_MMFSC_MKFGSU256_MVN0_NR0_NTA0_NTB0_NTC0_NTD0_NEPBS0_NLCA1_NLCB1_ONLL0_OPLV0_PBD0_PFD1_PG2_PSD0_PSLn1
_PWCn1_PWLn1_PK0_PKAB0_PAP0_PAPM0_PGR0_PLR0_PKA0_RK0_SGR0_SIA0_SLW0_SS0_SU32_SUM0_SUS256_SCIU0_SCIUE0_SCIUI1_SCIUPL0_SPO0_SRVW0_SSO0_SVW4_SK0_SKA0_SKXCCM0_SNLL0_TSGRA0_TSGR
B0_TT4_64_TLDS0_UIIDU0_UMLDSA0_UMLDSB0_UMF0_U64SL1_UIOFGRO0_USFGROn1_VAW1_VSn1_VW1_VWB1_VFLRP0_WSGRA1_WSGRB1_WS32_WG16_2_1_WGM8_WGMTB
( 2) Cijk_Ailk_Bjlk_F8F8S_BH_GB_MT64x64x32_MI16x16x16x1_SN_GLVWA8_GLVWB8_GRVW8_K1_SS0_SVW4_WSGRA0_WSGRB0 : 
Cijk_Ailk_Bjlk_F8F8S_BH_GB_MT64x64x32_MI16x16x16x1_SN_1LDSB0_APM1_AAIGTEn1_AAILTEn1_AAV0_ABV0_ACED0_AF0EM1_AF1EM1_AMAS0_ASE_ASGT_ASLT_ASM_ASAE01_ASBE01_ASCE01_ASDE01_ASEM1_
AAC0_BL1_BS1_CUM0_CDO0_CTDA0_CLR0_DSK0_DRA0_DU32_DULD1_DTLA0_DTLB0_DTVA0_DTVB0_DAF0_DKP0_DVO0_ETSP_EPS0_ELFLR0_EMLL0_FSSC10_F16AI0_F16AIR0_FL0_GLVWA8_GLVWB8_GR2A1_GR2B1_GRC
GA1_GRCGB1_GRCVA1_GRCVB1_GRPM1_GRVW8_GSU1_GSUASB_GSUAA0_GSUSARR1_GSUWGMRR0_GLS0_ISA1201_IU1_IA0_KLA_LEL0_LBSPPA512_LBSPPB512_LPA16_LPB16_LDL1_LR2A1_LR2B1_LRVW8_LW2A1_LW2B1_
LWPMn1_LDW0_LT1_FMA_MIAV1_MTSM64_MTSM1_MDA2_MI16_16_16_1_MO40_MVN256_MMFSC_MKFGSU256_MVN0_NR0_NTA0_NTB0_NTC0_NTD0_NEPBS0_NLCA1_NLCB1_ONLL0_OPLV0_PBD0_PFD1_PG2_PSD0_PSLn1_PW
Cn1_PWLn1_PK0_PKAB0_PAP0_PAPM0_PGR0_PLR0_PKA0_RK0_SGR0_SIA0_SLW0_SS0_SU32_SUM0_SUS256_SCIU0_SCIUE0_SCIUI1_SCIUPL0_SPO0_SRVW0_SSO0_SVW4_SK0_SKA0_SKXCCM0_SNLL0_TSGRA0_TSGRB0_
TT4_64_TLDS0_UIIDU0_UMLDSA0_UMLDSB0_UMF0_U64SL1_UIOFGRO0_USFGROn1_VAW1_VSn1_VW1_VWB1_VFLRP0_WSGRA0_WSGRB0_WS32_WG16_2_1_WGM8_WGMTB
( 3) Cijk_Ailk_Bjlk_F8F8S_BH_GB_MT64x64x32_MI16x16x16x1_SN_GLVWA8_GLVWB8_GRVW8_K1_SS0_SVW4_WSGRA1_WSGRB0 : 
Cijk_Ailk_Bjlk_F8F8S_BH_GB_MT64x64x32_MI16x16x16x1_SN_1LDSB0_APM1_AAIGTEn1_AAILTEn1_AAV0_ABV0_ACED0_AF0EM1_AF1EM1_AMAS0_ASE_ASGT_ASLT_ASM_ASAE01_ASBE01_ASCE01_ASDE01_ASEM1_
AAC0_BL1_BS1_CUM0_CDO0_CTDA0_CLR0_DSK0_DRA0_DU32_DULD1_DTLA0_DTLB0_DTVA0_DTVB0_DAF0_DKP0_DVO0_ETSP_EPS0_ELFLR0_EMLL0_FSSC10_F16AI0_F16AIR0_FL0_GLVWA8_GLVWB8_GR2A1_GR2B1_GRC
GA1_GRCGB1_GRCVA1_GRCVB1_GRPM1_GRVW8_GSU1_GSUASB_GSUAA0_GSUSARR1_GSUWGMRR0_GLS0_ISA1201_IU1_IA0_KLA_LEL0_LBSPPA512_LBSPPB512_LPA16_LPB16_LDL1_LR2A1_LR2B1_LRVW8_LW2A1_LW2B1_
LWPMn1_LDW0_LT1_FMA_MIAV1_MTSM64_MTSM1_MDA2_MI16_16_16_1_MO40_MVN256_MMFSC_MKFGSU256_MVN0_NR0_NTA0_NTB0_NTC0_NTD0_NEPBS0_NLCA1_NLCB1_ONLL0_OPLV0_PBD0_PFD1_PG2_PSD0_PSLn1_PW
Cn1_PWLn1_PK0_PKAB0_PAP0_PAPM0_PGR0_PLR0_PKA0_RK0_SGR0_SIA0_SLW0_SS0_SU32_SUM0_SUS256_SCIU0_SCIUE0_SCIUI1_SCIUPL0_SPO0_SRVW0_SSO0_SVW4_SK0_SKA0_SKXCCM0_SNLL0_TSGRA0_TSGRB0_
TT4_64_TLDS0_UIIDU0_UMLDSA0_UMLDSB0_UMF0_U64SL1_UIOFGRO0_USFGROn1_VAW1_VSn1_VW1_VWB1_VFLRP0_WSGRA1_WSGRB0_WS32_WG16_2_1_WGM8_WGMTB
( 4) Cijk_Ailk_Bjlk_F8F8S_BH_GB_MT64x64x32_MI16x16x16x1_SN_GLVWA16_GLVWB16_GRVW16_K1_SS0_SVW4_WSGRA1_WSGRB0 : 
Cijk_Ailk_Bjlk_F8F8S_BH_GB_MT64x64x32_MI16x16x16x1_SN_1LDSB0_APM1_AAIGTEn1_AAILTEn1_AAV0_ABV0_ACED0_AF0EM1_AF1EM1_AMAS0_ASE_ASGT_ASLT_ASM_ASAE01_ASBE01_ASCE01_ASDE01_ASEM1_
AAC0_BL1_BS1_CUM0_CDO0_CTDA0_CLR0_DSK0_DRA0_DU32_DULD1_DTLA0_DTLB0_DTVA0_DTVB0_DAF0_DKP0_DVO0_ETSP_EPS0_ELFLR0_EMLL0_FSSC10_F16AI0_F16AIR0_FL0_GLVWA16_GLVWB16_GR2A1_GR2B1_G
RCGA1_GRCGB1_GRCVA1_GRCVB1_GRPM1_GRVW16_GSU1_GSUASB_GSUAA0_GSUSARR1_GSUWGMRR0_GLS0_ISA1201_IU1_IA0_KLA_LEL0_LBSPPA512_LBSPPB512_LPA16_LPB16_LDL1_LR2A1_LR2B1_LRVW8_LW2A1_LW2
B1_LWPMn1_LDW0_LT1_FMA_MIAV1_MTSM64_MTSM1_MDA2_MI16_16_16_1_MO40_MVN256_MMFSC_MKFGSU256_MVN0_NR0_NTA0_NTB0_NTC0_NTD0_NEPBS0_NLCA1_NLCB1_ONLL0_OPLV0_PBD0_PFD1_PG2_PSD0_PSLn1
_PWCn1_PWLn1_PK0_PKAB0_PAP0_PAPM0_PGR0_PLR0_PKA0_RK0_SGR0_SIA0_SLW0_SS0_SU32_SUM0_SUS256_SCIU0_SCIUE0_SCIUI1_SCIUPL0_SPO0_SRVW0_SSO0_SVW4_SK0_SKA0_SKXCCM0_SNLL0_TSGRA0_TSGR
B0_TT4_64_TLDS0_UIIDU0_UMLDSA0_UMLDSB0_UMF0_U64SL1_UIOFGRO0_USFGROn1_VAW1_VSn1_VW1_VWB1_VFLRP0_WSGRA1_WSGRB0_WS32_WG16_2_1_WGM8_WGMTB
( 5) Cijk_Ailk_Bjlk_F8F8S_BH_GB_MT64x64x32_MI16x16x16x1_SN_GLVWA16_GLVWB16_GRVW16_K1_SS0_SVW4_WSGRA0_WSGRB1 : 
Cijk_Ailk_Bjlk_F8F8S_BH_GB_MT64x64x32_MI16x16x16x1_SN_1LDSB0_APM1_AAIGTEn1_AAILTEn1_AAV0_ABV0_ACED0_AF0EM1_AF1EM1_AMAS0_ASE_ASGT_ASLT_ASM_ASAE01_ASBE01_ASCE01_ASDE01_ASEM1_
AAC0_BL1_BS1_CUM0_CDO0_CTDA0_CLR0_DSK0_DRA0_DU32_DULD1_DTLA0_DTLB0_DTVA0_DTVB0_DAF0_DKP0_DVO0_ETSP_EPS0_ELFLR0_EMLL0_FSSC10_F16AI0_F16AIR0_FL0_GLVWA16_GLVWB16_GR2A1_GR2B1_G
RCGA1_GRCGB1_GRCVA1_GRCVB1_GRPM1_GRVW16_GSU1_GSUASB_GSUAA0_GSUSARR1_GSUWGMRR0_GLS0_ISA1201_IU1_IA0_KLA_LEL0_LBSPPA512_LBSPPB512_LPA16_LPB16_LDL1_LR2A1_LR2B1_LRVW8_LW2A1_LW2
B1_LWPMn1_LDW0_LT1_FMA_MIAV1_MTSM64_MTSM1_MDA2_MI16_16_16_1_MO40_MVN256_MMFSC_MKFGSU256_MVN0_NR0_NTA0_NTB0_NTC0_NTD0_NEPBS0_NLCA1_NLCB1_ONLL0_OPLV0_PBD0_PFD1_PG2_PSD0_PSLn1
_PWCn1_PWLn1_PK0_PKAB0_PAP0_PAPM0_PGR0_PLR0_PKA0_RK0_SGR0_SIA0_SLW0_SS0_SU32_SUM0_SUS256_SCIU0_SCIUE0_SCIUI1_SCIUPL0_SPO0_SRVW0_SSO0_SVW4_SK0_SKA0_SKXCCM0_SNLL0_TSGRA0_TSGR
B0_TT4_64_TLDS0_UIIDU0_UMLDSA0_UMLDSB0_UMF0_U64SL1_UIOFGRO0_USFGROn1_VAW1_VSn1_VW1_VWB1_VFLRP0_WSGRA0_WSGRB1_WS32_WG16_2_1_WGM8_WGMTB
( 6) Cijk_Ailk_Bjlk_F8F8S_BH_GB_MT64x64x32_MI16x16x16x1_SN_GLVWA8_GLVWB8_GRVW8_K1_SS0_SVW4_WSGRA1_WSGRB1 : 
Cijk_Ailk_Bjlk_F8F8S_BH_GB_MT64x64x32_MI16x16x16x1_SN_1LDSB0_APM1_AAIGTEn1_AAILTEn1_AAV0_ABV0_ACED0_AF0EM1_AF1EM1_AMAS0_ASE_ASGT_ASLT_ASM_ASAE01_ASBE01_ASCE01_ASDE01_ASEM1_
AAC0_BL1_BS1_CUM0_CDO0_CTDA0_CLR0_DSK0_DRA0_DU32_DULD1_DTLA0_DTLB0_DTVA0_DTVB0_DAF0_DKP0_DVO0_ETSP_EPS0_ELFLR0_EMLL0_FSSC10_F16AI0_F16AIR0_FL0_GLVWA8_GLVWB8_GR2A1_GR2B1_GRC
GA1_GRCGB1_GRCVA1_GRCVB1_GRPM1_GRVW8_GSU1_GSUASB_GSUAA0_GSUSARR1_GSUWGMRR0_GLS0_ISA1201_IU1_IA0_KLA_LEL0_LBSPPA512_LBSPPB512_LPA16_LPB16_LDL1_LR2A1_LR2B1_LRVW8_LW2A1_LW2B1_
LWPMn1_LDW0_LT1_FMA_MIAV1_MTSM64_MTSM1_MDA2_MI16_16_16_1_MO40_MVN256_MMFSC_MKFGSU256_MVN0_NR0_NTA0_NTB0_NTC0_NTD0_NEPBS0_NLCA1_NLCB1_ONLL0_OPLV0_PBD0_PFD1_PG2_PSD0_PSLn1_PW
Cn1_PWLn1_PK0_PKAB0_PAP0_PAPM0_PGR0_PLR0_PKA0_RK0_SGR0_SIA0_SLW0_SS0_SU32_SUM0_SUS256_SCIU0_SCIUE0_SCIUI1_SCIUPL0_SPO0_SRVW0_SSO0_SVW4_SK0_SKA0_SKXCCM0_SNLL0_TSGRA0_TSGRB0_
TT4_64_TLDS0_UIIDU0_UMLDSA0_UMLDSB0_UMF0_U64SL1_UIOFGRO0_USFGROn1_VAW1_VSn1_VW1_VWB1_VFLRP0_WSGRA1_WSGRB1_WS32_WG16_2_1_WGM8_WGMTB
( 7) Cijk_Ailk_Bjlk_F8F8S_BH_GB_MT64x64x32_MI16x16x16x1_SN_GLVWA16_GLVWB16_GRVW16_K1_SS0_SVW4_WSGRA1_WSGRB1 : 
Cijk_Ailk_Bjlk_F8F8S_BH_GB_MT64x64x32_MI16x16x16x1_SN_1LDSB0_APM1_AAIGTEn1_AAILTEn1_AAV0_ABV0_ACED0_AF0EM1_AF1EM1_AMAS0_ASE_ASGT_ASLT_ASM_ASAE01_ASBE01_ASCE01_ASDE01_ASEM1_
AAC0_BL1_BS1_CUM0_CDO0_CTDA0_CLR0_DSK0_DRA0_DU32_DULD1_DTLA0_DTLB0_DTVA0_DTVB0_DAF0_DKP0_DVO0_ETSP_EPS0_ELFLR0_EMLL0_FSSC10_F16AI0_F16AIR0_FL0_GLVWA16_GLVWB16_GR2A1_GR2B1_G
RCGA1_GRCGB1_GRCVA1_GRCVB1_GRPM1_GRVW16_GSU1_GSUASB_GSUAA0_GSUSARR1_GSUWGMRR0_GLS0_ISA1201_IU1_IA0_KLA_LEL0_LBSPPA512_LBSPPB512_LPA16_LPB16_LDL1_LR2A1_LR2B1_LRVW8_LW2A1_LW2
B1_LWPMn1_LDW0_LT1_FMA_MIAV1_MTSM64_MTSM1_MDA2_MI16_16_16_1_MO40_MVN256_MMFSC_MKFGSU256_MVN0_NR0_NTA0_NTB0_NTC0_NTD0_NEPBS0_NLCA1_NLCB1_ONLL0_OPLV0_PBD0_PFD1_PG2_PSD0_PSLn1
_PWCn1_PWLn1_PK0_PKAB0_PAP0_PAPM0_PGR0_PLR0_PKA0_RK0_SGR0_SIA0_SLW0_SS0_SU32_SUM0_SUS256_SCIU0_SCIUE0_SCIUI1_SCIUPL0_SPO0_SRVW0_SSO0_SVW4_SK0_SKA0_SKXCCM0_SNLL0_TSGRA0_TSGR
B0_TT4_64_TLDS0_UIIDU0_UMLDSA0_UMLDSB0_UMF0_U64SL1_UIOFGRO0_USFGROn1_VAW1_VSn1_VW1_VWB1_VFLRP0_WSGRA1_WSGRB1_WS32_WG16_2_1_WGM8_WGMTB
( 8) Cijk_Ailk_Bjlk_F8F8S_BH_GB_MT64x64x16_MI16x16x16x1_SN_GLVWA4_GLVWB4_GRVW4_K1_SS1_SVW1_WSGRA0_WSGRB0 : 
Cijk_Ailk_Bjlk_F8F8S_BH_GB_MT64x64x16_MI16x16x16x1_SN_1LDSB0_APM1_AAIGTEn1_AAILTEn1_AAV0_ABV0_ACED0_AF0EM1_AF1EM1_AMAS0_ASE_ASGT_ASLT_ASM_ASAE01_ASBE01_ASCE01_ASDE01_ASEM1_
AAC0_BL1_BS1_CUM0_CDO0_CTDA0_CLR0_DSK0_DRA0_DU16_DULD1_DTLA0_DTLB0_DTVA0_DTVB0_DAF0_DKP0_DVO0_ETSP_EPS0_ELFLR0_EMLL0_FSSC10_F16AI0_F16AIR0_FL0_GLVWA4_GLVWB4_GR2A1_GR2B1_GRC
GA1_GRCGB1_GRCVA1_GRCVB1_GRPM1_GRVW4_GSU1_GSUASB_GSUAA0_GSUSARR1_GSUWGMRR0_GLS0_ISA1201_IU1_IA0_KLA_LEL0_LBSPPA512_LBSPPB512_LPA16_LPB16_LDL1_LR2A1_LR2B1_LRVW8_LW2A1_LW2B1_
LWPMn1_LDW0_LT1_FMA_MIAV1_MTSM64_MTSM1_MDA2_MI16_16_16_1_MO40_MVN256_MMFSC_MKFGSU256_MVN0_NR0_NTA0_NTB0_NTC0_NTD0_NEPBS0_NLCA1_NLCB1_ONLL0_OPLV0_PBD0_PFD1_PG2_PSD0_PSLn1_PW
Cn1_PWLn1_PK0_PKAB0_PAP0_PAPM0_PGR0_PLR0_PKA0_RK0_SGR0_SIA0_SLW0_SS1_SU32_SUM0_SUS256_SCIU0_SCIUE0_SCIUI1_SCIUPL0_SPO0_SRVW0_SSO0_SVW1_SK0_SKA0_SKXCCM0_SNLL0_TSGRA0_TSGRB0_
TT4_64_TLDS0_UIIDU0_UMLDSA0_UMLDSB0_UMF0_U64SL1_UIOFGRO0_USFGROn1_VAW1_VSn1_VW1_VWB1_VFLRP0_WSGRA0_WSGRB0_WS32_WG16_2_1_WGM8_WGMTB
( 9) Cijk_Ailk_Bjlk_F8F8S_BH_GB_MT64x64x16_MI16x16x16x1_SN_GLVWA4_GLVWB4_GRVW4_K1_SS1_SVW1_WSGRA1_WSGRB1 : 
Cijk_Ailk_Bjlk_F8F8S_BH_GB_MT64x64x16_MI16x16x16x1_SN_1LDSB0_APM1_AAIGTEn1_AAILTEn1_AAV0_ABV0_ACED0_AF0EM1_AF1EM1_AMAS0_ASE_ASGT_ASLT_ASM_ASAE01_ASBE01_ASCE01_ASDE01_ASEM1_
AAC0_BL1_BS1_CUM0_CDO0_CTDA0_CLR0_DSK0_DRA0_DU16_DULD1_DTLA0_DTLB0_DTVA0_DTVB0_DAF0_DKP0_DVO0_ETSP_EPS0_ELFLR0_EMLL0_FSSC10_F16AI0_F16AIR0_FL0_GLVWA4_GLVWB4_GR2A1_GR2B1_GRC
GA1_GRCGB1_GRCVA1_GRCVB1_GRPM1_GRVW4_GSU1_GSUASB_GSUAA0_GSUSARR1_GSUWGMRR0_GLS0_ISA1201_IU1_IA0_KLA_LEL0_LBSPPA512_LBSPPB512_LPA16_LPB16_LDL1_LR2A1_LR2B1_LRVW8_LW2A1_LW2B1_
LWPMn1_LDW0_LT1_FMA_MIAV1_MTSM64_MTSM1_MDA2_MI16_16_16_1_MO40_MVN256_MMFSC_MKFGSU256_MVN0_NR0_NTA0_NTB0_NTC0_NTD0_NEPBS0_NLCA1_NLCB1_ONLL0_OPLV0_PBD0_PFD1_PG2_PSD0_PSLn1_PW
Cn1_PWLn1_PK0_PKAB0_PAP0_PAPM0_PGR0_PLR0_PKA0_RK0_SGR0_SIA0_SLW0_SS1_SU32_SUM0_SUS256_SCIU0_SCIUE0_SCIUI1_SCIUPL0_SPO0_SRVW0_SSO0_SVW1_SK0_SKA0_SKXCCM0_SNLL0_TSGRA0_TSGRB0_
TT4_64_TLDS0_UIIDU0_UMLDSA0_UMLDSB0_UMF0_U64SL1_UIOFGRO0_USFGROn1_VAW1_VSn1_VW1_VWB1_VFLRP0_WSGRA1_WSGRB1_WS32_WG16_2_1_WGM8_WGMTB
(10) Cijk_Ailk_Bjlk_F8F8S_BH_GB_MT64x64x32_MI16x16x16x1_SN_GLVWA8_GLVWB8_GRVW8_K1_SS1_SVW1_WSGRA0_WSGRB0 : 
Cijk_Ailk_Bjlk_F8F8S_BH_GB_MT64x64x32_MI16x16x16x1_SN_1LDSB0_APM1_AAIGTEn1_AAILTEn1_AAV0_ABV0_ACED0_AF0EM1_AF1EM1_AMAS0_ASE_ASGT_ASLT_ASM_ASAE01_ASBE01_ASCE01_ASDE01_ASEM1_
AAC0_BL1_BS1_CUM0_CDO0_CTDA0_CLR0_DSK0_DRA0_DU32_DULD1_DTLA0_DTLB0_DTVA0_DTVB0_DAF0_DKP0_DVO0_ETSP_EPS0_ELFLR0_EMLL0_FSSC10_F16AI0_F16AIR0_FL0_GLVWA8_GLVWB8_GR2A1_GR2B1_GRC
GA1_GRCGB1_GRCVA1_GRCVB1_GRPM1_GRVW8_GSU1_GSUASB_GSUAA0_GSUSARR1_GSUWGMRR0_GLS0_ISA1201_IU1_IA0_KLA_LEL0_LBSPPA512_LBSPPB512_LPA16_LPB16_LDL1_LR2A1_LR2B1_LRVW8_LW2A1_LW2B1_
LWPMn1_LDW0_LT1_FMA_MIAV1_MTSM64_MTSM1_MDA2_MI16_16_16_1_MO40_MVN256_MMFSC_MKFGSU256_MVN0_NR0_NTA0_NTB0_NTC0_NTD0_NEPBS0_NLCA1_NLCB1_ONLL0_OPLV0_PBD0_PFD1_PG2_PSD0_PSLn1_PW
Cn1_PWLn1_PK0_PKAB0_PAP0_PAPM0_PGR0_PLR0_PKA0_RK0_SGR0_SIA0_SLW0_SS1_SU32_SUM0_SUS256_SCIU0_SCIUE0_SCIUI1_SCIUPL0_SPO0_SRVW0_SSO0_SVW1_SK0_SKA0_SKXCCM0_SNLL0_TSGRA0_TSGRB0_
TT4_64_TLDS0_UIIDU0_UMLDSA0_UMLDSB0_UMF0_U64SL1_UIOFGRO0_USFGROn1_VAW1_VSn1_VW1_VWB1_VFLRP0_WSGRA0_WSGRB0_WS32_WG16_2_1_WGM8_WGMTB
(11) Cijk_Ailk_Bjlk_F8F8S_BH_GB_MT64x64x32_MI16x16x16x1_SN_GLVWA16_GLVWB16_GRVW16_K1_SS1_SVW1_WSGRA0_WSGRB0 : 
Cijk_Ailk_Bjlk_F8F8S_BH_GB_MT64x64x32_MI16x16x16x1_SN_1LDSB0_APM1_AAIGTEn1_AAILTEn1_AAV0_ABV0_ACED0_AF0EM1_AF1EM1_AMAS0_ASE_ASGT_ASLT_ASM_ASAE01_ASBE01_ASCE01_ASDE01_ASEM1_
AAC0_BL1_BS1_CUM0_CDO0_CTDA0_CLR0_DSK0_DRA0_DU32_DULD1_DTLA0_DTLB0_DTVA0_DTVB0_DAF0_DKP0_DVO0_ETSP_EPS0_ELFLR0_EMLL0_FSSC10_F16AI0_F16AIR0_FL0_GLVWA16_GLVWB16_GR2A1_GR2B1_G
RCGA1_GRCGB1_GRCVA1_GRCVB1_GRPM1_GRVW16_GSU1_GSUASB_GSUAA0_GSUSARR1_GSUWGMRR0_GLS0_ISA1201_IU1_IA0_KLA_LEL0_LBSPPA512_LBSPPB512_LPA16_LPB16_LDL1_LR2A1_LR2B1_LRVW8_LW2A1_LW2
B1_LWPMn1_LDW0_LT1_FMA_MIAV1_MTSM64_MTSM1_MDA2_MI16_16_16_1_MO40_MVN256_MMFSC_MKFGSU256_MVN0_NR0_NTA0_NTB0_NTC0_NTD0_NEPBS0_NLCA1_NLCB1_ONLL0_OPLV0_PBD0_PFD1_PG2_PSD0_PSLn1
_PWCn1_PWLn1_PK0_PKAB0_PAP0_PAPM0_PGR0_PLR0_PKA0_RK0_SGR0_SIA0_SLW0_SS1_SU32_SUM0_SUS256_SCIU0_SCIUE0_SCIUI1_SCIUPL0_SPO0_SRVW0_SSO0_SVW1_SK0_SKA0_SKXCCM0_SNLL0_TSGRA0_TSGR
B0_TT4_64_TLDS0_UIIDU0_UMLDSA0_UMLDSB0_UMF0_U64SL1_UIOFGRO0_USFGROn1_VAW1_VSn1_VW1_VWB1_VFLRP0_WSGRA0_WSGRB0_WS32_WG16_2_1_WGM8_WGMTB
(12) Cijk_Ailk_Bjlk_F8F8S_BH_GB_MT64x64x32_MI16x16x16x1_SN_GLVWA16_GLVWB16_GRVW16_K1_SS1_SVW1_WSGRA1_WSGRB0 : 
Cijk_Ailk_Bjlk_F8F8S_BH_GB_MT64x64x32_MI16x16x16x1_SN_1LDSB0_APM1_AAIGTEn1_AAILTEn1_AAV0_ABV0_ACED0_AF0EM1_AF1EM1_AMAS0_ASE_ASGT_ASLT_ASM_ASAE01_ASBE01_ASCE01_ASDE01_ASEM1_
AAC0_BL1_BS1_CUM0_CDO0_CTDA0_CLR0_DSK0_DRA0_DU32_DULD1_DTLA0_DTLB0_DTVA0_DTVB0_DAF0_DKP0_DVO0_ETSP_EPS0_ELFLR0_EMLL0_FSSC10_F16AI0_F16AIR0_FL0_GLVWA16_GLVWB16_GR2A1_GR2B1_G
RCGA1_GRCGB1_GRCVA1_GRCVB1_GRPM1_GRVW16_GSU1_GSUASB_GSUAA0_GSUSARR1_GSUWGMRR0_GLS0_ISA1201_IU1_IA0_KLA_LEL0_LBSPPA512_LBSPPB512_LPA16_LPB16_LDL1_LR2A1_LR2B1_LRVW8_LW2A1_LW2
B1_LWPMn1_LDW0_LT1_FMA_MIAV1_MTSM64_MTSM1_MDA2_MI16_16_16_1_MO40_MVN256_MMFSC_MKFGSU256_MVN0_NR0_NTA0_NTB0_NTC0_NTD0_NEPBS0_NLCA1_NLCB1_ONLL0_OPLV0_PBD0_PFD1_PG2_PSD0_PSLn1
_PWCn1_PWLn1_PK0_PKAB0_PAP0_PAPM0_PGR0_PLR0_PKA0_RK0_SGR0_SIA0_SLW0_SS1_SU32_SUM0_SUS256_SCIU0_SCIUE0_SCIUI1_SCIUPL0_SPO0_SRVW0_SSO0_SVW1_SK0_SKA0_SKXCCM0_SNLL0_TSGRA0_TSGR
B0_TT4_64_TLDS0_UIIDU0_UMLDSA0_UMLDSB0_UMF0_U64SL1_UIOFGRO0_USFGROn1_VAW1_VSn1_VW1_VWB1_VFLRP0_WSGRA1_WSGRB0_WS32_WG16_2_1_WGM8_WGMTB
(13) Cijk_Ailk_Bjlk_F8F8S_BH_GB_MT64x64x32_MI16x16x16x1_SN_GLVWA8_GLVWB8_GRVW8_K1_SS1_SVW1_WSGRA0_WSGRB1 : 
Cijk_Ailk_Bjlk_F8F8S_BH_GB_MT64x64x32_MI16x16x16x1_SN_1LDSB0_APM1_AAIGTEn1_AAILTEn1_AAV0_ABV0_ACED0_AF0EM1_AF1EM1_AMAS0_ASE_ASGT_ASLT_ASM_ASAE01_ASBE01_ASCE01_ASDE01_ASEM1_
AAC0_BL1_BS1_CUM0_CDO0_CTDA0_CLR0_DSK0_DRA0_DU32_DULD1_DTLA0_DTLB0_DTVA0_DTVB0_DAF0_DKP0_DVO0_ETSP_EPS0_ELFLR0_EMLL0_FSSC10_F16AI0_F16AIR0_FL0_GLVWA8_GLVWB8_GR2A1_GR2B1_GRC
GA1_GRCGB1_GRCVA1_GRCVB1_GRPM1_GRVW8_GSU1_GSUASB_GSUAA0_GSUSARR1_GSUWGMRR0_GLS0_ISA1201_IU1_IA0_KLA_LEL0_LBSPPA512_LBSPPB512_LPA16_LPB16_LDL1_LR2A1_LR2B1_LRVW8_LW2A1_LW2B1_
LWPMn1_LDW0_LT1_FMA_MIAV1_MTSM64_MTSM1_MDA2_MI16_16_16_1_MO40_MVN256_MMFSC_MKFGSU256_MVN0_NR0_NTA0_NTB0_NTC0_NTD0_NEPBS0_NLCA1_NLCB1_ONLL0_OPLV0_PBD0_PFD1_PG2_PSD0_PSLn1_PW
Cn1_PWLn1_PK0_PKAB0_PAP0_PAPM0_PGR0_PLR0_PKA0_RK0_SGR0_SIA0_SLW0_SS1_SU32_SUM0_SUS256_SCIU0_SCIUE0_SCIUI1_SCIUPL0_SPO0_SRVW0_SSO0_SVW1_SK0_SKA0_SKXCCM0_SNLL0_TSGRA0_TSGRB0_
TT4_64_TLDS0_UIIDU0_UMLDSA0_UMLDSB0_UMF0_U64SL1_UIOFGRO0_USFGROn1_VAW1_VSn1_VW1_VWB1_VFLRP0_WSGRA0_WSGRB1_WS32_WG16_2_1_WGM8_WGMTB
(14) Cijk_Ailk_Bjlk_F8F8S_BH_GB_MT64x64x32_MI16x16x16x1_SN_GLVWA16_GLVWB16_GRVW16_K1_SS1_SVW1_WSGRA0_WSGRB1 : 
Cijk_Ailk_Bjlk_F8F8S_BH_GB_MT64x64x32_MI16x16x16x1_SN_1LDSB0_APM1_AAIGTEn1_AAILTEn1_AAV0_ABV0_ACED0_AF0EM1_AF1EM1_AMAS0_ASE_ASGT_ASLT_ASM_ASAE01_ASBE01_ASCE01_ASDE01_ASEM1_
AAC0_BL1_BS1_CUM0_CDO0_CTDA0_CLR0_DSK0_DRA0_DU32_DULD1_DTLA0_DTLB0_DTVA0_DTVB0_DAF0_DKP0_DVO0_ETSP_EPS0_ELFLR0_EMLL0_FSSC10_F16AI0_F16AIR0_FL0_GLVWA16_GLVWB16_GR2A1_GR2B1_G
RCGA1_GRCGB1_GRCVA1_GRCVB1_GRPM1_GRVW16_GSU1_GSUASB_GSUAA0_GSUSARR1_GSUWGMRR0_GLS0_ISA1201_IU1_IA0_KLA_LEL0_LBSPPA512_LBSPPB512_LPA16_LPB16_LDL1_LR2A1_LR2B1_LRVW8_LW2A1_LW2
B1_LWPMn1_LDW0_LT1_FMA_MIAV1_MTSM64_MTSM1_MDA2_MI16_16_16_1_MO40_MVN256_MMFSC_MKFGSU256_MVN0_NR0_NTA0_NTB0_NTC0_NTD0_NEPBS0_NLCA1_NLCB1_ONLL0_OPLV0_PBD0_PFD1_PG2_PSD0_PSLn1
_PWCn1_PWLn1_PK0_PKAB0_PAP0_PAPM0_PGR0_PLR0_PKA0_RK0_SGR0_SIA0_SLW0_SS1_SU32_SUM0_SUS256_SCIU0_SCIUE0_SCIUI1_SCIUPL0_SPO0_SRVW0_SSO0_SVW1_SK0_SKA0_SKXCCM0_SNLL0_TSGRA0_TSGR
B0_TT4_64_TLDS0_UIIDU0_UMLDSA0_UMLDSB0_UMF0_U64SL1_UIOFGRO0_USFGROn1_VAW1_VSn1_VW1_VWB1_VFLRP0_WSGRA0_WSGRB1_WS32_WG16_2_1_WGM8_WGMTB
(15) Cijk_Ailk_Bjlk_F8F8S_BH_GB_MT64x64x32_MI16x16x16x1_SN_GLVWA4_GLVWB4_GRVW4_K1_SS1_SVW1_WSGRA1_WSGRB1 : 
Cijk_Ailk_Bjlk_F8F8S_BH_GB_MT64x64x32_MI16x16x16x1_SN_1LDSB0_APM1_AAIGTEn1_AAILTEn1_AAV0_ABV0_ACED0_AF0EM1_AF1EM1_AMAS0_ASE_ASGT_ASLT_ASM_ASAE01_ASBE01_ASCE01_ASDE01_ASEM1_
AAC0_BL1_BS1_CUM0_CDO0_CTDA0_CLR0_DSK0_DRA0_DU32_DULD1_DTLA0_DTLB0_DTVA0_DTVB0_DAF0_DKP0_DVO0_ETSP_EPS0_ELFLR0_EMLL0_FSSC10_F16AI0_F16AIR0_FL0_GLVWA4_GLVWB4_GR2A1_GR2B1_GRC
GA1_GRCGB1_GRCVA1_GRCVB1_GRPM1_GRVW4_GSU1_GSUASB_GSUAA0_GSUSARR1_GSUWGMRR0_GLS0_ISA1201_IU1_IA0_KLA_LEL0_LBSPPA512_LBSPPB512_LPA16_LPB16_LDL1_LR2A1_LR2B1_LRVW8_LW2A1_LW2B1_
LWPMn1_LDW0_LT1_FMA_MIAV1_MTSM64_MTSM1_MDA2_MI16_16_16_1_MO40_MVN256_MMFSC_MKFGSU256_MVN0_NR0_NTA0_NTB0_NTC0_NTD0_NEPBS0_NLCA1_NLCB1_ONLL0_OPLV0_PBD0_PFD1_PG2_PSD0_PSLn1_PW
Cn1_PWLn1_PK0_PKAB0_PAP0_PAPM0_PGR0_PLR0_PKA0_RK0_SGR0_SIA0_SLW0_SS1_SU32_SUM0_SUS256_SCIU0_SCIUE0_SCIUI1_SCIUPL0_SPO0_SRVW0_SSO0_SVW1_SK0_SKA0_SKXCCM0_SNLL0_TSGRA0_TSGRB0_
TT4_64_TLDS0_UIIDU0_UMLDSA0_UMLDSB0_UMF0_U64SL1_UIOFGRO0_USFGROn1_VAW1_VSn1_VW1_VWB1_VFLRP0_WSGRA1_WSGRB1_WS32_WG16_2_1_WGM8_WGMTB
(16) Cijk_Ailk_Bjlk_F8F8S_BH_GB_MT64x64x32_MI16x16x16x1_SN_GLVWA8_GLVWB8_GRVW8_K1_SS1_SVW1_WSGRA1_WSGRB1 : 
Cijk_Ailk_Bjlk_F8F8S_BH_GB_MT64x64x32_MI16x16x16x1_SN_1LDSB0_APM1_AAIGTEn1_AAILTEn1_AAV0_ABV0_ACED0_AF0EM1_AF1EM1_AMAS0_ASE_ASGT_ASLT_ASM_ASAE01_ASBE01_ASCE01_ASDE01_ASEM1_
AAC0_BL1_BS1_CUM0_CDO0_CTDA0_CLR0_DSK0_DRA0_DU32_DULD1_DTLA0_DTLB0_DTVA0_DTVB0_DAF0_DKP0_DVO0_ETSP_EPS0_ELFLR0_EMLL0_FSSC10_F16AI0_F16AIR0_FL0_GLVWA8_GLVWB8_GR2A1_GR2B1_GRC
GA1_GRCGB1_GRCVA1_GRCVB1_GRPM1_GRVW8_GSU1_GSUASB_GSUAA0_GSUSARR1_GSUWGMRR0_GLS0_ISA1201_IU1_IA0_KLA_LEL0_LBSPPA512_LBSPPB512_LPA16_LPB16_LDL1_LR2A1_LR2B1_LRVW8_LW2A1_LW2B1_
LWPMn1_LDW0_LT1_FMA_MIAV1_MTSM64_MTSM1_MDA2_MI16_16_16_1_MO40_MVN256_MMFSC_MKFGSU256_MVN0_NR0_NTA0_NTB0_NTC0_NTD0_NEPBS0_NLCA1_NLCB1_ONLL0_OPLV0_PBD0_PFD1_PG2_PSD0_PSLn1_PW
Cn1_PWLn1_PK0_PKAB0_PAP0_PAPM0_PGR0_PLR0_PKA0_RK0_SGR0_SIA0_SLW0_SS1_SU32_SUM0_SUS256_SCIU0_SCIUE0_SCIUI1_SCIUPL0_SPO0_SRVW0_SSO0_SVW1_SK0_SKA0_SKXCCM0_SNLL0_TSGRA0_TSGRB0_
TT4_64_TLDS0_UIIDU0_UMLDSA0_UMLDSB0_UMF0_U64SL1_UIOFGRO0_USFGROn1_VAW1_VSn1_VW1_VWB1_VFLRP0_WSGRA1_WSGRB1_WS32_WG16_2_1_WGM8_WGMTB
(17) Cijk_Ailk_Bjlk_F8F8S_BH_GB_MT64x64x32_MI16x16x16x1_SN_GLVWA16_GLVWB16_GRVW16_K1_SS1_SVW1_WSGRA1_WSGRB1 : 
Cijk_Ailk_Bjlk_F8F8S_BH_GB_MT64x64x32_MI16x16x16x1_SN_1LDSB0_APM1_AAIGTEn1_AAILTEn1_AAV0_ABV0_ACED0_AF0EM1_AF1EM1_AMAS0_ASE_ASGT_ASLT_ASM_ASAE01_ASBE01_ASCE01_ASDE01_ASEM1_
AAC0_BL1_BS1_CUM0_CDO0_CTDA0_CLR0_DSK0_DRA0_DU32_DULD1_DTLA0_DTLB0_DTVA0_DTVB0_DAF0_DKP0_DVO0_ETSP_EPS0_ELFLR0_EMLL0_FSSC10_F16AI0_F16AIR0_FL0_GLVWA16_GLVWB16_GR2A1_GR2B1_G
RCGA1_GRCGB1_GRCVA1_GRCVB1_GRPM1_GRVW16_GSU1_GSUASB_GSUAA0_GSUSARR1_GSUWGMRR0_GLS0_ISA1201_IU1_IA0_KLA_LEL0_LBSPPA512_LBSPPB512_LPA16_LPB16_LDL1_LR2A1_LR2B1_LRVW8_LW2A1_LW2
B1_LWPMn1_LDW0_LT1_FMA_MIAV1_MTSM64_MTSM1_MDA2_MI16_16_16_1_MO40_MVN256_MMFSC_MKFGSU256_MVN0_NR0_NTA0_NTB0_NTC0_NTD0_NEPBS0_NLCA1_NLCB1_ONLL0_OPLV0_PBD0_PFD1_PG2_PSD0_PSLn1
_PWCn1_PWLn1_PK0_PKAB0_PAP0_PAPM0_PGR0_PLR0_PKA0_RK0_SGR0_SIA0_SLW0_SS1_SU32_SUM0_SUS256_SCIU0_SCIUE0_SCIUI1_SCIUPL0_SPO0_SRVW0_SSO0_SVW1_SK0_SKA0_SKXCCM0_SNLL0_TSGRA0_TSGR
B0_TT4_64_TLDS0_UIIDU0_UMLDSA0_UMLDSB0_UMF0_U64SL1_UIOFGRO0_USFGROn1_VAW1_VSn1_VW1_VWB1_VFLRP0_WSGRA1_WSGRB1_WS32_WG16_2_1_WGM8_WGMTB
[] enRule([[0, 0], [0, 0], [0, 0], [0, 0], [0, 0], [0, 0], [0, 0], [0, 0]])
[] MultiProblem & NotLastIndex
> UserWarning: [] MultiProblem & NotLastIndex :: nextRule==None; returning
# Final Range Logic:
None
# Range Logic Complexity: [0, 0, 0, 0, 0, 0, 0, 0]

# Score: 0 ms
# Exact Logic:

{(8, 1024, 1, 1024, 8, 8, 8, 1024): [10, 326.405], (8, 1024, 1, 4096, 8, 8, 8, 1024): [3, 845.189], (8, 1024, 1, 8192, 8, 8, 8, 1024): [3, 898.132], (8, 4096, 1, 1024, 8, 
8, 8, 4096): [2, 1667.72], (8, 4096, 1, 4096, 8, 8, 8, 4096): [6, 3150.61], (8, 4096, 1, 8192, 8, 8, 8, 4096): [10, 3672.14], (8, 8192, 1, 1024, 8, 8, 8, 8192): [2, 
3292.8], (8, 8192, 1, 4096, 8, 8, 8, 8192): [13, 6043.12], (8, 8192, 1, 8192, 8, 8, 8, 8192): [3, 6322.04], (32, 1024, 1, 1024, 32, 32, 32, 1024): [16, 1913.02], (32, 1024,
1, 4096, 32, 32, 32, 1024): [4, 4191.68], (32, 1024, 1, 8192, 32, 32, 32, 1024): [12, 3910.74], (32, 4096, 1, 1024, 32, 32, 32, 4096): [4, 7472.94], (32, 4096, 1, 4096, 32,
32, 32, 4096): [4, 13773.0], (32, 4096, 1, 8192, 32, 32, 32, 4096): [12, 15693.3], (32, 8192, 1, 1024, 32, 32, 32, 8192): [11, 14620.7], (32, 8192, 1, 4096, 32, 32, 32, 
8192): [14, 26472.6], (32, 8192, 1, 8192, 32, 32, 32, 8192): [17, 24492.1], (128, 1024, 1, 1024, 128, 128, 128, 1024): [5, 9282.0], (128, 1024, 1, 4096, 128, 128, 128, 
1024): [3, 16288.6], (128, 1024, 1, 8192, 128, 128, 128, 1024): [4, 17636.9], (128, 4096, 1, 1024, 128, 128, 128, 4096): [7, 39886.4], (128, 4096, 1, 4096, 128, 128, 128, 
4096): [17, 65034.9], (128, 4096, 1, 8192, 128, 128, 128, 4096): [4, 72919.0], (128, 8192, 1, 1024, 128, 128, 128, 8192): [0, 56394.0], (128, 8192, 1, 4096, 128, 128, 128, 
8192): [9, 76722.6], (128, 8192, 1, 8192, 128, 128, 128, 8192): [8, 81374.1], (512, 1024, 1, 1024, 512, 512, 512, 1024): [2, 39130.5], (512, 1024, 1, 4096, 512, 512, 512, 
1024): [4, 65074.3], (512, 1024, 1, 8192, 512, 512, 512, 1024): [7, 73292.3], (512, 4096, 1, 1024, 512, 512, 512, 4096): [1, 71154.7], (512, 4096, 1, 4096, 512, 512, 512, 
4096): [14, 80354.1], (512, 4096, 1, 8192, 512, 512, 512, 4096): [14, 83235.2], (512, 8192, 1, 1024, 512, 512, 512, 8192): [8, 88227.7], (512, 8192, 1, 4096, 512, 512, 512,
8192): [15, 92693.0], (512, 8192, 1, 8192, 512, 512, 512, 8192): [1, 105852.0]}
# writing library logic YAML /home/iamthecage/out-v2/f8_to_f8_wmma_gb_fixed_nt/3_LibraryLogic/navi48_Cijk_Ailk_Bjlk_F8F8S_BH_GB.yaml
################################################################################
# Finish Analysing data to /home/iamthecage/out-v2/f8_to_f8_wmma_gb_fixed_nt in 16.445s
################################################################################


