
################################################################################
#
#  Tensile v4.47.0
#  Config: /home/iamthecage/rocm-libraries/shared/tensile/next-tuning/gfx1201-wide-v2/i8gemm_tt.yaml
#  Date & Time: 18/04/2026 15:23:52
#
################################################################################

# Restoring default globalParameters
# Found HIP version: 7.2.53211-e1a6bc5663
# Detected GPU 0:    gfx1201
> UserWarning: HardwareMonitor currently disabled for gfx942, gfx950, gfx1100, gfx1101, gfx1102, gfx1103, gfx1150, gfx1151, gfx1152, gfx1153, gfx1200, 
gfx1201
# Command-line override: CurrentISA
# Command-line override: PrintLevel

Overriding CurrentISA=(12, 0, 1)
Overriding PrintLevel=3
Overriding CxxCompiler=amdclang++
Overriding PrebuiltClient=/home/iamthecage/rocm-libraries/shared/tensile/next-cmake/build/tensile-client
ProblemTypeConfig: {'OperationType': 'GEMM', 'DataType': 'I8', 'ComputeDataType': 'I', 'DestDataType': 'I', 'HighPrecisionAccumulate': True, 
'TransposeA': True, 'TransposeB': True, 'UseBeta': True, 'Batched': True}

################################################################################
# Converting Config to BenchmarkProcess Object
################################################################################

# BenchmarkProcess beginning Cijk_Alik_Bjlk_I8II_BH

####################################################################
# Filling in Parameters With Defaults
####################################################################

Single Value Parameters:
    1LDSBuffer: 0
    AggressivePerfMode: 1
    AssertAIGreaterThanEqual: -1
    AssertAILessThanEqual: -1
    AssertAlphaValue: False
    AssertBetaValue: False
    AssertCEqualsD: False
    AssertFree0ElementMultiple: 1
    AssertFree1ElementMultiple: 1
    AssertMinApproxSize: -1
    AssertSizeEqual: {}
    AssertSizeGreaterThan: {}
    AssertSizeLessThan: {}
    AssertSizeMultiple: {}
    AssertStrideAEqual: {}
    AssertStrideBEqual: {}
    AssertStrideCEqual: {}
    AssertStrideDEqual: {}
    AssertSummationElementMultiple: 1
    AtomicAddC: False
    BufferLoad: True
    BufferStore: True
    CUMode: False
    CheckDimOverflow: 0
    CheckTensorDimAsserts: False
    ClusterLocalRead: False
    CustomKernelName: 
    DebugStreamK: 0
    DepthULdsDivisor: 1
    DirectToLdsA: False
    DirectToLdsB: False
    DirectToVgprA: False
    DirectToVgprB: False
    DisableAtomicFail: 0
    DisableKernelPieces: 0
    DisableVgprOverlapping: False
    EdgeType: ShiftPtr
    ExpandPointerSwap: True
    ExtraLatencyForLR: 0
    ExtraMiLatencyLeft: 0
    ForceStoreSC1: Auto
    Fp16AltImpl: False
    Fp16AltImplRound: False
    FractionalLoad: 0
    GlobalLoadVectorWidthA: -1
    GlobalLoadVectorWidthB: -1
    GlobalRead2A: True
    GlobalRead2B: True
    GlobalReadCoalesceGroupA: True
    GlobalReadCoalesceGroupB: True
    GlobalReadCoalesceVectorA: True
    GlobalReadCoalesceVectorB: True
    GlobalReadPerMfma: 1
    GlobalSplitU: 1
    GlobalSplitUAlgorithm: SingleBuffer
    GlobalSplitUAtomicAdd: False
    GlobalSplitUSummationAssignmentRoundRobin: True
    GlobalSplitUWorkGroupMappingRoundRobin: False
    GroupLoadStore: False
    InnerUnroll: 1
    InterleaveAlpha: 0
    KernelLanguage: Assembly
    LdcEqualsLdd: False
    LdsBlockSizePerPadA: -1
    LdsBlockSizePerPadB: -1
    LdsPadA: -1
    LdsPadB: -1
    LocalDotLayout: 1
    LocalRead2A: True
    LocalRead2B: True
    LocalReadVectorWidth: -1
    LocalWrite2A: True
    LocalWrite2B: True
    LocalWritePerMfma: -1
    LoopDoWhile: False
    LoopTail: True
    MACInstruction: FMA
    MIArchVgpr: False
    MacroTileShapeMax: 64
    MacroTileShapeMin: 1
    MagicDivAlg: 2
    MatrixInstruction: []
    MaxOccupancy: 40
    MaxVgprNumber: 256
    MemoryModifierFormat: 
    MinKForGSU: 256
    MinVgprNumber: 0
    NoReject: False
    NonTemporalA: 0
    NonTemporalB: 0
    NonTemporalC: 0
    NonTemporalD: 0
    NumElementsPerBatchStore: 0
    NumLoadsCoalescedA: 1
    NumLoadsCoalescedB: 1
    OptNoLoadLoop: 1
    OptPreLoopVmcnt: True
    PackBatchDims: 0
    PackFreeDims: 1
    PackGranularity: 2
    PackSummationDims: 0
    PerformanceSyncLocation: -1
    PerformanceWaitCount: -1
    PerformanceWaitLocation: -1
    PersistentKernel: 0
    PersistentKernelAlongBatch: False
    PrefetchAcrossPersistent: 0
    PrefetchAcrossPersistentMode: 0
    PrefetchGlobalRead: 1
    PrefetchLocalRead: 1
    PreloadKernelArguments: 0
    ReplacementKernel: False
    ScheduleGlobalRead: 1
    ScheduleIterAlg: 1
    ScheduleLocalWrite: 1
    SourceSwap: False
    StaggerUMapping: 0
    StaggerUStride: 256
    StoreCInUnroll: False
    StoreCInUnrollExact: False
    StoreCInUnrollInterval: 1
    StoreCInUnrollPostLoop: False
    StorePriorityOpt: False
    StoreRemapVectorWidth: 0
    StoreSyncOpt: 0
    StoreVectorWidth: -1
    StreamK: 0
    StreamKAtomic: 0
    StreamKXCCMapping: 0
    SuppressNoLoadLoop: False
    ThreadSeparateGlobalReadA: 0
    ThreadSeparateGlobalReadB: 0
    TransposeLDS: 0
    UnrollIncIsDepthU: 0
    UnrollMajorLDSA: False
    UnrollMajorLDSB: False
    UnrollMemFence: False
    Use64bShadowLimit: 1
    UseInstOffsetForGRO: 0
    UseSgprForGRO: -1
    VectorAtomicWidth: -1
    VectorStore: -1
    VectorWidthB: -1
    VgprForLocalReadPacking: False
    WaveSeparateGlobalReadA: 0
    WaveSeparateGlobalReadB: 0
    WavefrontSize: 32
    WorkGroup: [16, 16, 1]
    WorkGroupMapping: 8
    WorkGroupMappingType: B
Multi-Value Parameters:
    DepthU: [8, 16, 32]
    GlobalReadVectorWidth: [4, 8, 16]
    StaggerU: [0, 32]
    ThreadTile: [[2, 2], [4, 2], [2, 4], [4, 4], [8, 4], [4, 8]]
    VectorWidth: [1, 2, 4]

####################################################################
# Convert Parameters to Benchmark Step(s)
####################################################################


####################################################################
# Benchmark Final
# Creating BenchmarkStep: 5 fork params and 112 sizes
# NumBenchmarkSteps: 1

################################################################################
# Done Creating BenchmarkProcess Object
################################################################################


################################################################################
# Benchmark Step: Cijk_Alik_Bjlk_I8II_BH_00 - 00_Final 10.274s
# Num Sizes: 112
# Fork Parameters:
#     DepthU: [8, 16, 32]
#     GlobalReadVectorWidth: [4, 8, 16]
#     StaggerU: [0, 32]
#     ThreadTile: [[2, 2], [4, 2], [2, 4], [4, 4], [8, 4], [4, 8]]
#     VectorWidth: [1, 2, 4]
# Enumerating Solutions

reject: VectorWidth must be >= 4 for Int8 or 8bitFloat

reject: Int8 requires GLVWA >= 4, current is 1

reject: Int8 requires GLVWB >= 4, current is 1
rejecting solution 
Cijk_Alik_Bjlk_I8II_BH_MT32x32x8_SN_1LDSB0_APM1_AAIGTEn1_AAILTEn1_AAV0_ABV0_ACED0_AF0EM1_AF1EM1_AMAS0_ASE_ASGT_ASLT_ASM_ASAE01_ASBE01_ASCE01_ASDE01_ASEM1
_AAC0_BL1_BS1_CUM0_CDO0_CTDA0_CLR0_DSK0_DRA0_DU8_DULD1_DTLA0_DTLB0_DTVA0_DTVB0_DAF0_DKP0_DVO0_ETSP_EPS1_ELFLR0_EMLL0_FSSC10_F16AI0_F16AIR0_FL0_GLVWA1_GLV
WB1_GR2A1_GR2B1_GRCGA1_GRCGB1_GRCVA1_GRCVB1_GRPM1_GRVW4_GSU1_GSUASB_GSUAA0_GSUSARR1_GSUWGMRR0_GLS0_ISA1201_IU1_IA0_KLA_LEL0_LBSPPA0_LBSPPB0_LPA1_LPB0_LDL
1_LR2A1_LR2B1_LRVW1_LW2A1_LW2B1_LWPMn1_LDW0_LT1_FMA_MIAV0_MTSM64_MTSM1_MDA2_MI_MO40_MVN256_MMFSC_MKFGSU256_MVN0_NR0_NTA0_NTB0_NTC0_NTD0_NEPBS0_NLCA1_NLCB
1_ONLL1_OPLV0_PBD0_PFD1_PG2_PSD0_PSLn1_PWCn1_PWLn1_PK0_PKAB0_PAP0_PAPM0_PGR1_PLR1_PKA0_RK0_SGR1_SIA1_SLW1_SS0_SU0_SUM0_SUS0_SCIU0_SCIUE0_SCIUI1_SCIUPL0_S
PO0_SRVW0_SSO0_SVW4_SK0_SKA0_SKXCCM0_SNLL0_TSGRA0_TSGRB0_TT2_2_TLDS0_UIIDU0_UMLDSA0_UMLDSB0_UMF0_U64SL1_UIOFGRO0_USFGROn1_VAW1_VSn1_VW1_VWB1_VFLRP0_WSGRA
0_WSGRB0_WS32_WG16_16_1_WGM8_WGMTB

reject: VectorWidth must be >= 4 for Int8 or 8bitFloat

reject: Int8 requires GLVWA >= 4, current is 1

reject: Int8 requires GLVWB >= 4, current is 1
rejecting solution 
Cijk_Alik_Bjlk_I8II_BH_MT32x32x8_SN_1LDSB0_APM1_AAIGTEn1_AAILTEn1_AAV0_ABV0_ACED0_AF0EM1_AF1EM1_AMAS3_ASE_ASGT_ASLT_ASM_ASAE01_ASBE01_ASCE01_ASDE01_ASEM1
_AAC0_BL1_BS1_CUM0_CDO0_CTDA0_CLR0_DSK0_DRA0_DU8_DULD1_DTLA0_DTLB0_DTVA0_DTVB0_DAF0_DKP0_DVO0_ETSP_EPS1_ELFLR0_EMLL0_FSSC10_F16AI0_F16AIR0_FL0_GLVWA1_GLV
WB1_GR2A1_GR2B1_GRCGA1_GRCGB1_GRCVA1_GRCVB1_GRPM1_GRVW4_GSU1_GSUASB_GSUAA0_GSUSARR1_GSUWGMRR0_GLS0_ISA1201_IU1_IA0_KLA_LEL0_LBSPPA0_LBSPPB0_LPA2_LPB0_LDL
1_LR2A1_LR2B1_LRVW2_LW2A1_LW2B1_LWPMn1_LDW0_LT1_FMA_MIAV0_MTSM64_MTSM1_MDA2_MI_MO40_MVN256_MMFSC_MKFGSU256_MVN0_NR0_NTA0_NTB0_NTC0_NTD0_NEPBS0_NLCA1_NLCB
1_ONLL1_OPLV0_PBD0_PFD1_PG2_PSD0_PSLn1_PWCn1_PWLn1_PK0_PKAB0_PAP0_PAPM0_PGR1_PLR1_PKA0_RK0_SGR1_SIA1_SLW1_SS0_SU0_SUM0_SUS0_SCIU0_SCIUE0_SCIUI1_SCIUPL0_S
PO0_SRVW0_SSO0_SVW4_SK0_SKA0_SKXCCM0_SNLL0_TSGRA0_TSGRB0_TT2_2_TLDS0_UIIDU0_UMLDSA0_UMLDSB0_UMF0_U64SL1_UIOFGRO0_USFGROn1_VAW1_VSn1_VW2_VWB2_VFLRP0_WSGRA
0_WSGRB0_WS32_WG16_16_1_WGM8_WGMTB

reject: ThreadTile0 2 or ThreadTile1 2 not a multiple of VectorWidth 4
rejecting solution 
Cijk_Alik_Bjlk_I8II_BH_MT32x32x8_SN_1LDSB0_APM1_AAIGTEn1_AAILTEn1_AAV0_ABV0_ACED0_AF0EM1_AF1EM1_AMASn1_ASE_ASGT_ASLT_ASM_ASAE01_ASBE01_ASCE01_ASDE01_ASEM
1_AAC0_BL1_BS1_CUM0_CDO0_CTDA0_CLR0_DSK0_DRA0_DU8_DULD1_DTLA0_DTLB0_DTVA0_DTVB0_DAF0_DKP0_DVO0_ETSP_EPS1_ELFLR0_EMLL0_FSSC10_F16AI0_F16AIR0_FL0_GLVWA4_GL
VWB4_GR2A1_GR2B1_GRCGA1_GRCGB1_GRCVA1_GRCVB1_GRPM1_GRVW4_GSU1_GSUASB_GSUAA0_GSUSARR1_GSUWGMRR0_GLS0_ISA1201_IU1_IA0_KLA_LEL0_LBSPPAn1_LBSPPBn1_LPAn1_LPBn
1_LDL1_LR2A1_LR2B1_LRVWn1_LW2A1_LW2B1_LWPMn1_LDW0_LT1_FMA_MIAV0_MTSM64_MTSM1_MDA2_MI_MO40_MVN256_MMFSC_MKFGSU256_MVN0_NR0_NTA0_NTB0_NTC0_NTD0_NEPBS0_NLCA
1_NLCB1_ONLL1_OPLV0_PBD0_PFD1_PG2_PSD0_PSLn1_PWCn1_PWLn1_PK0_PKAB0_PAP0_PAPM0_PGR1_PLR1_PKA0_RK0_SGR1_SIA1_SLW1_SS0_SU0_SUM0_SUS0_SCIU0_SCIUE0_SCIUI1_SCI
UPL0_SPO0_SRVW0_SSO0_SVWn1_SK0_SKA0_SKXCCM0_SNLL0_TSGRA0_TSGRB0_TT2_2_TLDS0_UIIDU0_UMLDSA0_UMLDSB0_UMF0_U64SL1_UIOFGRO0_USFGROn1_VAWn1_VSn1_VW4_VWBn1_VFL
RP0_WSGRA0_WSGRB0_WS32_WG16_16_1_WGM8_WGMTB

reject: VectorWidth must be >= 4 for Int8 or 8bitFloat

reject: Int8 requires GLVWA >= 4, current is 1

reject: Int8 requires GLVWB >= 4, current is 1
rejecting solution 
Cijk_Alik_Bjlk_I8II_BH_MT32x32x8_SN_1LDSB0_APM1_AAIGTEn1_AAILTEn1_AAV0_ABV0_ACED0_AF0EM1_AF1EM1_AMAS0_ASE_ASGT_ASLT_ASM_ASAE01_ASBE01_ASCE01_ASDE01_ASEM1
_AAC0_BL1_BS1_CUM0_CDO0_CTDA0_CLR0_DSK0_DRA0_DU8_DULD1_DTLA0_DTLB0_DTVA0_DTVB0_DAF0_DKP0_DVO0_ETSP_EPS1_ELFLR0_EMLL0_FSSC10_F16AI0_F16AIR0_FL0_GLVWA1_GLV
WB1_GR2A1_GR2B1_GRCGA1_GRCGB1_GRCVA1_GRCVB1_GRPM1_GRVW8_GSU1_GSUASB_GSUAA0_GSUSARR1_GSUWGMRR0_GLS0_ISA1201_IU1_IA0_KLA_LEL0_LBSPPA0_LBSPPB0_LPA1_LPB0_LDL
1_LR2A1_LR2B1_LRVW1_LW2A1_LW2B1_LWPMn1_LDW0_LT1_FMA_MIAV0_MTSM64_MTSM1_MDA2_MI_MO40_MVN256_MMFSC_MKFGSU256_MVN0_NR0_NTA0_NTB0_NTC0_NTD0_NEPBS0_NLCA1_NLCB
1_ONLL1_OPLV0_PBD0_PFD1_PG2_PSD0_PSLn1_PWCn1_PWLn1_PK0_PKAB0_PAP0_PAPM0_PGR1_PLR1_PKA0_RK0_SGR1_SIA1_SLW1_SS0_SU0_SUM0_SUS0_SCIU0_SCIUE0_SCIUI1_SCIUPL0_S
PO0_SRVW0_SSO0_SVW4_SK0_SKA0_SKXCCM0_SNLL0_TSGRA0_TSGRB0_TT2_2_TLDS0_UIIDU0_UMLDSA0_UMLDSB0_UMF0_U64SL1_UIOFGRO0_USFGROn1_VAW1_VSn1_VW1_VWB1_VFLRP0_WSGRA
0_WSGRB0_WS32_WG16_16_1_WGM8_WGMTB

reject: VectorWidth must be >= 4 for Int8 or 8bitFloat

reject: Int8 requires GLVWA >= 4, current is 1

reject: Int8 requires GLVWB >= 4, current is 1
rejecting solution 
Cijk_Alik_Bjlk_I8II_BH_MT32x32x8_SN_1LDSB0_APM1_AAIGTEn1_AAILTEn1_AAV0_ABV0_ACED0_AF0EM1_AF1EM1_AMAS3_ASE_ASGT_ASLT_ASM_ASAE01_ASBE01_ASCE01_ASDE01_ASEM1
_AAC0_BL1_BS1_CUM0_CDO0_CTDA0_CLR0_DSK0_DRA0_DU8_DULD1_DTLA0_DTLB0_DTVA0_DTVB0_DAF0_DKP0_DVO0_ETSP_EPS1_ELFLR0_EMLL0_FSSC10_F16AI0_F16AIR0_FL0_GLVWA1_GLV
WB1_GR2A1_GR2B1_GRCGA1_GRCGB1_GRCVA1_GRCVB1_GRPM1_GRVW8_GSU1_GSUASB_GSUAA0_GSUSARR1_GSUWGMRR0_GLS0_ISA1201_IU1_IA0_KLA_LEL0_LBSPPA0_LBSPPB0_LPA2_LPB0_LDL
1_LR2A1_LR2B1_LRVW2_LW2A1_LW2B1_LWPMn1_LDW0_LT1_FMA_MIAV0_MTSM64_MTSM1_MDA2_MI_MO40_MVN256_MMFSC_MKFGSU256_MVN0_NR0_NTA0_NTB0_NTC0_NTD0_NEPBS0_NLCA1_NLCB
1_ONLL1_OPLV0_PBD0_PFD1_PG2_PSD0_PSLn1_PWCn1_PWLn1_PK0_PKAB0_PAP0_PAPM0_PGR1_PLR1_PKA0_RK0_SGR1_SIA1_SLW1_SS0_SU0_SUM0_SUS0_SCIU0_SCIUE0_SCIUI1_SCIUPL0_S
PO0_SRVW0_SSO0_SVW4_SK0_SKA0_SKXCCM0_SNLL0_TSGRA0_TSGRB0_TT2_2_TLDS0_UIIDU0_UMLDSA0_UMLDSB0_UMF0_U64SL1_UIOFGRO0_USFGROn1_VAW1_VSn1_VW2_VWB2_VFLRP0_WSGRA
0_WSGRB0_WS32_WG16_16_1_WGM8_WGMTB

reject: ThreadTile0 2 or ThreadTile1 2 not a multiple of VectorWidth 4
rejecting solution 
Cijk_Alik_Bjlk_I8II_BH_MT32x32x8_SN_1LDSB0_APM1_AAIGTEn1_AAILTEn1_AAV0_ABV0_ACED0_AF0EM1_AF1EM1_AMASn1_ASE_ASGT_ASLT_ASM_ASAE01_ASBE01_ASCE01_ASDE01_ASEM
1_AAC0_BL1_BS1_CUM0_CDO0_CTDA0_CLR0_DSK0_DRA0_DU8_DULD1_DTLA0_DTLB0_DTVA0_DTVB0_DAF0_DKP0_DVO0_ETSP_EPS1_ELFLR0_EMLL0_FSSC10_F16AI0_F16AIR0_FL0_GLVWA8_GL
VWB8_GR2A1_GR2B1_GRCGA1_GRCGB1_GRCVA1_GRCVB1_GRPM1_GRVW8_GSU1_GSUASB_GSUAA0_GSUSARR1_GSUWGMRR0_GLS0_ISA1201_IU1_IA0_KLA_LEL0_LBSPPAn1_LBSPPBn1_LPAn1_LPBn
1_LDL1_LR2A1_LR2B1_LRVWn1_LW2A1_LW2B1_LWPMn1_LDW0_LT1_FMA_MIAV0_MTSM64_MTSM1_MDA2_MI_MO40_MVN256_MMFSC_MKFGSU256_MVN0_NR0_NTA0_NTB0_NTC0_NTD0_NEPBS0_NLCA
1_NLCB1_ONLL1_OPLV0_PBD0_PFD1_PG2_PSD0_PSLn1_PWCn1_PWLn1_PK0_PKAB0_PAP0_PAPM0_PGR1_PLR1_PKA0_RK0_SGR1_SIA1_SLW1_SS0_SU0_SUM0_SUS0_SCIU0_SCIUE0_SCIUI1_SCI
UPL0_SPO0_SRVW0_SSO0_SVWn1_SK0_SKA0_SKXCCM0_SNLL0_TSGRA0_TSGRB0_TT2_2_TLDS0_UIIDU0_UMLDSA0_UMLDSB0_UMF0_U64SL1_UIOFGRO0_USFGROn1_VAWn1_VSn1_VW4_VWBn1_VFL
RP0_WSGRA0_WSGRB0_WS32_WG16_16_1_WGM8_WGMTB

reject: VectorWidth must be >= 4 for Int8 or 8bitFloat

reject: Int8 requires GLVWA >= 4, current is 1

reject: Int8 requires GLVWB >= 4, current is 1
rejecting solution 
Cijk_Alik_Bjlk_I8II_BH_MT32x32x8_SN_1LDSB0_APM1_AAIGTEn1_AAILTEn1_AAV0_ABV0_ACED0_AF0EM1_AF1EM1_AMAS0_ASE_ASGT_ASLT_ASM_ASAE01_ASBE01_ASCE01_ASDE01_ASEM1
_AAC0_BL1_BS1_CUM0_CDO0_CTDA0_CLR0_DSK0_DRA0_DU8_DULD1_DTLA0_DTLB0_DTVA0_DTVB0_DAF0_DKP0_DVO0_ETSP_EPS1_ELFLR0_EMLL0_FSSC10_F16AI0_F16AIR0_FL0_GLVWA1_GLV
WB1_GR2A1_GR2B1_GRCGA1_GRCGB1_GRCVA1_GRCVB1_GRPM1_GRVW16_GSU1_GSUASB_GSUAA0_GSUSARR1_GSUWGMRR0_GLS0_ISA1201_IU1_IA0_KLA_LEL0_LBSPPA0_LBSPPB0_LPA1_LPB0_LD
L1_LR2A1_LR2B1_LRVW1_LW2A1_LW2B1_LWPMn1_LDW0_LT1_FMA_MIAV0_MTSM64_MTSM1_MDA2_MI_MO40_MVN256_MMFSC_MKFGSU256_MVN0_NR0_NTA0_NTB0_NTC0_NTD0_NEPBS0_NLCA1_NLC
B1_ONLL1_OPLV0_PBD0_PFD1_PG2_PSD0_PSLn1_PWCn1_PWLn1_PK0_PKAB0_PAP0_PAPM0_PGR1_PLR1_PKA0_RK0_SGR1_SIA1_SLW1_SS0_SU0_SUM0_SUS0_SCIU0_SCIUE0_SCIUI1_SCIUPL0_
SPO0_SRVW0_SSO0_SVW4_SK0_SKA0_SKXCCM0_SNLL0_TSGRA0_TSGRB0_TT2_2_TLDS0_UIIDU0_UMLDSA0_UMLDSB0_UMF0_U64SL1_UIOFGRO0_USFGROn1_VAW1_VSn1_VW1_VWB1_VFLRP0_WSGR
A0_WSGRB0_WS32_WG16_16_1_WGM8_WGMTB

reject: VectorWidth must be >= 4 for Int8 or 8bitFloat

reject: Int8 requires GLVWA >= 4, current is 1

reject: Int8 requires GLVWB >= 4, current is 1
rejecting solution 
Cijk_Alik_Bjlk_I8II_BH_MT32x32x8_SN_1LDSB0_APM1_AAIGTEn1_AAILTEn1_AAV0_ABV0_ACED0_AF0EM1_AF1EM1_AMAS3_ASE_ASGT_ASLT_ASM_ASAE01_ASBE01_ASCE01_ASDE01_ASEM1
_AAC0_BL1_BS1_CUM0_CDO0_CTDA0_CLR0_DSK0_DRA0_DU8_DULD1_DTLA0_DTLB0_DTVA0_DTVB0_DAF0_DKP0_DVO0_ETSP_EPS1_ELFLR0_EMLL0_FSSC10_F16AI0_F16AIR0_FL0_GLVWA1_GLV
WB1_GR2A1_GR2B1_GRCGA1_GRCGB1_GRCVA1_GRCVB1_GRPM1_GRVW16_GSU1_GSUASB_GSUAA0_GSUSARR1_GSUWGMRR0_GLS0_ISA1201_IU1_IA0_KLA_LEL0_LBSPPA0_LBSPPB0_LPA2_LPB0_LD
L1_LR2A1_LR2B1_LRVW2_LW2A1_LW2B1_LWPMn1_LDW0_LT1_FMA_MIAV0_MTSM64_MTSM1_MDA2_MI_MO40_MVN256_MMFSC_MKFGSU256_MVN0_NR0_NTA0_NTB0_NTC0_NTD0_NEPBS0_NLCA1_NLC
B1_ONLL1_OPLV0_PBD0_PFD1_PG2_PSD0_PSLn1_PWCn1_PWLn1_PK0_PKAB0_PAP0_PAPM0_PGR1_PLR1_PKA0_RK0_SGR1_SIA1_SLW1_SS0_SU0_SUM0_SUS0_SCIU0_SCIUE0_SCIUI1_SCIUPL0_
SPO0_SRVW0_SSO0_SVW4_SK0_SKA0_SKXCCM0_SNLL0_TSGRA0_TSGRB0_TT2_2_TLDS0_UIIDU0_UMLDSA0_UMLDSB0_UMF0_U64SL1_UIOFGRO0_USFGROn1_VAW1_VSn1_VW2_VWB2_VFLRP0_WSGR
A0_WSGRB0_WS32_WG16_16_1_WGM8_WGMTB

reject: ThreadTile0 2 or ThreadTile1 2 not a multiple of VectorWidth 4
rejecting solution 
Cijk_Alik_Bjlk_I8II_BH_MT32x32x8_SN_1LDSB0_APM1_AAIGTEn1_AAILTEn1_AAV0_ABV0_ACED0_AF0EM1_AF1EM1_AMASn1_ASE_ASGT_ASLT_ASM_ASAE01_ASBE01_ASCE01_ASDE01_ASEM
1_AAC0_BL1_BS1_CUM0_CDO0_CTDA0_CLR0_DSK0_DRA0_DU8_DULD1_DTLA0_DTLB0_DTVA0_DTVB0_DAF0_DKP0_DVO0_ETSP_EPS1_ELFLR0_EMLL0_FSSC10_F16AI0_F16AIR0_FL0_GLVWA16_G
LVWB16_GR2A1_GR2B1_GRCGA1_GRCGB1_GRCVA1_GRCVB1_GRPM1_GRVW16_GSU1_GSUASB_GSUAA0_GSUSARR1_GSUWGMRR0_GLS0_ISA1201_IU1_IA0_KLA_LEL0_LBSPPAn1_LBSPPBn1_LPAn1_L
PBn1_LDL1_LR2A1_LR2B1_LRVWn1_LW2A1_LW2B1_LWPMn1_LDW0_LT1_FMA_MIAV0_MTSM64_MTSM1_MDA2_MI_MO40_MVN256_MMFSC_MKFGSU256_MVN0_NR0_NTA0_NTB0_NTC0_NTD0_NEPBS0_N
LCA1_NLCB1_ONLL1_OPLV0_PBD0_PFD1_PG2_PSD0_PSLn1_PWCn1_PWLn1_PK0_PKAB0_PAP0_PAPM0_PGR1_PLR1_PKA0_RK0_SGR1_SIA1_SLW1_SS0_SU0_SUM0_SUS0_SCIU0_SCIUE0_SCIUI1_
SCIUPL0_SPO0_SRVW0_SSO0_SVWn1_SK0_SKA0_SKXCCM0_SNLL0_TSGRA0_TSGRB0_TT2_2_TLDS0_UIIDU0_UMLDSA0_UMLDSB0_UMF0_U64SL1_UIOFGRO0_USFGROn1_VAWn1_VSn1_VW4_VWBn1_
VFLRP0_WSGRA0_WSGRB0_WS32_WG16_16_1_WGM8_WGMTB

reject: VectorWidth must be >= 4 for Int8 or 8bitFloat

reject: Int8 requires GLVWA >= 4, current is 1

reject: Int8 requires GLVWB >= 4, current is 1
rejecting solution 
Cijk_Alik_Bjlk_I8II_BH_MT32x32x8_SN_1LDSB0_APM1_AAIGTEn1_AAILTEn1_AAV0_ABV0_ACED0_AF0EM1_AF1EM1_AMAS0_ASE_ASGT_ASLT_ASM_ASAE01_ASBE01_ASCE01_ASDE01_ASEM1
_AAC0_BL1_BS1_CUM0_CDO0_CTDA0_CLR0_DSK0_DRA0_DU8_DULD1_DTLA0_DTLB0_DTVA0_DTVB0_DAF0_DKP0_DVO0_ETSP_EPS1_ELFLR0_EMLL0_FSSC10_F16AI0_F16AIR0_FL0_GLVWA1_GLV
WB1_GR2A1_GR2B1_GRCGA1_GRCGB1_GRCVA1_GRCVB1_GRPM1_GRVW4_GSU1_GSUASB_GSUAA0_GSUSARR1_GSUWGMRR0_GLS0_ISA1201_IU1_IA0_KLA_LEL0_LBSPPA0_LBSPPB0_LPA1_LPB0_LDL
1_LR2A1_LR2B1_LRVW1_LW2A1_LW2B1_LWPMn1_LDW0_LT1_FMA_MIAV0_MTSM64_MTSM1_MDA2_MI_MO40_MVN256_MMFSC_MKFGSU256_MVN0_NR0_NTA0_NTB0_NTC0_NTD0_NEPBS0_NLCA1_NLCB
1_ONLL1_OPLV0_PBD0_PFD1_PG2_PSD0_PSLn1_PWCn1_PWLn1_PK0_PKAB0_PAP0_PAPM0_PGR1_PLR1_PKA0_RK0_SGR1_SIA1_SLW1_SS0_SU32_SUM0_SUS256_SCIU0_SCIUE0_SCIUI1_SCIUPL
0_SPO0_SRVW0_SSO0_SVW4_SK0_SKA0_SKXCCM0_SNLL0_TSGRA0_TSGRB0_TT2_2_TLDS0_UIIDU0_UMLDSA0_UMLDSB0_UMF0_U64SL1_UIOFGRO0_USFGROn1_VAW1_VSn1_VW1_VWB1_VFLRP0_WS
GRA0_WSGRB0_WS32_WG16_16_1_WGM8_WGMTB

reject: VectorWidth must be >= 4 for Int8 or 8bitFloat

reject: Int8 requires GLVWA >= 4, current is 1

reject: Int8 requires GLVWB >= 4, current is 1
rejecting solution 
Cijk_Alik_Bjlk_I8II_BH_MT32x32x8_SN_1LDSB0_APM1_AAIGTEn1_AAILTEn1_AAV0_ABV0_ACED0_AF0EM1_AF1EM1_AMAS3_ASE_ASGT_ASLT_ASM_ASAE01_ASBE01_ASCE01_ASDE01_ASEM1
_AAC0_BL1_BS1_CUM0_CDO0_CTDA0_CLR0_DSK0_DRA0_DU8_DULD1_DTLA0_DTLB0_DTVA0_DTVB0_DAF0_DKP0_DVO0_ETSP_EPS1_ELFLR0_EMLL0_FSSC10_F16AI0_F16AIR0_FL0_GLVWA1_GLV
WB1_GR2A1_GR2B1_GRCGA1_GRCGB1_GRCVA1_GRCVB1_GRPM1_GRVW4_GSU1_GSUASB_GSUAA0_GSUSARR1_GSUWGMRR0_GLS0_ISA1201_IU1_IA0_KLA_LEL0_LBSPPA0_LBSPPB0_LPA2_LPB0_LDL
1_LR2A1_LR2B1_LRVW2_LW2A1_LW2B1_LWPMn1_LDW0_LT1_FMA_MIAV0_MTSM64_MTSM1_MDA2_MI_MO40_MVN256_MMFSC_MKFGSU256_MVN0_NR0_NTA0_NTB0_NTC0_NTD0_NEPBS0_NLCA1_NLCB
1_ONLL1_OPLV0_PBD0_PFD1_PG2_PSD0_PSLn1_PWCn1_PWLn1_PK0_PKAB0_PAP0_PAPM0_PGR1_PLR1_PKA0_RK0_SGR1_SIA1_SLW1_SS0_SU32_SUM0_SUS256_SCIU0_SCIUE0_SCIUI1_SCIUPL
0_SPO0_SRVW0_SSO0_SVW4_SK0_SKA0_SKXCCM0_SNLL0_TSGRA0_TSGRB0_TT2_2_TLDS0_UIIDU0_UMLDSA0_UMLDSB0_UMF0_U64SL1_UIOFGRO0_USFGROn1_VAW1_VSn1_VW2_VWB2_VFLRP0_WS
GRA0_WSGRB0_WS32_WG16_16_1_WGM8_WGMTB

reject: ThreadTile0 2 or ThreadTile1 2 not a multiple of VectorWidth 4
rejecting solution 
Cijk_Alik_Bjlk_I8II_BH_MT32x32x8_SN_1LDSB0_APM1_AAIGTEn1_AAILTEn1_AAV0_ABV0_ACED0_AF0EM1_AF1EM1_AMASn1_ASE_ASGT_ASLT_ASM_ASAE01_ASBE01_ASCE01_ASDE01_ASEM
1_AAC0_BL1_BS1_CUM0_CDO0_CTDA0_CLR0_DSK0_DRA0_DU8_DULD1_DTLA0_DTLB0_DTVA0_DTVB0_DAF0_DKP0_DVO0_ETSP_EPS1_ELFLR0_EMLL0_FSSC10_F16AI0_F16AIR0_FL0_GLVWA4_GL
VWB4_GR2A1_GR2B1_GRCGA1_GRCGB1_GRCVA1_GRCVB1_GRPM1_GRVW4_GSU1_GSUASB_GSUAA0_GSUSARR1_GSUWGMRR0_GLS0_ISA1201_IU1_IA0_KLA_LEL0_LBSPPAn1_LBSPPBn1_LPAn1_LPBn
1_LDL1_LR2A1_LR2B1_LRVWn1_LW2A1_LW2B1_LWPMn1_LDW0_LT1_FMA_MIAV0_MTSM64_MTSM1_MDA2_MI_MO40_MVN256_MMFSC_MKFGSU256_MVN0_NR0_NTA0_NTB0_NTC0_NTD0_NEPBS0_NLCA
1_NLCB1_ONLL1_OPLV0_PBD0_PFD1_PG2_PSD0_PSLn1_PWCn1_PWLn1_PK0_PKAB0_PAP0_PAPM0_PGR1_PLR1_PKA0_RK0_SGR1_SIA1_SLW1_SS0_SU32_SUM0_SUS256_SCIU0_SCIUE0_SCIUI1_
SCIUPL0_SPO0_SRVW0_SSO0_SVWn1_SK0_SKA0_SKXCCM0_SNLL0_TSGRA0_TSGRB0_TT2_2_TLDS0_UIIDU0_UMLDSA0_UMLDSB0_UMF0_U64SL1_UIOFGRO0_USFGROn1_VAWn1_VSn1_VW4_VWBn1_
VFLRP0_WSGRA0_WSGRB0_WS32_WG16_16_1_WGM8_WGMTB

reject: VectorWidth must be >= 4 for Int8 or 8bitFloat

reject: Int8 requires GLVWA >= 4, current is 1

reject: Int8 requires GLVWB >= 4, current is 1
rejecting solution 
Cijk_Alik_Bjlk_I8II_BH_MT32x32x8_SN_1LDSB0_APM1_AAIGTEn1_AAILTEn1_AAV0_ABV0_ACED0_AF0EM1_AF1EM1_AMAS0_ASE_ASGT_ASLT_ASM_ASAE01_ASBE01_ASCE01_ASDE01_ASEM1
_AAC0_BL1_BS1_CUM0_CDO0_CTDA0_CLR0_DSK0_DRA0_DU8_DULD1_DTLA0_DTLB0_DTVA0_DTVB0_DAF0_DKP0_DVO0_ETSP_EPS1_ELFLR0_EMLL0_FSSC10_F16AI0_F16AIR0_FL0_GLVWA1_GLV
WB1_GR2A1_GR2B1_GRCGA1_GRCGB1_GRCVA1_GRCVB1_GRPM1_GRVW8_GSU1_GSUASB_GSUAA0_GSUSARR1_GSUWGMRR0_GLS0_ISA1201_IU1_IA0_KLA_LEL0_LBSPPA0_LBSPPB0_LPA1_LPB0_LDL
1_LR2A1_LR2B1_LRVW1_LW2A1_LW2B1_LWPMn1_LDW0_LT1_FMA_MIAV0_MTSM64_MTSM1_MDA2_MI_MO40_MVN256_MMFSC_MKFGSU256_MVN0_NR0_NTA0_NTB0_NTC0_NTD0_NEPBS0_NLCA1_NLCB
1_ONLL1_OPLV0_PBD0_PFD1_PG2_PSD0_PSLn1_PWCn1_PWLn1_PK0_PKAB0_PAP0_PAPM0_PGR1_PLR1_PKA0_RK0_SGR1_SIA1_SLW1_SS0_SU32_SUM0_SUS256_SCIU0_SCIUE0_SCIUI1_SCIUPL
0_SPO0_SRVW0_SSO0_SVW4_SK0_SKA0_SKXCCM0_SNLL0_TSGRA0_TSGRB0_TT2_2_TLDS0_UIIDU0_UMLDSA0_UMLDSB0_UMF0_U64SL1_UIOFGRO0_USFGROn1_VAW1_VSn1_VW1_VWB1_VFLRP0_WS
GRA0_WSGRB0_WS32_WG16_16_1_WGM8_WGMTB

reject: VectorWidth must be >= 4 for Int8 or 8bitFloat

reject: Int8 requires GLVWA >= 4, current is 1

reject: Int8 requires GLVWB >= 4, current is 1
rejecting solution 
Cijk_Alik_Bjlk_I8II_BH_MT32x32x8_SN_1LDSB0_APM1_AAIGTEn1_AAILTEn1_AAV0_ABV0_ACED0_AF0EM1_AF1EM1_AMAS3_ASE_ASGT_ASLT_ASM_ASAE01_ASBE01_ASCE01_ASDE01_ASEM1
_AAC0_BL1_BS1_CUM0_CDO0_CTDA0_CLR0_DSK0_DRA0_DU8_DULD1_DTLA0_DTLB0_DTVA0_DTVB0_DAF0_DKP0_DVO0_ETSP_EPS1_ELFLR0_EMLL0_FSSC10_F16AI0_F16AIR0_FL0_GLVWA1_GLV
WB1_GR2A1_GR2B1_GRCGA1_GRCGB1_GRCVA1_GRCVB1_GRPM1_GRVW8_GSU1_GSUASB_GSUAA0_GSUSARR1_GSUWGMRR0_GLS0_ISA1201_IU1_IA0_KLA_LEL0_LBSPPA0_LBSPPB0_LPA2_LPB0_LDL
1_LR2A1_LR2B1_LRVW2_LW2A1_LW2B1_LWPMn1_LDW0_LT1_FMA_MIAV0_MTSM64_MTSM1_MDA2_MI_MO40_MVN256_MMFSC_MKFGSU256_MVN0_NR0_NTA0_NTB0_NTC0_NTD0_NEPBS0_NLCA1_NLCB
1_ONLL1_OPLV0_PBD0_PFD1_PG2_PSD0_PSLn1_PWCn1_PWLn1_PK0_PKAB0_PAP0_PAPM0_PGR1_PLR1_PKA0_RK0_SGR1_SIA1_SLW1_SS0_SU32_SUM0_SUS256_SCIU0_SCIUE0_SCIUI1_SCIUPL
0_SPO0_SRVW0_SSO0_SVW4_SK0_SKA0_SKXCCM0_SNLL0_TSGRA0_TSGRB0_TT2_2_TLDS0_UIIDU0_UMLDSA0_UMLDSB0_UMF0_U64SL1_UIOFGRO0_USFGROn1_VAW1_VSn1_VW2_VWB2_VFLRP0_WS
GRA0_WSGRB0_WS32_WG16_16_1_WGM8_WGMTB

reject: ThreadTile0 2 or ThreadTile1 2 not a multiple of VectorWidth 4
rejecting solution 
Cijk_Alik_Bjlk_I8II_BH_MT32x32x8_SN_1LDSB0_APM1_AAIGTEn1_AAILTEn1_AAV0_ABV0_ACED0_AF0EM1_AF1EM1_AMASn1_ASE_ASGT_ASLT_ASM_ASAE01_ASBE01_ASCE01_ASDE01_ASEM
1_AAC0_BL1_BS1_CUM0_CDO0_CTDA0_CLR0_DSK0_DRA0_DU8_DULD1_DTLA0_DTLB0_DTVA0_DTVB0_DAF0_DKP0_DVO0_ETSP_EPS1_ELFLR0_EMLL0_FSSC10_F16AI0_F16AIR0_FL0_GLVWA8_GL
VWB8_GR2A1_GR2B1_GRCGA1_GRCGB1_GRCVA1_GRCVB1_GRPM1_GRVW8_GSU1_GSUASB_GSUAA0_GSUSARR1_GSUWGMRR0_GLS0_ISA1201_IU1_IA0_KLA_LEL0_LBSPPAn1_LBSPPBn1_LPAn1_LPBn
1_LDL1_LR2A1_LR2B1_LRVWn1_LW2A1_LW2B1_LWPMn1_LDW0_LT1_FMA_MIAV0_MTSM64_MTSM1_MDA2_MI_MO40_MVN256_MMFSC_MKFGSU256_MVN0_NR0_NTA0_NTB0_NTC0_NTD0_NEPBS0_NLCA
1_NLCB1_ONLL1_OPLV0_PBD0_PFD1_PG2_PSD0_PSLn1_PWCn1_PWLn1_PK0_PKAB0_PAP0_PAPM0_PGR1_PLR1_PKA0_RK0_SGR1_SIA1_SLW1_SS0_SU32_SUM0_SUS256_SCIU0_SCIUE0_SCIUI1_
SCIUPL0_SPO0_SRVW0_SSO0_SVWn1_SK0_SKA0_SKXCCM0_SNLL0_TSGRA0_TSGRB0_TT2_2_TLDS0_UIIDU0_UMLDSA0_UMLDSB0_UMF0_U64SL1_UIOFGRO0_USFGROn1_VAWn1_VSn1_VW4_VWBn1_
VFLRP0_WSGRA0_WSGRB0_WS32_WG16_16_1_WGM8_WGMTB

reject: VectorWidth must be >= 4 for Int8 or 8bitFloat

reject: Int8 requires GLVWA >= 4, current is 1

reject: Int8 requires GLVWB >= 4, current is 1
rejecting solution 
Cijk_Alik_Bjlk_I8II_BH_MT32x32x8_SN_1LDSB0_APM1_AAIGTEn1_AAILTEn1_AAV0_ABV0_ACED0_AF0EM1_AF1EM1_AMAS0_ASE_ASGT_ASLT_ASM_ASAE01_ASBE01_ASCE01_ASDE01_ASEM1
_AAC0_BL1_BS1_CUM0_CDO0_CTDA0_CLR0_DSK0_DRA0_DU8_DULD1_DTLA0_DTLB0_DTVA0_DTVB0_DAF0_DKP0_DVO0_ETSP_EPS1_ELFLR0_EMLL0_FSSC10_F16AI0_F16AIR0_FL0_GLVWA1_GLV
WB1_GR2A1_GR2B1_GRCGA1_GRCGB1_GRCVA1_GRCVB1_GRPM1_GRVW16_GSU1_GSUASB_GSUAA0_GSUSARR1_GSUWGMRR0_GLS0_ISA1201_IU1_IA0_KLA_LEL0_LBSPPA0_LBSPPB0_LPA1_LPB0_LD
L1_LR2A1_LR2B1_LRVW1_LW2A1_LW2B1_LWPMn1_LDW0_LT1_FMA_MIAV0_MTSM64_MTSM1_MDA2_MI_MO40_MVN256_MMFSC_MKFGSU256_MVN0_NR0_NTA0_NTB0_NTC0_NTD0_NEPBS0_NLCA1_NLC
B1_ONLL1_OPLV0_PBD0_PFD1_PG2_PSD0_PSLn1_PWCn1_PWLn1_PK0_PKAB0_PAP0_PAPM0_PGR1_PLR1_PKA0_RK0_SGR1_SIA1_SLW1_SS0_SU32_SUM0_SUS256_SCIU0_SCIUE0_SCIUI1_SCIUP
L0_SPO0_SRVW0_SSO0_SVW4_SK0_SKA0_SKXCCM0_SNLL0_TSGRA0_TSGRB0_TT2_2_TLDS0_UIIDU0_UMLDSA0_UMLDSB0_UMF0_U64SL1_UIOFGRO0_USFGROn1_VAW1_VSn1_VW1_VWB1_VFLRP0_W
SGRA0_WSGRB0_WS32_WG16_16_1_WGM8_WGMTB

reject: VectorWidth must be >= 4 for Int8 or 8bitFloat

reject: Int8 requires GLVWA >= 4, current is 1

reject: Int8 requires GLVWB >= 4, current is 1
rejecting solution 
Cijk_Alik_Bjlk_I8II_BH_MT32x32x8_SN_1LDSB0_APM1_AAIGTEn1_AAILTEn1_AAV0_ABV0_ACED0_AF0EM1_AF1EM1_AMAS3_ASE_ASGT_ASLT_ASM_ASAE01_ASBE01_ASCE01_ASDE01_ASEM1
_AAC0_BL1_BS1_CUM0_CDO0_CTDA0_CLR0_DSK0_DRA0_DU8_DULD1_DTLA0_DTLB0_DTVA0_DTVB0_DAF0_DKP0_DVO0_ETSP_EPS1_ELFLR0_EMLL0_FSSC10_F16AI0_F16AIR0_FL0_GLVWA1_GLV
WB1_GR2A1_GR2B1_GRCGA1_GRCGB1_GRCVA1_GRCVB1_GRPM1_GRVW16_GSU1_GSUASB_GSUAA0_GSUSARR1_GSUWGMRR0_GLS0_ISA1201_IU1_IA0_KLA_LEL0_LBSPPA0_LBSPPB0_LPA2_LPB0_LD
L1_LR2A1_LR2B1_LRVW2_LW2A1_LW2B1_LWPMn1_LDW0_LT1_FMA_MIAV0_MTSM64_MTSM1_MDA2_MI_MO40_MVN256_MMFSC_MKFGSU256_MVN0_NR0_NTA0_NTB0_NTC0_NTD0_NEPBS0_NLCA1_NLC
B1_ONLL1_OPLV0_PBD0_PFD1_PG2_PSD0_PSLn1_PWCn1_PWLn1_PK0_PKAB0_PAP0_PAPM0_PGR1_PLR1_PKA0_RK0_SGR1_SIA1_SLW1_SS0_SU32_SUM0_SUS256_SCIU0_SCIUE0_SCIUI1_SCIUP
L0_SPO0_SRVW0_SSO0_SVW4_SK0_SKA0_SKXCCM0_SNLL0_TSGRA0_TSGRB0_TT2_2_TLDS0_UIIDU0_UMLDSA0_UMLDSB0_UMF0_U64SL1_UIOFGRO0_USFGROn1_VAW1_VSn1_VW2_VWB2_VFLRP0_W
SGRA0_WSGRB0_WS32_WG16_16_1_WGM8_WGMTB

reject: ThreadTile0 2 or ThreadTile1 2 not a multiple of VectorWidth 4
rejecting solution 
Cijk_Alik_Bjlk_I8II_BH_MT32x32x8_SN_1LDSB0_APM1_AAIGTEn1_AAILTEn1_AAV0_ABV0_ACED0_AF0EM1_AF1EM1_AMASn1_ASE_ASGT_ASLT_ASM_ASAE01_ASBE01_ASCE01_ASDE01_ASEM
1_AAC0_BL1_BS1_CUM0_CDO0_CTDA0_CLR0_DSK0_DRA0_DU8_DULD1_DTLA0_DTLB0_DTVA0_DTVB0_DAF0_DKP0_DVO0_ETSP_EPS1_ELFLR0_EMLL0_FSSC10_F16AI0_F16AIR0_FL0_GLVWA16_G
LVWB16_GR2A1_GR2B1_GRCGA1_GRCGB1_GRCVA1_GRCVB1_GRPM1_GRVW16_GSU1_GSUASB_GSUAA0_GSUSARR1_GSUWGMRR0_GLS0_ISA1201_IU1_IA0_KLA_LEL0_LBSPPAn1_LBSPPBn1_LPAn1_L
PBn1_LDL1_LR2A1_LR2B1_LRVWn1_LW2A1_LW2B1_LWPMn1_LDW0_LT1_FMA_MIAV0_MTSM64_MTSM1_MDA2_MI_MO40_MVN256_MMFSC_MKFGSU256_MVN0_NR0_NTA0_NTB0_NTC0_NTD0_NEPBS0_N
LCA1_NLCB1_ONLL1_OPLV0_PBD0_PFD1_PG2_PSD0_PSLn1_PWCn1_PWLn1_PK0_PKAB0_PAP0_PAPM0_PGR1_PLR1_PKA0_RK0_SGR1_SIA1_SLW1_SS0_SU32_SUM0_SUS256_SCIU0_SCIUE0_SCIU
I1_SCIUPL0_SPO0_SRVW0_SSO0_SVWn1_SK0_SKA0_SKXCCM0_SNLL0_TSGRA0_TSGRB0_TT2_2_TLDS0_UIIDU0_UMLDSA0_UMLDSB0_UMF0_U64SL1_UIOFGRO0_USFGROn1_VAWn1_VSn1_VW4_VWB
n1_VFLRP0_WSGRA0_WSGRB0_WS32_WG16_16_1_WGM8_WGMTB

reject: VectorWidth must be >= 4 for Int8 or 8bitFloat

reject: Int8 requires GLVWA >= 4, current is 2

reject: Int8 requires GLVWB >= 4, current is 1
rejecting solution 
Cijk_Alik_Bjlk_I8II_BH_MT64x32x8_SN_1LDSB0_APM1_AAIGTEn1_AAILTEn1_AAV0_ABV0_ACED0_AF0EM1_AF1EM1_AMAS0_ASE_ASGT_ASLT_ASM_ASAE01_ASBE01_ASCE01_ASDE01_ASEM1
_AAC0_BL1_BS1_CUM0_CDO0_CTDA0_CLR0_DSK0_DRA0_DU8_DULD1_DTLA0_DTLB0_DTVA0_DTVB0_DAF0_DKP0_DVO0_ETSP_EPS1_ELFLR0_EMLL0_FSSC10_F16AI0_F16AIR0_FL0_GLVWA2_GLV
WB1_GR2A1_GR2B1_GRCGA1_GRCGB1_GRCVA1_GRCVB1_GRPM1_GRVW4_GSU1_GSUASB_GSUAA0_GSUSARR1_GSUWGMRR0_GLS0_ISA1201_IU1_IA0_KLA_LEL0_LBSPPA0_LBSPPB0_LPA1_LPB0_LDL
1_LR2A1_LR2B1_LRVW1_LW2A1_LW2B1_LWPMn1_LDW0_LT1_FMA_MIAV0_MTSM64_MTSM1_MDA2_MI_MO40_MVN256_MMFSC_MKFGSU256_MVN0_NR0_NTA0_NTB0_NTC0_NTD0_NEPBS0_NLCA1_NLCB
1_ONLL1_OPLV0_PBD0_PFD1_PG2_PSD0_PSLn1_PWCn1_PWLn1_PK0_PKAB0_PAP0_PAPM0_PGR1_PLR1_PKA0_RK0_SGR1_SIA1_SLW1_SS0_SU0_SUM0_SUS0_SCIU0_SCIUE0_SCIUI1_SCIUPL0_S
PO0_SRVW0_SSO0_SVW4_SK0_SKA0_SKXCCM0_SNLL0_TSGRA0_TSGRB0_TT4_2_TLDS0_UIIDU0_UMLDSA0_UMLDSB0_UMF0_U64SL1_UIOFGRO0_USFGROn1_VAW1_VSn1_VW1_VWB1_VFLRP0_WSGRA
0_WSGRB0_WS32_WG16_16_1_WGM8_WGMTB

reject: VectorWidth must be >= 4 for Int8 or 8bitFloat

reject: Int8 requires GLVWA >= 4, current is 2

reject: Int8 requires GLVWB >= 4, current is 1
rejecting solution 
Cijk_Alik_Bjlk_I8II_BH_MT64x32x8_SN_1LDSB0_APM1_AAIGTEn1_AAILTEn1_AAV0_ABV0_ACED0_AF0EM1_AF1EM1_AMAS3_ASE_ASGT_ASLT_ASM_ASAE01_ASBE01_ASCE01_ASDE01_ASEM1
_AAC0_BL1_BS1_CUM0_CDO0_CTDA0_CLR0_DSK0_DRA0_DU8_DULD1_DTLA0_DTLB0_DTVA0_DTVB0_DAF0_DKP0_DVO0_ETSP_EPS1_ELFLR0_EMLL0_FSSC10_F16AI0_F16AIR0_FL0_GLVWA2_GLV
WB1_GR2A1_GR2B1_GRCGA1_GRCGB1_GRCVA1_GRCVB1_GRPM1_GRVW4_GSU1_GSUASB_GSUAA0_GSUSARR1_GSUWGMRR0_GLS0_ISA1201_IU1_IA0_KLA_LEL0_LBSPPA0_LBSPPB0_LPA2_LPB0_LDL
1_LR2A1_LR2B1_LRVW2_LW2A1_LW2B1_LWPMn1_LDW0_LT1_FMA_MIAV0_MTSM64_MTSM1_MDA2_MI_MO40_MVN256_MMFSC_MKFGSU256_MVN0_NR0_NTA0_NTB0_NTC0_NTD0_NEPBS0_NLCA1_NLCB
1_ONLL1_OPLV0_PBD0_PFD1_PG2_PSD0_PSLn1_PWCn1_PWLn1_PK0_PKAB0_PAP0_PAPM0_PGR1_PLR1_PKA0_RK0_SGR1_SIA1_SLW1_SS0_SU0_SUM0_SUS0_SCIU0_SCIUE0_SCIUI1_SCIUPL0_S
PO0_SRVW0_SSO0_SVW4_SK0_SKA0_SKXCCM0_SNLL0_TSGRA0_TSGRB0_TT4_2_TLDS0_UIIDU0_UMLDSA0_UMLDSB0_UMF0_U64SL1_UIOFGRO0_USFGROn1_VAW1_VSn1_VW2_VWB2_VFLRP0_WSGRA
0_WSGRB0_WS32_WG16_16_1_WGM8_WGMTB

reject: ThreadTile0 4 or ThreadTile1 2 not a multiple of VectorWidth 4
rejecting solution 
Cijk_Alik_Bjlk_I8II_BH_MT64x32x8_SN_1LDSB0_APM1_AAIGTEn1_AAILTEn1_AAV0_ABV0_ACED0_AF0EM1_AF1EM1_AMASn1_ASE_ASGT_ASLT_ASM_ASAE01_ASBE01_ASCE01_ASDE01_ASEM
1_AAC0_BL1_BS1_CUM0_CDO0_CTDA0_CLR0_DSK0_DRA0_DU8_DULD1_DTLA0_DTLB0_DTVA0_DTVB0_DAF0_DKP0_DVO0_ETSP_EPS1_ELFLR0_EMLL0_FSSC10_F16AI0_F16AIR0_FL0_GLVWA4_GL
VWB4_GR2A1_GR2B1_GRCGA1_GRCGB1_GRCVA1_GRCVB1_GRPM1_GRVW4_GSU1_GSUASB_GSUAA0_GSUSARR1_GSUWGMRR0_GLS0_ISA1201_IU1_IA0_KLA_LEL0_LBSPPAn1_LBSPPBn1_LPAn1_LPBn
1_LDL1_LR2A1_LR2B1_LRVWn1_LW2A1_LW2B1_LWPMn1_LDW0_LT1_FMA_MIAV0_MTSM64_MTSM1_MDA2_MI_MO40_MVN256_MMFSC_MKFGSU256_MVN0_NR0_NTA0_NTB0_NTC0_NTD0_NEPBS0_NLCA
1_NLCB1_ONLL1_OPLV0_PBD0_PFD1_PG2_PSD0_PSLn1_PWCn1_PWLn1_PK0_PKAB0_PAP0_PAPM0_PGR1_PLR1_PKA0_RK0_SGR1_SIA1_SLW1_SS0_SU0_SUM0_SUS0_SCIU0_SCIUE0_SCIUI1_SCI
UPL0_SPO0_SRVW0_SSO0_SVWn1_SK0_SKA0_SKXCCM0_SNLL0_TSGRA0_TSGRB0_TT4_2_TLDS0_UIIDU0_UMLDSA0_UMLDSB0_UMF0_U64SL1_UIOFGRO0_USFGROn1_VAWn1_VSn1_VW4_VWBn1_VFL
RP0_WSGRA0_WSGRB0_WS32_WG16_16_1_WGM8_WGMTB

reject: VectorWidth must be >= 4 for Int8 or 8bitFloat

reject: Int8 requires GLVWA >= 4, current is 2

reject: Int8 requires GLVWB >= 4, current is 1
rejecting solution 
Cijk_Alik_Bjlk_I8II_BH_MT64x32x8_SN_1LDSB0_APM1_AAIGTEn1_AAILTEn1_AAV0_ABV0_ACED0_AF0EM1_AF1EM1_AMAS0_ASE_ASGT_ASLT_ASM_ASAE01_ASBE01_ASCE01_ASDE01_ASEM1
_AAC0_BL1_BS1_CUM0_CDO0_CTDA0_CLR0_DSK0_DRA0_DU8_DULD1_DTLA0_DTLB0_DTVA0_DTVB0_DAF0_DKP0_DVO0_ETSP_EPS1_ELFLR0_EMLL0_FSSC10_F16AI0_F16AIR0_FL0_GLVWA2_GLV
WB1_GR2A1_GR2B1_GRCGA1_GRCGB1_GRCVA1_GRCVB1_GRPM1_GRVW8_GSU1_GSUASB_GSUAA0_GSUSARR1_GSUWGMRR0_GLS0_ISA1201_IU1_IA0_KLA_LEL0_LBSPPA0_LBSPPB0_LPA1_LPB0_LDL
1_LR2A1_LR2B1_LRVW1_LW2A1_LW2B1_LWPMn1_LDW0_LT1_FMA_MIAV0_MTSM64_MTSM1_MDA2_MI_MO40_MVN256_MMFSC_MKFGSU256_MVN0_NR0_NTA0_NTB0_NTC0_NTD0_NEPBS0_NLCA1_NLCB
1_ONLL1_OPLV0_PBD0_PFD1_PG2_PSD0_PSLn1_PWCn1_PWLn1_PK0_PKAB0_PAP0_PAPM0_PGR1_PLR1_PKA0_RK0_SGR1_SIA1_SLW1_SS0_SU0_SUM0_SUS0_SCIU0_SCIUE0_SCIUI1_SCIUPL0_S
PO0_SRVW0_SSO0_SVW4_SK0_SKA0_SKXCCM0_SNLL0_TSGRA0_TSGRB0_TT4_2_TLDS0_UIIDU0_UMLDSA0_UMLDSB0_UMF0_U64SL1_UIOFGRO0_USFGROn1_VAW1_VSn1_VW1_VWB1_VFLRP0_WSGRA
0_WSGRB0_WS32_WG16_16_1_WGM8_WGMTB

reject: VectorWidth must be >= 4 for Int8 or 8bitFloat

reject: Int8 requires GLVWA >= 4, current is 2

reject: Int8 requires GLVWB >= 4, current is 1
rejecting solution 
Cijk_Alik_Bjlk_I8II_BH_MT64x32x8_SN_1LDSB0_APM1_AAIGTEn1_AAILTEn1_AAV0_ABV0_ACED0_AF0EM1_AF1EM1_AMAS3_ASE_ASGT_ASLT_ASM_ASAE01_ASBE01_ASCE01_ASDE01_ASEM1
_AAC0_BL1_BS1_CUM0_CDO0_CTDA0_CLR0_DSK0_DRA0_DU8_DULD1_DTLA0_DTLB0_DTVA0_DTVB0_DAF0_DKP0_DVO0_ETSP_EPS1_ELFLR0_EMLL0_FSSC10_F16AI0_F16AIR0_FL0_GLVWA2_GLV
WB1_GR2A1_GR2B1_GRCGA1_GRCGB1_GRCVA1_GRCVB1_GRPM1_GRVW8_GSU1_GSUASB_GSUAA0_GSUSARR1_GSUWGMRR0_GLS0_ISA1201_IU1_IA0_KLA_LEL0_LBSPPA0_LBSPPB0_LPA2_LPB0_LDL
1_LR2A1_LR2B1_LRVW2_LW2A1_LW2B1_LWPMn1_LDW0_LT1_FMA_MIAV0_MTSM64_MTSM1_MDA2_MI_MO40_MVN256_MMFSC_MKFGSU256_MVN0_NR0_NTA0_NTB0_NTC0_NTD0_NEPBS0_NLCA1_NLCB
1_ONLL1_OPLV0_PBD0_PFD1_PG2_PSD0_PSLn1_PWCn1_PWLn1_PK0_PKAB0_PAP0_PAPM0_PGR1_PLR1_PKA0_RK0_SGR1_SIA1_SLW1_SS0_SU0_SUM0_SUS0_SCIU0_SCIUE0_SCIUI1_SCIUPL0_S
PO0_SRVW0_SSO0_SVW4_SK0_SKA0_SKXCCM0_SNLL0_TSGRA0_TSGRB0_TT4_2_TLDS0_UIIDU0_UMLDSA0_UMLDSB0_UMF0_U64SL1_UIOFGRO0_USFGROn1_VAW1_VSn1_VW2_VWB2_VFLRP0_WSGRA
0_WSGRB0_WS32_WG16_16_1_WGM8_WGMTB

reject: ThreadTile0 4 or ThreadTile1 2 not a multiple of VectorWidth 4
rejecting solution 
Cijk_Alik_Bjlk_I8II_BH_MT64x32x8_SN_1LDSB0_APM1_AAIGTEn1_AAILTEn1_AAV0_ABV0_ACED0_AF0EM1_AF1EM1_AMASn1_ASE_ASGT_ASLT_ASM_ASAE01_ASBE01_ASCE01_ASDE01_ASEM
1_AAC0_BL1_BS1_CUM0_CDO0_CTDA0_CLR0_DSK0_DRA0_DU8_DULD1_DTLA0_DTLB0_DTVA0_DTVB0_DAF0_DKP0_DVO0_ETSP_EPS1_ELFLR0_EMLL0_FSSC10_F16AI0_F16AIR0_FL0_GLVWA8_GL
VWB8_GR2A1_GR2B1_GRCGA1_GRCGB1_GRCVA1_GRCVB1_GRPM1_GRVW8_GSU1_GSUASB_GSUAA0_GSUSARR1_GSUWGMRR0_GLS0_ISA1201_IU1_IA0_KLA_LEL0_LBSPPAn1_LBSPPBn1_LPAn1_LPBn
1_LDL1_LR2A1_LR2B1_LRVWn1_LW2A1_LW2B1_LWPMn1_LDW0_LT1_FMA_MIAV0_MTSM64_MTSM1_MDA2_MI_MO40_MVN256_MMFSC_MKFGSU256_MVN0_NR0_NTA0_NTB0_NTC0_NTD0_NEPBS0_NLCA
1_NLCB1_ONLL1_OPLV0_PBD0_PFD1_PG2_PSD0_PSLn1_PWCn1_PWLn1_PK0_PKAB0_PAP0_PAPM0_PGR1_PLR1_PKA0_RK0_SGR1_SIA1_SLW1_SS0_SU0_SUM0_SUS0_SCIU0_SCIUE0_SCIUI1_SCI
UPL0_SPO0_SRVW0_SSO0_SVWn1_SK0_SKA0_SKXCCM0_SNLL0_TSGRA0_TSGRB0_TT4_2_TLDS0_UIIDU0_UMLDSA0_UMLDSB0_UMF0_U64SL1_UIOFGRO0_USFGROn1_VAWn1_VSn1_VW4_VWBn1_VFL
RP0_WSGRA0_WSGRB0_WS32_WG16_16_1_WGM8_WGMTB

reject: VectorWidth must be >= 4 for Int8 or 8bitFloat

reject: Int8 requires GLVWA >= 4, current is 2

reject: Int8 requires GLVWB >= 4, current is 1
rejecting solution 
Cijk_Alik_Bjlk_I8II_BH_MT64x32x8_SN_1LDSB0_APM1_AAIGTEn1_AAILTEn1_AAV0_ABV0_ACED0_AF0EM1_AF1EM1_AMAS0_ASE_ASGT_ASLT_ASM_ASAE01_ASBE01_ASCE01_ASDE01_ASEM1
_AAC0_BL1_BS1_CUM0_CDO0_CTDA0_CLR0_DSK0_DRA0_DU8_DULD1_DTLA0_DTLB0_DTVA0_DTVB0_DAF0_DKP0_DVO0_ETSP_EPS1_ELFLR0_EMLL0_FSSC10_F16AI0_F16AIR0_FL0_GLVWA2_GLV
WB1_GR2A1_GR2B1_GRCGA1_GRCGB1_GRCVA1_GRCVB1_GRPM1_GRVW16_GSU1_GSUASB_GSUAA0_GSUSARR1_GSUWGMRR0_GLS0_ISA1201_IU1_IA0_KLA_LEL0_LBSPPA0_LBSPPB0_LPA1_LPB0_LD
L1_LR2A1_LR2B1_LRVW1_LW2A1_LW2B1_LWPMn1_LDW0_LT1_FMA_MIAV0_MTSM64_MTSM1_MDA2_MI_MO40_MVN256_MMFSC_MKFGSU256_MVN0_NR0_NTA0_NTB0_NTC0_NTD0_NEPBS0_NLCA1_NLC
B1_ONLL1_OPLV0_PBD0_PFD1_PG2_PSD0_PSLn1_PWCn1_PWLn1_PK0_PKAB0_PAP0_PAPM0_PGR1_PLR1_PKA0_RK0_SGR1_SIA1_SLW1_SS0_SU0_SUM0_SUS0_SCIU0_SCIUE0_SCIUI1_SCIUPL0_
SPO0_SRVW0_SSO0_SVW4_SK0_SKA0_SKXCCM0_SNLL0_TSGRA0_TSGRB0_TT4_2_TLDS0_UIIDU0_UMLDSA0_UMLDSB0_UMF0_U64SL1_UIOFGRO0_USFGROn1_VAW1_VSn1_VW1_VWB1_VFLRP0_WSGR
A0_WSGRB0_WS32_WG16_16_1_WGM8_WGMTB

reject: VectorWidth must be >= 4 for Int8 or 8bitFloat

reject: Int8 requires GLVWA >= 4, current is 2

reject: Int8 requires GLVWB >= 4, current is 1
rejecting solution 
Cijk_Alik_Bjlk_I8II_BH_MT64x32x8_SN_1LDSB0_APM1_AAIGTEn1_AAILTEn1_AAV0_ABV0_ACED0_AF0EM1_AF1EM1_AMAS3_ASE_ASGT_ASLT_ASM_ASAE01_ASBE01_ASCE01_ASDE01_ASEM1
_AAC0_BL1_BS1_CUM0_CDO0_CTDA0_CLR0_DSK0_DRA0_DU8_DULD1_DTLA0_DTLB0_DTVA0_DTVB0_DAF0_DKP0_DVO0_ETSP_EPS1_ELFLR0_EMLL0_FSSC10_F16AI0_F16AIR0_FL0_GLVWA2_GLV
WB1_GR2A1_GR2B1_GRCGA1_GRCGB1_GRCVA1_GRCVB1_GRPM1_GRVW16_GSU1_GSUASB_GSUAA0_GSUSARR1_GSUWGMRR0_GLS0_ISA1201_IU1_IA0_KLA_LEL0_LBSPPA0_LBSPPB0_LPA2_LPB0_LD
L1_LR2A1_LR2B1_LRVW2_LW2A1_LW2B1_LWPMn1_LDW0_LT1_FMA_MIAV0_MTSM64_MTSM1_MDA2_MI_MO40_MVN256_MMFSC_MKFGSU256_MVN0_NR0_NTA0_NTB0_NTC0_NTD0_NEPBS0_NLCA1_NLC
B1_ONLL1_OPLV0_PBD0_PFD1_PG2_PSD0_PSLn1_PWCn1_PWLn1_PK0_PKAB0_PAP0_PAPM0_PGR1_PLR1_PKA0_RK0_SGR1_SIA1_SLW1_SS0_SU0_SUM0_SUS0_SCIU0_SCIUE0_SCIUI1_SCIUPL0_
SPO0_SRVW0_SSO0_SVW4_SK0_SKA0_SKXCCM0_SNLL0_TSGRA0_TSGRB0_TT4_2_TLDS0_UIIDU0_UMLDSA0_UMLDSB0_UMF0_U64SL1_UIOFGRO0_USFGROn1_VAW1_VSn1_VW2_VWB2_VFLRP0_WSGR
A0_WSGRB0_WS32_WG16_16_1_WGM8_WGMTB

reject: ThreadTile0 4 or ThreadTile1 2 not a multiple of VectorWidth 4
rejecting solution 
Cijk_Alik_Bjlk_I8II_BH_MT64x32x8_SN_1LDSB0_APM1_AAIGTEn1_AAILTEn1_AAV0_ABV0_ACED0_AF0EM1_AF1EM1_AMASn1_ASE_ASGT_ASLT_ASM_ASAE01_ASBE01_ASCE01_ASDE01_ASEM
1_AAC0_BL1_BS1_CUM0_CDO0_CTDA0_CLR0_DSK0_DRA0_DU8_DULD1_DTLA0_DTLB0_DTVA0_DTVB0_DAF0_DKP0_DVO0_ETSP_EPS1_ELFLR0_EMLL0_FSSC10_F16AI0_F16AIR0_FL0_GLVWA16_G
LVWB16_GR2A1_GR2B1_GRCGA1_GRCGB1_GRCVA1_GRCVB1_GRPM1_GRVW16_GSU1_GSUASB_GSUAA0_GSUSARR1_GSUWGMRR0_GLS0_ISA1201_IU1_IA0_KLA_LEL0_LBSPPAn1_LBSPPBn1_LPAn1_L
PBn1_LDL1_LR2A1_LR2B1_LRVWn1_LW2A1_LW2B1_LWPMn1_LDW0_LT1_FMA_MIAV0_MTSM64_MTSM1_MDA2_MI_MO40_MVN256_MMFSC_MKFGSU256_MVN0_NR0_NTA0_NTB0_NTC0_NTD0_NEPBS0_N
LCA1_NLCB1_ONLL1_OPLV0_PBD0_PFD1_PG2_PSD0_PSLn1_PWCn1_PWLn1_PK0_PKAB0_PAP0_PAPM0_PGR1_PLR1_PKA0_RK0_SGR1_SIA1_SLW1_SS0_SU0_SUM0_SUS0_SCIU0_SCIUE0_SCIUI1_
SCIUPL0_SPO0_SRVW0_SSO0_SVWn1_SK0_SKA0_SKXCCM0_SNLL0_TSGRA0_TSGRB0_TT4_2_TLDS0_UIIDU0_UMLDSA0_UMLDSB0_UMF0_U64SL1_UIOFGRO0_USFGROn1_VAWn1_VSn1_VW4_VWBn1_
VFLRP0_WSGRA0_WSGRB0_WS32_WG16_16_1_WGM8_WGMTB

reject: VectorWidth must be >= 4 for Int8 or 8bitFloat

reject: Int8 requires GLVWA >= 4, current is 2

reject: Int8 requires GLVWB >= 4, current is 1
rejecting solution 
Cijk_Alik_Bjlk_I8II_BH_MT64x32x8_SN_1LDSB0_APM1_AAIGTEn1_AAILTEn1_AAV0_ABV0_ACED0_AF0EM1_AF1EM1_AMAS0_ASE_ASGT_ASLT_ASM_ASAE01_ASBE01_ASCE01_ASDE01_ASEM1
_AAC0_BL1_BS1_CUM0_CDO0_CTDA0_CLR0_DSK0_DRA0_DU8_DULD1_DTLA0_DTLB0_DTVA0_DTVB0_DAF0_DKP0_DVO0_ETSP_EPS1_ELFLR0_EMLL0_FSSC10_F16AI0_F16AIR0_FL0_GLVWA2_GLV
WB1_GR2A1_GR2B1_GRCGA1_GRCGB1_GRCVA1_GRCVB1_GRPM1_GRVW4_GSU1_GSUASB_GSUAA0_GSUSARR1_GSUWGMRR0_GLS0_ISA1201_IU1_IA0_KLA_LEL0_LBSPPA0_LBSPPB0_LPA1_LPB0_LDL
1_LR2A1_LR2B1_LRVW1_LW2A1_LW2B1_LWPMn1_LDW0_LT1_FMA_MIAV0_MTSM64_MTSM1_MDA2_MI_MO40_MVN256_MMFSC_MKFGSU256_MVN0_NR0_NTA0_NTB0_NTC0_NTD0_NEPBS0_NLCA1_NLCB
1_ONLL1_OPLV0_PBD0_PFD1_PG2_PSD0_PSLn1_PWCn1_PWLn1_PK0_PKAB0_PAP0_PAPM0_PGR1_PLR1_PKA0_RK0_SGR1_SIA1_SLW1_SS0_SU32_SUM0_SUS256_SCIU0_SCIUE0_SCIUI1_SCIUPL
0_SPO0_SRVW0_SSO0_SVW4_SK0_SKA0_SKXCCM0_SNLL0_TSGRA0_TSGRB0_TT4_2_TLDS0_UIIDU0_UMLDSA0_UMLDSB0_UMF0_U64SL1_UIOFGRO0_USFGROn1_VAW1_VSn1_VW1_VWB1_VFLRP0_WS
GRA0_WSGRB0_WS32_WG16_16_1_WGM8_WGMTB

reject: VectorWidth must be >= 4 for Int8 or 8bitFloat

reject: Int8 requires GLVWA >= 4, current is 2

reject: Int8 requires GLVWB >= 4, current is 1
rejecting solution 
Cijk_Alik_Bjlk_I8II_BH_MT64x32x8_SN_1LDSB0_APM1_AAIGTEn1_AAILTEn1_AAV0_ABV0_ACED0_AF0EM1_AF1EM1_AMAS3_ASE_ASGT_ASLT_ASM_ASAE01_ASBE01_ASCE01_ASDE01_ASEM1
_AAC0_BL1_BS1_CUM0_CDO0_CTDA0_CLR0_DSK0_DRA0_DU8_DULD1_DTLA0_DTLB0_DTVA0_DTVB0_DAF0_DKP0_DVO0_ETSP_EPS1_ELFLR0_EMLL0_FSSC10_F16AI0_F16AIR0_FL0_GLVWA2_GLV
WB1_GR2A1_GR2B1_GRCGA1_GRCGB1_GRCVA1_GRCVB1_GRPM1_GRVW4_GSU1_GSUASB_GSUAA0_GSUSARR1_GSUWGMRR0_GLS0_ISA1201_IU1_IA0_KLA_LEL0_LBSPPA0_LBSPPB0_LPA2_LPB0_LDL
1_LR2A1_LR2B1_LRVW2_LW2A1_LW2B1_LWPMn1_LDW0_LT1_FMA_MIAV0_MTSM64_MTSM1_MDA2_MI_MO40_MVN256_MMFSC_MKFGSU256_MVN0_NR0_NTA0_NTB0_NTC0_NTD0_NEPBS0_NLCA1_NLCB
1_ONLL1_OPLV0_PBD0_PFD1_PG2_PSD0_PSLn1_PWCn1_PWLn1_PK0_PKAB0_PAP0_PAPM0_PGR1_PLR1_PKA0_RK0_SGR1_SIA1_SLW1_SS0_SU32_SUM0_SUS256_SCIU0_SCIUE0_SCIUI1_SCIUPL
0_SPO0_SRVW0_SSO0_SVW4_SK0_SKA0_SKXCCM0_SNLL0_TSGRA0_TSGRB0_TT4_2_TLDS0_UIIDU0_UMLDSA0_UMLDSB0_UMF0_U64SL1_UIOFGRO0_USFGROn1_VAW1_VSn1_VW2_VWB2_VFLRP0_WS
GRA0_WSGRB0_WS32_WG16_16_1_WGM8_WGMTB

reject: ThreadTile0 4 or ThreadTile1 2 not a multiple of VectorWidth 4
rejecting solution 
Cijk_Alik_Bjlk_I8II_BH_MT64x32x8_SN_1LDSB0_APM1_AAIGTEn1_AAILTEn1_AAV0_ABV0_ACED0_AF0EM1_AF1EM1_AMASn1_ASE_ASGT_ASLT_ASM_ASAE01_ASBE01_ASCE01_ASDE01_ASEM
1_AAC0_BL1_BS1_CUM0_CDO0_CTDA0_CLR0_DSK0_DRA0_DU8_DULD1_DTLA0_DTLB0_DTVA0_DTVB0_DAF0_DKP0_DVO0_ETSP_EPS1_ELFLR0_EMLL0_FSSC10_F16AI0_F16AIR0_FL0_GLVWA4_GL
VWB4_GR2A1_GR2B1_GRCGA1_GRCGB1_GRCVA1_GRCVB1_GRPM1_GRVW4_GSU1_GSUASB_GSUAA0_GSUSARR1_GSUWGMRR0_GLS0_ISA1201_IU1_IA0_KLA_LEL0_LBSPPAn1_LBSPPBn1_LPAn1_LPBn
1_LDL1_LR2A1_LR2B1_LRVWn1_LW2A1_LW2B1_LWPMn1_LDW0_LT1_FMA_MIAV0_MTSM64_MTSM1_MDA2_MI_MO40_MVN256_MMFSC_MKFGSU256_MVN0_NR0_NTA0_NTB0_NTC0_NTD0_NEPBS0_NLCA
1_NLCB1_ONLL1_OPLV0_PBD0_PFD1_PG2_PSD0_PSLn1_PWCn1_PWLn1_PK0_PKAB0_PAP0_PAPM0_PGR1_PLR1_PKA0_RK0_SGR1_SIA1_SLW1_SS0_SU32_SUM0_SUS256_SCIU0_SCIUE0_SCIUI1_
SCIUPL0_SPO0_SRVW0_SSO0_SVWn1_SK0_SKA0_SKXCCM0_SNLL0_TSGRA0_TSGRB0_TT4_2_TLDS0_UIIDU0_UMLDSA0_UMLDSB0_UMF0_U64SL1_UIOFGRO0_USFGROn1_VAWn1_VSn1_VW4_VWBn1_
VFLRP0_WSGRA0_WSGRB0_WS32_WG16_16_1_WGM8_WGMTB

reject: VectorWidth must be >= 4 for Int8 or 8bitFloat

reject: Int8 requires GLVWA >= 4, current is 2

reject: Int8 requires GLVWB >= 4, current is 1
rejecting solution 
Cijk_Alik_Bjlk_I8II_BH_MT64x32x8_SN_1LDSB0_APM1_AAIGTEn1_AAILTEn1_AAV0_ABV0_ACED0_AF0EM1_AF1EM1_AMAS0_ASE_ASGT_ASLT_ASM_ASAE01_ASBE01_ASCE01_ASDE01_ASEM1
_AAC0_BL1_BS1_CUM0_CDO0_CTDA0_CLR0_DSK0_DRA0_DU8_DULD1_DTLA0_DTLB0_DTVA0_DTVB0_DAF0_DKP0_DVO0_ETSP_EPS1_ELFLR0_EMLL0_FSSC10_F16AI0_F16AIR0_FL0_GLVWA2_GLV
WB1_GR2A1_GR2B1_GRCGA1_GRCGB1_GRCVA1_GRCVB1_GRPM1_GRVW8_GSU1_GSUASB_GSUAA0_GSUSARR1_GSUWGMRR0_GLS0_ISA1201_IU1_IA0_KLA_LEL0_LBSPPA0_LBSPPB0_LPA1_LPB0_LDL
1_LR2A1_LR2B1_LRVW1_LW2A1_LW2B1_LWPMn1_LDW0_LT1_FMA_MIAV0_MTSM64_MTSM1_MDA2_MI_MO40_MVN256_MMFSC_MKFGSU256_MVN0_NR0_NTA0_NTB0_NTC0_NTD0_NEPBS0_NLCA1_NLCB
1_ONLL1_OPLV0_PBD0_PFD1_PG2_PSD0_PSLn1_PWCn1_PWLn1_PK0_PKAB0_PAP0_PAPM0_PGR1_PLR1_PKA0_RK0_SGR1_SIA1_SLW1_SS0_SU32_SUM0_SUS256_SCIU0_SCIUE0_SCIUI1_SCIUPL
0_SPO0_SRVW0_SSO0_SVW4_SK0_SKA0_SKXCCM0_SNLL0_TSGRA0_TSGRB0_TT4_2_TLDS0_UIIDU0_UMLDSA0_UMLDSB0_UMF0_U64SL1_UIOFGRO0_USFGROn1_VAW1_VSn1_VW1_VWB1_VFLRP0_WS
GRA0_WSGRB0_WS32_WG16_16_1_WGM8_WGMTB

reject: VectorWidth must be >= 4 for Int8 or 8bitFloat

reject: Int8 requires GLVWA >= 4, current is 2

reject: Int8 requires GLVWB >= 4, current is 1
rejecting solution 
Cijk_Alik_Bjlk_I8II_BH_MT64x32x8_SN_1LDSB0_APM1_AAIGTEn1_AAILTEn1_AAV0_ABV0_ACED0_AF0EM1_AF1EM1_AMAS3_ASE_ASGT_ASLT_ASM_ASAE01_ASBE01_ASCE01_ASDE01_ASEM1
_AAC0_BL1_BS1_CUM0_CDO0_CTDA0_CLR0_DSK0_DRA0_DU8_DULD1_DTLA0_DTLB0_DTVA0_DTVB0_DAF0_DKP0_DVO0_ETSP_EPS1_ELFLR0_EMLL0_FSSC10_F16AI0_F16AIR0_FL0_GLVWA2_GLV
WB1_GR2A1_GR2B1_GRCGA1_GRCGB1_GRCVA1_GRCVB1_GRPM1_GRVW8_GSU1_GSUASB_GSUAA0_GSUSARR1_GSUWGMRR0_GLS0_ISA1201_IU1_IA0_KLA_LEL0_LBSPPA0_LBSPPB0_LPA2_LPB0_LDL
1_LR2A1_LR2B1_LRVW2_LW2A1_LW2B1_LWPMn1_LDW0_LT1_FMA_MIAV0_MTSM64_MTSM1_MDA2_MI_MO40_MVN256_MMFSC_MKFGSU256_MVN0_NR0_NTA0_NTB0_NTC0_NTD0_NEPBS0_NLCA1_NLCB
1_ONLL1_OPLV0_PBD0_PFD1_PG2_PSD0_PSLn1_PWCn1_PWLn1_PK0_PKAB0_PAP0_PAPM0_PGR1_PLR1_PKA0_RK0_SGR1_SIA1_SLW1_SS0_SU32_SUM0_SUS256_SCIU0_SCIUE0_SCIUI1_SCIUPL
0_SPO0_SRVW0_SSO0_SVW4_SK0_SKA0_SKXCCM0_SNLL0_TSGRA0_TSGRB0_TT4_2_TLDS0_UIIDU0_UMLDSA0_UMLDSB0_UMF0_U64SL1_UIOFGRO0_USFGROn1_VAW1_VSn1_VW2_VWB2_VFLRP0_WS
GRA0_WSGRB0_WS32_WG16_16_1_WGM8_WGMTB

reject: ThreadTile0 4 or ThreadTile1 2 not a multiple of VectorWidth 4
rejecting solution 
Cijk_Alik_Bjlk_I8II_BH_MT64x32x8_SN_1LDSB0_APM1_AAIGTEn1_AAILTEn1_AAV0_ABV0_ACED0_AF0EM1_AF1EM1_AMASn1_ASE_ASGT_ASLT_ASM_ASAE01_ASBE01_ASCE01_ASDE01_ASEM
1_AAC0_BL1_BS1_CUM0_CDO0_CTDA0_CLR0_DSK0_DRA0_DU8_DULD1_DTLA0_DTLB0_DTVA0_DTVB0_DAF0_DKP0_DVO0_ETSP_EPS1_ELFLR0_EMLL0_FSSC10_F16AI0_F16AIR0_FL0_GLVWA8_GL
VWB8_GR2A1_GR2B1_GRCGA1_GRCGB1_GRCVA1_GRCVB1_GRPM1_GRVW8_GSU1_GSUASB_GSUAA0_GSUSARR1_GSUWGMRR0_GLS0_ISA1201_IU1_IA0_KLA_LEL0_LBSPPAn1_LBSPPBn1_LPAn1_LPBn
1_LDL1_LR2A1_LR2B1_LRVWn1_LW2A1_LW2B1_LWPMn1_LDW0_LT1_FMA_MIAV0_MTSM64_MTSM1_MDA2_MI_MO40_MVN256_MMFSC_MKFGSU256_MVN0_NR0_NTA0_NTB0_NTC0_NTD0_NEPBS0_NLCA
1_NLCB1_ONLL1_OPLV0_PBD0_PFD1_PG2_PSD0_PSLn1_PWCn1_PWLn1_PK0_PKAB0_PAP0_PAPM0_PGR1_PLR1_PKA0_RK0_SGR1_SIA1_SLW1_SS0_SU32_SUM0_SUS256_SCIU0_SCIUE0_SCIUI1_
SCIUPL0_SPO0_SRVW0_SSO0_SVWn1_SK0_SKA0_SKXCCM0_SNLL0_TSGRA0_TSGRB0_TT4_2_TLDS0_UIIDU0_UMLDSA0_UMLDSB0_UMF0_U64SL1_UIOFGRO0_USFGROn1_VAWn1_VSn1_VW4_VWBn1_
VFLRP0_WSGRA0_WSGRB0_WS32_WG16_16_1_WGM8_WGMTB

reject: VectorWidth must be >= 4 for Int8 or 8bitFloat

reject: Int8 requires GLVWA >= 4, current is 2

reject: Int8 requires GLVWB >= 4, current is 1
rejecting solution 
Cijk_Alik_Bjlk_I8II_BH_MT64x32x8_SN_1LDSB0_APM1_AAIGTEn1_AAILTEn1_AAV0_ABV0_ACED0_AF0EM1_AF1EM1_AMAS0_ASE_ASGT_ASLT_ASM_ASAE01_ASBE01_ASCE01_ASDE01_ASEM1
_AAC0_BL1_BS1_CUM0_CDO0_CTDA0_CLR0_DSK0_DRA0_DU8_DULD1_DTLA0_DTLB0_DTVA0_DTVB0_DAF0_DKP0_DVO0_ETSP_EPS1_ELFLR0_EMLL0_FSSC10_F16AI0_F16AIR0_FL0_GLVWA2_GLV
WB1_GR2A1_GR2B1_GRCGA1_GRCGB1_GRCVA1_GRCVB1_GRPM1_GRVW16_GSU1_GSUASB_GSUAA0_GSUSARR1_GSUWGMRR0_GLS0_ISA1201_IU1_IA0_KLA_LEL0_LBSPPA0_LBSPPB0_LPA1_LPB0_LD
L1_LR2A1_LR2B1_LRVW1_LW2A1_LW2B1_LWPMn1_LDW0_LT1_FMA_MIAV0_MTSM64_MTSM1_MDA2_MI_MO40_MVN256_MMFSC_MKFGSU256_MVN0_NR0_NTA0_NTB0_NTC0_NTD0_NEPBS0_NLCA1_NLC
B1_ONLL1_OPLV0_PBD0_PFD1_PG2_PSD0_PSLn1_PWCn1_PWLn1_PK0_PKAB0_PAP0_PAPM0_PGR1_PLR1_PKA0_RK0_SGR1_SIA1_SLW1_SS0_SU32_SUM0_SUS256_SCIU0_SCIUE0_SCIUI1_SCIUP
L0_SPO0_SRVW0_SSO0_SVW4_SK0_SKA0_SKXCCM0_SNLL0_TSGRA0_TSGRB0_TT4_2_TLDS0_UIIDU0_UMLDSA0_UMLDSB0_UMF0_U64SL1_UIOFGRO0_USFGROn1_VAW1_VSn1_VW1_VWB1_VFLRP0_W
SGRA0_WSGRB0_WS32_WG16_16_1_WGM8_WGMTB

reject: VectorWidth must be >= 4 for Int8 or 8bitFloat

reject: Int8 requires GLVWA >= 4, current is 2

reject: Int8 requires GLVWB >= 4, current is 1
rejecting solution 
Cijk_Alik_Bjlk_I8II_BH_MT64x32x8_SN_1LDSB0_APM1_AAIGTEn1_AAILTEn1_AAV0_ABV0_ACED0_AF0EM1_AF1EM1_AMAS3_ASE_ASGT_ASLT_ASM_ASAE01_ASBE01_ASCE01_ASDE01_ASEM1
_AAC0_BL1_BS1_CUM0_CDO0_CTDA0_CLR0_DSK0_DRA0_DU8_DULD1_DTLA0_DTLB0_DTVA0_DTVB0_DAF0_DKP0_DVO0_ETSP_EPS1_ELFLR0_EMLL0_FSSC10_F16AI0_F16AIR0_FL0_GLVWA2_GLV
WB1_GR2A1_GR2B1_GRCGA1_GRCGB1_GRCVA1_GRCVB1_GRPM1_GRVW16_GSU1_GSUASB_GSUAA0_GSUSARR1_GSUWGMRR0_GLS0_ISA1201_IU1_IA0_KLA_LEL0_LBSPPA0_LBSPPB0_LPA2_LPB0_LD
L1_LR2A1_LR2B1_LRVW2_LW2A1_LW2B1_LWPMn1_LDW0_LT1_FMA_MIAV0_MTSM64_MTSM1_MDA2_MI_MO40_MVN256_MMFSC_MKFGSU256_MVN0_NR0_NTA0_NTB0_NTC0_NTD0_NEPBS0_NLCA1_NLC
B1_ONLL1_OPLV0_PBD0_PFD1_PG2_PSD0_PSLn1_PWCn1_PWLn1_PK0_PKAB0_PAP0_PAPM0_PGR1_PLR1_PKA0_RK0_SGR1_SIA1_SLW1_SS0_SU32_SUM0_SUS256_SCIU0_SCIUE0_SCIUI1_SCIUP
L0_SPO0_SRVW0_SSO0_SVW4_SK0_SKA0_SKXCCM0_SNLL0_TSGRA0_TSGRB0_TT4_2_TLDS0_UIIDU0_UMLDSA0_UMLDSB0_UMF0_U64SL1_UIOFGRO0_USFGROn1_VAW1_VSn1_VW2_VWB2_VFLRP0_W
SGRA0_WSGRB0_WS32_WG16_16_1_WGM8_WGMTB

reject: ThreadTile0 4 or ThreadTile1 2 not a multiple of VectorWidth 4
rejecting solution 
Cijk_Alik_Bjlk_I8II_BH_MT64x32x8_SN_1LDSB0_APM1_AAIGTEn1_AAILTEn1_AAV0_ABV0_ACED0_AF0EM1_AF1EM1_AMASn1_ASE_ASGT_ASLT_ASM_ASAE01_ASBE01_ASCE01_ASDE01_ASEM
1_AAC0_BL1_BS1_CUM0_CDO0_CTDA0_CLR0_DSK0_DRA0_DU8_DULD1_DTLA0_DTLB0_DTVA0_DTVB0_DAF0_DKP0_DVO0_ETSP_EPS1_ELFLR0_EMLL0_FSSC10_F16AI0_F16AIR0_FL0_GLVWA16_G
LVWB16_GR2A1_GR2B1_GRCGA1_GRCGB1_GRCVA1_GRCVB1_GRPM1_GRVW16_GSU1_GSUASB_GSUAA0_GSUSARR1_GSUWGMRR0_GLS0_ISA1201_IU1_IA0_KLA_LEL0_LBSPPAn1_LBSPPBn1_LPAn1_L
PBn1_LDL1_LR2A1_LR2B1_LRVWn1_LW2A1_LW2B1_LWPMn1_LDW0_LT1_FMA_MIAV0_MTSM64_MTSM1_MDA2_MI_MO40_MVN256_MMFSC_MKFGSU256_MVN0_NR0_NTA0_NTB0_NTC0_NTD0_NEPBS0_N
LCA1_NLCB1_ONLL1_OPLV0_PBD0_PFD1_PG2_PSD0_PSLn1_PWCn1_PWLn1_PK0_PKAB0_PAP0_PAPM0_PGR1_PLR1_PKA0_RK0_SGR1_SIA1_SLW1_SS0_SU32_SUM0_SUS256_SCIU0_SCIUE0_SCIU
I1_SCIUPL0_SPO0_SRVW0_SSO0_SVWn1_SK0_SKA0_SKXCCM0_SNLL0_TSGRA0_TSGRB0_TT4_2_TLDS0_UIIDU0_UMLDSA0_UMLDSB0_UMF0_U64SL1_UIOFGRO0_USFGROn1_VAWn1_VSn1_VW4_VWB
n1_VFLRP0_WSGRA0_WSGRB0_WS32_WG16_16_1_WGM8_WGMTB

reject: VectorWidth must be >= 4 for Int8 or 8bitFloat

reject: Int8 requires GLVWA >= 4, current is 1

reject: Int8 requires GLVWB >= 4, current is 2

reject: GlobalLoadVectorWidthB 2 must be == VectorWidth 1 or == 1
rejecting solution 
Cijk_Alik_Bjlk_I8II_BH_MT32x64x8_SN_1LDSB0_APM1_AAIGTEn1_AAILTEn1_AAV0_ABV0_ACED0_AF0EM1_AF1EM1_AMAS0_ASE_ASGT_ASLT_ASM_ASAE01_ASBE01_ASCE01_ASDE01_ASEM1
_AAC0_BL1_BS1_CUM0_CDO0_CTDA0_CLR0_DSK0_DRA0_DU8_DULD1_DTLA0_DTLB0_DTVA0_DTVB0_DAF0_DKP0_DVO0_ETSP_EPS1_ELFLR0_EMLL0_FSSC10_F16AI0_F16AIR0_FL0_GLVWA1_GLV
WB2_GR2A1_GR2B1_GRCGA1_GRCGB1_GRCVA1_GRCVB1_GRPM1_GRVW4_GSU1_GSUASB_GSUAA0_GSUSARR1_GSUWGMRR0_GLS0_ISA1201_IU1_IA0_KLA_LEL0_LBSPPA0_LBSPPB0_LPA1_LPB0_LDL
1_LR2A1_LR2B1_LRVW1_LW2A1_LW2B1_LWPMn1_LDW0_LT1_FMA_MIAV0_MTSM64_MTSM1_MDA2_MI_MO40_MVN256_MMFSC_MKFGSU256_MVN0_NR0_NTA0_NTB0_NTC0_NTD0_NEPBS0_NLCA1_NLCB
1_ONLL1_OPLV0_PBD0_PFD1_PG2_PSD0_PSLn1_PWCn1_PWLn1_PK0_PKAB0_PAP0_PAPM0_PGR1_PLR1_PKA0_RK0_SGR1_SIA1_SLW1_SS0_SU0_SUM0_SUS0_SCIU0_SCIUE0_SCIUI1_SCIUPL0_S
PO0_SRVW0_SSO0_SVW4_SK0_SKA0_SKXCCM0_SNLL0_TSGRA0_TSGRB0_TT2_4_TLDS0_UIIDU0_UMLDSA0_UMLDSB0_UMF0_U64SL1_UIOFGRO0_USFGROn1_VAW1_VSn1_VW1_VWB1_VFLRP0_WSGRA
0_WSGRB0_WS32_WG16_16_1_WGM8_WGMTB

reject: VectorWidth must be >= 4 for Int8 or 8bitFloat

reject: Int8 requires GLVWA >= 4, current is 1

reject: Int8 requires GLVWB >= 4, current is 2
rejecting solution 
Cijk_Alik_Bjlk_I8II_BH_MT32x64x8_SN_1LDSB0_APM1_AAIGTEn1_AAILTEn1_AAV0_ABV0_ACED0_AF0EM1_AF1EM1_AMAS3_ASE_ASGT_ASLT_ASM_ASAE01_ASBE01_ASCE01_ASDE01_ASEM1
_AAC0_BL1_BS1_CUM0_CDO0_CTDA0_CLR0_DSK0_DRA0_DU8_DULD1_DTLA0_DTLB0_DTVA0_DTVB0_DAF0_DKP0_DVO0_ETSP_EPS1_ELFLR0_EMLL0_FSSC10_F16AI0_F16AIR0_FL0_GLVWA1_GLV
WB2_GR2A1_GR2B1_GRCGA1_GRCGB1_GRCVA1_GRCVB1_GRPM1_GRVW4_GSU1_GSUASB_GSUAA0_GSUSARR1_GSUWGMRR0_GLS0_ISA1201_IU1_IA0_KLA_LEL0_LBSPPA0_LBSPPB0_LPA2_LPB0_LDL
1_LR2A1_LR2B1_LRVW2_LW2A1_LW2B1_LWPMn1_LDW0_LT1_FMA_MIAV0_MTSM64_MTSM1_MDA2_MI_MO40_MVN256_MMFSC_MKFGSU256_MVN0_NR0_NTA0_NTB0_NTC0_NTD0_NEPBS0_NLCA1_NLCB
1_ONLL1_OPLV0_PBD0_PFD1_PG2_PSD0_PSLn1_PWCn1_PWLn1_PK0_PKAB0_PAP0_PAPM0_PGR1_PLR1_PKA0_RK0_SGR1_SIA1_SLW1_SS0_SU0_SUM0_SUS0_SCIU0_SCIUE0_SCIUI1_SCIUPL0_S
PO0_SRVW0_SSO0_SVW4_SK0_SKA0_SKXCCM0_SNLL0_TSGRA0_TSGRB0_TT2_4_TLDS0_UIIDU0_UMLDSA0_UMLDSB0_UMF0_U64SL1_UIOFGRO0_USFGROn1_VAW1_VSn1_VW2_VWB2_VFLRP0_WSGRA
0_WSGRB0_WS32_WG16_16_1_WGM8_WGMTB

reject: ThreadTile0 2 or ThreadTile1 4 not a multiple of VectorWidth 4
rejecting solution 
Cijk_Alik_Bjlk_I8II_BH_MT32x64x8_SN_1LDSB0_APM1_AAIGTEn1_AAILTEn1_AAV0_ABV0_ACED0_AF0EM1_AF1EM1_AMASn1_ASE_ASGT_ASLT_ASM_ASAE01_ASBE01_ASCE01_ASDE01_ASEM
1_AAC0_BL1_BS1_CUM0_CDO0_CTDA0_CLR0_DSK0_DRA0_DU8_DULD1_DTLA0_DTLB0_DTVA0_DTVB0_DAF0_DKP0_DVO0_ETSP_EPS1_ELFLR0_EMLL0_FSSC10_F16AI0_F16AIR0_FL0_GLVWA4_GL
VWB4_GR2A1_GR2B1_GRCGA1_GRCGB1_GRCVA1_GRCVB1_GRPM1_GRVW4_GSU1_GSUASB_GSUAA0_GSUSARR1_GSUWGMRR0_GLS0_ISA1201_IU1_IA0_KLA_LEL0_LBSPPAn1_LBSPPBn1_LPAn1_LPBn
1_LDL1_LR2A1_LR2B1_LRVWn1_LW2A1_LW2B1_LWPMn1_LDW0_LT1_FMA_MIAV0_MTSM64_MTSM1_MDA2_MI_MO40_MVN256_MMFSC_MKFGSU256_MVN0_NR0_NTA0_NTB0_NTC0_NTD0_NEPBS0_NLCA
1_NLCB1_ONLL1_OPLV0_PBD0_PFD1_PG2_PSD0_PSLn1_PWCn1_PWLn1_PK0_PKAB0_PAP0_PAPM0_PGR1_PLR1_PKA0_RK0_SGR1_SIA1_SLW1_SS0_SU0_SUM0_SUS0_SCIU0_SCIUE0_SCIUI1_SCI
UPL0_SPO0_SRVW0_SSO0_SVWn1_SK0_SKA0_SKXCCM0_SNLL0_TSGRA0_TSGRB0_TT2_4_TLDS0_UIIDU0_UMLDSA0_UMLDSB0_UMF0_U64SL1_UIOFGRO0_USFGROn1_VAWn1_VSn1_VW4_VWBn1_VFL
RP0_WSGRA0_WSGRB0_WS32_WG16_16_1_WGM8_WGMTB

reject: VectorWidth must be >= 4 for Int8 or 8bitFloat

reject: Int8 requires GLVWA >= 4, current is 1

reject: Int8 requires GLVWB >= 4, current is 2

reject: GlobalLoadVectorWidthB 2 must be == VectorWidth 1 or == 1
rejecting solution 
Cijk_Alik_Bjlk_I8II_BH_MT32x64x8_SN_1LDSB0_APM1_AAIGTEn1_AAILTEn1_AAV0_ABV0_ACED0_AF0EM1_AF1EM1_AMAS0_ASE_ASGT_ASLT_ASM_ASAE01_ASBE01_ASCE01_ASDE01_ASEM1
_AAC0_BL1_BS1_CUM0_CDO0_CTDA0_CLR0_DSK0_DRA0_DU8_DULD1_DTLA0_DTLB0_DTVA0_DTVB0_DAF0_DKP0_DVO0_ETSP_EPS1_ELFLR0_EMLL0_FSSC10_F16AI0_F16AIR0_FL0_GLVWA1_GLV
WB2_GR2A1_GR2B1_GRCGA1_GRCGB1_GRCVA1_GRCVB1_GRPM1_GRVW8_GSU1_GSUASB_GSUAA0_GSUSARR1_GSUWGMRR0_GLS0_ISA1201_IU1_IA0_KLA_LEL0_LBSPPA0_LBSPPB0_LPA1_LPB0_LDL
1_LR2A1_LR2B1_LRVW1_LW2A1_LW2B1_LWPMn1_LDW0_LT1_FMA_MIAV0_MTSM64_MTSM1_MDA2_MI_MO40_MVN256_MMFSC_MKFGSU256_MVN0_NR0_NTA0_NTB0_NTC0_NTD0_NEPBS0_NLCA1_NLCB
1_ONLL1_OPLV0_PBD0_PFD1_PG2_PSD0_PSLn1_PWCn1_PWLn1_PK0_PKAB0_PAP0_PAPM0_PGR1_PLR1_PKA0_RK0_SGR1_SIA1_SLW1_SS0_SU0_SUM0_SUS0_SCIU0_SCIUE0_SCIUI1_SCIUPL0_S
PO0_SRVW0_SSO0_SVW4_SK0_SKA0_SKXCCM0_SNLL0_TSGRA0_TSGRB0_TT2_4_TLDS0_UIIDU0_UMLDSA0_UMLDSB0_UMF0_U64SL1_UIOFGRO0_USFGROn1_VAW1_VSn1_VW1_VWB1_VFLRP0_WSGRA
0_WSGRB0_WS32_WG16_16_1_WGM8_WGMTB

reject: VectorWidth must be >= 4 for Int8 or 8bitFloat

reject: Int8 requires GLVWA >= 4, current is 1

reject: Int8 requires GLVWB >= 4, current is 2
rejecting solution 
Cijk_Alik_Bjlk_I8II_BH_MT32x64x8_SN_1LDSB0_APM1_AAIGTEn1_AAILTEn1_AAV0_ABV0_ACED0_AF0EM1_AF1EM1_AMAS3_ASE_ASGT_ASLT_ASM_ASAE01_ASBE01_ASCE01_ASDE01_ASEM1
_AAC0_BL1_BS1_CUM0_CDO0_CTDA0_CLR0_DSK0_DRA0_DU8_DULD1_DTLA0_DTLB0_DTVA0_DTVB0_DAF0_DKP0_DVO0_ETSP_EPS1_ELFLR0_EMLL0_FSSC10_F16AI0_F16AIR0_FL0_GLVWA1_GLV
WB2_GR2A1_GR2B1_GRCGA1_GRCGB1_GRCVA1_GRCVB1_GRPM1_GRVW8_GSU1_GSUASB_GSUAA0_GSUSARR1_GSUWGMRR0_GLS0_ISA1201_IU1_IA0_KLA_LEL0_LBSPPA0_LBSPPB0_LPA2_LPB0_LDL
1_LR2A1_LR2B1_LRVW2_LW2A1_LW2B1_LWPMn1_LDW0_LT1_FMA_MIAV0_MTSM64_MTSM1_MDA2_MI_MO40_MVN256_MMFSC_MKFGSU256_MVN0_NR0_NTA0_NTB0_NTC0_NTD0_NEPBS0_NLCA1_NLCB
1_ONLL1_OPLV0_PBD0_PFD1_PG2_PSD0_PSLn1_PWCn1_PWLn1_PK0_PKAB0_PAP0_PAPM0_PGR1_PLR1_PKA0_RK0_SGR1_SIA1_SLW1_SS0_SU0_SUM0_SUS0_SCIU0_SCIUE0_SCIUI1_SCIUPL0_S
PO0_SRVW0_SSO0_SVW4_SK0_SKA0_SKXCCM0_SNLL0_TSGRA0_TSGRB0_TT2_4_TLDS0_UIIDU0_UMLDSA0_UMLDSB0_UMF0_U64SL1_UIOFGRO0_USFGROn1_VAW1_VSn1_VW2_VWB2_VFLRP0_WSGRA
0_WSGRB0_WS32_WG16_16_1_WGM8_WGMTB

reject: ThreadTile0 2 or ThreadTile1 4 not a multiple of VectorWidth 4
rejecting solution 
Cijk_Alik_Bjlk_I8II_BH_MT32x64x8_SN_1LDSB0_APM1_AAIGTEn1_AAILTEn1_AAV0_ABV0_ACED0_AF0EM1_AF1EM1_AMASn1_ASE_ASGT_ASLT_ASM_ASAE01_ASBE01_ASCE01_ASDE01_ASEM
1_AAC0_BL1_BS1_CUM0_CDO0_CTDA0_CLR0_DSK0_DRA0_DU8_DULD1_DTLA0_DTLB0_DTVA0_DTVB0_DAF0_DKP0_DVO0_ETSP_EPS1_ELFLR0_EMLL0_FSSC10_F16AI0_F16AIR0_FL0_GLVWA8_GL
VWB8_GR2A1_GR2B1_GRCGA1_GRCGB1_GRCVA1_GRCVB1_GRPM1_GRVW8_GSU1_GSUASB_GSUAA0_GSUSARR1_GSUWGMRR0_GLS0_ISA1201_IU1_IA0_KLA_LEL0_LBSPPAn1_LBSPPBn1_LPAn1_LPBn
1_LDL1_LR2A1_LR2B1_LRVWn1_LW2A1_LW2B1_LWPMn1_LDW0_LT1_FMA_MIAV0_MTSM64_MTSM1_MDA2_MI_MO40_MVN256_MMFSC_MKFGSU256_MVN0_NR0_NTA0_NTB0_NTC0_NTD0_NEPBS0_NLCA
1_NLCB1_ONLL1_OPLV0_PBD0_PFD1_PG2_PSD0_PSLn1_PWCn1_PWLn1_PK0_PKAB0_PAP0_PAPM0_PGR1_PLR1_PKA0_RK0_SGR1_SIA1_SLW1_SS0_SU0_SUM0_SUS0_SCIU0_SCIUE0_SCIUI1_SCI
UPL0_SPO0_SRVW0_SSO0_SVWn1_SK0_SKA0_SKXCCM0_SNLL0_TSGRA0_TSGRB0_TT2_4_TLDS0_UIIDU0_UMLDSA0_UMLDSB0_UMF0_U64SL1_UIOFGRO0_USFGROn1_VAWn1_VSn1_VW4_VWBn1_VFL
RP0_WSGRA0_WSGRB0_WS32_WG16_16_1_WGM8_WGMTB

reject: VectorWidth must be >= 4 for Int8 or 8bitFloat

reject: Int8 requires GLVWA >= 4, current is 1

reject: Int8 requires GLVWB >= 4, current is 2

reject: GlobalLoadVectorWidthB 2 must be == VectorWidth 1 or == 1
rejecting solution 
Cijk_Alik_Bjlk_I8II_BH_MT32x64x8_SN_1LDSB0_APM1_AAIGTEn1_AAILTEn1_AAV0_ABV0_ACED0_AF0EM1_AF1EM1_AMAS0_ASE_ASGT_ASLT_ASM_ASAE01_ASBE01_ASCE01_ASDE01_ASEM1
_AAC0_BL1_BS1_CUM0_CDO0_CTDA0_CLR0_DSK0_DRA0_DU8_DULD1_DTLA0_DTLB0_DTVA0_DTVB0_DAF0_DKP0_DVO0_ETSP_EPS1_ELFLR0_EMLL0_FSSC10_F16AI0_F16AIR0_FL0_GLVWA1_GLV
WB2_GR2A1_GR2B1_GRCGA1_GRCGB1_GRCVA1_GRCVB1_GRPM1_GRVW16_GSU1_GSUASB_GSUAA0_GSUSARR1_GSUWGMRR0_GLS0_ISA1201_IU1_IA0_KLA_LEL0_LBSPPA0_LBSPPB0_LPA1_LPB0_LD
L1_LR2A1_LR2B1_LRVW1_LW2A1_LW2B1_LWPMn1_LDW0_LT1_FMA_MIAV0_MTSM64_MTSM1_MDA2_MI_MO40_MVN256_MMFSC_MKFGSU256_MVN0_NR0_NTA0_NTB0_NTC0_NTD0_NEPBS0_NLCA1_NLC
B1_ONLL1_OPLV0_PBD0_PFD1_PG2_PSD0_PSLn1_PWCn1_PWLn1_PK0_PKAB0_PAP0_PAPM0_PGR1_PLR1_PKA0_RK0_SGR1_SIA1_SLW1_SS0_SU0_SUM0_SUS0_SCIU0_SCIUE0_SCIUI1_SCIUPL0_
SPO0_SRVW0_SSO0_SVW4_SK0_SKA0_SKXCCM0_SNLL0_TSGRA0_TSGRB0_TT2_4_TLDS0_UIIDU0_UMLDSA0_UMLDSB0_UMF0_U64SL1_UIOFGRO0_USFGROn1_VAW1_VSn1_VW1_VWB1_VFLRP0_WSGR
A0_WSGRB0_WS32_WG16_16_1_WGM8_WGMTB

reject: VectorWidth must be >= 4 for Int8 or 8bitFloat

reject: Int8 requires GLVWA >= 4, current is 1

reject: Int8 requires GLVWB >= 4, current is 2
rejecting solution 
Cijk_Alik_Bjlk_I8II_BH_MT32x64x8_SN_1LDSB0_APM1_AAIGTEn1_AAILTEn1_AAV0_ABV0_ACED0_AF0EM1_AF1EM1_AMAS3_ASE_ASGT_ASLT_ASM_ASAE01_ASBE01_ASCE01_ASDE01_ASEM1
_AAC0_BL1_BS1_CUM0_CDO0_CTDA0_CLR0_DSK0_DRA0_DU8_DULD1_DTLA0_DTLB0_DTVA0_DTVB0_DAF0_DKP0_DVO0_ETSP_EPS1_ELFLR0_EMLL0_FSSC10_F16AI0_F16AIR0_FL0_GLVWA1_GLV
WB2_GR2A1_GR2B1_GRCGA1_GRCGB1_GRCVA1_GRCVB1_GRPM1_GRVW16_GSU1_GSUASB_GSUAA0_GSUSARR1_GSUWGMRR0_GLS0_ISA1201_IU1_IA0_KLA_LEL0_LBSPPA0_LBSPPB0_LPA2_LPB0_LD
L1_LR2A1_LR2B1_LRVW2_LW2A1_LW2B1_LWPMn1_LDW0_LT1_FMA_MIAV0_MTSM64_MTSM1_MDA2_MI_MO40_MVN256_MMFSC_MKFGSU256_MVN0_NR0_NTA0_NTB0_NTC0_NTD0_NEPBS0_NLCA1_NLC
B1_ONLL1_OPLV0_PBD0_PFD1_PG2_PSD0_PSLn1_PWCn1_PWLn1_PK0_PKAB0_PAP0_PAPM0_PGR1_PLR1_PKA0_RK0_SGR1_SIA1_SLW1_SS0_SU0_SUM0_SUS0_SCIU0_SCIUE0_SCIUI1_SCIUPL0_
SPO0_SRVW0_SSO0_SVW4_SK0_SKA0_SKXCCM0_SNLL0_TSGRA0_TSGRB0_TT2_4_TLDS0_UIIDU0_UMLDSA0_UMLDSB0_UMF0_U64SL1_UIOFGRO0_USFGROn1_VAW1_VSn1_VW2_VWB2_VFLRP0_WSGR
A0_WSGRB0_WS32_WG16_16_1_WGM8_WGMTB

reject: ThreadTile0 2 or ThreadTile1 4 not a multiple of VectorWidth 4
rejecting solution 
Cijk_Alik_Bjlk_I8II_BH_MT32x64x8_SN_1LDSB0_APM1_AAIGTEn1_AAILTEn1_AAV0_ABV0_ACED0_AF0EM1_AF1EM1_AMASn1_ASE_ASGT_ASLT_ASM_ASAE01_ASBE01_ASCE01_ASDE01_ASEM
1_AAC0_BL1_BS1_CUM0_CDO0_CTDA0_CLR0_DSK0_DRA0_DU8_DULD1_DTLA0_DTLB0_DTVA0_DTVB0_DAF0_DKP0_DVO0_ETSP_EPS1_ELFLR0_EMLL0_FSSC10_F16AI0_F16AIR0_FL0_GLVWA16_G
LVWB16_GR2A1_GR2B1_GRCGA1_GRCGB1_GRCVA1_GRCVB1_GRPM1_GRVW16_GSU1_GSUASB_GSUAA0_GSUSARR1_GSUWGMRR0_GLS0_ISA1201_IU1_IA0_KLA_LEL0_LBSPPAn1_LBSPPBn1_LPAn1_L
PBn1_LDL1_LR2A1_LR2B1_LRVWn1_LW2A1_LW2B1_LWPMn1_LDW0_LT1_FMA_MIAV0_MTSM64_MTSM1_MDA2_MI_MO40_MVN256_MMFSC_MKFGSU256_MVN0_NR0_NTA0_NTB0_NTC0_NTD0_NEPBS0_N
LCA1_NLCB1_ONLL1_OPLV0_PBD0_PFD1_PG2_PSD0_PSLn1_PWCn1_PWLn1_PK0_PKAB0_PAP0_PAPM0_PGR1_PLR1_PKA0_RK0_SGR1_SIA1_SLW1_SS0_SU0_SUM0_SUS0_SCIU0_SCIUE0_SCIUI1_
SCIUPL0_SPO0_SRVW0_SSO0_SVWn1_SK0_SKA0_SKXCCM0_SNLL0_TSGRA0_TSGRB0_TT2_4_TLDS0_UIIDU0_UMLDSA0_UMLDSB0_UMF0_U64SL1_UIOFGRO0_USFGROn1_VAWn1_VSn1_VW4_VWBn1_
VFLRP0_WSGRA0_WSGRB0_WS32_WG16_16_1_WGM8_WGMTB

reject: VectorWidth must be >= 4 for Int8 or 8bitFloat

reject: Int8 requires GLVWA >= 4, current is 1

reject: Int8 requires GLVWB >= 4, current is 2

reject: GlobalLoadVectorWidthB 2 must be == VectorWidth 1 or == 1
rejecting solution 
Cijk_Alik_Bjlk_I8II_BH_MT32x64x8_SN_1LDSB0_APM1_AAIGTEn1_AAILTEn1_AAV0_ABV0_ACED0_AF0EM1_AF1EM1_AMAS0_ASE_ASGT_ASLT_ASM_ASAE01_ASBE01_ASCE01_ASDE01_ASEM1
_AAC0_BL1_BS1_CUM0_CDO0_CTDA0_CLR0_DSK0_DRA0_DU8_DULD1_DTLA0_DTLB0_DTVA0_DTVB0_DAF0_DKP0_DVO0_ETSP_EPS1_ELFLR0_EMLL0_FSSC10_F16AI0_F16AIR0_FL0_GLVWA1_GLV
WB2_GR2A1_GR2B1_GRCGA1_GRCGB1_GRCVA1_GRCVB1_GRPM1_GRVW4_GSU1_GSUASB_GSUAA0_GSUSARR1_GSUWGMRR0_GLS0_ISA1201_IU1_IA0_KLA_LEL0_LBSPPA0_LBSPPB0_LPA1_LPB0_LDL
1_LR2A1_LR2B1_LRVW1_LW2A1_LW2B1_LWPMn1_LDW0_LT1_FMA_MIAV0_MTSM64_MTSM1_MDA2_MI_MO40_MVN256_MMFSC_MKFGSU256_MVN0_NR0_NTA0_NTB0_NTC0_NTD0_NEPBS0_NLCA1_NLCB
1_ONLL1_OPLV0_PBD0_PFD1_PG2_PSD0_PSLn1_PWCn1_PWLn1_PK0_PKAB0_PAP0_PAPM0_PGR1_PLR1_PKA0_RK0_SGR1_SIA1_SLW1_SS0_SU32_SUM0_SUS256_SCIU0_SCIUE0_SCIUI1_SCIUPL
0_SPO0_SRVW0_SSO0_SVW4_SK0_SKA0_SKXCCM0_SNLL0_TSGRA0_TSGRB0_TT2_4_TLDS0_UIIDU0_UMLDSA0_UMLDSB0_UMF0_U64SL1_UIOFGRO0_USFGROn1_VAW1_VSn1_VW1_VWB1_VFLRP0_WS
GRA0_WSGRB0_WS32_WG16_16_1_WGM8_WGMTB

reject: VectorWidth must be >= 4 for Int8 or 8bitFloat

reject: Int8 requires GLVWA >= 4, current is 1

reject: Int8 requires GLVWB >= 4, current is 2
rejecting solution 
Cijk_Alik_Bjlk_I8II_BH_MT32x64x8_SN_1LDSB0_APM1_AAIGTEn1_AAILTEn1_AAV0_ABV0_ACED0_AF0EM1_AF1EM1_AMAS3_ASE_ASGT_ASLT_ASM_ASAE01_ASBE01_ASCE01_ASDE01_ASEM1
_AAC0_BL1_BS1_CUM0_CDO0_CTDA0_CLR0_DSK0_DRA0_DU8_DULD1_DTLA0_DTLB0_DTVA0_DTVB0_DAF0_DKP0_DVO0_ETSP_EPS1_ELFLR0_EMLL0_FSSC10_F16AI0_F16AIR0_FL0_GLVWA1_GLV
WB2_GR2A1_GR2B1_GRCGA1_GRCGB1_GRCVA1_GRCVB1_GRPM1_GRVW4_GSU1_GSUASB_GSUAA0_GSUSARR1_GSUWGMRR0_GLS0_ISA1201_IU1_IA0_KLA_LEL0_LBSPPA0_LBSPPB0_LPA2_LPB0_LDL
1_LR2A1_LR2B1_LRVW2_LW2A1_LW2B1_LWPMn1_LDW0_LT1_FMA_MIAV0_MTSM64_MTSM1_MDA2_MI_MO40_MVN256_MMFSC_MKFGSU256_MVN0_NR0_NTA0_NTB0_NTC0_NTD0_NEPBS0_NLCA1_NLCB
1_ONLL1_OPLV0_PBD0_PFD1_PG2_PSD0_PSLn1_PWCn1_PWLn1_PK0_PKAB0_PAP0_PAPM0_PGR1_PLR1_PKA0_RK0_SGR1_SIA1_SLW1_SS0_SU32_SUM0_SUS256_SCIU0_SCIUE0_SCIUI1_SCIUPL
0_SPO0_SRVW0_SSO0_SVW4_SK0_SKA0_SKXCCM0_SNLL0_TSGRA0_TSGRB0_TT2_4_TLDS0_UIIDU0_UMLDSA0_UMLDSB0_UMF0_U64SL1_UIOFGRO0_USFGROn1_VAW1_VSn1_VW2_VWB2_VFLRP0_WS
GRA0_WSGRB0_WS32_WG16_16_1_WGM8_WGMTB

reject: ThreadTile0 2 or ThreadTile1 4 not a multiple of VectorWidth 4
rejecting solution 
Cijk_Alik_Bjlk_I8II_BH_MT32x64x8_SN_1LDSB0_APM1_AAIGTEn1_AAILTEn1_AAV0_ABV0_ACED0_AF0EM1_AF1EM1_AMASn1_ASE_ASGT_ASLT_ASM_ASAE01_ASBE01_ASCE01_ASDE01_ASEM
1_AAC0_BL1_BS1_CUM0_CDO0_CTDA0_CLR0_DSK0_DRA0_DU8_DULD1_DTLA0_DTLB0_DTVA0_DTVB0_DAF0_DKP0_DVO0_ETSP_EPS1_ELFLR0_EMLL0_FSSC10_F16AI0_F16AIR0_FL0_GLVWA4_GL
VWB4_GR2A1_GR2B1_GRCGA1_GRCGB1_GRCVA1_GRCVB1_GRPM1_GRVW4_GSU1_GSUASB_GSUAA0_GSUSARR1_GSUWGMRR0_GLS0_ISA1201_IU1_IA0_KLA_LEL0_LBSPPAn1_LBSPPBn1_LPAn1_LPBn
1_LDL1_LR2A1_LR2B1_LRVWn1_LW2A1_LW2B1_LWPMn1_LDW0_LT1_FMA_MIAV0_MTSM64_MTSM1_MDA2_MI_MO40_MVN256_MMFSC_MKFGSU256_MVN0_NR0_NTA0_NTB0_NTC0_NTD0_NEPBS0_NLCA
1_NLCB1_ONLL1_OPLV0_PBD0_PFD1_PG2_PSD0_PSLn1_PWCn1_PWLn1_PK0_PKAB0_PAP0_PAPM0_PGR1_PLR1_PKA0_RK0_SGR1_SIA1_SLW1_SS0_SU32_SUM0_SUS256_SCIU0_SCIUE0_SCIUI1_
SCIUPL0_SPO0_SRVW0_SSO0_SVWn1_SK0_SKA0_SKXCCM0_SNLL0_TSGRA0_TSGRB0_TT2_4_TLDS0_UIIDU0_UMLDSA0_UMLDSB0_UMF0_U64SL1_UIOFGRO0_USFGROn1_VAWn1_VSn1_VW4_VWBn1_
VFLRP0_WSGRA0_WSGRB0_WS32_WG16_16_1_WGM8_WGMTB

reject: VectorWidth must be >= 4 for Int8 or 8bitFloat

reject: Int8 requires GLVWA >= 4, current is 1

reject: Int8 requires GLVWB >= 4, current is 2

reject: GlobalLoadVectorWidthB 2 must be == VectorWidth 1 or == 1
rejecting solution 
Cijk_Alik_Bjlk_I8II_BH_MT32x64x8_SN_1LDSB0_APM1_AAIGTEn1_AAILTEn1_AAV0_ABV0_ACED0_AF0EM1_AF1EM1_AMAS0_ASE_ASGT_ASLT_ASM_ASAE01_ASBE01_ASCE01_ASDE01_ASEM1
_AAC0_BL1_BS1_CUM0_CDO0_CTDA0_CLR0_DSK0_DRA0_DU8_DULD1_DTLA0_DTLB0_DTVA0_DTVB0_DAF0_DKP0_DVO0_ETSP_EPS1_ELFLR0_EMLL0_FSSC10_F16AI0_F16AIR0_FL0_GLVWA1_GLV
WB2_GR2A1_GR2B1_GRCGA1_GRCGB1_GRCVA1_GRCVB1_GRPM1_GRVW8_GSU1_GSUASB_GSUAA0_GSUSARR1_GSUWGMRR0_GLS0_ISA1201_IU1_IA0_KLA_LEL0_LBSPPA0_LBSPPB0_LPA1_LPB0_LDL
1_LR2A1_LR2B1_LRVW1_LW2A1_LW2B1_LWPMn1_LDW0_LT1_FMA_MIAV0_MTSM64_MTSM1_MDA2_MI_MO40_MVN256_MMFSC_MKFGSU256_MVN0_NR0_NTA0_NTB0_NTC0_NTD0_NEPBS0_NLCA1_NLCB
1_ONLL1_OPLV0_PBD0_PFD1_PG2_PSD0_PSLn1_PWCn1_PWLn1_PK0_PKAB0_PAP0_PAPM0_PGR1_PLR1_PKA0_RK0_SGR1_SIA1_SLW1_SS0_SU32_SUM0_SUS256_SCIU0_SCIUE0_SCIUI1_SCIUPL
0_SPO0_SRVW0_SSO0_SVW4_SK0_SKA0_SKXCCM0_SNLL0_TSGRA0_TSGRB0_TT2_4_TLDS0_UIIDU0_UMLDSA0_UMLDSB0_UMF0_U64SL1_UIOFGRO0_USFGROn1_VAW1_VSn1_VW1_VWB1_VFLRP0_WS
GRA0_WSGRB0_WS32_WG16_16_1_WGM8_WGMTB

reject: VectorWidth must be >= 4 for Int8 or 8bitFloat

reject: Int8 requires GLVWA >= 4, current is 1

reject: Int8 requires GLVWB >= 4, current is 2
rejecting solution 
Cijk_Alik_Bjlk_I8II_BH_MT32x64x8_SN_1LDSB0_APM1_AAIGTEn1_AAILTEn1_AAV0_ABV0_ACED0_AF0EM1_AF1EM1_AMAS3_ASE_ASGT_ASLT_ASM_ASAE01_ASBE01_ASCE01_ASDE01_ASEM1
_AAC0_BL1_BS1_CUM0_CDO0_CTDA0_CLR0_DSK0_DRA0_DU8_DULD1_DTLA0_DTLB0_DTVA0_DTVB0_DAF0_DKP0_DVO0_ETSP_EPS1_ELFLR0_EMLL0_FSSC10_F16AI0_F16AIR0_FL0_GLVWA1_GLV
WB2_GR2A1_GR2B1_GRCGA1_GRCGB1_GRCVA1_GRCVB1_GRPM1_GRVW8_GSU1_GSUASB_GSUAA0_GSUSARR1_GSUWGMRR0_GLS0_ISA1201_IU1_IA0_KLA_LEL0_LBSPPA0_LBSPPB0_LPA2_LPB0_LDL
1_LR2A1_LR2B1_LRVW2_LW2A1_LW2B1_LWPMn1_LDW0_LT1_FMA_MIAV0_MTSM64_MTSM1_MDA2_MI_MO40_MVN256_MMFSC_MKFGSU256_MVN0_NR0_NTA0_NTB0_NTC0_NTD0_NEPBS0_NLCA1_NLCB
1_ONLL1_OPLV0_PBD0_PFD1_PG2_PSD0_PSLn1_PWCn1_PWLn1_PK0_PKAB0_PAP0_PAPM0_PGR1_PLR1_PKA0_RK0_SGR1_SIA1_SLW1_SS0_SU32_SUM0_SUS256_SCIU0_SCIUE0_SCIUI1_SCIUPL
0_SPO0_SRVW0_SSO0_SVW4_SK0_SKA0_SKXCCM0_SNLL0_TSGRA0_TSGRB0_TT2_4_TLDS0_UIIDU0_UMLDSA0_UMLDSB0_UMF0_U64SL1_UIOFGRO0_USFGROn1_VAW1_VSn1_VW2_VWB2_VFLRP0_WS
GRA0_WSGRB0_WS32_WG16_16_1_WGM8_WGMTB

reject: ThreadTile0 2 or ThreadTile1 4 not a multiple of VectorWidth 4
rejecting solution 
Cijk_Alik_Bjlk_I8II_BH_MT32x64x8_SN_1LDSB0_APM1_AAIGTEn1_AAILTEn1_AAV0_ABV0_ACED0_AF0EM1_AF1EM1_AMASn1_ASE_ASGT_ASLT_ASM_ASAE01_ASBE01_ASCE01_ASDE01_ASEM
1_AAC0_BL1_BS1_CUM0_CDO0_CTDA0_CLR0_DSK0_DRA0_DU8_DULD1_DTLA0_DTLB0_DTVA0_DTVB0_DAF0_DKP0_DVO0_ETSP_EPS1_ELFLR0_EMLL0_FSSC10_F16AI0_F16AIR0_FL0_GLVWA8_GL
VWB8_GR2A1_GR2B1_GRCGA1_GRCGB1_GRCVA1_GRCVB1_GRPM1_GRVW8_GSU1_GSUASB_GSUAA0_GSUSARR1_GSUWGMRR0_GLS0_ISA1201_IU1_IA0_KLA_LEL0_LBSPPAn1_LBSPPBn1_LPAn1_LPBn
1_LDL1_LR2A1_LR2B1_LRVWn1_LW2A1_LW2B1_LWPMn1_LDW0_LT1_FMA_MIAV0_MTSM64_MTSM1_MDA2_MI_MO40_MVN256_MMFSC_MKFGSU256_MVN0_NR0_NTA0_NTB0_NTC0_NTD0_NEPBS0_NLCA
1_NLCB1_ONLL1_OPLV0_PBD0_PFD1_PG2_PSD0_PSLn1_PWCn1_PWLn1_PK0_PKAB0_PAP0_PAPM0_PGR1_PLR1_PKA0_RK0_SGR1_SIA1_SLW1_SS0_SU32_SUM0_SUS256_SCIU0_SCIUE0_SCIUI1_
SCIUPL0_SPO0_SRVW0_SSO0_SVWn1_SK0_SKA0_SKXCCM0_SNLL0_TSGRA0_TSGRB0_TT2_4_TLDS0_UIIDU0_UMLDSA0_UMLDSB0_UMF0_U64SL1_UIOFGRO0_USFGROn1_VAWn1_VSn1_VW4_VWBn1_
VFLRP0_WSGRA0_WSGRB0_WS32_WG16_16_1_WGM8_WGMTB

reject: VectorWidth must be >= 4 for Int8 or 8bitFloat

reject: Int8 requires GLVWA >= 4, current is 1

reject: Int8 requires GLVWB >= 4, current is 2

reject: GlobalLoadVectorWidthB 2 must be == VectorWidth 1 or == 1
rejecting solution 
Cijk_Alik_Bjlk_I8II_BH_MT32x64x8_SN_1LDSB0_APM1_AAIGTEn1_AAILTEn1_AAV0_ABV0_ACED0_AF0EM1_AF1EM1_AMAS0_ASE_ASGT_ASLT_ASM_ASAE01_ASBE01_ASCE01_ASDE01_ASEM1
_AAC0_BL1_BS1_CUM0_CDO0_CTDA0_CLR0_DSK0_DRA0_DU8_DULD1_DTLA0_DTLB0_DTVA0_DTVB0_DAF0_DKP0_DVO0_ETSP_EPS1_ELFLR0_EMLL0_FSSC10_F16AI0_F16AIR0_FL0_GLVWA1_GLV
WB2_GR2A1_GR2B1_GRCGA1_GRCGB1_GRCVA1_GRCVB1_GRPM1_GRVW16_GSU1_GSUASB_GSUAA0_GSUSARR1_GSUWGMRR0_GLS0_ISA1201_IU1_IA0_KLA_LEL0_LBSPPA0_LBSPPB0_LPA1_LPB0_LD
L1_LR2A1_LR2B1_LRVW1_LW2A1_LW2B1_LWPMn1_LDW0_LT1_FMA_MIAV0_MTSM64_MTSM1_MDA2_MI_MO40_MVN256_MMFSC_MKFGSU256_MVN0_NR0_NTA0_NTB0_NTC0_NTD0_NEPBS0_NLCA1_NLC
B1_ONLL1_OPLV0_PBD0_PFD1_PG2_PSD0_PSLn1_PWCn1_PWLn1_PK0_PKAB0_PAP0_PAPM0_PGR1_PLR1_PKA0_RK0_SGR1_SIA1_SLW1_SS0_SU32_SUM0_SUS256_SCIU0_SCIUE0_SCIUI1_SCIUP
L0_SPO0_SRVW0_SSO0_SVW4_SK0_SKA0_SKXCCM0_SNLL0_TSGRA0_TSGRB0_TT2_4_TLDS0_UIIDU0_UMLDSA0_UMLDSB0_UMF0_U64SL1_UIOFGRO0_USFGROn1_VAW1_VSn1_VW1_VWB1_VFLRP0_W
SGRA0_WSGRB0_WS32_WG16_16_1_WGM8_WGMTB

reject: VectorWidth must be >= 4 for Int8 or 8bitFloat

reject: Int8 requires GLVWA >= 4, current is 1

reject: Int8 requires GLVWB >= 4, current is 2
rejecting solution 
Cijk_Alik_Bjlk_I8II_BH_MT32x64x8_SN_1LDSB0_APM1_AAIGTEn1_AAILTEn1_AAV0_ABV0_ACED0_AF0EM1_AF1EM1_AMAS3_ASE_ASGT_ASLT_ASM_ASAE01_ASBE01_ASCE01_ASDE01_ASEM1
_AAC0_BL1_BS1_CUM0_CDO0_CTDA0_CLR0_DSK0_DRA0_DU8_DULD1_DTLA0_DTLB0_DTVA0_DTVB0_DAF0_DKP0_DVO0_ETSP_EPS1_ELFLR0_EMLL0_FSSC10_F16AI0_F16AIR0_FL0_GLVWA1_GLV
WB2_GR2A1_GR2B1_GRCGA1_GRCGB1_GRCVA1_GRCVB1_GRPM1_GRVW16_GSU1_GSUASB_GSUAA0_GSUSARR1_GSUWGMRR0_GLS0_ISA1201_IU1_IA0_KLA_LEL0_LBSPPA0_LBSPPB0_LPA2_LPB0_LD
L1_LR2A1_LR2B1_LRVW2_LW2A1_LW2B1_LWPMn1_LDW0_LT1_FMA_MIAV0_MTSM64_MTSM1_MDA2_MI_MO40_MVN256_MMFSC_MKFGSU256_MVN0_NR0_NTA0_NTB0_NTC0_NTD0_NEPBS0_NLCA1_NLC
B1_ONLL1_OPLV0_PBD0_PFD1_PG2_PSD0_PSLn1_PWCn1_PWLn1_PK0_PKAB0_PAP0_PAPM0_PGR1_PLR1_PKA0_RK0_SGR1_SIA1_SLW1_SS0_SU32_SUM0_SUS256_SCIU0_SCIUE0_SCIUI1_SCIUP
L0_SPO0_SRVW0_SSO0_SVW4_SK0_SKA0_SKXCCM0_SNLL0_TSGRA0_TSGRB0_TT2_4_TLDS0_UIIDU0_UMLDSA0_UMLDSB0_UMF0_U64SL1_UIOFGRO0_USFGROn1_VAW1_VSn1_VW2_VWB2_VFLRP0_W
SGRA0_WSGRB0_WS32_WG16_16_1_WGM8_WGMTB

reject: ThreadTile0 2 or ThreadTile1 4 not a multiple of VectorWidth 4
rejecting solution 
Cijk_Alik_Bjlk_I8II_BH_MT32x64x8_SN_1LDSB0_APM1_AAIGTEn1_AAILTEn1_AAV0_ABV0_ACED0_AF0EM1_AF1EM1_AMASn1_ASE_ASGT_ASLT_ASM_ASAE01_ASBE01_ASCE01_ASDE01_ASEM
1_AAC0_BL1_BS1_CUM0_CDO0_CTDA0_CLR0_DSK0_DRA0_DU8_DULD1_DTLA0_DTLB0_DTVA0_DTVB0_DAF0_DKP0_DVO0_ETSP_EPS1_ELFLR0_EMLL0_FSSC10_F16AI0_F16AIR0_FL0_GLVWA16_G
LVWB16_GR2A1_GR2B1_GRCGA1_GRCGB1_GRCVA1_GRCVB1_GRPM1_GRVW16_GSU1_GSUASB_GSUAA0_GSUSARR1_GSUWGMRR0_GLS0_ISA1201_IU1_IA0_KLA_LEL0_LBSPPAn1_LBSPPBn1_LPAn1_L
PBn1_LDL1_LR2A1_LR2B1_LRVWn1_LW2A1_LW2B1_LWPMn1_LDW0_LT1_FMA_MIAV0_MTSM64_MTSM1_MDA2_MI_MO40_MVN256_MMFSC_MKFGSU256_MVN0_NR0_NTA0_NTB0_NTC0_NTD0_NEPBS0_N
LCA1_NLCB1_ONLL1_OPLV0_PBD0_PFD1_PG2_PSD0_PSLn1_PWCn1_PWLn1_PK0_PKAB0_PAP0_PAPM0_PGR1_PLR1_PKA0_RK0_SGR1_SIA1_SLW1_SS0_SU32_SUM0_SUS256_SCIU0_SCIUE0_SCIU
I1_SCIUPL0_SPO0_SRVW0_SSO0_SVWn1_SK0_SKA0_SKXCCM0_SNLL0_TSGRA0_TSGRB0_TT2_4_TLDS0_UIIDU0_UMLDSA0_UMLDSB0_UMF0_U64SL1_UIOFGRO0_USFGROn1_VAWn1_VSn1_VW4_VWB
n1_VFLRP0_WSGRA0_WSGRB0_WS32_WG16_16_1_WGM8_WGMTB

reject: VectorWidth must be >= 4 for Int8 or 8bitFloat

reject: Int8 requires GLVWA >= 4, current is 2

reject: Int8 requires GLVWB >= 4, current is 2

reject: GlobalLoadVectorWidthB 2 must be == VectorWidth 1 or == 1
rejecting solution 
Cijk_Alik_Bjlk_I8II_BH_MT64x64x8_SN_1LDSB0_APM1_AAIGTEn1_AAILTEn1_AAV0_ABV0_ACED0_AF0EM1_AF1EM1_AMAS0_ASE_ASGT_ASLT_ASM_ASAE01_ASBE01_ASCE01_ASDE01_ASEM1
_AAC0_BL1_BS1_CUM0_CDO0_CTDA0_CLR0_DSK0_DRA0_DU8_DULD1_DTLA0_DTLB0_DTVA0_DTVB0_DAF0_DKP0_DVO0_ETSP_EPS1_ELFLR0_EMLL0_FSSC10_F16AI0_F16AIR0_FL0_GLVWA2_GLV
WB2_GR2A1_GR2B1_GRCGA1_GRCGB1_GRCVA1_GRCVB1_GRPM1_GRVW4_GSU1_GSUASB_GSUAA0_GSUSARR1_GSUWGMRR0_GLS0_ISA1201_IU1_IA0_KLA_LEL0_LBSPPA0_LBSPPB0_LPA1_LPB0_LDL
1_LR2A1_LR2B1_LRVW1_LW2A1_LW2B1_LWPMn1_LDW0_LT1_FMA_MIAV0_MTSM64_MTSM1_MDA2_MI_MO40_MVN256_MMFSC_MKFGSU256_MVN0_NR0_NTA0_NTB0_NTC0_NTD0_NEPBS0_NLCA1_NLCB
1_ONLL1_OPLV0_PBD0_PFD1_PG2_PSD0_PSLn1_PWCn1_PWLn1_PK0_PKAB0_PAP0_PAPM0_PGR1_PLR1_PKA0_RK0_SGR1_SIA1_SLW1_SS0_SU0_SUM0_SUS0_SCIU0_SCIUE0_SCIUI1_SCIUPL0_S
PO0_SRVW0_SSO0_SVW4_SK0_SKA0_SKXCCM0_SNLL0_TSGRA0_TSGRB0_TT4_4_TLDS0_UIIDU0_UMLDSA0_UMLDSB0_UMF0_U64SL1_UIOFGRO0_USFGROn1_VAW1_VSn1_VW1_VWB1_VFLRP0_WSGRA
0_WSGRB0_WS32_WG16_16_1_WGM8_WGMTB

reject: VectorWidth must be >= 4 for Int8 or 8bitFloat

reject: Int8 requires GLVWA >= 4, current is 2

reject: Int8 requires GLVWB >= 4, current is 2
rejecting solution 
Cijk_Alik_Bjlk_I8II_BH_MT64x64x8_SN_1LDSB0_APM1_AAIGTEn1_AAILTEn1_AAV0_ABV0_ACED0_AF0EM1_AF1EM1_AMAS3_ASE_ASGT_ASLT_ASM_ASAE01_ASBE01_ASCE01_ASDE01_ASEM1
_AAC0_BL1_BS1_CUM0_CDO0_CTDA0_CLR0_DSK0_DRA0_DU8_DULD1_DTLA0_DTLB0_DTVA0_DTVB0_DAF0_DKP0_DVO0_ETSP_EPS1_ELFLR0_EMLL0_FSSC10_F16AI0_F16AIR0_FL0_GLVWA2_GLV
WB2_GR2A1_GR2B1_GRCGA1_GRCGB1_GRCVA1_GRCVB1_GRPM1_GRVW4_GSU1_GSUASB_GSUAA0_GSUSARR1_GSUWGMRR0_GLS0_ISA1201_IU1_IA0_KLA_LEL0_LBSPPA0_LBSPPB0_LPA2_LPB0_LDL
1_LR2A1_LR2B1_LRVW2_LW2A1_LW2B1_LWPMn1_LDW0_LT1_FMA_MIAV0_MTSM64_MTSM1_MDA2_MI_MO40_MVN256_MMFSC_MKFGSU256_MVN0_NR0_NTA0_NTB0_NTC0_NTD0_NEPBS0_NLCA1_NLCB
1_ONLL1_OPLV0_PBD0_PFD1_PG2_PSD0_PSLn1_PWCn1_PWLn1_PK0_PKAB0_PAP0_PAPM0_PGR1_PLR1_PKA0_RK0_SGR1_SIA1_SLW1_SS0_SU0_SUM0_SUS0_SCIU0_SCIUE0_SCIUI1_SCIUPL0_S
PO0_SRVW0_SSO0_SVW4_SK0_SKA0_SKXCCM0_SNLL0_TSGRA0_TSGRB0_TT4_4_TLDS0_UIIDU0_UMLDSA0_UMLDSB0_UMF0_U64SL1_UIOFGRO0_USFGROn1_VAW1_VSn1_VW2_VWB2_VFLRP0_WSGRA
0_WSGRB0_WS32_WG16_16_1_WGM8_WGMTB

reject: Int8 requires GLVWA >= 4, current is 2

reject: Int8 requires GLVWB >= 4, current is 2

reject: GlobalLoadVectorWidthB 2 must be == VectorWidth 4 or == 1
rejecting solution 
Cijk_Alik_Bjlk_I8II_BH_MT64x64x8_SN_1LDSB0_APM1_AAIGTEn1_AAILTEn1_AAV0_ABV0_ACED0_AF0EM1_AF1EM1_AMAS3_ASE_ASGT_ASLT_ASM_ASAE01_ASBE01_ASCE01_ASDE01_ASEM1
_AAC0_BL1_BS1_CUM0_CDO0_CTDA0_CLR0_DSK0_DRA0_DU8_DULD1_DTLA0_DTLB0_DTVA0_DTVB0_DAF0_DKP0_DVO0_ETSP_EPS1_ELFLR0_EMLL0_FSSC10_F16AI0_F16AIR0_FL0_GLVWA2_GLV
WB2_GR2A1_GR2B1_GRCGA1_GRCGB1_GRCVA1_GRCVB1_GRPM1_GRVW4_GSU1_GSUASB_GSUAA0_GSUSARR1_GSUWGMRR0_GLS0_ISA1201_IU1_IA0_KLA_LEL0_LBSPPA0_LBSPPB0_LPA4_LPB0_LDL
1_LR2A1_LR2B1_LRVW4_LW2A1_LW2B1_LWPMn1_LDW0_LT1_FMA_MIAV0_MTSM64_MTSM1_MDA2_MI_MO40_MVN256_MMFSC_MKFGSU256_MVN0_NR0_NTA0_NTB0_NTC0_NTD0_NEPBS0_NLCA1_NLCB
1_ONLL1_OPLV0_PBD0_PFD1_PG2_PSD0_PSLn1_PWCn1_PWLn1_PK0_PKAB0_PAP0_PAPM0_PGR1_PLR1_PKA0_RK0_SGR1_SIA1_SLW1_SS0_SU0_SUM0_SUS0_SCIU0_SCIUE0_SCIUI1_SCIUPL0_S
PO0_SRVW0_SSO0_SVW4_SK0_SKA0_SKXCCM0_SNLL0_TSGRA0_TSGRB0_TT4_4_TLDS0_UIIDU0_UMLDSA0_UMLDSB0_UMF0_U64SL1_UIOFGRO0_USFGROn1_VAW1_VSn1_VW4_VWB4_VFLRP0_WSGRA
0_WSGRB0_WS32_WG16_16_1_WGM8_WGMTB

reject: VectorWidth must be >= 4 for Int8 or 8bitFloat

reject: Int8 requires GLVWA >= 4, current is 2

reject: Int8 requires GLVWB >= 4, current is 2

reject: GlobalLoadVectorWidthB 2 must be == VectorWidth 1 or == 1
rejecting solution 
Cijk_Alik_Bjlk_I8II_BH_MT64x64x8_SN_1LDSB0_APM1_AAIGTEn1_AAILTEn1_AAV0_ABV0_ACED0_AF0EM1_AF1EM1_AMAS0_ASE_ASGT_ASLT_ASM_ASAE01_ASBE01_ASCE01_ASDE01_ASEM1
_AAC0_BL1_BS1_CUM0_CDO0_CTDA0_CLR0_DSK0_DRA0_DU8_DULD1_DTLA0_DTLB0_DTVA0_DTVB0_DAF0_DKP0_DVO0_ETSP_EPS1_ELFLR0_EMLL0_FSSC10_F16AI0_F16AIR0_FL0_GLVWA2_GLV
WB2_GR2A1_GR2B1_GRCGA1_GRCGB1_GRCVA1_GRCVB1_GRPM1_GRVW8_GSU1_GSUASB_GSUAA0_GSUSARR1_GSUWGMRR0_GLS0_ISA1201_IU1_IA0_KLA_LEL0_LBSPPA0_LBSPPB0_LPA1_LPB0_LDL
1_LR2A1_LR2B1_LRVW1_LW2A1_LW2B1_LWPMn1_LDW0_LT1_FMA_MIAV0_MTSM64_MTSM1_MDA2_MI_MO40_MVN256_MMFSC_MKFGSU256_MVN0_NR0_NTA0_NTB0_NTC0_NTD0_NEPBS0_NLCA1_NLCB
1_ONLL1_OPLV0_PBD0_PFD1_PG2_PSD0_PSLn1_PWCn1_PWLn1_PK0_PKAB0_PAP0_PAPM0_PGR1_PLR1_PKA0_RK0_SGR1_SIA1_SLW1_SS0_SU0_SUM0_SUS0_SCIU0_SCIUE0_SCIUI1_SCIUPL0_S
PO0_SRVW0_SSO0_SVW4_SK0_SKA0_SKXCCM0_SNLL0_TSGRA0_TSGRB0_TT4_4_TLDS0_UIIDU0_UMLDSA0_UMLDSB0_UMF0_U64SL1_UIOFGRO0_USFGROn1_VAW1_VSn1_VW1_VWB1_VFLRP0_WSGRA
0_WSGRB0_WS32_WG16_16_1_WGM8_WGMTB

reject: VectorWidth must be >= 4 for Int8 or 8bitFloat

reject: Int8 requires GLVWA >= 4, current is 2

reject: Int8 requires GLVWB >= 4, current is 2
rejecting solution 
Cijk_Alik_Bjlk_I8II_BH_MT64x64x8_SN_1LDSB0_APM1_AAIGTEn1_AAILTEn1_AAV0_ABV0_ACED0_AF0EM1_AF1EM1_AMAS3_ASE_ASGT_ASLT_ASM_ASAE01_ASBE01_ASCE01_ASDE01_ASEM1
_AAC0_BL1_BS1_CUM0_CDO0_CTDA0_CLR0_DSK0_DRA0_DU8_DULD1_DTLA0_DTLB0_DTVA0_DTVB0_DAF0_DKP0_DVO0_ETSP_EPS1_ELFLR0_EMLL0_FSSC10_F16AI0_F16AIR0_FL0_GLVWA2_GLV
WB2_GR2A1_GR2B1_GRCGA1_GRCGB1_GRCVA1_GRCVB1_GRPM1_GRVW8_GSU1_GSUASB_GSUAA0_GSUSARR1_GSUWGMRR0_GLS0_ISA1201_IU1_IA0_KLA_LEL0_LBSPPA0_LBSPPB0_LPA2_LPB0_LDL
1_LR2A1_LR2B1_LRVW2_LW2A1_LW2B1_LWPMn1_LDW0_LT1_FMA_MIAV0_MTSM64_MTSM1_MDA2_MI_MO40_MVN256_MMFSC_MKFGSU256_MVN0_NR0_NTA0_NTB0_NTC0_NTD0_NEPBS0_NLCA1_NLCB
1_ONLL1_OPLV0_PBD0_PFD1_PG2_PSD0_PSLn1_PWCn1_PWLn1_PK0_PKAB0_PAP0_PAPM0_PGR1_PLR1_PKA0_RK0_SGR1_SIA1_SLW1_SS0_SU0_SUM0_SUS0_SCIU0_SCIUE0_SCIUI1_SCIUPL0_S
PO0_SRVW0_SSO0_SVW4_SK0_SKA0_SKXCCM0_SNLL0_TSGRA0_TSGRB0_TT4_4_TLDS0_UIIDU0_UMLDSA0_UMLDSB0_UMF0_U64SL1_UIOFGRO0_USFGROn1_VAW1_VSn1_VW2_VWB2_VFLRP0_WSGRA
0_WSGRB0_WS32_WG16_16_1_WGM8_WGMTB

reject: Int8 requires GLVWA >= 4, current is 2

reject: Int8 requires GLVWB >= 4, current is 2

reject: GlobalLoadVectorWidthB 2 must be == VectorWidth 4 or == 1
rejecting solution 
Cijk_Alik_Bjlk_I8II_BH_MT64x64x8_SN_1LDSB0_APM1_AAIGTEn1_AAILTEn1_AAV0_ABV0_ACED0_AF0EM1_AF1EM1_AMAS3_ASE_ASGT_ASLT_ASM_ASAE01_ASBE01_ASCE01_ASDE01_ASEM1
_AAC0_BL1_BS1_CUM0_CDO0_CTDA0_CLR0_DSK0_DRA0_DU8_DULD1_DTLA0_DTLB0_DTVA0_DTVB0_DAF0_DKP0_DVO0_ETSP_EPS1_ELFLR0_EMLL0_FSSC10_F16AI0_F16AIR0_FL0_GLVWA2_GLV
WB2_GR2A1_GR2B1_GRCGA1_GRCGB1_GRCVA1_GRCVB1_GRPM1_GRVW8_GSU1_GSUASB_GSUAA0_GSUSARR1_GSUWGMRR0_GLS0_ISA1201_IU1_IA0_KLA_LEL0_LBSPPA0_LBSPPB0_LPA4_LPB0_LDL
1_LR2A1_LR2B1_LRVW4_LW2A1_LW2B1_LWPMn1_LDW0_LT1_FMA_MIAV0_MTSM64_MTSM1_MDA2_MI_MO40_MVN256_MMFSC_MKFGSU256_MVN0_NR0_NTA0_NTB0_NTC0_NTD0_NEPBS0_NLCA1_NLCB
1_ONLL1_OPLV0_PBD0_PFD1_PG2_PSD0_PSLn1_PWCn1_PWLn1_PK0_PKAB0_PAP0_PAPM0_PGR1_PLR1_PKA0_RK0_SGR1_SIA1_SLW1_SS0_SU0_SUM0_SUS0_SCIU0_SCIUE0_SCIUI1_SCIUPL0_S
PO0_SRVW0_SSO0_SVW4_SK0_SKA0_SKXCCM0_SNLL0_TSGRA0_TSGRB0_TT4_4_TLDS0_UIIDU0_UMLDSA0_UMLDSB0_UMF0_U64SL1_UIOFGRO0_USFGROn1_VAW1_VSn1_VW4_VWB4_VFLRP0_WSGRA
0_WSGRB0_WS32_WG16_16_1_WGM8_WGMTB

reject: VectorWidth must be >= 4 for Int8 or 8bitFloat

reject: Int8 requires GLVWA >= 4, current is 2

reject: Int8 requires GLVWB >= 4, current is 2

reject: GlobalLoadVectorWidthB 2 must be == VectorWidth 1 or == 1
rejecting solution 
Cijk_Alik_Bjlk_I8II_BH_MT64x64x8_SN_1LDSB0_APM1_AAIGTEn1_AAILTEn1_AAV0_ABV0_ACED0_AF0EM1_AF1EM1_AMAS0_ASE_ASGT_ASLT_ASM_ASAE01_ASBE01_ASCE01_ASDE01_ASEM1
_AAC0_BL1_BS1_CUM0_CDO0_CTDA0_CLR0_DSK0_DRA0_DU8_DULD1_DTLA0_DTLB0_DTVA0_DTVB0_DAF0_DKP0_DVO0_ETSP_EPS1_ELFLR0_EMLL0_FSSC10_F16AI0_F16AIR0_FL0_GLVWA2_GLV
WB2_GR2A1_GR2B1_GRCGA1_GRCGB1_GRCVA1_GRCVB1_GRPM1_GRVW16_GSU1_GSUASB_GSUAA0_GSUSARR1_GSUWGMRR0_GLS0_ISA1201_IU1_IA0_KLA_LEL0_LBSPPA0_LBSPPB0_LPA1_LPB0_LD
L1_LR2A1_LR2B1_LRVW1_LW2A1_LW2B1_LWPMn1_LDW0_LT1_FMA_MIAV0_MTSM64_MTSM1_MDA2_MI_MO40_MVN256_MMFSC_MKFGSU256_MVN0_NR0_NTA0_NTB0_NTC0_NTD0_NEPBS0_NLCA1_NLC
B1_ONLL1_OPLV0_PBD0_PFD1_PG2_PSD0_PSLn1_PWCn1_PWLn1_PK0_PKAB0_PAP0_PAPM0_PGR1_PLR1_PKA0_RK0_SGR1_SIA1_SLW1_SS0_SU0_SUM0_SUS0_SCIU0_SCIUE0_SCIUI1_SCIUPL0_
SPO0_SRVW0_SSO0_SVW4_SK0_SKA0_SKXCCM0_SNLL0_TSGRA0_TSGRB0_TT4_4_TLDS0_UIIDU0_UMLDSA0_UMLDSB0_UMF0_U64SL1_UIOFGRO0_USFGROn1_VAW1_VSn1_VW1_VWB1_VFLRP0_WSGR
A0_WSGRB0_WS32_WG16_16_1_WGM8_WGMTB

reject: VectorWidth must be >= 4 for Int8 or 8bitFloat

reject: Int8 requires GLVWA >= 4, current is 2

reject: Int8 requires GLVWB >= 4, current is 2
rejecting solution 
Cijk_Alik_Bjlk_I8II_BH_MT64x64x8_SN_1LDSB0_APM1_AAIGTEn1_AAILTEn1_AAV0_ABV0_ACED0_AF0EM1_AF1EM1_AMAS3_ASE_ASGT_ASLT_ASM_ASAE01_ASBE01_ASCE01_ASDE01_ASEM1
_AAC0_BL1_BS1_CUM0_CDO0_CTDA0_CLR0_DSK0_DRA0_DU8_DULD1_DTLA0_DTLB0_DTVA0_DTVB0_DAF0_DKP0_DVO0_ETSP_EPS1_ELFLR0_EMLL0_FSSC10_F16AI0_F16AIR0_FL0_GLVWA2_GLV
WB2_GR2A1_GR2B1_GRCGA1_GRCGB1_GRCVA1_GRCVB1_GRPM1_GRVW16_GSU1_GSUASB_GSUAA0_GSUSARR1_GSUWGMRR0_GLS0_ISA1201_IU1_IA0_KLA_LEL0_LBSPPA0_LBSPPB0_LPA2_LPB0_LD
L1_LR2A1_LR2B1_LRVW2_LW2A1_LW2B1_LWPMn1_LDW0_LT1_FMA_MIAV0_MTSM64_MTSM1_MDA2_MI_MO40_MVN256_MMFSC_MKFGSU256_MVN0_NR0_NTA0_NTB0_NTC0_NTD0_NEPBS0_NLCA1_NLC
B1_ONLL1_OPLV0_PBD0_PFD1_PG2_PSD0_PSLn1_PWCn1_PWLn1_PK0_PKAB0_PAP0_PAPM0_PGR1_PLR1_PKA0_RK0_SGR1_SIA1_SLW1_SS0_SU0_SUM0_SUS0_SCIU0_SCIUE0_SCIUI1_SCIUPL0_
SPO0_SRVW0_SSO0_SVW4_SK0_SKA0_SKXCCM0_SNLL0_TSGRA0_TSGRB0_TT4_4_TLDS0_UIIDU0_UMLDSA0_UMLDSB0_UMF0_U64SL1_UIOFGRO0_USFGROn1_VAW1_VSn1_VW2_VWB2_VFLRP0_WSGR
A0_WSGRB0_WS32_WG16_16_1_WGM8_WGMTB

reject: Int8 requires GLVWA >= 4, current is 2

reject: Int8 requires GLVWB >= 4, current is 2

reject: GlobalLoadVectorWidthB 2 must be == VectorWidth 4 or == 1
rejecting solution 
Cijk_Alik_Bjlk_I8II_BH_MT64x64x8_SN_1LDSB0_APM1_AAIGTEn1_AAILTEn1_AAV0_ABV0_ACED0_AF0EM1_AF1EM1_AMAS3_ASE_ASGT_ASLT_ASM_ASAE01_ASBE01_ASCE01_ASDE01_ASEM1
_AAC0_BL1_BS1_CUM0_CDO0_CTDA0_CLR0_DSK0_DRA0_DU8_DULD1_DTLA0_DTLB0_DTVA0_DTVB0_DAF0_DKP0_DVO0_ETSP_EPS1_ELFLR0_EMLL0_FSSC10_F16AI0_F16AIR0_FL0_GLVWA2_GLV
WB2_GR2A1_GR2B1_GRCGA1_GRCGB1_GRCVA1_GRCVB1_GRPM1_GRVW16_GSU1_GSUASB_GSUAA0_GSUSARR1_GSUWGMRR0_GLS0_ISA1201_IU1_IA0_KLA_LEL0_LBSPPA0_LBSPPB0_LPA4_LPB0_LD
L1_LR2A1_LR2B1_LRVW4_LW2A1_LW2B1_LWPMn1_LDW0_LT1_FMA_MIAV0_MTSM64_MTSM1_MDA2_MI_MO40_MVN256_MMFSC_MKFGSU256_MVN0_NR0_NTA0_NTB0_NTC0_NTD0_NEPBS0_NLCA1_NLC
B1_ONLL1_OPLV0_PBD0_PFD1_PG2_PSD0_PSLn1_PWCn1_PWLn1_PK0_PKAB0_PAP0_PAPM0_PGR1_PLR1_PKA0_RK0_SGR1_SIA1_SLW1_SS0_SU0_SUM0_SUS0_SCIU0_SCIUE0_SCIUI1_SCIUPL0_
SPO0_SRVW0_SSO0_SVW4_SK0_SKA0_SKXCCM0_SNLL0_TSGRA0_TSGRB0_TT4_4_TLDS0_UIIDU0_UMLDSA0_UMLDSB0_UMF0_U64SL1_UIOFGRO0_USFGROn1_VAW1_VSn1_VW4_VWB4_VFLRP0_WSGR
A0_WSGRB0_WS32_WG16_16_1_WGM8_WGMTB

reject: VectorWidth must be >= 4 for Int8 or 8bitFloat

reject: Int8 requires GLVWA >= 4, current is 2

reject: Int8 requires GLVWB >= 4, current is 2

reject: GlobalLoadVectorWidthB 2 must be == VectorWidth 1 or == 1
rejecting solution 
Cijk_Alik_Bjlk_I8II_BH_MT64x64x8_SN_1LDSB0_APM1_AAIGTEn1_AAILTEn1_AAV0_ABV0_ACED0_AF0EM1_AF1EM1_AMAS0_ASE_ASGT_ASLT_ASM_ASAE01_ASBE01_ASCE01_ASDE01_ASEM1
_AAC0_BL1_BS1_CUM0_CDO0_CTDA0_CLR0_DSK0_DRA0_DU8_DULD1_DTLA0_DTLB0_DTVA0_DTVB0_DAF0_DKP0_DVO0_ETSP_EPS1_ELFLR0_EMLL0_FSSC10_F16AI0_F16AIR0_FL0_GLVWA2_GLV
WB2_GR2A1_GR2B1_GRCGA1_GRCGB1_GRCVA1_GRCVB1_GRPM1_GRVW4_GSU1_GSUASB_GSUAA0_GSUSARR1_GSUWGMRR0_GLS0_ISA1201_IU1_IA0_KLA_LEL0_LBSPPA0_LBSPPB0_LPA1_LPB0_LDL
1_LR2A1_LR2B1_LRVW1_LW2A1_LW2B1_LWPMn1_LDW0_LT1_FMA_MIAV0_MTSM64_MTSM1_MDA2_MI_MO40_MVN256_MMFSC_MKFGSU256_MVN0_NR0_NTA0_NTB0_NTC0_NTD0_NEPBS0_NLCA1_NLCB
1_ONLL1_OPLV0_PBD0_PFD1_PG2_PSD0_PSLn1_PWCn1_PWLn1_PK0_PKAB0_PAP0_PAPM0_PGR1_PLR1_PKA0_RK0_SGR1_SIA1_SLW1_SS0_SU32_SUM0_SUS256_SCIU0_SCIUE0_SCIUI1_SCIUPL
0_SPO0_SRVW0_SSO0_SVW4_SK0_SKA0_SKXCCM0_SNLL0_TSGRA0_TSGRB0_TT4_4_TLDS0_UIIDU0_UMLDSA0_UMLDSB0_UMF0_U64SL1_UIOFGRO0_USFGROn1_VAW1_VSn1_VW1_VWB1_VFLRP0_WS
GRA0_WSGRB0_WS32_WG16_16_1_WGM8_WGMTB

reject: VectorWidth must be >= 4 for Int8 or 8bitFloat

reject: Int8 requires GLVWA >= 4, current is 2

reject: Int8 requires GLVWB >= 4, current is 2
rejecting solution 
Cijk_Alik_Bjlk_I8II_BH_MT64x64x8_SN_1LDSB0_APM1_AAIGTEn1_AAILTEn1_AAV0_ABV0_ACED0_AF0EM1_AF1EM1_AMAS3_ASE_ASGT_ASLT_ASM_ASAE01_ASBE01_ASCE01_ASDE01_ASEM1
_AAC0_BL1_BS1_CUM0_CDO0_CTDA0_CLR0_DSK0_DRA0_DU8_DULD1_DTLA0_DTLB0_DTVA0_DTVB0_DAF0_DKP0_DVO0_ETSP_EPS1_ELFLR0_EMLL0_FSSC10_F16AI0_F16AIR0_FL0_GLVWA2_GLV
WB2_GR2A1_GR2B1_GRCGA1_GRCGB1_GRCVA1_GRCVB1_GRPM1_GRVW4_GSU1_GSUASB_GSUAA0_GSUSARR1_GSUWGMRR0_GLS0_ISA1201_IU1_IA0_KLA_LEL0_LBSPPA0_LBSPPB0_LPA2_LPB0_LDL
1_LR2A1_LR2B1_LRVW2_LW2A1_LW2B1_LWPMn1_LDW0_LT1_FMA_MIAV0_MTSM64_MTSM1_MDA2_MI_MO40_MVN256_MMFSC_MKFGSU256_MVN0_NR0_NTA0_NTB0_NTC0_NTD0_NEPBS0_NLCA1_NLCB
1_ONLL1_OPLV0_PBD0_PFD1_PG2_PSD0_PSLn1_PWCn1_PWLn1_PK0_PKAB0_PAP0_PAPM0_PGR1_PLR1_PKA0_RK0_SGR1_SIA1_SLW1_SS0_SU32_SUM0_SUS256_SCIU0_SCIUE0_SCIUI1_SCIUPL
0_SPO0_SRVW0_SSO0_SVW4_SK0_SKA0_SKXCCM0_SNLL0_TSGRA0_TSGRB0_TT4_4_TLDS0_UIIDU0_UMLDSA0_UMLDSB0_UMF0_U64SL1_UIOFGRO0_USFGROn1_VAW1_VSn1_VW2_VWB2_VFLRP0_WS
GRA0_WSGRB0_WS32_WG16_16_1_WGM8_WGMTB

reject: Int8 requires GLVWA >= 4, current is 2

reject: Int8 requires GLVWB >= 4, current is 2

reject: GlobalLoadVectorWidthB 2 must be == VectorWidth 4 or == 1
rejecting solution 
Cijk_Alik_Bjlk_I8II_BH_MT64x64x8_SN_1LDSB0_APM1_AAIGTEn1_AAILTEn1_AAV0_ABV0_ACED0_AF0EM1_AF1EM1_AMAS3_ASE_ASGT_ASLT_ASM_ASAE01_ASBE01_ASCE01_ASDE01_ASEM1
_AAC0_BL1_BS1_CUM0_CDO0_CTDA0_CLR0_DSK0_DRA0_DU8_DULD1_DTLA0_DTLB0_DTVA0_DTVB0_DAF0_DKP0_DVO0_ETSP_EPS1_ELFLR0_EMLL0_FSSC10_F16AI0_F16AIR0_FL0_GLVWA2_GLV
WB2_GR2A1_GR2B1_GRCGA1_GRCGB1_GRCVA1_GRCVB1_GRPM1_GRVW4_GSU1_GSUASB_GSUAA0_GSUSARR1_GSUWGMRR0_GLS0_ISA1201_IU1_IA0_KLA_LEL0_LBSPPA0_LBSPPB0_LPA4_LPB0_LDL
1_LR2A1_LR2B1_LRVW4_LW2A1_LW2B1_LWPMn1_LDW0_LT1_FMA_MIAV0_MTSM64_MTSM1_MDA2_MI_MO40_MVN256_MMFSC_MKFGSU256_MVN0_NR0_NTA0_NTB0_NTC0_NTD0_NEPBS0_NLCA1_NLCB
1_ONLL1_OPLV0_PBD0_PFD1_PG2_PSD0_PSLn1_PWCn1_PWLn1_PK0_PKAB0_PAP0_PAPM0_PGR1_PLR1_PKA0_RK0_SGR1_SIA1_SLW1_SS0_SU32_SUM0_SUS256_SCIU0_SCIUE0_SCIUI1_SCIUPL
0_SPO0_SRVW0_SSO0_SVW4_SK0_SKA0_SKXCCM0_SNLL0_TSGRA0_TSGRB0_TT4_4_TLDS0_UIIDU0_UMLDSA0_UMLDSB0_UMF0_U64SL1_UIOFGRO0_USFGROn1_VAW1_VSn1_VW4_VWB4_VFLRP0_WS
GRA0_WSGRB0_WS32_WG16_16_1_WGM8_WGMTB

reject: VectorWidth must be >= 4 for Int8 or 8bitFloat

reject: Int8 requires GLVWA >= 4, current is 2

reject: Int8 requires GLVWB >= 4, current is 2

reject: GlobalLoadVectorWidthB 2 must be == VectorWidth 1 or == 1
rejecting solution 
Cijk_Alik_Bjlk_I8II_BH_MT64x64x8_SN_1LDSB0_APM1_AAIGTEn1_AAILTEn1_AAV0_ABV0_ACED0_AF0EM1_AF1EM1_AMAS0_ASE_ASGT_ASLT_ASM_ASAE01_ASBE01_ASCE01_ASDE01_ASEM1
_AAC0_BL1_BS1_CUM0_CDO0_CTDA0_CLR0_DSK0_DRA0_DU8_DULD1_DTLA0_DTLB0_DTVA0_DTVB0_DAF0_DKP0_DVO0_ETSP_EPS1_ELFLR0_EMLL0_FSSC10_F16AI0_F16AIR0_FL0_GLVWA2_GLV
WB2_GR2A1_GR2B1_GRCGA1_GRCGB1_GRCVA1_GRCVB1_GRPM1_GRVW8_GSU1_GSUASB_GSUAA0_GSUSARR1_GSUWGMRR0_GLS0_ISA1201_IU1_IA0_KLA_LEL0_LBSPPA0_LBSPPB0_LPA1_LPB0_LDL
1_LR2A1_LR2B1_LRVW1_LW2A1_LW2B1_LWPMn1_LDW0_LT1_FMA_MIAV0_MTSM64_MTSM1_MDA2_MI_MO40_MVN256_MMFSC_MKFGSU256_MVN0_NR0_NTA0_NTB0_NTC0_NTD0_NEPBS0_NLCA1_NLCB
1_ONLL1_OPLV0_PBD0_PFD1_PG2_PSD0_PSLn1_PWCn1_PWLn1_PK0_PKAB0_PAP0_PAPM0_PGR1_PLR1_PKA0_RK0_SGR1_SIA1_SLW1_SS0_SU32_SUM0_SUS256_SCIU0_SCIUE0_SCIUI1_SCIUPL
0_SPO0_SRVW0_SSO0_SVW4_SK0_SKA0_SKXCCM0_SNLL0_TSGRA0_TSGRB0_TT4_4_TLDS0_UIIDU0_UMLDSA0_UMLDSB0_UMF0_U64SL1_UIOFGRO0_USFGROn1_VAW1_VSn1_VW1_VWB1_VFLRP0_WS
GRA0_WSGRB0_WS32_WG16_16_1_WGM8_WGMTB

reject: VectorWidth must be >= 4 for Int8 or 8bitFloat

reject: Int8 requires GLVWA >= 4, current is 2

reject: Int8 requires GLVWB >= 4, current is 2
rejecting solution 
Cijk_Alik_Bjlk_I8II_BH_MT64x64x8_SN_1LDSB0_APM1_AAIGTEn1_AAILTEn1_AAV0_ABV0_ACED0_AF0EM1_AF1EM1_AMAS3_ASE_ASGT_ASLT_ASM_ASAE01_ASBE01_ASCE01_ASDE01_ASEM1
_AAC0_BL1_BS1_CUM0_CDO0_CTDA0_CLR0_DSK0_DRA0_DU8_DULD1_DTLA0_DTLB0_DTVA0_DTVB0_DAF0_DKP0_DVO0_ETSP_EPS1_ELFLR0_EMLL0_FSSC10_F16AI0_F16AIR0_FL0_GLVWA2_GLV
WB2_GR2A1_GR2B1_GRCGA1_GRCGB1_GRCVA1_GRCVB1_GRPM1_GRVW8_GSU1_GSUASB_GSUAA0_GSUSARR1_GSUWGMRR0_GLS0_ISA1201_IU1_IA0_KLA_LEL0_LBSPPA0_LBSPPB0_LPA2_LPB0_LDL
1_LR2A1_LR2B1_LRVW2_LW2A1_LW2B1_LWPMn1_LDW0_LT1_FMA_MIAV0_MTSM64_MTSM1_MDA2_MI_MO40_MVN256_MMFSC_MKFGSU256_MVN0_NR0_NTA0_NTB0_NTC0_NTD0_NEPBS0_NLCA1_NLCB
1_ONLL1_OPLV0_PBD0_PFD1_PG2_PSD0_PSLn1_PWCn1_PWLn1_PK0_PKAB0_PAP0_PAPM0_PGR1_PLR1_PKA0_RK0_SGR1_SIA1_SLW1_SS0_SU32_SUM0_SUS256_SCIU0_SCIUE0_SCIUI1_SCIUPL
0_SPO0_SRVW0_SSO0_SVW4_SK0_SKA0_SKXCCM0_SNLL0_TSGRA0_TSGRB0_TT4_4_TLDS0_UIIDU0_UMLDSA0_UMLDSB0_UMF0_U64SL1_UIOFGRO0_USFGROn1_VAW1_VSn1_VW2_VWB2_VFLRP0_WS
GRA0_WSGRB0_WS32_WG16_16_1_WGM8_WGMTB

reject: Int8 requires GLVWA >= 4, current is 2

reject: Int8 requires GLVWB >= 4, current is 2

reject: GlobalLoadVectorWidthB 2 must be == VectorWidth 4 or == 1
rejecting solution 
Cijk_Alik_Bjlk_I8II_BH_MT64x64x8_SN_1LDSB0_APM1_AAIGTEn1_AAILTEn1_AAV0_ABV0_ACED0_AF0EM1_AF1EM1_AMAS3_ASE_ASGT_ASLT_ASM_ASAE01_ASBE01_ASCE01_ASDE01_ASEM1
_AAC0_BL1_BS1_CUM0_CDO0_CTDA0_CLR0_DSK0_DRA0_DU8_DULD1_DTLA0_DTLB0_DTVA0_DTVB0_DAF0_DKP0_DVO0_ETSP_EPS1_ELFLR0_EMLL0_FSSC10_F16AI0_F16AIR0_FL0_GLVWA2_GLV
WB2_GR2A1_GR2B1_GRCGA1_GRCGB1_GRCVA1_GRCVB1_GRPM1_GRVW8_GSU1_GSUASB_GSUAA0_GSUSARR1_GSUWGMRR0_GLS0_ISA1201_IU1_IA0_KLA_LEL0_LBSPPA0_LBSPPB0_LPA4_LPB0_LDL
1_LR2A1_LR2B1_LRVW4_LW2A1_LW2B1_LWPMn1_LDW0_LT1_FMA_MIAV0_MTSM64_MTSM1_MDA2_MI_MO40_MVN256_MMFSC_MKFGSU256_MVN0_NR0_NTA0_NTB0_NTC0_NTD0_NEPBS0_NLCA1_NLCB
1_ONLL1_OPLV0_PBD0_PFD1_PG2_PSD0_PSLn1_PWCn1_PWLn1_PK0_PKAB0_PAP0_PAPM0_PGR1_PLR1_PKA0_RK0_SGR1_SIA1_SLW1_SS0_SU32_SUM0_SUS256_SCIU0_SCIUE0_SCIUI1_SCIUPL
0_SPO0_SRVW0_SSO0_SVW4_SK0_SKA0_SKXCCM0_SNLL0_TSGRA0_TSGRB0_TT4_4_TLDS0_UIIDU0_UMLDSA0_UMLDSB0_UMF0_U64SL1_UIOFGRO0_USFGROn1_VAW1_VSn1_VW4_VWB4_VFLRP0_WS
GRA0_WSGRB0_WS32_WG16_16_1_WGM8_WGMTB

reject: VectorWidth must be >= 4 for Int8 or 8bitFloat

reject: Int8 requires GLVWA >= 4, current is 2

reject: Int8 requires GLVWB >= 4, current is 2

reject: GlobalLoadVectorWidthB 2 must be == VectorWidth 1 or == 1
rejecting solution 
Cijk_Alik_Bjlk_I8II_BH_MT64x64x8_SN_1LDSB0_APM1_AAIGTEn1_AAILTEn1_AAV0_ABV0_ACED0_AF0EM1_AF1EM1_AMAS0_ASE_ASGT_ASLT_ASM_ASAE01_ASBE01_ASCE01_ASDE01_ASEM1
_AAC0_BL1_BS1_CUM0_CDO0_CTDA0_CLR0_DSK0_DRA0_DU8_DULD1_DTLA0_DTLB0_DTVA0_DTVB0_DAF0_DKP0_DVO0_ETSP_EPS1_ELFLR0_EMLL0_FSSC10_F16AI0_F16AIR0_FL0_GLVWA2_GLV
WB2_GR2A1_GR2B1_GRCGA1_GRCGB1_GRCVA1_GRCVB1_GRPM1_GRVW16_GSU1_GSUASB_GSUAA0_GSUSARR1_GSUWGMRR0_GLS0_ISA1201_IU1_IA0_KLA_LEL0_LBSPPA0_LBSPPB0_LPA1_LPB0_LD
L1_LR2A1_LR2B1_LRVW1_LW2A1_LW2B1_LWPMn1_LDW0_LT1_FMA_MIAV0_MTSM64_MTSM1_MDA2_MI_MO40_MVN256_MMFSC_MKFGSU256_MVN0_NR0_NTA0_NTB0_NTC0_NTD0_NEPBS0_NLCA1_NLC
B1_ONLL1_OPLV0_PBD0_PFD1_PG2_PSD0_PSLn1_PWCn1_PWLn1_PK0_PKAB0_PAP0_PAPM0_PGR1_PLR1_PKA0_RK0_SGR1_SIA1_SLW1_SS0_SU32_SUM0_SUS256_SCIU0_SCIUE0_SCIUI1_SCIUP
L0_SPO0_SRVW0_SSO0_SVW4_SK0_SKA0_SKXCCM0_SNLL0_TSGRA0_TSGRB0_TT4_4_TLDS0_UIIDU0_UMLDSA0_UMLDSB0_UMF0_U64SL1_UIOFGRO0_USFGROn1_VAW1_VSn1_VW1_VWB1_VFLRP0_W
SGRA0_WSGRB0_WS32_WG16_16_1_WGM8_WGMTB

reject: VectorWidth must be >= 4 for Int8 or 8bitFloat

reject: Int8 requires GLVWA >= 4, current is 2

reject: Int8 requires GLVWB >= 4, current is 2
rejecting solution 
Cijk_Alik_Bjlk_I8II_BH_MT64x64x8_SN_1LDSB0_APM1_AAIGTEn1_AAILTEn1_AAV0_ABV0_ACED0_AF0EM1_AF1EM1_AMAS3_ASE_ASGT_ASLT_ASM_ASAE01_ASBE01_ASCE01_ASDE01_ASEM1
_AAC0_BL1_BS1_CUM0_CDO0_CTDA0_CLR0_DSK0_DRA0_DU8_DULD1_DTLA0_DTLB0_DTVA0_DTVB0_DAF0_DKP0_DVO0_ETSP_EPS1_ELFLR0_EMLL0_FSSC10_F16AI0_F16AIR0_FL0_GLVWA2_GLV
WB2_GR2A1_GR2B1_GRCGA1_GRCGB1_GRCVA1_GRCVB1_GRPM1_GRVW16_GSU1_GSUASB_GSUAA0_GSUSARR1_GSUWGMRR0_GLS0_ISA1201_IU1_IA0_KLA_LEL0_LBSPPA0_LBSPPB0_LPA2_LPB0_LD
L1_LR2A1_LR2B1_LRVW2_LW2A1_LW2B1_LWPMn1_LDW0_LT1_FMA_MIAV0_MTSM64_MTSM1_MDA2_MI_MO40_MVN256_MMFSC_MKFGSU256_MVN0_NR0_NTA0_NTB0_NTC0_NTD0_NEPBS0_NLCA1_NLC
B1_ONLL1_OPLV0_PBD0_PFD1_PG2_PSD0_PSLn1_PWCn1_PWLn1_PK0_PKAB0_PAP0_PAPM0_PGR1_PLR1_PKA0_RK0_SGR1_SIA1_SLW1_SS0_SU32_SUM0_SUS256_SCIU0_SCIUE0_SCIUI1_SCIUP
L0_SPO0_SRVW0_SSO0_SVW4_SK0_SKA0_SKXCCM0_SNLL0_TSGRA0_TSGRB0_TT4_4_TLDS0_UIIDU0_UMLDSA0_UMLDSB0_UMF0_U64SL1_UIOFGRO0_USFGROn1_VAW1_VSn1_VW2_VWB2_VFLRP0_W
SGRA0_WSGRB0_WS32_WG16_16_1_WGM8_WGMTB

reject: Int8 requires GLVWA >= 4, current is 2

reject: Int8 requires GLVWB >= 4, current is 2

reject: GlobalLoadVectorWidthB 2 must be == VectorWidth 4 or == 1
rejecting solution 
Cijk_Alik_Bjlk_I8II_BH_MT64x64x8_SN_1LDSB0_APM1_AAIGTEn1_AAILTEn1_AAV0_ABV0_ACED0_AF0EM1_AF1EM1_AMAS3_ASE_ASGT_ASLT_ASM_ASAE01_ASBE01_ASCE01_ASDE01_ASEM1
_AAC0_BL1_BS1_CUM0_CDO0_CTDA0_CLR0_DSK0_DRA0_DU8_DULD1_DTLA0_DTLB0_DTVA0_DTVB0_DAF0_DKP0_DVO0_ETSP_EPS1_ELFLR0_EMLL0_FSSC10_F16AI0_F16AIR0_FL0_GLVWA2_GLV
WB2_GR2A1_GR2B1_GRCGA1_GRCGB1_GRCVA1_GRCVB1_GRPM1_GRVW16_GSU1_GSUASB_GSUAA0_GSUSARR1_GSUWGMRR0_GLS0_ISA1201_IU1_IA0_KLA_LEL0_LBSPPA0_LBSPPB0_LPA4_LPB0_LD
L1_LR2A1_LR2B1_LRVW4_LW2A1_LW2B1_LWPMn1_LDW0_LT1_FMA_MIAV0_MTSM64_MTSM1_MDA2_MI_MO40_MVN256_MMFSC_MKFGSU256_MVN0_NR0_NTA0_NTB0_NTC0_NTD0_NEPBS0_NLCA1_NLC
B1_ONLL1_OPLV0_PBD0_PFD1_PG2_PSD0_PSLn1_PWCn1_PWLn1_PK0_PKAB0_PAP0_PAPM0_PGR1_PLR1_PKA0_RK0_SGR1_SIA1_SLW1_SS0_SU32_SUM0_SUS256_SCIU0_SCIUE0_SCIUI1_SCIUP
L0_SPO0_SRVW0_SSO0_SVW4_SK0_SKA0_SKXCCM0_SNLL0_TSGRA0_TSGRB0_TT4_4_TLDS0_UIIDU0_UMLDSA0_UMLDSB0_UMF0_U64SL1_UIOFGRO0_USFGROn1_VAW1_VSn1_VW4_VWB4_VFLRP0_W
SGRA0_WSGRB0_WS32_WG16_16_1_WGM8_WGMTB

reject: VectorWidth must be >= 4 for Int8 or 8bitFloat

reject: Int8 requires GLVWB >= 4, current is 2

reject: GlobalLoadVectorWidthB 2 must be == VectorWidth 1 or == 1
rejecting solution 
Cijk_Alik_Bjlk_I8II_BH_MT128x64x8_SN_1LDSB0_APM1_AAIGTEn1_AAILTEn1_AAV0_ABV0_ACED0_AF0EM1_AF1EM1_AMAS0_ASE_ASGT_ASLT_ASM_ASAE01_ASBE01_ASCE01_ASDE01_ASEM
1_AAC0_BL1_BS1_CUM0_CDO0_CTDA0_CLR0_DSK0_DRA0_DU8_DULD1_DTLA0_DTLB0_DTVA0_DTVB0_DAF0_DKP0_DVO0_ETSP_EPS1_ELFLR0_EMLL0_FSSC10_F16AI0_F16AIR0_FL0_GLVWA4_GL
VWB2_GR2A1_GR2B1_GRCGA1_GRCGB1_GRCVA1_GRCVB1_GRPM1_GRVW4_GSU1_GSUASB_GSUAA0_GSUSARR1_GSUWGMRR0_GLS0_ISA1201_IU1_IA0_KLA_LEL0_LBSPPA0_LBSPPB0_LPA1_LPB0_LD
L1_LR2A1_LR2B1_LRVW1_LW2A1_LW2B1_LWPMn1_LDW0_LT1_FMA_MIAV0_MTSM64_MTSM1_MDA2_MI_MO40_MVN256_MMFSC_MKFGSU256_MVN0_NR0_NTA0_NTB0_NTC0_NTD0_NEPBS0_NLCA1_NLC
B1_ONLL1_OPLV0_PBD0_PFD1_PG2_PSD0_PSLn1_PWCn1_PWLn1_PK0_PKAB0_PAP0_PAPM0_PGR1_PLR1_PKA0_RK0_SGR1_SIA1_SLW1_SS0_SU0_SUM0_SUS0_SCIU0_SCIUE0_SCIUI1_SCIUPL0_
SPO0_SRVW0_SSO0_SVW4_SK0_SKA0_SKXCCM0_SNLL0_TSGRA0_TSGRB0_TT8_4_TLDS0_UIIDU0_UMLDSA0_UMLDSB0_UMF0_U64SL1_UIOFGRO0_USFGROn1_VAW1_VSn1_VW1_VWB1_VFLRP0_WSGR
A0_WSGRB0_WS32_WG16_16_1_WGM8_WGMTB

reject: VectorWidth must be >= 4 for Int8 or 8bitFloat

reject: Int8 requires GLVWB >= 4, current is 2
rejecting solution 
Cijk_Alik_Bjlk_I8II_BH_MT128x64x8_SN_1LDSB0_APM1_AAIGTEn1_AAILTEn1_AAV0_ABV0_ACED0_AF0EM1_AF1EM1_AMAS3_ASE_ASGT_ASLT_ASM_ASAE01_ASBE01_ASCE01_ASDE01_ASEM
1_AAC0_BL1_BS1_CUM0_CDO0_CTDA0_CLR0_DSK0_DRA0_DU8_DULD1_DTLA0_DTLB0_DTVA0_DTVB0_DAF0_DKP0_DVO0_ETSP_EPS1_ELFLR0_EMLL0_FSSC10_F16AI0_F16AIR0_FL0_GLVWA4_GL
VWB2_GR2A1_GR2B1_GRCGA1_GRCGB1_GRCVA1_GRCVB1_GRPM1_GRVW4_GSU1_GSUASB_GSUAA0_GSUSARR1_GSUWGMRR0_GLS0_ISA1201_IU1_IA0_KLA_LEL0_LBSPPA0_LBSPPB0_LPA2_LPB0_LD
L1_LR2A1_LR2B1_LRVW2_LW2A1_LW2B1_LWPMn1_LDW0_LT1_FMA_MIAV0_MTSM64_MTSM1_MDA2_MI_MO40_MVN256_MMFSC_MKFGSU256_MVN0_NR0_NTA0_NTB0_NTC0_NTD0_NEPBS0_NLCA1_NLC
B1_ONLL1_OPLV0_PBD0_PFD1_PG2_PSD0_PSLn1_PWCn1_PWLn1_PK0_PKAB0_PAP0_PAPM0_PGR1_PLR1_PKA0_RK0_SGR1_SIA1_SLW1_SS0_SU0_SUM0_SUS0_SCIU0_SCIUE0_SCIUI1_SCIUPL0_
SPO0_SRVW0_SSO0_SVW4_SK0_SKA0_SKXCCM0_SNLL0_TSGRA0_TSGRB0_TT8_4_TLDS0_UIIDU0_UMLDSA0_UMLDSB0_UMF0_U64SL1_UIOFGRO0_USFGROn1_VAW1_VSn1_VW2_VWB2_VFLRP0_WSGR
A0_WSGRB0_WS32_WG16_16_1_WGM8_WGMTB

reject: Int8 requires GLVWB >= 4, current is 2

reject: GlobalLoadVectorWidthB 2 must be == VectorWidth 4 or == 1
rejecting solution 
Cijk_Alik_Bjlk_I8II_BH_MT128x64x8_SN_1LDSB0_APM1_AAIGTEn1_AAILTEn1_AAV0_ABV0_ACED0_AF0EM1_AF1EM1_AMAS3_ASE_ASGT_ASLT_ASM_ASAE01_ASBE01_ASCE01_ASDE01_ASEM
1_AAC0_BL1_BS1_CUM0_CDO0_CTDA0_CLR0_DSK0_DRA0_DU8_DULD1_DTLA0_DTLB0_DTVA0_DTVB0_DAF0_DKP0_DVO0_ETSP_EPS1_ELFLR0_EMLL0_FSSC10_F16AI0_F16AIR0_FL0_GLVWA4_GL
VWB2_GR2A1_GR2B1_GRCGA1_GRCGB1_GRCVA1_GRCVB1_GRPM1_GRVW4_GSU1_GSUASB_GSUAA0_GSUSARR1_GSUWGMRR0_GLS0_ISA1201_IU1_IA0_KLA_LEL0_LBSPPA0_LBSPPB0_LPA4_LPB0_LD
L1_LR2A1_LR2B1_LRVW4_LW2A1_LW2B1_LWPMn1_LDW0_LT1_FMA_MIAV0_MTSM64_MTSM1_MDA2_MI_MO40_MVN256_MMFSC_MKFGSU256_MVN0_NR0_NTA0_NTB0_NTC0_NTD0_NEPBS0_NLCA1_NLC
B1_ONLL1_OPLV0_PBD0_PFD1_PG2_PSD0_PSLn1_PWCn1_PWLn1_PK0_PKAB0_PAP0_PAPM0_PGR1_PLR1_PKA0_RK0_SGR1_SIA1_SLW1_SS0_SU0_SUM0_SUS0_SCIU0_SCIUE0_SCIUI1_SCIUPL0_
SPO0_SRVW0_SSO0_SVW4_SK0_SKA0_SKXCCM0_SNLL0_TSGRA0_TSGRB0_TT8_4_TLDS0_UIIDU0_UMLDSA0_UMLDSB0_UMF0_U64SL1_UIOFGRO0_USFGROn1_VAW1_VSn1_VW4_VWB4_VFLRP0_WSGR
A0_WSGRB0_WS32_WG16_16_1_WGM8_WGMTB

reject: VectorWidth must be >= 4 for Int8 or 8bitFloat

reject: Int8 requires GLVWB >= 4, current is 2

reject: GlobalLoadVectorWidthB 2 must be == VectorWidth 1 or == 1
rejecting solution 
Cijk_Alik_Bjlk_I8II_BH_MT128x64x8_SN_1LDSB0_APM1_AAIGTEn1_AAILTEn1_AAV0_ABV0_ACED0_AF0EM1_AF1EM1_AMAS0_ASE_ASGT_ASLT_ASM_ASAE01_ASBE01_ASCE01_ASDE01_ASEM
1_AAC0_BL1_BS1_CUM0_CDO0_CTDA0_CLR0_DSK0_DRA0_DU8_DULD1_DTLA0_DTLB0_DTVA0_DTVB0_DAF0_DKP0_DVO0_ETSP_EPS1_ELFLR0_EMLL0_FSSC10_F16AI0_F16AIR0_FL0_GLVWA4_GL
VWB2_GR2A1_GR2B1_GRCGA1_GRCGB1_GRCVA1_GRCVB1_GRPM1_GRVW8_GSU1_GSUASB_GSUAA0_GSUSARR1_GSUWGMRR0_GLS0_ISA1201_IU1_IA0_KLA_LEL0_LBSPPA0_LBSPPB0_LPA1_LPB0_LD
L1_LR2A1_LR2B1_LRVW1_LW2A1_LW2B1_LWPMn1_LDW0_LT1_FMA_MIAV0_MTSM64_MTSM1_MDA2_MI_MO40_MVN256_MMFSC_MKFGSU256_MVN0_NR0_NTA0_NTB0_NTC0_NTD0_NEPBS0_NLCA1_NLC
B1_ONLL1_OPLV0_PBD0_PFD1_PG2_PSD0_PSLn1_PWCn1_PWLn1_PK0_PKAB0_PAP0_PAPM0_PGR1_PLR1_PKA0_RK0_SGR1_SIA1_SLW1_SS0_SU0_SUM0_SUS0_SCIU0_SCIUE0_SCIUI1_SCIUPL0_
SPO0_SRVW0_SSO0_SVW4_SK0_SKA0_SKXCCM0_SNLL0_TSGRA0_TSGRB0_TT8_4_TLDS0_UIIDU0_UMLDSA0_UMLDSB0_UMF0_U64SL1_UIOFGRO0_USFGROn1_VAW1_VSn1_VW1_VWB1_VFLRP0_WSGR
A0_WSGRB0_WS32_WG16_16_1_WGM8_WGMTB

reject: VectorWidth must be >= 4 for Int8 or 8bitFloat

reject: Int8 requires GLVWB >= 4, current is 2
rejecting solution 
Cijk_Alik_Bjlk_I8II_BH_MT128x64x8_SN_1LDSB0_APM1_AAIGTEn1_AAILTEn1_AAV0_ABV0_ACED0_AF0EM1_AF1EM1_AMAS3_ASE_ASGT_ASLT_ASM_ASAE01_ASBE01_ASCE01_ASDE01_ASEM
1_AAC0_BL1_BS1_CUM0_CDO0_CTDA0_CLR0_DSK0_DRA0_DU8_DULD1_DTLA0_DTLB0_DTVA0_DTVB0_DAF0_DKP0_DVO0_ETSP_EPS1_ELFLR0_EMLL0_FSSC10_F16AI0_F16AIR0_FL0_GLVWA4_GL
VWB2_GR2A1_GR2B1_GRCGA1_GRCGB1_GRCVA1_GRCVB1_GRPM1_GRVW8_GSU1_GSUASB_GSUAA0_GSUSARR1_GSUWGMRR0_GLS0_ISA1201_IU1_IA0_KLA_LEL0_LBSPPA0_LBSPPB0_LPA2_LPB0_LD
L1_LR2A1_LR2B1_LRVW2_LW2A1_LW2B1_LWPMn1_LDW0_LT1_FMA_MIAV0_MTSM64_MTSM1_MDA2_MI_MO40_MVN256_MMFSC_MKFGSU256_MVN0_NR0_NTA0_NTB0_NTC0_NTD0_NEPBS0_NLCA1_NLC
B1_ONLL1_OPLV0_PBD0_PFD1_PG2_PSD0_PSLn1_PWCn1_PWLn1_PK0_PKAB0_PAP0_PAPM0_PGR1_PLR1_PKA0_RK0_SGR1_SIA1_SLW1_SS0_SU0_SUM0_SUS0_SCIU0_SCIUE0_SCIUI1_SCIUPL0_
SPO0_SRVW0_SSO0_SVW4_SK0_SKA0_SKXCCM0_SNLL0_TSGRA0_TSGRB0_TT8_4_TLDS0_UIIDU0_UMLDSA0_UMLDSB0_UMF0_U64SL1_UIOFGRO0_USFGROn1_VAW1_VSn1_VW2_VWB2_VFLRP0_WSGR
A0_WSGRB0_WS32_WG16_16_1_WGM8_WGMTB

reject: Int8 requires GLVWB >= 4, current is 2

reject: GlobalLoadVectorWidthB 2 must be == VectorWidth 4 or == 1
rejecting solution 
Cijk_Alik_Bjlk_I8II_BH_MT128x64x8_SN_1LDSB0_APM1_AAIGTEn1_AAILTEn1_AAV0_ABV0_ACED0_AF0EM1_AF1EM1_AMAS3_ASE_ASGT_ASLT_ASM_ASAE01_ASBE01_ASCE01_ASDE01_ASEM
1_AAC0_BL1_BS1_CUM0_CDO0_CTDA0_CLR0_DSK0_DRA0_DU8_DULD1_DTLA0_DTLB0_DTVA0_DTVB0_DAF0_DKP0_DVO0_ETSP_EPS1_ELFLR0_EMLL0_FSSC10_F16AI0_F16AIR0_FL0_GLVWA4_GL
VWB2_GR2A1_GR2B1_GRCGA1_GRCGB1_GRCVA1_GRCVB1_GRPM1_GRVW8_GSU1_GSUASB_GSUAA0_GSUSARR1_GSUWGMRR0_GLS0_ISA1201_IU1_IA0_KLA_LEL0_LBSPPA0_LBSPPB0_LPA4_LPB0_LD
L1_LR2A1_LR2B1_LRVW4_LW2A1_LW2B1_LWPMn1_LDW0_LT1_FMA_MIAV0_MTSM64_MTSM1_MDA2_MI_MO40_MVN256_MMFSC_MKFGSU256_MVN0_NR0_NTA0_NTB0_NTC0_NTD0_NEPBS0_NLCA1_NLC
B1_ONLL1_OPLV0_PBD0_PFD1_PG2_PSD0_PSLn1_PWCn1_PWLn1_PK0_PKAB0_PAP0_PAPM0_PGR1_PLR1_PKA0_RK0_SGR1_SIA1_SLW1_SS0_SU0_SUM0_SUS0_SCIU0_SCIUE0_SCIUI1_SCIUPL0_
SPO0_SRVW0_SSO0_SVW4_SK0_SKA0_SKXCCM0_SNLL0_TSGRA0_TSGRB0_TT8_4_TLDS0_UIIDU0_UMLDSA0_UMLDSB0_UMF0_U64SL1_UIOFGRO0_USFGROn1_VAW1_VSn1_VW4_VWB4_VFLRP0_WSGR
A0_WSGRB0_WS32_WG16_16_1_WGM8_WGMTB

reject: VectorWidth must be >= 4 for Int8 or 8bitFloat

reject: Int8 requires GLVWB >= 4, current is 2

reject: GlobalLoadVectorWidthB 2 must be == VectorWidth 1 or == 1
rejecting solution 
Cijk_Alik_Bjlk_I8II_BH_MT128x64x8_SN_1LDSB0_APM1_AAIGTEn1_AAILTEn1_AAV0_ABV0_ACED0_AF0EM1_AF1EM1_AMAS0_ASE_ASGT_ASLT_ASM_ASAE01_ASBE01_ASCE01_ASDE01_ASEM
1_AAC0_BL1_BS1_CUM0_CDO0_CTDA0_CLR0_DSK0_DRA0_DU8_DULD1_DTLA0_DTLB0_DTVA0_DTVB0_DAF0_DKP0_DVO0_ETSP_EPS1_ELFLR0_EMLL0_FSSC10_F16AI0_F16AIR0_FL0_GLVWA4_GL
VWB2_GR2A1_GR2B1_GRCGA1_GRCGB1_GRCVA1_GRCVB1_GRPM1_GRVW16_GSU1_GSUASB_GSUAA0_GSUSARR1_GSUWGMRR0_GLS0_ISA1201_IU1_IA0_KLA_LEL0_LBSPPA0_LBSPPB0_LPA1_LPB0_L
DL1_LR2A1_LR2B1_LRVW1_LW2A1_LW2B1_LWPMn1_LDW0_LT1_FMA_MIAV0_MTSM64_MTSM1_MDA2_MI_MO40_MVN256_MMFSC_MKFGSU256_MVN0_NR0_NTA0_NTB0_NTC0_NTD0_NEPBS0_NLCA1_NL
CB1_ONLL1_OPLV0_PBD0_PFD1_PG2_PSD0_PSLn1_PWCn1_PWLn1_PK0_PKAB0_PAP0_PAPM0_PGR1_PLR1_PKA0_RK0_SGR1_SIA1_SLW1_SS0_SU0_SUM0_SUS0_SCIU0_SCIUE0_SCIUI1_SCIUPL0
_SPO0_SRVW0_SSO0_SVW4_SK0_SKA0_SKXCCM0_SNLL0_TSGRA0_TSGRB0_TT8_4_TLDS0_UIIDU0_UMLDSA0_UMLDSB0_UMF0_U64SL1_UIOFGRO0_USFGROn1_VAW1_VSn1_VW1_VWB1_VFLRP0_WSG
RA0_WSGRB0_WS32_WG16_16_1_WGM8_WGMTB

reject: VectorWidth must be >= 4 for Int8 or 8bitFloat

reject: Int8 requires GLVWB >= 4, current is 2
rejecting solution 
Cijk_Alik_Bjlk_I8II_BH_MT128x64x8_SN_1LDSB0_APM1_AAIGTEn1_AAILTEn1_AAV0_ABV0_ACED0_AF0EM1_AF1EM1_AMAS3_ASE_ASGT_ASLT_ASM_ASAE01_ASBE01_ASCE01_ASDE01_ASEM
1_AAC0_BL1_BS1_CUM0_CDO0_CTDA0_CLR0_DSK0_DRA0_DU8_DULD1_DTLA0_DTLB0_DTVA0_DTVB0_DAF0_DKP0_DVO0_ETSP_EPS1_ELFLR0_EMLL0_FSSC10_F16AI0_F16AIR0_FL0_GLVWA4_GL
VWB2_GR2A1_GR2B1_GRCGA1_GRCGB1_GRCVA1_GRCVB1_GRPM1_GRVW16_GSU1_GSUASB_GSUAA0_GSUSARR1_GSUWGMRR0_GLS0_ISA1201_IU1_IA0_KLA_LEL0_LBSPPA0_LBSPPB0_LPA2_LPB0_L
DL1_LR2A1_LR2B1_LRVW2_LW2A1_LW2B1_LWPMn1_LDW0_LT1_FMA_MIAV0_MTSM64_MTSM1_MDA2_MI_MO40_MVN256_MMFSC_MKFGSU256_MVN0_NR0_NTA0_NTB0_NTC0_NTD0_NEPBS0_NLCA1_NL
CB1_ONLL1_OPLV0_PBD0_PFD1_PG2_PSD0_PSLn1_PWCn1_PWLn1_PK0_PKAB0_PAP0_PAPM0_PGR1_PLR1_PKA0_RK0_SGR1_SIA1_SLW1_SS0_SU0_SUM0_SUS0_SCIU0_SCIUE0_SCIUI1_SCIUPL0
_SPO0_SRVW0_SSO0_SVW4_SK0_SKA0_SKXCCM0_SNLL0_TSGRA0_TSGRB0_TT8_4_TLDS0_UIIDU0_UMLDSA0_UMLDSB0_UMF0_U64SL1_UIOFGRO0_USFGROn1_VAW1_VSn1_VW2_VWB2_VFLRP0_WSG
RA0_WSGRB0_WS32_WG16_16_1_WGM8_WGMTB

reject: Int8 requires GLVWB >= 4, current is 2

reject: GlobalLoadVectorWidthB 2 must be == VectorWidth 4 or == 1
rejecting solution 
Cijk_Alik_Bjlk_I8II_BH_MT128x64x8_SN_1LDSB0_APM1_AAIGTEn1_AAILTEn1_AAV0_ABV0_ACED0_AF0EM1_AF1EM1_AMAS3_ASE_ASGT_ASLT_ASM_ASAE01_ASBE01_ASCE01_ASDE01_ASEM
1_AAC0_BL1_BS1_CUM0_CDO0_CTDA0_CLR0_DSK0_DRA0_DU8_DULD1_DTLA0_DTLB0_DTVA0_DTVB0_DAF0_DKP0_DVO0_ETSP_EPS1_ELFLR0_EMLL0_FSSC10_F16AI0_F16AIR0_FL0_GLVWA4_GL
VWB2_GR2A1_GR2B1_GRCGA1_GRCGB1_GRCVA1_GRCVB1_GRPM1_GRVW16_GSU1_GSUASB_GSUAA0_GSUSARR1_GSUWGMRR0_GLS0_ISA1201_IU1_IA0_KLA_LEL0_LBSPPA0_LBSPPB0_LPA4_LPB0_L
DL1_LR2A1_LR2B1_LRVW4_LW2A1_LW2B1_LWPMn1_LDW0_LT1_FMA_MIAV0_MTSM64_MTSM1_MDA2_MI_MO40_MVN256_MMFSC_MKFGSU256_MVN0_NR0_NTA0_NTB0_NTC0_NTD0_NEPBS0_NLCA1_NL
CB1_ONLL1_OPLV0_PBD0_PFD1_PG2_PSD0_PSLn1_PWCn1_PWLn1_PK0_PKAB0_PAP0_PAPM0_PGR1_PLR1_PKA0_RK0_SGR1_SIA1_SLW1_SS0_SU0_SUM0_SUS0_SCIU0_SCIUE0_SCIUI1_SCIUPL0
_SPO0_SRVW0_SSO0_SVW4_SK0_SKA0_SKXCCM0_SNLL0_TSGRA0_TSGRB0_TT8_4_TLDS0_UIIDU0_UMLDSA0_UMLDSB0_UMF0_U64SL1_UIOFGRO0_USFGROn1_VAW1_VSn1_VW4_VWB4_VFLRP0_WSG
RA0_WSGRB0_WS32_WG16_16_1_WGM8_WGMTB

reject: VectorWidth must be >= 4 for Int8 or 8bitFloat

reject: Int8 requires GLVWB >= 4, current is 2

reject: GlobalLoadVectorWidthB 2 must be == VectorWidth 1 or == 1
rejecting solution 
Cijk_Alik_Bjlk_I8II_BH_MT128x64x8_SN_1LDSB0_APM1_AAIGTEn1_AAILTEn1_AAV0_ABV0_ACED0_AF0EM1_AF1EM1_AMAS0_ASE_ASGT_ASLT_ASM_ASAE01_ASBE01_ASCE01_ASDE01_ASEM
1_AAC0_BL1_BS1_CUM0_CDO0_CTDA0_CLR0_DSK0_DRA0_DU8_DULD1_DTLA0_DTLB0_DTVA0_DTVB0_DAF0_DKP0_DVO0_ETSP_EPS1_ELFLR0_EMLL0_FSSC10_F16AI0_F16AIR0_FL0_GLVWA4_GL
VWB2_GR2A1_GR2B1_GRCGA1_GRCGB1_GRCVA1_GRCVB1_GRPM1_GRVW4_GSU1_GSUASB_GSUAA0_GSUSARR1_GSUWGMRR0_GLS0_ISA1201_IU1_IA0_KLA_LEL0_LBSPPA0_LBSPPB0_LPA1_LPB0_LD
L1_LR2A1_LR2B1_LRVW1_LW2A1_LW2B1_LWPMn1_LDW0_LT1_FMA_MIAV0_MTSM64_MTSM1_MDA2_MI_MO40_MVN256_MMFSC_MKFGSU256_MVN0_NR0_NTA0_NTB0_NTC0_NTD0_NEPBS0_NLCA1_NLC
B1_ONLL1_OPLV0_PBD0_PFD1_PG2_PSD0_PSLn1_PWCn1_PWLn1_PK0_PKAB0_PAP0_PAPM0_PGR1_PLR1_PKA0_RK0_SGR1_SIA1_SLW1_SS0_SU32_SUM0_SUS256_SCIU0_SCIUE0_SCIUI1_SCIUP
L0_SPO0_SRVW0_SSO0_SVW4_SK0_SKA0_SKXCCM0_SNLL0_TSGRA0_TSGRB0_TT8_4_TLDS0_UIIDU0_UMLDSA0_UMLDSB0_UMF0_U64SL1_UIOFGRO0_USFGROn1_VAW1_VSn1_VW1_VWB1_VFLRP0_W
SGRA0_WSGRB0_WS32_WG16_16_1_WGM8_WGMTB

reject: VectorWidth must be >= 4 for Int8 or 8bitFloat

reject: Int8 requires GLVWB >= 4, current is 2
rejecting solution 
Cijk_Alik_Bjlk_I8II_BH_MT128x64x8_SN_1LDSB0_APM1_AAIGTEn1_AAILTEn1_AAV0_ABV0_ACED0_AF0EM1_AF1EM1_AMAS3_ASE_ASGT_ASLT_ASM_ASAE01_ASBE01_ASCE01_ASDE01_ASEM
1_AAC0_BL1_BS1_CUM0_CDO0_CTDA0_CLR0_DSK0_DRA0_DU8_DULD1_DTLA0_DTLB0_DTVA0_DTVB0_DAF0_DKP0_DVO0_ETSP_EPS1_ELFLR0_EMLL0_FSSC10_F16AI0_F16AIR0_FL0_GLVWA4_GL
VWB2_GR2A1_GR2B1_GRCGA1_GRCGB1_GRCVA1_GRCVB1_GRPM1_GRVW4_GSU1_GSUASB_GSUAA0_GSUSARR1_GSUWGMRR0_GLS0_ISA1201_IU1_IA0_KLA_LEL0_LBSPPA0_LBSPPB0_LPA2_LPB0_LD
L1_LR2A1_LR2B1_LRVW2_LW2A1_LW2B1_LWPMn1_LDW0_LT1_FMA_MIAV0_MTSM64_MTSM1_MDA2_MI_MO40_MVN256_MMFSC_MKFGSU256_MVN0_NR0_NTA0_NTB0_NTC0_NTD0_NEPBS0_NLCA1_NLC
B1_ONLL1_OPLV0_PBD0_PFD1_PG2_PSD0_PSLn1_PWCn1_PWLn1_PK0_PKAB0_PAP0_PAPM0_PGR1_PLR1_PKA0_RK0_SGR1_SIA1_SLW1_SS0_SU32_SUM0_SUS256_SCIU0_SCIUE0_SCIUI1_SCIUP
L0_SPO0_SRVW0_SSO0_SVW4_SK0_SKA0_SKXCCM0_SNLL0_TSGRA0_TSGRB0_TT8_4_TLDS0_UIIDU0_UMLDSA0_UMLDSB0_UMF0_U64SL1_UIOFGRO0_USFGROn1_VAW1_VSn1_VW2_VWB2_VFLRP0_W
SGRA0_WSGRB0_WS32_WG16_16_1_WGM8_WGMTB

reject: Int8 requires GLVWB >= 4, current is 2

reject: GlobalLoadVectorWidthB 2 must be == VectorWidth 4 or == 1
rejecting solution 
Cijk_Alik_Bjlk_I8II_BH_MT128x64x8_SN_1LDSB0_APM1_AAIGTEn1_AAILTEn1_AAV0_ABV0_ACED0_AF0EM1_AF1EM1_AMAS3_ASE_ASGT_ASLT_ASM_ASAE01_ASBE01_ASCE01_ASDE01_ASEM
1_AAC0_BL1_BS1_CUM0_CDO0_CTDA0_CLR0_DSK0_DRA0_DU8_DULD1_DTLA0_DTLB0_DTVA0_DTVB0_DAF0_DKP0_DVO0_ETSP_EPS1_ELFLR0_EMLL0_FSSC10_F16AI0_F16AIR0_FL0_GLVWA4_GL
VWB2_GR2A1_GR2B1_GRCGA1_GRCGB1_GRCVA1_GRCVB1_GRPM1_GRVW4_GSU1_GSUASB_GSUAA0_GSUSARR1_GSUWGMRR0_GLS0_ISA1201_IU1_IA0_KLA_LEL0_LBSPPA0_LBSPPB0_LPA4_LPB0_LD
L1_LR2A1_LR2B1_LRVW4_LW2A1_LW2B1_LWPMn1_LDW0_LT1_FMA_MIAV0_MTSM64_MTSM1_MDA2_MI_MO40_MVN256_MMFSC_MKFGSU256_MVN0_NR0_NTA0_NTB0_NTC0_NTD0_NEPBS0_NLCA1_NLC
B1_ONLL1_OPLV0_PBD0_PFD1_PG2_PSD0_PSLn1_PWCn1_PWLn1_PK0_PKAB0_PAP0_PAPM0_PGR1_PLR1_PKA0_RK0_SGR1_SIA1_SLW1_SS0_SU32_SUM0_SUS256_SCIU0_SCIUE0_SCIUI1_SCIUP
L0_SPO0_SRVW0_SSO0_SVW4_SK0_SKA0_SKXCCM0_SNLL0_TSGRA0_TSGRB0_TT8_4_TLDS0_UIIDU0_UMLDSA0_UMLDSB0_UMF0_U64SL1_UIOFGRO0_USFGROn1_VAW1_VSn1_VW4_VWB4_VFLRP0_W
SGRA0_WSGRB0_WS32_WG16_16_1_WGM8_WGMTB

reject: VectorWidth must be >= 4 for Int8 or 8bitFloat

reject: Int8 requires GLVWB >= 4, current is 2

reject: GlobalLoadVectorWidthB 2 must be == VectorWidth 1 or == 1
rejecting solution 
Cijk_Alik_Bjlk_I8II_BH_MT128x64x8_SN_1LDSB0_APM1_AAIGTEn1_AAILTEn1_AAV0_ABV0_ACED0_AF0EM1_AF1EM1_AMAS0_ASE_ASGT_ASLT_ASM_ASAE01_ASBE01_ASCE01_ASDE01_ASEM
1_AAC0_BL1_BS1_CUM0_CDO0_CTDA0_CLR0_DSK0_DRA0_DU8_DULD1_DTLA0_DTLB0_DTVA0_DTVB0_DAF0_DKP0_DVO0_ETSP_EPS1_ELFLR0_EMLL0_FSSC10_F16AI0_F16AIR0_FL0_GLVWA4_GL
VWB2_GR2A1_GR2B1_GRCGA1_GRCGB1_GRCVA1_GRCVB1_GRPM1_GRVW8_GSU1_GSUASB_GSUAA0_GSUSARR1_GSUWGMRR0_GLS0_ISA1201_IU1_IA0_KLA_LEL0_LBSPPA0_LBSPPB0_LPA1_LPB0_LD
L1_LR2A1_LR2B1_LRVW1_LW2A1_LW2B1_LWPMn1_LDW0_LT1_FMA_MIAV0_MTSM64_MTSM1_MDA2_MI_MO40_MVN256_MMFSC_MKFGSU256_MVN0_NR0_NTA0_NTB0_NTC0_NTD0_NEPBS0_NLCA1_NLC
B1_ONLL1_OPLV0_PBD0_PFD1_PG2_PSD0_PSLn1_PWCn1_PWLn1_PK0_PKAB0_PAP0_PAPM0_PGR1_PLR1_PKA0_RK0_SGR1_SIA1_SLW1_SS0_SU32_SUM0_SUS256_SCIU0_SCIUE0_SCIUI1_SCIUP
L0_SPO0_SRVW0_SSO0_SVW4_SK0_SKA0_SKXCCM0_SNLL0_TSGRA0_TSGRB0_TT8_4_TLDS0_UIIDU0_UMLDSA0_UMLDSB0_UMF0_U64SL1_UIOFGRO0_USFGROn1_VAW1_VSn1_VW1_VWB1_VFLRP0_W
SGRA0_WSGRB0_WS32_WG16_16_1_WGM8_WGMTB

reject: VectorWidth must be >= 4 for Int8 or 8bitFloat

reject: Int8 requires GLVWB >= 4, current is 2
rejecting solution 
Cijk_Alik_Bjlk_I8II_BH_MT128x64x8_SN_1LDSB0_APM1_AAIGTEn1_AAILTEn1_AAV0_ABV0_ACED0_AF0EM1_AF1EM1_AMAS3_ASE_ASGT_ASLT_ASM_ASAE01_ASBE01_ASCE01_ASDE01_ASEM
1_AAC0_BL1_BS1_CUM0_CDO0_CTDA0_CLR0_DSK0_DRA0_DU8_DULD1_DTLA0_DTLB0_DTVA0_DTVB0_DAF0_DKP0_DVO0_ETSP_EPS1_ELFLR0_EMLL0_FSSC10_F16AI0_F16AIR0_FL0_GLVWA4_GL
VWB2_GR2A1_GR2B1_GRCGA1_GRCGB1_GRCVA1_GRCVB1_GRPM1_GRVW8_GSU1_GSUASB_GSUAA0_GSUSARR1_GSUWGMRR0_GLS0_ISA1201_IU1_IA0_KLA_LEL0_LBSPPA0_LBSPPB0_LPA2_LPB0_LD
L1_LR2A1_LR2B1_LRVW2_LW2A1_LW2B1_LWPMn1_LDW0_LT1_FMA_MIAV0_MTSM64_MTSM1_MDA2_MI_MO40_MVN256_MMFSC_MKFGSU256_MVN0_NR0_NTA0_NTB0_NTC0_NTD0_NEPBS0_NLCA1_NLC
B1_ONLL1_OPLV0_PBD0_PFD1_PG2_PSD0_PSLn1_PWCn1_PWLn1_PK0_PKAB0_PAP0_PAPM0_PGR1_PLR1_PKA0_RK0_SGR1_SIA1_SLW1_SS0_SU32_SUM0_SUS256_SCIU0_SCIUE0_SCIUI1_SCIUP
L0_SPO0_SRVW0_SSO0_SVW4_SK0_SKA0_SKXCCM0_SNLL0_TSGRA0_TSGRB0_TT8_4_TLDS0_UIIDU0_UMLDSA0_UMLDSB0_UMF0_U64SL1_UIOFGRO0_USFGROn1_VAW1_VSn1_VW2_VWB2_VFLRP0_W
SGRA0_WSGRB0_WS32_WG16_16_1_WGM8_WGMTB

reject: Int8 requires GLVWB >= 4, current is 2

reject: GlobalLoadVectorWidthB 2 must be == VectorWidth 4 or == 1
rejecting solution 
Cijk_Alik_Bjlk_I8II_BH_MT128x64x8_SN_1LDSB0_APM1_AAIGTEn1_AAILTEn1_AAV0_ABV0_ACED0_AF0EM1_AF1EM1_AMAS3_ASE_ASGT_ASLT_ASM_ASAE01_ASBE01_ASCE01_ASDE01_ASEM
1_AAC0_BL1_BS1_CUM0_CDO0_CTDA0_CLR0_DSK0_DRA0_DU8_DULD1_DTLA0_DTLB0_DTVA0_DTVB0_DAF0_DKP0_DVO0_ETSP_EPS1_ELFLR0_EMLL0_FSSC10_F16AI0_F16AIR0_FL0_GLVWA4_GL
VWB2_GR2A1_GR2B1_GRCGA1_GRCGB1_GRCVA1_GRCVB1_GRPM1_GRVW8_GSU1_GSUASB_GSUAA0_GSUSARR1_GSUWGMRR0_GLS0_ISA1201_IU1_IA0_KLA_LEL0_LBSPPA0_LBSPPB0_LPA4_LPB0_LD
L1_LR2A1_LR2B1_LRVW4_LW2A1_LW2B1_LWPMn1_LDW0_LT1_FMA_MIAV0_MTSM64_MTSM1_MDA2_MI_MO40_MVN256_MMFSC_MKFGSU256_MVN0_NR0_NTA0_NTB0_NTC0_NTD0_NEPBS0_NLCA1_NLC
B1_ONLL1_OPLV0_PBD0_PFD1_PG2_PSD0_PSLn1_PWCn1_PWLn1_PK0_PKAB0_PAP0_PAPM0_PGR1_PLR1_PKA0_RK0_SGR1_SIA1_SLW1_SS0_SU32_SUM0_SUS256_SCIU0_SCIUE0_SCIUI1_SCIUP
L0_SPO0_SRVW0_SSO0_SVW4_SK0_SKA0_SKXCCM0_SNLL0_TSGRA0_TSGRB0_TT8_4_TLDS0_UIIDU0_UMLDSA0_UMLDSB0_UMF0_U64SL1_UIOFGRO0_USFGROn1_VAW1_VSn1_VW4_VWB4_VFLRP0_W
SGRA0_WSGRB0_WS32_WG16_16_1_WGM8_WGMTB

reject: VectorWidth must be >= 4 for Int8 or 8bitFloat

reject: Int8 requires GLVWB >= 4, current is 2

reject: GlobalLoadVectorWidthB 2 must be == VectorWidth 1 or == 1
rejecting solution 
Cijk_Alik_Bjlk_I8II_BH_MT128x64x8_SN_1LDSB0_APM1_AAIGTEn1_AAILTEn1_AAV0_ABV0_ACED0_AF0EM1_AF1EM1_AMAS0_ASE_ASGT_ASLT_ASM_ASAE01_ASBE01_ASCE01_ASDE01_ASEM
1_AAC0_BL1_BS1_CUM0_CDO0_CTDA0_CLR0_DSK0_DRA0_DU8_DULD1_DTLA0_DTLB0_DTVA0_DTVB0_DAF0_DKP0_DVO0_ETSP_EPS1_ELFLR0_EMLL0_FSSC10_F16AI0_F16AIR0_FL0_GLVWA4_GL
VWB2_GR2A1_GR2B1_GRCGA1_GRCGB1_GRCVA1_GRCVB1_GRPM1_GRVW16_GSU1_GSUASB_GSUAA0_GSUSARR1_GSUWGMRR0_GLS0_ISA1201_IU1_IA0_KLA_LEL0_LBSPPA0_LBSPPB0_LPA1_LPB0_L
DL1_LR2A1_LR2B1_LRVW1_LW2A1_LW2B1_LWPMn1_LDW0_LT1_FMA_MIAV0_MTSM64_MTSM1_MDA2_MI_MO40_MVN256_MMFSC_MKFGSU256_MVN0_NR0_NTA0_NTB0_NTC0_NTD0_NEPBS0_NLCA1_NL
CB1_ONLL1_OPLV0_PBD0_PFD1_PG2_PSD0_PSLn1_PWCn1_PWLn1_PK0_PKAB0_PAP0_PAPM0_PGR1_PLR1_PKA0_RK0_SGR1_SIA1_SLW1_SS0_SU32_SUM0_SUS256_SCIU0_SCIUE0_SCIUI1_SCIU
PL0_SPO0_SRVW0_SSO0_SVW4_SK0_SKA0_SKXCCM0_SNLL0_TSGRA0_TSGRB0_TT8_4_TLDS0_UIIDU0_UMLDSA0_UMLDSB0_UMF0_U64SL1_UIOFGRO0_USFGROn1_VAW1_VSn1_VW1_VWB1_VFLRP0_
WSGRA0_WSGRB0_WS32_WG16_16_1_WGM8_WGMTB

reject: VectorWidth must be >= 4 for Int8 or 8bitFloat

reject: Int8 requires GLVWB >= 4, current is 2
rejecting solution 
Cijk_Alik_Bjlk_I8II_BH_MT128x64x8_SN_1LDSB0_APM1_AAIGTEn1_AAILTEn1_AAV0_ABV0_ACED0_AF0EM1_AF1EM1_AMAS3_ASE_ASGT_ASLT_ASM_ASAE01_ASBE01_ASCE01_ASDE01_ASEM
1_AAC0_BL1_BS1_CUM0_CDO0_CTDA0_CLR0_DSK0_DRA0_DU8_DULD1_DTLA0_DTLB0_DTVA0_DTVB0_DAF0_DKP0_DVO0_ETSP_EPS1_ELFLR0_EMLL0_FSSC10_F16AI0_F16AIR0_FL0_GLVWA4_GL
VWB2_GR2A1_GR2B1_GRCGA1_GRCGB1_GRCVA1_GRCVB1_GRPM1_GRVW16_GSU1_GSUASB_GSUAA0_GSUSARR1_GSUWGMRR0_GLS0_ISA1201_IU1_IA0_KLA_LEL0_LBSPPA0_LBSPPB0_LPA2_LPB0_L
DL1_LR2A1_LR2B1_LRVW2_LW2A1_LW2B1_LWPMn1_LDW0_LT1_FMA_MIAV0_MTSM64_MTSM1_MDA2_MI_MO40_MVN256_MMFSC_MKFGSU256_MVN0_NR0_NTA0_NTB0_NTC0_NTD0_NEPBS0_NLCA1_NL
CB1_ONLL1_OPLV0_PBD0_PFD1_PG2_PSD0_PSLn1_PWCn1_PWLn1_PK0_PKAB0_PAP0_PAPM0_PGR1_PLR1_PKA0_RK0_SGR1_SIA1_SLW1_SS0_SU32_SUM0_SUS256_SCIU0_SCIUE0_SCIUI1_SCIU
PL0_SPO0_SRVW0_SSO0_SVW4_SK0_SKA0_SKXCCM0_SNLL0_TSGRA0_TSGRB0_TT8_4_TLDS0_UIIDU0_UMLDSA0_UMLDSB0_UMF0_U64SL1_UIOFGRO0_USFGROn1_VAW1_VSn1_VW2_VWB2_VFLRP0_
WSGRA0_WSGRB0_WS32_WG16_16_1_WGM8_WGMTB

reject: Int8 requires GLVWB >= 4, current is 2

reject: GlobalLoadVectorWidthB 2 must be == VectorWidth 4 or == 1
rejecting solution 
Cijk_Alik_Bjlk_I8II_BH_MT128x64x8_SN_1LDSB0_APM1_AAIGTEn1_AAILTEn1_AAV0_ABV0_ACED0_AF0EM1_AF1EM1_AMAS3_ASE_ASGT_ASLT_ASM_ASAE01_ASBE01_ASCE01_ASDE01_ASEM
1_AAC0_BL1_BS1_CUM0_CDO0_CTDA0_CLR0_DSK0_DRA0_DU8_DULD1_DTLA0_DTLB0_DTVA0_DTVB0_DAF0_DKP0_DVO0_ETSP_EPS1_ELFLR0_EMLL0_FSSC10_F16AI0_F16AIR0_FL0_GLVWA4_GL
VWB2_GR2A1_GR2B1_GRCGA1_GRCGB1_GRCVA1_GRCVB1_GRPM1_GRVW16_GSU1_GSUASB_GSUAA0_GSUSARR1_GSUWGMRR0_GLS0_ISA1201_IU1_IA0_KLA_LEL0_LBSPPA0_LBSPPB0_LPA4_LPB0_L
DL1_LR2A1_LR2B1_LRVW4_LW2A1_LW2B1_LWPMn1_LDW0_LT1_FMA_MIAV0_MTSM64_MTSM1_MDA2_MI_MO40_MVN256_MMFSC_MKFGSU256_MVN0_NR0_NTA0_NTB0_NTC0_NTD0_NEPBS0_NLCA1_NL
CB1_ONLL1_OPLV0_PBD0_PFD1_PG2_PSD0_PSLn1_PWCn1_PWLn1_PK0_PKAB0_PAP0_PAPM0_PGR1_PLR1_PKA0_RK0_SGR1_SIA1_SLW1_SS0_SU32_SUM0_SUS256_SCIU0_SCIUE0_SCIUI1_SCIU
PL0_SPO0_SRVW0_SSO0_SVW4_SK0_SKA0_SKXCCM0_SNLL0_TSGRA0_TSGRB0_TT8_4_TLDS0_UIIDU0_UMLDSA0_UMLDSB0_UMF0_U64SL1_UIOFGRO0_USFGROn1_VAW1_VSn1_VW4_VWB4_VFLRP0_
WSGRA0_WSGRB0_WS32_WG16_16_1_WGM8_WGMTB

reject: VectorWidth must be >= 4 for Int8 or 8bitFloat

reject: Int8 requires GLVWA >= 4, current is 2

reject: GlobalLoadVectorWidthB 4 must be == VectorWidth 1 or == 1
rejecting solution 
Cijk_Alik_Bjlk_I8II_BH_MT64x128x8_SN_1LDSB0_APM1_AAIGTEn1_AAILTEn1_AAV0_ABV0_ACED0_AF0EM1_AF1EM1_AMAS0_ASE_ASGT_ASLT_ASM_ASAE01_ASBE01_ASCE01_ASDE01_ASEM
1_AAC0_BL1_BS1_CUM0_CDO0_CTDA0_CLR0_DSK0_DRA0_DU8_DULD1_DTLA0_DTLB0_DTVA0_DTVB0_DAF0_DKP0_DVO0_ETSP_EPS1_ELFLR0_EMLL0_FSSC10_F16AI0_F16AIR0_FL0_GLVWA2_GL
VWB4_GR2A1_GR2B1_GRCGA1_GRCGB1_GRCVA1_GRCVB1_GRPM1_GRVW4_GSU1_GSUASB_GSUAA0_GSUSARR1_GSUWGMRR0_GLS0_ISA1201_IU1_IA0_KLA_LEL0_LBSPPA0_LBSPPB0_LPA1_LPB0_LD
L1_LR2A1_LR2B1_LRVW1_LW2A1_LW2B1_LWPMn1_LDW0_LT1_FMA_MIAV0_MTSM64_MTSM1_MDA2_MI_MO40_MVN256_MMFSC_MKFGSU256_MVN0_NR0_NTA0_NTB0_NTC0_NTD0_NEPBS0_NLCA1_NLC
B1_ONLL1_OPLV0_PBD0_PFD1_PG2_PSD0_PSLn1_PWCn1_PWLn1_PK0_PKAB0_PAP0_PAPM0_PGR1_PLR1_PKA0_RK0_SGR1_SIA1_SLW1_SS0_SU0_SUM0_SUS0_SCIU0_SCIUE0_SCIUI1_SCIUPL0_
SPO0_SRVW0_SSO0_SVW4_SK0_SKA0_SKXCCM0_SNLL0_TSGRA0_TSGRB0_TT4_8_TLDS0_UIIDU0_UMLDSA0_UMLDSB0_UMF0_U64SL1_UIOFGRO0_USFGROn1_VAW1_VSn1_VW1_VWB1_VFLRP0_WSGR
A0_WSGRB0_WS32_WG16_16_1_WGM8_WGMTB

reject: VectorWidth must be >= 4 for Int8 or 8bitFloat

reject: Int8 requires GLVWA >= 4, current is 2

reject: GlobalLoadVectorWidthB 4 must be == VectorWidth 2 or == 1
rejecting solution 
Cijk_Alik_Bjlk_I8II_BH_MT64x128x8_SN_1LDSB0_APM1_AAIGTEn1_AAILTEn1_AAV0_ABV0_ACED0_AF0EM1_AF1EM1_AMAS3_ASE_ASGT_ASLT_ASM_ASAE01_ASBE01_ASCE01_ASDE01_ASEM
1_AAC0_BL1_BS1_CUM0_CDO0_CTDA0_CLR0_DSK0_DRA0_DU8_DULD1_DTLA0_DTLB0_DTVA0_DTVB0_DAF0_DKP0_DVO0_ETSP_EPS1_ELFLR0_EMLL0_FSSC10_F16AI0_F16AIR0_FL0_GLVWA2_GL
VWB4_GR2A1_GR2B1_GRCGA1_GRCGB1_GRCVA1_GRCVB1_GRPM1_GRVW4_GSU1_GSUASB_GSUAA0_GSUSARR1_GSUWGMRR0_GLS0_ISA1201_IU1_IA0_KLA_LEL0_LBSPPA0_LBSPPB0_LPA2_LPB0_LD
L1_LR2A1_LR2B1_LRVW2_LW2A1_LW2B1_LWPMn1_LDW0_LT1_FMA_MIAV0_MTSM64_MTSM1_MDA2_MI_MO40_MVN256_MMFSC_MKFGSU256_MVN0_NR0_NTA0_NTB0_NTC0_NTD0_NEPBS0_NLCA1_NLC
B1_ONLL1_OPLV0_PBD0_PFD1_PG2_PSD0_PSLn1_PWCn1_PWLn1_PK0_PKAB0_PAP0_PAPM0_PGR1_PLR1_PKA0_RK0_SGR1_SIA1_SLW1_SS0_SU0_SUM0_SUS0_SCIU0_SCIUE0_SCIUI1_SCIUPL0_
SPO0_SRVW0_SSO0_SVW4_SK0_SKA0_SKXCCM0_SNLL0_TSGRA0_TSGRB0_TT4_8_TLDS0_UIIDU0_UMLDSA0_UMLDSB0_UMF0_U64SL1_UIOFGRO0_USFGROn1_VAW1_VSn1_VW2_VWB2_VFLRP0_WSGR
A0_WSGRB0_WS32_WG16_16_1_WGM8_WGMTB

reject: Int8 requires GLVWA >= 4, current is 2
rejecting solution 
Cijk_Alik_Bjlk_I8II_BH_MT64x128x8_SN_1LDSB0_APM1_AAIGTEn1_AAILTEn1_AAV0_ABV0_ACED0_AF0EM1_AF1EM1_AMAS3_ASE_ASGT_ASLT_ASM_ASAE01_ASBE01_ASCE01_ASDE01_ASEM
1_AAC0_BL1_BS1_CUM0_CDO0_CTDA0_CLR0_DSK0_DRA0_DU8_DULD1_DTLA0_DTLB0_DTVA0_DTVB0_DAF0_DKP0_DVO0_ETSP_EPS1_ELFLR0_EMLL0_FSSC10_F16AI0_F16AIR0_FL0_GLVWA2_GL
VWB4_GR2A1_GR2B1_GRCGA1_GRCGB1_GRCVA1_GRCVB1_GRPM1_GRVW4_GSU1_GSUASB_GSUAA0_GSUSARR1_GSUWGMRR0_GLS0_ISA1201_IU1_IA0_KLA_LEL0_LBSPPA0_LBSPPB0_LPA4_LPB0_LD
L1_LR2A1_LR2B1_LRVW4_LW2A1_LW2B1_LWPMn1_LDW0_LT1_FMA_MIAV0_MTSM64_MTSM1_MDA2_MI_MO40_MVN256_MMFSC_MKFGSU256_MVN0_NR0_NTA0_NTB0_NTC0_NTD0_NEPBS0_NLCA1_NLC
B1_ONLL1_OPLV0_PBD0_PFD1_PG2_PSD0_PSLn1_PWCn1_PWLn1_PK0_PKAB0_PAP0_PAPM0_PGR1_PLR1_PKA0_RK0_SGR1_SIA1_SLW1_SS0_SU0_SUM0_SUS0_SCIU0_SCIUE0_SCIUI1_SCIUPL0_
SPO0_SRVW0_SSO0_SVW4_SK0_SKA0_SKXCCM0_SNLL0_TSGRA0_TSGRB0_TT4_8_TLDS0_UIIDU0_UMLDSA0_UMLDSB0_UMF0_U64SL1_UIOFGRO0_USFGROn1_VAW1_VSn1_VW4_VWB4_VFLRP0_WSGR
A0_WSGRB0_WS32_WG16_16_1_WGM8_WGMTB

reject: VectorWidth must be >= 4 for Int8 or 8bitFloat

reject: Int8 requires GLVWA >= 4, current is 2

reject: GlobalLoadVectorWidthB 4 must be == VectorWidth 1 or == 1
rejecting solution 
Cijk_Alik_Bjlk_I8II_BH_MT64x128x8_SN_1LDSB0_APM1_AAIGTEn1_AAILTEn1_AAV0_ABV0_ACED0_AF0EM1_AF1EM1_AMAS0_ASE_ASGT_ASLT_ASM_ASAE01_ASBE01_ASCE01_ASDE01_ASEM
1_AAC0_BL1_BS1_CUM0_CDO0_CTDA0_CLR0_DSK0_DRA0_DU8_DULD1_DTLA0_DTLB0_DTVA0_DTVB0_DAF0_DKP0_DVO0_ETSP_EPS1_ELFLR0_EMLL0_FSSC10_F16AI0_F16AIR0_FL0_GLVWA2_GL
VWB4_GR2A1_GR2B1_GRCGA1_GRCGB1_GRCVA1_GRCVB1_GRPM1_GRVW8_GSU1_GSUASB_GSUAA0_GSUSARR1_GSUWGMRR0_GLS0_ISA1201_IU1_IA0_KLA_LEL0_LBSPPA0_LBSPPB0_LPA1_LPB0_LD
L1_LR2A1_LR2B1_LRVW1_LW2A1_LW2B1_LWPMn1_LDW0_LT1_FMA_MIAV0_MTSM64_MTSM1_MDA2_MI_MO40_MVN256_MMFSC_MKFGSU256_MVN0_NR0_NTA0_NTB0_NTC0_NTD0_NEPBS0_NLCA1_NLC
B1_ONLL1_OPLV0_PBD0_PFD1_PG2_PSD0_PSLn1_PWCn1_PWLn1_PK0_PKAB0_PAP0_PAPM0_PGR1_PLR1_PKA0_RK0_SGR1_SIA1_SLW1_SS0_SU0_SUM0_SUS0_SCIU0_SCIUE0_SCIUI1_SCIUPL0_
SPO0_SRVW0_SSO0_SVW4_SK0_SKA0_SKXCCM0_SNLL0_TSGRA0_TSGRB0_TT4_8_TLDS0_UIIDU0_UMLDSA0_UMLDSB0_UMF0_U64SL1_UIOFGRO0_USFGROn1_VAW1_VSn1_VW1_VWB1_VFLRP0_WSGR
A0_WSGRB0_WS32_WG16_16_1_WGM8_WGMTB

reject: VectorWidth must be >= 4 for Int8 or 8bitFloat

reject: Int8 requires GLVWA >= 4, current is 2

reject: GlobalLoadVectorWidthB 4 must be == VectorWidth 2 or == 1
rejecting solution 
Cijk_Alik_Bjlk_I8II_BH_MT64x128x8_SN_1LDSB0_APM1_AAIGTEn1_AAILTEn1_AAV0_ABV0_ACED0_AF0EM1_AF1EM1_AMAS3_ASE_ASGT_ASLT_ASM_ASAE01_ASBE01_ASCE01_ASDE01_ASEM
1_AAC0_BL1_BS1_CUM0_CDO0_CTDA0_CLR0_DSK0_DRA0_DU8_DULD1_DTLA0_DTLB0_DTVA0_DTVB0_DAF0_DKP0_DVO0_ETSP_EPS1_ELFLR0_EMLL0_FSSC10_F16AI0_F16AIR0_FL0_GLVWA2_GL
VWB4_GR2A1_GR2B1_GRCGA1_GRCGB1_GRCVA1_GRCVB1_GRPM1_GRVW8_GSU1_GSUASB_GSUAA0_GSUSARR1_GSUWGMRR0_GLS0_ISA1201_IU1_IA0_KLA_LEL0_LBSPPA0_LBSPPB0_LPA2_LPB0_LD
L1_LR2A1_LR2B1_LRVW2_LW2A1_LW2B1_LWPMn1_LDW0_LT1_FMA_MIAV0_MTSM64_MTSM1_MDA2_MI_MO40_MVN256_MMFSC_MKFGSU256_MVN0_NR0_NTA0_NTB0_NTC0_NTD0_NEPBS0_NLCA1_NLC
B1_ONLL1_OPLV0_PBD0_PFD1_PG2_PSD0_PSLn1_PWCn1_PWLn1_PK0_PKAB0_PAP0_PAPM0_PGR1_PLR1_PKA0_RK0_SGR1_SIA1_SLW1_SS0_SU0_SUM0_SUS0_SCIU0_SCIUE0_SCIUI1_SCIUPL0_
SPO0_SRVW0_SSO0_SVW4_SK0_SKA0_SKXCCM0_SNLL0_TSGRA0_TSGRB0_TT4_8_TLDS0_UIIDU0_UMLDSA0_UMLDSB0_UMF0_U64SL1_UIOFGRO0_USFGROn1_VAW1_VSn1_VW2_VWB2_VFLRP0_WSGR
A0_WSGRB0_WS32_WG16_16_1_WGM8_WGMTB

reject: Int8 requires GLVWA >= 4, current is 2
rejecting solution 
Cijk_Alik_Bjlk_I8II_BH_MT64x128x8_SN_1LDSB0_APM1_AAIGTEn1_AAILTEn1_AAV0_ABV0_ACED0_AF0EM1_AF1EM1_AMAS3_ASE_ASGT_ASLT_ASM_ASAE01_ASBE01_ASCE01_ASDE01_ASEM
1_AAC0_BL1_BS1_CUM0_CDO0_CTDA0_CLR0_DSK0_DRA0_DU8_DULD1_DTLA0_DTLB0_DTVA0_DTVB0_DAF0_DKP0_DVO0_ETSP_EPS1_ELFLR0_EMLL0_FSSC10_F16AI0_F16AIR0_FL0_GLVWA2_GL
VWB4_GR2A1_GR2B1_GRCGA1_GRCGB1_GRCVA1_GRCVB1_GRPM1_GRVW8_GSU1_GSUASB_GSUAA0_GSUSARR1_GSUWGMRR0_GLS0_ISA1201_IU1_IA0_KLA_LEL0_LBSPPA0_LBSPPB0_LPA4_LPB0_LD
L1_LR2A1_LR2B1_LRVW4_LW2A1_LW2B1_LWPMn1_LDW0_LT1_FMA_MIAV0_MTSM64_MTSM1_MDA2_MI_MO40_MVN256_MMFSC_MKFGSU256_MVN0_NR0_NTA0_NTB0_NTC0_NTD0_NEPBS0_NLCA1_NLC
B1_ONLL1_OPLV0_PBD0_PFD1_PG2_PSD0_PSLn1_PWCn1_PWLn1_PK0_PKAB0_PAP0_PAPM0_PGR1_PLR1_PKA0_RK0_SGR1_SIA1_SLW1_SS0_SU0_SUM0_SUS0_SCIU0_SCIUE0_SCIUI1_SCIUPL0_
SPO0_SRVW0_SSO0_SVW4_SK0_SKA0_SKXCCM0_SNLL0_TSGRA0_TSGRB0_TT4_8_TLDS0_UIIDU0_UMLDSA0_UMLDSB0_UMF0_U64SL1_UIOFGRO0_USFGROn1_VAW1_VSn1_VW4_VWB4_VFLRP0_WSGR
A0_WSGRB0_WS32_WG16_16_1_WGM8_WGMTB

reject: VectorWidth must be >= 4 for Int8 or 8bitFloat

reject: Int8 requires GLVWA >= 4, current is 2

reject: GlobalLoadVectorWidthB 4 must be == VectorWidth 1 or == 1
rejecting solution 
Cijk_Alik_Bjlk_I8II_BH_MT64x128x8_SN_1LDSB0_APM1_AAIGTEn1_AAILTEn1_AAV0_ABV0_ACED0_AF0EM1_AF1EM1_AMAS0_ASE_ASGT_ASLT_ASM_ASAE01_ASBE01_ASCE01_ASDE01_ASEM
1_AAC0_BL1_BS1_CUM0_CDO0_CTDA0_CLR0_DSK0_DRA0_DU8_DULD1_DTLA0_DTLB0_DTVA0_DTVB0_DAF0_DKP0_DVO0_ETSP_EPS1_ELFLR0_EMLL0_FSSC10_F16AI0_F16AIR0_FL0_GLVWA2_GL
VWB4_GR2A1_GR2B1_GRCGA1_GRCGB1_GRCVA1_GRCVB1_GRPM1_GRVW16_GSU1_GSUASB_GSUAA0_GSUSARR1_GSUWGMRR0_GLS0_ISA1201_IU1_IA0_KLA_LEL0_LBSPPA0_LBSPPB0_LPA1_LPB0_L
DL1_LR2A1_LR2B1_LRVW1_LW2A1_LW2B1_LWPMn1_LDW0_LT1_FMA_MIAV0_MTSM64_MTSM1_MDA2_MI_MO40_MVN256_MMFSC_MKFGSU256_MVN0_NR0_NTA0_NTB0_NTC0_NTD0_NEPBS0_NLCA1_NL
CB1_ONLL1_OPLV0_PBD0_PFD1_PG2_PSD0_PSLn1_PWCn1_PWLn1_PK0_PKAB0_PAP0_PAPM0_PGR1_PLR1_PKA0_RK0_SGR1_SIA1_SLW1_SS0_SU0_SUM0_SUS0_SCIU0_SCIUE0_SCIUI1_SCIUPL0
_SPO0_SRVW0_SSO0_SVW4_SK0_SKA0_SKXCCM0_SNLL0_TSGRA0_TSGRB0_TT4_8_TLDS0_UIIDU0_UMLDSA0_UMLDSB0_UMF0_U64SL1_UIOFGRO0_USFGROn1_VAW1_VSn1_VW1_VWB1_VFLRP0_WSG
RA0_WSGRB0_WS32_WG16_16_1_WGM8_WGMTB

reject: VectorWidth must be >= 4 for Int8 or 8bitFloat

reject: Int8 requires GLVWA >= 4, current is 2

reject: GlobalLoadVectorWidthB 4 must be == VectorWidth 2 or == 1
rejecting solution 
Cijk_Alik_Bjlk_I8II_BH_MT64x128x8_SN_1LDSB0_APM1_AAIGTEn1_AAILTEn1_AAV0_ABV0_ACED0_AF0EM1_AF1EM1_AMAS3_ASE_ASGT_ASLT_ASM_ASAE01_ASBE01_ASCE01_ASDE01_ASEM
1_AAC0_BL1_BS1_CUM0_CDO0_CTDA0_CLR0_DSK0_DRA0_DU8_DULD1_DTLA0_DTLB0_DTVA0_DTVB0_DAF0_DKP0_DVO0_ETSP_EPS1_ELFLR0_EMLL0_FSSC10_F16AI0_F16AIR0_FL0_GLVWA2_GL
VWB4_GR2A1_GR2B1_GRCGA1_GRCGB1_GRCVA1_GRCVB1_GRPM1_GRVW16_GSU1_GSUASB_GSUAA0_GSUSARR1_GSUWGMRR0_GLS0_ISA1201_IU1_IA0_KLA_LEL0_LBSPPA0_LBSPPB0_LPA2_LPB0_L
DL1_LR2A1_LR2B1_LRVW2_LW2A1_LW2B1_LWPMn1_LDW0_LT1_FMA_MIAV0_MTSM64_MTSM1_MDA2_MI_MO40_MVN256_MMFSC_MKFGSU256_MVN0_NR0_NTA0_NTB0_NTC0_NTD0_NEPBS0_NLCA1_NL
CB1_ONLL1_OPLV0_PBD0_PFD1_PG2_PSD0_PSLn1_PWCn1_PWLn1_PK0_PKAB0_PAP0_PAPM0_PGR1_PLR1_PKA0_RK0_SGR1_SIA1_SLW1_SS0_SU0_SUM0_SUS0_SCIU0_SCIUE0_SCIUI1_SCIUPL0
_SPO0_SRVW0_SSO0_SVW4_SK0_SKA0_SKXCCM0_SNLL0_TSGRA0_TSGRB0_TT4_8_TLDS0_UIIDU0_UMLDSA0_UMLDSB0_UMF0_U64SL1_UIOFGRO0_USFGROn1_VAW1_VSn1_VW2_VWB2_VFLRP0_WSG
RA0_WSGRB0_WS32_WG16_16_1_WGM8_WGMTB

reject: Int8 requires GLVWA >= 4, current is 2
rejecting solution 
Cijk_Alik_Bjlk_I8II_BH_MT64x128x8_SN_1LDSB0_APM1_AAIGTEn1_AAILTEn1_AAV0_ABV0_ACED0_AF0EM1_AF1EM1_AMAS3_ASE_ASGT_ASLT_ASM_ASAE01_ASBE01_ASCE01_ASDE01_ASEM
1_AAC0_BL1_BS1_CUM0_CDO0_CTDA0_CLR0_DSK0_DRA0_DU8_DULD1_DTLA0_DTLB0_DTVA0_DTVB0_DAF0_DKP0_DVO0_ETSP_EPS1_ELFLR0_EMLL0_FSSC10_F16AI0_F16AIR0_FL0_GLVWA2_GL
VWB4_GR2A1_GR2B1_GRCGA1_GRCGB1_GRCVA1_GRCVB1_GRPM1_GRVW16_GSU1_GSUASB_GSUAA0_GSUSARR1_GSUWGMRR0_GLS0_ISA1201_IU1_IA0_KLA_LEL0_LBSPPA0_LBSPPB0_LPA4_LPB0_L
DL1_LR2A1_LR2B1_LRVW4_LW2A1_LW2B1_LWPMn1_LDW0_LT1_FMA_MIAV0_MTSM64_MTSM1_MDA2_MI_MO40_MVN256_MMFSC_MKFGSU256_MVN0_NR0_NTA0_NTB0_NTC0_NTD0_NEPBS0_NLCA1_NL
CB1_ONLL1_OPLV0_PBD0_PFD1_PG2_PSD0_PSLn1_PWCn1_PWLn1_PK0_PKAB0_PAP0_PAPM0_PGR1_PLR1_PKA0_RK0_SGR1_SIA1_SLW1_SS0_SU0_SUM0_SUS0_SCIU0_SCIUE0_SCIUI1_SCIUPL0
_SPO0_SRVW0_SSO0_SVW4_SK0_SKA0_SKXCCM0_SNLL0_TSGRA0_TSGRB0_TT4_8_TLDS0_UIIDU0_UMLDSA0_UMLDSB0_UMF0_U64SL1_UIOFGRO0_USFGROn1_VAW1_VSn1_VW4_VWB4_VFLRP0_WSG
RA0_WSGRB0_WS32_WG16_16_1_WGM8_WGMTB

reject: VectorWidth must be >= 4 for Int8 or 8bitFloat

reject: Int8 requires GLVWA >= 4, current is 2

reject: GlobalLoadVectorWidthB 4 must be == VectorWidth 1 or == 1
rejecting solution 
Cijk_Alik_Bjlk_I8II_BH_MT64x128x8_SN_1LDSB0_APM1_AAIGTEn1_AAILTEn1_AAV0_ABV0_ACED0_AF0EM1_AF1EM1_AMAS0_ASE_ASGT_ASLT_ASM_ASAE01_ASBE01_ASCE01_ASDE01_ASEM
1_AAC0_BL1_BS1_CUM0_CDO0_CTDA0_CLR0_DSK0_DRA0_DU8_DULD1_DTLA0_DTLB0_DTVA0_DTVB0_DAF0_DKP0_DVO0_ETSP_EPS1_ELFLR0_EMLL0_FSSC10_F16AI0_F16AIR0_FL0_GLVWA2_GL
VWB4_GR2A1_GR2B1_GRCGA1_GRCGB1_GRCVA1_GRCVB1_GRPM1_GRVW4_GSU1_GSUASB_GSUAA0_GSUSARR1_GSUWGMRR0_GLS0_ISA1201_IU1_IA0_KLA_LEL0_LBSPPA0_LBSPPB0_LPA1_LPB0_LD
L1_LR2A1_LR2B1_LRVW1_LW2A1_LW2B1_LWPMn1_LDW0_LT1_FMA_MIAV0_MTSM64_MTSM1_MDA2_MI_MO40_MVN256_MMFSC_MKFGSU256_MVN0_NR0_NTA0_NTB0_NTC0_NTD0_NEPBS0_NLCA1_NLC
B1_ONLL1_OPLV0_PBD0_PFD1_PG2_PSD0_PSLn1_PWCn1_PWLn1_PK0_PKAB0_PAP0_PAPM0_PGR1_PLR1_PKA0_RK0_SGR1_SIA1_SLW1_SS0_SU32_SUM0_SUS256_SCIU0_SCIUE0_SCIUI1_SCIUP
L0_SPO0_SRVW0_SSO0_SVW4_SK0_SKA0_SKXCCM0_SNLL0_TSGRA0_TSGRB0_TT4_8_TLDS0_UIIDU0_UMLDSA0_UMLDSB0_UMF0_U64SL1_UIOFGRO0_USFGROn1_VAW1_VSn1_VW1_VWB1_VFLRP0_W
SGRA0_WSGRB0_WS32_WG16_16_1_WGM8_WGMTB

reject: VectorWidth must be >= 4 for Int8 or 8bitFloat

reject: Int8 requires GLVWA >= 4, current is 2

reject: GlobalLoadVectorWidthB 4 must be == VectorWidth 2 or == 1
rejecting solution 
Cijk_Alik_Bjlk_I8II_BH_MT64x128x8_SN_1LDSB0_APM1_AAIGTEn1_AAILTEn1_AAV0_ABV0_ACED0_AF0EM1_AF1EM1_AMAS3_ASE_ASGT_ASLT_ASM_ASAE01_ASBE01_ASCE01_ASDE01_ASEM
1_AAC0_BL1_BS1_CUM0_CDO0_CTDA0_CLR0_DSK0_DRA0_DU8_DULD1_DTLA0_DTLB0_DTVA0_DTVB0_DAF0_DKP0_DVO0_ETSP_EPS1_ELFLR0_EMLL0_FSSC10_F16AI0_F16AIR0_FL0_GLVWA2_GL
VWB4_GR2A1_GR2B1_GRCGA1_GRCGB1_GRCVA1_GRCVB1_GRPM1_GRVW4_GSU1_GSUASB_GSUAA0_GSUSARR1_GSUWGMRR0_GLS0_ISA1201_IU1_IA0_KLA_LEL0_LBSPPA0_LBSPPB0_LPA2_LPB0_LD
L1_LR2A1_LR2B1_LRVW2_LW2A1_LW2B1_LWPMn1_LDW0_LT1_FMA_MIAV0_MTSM64_MTSM1_MDA2_MI_MO40_MVN256_MMFSC_MKFGSU256_MVN0_NR0_NTA0_NTB0_NTC0_NTD0_NEPBS0_NLCA1_NLC
B1_ONLL1_OPLV0_PBD0_PFD1_PG2_PSD0_PSLn1_PWCn1_PWLn1_PK0_PKAB0_PAP0_PAPM0_PGR1_PLR1_PKA0_RK0_SGR1_SIA1_SLW1_SS0_SU32_SUM0_SUS256_SCIU0_SCIUE0_SCIUI1_SCIUP
L0_SPO0_SRVW0_SSO0_SVW4_SK0_SKA0_SKXCCM0_SNLL0_TSGRA0_TSGRB0_TT4_8_TLDS0_UIIDU0_UMLDSA0_UMLDSB0_UMF0_U64SL1_UIOFGRO0_USFGROn1_VAW1_VSn1_VW2_VWB2_VFLRP0_W
SGRA0_WSGRB0_WS32_WG16_16_1_WGM8_WGMTB

reject: Int8 requires GLVWA >= 4, current is 2
rejecting solution 
Cijk_Alik_Bjlk_I8II_BH_MT64x128x8_SN_1LDSB0_APM1_AAIGTEn1_AAILTEn1_AAV0_ABV0_ACED0_AF0EM1_AF1EM1_AMAS3_ASE_ASGT_ASLT_ASM_ASAE01_ASBE01_ASCE01_ASDE01_ASEM
1_AAC0_BL1_BS1_CUM0_CDO0_CTDA0_CLR0_DSK0_DRA0_DU8_DULD1_DTLA0_DTLB0_DTVA0_DTVB0_DAF0_DKP0_DVO0_ETSP_EPS1_ELFLR0_EMLL0_FSSC10_F16AI0_F16AIR0_FL0_GLVWA2_GL
VWB4_GR2A1_GR2B1_GRCGA1_GRCGB1_GRCVA1_GRCVB1_GRPM1_GRVW4_GSU1_GSUASB_GSUAA0_GSUSARR1_GSUWGMRR0_GLS0_ISA1201_IU1_IA0_KLA_LEL0_LBSPPA0_LBSPPB0_LPA4_LPB0_LD
L1_LR2A1_LR2B1_LRVW4_LW2A1_LW2B1_LWPMn1_LDW0_LT1_FMA_MIAV0_MTSM64_MTSM1_MDA2_MI_MO40_MVN256_MMFSC_MKFGSU256_MVN0_NR0_NTA0_NTB0_NTC0_NTD0_NEPBS0_NLCA1_NLC
B1_ONLL1_OPLV0_PBD0_PFD1_PG2_PSD0_PSLn1_PWCn1_PWLn1_PK0_PKAB0_PAP0_PAPM0_PGR1_PLR1_PKA0_RK0_SGR1_SIA1_SLW1_SS0_SU32_SUM0_SUS256_SCIU0_SCIUE0_SCIUI1_SCIUP
L0_SPO0_SRVW0_SSO0_SVW4_SK0_SKA0_SKXCCM0_SNLL0_TSGRA0_TSGRB0_TT4_8_TLDS0_UIIDU0_UMLDSA0_UMLDSB0_UMF0_U64SL1_UIOFGRO0_USFGROn1_VAW1_VSn1_VW4_VWB4_VFLRP0_W
SGRA0_WSGRB0_WS32_WG16_16_1_WGM8_WGMTB

reject: VectorWidth must be >= 4 for Int8 or 8bitFloat

reject: Int8 requires GLVWA >= 4, current is 2

reject: GlobalLoadVectorWidthB 4 must be == VectorWidth 1 or == 1
rejecting solution 
Cijk_Alik_Bjlk_I8II_BH_MT64x128x8_SN_1LDSB0_APM1_AAIGTEn1_AAILTEn1_AAV0_ABV0_ACED0_AF0EM1_AF1EM1_AMAS0_ASE_ASGT_ASLT_ASM_ASAE01_ASBE01_ASCE01_ASDE01_ASEM
1_AAC0_BL1_BS1_CUM0_CDO0_CTDA0_CLR0_DSK0_DRA0_DU8_DULD1_DTLA0_DTLB0_DTVA0_DTVB0_DAF0_DKP0_DVO0_ETSP_EPS1_ELFLR0_EMLL0_FSSC10_F16AI0_F16AIR0_FL0_GLVWA2_GL
VWB4_GR2A1_GR2B1_GRCGA1_GRCGB1_GRCVA1_GRCVB1_GRPM1_GRVW8_GSU1_GSUASB_GSUAA0_GSUSARR1_GSUWGMRR0_GLS0_ISA1201_IU1_IA0_KLA_LEL0_LBSPPA0_LBSPPB0_LPA1_LPB0_LD
L1_LR2A1_LR2B1_LRVW1_LW2A1_LW2B1_LWPMn1_LDW0_LT1_FMA_MIAV0_MTSM64_MTSM1_MDA2_MI_MO40_MVN256_MMFSC_MKFGSU256_MVN0_NR0_NTA0_NTB0_NTC0_NTD0_NEPBS0_NLCA1_NLC
B1_ONLL1_OPLV0_PBD0_PFD1_PG2_PSD0_PSLn1_PWCn1_PWLn1_PK0_PKAB0_PAP0_PAPM0_PGR1_PLR1_PKA0_RK0_SGR1_SIA1_SLW1_SS0_SU32_SUM0_SUS256_SCIU0_SCIUE0_SCIUI1_SCIUP
L0_SPO0_SRVW0_SSO0_SVW4_SK0_SKA0_SKXCCM0_SNLL0_TSGRA0_TSGRB0_TT4_8_TLDS0_UIIDU0_UMLDSA0_UMLDSB0_UMF0_U64SL1_UIOFGRO0_USFGROn1_VAW1_VSn1_VW1_VWB1_VFLRP0_W
SGRA0_WSGRB0_WS32_WG16_16_1_WGM8_WGMTB

reject: VectorWidth must be >= 4 for Int8 or 8bitFloat

reject: Int8 requires GLVWA >= 4, current is 2

reject: GlobalLoadVectorWidthB 4 must be == VectorWidth 2 or == 1
rejecting solution 
Cijk_Alik_Bjlk_I8II_BH_MT64x128x8_SN_1LDSB0_APM1_AAIGTEn1_AAILTEn1_AAV0_ABV0_ACED0_AF0EM1_AF1EM1_AMAS3_ASE_ASGT_ASLT_ASM_ASAE01_ASBE01_ASCE01_ASDE01_ASEM
1_AAC0_BL1_BS1_CUM0_CDO0_CTDA0_CLR0_DSK0_DRA0_DU8_DULD1_DTLA0_DTLB0_DTVA0_DTVB0_DAF0_DKP0_DVO0_ETSP_EPS1_ELFLR0_EMLL0_FSSC10_F16AI0_F16AIR0_FL0_GLVWA2_GL
VWB4_GR2A1_GR2B1_GRCGA1_GRCGB1_GRCVA1_GRCVB1_GRPM1_GRVW8_GSU1_GSUASB_GSUAA0_GSUSARR1_GSUWGMRR0_GLS0_ISA1201_IU1_IA0_KLA_LEL0_LBSPPA0_LBSPPB0_LPA2_LPB0_LD
L1_LR2A1_LR2B1_LRVW2_LW2A1_LW2B1_LWPMn1_LDW0_LT1_FMA_MIAV0_MTSM64_MTSM1_MDA2_MI_MO40_MVN256_MMFSC_MKFGSU256_MVN0_NR0_NTA0_NTB0_NTC0_NTD0_NEPBS0_NLCA1_NLC
B1_ONLL1_OPLV0_PBD0_PFD1_PG2_PSD0_PSLn1_PWCn1_PWLn1_PK0_PKAB0_PAP0_PAPM0_PGR1_PLR1_PKA0_RK0_SGR1_SIA1_SLW1_SS0_SU32_SUM0_SUS256_SCIU0_SCIUE0_SCIUI1_SCIUP
L0_SPO0_SRVW0_SSO0_SVW4_SK0_SKA0_SKXCCM0_SNLL0_TSGRA0_TSGRB0_TT4_8_TLDS0_UIIDU0_UMLDSA0_UMLDSB0_UMF0_U64SL1_UIOFGRO0_USFGROn1_VAW1_VSn1_VW2_VWB2_VFLRP0_W
SGRA0_WSGRB0_WS32_WG16_16_1_WGM8_WGMTB

reject: Int8 requires GLVWA >= 4, current is 2
rejecting solution 
Cijk_Alik_Bjlk_I8II_BH_MT64x128x8_SN_1LDSB0_APM1_AAIGTEn1_AAILTEn1_AAV0_ABV0_ACED0_AF0EM1_AF1EM1_AMAS3_ASE_ASGT_ASLT_ASM_ASAE01_ASBE01_ASCE01_ASDE01_ASEM
1_AAC0_BL1_BS1_CUM0_CDO0_CTDA0_CLR0_DSK0_DRA0_DU8_DULD1_DTLA0_DTLB0_DTVA0_DTVB0_DAF0_DKP0_DVO0_ETSP_EPS1_ELFLR0_EMLL0_FSSC10_F16AI0_F16AIR0_FL0_GLVWA2_GL
VWB4_GR2A1_GR2B1_GRCGA1_GRCGB1_GRCVA1_GRCVB1_GRPM1_GRVW8_GSU1_GSUASB_GSUAA0_GSUSARR1_GSUWGMRR0_GLS0_ISA1201_IU1_IA0_KLA_LEL0_LBSPPA0_LBSPPB0_LPA4_LPB0_LD
L1_LR2A1_LR2B1_LRVW4_LW2A1_LW2B1_LWPMn1_LDW0_LT1_FMA_MIAV0_MTSM64_MTSM1_MDA2_MI_MO40_MVN256_MMFSC_MKFGSU256_MVN0_NR0_NTA0_NTB0_NTC0_NTD0_NEPBS0_NLCA1_NLC
B1_ONLL1_OPLV0_PBD0_PFD1_PG2_PSD0_PSLn1_PWCn1_PWLn1_PK0_PKAB0_PAP0_PAPM0_PGR1_PLR1_PKA0_RK0_SGR1_SIA1_SLW1_SS0_SU32_SUM0_SUS256_SCIU0_SCIUE0_SCIUI1_SCIUP
L0_SPO0_SRVW0_SSO0_SVW4_SK0_SKA0_SKXCCM0_SNLL0_TSGRA0_TSGRB0_TT4_8_TLDS0_UIIDU0_UMLDSA0_UMLDSB0_UMF0_U64SL1_UIOFGRO0_USFGROn1_VAW1_VSn1_VW4_VWB4_VFLRP0_W
SGRA0_WSGRB0_WS32_WG16_16_1_WGM8_WGMTB

reject: VectorWidth must be >= 4 for Int8 or 8bitFloat

reject: Int8 requires GLVWA >= 4, current is 2

reject: GlobalLoadVectorWidthB 4 must be == VectorWidth 1 or == 1
rejecting solution 
Cijk_Alik_Bjlk_I8II_BH_MT64x128x8_SN_1LDSB0_APM1_AAIGTEn1_AAILTEn1_AAV0_ABV0_ACED0_AF0EM1_AF1EM1_AMAS0_ASE_ASGT_ASLT_ASM_ASAE01_ASBE01_ASCE01_ASDE01_ASEM
1_AAC0_BL1_BS1_CUM0_CDO0_CTDA0_CLR0_DSK0_DRA0_DU8_DULD1_DTLA0_DTLB0_DTVA0_DTVB0_DAF0_DKP0_DVO0_ETSP_EPS1_ELFLR0_EMLL0_FSSC10_F16AI0_F16AIR0_FL0_GLVWA2_GL
VWB4_GR2A1_GR2B1_GRCGA1_GRCGB1_GRCVA1_GRCVB1_GRPM1_GRVW16_GSU1_GSUASB_GSUAA0_GSUSARR1_GSUWGMRR0_GLS0_ISA1201_IU1_IA0_KLA_LEL0_LBSPPA0_LBSPPB0_LPA1_LPB0_L
DL1_LR2A1_LR2B1_LRVW1_LW2A1_LW2B1_LWPMn1_LDW0_LT1_FMA_MIAV0_MTSM64_MTSM1_MDA2_MI_MO40_MVN256_MMFSC_MKFGSU256_MVN0_NR0_NTA0_NTB0_NTC0_NTD0_NEPBS0_NLCA1_NL
CB1_ONLL1_OPLV0_PBD0_PFD1_PG2_PSD0_PSLn1_PWCn1_PWLn1_PK0_PKAB0_PAP0_PAPM0_PGR1_PLR1_PKA0_RK0_SGR1_SIA1_SLW1_SS0_SU32_SUM0_SUS256_SCIU0_SCIUE0_SCIUI1_SCIU
PL0_SPO0_SRVW0_SSO0_SVW4_SK0_SKA0_SKXCCM0_SNLL0_TSGRA0_TSGRB0_TT4_8_TLDS0_UIIDU0_UMLDSA0_UMLDSB0_UMF0_U64SL1_UIOFGRO0_USFGROn1_VAW1_VSn1_VW1_VWB1_VFLRP0_
WSGRA0_WSGRB0_WS32_WG16_16_1_WGM8_WGMTB

reject: VectorWidth must be >= 4 for Int8 or 8bitFloat

reject: Int8 requires GLVWA >= 4, current is 2

reject: GlobalLoadVectorWidthB 4 must be == VectorWidth 2 or == 1
rejecting solution 
Cijk_Alik_Bjlk_I8II_BH_MT64x128x8_SN_1LDSB0_APM1_AAIGTEn1_AAILTEn1_AAV0_ABV0_ACED0_AF0EM1_AF1EM1_AMAS3_ASE_ASGT_ASLT_ASM_ASAE01_ASBE01_ASCE01_ASDE01_ASEM
1_AAC0_BL1_BS1_CUM0_CDO0_CTDA0_CLR0_DSK0_DRA0_DU8_DULD1_DTLA0_DTLB0_DTVA0_DTVB0_DAF0_DKP0_DVO0_ETSP_EPS1_ELFLR0_EMLL0_FSSC10_F16AI0_F16AIR0_FL0_GLVWA2_GL
VWB4_GR2A1_GR2B1_GRCGA1_GRCGB1_GRCVA1_GRCVB1_GRPM1_GRVW16_GSU1_GSUASB_GSUAA0_GSUSARR1_GSUWGMRR0_GLS0_ISA1201_IU1_IA0_KLA_LEL0_LBSPPA0_LBSPPB0_LPA2_LPB0_L
DL1_LR2A1_LR2B1_LRVW2_LW2A1_LW2B1_LWPMn1_LDW0_LT1_FMA_MIAV0_MTSM64_MTSM1_MDA2_MI_MO40_MVN256_MMFSC_MKFGSU256_MVN0_NR0_NTA0_NTB0_NTC0_NTD0_NEPBS0_NLCA1_NL
CB1_ONLL1_OPLV0_PBD0_PFD1_PG2_PSD0_PSLn1_PWCn1_PWLn1_PK0_PKAB0_PAP0_PAPM0_PGR1_PLR1_PKA0_RK0_SGR1_SIA1_SLW1_SS0_SU32_SUM0_SUS256_SCIU0_SCIUE0_SCIUI1_SCIU
PL0_SPO0_SRVW0_SSO0_SVW4_SK0_SKA0_SKXCCM0_SNLL0_TSGRA0_TSGRB0_TT4_8_TLDS0_UIIDU0_UMLDSA0_UMLDSB0_UMF0_U64SL1_UIOFGRO0_USFGROn1_VAW1_VSn1_VW2_VWB2_VFLRP0_
WSGRA0_WSGRB0_WS32_WG16_16_1_WGM8_WGMTB

reject: Int8 requires GLVWA >= 4, current is 2
rejecting solution 
Cijk_Alik_Bjlk_I8II_BH_MT64x128x8_SN_1LDSB0_APM1_AAIGTEn1_AAILTEn1_AAV0_ABV0_ACED0_AF0EM1_AF1EM1_AMAS3_ASE_ASGT_ASLT_ASM_ASAE01_ASBE01_ASCE01_ASDE01_ASEM
1_AAC0_BL1_BS1_CUM0_CDO0_CTDA0_CLR0_DSK0_DRA0_DU8_DULD1_DTLA0_DTLB0_DTVA0_DTVB0_DAF0_DKP0_DVO0_ETSP_EPS1_ELFLR0_EMLL0_FSSC10_F16AI0_F16AIR0_FL0_GLVWA2_GL
VWB4_GR2A1_GR2B1_GRCGA1_GRCGB1_GRCVA1_GRCVB1_GRPM1_GRVW16_GSU1_GSUASB_GSUAA0_GSUSARR1_GSUWGMRR0_GLS0_ISA1201_IU1_IA0_KLA_LEL0_LBSPPA0_LBSPPB0_LPA4_LPB0_L
DL1_LR2A1_LR2B1_LRVW4_LW2A1_LW2B1_LWPMn1_LDW0_LT1_FMA_MIAV0_MTSM64_MTSM1_MDA2_MI_MO40_MVN256_MMFSC_MKFGSU256_MVN0_NR0_NTA0_NTB0_NTC0_NTD0_NEPBS0_NLCA1_NL
CB1_ONLL1_OPLV0_PBD0_PFD1_PG2_PSD0_PSLn1_PWCn1_PWLn1_PK0_PKAB0_PAP0_PAPM0_PGR1_PLR1_PKA0_RK0_SGR1_SIA1_SLW1_SS0_SU32_SUM0_SUS256_SCIU0_SCIUE0_SCIUI1_SCIU
PL0_SPO0_SRVW0_SSO0_SVW4_SK0_SKA0_SKXCCM0_SNLL0_TSGRA0_TSGRB0_TT4_8_TLDS0_UIIDU0_UMLDSA0_UMLDSB0_UMF0_U64SL1_UIOFGRO0_USFGROn1_VAW1_VSn1_VW4_VWB4_VFLRP0_
WSGRA0_WSGRB0_WS32_WG16_16_1_WGM8_WGMTB

reject: VectorWidth must be >= 4 for Int8 or 8bitFloat

reject: Int8 requires GLVWA >= 4, current is 2

reject: Int8 requires GLVWB >= 4, current is 2

reject: GlobalLoadVectorWidthB 2 must be == VectorWidth 1 or == 1
rejecting solution 
Cijk_Alik_Bjlk_I8II_BH_MT32x32x16_SN_1LDSB0_APM1_AAIGTEn1_AAILTEn1_AAV0_ABV0_ACED0_AF0EM1_AF1EM1_AMAS0_ASE_ASGT_ASLT_ASM_ASAE01_ASBE01_ASCE01_ASDE01_ASEM
1_AAC0_BL1_BS1_CUM0_CDO0_CTDA0_CLR0_DSK0_DRA0_DU16_DULD1_DTLA0_DTLB0_DTVA0_DTVB0_DAF0_DKP0_DVO0_ETSP_EPS1_ELFLR0_EMLL0_FSSC10_F16AI0_F16AIR0_FL0_GLVWA2_G
LVWB2_GR2A1_GR2B1_GRCGA1_GRCGB1_GRCVA1_GRCVB1_GRPM1_GRVW4_GSU1_GSUASB_GSUAA0_GSUSARR1_GSUWGMRR0_GLS0_ISA1201_IU1_IA0_KLA_LEL0_LBSPPA0_LBSPPB0_LPA1_LPB0_L
DL1_LR2A1_LR2B1_LRVW1_LW2A1_LW2B1_LWPMn1_LDW0_LT1_FMA_MIAV0_MTSM64_MTSM1_MDA2_MI_MO40_MVN256_MMFSC_MKFGSU256_MVN0_NR0_NTA0_NTB0_NTC0_NTD0_NEPBS0_NLCA1_NL
CB1_ONLL1_OPLV0_PBD0_PFD1_PG2_PSD0_PSLn1_PWCn1_PWLn1_PK0_PKAB0_PAP0_PAPM0_PGR1_PLR1_PKA0_RK0_SGR1_SIA1_SLW1_SS0_SU0_SUM0_SUS0_SCIU0_SCIUE0_SCIUI1_SCIUPL0
_SPO0_SRVW0_SSO0_SVW4_SK0_SKA0_SKXCCM0_SNLL0_TSGRA0_TSGRB0_TT2_2_TLDS0_UIIDU0_UMLDSA0_UMLDSB0_UMF0_U64SL1_UIOFGRO0_USFGROn1_VAW1_VSn1_VW1_VWB1_VFLRP0_WSG
RA0_WSGRB0_WS32_WG16_16_1_WGM8_WGMTB

reject: VectorWidth must be >= 4 for Int8 or 8bitFloat

reject: Int8 requires GLVWA >= 4, current is 2

reject: Int8 requires GLVWB >= 4, current is 2
rejecting solution 
Cijk_Alik_Bjlk_I8II_BH_MT32x32x16_SN_1LDSB0_APM1_AAIGTEn1_AAILTEn1_AAV0_ABV0_ACED0_AF0EM1_AF1EM1_AMAS3_ASE_ASGT_ASLT_ASM_ASAE01_ASBE01_ASCE01_ASDE01_ASEM
1_AAC0_BL1_BS1_CUM0_CDO0_CTDA0_CLR0_DSK0_DRA0_DU16_DULD1_DTLA0_DTLB0_DTVA0_DTVB0_DAF0_DKP0_DVO0_ETSP_EPS1_ELFLR0_EMLL0_FSSC10_F16AI0_F16AIR0_FL0_GLVWA2_G
LVWB2_GR2A1_GR2B1_GRCGA1_GRCGB1_GRCVA1_GRCVB1_GRPM1_GRVW4_GSU1_GSUASB_GSUAA0_GSUSARR1_GSUWGMRR0_GLS0_ISA1201_IU1_IA0_KLA_LEL0_LBSPPA0_LBSPPB0_LPA2_LPB0_L
DL1_LR2A1_LR2B1_LRVW2_LW2A1_LW2B1_LWPMn1_LDW0_LT1_FMA_MIAV0_MTSM64_MTSM1_MDA2_MI_MO40_MVN256_MMFSC_MKFGSU256_MVN0_NR0_NTA0_NTB0_NTC0_NTD0_NEPBS0_NLCA1_NL
CB1_ONLL1_OPLV0_PBD0_PFD1_PG2_PSD0_PSLn1_PWCn1_PWLn1_PK0_PKAB0_PAP0_PAPM0_PGR1_PLR1_PKA0_RK0_SGR1_SIA1_SLW1_SS0_SU0_SUM0_SUS0_SCIU0_SCIUE0_SCIUI1_SCIUPL0
_SPO0_SRVW0_SSO0_SVW4_SK0_SKA0_SKXCCM0_SNLL0_TSGRA0_TSGRB0_TT2_2_TLDS0_UIIDU0_UMLDSA0_UMLDSB0_UMF0_U64SL1_UIOFGRO0_USFGROn1_VAW1_VSn1_VW2_VWB2_VFLRP0_WSG
RA0_WSGRB0_WS32_WG16_16_1_WGM8_WGMTB

reject: ThreadTile0 2 or ThreadTile1 2 not a multiple of VectorWidth 4
rejecting solution 
Cijk_Alik_Bjlk_I8II_BH_MT32x32x16_SN_1LDSB0_APM1_AAIGTEn1_AAILTEn1_AAV0_ABV0_ACED0_AF0EM1_AF1EM1_AMASn1_ASE_ASGT_ASLT_ASM_ASAE01_ASBE01_ASCE01_ASDE01_ASE
M1_AAC0_BL1_BS1_CUM0_CDO0_CTDA0_CLR0_DSK0_DRA0_DU16_DULD1_DTLA0_DTLB0_DTVA0_DTVB0_DAF0_DKP0_DVO0_ETSP_EPS1_ELFLR0_EMLL0_FSSC10_F16AI0_F16AIR0_FL0_GLVWA4_
GLVWB4_GR2A1_GR2B1_GRCGA1_GRCGB1_GRCVA1_GRCVB1_GRPM1_GRVW4_GSU1_GSUASB_GSUAA0_GSUSARR1_GSUWGMRR0_GLS0_ISA1201_IU1_IA0_KLA_LEL0_LBSPPAn1_LBSPPBn1_LPAn1_LP
Bn1_LDL1_LR2A1_LR2B1_LRVWn1_LW2A1_LW2B1_LWPMn1_LDW0_LT1_FMA_MIAV0_MTSM64_MTSM1_MDA2_MI_MO40_MVN256_MMFSC_MKFGSU256_MVN0_NR0_NTA0_NTB0_NTC0_NTD0_NEPBS0_NL
CA1_NLCB1_ONLL1_OPLV0_PBD0_PFD1_PG2_PSD0_PSLn1_PWCn1_PWLn1_PK0_PKAB0_PAP0_PAPM0_PGR1_PLR1_PKA0_RK0_SGR1_SIA1_SLW1_SS0_SU0_SUM0_SUS0_SCIU0_SCIUE0_SCIUI1_S
CIUPL0_SPO0_SRVW0_SSO0_SVWn1_SK0_SKA0_SKXCCM0_SNLL0_TSGRA0_TSGRB0_TT2_2_TLDS0_UIIDU0_UMLDSA0_UMLDSB0_UMF0_U64SL1_UIOFGRO0_USFGROn1_VAWn1_VSn1_VW4_VWBn1_V
FLRP0_WSGRA0_WSGRB0_WS32_WG16_16_1_WGM8_WGMTB

reject: VectorWidth must be >= 4 for Int8 or 8bitFloat

reject: Int8 requires GLVWA >= 4, current is 2

reject: Int8 requires GLVWB >= 4, current is 2

reject: GlobalLoadVectorWidthB 2 must be == VectorWidth 1 or == 1
rejecting solution 
Cijk_Alik_Bjlk_I8II_BH_MT32x32x16_SN_1LDSB0_APM1_AAIGTEn1_AAILTEn1_AAV0_ABV0_ACED0_AF0EM1_AF1EM1_AMAS0_ASE_ASGT_ASLT_ASM_ASAE01_ASBE01_ASCE01_ASDE01_ASEM
1_AAC0_BL1_BS1_CUM0_CDO0_CTDA0_CLR0_DSK0_DRA0_DU16_DULD1_DTLA0_DTLB0_DTVA0_DTVB0_DAF0_DKP0_DVO0_ETSP_EPS1_ELFLR0_EMLL0_FSSC10_F16AI0_F16AIR0_FL0_GLVWA2_G
LVWB2_GR2A1_GR2B1_GRCGA1_GRCGB1_GRCVA1_GRCVB1_GRPM1_GRVW8_GSU1_GSUASB_GSUAA0_GSUSARR1_GSUWGMRR0_GLS0_ISA1201_IU1_IA0_KLA_LEL0_LBSPPA0_LBSPPB0_LPA1_LPB0_L
DL1_LR2A1_LR2B1_LRVW1_LW2A1_LW2B1_LWPMn1_LDW0_LT1_FMA_MIAV0_MTSM64_MTSM1_MDA2_MI_MO40_MVN256_MMFSC_MKFGSU256_MVN0_NR0_NTA0_NTB0_NTC0_NTD0_NEPBS0_NLCA1_NL
CB1_ONLL1_OPLV0_PBD0_PFD1_PG2_PSD0_PSLn1_PWCn1_PWLn1_PK0_PKAB0_PAP0_PAPM0_PGR1_PLR1_PKA0_RK0_SGR1_SIA1_SLW1_SS0_SU0_SUM0_SUS0_SCIU0_SCIUE0_SCIUI1_SCIUPL0
_SPO0_SRVW0_SSO0_SVW4_SK0_SKA0_SKXCCM0_SNLL0_TSGRA0_TSGRB0_TT2_2_TLDS0_UIIDU0_UMLDSA0_UMLDSB0_UMF0_U64SL1_UIOFGRO0_USFGROn1_VAW1_VSn1_VW1_VWB1_VFLRP0_WSG
RA0_WSGRB0_WS32_WG16_16_1_WGM8_WGMTB

reject: VectorWidth must be >= 4 for Int8 or 8bitFloat

reject: Int8 requires GLVWA >= 4, current is 2

reject: Int8 requires GLVWB >= 4, current is 2
rejecting solution 
Cijk_Alik_Bjlk_I8II_BH_MT32x32x16_SN_1LDSB0_APM1_AAIGTEn1_AAILTEn1_AAV0_ABV0_ACED0_AF0EM1_AF1EM1_AMAS3_ASE_ASGT_ASLT_ASM_ASAE01_ASBE01_ASCE01_ASDE01_ASEM
1_AAC0_BL1_BS1_CUM0_CDO0_CTDA0_CLR0_DSK0_DRA0_DU16_DULD1_DTLA0_DTLB0_DTVA0_DTVB0_DAF0_DKP0_DVO0_ETSP_EPS1_ELFLR0_EMLL0_FSSC10_F16AI0_F16AIR0_FL0_GLVWA2_G
LVWB2_GR2A1_GR2B1_GRCGA1_GRCGB1_GRCVA1_GRCVB1_GRPM1_GRVW8_GSU1_GSUASB_GSUAA0_GSUSARR1_GSUWGMRR0_GLS0_ISA1201_IU1_IA0_KLA_LEL0_LBSPPA0_LBSPPB0_LPA2_LPB0_L
DL1_LR2A1_LR2B1_LRVW2_LW2A1_LW2B1_LWPMn1_LDW0_LT1_FMA_MIAV0_MTSM64_MTSM1_MDA2_MI_MO40_MVN256_MMFSC_MKFGSU256_MVN0_NR0_NTA0_NTB0_NTC0_NTD0_NEPBS0_NLCA1_NL
CB1_ONLL1_OPLV0_PBD0_PFD1_PG2_PSD0_PSLn1_PWCn1_PWLn1_PK0_PKAB0_PAP0_PAPM0_PGR1_PLR1_PKA0_RK0_SGR1_SIA1_SLW1_SS0_SU0_SUM0_SUS0_SCIU0_SCIUE0_SCIUI1_SCIUPL0
_SPO0_SRVW0_SSO0_SVW4_SK0_SKA0_SKXCCM0_SNLL0_TSGRA0_TSGRB0_TT2_2_TLDS0_UIIDU0_UMLDSA0_UMLDSB0_UMF0_U64SL1_UIOFGRO0_USFGROn1_VAW1_VSn1_VW2_VWB2_VFLRP0_WSG
RA0_WSGRB0_WS32_WG16_16_1_WGM8_WGMTB

reject: ThreadTile0 2 or ThreadTile1 2 not a multiple of VectorWidth 4
rejecting solution 
Cijk_Alik_Bjlk_I8II_BH_MT32x32x16_SN_1LDSB0_APM1_AAIGTEn1_AAILTEn1_AAV0_ABV0_ACED0_AF0EM1_AF1EM1_AMASn1_ASE_ASGT_ASLT_ASM_ASAE01_ASBE01_ASCE01_ASDE01_ASE
M1_AAC0_BL1_BS1_CUM0_CDO0_CTDA0_CLR0_DSK0_DRA0_DU16_DULD1_DTLA0_DTLB0_DTVA0_DTVB0_DAF0_DKP0_DVO0_ETSP_EPS1_ELFLR0_EMLL0_FSSC10_F16AI0_F16AIR0_FL0_GLVWA8_
GLVWB8_GR2A1_GR2B1_GRCGA1_GRCGB1_GRCVA1_GRCVB1_GRPM1_GRVW8_GSU1_GSUASB_GSUAA0_GSUSARR1_GSUWGMRR0_GLS0_ISA1201_IU1_IA0_KLA_LEL0_LBSPPAn1_LBSPPBn1_LPAn1_LP
Bn1_LDL1_LR2A1_LR2B1_LRVWn1_LW2A1_LW2B1_LWPMn1_LDW0_LT1_FMA_MIAV0_MTSM64_MTSM1_MDA2_MI_MO40_MVN256_MMFSC_MKFGSU256_MVN0_NR0_NTA0_NTB0_NTC0_NTD0_NEPBS0_NL
CA1_NLCB1_ONLL1_OPLV0_PBD0_PFD1_PG2_PSD0_PSLn1_PWCn1_PWLn1_PK0_PKAB0_PAP0_PAPM0_PGR1_PLR1_PKA0_RK0_SGR1_SIA1_SLW1_SS0_SU0_SUM0_SUS0_SCIU0_SCIUE0_SCIUI1_S
CIUPL0_SPO0_SRVW0_SSO0_SVWn1_SK0_SKA0_SKXCCM0_SNLL0_TSGRA0_TSGRB0_TT2_2_TLDS0_UIIDU0_UMLDSA0_UMLDSB0_UMF0_U64SL1_UIOFGRO0_USFGROn1_VAWn1_VSn1_VW4_VWBn1_V
FLRP0_WSGRA0_WSGRB0_WS32_WG16_16_1_WGM8_WGMTB

reject: VectorWidth must be >= 4 for Int8 or 8bitFloat

reject: Int8 requires GLVWA >= 4, current is 2

reject: Int8 requires GLVWB >= 4, current is 2

reject: GlobalLoadVectorWidthB 2 must be == VectorWidth 1 or == 1
rejecting solution 
Cijk_Alik_Bjlk_I8II_BH_MT32x32x16_SN_1LDSB0_APM1_AAIGTEn1_AAILTEn1_AAV0_ABV0_ACED0_AF0EM1_AF1EM1_AMAS0_ASE_ASGT_ASLT_ASM_ASAE01_ASBE01_ASCE01_ASDE01_ASEM
1_AAC0_BL1_BS1_CUM0_CDO0_CTDA0_CLR0_DSK0_DRA0_DU16_DULD1_DTLA0_DTLB0_DTVA0_DTVB0_DAF0_DKP0_DVO0_ETSP_EPS1_ELFLR0_EMLL0_FSSC10_F16AI0_F16AIR0_FL0_GLVWA2_G
LVWB2_GR2A1_GR2B1_GRCGA1_GRCGB1_GRCVA1_GRCVB1_GRPM1_GRVW16_GSU1_GSUASB_GSUAA0_GSUSARR1_GSUWGMRR0_GLS0_ISA1201_IU1_IA0_KLA_LEL0_LBSPPA0_LBSPPB0_LPA1_LPB0_
LDL1_LR2A1_LR2B1_LRVW1_LW2A1_LW2B1_LWPMn1_LDW0_LT1_FMA_MIAV0_MTSM64_MTSM1_MDA2_MI_MO40_MVN256_MMFSC_MKFGSU256_MVN0_NR0_NTA0_NTB0_NTC0_NTD0_NEPBS0_NLCA1_N
LCB1_ONLL1_OPLV0_PBD0_PFD1_PG2_PSD0_PSLn1_PWCn1_PWLn1_PK0_PKAB0_PAP0_PAPM0_PGR1_PLR1_PKA0_RK0_SGR1_SIA1_SLW1_SS0_SU0_SUM0_SUS0_SCIU0_SCIUE0_SCIUI1_SCIUPL
0_SPO0_SRVW0_SSO0_SVW4_SK0_SKA0_SKXCCM0_SNLL0_TSGRA0_TSGRB0_TT2_2_TLDS0_UIIDU0_UMLDSA0_UMLDSB0_UMF0_U64SL1_UIOFGRO0_USFGROn1_VAW1_VSn1_VW1_VWB1_VFLRP0_WS
GRA0_WSGRB0_WS32_WG16_16_1_WGM8_WGMTB

reject: VectorWidth must be >= 4 for Int8 or 8bitFloat

reject: Int8 requires GLVWA >= 4, current is 2

reject: Int8 requires GLVWB >= 4, current is 2
rejecting solution 
Cijk_Alik_Bjlk_I8II_BH_MT32x32x16_SN_1LDSB0_APM1_AAIGTEn1_AAILTEn1_AAV0_ABV0_ACED0_AF0EM1_AF1EM1_AMAS3_ASE_ASGT_ASLT_ASM_ASAE01_ASBE01_ASCE01_ASDE01_ASEM
1_AAC0_BL1_BS1_CUM0_CDO0_CTDA0_CLR0_DSK0_DRA0_DU16_DULD1_DTLA0_DTLB0_DTVA0_DTVB0_DAF0_DKP0_DVO0_ETSP_EPS1_ELFLR0_EMLL0_FSSC10_F16AI0_F16AIR0_FL0_GLVWA2_G
LVWB2_GR2A1_GR2B1_GRCGA1_GRCGB1_GRCVA1_GRCVB1_GRPM1_GRVW16_GSU1_GSUASB_GSUAA0_GSUSARR1_GSUWGMRR0_GLS0_ISA1201_IU1_IA0_KLA_LEL0_LBSPPA0_LBSPPB0_LPA2_LPB0_
LDL1_LR2A1_LR2B1_LRVW2_LW2A1_LW2B1_LWPMn1_LDW0_LT1_FMA_MIAV0_MTSM64_MTSM1_MDA2_MI_MO40_MVN256_MMFSC_MKFGSU256_MVN0_NR0_NTA0_NTB0_NTC0_NTD0_NEPBS0_NLCA1_N
LCB1_ONLL1_OPLV0_PBD0_PFD1_PG2_PSD0_PSLn1_PWCn1_PWLn1_PK0_PKAB0_PAP0_PAPM0_PGR1_PLR1_PKA0_RK0_SGR1_SIA1_SLW1_SS0_SU0_SUM0_SUS0_SCIU0_SCIUE0_SCIUI1_SCIUPL
0_SPO0_SRVW0_SSO0_SVW4_SK0_SKA0_SKXCCM0_SNLL0_TSGRA0_TSGRB0_TT2_2_TLDS0_UIIDU0_UMLDSA0_UMLDSB0_UMF0_U64SL1_UIOFGRO0_USFGROn1_VAW1_VSn1_VW2_VWB2_VFLRP0_WS
GRA0_WSGRB0_WS32_WG16_16_1_WGM8_WGMTB

reject: ThreadTile0 2 or ThreadTile1 2 not a multiple of VectorWidth 4
rejecting solution 
Cijk_Alik_Bjlk_I8II_BH_MT32x32x16_SN_1LDSB0_APM1_AAIGTEn1_AAILTEn1_AAV0_ABV0_ACED0_AF0EM1_AF1EM1_AMASn1_ASE_ASGT_ASLT_ASM_ASAE01_ASBE01_ASCE01_ASDE01_ASE
M1_AAC0_BL1_BS1_CUM0_CDO0_CTDA0_CLR0_DSK0_DRA0_DU16_DULD1_DTLA0_DTLB0_DTVA0_DTVB0_DAF0_DKP0_DVO0_ETSP_EPS1_ELFLR0_EMLL0_FSSC10_F16AI0_F16AIR0_FL0_GLVWA16
_GLVWB16_GR2A1_GR2B1_GRCGA1_GRCGB1_GRCVA1_GRCVB1_GRPM1_GRVW16_GSU1_GSUASB_GSUAA0_GSUSARR1_GSUWGMRR0_GLS0_ISA1201_IU1_IA0_KLA_LEL0_LBSPPAn1_LBSPPBn1_LPAn1
_LPBn1_LDL1_LR2A1_LR2B1_LRVWn1_LW2A1_LW2B1_LWPMn1_LDW0_LT1_FMA_MIAV0_MTSM64_MTSM1_MDA2_MI_MO40_MVN256_MMFSC_MKFGSU256_MVN0_NR0_NTA0_NTB0_NTC0_NTD0_NEPBS0
_NLCA1_NLCB1_ONLL1_OPLV0_PBD0_PFD1_PG2_PSD0_PSLn1_PWCn1_PWLn1_PK0_PKAB0_PAP0_PAPM0_PGR1_PLR1_PKA0_RK0_SGR1_SIA1_SLW1_SS0_SU0_SUM0_SUS0_SCIU0_SCIUE0_SCIUI
1_SCIUPL0_SPO0_SRVW0_SSO0_SVWn1_SK0_SKA0_SKXCCM0_SNLL0_TSGRA0_TSGRB0_TT2_2_TLDS0_UIIDU0_UMLDSA0_UMLDSB0_UMF0_U64SL1_UIOFGRO0_USFGROn1_VAWn1_VSn1_VW4_VWBn
1_VFLRP0_WSGRA0_WSGRB0_WS32_WG16_16_1_WGM8_WGMTB

reject: VectorWidth must be >= 4 for Int8 or 8bitFloat

reject: Int8 requires GLVWA >= 4, current is 2

reject: Int8 requires GLVWB >= 4, current is 2

reject: GlobalLoadVectorWidthB 2 must be == VectorWidth 1 or == 1
rejecting solution 
Cijk_Alik_Bjlk_I8II_BH_MT32x32x16_SN_1LDSB0_APM1_AAIGTEn1_AAILTEn1_AAV0_ABV0_ACED0_AF0EM1_AF1EM1_AMAS0_ASE_ASGT_ASLT_ASM_ASAE01_ASBE01_ASCE01_ASDE01_ASEM
1_AAC0_BL1_BS1_CUM0_CDO0_CTDA0_CLR0_DSK0_DRA0_DU16_DULD1_DTLA0_DTLB0_DTVA0_DTVB0_DAF0_DKP0_DVO0_ETSP_EPS1_ELFLR0_EMLL0_FSSC10_F16AI0_F16AIR0_FL0_GLVWA2_G
LVWB2_GR2A1_GR2B1_GRCGA1_GRCGB1_GRCVA1_GRCVB1_GRPM1_GRVW4_GSU1_GSUASB_GSUAA0_GSUSARR1_GSUWGMRR0_GLS0_ISA1201_IU1_IA0_KLA_LEL0_LBSPPA0_LBSPPB0_LPA1_LPB0_L
DL1_LR2A1_LR2B1_LRVW1_LW2A1_LW2B1_LWPMn1_LDW0_LT1_FMA_MIAV0_MTSM64_MTSM1_MDA2_MI_MO40_MVN256_MMFSC_MKFGSU256_MVN0_NR0_NTA0_NTB0_NTC0_NTD0_NEPBS0_NLCA1_NL
CB1_ONLL1_OPLV0_PBD0_PFD1_PG2_PSD0_PSLn1_PWCn1_PWLn1_PK0_PKAB0_PAP0_PAPM0_PGR1_PLR1_PKA0_RK0_SGR1_SIA1_SLW1_SS0_SU32_SUM0_SUS256_SCIU0_SCIUE0_SCIUI1_SCIU
PL0_SPO0_SRVW0_SSO0_SVW4_SK0_SKA0_SKXCCM0_SNLL0_TSGRA0_TSGRB0_TT2_2_TLDS0_UIIDU0_UMLDSA0_UMLDSB0_UMF0_U64SL1_UIOFGRO0_USFGROn1_VAW1_VSn1_VW1_VWB1_VFLRP0_
WSGRA0_WSGRB0_WS32_WG16_16_1_WGM8_WGMTB

reject: VectorWidth must be >= 4 for Int8 or 8bitFloat

reject: Int8 requires GLVWA >= 4, current is 2

reject: Int8 requires GLVWB >= 4, current is 2
rejecting solution 
Cijk_Alik_Bjlk_I8II_BH_MT32x32x16_SN_1LDSB0_APM1_AAIGTEn1_AAILTEn1_AAV0_ABV0_ACED0_AF0EM1_AF1EM1_AMAS3_ASE_ASGT_ASLT_ASM_ASAE01_ASBE01_ASCE01_ASDE01_ASEM
1_AAC0_BL1_BS1_CUM0_CDO0_CTDA0_CLR0_DSK0_DRA0_DU16_DULD1_DTLA0_DTLB0_DTVA0_DTVB0_DAF0_DKP0_DVO0_ETSP_EPS1_ELFLR0_EMLL0_FSSC10_F16AI0_F16AIR0_FL0_GLVWA2_G
LVWB2_GR2A1_GR2B1_GRCGA1_GRCGB1_GRCVA1_GRCVB1_GRPM1_GRVW4_GSU1_GSUASB_GSUAA0_GSUSARR1_GSUWGMRR0_GLS0_ISA1201_IU1_IA0_KLA_LEL0_LBSPPA0_LBSPPB0_LPA2_LPB0_L
DL1_LR2A1_LR2B1_LRVW2_LW2A1_LW2B1_LWPMn1_LDW0_LT1_FMA_MIAV0_MTSM64_MTSM1_MDA2_MI_MO40_MVN256_MMFSC_MKFGSU256_MVN0_NR0_NTA0_NTB0_NTC0_NTD0_NEPBS0_NLCA1_NL
CB1_ONLL1_OPLV0_PBD0_PFD1_PG2_PSD0_PSLn1_PWCn1_PWLn1_PK0_PKAB0_PAP0_PAPM0_PGR1_PLR1_PKA0_RK0_SGR1_SIA1_SLW1_SS0_SU32_SUM0_SUS256_SCIU0_SCIUE0_SCIUI1_SCIU
PL0_SPO0_SRVW0_SSO0_SVW4_SK0_SKA0_SKXCCM0_SNLL0_TSGRA0_TSGRB0_TT2_2_TLDS0_UIIDU0_UMLDSA0_UMLDSB0_UMF0_U64SL1_UIOFGRO0_USFGROn1_VAW1_VSn1_VW2_VWB2_VFLRP0_
WSGRA0_WSGRB0_WS32_WG16_16_1_WGM8_WGMTB

reject: ThreadTile0 2 or ThreadTile1 2 not a multiple of VectorWidth 4
rejecting solution 
Cijk_Alik_Bjlk_I8II_BH_MT32x32x16_SN_1LDSB0_APM1_AAIGTEn1_AAILTEn1_AAV0_ABV0_ACED0_AF0EM1_AF1EM1_AMASn1_ASE_ASGT_ASLT_ASM_ASAE01_ASBE01_ASCE01_ASDE01_ASE
M1_AAC0_BL1_BS1_CUM0_CDO0_CTDA0_CLR0_DSK0_DRA0_DU16_DULD1_DTLA0_DTLB0_DTVA0_DTVB0_DAF0_DKP0_DVO0_ETSP_EPS1_ELFLR0_EMLL0_FSSC10_F16AI0_F16AIR0_FL0_GLVWA4_
GLVWB4_GR2A1_GR2B1_GRCGA1_GRCGB1_GRCVA1_GRCVB1_GRPM1_GRVW4_GSU1_GSUASB_GSUAA0_GSUSARR1_GSUWGMRR0_GLS0_ISA1201_IU1_IA0_KLA_LEL0_LBSPPAn1_LBSPPBn1_LPAn1_LP
Bn1_LDL1_LR2A1_LR2B1_LRVWn1_LW2A1_LW2B1_LWPMn1_LDW0_LT1_FMA_MIAV0_MTSM64_MTSM1_MDA2_MI_MO40_MVN256_MMFSC_MKFGSU256_MVN0_NR0_NTA0_NTB0_NTC0_NTD0_NEPBS0_NL
CA1_NLCB1_ONLL1_OPLV0_PBD0_PFD1_PG2_PSD0_PSLn1_PWCn1_PWLn1_PK0_PKAB0_PAP0_PAPM0_PGR1_PLR1_PKA0_RK0_SGR1_SIA1_SLW1_SS0_SU32_SUM0_SUS256_SCIU0_SCIUE0_SCIUI
1_SCIUPL0_SPO0_SRVW0_SSO0_SVWn1_SK0_SKA0_SKXCCM0_SNLL0_TSGRA0_TSGRB0_TT2_2_TLDS0_UIIDU0_UMLDSA0_UMLDSB0_UMF0_U64SL1_UIOFGRO0_USFGROn1_VAWn1_VSn1_VW4_VWBn
1_VFLRP0_WSGRA0_WSGRB0_WS32_WG16_16_1_WGM8_WGMTB

reject: VectorWidth must be >= 4 for Int8 or 8bitFloat

reject: Int8 requires GLVWA >= 4, current is 2

reject: Int8 requires GLVWB >= 4, current is 2

reject: GlobalLoadVectorWidthB 2 must be == VectorWidth 1 or == 1
rejecting solution 
Cijk_Alik_Bjlk_I8II_BH_MT32x32x16_SN_1LDSB0_APM1_AAIGTEn1_AAILTEn1_AAV0_ABV0_ACED0_AF0EM1_AF1EM1_AMAS0_ASE_ASGT_ASLT_ASM_ASAE01_ASBE01_ASCE01_ASDE01_ASEM
1_AAC0_BL1_BS1_CUM0_CDO0_CTDA0_CLR0_DSK0_DRA0_DU16_DULD1_DTLA0_DTLB0_DTVA0_DTVB0_DAF0_DKP0_DVO0_ETSP_EPS1_ELFLR0_EMLL0_FSSC10_F16AI0_F16AIR0_FL0_GLVWA2_G
LVWB2_GR2A1_GR2B1_GRCGA1_GRCGB1_GRCVA1_GRCVB1_GRPM1_GRVW8_GSU1_GSUASB_GSUAA0_GSUSARR1_GSUWGMRR0_GLS0_ISA1201_IU1_IA0_KLA_LEL0_LBSPPA0_LBSPPB0_LPA1_LPB0_L
DL1_LR2A1_LR2B1_LRVW1_LW2A1_LW2B1_LWPMn1_LDW0_LT1_FMA_MIAV0_MTSM64_MTSM1_MDA2_MI_MO40_MVN256_MMFSC_MKFGSU256_MVN0_NR0_NTA0_NTB0_NTC0_NTD0_NEPBS0_NLCA1_NL
CB1_ONLL1_OPLV0_PBD0_PFD1_PG2_PSD0_PSLn1_PWCn1_PWLn1_PK0_PKAB0_PAP0_PAPM0_PGR1_PLR1_PKA0_RK0_SGR1_SIA1_SLW1_SS0_SU32_SUM0_SUS256_SCIU0_SCIUE0_SCIUI1_SCIU
PL0_SPO0_SRVW0_SSO0_SVW4_SK0_SKA0_SKXCCM0_SNLL0_TSGRA0_TSGRB0_TT2_2_TLDS0_UIIDU0_UMLDSA0_UMLDSB0_UMF0_U64SL1_UIOFGRO0_USFGROn1_VAW1_VSn1_VW1_VWB1_VFLRP0_
WSGRA0_WSGRB0_WS32_WG16_16_1_WGM8_WGMTB

reject: VectorWidth must be >= 4 for Int8 or 8bitFloat

reject: Int8 requires GLVWA >= 4, current is 2

reject: Int8 requires GLVWB >= 4, current is 2
rejecting solution 
Cijk_Alik_Bjlk_I8II_BH_MT32x32x16_SN_1LDSB0_APM1_AAIGTEn1_AAILTEn1_AAV0_ABV0_ACED0_AF0EM1_AF1EM1_AMAS3_ASE_ASGT_ASLT_ASM_ASAE01_ASBE01_ASCE01_ASDE01_ASEM
1_AAC0_BL1_BS1_CUM0_CDO0_CTDA0_CLR0_DSK0_DRA0_DU16_DULD1_DTLA0_DTLB0_DTVA0_DTVB0_DAF0_DKP0_DVO0_ETSP_EPS1_ELFLR0_EMLL0_FSSC10_F16AI0_F16AIR0_FL0_GLVWA2_G
LVWB2_GR2A1_GR2B1_GRCGA1_GRCGB1_GRCVA1_GRCVB1_GRPM1_GRVW8_GSU1_GSUASB_GSUAA0_GSUSARR1_GSUWGMRR0_GLS0_ISA1201_IU1_IA0_KLA_LEL0_LBSPPA0_LBSPPB0_LPA2_LPB0_L
DL1_LR2A1_LR2B1_LRVW2_LW2A1_LW2B1_LWPMn1_LDW0_LT1_FMA_MIAV0_MTSM64_MTSM1_MDA2_MI_MO40_MVN256_MMFSC_MKFGSU256_MVN0_NR0_NTA0_NTB0_NTC0_NTD0_NEPBS0_NLCA1_NL
CB1_ONLL1_OPLV0_PBD0_PFD1_PG2_PSD0_PSLn1_PWCn1_PWLn1_PK0_PKAB0_PAP0_PAPM0_PGR1_PLR1_PKA0_RK0_SGR1_SIA1_SLW1_SS0_SU32_SUM0_SUS256_SCIU0_SCIUE0_SCIUI1_SCIU
PL0_SPO0_SRVW0_SSO0_SVW4_SK0_SKA0_SKXCCM0_SNLL0_TSGRA0_TSGRB0_TT2_2_TLDS0_UIIDU0_UMLDSA0_UMLDSB0_UMF0_U64SL1_UIOFGRO0_USFGROn1_VAW1_VSn1_VW2_VWB2_VFLRP0_
WSGRA0_WSGRB0_WS32_WG16_16_1_WGM8_WGMTB

reject: ThreadTile0 2 or ThreadTile1 2 not a multiple of VectorWidth 4
rejecting solution 
Cijk_Alik_Bjlk_I8II_BH_MT32x32x16_SN_1LDSB0_APM1_AAIGTEn1_AAILTEn1_AAV0_ABV0_ACED0_AF0EM1_AF1EM1_AMASn1_ASE_ASGT_ASLT_ASM_ASAE01_ASBE01_ASCE01_ASDE01_ASE
M1_AAC0_BL1_BS1_CUM0_CDO0_CTDA0_CLR0_DSK0_DRA0_DU16_DULD1_DTLA0_DTLB0_DTVA0_DTVB0_DAF0_DKP0_DVO0_ETSP_EPS1_ELFLR0_EMLL0_FSSC10_F16AI0_F16AIR0_FL0_GLVWA8_
GLVWB8_GR2A1_GR2B1_GRCGA1_GRCGB1_GRCVA1_GRCVB1_GRPM1_GRVW8_GSU1_GSUASB_GSUAA0_GSUSARR1_GSUWGMRR0_GLS0_ISA1201_IU1_IA0_KLA_LEL0_LBSPPAn1_LBSPPBn1_LPAn1_LP
Bn1_LDL1_LR2A1_LR2B1_LRVWn1_LW2A1_LW2B1_LWPMn1_LDW0_LT1_FMA_MIAV0_MTSM64_MTSM1_MDA2_MI_MO40_MVN256_MMFSC_MKFGSU256_MVN0_NR0_NTA0_NTB0_NTC0_NTD0_NEPBS0_NL
CA1_NLCB1_ONLL1_OPLV0_PBD0_PFD1_PG2_PSD0_PSLn1_PWCn1_PWLn1_PK0_PKAB0_PAP0_PAPM0_PGR1_PLR1_PKA0_RK0_SGR1_SIA1_SLW1_SS0_SU32_SUM0_SUS256_SCIU0_SCIUE0_SCIUI
1_SCIUPL0_SPO0_SRVW0_SSO0_SVWn1_SK0_SKA0_SKXCCM0_SNLL0_TSGRA0_TSGRB0_TT2_2_TLDS0_UIIDU0_UMLDSA0_UMLDSB0_UMF0_U64SL1_UIOFGRO0_USFGROn1_VAWn1_VSn1_VW4_VWBn
1_VFLRP0_WSGRA0_WSGRB0_WS32_WG16_16_1_WGM8_WGMTB

reject: VectorWidth must be >= 4 for Int8 or 8bitFloat

reject: Int8 requires GLVWA >= 4, current is 2

reject: Int8 requires GLVWB >= 4, current is 2

reject: GlobalLoadVectorWidthB 2 must be == VectorWidth 1 or == 1
rejecting solution 
Cijk_Alik_Bjlk_I8II_BH_MT32x32x16_SN_1LDSB0_APM1_AAIGTEn1_AAILTEn1_AAV0_ABV0_ACED0_AF0EM1_AF1EM1_AMAS0_ASE_ASGT_ASLT_ASM_ASAE01_ASBE01_ASCE01_ASDE01_ASEM
1_AAC0_BL1_BS1_CUM0_CDO0_CTDA0_CLR0_DSK0_DRA0_DU16_DULD1_DTLA0_DTLB0_DTVA0_DTVB0_DAF0_DKP0_DVO0_ETSP_EPS1_ELFLR0_EMLL0_FSSC10_F16AI0_F16AIR0_FL0_GLVWA2_G
LVWB2_GR2A1_GR2B1_GRCGA1_GRCGB1_GRCVA1_GRCVB1_GRPM1_GRVW16_GSU1_GSUASB_GSUAA0_GSUSARR1_GSUWGMRR0_GLS0_ISA1201_IU1_IA0_KLA_LEL0_LBSPPA0_LBSPPB0_LPA1_LPB0_
LDL1_LR2A1_LR2B1_LRVW1_LW2A1_LW2B1_LWPMn1_LDW0_LT1_FMA_MIAV0_MTSM64_MTSM1_MDA2_MI_MO40_MVN256_MMFSC_MKFGSU256_MVN0_NR0_NTA0_NTB0_NTC0_NTD0_NEPBS0_NLCA1_N
LCB1_ONLL1_OPLV0_PBD0_PFD1_PG2_PSD0_PSLn1_PWCn1_PWLn1_PK0_PKAB0_PAP0_PAPM0_PGR1_PLR1_PKA0_RK0_SGR1_SIA1_SLW1_SS0_SU32_SUM0_SUS256_SCIU0_SCIUE0_SCIUI1_SCI
UPL0_SPO0_SRVW0_SSO0_SVW4_SK0_SKA0_SKXCCM0_SNLL0_TSGRA0_TSGRB0_TT2_2_TLDS0_UIIDU0_UMLDSA0_UMLDSB0_UMF0_U64SL1_UIOFGRO0_USFGROn1_VAW1_VSn1_VW1_VWB1_VFLRP0
_WSGRA0_WSGRB0_WS32_WG16_16_1_WGM8_WGMTB

reject: VectorWidth must be >= 4 for Int8 or 8bitFloat

reject: Int8 requires GLVWA >= 4, current is 2

reject: Int8 requires GLVWB >= 4, current is 2
rejecting solution 
Cijk_Alik_Bjlk_I8II_BH_MT32x32x16_SN_1LDSB0_APM1_AAIGTEn1_AAILTEn1_AAV0_ABV0_ACED0_AF0EM1_AF1EM1_AMAS3_ASE_ASGT_ASLT_ASM_ASAE01_ASBE01_ASCE01_ASDE01_ASEM
1_AAC0_BL1_BS1_CUM0_CDO0_CTDA0_CLR0_DSK0_DRA0_DU16_DULD1_DTLA0_DTLB0_DTVA0_DTVB0_DAF0_DKP0_DVO0_ETSP_EPS1_ELFLR0_EMLL0_FSSC10_F16AI0_F16AIR0_FL0_GLVWA2_G
LVWB2_GR2A1_GR2B1_GRCGA1_GRCGB1_GRCVA1_GRCVB1_GRPM1_GRVW16_GSU1_GSUASB_GSUAA0_GSUSARR1_GSUWGMRR0_GLS0_ISA1201_IU1_IA0_KLA_LEL0_LBSPPA0_LBSPPB0_LPA2_LPB0_
LDL1_LR2A1_LR2B1_LRVW2_LW2A1_LW2B1_LWPMn1_LDW0_LT1_FMA_MIAV0_MTSM64_MTSM1_MDA2_MI_MO40_MVN256_MMFSC_MKFGSU256_MVN0_NR0_NTA0_NTB0_NTC0_NTD0_NEPBS0_NLCA1_N
LCB1_ONLL1_OPLV0_PBD0_PFD1_PG2_PSD0_PSLn1_PWCn1_PWLn1_PK0_PKAB0_PAP0_PAPM0_PGR1_PLR1_PKA0_RK0_SGR1_SIA1_SLW1_SS0_SU32_SUM0_SUS256_SCIU0_SCIUE0_SCIUI1_SCI
UPL0_SPO0_SRVW0_SSO0_SVW4_SK0_SKA0_SKXCCM0_SNLL0_TSGRA0_TSGRB0_TT2_2_TLDS0_UIIDU0_UMLDSA0_UMLDSB0_UMF0_U64SL1_UIOFGRO0_USFGROn1_VAW1_VSn1_VW2_VWB2_VFLRP0
_WSGRA0_WSGRB0_WS32_WG16_16_1_WGM8_WGMTB

reject: ThreadTile0 2 or ThreadTile1 2 not a multiple of VectorWidth 4
rejecting solution 
Cijk_Alik_Bjlk_I8II_BH_MT32x32x16_SN_1LDSB0_APM1_AAIGTEn1_AAILTEn1_AAV0_ABV0_ACED0_AF0EM1_AF1EM1_AMASn1_ASE_ASGT_ASLT_ASM_ASAE01_ASBE01_ASCE01_ASDE01_ASE
M1_AAC0_BL1_BS1_CUM0_CDO0_CTDA0_CLR0_DSK0_DRA0_DU16_DULD1_DTLA0_DTLB0_DTVA0_DTVB0_DAF0_DKP0_DVO0_ETSP_EPS1_ELFLR0_EMLL0_FSSC10_F16AI0_F16AIR0_FL0_GLVWA16
_GLVWB16_GR2A1_GR2B1_GRCGA1_GRCGB1_GRCVA1_GRCVB1_GRPM1_GRVW16_GSU1_GSUASB_GSUAA0_GSUSARR1_GSUWGMRR0_GLS0_ISA1201_IU1_IA0_KLA_LEL0_LBSPPAn1_LBSPPBn1_LPAn1
_LPBn1_LDL1_LR2A1_LR2B1_LRVWn1_LW2A1_LW2B1_LWPMn1_LDW0_LT1_FMA_MIAV0_MTSM64_MTSM1_MDA2_MI_MO40_MVN256_MMFSC_MKFGSU256_MVN0_NR0_NTA0_NTB0_NTC0_NTD0_NEPBS0
_NLCA1_NLCB1_ONLL1_OPLV0_PBD0_PFD1_PG2_PSD0_PSLn1_PWCn1_PWLn1_PK0_PKAB0_PAP0_PAPM0_PGR1_PLR1_PKA0_RK0_SGR1_SIA1_SLW1_SS0_SU32_SUM0_SUS256_SCIU0_SCIUE0_SC
IUI1_SCIUPL0_SPO0_SRVW0_SSO0_SVWn1_SK0_SKA0_SKXCCM0_SNLL0_TSGRA0_TSGRB0_TT2_2_TLDS0_UIIDU0_UMLDSA0_UMLDSB0_UMF0_U64SL1_UIOFGRO0_USFGROn1_VAWn1_VSn1_VW4_V
WBn1_VFLRP0_WSGRA0_WSGRB0_WS32_WG16_16_1_WGM8_WGMTB

reject: VectorWidth must be >= 4 for Int8 or 8bitFloat

reject: Int8 requires GLVWB >= 4, current is 2

reject: GlobalLoadVectorWidthB 2 must be == VectorWidth 1 or == 1
rejecting solution 
Cijk_Alik_Bjlk_I8II_BH_MT64x32x16_SN_1LDSB0_APM1_AAIGTEn1_AAILTEn1_AAV0_ABV0_ACED0_AF0EM1_AF1EM1_AMAS0_ASE_ASGT_ASLT_ASM_ASAE01_ASBE01_ASCE01_ASDE01_ASEM
1_AAC0_BL1_BS1_CUM0_CDO0_CTDA0_CLR0_DSK0_DRA0_DU16_DULD1_DTLA0_DTLB0_DTVA0_DTVB0_DAF0_DKP0_DVO0_ETSP_EPS1_ELFLR0_EMLL0_FSSC10_F16AI0_F16AIR0_FL0_GLVWA4_G
LVWB2_GR2A1_GR2B1_GRCGA1_GRCGB1_GRCVA1_GRCVB1_GRPM1_GRVW4_GSU1_GSUASB_GSUAA0_GSUSARR1_GSUWGMRR0_GLS0_ISA1201_IU1_IA0_KLA_LEL0_LBSPPA0_LBSPPB0_LPA1_LPB0_L
DL1_LR2A1_LR2B1_LRVW1_LW2A1_LW2B1_LWPMn1_LDW0_LT1_FMA_MIAV0_MTSM64_MTSM1_MDA2_MI_MO40_MVN256_MMFSC_MKFGSU256_MVN0_NR0_NTA0_NTB0_NTC0_NTD0_NEPBS0_NLCA1_NL
CB1_ONLL1_OPLV0_PBD0_PFD1_PG2_PSD0_PSLn1_PWCn1_PWLn1_PK0_PKAB0_PAP0_PAPM0_PGR1_PLR1_PKA0_RK0_SGR1_SIA1_SLW1_SS0_SU0_SUM0_SUS0_SCIU0_SCIUE0_SCIUI1_SCIUPL0
_SPO0_SRVW0_SSO0_SVW4_SK0_SKA0_SKXCCM0_SNLL0_TSGRA0_TSGRB0_TT4_2_TLDS0_UIIDU0_UMLDSA0_UMLDSB0_UMF0_U64SL1_UIOFGRO0_USFGROn1_VAW1_VSn1_VW1_VWB1_VFLRP0_WSG
RA0_WSGRB0_WS32_WG16_16_1_WGM8_WGMTB

reject: VectorWidth must be >= 4 for Int8 or 8bitFloat

reject: Int8 requires GLVWB >= 4, current is 2
rejecting solution 
Cijk_Alik_Bjlk_I8II_BH_MT64x32x16_SN_1LDSB0_APM1_AAIGTEn1_AAILTEn1_AAV0_ABV0_ACED0_AF0EM1_AF1EM1_AMAS3_ASE_ASGT_ASLT_ASM_ASAE01_ASBE01_ASCE01_ASDE01_ASEM
1_AAC0_BL1_BS1_CUM0_CDO0_CTDA0_CLR0_DSK0_DRA0_DU16_DULD1_DTLA0_DTLB0_DTVA0_DTVB0_DAF0_DKP0_DVO0_ETSP_EPS1_ELFLR0_EMLL0_FSSC10_F16AI0_F16AIR0_FL0_GLVWA4_G
LVWB2_GR2A1_GR2B1_GRCGA1_GRCGB1_GRCVA1_GRCVB1_GRPM1_GRVW4_GSU1_GSUASB_GSUAA0_GSUSARR1_GSUWGMRR0_GLS0_ISA1201_IU1_IA0_KLA_LEL0_LBSPPA0_LBSPPB0_LPA2_LPB0_L
DL1_LR2A1_LR2B1_LRVW2_LW2A1_LW2B1_LWPMn1_LDW0_LT1_FMA_MIAV0_MTSM64_MTSM1_MDA2_MI_MO40_MVN256_MMFSC_MKFGSU256_MVN0_NR0_NTA0_NTB0_NTC0_NTD0_NEPBS0_NLCA1_NL
CB1_ONLL1_OPLV0_PBD0_PFD1_PG2_PSD0_PSLn1_PWCn1_PWLn1_PK0_PKAB0_PAP0_PAPM0_PGR1_PLR1_PKA0_RK0_SGR1_SIA1_SLW1_SS0_SU0_SUM0_SUS0_SCIU0_SCIUE0_SCIUI1_SCIUPL0
_SPO0_SRVW0_SSO0_SVW4_SK0_SKA0_SKXCCM0_SNLL0_TSGRA0_TSGRB0_TT4_2_TLDS0_UIIDU0_UMLDSA0_UMLDSB0_UMF0_U64SL1_UIOFGRO0_USFGROn1_VAW1_VSn1_VW2_VWB2_VFLRP0_WSG
RA0_WSGRB0_WS32_WG16_16_1_WGM8_WGMTB

reject: ThreadTile0 4 or ThreadTile1 2 not a multiple of VectorWidth 4
rejecting solution 
Cijk_Alik_Bjlk_I8II_BH_MT64x32x16_SN_1LDSB0_APM1_AAIGTEn1_AAILTEn1_AAV0_ABV0_ACED0_AF0EM1_AF1EM1_AMASn1_ASE_ASGT_ASLT_ASM_ASAE01_ASBE01_ASCE01_ASDE01_ASE
M1_AAC0_BL1_BS1_CUM0_CDO0_CTDA0_CLR0_DSK0_DRA0_DU16_DULD1_DTLA0_DTLB0_DTVA0_DTVB0_DAF0_DKP0_DVO0_ETSP_EPS1_ELFLR0_EMLL0_FSSC10_F16AI0_F16AIR0_FL0_GLVWA4_
GLVWB4_GR2A1_GR2B1_GRCGA1_GRCGB1_GRCVA1_GRCVB1_GRPM1_GRVW4_GSU1_GSUASB_GSUAA0_GSUSARR1_GSUWGMRR0_GLS0_ISA1201_IU1_IA0_KLA_LEL0_LBSPPAn1_LBSPPBn1_LPAn1_LP
Bn1_LDL1_LR2A1_LR2B1_LRVWn1_LW2A1_LW2B1_LWPMn1_LDW0_LT1_FMA_MIAV0_MTSM64_MTSM1_MDA2_MI_MO40_MVN256_MMFSC_MKFGSU256_MVN0_NR0_NTA0_NTB0_NTC0_NTD0_NEPBS0_NL
CA1_NLCB1_ONLL1_OPLV0_PBD0_PFD1_PG2_PSD0_PSLn1_PWCn1_PWLn1_PK0_PKAB0_PAP0_PAPM0_PGR1_PLR1_PKA0_RK0_SGR1_SIA1_SLW1_SS0_SU0_SUM0_SUS0_SCIU0_SCIUE0_SCIUI1_S
CIUPL0_SPO0_SRVW0_SSO0_SVWn1_SK0_SKA0_SKXCCM0_SNLL0_TSGRA0_TSGRB0_TT4_2_TLDS0_UIIDU0_UMLDSA0_UMLDSB0_UMF0_U64SL1_UIOFGRO0_USFGROn1_VAWn1_VSn1_VW4_VWBn1_V
FLRP0_WSGRA0_WSGRB0_WS32_WG16_16_1_WGM8_WGMTB

reject: VectorWidth must be >= 4 for Int8 or 8bitFloat

reject: Int8 requires GLVWB >= 4, current is 2

reject: GlobalLoadVectorWidthB 2 must be == VectorWidth 1 or == 1
rejecting solution 
Cijk_Alik_Bjlk_I8II_BH_MT64x32x16_SN_1LDSB0_APM1_AAIGTEn1_AAILTEn1_AAV0_ABV0_ACED0_AF0EM1_AF1EM1_AMAS0_ASE_ASGT_ASLT_ASM_ASAE01_ASBE01_ASCE01_ASDE01_ASEM
1_AAC0_BL1_BS1_CUM0_CDO0_CTDA0_CLR0_DSK0_DRA0_DU16_DULD1_DTLA0_DTLB0_DTVA0_DTVB0_DAF0_DKP0_DVO0_ETSP_EPS1_ELFLR0_EMLL0_FSSC10_F16AI0_F16AIR0_FL0_GLVWA4_G
LVWB2_GR2A1_GR2B1_GRCGA1_GRCGB1_GRCVA1_GRCVB1_GRPM1_GRVW8_GSU1_GSUASB_GSUAA0_GSUSARR1_GSUWGMRR0_GLS0_ISA1201_IU1_IA0_KLA_LEL0_LBSPPA0_LBSPPB0_LPA1_LPB0_L
DL1_LR2A1_LR2B1_LRVW1_LW2A1_LW2B1_LWPMn1_LDW0_LT1_FMA_MIAV0_MTSM64_MTSM1_MDA2_MI_MO40_MVN256_MMFSC_MKFGSU256_MVN0_NR0_NTA0_NTB0_NTC0_NTD0_NEPBS0_NLCA1_NL
CB1_ONLL1_OPLV0_PBD0_PFD1_PG2_PSD0_PSLn1_PWCn1_PWLn1_PK0_PKAB0_PAP0_PAPM0_PGR1_PLR1_PKA0_RK0_SGR1_SIA1_SLW1_SS0_SU0_SUM0_SUS0_SCIU0_SCIUE0_SCIUI1_SCIUPL0
_SPO0_SRVW0_SSO0_SVW4_SK0_SKA0_SKXCCM0_SNLL0_TSGRA0_TSGRB0_TT4_2_TLDS0_UIIDU0_UMLDSA0_UMLDSB0_UMF0_U64SL1_UIOFGRO0_USFGROn1_VAW1_VSn1_VW1_VWB1_VFLRP0_WSG
RA0_WSGRB0_WS32_WG16_16_1_WGM8_WGMTB

reject: VectorWidth must be >= 4 for Int8 or 8bitFloat

reject: Int8 requires GLVWB >= 4, current is 2
rejecting solution 
Cijk_Alik_Bjlk_I8II_BH_MT64x32x16_SN_1LDSB0_APM1_AAIGTEn1_AAILTEn1_AAV0_ABV0_ACED0_AF0EM1_AF1EM1_AMAS3_ASE_ASGT_ASLT_ASM_ASAE01_ASBE01_ASCE01_ASDE01_ASEM
1_AAC0_BL1_BS1_CUM0_CDO0_CTDA0_CLR0_DSK0_DRA0_DU16_DULD1_DTLA0_DTLB0_DTVA0_DTVB0_DAF0_DKP0_DVO0_ETSP_EPS1_ELFLR0_EMLL0_FSSC10_F16AI0_F16AIR0_FL0_GLVWA4_G
LVWB2_GR2A1_GR2B1_GRCGA1_GRCGB1_GRCVA1_GRCVB1_GRPM1_GRVW8_GSU1_GSUASB_GSUAA0_GSUSARR1_GSUWGMRR0_GLS0_ISA1201_IU1_IA0_KLA_LEL0_LBSPPA0_LBSPPB0_LPA2_LPB0_L
DL1_LR2A1_LR2B1_LRVW2_LW2A1_LW2B1_LWPMn1_LDW0_LT1_FMA_MIAV0_MTSM64_MTSM1_MDA2_MI_MO40_MVN256_MMFSC_MKFGSU256_MVN0_NR0_NTA0_NTB0_NTC0_NTD0_NEPBS0_NLCA1_NL
CB1_ONLL1_OPLV0_PBD0_PFD1_PG2_PSD0_PSLn1_PWCn1_PWLn1_PK0_PKAB0_PAP0_PAPM0_PGR1_PLR1_PKA0_RK0_SGR1_SIA1_SLW1_SS0_SU0_SUM0_SUS0_SCIU0_SCIUE0_SCIUI1_SCIUPL0
_SPO0_SRVW0_SSO0_SVW4_SK0_SKA0_SKXCCM0_SNLL0_TSGRA0_TSGRB0_TT4_2_TLDS0_UIIDU0_UMLDSA0_UMLDSB0_UMF0_U64SL1_UIOFGRO0_USFGROn1_VAW1_VSn1_VW2_VWB2_VFLRP0_WSG
RA0_WSGRB0_WS32_WG16_16_1_WGM8_WGMTB

reject: ThreadTile0 4 or ThreadTile1 2 not a multiple of VectorWidth 4
rejecting solution 
Cijk_Alik_Bjlk_I8II_BH_MT64x32x16_SN_1LDSB0_APM1_AAIGTEn1_AAILTEn1_AAV0_ABV0_ACED0_AF0EM1_AF1EM1_AMASn1_ASE_ASGT_ASLT_ASM_ASAE01_ASBE01_ASCE01_ASDE01_ASE
M1_AAC0_BL1_BS1_CUM0_CDO0_CTDA0_CLR0_DSK0_DRA0_DU16_DULD1_DTLA0_DTLB0_DTVA0_DTVB0_DAF0_DKP0_DVO0_ETSP_EPS1_ELFLR0_EMLL0_FSSC10_F16AI0_F16AIR0_FL0_GLVWA8_
GLVWB8_GR2A1_GR2B1_GRCGA1_GRCGB1_GRCVA1_GRCVB1_GRPM1_GRVW8_GSU1_GSUASB_GSUAA0_GSUSARR1_GSUWGMRR0_GLS0_ISA1201_IU1_IA0_KLA_LEL0_LBSPPAn1_LBSPPBn1_LPAn1_LP
Bn1_LDL1_LR2A1_LR2B1_LRVWn1_LW2A1_LW2B1_LWPMn1_LDW0_LT1_FMA_MIAV0_MTSM64_MTSM1_MDA2_MI_MO40_MVN256_MMFSC_MKFGSU256_MVN0_NR0_NTA0_NTB0_NTC0_NTD0_NEPBS0_NL
CA1_NLCB1_ONLL1_OPLV0_PBD0_PFD1_PG2_PSD0_PSLn1_PWCn1_PWLn1_PK0_PKAB0_PAP0_PAPM0_PGR1_PLR1_PKA0_RK0_SGR1_SIA1_SLW1_SS0_SU0_SUM0_SUS0_SCIU0_SCIUE0_SCIUI1_S
CIUPL0_SPO0_SRVW0_SSO0_SVWn1_SK0_SKA0_SKXCCM0_SNLL0_TSGRA0_TSGRB0_TT4_2_TLDS0_UIIDU0_UMLDSA0_UMLDSB0_UMF0_U64SL1_UIOFGRO0_USFGROn1_VAWn1_VSn1_VW4_VWBn1_V
FLRP0_WSGRA0_WSGRB0_WS32_WG16_16_1_WGM8_WGMTB

reject: VectorWidth must be >= 4 for Int8 or 8bitFloat

reject: Int8 requires GLVWB >= 4, current is 2

reject: GlobalLoadVectorWidthB 2 must be == VectorWidth 1 or == 1
rejecting solution 
Cijk_Alik_Bjlk_I8II_BH_MT64x32x16_SN_1LDSB0_APM1_AAIGTEn1_AAILTEn1_AAV0_ABV0_ACED0_AF0EM1_AF1EM1_AMAS0_ASE_ASGT_ASLT_ASM_ASAE01_ASBE01_ASCE01_ASDE01_ASEM
1_AAC0_BL1_BS1_CUM0_CDO0_CTDA0_CLR0_DSK0_DRA0_DU16_DULD1_DTLA0_DTLB0_DTVA0_DTVB0_DAF0_DKP0_DVO0_ETSP_EPS1_ELFLR0_EMLL0_FSSC10_F16AI0_F16AIR0_FL0_GLVWA4_G
LVWB2_GR2A1_GR2B1_GRCGA1_GRCGB1_GRCVA1_GRCVB1_GRPM1_GRVW16_GSU1_GSUASB_GSUAA0_GSUSARR1_GSUWGMRR0_GLS0_ISA1201_IU1_IA0_KLA_LEL0_LBSPPA0_LBSPPB0_LPA1_LPB0_
LDL1_LR2A1_LR2B1_LRVW1_LW2A1_LW2B1_LWPMn1_LDW0_LT1_FMA_MIAV0_MTSM64_MTSM1_MDA2_MI_MO40_MVN256_MMFSC_MKFGSU256_MVN0_NR0_NTA0_NTB0_NTC0_NTD0_NEPBS0_NLCA1_N
LCB1_ONLL1_OPLV0_PBD0_PFD1_PG2_PSD0_PSLn1_PWCn1_PWLn1_PK0_PKAB0_PAP0_PAPM0_PGR1_PLR1_PKA0_RK0_SGR1_SIA1_SLW1_SS0_SU0_SUM0_SUS0_SCIU0_SCIUE0_SCIUI1_SCIUPL
0_SPO0_SRVW0_SSO0_SVW4_SK0_SKA0_SKXCCM0_SNLL0_TSGRA0_TSGRB0_TT4_2_TLDS0_UIIDU0_UMLDSA0_UMLDSB0_UMF0_U64SL1_UIOFGRO0_USFGROn1_VAW1_VSn1_VW1_VWB1_VFLRP0_WS
GRA0_WSGRB0_WS32_WG16_16_1_WGM8_WGMTB

reject: VectorWidth must be >= 4 for Int8 or 8bitFloat

reject: Int8 requires GLVWB >= 4, current is 2
rejecting solution 
Cijk_Alik_Bjlk_I8II_BH_MT64x32x16_SN_1LDSB0_APM1_AAIGTEn1_AAILTEn1_AAV0_ABV0_ACED0_AF0EM1_AF1EM1_AMAS3_ASE_ASGT_ASLT_ASM_ASAE01_ASBE01_ASCE01_ASDE01_ASEM
1_AAC0_BL1_BS1_CUM0_CDO0_CTDA0_CLR0_DSK0_DRA0_DU16_DULD1_DTLA0_DTLB0_DTVA0_DTVB0_DAF0_DKP0_DVO0_ETSP_EPS1_ELFLR0_EMLL0_FSSC10_F16AI0_F16AIR0_FL0_GLVWA4_G
LVWB2_GR2A1_GR2B1_GRCGA1_GRCGB1_GRCVA1_GRCVB1_GRPM1_GRVW16_GSU1_GSUASB_GSUAA0_GSUSARR1_GSUWGMRR0_GLS0_ISA1201_IU1_IA0_KLA_LEL0_LBSPPA0_LBSPPB0_LPA2_LPB0_
LDL1_LR2A1_LR2B1_LRVW2_LW2A1_LW2B1_LWPMn1_LDW0_LT1_FMA_MIAV0_MTSM64_MTSM1_MDA2_MI_MO40_MVN256_MMFSC_MKFGSU256_MVN0_NR0_NTA0_NTB0_NTC0_NTD0_NEPBS0_NLCA1_N
LCB1_ONLL1_OPLV0_PBD0_PFD1_PG2_PSD0_PSLn1_PWCn1_PWLn1_PK0_PKAB0_PAP0_PAPM0_PGR1_PLR1_PKA0_RK0_SGR1_SIA1_SLW1_SS0_SU0_SUM0_SUS0_SCIU0_SCIUE0_SCIUI1_SCIUPL
0_SPO0_SRVW0_SSO0_SVW4_SK0_SKA0_SKXCCM0_SNLL0_TSGRA0_TSGRB0_TT4_2_TLDS0_UIIDU0_UMLDSA0_UMLDSB0_UMF0_U64SL1_UIOFGRO0_USFGROn1_VAW1_VSn1_VW2_VWB2_VFLRP0_WS
GRA0_WSGRB0_WS32_WG16_16_1_WGM8_WGMTB

reject: ThreadTile0 4 or ThreadTile1 2 not a multiple of VectorWidth 4
rejecting solution 
Cijk_Alik_Bjlk_I8II_BH_MT64x32x16_SN_1LDSB0_APM1_AAIGTEn1_AAILTEn1_AAV0_ABV0_ACED0_AF0EM1_AF1EM1_AMASn1_ASE_ASGT_ASLT_ASM_ASAE01_ASBE01_ASCE01_ASDE01_ASE
M1_AAC0_BL1_BS1_CUM0_CDO0_CTDA0_CLR0_DSK0_DRA0_DU16_DULD1_DTLA0_DTLB0_DTVA0_DTVB0_DAF0_DKP0_DVO0_ETSP_EPS1_ELFLR0_EMLL0_FSSC10_F16AI0_F16AIR0_FL0_GLVWA16
_GLVWB16_GR2A1_GR2B1_GRCGA1_GRCGB1_GRCVA1_GRCVB1_GRPM1_GRVW16_GSU1_GSUASB_GSUAA0_GSUSARR1_GSUWGMRR0_GLS0_ISA1201_IU1_IA0_KLA_LEL0_LBSPPAn1_LBSPPBn1_LPAn1
_LPBn1_LDL1_LR2A1_LR2B1_LRVWn1_LW2A1_LW2B1_LWPMn1_LDW0_LT1_FMA_MIAV0_MTSM64_MTSM1_MDA2_MI_MO40_MVN256_MMFSC_MKFGSU256_MVN0_NR0_NTA0_NTB0_NTC0_NTD0_NEPBS0
_NLCA1_NLCB1_ONLL1_OPLV0_PBD0_PFD1_PG2_PSD0_PSLn1_PWCn1_PWLn1_PK0_PKAB0_PAP0_PAPM0_PGR1_PLR1_PKA0_RK0_SGR1_SIA1_SLW1_SS0_SU0_SUM0_SUS0_SCIU0_SCIUE0_SCIUI
1_SCIUPL0_SPO0_SRVW0_SSO0_SVWn1_SK0_SKA0_SKXCCM0_SNLL0_TSGRA0_TSGRB0_TT4_2_TLDS0_UIIDU0_UMLDSA0_UMLDSB0_UMF0_U64SL1_UIOFGRO0_USFGROn1_VAWn1_VSn1_VW4_VWBn
1_VFLRP0_WSGRA0_WSGRB0_WS32_WG16_16_1_WGM8_WGMTB

reject: VectorWidth must be >= 4 for Int8 or 8bitFloat

reject: Int8 requires GLVWB >= 4, current is 2

reject: GlobalLoadVectorWidthB 2 must be == VectorWidth 1 or == 1
rejecting solution 
Cijk_Alik_Bjlk_I8II_BH_MT64x32x16_SN_1LDSB0_APM1_AAIGTEn1_AAILTEn1_AAV0_ABV0_ACED0_AF0EM1_AF1EM1_AMAS0_ASE_ASGT_ASLT_ASM_ASAE01_ASBE01_ASCE01_ASDE01_ASEM
1_AAC0_BL1_BS1_CUM0_CDO0_CTDA0_CLR0_DSK0_DRA0_DU16_DULD1_DTLA0_DTLB0_DTVA0_DTVB0_DAF0_DKP0_DVO0_ETSP_EPS1_ELFLR0_EMLL0_FSSC10_F16AI0_F16AIR0_FL0_GLVWA4_G
LVWB2_GR2A1_GR2B1_GRCGA1_GRCGB1_GRCVA1_GRCVB1_GRPM1_GRVW4_GSU1_GSUASB_GSUAA0_GSUSARR1_GSUWGMRR0_GLS0_ISA1201_IU1_IA0_KLA_LEL0_LBSPPA0_LBSPPB0_LPA1_LPB0_L
DL1_LR2A1_LR2B1_LRVW1_LW2A1_LW2B1_LWPMn1_LDW0_LT1_FMA_MIAV0_MTSM64_MTSM1_MDA2_MI_MO40_MVN256_MMFSC_MKFGSU256_MVN0_NR0_NTA0_NTB0_NTC0_NTD0_NEPBS0_NLCA1_NL
CB1_ONLL1_OPLV0_PBD0_PFD1_PG2_PSD0_PSLn1_PWCn1_PWLn1_PK0_PKAB0_PAP0_PAPM0_PGR1_PLR1_PKA0_RK0_SGR1_SIA1_SLW1_SS0_SU32_SUM0_SUS256_SCIU0_SCIUE0_SCIUI1_SCIU
PL0_SPO0_SRVW0_SSO0_SVW4_SK0_SKA0_SKXCCM0_SNLL0_TSGRA0_TSGRB0_TT4_2_TLDS0_UIIDU0_UMLDSA0_UMLDSB0_UMF0_U64SL1_UIOFGRO0_USFGROn1_VAW1_VSn1_VW1_VWB1_VFLRP0_
WSGRA0_WSGRB0_WS32_WG16_16_1_WGM8_WGMTB

reject: VectorWidth must be >= 4 for Int8 or 8bitFloat

reject: Int8 requires GLVWB >= 4, current is 2
rejecting solution 
Cijk_Alik_Bjlk_I8II_BH_MT64x32x16_SN_1LDSB0_APM1_AAIGTEn1_AAILTEn1_AAV0_ABV0_ACED0_AF0EM1_AF1EM1_AMAS3_ASE_ASGT_ASLT_ASM_ASAE01_ASBE01_ASCE01_ASDE01_ASEM
1_AAC0_BL1_BS1_CUM0_CDO0_CTDA0_CLR0_DSK0_DRA0_DU16_DULD1_DTLA0_DTLB0_DTVA0_DTVB0_DAF0_DKP0_DVO0_ETSP_EPS1_ELFLR0_EMLL0_FSSC10_F16AI0_F16AIR0_FL0_GLVWA4_G
LVWB2_GR2A1_GR2B1_GRCGA1_GRCGB1_GRCVA1_GRCVB1_GRPM1_GRVW4_GSU1_GSUASB_GSUAA0_GSUSARR1_GSUWGMRR0_GLS0_ISA1201_IU1_IA0_KLA_LEL0_LBSPPA0_LBSPPB0_LPA2_LPB0_L
DL1_LR2A1_LR2B1_LRVW2_LW2A1_LW2B1_LWPMn1_LDW0_LT1_FMA_MIAV0_MTSM64_MTSM1_MDA2_MI_MO40_MVN256_MMFSC_MKFGSU256_MVN0_NR0_NTA0_NTB0_NTC0_NTD0_NEPBS0_NLCA1_NL
CB1_ONLL1_OPLV0_PBD0_PFD1_PG2_PSD0_PSLn1_PWCn1_PWLn1_PK0_PKAB0_PAP0_PAPM0_PGR1_PLR1_PKA0_RK0_SGR1_SIA1_SLW1_SS0_SU32_SUM0_SUS256_SCIU0_SCIUE0_SCIUI1_SCIU
PL0_SPO0_SRVW0_SSO0_SVW4_SK0_SKA0_SKXCCM0_SNLL0_TSGRA0_TSGRB0_TT4_2_TLDS0_UIIDU0_UMLDSA0_UMLDSB0_UMF0_U64SL1_UIOFGRO0_USFGROn1_VAW1_VSn1_VW2_VWB2_VFLRP0_
WSGRA0_WSGRB0_WS32_WG16_16_1_WGM8_WGMTB

reject: ThreadTile0 4 or ThreadTile1 2 not a multiple of VectorWidth 4
rejecting solution 
Cijk_Alik_Bjlk_I8II_BH_MT64x32x16_SN_1LDSB0_APM1_AAIGTEn1_AAILTEn1_AAV0_ABV0_ACED0_AF0EM1_AF1EM1_AMASn1_ASE_ASGT_ASLT_ASM_ASAE01_ASBE01_ASCE01_ASDE01_ASE
M1_AAC0_BL1_BS1_CUM0_CDO0_CTDA0_CLR0_DSK0_DRA0_DU16_DULD1_DTLA0_DTLB0_DTVA0_DTVB0_DAF0_DKP0_DVO0_ETSP_EPS1_ELFLR0_EMLL0_FSSC10_F16AI0_F16AIR0_FL0_GLVWA4_
GLVWB4_GR2A1_GR2B1_GRCGA1_GRCGB1_GRCVA1_GRCVB1_GRPM1_GRVW4_GSU1_GSUASB_GSUAA0_GSUSARR1_GSUWGMRR0_GLS0_ISA1201_IU1_IA0_KLA_LEL0_LBSPPAn1_LBSPPBn1_LPAn1_LP
Bn1_LDL1_LR2A1_LR2B1_LRVWn1_LW2A1_LW2B1_LWPMn1_LDW0_LT1_FMA_MIAV0_MTSM64_MTSM1_MDA2_MI_MO40_MVN256_MMFSC_MKFGSU256_MVN0_NR0_NTA0_NTB0_NTC0_NTD0_NEPBS0_NL
CA1_NLCB1_ONLL1_OPLV0_PBD0_PFD1_PG2_PSD0_PSLn1_PWCn1_PWLn1_PK0_PKAB0_PAP0_PAPM0_PGR1_PLR1_PKA0_RK0_SGR1_SIA1_SLW1_SS0_SU32_SUM0_SUS256_SCIU0_SCIUE0_SCIUI
1_SCIUPL0_SPO0_SRVW0_SSO0_SVWn1_SK0_SKA0_SKXCCM0_SNLL0_TSGRA0_TSGRB0_TT4_2_TLDS0_UIIDU0_UMLDSA0_UMLDSB0_UMF0_U64SL1_UIOFGRO0_USFGROn1_VAWn1_VSn1_VW4_VWBn
1_VFLRP0_WSGRA0_WSGRB0_WS32_WG16_16_1_WGM8_WGMTB

reject: VectorWidth must be >= 4 for Int8 or 8bitFloat

reject: Int8 requires GLVWB >= 4, current is 2

reject: GlobalLoadVectorWidthB 2 must be == VectorWidth 1 or == 1
rejecting solution 
Cijk_Alik_Bjlk_I8II_BH_MT64x32x16_SN_1LDSB0_APM1_AAIGTEn1_AAILTEn1_AAV0_ABV0_ACED0_AF0EM1_AF1EM1_AMAS0_ASE_ASGT_ASLT_ASM_ASAE01_ASBE01_ASCE01_ASDE01_ASEM
1_AAC0_BL1_BS1_CUM0_CDO0_CTDA0_CLR0_DSK0_DRA0_DU16_DULD1_DTLA0_DTLB0_DTVA0_DTVB0_DAF0_DKP0_DVO0_ETSP_EPS1_ELFLR0_EMLL0_FSSC10_F16AI0_F16AIR0_FL0_GLVWA4_G
LVWB2_GR2A1_GR2B1_GRCGA1_GRCGB1_GRCVA1_GRCVB1_GRPM1_GRVW8_GSU1_GSUASB_GSUAA0_GSUSARR1_GSUWGMRR0_GLS0_ISA1201_IU1_IA0_KLA_LEL0_LBSPPA0_LBSPPB0_LPA1_LPB0_L
DL1_LR2A1_LR2B1_LRVW1_LW2A1_LW2B1_LWPMn1_LDW0_LT1_FMA_MIAV0_MTSM64_MTSM1_MDA2_MI_MO40_MVN256_MMFSC_MKFGSU256_MVN0_NR0_NTA0_NTB0_NTC0_NTD0_NEPBS0_NLCA1_NL
CB1_ONLL1_OPLV0_PBD0_PFD1_PG2_PSD0_PSLn1_PWCn1_PWLn1_PK0_PKAB0_PAP0_PAPM0_PGR1_PLR1_PKA0_RK0_SGR1_SIA1_SLW1_SS0_SU32_SUM0_SUS256_SCIU0_SCIUE0_SCIUI1_SCIU
PL0_SPO0_SRVW0_SSO0_SVW4_SK0_SKA0_SKXCCM0_SNLL0_TSGRA0_TSGRB0_TT4_2_TLDS0_UIIDU0_UMLDSA0_UMLDSB0_UMF0_U64SL1_UIOFGRO0_USFGROn1_VAW1_VSn1_VW1_VWB1_VFLRP0_
WSGRA0_WSGRB0_WS32_WG16_16_1_WGM8_WGMTB

reject: VectorWidth must be >= 4 for Int8 or 8bitFloat

reject: Int8 requires GLVWB >= 4, current is 2
rejecting solution 
Cijk_Alik_Bjlk_I8II_BH_MT64x32x16_SN_1LDSB0_APM1_AAIGTEn1_AAILTEn1_AAV0_ABV0_ACED0_AF0EM1_AF1EM1_AMAS3_ASE_ASGT_ASLT_ASM_ASAE01_ASBE01_ASCE01_ASDE01_ASEM
1_AAC0_BL1_BS1_CUM0_CDO0_CTDA0_CLR0_DSK0_DRA0_DU16_DULD1_DTLA0_DTLB0_DTVA0_DTVB0_DAF0_DKP0_DVO0_ETSP_EPS1_ELFLR0_EMLL0_FSSC10_F16AI0_F16AIR0_FL0_GLVWA4_G
LVWB2_GR2A1_GR2B1_GRCGA1_GRCGB1_GRCVA1_GRCVB1_GRPM1_GRVW8_GSU1_GSUASB_GSUAA0_GSUSARR1_GSUWGMRR0_GLS0_ISA1201_IU1_IA0_KLA_LEL0_LBSPPA0_LBSPPB0_LPA2_LPB0_L
DL1_LR2A1_LR2B1_LRVW2_LW2A1_LW2B1_LWPMn1_LDW0_LT1_FMA_MIAV0_MTSM64_MTSM1_MDA2_MI_MO40_MVN256_MMFSC_MKFGSU256_MVN0_NR0_NTA0_NTB0_NTC0_NTD0_NEPBS0_NLCA1_NL
CB1_ONLL1_OPLV0_PBD0_PFD1_PG2_PSD0_PSLn1_PWCn1_PWLn1_PK0_PKAB0_PAP0_PAPM0_PGR1_PLR1_PKA0_RK0_SGR1_SIA1_SLW1_SS0_SU32_SUM0_SUS256_SCIU0_SCIUE0_SCIUI1_SCIU
PL0_SPO0_SRVW0_SSO0_SVW4_SK0_SKA0_SKXCCM0_SNLL0_TSGRA0_TSGRB0_TT4_2_TLDS0_UIIDU0_UMLDSA0_UMLDSB0_UMF0_U64SL1_UIOFGRO0_USFGROn1_VAW1_VSn1_VW2_VWB2_VFLRP0_
WSGRA0_WSGRB0_WS32_WG16_16_1_WGM8_WGMTB

reject: ThreadTile0 4 or ThreadTile1 2 not a multiple of VectorWidth 4
rejecting solution 
Cijk_Alik_Bjlk_I8II_BH_MT64x32x16_SN_1LDSB0_APM1_AAIGTEn1_AAILTEn1_AAV0_ABV0_ACED0_AF0EM1_AF1EM1_AMASn1_ASE_ASGT_ASLT_ASM_ASAE01_ASBE01_ASCE01_ASDE01_ASE
M1_AAC0_BL1_BS1_CUM0_CDO0_CTDA0_CLR0_DSK0_DRA0_DU16_DULD1_DTLA0_DTLB0_DTVA0_DTVB0_DAF0_DKP0_DVO0_ETSP_EPS1_ELFLR0_EMLL0_FSSC10_F16AI0_F16AIR0_FL0_GLVWA8_
GLVWB8_GR2A1_GR2B1_GRCGA1_GRCGB1_GRCVA1_GRCVB1_GRPM1_GRVW8_GSU1_GSUASB_GSUAA0_GSUSARR1_GSUWGMRR0_GLS0_ISA1201_IU1_IA0_KLA_LEL0_LBSPPAn1_LBSPPBn1_LPAn1_LP
Bn1_LDL1_LR2A1_LR2B1_LRVWn1_LW2A1_LW2B1_LWPMn1_LDW0_LT1_FMA_MIAV0_MTSM64_MTSM1_MDA2_MI_MO40_MVN256_MMFSC_MKFGSU256_MVN0_NR0_NTA0_NTB0_NTC0_NTD0_NEPBS0_NL
CA1_NLCB1_ONLL1_OPLV0_PBD0_PFD1_PG2_PSD0_PSLn1_PWCn1_PWLn1_PK0_PKAB0_PAP0_PAPM0_PGR1_PLR1_PKA0_RK0_SGR1_SIA1_SLW1_SS0_SU32_SUM0_SUS256_SCIU0_SCIUE0_SCIUI
1_SCIUPL0_SPO0_SRVW0_SSO0_SVWn1_SK0_SKA0_SKXCCM0_SNLL0_TSGRA0_TSGRB0_TT4_2_TLDS0_UIIDU0_UMLDSA0_UMLDSB0_UMF0_U64SL1_UIOFGRO0_USFGROn1_VAWn1_VSn1_VW4_VWBn
1_VFLRP0_WSGRA0_WSGRB0_WS32_WG16_16_1_WGM8_WGMTB

reject: VectorWidth must be >= 4 for Int8 or 8bitFloat

reject: Int8 requires GLVWB >= 4, current is 2

reject: GlobalLoadVectorWidthB 2 must be == VectorWidth 1 or == 1
rejecting solution 
Cijk_Alik_Bjlk_I8II_BH_MT64x32x16_SN_1LDSB0_APM1_AAIGTEn1_AAILTEn1_AAV0_ABV0_ACED0_AF0EM1_AF1EM1_AMAS0_ASE_ASGT_ASLT_ASM_ASAE01_ASBE01_ASCE01_ASDE01_ASEM
1_AAC0_BL1_BS1_CUM0_CDO0_CTDA0_CLR0_DSK0_DRA0_DU16_DULD1_DTLA0_DTLB0_DTVA0_DTVB0_DAF0_DKP0_DVO0_ETSP_EPS1_ELFLR0_EMLL0_FSSC10_F16AI0_F16AIR0_FL0_GLVWA4_G
LVWB2_GR2A1_GR2B1_GRCGA1_GRCGB1_GRCVA1_GRCVB1_GRPM1_GRVW16_GSU1_GSUASB_GSUAA0_GSUSARR1_GSUWGMRR0_GLS0_ISA1201_IU1_IA0_KLA_LEL0_LBSPPA0_LBSPPB0_LPA1_LPB0_
LDL1_LR2A1_LR2B1_LRVW1_LW2A1_LW2B1_LWPMn1_LDW0_LT1_FMA_MIAV0_MTSM64_MTSM1_MDA2_MI_MO40_MVN256_MMFSC_MKFGSU256_MVN0_NR0_NTA0_NTB0_NTC0_NTD0_NEPBS0_NLCA1_N
LCB1_ONLL1_OPLV0_PBD0_PFD1_PG2_PSD0_PSLn1_PWCn1_PWLn1_PK0_PKAB0_PAP0_PAPM0_PGR1_PLR1_PKA0_RK0_SGR1_SIA1_SLW1_SS0_SU32_SUM0_SUS256_SCIU0_SCIUE0_SCIUI1_SCI
UPL0_SPO0_SRVW0_SSO0_SVW4_SK0_SKA0_SKXCCM0_SNLL0_TSGRA0_TSGRB0_TT4_2_TLDS0_UIIDU0_UMLDSA0_UMLDSB0_UMF0_U64SL1_UIOFGRO0_USFGROn1_VAW1_VSn1_VW1_VWB1_VFLRP0
_WSGRA0_WSGRB0_WS32_WG16_16_1_WGM8_WGMTB

reject: VectorWidth must be >= 4 for Int8 or 8bitFloat

reject: Int8 requires GLVWB >= 4, current is 2
rejecting solution 
Cijk_Alik_Bjlk_I8II_BH_MT64x32x16_SN_1LDSB0_APM1_AAIGTEn1_AAILTEn1_AAV0_ABV0_ACED0_AF0EM1_AF1EM1_AMAS3_ASE_ASGT_ASLT_ASM_ASAE01_ASBE01_ASCE01_ASDE01_ASEM
1_AAC0_BL1_BS1_CUM0_CDO0_CTDA0_CLR0_DSK0_DRA0_DU16_DULD1_DTLA0_DTLB0_DTVA0_DTVB0_DAF0_DKP0_DVO0_ETSP_EPS1_ELFLR0_EMLL0_FSSC10_F16AI0_F16AIR0_FL0_GLVWA4_G
LVWB2_GR2A1_GR2B1_GRCGA1_GRCGB1_GRCVA1_GRCVB1_GRPM1_GRVW16_GSU1_GSUASB_GSUAA0_GSUSARR1_GSUWGMRR0_GLS0_ISA1201_IU1_IA0_KLA_LEL0_LBSPPA0_LBSPPB0_LPA2_LPB0_
LDL1_LR2A1_LR2B1_LRVW2_LW2A1_LW2B1_LWPMn1_LDW0_LT1_FMA_MIAV0_MTSM64_MTSM1_MDA2_MI_MO40_MVN256_MMFSC_MKFGSU256_MVN0_NR0_NTA0_NTB0_NTC0_NTD0_NEPBS0_NLCA1_N
LCB1_ONLL1_OPLV0_PBD0_PFD1_PG2_PSD0_PSLn1_PWCn1_PWLn1_PK0_PKAB0_PAP0_PAPM0_PGR1_PLR1_PKA0_RK0_SGR1_SIA1_SLW1_SS0_SU32_SUM0_SUS256_SCIU0_SCIUE0_SCIUI1_SCI
UPL0_SPO0_SRVW0_SSO0_SVW4_SK0_SKA0_SKXCCM0_SNLL0_TSGRA0_TSGRB0_TT4_2_TLDS0_UIIDU0_UMLDSA0_UMLDSB0_UMF0_U64SL1_UIOFGRO0_USFGROn1_VAW1_VSn1_VW2_VWB2_VFLRP0
_WSGRA0_WSGRB0_WS32_WG16_16_1_WGM8_WGMTB

reject: ThreadTile0 4 or ThreadTile1 2 not a multiple of VectorWidth 4
rejecting solution 
Cijk_Alik_Bjlk_I8II_BH_MT64x32x16_SN_1LDSB0_APM1_AAIGTEn1_AAILTEn1_AAV0_ABV0_ACED0_AF0EM1_AF1EM1_AMASn1_ASE_ASGT_ASLT_ASM_ASAE01_ASBE01_ASCE01_ASDE01_ASE
M1_AAC0_BL1_BS1_CUM0_CDO0_CTDA0_CLR0_DSK0_DRA0_DU16_DULD1_DTLA0_DTLB0_DTVA0_DTVB0_DAF0_DKP0_DVO0_ETSP_EPS1_ELFLR0_EMLL0_FSSC10_F16AI0_F16AIR0_FL0_GLVWA16
_GLVWB16_GR2A1_GR2B1_GRCGA1_GRCGB1_GRCVA1_GRCVB1_GRPM1_GRVW16_GSU1_GSUASB_GSUAA0_GSUSARR1_GSUWGMRR0_GLS0_ISA1201_IU1_IA0_KLA_LEL0_LBSPPAn1_LBSPPBn1_LPAn1
_LPBn1_LDL1_LR2A1_LR2B1_LRVWn1_LW2A1_LW2B1_LWPMn1_LDW0_LT1_FMA_MIAV0_MTSM64_MTSM1_MDA2_MI_MO40_MVN256_MMFSC_MKFGSU256_MVN0_NR0_NTA0_NTB0_NTC0_NTD0_NEPBS0
_NLCA1_NLCB1_ONLL1_OPLV0_PBD0_PFD1_PG2_PSD0_PSLn1_PWCn1_PWLn1_PK0_PKAB0_PAP0_PAPM0_PGR1_PLR1_PKA0_RK0_SGR1_SIA1_SLW1_SS0_SU32_SUM0_SUS256_SCIU0_SCIUE0_SC
IUI1_SCIUPL0_SPO0_SRVW0_SSO0_SVWn1_SK0_SKA0_SKXCCM0_SNLL0_TSGRA0_TSGRB0_TT4_2_TLDS0_UIIDU0_UMLDSA0_UMLDSB0_UMF0_U64SL1_UIOFGRO0_USFGROn1_VAWn1_VSn1_VW4_V
WBn1_VFLRP0_WSGRA0_WSGRB0_WS32_WG16_16_1_WGM8_WGMTB

reject: VectorWidth must be >= 4 for Int8 or 8bitFloat

reject: Int8 requires GLVWA >= 4, current is 2

reject: GlobalLoadVectorWidthB 4 must be == VectorWidth 1 or == 1
rejecting solution 
Cijk_Alik_Bjlk_I8II_BH_MT32x64x16_SN_1LDSB0_APM1_AAIGTEn1_AAILTEn1_AAV0_ABV0_ACED0_AF0EM1_AF1EM1_AMAS0_ASE_ASGT_ASLT_ASM_ASAE01_ASBE01_ASCE01_ASDE01_ASEM
1_AAC0_BL1_BS1_CUM0_CDO0_CTDA0_CLR0_DSK0_DRA0_DU16_DULD1_DTLA0_DTLB0_DTVA0_DTVB0_DAF0_DKP0_DVO0_ETSP_EPS1_ELFLR0_EMLL0_FSSC10_F16AI0_F16AIR0_FL0_GLVWA2_G
LVWB4_GR2A1_GR2B1_GRCGA1_GRCGB1_GRCVA1_GRCVB1_GRPM1_GRVW4_GSU1_GSUASB_GSUAA0_GSUSARR1_GSUWGMRR0_GLS0_ISA1201_IU1_IA0_KLA_LEL0_LBSPPA0_LBSPPB0_LPA1_LPB0_L
DL1_LR2A1_LR2B1_LRVW1_LW2A1_LW2B1_LWPMn1_LDW0_LT1_FMA_MIAV0_MTSM64_MTSM1_MDA2_MI_MO40_MVN256_MMFSC_MKFGSU256_MVN0_NR0_NTA0_NTB0_NTC0_NTD0_NEPBS0_NLCA1_NL
CB1_ONLL1_OPLV0_PBD0_PFD1_PG2_PSD0_PSLn1_PWCn1_PWLn1_PK0_PKAB0_PAP0_PAPM0_PGR1_PLR1_PKA0_RK0_SGR1_SIA1_SLW1_SS0_SU0_SUM0_SUS0_SCIU0_SCIUE0_SCIUI1_SCIUPL0
_SPO0_SRVW0_SSO0_SVW4_SK0_SKA0_SKXCCM0_SNLL0_TSGRA0_TSGRB0_TT2_4_TLDS0_UIIDU0_UMLDSA0_UMLDSB0_UMF0_U64SL1_UIOFGRO0_USFGROn1_VAW1_VSn1_VW1_VWB1_VFLRP0_WSG
RA0_WSGRB0_WS32_WG16_16_1_WGM8_WGMTB

reject: VectorWidth must be >= 4 for Int8 or 8bitFloat

reject: Int8 requires GLVWA >= 4, current is 2

reject: GlobalLoadVectorWidthB 4 must be == VectorWidth 2 or == 1
rejecting solution 
Cijk_Alik_Bjlk_I8II_BH_MT32x64x16_SN_1LDSB0_APM1_AAIGTEn1_AAILTEn1_AAV0_ABV0_ACED0_AF0EM1_AF1EM1_AMAS3_ASE_ASGT_ASLT_ASM_ASAE01_ASBE01_ASCE01_ASDE01_ASEM
1_AAC0_BL1_BS1_CUM0_CDO0_CTDA0_CLR0_DSK0_DRA0_DU16_DULD1_DTLA0_DTLB0_DTVA0_DTVB0_DAF0_DKP0_DVO0_ETSP_EPS1_ELFLR0_EMLL0_FSSC10_F16AI0_F16AIR0_FL0_GLVWA2_G
LVWB4_GR2A1_GR2B1_GRCGA1_GRCGB1_GRCVA1_GRCVB1_GRPM1_GRVW4_GSU1_GSUASB_GSUAA0_GSUSARR1_GSUWGMRR0_GLS0_ISA1201_IU1_IA0_KLA_LEL0_LBSPPA0_LBSPPB0_LPA2_LPB0_L
DL1_LR2A1_LR2B1_LRVW2_LW2A1_LW2B1_LWPMn1_LDW0_LT1_FMA_MIAV0_MTSM64_MTSM1_MDA2_MI_MO40_MVN256_MMFSC_MKFGSU256_MVN0_NR0_NTA0_NTB0_NTC0_NTD0_NEPBS0_NLCA1_NL
CB1_ONLL1_OPLV0_PBD0_PFD1_PG2_PSD0_PSLn1_PWCn1_PWLn1_PK0_PKAB0_PAP0_PAPM0_PGR1_PLR1_PKA0_RK0_SGR1_SIA1_SLW1_SS0_SU0_SUM0_SUS0_SCIU0_SCIUE0_SCIUI1_SCIUPL0
_SPO0_SRVW0_SSO0_SVW4_SK0_SKA0_SKXCCM0_SNLL0_TSGRA0_TSGRB0_TT2_4_TLDS0_UIIDU0_UMLDSA0_UMLDSB0_UMF0_U64SL1_UIOFGRO0_USFGROn1_VAW1_VSn1_VW2_VWB2_VFLRP0_WSG
RA0_WSGRB0_WS32_WG16_16_1_WGM8_WGMTB

reject: ThreadTile0 2 or ThreadTile1 4 not a multiple of VectorWidth 4
rejecting solution 
Cijk_Alik_Bjlk_I8II_BH_MT32x64x16_SN_1LDSB0_APM1_AAIGTEn1_AAILTEn1_AAV0_ABV0_ACED0_AF0EM1_AF1EM1_AMASn1_ASE_ASGT_ASLT_ASM_ASAE01_ASBE01_ASCE01_ASDE01_ASE
M1_AAC0_BL1_BS1_CUM0_CDO0_CTDA0_CLR0_DSK0_DRA0_DU16_DULD1_DTLA0_DTLB0_DTVA0_DTVB0_DAF0_DKP0_DVO0_ETSP_EPS1_ELFLR0_EMLL0_FSSC10_F16AI0_F16AIR0_FL0_GLVWA4_
GLVWB4_GR2A1_GR2B1_GRCGA1_GRCGB1_GRCVA1_GRCVB1_GRPM1_GRVW4_GSU1_GSUASB_GSUAA0_GSUSARR1_GSUWGMRR0_GLS0_ISA1201_IU1_IA0_KLA_LEL0_LBSPPAn1_LBSPPBn1_LPAn1_LP
Bn1_LDL1_LR2A1_LR2B1_LRVWn1_LW2A1_LW2B1_LWPMn1_LDW0_LT1_FMA_MIAV0_MTSM64_MTSM1_MDA2_MI_MO40_MVN256_MMFSC_MKFGSU256_MVN0_NR0_NTA0_NTB0_NTC0_NTD0_NEPBS0_NL
CA1_NLCB1_ONLL1_OPLV0_PBD0_PFD1_PG2_PSD0_PSLn1_PWCn1_PWLn1_PK0_PKAB0_PAP0_PAPM0_PGR1_PLR1_PKA0_RK0_SGR1_SIA1_SLW1_SS0_SU0_SUM0_SUS0_SCIU0_SCIUE0_SCIUI1_S
CIUPL0_SPO0_SRVW0_SSO0_SVWn1_SK0_SKA0_SKXCCM0_SNLL0_TSGRA0_TSGRB0_TT2_4_TLDS0_UIIDU0_UMLDSA0_UMLDSB0_UMF0_U64SL1_UIOFGRO0_USFGROn1_VAWn1_VSn1_VW4_VWBn1_V
FLRP0_WSGRA0_WSGRB0_WS32_WG16_16_1_WGM8_WGMTB

reject: VectorWidth must be >= 4 for Int8 or 8bitFloat

reject: Int8 requires GLVWA >= 4, current is 2

reject: GlobalLoadVectorWidthB 4 must be == VectorWidth 1 or == 1
rejecting solution 
Cijk_Alik_Bjlk_I8II_BH_MT32x64x16_SN_1LDSB0_APM1_AAIGTEn1_AAILTEn1_AAV0_ABV0_ACED0_AF0EM1_AF1EM1_AMAS0_ASE_ASGT_ASLT_ASM_ASAE01_ASBE01_ASCE01_ASDE01_ASEM
1_AAC0_BL1_BS1_CUM0_CDO0_CTDA0_CLR0_DSK0_DRA0_DU16_DULD1_DTLA0_DTLB0_DTVA0_DTVB0_DAF0_DKP0_DVO0_ETSP_EPS1_ELFLR0_EMLL0_FSSC10_F16AI0_F16AIR0_FL0_GLVWA2_G
LVWB4_GR2A1_GR2B1_GRCGA1_GRCGB1_GRCVA1_GRCVB1_GRPM1_GRVW8_GSU1_GSUASB_GSUAA0_GSUSARR1_GSUWGMRR0_GLS0_ISA1201_IU1_IA0_KLA_LEL0_LBSPPA0_LBSPPB0_LPA1_LPB0_L
DL1_LR2A1_LR2B1_LRVW1_LW2A1_LW2B1_LWPMn1_LDW0_LT1_FMA_MIAV0_MTSM64_MTSM1_MDA2_MI_MO40_MVN256_MMFSC_MKFGSU256_MVN0_NR0_NTA0_NTB0_NTC0_NTD0_NEPBS0_NLCA1_NL
CB1_ONLL1_OPLV0_PBD0_PFD1_PG2_PSD0_PSLn1_PWCn1_PWLn1_PK0_PKAB0_PAP0_PAPM0_PGR1_PLR1_PKA0_RK0_SGR1_SIA1_SLW1_SS0_SU0_SUM0_SUS0_SCIU0_SCIUE0_SCIUI1_SCIUPL0
_SPO0_SRVW0_SSO0_SVW4_SK0_SKA0_SKXCCM0_SNLL0_TSGRA0_TSGRB0_TT2_4_TLDS0_UIIDU0_UMLDSA0_UMLDSB0_UMF0_U64SL1_UIOFGRO0_USFGROn1_VAW1_VSn1_VW1_VWB1_VFLRP0_WSG
RA0_WSGRB0_WS32_WG16_16_1_WGM8_WGMTB

reject: VectorWidth must be >= 4 for Int8 or 8bitFloat

reject: Int8 requires GLVWA >= 4, current is 2

reject: GlobalLoadVectorWidthB 4 must be == VectorWidth 2 or == 1
rejecting solution 
Cijk_Alik_Bjlk_I8II_BH_MT32x64x16_SN_1LDSB0_APM1_AAIGTEn1_AAILTEn1_AAV0_ABV0_ACED0_AF0EM1_AF1EM1_AMAS3_ASE_ASGT_ASLT_ASM_ASAE01_ASBE01_ASCE01_ASDE01_ASEM
1_AAC0_BL1_BS1_CUM0_CDO0_CTDA0_CLR0_DSK0_DRA0_DU16_DULD1_DTLA0_DTLB0_DTVA0_DTVB0_DAF0_DKP0_DVO0_ETSP_EPS1_ELFLR0_EMLL0_FSSC10_F16AI0_F16AIR0_FL0_GLVWA2_G
LVWB4_GR2A1_GR2B1_GRCGA1_GRCGB1_GRCVA1_GRCVB1_GRPM1_GRVW8_GSU1_GSUASB_GSUAA0_GSUSARR1_GSUWGMRR0_GLS0_ISA1201_IU1_IA0_KLA_LEL0_LBSPPA0_LBSPPB0_LPA2_LPB0_L
DL1_LR2A1_LR2B1_LRVW2_LW2A1_LW2B1_LWPMn1_LDW0_LT1_FMA_MIAV0_MTSM64_MTSM1_MDA2_MI_MO40_MVN256_MMFSC_MKFGSU256_MVN0_NR0_NTA0_NTB0_NTC0_NTD0_NEPBS0_NLCA1_NL
CB1_ONLL1_OPLV0_PBD0_PFD1_PG2_PSD0_PSLn1_PWCn1_PWLn1_PK0_PKAB0_PAP0_PAPM0_PGR1_PLR1_PKA0_RK0_SGR1_SIA1_SLW1_SS0_SU0_SUM0_SUS0_SCIU0_SCIUE0_SCIUI1_SCIUPL0
_SPO0_SRVW0_SSO0_SVW4_SK0_SKA0_SKXCCM0_SNLL0_TSGRA0_TSGRB0_TT2_4_TLDS0_UIIDU0_UMLDSA0_UMLDSB0_UMF0_U64SL1_UIOFGRO0_USFGROn1_VAW1_VSn1_VW2_VWB2_VFLRP0_WSG
RA0_WSGRB0_WS32_WG16_16_1_WGM8_WGMTB

reject: ThreadTile0 2 or ThreadTile1 4 not a multiple of VectorWidth 4
rejecting solution 
Cijk_Alik_Bjlk_I8II_BH_MT32x64x16_SN_1LDSB0_APM1_AAIGTEn1_AAILTEn1_AAV0_ABV0_ACED0_AF0EM1_AF1EM1_AMASn1_ASE_ASGT_ASLT_ASM_ASAE01_ASBE01_ASCE01_ASDE01_ASE
M1_AAC0_BL1_BS1_CUM0_CDO0_CTDA0_CLR0_DSK0_DRA0_DU16_DULD1_DTLA0_DTLB0_DTVA0_DTVB0_DAF0_DKP0_DVO0_ETSP_EPS1_ELFLR0_EMLL0_FSSC10_F16AI0_F16AIR0_FL0_GLVWA8_
GLVWB8_GR2A1_GR2B1_GRCGA1_GRCGB1_GRCVA1_GRCVB1_GRPM1_GRVW8_GSU1_GSUASB_GSUAA0_GSUSARR1_GSUWGMRR0_GLS0_ISA1201_IU1_IA0_KLA_LEL0_LBSPPAn1_LBSPPBn1_LPAn1_LP
Bn1_LDL1_LR2A1_LR2B1_LRVWn1_LW2A1_LW2B1_LWPMn1_LDW0_LT1_FMA_MIAV0_MTSM64_MTSM1_MDA2_MI_MO40_MVN256_MMFSC_MKFGSU256_MVN0_NR0_NTA0_NTB0_NTC0_NTD0_NEPBS0_NL
CA1_NLCB1_ONLL1_OPLV0_PBD0_PFD1_PG2_PSD0_PSLn1_PWCn1_PWLn1_PK0_PKAB0_PAP0_PAPM0_PGR1_PLR1_PKA0_RK0_SGR1_SIA1_SLW1_SS0_SU0_SUM0_SUS0_SCIU0_SCIUE0_SCIUI1_S
CIUPL0_SPO0_SRVW0_SSO0_SVWn1_SK0_SKA0_SKXCCM0_SNLL0_TSGRA0_TSGRB0_TT2_4_TLDS0_UIIDU0_UMLDSA0_UMLDSB0_UMF0_U64SL1_UIOFGRO0_USFGROn1_VAWn1_VSn1_VW4_VWBn1_V
FLRP0_WSGRA0_WSGRB0_WS32_WG16_16_1_WGM8_WGMTB

reject: VectorWidth must be >= 4 for Int8 or 8bitFloat

reject: Int8 requires GLVWA >= 4, current is 2

reject: GlobalLoadVectorWidthB 4 must be == VectorWidth 1 or == 1
rejecting solution 
Cijk_Alik_Bjlk_I8II_BH_MT32x64x16_SN_1LDSB0_APM1_AAIGTEn1_AAILTEn1_AAV0_ABV0_ACED0_AF0EM1_AF1EM1_AMAS0_ASE_ASGT_ASLT_ASM_ASAE01_ASBE01_ASCE01_ASDE01_ASEM
1_AAC0_BL1_BS1_CUM0_CDO0_CTDA0_CLR0_DSK0_DRA0_DU16_DULD1_DTLA0_DTLB0_DTVA0_DTVB0_DAF0_DKP0_DVO0_ETSP_EPS1_ELFLR0_EMLL0_FSSC10_F16AI0_F16AIR0_FL0_GLVWA2_G
LVWB4_GR2A1_GR2B1_GRCGA1_GRCGB1_GRCVA1_GRCVB1_GRPM1_GRVW16_GSU1_GSUASB_GSUAA0_GSUSARR1_GSUWGMRR0_GLS0_ISA1201_IU1_IA0_KLA_LEL0_LBSPPA0_LBSPPB0_LPA1_LPB0_
LDL1_LR2A1_LR2B1_LRVW1_LW2A1_LW2B1_LWPMn1_LDW0_LT1_FMA_MIAV0_MTSM64_MTSM1_MDA2_MI_MO40_MVN256_MMFSC_MKFGSU256_MVN0_NR0_NTA0_NTB0_NTC0_NTD0_NEPBS0_NLCA1_N
LCB1_ONLL1_OPLV0_PBD0_PFD1_PG2_PSD0_PSLn1_PWCn1_PWLn1_PK0_PKAB0_PAP0_PAPM0_PGR1_PLR1_PKA0_RK0_SGR1_SIA1_SLW1_SS0_SU0_SUM0_SUS0_SCIU0_SCIUE0_SCIUI1_SCIUPL
0_SPO0_SRVW0_SSO0_SVW4_SK0_SKA0_SKXCCM0_SNLL0_TSGRA0_TSGRB0_TT2_4_TLDS0_UIIDU0_UMLDSA0_UMLDSB0_UMF0_U64SL1_UIOFGRO0_USFGROn1_VAW1_VSn1_VW1_VWB1_VFLRP0_WS
GRA0_WSGRB0_WS32_WG16_16_1_WGM8_WGMTB

reject: VectorWidth must be >= 4 for Int8 or 8bitFloat

reject: Int8 requires GLVWA >= 4, current is 2

reject: GlobalLoadVectorWidthB 4 must be == VectorWidth 2 or == 1
rejecting solution 
Cijk_Alik_Bjlk_I8II_BH_MT32x64x16_SN_1LDSB0_APM1_AAIGTEn1_AAILTEn1_AAV0_ABV0_ACED0_AF0EM1_AF1EM1_AMAS3_ASE_ASGT_ASLT_ASM_ASAE01_ASBE01_ASCE01_ASDE01_ASEM
1_AAC0_BL1_BS1_CUM0_CDO0_CTDA0_CLR0_DSK0_DRA0_DU16_DULD1_DTLA0_DTLB0_DTVA0_DTVB0_DAF0_DKP0_DVO0_ETSP_EPS1_ELFLR0_EMLL0_FSSC10_F16AI0_F16AIR0_FL0_GLVWA2_G
LVWB4_GR2A1_GR2B1_GRCGA1_GRCGB1_GRCVA1_GRCVB1_GRPM1_GRVW16_GSU1_GSUASB_GSUAA0_GSUSARR1_GSUWGMRR0_GLS0_ISA1201_IU1_IA0_KLA_LEL0_LBSPPA0_LBSPPB0_LPA2_LPB0_
LDL1_LR2A1_LR2B1_LRVW2_LW2A1_LW2B1_LWPMn1_LDW0_LT1_FMA_MIAV0_MTSM64_MTSM1_MDA2_MI_MO40_MVN256_MMFSC_MKFGSU256_MVN0_NR0_NTA0_NTB0_NTC0_NTD0_NEPBS0_NLCA1_N
LCB1_ONLL1_OPLV0_PBD0_PFD1_PG2_PSD0_PSLn1_PWCn1_PWLn1_PK0_PKAB0_PAP0_PAPM0_PGR1_PLR1_PKA0_RK0_SGR1_SIA1_SLW1_SS0_SU0_SUM0_SUS0_SCIU0_SCIUE0_SCIUI1_SCIUPL
0_SPO0_SRVW0_SSO0_SVW4_SK0_SKA0_SKXCCM0_SNLL0_TSGRA0_TSGRB0_TT2_4_TLDS0_UIIDU0_UMLDSA0_UMLDSB0_UMF0_U64SL1_UIOFGRO0_USFGROn1_VAW1_VSn1_VW2_VWB2_VFLRP0_WS
GRA0_WSGRB0_WS32_WG16_16_1_WGM8_WGMTB

reject: ThreadTile0 2 or ThreadTile1 4 not a multiple of VectorWidth 4
rejecting solution 
Cijk_Alik_Bjlk_I8II_BH_MT32x64x16_SN_1LDSB0_APM1_AAIGTEn1_AAILTEn1_AAV0_ABV0_ACED0_AF0EM1_AF1EM1_AMASn1_ASE_ASGT_ASLT_ASM_ASAE01_ASBE01_ASCE01_ASDE01_ASE
M1_AAC0_BL1_BS1_CUM0_CDO0_CTDA0_CLR0_DSK0_DRA0_DU16_DULD1_DTLA0_DTLB0_DTVA0_DTVB0_DAF0_DKP0_DVO0_ETSP_EPS1_ELFLR0_EMLL0_FSSC10_F16AI0_F16AIR0_FL0_GLVWA16
_GLVWB16_GR2A1_GR2B1_GRCGA1_GRCGB1_GRCVA1_GRCVB1_GRPM1_GRVW16_GSU1_GSUASB_GSUAA0_GSUSARR1_GSUWGMRR0_GLS0_ISA1201_IU1_IA0_KLA_LEL0_LBSPPAn1_LBSPPBn1_LPAn1
_LPBn1_LDL1_LR2A1_LR2B1_LRVWn1_LW2A1_LW2B1_LWPMn1_LDW0_LT1_FMA_MIAV0_MTSM64_MTSM1_MDA2_MI_MO40_MVN256_MMFSC_MKFGSU256_MVN0_NR0_NTA0_NTB0_NTC0_NTD0_NEPBS0
_NLCA1_NLCB1_ONLL1_OPLV0_PBD0_PFD1_PG2_PSD0_PSLn1_PWCn1_PWLn1_PK0_PKAB0_PAP0_PAPM0_PGR1_PLR1_PKA0_RK0_SGR1_SIA1_SLW1_SS0_SU0_SUM0_SUS0_SCIU0_SCIUE0_SCIUI
1_SCIUPL0_SPO0_SRVW0_SSO0_SVWn1_SK0_SKA0_SKXCCM0_SNLL0_TSGRA0_TSGRB0_TT2_4_TLDS0_UIIDU0_UMLDSA0_UMLDSB0_UMF0_U64SL1_UIOFGRO0_USFGROn1_VAWn1_VSn1_VW4_VWBn
1_VFLRP0_WSGRA0_WSGRB0_WS32_WG16_16_1_WGM8_WGMTB

reject: VectorWidth must be >= 4 for Int8 or 8bitFloat

reject: Int8 requires GLVWA >= 4, current is 2

reject: GlobalLoadVectorWidthB 4 must be == VectorWidth 1 or == 1
rejecting solution 
Cijk_Alik_Bjlk_I8II_BH_MT32x64x16_SN_1LDSB0_APM1_AAIGTEn1_AAILTEn1_AAV0_ABV0_ACED0_AF0EM1_AF1EM1_AMAS0_ASE_ASGT_ASLT_ASM_ASAE01_ASBE01_ASCE01_ASDE01_ASEM
1_AAC0_BL1_BS1_CUM0_CDO0_CTDA0_CLR0_DSK0_DRA0_DU16_DULD1_DTLA0_DTLB0_DTVA0_DTVB0_DAF0_DKP0_DVO0_ETSP_EPS1_ELFLR0_EMLL0_FSSC10_F16AI0_F16AIR0_FL0_GLVWA2_G
LVWB4_GR2A1_GR2B1_GRCGA1_GRCGB1_GRCVA1_GRCVB1_GRPM1_GRVW4_GSU1_GSUASB_GSUAA0_GSUSARR1_GSUWGMRR0_GLS0_ISA1201_IU1_IA0_KLA_LEL0_LBSPPA0_LBSPPB0_LPA1_LPB0_L
DL1_LR2A1_LR2B1_LRVW1_LW2A1_LW2B1_LWPMn1_LDW0_LT1_FMA_MIAV0_MTSM64_MTSM1_MDA2_MI_MO40_MVN256_MMFSC_MKFGSU256_MVN0_NR0_NTA0_NTB0_NTC0_NTD0_NEPBS0_NLCA1_NL
CB1_ONLL1_OPLV0_PBD0_PFD1_PG2_PSD0_PSLn1_PWCn1_PWLn1_PK0_PKAB0_PAP0_PAPM0_PGR1_PLR1_PKA0_RK0_SGR1_SIA1_SLW1_SS0_SU32_SUM0_SUS256_SCIU0_SCIUE0_SCIUI1_SCIU
PL0_SPO0_SRVW0_SSO0_SVW4_SK0_SKA0_SKXCCM0_SNLL0_TSGRA0_TSGRB0_TT2_4_TLDS0_UIIDU0_UMLDSA0_UMLDSB0_UMF0_U64SL1_UIOFGRO0_USFGROn1_VAW1_VSn1_VW1_VWB1_VFLRP0_
WSGRA0_WSGRB0_WS32_WG16_16_1_WGM8_WGMTB

reject: VectorWidth must be >= 4 for Int8 or 8bitFloat

reject: Int8 requires GLVWA >= 4, current is 2

reject: GlobalLoadVectorWidthB 4 must be == VectorWidth 2 or == 1
rejecting solution 
Cijk_Alik_Bjlk_I8II_BH_MT32x64x16_SN_1LDSB0_APM1_AAIGTEn1_AAILTEn1_AAV0_ABV0_ACED0_AF0EM1_AF1EM1_AMAS3_ASE_ASGT_ASLT_ASM_ASAE01_ASBE01_ASCE01_ASDE01_ASEM
1_AAC0_BL1_BS1_CUM0_CDO0_CTDA0_CLR0_DSK0_DRA0_DU16_DULD1_DTLA0_DTLB0_DTVA0_DTVB0_DAF0_DKP0_DVO0_ETSP_EPS1_ELFLR0_EMLL0_FSSC10_F16AI0_F16AIR0_FL0_GLVWA2_G
LVWB4_GR2A1_GR2B1_GRCGA1_GRCGB1_GRCVA1_GRCVB1_GRPM1_GRVW4_GSU1_GSUASB_GSUAA0_GSUSARR1_GSUWGMRR0_GLS0_ISA1201_IU1_IA0_KLA_LEL0_LBSPPA0_LBSPPB0_LPA2_LPB0_L
DL1_LR2A1_LR2B1_LRVW2_LW2A1_LW2B1_LWPMn1_LDW0_LT1_FMA_MIAV0_MTSM64_MTSM1_MDA2_MI_MO40_MVN256_MMFSC_MKFGSU256_MVN0_NR0_NTA0_NTB0_NTC0_NTD0_NEPBS0_NLCA1_NL
CB1_ONLL1_OPLV0_PBD0_PFD1_PG2_PSD0_PSLn1_PWCn1_PWLn1_PK0_PKAB0_PAP0_PAPM0_PGR1_PLR1_PKA0_RK0_SGR1_SIA1_SLW1_SS0_SU32_SUM0_SUS256_SCIU0_SCIUE0_SCIUI1_SCIU
PL0_SPO0_SRVW0_SSO0_SVW4_SK0_SKA0_SKXCCM0_SNLL0_TSGRA0_TSGRB0_TT2_4_TLDS0_UIIDU0_UMLDSA0_UMLDSB0_UMF0_U64SL1_UIOFGRO0_USFGROn1_VAW1_VSn1_VW2_VWB2_VFLRP0_
WSGRA0_WSGRB0_WS32_WG16_16_1_WGM8_WGMTB

reject: ThreadTile0 2 or ThreadTile1 4 not a multiple of VectorWidth 4
rejecting solution 
Cijk_Alik_Bjlk_I8II_BH_MT32x64x16_SN_1LDSB0_APM1_AAIGTEn1_AAILTEn1_AAV0_ABV0_ACED0_AF0EM1_AF1EM1_AMASn1_ASE_ASGT_ASLT_ASM_ASAE01_ASBE01_ASCE01_ASDE01_ASE
M1_AAC0_BL1_BS1_CUM0_CDO0_CTDA0_CLR0_DSK0_DRA0_DU16_DULD1_DTLA0_DTLB0_DTVA0_DTVB0_DAF0_DKP0_DVO0_ETSP_EPS1_ELFLR0_EMLL0_FSSC10_F16AI0_F16AIR0_FL0_GLVWA4_
GLVWB4_GR2A1_GR2B1_GRCGA1_GRCGB1_GRCVA1_GRCVB1_GRPM1_GRVW4_GSU1_GSUASB_GSUAA0_GSUSARR1_GSUWGMRR0_GLS0_ISA1201_IU1_IA0_KLA_LEL0_LBSPPAn1_LBSPPBn1_LPAn1_LP
Bn1_LDL1_LR2A1_LR2B1_LRVWn1_LW2A1_LW2B1_LWPMn1_LDW0_LT1_FMA_MIAV0_MTSM64_MTSM1_MDA2_MI_MO40_MVN256_MMFSC_MKFGSU256_MVN0_NR0_NTA0_NTB0_NTC0_NTD0_NEPBS0_NL
CA1_NLCB1_ONLL1_OPLV0_PBD0_PFD1_PG2_PSD0_PSLn1_PWCn1_PWLn1_PK0_PKAB0_PAP0_PAPM0_PGR1_PLR1_PKA0_RK0_SGR1_SIA1_SLW1_SS0_SU32_SUM0_SUS256_SCIU0_SCIUE0_SCIUI
1_SCIUPL0_SPO0_SRVW0_SSO0_SVWn1_SK0_SKA0_SKXCCM0_SNLL0_TSGRA0_TSGRB0_TT2_4_TLDS0_UIIDU0_UMLDSA0_UMLDSB0_UMF0_U64SL1_UIOFGRO0_USFGROn1_VAWn1_VSn1_VW4_VWBn
1_VFLRP0_WSGRA0_WSGRB0_WS32_WG16_16_1_WGM8_WGMTB

reject: VectorWidth must be >= 4 for Int8 or 8bitFloat

reject: Int8 requires GLVWA >= 4, current is 2

reject: GlobalLoadVectorWidthB 4 must be == VectorWidth 1 or == 1
rejecting solution 
Cijk_Alik_Bjlk_I8II_BH_MT32x64x16_SN_1LDSB0_APM1_AAIGTEn1_AAILTEn1_AAV0_ABV0_ACED0_AF0EM1_AF1EM1_AMAS0_ASE_ASGT_ASLT_ASM_ASAE01_ASBE01_ASCE01_ASDE01_ASEM
1_AAC0_BL1_BS1_CUM0_CDO0_CTDA0_CLR0_DSK0_DRA0_DU16_DULD1_DTLA0_DTLB0_DTVA0_DTVB0_DAF0_DKP0_DVO0_ETSP_EPS1_ELFLR0_EMLL0_FSSC10_F16AI0_F16AIR0_FL0_GLVWA2_G
LVWB4_GR2A1_GR2B1_GRCGA1_GRCGB1_GRCVA1_GRCVB1_GRPM1_GRVW8_GSU1_GSUASB_GSUAA0_GSUSARR1_GSUWGMRR0_GLS0_ISA1201_IU1_IA0_KLA_LEL0_LBSPPA0_LBSPPB0_LPA1_LPB0_L
DL1_LR2A1_LR2B1_LRVW1_LW2A1_LW2B1_LWPMn1_LDW0_LT1_FMA_MIAV0_MTSM64_MTSM1_MDA2_MI_MO40_MVN256_MMFSC_MKFGSU256_MVN0_NR0_NTA0_NTB0_NTC0_NTD0_NEPBS0_NLCA1_NL
CB1_ONLL1_OPLV0_PBD0_PFD1_PG2_PSD0_PSLn1_PWCn1_PWLn1_PK0_PKAB0_PAP0_PAPM0_PGR1_PLR1_PKA0_RK0_SGR1_SIA1_SLW1_SS0_SU32_SUM0_SUS256_SCIU0_SCIUE0_SCIUI1_SCIU
PL0_SPO0_SRVW0_SSO0_SVW4_SK0_SKA0_SKXCCM0_SNLL0_TSGRA0_TSGRB0_TT2_4_TLDS0_UIIDU0_UMLDSA0_UMLDSB0_UMF0_U64SL1_UIOFGRO0_USFGROn1_VAW1_VSn1_VW1_VWB1_VFLRP0_
WSGRA0_WSGRB0_WS32_WG16_16_1_WGM8_WGMTB

reject: VectorWidth must be >= 4 for Int8 or 8bitFloat

reject: Int8 requires GLVWA >= 4, current is 2

reject: GlobalLoadVectorWidthB 4 must be == VectorWidth 2 or == 1
rejecting solution 
Cijk_Alik_Bjlk_I8II_BH_MT32x64x16_SN_1LDSB0_APM1_AAIGTEn1_AAILTEn1_AAV0_ABV0_ACED0_AF0EM1_AF1EM1_AMAS3_ASE_ASGT_ASLT_ASM_ASAE01_ASBE01_ASCE01_ASDE01_ASEM
1_AAC0_BL1_BS1_CUM0_CDO0_CTDA0_CLR0_DSK0_DRA0_DU16_DULD1_DTLA0_DTLB0_DTVA0_DTVB0_DAF0_DKP0_DVO0_ETSP_EPS1_ELFLR0_EMLL0_FSSC10_F16AI0_F16AIR0_FL0_GLVWA2_G
LVWB4_GR2A1_GR2B1_GRCGA1_GRCGB1_GRCVA1_GRCVB1_GRPM1_GRVW8_GSU1_GSUASB_GSUAA0_GSUSARR1_GSUWGMRR0_GLS0_ISA1201_IU1_IA0_KLA_LEL0_LBSPPA0_LBSPPB0_LPA2_LPB0_L
DL1_LR2A1_LR2B1_LRVW2_LW2A1_LW2B1_LWPMn1_LDW0_LT1_FMA_MIAV0_MTSM64_MTSM1_MDA2_MI_MO40_MVN256_MMFSC_MKFGSU256_MVN0_NR0_NTA0_NTB0_NTC0_NTD0_NEPBS0_NLCA1_NL
CB1_ONLL1_OPLV0_PBD0_PFD1_PG2_PSD0_PSLn1_PWCn1_PWLn1_PK0_PKAB0_PAP0_PAPM0_PGR1_PLR1_PKA0_RK0_SGR1_SIA1_SLW1_SS0_SU32_SUM0_SUS256_SCIU0_SCIUE0_SCIUI1_SCIU
PL0_SPO0_SRVW0_SSO0_SVW4_SK0_SKA0_SKXCCM0_SNLL0_TSGRA0_TSGRB0_TT2_4_TLDS0_UIIDU0_UMLDSA0_UMLDSB0_UMF0_U64SL1_UIOFGRO0_USFGROn1_VAW1_VSn1_VW2_VWB2_VFLRP0_
WSGRA0_WSGRB0_WS32_WG16_16_1_WGM8_WGMTB

reject: ThreadTile0 2 or ThreadTile1 4 not a multiple of VectorWidth 4
rejecting solution 
Cijk_Alik_Bjlk_I8II_BH_MT32x64x16_SN_1LDSB0_APM1_AAIGTEn1_AAILTEn1_AAV0_ABV0_ACED0_AF0EM1_AF1EM1_AMASn1_ASE_ASGT_ASLT_ASM_ASAE01_ASBE01_ASCE01_ASDE01_ASE
M1_AAC0_BL1_BS1_CUM0_CDO0_CTDA0_CLR0_DSK0_DRA0_DU16_DULD1_DTLA0_DTLB0_DTVA0_DTVB0_DAF0_DKP0_DVO0_ETSP_EPS1_ELFLR0_EMLL0_FSSC10_F16AI0_F16AIR0_FL0_GLVWA8_
GLVWB8_GR2A1_GR2B1_GRCGA1_GRCGB1_GRCVA1_GRCVB1_GRPM1_GRVW8_GSU1_GSUASB_GSUAA0_GSUSARR1_GSUWGMRR0_GLS0_ISA1201_IU1_IA0_KLA_LEL0_LBSPPAn1_LBSPPBn1_LPAn1_LP
Bn1_LDL1_LR2A1_LR2B1_LRVWn1_LW2A1_LW2B1_LWPMn1_LDW0_LT1_FMA_MIAV0_MTSM64_MTSM1_MDA2_MI_MO40_MVN256_MMFSC_MKFGSU256_MVN0_NR0_NTA0_NTB0_NTC0_NTD0_NEPBS0_NL
CA1_NLCB1_ONLL1_OPLV0_PBD0_PFD1_PG2_PSD0_PSLn1_PWCn1_PWLn1_PK0_PKAB0_PAP0_PAPM0_PGR1_PLR1_PKA0_RK0_SGR1_SIA1_SLW1_SS0_SU32_SUM0_SUS256_SCIU0_SCIUE0_SCIUI
1_SCIUPL0_SPO0_SRVW0_SSO0_SVWn1_SK0_SKA0_SKXCCM0_SNLL0_TSGRA0_TSGRB0_TT2_4_TLDS0_UIIDU0_UMLDSA0_UMLDSB0_UMF0_U64SL1_UIOFGRO0_USFGROn1_VAWn1_VSn1_VW4_VWBn
1_VFLRP0_WSGRA0_WSGRB0_WS32_WG16_16_1_WGM8_WGMTB

reject: VectorWidth must be >= 4 for Int8 or 8bitFloat

reject: Int8 requires GLVWA >= 4, current is 2

reject: GlobalLoadVectorWidthB 4 must be == VectorWidth 1 or == 1
rejecting solution 
Cijk_Alik_Bjlk_I8II_BH_MT32x64x16_SN_1LDSB0_APM1_AAIGTEn1_AAILTEn1_AAV0_ABV0_ACED0_AF0EM1_AF1EM1_AMAS0_ASE_ASGT_ASLT_ASM_ASAE01_ASBE01_ASCE01_ASDE01_ASEM
1_AAC0_BL1_BS1_CUM0_CDO0_CTDA0_CLR0_DSK0_DRA0_DU16_DULD1_DTLA0_DTLB0_DTVA0_DTVB0_DAF0_DKP0_DVO0_ETSP_EPS1_ELFLR0_EMLL0_FSSC10_F16AI0_F16AIR0_FL0_GLVWA2_G
LVWB4_GR2A1_GR2B1_GRCGA1_GRCGB1_GRCVA1_GRCVB1_GRPM1_GRVW16_GSU1_GSUASB_GSUAA0_GSUSARR1_GSUWGMRR0_GLS0_ISA1201_IU1_IA0_KLA_LEL0_LBSPPA0_LBSPPB0_LPA1_LPB0_
LDL1_LR2A1_LR2B1_LRVW1_LW2A1_LW2B1_LWPMn1_LDW0_LT1_FMA_MIAV0_MTSM64_MTSM1_MDA2_MI_MO40_MVN256_MMFSC_MKFGSU256_MVN0_NR0_NTA0_NTB0_NTC0_NTD0_NEPBS0_NLCA1_N
LCB1_ONLL1_OPLV0_PBD0_PFD1_PG2_PSD0_PSLn1_PWCn1_PWLn1_PK0_PKAB0_PAP0_PAPM0_PGR1_PLR1_PKA0_RK0_SGR1_SIA1_SLW1_SS0_SU32_SUM0_SUS256_SCIU0_SCIUE0_SCIUI1_SCI
UPL0_SPO0_SRVW0_SSO0_SVW4_SK0_SKA0_SKXCCM0_SNLL0_TSGRA0_TSGRB0_TT2_4_TLDS0_UIIDU0_UMLDSA0_UMLDSB0_UMF0_U64SL1_UIOFGRO0_USFGROn1_VAW1_VSn1_VW1_VWB1_VFLRP0
_WSGRA0_WSGRB0_WS32_WG16_16_1_WGM8_WGMTB

reject: VectorWidth must be >= 4 for Int8 or 8bitFloat

reject: Int8 requires GLVWA >= 4, current is 2

reject: GlobalLoadVectorWidthB 4 must be == VectorWidth 2 or == 1
rejecting solution 
Cijk_Alik_Bjlk_I8II_BH_MT32x64x16_SN_1LDSB0_APM1_AAIGTEn1_AAILTEn1_AAV0_ABV0_ACED0_AF0EM1_AF1EM1_AMAS3_ASE_ASGT_ASLT_ASM_ASAE01_ASBE01_ASCE01_ASDE01_ASEM
1_AAC0_BL1_BS1_CUM0_CDO0_CTDA0_CLR0_DSK0_DRA0_DU16_DULD1_DTLA0_DTLB0_DTVA0_DTVB0_DAF0_DKP0_DVO0_ETSP_EPS1_ELFLR0_EMLL0_FSSC10_F16AI0_F16AIR0_FL0_GLVWA2_G
LVWB4_GR2A1_GR2B1_GRCGA1_GRCGB1_GRCVA1_GRCVB1_GRPM1_GRVW16_GSU1_GSUASB_GSUAA0_GSUSARR1_GSUWGMRR0_GLS0_ISA1201_IU1_IA0_KLA_LEL0_LBSPPA0_LBSPPB0_LPA2_LPB0_
LDL1_LR2A1_LR2B1_LRVW2_LW2A1_LW2B1_LWPMn1_LDW0_LT1_FMA_MIAV0_MTSM64_MTSM1_MDA2_MI_MO40_MVN256_MMFSC_MKFGSU256_MVN0_NR0_NTA0_NTB0_NTC0_NTD0_NEPBS0_NLCA1_N
LCB1_ONLL1_OPLV0_PBD0_PFD1_PG2_PSD0_PSLn1_PWCn1_PWLn1_PK0_PKAB0_PAP0_PAPM0_PGR1_PLR1_PKA0_RK0_SGR1_SIA1_SLW1_SS0_SU32_SUM0_SUS256_SCIU0_SCIUE0_SCIUI1_SCI
UPL0_SPO0_SRVW0_SSO0_SVW4_SK0_SKA0_SKXCCM0_SNLL0_TSGRA0_TSGRB0_TT2_4_TLDS0_UIIDU0_UMLDSA0_UMLDSB0_UMF0_U64SL1_UIOFGRO0_USFGROn1_VAW1_VSn1_VW2_VWB2_VFLRP0
_WSGRA0_WSGRB0_WS32_WG16_16_1_WGM8_WGMTB

reject: ThreadTile0 2 or ThreadTile1 4 not a multiple of VectorWidth 4
rejecting solution 
Cijk_Alik_Bjlk_I8II_BH_MT32x64x16_SN_1LDSB0_APM1_AAIGTEn1_AAILTEn1_AAV0_ABV0_ACED0_AF0EM1_AF1EM1_AMASn1_ASE_ASGT_ASLT_ASM_ASAE01_ASBE01_ASCE01_ASDE01_ASE
M1_AAC0_BL1_BS1_CUM0_CDO0_CTDA0_CLR0_DSK0_DRA0_DU16_DULD1_DTLA0_DTLB0_DTVA0_DTVB0_DAF0_DKP0_DVO0_ETSP_EPS1_ELFLR0_EMLL0_FSSC10_F16AI0_F16AIR0_FL0_GLVWA16
_GLVWB16_GR2A1_GR2B1_GRCGA1_GRCGB1_GRCVA1_GRCVB1_GRPM1_GRVW16_GSU1_GSUASB_GSUAA0_GSUSARR1_GSUWGMRR0_GLS0_ISA1201_IU1_IA0_KLA_LEL0_LBSPPAn1_LBSPPBn1_LPAn1
_LPBn1_LDL1_LR2A1_LR2B1_LRVWn1_LW2A1_LW2B1_LWPMn1_LDW0_LT1_FMA_MIAV0_MTSM64_MTSM1_MDA2_MI_MO40_MVN256_MMFSC_MKFGSU256_MVN0_NR0_NTA0_NTB0_NTC0_NTD0_NEPBS0
_NLCA1_NLCB1_ONLL1_OPLV0_PBD0_PFD1_PG2_PSD0_PSLn1_PWCn1_PWLn1_PK0_PKAB0_PAP0_PAPM0_PGR1_PLR1_PKA0_RK0_SGR1_SIA1_SLW1_SS0_SU32_SUM0_SUS256_SCIU0_SCIUE0_SC
IUI1_SCIUPL0_SPO0_SRVW0_SSO0_SVWn1_SK0_SKA0_SKXCCM0_SNLL0_TSGRA0_TSGRB0_TT2_4_TLDS0_UIIDU0_UMLDSA0_UMLDSB0_UMF0_U64SL1_UIOFGRO0_USFGROn1_VAWn1_VSn1_VW4_V
WBn1_VFLRP0_WSGRA0_WSGRB0_WS32_WG16_16_1_WGM8_WGMTB

reject: VectorWidth must be >= 4 for Int8 or 8bitFloat

reject: GlobalLoadVectorWidthB 4 must be == VectorWidth 1 or == 1
rejecting solution 
Cijk_Alik_Bjlk_I8II_BH_MT64x64x16_SN_1LDSB0_APM1_AAIGTEn1_AAILTEn1_AAV0_ABV0_ACED0_AF0EM1_AF1EM1_AMAS0_ASE_ASGT_ASLT_ASM_ASAE01_ASBE01_ASCE01_ASDE01_ASEM
1_AAC0_BL1_BS1_CUM0_CDO0_CTDA0_CLR0_DSK0_DRA0_DU16_DULD1_DTLA0_DTLB0_DTVA0_DTVB0_DAF0_DKP0_DVO0_ETSP_EPS1_ELFLR0_EMLL0_FSSC10_F16AI0_F16AIR0_FL0_GLVWA4_G
LVWB4_GR2A1_GR2B1_GRCGA1_GRCGB1_GRCVA1_GRCVB1_GRPM1_GRVW4_GSU1_GSUASB_GSUAA0_GSUSARR1_GSUWGMRR0_GLS0_ISA1201_IU1_IA0_KLA_LEL0_LBSPPA0_LBSPPB0_LPA1_LPB0_L
DL1_LR2A1_LR2B1_LRVW1_LW2A1_LW2B1_LWPMn1_LDW0_LT1_FMA_MIAV0_MTSM64_MTSM1_MDA2_MI_MO40_MVN256_MMFSC_MKFGSU256_MVN0_NR0_NTA0_NTB0_NTC0_NTD0_NEPBS0_NLCA1_NL
CB1_ONLL1_OPLV0_PBD0_PFD1_PG2_PSD0_PSLn1_PWCn1_PWLn1_PK0_PKAB0_PAP0_PAPM0_PGR1_PLR1_PKA0_RK0_SGR1_SIA1_SLW1_SS0_SU0_SUM0_SUS0_SCIU0_SCIUE0_SCIUI1_SCIUPL0
_SPO0_SRVW0_SSO0_SVW4_SK0_SKA0_SKXCCM0_SNLL0_TSGRA0_TSGRB0_TT4_4_TLDS0_UIIDU0_UMLDSA0_UMLDSB0_UMF0_U64SL1_UIOFGRO0_USFGROn1_VAW1_VSn1_VW1_VWB1_VFLRP0_WSG
RA0_WSGRB0_WS32_WG16_16_1_WGM8_WGMTB

reject: VectorWidth must be >= 4 for Int8 or 8bitFloat

reject: GlobalLoadVectorWidthB 4 must be == VectorWidth 2 or == 1
rejecting solution 
Cijk_Alik_Bjlk_I8II_BH_MT64x64x16_SN_1LDSB0_APM1_AAIGTEn1_AAILTEn1_AAV0_ABV0_ACED0_AF0EM1_AF1EM1_AMAS3_ASE_ASGT_ASLT_ASM_ASAE01_ASBE01_ASCE01_ASDE01_ASEM
1_AAC0_BL1_BS1_CUM0_CDO0_CTDA0_CLR0_DSK0_DRA0_DU16_DULD1_DTLA0_DTLB0_DTVA0_DTVB0_DAF0_DKP0_DVO0_ETSP_EPS1_ELFLR0_EMLL0_FSSC10_F16AI0_F16AIR0_FL0_GLVWA4_G
LVWB4_GR2A1_GR2B1_GRCGA1_GRCGB1_GRCVA1_GRCVB1_GRPM1_GRVW4_GSU1_GSUASB_GSUAA0_GSUSARR1_GSUWGMRR0_GLS0_ISA1201_IU1_IA0_KLA_LEL0_LBSPPA0_LBSPPB0_LPA2_LPB0_L
DL1_LR2A1_LR2B1_LRVW2_LW2A1_LW2B1_LWPMn1_LDW0_LT1_FMA_MIAV0_MTSM64_MTSM1_MDA2_MI_MO40_MVN256_MMFSC_MKFGSU256_MVN0_NR0_NTA0_NTB0_NTC0_NTD0_NEPBS0_NLCA1_NL
CB1_ONLL1_OPLV0_PBD0_PFD1_PG2_PSD0_PSLn1_PWCn1_PWLn1_PK0_PKAB0_PAP0_PAPM0_PGR1_PLR1_PKA0_RK0_SGR1_SIA1_SLW1_SS0_SU0_SUM0_SUS0_SCIU0_SCIUE0_SCIUI1_SCIUPL0
_SPO0_SRVW0_SSO0_SVW4_SK0_SKA0_SKXCCM0_SNLL0_TSGRA0_TSGRB0_TT4_4_TLDS0_UIIDU0_UMLDSA0_UMLDSB0_UMF0_U64SL1_UIOFGRO0_USFGROn1_VAW1_VSn1_VW2_VWB2_VFLRP0_WSG
RA0_WSGRB0_WS32_WG16_16_1_WGM8_WGMTB

reject: VectorWidth must be >= 4 for Int8 or 8bitFloat

reject: GlobalLoadVectorWidthB 4 must be == VectorWidth 1 or == 1
rejecting solution 
Cijk_Alik_Bjlk_I8II_BH_MT64x64x16_SN_1LDSB0_APM1_AAIGTEn1_AAILTEn1_AAV0_ABV0_ACED0_AF0EM1_AF1EM1_AMAS0_ASE_ASGT_ASLT_ASM_ASAE01_ASBE01_ASCE01_ASDE01_ASEM
1_AAC0_BL1_BS1_CUM0_CDO0_CTDA0_CLR0_DSK0_DRA0_DU16_DULD1_DTLA0_DTLB0_DTVA0_DTVB0_DAF0_DKP0_DVO0_ETSP_EPS1_ELFLR0_EMLL0_FSSC10_F16AI0_F16AIR0_FL0_GLVWA4_G
LVWB4_GR2A1_GR2B1_GRCGA1_GRCGB1_GRCVA1_GRCVB1_GRPM1_GRVW8_GSU1_GSUASB_GSUAA0_GSUSARR1_GSUWGMRR0_GLS0_ISA1201_IU1_IA0_KLA_LEL0_LBSPPA0_LBSPPB0_LPA1_LPB0_L
DL1_LR2A1_LR2B1_LRVW1_LW2A1_LW2B1_LWPMn1_LDW0_LT1_FMA_MIAV0_MTSM64_MTSM1_MDA2_MI_MO40_MVN256_MMFSC_MKFGSU256_MVN0_NR0_NTA0_NTB0_NTC0_NTD0_NEPBS0_NLCA1_NL
CB1_ONLL1_OPLV0_PBD0_PFD1_PG2_PSD0_PSLn1_PWCn1_PWLn1_PK0_PKAB0_PAP0_PAPM0_PGR1_PLR1_PKA0_RK0_SGR1_SIA1_SLW1_SS0_SU0_SUM0_SUS0_SCIU0_SCIUE0_SCIUI1_SCIUPL0
_SPO0_SRVW0_SSO0_SVW4_SK0_SKA0_SKXCCM0_SNLL0_TSGRA0_TSGRB0_TT4_4_TLDS0_UIIDU0_UMLDSA0_UMLDSB0_UMF0_U64SL1_UIOFGRO0_USFGROn1_VAW1_VSn1_VW1_VWB1_VFLRP0_WSG
RA0_WSGRB0_WS32_WG16_16_1_WGM8_WGMTB

reject: VectorWidth must be >= 4 for Int8 or 8bitFloat

reject: GlobalLoadVectorWidthB 4 must be == VectorWidth 2 or == 1
rejecting solution 
Cijk_Alik_Bjlk_I8II_BH_MT64x64x16_SN_1LDSB0_APM1_AAIGTEn1_AAILTEn1_AAV0_ABV0_ACED0_AF0EM1_AF1EM1_AMAS3_ASE_ASGT_ASLT_ASM_ASAE01_ASBE01_ASCE01_ASDE01_ASEM
1_AAC0_BL1_BS1_CUM0_CDO0_CTDA0_CLR0_DSK0_DRA0_DU16_DULD1_DTLA0_DTLB0_DTVA0_DTVB0_DAF0_DKP0_DVO0_ETSP_EPS1_ELFLR0_EMLL0_FSSC10_F16AI0_F16AIR0_FL0_GLVWA4_G
LVWB4_GR2A1_GR2B1_GRCGA1_GRCGB1_GRCVA1_GRCVB1_GRPM1_GRVW8_GSU1_GSUASB_GSUAA0_GSUSARR1_GSUWGMRR0_GLS0_ISA1201_IU1_IA0_KLA_LEL0_LBSPPA0_LBSPPB0_LPA2_LPB0_L
DL1_LR2A1_LR2B1_LRVW2_LW2A1_LW2B1_LWPMn1_LDW0_LT1_FMA_MIAV0_MTSM64_MTSM1_MDA2_MI_MO40_MVN256_MMFSC_MKFGSU256_MVN0_NR0_NTA0_NTB0_NTC0_NTD0_NEPBS0_NLCA1_NL
CB1_ONLL1_OPLV0_PBD0_PFD1_PG2_PSD0_PSLn1_PWCn1_PWLn1_PK0_PKAB0_PAP0_PAPM0_PGR1_PLR1_PKA0_RK0_SGR1_SIA1_SLW1_SS0_SU0_SUM0_SUS0_SCIU0_SCIUE0_SCIUI1_SCIUPL0
_SPO0_SRVW0_SSO0_SVW4_SK0_SKA0_SKXCCM0_SNLL0_TSGRA0_TSGRB0_TT4_4_TLDS0_UIIDU0_UMLDSA0_UMLDSB0_UMF0_U64SL1_UIOFGRO0_USFGROn1_VAW1_VSn1_VW2_VWB2_VFLRP0_WSG
RA0_WSGRB0_WS32_WG16_16_1_WGM8_WGMTB

reject: VectorWidth must be >= 4 for Int8 or 8bitFloat

reject: GlobalLoadVectorWidthB 4 must be == VectorWidth 1 or == 1
rejecting solution 
Cijk_Alik_Bjlk_I8II_BH_MT64x64x16_SN_1LDSB0_APM1_AAIGTEn1_AAILTEn1_AAV0_ABV0_ACED0_AF0EM1_AF1EM1_AMAS0_ASE_ASGT_ASLT_ASM_ASAE01_ASBE01_ASCE01_ASDE01_ASEM
1_AAC0_BL1_BS1_CUM0_CDO0_CTDA0_CLR0_DSK0_DRA0_DU16_DULD1_DTLA0_DTLB0_DTVA0_DTVB0_DAF0_DKP0_DVO0_ETSP_EPS1_ELFLR0_EMLL0_FSSC10_F16AI0_F16AIR0_FL0_GLVWA4_G
LVWB4_GR2A1_GR2B1_GRCGA1_GRCGB1_GRCVA1_GRCVB1_GRPM1_GRVW16_GSU1_GSUASB_GSUAA0_GSUSARR1_GSUWGMRR0_GLS0_ISA1201_IU1_IA0_KLA_LEL0_LBSPPA0_LBSPPB0_LPA1_LPB0_
LDL1_LR2A1_LR2B1_LRVW1_LW2A1_LW2B1_LWPMn1_LDW0_LT1_FMA_MIAV0_MTSM64_MTSM1_MDA2_MI_MO40_MVN256_MMFSC_MKFGSU256_MVN0_NR0_NTA0_NTB0_NTC0_NTD0_NEPBS0_NLCA1_N
LCB1_ONLL1_OPLV0_PBD0_PFD1_PG2_PSD0_PSLn1_PWCn1_PWLn1_PK0_PKAB0_PAP0_PAPM0_PGR1_PLR1_PKA0_RK0_SGR1_SIA1_SLW1_SS0_SU0_SUM0_SUS0_SCIU0_SCIUE0_SCIUI1_SCIUPL
0_SPO0_SRVW0_SSO0_SVW4_SK0_SKA0_SKXCCM0_SNLL0_TSGRA0_TSGRB0_TT4_4_TLDS0_UIIDU0_UMLDSA0_UMLDSB0_UMF0_U64SL1_UIOFGRO0_USFGROn1_VAW1_VSn1_VW1_VWB1_VFLRP0_WS
GRA0_WSGRB0_WS32_WG16_16_1_WGM8_WGMTB

reject: VectorWidth must be >= 4 for Int8 or 8bitFloat

reject: GlobalLoadVectorWidthB 4 must be == VectorWidth 2 or == 1
rejecting solution 
Cijk_Alik_Bjlk_I8II_BH_MT64x64x16_SN_1LDSB0_APM1_AAIGTEn1_AAILTEn1_AAV0_ABV0_ACED0_AF0EM1_AF1EM1_AMAS3_ASE_ASGT_ASLT_ASM_ASAE01_ASBE01_ASCE01_ASDE01_ASEM
1_AAC0_BL1_BS1_CUM0_CDO0_CTDA0_CLR0_DSK0_DRA0_DU16_DULD1_DTLA0_DTLB0_DTVA0_DTVB0_DAF0_DKP0_DVO0_ETSP_EPS1_ELFLR0_EMLL0_FSSC10_F16AI0_F16AIR0_FL0_GLVWA4_G
LVWB4_GR2A1_GR2B1_GRCGA1_GRCGB1_GRCVA1_GRCVB1_GRPM1_GRVW16_GSU1_GSUASB_GSUAA0_GSUSARR1_GSUWGMRR0_GLS0_ISA1201_IU1_IA0_KLA_LEL0_LBSPPA0_LBSPPB0_LPA2_LPB0_
LDL1_LR2A1_LR2B1_LRVW2_LW2A1_LW2B1_LWPMn1_LDW0_LT1_FMA_MIAV0_MTSM64_MTSM1_MDA2_MI_MO40_MVN256_MMFSC_MKFGSU256_MVN0_NR0_NTA0_NTB0_NTC0_NTD0_NEPBS0_NLCA1_N
LCB1_ONLL1_OPLV0_PBD0_PFD1_PG2_PSD0_PSLn1_PWCn1_PWLn1_PK0_PKAB0_PAP0_PAPM0_PGR1_PLR1_PKA0_RK0_SGR1_SIA1_SLW1_SS0_SU0_SUM0_SUS0_SCIU0_SCIUE0_SCIUI1_SCIUPL
0_SPO0_SRVW0_SSO0_SVW4_SK0_SKA0_SKXCCM0_SNLL0_TSGRA0_TSGRB0_TT4_4_TLDS0_UIIDU0_UMLDSA0_UMLDSB0_UMF0_U64SL1_UIOFGRO0_USFGROn1_VAW1_VSn1_VW2_VWB2_VFLRP0_WS
GRA0_WSGRB0_WS32_WG16_16_1_WGM8_WGMTB

reject: VectorWidth must be >= 4 for Int8 or 8bitFloat

reject: GlobalLoadVectorWidthB 4 must be == VectorWidth 1 or == 1
rejecting solution 
Cijk_Alik_Bjlk_I8II_BH_MT64x64x16_SN_1LDSB0_APM1_AAIGTEn1_AAILTEn1_AAV0_ABV0_ACED0_AF0EM1_AF1EM1_AMAS0_ASE_ASGT_ASLT_ASM_ASAE01_ASBE01_ASCE01_ASDE01_ASEM
1_AAC0_BL1_BS1_CUM0_CDO0_CTDA0_CLR0_DSK0_DRA0_DU16_DULD1_DTLA0_DTLB0_DTVA0_DTVB0_DAF0_DKP0_DVO0_ETSP_EPS1_ELFLR0_EMLL0_FSSC10_F16AI0_F16AIR0_FL0_GLVWA4_G
LVWB4_GR2A1_GR2B1_GRCGA1_GRCGB1_GRCVA1_GRCVB1_GRPM1_GRVW4_GSU1_GSUASB_GSUAA0_GSUSARR1_GSUWGMRR0_GLS0_ISA1201_IU1_IA0_KLA_LEL0_LBSPPA0_LBSPPB0_LPA1_LPB0_L
DL1_LR2A1_LR2B1_LRVW1_LW2A1_LW2B1_LWPMn1_LDW0_LT1_FMA_MIAV0_MTSM64_MTSM1_MDA2_MI_MO40_MVN256_MMFSC_MKFGSU256_MVN0_NR0_NTA0_NTB0_NTC0_NTD0_NEPBS0_NLCA1_NL
CB1_ONLL1_OPLV0_PBD0_PFD1_PG2_PSD0_PSLn1_PWCn1_PWLn1_PK0_PKAB0_PAP0_PAPM0_PGR1_PLR1_PKA0_RK0_SGR1_SIA1_SLW1_SS0_SU32_SUM0_SUS256_SCIU0_SCIUE0_SCIUI1_SCIU
PL0_SPO0_SRVW0_SSO0_SVW4_SK0_SKA0_SKXCCM0_SNLL0_TSGRA0_TSGRB0_TT4_4_TLDS0_UIIDU0_UMLDSA0_UMLDSB0_UMF0_U64SL1_UIOFGRO0_USFGROn1_VAW1_VSn1_VW1_VWB1_VFLRP0_
WSGRA0_WSGRB0_WS32_WG16_16_1_WGM8_WGMTB

reject: VectorWidth must be >= 4 for Int8 or 8bitFloat

reject: GlobalLoadVectorWidthB 4 must be == VectorWidth 2 or == 1
rejecting solution 
Cijk_Alik_Bjlk_I8II_BH_MT64x64x16_SN_1LDSB0_APM1_AAIGTEn1_AAILTEn1_AAV0_ABV0_ACED0_AF0EM1_AF1EM1_AMAS3_ASE_ASGT_ASLT_ASM_ASAE01_ASBE01_ASCE01_ASDE01_ASEM
1_AAC0_BL1_BS1_CUM0_CDO0_CTDA0_CLR0_DSK0_DRA0_DU16_DULD1_DTLA0_DTLB0_DTVA0_DTVB0_DAF0_DKP0_DVO0_ETSP_EPS1_ELFLR0_EMLL0_FSSC10_F16AI0_F16AIR0_FL0_GLVWA4_G
LVWB4_GR2A1_GR2B1_GRCGA1_GRCGB1_GRCVA1_GRCVB1_GRPM1_GRVW4_GSU1_GSUASB_GSUAA0_GSUSARR1_GSUWGMRR0_GLS0_ISA1201_IU1_IA0_KLA_LEL0_LBSPPA0_LBSPPB0_LPA2_LPB0_L
DL1_LR2A1_LR2B1_LRVW2_LW2A1_LW2B1_LWPMn1_LDW0_LT1_FMA_MIAV0_MTSM64_MTSM1_MDA2_MI_MO40_MVN256_MMFSC_MKFGSU256_MVN0_NR0_NTA0_NTB0_NTC0_NTD0_NEPBS0_NLCA1_NL
CB1_ONLL1_OPLV0_PBD0_PFD1_PG2_PSD0_PSLn1_PWCn1_PWLn1_PK0_PKAB0_PAP0_PAPM0_PGR1_PLR1_PKA0_RK0_SGR1_SIA1_SLW1_SS0_SU32_SUM0_SUS256_SCIU0_SCIUE0_SCIUI1_SCIU
PL0_SPO0_SRVW0_SSO0_SVW4_SK0_SKA0_SKXCCM0_SNLL0_TSGRA0_TSGRB0_TT4_4_TLDS0_UIIDU0_UMLDSA0_UMLDSB0_UMF0_U64SL1_UIOFGRO0_USFGROn1_VAW1_VSn1_VW2_VWB2_VFLRP0_
WSGRA0_WSGRB0_WS32_WG16_16_1_WGM8_WGMTB

reject: VectorWidth must be >= 4 for Int8 or 8bitFloat

reject: GlobalLoadVectorWidthB 4 must be == VectorWidth 1 or == 1
rejecting solution 
Cijk_Alik_Bjlk_I8II_BH_MT64x64x16_SN_1LDSB0_APM1_AAIGTEn1_AAILTEn1_AAV0_ABV0_ACED0_AF0EM1_AF1EM1_AMAS0_ASE_ASGT_ASLT_ASM_ASAE01_ASBE01_ASCE01_ASDE01_ASEM
1_AAC0_BL1_BS1_CUM0_CDO0_CTDA0_CLR0_DSK0_DRA0_DU16_DULD1_DTLA0_DTLB0_DTVA0_DTVB0_DAF0_DKP0_DVO0_ETSP_EPS1_ELFLR0_EMLL0_FSSC10_F16AI0_F16AIR0_FL0_GLVWA4_G
LVWB4_GR2A1_GR2B1_GRCGA1_GRCGB1_GRCVA1_GRCVB1_GRPM1_GRVW8_GSU1_GSUASB_GSUAA0_GSUSARR1_GSUWGMRR0_GLS0_ISA1201_IU1_IA0_KLA_LEL0_LBSPPA0_LBSPPB0_LPA1_LPB0_L
DL1_LR2A1_LR2B1_LRVW1_LW2A1_LW2B1_LWPMn1_LDW0_LT1_FMA_MIAV0_MTSM64_MTSM1_MDA2_MI_MO40_MVN256_MMFSC_MKFGSU256_MVN0_NR0_NTA0_NTB0_NTC0_NTD0_NEPBS0_NLCA1_NL
CB1_ONLL1_OPLV0_PBD0_PFD1_PG2_PSD0_PSLn1_PWCn1_PWLn1_PK0_PKAB0_PAP0_PAPM0_PGR1_PLR1_PKA0_RK0_SGR1_SIA1_SLW1_SS0_SU32_SUM0_SUS256_SCIU0_SCIUE0_SCIUI1_SCIU
PL0_SPO0_SRVW0_SSO0_SVW4_SK0_SKA0_SKXCCM0_SNLL0_TSGRA0_TSGRB0_TT4_4_TLDS0_UIIDU0_UMLDSA0_UMLDSB0_UMF0_U64SL1_UIOFGRO0_USFGROn1_VAW1_VSn1_VW1_VWB1_VFLRP0_
WSGRA0_WSGRB0_WS32_WG16_16_1_WGM8_WGMTB

reject: VectorWidth must be >= 4 for Int8 or 8bitFloat

reject: GlobalLoadVectorWidthB 4 must be == VectorWidth 2 or == 1
rejecting solution 
Cijk_Alik_Bjlk_I8II_BH_MT64x64x16_SN_1LDSB0_APM1_AAIGTEn1_AAILTEn1_AAV0_ABV0_ACED0_AF0EM1_AF1EM1_AMAS3_ASE_ASGT_ASLT_ASM_ASAE01_ASBE01_ASCE01_ASDE01_ASEM
1_AAC0_BL1_BS1_CUM0_CDO0_CTDA0_CLR0_DSK0_DRA0_DU16_DULD1_DTLA0_DTLB0_DTVA0_DTVB0_DAF0_DKP0_DVO0_ETSP_EPS1_ELFLR0_EMLL0_FSSC10_F16AI0_F16AIR0_FL0_GLVWA4_G
LVWB4_GR2A1_GR2B1_GRCGA1_GRCGB1_GRCVA1_GRCVB1_GRPM1_GRVW8_GSU1_GSUASB_GSUAA0_GSUSARR1_GSUWGMRR0_GLS0_ISA1201_IU1_IA0_KLA_LEL0_LBSPPA0_LBSPPB0_LPA2_LPB0_L
DL1_LR2A1_LR2B1_LRVW2_LW2A1_LW2B1_LWPMn1_LDW0_LT1_FMA_MIAV0_MTSM64_MTSM1_MDA2_MI_MO40_MVN256_MMFSC_MKFGSU256_MVN0_NR0_NTA0_NTB0_NTC0_NTD0_NEPBS0_NLCA1_NL
CB1_ONLL1_OPLV0_PBD0_PFD1_PG2_PSD0_PSLn1_PWCn1_PWLn1_PK0_PKAB0_PAP0_PAPM0_PGR1_PLR1_PKA0_RK0_SGR1_SIA1_SLW1_SS0_SU32_SUM0_SUS256_SCIU0_SCIUE0_SCIUI1_SCIU
PL0_SPO0_SRVW0_SSO0_SVW4_SK0_SKA0_SKXCCM0_SNLL0_TSGRA0_TSGRB0_TT4_4_TLDS0_UIIDU0_UMLDSA0_UMLDSB0_UMF0_U64SL1_UIOFGRO0_USFGROn1_VAW1_VSn1_VW2_VWB2_VFLRP0_
WSGRA0_WSGRB0_WS32_WG16_16_1_WGM8_WGMTB

reject: VectorWidth must be >= 4 for Int8 or 8bitFloat

reject: GlobalLoadVectorWidthB 4 must be == VectorWidth 1 or == 1
rejecting solution 
Cijk_Alik_Bjlk_I8II_BH_MT64x64x16_SN_1LDSB0_APM1_AAIGTEn1_AAILTEn1_AAV0_ABV0_ACED0_AF0EM1_AF1EM1_AMAS0_ASE_ASGT_ASLT_ASM_ASAE01_ASBE01_ASCE01_ASDE01_ASEM
1_AAC0_BL1_BS1_CUM0_CDO0_CTDA0_CLR0_DSK0_DRA0_DU16_DULD1_DTLA0_DTLB0_DTVA0_DTVB0_DAF0_DKP0_DVO0_ETSP_EPS1_ELFLR0_EMLL0_FSSC10_F16AI0_F16AIR0_FL0_GLVWA4_G
LVWB4_GR2A1_GR2B1_GRCGA1_GRCGB1_GRCVA1_GRCVB1_GRPM1_GRVW16_GSU1_GSUASB_GSUAA0_GSUSARR1_GSUWGMRR0_GLS0_ISA1201_IU1_IA0_KLA_LEL0_LBSPPA0_LBSPPB0_LPA1_LPB0_
LDL1_LR2A1_LR2B1_LRVW1_LW2A1_LW2B1_LWPMn1_LDW0_LT1_FMA_MIAV0_MTSM64_MTSM1_MDA2_MI_MO40_MVN256_MMFSC_MKFGSU256_MVN0_NR0_NTA0_NTB0_NTC0_NTD0_NEPBS0_NLCA1_N
LCB1_ONLL1_OPLV0_PBD0_PFD1_PG2_PSD0_PSLn1_PWCn1_PWLn1_PK0_PKAB0_PAP0_PAPM0_PGR1_PLR1_PKA0_RK0_SGR1_SIA1_SLW1_SS0_SU32_SUM0_SUS256_SCIU0_SCIUE0_SCIUI1_SCI
UPL0_SPO0_SRVW0_SSO0_SVW4_SK0_SKA0_SKXCCM0_SNLL0_TSGRA0_TSGRB0_TT4_4_TLDS0_UIIDU0_UMLDSA0_UMLDSB0_UMF0_U64SL1_UIOFGRO0_USFGROn1_VAW1_VSn1_VW1_VWB1_VFLRP0
_WSGRA0_WSGRB0_WS32_WG16_16_1_WGM8_WGMTB

reject: VectorWidth must be >= 4 for Int8 or 8bitFloat

reject: GlobalLoadVectorWidthB 4 must be == VectorWidth 2 or == 1
rejecting solution 
Cijk_Alik_Bjlk_I8II_BH_MT64x64x16_SN_1LDSB0_APM1_AAIGTEn1_AAILTEn1_AAV0_ABV0_ACED0_AF0EM1_AF1EM1_AMAS3_ASE_ASGT_ASLT_ASM_ASAE01_ASBE01_ASCE01_ASDE01_ASEM
1_AAC0_BL1_BS1_CUM0_CDO0_CTDA0_CLR0_DSK0_DRA0_DU16_DULD1_DTLA0_DTLB0_DTVA0_DTVB0_DAF0_DKP0_DVO0_ETSP_EPS1_ELFLR0_EMLL0_FSSC10_F16AI0_F16AIR0_FL0_GLVWA4_G
LVWB4_GR2A1_GR2B1_GRCGA1_GRCGB1_GRCVA1_GRCVB1_GRPM1_GRVW16_GSU1_GSUASB_GSUAA0_GSUSARR1_GSUWGMRR0_GLS0_ISA1201_IU1_IA0_KLA_LEL0_LBSPPA0_LBSPPB0_LPA2_LPB0_
LDL1_LR2A1_LR2B1_LRVW2_LW2A1_LW2B1_LWPMn1_LDW0_LT1_FMA_MIAV0_MTSM64_MTSM1_MDA2_MI_MO40_MVN256_MMFSC_MKFGSU256_MVN0_NR0_NTA0_NTB0_NTC0_NTD0_NEPBS0_NLCA1_N
LCB1_ONLL1_OPLV0_PBD0_PFD1_PG2_PSD0_PSLn1_PWCn1_PWLn1_PK0_PKAB0_PAP0_PAPM0_PGR1_PLR1_PKA0_RK0_SGR1_SIA1_SLW1_SS0_SU32_SUM0_SUS256_SCIU0_SCIUE0_SCIUI1_SCI
UPL0_SPO0_SRVW0_SSO0_SVW4_SK0_SKA0_SKXCCM0_SNLL0_TSGRA0_TSGRB0_TT4_4_TLDS0_UIIDU0_UMLDSA0_UMLDSB0_UMF0_U64SL1_UIOFGRO0_USFGROn1_VAW1_VSn1_VW2_VWB2_VFLRP0
_WSGRA0_WSGRB0_WS32_WG16_16_1_WGM8_WGMTB

reject: VectorWidth must be >= 4 for Int8 or 8bitFloat

reject: GlobalLoadVectorWidthB 4 must be == VectorWidth 1 or == 1
rejecting solution 
Cijk_Alik_Bjlk_I8II_BH_MT128x64x16_SN_1LDSB0_APM1_AAIGTEn1_AAILTEn1_AAV0_ABV0_ACED0_AF0EM1_AF1EM1_AMAS0_ASE_ASGT_ASLT_ASM_ASAE01_ASBE01_ASCE01_ASDE01_ASE
M1_AAC0_BL1_BS1_CUM0_CDO0_CTDA0_CLR0_DSK0_DRA0_DU16_DULD1_DTLA0_DTLB0_DTVA0_DTVB0_DAF0_DKP0_DVO0_ETSP_EPS1_ELFLR0_EMLL0_FSSC10_F16AI0_F16AIR0_FL0_GLVWA4_
GLVWB4_GR2A1_GR2B1_GRCGA1_GRCGB1_GRCVA1_GRCVB1_GRPM1_GRVW4_GSU1_GSUASB_GSUAA0_GSUSARR1_GSUWGMRR0_GLS0_ISA1201_IU1_IA0_KLA_LEL0_LBSPPA0_LBSPPB0_LPA1_LPB0_
LDL1_LR2A1_LR2B1_LRVW1_LW2A1_LW2B1_LWPMn1_LDW0_LT1_FMA_MIAV0_MTSM64_MTSM1_MDA2_MI_MO40_MVN256_MMFSC_MKFGSU256_MVN0_NR0_NTA0_NTB0_NTC0_NTD0_NEPBS0_NLCA1_N
LCB1_ONLL1_OPLV0_PBD0_PFD1_PG2_PSD0_PSLn1_PWCn1_PWLn1_PK0_PKAB0_PAP0_PAPM0_PGR1_PLR1_PKA0_RK0_SGR1_SIA1_SLW1_SS0_SU0_SUM0_SUS0_SCIU0_SCIUE0_SCIUI1_SCIUPL
0_SPO0_SRVW0_SSO0_SVW4_SK0_SKA0_SKXCCM0_SNLL0_TSGRA0_TSGRB0_TT8_4_TLDS0_UIIDU0_UMLDSA0_UMLDSB0_UMF0_U64SL1_UIOFGRO0_USFGROn1_VAW1_VSn1_VW1_VWB1_VFLRP0_WS
GRA0_WSGRB0_WS32_WG16_16_1_WGM8_WGMTB

reject: VectorWidth must be >= 4 for Int8 or 8bitFloat

reject: GlobalLoadVectorWidthB 4 must be == VectorWidth 2 or == 1
rejecting solution 
Cijk_Alik_Bjlk_I8II_BH_MT128x64x16_SN_1LDSB0_APM1_AAIGTEn1_AAILTEn1_AAV0_ABV0_ACED0_AF0EM1_AF1EM1_AMAS3_ASE_ASGT_ASLT_ASM_ASAE01_ASBE01_ASCE01_ASDE01_ASE
M1_AAC0_BL1_BS1_CUM0_CDO0_CTDA0_CLR0_DSK0_DRA0_DU16_DULD1_DTLA0_DTLB0_DTVA0_DTVB0_DAF0_DKP0_DVO0_ETSP_EPS1_ELFLR0_EMLL0_FSSC10_F16AI0_F16AIR0_FL0_GLVWA4_
GLVWB4_GR2A1_GR2B1_GRCGA1_GRCGB1_GRCVA1_GRCVB1_GRPM1_GRVW4_GSU1_GSUASB_GSUAA0_GSUSARR1_GSUWGMRR0_GLS0_ISA1201_IU1_IA0_KLA_LEL0_LBSPPA0_LBSPPB0_LPA2_LPB0_
LDL1_LR2A1_LR2B1_LRVW2_LW2A1_LW2B1_LWPMn1_LDW0_LT1_FMA_MIAV0_MTSM64_MTSM1_MDA2_MI_MO40_MVN256_MMFSC_MKFGSU256_MVN0_NR0_NTA0_NTB0_NTC0_NTD0_NEPBS0_NLCA1_N
LCB1_ONLL1_OPLV0_PBD0_PFD1_PG2_PSD0_PSLn1_PWCn1_PWLn1_PK0_PKAB0_PAP0_PAPM0_PGR1_PLR1_PKA0_RK0_SGR1_SIA1_SLW1_SS0_SU0_SUM0_SUS0_SCIU0_SCIUE0_SCIUI1_SCIUPL
0_SPO0_SRVW0_SSO0_SVW4_SK0_SKA0_SKXCCM0_SNLL0_TSGRA0_TSGRB0_TT8_4_TLDS0_UIIDU0_UMLDSA0_UMLDSB0_UMF0_U64SL1_UIOFGRO0_USFGROn1_VAW1_VSn1_VW2_VWB2_VFLRP0_WS
GRA0_WSGRB0_WS32_WG16_16_1_WGM8_WGMTB

reject: VectorWidth must be >= 4 for Int8 or 8bitFloat

reject: GlobalLoadVectorWidthB 4 must be == VectorWidth 1 or == 1
rejecting solution 
Cijk_Alik_Bjlk_I8II_BH_MT128x64x16_SN_1LDSB0_APM1_AAIGTEn1_AAILTEn1_AAV0_ABV0_ACED0_AF0EM1_AF1EM1_AMAS0_ASE_ASGT_ASLT_ASM_ASAE01_ASBE01_ASCE01_ASDE01_ASE
M1_AAC0_BL1_BS1_CUM0_CDO0_CTDA0_CLR0_DSK0_DRA0_DU16_DULD1_DTLA0_DTLB0_DTVA0_DTVB0_DAF0_DKP0_DVO0_ETSP_EPS1_ELFLR0_EMLL0_FSSC10_F16AI0_F16AIR0_FL0_GLVWA8_
GLVWB4_GR2A1_GR2B1_GRCGA1_GRCGB1_GRCVA1_GRCVB1_GRPM1_GRVW8_GSU1_GSUASB_GSUAA0_GSUSARR1_GSUWGMRR0_GLS0_ISA1201_IU1_IA0_KLA_LEL0_LBSPPA0_LBSPPB0_LPA1_LPB0_
LDL1_LR2A1_LR2B1_LRVW1_LW2A1_LW2B1_LWPMn1_LDW0_LT1_FMA_MIAV0_MTSM64_MTSM1_MDA2_MI_MO40_MVN256_MMFSC_MKFGSU256_MVN0_NR0_NTA0_NTB0_NTC0_NTD0_NEPBS0_NLCA1_N
LCB1_ONLL1_OPLV0_PBD0_PFD1_PG2_PSD0_PSLn1_PWCn1_PWLn1_PK0_PKAB0_PAP0_PAPM0_PGR1_PLR1_PKA0_RK0_SGR1_SIA1_SLW1_SS0_SU0_SUM0_SUS0_SCIU0_SCIUE0_SCIUI1_SCIUPL
0_SPO0_SRVW0_SSO0_SVW4_SK0_SKA0_SKXCCM0_SNLL0_TSGRA0_TSGRB0_TT8_4_TLDS0_UIIDU0_UMLDSA0_UMLDSB0_UMF0_U64SL1_UIOFGRO0_USFGROn1_VAW1_VSn1_VW1_VWB1_VFLRP0_WS
GRA0_WSGRB0_WS32_WG16_16_1_WGM8_WGMTB

reject: VectorWidth must be >= 4 for Int8 or 8bitFloat

reject: GlobalLoadVectorWidthB 4 must be == VectorWidth 2 or == 1
rejecting solution 
Cijk_Alik_Bjlk_I8II_BH_MT128x64x16_SN_1LDSB0_APM1_AAIGTEn1_AAILTEn1_AAV0_ABV0_ACED0_AF0EM1_AF1EM1_AMAS3_ASE_ASGT_ASLT_ASM_ASAE01_ASBE01_ASCE01_ASDE01_ASE
M1_AAC0_BL1_BS1_CUM0_CDO0_CTDA0_CLR0_DSK0_DRA0_DU16_DULD1_DTLA0_DTLB0_DTVA0_DTVB0_DAF0_DKP0_DVO0_ETSP_EPS1_ELFLR0_EMLL0_FSSC10_F16AI0_F16AIR0_FL0_GLVWA8_
GLVWB4_GR2A1_GR2B1_GRCGA1_GRCGB1_GRCVA1_GRCVB1_GRPM1_GRVW8_GSU1_GSUASB_GSUAA0_GSUSARR1_GSUWGMRR0_GLS0_ISA1201_IU1_IA0_KLA_LEL0_LBSPPA0_LBSPPB0_LPA2_LPB0_
LDL1_LR2A1_LR2B1_LRVW2_LW2A1_LW2B1_LWPMn1_LDW0_LT1_FMA_MIAV0_MTSM64_MTSM1_MDA2_MI_MO40_MVN256_MMFSC_MKFGSU256_MVN0_NR0_NTA0_NTB0_NTC0_NTD0_NEPBS0_NLCA1_N
LCB1_ONLL1_OPLV0_PBD0_PFD1_PG2_PSD0_PSLn1_PWCn1_PWLn1_PK0_PKAB0_PAP0_PAPM0_PGR1_PLR1_PKA0_RK0_SGR1_SIA1_SLW1_SS0_SU0_SUM0_SUS0_SCIU0_SCIUE0_SCIUI1_SCIUPL
0_SPO0_SRVW0_SSO0_SVW4_SK0_SKA0_SKXCCM0_SNLL0_TSGRA0_TSGRB0_TT8_4_TLDS0_UIIDU0_UMLDSA0_UMLDSB0_UMF0_U64SL1_UIOFGRO0_USFGROn1_VAW1_VSn1_VW2_VWB2_VFLRP0_WS
GRA0_WSGRB0_WS32_WG16_16_1_WGM8_WGMTB

reject: VectorWidth must be >= 4 for Int8 or 8bitFloat

reject: GlobalLoadVectorWidthB 4 must be == VectorWidth 1 or == 1
rejecting solution 
Cijk_Alik_Bjlk_I8II_BH_MT128x64x16_SN_1LDSB0_APM1_AAIGTEn1_AAILTEn1_AAV0_ABV0_ACED0_AF0EM1_AF1EM1_AMAS0_ASE_ASGT_ASLT_ASM_ASAE01_ASBE01_ASCE01_ASDE01_ASE
M1_AAC0_BL1_BS1_CUM0_CDO0_CTDA0_CLR0_DSK0_DRA0_DU16_DULD1_DTLA0_DTLB0_DTVA0_DTVB0_DAF0_DKP0_DVO0_ETSP_EPS1_ELFLR0_EMLL0_FSSC10_F16AI0_F16AIR0_FL0_GLVWA8_
GLVWB4_GR2A1_GR2B1_GRCGA1_GRCGB1_GRCVA1_GRCVB1_GRPM1_GRVW16_GSU1_GSUASB_GSUAA0_GSUSARR1_GSUWGMRR0_GLS0_ISA1201_IU1_IA0_KLA_LEL0_LBSPPA0_LBSPPB0_LPA1_LPB0
_LDL1_LR2A1_LR2B1_LRVW1_LW2A1_LW2B1_LWPMn1_LDW0_LT1_FMA_MIAV0_MTSM64_MTSM1_MDA2_MI_MO40_MVN256_MMFSC_MKFGSU256_MVN0_NR0_NTA0_NTB0_NTC0_NTD0_NEPBS0_NLCA1_
NLCB1_ONLL1_OPLV0_PBD0_PFD1_PG2_PSD0_PSLn1_PWCn1_PWLn1_PK0_PKAB0_PAP0_PAPM0_PGR1_PLR1_PKA0_RK0_SGR1_SIA1_SLW1_SS0_SU0_SUM0_SUS0_SCIU0_SCIUE0_SCIUI1_SCIUP
L0_SPO0_SRVW0_SSO0_SVW4_SK0_SKA0_SKXCCM0_SNLL0_TSGRA0_TSGRB0_TT8_4_TLDS0_UIIDU0_UMLDSA0_UMLDSB0_UMF0_U64SL1_UIOFGRO0_USFGROn1_VAW1_VSn1_VW1_VWB1_VFLRP0_W
SGRA0_WSGRB0_WS32_WG16_16_1_WGM8_WGMTB

reject: VectorWidth must be >= 4 for Int8 or 8bitFloat

reject: GlobalLoadVectorWidthB 4 must be == VectorWidth 2 or == 1
rejecting solution 
Cijk_Alik_Bjlk_I8II_BH_MT128x64x16_SN_1LDSB0_APM1_AAIGTEn1_AAILTEn1_AAV0_ABV0_ACED0_AF0EM1_AF1EM1_AMAS3_ASE_ASGT_ASLT_ASM_ASAE01_ASBE01_ASCE01_ASDE01_ASE
M1_AAC0_BL1_BS1_CUM0_CDO0_CTDA0_CLR0_DSK0_DRA0_DU16_DULD1_DTLA0_DTLB0_DTVA0_DTVB0_DAF0_DKP0_DVO0_ETSP_EPS1_ELFLR0_EMLL0_FSSC10_F16AI0_F16AIR0_FL0_GLVWA8_
GLVWB4_GR2A1_GR2B1_GRCGA1_GRCGB1_GRCVA1_GRCVB1_GRPM1_GRVW16_GSU1_GSUASB_GSUAA0_GSUSARR1_GSUWGMRR0_GLS0_ISA1201_IU1_IA0_KLA_LEL0_LBSPPA0_LBSPPB0_LPA2_LPB0
_LDL1_LR2A1_LR2B1_LRVW2_LW2A1_LW2B1_LWPMn1_LDW0_LT1_FMA_MIAV0_MTSM64_MTSM1_MDA2_MI_MO40_MVN256_MMFSC_MKFGSU256_MVN0_NR0_NTA0_NTB0_NTC0_NTD0_NEPBS0_NLCA1_
NLCB1_ONLL1_OPLV0_PBD0_PFD1_PG2_PSD0_PSLn1_PWCn1_PWLn1_PK0_PKAB0_PAP0_PAPM0_PGR1_PLR1_PKA0_RK0_SGR1_SIA1_SLW1_SS0_SU0_SUM0_SUS0_SCIU0_SCIUE0_SCIUI1_SCIUP
L0_SPO0_SRVW0_SSO0_SVW4_SK0_SKA0_SKXCCM0_SNLL0_TSGRA0_TSGRB0_TT8_4_TLDS0_UIIDU0_UMLDSA0_UMLDSB0_UMF0_U64SL1_UIOFGRO0_USFGROn1_VAW1_VSn1_VW2_VWB2_VFLRP0_W
SGRA0_WSGRB0_WS32_WG16_16_1_WGM8_WGMTB

reject: VectorWidth must be >= 4 for Int8 or 8bitFloat

reject: GlobalLoadVectorWidthB 4 must be == VectorWidth 1 or == 1
rejecting solution 
Cijk_Alik_Bjlk_I8II_BH_MT128x64x16_SN_1LDSB0_APM1_AAIGTEn1_AAILTEn1_AAV0_ABV0_ACED0_AF0EM1_AF1EM1_AMAS0_ASE_ASGT_ASLT_ASM_ASAE01_ASBE01_ASCE01_ASDE01_ASE
M1_AAC0_BL1_BS1_CUM0_CDO0_CTDA0_CLR0_DSK0_DRA0_DU16_DULD1_DTLA0_DTLB0_DTVA0_DTVB0_DAF0_DKP0_DVO0_ETSP_EPS1_ELFLR0_EMLL0_FSSC10_F16AI0_F16AIR0_FL0_GLVWA4_
GLVWB4_GR2A1_GR2B1_GRCGA1_GRCGB1_GRCVA1_GRCVB1_GRPM1_GRVW4_GSU1_GSUASB_GSUAA0_GSUSARR1_GSUWGMRR0_GLS0_ISA1201_IU1_IA0_KLA_LEL0_LBSPPA0_LBSPPB0_LPA1_LPB0_
LDL1_LR2A1_LR2B1_LRVW1_LW2A1_LW2B1_LWPMn1_LDW0_LT1_FMA_MIAV0_MTSM64_MTSM1_MDA2_MI_MO40_MVN256_MMFSC_MKFGSU256_MVN0_NR0_NTA0_NTB0_NTC0_NTD0_NEPBS0_NLCA1_N
LCB1_ONLL1_OPLV0_PBD0_PFD1_PG2_PSD0_PSLn1_PWCn1_PWLn1_PK0_PKAB0_PAP0_PAPM0_PGR1_PLR1_PKA0_RK0_SGR1_SIA1_SLW1_SS0_SU32_SUM0_SUS256_SCIU0_SCIUE0_SCIUI1_SCI
UPL0_SPO0_SRVW0_SSO0_SVW4_SK0_SKA0_SKXCCM0_SNLL0_TSGRA0_TSGRB0_TT8_4_TLDS0_UIIDU0_UMLDSA0_UMLDSB0_UMF0_U64SL1_UIOFGRO0_USFGROn1_VAW1_VSn1_VW1_VWB1_VFLRP0
_WSGRA0_WSGRB0_WS32_WG16_16_1_WGM8_WGMTB

reject: VectorWidth must be >= 4 for Int8 or 8bitFloat

reject: GlobalLoadVectorWidthB 4 must be == VectorWidth 2 or == 1
rejecting solution 
Cijk_Alik_Bjlk_I8II_BH_MT128x64x16_SN_1LDSB0_APM1_AAIGTEn1_AAILTEn1_AAV0_ABV0_ACED0_AF0EM1_AF1EM1_AMAS3_ASE_ASGT_ASLT_ASM_ASAE01_ASBE01_ASCE01_ASDE01_ASE
M1_AAC0_BL1_BS1_CUM0_CDO0_CTDA0_CLR0_DSK0_DRA0_DU16_DULD1_DTLA0_DTLB0_DTVA0_DTVB0_DAF0_DKP0_DVO0_ETSP_EPS1_ELFLR0_EMLL0_FSSC10_F16AI0_F16AIR0_FL0_GLVWA4_
GLVWB4_GR2A1_GR2B1_GRCGA1_GRCGB1_GRCVA1_GRCVB1_GRPM1_GRVW4_GSU1_GSUASB_GSUAA0_GSUSARR1_GSUWGMRR0_GLS0_ISA1201_IU1_IA0_KLA_LEL0_LBSPPA0_LBSPPB0_LPA2_LPB0_
LDL1_LR2A1_LR2B1_LRVW2_LW2A1_LW2B1_LWPMn1_LDW0_LT1_FMA_MIAV0_MTSM64_MTSM1_MDA2_MI_MO40_MVN256_MMFSC_MKFGSU256_MVN0_NR0_NTA0_NTB0_NTC0_NTD0_NEPBS0_NLCA1_N
LCB1_ONLL1_OPLV0_PBD0_PFD1_PG2_PSD0_PSLn1_PWCn1_PWLn1_PK0_PKAB0_PAP0_PAPM0_PGR1_PLR1_PKA0_RK0_SGR1_SIA1_SLW1_SS0_SU32_SUM0_SUS256_SCIU0_SCIUE0_SCIUI1_SCI
UPL0_SPO0_SRVW0_SSO0_SVW4_SK0_SKA0_SKXCCM0_SNLL0_TSGRA0_TSGRB0_TT8_4_TLDS0_UIIDU0_UMLDSA0_UMLDSB0_UMF0_U64SL1_UIOFGRO0_USFGROn1_VAW1_VSn1_VW2_VWB2_VFLRP0
_WSGRA0_WSGRB0_WS32_WG16_16_1_WGM8_WGMTB

reject: VectorWidth must be >= 4 for Int8 or 8bitFloat

reject: GlobalLoadVectorWidthB 4 must be == VectorWidth 1 or == 1
rejecting solution 
Cijk_Alik_Bjlk_I8II_BH_MT128x64x16_SN_1LDSB0_APM1_AAIGTEn1_AAILTEn1_AAV0_ABV0_ACED0_AF0EM1_AF1EM1_AMAS0_ASE_ASGT_ASLT_ASM_ASAE01_ASBE01_ASCE01_ASDE01_ASE
M1_AAC0_BL1_BS1_CUM0_CDO0_CTDA0_CLR0_DSK0_DRA0_DU16_DULD1_DTLA0_DTLB0_DTVA0_DTVB0_DAF0_DKP0_DVO0_ETSP_EPS1_ELFLR0_EMLL0_FSSC10_F16AI0_F16AIR0_FL0_GLVWA8_
GLVWB4_GR2A1_GR2B1_GRCGA1_GRCGB1_GRCVA1_GRCVB1_GRPM1_GRVW8_GSU1_GSUASB_GSUAA0_GSUSARR1_GSUWGMRR0_GLS0_ISA1201_IU1_IA0_KLA_LEL0_LBSPPA0_LBSPPB0_LPA1_LPB0_
LDL1_LR2A1_LR2B1_LRVW1_LW2A1_LW2B1_LWPMn1_LDW0_LT1_FMA_MIAV0_MTSM64_MTSM1_MDA2_MI_MO40_MVN256_MMFSC_MKFGSU256_MVN0_NR0_NTA0_NTB0_NTC0_NTD0_NEPBS0_NLCA1_N
LCB1_ONLL1_OPLV0_PBD0_PFD1_PG2_PSD0_PSLn1_PWCn1_PWLn1_PK0_PKAB0_PAP0_PAPM0_PGR1_PLR1_PKA0_RK0_SGR1_SIA1_SLW1_SS0_SU32_SUM0_SUS256_SCIU0_SCIUE0_SCIUI1_SCI
UPL0_SPO0_SRVW0_SSO0_SVW4_SK0_SKA0_SKXCCM0_SNLL0_TSGRA0_TSGRB0_TT8_4_TLDS0_UIIDU0_UMLDSA0_UMLDSB0_UMF0_U64SL1_UIOFGRO0_USFGROn1_VAW1_VSn1_VW1_VWB1_VFLRP0
_WSGRA0_WSGRB0_WS32_WG16_16_1_WGM8_WGMTB

reject: VectorWidth must be >= 4 for Int8 or 8bitFloat

reject: GlobalLoadVectorWidthB 4 must be == VectorWidth 2 or == 1
rejecting solution 
Cijk_Alik_Bjlk_I8II_BH_MT128x64x16_SN_1LDSB0_APM1_AAIGTEn1_AAILTEn1_AAV0_ABV0_ACED0_AF0EM1_AF1EM1_AMAS3_ASE_ASGT_ASLT_ASM_ASAE01_ASBE01_ASCE01_ASDE01_ASE
M1_AAC0_BL1_BS1_CUM0_CDO0_CTDA0_CLR0_DSK0_DRA0_DU16_DULD1_DTLA0_DTLB0_DTVA0_DTVB0_DAF0_DKP0_DVO0_ETSP_EPS1_ELFLR0_EMLL0_FSSC10_F16AI0_F16AIR0_FL0_GLVWA8_
GLVWB4_GR2A1_GR2B1_GRCGA1_GRCGB1_GRCVA1_GRCVB1_GRPM1_GRVW8_GSU1_GSUASB_GSUAA0_GSUSARR1_GSUWGMRR0_GLS0_ISA1201_IU1_IA0_KLA_LEL0_LBSPPA0_LBSPPB0_LPA2_LPB0_
LDL1_LR2A1_LR2B1_LRVW2_LW2A1_LW2B1_LWPMn1_LDW0_LT1_FMA_MIAV0_MTSM64_MTSM1_MDA2_MI_MO40_MVN256_MMFSC_MKFGSU256_MVN0_NR0_NTA0_NTB0_NTC0_NTD0_NEPBS0_NLCA1_N
LCB1_ONLL1_OPLV0_PBD0_PFD1_PG2_PSD0_PSLn1_PWCn1_PWLn1_PK0_PKAB0_PAP0_PAPM0_PGR1_PLR1_PKA0_RK0_SGR1_SIA1_SLW1_SS0_SU32_SUM0_SUS256_SCIU0_SCIUE0_SCIUI1_SCI
UPL0_SPO0_SRVW0_SSO0_SVW4_SK0_SKA0_SKXCCM0_SNLL0_TSGRA0_TSGRB0_TT8_4_TLDS0_UIIDU0_UMLDSA0_UMLDSB0_UMF0_U64SL1_UIOFGRO0_USFGROn1_VAW1_VSn1_VW2_VWB2_VFLRP0
_WSGRA0_WSGRB0_WS32_WG16_16_1_WGM8_WGMTB

reject: VectorWidth must be >= 4 for Int8 or 8bitFloat

reject: GlobalLoadVectorWidthB 4 must be == VectorWidth 1 or == 1
rejecting solution 
Cijk_Alik_Bjlk_I8II_BH_MT128x64x16_SN_1LDSB0_APM1_AAIGTEn1_AAILTEn1_AAV0_ABV0_ACED0_AF0EM1_AF1EM1_AMAS0_ASE_ASGT_ASLT_ASM_ASAE01_ASBE01_ASCE01_ASDE01_ASE
M1_AAC0_BL1_BS1_CUM0_CDO0_CTDA0_CLR0_DSK0_DRA0_DU16_DULD1_DTLA0_DTLB0_DTVA0_DTVB0_DAF0_DKP0_DVO0_ETSP_EPS1_ELFLR0_EMLL0_FSSC10_F16AI0_F16AIR0_FL0_GLVWA8_
GLVWB4_GR2A1_GR2B1_GRCGA1_GRCGB1_GRCVA1_GRCVB1_GRPM1_GRVW16_GSU1_GSUASB_GSUAA0_GSUSARR1_GSUWGMRR0_GLS0_ISA1201_IU1_IA0_KLA_LEL0_LBSPPA0_LBSPPB0_LPA1_LPB0
_LDL1_LR2A1_LR2B1_LRVW1_LW2A1_LW2B1_LWPMn1_LDW0_LT1_FMA_MIAV0_MTSM64_MTSM1_MDA2_MI_MO40_MVN256_MMFSC_MKFGSU256_MVN0_NR0_NTA0_NTB0_NTC0_NTD0_NEPBS0_NLCA1_
NLCB1_ONLL1_OPLV0_PBD0_PFD1_PG2_PSD0_PSLn1_PWCn1_PWLn1_PK0_PKAB0_PAP0_PAPM0_PGR1_PLR1_PKA0_RK0_SGR1_SIA1_SLW1_SS0_SU32_SUM0_SUS256_SCIU0_SCIUE0_SCIUI1_SC
IUPL0_SPO0_SRVW0_SSO0_SVW4_SK0_SKA0_SKXCCM0_SNLL0_TSGRA0_TSGRB0_TT8_4_TLDS0_UIIDU0_UMLDSA0_UMLDSB0_UMF0_U64SL1_UIOFGRO0_USFGROn1_VAW1_VSn1_VW1_VWB1_VFLRP
0_WSGRA0_WSGRB0_WS32_WG16_16_1_WGM8_WGMTB

reject: VectorWidth must be >= 4 for Int8 or 8bitFloat

reject: GlobalLoadVectorWidthB 4 must be == VectorWidth 2 or == 1
rejecting solution 
Cijk_Alik_Bjlk_I8II_BH_MT128x64x16_SN_1LDSB0_APM1_AAIGTEn1_AAILTEn1_AAV0_ABV0_ACED0_AF0EM1_AF1EM1_AMAS3_ASE_ASGT_ASLT_ASM_ASAE01_ASBE01_ASCE01_ASDE01_ASE
M1_AAC0_BL1_BS1_CUM0_CDO0_CTDA0_CLR0_DSK0_DRA0_DU16_DULD1_DTLA0_DTLB0_DTVA0_DTVB0_DAF0_DKP0_DVO0_ETSP_EPS1_ELFLR0_EMLL0_FSSC10_F16AI0_F16AIR0_FL0_GLVWA8_
GLVWB4_GR2A1_GR2B1_GRCGA1_GRCGB1_GRCVA1_GRCVB1_GRPM1_GRVW16_GSU1_GSUASB_GSUAA0_GSUSARR1_GSUWGMRR0_GLS0_ISA1201_IU1_IA0_KLA_LEL0_LBSPPA0_LBSPPB0_LPA2_LPB0
_LDL1_LR2A1_LR2B1_LRVW2_LW2A1_LW2B1_LWPMn1_LDW0_LT1_FMA_MIAV0_MTSM64_MTSM1_MDA2_MI_MO40_MVN256_MMFSC_MKFGSU256_MVN0_NR0_NTA0_NTB0_NTC0_NTD0_NEPBS0_NLCA1_
NLCB1_ONLL1_OPLV0_PBD0_PFD1_PG2_PSD0_PSLn1_PWCn1_PWLn1_PK0_PKAB0_PAP0_PAPM0_PGR1_PLR1_PKA0_RK0_SGR1_SIA1_SLW1_SS0_SU32_SUM0_SUS256_SCIU0_SCIUE0_SCIUI1_SC
IUPL0_SPO0_SRVW0_SSO0_SVW4_SK0_SKA0_SKXCCM0_SNLL0_TSGRA0_TSGRB0_TT8_4_TLDS0_UIIDU0_UMLDSA0_UMLDSB0_UMF0_U64SL1_UIOFGRO0_USFGROn1_VAW1_VSn1_VW2_VWB2_VFLRP
0_WSGRA0_WSGRB0_WS32_WG16_16_1_WGM8_WGMTB

reject: VectorWidth must be >= 4 for Int8 or 8bitFloat

reject: GlobalLoadVectorWidthB 4 must be == VectorWidth 1 or == 1
rejecting solution 
Cijk_Alik_Bjlk_I8II_BH_MT64x128x16_SN_1LDSB0_APM1_AAIGTEn1_AAILTEn1_AAV0_ABV0_ACED0_AF0EM1_AF1EM1_AMAS0_ASE_ASGT_ASLT_ASM_ASAE01_ASBE01_ASCE01_ASDE01_ASE
M1_AAC0_BL1_BS1_CUM0_CDO0_CTDA0_CLR0_DSK0_DRA0_DU16_DULD1_DTLA0_DTLB0_DTVA0_DTVB0_DAF0_DKP0_DVO0_ETSP_EPS1_ELFLR0_EMLL0_FSSC10_F16AI0_F16AIR0_FL0_GLVWA4_
GLVWB4_GR2A1_GR2B1_GRCGA1_GRCGB1_GRCVA1_GRCVB1_GRPM1_GRVW4_GSU1_GSUASB_GSUAA0_GSUSARR1_GSUWGMRR0_GLS0_ISA1201_IU1_IA0_KLA_LEL0_LBSPPA0_LBSPPB0_LPA1_LPB0_
LDL1_LR2A1_LR2B1_LRVW1_LW2A1_LW2B1_LWPMn1_LDW0_LT1_FMA_MIAV0_MTSM64_MTSM1_MDA2_MI_MO40_MVN256_MMFSC_MKFGSU256_MVN0_NR0_NTA0_NTB0_NTC0_NTD0_NEPBS0_NLCA1_N
LCB1_ONLL1_OPLV0_PBD0_PFD1_PG2_PSD0_PSLn1_PWCn1_PWLn1_PK0_PKAB0_PAP0_PAPM0_PGR1_PLR1_PKA0_RK0_SGR1_SIA1_SLW1_SS0_SU0_SUM0_SUS0_SCIU0_SCIUE0_SCIUI1_SCIUPL
0_SPO0_SRVW0_SSO0_SVW4_SK0_SKA0_SKXCCM0_SNLL0_TSGRA0_TSGRB0_TT4_8_TLDS0_UIIDU0_UMLDSA0_UMLDSB0_UMF0_U64SL1_UIOFGRO0_USFGROn1_VAW1_VSn1_VW1_VWB1_VFLRP0_WS
GRA0_WSGRB0_WS32_WG16_16_1_WGM8_WGMTB

reject: VectorWidth must be >= 4 for Int8 or 8bitFloat

reject: GlobalLoadVectorWidthB 4 must be == VectorWidth 2 or == 1
rejecting solution 
Cijk_Alik_Bjlk_I8II_BH_MT64x128x16_SN_1LDSB0_APM1_AAIGTEn1_AAILTEn1_AAV0_ABV0_ACED0_AF0EM1_AF1EM1_AMAS3_ASE_ASGT_ASLT_ASM_ASAE01_ASBE01_ASCE01_ASDE01_ASE
M1_AAC0_BL1_BS1_CUM0_CDO0_CTDA0_CLR0_DSK0_DRA0_DU16_DULD1_DTLA0_DTLB0_DTVA0_DTVB0_DAF0_DKP0_DVO0_ETSP_EPS1_ELFLR0_EMLL0_FSSC10_F16AI0_F16AIR0_FL0_GLVWA4_
GLVWB4_GR2A1_GR2B1_GRCGA1_GRCGB1_GRCVA1_GRCVB1_GRPM1_GRVW4_GSU1_GSUASB_GSUAA0_GSUSARR1_GSUWGMRR0_GLS0_ISA1201_IU1_IA0_KLA_LEL0_LBSPPA0_LBSPPB0_LPA2_LPB0_
LDL1_LR2A1_LR2B1_LRVW2_LW2A1_LW2B1_LWPMn1_LDW0_LT1_FMA_MIAV0_MTSM64_MTSM1_MDA2_MI_MO40_MVN256_MMFSC_MKFGSU256_MVN0_NR0_NTA0_NTB0_NTC0_NTD0_NEPBS0_NLCA1_N
LCB1_ONLL1_OPLV0_PBD0_PFD1_PG2_PSD0_PSLn1_PWCn1_PWLn1_PK0_PKAB0_PAP0_PAPM0_PGR1_PLR1_PKA0_RK0_SGR1_SIA1_SLW1_SS0_SU0_SUM0_SUS0_SCIU0_SCIUE0_SCIUI1_SCIUPL
0_SPO0_SRVW0_SSO0_SVW4_SK0_SKA0_SKXCCM0_SNLL0_TSGRA0_TSGRB0_TT4_8_TLDS0_UIIDU0_UMLDSA0_UMLDSB0_UMF0_U64SL1_UIOFGRO0_USFGROn1_VAW1_VSn1_VW2_VWB2_VFLRP0_WS
GRA0_WSGRB0_WS32_WG16_16_1_WGM8_WGMTB

reject: VectorWidth must be >= 4 for Int8 or 8bitFloat

reject: GlobalLoadVectorWidthB 8 must be == VectorWidth 1 or == 1
rejecting solution 
Cijk_Alik_Bjlk_I8II_BH_MT64x128x16_SN_1LDSB0_APM1_AAIGTEn1_AAILTEn1_AAV0_ABV0_ACED0_AF0EM1_AF1EM1_AMAS0_ASE_ASGT_ASLT_ASM_ASAE01_ASBE01_ASCE01_ASDE01_ASE
M1_AAC0_BL1_BS1_CUM0_CDO0_CTDA0_CLR0_DSK0_DRA0_DU16_DULD1_DTLA0_DTLB0_DTVA0_DTVB0_DAF0_DKP0_DVO0_ETSP_EPS1_ELFLR0_EMLL0_FSSC10_F16AI0_F16AIR0_FL0_GLVWA4_
GLVWB8_GR2A1_GR2B1_GRCGA1_GRCGB1_GRCVA1_GRCVB1_GRPM1_GRVW8_GSU1_GSUASB_GSUAA0_GSUSARR1_GSUWGMRR0_GLS0_ISA1201_IU1_IA0_KLA_LEL0_LBSPPA0_LBSPPB0_LPA1_LPB0_
LDL1_LR2A1_LR2B1_LRVW1_LW2A1_LW2B1_LWPMn1_LDW0_LT1_FMA_MIAV0_MTSM64_MTSM1_MDA2_MI_MO40_MVN256_MMFSC_MKFGSU256_MVN0_NR0_NTA0_NTB0_NTC0_NTD0_NEPBS0_NLCA1_N
LCB1_ONLL1_OPLV0_PBD0_PFD1_PG2_PSD0_PSLn1_PWCn1_PWLn1_PK0_PKAB0_PAP0_PAPM0_PGR1_PLR1_PKA0_RK0_SGR1_SIA1_SLW1_SS0_SU0_SUM0_SUS0_SCIU0_SCIUE0_SCIUI1_SCIUPL
0_SPO0_SRVW0_SSO0_SVW4_SK0_SKA0_SKXCCM0_SNLL0_TSGRA0_TSGRB0_TT4_8_TLDS0_UIIDU0_UMLDSA0_UMLDSB0_UMF0_U64SL1_UIOFGRO0_USFGROn1_VAW1_VSn1_VW1_VWB1_VFLRP0_WS
GRA0_WSGRB0_WS32_WG16_16_1_WGM8_WGMTB

reject: VectorWidth must be >= 4 for Int8 or 8bitFloat

reject: GlobalLoadVectorWidthB 8 must be == VectorWidth 2 or == 1
rejecting solution 
Cijk_Alik_Bjlk_I8II_BH_MT64x128x16_SN_1LDSB0_APM1_AAIGTEn1_AAILTEn1_AAV0_ABV0_ACED0_AF0EM1_AF1EM1_AMAS3_ASE_ASGT_ASLT_ASM_ASAE01_ASBE01_ASCE01_ASDE01_ASE
M1_AAC0_BL1_BS1_CUM0_CDO0_CTDA0_CLR0_DSK0_DRA0_DU16_DULD1_DTLA0_DTLB0_DTVA0_DTVB0_DAF0_DKP0_DVO0_ETSP_EPS1_ELFLR0_EMLL0_FSSC10_F16AI0_F16AIR0_FL0_GLVWA4_
GLVWB8_GR2A1_GR2B1_GRCGA1_GRCGB1_GRCVA1_GRCVB1_GRPM1_GRVW8_GSU1_GSUASB_GSUAA0_GSUSARR1_GSUWGMRR0_GLS0_ISA1201_IU1_IA0_KLA_LEL0_LBSPPA0_LBSPPB0_LPA2_LPB0_
LDL1_LR2A1_LR2B1_LRVW2_LW2A1_LW2B1_LWPMn1_LDW0_LT1_FMA_MIAV0_MTSM64_MTSM1_MDA2_MI_MO40_MVN256_MMFSC_MKFGSU256_MVN0_NR0_NTA0_NTB0_NTC0_NTD0_NEPBS0_NLCA1_N
LCB1_ONLL1_OPLV0_PBD0_PFD1_PG2_PSD0_PSLn1_PWCn1_PWLn1_PK0_PKAB0_PAP0_PAPM0_PGR1_PLR1_PKA0_RK0_SGR1_SIA1_SLW1_SS0_SU0_SUM0_SUS0_SCIU0_SCIUE0_SCIUI1_SCIUPL
0_SPO0_SRVW0_SSO0_SVW4_SK0_SKA0_SKXCCM0_SNLL0_TSGRA0_TSGRB0_TT4_8_TLDS0_UIIDU0_UMLDSA0_UMLDSB0_UMF0_U64SL1_UIOFGRO0_USFGROn1_VAW1_VSn1_VW2_VWB2_VFLRP0_WS
GRA0_WSGRB0_WS32_WG16_16_1_WGM8_WGMTB

reject: GlobalLoadVectorWidthB 8 must be == VectorWidth 4 or == 1
rejecting solution 
Cijk_Alik_Bjlk_I8II_BH_MT64x128x16_SN_1LDSB0_APM1_AAIGTEn1_AAILTEn1_AAV0_ABV0_ACED0_AF0EM1_AF1EM1_AMAS3_ASE_ASGT_ASLT_ASM_ASAE01_ASBE01_ASCE01_ASDE01_ASE
M1_AAC0_BL1_BS1_CUM0_CDO0_CTDA0_CLR0_DSK0_DRA0_DU16_DULD1_DTLA0_DTLB0_DTVA0_DTVB0_DAF0_DKP0_DVO0_ETSP_EPS1_ELFLR0_EMLL0_FSSC10_F16AI0_F16AIR0_FL0_GLVWA4_
GLVWB8_GR2A1_GR2B1_GRCGA1_GRCGB1_GRCVA1_GRCVB1_GRPM1_GRVW8_GSU1_GSUASB_GSUAA0_GSUSARR1_GSUWGMRR0_GLS0_ISA1201_IU1_IA0_KLA_LEL0_LBSPPA0_LBSPPB0_LPA4_LPB0_
LDL1_LR2A1_LR2B1_LRVW4_LW2A1_LW2B1_LWPMn1_LDW0_LT1_FMA_MIAV0_MTSM64_MTSM1_MDA2_MI_MO40_MVN256_MMFSC_MKFGSU256_MVN0_NR0_NTA0_NTB0_NTC0_NTD0_NEPBS0_NLCA1_N
LCB1_ONLL1_OPLV0_PBD0_PFD1_PG2_PSD0_PSLn1_PWCn1_PWLn1_PK0_PKAB0_PAP0_PAPM0_PGR1_PLR1_PKA0_RK0_SGR1_SIA1_SLW1_SS0_SU0_SUM0_SUS0_SCIU0_SCIUE0_SCIUI1_SCIUPL
0_SPO0_SRVW0_SSO0_SVW4_SK0_SKA0_SKXCCM0_SNLL0_TSGRA0_TSGRB0_TT4_8_TLDS0_UIIDU0_UMLDSA0_UMLDSB0_UMF0_U64SL1_UIOFGRO0_USFGROn1_VAW1_VSn1_VW4_VWB4_VFLRP0_WS
GRA0_WSGRB0_WS32_WG16_16_1_WGM8_WGMTB

reject: VectorWidth must be >= 4 for Int8 or 8bitFloat

reject: GlobalLoadVectorWidthB 8 must be == VectorWidth 1 or == 1
rejecting solution 
Cijk_Alik_Bjlk_I8II_BH_MT64x128x16_SN_1LDSB0_APM1_AAIGTEn1_AAILTEn1_AAV0_ABV0_ACED0_AF0EM1_AF1EM1_AMAS0_ASE_ASGT_ASLT_ASM_ASAE01_ASBE01_ASCE01_ASDE01_ASE
M1_AAC0_BL1_BS1_CUM0_CDO0_CTDA0_CLR0_DSK0_DRA0_DU16_DULD1_DTLA0_DTLB0_DTVA0_DTVB0_DAF0_DKP0_DVO0_ETSP_EPS1_ELFLR0_EMLL0_FSSC10_F16AI0_F16AIR0_FL0_GLVWA4_
GLVWB8_GR2A1_GR2B1_GRCGA1_GRCGB1_GRCVA1_GRCVB1_GRPM1_GRVW16_GSU1_GSUASB_GSUAA0_GSUSARR1_GSUWGMRR0_GLS0_ISA1201_IU1_IA0_KLA_LEL0_LBSPPA0_LBSPPB0_LPA1_LPB0
_LDL1_LR2A1_LR2B1_LRVW1_LW2A1_LW2B1_LWPMn1_LDW0_LT1_FMA_MIAV0_MTSM64_MTSM1_MDA2_MI_MO40_MVN256_MMFSC_MKFGSU256_MVN0_NR0_NTA0_NTB0_NTC0_NTD0_NEPBS0_NLCA1_
NLCB1_ONLL1_OPLV0_PBD0_PFD1_PG2_PSD0_PSLn1_PWCn1_PWLn1_PK0_PKAB0_PAP0_PAPM0_PGR1_PLR1_PKA0_RK0_SGR1_SIA1_SLW1_SS0_SU0_SUM0_SUS0_SCIU0_SCIUE0_SCIUI1_SCIUP
L0_SPO0_SRVW0_SSO0_SVW4_SK0_SKA0_SKXCCM0_SNLL0_TSGRA0_TSGRB0_TT4_8_TLDS0_UIIDU0_UMLDSA0_UMLDSB0_UMF0_U64SL1_UIOFGRO0_USFGROn1_VAW1_VSn1_VW1_VWB1_VFLRP0_W
SGRA0_WSGRB0_WS32_WG16_16_1_WGM8_WGMTB

reject: VectorWidth must be >= 4 for Int8 or 8bitFloat

reject: GlobalLoadVectorWidthB 8 must be == VectorWidth 2 or == 1
rejecting solution 
Cijk_Alik_Bjlk_I8II_BH_MT64x128x16_SN_1LDSB0_APM1_AAIGTEn1_AAILTEn1_AAV0_ABV0_ACED0_AF0EM1_AF1EM1_AMAS3_ASE_ASGT_ASLT_ASM_ASAE01_ASBE01_ASCE01_ASDE01_ASE
M1_AAC0_BL1_BS1_CUM0_CDO0_CTDA0_CLR0_DSK0_DRA0_DU16_DULD1_DTLA0_DTLB0_DTVA0_DTVB0_DAF0_DKP0_DVO0_ETSP_EPS1_ELFLR0_EMLL0_FSSC10_F16AI0_F16AIR0_FL0_GLVWA4_
GLVWB8_GR2A1_GR2B1_GRCGA1_GRCGB1_GRCVA1_GRCVB1_GRPM1_GRVW16_GSU1_GSUASB_GSUAA0_GSUSARR1_GSUWGMRR0_GLS0_ISA1201_IU1_IA0_KLA_LEL0_LBSPPA0_LBSPPB0_LPA2_LPB0
_LDL1_LR2A1_LR2B1_LRVW2_LW2A1_LW2B1_LWPMn1_LDW0_LT1_FMA_MIAV0_MTSM64_MTSM1_MDA2_MI_MO40_MVN256_MMFSC_MKFGSU256_MVN0_NR0_NTA0_NTB0_NTC0_NTD0_NEPBS0_NLCA1_
NLCB1_ONLL1_OPLV0_PBD0_PFD1_PG2_PSD0_PSLn1_PWCn1_PWLn1_PK0_PKAB0_PAP0_PAPM0_PGR1_PLR1_PKA0_RK0_SGR1_SIA1_SLW1_SS0_SU0_SUM0_SUS0_SCIU0_SCIUE0_SCIUI1_SCIUP
L0_SPO0_SRVW0_SSO0_SVW4_SK0_SKA0_SKXCCM0_SNLL0_TSGRA0_TSGRB0_TT4_8_TLDS0_UIIDU0_UMLDSA0_UMLDSB0_UMF0_U64SL1_UIOFGRO0_USFGROn1_VAW1_VSn1_VW2_VWB2_VFLRP0_W
SGRA0_WSGRB0_WS32_WG16_16_1_WGM8_WGMTB

reject: GlobalLoadVectorWidthB 8 must be == VectorWidth 4 or == 1
rejecting solution 
Cijk_Alik_Bjlk_I8II_BH_MT64x128x16_SN_1LDSB0_APM1_AAIGTEn1_AAILTEn1_AAV0_ABV0_ACED0_AF0EM1_AF1EM1_AMAS3_ASE_ASGT_ASLT_ASM_ASAE01_ASBE01_ASCE01_ASDE01_ASE
M1_AAC0_BL1_BS1_CUM0_CDO0_CTDA0_CLR0_DSK0_DRA0_DU16_DULD1_DTLA0_DTLB0_DTVA0_DTVB0_DAF0_DKP0_DVO0_ETSP_EPS1_ELFLR0_EMLL0_FSSC10_F16AI0_F16AIR0_FL0_GLVWA4_
GLVWB8_GR2A1_GR2B1_GRCGA1_GRCGB1_GRCVA1_GRCVB1_GRPM1_GRVW16_GSU1_GSUASB_GSUAA0_GSUSARR1_GSUWGMRR0_GLS0_ISA1201_IU1_IA0_KLA_LEL0_LBSPPA0_LBSPPB0_LPA4_LPB0
_LDL1_LR2A1_LR2B1_LRVW4_LW2A1_LW2B1_LWPMn1_LDW0_LT1_FMA_MIAV0_MTSM64_MTSM1_MDA2_MI_MO40_MVN256_MMFSC_MKFGSU256_MVN0_NR0_NTA0_NTB0_NTC0_NTD0_NEPBS0_NLCA1_
NLCB1_ONLL1_OPLV0_PBD0_PFD1_PG2_PSD0_PSLn1_PWCn1_PWLn1_PK0_PKAB0_PAP0_PAPM0_PGR1_PLR1_PKA0_RK0_SGR1_SIA1_SLW1_SS0_SU0_SUM0_SUS0_SCIU0_SCIUE0_SCIUI1_SCIUP
L0_SPO0_SRVW0_SSO0_SVW4_SK0_SKA0_SKXCCM0_SNLL0_TSGRA0_TSGRB0_TT4_8_TLDS0_UIIDU0_UMLDSA0_UMLDSB0_UMF0_U64SL1_UIOFGRO0_USFGROn1_VAW1_VSn1_VW4_VWB4_VFLRP0_W
SGRA0_WSGRB0_WS32_WG16_16_1_WGM8_WGMTB

reject: VectorWidth must be >= 4 for Int8 or 8bitFloat

reject: GlobalLoadVectorWidthB 4 must be == VectorWidth 1 or == 1
rejecting solution 
Cijk_Alik_Bjlk_I8II_BH_MT64x128x16_SN_1LDSB0_APM1_AAIGTEn1_AAILTEn1_AAV0_ABV0_ACED0_AF0EM1_AF1EM1_AMAS0_ASE_ASGT_ASLT_ASM_ASAE01_ASBE01_ASCE01_ASDE01_ASE
M1_AAC0_BL1_BS1_CUM0_CDO0_CTDA0_CLR0_DSK0_DRA0_DU16_DULD1_DTLA0_DTLB0_DTVA0_DTVB0_DAF0_DKP0_DVO0_ETSP_EPS1_ELFLR0_EMLL0_FSSC10_F16AI0_F16AIR0_FL0_GLVWA4_
GLVWB4_GR2A1_GR2B1_GRCGA1_GRCGB1_GRCVA1_GRCVB1_GRPM1_GRVW4_GSU1_GSUASB_GSUAA0_GSUSARR1_GSUWGMRR0_GLS0_ISA1201_IU1_IA0_KLA_LEL0_LBSPPA0_LBSPPB0_LPA1_LPB0_
LDL1_LR2A1_LR2B1_LRVW1_LW2A1_LW2B1_LWPMn1_LDW0_LT1_FMA_MIAV0_MTSM64_MTSM1_MDA2_MI_MO40_MVN256_MMFSC_MKFGSU256_MVN0_NR0_NTA0_NTB0_NTC0_NTD0_NEPBS0_NLCA1_N
LCB1_ONLL1_OPLV0_PBD0_PFD1_PG2_PSD0_PSLn1_PWCn1_PWLn1_PK0_PKAB0_PAP0_PAPM0_PGR1_PLR1_PKA0_RK0_SGR1_SIA1_SLW1_SS0_SU32_SUM0_SUS256_SCIU0_SCIUE0_SCIUI1_SCI
UPL0_SPO0_SRVW0_SSO0_SVW4_SK0_SKA0_SKXCCM0_SNLL0_TSGRA0_TSGRB0_TT4_8_TLDS0_UIIDU0_UMLDSA0_UMLDSB0_UMF0_U64SL1_UIOFGRO0_USFGROn1_VAW1_VSn1_VW1_VWB1_VFLRP0
_WSGRA0_WSGRB0_WS32_WG16_16_1_WGM8_WGMTB

reject: VectorWidth must be >= 4 for Int8 or 8bitFloat

reject: GlobalLoadVectorWidthB 4 must be == VectorWidth 2 or == 1
rejecting solution 
Cijk_Alik_Bjlk_I8II_BH_MT64x128x16_SN_1LDSB0_APM1_AAIGTEn1_AAILTEn1_AAV0_ABV0_ACED0_AF0EM1_AF1EM1_AMAS3_ASE_ASGT_ASLT_ASM_ASAE01_ASBE01_ASCE01_ASDE01_ASE
M1_AAC0_BL1_BS1_CUM0_CDO0_CTDA0_CLR0_DSK0_DRA0_DU16_DULD1_DTLA0_DTLB0_DTVA0_DTVB0_DAF0_DKP0_DVO0_ETSP_EPS1_ELFLR0_EMLL0_FSSC10_F16AI0_F16AIR0_FL0_GLVWA4_
GLVWB4_GR2A1_GR2B1_GRCGA1_GRCGB1_GRCVA1_GRCVB1_GRPM1_GRVW4_GSU1_GSUASB_GSUAA0_GSUSARR1_GSUWGMRR0_GLS0_ISA1201_IU1_IA0_KLA_LEL0_LBSPPA0_LBSPPB0_LPA2_LPB0_
LDL1_LR2A1_LR2B1_LRVW2_LW2A1_LW2B1_LWPMn1_LDW0_LT1_FMA_MIAV0_MTSM64_MTSM1_MDA2_MI_MO40_MVN256_MMFSC_MKFGSU256_MVN0_NR0_NTA0_NTB0_NTC0_NTD0_NEPBS0_NLCA1_N
LCB1_ONLL1_OPLV0_PBD0_PFD1_PG2_PSD0_PSLn1_PWCn1_PWLn1_PK0_PKAB0_PAP0_PAPM0_PGR1_PLR1_PKA0_RK0_SGR1_SIA1_SLW1_SS0_SU32_SUM0_SUS256_SCIU0_SCIUE0_SCIUI1_SCI
UPL0_SPO0_SRVW0_SSO0_SVW4_SK0_SKA0_SKXCCM0_SNLL0_TSGRA0_TSGRB0_TT4_8_TLDS0_UIIDU0_UMLDSA0_UMLDSB0_UMF0_U64SL1_UIOFGRO0_USFGROn1_VAW1_VSn1_VW2_VWB2_VFLRP0
_WSGRA0_WSGRB0_WS32_WG16_16_1_WGM8_WGMTB

reject: VectorWidth must be >= 4 for Int8 or 8bitFloat

reject: GlobalLoadVectorWidthB 8 must be == VectorWidth 1 or == 1
rejecting solution 
Cijk_Alik_Bjlk_I8II_BH_MT64x128x16_SN_1LDSB0_APM1_AAIGTEn1_AAILTEn1_AAV0_ABV0_ACED0_AF0EM1_AF1EM1_AMAS0_ASE_ASGT_ASLT_ASM_ASAE01_ASBE01_ASCE01_ASDE01_ASE
M1_AAC0_BL1_BS1_CUM0_CDO0_CTDA0_CLR0_DSK0_DRA0_DU16_DULD1_DTLA0_DTLB0_DTVA0_DTVB0_DAF0_DKP0_DVO0_ETSP_EPS1_ELFLR0_EMLL0_FSSC10_F16AI0_F16AIR0_FL0_GLVWA4_
GLVWB8_GR2A1_GR2B1_GRCGA1_GRCGB1_GRCVA1_GRCVB1_GRPM1_GRVW8_GSU1_GSUASB_GSUAA0_GSUSARR1_GSUWGMRR0_GLS0_ISA1201_IU1_IA0_KLA_LEL0_LBSPPA0_LBSPPB0_LPA1_LPB0_
LDL1_LR2A1_LR2B1_LRVW1_LW2A1_LW2B1_LWPMn1_LDW0_LT1_FMA_MIAV0_MTSM64_MTSM1_MDA2_MI_MO40_MVN256_MMFSC_MKFGSU256_MVN0_NR0_NTA0_NTB0_NTC0_NTD0_NEPBS0_NLCA1_N
LCB1_ONLL1_OPLV0_PBD0_PFD1_PG2_PSD0_PSLn1_PWCn1_PWLn1_PK0_PKAB0_PAP0_PAPM0_PGR1_PLR1_PKA0_RK0_SGR1_SIA1_SLW1_SS0_SU32_SUM0_SUS256_SCIU0_SCIUE0_SCIUI1_SCI
UPL0_SPO0_SRVW0_SSO0_SVW4_SK0_SKA0_SKXCCM0_SNLL0_TSGRA0_TSGRB0_TT4_8_TLDS0_UIIDU0_UMLDSA0_UMLDSB0_UMF0_U64SL1_UIOFGRO0_USFGROn1_VAW1_VSn1_VW1_VWB1_VFLRP0
_WSGRA0_WSGRB0_WS32_WG16_16_1_WGM8_WGMTB

reject: VectorWidth must be >= 4 for Int8 or 8bitFloat

reject: GlobalLoadVectorWidthB 8 must be == VectorWidth 2 or == 1
rejecting solution 
Cijk_Alik_Bjlk_I8II_BH_MT64x128x16_SN_1LDSB0_APM1_AAIGTEn1_AAILTEn1_AAV0_ABV0_ACED0_AF0EM1_AF1EM1_AMAS3_ASE_ASGT_ASLT_ASM_ASAE01_ASBE01_ASCE01_ASDE01_ASE
M1_AAC0_BL1_BS1_CUM0_CDO0_CTDA0_CLR0_DSK0_DRA0_DU16_DULD1_DTLA0_DTLB0_DTVA0_DTVB0_DAF0_DKP0_DVO0_ETSP_EPS1_ELFLR0_EMLL0_FSSC10_F16AI0_F16AIR0_FL0_GLVWA4_
GLVWB8_GR2A1_GR2B1_GRCGA1_GRCGB1_GRCVA1_GRCVB1_GRPM1_GRVW8_GSU1_GSUASB_GSUAA0_GSUSARR1_GSUWGMRR0_GLS0_ISA1201_IU1_IA0_KLA_LEL0_LBSPPA0_LBSPPB0_LPA2_LPB0_
LDL1_LR2A1_LR2B1_LRVW2_LW2A1_LW2B1_LWPMn1_LDW0_LT1_FMA_MIAV0_MTSM64_MTSM1_MDA2_MI_MO40_MVN256_MMFSC_MKFGSU256_MVN0_NR0_NTA0_NTB0_NTC0_NTD0_NEPBS0_NLCA1_N
LCB1_ONLL1_OPLV0_PBD0_PFD1_PG2_PSD0_PSLn1_PWCn1_PWLn1_PK0_PKAB0_PAP0_PAPM0_PGR1_PLR1_PKA0_RK0_SGR1_SIA1_SLW1_SS0_SU32_SUM0_SUS256_SCIU0_SCIUE0_SCIUI1_SCI
UPL0_SPO0_SRVW0_SSO0_SVW4_SK0_SKA0_SKXCCM0_SNLL0_TSGRA0_TSGRB0_TT4_8_TLDS0_UIIDU0_UMLDSA0_UMLDSB0_UMF0_U64SL1_UIOFGRO0_USFGROn1_VAW1_VSn1_VW2_VWB2_VFLRP0
_WSGRA0_WSGRB0_WS32_WG16_16_1_WGM8_WGMTB

reject: GlobalLoadVectorWidthB 8 must be == VectorWidth 4 or == 1
rejecting solution 
Cijk_Alik_Bjlk_I8II_BH_MT64x128x16_SN_1LDSB0_APM1_AAIGTEn1_AAILTEn1_AAV0_ABV0_ACED0_AF0EM1_AF1EM1_AMAS3_ASE_ASGT_ASLT_ASM_ASAE01_ASBE01_ASCE01_ASDE01_ASE
M1_AAC0_BL1_BS1_CUM0_CDO0_CTDA0_CLR0_DSK0_DRA0_DU16_DULD1_DTLA0_DTLB0_DTVA0_DTVB0_DAF0_DKP0_DVO0_ETSP_EPS1_ELFLR0_EMLL0_FSSC10_F16AI0_F16AIR0_FL0_GLVWA4_
GLVWB8_GR2A1_GR2B1_GRCGA1_GRCGB1_GRCVA1_GRCVB1_GRPM1_GRVW8_GSU1_GSUASB_GSUAA0_GSUSARR1_GSUWGMRR0_GLS0_ISA1201_IU1_IA0_KLA_LEL0_LBSPPA0_LBSPPB0_LPA4_LPB0_
LDL1_LR2A1_LR2B1_LRVW4_LW2A1_LW2B1_LWPMn1_LDW0_LT1_FMA_MIAV0_MTSM64_MTSM1_MDA2_MI_MO40_MVN256_MMFSC_MKFGSU256_MVN0_NR0_NTA0_NTB0_NTC0_NTD0_NEPBS0_NLCA1_N
LCB1_ONLL1_OPLV0_PBD0_PFD1_PG2_PSD0_PSLn1_PWCn1_PWLn1_PK0_PKAB0_PAP0_PAPM0_PGR1_PLR1_PKA0_RK0_SGR1_SIA1_SLW1_SS0_SU32_SUM0_SUS256_SCIU0_SCIUE0_SCIUI1_SCI
UPL0_SPO0_SRVW0_SSO0_SVW4_SK0_SKA0_SKXCCM0_SNLL0_TSGRA0_TSGRB0_TT4_8_TLDS0_UIIDU0_UMLDSA0_UMLDSB0_UMF0_U64SL1_UIOFGRO0_USFGROn1_VAW1_VSn1_VW4_VWB4_VFLRP0
_WSGRA0_WSGRB0_WS32_WG16_16_1_WGM8_WGMTB

reject: VectorWidth must be >= 4 for Int8 or 8bitFloat

reject: GlobalLoadVectorWidthB 8 must be == VectorWidth 1 or == 1
rejecting solution 
Cijk_Alik_Bjlk_I8II_BH_MT64x128x16_SN_1LDSB0_APM1_AAIGTEn1_AAILTEn1_AAV0_ABV0_ACED0_AF0EM1_AF1EM1_AMAS0_ASE_ASGT_ASLT_ASM_ASAE01_ASBE01_ASCE01_ASDE01_ASE
M1_AAC0_BL1_BS1_CUM0_CDO0_CTDA0_CLR0_DSK0_DRA0_DU16_DULD1_DTLA0_DTLB0_DTVA0_DTVB0_DAF0_DKP0_DVO0_ETSP_EPS1_ELFLR0_EMLL0_FSSC10_F16AI0_F16AIR0_FL0_GLVWA4_
GLVWB8_GR2A1_GR2B1_GRCGA1_GRCGB1_GRCVA1_GRCVB1_GRPM1_GRVW16_GSU1_GSUASB_GSUAA0_GSUSARR1_GSUWGMRR0_GLS0_ISA1201_IU1_IA0_KLA_LEL0_LBSPPA0_LBSPPB0_LPA1_LPB0
_LDL1_LR2A1_LR2B1_LRVW1_LW2A1_LW2B1_LWPMn1_LDW0_LT1_FMA_MIAV0_MTSM64_MTSM1_MDA2_MI_MO40_MVN256_MMFSC_MKFGSU256_MVN0_NR0_NTA0_NTB0_NTC0_NTD0_NEPBS0_NLCA1_
NLCB1_ONLL1_OPLV0_PBD0_PFD1_PG2_PSD0_PSLn1_PWCn1_PWLn1_PK0_PKAB0_PAP0_PAPM0_PGR1_PLR1_PKA0_RK0_SGR1_SIA1_SLW1_SS0_SU32_SUM0_SUS256_SCIU0_SCIUE0_SCIUI1_SC
IUPL0_SPO0_SRVW0_SSO0_SVW4_SK0_SKA0_SKXCCM0_SNLL0_TSGRA0_TSGRB0_TT4_8_TLDS0_UIIDU0_UMLDSA0_UMLDSB0_UMF0_U64SL1_UIOFGRO0_USFGROn1_VAW1_VSn1_VW1_VWB1_VFLRP
0_WSGRA0_WSGRB0_WS32_WG16_16_1_WGM8_WGMTB

reject: VectorWidth must be >= 4 for Int8 or 8bitFloat

reject: GlobalLoadVectorWidthB 8 must be == VectorWidth 2 or == 1
rejecting solution 
Cijk_Alik_Bjlk_I8II_BH_MT64x128x16_SN_1LDSB0_APM1_AAIGTEn1_AAILTEn1_AAV0_ABV0_ACED0_AF0EM1_AF1EM1_AMAS3_ASE_ASGT_ASLT_ASM_ASAE01_ASBE01_ASCE01_ASDE01_ASE
M1_AAC0_BL1_BS1_CUM0_CDO0_CTDA0_CLR0_DSK0_DRA0_DU16_DULD1_DTLA0_DTLB0_DTVA0_DTVB0_DAF0_DKP0_DVO0_ETSP_EPS1_ELFLR0_EMLL0_FSSC10_F16AI0_F16AIR0_FL0_GLVWA4_
GLVWB8_GR2A1_GR2B1_GRCGA1_GRCGB1_GRCVA1_GRCVB1_GRPM1_GRVW16_GSU1_GSUASB_GSUAA0_GSUSARR1_GSUWGMRR0_GLS0_ISA1201_IU1_IA0_KLA_LEL0_LBSPPA0_LBSPPB0_LPA2_LPB0
_LDL1_LR2A1_LR2B1_LRVW2_LW2A1_LW2B1_LWPMn1_LDW0_LT1_FMA_MIAV0_MTSM64_MTSM1_MDA2_MI_MO40_MVN256_MMFSC_MKFGSU256_MVN0_NR0_NTA0_NTB0_NTC0_NTD0_NEPBS0_NLCA1_
NLCB1_ONLL1_OPLV0_PBD0_PFD1_PG2_PSD0_PSLn1_PWCn1_PWLn1_PK0_PKAB0_PAP0_PAPM0_PGR1_PLR1_PKA0_RK0_SGR1_SIA1_SLW1_SS0_SU32_SUM0_SUS256_SCIU0_SCIUE0_SCIUI1_SC
IUPL0_SPO0_SRVW0_SSO0_SVW4_SK0_SKA0_SKXCCM0_SNLL0_TSGRA0_TSGRB0_TT4_8_TLDS0_UIIDU0_UMLDSA0_UMLDSB0_UMF0_U64SL1_UIOFGRO0_USFGROn1_VAW1_VSn1_VW2_VWB2_VFLRP
0_WSGRA0_WSGRB0_WS32_WG16_16_1_WGM8_WGMTB

reject: GlobalLoadVectorWidthB 8 must be == VectorWidth 4 or == 1
rejecting solution 
Cijk_Alik_Bjlk_I8II_BH_MT64x128x16_SN_1LDSB0_APM1_AAIGTEn1_AAILTEn1_AAV0_ABV0_ACED0_AF0EM1_AF1EM1_AMAS3_ASE_ASGT_ASLT_ASM_ASAE01_ASBE01_ASCE01_ASDE01_ASE
M1_AAC0_BL1_BS1_CUM0_CDO0_CTDA0_CLR0_DSK0_DRA0_DU16_DULD1_DTLA0_DTLB0_DTVA0_DTVB0_DAF0_DKP0_DVO0_ETSP_EPS1_ELFLR0_EMLL0_FSSC10_F16AI0_F16AIR0_FL0_GLVWA4_
GLVWB8_GR2A1_GR2B1_GRCGA1_GRCGB1_GRCVA1_GRCVB1_GRPM1_GRVW16_GSU1_GSUASB_GSUAA0_GSUSARR1_GSUWGMRR0_GLS0_ISA1201_IU1_IA0_KLA_LEL0_LBSPPA0_LBSPPB0_LPA4_LPB0
_LDL1_LR2A1_LR2B1_LRVW4_LW2A1_LW2B1_LWPMn1_LDW0_LT1_FMA_MIAV0_MTSM64_MTSM1_MDA2_MI_MO40_MVN256_MMFSC_MKFGSU256_MVN0_NR0_NTA0_NTB0_NTC0_NTD0_NEPBS0_NLCA1_
NLCB1_ONLL1_OPLV0_PBD0_PFD1_PG2_PSD0_PSLn1_PWCn1_PWLn1_PK0_PKAB0_PAP0_PAPM0_PGR1_PLR1_PKA0_RK0_SGR1_SIA1_SLW1_SS0_SU32_SUM0_SUS256_SCIU0_SCIUE0_SCIUI1_SC
IUPL0_SPO0_SRVW0_SSO0_SVW4_SK0_SKA0_SKXCCM0_SNLL0_TSGRA0_TSGRB0_TT4_8_TLDS0_UIIDU0_UMLDSA0_UMLDSB0_UMF0_U64SL1_UIOFGRO0_USFGROn1_VAW1_VSn1_VW4_VWB4_VFLRP
0_WSGRA0_WSGRB0_WS32_WG16_16_1_WGM8_WGMTB

reject: VectorWidth must be >= 4 for Int8 or 8bitFloat

reject: GlobalLoadVectorWidthB 4 must be == VectorWidth 1 or == 1
rejecting solution 
Cijk_Alik_Bjlk_I8II_BH_MT32x32x32_SN_1LDSB0_APM1_AAIGTEn1_AAILTEn1_AAV0_ABV0_ACED0_AF0EM1_AF1EM1_AMAS0_ASE_ASGT_ASLT_ASM_ASAE01_ASBE01_ASCE01_ASDE01_ASEM
1_AAC0_BL1_BS1_CUM0_CDO0_CTDA0_CLR0_DSK0_DRA0_DU32_DULD1_DTLA0_DTLB0_DTVA0_DTVB0_DAF0_DKP0_DVO0_ETSP_EPS1_ELFLR0_EMLL0_FSSC10_F16AI0_F16AIR0_FL0_GLVWA4_G
LVWB4_GR2A1_GR2B1_GRCGA1_GRCGB1_GRCVA1_GRCVB1_GRPM1_GRVW4_GSU1_GSUASB_GSUAA0_GSUSARR1_GSUWGMRR0_GLS0_ISA1201_IU1_IA0_KLA_LEL0_LBSPPA0_LBSPPB0_LPA1_LPB0_L
DL1_LR2A1_LR2B1_LRVW1_LW2A1_LW2B1_LWPMn1_LDW0_LT1_FMA_MIAV0_MTSM64_MTSM1_MDA2_MI_MO40_MVN256_MMFSC_MKFGSU256_MVN0_NR0_NTA0_NTB0_NTC0_NTD0_NEPBS0_NLCA1_NL
CB1_ONLL1_OPLV0_PBD0_PFD1_PG2_PSD0_PSLn1_PWCn1_PWLn1_PK0_PKAB0_PAP0_PAPM0_PGR1_PLR1_PKA0_RK0_SGR1_SIA1_SLW1_SS0_SU0_SUM0_SUS0_SCIU0_SCIUE0_SCIUI1_SCIUPL0
_SPO0_SRVW0_SSO0_SVW4_SK0_SKA0_SKXCCM0_SNLL0_TSGRA0_TSGRB0_TT2_2_TLDS0_UIIDU0_UMLDSA0_UMLDSB0_UMF0_U64SL1_UIOFGRO0_USFGROn1_VAW1_VSn1_VW1_VWB1_VFLRP0_WSG
RA0_WSGRB0_WS32_WG16_16_1_WGM8_WGMTB

reject: VectorWidth must be >= 4 for Int8 or 8bitFloat

reject: GlobalLoadVectorWidthB 4 must be == VectorWidth 2 or == 1
rejecting solution 
Cijk_Alik_Bjlk_I8II_BH_MT32x32x32_SN_1LDSB0_APM1_AAIGTEn1_AAILTEn1_AAV0_ABV0_ACED0_AF0EM1_AF1EM1_AMAS3_ASE_ASGT_ASLT_ASM_ASAE01_ASBE01_ASCE01_ASDE01_ASEM
1_AAC0_BL1_BS1_CUM0_CDO0_CTDA0_CLR0_DSK0_DRA0_DU32_DULD1_DTLA0_DTLB0_DTVA0_DTVB0_DAF0_DKP0_DVO0_ETSP_EPS1_ELFLR0_EMLL0_FSSC10_F16AI0_F16AIR0_FL0_GLVWA4_G
LVWB4_GR2A1_GR2B1_GRCGA1_GRCGB1_GRCVA1_GRCVB1_GRPM1_GRVW4_GSU1_GSUASB_GSUAA0_GSUSARR1_GSUWGMRR0_GLS0_ISA1201_IU1_IA0_KLA_LEL0_LBSPPA0_LBSPPB0_LPA2_LPB0_L
DL1_LR2A1_LR2B1_LRVW2_LW2A1_LW2B1_LWPMn1_LDW0_LT1_FMA_MIAV0_MTSM64_MTSM1_MDA2_MI_MO40_MVN256_MMFSC_MKFGSU256_MVN0_NR0_NTA0_NTB0_NTC0_NTD0_NEPBS0_NLCA1_NL
CB1_ONLL1_OPLV0_PBD0_PFD1_PG2_PSD0_PSLn1_PWCn1_PWLn1_PK0_PKAB0_PAP0_PAPM0_PGR1_PLR1_PKA0_RK0_SGR1_SIA1_SLW1_SS0_SU0_SUM0_SUS0_SCIU0_SCIUE0_SCIUI1_SCIUPL0
_SPO0_SRVW0_SSO0_SVW4_SK0_SKA0_SKXCCM0_SNLL0_TSGRA0_TSGRB0_TT2_2_TLDS0_UIIDU0_UMLDSA0_UMLDSB0_UMF0_U64SL1_UIOFGRO0_USFGROn1_VAW1_VSn1_VW2_VWB2_VFLRP0_WSG
RA0_WSGRB0_WS32_WG16_16_1_WGM8_WGMTB

reject: ThreadTile0 2 or ThreadTile1 2 not a multiple of VectorWidth 4
rejecting solution 
Cijk_Alik_Bjlk_I8II_BH_MT32x32x32_SN_1LDSB0_APM1_AAIGTEn1_AAILTEn1_AAV0_ABV0_ACED0_AF0EM1_AF1EM1_AMASn1_ASE_ASGT_ASLT_ASM_ASAE01_ASBE01_ASCE01_ASDE01_ASE
M1_AAC0_BL1_BS1_CUM0_CDO0_CTDA0_CLR0_DSK0_DRA0_DU32_DULD1_DTLA0_DTLB0_DTVA0_DTVB0_DAF0_DKP0_DVO0_ETSP_EPS1_ELFLR0_EMLL0_FSSC10_F16AI0_F16AIR0_FL0_GLVWA4_
GLVWB4_GR2A1_GR2B1_GRCGA1_GRCGB1_GRCVA1_GRCVB1_GRPM1_GRVW4_GSU1_GSUASB_GSUAA0_GSUSARR1_GSUWGMRR0_GLS0_ISA1201_IU1_IA0_KLA_LEL0_LBSPPAn1_LBSPPBn1_LPAn1_LP
Bn1_LDL1_LR2A1_LR2B1_LRVWn1_LW2A1_LW2B1_LWPMn1_LDW0_LT1_FMA_MIAV0_MTSM64_MTSM1_MDA2_MI_MO40_MVN256_MMFSC_MKFGSU256_MVN0_NR0_NTA0_NTB0_NTC0_NTD0_NEPBS0_NL
CA1_NLCB1_ONLL1_OPLV0_PBD0_PFD1_PG2_PSD0_PSLn1_PWCn1_PWLn1_PK0_PKAB0_PAP0_PAPM0_PGR1_PLR1_PKA0_RK0_SGR1_SIA1_SLW1_SS0_SU0_SUM0_SUS0_SCIU0_SCIUE0_SCIUI1_S
CIUPL0_SPO0_SRVW0_SSO0_SVWn1_SK0_SKA0_SKXCCM0_SNLL0_TSGRA0_TSGRB0_TT2_2_TLDS0_UIIDU0_UMLDSA0_UMLDSB0_UMF0_U64SL1_UIOFGRO0_USFGROn1_VAWn1_VSn1_VW4_VWBn1_V
FLRP0_WSGRA0_WSGRB0_WS32_WG16_16_1_WGM8_WGMTB

reject: VectorWidth must be >= 4 for Int8 or 8bitFloat

reject: GlobalLoadVectorWidthB 4 must be == VectorWidth 1 or == 1
rejecting solution 
Cijk_Alik_Bjlk_I8II_BH_MT32x32x32_SN_1LDSB0_APM1_AAIGTEn1_AAILTEn1_AAV0_ABV0_ACED0_AF0EM1_AF1EM1_AMAS0_ASE_ASGT_ASLT_ASM_ASAE01_ASBE01_ASCE01_ASDE01_ASEM
1_AAC0_BL1_BS1_CUM0_CDO0_CTDA0_CLR0_DSK0_DRA0_DU32_DULD1_DTLA0_DTLB0_DTVA0_DTVB0_DAF0_DKP0_DVO0_ETSP_EPS1_ELFLR0_EMLL0_FSSC10_F16AI0_F16AIR0_FL0_GLVWA4_G
LVWB4_GR2A1_GR2B1_GRCGA1_GRCGB1_GRCVA1_GRCVB1_GRPM1_GRVW8_GSU1_GSUASB_GSUAA0_GSUSARR1_GSUWGMRR0_GLS0_ISA1201_IU1_IA0_KLA_LEL0_LBSPPA0_LBSPPB0_LPA1_LPB0_L
DL1_LR2A1_LR2B1_LRVW1_LW2A1_LW2B1_LWPMn1_LDW0_LT1_FMA_MIAV0_MTSM64_MTSM1_MDA2_MI_MO40_MVN256_MMFSC_MKFGSU256_MVN0_NR0_NTA0_NTB0_NTC0_NTD0_NEPBS0_NLCA1_NL
CB1_ONLL1_OPLV0_PBD0_PFD1_PG2_PSD0_PSLn1_PWCn1_PWLn1_PK0_PKAB0_PAP0_PAPM0_PGR1_PLR1_PKA0_RK0_SGR1_SIA1_SLW1_SS0_SU0_SUM0_SUS0_SCIU0_SCIUE0_SCIUI1_SCIUPL0
_SPO0_SRVW0_SSO0_SVW4_SK0_SKA0_SKXCCM0_SNLL0_TSGRA0_TSGRB0_TT2_2_TLDS0_UIIDU0_UMLDSA0_UMLDSB0_UMF0_U64SL1_UIOFGRO0_USFGROn1_VAW1_VSn1_VW1_VWB1_VFLRP0_WSG
RA0_WSGRB0_WS32_WG16_16_1_WGM8_WGMTB

reject: VectorWidth must be >= 4 for Int8 or 8bitFloat

reject: GlobalLoadVectorWidthB 4 must be == VectorWidth 2 or == 1
rejecting solution 
Cijk_Alik_Bjlk_I8II_BH_MT32x32x32_SN_1LDSB0_APM1_AAIGTEn1_AAILTEn1_AAV0_ABV0_ACED0_AF0EM1_AF1EM1_AMAS3_ASE_ASGT_ASLT_ASM_ASAE01_ASBE01_ASCE01_ASDE01_ASEM
1_AAC0_BL1_BS1_CUM0_CDO0_CTDA0_CLR0_DSK0_DRA0_DU32_DULD1_DTLA0_DTLB0_DTVA0_DTVB0_DAF0_DKP0_DVO0_ETSP_EPS1_ELFLR0_EMLL0_FSSC10_F16AI0_F16AIR0_FL0_GLVWA4_G
LVWB4_GR2A1_GR2B1_GRCGA1_GRCGB1_GRCVA1_GRCVB1_GRPM1_GRVW8_GSU1_GSUASB_GSUAA0_GSUSARR1_GSUWGMRR0_GLS0_ISA1201_IU1_IA0_KLA_LEL0_LBSPPA0_LBSPPB0_LPA2_LPB0_L
DL1_LR2A1_LR2B1_LRVW2_LW2A1_LW2B1_LWPMn1_LDW0_LT1_FMA_MIAV0_MTSM64_MTSM1_MDA2_MI_MO40_MVN256_MMFSC_MKFGSU256_MVN0_NR0_NTA0_NTB0_NTC0_NTD0_NEPBS0_NLCA1_NL
CB1_ONLL1_OPLV0_PBD0_PFD1_PG2_PSD0_PSLn1_PWCn1_PWLn1_PK0_PKAB0_PAP0_PAPM0_PGR1_PLR1_PKA0_RK0_SGR1_SIA1_SLW1_SS0_SU0_SUM0_SUS0_SCIU0_SCIUE0_SCIUI1_SCIUPL0
_SPO0_SRVW0_SSO0_SVW4_SK0_SKA0_SKXCCM0_SNLL0_TSGRA0_TSGRB0_TT2_2_TLDS0_UIIDU0_UMLDSA0_UMLDSB0_UMF0_U64SL1_UIOFGRO0_USFGROn1_VAW1_VSn1_VW2_VWB2_VFLRP0_WSG
RA0_WSGRB0_WS32_WG16_16_1_WGM8_WGMTB

reject: ThreadTile0 2 or ThreadTile1 2 not a multiple of VectorWidth 4
rejecting solution 
Cijk_Alik_Bjlk_I8II_BH_MT32x32x32_SN_1LDSB0_APM1_AAIGTEn1_AAILTEn1_AAV0_ABV0_ACED0_AF0EM1_AF1EM1_AMASn1_ASE_ASGT_ASLT_ASM_ASAE01_ASBE01_ASCE01_ASDE01_ASE
M1_AAC0_BL1_BS1_CUM0_CDO0_CTDA0_CLR0_DSK0_DRA0_DU32_DULD1_DTLA0_DTLB0_DTVA0_DTVB0_DAF0_DKP0_DVO0_ETSP_EPS1_ELFLR0_EMLL0_FSSC10_F16AI0_F16AIR0_FL0_GLVWA8_
GLVWB8_GR2A1_GR2B1_GRCGA1_GRCGB1_GRCVA1_GRCVB1_GRPM1_GRVW8_GSU1_GSUASB_GSUAA0_GSUSARR1_GSUWGMRR0_GLS0_ISA1201_IU1_IA0_KLA_LEL0_LBSPPAn1_LBSPPBn1_LPAn1_LP
Bn1_LDL1_LR2A1_LR2B1_LRVWn1_LW2A1_LW2B1_LWPMn1_LDW0_LT1_FMA_MIAV0_MTSM64_MTSM1_MDA2_MI_MO40_MVN256_MMFSC_MKFGSU256_MVN0_NR0_NTA0_NTB0_NTC0_NTD0_NEPBS0_NL
CA1_NLCB1_ONLL1_OPLV0_PBD0_PFD1_PG2_PSD0_PSLn1_PWCn1_PWLn1_PK0_PKAB0_PAP0_PAPM0_PGR1_PLR1_PKA0_RK0_SGR1_SIA1_SLW1_SS0_SU0_SUM0_SUS0_SCIU0_SCIUE0_SCIUI1_S
CIUPL0_SPO0_SRVW0_SSO0_SVWn1_SK0_SKA0_SKXCCM0_SNLL0_TSGRA0_TSGRB0_TT2_2_TLDS0_UIIDU0_UMLDSA0_UMLDSB0_UMF0_U64SL1_UIOFGRO0_USFGROn1_VAWn1_VSn1_VW4_VWBn1_V
FLRP0_WSGRA0_WSGRB0_WS32_WG16_16_1_WGM8_WGMTB

reject: VectorWidth must be >= 4 for Int8 or 8bitFloat

reject: GlobalLoadVectorWidthB 4 must be == VectorWidth 1 or == 1
rejecting solution 
Cijk_Alik_Bjlk_I8II_BH_MT32x32x32_SN_1LDSB0_APM1_AAIGTEn1_AAILTEn1_AAV0_ABV0_ACED0_AF0EM1_AF1EM1_AMAS0_ASE_ASGT_ASLT_ASM_ASAE01_ASBE01_ASCE01_ASDE01_ASEM
1_AAC0_BL1_BS1_CUM0_CDO0_CTDA0_CLR0_DSK0_DRA0_DU32_DULD1_DTLA0_DTLB0_DTVA0_DTVB0_DAF0_DKP0_DVO0_ETSP_EPS1_ELFLR0_EMLL0_FSSC10_F16AI0_F16AIR0_FL0_GLVWA4_G
LVWB4_GR2A1_GR2B1_GRCGA1_GRCGB1_GRCVA1_GRCVB1_GRPM1_GRVW16_GSU1_GSUASB_GSUAA0_GSUSARR1_GSUWGMRR0_GLS0_ISA1201_IU1_IA0_KLA_LEL0_LBSPPA0_LBSPPB0_LPA1_LPB0_
LDL1_LR2A1_LR2B1_LRVW1_LW2A1_LW2B1_LWPMn1_LDW0_LT1_FMA_MIAV0_MTSM64_MTSM1_MDA2_MI_MO40_MVN256_MMFSC_MKFGSU256_MVN0_NR0_NTA0_NTB0_NTC0_NTD0_NEPBS0_NLCA1_N
LCB1_ONLL1_OPLV0_PBD0_PFD1_PG2_PSD0_PSLn1_PWCn1_PWLn1_PK0_PKAB0_PAP0_PAPM0_PGR1_PLR1_PKA0_RK0_SGR1_SIA1_SLW1_SS0_SU0_SUM0_SUS0_SCIU0_SCIUE0_SCIUI1_SCIUPL
0_SPO0_SRVW0_SSO0_SVW4_SK0_SKA0_SKXCCM0_SNLL0_TSGRA0_TSGRB0_TT2_2_TLDS0_UIIDU0_UMLDSA0_UMLDSB0_UMF0_U64SL1_UIOFGRO0_USFGROn1_VAW1_VSn1_VW1_VWB1_VFLRP0_WS
GRA0_WSGRB0_WS32_WG16_16_1_WGM8_WGMTB

reject: VectorWidth must be >= 4 for Int8 or 8bitFloat

reject: GlobalLoadVectorWidthB 4 must be == VectorWidth 2 or == 1
rejecting solution 
Cijk_Alik_Bjlk_I8II_BH_MT32x32x32_SN_1LDSB0_APM1_AAIGTEn1_AAILTEn1_AAV0_ABV0_ACED0_AF0EM1_AF1EM1_AMAS3_ASE_ASGT_ASLT_ASM_ASAE01_ASBE01_ASCE01_ASDE01_ASEM
1_AAC0_BL1_BS1_CUM0_CDO0_CTDA0_CLR0_DSK0_DRA0_DU32_DULD1_DTLA0_DTLB0_DTVA0_DTVB0_DAF0_DKP0_DVO0_ETSP_EPS1_ELFLR0_EMLL0_FSSC10_F16AI0_F16AIR0_FL0_GLVWA4_G
LVWB4_GR2A1_GR2B1_GRCGA1_GRCGB1_GRCVA1_GRCVB1_GRPM1_GRVW16_GSU1_GSUASB_GSUAA0_GSUSARR1_GSUWGMRR0_GLS0_ISA1201_IU1_IA0_KLA_LEL0_LBSPPA0_LBSPPB0_LPA2_LPB0_
LDL1_LR2A1_LR2B1_LRVW2_LW2A1_LW2B1_LWPMn1_LDW0_LT1_FMA_MIAV0_MTSM64_MTSM1_MDA2_MI_MO40_MVN256_MMFSC_MKFGSU256_MVN0_NR0_NTA0_NTB0_NTC0_NTD0_NEPBS0_NLCA1_N
LCB1_ONLL1_OPLV0_PBD0_PFD1_PG2_PSD0_PSLn1_PWCn1_PWLn1_PK0_PKAB0_PAP0_PAPM0_PGR1_PLR1_PKA0_RK0_SGR1_SIA1_SLW1_SS0_SU0_SUM0_SUS0_SCIU0_SCIUE0_SCIUI1_SCIUPL
0_SPO0_SRVW0_SSO0_SVW4_SK0_SKA0_SKXCCM0_SNLL0_TSGRA0_TSGRB0_TT2_2_TLDS0_UIIDU0_UMLDSA0_UMLDSB0_UMF0_U64SL1_UIOFGRO0_USFGROn1_VAW1_VSn1_VW2_VWB2_VFLRP0_WS
GRA0_WSGRB0_WS32_WG16_16_1_WGM8_WGMTB

reject: ThreadTile0 2 or ThreadTile1 2 not a multiple of VectorWidth 4
rejecting solution 
Cijk_Alik_Bjlk_I8II_BH_MT32x32x32_SN_1LDSB0_APM1_AAIGTEn1_AAILTEn1_AAV0_ABV0_ACED0_AF0EM1_AF1EM1_AMASn1_ASE_ASGT_ASLT_ASM_ASAE01_ASBE01_ASCE01_ASDE01_ASE
M1_AAC0_BL1_BS1_CUM0_CDO0_CTDA0_CLR0_DSK0_DRA0_DU32_DULD1_DTLA0_DTLB0_DTVA0_DTVB0_DAF0_DKP0_DVO0_ETSP_EPS1_ELFLR0_EMLL0_FSSC10_F16AI0_F16AIR0_FL0_GLVWA16
_GLVWB16_GR2A1_GR2B1_GRCGA1_GRCGB1_GRCVA1_GRCVB1_GRPM1_GRVW16_GSU1_GSUASB_GSUAA0_GSUSARR1_GSUWGMRR0_GLS0_ISA1201_IU1_IA0_KLA_LEL0_LBSPPAn1_LBSPPBn1_LPAn1
_LPBn1_LDL1_LR2A1_LR2B1_LRVWn1_LW2A1_LW2B1_LWPMn1_LDW0_LT1_FMA_MIAV0_MTSM64_MTSM1_MDA2_MI_MO40_MVN256_MMFSC_MKFGSU256_MVN0_NR0_NTA0_NTB0_NTC0_NTD0_NEPBS0
_NLCA1_NLCB1_ONLL1_OPLV0_PBD0_PFD1_PG2_PSD0_PSLn1_PWCn1_PWLn1_PK0_PKAB0_PAP0_PAPM0_PGR1_PLR1_PKA0_RK0_SGR1_SIA1_SLW1_SS0_SU0_SUM0_SUS0_SCIU0_SCIUE0_SCIUI
1_SCIUPL0_SPO0_SRVW0_SSO0_SVWn1_SK0_SKA0_SKXCCM0_SNLL0_TSGRA0_TSGRB0_TT2_2_TLDS0_UIIDU0_UMLDSA0_UMLDSB0_UMF0_U64SL1_UIOFGRO0_USFGROn1_VAWn1_VSn1_VW4_VWBn
1_VFLRP0_WSGRA0_WSGRB0_WS32_WG16_16_1_WGM8_WGMTB

reject: VectorWidth must be >= 4 for Int8 or 8bitFloat

reject: GlobalLoadVectorWidthB 4 must be == VectorWidth 1 or == 1
rejecting solution 
Cijk_Alik_Bjlk_I8II_BH_MT32x32x32_SN_1LDSB0_APM1_AAIGTEn1_AAILTEn1_AAV0_ABV0_ACED0_AF0EM1_AF1EM1_AMAS0_ASE_ASGT_ASLT_ASM_ASAE01_ASBE01_ASCE01_ASDE01_ASEM
1_AAC0_BL1_BS1_CUM0_CDO0_CTDA0_CLR0_DSK0_DRA0_DU32_DULD1_DTLA0_DTLB0_DTVA0_DTVB0_DAF0_DKP0_DVO0_ETSP_EPS1_ELFLR0_EMLL0_FSSC10_F16AI0_F16AIR0_FL0_GLVWA4_G
LVWB4_GR2A1_GR2B1_GRCGA1_GRCGB1_GRCVA1_GRCVB1_GRPM1_GRVW4_GSU1_GSUASB_GSUAA0_GSUSARR1_GSUWGMRR0_GLS0_ISA1201_IU1_IA0_KLA_LEL0_LBSPPA0_LBSPPB0_LPA1_LPB0_L
DL1_LR2A1_LR2B1_LRVW1_LW2A1_LW2B1_LWPMn1_LDW0_LT1_FMA_MIAV0_MTSM64_MTSM1_MDA2_MI_MO40_MVN256_MMFSC_MKFGSU256_MVN0_NR0_NTA0_NTB0_NTC0_NTD0_NEPBS0_NLCA1_NL
CB1_ONLL1_OPLV0_PBD0_PFD1_PG2_PSD0_PSLn1_PWCn1_PWLn1_PK0_PKAB0_PAP0_PAPM0_PGR1_PLR1_PKA0_RK0_SGR1_SIA1_SLW1_SS0_SU32_SUM0_SUS256_SCIU0_SCIUE0_SCIUI1_SCIU
PL0_SPO0_SRVW0_SSO0_SVW4_SK0_SKA0_SKXCCM0_SNLL0_TSGRA0_TSGRB0_TT2_2_TLDS0_UIIDU0_UMLDSA0_UMLDSB0_UMF0_U64SL1_UIOFGRO0_USFGROn1_VAW1_VSn1_VW1_VWB1_VFLRP0_
WSGRA0_WSGRB0_WS32_WG16_16_1_WGM8_WGMTB

reject: VectorWidth must be >= 4 for Int8 or 8bitFloat

reject: GlobalLoadVectorWidthB 4 must be == VectorWidth 2 or == 1
rejecting solution 
Cijk_Alik_Bjlk_I8II_BH_MT32x32x32_SN_1LDSB0_APM1_AAIGTEn1_AAILTEn1_AAV0_ABV0_ACED0_AF0EM1_AF1EM1_AMAS3_ASE_ASGT_ASLT_ASM_ASAE01_ASBE01_ASCE01_ASDE01_ASEM
1_AAC0_BL1_BS1_CUM0_CDO0_CTDA0_CLR0_DSK0_DRA0_DU32_DULD1_DTLA0_DTLB0_DTVA0_DTVB0_DAF0_DKP0_DVO0_ETSP_EPS1_ELFLR0_EMLL0_FSSC10_F16AI0_F16AIR0_FL0_GLVWA4_G
LVWB4_GR2A1_GR2B1_GRCGA1_GRCGB1_GRCVA1_GRCVB1_GRPM1_GRVW4_GSU1_GSUASB_GSUAA0_GSUSARR1_GSUWGMRR0_GLS0_ISA1201_IU1_IA0_KLA_LEL0_LBSPPA0_LBSPPB0_LPA2_LPB0_L
DL1_LR2A1_LR2B1_LRVW2_LW2A1_LW2B1_LWPMn1_LDW0_LT1_FMA_MIAV0_MTSM64_MTSM1_MDA2_MI_MO40_MVN256_MMFSC_MKFGSU256_MVN0_NR0_NTA0_NTB0_NTC0_NTD0_NEPBS0_NLCA1_NL
CB1_ONLL1_OPLV0_PBD0_PFD1_PG2_PSD0_PSLn1_PWCn1_PWLn1_PK0_PKAB0_PAP0_PAPM0_PGR1_PLR1_PKA0_RK0_SGR1_SIA1_SLW1_SS0_SU32_SUM0_SUS256_SCIU0_SCIUE0_SCIUI1_SCIU
PL0_SPO0_SRVW0_SSO0_SVW4_SK0_SKA0_SKXCCM0_SNLL0_TSGRA0_TSGRB0_TT2_2_TLDS0_UIIDU0_UMLDSA0_UMLDSB0_UMF0_U64SL1_UIOFGRO0_USFGROn1_VAW1_VSn1_VW2_VWB2_VFLRP0_
WSGRA0_WSGRB0_WS32_WG16_16_1_WGM8_WGMTB

reject: ThreadTile0 2 or ThreadTile1 2 not a multiple of VectorWidth 4
rejecting solution 
Cijk_Alik_Bjlk_I8II_BH_MT32x32x32_SN_1LDSB0_APM1_AAIGTEn1_AAILTEn1_AAV0_ABV0_ACED0_AF0EM1_AF1EM1_AMASn1_ASE_ASGT_ASLT_ASM_ASAE01_ASBE01_ASCE01_ASDE01_ASE
M1_AAC0_BL1_BS1_CUM0_CDO0_CTDA0_CLR0_DSK0_DRA0_DU32_DULD1_DTLA0_DTLB0_DTVA0_DTVB0_DAF0_DKP0_DVO0_ETSP_EPS1_ELFLR0_EMLL0_FSSC10_F16AI0_F16AIR0_FL0_GLVWA4_
GLVWB4_GR2A1_GR2B1_GRCGA1_GRCGB1_GRCVA1_GRCVB1_GRPM1_GRVW4_GSU1_GSUASB_GSUAA0_GSUSARR1_GSUWGMRR0_GLS0_ISA1201_IU1_IA0_KLA_LEL0_LBSPPAn1_LBSPPBn1_LPAn1_LP
Bn1_LDL1_LR2A1_LR2B1_LRVWn1_LW2A1_LW2B1_LWPMn1_LDW0_LT1_FMA_MIAV0_MTSM64_MTSM1_MDA2_MI_MO40_MVN256_MMFSC_MKFGSU256_MVN0_NR0_NTA0_NTB0_NTC0_NTD0_NEPBS0_NL
CA1_NLCB1_ONLL1_OPLV0_PBD0_PFD1_PG2_PSD0_PSLn1_PWCn1_PWLn1_PK0_PKAB0_PAP0_PAPM0_PGR1_PLR1_PKA0_RK0_SGR1_SIA1_SLW1_SS0_SU32_SUM0_SUS256_SCIU0_SCIUE0_SCIUI
1_SCIUPL0_SPO0_SRVW0_SSO0_SVWn1_SK0_SKA0_SKXCCM0_SNLL0_TSGRA0_TSGRB0_TT2_2_TLDS0_UIIDU0_UMLDSA0_UMLDSB0_UMF0_U64SL1_UIOFGRO0_USFGROn1_VAWn1_VSn1_VW4_VWBn
1_VFLRP0_WSGRA0_WSGRB0_WS32_WG16_16_1_WGM8_WGMTB

reject: VectorWidth must be >= 4 for Int8 or 8bitFloat

reject: GlobalLoadVectorWidthB 4 must be == VectorWidth 1 or == 1
rejecting solution 
Cijk_Alik_Bjlk_I8II_BH_MT32x32x32_SN_1LDSB0_APM1_AAIGTEn1_AAILTEn1_AAV0_ABV0_ACED0_AF0EM1_AF1EM1_AMAS0_ASE_ASGT_ASLT_ASM_ASAE01_ASBE01_ASCE01_ASDE01_ASEM
1_AAC0_BL1_BS1_CUM0_CDO0_CTDA0_CLR0_DSK0_DRA0_DU32_DULD1_DTLA0_DTLB0_DTVA0_DTVB0_DAF0_DKP0_DVO0_ETSP_EPS1_ELFLR0_EMLL0_FSSC10_F16AI0_F16AIR0_FL0_GLVWA4_G
LVWB4_GR2A1_GR2B1_GRCGA1_GRCGB1_GRCVA1_GRCVB1_GRPM1_GRVW8_GSU1_GSUASB_GSUAA0_GSUSARR1_GSUWGMRR0_GLS0_ISA1201_IU1_IA0_KLA_LEL0_LBSPPA0_LBSPPB0_LPA1_LPB0_L
DL1_LR2A1_LR2B1_LRVW1_LW2A1_LW2B1_LWPMn1_LDW0_LT1_FMA_MIAV0_MTSM64_MTSM1_MDA2_MI_MO40_MVN256_MMFSC_MKFGSU256_MVN0_NR0_NTA0_NTB0_NTC0_NTD0_NEPBS0_NLCA1_NL
CB1_ONLL1_OPLV0_PBD0_PFD1_PG2_PSD0_PSLn1_PWCn1_PWLn1_PK0_PKAB0_PAP0_PAPM0_PGR1_PLR1_PKA0_RK0_SGR1_SIA1_SLW1_SS0_SU32_SUM0_SUS256_SCIU0_SCIUE0_SCIUI1_SCIU
PL0_SPO0_SRVW0_SSO0_SVW4_SK0_SKA0_SKXCCM0_SNLL0_TSGRA0_TSGRB0_TT2_2_TLDS0_UIIDU0_UMLDSA0_UMLDSB0_UMF0_U64SL1_UIOFGRO0_USFGROn1_VAW1_VSn1_VW1_VWB1_VFLRP0_
WSGRA0_WSGRB0_WS32_WG16_16_1_WGM8_WGMTB

reject: VectorWidth must be >= 4 for Int8 or 8bitFloat

reject: GlobalLoadVectorWidthB 4 must be == VectorWidth 2 or == 1
rejecting solution 
Cijk_Alik_Bjlk_I8II_BH_MT32x32x32_SN_1LDSB0_APM1_AAIGTEn1_AAILTEn1_AAV0_ABV0_ACED0_AF0EM1_AF1EM1_AMAS3_ASE_ASGT_ASLT_ASM_ASAE01_ASBE01_ASCE01_ASDE01_ASEM
1_AAC0_BL1_BS1_CUM0_CDO0_CTDA0_CLR0_DSK0_DRA0_DU32_DULD1_DTLA0_DTLB0_DTVA0_DTVB0_DAF0_DKP0_DVO0_ETSP_EPS1_ELFLR0_EMLL0_FSSC10_F16AI0_F16AIR0_FL0_GLVWA4_G
LVWB4_GR2A1_GR2B1_GRCGA1_GRCGB1_GRCVA1_GRCVB1_GRPM1_GRVW8_GSU1_GSUASB_GSUAA0_GSUSARR1_GSUWGMRR0_GLS0_ISA1201_IU1_IA0_KLA_LEL0_LBSPPA0_LBSPPB0_LPA2_LPB0_L
DL1_LR2A1_LR2B1_LRVW2_LW2A1_LW2B1_LWPMn1_LDW0_LT1_FMA_MIAV0_MTSM64_MTSM1_MDA2_MI_MO40_MVN256_MMFSC_MKFGSU256_MVN0_NR0_NTA0_NTB0_NTC0_NTD0_NEPBS0_NLCA1_NL
CB1_ONLL1_OPLV0_PBD0_PFD1_PG2_PSD0_PSLn1_PWCn1_PWLn1_PK0_PKAB0_PAP0_PAPM0_PGR1_PLR1_PKA0_RK0_SGR1_SIA1_SLW1_SS0_SU32_SUM0_SUS256_SCIU0_SCIUE0_SCIUI1_SCIU
PL0_SPO0_SRVW0_SSO0_SVW4_SK0_SKA0_SKXCCM0_SNLL0_TSGRA0_TSGRB0_TT2_2_TLDS0_UIIDU0_UMLDSA0_UMLDSB0_UMF0_U64SL1_UIOFGRO0_USFGROn1_VAW1_VSn1_VW2_VWB2_VFLRP0_
WSGRA0_WSGRB0_WS32_WG16_16_1_WGM8_WGMTB

reject: ThreadTile0 2 or ThreadTile1 2 not a multiple of VectorWidth 4
rejecting solution 
Cijk_Alik_Bjlk_I8II_BH_MT32x32x32_SN_1LDSB0_APM1_AAIGTEn1_AAILTEn1_AAV0_ABV0_ACED0_AF0EM1_AF1EM1_AMASn1_ASE_ASGT_ASLT_ASM_ASAE01_ASBE01_ASCE01_ASDE01_ASE
M1_AAC0_BL1_BS1_CUM0_CDO0_CTDA0_CLR0_DSK0_DRA0_DU32_DULD1_DTLA0_DTLB0_DTVA0_DTVB0_DAF0_DKP0_DVO0_ETSP_EPS1_ELFLR0_EMLL0_FSSC10_F16AI0_F16AIR0_FL0_GLVWA8_
GLVWB8_GR2A1_GR2B1_GRCGA1_GRCGB1_GRCVA1_GRCVB1_GRPM1_GRVW8_GSU1_GSUASB_GSUAA0_GSUSARR1_GSUWGMRR0_GLS0_ISA1201_IU1_IA0_KLA_LEL0_LBSPPAn1_LBSPPBn1_LPAn1_LP
Bn1_LDL1_LR2A1_LR2B1_LRVWn1_LW2A1_LW2B1_LWPMn1_LDW0_LT1_FMA_MIAV0_MTSM64_MTSM1_MDA2_MI_MO40_MVN256_MMFSC_MKFGSU256_MVN0_NR0_NTA0_NTB0_NTC0_NTD0_NEPBS0_NL
CA1_NLCB1_ONLL1_OPLV0_PBD0_PFD1_PG2_PSD0_PSLn1_PWCn1_PWLn1_PK0_PKAB0_PAP0_PAPM0_PGR1_PLR1_PKA0_RK0_SGR1_SIA1_SLW1_SS0_SU32_SUM0_SUS256_SCIU0_SCIUE0_SCIUI
1_SCIUPL0_SPO0_SRVW0_SSO0_SVWn1_SK0_SKA0_SKXCCM0_SNLL0_TSGRA0_TSGRB0_TT2_2_TLDS0_UIIDU0_UMLDSA0_UMLDSB0_UMF0_U64SL1_UIOFGRO0_USFGROn1_VAWn1_VSn1_VW4_VWBn
1_VFLRP0_WSGRA0_WSGRB0_WS32_WG16_16_1_WGM8_WGMTB

reject: VectorWidth must be >= 4 for Int8 or 8bitFloat

reject: GlobalLoadVectorWidthB 4 must be == VectorWidth 1 or == 1
rejecting solution 
Cijk_Alik_Bjlk_I8II_BH_MT32x32x32_SN_1LDSB0_APM1_AAIGTEn1_AAILTEn1_AAV0_ABV0_ACED0_AF0EM1_AF1EM1_AMAS0_ASE_ASGT_ASLT_ASM_ASAE01_ASBE01_ASCE01_ASDE01_ASEM
1_AAC0_BL1_BS1_CUM0_CDO0_CTDA0_CLR0_DSK0_DRA0_DU32_DULD1_DTLA0_DTLB0_DTVA0_DTVB0_DAF0_DKP0_DVO0_ETSP_EPS1_ELFLR0_EMLL0_FSSC10_F16AI0_F16AIR0_FL0_GLVWA4_G
LVWB4_GR2A1_GR2B1_GRCGA1_GRCGB1_GRCVA1_GRCVB1_GRPM1_GRVW16_GSU1_GSUASB_GSUAA0_GSUSARR1_GSUWGMRR0_GLS0_ISA1201_IU1_IA0_KLA_LEL0_LBSPPA0_LBSPPB0_LPA1_LPB0_
LDL1_LR2A1_LR2B1_LRVW1_LW2A1_LW2B1_LWPMn1_LDW0_LT1_FMA_MIAV0_MTSM64_MTSM1_MDA2_MI_MO40_MVN256_MMFSC_MKFGSU256_MVN0_NR0_NTA0_NTB0_NTC0_NTD0_NEPBS0_NLCA1_N
LCB1_ONLL1_OPLV0_PBD0_PFD1_PG2_PSD0_PSLn1_PWCn1_PWLn1_PK0_PKAB0_PAP0_PAPM0_PGR1_PLR1_PKA0_RK0_SGR1_SIA1_SLW1_SS0_SU32_SUM0_SUS256_SCIU0_SCIUE0_SCIUI1_SCI
UPL0_SPO0_SRVW0_SSO0_SVW4_SK0_SKA0_SKXCCM0_SNLL0_TSGRA0_TSGRB0_TT2_2_TLDS0_UIIDU0_UMLDSA0_UMLDSB0_UMF0_U64SL1_UIOFGRO0_USFGROn1_VAW1_VSn1_VW1_VWB1_VFLRP0
_WSGRA0_WSGRB0_WS32_WG16_16_1_WGM8_WGMTB

reject: VectorWidth must be >= 4 for Int8 or 8bitFloat

reject: GlobalLoadVectorWidthB 4 must be == VectorWidth 2 or == 1
rejecting solution 
Cijk_Alik_Bjlk_I8II_BH_MT32x32x32_SN_1LDSB0_APM1_AAIGTEn1_AAILTEn1_AAV0_ABV0_ACED0_AF0EM1_AF1EM1_AMAS3_ASE_ASGT_ASLT_ASM_ASAE01_ASBE01_ASCE01_ASDE01_ASEM
1_AAC0_BL1_BS1_CUM0_CDO0_CTDA0_CLR0_DSK0_DRA0_DU32_DULD1_DTLA0_DTLB0_DTVA0_DTVB0_DAF0_DKP0_DVO0_ETSP_EPS1_ELFLR0_EMLL0_FSSC10_F16AI0_F16AIR0_FL0_GLVWA4_G
LVWB4_GR2A1_GR2B1_GRCGA1_GRCGB1_GRCVA1_GRCVB1_GRPM1_GRVW16_GSU1_GSUASB_GSUAA0_GSUSARR1_GSUWGMRR0_GLS0_ISA1201_IU1_IA0_KLA_LEL0_LBSPPA0_LBSPPB0_LPA2_LPB0_
LDL1_LR2A1_LR2B1_LRVW2_LW2A1_LW2B1_LWPMn1_LDW0_LT1_FMA_MIAV0_MTSM64_MTSM1_MDA2_MI_MO40_MVN256_MMFSC_MKFGSU256_MVN0_NR0_NTA0_NTB0_NTC0_NTD0_NEPBS0_NLCA1_N
LCB1_ONLL1_OPLV0_PBD0_PFD1_PG2_PSD0_PSLn1_PWCn1_PWLn1_PK0_PKAB0_PAP0_PAPM0_PGR1_PLR1_PKA0_RK0_SGR1_SIA1_SLW1_SS0_SU32_SUM0_SUS256_SCIU0_SCIUE0_SCIUI1_SCI
UPL0_SPO0_SRVW0_SSO0_SVW4_SK0_SKA0_SKXCCM0_SNLL0_TSGRA0_TSGRB0_TT2_2_TLDS0_UIIDU0_UMLDSA0_UMLDSB0_UMF0_U64SL1_UIOFGRO0_USFGROn1_VAW1_VSn1_VW2_VWB2_VFLRP0
_WSGRA0_WSGRB0_WS32_WG16_16_1_WGM8_WGMTB

reject: ThreadTile0 2 or ThreadTile1 2 not a multiple of VectorWidth 4
rejecting solution 
Cijk_Alik_Bjlk_I8II_BH_MT32x32x32_SN_1LDSB0_APM1_AAIGTEn1_AAILTEn1_AAV0_ABV0_ACED0_AF0EM1_AF1EM1_AMASn1_ASE_ASGT_ASLT_ASM_ASAE01_ASBE01_ASCE01_ASDE01_ASE
M1_AAC0_BL1_BS1_CUM0_CDO0_CTDA0_CLR0_DSK0_DRA0_DU32_DULD1_DTLA0_DTLB0_DTVA0_DTVB0_DAF0_DKP0_DVO0_ETSP_EPS1_ELFLR0_EMLL0_FSSC10_F16AI0_F16AIR0_FL0_GLVWA16
_GLVWB16_GR2A1_GR2B1_GRCGA1_GRCGB1_GRCVA1_GRCVB1_GRPM1_GRVW16_GSU1_GSUASB_GSUAA0_GSUSARR1_GSUWGMRR0_GLS0_ISA1201_IU1_IA0_KLA_LEL0_LBSPPAn1_LBSPPBn1_LPAn1
_LPBn1_LDL1_LR2A1_LR2B1_LRVWn1_LW2A1_LW2B1_LWPMn1_LDW0_LT1_FMA_MIAV0_MTSM64_MTSM1_MDA2_MI_MO40_MVN256_MMFSC_MKFGSU256_MVN0_NR0_NTA0_NTB0_NTC0_NTD0_NEPBS0
_NLCA1_NLCB1_ONLL1_OPLV0_PBD0_PFD1_PG2_PSD0_PSLn1_PWCn1_PWLn1_PK0_PKAB0_PAP0_PAPM0_PGR1_PLR1_PKA0_RK0_SGR1_SIA1_SLW1_SS0_SU32_SUM0_SUS256_SCIU0_SCIUE0_SC
IUI1_SCIUPL0_SPO0_SRVW0_SSO0_SVWn1_SK0_SKA0_SKXCCM0_SNLL0_TSGRA0_TSGRB0_TT2_2_TLDS0_UIIDU0_UMLDSA0_UMLDSB0_UMF0_U64SL1_UIOFGRO0_USFGROn1_VAWn1_VSn1_VW4_V
WBn1_VFLRP0_WSGRA0_WSGRB0_WS32_WG16_16_1_WGM8_WGMTB

reject: VectorWidth must be >= 4 for Int8 or 8bitFloat

reject: GlobalLoadVectorWidthB 4 must be == VectorWidth 1 or == 1
rejecting solution 
Cijk_Alik_Bjlk_I8II_BH_MT64x32x32_SN_1LDSB0_APM1_AAIGTEn1_AAILTEn1_AAV0_ABV0_ACED0_AF0EM1_AF1EM1_AMAS0_ASE_ASGT_ASLT_ASM_ASAE01_ASBE01_ASCE01_ASDE01_ASEM
1_AAC0_BL1_BS1_CUM0_CDO0_CTDA0_CLR0_DSK0_DRA0_DU32_DULD1_DTLA0_DTLB0_DTVA0_DTVB0_DAF0_DKP0_DVO0_ETSP_EPS1_ELFLR0_EMLL0_FSSC10_F16AI0_F16AIR0_FL0_GLVWA4_G
LVWB4_GR2A1_GR2B1_GRCGA1_GRCGB1_GRCVA1_GRCVB1_GRPM1_GRVW4_GSU1_GSUASB_GSUAA0_GSUSARR1_GSUWGMRR0_GLS0_ISA1201_IU1_IA0_KLA_LEL0_LBSPPA0_LBSPPB0_LPA1_LPB0_L
DL1_LR2A1_LR2B1_LRVW1_LW2A1_LW2B1_LWPMn1_LDW0_LT1_FMA_MIAV0_MTSM64_MTSM1_MDA2_MI_MO40_MVN256_MMFSC_MKFGSU256_MVN0_NR0_NTA0_NTB0_NTC0_NTD0_NEPBS0_NLCA1_NL
CB1_ONLL1_OPLV0_PBD0_PFD1_PG2_PSD0_PSLn1_PWCn1_PWLn1_PK0_PKAB0_PAP0_PAPM0_PGR1_PLR1_PKA0_RK0_SGR1_SIA1_SLW1_SS0_SU0_SUM0_SUS0_SCIU0_SCIUE0_SCIUI1_SCIUPL0
_SPO0_SRVW0_SSO0_SVW4_SK0_SKA0_SKXCCM0_SNLL0_TSGRA0_TSGRB0_TT4_2_TLDS0_UIIDU0_UMLDSA0_UMLDSB0_UMF0_U64SL1_UIOFGRO0_USFGROn1_VAW1_VSn1_VW1_VWB1_VFLRP0_WSG
RA0_WSGRB0_WS32_WG16_16_1_WGM8_WGMTB

reject: VectorWidth must be >= 4 for Int8 or 8bitFloat

reject: GlobalLoadVectorWidthB 4 must be == VectorWidth 2 or == 1
rejecting solution 
Cijk_Alik_Bjlk_I8II_BH_MT64x32x32_SN_1LDSB0_APM1_AAIGTEn1_AAILTEn1_AAV0_ABV0_ACED0_AF0EM1_AF1EM1_AMAS3_ASE_ASGT_ASLT_ASM_ASAE01_ASBE01_ASCE01_ASDE01_ASEM
1_AAC0_BL1_BS1_CUM0_CDO0_CTDA0_CLR0_DSK0_DRA0_DU32_DULD1_DTLA0_DTLB0_DTVA0_DTVB0_DAF0_DKP0_DVO0_ETSP_EPS1_ELFLR0_EMLL0_FSSC10_F16AI0_F16AIR0_FL0_GLVWA4_G
LVWB4_GR2A1_GR2B1_GRCGA1_GRCGB1_GRCVA1_GRCVB1_GRPM1_GRVW4_GSU1_GSUASB_GSUAA0_GSUSARR1_GSUWGMRR0_GLS0_ISA1201_IU1_IA0_KLA_LEL0_LBSPPA0_LBSPPB0_LPA2_LPB0_L
DL1_LR2A1_LR2B1_LRVW2_LW2A1_LW2B1_LWPMn1_LDW0_LT1_FMA_MIAV0_MTSM64_MTSM1_MDA2_MI_MO40_MVN256_MMFSC_MKFGSU256_MVN0_NR0_NTA0_NTB0_NTC0_NTD0_NEPBS0_NLCA1_NL
CB1_ONLL1_OPLV0_PBD0_PFD1_PG2_PSD0_PSLn1_PWCn1_PWLn1_PK0_PKAB0_PAP0_PAPM0_PGR1_PLR1_PKA0_RK0_SGR1_SIA1_SLW1_SS0_SU0_SUM0_SUS0_SCIU0_SCIUE0_SCIUI1_SCIUPL0
_SPO0_SRVW0_SSO0_SVW4_SK0_SKA0_SKXCCM0_SNLL0_TSGRA0_TSGRB0_TT4_2_TLDS0_UIIDU0_UMLDSA0_UMLDSB0_UMF0_U64SL1_UIOFGRO0_USFGROn1_VAW1_VSn1_VW2_VWB2_VFLRP0_WSG
RA0_WSGRB0_WS32_WG16_16_1_WGM8_WGMTB

reject: ThreadTile0 4 or ThreadTile1 2 not a multiple of VectorWidth 4
rejecting solution 
Cijk_Alik_Bjlk_I8II_BH_MT64x32x32_SN_1LDSB0_APM1_AAIGTEn1_AAILTEn1_AAV0_ABV0_ACED0_AF0EM1_AF1EM1_AMASn1_ASE_ASGT_ASLT_ASM_ASAE01_ASBE01_ASCE01_ASDE01_ASE
M1_AAC0_BL1_BS1_CUM0_CDO0_CTDA0_CLR0_DSK0_DRA0_DU32_DULD1_DTLA0_DTLB0_DTVA0_DTVB0_DAF0_DKP0_DVO0_ETSP_EPS1_ELFLR0_EMLL0_FSSC10_F16AI0_F16AIR0_FL0_GLVWA4_
GLVWB4_GR2A1_GR2B1_GRCGA1_GRCGB1_GRCVA1_GRCVB1_GRPM1_GRVW4_GSU1_GSUASB_GSUAA0_GSUSARR1_GSUWGMRR0_GLS0_ISA1201_IU1_IA0_KLA_LEL0_LBSPPAn1_LBSPPBn1_LPAn1_LP
Bn1_LDL1_LR2A1_LR2B1_LRVWn1_LW2A1_LW2B1_LWPMn1_LDW0_LT1_FMA_MIAV0_MTSM64_MTSM1_MDA2_MI_MO40_MVN256_MMFSC_MKFGSU256_MVN0_NR0_NTA0_NTB0_NTC0_NTD0_NEPBS0_NL
CA1_NLCB1_ONLL1_OPLV0_PBD0_PFD1_PG2_PSD0_PSLn1_PWCn1_PWLn1_PK0_PKAB0_PAP0_PAPM0_PGR1_PLR1_PKA0_RK0_SGR1_SIA1_SLW1_SS0_SU0_SUM0_SUS0_SCIU0_SCIUE0_SCIUI1_S
CIUPL0_SPO0_SRVW0_SSO0_SVWn1_SK0_SKA0_SKXCCM0_SNLL0_TSGRA0_TSGRB0_TT4_2_TLDS0_UIIDU0_UMLDSA0_UMLDSB0_UMF0_U64SL1_UIOFGRO0_USFGROn1_VAWn1_VSn1_VW4_VWBn1_V
FLRP0_WSGRA0_WSGRB0_WS32_WG16_16_1_WGM8_WGMTB

reject: VectorWidth must be >= 4 for Int8 or 8bitFloat

reject: GlobalLoadVectorWidthB 4 must be == VectorWidth 1 or == 1
rejecting solution 
Cijk_Alik_Bjlk_I8II_BH_MT64x32x32_SN_1LDSB0_APM1_AAIGTEn1_AAILTEn1_AAV0_ABV0_ACED0_AF0EM1_AF1EM1_AMAS0_ASE_ASGT_ASLT_ASM_ASAE01_ASBE01_ASCE01_ASDE01_ASEM
1_AAC0_BL1_BS1_CUM0_CDO0_CTDA0_CLR0_DSK0_DRA0_DU32_DULD1_DTLA0_DTLB0_DTVA0_DTVB0_DAF0_DKP0_DVO0_ETSP_EPS1_ELFLR0_EMLL0_FSSC10_F16AI0_F16AIR0_FL0_GLVWA8_G
LVWB4_GR2A1_GR2B1_GRCGA1_GRCGB1_GRCVA1_GRCVB1_GRPM1_GRVW8_GSU1_GSUASB_GSUAA0_GSUSARR1_GSUWGMRR0_GLS0_ISA1201_IU1_IA0_KLA_LEL0_LBSPPA0_LBSPPB0_LPA1_LPB0_L
DL1_LR2A1_LR2B1_LRVW1_LW2A1_LW2B1_LWPMn1_LDW0_LT1_FMA_MIAV0_MTSM64_MTSM1_MDA2_MI_MO40_MVN256_MMFSC_MKFGSU256_MVN0_NR0_NTA0_NTB0_NTC0_NTD0_NEPBS0_NLCA1_NL
CB1_ONLL1_OPLV0_PBD0_PFD1_PG2_PSD0_PSLn1_PWCn1_PWLn1_PK0_PKAB0_PAP0_PAPM0_PGR1_PLR1_PKA0_RK0_SGR1_SIA1_SLW1_SS0_SU0_SUM0_SUS0_SCIU0_SCIUE0_SCIUI1_SCIUPL0
_SPO0_SRVW0_SSO0_SVW4_SK0_SKA0_SKXCCM0_SNLL0_TSGRA0_TSGRB0_TT4_2_TLDS0_UIIDU0_UMLDSA0_UMLDSB0_UMF0_U64SL1_UIOFGRO0_USFGROn1_VAW1_VSn1_VW1_VWB1_VFLRP0_WSG
RA0_WSGRB0_WS32_WG16_16_1_WGM8_WGMTB

reject: VectorWidth must be >= 4 for Int8 or 8bitFloat

reject: GlobalLoadVectorWidthB 4 must be == VectorWidth 2 or == 1
rejecting solution 
Cijk_Alik_Bjlk_I8II_BH_MT64x32x32_SN_1LDSB0_APM1_AAIGTEn1_AAILTEn1_AAV0_ABV0_ACED0_AF0EM1_AF1EM1_AMAS3_ASE_ASGT_ASLT_ASM_ASAE01_ASBE01_ASCE01_ASDE01_ASEM
1_AAC0_BL1_BS1_CUM0_CDO0_CTDA0_CLR0_DSK0_DRA0_DU32_DULD1_DTLA0_DTLB0_DTVA0_DTVB0_DAF0_DKP0_DVO0_ETSP_EPS1_ELFLR0_EMLL0_FSSC10_F16AI0_F16AIR0_FL0_GLVWA8_G
LVWB4_GR2A1_GR2B1_GRCGA1_GRCGB1_GRCVA1_GRCVB1_GRPM1_GRVW8_GSU1_GSUASB_GSUAA0_GSUSARR1_GSUWGMRR0_GLS0_ISA1201_IU1_IA0_KLA_LEL0_LBSPPA0_LBSPPB0_LPA2_LPB0_L
DL1_LR2A1_LR2B1_LRVW2_LW2A1_LW2B1_LWPMn1_LDW0_LT1_FMA_MIAV0_MTSM64_MTSM1_MDA2_MI_MO40_MVN256_MMFSC_MKFGSU256_MVN0_NR0_NTA0_NTB0_NTC0_NTD0_NEPBS0_NLCA1_NL
CB1_ONLL1_OPLV0_PBD0_PFD1_PG2_PSD0_PSLn1_PWCn1_PWLn1_PK0_PKAB0_PAP0_PAPM0_PGR1_PLR1_PKA0_RK0_SGR1_SIA1_SLW1_SS0_SU0_SUM0_SUS0_SCIU0_SCIUE0_SCIUI1_SCIUPL0
_SPO0_SRVW0_SSO0_SVW4_SK0_SKA0_SKXCCM0_SNLL0_TSGRA0_TSGRB0_TT4_2_TLDS0_UIIDU0_UMLDSA0_UMLDSB0_UMF0_U64SL1_UIOFGRO0_USFGROn1_VAW1_VSn1_VW2_VWB2_VFLRP0_WSG
RA0_WSGRB0_WS32_WG16_16_1_WGM8_WGMTB

reject: ThreadTile0 4 or ThreadTile1 2 not a multiple of VectorWidth 4
rejecting solution 
Cijk_Alik_Bjlk_I8II_BH_MT64x32x32_SN_1LDSB0_APM1_AAIGTEn1_AAILTEn1_AAV0_ABV0_ACED0_AF0EM1_AF1EM1_AMASn1_ASE_ASGT_ASLT_ASM_ASAE01_ASBE01_ASCE01_ASDE01_ASE
M1_AAC0_BL1_BS1_CUM0_CDO0_CTDA0_CLR0_DSK0_DRA0_DU32_DULD1_DTLA0_DTLB0_DTVA0_DTVB0_DAF0_DKP0_DVO0_ETSP_EPS1_ELFLR0_EMLL0_FSSC10_F16AI0_F16AIR0_FL0_GLVWA8_
GLVWB8_GR2A1_GR2B1_GRCGA1_GRCGB1_GRCVA1_GRCVB1_GRPM1_GRVW8_GSU1_GSUASB_GSUAA0_GSUSARR1_GSUWGMRR0_GLS0_ISA1201_IU1_IA0_KLA_LEL0_LBSPPAn1_LBSPPBn1_LPAn1_LP
Bn1_LDL1_LR2A1_LR2B1_LRVWn1_LW2A1_LW2B1_LWPMn1_LDW0_LT1_FMA_MIAV0_MTSM64_MTSM1_MDA2_MI_MO40_MVN256_MMFSC_MKFGSU256_MVN0_NR0_NTA0_NTB0_NTC0_NTD0_NEPBS0_NL
CA1_NLCB1_ONLL1_OPLV0_PBD0_PFD1_PG2_PSD0_PSLn1_PWCn1_PWLn1_PK0_PKAB0_PAP0_PAPM0_PGR1_PLR1_PKA0_RK0_SGR1_SIA1_SLW1_SS0_SU0_SUM0_SUS0_SCIU0_SCIUE0_SCIUI1_S
CIUPL0_SPO0_SRVW0_SSO0_SVWn1_SK0_SKA0_SKXCCM0_SNLL0_TSGRA0_TSGRB0_TT4_2_TLDS0_UIIDU0_UMLDSA0_UMLDSB0_UMF0_U64SL1_UIOFGRO0_USFGROn1_VAWn1_VSn1_VW4_VWBn1_V
FLRP0_WSGRA0_WSGRB0_WS32_WG16_16_1_WGM8_WGMTB

reject: VectorWidth must be >= 4 for Int8 or 8bitFloat

reject: GlobalLoadVectorWidthB 4 must be == VectorWidth 1 or == 1
rejecting solution 
Cijk_Alik_Bjlk_I8II_BH_MT64x32x32_SN_1LDSB0_APM1_AAIGTEn1_AAILTEn1_AAV0_ABV0_ACED0_AF0EM1_AF1EM1_AMAS0_ASE_ASGT_ASLT_ASM_ASAE01_ASBE01_ASCE01_ASDE01_ASEM
1_AAC0_BL1_BS1_CUM0_CDO0_CTDA0_CLR0_DSK0_DRA0_DU32_DULD1_DTLA0_DTLB0_DTVA0_DTVB0_DAF0_DKP0_DVO0_ETSP_EPS1_ELFLR0_EMLL0_FSSC10_F16AI0_F16AIR0_FL0_GLVWA8_G
LVWB4_GR2A1_GR2B1_GRCGA1_GRCGB1_GRCVA1_GRCVB1_GRPM1_GRVW16_GSU1_GSUASB_GSUAA0_GSUSARR1_GSUWGMRR0_GLS0_ISA1201_IU1_IA0_KLA_LEL0_LBSPPA0_LBSPPB0_LPA1_LPB0_
LDL1_LR2A1_LR2B1_LRVW1_LW2A1_LW2B1_LWPMn1_LDW0_LT1_FMA_MIAV0_MTSM64_MTSM1_MDA2_MI_MO40_MVN256_MMFSC_MKFGSU256_MVN0_NR0_NTA0_NTB0_NTC0_NTD0_NEPBS0_NLCA1_N
LCB1_ONLL1_OPLV0_PBD0_PFD1_PG2_PSD0_PSLn1_PWCn1_PWLn1_PK0_PKAB0_PAP0_PAPM0_PGR1_PLR1_PKA0_RK0_SGR1_SIA1_SLW1_SS0_SU0_SUM0_SUS0_SCIU0_SCIUE0_SCIUI1_SCIUPL
0_SPO0_SRVW0_SSO0_SVW4_SK0_SKA0_SKXCCM0_SNLL0_TSGRA0_TSGRB0_TT4_2_TLDS0_UIIDU0_UMLDSA0_UMLDSB0_UMF0_U64SL1_UIOFGRO0_USFGROn1_VAW1_VSn1_VW1_VWB1_VFLRP0_WS
GRA0_WSGRB0_WS32_WG16_16_1_WGM8_WGMTB

reject: VectorWidth must be >= 4 for Int8 or 8bitFloat

reject: GlobalLoadVectorWidthB 4 must be == VectorWidth 2 or == 1
rejecting solution 
Cijk_Alik_Bjlk_I8II_BH_MT64x32x32_SN_1LDSB0_APM1_AAIGTEn1_AAILTEn1_AAV0_ABV0_ACED0_AF0EM1_AF1EM1_AMAS3_ASE_ASGT_ASLT_ASM_ASAE01_ASBE01_ASCE01_ASDE01_ASEM
1_AAC0_BL1_BS1_CUM0_CDO0_CTDA0_CLR0_DSK0_DRA0_DU32_DULD1_DTLA0_DTLB0_DTVA0_DTVB0_DAF0_DKP0_DVO0_ETSP_EPS1_ELFLR0_EMLL0_FSSC10_F16AI0_F16AIR0_FL0_GLVWA8_G
LVWB4_GR2A1_GR2B1_GRCGA1_GRCGB1_GRCVA1_GRCVB1_GRPM1_GRVW16_GSU1_GSUASB_GSUAA0_GSUSARR1_GSUWGMRR0_GLS0_ISA1201_IU1_IA0_KLA_LEL0_LBSPPA0_LBSPPB0_LPA2_LPB0_
LDL1_LR2A1_LR2B1_LRVW2_LW2A1_LW2B1_LWPMn1_LDW0_LT1_FMA_MIAV0_MTSM64_MTSM1_MDA2_MI_MO40_MVN256_MMFSC_MKFGSU256_MVN0_NR0_NTA0_NTB0_NTC0_NTD0_NEPBS0_NLCA1_N
LCB1_ONLL1_OPLV0_PBD0_PFD1_PG2_PSD0_PSLn1_PWCn1_PWLn1_PK0_PKAB0_PAP0_PAPM0_PGR1_PLR1_PKA0_RK0_SGR1_SIA1_SLW1_SS0_SU0_SUM0_SUS0_SCIU0_SCIUE0_SCIUI1_SCIUPL
0_SPO0_SRVW0_SSO0_SVW4_SK0_SKA0_SKXCCM0_SNLL0_TSGRA0_TSGRB0_TT4_2_TLDS0_UIIDU0_UMLDSA0_UMLDSB0_UMF0_U64SL1_UIOFGRO0_USFGROn1_VAW1_VSn1_VW2_VWB2_VFLRP0_WS
GRA0_WSGRB0_WS32_WG16_16_1_WGM8_WGMTB

reject: ThreadTile0 4 or ThreadTile1 2 not a multiple of VectorWidth 4
rejecting solution 
Cijk_Alik_Bjlk_I8II_BH_MT64x32x32_SN_1LDSB0_APM1_AAIGTEn1_AAILTEn1_AAV0_ABV0_ACED0_AF0EM1_AF1EM1_AMASn1_ASE_ASGT_ASLT_ASM_ASAE01_ASBE01_ASCE01_ASDE01_ASE
M1_AAC0_BL1_BS1_CUM0_CDO0_CTDA0_CLR0_DSK0_DRA0_DU32_DULD1_DTLA0_DTLB0_DTVA0_DTVB0_DAF0_DKP0_DVO0_ETSP_EPS1_ELFLR0_EMLL0_FSSC10_F16AI0_F16AIR0_FL0_GLVWA16
_GLVWB16_GR2A1_GR2B1_GRCGA1_GRCGB1_GRCVA1_GRCVB1_GRPM1_GRVW16_GSU1_GSUASB_GSUAA0_GSUSARR1_GSUWGMRR0_GLS0_ISA1201_IU1_IA0_KLA_LEL0_LBSPPAn1_LBSPPBn1_LPAn1
_LPBn1_LDL1_LR2A1_LR2B1_LRVWn1_LW2A1_LW2B1_LWPMn1_LDW0_LT1_FMA_MIAV0_MTSM64_MTSM1_MDA2_MI_MO40_MVN256_MMFSC_MKFGSU256_MVN0_NR0_NTA0_NTB0_NTC0_NTD0_NEPBS0
_NLCA1_NLCB1_ONLL1_OPLV0_PBD0_PFD1_PG2_PSD0_PSLn1_PWCn1_PWLn1_PK0_PKAB0_PAP0_PAPM0_PGR1_PLR1_PKA0_RK0_SGR1_SIA1_SLW1_SS0_SU0_SUM0_SUS0_SCIU0_SCIUE0_SCIUI
1_SCIUPL0_SPO0_SRVW0_SSO0_SVWn1_SK0_SKA0_SKXCCM0_SNLL0_TSGRA0_TSGRB0_TT4_2_TLDS0_UIIDU0_UMLDSA0_UMLDSB0_UMF0_U64SL1_UIOFGRO0_USFGROn1_VAWn1_VSn1_VW4_VWBn
1_VFLRP0_WSGRA0_WSGRB0_WS32_WG16_16_1_WGM8_WGMTB

reject: VectorWidth must be >= 4 for Int8 or 8bitFloat

reject: GlobalLoadVectorWidthB 4 must be == VectorWidth 1 or == 1
rejecting solution 
Cijk_Alik_Bjlk_I8II_BH_MT64x32x32_SN_1LDSB0_APM1_AAIGTEn1_AAILTEn1_AAV0_ABV0_ACED0_AF0EM1_AF1EM1_AMAS0_ASE_ASGT_ASLT_ASM_ASAE01_ASBE01_ASCE01_ASDE01_ASEM
1_AAC0_BL1_BS1_CUM0_CDO0_CTDA0_CLR0_DSK0_DRA0_DU32_DULD1_DTLA0_DTLB0_DTVA0_DTVB0_DAF0_DKP0_DVO0_ETSP_EPS1_ELFLR0_EMLL0_FSSC10_F16AI0_F16AIR0_FL0_GLVWA4_G
LVWB4_GR2A1_GR2B1_GRCGA1_GRCGB1_GRCVA1_GRCVB1_GRPM1_GRVW4_GSU1_GSUASB_GSUAA0_GSUSARR1_GSUWGMRR0_GLS0_ISA1201_IU1_IA0_KLA_LEL0_LBSPPA0_LBSPPB0_LPA1_LPB0_L
DL1_LR2A1_LR2B1_LRVW1_LW2A1_LW2B1_LWPMn1_LDW0_LT1_FMA_MIAV0_MTSM64_MTSM1_MDA2_MI_MO40_MVN256_MMFSC_MKFGSU256_MVN0_NR0_NTA0_NTB0_NTC0_NTD0_NEPBS0_NLCA1_NL
CB1_ONLL1_OPLV0_PBD0_PFD1_PG2_PSD0_PSLn1_PWCn1_PWLn1_PK0_PKAB0_PAP0_PAPM0_PGR1_PLR1_PKA0_RK0_SGR1_SIA1_SLW1_SS0_SU32_SUM0_SUS256_SCIU0_SCIUE0_SCIUI1_SCIU
PL0_SPO0_SRVW0_SSO0_SVW4_SK0_SKA0_SKXCCM0_SNLL0_TSGRA0_TSGRB0_TT4_2_TLDS0_UIIDU0_UMLDSA0_UMLDSB0_UMF0_U64SL1_UIOFGRO0_USFGROn1_VAW1_VSn1_VW1_VWB1_VFLRP0_
WSGRA0_WSGRB0_WS32_WG16_16_1_WGM8_WGMTB

reject: VectorWidth must be >= 4 for Int8 or 8bitFloat

reject: GlobalLoadVectorWidthB 4 must be == VectorWidth 2 or == 1
rejecting solution 
Cijk_Alik_Bjlk_I8II_BH_MT64x32x32_SN_1LDSB0_APM1_AAIGTEn1_AAILTEn1_AAV0_ABV0_ACED0_AF0EM1_AF1EM1_AMAS3_ASE_ASGT_ASLT_ASM_ASAE01_ASBE01_ASCE01_ASDE01_ASEM
1_AAC0_BL1_BS1_CUM0_CDO0_CTDA0_CLR0_DSK0_DRA0_DU32_DULD1_DTLA0_DTLB0_DTVA0_DTVB0_DAF0_DKP0_DVO0_ETSP_EPS1_ELFLR0_EMLL0_FSSC10_F16AI0_F16AIR0_FL0_GLVWA4_G
LVWB4_GR2A1_GR2B1_GRCGA1_GRCGB1_GRCVA1_GRCVB1_GRPM1_GRVW4_GSU1_GSUASB_GSUAA0_GSUSARR1_GSUWGMRR0_GLS0_ISA1201_IU1_IA0_KLA_LEL0_LBSPPA0_LBSPPB0_LPA2_LPB0_L
DL1_LR2A1_LR2B1_LRVW2_LW2A1_LW2B1_LWPMn1_LDW0_LT1_FMA_MIAV0_MTSM64_MTSM1_MDA2_MI_MO40_MVN256_MMFSC_MKFGSU256_MVN0_NR0_NTA0_NTB0_NTC0_NTD0_NEPBS0_NLCA1_NL
CB1_ONLL1_OPLV0_PBD0_PFD1_PG2_PSD0_PSLn1_PWCn1_PWLn1_PK0_PKAB0_PAP0_PAPM0_PGR1_PLR1_PKA0_RK0_SGR1_SIA1_SLW1_SS0_SU32_SUM0_SUS256_SCIU0_SCIUE0_SCIUI1_SCIU
PL0_SPO0_SRVW0_SSO0_SVW4_SK0_SKA0_SKXCCM0_SNLL0_TSGRA0_TSGRB0_TT4_2_TLDS0_UIIDU0_UMLDSA0_UMLDSB0_UMF0_U64SL1_UIOFGRO0_USFGROn1_VAW1_VSn1_VW2_VWB2_VFLRP0_
WSGRA0_WSGRB0_WS32_WG16_16_1_WGM8_WGMTB

reject: ThreadTile0 4 or ThreadTile1 2 not a multiple of VectorWidth 4
rejecting solution 
Cijk_Alik_Bjlk_I8II_BH_MT64x32x32_SN_1LDSB0_APM1_AAIGTEn1_AAILTEn1_AAV0_ABV0_ACED0_AF0EM1_AF1EM1_AMASn1_ASE_ASGT_ASLT_ASM_ASAE01_ASBE01_ASCE01_ASDE01_ASE
M1_AAC0_BL1_BS1_CUM0_CDO0_CTDA0_CLR0_DSK0_DRA0_DU32_DULD1_DTLA0_DTLB0_DTVA0_DTVB0_DAF0_DKP0_DVO0_ETSP_EPS1_ELFLR0_EMLL0_FSSC10_F16AI0_F16AIR0_FL0_GLVWA4_
GLVWB4_GR2A1_GR2B1_GRCGA1_GRCGB1_GRCVA1_GRCVB1_GRPM1_GRVW4_GSU1_GSUASB_GSUAA0_GSUSARR1_GSUWGMRR0_GLS0_ISA1201_IU1_IA0_KLA_LEL0_LBSPPAn1_LBSPPBn1_LPAn1_LP
Bn1_LDL1_LR2A1_LR2B1_LRVWn1_LW2A1_LW2B1_LWPMn1_LDW0_LT1_FMA_MIAV0_MTSM64_MTSM1_MDA2_MI_MO40_MVN256_MMFSC_MKFGSU256_MVN0_NR0_NTA0_NTB0_NTC0_NTD0_NEPBS0_NL
CA1_NLCB1_ONLL1_OPLV0_PBD0_PFD1_PG2_PSD0_PSLn1_PWCn1_PWLn1_PK0_PKAB0_PAP0_PAPM0_PGR1_PLR1_PKA0_RK0_SGR1_SIA1_SLW1_SS0_SU32_SUM0_SUS256_SCIU0_SCIUE0_SCIUI
1_SCIUPL0_SPO0_SRVW0_SSO0_SVWn1_SK0_SKA0_SKXCCM0_SNLL0_TSGRA0_TSGRB0_TT4_2_TLDS0_UIIDU0_UMLDSA0_UMLDSB0_UMF0_U64SL1_UIOFGRO0_USFGROn1_VAWn1_VSn1_VW4_VWBn
1_VFLRP0_WSGRA0_WSGRB0_WS32_WG16_16_1_WGM8_WGMTB

reject: VectorWidth must be >= 4 for Int8 or 8bitFloat

reject: GlobalLoadVectorWidthB 4 must be == VectorWidth 1 or == 1
rejecting solution 
Cijk_Alik_Bjlk_I8II_BH_MT64x32x32_SN_1LDSB0_APM1_AAIGTEn1_AAILTEn1_AAV0_ABV0_ACED0_AF0EM1_AF1EM1_AMAS0_ASE_ASGT_ASLT_ASM_ASAE01_ASBE01_ASCE01_ASDE01_ASEM
1_AAC0_BL1_BS1_CUM0_CDO0_CTDA0_CLR0_DSK0_DRA0_DU32_DULD1_DTLA0_DTLB0_DTVA0_DTVB0_DAF0_DKP0_DVO0_ETSP_EPS1_ELFLR0_EMLL0_FSSC10_F16AI0_F16AIR0_FL0_GLVWA8_G
LVWB4_GR2A1_GR2B1_GRCGA1_GRCGB1_GRCVA1_GRCVB1_GRPM1_GRVW8_GSU1_GSUASB_GSUAA0_GSUSARR1_GSUWGMRR0_GLS0_ISA1201_IU1_IA0_KLA_LEL0_LBSPPA0_LBSPPB0_LPA1_LPB0_L
DL1_LR2A1_LR2B1_LRVW1_LW2A1_LW2B1_LWPMn1_LDW0_LT1_FMA_MIAV0_MTSM64_MTSM1_MDA2_MI_MO40_MVN256_MMFSC_MKFGSU256_MVN0_NR0_NTA0_NTB0_NTC0_NTD0_NEPBS0_NLCA1_NL
CB1_ONLL1_OPLV0_PBD0_PFD1_PG2_PSD0_PSLn1_PWCn1_PWLn1_PK0_PKAB0_PAP0_PAPM0_PGR1_PLR1_PKA0_RK0_SGR1_SIA1_SLW1_SS0_SU32_SUM0_SUS256_SCIU0_SCIUE0_SCIUI1_SCIU
PL0_SPO0_SRVW0_SSO0_SVW4_SK0_SKA0_SKXCCM0_SNLL0_TSGRA0_TSGRB0_TT4_2_TLDS0_UIIDU0_UMLDSA0_UMLDSB0_UMF0_U64SL1_UIOFGRO0_USFGROn1_VAW1_VSn1_VW1_VWB1_VFLRP0_
WSGRA0_WSGRB0_WS32_WG16_16_1_WGM8_WGMTB

reject: VectorWidth must be >= 4 for Int8 or 8bitFloat

reject: GlobalLoadVectorWidthB 4 must be == VectorWidth 2 or == 1
rejecting solution 
Cijk_Alik_Bjlk_I8II_BH_MT64x32x32_SN_1LDSB0_APM1_AAIGTEn1_AAILTEn1_AAV0_ABV0_ACED0_AF0EM1_AF1EM1_AMAS3_ASE_ASGT_ASLT_ASM_ASAE01_ASBE01_ASCE01_ASDE01_ASEM
1_AAC0_BL1_BS1_CUM0_CDO0_CTDA0_CLR0_DSK0_DRA0_DU32_DULD1_DTLA0_DTLB0_DTVA0_DTVB0_DAF0_DKP0_DVO0_ETSP_EPS1_ELFLR0_EMLL0_FSSC10_F16AI0_F16AIR0_FL0_GLVWA8_G
LVWB4_GR2A1_GR2B1_GRCGA1_GRCGB1_GRCVA1_GRCVB1_GRPM1_GRVW8_GSU1_GSUASB_GSUAA0_GSUSARR1_GSUWGMRR0_GLS0_ISA1201_IU1_IA0_KLA_LEL0_LBSPPA0_LBSPPB0_LPA2_LPB0_L
DL1_LR2A1_LR2B1_LRVW2_LW2A1_LW2B1_LWPMn1_LDW0_LT1_FMA_MIAV0_MTSM64_MTSM1_MDA2_MI_MO40_MVN256_MMFSC_MKFGSU256_MVN0_NR0_NTA0_NTB0_NTC0_NTD0_NEPBS0_NLCA1_NL
CB1_ONLL1_OPLV0_PBD0_PFD1_PG2_PSD0_PSLn1_PWCn1_PWLn1_PK0_PKAB0_PAP0_PAPM0_PGR1_PLR1_PKA0_RK0_SGR1_SIA1_SLW1_SS0_SU32_SUM0_SUS256_SCIU0_SCIUE0_SCIUI1_SCIU
PL0_SPO0_SRVW0_SSO0_SVW4_SK0_SKA0_SKXCCM0_SNLL0_TSGRA0_TSGRB0_TT4_2_TLDS0_UIIDU0_UMLDSA0_UMLDSB0_UMF0_U64SL1_UIOFGRO0_USFGROn1_VAW1_VSn1_VW2_VWB2_VFLRP0_
WSGRA0_WSGRB0_WS32_WG16_16_1_WGM8_WGMTB

reject: ThreadTile0 4 or ThreadTile1 2 not a multiple of VectorWidth 4
rejecting solution 
Cijk_Alik_Bjlk_I8II_BH_MT64x32x32_SN_1LDSB0_APM1_AAIGTEn1_AAILTEn1_AAV0_ABV0_ACED0_AF0EM1_AF1EM1_AMASn1_ASE_ASGT_ASLT_ASM_ASAE01_ASBE01_ASCE01_ASDE01_ASE
M1_AAC0_BL1_BS1_CUM0_CDO0_CTDA0_CLR0_DSK0_DRA0_DU32_DULD1_DTLA0_DTLB0_DTVA0_DTVB0_DAF0_DKP0_DVO0_ETSP_EPS1_ELFLR0_EMLL0_FSSC10_F16AI0_F16AIR0_FL0_GLVWA8_
GLVWB8_GR2A1_GR2B1_GRCGA1_GRCGB1_GRCVA1_GRCVB1_GRPM1_GRVW8_GSU1_GSUASB_GSUAA0_GSUSARR1_GSUWGMRR0_GLS0_ISA1201_IU1_IA0_KLA_LEL0_LBSPPAn1_LBSPPBn1_LPAn1_LP
Bn1_LDL1_LR2A1_LR2B1_LRVWn1_LW2A1_LW2B1_LWPMn1_LDW0_LT1_FMA_MIAV0_MTSM64_MTSM1_MDA2_MI_MO40_MVN256_MMFSC_MKFGSU256_MVN0_NR0_NTA0_NTB0_NTC0_NTD0_NEPBS0_NL
CA1_NLCB1_ONLL1_OPLV0_PBD0_PFD1_PG2_PSD0_PSLn1_PWCn1_PWLn1_PK0_PKAB0_PAP0_PAPM0_PGR1_PLR1_PKA0_RK0_SGR1_SIA1_SLW1_SS0_SU32_SUM0_SUS256_SCIU0_SCIUE0_SCIUI
1_SCIUPL0_SPO0_SRVW0_SSO0_SVWn1_SK0_SKA0_SKXCCM0_SNLL0_TSGRA0_TSGRB0_TT4_2_TLDS0_UIIDU0_UMLDSA0_UMLDSB0_UMF0_U64SL1_UIOFGRO0_USFGROn1_VAWn1_VSn1_VW4_VWBn
1_VFLRP0_WSGRA0_WSGRB0_WS32_WG16_16_1_WGM8_WGMTB

reject: VectorWidth must be >= 4 for Int8 or 8bitFloat

reject: GlobalLoadVectorWidthB 4 must be == VectorWidth 1 or == 1
rejecting solution 
Cijk_Alik_Bjlk_I8II_BH_MT64x32x32_SN_1LDSB0_APM1_AAIGTEn1_AAILTEn1_AAV0_ABV0_ACED0_AF0EM1_AF1EM1_AMAS0_ASE_ASGT_ASLT_ASM_ASAE01_ASBE01_ASCE01_ASDE01_ASEM
1_AAC0_BL1_BS1_CUM0_CDO0_CTDA0_CLR0_DSK0_DRA0_DU32_DULD1_DTLA0_DTLB0_DTVA0_DTVB0_DAF0_DKP0_DVO0_ETSP_EPS1_ELFLR0_EMLL0_FSSC10_F16AI0_F16AIR0_FL0_GLVWA8_G
LVWB4_GR2A1_GR2B1_GRCGA1_GRCGB1_GRCVA1_GRCVB1_GRPM1_GRVW16_GSU1_GSUASB_GSUAA0_GSUSARR1_GSUWGMRR0_GLS0_ISA1201_IU1_IA0_KLA_LEL0_LBSPPA0_LBSPPB0_LPA1_LPB0_
LDL1_LR2A1_LR2B1_LRVW1_LW2A1_LW2B1_LWPMn1_LDW0_LT1_FMA_MIAV0_MTSM64_MTSM1_MDA2_MI_MO40_MVN256_MMFSC_MKFGSU256_MVN0_NR0_NTA0_NTB0_NTC0_NTD0_NEPBS0_NLCA1_N
LCB1_ONLL1_OPLV0_PBD0_PFD1_PG2_PSD0_PSLn1_PWCn1_PWLn1_PK0_PKAB0_PAP0_PAPM0_PGR1_PLR1_PKA0_RK0_SGR1_SIA1_SLW1_SS0_SU32_SUM0_SUS256_SCIU0_SCIUE0_SCIUI1_SCI
UPL0_SPO0_SRVW0_SSO0_SVW4_SK0_SKA0_SKXCCM0_SNLL0_TSGRA0_TSGRB0_TT4_2_TLDS0_UIIDU0_UMLDSA0_UMLDSB0_UMF0_U64SL1_UIOFGRO0_USFGROn1_VAW1_VSn1_VW1_VWB1_VFLRP0
_WSGRA0_WSGRB0_WS32_WG16_16_1_WGM8_WGMTB

reject: VectorWidth must be >= 4 for Int8 or 8bitFloat

reject: GlobalLoadVectorWidthB 4 must be == VectorWidth 2 or == 1
rejecting solution 
Cijk_Alik_Bjlk_I8II_BH_MT64x32x32_SN_1LDSB0_APM1_AAIGTEn1_AAILTEn1_AAV0_ABV0_ACED0_AF0EM1_AF1EM1_AMAS3_ASE_ASGT_ASLT_ASM_ASAE01_ASBE01_ASCE01_ASDE01_ASEM
1_AAC0_BL1_BS1_CUM0_CDO0_CTDA0_CLR0_DSK0_DRA0_DU32_DULD1_DTLA0_DTLB0_DTVA0_DTVB0_DAF0_DKP0_DVO0_ETSP_EPS1_ELFLR0_EMLL0_FSSC10_F16AI0_F16AIR0_FL0_GLVWA8_G
LVWB4_GR2A1_GR2B1_GRCGA1_GRCGB1_GRCVA1_GRCVB1_GRPM1_GRVW16_GSU1_GSUASB_GSUAA0_GSUSARR1_GSUWGMRR0_GLS0_ISA1201_IU1_IA0_KLA_LEL0_LBSPPA0_LBSPPB0_LPA2_LPB0_
LDL1_LR2A1_LR2B1_LRVW2_LW2A1_LW2B1_LWPMn1_LDW0_LT1_FMA_MIAV0_MTSM64_MTSM1_MDA2_MI_MO40_MVN256_MMFSC_MKFGSU256_MVN0_NR0_NTA0_NTB0_NTC0_NTD0_NEPBS0_NLCA1_N
LCB1_ONLL1_OPLV0_PBD0_PFD1_PG2_PSD0_PSLn1_PWCn1_PWLn1_PK0_PKAB0_PAP0_PAPM0_PGR1_PLR1_PKA0_RK0_SGR1_SIA1_SLW1_SS0_SU32_SUM0_SUS256_SCIU0_SCIUE0_SCIUI1_SCI
UPL0_SPO0_SRVW0_SSO0_SVW4_SK0_SKA0_SKXCCM0_SNLL0_TSGRA0_TSGRB0_TT4_2_TLDS0_UIIDU0_UMLDSA0_UMLDSB0_UMF0_U64SL1_UIOFGRO0_USFGROn1_VAW1_VSn1_VW2_VWB2_VFLRP0
_WSGRA0_WSGRB0_WS32_WG16_16_1_WGM8_WGMTB

reject: ThreadTile0 4 or ThreadTile1 2 not a multiple of VectorWidth 4
rejecting solution 
Cijk_Alik_Bjlk_I8II_BH_MT64x32x32_SN_1LDSB0_APM1_AAIGTEn1_AAILTEn1_AAV0_ABV0_ACED0_AF0EM1_AF1EM1_AMASn1_ASE_ASGT_ASLT_ASM_ASAE01_ASBE01_ASCE01_ASDE01_ASE
M1_AAC0_BL1_BS1_CUM0_CDO0_CTDA0_CLR0_DSK0_DRA0_DU32_DULD1_DTLA0_DTLB0_DTVA0_DTVB0_DAF0_DKP0_DVO0_ETSP_EPS1_ELFLR0_EMLL0_FSSC10_F16AI0_F16AIR0_FL0_GLVWA16
_GLVWB16_GR2A1_GR2B1_GRCGA1_GRCGB1_GRCVA1_GRCVB1_GRPM1_GRVW16_GSU1_GSUASB_GSUAA0_GSUSARR1_GSUWGMRR0_GLS0_ISA1201_IU1_IA0_KLA_LEL0_LBSPPAn1_LBSPPBn1_LPAn1
_LPBn1_LDL1_LR2A1_LR2B1_LRVWn1_LW2A1_LW2B1_LWPMn1_LDW0_LT1_FMA_MIAV0_MTSM64_MTSM1_MDA2_MI_MO40_MVN256_MMFSC_MKFGSU256_MVN0_NR0_NTA0_NTB0_NTC0_NTD0_NEPBS0
_NLCA1_NLCB1_ONLL1_OPLV0_PBD0_PFD1_PG2_PSD0_PSLn1_PWCn1_PWLn1_PK0_PKAB0_PAP0_PAPM0_PGR1_PLR1_PKA0_RK0_SGR1_SIA1_SLW1_SS0_SU32_SUM0_SUS256_SCIU0_SCIUE0_SC
IUI1_SCIUPL0_SPO0_SRVW0_SSO0_SVWn1_SK0_SKA0_SKXCCM0_SNLL0_TSGRA0_TSGRB0_TT4_2_TLDS0_UIIDU0_UMLDSA0_UMLDSB0_UMF0_U64SL1_UIOFGRO0_USFGROn1_VAWn1_VSn1_VW4_V
WBn1_VFLRP0_WSGRA0_WSGRB0_WS32_WG16_16_1_WGM8_WGMTB

reject: VectorWidth must be >= 4 for Int8 or 8bitFloat

reject: GlobalLoadVectorWidthB 4 must be == VectorWidth 1 or == 1
rejecting solution 
Cijk_Alik_Bjlk_I8II_BH_MT32x64x32_SN_1LDSB0_APM1_AAIGTEn1_AAILTEn1_AAV0_ABV0_ACED0_AF0EM1_AF1EM1_AMAS0_ASE_ASGT_ASLT_ASM_ASAE01_ASBE01_ASCE01_ASDE01_ASEM
1_AAC0_BL1_BS1_CUM0_CDO0_CTDA0_CLR0_DSK0_DRA0_DU32_DULD1_DTLA0_DTLB0_DTVA0_DTVB0_DAF0_DKP0_DVO0_ETSP_EPS1_ELFLR0_EMLL0_FSSC10_F16AI0_F16AIR0_FL0_GLVWA4_G
LVWB4_GR2A1_GR2B1_GRCGA1_GRCGB1_GRCVA1_GRCVB1_GRPM1_GRVW4_GSU1_GSUASB_GSUAA0_GSUSARR1_GSUWGMRR0_GLS0_ISA1201_IU1_IA0_KLA_LEL0_LBSPPA0_LBSPPB0_LPA1_LPB0_L
DL1_LR2A1_LR2B1_LRVW1_LW2A1_LW2B1_LWPMn1_LDW0_LT1_FMA_MIAV0_MTSM64_MTSM1_MDA2_MI_MO40_MVN256_MMFSC_MKFGSU256_MVN0_NR0_NTA0_NTB0_NTC0_NTD0_NEPBS0_NLCA1_NL
CB1_ONLL1_OPLV0_PBD0_PFD1_PG2_PSD0_PSLn1_PWCn1_PWLn1_PK0_PKAB0_PAP0_PAPM0_PGR1_PLR1_PKA0_RK0_SGR1_SIA1_SLW1_SS0_SU0_SUM0_SUS0_SCIU0_SCIUE0_SCIUI1_SCIUPL0
_SPO0_SRVW0_SSO0_SVW4_SK0_SKA0_SKXCCM0_SNLL0_TSGRA0_TSGRB0_TT2_4_TLDS0_UIIDU0_UMLDSA0_UMLDSB0_UMF0_U64SL1_UIOFGRO0_USFGROn1_VAW1_VSn1_VW1_VWB1_VFLRP0_WSG
RA0_WSGRB0_WS32_WG16_16_1_WGM8_WGMTB

reject: VectorWidth must be >= 4 for Int8 or 8bitFloat

reject: GlobalLoadVectorWidthB 4 must be == VectorWidth 2 or == 1
rejecting solution 
Cijk_Alik_Bjlk_I8II_BH_MT32x64x32_SN_1LDSB0_APM1_AAIGTEn1_AAILTEn1_AAV0_ABV0_ACED0_AF0EM1_AF1EM1_AMAS3_ASE_ASGT_ASLT_ASM_ASAE01_ASBE01_ASCE01_ASDE01_ASEM
1_AAC0_BL1_BS1_CUM0_CDO0_CTDA0_CLR0_DSK0_DRA0_DU32_DULD1_DTLA0_DTLB0_DTVA0_DTVB0_DAF0_DKP0_DVO0_ETSP_EPS1_ELFLR0_EMLL0_FSSC10_F16AI0_F16AIR0_FL0_GLVWA4_G
LVWB4_GR2A1_GR2B1_GRCGA1_GRCGB1_GRCVA1_GRCVB1_GRPM1_GRVW4_GSU1_GSUASB_GSUAA0_GSUSARR1_GSUWGMRR0_GLS0_ISA1201_IU1_IA0_KLA_LEL0_LBSPPA0_LBSPPB0_LPA2_LPB0_L
DL1_LR2A1_LR2B1_LRVW2_LW2A1_LW2B1_LWPMn1_LDW0_LT1_FMA_MIAV0_MTSM64_MTSM1_MDA2_MI_MO40_MVN256_MMFSC_MKFGSU256_MVN0_NR0_NTA0_NTB0_NTC0_NTD0_NEPBS0_NLCA1_NL
CB1_ONLL1_OPLV0_PBD0_PFD1_PG2_PSD0_PSLn1_PWCn1_PWLn1_PK0_PKAB0_PAP0_PAPM0_PGR1_PLR1_PKA0_RK0_SGR1_SIA1_SLW1_SS0_SU0_SUM0_SUS0_SCIU0_SCIUE0_SCIUI1_SCIUPL0
_SPO0_SRVW0_SSO0_SVW4_SK0_SKA0_SKXCCM0_SNLL0_TSGRA0_TSGRB0_TT2_4_TLDS0_UIIDU0_UMLDSA0_UMLDSB0_UMF0_U64SL1_UIOFGRO0_USFGROn1_VAW1_VSn1_VW2_VWB2_VFLRP0_WSG
RA0_WSGRB0_WS32_WG16_16_1_WGM8_WGMTB

reject: ThreadTile0 2 or ThreadTile1 4 not a multiple of VectorWidth 4
rejecting solution 
Cijk_Alik_Bjlk_I8II_BH_MT32x64x32_SN_1LDSB0_APM1_AAIGTEn1_AAILTEn1_AAV0_ABV0_ACED0_AF0EM1_AF1EM1_AMASn1_ASE_ASGT_ASLT_ASM_ASAE01_ASBE01_ASCE01_ASDE01_ASE
M1_AAC0_BL1_BS1_CUM0_CDO0_CTDA0_CLR0_DSK0_DRA0_DU32_DULD1_DTLA0_DTLB0_DTVA0_DTVB0_DAF0_DKP0_DVO0_ETSP_EPS1_ELFLR0_EMLL0_FSSC10_F16AI0_F16AIR0_FL0_GLVWA4_
GLVWB4_GR2A1_GR2B1_GRCGA1_GRCGB1_GRCVA1_GRCVB1_GRPM1_GRVW4_GSU1_GSUASB_GSUAA0_GSUSARR1_GSUWGMRR0_GLS0_ISA1201_IU1_IA0_KLA_LEL0_LBSPPAn1_LBSPPBn1_LPAn1_LP
Bn1_LDL1_LR2A1_LR2B1_LRVWn1_LW2A1_LW2B1_LWPMn1_LDW0_LT1_FMA_MIAV0_MTSM64_MTSM1_MDA2_MI_MO40_MVN256_MMFSC_MKFGSU256_MVN0_NR0_NTA0_NTB0_NTC0_NTD0_NEPBS0_NL
CA1_NLCB1_ONLL1_OPLV0_PBD0_PFD1_PG2_PSD0_PSLn1_PWCn1_PWLn1_PK0_PKAB0_PAP0_PAPM0_PGR1_PLR1_PKA0_RK0_SGR1_SIA1_SLW1_SS0_SU0_SUM0_SUS0_SCIU0_SCIUE0_SCIUI1_S
CIUPL0_SPO0_SRVW0_SSO0_SVWn1_SK0_SKA0_SKXCCM0_SNLL0_TSGRA0_TSGRB0_TT2_4_TLDS0_UIIDU0_UMLDSA0_UMLDSB0_UMF0_U64SL1_UIOFGRO0_USFGROn1_VAWn1_VSn1_VW4_VWBn1_V
FLRP0_WSGRA0_WSGRB0_WS32_WG16_16_1_WGM8_WGMTB

reject: VectorWidth must be >= 4 for Int8 or 8bitFloat

reject: GlobalLoadVectorWidthB 8 must be == VectorWidth 1 or == 1
rejecting solution 
Cijk_Alik_Bjlk_I8II_BH_MT32x64x32_SN_1LDSB0_APM1_AAIGTEn1_AAILTEn1_AAV0_ABV0_ACED0_AF0EM1_AF1EM1_AMAS0_ASE_ASGT_ASLT_ASM_ASAE01_ASBE01_ASCE01_ASDE01_ASEM
1_AAC0_BL1_BS1_CUM0_CDO0_CTDA0_CLR0_DSK0_DRA0_DU32_DULD1_DTLA0_DTLB0_DTVA0_DTVB0_DAF0_DKP0_DVO0_ETSP_EPS1_ELFLR0_EMLL0_FSSC10_F16AI0_F16AIR0_FL0_GLVWA4_G
LVWB8_GR2A1_GR2B1_GRCGA1_GRCGB1_GRCVA1_GRCVB1_GRPM1_GRVW8_GSU1_GSUASB_GSUAA0_GSUSARR1_GSUWGMRR0_GLS0_ISA1201_IU1_IA0_KLA_LEL0_LBSPPA0_LBSPPB0_LPA1_LPB0_L
DL1_LR2A1_LR2B1_LRVW1_LW2A1_LW2B1_LWPMn1_LDW0_LT1_FMA_MIAV0_MTSM64_MTSM1_MDA2_MI_MO40_MVN256_MMFSC_MKFGSU256_MVN0_NR0_NTA0_NTB0_NTC0_NTD0_NEPBS0_NLCA1_NL
CB1_ONLL1_OPLV0_PBD0_PFD1_PG2_PSD0_PSLn1_PWCn1_PWLn1_PK0_PKAB0_PAP0_PAPM0_PGR1_PLR1_PKA0_RK0_SGR1_SIA1_SLW1_SS0_SU0_SUM0_SUS0_SCIU0_SCIUE0_SCIUI1_SCIUPL0
_SPO0_SRVW0_SSO0_SVW4_SK0_SKA0_SKXCCM0_SNLL0_TSGRA0_TSGRB0_TT2_4_TLDS0_UIIDU0_UMLDSA0_UMLDSB0_UMF0_U64SL1_UIOFGRO0_USFGROn1_VAW1_VSn1_VW1_VWB1_VFLRP0_WSG
RA0_WSGRB0_WS32_WG16_16_1_WGM8_WGMTB

reject: VectorWidth must be >= 4 for Int8 or 8bitFloat

reject: GlobalLoadVectorWidthB 8 must be == VectorWidth 2 or == 1
rejecting solution 
Cijk_Alik_Bjlk_I8II_BH_MT32x64x32_SN_1LDSB0_APM1_AAIGTEn1_AAILTEn1_AAV0_ABV0_ACED0_AF0EM1_AF1EM1_AMAS3_ASE_ASGT_ASLT_ASM_ASAE01_ASBE01_ASCE01_ASDE01_ASEM
1_AAC0_BL1_BS1_CUM0_CDO0_CTDA0_CLR0_DSK0_DRA0_DU32_DULD1_DTLA0_DTLB0_DTVA0_DTVB0_DAF0_DKP0_DVO0_ETSP_EPS1_ELFLR0_EMLL0_FSSC10_F16AI0_F16AIR0_FL0_GLVWA4_G
LVWB8_GR2A1_GR2B1_GRCGA1_GRCGB1_GRCVA1_GRCVB1_GRPM1_GRVW8_GSU1_GSUASB_GSUAA0_GSUSARR1_GSUWGMRR0_GLS0_ISA1201_IU1_IA0_KLA_LEL0_LBSPPA0_LBSPPB0_LPA2_LPB0_L
DL1_LR2A1_LR2B1_LRVW2_LW2A1_LW2B1_LWPMn1_LDW0_LT1_FMA_MIAV0_MTSM64_MTSM1_MDA2_MI_MO40_MVN256_MMFSC_MKFGSU256_MVN0_NR0_NTA0_NTB0_NTC0_NTD0_NEPBS0_NLCA1_NL
CB1_ONLL1_OPLV0_PBD0_PFD1_PG2_PSD0_PSLn1_PWCn1_PWLn1_PK0_PKAB0_PAP0_PAPM0_PGR1_PLR1_PKA0_RK0_SGR1_SIA1_SLW1_SS0_SU0_SUM0_SUS0_SCIU0_SCIUE0_SCIUI1_SCIUPL0
_SPO0_SRVW0_SSO0_SVW4_SK0_SKA0_SKXCCM0_SNLL0_TSGRA0_TSGRB0_TT2_4_TLDS0_UIIDU0_UMLDSA0_UMLDSB0_UMF0_U64SL1_UIOFGRO0_USFGROn1_VAW1_VSn1_VW2_VWB2_VFLRP0_WSG
RA0_WSGRB0_WS32_WG16_16_1_WGM8_WGMTB

reject: ThreadTile0 2 or ThreadTile1 4 not a multiple of VectorWidth 4
rejecting solution 
Cijk_Alik_Bjlk_I8II_BH_MT32x64x32_SN_1LDSB0_APM1_AAIGTEn1_AAILTEn1_AAV0_ABV0_ACED0_AF0EM1_AF1EM1_AMASn1_ASE_ASGT_ASLT_ASM_ASAE01_ASBE01_ASCE01_ASDE01_ASE
M1_AAC0_BL1_BS1_CUM0_CDO0_CTDA0_CLR0_DSK0_DRA0_DU32_DULD1_DTLA0_DTLB0_DTVA0_DTVB0_DAF0_DKP0_DVO0_ETSP_EPS1_ELFLR0_EMLL0_FSSC10_F16AI0_F16AIR0_FL0_GLVWA8_
GLVWB8_GR2A1_GR2B1_GRCGA1_GRCGB1_GRCVA1_GRCVB1_GRPM1_GRVW8_GSU1_GSUASB_GSUAA0_GSUSARR1_GSUWGMRR0_GLS0_ISA1201_IU1_IA0_KLA_LEL0_LBSPPAn1_LBSPPBn1_LPAn1_LP
Bn1_LDL1_LR2A1_LR2B1_LRVWn1_LW2A1_LW2B1_LWPMn1_LDW0_LT1_FMA_MIAV0_MTSM64_MTSM1_MDA2_MI_MO40_MVN256_MMFSC_MKFGSU256_MVN0_NR0_NTA0_NTB0_NTC0_NTD0_NEPBS0_NL
CA1_NLCB1_ONLL1_OPLV0_PBD0_PFD1_PG2_PSD0_PSLn1_PWCn1_PWLn1_PK0_PKAB0_PAP0_PAPM0_PGR1_PLR1_PKA0_RK0_SGR1_SIA1_SLW1_SS0_SU0_SUM0_SUS0_SCIU0_SCIUE0_SCIUI1_S
CIUPL0_SPO0_SRVW0_SSO0_SVWn1_SK0_SKA0_SKXCCM0_SNLL0_TSGRA0_TSGRB0_TT2_4_TLDS0_UIIDU0_UMLDSA0_UMLDSB0_UMF0_U64SL1_UIOFGRO0_USFGROn1_VAWn1_VSn1_VW4_VWBn1_V
FLRP0_WSGRA0_WSGRB0_WS32_WG16_16_1_WGM8_WGMTB

reject: VectorWidth must be >= 4 for Int8 or 8bitFloat

reject: GlobalLoadVectorWidthB 8 must be == VectorWidth 1 or == 1
rejecting solution 
Cijk_Alik_Bjlk_I8II_BH_MT32x64x32_SN_1LDSB0_APM1_AAIGTEn1_AAILTEn1_AAV0_ABV0_ACED0_AF0EM1_AF1EM1_AMAS0_ASE_ASGT_ASLT_ASM_ASAE01_ASBE01_ASCE01_ASDE01_ASEM
1_AAC0_BL1_BS1_CUM0_CDO0_CTDA0_CLR0_DSK0_DRA0_DU32_DULD1_DTLA0_DTLB0_DTVA0_DTVB0_DAF0_DKP0_DVO0_ETSP_EPS1_ELFLR0_EMLL0_FSSC10_F16AI0_F16AIR0_FL0_GLVWA4_G
LVWB8_GR2A1_GR2B1_GRCGA1_GRCGB1_GRCVA1_GRCVB1_GRPM1_GRVW16_GSU1_GSUASB_GSUAA0_GSUSARR1_GSUWGMRR0_GLS0_ISA1201_IU1_IA0_KLA_LEL0_LBSPPA0_LBSPPB0_LPA1_LPB0_
LDL1_LR2A1_LR2B1_LRVW1_LW2A1_LW2B1_LWPMn1_LDW0_LT1_FMA_MIAV0_MTSM64_MTSM1_MDA2_MI_MO40_MVN256_MMFSC_MKFGSU256_MVN0_NR0_NTA0_NTB0_NTC0_NTD0_NEPBS0_NLCA1_N
LCB1_ONLL1_OPLV0_PBD0_PFD1_PG2_PSD0_PSLn1_PWCn1_PWLn1_PK0_PKAB0_PAP0_PAPM0_PGR1_PLR1_PKA0_RK0_SGR1_SIA1_SLW1_SS0_SU0_SUM0_SUS0_SCIU0_SCIUE0_SCIUI1_SCIUPL
0_SPO0_SRVW0_SSO0_SVW4_SK0_SKA0_SKXCCM0_SNLL0_TSGRA0_TSGRB0_TT2_4_TLDS0_UIIDU0_UMLDSA0_UMLDSB0_UMF0_U64SL1_UIOFGRO0_USFGROn1_VAW1_VSn1_VW1_VWB1_VFLRP0_WS
GRA0_WSGRB0_WS32_WG16_16_1_WGM8_WGMTB

reject: VectorWidth must be >= 4 for Int8 or 8bitFloat

reject: GlobalLoadVectorWidthB 8 must be == VectorWidth 2 or == 1
rejecting solution 
Cijk_Alik_Bjlk_I8II_BH_MT32x64x32_SN_1LDSB0_APM1_AAIGTEn1_AAILTEn1_AAV0_ABV0_ACED0_AF0EM1_AF1EM1_AMAS3_ASE_ASGT_ASLT_ASM_ASAE01_ASBE01_ASCE01_ASDE01_ASEM
1_AAC0_BL1_BS1_CUM0_CDO0_CTDA0_CLR0_DSK0_DRA0_DU32_DULD1_DTLA0_DTLB0_DTVA0_DTVB0_DAF0_DKP0_DVO0_ETSP_EPS1_ELFLR0_EMLL0_FSSC10_F16AI0_F16AIR0_FL0_GLVWA4_G
LVWB8_GR2A1_GR2B1_GRCGA1_GRCGB1_GRCVA1_GRCVB1_GRPM1_GRVW16_GSU1_GSUASB_GSUAA0_GSUSARR1_GSUWGMRR0_GLS0_ISA1201_IU1_IA0_KLA_LEL0_LBSPPA0_LBSPPB0_LPA2_LPB0_
LDL1_LR2A1_LR2B1_LRVW2_LW2A1_LW2B1_LWPMn1_LDW0_LT1_FMA_MIAV0_MTSM64_MTSM1_MDA2_MI_MO40_MVN256_MMFSC_MKFGSU256_MVN0_NR0_NTA0_NTB0_NTC0_NTD0_NEPBS0_NLCA1_N
LCB1_ONLL1_OPLV0_PBD0_PFD1_PG2_PSD0_PSLn1_PWCn1_PWLn1_PK0_PKAB0_PAP0_PAPM0_PGR1_PLR1_PKA0_RK0_SGR1_SIA1_SLW1_SS0_SU0_SUM0_SUS0_SCIU0_SCIUE0_SCIUI1_SCIUPL
0_SPO0_SRVW0_SSO0_SVW4_SK0_SKA0_SKXCCM0_SNLL0_TSGRA0_TSGRB0_TT2_4_TLDS0_UIIDU0_UMLDSA0_UMLDSB0_UMF0_U64SL1_UIOFGRO0_USFGROn1_VAW1_VSn1_VW2_VWB2_VFLRP0_WS
GRA0_WSGRB0_WS32_WG16_16_1_WGM8_WGMTB

reject: ThreadTile0 2 or ThreadTile1 4 not a multiple of VectorWidth 4
rejecting solution 
Cijk_Alik_Bjlk_I8II_BH_MT32x64x32_SN_1LDSB0_APM1_AAIGTEn1_AAILTEn1_AAV0_ABV0_ACED0_AF0EM1_AF1EM1_AMASn1_ASE_ASGT_ASLT_ASM_ASAE01_ASBE01_ASCE01_ASDE01_ASE
M1_AAC0_BL1_BS1_CUM0_CDO0_CTDA0_CLR0_DSK0_DRA0_DU32_DULD1_DTLA0_DTLB0_DTVA0_DTVB0_DAF0_DKP0_DVO0_ETSP_EPS1_ELFLR0_EMLL0_FSSC10_F16AI0_F16AIR0_FL0_GLVWA16
_GLVWB16_GR2A1_GR2B1_GRCGA1_GRCGB1_GRCVA1_GRCVB1_GRPM1_GRVW16_GSU1_GSUASB_GSUAA0_GSUSARR1_GSUWGMRR0_GLS0_ISA1201_IU1_IA0_KLA_LEL0_LBSPPAn1_LBSPPBn1_LPAn1
_LPBn1_LDL1_LR2A1_LR2B1_LRVWn1_LW2A1_LW2B1_LWPMn1_LDW0_LT1_FMA_MIAV0_MTSM64_MTSM1_MDA2_MI_MO40_MVN256_MMFSC_MKFGSU256_MVN0_NR0_NTA0_NTB0_NTC0_NTD0_NEPBS0
_NLCA1_NLCB1_ONLL1_OPLV0_PBD0_PFD1_PG2_PSD0_PSLn1_PWCn1_PWLn1_PK0_PKAB0_PAP0_PAPM0_PGR1_PLR1_PKA0_RK0_SGR1_SIA1_SLW1_SS0_SU0_SUM0_SUS0_SCIU0_SCIUE0_SCIUI
1_SCIUPL0_SPO0_SRVW0_SSO0_SVWn1_SK0_SKA0_SKXCCM0_SNLL0_TSGRA0_TSGRB0_TT2_4_TLDS0_UIIDU0_UMLDSA0_UMLDSB0_UMF0_U64SL1_UIOFGRO0_USFGROn1_VAWn1_VSn1_VW4_VWBn
1_VFLRP0_WSGRA0_WSGRB0_WS32_WG16_16_1_WGM8_WGMTB

reject: VectorWidth must be >= 4 for Int8 or 8bitFloat

reject: GlobalLoadVectorWidthB 4 must be == VectorWidth 1 or == 1
rejecting solution 
Cijk_Alik_Bjlk_I8II_BH_MT32x64x32_SN_1LDSB0_APM1_AAIGTEn1_AAILTEn1_AAV0_ABV0_ACED0_AF0EM1_AF1EM1_AMAS0_ASE_ASGT_ASLT_ASM_ASAE01_ASBE01_ASCE01_ASDE01_ASEM
1_AAC0_BL1_BS1_CUM0_CDO0_CTDA0_CLR0_DSK0_DRA0_DU32_DULD1_DTLA0_DTLB0_DTVA0_DTVB0_DAF0_DKP0_DVO0_ETSP_EPS1_ELFLR0_EMLL0_FSSC10_F16AI0_F16AIR0_FL0_GLVWA4_G
LVWB4_GR2A1_GR2B1_GRCGA1_GRCGB1_GRCVA1_GRCVB1_GRPM1_GRVW4_GSU1_GSUASB_GSUAA0_GSUSARR1_GSUWGMRR0_GLS0_ISA1201_IU1_IA0_KLA_LEL0_LBSPPA0_LBSPPB0_LPA1_LPB0_L
DL1_LR2A1_LR2B1_LRVW1_LW2A1_LW2B1_LWPMn1_LDW0_LT1_FMA_MIAV0_MTSM64_MTSM1_MDA2_MI_MO40_MVN256_MMFSC_MKFGSU256_MVN0_NR0_NTA0_NTB0_NTC0_NTD0_NEPBS0_NLCA1_NL
CB1_ONLL1_OPLV0_PBD0_PFD1_PG2_PSD0_PSLn1_PWCn1_PWLn1_PK0_PKAB0_PAP0_PAPM0_PGR1_PLR1_PKA0_RK0_SGR1_SIA1_SLW1_SS0_SU32_SUM0_SUS256_SCIU0_SCIUE0_SCIUI1_SCIU
PL0_SPO0_SRVW0_SSO0_SVW4_SK0_SKA0_SKXCCM0_SNLL0_TSGRA0_TSGRB0_TT2_4_TLDS0_UIIDU0_UMLDSA0_UMLDSB0_UMF0_U64SL1_UIOFGRO0_USFGROn1_VAW1_VSn1_VW1_VWB1_VFLRP0_
WSGRA0_WSGRB0_WS32_WG16_16_1_WGM8_WGMTB

reject: VectorWidth must be >= 4 for Int8 or 8bitFloat

reject: GlobalLoadVectorWidthB 4 must be == VectorWidth 2 or == 1
rejecting solution 
Cijk_Alik_Bjlk_I8II_BH_MT32x64x32_SN_1LDSB0_APM1_AAIGTEn1_AAILTEn1_AAV0_ABV0_ACED0_AF0EM1_AF1EM1_AMAS3_ASE_ASGT_ASLT_ASM_ASAE01_ASBE01_ASCE01_ASDE01_ASEM
1_AAC0_BL1_BS1_CUM0_CDO0_CTDA0_CLR0_DSK0_DRA0_DU32_DULD1_DTLA0_DTLB0_DTVA0_DTVB0_DAF0_DKP0_DVO0_ETSP_EPS1_ELFLR0_EMLL0_FSSC10_F16AI0_F16AIR0_FL0_GLVWA4_G
LVWB4_GR2A1_GR2B1_GRCGA1_GRCGB1_GRCVA1_GRCVB1_GRPM1_GRVW4_GSU1_GSUASB_GSUAA0_GSUSARR1_GSUWGMRR0_GLS0_ISA1201_IU1_IA0_KLA_LEL0_LBSPPA0_LBSPPB0_LPA2_LPB0_L
DL1_LR2A1_LR2B1_LRVW2_LW2A1_LW2B1_LWPMn1_LDW0_LT1_FMA_MIAV0_MTSM64_MTSM1_MDA2_MI_MO40_MVN256_MMFSC_MKFGSU256_MVN0_NR0_NTA0_NTB0_NTC0_NTD0_NEPBS0_NLCA1_NL
CB1_ONLL1_OPLV0_PBD0_PFD1_PG2_PSD0_PSLn1_PWCn1_PWLn1_PK0_PKAB0_PAP0_PAPM0_PGR1_PLR1_PKA0_RK0_SGR1_SIA1_SLW1_SS0_SU32_SUM0_SUS256_SCIU0_SCIUE0_SCIUI1_SCIU
PL0_SPO0_SRVW0_SSO0_SVW4_SK0_SKA0_SKXCCM0_SNLL0_TSGRA0_TSGRB0_TT2_4_TLDS0_UIIDU0_UMLDSA0_UMLDSB0_UMF0_U64SL1_UIOFGRO0_USFGROn1_VAW1_VSn1_VW2_VWB2_VFLRP0_
WSGRA0_WSGRB0_WS32_WG16_16_1_WGM8_WGMTB

reject: ThreadTile0 2 or ThreadTile1 4 not a multiple of VectorWidth 4
rejecting solution 
Cijk_Alik_Bjlk_I8II_BH_MT32x64x32_SN_1LDSB0_APM1_AAIGTEn1_AAILTEn1_AAV0_ABV0_ACED0_AF0EM1_AF1EM1_AMASn1_ASE_ASGT_ASLT_ASM_ASAE01_ASBE01_ASCE01_ASDE01_ASE
M1_AAC0_BL1_BS1_CUM0_CDO0_CTDA0_CLR0_DSK0_DRA0_DU32_DULD1_DTLA0_DTLB0_DTVA0_DTVB0_DAF0_DKP0_DVO0_ETSP_EPS1_ELFLR0_EMLL0_FSSC10_F16AI0_F16AIR0_FL0_GLVWA4_
GLVWB4_GR2A1_GR2B1_GRCGA1_GRCGB1_GRCVA1_GRCVB1_GRPM1_GRVW4_GSU1_GSUASB_GSUAA0_GSUSARR1_GSUWGMRR0_GLS0_ISA1201_IU1_IA0_KLA_LEL0_LBSPPAn1_LBSPPBn1_LPAn1_LP
Bn1_LDL1_LR2A1_LR2B1_LRVWn1_LW2A1_LW2B1_LWPMn1_LDW0_LT1_FMA_MIAV0_MTSM64_MTSM1_MDA2_MI_MO40_MVN256_MMFSC_MKFGSU256_MVN0_NR0_NTA0_NTB0_NTC0_NTD0_NEPBS0_NL
CA1_NLCB1_ONLL1_OPLV0_PBD0_PFD1_PG2_PSD0_PSLn1_PWCn1_PWLn1_PK0_PKAB0_PAP0_PAPM0_PGR1_PLR1_PKA0_RK0_SGR1_SIA1_SLW1_SS0_SU32_SUM0_SUS256_SCIU0_SCIUE0_SCIUI
1_SCIUPL0_SPO0_SRVW0_SSO0_SVWn1_SK0_SKA0_SKXCCM0_SNLL0_TSGRA0_TSGRB0_TT2_4_TLDS0_UIIDU0_UMLDSA0_UMLDSB0_UMF0_U64SL1_UIOFGRO0_USFGROn1_VAWn1_VSn1_VW4_VWBn
1_VFLRP0_WSGRA0_WSGRB0_WS32_WG16_16_1_WGM8_WGMTB

reject: VectorWidth must be >= 4 for Int8 or 8bitFloat

reject: GlobalLoadVectorWidthB 8 must be == VectorWidth 1 or == 1
rejecting solution 
Cijk_Alik_Bjlk_I8II_BH_MT32x64x32_SN_1LDSB0_APM1_AAIGTEn1_AAILTEn1_AAV0_ABV0_ACED0_AF0EM1_AF1EM1_AMAS0_ASE_ASGT_ASLT_ASM_ASAE01_ASBE01_ASCE01_ASDE01_ASEM
1_AAC0_BL1_BS1_CUM0_CDO0_CTDA0_CLR0_DSK0_DRA0_DU32_DULD1_DTLA0_DTLB0_DTVA0_DTVB0_DAF0_DKP0_DVO0_ETSP_EPS1_ELFLR0_EMLL0_FSSC10_F16AI0_F16AIR0_FL0_GLVWA4_G
LVWB8_GR2A1_GR2B1_GRCGA1_GRCGB1_GRCVA1_GRCVB1_GRPM1_GRVW8_GSU1_GSUASB_GSUAA0_GSUSARR1_GSUWGMRR0_GLS0_ISA1201_IU1_IA0_KLA_LEL0_LBSPPA0_LBSPPB0_LPA1_LPB0_L
DL1_LR2A1_LR2B1_LRVW1_LW2A1_LW2B1_LWPMn1_LDW0_LT1_FMA_MIAV0_MTSM64_MTSM1_MDA2_MI_MO40_MVN256_MMFSC_MKFGSU256_MVN0_NR0_NTA0_NTB0_NTC0_NTD0_NEPBS0_NLCA1_NL
CB1_ONLL1_OPLV0_PBD0_PFD1_PG2_PSD0_PSLn1_PWCn1_PWLn1_PK0_PKAB0_PAP0_PAPM0_PGR1_PLR1_PKA0_RK0_SGR1_SIA1_SLW1_SS0_SU32_SUM0_SUS256_SCIU0_SCIUE0_SCIUI1_SCIU
PL0_SPO0_SRVW0_SSO0_SVW4_SK0_SKA0_SKXCCM0_SNLL0_TSGRA0_TSGRB0_TT2_4_TLDS0_UIIDU0_UMLDSA0_UMLDSB0_UMF0_U64SL1_UIOFGRO0_USFGROn1_VAW1_VSn1_VW1_VWB1_VFLRP0_
WSGRA0_WSGRB0_WS32_WG16_16_1_WGM8_WGMTB

reject: VectorWidth must be >= 4 for Int8 or 8bitFloat

reject: GlobalLoadVectorWidthB 8 must be == VectorWidth 2 or == 1
rejecting solution 
Cijk_Alik_Bjlk_I8II_BH_MT32x64x32_SN_1LDSB0_APM1_AAIGTEn1_AAILTEn1_AAV0_ABV0_ACED0_AF0EM1_AF1EM1_AMAS3_ASE_ASGT_ASLT_ASM_ASAE01_ASBE01_ASCE01_ASDE01_ASEM
1_AAC0_BL1_BS1_CUM0_CDO0_CTDA0_CLR0_DSK0_DRA0_DU32_DULD1_DTLA0_DTLB0_DTVA0_DTVB0_DAF0_DKP0_DVO0_ETSP_EPS1_ELFLR0_EMLL0_FSSC10_F16AI0_F16AIR0_FL0_GLVWA4_G
LVWB8_GR2A1_GR2B1_GRCGA1_GRCGB1_GRCVA1_GRCVB1_GRPM1_GRVW8_GSU1_GSUASB_GSUAA0_GSUSARR1_GSUWGMRR0_GLS0_ISA1201_IU1_IA0_KLA_LEL0_LBSPPA0_LBSPPB0_LPA2_LPB0_L
DL1_LR2A1_LR2B1_LRVW2_LW2A1_LW2B1_LWPMn1_LDW0_LT1_FMA_MIAV0_MTSM64_MTSM1_MDA2_MI_MO40_MVN256_MMFSC_MKFGSU256_MVN0_NR0_NTA0_NTB0_NTC0_NTD0_NEPBS0_NLCA1_NL
CB1_ONLL1_OPLV0_PBD0_PFD1_PG2_PSD0_PSLn1_PWCn1_PWLn1_PK0_PKAB0_PAP0_PAPM0_PGR1_PLR1_PKA0_RK0_SGR1_SIA1_SLW1_SS0_SU32_SUM0_SUS256_SCIU0_SCIUE0_SCIUI1_SCIU
PL0_SPO0_SRVW0_SSO0_SVW4_SK0_SKA0_SKXCCM0_SNLL0_TSGRA0_TSGRB0_TT2_4_TLDS0_UIIDU0_UMLDSA0_UMLDSB0_UMF0_U64SL1_UIOFGRO0_USFGROn1_VAW1_VSn1_VW2_VWB2_VFLRP0_
WSGRA0_WSGRB0_WS32_WG16_16_1_WGM8_WGMTB

reject: ThreadTile0 2 or ThreadTile1 4 not a multiple of VectorWidth 4
rejecting solution 
Cijk_Alik_Bjlk_I8II_BH_MT32x64x32_SN_1LDSB0_APM1_AAIGTEn1_AAILTEn1_AAV0_ABV0_ACED0_AF0EM1_AF1EM1_AMASn1_ASE_ASGT_ASLT_ASM_ASAE01_ASBE01_ASCE01_ASDE01_ASE
M1_AAC0_BL1_BS1_CUM0_CDO0_CTDA0_CLR0_DSK0_DRA0_DU32_DULD1_DTLA0_DTLB0_DTVA0_DTVB0_DAF0_DKP0_DVO0_ETSP_EPS1_ELFLR0_EMLL0_FSSC10_F16AI0_F16AIR0_FL0_GLVWA8_
GLVWB8_GR2A1_GR2B1_GRCGA1_GRCGB1_GRCVA1_GRCVB1_GRPM1_GRVW8_GSU1_GSUASB_GSUAA0_GSUSARR1_GSUWGMRR0_GLS0_ISA1201_IU1_IA0_KLA_LEL0_LBSPPAn1_LBSPPBn1_LPAn1_LP
Bn1_LDL1_LR2A1_LR2B1_LRVWn1_LW2A1_LW2B1_LWPMn1_LDW0_LT1_FMA_MIAV0_MTSM64_MTSM1_MDA2_MI_MO40_MVN256_MMFSC_MKFGSU256_MVN0_NR0_NTA0_NTB0_NTC0_NTD0_NEPBS0_NL
CA1_NLCB1_ONLL1_OPLV0_PBD0_PFD1_PG2_PSD0_PSLn1_PWCn1_PWLn1_PK0_PKAB0_PAP0_PAPM0_PGR1_PLR1_PKA0_RK0_SGR1_SIA1_SLW1_SS0_SU32_SUM0_SUS256_SCIU0_SCIUE0_SCIUI
1_SCIUPL0_SPO0_SRVW0_SSO0_SVWn1_SK0_SKA0_SKXCCM0_SNLL0_TSGRA0_TSGRB0_TT2_4_TLDS0_UIIDU0_UMLDSA0_UMLDSB0_UMF0_U64SL1_UIOFGRO0_USFGROn1_VAWn1_VSn1_VW4_VWBn
1_VFLRP0_WSGRA0_WSGRB0_WS32_WG16_16_1_WGM8_WGMTB

reject: VectorWidth must be >= 4 for Int8 or 8bitFloat

reject: GlobalLoadVectorWidthB 8 must be == VectorWidth 1 or == 1
rejecting solution 
Cijk_Alik_Bjlk_I8II_BH_MT32x64x32_SN_1LDSB0_APM1_AAIGTEn1_AAILTEn1_AAV0_ABV0_ACED0_AF0EM1_AF1EM1_AMAS0_ASE_ASGT_ASLT_ASM_ASAE01_ASBE01_ASCE01_ASDE01_ASEM
1_AAC0_BL1_BS1_CUM0_CDO0_CTDA0_CLR0_DSK0_DRA0_DU32_DULD1_DTLA0_DTLB0_DTVA0_DTVB0_DAF0_DKP0_DVO0_ETSP_EPS1_ELFLR0_EMLL0_FSSC10_F16AI0_F16AIR0_FL0_GLVWA4_G
LVWB8_GR2A1_GR2B1_GRCGA1_GRCGB1_GRCVA1_GRCVB1_GRPM1_GRVW16_GSU1_GSUASB_GSUAA0_GSUSARR1_GSUWGMRR0_GLS0_ISA1201_IU1_IA0_KLA_LEL0_LBSPPA0_LBSPPB0_LPA1_LPB0_
LDL1_LR2A1_LR2B1_LRVW1_LW2A1_LW2B1_LWPMn1_LDW0_LT1_FMA_MIAV0_MTSM64_MTSM1_MDA2_MI_MO40_MVN256_MMFSC_MKFGSU256_MVN0_NR0_NTA0_NTB0_NTC0_NTD0_NEPBS0_NLCA1_N
LCB1_ONLL1_OPLV0_PBD0_PFD1_PG2_PSD0_PSLn1_PWCn1_PWLn1_PK0_PKAB0_PAP0_PAPM0_PGR1_PLR1_PKA0_RK0_SGR1_SIA1_SLW1_SS0_SU32_SUM0_SUS256_SCIU0_SCIUE0_SCIUI1_SCI
UPL0_SPO0_SRVW0_SSO0_SVW4_SK0_SKA0_SKXCCM0_SNLL0_TSGRA0_TSGRB0_TT2_4_TLDS0_UIIDU0_UMLDSA0_UMLDSB0_UMF0_U64SL1_UIOFGRO0_USFGROn1_VAW1_VSn1_VW1_VWB1_VFLRP0
_WSGRA0_WSGRB0_WS32_WG16_16_1_WGM8_WGMTB

reject: VectorWidth must be >= 4 for Int8 or 8bitFloat

reject: GlobalLoadVectorWidthB 8 must be == VectorWidth 2 or == 1
rejecting solution 
Cijk_Alik_Bjlk_I8II_BH_MT32x64x32_SN_1LDSB0_APM1_AAIGTEn1_AAILTEn1_AAV0_ABV0_ACED0_AF0EM1_AF1EM1_AMAS3_ASE_ASGT_ASLT_ASM_ASAE01_ASBE01_ASCE01_ASDE01_ASEM
1_AAC0_BL1_BS1_CUM0_CDO0_CTDA0_CLR0_DSK0_DRA0_DU32_DULD1_DTLA0_DTLB0_DTVA0_DTVB0_DAF0_DKP0_DVO0_ETSP_EPS1_ELFLR0_EMLL0_FSSC10_F16AI0_F16AIR0_FL0_GLVWA4_G
LVWB8_GR2A1_GR2B1_GRCGA1_GRCGB1_GRCVA1_GRCVB1_GRPM1_GRVW16_GSU1_GSUASB_GSUAA0_GSUSARR1_GSUWGMRR0_GLS0_ISA1201_IU1_IA0_KLA_LEL0_LBSPPA0_LBSPPB0_LPA2_LPB0_
LDL1_LR2A1_LR2B1_LRVW2_LW2A1_LW2B1_LWPMn1_LDW0_LT1_FMA_MIAV0_MTSM64_MTSM1_MDA2_MI_MO40_MVN256_MMFSC_MKFGSU256_MVN0_NR0_NTA0_NTB0_NTC0_NTD0_NEPBS0_NLCA1_N
LCB1_ONLL1_OPLV0_PBD0_PFD1_PG2_PSD0_PSLn1_PWCn1_PWLn1_PK0_PKAB0_PAP0_PAPM0_PGR1_PLR1_PKA0_RK0_SGR1_SIA1_SLW1_SS0_SU32_SUM0_SUS256_SCIU0_SCIUE0_SCIUI1_SCI
UPL0_SPO0_SRVW0_SSO0_SVW4_SK0_SKA0_SKXCCM0_SNLL0_TSGRA0_TSGRB0_TT2_4_TLDS0_UIIDU0_UMLDSA0_UMLDSB0_UMF0_U64SL1_UIOFGRO0_USFGROn1_VAW1_VSn1_VW2_VWB2_VFLRP0
_WSGRA0_WSGRB0_WS32_WG16_16_1_WGM8_WGMTB

reject: ThreadTile0 2 or ThreadTile1 4 not a multiple of VectorWidth 4
rejecting solution 
Cijk_Alik_Bjlk_I8II_BH_MT32x64x32_SN_1LDSB0_APM1_AAIGTEn1_AAILTEn1_AAV0_ABV0_ACED0_AF0EM1_AF1EM1_AMASn1_ASE_ASGT_ASLT_ASM_ASAE01_ASBE01_ASCE01_ASDE01_ASE
M1_AAC0_BL1_BS1_CUM0_CDO0_CTDA0_CLR0_DSK0_DRA0_DU32_DULD1_DTLA0_DTLB0_DTVA0_DTVB0_DAF0_DKP0_DVO0_ETSP_EPS1_ELFLR0_EMLL0_FSSC10_F16AI0_F16AIR0_FL0_GLVWA16
_GLVWB16_GR2A1_GR2B1_GRCGA1_GRCGB1_GRCVA1_GRCVB1_GRPM1_GRVW16_GSU1_GSUASB_GSUAA0_GSUSARR1_GSUWGMRR0_GLS0_ISA1201_IU1_IA0_KLA_LEL0_LBSPPAn1_LBSPPBn1_LPAn1
_LPBn1_LDL1_LR2A1_LR2B1_LRVWn1_LW2A1_LW2B1_LWPMn1_LDW0_LT1_FMA_MIAV0_MTSM64_MTSM1_MDA2_MI_MO40_MVN256_MMFSC_MKFGSU256_MVN0_NR0_NTA0_NTB0_NTC0_NTD0_NEPBS0
_NLCA1_NLCB1_ONLL1_OPLV0_PBD0_PFD1_PG2_PSD0_PSLn1_PWCn1_PWLn1_PK0_PKAB0_PAP0_PAPM0_PGR1_PLR1_PKA0_RK0_SGR1_SIA1_SLW1_SS0_SU32_SUM0_SUS256_SCIU0_SCIUE0_SC
IUI1_SCIUPL0_SPO0_SRVW0_SSO0_SVWn1_SK0_SKA0_SKXCCM0_SNLL0_TSGRA0_TSGRB0_TT2_4_TLDS0_UIIDU0_UMLDSA0_UMLDSB0_UMF0_U64SL1_UIOFGRO0_USFGROn1_VAWn1_VSn1_VW4_V
WBn1_VFLRP0_WSGRA0_WSGRB0_WS32_WG16_16_1_WGM8_WGMTB

reject: VectorWidth must be >= 4 for Int8 or 8bitFloat

reject: GlobalLoadVectorWidthB 4 must be == VectorWidth 1 or == 1
rejecting solution 
Cijk_Alik_Bjlk_I8II_BH_MT64x64x32_SN_1LDSB0_APM1_AAIGTEn1_AAILTEn1_AAV0_ABV0_ACED0_AF0EM1_AF1EM1_AMAS0_ASE_ASGT_ASLT_ASM_ASAE01_ASBE01_ASCE01_ASDE01_ASEM
1_AAC0_BL1_BS1_CUM0_CDO0_CTDA0_CLR0_DSK0_DRA0_DU32_DULD1_DTLA0_DTLB0_DTVA0_DTVB0_DAF0_DKP0_DVO0_ETSP_EPS1_ELFLR0_EMLL0_FSSC10_F16AI0_F16AIR0_FL0_GLVWA4_G
LVWB4_GR2A1_GR2B1_GRCGA1_GRCGB1_GRCVA1_GRCVB1_GRPM1_GRVW4_GSU1_GSUASB_GSUAA0_GSUSARR1_GSUWGMRR0_GLS0_ISA1201_IU1_IA0_KLA_LEL0_LBSPPA0_LBSPPB0_LPA1_LPB0_L
DL1_LR2A1_LR2B1_LRVW1_LW2A1_LW2B1_LWPMn1_LDW0_LT1_FMA_MIAV0_MTSM64_MTSM1_MDA2_MI_MO40_MVN256_MMFSC_MKFGSU256_MVN0_NR0_NTA0_NTB0_NTC0_NTD0_NEPBS0_NLCA1_NL
CB1_ONLL1_OPLV0_PBD0_PFD1_PG2_PSD0_PSLn1_PWCn1_PWLn1_PK0_PKAB0_PAP0_PAPM0_PGR1_PLR1_PKA0_RK0_SGR1_SIA1_SLW1_SS0_SU0_SUM0_SUS0_SCIU0_SCIUE0_SCIUI1_SCIUPL0
_SPO0_SRVW0_SSO0_SVW4_SK0_SKA0_SKXCCM0_SNLL0_TSGRA0_TSGRB0_TT4_4_TLDS0_UIIDU0_UMLDSA0_UMLDSB0_UMF0_U64SL1_UIOFGRO0_USFGROn1_VAW1_VSn1_VW1_VWB1_VFLRP0_WSG
RA0_WSGRB0_WS32_WG16_16_1_WGM8_WGMTB

reject: VectorWidth must be >= 4 for Int8 or 8bitFloat

reject: GlobalLoadVectorWidthB 4 must be == VectorWidth 2 or == 1
rejecting solution 
Cijk_Alik_Bjlk_I8II_BH_MT64x64x32_SN_1LDSB0_APM1_AAIGTEn1_AAILTEn1_AAV0_ABV0_ACED0_AF0EM1_AF1EM1_AMAS3_ASE_ASGT_ASLT_ASM_ASAE01_ASBE01_ASCE01_ASDE01_ASEM
1_AAC0_BL1_BS1_CUM0_CDO0_CTDA0_CLR0_DSK0_DRA0_DU32_DULD1_DTLA0_DTLB0_DTVA0_DTVB0_DAF0_DKP0_DVO0_ETSP_EPS1_ELFLR0_EMLL0_FSSC10_F16AI0_F16AIR0_FL0_GLVWA4_G
LVWB4_GR2A1_GR2B1_GRCGA1_GRCGB1_GRCVA1_GRCVB1_GRPM1_GRVW4_GSU1_GSUASB_GSUAA0_GSUSARR1_GSUWGMRR0_GLS0_ISA1201_IU1_IA0_KLA_LEL0_LBSPPA0_LBSPPB0_LPA2_LPB0_L
DL1_LR2A1_LR2B1_LRVW2_LW2A1_LW2B1_LWPMn1_LDW0_LT1_FMA_MIAV0_MTSM64_MTSM1_MDA2_MI_MO40_MVN256_MMFSC_MKFGSU256_MVN0_NR0_NTA0_NTB0_NTC0_NTD0_NEPBS0_NLCA1_NL
CB1_ONLL1_OPLV0_PBD0_PFD1_PG2_PSD0_PSLn1_PWCn1_PWLn1_PK0_PKAB0_PAP0_PAPM0_PGR1_PLR1_PKA0_RK0_SGR1_SIA1_SLW1_SS0_SU0_SUM0_SUS0_SCIU0_SCIUE0_SCIUI1_SCIUPL0
_SPO0_SRVW0_SSO0_SVW4_SK0_SKA0_SKXCCM0_SNLL0_TSGRA0_TSGRB0_TT4_4_TLDS0_UIIDU0_UMLDSA0_UMLDSB0_UMF0_U64SL1_UIOFGRO0_USFGROn1_VAW1_VSn1_VW2_VWB2_VFLRP0_WSG
RA0_WSGRB0_WS32_WG16_16_1_WGM8_WGMTB

reject: VectorWidth must be >= 4 for Int8 or 8bitFloat

reject: GlobalLoadVectorWidthB 8 must be == VectorWidth 1 or == 1
rejecting solution 
Cijk_Alik_Bjlk_I8II_BH_MT64x64x32_SN_1LDSB0_APM1_AAIGTEn1_AAILTEn1_AAV0_ABV0_ACED0_AF0EM1_AF1EM1_AMAS0_ASE_ASGT_ASLT_ASM_ASAE01_ASBE01_ASCE01_ASDE01_ASEM
1_AAC0_BL1_BS1_CUM0_CDO0_CTDA0_CLR0_DSK0_DRA0_DU32_DULD1_DTLA0_DTLB0_DTVA0_DTVB0_DAF0_DKP0_DVO0_ETSP_EPS1_ELFLR0_EMLL0_FSSC10_F16AI0_F16AIR0_FL0_GLVWA8_G
LVWB8_GR2A1_GR2B1_GRCGA1_GRCGB1_GRCVA1_GRCVB1_GRPM1_GRVW8_GSU1_GSUASB_GSUAA0_GSUSARR1_GSUWGMRR0_GLS0_ISA1201_IU1_IA0_KLA_LEL0_LBSPPA0_LBSPPB0_LPA1_LPB0_L
DL1_LR2A1_LR2B1_LRVW1_LW2A1_LW2B1_LWPMn1_LDW0_LT1_FMA_MIAV0_MTSM64_MTSM1_MDA2_MI_MO40_MVN256_MMFSC_MKFGSU256_MVN0_NR0_NTA0_NTB0_NTC0_NTD0_NEPBS0_NLCA1_NL
CB1_ONLL1_OPLV0_PBD0_PFD1_PG2_PSD0_PSLn1_PWCn1_PWLn1_PK0_PKAB0_PAP0_PAPM0_PGR1_PLR1_PKA0_RK0_SGR1_SIA1_SLW1_SS0_SU0_SUM0_SUS0_SCIU0_SCIUE0_SCIUI1_SCIUPL0
_SPO0_SRVW0_SSO0_SVW4_SK0_SKA0_SKXCCM0_SNLL0_TSGRA0_TSGRB0_TT4_4_TLDS0_UIIDU0_UMLDSA0_UMLDSB0_UMF0_U64SL1_UIOFGRO0_USFGROn1_VAW1_VSn1_VW1_VWB1_VFLRP0_WSG
RA0_WSGRB0_WS32_WG16_16_1_WGM8_WGMTB

reject: VectorWidth must be >= 4 for Int8 or 8bitFloat

reject: GlobalLoadVectorWidthB 8 must be == VectorWidth 2 or == 1
rejecting solution 
Cijk_Alik_Bjlk_I8II_BH_MT64x64x32_SN_1LDSB0_APM1_AAIGTEn1_AAILTEn1_AAV0_ABV0_ACED0_AF0EM1_AF1EM1_AMAS3_ASE_ASGT_ASLT_ASM_ASAE01_ASBE01_ASCE01_ASDE01_ASEM
1_AAC0_BL1_BS1_CUM0_CDO0_CTDA0_CLR0_DSK0_DRA0_DU32_DULD1_DTLA0_DTLB0_DTVA0_DTVB0_DAF0_DKP0_DVO0_ETSP_EPS1_ELFLR0_EMLL0_FSSC10_F16AI0_F16AIR0_FL0_GLVWA8_G
LVWB8_GR2A1_GR2B1_GRCGA1_GRCGB1_GRCVA1_GRCVB1_GRPM1_GRVW8_GSU1_GSUASB_GSUAA0_GSUSARR1_GSUWGMRR0_GLS0_ISA1201_IU1_IA0_KLA_LEL0_LBSPPA0_LBSPPB0_LPA2_LPB0_L
DL1_LR2A1_LR2B1_LRVW2_LW2A1_LW2B1_LWPMn1_LDW0_LT1_FMA_MIAV0_MTSM64_MTSM1_MDA2_MI_MO40_MVN256_MMFSC_MKFGSU256_MVN0_NR0_NTA0_NTB0_NTC0_NTD0_NEPBS0_NLCA1_NL
CB1_ONLL1_OPLV0_PBD0_PFD1_PG2_PSD0_PSLn1_PWCn1_PWLn1_PK0_PKAB0_PAP0_PAPM0_PGR1_PLR1_PKA0_RK0_SGR1_SIA1_SLW1_SS0_SU0_SUM0_SUS0_SCIU0_SCIUE0_SCIUI1_SCIUPL0
_SPO0_SRVW0_SSO0_SVW4_SK0_SKA0_SKXCCM0_SNLL0_TSGRA0_TSGRB0_TT4_4_TLDS0_UIIDU0_UMLDSA0_UMLDSB0_UMF0_U64SL1_UIOFGRO0_USFGROn1_VAW1_VSn1_VW2_VWB2_VFLRP0_WSG
RA0_WSGRB0_WS32_WG16_16_1_WGM8_WGMTB

reject: GlobalLoadVectorWidthB 8 must be == VectorWidth 4 or == 1
rejecting solution 
Cijk_Alik_Bjlk_I8II_BH_MT64x64x32_SN_1LDSB0_APM1_AAIGTEn1_AAILTEn1_AAV0_ABV0_ACED0_AF0EM1_AF1EM1_AMAS3_ASE_ASGT_ASLT_ASM_ASAE01_ASBE01_ASCE01_ASDE01_ASEM
1_AAC0_BL1_BS1_CUM0_CDO0_CTDA0_CLR0_DSK0_DRA0_DU32_DULD1_DTLA0_DTLB0_DTVA0_DTVB0_DAF0_DKP0_DVO0_ETSP_EPS1_ELFLR0_EMLL0_FSSC10_F16AI0_F16AIR0_FL0_GLVWA8_G
LVWB8_GR2A1_GR2B1_GRCGA1_GRCGB1_GRCVA1_GRCVB1_GRPM1_GRVW8_GSU1_GSUASB_GSUAA0_GSUSARR1_GSUWGMRR0_GLS0_ISA1201_IU1_IA0_KLA_LEL0_LBSPPA0_LBSPPB0_LPA4_LPB0_L
DL1_LR2A1_LR2B1_LRVW4_LW2A1_LW2B1_LWPMn1_LDW0_LT1_FMA_MIAV0_MTSM64_MTSM1_MDA2_MI_MO40_MVN256_MMFSC_MKFGSU256_MVN0_NR0_NTA0_NTB0_NTC0_NTD0_NEPBS0_NLCA1_NL
CB1_ONLL1_OPLV0_PBD0_PFD1_PG2_PSD0_PSLn1_PWCn1_PWLn1_PK0_PKAB0_PAP0_PAPM0_PGR1_PLR1_PKA0_RK0_SGR1_SIA1_SLW1_SS0_SU0_SUM0_SUS0_SCIU0_SCIUE0_SCIUI1_SCIUPL0
_SPO0_SRVW0_SSO0_SVW4_SK0_SKA0_SKXCCM0_SNLL0_TSGRA0_TSGRB0_TT4_4_TLDS0_UIIDU0_UMLDSA0_UMLDSB0_UMF0_U64SL1_UIOFGRO0_USFGROn1_VAW1_VSn1_VW4_VWB4_VFLRP0_WSG
RA0_WSGRB0_WS32_WG16_16_1_WGM8_WGMTB

reject: VectorWidth must be >= 4 for Int8 or 8bitFloat

reject: GlobalLoadVectorWidthB 8 must be == VectorWidth 1 or == 1
rejecting solution 
Cijk_Alik_Bjlk_I8II_BH_MT64x64x32_SN_1LDSB0_APM1_AAIGTEn1_AAILTEn1_AAV0_ABV0_ACED0_AF0EM1_AF1EM1_AMAS0_ASE_ASGT_ASLT_ASM_ASAE01_ASBE01_ASCE01_ASDE01_ASEM
1_AAC0_BL1_BS1_CUM0_CDO0_CTDA0_CLR0_DSK0_DRA0_DU32_DULD1_DTLA0_DTLB0_DTVA0_DTVB0_DAF0_DKP0_DVO0_ETSP_EPS1_ELFLR0_EMLL0_FSSC10_F16AI0_F16AIR0_FL0_GLVWA8_G
LVWB8_GR2A1_GR2B1_GRCGA1_GRCGB1_GRCVA1_GRCVB1_GRPM1_GRVW16_GSU1_GSUASB_GSUAA0_GSUSARR1_GSUWGMRR0_GLS0_ISA1201_IU1_IA0_KLA_LEL0_LBSPPA0_LBSPPB0_LPA1_LPB0_
LDL1_LR2A1_LR2B1_LRVW1_LW2A1_LW2B1_LWPMn1_LDW0_LT1_FMA_MIAV0_MTSM64_MTSM1_MDA2_MI_MO40_MVN256_MMFSC_MKFGSU256_MVN0_NR0_NTA0_NTB0_NTC0_NTD0_NEPBS0_NLCA1_N
LCB1_ONLL1_OPLV0_PBD0_PFD1_PG2_PSD0_PSLn1_PWCn1_PWLn1_PK0_PKAB0_PAP0_PAPM0_PGR1_PLR1_PKA0_RK0_SGR1_SIA1_SLW1_SS0_SU0_SUM0_SUS0_SCIU0_SCIUE0_SCIUI1_SCIUPL
0_SPO0_SRVW0_SSO0_SVW4_SK0_SKA0_SKXCCM0_SNLL0_TSGRA0_TSGRB0_TT4_4_TLDS0_UIIDU0_UMLDSA0_UMLDSB0_UMF0_U64SL1_UIOFGRO0_USFGROn1_VAW1_VSn1_VW1_VWB1_VFLRP0_WS
GRA0_WSGRB0_WS32_WG16_16_1_WGM8_WGMTB

reject: VectorWidth must be >= 4 for Int8 or 8bitFloat

reject: GlobalLoadVectorWidthB 8 must be == VectorWidth 2 or == 1
rejecting solution 
Cijk_Alik_Bjlk_I8II_BH_MT64x64x32_SN_1LDSB0_APM1_AAIGTEn1_AAILTEn1_AAV0_ABV0_ACED0_AF0EM1_AF1EM1_AMAS3_ASE_ASGT_ASLT_ASM_ASAE01_ASBE01_ASCE01_ASDE01_ASEM
1_AAC0_BL1_BS1_CUM0_CDO0_CTDA0_CLR0_DSK0_DRA0_DU32_DULD1_DTLA0_DTLB0_DTVA0_DTVB0_DAF0_DKP0_DVO0_ETSP_EPS1_ELFLR0_EMLL0_FSSC10_F16AI0_F16AIR0_FL0_GLVWA8_G
LVWB8_GR2A1_GR2B1_GRCGA1_GRCGB1_GRCVA1_GRCVB1_GRPM1_GRVW16_GSU1_GSUASB_GSUAA0_GSUSARR1_GSUWGMRR0_GLS0_ISA1201_IU1_IA0_KLA_LEL0_LBSPPA0_LBSPPB0_LPA2_LPB0_
LDL1_LR2A1_LR2B1_LRVW2_LW2A1_LW2B1_LWPMn1_LDW0_LT1_FMA_MIAV0_MTSM64_MTSM1_MDA2_MI_MO40_MVN256_MMFSC_MKFGSU256_MVN0_NR0_NTA0_NTB0_NTC0_NTD0_NEPBS0_NLCA1_N
LCB1_ONLL1_OPLV0_PBD0_PFD1_PG2_PSD0_PSLn1_PWCn1_PWLn1_PK0_PKAB0_PAP0_PAPM0_PGR1_PLR1_PKA0_RK0_SGR1_SIA1_SLW1_SS0_SU0_SUM0_SUS0_SCIU0_SCIUE0_SCIUI1_SCIUPL
0_SPO0_SRVW0_SSO0_SVW4_SK0_SKA0_SKXCCM0_SNLL0_TSGRA0_TSGRB0_TT4_4_TLDS0_UIIDU0_UMLDSA0_UMLDSB0_UMF0_U64SL1_UIOFGRO0_USFGROn1_VAW1_VSn1_VW2_VWB2_VFLRP0_WS
GRA0_WSGRB0_WS32_WG16_16_1_WGM8_WGMTB

reject: GlobalLoadVectorWidthB 8 must be == VectorWidth 4 or == 1
rejecting solution 
Cijk_Alik_Bjlk_I8II_BH_MT64x64x32_SN_1LDSB0_APM1_AAIGTEn1_AAILTEn1_AAV0_ABV0_ACED0_AF0EM1_AF1EM1_AMAS3_ASE_ASGT_ASLT_ASM_ASAE01_ASBE01_ASCE01_ASDE01_ASEM
1_AAC0_BL1_BS1_CUM0_CDO0_CTDA0_CLR0_DSK0_DRA0_DU32_DULD1_DTLA0_DTLB0_DTVA0_DTVB0_DAF0_DKP0_DVO0_ETSP_EPS1_ELFLR0_EMLL0_FSSC10_F16AI0_F16AIR0_FL0_GLVWA8_G
LVWB8_GR2A1_GR2B1_GRCGA1_GRCGB1_GRCVA1_GRCVB1_GRPM1_GRVW16_GSU1_GSUASB_GSUAA0_GSUSARR1_GSUWGMRR0_GLS0_ISA1201_IU1_IA0_KLA_LEL0_LBSPPA0_LBSPPB0_LPA4_LPB0_
LDL1_LR2A1_LR2B1_LRVW4_LW2A1_LW2B1_LWPMn1_LDW0_LT1_FMA_MIAV0_MTSM64_MTSM1_MDA2_MI_MO40_MVN256_MMFSC_MKFGSU256_MVN0_NR0_NTA0_NTB0_NTC0_NTD0_NEPBS0_NLCA1_N
LCB1_ONLL1_OPLV0_PBD0_PFD1_PG2_PSD0_PSLn1_PWCn1_PWLn1_PK0_PKAB0_PAP0_PAPM0_PGR1_PLR1_PKA0_RK0_SGR1_SIA1_SLW1_SS0_SU0_SUM0_SUS0_SCIU0_SCIUE0_SCIUI1_SCIUPL
0_SPO0_SRVW0_SSO0_SVW4_SK0_SKA0_SKXCCM0_SNLL0_TSGRA0_TSGRB0_TT4_4_TLDS0_UIIDU0_UMLDSA0_UMLDSB0_UMF0_U64SL1_UIOFGRO0_USFGROn1_VAW1_VSn1_VW4_VWB4_VFLRP0_WS
GRA0_WSGRB0_WS32_WG16_16_1_WGM8_WGMTB

reject: VectorWidth must be >= 4 for Int8 or 8bitFloat

reject: GlobalLoadVectorWidthB 4 must be == VectorWidth 1 or == 1
rejecting solution 
Cijk_Alik_Bjlk_I8II_BH_MT64x64x32_SN_1LDSB0_APM1_AAIGTEn1_AAILTEn1_AAV0_ABV0_ACED0_AF0EM1_AF1EM1_AMAS0_ASE_ASGT_ASLT_ASM_ASAE01_ASBE01_ASCE01_ASDE01_ASEM
1_AAC0_BL1_BS1_CUM0_CDO0_CTDA0_CLR0_DSK0_DRA0_DU32_DULD1_DTLA0_DTLB0_DTVA0_DTVB0_DAF0_DKP0_DVO0_ETSP_EPS1_ELFLR0_EMLL0_FSSC10_F16AI0_F16AIR0_FL0_GLVWA4_G
LVWB4_GR2A1_GR2B1_GRCGA1_GRCGB1_GRCVA1_GRCVB1_GRPM1_GRVW4_GSU1_GSUASB_GSUAA0_GSUSARR1_GSUWGMRR0_GLS0_ISA1201_IU1_IA0_KLA_LEL0_LBSPPA0_LBSPPB0_LPA1_LPB0_L
DL1_LR2A1_LR2B1_LRVW1_LW2A1_LW2B1_LWPMn1_LDW0_LT1_FMA_MIAV0_MTSM64_MTSM1_MDA2_MI_MO40_MVN256_MMFSC_MKFGSU256_MVN0_NR0_NTA0_NTB0_NTC0_NTD0_NEPBS0_NLCA1_NL
CB1_ONLL1_OPLV0_PBD0_PFD1_PG2_PSD0_PSLn1_PWCn1_PWLn1_PK0_PKAB0_PAP0_PAPM0_PGR1_PLR1_PKA0_RK0_SGR1_SIA1_SLW1_SS0_SU32_SUM0_SUS256_SCIU0_SCIUE0_SCIUI1_SCIU
PL0_SPO0_SRVW0_SSO0_SVW4_SK0_SKA0_SKXCCM0_SNLL0_TSGRA0_TSGRB0_TT4_4_TLDS0_UIIDU0_UMLDSA0_UMLDSB0_UMF0_U64SL1_UIOFGRO0_USFGROn1_VAW1_VSn1_VW1_VWB1_VFLRP0_
WSGRA0_WSGRB0_WS32_WG16_16_1_WGM8_WGMTB

reject: VectorWidth must be >= 4 for Int8 or 8bitFloat

reject: GlobalLoadVectorWidthB 4 must be == VectorWidth 2 or == 1
rejecting solution 
Cijk_Alik_Bjlk_I8II_BH_MT64x64x32_SN_1LDSB0_APM1_AAIGTEn1_AAILTEn1_AAV0_ABV0_ACED0_AF0EM1_AF1EM1_AMAS3_ASE_ASGT_ASLT_ASM_ASAE01_ASBE01_ASCE01_ASDE01_ASEM
1_AAC0_BL1_BS1_CUM0_CDO0_CTDA0_CLR0_DSK0_DRA0_DU32_DULD1_DTLA0_DTLB0_DTVA0_DTVB0_DAF0_DKP0_DVO0_ETSP_EPS1_ELFLR0_EMLL0_FSSC10_F16AI0_F16AIR0_FL0_GLVWA4_G
LVWB4_GR2A1_GR2B1_GRCGA1_GRCGB1_GRCVA1_GRCVB1_GRPM1_GRVW4_GSU1_GSUASB_GSUAA0_GSUSARR1_GSUWGMRR0_GLS0_ISA1201_IU1_IA0_KLA_LEL0_LBSPPA0_LBSPPB0_LPA2_LPB0_L
DL1_LR2A1_LR2B1_LRVW2_LW2A1_LW2B1_LWPMn1_LDW0_LT1_FMA_MIAV0_MTSM64_MTSM1_MDA2_MI_MO40_MVN256_MMFSC_MKFGSU256_MVN0_NR0_NTA0_NTB0_NTC0_NTD0_NEPBS0_NLCA1_NL
CB1_ONLL1_OPLV0_PBD0_PFD1_PG2_PSD0_PSLn1_PWCn1_PWLn1_PK0_PKAB0_PAP0_PAPM0_PGR1_PLR1_PKA0_RK0_SGR1_SIA1_SLW1_SS0_SU32_SUM0_SUS256_SCIU0_SCIUE0_SCIUI1_SCIU
PL0_SPO0_SRVW0_SSO0_SVW4_SK0_SKA0_SKXCCM0_SNLL0_TSGRA0_TSGRB0_TT4_4_TLDS0_UIIDU0_UMLDSA0_UMLDSB0_UMF0_U64SL1_UIOFGRO0_USFGROn1_VAW1_VSn1_VW2_VWB2_VFLRP0_
WSGRA0_WSGRB0_WS32_WG16_16_1_WGM8_WGMTB

reject: VectorWidth must be >= 4 for Int8 or 8bitFloat

reject: GlobalLoadVectorWidthB 8 must be == VectorWidth 1 or == 1
rejecting solution 
Cijk_Alik_Bjlk_I8II_BH_MT64x64x32_SN_1LDSB0_APM1_AAIGTEn1_AAILTEn1_AAV0_ABV0_ACED0_AF0EM1_AF1EM1_AMAS0_ASE_ASGT_ASLT_ASM_ASAE01_ASBE01_ASCE01_ASDE01_ASEM
1_AAC0_BL1_BS1_CUM0_CDO0_CTDA0_CLR0_DSK0_DRA0_DU32_DULD1_DTLA0_DTLB0_DTVA0_DTVB0_DAF0_DKP0_DVO0_ETSP_EPS1_ELFLR0_EMLL0_FSSC10_F16AI0_F16AIR0_FL0_GLVWA8_G
LVWB8_GR2A1_GR2B1_GRCGA1_GRCGB1_GRCVA1_GRCVB1_GRPM1_GRVW8_GSU1_GSUASB_GSUAA0_GSUSARR1_GSUWGMRR0_GLS0_ISA1201_IU1_IA0_KLA_LEL0_LBSPPA0_LBSPPB0_LPA1_LPB0_L
DL1_LR2A1_LR2B1_LRVW1_LW2A1_LW2B1_LWPMn1_LDW0_LT1_FMA_MIAV0_MTSM64_MTSM1_MDA2_MI_MO40_MVN256_MMFSC_MKFGSU256_MVN0_NR0_NTA0_NTB0_NTC0_NTD0_NEPBS0_NLCA1_NL
CB1_ONLL1_OPLV0_PBD0_PFD1_PG2_PSD0_PSLn1_PWCn1_PWLn1_PK0_PKAB0_PAP0_PAPM0_PGR1_PLR1_PKA0_RK0_SGR1_SIA1_SLW1_SS0_SU32_SUM0_SUS256_SCIU0_SCIUE0_SCIUI1_SCIU
PL0_SPO0_SRVW0_SSO0_SVW4_SK0_SKA0_SKXCCM0_SNLL0_TSGRA0_TSGRB0_TT4_4_TLDS0_UIIDU0_UMLDSA0_UMLDSB0_UMF0_U64SL1_UIOFGRO0_USFGROn1_VAW1_VSn1_VW1_VWB1_VFLRP0_
WSGRA0_WSGRB0_WS32_WG16_16_1_WGM8_WGMTB

reject: VectorWidth must be >= 4 for Int8 or 8bitFloat

reject: GlobalLoadVectorWidthB 8 must be == VectorWidth 2 or == 1
rejecting solution 
Cijk_Alik_Bjlk_I8II_BH_MT64x64x32_SN_1LDSB0_APM1_AAIGTEn1_AAILTEn1_AAV0_ABV0_ACED0_AF0EM1_AF1EM1_AMAS3_ASE_ASGT_ASLT_ASM_ASAE01_ASBE01_ASCE01_ASDE01_ASEM
1_AAC0_BL1_BS1_CUM0_CDO0_CTDA0_CLR0_DSK0_DRA0_DU32_DULD1_DTLA0_DTLB0_DTVA0_DTVB0_DAF0_DKP0_DVO0_ETSP_EPS1_ELFLR0_EMLL0_FSSC10_F16AI0_F16AIR0_FL0_GLVWA8_G
LVWB8_GR2A1_GR2B1_GRCGA1_GRCGB1_GRCVA1_GRCVB1_GRPM1_GRVW8_GSU1_GSUASB_GSUAA0_GSUSARR1_GSUWGMRR0_GLS0_ISA1201_IU1_IA0_KLA_LEL0_LBSPPA0_LBSPPB0_LPA2_LPB0_L
DL1_LR2A1_LR2B1_LRVW2_LW2A1_LW2B1_LWPMn1_LDW0_LT1_FMA_MIAV0_MTSM64_MTSM1_MDA2_MI_MO40_MVN256_MMFSC_MKFGSU256_MVN0_NR0_NTA0_NTB0_NTC0_NTD0_NEPBS0_NLCA1_NL
CB1_ONLL1_OPLV0_PBD0_PFD1_PG2_PSD0_PSLn1_PWCn1_PWLn1_PK0_PKAB0_PAP0_PAPM0_PGR1_PLR1_PKA0_RK0_SGR1_SIA1_SLW1_SS0_SU32_SUM0_SUS256_SCIU0_SCIUE0_SCIUI1_SCIU
PL0_SPO0_SRVW0_SSO0_SVW4_SK0_SKA0_SKXCCM0_SNLL0_TSGRA0_TSGRB0_TT4_4_TLDS0_UIIDU0_UMLDSA0_UMLDSB0_UMF0_U64SL1_UIOFGRO0_USFGROn1_VAW1_VSn1_VW2_VWB2_VFLRP0_
WSGRA0_WSGRB0_WS32_WG16_16_1_WGM8_WGMTB

reject: GlobalLoadVectorWidthB 8 must be == VectorWidth 4 or == 1
rejecting solution 
Cijk_Alik_Bjlk_I8II_BH_MT64x64x32_SN_1LDSB0_APM1_AAIGTEn1_AAILTEn1_AAV0_ABV0_ACED0_AF0EM1_AF1EM1_AMAS3_ASE_ASGT_ASLT_ASM_ASAE01_ASBE01_ASCE01_ASDE01_ASEM
1_AAC0_BL1_BS1_CUM0_CDO0_CTDA0_CLR0_DSK0_DRA0_DU32_DULD1_DTLA0_DTLB0_DTVA0_DTVB0_DAF0_DKP0_DVO0_ETSP_EPS1_ELFLR0_EMLL0_FSSC10_F16AI0_F16AIR0_FL0_GLVWA8_G
LVWB8_GR2A1_GR2B1_GRCGA1_GRCGB1_GRCVA1_GRCVB1_GRPM1_GRVW8_GSU1_GSUASB_GSUAA0_GSUSARR1_GSUWGMRR0_GLS0_ISA1201_IU1_IA0_KLA_LEL0_LBSPPA0_LBSPPB0_LPA4_LPB0_L
DL1_LR2A1_LR2B1_LRVW4_LW2A1_LW2B1_LWPMn1_LDW0_LT1_FMA_MIAV0_MTSM64_MTSM1_MDA2_MI_MO40_MVN256_MMFSC_MKFGSU256_MVN0_NR0_NTA0_NTB0_NTC0_NTD0_NEPBS0_NLCA1_NL
CB1_ONLL1_OPLV0_PBD0_PFD1_PG2_PSD0_PSLn1_PWCn1_PWLn1_PK0_PKAB0_PAP0_PAPM0_PGR1_PLR1_PKA0_RK0_SGR1_SIA1_SLW1_SS0_SU32_SUM0_SUS256_SCIU0_SCIUE0_SCIUI1_SCIU
PL0_SPO0_SRVW0_SSO0_SVW4_SK0_SKA0_SKXCCM0_SNLL0_TSGRA0_TSGRB0_TT4_4_TLDS0_UIIDU0_UMLDSA0_UMLDSB0_UMF0_U64SL1_UIOFGRO0_USFGROn1_VAW1_VSn1_VW4_VWB4_VFLRP0_
WSGRA0_WSGRB0_WS32_WG16_16_1_WGM8_WGMTB

reject: VectorWidth must be >= 4 for Int8 or 8bitFloat

reject: GlobalLoadVectorWidthB 8 must be == VectorWidth 1 or == 1
rejecting solution 
Cijk_Alik_Bjlk_I8II_BH_MT64x64x32_SN_1LDSB0_APM1_AAIGTEn1_AAILTEn1_AAV0_ABV0_ACED0_AF0EM1_AF1EM1_AMAS0_ASE_ASGT_ASLT_ASM_ASAE01_ASBE01_ASCE01_ASDE01_ASEM
1_AAC0_BL1_BS1_CUM0_CDO0_CTDA0_CLR0_DSK0_DRA0_DU32_DULD1_DTLA0_DTLB0_DTVA0_DTVB0_DAF0_DKP0_DVO0_ETSP_EPS1_ELFLR0_EMLL0_FSSC10_F16AI0_F16AIR0_FL0_GLVWA8_G
LVWB8_GR2A1_GR2B1_GRCGA1_GRCGB1_GRCVA1_GRCVB1_GRPM1_GRVW16_GSU1_GSUASB_GSUAA0_GSUSARR1_GSUWGMRR0_GLS0_ISA1201_IU1_IA0_KLA_LEL0_LBSPPA0_LBSPPB0_LPA1_LPB0_
LDL1_LR2A1_LR2B1_LRVW1_LW2A1_LW2B1_LWPMn1_LDW0_LT1_FMA_MIAV0_MTSM64_MTSM1_MDA2_MI_MO40_MVN256_MMFSC_MKFGSU256_MVN0_NR0_NTA0_NTB0_NTC0_NTD0_NEPBS0_NLCA1_N
LCB1_ONLL1_OPLV0_PBD0_PFD1_PG2_PSD0_PSLn1_PWCn1_PWLn1_PK0_PKAB0_PAP0_PAPM0_PGR1_PLR1_PKA0_RK0_SGR1_SIA1_SLW1_SS0_SU32_SUM0_SUS256_SCIU0_SCIUE0_SCIUI1_SCI
UPL0_SPO0_SRVW0_SSO0_SVW4_SK0_SKA0_SKXCCM0_SNLL0_TSGRA0_TSGRB0_TT4_4_TLDS0_UIIDU0_UMLDSA0_UMLDSB0_UMF0_U64SL1_UIOFGRO0_USFGROn1_VAW1_VSn1_VW1_VWB1_VFLRP0
_WSGRA0_WSGRB0_WS32_WG16_16_1_WGM8_WGMTB

reject: VectorWidth must be >= 4 for Int8 or 8bitFloat

reject: GlobalLoadVectorWidthB 8 must be == VectorWidth 2 or == 1
rejecting solution 
Cijk_Alik_Bjlk_I8II_BH_MT64x64x32_SN_1LDSB0_APM1_AAIGTEn1_AAILTEn1_AAV0_ABV0_ACED0_AF0EM1_AF1EM1_AMAS3_ASE_ASGT_ASLT_ASM_ASAE01_ASBE01_ASCE01_ASDE01_ASEM
1_AAC0_BL1_BS1_CUM0_CDO0_CTDA0_CLR0_DSK0_DRA0_DU32_DULD1_DTLA0_DTLB0_DTVA0_DTVB0_DAF0_DKP0_DVO0_ETSP_EPS1_ELFLR0_EMLL0_FSSC10_F16AI0_F16AIR0_FL0_GLVWA8_G
LVWB8_GR2A1_GR2B1_GRCGA1_GRCGB1_GRCVA1_GRCVB1_GRPM1_GRVW16_GSU1_GSUASB_GSUAA0_GSUSARR1_GSUWGMRR0_GLS0_ISA1201_IU1_IA0_KLA_LEL0_LBSPPA0_LBSPPB0_LPA2_LPB0_
LDL1_LR2A1_LR2B1_LRVW2_LW2A1_LW2B1_LWPMn1_LDW0_LT1_FMA_MIAV0_MTSM64_MTSM1_MDA2_MI_MO40_MVN256_MMFSC_MKFGSU256_MVN0_NR0_NTA0_NTB0_NTC0_NTD0_NEPBS0_NLCA1_N
LCB1_ONLL1_OPLV0_PBD0_PFD1_PG2_PSD0_PSLn1_PWCn1_PWLn1_PK0_PKAB0_PAP0_PAPM0_PGR1_PLR1_PKA0_RK0_SGR1_SIA1_SLW1_SS0_SU32_SUM0_SUS256_SCIU0_SCIUE0_SCIUI1_SCI
UPL0_SPO0_SRVW0_SSO0_SVW4_SK0_SKA0_SKXCCM0_SNLL0_TSGRA0_TSGRB0_TT4_4_TLDS0_UIIDU0_UMLDSA0_UMLDSB0_UMF0_U64SL1_UIOFGRO0_USFGROn1_VAW1_VSn1_VW2_VWB2_VFLRP0
_WSGRA0_WSGRB0_WS32_WG16_16_1_WGM8_WGMTB

reject: GlobalLoadVectorWidthB 8 must be == VectorWidth 4 or == 1
rejecting solution 
Cijk_Alik_Bjlk_I8II_BH_MT64x64x32_SN_1LDSB0_APM1_AAIGTEn1_AAILTEn1_AAV0_ABV0_ACED0_AF0EM1_AF1EM1_AMAS3_ASE_ASGT_ASLT_ASM_ASAE01_ASBE01_ASCE01_ASDE01_ASEM
1_AAC0_BL1_BS1_CUM0_CDO0_CTDA0_CLR0_DSK0_DRA0_DU32_DULD1_DTLA0_DTLB0_DTVA0_DTVB0_DAF0_DKP0_DVO0_ETSP_EPS1_ELFLR0_EMLL0_FSSC10_F16AI0_F16AIR0_FL0_GLVWA8_G
LVWB8_GR2A1_GR2B1_GRCGA1_GRCGB1_GRCVA1_GRCVB1_GRPM1_GRVW16_GSU1_GSUASB_GSUAA0_GSUSARR1_GSUWGMRR0_GLS0_ISA1201_IU1_IA0_KLA_LEL0_LBSPPA0_LBSPPB0_LPA4_LPB0_
LDL1_LR2A1_LR2B1_LRVW4_LW2A1_LW2B1_LWPMn1_LDW0_LT1_FMA_MIAV0_MTSM64_MTSM1_MDA2_MI_MO40_MVN256_MMFSC_MKFGSU256_MVN0_NR0_NTA0_NTB0_NTC0_NTD0_NEPBS0_NLCA1_N
LCB1_ONLL1_OPLV0_PBD0_PFD1_PG2_PSD0_PSLn1_PWCn1_PWLn1_PK0_PKAB0_PAP0_PAPM0_PGR1_PLR1_PKA0_RK0_SGR1_SIA1_SLW1_SS0_SU32_SUM0_SUS256_SCIU0_SCIUE0_SCIUI1_SCI
UPL0_SPO0_SRVW0_SSO0_SVW4_SK0_SKA0_SKXCCM0_SNLL0_TSGRA0_TSGRB0_TT4_4_TLDS0_UIIDU0_UMLDSA0_UMLDSB0_UMF0_U64SL1_UIOFGRO0_USFGROn1_VAW1_VSn1_VW4_VWB4_VFLRP0
_WSGRA0_WSGRB0_WS32_WG16_16_1_WGM8_WGMTB

reject: VectorWidth must be >= 4 for Int8 or 8bitFloat

reject: GlobalLoadVectorWidthB 4 must be == VectorWidth 1 or == 1
rejecting solution 
Cijk_Alik_Bjlk_I8II_BH_MT128x64x32_SN_1LDSB0_APM1_AAIGTEn1_AAILTEn1_AAV0_ABV0_ACED0_AF0EM1_AF1EM1_AMAS0_ASE_ASGT_ASLT_ASM_ASAE01_ASBE01_ASCE01_ASDE01_ASE
M1_AAC0_BL1_BS1_CUM0_CDO0_CTDA0_CLR0_DSK0_DRA0_DU32_DULD1_DTLA0_DTLB0_DTVA0_DTVB0_DAF0_DKP0_DVO0_ETSP_EPS1_ELFLR0_EMLL0_FSSC10_F16AI0_F16AIR0_FL0_GLVWA4_
GLVWB4_GR2A1_GR2B1_GRCGA1_GRCGB1_GRCVA1_GRCVB1_GRPM1_GRVW4_GSU1_GSUASB_GSUAA0_GSUSARR1_GSUWGMRR0_GLS0_ISA1201_IU1_IA0_KLA_LEL0_LBSPPA0_LBSPPB0_LPA1_LPB0_
LDL1_LR2A1_LR2B1_LRVW1_LW2A1_LW2B1_LWPMn1_LDW0_LT1_FMA_MIAV0_MTSM64_MTSM1_MDA2_MI_MO40_MVN256_MMFSC_MKFGSU256_MVN0_NR0_NTA0_NTB0_NTC0_NTD0_NEPBS0_NLCA1_N
LCB1_ONLL1_OPLV0_PBD0_PFD1_PG2_PSD0_PSLn1_PWCn1_PWLn1_PK0_PKAB0_PAP0_PAPM0_PGR1_PLR1_PKA0_RK0_SGR1_SIA1_SLW1_SS0_SU0_SUM0_SUS0_SCIU0_SCIUE0_SCIUI1_SCIUPL
0_SPO0_SRVW0_SSO0_SVW4_SK0_SKA0_SKXCCM0_SNLL0_TSGRA0_TSGRB0_TT8_4_TLDS0_UIIDU0_UMLDSA0_UMLDSB0_UMF0_U64SL1_UIOFGRO0_USFGROn1_VAW1_VSn1_VW1_VWB1_VFLRP0_WS
GRA0_WSGRB0_WS32_WG16_16_1_WGM8_WGMTB

reject: VectorWidth must be >= 4 for Int8 or 8bitFloat

reject: GlobalLoadVectorWidthB 4 must be == VectorWidth 2 or == 1
rejecting solution 
Cijk_Alik_Bjlk_I8II_BH_MT128x64x32_SN_1LDSB0_APM1_AAIGTEn1_AAILTEn1_AAV0_ABV0_ACED0_AF0EM1_AF1EM1_AMAS3_ASE_ASGT_ASLT_ASM_ASAE01_ASBE01_ASCE01_ASDE01_ASE
M1_AAC0_BL1_BS1_CUM0_CDO0_CTDA0_CLR0_DSK0_DRA0_DU32_DULD1_DTLA0_DTLB0_DTVA0_DTVB0_DAF0_DKP0_DVO0_ETSP_EPS1_ELFLR0_EMLL0_FSSC10_F16AI0_F16AIR0_FL0_GLVWA4_
GLVWB4_GR2A1_GR2B1_GRCGA1_GRCGB1_GRCVA1_GRCVB1_GRPM1_GRVW4_GSU1_GSUASB_GSUAA0_GSUSARR1_GSUWGMRR0_GLS0_ISA1201_IU1_IA0_KLA_LEL0_LBSPPA0_LBSPPB0_LPA2_LPB0_
LDL1_LR2A1_LR2B1_LRVW2_LW2A1_LW2B1_LWPMn1_LDW0_LT1_FMA_MIAV0_MTSM64_MTSM1_MDA2_MI_MO40_MVN256_MMFSC_MKFGSU256_MVN0_NR0_NTA0_NTB0_NTC0_NTD0_NEPBS0_NLCA1_N
LCB1_ONLL1_OPLV0_PBD0_PFD1_PG2_PSD0_PSLn1_PWCn1_PWLn1_PK0_PKAB0_PAP0_PAPM0_PGR1_PLR1_PKA0_RK0_SGR1_SIA1_SLW1_SS0_SU0_SUM0_SUS0_SCIU0_SCIUE0_SCIUI1_SCIUPL
0_SPO0_SRVW0_SSO0_SVW4_SK0_SKA0_SKXCCM0_SNLL0_TSGRA0_TSGRB0_TT8_4_TLDS0_UIIDU0_UMLDSA0_UMLDSB0_UMF0_U64SL1_UIOFGRO0_USFGROn1_VAW1_VSn1_VW2_VWB2_VFLRP0_WS
GRA0_WSGRB0_WS32_WG16_16_1_WGM8_WGMTB

reject: VectorWidth must be >= 4 for Int8 or 8bitFloat

reject: GlobalLoadVectorWidthB 8 must be == VectorWidth 1 or == 1
rejecting solution 
Cijk_Alik_Bjlk_I8II_BH_MT128x64x32_SN_1LDSB0_APM1_AAIGTEn1_AAILTEn1_AAV0_ABV0_ACED0_AF0EM1_AF1EM1_AMAS0_ASE_ASGT_ASLT_ASM_ASAE01_ASBE01_ASCE01_ASDE01_ASE
M1_AAC0_BL1_BS1_CUM0_CDO0_CTDA0_CLR0_DSK0_DRA0_DU32_DULD1_DTLA0_DTLB0_DTVA0_DTVB0_DAF0_DKP0_DVO0_ETSP_EPS1_ELFLR0_EMLL0_FSSC10_F16AI0_F16AIR0_FL0_GLVWA8_
GLVWB8_GR2A1_GR2B1_GRCGA1_GRCGB1_GRCVA1_GRCVB1_GRPM1_GRVW8_GSU1_GSUASB_GSUAA0_GSUSARR1_GSUWGMRR0_GLS0_ISA1201_IU1_IA0_KLA_LEL0_LBSPPA0_LBSPPB0_LPA1_LPB0_
LDL1_LR2A1_LR2B1_LRVW1_LW2A1_LW2B1_LWPMn1_LDW0_LT1_FMA_MIAV0_MTSM64_MTSM1_MDA2_MI_MO40_MVN256_MMFSC_MKFGSU256_MVN0_NR0_NTA0_NTB0_NTC0_NTD0_NEPBS0_NLCA1_N
LCB1_ONLL1_OPLV0_PBD0_PFD1_PG2_PSD0_PSLn1_PWCn1_PWLn1_PK0_PKAB0_PAP0_PAPM0_PGR1_PLR1_PKA0_RK0_SGR1_SIA1_SLW1_SS0_SU0_SUM0_SUS0_SCIU0_SCIUE0_SCIUI1_SCIUPL
0_SPO0_SRVW0_SSO0_SVW4_SK0_SKA0_SKXCCM0_SNLL0_TSGRA0_TSGRB0_TT8_4_TLDS0_UIIDU0_UMLDSA0_UMLDSB0_UMF0_U64SL1_UIOFGRO0_USFGROn1_VAW1_VSn1_VW1_VWB1_VFLRP0_WS
GRA0_WSGRB0_WS32_WG16_16_1_WGM8_WGMTB

reject: VectorWidth must be >= 4 for Int8 or 8bitFloat

reject: GlobalLoadVectorWidthB 8 must be == VectorWidth 2 or == 1
rejecting solution 
Cijk_Alik_Bjlk_I8II_BH_MT128x64x32_SN_1LDSB0_APM1_AAIGTEn1_AAILTEn1_AAV0_ABV0_ACED0_AF0EM1_AF1EM1_AMAS3_ASE_ASGT_ASLT_ASM_ASAE01_ASBE01_ASCE01_ASDE01_ASE
M1_AAC0_BL1_BS1_CUM0_CDO0_CTDA0_CLR0_DSK0_DRA0_DU32_DULD1_DTLA0_DTLB0_DTVA0_DTVB0_DAF0_DKP0_DVO0_ETSP_EPS1_ELFLR0_EMLL0_FSSC10_F16AI0_F16AIR0_FL0_GLVWA8_
GLVWB8_GR2A1_GR2B1_GRCGA1_GRCGB1_GRCVA1_GRCVB1_GRPM1_GRVW8_GSU1_GSUASB_GSUAA0_GSUSARR1_GSUWGMRR0_GLS0_ISA1201_IU1_IA0_KLA_LEL0_LBSPPA0_LBSPPB0_LPA2_LPB0_
LDL1_LR2A1_LR2B1_LRVW2_LW2A1_LW2B1_LWPMn1_LDW0_LT1_FMA_MIAV0_MTSM64_MTSM1_MDA2_MI_MO40_MVN256_MMFSC_MKFGSU256_MVN0_NR0_NTA0_NTB0_NTC0_NTD0_NEPBS0_NLCA1_N
LCB1_ONLL1_OPLV0_PBD0_PFD1_PG2_PSD0_PSLn1_PWCn1_PWLn1_PK0_PKAB0_PAP0_PAPM0_PGR1_PLR1_PKA0_RK0_SGR1_SIA1_SLW1_SS0_SU0_SUM0_SUS0_SCIU0_SCIUE0_SCIUI1_SCIUPL
0_SPO0_SRVW0_SSO0_SVW4_SK0_SKA0_SKXCCM0_SNLL0_TSGRA0_TSGRB0_TT8_4_TLDS0_UIIDU0_UMLDSA0_UMLDSB0_UMF0_U64SL1_UIOFGRO0_USFGROn1_VAW1_VSn1_VW2_VWB2_VFLRP0_WS
GRA0_WSGRB0_WS32_WG16_16_1_WGM8_WGMTB

reject: GlobalLoadVectorWidthB 8 must be == VectorWidth 4 or == 1
rejecting solution 
Cijk_Alik_Bjlk_I8II_BH_MT128x64x32_SN_1LDSB0_APM1_AAIGTEn1_AAILTEn1_AAV0_ABV0_ACED0_AF0EM1_AF1EM1_AMAS3_ASE_ASGT_ASLT_ASM_ASAE01_ASBE01_ASCE01_ASDE01_ASE
M1_AAC0_BL1_BS1_CUM0_CDO0_CTDA0_CLR0_DSK0_DRA0_DU32_DULD1_DTLA0_DTLB0_DTVA0_DTVB0_DAF0_DKP0_DVO0_ETSP_EPS1_ELFLR0_EMLL0_FSSC10_F16AI0_F16AIR0_FL0_GLVWA8_
GLVWB8_GR2A1_GR2B1_GRCGA1_GRCGB1_GRCVA1_GRCVB1_GRPM1_GRVW8_GSU1_GSUASB_GSUAA0_GSUSARR1_GSUWGMRR0_GLS0_ISA1201_IU1_IA0_KLA_LEL0_LBSPPA0_LBSPPB0_LPA4_LPB0_
LDL1_LR2A1_LR2B1_LRVW4_LW2A1_LW2B1_LWPMn1_LDW0_LT1_FMA_MIAV0_MTSM64_MTSM1_MDA2_MI_MO40_MVN256_MMFSC_MKFGSU256_MVN0_NR0_NTA0_NTB0_NTC0_NTD0_NEPBS0_NLCA1_N
LCB1_ONLL1_OPLV0_PBD0_PFD1_PG2_PSD0_PSLn1_PWCn1_PWLn1_PK0_PKAB0_PAP0_PAPM0_PGR1_PLR1_PKA0_RK0_SGR1_SIA1_SLW1_SS0_SU0_SUM0_SUS0_SCIU0_SCIUE0_SCIUI1_SCIUPL
0_SPO0_SRVW0_SSO0_SVW4_SK0_SKA0_SKXCCM0_SNLL0_TSGRA0_TSGRB0_TT8_4_TLDS0_UIIDU0_UMLDSA0_UMLDSB0_UMF0_U64SL1_UIOFGRO0_USFGROn1_VAW1_VSn1_VW4_VWB4_VFLRP0_WS
GRA0_WSGRB0_WS32_WG16_16_1_WGM8_WGMTB

reject: VectorWidth must be >= 4 for Int8 or 8bitFloat

reject: GlobalLoadVectorWidthB 8 must be == VectorWidth 1 or == 1
rejecting solution 
Cijk_Alik_Bjlk_I8II_BH_MT128x64x32_SN_1LDSB0_APM1_AAIGTEn1_AAILTEn1_AAV0_ABV0_ACED0_AF0EM1_AF1EM1_AMAS0_ASE_ASGT_ASLT_ASM_ASAE01_ASBE01_ASCE01_ASDE01_ASE
M1_AAC0_BL1_BS1_CUM0_CDO0_CTDA0_CLR0_DSK0_DRA0_DU32_DULD1_DTLA0_DTLB0_DTVA0_DTVB0_DAF0_DKP0_DVO0_ETSP_EPS1_ELFLR0_EMLL0_FSSC10_F16AI0_F16AIR0_FL0_GLVWA16
_GLVWB8_GR2A1_GR2B1_GRCGA1_GRCGB1_GRCVA1_GRCVB1_GRPM1_GRVW16_GSU1_GSUASB_GSUAA0_GSUSARR1_GSUWGMRR0_GLS0_ISA1201_IU1_IA0_KLA_LEL0_LBSPPA0_LBSPPB0_LPA1_LPB
0_LDL1_LR2A1_LR2B1_LRVW1_LW2A1_LW2B1_LWPMn1_LDW0_LT1_FMA_MIAV0_MTSM64_MTSM1_MDA2_MI_MO40_MVN256_MMFSC_MKFGSU256_MVN0_NR0_NTA0_NTB0_NTC0_NTD0_NEPBS0_NLCA1
_NLCB1_ONLL1_OPLV0_PBD0_PFD1_PG2_PSD0_PSLn1_PWCn1_PWLn1_PK0_PKAB0_PAP0_PAPM0_PGR1_PLR1_PKA0_RK0_SGR1_SIA1_SLW1_SS0_SU0_SUM0_SUS0_SCIU0_SCIUE0_SCIUI1_SCIU
PL0_SPO0_SRVW0_SSO0_SVW4_SK0_SKA0_SKXCCM0_SNLL0_TSGRA0_TSGRB0_TT8_4_TLDS0_UIIDU0_UMLDSA0_UMLDSB0_UMF0_U64SL1_UIOFGRO0_USFGROn1_VAW1_VSn1_VW1_VWB1_VFLRP0_
WSGRA0_WSGRB0_WS32_WG16_16_1_WGM8_WGMTB

reject: VectorWidth must be >= 4 for Int8 or 8bitFloat

reject: GlobalLoadVectorWidthB 8 must be == VectorWidth 2 or == 1
rejecting solution 
Cijk_Alik_Bjlk_I8II_BH_MT128x64x32_SN_1LDSB0_APM1_AAIGTEn1_AAILTEn1_AAV0_ABV0_ACED0_AF0EM1_AF1EM1_AMAS3_ASE_ASGT_ASLT_ASM_ASAE01_ASBE01_ASCE01_ASDE01_ASE
M1_AAC0_BL1_BS1_CUM0_CDO0_CTDA0_CLR0_DSK0_DRA0_DU32_DULD1_DTLA0_DTLB0_DTVA0_DTVB0_DAF0_DKP0_DVO0_ETSP_EPS1_ELFLR0_EMLL0_FSSC10_F16AI0_F16AIR0_FL0_GLVWA16
_GLVWB8_GR2A1_GR2B1_GRCGA1_GRCGB1_GRCVA1_GRCVB1_GRPM1_GRVW16_GSU1_GSUASB_GSUAA0_GSUSARR1_GSUWGMRR0_GLS0_ISA1201_IU1_IA0_KLA_LEL0_LBSPPA0_LBSPPB0_LPA2_LPB
0_LDL1_LR2A1_LR2B1_LRVW2_LW2A1_LW2B1_LWPMn1_LDW0_LT1_FMA_MIAV0_MTSM64_MTSM1_MDA2_MI_MO40_MVN256_MMFSC_MKFGSU256_MVN0_NR0_NTA0_NTB0_NTC0_NTD0_NEPBS0_NLCA1
_NLCB1_ONLL1_OPLV0_PBD0_PFD1_PG2_PSD0_PSLn1_PWCn1_PWLn1_PK0_PKAB0_PAP0_PAPM0_PGR1_PLR1_PKA0_RK0_SGR1_SIA1_SLW1_SS0_SU0_SUM0_SUS0_SCIU0_SCIUE0_SCIUI1_SCIU
PL0_SPO0_SRVW0_SSO0_SVW4_SK0_SKA0_SKXCCM0_SNLL0_TSGRA0_TSGRB0_TT8_4_TLDS0_UIIDU0_UMLDSA0_UMLDSB0_UMF0_U64SL1_UIOFGRO0_USFGROn1_VAW1_VSn1_VW2_VWB2_VFLRP0_
WSGRA0_WSGRB0_WS32_WG16_16_1_WGM8_WGMTB

reject: GlobalLoadVectorWidthB 8 must be == VectorWidth 4 or == 1
rejecting solution 
Cijk_Alik_Bjlk_I8II_BH_MT128x64x32_SN_1LDSB0_APM1_AAIGTEn1_AAILTEn1_AAV0_ABV0_ACED0_AF0EM1_AF1EM1_AMAS3_ASE_ASGT_ASLT_ASM_ASAE01_ASBE01_ASCE01_ASDE01_ASE
M1_AAC0_BL1_BS1_CUM0_CDO0_CTDA0_CLR0_DSK0_DRA0_DU32_DULD1_DTLA0_DTLB0_DTVA0_DTVB0_DAF0_DKP0_DVO0_ETSP_EPS1_ELFLR0_EMLL0_FSSC10_F16AI0_F16AIR0_FL0_GLVWA16
_GLVWB8_GR2A1_GR2B1_GRCGA1_GRCGB1_GRCVA1_GRCVB1_GRPM1_GRVW16_GSU1_GSUASB_GSUAA0_GSUSARR1_GSUWGMRR0_GLS0_ISA1201_IU1_IA0_KLA_LEL0_LBSPPA0_LBSPPB0_LPA4_LPB
0_LDL1_LR2A1_LR2B1_LRVW4_LW2A1_LW2B1_LWPMn1_LDW0_LT1_FMA_MIAV0_MTSM64_MTSM1_MDA2_MI_MO40_MVN256_MMFSC_MKFGSU256_MVN0_NR0_NTA0_NTB0_NTC0_NTD0_NEPBS0_NLCA1
_NLCB1_ONLL1_OPLV0_PBD0_PFD1_PG2_PSD0_PSLn1_PWCn1_PWLn1_PK0_PKAB0_PAP0_PAPM0_PGR1_PLR1_PKA0_RK0_SGR1_SIA1_SLW1_SS0_SU0_SUM0_SUS0_SCIU0_SCIUE0_SCIUI1_SCIU
PL0_SPO0_SRVW0_SSO0_SVW4_SK0_SKA0_SKXCCM0_SNLL0_TSGRA0_TSGRB0_TT8_4_TLDS0_UIIDU0_UMLDSA0_UMLDSB0_UMF0_U64SL1_UIOFGRO0_USFGROn1_VAW1_VSn1_VW4_VWB4_VFLRP0_
WSGRA0_WSGRB0_WS32_WG16_16_1_WGM8_WGMTB

reject: VectorWidth must be >= 4 for Int8 or 8bitFloat

reject: GlobalLoadVectorWidthB 4 must be == VectorWidth 1 or == 1
rejecting solution 
Cijk_Alik_Bjlk_I8II_BH_MT128x64x32_SN_1LDSB0_APM1_AAIGTEn1_AAILTEn1_AAV0_ABV0_ACED0_AF0EM1_AF1EM1_AMAS0_ASE_ASGT_ASLT_ASM_ASAE01_ASBE01_ASCE01_ASDE01_ASE
M1_AAC0_BL1_BS1_CUM0_CDO0_CTDA0_CLR0_DSK0_DRA0_DU32_DULD1_DTLA0_DTLB0_DTVA0_DTVB0_DAF0_DKP0_DVO0_ETSP_EPS1_ELFLR0_EMLL0_FSSC10_F16AI0_F16AIR0_FL0_GLVWA4_
GLVWB4_GR2A1_GR2B1_GRCGA1_GRCGB1_GRCVA1_GRCVB1_GRPM1_GRVW4_GSU1_GSUASB_GSUAA0_GSUSARR1_GSUWGMRR0_GLS0_ISA1201_IU1_IA0_KLA_LEL0_LBSPPA0_LBSPPB0_LPA1_LPB0_
LDL1_LR2A1_LR2B1_LRVW1_LW2A1_LW2B1_LWPMn1_LDW0_LT1_FMA_MIAV0_MTSM64_MTSM1_MDA2_MI_MO40_MVN256_MMFSC_MKFGSU256_MVN0_NR0_NTA0_NTB0_NTC0_NTD0_NEPBS0_NLCA1_N
LCB1_ONLL1_OPLV0_PBD0_PFD1_PG2_PSD0_PSLn1_PWCn1_PWLn1_PK0_PKAB0_PAP0_PAPM0_PGR1_PLR1_PKA0_RK0_SGR1_SIA1_SLW1_SS0_SU32_SUM0_SUS256_SCIU0_SCIUE0_SCIUI1_SCI
UPL0_SPO0_SRVW0_SSO0_SVW4_SK0_SKA0_SKXCCM0_SNLL0_TSGRA0_TSGRB0_TT8_4_TLDS0_UIIDU0_UMLDSA0_UMLDSB0_UMF0_U64SL1_UIOFGRO0_USFGROn1_VAW1_VSn1_VW1_VWB1_VFLRP0
_WSGRA0_WSGRB0_WS32_WG16_16_1_WGM8_WGMTB

reject: VectorWidth must be >= 4 for Int8 or 8bitFloat

reject: GlobalLoadVectorWidthB 4 must be == VectorWidth 2 or == 1
rejecting solution 
Cijk_Alik_Bjlk_I8II_BH_MT128x64x32_SN_1LDSB0_APM1_AAIGTEn1_AAILTEn1_AAV0_ABV0_ACED0_AF0EM1_AF1EM1_AMAS3_ASE_ASGT_ASLT_ASM_ASAE01_ASBE01_ASCE01_ASDE01_ASE
M1_AAC0_BL1_BS1_CUM0_CDO0_CTDA0_CLR0_DSK0_DRA0_DU32_DULD1_DTLA0_DTLB0_DTVA0_DTVB0_DAF0_DKP0_DVO0_ETSP_EPS1_ELFLR0_EMLL0_FSSC10_F16AI0_F16AIR0_FL0_GLVWA4_
GLVWB4_GR2A1_GR2B1_GRCGA1_GRCGB1_GRCVA1_GRCVB1_GRPM1_GRVW4_GSU1_GSUASB_GSUAA0_GSUSARR1_GSUWGMRR0_GLS0_ISA1201_IU1_IA0_KLA_LEL0_LBSPPA0_LBSPPB0_LPA2_LPB0_
LDL1_LR2A1_LR2B1_LRVW2_LW2A1_LW2B1_LWPMn1_LDW0_LT1_FMA_MIAV0_MTSM64_MTSM1_MDA2_MI_MO40_MVN256_MMFSC_MKFGSU256_MVN0_NR0_NTA0_NTB0_NTC0_NTD0_NEPBS0_NLCA1_N
LCB1_ONLL1_OPLV0_PBD0_PFD1_PG2_PSD0_PSLn1_PWCn1_PWLn1_PK0_PKAB0_PAP0_PAPM0_PGR1_PLR1_PKA0_RK0_SGR1_SIA1_SLW1_SS0_SU32_SUM0_SUS256_SCIU0_SCIUE0_SCIUI1_SCI
UPL0_SPO0_SRVW0_SSO0_SVW4_SK0_SKA0_SKXCCM0_SNLL0_TSGRA0_TSGRB0_TT8_4_TLDS0_UIIDU0_UMLDSA0_UMLDSB0_UMF0_U64SL1_UIOFGRO0_USFGROn1_VAW1_VSn1_VW2_VWB2_VFLRP0
_WSGRA0_WSGRB0_WS32_WG16_16_1_WGM8_WGMTB

reject: VectorWidth must be >= 4 for Int8 or 8bitFloat

reject: GlobalLoadVectorWidthB 8 must be == VectorWidth 1 or == 1
rejecting solution 
Cijk_Alik_Bjlk_I8II_BH_MT128x64x32_SN_1LDSB0_APM1_AAIGTEn1_AAILTEn1_AAV0_ABV0_ACED0_AF0EM1_AF1EM1_AMAS0_ASE_ASGT_ASLT_ASM_ASAE01_ASBE01_ASCE01_ASDE01_ASE
M1_AAC0_BL1_BS1_CUM0_CDO0_CTDA0_CLR0_DSK0_DRA0_DU32_DULD1_DTLA0_DTLB0_DTVA0_DTVB0_DAF0_DKP0_DVO0_ETSP_EPS1_ELFLR0_EMLL0_FSSC10_F16AI0_F16AIR0_FL0_GLVWA8_
GLVWB8_GR2A1_GR2B1_GRCGA1_GRCGB1_GRCVA1_GRCVB1_GRPM1_GRVW8_GSU1_GSUASB_GSUAA0_GSUSARR1_GSUWGMRR0_GLS0_ISA1201_IU1_IA0_KLA_LEL0_LBSPPA0_LBSPPB0_LPA1_LPB0_
LDL1_LR2A1_LR2B1_LRVW1_LW2A1_LW2B1_LWPMn1_LDW0_LT1_FMA_MIAV0_MTSM64_MTSM1_MDA2_MI_MO40_MVN256_MMFSC_MKFGSU256_MVN0_NR0_NTA0_NTB0_NTC0_NTD0_NEPBS0_NLCA1_N
LCB1_ONLL1_OPLV0_PBD0_PFD1_PG2_PSD0_PSLn1_PWCn1_PWLn1_PK0_PKAB0_PAP0_PAPM0_PGR1_PLR1_PKA0_RK0_SGR1_SIA1_SLW1_SS0_SU32_SUM0_SUS256_SCIU0_SCIUE0_SCIUI1_SCI
UPL0_SPO0_SRVW0_SSO0_SVW4_SK0_SKA0_SKXCCM0_SNLL0_TSGRA0_TSGRB0_TT8_4_TLDS0_UIIDU0_UMLDSA0_UMLDSB0_UMF0_U64SL1_UIOFGRO0_USFGROn1_VAW1_VSn1_VW1_VWB1_VFLRP0
_WSGRA0_WSGRB0_WS32_WG16_16_1_WGM8_WGMTB

reject: VectorWidth must be >= 4 for Int8 or 8bitFloat

reject: GlobalLoadVectorWidthB 8 must be == VectorWidth 2 or == 1
rejecting solution 
Cijk_Alik_Bjlk_I8II_BH_MT128x64x32_SN_1LDSB0_APM1_AAIGTEn1_AAILTEn1_AAV0_ABV0_ACED0_AF0EM1_AF1EM1_AMAS3_ASE_ASGT_ASLT_ASM_ASAE01_ASBE01_ASCE01_ASDE01_ASE
M1_AAC0_BL1_BS1_CUM0_CDO0_CTDA0_CLR0_DSK0_DRA0_DU32_DULD1_DTLA0_DTLB0_DTVA0_DTVB0_DAF0_DKP0_DVO0_ETSP_EPS1_ELFLR0_EMLL0_FSSC10_F16AI0_F16AIR0_FL0_GLVWA8_
GLVWB8_GR2A1_GR2B1_GRCGA1_GRCGB1_GRCVA1_GRCVB1_GRPM1_GRVW8_GSU1_GSUASB_GSUAA0_GSUSARR1_GSUWGMRR0_GLS0_ISA1201_IU1_IA0_KLA_LEL0_LBSPPA0_LBSPPB0_LPA2_LPB0_
LDL1_LR2A1_LR2B1_LRVW2_LW2A1_LW2B1_LWPMn1_LDW0_LT1_FMA_MIAV0_MTSM64_MTSM1_MDA2_MI_MO40_MVN256_MMFSC_MKFGSU256_MVN0_NR0_NTA0_NTB0_NTC0_NTD0_NEPBS0_NLCA1_N
LCB1_ONLL1_OPLV0_PBD0_PFD1_PG2_PSD0_PSLn1_PWCn1_PWLn1_PK0_PKAB0_PAP0_PAPM0_PGR1_PLR1_PKA0_RK0_SGR1_SIA1_SLW1_SS0_SU32_SUM0_SUS256_SCIU0_SCIUE0_SCIUI1_SCI
UPL0_SPO0_SRVW0_SSO0_SVW4_SK0_SKA0_SKXCCM0_SNLL0_TSGRA0_TSGRB0_TT8_4_TLDS0_UIIDU0_UMLDSA0_UMLDSB0_UMF0_U64SL1_UIOFGRO0_USFGROn1_VAW1_VSn1_VW2_VWB2_VFLRP0
_WSGRA0_WSGRB0_WS32_WG16_16_1_WGM8_WGMTB

reject: GlobalLoadVectorWidthB 8 must be == VectorWidth 4 or == 1
rejecting solution 
Cijk_Alik_Bjlk_I8II_BH_MT128x64x32_SN_1LDSB0_APM1_AAIGTEn1_AAILTEn1_AAV0_ABV0_ACED0_AF0EM1_AF1EM1_AMAS3_ASE_ASGT_ASLT_ASM_ASAE01_ASBE01_ASCE01_ASDE01_ASE
M1_AAC0_BL1_BS1_CUM0_CDO0_CTDA0_CLR0_DSK0_DRA0_DU32_DULD1_DTLA0_DTLB0_DTVA0_DTVB0_DAF0_DKP0_DVO0_ETSP_EPS1_ELFLR0_EMLL0_FSSC10_F16AI0_F16AIR0_FL0_GLVWA8_
GLVWB8_GR2A1_GR2B1_GRCGA1_GRCGB1_GRCVA1_GRCVB1_GRPM1_GRVW8_GSU1_GSUASB_GSUAA0_GSUSARR1_GSUWGMRR0_GLS0_ISA1201_IU1_IA0_KLA_LEL0_LBSPPA0_LBSPPB0_LPA4_LPB0_
LDL1_LR2A1_LR2B1_LRVW4_LW2A1_LW2B1_LWPMn1_LDW0_LT1_FMA_MIAV0_MTSM64_MTSM1_MDA2_MI_MO40_MVN256_MMFSC_MKFGSU256_MVN0_NR0_NTA0_NTB0_NTC0_NTD0_NEPBS0_NLCA1_N
LCB1_ONLL1_OPLV0_PBD0_PFD1_PG2_PSD0_PSLn1_PWCn1_PWLn1_PK0_PKAB0_PAP0_PAPM0_PGR1_PLR1_PKA0_RK0_SGR1_SIA1_SLW1_SS0_SU32_SUM0_SUS256_SCIU0_SCIUE0_SCIUI1_SCI
UPL0_SPO0_SRVW0_SSO0_SVW4_SK0_SKA0_SKXCCM0_SNLL0_TSGRA0_TSGRB0_TT8_4_TLDS0_UIIDU0_UMLDSA0_UMLDSB0_UMF0_U64SL1_UIOFGRO0_USFGROn1_VAW1_VSn1_VW4_VWB4_VFLRP0
_WSGRA0_WSGRB0_WS32_WG16_16_1_WGM8_WGMTB

reject: VectorWidth must be >= 4 for Int8 or 8bitFloat

reject: GlobalLoadVectorWidthB 8 must be == VectorWidth 1 or == 1
rejecting solution 
Cijk_Alik_Bjlk_I8II_BH_MT128x64x32_SN_1LDSB0_APM1_AAIGTEn1_AAILTEn1_AAV0_ABV0_ACED0_AF0EM1_AF1EM1_AMAS0_ASE_ASGT_ASLT_ASM_ASAE01_ASBE01_ASCE01_ASDE01_ASE
M1_AAC0_BL1_BS1_CUM0_CDO0_CTDA0_CLR0_DSK0_DRA0_DU32_DULD1_DTLA0_DTLB0_DTVA0_DTVB0_DAF0_DKP0_DVO0_ETSP_EPS1_ELFLR0_EMLL0_FSSC10_F16AI0_F16AIR0_FL0_GLVWA16
_GLVWB8_GR2A1_GR2B1_GRCGA1_GRCGB1_GRCVA1_GRCVB1_GRPM1_GRVW16_GSU1_GSUASB_GSUAA0_GSUSARR1_GSUWGMRR0_GLS0_ISA1201_IU1_IA0_KLA_LEL0_LBSPPA0_LBSPPB0_LPA1_LPB
0_LDL1_LR2A1_LR2B1_LRVW1_LW2A1_LW2B1_LWPMn1_LDW0_LT1_FMA_MIAV0_MTSM64_MTSM1_MDA2_MI_MO40_MVN256_MMFSC_MKFGSU256_MVN0_NR0_NTA0_NTB0_NTC0_NTD0_NEPBS0_NLCA1
_NLCB1_ONLL1_OPLV0_PBD0_PFD1_PG2_PSD0_PSLn1_PWCn1_PWLn1_PK0_PKAB0_PAP0_PAPM0_PGR1_PLR1_PKA0_RK0_SGR1_SIA1_SLW1_SS0_SU32_SUM0_SUS256_SCIU0_SCIUE0_SCIUI1_S
CIUPL0_SPO0_SRVW0_SSO0_SVW4_SK0_SKA0_SKXCCM0_SNLL0_TSGRA0_TSGRB0_TT8_4_TLDS0_UIIDU0_UMLDSA0_UMLDSB0_UMF0_U64SL1_UIOFGRO0_USFGROn1_VAW1_VSn1_VW1_VWB1_VFLR
P0_WSGRA0_WSGRB0_WS32_WG16_16_1_WGM8_WGMTB

reject: VectorWidth must be >= 4 for Int8 or 8bitFloat

reject: GlobalLoadVectorWidthB 8 must be == VectorWidth 2 or == 1
rejecting solution 
Cijk_Alik_Bjlk_I8II_BH_MT128x64x32_SN_1LDSB0_APM1_AAIGTEn1_AAILTEn1_AAV0_ABV0_ACED0_AF0EM1_AF1EM1_AMAS3_ASE_ASGT_ASLT_ASM_ASAE01_ASBE01_ASCE01_ASDE01_ASE
M1_AAC0_BL1_BS1_CUM0_CDO0_CTDA0_CLR0_DSK0_DRA0_DU32_DULD1_DTLA0_DTLB0_DTVA0_DTVB0_DAF0_DKP0_DVO0_ETSP_EPS1_ELFLR0_EMLL0_FSSC10_F16AI0_F16AIR0_FL0_GLVWA16
_GLVWB8_GR2A1_GR2B1_GRCGA1_GRCGB1_GRCVA1_GRCVB1_GRPM1_GRVW16_GSU1_GSUASB_GSUAA0_GSUSARR1_GSUWGMRR0_GLS0_ISA1201_IU1_IA0_KLA_LEL0_LBSPPA0_LBSPPB0_LPA2_LPB
0_LDL1_LR2A1_LR2B1_LRVW2_LW2A1_LW2B1_LWPMn1_LDW0_LT1_FMA_MIAV0_MTSM64_MTSM1_MDA2_MI_MO40_MVN256_MMFSC_MKFGSU256_MVN0_NR0_NTA0_NTB0_NTC0_NTD0_NEPBS0_NLCA1
_NLCB1_ONLL1_OPLV0_PBD0_PFD1_PG2_PSD0_PSLn1_PWCn1_PWLn1_PK0_PKAB0_PAP0_PAPM0_PGR1_PLR1_PKA0_RK0_SGR1_SIA1_SLW1_SS0_SU32_SUM0_SUS256_SCIU0_SCIUE0_SCIUI1_S
CIUPL0_SPO0_SRVW0_SSO0_SVW4_SK0_SKA0_SKXCCM0_SNLL0_TSGRA0_TSGRB0_TT8_4_TLDS0_UIIDU0_UMLDSA0_UMLDSB0_UMF0_U64SL1_UIOFGRO0_USFGROn1_VAW1_VSn1_VW2_VWB2_VFLR
P0_WSGRA0_WSGRB0_WS32_WG16_16_1_WGM8_WGMTB

reject: GlobalLoadVectorWidthB 8 must be == VectorWidth 4 or == 1
rejecting solution 
Cijk_Alik_Bjlk_I8II_BH_MT128x64x32_SN_1LDSB0_APM1_AAIGTEn1_AAILTEn1_AAV0_ABV0_ACED0_AF0EM1_AF1EM1_AMAS3_ASE_ASGT_ASLT_ASM_ASAE01_ASBE01_ASCE01_ASDE01_ASE
M1_AAC0_BL1_BS1_CUM0_CDO0_CTDA0_CLR0_DSK0_DRA0_DU32_DULD1_DTLA0_DTLB0_DTVA0_DTVB0_DAF0_DKP0_DVO0_ETSP_EPS1_ELFLR0_EMLL0_FSSC10_F16AI0_F16AIR0_FL0_GLVWA16
_GLVWB8_GR2A1_GR2B1_GRCGA1_GRCGB1_GRCVA1_GRCVB1_GRPM1_GRVW16_GSU1_GSUASB_GSUAA0_GSUSARR1_GSUWGMRR0_GLS0_ISA1201_IU1_IA0_KLA_LEL0_LBSPPA0_LBSPPB0_LPA4_LPB
0_LDL1_LR2A1_LR2B1_LRVW4_LW2A1_LW2B1_LWPMn1_LDW0_LT1_FMA_MIAV0_MTSM64_MTSM1_MDA2_MI_MO40_MVN256_MMFSC_MKFGSU256_MVN0_NR0_NTA0_NTB0_NTC0_NTD0_NEPBS0_NLCA1
_NLCB1_ONLL1_OPLV0_PBD0_PFD1_PG2_PSD0_PSLn1_PWCn1_PWLn1_PK0_PKAB0_PAP0_PAPM0_PGR1_PLR1_PKA0_RK0_SGR1_SIA1_SLW1_SS0_SU32_SUM0_SUS256_SCIU0_SCIUE0_SCIUI1_S
CIUPL0_SPO0_SRVW0_SSO0_SVW4_SK0_SKA0_SKXCCM0_SNLL0_TSGRA0_TSGRB0_TT8_4_TLDS0_UIIDU0_UMLDSA0_UMLDSB0_UMF0_U64SL1_UIOFGRO0_USFGROn1_VAW1_VSn1_VW4_VWB4_VFLR
P0_WSGRA0_WSGRB0_WS32_WG16_16_1_WGM8_WGMTB

reject: VectorWidth must be >= 4 for Int8 or 8bitFloat

reject: GlobalLoadVectorWidthB 4 must be == VectorWidth 1 or == 1
rejecting solution 
Cijk_Alik_Bjlk_I8II_BH_MT64x128x32_SN_1LDSB0_APM1_AAIGTEn1_AAILTEn1_AAV0_ABV0_ACED0_AF0EM1_AF1EM1_AMAS0_ASE_ASGT_ASLT_ASM_ASAE01_ASBE01_ASCE01_ASDE01_ASE
M1_AAC0_BL1_BS1_CUM0_CDO0_CTDA0_CLR0_DSK0_DRA0_DU32_DULD1_DTLA0_DTLB0_DTVA0_DTVB0_DAF0_DKP0_DVO0_ETSP_EPS1_ELFLR0_EMLL0_FSSC10_F16AI0_F16AIR0_FL0_GLVWA4_
GLVWB4_GR2A1_GR2B1_GRCGA1_GRCGB1_GRCVA1_GRCVB1_GRPM1_GRVW4_GSU1_GSUASB_GSUAA0_GSUSARR1_GSUWGMRR0_GLS0_ISA1201_IU1_IA0_KLA_LEL0_LBSPPA0_LBSPPB0_LPA1_LPB0_
LDL1_LR2A1_LR2B1_LRVW1_LW2A1_LW2B1_LWPMn1_LDW0_LT1_FMA_MIAV0_MTSM64_MTSM1_MDA2_MI_MO40_MVN256_MMFSC_MKFGSU256_MVN0_NR0_NTA0_NTB0_NTC0_NTD0_NEPBS0_NLCA1_N
LCB1_ONLL1_OPLV0_PBD0_PFD1_PG2_PSD0_PSLn1_PWCn1_PWLn1_PK0_PKAB0_PAP0_PAPM0_PGR1_PLR1_PKA0_RK0_SGR1_SIA1_SLW1_SS0_SU0_SUM0_SUS0_SCIU0_SCIUE0_SCIUI1_SCIUPL
0_SPO0_SRVW0_SSO0_SVW4_SK0_SKA0_SKXCCM0_SNLL0_TSGRA0_TSGRB0_TT4_8_TLDS0_UIIDU0_UMLDSA0_UMLDSB0_UMF0_U64SL1_UIOFGRO0_USFGROn1_VAW1_VSn1_VW1_VWB1_VFLRP0_WS
GRA0_WSGRB0_WS32_WG16_16_1_WGM8_WGMTB

reject: VectorWidth must be >= 4 for Int8 or 8bitFloat

reject: GlobalLoadVectorWidthB 4 must be == VectorWidth 2 or == 1
rejecting solution 
Cijk_Alik_Bjlk_I8II_BH_MT64x128x32_SN_1LDSB0_APM1_AAIGTEn1_AAILTEn1_AAV0_ABV0_ACED0_AF0EM1_AF1EM1_AMAS3_ASE_ASGT_ASLT_ASM_ASAE01_ASBE01_ASCE01_ASDE01_ASE
M1_AAC0_BL1_BS1_CUM0_CDO0_CTDA0_CLR0_DSK0_DRA0_DU32_DULD1_DTLA0_DTLB0_DTVA0_DTVB0_DAF0_DKP0_DVO0_ETSP_EPS1_ELFLR0_EMLL0_FSSC10_F16AI0_F16AIR0_FL0_GLVWA4_
GLVWB4_GR2A1_GR2B1_GRCGA1_GRCGB1_GRCVA1_GRCVB1_GRPM1_GRVW4_GSU1_GSUASB_GSUAA0_GSUSARR1_GSUWGMRR0_GLS0_ISA1201_IU1_IA0_KLA_LEL0_LBSPPA0_LBSPPB0_LPA2_LPB0_
LDL1_LR2A1_LR2B1_LRVW2_LW2A1_LW2B1_LWPMn1_LDW0_LT1_FMA_MIAV0_MTSM64_MTSM1_MDA2_MI_MO40_MVN256_MMFSC_MKFGSU256_MVN0_NR0_NTA0_NTB0_NTC0_NTD0_NEPBS0_NLCA1_N
LCB1_ONLL1_OPLV0_PBD0_PFD1_PG2_PSD0_PSLn1_PWCn1_PWLn1_PK0_PKAB0_PAP0_PAPM0_PGR1_PLR1_PKA0_RK0_SGR1_SIA1_SLW1_SS0_SU0_SUM0_SUS0_SCIU0_SCIUE0_SCIUI1_SCIUPL
0_SPO0_SRVW0_SSO0_SVW4_SK0_SKA0_SKXCCM0_SNLL0_TSGRA0_TSGRB0_TT4_8_TLDS0_UIIDU0_UMLDSA0_UMLDSB0_UMF0_U64SL1_UIOFGRO0_USFGROn1_VAW1_VSn1_VW2_VWB2_VFLRP0_WS
GRA0_WSGRB0_WS32_WG16_16_1_WGM8_WGMTB

reject: VectorWidth must be >= 4 for Int8 or 8bitFloat

reject: GlobalLoadVectorWidthB 8 must be == VectorWidth 1 or == 1
rejecting solution 
Cijk_Alik_Bjlk_I8II_BH_MT64x128x32_SN_1LDSB0_APM1_AAIGTEn1_AAILTEn1_AAV0_ABV0_ACED0_AF0EM1_AF1EM1_AMAS0_ASE_ASGT_ASLT_ASM_ASAE01_ASBE01_ASCE01_ASDE01_ASE
M1_AAC0_BL1_BS1_CUM0_CDO0_CTDA0_CLR0_DSK0_DRA0_DU32_DULD1_DTLA0_DTLB0_DTVA0_DTVB0_DAF0_DKP0_DVO0_ETSP_EPS1_ELFLR0_EMLL0_FSSC10_F16AI0_F16AIR0_FL0_GLVWA8_
GLVWB8_GR2A1_GR2B1_GRCGA1_GRCGB1_GRCVA1_GRCVB1_GRPM1_GRVW8_GSU1_GSUASB_GSUAA0_GSUSARR1_GSUWGMRR0_GLS0_ISA1201_IU1_IA0_KLA_LEL0_LBSPPA0_LBSPPB0_LPA1_LPB0_
LDL1_LR2A1_LR2B1_LRVW1_LW2A1_LW2B1_LWPMn1_LDW0_LT1_FMA_MIAV0_MTSM64_MTSM1_MDA2_MI_MO40_MVN256_MMFSC_MKFGSU256_MVN0_NR0_NTA0_NTB0_NTC0_NTD0_NEPBS0_NLCA1_N
LCB1_ONLL1_OPLV0_PBD0_PFD1_PG2_PSD0_PSLn1_PWCn1_PWLn1_PK0_PKAB0_PAP0_PAPM0_PGR1_PLR1_PKA0_RK0_SGR1_SIA1_SLW1_SS0_SU0_SUM0_SUS0_SCIU0_SCIUE0_SCIUI1_SCIUPL
0_SPO0_SRVW0_SSO0_SVW4_SK0_SKA0_SKXCCM0_SNLL0_TSGRA0_TSGRB0_TT4_8_TLDS0_UIIDU0_UMLDSA0_UMLDSB0_UMF0_U64SL1_UIOFGRO0_USFGROn1_VAW1_VSn1_VW1_VWB1_VFLRP0_WS
GRA0_WSGRB0_WS32_WG16_16_1_WGM8_WGMTB

reject: VectorWidth must be >= 4 for Int8 or 8bitFloat

reject: GlobalLoadVectorWidthB 8 must be == VectorWidth 2 or == 1
rejecting solution 
Cijk_Alik_Bjlk_I8II_BH_MT64x128x32_SN_1LDSB0_APM1_AAIGTEn1_AAILTEn1_AAV0_ABV0_ACED0_AF0EM1_AF1EM1_AMAS3_ASE_ASGT_ASLT_ASM_ASAE01_ASBE01_ASCE01_ASDE01_ASE
M1_AAC0_BL1_BS1_CUM0_CDO0_CTDA0_CLR0_DSK0_DRA0_DU32_DULD1_DTLA0_DTLB0_DTVA0_DTVB0_DAF0_DKP0_DVO0_ETSP_EPS1_ELFLR0_EMLL0_FSSC10_F16AI0_F16AIR0_FL0_GLVWA8_
GLVWB8_GR2A1_GR2B1_GRCGA1_GRCGB1_GRCVA1_GRCVB1_GRPM1_GRVW8_GSU1_GSUASB_GSUAA0_GSUSARR1_GSUWGMRR0_GLS0_ISA1201_IU1_IA0_KLA_LEL0_LBSPPA0_LBSPPB0_LPA2_LPB0_
LDL1_LR2A1_LR2B1_LRVW2_LW2A1_LW2B1_LWPMn1_LDW0_LT1_FMA_MIAV0_MTSM64_MTSM1_MDA2_MI_MO40_MVN256_MMFSC_MKFGSU256_MVN0_NR0_NTA0_NTB0_NTC0_NTD0_NEPBS0_NLCA1_N
LCB1_ONLL1_OPLV0_PBD0_PFD1_PG2_PSD0_PSLn1_PWCn1_PWLn1_PK0_PKAB0_PAP0_PAPM0_PGR1_PLR1_PKA0_RK0_SGR1_SIA1_SLW1_SS0_SU0_SUM0_SUS0_SCIU0_SCIUE0_SCIUI1_SCIUPL
0_SPO0_SRVW0_SSO0_SVW4_SK0_SKA0_SKXCCM0_SNLL0_TSGRA0_TSGRB0_TT4_8_TLDS0_UIIDU0_UMLDSA0_UMLDSB0_UMF0_U64SL1_UIOFGRO0_USFGROn1_VAW1_VSn1_VW2_VWB2_VFLRP0_WS
GRA0_WSGRB0_WS32_WG16_16_1_WGM8_WGMTB

reject: GlobalLoadVectorWidthB 8 must be == VectorWidth 4 or == 1
rejecting solution 
Cijk_Alik_Bjlk_I8II_BH_MT64x128x32_SN_1LDSB0_APM1_AAIGTEn1_AAILTEn1_AAV0_ABV0_ACED0_AF0EM1_AF1EM1_AMAS3_ASE_ASGT_ASLT_ASM_ASAE01_ASBE01_ASCE01_ASDE01_ASE
M1_AAC0_BL1_BS1_CUM0_CDO0_CTDA0_CLR0_DSK0_DRA0_DU32_DULD1_DTLA0_DTLB0_DTVA0_DTVB0_DAF0_DKP0_DVO0_ETSP_EPS1_ELFLR0_EMLL0_FSSC10_F16AI0_F16AIR0_FL0_GLVWA8_
GLVWB8_GR2A1_GR2B1_GRCGA1_GRCGB1_GRCVA1_GRCVB1_GRPM1_GRVW8_GSU1_GSUASB_GSUAA0_GSUSARR1_GSUWGMRR0_GLS0_ISA1201_IU1_IA0_KLA_LEL0_LBSPPA0_LBSPPB0_LPA4_LPB0_
LDL1_LR2A1_LR2B1_LRVW4_LW2A1_LW2B1_LWPMn1_LDW0_LT1_FMA_MIAV0_MTSM64_MTSM1_MDA2_MI_MO40_MVN256_MMFSC_MKFGSU256_MVN0_NR0_NTA0_NTB0_NTC0_NTD0_NEPBS0_NLCA1_N
LCB1_ONLL1_OPLV0_PBD0_PFD1_PG2_PSD0_PSLn1_PWCn1_PWLn1_PK0_PKAB0_PAP0_PAPM0_PGR1_PLR1_PKA0_RK0_SGR1_SIA1_SLW1_SS0_SU0_SUM0_SUS0_SCIU0_SCIUE0_SCIUI1_SCIUPL
0_SPO0_SRVW0_SSO0_SVW4_SK0_SKA0_SKXCCM0_SNLL0_TSGRA0_TSGRB0_TT4_8_TLDS0_UIIDU0_UMLDSA0_UMLDSB0_UMF0_U64SL1_UIOFGRO0_USFGROn1_VAW1_VSn1_VW4_VWB4_VFLRP0_WS
GRA0_WSGRB0_WS32_WG16_16_1_WGM8_WGMTB

reject: VectorWidth must be >= 4 for Int8 or 8bitFloat

reject: GlobalLoadVectorWidthB 16 must be == VectorWidth 1 or == 1
rejecting solution 
Cijk_Alik_Bjlk_I8II_BH_MT64x128x32_SN_1LDSB0_APM1_AAIGTEn1_AAILTEn1_AAV0_ABV0_ACED0_AF0EM1_AF1EM1_AMAS0_ASE_ASGT_ASLT_ASM_ASAE01_ASBE01_ASCE01_ASDE01_ASE
M1_AAC0_BL1_BS1_CUM0_CDO0_CTDA0_CLR0_DSK0_DRA0_DU32_DULD1_DTLA0_DTLB0_DTVA0_DTVB0_DAF0_DKP0_DVO0_ETSP_EPS1_ELFLR0_EMLL0_FSSC10_F16AI0_F16AIR0_FL0_GLVWA8_
GLVWB16_GR2A1_GR2B1_GRCGA1_GRCGB1_GRCVA1_GRCVB1_GRPM1_GRVW16_GSU1_GSUASB_GSUAA0_GSUSARR1_GSUWGMRR0_GLS0_ISA1201_IU1_IA0_KLA_LEL0_LBSPPA0_LBSPPB0_LPA1_LPB
0_LDL1_LR2A1_LR2B1_LRVW1_LW2A1_LW2B1_LWPMn1_LDW0_LT1_FMA_MIAV0_MTSM64_MTSM1_MDA2_MI_MO40_MVN256_MMFSC_MKFGSU256_MVN0_NR0_NTA0_NTB0_NTC0_NTD0_NEPBS0_NLCA1
_NLCB1_ONLL1_OPLV0_PBD0_PFD1_PG2_PSD0_PSLn1_PWCn1_PWLn1_PK0_PKAB0_PAP0_PAPM0_PGR1_PLR1_PKA0_RK0_SGR1_SIA1_SLW1_SS0_SU0_SUM0_SUS0_SCIU0_SCIUE0_SCIUI1_SCIU
PL0_SPO0_SRVW0_SSO0_SVW4_SK0_SKA0_SKXCCM0_SNLL0_TSGRA0_TSGRB0_TT4_8_TLDS0_UIIDU0_UMLDSA0_UMLDSB0_UMF0_U64SL1_UIOFGRO0_USFGROn1_VAW1_VSn1_VW1_VWB1_VFLRP0_
WSGRA0_WSGRB0_WS32_WG16_16_1_WGM8_WGMTB

reject: VectorWidth must be >= 4 for Int8 or 8bitFloat

reject: GlobalLoadVectorWidthB 16 must be == VectorWidth 2 or == 1
rejecting solution 
Cijk_Alik_Bjlk_I8II_BH_MT64x128x32_SN_1LDSB0_APM1_AAIGTEn1_AAILTEn1_AAV0_ABV0_ACED0_AF0EM1_AF1EM1_AMAS3_ASE_ASGT_ASLT_ASM_ASAE01_ASBE01_ASCE01_ASDE01_ASE
M1_AAC0_BL1_BS1_CUM0_CDO0_CTDA0_CLR0_DSK0_DRA0_DU32_DULD1_DTLA0_DTLB0_DTVA0_DTVB0_DAF0_DKP0_DVO0_ETSP_EPS1_ELFLR0_EMLL0_FSSC10_F16AI0_F16AIR0_FL0_GLVWA8_
GLVWB16_GR2A1_GR2B1_GRCGA1_GRCGB1_GRCVA1_GRCVB1_GRPM1_GRVW16_GSU1_GSUASB_GSUAA0_GSUSARR1_GSUWGMRR0_GLS0_ISA1201_IU1_IA0_KLA_LEL0_LBSPPA0_LBSPPB0_LPA2_LPB
0_LDL1_LR2A1_LR2B1_LRVW2_LW2A1_LW2B1_LWPMn1_LDW0_LT1_FMA_MIAV0_MTSM64_MTSM1_MDA2_MI_MO40_MVN256_MMFSC_MKFGSU256_MVN0_NR0_NTA0_NTB0_NTC0_NTD0_NEPBS0_NLCA1
_NLCB1_ONLL1_OPLV0_PBD0_PFD1_PG2_PSD0_PSLn1_PWCn1_PWLn1_PK0_PKAB0_PAP0_PAPM0_PGR1_PLR1_PKA0_RK0_SGR1_SIA1_SLW1_SS0_SU0_SUM0_SUS0_SCIU0_SCIUE0_SCIUI1_SCIU
PL0_SPO0_SRVW0_SSO0_SVW4_SK0_SKA0_SKXCCM0_SNLL0_TSGRA0_TSGRB0_TT4_8_TLDS0_UIIDU0_UMLDSA0_UMLDSB0_UMF0_U64SL1_UIOFGRO0_USFGROn1_VAW1_VSn1_VW2_VWB2_VFLRP0_
WSGRA0_WSGRB0_WS32_WG16_16_1_WGM8_WGMTB

reject: GlobalLoadVectorWidthB 16 must be == VectorWidth 4 or == 1
rejecting solution 
Cijk_Alik_Bjlk_I8II_BH_MT64x128x32_SN_1LDSB0_APM1_AAIGTEn1_AAILTEn1_AAV0_ABV0_ACED0_AF0EM1_AF1EM1_AMAS3_ASE_ASGT_ASLT_ASM_ASAE01_ASBE01_ASCE01_ASDE01_ASE
M1_AAC0_BL1_BS1_CUM0_CDO0_CTDA0_CLR0_DSK0_DRA0_DU32_DULD1_DTLA0_DTLB0_DTVA0_DTVB0_DAF0_DKP0_DVO0_ETSP_EPS1_ELFLR0_EMLL0_FSSC10_F16AI0_F16AIR0_FL0_GLVWA8_
GLVWB16_GR2A1_GR2B1_GRCGA1_GRCGB1_GRCVA1_GRCVB1_GRPM1_GRVW16_GSU1_GSUASB_GSUAA0_GSUSARR1_GSUWGMRR0_GLS0_ISA1201_IU1_IA0_KLA_LEL0_LBSPPA0_LBSPPB0_LPA4_LPB
0_LDL1_LR2A1_LR2B1_LRVW4_LW2A1_LW2B1_LWPMn1_LDW0_LT1_FMA_MIAV0_MTSM64_MTSM1_MDA2_MI_MO40_MVN256_MMFSC_MKFGSU256_MVN0_NR0_NTA0_NTB0_NTC0_NTD0_NEPBS0_NLCA1
_NLCB1_ONLL1_OPLV0_PBD0_PFD1_PG2_PSD0_PSLn1_PWCn1_PWLn1_PK0_PKAB0_PAP0_PAPM0_PGR1_PLR1_PKA0_RK0_SGR1_SIA1_SLW1_SS0_SU0_SUM0_SUS0_SCIU0_SCIUE0_SCIUI1_SCIU
PL0_SPO0_SRVW0_SSO0_SVW4_SK0_SKA0_SKXCCM0_SNLL0_TSGRA0_TSGRB0_TT4_8_TLDS0_UIIDU0_UMLDSA0_UMLDSB0_UMF0_U64SL1_UIOFGRO0_USFGROn1_VAW1_VSn1_VW4_VWB4_VFLRP0_
WSGRA0_WSGRB0_WS32_WG16_16_1_WGM8_WGMTB

reject: VectorWidth must be >= 4 for Int8 or 8bitFloat

reject: GlobalLoadVectorWidthB 4 must be == VectorWidth 1 or == 1
rejecting solution 
Cijk_Alik_Bjlk_I8II_BH_MT64x128x32_SN_1LDSB0_APM1_AAIGTEn1_AAILTEn1_AAV0_ABV0_ACED0_AF0EM1_AF1EM1_AMAS0_ASE_ASGT_ASLT_ASM_ASAE01_ASBE01_ASCE01_ASDE01_ASE
M1_AAC0_BL1_BS1_CUM0_CDO0_CTDA0_CLR0_DSK0_DRA0_DU32_DULD1_DTLA0_DTLB0_DTVA0_DTVB0_DAF0_DKP0_DVO0_ETSP_EPS1_ELFLR0_EMLL0_FSSC10_F16AI0_F16AIR0_FL0_GLVWA4_
GLVWB4_GR2A1_GR2B1_GRCGA1_GRCGB1_GRCVA1_GRCVB1_GRPM1_GRVW4_GSU1_GSUASB_GSUAA0_GSUSARR1_GSUWGMRR0_GLS0_ISA1201_IU1_IA0_KLA_LEL0_LBSPPA0_LBSPPB0_LPA1_LPB0_
LDL1_LR2A1_LR2B1_LRVW1_LW2A1_LW2B1_LWPMn1_LDW0_LT1_FMA_MIAV0_MTSM64_MTSM1_MDA2_MI_MO40_MVN256_MMFSC_MKFGSU256_MVN0_NR0_NTA0_NTB0_NTC0_NTD0_NEPBS0_NLCA1_N
LCB1_ONLL1_OPLV0_PBD0_PFD1_PG2_PSD0_PSLn1_PWCn1_PWLn1_PK0_PKAB0_PAP0_PAPM0_PGR1_PLR1_PKA0_RK0_SGR1_SIA1_SLW1_SS0_SU32_SUM0_SUS256_SCIU0_SCIUE0_SCIUI1_SCI
UPL0_SPO0_SRVW0_SSO0_SVW4_SK0_SKA0_SKXCCM0_SNLL0_TSGRA0_TSGRB0_TT4_8_TLDS0_UIIDU0_UMLDSA0_UMLDSB0_UMF0_U64SL1_UIOFGRO0_USFGROn1_VAW1_VSn1_VW1_VWB1_VFLRP0
_WSGRA0_WSGRB0_WS32_WG16_16_1_WGM8_WGMTB

reject: VectorWidth must be >= 4 for Int8 or 8bitFloat

reject: GlobalLoadVectorWidthB 4 must be == VectorWidth 2 or == 1
rejecting solution 
Cijk_Alik_Bjlk_I8II_BH_MT64x128x32_SN_1LDSB0_APM1_AAIGTEn1_AAILTEn1_AAV0_ABV0_ACED0_AF0EM1_AF1EM1_AMAS3_ASE_ASGT_ASLT_ASM_ASAE01_ASBE01_ASCE01_ASDE01_ASE
M1_AAC0_BL1_BS1_CUM0_CDO0_CTDA0_CLR0_DSK0_DRA0_DU32_DULD1_DTLA0_DTLB0_DTVA0_DTVB0_DAF0_DKP0_DVO0_ETSP_EPS1_ELFLR0_EMLL0_FSSC10_F16AI0_F16AIR0_FL0_GLVWA4_
GLVWB4_GR2A1_GR2B1_GRCGA1_GRCGB1_GRCVA1_GRCVB1_GRPM1_GRVW4_GSU1_GSUASB_GSUAA0_GSUSARR1_GSUWGMRR0_GLS0_ISA1201_IU1_IA0_KLA_LEL0_LBSPPA0_LBSPPB0_LPA2_LPB0_
LDL1_LR2A1_LR2B1_LRVW2_LW2A1_LW2B1_LWPMn1_LDW0_LT1_FMA_MIAV0_MTSM64_MTSM1_MDA2_MI_MO40_MVN256_MMFSC_MKFGSU256_MVN0_NR0_NTA0_NTB0_NTC0_NTD0_NEPBS0_NLCA1_N
LCB1_ONLL1_OPLV0_PBD0_PFD1_PG2_PSD0_PSLn1_PWCn1_PWLn1_PK0_PKAB0_PAP0_PAPM0_PGR1_PLR1_PKA0_RK0_SGR1_SIA1_SLW1_SS0_SU32_SUM0_SUS256_SCIU0_SCIUE0_SCIUI1_SCI
UPL0_SPO0_SRVW0_SSO0_SVW4_SK0_SKA0_SKXCCM0_SNLL0_TSGRA0_TSGRB0_TT4_8_TLDS0_UIIDU0_UMLDSA0_UMLDSB0_UMF0_U64SL1_UIOFGRO0_USFGROn1_VAW1_VSn1_VW2_VWB2_VFLRP0
_WSGRA0_WSGRB0_WS32_WG16_16_1_WGM8_WGMTB

reject: VectorWidth must be >= 4 for Int8 or 8bitFloat

reject: GlobalLoadVectorWidthB 8 must be == VectorWidth 1 or == 1
rejecting solution 
Cijk_Alik_Bjlk_I8II_BH_MT64x128x32_SN_1LDSB0_APM1_AAIGTEn1_AAILTEn1_AAV0_ABV0_ACED0_AF0EM1_AF1EM1_AMAS0_ASE_ASGT_ASLT_ASM_ASAE01_ASBE01_ASCE01_ASDE01_ASE
M1_AAC0_BL1_BS1_CUM0_CDO0_CTDA0_CLR0_DSK0_DRA0_DU32_DULD1_DTLA0_DTLB0_DTVA0_DTVB0_DAF0_DKP0_DVO0_ETSP_EPS1_ELFLR0_EMLL0_FSSC10_F16AI0_F16AIR0_FL0_GLVWA8_
GLVWB8_GR2A1_GR2B1_GRCGA1_GRCGB1_GRCVA1_GRCVB1_GRPM1_GRVW8_GSU1_GSUASB_GSUAA0_GSUSARR1_GSUWGMRR0_GLS0_ISA1201_IU1_IA0_KLA_LEL0_LBSPPA0_LBSPPB0_LPA1_LPB0_
LDL1_LR2A1_LR2B1_LRVW1_LW2A1_LW2B1_LWPMn1_LDW0_LT1_FMA_MIAV0_MTSM64_MTSM1_MDA2_MI_MO40_MVN256_MMFSC_MKFGSU256_MVN0_NR0_NTA0_NTB0_NTC0_NTD0_NEPBS0_NLCA1_N
LCB1_ONLL1_OPLV0_PBD0_PFD1_PG2_PSD0_PSLn1_PWCn1_PWLn1_PK0_PKAB0_PAP0_PAPM0_PGR1_PLR1_PKA0_RK0_SGR1_SIA1_SLW1_SS0_SU32_SUM0_SUS256_SCIU0_SCIUE0_SCIUI1_SCI
UPL0_SPO0_SRVW0_SSO0_SVW4_SK0_SKA0_SKXCCM0_SNLL0_TSGRA0_TSGRB0_TT4_8_TLDS0_UIIDU0_UMLDSA0_UMLDSB0_UMF0_U64SL1_UIOFGRO0_USFGROn1_VAW1_VSn1_VW1_VWB1_VFLRP0
_WSGRA0_WSGRB0_WS32_WG16_16_1_WGM8_WGMTB

reject: VectorWidth must be >= 4 for Int8 or 8bitFloat

reject: GlobalLoadVectorWidthB 8 must be == VectorWidth 2 or == 1
rejecting solution 
Cijk_Alik_Bjlk_I8II_BH_MT64x128x32_SN_1LDSB0_APM1_AAIGTEn1_AAILTEn1_AAV0_ABV0_ACED0_AF0EM1_AF1EM1_AMAS3_ASE_ASGT_ASLT_ASM_ASAE01_ASBE01_ASCE01_ASDE01_ASE
M1_AAC0_BL1_BS1_CUM0_CDO0_CTDA0_CLR0_DSK0_DRA0_DU32_DULD1_DTLA0_DTLB0_DTVA0_DTVB0_DAF0_DKP0_DVO0_ETSP_EPS1_ELFLR0_EMLL0_FSSC10_F16AI0_F16AIR0_FL0_GLVWA8_
GLVWB8_GR2A1_GR2B1_GRCGA1_GRCGB1_GRCVA1_GRCVB1_GRPM1_GRVW8_GSU1_GSUASB_GSUAA0_GSUSARR1_GSUWGMRR0_GLS0_ISA1201_IU1_IA0_KLA_LEL0_LBSPPA0_LBSPPB0_LPA2_LPB0_
LDL1_LR2A1_LR2B1_LRVW2_LW2A1_LW2B1_LWPMn1_LDW0_LT1_FMA_MIAV0_MTSM64_MTSM1_MDA2_MI_MO40_MVN256_MMFSC_MKFGSU256_MVN0_NR0_NTA0_NTB0_NTC0_NTD0_NEPBS0_NLCA1_N
LCB1_ONLL1_OPLV0_PBD0_PFD1_PG2_PSD0_PSLn1_PWCn1_PWLn1_PK0_PKAB0_PAP0_PAPM0_PGR1_PLR1_PKA0_RK0_SGR1_SIA1_SLW1_SS0_SU32_SUM0_SUS256_SCIU0_SCIUE0_SCIUI1_SCI
UPL0_SPO0_SRVW0_SSO0_SVW4_SK0_SKA0_SKXCCM0_SNLL0_TSGRA0_TSGRB0_TT4_8_TLDS0_UIIDU0_UMLDSA0_UMLDSB0_UMF0_U64SL1_UIOFGRO0_USFGROn1_VAW1_VSn1_VW2_VWB2_VFLRP0
_WSGRA0_WSGRB0_WS32_WG16_16_1_WGM8_WGMTB

reject: GlobalLoadVectorWidthB 8 must be == VectorWidth 4 or == 1
rejecting solution 
Cijk_Alik_Bjlk_I8II_BH_MT64x128x32_SN_1LDSB0_APM1_AAIGTEn1_AAILTEn1_AAV0_ABV0_ACED0_AF0EM1_AF1EM1_AMAS3_ASE_ASGT_ASLT_ASM_ASAE01_ASBE01_ASCE01_ASDE01_ASE
M1_AAC0_BL1_BS1_CUM0_CDO0_CTDA0_CLR0_DSK0_DRA0_DU32_DULD1_DTLA0_DTLB0_DTVA0_DTVB0_DAF0_DKP0_DVO0_ETSP_EPS1_ELFLR0_EMLL0_FSSC10_F16AI0_F16AIR0_FL0_GLVWA8_
GLVWB8_GR2A1_GR2B1_GRCGA1_GRCGB1_GRCVA1_GRCVB1_GRPM1_GRVW8_GSU1_GSUASB_GSUAA0_GSUSARR1_GSUWGMRR0_GLS0_ISA1201_IU1_IA0_KLA_LEL0_LBSPPA0_LBSPPB0_LPA4_LPB0_
LDL1_LR2A1_LR2B1_LRVW4_LW2A1_LW2B1_LWPMn1_LDW0_LT1_FMA_MIAV0_MTSM64_MTSM1_MDA2_MI_MO40_MVN256_MMFSC_MKFGSU256_MVN0_NR0_NTA0_NTB0_NTC0_NTD0_NEPBS0_NLCA1_N
LCB1_ONLL1_OPLV0_PBD0_PFD1_PG2_PSD0_PSLn1_PWCn1_PWLn1_PK0_PKAB0_PAP0_PAPM0_PGR1_PLR1_PKA0_RK0_SGR1_SIA1_SLW1_SS0_SU32_SUM0_SUS256_SCIU0_SCIUE0_SCIUI1_SCI
UPL0_SPO0_SRVW0_SSO0_SVW4_SK0_SKA0_SKXCCM0_SNLL0_TSGRA0_TSGRB0_TT4_8_TLDS0_UIIDU0_UMLDSA0_UMLDSB0_UMF0_U64SL1_UIOFGRO0_USFGROn1_VAW1_VSn1_VW4_VWB4_VFLRP0
_WSGRA0_WSGRB0_WS32_WG16_16_1_WGM8_WGMTB

reject: VectorWidth must be >= 4 for Int8 or 8bitFloat

reject: GlobalLoadVectorWidthB 16 must be == VectorWidth 1 or == 1
rejecting solution 
Cijk_Alik_Bjlk_I8II_BH_MT64x128x32_SN_1LDSB0_APM1_AAIGTEn1_AAILTEn1_AAV0_ABV0_ACED0_AF0EM1_AF1EM1_AMAS0_ASE_ASGT_ASLT_ASM_ASAE01_ASBE01_ASCE01_ASDE01_ASE
M1_AAC0_BL1_BS1_CUM0_CDO0_CTDA0_CLR0_DSK0_DRA0_DU32_DULD1_DTLA0_DTLB0_DTVA0_DTVB0_DAF0_DKP0_DVO0_ETSP_EPS1_ELFLR0_EMLL0_FSSC10_F16AI0_F16AIR0_FL0_GLVWA8_
GLVWB16_GR2A1_GR2B1_GRCGA1_GRCGB1_GRCVA1_GRCVB1_GRPM1_GRVW16_GSU1_GSUASB_GSUAA0_GSUSARR1_GSUWGMRR0_GLS0_ISA1201_IU1_IA0_KLA_LEL0_LBSPPA0_LBSPPB0_LPA1_LPB
0_LDL1_LR2A1_LR2B1_LRVW1_LW2A1_LW2B1_LWPMn1_LDW0_LT1_FMA_MIAV0_MTSM64_MTSM1_MDA2_MI_MO40_MVN256_MMFSC_MKFGSU256_MVN0_NR0_NTA0_NTB0_NTC0_NTD0_NEPBS0_NLCA1
_NLCB1_ONLL1_OPLV0_PBD0_PFD1_PG2_PSD0_PSLn1_PWCn1_PWLn1_PK0_PKAB0_PAP0_PAPM0_PGR1_PLR1_PKA0_RK0_SGR1_SIA1_SLW1_SS0_SU32_SUM0_SUS256_SCIU0_SCIUE0_SCIUI1_S
CIUPL0_SPO0_SRVW0_SSO0_SVW4_SK0_SKA0_SKXCCM0_SNLL0_TSGRA0_TSGRB0_TT4_8_TLDS0_UIIDU0_UMLDSA0_UMLDSB0_UMF0_U64SL1_UIOFGRO0_USFGROn1_VAW1_VSn1_VW1_VWB1_VFLR
P0_WSGRA0_WSGRB0_WS32_WG16_16_1_WGM8_WGMTB

reject: VectorWidth must be >= 4 for Int8 or 8bitFloat

reject: GlobalLoadVectorWidthB 16 must be == VectorWidth 2 or == 1
rejecting solution 
Cijk_Alik_Bjlk_I8II_BH_MT64x128x32_SN_1LDSB0_APM1_AAIGTEn1_AAILTEn1_AAV0_ABV0_ACED0_AF0EM1_AF1EM1_AMAS3_ASE_ASGT_ASLT_ASM_ASAE01_ASBE01_ASCE01_ASDE01_ASE
M1_AAC0_BL1_BS1_CUM0_CDO0_CTDA0_CLR0_DSK0_DRA0_DU32_DULD1_DTLA0_DTLB0_DTVA0_DTVB0_DAF0_DKP0_DVO0_ETSP_EPS1_ELFLR0_EMLL0_FSSC10_F16AI0_F16AIR0_FL0_GLVWA8_
GLVWB16_GR2A1_GR2B1_GRCGA1_GRCGB1_GRCVA1_GRCVB1_GRPM1_GRVW16_GSU1_GSUASB_GSUAA0_GSUSARR1_GSUWGMRR0_GLS0_ISA1201_IU1_IA0_KLA_LEL0_LBSPPA0_LBSPPB0_LPA2_LPB
0_LDL1_LR2A1_LR2B1_LRVW2_LW2A1_LW2B1_LWPMn1_LDW0_LT1_FMA_MIAV0_MTSM64_MTSM1_MDA2_MI_MO40_MVN256_MMFSC_MKFGSU256_MVN0_NR0_NTA0_NTB0_NTC0_NTD0_NEPBS0_NLCA1
_NLCB1_ONLL1_OPLV0_PBD0_PFD1_PG2_PSD0_PSLn1_PWCn1_PWLn1_PK0_PKAB0_PAP0_PAPM0_PGR1_PLR1_PKA0_RK0_SGR1_SIA1_SLW1_SS0_SU32_SUM0_SUS256_SCIU0_SCIUE0_SCIUI1_S
CIUPL0_SPO0_SRVW0_SSO0_SVW4_SK0_SKA0_SKXCCM0_SNLL0_TSGRA0_TSGRB0_TT4_8_TLDS0_UIIDU0_UMLDSA0_UMLDSB0_UMF0_U64SL1_UIOFGRO0_USFGROn1_VAW1_VSn1_VW2_VWB2_VFLR
P0_WSGRA0_WSGRB0_WS32_WG16_16_1_WGM8_WGMTB

reject: GlobalLoadVectorWidthB 16 must be == VectorWidth 4 or == 1
rejecting solution 
Cijk_Alik_Bjlk_I8II_BH_MT64x128x32_SN_1LDSB0_APM1_AAIGTEn1_AAILTEn1_AAV0_ABV0_ACED0_AF0EM1_AF1EM1_AMAS3_ASE_ASGT_ASLT_ASM_ASAE01_ASBE01_ASCE01_ASDE01_ASE
M1_AAC0_BL1_BS1_CUM0_CDO0_CTDA0_CLR0_DSK0_DRA0_DU32_DULD1_DTLA0_DTLB0_DTVA0_DTVB0_DAF0_DKP0_DVO0_ETSP_EPS1_ELFLR0_EMLL0_FSSC10_F16AI0_F16AIR0_FL0_GLVWA8_
GLVWB16_GR2A1_GR2B1_GRCGA1_GRCGB1_GRCVA1_GRCVB1_GRPM1_GRVW16_GSU1_GSUASB_GSUAA0_GSUSARR1_GSUWGMRR0_GLS0_ISA1201_IU1_IA0_KLA_LEL0_LBSPPA0_LBSPPB0_LPA4_LPB
0_LDL1_LR2A1_LR2B1_LRVW4_LW2A1_LW2B1_LWPMn1_LDW0_LT1_FMA_MIAV0_MTSM64_MTSM1_MDA2_MI_MO40_MVN256_MMFSC_MKFGSU256_MVN0_NR0_NTA0_NTB0_NTC0_NTD0_NEPBS0_NLCA1
_NLCB1_ONLL1_OPLV0_PBD0_PFD1_PG2_PSD0_PSLn1_PWCn1_PWLn1_PK0_PKAB0_PAP0_PAPM0_PGR1_PLR1_PKA0_RK0_SGR1_SIA1_SLW1_SS0_SU32_SUM0_SUS256_SCIU0_SCIUE0_SCIUI1_S
CIUPL0_SPO0_SRVW0_SSO0_SVW4_SK0_SKA0_SKXCCM0_SNLL0_TSGRA0_TSGRB0_TT4_8_TLDS0_UIIDU0_UMLDSA0_UMLDSB0_UMF0_U64SL1_UIOFGRO0_USFGROn1_VAW1_VSn1_VW4_VWB4_VFLR
P0_WSGRA0_WSGRB0_WS32_WG16_16_1_WGM8_WGMTB
# Actual Solutions: 20 / 324 after SolutionStructs

#    (0:0) 
Cijk_Alik_Bjlk_I8II_BH_MT64x64x16_SN_1LDSB0_APM1_AAIGTEn1_AAILTEn1_AAV0_ABV0_ACED0_AF0EM1_AF1EM1_AMAS3_ASE_ASGT_ASLT_ASM_ASAE01_ASBE01_ASCE01_ASDE01_ASEM
1_AAC0_BL1_BS1_CUM0_CDO0_CTDA0_CLR0_DSK0_DRA0_DU16_DULD1_DTLA0_DTLB0_DTVA0_DTVB0_DAF0_DKP0_DVO0_ETSP_EPS1_ELFLR0_EMLL0_FSSC10_F16AI0_F16AIR0_FL0_GLVWA4_G
LVWB4_GR2A1_GR2B1_GRCGA1_GRCGB1_GRCVA1_GRCVB1_GRPM1_GRVW4_GSU1_GSUASB_GSUAA0_GSUSARR1_GSUWGMRR0_GLS0_ISA1201_IU1_IA0_KLA_LEL0_LBSPPA0_LBSPPB0_LPA4_LPB0_L
DL1_LR2A1_LR2B1_LRVW4_LW2A1_LW2B1_LWPMn1_LDW0_LT1_FMA_MIAV0_MTSM64_MTSM1_MDA2_MI_MO40_MVN256_MMFSC_MKFGSU256_MVN0_NR0_NTA0_NTB0_NTC0_NTD0_NEPBS0_NLCA1_NL
CB1_ONLL1_OPLV0_PBD0_PFD1_PG2_PSD0_PSLn1_PWCn1_PWLn1_PK0_PKAB0_PAP0_PAPM0_PGR1_PLR1_PKA0_RK0_SGR1_SIA1_SLW1_SS0_SU0_SUM0_SUS0_SCIU0_SCIUE0_SCIUI1_SCIUPL0
_SPO0_SRVW0_SSO0_SVW4_SK0_SKA0_SKXCCM0_SNLL0_TSGRA0_TSGRB0_TT4_4_TLDS0_UIIDU0_UMLDSA0_UMLDSB0_UMF0_U64SL1_UIOFGRO0_USFGROn1_VAW1_VSn1_VW4_VWB4_VFLRP0_WSG
RA0_WSGRB0_WS32_WG16_16_1_WGM8_WGMTB
#    (0:0) 
Cijk_Alik_Bjlk_I8II_BH_MT64x64x16_SN_1LDSB0_APM1_AAIGTEn1_AAILTEn1_AAV0_ABV0_ACED0_AF0EM1_AF1EM1_AMAS3_ASE_ASGT_ASLT_ASM_ASAE01_ASBE01_ASCE01_ASDE01_ASEM
1_AAC0_BL1_BS1_CUM0_CDO0_CTDA0_CLR0_DSK0_DRA0_DU16_DULD1_DTLA0_DTLB0_DTVA0_DTVB0_DAF0_DKP0_DVO0_ETSP_EPS1_ELFLR0_EMLL0_FSSC10_F16AI0_F16AIR0_FL0_GLVWA4_G
LVWB4_GR2A1_GR2B1_GRCGA1_GRCGB1_GRCVA1_GRCVB1_GRPM1_GRVW8_GSU1_GSUASB_GSUAA0_GSUSARR1_GSUWGMRR0_GLS0_ISA1201_IU1_IA0_KLA_LEL0_LBSPPA0_LBSPPB0_LPA4_LPB0_L
DL1_LR2A1_LR2B1_LRVW4_LW2A1_LW2B1_LWPMn1_LDW0_LT1_FMA_MIAV0_MTSM64_MTSM1_MDA2_MI_MO40_MVN256_MMFSC_MKFGSU256_MVN0_NR0_NTA0_NTB0_NTC0_NTD0_NEPBS0_NLCA1_NL
CB1_ONLL1_OPLV0_PBD0_PFD1_PG2_PSD0_PSLn1_PWCn1_PWLn1_PK0_PKAB0_PAP0_PAPM0_PGR1_PLR1_PKA0_RK0_SGR1_SIA1_SLW1_SS0_SU0_SUM0_SUS0_SCIU0_SCIUE0_SCIUI1_SCIUPL0
_SPO0_SRVW0_SSO0_SVW4_SK0_SKA0_SKXCCM0_SNLL0_TSGRA0_TSGRB0_TT4_4_TLDS0_UIIDU0_UMLDSA0_UMLDSB0_UMF0_U64SL1_UIOFGRO0_USFGROn1_VAW1_VSn1_VW4_VWB4_VFLRP0_WSG
RA0_WSGRB0_WS32_WG16_16_1_WGM8_WGMTB
#    (0:0) 
Cijk_Alik_Bjlk_I8II_BH_MT64x64x16_SN_1LDSB0_APM1_AAIGTEn1_AAILTEn1_AAV0_ABV0_ACED0_AF0EM1_AF1EM1_AMAS3_ASE_ASGT_ASLT_ASM_ASAE01_ASBE01_ASCE01_ASDE01_ASEM
1_AAC0_BL1_BS1_CUM0_CDO0_CTDA0_CLR0_DSK0_DRA0_DU16_DULD1_DTLA0_DTLB0_DTVA0_DTVB0_DAF0_DKP0_DVO0_ETSP_EPS1_ELFLR0_EMLL0_FSSC10_F16AI0_F16AIR0_FL0_GLVWA4_G
LVWB4_GR2A1_GR2B1_GRCGA1_GRCGB1_GRCVA1_GRCVB1_GRPM1_GRVW16_GSU1_GSUASB_GSUAA0_GSUSARR1_GSUWGMRR0_GLS0_ISA1201_IU1_IA0_KLA_LEL0_LBSPPA0_LBSPPB0_LPA4_LPB0_
LDL1_LR2A1_LR2B1_LRVW4_LW2A1_LW2B1_LWPMn1_LDW0_LT1_FMA_MIAV0_MTSM64_MTSM1_MDA2_MI_MO40_MVN256_MMFSC_MKFGSU256_MVN0_NR0_NTA0_NTB0_NTC0_NTD0_NEPBS0_NLCA1_N
LCB1_ONLL1_OPLV0_PBD0_PFD1_PG2_PSD0_PSLn1_PWCn1_PWLn1_PK0_PKAB0_PAP0_PAPM0_PGR1_PLR1_PKA0_RK0_SGR1_SIA1_SLW1_SS0_SU0_SUM0_SUS0_SCIU0_SCIUE0_SCIUI1_SCIUPL
0_SPO0_SRVW0_SSO0_SVW4_SK0_SKA0_SKXCCM0_SNLL0_TSGRA0_TSGRB0_TT4_4_TLDS0_UIIDU0_UMLDSA0_UMLDSB0_UMF0_U64SL1_UIOFGRO0_USFGROn1_VAW1_VSn1_VW4_VWB4_VFLRP0_WS
GRA0_WSGRB0_WS32_WG16_16_1_WGM8_WGMTB
#    (0:0) 
Cijk_Alik_Bjlk_I8II_BH_MT64x64x16_SN_1LDSB0_APM1_AAIGTEn1_AAILTEn1_AAV0_ABV0_ACED0_AF0EM1_AF1EM1_AMAS3_ASE_ASGT_ASLT_ASM_ASAE01_ASBE01_ASCE01_ASDE01_ASEM
1_AAC0_BL1_BS1_CUM0_CDO0_CTDA0_CLR0_DSK0_DRA0_DU16_DULD1_DTLA0_DTLB0_DTVA0_DTVB0_DAF0_DKP0_DVO0_ETSP_EPS1_ELFLR0_EMLL0_FSSC10_F16AI0_F16AIR0_FL0_GLVWA4_G
LVWB4_GR2A1_GR2B1_GRCGA1_GRCGB1_GRCVA1_GRCVB1_GRPM1_GRVW4_GSU1_GSUASB_GSUAA0_GSUSARR1_GSUWGMRR0_GLS0_ISA1201_IU1_IA0_KLA_LEL0_LBSPPA0_LBSPPB0_LPA4_LPB0_L
DL1_LR2A1_LR2B1_LRVW4_LW2A1_LW2B1_LWPMn1_LDW0_LT1_FMA_MIAV0_MTSM64_MTSM1_MDA2_MI_MO40_MVN256_MMFSC_MKFGSU256_MVN0_NR0_NTA0_NTB0_NTC0_NTD0_NEPBS0_NLCA1_NL
CB1_ONLL1_OPLV0_PBD0_PFD1_PG2_PSD0_PSLn1_PWCn1_PWLn1_PK0_PKAB0_PAP0_PAPM0_PGR1_PLR1_PKA0_RK0_SGR1_SIA1_SLW1_SS0_SU32_SUM0_SUS256_SCIU0_SCIUE0_SCIUI1_SCIU
PL0_SPO0_SRVW0_SSO0_SVW4_SK0_SKA0_SKXCCM0_SNLL0_TSGRA0_TSGRB0_TT4_4_TLDS0_UIIDU0_UMLDSA0_UMLDSB0_UMF0_U64SL1_UIOFGRO0_USFGROn1_VAW1_VSn1_VW4_VWB4_VFLRP0_
WSGRA0_WSGRB0_WS32_WG16_16_1_WGM8_WGMTB
#    (0:0) 
Cijk_Alik_Bjlk_I8II_BH_MT64x64x16_SN_1LDSB0_APM1_AAIGTEn1_AAILTEn1_AAV0_ABV0_ACED0_AF0EM1_AF1EM1_AMAS3_ASE_ASGT_ASLT_ASM_ASAE01_ASBE01_ASCE01_ASDE01_ASEM
1_AAC0_BL1_BS1_CUM0_CDO0_CTDA0_CLR0_DSK0_DRA0_DU16_DULD1_DTLA0_DTLB0_DTVA0_DTVB0_DAF0_DKP0_DVO0_ETSP_EPS1_ELFLR0_EMLL0_FSSC10_F16AI0_F16AIR0_FL0_GLVWA4_G
LVWB4_GR2A1_GR2B1_GRCGA1_GRCGB1_GRCVA1_GRCVB1_GRPM1_GRVW8_GSU1_GSUASB_GSUAA0_GSUSARR1_GSUWGMRR0_GLS0_ISA1201_IU1_IA0_KLA_LEL0_LBSPPA0_LBSPPB0_LPA4_LPB0_L
DL1_LR2A1_LR2B1_LRVW4_LW2A1_LW2B1_LWPMn1_LDW0_LT1_FMA_MIAV0_MTSM64_MTSM1_MDA2_MI_MO40_MVN256_MMFSC_MKFGSU256_MVN0_NR0_NTA0_NTB0_NTC0_NTD0_NEPBS0_NLCA1_NL
CB1_ONLL1_OPLV0_PBD0_PFD1_PG2_PSD0_PSLn1_PWCn1_PWLn1_PK0_PKAB0_PAP0_PAPM0_PGR1_PLR1_PKA0_RK0_SGR1_SIA1_SLW1_SS0_SU32_SUM0_SUS256_SCIU0_SCIUE0_SCIUI1_SCIU
PL0_SPO0_SRVW0_SSO0_SVW4_SK0_SKA0_SKXCCM0_SNLL0_TSGRA0_TSGRB0_TT4_4_TLDS0_UIIDU0_UMLDSA0_UMLDSB0_UMF0_U64SL1_UIOFGRO0_USFGROn1_VAW1_VSn1_VW4_VWB4_VFLRP0_
WSGRA0_WSGRB0_WS32_WG16_16_1_WGM8_WGMTB
#    (0:0) 
Cijk_Alik_Bjlk_I8II_BH_MT64x64x16_SN_1LDSB0_APM1_AAIGTEn1_AAILTEn1_AAV0_ABV0_ACED0_AF0EM1_AF1EM1_AMAS3_ASE_ASGT_ASLT_ASM_ASAE01_ASBE01_ASCE01_ASDE01_ASEM
1_AAC0_BL1_BS1_CUM0_CDO0_CTDA0_CLR0_DSK0_DRA0_DU16_DULD1_DTLA0_DTLB0_DTVA0_DTVB0_DAF0_DKP0_DVO0_ETSP_EPS1_ELFLR0_EMLL0_FSSC10_F16AI0_F16AIR0_FL0_GLVWA4_G
LVWB4_GR2A1_GR2B1_GRCGA1_GRCGB1_GRCVA1_GRCVB1_GRPM1_GRVW16_GSU1_GSUASB_GSUAA0_GSUSARR1_GSUWGMRR0_GLS0_ISA1201_IU1_IA0_KLA_LEL0_LBSPPA0_LBSPPB0_LPA4_LPB0_
LDL1_LR2A1_LR2B1_LRVW4_LW2A1_LW2B1_LWPMn1_LDW0_LT1_FMA_MIAV0_MTSM64_MTSM1_MDA2_MI_MO40_MVN256_MMFSC_MKFGSU256_MVN0_NR0_NTA0_NTB0_NTC0_NTD0_NEPBS0_NLCA1_N
LCB1_ONLL1_OPLV0_PBD0_PFD1_PG2_PSD0_PSLn1_PWCn1_PWLn1_PK0_PKAB0_PAP0_PAPM0_PGR1_PLR1_PKA0_RK0_SGR1_SIA1_SLW1_SS0_SU32_SUM0_SUS256_SCIU0_SCIUE0_SCIUI1_SCI
UPL0_SPO0_SRVW0_SSO0_SVW4_SK0_SKA0_SKXCCM0_SNLL0_TSGRA0_TSGRB0_TT4_4_TLDS0_UIIDU0_UMLDSA0_UMLDSB0_UMF0_U64SL1_UIOFGRO0_USFGROn1_VAW1_VSn1_VW4_VWB4_VFLRP0
_WSGRA0_WSGRB0_WS32_WG16_16_1_WGM8_WGMTB
#    (0:0) 
Cijk_Alik_Bjlk_I8II_BH_MT128x64x16_SN_1LDSB0_APM1_AAIGTEn1_AAILTEn1_AAV0_ABV0_ACED0_AF0EM1_AF1EM1_AMAS3_ASE_ASGT_ASLT_ASM_ASAE01_ASBE01_ASCE01_ASDE01_ASE
M1_AAC0_BL1_BS1_CUM0_CDO0_CTDA0_CLR0_DSK0_DRA0_DU16_DULD1_DTLA0_DTLB0_DTVA0_DTVB0_DAF0_DKP0_DVO0_ETSP_EPS1_ELFLR0_EMLL0_FSSC10_F16AI0_F16AIR0_FL0_GLVWA4_
GLVWB4_GR2A1_GR2B1_GRCGA1_GRCGB1_GRCVA1_GRCVB1_GRPM1_GRVW4_GSU1_GSUASB_GSUAA0_GSUSARR1_GSUWGMRR0_GLS0_ISA1201_IU1_IA0_KLA_LEL0_LBSPPA0_LBSPPB0_LPA4_LPB0_
LDL1_LR2A1_LR2B1_LRVW4_LW2A1_LW2B1_LWPMn1_LDW0_LT1_FMA_MIAV0_MTSM64_MTSM1_MDA2_MI_MO40_MVN256_MMFSC_MKFGSU256_MVN0_NR0_NTA0_NTB0_NTC0_NTD0_NEPBS0_NLCA1_N
LCB1_ONLL1_OPLV0_PBD0_PFD1_PG2_PSD0_PSLn1_PWCn1_PWLn1_PK0_PKAB0_PAP0_PAPM0_PGR1_PLR1_PKA0_RK0_SGR1_SIA1_SLW1_SS0_SU0_SUM0_SUS0_SCIU0_SCIUE0_SCIUI1_SCIUPL
0_SPO0_SRVW0_SSO0_SVW4_SK0_SKA0_SKXCCM0_SNLL0_TSGRA0_TSGRB0_TT8_4_TLDS0_UIIDU0_UMLDSA0_UMLDSB0_UMF0_U64SL1_UIOFGRO0_USFGROn1_VAW1_VSn1_VW4_VWB4_VFLRP0_WS
GRA0_WSGRB0_WS32_WG16_16_1_WGM8_WGMTB
#    (0:0) 
Cijk_Alik_Bjlk_I8II_BH_MT128x64x16_SN_1LDSB0_APM1_AAIGTEn1_AAILTEn1_AAV0_ABV0_ACED0_AF0EM1_AF1EM1_AMAS3_ASE_ASGT_ASLT_ASM_ASAE01_ASBE01_ASCE01_ASDE01_ASE
M1_AAC0_BL1_BS1_CUM0_CDO0_CTDA0_CLR0_DSK0_DRA0_DU16_DULD1_DTLA0_DTLB0_DTVA0_DTVB0_DAF0_DKP0_DVO0_ETSP_EPS1_ELFLR0_EMLL0_FSSC10_F16AI0_F16AIR0_FL0_GLVWA8_
GLVWB4_GR2A1_GR2B1_GRCGA1_GRCGB1_GRCVA1_GRCVB1_GRPM1_GRVW8_GSU1_GSUASB_GSUAA0_GSUSARR1_GSUWGMRR0_GLS0_ISA1201_IU1_IA0_KLA_LEL0_LBSPPA0_LBSPPB0_LPA4_LPB0_
LDL1_LR2A1_LR2B1_LRVW4_LW2A1_LW2B1_LWPMn1_LDW0_LT1_FMA_MIAV0_MTSM64_MTSM1_MDA2_MI_MO40_MVN256_MMFSC_MKFGSU256_MVN0_NR0_NTA0_NTB0_NTC0_NTD0_NEPBS0_NLCA1_N
LCB1_ONLL1_OPLV0_PBD0_PFD1_PG2_PSD0_PSLn1_PWCn1_PWLn1_PK0_PKAB0_PAP0_PAPM0_PGR1_PLR1_PKA0_RK0_SGR1_SIA1_SLW1_SS0_SU0_SUM0_SUS0_SCIU0_SCIUE0_SCIUI1_SCIUPL
0_SPO0_SRVW0_SSO0_SVW4_SK0_SKA0_SKXCCM0_SNLL0_TSGRA0_TSGRB0_TT8_4_TLDS0_UIIDU0_UMLDSA0_UMLDSB0_UMF0_U64SL1_UIOFGRO0_USFGROn1_VAW1_VSn1_VW4_VWB4_VFLRP0_WS
GRA0_WSGRB0_WS32_WG16_16_1_WGM8_WGMTB
#    (0:0) 
Cijk_Alik_Bjlk_I8II_BH_MT128x64x16_SN_1LDSB0_APM1_AAIGTEn1_AAILTEn1_AAV0_ABV0_ACED0_AF0EM1_AF1EM1_AMAS3_ASE_ASGT_ASLT_ASM_ASAE01_ASBE01_ASCE01_ASDE01_ASE
M1_AAC0_BL1_BS1_CUM0_CDO0_CTDA0_CLR0_DSK0_DRA0_DU16_DULD1_DTLA0_DTLB0_DTVA0_DTVB0_DAF0_DKP0_DVO0_ETSP_EPS1_ELFLR0_EMLL0_FSSC10_F16AI0_F16AIR0_FL0_GLVWA8_
GLVWB4_GR2A1_GR2B1_GRCGA1_GRCGB1_GRCVA1_GRCVB1_GRPM1_GRVW16_GSU1_GSUASB_GSUAA0_GSUSARR1_GSUWGMRR0_GLS0_ISA1201_IU1_IA0_KLA_LEL0_LBSPPA0_LBSPPB0_LPA4_LPB0
_LDL1_LR2A1_LR2B1_LRVW4_LW2A1_LW2B1_LWPMn1_LDW0_LT1_FMA_MIAV0_MTSM64_MTSM1_MDA2_MI_MO40_MVN256_MMFSC_MKFGSU256_MVN0_NR0_NTA0_NTB0_NTC0_NTD0_NEPBS0_NLCA1_
NLCB1_ONLL1_OPLV0_PBD0_PFD1_PG2_PSD0_PSLn1_PWCn1_PWLn1_PK0_PKAB0_PAP0_PAPM0_PGR1_PLR1_PKA0_RK0_SGR1_SIA1_SLW1_SS0_SU0_SUM0_SUS0_SCIU0_SCIUE0_SCIUI1_SCIUP
L0_SPO0_SRVW0_SSO0_SVW4_SK0_SKA0_SKXCCM0_SNLL0_TSGRA0_TSGRB0_TT8_4_TLDS0_UIIDU0_UMLDSA0_UMLDSB0_UMF0_U64SL1_UIOFGRO0_USFGROn1_VAW1_VSn1_VW4_VWB4_VFLRP0_W
SGRA0_WSGRB0_WS32_WG16_16_1_WGM8_WGMTB
#    (0:0) 
Cijk_Alik_Bjlk_I8II_BH_MT128x64x16_SN_1LDSB0_APM1_AAIGTEn1_AAILTEn1_AAV0_ABV0_ACED0_AF0EM1_AF1EM1_AMAS3_ASE_ASGT_ASLT_ASM_ASAE01_ASBE01_ASCE01_ASDE01_ASE
M1_AAC0_BL1_BS1_CUM0_CDO0_CTDA0_CLR0_DSK0_DRA0_DU16_DULD1_DTLA0_DTLB0_DTVA0_DTVB0_DAF0_DKP0_DVO0_ETSP_EPS1_ELFLR0_EMLL0_FSSC10_F16AI0_F16AIR0_FL0_GLVWA4_
GLVWB4_GR2A1_GR2B1_GRCGA1_GRCGB1_GRCVA1_GRCVB1_GRPM1_GRVW4_GSU1_GSUASB_GSUAA0_GSUSARR1_GSUWGMRR0_GLS0_ISA1201_IU1_IA0_KLA_LEL0_LBSPPA0_LBSPPB0_LPA4_LPB0_
LDL1_LR2A1_LR2B1_LRVW4_LW2A1_LW2B1_LWPMn1_LDW0_LT1_FMA_MIAV0_MTSM64_MTSM1_MDA2_MI_MO40_MVN256_MMFSC_MKFGSU256_MVN0_NR0_NTA0_NTB0_NTC0_NTD0_NEPBS0_NLCA1_N
LCB1_ONLL1_OPLV0_PBD0_PFD1_PG2_PSD0_PSLn1_PWCn1_PWLn1_PK0_PKAB0_PAP0_PAPM0_PGR1_PLR1_PKA0_RK0_SGR1_SIA1_SLW1_SS0_SU32_SUM0_SUS256_SCIU0_SCIUE0_SCIUI1_SCI
UPL0_SPO0_SRVW0_SSO0_SVW4_SK0_SKA0_SKXCCM0_SNLL0_TSGRA0_TSGRB0_TT8_4_TLDS0_UIIDU0_UMLDSA0_UMLDSB0_UMF0_U64SL1_UIOFGRO0_USFGROn1_VAW1_VSn1_VW4_VWB4_VFLRP0
_WSGRA0_WSGRB0_WS32_WG16_16_1_WGM8_WGMTB
#    (0:0) 
Cijk_Alik_Bjlk_I8II_BH_MT128x64x16_SN_1LDSB0_APM1_AAIGTEn1_AAILTEn1_AAV0_ABV0_ACED0_AF0EM1_AF1EM1_AMAS3_ASE_ASGT_ASLT_ASM_ASAE01_ASBE01_ASCE01_ASDE01_ASE
M1_AAC0_BL1_BS1_CUM0_CDO0_CTDA0_CLR0_DSK0_DRA0_DU16_DULD1_DTLA0_DTLB0_DTVA0_DTVB0_DAF0_DKP0_DVO0_ETSP_EPS1_ELFLR0_EMLL0_FSSC10_F16AI0_F16AIR0_FL0_GLVWA8_
GLVWB4_GR2A1_GR2B1_GRCGA1_GRCGB1_GRCVA1_GRCVB1_GRPM1_GRVW8_GSU1_GSUASB_GSUAA0_GSUSARR1_GSUWGMRR0_GLS0_ISA1201_IU1_IA0_KLA_LEL0_LBSPPA0_LBSPPB0_LPA4_LPB0_
LDL1_LR2A1_LR2B1_LRVW4_LW2A1_LW2B1_LWPMn1_LDW0_LT1_FMA_MIAV0_MTSM64_MTSM1_MDA2_MI_MO40_MVN256_MMFSC_MKFGSU256_MVN0_NR0_NTA0_NTB0_NTC0_NTD0_NEPBS0_NLCA1_N
LCB1_ONLL1_OPLV0_PBD0_PFD1_PG2_PSD0_PSLn1_PWCn1_PWLn1_PK0_PKAB0_PAP0_PAPM0_PGR1_PLR1_PKA0_RK0_SGR1_SIA1_SLW1_SS0_SU32_SUM0_SUS256_SCIU0_SCIUE0_SCIUI1_SCI
UPL0_SPO0_SRVW0_SSO0_SVW4_SK0_SKA0_SKXCCM0_SNLL0_TSGRA0_TSGRB0_TT8_4_TLDS0_UIIDU0_UMLDSA0_UMLDSB0_UMF0_U64SL1_UIOFGRO0_USFGROn1_VAW1_VSn1_VW4_VWB4_VFLRP0
_WSGRA0_WSGRB0_WS32_WG16_16_1_WGM8_WGMTB
#    (0:0) 
Cijk_Alik_Bjlk_I8II_BH_MT128x64x16_SN_1LDSB0_APM1_AAIGTEn1_AAILTEn1_AAV0_ABV0_ACED0_AF0EM1_AF1EM1_AMAS3_ASE_ASGT_ASLT_ASM_ASAE01_ASBE01_ASCE01_ASDE01_ASE
M1_AAC0_BL1_BS1_CUM0_CDO0_CTDA0_CLR0_DSK0_DRA0_DU16_DULD1_DTLA0_DTLB0_DTVA0_DTVB0_DAF0_DKP0_DVO0_ETSP_EPS1_ELFLR0_EMLL0_FSSC10_F16AI0_F16AIR0_FL0_GLVWA8_
GLVWB4_GR2A1_GR2B1_GRCGA1_GRCGB1_GRCVA1_GRCVB1_GRPM1_GRVW16_GSU1_GSUASB_GSUAA0_GSUSARR1_GSUWGMRR0_GLS0_ISA1201_IU1_IA0_KLA_LEL0_LBSPPA0_LBSPPB0_LPA4_LPB0
_LDL1_LR2A1_LR2B1_LRVW4_LW2A1_LW2B1_LWPMn1_LDW0_LT1_FMA_MIAV0_MTSM64_MTSM1_MDA2_MI_MO40_MVN256_MMFSC_MKFGSU256_MVN0_NR0_NTA0_NTB0_NTC0_NTD0_NEPBS0_NLCA1_
NLCB1_ONLL1_OPLV0_PBD0_PFD1_PG2_PSD0_PSLn1_PWCn1_PWLn1_PK0_PKAB0_PAP0_PAPM0_PGR1_PLR1_PKA0_RK0_SGR1_SIA1_SLW1_SS0_SU32_SUM0_SUS256_SCIU0_SCIUE0_SCIUI1_SC
IUPL0_SPO0_SRVW0_SSO0_SVW4_SK0_SKA0_SKXCCM0_SNLL0_TSGRA0_TSGRB0_TT8_4_TLDS0_UIIDU0_UMLDSA0_UMLDSB0_UMF0_U64SL1_UIOFGRO0_USFGROn1_VAW1_VSn1_VW4_VWB4_VFLRP
0_WSGRA0_WSGRB0_WS32_WG16_16_1_WGM8_WGMTB
#    (0:0) 
Cijk_Alik_Bjlk_I8II_BH_MT64x128x16_SN_1LDSB0_APM1_AAIGTEn1_AAILTEn1_AAV0_ABV0_ACED0_AF0EM1_AF1EM1_AMAS3_ASE_ASGT_ASLT_ASM_ASAE01_ASBE01_ASCE01_ASDE01_ASE
M1_AAC0_BL1_BS1_CUM0_CDO0_CTDA0_CLR0_DSK0_DRA0_DU16_DULD1_DTLA0_DTLB0_DTVA0_DTVB0_DAF0_DKP0_DVO0_ETSP_EPS1_ELFLR0_EMLL0_FSSC10_F16AI0_F16AIR0_FL0_GLVWA4_
GLVWB4_GR2A1_GR2B1_GRCGA1_GRCGB1_GRCVA1_GRCVB1_GRPM1_GRVW4_GSU1_GSUASB_GSUAA0_GSUSARR1_GSUWGMRR0_GLS0_ISA1201_IU1_IA0_KLA_LEL0_LBSPPA0_LBSPPB0_LPA4_LPB0_
LDL1_LR2A1_LR2B1_LRVW4_LW2A1_LW2B1_LWPMn1_LDW0_LT1_FMA_MIAV0_MTSM64_MTSM1_MDA2_MI_MO40_MVN256_MMFSC_MKFGSU256_MVN0_NR0_NTA0_NTB0_NTC0_NTD0_NEPBS0_NLCA1_N
LCB1_ONLL1_OPLV0_PBD0_PFD1_PG2_PSD0_PSLn1_PWCn1_PWLn1_PK0_PKAB0_PAP0_PAPM0_PGR1_PLR1_PKA0_RK0_SGR1_SIA1_SLW1_SS0_SU0_SUM0_SUS0_SCIU0_SCIUE0_SCIUI1_SCIUPL
0_SPO0_SRVW0_SSO0_SVW4_SK0_SKA0_SKXCCM0_SNLL0_TSGRA0_TSGRB0_TT4_8_TLDS0_UIIDU0_UMLDSA0_UMLDSB0_UMF0_U64SL1_UIOFGRO0_USFGROn1_VAW1_VSn1_VW4_VWB4_VFLRP0_WS
GRA0_WSGRB0_WS32_WG16_16_1_WGM8_WGMTB
#    (0:0) 
Cijk_Alik_Bjlk_I8II_BH_MT64x128x16_SN_1LDSB0_APM1_AAIGTEn1_AAILTEn1_AAV0_ABV0_ACED0_AF0EM1_AF1EM1_AMAS3_ASE_ASGT_ASLT_ASM_ASAE01_ASBE01_ASCE01_ASDE01_ASE
M1_AAC0_BL1_BS1_CUM0_CDO0_CTDA0_CLR0_DSK0_DRA0_DU16_DULD1_DTLA0_DTLB0_DTVA0_DTVB0_DAF0_DKP0_DVO0_ETSP_EPS1_ELFLR0_EMLL0_FSSC10_F16AI0_F16AIR0_FL0_GLVWA4_
GLVWB4_GR2A1_GR2B1_GRCGA1_GRCGB1_GRCVA1_GRCVB1_GRPM1_GRVW4_GSU1_GSUASB_GSUAA0_GSUSARR1_GSUWGMRR0_GLS0_ISA1201_IU1_IA0_KLA_LEL0_LBSPPA0_LBSPPB0_LPA4_LPB0_
LDL1_LR2A1_LR2B1_LRVW4_LW2A1_LW2B1_LWPMn1_LDW0_LT1_FMA_MIAV0_MTSM64_MTSM1_MDA2_MI_MO40_MVN256_MMFSC_MKFGSU256_MVN0_NR0_NTA0_NTB0_NTC0_NTD0_NEPBS0_NLCA1_N
LCB1_ONLL1_OPLV0_PBD0_PFD1_PG2_PSD0_PSLn1_PWCn1_PWLn1_PK0_PKAB0_PAP0_PAPM0_PGR1_PLR1_PKA0_RK0_SGR1_SIA1_SLW1_SS0_SU32_SUM0_SUS256_SCIU0_SCIUE0_SCIUI1_SCI
UPL0_SPO0_SRVW0_SSO0_SVW4_SK0_SKA0_SKXCCM0_SNLL0_TSGRA0_TSGRB0_TT4_8_TLDS0_UIIDU0_UMLDSA0_UMLDSB0_UMF0_U64SL1_UIOFGRO0_USFGROn1_VAW1_VSn1_VW4_VWB4_VFLRP0
_WSGRA0_WSGRB0_WS32_WG16_16_1_WGM8_WGMTB
#    (0:0) 
Cijk_Alik_Bjlk_I8II_BH_MT64x64x32_SN_1LDSB0_APM1_AAIGTEn1_AAILTEn1_AAV0_ABV0_ACED0_AF0EM1_AF1EM1_AMAS3_ASE_ASGT_ASLT_ASM_ASAE01_ASBE01_ASCE01_ASDE01_ASEM
1_AAC0_BL1_BS1_CUM0_CDO0_CTDA0_CLR0_DSK0_DRA0_DU32_DULD1_DTLA0_DTLB0_DTVA0_DTVB0_DAF0_DKP0_DVO0_ETSP_EPS1_ELFLR0_EMLL0_FSSC10_F16AI0_F16AIR0_FL0_GLVWA4_G
LVWB4_GR2A1_GR2B1_GRCGA1_GRCGB1_GRCVA1_GRCVB1_GRPM1_GRVW4_GSU1_GSUASB_GSUAA0_GSUSARR1_GSUWGMRR0_GLS0_ISA1201_IU1_IA0_KLA_LEL0_LBSPPA0_LBSPPB0_LPA4_LPB0_L
DL1_LR2A1_LR2B1_LRVW4_LW2A1_LW2B1_LWPMn1_LDW0_LT1_FMA_MIAV0_MTSM64_MTSM1_MDA2_MI_MO40_MVN256_MMFSC_MKFGSU256_MVN0_NR0_NTA0_NTB0_NTC0_NTD0_NEPBS0_NLCA1_NL
CB1_ONLL1_OPLV0_PBD0_PFD1_PG2_PSD0_PSLn1_PWCn1_PWLn1_PK0_PKAB0_PAP0_PAPM0_PGR1_PLR1_PKA0_RK0_SGR1_SIA1_SLW1_SS0_SU0_SUM0_SUS0_SCIU0_SCIUE0_SCIUI1_SCIUPL0
_SPO0_SRVW0_SSO0_SVW4_SK0_SKA0_SKXCCM0_SNLL0_TSGRA0_TSGRB0_TT4_4_TLDS0_UIIDU0_UMLDSA0_UMLDSB0_UMF0_U64SL1_UIOFGRO0_USFGROn1_VAW1_VSn1_VW4_VWB4_VFLRP0_WSG
RA0_WSGRB0_WS32_WG16_16_1_WGM8_WGMTB
#    (0:0) 
Cijk_Alik_Bjlk_I8II_BH_MT64x64x32_SN_1LDSB0_APM1_AAIGTEn1_AAILTEn1_AAV0_ABV0_ACED0_AF0EM1_AF1EM1_AMAS3_ASE_ASGT_ASLT_ASM_ASAE01_ASBE01_ASCE01_ASDE01_ASEM
1_AAC0_BL1_BS1_CUM0_CDO0_CTDA0_CLR0_DSK0_DRA0_DU32_DULD1_DTLA0_DTLB0_DTVA0_DTVB0_DAF0_DKP0_DVO0_ETSP_EPS1_ELFLR0_EMLL0_FSSC10_F16AI0_F16AIR0_FL0_GLVWA4_G
LVWB4_GR2A1_GR2B1_GRCGA1_GRCGB1_GRCVA1_GRCVB1_GRPM1_GRVW4_GSU1_GSUASB_GSUAA0_GSUSARR1_GSUWGMRR0_GLS0_ISA1201_IU1_IA0_KLA_LEL0_LBSPPA0_LBSPPB0_LPA4_LPB0_L
DL1_LR2A1_LR2B1_LRVW4_LW2A1_LW2B1_LWPMn1_LDW0_LT1_FMA_MIAV0_MTSM64_MTSM1_MDA2_MI_MO40_MVN256_MMFSC_MKFGSU256_MVN0_NR0_NTA0_NTB0_NTC0_NTD0_NEPBS0_NLCA1_NL
CB1_ONLL1_OPLV0_PBD0_PFD1_PG2_PSD0_PSLn1_PWCn1_PWLn1_PK0_PKAB0_PAP0_PAPM0_PGR1_PLR1_PKA0_RK0_SGR1_SIA1_SLW1_SS0_SU32_SUM0_SUS256_SCIU0_SCIUE0_SCIUI1_SCIU
PL0_SPO0_SRVW0_SSO0_SVW4_SK0_SKA0_SKXCCM0_SNLL0_TSGRA0_TSGRB0_TT4_4_TLDS0_UIIDU0_UMLDSA0_UMLDSB0_UMF0_U64SL1_UIOFGRO0_USFGROn1_VAW1_VSn1_VW4_VWB4_VFLRP0_
WSGRA0_WSGRB0_WS32_WG16_16_1_WGM8_WGMTB
#    (0:0) 
Cijk_Alik_Bjlk_I8II_BH_MT128x64x32_SN_1LDSB0_APM1_AAIGTEn1_AAILTEn1_AAV0_ABV0_ACED0_AF0EM1_AF1EM1_AMAS3_ASE_ASGT_ASLT_ASM_ASAE01_ASBE01_ASCE01_ASDE01_ASE
M1_AAC0_BL1_BS1_CUM0_CDO0_CTDA0_CLR0_DSK0_DRA0_DU32_DULD1_DTLA0_DTLB0_DTVA0_DTVB0_DAF0_DKP0_DVO0_ETSP_EPS1_ELFLR0_EMLL0_FSSC10_F16AI0_F16AIR0_FL0_GLVWA4_
GLVWB4_GR2A1_GR2B1_GRCGA1_GRCGB1_GRCVA1_GRCVB1_GRPM1_GRVW4_GSU1_GSUASB_GSUAA0_GSUSARR1_GSUWGMRR0_GLS0_ISA1201_IU1_IA0_KLA_LEL0_LBSPPA0_LBSPPB0_LPA4_LPB0_
LDL1_LR2A1_LR2B1_LRVW4_LW2A1_LW2B1_LWPMn1_LDW0_LT1_FMA_MIAV0_MTSM64_MTSM1_MDA2_MI_MO40_MVN256_MMFSC_MKFGSU256_MVN0_NR0_NTA0_NTB0_NTC0_NTD0_NEPBS0_NLCA1_N
LCB1_ONLL1_OPLV0_PBD0_PFD1_PG2_PSD0_PSLn1_PWCn1_PWLn1_PK0_PKAB0_PAP0_PAPM0_PGR1_PLR1_PKA0_RK0_SGR1_SIA1_SLW1_SS0_SU0_SUM0_SUS0_SCIU0_SCIUE0_SCIUI1_SCIUPL
0_SPO0_SRVW0_SSO0_SVW4_SK0_SKA0_SKXCCM0_SNLL0_TSGRA0_TSGRB0_TT8_4_TLDS0_UIIDU0_UMLDSA0_UMLDSB0_UMF0_U64SL1_UIOFGRO0_USFGROn1_VAW1_VSn1_VW4_VWB4_VFLRP0_WS
GRA0_WSGRB0_WS32_WG16_16_1_WGM8_WGMTB
#    (0:0) 
Cijk_Alik_Bjlk_I8II_BH_MT128x64x32_SN_1LDSB0_APM1_AAIGTEn1_AAILTEn1_AAV0_ABV0_ACED0_AF0EM1_AF1EM1_AMAS3_ASE_ASGT_ASLT_ASM_ASAE01_ASBE01_ASCE01_ASDE01_ASE
M1_AAC0_BL1_BS1_CUM0_CDO0_CTDA0_CLR0_DSK0_DRA0_DU32_DULD1_DTLA0_DTLB0_DTVA0_DTVB0_DAF0_DKP0_DVO0_ETSP_EPS1_ELFLR0_EMLL0_FSSC10_F16AI0_F16AIR0_FL0_GLVWA4_
GLVWB4_GR2A1_GR2B1_GRCGA1_GRCGB1_GRCVA1_GRCVB1_GRPM1_GRVW4_GSU1_GSUASB_GSUAA0_GSUSARR1_GSUWGMRR0_GLS0_ISA1201_IU1_IA0_KLA_LEL0_LBSPPA0_LBSPPB0_LPA4_LPB0_
LDL1_LR2A1_LR2B1_LRVW4_LW2A1_LW2B1_LWPMn1_LDW0_LT1_FMA_MIAV0_MTSM64_MTSM1_MDA2_MI_MO40_MVN256_MMFSC_MKFGSU256_MVN0_NR0_NTA0_NTB0_NTC0_NTD0_NEPBS0_NLCA1_N
LCB1_ONLL1_OPLV0_PBD0_PFD1_PG2_PSD0_PSLn1_PWCn1_PWLn1_PK0_PKAB0_PAP0_PAPM0_PGR1_PLR1_PKA0_RK0_SGR1_SIA1_SLW1_SS0_SU32_SUM0_SUS256_SCIU0_SCIUE0_SCIUI1_SCI
UPL0_SPO0_SRVW0_SSO0_SVW4_SK0_SKA0_SKXCCM0_SNLL0_TSGRA0_TSGRB0_TT8_4_TLDS0_UIIDU0_UMLDSA0_UMLDSB0_UMF0_U64SL1_UIOFGRO0_USFGROn1_VAW1_VSn1_VW4_VWB4_VFLRP0
_WSGRA0_WSGRB0_WS32_WG16_16_1_WGM8_WGMTB
#    (0:0) 
Cijk_Alik_Bjlk_I8II_BH_MT64x128x32_SN_1LDSB0_APM1_AAIGTEn1_AAILTEn1_AAV0_ABV0_ACED0_AF0EM1_AF1EM1_AMAS3_ASE_ASGT_ASLT_ASM_ASAE01_ASBE01_ASCE01_ASDE01_ASE
M1_AAC0_BL1_BS1_CUM0_CDO0_CTDA0_CLR0_DSK0_DRA0_DU32_DULD1_DTLA0_DTLB0_DTVA0_DTVB0_DAF0_DKP0_DVO0_ETSP_EPS1_ELFLR0_EMLL0_FSSC10_F16AI0_F16AIR0_FL0_GLVWA4_
GLVWB4_GR2A1_GR2B1_GRCGA1_GRCGB1_GRCVA1_GRCVB1_GRPM1_GRVW4_GSU1_GSUASB_GSUAA0_GSUSARR1_GSUWGMRR0_GLS0_ISA1201_IU1_IA0_KLA_LEL0_LBSPPA0_LBSPPB0_LPA4_LPB0_
LDL1_LR2A1_LR2B1_LRVW4_LW2A1_LW2B1_LWPMn1_LDW0_LT1_FMA_MIAV0_MTSM64_MTSM1_MDA2_MI_MO40_MVN256_MMFSC_MKFGSU256_MVN0_NR0_NTA0_NTB0_NTC0_NTD0_NEPBS0_NLCA1_N
LCB1_ONLL1_OPLV0_PBD0_PFD1_PG2_PSD0_PSLn1_PWCn1_PWLn1_PK0_PKAB0_PAP0_PAPM0_PGR1_PLR1_PKA0_RK0_SGR1_SIA1_SLW1_SS0_SU0_SUM0_SUS0_SCIU0_SCIUE0_SCIUI1_SCIUPL
0_SPO0_SRVW0_SSO0_SVW4_SK0_SKA0_SKXCCM0_SNLL0_TSGRA0_TSGRB0_TT4_8_TLDS0_UIIDU0_UMLDSA0_UMLDSB0_UMF0_U64SL1_UIOFGRO0_USFGROn1_VAW1_VSn1_VW4_VWB4_VFLRP0_WS
GRA0_WSGRB0_WS32_WG16_16_1_WGM8_WGMTB
#    (0:0) 
Cijk_Alik_Bjlk_I8II_BH_MT64x128x32_SN_1LDSB0_APM1_AAIGTEn1_AAILTEn1_AAV0_ABV0_ACED0_AF0EM1_AF1EM1_AMAS3_ASE_ASGT_ASLT_ASM_ASAE01_ASBE01_ASCE01_ASDE01_ASE
M1_AAC0_BL1_BS1_CUM0_CDO0_CTDA0_CLR0_DSK0_DRA0_DU32_DULD1_DTLA0_DTLB0_DTVA0_DTVB0_DAF0_DKP0_DVO0_ETSP_EPS1_ELFLR0_EMLL0_FSSC10_F16AI0_F16AIR0_FL0_GLVWA4_
GLVWB4_GR2A1_GR2B1_GRCGA1_GRCGB1_GRCVA1_GRCVB1_GRPM1_GRVW4_GSU1_GSUASB_GSUAA0_GSUSARR1_GSUWGMRR0_GLS0_ISA1201_IU1_IA0_KLA_LEL0_LBSPPA0_LBSPPB0_LPA4_LPB0_
LDL1_LR2A1_LR2B1_LRVW4_LW2A1_LW2B1_LWPMn1_LDW0_LT1_FMA_MIAV0_MTSM64_MTSM1_MDA2_MI_MO40_MVN256_MMFSC_MKFGSU256_MVN0_NR0_NTA0_NTB0_NTC0_NTD0_NEPBS0_NLCA1_N
LCB1_ONLL1_OPLV0_PBD0_PFD1_PG2_PSD0_PSLn1_PWCn1_PWLn1_PK0_PKAB0_PAP0_PAPM0_PGR1_PLR1_PKA0_RK0_SGR1_SIA1_SLW1_SS0_SU32_SUM0_SUS256_SCIU0_SCIUE0_SCIUI1_SCI
UPL0_SPO0_SRVW0_SSO0_SVW4_SK0_SKA0_SKXCCM0_SNLL0_TSGRA0_TSGRB0_TT4_8_TLDS0_UIIDU0_UMLDSA0_UMLDSB0_UMF0_U64SL1_UIOFGRO0_USFGROn1_VAW1_VSn1_VW4_VWB4_VFLRP0
_WSGRA0_WSGRB0_WS32_WG16_16_1_WGM8_WGMTB
################################################################################
Finding unique solutions:   0%|          | 0/20 [00:00<?, ?it/s]Finding unique solutions: 100%|██████████| 20/20 [00:00<00:00, 15682.57it/s]
# Writing Kernels...
Generating kernels: 12 thread(s), 20 tasks:   0%|          | 0/20 [00:00<?, ?it/s]Generating kernels: 12 thread(s), 20 tasks: 100%|██████████| 20/20 [00:00<00:00, 1837.75it/s]
total vgpr count: 49

write_assemblyFilename /home/iamthecage/out-v2/i8gemm_tt/1_BenchmarkProblems/Cijk_Alik_Bjlk_I8II_BH_00/00_Final/source/build_tmp/SOURCE/assembly/Cijk_Alik_Bjlk_I8II_BH_MT64x64x16_SN_GLVWA4_GRVWmmrJRpycxAQarkPS89JK2WCY6m2Lo7LKpoVOeG4lWnY=.s
Assemble command: /opt/rocm/bin/amdclang++ -x assembler -target amdgcn-amd-amdhsa -mcode-object-version=4 -mcpu=gfx1201 -mno-wavefrontsize64 -c -o 
/home/iamthecage/out-v2/i8gemm_tt/1_BenchmarkProblems/Cijk_Alik_Bjlk_I8II_BH_00/00_Final/source/build_tmp/SOURCE/assembly/Cijk_Alik_Bjlk_I8II_BH_MT64x64x
16_SN_GLVWA4_GRVWmmrJRpycxAQarkPS89JK2WCY6m2Lo7LKpoVOeG4lWnY=.o 
/home/iamthecage/out-v2/i8gemm_tt/1_BenchmarkProblems/Cijk_Alik_Bjlk_I8II_BH_00/00_Final/source/build_tmp/SOURCE/assembly/Cijk_Alik_Bjlk_I8II_BH_MT64x64x
16_SN_GLVWA4_GRVWmmrJRpycxAQarkPS89JK2WCY6m2Lo7LKpoVOeG4lWnY=.s && 
b''
Single Code Object File: /opt/rocm/bin/amdclang++ -target amdgcn-amd-amdhsa -Xlinker --build-id -o 
/home/iamthecage/out-v2/i8gemm_tt/1_BenchmarkProblems/Cijk_Alik_Bjlk_I8II_BH_00/00_Final/source/build_tmp/SOURCE/assembly/Cijk_Alik_Bjlk_I8II_BH_MT64x64x
16_SN_GLVWA4_GRVWmmrJRpycxAQarkPS89JK2WCY6m2Lo7LKpoVOeG4lWnY=.co 
/home/iamthecage/out-v2/i8gemm_tt/1_BenchmarkProblems/Cijk_Alik_Bjlk_I8II_BH_00/00_Final/source/build_tmp/SOURCE/assembly/Cijk_Alik_Bjlk_I8II_BH_MT64x64x
16_SN_GLVWA4_GRVWmmrJRpycxAQarkPS89JK2WCY6m2Lo7LKpoVOeG4lWnY=.o
b''
total vgpr count: 49

write_assemblyFilename /home/iamthecage/out-v2/i8gemm_tt/1_BenchmarkProblems/Cijk_Alik_Bjlk_I8II_BH_00/00_Final/source/build_tmp/SOURCE/assembly/Cijk_Alik_Bjlk_I8II_BH_MT64x64x16_SN_GLVWA4_GRVWbw9MXoITAIbvDaeXHdxTH0zYGWjO5Hbj4WXPUtV_QtM=.s
Assemble command: /opt/rocm/bin/amdclang++ -x assembler -target amdgcn-amd-amdhsa -mcode-object-version=4 -mcpu=gfx1201 -mno-wavefrontsize64 -c -o 
/home/iamthecage/out-v2/i8gemm_tt/1_BenchmarkProblems/Cijk_Alik_Bjlk_I8II_BH_00/00_Final/source/build_tmp/SOURCE/assembly/Cijk_Alik_Bjlk_I8II_BH_MT64x64x
16_SN_GLVWA4_GRVWbw9MXoITAIbvDaeXHdxTH0zYGWjO5Hbj4WXPUtV_QtM=.o 
/home/iamthecage/out-v2/i8gemm_tt/1_BenchmarkProblems/Cijk_Alik_Bjlk_I8II_BH_00/00_Final/source/build_tmp/SOURCE/assembly/Cijk_Alik_Bjlk_I8II_BH_MT64x64x
16_SN_GLVWA4_GRVWbw9MXoITAIbvDaeXHdxTH0zYGWjO5Hbj4WXPUtV_QtM=.s && 
total vgpr count: 79

write_assemblyFilename /home/iamthecage/out-v2/i8gemm_tt/1_BenchmarkProblems/Cijk_Alik_Bjlk_I8II_BH_00/00_Final/source/build_tmp/SOURCE/assembly/Cijk_Alik_Bjlk_I8II_BH_MT128x64x16_SN_GLVWA8_GRVGHOMTQWdoAjtx0KCS9RLWXMJDv71UbKC1pRYzwJi91o=.s
Assemble command: /opt/rocm/bin/amdclang++ -x assembler -target amdgcn-amd-amdhsa -mcode-object-version=4 -mcpu=gfx1201 -mno-wavefrontsize64 -c -o 
/home/iamthecage/out-v2/i8gemm_tt/1_BenchmarkProblems/Cijk_Alik_Bjlk_I8II_BH_00/00_Final/source/build_tmp/SOURCE/assembly/Cijk_Alik_Bjlk_I8II_BH_MT128x64
x16_SN_GLVWA8_GRVGHOMTQWdoAjtx0KCS9RLWXMJDv71UbKC1pRYzwJi91o=.o 
/home/iamthecage/out-v2/i8gemm_tt/1_BenchmarkProblems/Cijk_Alik_Bjlk_I8II_BH_00/00_Final/source/build_tmp/SOURCE/assembly/Cijk_Alik_Bjlk_I8II_BH_MT128x64
x16_SN_GLVWA8_GRVGHOMTQWdoAjtx0KCS9RLWXMJDv71UbKC1pRYzwJi91o=.s && 
total vgpr count: 75

total vgpr count: 49

b''
Single Code Object File: /opt/rocm/bin/amdclang++ -target amdgcn-amd-amdhsa -Xlinker --build-id -o 
/home/iamthecage/out-v2/i8gemm_tt/1_BenchmarkProblems/Cijk_Alik_Bjlk_I8II_BH_00/00_Final/source/build_tmp/SOURCE/assembly/Cijk_Alik_Bjlk_I8II_BH_MT64x64x
16_SN_GLVWA4_GRVWbw9MXoITAIbvDaeXHdxTH0zYGWjO5Hbj4WXPUtV_QtM=.co 
/home/iamthecage/out-v2/i8gemm_tt/1_BenchmarkProblems/Cijk_Alik_Bjlk_I8II_BH_00/00_Final/source/build_tmp/SOURCE/assembly/Cijk_Alik_Bjlk_I8II_BH_MT64x64x
16_SN_GLVWA4_GRVWbw9MXoITAIbvDaeXHdxTH0zYGWjO5Hbj4WXPUtV_QtM=.o
write_assemblyFilename /home/iamthecage/out-v2/i8gemm_tt/1_BenchmarkProblems/Cijk_Alik_Bjlk_I8II_BH_00/00_Final/source/build_tmp/SOURCE/assembly/Cijk_Alik_Bjlk_I8II_BH_MT128x64x16_SN_GLVWA4_GRVlzhZMBn4yXsLv0E95MWgnZKxC-2zmJlwPn2dfDB1cKU=.s
Assemble command: /opt/rocm/bin/amdclang++ -x assembler -target amdgcn-amd-amdhsa -mcode-object-version=4 -mcpu=gfx1201 -mno-wavefrontsize64 -c -o 
/home/iamthecage/out-v2/i8gemm_tt/1_BenchmarkProblems/Cijk_Alik_Bjlk_I8II_BH_00/00_Final/source/build_tmp/SOURCE/assembly/Cijk_Alik_Bjlk_I8II_BH_MT128x64
x16_SN_GLVWA4_GRVlzhZMBn4yXsLv0E95MWgnZKxC-2zmJlwPn2dfDB1cKU=.o 
/home/iamthecage/out-v2/i8gemm_tt/1_BenchmarkProblems/Cijk_Alik_Bjlk_I8II_BH_00/00_Final/source/build_tmp/SOURCE/assembly/Cijk_Alik_Bjlk_I8II_BH_MT128x64
x16_SN_GLVWA4_GRVlzhZMBn4yXsLv0E95MWgnZKxC-2zmJlwPn2dfDB1cKU=.s && 
total vgpr count: 49

total vgpr count: 79

write_assemblyFilename /home/iamthecage/out-v2/i8gemm_tt/1_BenchmarkProblems/Cijk_Alik_Bjlk_I8II_BH_00/00_Final/source/build_tmp/SOURCE/assembly/Cijk_Alik_Bjlk_I8II_BH_MT64x64x16_SN_GLVWA4_GRVWYVPtQX1_74pWfs1TDXFksNYmIfGH4f6QL7QWUVJmvl0=.s
Assemble command: /opt/rocm/bin/amdclang++ -x assembler -target amdgcn-amd-amdhsa -mcode-object-version=4 -mcpu=gfx1201 -mno-wavefrontsize64 -c -o 
/home/iamthecage/out-v2/i8gemm_tt/1_BenchmarkProblems/Cijk_Alik_Bjlk_I8II_BH_00/00_Final/source/build_tmp/SOURCE/assembly/Cijk_Alik_Bjlk_I8II_BH_MT64x64x
16_SN_GLVWA4_GRVWYVPtQX1_74pWfs1TDXFksNYmIfGH4f6QL7QWUVJmvl0=.o 
/home/iamthecage/out-v2/i8gemm_tt/1_BenchmarkProblems/Cijk_Alik_Bjlk_I8II_BH_00/00_Final/source/build_tmp/SOURCE/assembly/Cijk_Alik_Bjlk_I8II_BH_MT64x64x
16_SN_GLVWA4_GRVWYVPtQX1_74pWfs1TDXFksNYmIfGH4f6QL7QWUVJmvl0=.s && 
write_assemblyFilename /home/iamthecage/out-v2/i8gemm_tt/1_BenchmarkProblems/Cijk_Alik_Bjlk_I8II_BH_00/00_Final/source/build_tmp/SOURCE/assembly/Cijk_Alik_Bjlk_I8II_BH_MT64x64x16_SN_GLVWA4_GRVWLuyn3yE2ozLj8YzBQ4rFUA6f_Aw0sqKSvcmcjgmAJtY=.s
Assemble command: /opt/rocm/bin/amdclang++ -x assembler -target amdgcn-amd-amdhsa -mcode-object-version=4 -mcpu=gfx1201 -mno-wavefrontsize64 -c -o 
/home/iamthecage/out-v2/i8gemm_tt/1_BenchmarkProblems/Cijk_Alik_Bjlk_I8II_BH_00/00_Final/source/build_tmp/SOURCE/assembly/Cijk_Alik_Bjlk_I8II_BH_MT64x64x
16_SN_GLVWA4_GRVWLuyn3yE2ozLj8YzBQ4rFUA6f_Aw0sqKSvcmcjgmAJtY=.o 
/home/iamthecage/out-v2/i8gemm_tt/1_BenchmarkProblems/Cijk_Alik_Bjlk_I8II_BH_00/00_Final/source/build_tmp/SOURCE/assembly/Cijk_Alik_Bjlk_I8II_BH_MT64x64x
16_SN_GLVWA4_GRVWLuyn3yE2ozLj8YzBQ4rFUA6f_Aw0sqKSvcmcjgmAJtY=.s && 
write_assemblyFilename /home/iamthecage/out-v2/i8gemm_tt/1_BenchmarkProblems/Cijk_Alik_Bjlk_I8II_BH_00/00_Final/source/build_tmp/SOURCE/assembly/Cijk_Alik_Bjlk_I8II_BH_MT128x64x16_SN_GLVWA8_GRVKV3ClQYrL6yUa1D8j0RaGXxU6J78OWtVq2d4-VTxUXk=.s
Assemble command: /opt/rocm/bin/amdclang++ -x assembler -target amdgcn-amd-amdhsa -mcode-object-version=4 -mcpu=gfx1201 -mno-wavefrontsize64 -c -o 
/home/iamthecage/out-v2/i8gemm_tt/1_BenchmarkProblems/Cijk_Alik_Bjlk_I8II_BH_00/00_Final/source/build_tmp/SOURCE/assembly/Cijk_Alik_Bjlk_I8II_BH_MT128x64
x16_SN_GLVWA8_GRVKV3ClQYrL6yUa1D8j0RaGXxU6J78OWtVq2d4-VTxUXk=.o 
/home/iamthecage/out-v2/i8gemm_tt/1_BenchmarkProblems/Cijk_Alik_Bjlk_I8II_BH_00/00_Final/source/build_tmp/SOURCE/assembly/Cijk_Alik_Bjlk_I8II_BH_MT128x64
x16_SN_GLVWA8_GRVKV3ClQYrL6yUa1D8j0RaGXxU6J78OWtVq2d4-VTxUXk=.s && 
total vgpr count: 49

b''
Single Code Object File: /opt/rocm/bin/amdclang++ -target amdgcn-amd-amdhsa -Xlinker --build-id -o 
/home/iamthecage/out-v2/i8gemm_tt/1_BenchmarkProblems/Cijk_Alik_Bjlk_I8II_BH_00/00_Final/source/build_tmp/SOURCE/assembly/Cijk_Alik_Bjlk_I8II_BH_MT128x64
x16_SN_GLVWA8_GRVGHOMTQWdoAjtx0KCS9RLWXMJDv71UbKC1pRYzwJi91o=.co 
/home/iamthecage/out-v2/i8gemm_tt/1_BenchmarkProblems/Cijk_Alik_Bjlk_I8II_BH_00/00_Final/source/build_tmp/SOURCE/assembly/Cijk_Alik_Bjlk_I8II_BH_MT128x64
x16_SN_GLVWA8_GRVGHOMTQWdoAjtx0KCS9RLWXMJDv71UbKC1pRYzwJi91o=.o
total vgpr count: 75

b''
write_assemblyFilename /home/iamthecage/out-v2/i8gemm_tt/1_BenchmarkProblems/Cijk_Alik_Bjlk_I8II_BH_00/00_Final/source/build_tmp/SOURCE/assembly/Cijk_Alik_Bjlk_I8II_BH_MT64x64x16_SN_GLVWA4_GRVWrWt2_wuemqu-9803bri-pqH0_xxcB9ADm2wb4W8sTaQ=.s
Assemble command: /opt/rocm/bin/amdclang++ -x assembler -target amdgcn-amd-amdhsa -mcode-object-version=4 -mcpu=gfx1201 -mno-wavefrontsize64 -c -o 
/home/iamthecage/out-v2/i8gemm_tt/1_BenchmarkProblems/Cijk_Alik_Bjlk_I8II_BH_00/00_Final/source/build_tmp/SOURCE/assembly/Cijk_Alik_Bjlk_I8II_BH_MT64x64x
16_SN_GLVWA4_GRVWrWt2_wuemqu-9803bri-pqH0_xxcB9ADm2wb4W8sTaQ=.o 
/home/iamthecage/out-v2/i8gemm_tt/1_BenchmarkProblems/Cijk_Alik_Bjlk_I8II_BH_00/00_Final/source/build_tmp/SOURCE/assembly/Cijk_Alik_Bjlk_I8II_BH_MT64x64x
16_SN_GLVWA4_GRVWrWt2_wuemqu-9803bri-pqH0_xxcB9ADm2wb4W8sTaQ=.s && 
total vgpr count: 79

write_assemblyFilename /home/iamthecage/out-v2/i8gemm_tt/1_BenchmarkProblems/Cijk_Alik_Bjlk_I8II_BH_00/00_Final/source/build_tmp/SOURCE/assembly/Cijk_Alik_Bjlk_I8II_BH_MT128x64x16_SN_GLVWA4_GRVVQcSa8CZz_HvhOT6OgW8FYgjemEgZKIcTrcpW5JR0Gc=.s
Assemble command: /opt/rocm/bin/amdclang++ -x assembler -target amdgcn-amd-amdhsa -mcode-object-version=4 -mcpu=gfx1201 -mno-wavefrontsize64 -c -o 
/home/iamthecage/out-v2/i8gemm_tt/1_BenchmarkProblems/Cijk_Alik_Bjlk_I8II_BH_00/00_Final/source/build_tmp/SOURCE/assembly/Cijk_Alik_Bjlk_I8II_BH_MT128x64
x16_SN_GLVWA4_GRVVQcSa8CZz_HvhOT6OgW8FYgjemEgZKIcTrcpW5JR0Gc=.o 
/home/iamthecage/out-v2/i8gemm_tt/1_BenchmarkProblems/Cijk_Alik_Bjlk_I8II_BH_00/00_Final/source/build_tmp/SOURCE/assembly/Cijk_Alik_Bjlk_I8II_BH_MT128x64
x16_SN_GLVWA4_GRVVQcSa8CZz_HvhOT6OgW8FYgjemEgZKIcTrcpW5JR0Gc=.s && 
b''
b''
Single Code Object File: /opt/rocm/bin/amdclang++ -target amdgcn-amd-amdhsa -Xlinker --build-id -o 
/home/iamthecage/out-v2/i8gemm_tt/1_BenchmarkProblems/Cijk_Alik_Bjlk_I8II_BH_00/00_Final/source/build_tmp/SOURCE/assembly/Cijk_Alik_Bjlk_I8II_BH_MT64x64x
16_SN_GLVWA4_GRVWYVPtQX1_74pWfs1TDXFksNYmIfGH4f6QL7QWUVJmvl0=.co 
/home/iamthecage/out-v2/i8gemm_tt/1_BenchmarkProblems/Cijk_Alik_Bjlk_I8II_BH_00/00_Final/source/build_tmp/SOURCE/assembly/Cijk_Alik_Bjlk_I8II_BH_MT64x64x
16_SN_GLVWA4_GRVWYVPtQX1_74pWfs1TDXFksNYmIfGH4f6QL7QWUVJmvl0=.o
write_assemblyFilename /home/iamthecage/out-v2/i8gemm_tt/1_BenchmarkProblems/Cijk_Alik_Bjlk_I8II_BH_00/00_Final/source/build_tmp/SOURCE/assembly/Cijk_Alik_Bjlk_I8II_BH_MT128x64x16_SN_GLVWA8_GRVQHyKe_3PoCa4rglNaPjvBs8IMIYTfaCf76G-yth1yHI=.s
Assemble command: /opt/rocm/bin/amdclang++ -x assembler -target amdgcn-amd-amdhsa -mcode-object-version=4 -mcpu=gfx1201 -mno-wavefrontsize64 -c -o 
/home/iamthecage/out-v2/i8gemm_tt/1_BenchmarkProblems/Cijk_Alik_Bjlk_I8II_BH_00/00_Final/source/build_tmp/SOURCE/assembly/Cijk_Alik_Bjlk_I8II_BH_MT128x64
x16_SN_GLVWA8_GRVQHyKe_3PoCa4rglNaPjvBs8IMIYTfaCf76G-yth1yHI=.o 
/home/iamthecage/out-v2/i8gemm_tt/1_BenchmarkProblems/Cijk_Alik_Bjlk_I8II_BH_00/00_Final/source/build_tmp/SOURCE/assembly/Cijk_Alik_Bjlk_I8II_BH_MT128x64
x16_SN_GLVWA8_GRVQHyKe_3PoCa4rglNaPjvBs8IMIYTfaCf76G-yth1yHI=.s && 
b''
b''
Single Code Object File: /opt/rocm/bin/amdclang++ -target amdgcn-amd-amdhsa -Xlinker --build-id -o 
/home/iamthecage/out-v2/i8gemm_tt/1_BenchmarkProblems/Cijk_Alik_Bjlk_I8II_BH_00/00_Final/source/build_tmp/SOURCE/assembly/Cijk_Alik_Bjlk_I8II_BH_MT64x64x
16_SN_GLVWA4_GRVWLuyn3yE2ozLj8YzBQ4rFUA6f_Aw0sqKSvcmcjgmAJtY=.co 
/home/iamthecage/out-v2/i8gemm_tt/1_BenchmarkProblems/Cijk_Alik_Bjlk_I8II_BH_00/00_Final/source/build_tmp/SOURCE/assembly/Cijk_Alik_Bjlk_I8II_BH_MT64x64x
16_SN_GLVWA4_GRVWLuyn3yE2ozLj8YzBQ4rFUA6f_Aw0sqKSvcmcjgmAJtY=.o
Single Code Object File: /opt/rocm/bin/amdclang++ -target amdgcn-amd-amdhsa -Xlinker --build-id -o 
/home/iamthecage/out-v2/i8gemm_tt/1_BenchmarkProblems/Cijk_Alik_Bjlk_I8II_BH_00/00_Final/source/build_tmp/SOURCE/assembly/Cijk_Alik_Bjlk_I8II_BH_MT128x64
x16_SN_GLVWA4_GRVlzhZMBn4yXsLv0E95MWgnZKxC-2zmJlwPn2dfDB1cKU=.co 
/home/iamthecage/out-v2/i8gemm_tt/1_BenchmarkProblems/Cijk_Alik_Bjlk_I8II_BH_00/00_Final/source/build_tmp/SOURCE/assembly/Cijk_Alik_Bjlk_I8II_BH_MT128x64
x16_SN_GLVWA4_GRVlzhZMBn4yXsLv0E95MWgnZKxC-2zmJlwPn2dfDB1cKU=.o
total vgpr count: 79

b''
Single Code Object File: /opt/rocm/bin/amdclang++ -target amdgcn-amd-amdhsa -Xlinker --build-id -o 
/home/iamthecage/out-v2/i8gemm_tt/1_BenchmarkProblems/Cijk_Alik_Bjlk_I8II_BH_00/00_Final/source/build_tmp/SOURCE/assembly/Cijk_Alik_Bjlk_I8II_BH_MT128x64
x16_SN_GLVWA8_GRVKV3ClQYrL6yUa1D8j0RaGXxU6J78OWtVq2d4-VTxUXk=.co 
/home/iamthecage/out-v2/i8gemm_tt/1_BenchmarkProblems/Cijk_Alik_Bjlk_I8II_BH_00/00_Final/source/build_tmp/SOURCE/assembly/Cijk_Alik_Bjlk_I8II_BH_MT128x64
x16_SN_GLVWA8_GRVKV3ClQYrL6yUa1D8j0RaGXxU6J78OWtVq2d4-VTxUXk=.o
b''
b''
write_assemblyFilename /home/iamthecage/out-v2/i8gemm_tt/1_BenchmarkProblems/Cijk_Alik_Bjlk_I8II_BH_00/00_Final/source/build_tmp/SOURCE/assembly/Cijk_Alik_Bjlk_I8II_BH_MT128x64x16_SN_GLVWA8_GRVtwnqlbzXsj-j_qN44lVlbL9ZGfx0ds8ZSmgyG8Ao_TM=.s
Assemble command: /opt/rocm/bin/amdclang++ -x assembler -target amdgcn-amd-amdhsa -mcode-object-version=4 -mcpu=gfx1201 -mno-wavefrontsize64 -c -o 
/home/iamthecage/out-v2/i8gemm_tt/1_BenchmarkProblems/Cijk_Alik_Bjlk_I8II_BH_00/00_Final/source/build_tmp/SOURCE/assembly/Cijk_Alik_Bjlk_I8II_BH_MT128x64
x16_SN_GLVWA8_GRVtwnqlbzXsj-j_qN44lVlbL9ZGfx0ds8ZSmgyG8Ao_TM=.o 
/home/iamthecage/out-v2/i8gemm_tt/1_BenchmarkProblems/Cijk_Alik_Bjlk_I8II_BH_00/00_Final/source/build_tmp/SOURCE/assembly/Cijk_Alik_Bjlk_I8II_BH_MT128x64
x16_SN_GLVWA8_GRVtwnqlbzXsj-j_qN44lVlbL9ZGfx0ds8ZSmgyG8Ao_TM=.s && 
b''
Single Code Object File: /opt/rocm/bin/amdclang++ -target amdgcn-amd-amdhsa -Xlinker --build-id -o 
/home/iamthecage/out-v2/i8gemm_tt/1_BenchmarkProblems/Cijk_Alik_Bjlk_I8II_BH_00/00_Final/source/build_tmp/SOURCE/assembly/Cijk_Alik_Bjlk_I8II_BH_MT64x64x
16_SN_GLVWA4_GRVWrWt2_wuemqu-9803bri-pqH0_xxcB9ADm2wb4W8sTaQ=.co 
/home/iamthecage/out-v2/i8gemm_tt/1_BenchmarkProblems/Cijk_Alik_Bjlk_I8II_BH_00/00_Final/source/build_tmp/SOURCE/assembly/Cijk_Alik_Bjlk_I8II_BH_MT64x64x
16_SN_GLVWA4_GRVWrWt2_wuemqu-9803bri-pqH0_xxcB9ADm2wb4W8sTaQ=.o
b''
b''
b''
Single Code Object File: /opt/rocm/bin/amdclang++ -target amdgcn-amd-amdhsa -Xlinker --build-id -o 
/home/iamthecage/out-v2/i8gemm_tt/1_BenchmarkProblems/Cijk_Alik_Bjlk_I8II_BH_00/00_Final/source/build_tmp/SOURCE/assembly/Cijk_Alik_Bjlk_I8II_BH_MT128x64
x16_SN_GLVWA4_GRVVQcSa8CZz_HvhOT6OgW8FYgjemEgZKIcTrcpW5JR0Gc=.co 
/home/iamthecage/out-v2/i8gemm_tt/1_BenchmarkProblems/Cijk_Alik_Bjlk_I8II_BH_00/00_Final/source/build_tmp/SOURCE/assembly/Cijk_Alik_Bjlk_I8II_BH_MT128x64
x16_SN_GLVWA4_GRVVQcSa8CZz_HvhOT6OgW8FYgjemEgZKIcTrcpW5JR0Gc=.o
b''
Single Code Object File: /opt/rocm/bin/amdclang++ -target amdgcn-amd-amdhsa -Xlinker --build-id -o 
/home/iamthecage/out-v2/i8gemm_tt/1_BenchmarkProblems/Cijk_Alik_Bjlk_I8II_BH_00/00_Final/source/build_tmp/SOURCE/assembly/Cijk_Alik_Bjlk_I8II_BH_MT128x64
x16_SN_GLVWA8_GRVQHyKe_3PoCa4rglNaPjvBs8IMIYTfaCf76G-yth1yHI=.co 
/home/iamthecage/out-v2/i8gemm_tt/1_BenchmarkProblems/Cijk_Alik_Bjlk_I8II_BH_00/00_Final/source/build_tmp/SOURCE/assembly/Cijk_Alik_Bjlk_I8II_BH_MT128x64
x16_SN_GLVWA8_GRVQHyKe_3PoCa4rglNaPjvBs8IMIYTfaCf76G-yth1yHI=.o
b''
b''
b''
Single Code Object File: /opt/rocm/bin/amdclang++ -target amdgcn-amd-amdhsa -Xlinker --build-id -o 
/home/iamthecage/out-v2/i8gemm_tt/1_BenchmarkProblems/Cijk_Alik_Bjlk_I8II_BH_00/00_Final/source/build_tmp/SOURCE/assembly/Cijk_Alik_Bjlk_I8II_BH_MT128x64
x16_SN_GLVWA8_GRVtwnqlbzXsj-j_qN44lVlbL9ZGfx0ds8ZSmgyG8Ao_TM=.co 
/home/iamthecage/out-v2/i8gemm_tt/1_BenchmarkProblems/Cijk_Alik_Bjlk_I8II_BH_00/00_Final/source/build_tmp/SOURCE/assembly/Cijk_Alik_Bjlk_I8II_BH_MT128x64
x16_SN_GLVWA8_GRVtwnqlbzXsj-j_qN44lVlbL9ZGfx0ds8ZSmgyG8Ao_TM=.o
b''
b''
total vgpr count: 74

write_assemblyFilename /home/iamthecage/out-v2/i8gemm_tt/1_BenchmarkProblems/Cijk_Alik_Bjlk_I8II_BH_00/00_Final/source/build_tmp/SOURCE/assembly/Cijk_Alik_Bjlk_I8II_BH_MT64x128x16_SN_GLVWA4_GRVw9lbGzx94Wi95_ACxtY62UWw6x-wBnNua8Xq5hTYUw4=.s
Assemble command: /opt/rocm/bin/amdclang++ -x assembler -target amdgcn-amd-amdhsa -mcode-object-version=4 -mcpu=gfx1201 -mno-wavefrontsize64 -c -o 
/home/iamthecage/out-v2/i8gemm_tt/1_BenchmarkProblems/Cijk_Alik_Bjlk_I8II_BH_00/00_Final/source/build_tmp/SOURCE/assembly/Cijk_Alik_Bjlk_I8II_BH_MT64x128
x16_SN_GLVWA4_GRVw9lbGzx94Wi95_ACxtY62UWw6x-wBnNua8Xq5hTYUw4=.o 
/home/iamthecage/out-v2/i8gemm_tt/1_BenchmarkProblems/Cijk_Alik_Bjlk_I8II_BH_00/00_Final/source/build_tmp/SOURCE/assembly/Cijk_Alik_Bjlk_I8II_BH_MT64x128
x16_SN_GLVWA4_GRVw9lbGzx94Wi95_ACxtY62UWw6x-wBnNua8Xq5hTYUw4=.s && 
total vgpr count: 49

write_assemblyFilename /home/iamthecage/out-v2/i8gemm_tt/1_BenchmarkProblems/Cijk_Alik_Bjlk_I8II_BH_00/00_Final/source/build_tmp/SOURCE/assembly/Cijk_Alik_Bjlk_I8II_BH_MT64x64x16_SN_GLVWA4_GRVWtlaPyp_mhjNm9wbiuwtSX60EXW4i7-HXvohuRqYZg7c=.s
Assemble command: /opt/rocm/bin/amdclang++ -x assembler -target amdgcn-amd-amdhsa -mcode-object-version=4 -mcpu=gfx1201 -mno-wavefrontsize64 -c -o 
/home/iamthecage/out-v2/i8gemm_tt/1_BenchmarkProblems/Cijk_Alik_Bjlk_I8II_BH_00/00_Final/source/build_tmp/SOURCE/assembly/Cijk_Alik_Bjlk_I8II_BH_MT64x64x
16_SN_GLVWA4_GRVWtlaPyp_mhjNm9wbiuwtSX60EXW4i7-HXvohuRqYZg7c=.o 
/home/iamthecage/out-v2/i8gemm_tt/1_BenchmarkProblems/Cijk_Alik_Bjlk_I8II_BH_00/00_Final/source/build_tmp/SOURCE/assembly/Cijk_Alik_Bjlk_I8II_BH_MT64x64x
16_SN_GLVWA4_GRVWtlaPyp_mhjNm9wbiuwtSX60EXW4i7-HXvohuRqYZg7c=.s && 
b''
Single Code Object File: /opt/rocm/bin/amdclang++ -target amdgcn-amd-amdhsa -Xlinker --build-id -o 
/home/iamthecage/out-v2/i8gemm_tt/1_BenchmarkProblems/Cijk_Alik_Bjlk_I8II_BH_00/00_Final/source/build_tmp/SOURCE/assembly/Cijk_Alik_Bjlk_I8II_BH_MT64x64x
16_SN_GLVWA4_GRVWtlaPyp_mhjNm9wbiuwtSX60EXW4i7-HXvohuRqYZg7c=.co 
/home/iamthecage/out-v2/i8gemm_tt/1_BenchmarkProblems/Cijk_Alik_Bjlk_I8II_BH_00/00_Final/source/build_tmp/SOURCE/assembly/Cijk_Alik_Bjlk_I8II_BH_MT64x64x
16_SN_GLVWA4_GRVWtlaPyp_mhjNm9wbiuwtSX60EXW4i7-HXvohuRqYZg7c=.o
b''
Single Code Object File: /opt/rocm/bin/amdclang++ -target amdgcn-amd-amdhsa -Xlinker --build-id -o 
/home/iamthecage/out-v2/i8gemm_tt/1_BenchmarkProblems/Cijk_Alik_Bjlk_I8II_BH_00/00_Final/source/build_tmp/SOURCE/assembly/Cijk_Alik_Bjlk_I8II_BH_MT64x128
x16_SN_GLVWA4_GRVw9lbGzx94Wi95_ACxtY62UWw6x-wBnNua8Xq5hTYUw4=.co 
/home/iamthecage/out-v2/i8gemm_tt/1_BenchmarkProblems/Cijk_Alik_Bjlk_I8II_BH_00/00_Final/source/build_tmp/SOURCE/assembly/Cijk_Alik_Bjlk_I8II_BH_MT64x128
x16_SN_GLVWA4_GRVw9lbGzx94Wi95_ACxtY62UWw6x-wBnNua8Xq5hTYUw4=.o
b''
b''
total vgpr count: 74

write_assemblyFilename /home/iamthecage/out-v2/i8gemm_tt/1_BenchmarkProblems/Cijk_Alik_Bjlk_I8II_BH_00/00_Final/source/build_tmp/SOURCE/assembly/Cijk_Alik_Bjlk_I8II_BH_MT64x128x16_SN_GLVWA4_GRV7jvv_82VBgf9lk9-7BF7ITPKi7O8aVDA5_pySG-1ghc=.s
Assemble command: /opt/rocm/bin/amdclang++ -x assembler -target amdgcn-amd-amdhsa -mcode-object-version=4 -mcpu=gfx1201 -mno-wavefrontsize64 -c -o 
/home/iamthecage/out-v2/i8gemm_tt/1_BenchmarkProblems/Cijk_Alik_Bjlk_I8II_BH_00/00_Final/source/build_tmp/SOURCE/assembly/Cijk_Alik_Bjlk_I8II_BH_MT64x128
x16_SN_GLVWA4_GRV7jvv_82VBgf9lk9-7BF7ITPKi7O8aVDA5_pySG-1ghc=.o 
/home/iamthecage/out-v2/i8gemm_tt/1_BenchmarkProblems/Cijk_Alik_Bjlk_I8II_BH_00/00_Final/source/build_tmp/SOURCE/assembly/Cijk_Alik_Bjlk_I8II_BH_MT64x128
x16_SN_GLVWA4_GRV7jvv_82VBgf9lk9-7BF7ITPKi7O8aVDA5_pySG-1ghc=.s && 
total vgpr count: 54

write_assemblyFilename /home/iamthecage/out-v2/i8gemm_tt/1_BenchmarkProblems/Cijk_Alik_Bjlk_I8II_BH_00/00_Final/source/build_tmp/SOURCE/assembly/Cijk_Alik_Bjlk_I8II_BH_MT64x64x32_SN_GLVWA4_GRVWmmrJRpycxAQarkPS89JK2WCY6m2Lo7LKpoVOeG4lWnY=.s
Assemble command: /opt/rocm/bin/amdclang++ -x assembler -target amdgcn-amd-amdhsa -mcode-object-version=4 -mcpu=gfx1201 -mno-wavefrontsize64 -c -o 
/home/iamthecage/out-v2/i8gemm_tt/1_BenchmarkProblems/Cijk_Alik_Bjlk_I8II_BH_00/00_Final/source/build_tmp/SOURCE/assembly/Cijk_Alik_Bjlk_I8II_BH_MT64x64x
32_SN_GLVWA4_GRVWmmrJRpycxAQarkPS89JK2WCY6m2Lo7LKpoVOeG4lWnY=.o 
/home/iamthecage/out-v2/i8gemm_tt/1_BenchmarkProblems/Cijk_Alik_Bjlk_I8II_BH_00/00_Final/source/build_tmp/SOURCE/assembly/Cijk_Alik_Bjlk_I8II_BH_MT64x64x
32_SN_GLVWA4_GRVWmmrJRpycxAQarkPS89JK2WCY6m2Lo7LKpoVOeG4lWnY=.s && 
total vgpr count: 54

b''
total vgpr count: 84

Single Code Object File: /opt/rocm/bin/amdclang++ -target amdgcn-amd-amdhsa -Xlinker --build-id -o 
/home/iamthecage/out-v2/i8gemm_tt/1_BenchmarkProblems/Cijk_Alik_Bjlk_I8II_BH_00/00_Final/source/build_tmp/SOURCE/assembly/Cijk_Alik_Bjlk_I8II_BH_MT64x128
x16_SN_GLVWA4_GRV7jvv_82VBgf9lk9-7BF7ITPKi7O8aVDA5_pySG-1ghc=.co 
/home/iamthecage/out-v2/i8gemm_tt/1_BenchmarkProblems/Cijk_Alik_Bjlk_I8II_BH_00/00_Final/source/build_tmp/SOURCE/assembly/Cijk_Alik_Bjlk_I8II_BH_MT64x128
x16_SN_GLVWA4_GRV7jvv_82VBgf9lk9-7BF7ITPKi7O8aVDA5_pySG-1ghc=.o
total vgpr count: 82

write_assemblyFilename /home/iamthecage/out-v2/i8gemm_tt/1_BenchmarkProblems/Cijk_Alik_Bjlk_I8II_BH_00/00_Final/source/build_tmp/SOURCE/assembly/Cijk_Alik_Bjlk_I8II_BH_MT64x64x32_SN_GLVWA4_GRVWrWt2_wuemqu-9803bri-pqH0_xxcB9ADm2wb4W8sTaQ=.s
Assemble command: /opt/rocm/bin/amdclang++ -x assembler -target amdgcn-amd-amdhsa -mcode-object-version=4 -mcpu=gfx1201 -mno-wavefrontsize64 -c -o 
/home/iamthecage/out-v2/i8gemm_tt/1_BenchmarkProblems/Cijk_Alik_Bjlk_I8II_BH_00/00_Final/source/build_tmp/SOURCE/assembly/Cijk_Alik_Bjlk_I8II_BH_MT64x64x
32_SN_GLVWA4_GRVWrWt2_wuemqu-9803bri-pqH0_xxcB9ADm2wb4W8sTaQ=.o 
/home/iamthecage/out-v2/i8gemm_tt/1_BenchmarkProblems/Cijk_Alik_Bjlk_I8II_BH_00/00_Final/source/build_tmp/SOURCE/assembly/Cijk_Alik_Bjlk_I8II_BH_MT64x64x
32_SN_GLVWA4_GRVWrWt2_wuemqu-9803bri-pqH0_xxcB9ADm2wb4W8sTaQ=.s && 
write_assemblyFilename /home/iamthecage/out-v2/i8gemm_tt/1_BenchmarkProblems/Cijk_Alik_Bjlk_I8II_BH_00/00_Final/source/build_tmp/SOURCE/assembly/Cijk_Alik_Bjlk_I8II_BH_MT128x64x32_SN_GLVWA4_GRVlzhZMBn4yXsLv0E95MWgnZKxC-2zmJlwPn2dfDB1cKU=.s
Assemble command: /opt/rocm/bin/amdclang++ -x assembler -target amdgcn-amd-amdhsa -mcode-object-version=4 -mcpu=gfx1201 -mno-wavefrontsize64 -c -o 
/home/iamthecage/out-v2/i8gemm_tt/1_BenchmarkProblems/Cijk_Alik_Bjlk_I8II_BH_00/00_Final/source/build_tmp/SOURCE/assembly/Cijk_Alik_Bjlk_I8II_BH_MT128x64
x32_SN_GLVWA4_GRVlzhZMBn4yXsLv0E95MWgnZKxC-2zmJlwPn2dfDB1cKU=.o 
/home/iamthecage/out-v2/i8gemm_tt/1_BenchmarkProblems/Cijk_Alik_Bjlk_I8II_BH_00/00_Final/source/build_tmp/SOURCE/assembly/Cijk_Alik_Bjlk_I8II_BH_MT128x64
x32_SN_GLVWA4_GRVlzhZMBn4yXsLv0E95MWgnZKxC-2zmJlwPn2dfDB1cKU=.s && 
b''
write_assemblyFilename /home/iamthecage/out-v2/i8gemm_tt/1_BenchmarkProblems/Cijk_Alik_Bjlk_I8II_BH_00/00_Final/source/build_tmp/SOURCE/assembly/Cijk_Alik_Bjlk_I8II_BH_MT64x128x32_SN_GLVWA4_GRVw9lbGzx94Wi95_ACxtY62UWw6x-wBnNua8Xq5hTYUw4=.s
Assemble command: /opt/rocm/bin/amdclang++ -x assembler -target amdgcn-amd-amdhsa -mcode-object-version=4 -mcpu=gfx1201 -mno-wavefrontsize64 -c -o 
/home/iamthecage/out-v2/i8gemm_tt/1_BenchmarkProblems/Cijk_Alik_Bjlk_I8II_BH_00/00_Final/source/build_tmp/SOURCE/assembly/Cijk_Alik_Bjlk_I8II_BH_MT64x128
x32_SN_GLVWA4_GRVw9lbGzx94Wi95_ACxtY62UWw6x-wBnNua8Xq5hTYUw4=.o 
/home/iamthecage/out-v2/i8gemm_tt/1_BenchmarkProblems/Cijk_Alik_Bjlk_I8II_BH_00/00_Final/source/build_tmp/SOURCE/assembly/Cijk_Alik_Bjlk_I8II_BH_MT64x128
x32_SN_GLVWA4_GRVw9lbGzx94Wi95_ACxtY62UWw6x-wBnNua8Xq5hTYUw4=.s && 
b''
Single Code Object File: /opt/rocm/bin/amdclang++ -target amdgcn-amd-amdhsa -Xlinker --build-id -o 
/home/iamthecage/out-v2/i8gemm_tt/1_BenchmarkProblems/Cijk_Alik_Bjlk_I8II_BH_00/00_Final/source/build_tmp/SOURCE/assembly/Cijk_Alik_Bjlk_I8II_BH_MT64x64x
32_SN_GLVWA4_GRVWmmrJRpycxAQarkPS89JK2WCY6m2Lo7LKpoVOeG4lWnY=.co 
/home/iamthecage/out-v2/i8gemm_tt/1_BenchmarkProblems/Cijk_Alik_Bjlk_I8II_BH_00/00_Final/source/build_tmp/SOURCE/assembly/Cijk_Alik_Bjlk_I8II_BH_MT64x64x
32_SN_GLVWA4_GRVWmmrJRpycxAQarkPS89JK2WCY6m2Lo7LKpoVOeG4lWnY=.o
total vgpr count: 84

total vgpr count: 82

b''
b''
Single Code Object File: /opt/rocm/bin/amdclang++ -target amdgcn-amd-amdhsa -Xlinker --build-id -o 
/home/iamthecage/out-v2/i8gemm_tt/1_BenchmarkProblems/Cijk_Alik_Bjlk_I8II_BH_00/00_Final/source/build_tmp/SOURCE/assembly/Cijk_Alik_Bjlk_I8II_BH_MT64x64x
32_SN_GLVWA4_GRVWrWt2_wuemqu-9803bri-pqH0_xxcB9ADm2wb4W8sTaQ=.co 
/home/iamthecage/out-v2/i8gemm_tt/1_BenchmarkProblems/Cijk_Alik_Bjlk_I8II_BH_00/00_Final/source/build_tmp/SOURCE/assembly/Cijk_Alik_Bjlk_I8II_BH_MT64x64x
32_SN_GLVWA4_GRVWrWt2_wuemqu-9803bri-pqH0_xxcB9ADm2wb4W8sTaQ=.o
write_assemblyFilename /home/iamthecage/out-v2/i8gemm_tt/1_BenchmarkProblems/Cijk_Alik_Bjlk_I8II_BH_00/00_Final/source/build_tmp/SOURCE/assembly/Cijk_Alik_Bjlk_I8II_BH_MT128x64x32_SN_GLVWA4_GRVVQcSa8CZz_HvhOT6OgW8FYgjemEgZKIcTrcpW5JR0Gc=.s
Assemble command: /opt/rocm/bin/amdclang++ -x assembler -target amdgcn-amd-amdhsa -mcode-object-version=4 -mcpu=gfx1201 -mno-wavefrontsize64 -c -o 
/home/iamthecage/out-v2/i8gemm_tt/1_BenchmarkProblems/Cijk_Alik_Bjlk_I8II_BH_00/00_Final/source/build_tmp/SOURCE/assembly/Cijk_Alik_Bjlk_I8II_BH_MT128x64
x32_SN_GLVWA4_GRVVQcSa8CZz_HvhOT6OgW8FYgjemEgZKIcTrcpW5JR0Gc=.o 
/home/iamthecage/out-v2/i8gemm_tt/1_BenchmarkProblems/Cijk_Alik_Bjlk_I8II_BH_00/00_Final/source/build_tmp/SOURCE/assembly/Cijk_Alik_Bjlk_I8II_BH_MT128x64
x32_SN_GLVWA4_GRVVQcSa8CZz_HvhOT6OgW8FYgjemEgZKIcTrcpW5JR0Gc=.s && 
write_assemblyFilename /home/iamthecage/out-v2/i8gemm_tt/1_BenchmarkProblems/Cijk_Alik_Bjlk_I8II_BH_00/00_Final/source/build_tmp/SOURCE/assembly/Cijk_Alik_Bjlk_I8II_BH_MT64x128x32_SN_GLVWA4_GRV7jvv_82VBgf9lk9-7BF7ITPKi7O8aVDA5_pySG-1ghc=.s
Assemble command: /opt/rocm/bin/amdclang++ -x assembler -target amdgcn-amd-amdhsa -mcode-object-version=4 -mcpu=gfx1201 -mno-wavefrontsize64 -c -o 
/home/iamthecage/out-v2/i8gemm_tt/1_BenchmarkProblems/Cijk_Alik_Bjlk_I8II_BH_00/00_Final/source/build_tmp/SOURCE/assembly/Cijk_Alik_Bjlk_I8II_BH_MT64x128
x32_SN_GLVWA4_GRV7jvv_82VBgf9lk9-7BF7ITPKi7O8aVDA5_pySG-1ghc=.o 
/home/iamthecage/out-v2/i8gemm_tt/1_BenchmarkProblems/Cijk_Alik_Bjlk_I8II_BH_00/00_Final/source/build_tmp/SOURCE/assembly/Cijk_Alik_Bjlk_I8II_BH_MT64x128
x32_SN_GLVWA4_GRV7jvv_82VBgf9lk9-7BF7ITPKi7O8aVDA5_pySG-1ghc=.s && 
b''
b''
b''
Single Code Object File: /opt/rocm/bin/amdclang++ -target amdgcn-amd-amdhsa -Xlinker --build-id -o 
/home/iamthecage/out-v2/i8gemm_tt/1_BenchmarkProblems/Cijk_Alik_Bjlk_I8II_BH_00/00_Final/source/build_tmp/SOURCE/assembly/Cijk_Alik_Bjlk_I8II_BH_MT128x64
x32_SN_GLVWA4_GRVlzhZMBn4yXsLv0E95MWgnZKxC-2zmJlwPn2dfDB1cKU=.co 
/home/iamthecage/out-v2/i8gemm_tt/1_BenchmarkProblems/Cijk_Alik_Bjlk_I8II_BH_00/00_Final/source/build_tmp/SOURCE/assembly/Cijk_Alik_Bjlk_I8II_BH_MT128x64
x32_SN_GLVWA4_GRVlzhZMBn4yXsLv0E95MWgnZKxC-2zmJlwPn2dfDB1cKU=.o
Single Code Object File: /opt/rocm/bin/amdclang++ -target amdgcn-amd-amdhsa -Xlinker --build-id -o 
/home/iamthecage/out-v2/i8gemm_tt/1_BenchmarkProblems/Cijk_Alik_Bjlk_I8II_BH_00/00_Final/source/build_tmp/SOURCE/assembly/Cijk_Alik_Bjlk_I8II_BH_MT64x128
x32_SN_GLVWA4_GRVw9lbGzx94Wi95_ACxtY62UWw6x-wBnNua8Xq5hTYUw4=.co 
/home/iamthecage/out-v2/i8gemm_tt/1_BenchmarkProblems/Cijk_Alik_Bjlk_I8II_BH_00/00_Final/source/build_tmp/SOURCE/assembly/Cijk_Alik_Bjlk_I8II_BH_MT64x128
x32_SN_GLVWA4_GRVw9lbGzx94Wi95_ACxtY62UWw6x-wBnNua8Xq5hTYUw4=.o
b''
b''
b''
Single Code Object File: /opt/rocm/bin/amdclang++ -target amdgcn-amd-amdhsa -Xlinker --build-id -o 
/home/iamthecage/out-v2/i8gemm_tt/1_BenchmarkProblems/Cijk_Alik_Bjlk_I8II_BH_00/00_Final/source/build_tmp/SOURCE/assembly/Cijk_Alik_Bjlk_I8II_BH_MT128x64
x32_SN_GLVWA4_GRVVQcSa8CZz_HvhOT6OgW8FYgjemEgZKIcTrcpW5JR0Gc=.co 
/home/iamthecage/out-v2/i8gemm_tt/1_BenchmarkProblems/Cijk_Alik_Bjlk_I8II_BH_00/00_Final/source/build_tmp/SOURCE/assembly/Cijk_Alik_Bjlk_I8II_BH_MT128x64
x32_SN_GLVWA4_GRVVQcSa8CZz_HvhOT6OgW8FYgjemEgZKIcTrcpW5JR0Gc=.o
b''
Single Code Object File: /opt/rocm/bin/amdclang++ -target amdgcn-amd-amdhsa -Xlinker --build-id -o 
/home/iamthecage/out-v2/i8gemm_tt/1_BenchmarkProblems/Cijk_Alik_Bjlk_I8II_BH_00/00_Final/source/build_tmp/SOURCE/assembly/Cijk_Alik_Bjlk_I8II_BH_MT64x128
x32_SN_GLVWA4_GRV7jvv_82VBgf9lk9-7BF7ITPKi7O8aVDA5_pySG-1ghc=.co 
/home/iamthecage/out-v2/i8gemm_tt/1_BenchmarkProblems/Cijk_Alik_Bjlk_I8II_BH_00/00_Final/source/build_tmp/SOURCE/assembly/Cijk_Alik_Bjlk_I8II_BH_MT64x128
x32_SN_GLVWA4_GRV7jvv_82VBgf9lk9-7BF7ITPKi7O8aVDA5_pySG-1ghc=.o
b''
b''
Filtering processing errors: 0it [00:00, ?it/s]Filtering processing errors: 20it [00:00, 586615.94it/s]
> UserWarning: Kernel file context manager opened without any kernel files.
Compiling source kernels: 0it [00:00, ?it/s]Compiling source kernels: 0it [00:00, ?it/s]
Relocating code objects: 0it [00:00, ?it/s]Relocating code objects: 20it [00:00, 40960.00it/s]
> UserWarning: Code object files are not compressed in `--no-merge-files` build mode.
# Kernel Building elapsed time = 2.9 secs
# Actual Solutions: 20 / 20 after KernelWriter

+ ERR=0
+ /home/iamthecage/rocm-libraries/shared/tensile/next-cmake/build/tensile-client --config-file /home/iamthecage/out-v2/i8gemm_tt/1_BenchmarkProblems/Cijk_Alik_Bjlk_I8II_BH_00/00_Final/build/../source/ClientParameters.ini
loading config file /home/iamthecage/out-v2/i8gemm_tt/1_BenchmarkProblems/Cijk_Alik_Bjlk_I8II_BH_00/00_Final/build/../source/ClientParameters.ini
Loading /home/iamthecage/out-v2/i8gemm_tt/1_BenchmarkProblems/Cijk_Alik_Bjlk_I8II_BH_00/00_Final/source/library/Cijk_Alik_Bjlk_I8II_BH_MT64x64x16_SN_GLVWA4_GRVWmmrJRpycxAQarkPS89JK2WCY6m2Lo7LKpoVOeG4lWnY=_gfx1201.co
Loading /home/iamthecage/out-v2/i8gemm_tt/1_BenchmarkProblems/Cijk_Alik_Bjlk_I8II_BH_00/00_Final/source/library/Cijk_Alik_Bjlk_I8II_BH_MT64x64x16_SN_GLVWA4_GRVWbw9MXoITAIbvDaeXHdxTH0zYGWjO5Hbj4WXPUtV_QtM=_gfx1201.co
Loading /home/iamthecage/out-v2/i8gemm_tt/1_BenchmarkProblems/Cijk_Alik_Bjlk_I8II_BH_00/00_Final/source/library/Cijk_Alik_Bjlk_I8II_BH_MT64x64x16_SN_GLVWA4_GRVWYVPtQX1_74pWfs1TDXFksNYmIfGH4f6QL7QWUVJmvl0=_gfx1201.co
Loading /home/iamthecage/out-v2/i8gemm_tt/1_BenchmarkProblems/Cijk_Alik_Bjlk_I8II_BH_00/00_Final/source/library/Cijk_Alik_Bjlk_I8II_BH_MT64x64x16_SN_GLVWA4_GRVWrWt2_wuemqu-9803bri-pqH0_xxcB9ADm2wb4W8sTaQ=_gfx1201.co
Loading /home/iamthecage/out-v2/i8gemm_tt/1_BenchmarkProblems/Cijk_Alik_Bjlk_I8II_BH_00/00_Final/source/library/Cijk_Alik_Bjlk_I8II_BH_MT64x64x16_SN_GLVWA4_GRVWLuyn3yE2ozLj8YzBQ4rFUA6f_Aw0sqKSvcmcjgmAJtY=_gfx1201.co
Loading /home/iamthecage/out-v2/i8gemm_tt/1_BenchmarkProblems/Cijk_Alik_Bjlk_I8II_BH_00/00_Final/source/library/Cijk_Alik_Bjlk_I8II_BH_MT64x64x16_SN_GLVWA4_GRVWtlaPyp_mhjNm9wbiuwtSX60EXW4i7-HXvohuRqYZg7c=_gfx1201.co
Loading /home/iamthecage/out-v2/i8gemm_tt/1_BenchmarkProblems/Cijk_Alik_Bjlk_I8II_BH_00/00_Final/source/library/Cijk_Alik_Bjlk_I8II_BH_MT128x64x16_SN_GLVWA4_GRVlzhZMBn4yXsLv0E95MWgnZKxC-2zmJlwPn2dfDB1cKU=_gfx1201.co
Loading /home/iamthecage/out-v2/i8gemm_tt/1_BenchmarkProblems/Cijk_Alik_Bjlk_I8II_BH_00/00_Final/source/library/Cijk_Alik_Bjlk_I8II_BH_MT128x64x16_SN_GLVWA8_GRVQHyKe_3PoCa4rglNaPjvBs8IMIYTfaCf76G-yth1yHI=_gfx1201.co
Loading /home/iamthecage/out-v2/i8gemm_tt/1_BenchmarkProblems/Cijk_Alik_Bjlk_I8II_BH_00/00_Final/source/library/Cijk_Alik_Bjlk_I8II_BH_MT128x64x16_SN_GLVWA8_GRVGHOMTQWdoAjtx0KCS9RLWXMJDv71UbKC1pRYzwJi91o=_gfx1201.co
Loading /home/iamthecage/out-v2/i8gemm_tt/1_BenchmarkProblems/Cijk_Alik_Bjlk_I8II_BH_00/00_Final/source/library/Cijk_Alik_Bjlk_I8II_BH_MT128x64x16_SN_GLVWA4_GRVVQcSa8CZz_HvhOT6OgW8FYgjemEgZKIcTrcpW5JR0Gc=_gfx1201.co
Loading /home/iamthecage/out-v2/i8gemm_tt/1_BenchmarkProblems/Cijk_Alik_Bjlk_I8II_BH_00/00_Final/source/library/Cijk_Alik_Bjlk_I8II_BH_MT128x64x16_SN_GLVWA8_GRVtwnqlbzXsj-j_qN44lVlbL9ZGfx0ds8ZSmgyG8Ao_TM=_gfx1201.co
Loading /home/iamthecage/out-v2/i8gemm_tt/1_BenchmarkProblems/Cijk_Alik_Bjlk_I8II_BH_00/00_Final/source/library/Cijk_Alik_Bjlk_I8II_BH_MT128x64x16_SN_GLVWA8_GRVKV3ClQYrL6yUa1D8j0RaGXxU6J78OWtVq2d4-VTxUXk=_gfx1201.co
Loading /home/iamthecage/out-v2/i8gemm_tt/1_BenchmarkProblems/Cijk_Alik_Bjlk_I8II_BH_00/00_Final/source/library/Cijk_Alik_Bjlk_I8II_BH_MT64x128x16_SN_GLVWA4_GRVw9lbGzx94Wi95_ACxtY62UWw6x-wBnNua8Xq5hTYUw4=_gfx1201.co
Loading /home/iamthecage/out-v2/i8gemm_tt/1_BenchmarkProblems/Cijk_Alik_Bjlk_I8II_BH_00/00_Final/source/library/Cijk_Alik_Bjlk_I8II_BH_MT64x128x16_SN_GLVWA4_GRV7jvv_82VBgf9lk9-7BF7ITPKi7O8aVDA5_pySG-1ghc=_gfx1201.co
Loading /home/iamthecage/out-v2/i8gemm_tt/1_BenchmarkProblems/Cijk_Alik_Bjlk_I8II_BH_00/00_Final/source/library/Cijk_Alik_Bjlk_I8II_BH_MT64x64x32_SN_GLVWA4_GRVWmmrJRpycxAQarkPS89JK2WCY6m2Lo7LKpoVOeG4lWnY=_gfx1201.co
Loading /home/iamthecage/out-v2/i8gemm_tt/1_BenchmarkProblems/Cijk_Alik_Bjlk_I8II_BH_00/00_Final/source/library/Cijk_Alik_Bjlk_I8II_BH_MT64x64x32_SN_GLVWA4_GRVWrWt2_wuemqu-9803bri-pqH0_xxcB9ADm2wb4W8sTaQ=_gfx1201.co
Loading /home/iamthecage/out-v2/i8gemm_tt/1_BenchmarkProblems/Cijk_Alik_Bjlk_I8II_BH_00/00_Final/source/library/Cijk_Alik_Bjlk_I8II_BH_MT128x64x32_SN_GLVWA4_GRVlzhZMBn4yXsLv0E95MWgnZKxC-2zmJlwPn2dfDB1cKU=_gfx1201.co
Loading /home/iamthecage/out-v2/i8gemm_tt/1_BenchmarkProblems/Cijk_Alik_Bjlk_I8II_BH_00/00_Final/source/library/Cijk_Alik_Bjlk_I8II_BH_MT128x64x32_SN_GLVWA4_GRVVQcSa8CZz_HvhOT6OgW8FYgjemEgZKIcTrcpW5JR0Gc=_gfx1201.co
Loading /home/iamthecage/out-v2/i8gemm_tt/1_BenchmarkProblems/Cijk_Alik_Bjlk_I8II_BH_00/00_Final/source/library/Cijk_Alik_Bjlk_I8II_BH_MT64x128x32_SN_GLVWA4_GRVw9lbGzx94Wi95_ACxtY62UWw6x-wBnNua8Xq5hTYUw4=_gfx1201.co
Loading /home/iamthecage/out-v2/i8gemm_tt/1_BenchmarkProblems/Cijk_Alik_Bjlk_I8II_BH_00/00_Final/source/library/Cijk_Alik_Bjlk_I8II_BH_MT64x128x32_SN_GLVWA4_GRV7jvv_82VBgf9lk9-7BF7ITPKi7O8aVDA5_pySG-1ghc=_gfx1201.co
Log level: Debug
run,problem-progress,solution-progress,operation,problem-sizes,solution,validation,time-us,gflops,empty,total-gran,tiles-per-cu,num-cus,tile0-gran,tile1-gran,cu-gran,wave-gran,mem-read-bytes,mem-write-bytes,temp-edge,clock-sys,clock-soc,clock-mem,fan-rpm,hardware-samples,gfx-frequency(median),power(median),hotspot-temperature(median),enqueue-time
0,0/111,0/19,Contraction_l_Alik_Bjlk_Cijk_Dijk,"(16,1024,1,1024)",Cijk_Alik_Bjlk_I8II_BH_MT64x64x16_SN_GLVWA4_GRVW4_K1_SU0_SUS0_TT4_4,NO_CHECK,85.081,394.382,,0.125,0.5,32,0.25,1,0.5,1,589824,65536,,,,,,,,,,2026-04-18 15:24:10.
0,0/111,1/19,Contraction_l_Alik_Bjlk_Cijk_Dijk,"(16,1024,1,1024)",Cijk_Alik_Bjlk_I8II_BH_MT64x64x16_SN_GLVWA4_GRVW8_K1_SU0_SUS0_TT4_4,NO_CHECK,70.321,477.161,,0.125,0.5,32,0.25,1,0.5,1,589824,65536,,,,,,,,,,2026-04-18 15:24:10.
0,0/111,2/19,Contraction_l_Alik_Bjlk_Cijk_Dijk,"(16,1024,1,1024)",Cijk_Alik_Bjlk_I8II_BH_MT64x64x16_SN_GLVWA4_GRVW16_K1_SU0_SUS0_TT4_4,NO_CHECK,70.081,478.795,,0.125,0.5,32,0.25,1,0.5,1,589824,65536,,,,,,,,,,2026-04-18 15:24:10.
0,0/111,3/19,Contraction_l_Alik_Bjlk_Cijk_Dijk,"(16,1024,1,1024)",Cijk_Alik_Bjlk_I8II_BH_MT64x64x16_SN_GLVWA4_GRVW4_K1_SU32_SUS256_TT4_4,NO_CHECK,70.841,473.658,,0.125,0.5,32,0.25,1,0.5,1,589824,65536,,,,,,,,,,2026-04-18 15:24:10.
0,0/111,4/19,Contraction_l_Alik_Bjlk_Cijk_Dijk,"(16,1024,1,1024)",Cijk_Alik_Bjlk_I8II_BH_MT64x64x16_SN_GLVWA4_GRVW8_K1_SU32_SUS256_TT4_4,NO_CHECK,70.241,477.704,,0.125,0.5,32,0.25,1,0.5,1,589824,65536,,,,,,,,,,2026-04-18 15:24:10.
0,0/111,5/19,Contraction_l_Alik_Bjlk_Cijk_Dijk,"(16,1024,1,1024)",Cijk_Alik_Bjlk_I8II_BH_MT64x64x16_SN_GLVWA4_GRVW16_K1_SU32_SUS256_TT4_4,NO_CHECK,70.681,474.731,,0.125,0.5,32,0.25,1,0.5,1,589824,65536,,,,,,,,,,2026-04-18 15:24:10.
0,0/111,6/19,Contraction_l_Alik_Bjlk_Cijk_Dijk,"(16,1024,1,1024)",Cijk_Alik_Bjlk_I8II_BH_MT128x64x16_SN_GLVWA4_GRVW4_K1_SU0_SUS0_TT8_4,NO_CHECK,105.362,318.468,,0.0625,0.5,32,0.125,1,0.5,1,458752,65536,,,,,,,,,,2026-04-18 15:24:10.
0,0/111,7/19,Contraction_l_Alik_Bjlk_Cijk_Dijk,"(16,1024,1,1024)",Cijk_Alik_Bjlk_I8II_BH_MT128x64x16_SN_GLVWA8_GRVW8_K1_SU0_SUS0_TT8_4,NO_CHECK,104.241,321.893,,0.0625,0.5,32,0.125,1,0.5,1,458752,65536,,,,,,,,,,2026-04-18 15:24:10.
0,0/111,8/19,Contraction_l_Alik_Bjlk_Cijk_Dijk,"(16,1024,1,1024)",Cijk_Alik_Bjlk_I8II_BH_MT128x64x16_SN_GLVWA8_GRVW16_K1_SU0_SUS0_TT8_4,NO_CHECK,104.562,320.905,,0.0625,0.5,32,0.125,1,0.5,1,458752,65536,,,,,,,,,,2026-04-18 15:24:10.
0,0/111,9/19,Contraction_l_Alik_Bjlk_Cijk_Dijk,"(16,1024,1,1024)",Cijk_Alik_Bjlk_I8II_BH_MT128x64x16_SN_GLVWA4_GRVW4_K1_SU32_SUS256_TT8_4,NO_CHECK,103.561,324.006,,0.0625,0.5,32,0.125,1,0.5,1,458752,65536,,,,,,,,,,2026-04-18 15:24:10.
0,0/111,10/19,Contraction_l_Alik_Bjlk_Cijk_Dijk,"(16,1024,1,1024)",Cijk_Alik_Bjlk_I8II_BH_MT128x64x16_SN_GLVWA8_GRVW8_K1_SU32_SUS256_TT8_4,NO_CHECK,104.042,322.509,,0.0625,0.5,32,0.125,1,0.5,1,458752,65536,,,,,,,,,,2026-04-18 15:24:10.
0,0/111,11/19,Contraction_l_Alik_Bjlk_Cijk_Dijk,"(16,1024,1,1024)",Cijk_Alik_Bjlk_I8II_BH_MT128x64x16_SN_GLVWA8_GRVW16_K1_SU32_SUS256_TT8_4,NO_CHECK,246.684,136.022,,0.0625,0.5,32,0.125,1,0.5,1,458752,65536,,,,,,,,,,2026-04-18 15:24:10.
0,0/111,12/19,Contraction_l_Alik_Bjlk_Cijk_Dijk,"(16,1024,1,1024)",Cijk_Alik_Bjlk_I8II_BH_MT64x128x16_SN_GLVWA4_GRVW4_K1_SU0_SUS0_TT4_8,NO_CHECK,102.161,328.447,,0.0625,0.25,32,0.25,1,0.25,1,458752,65536,,,,,,,,,,2026-04-18 15:24:10.
0,0/111,13/19,Contraction_l_Alik_Bjlk_Cijk_Dijk,"(16,1024,1,1024)",Cijk_Alik_Bjlk_I8II_BH_MT64x128x16_SN_GLVWA4_GRVW4_K1_SU32_SUS256_TT4_8,NO_CHECK,103.322,324.756,,0.0625,0.25,32,0.25,1,0.25,1,458752,65536,,,,,,,,,,2026-04-18 15:24:10.
0,0/111,14/19,Contraction_l_Alik_Bjlk_Cijk_Dijk,"(16,1024,1,1024)",Cijk_Alik_Bjlk_I8II_BH_MT64x64x32_SN_GLVWA4_GRVW4_K1_SU0_SUS0_TT4_4,NO_CHECK,77.081,435.314,,0.125,0.5,32,0.25,1,0.5,1,589824,65536,,,,,,,,,,2026-04-18 15:24:10.
0,0/111,15/19,Contraction_l_Alik_Bjlk_Cijk_Dijk,"(16,1024,1,1024)",Cijk_Alik_Bjlk_I8II_BH_MT64x64x32_SN_GLVWA4_GRVW4_K1_SU32_SUS256_TT4_4,NO_CHECK,77.441,433.29,,0.125,0.5,32,0.25,1,0.5,1,589824,65536,,,,,,,,,,2026-04-18 15:24:10.
0,0/111,16/19,Contraction_l_Alik_Bjlk_Cijk_Dijk,"(16,1024,1,1024)",Cijk_Alik_Bjlk_I8II_BH_MT128x64x32_SN_GLVWA4_GRVW4_K1_SU0_SUS0_TT8_4,NO_CHECK,125.122,268.174,,0.0625,0.5,32,0.125,1,0.5,1,458752,65536,,,,,,,,,,2026-04-18 15:24:10.
0,0/111,17/19,Contraction_l_Alik_Bjlk_Cijk_Dijk,"(16,1024,1,1024)",Cijk_Alik_Bjlk_I8II_BH_MT128x64x32_SN_GLVWA4_GRVW4_K1_SU32_SUS256_TT8_4,NO_CHECK,116.441,288.167,,0.0625,0.5,32,0.125,1,0.5,1,458752,65536,,,,,,,,,,2026-04-18 15:24:10.
0,0/111,18/19,Contraction_l_Alik_Bjlk_Cijk_Dijk,"(16,1024,1,1024)",Cijk_Alik_Bjlk_I8II_BH_MT64x128x32_SN_GLVWA4_GRVW4_K1_SU0_SUS0_TT4_8,NO_CHECK,115.122,291.468,,0.0625,0.25,32,0.25,1,0.25,1,458752,65536,,,,,,,,,,2026-04-18 15:24:10.
0,0/111,19/19,Contraction_l_Alik_Bjlk_Cijk_Dijk,"(16,1024,1,1024)",Cijk_Alik_Bjlk_I8II_BH_MT64x128x32_SN_GLVWA4_GRVW4_K1_SU32_SUS256_TT4_8,NO_CHECK,117.042,286.687,,0.0625,0.25,32,0.25,1,0.25,1,458752,65536,,,,,,,,,,2026-04-18 15:24:10.
0,1/111,0/19,Contraction_l_Alik_Bjlk_Cijk_Dijk,"(16,1024,1,4096)",Cijk_Alik_Bjlk_I8II_BH_MT64x64x16_SN_GLVWA4_GRVW4_K1_SU0_SUS0_TT4_4,NO_CHECK,218.003,615.669,,0.125,0.5,32,0.25,1,0.5,1,2162688,65536,,,,,,,,,,2026-04-18 15:24:10.
0,1/111,1/19,Contraction_l_Alik_Bjlk_Cijk_Dijk,"(16,1024,1,4096)",Cijk_Alik_Bjlk_I8II_BH_MT64x64x16_SN_GLVWA4_GRVW8_K1_SU0_SUS0_TT4_4,NO_CHECK,218.003,615.669,,0.125,0.5,32,0.25,1,0.5,1,2162688,65536,,,,,,,,,,2026-04-18 15:24:10.
0,1/111,2/19,Contraction_l_Alik_Bjlk_Cijk_Dijk,"(16,1024,1,4096)",Cijk_Alik_Bjlk_I8II_BH_MT64x64x16_SN_GLVWA4_GRVW16_K1_SU0_SUS0_TT4_4,NO_CHECK,216.763,619.191,,0.125,0.5,32,0.25,1,0.5,1,2162688,65536,,,,,,,,,,2026-04-18 15:24:10.
0,1/111,3/19,Contraction_l_Alik_Bjlk_Cijk_Dijk,"(16,1024,1,4096)",Cijk_Alik_Bjlk_I8II_BH_MT64x64x16_SN_GLVWA4_GRVW4_K1_SU32_SUS256_TT4_4,NO_CHECK,217.643,616.688,,0.125,0.5,32,0.25,1,0.5,1,2162688,65536,,,,,,,,,,2026-04-18 15:24:10.
0,1/111,4/19,Contraction_l_Alik_Bjlk_Cijk_Dijk,"(16,1024,1,4096)",Cijk_Alik_Bjlk_I8II_BH_MT64x64x16_SN_GLVWA4_GRVW8_K1_SU32_SUS256_TT4_4,NO_CHECK,217.524,617.025,,0.125,0.5,32,0.25,1,0.5,1,2162688,65536,,,,,,,,,,2026-04-18 15:24:10.
0,1/111,5/19,Contraction_l_Alik_Bjlk_Cijk_Dijk,"(16,1024,1,4096)",Cijk_Alik_Bjlk_I8II_BH_MT64x64x16_SN_GLVWA4_GRVW16_K1_SU32_SUS256_TT4_4,NO_CHECK,217.723,616.461,,0.125,0.5,32,0.25,1,0.5,1,2162688,65536,,,,,,,,,,2026-04-18 15:24:10.
0,1/111,6/19,Contraction_l_Alik_Bjlk_Cijk_Dijk,"(16,1024,1,4096)",Cijk_Alik_Bjlk_I8II_BH_MT128x64x16_SN_GLVWA4_GRVW4_K1_SU0_SUS0_TT8_4,NO_CHECK,329.205,407.703,,0.0625,0.5,32,0.125,1,0.5,1,1638400,65536,,,,,,,,,,2026-04-18 15:24:10.
0,1/111,7/19,Contraction_l_Alik_Bjlk_Cijk_Dijk,"(16,1024,1,4096)",Cijk_Alik_Bjlk_I8II_BH_MT128x64x16_SN_GLVWA8_GRVW8_K1_SU0_SUS0_TT8_4,NO_CHECK,328.525,408.546,,0.0625,0.5,32,0.125,1,0.5,1,1638400,65536,,,,,,,,,,2026-04-18 15:24:10.
0,1/111,8/19,Contraction_l_Alik_Bjlk_Cijk_Dijk,"(16,1024,1,4096)",Cijk_Alik_Bjlk_I8II_BH_MT128x64x16_SN_GLVWA8_GRVW16_K1_SU0_SUS0_TT8_4,NO_CHECK,328.604,408.448,,0.0625,0.5,32,0.125,1,0.5,1,1638400,65536,,,,,,,,,,2026-04-18 15:24:10.
0,1/111,9/19,Contraction_l_Alik_Bjlk_Cijk_Dijk,"(16,1024,1,4096)",Cijk_Alik_Bjlk_I8II_BH_MT128x64x16_SN_GLVWA4_GRVW4_K1_SU32_SUS256_TT8_4,NO_CHECK,329.005,407.95,,0.0625,0.5,32,0.125,1,0.5,1,1638400,65536,,,,,,,,,,2026-04-18 15:24:10.
0,1/111,10/19,Contraction_l_Alik_Bjlk_Cijk_Dijk,"(16,1024,1,4096)",Cijk_Alik_Bjlk_I8II_BH_MT128x64x16_SN_GLVWA8_GRVW8_K1_SU32_SUS256_TT8_4,NO_CHECK,328.885,408.099,,0.0625,0.5,32,0.125,1,0.5,1,1638400,65536,,,,,,,,,,2026-04-18 15:24:10.
0,1/111,11/19,Contraction_l_Alik_Bjlk_Cijk_Dijk,"(16,1024,1,4096)",Cijk_Alik_Bjlk_I8II_BH_MT128x64x16_SN_GLVWA8_GRVW16_K1_SU32_SUS256_TT8_4,NO_CHECK,328.764,408.249,,0.0625,0.5,32,0.125,1,0.5,1,1638400,65536,,,,,,,,,,2026-04-18 15:24:10.
0,1/111,12/19,Contraction_l_Alik_Bjlk_Cijk_Dijk,"(16,1024,1,4096)",Cijk_Alik_Bjlk_I8II_BH_MT64x128x16_SN_GLVWA4_GRVW4_K1_SU0_SUS0_TT4_8,NO_CHECK,323.005,415.528,,0.0625,0.25,32,0.25,1,0.25,1,1638400,65536,,,,,,,,,,2026-04-18 15:24:10.
0,1/111,13/19,Contraction_l_Alik_Bjlk_Cijk_Dijk,"(16,1024,1,4096)",Cijk_Alik_Bjlk_I8II_BH_MT64x128x16_SN_GLVWA4_GRVW4_K1_SU32_SUS256_TT4_8,NO_CHECK,323.965,414.297,,0.0625,0.25,32,0.25,1,0.25,1,1638400,65536,,,,,,,,,,2026-04-18 15:24:10.
0,1/111,14/19,Contraction_l_Alik_Bjlk_Cijk_Dijk,"(16,1024,1,4096)",Cijk_Alik_Bjlk_I8II_BH_MT64x64x32_SN_GLVWA4_GRVW4_K1_SU0_SUS0_TT4_4,NO_CHECK,219.524,611.403,,0.125,0.5,32,0.25,1,0.5,1,2162688,65536,,,,,,,,,,2026-04-18 15:24:10.
0,1/111,15/19,Contraction_l_Alik_Bjlk_Cijk_Dijk,"(16,1024,1,4096)",Cijk_Alik_Bjlk_I8II_BH_MT64x64x32_SN_GLVWA4_GRVW4_K1_SU32_SUS256_TT4_4,NO_CHECK,219.324,611.961,,0.125,0.5,32,0.25,1,0.5,1,2162688,65536,,,,,,,,,,2026-04-18 15:24:10.
0,1/111,16/19,Contraction_l_Alik_Bjlk_Cijk_Dijk,"(16,1024,1,4096)",Cijk_Alik_Bjlk_I8II_BH_MT128x64x32_SN_GLVWA4_GRVW4_K1_SU0_SUS0_TT8_4,NO_CHECK,334.605,401.123,,0.0625,0.5,32,0.125,1,0.5,1,1638400,65536,,,,,,,,,,2026-04-18 15:24:10.
0,1/111,17/19,Contraction_l_Alik_Bjlk_Cijk_Dijk,"(16,1024,1,4096)",Cijk_Alik_Bjlk_I8II_BH_MT128x64x32_SN_GLVWA4_GRVW4_K1_SU32_SUS256_TT8_4,NO_CHECK,345.085,388.941,,0.0625,0.5,32,0.125,1,0.5,1,1638400,65536,,,,,,,,,,2026-04-18 15:24:10.
0,1/111,18/19,Contraction_l_Alik_Bjlk_Cijk_Dijk,"(16,1024,1,4096)",Cijk_Alik_Bjlk_I8II_BH_MT64x128x32_SN_GLVWA4_GRVW4_K1_SU0_SUS0_TT4_8,NO_CHECK,362.445,370.312,,0.0625,0.25,32,0.25,1,0.25,1,1638400,65536,,,,,,,,,,2026-04-18 15:24:10.
0,1/111,19/19,Contraction_l_Alik_Bjlk_Cijk_Dijk,"(16,1024,1,4096)",Cijk_Alik_Bjlk_I8II_BH_MT64x128x32_SN_GLVWA4_GRVW4_K1_SU32_SUS256_TT4_8,NO_CHECK,334.925,400.74,,0.0625,0.25,32,0.25,1,0.25,1,1638400,65536,,,,,,,,,,2026-04-18 15:24:10.
0,2/111,0/19,Contraction_l_Alik_Bjlk_Cijk_Dijk,"(16,1024,1,8192)",Cijk_Alik_Bjlk_I8II_BH_MT64x64x16_SN_GLVWA4_GRVW4_K1_SU0_SUS0_TT4_4,NO_CHECK,424.686,632.08,,0.125,0.5,32,0.25,1,0.5,1,4259840,65536,,,,,,,,,,2026-04-18 15:24:10.
0,2/111,1/19,Contraction_l_Alik_Bjlk_Cijk_Dijk,"(16,1024,1,8192)",Cijk_Alik_Bjlk_I8II_BH_MT64x64x16_SN_GLVWA4_GRVW8_K1_SU0_SUS0_TT4_4,NO_CHECK,424.126,632.914,,0.125,0.5,32,0.25,1,0.5,1,4259840,65536,,,,,,,,,,2026-04-18 15:24:10.
0,2/111,2/19,Contraction_l_Alik_Bjlk_Cijk_Dijk,"(16,1024,1,8192)",Cijk_Alik_Bjlk_I8II_BH_MT64x64x16_SN_GLVWA4_GRVW16_K1_SU0_SUS0_TT4_4,NO_CHECK,425.007,631.602,,0.125,0.5,32,0.25,1,0.5,1,4259840,65536,,,,,,,,,,2026-04-18 15:24:10.
0,2/111,3/19,Contraction_l_Alik_Bjlk_Cijk_Dijk,"(16,1024,1,8192)",Cijk_Alik_Bjlk_I8II_BH_MT64x64x16_SN_GLVWA4_GRVW4_K1_SU32_SUS256_TT4_4,NO_CHECK,425.486,630.891,,0.125,0.5,32,0.25,1,0.5,1,4259840,65536,,,,,,,,,,2026-04-18 15:24:10.
0,2/111,4/19,Contraction_l_Alik_Bjlk_Cijk_Dijk,"(16,1024,1,8192)",Cijk_Alik_Bjlk_I8II_BH_MT64x64x16_SN_GLVWA4_GRVW8_K1_SU32_SUS256_TT4_4,NO_CHECK,424.206,632.795,,0.125,0.5,32,0.25,1,0.5,1,4259840,65536,,,,,,,,,,2026-04-18 15:24:10.
0,2/111,5/19,Contraction_l_Alik_Bjlk_Cijk_Dijk,"(16,1024,1,8192)",Cijk_Alik_Bjlk_I8II_BH_MT64x64x16_SN_GLVWA4_GRVW16_K1_SU32_SUS256_TT4_4,NO_CHECK,424.286,632.676,,0.125,0.5,32,0.25,1,0.5,1,4259840,65536,,,,,,,,,,2026-04-18 15:24:10.
0,2/111,6/19,Contraction_l_Alik_Bjlk_Cijk_Dijk,"(16,1024,1,8192)",Cijk_Alik_Bjlk_I8II_BH_MT128x64x16_SN_GLVWA4_GRVW4_K1_SU0_SUS0_TT8_4,NO_CHECK,644.57,416.457,,0.0625,0.5,32,0.125,1,0.5,1,3211264,65536,,,,,,,,,,2026-04-18 15:24:10.
0,2/111,7/19,Contraction_l_Alik_Bjlk_Cijk_Dijk,"(16,1024,1,8192)",Cijk_Alik_Bjlk_I8II_BH_MT128x64x16_SN_GLVWA8_GRVW8_K1_SU0_SUS0_TT8_4,NO_CHECK,642.529,417.78,,0.0625,0.5,32,0.125,1,0.5,1,3211264,65536,,,,,,,,,,2026-04-18 15:24:10.
0,2/111,8/19,Contraction_l_Alik_Bjlk_Cijk_Dijk,"(16,1024,1,8192)",Cijk_Alik_Bjlk_I8II_BH_MT128x64x16_SN_GLVWA8_GRVW16_K1_SU0_SUS0_TT8_4,NO_CHECK,641.77,418.274,,0.0625,0.5,32,0.125,1,0.5,1,3211264,65536,,,,,,,,,,2026-04-18 15:24:10.
0,2/111,9/19,Contraction_l_Alik_Bjlk_Cijk_Dijk,"(16,1024,1,8192)",Cijk_Alik_Bjlk_I8II_BH_MT128x64x16_SN_GLVWA4_GRVW4_K1_SU32_SUS256_TT8_4,NO_CHECK,641.169,418.666,,0.0625,0.5,32,0.125,1,0.5,1,3211264,65536,,,,,,,,,,2026-04-18 15:24:10.
0,2/111,10/19,Contraction_l_Alik_Bjlk_Cijk_Dijk,"(16,1024,1,8192)",Cijk_Alik_Bjlk_I8II_BH_MT128x64x16_SN_GLVWA8_GRVW8_K1_SU32_SUS256_TT8_4,NO_CHECK,642.33,417.909,,0.0625,0.5,32,0.125,1,0.5,1,3211264,65536,,,,,,,,,,2026-04-18 15:24:10.
0,2/111,11/19,Contraction_l_Alik_Bjlk_Cijk_Dijk,"(16,1024,1,8192)",Cijk_Alik_Bjlk_I8II_BH_MT128x64x16_SN_GLVWA8_GRVW16_K1_SU32_SUS256_TT8_4,NO_CHECK,643.13,417.389,,0.0625,0.5,32,0.125,1,0.5,1,3211264,65536,,,,,,,,,,2026-04-18 15:24:10.
0,2/111,12/19,Contraction_l_Alik_Bjlk_Cijk_Dijk,"(16,1024,1,8192)",Cijk_Alik_Bjlk_I8II_BH_MT64x128x16_SN_GLVWA4_GRVW4_K1_SU0_SUS0_TT4_8,NO_CHECK,632.449,424.438,,0.0625,0.25,32,0.25,1,0.25,1,3211264,65536,,,,,,,,,,2026-04-18 15:24:10.
0,2/111,13/19,Contraction_l_Alik_Bjlk_Cijk_Dijk,"(16,1024,1,8192)",Cijk_Alik_Bjlk_I8II_BH_MT64x128x16_SN_GLVWA4_GRVW4_K1_SU32_SUS256_TT4_8,NO_CHECK,634.45,423.099,,0.0625,0.25,32,0.25,1,0.25,1,3211264,65536,,,,,,,,,,2026-04-18 15:24:10.
0,2/111,14/19,Contraction_l_Alik_Bjlk_Cijk_Dijk,"(16,1024,1,8192)",Cijk_Alik_Bjlk_I8II_BH_MT64x64x32_SN_GLVWA4_GRVW4_K1_SU0_SUS0_TT4_4,NO_CHECK,425.687,630.594,,0.125,0.5,32,0.25,1,0.5,1,4259840,65536,,,,,,,,,,2026-04-18 15:24:10.
0,2/111,15/19,Contraction_l_Alik_Bjlk_Cijk_Dijk,"(16,1024,1,8192)",Cijk_Alik_Bjlk_I8II_BH_MT64x64x32_SN_GLVWA4_GRVW4_K1_SU32_SUS256_TT4_4,NO_CHECK,427.007,628.644,,0.125,0.5,32,0.25,1,0.5,1,4259840,65536,,,,,,,,,,2026-04-18 15:24:10.
0,2/111,16/19,Contraction_l_Alik_Bjlk_Cijk_Dijk,"(16,1024,1,8192)",Cijk_Alik_Bjlk_I8II_BH_MT128x64x32_SN_GLVWA4_GRVW4_K1_SU0_SUS0_TT8_4,NO_CHECK,658.21,407.826,,0.0625,0.5,32,0.125,1,0.5,1,3211264,65536,,,,,,,,,,2026-04-18 15:24:10.
0,2/111,17/19,Contraction_l_Alik_Bjlk_Cijk_Dijk,"(16,1024,1,8192)",Cijk_Alik_Bjlk_I8II_BH_MT128x64x32_SN_GLVWA4_GRVW4_K1_SU32_SUS256_TT8_4,NO_CHECK,656.37,408.97,,0.0625,0.5,32,0.125,1,0.5,1,3211264,65536,,,,,,,,,,2026-04-18 15:24:10.
0,2/111,18/19,Contraction_l_Alik_Bjlk_Cijk_Dijk,"(16,1024,1,8192)",Cijk_Alik_Bjlk_I8II_BH_MT64x128x32_SN_GLVWA4_GRVW4_K1_SU0_SUS0_TT4_8,NO_CHECK,646.129,415.452,,0.0625,0.25,32,0.25,1,0.25,1,3211264,65536,,,,,,,,,,2026-04-18 15:24:10.
0,2/111,19/19,Contraction_l_Alik_Bjlk_Cijk_Dijk,"(16,1024,1,8192)",Cijk_Alik_Bjlk_I8II_BH_MT64x128x32_SN_GLVWA4_GRVW4_K1_SU32_SUS256_TT4_8,NO_CHECK,641.93,418.169,,0.0625,0.25,32,0.25,1,0.25,1,3211264,65536,,,,,,,,,,2026-04-18 15:24:10.
0,3/111,0/19,Contraction_l_Alik_Bjlk_Cijk_Dijk,"(16,1024,1,14336)",Cijk_Alik_Bjlk_I8II_BH_MT64x64x16_SN_GLVWA4_GRVW4_K1_SU0_SUS0_TT4_4,NO_CHECK,732.251,641.531,,0.125,0.5,32,0.25,1,0.5,1,7405568,65536,,,,,,,,,,2026-04-18 15:24:10.
0,3/111,1/19,Contraction_l_Alik_Bjlk_Cijk_Dijk,"(16,1024,1,14336)",Cijk_Alik_Bjlk_I8II_BH_MT64x64x16_SN_GLVWA4_GRVW8_K1_SU0_SUS0_TT4_4,NO_CHECK,731.931,641.812,,0.125,0.5,32,0.25,1,0.5,1,7405568,65536,,,,,,,,,,2026-04-18 15:24:10.
0,3/111,2/19,Contraction_l_Alik_Bjlk_Cijk_Dijk,"(16,1024,1,14336)",Cijk_Alik_Bjlk_I8II_BH_MT64x64x16_SN_GLVWA4_GRVW16_K1_SU0_SUS0_TT4_4,NO_CHECK,737.131,637.284,,0.125,0.5,32,0.25,1,0.5,1,7405568,65536,,,,,,,,,,2026-04-18 15:24:10.
0,3/111,3/19,Contraction_l_Alik_Bjlk_Cijk_Dijk,"(16,1024,1,14336)",Cijk_Alik_Bjlk_I8II_BH_MT64x64x16_SN_GLVWA4_GRVW4_K1_SU32_SUS256_TT4_4,NO_CHECK,737.891,636.628,,0.125,0.5,32,0.25,1,0.5,1,7405568,65536,,,,,,,,,,2026-04-18 15:24:10.
0,3/111,4/19,Contraction_l_Alik_Bjlk_Cijk_Dijk,"(16,1024,1,14336)",Cijk_Alik_Bjlk_I8II_BH_MT64x64x16_SN_GLVWA4_GRVW8_K1_SU32_SUS256_TT4_4,NO_CHECK,736.931,637.457,,0.125,0.5,32,0.25,1,0.5,1,7405568,65536,,,,,,,,,,2026-04-18 15:24:10.
0,3/111,5/19,Contraction_l_Alik_Bjlk_Cijk_Dijk,"(16,1024,1,14336)",Cijk_Alik_Bjlk_I8II_BH_MT64x64x16_SN_GLVWA4_GRVW16_K1_SU32_SUS256_TT4_4,NO_CHECK,881.733,532.771,,0.125,0.5,32,0.25,1,0.5,1,7405568,65536,,,,,,,,,,2026-04-18 15:24:10.
0,3/111,6/19,Contraction_l_Alik_Bjlk_Cijk_Dijk,"(16,1024,1,14336)",Cijk_Alik_Bjlk_I8II_BH_MT128x64x16_SN_GLVWA4_GRVW4_K1_SU0_SUS0_TT8_4,NO_CHECK,1127.94,416.479,,0.0625,0.5,32,0.125,1,0.5,1,5570560,65536,,,,,,,,,,2026-04-18 15:24:10.
0,3/111,7/19,Contraction_l_Alik_Bjlk_Cijk_Dijk,"(16,1024,1,14336)",Cijk_Alik_Bjlk_I8II_BH_MT128x64x16_SN_GLVWA8_GRVW8_K1_SU0_SUS0_TT8_4,NO_CHECK,1108.42,423.813,,0.0625,0.5,32,0.125,1,0.5,1,5570560,65536,,,,,,,,,,2026-04-18 15:24:10.
0,3/111,8/19,Contraction_l_Alik_Bjlk_Cijk_Dijk,"(16,1024,1,14336)",Cijk_Alik_Bjlk_I8II_BH_MT128x64x16_SN_GLVWA8_GRVW16_K1_SU0_SUS0_TT8_4,NO_CHECK,1124.98,417.575,,0.0625,0.5,32,0.125,1,0.5,1,5570560,65536,,,,,,,,,,2026-04-18 15:24:10.
0,3/111,9/19,Contraction_l_Alik_Bjlk_Cijk_Dijk,"(16,1024,1,14336)",Cijk_Alik_Bjlk_I8II_BH_MT128x64x16_SN_GLVWA4_GRVW4_K1_SU32_SUS256_TT8_4,NO_CHECK,1129.62,415.86,,0.0625,0.5,32,0.125,1,0.5,1,5570560,65536,,,,,,,,,,2026-04-18 15:24:10.
0,3/111,10/19,Contraction_l_Alik_Bjlk_Cijk_Dijk,"(16,1024,1,14336)",Cijk_Alik_Bjlk_I8II_BH_MT128x64x16_SN_GLVWA8_GRVW8_K1_SU32_SUS256_TT8_4,NO_CHECK,1126.98,416.834,,0.0625,0.5,32,0.125,1,0.5,1,5570560,65536,,,,,,,,,,2026-04-18 15:24:10.
0,3/111,11/19,Contraction_l_Alik_Bjlk_Cijk_Dijk,"(16,1024,1,14336)",Cijk_Alik_Bjlk_I8II_BH_MT128x64x16_SN_GLVWA8_GRVW16_K1_SU32_SUS256_TT8_4,NO_CHECK,1124.34,417.813,,0.0625,0.5,32,0.125,1,0.5,1,5570560,65536,,,,,,,,,,2026-04-18 15:24:10.
0,3/111,12/19,Contraction_l_Alik_Bjlk_Cijk_Dijk,"(16,1024,1,14336)",Cijk_Alik_Bjlk_I8II_BH_MT64x128x16_SN_GLVWA4_GRVW4_K1_SU0_SUS0_TT4_8,NO_CHECK,1103.86,425.565,,0.0625,0.25,32,0.25,1,0.25,1,5570560,65536,,,,,,,,,,2026-04-18 15:24:10.
0,3/111,13/19,Contraction_l_Alik_Bjlk_Cijk_Dijk,"(16,1024,1,14336)",Cijk_Alik_Bjlk_I8II_BH_MT64x128x16_SN_GLVWA4_GRVW4_K1_SU32_SUS256_TT4_8,NO_CHECK,1104.1,425.472,,0.0625,0.25,32,0.25,1,0.25,1,5570560,65536,,,,,,,,,,2026-04-18 15:24:10.
0,3/111,14/19,Contraction_l_Alik_Bjlk_Cijk_Dijk,"(16,1024,1,14336)",Cijk_Alik_Bjlk_I8II_BH_MT64x64x32_SN_GLVWA4_GRVW4_K1_SU0_SUS0_TT4_4,NO_CHECK,745.811,629.867,,0.125,0.5,32,0.25,1,0.5,1,7405568,65536,,,,,,,,,,2026-04-18 15:24:10.
0,3/111,15/19,Contraction_l_Alik_Bjlk_Cijk_Dijk,"(16,1024,1,14336)",Cijk_Alik_Bjlk_I8II_BH_MT64x64x32_SN_GLVWA4_GRVW4_K1_SU32_SUS256_TT4_4,NO_CHECK,747.971,628.048,,0.125,0.5,32,0.25,1,0.5,1,7405568,65536,,,,,,,,,,2026-04-18 15:24:10.
0,3/111,16/19,Contraction_l_Alik_Bjlk_Cijk_Dijk,"(16,1024,1,14336)",Cijk_Alik_Bjlk_I8II_BH_MT128x64x32_SN_GLVWA4_GRVW4_K1_SU0_SUS0_TT8_4,NO_CHECK,1142.5,411.171,,0.0625,0.5,32,0.125,1,0.5,1,5570560,65536,,,,,,,,,,2026-04-18 15:24:10.
0,3/111,17/19,Contraction_l_Alik_Bjlk_Cijk_Dijk,"(16,1024,1,14336)",Cijk_Alik_Bjlk_I8II_BH_MT128x64x32_SN_GLVWA4_GRVW4_K1_SU32_SUS256_TT8_4,NO_CHECK,1297.26,362.119,,0.0625,0.5,32,0.125,1,0.5,1,5570560,65536,,,,,,,,,,2026-04-18 15:24:10.
0,3/111,18/19,Contraction_l_Alik_Bjlk_Cijk_Dijk,"(16,1024,1,14336)",Cijk_Alik_Bjlk_I8II_BH_MT64x128x32_SN_GLVWA4_GRVW4_K1_SU0_SUS0_TT4_8,NO_CHECK,1126.9,416.863,,0.0625,0.25,32,0.25,1,0.25,1,5570560,65536,,,,,,,,,,2026-04-18 15:24:10.
0,3/111,19/19,Contraction_l_Alik_Bjlk_Cijk_Dijk,"(16,1024,1,14336)",Cijk_Alik_Bjlk_I8II_BH_MT64x128x32_SN_GLVWA4_GRVW4_K1_SU32_SUS256_TT4_8,NO_CHECK,1108.3,423.859,,0.0625,0.25,32,0.25,1,0.25,1,5570560,65536,,,,,,,,,,2026-04-18 15:24:10.
0,4/111,0/19,Contraction_l_Alik_Bjlk_Cijk_Dijk,"(16,4096,1,1024)",Cijk_Alik_Bjlk_I8II_BH_MT64x64x16_SN_GLVWA4_GRVW4_K1_SU0_SUS0_TT4_4,NO_CHECK,116.802,1149.1,,0.25,2,32,0.25,1,1,1,2359296,262144,,,,,,,,,,2026-04-18 15:24:10.
0,4/111,1/19,Contraction_l_Alik_Bjlk_Cijk_Dijk,"(16,4096,1,1024)",Cijk_Alik_Bjlk_I8II_BH_MT64x64x16_SN_GLVWA4_GRVW8_K1_SU0_SUS0_TT4_4,NO_CHECK,109.162,1229.53,,0.25,2,32,0.25,1,1,1,2359296,262144,,,,,,,,,,2026-04-18 15:24:10.
0,4/111,2/19,Contraction_l_Alik_Bjlk_Cijk_Dijk,"(16,4096,1,1024)",Cijk_Alik_Bjlk_I8II_BH_MT64x64x16_SN_GLVWA4_GRVW16_K1_SU0_SUS0_TT4_4,NO_CHECK,110.521,1214.41,,0.25,2,32,0.25,1,1,1,2359296,262144,,,,,,,,,,2026-04-18 15:24:10.
0,4/111,3/19,Contraction_l_Alik_Bjlk_Cijk_Dijk,"(16,4096,1,1024)",Cijk_Alik_Bjlk_I8II_BH_MT64x64x16_SN_GLVWA4_GRVW4_K1_SU32_SUS256_TT4_4,NO_CHECK,111.242,1206.54,,0.25,2,32,0.25,1,1,1,2359296,262144,,,,,,,,,,2026-04-18 15:24:10.
0,4/111,4/19,Contraction_l_Alik_Bjlk_Cijk_Dijk,"(16,4096,1,1024)",Cijk_Alik_Bjlk_I8II_BH_MT64x64x16_SN_GLVWA4_GRVW8_K1_SU32_SUS256_TT4_4,NO_CHECK,111.442,1204.37,,0.25,2,32,0.25,1,1,1,2359296,262144,,,,,,,,,,2026-04-18 15:24:10.
0,4/111,5/19,Contraction_l_Alik_Bjlk_Cijk_Dijk,"(16,4096,1,1024)",Cijk_Alik_Bjlk_I8II_BH_MT64x64x16_SN_GLVWA4_GRVW16_K1_SU32_SUS256_TT4_4,NO_CHECK,112.402,1194.09,,0.25,2,32,0.25,1,1,1,2359296,262144,,,,,,,,,,2026-04-18 15:24:10.
0,4/111,6/19,Contraction_l_Alik_Bjlk_Cijk_Dijk,"(16,4096,1,1024)",Cijk_Alik_Bjlk_I8II_BH_MT128x64x16_SN_GLVWA4_GRVW4_K1_SU0_SUS0_TT8_4,NO_CHECK,169.123,793.61,,0.125,2,32,0.125,1,1,1,1835008,262144,,,,,,,,,,2026-04-18 15:24:10.
0,4/111,7/19,Contraction_l_Alik_Bjlk_Cijk_Dijk,"(16,4096,1,1024)",Cijk_Alik_Bjlk_I8II_BH_MT128x64x16_SN_GLVWA8_GRVW8_K1_SU0_SUS0_TT8_4,NO_CHECK,168.963,794.362,,0.125,2,32,0.125,1,1,1,1835008,262144,,,,,,,,,,2026-04-18 15:24:10.
0,4/111,8/19,Contraction_l_Alik_Bjlk_Cijk_Dijk,"(16,4096,1,1024)",Cijk_Alik_Bjlk_I8II_BH_MT128x64x16_SN_GLVWA8_GRVW16_K1_SU0_SUS0_TT8_4,NO_CHECK,168.443,796.814,,0.125,2,32,0.125,1,1,1,1835008,262144,,,,,,,,,,2026-04-18 15:24:10.
0,4/111,9/19,Contraction_l_Alik_Bjlk_Cijk_Dijk,"(16,4096,1,1024)",Cijk_Alik_Bjlk_I8II_BH_MT128x64x16_SN_GLVWA4_GRVW4_K1_SU32_SUS256_TT8_4,NO_CHECK,169.362,792.49,,0.125,2,32,0.125,1,1,1,1835008,262144,,,,,,,,,,2026-04-18 15:24:10.
0,4/111,10/19,Contraction_l_Alik_Bjlk_Cijk_Dijk,"(16,4096,1,1024)",Cijk_Alik_Bjlk_I8II_BH_MT128x64x16_SN_GLVWA8_GRVW8_K1_SU32_SUS256_TT8_4,NO_CHECK,169.362,792.49,,0.125,2,32,0.125,1,1,1,1835008,262144,,,,,,,,,,2026-04-18 15:24:10.
0,4/111,11/19,Contraction_l_Alik_Bjlk_Cijk_Dijk,"(16,4096,1,1024)",Cijk_Alik_Bjlk_I8II_BH_MT128x64x16_SN_GLVWA8_GRVW16_K1_SU32_SUS256_TT8_4,NO_CHECK,168.723,795.492,,0.125,2,32,0.125,1,1,1,1835008,262144,,,,,,,,,,2026-04-18 15:24:10.
0,4/111,12/19,Contraction_l_Alik_Bjlk_Cijk_Dijk,"(16,4096,1,1024)",Cijk_Alik_Bjlk_I8II_BH_MT64x128x16_SN_GLVWA4_GRVW4_K1_SU0_SUS0_TT4_8,NO_CHECK,107.042,1253.88,,0.25,1,32,0.25,1,1,1,1835008,262144,,,,,,,,,,2026-04-18 15:24:10.
0,4/111,13/19,Contraction_l_Alik_Bjlk_Cijk_Dijk,"(16,4096,1,1024)",Cijk_Alik_Bjlk_I8II_BH_MT64x128x16_SN_GLVWA4_GRVW4_K1_SU32_SUS256_TT4_8,NO_CHECK,107.322,1250.61,,0.25,1,32,0.25,1,1,1,1835008,262144,,,,,,,,,,2026-04-18 15:24:10.
0,4/111,14/19,Contraction_l_Alik_Bjlk_Cijk_Dijk,"(16,4096,1,1024)",Cijk_Alik_Bjlk_I8II_BH_MT64x64x32_SN_GLVWA4_GRVW4_K1_SU0_SUS0_TT4_4,NO_CHECK,114.921,1167.91,,0.25,2,32,0.25,1,1,1,2359296,262144,,,,,,,,,,2026-04-18 15:24:10.
0,4/111,15/19,Contraction_l_Alik_Bjlk_Cijk_Dijk,"(16,4096,1,1024)",Cijk_Alik_Bjlk_I8II_BH_MT64x64x32_SN_GLVWA4_GRVW4_K1_SU32_SUS256_TT4_4,NO_CHECK,114.522,1171.98,,0.25,2,32,0.25,1,1,1,2359296,262144,,,,,,,,,,2026-04-18 15:24:10.
0,4/111,16/19,Contraction_l_Alik_Bjlk_Cijk_Dijk,"(16,4096,1,1024)",Cijk_Alik_Bjlk_I8II_BH_MT128x64x32_SN_GLVWA4_GRVW4_K1_SU0_SUS0_TT8_4,NO_CHECK,179.043,749.64,,0.125,2,32,0.125,1,1,1,1835008,262144,,,,,,,,,,2026-04-18 15:24:10.
0,4/111,17/19,Contraction_l_Alik_Bjlk_Cijk_Dijk,"(16,4096,1,1024)",Cijk_Alik_Bjlk_I8II_BH_MT128x64x32_SN_GLVWA4_GRVW4_K1_SU32_SUS256_TT8_4,NO_CHECK,178.523,751.823,,0.125,2,32,0.125,1,1,1,1835008,262144,,,,,,,,,,2026-04-18 15:24:10.
0,4/111,18/19,Contraction_l_Alik_Bjlk_Cijk_Dijk,"(16,4096,1,1024)",Cijk_Alik_Bjlk_I8II_BH_MT64x128x32_SN_GLVWA4_GRVW4_K1_SU0_SUS0_TT4_8,NO_CHECK,118.402,1133.58,,0.25,1,32,0.25,1,1,1,1835008,262144,,,,,,,,,,2026-04-18 15:24:10.
0,4/111,19/19,Contraction_l_Alik_Bjlk_Cijk_Dijk,"(16,4096,1,1024)",Cijk_Alik_Bjlk_I8II_BH_MT64x128x32_SN_GLVWA4_GRVW4_K1_SU32_SUS256_TT4_8,NO_CHECK,118.842,1129.38,,0.25,1,32,0.25,1,1,1,1835008,262144,,,,,,,,,,2026-04-18 15:24:10.
0,5/111,0/19,Contraction_l_Alik_Bjlk_Cijk_Dijk,"(16,4096,1,4096)",Cijk_Alik_Bjlk_I8II_BH_MT64x64x16_SN_GLVWA4_GRVW4_K1_SU0_SUS0_TT4_4,NO_CHECK,400.006,1342.16,,0.25,2,32,0.25,1,1,1,8650752,262144,,,,,,,,,,2026-04-18 15:24:10.
0,5/111,1/19,Contraction_l_Alik_Bjlk_Cijk_Dijk,"(16,4096,1,4096)",Cijk_Alik_Bjlk_I8II_BH_MT64x64x16_SN_GLVWA4_GRVW8_K1_SU0_SUS0_TT4_4,NO_CHECK,393.245,1365.23,,0.25,2,32,0.25,1,1,1,8650752,262144,,,,,,,,,,2026-04-18 15:24:10.
0,5/111,2/19,Contraction_l_Alik_Bjlk_Cijk_Dijk,"(16,4096,1,4096)",Cijk_Alik_Bjlk_I8II_BH_MT64x64x16_SN_GLVWA4_GRVW16_K1_SU0_SUS0_TT4_4,NO_CHECK,394.606,1360.52,,0.25,2,32,0.25,1,1,1,8650752,262144,,,,,,,,,,2026-04-18 15:24:10.
0,5/111,3/19,Contraction_l_Alik_Bjlk_Cijk_Dijk,"(16,4096,1,4096)",Cijk_Alik_Bjlk_I8II_BH_MT64x64x16_SN_GLVWA4_GRVW4_K1_SU32_SUS256_TT4_4,NO_CHECK,395.766,1356.54,,0.25,2,32,0.25,1,1,1,8650752,262144,,,,,,,,,,2026-04-18 15:24:10.
0,5/111,4/19,Contraction_l_Alik_Bjlk_Cijk_Dijk,"(16,4096,1,4096)",Cijk_Alik_Bjlk_I8II_BH_MT64x64x16_SN_GLVWA4_GRVW8_K1_SU32_SUS256_TT4_4,NO_CHECK,396.086,1355.44,,0.25,2,32,0.25,1,1,1,8650752,262144,,,,,,,,,,2026-04-18 15:24:10.
0,5/111,5/19,Contraction_l_Alik_Bjlk_Cijk_Dijk,"(16,4096,1,4096)",Cijk_Alik_Bjlk_I8II_BH_MT64x64x16_SN_GLVWA4_GRVW16_K1_SU32_SUS256_TT4_4,NO_CHECK,395.766,1356.54,,0.25,2,32,0.25,1,1,1,8650752,262144,,,,,,,,,,2026-04-18 15:24:10.
0,5/111,6/19,Contraction_l_Alik_Bjlk_Cijk_Dijk,"(16,4096,1,4096)",Cijk_Alik_Bjlk_I8II_BH_MT128x64x16_SN_GLVWA4_GRVW4_K1_SU0_SUS0_TT8_4,NO_CHECK,614.769,873.289,,0.125,2,32,0.125,1,1,1,6553600,262144,,,,,,,,,,2026-04-18 15:24:10.
0,5/111,7/19,Contraction_l_Alik_Bjlk_Cijk_Dijk,"(16,4096,1,4096)",Cijk_Alik_Bjlk_I8II_BH_MT128x64x16_SN_GLVWA8_GRVW8_K1_SU0_SUS0_TT8_4,NO_CHECK,612.769,876.139,,0.125,2,32,0.125,1,1,1,6553600,262144,,,,,,,,,,2026-04-18 15:24:10.
0,5/111,8/19,Contraction_l_Alik_Bjlk_Cijk_Dijk,"(16,4096,1,4096)",Cijk_Alik_Bjlk_I8II_BH_MT128x64x16_SN_GLVWA8_GRVW16_K1_SU0_SUS0_TT8_4,NO_CHECK,611.689,877.686,,0.125,2,32,0.125,1,1,1,6553600,262144,,,,,,,,,,2026-04-18 15:24:10.
0,5/111,9/19,Contraction_l_Alik_Bjlk_Cijk_Dijk,"(16,4096,1,4096)",Cijk_Alik_Bjlk_I8II_BH_MT128x64x16_SN_GLVWA4_GRVW4_K1_SU32_SUS256_TT8_4,NO_CHECK,805.092,666.844,,0.125,2,32,0.125,1,1,1,6553600,262144,,,,,,,,,,2026-04-18 15:24:10.
0,5/111,10/19,Contraction_l_Alik_Bjlk_Cijk_Dijk,"(16,4096,1,4096)",Cijk_Alik_Bjlk_I8II_BH_MT128x64x16_SN_GLVWA8_GRVW8_K1_SU32_SUS256_TT8_4,NO_CHECK,613.249,875.453,,0.125,2,32,0.125,1,1,1,6553600,262144,,,,,,,,,,2026-04-18 15:24:10.
0,5/111,11/19,Contraction_l_Alik_Bjlk_Cijk_Dijk,"(16,4096,1,4096)",Cijk_Alik_Bjlk_I8II_BH_MT128x64x16_SN_GLVWA8_GRVW16_K1_SU32_SUS256_TT8_4,NO_CHECK,609.009,881.548,,0.125,2,32,0.125,1,1,1,6553600,262144,,,,,,,,,,2026-04-18 15:24:10.
0,5/111,12/19,Contraction_l_Alik_Bjlk_Cijk_Dijk,"(16,4096,1,4096)",Cijk_Alik_Bjlk_I8II_BH_MT64x128x16_SN_GLVWA4_GRVW4_K1_SU0_SUS0_TT4_8,NO_CHECK,341.485,1572.17,,0.25,1,32,0.25,1,1,1,6553600,262144,,,,,,,,,,2026-04-18 15:24:10.
0,5/111,13/19,Contraction_l_Alik_Bjlk_Cijk_Dijk,"(16,4096,1,4096)",Cijk_Alik_Bjlk_I8II_BH_MT64x128x16_SN_GLVWA4_GRVW4_K1_SU32_SUS256_TT4_8,NO_CHECK,338.765,1584.79,,0.25,1,32,0.25,1,1,1,6553600,262144,,,,,,,,,,2026-04-18 15:24:10.
0,5/111,14/19,Contraction_l_Alik_Bjlk_Cijk_Dijk,"(16,4096,1,4096)",Cijk_Alik_Bjlk_I8II_BH_MT64x64x32_SN_GLVWA4_GRVW4_K1_SU0_SUS0_TT4_4,NO_CHECK,394.646,1360.39,,0.25,2,32,0.25,1,1,1,8650752,262144,,,,,,,,,,2026-04-18 15:24:10.
0,5/111,15/19,Contraction_l_Alik_Bjlk_Cijk_Dijk,"(16,4096,1,4096)",Cijk_Alik_Bjlk_I8II_BH_MT64x64x32_SN_GLVWA4_GRVW4_K1_SU32_SUS256_TT4_4,NO_CHECK,394.566,1360.66,,0.25,2,32,0.25,1,1,1,8650752,262144,,,,,,,,,,2026-04-18 15:24:10.
0,5/111,16/19,Contraction_l_Alik_Bjlk_Cijk_Dijk,"(16,4096,1,4096)",Cijk_Alik_Bjlk_I8II_BH_MT128x64x32_SN_GLVWA4_GRVW4_K1_SU0_SUS0_TT8_4,NO_CHECK,619.009,867.307,,0.125,2,32,0.125,1,1,1,6553600,262144,,,,,,,,,,2026-04-18 15:24:10.
0,5/111,17/19,Contraction_l_Alik_Bjlk_Cijk_Dijk,"(16,4096,1,4096)",Cijk_Alik_Bjlk_I8II_BH_MT128x64x32_SN_GLVWA4_GRVW4_K1_SU32_SUS256_TT8_4,NO_CHECK,622.049,863.069,,0.125,2,32,0.125,1,1,1,6553600,262144,,,,,,,,,,2026-04-18 15:24:10.
0,5/111,18/19,Contraction_l_Alik_Bjlk_Cijk_Dijk,"(16,4096,1,4096)",Cijk_Alik_Bjlk_I8II_BH_MT64x128x32_SN_GLVWA4_GRVW4_K1_SU0_SUS0_TT4_8,NO_CHECK,351.246,1528.48,,0.25,1,32,0.25,1,1,1,6553600,262144,,,,,,,,,,2026-04-18 15:24:10.
0,5/111,19/19,Contraction_l_Alik_Bjlk_Cijk_Dijk,"(16,4096,1,4096)",Cijk_Alik_Bjlk_I8II_BH_MT64x128x32_SN_GLVWA4_GRVW4_K1_SU32_SUS256_TT4_8,NO_CHECK,352.965,1521.03,,0.25,1,32,0.25,1,1,1,6553600,262144,,,,,,,,,,2026-04-18 15:24:10.
0,6/111,0/19,Contraction_l_Alik_Bjlk_Cijk_Dijk,"(16,4096,1,8192)",Cijk_Alik_Bjlk_I8II_BH_MT64x64x16_SN_GLVWA4_GRVW4_K1_SU0_SUS0_TT4_4,NO_CHECK,828.372,1296.21,,0.25,2,32,0.25,1,1,1,17039360,262144,,,,,,,,,,2026-04-18 15:24:10.
0,6/111,1/19,Contraction_l_Alik_Bjlk_Cijk_Dijk,"(16,4096,1,8192)",Cijk_Alik_Bjlk_I8II_BH_MT64x64x16_SN_GLVWA4_GRVW8_K1_SU0_SUS0_TT4_4,NO_CHECK,967.615,1109.68,,0.25,2,32,0.25,1,1,1,17039360,262144,,,,,,,,,,2026-04-18 15:24:10.
0,6/111,2/19,Contraction_l_Alik_Bjlk_Cijk_Dijk,"(16,4096,1,8192)",Cijk_Alik_Bjlk_I8II_BH_MT64x64x16_SN_GLVWA4_GRVW16_K1_SU0_SUS0_TT4_4,NO_CHECK,775.132,1385.24,,0.25,2,32,0.25,1,1,1,17039360,262144,,,,,,,,,,2026-04-18 15:24:10.
0,6/111,3/19,Contraction_l_Alik_Bjlk_Cijk_Dijk,"(16,4096,1,8192)",Cijk_Alik_Bjlk_I8II_BH_MT64x64x16_SN_GLVWA4_GRVW4_K1_SU32_SUS256_TT4_4,NO_CHECK,770.331,1393.87,,0.25,2,32,0.25,1,1,1,17039360,262144,,,,,,,,,,2026-04-18 15:24:11.
0,6/111,4/19,Contraction_l_Alik_Bjlk_Cijk_Dijk,"(16,4096,1,8192)",Cijk_Alik_Bjlk_I8II_BH_MT64x64x16_SN_GLVWA4_GRVW8_K1_SU32_SUS256_TT4_4,NO_CHECK,770.211,1394.09,,0.25,2,32,0.25,1,1,1,17039360,262144,,,,,,,,,,2026-04-18 15:24:11.
0,6/111,5/19,Contraction_l_Alik_Bjlk_Cijk_Dijk,"(16,4096,1,8192)",Cijk_Alik_Bjlk_I8II_BH_MT64x64x16_SN_GLVWA4_GRVW16_K1_SU32_SUS256_TT4_4,NO_CHECK,765.812,1402.1,,0.25,2,32,0.25,1,1,1,17039360,262144,,,,,,,,,,2026-04-18 15:24:11.
0,6/111,6/19,Contraction_l_Alik_Bjlk_Cijk_Dijk,"(16,4096,1,8192)",Cijk_Alik_Bjlk_I8II_BH_MT128x64x16_SN_GLVWA4_GRVW4_K1_SU0_SUS0_TT8_4,NO_CHECK,1199.06,895.489,,0.125,2,32,0.125,1,1,1,12845056,262144,,,,,,,,,,2026-04-18 15:24:11.
0,6/111,7/19,Contraction_l_Alik_Bjlk_Cijk_Dijk,"(16,4096,1,8192)",Cijk_Alik_Bjlk_I8II_BH_MT128x64x16_SN_GLVWA8_GRVW8_K1_SU0_SUS0_TT8_4,NO_CHECK,1193.38,899.75,,0.125,2,32,0.125,1,1,1,12845056,262144,,,,,,,,,,2026-04-18 15:24:11.
0,6/111,8/19,Contraction_l_Alik_Bjlk_Cijk_Dijk,"(16,4096,1,8192)",Cijk_Alik_Bjlk_I8II_BH_MT128x64x16_SN_GLVWA8_GRVW16_K1_SU0_SUS0_TT8_4,NO_CHECK,1394.98,769.718,,0.125,2,32,0.125,1,1,1,12845056,262144,,,,,,,,,,2026-04-18 15:24:11.
0,6/111,9/19,Contraction_l_Alik_Bjlk_Cijk_Dijk,"(16,4096,1,8192)",Cijk_Alik_Bjlk_I8II_BH_MT128x64x16_SN_GLVWA4_GRVW4_K1_SU32_SUS256_TT8_4,NO_CHECK,1208.7,888.346,,0.125,2,32,0.125,1,1,1,12845056,262144,,,,,,,,,,2026-04-18 15:24:11.
0,6/111,10/19,Contraction_l_Alik_Bjlk_Cijk_Dijk,"(16,4096,1,8192)",Cijk_Alik_Bjlk_I8II_BH_MT128x64x16_SN_GLVWA8_GRVW8_K1_SU32_SUS256_TT8_4,NO_CHECK,1203.78,891.977,,0.125,2,32,0.125,1,1,1,12845056,262144,,,,,,,,,,2026-04-18 15:24:11.
0,6/111,11/19,Contraction_l_Alik_Bjlk_Cijk_Dijk,"(16,4096,1,8192)",Cijk_Alik_Bjlk_I8II_BH_MT128x64x16_SN_GLVWA8_GRVW16_K1_SU32_SUS256_TT8_4,NO_CHECK,1201.18,893.907,,0.125,2,32,0.125,1,1,1,12845056,262144,,,,,,,,,,2026-04-18 15:24:11.
0,6/111,12/19,Contraction_l_Alik_Bjlk_Cijk_Dijk,"(16,4096,1,8192)",Cijk_Alik_Bjlk_I8II_BH_MT64x128x16_SN_GLVWA4_GRVW4_K1_SU0_SUS0_TT4_8,NO_CHECK,652.889,1644.6,,0.25,1,32,0.25,1,1,1,12845056,262144,,,,,,,,,,2026-04-18 15:24:11.
0,6/111,13/19,Contraction_l_Alik_Bjlk_Cijk_Dijk,"(16,4096,1,8192)",Cijk_Alik_Bjlk_I8II_BH_MT64x128x16_SN_GLVWA4_GRVW4_K1_SU32_SUS256_TT4_8,NO_CHECK,651.69,1647.63,,0.25,1,32,0.25,1,1,1,12845056,262144,,,,,,,,,,2026-04-18 15:24:11.
0,6/111,14/19,Contraction_l_Alik_Bjlk_Cijk_Dijk,"(16,4096,1,8192)",Cijk_Alik_Bjlk_I8II_BH_MT64x64x32_SN_GLVWA4_GRVW4_K1_SU0_SUS0_TT4_4,NO_CHECK,773.892,1387.46,,0.25,2,32,0.25,1,1,1,17039360,262144,,,,,,,,,,2026-04-18 15:24:11.
0,6/111,15/19,Contraction_l_Alik_Bjlk_Cijk_Dijk,"(16,4096,1,8192)",Cijk_Alik_Bjlk_I8II_BH_MT64x64x32_SN_GLVWA4_GRVW4_K1_SU32_SUS256_TT4_4,NO_CHECK,951.494,1128.48,,0.25,2,32,0.25,1,1,1,17039360,262144,,,,,,,,,,2026-04-18 15:24:11.
0,6/111,16/19,Contraction_l_Alik_Bjlk_Cijk_Dijk,"(16,4096,1,8192)",Cijk_Alik_Bjlk_I8II_BH_MT128x64x32_SN_GLVWA4_GRVW4_K1_SU0_SUS0_TT8_4,NO_CHECK,1215.02,883.726,,0.125,2,32,0.125,1,1,1,12845056,262144,,,,,,,,,,2026-04-18 15:24:11.
0,6/111,17/19,Contraction_l_Alik_Bjlk_Cijk_Dijk,"(16,4096,1,8192)",Cijk_Alik_Bjlk_I8II_BH_MT128x64x32_SN_GLVWA4_GRVW4_K1_SU32_SUS256_TT8_4,NO_CHECK,1206.1,890.261,,0.125,2,32,0.125,1,1,1,12845056,262144,,,,,,,,,,2026-04-18 15:24:11.
0,6/111,18/19,Contraction_l_Alik_Bjlk_Cijk_Dijk,"(16,4096,1,8192)",Cijk_Alik_Bjlk_I8II_BH_MT64x128x32_SN_GLVWA4_GRVW4_K1_SU0_SUS0_TT4_8,NO_CHECK,661.49,1623.22,,0.25,1,32,0.25,1,1,1,12845056,262144,,,,,,,,,,2026-04-18 15:24:11.
0,6/111,19/19,Contraction_l_Alik_Bjlk_Cijk_Dijk,"(16,4096,1,8192)",Cijk_Alik_Bjlk_I8II_BH_MT64x128x32_SN_GLVWA4_GRVW4_K1_SU32_SUS256_TT4_8,NO_CHECK,662.61,1620.47,,0.25,1,32,0.25,1,1,1,12845056,262144,,,,,,,,,,2026-04-18 15:24:11.
0,7/111,0/19,Contraction_l_Alik_Bjlk_Cijk_Dijk,"(16,4096,1,14336)",Cijk_Alik_Bjlk_I8II_BH_MT64x64x16_SN_GLVWA4_GRVW4_K1_SU0_SUS0_TT4_4,NO_CHECK,1411.86,1330.9,,0.25,2,32,0.25,1,1,1,29622272,262144,,,,,,,,,,2026-04-18 15:24:11.
0,7/111,1/19,Contraction_l_Alik_Bjlk_Cijk_Dijk,"(16,4096,1,14336)",Cijk_Alik_Bjlk_I8II_BH_MT64x64x16_SN_GLVWA4_GRVW8_K1_SU0_SUS0_TT4_4,NO_CHECK,1555.74,1207.81,,0.25,2,32,0.25,1,1,1,29622272,262144,,,,,,,,,,2026-04-18 15:24:11.
0,7/111,2/19,Contraction_l_Alik_Bjlk_Cijk_Dijk,"(16,4096,1,14336)",Cijk_Alik_Bjlk_I8II_BH_MT64x64x16_SN_GLVWA4_GRVW16_K1_SU0_SUS0_TT4_4,NO_CHECK,1372.02,1369.55,,0.25,2,32,0.25,1,1,1,29622272,262144,,,,,,,,,,2026-04-18 15:24:11.
0,7/111,3/19,Contraction_l_Alik_Bjlk_Cijk_Dijk,"(16,4096,1,14336)",Cijk_Alik_Bjlk_I8II_BH_MT64x64x16_SN_GLVWA4_GRVW4_K1_SU32_SUS256_TT4_4,NO_CHECK,1349.74,1392.16,,0.25,2,32,0.25,1,1,1,29622272,262144,,,,,,,,,,2026-04-18 15:24:11.
0,7/111,4/19,Contraction_l_Alik_Bjlk_Cijk_Dijk,"(16,4096,1,14336)",Cijk_Alik_Bjlk_I8II_BH_MT64x64x16_SN_GLVWA4_GRVW8_K1_SU32_SUS256_TT4_4,NO_CHECK,1360.34,1381.31,,0.25,2,32,0.25,1,1,1,29622272,262144,,,,,,,,,,2026-04-18 15:24:11.
0,7/111,5/19,Contraction_l_Alik_Bjlk_Cijk_Dijk,"(16,4096,1,14336)",Cijk_Alik_Bjlk_I8II_BH_MT64x64x16_SN_GLVWA4_GRVW16_K1_SU32_SUS256_TT4_4,NO_CHECK,1358.14,1383.55,,0.25,2,32,0.25,1,1,1,29622272,262144,,,,,,,,,,2026-04-18 15:24:11.
0,7/111,6/19,Contraction_l_Alik_Bjlk_Cijk_Dijk,"(16,4096,1,14336)",Cijk_Alik_Bjlk_I8II_BH_MT128x64x16_SN_GLVWA4_GRVW4_K1_SU0_SUS0_TT8_4,NO_CHECK,2296.55,818.203,,0.125,2,32,0.125,1,1,1,22282240,262144,,,,,,,,,,2026-04-18 15:24:11.
0,7/111,7/19,Contraction_l_Alik_Bjlk_Cijk_Dijk,"(16,4096,1,14336)",Cijk_Alik_Bjlk_I8II_BH_MT128x64x16_SN_GLVWA8_GRVW8_K1_SU0_SUS0_TT8_4,NO_CHECK,2068.59,908.372,,0.125,2,32,0.125,1,1,1,22282240,262144,,,,,,,,,,2026-04-18 15:24:11.
0,7/111,8/19,Contraction_l_Alik_Bjlk_Cijk_Dijk,"(16,4096,1,14336)",Cijk_Alik_Bjlk_I8II_BH_MT128x64x16_SN_GLVWA8_GRVW16_K1_SU0_SUS0_TT8_4,NO_CHECK,2074.51,905.779,,0.125,2,32,0.125,1,1,1,22282240,262144,,,,,,,,,,2026-04-18 15:24:11.
0,7/111,9/19,Contraction_l_Alik_Bjlk_Cijk_Dijk,"(16,4096,1,14336)",Cijk_Alik_Bjlk_I8II_BH_MT128x64x16_SN_GLVWA4_GRVW4_K1_SU32_SUS256_TT8_4,NO_CHECK,2288.07,821.236,,0.125,2,32,0.125,1,1,1,22282240,262144,,,,,,,,,,2026-04-18 15:24:11.
0,7/111,10/19,Contraction_l_Alik_Bjlk_Cijk_Dijk,"(16,4096,1,14336)",Cijk_Alik_Bjlk_I8II_BH_MT128x64x16_SN_GLVWA8_GRVW8_K1_SU32_SUS256_TT8_4,NO_CHECK,2074.03,905.988,,0.125,2,32,0.125,1,1,1,22282240,262144,,,,,,,,,,2026-04-18 15:24:11.
0,7/111,11/19,Contraction_l_Alik_Bjlk_Cijk_Dijk,"(16,4096,1,14336)",Cijk_Alik_Bjlk_I8II_BH_MT128x64x16_SN_GLVWA8_GRVW16_K1_SU32_SUS256_TT8_4,NO_CHECK,2075.43,905.377,,0.125,2,32,0.125,1,1,1,22282240,262144,,,,,,,,,,2026-04-18 15:24:11.
0,7/111,12/19,Contraction_l_Alik_Bjlk_Cijk_Dijk,"(16,4096,1,14336)",Cijk_Alik_Bjlk_I8II_BH_MT64x128x16_SN_GLVWA4_GRVW4_K1_SU0_SUS0_TT4_8,NO_CHECK,1124.14,1671.55,,0.25,1,32,0.25,1,1,1,22282240,262144,,,,,,,,,,2026-04-18 15:24:11.
0,7/111,13/19,Contraction_l_Alik_Bjlk_Cijk_Dijk,"(16,4096,1,14336)",Cijk_Alik_Bjlk_I8II_BH_MT64x128x16_SN_GLVWA4_GRVW4_K1_SU32_SUS256_TT4_8,NO_CHECK,1180.14,1592.23,,0.25,1,32,0.25,1,1,1,22282240,262144,,,,,,,,,,2026-04-18 15:24:11.
0,7/111,14/19,Contraction_l_Alik_Bjlk_Cijk_Dijk,"(16,4096,1,14336)",Cijk_Alik_Bjlk_I8II_BH_MT64x64x32_SN_GLVWA4_GRVW4_K1_SU0_SUS0_TT4_4,NO_CHECK,1393.86,1348.09,,0.25,2,32,0.25,1,1,1,29622272,262144,,,,,,,,,,2026-04-18 15:24:11.
0,7/111,15/19,Contraction_l_Alik_Bjlk_Cijk_Dijk,"(16,4096,1,14336)",Cijk_Alik_Bjlk_I8II_BH_MT64x64x32_SN_GLVWA4_GRVW4_K1_SU32_SUS256_TT4_4,NO_CHECK,1387.58,1354.19,,0.25,2,32,0.25,1,1,1,29622272,262144,,,,,,,,,,2026-04-18 15:24:11.
0,7/111,16/19,Contraction_l_Alik_Bjlk_Cijk_Dijk,"(16,4096,1,14336)",Cijk_Alik_Bjlk_I8II_BH_MT128x64x32_SN_GLVWA4_GRVW4_K1_SU0_SUS0_TT8_4,NO_CHECK,2181.15,861.493,,0.125,2,32,0.125,1,1,1,22282240,262144,,,,,,,,,,2026-04-18 15:24:11.
0,7/111,17/19,Contraction_l_Alik_Bjlk_Cijk_Dijk,"(16,4096,1,14336)",Cijk_Alik_Bjlk_I8II_BH_MT128x64x32_SN_GLVWA4_GRVW4_K1_SU32_SUS256_TT8_4,NO_CHECK,2382.64,788.643,,0.125,2,32,0.125,1,1,1,22282240,262144,,,,,,,,,,2026-04-18 15:24:11.
0,7/111,18/19,Contraction_l_Alik_Bjlk_Cijk_Dijk,"(16,4096,1,14336)",Cijk_Alik_Bjlk_I8II_BH_MT64x128x32_SN_GLVWA4_GRVW4_K1_SU0_SUS0_TT4_8,NO_CHECK,1247.02,1506.83,,0.25,1,32,0.25,1,1,1,22282240,262144,,,,,,,,,,2026-04-18 15:24:11.
0,7/111,19/19,Contraction_l_Alik_Bjlk_Cijk_Dijk,"(16,4096,1,14336)",Cijk_Alik_Bjlk_I8II_BH_MT64x128x32_SN_GLVWA4_GRVW4_K1_SU32_SUS256_TT4_8,NO_CHECK,1242.46,1512.36,,0.25,1,32,0.25,1,1,1,22282240,262144,,,,,,,,,,2026-04-18 15:24:11.
0,8/111,0/19,Contraction_l_Alik_Bjlk_Cijk_Dijk,"(16,8192,1,1024)",Cijk_Alik_Bjlk_I8II_BH_MT64x64x16_SN_GLVWA4_GRVW4_K1_SU0_SUS0_TT4_4,NO_CHECK,218.323,1229.53,,0.25,4,32,0.25,1,1,1,4718592,524288,,,,,,,,,,2026-04-18 15:24:11.
0,8/111,1/19,Contraction_l_Alik_Bjlk_Cijk_Dijk,"(16,8192,1,1024)",Cijk_Alik_Bjlk_I8II_BH_MT64x64x16_SN_GLVWA4_GRVW8_K1_SU0_SUS0_TT4_4,NO_CHECK,219.483,1223.04,,0.25,4,32,0.25,1,1,1,4718592,524288,,,,,,,,,,2026-04-18 15:24:11.
0,8/111,2/19,Contraction_l_Alik_Bjlk_Cijk_Dijk,"(16,8192,1,1024)",Cijk_Alik_Bjlk_I8II_BH_MT64x64x16_SN_GLVWA4_GRVW16_K1_SU0_SUS0_TT4_4,NO_CHECK,219.203,1224.6,,0.25,4,32,0.25,1,1,1,4718592,524288,,,,,,,,,,2026-04-18 15:24:11.
0,8/111,3/19,Contraction_l_Alik_Bjlk_Cijk_Dijk,"(16,8192,1,1024)",Cijk_Alik_Bjlk_I8II_BH_MT64x64x16_SN_GLVWA4_GRVW4_K1_SU32_SUS256_TT4_4,NO_CHECK,219.684,1221.92,,0.25,4,32,0.25,1,1,1,4718592,524288,,,,,,,,,,2026-04-18 15:24:11.
0,8/111,4/19,Contraction_l_Alik_Bjlk_Cijk_Dijk,"(16,8192,1,1024)",Cijk_Alik_Bjlk_I8II_BH_MT64x64x16_SN_GLVWA4_GRVW8_K1_SU32_SUS256_TT4_4,NO_CHECK,219.283,1224.15,,0.25,4,32,0.25,1,1,1,4718592,524288,,,,,,,,,,2026-04-18 15:24:11.
0,8/111,5/19,Contraction_l_Alik_Bjlk_Cijk_Dijk,"(16,8192,1,1024)",Cijk_Alik_Bjlk_I8II_BH_MT64x64x16_SN_GLVWA4_GRVW16_K1_SU32_SUS256_TT4_4,NO_CHECK,219.523,1222.81,,0.25,4,32,0.25,1,1,1,4718592,524288,,,,,,,,,,2026-04-18 15:24:11.
0,8/111,6/19,Contraction_l_Alik_Bjlk_Cijk_Dijk,"(16,8192,1,1024)",Cijk_Alik_Bjlk_I8II_BH_MT128x64x16_SN_GLVWA4_GRVW4_K1_SU0_SUS0_TT8_4,NO_CHECK,340.565,788.206,,0.125,4,32,0.125,1,1,1,3670016,524288,,,,,,,,,,2026-04-18 15:24:11.
0,8/111,7/19,Contraction_l_Alik_Bjlk_Cijk_Dijk,"(16,8192,1,1024)",Cijk_Alik_Bjlk_I8II_BH_MT128x64x16_SN_GLVWA8_GRVW8_K1_SU0_SUS0_TT8_4,NO_CHECK,308.205,870.964,,0.125,4,32,0.125,1,1,1,3670016,524288,,,,,,,,,,2026-04-18 15:24:11.
0,8/111,8/19,Contraction_l_Alik_Bjlk_Cijk_Dijk,"(16,8192,1,1024)",Cijk_Alik_Bjlk_I8II_BH_MT128x64x16_SN_GLVWA8_GRVW16_K1_SU0_SUS0_TT8_4,NO_CHECK,307.965,871.643,,0.125,4,32,0.125,1,1,1,3670016,524288,,,,,,,,,,2026-04-18 15:24:11.
0,8/111,9/19,Contraction_l_Alik_Bjlk_Cijk_Dijk,"(16,8192,1,1024)",Cijk_Alik_Bjlk_I8II_BH_MT128x64x16_SN_GLVWA4_GRVW4_K1_SU32_SUS256_TT8_4,NO_CHECK,331.045,810.873,,0.125,4,32,0.125,1,1,1,3670016,524288,,,,,,,,,,2026-04-18 15:24:11.
0,8/111,10/19,Contraction_l_Alik_Bjlk_Cijk_Dijk,"(16,8192,1,1024)",Cijk_Alik_Bjlk_I8II_BH_MT128x64x16_SN_GLVWA8_GRVW8_K1_SU32_SUS256_TT8_4,NO_CHECK,457.687,586.504,,0.125,4,32,0.125,1,1,1,3670016,524288,,,,,,,,,,2026-04-18 15:24:11.
0,8/111,11/19,Contraction_l_Alik_Bjlk_Cijk_Dijk,"(16,8192,1,1024)",Cijk_Alik_Bjlk_I8II_BH_MT128x64x16_SN_GLVWA8_GRVW16_K1_SU32_SUS256_TT8_4,NO_CHECK,310.285,865.125,,0.125,4,32,0.125,1,1,1,3670016,524288,,,,,,,,,,2026-04-18 15:24:11.
0,8/111,12/19,Contraction_l_Alik_Bjlk_Cijk_Dijk,"(16,8192,1,1024)",Cijk_Alik_Bjlk_I8II_BH_MT64x128x16_SN_GLVWA4_GRVW4_K1_SU0_SUS0_TT4_8,NO_CHECK,171.403,1566.11,,0.25,2,32,0.25,1,1,1,3670016,524288,,,,,,,,,,2026-04-18 15:24:11.
0,8/111,13/19,Contraction_l_Alik_Bjlk_Cijk_Dijk,"(16,8192,1,1024)",Cijk_Alik_Bjlk_I8II_BH_MT64x128x16_SN_GLVWA4_GRVW4_K1_SU32_SUS256_TT4_8,NO_CHECK,205.603,1305.6,,0.25,2,32,0.25,1,1,1,3670016,524288,,,,,,,,,,2026-04-18 15:24:11.
0,8/111,14/19,Contraction_l_Alik_Bjlk_Cijk_Dijk,"(16,8192,1,1024)",Cijk_Alik_Bjlk_I8II_BH_MT64x64x32_SN_GLVWA4_GRVW4_K1_SU0_SUS0_TT4_4,NO_CHECK,240.523,1116.05,,0.25,4,32,0.25,1,1,1,4718592,524288,,,,,,,,,,2026-04-18 15:24:11.
0,8/111,15/19,Contraction_l_Alik_Bjlk_Cijk_Dijk,"(16,8192,1,1024)",Cijk_Alik_Bjlk_I8II_BH_MT64x64x32_SN_GLVWA4_GRVW4_K1_SU32_SUS256_TT4_4,NO_CHECK,241.004,1113.82,,0.25,4,32,0.25,1,1,1,4718592,524288,,,,,,,,,,2026-04-18 15:24:11.
0,8/111,16/19,Contraction_l_Alik_Bjlk_Cijk_Dijk,"(16,8192,1,1024)",Cijk_Alik_Bjlk_I8II_BH_MT128x64x32_SN_GLVWA4_GRVW4_K1_SU0_SUS0_TT8_4,NO_CHECK,387.406,692.905,,0.125,4,32,0.125,1,1,1,3670016,524288,,,,,,,,,,2026-04-18 15:24:11.
0,8/111,17/19,Contraction_l_Alik_Bjlk_Cijk_Dijk,"(16,8192,1,1024)",Cijk_Alik_Bjlk_I8II_BH_MT128x64x32_SN_GLVWA4_GRVW4_K1_SU32_SUS256_TT8_4,NO_CHECK,348.645,769.939,,0.125,4,32,0.125,1,1,1,3670016,524288,,,,,,,,,,2026-04-18 15:24:11.
0,8/111,18/19,Contraction_l_Alik_Bjlk_Cijk_Dijk,"(16,8192,1,1024)",Cijk_Alik_Bjlk_I8II_BH_MT64x128x32_SN_GLVWA4_GRVW4_K1_SU0_SUS0_TT4_8,NO_CHECK,249.484,1075.96,,0.25,2,32,0.25,1,1,1,3670016,524288,,,,,,,,,,2026-04-18 15:24:11.
0,8/111,19/19,Contraction_l_Alik_Bjlk_Cijk_Dijk,"(16,8192,1,1024)",Cijk_Alik_Bjlk_I8II_BH_MT64x128x32_SN_GLVWA4_GRVW4_K1_SU32_SUS256_TT4_8,NO_CHECK,191.763,1399.83,,0.25,2,32,0.25,1,1,1,3670016,524288,,,,,,,,,,2026-04-18 15:24:11.
0,9/111,0/19,Contraction_l_Alik_Bjlk_Cijk_Dijk,"(16,8192,1,4096)",Cijk_Alik_Bjlk_I8II_BH_MT64x64x16_SN_GLVWA4_GRVW4_K1_SU0_SUS0_TT4_4,NO_CHECK,766.212,1401.36,,0.25,4,32,0.25,1,1,1,17301504,524288,,,,,,,,,,2026-04-18 15:24:11.
0,9/111,1/19,Contraction_l_Alik_Bjlk_Cijk_Dijk,"(16,8192,1,4096)",Cijk_Alik_Bjlk_I8II_BH_MT64x64x16_SN_GLVWA4_GRVW8_K1_SU0_SUS0_TT4_4,NO_CHECK,759.972,1412.87,,0.25,4,32,0.25,1,1,1,17301504,524288,,,,,,,,,,2026-04-18 15:24:11.
0,9/111,2/19,Contraction_l_Alik_Bjlk_Cijk_Dijk,"(16,8192,1,4096)",Cijk_Alik_Bjlk_I8II_BH_MT64x64x16_SN_GLVWA4_GRVW16_K1_SU0_SUS0_TT4_4,NO_CHECK,756.571,1419.22,,0.25,4,32,0.25,1,1,1,17301504,524288,,,,,,,,,,2026-04-18 15:24:11.
0,9/111,3/19,Contraction_l_Alik_Bjlk_Cijk_Dijk,"(16,8192,1,4096)",Cijk_Alik_Bjlk_I8II_BH_MT64x64x16_SN_GLVWA4_GRVW4_K1_SU32_SUS256_TT4_4,NO_CHECK,763.452,1406.43,,0.25,4,32,0.25,1,1,1,17301504,524288,,,,,,,,,,2026-04-18 15:24:11.
0,9/111,4/19,Contraction_l_Alik_Bjlk_Cijk_Dijk,"(16,8192,1,4096)",Cijk_Alik_Bjlk_I8II_BH_MT64x64x16_SN_GLVWA4_GRVW8_K1_SU32_SUS256_TT4_4,NO_CHECK,899.733,1193.4,,0.25,4,32,0.25,1,1,1,17301504,524288,,,,,,,,,,2026-04-18 15:24:11.
0,9/111,5/19,Contraction_l_Alik_Bjlk_Cijk_Dijk,"(16,8192,1,4096)",Cijk_Alik_Bjlk_I8II_BH_MT64x64x16_SN_GLVWA4_GRVW16_K1_SU32_SUS256_TT4_4,NO_CHECK,771.211,1392.28,,0.25,4,32,0.25,1,1,1,17301504,524288,,,,,,,,,,2026-04-18 15:24:11.
0,9/111,6/19,Contraction_l_Alik_Bjlk_Cijk_Dijk,"(16,8192,1,4096)",Cijk_Alik_Bjlk_I8II_BH_MT128x64x16_SN_GLVWA4_GRVW4_K1_SU0_SUS0_TT8_4,NO_CHECK,1198.1,896.206,,0.125,4,32,0.125,1,1,1,13107200,524288,,,,,,,,,,2026-04-18 15:24:11.
0,9/111,7/19,Contraction_l_Alik_Bjlk_Cijk_Dijk,"(16,8192,1,4096)",Cijk_Alik_Bjlk_I8II_BH_MT128x64x16_SN_GLVWA8_GRVW8_K1_SU0_SUS0_TT8_4,NO_CHECK,1155.7,929.086,,0.125,4,32,0.125,1,1,1,13107200,524288,,,,,,,,,,2026-04-18 15:24:11.
0,9/111,8/19,Contraction_l_Alik_Bjlk_Cijk_Dijk,"(16,8192,1,4096)",Cijk_Alik_Bjlk_I8II_BH_MT128x64x16_SN_GLVWA8_GRVW16_K1_SU0_SUS0_TT8_4,NO_CHECK,1159.98,925.658,,0.125,4,32,0.125,1,1,1,13107200,524288,,,,,,,,,,2026-04-18 15:24:11.
0,9/111,9/19,Contraction_l_Alik_Bjlk_Cijk_Dijk,"(16,8192,1,4096)",Cijk_Alik_Bjlk_I8II_BH_MT128x64x16_SN_GLVWA4_GRVW4_K1_SU32_SUS256_TT8_4,NO_CHECK,1174.26,914.4,,0.125,4,32,0.125,1,1,1,13107200,524288,,,,,,,,,,2026-04-18 15:24:11.
0,9/111,10/19,Contraction_l_Alik_Bjlk_Cijk_Dijk,"(16,8192,1,4096)",Cijk_Alik_Bjlk_I8II_BH_MT128x64x16_SN_GLVWA8_GRVW8_K1_SU32_SUS256_TT8_4,NO_CHECK,1302.22,824.547,,0.125,4,32,0.125,1,1,1,13107200,524288,,,,,,,,,,2026-04-18 15:24:11.
0,9/111,11/19,Contraction_l_Alik_Bjlk_Cijk_Dijk,"(16,8192,1,4096)",Cijk_Alik_Bjlk_I8II_BH_MT128x64x16_SN_GLVWA8_GRVW16_K1_SU32_SUS256_TT8_4,NO_CHECK,1169.98,917.746,,0.125,4,32,0.125,1,1,1,13107200,524288,,,,,,,,,,2026-04-18 15:24:11.
0,9/111,12/19,Contraction_l_Alik_Bjlk_Cijk_Dijk,"(16,8192,1,4096)",Cijk_Alik_Bjlk_I8II_BH_MT64x128x16_SN_GLVWA4_GRVW4_K1_SU0_SUS0_TT4_8,NO_CHECK,610.929,1757.56,,0.25,2,32,0.25,1,1,1,13107200,524288,,,,,,,,,,2026-04-18 15:24:11.
0,9/111,13/19,Contraction_l_Alik_Bjlk_Cijk_Dijk,"(16,8192,1,4096)",Cijk_Alik_Bjlk_I8II_BH_MT64x128x16_SN_GLVWA4_GRVW4_K1_SU32_SUS256_TT4_8,NO_CHECK,602.848,1781.12,,0.25,2,32,0.25,1,1,1,13107200,524288,,,,,,,,,,2026-04-18 15:24:11.
0,9/111,14/19,Contraction_l_Alik_Bjlk_Cijk_Dijk,"(16,8192,1,4096)",Cijk_Alik_Bjlk_I8II_BH_MT64x64x32_SN_GLVWA4_GRVW4_K1_SU0_SUS0_TT4_4,NO_CHECK,744.291,1442.64,,0.25,4,32,0.25,1,1,1,17301504,524288,,,,,,,,,,2026-04-18 15:24:11.
0,9/111,15/19,Contraction_l_Alik_Bjlk_Cijk_Dijk,"(16,8192,1,4096)",Cijk_Alik_Bjlk_I8II_BH_MT64x64x32_SN_GLVWA4_GRVW4_K1_SU32_SUS256_TT4_4,NO_CHECK,744.931,1441.4,,0.25,4,32,0.25,1,1,1,17301504,524288,,,,,,,,,,2026-04-18 15:24:11.
0,9/111,16/19,Contraction_l_Alik_Bjlk_Cijk_Dijk,"(16,8192,1,4096)",Cijk_Alik_Bjlk_I8II_BH_MT128x64x32_SN_GLVWA4_GRVW4_K1_SU0_SUS0_TT8_4,NO_CHECK,1162.3,923.81,,0.125,4,32,0.125,1,1,1,13107200,524288,,,,,,,,,,2026-04-18 15:24:11.
0,9/111,17/19,Contraction_l_Alik_Bjlk_Cijk_Dijk,"(16,8192,1,4096)",Cijk_Alik_Bjlk_I8II_BH_MT128x64x32_SN_GLVWA4_GRVW4_K1_SU32_SUS256_TT8_4,NO_CHECK,1282.9,836.965,,0.125,4,32,0.125,1,1,1,13107200,524288,,,,,,,,,,2026-04-18 15:24:11.
0,9/111,18/19,Contraction_l_Alik_Bjlk_Cijk_Dijk,"(16,8192,1,4096)",Cijk_Alik_Bjlk_I8II_BH_MT64x128x32_SN_GLVWA4_GRVW4_K1_SU0_SUS0_TT4_8,NO_CHECK,650.489,1650.67,,0.25,2,32,0.25,1,1,1,13107200,524288,,,,,,,,,,2026-04-18 15:24:11.
0,9/111,19/19,Contraction_l_Alik_Bjlk_Cijk_Dijk,"(16,8192,1,4096)",Cijk_Alik_Bjlk_I8II_BH_MT64x128x32_SN_GLVWA4_GRVW4_K1_SU32_SUS256_TT4_8,NO_CHECK,639.65,1678.64,,0.25,2,32,0.25,1,1,1,13107200,524288,,,,,,,,,,2026-04-18 15:24:11.
0,10/111,0/19,Contraction_l_Alik_Bjlk_Cijk_Dijk,"(16,8192,1,8192)",Cijk_Alik_Bjlk_I8II_BH_MT64x64x16_SN_GLVWA4_GRVW4_K1_SU0_SUS0_TT4_4,NO_CHECK,1505.82,1426.12,,0.25,4,32,0.25,1,1,1,34078720,524288,,,,,,,,,,2026-04-18 15:24:11.
0,10/111,1/19,Contraction_l_Alik_Bjlk_Cijk_Dijk,"(16,8192,1,8192)",Cijk_Alik_Bjlk_I8II_BH_MT64x64x16_SN_GLVWA4_GRVW8_K1_SU0_SUS0_TT4_4,NO_CHECK,1533.78,1400.12,,0.25,4,32,0.25,1,1,1,34078720,524288,,,,,,,,,,2026-04-18 15:24:11.
0,10/111,2/19,Contraction_l_Alik_Bjlk_Cijk_Dijk,"(16,8192,1,8192)",Cijk_Alik_Bjlk_I8II_BH_MT64x64x16_SN_GLVWA4_GRVW16_K1_SU0_SUS0_TT4_4,NO_CHECK,1498.02,1433.55,,0.25,4,32,0.25,1,1,1,34078720,524288,,,,,,,,,,2026-04-18 15:24:11.
0,10/111,3/19,Contraction_l_Alik_Bjlk_Cijk_Dijk,"(16,8192,1,8192)",Cijk_Alik_Bjlk_I8II_BH_MT64x64x16_SN_GLVWA4_GRVW4_K1_SU32_SUS256_TT4_4,NO_CHECK,1699.34,1263.71,,0.25,4,32,0.25,1,1,1,34078720,524288,,,,,,,,,,2026-04-18 15:24:11.
0,10/111,4/19,Contraction_l_Alik_Bjlk_Cijk_Dijk,"(16,8192,1,8192)",Cijk_Alik_Bjlk_I8II_BH_MT64x64x16_SN_GLVWA4_GRVW8_K1_SU32_SUS256_TT4_4,NO_CHECK,1815.27,1183.01,,0.25,4,32,0.25,1,1,1,34078720,524288,,,,,,,,,,2026-04-18 15:24:11.
0,10/111,5/19,Contraction_l_Alik_Bjlk_Cijk_Dijk,"(16,8192,1,8192)",Cijk_Alik_Bjlk_I8II_BH_MT64x64x16_SN_GLVWA4_GRVW16_K1_SU32_SUS256_TT4_4,NO_CHECK,1477.02,1453.93,,0.25,4,32,0.25,1,1,1,34078720,524288,,,,,,,,,,2026-04-18 15:24:11.
0,10/111,6/19,Contraction_l_Alik_Bjlk_Cijk_Dijk,"(16,8192,1,8192)",Cijk_Alik_Bjlk_I8II_BH_MT128x64x16_SN_GLVWA4_GRVW4_K1_SU0_SUS0_TT8_4,NO_CHECK,2298.71,934.211,,0.125,4,32,0.125,1,1,1,25690112,524288,,,,,,,,,,2026-04-18 15:24:11.
0,10/111,7/19,Contraction_l_Alik_Bjlk_Cijk_Dijk,"(16,8192,1,8192)",Cijk_Alik_Bjlk_I8II_BH_MT128x64x16_SN_GLVWA8_GRVW8_K1_SU0_SUS0_TT8_4,NO_CHECK,2421.08,886.996,,0.125,4,32,0.125,1,1,1,25690112,524288,,,,,,,,,,2026-04-18 15:24:11.
0,10/111,8/19,Contraction_l_Alik_Bjlk_Cijk_Dijk,"(16,8192,1,8192)",Cijk_Alik_Bjlk_I8II_BH_MT128x64x16_SN_GLVWA8_GRVW16_K1_SU0_SUS0_TT8_4,NO_CHECK,2300.35,933.545,,0.125,4,32,0.125,1,1,1,25690112,524288,,,,,,,,,,2026-04-18 15:24:11.
0,10/111,9/19,Contraction_l_Alik_Bjlk_Cijk_Dijk,"(16,8192,1,8192)",Cijk_Alik_Bjlk_I8II_BH_MT128x64x16_SN_GLVWA4_GRVW4_K1_SU32_SUS256_TT8_4,NO_CHECK,2299.39,933.935,,0.125,4,32,0.125,1,1,1,25690112,524288,,,,,,,,,,2026-04-18 15:24:11.
0,10/111,10/19,Contraction_l_Alik_Bjlk_Cijk_Dijk,"(16,8192,1,8192)",Cijk_Alik_Bjlk_I8II_BH_MT128x64x16_SN_GLVWA8_GRVW8_K1_SU32_SUS256_TT8_4,NO_CHECK,2420.39,887.245,,0.125,4,32,0.125,1,1,1,25690112,524288,,,,,,,,,,2026-04-18 15:24:11.
0,10/111,11/19,Contraction_l_Alik_Bjlk_Cijk_Dijk,"(16,8192,1,8192)",Cijk_Alik_Bjlk_I8II_BH_MT128x64x16_SN_GLVWA8_GRVW16_K1_SU32_SUS256_TT8_4,NO_CHECK,2303.07,932.442,,0.125,4,32,0.125,1,1,1,25690112,524288,,,,,,,,,,2026-04-18 15:24:11.
0,10/111,12/19,Contraction_l_Alik_Bjlk_Cijk_Dijk,"(16,8192,1,8192)",Cijk_Alik_Bjlk_I8II_BH_MT64x128x16_SN_GLVWA4_GRVW4_K1_SU0_SUS0_TT4_8,NO_CHECK,1196.06,1795.47,,0.25,2,32,0.25,1,1,1,25690112,524288,,,,,,,,,,2026-04-18 15:24:11.
0,10/111,13/19,Contraction_l_Alik_Bjlk_Cijk_Dijk,"(16,8192,1,8192)",Cijk_Alik_Bjlk_I8II_BH_MT64x128x16_SN_GLVWA4_GRVW4_K1_SU32_SUS256_TT4_8,NO_CHECK,1195.58,1796.19,,0.25,2,32,0.25,1,1,1,25690112,524288,,,,,,,,,,2026-04-18 15:24:11.
0,10/111,14/19,Contraction_l_Alik_Bjlk_Cijk_Dijk,"(16,8192,1,8192)",Cijk_Alik_Bjlk_I8II_BH_MT64x64x32_SN_GLVWA4_GRVW4_K1_SU0_SUS0_TT4_4,NO_CHECK,1624.3,1322.09,,0.25,4,32,0.25,1,1,1,34078720,524288,,,,,,,,,,2026-04-18 15:24:11.
0,10/111,15/19,Contraction_l_Alik_Bjlk_Cijk_Dijk,"(16,8192,1,8192)",Cijk_Alik_Bjlk_I8II_BH_MT64x64x32_SN_GLVWA4_GRVW4_K1_SU32_SUS256_TT4_4,NO_CHECK,1487.74,1443.45,,0.25,4,32,0.25,1,1,1,34078720,524288,,,,,,,,,,2026-04-18 15:24:11.
0,10/111,16/19,Contraction_l_Alik_Bjlk_Cijk_Dijk,"(16,8192,1,8192)",Cijk_Alik_Bjlk_I8II_BH_MT128x64x32_SN_GLVWA4_GRVW4_K1_SU0_SUS0_TT8_4,NO_CHECK,2319.47,925.849,,0.125,4,32,0.125,1,1,1,25690112,524288,,,,,,,,,,2026-04-18 15:24:11.
0,10/111,17/19,Contraction_l_Alik_Bjlk_Cijk_Dijk,"(16,8192,1,8192)",Cijk_Alik_Bjlk_I8II_BH_MT128x64x32_SN_GLVWA4_GRVW4_K1_SU32_SUS256_TT8_4,NO_CHECK,2316.87,926.888,,0.125,4,32,0.125,1,1,1,25690112,524288,,,,,,,,,,2026-04-18 15:24:11.
0,10/111,18/19,Contraction_l_Alik_Bjlk_Cijk_Dijk,"(16,8192,1,8192)",Cijk_Alik_Bjlk_I8II_BH_MT64x128x32_SN_GLVWA4_GRVW4_K1_SU0_SUS0_TT4_8,NO_CHECK,1358.42,1580.87,,0.25,2,32,0.25,1,1,1,25690112,524288,,,,,,,,,,2026-04-18 15:24:11.
0,10/111,19/19,Contraction_l_Alik_Bjlk_Cijk_Dijk,"(16,8192,1,8192)",Cijk_Alik_Bjlk_I8II_BH_MT64x128x32_SN_GLVWA4_GRVW4_K1_SU32_SUS256_TT4_8,NO_CHECK,1234.34,1739.79,,0.25,2,32,0.25,1,1,1,25690112,524288,,,,,,,,,,2026-04-18 15:24:11.
0,11/111,0/19,Contraction_l_Alik_Bjlk_Cijk_Dijk,"(16,8192,1,14336)",Cijk_Alik_Bjlk_I8II_BH_MT64x64x16_SN_GLVWA4_GRVW4_K1_SU0_SUS0_TT4_4,NO_CHECK,2569.48,1462.59,,0.25,4,32,0.25,1,1,1,59244544,524288,,,,,,,,,,2026-04-18 15:24:11.
0,11/111,1/19,Contraction_l_Alik_Bjlk_Cijk_Dijk,"(16,8192,1,14336)",Cijk_Alik_Bjlk_I8II_BH_MT64x64x16_SN_GLVWA4_GRVW8_K1_SU0_SUS0_TT4_4,NO_CHECK,2815.4,1334.83,,0.25,4,32,0.25,1,1,1,59244544,524288,,,,,,,,,,2026-04-18 15:24:11.
0,11/111,2/19,Contraction_l_Alik_Bjlk_Cijk_Dijk,"(16,8192,1,14336)",Cijk_Alik_Bjlk_I8II_BH_MT64x64x16_SN_GLVWA4_GRVW16_K1_SU0_SUS0_TT4_4,NO_CHECK,2554.52,1471.16,,0.25,4,32,0.25,1,1,1,59244544,524288,,,,,,,,,,2026-04-18 15:24:11.
0,11/111,3/19,Contraction_l_Alik_Bjlk_Cijk_Dijk,"(16,8192,1,14336)",Cijk_Alik_Bjlk_I8II_BH_MT64x64x16_SN_GLVWA4_GRVW4_K1_SU32_SUS256_TT4_4,NO_CHECK,2554.84,1470.97,,0.25,4,32,0.25,1,1,1,59244544,524288,,,,,,,,,,2026-04-18 15:24:11.
0,11/111,4/19,Contraction_l_Alik_Bjlk_Cijk_Dijk,"(16,8192,1,14336)",Cijk_Alik_Bjlk_I8II_BH_MT64x64x16_SN_GLVWA4_GRVW8_K1_SU32_SUS256_TT4_4,NO_CHECK,2549.44,1474.09,,0.25,4,32,0.25,1,1,1,59244544,524288,,,,,,,,,,2026-04-18 15:24:11.
0,11/111,5/19,Contraction_l_Alik_Bjlk_Cijk_Dijk,"(16,8192,1,14336)",Cijk_Alik_Bjlk_I8II_BH_MT64x64x16_SN_GLVWA4_GRVW16_K1_SU32_SUS256_TT4_4,NO_CHECK,2665.56,1409.87,,0.25,4,32,0.25,1,1,1,59244544,524288,,,,,,,,,,2026-04-18 15:24:11.
0,11/111,6/19,Contraction_l_Alik_Bjlk_Cijk_Dijk,"(16,8192,1,14336)",Cijk_Alik_Bjlk_I8II_BH_MT128x64x16_SN_GLVWA4_GRVW4_K1_SU0_SUS0_TT8_4,NO_CHECK,4016.54,935.655,,0.125,4,32,0.125,1,1,1,44564480,524288,,,,,,,,,,2026-04-18 15:24:11.
0,11/111,7/19,Contraction_l_Alik_Bjlk_Cijk_Dijk,"(16,8192,1,14336)",Cijk_Alik_Bjlk_I8II_BH_MT128x64x16_SN_GLVWA8_GRVW8_K1_SU0_SUS0_TT8_4,NO_CHECK,4108.86,914.632,,0.125,4,32,0.125,1,1,1,44564480,524288,,,,,,,,,,2026-04-18 15:24:11.
0,11/111,8/19,Contraction_l_Alik_Bjlk_Cijk_Dijk,"(16,8192,1,14336)",Cijk_Alik_Bjlk_I8II_BH_MT128x64x16_SN_GLVWA8_GRVW16_K1_SU0_SUS0_TT8_4,NO_CHECK,4003.82,938.628,,0.125,4,32,0.125,1,1,1,44564480,524288,,,,,,,,,,2026-04-18 15:24:11.
0,11/111,9/19,Contraction_l_Alik_Bjlk_Cijk_Dijk,"(16,8192,1,14336)",Cijk_Alik_Bjlk_I8II_BH_MT128x64x16_SN_GLVWA4_GRVW4_K1_SU32_SUS256_TT8_4,NO_CHECK,4098.7,916.899,,0.125,4,32,0.125,1,1,1,44564480,524288,,,,,,,,,,2026-04-18 15:24:11.
0,11/111,10/19,Contraction_l_Alik_Bjlk_Cijk_Dijk,"(16,8192,1,14336)",Cijk_Alik_Bjlk_I8II_BH_MT128x64x16_SN_GLVWA8_GRVW8_K1_SU32_SUS256_TT8_4,NO_CHECK,4002.62,938.909,,0.125,4,32,0.125,1,1,1,44564480,524288,,,,,,,,,,2026-04-18 15:24:11.
0,11/111,11/19,Contraction_l_Alik_Bjlk_Cijk_Dijk,"(16,8192,1,14336)",Cijk_Alik_Bjlk_I8II_BH_MT128x64x16_SN_GLVWA8_GRVW16_K1_SU32_SUS256_TT8_4,NO_CHECK,4109.62,914.463,,0.125,4,32,0.125,1,1,1,44564480,524288,,,,,,,,,,2026-04-18 15:24:11.
0,11/111,12/19,Contraction_l_Alik_Bjlk_Cijk_Dijk,"(16,8192,1,14336)",Cijk_Alik_Bjlk_I8II_BH_MT64x128x16_SN_GLVWA4_GRVW4_K1_SU0_SUS0_TT4_8,NO_CHECK,2060.03,1824.29,,0.25,2,32,0.25,1,1,1,44564480,524288,,,,,,,,,,2026-04-18 15:24:11.
0,11/111,13/19,Contraction_l_Alik_Bjlk_Cijk_Dijk,"(16,8192,1,14336)",Cijk_Alik_Bjlk_I8II_BH_MT64x128x16_SN_GLVWA4_GRVW4_K1_SU32_SUS256_TT4_8,NO_CHECK,2064.83,1820.05,,0.25,2,32,0.25,1,1,1,44564480,524288,,,,,,,,,,2026-04-18 15:24:11.
0,11/111,14/19,Contraction_l_Alik_Bjlk_Cijk_Dijk,"(16,8192,1,14336)",Cijk_Alik_Bjlk_I8II_BH_MT64x64x32_SN_GLVWA4_GRVW4_K1_SU0_SUS0_TT4_4,NO_CHECK,2645.08,1420.79,,0.25,4,32,0.25,1,1,1,59244544,524288,,,,,,,,,,2026-04-18 15:24:11.
0,11/111,15/19,Contraction_l_Alik_Bjlk_Cijk_Dijk,"(16,8192,1,14336)",Cijk_Alik_Bjlk_I8II_BH_MT64x64x32_SN_GLVWA4_GRVW4_K1_SU32_SUS256_TT4_4,NO_CHECK,2554.4,1471.23,,0.25,4,32,0.25,1,1,1,59244544,524288,,,,,,,,,,2026-04-18 15:24:11.
0,11/111,16/19,Contraction_l_Alik_Bjlk_Cijk_Dijk,"(16,8192,1,14336)",Cijk_Alik_Bjlk_I8II_BH_MT128x64x32_SN_GLVWA4_GRVW4_K1_SU0_SUS0_TT8_4,NO_CHECK,4165.66,902.161,,0.125,4,32,0.125,1,1,1,44564480,524288,,,,,,,,,,2026-04-18 15:24:11.
0,11/111,17/19,Contraction_l_Alik_Bjlk_Cijk_Dijk,"(16,8192,1,14336)",Cijk_Alik_Bjlk_I8II_BH_MT128x64x32_SN_GLVWA4_GRVW4_K1_SU32_SUS256_TT8_4,NO_CHECK,4007.54,937.756,,0.125,4,32,0.125,1,1,1,44564480,524288,,,,,,,,,,2026-04-18 15:24:11.
0,11/111,18/19,Contraction_l_Alik_Bjlk_Cijk_Dijk,"(16,8192,1,14336)",Cijk_Alik_Bjlk_I8II_BH_MT64x128x32_SN_GLVWA4_GRVW4_K1_SU0_SUS0_TT4_8,NO_CHECK,2067.43,1817.76,,0.25,2,32,0.25,1,1,1,44564480,524288,,,,,,,,,,2026-04-18 15:24:11.
0,11/111,19/19,Contraction_l_Alik_Bjlk_Cijk_Dijk,"(16,8192,1,14336)",Cijk_Alik_Bjlk_I8II_BH_MT64x128x32_SN_GLVWA4_GRVW4_K1_SU32_SUS256_TT4_8,NO_CHECK,2210.75,1699.92,,0.25,2,32,0.25,1,1,1,44564480,524288,,,,,,,,,,2026-04-18 15:24:11.
0,12/111,0/19,Contraction_l_Alik_Bjlk_Cijk_Dijk,"(16,14336,1,1024)",Cijk_Alik_Bjlk_I8II_BH_MT64x64x16_SN_GLVWA4_GRVW4_K1_SU0_SUS0_TT4_4,NO_CHECK,332.845,1411.35,,0.25,7,32,0.25,1,1,1,8257536,917504,,,,,,,,,,2026-04-18 15:24:11.
0,12/111,1/19,Contraction_l_Alik_Bjlk_Cijk_Dijk,"(16,14336,1,1024)",Cijk_Alik_Bjlk_I8II_BH_MT64x64x16_SN_GLVWA4_GRVW8_K1_SU0_SUS0_TT4_4,NO_CHECK,424.367,1106.97,,0.25,7,32,0.25,1,1,1,8257536,917504,,,,,,,,,,2026-04-18 15:24:11.
0,12/111,2/19,Contraction_l_Alik_Bjlk_Cijk_Dijk,"(16,14336,1,1024)",Cijk_Alik_Bjlk_I8II_BH_MT64x64x16_SN_GLVWA4_GRVW16_K1_SU0_SUS0_TT4_4,NO_CHECK,323.245,1453.27,,0.25,7,32,0.25,1,1,1,8257536,917504,,,,,,,,,,2026-04-18 15:24:11.
0,12/111,3/19,Contraction_l_Alik_Bjlk_Cijk_Dijk,"(16,14336,1,1024)",Cijk_Alik_Bjlk_I8II_BH_MT64x64x16_SN_GLVWA4_GRVW4_K1_SU32_SUS256_TT4_4,NO_CHECK,323.965,1450.04,,0.25,7,32,0.25,1,1,1,8257536,917504,,,,,,,,,,2026-04-18 15:24:11.
0,12/111,4/19,Contraction_l_Alik_Bjlk_Cijk_Dijk,"(16,14336,1,1024)",Cijk_Alik_Bjlk_I8II_BH_MT64x64x16_SN_GLVWA4_GRVW8_K1_SU32_SUS256_TT4_4,NO_CHECK,323.965,1450.04,,0.25,7,32,0.25,1,1,1,8257536,917504,,,,,,,,,,2026-04-18 15:24:11.
0,12/111,5/19,Contraction_l_Alik_Bjlk_Cijk_Dijk,"(16,14336,1,1024)",Cijk_Alik_Bjlk_I8II_BH_MT64x64x16_SN_GLVWA4_GRVW16_K1_SU32_SUS256_TT4_4,NO_CHECK,325.765,1442.03,,0.25,7,32,0.25,1,1,1,8257536,917504,,,,,,,,,,2026-04-18 15:24:11.
0,12/111,6/19,Contraction_l_Alik_Bjlk_Cijk_Dijk,"(16,14336,1,1024)",Cijk_Alik_Bjlk_I8II_BH_MT128x64x16_SN_GLVWA4_GRVW4_K1_SU0_SUS0_TT8_4,NO_CHECK,508.088,924.568,,0.125,7,32,0.125,1,1,1,6422528,917504,,,,,,,,,,2026-04-18 15:24:11.
0,12/111,7/19,Contraction_l_Alik_Bjlk_Cijk_Dijk,"(16,14336,1,1024)",Cijk_Alik_Bjlk_I8II_BH_MT128x64x16_SN_GLVWA8_GRVW8_K1_SU0_SUS0_TT8_4,NO_CHECK,508.288,924.204,,0.125,7,32,0.125,1,1,1,6422528,917504,,,,,,,,,,2026-04-18 15:24:11.
0,12/111,8/19,Contraction_l_Alik_Bjlk_Cijk_Dijk,"(16,14336,1,1024)",Cijk_Alik_Bjlk_I8II_BH_MT128x64x16_SN_GLVWA8_GRVW16_K1_SU0_SUS0_TT8_4,NO_CHECK,508.007,924.716,,0.125,7,32,0.125,1,1,1,6422528,917504,,,,,,,,,,2026-04-18 15:24:11.
0,12/111,9/19,Contraction_l_Alik_Bjlk_Cijk_Dijk,"(16,14336,1,1024)",Cijk_Alik_Bjlk_I8II_BH_MT128x64x16_SN_GLVWA4_GRVW4_K1_SU32_SUS256_TT8_4,NO_CHECK,509.008,922.897,,0.125,7,32,0.125,1,1,1,6422528,917504,,,,,,,,,,2026-04-18 15:24:11.
0,12/111,10/19,Contraction_l_Alik_Bjlk_Cijk_Dijk,"(16,14336,1,1024)",Cijk_Alik_Bjlk_I8II_BH_MT128x64x16_SN_GLVWA8_GRVW8_K1_SU32_SUS256_TT8_4,NO_CHECK,507.128,926.318,,0.125,7,32,0.125,1,1,1,6422528,917504,,,,,,,,,,2026-04-18 15:24:11.
0,12/111,11/19,Contraction_l_Alik_Bjlk_Cijk_Dijk,"(16,14336,1,1024)",Cijk_Alik_Bjlk_I8II_BH_MT128x64x16_SN_GLVWA8_GRVW16_K1_SU32_SUS256_TT8_4,NO_CHECK,603.129,778.875,,0.125,7,32,0.125,1,1,1,6422528,917504,,,,,,,,,,2026-04-18 15:24:11.
0,12/111,12/19,Contraction_l_Alik_Bjlk_Cijk_Dijk,"(16,14336,1,1024)",Cijk_Alik_Bjlk_I8II_BH_MT64x128x16_SN_GLVWA4_GRVW4_K1_SU0_SUS0_TT4_8,NO_CHECK,307.084,1529.75,,0.21875,3.5,32,0.25,1,0.875,1,6422528,917504,,,,,,,,,,2026-04-18 15:24:11.
0,12/111,13/19,Contraction_l_Alik_Bjlk_Cijk_Dijk,"(16,14336,1,1024)",Cijk_Alik_Bjlk_I8II_BH_MT64x128x16_SN_GLVWA4_GRVW4_K1_SU32_SUS256_TT4_8,NO_CHECK,297.884,1577,,0.21875,3.5,32,0.25,1,0.875,1,6422528,917504,,,,,,,,,,2026-04-18 15:24:11.
0,12/111,14/19,Contraction_l_Alik_Bjlk_Cijk_Dijk,"(16,14336,1,1024)",Cijk_Alik_Bjlk_I8II_BH_MT64x64x32_SN_GLVWA4_GRVW4_K1_SU0_SUS0_TT4_4,NO_CHECK,324.325,1448.43,,0.25,7,32,0.25,1,1,1,8257536,917504,,,,,,,,,,2026-04-18 15:24:11.
0,12/111,15/19,Contraction_l_Alik_Bjlk_Cijk_Dijk,"(16,14336,1,1024)",Cijk_Alik_Bjlk_I8II_BH_MT64x64x32_SN_GLVWA4_GRVW4_K1_SU32_SUS256_TT4_4,NO_CHECK,324.525,1447.54,,0.25,7,32,0.25,1,1,1,8257536,917504,,,,,,,,,,2026-04-18 15:24:11.
0,12/111,16/19,Contraction_l_Alik_Bjlk_Cijk_Dijk,"(16,14336,1,1024)",Cijk_Alik_Bjlk_I8II_BH_MT128x64x32_SN_GLVWA4_GRVW4_K1_SU0_SUS0_TT8_4,NO_CHECK,515.087,912.005,,0.125,7,32,0.125,1,1,1,6422528,917504,,,,,,,,,,2026-04-18 15:24:11.
0,12/111,17/19,Contraction_l_Alik_Bjlk_Cijk_Dijk,"(16,14336,1,1024)",Cijk_Alik_Bjlk_I8II_BH_MT128x64x32_SN_GLVWA4_GRVW4_K1_SU32_SUS256_TT8_4,NO_CHECK,506.488,927.489,,0.125,7,32,0.125,1,1,1,6422528,917504,,,,,,,,,,2026-04-18 15:24:11.
0,12/111,18/19,Contraction_l_Alik_Bjlk_Cijk_Dijk,"(16,14336,1,1024)",Cijk_Alik_Bjlk_I8II_BH_MT64x128x32_SN_GLVWA4_GRVW4_K1_SU0_SUS0_TT4_8,NO_CHECK,301.925,1555.89,,0.21875,3.5,32,0.25,1,0.875,1,6422528,917504,,,,,,,,,,2026-04-18 15:24:11.
0,12/111,19/19,Contraction_l_Alik_Bjlk_Cijk_Dijk,"(16,14336,1,1024)",Cijk_Alik_Bjlk_I8II_BH_MT64x128x32_SN_GLVWA4_GRVW4_K1_SU32_SUS256_TT4_8,NO_CHECK,297.524,1578.9,,0.21875,3.5,32,0.25,1,0.875,1,6422528,917504,,,,,,,,,,2026-04-18 15:24:11.
0,13/111,0/19,Contraction_l_Alik_Bjlk_Cijk_Dijk,"(16,14336,1,4096)",Cijk_Alik_Bjlk_I8II_BH_MT64x64x16_SN_GLVWA4_GRVW4_K1_SU0_SUS0_TT4_4,NO_CHECK,1494.74,1257.11,,0.25,7,32,0.25,1,1,1,30277632,917504,,,,,,,,,,2026-04-18 15:24:11.
0,13/111,1/19,Contraction_l_Alik_Bjlk_Cijk_Dijk,"(16,14336,1,4096)",Cijk_Alik_Bjlk_I8II_BH_MT64x64x16_SN_GLVWA4_GRVW8_K1_SU0_SUS0_TT4_4,NO_CHECK,1274.5,1474.34,,0.25,7,32,0.25,1,1,1,30277632,917504,,,,,,,,,,2026-04-18 15:24:11.
0,13/111,2/19,Contraction_l_Alik_Bjlk_Cijk_Dijk,"(16,14336,1,4096)",Cijk_Alik_Bjlk_I8II_BH_MT64x64x16_SN_GLVWA4_GRVW16_K1_SU0_SUS0_TT4_4,NO_CHECK,1268.26,1481.6,,0.25,7,32,0.25,1,1,1,30277632,917504,,,,,,,,,,2026-04-18 15:24:11.
0,13/111,3/19,Contraction_l_Alik_Bjlk_Cijk_Dijk,"(16,14336,1,4096)",Cijk_Alik_Bjlk_I8II_BH_MT64x64x16_SN_GLVWA4_GRVW4_K1_SU32_SUS256_TT4_4,NO_CHECK,1279.58,1468.49,,0.25,7,32,0.25,1,1,1,30277632,917504,,,,,,,,,,2026-04-18 15:24:11.
0,13/111,4/19,Contraction_l_Alik_Bjlk_Cijk_Dijk,"(16,14336,1,4096)",Cijk_Alik_Bjlk_I8II_BH_MT64x64x16_SN_GLVWA4_GRVW8_K1_SU32_SUS256_TT4_4,NO_CHECK,1258.74,1492.8,,0.25,7,32,0.25,1,1,1,30277632,917504,,,,,,,,,,2026-04-18 15:24:11.
0,13/111,5/19,Contraction_l_Alik_Bjlk_Cijk_Dijk,"(16,14336,1,4096)",Cijk_Alik_Bjlk_I8II_BH_MT64x64x16_SN_GLVWA4_GRVW16_K1_SU32_SUS256_TT4_4,NO_CHECK,1269.58,1480.06,,0.25,7,32,0.25,1,1,1,30277632,917504,,,,,,,,,,2026-04-18 15:24:11.
0,13/111,6/19,Contraction_l_Alik_Bjlk_Cijk_Dijk,"(16,14336,1,4096)",Cijk_Alik_Bjlk_I8II_BH_MT128x64x16_SN_GLVWA4_GRVW4_K1_SU0_SUS0_TT8_4,NO_CHECK,1989.87,944.307,,0.125,7,32,0.125,1,1,1,22937600,917504,,,,,,,,,,2026-04-18 15:24:11.
0,13/111,7/19,Contraction_l_Alik_Bjlk_Cijk_Dijk,"(16,14336,1,4096)",Cijk_Alik_Bjlk_I8II_BH_MT128x64x16_SN_GLVWA8_GRVW8_K1_SU0_SUS0_TT8_4,NO_CHECK,2192.15,857.17,,0.125,7,32,0.125,1,1,1,22937600,917504,,,,,,,,,,2026-04-18 15:24:11.
0,13/111,8/19,Contraction_l_Alik_Bjlk_Cijk_Dijk,"(16,14336,1,4096)",Cijk_Alik_Bjlk_I8II_BH_MT128x64x16_SN_GLVWA8_GRVW16_K1_SU0_SUS0_TT8_4,NO_CHECK,1986.95,945.695,,0.125,7,32,0.125,1,1,1,22937600,917504,,,,,,,,,,2026-04-18 15:24:11.
0,13/111,9/19,Contraction_l_Alik_Bjlk_Cijk_Dijk,"(16,14336,1,4096)",Cijk_Alik_Bjlk_I8II_BH_MT128x64x16_SN_GLVWA4_GRVW4_K1_SU32_SUS256_TT8_4,NO_CHECK,1981.11,948.483,,0.125,7,32,0.125,1,1,1,22937600,917504,,,,,,,,,,2026-04-18 15:24:11.
0,13/111,10/19,Contraction_l_Alik_Bjlk_Cijk_Dijk,"(16,14336,1,4096)",Cijk_Alik_Bjlk_I8II_BH_MT128x64x16_SN_GLVWA8_GRVW8_K1_SU32_SUS256_TT8_4,NO_CHECK,1986.55,945.886,,0.125,7,32,0.125,1,1,1,22937600,917504,,,,,,,,,,2026-04-18 15:24:11.
0,13/111,11/19,Contraction_l_Alik_Bjlk_Cijk_Dijk,"(16,14336,1,4096)",Cijk_Alik_Bjlk_I8II_BH_MT128x64x16_SN_GLVWA8_GRVW16_K1_SU32_SUS256_TT8_4,NO_CHECK,1981.59,948.253,,0.125,7,32,0.125,1,1,1,22937600,917504,,,,,,,,,,2026-04-18 15:24:11.
0,13/111,12/19,Contraction_l_Alik_Bjlk_Cijk_Dijk,"(16,14336,1,4096)",Cijk_Alik_Bjlk_I8II_BH_MT64x128x16_SN_GLVWA4_GRVW4_K1_SU0_SUS0_TT4_8,NO_CHECK,1170.7,1605.07,,0.21875,3.5,32,0.25,1,0.875,1,22937600,917504,,,,,,,,,,2026-04-18 15:24:11.
0,13/111,13/19,Contraction_l_Alik_Bjlk_Cijk_Dijk,"(16,14336,1,4096)",Cijk_Alik_Bjlk_I8II_BH_MT64x128x16_SN_GLVWA4_GRVW4_K1_SU32_SUS256_TT4_8,NO_CHECK,1166.54,1610.79,,0.21875,3.5,32,0.25,1,0.875,1,22937600,917504,,,,,,,,,,2026-04-18 15:24:11.
0,13/111,14/19,Contraction_l_Alik_Bjlk_Cijk_Dijk,"(16,14336,1,4096)",Cijk_Alik_Bjlk_I8II_BH_MT64x64x32_SN_GLVWA4_GRVW4_K1_SU0_SUS0_TT4_4,NO_CHECK,1293.3,1452.91,,0.25,7,32,0.25,1,1,1,30277632,917504,,,,,,,,,,2026-04-18 15:24:11.
0,13/111,15/19,Contraction_l_Alik_Bjlk_Cijk_Dijk,"(16,14336,1,4096)",Cijk_Alik_Bjlk_I8II_BH_MT64x64x32_SN_GLVWA4_GRVW4_K1_SU32_SUS256_TT4_4,NO_CHECK,1438.34,1306.4,,0.25,7,32,0.25,1,1,1,30277632,917504,,,,,,,,,,2026-04-18 15:24:11.
0,13/111,16/19,Contraction_l_Alik_Bjlk_Cijk_Dijk,"(16,14336,1,4096)",Cijk_Alik_Bjlk_I8II_BH_MT128x64x32_SN_GLVWA4_GRVW4_K1_SU0_SUS0_TT8_4,NO_CHECK,2036.15,922.844,,0.125,7,32,0.125,1,1,1,22937600,917504,,,,,,,,,,2026-04-18 15:24:11.
0,13/111,17/19,Contraction_l_Alik_Bjlk_Cijk_Dijk,"(16,14336,1,4096)",Cijk_Alik_Bjlk_I8II_BH_MT128x64x32_SN_GLVWA4_GRVW4_K1_SU32_SUS256_TT8_4,NO_CHECK,2008.71,935.451,,0.125,7,32,0.125,1,1,1,22937600,917504,,,,,,,,,,2026-04-18 15:24:11.
0,13/111,18/19,Contraction_l_Alik_Bjlk_Cijk_Dijk,"(16,14336,1,4096)",Cijk_Alik_Bjlk_I8II_BH_MT64x128x32_SN_GLVWA4_GRVW4_K1_SU0_SUS0_TT4_8,NO_CHECK,1181.1,1590.93,,0.21875,3.5,32,0.25,1,0.875,1,22937600,917504,,,,,,,,,,2026-04-18 15:24:11.
0,13/111,19/19,Contraction_l_Alik_Bjlk_Cijk_Dijk,"(16,14336,1,4096)",Cijk_Alik_Bjlk_I8II_BH_MT64x128x32_SN_GLVWA4_GRVW4_K1_SU32_SUS256_TT4_8,NO_CHECK,1175.1,1599.06,,0.21875,3.5,32,0.25,1,0.875,1,22937600,917504,,,,,,,,,,2026-04-18 15:24:11.
0,14/111,0/19,Contraction_l_Alik_Bjlk_Cijk_Dijk,"(16,14336,1,8192)",Cijk_Alik_Bjlk_I8II_BH_MT64x64x16_SN_GLVWA4_GRVW4_K1_SU0_SUS0_TT4_4,NO_CHECK,2522.32,1489.94,,0.25,7,32,0.25,1,1,1,59637760,917504,,,,,,,,,,2026-04-18 15:24:11.
0,14/111,1/19,Contraction_l_Alik_Bjlk_Cijk_Dijk,"(16,14336,1,8192)",Cijk_Alik_Bjlk_I8II_BH_MT64x64x16_SN_GLVWA4_GRVW8_K1_SU0_SUS0_TT4_4,NO_CHECK,2767.48,1357.95,,0.25,7,32,0.25,1,1,1,59637760,917504,,,,,,,,,,2026-04-18 15:24:11.
0,14/111,2/19,Contraction_l_Alik_Bjlk_Cijk_Dijk,"(16,14336,1,8192)",Cijk_Alik_Bjlk_I8II_BH_MT64x64x16_SN_GLVWA4_GRVW16_K1_SU0_SUS0_TT4_4,NO_CHECK,2508.68,1498.04,,0.25,7,32,0.25,1,1,1,59637760,917504,,,,,,,,,,2026-04-18 15:24:11.
0,14/111,3/19,Contraction_l_Alik_Bjlk_Cijk_Dijk,"(16,14336,1,8192)",Cijk_Alik_Bjlk_I8II_BH_MT64x64x16_SN_GLVWA4_GRVW4_K1_SU32_SUS256_TT4_4,NO_CHECK,2712.56,1385.44,,0.25,7,32,0.25,1,1,1,59637760,917504,,,,,,,,,,2026-04-18 15:24:11.
0,14/111,4/19,Contraction_l_Alik_Bjlk_Cijk_Dijk,"(16,14336,1,8192)",Cijk_Alik_Bjlk_I8II_BH_MT64x64x16_SN_GLVWA4_GRVW8_K1_SU32_SUS256_TT4_4,NO_CHECK,2522.16,1490.03,,0.25,7,32,0.25,1,1,1,59637760,917504,,,,,,,,,,2026-04-18 15:24:11.
0,14/111,5/19,Contraction_l_Alik_Bjlk_Cijk_Dijk,"(16,14336,1,8192)",Cijk_Alik_Bjlk_I8II_BH_MT64x64x16_SN_GLVWA4_GRVW16_K1_SU32_SUS256_TT4_4,NO_CHECK,2510.28,1497.08,,0.25,7,32,0.25,1,1,1,59637760,917504,,,,,,,,,,2026-04-18 15:24:11.
0,14/111,6/19,Contraction_l_Alik_Bjlk_Cijk_Dijk,"(16,14336,1,8192)",Cijk_Alik_Bjlk_I8II_BH_MT128x64x16_SN_GLVWA4_GRVW4_K1_SU0_SUS0_TT8_4,NO_CHECK,3946.62,952.232,,0.125,7,32,0.125,1,1,1,44957696,917504,,,,,,,,,,2026-04-18 15:24:11.
0,14/111,7/19,Contraction_l_Alik_Bjlk_Cijk_Dijk,"(16,14336,1,8192)",Cijk_Alik_Bjlk_I8II_BH_MT128x64x16_SN_GLVWA8_GRVW8_K1_SU0_SUS0_TT8_4,NO_CHECK,3953.7,950.527,,0.125,7,32,0.125,1,1,1,44957696,917504,,,,,,,,,,2026-04-18 15:24:11.
0,14/111,8/19,Contraction_l_Alik_Bjlk_Cijk_Dijk,"(16,14336,1,8192)",Cijk_Alik_Bjlk_I8II_BH_MT128x64x16_SN_GLVWA8_GRVW16_K1_SU0_SUS0_TT8_4,NO_CHECK,3960.46,948.904,,0.125,7,32,0.125,1,1,1,44957696,917504,,,,,,,,,,2026-04-18 15:24:11.
0,14/111,9/19,Contraction_l_Alik_Bjlk_Cijk_Dijk,"(16,14336,1,8192)",Cijk_Alik_Bjlk_I8II_BH_MT128x64x16_SN_GLVWA4_GRVW4_K1_SU32_SUS256_TT8_4,NO_CHECK,3953.86,950.488,,0.125,7,32,0.125,1,1,1,44957696,917504,,,,,,,,,,2026-04-18 15:24:11.
0,14/111,10/19,Contraction_l_Alik_Bjlk_Cijk_Dijk,"(16,14336,1,8192)",Cijk_Alik_Bjlk_I8II_BH_MT128x64x16_SN_GLVWA8_GRVW8_K1_SU32_SUS256_TT8_4,NO_CHECK,3946.46,952.271,,0.125,7,32,0.125,1,1,1,44957696,917504,,,,,,,,,,2026-04-18 15:24:11.
0,14/111,11/19,Contraction_l_Alik_Bjlk_Cijk_Dijk,"(16,14336,1,8192)",Cijk_Alik_Bjlk_I8II_BH_MT128x64x16_SN_GLVWA8_GRVW16_K1_SU32_SUS256_TT8_4,NO_CHECK,3955.74,950.037,,0.125,7,32,0.125,1,1,1,44957696,917504,,,,,,,,,,2026-04-18 15:24:11.
0,14/111,12/19,Contraction_l_Alik_Bjlk_Cijk_Dijk,"(16,14336,1,8192)",Cijk_Alik_Bjlk_I8II_BH_MT64x128x16_SN_GLVWA4_GRVW4_K1_SU0_SUS0_TT4_8,NO_CHECK,2388.51,1573.4,,0.21875,3.5,32,0.25,1,0.875,1,44957696,917504,,,,,,,,,,2026-04-18 15:24:11.
0,14/111,13/19,Contraction_l_Alik_Bjlk_Cijk_Dijk,"(16,14336,1,8192)",Cijk_Alik_Bjlk_I8II_BH_MT64x128x16_SN_GLVWA4_GRVW4_K1_SU32_SUS256_TT4_8,NO_CHECK,2300.59,1633.53,,0.21875,3.5,32,0.25,1,0.875,1,44957696,917504,,,,,,,,,,2026-04-18 15:24:11.
0,14/111,14/19,Contraction_l_Alik_Bjlk_Cijk_Dijk,"(16,14336,1,8192)",Cijk_Alik_Bjlk_I8II_BH_MT64x64x32_SN_GLVWA4_GRVW4_K1_SU0_SUS0_TT4_4,NO_CHECK,2541.36,1478.78,,0.25,7,32,0.25,1,1,1,59637760,917504,,,,,,,,,,2026-04-18 15:24:11.
0,14/111,15/19,Contraction_l_Alik_Bjlk_Cijk_Dijk,"(16,14336,1,8192)",Cijk_Alik_Bjlk_I8II_BH_MT64x64x32_SN_GLVWA4_GRVW4_K1_SU32_SUS256_TT4_4,NO_CHECK,2520.96,1490.74,,0.25,7,32,0.25,1,1,1,59637760,917504,,,,,,,,,,2026-04-18 15:24:11.
0,14/111,16/19,Contraction_l_Alik_Bjlk_Cijk_Dijk,"(16,14336,1,8192)",Cijk_Alik_Bjlk_I8II_BH_MT128x64x32_SN_GLVWA4_GRVW4_K1_SU0_SUS0_TT8_4,NO_CHECK,3952.94,950.71,,0.125,7,32,0.125,1,1,1,44957696,917504,,,,,,,,,,2026-04-18 15:24:11.
0,14/111,17/19,Contraction_l_Alik_Bjlk_Cijk_Dijk,"(16,14336,1,8192)",Cijk_Alik_Bjlk_I8II_BH_MT128x64x32_SN_GLVWA4_GRVW4_K1_SU32_SUS256_TT8_4,NO_CHECK,3944.5,952.744,,0.125,7,32,0.125,1,1,1,44957696,917504,,,,,,,,,,2026-04-18 15:24:11.
0,14/111,18/19,Contraction_l_Alik_Bjlk_Cijk_Dijk,"(16,14336,1,8192)",Cijk_Alik_Bjlk_I8II_BH_MT64x128x32_SN_GLVWA4_GRVW4_K1_SU0_SUS0_TT4_8,NO_CHECK,2292.23,1639.49,,0.21875,3.5,32,0.25,1,0.875,1,44957696,917504,,,,,,,,,,2026-04-18 15:24:11.
0,14/111,19/19,Contraction_l_Alik_Bjlk_Cijk_Dijk,"(16,14336,1,8192)",Cijk_Alik_Bjlk_I8II_BH_MT64x128x32_SN_GLVWA4_GRVW4_K1_SU32_SUS256_TT4_8,NO_CHECK,2288.75,1641.98,,0.21875,3.5,32,0.25,1,0.875,1,44957696,917504,,,,,,,,,,2026-04-18 15:24:11.
0,15/111,0/19,Contraction_l_Alik_Bjlk_Cijk_Dijk,"(16,14336,1,14336)",Cijk_Alik_Bjlk_I8II_BH_MT64x64x16_SN_GLVWA4_GRVW4_K1_SU0_SUS0_TT4_4,NO_CHECK,4600.47,1429.57,,0.25,7,32,0.25,1,1,1,103677952,917504,,,,,,,,,,2026-04-18 15:24:11.
0,15/111,1/19,Contraction_l_Alik_Bjlk_Cijk_Dijk,"(16,14336,1,14336)",Cijk_Alik_Bjlk_I8II_BH_MT64x64x16_SN_GLVWA4_GRVW8_K1_SU0_SUS0_TT4_4,NO_CHECK,4400.3,1494.59,,0.25,7,32,0.25,1,1,1,103677952,917504,,,,,,,,,,2026-04-18 15:24:11.
0,15/111,2/19,Contraction_l_Alik_Bjlk_Cijk_Dijk,"(16,14336,1,14336)",Cijk_Alik_Bjlk_I8II_BH_MT64x64x16_SN_GLVWA4_GRVW16_K1_SU0_SUS0_TT4_4,NO_CHECK,4393.86,1496.78,,0.25,7,32,0.25,1,1,1,103677952,917504,,,,,,,,,,2026-04-18 15:24:11.
0,15/111,3/19,Contraction_l_Alik_Bjlk_Cijk_Dijk,"(16,14336,1,14336)",Cijk_Alik_Bjlk_I8II_BH_MT64x64x16_SN_GLVWA4_GRVW4_K1_SU32_SUS256_TT4_4,NO_CHECK,4539.75,1448.69,,0.25,7,32,0.25,1,1,1,103677952,917504,,,,,,,,,,2026-04-18 15:24:11.
0,15/111,4/19,Contraction_l_Alik_Bjlk_Cijk_Dijk,"(16,14336,1,14336)",Cijk_Alik_Bjlk_I8II_BH_MT64x64x16_SN_GLVWA4_GRVW8_K1_SU32_SUS256_TT4_4,NO_CHECK,4392.58,1497.22,,0.25,7,32,0.25,1,1,1,103677952,917504,,,,,,,,,,2026-04-18 15:24:11.
0,15/111,5/19,Contraction_l_Alik_Bjlk_Cijk_Dijk,"(16,14336,1,14336)",Cijk_Alik_Bjlk_I8II_BH_MT64x64x16_SN_GLVWA4_GRVW16_K1_SU32_SUS256_TT4_4,NO_CHECK,4386.7,1499.23,,0.25,7,32,0.25,1,1,1,103677952,917504,,,,,,,,,,2026-04-18 15:24:11.
0,15/111,6/19,Contraction_l_Alik_Bjlk_Cijk_Dijk,"(16,14336,1,14336)",Cijk_Alik_Bjlk_I8II_BH_MT128x64x16_SN_GLVWA4_GRVW4_K1_SU0_SUS0_TT8_4,NO_CHECK,7044.15,933.636,,0.125,7,32,0.125,1,1,1,77987840,917504,,,,,,,,,,2026-04-18 15:24:11.
0,15/111,7/19,Contraction_l_Alik_Bjlk_Cijk_Dijk,"(16,14336,1,14336)",Cijk_Alik_Bjlk_I8II_BH_MT128x64x16_SN_GLVWA8_GRVW8_K1_SU0_SUS0_TT8_4,NO_CHECK,6908.9,951.912,,0.125,7,32,0.125,1,1,1,77987840,917504,,,,,,,,,,2026-04-18 15:24:11.
0,15/111,8/19,Contraction_l_Alik_Bjlk_Cijk_Dijk,"(16,14336,1,14336)",Cijk_Alik_Bjlk_I8II_BH_MT128x64x16_SN_GLVWA8_GRVW16_K1_SU0_SUS0_TT8_4,NO_CHECK,6888.54,954.726,,0.125,7,32,0.125,1,1,1,77987840,917504,,,,,,,,,,2026-04-18 15:24:11.
0,15/111,9/19,Contraction_l_Alik_Bjlk_Cijk_Dijk,"(16,14336,1,14336)",Cijk_Alik_Bjlk_I8II_BH_MT128x64x16_SN_GLVWA4_GRVW4_K1_SU32_SUS256_TT8_4,NO_CHECK,6894.5,953.901,,0.125,7,32,0.125,1,1,1,77987840,917504,,,,,,,,,,2026-04-18 15:24:11.
0,15/111,10/19,Contraction_l_Alik_Bjlk_Cijk_Dijk,"(16,14336,1,14336)",Cijk_Alik_Bjlk_I8II_BH_MT128x64x16_SN_GLVWA8_GRVW8_K1_SU32_SUS256_TT8_4,NO_CHECK,6883.86,955.375,,0.125,7,32,0.125,1,1,1,77987840,917504,,,,,,,,,,2026-04-18 15:24:11.
0,15/111,11/19,Contraction_l_Alik_Bjlk_Cijk_Dijk,"(16,14336,1,14336)",Cijk_Alik_Bjlk_I8II_BH_MT128x64x16_SN_GLVWA8_GRVW16_K1_SU32_SUS256_TT8_4,NO_CHECK,6882.02,955.63,,0.125,7,32,0.125,1,1,1,77987840,917504,,,,,,,,,,2026-04-18 15:24:11.
0,15/111,12/19,Contraction_l_Alik_Bjlk_Cijk_Dijk,"(16,14336,1,14336)",Cijk_Alik_Bjlk_I8II_BH_MT64x128x16_SN_GLVWA4_GRVW4_K1_SU0_SUS0_TT4_8,NO_CHECK,4127.82,1593.25,,0.21875,3.5,32,0.25,1,0.875,1,77987840,917504,,,,,,,,,,2026-04-18 15:24:11.
0,15/111,13/19,Contraction_l_Alik_Bjlk_Cijk_Dijk,"(16,14336,1,14336)",Cijk_Alik_Bjlk_I8II_BH_MT64x128x16_SN_GLVWA4_GRVW4_K1_SU32_SUS256_TT4_8,NO_CHECK,4006.5,1641.5,,0.21875,3.5,32,0.25,1,0.875,1,77987840,917504,,,,,,,,,,2026-04-18 15:24:11.
0,15/111,14/19,Contraction_l_Alik_Bjlk_Cijk_Dijk,"(16,14336,1,14336)",Cijk_Alik_Bjlk_I8II_BH_MT64x64x32_SN_GLVWA4_GRVW4_K1_SU0_SUS0_TT4_4,NO_CHECK,4528.27,1452.36,,0.25,7,32,0.25,1,1,1,103677952,917504,,,,,,,,,,2026-04-18 15:24:11.
0,15/111,15/19,Contraction_l_Alik_Bjlk_Cijk_Dijk,"(16,14336,1,14336)",Cijk_Alik_Bjlk_I8II_BH_MT64x64x32_SN_GLVWA4_GRVW4_K1_SU32_SUS256_TT4_4,NO_CHECK,4380.62,1501.31,,0.25,7,32,0.25,1,1,1,103677952,917504,,,,,,,,,,2026-04-18 15:24:11.
0,15/111,16/19,Contraction_l_Alik_Bjlk_Cijk_Dijk,"(16,14336,1,14336)",Cijk_Alik_Bjlk_I8II_BH_MT128x64x32_SN_GLVWA4_GRVW4_K1_SU0_SUS0_TT8_4,NO_CHECK,6879.58,955.969,,0.125,7,32,0.125,1,1,1,77987840,917504,,,,,,,,,,2026-04-18 15:24:11.
0,15/111,17/19,Contraction_l_Alik_Bjlk_Cijk_Dijk,"(16,14336,1,14336)",Cijk_Alik_Bjlk_I8II_BH_MT128x64x32_SN_GLVWA4_GRVW4_K1_SU32_SUS256_TT8_4,NO_CHECK,6903.14,952.707,,0.125,7,32,0.125,1,1,1,77987840,917504,,,,,,,,,,2026-04-18 15:24:11.
0,15/111,18/19,Contraction_l_Alik_Bjlk_Cijk_Dijk,"(16,14336,1,14336)",Cijk_Alik_Bjlk_I8II_BH_MT64x128x32_SN_GLVWA4_GRVW4_K1_SU0_SUS0_TT4_8,NO_CHECK,3980.22,1652.34,,0.21875,3.5,32,0.25,1,0.875,1,77987840,917504,,,,,,,,,,2026-04-18 15:24:11.
0,15/111,19/19,Contraction_l_Alik_Bjlk_Cijk_Dijk,"(16,14336,1,14336)",Cijk_Alik_Bjlk_I8II_BH_MT64x128x32_SN_GLVWA4_GRVW4_K1_SU32_SUS256_TT4_8,NO_CHECK,4088.34,1608.64,,0.21875,3.5,32,0.25,1,0.875,1,77987840,917504,,,,,,,,,,2026-04-18 15:24:11.
0,16/111,0/19,Contraction_l_Alik_Bjlk_Cijk_Dijk,"(64,1024,1,1024)",Cijk_Alik_Bjlk_I8II_BH_MT64x64x16_SN_GLVWA4_GRVW4_K1_SU0_SUS0_TT4_4,NO_CHECK,77.441,1733.16,,0.5,0.5,32,1,1,0.5,1,2359296,262144,,,,,,,,,,2026-04-18 15:24:11.
0,16/111,1/19,Contraction_l_Alik_Bjlk_Cijk_Dijk,"(64,1024,1,1024)",Cijk_Alik_Bjlk_I8II_BH_MT64x64x16_SN_GLVWA4_GRVW8_K1_SU0_SUS0_TT4_4,NO_CHECK,69.081,1942.9,,0.5,0.5,32,1,1,0.5,1,2359296,262144,,,,,,,,,,2026-04-18 15:24:11.
0,16/111,2/19,Contraction_l_Alik_Bjlk_Cijk_Dijk,"(64,1024,1,1024)",Cijk_Alik_Bjlk_I8II_BH_MT64x64x16_SN_GLVWA4_GRVW16_K1_SU0_SUS0_TT4_4,NO_CHECK,68.721,1953.08,,0.5,0.5,32,1,1,0.5,1,2359296,262144,,,,,,,,,,2026-04-18 15:24:11.
0,16/111,3/19,Contraction_l_Alik_Bjlk_Cijk_Dijk,"(64,1024,1,1024)",Cijk_Alik_Bjlk_I8II_BH_MT64x64x16_SN_GLVWA4_GRVW4_K1_SU32_SUS256_TT4_4,NO_CHECK,69.321,1936.18,,0.5,0.5,32,1,1,0.5,1,2359296,262144,,,,,,,,,,2026-04-18 15:24:11.
0,16/111,4/19,Contraction_l_Alik_Bjlk_Cijk_Dijk,"(64,1024,1,1024)",Cijk_Alik_Bjlk_I8II_BH_MT64x64x16_SN_GLVWA4_GRVW8_K1_SU32_SUS256_TT4_4,NO_CHECK,68.921,1947.41,,0.5,0.5,32,1,1,0.5,1,2359296,262144,,,,,,,,,,2026-04-18 15:24:11.
0,16/111,5/19,Contraction_l_Alik_Bjlk_Cijk_Dijk,"(64,1024,1,1024)",Cijk_Alik_Bjlk_I8II_BH_MT64x64x16_SN_GLVWA4_GRVW16_K1_SU32_SUS256_TT4_4,NO_CHECK,69.281,1937.29,,0.5,0.5,32,1,1,0.5,1,2359296,262144,,,,,,,,,,2026-04-18 15:24:11.
0,16/111,6/19,Contraction_l_Alik_Bjlk_Cijk_Dijk,"(64,1024,1,1024)",Cijk_Alik_Bjlk_I8II_BH_MT128x64x16_SN_GLVWA4_GRVW4_K1_SU0_SUS0_TT8_4,NO_CHECK,105.162,1276.29,,0.25,0.5,32,0.5,1,0.5,1,1835008,262144,,,,,,,,,,2026-04-18 15:24:11.
0,16/111,7/19,Contraction_l_Alik_Bjlk_Cijk_Dijk,"(64,1024,1,1024)",Cijk_Alik_Bjlk_I8II_BH_MT128x64x16_SN_GLVWA8_GRVW8_K1_SU0_SUS0_TT8_4,NO_CHECK,104.842,1280.19,,0.25,0.5,32,0.5,1,0.5,1,1835008,262144,,,,,,,,,,2026-04-18 15:24:11.
0,16/111,8/19,Contraction_l_Alik_Bjlk_Cijk_Dijk,"(64,1024,1,1024)",Cijk_Alik_Bjlk_I8II_BH_MT128x64x16_SN_GLVWA8_GRVW16_K1_SU0_SUS0_TT8_4,NO_CHECK,103.322,1299.02,,0.25,0.5,32,0.5,1,0.5,1,1835008,262144,,,,,,,,,,2026-04-18 15:24:11.
0,16/111,9/19,Contraction_l_Alik_Bjlk_Cijk_Dijk,"(64,1024,1,1024)",Cijk_Alik_Bjlk_I8II_BH_MT128x64x16_SN_GLVWA4_GRVW4_K1_SU32_SUS256_TT8_4,NO_CHECK,105.122,1276.78,,0.25,0.5,32,0.5,1,0.5,1,1835008,262144,,,,,,,,,,2026-04-18 15:24:11.
0,16/111,10/19,Contraction_l_Alik_Bjlk_Cijk_Dijk,"(64,1024,1,1024)",Cijk_Alik_Bjlk_I8II_BH_MT128x64x16_SN_GLVWA8_GRVW8_K1_SU32_SUS256_TT8_4,NO_CHECK,104.121,1289.06,,0.25,0.5,32,0.5,1,0.5,1,1835008,262144,,,,,,,,,,2026-04-18 15:24:11.
0,16/111,11/19,Contraction_l_Alik_Bjlk_Cijk_Dijk,"(64,1024,1,1024)",Cijk_Alik_Bjlk_I8II_BH_MT128x64x16_SN_GLVWA8_GRVW16_K1_SU32_SUS256_TT8_4,NO_CHECK,104.722,1281.66,,0.25,0.5,32,0.5,1,0.5,1,1835008,262144,,,,,,,,,,2026-04-18 15:24:11.
0,16/111,12/19,Contraction_l_Alik_Bjlk_Cijk_Dijk,"(64,1024,1,1024)",Cijk_Alik_Bjlk_I8II_BH_MT64x128x16_SN_GLVWA4_GRVW4_K1_SU0_SUS0_TT4_8,NO_CHECK,100.921,1329.93,,0.25,0.25,32,1,1,0.25,1,1835008,262144,,,,,,,,,,2026-04-18 15:24:11.
0,16/111,13/19,Contraction_l_Alik_Bjlk_Cijk_Dijk,"(64,1024,1,1024)",Cijk_Alik_Bjlk_I8II_BH_MT64x128x16_SN_GLVWA4_GRVW4_K1_SU32_SUS256_TT4_8,NO_CHECK,108.442,1237.69,,0.25,0.25,32,1,1,0.25,1,1835008,262144,,,,,,,,,,2026-04-18 15:24:11.
0,16/111,14/19,Contraction_l_Alik_Bjlk_Cijk_Dijk,"(64,1024,1,1024)",Cijk_Alik_Bjlk_I8II_BH_MT64x64x32_SN_GLVWA4_GRVW4_K1_SU0_SUS0_TT4_4,NO_CHECK,76.281,1759.52,,0.5,0.5,32,1,1,0.5,1,2359296,262144,,,,,,,,,,2026-04-18 15:24:11.
0,16/111,15/19,Contraction_l_Alik_Bjlk_Cijk_Dijk,"(64,1024,1,1024)",Cijk_Alik_Bjlk_I8II_BH_MT64x64x32_SN_GLVWA4_GRVW4_K1_SU32_SUS256_TT4_4,NO_CHECK,76.441,1755.83,,0.5,0.5,32,1,1,0.5,1,2359296,262144,,,,,,,,,,2026-04-18 15:24:11.
0,16/111,16/19,Contraction_l_Alik_Bjlk_Cijk_Dijk,"(64,1024,1,1024)",Cijk_Alik_Bjlk_I8II_BH_MT128x64x32_SN_GLVWA4_GRVW4_K1_SU0_SUS0_TT8_4,NO_CHECK,128.562,1043.99,,0.25,0.5,32,0.5,1,0.5,1,1835008,262144,,,,,,,,,,2026-04-18 15:24:11.
0,16/111,17/19,Contraction_l_Alik_Bjlk_Cijk_Dijk,"(64,1024,1,1024)",Cijk_Alik_Bjlk_I8II_BH_MT128x64x32_SN_GLVWA4_GRVW4_K1_SU32_SUS256_TT8_4,NO_CHECK,118.602,1131.66,,0.25,0.5,32,0.5,1,0.5,1,1835008,262144,,,,,,,,,,2026-04-18 15:24:11.
0,16/111,18/19,Contraction_l_Alik_Bjlk_Cijk_Dijk,"(64,1024,1,1024)",Cijk_Alik_Bjlk_I8II_BH_MT64x128x32_SN_GLVWA4_GRVW4_K1_SU0_SUS0_TT4_8,NO_CHECK,115.041,1166.69,,0.25,0.25,32,1,1,0.25,1,1835008,262144,,,,,,,,,,2026-04-18 15:24:11.
0,16/111,19/19,Contraction_l_Alik_Bjlk_Cijk_Dijk,"(64,1024,1,1024)",Cijk_Alik_Bjlk_I8II_BH_MT64x128x32_SN_GLVWA4_GRVW4_K1_SU32_SUS256_TT4_8,NO_CHECK,107.482,1248.75,,0.25,0.25,32,1,1,0.25,1,1835008,262144,,,,,,,,,,2026-04-18 15:24:11.
0,17/111,0/19,Contraction_l_Alik_Bjlk_Cijk_Dijk,"(64,1024,1,4096)",Cijk_Alik_Bjlk_I8II_BH_MT64x64x16_SN_GLVWA4_GRVW4_K1_SU0_SUS0_TT4_4,NO_CHECK,219.644,2444.28,,0.5,0.5,32,1,1,0.5,1,8650752,262144,,,,,,,,,,2026-04-18 15:24:11.
0,17/111,1/19,Contraction_l_Alik_Bjlk_Cijk_Dijk,"(64,1024,1,4096)",Cijk_Alik_Bjlk_I8II_BH_MT64x64x16_SN_GLVWA4_GRVW8_K1_SU0_SUS0_TT4_4,NO_CHECK,351.245,1528.48,,0.5,0.5,32,1,1,0.5,1,8650752,262144,,,,,,,,,,2026-04-18 15:24:11.
0,17/111,2/19,Contraction_l_Alik_Bjlk_Cijk_Dijk,"(64,1024,1,4096)",Cijk_Alik_Bjlk_I8II_BH_MT64x64x16_SN_GLVWA4_GRVW16_K1_SU0_SUS0_TT4_4,NO_CHECK,220.963,2429.69,,0.5,0.5,32,1,1,0.5,1,8650752,262144,,,,,,,,,,2026-04-18 15:24:11.
0,17/111,3/19,Contraction_l_Alik_Bjlk_Cijk_Dijk,"(64,1024,1,4096)",Cijk_Alik_Bjlk_I8II_BH_MT64x64x16_SN_GLVWA4_GRVW4_K1_SU32_SUS256_TT4_4,NO_CHECK,221.203,2427.05,,0.5,0.5,32,1,1,0.5,1,8650752,262144,,,,,,,,,,2026-04-18 15:24:11.
0,17/111,4/19,Contraction_l_Alik_Bjlk_Cijk_Dijk,"(64,1024,1,4096)",Cijk_Alik_Bjlk_I8II_BH_MT64x64x16_SN_GLVWA4_GRVW8_K1_SU32_SUS256_TT4_4,NO_CHECK,221.163,2427.49,,0.5,0.5,32,1,1,0.5,1,8650752,262144,,,,,,,,,,2026-04-18 15:24:11.
0,17/111,5/19,Contraction_l_Alik_Bjlk_Cijk_Dijk,"(64,1024,1,4096)",Cijk_Alik_Bjlk_I8II_BH_MT64x64x16_SN_GLVWA4_GRVW16_K1_SU32_SUS256_TT4_4,NO_CHECK,220.923,2430.13,,0.5,0.5,32,1,1,0.5,1,8650752,262144,,,,,,,,,,2026-04-18 15:24:11.
0,17/111,6/19,Contraction_l_Alik_Bjlk_Cijk_Dijk,"(64,1024,1,4096)",Cijk_Alik_Bjlk_I8II_BH_MT128x64x16_SN_GLVWA4_GRVW4_K1_SU0_SUS0_TT8_4,NO_CHECK,336.085,1597.43,,0.25,0.5,32,0.5,1,0.5,1,6553600,262144,,,,,,,,,,2026-04-18 15:24:11.
0,17/111,7/19,Contraction_l_Alik_Bjlk_Cijk_Dijk,"(64,1024,1,4096)",Cijk_Alik_Bjlk_I8II_BH_MT128x64x16_SN_GLVWA8_GRVW8_K1_SU0_SUS0_TT8_4,NO_CHECK,334.844,1603.35,,0.25,0.5,32,0.5,1,0.5,1,6553600,262144,,,,,,,,,,2026-04-18 15:24:11.
0,17/111,8/19,Contraction_l_Alik_Bjlk_Cijk_Dijk,"(64,1024,1,4096)",Cijk_Alik_Bjlk_I8II_BH_MT128x64x16_SN_GLVWA8_GRVW16_K1_SU0_SUS0_TT8_4,NO_CHECK,334.964,1602.77,,0.25,0.5,32,0.5,1,0.5,1,6553600,262144,,,,,,,,,,2026-04-18 15:24:11.
0,17/111,9/19,Contraction_l_Alik_Bjlk_Cijk_Dijk,"(64,1024,1,4096)",Cijk_Alik_Bjlk_I8II_BH_MT128x64x16_SN_GLVWA4_GRVW4_K1_SU32_SUS256_TT8_4,NO_CHECK,335.045,1602.38,,0.25,0.5,32,0.5,1,0.5,1,6553600,262144,,,,,,,,,,2026-04-18 15:24:11.
0,17/111,10/19,Contraction_l_Alik_Bjlk_Cijk_Dijk,"(64,1024,1,4096)",Cijk_Alik_Bjlk_I8II_BH_MT128x64x16_SN_GLVWA8_GRVW8_K1_SU32_SUS256_TT8_4,NO_CHECK,335.725,1599.14,,0.25,0.5,32,0.5,1,0.5,1,6553600,262144,,,,,,,,,,2026-04-18 15:24:11.
0,17/111,11/19,Contraction_l_Alik_Bjlk_Cijk_Dijk,"(64,1024,1,4096)",Cijk_Alik_Bjlk_I8II_BH_MT128x64x16_SN_GLVWA8_GRVW16_K1_SU32_SUS256_TT8_4,NO_CHECK,333.685,1608.92,,0.25,0.5,32,0.5,1,0.5,1,6553600,262144,,,,,,,,,,2026-04-18 15:24:11.
0,17/111,12/19,Contraction_l_Alik_Bjlk_Cijk_Dijk,"(64,1024,1,4096)",Cijk_Alik_Bjlk_I8II_BH_MT64x128x16_SN_GLVWA4_GRVW4_K1_SU0_SUS0_TT4_8,NO_CHECK,325.765,1648.03,,0.25,0.25,32,1,1,0.25,1,6553600,262144,,,,,,,,,,2026-04-18 15:24:11.
0,17/111,13/19,Contraction_l_Alik_Bjlk_Cijk_Dijk,"(64,1024,1,4096)",Cijk_Alik_Bjlk_I8II_BH_MT64x128x16_SN_GLVWA4_GRVW4_K1_SU32_SUS256_TT4_8,NO_CHECK,326.365,1645,,0.25,0.25,32,1,1,0.25,1,6553600,262144,,,,,,,,,,2026-04-18 15:24:11.
0,17/111,14/19,Contraction_l_Alik_Bjlk_Cijk_Dijk,"(64,1024,1,4096)",Cijk_Alik_Bjlk_I8II_BH_MT64x64x32_SN_GLVWA4_GRVW4_K1_SU0_SUS0_TT4_4,NO_CHECK,221.803,2420.49,,0.5,0.5,32,1,1,0.5,1,8650752,262144,,,,,,,,,,2026-04-18 15:24:11.
0,17/111,15/19,Contraction_l_Alik_Bjlk_Cijk_Dijk,"(64,1024,1,4096)",Cijk_Alik_Bjlk_I8II_BH_MT64x64x32_SN_GLVWA4_GRVW4_K1_SU32_SUS256_TT4_4,NO_CHECK,221.844,2420.04,,0.5,0.5,32,1,1,0.5,1,8650752,262144,,,,,,,,,,2026-04-18 15:24:11.
0,17/111,16/19,Contraction_l_Alik_Bjlk_Cijk_Dijk,"(64,1024,1,4096)",Cijk_Alik_Bjlk_I8II_BH_MT128x64x32_SN_GLVWA4_GRVW4_K1_SU0_SUS0_TT8_4,NO_CHECK,540.688,992.94,,0.25,0.5,32,0.5,1,0.5,1,6553600,262144,,,,,,,,,,2026-04-18 15:24:11.
0,17/111,17/19,Contraction_l_Alik_Bjlk_Cijk_Dijk,"(64,1024,1,4096)",Cijk_Alik_Bjlk_I8II_BH_MT128x64x32_SN_GLVWA4_GRVW4_K1_SU32_SUS256_TT8_4,NO_CHECK,338.845,1584.41,,0.25,0.5,32,0.5,1,0.5,1,6553600,262144,,,,,,,,,,2026-04-18 15:24:11.
0,17/111,18/19,Contraction_l_Alik_Bjlk_Cijk_Dijk,"(64,1024,1,4096)",Cijk_Alik_Bjlk_I8II_BH_MT64x128x32_SN_GLVWA4_GRVW4_K1_SU0_SUS0_TT4_8,NO_CHECK,332.765,1613.36,,0.25,0.25,32,1,1,0.25,1,6553600,262144,,,,,,,,,,2026-04-18 15:24:11.
0,17/111,19/19,Contraction_l_Alik_Bjlk_Cijk_Dijk,"(64,1024,1,4096)",Cijk_Alik_Bjlk_I8II_BH_MT64x128x32_SN_GLVWA4_GRVW4_K1_SU32_SUS256_TT4_8,NO_CHECK,332.965,1612.39,,0.25,0.25,32,1,1,0.25,1,6553600,262144,,,,,,,,,,2026-04-18 15:24:11.
0,18/111,0/19,Contraction_l_Alik_Bjlk_Cijk_Dijk,"(64,1024,1,8192)",Cijk_Alik_Bjlk_I8II_BH_MT64x64x16_SN_GLVWA4_GRVW4_K1_SU0_SUS0_TT4_4,NO_CHECK,568.649,1888.23,,0.5,0.5,32,1,1,0.5,1,17039360,262144,,,,,,,,,,2026-04-18 15:24:11.
0,18/111,1/19,Contraction_l_Alik_Bjlk_Cijk_Dijk,"(64,1024,1,8192)",Cijk_Alik_Bjlk_I8II_BH_MT64x64x16_SN_GLVWA4_GRVW8_K1_SU0_SUS0_TT4_4,NO_CHECK,423.086,2537.88,,0.5,0.5,32,1,1,0.5,1,17039360,262144,,,,,,,,,,2026-04-18 15:24:11.
0,18/111,2/19,Contraction_l_Alik_Bjlk_Cijk_Dijk,"(64,1024,1,8192)",Cijk_Alik_Bjlk_I8II_BH_MT64x64x16_SN_GLVWA4_GRVW16_K1_SU0_SUS0_TT4_4,NO_CHECK,423.766,2533.81,,0.5,0.5,32,1,1,0.5,1,17039360,262144,,,,,,,,,,2026-04-18 15:24:11.
0,18/111,3/19,Contraction_l_Alik_Bjlk_Cijk_Dijk,"(64,1024,1,8192)",Cijk_Alik_Bjlk_I8II_BH_MT64x64x16_SN_GLVWA4_GRVW4_K1_SU32_SUS256_TT4_4,NO_CHECK,424.847,2527.36,,0.5,0.5,32,1,1,0.5,1,17039360,262144,,,,,,,,,,2026-04-18 15:24:11.
0,18/111,4/19,Contraction_l_Alik_Bjlk_Cijk_Dijk,"(64,1024,1,8192)",Cijk_Alik_Bjlk_I8II_BH_MT64x64x16_SN_GLVWA4_GRVW8_K1_SU32_SUS256_TT4_4,NO_CHECK,424.446,2529.75,,0.5,0.5,32,1,1,0.5,1,17039360,262144,,,,,,,,,,2026-04-18 15:24:11.
0,18/111,5/19,Contraction_l_Alik_Bjlk_Cijk_Dijk,"(64,1024,1,8192)",Cijk_Alik_Bjlk_I8II_BH_MT64x64x16_SN_GLVWA4_GRVW16_K1_SU32_SUS256_TT4_4,NO_CHECK,423.966,2532.61,,0.5,0.5,32,1,1,0.5,1,17039360,262144,,,,,,,,,,2026-04-18 15:24:11.
0,18/111,6/19,Contraction_l_Alik_Bjlk_Cijk_Dijk,"(64,1024,1,8192)",Cijk_Alik_Bjlk_I8II_BH_MT128x64x16_SN_GLVWA4_GRVW4_K1_SU0_SUS0_TT8_4,NO_CHECK,645.649,1663.04,,0.25,0.5,32,0.5,1,0.5,1,12845056,262144,,,,,,,,,,2026-04-18 15:24:11.
0,18/111,7/19,Contraction_l_Alik_Bjlk_Cijk_Dijk,"(64,1024,1,8192)",Cijk_Alik_Bjlk_I8II_BH_MT128x64x16_SN_GLVWA8_GRVW8_K1_SU0_SUS0_TT8_4,NO_CHECK,645.05,1664.59,,0.25,0.5,32,0.5,1,0.5,1,12845056,262144,,,,,,,,,,2026-04-18 15:24:11.
0,18/111,8/19,Contraction_l_Alik_Bjlk_Cijk_Dijk,"(64,1024,1,8192)",Cijk_Alik_Bjlk_I8II_BH_MT128x64x16_SN_GLVWA8_GRVW16_K1_SU0_SUS0_TT8_4,NO_CHECK,643.649,1668.21,,0.25,0.5,32,0.5,1,0.5,1,12845056,262144,,,,,,,,,,2026-04-18 15:24:11.
0,18/111,9/19,Contraction_l_Alik_Bjlk_Cijk_Dijk,"(64,1024,1,8192)",Cijk_Alik_Bjlk_I8II_BH_MT128x64x16_SN_GLVWA4_GRVW4_K1_SU32_SUS256_TT8_4,NO_CHECK,642.93,1670.08,,0.25,0.5,32,0.5,1,0.5,1,12845056,262144,,,,,,,,,,2026-04-18 15:24:11.
0,18/111,10/19,Contraction_l_Alik_Bjlk_Cijk_Dijk,"(64,1024,1,8192)",Cijk_Alik_Bjlk_I8II_BH_MT128x64x16_SN_GLVWA8_GRVW8_K1_SU32_SUS256_TT8_4,NO_CHECK,644.17,1666.86,,0.25,0.5,32,0.5,1,0.5,1,12845056,262144,,,,,,,,,,2026-04-18 15:24:11.
0,18/111,11/19,Contraction_l_Alik_Bjlk_Cijk_Dijk,"(64,1024,1,8192)",Cijk_Alik_Bjlk_I8II_BH_MT128x64x16_SN_GLVWA8_GRVW16_K1_SU32_SUS256_TT8_4,NO_CHECK,643.729,1668,,0.25,0.5,32,0.5,1,0.5,1,12845056,262144,,,,,,,,,,2026-04-18 15:24:11.
0,18/111,12/19,Contraction_l_Alik_Bjlk_Cijk_Dijk,"(64,1024,1,8192)",Cijk_Alik_Bjlk_I8II_BH_MT64x128x16_SN_GLVWA4_GRVW4_K1_SU0_SUS0_TT4_8,NO_CHECK,777.412,1381.17,,0.25,0.25,32,1,1,0.25,1,12845056,262144,,,,,,,,,,2026-04-18 15:24:11.
0,18/111,13/19,Contraction_l_Alik_Bjlk_Cijk_Dijk,"(64,1024,1,8192)",Cijk_Alik_Bjlk_I8II_BH_MT64x128x16_SN_GLVWA4_GRVW4_K1_SU32_SUS256_TT4_8,NO_CHECK,643.289,1669.14,,0.25,0.25,32,1,1,0.25,1,12845056,262144,,,,,,,,,,2026-04-18 15:24:11.
0,18/111,14/19,Contraction_l_Alik_Bjlk_Cijk_Dijk,"(64,1024,1,8192)",Cijk_Alik_Bjlk_I8II_BH_MT64x64x32_SN_GLVWA4_GRVW4_K1_SU0_SUS0_TT4_4,NO_CHECK,428.807,2504.02,,0.5,0.5,32,1,1,0.5,1,17039360,262144,,,,,,,,,,2026-04-18 15:24:11.
0,18/111,15/19,Contraction_l_Alik_Bjlk_Cijk_Dijk,"(64,1024,1,8192)",Cijk_Alik_Bjlk_I8II_BH_MT64x64x32_SN_GLVWA4_GRVW4_K1_SU32_SUS256_TT4_4,NO_CHECK,427.927,2509.17,,0.5,0.5,32,1,1,0.5,1,17039360,262144,,,,,,,,,,2026-04-18 15:24:11.
0,18/111,16/19,Contraction_l_Alik_Bjlk_Cijk_Dijk,"(64,1024,1,8192)",Cijk_Alik_Bjlk_I8II_BH_MT128x64x32_SN_GLVWA4_GRVW4_K1_SU0_SUS0_TT8_4,NO_CHECK,659.97,1626.96,,0.25,0.5,32,0.5,1,0.5,1,12845056,262144,,,,,,,,,,2026-04-18 15:24:11.
0,18/111,17/19,Contraction_l_Alik_Bjlk_Cijk_Dijk,"(64,1024,1,8192)",Cijk_Alik_Bjlk_I8II_BH_MT128x64x32_SN_GLVWA4_GRVW4_K1_SU32_SUS256_TT8_4,NO_CHECK,660.89,1624.69,,0.25,0.5,32,0.5,1,0.5,1,12845056,262144,,,,,,,,,,2026-04-18 15:24:11.
0,18/111,18/19,Contraction_l_Alik_Bjlk_Cijk_Dijk,"(64,1024,1,8192)",Cijk_Alik_Bjlk_I8II_BH_MT64x128x32_SN_GLVWA4_GRVW4_K1_SU0_SUS0_TT4_8,NO_CHECK,646.09,1661.91,,0.25,0.25,32,1,1,0.25,1,12845056,262144,,,,,,,,,,2026-04-18 15:24:11.
0,18/111,19/19,Contraction_l_Alik_Bjlk_Cijk_Dijk,"(64,1024,1,8192)",Cijk_Alik_Bjlk_I8II_BH_MT64x128x32_SN_GLVWA4_GRVW4_K1_SU32_SUS256_TT4_8,NO_CHECK,639.569,1678.85,,0.25,0.25,32,1,1,0.25,1,12845056,262144,,,,,,,,,,2026-04-18 15:24:11.
0,19/111,0/19,Contraction_l_Alik_Bjlk_Cijk_Dijk,"(64,1024,1,14336)",Cijk_Alik_Bjlk_I8II_BH_MT64x64x16_SN_GLVWA4_GRVW4_K1_SU0_SUS0_TT4_4,NO_CHECK,733.61,2561.37,,0.5,0.5,32,1,1,0.5,1,29622272,262144,,,,,,,,,,2026-04-18 15:24:11.
0,19/111,1/19,Contraction_l_Alik_Bjlk_Cijk_Dijk,"(64,1024,1,14336)",Cijk_Alik_Bjlk_I8II_BH_MT64x64x16_SN_GLVWA4_GRVW8_K1_SU0_SUS0_TT4_4,NO_CHECK,732.851,2564.02,,0.5,0.5,32,1,1,0.5,1,29622272,262144,,,,,,,,,,2026-04-18 15:24:11.
0,19/111,2/19,Contraction_l_Alik_Bjlk_Cijk_Dijk,"(64,1024,1,14336)",Cijk_Alik_Bjlk_I8II_BH_MT64x64x16_SN_GLVWA4_GRVW16_K1_SU0_SUS0_TT4_4,NO_CHECK,734.211,2559.28,,0.5,0.5,32,1,1,0.5,1,29622272,262144,,,,,,,,,,2026-04-18 15:24:11.
0,19/111,3/19,Contraction_l_Alik_Bjlk_Cijk_Dijk,"(64,1024,1,14336)",Cijk_Alik_Bjlk_I8II_BH_MT64x64x16_SN_GLVWA4_GRVW4_K1_SU32_SUS256_TT4_4,NO_CHECK,880.933,2133.02,,0.5,0.5,32,1,1,0.5,1,29622272,262144,,,,,,,,,,2026-04-18 15:24:11.
0,19/111,4/19,Contraction_l_Alik_Bjlk_Cijk_Dijk,"(64,1024,1,14336)",Cijk_Alik_Bjlk_I8II_BH_MT64x64x16_SN_GLVWA4_GRVW8_K1_SU32_SUS256_TT4_4,NO_CHECK,736.971,2549.69,,0.5,0.5,32,1,1,0.5,1,29622272,262144,,,,,,,,,,2026-04-18 15:24:11.
0,19/111,5/19,Contraction_l_Alik_Bjlk_Cijk_Dijk,"(64,1024,1,14336)",Cijk_Alik_Bjlk_I8II_BH_MT64x64x16_SN_GLVWA4_GRVW16_K1_SU32_SUS256_TT4_4,NO_CHECK,735.251,2555.66,,0.5,0.5,32,1,1,0.5,1,29622272,262144,,,,,,,,,,2026-04-18 15:24:11.
0,19/111,6/19,Contraction_l_Alik_Bjlk_Cijk_Dijk,"(64,1024,1,14336)",Cijk_Alik_Bjlk_I8II_BH_MT128x64x16_SN_GLVWA4_GRVW4_K1_SU0_SUS0_TT8_4,NO_CHECK,1121.14,1676.02,,0.25,0.5,32,0.5,1,0.5,1,22282240,262144,,,,,,,,,,2026-04-18 15:24:11.
0,19/111,7/19,Contraction_l_Alik_Bjlk_Cijk_Dijk,"(64,1024,1,14336)",Cijk_Alik_Bjlk_I8II_BH_MT128x64x16_SN_GLVWA8_GRVW8_K1_SU0_SUS0_TT8_4,NO_CHECK,1115.66,1684.25,,0.25,0.5,32,0.5,1,0.5,1,22282240,262144,,,,,,,,,,2026-04-18 15:24:11.
0,19/111,8/19,Contraction_l_Alik_Bjlk_Cijk_Dijk,"(64,1024,1,14336)",Cijk_Alik_Bjlk_I8II_BH_MT128x64x16_SN_GLVWA8_GRVW16_K1_SU0_SUS0_TT8_4,NO_CHECK,1130.62,1661.97,,0.25,0.5,32,0.5,1,0.5,1,22282240,262144,,,,,,,,,,2026-04-18 15:24:11.
0,19/111,9/19,Contraction_l_Alik_Bjlk_Cijk_Dijk,"(64,1024,1,14336)",Cijk_Alik_Bjlk_I8II_BH_MT128x64x16_SN_GLVWA4_GRVW4_K1_SU32_SUS256_TT8_4,NO_CHECK,1133.22,1658.15,,0.25,0.5,32,0.5,1,0.5,1,22282240,262144,,,,,,,,,,2026-04-18 15:24:11.
0,19/111,10/19,Contraction_l_Alik_Bjlk_Cijk_Dijk,"(64,1024,1,14336)",Cijk_Alik_Bjlk_I8II_BH_MT128x64x16_SN_GLVWA8_GRVW8_K1_SU32_SUS256_TT8_4,NO_CHECK,1131.06,1661.32,,0.25,0.5,32,0.5,1,0.5,1,22282240,262144,,,,,,,,,,2026-04-18 15:24:11.
0,19/111,11/19,Contraction_l_Alik_Bjlk_Cijk_Dijk,"(64,1024,1,14336)",Cijk_Alik_Bjlk_I8II_BH_MT128x64x16_SN_GLVWA8_GRVW16_K1_SU32_SUS256_TT8_4,NO_CHECK,1127.38,1666.74,,0.25,0.5,32,0.5,1,0.5,1,22282240,262144,,,,,,,,,,2026-04-18 15:24:11.
0,19/111,12/19,Contraction_l_Alik_Bjlk_Cijk_Dijk,"(64,1024,1,14336)",Cijk_Alik_Bjlk_I8II_BH_MT64x128x16_SN_GLVWA4_GRVW4_K1_SU0_SUS0_TT4_8,NO_CHECK,1099.7,1708.7,,0.25,0.25,32,1,1,0.25,1,22282240,262144,,,,,,,,,,2026-04-18 15:24:11.
0,19/111,13/19,Contraction_l_Alik_Bjlk_Cijk_Dijk,"(64,1024,1,14336)",Cijk_Alik_Bjlk_I8II_BH_MT64x128x16_SN_GLVWA4_GRVW4_K1_SU32_SUS256_TT4_8,NO_CHECK,1103.26,1703.18,,0.25,0.25,32,1,1,0.25,1,22282240,262144,,,,,,,,,,2026-04-18 15:24:11.
0,19/111,14/19,Contraction_l_Alik_Bjlk_Cijk_Dijk,"(64,1024,1,14336)",Cijk_Alik_Bjlk_I8II_BH_MT64x64x32_SN_GLVWA4_GRVW4_K1_SU0_SUS0_TT4_4,NO_CHECK,748.571,2510.18,,0.5,0.5,32,1,1,0.5,1,29622272,262144,,,,,,,,,,2026-04-18 15:24:11.
0,19/111,15/19,Contraction_l_Alik_Bjlk_Cijk_Dijk,"(64,1024,1,14336)",Cijk_Alik_Bjlk_I8II_BH_MT64x64x32_SN_GLVWA4_GRVW4_K1_SU32_SUS256_TT4_4,NO_CHECK,749.931,2505.63,,0.5,0.5,32,1,1,0.5,1,29622272,262144,,,,,,,,,,2026-04-18 15:24:11.
0,19/111,16/19,Contraction_l_Alik_Bjlk_Cijk_Dijk,"(64,1024,1,14336)",Cijk_Alik_Bjlk_I8II_BH_MT128x64x32_SN_GLVWA4_GRVW4_K1_SU0_SUS0_TT8_4,NO_CHECK,1344.82,1397.25,,0.25,0.5,32,0.5,1,0.5,1,22282240,262144,,,,,,,,,,2026-04-18 15:24:11.
0,19/111,17/19,Contraction_l_Alik_Bjlk_Cijk_Dijk,"(64,1024,1,14336)",Cijk_Alik_Bjlk_I8II_BH_MT128x64x32_SN_GLVWA4_GRVW4_K1_SU32_SUS256_TT8_4,NO_CHECK,1146.66,1638.72,,0.25,0.5,32,0.5,1,0.5,1,22282240,262144,,,,,,,,,,2026-04-18 15:24:11.
0,19/111,18/19,Contraction_l_Alik_Bjlk_Cijk_Dijk,"(64,1024,1,14336)",Cijk_Alik_Bjlk_I8II_BH_MT64x128x32_SN_GLVWA4_GRVW4_K1_SU0_SUS0_TT4_8,NO_CHECK,1118.98,1679.26,,0.25,0.25,32,1,1,0.25,1,22282240,262144,,,,,,,,,,2026-04-18 15:24:11.
0,19/111,19/19,Contraction_l_Alik_Bjlk_Cijk_Dijk,"(64,1024,1,14336)",Cijk_Alik_Bjlk_I8II_BH_MT64x128x32_SN_GLVWA4_GRVW4_K1_SU32_SUS256_TT4_8,NO_CHECK,1110.5,1692.08,,0.25,0.25,32,1,1,0.25,1,22282240,262144,,,,,,,,,,2026-04-18 15:24:11.
0,20/111,0/19,Contraction_l_Alik_Bjlk_Cijk_Dijk,"(64,4096,1,1024)",Cijk_Alik_Bjlk_I8II_BH_MT64x64x16_SN_GLVWA4_GRVW4_K1_SU0_SUS0_TT4_4,NO_CHECK,115.401,4652.22,,1,2,32,1,1,1,1,9437184,1048576,,,,,,,,,,2026-04-18 15:24:11.
0,20/111,1/19,Contraction_l_Alik_Bjlk_Cijk_Dijk,"(64,4096,1,1024)",Cijk_Alik_Bjlk_I8II_BH_MT64x64x16_SN_GLVWA4_GRVW8_K1_SU0_SUS0_TT4_4,NO_CHECK,112.361,4778.09,,1,2,32,1,1,1,1,9437184,1048576,,,,,,,,,,2026-04-18 15:24:11.
0,20/111,2/19,Contraction_l_Alik_Bjlk_Cijk_Dijk,"(64,4096,1,1024)",Cijk_Alik_Bjlk_I8II_BH_MT64x64x16_SN_GLVWA4_GRVW16_K1_SU0_SUS0_TT4_4,NO_CHECK,111.921,4796.87,,1,2,32,1,1,1,1,9437184,1048576,,,,,,,,,,2026-04-18 15:24:11.
0,20/111,3/19,Contraction_l_Alik_Bjlk_Cijk_Dijk,"(64,4096,1,1024)",Cijk_Alik_Bjlk_I8II_BH_MT64x64x16_SN_GLVWA4_GRVW4_K1_SU32_SUS256_TT4_4,NO_CHECK,113.722,4720.91,,1,2,32,1,1,1,1,9437184,1048576,,,,,,,,,,2026-04-18 15:24:11.
0,20/111,4/19,Contraction_l_Alik_Bjlk_Cijk_Dijk,"(64,4096,1,1024)",Cijk_Alik_Bjlk_I8II_BH_MT64x64x16_SN_GLVWA4_GRVW8_K1_SU32_SUS256_TT4_4,NO_CHECK,113.162,4744.27,,1,2,32,1,1,1,1,9437184,1048576,,,,,,,,,,2026-04-18 15:24:11.
0,20/111,5/19,Contraction_l_Alik_Bjlk_Cijk_Dijk,"(64,4096,1,1024)",Cijk_Alik_Bjlk_I8II_BH_MT64x64x16_SN_GLVWA4_GRVW16_K1_SU32_SUS256_TT4_4,NO_CHECK,114.122,4704.36,,1,2,32,1,1,1,1,9437184,1048576,,,,,,,,,,2026-04-18 15:24:11.
0,20/111,6/19,Contraction_l_Alik_Bjlk_Cijk_Dijk,"(64,4096,1,1024)",Cijk_Alik_Bjlk_I8II_BH_MT128x64x16_SN_GLVWA4_GRVW4_K1_SU0_SUS0_TT8_4,NO_CHECK,171.643,3127.83,,0.5,2,32,0.5,1,1,1,7340032,1048576,,,,,,,,,,2026-04-18 15:24:11.
0,20/111,7/19,Contraction_l_Alik_Bjlk_Cijk_Dijk,"(64,4096,1,1024)",Cijk_Alik_Bjlk_I8II_BH_MT128x64x16_SN_GLVWA8_GRVW8_K1_SU0_SUS0_TT8_4,NO_CHECK,172.763,3107.56,,0.5,2,32,0.5,1,1,1,7340032,1048576,,,,,,,,,,2026-04-18 15:24:11.
0,20/111,8/19,Contraction_l_Alik_Bjlk_Cijk_Dijk,"(64,4096,1,1024)",Cijk_Alik_Bjlk_I8II_BH_MT128x64x16_SN_GLVWA8_GRVW16_K1_SU0_SUS0_TT8_4,NO_CHECK,172.203,3117.66,,0.5,2,32,0.5,1,1,1,7340032,1048576,,,,,,,,,,2026-04-18 15:24:11.
0,20/111,9/19,Contraction_l_Alik_Bjlk_Cijk_Dijk,"(64,4096,1,1024)",Cijk_Alik_Bjlk_I8II_BH_MT128x64x16_SN_GLVWA4_GRVW4_K1_SU32_SUS256_TT8_4,NO_CHECK,356.925,1504.16,,0.5,2,32,0.5,1,1,1,7340032,1048576,,,,,,,,,,2026-04-18 15:24:11.
0,20/111,10/19,Contraction_l_Alik_Bjlk_Cijk_Dijk,"(64,4096,1,1024)",Cijk_Alik_Bjlk_I8II_BH_MT128x64x16_SN_GLVWA8_GRVW8_K1_SU32_SUS256_TT8_4,NO_CHECK,175.243,3063.58,,0.5,2,32,0.5,1,1,1,7340032,1048576,,,,,,,,,,2026-04-18 15:24:11.
0,20/111,11/19,Contraction_l_Alik_Bjlk_Cijk_Dijk,"(64,4096,1,1024)",Cijk_Alik_Bjlk_I8II_BH_MT128x64x16_SN_GLVWA8_GRVW16_K1_SU32_SUS256_TT8_4,NO_CHECK,172.162,3118.41,,0.5,2,32,0.5,1,1,1,7340032,1048576,,,,,,,,,,2026-04-18 15:24:11.
0,20/111,12/19,Contraction_l_Alik_Bjlk_Cijk_Dijk,"(64,4096,1,1024)",Cijk_Alik_Bjlk_I8II_BH_MT64x128x16_SN_GLVWA4_GRVW4_K1_SU0_SUS0_TT4_8,NO_CHECK,107.161,5009.95,,1,1,32,1,1,1,1,7340032,1048576,,,,,,,,,,2026-04-18 15:24:11.
0,20/111,13/19,Contraction_l_Alik_Bjlk_Cijk_Dijk,"(64,4096,1,1024)",Cijk_Alik_Bjlk_I8II_BH_MT64x128x16_SN_GLVWA4_GRVW4_K1_SU32_SUS256_TT4_8,NO_CHECK,107.162,5009.9,,1,1,32,1,1,1,1,7340032,1048576,,,,,,,,,,2026-04-18 15:24:11.
0,20/111,14/19,Contraction_l_Alik_Bjlk_Cijk_Dijk,"(64,4096,1,1024)",Cijk_Alik_Bjlk_I8II_BH_MT64x64x32_SN_GLVWA4_GRVW4_K1_SU0_SUS0_TT4_4,NO_CHECK,117.242,4579.17,,1,2,32,1,1,1,1,9437184,1048576,,,,,,,,,,2026-04-18 15:24:11.
0,20/111,15/19,Contraction_l_Alik_Bjlk_Cijk_Dijk,"(64,4096,1,1024)",Cijk_Alik_Bjlk_I8II_BH_MT64x64x32_SN_GLVWA4_GRVW4_K1_SU32_SUS256_TT4_4,NO_CHECK,117.082,4585.43,,1,2,32,1,1,1,1,9437184,1048576,,,,,,,,,,2026-04-18 15:24:11.
0,20/111,16/19,Contraction_l_Alik_Bjlk_Cijk_Dijk,"(64,4096,1,1024)",Cijk_Alik_Bjlk_I8II_BH_MT128x64x32_SN_GLVWA4_GRVW4_K1_SU0_SUS0_TT8_4,NO_CHECK,182.603,2940.1,,0.5,2,32,0.5,1,1,1,7340032,1048576,,,,,,,,,,2026-04-18 15:24:11.
0,20/111,17/19,Contraction_l_Alik_Bjlk_Cijk_Dijk,"(64,4096,1,1024)",Cijk_Alik_Bjlk_I8II_BH_MT128x64x32_SN_GLVWA4_GRVW4_K1_SU32_SUS256_TT8_4,NO_CHECK,181.643,2955.64,,0.5,2,32,0.5,1,1,1,7340032,1048576,,,,,,,,,,2026-04-18 15:24:11.
0,20/111,18/19,Contraction_l_Alik_Bjlk_Cijk_Dijk,"(64,4096,1,1024)",Cijk_Alik_Bjlk_I8II_BH_MT64x128x32_SN_GLVWA4_GRVW4_K1_SU0_SUS0_TT4_8,NO_CHECK,118.762,4520.56,,1,1,32,1,1,1,1,7340032,1048576,,,,,,,,,,2026-04-18 15:24:11.
0,20/111,19/19,Contraction_l_Alik_Bjlk_Cijk_Dijk,"(64,4096,1,1024)",Cijk_Alik_Bjlk_I8II_BH_MT64x128x32_SN_GLVWA4_GRVW4_K1_SU32_SUS256_TT4_8,NO_CHECK,119.002,4511.44,,1,1,32,1,1,1,1,7340032,1048576,,,,,,,,,,2026-04-18 15:24:11.
0,21/111,0/19,Contraction_l_Alik_Bjlk_Cijk_Dijk,"(64,4096,1,4096)",Cijk_Alik_Bjlk_I8II_BH_MT64x64x16_SN_GLVWA4_GRVW4_K1_SU0_SUS0_TT4_4,NO_CHECK,408.606,5255.63,,1,2,32,1,1,1,1,34603008,1048576,,,,,,,,,,2026-04-18 15:24:11.
0,21/111,1/19,Contraction_l_Alik_Bjlk_Cijk_Dijk,"(64,4096,1,4096)",Cijk_Alik_Bjlk_I8II_BH_MT64x64x16_SN_GLVWA4_GRVW8_K1_SU0_SUS0_TT4_4,NO_CHECK,398.086,5394.52,,1,2,32,1,1,1,1,34603008,1048576,,,,,,,,,,2026-04-18 15:24:11.
0,21/111,2/19,Contraction_l_Alik_Bjlk_Cijk_Dijk,"(64,4096,1,4096)",Cijk_Alik_Bjlk_I8II_BH_MT64x64x16_SN_GLVWA4_GRVW16_K1_SU0_SUS0_TT4_4,NO_CHECK,396.886,5410.83,,1,2,32,1,1,1,1,34603008,1048576,,,,,,,,,,2026-04-18 15:24:11.
0,21/111,3/19,Contraction_l_Alik_Bjlk_Cijk_Dijk,"(64,4096,1,4096)",Cijk_Alik_Bjlk_I8II_BH_MT64x64x16_SN_GLVWA4_GRVW4_K1_SU32_SUS256_TT4_4,NO_CHECK,397.925,5396.7,,1,2,32,1,1,1,1,34603008,1048576,,,,,,,,,,2026-04-18 15:24:11.
0,21/111,4/19,Contraction_l_Alik_Bjlk_Cijk_Dijk,"(64,4096,1,4096)",Cijk_Alik_Bjlk_I8II_BH_MT64x64x16_SN_GLVWA4_GRVW8_K1_SU32_SUS256_TT4_4,NO_CHECK,396.166,5420.67,,1,2,32,1,1,1,1,34603008,1048576,,,,,,,,,,2026-04-18 15:24:11.
0,21/111,5/19,Contraction_l_Alik_Bjlk_Cijk_Dijk,"(64,4096,1,4096)",Cijk_Alik_Bjlk_I8II_BH_MT64x64x16_SN_GLVWA4_GRVW16_K1_SU32_SUS256_TT4_4,NO_CHECK,396.326,5418.48,,1,2,32,1,1,1,1,34603008,1048576,,,,,,,,,,2026-04-18 15:24:11.
0,21/111,6/19,Contraction_l_Alik_Bjlk_Cijk_Dijk,"(64,4096,1,4096)",Cijk_Alik_Bjlk_I8II_BH_MT128x64x16_SN_GLVWA4_GRVW4_K1_SU0_SUS0_TT8_4,NO_CHECK,615.49,3489.06,,0.5,2,32,0.5,1,1,1,26214400,1048576,,,,,,,,,,2026-04-18 15:24:11.
0,21/111,7/19,Contraction_l_Alik_Bjlk_Cijk_Dijk,"(64,4096,1,4096)",Cijk_Alik_Bjlk_I8II_BH_MT128x64x16_SN_GLVWA8_GRVW8_K1_SU0_SUS0_TT8_4,NO_CHECK,803.892,2671.36,,0.5,2,32,0.5,1,1,1,26214400,1048576,,,,,,,,,,2026-04-18 15:24:11.
0,21/111,8/19,Contraction_l_Alik_Bjlk_Cijk_Dijk,"(64,4096,1,4096)",Cijk_Alik_Bjlk_I8II_BH_MT128x64x16_SN_GLVWA8_GRVW16_K1_SU0_SUS0_TT8_4,NO_CHECK,615.489,3489.07,,0.5,2,32,0.5,1,1,1,26214400,1048576,,,,,,,,,,2026-04-18 15:24:11.
0,21/111,9/19,Contraction_l_Alik_Bjlk_Cijk_Dijk,"(64,4096,1,4096)",Cijk_Alik_Bjlk_I8II_BH_MT128x64x16_SN_GLVWA4_GRVW4_K1_SU32_SUS256_TT8_4,NO_CHECK,613.289,3501.59,,0.5,2,32,0.5,1,1,1,26214400,1048576,,,,,,,,,,2026-04-18 15:24:11.
0,21/111,10/19,Contraction_l_Alik_Bjlk_Cijk_Dijk,"(64,4096,1,4096)",Cijk_Alik_Bjlk_I8II_BH_MT128x64x16_SN_GLVWA8_GRVW8_K1_SU32_SUS256_TT8_4,NO_CHECK,610.809,3515.8,,0.5,2,32,0.5,1,1,1,26214400,1048576,,,,,,,,,,2026-04-18 15:24:11.
0,21/111,11/19,Contraction_l_Alik_Bjlk_Cijk_Dijk,"(64,4096,1,4096)",Cijk_Alik_Bjlk_I8II_BH_MT128x64x16_SN_GLVWA8_GRVW16_K1_SU32_SUS256_TT8_4,NO_CHECK,610.049,3520.18,,0.5,2,32,0.5,1,1,1,26214400,1048576,,,,,,,,,,2026-04-18 15:24:11.
0,21/111,12/19,Contraction_l_Alik_Bjlk_Cijk_Dijk,"(64,4096,1,4096)",Cijk_Alik_Bjlk_I8II_BH_MT64x128x16_SN_GLVWA4_GRVW4_K1_SU0_SUS0_TT4_8,NO_CHECK,345.245,6220.17,,1,1,32,1,1,1,1,26214400,1048576,,,,,,,,,,2026-04-18 15:24:11.
0,21/111,13/19,Contraction_l_Alik_Bjlk_Cijk_Dijk,"(64,4096,1,4096)",Cijk_Alik_Bjlk_I8II_BH_MT64x128x16_SN_GLVWA4_GRVW4_K1_SU32_SUS256_TT4_8,NO_CHECK,336.845,6375.29,,1,1,32,1,1,1,1,26214400,1048576,,,,,,,,,,2026-04-18 15:24:11.
0,21/111,14/19,Contraction_l_Alik_Bjlk_Cijk_Dijk,"(64,4096,1,4096)",Cijk_Alik_Bjlk_I8II_BH_MT64x64x32_SN_GLVWA4_GRVW4_K1_SU0_SUS0_TT4_4,NO_CHECK,393.525,5457.04,,1,2,32,1,1,1,1,34603008,1048576,,,,,,,,,,2026-04-18 15:24:11.
0,21/111,15/19,Contraction_l_Alik_Bjlk_Cijk_Dijk,"(64,4096,1,4096)",Cijk_Alik_Bjlk_I8II_BH_MT64x64x32_SN_GLVWA4_GRVW4_K1_SU32_SUS256_TT4_4,NO_CHECK,393.686,5454.81,,1,2,32,1,1,1,1,34603008,1048576,,,,,,,,,,2026-04-18 15:24:11.
0,21/111,16/19,Contraction_l_Alik_Bjlk_Cijk_Dijk,"(64,4096,1,4096)",Cijk_Alik_Bjlk_I8II_BH_MT128x64x32_SN_GLVWA4_GRVW4_K1_SU0_SUS0_TT8_4,NO_CHECK,620.569,3460.51,,0.5,2,32,0.5,1,1,1,26214400,1048576,,,,,,,,,,2026-04-18 15:24:11.
0,21/111,17/19,Contraction_l_Alik_Bjlk_Cijk_Dijk,"(64,4096,1,4096)",Cijk_Alik_Bjlk_I8II_BH_MT128x64x32_SN_GLVWA4_GRVW4_K1_SU32_SUS256_TT8_4,NO_CHECK,626.329,3428.68,,0.5,2,32,0.5,1,1,1,26214400,1048576,,,,,,,,,,2026-04-18 15:24:11.
0,21/111,18/19,Contraction_l_Alik_Bjlk_Cijk_Dijk,"(64,4096,1,4096)",Cijk_Alik_Bjlk_I8II_BH_MT64x128x32_SN_GLVWA4_GRVW4_K1_SU0_SUS0_TT4_8,NO_CHECK,351.445,6110.44,,1,1,32,1,1,1,1,26214400,1048576,,,,,,,,,,2026-04-18 15:24:11.
0,21/111,19/19,Contraction_l_Alik_Bjlk_Cijk_Dijk,"(64,4096,1,4096)",Cijk_Alik_Bjlk_I8II_BH_MT64x128x32_SN_GLVWA4_GRVW4_K1_SU32_SUS256_TT4_8,NO_CHECK,357.686,6003.82,,1,1,32,1,1,1,1,26214400,1048576,,,,,,,,,,2026-04-18 15:24:11.
0,22/111,0/19,Contraction_l_Alik_Bjlk_Cijk_Dijk,"(64,4096,1,8192)",Cijk_Alik_Bjlk_I8II_BH_MT64x64x16_SN_GLVWA4_GRVW4_K1_SU0_SUS0_TT4_4,NO_CHECK,834.892,5144.34,,1,2,32,1,1,1,1,68157440,1048576,,,,,,,,,,2026-04-18 15:24:11.
0,22/111,1/19,Contraction_l_Alik_Bjlk_Cijk_Dijk,"(64,4096,1,8192)",Cijk_Alik_Bjlk_I8II_BH_MT64x64x16_SN_GLVWA4_GRVW8_K1_SU0_SUS0_TT4_4,NO_CHECK,774.771,5543.53,,1,2,32,1,1,1,1,68157440,1048576,,,,,,,,,,2026-04-18 15:24:11.
0,22/111,2/19,Contraction_l_Alik_Bjlk_Cijk_Dijk,"(64,4096,1,8192)",Cijk_Alik_Bjlk_I8II_BH_MT64x64x16_SN_GLVWA4_GRVW16_K1_SU0_SUS0_TT4_4,NO_CHECK,770.891,5571.43,,1,2,32,1,1,1,1,68157440,1048576,,,,,,,,,,2026-04-18 15:24:11.
0,22/111,3/19,Contraction_l_Alik_Bjlk_Cijk_Dijk,"(64,4096,1,8192)",Cijk_Alik_Bjlk_I8II_BH_MT64x64x16_SN_GLVWA4_GRVW4_K1_SU32_SUS256_TT4_4,NO_CHECK,770.652,5573.16,,1,2,32,1,1,1,1,68157440,1048576,,,,,,,,,,2026-04-18 15:24:11.
0,22/111,4/19,Contraction_l_Alik_Bjlk_Cijk_Dijk,"(64,4096,1,8192)",Cijk_Alik_Bjlk_I8II_BH_MT64x64x16_SN_GLVWA4_GRVW8_K1_SU32_SUS256_TT4_4,NO_CHECK,768.451,5589.12,,1,2,32,1,1,1,1,68157440,1048576,,,,,,,,,,2026-04-18 15:24:11.
0,22/111,5/19,Contraction_l_Alik_Bjlk_Cijk_Dijk,"(64,4096,1,8192)",Cijk_Alik_Bjlk_I8II_BH_MT64x64x16_SN_GLVWA4_GRVW16_K1_SU32_SUS256_TT4_4,NO_CHECK,767.012,5599.61,,1,2,32,1,1,1,1,68157440,1048576,,,,,,,,,,2026-04-18 15:24:11.
0,22/111,6/19,Contraction_l_Alik_Bjlk_Cijk_Dijk,"(64,4096,1,8192)",Cijk_Alik_Bjlk_I8II_BH_MT128x64x16_SN_GLVWA4_GRVW4_K1_SU0_SUS0_TT8_4,NO_CHECK,1192.26,3602.38,,0.5,2,32,0.5,1,1,1,51380224,1048576,,,,,,,,,,2026-04-18 15:24:11.
0,22/111,7/19,Contraction_l_Alik_Bjlk_Cijk_Dijk,"(64,4096,1,8192)",Cijk_Alik_Bjlk_I8II_BH_MT128x64x16_SN_GLVWA8_GRVW8_K1_SU0_SUS0_TT8_4,NO_CHECK,1330.34,3228.47,,0.5,2,32,0.5,1,1,1,51380224,1048576,,,,,,,,,,2026-04-18 15:24:11.
0,22/111,8/19,Contraction_l_Alik_Bjlk_Cijk_Dijk,"(64,4096,1,8192)",Cijk_Alik_Bjlk_I8II_BH_MT128x64x16_SN_GLVWA8_GRVW16_K1_SU0_SUS0_TT8_4,NO_CHECK,1200.66,3577.18,,0.5,2,32,0.5,1,1,1,51380224,1048576,,,,,,,,,,2026-04-18 15:24:11.
0,22/111,9/19,Contraction_l_Alik_Bjlk_Cijk_Dijk,"(64,4096,1,8192)",Cijk_Alik_Bjlk_I8II_BH_MT128x64x16_SN_GLVWA4_GRVW4_K1_SU32_SUS256_TT8_4,NO_CHECK,1199.02,3582.07,,0.5,2,32,0.5,1,1,1,51380224,1048576,,,,,,,,,,2026-04-18 15:24:11.
0,22/111,10/19,Contraction_l_Alik_Bjlk_Cijk_Dijk,"(64,4096,1,8192)",Cijk_Alik_Bjlk_I8II_BH_MT128x64x16_SN_GLVWA8_GRVW8_K1_SU32_SUS256_TT8_4,NO_CHECK,1194.42,3595.87,,0.5,2,32,0.5,1,1,1,51380224,1048576,,,,,,,,,,2026-04-18 15:24:11.
0,22/111,11/19,Contraction_l_Alik_Bjlk_Cijk_Dijk,"(64,4096,1,8192)",Cijk_Alik_Bjlk_I8II_BH_MT128x64x16_SN_GLVWA8_GRVW16_K1_SU32_SUS256_TT8_4,NO_CHECK,1202.18,3572.66,,0.5,2,32,0.5,1,1,1,51380224,1048576,,,,,,,,,,2026-04-18 15:24:11.
0,22/111,12/19,Contraction_l_Alik_Bjlk_Cijk_Dijk,"(64,4096,1,8192)",Cijk_Alik_Bjlk_I8II_BH_MT64x128x16_SN_GLVWA4_GRVW4_K1_SU0_SUS0_TT4_8,NO_CHECK,650.53,6602.26,,1,1,32,1,1,1,1,51380224,1048576,,,,,,,,,,2026-04-18 15:24:11.
0,22/111,13/19,Contraction_l_Alik_Bjlk_Cijk_Dijk,"(64,4096,1,8192)",Cijk_Alik_Bjlk_I8II_BH_MT64x128x16_SN_GLVWA4_GRVW4_K1_SU32_SUS256_TT4_8,NO_CHECK,796.812,5390.19,,1,1,32,1,1,1,1,51380224,1048576,,,,,,,,,,2026-04-18 15:24:11.
0,22/111,14/19,Contraction_l_Alik_Bjlk_Cijk_Dijk,"(64,4096,1,8192)",Cijk_Alik_Bjlk_I8II_BH_MT64x64x32_SN_GLVWA4_GRVW4_K1_SU0_SUS0_TT4_4,NO_CHECK,780.532,5502.62,,1,2,32,1,1,1,1,68157440,1048576,,,,,,,,,,2026-04-18 15:24:11.
0,22/111,15/19,Contraction_l_Alik_Bjlk_Cijk_Dijk,"(64,4096,1,8192)",Cijk_Alik_Bjlk_I8II_BH_MT64x64x32_SN_GLVWA4_GRVW4_K1_SU32_SUS256_TT4_4,NO_CHECK,771.691,5565.66,,1,2,32,1,1,1,1,68157440,1048576,,,,,,,,,,2026-04-18 15:24:11.
0,22/111,16/19,Contraction_l_Alik_Bjlk_Cijk_Dijk,"(64,4096,1,8192)",Cijk_Alik_Bjlk_I8II_BH_MT128x64x32_SN_GLVWA4_GRVW4_K1_SU0_SUS0_TT8_4,NO_CHECK,1206.3,3560.45,,0.5,2,32,0.5,1,1,1,51380224,1048576,,,,,,,,,,2026-04-18 15:24:11.
0,22/111,17/19,Contraction_l_Alik_Bjlk_Cijk_Dijk,"(64,4096,1,8192)",Cijk_Alik_Bjlk_I8II_BH_MT128x64x32_SN_GLVWA4_GRVW4_K1_SU32_SUS256_TT8_4,NO_CHECK,1202.1,3572.89,,0.5,2,32,0.5,1,1,1,51380224,1048576,,,,,,,,,,2026-04-18 15:24:11.
0,22/111,18/19,Contraction_l_Alik_Bjlk_Cijk_Dijk,"(64,4096,1,8192)",Cijk_Alik_Bjlk_I8II_BH_MT64x128x32_SN_GLVWA4_GRVW4_K1_SU0_SUS0_TT4_8,NO_CHECK,660.25,6505.06,,1,1,32,1,1,1,1,51380224,1048576,,,,,,,,,,2026-04-18 15:24:11.
0,22/111,19/19,Contraction_l_Alik_Bjlk_Cijk_Dijk,"(64,4096,1,8192)",Cijk_Alik_Bjlk_I8II_BH_MT64x128x32_SN_GLVWA4_GRVW4_K1_SU32_SUS256_TT4_8,NO_CHECK,663.13,6476.81,,1,1,32,1,1,1,1,51380224,1048576,,,,,,,,,,2026-04-18 15:24:11.
0,23/111,0/19,Contraction_l_Alik_Bjlk_Cijk_Dijk,"(64,4096,1,14336)",Cijk_Alik_Bjlk_I8II_BH_MT64x64x16_SN_GLVWA4_GRVW4_K1_SU0_SUS0_TT4_4,NO_CHECK,1588.74,4730.91,,1,2,32,1,1,1,1,118489088,1048576,,,,,,,,,,2026-04-18 15:24:11.
0,23/111,1/19,Contraction_l_Alik_Bjlk_Cijk_Dijk,"(64,4096,1,14336)",Cijk_Alik_Bjlk_I8II_BH_MT64x64x16_SN_GLVWA4_GRVW8_K1_SU0_SUS0_TT4_4,NO_CHECK,1697.14,4428.73,,1,2,32,1,1,1,1,118489088,1048576,,,,,,,,,,2026-04-18 15:24:11.
0,23/111,2/19,Contraction_l_Alik_Bjlk_Cijk_Dijk,"(64,4096,1,14336)",Cijk_Alik_Bjlk_I8II_BH_MT64x64x16_SN_GLVWA4_GRVW16_K1_SU0_SUS0_TT4_4,NO_CHECK,1336.22,5624.97,,1,2,32,1,1,1,1,118489088,1048576,,,,,,,,,,2026-04-18 15:24:11.
0,23/111,3/19,Contraction_l_Alik_Bjlk_Cijk_Dijk,"(64,4096,1,14336)",Cijk_Alik_Bjlk_I8II_BH_MT64x64x16_SN_GLVWA4_GRVW4_K1_SU32_SUS256_TT4_4,NO_CHECK,1334.22,5633.4,,1,2,32,1,1,1,1,118489088,1048576,,,,,,,,,,2026-04-18 15:24:11.
0,23/111,4/19,Contraction_l_Alik_Bjlk_Cijk_Dijk,"(64,4096,1,14336)",Cijk_Alik_Bjlk_I8II_BH_MT64x64x16_SN_GLVWA4_GRVW8_K1_SU32_SUS256_TT4_4,NO_CHECK,1364.9,5506.77,,1,2,32,1,1,1,1,118489088,1048576,,,,,,,,,,2026-04-18 15:24:11.
0,23/111,5/19,Contraction_l_Alik_Bjlk_Cijk_Dijk,"(64,4096,1,14336)",Cijk_Alik_Bjlk_I8II_BH_MT64x64x16_SN_GLVWA4_GRVW16_K1_SU32_SUS256_TT4_4,NO_CHECK,1496.98,5020.9,,1,2,32,1,1,1,1,118489088,1048576,,,,,,,,,,2026-04-18 15:24:11.
0,23/111,6/19,Contraction_l_Alik_Bjlk_Cijk_Dijk,"(64,4096,1,14336)",Cijk_Alik_Bjlk_I8II_BH_MT128x64x16_SN_GLVWA4_GRVW4_K1_SU0_SUS0_TT8_4,NO_CHECK,2097.95,3582.64,,0.5,2,32,0.5,1,1,1,89128960,1048576,,,,,,,,,,2026-04-18 15:24:11.
0,23/111,7/19,Contraction_l_Alik_Bjlk_Cijk_Dijk,"(64,4096,1,14336)",Cijk_Alik_Bjlk_I8II_BH_MT128x64x16_SN_GLVWA8_GRVW8_K1_SU0_SUS0_TT8_4,NO_CHECK,2071.95,3627.59,,0.5,2,32,0.5,1,1,1,89128960,1048576,,,,,,,,,,2026-04-18 15:24:11.
0,23/111,8/19,Contraction_l_Alik_Bjlk_Cijk_Dijk,"(64,4096,1,14336)",Cijk_Alik_Bjlk_I8II_BH_MT128x64x16_SN_GLVWA8_GRVW16_K1_SU0_SUS0_TT8_4,NO_CHECK,2066.23,3637.64,,0.5,2,32,0.5,1,1,1,89128960,1048576,,,,,,,,,,2026-04-18 15:24:11.
0,23/111,9/19,Contraction_l_Alik_Bjlk_Cijk_Dijk,"(64,4096,1,14336)",Cijk_Alik_Bjlk_I8II_BH_MT128x64x16_SN_GLVWA4_GRVW4_K1_SU32_SUS256_TT8_4,NO_CHECK,2220.19,3385.38,,0.5,2,32,0.5,1,1,1,89128960,1048576,,,,,,,,,,2026-04-18 15:24:11.
0,23/111,10/19,Contraction_l_Alik_Bjlk_Cijk_Dijk,"(64,4096,1,14336)",Cijk_Alik_Bjlk_I8II_BH_MT128x64x16_SN_GLVWA8_GRVW8_K1_SU32_SUS256_TT8_4,NO_CHECK,2094.15,3589.14,,0.5,2,32,0.5,1,1,1,89128960,1048576,,,,,,,,,,2026-04-18 15:24:11.
0,23/111,11/19,Contraction_l_Alik_Bjlk_Cijk_Dijk,"(64,4096,1,14336)",Cijk_Alik_Bjlk_I8II_BH_MT128x64x16_SN_GLVWA8_GRVW16_K1_SU32_SUS256_TT8_4,NO_CHECK,2084.91,3605.04,,0.5,2,32,0.5,1,1,1,89128960,1048576,,,,,,,,,,2026-04-18 15:24:11.
0,23/111,12/19,Contraction_l_Alik_Bjlk_Cijk_Dijk,"(64,4096,1,14336)",Cijk_Alik_Bjlk_I8II_BH_MT64x128x16_SN_GLVWA4_GRVW4_K1_SU0_SUS0_TT4_8,NO_CHECK,1130.26,6649.99,,1,1,32,1,1,1,1,89128960,1048576,,,,,,,,,,2026-04-18 15:24:11.
0,23/111,13/19,Contraction_l_Alik_Bjlk_Cijk_Dijk,"(64,4096,1,14336)",Cijk_Alik_Bjlk_I8II_BH_MT64x128x16_SN_GLVWA4_GRVW4_K1_SU32_SUS256_TT4_8,NO_CHECK,1268.62,5924.7,,1,1,32,1,1,1,1,89128960,1048576,,,,,,,,,,2026-04-18 15:24:11.
0,23/111,14/19,Contraction_l_Alik_Bjlk_Cijk_Dijk,"(64,4096,1,14336)",Cijk_Alik_Bjlk_I8II_BH_MT64x64x32_SN_GLVWA4_GRVW4_K1_SU0_SUS0_TT4_4,NO_CHECK,1351.58,5561.04,,1,2,32,1,1,1,1,118489088,1048576,,,,,,,,,,2026-04-18 15:24:11.
0,23/111,15/19,Contraction_l_Alik_Bjlk_Cijk_Dijk,"(64,4096,1,14336)",Cijk_Alik_Bjlk_I8II_BH_MT64x64x32_SN_GLVWA4_GRVW4_K1_SU32_SUS256_TT4_4,NO_CHECK,1351.34,5562.03,,1,2,32,1,1,1,1,118489088,1048576,,,,,,,,,,2026-04-18 15:24:11.
0,23/111,16/19,Contraction_l_Alik_Bjlk_Cijk_Dijk,"(64,4096,1,14336)",Cijk_Alik_Bjlk_I8II_BH_MT128x64x32_SN_GLVWA4_GRVW4_K1_SU0_SUS0_TT8_4,NO_CHECK,2118.19,3548.4,,0.5,2,32,0.5,1,1,1,89128960,1048576,,,,,,,,,,2026-04-18 15:24:11.
0,23/111,17/19,Contraction_l_Alik_Bjlk_Cijk_Dijk,"(64,4096,1,14336)",Cijk_Alik_Bjlk_I8II_BH_MT128x64x32_SN_GLVWA4_GRVW4_K1_SU32_SUS256_TT8_4,NO_CHECK,2254.87,3333.31,,0.5,2,32,0.5,1,1,1,89128960,1048576,,,,,,,,,,2026-04-18 15:24:11.
0,23/111,18/19,Contraction_l_Alik_Bjlk_Cijk_Dijk,"(64,4096,1,14336)",Cijk_Alik_Bjlk_I8II_BH_MT64x128x32_SN_GLVWA4_GRVW4_K1_SU0_SUS0_TT4_8,NO_CHECK,1159.06,6484.74,,1,1,32,1,1,1,1,89128960,1048576,,,,,,,,,,2026-04-18 15:24:11.
0,23/111,19/19,Contraction_l_Alik_Bjlk_Cijk_Dijk,"(64,4096,1,14336)",Cijk_Alik_Bjlk_I8II_BH_MT64x128x32_SN_GLVWA4_GRVW4_K1_SU32_SUS256_TT4_8,NO_CHECK,1146.06,6558.31,,1,1,32,1,1,1,1,89128960,1048576,,,,,,,,,,2026-04-18 15:24:11.
0,24/111,0/19,Contraction_l_Alik_Bjlk_Cijk_Dijk,"(64,8192,1,1024)",Cijk_Alik_Bjlk_I8II_BH_MT64x64x16_SN_GLVWA4_GRVW4_K1_SU0_SUS0_TT4_4,NO_CHECK,208.563,5148.29,,1,4,32,1,1,1,1,18874368,2097152,,,,,,,,,,2026-04-18 15:24:11.
0,24/111,1/19,Contraction_l_Alik_Bjlk_Cijk_Dijk,"(64,8192,1,1024)",Cijk_Alik_Bjlk_I8II_BH_MT64x64x16_SN_GLVWA4_GRVW8_K1_SU0_SUS0_TT4_4,NO_CHECK,200.843,5346.17,,1,4,32,1,1,1,1,18874368,2097152,,,,,,,,,,2026-04-18 15:24:11.
0,24/111,2/19,Contraction_l_Alik_Bjlk_Cijk_Dijk,"(64,8192,1,1024)",Cijk_Alik_Bjlk_I8II_BH_MT64x64x16_SN_GLVWA4_GRVW16_K1_SU0_SUS0_TT4_4,NO_CHECK,200.403,5357.91,,1,4,32,1,1,1,1,18874368,2097152,,,,,,,,,,2026-04-18 15:24:11.
0,24/111,3/19,Contraction_l_Alik_Bjlk_Cijk_Dijk,"(64,8192,1,1024)",Cijk_Alik_Bjlk_I8II_BH_MT64x64x16_SN_GLVWA4_GRVW4_K1_SU32_SUS256_TT4_4,NO_CHECK,200.403,5357.91,,1,4,32,1,1,1,1,18874368,2097152,,,,,,,,,,2026-04-18 15:24:11.
0,24/111,4/19,Contraction_l_Alik_Bjlk_Cijk_Dijk,"(64,8192,1,1024)",Cijk_Alik_Bjlk_I8II_BH_MT64x64x16_SN_GLVWA4_GRVW8_K1_SU32_SUS256_TT4_4,NO_CHECK,199.443,5383.7,,1,4,32,1,1,1,1,18874368,2097152,,,,,,,,,,2026-04-18 15:24:11.
0,24/111,5/19,Contraction_l_Alik_Bjlk_Cijk_Dijk,"(64,8192,1,1024)",Cijk_Alik_Bjlk_I8II_BH_MT64x64x16_SN_GLVWA4_GRVW16_K1_SU32_SUS256_TT4_4,NO_CHECK,201.083,5339.79,,1,4,32,1,1,1,1,18874368,2097152,,,,,,,,,,2026-04-18 15:24:11.
0,24/111,6/19,Contraction_l_Alik_Bjlk_Cijk_Dijk,"(64,8192,1,1024)",Cijk_Alik_Bjlk_I8II_BH_MT128x64x16_SN_GLVWA4_GRVW4_K1_SU0_SUS0_TT8_4,NO_CHECK,310.684,3456.06,,0.5,4,32,0.5,1,1,1,14680064,2097152,,,,,,,,,,2026-04-18 15:24:11.
0,24/111,7/19,Contraction_l_Alik_Bjlk_Cijk_Dijk,"(64,8192,1,1024)",Cijk_Alik_Bjlk_I8II_BH_MT128x64x16_SN_GLVWA8_GRVW8_K1_SU0_SUS0_TT8_4,NO_CHECK,311.085,3451.6,,0.5,4,32,0.5,1,1,1,14680064,2097152,,,,,,,,,,2026-04-18 15:24:11.
0,24/111,8/19,Contraction_l_Alik_Bjlk_Cijk_Dijk,"(64,8192,1,1024)",Cijk_Alik_Bjlk_I8II_BH_MT128x64x16_SN_GLVWA8_GRVW16_K1_SU0_SUS0_TT8_4,NO_CHECK,311.125,3451.16,,0.5,4,32,0.5,1,1,1,14680064,2097152,,,,,,,,,,2026-04-18 15:24:11.
0,24/111,9/19,Contraction_l_Alik_Bjlk_Cijk_Dijk,"(64,8192,1,1024)",Cijk_Alik_Bjlk_I8II_BH_MT128x64x16_SN_GLVWA4_GRVW4_K1_SU32_SUS256_TT8_4,NO_CHECK,311.925,3442.31,,0.5,4,32,0.5,1,1,1,14680064,2097152,,,,,,,,,,2026-04-18 15:24:11.
0,24/111,10/19,Contraction_l_Alik_Bjlk_Cijk_Dijk,"(64,8192,1,1024)",Cijk_Alik_Bjlk_I8II_BH_MT128x64x16_SN_GLVWA8_GRVW8_K1_SU32_SUS256_TT8_4,NO_CHECK,312.124,3440.11,,0.5,4,32,0.5,1,1,1,14680064,2097152,,,,,,,,,,2026-04-18 15:24:11.
0,24/111,11/19,Contraction_l_Alik_Bjlk_Cijk_Dijk,"(64,8192,1,1024)",Cijk_Alik_Bjlk_I8II_BH_MT128x64x16_SN_GLVWA8_GRVW16_K1_SU32_SUS256_TT8_4,NO_CHECK,441.807,2430.34,,0.5,4,32,0.5,1,1,1,14680064,2097152,,,,,,,,,,2026-04-18 15:24:11.
0,24/111,12/19,Contraction_l_Alik_Bjlk_Cijk_Dijk,"(64,8192,1,1024)",Cijk_Alik_Bjlk_I8II_BH_MT64x128x16_SN_GLVWA4_GRVW4_K1_SU0_SUS0_TT4_8,NO_CHECK,182.883,5871.2,,1,2,32,1,1,1,1,14680064,2097152,,,,,,,,,,2026-04-18 15:24:11.
0,24/111,13/19,Contraction_l_Alik_Bjlk_Cijk_Dijk,"(64,8192,1,1024)",Cijk_Alik_Bjlk_I8II_BH_MT64x128x16_SN_GLVWA4_GRVW4_K1_SU32_SUS256_TT4_8,NO_CHECK,175.603,6114.6,,1,2,32,1,1,1,1,14680064,2097152,,,,,,,,,,2026-04-18 15:24:11.
0,24/111,14/19,Contraction_l_Alik_Bjlk_Cijk_Dijk,"(64,8192,1,1024)",Cijk_Alik_Bjlk_I8II_BH_MT64x64x32_SN_GLVWA4_GRVW4_K1_SU0_SUS0_TT4_4,NO_CHECK,206.843,5191.1,,1,4,32,1,1,1,1,18874368,2097152,,,,,,,,,,2026-04-18 15:24:11.
0,24/111,15/19,Contraction_l_Alik_Bjlk_Cijk_Dijk,"(64,8192,1,1024)",Cijk_Alik_Bjlk_I8II_BH_MT64x64x32_SN_GLVWA4_GRVW4_K1_SU32_SUS256_TT4_4,NO_CHECK,205.883,5215.3,,1,4,32,1,1,1,1,18874368,2097152,,,,,,,,,,2026-04-18 15:24:11.
0,24/111,16/19,Contraction_l_Alik_Bjlk_Cijk_Dijk,"(64,8192,1,1024)",Cijk_Alik_Bjlk_I8II_BH_MT128x64x32_SN_GLVWA4_GRVW4_K1_SU0_SUS0_TT8_4,NO_CHECK,331.765,3236.45,,0.5,4,32,0.5,1,1,1,14680064,2097152,,,,,,,,,,2026-04-18 15:24:11.
0,24/111,17/19,Contraction_l_Alik_Bjlk_Cijk_Dijk,"(64,8192,1,1024)",Cijk_Alik_Bjlk_I8II_BH_MT128x64x32_SN_GLVWA4_GRVW4_K1_SU32_SUS256_TT8_4,NO_CHECK,323.244,3321.77,,0.5,4,32,0.5,1,1,1,14680064,2097152,,,,,,,,,,2026-04-18 15:24:11.
0,24/111,18/19,Contraction_l_Alik_Bjlk_Cijk_Dijk,"(64,8192,1,1024)",Cijk_Alik_Bjlk_I8II_BH_MT64x128x32_SN_GLVWA4_GRVW4_K1_SU0_SUS0_TT4_8,NO_CHECK,192.083,5589.99,,1,2,32,1,1,1,1,14680064,2097152,,,,,,,,,,2026-04-18 15:24:11.
0,24/111,19/19,Contraction_l_Alik_Bjlk_Cijk_Dijk,"(64,8192,1,1024)",Cijk_Alik_Bjlk_I8II_BH_MT64x128x32_SN_GLVWA4_GRVW4_K1_SU32_SUS256_TT4_8,NO_CHECK,190.882,5625.16,,1,2,32,1,1,1,1,14680064,2097152,,,,,,,,,,2026-04-18 15:24:11.
0,25/111,0/19,Contraction_l_Alik_Bjlk_Cijk_Dijk,"(64,8192,1,4096)",Cijk_Alik_Bjlk_I8II_BH_MT64x64x16_SN_GLVWA4_GRVW4_K1_SU0_SUS0_TT4_4,NO_CHECK,744.451,5769.31,,1,4,32,1,1,1,1,69206016,2097152,,,,,,,,,,2026-04-18 15:24:11.
0,25/111,1/19,Contraction_l_Alik_Bjlk_Cijk_Dijk,"(64,8192,1,4096)",Cijk_Alik_Bjlk_I8II_BH_MT64x64x16_SN_GLVWA4_GRVW8_K1_SU0_SUS0_TT4_4,NO_CHECK,740.291,5801.73,,1,4,32,1,1,1,1,69206016,2097152,,,,,,,,,,2026-04-18 15:24:11.
0,25/111,2/19,Contraction_l_Alik_Bjlk_Cijk_Dijk,"(64,8192,1,4096)",Cijk_Alik_Bjlk_I8II_BH_MT64x64x16_SN_GLVWA4_GRVW16_K1_SU0_SUS0_TT4_4,NO_CHECK,742.211,5786.72,,1,4,32,1,1,1,1,69206016,2097152,,,,,,,,,,2026-04-18 15:24:11.
0,25/111,3/19,Contraction_l_Alik_Bjlk_Cijk_Dijk,"(64,8192,1,4096)",Cijk_Alik_Bjlk_I8II_BH_MT64x64x16_SN_GLVWA4_GRVW4_K1_SU32_SUS256_TT4_4,NO_CHECK,741.811,5789.84,,1,4,32,1,1,1,1,69206016,2097152,,,,,,,,,,2026-04-18 15:24:11.
0,25/111,4/19,Contraction_l_Alik_Bjlk_Cijk_Dijk,"(64,8192,1,4096)",Cijk_Alik_Bjlk_I8II_BH_MT64x64x16_SN_GLVWA4_GRVW8_K1_SU32_SUS256_TT4_4,NO_CHECK,739.211,5810.2,,1,4,32,1,1,1,1,69206016,2097152,,,,,,,,,,2026-04-18 15:24:11.
0,25/111,5/19,Contraction_l_Alik_Bjlk_Cijk_Dijk,"(64,8192,1,4096)",Cijk_Alik_Bjlk_I8II_BH_MT64x64x16_SN_GLVWA4_GRVW16_K1_SU32_SUS256_TT4_4,NO_CHECK,860.613,4990.59,,1,4,32,1,1,1,1,69206016,2097152,,,,,,,,,,2026-04-18 15:24:11.
0,25/111,6/19,Contraction_l_Alik_Bjlk_Cijk_Dijk,"(64,8192,1,4096)",Cijk_Alik_Bjlk_I8II_BH_MT128x64x16_SN_GLVWA4_GRVW4_K1_SU0_SUS0_TT8_4,NO_CHECK,1155.22,3717.89,,0.5,4,32,0.5,1,1,1,52428800,2097152,,,,,,,,,,2026-04-18 15:24:11.
0,25/111,7/19,Contraction_l_Alik_Bjlk_Cijk_Dijk,"(64,8192,1,4096)",Cijk_Alik_Bjlk_I8II_BH_MT128x64x16_SN_GLVWA8_GRVW8_K1_SU0_SUS0_TT8_4,NO_CHECK,1154.1,3721.5,,0.5,4,32,0.5,1,1,1,52428800,2097152,,,,,,,,,,2026-04-18 15:24:11.
0,25/111,8/19,Contraction_l_Alik_Bjlk_Cijk_Dijk,"(64,8192,1,4096)",Cijk_Alik_Bjlk_I8II_BH_MT128x64x16_SN_GLVWA8_GRVW16_K1_SU0_SUS0_TT8_4,NO_CHECK,1147.98,3741.34,,0.5,4,32,0.5,1,1,1,52428800,2097152,,,,,,,,,,2026-04-18 15:24:11.
0,25/111,9/19,Contraction_l_Alik_Bjlk_Cijk_Dijk,"(64,8192,1,4096)",Cijk_Alik_Bjlk_I8II_BH_MT128x64x16_SN_GLVWA4_GRVW4_K1_SU32_SUS256_TT8_4,NO_CHECK,1168.7,3675,,0.5,4,32,0.5,1,1,1,52428800,2097152,,,,,,,,,,2026-04-18 15:24:11.
0,25/111,10/19,Contraction_l_Alik_Bjlk_Cijk_Dijk,"(64,8192,1,4096)",Cijk_Alik_Bjlk_I8II_BH_MT128x64x16_SN_GLVWA8_GRVW8_K1_SU32_SUS256_TT8_4,NO_CHECK,1163.7,3690.8,,0.5,4,32,0.5,1,1,1,52428800,2097152,,,,,,,,,,2026-04-18 15:24:11.
0,25/111,11/19,Contraction_l_Alik_Bjlk_Cijk_Dijk,"(64,8192,1,4096)",Cijk_Alik_Bjlk_I8II_BH_MT128x64x16_SN_GLVWA8_GRVW16_K1_SU32_SUS256_TT8_4,NO_CHECK,1158.02,3708.9,,0.5,4,32,0.5,1,1,1,52428800,2097152,,,,,,,,,,2026-04-18 15:24:11.
0,25/111,12/19,Contraction_l_Alik_Bjlk_Cijk_Dijk,"(64,8192,1,4096)",Cijk_Alik_Bjlk_I8II_BH_MT64x128x16_SN_GLVWA4_GRVW4_K1_SU0_SUS0_TT4_8,NO_CHECK,613.529,7000.43,,1,2,32,1,1,1,1,52428800,2097152,,,,,,,,,,2026-04-18 15:24:11.
0,25/111,13/19,Contraction_l_Alik_Bjlk_Cijk_Dijk,"(64,8192,1,4096)",Cijk_Alik_Bjlk_I8II_BH_MT64x128x16_SN_GLVWA4_GRVW4_K1_SU32_SUS256_TT4_8,NO_CHECK,607.369,7071.43,,1,2,32,1,1,1,1,52428800,2097152,,,,,,,,,,2026-04-18 15:24:11.
0,25/111,14/19,Contraction_l_Alik_Bjlk_Cijk_Dijk,"(64,8192,1,4096)",Cijk_Alik_Bjlk_I8II_BH_MT64x64x32_SN_GLVWA4_GRVW4_K1_SU0_SUS0_TT4_4,NO_CHECK,743.81,5774.28,,1,4,32,1,1,1,1,69206016,2097152,,,,,,,,,,2026-04-18 15:24:11.
0,25/111,15/19,Contraction_l_Alik_Bjlk_Cijk_Dijk,"(64,8192,1,4096)",Cijk_Alik_Bjlk_I8II_BH_MT64x64x32_SN_GLVWA4_GRVW4_K1_SU32_SUS256_TT4_4,NO_CHECK,743.451,5777.07,,1,4,32,1,1,1,1,69206016,2097152,,,,,,,,,,2026-04-18 15:24:11.
0,25/111,16/19,Contraction_l_Alik_Bjlk_Cijk_Dijk,"(64,8192,1,4096)",Cijk_Alik_Bjlk_I8II_BH_MT128x64x32_SN_GLVWA4_GRVW4_K1_SU0_SUS0_TT8_4,NO_CHECK,1168.18,3676.64,,0.5,4,32,0.5,1,1,1,52428800,2097152,,,,,,,,,,2026-04-18 15:24:11.
0,25/111,17/19,Contraction_l_Alik_Bjlk_Cijk_Dijk,"(64,8192,1,4096)",Cijk_Alik_Bjlk_I8II_BH_MT128x64x32_SN_GLVWA4_GRVW4_K1_SU32_SUS256_TT8_4,NO_CHECK,1162.86,3693.46,,0.5,4,32,0.5,1,1,1,52428800,2097152,,,,,,,,,,2026-04-18 15:24:11.
0,25/111,18/19,Contraction_l_Alik_Bjlk_Cijk_Dijk,"(64,8192,1,4096)",Cijk_Alik_Bjlk_I8II_BH_MT64x128x32_SN_GLVWA4_GRVW4_K1_SU0_SUS0_TT4_8,NO_CHECK,623.009,6893.91,,1,2,32,1,1,1,1,52428800,2097152,,,,,,,,,,2026-04-18 15:24:11.
0,25/111,19/19,Contraction_l_Alik_Bjlk_Cijk_Dijk,"(64,8192,1,4096)",Cijk_Alik_Bjlk_I8II_BH_MT64x128x32_SN_GLVWA4_GRVW4_K1_SU32_SUS256_TT4_8,NO_CHECK,626.449,6856.05,,1,2,32,1,1,1,1,52428800,2097152,,,,,,,,,,2026-04-18 15:24:11.
0,26/111,0/19,Contraction_l_Alik_Bjlk_Cijk_Dijk,"(64,8192,1,8192)",Cijk_Alik_Bjlk_I8II_BH_MT64x64x16_SN_GLVWA4_GRVW4_K1_SU0_SUS0_TT4_4,NO_CHECK,1523.62,5637.84,,1,4,32,1,1,1,1,136314880,2097152,,,,,,,,,,2026-04-18 15:24:11.
0,26/111,1/19,Contraction_l_Alik_Bjlk_Cijk_Dijk,"(64,8192,1,8192)",Cijk_Alik_Bjlk_I8II_BH_MT64x64x16_SN_GLVWA4_GRVW8_K1_SU0_SUS0_TT4_4,NO_CHECK,1543.62,5564.79,,1,4,32,1,1,1,1,136314880,2097152,,,,,,,,,,2026-04-18 15:24:11.
0,26/111,2/19,Contraction_l_Alik_Bjlk_Cijk_Dijk,"(64,8192,1,8192)",Cijk_Alik_Bjlk_I8II_BH_MT64x64x16_SN_GLVWA4_GRVW16_K1_SU0_SUS0_TT4_4,NO_CHECK,1786.43,4808.45,,1,4,32,1,1,1,1,136314880,2097152,,,,,,,,,,2026-04-18 15:24:11.
0,26/111,3/19,Contraction_l_Alik_Bjlk_Cijk_Dijk,"(64,8192,1,8192)",Cijk_Alik_Bjlk_I8II_BH_MT64x64x16_SN_GLVWA4_GRVW4_K1_SU32_SUS256_TT4_4,NO_CHECK,1603.78,5356.04,,1,4,32,1,1,1,1,136314880,2097152,,,,,,,,,,2026-04-18 15:24:11.
0,26/111,4/19,Contraction_l_Alik_Bjlk_Cijk_Dijk,"(64,8192,1,8192)",Cijk_Alik_Bjlk_I8II_BH_MT64x64x16_SN_GLVWA4_GRVW8_K1_SU32_SUS256_TT4_4,NO_CHECK,1470.86,5840.07,,1,4,32,1,1,1,1,136314880,2097152,,,,,,,,,,2026-04-18 15:24:11.
0,26/111,5/19,Contraction_l_Alik_Bjlk_Cijk_Dijk,"(64,8192,1,8192)",Cijk_Alik_Bjlk_I8II_BH_MT64x64x16_SN_GLVWA4_GRVW16_K1_SU32_SUS256_TT4_4,NO_CHECK,1461.42,5877.79,,1,4,32,1,1,1,1,136314880,2097152,,,,,,,,,,2026-04-18 15:24:11.
0,26/111,6/19,Contraction_l_Alik_Bjlk_Cijk_Dijk,"(64,8192,1,8192)",Cijk_Alik_Bjlk_I8II_BH_MT128x64x16_SN_GLVWA4_GRVW4_K1_SU0_SUS0_TT8_4,NO_CHECK,2293.03,3746.1,,0.5,4,32,0.5,1,1,1,102760448,2097152,,,,,,,,,,2026-04-18 15:24:11.
0,26/111,7/19,Contraction_l_Alik_Bjlk_Cijk_Dijk,"(64,8192,1,8192)",Cijk_Alik_Bjlk_I8II_BH_MT128x64x16_SN_GLVWA8_GRVW8_K1_SU0_SUS0_TT8_4,NO_CHECK,2411.96,3561.4,,0.5,4,32,0.5,1,1,1,102760448,2097152,,,,,,,,,,2026-04-18 15:24:11.
0,26/111,8/19,Contraction_l_Alik_Bjlk_Cijk_Dijk,"(64,8192,1,8192)",Cijk_Alik_Bjlk_I8II_BH_MT128x64x16_SN_GLVWA8_GRVW16_K1_SU0_SUS0_TT8_4,NO_CHECK,2289.99,3751.07,,0.5,4,32,0.5,1,1,1,102760448,2097152,,,,,,,,,,2026-04-18 15:24:11.
0,26/111,9/19,Contraction_l_Alik_Bjlk_Cijk_Dijk,"(64,8192,1,8192)",Cijk_Alik_Bjlk_I8II_BH_MT128x64x16_SN_GLVWA4_GRVW4_K1_SU32_SUS256_TT8_4,NO_CHECK,2284.15,3760.66,,0.5,4,32,0.5,1,1,1,102760448,2097152,,,,,,,,,,2026-04-18 15:24:11.
0,26/111,10/19,Contraction_l_Alik_Bjlk_Cijk_Dijk,"(64,8192,1,8192)",Cijk_Alik_Bjlk_I8II_BH_MT128x64x16_SN_GLVWA8_GRVW8_K1_SU32_SUS256_TT8_4,NO_CHECK,2430.88,3533.68,,0.5,4,32,0.5,1,1,1,102760448,2097152,,,,,,,,,,2026-04-18 15:24:11.
0,26/111,11/19,Contraction_l_Alik_Bjlk_Cijk_Dijk,"(64,8192,1,8192)",Cijk_Alik_Bjlk_I8II_BH_MT128x64x16_SN_GLVWA8_GRVW16_K1_SU32_SUS256_TT8_4,NO_CHECK,2298.79,3736.71,,0.5,4,32,0.5,1,1,1,102760448,2097152,,,,,,,,,,2026-04-18 15:24:11.
0,26/111,12/19,Contraction_l_Alik_Bjlk_Cijk_Dijk,"(64,8192,1,8192)",Cijk_Alik_Bjlk_I8II_BH_MT64x128x16_SN_GLVWA4_GRVW4_K1_SU0_SUS0_TT4_8,NO_CHECK,1204.34,7132.5,,1,2,32,1,1,1,1,102760448,2097152,,,,,,,,,,2026-04-18 15:24:11.
0,26/111,13/19,Contraction_l_Alik_Bjlk_Cijk_Dijk,"(64,8192,1,8192)",Cijk_Alik_Bjlk_I8II_BH_MT64x128x16_SN_GLVWA4_GRVW4_K1_SU32_SUS256_TT4_8,NO_CHECK,1195.5,7185.24,,1,2,32,1,1,1,1,102760448,2097152,,,,,,,,,,2026-04-18 15:24:11.
0,26/111,14/19,Contraction_l_Alik_Bjlk_Cijk_Dijk,"(64,8192,1,8192)",Cijk_Alik_Bjlk_I8II_BH_MT64x64x32_SN_GLVWA4_GRVW4_K1_SU0_SUS0_TT4_4,NO_CHECK,1470.54,5841.34,,1,4,32,1,1,1,1,136314880,2097152,,,,,,,,,,2026-04-18 15:24:11.
0,26/111,15/19,Contraction_l_Alik_Bjlk_Cijk_Dijk,"(64,8192,1,8192)",Cijk_Alik_Bjlk_I8II_BH_MT64x64x32_SN_GLVWA4_GRVW4_K1_SU32_SUS256_TT4_4,NO_CHECK,1582.94,5426.56,,1,4,32,1,1,1,1,136314880,2097152,,,,,,,,,,2026-04-18 15:24:11.
0,26/111,16/19,Contraction_l_Alik_Bjlk_Cijk_Dijk,"(64,8192,1,8192)",Cijk_Alik_Bjlk_I8II_BH_MT128x64x32_SN_GLVWA4_GRVW4_K1_SU0_SUS0_TT8_4,NO_CHECK,2316.03,3708.9,,0.5,4,32,0.5,1,1,1,102760448,2097152,,,,,,,,,,2026-04-18 15:24:11.
0,26/111,17/19,Contraction_l_Alik_Bjlk_Cijk_Dijk,"(64,8192,1,8192)",Cijk_Alik_Bjlk_I8II_BH_MT128x64x32_SN_GLVWA4_GRVW4_K1_SU32_SUS256_TT8_4,NO_CHECK,2308.19,3721.5,,0.5,4,32,0.5,1,1,1,102760448,2097152,,,,,,,,,,2026-04-18 15:24:11.
0,26/111,18/19,Contraction_l_Alik_Bjlk_Cijk_Dijk,"(64,8192,1,8192)",Cijk_Alik_Bjlk_I8II_BH_MT64x128x32_SN_GLVWA4_GRVW4_K1_SU0_SUS0_TT4_8,NO_CHECK,1215.94,7064.45,,1,2,32,1,1,1,1,102760448,2097152,,,,,,,,,,2026-04-18 15:24:11.
0,26/111,19/19,Contraction_l_Alik_Bjlk_Cijk_Dijk,"(64,8192,1,8192)",Cijk_Alik_Bjlk_I8II_BH_MT64x128x32_SN_GLVWA4_GRVW4_K1_SU32_SUS256_TT4_8,NO_CHECK,1349.34,6366.03,,1,2,32,1,1,1,1,102760448,2097152,,,,,,,,,,2026-04-18 15:24:11.
0,27/111,0/19,Contraction_l_Alik_Bjlk_Cijk_Dijk,"(64,8192,1,14336)",Cijk_Alik_Bjlk_I8II_BH_MT64x64x16_SN_GLVWA4_GRVW4_K1_SU0_SUS0_TT4_4,NO_CHECK,2563.32,5864.42,,1,4,32,1,1,1,1,236978176,2097152,,,,,,,,,,2026-04-18 15:24:11.
0,27/111,1/19,Contraction_l_Alik_Bjlk_Cijk_Dijk,"(64,8192,1,14336)",Cijk_Alik_Bjlk_I8II_BH_MT64x64x16_SN_GLVWA4_GRVW8_K1_SU0_SUS0_TT4_4,NO_CHECK,2789.76,5388.41,,1,4,32,1,1,1,1,236978176,2097152,,,,,,,,,,2026-04-18 15:24:11.
0,27/111,2/19,Contraction_l_Alik_Bjlk_Cijk_Dijk,"(64,8192,1,14336)",Cijk_Alik_Bjlk_I8II_BH_MT64x64x16_SN_GLVWA4_GRVW16_K1_SU0_SUS0_TT4_4,NO_CHECK,2676,5617.49,,1,4,32,1,1,1,1,236978176,2097152,,,,,,,,,,2026-04-18 15:24:11.
0,27/111,3/19,Contraction_l_Alik_Bjlk_Cijk_Dijk,"(64,8192,1,14336)",Cijk_Alik_Bjlk_I8II_BH_MT64x64x16_SN_GLVWA4_GRVW4_K1_SU32_SUS256_TT4_4,NO_CHECK,2772.36,5422.23,,1,4,32,1,1,1,1,236978176,2097152,,,,,,,,,,2026-04-18 15:24:11.
0,27/111,4/19,Contraction_l_Alik_Bjlk_Cijk_Dijk,"(64,8192,1,14336)",Cijk_Alik_Bjlk_I8II_BH_MT64x64x16_SN_GLVWA4_GRVW8_K1_SU32_SUS256_TT4_4,NO_CHECK,2555.44,5882.51,,1,4,32,1,1,1,1,236978176,2097152,,,,,,,,,,2026-04-18 15:24:11.
0,27/111,5/19,Contraction_l_Alik_Bjlk_Cijk_Dijk,"(64,8192,1,14336)",Cijk_Alik_Bjlk_I8II_BH_MT64x64x16_SN_GLVWA4_GRVW16_K1_SU32_SUS256_TT4_4,NO_CHECK,2667.88,5634.58,,1,4,32,1,1,1,1,236978176,2097152,,,,,,,,,,2026-04-18 15:24:11.
0,27/111,6/19,Contraction_l_Alik_Bjlk_Cijk_Dijk,"(64,8192,1,14336)",Cijk_Alik_Bjlk_I8II_BH_MT128x64x16_SN_GLVWA4_GRVW4_K1_SU0_SUS0_TT8_4,NO_CHECK,3998.7,3759.32,,0.5,4,32,0.5,1,1,1,178257920,2097152,,,,,,,,,,2026-04-18 15:24:11.
0,27/111,7/19,Contraction_l_Alik_Bjlk_Cijk_Dijk,"(64,8192,1,14336)",Cijk_Alik_Bjlk_I8II_BH_MT128x64x16_SN_GLVWA8_GRVW8_K1_SU0_SUS0_TT8_4,NO_CHECK,4086.34,3678.69,,0.5,4,32,0.5,1,1,1,178257920,2097152,,,,,,,,,,2026-04-18 15:24:11.
0,27/111,8/19,Contraction_l_Alik_Bjlk_Cijk_Dijk,"(64,8192,1,14336)",Cijk_Alik_Bjlk_I8II_BH_MT128x64x16_SN_GLVWA8_GRVW16_K1_SU0_SUS0_TT8_4,NO_CHECK,3957.86,3798.11,,0.5,4,32,0.5,1,1,1,178257920,2097152,,,,,,,,,,2026-04-18 15:24:11.
0,27/111,9/19,Contraction_l_Alik_Bjlk_Cijk_Dijk,"(64,8192,1,14336)",Cijk_Alik_Bjlk_I8II_BH_MT128x64x16_SN_GLVWA4_GRVW4_K1_SU32_SUS256_TT8_4,NO_CHECK,4070.62,3692.9,,0.5,4,32,0.5,1,1,1,178257920,2097152,,,,,,,,,,2026-04-18 15:24:11.
0,27/111,10/19,Contraction_l_Alik_Bjlk_Cijk_Dijk,"(64,8192,1,14336)",Cijk_Alik_Bjlk_I8II_BH_MT128x64x16_SN_GLVWA8_GRVW8_K1_SU32_SUS256_TT8_4,NO_CHECK,3961.18,3794.93,,0.5,4,32,0.5,1,1,1,178257920,2097152,,,,,,,,,,2026-04-18 15:24:11.
0,27/111,11/19,Contraction_l_Alik_Bjlk_Cijk_Dijk,"(64,8192,1,14336)",Cijk_Alik_Bjlk_I8II_BH_MT128x64x16_SN_GLVWA8_GRVW16_K1_SU32_SUS256_TT8_4,NO_CHECK,4074.98,3688.95,,0.5,4,32,0.5,1,1,1,178257920,2097152,,,,,,,,,,2026-04-18 15:24:11.
0,27/111,12/19,Contraction_l_Alik_Bjlk_Cijk_Dijk,"(64,8192,1,14336)",Cijk_Alik_Bjlk_I8II_BH_MT64x128x16_SN_GLVWA4_GRVW4_K1_SU0_SUS0_TT4_8,NO_CHECK,2039.75,7369.72,,1,2,32,1,1,1,1,178257920,2097152,,,,,,,,,,2026-04-18 15:24:11.
0,27/111,13/19,Contraction_l_Alik_Bjlk_Cijk_Dijk,"(64,8192,1,14336)",Cijk_Alik_Bjlk_I8II_BH_MT64x128x16_SN_GLVWA4_GRVW4_K1_SU32_SUS256_TT4_8,NO_CHECK,2039.99,7368.85,,1,2,32,1,1,1,1,178257920,2097152,,,,,,,,,,2026-04-18 15:24:11.
0,27/111,14/19,Contraction_l_Alik_Bjlk_Cijk_Dijk,"(64,8192,1,14336)",Cijk_Alik_Bjlk_I8II_BH_MT64x64x32_SN_GLVWA4_GRVW4_K1_SU0_SUS0_TT4_4,NO_CHECK,2849.52,5275.41,,1,4,32,1,1,1,1,236978176,2097152,,,,,,,,,,2026-04-18 15:24:11.
0,27/111,15/19,Contraction_l_Alik_Bjlk_Cijk_Dijk,"(64,8192,1,14336)",Cijk_Alik_Bjlk_I8II_BH_MT64x64x32_SN_GLVWA4_GRVW4_K1_SU32_SUS256_TT4_4,NO_CHECK,2530,5941.66,,1,4,32,1,1,1,1,236978176,2097152,,,,,,,,,,2026-04-18 15:24:11.
0,27/111,16/19,Contraction_l_Alik_Bjlk_Cijk_Dijk,"(64,8192,1,14336)",Cijk_Alik_Bjlk_I8II_BH_MT128x64x32_SN_GLVWA4_GRVW4_K1_SU0_SUS0_TT8_4,NO_CHECK,3963.62,3792.59,,0.5,4,32,0.5,1,1,1,178257920,2097152,,,,,,,,,,2026-04-18 15:24:11.
0,27/111,17/19,Contraction_l_Alik_Bjlk_Cijk_Dijk,"(64,8192,1,14336)",Cijk_Alik_Bjlk_I8II_BH_MT128x64x32_SN_GLVWA4_GRVW4_K1_SU32_SUS256_TT8_4,NO_CHECK,3977.06,3779.78,,0.5,4,32,0.5,1,1,1,178257920,2097152,,,,,,,,,,2026-04-18 15:24:11.
0,27/111,18/19,Contraction_l_Alik_Bjlk_Cijk_Dijk,"(64,8192,1,14336)",Cijk_Alik_Bjlk_I8II_BH_MT64x128x32_SN_GLVWA4_GRVW4_K1_SU0_SUS0_TT4_8,NO_CHECK,2054.91,7315.35,,1,2,32,1,1,1,1,178257920,2097152,,,,,,,,,,2026-04-18 15:24:11.
0,27/111,19/19,Contraction_l_Alik_Bjlk_Cijk_Dijk,"(64,8192,1,14336)",Cijk_Alik_Bjlk_I8II_BH_MT64x128x32_SN_GLVWA4_GRVW4_K1_SU32_SUS256_TT4_8,NO_CHECK,2204.23,6819.78,,1,2,32,1,1,1,1,178257920,2097152,,,,,,,,,,2026-04-18 15:24:11.
0,28/111,0/19,Contraction_l_Alik_Bjlk_Cijk_Dijk,"(64,14336,1,1024)",Cijk_Alik_Bjlk_I8II_BH_MT64x64x16_SN_GLVWA4_GRVW4_K1_SU0_SUS0_TT4_4,NO_CHECK,330.645,5682.98,,1,7,32,1,1,1,1,33030144,3670016,,,,,,,,,,2026-04-18 15:24:11.
0,28/111,1/19,Contraction_l_Alik_Bjlk_Cijk_Dijk,"(64,14336,1,1024)",Cijk_Alik_Bjlk_I8II_BH_MT64x64x16_SN_GLVWA4_GRVW8_K1_SU0_SUS0_TT4_4,NO_CHECK,321.485,5844.9,,1,7,32,1,1,1,1,33030144,3670016,,,,,,,,,,2026-04-18 15:24:11.
0,28/111,2/19,Contraction_l_Alik_Bjlk_Cijk_Dijk,"(64,14336,1,1024)",Cijk_Alik_Bjlk_I8II_BH_MT64x64x16_SN_GLVWA4_GRVW16_K1_SU0_SUS0_TT4_4,NO_CHECK,321.284,5848.56,,1,7,32,1,1,1,1,33030144,3670016,,,,,,,,,,2026-04-18 15:24:11.
0,28/111,3/19,Contraction_l_Alik_Bjlk_Cijk_Dijk,"(64,14336,1,1024)",Cijk_Alik_Bjlk_I8II_BH_MT64x64x16_SN_GLVWA4_GRVW4_K1_SU32_SUS256_TT4_4,NO_CHECK,320.965,5854.37,,1,7,32,1,1,1,1,33030144,3670016,,,,,,,,,,2026-04-18 15:24:11.
0,28/111,4/19,Contraction_l_Alik_Bjlk_Cijk_Dijk,"(64,14336,1,1024)",Cijk_Alik_Bjlk_I8II_BH_MT64x64x16_SN_GLVWA4_GRVW8_K1_SU32_SUS256_TT4_4,NO_CHECK,320.845,5856.56,,1,7,32,1,1,1,1,33030144,3670016,,,,,,,,,,2026-04-18 15:24:11.
0,28/111,5/19,Contraction_l_Alik_Bjlk_Cijk_Dijk,"(64,14336,1,1024)",Cijk_Alik_Bjlk_I8II_BH_MT64x64x16_SN_GLVWA4_GRVW16_K1_SU32_SUS256_TT4_4,NO_CHECK,322.564,5825.35,,1,7,32,1,1,1,1,33030144,3670016,,,,,,,,,,2026-04-18 15:24:11.
0,28/111,6/19,Contraction_l_Alik_Bjlk_Cijk_Dijk,"(64,14336,1,1024)",Cijk_Alik_Bjlk_I8II_BH_MT128x64x16_SN_GLVWA4_GRVW4_K1_SU0_SUS0_TT8_4,NO_CHECK,504.088,3727.62,,0.5,7,32,0.5,1,1,1,25690112,3670016,,,,,,,,,,2026-04-18 15:24:11.
0,28/111,7/19,Contraction_l_Alik_Bjlk_Cijk_Dijk,"(64,14336,1,1024)",Cijk_Alik_Bjlk_I8II_BH_MT128x64x16_SN_GLVWA8_GRVW8_K1_SU0_SUS0_TT8_4,NO_CHECK,506.968,3706.44,,0.5,7,32,0.5,1,1,1,25690112,3670016,,,,,,,,,,2026-04-18 15:24:11.
0,28/111,8/19,Contraction_l_Alik_Bjlk_Cijk_Dijk,"(64,14336,1,1024)",Cijk_Alik_Bjlk_I8II_BH_MT128x64x16_SN_GLVWA8_GRVW16_K1_SU0_SUS0_TT8_4,NO_CHECK,506.808,3707.61,,0.5,7,32,0.5,1,1,1,25690112,3670016,,,,,,,,,,2026-04-18 15:24:11.
0,28/111,9/19,Contraction_l_Alik_Bjlk_Cijk_Dijk,"(64,14336,1,1024)",Cijk_Alik_Bjlk_I8II_BH_MT128x64x16_SN_GLVWA4_GRVW4_K1_SU32_SUS256_TT8_4,NO_CHECK,507.407,3703.24,,0.5,7,32,0.5,1,1,1,25690112,3670016,,,,,,,,,,2026-04-18 15:24:11.
0,28/111,10/19,Contraction_l_Alik_Bjlk_Cijk_Dijk,"(64,14336,1,1024)",Cijk_Alik_Bjlk_I8II_BH_MT128x64x16_SN_GLVWA8_GRVW8_K1_SU32_SUS256_TT8_4,NO_CHECK,505.648,3716.12,,0.5,7,32,0.5,1,1,1,25690112,3670016,,,,,,,,,,2026-04-18 15:24:11.
0,28/111,11/19,Contraction_l_Alik_Bjlk_Cijk_Dijk,"(64,14336,1,1024)",Cijk_Alik_Bjlk_I8II_BH_MT128x64x16_SN_GLVWA8_GRVW16_K1_SU32_SUS256_TT8_4,NO_CHECK,505.488,3717.3,,0.5,7,32,0.5,1,1,1,25690112,3670016,,,,,,,,,,2026-04-18 15:24:11.
0,28/111,12/19,Contraction_l_Alik_Bjlk_Cijk_Dijk,"(64,14336,1,1024)",Cijk_Alik_Bjlk_I8II_BH_MT64x128x16_SN_GLVWA4_GRVW4_K1_SU0_SUS0_TT4_8,NO_CHECK,296.684,6333.5,,0.875,3.5,32,1,1,0.875,1,25690112,3670016,,,,,,,,,,2026-04-18 15:24:11.
0,28/111,13/19,Contraction_l_Alik_Bjlk_Cijk_Dijk,"(64,14336,1,1024)",Cijk_Alik_Bjlk_I8II_BH_MT64x128x16_SN_GLVWA4_GRVW4_K1_SU32_SUS256_TT4_8,NO_CHECK,296.565,6336.04,,0.875,3.5,32,1,1,0.875,1,25690112,3670016,,,,,,,,,,2026-04-18 15:24:11.
0,28/111,14/19,Contraction_l_Alik_Bjlk_Cijk_Dijk,"(64,14336,1,1024)",Cijk_Alik_Bjlk_I8II_BH_MT64x64x32_SN_GLVWA4_GRVW4_K1_SU0_SUS0_TT4_4,NO_CHECK,420.246,4471.31,,1,7,32,1,1,1,1,33030144,3670016,,,,,,,,,,2026-04-18 15:24:11.
0,28/111,15/19,Contraction_l_Alik_Bjlk_Cijk_Dijk,"(64,14336,1,1024)",Cijk_Alik_Bjlk_I8II_BH_MT64x64x32_SN_GLVWA4_GRVW4_K1_SU32_SUS256_TT4_4,NO_CHECK,331.405,5669.94,,1,7,32,1,1,1,1,33030144,3670016,,,,,,,,,,2026-04-18 15:24:11.
0,28/111,16/19,Contraction_l_Alik_Bjlk_Cijk_Dijk,"(64,14336,1,1024)",Cijk_Alik_Bjlk_I8II_BH_MT128x64x32_SN_GLVWA4_GRVW4_K1_SU0_SUS0_TT8_4,NO_CHECK,513.168,3661.66,,0.5,7,32,0.5,1,1,1,25690112,3670016,,,,,,,,,,2026-04-18 15:24:11.
0,28/111,17/19,Contraction_l_Alik_Bjlk_Cijk_Dijk,"(64,14336,1,1024)",Cijk_Alik_Bjlk_I8II_BH_MT128x64x32_SN_GLVWA4_GRVW4_K1_SU32_SUS256_TT8_4,NO_CHECK,504.727,3722.9,,0.5,7,32,0.5,1,1,1,25690112,3670016,,,,,,,,,,2026-04-18 15:24:11.
0,28/111,18/19,Contraction_l_Alik_Bjlk_Cijk_Dijk,"(64,14336,1,1024)",Cijk_Alik_Bjlk_I8II_BH_MT64x128x32_SN_GLVWA4_GRVW4_K1_SU0_SUS0_TT4_8,NO_CHECK,298.964,6285.2,,0.875,3.5,32,1,1,0.875,1,25690112,3670016,,,,,,,,,,2026-04-18 15:24:11.
0,28/111,19/19,Contraction_l_Alik_Bjlk_Cijk_Dijk,"(64,14336,1,1024)",Cijk_Alik_Bjlk_I8II_BH_MT64x128x32_SN_GLVWA4_GRVW4_K1_SU32_SUS256_TT4_8,NO_CHECK,294.524,6379.95,,0.875,3.5,32,1,1,0.875,1,25690112,3670016,,,,,,,,,,2026-04-18 15:24:11.
0,29/111,0/19,Contraction_l_Alik_Bjlk_Cijk_Dijk,"(64,14336,1,4096)",Cijk_Alik_Bjlk_I8II_BH_MT64x64x16_SN_GLVWA4_GRVW4_K1_SU0_SUS0_TT4_4,NO_CHECK,1260.74,5961.74,,1,7,32,1,1,1,1,121110528,3670016,,,,,,,,,,2026-04-18 15:24:11.
0,29/111,1/19,Contraction_l_Alik_Bjlk_Cijk_Dijk,"(64,14336,1,4096)",Cijk_Alik_Bjlk_I8II_BH_MT64x64x16_SN_GLVWA4_GRVW8_K1_SU0_SUS0_TT4_4,NO_CHECK,1266.9,5932.75,,1,7,32,1,1,1,1,121110528,3670016,,,,,,,,,,2026-04-18 15:24:11.
0,29/111,2/19,Contraction_l_Alik_Bjlk_Cijk_Dijk,"(64,14336,1,4096)",Cijk_Alik_Bjlk_I8II_BH_MT64x64x16_SN_GLVWA4_GRVW16_K1_SU0_SUS0_TT4_4,NO_CHECK,1261.14,5959.84,,1,7,32,1,1,1,1,121110528,3670016,,,,,,,,,,2026-04-18 15:24:11.
0,29/111,3/19,Contraction_l_Alik_Bjlk_Cijk_Dijk,"(64,14336,1,4096)",Cijk_Alik_Bjlk_I8II_BH_MT64x64x16_SN_GLVWA4_GRVW4_K1_SU32_SUS256_TT4_4,NO_CHECK,1259.38,5968.18,,1,7,32,1,1,1,1,121110528,3670016,,,,,,,,,,2026-04-18 15:24:11.
0,29/111,4/19,Contraction_l_Alik_Bjlk_Cijk_Dijk,"(64,14336,1,4096)",Cijk_Alik_Bjlk_I8II_BH_MT64x64x16_SN_GLVWA4_GRVW8_K1_SU32_SUS256_TT4_4,NO_CHECK,1271.14,5912.96,,1,7,32,1,1,1,1,121110528,3670016,,,,,,,,,,2026-04-18 15:24:11.
0,29/111,5/19,Contraction_l_Alik_Bjlk_Cijk_Dijk,"(64,14336,1,4096)",Cijk_Alik_Bjlk_I8II_BH_MT64x64x16_SN_GLVWA4_GRVW16_K1_SU32_SUS256_TT4_4,NO_CHECK,1259.98,5965.33,,1,7,32,1,1,1,1,121110528,3670016,,,,,,,,,,2026-04-18 15:24:11.
0,29/111,6/19,Contraction_l_Alik_Bjlk_Cijk_Dijk,"(64,14336,1,4096)",Cijk_Alik_Bjlk_I8II_BH_MT128x64x16_SN_GLVWA4_GRVW4_K1_SU0_SUS0_TT8_4,NO_CHECK,1967.87,3819.46,,0.5,7,32,0.5,1,1,1,91750400,3670016,,,,,,,,,,2026-04-18 15:24:11.
0,29/111,7/19,Contraction_l_Alik_Bjlk_Cijk_Dijk,"(64,14336,1,4096)",Cijk_Alik_Bjlk_I8II_BH_MT128x64x16_SN_GLVWA8_GRVW8_K1_SU0_SUS0_TT8_4,NO_CHECK,2338.59,3213.98,,0.5,7,32,0.5,1,1,1,91750400,3670016,,,,,,,,,,2026-04-18 15:24:11.
0,29/111,8/19,Contraction_l_Alik_Bjlk_Cijk_Dijk,"(64,14336,1,4096)",Cijk_Alik_Bjlk_I8II_BH_MT128x64x16_SN_GLVWA8_GRVW16_K1_SU0_SUS0_TT8_4,NO_CHECK,1974.99,3805.69,,0.5,7,32,0.5,1,1,1,91750400,3670016,,,,,,,,,,2026-04-18 15:24:11.
0,29/111,9/19,Contraction_l_Alik_Bjlk_Cijk_Dijk,"(64,14336,1,4096)",Cijk_Alik_Bjlk_I8II_BH_MT128x64x16_SN_GLVWA4_GRVW4_K1_SU32_SUS256_TT8_4,NO_CHECK,1960.47,3833.87,,0.5,7,32,0.5,1,1,1,91750400,3670016,,,,,,,,,,2026-04-18 15:24:11.
0,29/111,10/19,Contraction_l_Alik_Bjlk_Cijk_Dijk,"(64,14336,1,4096)",Cijk_Alik_Bjlk_I8II_BH_MT128x64x16_SN_GLVWA8_GRVW8_K1_SU32_SUS256_TT8_4,NO_CHECK,1960.19,3834.42,,0.5,7,32,0.5,1,1,1,91750400,3670016,,,,,,,,,,2026-04-18 15:24:11.
0,29/111,11/19,Contraction_l_Alik_Bjlk_Cijk_Dijk,"(64,14336,1,4096)",Cijk_Alik_Bjlk_I8II_BH_MT128x64x16_SN_GLVWA8_GRVW16_K1_SU32_SUS256_TT8_4,NO_CHECK,1958.47,3837.79,,0.5,7,32,0.5,1,1,1,91750400,3670016,,,,,,,,,,2026-04-18 15:24:11.
0,29/111,12/19,Contraction_l_Alik_Bjlk_Cijk_Dijk,"(64,14336,1,4096)",Cijk_Alik_Bjlk_I8II_BH_MT64x128x16_SN_GLVWA4_GRVW4_K1_SU0_SUS0_TT4_8,NO_CHECK,1364.86,5506.93,,0.875,3.5,32,1,1,0.875,1,91750400,3670016,,,,,,,,,,2026-04-18 15:24:11.
0,29/111,13/19,Contraction_l_Alik_Bjlk_Cijk_Dijk,"(64,14336,1,4096)",Cijk_Alik_Bjlk_I8II_BH_MT64x128x16_SN_GLVWA4_GRVW4_K1_SU32_SUS256_TT4_8,NO_CHECK,1146.26,6557.16,,0.875,3.5,32,1,1,0.875,1,91750400,3670016,,,,,,,,,,2026-04-18 15:24:11.
0,29/111,14/19,Contraction_l_Alik_Bjlk_Cijk_Dijk,"(64,14336,1,4096)",Cijk_Alik_Bjlk_I8II_BH_MT64x64x32_SN_GLVWA4_GRVW4_K1_SU0_SUS0_TT4_4,NO_CHECK,1264.7,5943.07,,1,7,32,1,1,1,1,121110528,3670016,,,,,,,,,,2026-04-18 15:24:11.
0,29/111,15/19,Contraction_l_Alik_Bjlk_Cijk_Dijk,"(64,14336,1,4096)",Cijk_Alik_Bjlk_I8II_BH_MT64x64x32_SN_GLVWA4_GRVW4_K1_SU32_SUS256_TT4_4,NO_CHECK,1280.3,5870.65,,1,7,32,1,1,1,1,121110528,3670016,,,,,,,,,,2026-04-18 15:24:11.
0,29/111,16/19,Contraction_l_Alik_Bjlk_Cijk_Dijk,"(64,14336,1,4096)",Cijk_Alik_Bjlk_I8II_BH_MT128x64x32_SN_GLVWA4_GRVW4_K1_SU0_SUS0_TT8_4,NO_CHECK,1992.39,3772.45,,0.5,7,32,0.5,1,1,1,91750400,3670016,,,,,,,,,,2026-04-18 15:24:11.
0,29/111,17/19,Contraction_l_Alik_Bjlk_Cijk_Dijk,"(64,14336,1,4096)",Cijk_Alik_Bjlk_I8II_BH_MT128x64x32_SN_GLVWA4_GRVW4_K1_SU32_SUS256_TT8_4,NO_CHECK,1982.43,3791.41,,0.5,7,32,0.5,1,1,1,91750400,3670016,,,,,,,,,,2026-04-18 15:24:11.
0,29/111,18/19,Contraction_l_Alik_Bjlk_Cijk_Dijk,"(64,14336,1,4096)",Cijk_Alik_Bjlk_I8II_BH_MT64x128x32_SN_GLVWA4_GRVW4_K1_SU0_SUS0_TT4_8,NO_CHECK,1156.74,6497.75,,0.875,3.5,32,1,1,0.875,1,91750400,3670016,,,,,,,,,,2026-04-18 15:24:11.
0,29/111,19/19,Contraction_l_Alik_Bjlk_Cijk_Dijk,"(64,14336,1,4096)",Cijk_Alik_Bjlk_I8II_BH_MT64x128x32_SN_GLVWA4_GRVW4_K1_SU32_SUS256_TT4_8,NO_CHECK,1452.22,5175.65,,0.875,3.5,32,1,1,0.875,1,91750400,3670016,,,,,,,,,,2026-04-18 15:24:11.
0,30/111,0/19,Contraction_l_Alik_Bjlk_Cijk_Dijk,"(64,14336,1,8192)",Cijk_Alik_Bjlk_I8II_BH_MT64x64x16_SN_GLVWA4_GRVW4_K1_SU0_SUS0_TT4_4,NO_CHECK,2646.88,5679.29,,1,7,32,1,1,1,1,238551040,3670016,,,,,,,,,,2026-04-18 15:24:11.
0,30/111,1/19,Contraction_l_Alik_Bjlk_Cijk_Dijk,"(64,14336,1,8192)",Cijk_Alik_Bjlk_I8II_BH_MT64x64x16_SN_GLVWA4_GRVW8_K1_SU0_SUS0_TT4_4,NO_CHECK,2772.96,5421.06,,1,7,32,1,1,1,1,238551040,3670016,,,,,,,,,,2026-04-18 15:24:11.
0,30/111,2/19,Contraction_l_Alik_Bjlk_Cijk_Dijk,"(64,14336,1,8192)",Cijk_Alik_Bjlk_I8II_BH_MT64x64x16_SN_GLVWA4_GRVW16_K1_SU0_SUS0_TT4_4,NO_CHECK,2494.28,6026.75,,1,7,32,1,1,1,1,238551040,3670016,,,,,,,,,,2026-04-18 15:24:11.
0,30/111,3/19,Contraction_l_Alik_Bjlk_Cijk_Dijk,"(64,14336,1,8192)",Cijk_Alik_Bjlk_I8II_BH_MT64x64x16_SN_GLVWA4_GRVW4_K1_SU32_SUS256_TT4_4,NO_CHECK,2693.76,5580.45,,1,7,32,1,1,1,1,238551040,3670016,,,,,,,,,,2026-04-18 15:24:11.
0,30/111,4/19,Contraction_l_Alik_Bjlk_Cijk_Dijk,"(64,14336,1,8192)",Cijk_Alik_Bjlk_I8II_BH_MT64x64x16_SN_GLVWA4_GRVW8_K1_SU32_SUS256_TT4_4,NO_CHECK,2487.4,6043.42,,1,7,32,1,1,1,1,238551040,3670016,,,,,,,,,,2026-04-18 15:24:11.
0,30/111,5/19,Contraction_l_Alik_Bjlk_Cijk_Dijk,"(64,14336,1,8192)",Cijk_Alik_Bjlk_I8II_BH_MT64x64x16_SN_GLVWA4_GRVW16_K1_SU32_SUS256_TT4_4,NO_CHECK,2475.12,6073.4,,1,7,32,1,1,1,1,238551040,3670016,,,,,,,,,,2026-04-18 15:24:11.
0,30/111,6/19,Contraction_l_Alik_Bjlk_Cijk_Dijk,"(64,14336,1,8192)",Cijk_Alik_Bjlk_I8II_BH_MT128x64x16_SN_GLVWA4_GRVW4_K1_SU0_SUS0_TT8_4,NO_CHECK,3899.26,3855.19,,0.5,7,32,0.5,1,1,1,179830784,3670016,,,,,,,,,,2026-04-18 15:24:11.
0,30/111,7/19,Contraction_l_Alik_Bjlk_Cijk_Dijk,"(64,14336,1,8192)",Cijk_Alik_Bjlk_I8II_BH_MT128x64x16_SN_GLVWA8_GRVW8_K1_SU0_SUS0_TT8_4,NO_CHECK,3898.38,3856.06,,0.5,7,32,0.5,1,1,1,179830784,3670016,,,,,,,,,,2026-04-18 15:24:11.
0,30/111,8/19,Contraction_l_Alik_Bjlk_Cijk_Dijk,"(64,14336,1,8192)",Cijk_Alik_Bjlk_I8II_BH_MT128x64x16_SN_GLVWA8_GRVW16_K1_SU0_SUS0_TT8_4,NO_CHECK,3926.22,3828.72,,0.5,7,32,0.5,1,1,1,179830784,3670016,,,,,,,,,,2026-04-18 15:24:11.
0,30/111,9/19,Contraction_l_Alik_Bjlk_Cijk_Dijk,"(64,14336,1,8192)",Cijk_Alik_Bjlk_I8II_BH_MT128x64x16_SN_GLVWA4_GRVW4_K1_SU32_SUS256_TT8_4,NO_CHECK,3911.38,3843.25,,0.5,7,32,0.5,1,1,1,179830784,3670016,,,,,,,,,,2026-04-18 15:24:11.
0,30/111,10/19,Contraction_l_Alik_Bjlk_Cijk_Dijk,"(64,14336,1,8192)",Cijk_Alik_Bjlk_I8II_BH_MT128x64x16_SN_GLVWA8_GRVW8_K1_SU32_SUS256_TT8_4,NO_CHECK,3903.38,3851.12,,0.5,7,32,0.5,1,1,1,179830784,3670016,,,,,,,,,,2026-04-18 15:24:11.
0,30/111,11/19,Contraction_l_Alik_Bjlk_Cijk_Dijk,"(64,14336,1,8192)",Cijk_Alik_Bjlk_I8II_BH_MT128x64x16_SN_GLVWA8_GRVW16_K1_SU32_SUS256_TT8_4,NO_CHECK,3904.14,3850.37,,0.5,7,32,0.5,1,1,1,179830784,3670016,,,,,,,,,,2026-04-18 15:24:11.
0,30/111,12/19,Contraction_l_Alik_Bjlk_Cijk_Dijk,"(64,14336,1,8192)",Cijk_Alik_Bjlk_I8II_BH_MT64x128x16_SN_GLVWA4_GRVW4_K1_SU0_SUS0_TT4_8,NO_CHECK,2385.56,6301.42,,0.875,3.5,32,1,1,0.875,1,179830784,3670016,,,,,,,,,,2026-04-18 15:24:11.
0,30/111,13/19,Contraction_l_Alik_Bjlk_Cijk_Dijk,"(64,14336,1,8192)",Cijk_Alik_Bjlk_I8II_BH_MT64x128x16_SN_GLVWA4_GRVW4_K1_SU32_SUS256_TT4_8,NO_CHECK,2263.43,6641.41,,0.875,3.5,32,1,1,0.875,1,179830784,3670016,,,,,,,,,,2026-04-18 15:24:11.
0,30/111,14/19,Contraction_l_Alik_Bjlk_Cijk_Dijk,"(64,14336,1,8192)",Cijk_Alik_Bjlk_I8II_BH_MT64x64x32_SN_GLVWA4_GRVW4_K1_SU0_SUS0_TT4_4,NO_CHECK,2482.88,6054.42,,1,7,32,1,1,1,1,238551040,3670016,,,,,,,,,,2026-04-18 15:24:11.
0,30/111,15/19,Contraction_l_Alik_Bjlk_Cijk_Dijk,"(64,14336,1,8192)",Cijk_Alik_Bjlk_I8II_BH_MT64x64x32_SN_GLVWA4_GRVW4_K1_SU32_SUS256_TT4_4,NO_CHECK,2624.32,5728.11,,1,7,32,1,1,1,1,238551040,3670016,,,,,,,,,,2026-04-18 15:24:11.
0,30/111,16/19,Contraction_l_Alik_Bjlk_Cijk_Dijk,"(64,14336,1,8192)",Cijk_Alik_Bjlk_I8II_BH_MT128x64x32_SN_GLVWA4_GRVW4_K1_SU0_SUS0_TT8_4,NO_CHECK,3912.9,3841.75,,0.5,7,32,0.5,1,1,1,179830784,3670016,,,,,,,,,,2026-04-18 15:24:11.
0,30/111,17/19,Contraction_l_Alik_Bjlk_Cijk_Dijk,"(64,14336,1,8192)",Cijk_Alik_Bjlk_I8II_BH_MT128x64x32_SN_GLVWA4_GRVW4_K1_SU32_SUS256_TT8_4,NO_CHECK,3898.38,3856.06,,0.5,7,32,0.5,1,1,1,179830784,3670016,,,,,,,,,,2026-04-18 15:24:11.
0,30/111,18/19,Contraction_l_Alik_Bjlk_Cijk_Dijk,"(64,14336,1,8192)",Cijk_Alik_Bjlk_I8II_BH_MT64x128x32_SN_GLVWA4_GRVW4_K1_SU0_SUS0_TT4_8,NO_CHECK,2253.47,6670.76,,0.875,3.5,32,1,1,0.875,1,179830784,3670016,,,,,,,,,,2026-04-18 15:24:11.
0,30/111,19/19,Contraction_l_Alik_Bjlk_Cijk_Dijk,"(64,14336,1,8192)",Cijk_Alik_Bjlk_I8II_BH_MT64x128x32_SN_GLVWA4_GRVW4_K1_SU32_SUS256_TT4_8,NO_CHECK,2251.47,6676.69,,0.875,3.5,32,1,1,0.875,1,179830784,3670016,,,,,,,,,,2026-04-18 15:24:11.
0,31/111,0/19,Contraction_l_Alik_Bjlk_Cijk_Dijk,"(64,14336,1,14336)",Cijk_Alik_Bjlk_I8II_BH_MT64x64x16_SN_GLVWA4_GRVW4_K1_SU0_SUS0_TT4_4,NO_CHECK,4472.55,5881.81,,1,7,32,1,1,1,1,414711808,3670016,,,,,,,,,,2026-04-18 15:24:11.
0,31/111,1/19,Contraction_l_Alik_Bjlk_Cijk_Dijk,"(64,14336,1,14336)",Cijk_Alik_Bjlk_I8II_BH_MT64x64x16_SN_GLVWA4_GRVW8_K1_SU0_SUS0_TT4_4,NO_CHECK,4338.42,6063.65,,1,7,32,1,1,1,1,414711808,3670016,,,,,,,,,,2026-04-18 15:24:11.
0,31/111,2/19,Contraction_l_Alik_Bjlk_Cijk_Dijk,"(64,14336,1,14336)",Cijk_Alik_Bjlk_I8II_BH_MT64x64x16_SN_GLVWA4_GRVW16_K1_SU0_SUS0_TT4_4,NO_CHECK,4323.78,6084.18,,1,7,32,1,1,1,1,414711808,3670016,,,,,,,,,,2026-04-18 15:24:11.
0,31/111,3/19,Contraction_l_Alik_Bjlk_Cijk_Dijk,"(64,14336,1,14336)",Cijk_Alik_Bjlk_I8II_BH_MT64x64x16_SN_GLVWA4_GRVW4_K1_SU32_SUS256_TT4_4,NO_CHECK,4326.34,6080.58,,1,7,32,1,1,1,1,414711808,3670016,,,,,,,,,,2026-04-18 15:24:11.
0,31/111,4/19,Contraction_l_Alik_Bjlk_Cijk_Dijk,"(64,14336,1,14336)",Cijk_Alik_Bjlk_I8II_BH_MT64x64x16_SN_GLVWA4_GRVW8_K1_SU32_SUS256_TT4_4,NO_CHECK,4333.22,6070.93,,1,7,32,1,1,1,1,414711808,3670016,,,,,,,,,,2026-04-18 15:24:11.
0,31/111,5/19,Contraction_l_Alik_Bjlk_Cijk_Dijk,"(64,14336,1,14336)",Cijk_Alik_Bjlk_I8II_BH_MT64x64x16_SN_GLVWA4_GRVW16_K1_SU32_SUS256_TT4_4,NO_CHECK,4334.82,6068.68,,1,7,32,1,1,1,1,414711808,3670016,,,,,,,,,,2026-04-18 15:24:11.
0,31/111,6/19,Contraction_l_Alik_Bjlk_Cijk_Dijk,"(64,14336,1,14336)",Cijk_Alik_Bjlk_I8II_BH_MT128x64x16_SN_GLVWA4_GRVW4_K1_SU0_SUS0_TT8_4,NO_CHECK,6813.34,3861.05,,0.5,7,32,0.5,1,1,1,311951360,3670016,,,,,,,,,,2026-04-18 15:24:11.
0,31/111,7/19,Contraction_l_Alik_Bjlk_Cijk_Dijk,"(64,14336,1,14336)",Cijk_Alik_Bjlk_I8II_BH_MT128x64x16_SN_GLVWA8_GRVW8_K1_SU0_SUS0_TT8_4,NO_CHECK,6811.14,3862.3,,0.5,7,32,0.5,1,1,1,311951360,3670016,,,,,,,,,,2026-04-18 15:24:11.
0,31/111,8/19,Contraction_l_Alik_Bjlk_Cijk_Dijk,"(64,14336,1,14336)",Cijk_Alik_Bjlk_I8II_BH_MT128x64x16_SN_GLVWA8_GRVW16_K1_SU0_SUS0_TT8_4,NO_CHECK,6789.66,3874.52,,0.5,7,32,0.5,1,1,1,311951360,3670016,,,,,,,,,,2026-04-18 15:24:11.
0,31/111,9/19,Contraction_l_Alik_Bjlk_Cijk_Dijk,"(64,14336,1,14336)",Cijk_Alik_Bjlk_I8II_BH_MT128x64x16_SN_GLVWA4_GRVW4_K1_SU32_SUS256_TT8_4,NO_CHECK,6812.86,3861.33,,0.5,7,32,0.5,1,1,1,311951360,3670016,,,,,,,,,,2026-04-18 15:24:11.
0,31/111,10/19,Contraction_l_Alik_Bjlk_Cijk_Dijk,"(64,14336,1,14336)",Cijk_Alik_Bjlk_I8II_BH_MT128x64x16_SN_GLVWA8_GRVW8_K1_SU32_SUS256_TT8_4,NO_CHECK,6931.62,3795.17,,0.5,7,32,0.5,1,1,1,311951360,3670016,,,,,,,,,,2026-04-18 15:24:11.
0,31/111,11/19,Contraction_l_Alik_Bjlk_Cijk_Dijk,"(64,14336,1,14336)",Cijk_Alik_Bjlk_I8II_BH_MT128x64x16_SN_GLVWA8_GRVW16_K1_SU32_SUS256_TT8_4,NO_CHECK,6794.22,3871.92,,0.5,7,32,0.5,1,1,1,311951360,3670016,,,,,,,,,,2026-04-18 15:24:11.
0,31/111,12/19,Contraction_l_Alik_Bjlk_Cijk_Dijk,"(64,14336,1,14336)",Cijk_Alik_Bjlk_I8II_BH_MT64x128x16_SN_GLVWA4_GRVW4_K1_SU0_SUS0_TT4_8,NO_CHECK,4137.18,6358.6,,0.875,3.5,32,1,1,0.875,1,311951360,3670016,,,,,,,,,,2026-04-18 15:24:11.
0,31/111,13/19,Contraction_l_Alik_Bjlk_Cijk_Dijk,"(64,14336,1,14336)",Cijk_Alik_Bjlk_I8II_BH_MT64x128x16_SN_GLVWA4_GRVW4_K1_SU32_SUS256_TT4_8,NO_CHECK,4077.02,6452.43,,0.875,3.5,32,1,1,0.875,1,311951360,3670016,,,,,,,,,,2026-04-18 15:24:11.
0,31/111,14/19,Contraction_l_Alik_Bjlk_Cijk_Dijk,"(64,14336,1,14336)",Cijk_Alik_Bjlk_I8II_BH_MT64x64x32_SN_GLVWA4_GRVW4_K1_SU0_SUS0_TT4_4,NO_CHECK,4339.87,6061.63,,1,7,32,1,1,1,1,414711808,3670016,,,,,,,,,,2026-04-18 15:24:11.
0,31/111,15/19,Contraction_l_Alik_Bjlk_Cijk_Dijk,"(64,14336,1,14336)",Cijk_Alik_Bjlk_I8II_BH_MT64x64x32_SN_GLVWA4_GRVW4_K1_SU32_SUS256_TT4_4,NO_CHECK,4452.83,5907.86,,1,7,32,1,1,1,1,414711808,3670016,,,,,,,,,,2026-04-18 15:24:11.
0,31/111,16/19,Contraction_l_Alik_Bjlk_Cijk_Dijk,"(64,14336,1,14336)",Cijk_Alik_Bjlk_I8II_BH_MT128x64x32_SN_GLVWA4_GRVW4_K1_SU0_SUS0_TT8_4,NO_CHECK,6781.58,3879.14,,0.5,7,32,0.5,1,1,1,311951360,3670016,,,,,,,,,,2026-04-18 15:24:11.
0,31/111,17/19,Contraction_l_Alik_Bjlk_Cijk_Dijk,"(64,14336,1,14336)",Cijk_Alik_Bjlk_I8II_BH_MT128x64x32_SN_GLVWA4_GRVW4_K1_SU32_SUS256_TT8_4,NO_CHECK,6802.1,3867.43,,0.5,7,32,0.5,1,1,1,311951360,3670016,,,,,,,,,,2026-04-18 15:24:11.
0,31/111,18/19,Contraction_l_Alik_Bjlk_Cijk_Dijk,"(64,14336,1,14336)",Cijk_Alik_Bjlk_I8II_BH_MT64x128x32_SN_GLVWA4_GRVW4_K1_SU0_SUS0_TT4_8,NO_CHECK,4019.58,6544.63,,0.875,3.5,32,1,1,0.875,1,311951360,3670016,,,,,,,,,,2026-04-18 15:24:11.
0,31/111,19/19,Contraction_l_Alik_Bjlk_Cijk_Dijk,"(64,14336,1,14336)",Cijk_Alik_Bjlk_I8II_BH_MT64x128x32_SN_GLVWA4_GRVW4_K1_SU32_SUS256_TT4_8,NO_CHECK,3939.82,6677.13,,0.875,3.5,32,1,1,0.875,1,311951360,3670016,,,,,,,,,,2026-04-18 15:24:11.
0,32/111,0/19,Contraction_l_Alik_Bjlk_Cijk_Dijk,"(256,1024,1,1024)",Cijk_Alik_Bjlk_I8II_BH_MT64x64x16_SN_GLVWA4_GRVW4_K1_SU0_SUS0_TT4_4,NO_CHECK,115.042,4666.74,,1,2,32,1,1,1,1,9437184,1048576,,,,,,,,,,2026-04-18 15:24:11.
0,32/111,1/19,Contraction_l_Alik_Bjlk_Cijk_Dijk,"(256,1024,1,1024)",Cijk_Alik_Bjlk_I8II_BH_MT64x64x16_SN_GLVWA4_GRVW8_K1_SU0_SUS0_TT4_4,NO_CHECK,106.602,5036.22,,1,2,32,1,1,1,1,9437184,1048576,,,,,,,,,,2026-04-18 15:24:11.
0,32/111,2/19,Contraction_l_Alik_Bjlk_Cijk_Dijk,"(256,1024,1,1024)",Cijk_Alik_Bjlk_I8II_BH_MT64x64x16_SN_GLVWA4_GRVW16_K1_SU0_SUS0_TT4_4,NO_CHECK,106.281,5051.43,,1,2,32,1,1,1,1,9437184,1048576,,,,,,,,,,2026-04-18 15:24:11.
0,32/111,3/19,Contraction_l_Alik_Bjlk_Cijk_Dijk,"(256,1024,1,1024)",Cijk_Alik_Bjlk_I8II_BH_MT64x64x16_SN_GLVWA4_GRVW4_K1_SU32_SUS256_TT4_4,NO_CHECK,131.522,4081.99,,1,2,32,1,1,1,1,9437184,1048576,,,,,,,,,,2026-04-18 15:24:11.
0,32/111,4/19,Contraction_l_Alik_Bjlk_Cijk_Dijk,"(256,1024,1,1024)",Cijk_Alik_Bjlk_I8II_BH_MT64x64x16_SN_GLVWA4_GRVW8_K1_SU32_SUS256_TT4_4,NO_CHECK,131.961,4068.41,,1,2,32,1,1,1,1,9437184,1048576,,,,,,,,,,2026-04-18 15:24:11.
0,32/111,5/19,Contraction_l_Alik_Bjlk_Cijk_Dijk,"(256,1024,1,1024)",Cijk_Alik_Bjlk_I8II_BH_MT64x64x16_SN_GLVWA4_GRVW16_K1_SU32_SUS256_TT4_4,NO_CHECK,131.962,4068.38,,1,2,32,1,1,1,1,9437184,1048576,,,,,,,,,,2026-04-18 15:24:11.
0,32/111,6/19,Contraction_l_Alik_Bjlk_Cijk_Dijk,"(256,1024,1,1024)",Cijk_Alik_Bjlk_I8II_BH_MT128x64x16_SN_GLVWA4_GRVW4_K1_SU0_SUS0_TT8_4,NO_CHECK,102.642,5230.52,,1,1,32,1,1,1,1,7340032,1048576,,,,,,,,,,2026-04-18 15:24:11.
0,32/111,7/19,Contraction_l_Alik_Bjlk_Cijk_Dijk,"(256,1024,1,1024)",Cijk_Alik_Bjlk_I8II_BH_MT128x64x16_SN_GLVWA8_GRVW8_K1_SU0_SUS0_TT8_4,NO_CHECK,102.002,5263.34,,1,1,32,1,1,1,1,7340032,1048576,,,,,,,,,,2026-04-18 15:24:11.
0,32/111,8/19,Contraction_l_Alik_Bjlk_Cijk_Dijk,"(256,1024,1,1024)",Cijk_Alik_Bjlk_I8II_BH_MT128x64x16_SN_GLVWA8_GRVW16_K1_SU0_SUS0_TT8_4,NO_CHECK,102.401,5242.83,,1,1,32,1,1,1,1,7340032,1048576,,,,,,,,,,2026-04-18 15:24:11.
0,32/111,9/19,Contraction_l_Alik_Bjlk_Cijk_Dijk,"(256,1024,1,1024)",Cijk_Alik_Bjlk_I8II_BH_MT128x64x16_SN_GLVWA4_GRVW4_K1_SU32_SUS256_TT8_4,NO_CHECK,103.642,5180.05,,1,1,32,1,1,1,1,7340032,1048576,,,,,,,,,,2026-04-18 15:24:11.
0,32/111,10/19,Contraction_l_Alik_Bjlk_Cijk_Dijk,"(256,1024,1,1024)",Cijk_Alik_Bjlk_I8II_BH_MT128x64x16_SN_GLVWA8_GRVW8_K1_SU32_SUS256_TT8_4,NO_CHECK,102.722,5226.45,,1,1,32,1,1,1,1,7340032,1048576,,,,,,,,,,2026-04-18 15:24:11.
0,32/111,11/19,Contraction_l_Alik_Bjlk_Cijk_Dijk,"(256,1024,1,1024)",Cijk_Alik_Bjlk_I8II_BH_MT128x64x16_SN_GLVWA8_GRVW16_K1_SU32_SUS256_TT8_4,NO_CHECK,102.721,5226.5,,1,1,32,1,1,1,1,7340032,1048576,,,,,,,,,,2026-04-18 15:24:11.
0,32/111,12/19,Contraction_l_Alik_Bjlk_Cijk_Dijk,"(256,1024,1,1024)",Cijk_Alik_Bjlk_I8II_BH_MT64x128x16_SN_GLVWA4_GRVW4_K1_SU0_SUS0_TT4_8,NO_CHECK,101.682,5279.9,,1,1,32,1,1,1,1,7340032,1048576,,,,,,,,,,2026-04-18 15:24:11.
0,32/111,13/19,Contraction_l_Alik_Bjlk_Cijk_Dijk,"(256,1024,1,1024)",Cijk_Alik_Bjlk_I8II_BH_MT64x128x16_SN_GLVWA4_GRVW4_K1_SU32_SUS256_TT4_8,NO_CHECK,103.081,5208.24,,1,1,32,1,1,1,1,7340032,1048576,,,,,,,,,,2026-04-18 15:24:11.
0,32/111,14/19,Contraction_l_Alik_Bjlk_Cijk_Dijk,"(256,1024,1,1024)",Cijk_Alik_Bjlk_I8II_BH_MT64x64x32_SN_GLVWA4_GRVW4_K1_SU0_SUS0_TT4_4,NO_CHECK,111.842,4800.26,,1,2,32,1,1,1,1,9437184,1048576,,,,,,,,,,2026-04-18 15:24:11.
0,32/111,15/19,Contraction_l_Alik_Bjlk_Cijk_Dijk,"(256,1024,1,1024)",Cijk_Alik_Bjlk_I8II_BH_MT64x64x32_SN_GLVWA4_GRVW4_K1_SU32_SUS256_TT4_4,NO_CHECK,136.922,3921,,1,2,32,1,1,1,1,9437184,1048576,,,,,,,,,,2026-04-18 15:24:11.
0,32/111,16/19,Contraction_l_Alik_Bjlk_Cijk_Dijk,"(256,1024,1,1024)",Cijk_Alik_Bjlk_I8II_BH_MT128x64x32_SN_GLVWA4_GRVW4_K1_SU0_SUS0_TT8_4,NO_CHECK,126.082,4258.11,,1,1,32,1,1,1,1,7340032,1048576,,,,,,,,,,2026-04-18 15:24:11.
0,32/111,17/19,Contraction_l_Alik_Bjlk_Cijk_Dijk,"(256,1024,1,1024)",Cijk_Alik_Bjlk_I8II_BH_MT128x64x32_SN_GLVWA4_GRVW4_K1_SU32_SUS256_TT8_4,NO_CHECK,118.602,4526.66,,1,1,32,1,1,1,1,7340032,1048576,,,,,,,,,,2026-04-18 15:24:11.
0,32/111,18/19,Contraction_l_Alik_Bjlk_Cijk_Dijk,"(256,1024,1,1024)",Cijk_Alik_Bjlk_I8II_BH_MT64x128x32_SN_GLVWA4_GRVW4_K1_SU0_SUS0_TT4_8,NO_CHECK,116.282,4616.97,,1,1,32,1,1,1,1,7340032,1048576,,,,,,,,,,2026-04-18 15:24:11.
0,32/111,19/19,Contraction_l_Alik_Bjlk_Cijk_Dijk,"(256,1024,1,1024)",Cijk_Alik_Bjlk_I8II_BH_MT64x128x32_SN_GLVWA4_GRVW4_K1_SU32_SUS256_TT4_8,NO_CHECK,105.641,5082.03,,1,1,32,1,1,1,1,7340032,1048576,,,,,,,,,,2026-04-18 15:24:11.
0,33/111,0/19,Contraction_l_Alik_Bjlk_Cijk_Dijk,"(256,1024,1,4096)",Cijk_Alik_Bjlk_I8II_BH_MT64x64x16_SN_GLVWA4_GRVW4_K1_SU0_SUS0_TT4_4,NO_CHECK,390.565,5498.4,,1,2,32,1,1,1,1,34603008,1048576,,,,,,,,,,2026-04-18 15:24:11.
0,33/111,1/19,Contraction_l_Alik_Bjlk_Cijk_Dijk,"(256,1024,1,4096)",Cijk_Alik_Bjlk_I8II_BH_MT64x64x16_SN_GLVWA4_GRVW8_K1_SU0_SUS0_TT4_4,NO_CHECK,390.686,5496.7,,1,2,32,1,1,1,1,34603008,1048576,,,,,,,,,,2026-04-18 15:24:11.
0,33/111,2/19,Contraction_l_Alik_Bjlk_Cijk_Dijk,"(256,1024,1,4096)",Cijk_Alik_Bjlk_I8II_BH_MT64x64x16_SN_GLVWA4_GRVW16_K1_SU0_SUS0_TT4_4,NO_CHECK,389.045,5519.88,,1,2,32,1,1,1,1,34603008,1048576,,,,,,,,,,2026-04-18 15:24:11.
0,33/111,3/19,Contraction_l_Alik_Bjlk_Cijk_Dijk,"(256,1024,1,4096)",Cijk_Alik_Bjlk_I8II_BH_MT64x64x16_SN_GLVWA4_GRVW4_K1_SU32_SUS256_TT4_4,NO_CHECK,414.286,5183.58,,1,2,32,1,1,1,1,34603008,1048576,,,,,,,,,,2026-04-18 15:24:11.
0,33/111,4/19,Contraction_l_Alik_Bjlk_Cijk_Dijk,"(256,1024,1,4096)",Cijk_Alik_Bjlk_I8II_BH_MT64x64x16_SN_GLVWA4_GRVW8_K1_SU32_SUS256_TT4_4,NO_CHECK,413.406,5194.61,,1,2,32,1,1,1,1,34603008,1048576,,,,,,,,,,2026-04-18 15:24:11.
0,33/111,5/19,Contraction_l_Alik_Bjlk_Cijk_Dijk,"(256,1024,1,4096)",Cijk_Alik_Bjlk_I8II_BH_MT64x64x16_SN_GLVWA4_GRVW16_K1_SU32_SUS256_TT4_4,NO_CHECK,413.566,5192.6,,1,2,32,1,1,1,1,34603008,1048576,,,,,,,,,,2026-04-18 15:24:11.
0,33/111,6/19,Contraction_l_Alik_Bjlk_Cijk_Dijk,"(256,1024,1,4096)",Cijk_Alik_Bjlk_I8II_BH_MT128x64x16_SN_GLVWA4_GRVW4_K1_SU0_SUS0_TT8_4,NO_CHECK,333.445,6440.29,,1,1,32,1,1,1,1,26214400,1048576,,,,,,,,,,2026-04-18 15:24:11.
0,33/111,7/19,Contraction_l_Alik_Bjlk_Cijk_Dijk,"(256,1024,1,4096)",Cijk_Alik_Bjlk_I8II_BH_MT128x64x16_SN_GLVWA8_GRVW8_K1_SU0_SUS0_TT8_4,NO_CHECK,337.525,6362.44,,1,1,32,1,1,1,1,26214400,1048576,,,,,,,,,,2026-04-18 15:24:11.
0,33/111,8/19,Contraction_l_Alik_Bjlk_Cijk_Dijk,"(256,1024,1,4096)",Cijk_Alik_Bjlk_I8II_BH_MT128x64x16_SN_GLVWA8_GRVW16_K1_SU0_SUS0_TT8_4,NO_CHECK,473.567,4534.7,,1,1,32,1,1,1,1,26214400,1048576,,,,,,,,,,2026-04-18 15:24:11.
0,33/111,9/19,Contraction_l_Alik_Bjlk_Cijk_Dijk,"(256,1024,1,4096)",Cijk_Alik_Bjlk_I8II_BH_MT128x64x16_SN_GLVWA4_GRVW4_K1_SU32_SUS256_TT8_4,NO_CHECK,331.325,6481.5,,1,1,32,1,1,1,1,26214400,1048576,,,,,,,,,,2026-04-18 15:24:11.
0,33/111,10/19,Contraction_l_Alik_Bjlk_Cijk_Dijk,"(256,1024,1,4096)",Cijk_Alik_Bjlk_I8II_BH_MT128x64x16_SN_GLVWA8_GRVW8_K1_SU32_SUS256_TT8_4,NO_CHECK,331.205,6483.85,,1,1,32,1,1,1,1,26214400,1048576,,,,,,,,,,2026-04-18 15:24:11.
0,33/111,11/19,Contraction_l_Alik_Bjlk_Cijk_Dijk,"(256,1024,1,4096)",Cijk_Alik_Bjlk_I8II_BH_MT128x64x16_SN_GLVWA8_GRVW16_K1_SU32_SUS256_TT8_4,NO_CHECK,330.805,6491.69,,1,1,32,1,1,1,1,26214400,1048576,,,,,,,,,,2026-04-18 15:24:11.
0,33/111,12/19,Contraction_l_Alik_Bjlk_Cijk_Dijk,"(256,1024,1,4096)",Cijk_Alik_Bjlk_I8II_BH_MT64x128x16_SN_GLVWA4_GRVW4_K1_SU0_SUS0_TT4_8,NO_CHECK,326.005,6587.27,,1,1,32,1,1,1,1,26214400,1048576,,,,,,,,,,2026-04-18 15:24:11.
0,33/111,13/19,Contraction_l_Alik_Bjlk_Cijk_Dijk,"(256,1024,1,4096)",Cijk_Alik_Bjlk_I8II_BH_MT64x128x16_SN_GLVWA4_GRVW4_K1_SU32_SUS256_TT4_8,NO_CHECK,328.764,6531.99,,1,1,32,1,1,1,1,26214400,1048576,,,,,,,,,,2026-04-18 15:24:11.
0,33/111,14/19,Contraction_l_Alik_Bjlk_Cijk_Dijk,"(256,1024,1,4096)",Cijk_Alik_Bjlk_I8II_BH_MT64x64x32_SN_GLVWA4_GRVW4_K1_SU0_SUS0_TT4_4,NO_CHECK,386.046,5562.77,,1,2,32,1,1,1,1,34603008,1048576,,,,,,,,,,2026-04-18 15:24:11.
0,33/111,15/19,Contraction_l_Alik_Bjlk_Cijk_Dijk,"(256,1024,1,4096)",Cijk_Alik_Bjlk_I8II_BH_MT64x64x32_SN_GLVWA4_GRVW4_K1_SU32_SUS256_TT4_4,NO_CHECK,413.286,5196.12,,1,2,32,1,1,1,1,34603008,1048576,,,,,,,,,,2026-04-18 15:24:11.
0,33/111,16/19,Contraction_l_Alik_Bjlk_Cijk_Dijk,"(256,1024,1,4096)",Cijk_Alik_Bjlk_I8II_BH_MT128x64x32_SN_GLVWA4_GRVW4_K1_SU0_SUS0_TT8_4,NO_CHECK,336.605,6379.83,,1,1,32,1,1,1,1,26214400,1048576,,,,,,,,,,2026-04-18 15:24:11.
0,33/111,17/19,Contraction_l_Alik_Bjlk_Cijk_Dijk,"(256,1024,1,4096)",Cijk_Alik_Bjlk_I8II_BH_MT128x64x32_SN_GLVWA4_GRVW4_K1_SU32_SUS256_TT8_4,NO_CHECK,337.245,6367.73,,1,1,32,1,1,1,1,26214400,1048576,,,,,,,,,,2026-04-18 15:24:11.
0,33/111,18/19,Contraction_l_Alik_Bjlk_Cijk_Dijk,"(256,1024,1,4096)",Cijk_Alik_Bjlk_I8II_BH_MT64x128x32_SN_GLVWA4_GRVW4_K1_SU0_SUS0_TT4_8,NO_CHECK,331.644,6475.27,,1,1,32,1,1,1,1,26214400,1048576,,,,,,,,,,2026-04-18 15:24:11.
0,33/111,19/19,Contraction_l_Alik_Bjlk_Cijk_Dijk,"(256,1024,1,4096)",Cijk_Alik_Bjlk_I8II_BH_MT64x128x32_SN_GLVWA4_GRVW4_K1_SU32_SUS256_TT4_8,NO_CHECK,333.045,6448.03,,1,1,32,1,1,1,1,26214400,1048576,,,,,,,,,,2026-04-18 15:24:11.
0,34/111,0/19,Contraction_l_Alik_Bjlk_Cijk_Dijk,"(256,1024,1,8192)",Cijk_Alik_Bjlk_I8II_BH_MT64x64x16_SN_GLVWA4_GRVW4_K1_SU0_SUS0_TT4_4,NO_CHECK,755.851,5682.29,,1,2,32,1,1,1,1,68157440,1048576,,,,,,,,,,2026-04-18 15:24:11.
0,34/111,1/19,Contraction_l_Alik_Bjlk_Cijk_Dijk,"(256,1024,1,8192)",Cijk_Alik_Bjlk_I8II_BH_MT64x64x16_SN_GLVWA4_GRVW8_K1_SU0_SUS0_TT4_4,NO_CHECK,754.331,5693.74,,1,2,32,1,1,1,1,68157440,1048576,,,,,,,,,,2026-04-18 15:24:11.
0,34/111,2/19,Contraction_l_Alik_Bjlk_Cijk_Dijk,"(256,1024,1,8192)",Cijk_Alik_Bjlk_I8II_BH_MT64x64x16_SN_GLVWA4_GRVW16_K1_SU0_SUS0_TT4_4,NO_CHECK,895.853,4794.28,,1,2,32,1,1,1,1,68157440,1048576,,,,,,,,,,2026-04-18 15:24:11.
0,34/111,3/19,Contraction_l_Alik_Bjlk_Cijk_Dijk,"(256,1024,1,8192)",Cijk_Alik_Bjlk_I8II_BH_MT64x64x16_SN_GLVWA4_GRVW4_K1_SU32_SUS256_TT4_4,NO_CHECK,753.652,5698.87,,1,2,32,1,1,1,1,68157440,1048576,,,,,,,,,,2026-04-18 15:24:11.
0,34/111,4/19,Contraction_l_Alik_Bjlk_Cijk_Dijk,"(256,1024,1,8192)",Cijk_Alik_Bjlk_I8II_BH_MT64x64x16_SN_GLVWA4_GRVW8_K1_SU32_SUS256_TT4_4,NO_CHECK,752.091,5710.7,,1,2,32,1,1,1,1,68157440,1048576,,,,,,,,,,2026-04-18 15:24:11.
0,34/111,5/19,Contraction_l_Alik_Bjlk_Cijk_Dijk,"(256,1024,1,8192)",Cijk_Alik_Bjlk_I8II_BH_MT64x64x16_SN_GLVWA4_GRVW16_K1_SU32_SUS256_TT4_4,NO_CHECK,753.412,5700.69,,1,2,32,1,1,1,1,68157440,1048576,,,,,,,,,,2026-04-18 15:24:11.
0,34/111,6/19,Contraction_l_Alik_Bjlk_Cijk_Dijk,"(256,1024,1,8192)",Cijk_Alik_Bjlk_I8II_BH_MT128x64x16_SN_GLVWA4_GRVW4_K1_SU0_SUS0_TT8_4,NO_CHECK,636.969,6742.82,,1,1,32,1,1,1,1,51380224,1048576,,,,,,,,,,2026-04-18 15:24:11.
0,34/111,7/19,Contraction_l_Alik_Bjlk_Cijk_Dijk,"(256,1024,1,8192)",Cijk_Alik_Bjlk_I8II_BH_MT128x64x16_SN_GLVWA8_GRVW8_K1_SU0_SUS0_TT8_4,NO_CHECK,634.729,6766.62,,1,1,32,1,1,1,1,51380224,1048576,,,,,,,,,,2026-04-18 15:24:11.
0,34/111,8/19,Contraction_l_Alik_Bjlk_Cijk_Dijk,"(256,1024,1,8192)",Cijk_Alik_Bjlk_I8II_BH_MT128x64x16_SN_GLVWA8_GRVW16_K1_SU0_SUS0_TT8_4,NO_CHECK,636.57,6747.05,,1,1,32,1,1,1,1,51380224,1048576,,,,,,,,,,2026-04-18 15:24:11.
0,34/111,9/19,Contraction_l_Alik_Bjlk_Cijk_Dijk,"(256,1024,1,8192)",Cijk_Alik_Bjlk_I8II_BH_MT128x64x16_SN_GLVWA4_GRVW4_K1_SU32_SUS256_TT8_4,NO_CHECK,642.329,6686.55,,1,1,32,1,1,1,1,51380224,1048576,,,,,,,,,,2026-04-18 15:24:11.
0,34/111,10/19,Contraction_l_Alik_Bjlk_Cijk_Dijk,"(256,1024,1,8192)",Cijk_Alik_Bjlk_I8II_BH_MT128x64x16_SN_GLVWA8_GRVW8_K1_SU32_SUS256_TT8_4,NO_CHECK,641.53,6694.88,,1,1,32,1,1,1,1,51380224,1048576,,,,,,,,,,2026-04-18 15:24:11.
0,34/111,11/19,Contraction_l_Alik_Bjlk_Cijk_Dijk,"(256,1024,1,8192)",Cijk_Alik_Bjlk_I8II_BH_MT128x64x16_SN_GLVWA8_GRVW16_K1_SU32_SUS256_TT8_4,NO_CHECK,642.01,6689.88,,1,1,32,1,1,1,1,51380224,1048576,,,,,,,,,,2026-04-18 15:24:11.
0,34/111,12/19,Contraction_l_Alik_Bjlk_Cijk_Dijk,"(256,1024,1,8192)",Cijk_Alik_Bjlk_I8II_BH_MT64x128x16_SN_GLVWA4_GRVW4_K1_SU0_SUS0_TT4_8,NO_CHECK,630.289,6814.28,,1,1,32,1,1,1,1,51380224,1048576,,,,,,,,,,2026-04-18 15:24:11.
0,34/111,13/19,Contraction_l_Alik_Bjlk_Cijk_Dijk,"(256,1024,1,8192)",Cijk_Alik_Bjlk_I8II_BH_MT64x128x16_SN_GLVWA4_GRVW4_K1_SU32_SUS256_TT4_8,NO_CHECK,642.169,6688.22,,1,1,32,1,1,1,1,51380224,1048576,,,,,,,,,,2026-04-18 15:24:11.
0,34/111,14/19,Contraction_l_Alik_Bjlk_Cijk_Dijk,"(256,1024,1,8192)",Cijk_Alik_Bjlk_I8II_BH_MT64x64x32_SN_GLVWA4_GRVW4_K1_SU0_SUS0_TT4_4,NO_CHECK,754.531,5692.23,,1,2,32,1,1,1,1,68157440,1048576,,,,,,,,,,2026-04-18 15:24:11.
0,34/111,15/19,Contraction_l_Alik_Bjlk_Cijk_Dijk,"(256,1024,1,8192)",Cijk_Alik_Bjlk_I8II_BH_MT64x64x32_SN_GLVWA4_GRVW4_K1_SU32_SUS256_TT4_4,NO_CHECK,756.332,5678.68,,1,2,32,1,1,1,1,68157440,1048576,,,,,,,,,,2026-04-18 15:24:11.
0,34/111,16/19,Contraction_l_Alik_Bjlk_Cijk_Dijk,"(256,1024,1,8192)",Cijk_Alik_Bjlk_I8II_BH_MT128x64x32_SN_GLVWA4_GRVW4_K1_SU0_SUS0_TT8_4,NO_CHECK,647.289,6635.32,,1,1,32,1,1,1,1,51380224,1048576,,,,,,,,,,2026-04-18 15:24:11.
0,34/111,17/19,Contraction_l_Alik_Bjlk_Cijk_Dijk,"(256,1024,1,8192)",Cijk_Alik_Bjlk_I8II_BH_MT128x64x32_SN_GLVWA4_GRVW4_K1_SU32_SUS256_TT8_4,NO_CHECK,646.689,6641.47,,1,1,32,1,1,1,1,51380224,1048576,,,,,,,,,,2026-04-18 15:24:11.
0,34/111,18/19,Contraction_l_Alik_Bjlk_Cijk_Dijk,"(256,1024,1,8192)",Cijk_Alik_Bjlk_I8II_BH_MT64x128x32_SN_GLVWA4_GRVW4_K1_SU0_SUS0_TT4_8,NO_CHECK,640.17,6709.1,,1,1,32,1,1,1,1,51380224,1048576,,,,,,,,,,2026-04-18 15:24:11.
0,34/111,19/19,Contraction_l_Alik_Bjlk_Cijk_Dijk,"(256,1024,1,8192)",Cijk_Alik_Bjlk_I8II_BH_MT64x128x32_SN_GLVWA4_GRVW4_K1_SU32_SUS256_TT4_8,NO_CHECK,639.929,6711.63,,1,1,32,1,1,1,1,51380224,1048576,,,,,,,,,,2026-04-18 15:24:11.
0,35/111,0/19,Contraction_l_Alik_Bjlk_Cijk_Dijk,"(256,1024,1,14336)",Cijk_Alik_Bjlk_I8II_BH_MT64x64x16_SN_GLVWA4_GRVW4_K1_SU0_SUS0_TT4_4,NO_CHECK,1313.22,5723.49,,1,2,32,1,1,1,1,118489088,1048576,,,,,,,,,,2026-04-18 15:24:11.
0,35/111,1/19,Contraction_l_Alik_Bjlk_Cijk_Dijk,"(256,1024,1,14336)",Cijk_Alik_Bjlk_I8II_BH_MT64x64x16_SN_GLVWA4_GRVW8_K1_SU0_SUS0_TT4_4,NO_CHECK,1623.22,4630.41,,1,2,32,1,1,1,1,118489088,1048576,,,,,,,,,,2026-04-18 15:24:11.
0,35/111,2/19,Contraction_l_Alik_Bjlk_Cijk_Dijk,"(256,1024,1,14336)",Cijk_Alik_Bjlk_I8II_BH_MT64x64x16_SN_GLVWA4_GRVW16_K1_SU0_SUS0_TT4_4,NO_CHECK,1326.18,5667.56,,1,2,32,1,1,1,1,118489088,1048576,,,,,,,,,,2026-04-18 15:24:11.
0,35/111,3/19,Contraction_l_Alik_Bjlk_Cijk_Dijk,"(256,1024,1,14336)",Cijk_Alik_Bjlk_I8II_BH_MT64x64x16_SN_GLVWA4_GRVW4_K1_SU32_SUS256_TT4_4,NO_CHECK,1331.62,5644.4,,1,2,32,1,1,1,1,118489088,1048576,,,,,,,,,,2026-04-18 15:24:11.
0,35/111,4/19,Contraction_l_Alik_Bjlk_Cijk_Dijk,"(256,1024,1,14336)",Cijk_Alik_Bjlk_I8II_BH_MT64x64x16_SN_GLVWA4_GRVW8_K1_SU32_SUS256_TT4_4,NO_CHECK,1330.26,5650.17,,1,2,32,1,1,1,1,118489088,1048576,,,,,,,,,,2026-04-18 15:24:11.
0,35/111,5/19,Contraction_l_Alik_Bjlk_Cijk_Dijk,"(256,1024,1,14336)",Cijk_Alik_Bjlk_I8II_BH_MT64x64x16_SN_GLVWA4_GRVW16_K1_SU32_SUS256_TT4_4,NO_CHECK,1321.46,5687.79,,1,2,32,1,1,1,1,118489088,1048576,,,,,,,,,,2026-04-18 15:24:11.
0,35/111,6/19,Contraction_l_Alik_Bjlk_Cijk_Dijk,"(256,1024,1,14336)",Cijk_Alik_Bjlk_I8II_BH_MT128x64x16_SN_GLVWA4_GRVW4_K1_SU0_SUS0_TT8_4,NO_CHECK,1261.3,5959.09,,1,1,32,1,1,1,1,89128960,1048576,,,,,,,,,,2026-04-18 15:24:11.
0,35/111,7/19,Contraction_l_Alik_Bjlk_Cijk_Dijk,"(256,1024,1,14336)",Cijk_Alik_Bjlk_I8II_BH_MT128x64x16_SN_GLVWA8_GRVW8_K1_SU0_SUS0_TT8_4,NO_CHECK,1124.86,6681.91,,1,1,32,1,1,1,1,89128960,1048576,,,,,,,,,,2026-04-18 15:24:11.
0,35/111,8/19,Contraction_l_Alik_Bjlk_Cijk_Dijk,"(256,1024,1,14336)",Cijk_Alik_Bjlk_I8II_BH_MT128x64x16_SN_GLVWA8_GRVW16_K1_SU0_SUS0_TT8_4,NO_CHECK,1116.18,6733.87,,1,1,32,1,1,1,1,89128960,1048576,,,,,,,,,,2026-04-18 15:24:11.
0,35/111,9/19,Contraction_l_Alik_Bjlk_Cijk_Dijk,"(256,1024,1,14336)",Cijk_Alik_Bjlk_I8II_BH_MT128x64x16_SN_GLVWA4_GRVW4_K1_SU32_SUS256_TT8_4,NO_CHECK,1107.62,6785.91,,1,1,32,1,1,1,1,89128960,1048576,,,,,,,,,,2026-04-18 15:24:11.
0,35/111,10/19,Contraction_l_Alik_Bjlk_Cijk_Dijk,"(256,1024,1,14336)",Cijk_Alik_Bjlk_I8II_BH_MT128x64x16_SN_GLVWA8_GRVW8_K1_SU32_SUS256_TT8_4,NO_CHECK,1116.58,6731.47,,1,1,32,1,1,1,1,89128960,1048576,,,,,,,,,,2026-04-18 15:24:11.
0,35/111,11/19,Contraction_l_Alik_Bjlk_Cijk_Dijk,"(256,1024,1,14336)",Cijk_Alik_Bjlk_I8II_BH_MT128x64x16_SN_GLVWA8_GRVW16_K1_SU32_SUS256_TT8_4,NO_CHECK,1114.58,6743.54,,1,1,32,1,1,1,1,89128960,1048576,,,,,,,,,,2026-04-18 15:24:11.
0,35/111,12/19,Contraction_l_Alik_Bjlk_Cijk_Dijk,"(256,1024,1,14336)",Cijk_Alik_Bjlk_I8II_BH_MT64x128x16_SN_GLVWA4_GRVW4_K1_SU0_SUS0_TT4_8,NO_CHECK,1101.98,6820.65,,1,1,32,1,1,1,1,89128960,1048576,,,,,,,,,,2026-04-18 15:24:11.
0,35/111,13/19,Contraction_l_Alik_Bjlk_Cijk_Dijk,"(256,1024,1,14336)",Cijk_Alik_Bjlk_I8II_BH_MT64x128x16_SN_GLVWA4_GRVW4_K1_SU32_SUS256_TT4_8,NO_CHECK,1110.82,6766.36,,1,1,32,1,1,1,1,89128960,1048576,,,,,,,,,,2026-04-18 15:24:11.
0,35/111,14/19,Contraction_l_Alik_Bjlk_Cijk_Dijk,"(256,1024,1,14336)",Cijk_Alik_Bjlk_I8II_BH_MT64x64x32_SN_GLVWA4_GRVW4_K1_SU0_SUS0_TT4_4,NO_CHECK,1326.7,5665.33,,1,2,32,1,1,1,1,118489088,1048576,,,,,,,,,,2026-04-18 15:24:11.
0,35/111,15/19,Contraction_l_Alik_Bjlk_Cijk_Dijk,"(256,1024,1,14336)",Cijk_Alik_Bjlk_I8II_BH_MT64x64x32_SN_GLVWA4_GRVW4_K1_SU32_SUS256_TT4_4,NO_CHECK,1320.66,5691.24,,1,2,32,1,1,1,1,118489088,1048576,,,,,,,,,,2026-04-18 15:24:11.
0,35/111,16/19,Contraction_l_Alik_Bjlk_Cijk_Dijk,"(256,1024,1,14336)",Cijk_Alik_Bjlk_I8II_BH_MT128x64x32_SN_GLVWA4_GRVW4_K1_SU0_SUS0_TT8_4,NO_CHECK,1130.02,6651.4,,1,1,32,1,1,1,1,89128960,1048576,,,,,,,,,,2026-04-18 15:24:11.
0,35/111,17/19,Contraction_l_Alik_Bjlk_Cijk_Dijk,"(256,1024,1,14336)",Cijk_Alik_Bjlk_I8II_BH_MT128x64x32_SN_GLVWA4_GRVW4_K1_SU32_SUS256_TT8_4,NO_CHECK,1338.54,5615.22,,1,1,32,1,1,1,1,89128960,1048576,,,,,,,,,,2026-04-18 15:24:11.
0,35/111,18/19,Contraction_l_Alik_Bjlk_Cijk_Dijk,"(256,1024,1,14336)",Cijk_Alik_Bjlk_I8II_BH_MT64x128x32_SN_GLVWA4_GRVW4_K1_SU0_SUS0_TT4_8,NO_CHECK,1117.02,6728.81,,1,1,32,1,1,1,1,89128960,1048576,,,,,,,,,,2026-04-18 15:24:11.
0,35/111,19/19,Contraction_l_Alik_Bjlk_Cijk_Dijk,"(256,1024,1,14336)",Cijk_Alik_Bjlk_I8II_BH_MT64x128x32_SN_GLVWA4_GRVW4_K1_SU32_SUS256_TT4_8,NO_CHECK,1116.94,6729.29,,1,1,32,1,1,1,1,89128960,1048576,,,,,,,,,,2026-04-18 15:24:11.
0,36/111,0/19,Contraction_l_Alik_Bjlk_Cijk_Dijk,"(256,4096,1,1024)",Cijk_Alik_Bjlk_I8II_BH_MT64x64x16_SN_GLVWA4_GRVW4_K1_SU0_SUS0_TT4_4,NO_CHECK,373.325,5752.32,,1,8,32,1,1,1,1,37748736,4194304,,,,,,,,,,2026-04-18 15:24:11.
0,36/111,1/19,Contraction_l_Alik_Bjlk_Cijk_Dijk,"(256,4096,1,1024)",Cijk_Alik_Bjlk_I8II_BH_MT64x64x16_SN_GLVWA4_GRVW8_K1_SU0_SUS0_TT4_4,NO_CHECK,371.125,5786.42,,1,8,32,1,1,1,1,37748736,4194304,,,,,,,,,,2026-04-18 15:24:11.
0,36/111,2/19,Contraction_l_Alik_Bjlk_Cijk_Dijk,"(256,4096,1,1024)",Cijk_Alik_Bjlk_I8II_BH_MT64x64x16_SN_GLVWA4_GRVW16_K1_SU0_SUS0_TT4_4,NO_CHECK,372.646,5762.8,,1,8,32,1,1,1,1,37748736,4194304,,,,,,,,,,2026-04-18 15:24:11.
0,36/111,3/19,Contraction_l_Alik_Bjlk_Cijk_Dijk,"(256,4096,1,1024)",Cijk_Alik_Bjlk_I8II_BH_MT64x64x16_SN_GLVWA4_GRVW4_K1_SU32_SUS256_TT4_4,NO_CHECK,423.926,5065.7,,1,8,32,1,1,1,1,37748736,4194304,,,,,,,,,,2026-04-18 15:24:11.
0,36/111,4/19,Contraction_l_Alik_Bjlk_Cijk_Dijk,"(256,4096,1,1024)",Cijk_Alik_Bjlk_I8II_BH_MT64x64x16_SN_GLVWA4_GRVW8_K1_SU32_SUS256_TT4_4,NO_CHECK,456.766,4701.5,,1,8,32,1,1,1,1,37748736,4194304,,,,,,,,,,2026-04-18 15:24:11.
0,36/111,5/19,Contraction_l_Alik_Bjlk_Cijk_Dijk,"(256,4096,1,1024)",Cijk_Alik_Bjlk_I8II_BH_MT64x64x16_SN_GLVWA4_GRVW16_K1_SU32_SUS256_TT4_4,NO_CHECK,457.847,4690.4,,1,8,32,1,1,1,1,37748736,4194304,,,,,,,,,,2026-04-18 15:24:11.
0,36/111,6/19,Contraction_l_Alik_Bjlk_Cijk_Dijk,"(256,4096,1,1024)",Cijk_Alik_Bjlk_I8II_BH_MT128x64x16_SN_GLVWA4_GRVW4_K1_SU0_SUS0_TT8_4,NO_CHECK,303.844,7067.72,,1,4,32,1,1,1,1,29360128,4194304,,,,,,,,,,2026-04-18 15:24:11.
0,36/111,7/19,Contraction_l_Alik_Bjlk_Cijk_Dijk,"(256,4096,1,1024)",Cijk_Alik_Bjlk_I8II_BH_MT128x64x16_SN_GLVWA8_GRVW8_K1_SU0_SUS0_TT8_4,NO_CHECK,500.607,4289.76,,1,4,32,1,1,1,1,29360128,4194304,,,,,,,,,,2026-04-18 15:24:11.
0,36/111,8/19,Contraction_l_Alik_Bjlk_Cijk_Dijk,"(256,4096,1,1024)",Cijk_Alik_Bjlk_I8II_BH_MT128x64x16_SN_GLVWA8_GRVW16_K1_SU0_SUS0_TT8_4,NO_CHECK,305.485,7029.75,,1,4,32,1,1,1,1,29360128,4194304,,,,,,,,,,2026-04-18 15:24:11.
0,36/111,9/19,Contraction_l_Alik_Bjlk_Cijk_Dijk,"(256,4096,1,1024)",Cijk_Alik_Bjlk_I8II_BH_MT128x64x16_SN_GLVWA4_GRVW4_K1_SU32_SUS256_TT8_4,NO_CHECK,302.524,7098.56,,1,4,32,1,1,1,1,29360128,4194304,,,,,,,,,,2026-04-18 15:24:11.
0,36/111,10/19,Contraction_l_Alik_Bjlk_Cijk_Dijk,"(256,4096,1,1024)",Cijk_Alik_Bjlk_I8II_BH_MT128x64x16_SN_GLVWA8_GRVW8_K1_SU32_SUS256_TT8_4,NO_CHECK,302.004,7110.78,,1,4,32,1,1,1,1,29360128,4194304,,,,,,,,,,2026-04-18 15:24:11.
0,36/111,11/19,Contraction_l_Alik_Bjlk_Cijk_Dijk,"(256,4096,1,1024)",Cijk_Alik_Bjlk_I8II_BH_MT128x64x16_SN_GLVWA8_GRVW16_K1_SU32_SUS256_TT8_4,NO_CHECK,301.405,7124.91,,1,4,32,1,1,1,1,29360128,4194304,,,,,,,,,,2026-04-18 15:24:11.
0,36/111,12/19,Contraction_l_Alik_Bjlk_Cijk_Dijk,"(256,4096,1,1024)",Cijk_Alik_Bjlk_I8II_BH_MT64x128x16_SN_GLVWA4_GRVW4_K1_SU0_SUS0_TT4_8,NO_CHECK,300.165,7154.34,,1,4,32,1,1,1,1,29360128,4194304,,,,,,,,,,2026-04-18 15:24:11.
0,36/111,13/19,Contraction_l_Alik_Bjlk_Cijk_Dijk,"(256,4096,1,1024)",Cijk_Alik_Bjlk_I8II_BH_MT64x128x16_SN_GLVWA4_GRVW4_K1_SU32_SUS256_TT4_8,NO_CHECK,329.805,6511.37,,1,4,32,1,1,1,1,29360128,4194304,,,,,,,,,,2026-04-18 15:24:11.
0,36/111,14/19,Contraction_l_Alik_Bjlk_Cijk_Dijk,"(256,4096,1,1024)",Cijk_Alik_Bjlk_I8II_BH_MT64x64x32_SN_GLVWA4_GRVW4_K1_SU0_SUS0_TT4_4,NO_CHECK,369.886,5805.8,,1,8,32,1,1,1,1,37748736,4194304,,,,,,,,,,2026-04-18 15:24:11.
0,36/111,15/19,Contraction_l_Alik_Bjlk_Cijk_Dijk,"(256,4096,1,1024)",Cijk_Alik_Bjlk_I8II_BH_MT64x64x32_SN_GLVWA4_GRVW4_K1_SU32_SUS256_TT4_4,NO_CHECK,455.287,4716.77,,1,8,32,1,1,1,1,37748736,4194304,,,,,,,,,,2026-04-18 15:24:11.
0,36/111,16/19,Contraction_l_Alik_Bjlk_Cijk_Dijk,"(256,4096,1,1024)",Cijk_Alik_Bjlk_I8II_BH_MT128x64x32_SN_GLVWA4_GRVW4_K1_SU0_SUS0_TT8_4,NO_CHECK,308.645,6957.78,,1,4,32,1,1,1,1,29360128,4194304,,,,,,,,,,2026-04-18 15:24:11.
0,36/111,17/19,Contraction_l_Alik_Bjlk_Cijk_Dijk,"(256,4096,1,1024)",Cijk_Alik_Bjlk_I8II_BH_MT128x64x32_SN_GLVWA4_GRVW4_K1_SU32_SUS256_TT8_4,NO_CHECK,392.406,5472.61,,1,4,32,1,1,1,1,29360128,4194304,,,,,,,,,,2026-04-18 15:24:11.
0,36/111,18/19,Contraction_l_Alik_Bjlk_Cijk_Dijk,"(256,4096,1,1024)",Cijk_Alik_Bjlk_I8II_BH_MT64x128x32_SN_GLVWA4_GRVW4_K1_SU0_SUS0_TT4_8,NO_CHECK,304.284,7057.5,,1,4,32,1,1,1,1,29360128,4194304,,,,,,,,,,2026-04-18 15:24:11.
0,36/111,19/19,Contraction_l_Alik_Bjlk_Cijk_Dijk,"(256,4096,1,1024)",Cijk_Alik_Bjlk_I8II_BH_MT64x128x32_SN_GLVWA4_GRVW4_K1_SU32_SUS256_TT4_8,NO_CHECK,334.765,6414.9,,1,4,32,1,1,1,1,29360128,4194304,,,,,,,,,,2026-04-18 15:24:11.
0,37/111,0/19,Contraction_l_Alik_Bjlk_Cijk_Dijk,"(256,4096,1,4096)",Cijk_Alik_Bjlk_I8II_BH_MT64x64x16_SN_GLVWA4_GRVW4_K1_SU0_SUS0_TT4_4,NO_CHECK,1440.34,5963.82,,1,8,32,1,1,1,1,138412032,4194304,,,,,,,,,,2026-04-18 15:24:11.
0,37/111,1/19,Contraction_l_Alik_Bjlk_Cijk_Dijk,"(256,4096,1,4096)",Cijk_Alik_Bjlk_I8II_BH_MT64x64x16_SN_GLVWA4_GRVW8_K1_SU0_SUS0_TT4_4,NO_CHECK,1501.5,5720.89,,1,8,32,1,1,1,1,138412032,4194304,,,,,,,,,,2026-04-18 15:24:11.
0,37/111,2/19,Contraction_l_Alik_Bjlk_Cijk_Dijk,"(256,4096,1,4096)",Cijk_Alik_Bjlk_I8II_BH_MT64x64x16_SN_GLVWA4_GRVW16_K1_SU0_SUS0_TT4_4,NO_CHECK,1431.1,6002.32,,1,8,32,1,1,1,1,138412032,4194304,,,,,,,,,,2026-04-18 15:24:11.
0,37/111,3/19,Contraction_l_Alik_Bjlk_Cijk_Dijk,"(256,4096,1,4096)",Cijk_Alik_Bjlk_I8II_BH_MT64x64x16_SN_GLVWA4_GRVW4_K1_SU32_SUS256_TT4_4,NO_CHECK,1422.7,6037.77,,1,8,32,1,1,1,1,138412032,4194304,,,,,,,,,,2026-04-18 15:24:12.
0,37/111,4/19,Contraction_l_Alik_Bjlk_Cijk_Dijk,"(256,4096,1,4096)",Cijk_Alik_Bjlk_I8II_BH_MT64x64x16_SN_GLVWA4_GRVW8_K1_SU32_SUS256_TT4_4,NO_CHECK,1418.3,6056.5,,1,8,32,1,1,1,1,138412032,4194304,,,,,,,,,,2026-04-18 15:24:12.
0,37/111,5/19,Contraction_l_Alik_Bjlk_Cijk_Dijk,"(256,4096,1,4096)",Cijk_Alik_Bjlk_I8II_BH_MT64x64x16_SN_GLVWA4_GRVW16_K1_SU32_SUS256_TT4_4,NO_CHECK,1417.54,6059.74,,1,8,32,1,1,1,1,138412032,4194304,,,,,,,,,,2026-04-18 15:24:12.
0,37/111,6/19,Contraction_l_Alik_Bjlk_Cijk_Dijk,"(256,4096,1,4096)",Cijk_Alik_Bjlk_I8II_BH_MT128x64x16_SN_GLVWA4_GRVW4_K1_SU0_SUS0_TT8_4,NO_CHECK,1326.46,6475.83,,1,4,32,1,1,1,1,104857600,4194304,,,,,,,,,,2026-04-18 15:24:12.
0,37/111,7/19,Contraction_l_Alik_Bjlk_Cijk_Dijk,"(256,4096,1,4096)",Cijk_Alik_Bjlk_I8II_BH_MT128x64x16_SN_GLVWA8_GRVW8_K1_SU0_SUS0_TT8_4,NO_CHECK,1157.38,7421.9,,1,4,32,1,1,1,1,104857600,4194304,,,,,,,,,,2026-04-18 15:24:12.
0,37/111,8/19,Contraction_l_Alik_Bjlk_Cijk_Dijk,"(256,4096,1,4096)",Cijk_Alik_Bjlk_I8II_BH_MT128x64x16_SN_GLVWA8_GRVW16_K1_SU0_SUS0_TT8_4,NO_CHECK,1151.06,7462.65,,1,4,32,1,1,1,1,104857600,4194304,,,,,,,,,,2026-04-18 15:24:12.
0,37/111,9/19,Contraction_l_Alik_Bjlk_Cijk_Dijk,"(256,4096,1,4096)",Cijk_Alik_Bjlk_I8II_BH_MT128x64x16_SN_GLVWA4_GRVW4_K1_SU32_SUS256_TT8_4,NO_CHECK,1149.3,7474.08,,1,4,32,1,1,1,1,104857600,4194304,,,,,,,,,,2026-04-18 15:24:12.
0,37/111,10/19,Contraction_l_Alik_Bjlk_Cijk_Dijk,"(256,4096,1,4096)",Cijk_Alik_Bjlk_I8II_BH_MT128x64x16_SN_GLVWA8_GRVW8_K1_SU32_SUS256_TT8_4,NO_CHECK,1151.62,7459.02,,1,4,32,1,1,1,1,104857600,4194304,,,,,,,,,,2026-04-18 15:24:12.
0,37/111,11/19,Contraction_l_Alik_Bjlk_Cijk_Dijk,"(256,4096,1,4096)",Cijk_Alik_Bjlk_I8II_BH_MT128x64x16_SN_GLVWA8_GRVW16_K1_SU32_SUS256_TT8_4,NO_CHECK,1182.1,7266.69,,1,4,32,1,1,1,1,104857600,4194304,,,,,,,,,,2026-04-18 15:24:12.
0,37/111,12/19,Contraction_l_Alik_Bjlk_Cijk_Dijk,"(256,4096,1,4096)",Cijk_Alik_Bjlk_I8II_BH_MT64x128x16_SN_GLVWA4_GRVW4_K1_SU0_SUS0_TT4_8,NO_CHECK,1165.42,7370.69,,1,4,32,1,1,1,1,104857600,4194304,,,,,,,,,,2026-04-18 15:24:12.
0,37/111,13/19,Contraction_l_Alik_Bjlk_Cijk_Dijk,"(256,4096,1,4096)",Cijk_Alik_Bjlk_I8II_BH_MT64x128x16_SN_GLVWA4_GRVW4_K1_SU32_SUS256_TT4_8,NO_CHECK,1157.9,7418.57,,1,4,32,1,1,1,1,104857600,4194304,,,,,,,,,,2026-04-18 15:24:12.
0,37/111,14/19,Contraction_l_Alik_Bjlk_Cijk_Dijk,"(256,4096,1,4096)",Cijk_Alik_Bjlk_I8II_BH_MT64x64x32_SN_GLVWA4_GRVW4_K1_SU0_SUS0_TT4_4,NO_CHECK,1429.42,6009.38,,1,8,32,1,1,1,1,138412032,4194304,,,,,,,,,,2026-04-18 15:24:12.
0,37/111,15/19,Contraction_l_Alik_Bjlk_Cijk_Dijk,"(256,4096,1,4096)",Cijk_Alik_Bjlk_I8II_BH_MT64x64x32_SN_GLVWA4_GRVW4_K1_SU32_SUS256_TT4_4,NO_CHECK,1431.62,6000.15,,1,8,32,1,1,1,1,138412032,4194304,,,,,,,,,,2026-04-18 15:24:12.
0,37/111,16/19,Contraction_l_Alik_Bjlk_Cijk_Dijk,"(256,4096,1,4096)",Cijk_Alik_Bjlk_I8II_BH_MT128x64x32_SN_GLVWA4_GRVW4_K1_SU0_SUS0_TT8_4,NO_CHECK,1154.74,7438.87,,1,4,32,1,1,1,1,104857600,4194304,,,,,,,,,,2026-04-18 15:24:12.
0,37/111,17/19,Contraction_l_Alik_Bjlk_Cijk_Dijk,"(256,4096,1,4096)",Cijk_Alik_Bjlk_I8II_BH_MT128x64x32_SN_GLVWA4_GRVW4_K1_SU32_SUS256_TT8_4,NO_CHECK,1151.26,7461.35,,1,4,32,1,1,1,1,104857600,4194304,,,,,,,,,,2026-04-18 15:24:12.
0,37/111,18/19,Contraction_l_Alik_Bjlk_Cijk_Dijk,"(256,4096,1,4096)",Cijk_Alik_Bjlk_I8II_BH_MT64x128x32_SN_GLVWA4_GRVW4_K1_SU0_SUS0_TT4_8,NO_CHECK,1150.66,7465.24,,1,4,32,1,1,1,1,104857600,4194304,,,,,,,,,,2026-04-18 15:24:12.
0,37/111,19/19,Contraction_l_Alik_Bjlk_Cijk_Dijk,"(256,4096,1,4096)",Cijk_Alik_Bjlk_I8II_BH_MT64x128x32_SN_GLVWA4_GRVW4_K1_SU32_SUS256_TT4_8,NO_CHECK,1155.06,7436.81,,1,4,32,1,1,1,1,104857600,4194304,,,,,,,,,,2026-04-18 15:24:12.
0,38/111,0/19,Contraction_l_Alik_Bjlk_Cijk_Dijk,"(256,4096,1,8192)",Cijk_Alik_Bjlk_I8II_BH_MT64x64x16_SN_GLVWA4_GRVW4_K1_SU0_SUS0_TT4_4,NO_CHECK,2908.6,5906.57,,1,8,32,1,1,1,1,272629760,4194304,,,,,,,,,,2026-04-18 15:24:12.
0,38/111,1/19,Contraction_l_Alik_Bjlk_Cijk_Dijk,"(256,4096,1,8192)",Cijk_Alik_Bjlk_I8II_BH_MT64x64x16_SN_GLVWA4_GRVW8_K1_SU0_SUS0_TT4_4,NO_CHECK,2990.6,5744.62,,1,8,32,1,1,1,1,272629760,4194304,,,,,,,,,,2026-04-18 15:24:12.
0,38/111,2/19,Contraction_l_Alik_Bjlk_Cijk_Dijk,"(256,4096,1,8192)",Cijk_Alik_Bjlk_I8II_BH_MT64x64x16_SN_GLVWA4_GRVW16_K1_SU0_SUS0_TT4_4,NO_CHECK,2827.72,6075.52,,1,8,32,1,1,1,1,272629760,4194304,,,,,,,,,,2026-04-18 15:24:12.
0,38/111,3/19,Contraction_l_Alik_Bjlk_Cijk_Dijk,"(256,4096,1,8192)",Cijk_Alik_Bjlk_I8II_BH_MT64x64x16_SN_GLVWA4_GRVW4_K1_SU32_SUS256_TT4_4,NO_CHECK,2826.84,6077.41,,1,8,32,1,1,1,1,272629760,4194304,,,,,,,,,,2026-04-18 15:24:12.
0,38/111,4/19,Contraction_l_Alik_Bjlk_Cijk_Dijk,"(256,4096,1,8192)",Cijk_Alik_Bjlk_I8II_BH_MT64x64x16_SN_GLVWA4_GRVW8_K1_SU32_SUS256_TT4_4,NO_CHECK,2826.12,6078.96,,1,8,32,1,1,1,1,272629760,4194304,,,,,,,,,,2026-04-18 15:24:12.
0,38/111,5/19,Contraction_l_Alik_Bjlk_Cijk_Dijk,"(256,4096,1,8192)",Cijk_Alik_Bjlk_I8II_BH_MT64x64x16_SN_GLVWA4_GRVW16_K1_SU32_SUS256_TT4_4,NO_CHECK,2816.92,6098.81,,1,8,32,1,1,1,1,272629760,4194304,,,,,,,,,,2026-04-18 15:24:12.
0,38/111,6/19,Contraction_l_Alik_Bjlk_Cijk_Dijk,"(256,4096,1,8192)",Cijk_Alik_Bjlk_I8II_BH_MT128x64x16_SN_GLVWA4_GRVW4_K1_SU0_SUS0_TT8_4,NO_CHECK,2391.28,7184.39,,1,4,32,1,1,1,1,205520896,4194304,,,,,,,,,,2026-04-18 15:24:12.
0,38/111,7/19,Contraction_l_Alik_Bjlk_Cijk_Dijk,"(256,4096,1,8192)",Cijk_Alik_Bjlk_I8II_BH_MT128x64x16_SN_GLVWA8_GRVW8_K1_SU0_SUS0_TT8_4,NO_CHECK,2275.71,7549.22,,1,4,32,1,1,1,1,205520896,4194304,,,,,,,,,,2026-04-18 15:24:12.
0,38/111,8/19,Contraction_l_Alik_Bjlk_Cijk_Dijk,"(256,4096,1,8192)",Cijk_Alik_Bjlk_I8II_BH_MT128x64x16_SN_GLVWA8_GRVW16_K1_SU0_SUS0_TT8_4,NO_CHECK,2269.67,7569.31,,1,4,32,1,1,1,1,205520896,4194304,,,,,,,,,,2026-04-18 15:24:12.
0,38/111,9/19,Contraction_l_Alik_Bjlk_Cijk_Dijk,"(256,4096,1,8192)",Cijk_Alik_Bjlk_I8II_BH_MT128x64x16_SN_GLVWA4_GRVW4_K1_SU32_SUS256_TT8_4,NO_CHECK,2436.32,7051.58,,1,4,32,1,1,1,1,205520896,4194304,,,,,,,,,,2026-04-18 15:24:12.
0,38/111,10/19,Contraction_l_Alik_Bjlk_Cijk_Dijk,"(256,4096,1,8192)",Cijk_Alik_Bjlk_I8II_BH_MT128x64x16_SN_GLVWA8_GRVW8_K1_SU32_SUS256_TT8_4,NO_CHECK,2248.55,7640.41,,1,4,32,1,1,1,1,205520896,4194304,,,,,,,,,,2026-04-18 15:24:12.
0,38/111,11/19,Contraction_l_Alik_Bjlk_Cijk_Dijk,"(256,4096,1,8192)",Cijk_Alik_Bjlk_I8II_BH_MT128x64x16_SN_GLVWA8_GRVW16_K1_SU32_SUS256_TT8_4,NO_CHECK,2259.63,7602.95,,1,4,32,1,1,1,1,205520896,4194304,,,,,,,,,,2026-04-18 15:24:12.
0,38/111,12/19,Contraction_l_Alik_Bjlk_Cijk_Dijk,"(256,4096,1,8192)",Cijk_Alik_Bjlk_I8II_BH_MT64x128x16_SN_GLVWA4_GRVW4_K1_SU0_SUS0_TT4_8,NO_CHECK,2253.31,7624.27,,1,4,32,1,1,1,1,205520896,4194304,,,,,,,,,,2026-04-18 15:24:12.
0,38/111,13/19,Contraction_l_Alik_Bjlk_Cijk_Dijk,"(256,4096,1,8192)",Cijk_Alik_Bjlk_I8II_BH_MT64x128x16_SN_GLVWA4_GRVW4_K1_SU32_SUS256_TT4_8,NO_CHECK,2631.08,6529.59,,1,4,32,1,1,1,1,205520896,4194304,,,,,,,,,,2026-04-18 15:24:12.
0,38/111,14/19,Contraction_l_Alik_Bjlk_Cijk_Dijk,"(256,4096,1,8192)",Cijk_Alik_Bjlk_I8II_BH_MT64x64x32_SN_GLVWA4_GRVW4_K1_SU0_SUS0_TT4_4,NO_CHECK,3133.97,5481.83,,1,8,32,1,1,1,1,272629760,4194304,,,,,,,,,,2026-04-18 15:24:12.
0,38/111,15/19,Contraction_l_Alik_Bjlk_Cijk_Dijk,"(256,4096,1,8192)",Cijk_Alik_Bjlk_I8II_BH_MT64x64x32_SN_GLVWA4_GRVW4_K1_SU32_SUS256_TT4_4,NO_CHECK,2837.16,6055.3,,1,8,32,1,1,1,1,272629760,4194304,,,,,,,,,,2026-04-18 15:24:12.
0,38/111,16/19,Contraction_l_Alik_Bjlk_Cijk_Dijk,"(256,4096,1,8192)",Cijk_Alik_Bjlk_I8II_BH_MT128x64x32_SN_GLVWA4_GRVW4_K1_SU0_SUS0_TT8_4,NO_CHECK,2282.67,7526.2,,1,4,32,1,1,1,1,205520896,4194304,,,,,,,,,,2026-04-18 15:24:12.
0,38/111,17/19,Contraction_l_Alik_Bjlk_Cijk_Dijk,"(256,4096,1,8192)",Cijk_Alik_Bjlk_I8II_BH_MT128x64x32_SN_GLVWA4_GRVW4_K1_SU32_SUS256_TT8_4,NO_CHECK,2267.91,7575.19,,1,4,32,1,1,1,1,205520896,4194304,,,,,,,,,,2026-04-18 15:24:12.
0,38/111,18/19,Contraction_l_Alik_Bjlk_Cijk_Dijk,"(256,4096,1,8192)",Cijk_Alik_Bjlk_I8II_BH_MT64x128x32_SN_GLVWA4_GRVW4_K1_SU0_SUS0_TT4_8,NO_CHECK,2404.11,7146.03,,1,4,32,1,1,1,1,205520896,4194304,,,,,,,,,,2026-04-18 15:24:12.
0,38/111,19/19,Contraction_l_Alik_Bjlk_Cijk_Dijk,"(256,4096,1,8192)",Cijk_Alik_Bjlk_I8II_BH_MT64x128x32_SN_GLVWA4_GRVW4_K1_SU32_SUS256_TT4_8,NO_CHECK,2276.51,7546.57,,1,4,32,1,1,1,1,205520896,4194304,,,,,,,,,,2026-04-18 15:24:12.
0,39/111,0/19,Contraction_l_Alik_Bjlk_Cijk_Dijk,"(256,4096,1,14336)",Cijk_Alik_Bjlk_I8II_BH_MT64x64x16_SN_GLVWA4_GRVW4_K1_SU0_SUS0_TT4_4,NO_CHECK,5077.16,5921.58,,1,8,32,1,1,1,1,473956352,4194304,,,,,,,,,,2026-04-18 15:24:12.
0,39/111,1/19,Contraction_l_Alik_Bjlk_Cijk_Dijk,"(256,4096,1,14336)",Cijk_Alik_Bjlk_I8II_BH_MT64x64x16_SN_GLVWA4_GRVW8_K1_SU0_SUS0_TT4_4,NO_CHECK,4905.27,6129.07,,1,8,32,1,1,1,1,473956352,4194304,,,,,,,,,,2026-04-18 15:24:12.
0,39/111,2/19,Contraction_l_Alik_Bjlk_Cijk_Dijk,"(256,4096,1,14336)",Cijk_Alik_Bjlk_I8II_BH_MT64x64x16_SN_GLVWA4_GRVW16_K1_SU0_SUS0_TT4_4,NO_CHECK,4948.19,6075.91,,1,8,32,1,1,1,1,473956352,4194304,,,,,,,,,,2026-04-18 15:24:12.
0,39/111,3/19,Contraction_l_Alik_Bjlk_Cijk_Dijk,"(256,4096,1,14336)",Cijk_Alik_Bjlk_I8II_BH_MT64x64x16_SN_GLVWA4_GRVW4_K1_SU32_SUS256_TT4_4,NO_CHECK,4903.39,6131.42,,1,8,32,1,1,1,1,473956352,4194304,,,,,,,,,,2026-04-18 15:24:12.
0,39/111,4/19,Contraction_l_Alik_Bjlk_Cijk_Dijk,"(256,4096,1,14336)",Cijk_Alik_Bjlk_I8II_BH_MT64x64x16_SN_GLVWA4_GRVW8_K1_SU32_SUS256_TT4_4,NO_CHECK,4908.03,6125.63,,1,8,32,1,1,1,1,473956352,4194304,,,,,,,,,,2026-04-18 15:24:12.
0,39/111,5/19,Contraction_l_Alik_Bjlk_Cijk_Dijk,"(256,4096,1,14336)",Cijk_Alik_Bjlk_I8II_BH_MT64x64x16_SN_GLVWA4_GRVW16_K1_SU32_SUS256_TT4_4,NO_CHECK,5048.44,5955.27,,1,8,32,1,1,1,1,473956352,4194304,,,,,,,,,,2026-04-18 15:24:12.
0,39/111,6/19,Contraction_l_Alik_Bjlk_Cijk_Dijk,"(256,4096,1,14336)",Cijk_Alik_Bjlk_I8II_BH_MT128x64x16_SN_GLVWA4_GRVW4_K1_SU0_SUS0_TT8_4,NO_CHECK,3951.14,7609.14,,1,4,32,1,1,1,1,356515840,4194304,,,,,,,,,,2026-04-18 15:24:12.
0,39/111,7/19,Contraction_l_Alik_Bjlk_Cijk_Dijk,"(256,4096,1,14336)",Cijk_Alik_Bjlk_I8II_BH_MT128x64x16_SN_GLVWA8_GRVW8_K1_SU0_SUS0_TT8_4,NO_CHECK,4082.46,7364.38,,1,4,32,1,1,1,1,356515840,4194304,,,,,,,,,,2026-04-18 15:24:12.
0,39/111,8/19,Contraction_l_Alik_Bjlk_Cijk_Dijk,"(256,4096,1,14336)",Cijk_Alik_Bjlk_I8II_BH_MT128x64x16_SN_GLVWA8_GRVW16_K1_SU0_SUS0_TT8_4,NO_CHECK,3930.5,7649.1,,1,4,32,1,1,1,1,356515840,4194304,,,,,,,,,,2026-04-18 15:24:12.
0,39/111,9/19,Contraction_l_Alik_Bjlk_Cijk_Dijk,"(256,4096,1,14336)",Cijk_Alik_Bjlk_I8II_BH_MT128x64x16_SN_GLVWA4_GRVW4_K1_SU32_SUS256_TT8_4,NO_CHECK,4084.94,7359.91,,1,4,32,1,1,1,1,356515840,4194304,,,,,,,,,,2026-04-18 15:24:12.
0,39/111,10/19,Contraction_l_Alik_Bjlk_Cijk_Dijk,"(256,4096,1,14336)",Cijk_Alik_Bjlk_I8II_BH_MT128x64x16_SN_GLVWA8_GRVW8_K1_SU32_SUS256_TT8_4,NO_CHECK,3943.1,7624.66,,1,4,32,1,1,1,1,356515840,4194304,,,,,,,,,,2026-04-18 15:24:12.
0,39/111,11/19,Contraction_l_Alik_Bjlk_Cijk_Dijk,"(256,4096,1,14336)",Cijk_Alik_Bjlk_I8II_BH_MT128x64x16_SN_GLVWA8_GRVW16_K1_SU32_SUS256_TT8_4,NO_CHECK,4085.34,7359.18,,1,4,32,1,1,1,1,356515840,4194304,,,,,,,,,,2026-04-18 15:24:12.
0,39/111,12/19,Contraction_l_Alik_Bjlk_Cijk_Dijk,"(256,4096,1,14336)",Cijk_Alik_Bjlk_I8II_BH_MT64x128x16_SN_GLVWA4_GRVW4_K1_SU0_SUS0_TT4_8,NO_CHECK,3916.02,7677.38,,1,4,32,1,1,1,1,356515840,4194304,,,,,,,,,,2026-04-18 15:24:12.
0,39/111,13/19,Contraction_l_Alik_Bjlk_Cijk_Dijk,"(256,4096,1,14336)",Cijk_Alik_Bjlk_I8II_BH_MT64x128x16_SN_GLVWA4_GRVW4_K1_SU32_SUS256_TT4_8,NO_CHECK,4072.7,7382.02,,1,4,32,1,1,1,1,356515840,4194304,,,,,,,,,,2026-04-18 15:24:12.
0,39/111,14/19,Contraction_l_Alik_Bjlk_Cijk_Dijk,"(256,4096,1,14336)",Cijk_Alik_Bjlk_I8II_BH_MT64x64x32_SN_GLVWA4_GRVW4_K1_SU0_SUS0_TT4_4,NO_CHECK,4912.87,6119.59,,1,8,32,1,1,1,1,473956352,4194304,,,,,,,,,,2026-04-18 15:24:12.
0,39/111,15/19,Contraction_l_Alik_Bjlk_Cijk_Dijk,"(256,4096,1,14336)",Cijk_Alik_Bjlk_I8II_BH_MT64x64x32_SN_GLVWA4_GRVW4_K1_SU32_SUS256_TT4_4,NO_CHECK,4890.23,6147.92,,1,8,32,1,1,1,1,473956352,4194304,,,,,,,,,,2026-04-18 15:24:12.
0,39/111,16/19,Contraction_l_Alik_Bjlk_Cijk_Dijk,"(256,4096,1,14336)",Cijk_Alik_Bjlk_I8II_BH_MT128x64x32_SN_GLVWA4_GRVW4_K1_SU0_SUS0_TT8_4,NO_CHECK,3939.34,7631.93,,1,4,32,1,1,1,1,356515840,4194304,,,,,,,,,,2026-04-18 15:24:12.
0,39/111,17/19,Contraction_l_Alik_Bjlk_Cijk_Dijk,"(256,4096,1,14336)",Cijk_Alik_Bjlk_I8II_BH_MT128x64x32_SN_GLVWA4_GRVW4_K1_SU32_SUS256_TT8_4,NO_CHECK,3944.9,7621.18,,1,4,32,1,1,1,1,356515840,4194304,,,,,,,,,,2026-04-18 15:24:12.
0,39/111,18/19,Contraction_l_Alik_Bjlk_Cijk_Dijk,"(256,4096,1,14336)",Cijk_Alik_Bjlk_I8II_BH_MT64x128x32_SN_GLVWA4_GRVW4_K1_SU0_SUS0_TT4_8,NO_CHECK,3924.1,7661.57,,1,4,32,1,1,1,1,356515840,4194304,,,,,,,,,,2026-04-18 15:24:12.
0,39/111,19/19,Contraction_l_Alik_Bjlk_Cijk_Dijk,"(256,4096,1,14336)",Cijk_Alik_Bjlk_I8II_BH_MT64x128x32_SN_GLVWA4_GRVW4_K1_SU32_SUS256_TT4_8,NO_CHECK,3929.9,7650.27,,1,4,32,1,1,1,1,356515840,4194304,,,,,,,,,,2026-04-18 15:24:12.
0,40/111,0/19,Contraction_l_Alik_Bjlk_Cijk_Dijk,"(256,8192,1,1024)",Cijk_Alik_Bjlk_I8II_BH_MT64x64x16_SN_GLVWA4_GRVW4_K1_SU0_SUS0_TT4_4,NO_CHECK,714.531,6010.89,,1,16,32,1,1,1,1,75497472,8388608,,,,,,,,,,2026-04-18 15:24:12.
0,40/111,1/19,Contraction_l_Alik_Bjlk_Cijk_Dijk,"(256,8192,1,1024)",Cijk_Alik_Bjlk_I8II_BH_MT64x64x16_SN_GLVWA4_GRVW8_K1_SU0_SUS0_TT4_4,NO_CHECK,708.05,6065.91,,1,16,32,1,1,1,1,75497472,8388608,,,,,,,,,,2026-04-18 15:24:12.
0,40/111,2/19,Contraction_l_Alik_Bjlk_Cijk_Dijk,"(256,8192,1,1024)",Cijk_Alik_Bjlk_I8II_BH_MT64x64x16_SN_GLVWA4_GRVW16_K1_SU0_SUS0_TT4_4,NO_CHECK,709.33,6054.96,,1,16,32,1,1,1,1,75497472,8388608,,,,,,,,,,2026-04-18 15:24:12.
0,40/111,3/19,Contraction_l_Alik_Bjlk_Cijk_Dijk,"(256,8192,1,1024)",Cijk_Alik_Bjlk_I8II_BH_MT64x64x16_SN_GLVWA4_GRVW4_K1_SU32_SUS256_TT4_4,NO_CHECK,747.851,5743.08,,1,16,32,1,1,1,1,75497472,8388608,,,,,,,,,,2026-04-18 15:24:12.
0,40/111,4/19,Contraction_l_Alik_Bjlk_Cijk_Dijk,"(256,8192,1,1024)",Cijk_Alik_Bjlk_I8II_BH_MT64x64x16_SN_GLVWA4_GRVW8_K1_SU32_SUS256_TT4_4,NO_CHECK,748.652,5736.93,,1,16,32,1,1,1,1,75497472,8388608,,,,,,,,,,2026-04-18 15:24:12.
0,40/111,5/19,Contraction_l_Alik_Bjlk_Cijk_Dijk,"(256,8192,1,1024)",Cijk_Alik_Bjlk_I8II_BH_MT64x64x16_SN_GLVWA4_GRVW16_K1_SU32_SUS256_TT4_4,NO_CHECK,842.572,5097.45,,1,16,32,1,1,1,1,75497472,8388608,,,,,,,,,,2026-04-18 15:24:12.
0,40/111,6/19,Contraction_l_Alik_Bjlk_Cijk_Dijk,"(256,8192,1,1024)",Cijk_Alik_Bjlk_I8II_BH_MT128x64x16_SN_GLVWA4_GRVW4_K1_SU0_SUS0_TT8_4,NO_CHECK,580.449,7399.39,,1,8,32,1,1,1,1,58720256,8388608,,,,,,,,,,2026-04-18 15:24:12.
0,40/111,7/19,Contraction_l_Alik_Bjlk_Cijk_Dijk,"(256,8192,1,1024)",Cijk_Alik_Bjlk_I8II_BH_MT128x64x16_SN_GLVWA8_GRVW8_K1_SU0_SUS0_TT8_4,NO_CHECK,569.929,7535.97,,1,8,32,1,1,1,1,58720256,8388608,,,,,,,,,,2026-04-18 15:24:12.
0,40/111,8/19,Contraction_l_Alik_Bjlk_Cijk_Dijk,"(256,8192,1,1024)",Cijk_Alik_Bjlk_I8II_BH_MT128x64x16_SN_GLVWA8_GRVW16_K1_SU0_SUS0_TT8_4,NO_CHECK,569.728,7538.63,,1,8,32,1,1,1,1,58720256,8388608,,,,,,,,,,2026-04-18 15:24:12.
0,40/111,9/19,Contraction_l_Alik_Bjlk_Cijk_Dijk,"(256,8192,1,1024)",Cijk_Alik_Bjlk_I8II_BH_MT128x64x16_SN_GLVWA4_GRVW4_K1_SU32_SUS256_TT8_4,NO_CHECK,569.489,7541.79,,1,8,32,1,1,1,1,58720256,8388608,,,,,,,,,,2026-04-18 15:24:12.
0,40/111,10/19,Contraction_l_Alik_Bjlk_Cijk_Dijk,"(256,8192,1,1024)",Cijk_Alik_Bjlk_I8II_BH_MT128x64x16_SN_GLVWA8_GRVW8_K1_SU32_SUS256_TT8_4,NO_CHECK,567.728,7565.19,,1,8,32,1,1,1,1,58720256,8388608,,,,,,,,,,2026-04-18 15:24:12.
0,40/111,11/19,Contraction_l_Alik_Bjlk_Cijk_Dijk,"(256,8192,1,1024)",Cijk_Alik_Bjlk_I8II_BH_MT128x64x16_SN_GLVWA8_GRVW16_K1_SU32_SUS256_TT8_4,NO_CHECK,567.689,7565.7,,1,8,32,1,1,1,1,58720256,8388608,,,,,,,,,,2026-04-18 15:24:12.
0,40/111,12/19,Contraction_l_Alik_Bjlk_Cijk_Dijk,"(256,8192,1,1024)",Cijk_Alik_Bjlk_I8II_BH_MT64x128x16_SN_GLVWA4_GRVW4_K1_SU0_SUS0_TT4_8,NO_CHECK,564.928,7602.68,,1,8,32,1,1,1,1,58720256,8388608,,,,,,,,,,2026-04-18 15:24:12.
0,40/111,13/19,Contraction_l_Alik_Bjlk_Cijk_Dijk,"(256,8192,1,1024)",Cijk_Alik_Bjlk_I8II_BH_MT64x128x16_SN_GLVWA4_GRVW4_K1_SU32_SUS256_TT4_8,NO_CHECK,598.608,7174.92,,1,8,32,1,1,1,1,58720256,8388608,,,,,,,,,,2026-04-18 15:24:12.
0,40/111,14/19,Contraction_l_Alik_Bjlk_Cijk_Dijk,"(256,8192,1,1024)",Cijk_Alik_Bjlk_I8II_BH_MT64x64x32_SN_GLVWA4_GRVW4_K1_SU0_SUS0_TT4_4,NO_CHECK,709.01,6057.7,,1,16,32,1,1,1,1,75497472,8388608,,,,,,,,,,2026-04-18 15:24:12.
0,40/111,15/19,Contraction_l_Alik_Bjlk_Cijk_Dijk,"(256,8192,1,1024)",Cijk_Alik_Bjlk_I8II_BH_MT64x64x32_SN_GLVWA4_GRVW4_K1_SU32_SUS256_TT4_4,NO_CHECK,744.691,5767.45,,1,16,32,1,1,1,1,75497472,8388608,,,,,,,,,,2026-04-18 15:24:12.
0,40/111,16/19,Contraction_l_Alik_Bjlk_Cijk_Dijk,"(256,8192,1,1024)",Cijk_Alik_Bjlk_I8II_BH_MT128x64x32_SN_GLVWA4_GRVW4_K1_SU0_SUS0_TT8_4,NO_CHECK,700.49,6131.38,,1,8,32,1,1,1,1,58720256,8388608,,,,,,,,,,2026-04-18 15:24:12.
0,40/111,17/19,Contraction_l_Alik_Bjlk_Cijk_Dijk,"(256,8192,1,1024)",Cijk_Alik_Bjlk_I8II_BH_MT128x64x32_SN_GLVWA4_GRVW4_K1_SU32_SUS256_TT8_4,NO_CHECK,582.129,7378.03,,1,8,32,1,1,1,1,58720256,8388608,,,,,,,,,,2026-04-18 15:24:12.
0,40/111,18/19,Contraction_l_Alik_Bjlk_Cijk_Dijk,"(256,8192,1,1024)",Cijk_Alik_Bjlk_I8II_BH_MT64x128x32_SN_GLVWA4_GRVW4_K1_SU0_SUS0_TT4_8,NO_CHECK,569.848,7537.04,,1,8,32,1,1,1,1,58720256,8388608,,,,,,,,,,2026-04-18 15:24:12.
0,40/111,19/19,Contraction_l_Alik_Bjlk_Cijk_Dijk,"(256,8192,1,1024)",Cijk_Alik_Bjlk_I8II_BH_MT64x128x32_SN_GLVWA4_GRVW4_K1_SU32_SUS256_TT4_8,NO_CHECK,601.849,7136.29,,1,8,32,1,1,1,1,58720256,8388608,,,,,,,,,,2026-04-18 15:24:12.
0,41/111,0/19,Contraction_l_Alik_Bjlk_Cijk_Dijk,"(256,8192,1,4096)",Cijk_Alik_Bjlk_I8II_BH_MT64x64x16_SN_GLVWA4_GRVW4_K1_SU0_SUS0_TT4_4,NO_CHECK,2781.92,6175.54,,1,16,32,1,1,1,1,276824064,8388608,,,,,,,,,,2026-04-18 15:24:12.
0,41/111,1/19,Contraction_l_Alik_Bjlk_Cijk_Dijk,"(256,8192,1,4096)",Cijk_Alik_Bjlk_I8II_BH_MT64x64x16_SN_GLVWA4_GRVW8_K1_SU0_SUS0_TT4_4,NO_CHECK,2955.76,5812.33,,1,16,32,1,1,1,1,276824064,8388608,,,,,,,,,,2026-04-18 15:24:12.
0,41/111,2/19,Contraction_l_Alik_Bjlk_Cijk_Dijk,"(256,8192,1,4096)",Cijk_Alik_Bjlk_I8II_BH_MT64x64x16_SN_GLVWA4_GRVW16_K1_SU0_SUS0_TT4_4,NO_CHECK,2783.32,6172.44,,1,16,32,1,1,1,1,276824064,8388608,,,,,,,,,,2026-04-18 15:24:12.
0,41/111,3/19,Contraction_l_Alik_Bjlk_Cijk_Dijk,"(256,8192,1,4096)",Cijk_Alik_Bjlk_I8II_BH_MT64x64x16_SN_GLVWA4_GRVW4_K1_SU32_SUS256_TT4_4,NO_CHECK,2781.48,6176.52,,1,16,32,1,1,1,1,276824064,8388608,,,,,,,,,,2026-04-18 15:24:12.
0,41/111,4/19,Contraction_l_Alik_Bjlk_Cijk_Dijk,"(256,8192,1,4096)",Cijk_Alik_Bjlk_I8II_BH_MT64x64x16_SN_GLVWA4_GRVW8_K1_SU32_SUS256_TT4_4,NO_CHECK,2792.36,6152.45,,1,16,32,1,1,1,1,276824064,8388608,,,,,,,,,,2026-04-18 15:24:12.
0,41/111,5/19,Contraction_l_Alik_Bjlk_Cijk_Dijk,"(256,8192,1,4096)",Cijk_Alik_Bjlk_I8II_BH_MT64x64x16_SN_GLVWA4_GRVW16_K1_SU32_SUS256_TT4_4,NO_CHECK,2782.88,6173.41,,1,16,32,1,1,1,1,276824064,8388608,,,,,,,,,,2026-04-18 15:24:12.
0,41/111,6/19,Contraction_l_Alik_Bjlk_Cijk_Dijk,"(256,8192,1,4096)",Cijk_Alik_Bjlk_I8II_BH_MT128x64x16_SN_GLVWA4_GRVW4_K1_SU0_SUS0_TT8_4,NO_CHECK,2217.11,7748.76,,1,8,32,1,1,1,1,209715200,8388608,,,,,,,,,,2026-04-18 15:24:12.
0,41/111,7/19,Contraction_l_Alik_Bjlk_Cijk_Dijk,"(256,8192,1,4096)",Cijk_Alik_Bjlk_I8II_BH_MT128x64x16_SN_GLVWA8_GRVW8_K1_SU0_SUS0_TT8_4,NO_CHECK,2358.11,7285.42,,1,8,32,1,1,1,1,209715200,8388608,,,,,,,,,,2026-04-18 15:24:12.
0,41/111,8/19,Contraction_l_Alik_Bjlk_Cijk_Dijk,"(256,8192,1,4096)",Cijk_Alik_Bjlk_I8II_BH_MT128x64x16_SN_GLVWA8_GRVW16_K1_SU0_SUS0_TT8_4,NO_CHECK,2222.31,7730.63,,1,8,32,1,1,1,1,209715200,8388608,,,,,,,,,,2026-04-18 15:24:12.
0,41/111,9/19,Contraction_l_Alik_Bjlk_Cijk_Dijk,"(256,8192,1,4096)",Cijk_Alik_Bjlk_I8II_BH_MT128x64x16_SN_GLVWA4_GRVW4_K1_SU32_SUS256_TT8_4,NO_CHECK,2217.23,7748.34,,1,8,32,1,1,1,1,209715200,8388608,,,,,,,,,,2026-04-18 15:24:12.
0,41/111,10/19,Contraction_l_Alik_Bjlk_Cijk_Dijk,"(256,8192,1,4096)",Cijk_Alik_Bjlk_I8II_BH_MT128x64x16_SN_GLVWA8_GRVW8_K1_SU32_SUS256_TT8_4,NO_CHECK,2212.99,7763.18,,1,8,32,1,1,1,1,209715200,8388608,,,,,,,,,,2026-04-18 15:24:12.
0,41/111,11/19,Contraction_l_Alik_Bjlk_Cijk_Dijk,"(256,8192,1,4096)",Cijk_Alik_Bjlk_I8II_BH_MT128x64x16_SN_GLVWA8_GRVW16_K1_SU32_SUS256_TT8_4,NO_CHECK,2213.35,7761.92,,1,8,32,1,1,1,1,209715200,8388608,,,,,,,,,,2026-04-18 15:24:12.
0,41/111,12/19,Contraction_l_Alik_Bjlk_Cijk_Dijk,"(256,8192,1,4096)",Cijk_Alik_Bjlk_I8II_BH_MT64x128x16_SN_GLVWA4_GRVW4_K1_SU0_SUS0_TT4_8,NO_CHECK,2219.23,7741.35,,1,8,32,1,1,1,1,209715200,8388608,,,,,,,,,,2026-04-18 15:24:12.
0,41/111,13/19,Contraction_l_Alik_Bjlk_Cijk_Dijk,"(256,8192,1,4096)",Cijk_Alik_Bjlk_I8II_BH_MT64x128x16_SN_GLVWA4_GRVW4_K1_SU32_SUS256_TT4_8,NO_CHECK,2215.15,7755.61,,1,8,32,1,1,1,1,209715200,8388608,,,,,,,,,,2026-04-18 15:24:12.
0,41/111,14/19,Contraction_l_Alik_Bjlk_Cijk_Dijk,"(256,8192,1,4096)",Cijk_Alik_Bjlk_I8II_BH_MT64x64x32_SN_GLVWA4_GRVW4_K1_SU0_SUS0_TT4_4,NO_CHECK,2961.6,5800.87,,1,16,32,1,1,1,1,276824064,8388608,,,,,,,,,,2026-04-18 15:24:12.
0,41/111,15/19,Contraction_l_Alik_Bjlk_Cijk_Dijk,"(256,8192,1,4096)",Cijk_Alik_Bjlk_I8II_BH_MT64x64x32_SN_GLVWA4_GRVW4_K1_SU32_SUS256_TT4_4,NO_CHECK,2799.04,6137.77,,1,16,32,1,1,1,1,276824064,8388608,,,,,,,,,,2026-04-18 15:24:12.
0,41/111,16/19,Contraction_l_Alik_Bjlk_Cijk_Dijk,"(256,8192,1,4096)",Cijk_Alik_Bjlk_I8II_BH_MT128x64x32_SN_GLVWA4_GRVW4_K1_SU0_SUS0_TT8_4,NO_CHECK,2215.47,7754.49,,1,8,32,1,1,1,1,209715200,8388608,,,,,,,,,,2026-04-18 15:24:12.
0,41/111,17/19,Contraction_l_Alik_Bjlk_Cijk_Dijk,"(256,8192,1,4096)",Cijk_Alik_Bjlk_I8II_BH_MT128x64x32_SN_GLVWA4_GRVW4_K1_SU32_SUS256_TT8_4,NO_CHECK,2213.27,7762.2,,1,8,32,1,1,1,1,209715200,8388608,,,,,,,,,,2026-04-18 15:24:12.
0,41/111,18/19,Contraction_l_Alik_Bjlk_Cijk_Dijk,"(256,8192,1,4096)",Cijk_Alik_Bjlk_I8II_BH_MT64x128x32_SN_GLVWA4_GRVW4_K1_SU0_SUS0_TT4_8,NO_CHECK,2212.11,7766.27,,1,8,32,1,1,1,1,209715200,8388608,,,,,,,,,,2026-04-18 15:24:12.
0,41/111,19/19,Contraction_l_Alik_Bjlk_Cijk_Dijk,"(256,8192,1,4096)",Cijk_Alik_Bjlk_I8II_BH_MT64x128x32_SN_GLVWA4_GRVW4_K1_SU32_SUS256_TT4_8,NO_CHECK,2209.55,7775.27,,1,8,32,1,1,1,1,209715200,8388608,,,,,,,,,,2026-04-18 15:24:12.
0,42/111,0/19,Contraction_l_Alik_Bjlk_Cijk_Dijk,"(256,8192,1,8192)",Cijk_Alik_Bjlk_I8II_BH_MT64x64x16_SN_GLVWA4_GRVW4_K1_SU0_SUS0_TT4_4,NO_CHECK,5540.92,6201.09,,1,16,32,1,1,1,1,545259520,8388608,,,,,,,,,,2026-04-18 15:24:12.
0,42/111,1/19,Contraction_l_Alik_Bjlk_Cijk_Dijk,"(256,8192,1,8192)",Cijk_Alik_Bjlk_I8II_BH_MT64x64x16_SN_GLVWA4_GRVW8_K1_SU0_SUS0_TT4_4,NO_CHECK,5728.04,5998.51,,1,16,32,1,1,1,1,545259520,8388608,,,,,,,,,,2026-04-18 15:24:12.
0,42/111,2/19,Contraction_l_Alik_Bjlk_Cijk_Dijk,"(256,8192,1,8192)",Cijk_Alik_Bjlk_I8II_BH_MT64x64x16_SN_GLVWA4_GRVW16_K1_SU0_SUS0_TT4_4,NO_CHECK,5881.81,5841.7,,1,16,32,1,1,1,1,545259520,8388608,,,,,,,,,,2026-04-18 15:24:12.
0,42/111,3/19,Contraction_l_Alik_Bjlk_Cijk_Dijk,"(256,8192,1,8192)",Cijk_Alik_Bjlk_I8II_BH_MT64x64x16_SN_GLVWA4_GRVW4_K1_SU32_SUS256_TT4_4,NO_CHECK,6217.65,5526.16,,1,16,32,1,1,1,1,545259520,8388608,,,,,,,,,,2026-04-18 15:24:12.
0,42/111,4/19,Contraction_l_Alik_Bjlk_Cijk_Dijk,"(256,8192,1,8192)",Cijk_Alik_Bjlk_I8II_BH_MT64x64x16_SN_GLVWA4_GRVW8_K1_SU32_SUS256_TT4_4,NO_CHECK,5894.89,5828.74,,1,16,32,1,1,1,1,545259520,8388608,,,,,,,,,,2026-04-18 15:24:12.
0,42/111,5/19,Contraction_l_Alik_Bjlk_Cijk_Dijk,"(256,8192,1,8192)",Cijk_Alik_Bjlk_I8II_BH_MT64x64x16_SN_GLVWA4_GRVW16_K1_SU32_SUS256_TT4_4,NO_CHECK,5542.48,6199.34,,1,16,32,1,1,1,1,545259520,8388608,,,,,,,,,,2026-04-18 15:24:12.
0,42/111,6/19,Contraction_l_Alik_Bjlk_Cijk_Dijk,"(256,8192,1,8192)",Cijk_Alik_Bjlk_I8II_BH_MT128x64x16_SN_GLVWA4_GRVW4_K1_SU0_SUS0_TT8_4,NO_CHECK,4425.75,7763.61,,1,8,32,1,1,1,1,411041792,8388608,,,,,,,,,,2026-04-18 15:24:12.
0,42/111,7/19,Contraction_l_Alik_Bjlk_Cijk_Dijk,"(256,8192,1,8192)",Cijk_Alik_Bjlk_I8II_BH_MT128x64x16_SN_GLVWA8_GRVW8_K1_SU0_SUS0_TT8_4,NO_CHECK,4583.07,7497.1,,1,8,32,1,1,1,1,411041792,8388608,,,,,,,,,,2026-04-18 15:24:12.
0,42/111,8/19,Contraction_l_Alik_Bjlk_Cijk_Dijk,"(256,8192,1,8192)",Cijk_Alik_Bjlk_I8II_BH_MT128x64x16_SN_GLVWA8_GRVW16_K1_SU0_SUS0_TT8_4,NO_CHECK,4414.1,7784.08,,1,8,32,1,1,1,1,411041792,8388608,,,,,,,,,,2026-04-18 15:24:12.
0,42/111,9/19,Contraction_l_Alik_Bjlk_Cijk_Dijk,"(256,8192,1,8192)",Cijk_Alik_Bjlk_I8II_BH_MT128x64x16_SN_GLVWA4_GRVW4_K1_SU32_SUS256_TT8_4,NO_CHECK,4421.27,7771.47,,1,8,32,1,1,1,1,411041792,8388608,,,,,,,,,,2026-04-18 15:24:12.
0,42/111,10/19,Contraction_l_Alik_Bjlk_Cijk_Dijk,"(256,8192,1,8192)",Cijk_Alik_Bjlk_I8II_BH_MT128x64x16_SN_GLVWA8_GRVW8_K1_SU32_SUS256_TT8_4,NO_CHECK,4421.5,7771.05,,1,8,32,1,1,1,1,411041792,8388608,,,,,,,,,,2026-04-18 15:24:12.
0,42/111,11/19,Contraction_l_Alik_Bjlk_Cijk_Dijk,"(256,8192,1,8192)",Cijk_Alik_Bjlk_I8II_BH_MT128x64x16_SN_GLVWA8_GRVW16_K1_SU32_SUS256_TT8_4,NO_CHECK,4416.03,7780.69,,1,8,32,1,1,1,1,411041792,8388608,,,,,,,,,,2026-04-18 15:24:12.
0,42/111,12/19,Contraction_l_Alik_Bjlk_Cijk_Dijk,"(256,8192,1,8192)",Cijk_Alik_Bjlk_I8II_BH_MT64x128x16_SN_GLVWA4_GRVW4_K1_SU0_SUS0_TT4_8,NO_CHECK,4405.55,7799.2,,1,8,32,1,1,1,1,411041792,8388608,,,,,,,,,,2026-04-18 15:24:12.
0,42/111,13/19,Contraction_l_Alik_Bjlk_Cijk_Dijk,"(256,8192,1,8192)",Cijk_Alik_Bjlk_I8II_BH_MT64x128x16_SN_GLVWA4_GRVW4_K1_SU32_SUS256_TT4_8,NO_CHECK,4404.18,7801.61,,1,8,32,1,1,1,1,411041792,8388608,,,,,,,,,,2026-04-18 15:24:12.
0,42/111,14/19,Contraction_l_Alik_Bjlk_Cijk_Dijk,"(256,8192,1,8192)",Cijk_Alik_Bjlk_I8II_BH_MT64x64x32_SN_GLVWA4_GRVW4_K1_SU0_SUS0_TT4_4,NO_CHECK,5614.48,6119.84,,1,16,32,1,1,1,1,545259520,8388608,,,,,,,,,,2026-04-18 15:24:12.
0,42/111,15/19,Contraction_l_Alik_Bjlk_Cijk_Dijk,"(256,8192,1,8192)",Cijk_Alik_Bjlk_I8II_BH_MT64x64x32_SN_GLVWA4_GRVW4_K1_SU32_SUS256_TT4_4,NO_CHECK,5553.04,6187.55,,1,16,32,1,1,1,1,545259520,8388608,,,,,,,,,,2026-04-18 15:24:12.
0,42/111,16/19,Contraction_l_Alik_Bjlk_Cijk_Dijk,"(256,8192,1,8192)",Cijk_Alik_Bjlk_I8II_BH_MT128x64x32_SN_GLVWA4_GRVW4_K1_SU0_SUS0_TT8_4,NO_CHECK,4422.71,7768.94,,1,8,32,1,1,1,1,411041792,8388608,,,,,,,,,,2026-04-18 15:24:12.
0,42/111,17/19,Contraction_l_Alik_Bjlk_Cijk_Dijk,"(256,8192,1,8192)",Cijk_Alik_Bjlk_I8II_BH_MT128x64x32_SN_GLVWA4_GRVW4_K1_SU32_SUS256_TT8_4,NO_CHECK,4423.18,7768.1,,1,8,32,1,1,1,1,411041792,8388608,,,,,,,,,,2026-04-18 15:24:12.
0,42/111,18/19,Contraction_l_Alik_Bjlk_Cijk_Dijk,"(256,8192,1,8192)",Cijk_Alik_Bjlk_I8II_BH_MT64x128x32_SN_GLVWA4_GRVW4_K1_SU0_SUS0_TT4_8,NO_CHECK,4403.1,7803.53,,1,8,32,1,1,1,1,411041792,8388608,,,,,,,,,,2026-04-18 15:24:12.
0,42/111,19/19,Contraction_l_Alik_Bjlk_Cijk_Dijk,"(256,8192,1,8192)",Cijk_Alik_Bjlk_I8II_BH_MT64x128x32_SN_GLVWA4_GRVW4_K1_SU32_SUS256_TT4_8,NO_CHECK,4563.59,7529.11,,1,8,32,1,1,1,1,411041792,8388608,,,,,,,,,,2026-04-18 15:24:12.
0,43/111,0/19,Contraction_l_Alik_Bjlk_Cijk_Dijk,"(256,8192,1,14336)",Cijk_Alik_Bjlk_I8II_BH_MT64x64x16_SN_GLVWA4_GRVW4_K1_SU0_SUS0_TT4_4,NO_CHECK,9805.78,6132.05,,1,16,32,1,1,1,1,947912704,8388608,,,,,,,,,,2026-04-18 15:24:12.
0,43/111,1/19,Contraction_l_Alik_Bjlk_Cijk_Dijk,"(256,8192,1,14336)",Cijk_Alik_Bjlk_I8II_BH_MT64x64x16_SN_GLVWA4_GRVW8_K1_SU0_SUS0_TT4_4,NO_CHECK,10258.7,5861.32,,1,16,32,1,1,1,1,947912704,8388608,,,,,,,,,,2026-04-18 15:24:12.
0,43/111,2/19,Contraction_l_Alik_Bjlk_Cijk_Dijk,"(256,8192,1,14336)",Cijk_Alik_Bjlk_I8II_BH_MT64x64x16_SN_GLVWA4_GRVW16_K1_SU0_SUS0_TT4_4,NO_CHECK,11131.6,5401.68,,1,16,32,1,1,1,1,947912704,8388608,,,,,,,,,,2026-04-18 15:24:12.
0,43/111,3/19,Contraction_l_Alik_Bjlk_Cijk_Dijk,"(256,8192,1,14336)",Cijk_Alik_Bjlk_I8II_BH_MT64x64x16_SN_GLVWA4_GRVW4_K1_SU32_SUS256_TT4_4,NO_CHECK,9724.58,6183.25,,1,16,32,1,1,1,1,947912704,8388608,,,,,,,,,,2026-04-18 15:24:12.
0,43/111,4/19,Contraction_l_Alik_Bjlk_Cijk_Dijk,"(256,8192,1,14336)",Cijk_Alik_Bjlk_I8II_BH_MT64x64x16_SN_GLVWA4_GRVW8_K1_SU32_SUS256_TT4_4,NO_CHECK,10255,5863.44,,1,16,32,1,1,1,1,947912704,8388608,,,,,,,,,,2026-04-18 15:24:12.
0,43/111,5/19,Contraction_l_Alik_Bjlk_Cijk_Dijk,"(256,8192,1,14336)",Cijk_Alik_Bjlk_I8II_BH_MT64x64x16_SN_GLVWA4_GRVW16_K1_SU32_SUS256_TT4_4,NO_CHECK,9668.94,6218.83,,1,16,32,1,1,1,1,947912704,8388608,,,,,,,,,,2026-04-18 15:24:12.
0,43/111,6/19,Contraction_l_Alik_Bjlk_Cijk_Dijk,"(256,8192,1,14336)",Cijk_Alik_Bjlk_I8II_BH_MT128x64x16_SN_GLVWA4_GRVW4_K1_SU0_SUS0_TT8_4,NO_CHECK,7708.59,7800.33,,1,8,32,1,1,1,1,713031680,8388608,,,,,,,,,,2026-04-18 15:24:12.
0,43/111,7/19,Contraction_l_Alik_Bjlk_Cijk_Dijk,"(256,8192,1,14336)",Cijk_Alik_Bjlk_I8II_BH_MT128x64x16_SN_GLVWA8_GRVW8_K1_SU0_SUS0_TT8_4,NO_CHECK,7706.31,7802.63,,1,8,32,1,1,1,1,713031680,8388608,,,,,,,,,,2026-04-18 15:24:12.
0,43/111,8/19,Contraction_l_Alik_Bjlk_Cijk_Dijk,"(256,8192,1,14336)",Cijk_Alik_Bjlk_I8II_BH_MT128x64x16_SN_GLVWA8_GRVW16_K1_SU0_SUS0_TT8_4,NO_CHECK,7707.35,7801.58,,1,8,32,1,1,1,1,713031680,8388608,,,,,,,,,,2026-04-18 15:24:12.
0,43/111,9/19,Contraction_l_Alik_Bjlk_Cijk_Dijk,"(256,8192,1,14336)",Cijk_Alik_Bjlk_I8II_BH_MT128x64x16_SN_GLVWA4_GRVW4_K1_SU32_SUS256_TT8_4,NO_CHECK,7714.99,7793.85,,1,8,32,1,1,1,1,713031680,8388608,,,,,,,,,,2026-04-18 15:24:12.
0,43/111,10/19,Contraction_l_Alik_Bjlk_Cijk_Dijk,"(256,8192,1,14336)",Cijk_Alik_Bjlk_I8II_BH_MT128x64x16_SN_GLVWA8_GRVW8_K1_SU32_SUS256_TT8_4,NO_CHECK,7706.51,7802.43,,1,8,32,1,1,1,1,713031680,8388608,,,,,,,,,,2026-04-18 15:24:12.
0,43/111,11/19,Contraction_l_Alik_Bjlk_Cijk_Dijk,"(256,8192,1,14336)",Cijk_Alik_Bjlk_I8II_BH_MT128x64x16_SN_GLVWA8_GRVW16_K1_SU32_SUS256_TT8_4,NO_CHECK,7702.99,7806,,1,8,32,1,1,1,1,713031680,8388608,,,,,,,,,,2026-04-18 15:24:12.
0,43/111,12/19,Contraction_l_Alik_Bjlk_Cijk_Dijk,"(256,8192,1,14336)",Cijk_Alik_Bjlk_I8II_BH_MT64x128x16_SN_GLVWA4_GRVW4_K1_SU0_SUS0_TT4_8,NO_CHECK,7667.51,7842.12,,1,8,32,1,1,1,1,713031680,8388608,,,,,,,,,,2026-04-18 15:24:12.
0,43/111,13/19,Contraction_l_Alik_Bjlk_Cijk_Dijk,"(256,8192,1,14336)",Cijk_Alik_Bjlk_I8II_BH_MT64x128x16_SN_GLVWA4_GRVW4_K1_SU32_SUS256_TT4_8,NO_CHECK,7796.39,7712.48,,1,8,32,1,1,1,1,713031680,8388608,,,,,,,,,,2026-04-18 15:24:12.
0,43/111,14/19,Contraction_l_Alik_Bjlk_Cijk_Dijk,"(256,8192,1,14336)",Cijk_Alik_Bjlk_I8II_BH_MT64x64x32_SN_GLVWA4_GRVW4_K1_SU0_SUS0_TT4_4,NO_CHECK,10243.1,5870.27,,1,16,32,1,1,1,1,947912704,8388608,,,,,,,,,,2026-04-18 15:24:12.
0,43/111,15/19,Contraction_l_Alik_Bjlk_Cijk_Dijk,"(256,8192,1,14336)",Cijk_Alik_Bjlk_I8II_BH_MT64x64x32_SN_GLVWA4_GRVW4_K1_SU32_SUS256_TT4_4,NO_CHECK,10841.2,5546.41,,1,16,32,1,1,1,1,947912704,8388608,,,,,,,,,,2026-04-18 15:24:12.
0,43/111,16/19,Contraction_l_Alik_Bjlk_Cijk_Dijk,"(256,8192,1,14336)",Cijk_Alik_Bjlk_I8II_BH_MT128x64x32_SN_GLVWA4_GRVW4_K1_SU0_SUS0_TT8_4,NO_CHECK,7699.63,7809.4,,1,8,32,1,1,1,1,713031680,8388608,,,,,,,,,,2026-04-18 15:24:12.
0,43/111,17/19,Contraction_l_Alik_Bjlk_Cijk_Dijk,"(256,8192,1,14336)",Cijk_Alik_Bjlk_I8II_BH_MT128x64x32_SN_GLVWA4_GRVW4_K1_SU32_SUS256_TT8_4,NO_CHECK,7697.71,7811.35,,1,8,32,1,1,1,1,713031680,8388608,,,,,,,,,,2026-04-18 15:24:12.
0,43/111,18/19,Contraction_l_Alik_Bjlk_Cijk_Dijk,"(256,8192,1,14336)",Cijk_Alik_Bjlk_I8II_BH_MT64x128x32_SN_GLVWA4_GRVW4_K1_SU0_SUS0_TT4_8,NO_CHECK,7668.19,7841.42,,1,8,32,1,1,1,1,713031680,8388608,,,,,,,,,,2026-04-18 15:24:12.
0,43/111,19/19,Contraction_l_Alik_Bjlk_Cijk_Dijk,"(256,8192,1,14336)",Cijk_Alik_Bjlk_I8II_BH_MT64x128x32_SN_GLVWA4_GRVW4_K1_SU32_SUS256_TT4_8,NO_CHECK,7666.43,7843.22,,1,8,32,1,1,1,1,713031680,8388608,,,,,,,,,,2026-04-18 15:24:12.
0,44/111,0/19,Contraction_l_Alik_Bjlk_Cijk_Dijk,"(256,14336,1,1024)",Cijk_Alik_Bjlk_I8II_BH_MT64x64x16_SN_GLVWA4_GRVW4_K1_SU0_SUS0_TT4_4,NO_CHECK,1225.5,6133.17,,1,28,32,1,1,1,1,132120576,14680064,,,,,,,,,,2026-04-18 15:24:12.
0,44/111,1/19,Contraction_l_Alik_Bjlk_Cijk_Dijk,"(256,14336,1,1024)",Cijk_Alik_Bjlk_I8II_BH_MT64x64x16_SN_GLVWA4_GRVW8_K1_SU0_SUS0_TT4_4,NO_CHECK,1214.18,6190.36,,1,28,32,1,1,1,1,132120576,14680064,,,,,,,,,,2026-04-18 15:24:12.
0,44/111,2/19,Contraction_l_Alik_Bjlk_Cijk_Dijk,"(256,14336,1,1024)",Cijk_Alik_Bjlk_I8II_BH_MT64x64x16_SN_GLVWA4_GRVW16_K1_SU0_SUS0_TT4_4,NO_CHECK,1345.26,5587.17,,1,28,32,1,1,1,1,132120576,14680064,,,,,,,,,,2026-04-18 15:24:12.
0,44/111,3/19,Contraction_l_Alik_Bjlk_Cijk_Dijk,"(256,14336,1,1024)",Cijk_Alik_Bjlk_I8II_BH_MT64x64x16_SN_GLVWA4_GRVW4_K1_SU32_SUS256_TT4_4,NO_CHECK,1245.42,6035.07,,1,28,32,1,1,1,1,132120576,14680064,,,,,,,,,,2026-04-18 15:24:12.
0,44/111,4/19,Contraction_l_Alik_Bjlk_Cijk_Dijk,"(256,14336,1,1024)",Cijk_Alik_Bjlk_I8II_BH_MT64x64x16_SN_GLVWA4_GRVW8_K1_SU32_SUS256_TT4_4,NO_CHECK,1241.54,6053.94,,1,28,32,1,1,1,1,132120576,14680064,,,,,,,,,,2026-04-18 15:24:12.
0,44/111,5/19,Contraction_l_Alik_Bjlk_Cijk_Dijk,"(256,14336,1,1024)",Cijk_Alik_Bjlk_I8II_BH_MT64x64x16_SN_GLVWA4_GRVW16_K1_SU32_SUS256_TT4_4,NO_CHECK,1243.46,6044.59,,1,28,32,1,1,1,1,132120576,14680064,,,,,,,,,,2026-04-18 15:24:12.
0,44/111,6/19,Contraction_l_Alik_Bjlk_Cijk_Dijk,"(256,14336,1,1024)",Cijk_Alik_Bjlk_I8II_BH_MT128x64x16_SN_GLVWA4_GRVW4_K1_SU0_SUS0_TT8_4,NO_CHECK,973.535,7720.52,,1,14,32,1,1,1,1,102760448,14680064,,,,,,,,,,2026-04-18 15:24:12.
0,44/111,7/19,Contraction_l_Alik_Bjlk_Cijk_Dijk,"(256,14336,1,1024)",Cijk_Alik_Bjlk_I8II_BH_MT128x64x16_SN_GLVWA8_GRVW8_K1_SU0_SUS0_TT8_4,NO_CHECK,968.934,7757.18,,1,14,32,1,1,1,1,102760448,14680064,,,,,,,,,,2026-04-18 15:24:12.
0,44/111,8/19,Contraction_l_Alik_Bjlk_Cijk_Dijk,"(256,14336,1,1024)",Cijk_Alik_Bjlk_I8II_BH_MT128x64x16_SN_GLVWA8_GRVW16_K1_SU0_SUS0_TT8_4,NO_CHECK,1055.1,7123.7,,1,14,32,1,1,1,1,102760448,14680064,,,,,,,,,,2026-04-18 15:24:12.
0,44/111,9/19,Contraction_l_Alik_Bjlk_Cijk_Dijk,"(256,14336,1,1024)",Cijk_Alik_Bjlk_I8II_BH_MT128x64x16_SN_GLVWA4_GRVW4_K1_SU32_SUS256_TT8_4,NO_CHECK,980.894,7662.59,,1,14,32,1,1,1,1,102760448,14680064,,,,,,,,,,2026-04-18 15:24:12.
0,44/111,10/19,Contraction_l_Alik_Bjlk_Cijk_Dijk,"(256,14336,1,1024)",Cijk_Alik_Bjlk_I8II_BH_MT128x64x16_SN_GLVWA8_GRVW8_K1_SU32_SUS256_TT8_4,NO_CHECK,972.095,7731.95,,1,14,32,1,1,1,1,102760448,14680064,,,,,,,,,,2026-04-18 15:24:12.
0,44/111,11/19,Contraction_l_Alik_Bjlk_Cijk_Dijk,"(256,14336,1,1024)",Cijk_Alik_Bjlk_I8II_BH_MT128x64x16_SN_GLVWA8_GRVW16_K1_SU32_SUS256_TT8_4,NO_CHECK,970.414,7745.35,,1,14,32,1,1,1,1,102760448,14680064,,,,,,,,,,2026-04-18 15:24:12.
0,44/111,12/19,Contraction_l_Alik_Bjlk_Cijk_Dijk,"(256,14336,1,1024)",Cijk_Alik_Bjlk_I8II_BH_MT64x128x16_SN_GLVWA4_GRVW4_K1_SU0_SUS0_TT4_8,NO_CHECK,964.374,7793.86,,1,14,32,1,1,1,1,102760448,14680064,,,,,,,,,,2026-04-18 15:24:12.
0,44/111,13/19,Contraction_l_Alik_Bjlk_Cijk_Dijk,"(256,14336,1,1024)",Cijk_Alik_Bjlk_I8II_BH_MT64x128x16_SN_GLVWA4_GRVW4_K1_SU32_SUS256_TT4_8,NO_CHECK,991.575,7580.05,,1,14,32,1,1,1,1,102760448,14680064,,,,,,,,,,2026-04-18 15:24:12.
0,44/111,14/19,Contraction_l_Alik_Bjlk_Cijk_Dijk,"(256,14336,1,1024)",Cijk_Alik_Bjlk_I8II_BH_MT64x64x32_SN_GLVWA4_GRVW4_K1_SU0_SUS0_TT4_4,NO_CHECK,1218.54,6168.21,,1,28,32,1,1,1,1,132120576,14680064,,,,,,,,,,2026-04-18 15:24:12.
0,44/111,15/19,Contraction_l_Alik_Bjlk_Cijk_Dijk,"(256,14336,1,1024)",Cijk_Alik_Bjlk_I8II_BH_MT64x64x32_SN_GLVWA4_GRVW4_K1_SU32_SUS256_TT4_4,NO_CHECK,1363.7,5511.62,,1,28,32,1,1,1,1,132120576,14680064,,,,,,,,,,2026-04-18 15:24:12.
0,44/111,16/19,Contraction_l_Alik_Bjlk_Cijk_Dijk,"(256,14336,1,1024)",Cijk_Alik_Bjlk_I8II_BH_MT128x64x32_SN_GLVWA4_GRVW4_K1_SU0_SUS0_TT8_4,NO_CHECK,980.535,7665.4,,1,14,32,1,1,1,1,102760448,14680064,,,,,,,,,,2026-04-18 15:24:12.
0,44/111,17/19,Contraction_l_Alik_Bjlk_Cijk_Dijk,"(256,14336,1,1024)",Cijk_Alik_Bjlk_I8II_BH_MT128x64x32_SN_GLVWA4_GRVW4_K1_SU32_SUS256_TT8_4,NO_CHECK,970.734,7742.79,,1,14,32,1,1,1,1,102760448,14680064,,,,,,,,,,2026-04-18 15:24:12.
0,44/111,18/19,Contraction_l_Alik_Bjlk_Cijk_Dijk,"(256,14336,1,1024)",Cijk_Alik_Bjlk_I8II_BH_MT64x128x32_SN_GLVWA4_GRVW4_K1_SU0_SUS0_TT4_8,NO_CHECK,965.174,7787.4,,1,14,32,1,1,1,1,102760448,14680064,,,,,,,,,,2026-04-18 15:24:12.
0,44/111,19/19,Contraction_l_Alik_Bjlk_Cijk_Dijk,"(256,14336,1,1024)",Cijk_Alik_Bjlk_I8II_BH_MT64x128x32_SN_GLVWA4_GRVW4_K1_SU32_SUS256_TT4_8,NO_CHECK,991.615,7579.75,,1,14,32,1,1,1,1,102760448,14680064,,,,,,,,,,2026-04-18 15:24:12.
0,45/111,0/19,Contraction_l_Alik_Bjlk_Cijk_Dijk,"(256,14336,1,4096)",Cijk_Alik_Bjlk_I8II_BH_MT64x64x16_SN_GLVWA4_GRVW4_K1_SU0_SUS0_TT4_4,NO_CHECK,4824.23,6232.03,,1,28,32,1,1,1,1,484442112,14680064,,,,,,,,,,2026-04-18 15:24:12.
0,45/111,1/19,Contraction_l_Alik_Bjlk_Cijk_Dijk,"(256,14336,1,4096)",Cijk_Alik_Bjlk_I8II_BH_MT64x64x16_SN_GLVWA4_GRVW8_K1_SU0_SUS0_TT4_4,NO_CHECK,4832.99,6220.74,,1,28,32,1,1,1,1,484442112,14680064,,,,,,,,,,2026-04-18 15:24:12.
0,45/111,2/19,Contraction_l_Alik_Bjlk_Cijk_Dijk,"(256,14336,1,4096)",Cijk_Alik_Bjlk_I8II_BH_MT64x64x16_SN_GLVWA4_GRVW16_K1_SU0_SUS0_TT4_4,NO_CHECK,4835.51,6217.49,,1,28,32,1,1,1,1,484442112,14680064,,,,,,,,,,2026-04-18 15:24:12.
0,45/111,3/19,Contraction_l_Alik_Bjlk_Cijk_Dijk,"(256,14336,1,4096)",Cijk_Alik_Bjlk_I8II_BH_MT64x64x16_SN_GLVWA4_GRVW4_K1_SU32_SUS256_TT4_4,NO_CHECK,4819.23,6238.5,,1,28,32,1,1,1,1,484442112,14680064,,,,,,,,,,2026-04-18 15:24:12.
0,45/111,4/19,Contraction_l_Alik_Bjlk_Cijk_Dijk,"(256,14336,1,4096)",Cijk_Alik_Bjlk_I8II_BH_MT64x64x16_SN_GLVWA4_GRVW8_K1_SU32_SUS256_TT4_4,NO_CHECK,4825.11,6230.9,,1,28,32,1,1,1,1,484442112,14680064,,,,,,,,,,2026-04-18 15:24:12.
0,45/111,5/19,Contraction_l_Alik_Bjlk_Cijk_Dijk,"(256,14336,1,4096)",Cijk_Alik_Bjlk_I8II_BH_MT64x64x16_SN_GLVWA4_GRVW16_K1_SU32_SUS256_TT4_4,NO_CHECK,4990.87,6023.95,,1,28,32,1,1,1,1,484442112,14680064,,,,,,,,,,2026-04-18 15:24:12.
0,45/111,6/19,Contraction_l_Alik_Bjlk_Cijk_Dijk,"(256,14336,1,4096)",Cijk_Alik_Bjlk_I8II_BH_MT128x64x16_SN_GLVWA4_GRVW4_K1_SU0_SUS0_TT8_4,NO_CHECK,3853.94,7801.05,,1,14,32,1,1,1,1,367001600,14680064,,,,,,,,,,2026-04-18 15:24:12.
0,45/111,7/19,Contraction_l_Alik_Bjlk_Cijk_Dijk,"(256,14336,1,4096)",Cijk_Alik_Bjlk_I8II_BH_MT128x64x16_SN_GLVWA8_GRVW8_K1_SU0_SUS0_TT8_4,NO_CHECK,3844.38,7820.45,,1,14,32,1,1,1,1,367001600,14680064,,,,,,,,,,2026-04-18 15:24:12.
0,45/111,8/19,Contraction_l_Alik_Bjlk_Cijk_Dijk,"(256,14336,1,4096)",Cijk_Alik_Bjlk_I8II_BH_MT128x64x16_SN_GLVWA8_GRVW16_K1_SU0_SUS0_TT8_4,NO_CHECK,3851.14,7806.73,,1,14,32,1,1,1,1,367001600,14680064,,,,,,,,,,2026-04-18 15:24:12.
0,45/111,9/19,Contraction_l_Alik_Bjlk_Cijk_Dijk,"(256,14336,1,4096)",Cijk_Alik_Bjlk_I8II_BH_MT128x64x16_SN_GLVWA4_GRVW4_K1_SU32_SUS256_TT8_4,NO_CHECK,3847.5,7814.11,,1,14,32,1,1,1,1,367001600,14680064,,,,,,,,,,2026-04-18 15:24:12.
0,45/111,10/19,Contraction_l_Alik_Bjlk_Cijk_Dijk,"(256,14336,1,4096)",Cijk_Alik_Bjlk_I8II_BH_MT128x64x16_SN_GLVWA8_GRVW8_K1_SU32_SUS256_TT8_4,NO_CHECK,3851.98,7805.03,,1,14,32,1,1,1,1,367001600,14680064,,,,,,,,,,2026-04-18 15:24:12.
0,45/111,11/19,Contraction_l_Alik_Bjlk_Cijk_Dijk,"(256,14336,1,4096)",Cijk_Alik_Bjlk_I8II_BH_MT128x64x16_SN_GLVWA8_GRVW16_K1_SU32_SUS256_TT8_4,NO_CHECK,3843.38,7822.49,,1,14,32,1,1,1,1,367001600,14680064,,,,,,,,,,2026-04-18 15:24:12.
0,45/111,12/19,Contraction_l_Alik_Bjlk_Cijk_Dijk,"(256,14336,1,4096)",Cijk_Alik_Bjlk_I8II_BH_MT64x128x16_SN_GLVWA4_GRVW4_K1_SU0_SUS0_TT4_8,NO_CHECK,3835.02,7839.54,,1,14,32,1,1,1,1,367001600,14680064,,,,,,,,,,2026-04-18 15:24:12.
0,45/111,13/19,Contraction_l_Alik_Bjlk_Cijk_Dijk,"(256,14336,1,4096)",Cijk_Alik_Bjlk_I8II_BH_MT64x128x16_SN_GLVWA4_GRVW4_K1_SU32_SUS256_TT4_8,NO_CHECK,3828.22,7853.47,,1,14,32,1,1,1,1,367001600,14680064,,,,,,,,,,2026-04-18 15:24:12.
0,45/111,14/19,Contraction_l_Alik_Bjlk_Cijk_Dijk,"(256,14336,1,4096)",Cijk_Alik_Bjlk_I8II_BH_MT64x64x32_SN_GLVWA4_GRVW4_K1_SU0_SUS0_TT4_4,NO_CHECK,4835.39,6217.65,,1,28,32,1,1,1,1,484442112,14680064,,,,,,,,,,2026-04-18 15:24:12.
0,45/111,15/19,Contraction_l_Alik_Bjlk_Cijk_Dijk,"(256,14336,1,4096)",Cijk_Alik_Bjlk_I8II_BH_MT64x64x32_SN_GLVWA4_GRVW4_K1_SU32_SUS256_TT4_4,NO_CHECK,4998.27,6015.03,,1,28,32,1,1,1,1,484442112,14680064,,,,,,,,,,2026-04-18 15:24:12.
0,45/111,16/19,Contraction_l_Alik_Bjlk_Cijk_Dijk,"(256,14336,1,4096)",Cijk_Alik_Bjlk_I8II_BH_MT128x64x32_SN_GLVWA4_GRVW4_K1_SU0_SUS0_TT8_4,NO_CHECK,3841.02,7827.3,,1,14,32,1,1,1,1,367001600,14680064,,,,,,,,,,2026-04-18 15:24:12.
0,45/111,17/19,Contraction_l_Alik_Bjlk_Cijk_Dijk,"(256,14336,1,4096)",Cijk_Alik_Bjlk_I8II_BH_MT128x64x32_SN_GLVWA4_GRVW4_K1_SU32_SUS256_TT8_4,NO_CHECK,4383.58,6858.49,,1,14,32,1,1,1,1,367001600,14680064,,,,,,,,,,2026-04-18 15:24:12.
0,45/111,18/19,Contraction_l_Alik_Bjlk_Cijk_Dijk,"(256,14336,1,4096)",Cijk_Alik_Bjlk_I8II_BH_MT64x128x32_SN_GLVWA4_GRVW4_K1_SU0_SUS0_TT4_8,NO_CHECK,3825.9,7858.23,,1,14,32,1,1,1,1,367001600,14680064,,,,,,,,,,2026-04-18 15:24:12.
0,45/111,19/19,Contraction_l_Alik_Bjlk_Cijk_Dijk,"(256,14336,1,4096)",Cijk_Alik_Bjlk_I8II_BH_MT64x128x32_SN_GLVWA4_GRVW4_K1_SU32_SUS256_TT4_8,NO_CHECK,4359.18,6896.88,,1,14,32,1,1,1,1,367001600,14680064,,,,,,,,,,2026-04-18 15:24:12.
0,46/111,0/19,Contraction_l_Alik_Bjlk_Cijk_Dijk,"(256,14336,1,8192)",Cijk_Alik_Bjlk_I8II_BH_MT64x64x16_SN_GLVWA4_GRVW4_K1_SU0_SUS0_TT4_4,NO_CHECK,9969.47,6031.37,,1,28,32,1,1,1,1,954204160,14680064,,,,,,,,,,2026-04-18 15:24:12.
0,46/111,1/19,Contraction_l_Alik_Bjlk_Cijk_Dijk,"(256,14336,1,8192)",Cijk_Alik_Bjlk_I8II_BH_MT64x64x16_SN_GLVWA4_GRVW8_K1_SU0_SUS0_TT4_4,NO_CHECK,9904.19,6071.12,,1,28,32,1,1,1,1,954204160,14680064,,,,,,,,,,2026-04-18 15:24:12.
0,46/111,2/19,Contraction_l_Alik_Bjlk_Cijk_Dijk,"(256,14336,1,8192)",Cijk_Alik_Bjlk_I8II_BH_MT64x64x16_SN_GLVWA4_GRVW16_K1_SU0_SUS0_TT4_4,NO_CHECK,9993.75,6016.72,,1,28,32,1,1,1,1,954204160,14680064,,,,,,,,,,2026-04-18 15:24:12.
0,46/111,3/19,Contraction_l_Alik_Bjlk_Cijk_Dijk,"(256,14336,1,8192)",Cijk_Alik_Bjlk_I8II_BH_MT64x64x16_SN_GLVWA4_GRVW4_K1_SU32_SUS256_TT4_4,NO_CHECK,9625.22,6247.08,,1,28,32,1,1,1,1,954204160,14680064,,,,,,,,,,2026-04-18 15:24:12.
0,46/111,4/19,Contraction_l_Alik_Bjlk_Cijk_Dijk,"(256,14336,1,8192)",Cijk_Alik_Bjlk_I8II_BH_MT64x64x16_SN_GLVWA4_GRVW8_K1_SU32_SUS256_TT4_4,NO_CHECK,10300.7,5837.42,,1,28,32,1,1,1,1,954204160,14680064,,,,,,,,,,2026-04-18 15:24:12.
0,46/111,5/19,Contraction_l_Alik_Bjlk_Cijk_Dijk,"(256,14336,1,8192)",Cijk_Alik_Bjlk_I8II_BH_MT64x64x16_SN_GLVWA4_GRVW16_K1_SU32_SUS256_TT4_4,NO_CHECK,9626.18,6246.46,,1,28,32,1,1,1,1,954204160,14680064,,,,,,,,,,2026-04-18 15:24:12.
0,46/111,6/19,Contraction_l_Alik_Bjlk_Cijk_Dijk,"(256,14336,1,8192)",Cijk_Alik_Bjlk_I8II_BH_MT128x64x16_SN_GLVWA4_GRVW4_K1_SU0_SUS0_TT8_4,NO_CHECK,7676.07,7833.37,,1,14,32,1,1,1,1,719323136,14680064,,,,,,,,,,2026-04-18 15:24:12.
0,46/111,7/19,Contraction_l_Alik_Bjlk_Cijk_Dijk,"(256,14336,1,8192)",Cijk_Alik_Bjlk_I8II_BH_MT128x64x16_SN_GLVWA8_GRVW8_K1_SU0_SUS0_TT8_4,NO_CHECK,8199.48,7333.34,,1,14,32,1,1,1,1,719323136,14680064,,,,,,,,,,2026-04-18 15:24:12.
0,46/111,8/19,Contraction_l_Alik_Bjlk_Cijk_Dijk,"(256,14336,1,8192)",Cijk_Alik_Bjlk_I8II_BH_MT128x64x16_SN_GLVWA8_GRVW16_K1_SU0_SUS0_TT8_4,NO_CHECK,7675.47,7833.98,,1,14,32,1,1,1,1,719323136,14680064,,,,,,,,,,2026-04-18 15:24:12.
0,46/111,9/19,Contraction_l_Alik_Bjlk_Cijk_Dijk,"(256,14336,1,8192)",Cijk_Alik_Bjlk_I8II_BH_MT128x64x16_SN_GLVWA4_GRVW4_K1_SU32_SUS256_TT8_4,NO_CHECK,8206.12,7327.4,,1,14,32,1,1,1,1,719323136,14680064,,,,,,,,,,2026-04-18 15:24:12.
0,46/111,10/19,Contraction_l_Alik_Bjlk_Cijk_Dijk,"(256,14336,1,8192)",Cijk_Alik_Bjlk_I8II_BH_MT128x64x16_SN_GLVWA8_GRVW8_K1_SU32_SUS256_TT8_4,NO_CHECK,8296.4,7247.66,,1,14,32,1,1,1,1,719323136,14680064,,,,,,,,,,2026-04-18 15:24:12.
0,46/111,11/19,Contraction_l_Alik_Bjlk_Cijk_Dijk,"(256,14336,1,8192)",Cijk_Alik_Bjlk_I8II_BH_MT128x64x16_SN_GLVWA8_GRVW16_K1_SU32_SUS256_TT8_4,NO_CHECK,8208.2,7325.54,,1,14,32,1,1,1,1,719323136,14680064,,,,,,,,,,2026-04-18 15:24:12.
0,46/111,12/19,Contraction_l_Alik_Bjlk_Cijk_Dijk,"(256,14336,1,8192)",Cijk_Alik_Bjlk_I8II_BH_MT64x128x16_SN_GLVWA4_GRVW4_K1_SU0_SUS0_TT4_8,NO_CHECK,8459.4,7108.01,,1,14,32,1,1,1,1,719323136,14680064,,,,,,,,,,2026-04-18 15:24:12.
0,46/111,13/19,Contraction_l_Alik_Bjlk_Cijk_Dijk,"(256,14336,1,8192)",Cijk_Alik_Bjlk_I8II_BH_MT64x128x16_SN_GLVWA4_GRVW4_K1_SU32_SUS256_TT4_8,NO_CHECK,8178.64,7352.02,,1,14,32,1,1,1,1,719323136,14680064,,,,,,,,,,2026-04-18 15:24:12.
0,46/111,14/19,Contraction_l_Alik_Bjlk_Cijk_Dijk,"(256,14336,1,8192)",Cijk_Alik_Bjlk_I8II_BH_MT64x64x32_SN_GLVWA4_GRVW4_K1_SU0_SUS0_TT4_4,NO_CHECK,9635.42,6240.47,,1,28,32,1,1,1,1,954204160,14680064,,,,,,,,,,2026-04-18 15:24:12.
0,46/111,15/19,Contraction_l_Alik_Bjlk_Cijk_Dijk,"(256,14336,1,8192)",Cijk_Alik_Bjlk_I8II_BH_MT64x64x32_SN_GLVWA4_GRVW4_K1_SU32_SUS256_TT4_4,NO_CHECK,9636.98,6239.46,,1,28,32,1,1,1,1,954204160,14680064,,,,,,,,,,2026-04-18 15:24:12.
0,46/111,16/19,Contraction_l_Alik_Bjlk_Cijk_Dijk,"(256,14336,1,8192)",Cijk_Alik_Bjlk_I8II_BH_MT128x64x32_SN_GLVWA4_GRVW4_K1_SU0_SUS0_TT8_4,NO_CHECK,7815.68,7693.45,,1,14,32,1,1,1,1,719323136,14680064,,,,,,,,,,2026-04-18 15:24:12.
0,46/111,17/19,Contraction_l_Alik_Bjlk_Cijk_Dijk,"(256,14336,1,8192)",Cijk_Alik_Bjlk_I8II_BH_MT128x64x32_SN_GLVWA4_GRVW4_K1_SU32_SUS256_TT8_4,NO_CHECK,7677.55,7831.86,,1,14,32,1,1,1,1,719323136,14680064,,,,,,,,,,2026-04-18 15:24:12.
0,46/111,18/19,Contraction_l_Alik_Bjlk_Cijk_Dijk,"(256,14336,1,8192)",Cijk_Alik_Bjlk_I8II_BH_MT64x128x32_SN_GLVWA4_GRVW4_K1_SU0_SUS0_TT4_8,NO_CHECK,7776.35,7732.36,,1,14,32,1,1,1,1,719323136,14680064,,,,,,,,,,2026-04-18 15:24:12.
0,46/111,19/19,Contraction_l_Alik_Bjlk_Cijk_Dijk,"(256,14336,1,8192)",Cijk_Alik_Bjlk_I8II_BH_MT64x128x32_SN_GLVWA4_GRVW4_K1_SU32_SUS256_TT4_8,NO_CHECK,8208.48,7325.29,,1,14,32,1,1,1,1,719323136,14680064,,,,,,,,,,2026-04-18 15:24:12.
0,47/111,0/19,Contraction_l_Alik_Bjlk_Cijk_Dijk,"(256,14336,1,14336)",Cijk_Alik_Bjlk_I8II_BH_MT64x64x16_SN_GLVWA4_GRVW4_K1_SU0_SUS0_TT4_4,NO_CHECK,16844,6247.14,,1,28,32,1,1,1,1,1658847232,14680064,,,,,,,,,,2026-04-18 15:24:12.
0,47/111,1/19,Contraction_l_Alik_Bjlk_Cijk_Dijk,"(256,14336,1,14336)",Cijk_Alik_Bjlk_I8II_BH_MT64x64x16_SN_GLVWA4_GRVW8_K1_SU0_SUS0_TT4_4,NO_CHECK,16851.4,6244.4,,1,28,32,1,1,1,1,1658847232,14680064,,,,,,,,,,2026-04-18 15:24:12.
0,47/111,2/19,Contraction_l_Alik_Bjlk_Cijk_Dijk,"(256,14336,1,14336)",Cijk_Alik_Bjlk_I8II_BH_MT64x64x16_SN_GLVWA4_GRVW16_K1_SU0_SUS0_TT4_4,NO_CHECK,16842,6247.89,,1,28,32,1,1,1,1,1658847232,14680064,,,,,,,,,,2026-04-18 15:24:12.
0,47/111,3/19,Contraction_l_Alik_Bjlk_Cijk_Dijk,"(256,14336,1,14336)",Cijk_Alik_Bjlk_I8II_BH_MT64x64x16_SN_GLVWA4_GRVW4_K1_SU32_SUS256_TT4_4,NO_CHECK,16845,6246.77,,1,28,32,1,1,1,1,1658847232,14680064,,,,,,,,,,2026-04-18 15:24:12.
0,47/111,4/19,Contraction_l_Alik_Bjlk_Cijk_Dijk,"(256,14336,1,14336)",Cijk_Alik_Bjlk_I8II_BH_MT64x64x16_SN_GLVWA4_GRVW8_K1_SU32_SUS256_TT4_4,NO_CHECK,16848,6245.65,,1,28,32,1,1,1,1,1658847232,14680064,,,,,,,,,,2026-04-18 15:24:12.
0,47/111,5/19,Contraction_l_Alik_Bjlk_Cijk_Dijk,"(256,14336,1,14336)",Cijk_Alik_Bjlk_I8II_BH_MT64x64x16_SN_GLVWA4_GRVW16_K1_SU32_SUS256_TT4_4,NO_CHECK,16838.2,6249.27,,1,28,32,1,1,1,1,1658847232,14680064,,,,,,,,,,2026-04-18 15:24:12.
0,47/111,6/19,Contraction_l_Alik_Bjlk_Cijk_Dijk,"(256,14336,1,14336)",Cijk_Alik_Bjlk_I8II_BH_MT128x64x16_SN_GLVWA4_GRVW4_K1_SU0_SUS0_TT8_4,NO_CHECK,13488.3,7801.32,,1,14,32,1,1,1,1,1247805440,14680064,,,,,,,,,,2026-04-18 15:24:12.
0,47/111,7/19,Contraction_l_Alik_Bjlk_Cijk_Dijk,"(256,14336,1,14336)",Cijk_Alik_Bjlk_I8II_BH_MT128x64x16_SN_GLVWA8_GRVW8_K1_SU0_SUS0_TT8_4,NO_CHECK,14326.6,7344.86,,1,14,32,1,1,1,1,1247805440,14680064,,,,,,,,,,2026-04-18 15:24:12.
0,47/111,8/19,Contraction_l_Alik_Bjlk_Cijk_Dijk,"(256,14336,1,14336)",Cijk_Alik_Bjlk_I8II_BH_MT128x64x16_SN_GLVWA8_GRVW16_K1_SU0_SUS0_TT8_4,NO_CHECK,14337,7339.51,,1,14,32,1,1,1,1,1247805440,14680064,,,,,,,,,,2026-04-18 15:24:12.
0,47/111,9/19,Contraction_l_Alik_Bjlk_Cijk_Dijk,"(256,14336,1,14336)",Cijk_Alik_Bjlk_I8II_BH_MT128x64x16_SN_GLVWA4_GRVW4_K1_SU32_SUS256_TT8_4,NO_CHECK,14362.3,7326.62,,1,14,32,1,1,1,1,1247805440,14680064,,,,,,,,,,2026-04-18 15:24:12.
0,47/111,10/19,Contraction_l_Alik_Bjlk_Cijk_Dijk,"(256,14336,1,14336)",Cijk_Alik_Bjlk_I8II_BH_MT128x64x16_SN_GLVWA8_GRVW8_K1_SU32_SUS256_TT8_4,NO_CHECK,14326.7,7344.82,,1,14,32,1,1,1,1,1247805440,14680064,,,,,,,,,,2026-04-18 15:24:12.
0,47/111,11/19,Contraction_l_Alik_Bjlk_Cijk_Dijk,"(256,14336,1,14336)",Cijk_Alik_Bjlk_I8II_BH_MT128x64x16_SN_GLVWA8_GRVW16_K1_SU32_SUS256_TT8_4,NO_CHECK,14320.3,7348.08,,1,14,32,1,1,1,1,1247805440,14680064,,,,,,,,,,2026-04-18 15:24:12.
0,47/111,12/19,Contraction_l_Alik_Bjlk_Cijk_Dijk,"(256,14336,1,14336)",Cijk_Alik_Bjlk_I8II_BH_MT64x128x16_SN_GLVWA4_GRVW4_K1_SU0_SUS0_TT4_8,NO_CHECK,13354.4,7879.58,,1,14,32,1,1,1,1,1247805440,14680064,,,,,,,,,,2026-04-18 15:24:13.
0,47/111,13/19,Contraction_l_Alik_Bjlk_Cijk_Dijk,"(256,14336,1,14336)",Cijk_Alik_Bjlk_I8II_BH_MT64x128x16_SN_GLVWA4_GRVW4_K1_SU32_SUS256_TT4_8,NO_CHECK,14274.4,7371.72,,1,14,32,1,1,1,1,1247805440,14680064,,,,,,,,,,2026-04-18 15:24:13.
0,47/111,14/19,Contraction_l_Alik_Bjlk_Cijk_Dijk,"(256,14336,1,14336)",Cijk_Alik_Bjlk_I8II_BH_MT64x64x32_SN_GLVWA4_GRVW4_K1_SU0_SUS0_TT4_4,NO_CHECK,16843.4,6247.35,,1,28,32,1,1,1,1,1658847232,14680064,,,,,,,,,,2026-04-18 15:24:13.
0,47/111,15/19,Contraction_l_Alik_Bjlk_Cijk_Dijk,"(256,14336,1,14336)",Cijk_Alik_Bjlk_I8II_BH_MT64x64x32_SN_GLVWA4_GRVW4_K1_SU32_SUS256_TT4_4,NO_CHECK,16859.8,6241.29,,1,28,32,1,1,1,1,1658847232,14680064,,,,,,,,,,2026-04-18 15:24:13.
0,47/111,16/19,Contraction_l_Alik_Bjlk_Cijk_Dijk,"(256,14336,1,14336)",Cijk_Alik_Bjlk_I8II_BH_MT128x64x32_SN_GLVWA4_GRVW4_K1_SU0_SUS0_TT8_4,NO_CHECK,14422.7,7295.93,,1,14,32,1,1,1,1,1247805440,14680064,,,,,,,,,,2026-04-18 15:24:13.
0,47/111,17/19,Contraction_l_Alik_Bjlk_Cijk_Dijk,"(256,14336,1,14336)",Cijk_Alik_Bjlk_I8II_BH_MT128x64x32_SN_GLVWA4_GRVW4_K1_SU32_SUS256_TT8_4,NO_CHECK,14538.2,7237.94,,1,14,32,1,1,1,1,1247805440,14680064,,,,,,,,,,2026-04-18 15:24:13.
0,47/111,18/19,Contraction_l_Alik_Bjlk_Cijk_Dijk,"(256,14336,1,14336)",Cijk_Alik_Bjlk_I8II_BH_MT64x128x32_SN_GLVWA4_GRVW4_K1_SU0_SUS0_TT4_8,NO_CHECK,14272.9,7372.47,,1,14,32,1,1,1,1,1247805440,14680064,,,,,,,,,,2026-04-18 15:24:13.
0,47/111,19/19,Contraction_l_Alik_Bjlk_Cijk_Dijk,"(256,14336,1,14336)",Cijk_Alik_Bjlk_I8II_BH_MT64x128x32_SN_GLVWA4_GRVW4_K1_SU32_SUS256_TT4_8,NO_CHECK,14275.3,7371.25,,1,14,32,1,1,1,1,1247805440,14680064,,,,,,,,,,2026-04-18 15:24:13.
0,48/111,0/19,Contraction_l_Alik_Bjlk_Cijk_Dijk,"(1024,1024,1,1024)",Cijk_Alik_Bjlk_I8II_BH_MT64x64x16_SN_GLVWA4_GRVW4_K1_SU0_SUS0_TT4_4,NO_CHECK,369.445,5812.73,,1,8,32,1,1,1,1,37748736,4194304,,,,,,,,,,2026-04-18 15:24:13.
0,48/111,1/19,Contraction_l_Alik_Bjlk_Cijk_Dijk,"(1024,1024,1,1024)",Cijk_Alik_Bjlk_I8II_BH_MT64x64x16_SN_GLVWA4_GRVW8_K1_SU0_SUS0_TT4_4,NO_CHECK,360.725,5953.24,,1,8,32,1,1,1,1,37748736,4194304,,,,,,,,,,2026-04-18 15:24:13.
0,48/111,2/19,Contraction_l_Alik_Bjlk_Cijk_Dijk,"(1024,1024,1,1024)",Cijk_Alik_Bjlk_I8II_BH_MT64x64x16_SN_GLVWA4_GRVW16_K1_SU0_SUS0_TT4_4,NO_CHECK,360.926,5949.93,,1,8,32,1,1,1,1,37748736,4194304,,,,,,,,,,2026-04-18 15:24:13.
0,48/111,3/19,Contraction_l_Alik_Bjlk_Cijk_Dijk,"(1024,1024,1,1024)",Cijk_Alik_Bjlk_I8II_BH_MT64x64x16_SN_GLVWA4_GRVW4_K1_SU32_SUS256_TT4_4,NO_CHECK,401.046,5354.71,,1,8,32,1,1,1,1,37748736,4194304,,,,,,,,,,2026-04-18 15:24:13.
0,48/111,4/19,Contraction_l_Alik_Bjlk_Cijk_Dijk,"(1024,1024,1,1024)",Cijk_Alik_Bjlk_I8II_BH_MT64x64x16_SN_GLVWA4_GRVW8_K1_SU32_SUS256_TT4_4,NO_CHECK,361.125,5946.65,,1,8,32,1,1,1,1,37748736,4194304,,,,,,,,,,2026-04-18 15:24:13.
0,48/111,5/19,Contraction_l_Alik_Bjlk_Cijk_Dijk,"(1024,1024,1,1024)",Cijk_Alik_Bjlk_I8II_BH_MT64x64x16_SN_GLVWA4_GRVW16_K1_SU32_SUS256_TT4_4,NO_CHECK,360.925,5949.94,,1,8,32,1,1,1,1,37748736,4194304,,,,,,,,,,2026-04-18 15:24:13.
0,48/111,6/19,Contraction_l_Alik_Bjlk_Cijk_Dijk,"(1024,1024,1,1024)",Cijk_Alik_Bjlk_I8II_BH_MT128x64x16_SN_GLVWA4_GRVW4_K1_SU0_SUS0_TT8_4,NO_CHECK,324.685,6614.05,,1,4,32,1,1,1,1,29360128,4194304,,,,,,,,,,2026-04-18 15:24:13.
0,48/111,7/19,Contraction_l_Alik_Bjlk_Cijk_Dijk,"(1024,1024,1,1024)",Cijk_Alik_Bjlk_I8II_BH_MT128x64x16_SN_GLVWA8_GRVW8_K1_SU0_SUS0_TT8_4,NO_CHECK,322.804,6652.59,,1,4,32,1,1,1,1,29360128,4194304,,,,,,,,,,2026-04-18 15:24:13.
0,48/111,8/19,Contraction_l_Alik_Bjlk_Cijk_Dijk,"(1024,1024,1,1024)",Cijk_Alik_Bjlk_I8II_BH_MT128x64x16_SN_GLVWA8_GRVW16_K1_SU0_SUS0_TT8_4,NO_CHECK,322.965,6649.28,,1,4,32,1,1,1,1,29360128,4194304,,,,,,,,,,2026-04-18 15:24:13.
0,48/111,9/19,Contraction_l_Alik_Bjlk_Cijk_Dijk,"(1024,1024,1,1024)",Cijk_Alik_Bjlk_I8II_BH_MT128x64x16_SN_GLVWA4_GRVW4_K1_SU32_SUS256_TT8_4,NO_CHECK,453.647,4733.82,,1,4,32,1,1,1,1,29360128,4194304,,,,,,,,,,2026-04-18 15:24:13.
0,48/111,10/19,Contraction_l_Alik_Bjlk_Cijk_Dijk,"(1024,1024,1,1024)",Cijk_Alik_Bjlk_I8II_BH_MT128x64x16_SN_GLVWA8_GRVW8_K1_SU32_SUS256_TT8_4,NO_CHECK,370.766,5792.02,,1,4,32,1,1,1,1,29360128,4194304,,,,,,,,,,2026-04-18 15:24:13.
0,48/111,11/19,Contraction_l_Alik_Bjlk_Cijk_Dijk,"(1024,1024,1,1024)",Cijk_Alik_Bjlk_I8II_BH_MT128x64x16_SN_GLVWA8_GRVW16_K1_SU32_SUS256_TT8_4,NO_CHECK,367.806,5838.63,,1,4,32,1,1,1,1,29360128,4194304,,,,,,,,,,2026-04-18 15:24:13.
0,48/111,12/19,Contraction_l_Alik_Bjlk_Cijk_Dijk,"(1024,1024,1,1024)",Cijk_Alik_Bjlk_I8II_BH_MT64x128x16_SN_GLVWA4_GRVW4_K1_SU0_SUS0_TT4_8,NO_CHECK,315.884,6798.33,,1,4,32,1,1,1,1,29360128,4194304,,,,,,,,,,2026-04-18 15:24:13.
0,48/111,13/19,Contraction_l_Alik_Bjlk_Cijk_Dijk,"(1024,1024,1,1024)",Cijk_Alik_Bjlk_I8II_BH_MT64x128x16_SN_GLVWA4_GRVW4_K1_SU32_SUS256_TT4_8,NO_CHECK,358.446,5991.09,,1,4,32,1,1,1,1,29360128,4194304,,,,,,,,,,2026-04-18 15:24:13.
0,48/111,14/19,Contraction_l_Alik_Bjlk_Cijk_Dijk,"(1024,1024,1,1024)",Cijk_Alik_Bjlk_I8II_BH_MT64x64x32_SN_GLVWA4_GRVW4_K1_SU0_SUS0_TT4_4,NO_CHECK,360.965,5949.28,,1,8,32,1,1,1,1,37748736,4194304,,,,,,,,,,2026-04-18 15:24:13.
0,48/111,15/19,Contraction_l_Alik_Bjlk_Cijk_Dijk,"(1024,1024,1,1024)",Cijk_Alik_Bjlk_I8II_BH_MT64x64x32_SN_GLVWA4_GRVW4_K1_SU32_SUS256_TT4_4,NO_CHECK,362.525,5923.68,,1,8,32,1,1,1,1,37748736,4194304,,,,,,,,,,2026-04-18 15:24:13.
0,48/111,16/19,Contraction_l_Alik_Bjlk_Cijk_Dijk,"(1024,1024,1,1024)",Cijk_Alik_Bjlk_I8II_BH_MT128x64x32_SN_GLVWA4_GRVW4_K1_SU0_SUS0_TT8_4,NO_CHECK,338.245,6348.9,,1,4,32,1,1,1,1,29360128,4194304,,,,,,,,,,2026-04-18 15:24:13.
0,48/111,17/19,Contraction_l_Alik_Bjlk_Cijk_Dijk,"(1024,1024,1,1024)",Cijk_Alik_Bjlk_I8II_BH_MT128x64x32_SN_GLVWA4_GRVW4_K1_SU32_SUS256_TT8_4,NO_CHECK,361.165,5945.99,,1,4,32,1,1,1,1,29360128,4194304,,,,,,,,,,2026-04-18 15:24:13.
0,48/111,18/19,Contraction_l_Alik_Bjlk_Cijk_Dijk,"(1024,1024,1,1024)",Cijk_Alik_Bjlk_I8II_BH_MT64x128x32_SN_GLVWA4_GRVW4_K1_SU0_SUS0_TT4_8,NO_CHECK,322.325,6662.48,,1,4,32,1,1,1,1,29360128,4194304,,,,,,,,,,2026-04-18 15:24:13.
0,48/111,19/19,Contraction_l_Alik_Bjlk_Cijk_Dijk,"(1024,1024,1,1024)",Cijk_Alik_Bjlk_I8II_BH_MT64x128x32_SN_GLVWA4_GRVW4_K1_SU32_SUS256_TT4_8,NO_CHECK,312.485,6872.28,,1,4,32,1,1,1,1,29360128,4194304,,,,,,,,,,2026-04-18 15:24:13.
0,49/111,0/19,Contraction_l_Alik_Bjlk_Cijk_Dijk,"(1024,1024,1,4096)",Cijk_Alik_Bjlk_I8II_BH_MT64x64x16_SN_GLVWA4_GRVW4_K1_SU0_SUS0_TT4_4,NO_CHECK,1434.14,5989.6,,1,8,32,1,1,1,1,138412032,4194304,,,,,,,,,,2026-04-18 15:24:13.
0,49/111,1/19,Contraction_l_Alik_Bjlk_Cijk_Dijk,"(1024,1024,1,4096)",Cijk_Alik_Bjlk_I8II_BH_MT64x64x16_SN_GLVWA4_GRVW8_K1_SU0_SUS0_TT4_4,NO_CHECK,1437.34,5976.27,,1,8,32,1,1,1,1,138412032,4194304,,,,,,,,,,2026-04-18 15:24:13.
0,49/111,2/19,Contraction_l_Alik_Bjlk_Cijk_Dijk,"(1024,1024,1,4096)",Cijk_Alik_Bjlk_I8II_BH_MT64x64x16_SN_GLVWA4_GRVW16_K1_SU0_SUS0_TT4_4,NO_CHECK,1434.78,5986.93,,1,8,32,1,1,1,1,138412032,4194304,,,,,,,,,,2026-04-18 15:24:13.
0,49/111,3/19,Contraction_l_Alik_Bjlk_Cijk_Dijk,"(1024,1024,1,4096)",Cijk_Alik_Bjlk_I8II_BH_MT64x64x16_SN_GLVWA4_GRVW4_K1_SU32_SUS256_TT4_4,NO_CHECK,1405.94,6109.74,,1,8,32,1,1,1,1,138412032,4194304,,,,,,,,,,2026-04-18 15:24:13.
0,49/111,4/19,Contraction_l_Alik_Bjlk_Cijk_Dijk,"(1024,1024,1,4096)",Cijk_Alik_Bjlk_I8II_BH_MT64x64x16_SN_GLVWA4_GRVW8_K1_SU32_SUS256_TT4_4,NO_CHECK,1405.3,6112.53,,1,8,32,1,1,1,1,138412032,4194304,,,,,,,,,,2026-04-18 15:24:13.
0,49/111,5/19,Contraction_l_Alik_Bjlk_Cijk_Dijk,"(1024,1024,1,4096)",Cijk_Alik_Bjlk_I8II_BH_MT64x64x16_SN_GLVWA4_GRVW16_K1_SU32_SUS256_TT4_4,NO_CHECK,1405.54,6111.48,,1,8,32,1,1,1,1,138412032,4194304,,,,,,,,,,2026-04-18 15:24:13.
0,49/111,6/19,Contraction_l_Alik_Bjlk_Cijk_Dijk,"(1024,1024,1,4096)",Cijk_Alik_Bjlk_I8II_BH_MT128x64x16_SN_GLVWA4_GRVW4_K1_SU0_SUS0_TT8_4,NO_CHECK,1163.7,7381.59,,1,4,32,1,1,1,1,104857600,4194304,,,,,,,,,,2026-04-18 15:24:13.
0,49/111,7/19,Contraction_l_Alik_Bjlk_Cijk_Dijk,"(1024,1024,1,4096)",Cijk_Alik_Bjlk_I8II_BH_MT128x64x16_SN_GLVWA8_GRVW8_K1_SU0_SUS0_TT8_4,NO_CHECK,1339.34,6413.56,,1,4,32,1,1,1,1,104857600,4194304,,,,,,,,,,2026-04-18 15:24:13.
0,49/111,8/19,Contraction_l_Alik_Bjlk_Cijk_Dijk,"(1024,1024,1,4096)",Cijk_Alik_Bjlk_I8II_BH_MT128x64x16_SN_GLVWA8_GRVW16_K1_SU0_SUS0_TT8_4,NO_CHECK,1307.74,6568.54,,1,4,32,1,1,1,1,104857600,4194304,,,,,,,,,,2026-04-18 15:24:13.
0,49/111,9/19,Contraction_l_Alik_Bjlk_Cijk_Dijk,"(1024,1024,1,4096)",Cijk_Alik_Bjlk_I8II_BH_MT128x64x16_SN_GLVWA4_GRVW4_K1_SU32_SUS256_TT8_4,NO_CHECK,1139.78,7536.51,,1,4,32,1,1,1,1,104857600,4194304,,,,,,,,,,2026-04-18 15:24:13.
0,49/111,10/19,Contraction_l_Alik_Bjlk_Cijk_Dijk,"(1024,1024,1,4096)",Cijk_Alik_Bjlk_I8II_BH_MT128x64x16_SN_GLVWA8_GRVW8_K1_SU32_SUS256_TT8_4,NO_CHECK,1137.9,7548.96,,1,4,32,1,1,1,1,104857600,4194304,,,,,,,,,,2026-04-18 15:24:13.
0,49/111,11/19,Contraction_l_Alik_Bjlk_Cijk_Dijk,"(1024,1024,1,4096)",Cijk_Alik_Bjlk_I8II_BH_MT128x64x16_SN_GLVWA8_GRVW16_K1_SU32_SUS256_TT8_4,NO_CHECK,1133.7,7576.92,,1,4,32,1,1,1,1,104857600,4194304,,,,,,,,,,2026-04-18 15:24:13.
0,49/111,12/19,Contraction_l_Alik_Bjlk_Cijk_Dijk,"(1024,1024,1,4096)",Cijk_Alik_Bjlk_I8II_BH_MT64x128x16_SN_GLVWA4_GRVW4_K1_SU0_SUS0_TT4_8,NO_CHECK,1370.78,6266.45,,1,4,32,1,1,1,1,104857600,4194304,,,,,,,,,,2026-04-18 15:24:13.
0,49/111,13/19,Contraction_l_Alik_Bjlk_Cijk_Dijk,"(1024,1024,1,4096)",Cijk_Alik_Bjlk_I8II_BH_MT64x128x16_SN_GLVWA4_GRVW4_K1_SU32_SUS256_TT4_8,NO_CHECK,1208.54,7107.71,,1,4,32,1,1,1,1,104857600,4194304,,,,,,,,,,2026-04-18 15:24:13.
0,49/111,14/19,Contraction_l_Alik_Bjlk_Cijk_Dijk,"(1024,1024,1,4096)",Cijk_Alik_Bjlk_I8II_BH_MT64x64x32_SN_GLVWA4_GRVW4_K1_SU0_SUS0_TT4_4,NO_CHECK,1567.02,5481.69,,1,8,32,1,1,1,1,138412032,4194304,,,,,,,,,,2026-04-18 15:24:13.
0,49/111,15/19,Contraction_l_Alik_Bjlk_Cijk_Dijk,"(1024,1024,1,4096)",Cijk_Alik_Bjlk_I8II_BH_MT64x64x32_SN_GLVWA4_GRVW4_K1_SU32_SUS256_TT4_4,NO_CHECK,1409.54,6094.14,,1,8,32,1,1,1,1,138412032,4194304,,,,,,,,,,2026-04-18 15:24:13.
0,49/111,16/19,Contraction_l_Alik_Bjlk_Cijk_Dijk,"(1024,1024,1,4096)",Cijk_Alik_Bjlk_I8II_BH_MT128x64x32_SN_GLVWA4_GRVW4_K1_SU0_SUS0_TT8_4,NO_CHECK,1216.26,7062.59,,1,4,32,1,1,1,1,104857600,4194304,,,,,,,,,,2026-04-18 15:24:13.
0,49/111,17/19,Contraction_l_Alik_Bjlk_Cijk_Dijk,"(1024,1024,1,4096)",Cijk_Alik_Bjlk_I8II_BH_MT128x64x32_SN_GLVWA4_GRVW4_K1_SU32_SUS256_TT8_4,NO_CHECK,1328.42,6466.28,,1,4,32,1,1,1,1,104857600,4194304,,,,,,,,,,2026-04-18 15:24:13.
0,49/111,18/19,Contraction_l_Alik_Bjlk_Cijk_Dijk,"(1024,1024,1,4096)",Cijk_Alik_Bjlk_I8II_BH_MT64x128x32_SN_GLVWA4_GRVW4_K1_SU0_SUS0_TT4_8,NO_CHECK,1138.34,7546.04,,1,4,32,1,1,1,1,104857600,4194304,,,,,,,,,,2026-04-18 15:24:13.
0,49/111,19/19,Contraction_l_Alik_Bjlk_Cijk_Dijk,"(1024,1024,1,4096)",Cijk_Alik_Bjlk_I8II_BH_MT64x128x32_SN_GLVWA4_GRVW4_K1_SU32_SUS256_TT4_8,NO_CHECK,1136.86,7555.87,,1,4,32,1,1,1,1,104857600,4194304,,,,,,,,,,2026-04-18 15:24:13.
0,50/111,0/19,Contraction_l_Alik_Bjlk_Cijk_Dijk,"(1024,1024,1,8192)",Cijk_Alik_Bjlk_I8II_BH_MT64x64x16_SN_GLVWA4_GRVW4_K1_SU0_SUS0_TT4_4,NO_CHECK,2800,6135.67,,1,8,32,1,1,1,1,272629760,4194304,,,,,,,,,,2026-04-18 15:24:13.
0,50/111,1/19,Contraction_l_Alik_Bjlk_Cijk_Dijk,"(1024,1024,1,8192)",Cijk_Alik_Bjlk_I8II_BH_MT64x64x16_SN_GLVWA4_GRVW8_K1_SU0_SUS0_TT4_4,NO_CHECK,2807.32,6119.66,,1,8,32,1,1,1,1,272629760,4194304,,,,,,,,,,2026-04-18 15:24:13.
0,50/111,2/19,Contraction_l_Alik_Bjlk_Cijk_Dijk,"(1024,1024,1,8192)",Cijk_Alik_Bjlk_I8II_BH_MT64x64x16_SN_GLVWA4_GRVW16_K1_SU0_SUS0_TT4_4,NO_CHECK,2800.92,6133.65,,1,8,32,1,1,1,1,272629760,4194304,,,,,,,,,,2026-04-18 15:24:13.
0,50/111,3/19,Contraction_l_Alik_Bjlk_Cijk_Dijk,"(1024,1024,1,8192)",Cijk_Alik_Bjlk_I8II_BH_MT64x64x16_SN_GLVWA4_GRVW4_K1_SU32_SUS256_TT4_4,NO_CHECK,2792.68,6151.75,,1,8,32,1,1,1,1,272629760,4194304,,,,,,,,,,2026-04-18 15:24:13.
0,50/111,4/19,Contraction_l_Alik_Bjlk_Cijk_Dijk,"(1024,1024,1,8192)",Cijk_Alik_Bjlk_I8II_BH_MT64x64x16_SN_GLVWA4_GRVW8_K1_SU32_SUS256_TT4_4,NO_CHECK,2808.72,6116.62,,1,8,32,1,1,1,1,272629760,4194304,,,,,,,,,,2026-04-18 15:24:13.
0,50/111,5/19,Contraction_l_Alik_Bjlk_Cijk_Dijk,"(1024,1024,1,8192)",Cijk_Alik_Bjlk_I8II_BH_MT64x64x16_SN_GLVWA4_GRVW16_K1_SU32_SUS256_TT4_4,NO_CHECK,2801.2,6133.04,,1,8,32,1,1,1,1,272629760,4194304,,,,,,,,,,2026-04-18 15:24:13.
0,50/111,6/19,Contraction_l_Alik_Bjlk_Cijk_Dijk,"(1024,1024,1,8192)",Cijk_Alik_Bjlk_I8II_BH_MT128x64x16_SN_GLVWA4_GRVW4_K1_SU0_SUS0_TT8_4,NO_CHECK,2247.95,7642.45,,1,4,32,1,1,1,1,205520896,4194304,,,,,,,,,,2026-04-18 15:24:13.
0,50/111,7/19,Contraction_l_Alik_Bjlk_Cijk_Dijk,"(1024,1024,1,8192)",Cijk_Alik_Bjlk_I8II_BH_MT128x64x16_SN_GLVWA8_GRVW8_K1_SU0_SUS0_TT8_4,NO_CHECK,2239.55,7671.12,,1,4,32,1,1,1,1,205520896,4194304,,,,,,,,,,2026-04-18 15:24:13.
0,50/111,8/19,Contraction_l_Alik_Bjlk_Cijk_Dijk,"(1024,1024,1,8192)",Cijk_Alik_Bjlk_I8II_BH_MT128x64x16_SN_GLVWA8_GRVW16_K1_SU0_SUS0_TT8_4,NO_CHECK,2243.19,7658.67,,1,4,32,1,1,1,1,205520896,4194304,,,,,,,,,,2026-04-18 15:24:13.
0,50/111,9/19,Contraction_l_Alik_Bjlk_Cijk_Dijk,"(1024,1024,1,8192)",Cijk_Alik_Bjlk_I8II_BH_MT128x64x16_SN_GLVWA4_GRVW4_K1_SU32_SUS256_TT8_4,NO_CHECK,2238.99,7673.03,,1,4,32,1,1,1,1,205520896,4194304,,,,,,,,,,2026-04-18 15:24:13.
0,50/111,10/19,Contraction_l_Alik_Bjlk_Cijk_Dijk,"(1024,1024,1,8192)",Cijk_Alik_Bjlk_I8II_BH_MT128x64x16_SN_GLVWA8_GRVW8_K1_SU32_SUS256_TT8_4,NO_CHECK,2393.16,7178.75,,1,4,32,1,1,1,1,205520896,4194304,,,,,,,,,,2026-04-18 15:24:13.
0,50/111,11/19,Contraction_l_Alik_Bjlk_Cijk_Dijk,"(1024,1024,1,8192)",Cijk_Alik_Bjlk_I8II_BH_MT128x64x16_SN_GLVWA8_GRVW16_K1_SU32_SUS256_TT8_4,NO_CHECK,2242.51,7660.99,,1,4,32,1,1,1,1,205520896,4194304,,,,,,,,,,2026-04-18 15:24:13.
0,50/111,12/19,Contraction_l_Alik_Bjlk_Cijk_Dijk,"(1024,1024,1,8192)",Cijk_Alik_Bjlk_I8II_BH_MT64x128x16_SN_GLVWA4_GRVW4_K1_SU0_SUS0_TT4_8,NO_CHECK,2227.11,7713.96,,1,4,32,1,1,1,1,205520896,4194304,,,,,,,,,,2026-04-18 15:24:13.
0,50/111,13/19,Contraction_l_Alik_Bjlk_Cijk_Dijk,"(1024,1024,1,8192)",Cijk_Alik_Bjlk_I8II_BH_MT64x128x16_SN_GLVWA4_GRVW4_K1_SU32_SUS256_TT4_8,NO_CHECK,2415.6,7112.07,,1,4,32,1,1,1,1,205520896,4194304,,,,,,,,,,2026-04-18 15:24:13.
0,50/111,14/19,Contraction_l_Alik_Bjlk_Cijk_Dijk,"(1024,1024,1,8192)",Cijk_Alik_Bjlk_I8II_BH_MT64x64x32_SN_GLVWA4_GRVW4_K1_SU0_SUS0_TT4_4,NO_CHECK,2796.24,6143.92,,1,8,32,1,1,1,1,272629760,4194304,,,,,,,,,,2026-04-18 15:24:13.
0,50/111,15/19,Contraction_l_Alik_Bjlk_Cijk_Dijk,"(1024,1024,1,8192)",Cijk_Alik_Bjlk_I8II_BH_MT64x64x32_SN_GLVWA4_GRVW4_K1_SU32_SUS256_TT4_4,NO_CHECK,2790.08,6157.48,,1,8,32,1,1,1,1,272629760,4194304,,,,,,,,,,2026-04-18 15:24:13.
0,50/111,16/19,Contraction_l_Alik_Bjlk_Cijk_Dijk,"(1024,1024,1,8192)",Cijk_Alik_Bjlk_I8II_BH_MT128x64x32_SN_GLVWA4_GRVW4_K1_SU0_SUS0_TT8_4,NO_CHECK,2467.52,6962.41,,1,4,32,1,1,1,1,205520896,4194304,,,,,,,,,,2026-04-18 15:24:13.
0,50/111,17/19,Contraction_l_Alik_Bjlk_Cijk_Dijk,"(1024,1024,1,8192)",Cijk_Alik_Bjlk_I8II_BH_MT128x64x32_SN_GLVWA4_GRVW4_K1_SU32_SUS256_TT8_4,NO_CHECK,2249.67,7636.61,,1,4,32,1,1,1,1,205520896,4194304,,,,,,,,,,2026-04-18 15:24:13.
0,50/111,18/19,Contraction_l_Alik_Bjlk_Cijk_Dijk,"(1024,1024,1,8192)",Cijk_Alik_Bjlk_I8II_BH_MT64x128x32_SN_GLVWA4_GRVW4_K1_SU0_SUS0_TT4_8,NO_CHECK,2233.35,7692.41,,1,4,32,1,1,1,1,205520896,4194304,,,,,,,,,,2026-04-18 15:24:13.
0,50/111,19/19,Contraction_l_Alik_Bjlk_Cijk_Dijk,"(1024,1024,1,8192)",Cijk_Alik_Bjlk_I8II_BH_MT64x128x32_SN_GLVWA4_GRVW4_K1_SU32_SUS256_TT4_8,NO_CHECK,2490.48,6898.22,,1,4,32,1,1,1,1,205520896,4194304,,,,,,,,,,2026-04-18 15:24:13.
0,51/111,0/19,Contraction_l_Alik_Bjlk_Cijk_Dijk,"(1024,1024,1,14336)",Cijk_Alik_Bjlk_I8II_BH_MT64x64x16_SN_GLVWA4_GRVW4_K1_SU0_SUS0_TT4_4,NO_CHECK,4875.79,6166.13,,1,8,32,1,1,1,1,473956352,4194304,,,,,,,,,,2026-04-18 15:24:13.
0,51/111,1/19,Contraction_l_Alik_Bjlk_Cijk_Dijk,"(1024,1024,1,14336)",Cijk_Alik_Bjlk_I8II_BH_MT64x64x16_SN_GLVWA4_GRVW8_K1_SU0_SUS0_TT4_4,NO_CHECK,4880.59,6160.07,,1,8,32,1,1,1,1,473956352,4194304,,,,,,,,,,2026-04-18 15:24:13.
0,51/111,2/19,Contraction_l_Alik_Bjlk_Cijk_Dijk,"(1024,1024,1,14336)",Cijk_Alik_Bjlk_I8II_BH_MT64x64x16_SN_GLVWA4_GRVW16_K1_SU0_SUS0_TT4_4,NO_CHECK,4874.07,6168.31,,1,8,32,1,1,1,1,473956352,4194304,,,,,,,,,,2026-04-18 15:24:13.
0,51/111,3/19,Contraction_l_Alik_Bjlk_Cijk_Dijk,"(1024,1024,1,14336)",Cijk_Alik_Bjlk_I8II_BH_MT64x64x16_SN_GLVWA4_GRVW4_K1_SU32_SUS256_TT4_4,NO_CHECK,4879.99,6160.82,,1,8,32,1,1,1,1,473956352,4194304,,,,,,,,,,2026-04-18 15:24:13.
0,51/111,4/19,Contraction_l_Alik_Bjlk_Cijk_Dijk,"(1024,1024,1,14336)",Cijk_Alik_Bjlk_I8II_BH_MT64x64x16_SN_GLVWA4_GRVW8_K1_SU32_SUS256_TT4_4,NO_CHECK,4956.03,6066.3,,1,8,32,1,1,1,1,473956352,4194304,,,,,,,,,,2026-04-18 15:24:13.
0,51/111,5/19,Contraction_l_Alik_Bjlk_Cijk_Dijk,"(1024,1024,1,14336)",Cijk_Alik_Bjlk_I8II_BH_MT64x64x16_SN_GLVWA4_GRVW16_K1_SU32_SUS256_TT4_4,NO_CHECK,4868.27,6175.66,,1,8,32,1,1,1,1,473956352,4194304,,,,,,,,,,2026-04-18 15:24:13.
0,51/111,6/19,Contraction_l_Alik_Bjlk_Cijk_Dijk,"(1024,1024,1,14336)",Cijk_Alik_Bjlk_I8II_BH_MT128x64x16_SN_GLVWA4_GRVW4_K1_SU0_SUS0_TT8_4,NO_CHECK,4133.06,7274.22,,1,4,32,1,1,1,1,356515840,4194304,,,,,,,,,,2026-04-18 15:24:13.
0,51/111,7/19,Contraction_l_Alik_Bjlk_Cijk_Dijk,"(1024,1024,1,14336)",Cijk_Alik_Bjlk_I8II_BH_MT128x64x16_SN_GLVWA8_GRVW8_K1_SU0_SUS0_TT8_4,NO_CHECK,3898.74,7711.41,,1,4,32,1,1,1,1,356515840,4194304,,,,,,,,,,2026-04-18 15:24:13.
0,51/111,8/19,Contraction_l_Alik_Bjlk_Cijk_Dijk,"(1024,1024,1,14336)",Cijk_Alik_Bjlk_I8II_BH_MT128x64x16_SN_GLVWA8_GRVW16_K1_SU0_SUS0_TT8_4,NO_CHECK,4123.94,7290.3,,1,4,32,1,1,1,1,356515840,4194304,,,,,,,,,,2026-04-18 15:24:13.
0,51/111,9/19,Contraction_l_Alik_Bjlk_Cijk_Dijk,"(1024,1024,1,14336)",Cijk_Alik_Bjlk_I8II_BH_MT128x64x16_SN_GLVWA4_GRVW4_K1_SU32_SUS256_TT8_4,NO_CHECK,3907.42,7694.28,,1,4,32,1,1,1,1,356515840,4194304,,,,,,,,,,2026-04-18 15:24:13.
0,51/111,10/19,Contraction_l_Alik_Bjlk_Cijk_Dijk,"(1024,1024,1,14336)",Cijk_Alik_Bjlk_I8II_BH_MT128x64x16_SN_GLVWA8_GRVW8_K1_SU32_SUS256_TT8_4,NO_CHECK,4045.94,7430.85,,1,4,32,1,1,1,1,356515840,4194304,,,,,,,,,,2026-04-18 15:24:13.
0,51/111,11/19,Contraction_l_Alik_Bjlk_Cijk_Dijk,"(1024,1024,1,14336)",Cijk_Alik_Bjlk_I8II_BH_MT128x64x16_SN_GLVWA8_GRVW16_K1_SU32_SUS256_TT8_4,NO_CHECK,3900.14,7708.64,,1,4,32,1,1,1,1,356515840,4194304,,,,,,,,,,2026-04-18 15:24:13.
0,51/111,12/19,Contraction_l_Alik_Bjlk_Cijk_Dijk,"(1024,1024,1,14336)",Cijk_Alik_Bjlk_I8II_BH_MT64x128x16_SN_GLVWA4_GRVW4_K1_SU0_SUS0_TT4_8,NO_CHECK,4059.42,7406.17,,1,4,32,1,1,1,1,356515840,4194304,,,,,,,,,,2026-04-18 15:24:13.
0,51/111,13/19,Contraction_l_Alik_Bjlk_Cijk_Dijk,"(1024,1024,1,14336)",Cijk_Alik_Bjlk_I8II_BH_MT64x128x16_SN_GLVWA4_GRVW4_K1_SU32_SUS256_TT4_8,NO_CHECK,3886.1,7736.5,,1,4,32,1,1,1,1,356515840,4194304,,,,,,,,,,2026-04-18 15:24:13.
0,51/111,14/19,Contraction_l_Alik_Bjlk_Cijk_Dijk,"(1024,1024,1,14336)",Cijk_Alik_Bjlk_I8II_BH_MT64x64x32_SN_GLVWA4_GRVW4_K1_SU0_SUS0_TT4_4,NO_CHECK,4878.83,6162.29,,1,8,32,1,1,1,1,473956352,4194304,,,,,,,,,,2026-04-18 15:24:13.
0,51/111,15/19,Contraction_l_Alik_Bjlk_Cijk_Dijk,"(1024,1024,1,14336)",Cijk_Alik_Bjlk_I8II_BH_MT64x64x32_SN_GLVWA4_GRVW4_K1_SU32_SUS256_TT4_4,NO_CHECK,5142.71,5846.09,,1,8,32,1,1,1,1,473956352,4194304,,,,,,,,,,2026-04-18 15:24:13.
0,51/111,16/19,Contraction_l_Alik_Bjlk_Cijk_Dijk,"(1024,1024,1,14336)",Cijk_Alik_Bjlk_I8II_BH_MT128x64x32_SN_GLVWA4_GRVW4_K1_SU0_SUS0_TT8_4,NO_CHECK,3920.86,7667.91,,1,4,32,1,1,1,1,356515840,4194304,,,,,,,,,,2026-04-18 15:24:13.
0,51/111,17/19,Contraction_l_Alik_Bjlk_Cijk_Dijk,"(1024,1024,1,14336)",Cijk_Alik_Bjlk_I8II_BH_MT128x64x32_SN_GLVWA4_GRVW4_K1_SU32_SUS256_TT8_4,NO_CHECK,4155.46,7235,,1,4,32,1,1,1,1,356515840,4194304,,,,,,,,,,2026-04-18 15:24:13.
0,51/111,18/19,Contraction_l_Alik_Bjlk_Cijk_Dijk,"(1024,1024,1,14336)",Cijk_Alik_Bjlk_I8II_BH_MT64x128x32_SN_GLVWA4_GRVW4_K1_SU0_SUS0_TT4_8,NO_CHECK,3902.34,7704.3,,1,4,32,1,1,1,1,356515840,4194304,,,,,,,,,,2026-04-18 15:24:13.
0,51/111,19/19,Contraction_l_Alik_Bjlk_Cijk_Dijk,"(1024,1024,1,14336)",Cijk_Alik_Bjlk_I8II_BH_MT64x128x32_SN_GLVWA4_GRVW4_K1_SU32_SUS256_TT4_8,NO_CHECK,4105.14,7323.69,,1,4,32,1,1,1,1,356515840,4194304,,,,,,,,,,2026-04-18 15:24:13.
0,52/111,0/19,Contraction_l_Alik_Bjlk_Cijk_Dijk,"(1024,4096,1,1024)",Cijk_Alik_Bjlk_I8II_BH_MT64x64x16_SN_GLVWA4_GRVW4_K1_SU0_SUS0_TT4_4,NO_CHECK,1456.06,5899.43,,1,32,32,1,1,1,1,150994944,16777216,,,,,,,,,,2026-04-18 15:24:13.
0,52/111,1/19,Contraction_l_Alik_Bjlk_Cijk_Dijk,"(1024,4096,1,1024)",Cijk_Alik_Bjlk_I8II_BH_MT64x64x16_SN_GLVWA4_GRVW8_K1_SU0_SUS0_TT4_4,NO_CHECK,1445.9,5940.89,,1,32,32,1,1,1,1,150994944,16777216,,,,,,,,,,2026-04-18 15:24:13.
0,52/111,2/19,Contraction_l_Alik_Bjlk_Cijk_Dijk,"(1024,4096,1,1024)",Cijk_Alik_Bjlk_I8II_BH_MT64x64x16_SN_GLVWA4_GRVW16_K1_SU0_SUS0_TT4_4,NO_CHECK,1689.14,5085.38,,1,32,32,1,1,1,1,150994944,16777216,,,,,,,,,,2026-04-18 15:24:13.
0,52/111,3/19,Contraction_l_Alik_Bjlk_Cijk_Dijk,"(1024,4096,1,1024)",Cijk_Alik_Bjlk_I8II_BH_MT64x64x16_SN_GLVWA4_GRVW4_K1_SU32_SUS256_TT4_4,NO_CHECK,1543.1,5566.67,,1,32,32,1,1,1,1,150994944,16777216,,,,,,,,,,2026-04-18 15:24:13.
0,52/111,4/19,Contraction_l_Alik_Bjlk_Cijk_Dijk,"(1024,4096,1,1024)",Cijk_Alik_Bjlk_I8II_BH_MT64x64x16_SN_GLVWA4_GRVW8_K1_SU32_SUS256_TT4_4,NO_CHECK,1502.94,5715.41,,1,32,32,1,1,1,1,150994944,16777216,,,,,,,,,,2026-04-18 15:24:13.
0,52/111,5/19,Contraction_l_Alik_Bjlk_Cijk_Dijk,"(1024,4096,1,1024)",Cijk_Alik_Bjlk_I8II_BH_MT64x64x16_SN_GLVWA4_GRVW16_K1_SU32_SUS256_TT4_4,NO_CHECK,1505.94,5704.03,,1,32,32,1,1,1,1,150994944,16777216,,,,,,,,,,2026-04-18 15:24:13.
0,52/111,6/19,Contraction_l_Alik_Bjlk_Cijk_Dijk,"(1024,4096,1,1024)",Cijk_Alik_Bjlk_I8II_BH_MT128x64x16_SN_GLVWA4_GRVW4_K1_SU0_SUS0_TT8_4,NO_CHECK,1146.26,7493.9,,1,16,32,1,1,1,1,117440512,16777216,,,,,,,,,,2026-04-18 15:24:13.
0,52/111,7/19,Contraction_l_Alik_Bjlk_Cijk_Dijk,"(1024,4096,1,1024)",Cijk_Alik_Bjlk_I8II_BH_MT128x64x16_SN_GLVWA8_GRVW8_K1_SU0_SUS0_TT8_4,NO_CHECK,1145.26,7500.44,,1,16,32,1,1,1,1,117440512,16777216,,,,,,,,,,2026-04-18 15:24:13.
0,52/111,8/19,Contraction_l_Alik_Bjlk_Cijk_Dijk,"(1024,4096,1,1024)",Cijk_Alik_Bjlk_I8II_BH_MT128x64x16_SN_GLVWA8_GRVW16_K1_SU0_SUS0_TT8_4,NO_CHECK,1147.22,7487.63,,1,16,32,1,1,1,1,117440512,16777216,,,,,,,,,,2026-04-18 15:24:13.
0,52/111,9/19,Contraction_l_Alik_Bjlk_Cijk_Dijk,"(1024,4096,1,1024)",Cijk_Alik_Bjlk_I8II_BH_MT128x64x16_SN_GLVWA4_GRVW4_K1_SU32_SUS256_TT8_4,NO_CHECK,1194.94,7188.61,,1,16,32,1,1,1,1,117440512,16777216,,,,,,,,,,2026-04-18 15:24:13.
0,52/111,10/19,Contraction_l_Alik_Bjlk_Cijk_Dijk,"(1024,4096,1,1024)",Cijk_Alik_Bjlk_I8II_BH_MT128x64x16_SN_GLVWA8_GRVW8_K1_SU32_SUS256_TT8_4,NO_CHECK,1169.3,7346.23,,1,16,32,1,1,1,1,117440512,16777216,,,,,,,,,,2026-04-18 15:24:13.
0,52/111,11/19,Contraction_l_Alik_Bjlk_Cijk_Dijk,"(1024,4096,1,1024)",Cijk_Alik_Bjlk_I8II_BH_MT128x64x16_SN_GLVWA8_GRVW16_K1_SU32_SUS256_TT8_4,NO_CHECK,1190.42,7215.9,,1,16,32,1,1,1,1,117440512,16777216,,,,,,,,,,2026-04-18 15:24:13.
0,52/111,12/19,Contraction_l_Alik_Bjlk_Cijk_Dijk,"(1024,4096,1,1024)",Cijk_Alik_Bjlk_I8II_BH_MT64x128x16_SN_GLVWA4_GRVW4_K1_SU0_SUS0_TT4_8,NO_CHECK,1183.42,7258.58,,1,16,32,1,1,1,1,117440512,16777216,,,,,,,,,,2026-04-18 15:24:13.
0,52/111,13/19,Contraction_l_Alik_Bjlk_Cijk_Dijk,"(1024,4096,1,1024)",Cijk_Alik_Bjlk_I8II_BH_MT64x128x16_SN_GLVWA4_GRVW4_K1_SU32_SUS256_TT4_8,NO_CHECK,1218.7,7048.45,,1,16,32,1,1,1,1,117440512,16777216,,,,,,,,,,2026-04-18 15:24:13.
0,52/111,14/19,Contraction_l_Alik_Bjlk_Cijk_Dijk,"(1024,4096,1,1024)",Cijk_Alik_Bjlk_I8II_BH_MT64x64x32_SN_GLVWA4_GRVW4_K1_SU0_SUS0_TT4_4,NO_CHECK,1440.26,5964.15,,1,32,32,1,1,1,1,150994944,16777216,,,,,,,,,,2026-04-18 15:24:13.
0,52/111,15/19,Contraction_l_Alik_Bjlk_Cijk_Dijk,"(1024,4096,1,1024)",Cijk_Alik_Bjlk_I8II_BH_MT64x64x32_SN_GLVWA4_GRVW4_K1_SU32_SUS256_TT4_4,NO_CHECK,1488.66,5770.24,,1,32,32,1,1,1,1,150994944,16777216,,,,,,,,,,2026-04-18 15:24:13.
0,52/111,16/19,Contraction_l_Alik_Bjlk_Cijk_Dijk,"(1024,4096,1,1024)",Cijk_Alik_Bjlk_I8II_BH_MT128x64x32_SN_GLVWA4_GRVW4_K1_SU0_SUS0_TT8_4,NO_CHECK,1154.06,7443.25,,1,16,32,1,1,1,1,117440512,16777216,,,,,,,,,,2026-04-18 15:24:13.
0,52/111,17/19,Contraction_l_Alik_Bjlk_Cijk_Dijk,"(1024,4096,1,1024)",Cijk_Alik_Bjlk_I8II_BH_MT128x64x32_SN_GLVWA4_GRVW4_K1_SU32_SUS256_TT8_4,NO_CHECK,1227.42,6998.38,,1,16,32,1,1,1,1,117440512,16777216,,,,,,,,,,2026-04-18 15:24:13.
0,52/111,18/19,Contraction_l_Alik_Bjlk_Cijk_Dijk,"(1024,4096,1,1024)",Cijk_Alik_Bjlk_I8II_BH_MT64x128x32_SN_GLVWA4_GRVW4_K1_SU0_SUS0_TT4_8,NO_CHECK,1172.46,7326.44,,1,16,32,1,1,1,1,117440512,16777216,,,,,,,,,,2026-04-18 15:24:13.
0,52/111,19/19,Contraction_l_Alik_Bjlk_Cijk_Dijk,"(1024,4096,1,1024)",Cijk_Alik_Bjlk_I8II_BH_MT64x128x32_SN_GLVWA4_GRVW4_K1_SU32_SUS256_TT4_8,NO_CHECK,1142.74,7516.98,,1,16,32,1,1,1,1,117440512,16777216,,,,,,,,,,2026-04-18 15:24:13.
0,53/111,0/19,Contraction_l_Alik_Bjlk_Cijk_Dijk,"(1024,4096,1,4096)",Cijk_Alik_Bjlk_I8II_BH_MT64x64x16_SN_GLVWA4_GRVW4_K1_SU0_SUS0_TT4_4,NO_CHECK,5565.64,6173.54,,1,32,32,1,1,1,1,553648128,16777216,,,,,,,,,,2026-04-18 15:24:13.
0,53/111,1/19,Contraction_l_Alik_Bjlk_Cijk_Dijk,"(1024,4096,1,4096)",Cijk_Alik_Bjlk_I8II_BH_MT64x64x16_SN_GLVWA4_GRVW8_K1_SU0_SUS0_TT4_4,NO_CHECK,5537.24,6205.21,,1,32,32,1,1,1,1,553648128,16777216,,,,,,,,,,2026-04-18 15:24:13.
0,53/111,2/19,Contraction_l_Alik_Bjlk_Cijk_Dijk,"(1024,4096,1,4096)",Cijk_Alik_Bjlk_I8II_BH_MT64x64x16_SN_GLVWA4_GRVW16_K1_SU0_SUS0_TT4_4,NO_CHECK,5572.08,6166.41,,1,32,32,1,1,1,1,553648128,16777216,,,,,,,,,,2026-04-18 15:24:13.
0,53/111,3/19,Contraction_l_Alik_Bjlk_Cijk_Dijk,"(1024,4096,1,4096)",Cijk_Alik_Bjlk_I8II_BH_MT64x64x16_SN_GLVWA4_GRVW4_K1_SU32_SUS256_TT4_4,NO_CHECK,5563.16,6176.3,,1,32,32,1,1,1,1,553648128,16777216,,,,,,,,,,2026-04-18 15:24:13.
0,53/111,4/19,Contraction_l_Alik_Bjlk_Cijk_Dijk,"(1024,4096,1,4096)",Cijk_Alik_Bjlk_I8II_BH_MT64x64x16_SN_GLVWA4_GRVW8_K1_SU32_SUS256_TT4_4,NO_CHECK,5954.41,5770.47,,1,32,32,1,1,1,1,553648128,16777216,,,,,,,,,,2026-04-18 15:24:13.
0,53/111,5/19,Contraction_l_Alik_Bjlk_Cijk_Dijk,"(1024,4096,1,4096)",Cijk_Alik_Bjlk_I8II_BH_MT64x64x16_SN_GLVWA4_GRVW16_K1_SU32_SUS256_TT4_4,NO_CHECK,5693.96,6034.41,,1,32,32,1,1,1,1,553648128,16777216,,,,,,,,,,2026-04-18 15:24:13.
0,53/111,6/19,Contraction_l_Alik_Bjlk_Cijk_Dijk,"(1024,4096,1,4096)",Cijk_Alik_Bjlk_I8II_BH_MT128x64x16_SN_GLVWA4_GRVW4_K1_SU0_SUS0_TT8_4,NO_CHECK,4550.55,7550.68,,1,16,32,1,1,1,1,419430400,16777216,,,,,,,,,,2026-04-18 15:24:13.
0,53/111,7/19,Contraction_l_Alik_Bjlk_Cijk_Dijk,"(1024,4096,1,4096)",Cijk_Alik_Bjlk_I8II_BH_MT128x64x16_SN_GLVWA8_GRVW8_K1_SU0_SUS0_TT8_4,NO_CHECK,4396.99,7814.39,,1,16,32,1,1,1,1,419430400,16777216,,,,,,,,,,2026-04-18 15:24:13.
0,53/111,8/19,Contraction_l_Alik_Bjlk_Cijk_Dijk,"(1024,4096,1,4096)",Cijk_Alik_Bjlk_I8II_BH_MT128x64x16_SN_GLVWA8_GRVW16_K1_SU0_SUS0_TT8_4,NO_CHECK,4560.75,7533.8,,1,16,32,1,1,1,1,419430400,16777216,,,,,,,,,,2026-04-18 15:24:13.
0,53/111,9/19,Contraction_l_Alik_Bjlk_Cijk_Dijk,"(1024,4096,1,4096)",Cijk_Alik_Bjlk_I8II_BH_MT128x64x16_SN_GLVWA4_GRVW4_K1_SU32_SUS256_TT8_4,NO_CHECK,4640.71,7403.99,,1,16,32,1,1,1,1,419430400,16777216,,,,,,,,,,2026-04-18 15:24:13.
0,53/111,10/19,Contraction_l_Alik_Bjlk_Cijk_Dijk,"(1024,4096,1,4096)",Cijk_Alik_Bjlk_I8II_BH_MT128x64x16_SN_GLVWA8_GRVW8_K1_SU32_SUS256_TT8_4,NO_CHECK,4395.71,7816.66,,1,16,32,1,1,1,1,419430400,16777216,,,,,,,,,,2026-04-18 15:24:13.
0,53/111,11/19,Contraction_l_Alik_Bjlk_Cijk_Dijk,"(1024,4096,1,4096)",Cijk_Alik_Bjlk_I8II_BH_MT128x64x16_SN_GLVWA8_GRVW16_K1_SU32_SUS256_TT8_4,NO_CHECK,4728.75,7266.14,,1,16,32,1,1,1,1,419430400,16777216,,,,,,,,,,2026-04-18 15:24:13.
0,53/111,12/19,Contraction_l_Alik_Bjlk_Cijk_Dijk,"(1024,4096,1,4096)",Cijk_Alik_Bjlk_I8II_BH_MT64x128x16_SN_GLVWA4_GRVW4_K1_SU0_SUS0_TT4_8,NO_CHECK,4382.23,7840.71,,1,16,32,1,1,1,1,419430400,16777216,,,,,,,,,,2026-04-18 15:24:13.
0,53/111,13/19,Contraction_l_Alik_Bjlk_Cijk_Dijk,"(1024,4096,1,4096)",Cijk_Alik_Bjlk_I8II_BH_MT64x128x16_SN_GLVWA4_GRVW4_K1_SU32_SUS256_TT4_8,NO_CHECK,4377.86,7848.52,,1,16,32,1,1,1,1,419430400,16777216,,,,,,,,,,2026-04-18 15:24:13.
0,53/111,14/19,Contraction_l_Alik_Bjlk_Cijk_Dijk,"(1024,4096,1,4096)",Cijk_Alik_Bjlk_I8II_BH_MT64x64x32_SN_GLVWA4_GRVW4_K1_SU0_SUS0_TT4_4,NO_CHECK,5911.77,5812.09,,1,32,32,1,1,1,1,553648128,16777216,,,,,,,,,,2026-04-18 15:24:13.
0,53/111,15/19,Contraction_l_Alik_Bjlk_Cijk_Dijk,"(1024,4096,1,4096)",Cijk_Alik_Bjlk_I8II_BH_MT64x64x32_SN_GLVWA4_GRVW4_K1_SU32_SUS256_TT4_4,NO_CHECK,6314.93,5441.03,,1,32,32,1,1,1,1,553648128,16777216,,,,,,,,,,2026-04-18 15:24:13.
0,53/111,16/19,Contraction_l_Alik_Bjlk_Cijk_Dijk,"(1024,4096,1,4096)",Cijk_Alik_Bjlk_I8II_BH_MT128x64x32_SN_GLVWA4_GRVW4_K1_SU0_SUS0_TT8_4,NO_CHECK,4444.67,7730.56,,1,16,32,1,1,1,1,419430400,16777216,,,,,,,,,,2026-04-18 15:24:13.
0,53/111,17/19,Contraction_l_Alik_Bjlk_Cijk_Dijk,"(1024,4096,1,4096)",Cijk_Alik_Bjlk_I8II_BH_MT128x64x32_SN_GLVWA4_GRVW4_K1_SU32_SUS256_TT8_4,NO_CHECK,4486.95,7657.71,,1,16,32,1,1,1,1,419430400,16777216,,,,,,,,,,2026-04-18 15:24:13.
0,53/111,18/19,Contraction_l_Alik_Bjlk_Cijk_Dijk,"(1024,4096,1,4096)",Cijk_Alik_Bjlk_I8II_BH_MT64x128x32_SN_GLVWA4_GRVW4_K1_SU0_SUS0_TT4_8,NO_CHECK,4373.94,7855.55,,1,16,32,1,1,1,1,419430400,16777216,,,,,,,,,,2026-04-18 15:24:13.
0,53/111,19/19,Contraction_l_Alik_Bjlk_Cijk_Dijk,"(1024,4096,1,4096)",Cijk_Alik_Bjlk_I8II_BH_MT64x128x32_SN_GLVWA4_GRVW4_K1_SU32_SUS256_TT4_8,NO_CHECK,4702.95,7306,,1,16,32,1,1,1,1,419430400,16777216,,,,,,,,,,2026-04-18 15:24:13.
0,54/111,0/19,Contraction_l_Alik_Bjlk_Cijk_Dijk,"(1024,4096,1,8192)",Cijk_Alik_Bjlk_I8II_BH_MT64x64x16_SN_GLVWA4_GRVW4_K1_SU0_SUS0_TT4_4,NO_CHECK,11826.4,5810.7,,1,32,32,1,1,1,1,1090519040,16777216,,,,,,,,,,2026-04-18 15:24:13.
0,54/111,1/19,Contraction_l_Alik_Bjlk_Cijk_Dijk,"(1024,4096,1,8192)",Cijk_Alik_Bjlk_I8II_BH_MT64x64x16_SN_GLVWA4_GRVW8_K1_SU0_SUS0_TT4_4,NO_CHECK,11422.5,6016.14,,1,32,32,1,1,1,1,1090519040,16777216,,,,,,,,,,2026-04-18 15:24:13.
0,54/111,2/19,Contraction_l_Alik_Bjlk_Cijk_Dijk,"(1024,4096,1,8192)",Cijk_Alik_Bjlk_I8II_BH_MT64x64x16_SN_GLVWA4_GRVW16_K1_SU0_SUS0_TT4_4,NO_CHECK,11476.2,5988.02,,1,32,32,1,1,1,1,1090519040,16777216,,,,,,,,,,2026-04-18 15:24:13.
0,54/111,3/19,Contraction_l_Alik_Bjlk_Cijk_Dijk,"(1024,4096,1,8192)",Cijk_Alik_Bjlk_I8II_BH_MT64x64x16_SN_GLVWA4_GRVW4_K1_SU32_SUS256_TT4_4,NO_CHECK,11271,6097.04,,1,32,32,1,1,1,1,1090519040,16777216,,,,,,,,,,2026-04-18 15:24:13.
0,54/111,4/19,Contraction_l_Alik_Bjlk_Cijk_Dijk,"(1024,4096,1,8192)",Cijk_Alik_Bjlk_I8II_BH_MT64x64x16_SN_GLVWA4_GRVW8_K1_SU32_SUS256_TT4_4,NO_CHECK,11039.1,6225.09,,1,32,32,1,1,1,1,1090519040,16777216,,,,,,,,,,2026-04-18 15:24:13.
0,54/111,5/19,Contraction_l_Alik_Bjlk_Cijk_Dijk,"(1024,4096,1,8192)",Cijk_Alik_Bjlk_I8II_BH_MT64x64x16_SN_GLVWA4_GRVW16_K1_SU32_SUS256_TT4_4,NO_CHECK,11041.1,6223.96,,1,32,32,1,1,1,1,1090519040,16777216,,,,,,,,,,2026-04-18 15:24:13.
0,54/111,6/19,Contraction_l_Alik_Bjlk_Cijk_Dijk,"(1024,4096,1,8192)",Cijk_Alik_Bjlk_I8II_BH_MT128x64x16_SN_GLVWA4_GRVW4_K1_SU0_SUS0_TT8_4,NO_CHECK,9110.01,7543.29,,1,16,32,1,1,1,1,822083584,16777216,,,,,,,,,,2026-04-18 15:24:13.
0,54/111,7/19,Contraction_l_Alik_Bjlk_Cijk_Dijk,"(1024,4096,1,8192)",Cijk_Alik_Bjlk_I8II_BH_MT128x64x16_SN_GLVWA8_GRVW8_K1_SU0_SUS0_TT8_4,NO_CHECK,9651.18,7120.32,,1,16,32,1,1,1,1,822083584,16777216,,,,,,,,,,2026-04-18 15:24:13.
0,54/111,8/19,Contraction_l_Alik_Bjlk_Cijk_Dijk,"(1024,4096,1,8192)",Cijk_Alik_Bjlk_I8II_BH_MT128x64x16_SN_GLVWA8_GRVW16_K1_SU0_SUS0_TT8_4,NO_CHECK,8830.29,7782.24,,1,16,32,1,1,1,1,822083584,16777216,,,,,,,,,,2026-04-18 15:24:13.
0,54/111,9/19,Contraction_l_Alik_Bjlk_Cijk_Dijk,"(1024,4096,1,8192)",Cijk_Alik_Bjlk_I8II_BH_MT128x64x16_SN_GLVWA4_GRVW4_K1_SU32_SUS256_TT8_4,NO_CHECK,8842.81,7771.23,,1,16,32,1,1,1,1,822083584,16777216,,,,,,,,,,2026-04-18 15:24:13.
0,54/111,10/19,Contraction_l_Alik_Bjlk_Cijk_Dijk,"(1024,4096,1,8192)",Cijk_Alik_Bjlk_I8II_BH_MT128x64x16_SN_GLVWA8_GRVW8_K1_SU32_SUS256_TT8_4,NO_CHECK,9355.94,7345.01,,1,16,32,1,1,1,1,822083584,16777216,,,,,,,,,,2026-04-18 15:24:13.
0,54/111,11/19,Contraction_l_Alik_Bjlk_Cijk_Dijk,"(1024,4096,1,8192)",Cijk_Alik_Bjlk_I8II_BH_MT128x64x16_SN_GLVWA8_GRVW16_K1_SU32_SUS256_TT8_4,NO_CHECK,9545.34,7199.27,,1,16,32,1,1,1,1,822083584,16777216,,,,,,,,,,2026-04-18 15:24:13.
0,54/111,12/19,Contraction_l_Alik_Bjlk_Cijk_Dijk,"(1024,4096,1,8192)",Cijk_Alik_Bjlk_I8II_BH_MT64x128x16_SN_GLVWA4_GRVW4_K1_SU0_SUS0_TT4_8,NO_CHECK,9411.06,7301.99,,1,16,32,1,1,1,1,822083584,16777216,,,,,,,,,,2026-04-18 15:24:13.
0,54/111,13/19,Contraction_l_Alik_Bjlk_Cijk_Dijk,"(1024,4096,1,8192)",Cijk_Alik_Bjlk_I8II_BH_MT64x128x16_SN_GLVWA4_GRVW4_K1_SU32_SUS256_TT4_8,NO_CHECK,8787.17,7820.43,,1,16,32,1,1,1,1,822083584,16777216,,,,,,,,,,2026-04-18 15:24:13.
0,54/111,14/19,Contraction_l_Alik_Bjlk_Cijk_Dijk,"(1024,4096,1,8192)",Cijk_Alik_Bjlk_I8II_BH_MT64x64x32_SN_GLVWA4_GRVW4_K1_SU0_SUS0_TT4_4,NO_CHECK,11583.9,5932.31,,1,32,32,1,1,1,1,1090519040,16777216,,,,,,,,,,2026-04-18 15:24:13.
0,54/111,15/19,Contraction_l_Alik_Bjlk_Cijk_Dijk,"(1024,4096,1,8192)",Cijk_Alik_Bjlk_I8II_BH_MT64x64x32_SN_GLVWA4_GRVW4_K1_SU32_SUS256_TT4_4,NO_CHECK,11057.8,6214.57,,1,32,32,1,1,1,1,1090519040,16777216,,,,,,,,,,2026-04-18 15:24:13.
0,54/111,16/19,Contraction_l_Alik_Bjlk_Cijk_Dijk,"(1024,4096,1,8192)",Cijk_Alik_Bjlk_I8II_BH_MT128x64x32_SN_GLVWA4_GRVW4_K1_SU0_SUS0_TT8_4,NO_CHECK,9126.81,7529.4,,1,16,32,1,1,1,1,822083584,16777216,,,,,,,,,,2026-04-18 15:24:13.
0,54/111,17/19,Contraction_l_Alik_Bjlk_Cijk_Dijk,"(1024,4096,1,8192)",Cijk_Alik_Bjlk_I8II_BH_MT128x64x32_SN_GLVWA4_GRVW4_K1_SU32_SUS256_TT8_4,NO_CHECK,9292.7,7395,,1,16,32,1,1,1,1,822083584,16777216,,,,,,,,,,2026-04-18 15:24:13.
0,54/111,18/19,Contraction_l_Alik_Bjlk_Cijk_Dijk,"(1024,4096,1,8192)",Cijk_Alik_Bjlk_I8II_BH_MT64x128x32_SN_GLVWA4_GRVW4_K1_SU0_SUS0_TT4_8,NO_CHECK,9069.05,7577.36,,1,16,32,1,1,1,1,822083584,16777216,,,,,,,,,,2026-04-18 15:24:13.
0,54/111,19/19,Contraction_l_Alik_Bjlk_Cijk_Dijk,"(1024,4096,1,8192)",Cijk_Alik_Bjlk_I8II_BH_MT64x128x32_SN_GLVWA4_GRVW4_K1_SU32_SUS256_TT4_8,NO_CHECK,8818.89,7792.31,,1,16,32,1,1,1,1,822083584,16777216,,,,,,,,,,2026-04-18 15:24:13.
0,55/111,0/19,Contraction_l_Alik_Bjlk_Cijk_Dijk,"(1024,4096,1,14336)",Cijk_Alik_Bjlk_I8II_BH_MT64x64x16_SN_GLVWA4_GRVW4_K1_SU0_SUS0_TT4_4,NO_CHECK,19863.9,6054.17,,1,32,32,1,1,1,1,1895825408,16777216,,,,,,,,,,2026-04-18 15:24:13.
0,55/111,1/19,Contraction_l_Alik_Bjlk_Cijk_Dijk,"(1024,4096,1,14336)",Cijk_Alik_Bjlk_I8II_BH_MT64x64x16_SN_GLVWA4_GRVW8_K1_SU0_SUS0_TT4_4,NO_CHECK,19952.8,6027.19,,1,32,32,1,1,1,1,1895825408,16777216,,,,,,,,,,2026-04-18 15:24:13.
0,55/111,2/19,Contraction_l_Alik_Bjlk_Cijk_Dijk,"(1024,4096,1,14336)",Cijk_Alik_Bjlk_I8II_BH_MT64x64x16_SN_GLVWA4_GRVW16_K1_SU0_SUS0_TT4_4,NO_CHECK,19886.6,6047.25,,1,32,32,1,1,1,1,1895825408,16777216,,,,,,,,,,2026-04-18 15:24:13.
0,55/111,3/19,Contraction_l_Alik_Bjlk_Cijk_Dijk,"(1024,4096,1,14336)",Cijk_Alik_Bjlk_I8II_BH_MT64x64x16_SN_GLVWA4_GRVW4_K1_SU32_SUS256_TT4_4,NO_CHECK,19369,6208.86,,1,32,32,1,1,1,1,1895825408,16777216,,,,,,,,,,2026-04-18 15:24:13.
0,55/111,4/19,Contraction_l_Alik_Bjlk_Cijk_Dijk,"(1024,4096,1,14336)",Cijk_Alik_Bjlk_I8II_BH_MT64x64x16_SN_GLVWA4_GRVW8_K1_SU32_SUS256_TT4_4,NO_CHECK,19660.4,6116.83,,1,32,32,1,1,1,1,1895825408,16777216,,,,,,,,,,2026-04-18 15:24:13.
0,55/111,5/19,Contraction_l_Alik_Bjlk_Cijk_Dijk,"(1024,4096,1,14336)",Cijk_Alik_Bjlk_I8II_BH_MT64x64x16_SN_GLVWA4_GRVW16_K1_SU32_SUS256_TT4_4,NO_CHECK,20431.5,5885.98,,1,32,32,1,1,1,1,1895825408,16777216,,,,,,,,,,2026-04-18 15:24:13.
0,55/111,6/19,Contraction_l_Alik_Bjlk_Cijk_Dijk,"(1024,4096,1,14336)",Cijk_Alik_Bjlk_I8II_BH_MT128x64x16_SN_GLVWA4_GRVW4_K1_SU0_SUS0_TT8_4,NO_CHECK,16318.8,7369.38,,1,16,32,1,1,1,1,1426063360,16777216,,,,,,,,,,2026-04-18 15:24:13.
0,55/111,7/19,Contraction_l_Alik_Bjlk_Cijk_Dijk,"(1024,4096,1,14336)",Cijk_Alik_Bjlk_I8II_BH_MT128x64x16_SN_GLVWA8_GRVW8_K1_SU0_SUS0_TT8_4,NO_CHECK,16531.9,7274.36,,1,16,32,1,1,1,1,1426063360,16777216,,,,,,,,,,2026-04-18 15:24:13.
0,55/111,8/19,Contraction_l_Alik_Bjlk_Cijk_Dijk,"(1024,4096,1,14336)",Cijk_Alik_Bjlk_I8II_BH_MT128x64x16_SN_GLVWA8_GRVW16_K1_SU0_SUS0_TT8_4,NO_CHECK,16301.8,7377.03,,1,16,32,1,1,1,1,1426063360,16777216,,,,,,,,,,2026-04-18 15:24:13.
0,55/111,9/19,Contraction_l_Alik_Bjlk_Cijk_Dijk,"(1024,4096,1,14336)",Cijk_Alik_Bjlk_I8II_BH_MT128x64x16_SN_GLVWA4_GRVW4_K1_SU32_SUS256_TT8_4,NO_CHECK,15416.8,7800.51,,1,16,32,1,1,1,1,1426063360,16777216,,,,,,,,,,2026-04-18 15:24:13.
0,55/111,10/19,Contraction_l_Alik_Bjlk_Cijk_Dijk,"(1024,4096,1,14336)",Cijk_Alik_Bjlk_I8II_BH_MT128x64x16_SN_GLVWA8_GRVW8_K1_SU32_SUS256_TT8_4,NO_CHECK,15378.1,7820.17,,1,16,32,1,1,1,1,1426063360,16777216,,,,,,,,,,2026-04-18 15:24:13.
0,55/111,11/19,Contraction_l_Alik_Bjlk_Cijk_Dijk,"(1024,4096,1,14336)",Cijk_Alik_Bjlk_I8II_BH_MT128x64x16_SN_GLVWA8_GRVW16_K1_SU32_SUS256_TT8_4,NO_CHECK,16296.5,7379.45,,1,16,32,1,1,1,1,1426063360,16777216,,,,,,,,,,2026-04-18 15:24:13.
0,55/111,12/19,Contraction_l_Alik_Bjlk_Cijk_Dijk,"(1024,4096,1,14336)",Cijk_Alik_Bjlk_I8II_BH_MT64x128x16_SN_GLVWA4_GRVW4_K1_SU0_SUS0_TT4_8,NO_CHECK,15315.1,7852.3,,1,16,32,1,1,1,1,1426063360,16777216,,,,,,,,,,2026-04-18 15:24:13.
0,55/111,13/19,Contraction_l_Alik_Bjlk_Cijk_Dijk,"(1024,4096,1,14336)",Cijk_Alik_Bjlk_I8II_BH_MT64x128x16_SN_GLVWA4_GRVW4_K1_SU32_SUS256_TT4_8,NO_CHECK,15299.5,7860.35,,1,16,32,1,1,1,1,1426063360,16777216,,,,,,,,,,2026-04-18 15:24:13.
0,55/111,14/19,Contraction_l_Alik_Bjlk_Cijk_Dijk,"(1024,4096,1,14336)",Cijk_Alik_Bjlk_I8II_BH_MT64x64x32_SN_GLVWA4_GRVW4_K1_SU0_SUS0_TT4_4,NO_CHECK,19870.7,6052.07,,1,32,32,1,1,1,1,1895825408,16777216,,,,,,,,,,2026-04-18 15:24:13.
0,55/111,15/19,Contraction_l_Alik_Bjlk_Cijk_Dijk,"(1024,4096,1,14336)",Cijk_Alik_Bjlk_I8II_BH_MT64x64x32_SN_GLVWA4_GRVW4_K1_SU32_SUS256_TT4_4,NO_CHECK,19570.8,6144.82,,1,32,32,1,1,1,1,1895825408,16777216,,,,,,,,,,2026-04-18 15:24:13.
0,55/111,16/19,Contraction_l_Alik_Bjlk_Cijk_Dijk,"(1024,4096,1,14336)",Cijk_Alik_Bjlk_I8II_BH_MT128x64x32_SN_GLVWA4_GRVW4_K1_SU0_SUS0_TT8_4,NO_CHECK,16310,7373.32,,1,16,32,1,1,1,1,1426063360,16777216,,,,,,,,,,2026-04-18 15:24:13.
0,55/111,17/19,Contraction_l_Alik_Bjlk_Cijk_Dijk,"(1024,4096,1,14336)",Cijk_Alik_Bjlk_I8II_BH_MT128x64x32_SN_GLVWA4_GRVW4_K1_SU32_SUS256_TT8_4,NO_CHECK,16302.4,7376.77,,1,16,32,1,1,1,1,1426063360,16777216,,,,,,,,,,2026-04-18 15:24:13.
0,55/111,18/19,Contraction_l_Alik_Bjlk_Cijk_Dijk,"(1024,4096,1,14336)",Cijk_Alik_Bjlk_I8II_BH_MT64x128x32_SN_GLVWA4_GRVW4_K1_SU0_SUS0_TT4_8,NO_CHECK,16211.9,7417.96,,1,16,32,1,1,1,1,1426063360,16777216,,,,,,,,,,2026-04-18 15:24:13.
0,55/111,19/19,Contraction_l_Alik_Bjlk_Cijk_Dijk,"(1024,4096,1,14336)",Cijk_Alik_Bjlk_I8II_BH_MT64x128x32_SN_GLVWA4_GRVW4_K1_SU32_SUS256_TT4_8,NO_CHECK,16223.4,7412.69,,1,16,32,1,1,1,1,1426063360,16777216,,,,,,,,,,2026-04-18 15:24:14.
0,56/111,0/19,Contraction_l_Alik_Bjlk_Cijk_Dijk,"(1024,8192,1,1024)",Cijk_Alik_Bjlk_I8II_BH_MT64x64x16_SN_GLVWA4_GRVW4_K1_SU0_SUS0_TT4_4,NO_CHECK,2811.68,6110.18,,1,64,32,1,1,1,1,301989888,33554432,,,,,,,,,,2026-04-18 15:24:14.
0,56/111,1/19,Contraction_l_Alik_Bjlk_Cijk_Dijk,"(1024,8192,1,1024)",Cijk_Alik_Bjlk_I8II_BH_MT64x64x16_SN_GLVWA4_GRVW8_K1_SU0_SUS0_TT4_4,NO_CHECK,2803.36,6128.31,,1,64,32,1,1,1,1,301989888,33554432,,,,,,,,,,2026-04-18 15:24:14.
0,56/111,2/19,Contraction_l_Alik_Bjlk_Cijk_Dijk,"(1024,8192,1,1024)",Cijk_Alik_Bjlk_I8II_BH_MT64x64x16_SN_GLVWA4_GRVW16_K1_SU0_SUS0_TT4_4,NO_CHECK,2863.2,6000.23,,1,64,32,1,1,1,1,301989888,33554432,,,,,,,,,,2026-04-18 15:24:14.
0,56/111,3/19,Contraction_l_Alik_Bjlk_Cijk_Dijk,"(1024,8192,1,1024)",Cijk_Alik_Bjlk_I8II_BH_MT64x64x16_SN_GLVWA4_GRVW4_K1_SU32_SUS256_TT4_4,NO_CHECK,2799.72,6136.28,,1,64,32,1,1,1,1,301989888,33554432,,,,,,,,,,2026-04-18 15:24:14.
0,56/111,4/19,Contraction_l_Alik_Bjlk_Cijk_Dijk,"(1024,8192,1,1024)",Cijk_Alik_Bjlk_I8II_BH_MT64x64x16_SN_GLVWA4_GRVW8_K1_SU32_SUS256_TT4_4,NO_CHECK,2836.72,6056.24,,1,64,32,1,1,1,1,301989888,33554432,,,,,,,,,,2026-04-18 15:24:14.
0,56/111,5/19,Contraction_l_Alik_Bjlk_Cijk_Dijk,"(1024,8192,1,1024)",Cijk_Alik_Bjlk_I8II_BH_MT64x64x16_SN_GLVWA4_GRVW16_K1_SU32_SUS256_TT4_4,NO_CHECK,2817.48,6097.6,,1,64,32,1,1,1,1,301989888,33554432,,,,,,,,,,2026-04-18 15:24:14.
0,56/111,6/19,Contraction_l_Alik_Bjlk_Cijk_Dijk,"(1024,8192,1,1024)",Cijk_Alik_Bjlk_I8II_BH_MT128x64x16_SN_GLVWA4_GRVW4_K1_SU0_SUS0_TT8_4,NO_CHECK,2246.03,7648.98,,1,32,32,1,1,1,1,234881024,33554432,,,,,,,,,,2026-04-18 15:24:14.
0,56/111,7/19,Contraction_l_Alik_Bjlk_Cijk_Dijk,"(1024,8192,1,1024)",Cijk_Alik_Bjlk_I8II_BH_MT128x64x16_SN_GLVWA8_GRVW8_K1_SU0_SUS0_TT8_4,NO_CHECK,2238.31,7675.37,,1,32,32,1,1,1,1,234881024,33554432,,,,,,,,,,2026-04-18 15:24:14.
0,56/111,8/19,Contraction_l_Alik_Bjlk_Cijk_Dijk,"(1024,8192,1,1024)",Cijk_Alik_Bjlk_I8II_BH_MT128x64x16_SN_GLVWA8_GRVW16_K1_SU0_SUS0_TT8_4,NO_CHECK,2303.67,7457.6,,1,32,32,1,1,1,1,234881024,33554432,,,,,,,,,,2026-04-18 15:24:14.
0,56/111,9/19,Contraction_l_Alik_Bjlk_Cijk_Dijk,"(1024,8192,1,1024)",Cijk_Alik_Bjlk_I8II_BH_MT128x64x16_SN_GLVWA4_GRVW4_K1_SU32_SUS256_TT8_4,NO_CHECK,2275.87,7548.69,,1,32,32,1,1,1,1,234881024,33554432,,,,,,,,,,2026-04-18 15:24:14.
0,56/111,10/19,Contraction_l_Alik_Bjlk_Cijk_Dijk,"(1024,8192,1,1024)",Cijk_Alik_Bjlk_I8II_BH_MT128x64x16_SN_GLVWA8_GRVW8_K1_SU32_SUS256_TT8_4,NO_CHECK,2271.83,7562.12,,1,32,32,1,1,1,1,234881024,33554432,,,,,,,,,,2026-04-18 15:24:14.
0,56/111,11/19,Contraction_l_Alik_Bjlk_Cijk_Dijk,"(1024,8192,1,1024)",Cijk_Alik_Bjlk_I8II_BH_MT128x64x16_SN_GLVWA8_GRVW16_K1_SU32_SUS256_TT8_4,NO_CHECK,2435.32,7054.47,,1,32,32,1,1,1,1,234881024,33554432,,,,,,,,,,2026-04-18 15:24:14.
0,56/111,12/19,Contraction_l_Alik_Bjlk_Cijk_Dijk,"(1024,8192,1,1024)",Cijk_Alik_Bjlk_I8II_BH_MT64x128x16_SN_GLVWA4_GRVW4_K1_SU0_SUS0_TT4_8,NO_CHECK,2239.63,7670.84,,1,32,32,1,1,1,1,234881024,33554432,,,,,,,,,,2026-04-18 15:24:14.
0,56/111,13/19,Contraction_l_Alik_Bjlk_Cijk_Dijk,"(1024,8192,1,1024)",Cijk_Alik_Bjlk_I8II_BH_MT64x128x16_SN_GLVWA4_GRVW4_K1_SU32_SUS256_TT4_8,NO_CHECK,2298.43,7474.6,,1,32,32,1,1,1,1,234881024,33554432,,,,,,,,,,2026-04-18 15:24:14.
0,56/111,14/19,Contraction_l_Alik_Bjlk_Cijk_Dijk,"(1024,8192,1,1024)",Cijk_Alik_Bjlk_I8II_BH_MT64x64x32_SN_GLVWA4_GRVW4_K1_SU0_SUS0_TT4_4,NO_CHECK,2898.16,5927.85,,1,64,32,1,1,1,1,301989888,33554432,,,,,,,,,,2026-04-18 15:24:14.
0,56/111,15/19,Contraction_l_Alik_Bjlk_Cijk_Dijk,"(1024,8192,1,1024)",Cijk_Alik_Bjlk_I8II_BH_MT64x64x32_SN_GLVWA4_GRVW4_K1_SU32_SUS256_TT4_4,NO_CHECK,2821.4,6089.13,,1,64,32,1,1,1,1,301989888,33554432,,,,,,,,,,2026-04-18 15:24:14.
0,56/111,16/19,Contraction_l_Alik_Bjlk_Cijk_Dijk,"(1024,8192,1,1024)",Cijk_Alik_Bjlk_I8II_BH_MT128x64x32_SN_GLVWA4_GRVW4_K1_SU0_SUS0_TT8_4,NO_CHECK,2255.27,7617.64,,1,32,32,1,1,1,1,234881024,33554432,,,,,,,,,,2026-04-18 15:24:14.
0,56/111,17/19,Contraction_l_Alik_Bjlk_Cijk_Dijk,"(1024,8192,1,1024)",Cijk_Alik_Bjlk_I8II_BH_MT128x64x32_SN_GLVWA4_GRVW4_K1_SU32_SUS256_TT8_4,NO_CHECK,2384.68,7204.28,,1,32,32,1,1,1,1,234881024,33554432,,,,,,,,,,2026-04-18 15:24:14.
0,56/111,18/19,Contraction_l_Alik_Bjlk_Cijk_Dijk,"(1024,8192,1,1024)",Cijk_Alik_Bjlk_I8II_BH_MT64x128x32_SN_GLVWA4_GRVW4_K1_SU0_SUS0_TT4_8,NO_CHECK,2263.75,7589.11,,1,32,32,1,1,1,1,234881024,33554432,,,,,,,,,,2026-04-18 15:24:14.
0,56/111,19/19,Contraction_l_Alik_Bjlk_Cijk_Dijk,"(1024,8192,1,1024)",Cijk_Alik_Bjlk_I8II_BH_MT64x128x32_SN_GLVWA4_GRVW4_K1_SU32_SUS256_TT4_8,NO_CHECK,2233.51,7691.86,,1,32,32,1,1,1,1,234881024,33554432,,,,,,,,,,2026-04-18 15:24:14.
0,57/111,0/19,Contraction_l_Alik_Bjlk_Cijk_Dijk,"(1024,8192,1,4096)",Cijk_Alik_Bjlk_I8II_BH_MT64x64x16_SN_GLVWA4_GRVW4_K1_SU0_SUS0_TT4_4,NO_CHECK,11040.4,6224.34,,1,64,32,1,1,1,1,1107296256,33554432,,,,,,,,,,2026-04-18 15:24:14.
0,57/111,1/19,Contraction_l_Alik_Bjlk_Cijk_Dijk,"(1024,8192,1,4096)",Cijk_Alik_Bjlk_I8II_BH_MT64x64x16_SN_GLVWA4_GRVW8_K1_SU0_SUS0_TT4_4,NO_CHECK,11401.2,6027.39,,1,64,32,1,1,1,1,1107296256,33554432,,,,,,,,,,2026-04-18 15:24:14.
0,57/111,2/19,Contraction_l_Alik_Bjlk_Cijk_Dijk,"(1024,8192,1,4096)",Cijk_Alik_Bjlk_I8II_BH_MT64x64x16_SN_GLVWA4_GRVW16_K1_SU0_SUS0_TT4_4,NO_CHECK,11037.8,6225.85,,1,64,32,1,1,1,1,1107296256,33554432,,,,,,,,,,2026-04-18 15:24:14.
0,57/111,3/19,Contraction_l_Alik_Bjlk_Cijk_Dijk,"(1024,8192,1,4096)",Cijk_Alik_Bjlk_I8II_BH_MT64x64x16_SN_GLVWA4_GRVW4_K1_SU32_SUS256_TT4_4,NO_CHECK,11186.1,6143.28,,1,64,32,1,1,1,1,1107296256,33554432,,,,,,,,,,2026-04-18 15:24:14.
0,57/111,4/19,Contraction_l_Alik_Bjlk_Cijk_Dijk,"(1024,8192,1,4096)",Cijk_Alik_Bjlk_I8II_BH_MT64x64x16_SN_GLVWA4_GRVW8_K1_SU32_SUS256_TT4_4,NO_CHECK,11409.3,6023.12,,1,64,32,1,1,1,1,1107296256,33554432,,,,,,,,,,2026-04-18 15:24:14.
0,57/111,5/19,Contraction_l_Alik_Bjlk_Cijk_Dijk,"(1024,8192,1,4096)",Cijk_Alik_Bjlk_I8II_BH_MT64x64x16_SN_GLVWA4_GRVW16_K1_SU32_SUS256_TT4_4,NO_CHECK,11011.9,6240.48,,1,64,32,1,1,1,1,1107296256,33554432,,,,,,,,,,2026-04-18 15:24:14.
0,57/111,6/19,Contraction_l_Alik_Bjlk_Cijk_Dijk,"(1024,8192,1,4096)",Cijk_Alik_Bjlk_I8II_BH_MT128x64x16_SN_GLVWA4_GRVW4_K1_SU0_SUS0_TT8_4,NO_CHECK,8814.17,7796.48,,1,32,32,1,1,1,1,838860800,33554432,,,,,,,,,,2026-04-18 15:24:14.
0,57/111,7/19,Contraction_l_Alik_Bjlk_Cijk_Dijk,"(1024,8192,1,4096)",Cijk_Alik_Bjlk_I8II_BH_MT128x64x16_SN_GLVWA8_GRVW8_K1_SU0_SUS0_TT8_4,NO_CHECK,8810.21,7799.98,,1,32,32,1,1,1,1,838860800,33554432,,,,,,,,,,2026-04-18 15:24:14.
0,57/111,8/19,Contraction_l_Alik_Bjlk_Cijk_Dijk,"(1024,8192,1,4096)",Cijk_Alik_Bjlk_I8II_BH_MT128x64x16_SN_GLVWA8_GRVW16_K1_SU0_SUS0_TT8_4,NO_CHECK,9207.14,7463.72,,1,32,32,1,1,1,1,838860800,33554432,,,,,,,,,,2026-04-18 15:24:14.
0,57/111,9/19,Contraction_l_Alik_Bjlk_Cijk_Dijk,"(1024,8192,1,4096)",Cijk_Alik_Bjlk_I8II_BH_MT128x64x16_SN_GLVWA4_GRVW4_K1_SU32_SUS256_TT8_4,NO_CHECK,8793.85,7814.49,,1,32,32,1,1,1,1,838860800,33554432,,,,,,,,,,2026-04-18 15:24:14.
0,57/111,10/19,Contraction_l_Alik_Bjlk_Cijk_Dijk,"(1024,8192,1,4096)",Cijk_Alik_Bjlk_I8II_BH_MT128x64x16_SN_GLVWA8_GRVW8_K1_SU32_SUS256_TT8_4,NO_CHECK,8768.37,7837.2,,1,32,32,1,1,1,1,838860800,33554432,,,,,,,,,,2026-04-18 15:24:14.
0,57/111,11/19,Contraction_l_Alik_Bjlk_Cijk_Dijk,"(1024,8192,1,4096)",Cijk_Alik_Bjlk_I8II_BH_MT128x64x16_SN_GLVWA8_GRVW16_K1_SU32_SUS256_TT8_4,NO_CHECK,8776.61,7829.84,,1,32,32,1,1,1,1,838860800,33554432,,,,,,,,,,2026-04-18 15:24:14.
0,57/111,12/19,Contraction_l_Alik_Bjlk_Cijk_Dijk,"(1024,8192,1,4096)",Cijk_Alik_Bjlk_I8II_BH_MT64x128x16_SN_GLVWA4_GRVW4_K1_SU0_SUS0_TT4_8,NO_CHECK,8735.49,7866.7,,1,32,32,1,1,1,1,838860800,33554432,,,,,,,,,,2026-04-18 15:24:14.
0,57/111,13/19,Contraction_l_Alik_Bjlk_Cijk_Dijk,"(1024,8192,1,4096)",Cijk_Alik_Bjlk_I8II_BH_MT64x128x16_SN_GLVWA4_GRVW4_K1_SU32_SUS256_TT4_8,NO_CHECK,9032.57,7607.96,,1,32,32,1,1,1,1,838860800,33554432,,,,,,,,,,2026-04-18 15:24:14.
0,57/111,14/19,Contraction_l_Alik_Bjlk_Cijk_Dijk,"(1024,8192,1,4096)",Cijk_Alik_Bjlk_I8II_BH_MT64x64x32_SN_GLVWA4_GRVW4_K1_SU0_SUS0_TT4_4,NO_CHECK,11200.5,6135.38,,1,64,32,1,1,1,1,1107296256,33554432,,,,,,,,,,2026-04-18 15:24:14.
0,57/111,15/19,Contraction_l_Alik_Bjlk_Cijk_Dijk,"(1024,8192,1,4096)",Cijk_Alik_Bjlk_I8II_BH_MT64x64x32_SN_GLVWA4_GRVW4_K1_SU32_SUS256_TT4_4,NO_CHECK,10997.5,6248.66,,1,64,32,1,1,1,1,1107296256,33554432,,,,,,,,,,2026-04-18 15:24:14.
0,57/111,16/19,Contraction_l_Alik_Bjlk_Cijk_Dijk,"(1024,8192,1,4096)",Cijk_Alik_Bjlk_I8II_BH_MT128x64x32_SN_GLVWA4_GRVW4_K1_SU0_SUS0_TT8_4,NO_CHECK,8785.41,7822,,1,32,32,1,1,1,1,838860800,33554432,,,,,,,,,,2026-04-18 15:24:14.
0,57/111,17/19,Contraction_l_Alik_Bjlk_Cijk_Dijk,"(1024,8192,1,4096)",Cijk_Alik_Bjlk_I8II_BH_MT128x64x32_SN_GLVWA4_GRVW4_K1_SU32_SUS256_TT8_4,NO_CHECK,9043.57,7598.71,,1,32,32,1,1,1,1,838860800,33554432,,,,,,,,,,2026-04-18 15:24:14.
0,57/111,18/19,Contraction_l_Alik_Bjlk_Cijk_Dijk,"(1024,8192,1,4096)",Cijk_Alik_Bjlk_I8II_BH_MT64x128x32_SN_GLVWA4_GRVW4_K1_SU0_SUS0_TT4_8,NO_CHECK,8982.37,7650.48,,1,32,32,1,1,1,1,838860800,33554432,,,,,,,,,,2026-04-18 15:24:14.
0,57/111,19/19,Contraction_l_Alik_Bjlk_Cijk_Dijk,"(1024,8192,1,4096)",Cijk_Alik_Bjlk_I8II_BH_MT64x128x32_SN_GLVWA4_GRVW4_K1_SU32_SUS256_TT4_8,NO_CHECK,9010.81,7626.34,,1,32,32,1,1,1,1,838860800,33554432,,,,,,,,,,2026-04-18 15:24:14.
0,58/111,0/19,Contraction_l_Alik_Bjlk_Cijk_Dijk,"(1024,8192,1,8192)",Cijk_Alik_Bjlk_I8II_BH_MT64x64x16_SN_GLVWA4_GRVW4_K1_SU0_SUS0_TT4_4,NO_CHECK,22635.3,6071.89,,1,64,32,1,1,1,1,2181038080,33554432,,,,,,,,,,2026-04-18 15:24:14.
0,58/111,1/19,Contraction_l_Alik_Bjlk_Cijk_Dijk,"(1024,8192,1,8192)",Cijk_Alik_Bjlk_I8II_BH_MT64x64x16_SN_GLVWA4_GRVW8_K1_SU0_SUS0_TT4_4,NO_CHECK,21992.9,6249.25,,1,64,32,1,1,1,1,2181038080,33554432,,,,,,,,,,2026-04-18 15:24:14.
0,58/111,2/19,Contraction_l_Alik_Bjlk_Cijk_Dijk,"(1024,8192,1,8192)",Cijk_Alik_Bjlk_I8II_BH_MT64x64x16_SN_GLVWA4_GRVW16_K1_SU0_SUS0_TT4_4,NO_CHECK,22315.5,6158.89,,1,64,32,1,1,1,1,2181038080,33554432,,,,,,,,,,2026-04-18 15:24:14.
0,58/111,3/19,Contraction_l_Alik_Bjlk_Cijk_Dijk,"(1024,8192,1,8192)",Cijk_Alik_Bjlk_I8II_BH_MT64x64x16_SN_GLVWA4_GRVW4_K1_SU32_SUS256_TT4_4,NO_CHECK,22312.1,6159.83,,1,64,32,1,1,1,1,2181038080,33554432,,,,,,,,,,2026-04-18 15:24:14.
0,58/111,4/19,Contraction_l_Alik_Bjlk_Cijk_Dijk,"(1024,8192,1,8192)",Cijk_Alik_Bjlk_I8II_BH_MT64x64x16_SN_GLVWA4_GRVW8_K1_SU32_SUS256_TT4_4,NO_CHECK,21986.3,6251.12,,1,64,32,1,1,1,1,2181038080,33554432,,,,,,,,,,2026-04-18 15:24:14.
0,58/111,5/19,Contraction_l_Alik_Bjlk_Cijk_Dijk,"(1024,8192,1,8192)",Cijk_Alik_Bjlk_I8II_BH_MT64x64x16_SN_GLVWA4_GRVW16_K1_SU32_SUS256_TT4_4,NO_CHECK,21997.3,6247.99,,1,64,32,1,1,1,1,2181038080,33554432,,,,,,,,,,2026-04-18 15:24:14.
0,58/111,6/19,Contraction_l_Alik_Bjlk_Cijk_Dijk,"(1024,8192,1,8192)",Cijk_Alik_Bjlk_I8II_BH_MT128x64x16_SN_GLVWA4_GRVW4_K1_SU0_SUS0_TT8_4,NO_CHECK,17789.6,7725.81,,1,32,32,1,1,1,1,1644167168,33554432,,,,,,,,,,2026-04-18 15:24:14.
0,58/111,7/19,Contraction_l_Alik_Bjlk_Cijk_Dijk,"(1024,8192,1,8192)",Cijk_Alik_Bjlk_I8II_BH_MT128x64x16_SN_GLVWA8_GRVW8_K1_SU0_SUS0_TT8_4,NO_CHECK,18053.5,7612.88,,1,32,32,1,1,1,1,1644167168,33554432,,,,,,,,,,2026-04-18 15:24:14.
0,58/111,8/19,Contraction_l_Alik_Bjlk_Cijk_Dijk,"(1024,8192,1,8192)",Cijk_Alik_Bjlk_I8II_BH_MT128x64x16_SN_GLVWA8_GRVW16_K1_SU0_SUS0_TT8_4,NO_CHECK,18039.1,7618.93,,1,32,32,1,1,1,1,1644167168,33554432,,,,,,,,,,2026-04-18 15:24:14.
0,58/111,9/19,Contraction_l_Alik_Bjlk_Cijk_Dijk,"(1024,8192,1,8192)",Cijk_Alik_Bjlk_I8II_BH_MT128x64x16_SN_GLVWA4_GRVW4_K1_SU32_SUS256_TT8_4,NO_CHECK,18064.5,7608.25,,1,32,32,1,1,1,1,1644167168,33554432,,,,,,,,,,2026-04-18 15:24:14.
0,58/111,10/19,Contraction_l_Alik_Bjlk_Cijk_Dijk,"(1024,8192,1,8192)",Cijk_Alik_Bjlk_I8II_BH_MT128x64x16_SN_GLVWA8_GRVW8_K1_SU32_SUS256_TT8_4,NO_CHECK,17525.6,7842.19,,1,32,32,1,1,1,1,1644167168,33554432,,,,,,,,,,2026-04-18 15:24:14.
0,58/111,11/19,Contraction_l_Alik_Bjlk_Cijk_Dijk,"(1024,8192,1,8192)",Cijk_Alik_Bjlk_I8II_BH_MT128x64x16_SN_GLVWA8_GRVW16_K1_SU32_SUS256_TT8_4,NO_CHECK,18167.9,7564.93,,1,32,32,1,1,1,1,1644167168,33554432,,,,,,,,,,2026-04-18 15:24:14.
0,58/111,12/19,Contraction_l_Alik_Bjlk_Cijk_Dijk,"(1024,8192,1,8192)",Cijk_Alik_Bjlk_I8II_BH_MT64x128x16_SN_GLVWA4_GRVW4_K1_SU0_SUS0_TT4_8,NO_CHECK,18065.7,7607.71,,1,32,32,1,1,1,1,1644167168,33554432,,,,,,,,,,2026-04-18 15:24:14.
0,58/111,13/19,Contraction_l_Alik_Bjlk_Cijk_Dijk,"(1024,8192,1,8192)",Cijk_Alik_Bjlk_I8II_BH_MT64x128x16_SN_GLVWA4_GRVW4_K1_SU32_SUS256_TT4_8,NO_CHECK,17449.6,7876.35,,1,32,32,1,1,1,1,1644167168,33554432,,,,,,,,,,2026-04-18 15:24:14.
0,58/111,14/19,Contraction_l_Alik_Bjlk_Cijk_Dijk,"(1024,8192,1,8192)",Cijk_Alik_Bjlk_I8II_BH_MT64x64x32_SN_GLVWA4_GRVW4_K1_SU0_SUS0_TT4_4,NO_CHECK,22288.5,6166.36,,1,64,32,1,1,1,1,2181038080,33554432,,,,,,,,,,2026-04-18 15:24:14.
0,58/111,15/19,Contraction_l_Alik_Bjlk_Cijk_Dijk,"(1024,8192,1,8192)",Cijk_Alik_Bjlk_I8II_BH_MT64x64x32_SN_GLVWA4_GRVW4_K1_SU32_SUS256_TT4_4,NO_CHECK,21999.7,6247.3,,1,64,32,1,1,1,1,2181038080,33554432,,,,,,,,,,2026-04-18 15:24:14.
0,58/111,16/19,Contraction_l_Alik_Bjlk_Cijk_Dijk,"(1024,8192,1,8192)",Cijk_Alik_Bjlk_I8II_BH_MT128x64x32_SN_GLVWA4_GRVW4_K1_SU0_SUS0_TT8_4,NO_CHECK,17805.1,7719.06,,1,32,32,1,1,1,1,1644167168,33554432,,,,,,,,,,2026-04-18 15:24:14.
0,58/111,17/19,Contraction_l_Alik_Bjlk_Cijk_Dijk,"(1024,8192,1,8192)",Cijk_Alik_Bjlk_I8II_BH_MT128x64x32_SN_GLVWA4_GRVW4_K1_SU32_SUS256_TT8_4,NO_CHECK,18254.3,7529.12,,1,32,32,1,1,1,1,1644167168,33554432,,,,,,,,,,2026-04-18 15:24:14.
0,58/111,18/19,Contraction_l_Alik_Bjlk_Cijk_Dijk,"(1024,8192,1,8192)",Cijk_Alik_Bjlk_I8II_BH_MT64x128x32_SN_GLVWA4_GRVW4_K1_SU0_SUS0_TT4_8,NO_CHECK,17949,7657.18,,1,32,32,1,1,1,1,1644167168,33554432,,,,,,,,,,2026-04-18 15:24:14.
0,58/111,19/19,Contraction_l_Alik_Bjlk_Cijk_Dijk,"(1024,8192,1,8192)",Cijk_Alik_Bjlk_I8II_BH_MT64x128x32_SN_GLVWA4_GRVW4_K1_SU32_SUS256_TT4_8,NO_CHECK,17917.5,7670.67,,1,32,32,1,1,1,1,1644167168,33554432,,,,,,,,,,2026-04-18 15:24:14.
0,59/111,0/19,Contraction_l_Alik_Bjlk_Cijk_Dijk,"(1024,8192,1,14336)",Cijk_Alik_Bjlk_I8II_BH_MT64x64x16_SN_GLVWA4_GRVW4_K1_SU0_SUS0_TT4_4,NO_CHECK,38463.6,6253.13,,1,64,32,1,1,1,1,3791650816,33554432,,,,,,,,,,2026-04-18 15:24:14.
0,59/111,1/19,Contraction_l_Alik_Bjlk_Cijk_Dijk,"(1024,8192,1,14336)",Cijk_Alik_Bjlk_I8II_BH_MT64x64x16_SN_GLVWA4_GRVW8_K1_SU0_SUS0_TT4_4,NO_CHECK,38469.6,6252.17,,1,64,32,1,1,1,1,3791650816,33554432,,,,,,,,,,2026-04-18 15:24:14.
0,59/111,2/19,Contraction_l_Alik_Bjlk_Cijk_Dijk,"(1024,8192,1,14336)",Cijk_Alik_Bjlk_I8II_BH_MT64x64x16_SN_GLVWA4_GRVW16_K1_SU0_SUS0_TT4_4,NO_CHECK,38632.5,6225.79,,1,64,32,1,1,1,1,3791650816,33554432,,,,,,,,,,2026-04-18 15:24:14.
0,59/111,3/19,Contraction_l_Alik_Bjlk_Cijk_Dijk,"(1024,8192,1,14336)",Cijk_Alik_Bjlk_I8II_BH_MT64x64x16_SN_GLVWA4_GRVW4_K1_SU32_SUS256_TT4_4,NO_CHECK,38442,6256.65,,1,64,32,1,1,1,1,3791650816,33554432,,,,,,,,,,2026-04-18 15:24:14.
0,59/111,4/19,Contraction_l_Alik_Bjlk_Cijk_Dijk,"(1024,8192,1,14336)",Cijk_Alik_Bjlk_I8II_BH_MT64x64x16_SN_GLVWA4_GRVW8_K1_SU32_SUS256_TT4_4,NO_CHECK,38732.3,6209.75,,1,64,32,1,1,1,1,3791650816,33554432,,,,,,,,,,2026-04-18 15:24:14.
0,59/111,5/19,Contraction_l_Alik_Bjlk_Cijk_Dijk,"(1024,8192,1,14336)",Cijk_Alik_Bjlk_I8II_BH_MT64x64x16_SN_GLVWA4_GRVW16_K1_SU32_SUS256_TT4_4,NO_CHECK,38465.5,6252.83,,1,64,32,1,1,1,1,3791650816,33554432,,,,,,,,,,2026-04-18 15:24:14.
0,59/111,6/19,Contraction_l_Alik_Bjlk_Cijk_Dijk,"(1024,8192,1,14336)",Cijk_Alik_Bjlk_I8II_BH_MT128x64x16_SN_GLVWA4_GRVW4_K1_SU0_SUS0_TT8_4,NO_CHECK,30697.9,7835.01,,1,32,32,1,1,1,1,2852126720,33554432,,,,,,,,,,2026-04-18 15:24:14.
0,59/111,7/19,Contraction_l_Alik_Bjlk_Cijk_Dijk,"(1024,8192,1,14336)",Cijk_Alik_Bjlk_I8II_BH_MT128x64x16_SN_GLVWA8_GRVW8_K1_SU0_SUS0_TT8_4,NO_CHECK,31095.7,7734.78,,1,32,32,1,1,1,1,2852126720,33554432,,,,,,,,,,2026-04-18 15:24:14.
0,59/111,8/19,Contraction_l_Alik_Bjlk_Cijk_Dijk,"(1024,8192,1,14336)",Cijk_Alik_Bjlk_I8II_BH_MT128x64x16_SN_GLVWA8_GRVW16_K1_SU0_SUS0_TT8_4,NO_CHECK,31576.1,7617.09,,1,32,32,1,1,1,1,2852126720,33554432,,,,,,,,,,2026-04-18 15:24:14.
0,59/111,9/19,Contraction_l_Alik_Bjlk_Cijk_Dijk,"(1024,8192,1,14336)",Cijk_Alik_Bjlk_I8II_BH_MT128x64x16_SN_GLVWA4_GRVW4_K1_SU32_SUS256_TT8_4,NO_CHECK,30644.6,7848.63,,1,32,32,1,1,1,1,2852126720,33554432,,,,,,,,,,2026-04-18 15:24:15.
0,59/111,10/19,Contraction_l_Alik_Bjlk_Cijk_Dijk,"(1024,8192,1,14336)",Cijk_Alik_Bjlk_I8II_BH_MT128x64x16_SN_GLVWA8_GRVW8_K1_SU32_SUS256_TT8_4,NO_CHECK,30618.2,7855.39,,1,32,32,1,1,1,1,2852126720,33554432,,,,,,,,,,2026-04-18 15:24:15.
0,59/111,11/19,Contraction_l_Alik_Bjlk_Cijk_Dijk,"(1024,8192,1,14336)",Cijk_Alik_Bjlk_I8II_BH_MT128x64x16_SN_GLVWA8_GRVW16_K1_SU32_SUS256_TT8_4,NO_CHECK,30639.3,7849.98,,1,32,32,1,1,1,1,2852126720,33554432,,,,,,,,,,2026-04-18 15:24:15.
0,59/111,12/19,Contraction_l_Alik_Bjlk_Cijk_Dijk,"(1024,8192,1,14336)",Cijk_Alik_Bjlk_I8II_BH_MT64x128x16_SN_GLVWA4_GRVW4_K1_SU0_SUS0_TT4_8,NO_CHECK,30446.7,7899.64,,1,32,32,1,1,1,1,2852126720,33554432,,,,,,,,,,2026-04-18 15:24:15.
0,59/111,13/19,Contraction_l_Alik_Bjlk_Cijk_Dijk,"(1024,8192,1,14336)",Cijk_Alik_Bjlk_I8II_BH_MT64x128x16_SN_GLVWA4_GRVW4_K1_SU32_SUS256_TT4_8,NO_CHECK,30467.4,7894.29,,1,32,32,1,1,1,1,2852126720,33554432,,,,,,,,,,2026-04-18 15:24:15.
0,59/111,14/19,Contraction_l_Alik_Bjlk_Cijk_Dijk,"(1024,8192,1,14336)",Cijk_Alik_Bjlk_I8II_BH_MT64x64x32_SN_GLVWA4_GRVW4_K1_SU0_SUS0_TT4_4,NO_CHECK,38627.8,6226.55,,1,64,32,1,1,1,1,3791650816,33554432,,,,,,,,,,2026-04-18 15:24:15.
0,59/111,15/19,Contraction_l_Alik_Bjlk_Cijk_Dijk,"(1024,8192,1,14336)",Cijk_Alik_Bjlk_I8II_BH_MT64x64x32_SN_GLVWA4_GRVW4_K1_SU32_SUS256_TT4_4,NO_CHECK,38452.2,6254.98,,1,64,32,1,1,1,1,3791650816,33554432,,,,,,,,,,2026-04-18 15:24:15.
0,59/111,16/19,Contraction_l_Alik_Bjlk_Cijk_Dijk,"(1024,8192,1,14336)",Cijk_Alik_Bjlk_I8II_BH_MT128x64x32_SN_GLVWA4_GRVW4_K1_SU0_SUS0_TT8_4,NO_CHECK,30802.3,7808.44,,1,32,32,1,1,1,1,2852126720,33554432,,,,,,,,,,2026-04-18 15:24:15.
0,59/111,17/19,Contraction_l_Alik_Bjlk_Cijk_Dijk,"(1024,8192,1,14336)",Cijk_Alik_Bjlk_I8II_BH_MT128x64x32_SN_GLVWA4_GRVW4_K1_SU32_SUS256_TT8_4,NO_CHECK,30625.3,7853.58,,1,32,32,1,1,1,1,2852126720,33554432,,,,,,,,,,2026-04-18 15:24:15.
0,59/111,18/19,Contraction_l_Alik_Bjlk_Cijk_Dijk,"(1024,8192,1,14336)",Cijk_Alik_Bjlk_I8II_BH_MT64x128x32_SN_GLVWA4_GRVW4_K1_SU0_SUS0_TT4_8,NO_CHECK,30423.2,7905.74,,1,32,32,1,1,1,1,2852126720,33554432,,,,,,,,,,2026-04-18 15:24:15.
0,59/111,19/19,Contraction_l_Alik_Bjlk_Cijk_Dijk,"(1024,8192,1,14336)",Cijk_Alik_Bjlk_I8II_BH_MT64x128x32_SN_GLVWA4_GRVW4_K1_SU32_SUS256_TT4_8,NO_CHECK,31342.7,7673.83,,1,32,32,1,1,1,1,2852126720,33554432,,,,,,,,,,2026-04-18 15:24:15.
0,60/111,0/19,Contraction_l_Alik_Bjlk_Cijk_Dijk,"(1024,14336,1,1024)",Cijk_Alik_Bjlk_I8II_BH_MT64x64x16_SN_GLVWA4_GRVW4_K1_SU0_SUS0_TT4_4,NO_CHECK,4926.91,6102.15,,1,112,32,1,1,1,1,528482304,58720256,,,,,,,,,,2026-04-18 15:24:15.
0,60/111,1/19,Contraction_l_Alik_Bjlk_Cijk_Dijk,"(1024,14336,1,1024)",Cijk_Alik_Bjlk_I8II_BH_MT64x64x16_SN_GLVWA4_GRVW8_K1_SU0_SUS0_TT4_4,NO_CHECK,4825.63,6230.23,,1,112,32,1,1,1,1,528482304,58720256,,,,,,,,,,2026-04-18 15:24:15.
0,60/111,2/19,Contraction_l_Alik_Bjlk_Cijk_Dijk,"(1024,14336,1,1024)",Cijk_Alik_Bjlk_I8II_BH_MT64x64x16_SN_GLVWA4_GRVW16_K1_SU0_SUS0_TT4_4,NO_CHECK,4845.23,6205.02,,1,112,32,1,1,1,1,528482304,58720256,,,,,,,,,,2026-04-18 15:24:15.
0,60/111,3/19,Contraction_l_Alik_Bjlk_Cijk_Dijk,"(1024,14336,1,1024)",Cijk_Alik_Bjlk_I8II_BH_MT64x64x16_SN_GLVWA4_GRVW4_K1_SU32_SUS256_TT4_4,NO_CHECK,5038.55,5966.94,,1,112,32,1,1,1,1,528482304,58720256,,,,,,,,,,2026-04-18 15:24:15.
0,60/111,4/19,Contraction_l_Alik_Bjlk_Cijk_Dijk,"(1024,14336,1,1024)",Cijk_Alik_Bjlk_I8II_BH_MT64x64x16_SN_GLVWA4_GRVW8_K1_SU32_SUS256_TT4_4,NO_CHECK,4842.71,6208.25,,1,112,32,1,1,1,1,528482304,58720256,,,,,,,,,,2026-04-18 15:24:15.
0,60/111,5/19,Contraction_l_Alik_Bjlk_Cijk_Dijk,"(1024,14336,1,1024)",Cijk_Alik_Bjlk_I8II_BH_MT64x64x16_SN_GLVWA4_GRVW16_K1_SU32_SUS256_TT4_4,NO_CHECK,4879.79,6161.08,,1,112,32,1,1,1,1,528482304,58720256,,,,,,,,,,2026-04-18 15:24:15.
0,60/111,6/19,Contraction_l_Alik_Bjlk_Cijk_Dijk,"(1024,14336,1,1024)",Cijk_Alik_Bjlk_I8II_BH_MT128x64x16_SN_GLVWA4_GRVW4_K1_SU0_SUS0_TT8_4,NO_CHECK,3986.74,7541.19,,1,56,32,1,1,1,1,411041792,58720256,,,,,,,,,,2026-04-18 15:24:15.
0,60/111,7/19,Contraction_l_Alik_Bjlk_Cijk_Dijk,"(1024,14336,1,1024)",Cijk_Alik_Bjlk_I8II_BH_MT128x64x16_SN_GLVWA8_GRVW8_K1_SU0_SUS0_TT8_4,NO_CHECK,3858.5,7791.83,,1,56,32,1,1,1,1,411041792,58720256,,,,,,,,,,2026-04-18 15:24:15.
0,60/111,8/19,Contraction_l_Alik_Bjlk_Cijk_Dijk,"(1024,14336,1,1024)",Cijk_Alik_Bjlk_I8II_BH_MT128x64x16_SN_GLVWA8_GRVW16_K1_SU0_SUS0_TT8_4,NO_CHECK,4017.02,7484.35,,1,56,32,1,1,1,1,411041792,58720256,,,,,,,,,,2026-04-18 15:24:15.
0,60/111,9/19,Contraction_l_Alik_Bjlk_Cijk_Dijk,"(1024,14336,1,1024)",Cijk_Alik_Bjlk_I8II_BH_MT128x64x16_SN_GLVWA4_GRVW4_K1_SU32_SUS256_TT8_4,NO_CHECK,3891.58,7725.6,,1,56,32,1,1,1,1,411041792,58720256,,,,,,,,,,2026-04-18 15:24:15.
0,60/111,10/19,Contraction_l_Alik_Bjlk_Cijk_Dijk,"(1024,14336,1,1024)",Cijk_Alik_Bjlk_I8II_BH_MT128x64x16_SN_GLVWA8_GRVW8_K1_SU32_SUS256_TT8_4,NO_CHECK,3927.62,7654.71,,1,56,32,1,1,1,1,411041792,58720256,,,,,,,,,,2026-04-18 15:24:15.
0,60/111,11/19,Contraction_l_Alik_Bjlk_Cijk_Dijk,"(1024,14336,1,1024)",Cijk_Alik_Bjlk_I8II_BH_MT128x64x16_SN_GLVWA8_GRVW16_K1_SU32_SUS256_TT8_4,NO_CHECK,3894.66,7719.49,,1,56,32,1,1,1,1,411041792,58720256,,,,,,,,,,2026-04-18 15:24:15.
0,60/111,12/19,Contraction_l_Alik_Bjlk_Cijk_Dijk,"(1024,14336,1,1024)",Cijk_Alik_Bjlk_I8II_BH_MT64x128x16_SN_GLVWA4_GRVW4_K1_SU0_SUS0_TT4_8,NO_CHECK,3997.78,7520.37,,1,56,32,1,1,1,1,411041792,58720256,,,,,,,,,,2026-04-18 15:24:15.
0,60/111,13/19,Contraction_l_Alik_Bjlk_Cijk_Dijk,"(1024,14336,1,1024)",Cijk_Alik_Bjlk_I8II_BH_MT64x128x16_SN_GLVWA4_GRVW4_K1_SU32_SUS256_TT4_8,NO_CHECK,3847.42,7814.28,,1,56,32,1,1,1,1,411041792,58720256,,,,,,,,,,2026-04-18 15:24:15.
0,60/111,14/19,Contraction_l_Alik_Bjlk_Cijk_Dijk,"(1024,14336,1,1024)",Cijk_Alik_Bjlk_I8II_BH_MT64x64x32_SN_GLVWA4_GRVW4_K1_SU0_SUS0_TT4_4,NO_CHECK,4977.11,6040.6,,1,112,32,1,1,1,1,528482304,58720256,,,,,,,,,,2026-04-18 15:24:15.
0,60/111,15/19,Contraction_l_Alik_Bjlk_Cijk_Dijk,"(1024,14336,1,1024)",Cijk_Alik_Bjlk_I8II_BH_MT64x64x32_SN_GLVWA4_GRVW4_K1_SU32_SUS256_TT4_4,NO_CHECK,4873.59,6168.92,,1,112,32,1,1,1,1,528482304,58720256,,,,,,,,,,2026-04-18 15:24:15.
0,60/111,16/19,Contraction_l_Alik_Bjlk_Cijk_Dijk,"(1024,14336,1,1024)",Cijk_Alik_Bjlk_I8II_BH_MT128x64x32_SN_GLVWA4_GRVW4_K1_SU0_SUS0_TT8_4,NO_CHECK,4009.46,7498.46,,1,56,32,1,1,1,1,411041792,58720256,,,,,,,,,,2026-04-18 15:24:15.
0,60/111,17/19,Contraction_l_Alik_Bjlk_Cijk_Dijk,"(1024,14336,1,1024)",Cijk_Alik_Bjlk_I8II_BH_MT128x64x32_SN_GLVWA4_GRVW4_K1_SU32_SUS256_TT8_4,NO_CHECK,3915.54,7678.32,,1,56,32,1,1,1,1,411041792,58720256,,,,,,,,,,2026-04-18 15:24:15.
0,60/111,18/19,Contraction_l_Alik_Bjlk_Cijk_Dijk,"(1024,14336,1,1024)",Cijk_Alik_Bjlk_I8II_BH_MT64x128x32_SN_GLVWA4_GRVW4_K1_SU0_SUS0_TT4_8,NO_CHECK,3875.54,7757.58,,1,56,32,1,1,1,1,411041792,58720256,,,,,,,,,,2026-04-18 15:24:15.
0,60/111,19/19,Contraction_l_Alik_Bjlk_Cijk_Dijk,"(1024,14336,1,1024)",Cijk_Alik_Bjlk_I8II_BH_MT64x128x32_SN_GLVWA4_GRVW4_K1_SU32_SUS256_TT4_8,NO_CHECK,3843.42,7822.41,,1,56,32,1,1,1,1,411041792,58720256,,,,,,,,,,2026-04-18 15:24:15.
0,61/111,0/19,Contraction_l_Alik_Bjlk_Cijk_Dijk,"(1024,14336,1,4096)",Cijk_Alik_Bjlk_I8II_BH_MT64x64x16_SN_GLVWA4_GRVW4_K1_SU0_SUS0_TT4_4,NO_CHECK,19247.3,6248.11,,1,112,32,1,1,1,1,1937768448,58720256,,,,,,,,,,2026-04-18 15:24:15.
0,61/111,1/19,Contraction_l_Alik_Bjlk_Cijk_Dijk,"(1024,14336,1,4096)",Cijk_Alik_Bjlk_I8II_BH_MT64x64x16_SN_GLVWA4_GRVW8_K1_SU0_SUS0_TT4_4,NO_CHECK,19227.5,6254.54,,1,112,32,1,1,1,1,1937768448,58720256,,,,,,,,,,2026-04-18 15:24:15.
0,61/111,2/19,Contraction_l_Alik_Bjlk_Cijk_Dijk,"(1024,14336,1,4096)",Cijk_Alik_Bjlk_I8II_BH_MT64x64x16_SN_GLVWA4_GRVW16_K1_SU0_SUS0_TT4_4,NO_CHECK,19214.3,6258.84,,1,112,32,1,1,1,1,1937768448,58720256,,,,,,,,,,2026-04-18 15:24:15.
0,61/111,3/19,Contraction_l_Alik_Bjlk_Cijk_Dijk,"(1024,14336,1,4096)",Cijk_Alik_Bjlk_I8II_BH_MT64x64x16_SN_GLVWA4_GRVW4_K1_SU32_SUS256_TT4_4,NO_CHECK,19222.9,6256.04,,1,112,32,1,1,1,1,1937768448,58720256,,,,,,,,,,2026-04-18 15:24:15.
0,61/111,4/19,Contraction_l_Alik_Bjlk_Cijk_Dijk,"(1024,14336,1,4096)",Cijk_Alik_Bjlk_I8II_BH_MT64x64x16_SN_GLVWA4_GRVW8_K1_SU32_SUS256_TT4_4,NO_CHECK,19224.2,6255.61,,1,112,32,1,1,1,1,1937768448,58720256,,,,,,,,,,2026-04-18 15:24:15.
0,61/111,5/19,Contraction_l_Alik_Bjlk_Cijk_Dijk,"(1024,14336,1,4096)",Cijk_Alik_Bjlk_I8II_BH_MT64x64x16_SN_GLVWA4_GRVW16_K1_SU32_SUS256_TT4_4,NO_CHECK,19229.2,6253.98,,1,112,32,1,1,1,1,1937768448,58720256,,,,,,,,,,2026-04-18 15:24:15.
0,61/111,6/19,Contraction_l_Alik_Bjlk_Cijk_Dijk,"(1024,14336,1,4096)",Cijk_Alik_Bjlk_I8II_BH_MT128x64x16_SN_GLVWA4_GRVW4_K1_SU0_SUS0_TT8_4,NO_CHECK,15331.1,7844.14,,1,56,32,1,1,1,1,1468006400,58720256,,,,,,,,,,2026-04-18 15:24:15.
0,61/111,7/19,Contraction_l_Alik_Bjlk_Cijk_Dijk,"(1024,14336,1,4096)",Cijk_Alik_Bjlk_I8II_BH_MT128x64x16_SN_GLVWA8_GRVW8_K1_SU0_SUS0_TT8_4,NO_CHECK,15573.9,7721.83,,1,56,32,1,1,1,1,1468006400,58720256,,,,,,,,,,2026-04-18 15:24:15.
0,61/111,8/19,Contraction_l_Alik_Bjlk_Cijk_Dijk,"(1024,14336,1,4096)",Cijk_Alik_Bjlk_I8II_BH_MT128x64x16_SN_GLVWA8_GRVW16_K1_SU0_SUS0_TT8_4,NO_CHECK,15574,7721.77,,1,56,32,1,1,1,1,1468006400,58720256,,,,,,,,,,2026-04-18 15:24:15.
0,61/111,9/19,Contraction_l_Alik_Bjlk_Cijk_Dijk,"(1024,14336,1,4096)",Cijk_Alik_Bjlk_I8II_BH_MT128x64x16_SN_GLVWA4_GRVW4_K1_SU32_SUS256_TT8_4,NO_CHECK,15593.2,7712.26,,1,56,32,1,1,1,1,1468006400,58720256,,,,,,,,,,2026-04-18 15:24:15.
0,61/111,10/19,Contraction_l_Alik_Bjlk_Cijk_Dijk,"(1024,14336,1,4096)",Cijk_Alik_Bjlk_I8II_BH_MT128x64x16_SN_GLVWA8_GRVW8_K1_SU32_SUS256_TT8_4,NO_CHECK,15310.5,7854.68,,1,56,32,1,1,1,1,1468006400,58720256,,,,,,,,,,2026-04-18 15:24:15.
0,61/111,11/19,Contraction_l_Alik_Bjlk_Cijk_Dijk,"(1024,14336,1,4096)",Cijk_Alik_Bjlk_I8II_BH_MT128x64x16_SN_GLVWA8_GRVW16_K1_SU32_SUS256_TT8_4,NO_CHECK,15305.7,7857.12,,1,56,32,1,1,1,1,1468006400,58720256,,,,,,,,,,2026-04-18 15:24:15.
0,61/111,12/19,Contraction_l_Alik_Bjlk_Cijk_Dijk,"(1024,14336,1,4096)",Cijk_Alik_Bjlk_I8II_BH_MT64x128x16_SN_GLVWA4_GRVW4_K1_SU0_SUS0_TT4_8,NO_CHECK,15248.6,7886.57,,1,56,32,1,1,1,1,1468006400,58720256,,,,,,,,,,2026-04-18 15:24:15.
0,61/111,13/19,Contraction_l_Alik_Bjlk_Cijk_Dijk,"(1024,14336,1,4096)",Cijk_Alik_Bjlk_I8II_BH_MT64x128x16_SN_GLVWA4_GRVW4_K1_SU32_SUS256_TT4_8,NO_CHECK,15241.3,7890.32,,1,56,32,1,1,1,1,1468006400,58720256,,,,,,,,,,2026-04-18 15:24:15.
0,61/111,14/19,Contraction_l_Alik_Bjlk_Cijk_Dijk,"(1024,14336,1,4096)",Cijk_Alik_Bjlk_I8II_BH_MT64x64x32_SN_GLVWA4_GRVW4_K1_SU0_SUS0_TT4_4,NO_CHECK,19232.3,6252.98,,1,112,32,1,1,1,1,1937768448,58720256,,,,,,,,,,2026-04-18 15:24:15.
0,61/111,15/19,Contraction_l_Alik_Bjlk_Cijk_Dijk,"(1024,14336,1,4096)",Cijk_Alik_Bjlk_I8II_BH_MT64x64x32_SN_GLVWA4_GRVW4_K1_SU32_SUS256_TT4_4,NO_CHECK,19233.2,6252.67,,1,112,32,1,1,1,1,1937768448,58720256,,,,,,,,,,2026-04-18 15:24:15.
0,61/111,16/19,Contraction_l_Alik_Bjlk_Cijk_Dijk,"(1024,14336,1,4096)",Cijk_Alik_Bjlk_I8II_BH_MT128x64x32_SN_GLVWA4_GRVW4_K1_SU0_SUS0_TT8_4,NO_CHECK,15326.1,7846.66,,1,56,32,1,1,1,1,1468006400,58720256,,,,,,,,,,2026-04-18 15:24:15.
0,61/111,17/19,Contraction_l_Alik_Bjlk_Cijk_Dijk,"(1024,14336,1,4096)",Cijk_Alik_Bjlk_I8II_BH_MT128x64x32_SN_GLVWA4_GRVW4_K1_SU32_SUS256_TT8_4,NO_CHECK,15597.1,7710.36,,1,56,32,1,1,1,1,1468006400,58720256,,,,,,,,,,2026-04-18 15:24:15.
0,61/111,18/19,Contraction_l_Alik_Bjlk_Cijk_Dijk,"(1024,14336,1,4096)",Cijk_Alik_Bjlk_I8II_BH_MT64x128x32_SN_GLVWA4_GRVW4_K1_SU0_SUS0_TT4_8,NO_CHECK,15477.3,7770.01,,1,56,32,1,1,1,1,1468006400,58720256,,,,,,,,,,2026-04-18 15:24:15.
0,61/111,19/19,Contraction_l_Alik_Bjlk_Cijk_Dijk,"(1024,14336,1,4096)",Cijk_Alik_Bjlk_I8II_BH_MT64x128x32_SN_GLVWA4_GRVW4_K1_SU32_SUS256_TT4_8,NO_CHECK,15219.4,7901.71,,1,56,32,1,1,1,1,1468006400,58720256,,,,,,,,,,2026-04-18 15:24:15.
0,62/111,0/19,Contraction_l_Alik_Bjlk_Cijk_Dijk,"(1024,14336,1,8192)",Cijk_Alik_Bjlk_I8II_BH_MT64x64x16_SN_GLVWA4_GRVW4_K1_SU0_SUS0_TT4_4,NO_CHECK,38717.4,6212.15,,1,112,32,1,1,1,1,3816816640,58720256,,,,,,,,,,2026-04-18 15:24:15.
0,62/111,1/19,Contraction_l_Alik_Bjlk_Cijk_Dijk,"(1024,14336,1,8192)",Cijk_Alik_Bjlk_I8II_BH_MT64x64x16_SN_GLVWA4_GRVW8_K1_SU0_SUS0_TT4_4,NO_CHECK,38687.2,6217,,1,112,32,1,1,1,1,3816816640,58720256,,,,,,,,,,2026-04-18 15:24:15.
0,62/111,2/19,Contraction_l_Alik_Bjlk_Cijk_Dijk,"(1024,14336,1,8192)",Cijk_Alik_Bjlk_I8II_BH_MT64x64x16_SN_GLVWA4_GRVW16_K1_SU0_SUS0_TT4_4,NO_CHECK,38688.6,6216.77,,1,112,32,1,1,1,1,3816816640,58720256,,,,,,,,,,2026-04-18 15:24:15.
0,62/111,3/19,Contraction_l_Alik_Bjlk_Cijk_Dijk,"(1024,14336,1,8192)",Cijk_Alik_Bjlk_I8II_BH_MT64x64x16_SN_GLVWA4_GRVW4_K1_SU32_SUS256_TT4_4,NO_CHECK,38410.8,6261.73,,1,112,32,1,1,1,1,3816816640,58720256,,,,,,,,,,2026-04-18 15:24:15.
0,62/111,4/19,Contraction_l_Alik_Bjlk_Cijk_Dijk,"(1024,14336,1,8192)",Cijk_Alik_Bjlk_I8II_BH_MT64x64x16_SN_GLVWA4_GRVW8_K1_SU32_SUS256_TT4_4,NO_CHECK,38407,6262.35,,1,112,32,1,1,1,1,3816816640,58720256,,,,,,,,,,2026-04-18 15:24:15.
0,62/111,5/19,Contraction_l_Alik_Bjlk_Cijk_Dijk,"(1024,14336,1,8192)",Cijk_Alik_Bjlk_I8II_BH_MT64x64x16_SN_GLVWA4_GRVW16_K1_SU32_SUS256_TT4_4,NO_CHECK,38398.4,6263.75,,1,112,32,1,1,1,1,3816816640,58720256,,,,,,,,,,2026-04-18 15:24:15.
0,62/111,6/19,Contraction_l_Alik_Bjlk_Cijk_Dijk,"(1024,14336,1,8192)",Cijk_Alik_Bjlk_I8II_BH_MT128x64x16_SN_GLVWA4_GRVW4_K1_SU0_SUS0_TT8_4,NO_CHECK,31248.4,7696.97,,1,56,32,1,1,1,1,2877292544,58720256,,,,,,,,,,2026-04-18 15:24:16.
0,62/111,7/19,Contraction_l_Alik_Bjlk_Cijk_Dijk,"(1024,14336,1,8192)",Cijk_Alik_Bjlk_I8II_BH_MT128x64x16_SN_GLVWA8_GRVW8_K1_SU0_SUS0_TT8_4,NO_CHECK,31107.9,7731.75,,1,56,32,1,1,1,1,2877292544,58720256,,,,,,,,,,2026-04-18 15:24:16.
0,62/111,8/19,Contraction_l_Alik_Bjlk_Cijk_Dijk,"(1024,14336,1,8192)",Cijk_Alik_Bjlk_I8II_BH_MT128x64x16_SN_GLVWA8_GRVW16_K1_SU0_SUS0_TT8_4,NO_CHECK,30598.7,7860.4,,1,56,32,1,1,1,1,2877292544,58720256,,,,,,,,,,2026-04-18 15:24:16.
0,62/111,9/19,Contraction_l_Alik_Bjlk_Cijk_Dijk,"(1024,14336,1,8192)",Cijk_Alik_Bjlk_I8II_BH_MT128x64x16_SN_GLVWA4_GRVW4_K1_SU32_SUS256_TT8_4,NO_CHECK,30634.9,7851.12,,1,56,32,1,1,1,1,2877292544,58720256,,,,,,,,,,2026-04-18 15:24:16.
0,62/111,10/19,Contraction_l_Alik_Bjlk_Cijk_Dijk,"(1024,14336,1,8192)",Cijk_Alik_Bjlk_I8II_BH_MT128x64x16_SN_GLVWA8_GRVW8_K1_SU32_SUS256_TT8_4,NO_CHECK,30594.6,7861.46,,1,56,32,1,1,1,1,2877292544,58720256,,,,,,,,,,2026-04-18 15:24:16.
0,62/111,11/19,Contraction_l_Alik_Bjlk_Cijk_Dijk,"(1024,14336,1,8192)",Cijk_Alik_Bjlk_I8II_BH_MT128x64x16_SN_GLVWA8_GRVW16_K1_SU32_SUS256_TT8_4,NO_CHECK,30601.1,7859.78,,1,56,32,1,1,1,1,2877292544,58720256,,,,,,,,,,2026-04-18 15:24:16.
0,62/111,12/19,Contraction_l_Alik_Bjlk_Cijk_Dijk,"(1024,14336,1,8192)",Cijk_Alik_Bjlk_I8II_BH_MT64x128x16_SN_GLVWA4_GRVW4_K1_SU0_SUS0_TT4_8,NO_CHECK,31220.3,7703.9,,1,56,32,1,1,1,1,2877292544,58720256,,,,,,,,,,2026-04-18 15:24:16.
0,62/111,13/19,Contraction_l_Alik_Bjlk_Cijk_Dijk,"(1024,14336,1,8192)",Cijk_Alik_Bjlk_I8II_BH_MT64x128x16_SN_GLVWA4_GRVW4_K1_SU32_SUS256_TT4_8,NO_CHECK,30947.5,7771.81,,1,56,32,1,1,1,1,2877292544,58720256,,,,,,,,,,2026-04-18 15:24:16.
0,62/111,14/19,Contraction_l_Alik_Bjlk_Cijk_Dijk,"(1024,14336,1,8192)",Cijk_Alik_Bjlk_I8II_BH_MT64x64x32_SN_GLVWA4_GRVW4_K1_SU0_SUS0_TT4_4,NO_CHECK,38708.4,6213.58,,1,112,32,1,1,1,1,3816816640,58720256,,,,,,,,,,2026-04-18 15:24:16.
0,62/111,15/19,Contraction_l_Alik_Bjlk_Cijk_Dijk,"(1024,14336,1,8192)",Cijk_Alik_Bjlk_I8II_BH_MT64x64x32_SN_GLVWA4_GRVW4_K1_SU32_SUS256_TT4_4,NO_CHECK,38419.9,6260.25,,1,112,32,1,1,1,1,3816816640,58720256,,,,,,,,,,2026-04-18 15:24:16.
0,62/111,16/19,Contraction_l_Alik_Bjlk_Cijk_Dijk,"(1024,14336,1,8192)",Cijk_Alik_Bjlk_I8II_BH_MT128x64x32_SN_GLVWA4_GRVW4_K1_SU0_SUS0_TT8_4,NO_CHECK,31320.3,7679.31,,1,56,32,1,1,1,1,2877292544,58720256,,,,,,,,,,2026-04-18 15:24:16.
0,62/111,17/19,Contraction_l_Alik_Bjlk_Cijk_Dijk,"(1024,14336,1,8192)",Cijk_Alik_Bjlk_I8II_BH_MT128x64x32_SN_GLVWA4_GRVW4_K1_SU32_SUS256_TT8_4,NO_CHECK,30816.6,7804.82,,1,56,32,1,1,1,1,2877292544,58720256,,,,,,,,,,2026-04-18 15:24:16.
0,62/111,18/19,Contraction_l_Alik_Bjlk_Cijk_Dijk,"(1024,14336,1,8192)",Cijk_Alik_Bjlk_I8II_BH_MT64x128x32_SN_GLVWA4_GRVW4_K1_SU0_SUS0_TT4_8,NO_CHECK,30910.2,7781.2,,1,56,32,1,1,1,1,2877292544,58720256,,,,,,,,,,2026-04-18 15:24:16.
0,62/111,19/19,Contraction_l_Alik_Bjlk_Cijk_Dijk,"(1024,14336,1,8192)",Cijk_Alik_Bjlk_I8II_BH_MT64x128x32_SN_GLVWA4_GRVW4_K1_SU32_SUS256_TT4_8,NO_CHECK,30925.8,7777.27,,1,56,32,1,1,1,1,2877292544,58720256,,,,,,,,,,2026-04-18 15:24:16.
0,63/111,0/19,Contraction_l_Alik_Bjlk_Cijk_Dijk,"(1024,14336,1,14336)",Cijk_Alik_Bjlk_I8II_BH_MT64x64x16_SN_GLVWA4_GRVW4_K1_SU0_SUS0_TT4_4,NO_CHECK,67506.1,6235.09,,1,112,32,1,1,1,1,6635388928,58720256,,,,,,,,,,2026-04-18 15:24:16.
0,63/111,1/19,Contraction_l_Alik_Bjlk_Cijk_Dijk,"(1024,14336,1,14336)",Cijk_Alik_Bjlk_I8II_BH_MT64x64x16_SN_GLVWA4_GRVW8_K1_SU0_SUS0_TT4_4,NO_CHECK,67592,6227.17,,1,112,32,1,1,1,1,6635388928,58720256,,,,,,,,,,2026-04-18 15:24:16.
0,63/111,2/19,Contraction_l_Alik_Bjlk_Cijk_Dijk,"(1024,14336,1,14336)",Cijk_Alik_Bjlk_I8II_BH_MT64x64x16_SN_GLVWA4_GRVW16_K1_SU0_SUS0_TT4_4,NO_CHECK,67200.5,6263.45,,1,112,32,1,1,1,1,6635388928,58720256,,,,,,,,,,2026-04-18 15:24:16.
0,63/111,3/19,Contraction_l_Alik_Bjlk_Cijk_Dijk,"(1024,14336,1,14336)",Cijk_Alik_Bjlk_I8II_BH_MT64x64x16_SN_GLVWA4_GRVW4_K1_SU32_SUS256_TT4_4,NO_CHECK,67192.6,6264.19,,1,112,32,1,1,1,1,6635388928,58720256,,,,,,,,,,2026-04-18 15:24:16.
0,63/111,4/19,Contraction_l_Alik_Bjlk_Cijk_Dijk,"(1024,14336,1,14336)",Cijk_Alik_Bjlk_I8II_BH_MT64x64x16_SN_GLVWA4_GRVW8_K1_SU32_SUS256_TT4_4,NO_CHECK,67568.9,6229.3,,1,112,32,1,1,1,1,6635388928,58720256,,,,,,,,,,2026-04-18 15:24:16.
0,63/111,5/19,Contraction_l_Alik_Bjlk_Cijk_Dijk,"(1024,14336,1,14336)",Cijk_Alik_Bjlk_I8II_BH_MT64x64x16_SN_GLVWA4_GRVW16_K1_SU32_SUS256_TT4_4,NO_CHECK,67239.6,6259.8,,1,112,32,1,1,1,1,6635388928,58720256,,,,,,,,,,2026-04-18 15:24:16.
0,63/111,6/19,Contraction_l_Alik_Bjlk_Cijk_Dijk,"(1024,14336,1,14336)",Cijk_Alik_Bjlk_I8II_BH_MT128x64x16_SN_GLVWA4_GRVW4_K1_SU0_SUS0_TT8_4,NO_CHECK,54344,7745.23,,1,56,32,1,1,1,1,4991221760,58720256,,,,,,,,,,2026-04-18 15:24:16.
0,63/111,7/19,Contraction_l_Alik_Bjlk_Cijk_Dijk,"(1024,14336,1,14336)",Cijk_Alik_Bjlk_I8II_BH_MT128x64x16_SN_GLVWA8_GRVW8_K1_SU0_SUS0_TT8_4,NO_CHECK,53572.5,7856.77,,1,56,32,1,1,1,1,4991221760,58720256,,,,,,,,,,2026-04-18 15:24:16.
0,63/111,8/19,Contraction_l_Alik_Bjlk_Cijk_Dijk,"(1024,14336,1,14336)",Cijk_Alik_Bjlk_I8II_BH_MT128x64x16_SN_GLVWA8_GRVW16_K1_SU0_SUS0_TT8_4,NO_CHECK,53542.5,7861.17,,1,56,32,1,1,1,1,4991221760,58720256,,,,,,,,,,2026-04-18 15:24:16.
0,63/111,9/19,Contraction_l_Alik_Bjlk_Cijk_Dijk,"(1024,14336,1,14336)",Cijk_Alik_Bjlk_I8II_BH_MT128x64x16_SN_GLVWA4_GRVW4_K1_SU32_SUS256_TT8_4,NO_CHECK,53566.3,7857.68,,1,56,32,1,1,1,1,4991221760,58720256,,,,,,,,,,2026-04-18 15:24:17.
0,63/111,10/19,Contraction_l_Alik_Bjlk_Cijk_Dijk,"(1024,14336,1,14336)",Cijk_Alik_Bjlk_I8II_BH_MT128x64x16_SN_GLVWA8_GRVW8_K1_SU32_SUS256_TT8_4,NO_CHECK,53522.2,7864.15,,1,56,32,1,1,1,1,4991221760,58720256,,,,,,,,,,2026-04-18 15:24:17.
0,63/111,11/19,Contraction_l_Alik_Bjlk_Cijk_Dijk,"(1024,14336,1,14336)",Cijk_Alik_Bjlk_I8II_BH_MT128x64x16_SN_GLVWA8_GRVW16_K1_SU32_SUS256_TT8_4,NO_CHECK,53525,7863.74,,1,56,32,1,1,1,1,4991221760,58720256,,,,,,,,,,2026-04-18 15:24:17.
0,63/111,12/19,Contraction_l_Alik_Bjlk_Cijk_Dijk,"(1024,14336,1,14336)",Cijk_Alik_Bjlk_I8II_BH_MT64x128x16_SN_GLVWA4_GRVW4_K1_SU0_SUS0_TT4_8,NO_CHECK,54158.7,7771.73,,1,56,32,1,1,1,1,4991221760,58720256,,,,,,,,,,2026-04-18 15:24:17.
0,63/111,13/19,Contraction_l_Alik_Bjlk_Cijk_Dijk,"(1024,14336,1,14336)",Cijk_Alik_Bjlk_I8II_BH_MT64x128x16_SN_GLVWA4_GRVW4_K1_SU32_SUS256_TT4_8,NO_CHECK,53253,7903.91,,1,56,32,1,1,1,1,4991221760,58720256,,,,,,,,,,2026-04-18 15:24:17.
0,63/111,14/19,Contraction_l_Alik_Bjlk_Cijk_Dijk,"(1024,14336,1,14336)",Cijk_Alik_Bjlk_I8II_BH_MT64x64x32_SN_GLVWA4_GRVW4_K1_SU0_SUS0_TT4_4,NO_CHECK,67225,6261.16,,1,112,32,1,1,1,1,6635388928,58720256,,,,,,,,,,2026-04-18 15:24:17.
0,63/111,15/19,Contraction_l_Alik_Bjlk_Cijk_Dijk,"(1024,14336,1,14336)",Cijk_Alik_Bjlk_I8II_BH_MT64x64x32_SN_GLVWA4_GRVW4_K1_SU32_SUS256_TT4_4,NO_CHECK,67235.5,6260.19,,1,112,32,1,1,1,1,6635388928,58720256,,,,,,,,,,2026-04-18 15:24:17.
0,63/111,16/19,Contraction_l_Alik_Bjlk_Cijk_Dijk,"(1024,14336,1,14336)",Cijk_Alik_Bjlk_I8II_BH_MT128x64x32_SN_GLVWA4_GRVW4_K1_SU0_SUS0_TT8_4,NO_CHECK,53483.5,7869.84,,1,56,32,1,1,1,1,4991221760,58720256,,,,,,,,,,2026-04-18 15:24:17.
0,63/111,17/19,Contraction_l_Alik_Bjlk_Cijk_Dijk,"(1024,14336,1,14336)",Cijk_Alik_Bjlk_I8II_BH_MT128x64x32_SN_GLVWA4_GRVW4_K1_SU32_SUS256_TT8_4,NO_CHECK,53483.6,7869.83,,1,56,32,1,1,1,1,4991221760,58720256,,,,,,,,,,2026-04-18 15:24:17.
0,63/111,18/19,Contraction_l_Alik_Bjlk_Cijk_Dijk,"(1024,14336,1,14336)",Cijk_Alik_Bjlk_I8II_BH_MT64x128x32_SN_GLVWA4_GRVW4_K1_SU0_SUS0_TT4_8,NO_CHECK,54114.1,7778.13,,1,56,32,1,1,1,1,4991221760,58720256,,,,,,,,,,2026-04-18 15:24:17.
0,63/111,19/19,Contraction_l_Alik_Bjlk_Cijk_Dijk,"(1024,14336,1,14336)",Cijk_Alik_Bjlk_I8II_BH_MT64x128x32_SN_GLVWA4_GRVW4_K1_SU32_SUS256_TT4_8,NO_CHECK,54094.7,7780.93,,1,56,32,1,1,1,1,4991221760,58720256,,,,,,,,,,2026-04-18 15:24:17.
0,64/111,0/19,Contraction_l_Alik_Bjlk_Cijk_Dijk,"(2048,1024,1,1024)",Cijk_Alik_Bjlk_I8II_BH_MT64x64x16_SN_GLVWA4_GRVW4_K1_SU0_SUS0_TT4_4,NO_CHECK,838.773,5120.54,,1,16,32,1,1,1,1,75497472,8388608,,,,,,,,,,2026-04-18 15:24:17.
0,64/111,1/19,Contraction_l_Alik_Bjlk_Cijk_Dijk,"(2048,1024,1,1024)",Cijk_Alik_Bjlk_I8II_BH_MT64x64x16_SN_GLVWA4_GRVW8_K1_SU0_SUS0_TT4_4,NO_CHECK,858.893,5000.58,,1,16,32,1,1,1,1,75497472,8388608,,,,,,,,,,2026-04-18 15:24:17.
0,64/111,2/19,Contraction_l_Alik_Bjlk_Cijk_Dijk,"(2048,1024,1,1024)",Cijk_Alik_Bjlk_I8II_BH_MT64x64x16_SN_GLVWA4_GRVW16_K1_SU0_SUS0_TT4_4,NO_CHECK,935.974,4588.77,,1,16,32,1,1,1,1,75497472,8388608,,,,,,,,,,2026-04-18 15:24:17.
0,64/111,3/19,Contraction_l_Alik_Bjlk_Cijk_Dijk,"(2048,1024,1,1024)",Cijk_Alik_Bjlk_I8II_BH_MT64x64x16_SN_GLVWA4_GRVW4_K1_SU32_SUS256_TT4_4,NO_CHECK,764.891,5615.14,,1,16,32,1,1,1,1,75497472,8388608,,,,,,,,,,2026-04-18 15:24:17.
0,64/111,4/19,Contraction_l_Alik_Bjlk_Cijk_Dijk,"(2048,1024,1,1024)",Cijk_Alik_Bjlk_I8II_BH_MT64x64x16_SN_GLVWA4_GRVW8_K1_SU32_SUS256_TT4_4,NO_CHECK,755.331,5686.21,,1,16,32,1,1,1,1,75497472,8388608,,,,,,,,,,2026-04-18 15:24:17.
0,64/111,5/19,Contraction_l_Alik_Bjlk_Cijk_Dijk,"(2048,1024,1,1024)",Cijk_Alik_Bjlk_I8II_BH_MT64x64x16_SN_GLVWA4_GRVW16_K1_SU32_SUS256_TT4_4,NO_CHECK,751.451,5715.57,,1,16,32,1,1,1,1,75497472,8388608,,,,,,,,,,2026-04-18 15:24:17.
0,64/111,6/19,Contraction_l_Alik_Bjlk_Cijk_Dijk,"(2048,1024,1,1024)",Cijk_Alik_Bjlk_I8II_BH_MT128x64x16_SN_GLVWA4_GRVW4_K1_SU0_SUS0_TT8_4,NO_CHECK,604.889,7100.42,,1,8,32,1,1,1,1,58720256,8388608,,,,,,,,,,2026-04-18 15:24:17.
0,64/111,7/19,Contraction_l_Alik_Bjlk_Cijk_Dijk,"(2048,1024,1,1024)",Cijk_Alik_Bjlk_I8II_BH_MT128x64x16_SN_GLVWA8_GRVW8_K1_SU0_SUS0_TT8_4,NO_CHECK,603.569,7115.95,,1,8,32,1,1,1,1,58720256,8388608,,,,,,,,,,2026-04-18 15:24:17.
0,64/111,8/19,Contraction_l_Alik_Bjlk_Cijk_Dijk,"(2048,1024,1,1024)",Cijk_Alik_Bjlk_I8II_BH_MT128x64x16_SN_GLVWA8_GRVW16_K1_SU0_SUS0_TT8_4,NO_CHECK,605.209,7096.67,,1,8,32,1,1,1,1,58720256,8388608,,,,,,,,,,2026-04-18 15:24:17.
0,64/111,9/19,Contraction_l_Alik_Bjlk_Cijk_Dijk,"(2048,1024,1,1024)",Cijk_Alik_Bjlk_I8II_BH_MT128x64x16_SN_GLVWA4_GRVW4_K1_SU32_SUS256_TT8_4,NO_CHECK,592.689,7246.58,,1,8,32,1,1,1,1,58720256,8388608,,,,,,,,,,2026-04-18 15:24:17.
0,64/111,10/19,Contraction_l_Alik_Bjlk_Cijk_Dijk,"(2048,1024,1,1024)",Cijk_Alik_Bjlk_I8II_BH_MT128x64x16_SN_GLVWA8_GRVW8_K1_SU32_SUS256_TT8_4,NO_CHECK,607.409,7070.96,,1,8,32,1,1,1,1,58720256,8388608,,,,,,,,,,2026-04-18 15:24:17.
0,64/111,11/19,Contraction_l_Alik_Bjlk_Cijk_Dijk,"(2048,1024,1,1024)",Cijk_Alik_Bjlk_I8II_BH_MT128x64x16_SN_GLVWA8_GRVW16_K1_SU32_SUS256_TT8_4,NO_CHECK,650.049,6607.14,,1,8,32,1,1,1,1,58720256,8388608,,,,,,,,,,2026-04-18 15:24:17.
0,64/111,12/19,Contraction_l_Alik_Bjlk_Cijk_Dijk,"(2048,1024,1,1024)",Cijk_Alik_Bjlk_I8II_BH_MT64x128x16_SN_GLVWA4_GRVW4_K1_SU0_SUS0_TT4_8,NO_CHECK,654.649,6560.72,,1,8,32,1,1,1,1,58720256,8388608,,,,,,,,,,2026-04-18 15:24:17.
0,64/111,13/19,Contraction_l_Alik_Bjlk_Cijk_Dijk,"(2048,1024,1,1024)",Cijk_Alik_Bjlk_I8II_BH_MT64x128x16_SN_GLVWA4_GRVW4_K1_SU32_SUS256_TT4_8,NO_CHECK,639.85,6712.46,,1,8,32,1,1,1,1,58720256,8388608,,,,,,,,,,2026-04-18 15:24:17.
0,64/111,14/19,Contraction_l_Alik_Bjlk_Cijk_Dijk,"(2048,1024,1,1024)",Cijk_Alik_Bjlk_I8II_BH_MT64x64x32_SN_GLVWA4_GRVW4_K1_SU0_SUS0_TT4_4,NO_CHECK,808.772,5310.48,,1,16,32,1,1,1,1,75497472,8388608,,,,,,,,,,2026-04-18 15:24:17.
0,64/111,15/19,Contraction_l_Alik_Bjlk_Cijk_Dijk,"(2048,1024,1,1024)",Cijk_Alik_Bjlk_I8II_BH_MT64x64x32_SN_GLVWA4_GRVW4_K1_SU32_SUS256_TT4_4,NO_CHECK,750.491,5722.88,,1,16,32,1,1,1,1,75497472,8388608,,,,,,,,,,2026-04-18 15:24:17.
0,64/111,16/19,Contraction_l_Alik_Bjlk_Cijk_Dijk,"(2048,1024,1,1024)",Cijk_Alik_Bjlk_I8II_BH_MT128x64x32_SN_GLVWA4_GRVW4_K1_SU0_SUS0_TT8_4,NO_CHECK,646.65,6641.87,,1,8,32,1,1,1,1,58720256,8388608,,,,,,,,,,2026-04-18 15:24:17.
0,64/111,17/19,Contraction_l_Alik_Bjlk_Cijk_Dijk,"(2048,1024,1,1024)",Cijk_Alik_Bjlk_I8II_BH_MT128x64x32_SN_GLVWA4_GRVW4_K1_SU32_SUS256_TT8_4,NO_CHECK,670.69,6403.8,,1,8,32,1,1,1,1,58720256,8388608,,,,,,,,,,2026-04-18 15:24:17.
0,64/111,18/19,Contraction_l_Alik_Bjlk_Cijk_Dijk,"(2048,1024,1,1024)",Cijk_Alik_Bjlk_I8II_BH_MT64x128x32_SN_GLVWA4_GRVW4_K1_SU0_SUS0_TT4_8,NO_CHECK,653.529,6571.96,,1,8,32,1,1,1,1,58720256,8388608,,,,,,,,,,2026-04-18 15:24:17.
0,64/111,19/19,Contraction_l_Alik_Bjlk_Cijk_Dijk,"(2048,1024,1,1024)",Cijk_Alik_Bjlk_I8II_BH_MT64x128x32_SN_GLVWA4_GRVW4_K1_SU32_SUS256_TT4_8,NO_CHECK,696.571,6165.87,,1,8,32,1,1,1,1,58720256,8388608,,,,,,,,,,2026-04-18 15:24:17.
0,65/111,0/19,Contraction_l_Alik_Bjlk_Cijk_Dijk,"(2048,1024,1,4096)",Cijk_Alik_Bjlk_I8II_BH_MT64x64x16_SN_GLVWA4_GRVW4_K1_SU0_SUS0_TT4_4,NO_CHECK,2786.52,6165.35,,1,16,32,1,1,1,1,276824064,8388608,,,,,,,,,,2026-04-18 15:24:17.
0,65/111,1/19,Contraction_l_Alik_Bjlk_Cijk_Dijk,"(2048,1024,1,4096)",Cijk_Alik_Bjlk_I8II_BH_MT64x64x16_SN_GLVWA4_GRVW8_K1_SU0_SUS0_TT4_4,NO_CHECK,2777.28,6185.86,,1,16,32,1,1,1,1,276824064,8388608,,,,,,,,,,2026-04-18 15:24:17.
0,65/111,2/19,Contraction_l_Alik_Bjlk_Cijk_Dijk,"(2048,1024,1,4096)",Cijk_Alik_Bjlk_I8II_BH_MT64x64x16_SN_GLVWA4_GRVW16_K1_SU0_SUS0_TT4_4,NO_CHECK,2784.68,6169.42,,1,16,32,1,1,1,1,276824064,8388608,,,,,,,,,,2026-04-18 15:24:17.
0,65/111,3/19,Contraction_l_Alik_Bjlk_Cijk_Dijk,"(2048,1024,1,4096)",Cijk_Alik_Bjlk_I8II_BH_MT64x64x16_SN_GLVWA4_GRVW4_K1_SU32_SUS256_TT4_4,NO_CHECK,2785.44,6167.74,,1,16,32,1,1,1,1,276824064,8388608,,,,,,,,,,2026-04-18 15:24:17.
0,65/111,4/19,Contraction_l_Alik_Bjlk_Cijk_Dijk,"(2048,1024,1,4096)",Cijk_Alik_Bjlk_I8II_BH_MT64x64x16_SN_GLVWA4_GRVW8_K1_SU32_SUS256_TT4_4,NO_CHECK,2776.68,6187.2,,1,16,32,1,1,1,1,276824064,8388608,,,,,,,,,,2026-04-18 15:24:17.
0,65/111,5/19,Contraction_l_Alik_Bjlk_Cijk_Dijk,"(2048,1024,1,4096)",Cijk_Alik_Bjlk_I8II_BH_MT64x64x16_SN_GLVWA4_GRVW16_K1_SU32_SUS256_TT4_4,NO_CHECK,2960.64,5802.75,,1,16,32,1,1,1,1,276824064,8388608,,,,,,,,,,2026-04-18 15:24:17.
0,65/111,6/19,Contraction_l_Alik_Bjlk_Cijk_Dijk,"(2048,1024,1,4096)",Cijk_Alik_Bjlk_I8II_BH_MT128x64x16_SN_GLVWA4_GRVW4_K1_SU0_SUS0_TT8_4,NO_CHECK,2232.27,7696.13,,1,8,32,1,1,1,1,209715200,8388608,,,,,,,,,,2026-04-18 15:24:17.
0,65/111,7/19,Contraction_l_Alik_Bjlk_Cijk_Dijk,"(2048,1024,1,4096)",Cijk_Alik_Bjlk_I8II_BH_MT128x64x16_SN_GLVWA8_GRVW8_K1_SU0_SUS0_TT8_4,NO_CHECK,2220.63,7736.47,,1,8,32,1,1,1,1,209715200,8388608,,,,,,,,,,2026-04-18 15:24:17.
0,65/111,8/19,Contraction_l_Alik_Bjlk_Cijk_Dijk,"(2048,1024,1,4096)",Cijk_Alik_Bjlk_I8II_BH_MT128x64x16_SN_GLVWA8_GRVW16_K1_SU0_SUS0_TT8_4,NO_CHECK,2368.59,7253.19,,1,8,32,1,1,1,1,209715200,8388608,,,,,,,,,,2026-04-18 15:24:17.
0,65/111,9/19,Contraction_l_Alik_Bjlk_Cijk_Dijk,"(2048,1024,1,4096)",Cijk_Alik_Bjlk_I8II_BH_MT128x64x16_SN_GLVWA4_GRVW4_K1_SU32_SUS256_TT8_4,NO_CHECK,2232.75,7694.48,,1,8,32,1,1,1,1,209715200,8388608,,,,,,,,,,2026-04-18 15:24:17.
0,65/111,10/19,Contraction_l_Alik_Bjlk_Cijk_Dijk,"(2048,1024,1,4096)",Cijk_Alik_Bjlk_I8II_BH_MT128x64x16_SN_GLVWA8_GRVW8_K1_SU32_SUS256_TT8_4,NO_CHECK,2221.11,7734.8,,1,8,32,1,1,1,1,209715200,8388608,,,,,,,,,,2026-04-18 15:24:17.
0,65/111,11/19,Contraction_l_Alik_Bjlk_Cijk_Dijk,"(2048,1024,1,4096)",Cijk_Alik_Bjlk_I8II_BH_MT128x64x16_SN_GLVWA8_GRVW16_K1_SU32_SUS256_TT8_4,NO_CHECK,2221.55,7733.27,,1,8,32,1,1,1,1,209715200,8388608,,,,,,,,,,2026-04-18 15:24:17.
0,65/111,12/19,Contraction_l_Alik_Bjlk_Cijk_Dijk,"(2048,1024,1,4096)",Cijk_Alik_Bjlk_I8II_BH_MT64x128x16_SN_GLVWA4_GRVW4_K1_SU0_SUS0_TT4_8,NO_CHECK,2236.07,7683.06,,1,8,32,1,1,1,1,209715200,8388608,,,,,,,,,,2026-04-18 15:24:17.
0,65/111,13/19,Contraction_l_Alik_Bjlk_Cijk_Dijk,"(2048,1024,1,4096)",Cijk_Alik_Bjlk_I8II_BH_MT64x128x16_SN_GLVWA4_GRVW4_K1_SU32_SUS256_TT4_8,NO_CHECK,2217.47,7747.5,,1,8,32,1,1,1,1,209715200,8388608,,,,,,,,,,2026-04-18 15:24:17.
0,65/111,14/19,Contraction_l_Alik_Bjlk_Cijk_Dijk,"(2048,1024,1,4096)",Cijk_Alik_Bjlk_I8II_BH_MT64x64x32_SN_GLVWA4_GRVW4_K1_SU0_SUS0_TT4_4,NO_CHECK,2779.56,6180.78,,1,16,32,1,1,1,1,276824064,8388608,,,,,,,,,,2026-04-18 15:24:17.
0,65/111,15/19,Contraction_l_Alik_Bjlk_Cijk_Dijk,"(2048,1024,1,4096)",Cijk_Alik_Bjlk_I8II_BH_MT64x64x32_SN_GLVWA4_GRVW4_K1_SU32_SUS256_TT4_4,NO_CHECK,3021.68,5685.53,,1,16,32,1,1,1,1,276824064,8388608,,,,,,,,,,2026-04-18 15:24:17.
0,65/111,16/19,Contraction_l_Alik_Bjlk_Cijk_Dijk,"(2048,1024,1,4096)",Cijk_Alik_Bjlk_I8II_BH_MT128x64x32_SN_GLVWA4_GRVW4_K1_SU0_SUS0_TT8_4,NO_CHECK,2231.19,7699.86,,1,8,32,1,1,1,1,209715200,8388608,,,,,,,,,,2026-04-18 15:24:17.
0,65/111,17/19,Contraction_l_Alik_Bjlk_Cijk_Dijk,"(2048,1024,1,4096)",Cijk_Alik_Bjlk_I8II_BH_MT128x64x32_SN_GLVWA4_GRVW4_K1_SU32_SUS256_TT8_4,NO_CHECK,2222.39,7730.35,,1,8,32,1,1,1,1,209715200,8388608,,,,,,,,,,2026-04-18 15:24:17.
0,65/111,18/19,Contraction_l_Alik_Bjlk_Cijk_Dijk,"(2048,1024,1,4096)",Cijk_Alik_Bjlk_I8II_BH_MT64x128x32_SN_GLVWA4_GRVW4_K1_SU0_SUS0_TT4_8,NO_CHECK,2388.43,7192.94,,1,8,32,1,1,1,1,209715200,8388608,,,,,,,,,,2026-04-18 15:24:17.
0,65/111,19/19,Contraction_l_Alik_Bjlk_Cijk_Dijk,"(2048,1024,1,4096)",Cijk_Alik_Bjlk_I8II_BH_MT64x128x32_SN_GLVWA4_GRVW4_K1_SU32_SUS256_TT4_8,NO_CHECK,2211.35,7768.94,,1,8,32,1,1,1,1,209715200,8388608,,,,,,,,,,2026-04-18 15:24:17.
0,66/111,0/19,Contraction_l_Alik_Bjlk_Cijk_Dijk,"(2048,1024,1,8192)",Cijk_Alik_Bjlk_I8II_BH_MT64x64x16_SN_GLVWA4_GRVW4_K1_SU0_SUS0_TT4_4,NO_CHECK,5725.04,6001.66,,1,16,32,1,1,1,1,545259520,8388608,,,,,,,,,,2026-04-18 15:24:17.
0,66/111,1/19,Contraction_l_Alik_Bjlk_Cijk_Dijk,"(2048,1024,1,8192)",Cijk_Alik_Bjlk_I8II_BH_MT64x64x16_SN_GLVWA4_GRVW8_K1_SU0_SUS0_TT4_4,NO_CHECK,5541.32,6200.64,,1,16,32,1,1,1,1,545259520,8388608,,,,,,,,,,2026-04-18 15:24:17.
0,66/111,2/19,Contraction_l_Alik_Bjlk_Cijk_Dijk,"(2048,1024,1,8192)",Cijk_Alik_Bjlk_I8II_BH_MT64x64x16_SN_GLVWA4_GRVW16_K1_SU0_SUS0_TT4_4,NO_CHECK,6505.73,5281.45,,1,16,32,1,1,1,1,545259520,8388608,,,,,,,,,,2026-04-18 15:24:17.
0,66/111,3/19,Contraction_l_Alik_Bjlk_Cijk_Dijk,"(2048,1024,1,8192)",Cijk_Alik_Bjlk_I8II_BH_MT64x64x16_SN_GLVWA4_GRVW4_K1_SU32_SUS256_TT4_4,NO_CHECK,5539.52,6202.65,,1,16,32,1,1,1,1,545259520,8388608,,,,,,,,,,2026-04-18 15:24:17.
0,66/111,4/19,Contraction_l_Alik_Bjlk_Cijk_Dijk,"(2048,1024,1,8192)",Cijk_Alik_Bjlk_I8II_BH_MT64x64x16_SN_GLVWA4_GRVW8_K1_SU32_SUS256_TT4_4,NO_CHECK,5539.28,6202.92,,1,16,32,1,1,1,1,545259520,8388608,,,,,,,,,,2026-04-18 15:24:17.
0,66/111,5/19,Contraction_l_Alik_Bjlk_Cijk_Dijk,"(2048,1024,1,8192)",Cijk_Alik_Bjlk_I8II_BH_MT64x64x16_SN_GLVWA4_GRVW16_K1_SU32_SUS256_TT4_4,NO_CHECK,5890.57,5833.01,,1,16,32,1,1,1,1,545259520,8388608,,,,,,,,,,2026-04-18 15:24:17.
0,66/111,6/19,Contraction_l_Alik_Bjlk_Cijk_Dijk,"(2048,1024,1,8192)",Cijk_Alik_Bjlk_I8II_BH_MT128x64x16_SN_GLVWA4_GRVW4_K1_SU0_SUS0_TT8_4,NO_CHECK,4436.43,7744.92,,1,8,32,1,1,1,1,411041792,8388608,,,,,,,,,,2026-04-18 15:24:17.
0,66/111,7/19,Contraction_l_Alik_Bjlk_Cijk_Dijk,"(2048,1024,1,8192)",Cijk_Alik_Bjlk_I8II_BH_MT128x64x16_SN_GLVWA8_GRVW8_K1_SU0_SUS0_TT8_4,NO_CHECK,4428.35,7759.05,,1,8,32,1,1,1,1,411041792,8388608,,,,,,,,,,2026-04-18 15:24:17.
0,66/111,8/19,Contraction_l_Alik_Bjlk_Cijk_Dijk,"(2048,1024,1,8192)",Cijk_Alik_Bjlk_I8II_BH_MT128x64x16_SN_GLVWA8_GRVW16_K1_SU0_SUS0_TT8_4,NO_CHECK,4438.94,7740.52,,1,8,32,1,1,1,1,411041792,8388608,,,,,,,,,,2026-04-18 15:24:17.
0,66/111,9/19,Contraction_l_Alik_Bjlk_Cijk_Dijk,"(2048,1024,1,8192)",Cijk_Alik_Bjlk_I8II_BH_MT128x64x16_SN_GLVWA4_GRVW4_K1_SU32_SUS256_TT8_4,NO_CHECK,4432.55,7751.7,,1,8,32,1,1,1,1,411041792,8388608,,,,,,,,,,2026-04-18 15:24:17.
0,66/111,10/19,Contraction_l_Alik_Bjlk_Cijk_Dijk,"(2048,1024,1,8192)",Cijk_Alik_Bjlk_I8II_BH_MT128x64x16_SN_GLVWA8_GRVW8_K1_SU32_SUS256_TT8_4,NO_CHECK,4429.86,7756.39,,1,8,32,1,1,1,1,411041792,8388608,,,,,,,,,,2026-04-18 15:24:17.
0,66/111,11/19,Contraction_l_Alik_Bjlk_Cijk_Dijk,"(2048,1024,1,8192)",Cijk_Alik_Bjlk_I8II_BH_MT128x64x16_SN_GLVWA8_GRVW16_K1_SU32_SUS256_TT8_4,NO_CHECK,4628.95,7422.8,,1,8,32,1,1,1,1,411041792,8388608,,,,,,,,,,2026-04-18 15:24:17.
0,66/111,12/19,Contraction_l_Alik_Bjlk_Cijk_Dijk,"(2048,1024,1,8192)",Cijk_Alik_Bjlk_I8II_BH_MT64x128x16_SN_GLVWA4_GRVW4_K1_SU0_SUS0_TT4_8,NO_CHECK,4404.39,7801.26,,1,8,32,1,1,1,1,411041792,8388608,,,,,,,,,,2026-04-18 15:24:17.
0,66/111,13/19,Contraction_l_Alik_Bjlk_Cijk_Dijk,"(2048,1024,1,8192)",Cijk_Alik_Bjlk_I8II_BH_MT64x128x16_SN_GLVWA4_GRVW4_K1_SU32_SUS256_TT4_8,NO_CHECK,4550.15,7551.35,,1,8,32,1,1,1,1,411041792,8388608,,,,,,,,,,2026-04-18 15:24:17.
0,66/111,14/19,Contraction_l_Alik_Bjlk_Cijk_Dijk,"(2048,1024,1,8192)",Cijk_Alik_Bjlk_I8II_BH_MT64x64x32_SN_GLVWA4_GRVW4_K1_SU0_SUS0_TT4_4,NO_CHECK,5541.92,6199.97,,1,16,32,1,1,1,1,545259520,8388608,,,,,,,,,,2026-04-18 15:24:17.
0,66/111,15/19,Contraction_l_Alik_Bjlk_Cijk_Dijk,"(2048,1024,1,8192)",Cijk_Alik_Bjlk_I8II_BH_MT64x64x32_SN_GLVWA4_GRVW4_K1_SU32_SUS256_TT4_4,NO_CHECK,6210.25,5532.74,,1,16,32,1,1,1,1,545259520,8388608,,,,,,,,,,2026-04-18 15:24:17.
0,66/111,16/19,Contraction_l_Alik_Bjlk_Cijk_Dijk,"(2048,1024,1,8192)",Cijk_Alik_Bjlk_I8II_BH_MT128x64x32_SN_GLVWA4_GRVW4_K1_SU0_SUS0_TT8_4,NO_CHECK,4434.06,7749.04,,1,8,32,1,1,1,1,411041792,8388608,,,,,,,,,,2026-04-18 15:24:17.
0,66/111,17/19,Contraction_l_Alik_Bjlk_Cijk_Dijk,"(2048,1024,1,8192)",Cijk_Alik_Bjlk_I8II_BH_MT128x64x32_SN_GLVWA4_GRVW4_K1_SU32_SUS256_TT8_4,NO_CHECK,4428.86,7758.14,,1,8,32,1,1,1,1,411041792,8388608,,,,,,,,,,2026-04-18 15:24:17.
0,66/111,18/19,Contraction_l_Alik_Bjlk_Cijk_Dijk,"(2048,1024,1,8192)",Cijk_Alik_Bjlk_I8II_BH_MT64x128x32_SN_GLVWA4_GRVW4_K1_SU0_SUS0_TT4_8,NO_CHECK,4408.71,7793.61,,1,8,32,1,1,1,1,411041792,8388608,,,,,,,,,,2026-04-18 15:24:17.
0,66/111,19/19,Contraction_l_Alik_Bjlk_Cijk_Dijk,"(2048,1024,1,8192)",Cijk_Alik_Bjlk_I8II_BH_MT64x128x32_SN_GLVWA4_GRVW4_K1_SU32_SUS256_TT4_8,NO_CHECK,4406.42,7797.65,,1,8,32,1,1,1,1,411041792,8388608,,,,,,,,,,2026-04-18 15:24:17.
0,67/111,0/19,Contraction_l_Alik_Bjlk_Cijk_Dijk,"(2048,1024,1,14336)",Cijk_Alik_Bjlk_I8II_BH_MT64x64x16_SN_GLVWA4_GRVW4_K1_SU0_SUS0_TT4_4,NO_CHECK,10455.6,5750.92,,1,16,32,1,1,1,1,947912704,8388608,,,,,,,,,,2026-04-18 15:24:17.
0,67/111,1/19,Contraction_l_Alik_Bjlk_Cijk_Dijk,"(2048,1024,1,14336)",Cijk_Alik_Bjlk_I8II_BH_MT64x64x16_SN_GLVWA4_GRVW8_K1_SU0_SUS0_TT4_4,NO_CHECK,9690.06,6205.28,,1,16,32,1,1,1,1,947912704,8388608,,,,,,,,,,2026-04-18 15:24:17.
0,67/111,2/19,Contraction_l_Alik_Bjlk_Cijk_Dijk,"(2048,1024,1,14336)",Cijk_Alik_Bjlk_I8II_BH_MT64x64x16_SN_GLVWA4_GRVW16_K1_SU0_SUS0_TT4_4,NO_CHECK,10272.4,5853.53,,1,16,32,1,1,1,1,947912704,8388608,,,,,,,,,,2026-04-18 15:24:17.
0,67/111,3/19,Contraction_l_Alik_Bjlk_Cijk_Dijk,"(2048,1024,1,14336)",Cijk_Alik_Bjlk_I8II_BH_MT64x64x16_SN_GLVWA4_GRVW4_K1_SU32_SUS256_TT4_4,NO_CHECK,10866.7,5533.39,,1,16,32,1,1,1,1,947912704,8388608,,,,,,,,,,2026-04-18 15:24:17.
0,67/111,4/19,Contraction_l_Alik_Bjlk_Cijk_Dijk,"(2048,1024,1,14336)",Cijk_Alik_Bjlk_I8II_BH_MT64x64x16_SN_GLVWA4_GRVW8_K1_SU32_SUS256_TT4_4,NO_CHECK,9897.42,6075.27,,1,16,32,1,1,1,1,947912704,8388608,,,,,,,,,,2026-04-18 15:24:17.
0,67/111,5/19,Contraction_l_Alik_Bjlk_Cijk_Dijk,"(2048,1024,1,14336)",Cijk_Alik_Bjlk_I8II_BH_MT64x64x16_SN_GLVWA4_GRVW16_K1_SU32_SUS256_TT4_4,NO_CHECK,9680.9,6211.15,,1,16,32,1,1,1,1,947912704,8388608,,,,,,,,,,2026-04-18 15:24:17.
0,67/111,6/19,Contraction_l_Alik_Bjlk_Cijk_Dijk,"(2048,1024,1,14336)",Cijk_Alik_Bjlk_I8II_BH_MT128x64x16_SN_GLVWA4_GRVW4_K1_SU0_SUS0_TT8_4,NO_CHECK,7945.6,7567.66,,1,8,32,1,1,1,1,713031680,8388608,,,,,,,,,,2026-04-18 15:24:17.
0,67/111,7/19,Contraction_l_Alik_Bjlk_Cijk_Dijk,"(2048,1024,1,14336)",Cijk_Alik_Bjlk_I8II_BH_MT128x64x16_SN_GLVWA8_GRVW8_K1_SU0_SUS0_TT8_4,NO_CHECK,7911.52,7600.26,,1,8,32,1,1,1,1,713031680,8388608,,,,,,,,,,2026-04-18 15:24:17.
0,67/111,8/19,Contraction_l_Alik_Bjlk_Cijk_Dijk,"(2048,1024,1,14336)",Cijk_Alik_Bjlk_I8II_BH_MT128x64x16_SN_GLVWA8_GRVW16_K1_SU0_SUS0_TT8_4,NO_CHECK,7978.8,7536.17,,1,8,32,1,1,1,1,713031680,8388608,,,,,,,,,,2026-04-18 15:24:17.
0,67/111,9/19,Contraction_l_Alik_Bjlk_Cijk_Dijk,"(2048,1024,1,14336)",Cijk_Alik_Bjlk_I8II_BH_MT128x64x16_SN_GLVWA4_GRVW4_K1_SU32_SUS256_TT8_4,NO_CHECK,7918.8,7593.27,,1,8,32,1,1,1,1,713031680,8388608,,,,,,,,,,2026-04-18 15:24:17.
0,67/111,10/19,Contraction_l_Alik_Bjlk_Cijk_Dijk,"(2048,1024,1,14336)",Cijk_Alik_Bjlk_I8II_BH_MT128x64x16_SN_GLVWA8_GRVW8_K1_SU32_SUS256_TT8_4,NO_CHECK,7913.88,7597.99,,1,8,32,1,1,1,1,713031680,8388608,,,,,,,,,,2026-04-18 15:24:17.
0,67/111,11/19,Contraction_l_Alik_Bjlk_Cijk_Dijk,"(2048,1024,1,14336)",Cijk_Alik_Bjlk_I8II_BH_MT128x64x16_SN_GLVWA8_GRVW16_K1_SU32_SUS256_TT8_4,NO_CHECK,7915.36,7596.57,,1,8,32,1,1,1,1,713031680,8388608,,,,,,,,,,2026-04-18 15:24:17.
0,67/111,12/19,Contraction_l_Alik_Bjlk_Cijk_Dijk,"(2048,1024,1,14336)",Cijk_Alik_Bjlk_I8II_BH_MT64x128x16_SN_GLVWA4_GRVW4_K1_SU0_SUS0_TT4_8,NO_CHECK,7886,7624.85,,1,8,32,1,1,1,1,713031680,8388608,,,,,,,,,,2026-04-18 15:24:17.
0,67/111,13/19,Contraction_l_Alik_Bjlk_Cijk_Dijk,"(2048,1024,1,14336)",Cijk_Alik_Bjlk_I8II_BH_MT64x128x16_SN_GLVWA4_GRVW4_K1_SU32_SUS256_TT4_8,NO_CHECK,7684.51,7824.77,,1,8,32,1,1,1,1,713031680,8388608,,,,,,,,,,2026-04-18 15:24:17.
0,67/111,14/19,Contraction_l_Alik_Bjlk_Cijk_Dijk,"(2048,1024,1,14336)",Cijk_Alik_Bjlk_I8II_BH_MT64x64x32_SN_GLVWA4_GRVW4_K1_SU0_SUS0_TT4_4,NO_CHECK,9690.1,6205.25,,1,16,32,1,1,1,1,947912704,8388608,,,,,,,,,,2026-04-18 15:24:17.
0,67/111,15/19,Contraction_l_Alik_Bjlk_Cijk_Dijk,"(2048,1024,1,14336)",Cijk_Alik_Bjlk_I8II_BH_MT64x64x32_SN_GLVWA4_GRVW4_K1_SU32_SUS256_TT4_4,NO_CHECK,9695.18,6202,,1,16,32,1,1,1,1,947912704,8388608,,,,,,,,,,2026-04-18 15:24:17.
0,67/111,16/19,Contraction_l_Alik_Bjlk_Cijk_Dijk,"(2048,1024,1,14336)",Cijk_Alik_Bjlk_I8II_BH_MT128x64x32_SN_GLVWA4_GRVW4_K1_SU0_SUS0_TT8_4,NO_CHECK,7730.75,7777.97,,1,8,32,1,1,1,1,713031680,8388608,,,,,,,,,,2026-04-18 15:24:17.
0,67/111,17/19,Contraction_l_Alik_Bjlk_Cijk_Dijk,"(2048,1024,1,14336)",Cijk_Alik_Bjlk_I8II_BH_MT128x64x32_SN_GLVWA4_GRVW4_K1_SU32_SUS256_TT8_4,NO_CHECK,7745.87,7762.78,,1,8,32,1,1,1,1,713031680,8388608,,,,,,,,,,2026-04-18 15:24:17.
0,67/111,18/19,Contraction_l_Alik_Bjlk_Cijk_Dijk,"(2048,1024,1,14336)",Cijk_Alik_Bjlk_I8II_BH_MT64x128x32_SN_GLVWA4_GRVW4_K1_SU0_SUS0_TT4_8,NO_CHECK,7852.36,7657.52,,1,8,32,1,1,1,1,713031680,8388608,,,,,,,,,,2026-04-18 15:24:18.
0,67/111,19/19,Contraction_l_Alik_Bjlk_Cijk_Dijk,"(2048,1024,1,14336)",Cijk_Alik_Bjlk_I8II_BH_MT64x128x32_SN_GLVWA4_GRVW4_K1_SU32_SUS256_TT4_8,NO_CHECK,7761.35,7747.3,,1,8,32,1,1,1,1,713031680,8388608,,,,,,,,,,2026-04-18 15:24:18.
0,68/111,0/19,Contraction_l_Alik_Bjlk_Cijk_Dijk,"(2048,4096,1,1024)",Cijk_Alik_Bjlk_I8II_BH_MT64x64x16_SN_GLVWA4_GRVW4_K1_SU0_SUS0_TT4_4,NO_CHECK,2897.2,5929.81,,1,64,32,1,1,1,1,301989888,33554432,,,,,,,,,,2026-04-18 15:24:18.
0,68/111,1/19,Contraction_l_Alik_Bjlk_Cijk_Dijk,"(2048,4096,1,1024)",Cijk_Alik_Bjlk_I8II_BH_MT64x64x16_SN_GLVWA4_GRVW8_K1_SU0_SUS0_TT4_4,NO_CHECK,3283.53,5232.14,,1,64,32,1,1,1,1,301989888,33554432,,,,,,,,,,2026-04-18 15:24:18.
0,68/111,2/19,Contraction_l_Alik_Bjlk_Cijk_Dijk,"(2048,4096,1,1024)",Cijk_Alik_Bjlk_I8II_BH_MT64x64x16_SN_GLVWA4_GRVW16_K1_SU0_SUS0_TT4_4,NO_CHECK,2915.32,5892.96,,1,64,32,1,1,1,1,301989888,33554432,,,,,,,,,,2026-04-18 15:24:18.
0,68/111,3/19,Contraction_l_Alik_Bjlk_Cijk_Dijk,"(2048,4096,1,1024)",Cijk_Alik_Bjlk_I8II_BH_MT64x64x16_SN_GLVWA4_GRVW4_K1_SU32_SUS256_TT4_4,NO_CHECK,2840.6,6047.97,,1,64,32,1,1,1,1,301989888,33554432,,,,,,,,,,2026-04-18 15:24:18.
0,68/111,4/19,Contraction_l_Alik_Bjlk_Cijk_Dijk,"(2048,4096,1,1024)",Cijk_Alik_Bjlk_I8II_BH_MT64x64x16_SN_GLVWA4_GRVW8_K1_SU32_SUS256_TT4_4,NO_CHECK,2903.16,5917.64,,1,64,32,1,1,1,1,301989888,33554432,,,,,,,,,,2026-04-18 15:24:18.
0,68/111,5/19,Contraction_l_Alik_Bjlk_Cijk_Dijk,"(2048,4096,1,1024)",Cijk_Alik_Bjlk_I8II_BH_MT64x64x16_SN_GLVWA4_GRVW16_K1_SU32_SUS256_TT4_4,NO_CHECK,2878.16,5969.04,,1,64,32,1,1,1,1,301989888,33554432,,,,,,,,,,2026-04-18 15:24:18.
0,68/111,6/19,Contraction_l_Alik_Bjlk_Cijk_Dijk,"(2048,4096,1,1024)",Cijk_Alik_Bjlk_I8II_BH_MT128x64x16_SN_GLVWA4_GRVW4_K1_SU0_SUS0_TT8_4,NO_CHECK,2255.07,7618.32,,1,32,32,1,1,1,1,234881024,33554432,,,,,,,,,,2026-04-18 15:24:18.
0,68/111,7/19,Contraction_l_Alik_Bjlk_Cijk_Dijk,"(2048,4096,1,1024)",Cijk_Alik_Bjlk_I8II_BH_MT128x64x16_SN_GLVWA8_GRVW8_K1_SU0_SUS0_TT8_4,NO_CHECK,2407.88,7134.87,,1,32,32,1,1,1,1,234881024,33554432,,,,,,,,,,2026-04-18 15:24:18.
0,68/111,8/19,Contraction_l_Alik_Bjlk_Cijk_Dijk,"(2048,4096,1,1024)",Cijk_Alik_Bjlk_I8II_BH_MT128x64x16_SN_GLVWA8_GRVW16_K1_SU0_SUS0_TT8_4,NO_CHECK,2274.67,7552.67,,1,32,32,1,1,1,1,234881024,33554432,,,,,,,,,,2026-04-18 15:24:18.
0,68/111,9/19,Contraction_l_Alik_Bjlk_Cijk_Dijk,"(2048,4096,1,1024)",Cijk_Alik_Bjlk_I8II_BH_MT128x64x16_SN_GLVWA4_GRVW4_K1_SU32_SUS256_TT8_4,NO_CHECK,2375.6,7231.82,,1,32,32,1,1,1,1,234881024,33554432,,,,,,,,,,2026-04-18 15:24:18.
0,68/111,10/19,Contraction_l_Alik_Bjlk_Cijk_Dijk,"(2048,4096,1,1024)",Cijk_Alik_Bjlk_I8II_BH_MT128x64x16_SN_GLVWA8_GRVW8_K1_SU32_SUS256_TT8_4,NO_CHECK,2483.4,6917.89,,1,32,32,1,1,1,1,234881024,33554432,,,,,,,,,,2026-04-18 15:24:18.
0,68/111,11/19,Contraction_l_Alik_Bjlk_Cijk_Dijk,"(2048,4096,1,1024)",Cijk_Alik_Bjlk_I8II_BH_MT128x64x16_SN_GLVWA8_GRVW16_K1_SU32_SUS256_TT8_4,NO_CHECK,2332.47,7365.51,,1,32,32,1,1,1,1,234881024,33554432,,,,,,,,,,2026-04-18 15:24:18.
0,68/111,12/19,Contraction_l_Alik_Bjlk_Cijk_Dijk,"(2048,4096,1,1024)",Cijk_Alik_Bjlk_I8II_BH_MT64x128x16_SN_GLVWA4_GRVW4_K1_SU0_SUS0_TT4_8,NO_CHECK,2241.87,7663.18,,1,32,32,1,1,1,1,234881024,33554432,,,,,,,,,,2026-04-18 15:24:18.
0,68/111,13/19,Contraction_l_Alik_Bjlk_Cijk_Dijk,"(2048,4096,1,1024)",Cijk_Alik_Bjlk_I8II_BH_MT64x128x16_SN_GLVWA4_GRVW4_K1_SU32_SUS256_TT4_8,NO_CHECK,2225.07,7721.04,,1,32,32,1,1,1,1,234881024,33554432,,,,,,,,,,2026-04-18 15:24:18.
0,68/111,14/19,Contraction_l_Alik_Bjlk_Cijk_Dijk,"(2048,4096,1,1024)",Cijk_Alik_Bjlk_I8II_BH_MT64x64x32_SN_GLVWA4_GRVW4_K1_SU0_SUS0_TT4_4,NO_CHECK,2843.4,6042.01,,1,64,32,1,1,1,1,301989888,33554432,,,,,,,,,,2026-04-18 15:24:18.
0,68/111,15/19,Contraction_l_Alik_Bjlk_Cijk_Dijk,"(2048,4096,1,1024)",Cijk_Alik_Bjlk_I8II_BH_MT64x64x32_SN_GLVWA4_GRVW4_K1_SU32_SUS256_TT4_4,NO_CHECK,2802.72,6129.71,,1,64,32,1,1,1,1,301989888,33554432,,,,,,,,,,2026-04-18 15:24:18.
0,68/111,16/19,Contraction_l_Alik_Bjlk_Cijk_Dijk,"(2048,4096,1,1024)",Cijk_Alik_Bjlk_I8II_BH_MT128x64x32_SN_GLVWA4_GRVW4_K1_SU0_SUS0_TT8_4,NO_CHECK,2302.27,7462.13,,1,32,32,1,1,1,1,234881024,33554432,,,,,,,,,,2026-04-18 15:24:18.
0,68/111,17/19,Contraction_l_Alik_Bjlk_Cijk_Dijk,"(2048,4096,1,1024)",Cijk_Alik_Bjlk_I8II_BH_MT128x64x32_SN_GLVWA4_GRVW4_K1_SU32_SUS256_TT8_4,NO_CHECK,2388,7194.27,,1,32,32,1,1,1,1,234881024,33554432,,,,,,,,,,2026-04-18 15:24:18.
0,68/111,18/19,Contraction_l_Alik_Bjlk_Cijk_Dijk,"(2048,4096,1,1024)",Cijk_Alik_Bjlk_I8II_BH_MT64x128x32_SN_GLVWA4_GRVW4_K1_SU0_SUS0_TT4_8,NO_CHECK,2223.95,7724.93,,1,32,32,1,1,1,1,234881024,33554432,,,,,,,,,,2026-04-18 15:24:18.
0,68/111,19/19,Contraction_l_Alik_Bjlk_Cijk_Dijk,"(2048,4096,1,1024)",Cijk_Alik_Bjlk_I8II_BH_MT64x128x32_SN_GLVWA4_GRVW4_K1_SU32_SUS256_TT4_8,NO_CHECK,2221.51,7733.41,,1,32,32,1,1,1,1,234881024,33554432,,,,,,,,,,2026-04-18 15:24:18.
0,69/111,0/19,Contraction_l_Alik_Bjlk_Cijk_Dijk,"(2048,4096,1,4096)",Cijk_Alik_Bjlk_I8II_BH_MT64x64x16_SN_GLVWA4_GRVW4_K1_SU0_SUS0_TT4_4,NO_CHECK,11038.5,6225.42,,1,64,32,1,1,1,1,1107296256,33554432,,,,,,,,,,2026-04-18 15:24:18.
0,69/111,1/19,Contraction_l_Alik_Bjlk_Cijk_Dijk,"(2048,4096,1,4096)",Cijk_Alik_Bjlk_I8II_BH_MT64x64x16_SN_GLVWA4_GRVW8_K1_SU0_SUS0_TT4_4,NO_CHECK,11165.6,6154.59,,1,64,32,1,1,1,1,1107296256,33554432,,,,,,,,,,2026-04-18 15:24:18.
0,69/111,2/19,Contraction_l_Alik_Bjlk_Cijk_Dijk,"(2048,4096,1,4096)",Cijk_Alik_Bjlk_I8II_BH_MT64x64x16_SN_GLVWA4_GRVW16_K1_SU0_SUS0_TT4_4,NO_CHECK,11028.3,6231.2,,1,64,32,1,1,1,1,1107296256,33554432,,,,,,,,,,2026-04-18 15:24:18.
0,69/111,3/19,Contraction_l_Alik_Bjlk_Cijk_Dijk,"(2048,4096,1,4096)",Cijk_Alik_Bjlk_I8II_BH_MT64x64x16_SN_GLVWA4_GRVW4_K1_SU32_SUS256_TT4_4,NO_CHECK,11028.6,6231.05,,1,64,32,1,1,1,1,1107296256,33554432,,,,,,,,,,2026-04-18 15:24:18.
0,69/111,4/19,Contraction_l_Alik_Bjlk_Cijk_Dijk,"(2048,4096,1,4096)",Cijk_Alik_Bjlk_I8II_BH_MT64x64x16_SN_GLVWA4_GRVW8_K1_SU32_SUS256_TT4_4,NO_CHECK,11669.9,5888.59,,1,64,32,1,1,1,1,1107296256,33554432,,,,,,,,,,2026-04-18 15:24:18.
0,69/111,5/19,Contraction_l_Alik_Bjlk_Cijk_Dijk,"(2048,4096,1,4096)",Cijk_Alik_Bjlk_I8II_BH_MT64x64x16_SN_GLVWA4_GRVW16_K1_SU32_SUS256_TT4_4,NO_CHECK,11318.8,6071.24,,1,64,32,1,1,1,1,1107296256,33554432,,,,,,,,,,2026-04-18 15:24:18.
0,69/111,6/19,Contraction_l_Alik_Bjlk_Cijk_Dijk,"(2048,4096,1,4096)",Cijk_Alik_Bjlk_I8II_BH_MT128x64x16_SN_GLVWA4_GRVW4_K1_SU0_SUS0_TT8_4,NO_CHECK,9151.09,7509.43,,1,32,32,1,1,1,1,838860800,33554432,,,,,,,,,,2026-04-18 15:24:18.
0,69/111,7/19,Contraction_l_Alik_Bjlk_Cijk_Dijk,"(2048,4096,1,4096)",Cijk_Alik_Bjlk_I8II_BH_MT128x64x16_SN_GLVWA8_GRVW8_K1_SU0_SUS0_TT8_4,NO_CHECK,8765.41,7839.85,,1,32,32,1,1,1,1,838860800,33554432,,,,,,,,,,2026-04-18 15:24:18.
0,69/111,8/19,Contraction_l_Alik_Bjlk_Cijk_Dijk,"(2048,4096,1,4096)",Cijk_Alik_Bjlk_I8II_BH_MT128x64x16_SN_GLVWA8_GRVW16_K1_SU0_SUS0_TT8_4,NO_CHECK,8775.57,7830.77,,1,32,32,1,1,1,1,838860800,33554432,,,,,,,,,,2026-04-18 15:24:18.
0,69/111,9/19,Contraction_l_Alik_Bjlk_Cijk_Dijk,"(2048,4096,1,4096)",Cijk_Alik_Bjlk_I8II_BH_MT128x64x16_SN_GLVWA4_GRVW4_K1_SU32_SUS256_TT8_4,NO_CHECK,9070.85,7575.86,,1,32,32,1,1,1,1,838860800,33554432,,,,,,,,,,2026-04-18 15:24:18.
0,69/111,10/19,Contraction_l_Alik_Bjlk_Cijk_Dijk,"(2048,4096,1,4096)",Cijk_Alik_Bjlk_I8II_BH_MT128x64x16_SN_GLVWA8_GRVW8_K1_SU32_SUS256_TT8_4,NO_CHECK,8900.77,7720.62,,1,32,32,1,1,1,1,838860800,33554432,,,,,,,,,,2026-04-18 15:24:18.
0,69/111,11/19,Contraction_l_Alik_Bjlk_Cijk_Dijk,"(2048,4096,1,4096)",Cijk_Alik_Bjlk_I8II_BH_MT128x64x16_SN_GLVWA8_GRVW16_K1_SU32_SUS256_TT8_4,NO_CHECK,8787.33,7820.29,,1,32,32,1,1,1,1,838860800,33554432,,,,,,,,,,2026-04-18 15:24:18.
0,69/111,12/19,Contraction_l_Alik_Bjlk_Cijk_Dijk,"(2048,4096,1,4096)",Cijk_Alik_Bjlk_I8II_BH_MT64x128x16_SN_GLVWA4_GRVW4_K1_SU0_SUS0_TT4_8,NO_CHECK,9025.05,7614.3,,1,32,32,1,1,1,1,838860800,33554432,,,,,,,,,,2026-04-18 15:24:18.
0,69/111,13/19,Contraction_l_Alik_Bjlk_Cijk_Dijk,"(2048,4096,1,4096)",Cijk_Alik_Bjlk_I8II_BH_MT64x128x16_SN_GLVWA4_GRVW4_K1_SU32_SUS256_TT4_8,NO_CHECK,8764.53,7840.64,,1,32,32,1,1,1,1,838860800,33554432,,,,,,,,,,2026-04-18 15:24:18.
0,69/111,14/19,Contraction_l_Alik_Bjlk_Cijk_Dijk,"(2048,4096,1,4096)",Cijk_Alik_Bjlk_I8II_BH_MT64x64x32_SN_GLVWA4_GRVW4_K1_SU0_SUS0_TT4_4,NO_CHECK,11011.2,6240.87,,1,64,32,1,1,1,1,1107296256,33554432,,,,,,,,,,2026-04-18 15:24:18.
0,69/111,15/19,Contraction_l_Alik_Bjlk_Cijk_Dijk,"(2048,4096,1,4096)",Cijk_Alik_Bjlk_I8II_BH_MT64x64x32_SN_GLVWA4_GRVW4_K1_SU32_SUS256_TT4_4,NO_CHECK,11324.9,6067.98,,1,64,32,1,1,1,1,1107296256,33554432,,,,,,,,,,2026-04-18 15:24:18.
0,69/111,16/19,Contraction_l_Alik_Bjlk_Cijk_Dijk,"(2048,4096,1,4096)",Cijk_Alik_Bjlk_I8II_BH_MT128x64x32_SN_GLVWA4_GRVW4_K1_SU0_SUS0_TT8_4,NO_CHECK,8829.65,7782.81,,1,32,32,1,1,1,1,838860800,33554432,,,,,,,,,,2026-04-18 15:24:18.
0,69/111,17/19,Contraction_l_Alik_Bjlk_Cijk_Dijk,"(2048,4096,1,4096)",Cijk_Alik_Bjlk_I8II_BH_MT128x64x32_SN_GLVWA4_GRVW4_K1_SU32_SUS256_TT8_4,NO_CHECK,9724.62,7066.54,,1,32,32,1,1,1,1,838860800,33554432,,,,,,,,,,2026-04-18 15:24:18.
0,69/111,18/19,Contraction_l_Alik_Bjlk_Cijk_Dijk,"(2048,4096,1,4096)",Cijk_Alik_Bjlk_I8II_BH_MT64x128x32_SN_GLVWA4_GRVW4_K1_SU0_SUS0_TT4_8,NO_CHECK,8712.61,7887.36,,1,32,32,1,1,1,1,838860800,33554432,,,,,,,,,,2026-04-18 15:24:18.
0,69/111,19/19,Contraction_l_Alik_Bjlk_Cijk_Dijk,"(2048,4096,1,4096)",Cijk_Alik_Bjlk_I8II_BH_MT64x128x32_SN_GLVWA4_GRVW4_K1_SU32_SUS256_TT4_8,NO_CHECK,9096.05,7554.87,,1,32,32,1,1,1,1,838860800,33554432,,,,,,,,,,2026-04-18 15:24:18.
0,70/111,0/19,Contraction_l_Alik_Bjlk_Cijk_Dijk,"(2048,4096,1,8192)",Cijk_Alik_Bjlk_I8II_BH_MT64x64x16_SN_GLVWA4_GRVW4_K1_SU0_SUS0_TT4_4,NO_CHECK,22279.6,6168.83,,1,64,32,1,1,1,1,2181038080,33554432,,,,,,,,,,2026-04-18 15:24:18.
0,70/111,1/19,Contraction_l_Alik_Bjlk_Cijk_Dijk,"(2048,4096,1,8192)",Cijk_Alik_Bjlk_I8II_BH_MT64x64x16_SN_GLVWA4_GRVW8_K1_SU0_SUS0_TT4_4,NO_CHECK,22380.7,6140.96,,1,64,32,1,1,1,1,2181038080,33554432,,,,,,,,,,2026-04-18 15:24:18.
0,70/111,2/19,Contraction_l_Alik_Bjlk_Cijk_Dijk,"(2048,4096,1,8192)",Cijk_Alik_Bjlk_I8II_BH_MT64x64x16_SN_GLVWA4_GRVW16_K1_SU0_SUS0_TT4_4,NO_CHECK,22392.4,6137.75,,1,64,32,1,1,1,1,2181038080,33554432,,,,,,,,,,2026-04-18 15:24:18.
0,70/111,3/19,Contraction_l_Alik_Bjlk_Cijk_Dijk,"(2048,4096,1,8192)",Cijk_Alik_Bjlk_I8II_BH_MT64x64x16_SN_GLVWA4_GRVW4_K1_SU32_SUS256_TT4_4,NO_CHECK,22092.8,6220.99,,1,64,32,1,1,1,1,2181038080,33554432,,,,,,,,,,2026-04-18 15:24:18.
0,70/111,4/19,Contraction_l_Alik_Bjlk_Cijk_Dijk,"(2048,4096,1,8192)",Cijk_Alik_Bjlk_I8II_BH_MT64x64x16_SN_GLVWA4_GRVW8_K1_SU32_SUS256_TT4_4,NO_CHECK,22106.4,6217.16,,1,64,32,1,1,1,1,2181038080,33554432,,,,,,,,,,2026-04-18 15:24:18.
0,70/111,5/19,Contraction_l_Alik_Bjlk_Cijk_Dijk,"(2048,4096,1,8192)",Cijk_Alik_Bjlk_I8II_BH_MT64x64x16_SN_GLVWA4_GRVW16_K1_SU32_SUS256_TT4_4,NO_CHECK,22067.8,6228.03,,1,64,32,1,1,1,1,2181038080,33554432,,,,,,,,,,2026-04-18 15:24:18.
0,70/111,6/19,Contraction_l_Alik_Bjlk_Cijk_Dijk,"(2048,4096,1,8192)",Cijk_Alik_Bjlk_I8II_BH_MT128x64x16_SN_GLVWA4_GRVW4_K1_SU0_SUS0_TT8_4,NO_CHECK,18357.8,7486.68,,1,32,32,1,1,1,1,1644167168,33554432,,,,,,,,,,2026-04-18 15:24:18.
0,70/111,7/19,Contraction_l_Alik_Bjlk_Cijk_Dijk,"(2048,4096,1,8192)",Cijk_Alik_Bjlk_I8II_BH_MT128x64x16_SN_GLVWA8_GRVW8_K1_SU0_SUS0_TT8_4,NO_CHECK,18139.7,7576.69,,1,32,32,1,1,1,1,1644167168,33554432,,,,,,,,,,2026-04-18 15:24:18.
0,70/111,8/19,Contraction_l_Alik_Bjlk_Cijk_Dijk,"(2048,4096,1,8192)",Cijk_Alik_Bjlk_I8II_BH_MT128x64x16_SN_GLVWA8_GRVW16_K1_SU0_SUS0_TT8_4,NO_CHECK,17518.1,7845.52,,1,32,32,1,1,1,1,1644167168,33554432,,,,,,,,,,2026-04-18 15:24:18.
0,70/111,9/19,Contraction_l_Alik_Bjlk_Cijk_Dijk,"(2048,4096,1,8192)",Cijk_Alik_Bjlk_I8II_BH_MT128x64x16_SN_GLVWA4_GRVW4_K1_SU32_SUS256_TT8_4,NO_CHECK,18049.8,7614.42,,1,32,32,1,1,1,1,1644167168,33554432,,,,,,,,,,2026-04-18 15:24:18.
0,70/111,10/19,Contraction_l_Alik_Bjlk_Cijk_Dijk,"(2048,4096,1,8192)",Cijk_Alik_Bjlk_I8II_BH_MT128x64x16_SN_GLVWA8_GRVW8_K1_SU32_SUS256_TT8_4,NO_CHECK,17851,7699.24,,1,32,32,1,1,1,1,1644167168,33554432,,,,,,,,,,2026-04-18 15:24:18.
0,70/111,11/19,Contraction_l_Alik_Bjlk_Cijk_Dijk,"(2048,4096,1,8192)",Cijk_Alik_Bjlk_I8II_BH_MT128x64x16_SN_GLVWA8_GRVW16_K1_SU32_SUS256_TT8_4,NO_CHECK,17509.2,7849.54,,1,32,32,1,1,1,1,1644167168,33554432,,,,,,,,,,2026-04-18 15:24:18.
0,70/111,12/19,Contraction_l_Alik_Bjlk_Cijk_Dijk,"(2048,4096,1,8192)",Cijk_Alik_Bjlk_I8II_BH_MT64x128x16_SN_GLVWA4_GRVW4_K1_SU0_SUS0_TT4_8,NO_CHECK,18251.7,7530.21,,1,32,32,1,1,1,1,1644167168,33554432,,,,,,,,,,2026-04-18 15:24:18.
0,70/111,13/19,Contraction_l_Alik_Bjlk_Cijk_Dijk,"(2048,4096,1,8192)",Cijk_Alik_Bjlk_I8II_BH_MT64x128x16_SN_GLVWA4_GRVW4_K1_SU32_SUS256_TT4_8,NO_CHECK,17937,7662.31,,1,32,32,1,1,1,1,1644167168,33554432,,,,,,,,,,2026-04-18 15:24:18.
0,70/111,14/19,Contraction_l_Alik_Bjlk_Cijk_Dijk,"(2048,4096,1,8192)",Cijk_Alik_Bjlk_I8II_BH_MT64x64x32_SN_GLVWA4_GRVW4_K1_SU0_SUS0_TT4_4,NO_CHECK,21994.4,6248.8,,1,64,32,1,1,1,1,2181038080,33554432,,,,,,,,,,2026-04-18 15:24:18.
0,70/111,15/19,Contraction_l_Alik_Bjlk_Cijk_Dijk,"(2048,4096,1,8192)",Cijk_Alik_Bjlk_I8II_BH_MT64x64x32_SN_GLVWA4_GRVW4_K1_SU32_SUS256_TT4_4,NO_CHECK,22005.2,6245.74,,1,64,32,1,1,1,1,2181038080,33554432,,,,,,,,,,2026-04-18 15:24:18.
0,70/111,16/19,Contraction_l_Alik_Bjlk_Cijk_Dijk,"(2048,4096,1,8192)",Cijk_Alik_Bjlk_I8II_BH_MT128x64x32_SN_GLVWA4_GRVW4_K1_SU0_SUS0_TT8_4,NO_CHECK,18029.4,7623.04,,1,32,32,1,1,1,1,1644167168,33554432,,,,,,,,,,2026-04-18 15:24:18.
0,70/111,17/19,Contraction_l_Alik_Bjlk_Cijk_Dijk,"(2048,4096,1,8192)",Cijk_Alik_Bjlk_I8II_BH_MT128x64x32_SN_GLVWA4_GRVW4_K1_SU32_SUS256_TT8_4,NO_CHECK,18490.6,7432.91,,1,32,32,1,1,1,1,1644167168,33554432,,,,,,,,,,2026-04-18 15:24:18.
0,70/111,18/19,Contraction_l_Alik_Bjlk_Cijk_Dijk,"(2048,4096,1,8192)",Cijk_Alik_Bjlk_I8II_BH_MT64x128x32_SN_GLVWA4_GRVW4_K1_SU0_SUS0_TT4_8,NO_CHECK,17926.8,7666.66,,1,32,32,1,1,1,1,1644167168,33554432,,,,,,,,,,2026-04-18 15:24:18.
0,70/111,19/19,Contraction_l_Alik_Bjlk_Cijk_Dijk,"(2048,4096,1,8192)",Cijk_Alik_Bjlk_I8II_BH_MT64x128x32_SN_GLVWA4_GRVW4_K1_SU32_SUS256_TT4_8,NO_CHECK,17417.5,7890.87,,1,32,32,1,1,1,1,1644167168,33554432,,,,,,,,,,2026-04-18 15:24:18.
0,71/111,0/19,Contraction_l_Alik_Bjlk_Cijk_Dijk,"(2048,4096,1,14336)",Cijk_Alik_Bjlk_I8II_BH_MT64x64x16_SN_GLVWA4_GRVW4_K1_SU0_SUS0_TT4_4,NO_CHECK,39395.7,6105.19,,1,64,32,1,1,1,1,3791650816,33554432,,,,,,,,,,2026-04-18 15:24:18.
0,71/111,1/19,Contraction_l_Alik_Bjlk_Cijk_Dijk,"(2048,4096,1,14336)",Cijk_Alik_Bjlk_I8II_BH_MT64x64x16_SN_GLVWA4_GRVW8_K1_SU0_SUS0_TT4_4,NO_CHECK,38882,6185.85,,1,64,32,1,1,1,1,3791650816,33554432,,,,,,,,,,2026-04-18 15:24:18.
0,71/111,2/19,Contraction_l_Alik_Bjlk_Cijk_Dijk,"(2048,4096,1,14336)",Cijk_Alik_Bjlk_I8II_BH_MT64x64x16_SN_GLVWA4_GRVW16_K1_SU0_SUS0_TT4_4,NO_CHECK,38851.8,6190.66,,1,64,32,1,1,1,1,3791650816,33554432,,,,,,,,,,2026-04-18 15:24:18.
0,71/111,3/19,Contraction_l_Alik_Bjlk_Cijk_Dijk,"(2048,4096,1,14336)",Cijk_Alik_Bjlk_I8II_BH_MT64x64x16_SN_GLVWA4_GRVW4_K1_SU32_SUS256_TT4_4,NO_CHECK,38573.9,6235.26,,1,64,32,1,1,1,1,3791650816,33554432,,,,,,,,,,2026-04-18 15:24:18.
0,71/111,4/19,Contraction_l_Alik_Bjlk_Cijk_Dijk,"(2048,4096,1,14336)",Cijk_Alik_Bjlk_I8II_BH_MT64x64x16_SN_GLVWA4_GRVW8_K1_SU32_SUS256_TT4_4,NO_CHECK,38577.9,6234.61,,1,64,32,1,1,1,1,3791650816,33554432,,,,,,,,,,2026-04-18 15:24:18.
0,71/111,5/19,Contraction_l_Alik_Bjlk_Cijk_Dijk,"(2048,4096,1,14336)",Cijk_Alik_Bjlk_I8II_BH_MT64x64x16_SN_GLVWA4_GRVW16_K1_SU32_SUS256_TT4_4,NO_CHECK,38826.6,6194.67,,1,64,32,1,1,1,1,3791650816,33554432,,,,,,,,,,2026-04-18 15:24:18.
0,71/111,6/19,Contraction_l_Alik_Bjlk_Cijk_Dijk,"(2048,4096,1,14336)",Cijk_Alik_Bjlk_I8II_BH_MT128x64x16_SN_GLVWA4_GRVW4_K1_SU0_SUS0_TT8_4,NO_CHECK,32482.6,7404.53,,1,32,32,1,1,1,1,2852126720,33554432,,,,,,,,,,2026-04-18 15:24:18.
0,71/111,7/19,Contraction_l_Alik_Bjlk_Cijk_Dijk,"(2048,4096,1,14336)",Cijk_Alik_Bjlk_I8II_BH_MT128x64x16_SN_GLVWA8_GRVW8_K1_SU0_SUS0_TT8_4,NO_CHECK,31190.3,7711.32,,1,32,32,1,1,1,1,2852126720,33554432,,,,,,,,,,2026-04-18 15:24:18.
0,71/111,8/19,Contraction_l_Alik_Bjlk_Cijk_Dijk,"(2048,4096,1,14336)",Cijk_Alik_Bjlk_I8II_BH_MT128x64x16_SN_GLVWA8_GRVW16_K1_SU0_SUS0_TT8_4,NO_CHECK,30877.7,7789.38,,1,32,32,1,1,1,1,2852126720,33554432,,,,,,,,,,2026-04-18 15:24:18.
0,71/111,9/19,Contraction_l_Alik_Bjlk_Cijk_Dijk,"(2048,4096,1,14336)",Cijk_Alik_Bjlk_I8II_BH_MT128x64x16_SN_GLVWA4_GRVW4_K1_SU32_SUS256_TT8_4,NO_CHECK,32013.5,7513.02,,1,32,32,1,1,1,1,2852126720,33554432,,,,,,,,,,2026-04-18 15:24:19.
0,71/111,10/19,Contraction_l_Alik_Bjlk_Cijk_Dijk,"(2048,4096,1,14336)",Cijk_Alik_Bjlk_I8II_BH_MT128x64x16_SN_GLVWA8_GRVW8_K1_SU32_SUS256_TT8_4,NO_CHECK,31623.3,7605.72,,1,32,32,1,1,1,1,2852126720,33554432,,,,,,,,,,2026-04-18 15:24:19.
0,71/111,11/19,Contraction_l_Alik_Bjlk_Cijk_Dijk,"(2048,4096,1,14336)",Cijk_Alik_Bjlk_I8II_BH_MT128x64x16_SN_GLVWA8_GRVW16_K1_SU32_SUS256_TT8_4,NO_CHECK,31937.5,7530.91,,1,32,32,1,1,1,1,2852126720,33554432,,,,,,,,,,2026-04-18 15:24:19.
0,71/111,12/19,Contraction_l_Alik_Bjlk_Cijk_Dijk,"(2048,4096,1,14336)",Cijk_Alik_Bjlk_I8II_BH_MT64x128x16_SN_GLVWA4_GRVW4_K1_SU0_SUS0_TT4_8,NO_CHECK,30493.6,7887.48,,1,32,32,1,1,1,1,2852126720,33554432,,,,,,,,,,2026-04-18 15:24:19.
0,71/111,13/19,Contraction_l_Alik_Bjlk_Cijk_Dijk,"(2048,4096,1,14336)",Cijk_Alik_Bjlk_I8II_BH_MT64x128x16_SN_GLVWA4_GRVW4_K1_SU32_SUS256_TT4_8,NO_CHECK,31403.2,7659.03,,1,32,32,1,1,1,1,2852126720,33554432,,,,,,,,,,2026-04-18 15:24:19.
0,71/111,14/19,Contraction_l_Alik_Bjlk_Cijk_Dijk,"(2048,4096,1,14336)",Cijk_Alik_Bjlk_I8II_BH_MT64x64x32_SN_GLVWA4_GRVW4_K1_SU0_SUS0_TT4_4,NO_CHECK,38866.8,6188.27,,1,64,32,1,1,1,1,3791650816,33554432,,,,,,,,,,2026-04-18 15:24:19.
0,71/111,15/19,Contraction_l_Alik_Bjlk_Cijk_Dijk,"(2048,4096,1,14336)",Cijk_Alik_Bjlk_I8II_BH_MT64x64x32_SN_GLVWA4_GRVW4_K1_SU32_SUS256_TT4_4,NO_CHECK,38659.6,6221.44,,1,64,32,1,1,1,1,3791650816,33554432,,,,,,,,,,2026-04-18 15:24:19.
0,71/111,16/19,Contraction_l_Alik_Bjlk_Cijk_Dijk,"(2048,4096,1,14336)",Cijk_Alik_Bjlk_I8II_BH_MT128x64x32_SN_GLVWA4_GRVW4_K1_SU0_SUS0_TT8_4,NO_CHECK,30997.3,7759.33,,1,32,32,1,1,1,1,2852126720,33554432,,,,,,,,,,2026-04-18 15:24:19.
0,71/111,17/19,Contraction_l_Alik_Bjlk_Cijk_Dijk,"(2048,4096,1,14336)",Cijk_Alik_Bjlk_I8II_BH_MT128x64x32_SN_GLVWA4_GRVW4_K1_SU32_SUS256_TT8_4,NO_CHECK,31553.3,7622.6,,1,32,32,1,1,1,1,2852126720,33554432,,,,,,,,,,2026-04-18 15:24:19.
0,71/111,18/19,Contraction_l_Alik_Bjlk_Cijk_Dijk,"(2048,4096,1,14336)",Cijk_Alik_Bjlk_I8II_BH_MT64x128x32_SN_GLVWA4_GRVW4_K1_SU0_SUS0_TT4_8,NO_CHECK,31365.3,7668.29,,1,32,32,1,1,1,1,2852126720,33554432,,,,,,,,,,2026-04-18 15:24:19.
0,71/111,19/19,Contraction_l_Alik_Bjlk_Cijk_Dijk,"(2048,4096,1,14336)",Cijk_Alik_Bjlk_I8II_BH_MT64x128x32_SN_GLVWA4_GRVW4_K1_SU32_SUS256_TT4_8,NO_CHECK,31385.2,7663.43,,1,32,32,1,1,1,1,2852126720,33554432,,,,,,,,,,2026-04-18 15:24:19.
0,72/111,0/19,Contraction_l_Alik_Bjlk_Cijk_Dijk,"(2048,8192,1,1024)",Cijk_Alik_Bjlk_I8II_BH_MT64x64x16_SN_GLVWA4_GRVW4_K1_SU0_SUS0_TT4_4,NO_CHECK,5658.44,6072.3,,1,128,32,1,1,1,1,603979776,67108864,,,,,,,,,,2026-04-18 15:24:19.
0,72/111,1/19,Contraction_l_Alik_Bjlk_Cijk_Dijk,"(2048,8192,1,1024)",Cijk_Alik_Bjlk_I8II_BH_MT64x64x16_SN_GLVWA4_GRVW8_K1_SU0_SUS0_TT4_4,NO_CHECK,5700.72,6027.26,,1,128,32,1,1,1,1,603979776,67108864,,,,,,,,,,2026-04-18 15:24:19.
0,72/111,2/19,Contraction_l_Alik_Bjlk_Cijk_Dijk,"(2048,8192,1,1024)",Cijk_Alik_Bjlk_I8II_BH_MT64x64x16_SN_GLVWA4_GRVW16_K1_SU0_SUS0_TT4_4,NO_CHECK,5588.68,6148.09,,1,128,32,1,1,1,1,603979776,67108864,,,,,,,,,,2026-04-18 15:24:19.
0,72/111,3/19,Contraction_l_Alik_Bjlk_Cijk_Dijk,"(2048,8192,1,1024)",Cijk_Alik_Bjlk_I8II_BH_MT64x64x16_SN_GLVWA4_GRVW4_K1_SU32_SUS256_TT4_4,NO_CHECK,5639.2,6093.01,,1,128,32,1,1,1,1,603979776,67108864,,,,,,,,,,2026-04-18 15:24:19.
0,72/111,4/19,Contraction_l_Alik_Bjlk_Cijk_Dijk,"(2048,8192,1,1024)",Cijk_Alik_Bjlk_I8II_BH_MT64x64x16_SN_GLVWA4_GRVW8_K1_SU32_SUS256_TT4_4,NO_CHECK,5756.21,5969.17,,1,128,32,1,1,1,1,603979776,67108864,,,,,,,,,,2026-04-18 15:24:19.
0,72/111,5/19,Contraction_l_Alik_Bjlk_Cijk_Dijk,"(2048,8192,1,1024)",Cijk_Alik_Bjlk_I8II_BH_MT64x64x16_SN_GLVWA4_GRVW16_K1_SU32_SUS256_TT4_4,NO_CHECK,5609.52,6125.25,,1,128,32,1,1,1,1,603979776,67108864,,,,,,,,,,2026-04-18 15:24:19.
0,72/111,6/19,Contraction_l_Alik_Bjlk_Cijk_Dijk,"(2048,8192,1,1024)",Cijk_Alik_Bjlk_I8II_BH_MT128x64x16_SN_GLVWA4_GRVW4_K1_SU0_SUS0_TT8_4,NO_CHECK,4456.58,7709.88,,1,64,32,1,1,1,1,469762048,67108864,,,,,,,,,,2026-04-18 15:24:19.
0,72/111,7/19,Contraction_l_Alik_Bjlk_Cijk_Dijk,"(2048,8192,1,1024)",Cijk_Alik_Bjlk_I8II_BH_MT128x64x16_SN_GLVWA8_GRVW8_K1_SU0_SUS0_TT8_4,NO_CHECK,4475.07,7678.04,,1,64,32,1,1,1,1,469762048,67108864,,,,,,,,,,2026-04-18 15:24:19.
0,72/111,8/19,Contraction_l_Alik_Bjlk_Cijk_Dijk,"(2048,8192,1,1024)",Cijk_Alik_Bjlk_I8II_BH_MT128x64x16_SN_GLVWA8_GRVW16_K1_SU0_SUS0_TT8_4,NO_CHECK,4458.43,7706.7,,1,64,32,1,1,1,1,469762048,67108864,,,,,,,,,,2026-04-18 15:24:19.
0,72/111,9/19,Contraction_l_Alik_Bjlk_Cijk_Dijk,"(2048,8192,1,1024)",Cijk_Alik_Bjlk_I8II_BH_MT128x64x16_SN_GLVWA4_GRVW4_K1_SU32_SUS256_TT8_4,NO_CHECK,4607.27,7457.73,,1,64,32,1,1,1,1,469762048,67108864,,,,,,,,,,2026-04-18 15:24:19.
0,72/111,10/19,Contraction_l_Alik_Bjlk_Cijk_Dijk,"(2048,8192,1,1024)",Cijk_Alik_Bjlk_I8II_BH_MT128x64x16_SN_GLVWA8_GRVW8_K1_SU32_SUS256_TT8_4,NO_CHECK,4465.87,7693.86,,1,64,32,1,1,1,1,469762048,67108864,,,,,,,,,,2026-04-18 15:24:19.
0,72/111,11/19,Contraction_l_Alik_Bjlk_Cijk_Dijk,"(2048,8192,1,1024)",Cijk_Alik_Bjlk_I8II_BH_MT128x64x16_SN_GLVWA8_GRVW16_K1_SU32_SUS256_TT8_4,NO_CHECK,4626.79,7426.26,,1,64,32,1,1,1,1,469762048,67108864,,,,,,,,,,2026-04-18 15:24:19.
0,72/111,12/19,Contraction_l_Alik_Bjlk_Cijk_Dijk,"(2048,8192,1,1024)",Cijk_Alik_Bjlk_I8II_BH_MT64x128x16_SN_GLVWA4_GRVW4_K1_SU0_SUS0_TT4_8,NO_CHECK,4400.06,7808.92,,1,64,32,1,1,1,1,469762048,67108864,,,,,,,,,,2026-04-18 15:24:19.
0,72/111,13/19,Contraction_l_Alik_Bjlk_Cijk_Dijk,"(2048,8192,1,1024)",Cijk_Alik_Bjlk_I8II_BH_MT64x128x16_SN_GLVWA4_GRVW4_K1_SU32_SUS256_TT4_8,NO_CHECK,4558.75,7537.1,,1,64,32,1,1,1,1,469762048,67108864,,,,,,,,,,2026-04-18 15:24:19.
0,72/111,14/19,Contraction_l_Alik_Bjlk_Cijk_Dijk,"(2048,8192,1,1024)",Cijk_Alik_Bjlk_I8II_BH_MT64x64x32_SN_GLVWA4_GRVW4_K1_SU0_SUS0_TT4_4,NO_CHECK,5816.16,5907.63,,1,128,32,1,1,1,1,603979776,67108864,,,,,,,,,,2026-04-18 15:24:19.
0,72/111,15/19,Contraction_l_Alik_Bjlk_Cijk_Dijk,"(2048,8192,1,1024)",Cijk_Alik_Bjlk_I8II_BH_MT64x64x32_SN_GLVWA4_GRVW4_K1_SU32_SUS256_TT4_4,NO_CHECK,5542.6,6199.21,,1,128,32,1,1,1,1,603979776,67108864,,,,,,,,,,2026-04-18 15:24:19.
0,72/111,16/19,Contraction_l_Alik_Bjlk_Cijk_Dijk,"(2048,8192,1,1024)",Cijk_Alik_Bjlk_I8II_BH_MT128x64x32_SN_GLVWA4_GRVW4_K1_SU0_SUS0_TT8_4,NO_CHECK,4549.47,7552.48,,1,64,32,1,1,1,1,469762048,67108864,,,,,,,,,,2026-04-18 15:24:19.
0,72/111,17/19,Contraction_l_Alik_Bjlk_Cijk_Dijk,"(2048,8192,1,1024)",Cijk_Alik_Bjlk_I8II_BH_MT128x64x32_SN_GLVWA4_GRVW4_K1_SU32_SUS256_TT8_4,NO_CHECK,4433.91,7749.32,,1,64,32,1,1,1,1,469762048,67108864,,,,,,,,,,2026-04-18 15:24:19.
0,72/111,18/19,Contraction_l_Alik_Bjlk_Cijk_Dijk,"(2048,8192,1,1024)",Cijk_Alik_Bjlk_I8II_BH_MT64x128x32_SN_GLVWA4_GRVW4_K1_SU0_SUS0_TT4_8,NO_CHECK,4555.79,7542,,1,64,32,1,1,1,1,469762048,67108864,,,,,,,,,,2026-04-18 15:24:19.
0,72/111,19/19,Contraction_l_Alik_Bjlk_Cijk_Dijk,"(2048,8192,1,1024)",Cijk_Alik_Bjlk_I8II_BH_MT64x128x32_SN_GLVWA4_GRVW4_K1_SU32_SUS256_TT4_8,NO_CHECK,4547.03,7556.53,,1,64,32,1,1,1,1,469762048,67108864,,,,,,,,,,2026-04-18 15:24:19.
0,73/111,0/19,Contraction_l_Alik_Bjlk_Cijk_Dijk,"(2048,8192,1,4096)",Cijk_Alik_Bjlk_I8II_BH_MT64x64x16_SN_GLVWA4_GRVW4_K1_SU0_SUS0_TT4_4,NO_CHECK,21991,6249.77,,1,128,32,1,1,1,1,2214592512,67108864,,,,,,,,,,2026-04-18 15:24:19.
0,73/111,1/19,Contraction_l_Alik_Bjlk_Cijk_Dijk,"(2048,8192,1,4096)",Cijk_Alik_Bjlk_I8II_BH_MT64x64x16_SN_GLVWA4_GRVW8_K1_SU0_SUS0_TT4_4,NO_CHECK,21975.7,6254.13,,1,128,32,1,1,1,1,2214592512,67108864,,,,,,,,,,2026-04-18 15:24:19.
0,73/111,2/19,Contraction_l_Alik_Bjlk_Cijk_Dijk,"(2048,8192,1,4096)",Cijk_Alik_Bjlk_I8II_BH_MT64x64x16_SN_GLVWA4_GRVW16_K1_SU0_SUS0_TT4_4,NO_CHECK,21969.8,6255.82,,1,128,32,1,1,1,1,2214592512,67108864,,,,,,,,,,2026-04-18 15:24:19.
0,73/111,3/19,Contraction_l_Alik_Bjlk_Cijk_Dijk,"(2048,8192,1,4096)",Cijk_Alik_Bjlk_I8II_BH_MT64x64x16_SN_GLVWA4_GRVW4_K1_SU32_SUS256_TT4_4,NO_CHECK,21985.7,6251.28,,1,128,32,1,1,1,1,2214592512,67108864,,,,,,,,,,2026-04-18 15:24:19.
0,73/111,4/19,Contraction_l_Alik_Bjlk_Cijk_Dijk,"(2048,8192,1,4096)",Cijk_Alik_Bjlk_I8II_BH_MT64x64x16_SN_GLVWA4_GRVW8_K1_SU32_SUS256_TT4_4,NO_CHECK,21989.8,6250.12,,1,128,32,1,1,1,1,2214592512,67108864,,,,,,,,,,2026-04-18 15:24:19.
0,73/111,5/19,Contraction_l_Alik_Bjlk_Cijk_Dijk,"(2048,8192,1,4096)",Cijk_Alik_Bjlk_I8II_BH_MT64x64x16_SN_GLVWA4_GRVW16_K1_SU32_SUS256_TT4_4,NO_CHECK,21993.6,6249.04,,1,128,32,1,1,1,1,2214592512,67108864,,,,,,,,,,2026-04-18 15:24:19.
0,73/111,6/19,Contraction_l_Alik_Bjlk_Cijk_Dijk,"(2048,8192,1,4096)",Cijk_Alik_Bjlk_I8II_BH_MT128x64x16_SN_GLVWA4_GRVW4_K1_SU0_SUS0_TT8_4,NO_CHECK,17530,7840.22,,1,64,32,1,1,1,1,1677721600,67108864,,,,,,,,,,2026-04-18 15:24:19.
0,73/111,7/19,Contraction_l_Alik_Bjlk_Cijk_Dijk,"(2048,8192,1,4096)",Cijk_Alik_Bjlk_I8II_BH_MT128x64x16_SN_GLVWA8_GRVW8_K1_SU0_SUS0_TT8_4,NO_CHECK,17493.3,7856.68,,1,64,32,1,1,1,1,1677721600,67108864,,,,,,,,,,2026-04-18 15:24:19.
0,73/111,8/19,Contraction_l_Alik_Bjlk_Cijk_Dijk,"(2048,8192,1,4096)",Cijk_Alik_Bjlk_I8II_BH_MT128x64x16_SN_GLVWA8_GRVW16_K1_SU0_SUS0_TT8_4,NO_CHECK,17769.5,7734.56,,1,64,32,1,1,1,1,1677721600,67108864,,,,,,,,,,2026-04-18 15:24:19.
0,73/111,9/19,Contraction_l_Alik_Bjlk_Cijk_Dijk,"(2048,8192,1,4096)",Cijk_Alik_Bjlk_I8II_BH_MT128x64x16_SN_GLVWA4_GRVW4_K1_SU32_SUS256_TT8_4,NO_CHECK,17787.5,7726.73,,1,64,32,1,1,1,1,1677721600,67108864,,,,,,,,,,2026-04-18 15:24:19.
0,73/111,10/19,Contraction_l_Alik_Bjlk_Cijk_Dijk,"(2048,8192,1,4096)",Cijk_Alik_Bjlk_I8II_BH_MT128x64x16_SN_GLVWA8_GRVW8_K1_SU32_SUS256_TT8_4,NO_CHECK,17785.3,7727.69,,1,64,32,1,1,1,1,1677721600,67108864,,,,,,,,,,2026-04-18 15:24:19.
0,73/111,11/19,Contraction_l_Alik_Bjlk_Cijk_Dijk,"(2048,8192,1,4096)",Cijk_Alik_Bjlk_I8II_BH_MT128x64x16_SN_GLVWA8_GRVW16_K1_SU32_SUS256_TT8_4,NO_CHECK,17855.2,7697.43,,1,64,32,1,1,1,1,1677721600,67108864,,,,,,,,,,2026-04-18 15:24:19.
0,73/111,12/19,Contraction_l_Alik_Bjlk_Cijk_Dijk,"(2048,8192,1,4096)",Cijk_Alik_Bjlk_I8II_BH_MT64x128x16_SN_GLVWA4_GRVW4_K1_SU0_SUS0_TT4_8,NO_CHECK,17409.5,7894.5,,1,64,32,1,1,1,1,1677721600,67108864,,,,,,,,,,2026-04-18 15:24:19.
0,73/111,13/19,Contraction_l_Alik_Bjlk_Cijk_Dijk,"(2048,8192,1,4096)",Cijk_Alik_Bjlk_I8II_BH_MT64x128x16_SN_GLVWA4_GRVW4_K1_SU32_SUS256_TT4_8,NO_CHECK,17394.6,7901.25,,1,64,32,1,1,1,1,1677721600,67108864,,,,,,,,,,2026-04-18 15:24:19.
0,73/111,14/19,Contraction_l_Alik_Bjlk_Cijk_Dijk,"(2048,8192,1,4096)",Cijk_Alik_Bjlk_I8II_BH_MT64x64x32_SN_GLVWA4_GRVW4_K1_SU0_SUS0_TT4_4,NO_CHECK,22417.4,6130.89,,1,128,32,1,1,1,1,2214592512,67108864,,,,,,,,,,2026-04-18 15:24:19.
0,73/111,15/19,Contraction_l_Alik_Bjlk_Cijk_Dijk,"(2048,8192,1,4096)",Cijk_Alik_Bjlk_I8II_BH_MT64x64x32_SN_GLVWA4_GRVW4_K1_SU32_SUS256_TT4_4,NO_CHECK,21992.8,6249.27,,1,128,32,1,1,1,1,2214592512,67108864,,,,,,,,,,2026-04-18 15:24:19.
0,73/111,16/19,Contraction_l_Alik_Bjlk_Cijk_Dijk,"(2048,8192,1,4096)",Cijk_Alik_Bjlk_I8II_BH_MT128x64x32_SN_GLVWA4_GRVW4_K1_SU0_SUS0_TT8_4,NO_CHECK,17782,7729.11,,1,64,32,1,1,1,1,1677721600,67108864,,,,,,,,,,2026-04-18 15:24:19.
0,73/111,17/19,Contraction_l_Alik_Bjlk_Cijk_Dijk,"(2048,8192,1,4096)",Cijk_Alik_Bjlk_I8II_BH_MT128x64x32_SN_GLVWA4_GRVW4_K1_SU32_SUS256_TT8_4,NO_CHECK,17833,7707.01,,1,64,32,1,1,1,1,1677721600,67108864,,,,,,,,,,2026-04-18 15:24:19.
0,73/111,18/19,Contraction_l_Alik_Bjlk_Cijk_Dijk,"(2048,8192,1,4096)",Cijk_Alik_Bjlk_I8II_BH_MT64x128x32_SN_GLVWA4_GRVW4_K1_SU0_SUS0_TT4_8,NO_CHECK,17694.7,7767.26,,1,64,32,1,1,1,1,1677721600,67108864,,,,,,,,,,2026-04-18 15:24:19.
0,73/111,19/19,Contraction_l_Alik_Bjlk_Cijk_Dijk,"(2048,8192,1,4096)",Cijk_Alik_Bjlk_I8II_BH_MT64x128x32_SN_GLVWA4_GRVW4_K1_SU32_SUS256_TT4_8,NO_CHECK,17682.4,7772.63,,1,64,32,1,1,1,1,1677721600,67108864,,,,,,,,,,2026-04-18 15:24:19.
0,74/111,0/19,Contraction_l_Alik_Bjlk_Cijk_Dijk,"(2048,8192,1,8192)",Cijk_Alik_Bjlk_I8II_BH_MT64x64x16_SN_GLVWA4_GRVW4_K1_SU0_SUS0_TT4_4,NO_CHECK,44475.2,6180.48,,1,128,32,1,1,1,1,4362076160,67108864,,,,,,,,,,2026-04-18 15:24:19.
0,74/111,1/19,Contraction_l_Alik_Bjlk_Cijk_Dijk,"(2048,8192,1,8192)",Cijk_Alik_Bjlk_I8II_BH_MT64x64x16_SN_GLVWA4_GRVW8_K1_SU0_SUS0_TT4_4,NO_CHECK,44292.7,6205.94,,1,128,32,1,1,1,1,4362076160,67108864,,,,,,,,,,2026-04-18 15:24:19.
0,74/111,2/19,Contraction_l_Alik_Bjlk_Cijk_Dijk,"(2048,8192,1,8192)",Cijk_Alik_Bjlk_I8II_BH_MT64x64x16_SN_GLVWA4_GRVW16_K1_SU0_SUS0_TT4_4,NO_CHECK,44191,6220.22,,1,128,32,1,1,1,1,4362076160,67108864,,,,,,,,,,2026-04-18 15:24:19.
0,74/111,3/19,Contraction_l_Alik_Bjlk_Cijk_Dijk,"(2048,8192,1,8192)",Cijk_Alik_Bjlk_I8II_BH_MT64x64x16_SN_GLVWA4_GRVW4_K1_SU32_SUS256_TT4_4,NO_CHECK,44103.1,6232.62,,1,128,32,1,1,1,1,4362076160,67108864,,,,,,,,,,2026-04-18 15:24:19.
0,74/111,4/19,Contraction_l_Alik_Bjlk_Cijk_Dijk,"(2048,8192,1,8192)",Cijk_Alik_Bjlk_I8II_BH_MT64x64x16_SN_GLVWA4_GRVW8_K1_SU32_SUS256_TT4_4,NO_CHECK,44136,6227.97,,1,128,32,1,1,1,1,4362076160,67108864,,,,,,,,,,2026-04-18 15:24:20.
0,74/111,5/19,Contraction_l_Alik_Bjlk_Cijk_Dijk,"(2048,8192,1,8192)",Cijk_Alik_Bjlk_I8II_BH_MT64x64x16_SN_GLVWA4_GRVW16_K1_SU32_SUS256_TT4_4,NO_CHECK,44702.9,6149,,1,128,32,1,1,1,1,4362076160,67108864,,,,,,,,,,2026-04-18 15:24:20.
0,74/111,6/19,Contraction_l_Alik_Bjlk_Cijk_Dijk,"(2048,8192,1,8192)",Cijk_Alik_Bjlk_I8II_BH_MT128x64x16_SN_GLVWA4_GRVW4_K1_SU0_SUS0_TT8_4,NO_CHECK,36077.5,7619.09,,1,64,32,1,1,1,1,3288334336,67108864,,,,,,,,,,2026-04-18 15:24:20.
0,74/111,7/19,Contraction_l_Alik_Bjlk_Cijk_Dijk,"(2048,8192,1,8192)",Cijk_Alik_Bjlk_I8II_BH_MT128x64x16_SN_GLVWA8_GRVW8_K1_SU0_SUS0_TT8_4,NO_CHECK,35515.2,7739.73,,1,64,32,1,1,1,1,3288334336,67108864,,,,,,,,,,2026-04-18 15:24:20.
0,74/111,8/19,Contraction_l_Alik_Bjlk_Cijk_Dijk,"(2048,8192,1,8192)",Cijk_Alik_Bjlk_I8II_BH_MT128x64x16_SN_GLVWA8_GRVW16_K1_SU0_SUS0_TT8_4,NO_CHECK,35003,7852.98,,1,64,32,1,1,1,1,3288334336,67108864,,,,,,,,,,2026-04-18 15:24:20.
0,74/111,9/19,Contraction_l_Alik_Bjlk_Cijk_Dijk,"(2048,8192,1,8192)",Cijk_Alik_Bjlk_I8II_BH_MT128x64x16_SN_GLVWA4_GRVW4_K1_SU32_SUS256_TT8_4,NO_CHECK,35542.6,7733.75,,1,64,32,1,1,1,1,3288334336,67108864,,,,,,,,,,2026-04-18 15:24:20.
0,74/111,10/19,Contraction_l_Alik_Bjlk_Cijk_Dijk,"(2048,8192,1,8192)",Cijk_Alik_Bjlk_I8II_BH_MT128x64x16_SN_GLVWA8_GRVW8_K1_SU32_SUS256_TT8_4,NO_CHECK,35586.8,7724.16,,1,64,32,1,1,1,1,3288334336,67108864,,,,,,,,,,2026-04-18 15:24:20.
0,74/111,11/19,Contraction_l_Alik_Bjlk_Cijk_Dijk,"(2048,8192,1,8192)",Cijk_Alik_Bjlk_I8II_BH_MT128x64x16_SN_GLVWA8_GRVW16_K1_SU32_SUS256_TT8_4,NO_CHECK,35500.9,7742.84,,1,64,32,1,1,1,1,3288334336,67108864,,,,,,,,,,2026-04-18 15:24:20.
0,74/111,12/19,Contraction_l_Alik_Bjlk_Cijk_Dijk,"(2048,8192,1,8192)",Cijk_Alik_Bjlk_I8II_BH_MT64x128x16_SN_GLVWA4_GRVW4_K1_SU0_SUS0_TT4_8,NO_CHECK,35024.6,7848.15,,1,64,32,1,1,1,1,3288334336,67108864,,,,,,,,,,2026-04-18 15:24:20.
0,74/111,13/19,Contraction_l_Alik_Bjlk_Cijk_Dijk,"(2048,8192,1,8192)",Cijk_Alik_Bjlk_I8II_BH_MT64x128x16_SN_GLVWA4_GRVW4_K1_SU32_SUS256_TT4_8,NO_CHECK,35288.8,7789.37,,1,64,32,1,1,1,1,3288334336,67108864,,,,,,,,,,2026-04-18 15:24:20.
0,74/111,14/19,Contraction_l_Alik_Bjlk_Cijk_Dijk,"(2048,8192,1,8192)",Cijk_Alik_Bjlk_I8II_BH_MT64x64x32_SN_GLVWA4_GRVW4_K1_SU0_SUS0_TT4_4,NO_CHECK,44323.3,6201.66,,1,128,32,1,1,1,1,4362076160,67108864,,,,,,,,,,2026-04-18 15:24:20.
0,74/111,15/19,Contraction_l_Alik_Bjlk_Cijk_Dijk,"(2048,8192,1,8192)",Cijk_Alik_Bjlk_I8II_BH_MT64x64x32_SN_GLVWA4_GRVW4_K1_SU32_SUS256_TT4_4,NO_CHECK,44081.7,6235.64,,1,128,32,1,1,1,1,4362076160,67108864,,,,,,,,,,2026-04-18 15:24:20.
0,74/111,16/19,Contraction_l_Alik_Bjlk_Cijk_Dijk,"(2048,8192,1,8192)",Cijk_Alik_Bjlk_I8II_BH_MT128x64x32_SN_GLVWA4_GRVW4_K1_SU0_SUS0_TT8_4,NO_CHECK,35683.2,7703.28,,1,64,32,1,1,1,1,3288334336,67108864,,,,,,,,,,2026-04-18 15:24:20.
0,74/111,17/19,Contraction_l_Alik_Bjlk_Cijk_Dijk,"(2048,8192,1,8192)",Cijk_Alik_Bjlk_I8II_BH_MT128x64x32_SN_GLVWA4_GRVW4_K1_SU32_SUS256_TT8_4,NO_CHECK,35886,7659.76,,1,64,32,1,1,1,1,3288334336,67108864,,,,,,,,,,2026-04-18 15:24:20.
0,74/111,18/19,Contraction_l_Alik_Bjlk_Cijk_Dijk,"(2048,8192,1,8192)",Cijk_Alik_Bjlk_I8II_BH_MT64x128x32_SN_GLVWA4_GRVW4_K1_SU0_SUS0_TT4_8,NO_CHECK,35440.9,7755.95,,1,64,32,1,1,1,1,3288334336,67108864,,,,,,,,,,2026-04-18 15:24:20.
0,74/111,19/19,Contraction_l_Alik_Bjlk_Cijk_Dijk,"(2048,8192,1,8192)",Cijk_Alik_Bjlk_I8II_BH_MT64x128x32_SN_GLVWA4_GRVW4_K1_SU32_SUS256_TT4_8,NO_CHECK,35823.1,7673.2,,1,64,32,1,1,1,1,3288334336,67108864,,,,,,,,,,2026-04-18 15:24:20.
0,75/111,0/19,Contraction_l_Alik_Bjlk_Cijk_Dijk,"(2048,8192,1,14336)",Cijk_Alik_Bjlk_I8II_BH_MT64x64x16_SN_GLVWA4_GRVW4_K1_SU0_SUS0_TT4_4,NO_CHECK,77363.5,6217.88,,1,128,32,1,1,1,1,7583301632,67108864,,,,,,,,,,2026-04-18 15:24:20.
0,75/111,1/19,Contraction_l_Alik_Bjlk_Cijk_Dijk,"(2048,8192,1,14336)",Cijk_Alik_Bjlk_I8II_BH_MT64x64x16_SN_GLVWA4_GRVW8_K1_SU0_SUS0_TT4_4,NO_CHECK,77002.1,6247.06,,1,128,32,1,1,1,1,7583301632,67108864,,,,,,,,,,2026-04-18 15:24:20.
0,75/111,2/19,Contraction_l_Alik_Bjlk_Cijk_Dijk,"(2048,8192,1,14336)",Cijk_Alik_Bjlk_I8II_BH_MT64x64x16_SN_GLVWA4_GRVW16_K1_SU0_SUS0_TT4_4,NO_CHECK,77077.7,6240.93,,1,128,32,1,1,1,1,7583301632,67108864,,,,,,,,,,2026-04-18 15:24:20.
0,75/111,3/19,Contraction_l_Alik_Bjlk_Cijk_Dijk,"(2048,8192,1,14336)",Cijk_Alik_Bjlk_I8II_BH_MT64x64x16_SN_GLVWA4_GRVW4_K1_SU32_SUS256_TT4_4,NO_CHECK,77988.4,6168.05,,1,128,32,1,1,1,1,7583301632,67108864,,,,,,,,,,2026-04-18 15:24:20.
0,75/111,4/19,Contraction_l_Alik_Bjlk_Cijk_Dijk,"(2048,8192,1,14336)",Cijk_Alik_Bjlk_I8II_BH_MT64x64x16_SN_GLVWA4_GRVW8_K1_SU32_SUS256_TT4_4,NO_CHECK,77411.5,6214.01,,1,128,32,1,1,1,1,7583301632,67108864,,,,,,,,,,2026-04-18 15:24:20.
0,75/111,5/19,Contraction_l_Alik_Bjlk_Cijk_Dijk,"(2048,8192,1,14336)",Cijk_Alik_Bjlk_I8II_BH_MT64x64x16_SN_GLVWA4_GRVW16_K1_SU32_SUS256_TT4_4,NO_CHECK,76772.1,6265.77,,1,128,32,1,1,1,1,7583301632,67108864,,,,,,,,,,2026-04-18 15:24:21.
0,75/111,6/19,Contraction_l_Alik_Bjlk_Cijk_Dijk,"(2048,8192,1,14336)",Cijk_Alik_Bjlk_I8II_BH_MT128x64x16_SN_GLVWA4_GRVW4_K1_SU0_SUS0_TT8_4,NO_CHECK,62450,7702.74,,1,64,32,1,1,1,1,5704253440,67108864,,,,,,,,,,2026-04-18 15:24:21.
0,75/111,7/19,Contraction_l_Alik_Bjlk_Cijk_Dijk,"(2048,8192,1,14336)",Cijk_Alik_Bjlk_I8II_BH_MT128x64x16_SN_GLVWA8_GRVW8_K1_SU0_SUS0_TT8_4,NO_CHECK,61385.4,7836.33,,1,64,32,1,1,1,1,5704253440,67108864,,,,,,,,,,2026-04-18 15:24:21.
0,75/111,8/19,Contraction_l_Alik_Bjlk_Cijk_Dijk,"(2048,8192,1,14336)",Cijk_Alik_Bjlk_I8II_BH_MT128x64x16_SN_GLVWA8_GRVW16_K1_SU0_SUS0_TT8_4,NO_CHECK,62395.1,7709.52,,1,64,32,1,1,1,1,5704253440,67108864,,,,,,,,,,2026-04-18 15:24:21.
0,75/111,9/19,Contraction_l_Alik_Bjlk_Cijk_Dijk,"(2048,8192,1,14336)",Cijk_Alik_Bjlk_I8II_BH_MT128x64x16_SN_GLVWA4_GRVW4_K1_SU32_SUS256_TT8_4,NO_CHECK,61213.5,7858.34,,1,64,32,1,1,1,1,5704253440,67108864,,,,,,,,,,2026-04-18 15:24:21.
0,75/111,10/19,Contraction_l_Alik_Bjlk_Cijk_Dijk,"(2048,8192,1,14336)",Cijk_Alik_Bjlk_I8II_BH_MT128x64x16_SN_GLVWA8_GRVW8_K1_SU32_SUS256_TT8_4,NO_CHECK,61226.4,7856.68,,1,64,32,1,1,1,1,5704253440,67108864,,,,,,,,,,2026-04-18 15:24:21.
0,75/111,11/19,Contraction_l_Alik_Bjlk_Cijk_Dijk,"(2048,8192,1,14336)",Cijk_Alik_Bjlk_I8II_BH_MT128x64x16_SN_GLVWA8_GRVW16_K1_SU32_SUS256_TT8_4,NO_CHECK,61162.8,7864.85,,1,64,32,1,1,1,1,5704253440,67108864,,,,,,,,,,2026-04-18 15:24:21.
0,75/111,12/19,Contraction_l_Alik_Bjlk_Cijk_Dijk,"(2048,8192,1,14336)",Cijk_Alik_Bjlk_I8II_BH_MT64x128x16_SN_GLVWA4_GRVW4_K1_SU0_SUS0_TT4_8,NO_CHECK,61897.2,7771.54,,1,64,32,1,1,1,1,5704253440,67108864,,,,,,,,,,2026-04-18 15:24:21.
0,75/111,13/19,Contraction_l_Alik_Bjlk_Cijk_Dijk,"(2048,8192,1,14336)",Cijk_Alik_Bjlk_I8II_BH_MT64x128x16_SN_GLVWA4_GRVW4_K1_SU32_SUS256_TT4_8,NO_CHECK,61912.5,7769.62,,1,64,32,1,1,1,1,5704253440,67108864,,,,,,,,,,2026-04-18 15:24:21.
0,75/111,14/19,Contraction_l_Alik_Bjlk_Cijk_Dijk,"(2048,8192,1,14336)",Cijk_Alik_Bjlk_I8II_BH_MT64x64x32_SN_GLVWA4_GRVW4_K1_SU0_SUS0_TT4_4,NO_CHECK,77168.6,6233.58,,1,128,32,1,1,1,1,7583301632,67108864,,,,,,,,,,2026-04-18 15:24:21.
0,75/111,15/19,Contraction_l_Alik_Bjlk_Cijk_Dijk,"(2048,8192,1,14336)",Cijk_Alik_Bjlk_I8II_BH_MT64x64x32_SN_GLVWA4_GRVW4_K1_SU32_SUS256_TT4_4,NO_CHECK,76868.4,6257.92,,1,128,32,1,1,1,1,7583301632,67108864,,,,,,,,,,2026-04-18 15:24:21.
0,75/111,16/19,Contraction_l_Alik_Bjlk_Cijk_Dijk,"(2048,8192,1,14336)",Cijk_Alik_Bjlk_I8II_BH_MT128x64x32_SN_GLVWA4_GRVW4_K1_SU0_SUS0_TT8_4,NO_CHECK,61337.5,7842.46,,1,64,32,1,1,1,1,5704253440,67108864,,,,,,,,,,2026-04-18 15:24:21.
0,75/111,17/19,Contraction_l_Alik_Bjlk_Cijk_Dijk,"(2048,8192,1,14336)",Cijk_Alik_Bjlk_I8II_BH_MT128x64x32_SN_GLVWA4_GRVW4_K1_SU32_SUS256_TT8_4,NO_CHECK,63011.8,7634.07,,1,64,32,1,1,1,1,5704253440,67108864,,,,,,,,,,2026-04-18 15:24:21.
0,75/111,18/19,Contraction_l_Alik_Bjlk_Cijk_Dijk,"(2048,8192,1,14336)",Cijk_Alik_Bjlk_I8II_BH_MT64x128x32_SN_GLVWA4_GRVW4_K1_SU0_SUS0_TT4_8,NO_CHECK,61735.1,7791.94,,1,64,32,1,1,1,1,5704253440,67108864,,,,,,,,,,2026-04-18 15:24:21.
0,75/111,19/19,Contraction_l_Alik_Bjlk_Cijk_Dijk,"(2048,8192,1,14336)",Cijk_Alik_Bjlk_I8II_BH_MT64x128x32_SN_GLVWA4_GRVW4_K1_SU32_SUS256_TT4_8,NO_CHECK,60836.8,7906.99,,1,64,32,1,1,1,1,5704253440,67108864,,,,,,,,,,2026-04-18 15:24:21.
0,76/111,0/19,Contraction_l_Alik_Bjlk_Cijk_Dijk,"(2048,14336,1,1024)",Cijk_Alik_Bjlk_I8II_BH_MT64x64x16_SN_GLVWA4_GRVW4_K1_SU0_SUS0_TT4_4,NO_CHECK,9757.94,6162.11,,1,224,32,1,1,1,1,1056964608,117440512,,,,,,,,,,2026-04-18 15:24:22.
0,76/111,1/19,Contraction_l_Alik_Bjlk_Cijk_Dijk,"(2048,14336,1,1024)",Cijk_Alik_Bjlk_I8II_BH_MT64x64x16_SN_GLVWA4_GRVW8_K1_SU0_SUS0_TT4_4,NO_CHECK,9699.26,6199.39,,1,224,32,1,1,1,1,1056964608,117440512,,,,,,,,,,2026-04-18 15:24:22.
0,76/111,2/19,Contraction_l_Alik_Bjlk_Cijk_Dijk,"(2048,14336,1,1024)",Cijk_Alik_Bjlk_I8II_BH_MT64x64x16_SN_GLVWA4_GRVW16_K1_SU0_SUS0_TT4_4,NO_CHECK,9973.99,6028.64,,1,224,32,1,1,1,1,1056964608,117440512,,,,,,,,,,2026-04-18 15:24:22.
0,76/111,3/19,Contraction_l_Alik_Bjlk_Cijk_Dijk,"(2048,14336,1,1024)",Cijk_Alik_Bjlk_I8II_BH_MT64x64x16_SN_GLVWA4_GRVW4_K1_SU32_SUS256_TT4_4,NO_CHECK,9646.86,6233.07,,1,224,32,1,1,1,1,1056964608,117440512,,,,,,,,,,2026-04-18 15:24:22.
0,76/111,4/19,Contraction_l_Alik_Bjlk_Cijk_Dijk,"(2048,14336,1,1024)",Cijk_Alik_Bjlk_I8II_BH_MT64x64x16_SN_GLVWA4_GRVW8_K1_SU32_SUS256_TT4_4,NO_CHECK,9723.58,6183.89,,1,224,32,1,1,1,1,1056964608,117440512,,,,,,,,,,2026-04-18 15:24:22.
0,76/111,5/19,Contraction_l_Alik_Bjlk_Cijk_Dijk,"(2048,14336,1,1024)",Cijk_Alik_Bjlk_I8II_BH_MT64x64x16_SN_GLVWA4_GRVW16_K1_SU32_SUS256_TT4_4,NO_CHECK,9747.38,6168.79,,1,224,32,1,1,1,1,1056964608,117440512,,,,,,,,,,2026-04-18 15:24:22.
0,76/111,6/19,Contraction_l_Alik_Bjlk_Cijk_Dijk,"(2048,14336,1,1024)",Cijk_Alik_Bjlk_I8II_BH_MT128x64x16_SN_GLVWA4_GRVW4_K1_SU0_SUS0_TT8_4,NO_CHECK,7770.11,7738.57,,1,112,32,1,1,1,1,822083584,117440512,,,,,,,,,,2026-04-18 15:24:22.
0,76/111,7/19,Contraction_l_Alik_Bjlk_Cijk_Dijk,"(2048,14336,1,1024)",Cijk_Alik_Bjlk_I8II_BH_MT128x64x16_SN_GLVWA8_GRVW8_K1_SU0_SUS0_TT8_4,NO_CHECK,7824.32,7684.96,,1,112,32,1,1,1,1,822083584,117440512,,,,,,,,,,2026-04-18 15:24:22.
0,76/111,8/19,Contraction_l_Alik_Bjlk_Cijk_Dijk,"(2048,14336,1,1024)",Cijk_Alik_Bjlk_I8II_BH_MT128x64x16_SN_GLVWA8_GRVW16_K1_SU0_SUS0_TT8_4,NO_CHECK,7804.07,7704.89,,1,112,32,1,1,1,1,822083584,117440512,,,,,,,,,,2026-04-18 15:24:22.
0,76/111,9/19,Contraction_l_Alik_Bjlk_Cijk_Dijk,"(2048,14336,1,1024)",Cijk_Alik_Bjlk_I8II_BH_MT128x64x16_SN_GLVWA4_GRVW4_K1_SU32_SUS256_TT8_4,NO_CHECK,7802.03,7706.91,,1,112,32,1,1,1,1,822083584,117440512,,,,,,,,,,2026-04-18 15:24:22.
0,76/111,10/19,Contraction_l_Alik_Bjlk_Cijk_Dijk,"(2048,14336,1,1024)",Cijk_Alik_Bjlk_I8II_BH_MT128x64x16_SN_GLVWA8_GRVW8_K1_SU32_SUS256_TT8_4,NO_CHECK,7853.95,7655.96,,1,112,32,1,1,1,1,822083584,117440512,,,,,,,,,,2026-04-18 15:24:22.
0,76/111,11/19,Contraction_l_Alik_Bjlk_Cijk_Dijk,"(2048,14336,1,1024)",Cijk_Alik_Bjlk_I8II_BH_MT128x64x16_SN_GLVWA8_GRVW16_K1_SU32_SUS256_TT8_4,NO_CHECK,7849.36,7660.44,,1,112,32,1,1,1,1,822083584,117440512,,,,,,,,,,2026-04-18 15:24:22.
0,76/111,12/19,Contraction_l_Alik_Bjlk_Cijk_Dijk,"(2048,14336,1,1024)",Cijk_Alik_Bjlk_I8II_BH_MT64x128x16_SN_GLVWA4_GRVW4_K1_SU0_SUS0_TT4_8,NO_CHECK,7775.11,7733.59,,1,112,32,1,1,1,1,822083584,117440512,,,,,,,,,,2026-04-18 15:24:22.
0,76/111,13/19,Contraction_l_Alik_Bjlk_Cijk_Dijk,"(2048,14336,1,1024)",Cijk_Alik_Bjlk_I8II_BH_MT64x128x16_SN_GLVWA4_GRVW4_K1_SU32_SUS256_TT4_8,NO_CHECK,7781.51,7727.23,,1,112,32,1,1,1,1,822083584,117440512,,,,,,,,,,2026-04-18 15:24:22.
0,76/111,14/19,Contraction_l_Alik_Bjlk_Cijk_Dijk,"(2048,14336,1,1024)",Cijk_Alik_Bjlk_I8II_BH_MT64x64x32_SN_GLVWA4_GRVW4_K1_SU0_SUS0_TT4_4,NO_CHECK,9715.02,6189.34,,1,224,32,1,1,1,1,1056964608,117440512,,,,,,,,,,2026-04-18 15:24:22.
0,76/111,15/19,Contraction_l_Alik_Bjlk_Cijk_Dijk,"(2048,14336,1,1024)",Cijk_Alik_Bjlk_I8II_BH_MT64x64x32_SN_GLVWA4_GRVW4_K1_SU32_SUS256_TT4_4,NO_CHECK,9701.22,6198.14,,1,224,32,1,1,1,1,1056964608,117440512,,,,,,,,,,2026-04-18 15:24:22.
0,76/111,16/19,Contraction_l_Alik_Bjlk_Cijk_Dijk,"(2048,14336,1,1024)",Cijk_Alik_Bjlk_I8II_BH_MT128x64x32_SN_GLVWA4_GRVW4_K1_SU0_SUS0_TT8_4,NO_CHECK,7829.68,7679.7,,1,112,32,1,1,1,1,822083584,117440512,,,,,,,,,,2026-04-18 15:24:22.
0,76/111,17/19,Contraction_l_Alik_Bjlk_Cijk_Dijk,"(2048,14336,1,1024)",Cijk_Alik_Bjlk_I8II_BH_MT128x64x32_SN_GLVWA4_GRVW4_K1_SU32_SUS256_TT8_4,NO_CHECK,7838.55,7671,,1,112,32,1,1,1,1,822083584,117440512,,,,,,,,,,2026-04-18 15:24:22.
0,76/111,18/19,Contraction_l_Alik_Bjlk_Cijk_Dijk,"(2048,14336,1,1024)",Cijk_Alik_Bjlk_I8II_BH_MT64x128x32_SN_GLVWA4_GRVW4_K1_SU0_SUS0_TT4_8,NO_CHECK,7771.63,7737.05,,1,112,32,1,1,1,1,822083584,117440512,,,,,,,,,,2026-04-18 15:24:22.
0,76/111,19/19,Contraction_l_Alik_Bjlk_Cijk_Dijk,"(2048,14336,1,1024)",Cijk_Alik_Bjlk_I8II_BH_MT64x128x32_SN_GLVWA4_GRVW4_K1_SU32_SUS256_TT4_8,NO_CHECK,7787.48,7721.31,,1,112,32,1,1,1,1,822083584,117440512,,,,,,,,,,2026-04-18 15:24:22.
0,77/111,0/19,Contraction_l_Alik_Bjlk_Cijk_Dijk,"(2048,14336,1,4096)",Cijk_Alik_Bjlk_I8II_BH_MT64x64x16_SN_GLVWA4_GRVW4_K1_SU0_SUS0_TT4_4,NO_CHECK,38406.9,6262.36,,1,224,32,1,1,1,1,3875536896,117440512,,,,,,,,,,2026-04-18 15:24:22.
0,77/111,1/19,Contraction_l_Alik_Bjlk_Cijk_Dijk,"(2048,14336,1,4096)",Cijk_Alik_Bjlk_I8II_BH_MT64x64x16_SN_GLVWA4_GRVW8_K1_SU0_SUS0_TT4_4,NO_CHECK,38387.7,6265.5,,1,224,32,1,1,1,1,3875536896,117440512,,,,,,,,,,2026-04-18 15:24:22.
0,77/111,2/19,Contraction_l_Alik_Bjlk_Cijk_Dijk,"(2048,14336,1,4096)",Cijk_Alik_Bjlk_I8II_BH_MT64x64x16_SN_GLVWA4_GRVW16_K1_SU0_SUS0_TT4_4,NO_CHECK,38393.3,6264.58,,1,224,32,1,1,1,1,3875536896,117440512,,,,,,,,,,2026-04-18 15:24:22.
0,77/111,3/19,Contraction_l_Alik_Bjlk_Cijk_Dijk,"(2048,14336,1,4096)",Cijk_Alik_Bjlk_I8II_BH_MT64x64x16_SN_GLVWA4_GRVW4_K1_SU32_SUS256_TT4_4,NO_CHECK,38395.9,6264.17,,1,224,32,1,1,1,1,3875536896,117440512,,,,,,,,,,2026-04-18 15:24:22.
0,77/111,4/19,Contraction_l_Alik_Bjlk_Cijk_Dijk,"(2048,14336,1,4096)",Cijk_Alik_Bjlk_I8II_BH_MT64x64x16_SN_GLVWA4_GRVW8_K1_SU32_SUS256_TT4_4,NO_CHECK,38394,6264.47,,1,224,32,1,1,1,1,3875536896,117440512,,,,,,,,,,2026-04-18 15:24:22.
0,77/111,5/19,Contraction_l_Alik_Bjlk_Cijk_Dijk,"(2048,14336,1,4096)",Cijk_Alik_Bjlk_I8II_BH_MT64x64x16_SN_GLVWA4_GRVW16_K1_SU32_SUS256_TT4_4,NO_CHECK,38408.4,6262.12,,1,224,32,1,1,1,1,3875536896,117440512,,,,,,,,,,2026-04-18 15:24:22.
0,77/111,6/19,Contraction_l_Alik_Bjlk_Cijk_Dijk,"(2048,14336,1,4096)",Cijk_Alik_Bjlk_I8II_BH_MT128x64x16_SN_GLVWA4_GRVW4_K1_SU0_SUS0_TT8_4,NO_CHECK,30607.5,7858.15,,1,112,32,1,1,1,1,2936012800,117440512,,,,,,,,,,2026-04-18 15:24:22.
0,77/111,7/19,Contraction_l_Alik_Bjlk_Cijk_Dijk,"(2048,14336,1,4096)",Cijk_Alik_Bjlk_I8II_BH_MT128x64x16_SN_GLVWA8_GRVW8_K1_SU0_SUS0_TT8_4,NO_CHECK,30825,7802.71,,1,112,32,1,1,1,1,2936012800,117440512,,,,,,,,,,2026-04-18 15:24:22.
0,77/111,8/19,Contraction_l_Alik_Bjlk_Cijk_Dijk,"(2048,14336,1,4096)",Cijk_Alik_Bjlk_I8II_BH_MT128x64x16_SN_GLVWA8_GRVW16_K1_SU0_SUS0_TT8_4,NO_CHECK,30837.3,7799.6,,1,112,32,1,1,1,1,2936012800,117440512,,,,,,,,,,2026-04-18 15:24:22.
0,77/111,9/19,Contraction_l_Alik_Bjlk_Cijk_Dijk,"(2048,14336,1,4096)",Cijk_Alik_Bjlk_I8II_BH_MT128x64x16_SN_GLVWA4_GRVW4_K1_SU32_SUS256_TT8_4,NO_CHECK,30612.4,7856.87,,1,112,32,1,1,1,1,2936012800,117440512,,,,,,,,,,2026-04-18 15:24:22.
0,77/111,10/19,Contraction_l_Alik_Bjlk_Cijk_Dijk,"(2048,14336,1,4096)",Cijk_Alik_Bjlk_I8II_BH_MT128x64x16_SN_GLVWA8_GRVW8_K1_SU32_SUS256_TT8_4,NO_CHECK,30581.4,7864.85,,1,112,32,1,1,1,1,2936012800,117440512,,,,,,,,,,2026-04-18 15:24:22.
0,77/111,11/19,Contraction_l_Alik_Bjlk_Cijk_Dijk,"(2048,14336,1,4096)",Cijk_Alik_Bjlk_I8II_BH_MT128x64x16_SN_GLVWA8_GRVW16_K1_SU32_SUS256_TT8_4,NO_CHECK,30844.1,7797.86,,1,112,32,1,1,1,1,2936012800,117440512,,,,,,,,,,2026-04-18 15:24:22.
0,77/111,12/19,Contraction_l_Alik_Bjlk_Cijk_Dijk,"(2048,14336,1,4096)",Cijk_Alik_Bjlk_I8II_BH_MT64x128x16_SN_GLVWA4_GRVW4_K1_SU0_SUS0_TT4_8,NO_CHECK,30703.8,7833.49,,1,112,32,1,1,1,1,2936012800,117440512,,,,,,,,,,2026-04-18 15:24:22.
0,77/111,13/19,Contraction_l_Alik_Bjlk_Cijk_Dijk,"(2048,14336,1,4096)",Cijk_Alik_Bjlk_I8II_BH_MT64x128x16_SN_GLVWA4_GRVW4_K1_SU32_SUS256_TT4_8,NO_CHECK,30674.8,7840.9,,1,112,32,1,1,1,1,2936012800,117440512,,,,,,,,,,2026-04-18 15:24:22.
0,77/111,14/19,Contraction_l_Alik_Bjlk_Cijk_Dijk,"(2048,14336,1,4096)",Cijk_Alik_Bjlk_I8II_BH_MT64x64x32_SN_GLVWA4_GRVW4_K1_SU0_SUS0_TT4_4,NO_CHECK,38455.2,6254.5,,1,224,32,1,1,1,1,3875536896,117440512,,,,,,,,,,2026-04-18 15:24:22.
0,77/111,15/19,Contraction_l_Alik_Bjlk_Cijk_Dijk,"(2048,14336,1,4096)",Cijk_Alik_Bjlk_I8II_BH_MT64x64x32_SN_GLVWA4_GRVW4_K1_SU32_SUS256_TT4_4,NO_CHECK,38423.2,6259.72,,1,224,32,1,1,1,1,3875536896,117440512,,,,,,,,,,2026-04-18 15:24:22.
0,77/111,16/19,Contraction_l_Alik_Bjlk_Cijk_Dijk,"(2048,14336,1,4096)",Cijk_Alik_Bjlk_I8II_BH_MT128x64x32_SN_GLVWA4_GRVW4_K1_SU0_SUS0_TT8_4,NO_CHECK,30814.5,7805.37,,1,112,32,1,1,1,1,2936012800,117440512,,,,,,,,,,2026-04-18 15:24:22.
0,77/111,17/19,Contraction_l_Alik_Bjlk_Cijk_Dijk,"(2048,14336,1,4096)",Cijk_Alik_Bjlk_I8II_BH_MT128x64x32_SN_GLVWA4_GRVW4_K1_SU32_SUS256_TT8_4,NO_CHECK,30812.9,7805.77,,1,112,32,1,1,1,1,2936012800,117440512,,,,,,,,,,2026-04-18 15:24:22.
0,77/111,18/19,Contraction_l_Alik_Bjlk_Cijk_Dijk,"(2048,14336,1,4096)",Cijk_Alik_Bjlk_I8II_BH_MT64x128x32_SN_GLVWA4_GRVW4_K1_SU0_SUS0_TT4_8,NO_CHECK,30393.1,7913.58,,1,112,32,1,1,1,1,2936012800,117440512,,,,,,,,,,2026-04-18 15:24:22.
0,77/111,19/19,Contraction_l_Alik_Bjlk_Cijk_Dijk,"(2048,14336,1,4096)",Cijk_Alik_Bjlk_I8II_BH_MT64x128x32_SN_GLVWA4_GRVW4_K1_SU32_SUS256_TT4_8,NO_CHECK,30386.3,7915.35,,1,112,32,1,1,1,1,2936012800,117440512,,,,,,,,,,2026-04-18 15:24:22.
0,78/111,0/19,Contraction_l_Alik_Bjlk_Cijk_Dijk,"(2048,14336,1,8192)",Cijk_Alik_Bjlk_I8II_BH_MT64x64x16_SN_GLVWA4_GRVW4_K1_SU0_SUS0_TT4_4,NO_CHECK,77275.4,6224.96,,1,224,32,1,1,1,1,7633633280,117440512,,,,,,,,,,2026-04-18 15:24:22.
0,78/111,1/19,Contraction_l_Alik_Bjlk_Cijk_Dijk,"(2048,14336,1,8192)",Cijk_Alik_Bjlk_I8II_BH_MT64x64x16_SN_GLVWA4_GRVW8_K1_SU0_SUS0_TT4_4,NO_CHECK,77203.6,6230.75,,1,224,32,1,1,1,1,7633633280,117440512,,,,,,,,,,2026-04-18 15:24:22.
0,78/111,2/19,Contraction_l_Alik_Bjlk_Cijk_Dijk,"(2048,14336,1,8192)",Cijk_Alik_Bjlk_I8II_BH_MT64x64x16_SN_GLVWA4_GRVW16_K1_SU0_SUS0_TT4_4,NO_CHECK,77142.8,6235.66,,1,224,32,1,1,1,1,7633633280,117440512,,,,,,,,,,2026-04-18 15:24:23.
0,78/111,3/19,Contraction_l_Alik_Bjlk_Cijk_Dijk,"(2048,14336,1,8192)",Cijk_Alik_Bjlk_I8II_BH_MT64x64x16_SN_GLVWA4_GRVW4_K1_SU32_SUS256_TT4_4,NO_CHECK,77505.1,6206.52,,1,224,32,1,1,1,1,7633633280,117440512,,,,,,,,,,2026-04-18 15:24:23.
0,78/111,4/19,Contraction_l_Alik_Bjlk_Cijk_Dijk,"(2048,14336,1,8192)",Cijk_Alik_Bjlk_I8II_BH_MT64x64x16_SN_GLVWA4_GRVW8_K1_SU32_SUS256_TT4_4,NO_CHECK,76894.7,6255.78,,1,224,32,1,1,1,1,7633633280,117440512,,,,,,,,,,2026-04-18 15:24:23.
0,78/111,5/19,Contraction_l_Alik_Bjlk_Cijk_Dijk,"(2048,14336,1,8192)",Cijk_Alik_Bjlk_I8II_BH_MT64x64x16_SN_GLVWA4_GRVW16_K1_SU32_SUS256_TT4_4,NO_CHECK,76900,6255.35,,1,224,32,1,1,1,1,7633633280,117440512,,,,,,,,,,2026-04-18 15:24:23.
0,78/111,6/19,Contraction_l_Alik_Bjlk_Cijk_Dijk,"(2048,14336,1,8192)",Cijk_Alik_Bjlk_I8II_BH_MT128x64x16_SN_GLVWA4_GRVW4_K1_SU0_SUS0_TT8_4,NO_CHECK,62356.3,7714.32,,1,112,32,1,1,1,1,5754585088,117440512,,,,,,,,,,2026-04-18 15:24:23.
0,78/111,7/19,Contraction_l_Alik_Bjlk_Cijk_Dijk,"(2048,14336,1,8192)",Cijk_Alik_Bjlk_I8II_BH_MT128x64x16_SN_GLVWA8_GRVW8_K1_SU0_SUS0_TT8_4,NO_CHECK,62362.1,7713.6,,1,112,32,1,1,1,1,5754585088,117440512,,,,,,,,,,2026-04-18 15:24:23.
0,78/111,8/19,Contraction_l_Alik_Bjlk_Cijk_Dijk,"(2048,14336,1,8192)",Cijk_Alik_Bjlk_I8II_BH_MT128x64x16_SN_GLVWA8_GRVW16_K1_SU0_SUS0_TT8_4,NO_CHECK,62219.9,7731.23,,1,112,32,1,1,1,1,5754585088,117440512,,,,,,,,,,2026-04-18 15:24:23.
0,78/111,9/19,Contraction_l_Alik_Bjlk_Cijk_Dijk,"(2048,14336,1,8192)",Cijk_Alik_Bjlk_I8II_BH_MT128x64x16_SN_GLVWA4_GRVW4_K1_SU32_SUS256_TT8_4,NO_CHECK,61182.1,7862.37,,1,112,32,1,1,1,1,5754585088,117440512,,,,,,,,,,2026-04-18 15:24:23.
0,78/111,10/19,Contraction_l_Alik_Bjlk_Cijk_Dijk,"(2048,14336,1,8192)",Cijk_Alik_Bjlk_I8II_BH_MT128x64x16_SN_GLVWA8_GRVW8_K1_SU32_SUS256_TT8_4,NO_CHECK,62206.1,7732.94,,1,112,32,1,1,1,1,5754585088,117440512,,,,,,,,,,2026-04-18 15:24:23.
0,78/111,11/19,Contraction_l_Alik_Bjlk_Cijk_Dijk,"(2048,14336,1,8192)",Cijk_Alik_Bjlk_I8II_BH_MT128x64x16_SN_GLVWA8_GRVW16_K1_SU32_SUS256_TT8_4,NO_CHECK,61981.7,7760.95,,1,112,32,1,1,1,1,5754585088,117440512,,,,,,,,,,2026-04-18 15:24:23.
0,78/111,12/19,Contraction_l_Alik_Bjlk_Cijk_Dijk,"(2048,14336,1,8192)",Cijk_Alik_Bjlk_I8II_BH_MT64x128x16_SN_GLVWA4_GRVW4_K1_SU0_SUS0_TT4_8,NO_CHECK,61656.5,7801.87,,1,112,32,1,1,1,1,5754585088,117440512,,,,,,,,,,2026-04-18 15:24:23.
0,78/111,13/19,Contraction_l_Alik_Bjlk_Cijk_Dijk,"(2048,14336,1,8192)",Cijk_Alik_Bjlk_I8II_BH_MT64x128x16_SN_GLVWA4_GRVW4_K1_SU32_SUS256_TT4_8,NO_CHECK,61719.9,7793.87,,1,112,32,1,1,1,1,5754585088,117440512,,,,,,,,,,2026-04-18 15:24:23.
0,78/111,14/19,Contraction_l_Alik_Bjlk_Cijk_Dijk,"(2048,14336,1,8192)",Cijk_Alik_Bjlk_I8II_BH_MT64x64x32_SN_GLVWA4_GRVW4_K1_SU0_SUS0_TT4_4,NO_CHECK,77470.3,6209.3,,1,224,32,1,1,1,1,7633633280,117440512,,,,,,,,,,2026-04-18 15:24:23.
0,78/111,15/19,Contraction_l_Alik_Bjlk_Cijk_Dijk,"(2048,14336,1,8192)",Cijk_Alik_Bjlk_I8II_BH_MT64x64x32_SN_GLVWA4_GRVW4_K1_SU32_SUS256_TT4_4,NO_CHECK,76962.6,6250.26,,1,224,32,1,1,1,1,7633633280,117440512,,,,,,,,,,2026-04-18 15:24:23.
0,78/111,16/19,Contraction_l_Alik_Bjlk_Cijk_Dijk,"(2048,14336,1,8192)",Cijk_Alik_Bjlk_I8II_BH_MT128x64x32_SN_GLVWA4_GRVW4_K1_SU0_SUS0_TT8_4,NO_CHECK,62215.8,7731.74,,1,112,32,1,1,1,1,5754585088,117440512,,,,,,,,,,2026-04-18 15:24:23.
0,78/111,17/19,Contraction_l_Alik_Bjlk_Cijk_Dijk,"(2048,14336,1,8192)",Cijk_Alik_Bjlk_I8II_BH_MT128x64x32_SN_GLVWA4_GRVW4_K1_SU32_SUS256_TT8_4,NO_CHECK,61410.5,7833.13,,1,112,32,1,1,1,1,5754585088,117440512,,,,,,,,,,2026-04-18 15:24:24.
0,78/111,18/19,Contraction_l_Alik_Bjlk_Cijk_Dijk,"(2048,14336,1,8192)",Cijk_Alik_Bjlk_I8II_BH_MT64x128x32_SN_GLVWA4_GRVW4_K1_SU0_SUS0_TT4_8,NO_CHECK,61647.7,7802.99,,1,112,32,1,1,1,1,5754585088,117440512,,,,,,,,,,2026-04-18 15:24:24.
0,78/111,19/19,Contraction_l_Alik_Bjlk_Cijk_Dijk,"(2048,14336,1,8192)",Cijk_Alik_Bjlk_I8II_BH_MT64x128x32_SN_GLVWA4_GRVW4_K1_SU32_SUS256_TT4_8,NO_CHECK,61357.1,7839.95,,1,112,32,1,1,1,1,5754585088,117440512,,,,,,,,,,2026-04-18 15:24:24.
0,79/111,0/19,Contraction_l_Alik_Bjlk_Cijk_Dijk,"(2048,14336,1,14336)",Cijk_Alik_Bjlk_I8II_BH_MT64x64x16_SN_GLVWA4_GRVW4_K1_SU0_SUS0_TT4_4,NO_CHECK,135739,6201.72,,1,224,32,1,1,1,1,13270777856,117440512,,,,,,,,,,2026-04-18 15:24:24.
0,79/111,1/19,Contraction_l_Alik_Bjlk_Cijk_Dijk,"(2048,14336,1,14336)",Cijk_Alik_Bjlk_I8II_BH_MT64x64x16_SN_GLVWA4_GRVW8_K1_SU0_SUS0_TT4_4,NO_CHECK,134525,6257.66,,1,224,32,1,1,1,1,13270777856,117440512,,,,,,,,,,2026-04-18 15:24:24.
0,79/111,2/19,Contraction_l_Alik_Bjlk_Cijk_Dijk,"(2048,14336,1,14336)",Cijk_Alik_Bjlk_I8II_BH_MT64x64x16_SN_GLVWA4_GRVW16_K1_SU0_SUS0_TT4_4,NO_CHECK,134760,6246.74,,1,224,32,1,1,1,1,13270777856,117440512,,,,,,,,,,2026-04-18 15:24:24.
0,79/111,3/19,Contraction_l_Alik_Bjlk_Cijk_Dijk,"(2048,14336,1,14336)",Cijk_Alik_Bjlk_I8II_BH_MT64x64x16_SN_GLVWA4_GRVW4_K1_SU32_SUS256_TT4_4,NO_CHECK,134874,6241.46,,1,224,32,1,1,1,1,13270777856,117440512,,,,,,,,,,2026-04-18 15:24:24.
0,79/111,4/19,Contraction_l_Alik_Bjlk_Cijk_Dijk,"(2048,14336,1,14336)",Cijk_Alik_Bjlk_I8II_BH_MT64x64x16_SN_GLVWA4_GRVW8_K1_SU32_SUS256_TT4_4,NO_CHECK,134893,6240.6,,1,224,32,1,1,1,1,13270777856,117440512,,,,,,,,,,2026-04-18 15:24:24.
0,79/111,5/19,Contraction_l_Alik_Bjlk_Cijk_Dijk,"(2048,14336,1,14336)",Cijk_Alik_Bjlk_I8II_BH_MT64x64x16_SN_GLVWA4_GRVW16_K1_SU32_SUS256_TT4_4,NO_CHECK,135573,6209.31,,1,224,32,1,1,1,1,13270777856,117440512,,,,,,,,,,2026-04-18 15:24:24.
0,79/111,6/19,Contraction_l_Alik_Bjlk_Cijk_Dijk,"(2048,14336,1,14336)",Cijk_Alik_Bjlk_I8II_BH_MT128x64x16_SN_GLVWA4_GRVW4_K1_SU0_SUS0_TT8_4,NO_CHECK,108790,7737.94,,1,112,32,1,1,1,1,9982443520,117440512,,,,,,,,,,2026-04-18 15:24:25.
0,79/111,7/19,Contraction_l_Alik_Bjlk_Cijk_Dijk,"(2048,14336,1,14336)",Cijk_Alik_Bjlk_I8II_BH_MT128x64x16_SN_GLVWA8_GRVW8_K1_SU0_SUS0_TT8_4,NO_CHECK,109320,7700.46,,1,112,32,1,1,1,1,9982443520,117440512,,,,,,,,,,2026-04-18 15:24:25.
0,79/111,8/19,Contraction_l_Alik_Bjlk_Cijk_Dijk,"(2048,14336,1,14336)",Cijk_Alik_Bjlk_I8II_BH_MT128x64x16_SN_GLVWA8_GRVW16_K1_SU0_SUS0_TT8_4,NO_CHECK,107202,7852.58,,1,112,32,1,1,1,1,9982443520,117440512,,,,,,,,,,2026-04-18 15:24:25.
0,79/111,9/19,Contraction_l_Alik_Bjlk_Cijk_Dijk,"(2048,14336,1,14336)",Cijk_Alik_Bjlk_I8II_BH_MT128x64x16_SN_GLVWA4_GRVW4_K1_SU32_SUS256_TT8_4,NO_CHECK,109295,7702.19,,1,112,32,1,1,1,1,9982443520,117440512,,,,,,,,,,2026-04-18 15:24:25.
0,79/111,10/19,Contraction_l_Alik_Bjlk_Cijk_Dijk,"(2048,14336,1,14336)",Cijk_Alik_Bjlk_I8II_BH_MT128x64x16_SN_GLVWA8_GRVW8_K1_SU32_SUS256_TT8_4,NO_CHECK,108908,7729.59,,1,112,32,1,1,1,1,9982443520,117440512,,,,,,,,,,2026-04-18 15:24:25.
0,79/111,11/19,Contraction_l_Alik_Bjlk_Cijk_Dijk,"(2048,14336,1,14336)",Cijk_Alik_Bjlk_I8II_BH_MT128x64x16_SN_GLVWA8_GRVW16_K1_SU32_SUS256_TT8_4,NO_CHECK,107168,7855.08,,1,112,32,1,1,1,1,9982443520,117440512,,,,,,,,,,2026-04-18 15:24:25.
0,79/111,12/19,Contraction_l_Alik_Bjlk_Cijk_Dijk,"(2048,14336,1,14336)",Cijk_Alik_Bjlk_I8II_BH_MT64x128x16_SN_GLVWA4_GRVW4_K1_SU0_SUS0_TT4_8,NO_CHECK,107671,7818.4,,1,112,32,1,1,1,1,9982443520,117440512,,,,,,,,,,2026-04-18 15:24:25.
0,79/111,13/19,Contraction_l_Alik_Bjlk_Cijk_Dijk,"(2048,14336,1,14336)",Cijk_Alik_Bjlk_I8II_BH_MT64x128x16_SN_GLVWA4_GRVW4_K1_SU32_SUS256_TT4_8,NO_CHECK,106426,7909.88,,1,112,32,1,1,1,1,9982443520,117440512,,,,,,,,,,2026-04-18 15:24:25.
0,79/111,14/19,Contraction_l_Alik_Bjlk_Cijk_Dijk,"(2048,14336,1,14336)",Cijk_Alik_Bjlk_I8II_BH_MT64x64x32_SN_GLVWA4_GRVW4_K1_SU0_SUS0_TT4_4,NO_CHECK,135553,6210.2,,1,224,32,1,1,1,1,13270777856,117440512,,,,,,,,,,2026-04-18 15:24:25.
0,79/111,15/19,Contraction_l_Alik_Bjlk_Cijk_Dijk,"(2048,14336,1,14336)",Cijk_Alik_Bjlk_I8II_BH_MT64x64x32_SN_GLVWA4_GRVW4_K1_SU32_SUS256_TT4_4,NO_CHECK,134867,6241.81,,1,224,32,1,1,1,1,13270777856,117440512,,,,,,,,,,2026-04-18 15:24:26.
0,79/111,16/19,Contraction_l_Alik_Bjlk_Cijk_Dijk,"(2048,14336,1,14336)",Cijk_Alik_Bjlk_I8II_BH_MT128x64x32_SN_GLVWA4_GRVW4_K1_SU0_SUS0_TT8_4,NO_CHECK,108339,7770.21,,1,112,32,1,1,1,1,9982443520,117440512,,,,,,,,,,2026-04-18 15:24:26.
0,79/111,17/19,Contraction_l_Alik_Bjlk_Cijk_Dijk,"(2048,14336,1,14336)",Cijk_Alik_Bjlk_I8II_BH_MT128x64x32_SN_GLVWA4_GRVW4_K1_SU32_SUS256_TT8_4,NO_CHECK,106909,7874.11,,1,112,32,1,1,1,1,9982443520,117440512,,,,,,,,,,2026-04-18 15:24:26.
0,79/111,18/19,Contraction_l_Alik_Bjlk_Cijk_Dijk,"(2048,14336,1,14336)",Cijk_Alik_Bjlk_I8II_BH_MT64x128x32_SN_GLVWA4_GRVW4_K1_SU0_SUS0_TT4_8,NO_CHECK,107437,7835.42,,1,112,32,1,1,1,1,9982443520,117440512,,,,,,,,,,2026-04-18 15:24:26.
0,79/111,19/19,Contraction_l_Alik_Bjlk_Cijk_Dijk,"(2048,14336,1,14336)",Cijk_Alik_Bjlk_I8II_BH_MT64x128x32_SN_GLVWA4_GRVW4_K1_SU32_SUS256_TT4_8,NO_CHECK,107404,7837.79,,1,112,32,1,1,1,1,9982443520,117440512,,,,,,,,,,2026-04-18 15:24:26.
0,80/111,0/19,Contraction_l_Alik_Bjlk_Cijk_Dijk,"(4096,1024,1,1024)",Cijk_Alik_Bjlk_I8II_BH_MT64x64x16_SN_GLVWA4_GRVW4_K1_SU0_SUS0_TT4_4,NO_CHECK,1611.54,5330.25,,1,32,32,1,1,1,1,150994944,16777216,,,,,,,,,,2026-04-18 15:24:26.
0,80/111,1/19,Contraction_l_Alik_Bjlk_Cijk_Dijk,"(4096,1024,1,1024)",Cijk_Alik_Bjlk_I8II_BH_MT64x64x16_SN_GLVWA4_GRVW8_K1_SU0_SUS0_TT4_4,NO_CHECK,1513.34,5676.13,,1,32,32,1,1,1,1,150994944,16777216,,,,,,,,,,2026-04-18 15:24:26.
0,80/111,2/19,Contraction_l_Alik_Bjlk_Cijk_Dijk,"(4096,1024,1,1024)",Cijk_Alik_Bjlk_I8II_BH_MT64x64x16_SN_GLVWA4_GRVW16_K1_SU0_SUS0_TT4_4,NO_CHECK,1451.34,5918.62,,1,32,32,1,1,1,1,150994944,16777216,,,,,,,,,,2026-04-18 15:24:26.
0,80/111,3/19,Contraction_l_Alik_Bjlk_Cijk_Dijk,"(4096,1024,1,1024)",Cijk_Alik_Bjlk_I8II_BH_MT64x64x16_SN_GLVWA4_GRVW4_K1_SU32_SUS256_TT4_4,NO_CHECK,1443.54,5950.6,,1,32,32,1,1,1,1,150994944,16777216,,,,,,,,,,2026-04-18 15:24:26.
0,80/111,4/19,Contraction_l_Alik_Bjlk_Cijk_Dijk,"(4096,1024,1,1024)",Cijk_Alik_Bjlk_I8II_BH_MT64x64x16_SN_GLVWA4_GRVW8_K1_SU32_SUS256_TT4_4,NO_CHECK,1502.58,5716.78,,1,32,32,1,1,1,1,150994944,16777216,,,,,,,,,,2026-04-18 15:24:26.
0,80/111,5/19,Contraction_l_Alik_Bjlk_Cijk_Dijk,"(4096,1024,1,1024)",Cijk_Alik_Bjlk_I8II_BH_MT64x64x16_SN_GLVWA4_GRVW16_K1_SU32_SUS256_TT4_4,NO_CHECK,1490.14,5764.51,,1,32,32,1,1,1,1,150994944,16777216,,,,,,,,,,2026-04-18 15:24:26.
0,80/111,6/19,Contraction_l_Alik_Bjlk_Cijk_Dijk,"(4096,1024,1,1024)",Cijk_Alik_Bjlk_I8II_BH_MT128x64x16_SN_GLVWA4_GRVW4_K1_SU0_SUS0_TT8_4,NO_CHECK,1136.78,7556.4,,1,16,32,1,1,1,1,117440512,16777216,,,,,,,,,,2026-04-18 15:24:26.
0,80/111,7/19,Contraction_l_Alik_Bjlk_Cijk_Dijk,"(4096,1024,1,1024)",Cijk_Alik_Bjlk_I8II_BH_MT128x64x16_SN_GLVWA8_GRVW8_K1_SU0_SUS0_TT8_4,NO_CHECK,1119.54,7672.76,,1,16,32,1,1,1,1,117440512,16777216,,,,,,,,,,2026-04-18 15:24:26.
0,80/111,8/19,Contraction_l_Alik_Bjlk_Cijk_Dijk,"(4096,1024,1,1024)",Cijk_Alik_Bjlk_I8II_BH_MT128x64x16_SN_GLVWA8_GRVW16_K1_SU0_SUS0_TT8_4,NO_CHECK,1119.7,7671.66,,1,16,32,1,1,1,1,117440512,16777216,,,,,,,,,,2026-04-18 15:24:26.
0,80/111,9/19,Contraction_l_Alik_Bjlk_Cijk_Dijk,"(4096,1024,1,1024)",Cijk_Alik_Bjlk_I8II_BH_MT128x64x16_SN_GLVWA4_GRVW4_K1_SU32_SUS256_TT8_4,NO_CHECK,1175.82,7305.5,,1,16,32,1,1,1,1,117440512,16777216,,,,,,,,,,2026-04-18 15:24:26.
0,80/111,10/19,Contraction_l_Alik_Bjlk_Cijk_Dijk,"(4096,1024,1,1024)",Cijk_Alik_Bjlk_I8II_BH_MT128x64x16_SN_GLVWA8_GRVW8_K1_SU32_SUS256_TT8_4,NO_CHECK,1138.22,7546.83,,1,16,32,1,1,1,1,117440512,16777216,,,,,,,,,,2026-04-18 15:24:26.
0,80/111,11/19,Contraction_l_Alik_Bjlk_Cijk_Dijk,"(4096,1024,1,1024)",Cijk_Alik_Bjlk_I8II_BH_MT128x64x16_SN_GLVWA8_GRVW16_K1_SU32_SUS256_TT8_4,NO_CHECK,1137.3,7552.95,,1,16,32,1,1,1,1,117440512,16777216,,,,,,,,,,2026-04-18 15:24:26.
0,80/111,12/19,Contraction_l_Alik_Bjlk_Cijk_Dijk,"(4096,1024,1,1024)",Cijk_Alik_Bjlk_I8II_BH_MT64x128x16_SN_GLVWA4_GRVW4_K1_SU0_SUS0_TT4_8,NO_CHECK,1370.62,6267.19,,1,16,32,1,1,1,1,117440512,16777216,,,,,,,,,,2026-04-18 15:24:26.
0,80/111,13/19,Contraction_l_Alik_Bjlk_Cijk_Dijk,"(4096,1024,1,1024)",Cijk_Alik_Bjlk_I8II_BH_MT64x128x16_SN_GLVWA4_GRVW4_K1_SU32_SUS256_TT4_8,NO_CHECK,1126.82,7623.19,,1,16,32,1,1,1,1,117440512,16777216,,,,,,,,,,2026-04-18 15:24:26.
0,80/111,14/19,Contraction_l_Alik_Bjlk_Cijk_Dijk,"(4096,1024,1,1024)",Cijk_Alik_Bjlk_I8II_BH_MT64x64x32_SN_GLVWA4_GRVW4_K1_SU0_SUS0_TT4_4,NO_CHECK,1449.82,5924.82,,1,32,32,1,1,1,1,150994944,16777216,,,,,,,,,,2026-04-18 15:24:26.
0,80/111,15/19,Contraction_l_Alik_Bjlk_Cijk_Dijk,"(4096,1024,1,1024)",Cijk_Alik_Bjlk_I8II_BH_MT64x64x32_SN_GLVWA4_GRVW4_K1_SU32_SUS256_TT4_4,NO_CHECK,1442.86,5953.4,,1,32,32,1,1,1,1,150994944,16777216,,,,,,,,,,2026-04-18 15:24:26.
0,80/111,16/19,Contraction_l_Alik_Bjlk_Cijk_Dijk,"(4096,1024,1,1024)",Cijk_Alik_Bjlk_I8II_BH_MT128x64x32_SN_GLVWA4_GRVW4_K1_SU0_SUS0_TT8_4,NO_CHECK,1187.62,7232.92,,1,16,32,1,1,1,1,117440512,16777216,,,,,,,,,,2026-04-18 15:24:26.
0,80/111,17/19,Contraction_l_Alik_Bjlk_Cijk_Dijk,"(4096,1024,1,1024)",Cijk_Alik_Bjlk_I8II_BH_MT128x64x32_SN_GLVWA4_GRVW4_K1_SU32_SUS256_TT8_4,NO_CHECK,1357.66,6327.01,,1,16,32,1,1,1,1,117440512,16777216,,,,,,,,,,2026-04-18 15:24:26.
0,80/111,18/19,Contraction_l_Alik_Bjlk_Cijk_Dijk,"(4096,1024,1,1024)",Cijk_Alik_Bjlk_I8II_BH_MT64x128x32_SN_GLVWA4_GRVW4_K1_SU0_SUS0_TT4_8,NO_CHECK,1124.18,7641.09,,1,16,32,1,1,1,1,117440512,16777216,,,,,,,,,,2026-04-18 15:24:26.
0,80/111,19/19,Contraction_l_Alik_Bjlk_Cijk_Dijk,"(4096,1024,1,1024)",Cijk_Alik_Bjlk_I8II_BH_MT64x128x32_SN_GLVWA4_GRVW4_K1_SU32_SUS256_TT4_8,NO_CHECK,1140.62,7530.95,,1,16,32,1,1,1,1,117440512,16777216,,,,,,,,,,2026-04-18 15:24:26.
0,81/111,0/19,Contraction_l_Alik_Bjlk_Cijk_Dijk,"(4096,1024,1,4096)",Cijk_Alik_Bjlk_I8II_BH_MT64x64x16_SN_GLVWA4_GRVW4_K1_SU0_SUS0_TT4_4,NO_CHECK,5669.72,6060.21,,1,32,32,1,1,1,1,553648128,16777216,,,,,,,,,,2026-04-18 15:24:26.
0,81/111,1/19,Contraction_l_Alik_Bjlk_Cijk_Dijk,"(4096,1024,1,4096)",Cijk_Alik_Bjlk_I8II_BH_MT64x64x16_SN_GLVWA4_GRVW8_K1_SU0_SUS0_TT4_4,NO_CHECK,5527.08,6216.62,,1,32,32,1,1,1,1,553648128,16777216,,,,,,,,,,2026-04-18 15:24:26.
0,81/111,2/19,Contraction_l_Alik_Bjlk_Cijk_Dijk,"(4096,1024,1,4096)",Cijk_Alik_Bjlk_I8II_BH_MT64x64x16_SN_GLVWA4_GRVW16_K1_SU0_SUS0_TT4_4,NO_CHECK,5731.12,5995.29,,1,32,32,1,1,1,1,553648128,16777216,,,,,,,,,,2026-04-18 15:24:26.
0,81/111,3/19,Contraction_l_Alik_Bjlk_Cijk_Dijk,"(4096,1024,1,4096)",Cijk_Alik_Bjlk_I8II_BH_MT64x64x16_SN_GLVWA4_GRVW4_K1_SU32_SUS256_TT4_4,NO_CHECK,5578.12,6159.73,,1,32,32,1,1,1,1,553648128,16777216,,,,,,,,,,2026-04-18 15:24:26.
0,81/111,4/19,Contraction_l_Alik_Bjlk_Cijk_Dijk,"(4096,1024,1,4096)",Cijk_Alik_Bjlk_I8II_BH_MT64x64x16_SN_GLVWA4_GRVW8_K1_SU32_SUS256_TT4_4,NO_CHECK,5526.2,6217.61,,1,32,32,1,1,1,1,553648128,16777216,,,,,,,,,,2026-04-18 15:24:26.
0,81/111,5/19,Contraction_l_Alik_Bjlk_Cijk_Dijk,"(4096,1024,1,4096)",Cijk_Alik_Bjlk_I8II_BH_MT64x64x16_SN_GLVWA4_GRVW16_K1_SU32_SUS256_TT4_4,NO_CHECK,5554.64,6185.77,,1,32,32,1,1,1,1,553648128,16777216,,,,,,,,,,2026-04-18 15:24:26.
0,81/111,6/19,Contraction_l_Alik_Bjlk_Cijk_Dijk,"(4096,1024,1,4096)",Cijk_Alik_Bjlk_I8II_BH_MT128x64x16_SN_GLVWA4_GRVW4_K1_SU0_SUS0_TT8_4,NO_CHECK,4604.11,7462.85,,1,16,32,1,1,1,1,419430400,16777216,,,,,,,,,,2026-04-18 15:24:26.
0,81/111,7/19,Contraction_l_Alik_Bjlk_Cijk_Dijk,"(4096,1024,1,4096)",Cijk_Alik_Bjlk_I8II_BH_MT128x64x16_SN_GLVWA8_GRVW8_K1_SU0_SUS0_TT8_4,NO_CHECK,4422.75,7768.87,,1,16,32,1,1,1,1,419430400,16777216,,,,,,,,,,2026-04-18 15:24:26.
0,81/111,8/19,Contraction_l_Alik_Bjlk_Cijk_Dijk,"(4096,1024,1,4096)",Cijk_Alik_Bjlk_I8II_BH_MT128x64x16_SN_GLVWA8_GRVW16_K1_SU0_SUS0_TT8_4,NO_CHECK,4411.9,7787.96,,1,16,32,1,1,1,1,419430400,16777216,,,,,,,,,,2026-04-18 15:24:26.
0,81/111,9/19,Contraction_l_Alik_Bjlk_Cijk_Dijk,"(4096,1024,1,4096)",Cijk_Alik_Bjlk_I8II_BH_MT128x64x16_SN_GLVWA4_GRVW4_K1_SU32_SUS256_TT8_4,NO_CHECK,4758.03,7221.42,,1,16,32,1,1,1,1,419430400,16777216,,,,,,,,,,2026-04-18 15:24:26.
0,81/111,10/19,Contraction_l_Alik_Bjlk_Cijk_Dijk,"(4096,1024,1,4096)",Cijk_Alik_Bjlk_I8II_BH_MT128x64x16_SN_GLVWA8_GRVW8_K1_SU32_SUS256_TT8_4,NO_CHECK,4700.15,7310.35,,1,16,32,1,1,1,1,419430400,16777216,,,,,,,,,,2026-04-18 15:24:26.
0,81/111,11/19,Contraction_l_Alik_Bjlk_Cijk_Dijk,"(4096,1024,1,4096)",Cijk_Alik_Bjlk_I8II_BH_MT128x64x16_SN_GLVWA8_GRVW16_K1_SU32_SUS256_TT8_4,NO_CHECK,4700.99,7309.04,,1,16,32,1,1,1,1,419430400,16777216,,,,,,,,,,2026-04-18 15:24:26.
0,81/111,12/19,Contraction_l_Alik_Bjlk_Cijk_Dijk,"(4096,1024,1,4096)",Cijk_Alik_Bjlk_I8II_BH_MT64x128x16_SN_GLVWA4_GRVW4_K1_SU0_SUS0_TT4_8,NO_CHECK,4393.42,7820.72,,1,16,32,1,1,1,1,419430400,16777216,,,,,,,,,,2026-04-18 15:24:26.
0,81/111,13/19,Contraction_l_Alik_Bjlk_Cijk_Dijk,"(4096,1024,1,4096)",Cijk_Alik_Bjlk_I8II_BH_MT64x128x16_SN_GLVWA4_GRVW4_K1_SU32_SUS256_TT4_8,NO_CHECK,4424.79,7765.29,,1,16,32,1,1,1,1,419430400,16777216,,,,,,,,,,2026-04-18 15:24:26.
0,81/111,14/19,Contraction_l_Alik_Bjlk_Cijk_Dijk,"(4096,1024,1,4096)",Cijk_Alik_Bjlk_I8II_BH_MT64x64x32_SN_GLVWA4_GRVW4_K1_SU0_SUS0_TT4_4,NO_CHECK,5539.76,6202.39,,1,32,32,1,1,1,1,553648128,16777216,,,,,,,,,,2026-04-18 15:24:26.
0,81/111,15/19,Contraction_l_Alik_Bjlk_Cijk_Dijk,"(4096,1024,1,4096)",Cijk_Alik_Bjlk_I8II_BH_MT64x64x32_SN_GLVWA4_GRVW4_K1_SU32_SUS256_TT4_4,NO_CHECK,5555.16,6185.19,,1,32,32,1,1,1,1,553648128,16777216,,,,,,,,,,2026-04-18 15:24:26.
0,81/111,16/19,Contraction_l_Alik_Bjlk_Cijk_Dijk,"(4096,1024,1,4096)",Cijk_Alik_Bjlk_I8II_BH_MT128x64x32_SN_GLVWA4_GRVW4_K1_SU0_SUS0_TT8_4,NO_CHECK,4841.47,7096.96,,1,16,32,1,1,1,1,419430400,16777216,,,,,,,,,,2026-04-18 15:24:26.
0,81/111,17/19,Contraction_l_Alik_Bjlk_Cijk_Dijk,"(4096,1024,1,4096)",Cijk_Alik_Bjlk_I8II_BH_MT128x64x32_SN_GLVWA4_GRVW4_K1_SU32_SUS256_TT8_4,NO_CHECK,4442.95,7733.55,,1,16,32,1,1,1,1,419430400,16777216,,,,,,,,,,2026-04-18 15:24:26.
0,81/111,18/19,Contraction_l_Alik_Bjlk_Cijk_Dijk,"(4096,1024,1,4096)",Cijk_Alik_Bjlk_I8II_BH_MT64x128x32_SN_GLVWA4_GRVW4_K1_SU0_SUS0_TT4_8,NO_CHECK,4643.87,7398.95,,1,16,32,1,1,1,1,419430400,16777216,,,,,,,,,,2026-04-18 15:24:26.
0,81/111,19/19,Contraction_l_Alik_Bjlk_Cijk_Dijk,"(4096,1024,1,4096)",Cijk_Alik_Bjlk_I8II_BH_MT64x128x32_SN_GLVWA4_GRVW4_K1_SU32_SUS256_TT4_8,NO_CHECK,4443.18,7733.13,,1,16,32,1,1,1,1,419430400,16777216,,,,,,,,,,2026-04-18 15:24:26.
0,82/111,0/19,Contraction_l_Alik_Bjlk_Cijk_Dijk,"(4096,1024,1,8192)",Cijk_Alik_Bjlk_I8II_BH_MT64x64x16_SN_GLVWA4_GRVW4_K1_SU0_SUS0_TT4_4,NO_CHECK,11360.1,6049.18,,1,32,32,1,1,1,1,1090519040,16777216,,,,,,,,,,2026-04-18 15:24:26.
0,82/111,1/19,Contraction_l_Alik_Bjlk_Cijk_Dijk,"(4096,1024,1,8192)",Cijk_Alik_Bjlk_I8II_BH_MT64x64x16_SN_GLVWA4_GRVW8_K1_SU0_SUS0_TT4_4,NO_CHECK,11050.2,6218.87,,1,32,32,1,1,1,1,1090519040,16777216,,,,,,,,,,2026-04-18 15:24:26.
0,82/111,2/19,Contraction_l_Alik_Bjlk_Cijk_Dijk,"(4096,1024,1,8192)",Cijk_Alik_Bjlk_I8II_BH_MT64x64x16_SN_GLVWA4_GRVW16_K1_SU0_SUS0_TT4_4,NO_CHECK,11072.7,6206.2,,1,32,32,1,1,1,1,1090519040,16777216,,,,,,,,,,2026-04-18 15:24:26.
0,82/111,3/19,Contraction_l_Alik_Bjlk_Cijk_Dijk,"(4096,1024,1,8192)",Cijk_Alik_Bjlk_I8II_BH_MT64x64x16_SN_GLVWA4_GRVW4_K1_SU32_SUS256_TT4_4,NO_CHECK,11283.6,6090.21,,1,32,32,1,1,1,1,1090519040,16777216,,,,,,,,,,2026-04-18 15:24:26.
0,82/111,4/19,Contraction_l_Alik_Bjlk_Cijk_Dijk,"(4096,1024,1,8192)",Cijk_Alik_Bjlk_I8II_BH_MT64x64x16_SN_GLVWA4_GRVW8_K1_SU32_SUS256_TT4_4,NO_CHECK,11071.9,6206.64,,1,32,32,1,1,1,1,1090519040,16777216,,,,,,,,,,2026-04-18 15:24:26.
0,82/111,5/19,Contraction_l_Alik_Bjlk_Cijk_Dijk,"(4096,1024,1,8192)",Cijk_Alik_Bjlk_I8II_BH_MT64x64x16_SN_GLVWA4_GRVW16_K1_SU32_SUS256_TT4_4,NO_CHECK,11269.6,6097.77,,1,32,32,1,1,1,1,1090519040,16777216,,,,,,,,,,2026-04-18 15:24:26.
0,82/111,6/19,Contraction_l_Alik_Bjlk_Cijk_Dijk,"(4096,1024,1,8192)",Cijk_Alik_Bjlk_I8II_BH_MT128x64x16_SN_GLVWA4_GRVW4_K1_SU0_SUS0_TT8_4,NO_CHECK,8850.77,7764.24,,1,16,32,1,1,1,1,822083584,16777216,,,,,,,,,,2026-04-18 15:24:26.
0,82/111,7/19,Contraction_l_Alik_Bjlk_Cijk_Dijk,"(4096,1024,1,8192)",Cijk_Alik_Bjlk_I8II_BH_MT128x64x16_SN_GLVWA8_GRVW8_K1_SU0_SUS0_TT8_4,NO_CHECK,9210.74,7460.8,,1,16,32,1,1,1,1,822083584,16777216,,,,,,,,,,2026-04-18 15:24:26.
0,82/111,8/19,Contraction_l_Alik_Bjlk_Cijk_Dijk,"(4096,1024,1,8192)",Cijk_Alik_Bjlk_I8II_BH_MT128x64x16_SN_GLVWA8_GRVW16_K1_SU0_SUS0_TT8_4,NO_CHECK,8857.09,7758.7,,1,16,32,1,1,1,1,822083584,16777216,,,,,,,,,,2026-04-18 15:24:26.
0,82/111,9/19,Contraction_l_Alik_Bjlk_Cijk_Dijk,"(4096,1024,1,8192)",Cijk_Alik_Bjlk_I8II_BH_MT128x64x16_SN_GLVWA4_GRVW4_K1_SU32_SUS256_TT8_4,NO_CHECK,9546.78,7198.18,,1,16,32,1,1,1,1,822083584,16777216,,,,,,,,,,2026-04-18 15:24:26.
0,82/111,10/19,Contraction_l_Alik_Bjlk_Cijk_Dijk,"(4096,1024,1,8192)",Cijk_Alik_Bjlk_I8II_BH_MT128x64x16_SN_GLVWA8_GRVW8_K1_SU32_SUS256_TT8_4,NO_CHECK,9373.22,7331.47,,1,16,32,1,1,1,1,822083584,16777216,,,,,,,,,,2026-04-18 15:24:26.
0,82/111,11/19,Contraction_l_Alik_Bjlk_Cijk_Dijk,"(4096,1024,1,8192)",Cijk_Alik_Bjlk_I8II_BH_MT128x64x16_SN_GLVWA8_GRVW16_K1_SU32_SUS256_TT8_4,NO_CHECK,9040.49,7601.3,,1,16,32,1,1,1,1,822083584,16777216,,,,,,,,,,2026-04-18 15:24:26.
0,82/111,12/19,Contraction_l_Alik_Bjlk_Cijk_Dijk,"(4096,1024,1,8192)",Cijk_Alik_Bjlk_I8II_BH_MT64x128x16_SN_GLVWA4_GRVW4_K1_SU0_SUS0_TT4_8,NO_CHECK,8804.73,7804.84,,1,16,32,1,1,1,1,822083584,16777216,,,,,,,,,,2026-04-18 15:24:26.
0,82/111,13/19,Contraction_l_Alik_Bjlk_Cijk_Dijk,"(4096,1024,1,8192)",Cijk_Alik_Bjlk_I8II_BH_MT64x128x16_SN_GLVWA4_GRVW4_K1_SU32_SUS256_TT4_8,NO_CHECK,9317.7,7375.16,,1,16,32,1,1,1,1,822083584,16777216,,,,,,,,,,2026-04-18 15:24:26.
0,82/111,14/19,Contraction_l_Alik_Bjlk_Cijk_Dijk,"(4096,1024,1,8192)",Cijk_Alik_Bjlk_I8II_BH_MT64x64x32_SN_GLVWA4_GRVW4_K1_SU0_SUS0_TT4_4,NO_CHECK,11088.6,6197.28,,1,32,32,1,1,1,1,1090519040,16777216,,,,,,,,,,2026-04-18 15:24:26.
0,82/111,15/19,Contraction_l_Alik_Bjlk_Cijk_Dijk,"(4096,1024,1,8192)",Cijk_Alik_Bjlk_I8II_BH_MT64x64x32_SN_GLVWA4_GRVW4_K1_SU32_SUS256_TT4_4,NO_CHECK,11498.1,5976.6,,1,32,32,1,1,1,1,1090519040,16777216,,,,,,,,,,2026-04-18 15:24:26.
0,82/111,16/19,Contraction_l_Alik_Bjlk_Cijk_Dijk,"(4096,1024,1,8192)",Cijk_Alik_Bjlk_I8II_BH_MT128x64x32_SN_GLVWA4_GRVW4_K1_SU0_SUS0_TT8_4,NO_CHECK,9922.19,6925.84,,1,16,32,1,1,1,1,822083584,16777216,,,,,,,,,,2026-04-18 15:24:26.
0,82/111,17/19,Contraction_l_Alik_Bjlk_Cijk_Dijk,"(4096,1024,1,8192)",Cijk_Alik_Bjlk_I8II_BH_MT128x64x32_SN_GLVWA4_GRVW4_K1_SU32_SUS256_TT8_4,NO_CHECK,8874.61,7743.38,,1,16,32,1,1,1,1,822083584,16777216,,,,,,,,,,2026-04-18 15:24:26.
0,82/111,18/19,Contraction_l_Alik_Bjlk_Cijk_Dijk,"(4096,1024,1,8192)",Cijk_Alik_Bjlk_I8II_BH_MT64x128x32_SN_GLVWA4_GRVW4_K1_SU0_SUS0_TT4_8,NO_CHECK,8813.65,7796.94,,1,16,32,1,1,1,1,822083584,16777216,,,,,,,,,,2026-04-18 15:24:26.
0,82/111,19/19,Contraction_l_Alik_Bjlk_Cijk_Dijk,"(4096,1024,1,8192)",Cijk_Alik_Bjlk_I8II_BH_MT64x128x32_SN_GLVWA4_GRVW4_K1_SU32_SUS256_TT4_8,NO_CHECK,9351.86,7348.22,,1,16,32,1,1,1,1,822083584,16777216,,,,,,,,,,2026-04-18 15:24:26.
0,83/111,0/19,Contraction_l_Alik_Bjlk_Cijk_Dijk,"(4096,1024,1,14336)",Cijk_Alik_Bjlk_I8II_BH_MT64x64x16_SN_GLVWA4_GRVW4_K1_SU0_SUS0_TT4_4,NO_CHECK,19634.6,6124.87,,1,32,32,1,1,1,1,1895825408,16777216,,,,,,,,,,2026-04-18 15:24:26.
0,83/111,1/19,Contraction_l_Alik_Bjlk_Cijk_Dijk,"(4096,1024,1,14336)",Cijk_Alik_Bjlk_I8II_BH_MT64x64x16_SN_GLVWA4_GRVW8_K1_SU0_SUS0_TT4_4,NO_CHECK,19304.2,6229.7,,1,32,32,1,1,1,1,1895825408,16777216,,,,,,,,,,2026-04-18 15:24:26.
0,83/111,2/19,Contraction_l_Alik_Bjlk_Cijk_Dijk,"(4096,1024,1,14336)",Cijk_Alik_Bjlk_I8II_BH_MT64x64x16_SN_GLVWA4_GRVW16_K1_SU0_SUS0_TT4_4,NO_CHECK,19322.9,6223.65,,1,32,32,1,1,1,1,1895825408,16777216,,,,,,,,,,2026-04-18 15:24:26.
0,83/111,3/19,Contraction_l_Alik_Bjlk_Cijk_Dijk,"(4096,1024,1,14336)",Cijk_Alik_Bjlk_I8II_BH_MT64x64x16_SN_GLVWA4_GRVW4_K1_SU32_SUS256_TT4_4,NO_CHECK,19449.2,6183.25,,1,32,32,1,1,1,1,1895825408,16777216,,,,,,,,,,2026-04-18 15:24:27.
0,83/111,4/19,Contraction_l_Alik_Bjlk_Cijk_Dijk,"(4096,1024,1,14336)",Cijk_Alik_Bjlk_I8II_BH_MT64x64x16_SN_GLVWA4_GRVW8_K1_SU32_SUS256_TT4_4,NO_CHECK,19429.7,6189.44,,1,32,32,1,1,1,1,1895825408,16777216,,,,,,,,,,2026-04-18 15:24:27.
0,83/111,5/19,Contraction_l_Alik_Bjlk_Cijk_Dijk,"(4096,1024,1,14336)",Cijk_Alik_Bjlk_I8II_BH_MT64x64x16_SN_GLVWA4_GRVW16_K1_SU32_SUS256_TT4_4,NO_CHECK,19414.8,6194.18,,1,32,32,1,1,1,1,1895825408,16777216,,,,,,,,,,2026-04-18 15:24:27.
0,83/111,6/19,Contraction_l_Alik_Bjlk_Cijk_Dijk,"(4096,1024,1,14336)",Cijk_Alik_Bjlk_I8II_BH_MT128x64x16_SN_GLVWA4_GRVW4_K1_SU0_SUS0_TT8_4,NO_CHECK,15660.9,7678.93,,1,16,32,1,1,1,1,1426063360,16777216,,,,,,,,,,2026-04-18 15:24:27.
0,83/111,7/19,Contraction_l_Alik_Bjlk_Cijk_Dijk,"(4096,1024,1,14336)",Cijk_Alik_Bjlk_I8II_BH_MT128x64x16_SN_GLVWA8_GRVW8_K1_SU0_SUS0_TT8_4,NO_CHECK,15450.5,7783.5,,1,16,32,1,1,1,1,1426063360,16777216,,,,,,,,,,2026-04-18 15:24:27.
0,83/111,8/19,Contraction_l_Alik_Bjlk_Cijk_Dijk,"(4096,1024,1,14336)",Cijk_Alik_Bjlk_I8II_BH_MT128x64x16_SN_GLVWA8_GRVW16_K1_SU0_SUS0_TT8_4,NO_CHECK,15621.9,7698.1,,1,16,32,1,1,1,1,1426063360,16777216,,,,,,,,,,2026-04-18 15:24:27.
0,83/111,9/19,Contraction_l_Alik_Bjlk_Cijk_Dijk,"(4096,1024,1,14336)",Cijk_Alik_Bjlk_I8II_BH_MT128x64x16_SN_GLVWA4_GRVW4_K1_SU32_SUS256_TT8_4,NO_CHECK,15700.7,7659.49,,1,16,32,1,1,1,1,1426063360,16777216,,,,,,,,,,2026-04-18 15:24:27.
0,83/111,10/19,Contraction_l_Alik_Bjlk_Cijk_Dijk,"(4096,1024,1,14336)",Cijk_Alik_Bjlk_I8II_BH_MT128x64x16_SN_GLVWA8_GRVW8_K1_SU32_SUS256_TT8_4,NO_CHECK,15601.8,7708.03,,1,16,32,1,1,1,1,1426063360,16777216,,,,,,,,,,2026-04-18 15:24:27.
0,83/111,11/19,Contraction_l_Alik_Bjlk_Cijk_Dijk,"(4096,1024,1,14336)",Cijk_Alik_Bjlk_I8II_BH_MT128x64x16_SN_GLVWA8_GRVW16_K1_SU32_SUS256_TT8_4,NO_CHECK,15610.5,7703.73,,1,16,32,1,1,1,1,1426063360,16777216,,,,,,,,,,2026-04-18 15:24:27.
0,83/111,12/19,Contraction_l_Alik_Bjlk_Cijk_Dijk,"(4096,1024,1,14336)",Cijk_Alik_Bjlk_I8II_BH_MT64x128x16_SN_GLVWA4_GRVW4_K1_SU0_SUS0_TT4_8,NO_CHECK,15311.5,7854.19,,1,16,32,1,1,1,1,1426063360,16777216,,,,,,,,,,2026-04-18 15:24:27.
0,83/111,13/19,Contraction_l_Alik_Bjlk_Cijk_Dijk,"(4096,1024,1,14336)",Cijk_Alik_Bjlk_I8II_BH_MT64x128x16_SN_GLVWA4_GRVW4_K1_SU32_SUS256_TT4_8,NO_CHECK,15317.3,7851.21,,1,16,32,1,1,1,1,1426063360,16777216,,,,,,,,,,2026-04-18 15:24:27.
0,83/111,14/19,Contraction_l_Alik_Bjlk_Cijk_Dijk,"(4096,1024,1,14336)",Cijk_Alik_Bjlk_I8II_BH_MT64x64x32_SN_GLVWA4_GRVW4_K1_SU0_SUS0_TT4_4,NO_CHECK,19310,6227.83,,1,32,32,1,1,1,1,1895825408,16777216,,,,,,,,,,2026-04-18 15:24:27.
0,83/111,15/19,Contraction_l_Alik_Bjlk_Cijk_Dijk,"(4096,1024,1,14336)",Cijk_Alik_Bjlk_I8II_BH_MT64x64x32_SN_GLVWA4_GRVW4_K1_SU32_SUS256_TT4_4,NO_CHECK,19512.5,6163.19,,1,32,32,1,1,1,1,1895825408,16777216,,,,,,,,,,2026-04-18 15:24:27.
0,83/111,16/19,Contraction_l_Alik_Bjlk_Cijk_Dijk,"(4096,1024,1,14336)",Cijk_Alik_Bjlk_I8II_BH_MT128x64x32_SN_GLVWA4_GRVW4_K1_SU0_SUS0_TT8_4,NO_CHECK,15601.7,7708.09,,1,16,32,1,1,1,1,1426063360,16777216,,,,,,,,,,2026-04-18 15:24:27.
0,83/111,17/19,Contraction_l_Alik_Bjlk_Cijk_Dijk,"(4096,1024,1,14336)",Cijk_Alik_Bjlk_I8II_BH_MT128x64x32_SN_GLVWA4_GRVW4_K1_SU32_SUS256_TT8_4,NO_CHECK,16321.4,7368.17,,1,16,32,1,1,1,1,1426063360,16777216,,,,,,,,,,2026-04-18 15:24:27.
0,83/111,18/19,Contraction_l_Alik_Bjlk_Cijk_Dijk,"(4096,1024,1,14336)",Cijk_Alik_Bjlk_I8II_BH_MT64x128x32_SN_GLVWA4_GRVW4_K1_SU0_SUS0_TT4_8,NO_CHECK,15315.7,7852.03,,1,16,32,1,1,1,1,1426063360,16777216,,,,,,,,,,2026-04-18 15:24:27.
0,83/111,19/19,Contraction_l_Alik_Bjlk_Cijk_Dijk,"(4096,1024,1,14336)",Cijk_Alik_Bjlk_I8II_BH_MT64x128x32_SN_GLVWA4_GRVW4_K1_SU32_SUS256_TT4_8,NO_CHECK,15310.2,7854.82,,1,16,32,1,1,1,1,1426063360,16777216,,,,,,,,,,2026-04-18 15:24:27.
0,84/111,0/19,Contraction_l_Alik_Bjlk_Cijk_Dijk,"(4096,4096,1,1024)",Cijk_Alik_Bjlk_I8II_BH_MT64x64x16_SN_GLVWA4_GRVW4_K1_SU0_SUS0_TT4_4,NO_CHECK,5647.2,6084.38,,1,128,32,1,1,1,1,603979776,67108864,,,,,,,,,,2026-04-18 15:24:27.
0,84/111,1/19,Contraction_l_Alik_Bjlk_Cijk_Dijk,"(4096,4096,1,1024)",Cijk_Alik_Bjlk_I8II_BH_MT64x64x16_SN_GLVWA4_GRVW8_K1_SU0_SUS0_TT4_4,NO_CHECK,5547.84,6193.35,,1,128,32,1,1,1,1,603979776,67108864,,,,,,,,,,2026-04-18 15:24:27.
0,84/111,2/19,Contraction_l_Alik_Bjlk_Cijk_Dijk,"(4096,4096,1,1024)",Cijk_Alik_Bjlk_I8II_BH_MT64x64x16_SN_GLVWA4_GRVW16_K1_SU0_SUS0_TT4_4,NO_CHECK,5653.44,6077.67,,1,128,32,1,1,1,1,603979776,67108864,,,,,,,,,,2026-04-18 15:24:27.
0,84/111,3/19,Contraction_l_Alik_Bjlk_Cijk_Dijk,"(4096,4096,1,1024)",Cijk_Alik_Bjlk_I8II_BH_MT64x64x16_SN_GLVWA4_GRVW4_K1_SU32_SUS256_TT4_4,NO_CHECK,5602.2,6133.26,,1,128,32,1,1,1,1,603979776,67108864,,,,,,,,,,2026-04-18 15:24:27.
0,84/111,4/19,Contraction_l_Alik_Bjlk_Cijk_Dijk,"(4096,4096,1,1024)",Cijk_Alik_Bjlk_I8II_BH_MT64x64x16_SN_GLVWA4_GRVW8_K1_SU32_SUS256_TT4_4,NO_CHECK,5584.76,6152.41,,1,128,32,1,1,1,1,603979776,67108864,,,,,,,,,,2026-04-18 15:24:27.
0,84/111,5/19,Contraction_l_Alik_Bjlk_Cijk_Dijk,"(4096,4096,1,1024)",Cijk_Alik_Bjlk_I8II_BH_MT64x64x16_SN_GLVWA4_GRVW16_K1_SU32_SUS256_TT4_4,NO_CHECK,5659.96,6070.66,,1,128,32,1,1,1,1,603979776,67108864,,,,,,,,,,2026-04-18 15:24:27.
0,84/111,6/19,Contraction_l_Alik_Bjlk_Cijk_Dijk,"(4096,4096,1,1024)",Cijk_Alik_Bjlk_I8II_BH_MT128x64x16_SN_GLVWA4_GRVW4_K1_SU0_SUS0_TT8_4,NO_CHECK,4658.79,7375.25,,1,64,32,1,1,1,1,469762048,67108864,,,,,,,,,,2026-04-18 15:24:27.
0,84/111,7/19,Contraction_l_Alik_Bjlk_Cijk_Dijk,"(4096,4096,1,1024)",Cijk_Alik_Bjlk_I8II_BH_MT128x64x16_SN_GLVWA8_GRVW8_K1_SU0_SUS0_TT8_4,NO_CHECK,4493.51,7646.53,,1,64,32,1,1,1,1,469762048,67108864,,,,,,,,,,2026-04-18 15:24:27.
0,84/111,8/19,Contraction_l_Alik_Bjlk_Cijk_Dijk,"(4096,4096,1,1024)",Cijk_Alik_Bjlk_I8II_BH_MT128x64x16_SN_GLVWA8_GRVW16_K1_SU0_SUS0_TT8_4,NO_CHECK,4398.75,7811.26,,1,64,32,1,1,1,1,469762048,67108864,,,,,,,,,,2026-04-18 15:24:27.
0,84/111,9/19,Contraction_l_Alik_Bjlk_Cijk_Dijk,"(4096,4096,1,1024)",Cijk_Alik_Bjlk_I8II_BH_MT128x64x16_SN_GLVWA4_GRVW4_K1_SU32_SUS256_TT8_4,NO_CHECK,4775.27,7195.35,,1,64,32,1,1,1,1,469762048,67108864,,,,,,,,,,2026-04-18 15:24:27.
0,84/111,10/19,Contraction_l_Alik_Bjlk_Cijk_Dijk,"(4096,4096,1,1024)",Cijk_Alik_Bjlk_I8II_BH_MT128x64x16_SN_GLVWA8_GRVW8_K1_SU32_SUS256_TT8_4,NO_CHECK,4439.51,7739.54,,1,64,32,1,1,1,1,469762048,67108864,,,,,,,,,,2026-04-18 15:24:27.
0,84/111,11/19,Contraction_l_Alik_Bjlk_Cijk_Dijk,"(4096,4096,1,1024)",Cijk_Alik_Bjlk_I8II_BH_MT128x64x16_SN_GLVWA8_GRVW16_K1_SU32_SUS256_TT8_4,NO_CHECK,4539.35,7569.31,,1,64,32,1,1,1,1,469762048,67108864,,,,,,,,,,2026-04-18 15:24:27.
0,84/111,12/19,Contraction_l_Alik_Bjlk_Cijk_Dijk,"(4096,4096,1,1024)",Cijk_Alik_Bjlk_I8II_BH_MT64x128x16_SN_GLVWA4_GRVW4_K1_SU0_SUS0_TT4_8,NO_CHECK,4521.43,7599.31,,1,64,32,1,1,1,1,469762048,67108864,,,,,,,,,,2026-04-18 15:24:27.
0,84/111,13/19,Contraction_l_Alik_Bjlk_Cijk_Dijk,"(4096,4096,1,1024)",Cijk_Alik_Bjlk_I8II_BH_MT64x128x16_SN_GLVWA4_GRVW4_K1_SU32_SUS256_TT4_8,NO_CHECK,4393.83,7820.01,,1,64,32,1,1,1,1,469762048,67108864,,,,,,,,,,2026-04-18 15:24:27.
0,84/111,14/19,Contraction_l_Alik_Bjlk_Cijk_Dijk,"(4096,4096,1,1024)",Cijk_Alik_Bjlk_I8II_BH_MT64x64x32_SN_GLVWA4_GRVW4_K1_SU0_SUS0_TT4_4,NO_CHECK,5642.68,6089.26,,1,128,32,1,1,1,1,603979776,67108864,,,,,,,,,,2026-04-18 15:24:27.
0,84/111,15/19,Contraction_l_Alik_Bjlk_Cijk_Dijk,"(4096,4096,1,1024)",Cijk_Alik_Bjlk_I8II_BH_MT64x64x32_SN_GLVWA4_GRVW4_K1_SU32_SUS256_TT4_4,NO_CHECK,5756.53,5968.83,,1,128,32,1,1,1,1,603979776,67108864,,,,,,,,,,2026-04-18 15:24:27.
0,84/111,16/19,Contraction_l_Alik_Bjlk_Cijk_Dijk,"(4096,4096,1,1024)",Cijk_Alik_Bjlk_I8II_BH_MT128x64x32_SN_GLVWA4_GRVW4_K1_SU0_SUS0_TT8_4,NO_CHECK,4431.7,7753.16,,1,64,32,1,1,1,1,469762048,67108864,,,,,,,,,,2026-04-18 15:24:27.
0,84/111,17/19,Contraction_l_Alik_Bjlk_Cijk_Dijk,"(4096,4096,1,1024)",Cijk_Alik_Bjlk_I8II_BH_MT128x64x32_SN_GLVWA4_GRVW4_K1_SU32_SUS256_TT8_4,NO_CHECK,4601.95,7466.35,,1,64,32,1,1,1,1,469762048,67108864,,,,,,,,,,2026-04-18 15:24:27.
0,84/111,18/19,Contraction_l_Alik_Bjlk_Cijk_Dijk,"(4096,4096,1,1024)",Cijk_Alik_Bjlk_I8II_BH_MT64x128x32_SN_GLVWA4_GRVW4_K1_SU0_SUS0_TT4_8,NO_CHECK,4441.02,7736.89,,1,64,32,1,1,1,1,469762048,67108864,,,,,,,,,,2026-04-18 15:24:27.
0,84/111,19/19,Contraction_l_Alik_Bjlk_Cijk_Dijk,"(4096,4096,1,1024)",Cijk_Alik_Bjlk_I8II_BH_MT64x128x32_SN_GLVWA4_GRVW4_K1_SU32_SUS256_TT4_8,NO_CHECK,4578.43,7504.7,,1,64,32,1,1,1,1,469762048,67108864,,,,,,,,,,2026-04-18 15:24:27.
0,85/111,0/19,Contraction_l_Alik_Bjlk_Cijk_Dijk,"(4096,4096,1,4096)",Cijk_Alik_Bjlk_I8II_BH_MT64x64x16_SN_GLVWA4_GRVW4_K1_SU0_SUS0_TT4_4,NO_CHECK,22045.5,6234.34,,1,128,32,1,1,1,1,2214592512,67108864,,,,,,,,,,2026-04-18 15:24:27.
0,85/111,1/19,Contraction_l_Alik_Bjlk_Cijk_Dijk,"(4096,4096,1,4096)",Cijk_Alik_Bjlk_I8II_BH_MT64x64x16_SN_GLVWA4_GRVW8_K1_SU0_SUS0_TT4_4,NO_CHECK,22005.6,6245.63,,1,128,32,1,1,1,1,2214592512,67108864,,,,,,,,,,2026-04-18 15:24:27.
0,85/111,2/19,Contraction_l_Alik_Bjlk_Cijk_Dijk,"(4096,4096,1,4096)",Cijk_Alik_Bjlk_I8II_BH_MT64x64x16_SN_GLVWA4_GRVW16_K1_SU0_SUS0_TT4_4,NO_CHECK,22195.8,6192.1,,1,128,32,1,1,1,1,2214592512,67108864,,,,,,,,,,2026-04-18 15:24:27.
0,85/111,3/19,Contraction_l_Alik_Bjlk_Cijk_Dijk,"(4096,4096,1,4096)",Cijk_Alik_Bjlk_I8II_BH_MT64x64x16_SN_GLVWA4_GRVW4_K1_SU32_SUS256_TT4_4,NO_CHECK,22024.8,6240.2,,1,128,32,1,1,1,1,2214592512,67108864,,,,,,,,,,2026-04-18 15:24:27.
0,85/111,4/19,Contraction_l_Alik_Bjlk_Cijk_Dijk,"(4096,4096,1,4096)",Cijk_Alik_Bjlk_I8II_BH_MT64x64x16_SN_GLVWA4_GRVW8_K1_SU32_SUS256_TT4_4,NO_CHECK,22018.1,6242.08,,1,128,32,1,1,1,1,2214592512,67108864,,,,,,,,,,2026-04-18 15:24:27.
0,85/111,5/19,Contraction_l_Alik_Bjlk_Cijk_Dijk,"(4096,4096,1,4096)",Cijk_Alik_Bjlk_I8II_BH_MT64x64x16_SN_GLVWA4_GRVW16_K1_SU32_SUS256_TT4_4,NO_CHECK,22023.4,6240.59,,1,128,32,1,1,1,1,2214592512,67108864,,,,,,,,,,2026-04-18 15:24:27.
0,85/111,6/19,Contraction_l_Alik_Bjlk_Cijk_Dijk,"(4096,4096,1,4096)",Cijk_Alik_Bjlk_I8II_BH_MT128x64x16_SN_GLVWA4_GRVW4_K1_SU0_SUS0_TT8_4,NO_CHECK,17902.9,7676.91,,1,64,32,1,1,1,1,1677721600,67108864,,,,,,,,,,2026-04-18 15:24:27.
0,85/111,7/19,Contraction_l_Alik_Bjlk_Cijk_Dijk,"(4096,4096,1,4096)",Cijk_Alik_Bjlk_I8II_BH_MT128x64x16_SN_GLVWA8_GRVW8_K1_SU0_SUS0_TT8_4,NO_CHECK,17529.7,7840.33,,1,64,32,1,1,1,1,1677721600,67108864,,,,,,,,,,2026-04-18 15:24:27.
0,85/111,8/19,Contraction_l_Alik_Bjlk_Cijk_Dijk,"(4096,4096,1,4096)",Cijk_Alik_Bjlk_I8II_BH_MT128x64x16_SN_GLVWA8_GRVW16_K1_SU0_SUS0_TT8_4,NO_CHECK,17531.9,7839.37,,1,64,32,1,1,1,1,1677721600,67108864,,,,,,,,,,2026-04-18 15:24:27.
0,85/111,9/19,Contraction_l_Alik_Bjlk_Cijk_Dijk,"(4096,4096,1,4096)",Cijk_Alik_Bjlk_I8II_BH_MT128x64x16_SN_GLVWA4_GRVW4_K1_SU32_SUS256_TT8_4,NO_CHECK,17649.4,7787.18,,1,64,32,1,1,1,1,1677721600,67108864,,,,,,,,,,2026-04-18 15:24:27.
0,85/111,10/19,Contraction_l_Alik_Bjlk_Cijk_Dijk,"(4096,4096,1,4096)",Cijk_Alik_Bjlk_I8II_BH_MT128x64x16_SN_GLVWA8_GRVW8_K1_SU32_SUS256_TT8_4,NO_CHECK,17590.3,7813.34,,1,64,32,1,1,1,1,1677721600,67108864,,,,,,,,,,2026-04-18 15:24:27.
0,85/111,11/19,Contraction_l_Alik_Bjlk_Cijk_Dijk,"(4096,4096,1,4096)",Cijk_Alik_Bjlk_I8II_BH_MT128x64x16_SN_GLVWA8_GRVW16_K1_SU32_SUS256_TT8_4,NO_CHECK,17600.3,7808.92,,1,64,32,1,1,1,1,1677721600,67108864,,,,,,,,,,2026-04-18 15:24:27.
0,85/111,12/19,Contraction_l_Alik_Bjlk_Cijk_Dijk,"(4096,4096,1,4096)",Cijk_Alik_Bjlk_I8II_BH_MT64x128x16_SN_GLVWA4_GRVW4_K1_SU0_SUS0_TT4_8,NO_CHECK,17775.8,7731.81,,1,64,32,1,1,1,1,1677721600,67108864,,,,,,,,,,2026-04-18 15:24:27.
0,85/111,13/19,Contraction_l_Alik_Bjlk_Cijk_Dijk,"(4096,4096,1,4096)",Cijk_Alik_Bjlk_I8II_BH_MT64x128x16_SN_GLVWA4_GRVW4_K1_SU32_SUS256_TT4_8,NO_CHECK,17487.5,7859.29,,1,64,32,1,1,1,1,1677721600,67108864,,,,,,,,,,2026-04-18 15:24:27.
0,85/111,14/19,Contraction_l_Alik_Bjlk_Cijk_Dijk,"(4096,4096,1,4096)",Cijk_Alik_Bjlk_I8II_BH_MT64x64x32_SN_GLVWA4_GRVW4_K1_SU0_SUS0_TT4_4,NO_CHECK,22010.4,6244.28,,1,128,32,1,1,1,1,2214592512,67108864,,,,,,,,,,2026-04-18 15:24:27.
0,85/111,15/19,Contraction_l_Alik_Bjlk_Cijk_Dijk,"(4096,4096,1,4096)",Cijk_Alik_Bjlk_I8II_BH_MT64x64x32_SN_GLVWA4_GRVW4_K1_SU32_SUS256_TT4_4,NO_CHECK,22006.8,6245.28,,1,128,32,1,1,1,1,2214592512,67108864,,,,,,,,,,2026-04-18 15:24:27.
0,85/111,16/19,Contraction_l_Alik_Bjlk_Cijk_Dijk,"(4096,4096,1,4096)",Cijk_Alik_Bjlk_I8II_BH_MT128x64x32_SN_GLVWA4_GRVW4_K1_SU0_SUS0_TT8_4,NO_CHECK,17516.6,7846.22,,1,64,32,1,1,1,1,1677721600,67108864,,,,,,,,,,2026-04-18 15:24:27.
0,85/111,17/19,Contraction_l_Alik_Bjlk_Cijk_Dijk,"(4096,4096,1,4096)",Cijk_Alik_Bjlk_I8II_BH_MT128x64x32_SN_GLVWA4_GRVW4_K1_SU32_SUS256_TT8_4,NO_CHECK,17555.9,7828.65,,1,64,32,1,1,1,1,1677721600,67108864,,,,,,,,,,2026-04-18 15:24:27.
0,85/111,18/19,Contraction_l_Alik_Bjlk_Cijk_Dijk,"(4096,4096,1,4096)",Cijk_Alik_Bjlk_I8II_BH_MT64x128x32_SN_GLVWA4_GRVW4_K1_SU0_SUS0_TT4_8,NO_CHECK,17732.1,7750.84,,1,64,32,1,1,1,1,1677721600,67108864,,,,,,,,,,2026-04-18 15:24:27.
0,85/111,19/19,Contraction_l_Alik_Bjlk_Cijk_Dijk,"(4096,4096,1,4096)",Cijk_Alik_Bjlk_I8II_BH_MT64x128x32_SN_GLVWA4_GRVW4_K1_SU32_SUS256_TT4_8,NO_CHECK,17450.9,7875.74,,1,64,32,1,1,1,1,1677721600,67108864,,,,,,,,,,2026-04-18 15:24:27.
0,86/111,0/19,Contraction_l_Alik_Bjlk_Cijk_Dijk,"(4096,4096,1,8192)",Cijk_Alik_Bjlk_I8II_BH_MT64x64x16_SN_GLVWA4_GRVW4_K1_SU0_SUS0_TT4_4,NO_CHECK,44292.4,6205.98,,1,128,32,1,1,1,1,4362076160,67108864,,,,,,,,,,2026-04-18 15:24:27.
0,86/111,1/19,Contraction_l_Alik_Bjlk_Cijk_Dijk,"(4096,4096,1,8192)",Cijk_Alik_Bjlk_I8II_BH_MT64x64x16_SN_GLVWA4_GRVW8_K1_SU0_SUS0_TT4_4,NO_CHECK,44688.9,6150.92,,1,128,32,1,1,1,1,4362076160,67108864,,,,,,,,,,2026-04-18 15:24:27.
0,86/111,2/19,Contraction_l_Alik_Bjlk_Cijk_Dijk,"(4096,4096,1,8192)",Cijk_Alik_Bjlk_I8II_BH_MT64x64x16_SN_GLVWA4_GRVW16_K1_SU0_SUS0_TT4_4,NO_CHECK,45636.3,6023.23,,1,128,32,1,1,1,1,4362076160,67108864,,,,,,,,,,2026-04-18 15:24:27.
0,86/111,3/19,Contraction_l_Alik_Bjlk_Cijk_Dijk,"(4096,4096,1,8192)",Cijk_Alik_Bjlk_I8II_BH_MT64x64x16_SN_GLVWA4_GRVW4_K1_SU32_SUS256_TT4_4,NO_CHECK,44467.9,6181.49,,1,128,32,1,1,1,1,4362076160,67108864,,,,,,,,,,2026-04-18 15:24:27.
0,86/111,4/19,Contraction_l_Alik_Bjlk_Cijk_Dijk,"(4096,4096,1,8192)",Cijk_Alik_Bjlk_I8II_BH_MT64x64x16_SN_GLVWA4_GRVW8_K1_SU32_SUS256_TT4_4,NO_CHECK,44148.3,6226.24,,1,128,32,1,1,1,1,4362076160,67108864,,,,,,,,,,2026-04-18 15:24:27.
0,86/111,5/19,Contraction_l_Alik_Bjlk_Cijk_Dijk,"(4096,4096,1,8192)",Cijk_Alik_Bjlk_I8II_BH_MT64x64x16_SN_GLVWA4_GRVW16_K1_SU32_SUS256_TT4_4,NO_CHECK,45073.7,6098.4,,1,128,32,1,1,1,1,4362076160,67108864,,,,,,,,,,2026-04-18 15:24:28.
0,86/111,6/19,Contraction_l_Alik_Bjlk_Cijk_Dijk,"(4096,4096,1,8192)",Cijk_Alik_Bjlk_I8II_BH_MT128x64x16_SN_GLVWA4_GRVW4_K1_SU0_SUS0_TT8_4,NO_CHECK,35709.1,7697.69,,1,64,32,1,1,1,1,3288334336,67108864,,,,,,,,,,2026-04-18 15:24:28.
0,86/111,7/19,Contraction_l_Alik_Bjlk_Cijk_Dijk,"(4096,4096,1,8192)",Cijk_Alik_Bjlk_I8II_BH_MT128x64x16_SN_GLVWA8_GRVW8_K1_SU0_SUS0_TT8_4,NO_CHECK,35926.2,7651.19,,1,64,32,1,1,1,1,3288334336,67108864,,,,,,,,,,2026-04-18 15:24:28.
0,86/111,8/19,Contraction_l_Alik_Bjlk_Cijk_Dijk,"(4096,4096,1,8192)",Cijk_Alik_Bjlk_I8II_BH_MT128x64x16_SN_GLVWA8_GRVW16_K1_SU0_SUS0_TT8_4,NO_CHECK,35676.7,7704.68,,1,64,32,1,1,1,1,3288334336,67108864,,,,,,,,,,2026-04-18 15:24:28.
0,86/111,9/19,Contraction_l_Alik_Bjlk_Cijk_Dijk,"(4096,4096,1,8192)",Cijk_Alik_Bjlk_I8II_BH_MT128x64x16_SN_GLVWA4_GRVW4_K1_SU32_SUS256_TT8_4,NO_CHECK,35566.6,7728.53,,1,64,32,1,1,1,1,3288334336,67108864,,,,,,,,,,2026-04-18 15:24:28.
0,86/111,10/19,Contraction_l_Alik_Bjlk_Cijk_Dijk,"(4096,4096,1,8192)",Cijk_Alik_Bjlk_I8II_BH_MT128x64x16_SN_GLVWA8_GRVW8_K1_SU32_SUS256_TT8_4,NO_CHECK,36092.6,7615.91,,1,64,32,1,1,1,1,3288334336,67108864,,,,,,,,,,2026-04-18 15:24:28.
0,86/111,11/19,Contraction_l_Alik_Bjlk_Cijk_Dijk,"(4096,4096,1,8192)",Cijk_Alik_Bjlk_I8II_BH_MT128x64x16_SN_GLVWA8_GRVW16_K1_SU32_SUS256_TT8_4,NO_CHECK,35045.2,7843.53,,1,64,32,1,1,1,1,3288334336,67108864,,,,,,,,,,2026-04-18 15:24:28.
0,86/111,12/19,Contraction_l_Alik_Bjlk_Cijk_Dijk,"(4096,4096,1,8192)",Cijk_Alik_Bjlk_I8II_BH_MT64x128x16_SN_GLVWA4_GRVW4_K1_SU0_SUS0_TT4_8,NO_CHECK,35749,7689.1,,1,64,32,1,1,1,1,3288334336,67108864,,,,,,,,,,2026-04-18 15:24:28.
0,86/111,13/19,Contraction_l_Alik_Bjlk_Cijk_Dijk,"(4096,4096,1,8192)",Cijk_Alik_Bjlk_I8II_BH_MT64x128x16_SN_GLVWA4_GRVW4_K1_SU32_SUS256_TT4_8,NO_CHECK,35789.2,7680.48,,1,64,32,1,1,1,1,3288334336,67108864,,,,,,,,,,2026-04-18 15:24:28.
0,86/111,14/19,Contraction_l_Alik_Bjlk_Cijk_Dijk,"(4096,4096,1,8192)",Cijk_Alik_Bjlk_I8II_BH_MT64x64x32_SN_GLVWA4_GRVW4_K1_SU0_SUS0_TT4_4,NO_CHECK,44368.8,6195.3,,1,128,32,1,1,1,1,4362076160,67108864,,,,,,,,,,2026-04-18 15:24:28.
0,86/111,15/19,Contraction_l_Alik_Bjlk_Cijk_Dijk,"(4096,4096,1,8192)",Cijk_Alik_Bjlk_I8II_BH_MT64x64x32_SN_GLVWA4_GRVW4_K1_SU32_SUS256_TT4_4,NO_CHECK,44320.9,6201.99,,1,128,32,1,1,1,1,4362076160,67108864,,,,,,,,,,2026-04-18 15:24:28.
0,86/111,16/19,Contraction_l_Alik_Bjlk_Cijk_Dijk,"(4096,4096,1,8192)",Cijk_Alik_Bjlk_I8II_BH_MT128x64x32_SN_GLVWA4_GRVW4_K1_SU0_SUS0_TT8_4,NO_CHECK,35899.2,7656.94,,1,64,32,1,1,1,1,3288334336,67108864,,,,,,,,,,2026-04-18 15:24:28.
0,86/111,17/19,Contraction_l_Alik_Bjlk_Cijk_Dijk,"(4096,4096,1,8192)",Cijk_Alik_Bjlk_I8II_BH_MT128x64x32_SN_GLVWA4_GRVW4_K1_SU32_SUS256_TT8_4,NO_CHECK,36001.9,7635.09,,1,64,32,1,1,1,1,3288334336,67108864,,,,,,,,,,2026-04-18 15:24:28.
0,86/111,18/19,Contraction_l_Alik_Bjlk_Cijk_Dijk,"(4096,4096,1,8192)",Cijk_Alik_Bjlk_I8II_BH_MT64x128x32_SN_GLVWA4_GRVW4_K1_SU0_SUS0_TT4_8,NO_CHECK,35664.9,7707.24,,1,64,32,1,1,1,1,3288334336,67108864,,,,,,,,,,2026-04-18 15:24:28.
0,86/111,19/19,Contraction_l_Alik_Bjlk_Cijk_Dijk,"(4096,4096,1,8192)",Cijk_Alik_Bjlk_I8II_BH_MT64x128x32_SN_GLVWA4_GRVW4_K1_SU32_SUS256_TT4_8,NO_CHECK,35343.4,7777.34,,1,64,32,1,1,1,1,3288334336,67108864,,,,,,,,,,2026-04-18 15:24:28.
0,87/111,0/19,Contraction_l_Alik_Bjlk_Cijk_Dijk,"(4096,4096,1,14336)",Cijk_Alik_Bjlk_I8II_BH_MT64x64x16_SN_GLVWA4_GRVW4_K1_SU0_SUS0_TT4_4,NO_CHECK,77091,6239.85,,1,128,32,1,1,1,1,7583301632,67108864,,,,,,,,,,2026-04-18 15:24:28.
0,87/111,1/19,Contraction_l_Alik_Bjlk_Cijk_Dijk,"(4096,4096,1,14336)",Cijk_Alik_Bjlk_I8II_BH_MT64x64x16_SN_GLVWA4_GRVW8_K1_SU0_SUS0_TT4_4,NO_CHECK,77228.1,6228.78,,1,128,32,1,1,1,1,7583301632,67108864,,,,,,,,,,2026-04-18 15:24:28.
0,87/111,2/19,Contraction_l_Alik_Bjlk_Cijk_Dijk,"(4096,4096,1,14336)",Cijk_Alik_Bjlk_I8II_BH_MT64x64x16_SN_GLVWA4_GRVW16_K1_SU0_SUS0_TT4_4,NO_CHECK,77733.9,6188.24,,1,128,32,1,1,1,1,7583301632,67108864,,,,,,,,,,2026-04-18 15:24:28.
0,87/111,3/19,Contraction_l_Alik_Bjlk_Cijk_Dijk,"(4096,4096,1,14336)",Cijk_Alik_Bjlk_I8II_BH_MT64x64x16_SN_GLVWA4_GRVW4_K1_SU32_SUS256_TT4_4,NO_CHECK,77584.3,6200.18,,1,128,32,1,1,1,1,7583301632,67108864,,,,,,,,,,2026-04-18 15:24:28.
0,87/111,4/19,Contraction_l_Alik_Bjlk_Cijk_Dijk,"(4096,4096,1,14336)",Cijk_Alik_Bjlk_I8II_BH_MT64x64x16_SN_GLVWA4_GRVW8_K1_SU32_SUS256_TT4_4,NO_CHECK,76997.4,6247.44,,1,128,32,1,1,1,1,7583301632,67108864,,,,,,,,,,2026-04-18 15:24:28.
0,87/111,5/19,Contraction_l_Alik_Bjlk_Cijk_Dijk,"(4096,4096,1,14336)",Cijk_Alik_Bjlk_I8II_BH_MT64x64x16_SN_GLVWA4_GRVW16_K1_SU32_SUS256_TT4_4,NO_CHECK,78157,6154.74,,1,128,32,1,1,1,1,7583301632,67108864,,,,,,,,,,2026-04-18 15:24:28.
0,87/111,6/19,Contraction_l_Alik_Bjlk_Cijk_Dijk,"(4096,4096,1,14336)",Cijk_Alik_Bjlk_I8II_BH_MT128x64x16_SN_GLVWA4_GRVW4_K1_SU0_SUS0_TT8_4,NO_CHECK,61633.1,7804.84,,1,64,32,1,1,1,1,5704253440,67108864,,,,,,,,,,2026-04-18 15:24:29.
0,87/111,7/19,Contraction_l_Alik_Bjlk_Cijk_Dijk,"(4096,4096,1,14336)",Cijk_Alik_Bjlk_I8II_BH_MT128x64x16_SN_GLVWA8_GRVW8_K1_SU0_SUS0_TT8_4,NO_CHECK,62413.9,7707.2,,1,64,32,1,1,1,1,5704253440,67108864,,,,,,,,,,2026-04-18 15:24:29.
0,87/111,8/19,Contraction_l_Alik_Bjlk_Cijk_Dijk,"(4096,4096,1,14336)",Cijk_Alik_Bjlk_I8II_BH_MT128x64x16_SN_GLVWA8_GRVW16_K1_SU0_SUS0_TT8_4,NO_CHECK,61315.5,7845.26,,1,64,32,1,1,1,1,5704253440,67108864,,,,,,,,,,2026-04-18 15:24:29.
0,87/111,9/19,Contraction_l_Alik_Bjlk_Cijk_Dijk,"(4096,4096,1,14336)",Cijk_Alik_Bjlk_I8II_BH_MT128x64x16_SN_GLVWA4_GRVW4_K1_SU32_SUS256_TT8_4,NO_CHECK,61352.4,7840.54,,1,64,32,1,1,1,1,5704253440,67108864,,,,,,,,,,2026-04-18 15:24:29.
0,87/111,10/19,Contraction_l_Alik_Bjlk_Cijk_Dijk,"(4096,4096,1,14336)",Cijk_Alik_Bjlk_I8II_BH_MT128x64x16_SN_GLVWA8_GRVW8_K1_SU32_SUS256_TT8_4,NO_CHECK,61553.6,7814.92,,1,64,32,1,1,1,1,5704253440,67108864,,,,,,,,,,2026-04-18 15:24:29.
0,87/111,11/19,Contraction_l_Alik_Bjlk_Cijk_Dijk,"(4096,4096,1,14336)",Cijk_Alik_Bjlk_I8II_BH_MT128x64x16_SN_GLVWA8_GRVW16_K1_SU32_SUS256_TT8_4,NO_CHECK,61485.8,7823.53,,1,64,32,1,1,1,1,5704253440,67108864,,,,,,,,,,2026-04-18 15:24:29.
0,87/111,12/19,Contraction_l_Alik_Bjlk_Cijk_Dijk,"(4096,4096,1,14336)",Cijk_Alik_Bjlk_I8II_BH_MT64x128x16_SN_GLVWA4_GRVW4_K1_SU0_SUS0_TT4_8,NO_CHECK,60928.7,7895.06,,1,64,32,1,1,1,1,5704253440,67108864,,,,,,,,,,2026-04-18 15:24:29.
0,87/111,13/19,Contraction_l_Alik_Bjlk_Cijk_Dijk,"(4096,4096,1,14336)",Cijk_Alik_Bjlk_I8II_BH_MT64x128x16_SN_GLVWA4_GRVW4_K1_SU32_SUS256_TT4_8,NO_CHECK,60937.1,7893.98,,1,64,32,1,1,1,1,5704253440,67108864,,,,,,,,,,2026-04-18 15:24:29.
0,87/111,14/19,Contraction_l_Alik_Bjlk_Cijk_Dijk,"(4096,4096,1,14336)",Cijk_Alik_Bjlk_I8II_BH_MT64x64x32_SN_GLVWA4_GRVW4_K1_SU0_SUS0_TT4_4,NO_CHECK,76981.6,6248.72,,1,128,32,1,1,1,1,7583301632,67108864,,,,,,,,,,2026-04-18 15:24:29.
0,87/111,15/19,Contraction_l_Alik_Bjlk_Cijk_Dijk,"(4096,4096,1,14336)",Cijk_Alik_Bjlk_I8II_BH_MT64x64x32_SN_GLVWA4_GRVW4_K1_SU32_SUS256_TT4_4,NO_CHECK,76811.4,6262.57,,1,128,32,1,1,1,1,7583301632,67108864,,,,,,,,,,2026-04-18 15:24:29.
0,87/111,16/19,Contraction_l_Alik_Bjlk_Cijk_Dijk,"(4096,4096,1,14336)",Cijk_Alik_Bjlk_I8II_BH_MT128x64x32_SN_GLVWA4_GRVW4_K1_SU0_SUS0_TT8_4,NO_CHECK,62048.8,7752.55,,1,64,32,1,1,1,1,5704253440,67108864,,,,,,,,,,2026-04-18 15:24:29.
0,87/111,17/19,Contraction_l_Alik_Bjlk_Cijk_Dijk,"(4096,4096,1,14336)",Cijk_Alik_Bjlk_I8II_BH_MT128x64x32_SN_GLVWA4_GRVW4_K1_SU32_SUS256_TT8_4,NO_CHECK,61966.2,7762.88,,1,64,32,1,1,1,1,5704253440,67108864,,,,,,,,,,2026-04-18 15:24:29.
0,87/111,18/19,Contraction_l_Alik_Bjlk_Cijk_Dijk,"(4096,4096,1,14336)",Cijk_Alik_Bjlk_I8II_BH_MT64x128x32_SN_GLVWA4_GRVW4_K1_SU0_SUS0_TT4_8,NO_CHECK,60738.1,7919.85,,1,64,32,1,1,1,1,5704253440,67108864,,,,,,,,,,2026-04-18 15:24:29.
0,87/111,19/19,Contraction_l_Alik_Bjlk_Cijk_Dijk,"(4096,4096,1,14336)",Cijk_Alik_Bjlk_I8II_BH_MT64x128x32_SN_GLVWA4_GRVW4_K1_SU32_SUS256_TT4_8,NO_CHECK,60789.9,7913.1,,1,64,32,1,1,1,1,5704253440,67108864,,,,,,,,,,2026-04-18 15:24:29.
0,88/111,0/19,Contraction_l_Alik_Bjlk_Cijk_Dijk,"(4096,8192,1,1024)",Cijk_Alik_Bjlk_I8II_BH_MT64x64x16_SN_GLVWA4_GRVW4_K1_SU0_SUS0_TT4_4,NO_CHECK,11101.2,6190.27,,1,256,32,1,1,1,1,1207959552,134217728,,,,,,,,,,2026-04-18 15:24:29.
0,88/111,1/19,Contraction_l_Alik_Bjlk_Cijk_Dijk,"(4096,8192,1,1024)",Cijk_Alik_Bjlk_I8II_BH_MT64x64x16_SN_GLVWA4_GRVW8_K1_SU0_SUS0_TT4_4,NO_CHECK,11083.7,6200.04,,1,256,32,1,1,1,1,1207959552,134217728,,,,,,,,,,2026-04-18 15:24:29.
0,88/111,2/19,Contraction_l_Alik_Bjlk_Cijk_Dijk,"(4096,8192,1,1024)",Cijk_Alik_Bjlk_I8II_BH_MT64x64x16_SN_GLVWA4_GRVW16_K1_SU0_SUS0_TT4_4,NO_CHECK,11075.2,6204.78,,1,256,32,1,1,1,1,1207959552,134217728,,,,,,,,,,2026-04-18 15:24:29.
0,88/111,3/19,Contraction_l_Alik_Bjlk_Cijk_Dijk,"(4096,8192,1,1024)",Cijk_Alik_Bjlk_I8II_BH_MT64x64x16_SN_GLVWA4_GRVW4_K1_SU32_SUS256_TT4_4,NO_CHECK,11238.8,6114.46,,1,256,32,1,1,1,1,1207959552,134217728,,,,,,,,,,2026-04-18 15:24:29.
0,88/111,4/19,Contraction_l_Alik_Bjlk_Cijk_Dijk,"(4096,8192,1,1024)",Cijk_Alik_Bjlk_I8II_BH_MT64x64x16_SN_GLVWA4_GRVW8_K1_SU32_SUS256_TT4_4,NO_CHECK,11130.3,6174.1,,1,256,32,1,1,1,1,1207959552,134217728,,,,,,,,,,2026-04-18 15:24:29.
0,88/111,5/19,Contraction_l_Alik_Bjlk_Cijk_Dijk,"(4096,8192,1,1024)",Cijk_Alik_Bjlk_I8II_BH_MT64x64x16_SN_GLVWA4_GRVW16_K1_SU32_SUS256_TT4_4,NO_CHECK,11099.7,6191.12,,1,256,32,1,1,1,1,1207959552,134217728,,,,,,,,,,2026-04-18 15:24:30.
0,88/111,6/19,Contraction_l_Alik_Bjlk_Cijk_Dijk,"(4096,8192,1,1024)",Cijk_Alik_Bjlk_I8II_BH_MT128x64x16_SN_GLVWA4_GRVW4_K1_SU0_SUS0_TT8_4,NO_CHECK,8963.21,7666.84,,1,128,32,1,1,1,1,939524096,134217728,,,,,,,,,,2026-04-18 15:24:30.
0,88/111,7/19,Contraction_l_Alik_Bjlk_Cijk_Dijk,"(4096,8192,1,1024)",Cijk_Alik_Bjlk_I8II_BH_MT128x64x16_SN_GLVWA8_GRVW8_K1_SU0_SUS0_TT8_4,NO_CHECK,8750.45,7853.25,,1,128,32,1,1,1,1,939524096,134217728,,,,,,,,,,2026-04-18 15:24:30.
0,88/111,8/19,Contraction_l_Alik_Bjlk_Cijk_Dijk,"(4096,8192,1,1024)",Cijk_Alik_Bjlk_I8II_BH_MT128x64x16_SN_GLVWA8_GRVW16_K1_SU0_SUS0_TT8_4,NO_CHECK,8848.73,7766.03,,1,128,32,1,1,1,1,939524096,134217728,,,,,,,,,,2026-04-18 15:24:30.
0,88/111,9/19,Contraction_l_Alik_Bjlk_Cijk_Dijk,"(4096,8192,1,1024)",Cijk_Alik_Bjlk_I8II_BH_MT128x64x16_SN_GLVWA4_GRVW4_K1_SU32_SUS256_TT8_4,NO_CHECK,8902.93,7718.75,,1,128,32,1,1,1,1,939524096,134217728,,,,,,,,,,2026-04-18 15:24:30.
0,88/111,10/19,Contraction_l_Alik_Bjlk_Cijk_Dijk,"(4096,8192,1,1024)",Cijk_Alik_Bjlk_I8II_BH_MT128x64x16_SN_GLVWA8_GRVW8_K1_SU32_SUS256_TT8_4,NO_CHECK,8767.01,7838.42,,1,128,32,1,1,1,1,939524096,134217728,,,,,,,,,,2026-04-18 15:24:30.
0,88/111,11/19,Contraction_l_Alik_Bjlk_Cijk_Dijk,"(4096,8192,1,1024)",Cijk_Alik_Bjlk_I8II_BH_MT128x64x16_SN_GLVWA8_GRVW16_K1_SU32_SUS256_TT8_4,NO_CHECK,8827.09,7785.07,,1,128,32,1,1,1,1,939524096,134217728,,,,,,,,,,2026-04-18 15:24:30.
0,88/111,12/19,Contraction_l_Alik_Bjlk_Cijk_Dijk,"(4096,8192,1,1024)",Cijk_Alik_Bjlk_I8II_BH_MT64x128x16_SN_GLVWA4_GRVW4_K1_SU0_SUS0_TT4_8,NO_CHECK,8705.77,7893.56,,1,128,32,1,1,1,1,939524096,134217728,,,,,,,,,,2026-04-18 15:24:30.
0,88/111,13/19,Contraction_l_Alik_Bjlk_Cijk_Dijk,"(4096,8192,1,1024)",Cijk_Alik_Bjlk_I8II_BH_MT64x128x16_SN_GLVWA4_GRVW4_K1_SU32_SUS256_TT4_8,NO_CHECK,8884.89,7734.42,,1,128,32,1,1,1,1,939524096,134217728,,,,,,,,,,2026-04-18 15:24:30.
0,88/111,14/19,Contraction_l_Alik_Bjlk_Cijk_Dijk,"(4096,8192,1,1024)",Cijk_Alik_Bjlk_I8II_BH_MT64x64x32_SN_GLVWA4_GRVW4_K1_SU0_SUS0_TT4_4,NO_CHECK,11101.9,6189.89,,1,256,32,1,1,1,1,1207959552,134217728,,,,,,,,,,2026-04-18 15:24:30.
0,88/111,15/19,Contraction_l_Alik_Bjlk_Cijk_Dijk,"(4096,8192,1,1024)",Cijk_Alik_Bjlk_I8II_BH_MT64x64x32_SN_GLVWA4_GRVW4_K1_SU32_SUS256_TT4_4,NO_CHECK,11113.1,6183.66,,1,256,32,1,1,1,1,1207959552,134217728,,,,,,,,,,2026-04-18 15:24:30.
0,88/111,16/19,Contraction_l_Alik_Bjlk_Cijk_Dijk,"(4096,8192,1,1024)",Cijk_Alik_Bjlk_I8II_BH_MT128x64x32_SN_GLVWA4_GRVW4_K1_SU0_SUS0_TT8_4,NO_CHECK,8836.17,7777.07,,1,128,32,1,1,1,1,939524096,134217728,,,,,,,,,,2026-04-18 15:24:30.
0,88/111,17/19,Contraction_l_Alik_Bjlk_Cijk_Dijk,"(4096,8192,1,1024)",Cijk_Alik_Bjlk_I8II_BH_MT128x64x32_SN_GLVWA4_GRVW4_K1_SU32_SUS256_TT8_4,NO_CHECK,8936.89,7689.42,,1,128,32,1,1,1,1,939524096,134217728,,,,,,,,,,2026-04-18 15:24:30.
0,88/111,18/19,Contraction_l_Alik_Bjlk_Cijk_Dijk,"(4096,8192,1,1024)",Cijk_Alik_Bjlk_I8II_BH_MT64x128x32_SN_GLVWA4_GRVW4_K1_SU0_SUS0_TT4_8,NO_CHECK,8898.53,7722.56,,1,128,32,1,1,1,1,939524096,134217728,,,,,,,,,,2026-04-18 15:24:30.
0,88/111,19/19,Contraction_l_Alik_Bjlk_Cijk_Dijk,"(4096,8192,1,1024)",Cijk_Alik_Bjlk_I8II_BH_MT64x128x32_SN_GLVWA4_GRVW4_K1_SU32_SUS256_TT4_8,NO_CHECK,8744.97,7858.17,,1,128,32,1,1,1,1,939524096,134217728,,,,,,,,,,2026-04-18 15:24:30.
0,89/111,0/19,Contraction_l_Alik_Bjlk_Cijk_Dijk,"(4096,8192,1,4096)",Cijk_Alik_Bjlk_I8II_BH_MT64x64x16_SN_GLVWA4_GRVW4_K1_SU0_SUS0_TT4_4,NO_CHECK,43882.4,6263.97,,1,256,32,1,1,1,1,4429185024,134217728,,,,,,,,,,2026-04-18 15:24:30.
0,89/111,1/19,Contraction_l_Alik_Bjlk_Cijk_Dijk,"(4096,8192,1,4096)",Cijk_Alik_Bjlk_I8II_BH_MT64x64x16_SN_GLVWA4_GRVW8_K1_SU0_SUS0_TT4_4,NO_CHECK,43869.6,6265.79,,1,256,32,1,1,1,1,4429185024,134217728,,,,,,,,,,2026-04-18 15:24:30.
0,89/111,2/19,Contraction_l_Alik_Bjlk_Cijk_Dijk,"(4096,8192,1,4096)",Cijk_Alik_Bjlk_I8II_BH_MT64x64x16_SN_GLVWA4_GRVW16_K1_SU0_SUS0_TT4_4,NO_CHECK,43863.6,6266.65,,1,256,32,1,1,1,1,4429185024,134217728,,,,,,,,,,2026-04-18 15:24:30.
0,89/111,3/19,Contraction_l_Alik_Bjlk_Cijk_Dijk,"(4096,8192,1,4096)",Cijk_Alik_Bjlk_I8II_BH_MT64x64x16_SN_GLVWA4_GRVW4_K1_SU32_SUS256_TT4_4,NO_CHECK,43836.9,6270.47,,1,256,32,1,1,1,1,4429185024,134217728,,,,,,,,,,2026-04-18 15:24:30.
0,89/111,4/19,Contraction_l_Alik_Bjlk_Cijk_Dijk,"(4096,8192,1,4096)",Cijk_Alik_Bjlk_I8II_BH_MT64x64x16_SN_GLVWA4_GRVW8_K1_SU32_SUS256_TT4_4,NO_CHECK,43823.6,6272.38,,1,256,32,1,1,1,1,4429185024,134217728,,,,,,,,,,2026-04-18 15:24:30.
0,89/111,5/19,Contraction_l_Alik_Bjlk_Cijk_Dijk,"(4096,8192,1,4096)",Cijk_Alik_Bjlk_I8II_BH_MT64x64x16_SN_GLVWA4_GRVW16_K1_SU32_SUS256_TT4_4,NO_CHECK,43832.2,6271.15,,1,256,32,1,1,1,1,4429185024,134217728,,,,,,,,,,2026-04-18 15:24:30.
0,89/111,6/19,Contraction_l_Alik_Bjlk_Cijk_Dijk,"(4096,8192,1,4096)",Cijk_Alik_Bjlk_I8II_BH_MT128x64x16_SN_GLVWA4_GRVW4_K1_SU0_SUS0_TT8_4,NO_CHECK,35207.7,7807.32,,1,128,32,1,1,1,1,3355443200,134217728,,,,,,,,,,2026-04-18 15:24:30.
0,89/111,7/19,Contraction_l_Alik_Bjlk_Cijk_Dijk,"(4096,8192,1,4096)",Cijk_Alik_Bjlk_I8II_BH_MT128x64x16_SN_GLVWA8_GRVW8_K1_SU0_SUS0_TT8_4,NO_CHECK,34887.9,7878.89,,1,128,32,1,1,1,1,3355443200,134217728,,,,,,,,,,2026-04-18 15:24:30.
0,89/111,8/19,Contraction_l_Alik_Bjlk_Cijk_Dijk,"(4096,8192,1,4096)",Cijk_Alik_Bjlk_I8II_BH_MT128x64x16_SN_GLVWA8_GRVW16_K1_SU0_SUS0_TT8_4,NO_CHECK,35169.8,7815.73,,1,128,32,1,1,1,1,3355443200,134217728,,,,,,,,,,2026-04-18 15:24:30.
0,89/111,9/19,Contraction_l_Alik_Bjlk_Cijk_Dijk,"(4096,8192,1,4096)",Cijk_Alik_Bjlk_I8II_BH_MT128x64x16_SN_GLVWA4_GRVW4_K1_SU32_SUS256_TT8_4,NO_CHECK,35317,7783.17,,1,128,32,1,1,1,1,3355443200,134217728,,,,,,,,,,2026-04-18 15:24:30.
0,89/111,10/19,Contraction_l_Alik_Bjlk_Cijk_Dijk,"(4096,8192,1,4096)",Cijk_Alik_Bjlk_I8II_BH_MT128x64x16_SN_GLVWA8_GRVW8_K1_SU32_SUS256_TT8_4,NO_CHECK,34895.4,7877.19,,1,128,32,1,1,1,1,3355443200,134217728,,,,,,,,,,2026-04-18 15:24:30.
0,89/111,11/19,Contraction_l_Alik_Bjlk_Cijk_Dijk,"(4096,8192,1,4096)",Cijk_Alik_Bjlk_I8II_BH_MT128x64x16_SN_GLVWA8_GRVW16_K1_SU32_SUS256_TT8_4,NO_CHECK,35176,7814.36,,1,128,32,1,1,1,1,3355443200,134217728,,,,,,,,,,2026-04-18 15:24:30.
0,89/111,12/19,Contraction_l_Alik_Bjlk_Cijk_Dijk,"(4096,8192,1,4096)",Cijk_Alik_Bjlk_I8II_BH_MT64x128x16_SN_GLVWA4_GRVW4_K1_SU0_SUS0_TT4_8,NO_CHECK,34766.4,7906.43,,1,128,32,1,1,1,1,3355443200,134217728,,,,,,,,,,2026-04-18 15:24:30.
0,89/111,13/19,Contraction_l_Alik_Bjlk_Cijk_Dijk,"(4096,8192,1,4096)",Cijk_Alik_Bjlk_I8II_BH_MT64x128x16_SN_GLVWA4_GRVW4_K1_SU32_SUS256_TT4_8,NO_CHECK,34716.5,7917.79,,1,128,32,1,1,1,1,3355443200,134217728,,,,,,,,,,2026-04-18 15:24:30.
0,89/111,14/19,Contraction_l_Alik_Bjlk_Cijk_Dijk,"(4096,8192,1,4096)",Cijk_Alik_Bjlk_I8II_BH_MT64x64x32_SN_GLVWA4_GRVW4_K1_SU0_SUS0_TT4_4,NO_CHECK,43871,6265.59,,1,256,32,1,1,1,1,4429185024,134217728,,,,,,,,,,2026-04-18 15:24:30.
0,89/111,15/19,Contraction_l_Alik_Bjlk_Cijk_Dijk,"(4096,8192,1,4096)",Cijk_Alik_Bjlk_I8II_BH_MT64x64x32_SN_GLVWA4_GRVW4_K1_SU32_SUS256_TT4_4,NO_CHECK,43860.1,6267.15,,1,256,32,1,1,1,1,4429185024,134217728,,,,,,,,,,2026-04-18 15:24:30.
0,89/111,16/19,Contraction_l_Alik_Bjlk_Cijk_Dijk,"(4096,8192,1,4096)",Cijk_Alik_Bjlk_I8II_BH_MT128x64x32_SN_GLVWA4_GRVW4_K1_SU0_SUS0_TT8_4,NO_CHECK,35151.9,7819.72,,1,128,32,1,1,1,1,3355443200,134217728,,,,,,,,,,2026-04-18 15:24:30.
0,89/111,17/19,Contraction_l_Alik_Bjlk_Cijk_Dijk,"(4096,8192,1,4096)",Cijk_Alik_Bjlk_I8II_BH_MT128x64x32_SN_GLVWA4_GRVW4_K1_SU32_SUS256_TT8_4,NO_CHECK,35202.8,7808.42,,1,128,32,1,1,1,1,3355443200,134217728,,,,,,,,,,2026-04-18 15:24:30.
0,89/111,18/19,Contraction_l_Alik_Bjlk_Cijk_Dijk,"(4096,8192,1,4096)",Cijk_Alik_Bjlk_I8II_BH_MT64x128x32_SN_GLVWA4_GRVW4_K1_SU0_SUS0_TT4_8,NO_CHECK,34725.2,7915.81,,1,128,32,1,1,1,1,3355443200,134217728,,,,,,,,,,2026-04-18 15:24:30.
0,89/111,19/19,Contraction_l_Alik_Bjlk_Cijk_Dijk,"(4096,8192,1,4096)",Cijk_Alik_Bjlk_I8II_BH_MT64x128x32_SN_GLVWA4_GRVW4_K1_SU32_SUS256_TT4_8,NO_CHECK,34949.2,7865.07,,1,128,32,1,1,1,1,3355443200,134217728,,,,,,,,,,2026-04-18 15:24:30.
0,90/111,0/19,Contraction_l_Alik_Bjlk_Cijk_Dijk,"(4096,8192,1,8192)",Cijk_Alik_Bjlk_I8II_BH_MT64x64x16_SN_GLVWA4_GRVW4_K1_SU0_SUS0_TT4_4,NO_CHECK,88276.9,6227.63,,1,256,32,1,1,1,1,8724152320,134217728,,,,,,,,,,2026-04-18 15:24:30.
0,90/111,1/19,Contraction_l_Alik_Bjlk_Cijk_Dijk,"(4096,8192,1,8192)",Cijk_Alik_Bjlk_I8II_BH_MT64x64x16_SN_GLVWA4_GRVW8_K1_SU0_SUS0_TT4_4,NO_CHECK,88000.8,6247.17,,1,256,32,1,1,1,1,8724152320,134217728,,,,,,,,,,2026-04-18 15:24:31.
0,90/111,2/19,Contraction_l_Alik_Bjlk_Cijk_Dijk,"(4096,8192,1,8192)",Cijk_Alik_Bjlk_I8II_BH_MT64x64x16_SN_GLVWA4_GRVW16_K1_SU0_SUS0_TT4_4,NO_CHECK,87938.8,6251.57,,1,256,32,1,1,1,1,8724152320,134217728,,,,,,,,,,2026-04-18 15:24:31.
0,90/111,3/19,Contraction_l_Alik_Bjlk_Cijk_Dijk,"(4096,8192,1,8192)",Cijk_Alik_Bjlk_I8II_BH_MT64x64x16_SN_GLVWA4_GRVW4_K1_SU32_SUS256_TT4_4,NO_CHECK,89158.6,6166.04,,1,256,32,1,1,1,1,8724152320,134217728,,,,,,,,,,2026-04-18 15:24:31.
0,90/111,4/19,Contraction_l_Alik_Bjlk_Cijk_Dijk,"(4096,8192,1,8192)",Cijk_Alik_Bjlk_I8II_BH_MT64x64x16_SN_GLVWA4_GRVW8_K1_SU32_SUS256_TT4_4,NO_CHECK,88354.3,6222.17,,1,256,32,1,1,1,1,8724152320,134217728,,,,,,,,,,2026-04-18 15:24:31.
0,90/111,5/19,Contraction_l_Alik_Bjlk_Cijk_Dijk,"(4096,8192,1,8192)",Cijk_Alik_Bjlk_I8II_BH_MT64x64x16_SN_GLVWA4_GRVW16_K1_SU32_SUS256_TT4_4,NO_CHECK,88317,6224.8,,1,256,32,1,1,1,1,8724152320,134217728,,,,,,,,,,2026-04-18 15:24:31.
0,90/111,6/19,Contraction_l_Alik_Bjlk_Cijk_Dijk,"(4096,8192,1,8192)",Cijk_Alik_Bjlk_I8II_BH_MT128x64x16_SN_GLVWA4_GRVW4_K1_SU0_SUS0_TT8_4,NO_CHECK,71232,7717.82,,1,128,32,1,1,1,1,6576668672,134217728,,,,,,,,,,2026-04-18 15:24:31.
0,90/111,7/19,Contraction_l_Alik_Bjlk_Cijk_Dijk,"(4096,8192,1,8192)",Cijk_Alik_Bjlk_I8II_BH_MT128x64x16_SN_GLVWA8_GRVW8_K1_SU0_SUS0_TT8_4,NO_CHECK,71343.4,7705.77,,1,128,32,1,1,1,1,6576668672,134217728,,,,,,,,,,2026-04-18 15:24:31.
0,90/111,8/19,Contraction_l_Alik_Bjlk_Cijk_Dijk,"(4096,8192,1,8192)",Cijk_Alik_Bjlk_I8II_BH_MT128x64x16_SN_GLVWA8_GRVW16_K1_SU0_SUS0_TT8_4,NO_CHECK,70953.9,7748.07,,1,128,32,1,1,1,1,6576668672,134217728,,,,,,,,,,2026-04-18 15:24:31.
0,90/111,9/19,Contraction_l_Alik_Bjlk_Cijk_Dijk,"(4096,8192,1,8192)",Cijk_Alik_Bjlk_I8II_BH_MT128x64x16_SN_GLVWA4_GRVW4_K1_SU32_SUS256_TT8_4,NO_CHECK,71132.6,7728.6,,1,128,32,1,1,1,1,6576668672,134217728,,,,,,,,,,2026-04-18 15:24:31.
0,90/111,10/19,Contraction_l_Alik_Bjlk_Cijk_Dijk,"(4096,8192,1,8192)",Cijk_Alik_Bjlk_I8II_BH_MT128x64x16_SN_GLVWA8_GRVW8_K1_SU32_SUS256_TT8_4,NO_CHECK,70261.2,7824.45,,1,128,32,1,1,1,1,6576668672,134217728,,,,,,,,,,2026-04-18 15:24:31.
0,90/111,11/19,Contraction_l_Alik_Bjlk_Cijk_Dijk,"(4096,8192,1,8192)",Cijk_Alik_Bjlk_I8II_BH_MT128x64x16_SN_GLVWA8_GRVW16_K1_SU32_SUS256_TT8_4,NO_CHECK,70001.1,7853.53,,1,128,32,1,1,1,1,6576668672,134217728,,,,,,,,,,2026-04-18 15:24:31.
0,90/111,12/19,Contraction_l_Alik_Bjlk_Cijk_Dijk,"(4096,8192,1,8192)",Cijk_Alik_Bjlk_I8II_BH_MT64x128x16_SN_GLVWA4_GRVW4_K1_SU0_SUS0_TT4_8,NO_CHECK,69919,7862.75,,1,128,32,1,1,1,1,6576668672,134217728,,,,,,,,,,2026-04-18 15:24:31.
0,90/111,13/19,Contraction_l_Alik_Bjlk_Cijk_Dijk,"(4096,8192,1,8192)",Cijk_Alik_Bjlk_I8II_BH_MT64x128x16_SN_GLVWA4_GRVW4_K1_SU32_SUS256_TT4_8,NO_CHECK,70604.2,7786.45,,1,128,32,1,1,1,1,6576668672,134217728,,,,,,,,,,2026-04-18 15:24:31.
0,90/111,14/19,Contraction_l_Alik_Bjlk_Cijk_Dijk,"(4096,8192,1,8192)",Cijk_Alik_Bjlk_I8II_BH_MT64x64x32_SN_GLVWA4_GRVW4_K1_SU0_SUS0_TT4_4,NO_CHECK,88942.4,6181.03,,1,256,32,1,1,1,1,8724152320,134217728,,,,,,,,,,2026-04-18 15:24:32.
0,90/111,15/19,Contraction_l_Alik_Bjlk_Cijk_Dijk,"(4096,8192,1,8192)",Cijk_Alik_Bjlk_I8II_BH_MT64x64x32_SN_GLVWA4_GRVW4_K1_SU32_SUS256_TT4_4,NO_CHECK,88356.5,6222.02,,1,256,32,1,1,1,1,8724152320,134217728,,,,,,,,,,2026-04-18 15:24:32.
0,90/111,16/19,Contraction_l_Alik_Bjlk_Cijk_Dijk,"(4096,8192,1,8192)",Cijk_Alik_Bjlk_I8II_BH_MT128x64x32_SN_GLVWA4_GRVW4_K1_SU0_SUS0_TT8_4,NO_CHECK,70832.2,7761.38,,1,128,32,1,1,1,1,6576668672,134217728,,,,,,,,,,2026-04-18 15:24:32.
0,90/111,17/19,Contraction_l_Alik_Bjlk_Cijk_Dijk,"(4096,8192,1,8192)",Cijk_Alik_Bjlk_I8II_BH_MT128x64x32_SN_GLVWA4_GRVW4_K1_SU32_SUS256_TT8_4,NO_CHECK,70577.3,7789.41,,1,128,32,1,1,1,1,6576668672,134217728,,,,,,,,,,2026-04-18 15:24:32.
0,90/111,18/19,Contraction_l_Alik_Bjlk_Cijk_Dijk,"(4096,8192,1,8192)",Cijk_Alik_Bjlk_I8II_BH_MT64x128x32_SN_GLVWA4_GRVW4_K1_SU0_SUS0_TT4_8,NO_CHECK,70669,7779.31,,1,128,32,1,1,1,1,6576668672,134217728,,,,,,,,,,2026-04-18 15:24:32.
0,90/111,19/19,Contraction_l_Alik_Bjlk_Cijk_Dijk,"(4096,8192,1,8192)",Cijk_Alik_Bjlk_I8II_BH_MT64x128x32_SN_GLVWA4_GRVW4_K1_SU32_SUS256_TT4_8,NO_CHECK,69865.6,7868.76,,1,128,32,1,1,1,1,6576668672,134217728,,,,,,,,,,2026-04-18 15:24:32.
0,91/111,0/19,Contraction_l_Alik_Bjlk_Cijk_Dijk,"(4096,8192,1,14336)",Cijk_Alik_Bjlk_I8II_BH_MT64x64x16_SN_GLVWA4_GRVW4_K1_SU0_SUS0_TT4_4,NO_CHECK,153402,6271.6,,1,256,32,1,1,1,1,15166603264,134217728,,,,,,,,,,2026-04-18 15:24:32.
0,91/111,1/19,Contraction_l_Alik_Bjlk_Cijk_Dijk,"(4096,8192,1,14336)",Cijk_Alik_Bjlk_I8II_BH_MT64x64x16_SN_GLVWA4_GRVW8_K1_SU0_SUS0_TT4_4,NO_CHECK,153673,6260.51,,1,256,32,1,1,1,1,15166603264,134217728,,,,,,,,,,2026-04-18 15:24:32.
0,91/111,2/19,Contraction_l_Alik_Bjlk_Cijk_Dijk,"(4096,8192,1,14336)",Cijk_Alik_Bjlk_I8II_BH_MT64x64x16_SN_GLVWA4_GRVW16_K1_SU0_SUS0_TT4_4,NO_CHECK,154190,6239.53,,1,256,32,1,1,1,1,15166603264,134217728,,,,,,,,,,2026-04-18 15:24:32.
0,91/111,3/19,Contraction_l_Alik_Bjlk_Cijk_Dijk,"(4096,8192,1,14336)",Cijk_Alik_Bjlk_I8II_BH_MT64x64x16_SN_GLVWA4_GRVW4_K1_SU32_SUS256_TT4_4,NO_CHECK,154518,6226.29,,1,256,32,1,1,1,1,15166603264,134217728,,,,,,,,,,2026-04-18 15:24:32.
0,91/111,4/19,Contraction_l_Alik_Bjlk_Cijk_Dijk,"(4096,8192,1,14336)",Cijk_Alik_Bjlk_I8II_BH_MT64x64x16_SN_GLVWA4_GRVW8_K1_SU32_SUS256_TT4_4,NO_CHECK,153783,6256.03,,1,256,32,1,1,1,1,15166603264,134217728,,,,,,,,,,2026-04-18 15:24:33.
0,91/111,5/19,Contraction_l_Alik_Bjlk_Cijk_Dijk,"(4096,8192,1,14336)",Cijk_Alik_Bjlk_I8II_BH_MT64x64x16_SN_GLVWA4_GRVW16_K1_SU32_SUS256_TT4_4,NO_CHECK,154334,6233.72,,1,256,32,1,1,1,1,15166603264,134217728,,,,,,,,,,2026-04-18 15:24:33.
0,91/111,6/19,Contraction_l_Alik_Bjlk_Cijk_Dijk,"(4096,8192,1,14336)",Cijk_Alik_Bjlk_I8II_BH_MT128x64x16_SN_GLVWA4_GRVW4_K1_SU0_SUS0_TT8_4,NO_CHECK,122836,7832.19,,1,128,32,1,1,1,1,11408506880,134217728,,,,,,,,,,2026-04-18 15:24:33.
0,91/111,7/19,Contraction_l_Alik_Bjlk_Cijk_Dijk,"(4096,8192,1,14336)",Cijk_Alik_Bjlk_I8II_BH_MT128x64x16_SN_GLVWA8_GRVW8_K1_SU0_SUS0_TT8_4,NO_CHECK,122664,7843.16,,1,128,32,1,1,1,1,11408506880,134217728,,,,,,,,,,2026-04-18 15:24:33.
0,91/111,8/19,Contraction_l_Alik_Bjlk_Cijk_Dijk,"(4096,8192,1,14336)",Cijk_Alik_Bjlk_I8II_BH_MT128x64x16_SN_GLVWA8_GRVW16_K1_SU0_SUS0_TT8_4,NO_CHECK,122149,7876.19,,1,128,32,1,1,1,1,11408506880,134217728,,,,,,,,,,2026-04-18 15:24:33.
0,91/111,9/19,Contraction_l_Alik_Bjlk_Cijk_Dijk,"(4096,8192,1,14336)",Cijk_Alik_Bjlk_I8II_BH_MT128x64x16_SN_GLVWA4_GRVW4_K1_SU32_SUS256_TT8_4,NO_CHECK,122223,7871.45,,1,128,32,1,1,1,1,11408506880,134217728,,,,,,,,,,2026-04-18 15:24:33.
0,91/111,10/19,Contraction_l_Alik_Bjlk_Cijk_Dijk,"(4096,8192,1,14336)",Cijk_Alik_Bjlk_I8II_BH_MT128x64x16_SN_GLVWA8_GRVW8_K1_SU32_SUS256_TT8_4,NO_CHECK,123012,7820.93,,1,128,32,1,1,1,1,11408506880,134217728,,,,,,,,,,2026-04-18 15:24:33.
0,91/111,11/19,Contraction_l_Alik_Bjlk_Cijk_Dijk,"(4096,8192,1,14336)",Cijk_Alik_Bjlk_I8II_BH_MT128x64x16_SN_GLVWA8_GRVW16_K1_SU32_SUS256_TT8_4,NO_CHECK,123066,7817.51,,1,128,32,1,1,1,1,11408506880,134217728,,,,,,,,,,2026-04-18 15:24:34.
0,91/111,12/19,Contraction_l_Alik_Bjlk_Cijk_Dijk,"(4096,8192,1,14336)",Cijk_Alik_Bjlk_I8II_BH_MT64x128x16_SN_GLVWA4_GRVW4_K1_SU0_SUS0_TT4_8,NO_CHECK,121607,7911.3,,1,128,32,1,1,1,1,11408506880,134217728,,,,,,,,,,2026-04-18 15:24:34.
0,91/111,13/19,Contraction_l_Alik_Bjlk_Cijk_Dijk,"(4096,8192,1,14336)",Cijk_Alik_Bjlk_I8II_BH_MT64x128x16_SN_GLVWA4_GRVW4_K1_SU32_SUS256_TT4_8,NO_CHECK,122462,7856.08,,1,128,32,1,1,1,1,11408506880,134217728,,,,,,,,,,2026-04-18 15:24:34.
0,91/111,14/19,Contraction_l_Alik_Bjlk_Cijk_Dijk,"(4096,8192,1,14336)",Cijk_Alik_Bjlk_I8II_BH_MT64x64x32_SN_GLVWA4_GRVW4_K1_SU0_SUS0_TT4_4,NO_CHECK,154881,6211.68,,1,256,32,1,1,1,1,15166603264,134217728,,,,,,,,,,2026-04-18 15:24:34.
0,91/111,15/19,Contraction_l_Alik_Bjlk_Cijk_Dijk,"(4096,8192,1,14336)",Cijk_Alik_Bjlk_I8II_BH_MT64x64x32_SN_GLVWA4_GRVW4_K1_SU32_SUS256_TT4_4,NO_CHECK,154316,6234.45,,1,256,32,1,1,1,1,15166603264,134217728,,,,,,,,,,2026-04-18 15:24:34.
0,91/111,16/19,Contraction_l_Alik_Bjlk_Cijk_Dijk,"(4096,8192,1,14336)",Cijk_Alik_Bjlk_I8II_BH_MT128x64x32_SN_GLVWA4_GRVW4_K1_SU0_SUS0_TT8_4,NO_CHECK,122035,7883.55,,1,128,32,1,1,1,1,11408506880,134217728,,,,,,,,,,2026-04-18 15:24:34.
0,91/111,17/19,Contraction_l_Alik_Bjlk_Cijk_Dijk,"(4096,8192,1,14336)",Cijk_Alik_Bjlk_I8II_BH_MT128x64x32_SN_GLVWA4_GRVW4_K1_SU32_SUS256_TT8_4,NO_CHECK,124096,7752.64,,1,128,32,1,1,1,1,11408506880,134217728,,,,,,,,,,2026-04-18 15:24:34.
0,91/111,18/19,Contraction_l_Alik_Bjlk_Cijk_Dijk,"(4096,8192,1,14336)",Cijk_Alik_Bjlk_I8II_BH_MT64x128x32_SN_GLVWA4_GRVW4_K1_SU0_SUS0_TT4_8,NO_CHECK,122197,7873.14,,1,128,32,1,1,1,1,11408506880,134217728,,,,,,,,,,2026-04-18 15:24:34.
0,91/111,19/19,Contraction_l_Alik_Bjlk_Cijk_Dijk,"(4096,8192,1,14336)",Cijk_Alik_Bjlk_I8II_BH_MT64x128x32_SN_GLVWA4_GRVW4_K1_SU32_SUS256_TT4_8,NO_CHECK,121304,7931.06,,1,128,32,1,1,1,1,11408506880,134217728,,,,,,,,,,2026-04-18 15:24:35.
0,92/111,0/19,Contraction_l_Alik_Bjlk_Cijk_Dijk,"(4096,14336,1,1024)",Cijk_Alik_Bjlk_I8II_BH_MT64x64x16_SN_GLVWA4_GRVW4_K1_SU0_SUS0_TT4_4,NO_CHECK,19325,6222.97,,1,448,32,1,1,1,1,2113929216,234881024,,,,,,,,,,2026-04-18 15:24:35.
0,92/111,1/19,Contraction_l_Alik_Bjlk_Cijk_Dijk,"(4096,14336,1,1024)",Cijk_Alik_Bjlk_I8II_BH_MT64x64x16_SN_GLVWA4_GRVW8_K1_SU0_SUS0_TT4_4,NO_CHECK,19282.1,6236.82,,1,448,32,1,1,1,1,2113929216,234881024,,,,,,,,,,2026-04-18 15:24:35.
0,92/111,2/19,Contraction_l_Alik_Bjlk_Cijk_Dijk,"(4096,14336,1,1024)",Cijk_Alik_Bjlk_I8II_BH_MT64x64x16_SN_GLVWA4_GRVW16_K1_SU0_SUS0_TT4_4,NO_CHECK,19316.9,6225.59,,1,448,32,1,1,1,1,2113929216,234881024,,,,,,,,,,2026-04-18 15:24:35.
0,92/111,3/19,Contraction_l_Alik_Bjlk_Cijk_Dijk,"(4096,14336,1,1024)",Cijk_Alik_Bjlk_I8II_BH_MT64x64x16_SN_GLVWA4_GRVW4_K1_SU32_SUS256_TT4_4,NO_CHECK,19342.9,6217.23,,1,448,32,1,1,1,1,2113929216,234881024,,,,,,,,,,2026-04-18 15:24:35.
0,92/111,4/19,Contraction_l_Alik_Bjlk_Cijk_Dijk,"(4096,14336,1,1024)",Cijk_Alik_Bjlk_I8II_BH_MT64x64x16_SN_GLVWA4_GRVW8_K1_SU32_SUS256_TT4_4,NO_CHECK,19299.6,6231.16,,1,448,32,1,1,1,1,2113929216,234881024,,,,,,,,,,2026-04-18 15:24:35.
0,92/111,5/19,Contraction_l_Alik_Bjlk_Cijk_Dijk,"(4096,14336,1,1024)",Cijk_Alik_Bjlk_I8II_BH_MT64x64x16_SN_GLVWA4_GRVW16_K1_SU32_SUS256_TT4_4,NO_CHECK,19333,6220.4,,1,448,32,1,1,1,1,2113929216,234881024,,,,,,,,,,2026-04-18 15:24:35.
0,92/111,6/19,Contraction_l_Alik_Bjlk_Cijk_Dijk,"(4096,14336,1,1024)",Cijk_Alik_Bjlk_I8II_BH_MT128x64x16_SN_GLVWA4_GRVW4_K1_SU0_SUS0_TT8_4,NO_CHECK,15406.2,7805.87,,1,224,32,1,1,1,1,1644167168,234881024,,,,,,,,,,2026-04-18 15:24:35.
0,92/111,7/19,Contraction_l_Alik_Bjlk_Cijk_Dijk,"(4096,14336,1,1024)",Cijk_Alik_Bjlk_I8II_BH_MT128x64x16_SN_GLVWA8_GRVW8_K1_SU0_SUS0_TT8_4,NO_CHECK,15456,7780.74,,1,224,32,1,1,1,1,1644167168,234881024,,,,,,,,,,2026-04-18 15:24:35.
0,92/111,8/19,Contraction_l_Alik_Bjlk_Cijk_Dijk,"(4096,14336,1,1024)",Cijk_Alik_Bjlk_I8II_BH_MT128x64x16_SN_GLVWA8_GRVW16_K1_SU0_SUS0_TT8_4,NO_CHECK,15444.5,7786.51,,1,224,32,1,1,1,1,1644167168,234881024,,,,,,,,,,2026-04-18 15:24:35.
0,92/111,9/19,Contraction_l_Alik_Bjlk_Cijk_Dijk,"(4096,14336,1,1024)",Cijk_Alik_Bjlk_I8II_BH_MT128x64x16_SN_GLVWA4_GRVW4_K1_SU32_SUS256_TT8_4,NO_CHECK,15466.3,7775.53,,1,224,32,1,1,1,1,1644167168,234881024,,,,,,,,,,2026-04-18 15:24:35.
0,92/111,10/19,Contraction_l_Alik_Bjlk_Cijk_Dijk,"(4096,14336,1,1024)",Cijk_Alik_Bjlk_I8II_BH_MT128x64x16_SN_GLVWA8_GRVW8_K1_SU32_SUS256_TT8_4,NO_CHECK,15440.9,7788.32,,1,224,32,1,1,1,1,1644167168,234881024,,,,,,,,,,2026-04-18 15:24:35.
0,92/111,11/19,Contraction_l_Alik_Bjlk_Cijk_Dijk,"(4096,14336,1,1024)",Cijk_Alik_Bjlk_I8II_BH_MT128x64x16_SN_GLVWA8_GRVW16_K1_SU32_SUS256_TT8_4,NO_CHECK,15436.4,7790.6,,1,224,32,1,1,1,1,1644167168,234881024,,,,,,,,,,2026-04-18 15:24:35.
0,92/111,12/19,Contraction_l_Alik_Bjlk_Cijk_Dijk,"(4096,14336,1,1024)",Cijk_Alik_Bjlk_I8II_BH_MT64x128x16_SN_GLVWA4_GRVW4_K1_SU0_SUS0_TT4_8,NO_CHECK,15413.5,7802.17,,1,224,32,1,1,1,1,1644167168,234881024,,,,,,,,,,2026-04-18 15:24:35.
0,92/111,13/19,Contraction_l_Alik_Bjlk_Cijk_Dijk,"(4096,14336,1,1024)",Cijk_Alik_Bjlk_I8II_BH_MT64x128x16_SN_GLVWA4_GRVW4_K1_SU32_SUS256_TT4_8,NO_CHECK,15339.1,7840.01,,1,224,32,1,1,1,1,1644167168,234881024,,,,,,,,,,2026-04-18 15:24:35.
0,92/111,14/19,Contraction_l_Alik_Bjlk_Cijk_Dijk,"(4096,14336,1,1024)",Cijk_Alik_Bjlk_I8II_BH_MT64x64x32_SN_GLVWA4_GRVW4_K1_SU0_SUS0_TT4_4,NO_CHECK,19426.3,6190.53,,1,448,32,1,1,1,1,2113929216,234881024,,,,,,,,,,2026-04-18 15:24:35.
0,92/111,15/19,Contraction_l_Alik_Bjlk_Cijk_Dijk,"(4096,14336,1,1024)",Cijk_Alik_Bjlk_I8II_BH_MT64x64x32_SN_GLVWA4_GRVW4_K1_SU32_SUS256_TT4_4,NO_CHECK,19337.2,6219.07,,1,448,32,1,1,1,1,2113929216,234881024,,,,,,,,,,2026-04-18 15:24:35.
0,92/111,16/19,Contraction_l_Alik_Bjlk_Cijk_Dijk,"(4096,14336,1,1024)",Cijk_Alik_Bjlk_I8II_BH_MT128x64x32_SN_GLVWA4_GRVW4_K1_SU0_SUS0_TT8_4,NO_CHECK,15449.4,7784.05,,1,224,32,1,1,1,1,1644167168,234881024,,,,,,,,,,2026-04-18 15:24:35.
0,92/111,17/19,Contraction_l_Alik_Bjlk_Cijk_Dijk,"(4096,14336,1,1024)",Cijk_Alik_Bjlk_I8II_BH_MT128x64x32_SN_GLVWA4_GRVW4_K1_SU32_SUS256_TT8_4,NO_CHECK,15440.5,7788.56,,1,224,32,1,1,1,1,1644167168,234881024,,,,,,,,,,2026-04-18 15:24:35.
0,92/111,18/19,Contraction_l_Alik_Bjlk_Cijk_Dijk,"(4096,14336,1,1024)",Cijk_Alik_Bjlk_I8II_BH_MT64x128x32_SN_GLVWA4_GRVW4_K1_SU0_SUS0_TT4_8,NO_CHECK,15361.1,7828.78,,1,224,32,1,1,1,1,1644167168,234881024,,,,,,,,,,2026-04-18 15:24:35.
0,92/111,19/19,Contraction_l_Alik_Bjlk_Cijk_Dijk,"(4096,14336,1,1024)",Cijk_Alik_Bjlk_I8II_BH_MT64x128x32_SN_GLVWA4_GRVW4_K1_SU32_SUS256_TT4_8,NO_CHECK,15359.9,7829.42,,1,224,32,1,1,1,1,1644167168,234881024,,,,,,,,,,2026-04-18 15:24:35.
0,93/111,0/19,Contraction_l_Alik_Bjlk_Cijk_Dijk,"(4096,14336,1,4096)",Cijk_Alik_Bjlk_I8II_BH_MT64x64x16_SN_GLVWA4_GRVW4_K1_SU0_SUS0_TT4_4,NO_CHECK,77062.1,6242.19,,1,448,32,1,1,1,1,7751073792,234881024,,,,,,,,,,2026-04-18 15:24:35.
0,93/111,1/19,Contraction_l_Alik_Bjlk_Cijk_Dijk,"(4096,14336,1,4096)",Cijk_Alik_Bjlk_I8II_BH_MT64x64x16_SN_GLVWA4_GRVW8_K1_SU0_SUS0_TT4_4,NO_CHECK,77353.5,6218.68,,1,448,32,1,1,1,1,7751073792,234881024,,,,,,,,,,2026-04-18 15:24:35.
0,93/111,2/19,Contraction_l_Alik_Bjlk_Cijk_Dijk,"(4096,14336,1,4096)",Cijk_Alik_Bjlk_I8II_BH_MT64x64x16_SN_GLVWA4_GRVW16_K1_SU0_SUS0_TT4_4,NO_CHECK,77038.5,6244.11,,1,448,32,1,1,1,1,7751073792,234881024,,,,,,,,,,2026-04-18 15:24:35.
0,93/111,3/19,Contraction_l_Alik_Bjlk_Cijk_Dijk,"(4096,14336,1,4096)",Cijk_Alik_Bjlk_I8II_BH_MT64x64x16_SN_GLVWA4_GRVW4_K1_SU32_SUS256_TT4_4,NO_CHECK,76703.6,6271.37,,1,448,32,1,1,1,1,7751073792,234881024,,,,,,,,,,2026-04-18 15:24:35.
0,93/111,4/19,Contraction_l_Alik_Bjlk_Cijk_Dijk,"(4096,14336,1,4096)",Cijk_Alik_Bjlk_I8II_BH_MT64x64x16_SN_GLVWA4_GRVW8_K1_SU32_SUS256_TT4_4,NO_CHECK,76879.1,6257.05,,1,448,32,1,1,1,1,7751073792,234881024,,,,,,,,,,2026-04-18 15:24:35.
0,93/111,5/19,Contraction_l_Alik_Bjlk_Cijk_Dijk,"(4096,14336,1,4096)",Cijk_Alik_Bjlk_I8II_BH_MT64x64x16_SN_GLVWA4_GRVW16_K1_SU32_SUS256_TT4_4,NO_CHECK,76706.7,6271.11,,1,448,32,1,1,1,1,7751073792,234881024,,,,,,,,,,2026-04-18 15:24:35.
0,93/111,6/19,Contraction_l_Alik_Bjlk_Cijk_Dijk,"(4096,14336,1,4096)",Cijk_Alik_Bjlk_I8II_BH_MT128x64x16_SN_GLVWA4_GRVW4_K1_SU0_SUS0_TT8_4,NO_CHECK,61152.3,7866.2,,1,224,32,1,1,1,1,5872025600,234881024,,,,,,,,,,2026-04-18 15:24:36.
0,93/111,7/19,Contraction_l_Alik_Bjlk_Cijk_Dijk,"(4096,14336,1,4096)",Cijk_Alik_Bjlk_I8II_BH_MT128x64x16_SN_GLVWA8_GRVW8_K1_SU0_SUS0_TT8_4,NO_CHECK,61123.8,7869.87,,1,224,32,1,1,1,1,5872025600,234881024,,,,,,,,,,2026-04-18 15:24:36.
0,93/111,8/19,Contraction_l_Alik_Bjlk_Cijk_Dijk,"(4096,14336,1,4096)",Cijk_Alik_Bjlk_I8II_BH_MT128x64x16_SN_GLVWA8_GRVW16_K1_SU0_SUS0_TT8_4,NO_CHECK,61940.2,7766.14,,1,224,32,1,1,1,1,5872025600,234881024,,,,,,,,,,2026-04-18 15:24:36.
0,93/111,9/19,Contraction_l_Alik_Bjlk_Cijk_Dijk,"(4096,14336,1,4096)",Cijk_Alik_Bjlk_I8II_BH_MT128x64x16_SN_GLVWA4_GRVW4_K1_SU32_SUS256_TT8_4,NO_CHECK,62335.6,7716.87,,1,224,32,1,1,1,1,5872025600,234881024,,,,,,,,,,2026-04-18 15:24:36.
0,93/111,10/19,Contraction_l_Alik_Bjlk_Cijk_Dijk,"(4096,14336,1,4096)",Cijk_Alik_Bjlk_I8II_BH_MT128x64x16_SN_GLVWA8_GRVW8_K1_SU32_SUS256_TT8_4,NO_CHECK,62289.4,7722.6,,1,224,32,1,1,1,1,5872025600,234881024,,,,,,,,,,2026-04-18 15:24:36.
0,93/111,11/19,Contraction_l_Alik_Bjlk_Cijk_Dijk,"(4096,14336,1,4096)",Cijk_Alik_Bjlk_I8II_BH_MT128x64x16_SN_GLVWA8_GRVW16_K1_SU32_SUS256_TT8_4,NO_CHECK,61437.3,7829.72,,1,224,32,1,1,1,1,5872025600,234881024,,,,,,,,,,2026-04-18 15:24:36.
0,93/111,12/19,Contraction_l_Alik_Bjlk_Cijk_Dijk,"(4096,14336,1,4096)",Cijk_Alik_Bjlk_I8II_BH_MT64x128x16_SN_GLVWA4_GRVW4_K1_SU0_SUS0_TT4_8,NO_CHECK,61163.9,7864.71,,1,224,32,1,1,1,1,5872025600,234881024,,,,,,,,,,2026-04-18 15:24:36.
0,93/111,13/19,Contraction_l_Alik_Bjlk_Cijk_Dijk,"(4096,14336,1,4096)",Cijk_Alik_Bjlk_I8II_BH_MT64x128x16_SN_GLVWA4_GRVW4_K1_SU32_SUS256_TT4_8,NO_CHECK,61405,7833.83,,1,224,32,1,1,1,1,5872025600,234881024,,,,,,,,,,2026-04-18 15:24:36.
0,93/111,14/19,Contraction_l_Alik_Bjlk_Cijk_Dijk,"(4096,14336,1,4096)",Cijk_Alik_Bjlk_I8II_BH_MT64x64x32_SN_GLVWA4_GRVW4_K1_SU0_SUS0_TT4_4,NO_CHECK,76896.2,6255.66,,1,448,32,1,1,1,1,7751073792,234881024,,,,,,,,,,2026-04-18 15:24:36.
0,93/111,15/19,Contraction_l_Alik_Bjlk_Cijk_Dijk,"(4096,14336,1,4096)",Cijk_Alik_Bjlk_I8II_BH_MT64x64x32_SN_GLVWA4_GRVW4_K1_SU32_SUS256_TT4_4,NO_CHECK,76767.7,6266.13,,1,448,32,1,1,1,1,7751073792,234881024,,,,,,,,,,2026-04-18 15:24:36.
0,93/111,16/19,Contraction_l_Alik_Bjlk_Cijk_Dijk,"(4096,14336,1,4096)",Cijk_Alik_Bjlk_I8II_BH_MT128x64x32_SN_GLVWA4_GRVW4_K1_SU0_SUS0_TT8_4,NO_CHECK,61034.5,7881.38,,1,224,32,1,1,1,1,5872025600,234881024,,,,,,,,,,2026-04-18 15:24:36.
0,93/111,17/19,Contraction_l_Alik_Bjlk_Cijk_Dijk,"(4096,14336,1,4096)",Cijk_Alik_Bjlk_I8II_BH_MT128x64x32_SN_GLVWA4_GRVW4_K1_SU32_SUS256_TT8_4,NO_CHECK,61276.9,7850.21,,1,224,32,1,1,1,1,5872025600,234881024,,,,,,,,,,2026-04-18 15:24:36.
0,93/111,18/19,Contraction_l_Alik_Bjlk_Cijk_Dijk,"(4096,14336,1,4096)",Cijk_Alik_Bjlk_I8II_BH_MT64x128x32_SN_GLVWA4_GRVW4_K1_SU0_SUS0_TT4_8,NO_CHECK,60671.4,7928.56,,1,224,32,1,1,1,1,5872025600,234881024,,,,,,,,,,2026-04-18 15:24:36.
0,93/111,19/19,Contraction_l_Alik_Bjlk_Cijk_Dijk,"(4096,14336,1,4096)",Cijk_Alik_Bjlk_I8II_BH_MT64x128x32_SN_GLVWA4_GRVW4_K1_SU32_SUS256_TT4_8,NO_CHECK,60934.2,7894.35,,1,224,32,1,1,1,1,5872025600,234881024,,,,,,,,,,2026-04-18 15:24:36.
0,94/111,0/19,Contraction_l_Alik_Bjlk_Cijk_Dijk,"(4096,14336,1,8192)",Cijk_Alik_Bjlk_I8II_BH_MT64x64x16_SN_GLVWA4_GRVW4_K1_SU0_SUS0_TT4_4,NO_CHECK,154434,6229.66,,1,448,32,1,1,1,1,15267266560,234881024,,,,,,,,,,2026-04-18 15:24:36.
0,94/111,1/19,Contraction_l_Alik_Bjlk_Cijk_Dijk,"(4096,14336,1,8192)",Cijk_Alik_Bjlk_I8II_BH_MT64x64x16_SN_GLVWA4_GRVW8_K1_SU0_SUS0_TT4_4,NO_CHECK,153905,6251.07,,1,448,32,1,1,1,1,15267266560,234881024,,,,,,,,,,2026-04-18 15:24:37.
0,94/111,2/19,Contraction_l_Alik_Bjlk_Cijk_Dijk,"(4096,14336,1,8192)",Cijk_Alik_Bjlk_I8II_BH_MT64x64x16_SN_GLVWA4_GRVW16_K1_SU0_SUS0_TT4_4,NO_CHECK,154081,6243.93,,1,448,32,1,1,1,1,15267266560,234881024,,,,,,,,,,2026-04-18 15:24:37.
0,94/111,3/19,Contraction_l_Alik_Bjlk_Cijk_Dijk,"(4096,14336,1,8192)",Cijk_Alik_Bjlk_I8II_BH_MT64x64x16_SN_GLVWA4_GRVW4_K1_SU32_SUS256_TT4_4,NO_CHECK,153830,6254.12,,1,448,32,1,1,1,1,15267266560,234881024,,,,,,,,,,2026-04-18 15:24:37.
0,94/111,4/19,Contraction_l_Alik_Bjlk_Cijk_Dijk,"(4096,14336,1,8192)",Cijk_Alik_Bjlk_I8II_BH_MT64x64x16_SN_GLVWA4_GRVW8_K1_SU32_SUS256_TT4_4,NO_CHECK,153713,6258.89,,1,448,32,1,1,1,1,15267266560,234881024,,,,,,,,,,2026-04-18 15:24:37.
0,94/111,5/19,Contraction_l_Alik_Bjlk_Cijk_Dijk,"(4096,14336,1,8192)",Cijk_Alik_Bjlk_I8II_BH_MT64x64x16_SN_GLVWA4_GRVW16_K1_SU32_SUS256_TT4_4,NO_CHECK,154566,6224.36,,1,448,32,1,1,1,1,15267266560,234881024,,,,,,,,,,2026-04-18 15:24:37.
0,94/111,6/19,Contraction_l_Alik_Bjlk_Cijk_Dijk,"(4096,14336,1,8192)",Cijk_Alik_Bjlk_I8II_BH_MT128x64x16_SN_GLVWA4_GRVW4_K1_SU0_SUS0_TT8_4,NO_CHECK,123174,7810.71,,1,224,32,1,1,1,1,11509170176,234881024,,,,,,,,,,2026-04-18 15:24:37.
0,94/111,7/19,Contraction_l_Alik_Bjlk_Cijk_Dijk,"(4096,14336,1,8192)",Cijk_Alik_Bjlk_I8II_BH_MT128x64x16_SN_GLVWA8_GRVW8_K1_SU0_SUS0_TT8_4,NO_CHECK,123421,7795.07,,1,224,32,1,1,1,1,11509170176,234881024,,,,,,,,,,2026-04-18 15:24:37.
0,94/111,8/19,Contraction_l_Alik_Bjlk_Cijk_Dijk,"(4096,14336,1,8192)",Cijk_Alik_Bjlk_I8II_BH_MT128x64x16_SN_GLVWA8_GRVW16_K1_SU0_SUS0_TT8_4,NO_CHECK,122981,7822.92,,1,224,32,1,1,1,1,11509170176,234881024,,,,,,,,,,2026-04-18 15:24:38.
0,94/111,9/19,Contraction_l_Alik_Bjlk_Cijk_Dijk,"(4096,14336,1,8192)",Cijk_Alik_Bjlk_I8II_BH_MT128x64x16_SN_GLVWA4_GRVW4_K1_SU32_SUS256_TT8_4,NO_CHECK,123263,7805.01,,1,224,32,1,1,1,1,11509170176,234881024,,,,,,,,,,2026-04-18 15:24:38.
0,94/111,10/19,Contraction_l_Alik_Bjlk_Cijk_Dijk,"(4096,14336,1,8192)",Cijk_Alik_Bjlk_I8II_BH_MT128x64x16_SN_GLVWA8_GRVW8_K1_SU32_SUS256_TT8_4,NO_CHECK,123604,7783.53,,1,224,32,1,1,1,1,11509170176,234881024,,,,,,,,,,2026-04-18 15:24:38.
0,94/111,11/19,Contraction_l_Alik_Bjlk_Cijk_Dijk,"(4096,14336,1,8192)",Cijk_Alik_Bjlk_I8II_BH_MT128x64x16_SN_GLVWA8_GRVW16_K1_SU32_SUS256_TT8_4,NO_CHECK,124113,7751.56,,1,224,32,1,1,1,1,11509170176,234881024,,,,,,,,,,2026-04-18 15:24:38.
0,94/111,12/19,Contraction_l_Alik_Bjlk_Cijk_Dijk,"(4096,14336,1,8192)",Cijk_Alik_Bjlk_I8II_BH_MT64x128x16_SN_GLVWA4_GRVW4_K1_SU0_SUS0_TT4_8,NO_CHECK,122752,7837.53,,1,224,32,1,1,1,1,11509170176,234881024,,,,,,,,,,2026-04-18 15:24:38.
0,94/111,13/19,Contraction_l_Alik_Bjlk_Cijk_Dijk,"(4096,14336,1,8192)",Cijk_Alik_Bjlk_I8II_BH_MT64x128x16_SN_GLVWA4_GRVW4_K1_SU32_SUS256_TT4_8,NO_CHECK,121984,7886.84,,1,224,32,1,1,1,1,11509170176,234881024,,,,,,,,,,2026-04-18 15:24:38.
0,94/111,14/19,Contraction_l_Alik_Bjlk_Cijk_Dijk,"(4096,14336,1,8192)",Cijk_Alik_Bjlk_I8II_BH_MT64x64x32_SN_GLVWA4_GRVW4_K1_SU0_SUS0_TT4_4,NO_CHECK,154390,6231.45,,1,448,32,1,1,1,1,15267266560,234881024,,,,,,,,,,2026-04-18 15:24:38.
0,94/111,15/19,Contraction_l_Alik_Bjlk_Cijk_Dijk,"(4096,14336,1,8192)",Cijk_Alik_Bjlk_I8II_BH_MT64x64x32_SN_GLVWA4_GRVW4_K1_SU32_SUS256_TT4_4,NO_CHECK,153686,6260,,1,448,32,1,1,1,1,15267266560,234881024,,,,,,,,,,2026-04-18 15:24:38.
0,94/111,16/19,Contraction_l_Alik_Bjlk_Cijk_Dijk,"(4096,14336,1,8192)",Cijk_Alik_Bjlk_I8II_BH_MT128x64x32_SN_GLVWA4_GRVW4_K1_SU0_SUS0_TT8_4,NO_CHECK,123493,7790.49,,1,224,32,1,1,1,1,11509170176,234881024,,,,,,,,,,2026-04-18 15:24:39.
0,94/111,17/19,Contraction_l_Alik_Bjlk_Cijk_Dijk,"(4096,14336,1,8192)",Cijk_Alik_Bjlk_I8II_BH_MT128x64x32_SN_GLVWA4_GRVW4_K1_SU32_SUS256_TT8_4,NO_CHECK,123350,7799.55,,1,224,32,1,1,1,1,11509170176,234881024,,,,,,,,,,2026-04-18 15:24:39.
0,94/111,18/19,Contraction_l_Alik_Bjlk_Cijk_Dijk,"(4096,14336,1,8192)",Cijk_Alik_Bjlk_I8II_BH_MT64x128x32_SN_GLVWA4_GRVW4_K1_SU0_SUS0_TT4_8,NO_CHECK,122311,7865.81,,1,224,32,1,1,1,1,11509170176,234881024,,,,,,,,,,2026-04-18 15:24:39.
0,94/111,19/19,Contraction_l_Alik_Bjlk_Cijk_Dijk,"(4096,14336,1,8192)",Cijk_Alik_Bjlk_I8II_BH_MT64x128x32_SN_GLVWA4_GRVW4_K1_SU32_SUS256_TT4_8,NO_CHECK,126817,7586.33,,1,224,32,1,1,1,1,11509170176,234881024,,,,,,,,,,2026-04-18 15:24:39.
0,95/111,0/19,Contraction_l_Alik_Bjlk_Cijk_Dijk,"(4096,14336,1,14336)",Cijk_Alik_Bjlk_I8II_BH_MT64x64x16_SN_GLVWA4_GRVW4_K1_SU0_SUS0_TT4_4,NO_CHECK,272712,6173.65,,1,448,32,1,1,1,1,26541555712,234881024,,,,,,,,,,2026-04-18 15:24:39.
0,95/111,1/19,Contraction_l_Alik_Bjlk_Cijk_Dijk,"(4096,14336,1,14336)",Cijk_Alik_Bjlk_I8II_BH_MT64x64x16_SN_GLVWA4_GRVW8_K1_SU0_SUS0_TT4_4,NO_CHECK,269489,6247.47,,1,448,32,1,1,1,1,26541555712,234881024,,,,,,,,,,2026-04-18 15:24:39.
0,95/111,2/19,Contraction_l_Alik_Bjlk_Cijk_Dijk,"(4096,14336,1,14336)",Cijk_Alik_Bjlk_I8II_BH_MT64x64x16_SN_GLVWA4_GRVW16_K1_SU0_SUS0_TT4_4,NO_CHECK,268728,6265.18,,1,448,32,1,1,1,1,26541555712,234881024,,,,,,,,,,2026-04-18 15:24:40.
0,95/111,3/19,Contraction_l_Alik_Bjlk_Cijk_Dijk,"(4096,14336,1,14336)",Cijk_Alik_Bjlk_I8II_BH_MT64x64x16_SN_GLVWA4_GRVW4_K1_SU32_SUS256_TT4_4,NO_CHECK,268942,6260.19,,1,448,32,1,1,1,1,26541555712,234881024,,,,,,,,,,2026-04-18 15:24:40.
0,95/111,4/19,Contraction_l_Alik_Bjlk_Cijk_Dijk,"(4096,14336,1,14336)",Cijk_Alik_Bjlk_I8II_BH_MT64x64x16_SN_GLVWA4_GRVW8_K1_SU32_SUS256_TT4_4,NO_CHECK,268889,6261.41,,1,448,32,1,1,1,1,26541555712,234881024,,,,,,,,,,2026-04-18 15:24:40.
0,95/111,5/19,Contraction_l_Alik_Bjlk_Cijk_Dijk,"(4096,14336,1,14336)",Cijk_Alik_Bjlk_I8II_BH_MT64x64x16_SN_GLVWA4_GRVW16_K1_SU32_SUS256_TT4_4,NO_CHECK,268446,6271.75,,1,448,32,1,1,1,1,26541555712,234881024,,,,,,,,,,2026-04-18 15:24:40.
0,95/111,6/19,Contraction_l_Alik_Bjlk_Cijk_Dijk,"(4096,14336,1,14336)",Cijk_Alik_Bjlk_I8II_BH_MT128x64x16_SN_GLVWA4_GRVW4_K1_SU0_SUS0_TT8_4,NO_CHECK,215082,7827.85,,1,224,32,1,1,1,1,19964887040,234881024,,,,,,,,,,2026-04-18 15:24:41.
0,95/111,7/19,Contraction_l_Alik_Bjlk_Cijk_Dijk,"(4096,14336,1,14336)",Cijk_Alik_Bjlk_I8II_BH_MT128x64x16_SN_GLVWA8_GRVW8_K1_SU0_SUS0_TT8_4,NO_CHECK,214732,7840.61,,1,224,32,1,1,1,1,19964887040,234881024,,,,,,,,,,2026-04-18 15:24:41.
0,95/111,8/19,Contraction_l_Alik_Bjlk_Cijk_Dijk,"(4096,14336,1,14336)",Cijk_Alik_Bjlk_I8II_BH_MT128x64x16_SN_GLVWA8_GRVW16_K1_SU0_SUS0_TT8_4,NO_CHECK,216417,7779.54,,1,224,32,1,1,1,1,19964887040,234881024,,,,,,,,,,2026-04-18 15:24:41.
0,95/111,9/19,Contraction_l_Alik_Bjlk_Cijk_Dijk,"(4096,14336,1,14336)",Cijk_Alik_Bjlk_I8II_BH_MT128x64x16_SN_GLVWA4_GRVW4_K1_SU32_SUS256_TT8_4,NO_CHECK,217033,7757.46,,1,224,32,1,1,1,1,19964887040,234881024,,,,,,,,,,2026-04-18 15:24:41.
0,95/111,10/19,Contraction_l_Alik_Bjlk_Cijk_Dijk,"(4096,14336,1,14336)",Cijk_Alik_Bjlk_I8II_BH_MT128x64x16_SN_GLVWA8_GRVW8_K1_SU32_SUS256_TT8_4,NO_CHECK,216689,7769.79,,1,224,32,1,1,1,1,19964887040,234881024,,,,,,,,,,2026-04-18 15:24:42.
0,95/111,11/19,Contraction_l_Alik_Bjlk_Cijk_Dijk,"(4096,14336,1,14336)",Cijk_Alik_Bjlk_I8II_BH_MT128x64x16_SN_GLVWA8_GRVW16_K1_SU32_SUS256_TT8_4,NO_CHECK,215935,7796.91,,1,224,32,1,1,1,1,19964887040,234881024,,,,,,,,,,2026-04-18 15:24:42.
0,95/111,12/19,Contraction_l_Alik_Bjlk_Cijk_Dijk,"(4096,14336,1,14336)",Cijk_Alik_Bjlk_I8II_BH_MT64x128x16_SN_GLVWA4_GRVW4_K1_SU0_SUS0_TT4_8,NO_CHECK,212867,7909.31,,1,224,32,1,1,1,1,19964887040,234881024,,,,,,,,,,2026-04-18 15:24:42.
0,95/111,13/19,Contraction_l_Alik_Bjlk_Cijk_Dijk,"(4096,14336,1,14336)",Cijk_Alik_Bjlk_I8II_BH_MT64x128x16_SN_GLVWA4_GRVW4_K1_SU32_SUS256_TT4_8,NO_CHECK,213758,7876.34,,1,224,32,1,1,1,1,19964887040,234881024,,,,,,,,,,2026-04-18 15:24:42.
0,95/111,14/19,Contraction_l_Alik_Bjlk_Cijk_Dijk,"(4096,14336,1,14336)",Cijk_Alik_Bjlk_I8II_BH_MT64x64x32_SN_GLVWA4_GRVW4_K1_SU0_SUS0_TT4_4,NO_CHECK,268755,6264.54,,1,448,32,1,1,1,1,26541555712,234881024,,,,,,,,,,2026-04-18 15:24:42.
0,95/111,15/19,Contraction_l_Alik_Bjlk_Cijk_Dijk,"(4096,14336,1,14336)",Cijk_Alik_Bjlk_I8II_BH_MT64x64x32_SN_GLVWA4_GRVW4_K1_SU32_SUS256_TT4_4,NO_CHECK,268499,6270.51,,1,448,32,1,1,1,1,26541555712,234881024,,,,,,,,,,2026-04-18 15:24:43.
0,95/111,16/19,Contraction_l_Alik_Bjlk_Cijk_Dijk,"(4096,14336,1,14336)",Cijk_Alik_Bjlk_I8II_BH_MT128x64x32_SN_GLVWA4_GRVW4_K1_SU0_SUS0_TT8_4,NO_CHECK,220198,7645.98,,1,224,32,1,1,1,1,19964887040,234881024,,,,,,,,,,2026-04-18 15:24:43.
0,95/111,17/19,Contraction_l_Alik_Bjlk_Cijk_Dijk,"(4096,14336,1,14336)",Cijk_Alik_Bjlk_I8II_BH_MT128x64x32_SN_GLVWA4_GRVW4_K1_SU32_SUS256_TT8_4,NO_CHECK,216376,7781.02,,1,224,32,1,1,1,1,19964887040,234881024,,,,,,,,,,2026-04-18 15:24:43.
0,95/111,18/19,Contraction_l_Alik_Bjlk_Cijk_Dijk,"(4096,14336,1,14336)",Cijk_Alik_Bjlk_I8II_BH_MT64x128x32_SN_GLVWA4_GRVW4_K1_SU0_SUS0_TT4_8,NO_CHECK,213661,7879.89,,1,224,32,1,1,1,1,19964887040,234881024,,,,,,,,,,2026-04-18 15:24:43.
0,95/111,19/19,Contraction_l_Alik_Bjlk_Cijk_Dijk,"(4096,14336,1,14336)",Cijk_Alik_Bjlk_I8II_BH_MT64x128x32_SN_GLVWA4_GRVW4_K1_SU32_SUS256_TT4_8,NO_CHECK,213627,7881.14,,1,224,32,1,1,1,1,19964887040,234881024,,,,,,,,,,2026-04-18 15:24:44.
0,96/111,0/19,Contraction_l_Alik_Bjlk_Cijk_Dijk,"(8192,1024,1,1024)",Cijk_Alik_Bjlk_I8II_BH_MT64x64x16_SN_GLVWA4_GRVW4_K1_SU0_SUS0_TT4_4,NO_CHECK,2871.4,5983.09,,1,64,32,1,1,1,1,301989888,33554432,,,,,,,,,,2026-04-18 15:24:44.
0,96/111,1/19,Contraction_l_Alik_Bjlk_Cijk_Dijk,"(8192,1024,1,1024)",Cijk_Alik_Bjlk_I8II_BH_MT64x64x16_SN_GLVWA4_GRVW8_K1_SU0_SUS0_TT4_4,NO_CHECK,2770.36,6201.31,,1,64,32,1,1,1,1,301989888,33554432,,,,,,,,,,2026-04-18 15:24:44.
0,96/111,2/19,Contraction_l_Alik_Bjlk_Cijk_Dijk,"(8192,1024,1,1024)",Cijk_Alik_Bjlk_I8II_BH_MT64x64x16_SN_GLVWA4_GRVW16_K1_SU0_SUS0_TT4_4,NO_CHECK,2811.68,6110.18,,1,64,32,1,1,1,1,301989888,33554432,,,,,,,,,,2026-04-18 15:24:44.
0,96/111,3/19,Contraction_l_Alik_Bjlk_Cijk_Dijk,"(8192,1024,1,1024)",Cijk_Alik_Bjlk_I8II_BH_MT64x64x16_SN_GLVWA4_GRVW4_K1_SU32_SUS256_TT4_4,NO_CHECK,2769.44,6203.37,,1,64,32,1,1,1,1,301989888,33554432,,,,,,,,,,2026-04-18 15:24:44.
0,96/111,4/19,Contraction_l_Alik_Bjlk_Cijk_Dijk,"(8192,1024,1,1024)",Cijk_Alik_Bjlk_I8II_BH_MT64x64x16_SN_GLVWA4_GRVW8_K1_SU32_SUS256_TT4_4,NO_CHECK,2768.6,6205.25,,1,64,32,1,1,1,1,301989888,33554432,,,,,,,,,,2026-04-18 15:24:44.
0,96/111,5/19,Contraction_l_Alik_Bjlk_Cijk_Dijk,"(8192,1024,1,1024)",Cijk_Alik_Bjlk_I8II_BH_MT64x64x16_SN_GLVWA4_GRVW16_K1_SU32_SUS256_TT4_4,NO_CHECK,3063.29,5608.32,,1,64,32,1,1,1,1,301989888,33554432,,,,,,,,,,2026-04-18 15:24:44.
0,96/111,6/19,Contraction_l_Alik_Bjlk_Cijk_Dijk,"(8192,1024,1,1024)",Cijk_Alik_Bjlk_I8II_BH_MT128x64x16_SN_GLVWA4_GRVW4_K1_SU0_SUS0_TT8_4,NO_CHECK,2269.71,7569.18,,1,32,32,1,1,1,1,234881024,33554432,,,,,,,,,,2026-04-18 15:24:44.
0,96/111,7/19,Contraction_l_Alik_Bjlk_Cijk_Dijk,"(8192,1024,1,1024)",Cijk_Alik_Bjlk_I8II_BH_MT128x64x16_SN_GLVWA8_GRVW8_K1_SU0_SUS0_TT8_4,NO_CHECK,2248.47,7640.68,,1,32,32,1,1,1,1,234881024,33554432,,,,,,,,,,2026-04-18 15:24:44.
0,96/111,8/19,Contraction_l_Alik_Bjlk_Cijk_Dijk,"(8192,1024,1,1024)",Cijk_Alik_Bjlk_I8II_BH_MT128x64x16_SN_GLVWA8_GRVW16_K1_SU0_SUS0_TT8_4,NO_CHECK,2251.31,7631.04,,1,32,32,1,1,1,1,234881024,33554432,,,,,,,,,,2026-04-18 15:24:44.
0,96/111,9/19,Contraction_l_Alik_Bjlk_Cijk_Dijk,"(8192,1024,1,1024)",Cijk_Alik_Bjlk_I8II_BH_MT128x64x16_SN_GLVWA4_GRVW4_K1_SU32_SUS256_TT8_4,NO_CHECK,2237.47,7678.25,,1,32,32,1,1,1,1,234881024,33554432,,,,,,,,,,2026-04-18 15:24:44.
0,96/111,10/19,Contraction_l_Alik_Bjlk_Cijk_Dijk,"(8192,1024,1,1024)",Cijk_Alik_Bjlk_I8II_BH_MT128x64x16_SN_GLVWA8_GRVW8_K1_SU32_SUS256_TT8_4,NO_CHECK,2246.63,7646.94,,1,32,32,1,1,1,1,234881024,33554432,,,,,,,,,,2026-04-18 15:24:44.
0,96/111,11/19,Contraction_l_Alik_Bjlk_Cijk_Dijk,"(8192,1024,1,1024)",Cijk_Alik_Bjlk_I8II_BH_MT128x64x16_SN_GLVWA8_GRVW16_K1_SU32_SUS256_TT8_4,NO_CHECK,2453.76,7001.45,,1,32,32,1,1,1,1,234881024,33554432,,,,,,,,,,2026-04-18 15:24:44.
0,96/111,12/19,Contraction_l_Alik_Bjlk_Cijk_Dijk,"(8192,1024,1,1024)",Cijk_Alik_Bjlk_I8II_BH_MT64x128x16_SN_GLVWA4_GRVW4_K1_SU0_SUS0_TT4_8,NO_CHECK,2451.04,7009.23,,1,32,32,1,1,1,1,234881024,33554432,,,,,,,,,,2026-04-18 15:24:44.
0,96/111,13/19,Contraction_l_Alik_Bjlk_Cijk_Dijk,"(8192,1024,1,1024)",Cijk_Alik_Bjlk_I8II_BH_MT64x128x16_SN_GLVWA4_GRVW4_K1_SU32_SUS256_TT4_8,NO_CHECK,2224.51,7722.98,,1,32,32,1,1,1,1,234881024,33554432,,,,,,,,,,2026-04-18 15:24:44.
0,96/111,14/19,Contraction_l_Alik_Bjlk_Cijk_Dijk,"(8192,1024,1,1024)",Cijk_Alik_Bjlk_I8II_BH_MT64x64x32_SN_GLVWA4_GRVW4_K1_SU0_SUS0_TT4_4,NO_CHECK,2772.64,6196.21,,1,64,32,1,1,1,1,301989888,33554432,,,,,,,,,,2026-04-18 15:24:44.
0,96/111,15/19,Contraction_l_Alik_Bjlk_Cijk_Dijk,"(8192,1024,1,1024)",Cijk_Alik_Bjlk_I8II_BH_MT64x64x32_SN_GLVWA4_GRVW4_K1_SU32_SUS256_TT4_4,NO_CHECK,2887.08,5950.6,,1,64,32,1,1,1,1,301989888,33554432,,,,,,,,,,2026-04-18 15:24:44.
0,96/111,16/19,Contraction_l_Alik_Bjlk_Cijk_Dijk,"(8192,1024,1,1024)",Cijk_Alik_Bjlk_I8II_BH_MT128x64x32_SN_GLVWA4_GRVW4_K1_SU0_SUS0_TT8_4,NO_CHECK,2278.31,7540.61,,1,32,32,1,1,1,1,234881024,33554432,,,,,,,,,,2026-04-18 15:24:44.
0,96/111,17/19,Contraction_l_Alik_Bjlk_Cijk_Dijk,"(8192,1024,1,1024)",Cijk_Alik_Bjlk_I8II_BH_MT128x64x32_SN_GLVWA4_GRVW4_K1_SU32_SUS256_TT8_4,NO_CHECK,2276.35,7547.1,,1,32,32,1,1,1,1,234881024,33554432,,,,,,,,,,2026-04-18 15:24:44.
0,96/111,18/19,Contraction_l_Alik_Bjlk_Cijk_Dijk,"(8192,1024,1,1024)",Cijk_Alik_Bjlk_I8II_BH_MT64x128x32_SN_GLVWA4_GRVW4_K1_SU0_SUS0_TT4_8,NO_CHECK,2401.88,7152.69,,1,32,32,1,1,1,1,234881024,33554432,,,,,,,,,,2026-04-18 15:24:44.
0,96/111,19/19,Contraction_l_Alik_Bjlk_Cijk_Dijk,"(8192,1024,1,1024)",Cijk_Alik_Bjlk_I8II_BH_MT64x128x32_SN_GLVWA4_GRVW4_K1_SU32_SUS256_TT4_8,NO_CHECK,2233.19,7692.96,,1,32,32,1,1,1,1,234881024,33554432,,,,,,,,,,2026-04-18 15:24:44.
0,97/111,0/19,Contraction_l_Alik_Bjlk_Cijk_Dijk,"(8192,1024,1,4096)",Cijk_Alik_Bjlk_I8II_BH_MT64x64x16_SN_GLVWA4_GRVW4_K1_SU0_SUS0_TT4_4,NO_CHECK,11019.6,6236.13,,1,64,32,1,1,1,1,1107296256,33554432,,,,,,,,,,2026-04-18 15:24:44.
0,97/111,1/19,Contraction_l_Alik_Bjlk_Cijk_Dijk,"(8192,1024,1,4096)",Cijk_Alik_Bjlk_I8II_BH_MT64x64x16_SN_GLVWA4_GRVW8_K1_SU0_SUS0_TT4_4,NO_CHECK,11204.4,6133.25,,1,64,32,1,1,1,1,1107296256,33554432,,,,,,,,,,2026-04-18 15:24:44.
0,97/111,2/19,Contraction_l_Alik_Bjlk_Cijk_Dijk,"(8192,1024,1,4096)",Cijk_Alik_Bjlk_I8II_BH_MT64x64x16_SN_GLVWA4_GRVW16_K1_SU0_SUS0_TT4_4,NO_CHECK,11027.9,6231.41,,1,64,32,1,1,1,1,1107296256,33554432,,,,,,,,,,2026-04-18 15:24:44.
0,97/111,3/19,Contraction_l_Alik_Bjlk_Cijk_Dijk,"(8192,1024,1,4096)",Cijk_Alik_Bjlk_I8II_BH_MT64x64x16_SN_GLVWA4_GRVW4_K1_SU32_SUS256_TT4_4,NO_CHECK,11019.3,6236.27,,1,64,32,1,1,1,1,1107296256,33554432,,,,,,,,,,2026-04-18 15:24:44.
0,97/111,4/19,Contraction_l_Alik_Bjlk_Cijk_Dijk,"(8192,1024,1,4096)",Cijk_Alik_Bjlk_I8II_BH_MT64x64x16_SN_GLVWA4_GRVW8_K1_SU32_SUS256_TT4_4,NO_CHECK,11015.8,6238.28,,1,64,32,1,1,1,1,1107296256,33554432,,,,,,,,,,2026-04-18 15:24:44.
0,97/111,5/19,Contraction_l_Alik_Bjlk_Cijk_Dijk,"(8192,1024,1,4096)",Cijk_Alik_Bjlk_I8II_BH_MT64x64x16_SN_GLVWA4_GRVW16_K1_SU32_SUS256_TT4_4,NO_CHECK,12188.9,5637.87,,1,64,32,1,1,1,1,1107296256,33554432,,,,,,,,,,2026-04-18 15:24:44.
0,97/111,6/19,Contraction_l_Alik_Bjlk_Cijk_Dijk,"(8192,1024,1,4096)",Cijk_Alik_Bjlk_I8II_BH_MT128x64x16_SN_GLVWA4_GRVW4_K1_SU0_SUS0_TT8_4,NO_CHECK,8792.17,7815.99,,1,32,32,1,1,1,1,838860800,33554432,,,,,,,,,,2026-04-18 15:24:44.
0,97/111,7/19,Contraction_l_Alik_Bjlk_Cijk_Dijk,"(8192,1024,1,4096)",Cijk_Alik_Bjlk_I8II_BH_MT128x64x16_SN_GLVWA8_GRVW8_K1_SU0_SUS0_TT8_4,NO_CHECK,8781.73,7825.28,,1,32,32,1,1,1,1,838860800,33554432,,,,,,,,,,2026-04-18 15:24:44.
0,97/111,8/19,Contraction_l_Alik_Bjlk_Cijk_Dijk,"(8192,1024,1,4096)",Cijk_Alik_Bjlk_I8II_BH_MT128x64x16_SN_GLVWA8_GRVW16_K1_SU0_SUS0_TT8_4,NO_CHECK,8789.77,7818.12,,1,32,32,1,1,1,1,838860800,33554432,,,,,,,,,,2026-04-18 15:24:44.
0,97/111,9/19,Contraction_l_Alik_Bjlk_Cijk_Dijk,"(8192,1024,1,4096)",Cijk_Alik_Bjlk_I8II_BH_MT128x64x16_SN_GLVWA4_GRVW4_K1_SU32_SUS256_TT8_4,NO_CHECK,8856.29,7759.4,,1,32,32,1,1,1,1,838860800,33554432,,,,,,,,,,2026-04-18 15:24:44.
0,97/111,10/19,Contraction_l_Alik_Bjlk_Cijk_Dijk,"(8192,1024,1,4096)",Cijk_Alik_Bjlk_I8II_BH_MT128x64x16_SN_GLVWA8_GRVW8_K1_SU32_SUS256_TT8_4,NO_CHECK,8825.37,7786.58,,1,32,32,1,1,1,1,838860800,33554432,,,,,,,,,,2026-04-18 15:24:44.
0,97/111,11/19,Contraction_l_Alik_Bjlk_Cijk_Dijk,"(8192,1024,1,4096)",Cijk_Alik_Bjlk_I8II_BH_MT128x64x16_SN_GLVWA8_GRVW16_K1_SU32_SUS256_TT8_4,NO_CHECK,8914.41,7708.81,,1,32,32,1,1,1,1,838860800,33554432,,,,,,,,,,2026-04-18 15:24:44.
0,97/111,12/19,Contraction_l_Alik_Bjlk_Cijk_Dijk,"(8192,1024,1,4096)",Cijk_Alik_Bjlk_I8II_BH_MT64x128x16_SN_GLVWA4_GRVW4_K1_SU0_SUS0_TT4_8,NO_CHECK,8739.25,7863.32,,1,32,32,1,1,1,1,838860800,33554432,,,,,,,,,,2026-04-18 15:24:44.
0,97/111,13/19,Contraction_l_Alik_Bjlk_Cijk_Dijk,"(8192,1024,1,4096)",Cijk_Alik_Bjlk_I8II_BH_MT64x128x16_SN_GLVWA4_GRVW4_K1_SU32_SUS256_TT4_8,NO_CHECK,9099.33,7552.14,,1,32,32,1,1,1,1,838860800,33554432,,,,,,,,,,2026-04-18 15:24:44.
0,97/111,14/19,Contraction_l_Alik_Bjlk_Cijk_Dijk,"(8192,1024,1,4096)",Cijk_Alik_Bjlk_I8II_BH_MT64x64x32_SN_GLVWA4_GRVW4_K1_SU0_SUS0_TT4_4,NO_CHECK,11041.6,6223.69,,1,64,32,1,1,1,1,1107296256,33554432,,,,,,,,,,2026-04-18 15:24:44.
0,97/111,15/19,Contraction_l_Alik_Bjlk_Cijk_Dijk,"(8192,1024,1,4096)",Cijk_Alik_Bjlk_I8II_BH_MT64x64x32_SN_GLVWA4_GRVW4_K1_SU32_SUS256_TT4_4,NO_CHECK,11023,6234.17,,1,64,32,1,1,1,1,1107296256,33554432,,,,,,,,,,2026-04-18 15:24:44.
0,97/111,16/19,Contraction_l_Alik_Bjlk_Cijk_Dijk,"(8192,1024,1,4096)",Cijk_Alik_Bjlk_I8II_BH_MT128x64x32_SN_GLVWA4_GRVW4_K1_SU0_SUS0_TT8_4,NO_CHECK,9205.14,7465.34,,1,32,32,1,1,1,1,838860800,33554432,,,,,,,,,,2026-04-18 15:24:44.
0,97/111,17/19,Contraction_l_Alik_Bjlk_Cijk_Dijk,"(8192,1024,1,4096)",Cijk_Alik_Bjlk_I8II_BH_MT128x64x32_SN_GLVWA4_GRVW4_K1_SU32_SUS256_TT8_4,NO_CHECK,8831.93,7780.8,,1,32,32,1,1,1,1,838860800,33554432,,,,,,,,,,2026-04-18 15:24:44.
0,97/111,18/19,Contraction_l_Alik_Bjlk_Cijk_Dijk,"(8192,1024,1,4096)",Cijk_Alik_Bjlk_I8II_BH_MT64x128x32_SN_GLVWA4_GRVW4_K1_SU0_SUS0_TT4_8,NO_CHECK,9026.49,7613.09,,1,32,32,1,1,1,1,838860800,33554432,,,,,,,,,,2026-04-18 15:24:44.
0,97/111,19/19,Contraction_l_Alik_Bjlk_Cijk_Dijk,"(8192,1024,1,4096)",Cijk_Alik_Bjlk_I8II_BH_MT64x128x32_SN_GLVWA4_GRVW4_K1_SU32_SUS256_TT4_8,NO_CHECK,9364.78,7338.08,,1,32,32,1,1,1,1,838860800,33554432,,,,,,,,,,2026-04-18 15:24:44.
0,98/111,0/19,Contraction_l_Alik_Bjlk_Cijk_Dijk,"(8192,1024,1,8192)",Cijk_Alik_Bjlk_I8II_BH_MT64x64x16_SN_GLVWA4_GRVW4_K1_SU0_SUS0_TT4_4,NO_CHECK,22321.3,6157.29,,1,64,32,1,1,1,1,2181038080,33554432,,,,,,,,,,2026-04-18 15:24:44.
0,98/111,1/19,Contraction_l_Alik_Bjlk_Cijk_Dijk,"(8192,1024,1,8192)",Cijk_Alik_Bjlk_I8II_BH_MT64x64x16_SN_GLVWA4_GRVW8_K1_SU0_SUS0_TT4_4,NO_CHECK,22336.5,6153.1,,1,64,32,1,1,1,1,2181038080,33554432,,,,,,,,,,2026-04-18 15:24:44.
0,98/111,2/19,Contraction_l_Alik_Bjlk_Cijk_Dijk,"(8192,1024,1,8192)",Cijk_Alik_Bjlk_I8II_BH_MT64x64x16_SN_GLVWA4_GRVW16_K1_SU0_SUS0_TT4_4,NO_CHECK,22375.2,6142.46,,1,64,32,1,1,1,1,2181038080,33554432,,,,,,,,,,2026-04-18 15:24:44.
0,98/111,3/19,Contraction_l_Alik_Bjlk_Cijk_Dijk,"(8192,1024,1,8192)",Cijk_Alik_Bjlk_I8II_BH_MT64x64x16_SN_GLVWA4_GRVW4_K1_SU32_SUS256_TT4_4,NO_CHECK,22013.6,6243.38,,1,64,32,1,1,1,1,2181038080,33554432,,,,,,,,,,2026-04-18 15:24:44.
0,98/111,4/19,Contraction_l_Alik_Bjlk_Cijk_Dijk,"(8192,1024,1,8192)",Cijk_Alik_Bjlk_I8II_BH_MT64x64x16_SN_GLVWA4_GRVW8_K1_SU32_SUS256_TT4_4,NO_CHECK,22010.1,6244.35,,1,64,32,1,1,1,1,2181038080,33554432,,,,,,,,,,2026-04-18 15:24:44.
0,98/111,5/19,Contraction_l_Alik_Bjlk_Cijk_Dijk,"(8192,1024,1,8192)",Cijk_Alik_Bjlk_I8II_BH_MT64x64x16_SN_GLVWA4_GRVW16_K1_SU32_SUS256_TT4_4,NO_CHECK,22054.8,6231.7,,1,64,32,1,1,1,1,2181038080,33554432,,,,,,,,,,2026-04-18 15:24:44.
0,98/111,6/19,Contraction_l_Alik_Bjlk_Cijk_Dijk,"(8192,1024,1,8192)",Cijk_Alik_Bjlk_I8II_BH_MT128x64x16_SN_GLVWA4_GRVW4_K1_SU0_SUS0_TT8_4,NO_CHECK,18236.9,7536.29,,1,32,32,1,1,1,1,1644167168,33554432,,,,,,,,,,2026-04-18 15:24:44.
0,98/111,7/19,Contraction_l_Alik_Bjlk_Cijk_Dijk,"(8192,1024,1,8192)",Cijk_Alik_Bjlk_I8II_BH_MT128x64x16_SN_GLVWA8_GRVW8_K1_SU0_SUS0_TT8_4,NO_CHECK,17544.2,7833.86,,1,32,32,1,1,1,1,1644167168,33554432,,,,,,,,,,2026-04-18 15:24:44.
0,98/111,8/19,Contraction_l_Alik_Bjlk_Cijk_Dijk,"(8192,1024,1,8192)",Cijk_Alik_Bjlk_I8II_BH_MT128x64x16_SN_GLVWA8_GRVW16_K1_SU0_SUS0_TT8_4,NO_CHECK,18316.6,7503.54,,1,32,32,1,1,1,1,1644167168,33554432,,,,,,,,,,2026-04-18 15:24:44.
0,98/111,9/19,Contraction_l_Alik_Bjlk_Cijk_Dijk,"(8192,1024,1,8192)",Cijk_Alik_Bjlk_I8II_BH_MT128x64x16_SN_GLVWA4_GRVW4_K1_SU32_SUS256_TT8_4,NO_CHECK,18440.3,7453.18,,1,32,32,1,1,1,1,1644167168,33554432,,,,,,,,,,2026-04-18 15:24:44.
0,98/111,10/19,Contraction_l_Alik_Bjlk_Cijk_Dijk,"(8192,1024,1,8192)",Cijk_Alik_Bjlk_I8II_BH_MT128x64x16_SN_GLVWA8_GRVW8_K1_SU32_SUS256_TT8_4,NO_CHECK,17712.4,7759.47,,1,32,32,1,1,1,1,1644167168,33554432,,,,,,,,,,2026-04-18 15:24:44.
0,98/111,11/19,Contraction_l_Alik_Bjlk_Cijk_Dijk,"(8192,1024,1,8192)",Cijk_Alik_Bjlk_I8II_BH_MT128x64x16_SN_GLVWA8_GRVW16_K1_SU32_SUS256_TT8_4,NO_CHECK,17780.9,7729.6,,1,32,32,1,1,1,1,1644167168,33554432,,,,,,,,,,2026-04-18 15:24:44.
0,98/111,12/19,Contraction_l_Alik_Bjlk_Cijk_Dijk,"(8192,1024,1,8192)",Cijk_Alik_Bjlk_I8II_BH_MT64x128x16_SN_GLVWA4_GRVW4_K1_SU0_SUS0_TT4_8,NO_CHECK,17961.7,7651.76,,1,32,32,1,1,1,1,1644167168,33554432,,,,,,,,,,2026-04-18 15:24:44.
0,98/111,13/19,Contraction_l_Alik_Bjlk_Cijk_Dijk,"(8192,1024,1,8192)",Cijk_Alik_Bjlk_I8II_BH_MT64x128x16_SN_GLVWA4_GRVW4_K1_SU32_SUS256_TT4_8,NO_CHECK,17990.5,7639.53,,1,32,32,1,1,1,1,1644167168,33554432,,,,,,,,,,2026-04-18 15:24:44.
0,98/111,14/19,Contraction_l_Alik_Bjlk_Cijk_Dijk,"(8192,1024,1,8192)",Cijk_Alik_Bjlk_I8II_BH_MT64x64x32_SN_GLVWA4_GRVW4_K1_SU0_SUS0_TT4_4,NO_CHECK,22333.8,6153.86,,1,64,32,1,1,1,1,2181038080,33554432,,,,,,,,,,2026-04-18 15:24:44.
0,98/111,15/19,Contraction_l_Alik_Bjlk_Cijk_Dijk,"(8192,1024,1,8192)",Cijk_Alik_Bjlk_I8II_BH_MT64x64x32_SN_GLVWA4_GRVW4_K1_SU32_SUS256_TT4_4,NO_CHECK,22021.2,6241.2,,1,64,32,1,1,1,1,2181038080,33554432,,,,,,,,,,2026-04-18 15:24:44.
0,98/111,16/19,Contraction_l_Alik_Bjlk_Cijk_Dijk,"(8192,1024,1,8192)",Cijk_Alik_Bjlk_I8II_BH_MT128x64x32_SN_GLVWA4_GRVW4_K1_SU0_SUS0_TT8_4,NO_CHECK,17833.9,7706.59,,1,32,32,1,1,1,1,1644167168,33554432,,,,,,,,,,2026-04-18 15:24:44.
0,98/111,17/19,Contraction_l_Alik_Bjlk_Cijk_Dijk,"(8192,1024,1,8192)",Cijk_Alik_Bjlk_I8II_BH_MT128x64x32_SN_GLVWA4_GRVW4_K1_SU32_SUS256_TT8_4,NO_CHECK,18285,7516.51,,1,32,32,1,1,1,1,1644167168,33554432,,,,,,,,,,2026-04-18 15:24:44.
0,98/111,18/19,Contraction_l_Alik_Bjlk_Cijk_Dijk,"(8192,1024,1,8192)",Cijk_Alik_Bjlk_I8II_BH_MT64x128x32_SN_GLVWA4_GRVW4_K1_SU0_SUS0_TT4_8,NO_CHECK,17961.1,7652.05,,1,32,32,1,1,1,1,1644167168,33554432,,,,,,,,,,2026-04-18 15:24:44.
0,98/111,19/19,Contraction_l_Alik_Bjlk_Cijk_Dijk,"(8192,1024,1,8192)",Cijk_Alik_Bjlk_I8II_BH_MT64x128x32_SN_GLVWA4_GRVW4_K1_SU32_SUS256_TT4_8,NO_CHECK,18007.9,7632.14,,1,32,32,1,1,1,1,1644167168,33554432,,,,,,,,,,2026-04-18 15:24:45.
0,99/111,0/19,Contraction_l_Alik_Bjlk_Cijk_Dijk,"(8192,1024,1,14336)",Cijk_Alik_Bjlk_I8II_BH_MT64x64x16_SN_GLVWA4_GRVW4_K1_SU0_SUS0_TT4_4,NO_CHECK,38754,6206.28,,1,64,32,1,1,1,1,3791650816,33554432,,,,,,,,,,2026-04-18 15:24:45.
0,99/111,1/19,Contraction_l_Alik_Bjlk_Cijk_Dijk,"(8192,1024,1,14336)",Cijk_Alik_Bjlk_I8II_BH_MT64x64x16_SN_GLVWA4_GRVW8_K1_SU0_SUS0_TT4_4,NO_CHECK,40091.9,5999.18,,1,64,32,1,1,1,1,3791650816,33554432,,,,,,,,,,2026-04-18 15:24:45.
0,99/111,2/19,Contraction_l_Alik_Bjlk_Cijk_Dijk,"(8192,1024,1,14336)",Cijk_Alik_Bjlk_I8II_BH_MT64x64x16_SN_GLVWA4_GRVW16_K1_SU0_SUS0_TT4_4,NO_CHECK,38844.7,6191.79,,1,64,32,1,1,1,1,3791650816,33554432,,,,,,,,,,2026-04-18 15:24:45.
0,99/111,3/19,Contraction_l_Alik_Bjlk_Cijk_Dijk,"(8192,1024,1,14336)",Cijk_Alik_Bjlk_I8II_BH_MT64x64x16_SN_GLVWA4_GRVW4_K1_SU32_SUS256_TT4_4,NO_CHECK,39151.3,6143.31,,1,64,32,1,1,1,1,3791650816,33554432,,,,,,,,,,2026-04-18 15:24:45.
0,99/111,4/19,Contraction_l_Alik_Bjlk_Cijk_Dijk,"(8192,1024,1,14336)",Cijk_Alik_Bjlk_I8II_BH_MT64x64x16_SN_GLVWA4_GRVW8_K1_SU32_SUS256_TT4_4,NO_CHECK,39688.9,6060.08,,1,64,32,1,1,1,1,3791650816,33554432,,,,,,,,,,2026-04-18 15:24:45.
0,99/111,5/19,Contraction_l_Alik_Bjlk_Cijk_Dijk,"(8192,1024,1,14336)",Cijk_Alik_Bjlk_I8II_BH_MT64x64x16_SN_GLVWA4_GRVW16_K1_SU32_SUS256_TT4_4,NO_CHECK,39111,6149.63,,1,64,32,1,1,1,1,3791650816,33554432,,,,,,,,,,2026-04-18 15:24:45.
0,99/111,6/19,Contraction_l_Alik_Bjlk_Cijk_Dijk,"(8192,1024,1,14336)",Cijk_Alik_Bjlk_I8II_BH_MT128x64x16_SN_GLVWA4_GRVW4_K1_SU0_SUS0_TT8_4,NO_CHECK,30987.7,7761.73,,1,32,32,1,1,1,1,2852126720,33554432,,,,,,,,,,2026-04-18 15:24:45.
0,99/111,7/19,Contraction_l_Alik_Bjlk_Cijk_Dijk,"(8192,1024,1,14336)",Cijk_Alik_Bjlk_I8II_BH_MT128x64x16_SN_GLVWA8_GRVW8_K1_SU0_SUS0_TT8_4,NO_CHECK,31602.8,7610.66,,1,32,32,1,1,1,1,2852126720,33554432,,,,,,,,,,2026-04-18 15:24:45.
0,99/111,8/19,Contraction_l_Alik_Bjlk_Cijk_Dijk,"(8192,1024,1,14336)",Cijk_Alik_Bjlk_I8II_BH_MT128x64x16_SN_GLVWA8_GRVW16_K1_SU0_SUS0_TT8_4,NO_CHECK,31759.3,7573.15,,1,32,32,1,1,1,1,2852126720,33554432,,,,,,,,,,2026-04-18 15:24:45.
0,99/111,9/19,Contraction_l_Alik_Bjlk_Cijk_Dijk,"(8192,1024,1,14336)",Cijk_Alik_Bjlk_I8II_BH_MT128x64x16_SN_GLVWA4_GRVW4_K1_SU32_SUS256_TT8_4,NO_CHECK,31646.9,7600.04,,1,32,32,1,1,1,1,2852126720,33554432,,,,,,,,,,2026-04-18 15:24:45.
0,99/111,10/19,Contraction_l_Alik_Bjlk_Cijk_Dijk,"(8192,1024,1,14336)",Cijk_Alik_Bjlk_I8II_BH_MT128x64x16_SN_GLVWA8_GRVW8_K1_SU32_SUS256_TT8_4,NO_CHECK,31602,7610.86,,1,32,32,1,1,1,1,2852126720,33554432,,,,,,,,,,2026-04-18 15:24:45.
0,99/111,11/19,Contraction_l_Alik_Bjlk_Cijk_Dijk,"(8192,1024,1,14336)",Cijk_Alik_Bjlk_I8II_BH_MT128x64x16_SN_GLVWA8_GRVW16_K1_SU32_SUS256_TT8_4,NO_CHECK,30668.9,7842.42,,1,32,32,1,1,1,1,2852126720,33554432,,,,,,,,,,2026-04-18 15:24:45.
0,99/111,12/19,Contraction_l_Alik_Bjlk_Cijk_Dijk,"(8192,1024,1,14336)",Cijk_Alik_Bjlk_I8II_BH_MT64x128x16_SN_GLVWA4_GRVW4_K1_SU0_SUS0_TT4_8,NO_CHECK,32377.9,7428.47,,1,32,32,1,1,1,1,2852126720,33554432,,,,,,,,,,2026-04-18 15:24:45.
0,99/111,13/19,Contraction_l_Alik_Bjlk_Cijk_Dijk,"(8192,1024,1,14336)",Cijk_Alik_Bjlk_I8II_BH_MT64x128x16_SN_GLVWA4_GRVW4_K1_SU32_SUS256_TT4_8,NO_CHECK,31439.4,7650.21,,1,32,32,1,1,1,1,2852126720,33554432,,,,,,,,,,2026-04-18 15:24:45.
0,99/111,14/19,Contraction_l_Alik_Bjlk_Cijk_Dijk,"(8192,1024,1,14336)",Cijk_Alik_Bjlk_I8II_BH_MT64x64x32_SN_GLVWA4_GRVW4_K1_SU0_SUS0_TT4_4,NO_CHECK,38792.3,6200.16,,1,64,32,1,1,1,1,3791650816,33554432,,,,,,,,,,2026-04-18 15:24:45.
0,99/111,15/19,Contraction_l_Alik_Bjlk_Cijk_Dijk,"(8192,1024,1,14336)",Cijk_Alik_Bjlk_I8II_BH_MT64x64x32_SN_GLVWA4_GRVW4_K1_SU32_SUS256_TT4_4,NO_CHECK,39148.4,6143.75,,1,64,32,1,1,1,1,3791650816,33554432,,,,,,,,,,2026-04-18 15:24:45.
0,99/111,16/19,Contraction_l_Alik_Bjlk_Cijk_Dijk,"(8192,1024,1,14336)",Cijk_Alik_Bjlk_I8II_BH_MT128x64x32_SN_GLVWA4_GRVW4_K1_SU0_SUS0_TT8_4,NO_CHECK,31702.7,7586.67,,1,32,32,1,1,1,1,2852126720,33554432,,,,,,,,,,2026-04-18 15:24:45.
0,99/111,17/19,Contraction_l_Alik_Bjlk_Cijk_Dijk,"(8192,1024,1,14336)",Cijk_Alik_Bjlk_I8II_BH_MT128x64x32_SN_GLVWA4_GRVW4_K1_SU32_SUS256_TT8_4,NO_CHECK,31612,7608.45,,1,32,32,1,1,1,1,2852126720,33554432,,,,,,,,,,2026-04-18 15:24:45.
0,99/111,18/19,Contraction_l_Alik_Bjlk_Cijk_Dijk,"(8192,1024,1,14336)",Cijk_Alik_Bjlk_I8II_BH_MT64x128x32_SN_GLVWA4_GRVW4_K1_SU0_SUS0_TT4_8,NO_CHECK,31416.1,7655.89,,1,32,32,1,1,1,1,2852126720,33554432,,,,,,,,,,2026-04-18 15:24:45.
0,99/111,19/19,Contraction_l_Alik_Bjlk_Cijk_Dijk,"(8192,1024,1,14336)",Cijk_Alik_Bjlk_I8II_BH_MT64x128x32_SN_GLVWA4_GRVW4_K1_SU32_SUS256_TT4_8,NO_CHECK,31419.5,7655.06,,1,32,32,1,1,1,1,2852126720,33554432,,,,,,,,,,2026-04-18 15:24:45.
0,100/111,0/19,Contraction_l_Alik_Bjlk_Cijk_Dijk,"(8192,4096,1,1024)",Cijk_Alik_Bjlk_I8II_BH_MT64x64x16_SN_GLVWA4_GRVW4_K1_SU0_SUS0_TT4_4,NO_CHECK,11157.4,6159.11,,1,256,32,1,1,1,1,1207959552,134217728,,,,,,,,,,2026-04-18 15:24:45.
0,100/111,1/19,Contraction_l_Alik_Bjlk_Cijk_Dijk,"(8192,4096,1,1024)",Cijk_Alik_Bjlk_I8II_BH_MT64x64x16_SN_GLVWA4_GRVW8_K1_SU0_SUS0_TT4_4,NO_CHECK,11098.3,6191.9,,1,256,32,1,1,1,1,1207959552,134217728,,,,,,,,,,2026-04-18 15:24:45.
0,100/111,2/19,Contraction_l_Alik_Bjlk_Cijk_Dijk,"(8192,4096,1,1024)",Cijk_Alik_Bjlk_I8II_BH_MT64x64x16_SN_GLVWA4_GRVW16_K1_SU0_SUS0_TT4_4,NO_CHECK,11036.7,6226.46,,1,256,32,1,1,1,1,1207959552,134217728,,,,,,,,,,2026-04-18 15:24:45.
0,100/111,3/19,Contraction_l_Alik_Bjlk_Cijk_Dijk,"(8192,4096,1,1024)",Cijk_Alik_Bjlk_I8II_BH_MT64x64x16_SN_GLVWA4_GRVW4_K1_SU32_SUS256_TT4_4,NO_CHECK,11352.3,6053.36,,1,256,32,1,1,1,1,1207959552,134217728,,,,,,,,,,2026-04-18 15:24:45.
0,100/111,4/19,Contraction_l_Alik_Bjlk_Cijk_Dijk,"(8192,4096,1,1024)",Cijk_Alik_Bjlk_I8II_BH_MT64x64x16_SN_GLVWA4_GRVW8_K1_SU32_SUS256_TT4_4,NO_CHECK,11146,6165.39,,1,256,32,1,1,1,1,1207959552,134217728,,,,,,,,,,2026-04-18 15:24:45.
0,100/111,5/19,Contraction_l_Alik_Bjlk_Cijk_Dijk,"(8192,4096,1,1024)",Cijk_Alik_Bjlk_I8II_BH_MT64x64x16_SN_GLVWA4_GRVW16_K1_SU32_SUS256_TT4_4,NO_CHECK,11123.7,6177.74,,1,256,32,1,1,1,1,1207959552,134217728,,,,,,,,,,2026-04-18 15:24:45.
0,100/111,6/19,Contraction_l_Alik_Bjlk_Cijk_Dijk,"(8192,4096,1,1024)",Cijk_Alik_Bjlk_I8II_BH_MT128x64x16_SN_GLVWA4_GRVW4_K1_SU0_SUS0_TT8_4,NO_CHECK,9033.93,7606.82,,1,128,32,1,1,1,1,939524096,134217728,,,,,,,,,,2026-04-18 15:24:45.
0,100/111,7/19,Contraction_l_Alik_Bjlk_Cijk_Dijk,"(8192,4096,1,1024)",Cijk_Alik_Bjlk_I8II_BH_MT128x64x16_SN_GLVWA8_GRVW8_K1_SU0_SUS0_TT8_4,NO_CHECK,9010.13,7626.91,,1,128,32,1,1,1,1,939524096,134217728,,,,,,,,,,2026-04-18 15:24:45.
0,100/111,8/19,Contraction_l_Alik_Bjlk_Cijk_Dijk,"(8192,4096,1,1024)",Cijk_Alik_Bjlk_I8II_BH_MT128x64x16_SN_GLVWA8_GRVW16_K1_SU0_SUS0_TT8_4,NO_CHECK,8876.57,7741.67,,1,128,32,1,1,1,1,939524096,134217728,,,,,,,,,,2026-04-18 15:24:45.
0,100/111,9/19,Contraction_l_Alik_Bjlk_Cijk_Dijk,"(8192,4096,1,1024)",Cijk_Alik_Bjlk_I8II_BH_MT128x64x16_SN_GLVWA4_GRVW4_K1_SU32_SUS256_TT8_4,NO_CHECK,8992.57,7641.8,,1,128,32,1,1,1,1,939524096,134217728,,,,,,,,,,2026-04-18 15:24:45.
0,100/111,10/19,Contraction_l_Alik_Bjlk_Cijk_Dijk,"(8192,4096,1,1024)",Cijk_Alik_Bjlk_I8II_BH_MT128x64x16_SN_GLVWA8_GRVW8_K1_SU32_SUS256_TT8_4,NO_CHECK,8887.77,7731.91,,1,128,32,1,1,1,1,939524096,134217728,,,,,,,,,,2026-04-18 15:24:45.
0,100/111,11/19,Contraction_l_Alik_Bjlk_Cijk_Dijk,"(8192,4096,1,1024)",Cijk_Alik_Bjlk_I8II_BH_MT128x64x16_SN_GLVWA8_GRVW16_K1_SU32_SUS256_TT8_4,NO_CHECK,8927.01,7697.93,,1,128,32,1,1,1,1,939524096,134217728,,,,,,,,,,2026-04-18 15:24:45.
0,100/111,12/19,Contraction_l_Alik_Bjlk_Cijk_Dijk,"(8192,4096,1,1024)",Cijk_Alik_Bjlk_I8II_BH_MT64x128x16_SN_GLVWA4_GRVW4_K1_SU0_SUS0_TT4_8,NO_CHECK,8839.13,7774.46,,1,128,32,1,1,1,1,939524096,134217728,,,,,,,,,,2026-04-18 15:24:45.
0,100/111,13/19,Contraction_l_Alik_Bjlk_Cijk_Dijk,"(8192,4096,1,1024)",Cijk_Alik_Bjlk_I8II_BH_MT64x128x16_SN_GLVWA4_GRVW4_K1_SU32_SUS256_TT4_8,NO_CHECK,8928.81,7696.37,,1,128,32,1,1,1,1,939524096,134217728,,,,,,,,,,2026-04-18 15:24:45.
0,100/111,14/19,Contraction_l_Alik_Bjlk_Cijk_Dijk,"(8192,4096,1,1024)",Cijk_Alik_Bjlk_I8II_BH_MT64x64x32_SN_GLVWA4_GRVW4_K1_SU0_SUS0_TT4_4,NO_CHECK,11305.6,6078.35,,1,256,32,1,1,1,1,1207959552,134217728,,,,,,,,,,2026-04-18 15:24:45.
0,100/111,15/19,Contraction_l_Alik_Bjlk_Cijk_Dijk,"(8192,4096,1,1024)",Cijk_Alik_Bjlk_I8II_BH_MT64x64x32_SN_GLVWA4_GRVW4_K1_SU32_SUS256_TT4_4,NO_CHECK,11117.3,6181.32,,1,256,32,1,1,1,1,1207959552,134217728,,,,,,,,,,2026-04-18 15:24:45.
0,100/111,16/19,Contraction_l_Alik_Bjlk_Cijk_Dijk,"(8192,4096,1,1024)",Cijk_Alik_Bjlk_I8II_BH_MT128x64x32_SN_GLVWA4_GRVW4_K1_SU0_SUS0_TT8_4,NO_CHECK,8938.53,7688,,1,128,32,1,1,1,1,939524096,134217728,,,,,,,,,,2026-04-18 15:24:45.
0,100/111,17/19,Contraction_l_Alik_Bjlk_Cijk_Dijk,"(8192,4096,1,1024)",Cijk_Alik_Bjlk_I8II_BH_MT128x64x32_SN_GLVWA4_GRVW4_K1_SU32_SUS256_TT8_4,NO_CHECK,8938.13,7688.35,,1,128,32,1,1,1,1,939524096,134217728,,,,,,,,,,2026-04-18 15:24:45.
0,100/111,18/19,Contraction_l_Alik_Bjlk_Cijk_Dijk,"(8192,4096,1,1024)",Cijk_Alik_Bjlk_I8II_BH_MT64x128x32_SN_GLVWA4_GRVW4_K1_SU0_SUS0_TT4_8,NO_CHECK,8860.33,7755.86,,1,128,32,1,1,1,1,939524096,134217728,,,,,,,,,,2026-04-18 15:24:45.
0,100/111,19/19,Contraction_l_Alik_Bjlk_Cijk_Dijk,"(8192,4096,1,1024)",Cijk_Alik_Bjlk_I8II_BH_MT64x128x32_SN_GLVWA4_GRVW4_K1_SU32_SUS256_TT4_8,NO_CHECK,8869.29,7748.02,,1,128,32,1,1,1,1,939524096,134217728,,,,,,,,,,2026-04-18 15:24:45.
0,101/111,0/19,Contraction_l_Alik_Bjlk_Cijk_Dijk,"(8192,4096,1,4096)",Cijk_Alik_Bjlk_I8II_BH_MT64x64x16_SN_GLVWA4_GRVW4_K1_SU0_SUS0_TT4_4,NO_CHECK,43981.5,6249.85,,1,256,32,1,1,1,1,4429185024,134217728,,,,,,,,,,2026-04-18 15:24:45.
0,101/111,1/19,Contraction_l_Alik_Bjlk_Cijk_Dijk,"(8192,4096,1,4096)",Cijk_Alik_Bjlk_I8II_BH_MT64x64x16_SN_GLVWA4_GRVW8_K1_SU0_SUS0_TT4_4,NO_CHECK,43916.7,6259.07,,1,256,32,1,1,1,1,4429185024,134217728,,,,,,,,,,2026-04-18 15:24:45.
0,101/111,2/19,Contraction_l_Alik_Bjlk_Cijk_Dijk,"(8192,4096,1,4096)",Cijk_Alik_Bjlk_I8II_BH_MT64x64x16_SN_GLVWA4_GRVW16_K1_SU0_SUS0_TT4_4,NO_CHECK,43910,6260.03,,1,256,32,1,1,1,1,4429185024,134217728,,,,,,,,,,2026-04-18 15:24:46.
0,101/111,3/19,Contraction_l_Alik_Bjlk_Cijk_Dijk,"(8192,4096,1,4096)",Cijk_Alik_Bjlk_I8II_BH_MT64x64x16_SN_GLVWA4_GRVW4_K1_SU32_SUS256_TT4_4,NO_CHECK,43955.8,6253.51,,1,256,32,1,1,1,1,4429185024,134217728,,,,,,,,,,2026-04-18 15:24:46.
0,101/111,4/19,Contraction_l_Alik_Bjlk_Cijk_Dijk,"(8192,4096,1,4096)",Cijk_Alik_Bjlk_I8II_BH_MT64x64x16_SN_GLVWA4_GRVW8_K1_SU32_SUS256_TT4_4,NO_CHECK,43993.8,6248.11,,1,256,32,1,1,1,1,4429185024,134217728,,,,,,,,,,2026-04-18 15:24:46.
0,101/111,5/19,Contraction_l_Alik_Bjlk_Cijk_Dijk,"(8192,4096,1,4096)",Cijk_Alik_Bjlk_I8II_BH_MT64x64x16_SN_GLVWA4_GRVW16_K1_SU32_SUS256_TT4_4,NO_CHECK,44764.1,6140.59,,1,256,32,1,1,1,1,4429185024,134217728,,,,,,,,,,2026-04-18 15:24:46.
0,101/111,6/19,Contraction_l_Alik_Bjlk_Cijk_Dijk,"(8192,4096,1,4096)",Cijk_Alik_Bjlk_I8II_BH_MT128x64x16_SN_GLVWA4_GRVW4_K1_SU0_SUS0_TT8_4,NO_CHECK,35310.4,7784.61,,1,128,32,1,1,1,1,3355443200,134217728,,,,,,,,,,2026-04-18 15:24:46.
0,101/111,7/19,Contraction_l_Alik_Bjlk_Cijk_Dijk,"(8192,4096,1,4096)",Cijk_Alik_Bjlk_I8II_BH_MT128x64x16_SN_GLVWA8_GRVW8_K1_SU0_SUS0_TT8_4,NO_CHECK,35350.7,7775.74,,1,128,32,1,1,1,1,3355443200,134217728,,,,,,,,,,2026-04-18 15:24:46.
0,101/111,8/19,Contraction_l_Alik_Bjlk_Cijk_Dijk,"(8192,4096,1,4096)",Cijk_Alik_Bjlk_I8II_BH_MT128x64x16_SN_GLVWA8_GRVW16_K1_SU0_SUS0_TT8_4,NO_CHECK,35025,7848.04,,1,128,32,1,1,1,1,3355443200,134217728,,,,,,,,,,2026-04-18 15:24:46.
0,101/111,9/19,Contraction_l_Alik_Bjlk_Cijk_Dijk,"(8192,4096,1,4096)",Cijk_Alik_Bjlk_I8II_BH_MT128x64x16_SN_GLVWA4_GRVW4_K1_SU32_SUS256_TT8_4,NO_CHECK,35433.2,7757.64,,1,128,32,1,1,1,1,3355443200,134217728,,,,,,,,,,2026-04-18 15:24:46.
0,101/111,10/19,Contraction_l_Alik_Bjlk_Cijk_Dijk,"(8192,4096,1,4096)",Cijk_Alik_Bjlk_I8II_BH_MT128x64x16_SN_GLVWA8_GRVW8_K1_SU32_SUS256_TT8_4,NO_CHECK,35365.4,7772.5,,1,128,32,1,1,1,1,3355443200,134217728,,,,,,,,,,2026-04-18 15:24:46.
0,101/111,11/19,Contraction_l_Alik_Bjlk_Cijk_Dijk,"(8192,4096,1,4096)",Cijk_Alik_Bjlk_I8II_BH_MT128x64x16_SN_GLVWA8_GRVW16_K1_SU32_SUS256_TT8_4,NO_CHECK,35352.8,7775.28,,1,128,32,1,1,1,1,3355443200,134217728,,,,,,,,,,2026-04-18 15:24:46.
0,101/111,12/19,Contraction_l_Alik_Bjlk_Cijk_Dijk,"(8192,4096,1,4096)",Cijk_Alik_Bjlk_I8II_BH_MT64x128x16_SN_GLVWA4_GRVW4_K1_SU0_SUS0_TT4_8,NO_CHECK,35116.7,7827.56,,1,128,32,1,1,1,1,3355443200,134217728,,,,,,,,,,2026-04-18 15:24:46.
0,101/111,13/19,Contraction_l_Alik_Bjlk_Cijk_Dijk,"(8192,4096,1,4096)",Cijk_Alik_Bjlk_I8II_BH_MT64x128x16_SN_GLVWA4_GRVW4_K1_SU32_SUS256_TT4_8,NO_CHECK,35140.4,7822.28,,1,128,32,1,1,1,1,3355443200,134217728,,,,,,,,,,2026-04-18 15:24:46.
0,101/111,14/19,Contraction_l_Alik_Bjlk_Cijk_Dijk,"(8192,4096,1,4096)",Cijk_Alik_Bjlk_I8II_BH_MT64x64x32_SN_GLVWA4_GRVW4_K1_SU0_SUS0_TT4_4,NO_CHECK,44023.1,6243.95,,1,256,32,1,1,1,1,4429185024,134217728,,,,,,,,,,2026-04-18 15:24:46.
0,101/111,15/19,Contraction_l_Alik_Bjlk_Cijk_Dijk,"(8192,4096,1,4096)",Cijk_Alik_Bjlk_I8II_BH_MT64x64x32_SN_GLVWA4_GRVW4_K1_SU32_SUS256_TT4_4,NO_CHECK,44008.2,6246.07,,1,256,32,1,1,1,1,4429185024,134217728,,,,,,,,,,2026-04-18 15:24:46.
0,101/111,16/19,Contraction_l_Alik_Bjlk_Cijk_Dijk,"(8192,4096,1,4096)",Cijk_Alik_Bjlk_I8II_BH_MT128x64x32_SN_GLVWA4_GRVW4_K1_SU0_SUS0_TT8_4,NO_CHECK,35274.1,7792.62,,1,128,32,1,1,1,1,3355443200,134217728,,,,,,,,,,2026-04-18 15:24:46.
0,101/111,17/19,Contraction_l_Alik_Bjlk_Cijk_Dijk,"(8192,4096,1,4096)",Cijk_Alik_Bjlk_I8II_BH_MT128x64x32_SN_GLVWA4_GRVW4_K1_SU32_SUS256_TT8_4,NO_CHECK,35342.5,7777.54,,1,128,32,1,1,1,1,3355443200,134217728,,,,,,,,,,2026-04-18 15:24:46.
0,101/111,18/19,Contraction_l_Alik_Bjlk_Cijk_Dijk,"(8192,4096,1,4096)",Cijk_Alik_Bjlk_I8II_BH_MT64x128x32_SN_GLVWA4_GRVW4_K1_SU0_SUS0_TT4_8,NO_CHECK,35041.4,7844.38,,1,128,32,1,1,1,1,3355443200,134217728,,,,,,,,,,2026-04-18 15:24:46.
0,101/111,19/19,Contraction_l_Alik_Bjlk_Cijk_Dijk,"(8192,4096,1,4096)",Cijk_Alik_Bjlk_I8II_BH_MT64x128x32_SN_GLVWA4_GRVW4_K1_SU32_SUS256_TT4_8,NO_CHECK,35097.2,7831.91,,1,128,32,1,1,1,1,3355443200,134217728,,,,,,,,,,2026-04-18 15:24:46.
0,102/111,0/19,Contraction_l_Alik_Bjlk_Cijk_Dijk,"(8192,4096,1,8192)",Cijk_Alik_Bjlk_I8II_BH_MT64x64x16_SN_GLVWA4_GRVW4_K1_SU0_SUS0_TT4_4,NO_CHECK,88630.8,6202.77,,1,256,32,1,1,1,1,8724152320,134217728,,,,,,,,,,2026-04-18 15:24:46.
0,102/111,1/19,Contraction_l_Alik_Bjlk_Cijk_Dijk,"(8192,4096,1,8192)",Cijk_Alik_Bjlk_I8II_BH_MT64x64x16_SN_GLVWA4_GRVW8_K1_SU0_SUS0_TT4_4,NO_CHECK,88587.8,6205.77,,1,256,32,1,1,1,1,8724152320,134217728,,,,,,,,,,2026-04-18 15:24:46.
0,102/111,2/19,Contraction_l_Alik_Bjlk_Cijk_Dijk,"(8192,4096,1,8192)",Cijk_Alik_Bjlk_I8II_BH_MT64x64x16_SN_GLVWA4_GRVW16_K1_SU0_SUS0_TT4_4,NO_CHECK,88316.3,6224.85,,1,256,32,1,1,1,1,8724152320,134217728,,,,,,,,,,2026-04-18 15:24:46.
0,102/111,3/19,Contraction_l_Alik_Bjlk_Cijk_Dijk,"(8192,4096,1,8192)",Cijk_Alik_Bjlk_I8II_BH_MT64x64x16_SN_GLVWA4_GRVW4_K1_SU32_SUS256_TT4_4,NO_CHECK,87857.5,6257.35,,1,256,32,1,1,1,1,8724152320,134217728,,,,,,,,,,2026-04-18 15:24:46.
0,102/111,4/19,Contraction_l_Alik_Bjlk_Cijk_Dijk,"(8192,4096,1,8192)",Cijk_Alik_Bjlk_I8II_BH_MT64x64x16_SN_GLVWA4_GRVW8_K1_SU32_SUS256_TT4_4,NO_CHECK,87893.3,6254.81,,1,256,32,1,1,1,1,8724152320,134217728,,,,,,,,,,2026-04-18 15:24:47.
0,102/111,5/19,Contraction_l_Alik_Bjlk_Cijk_Dijk,"(8192,4096,1,8192)",Cijk_Alik_Bjlk_I8II_BH_MT64x64x16_SN_GLVWA4_GRVW16_K1_SU32_SUS256_TT4_4,NO_CHECK,87794.7,6261.83,,1,256,32,1,1,1,1,8724152320,134217728,,,,,,,,,,2026-04-18 15:24:47.
0,102/111,6/19,Contraction_l_Alik_Bjlk_Cijk_Dijk,"(8192,4096,1,8192)",Cijk_Alik_Bjlk_I8II_BH_MT128x64x16_SN_GLVWA4_GRVW4_K1_SU0_SUS0_TT8_4,NO_CHECK,70559,7791.44,,1,128,32,1,1,1,1,6576668672,134217728,,,,,,,,,,2026-04-18 15:24:47.
0,102/111,7/19,Contraction_l_Alik_Bjlk_Cijk_Dijk,"(8192,4096,1,8192)",Cijk_Alik_Bjlk_I8II_BH_MT128x64x16_SN_GLVWA8_GRVW8_K1_SU0_SUS0_TT8_4,NO_CHECK,70422.1,7806.59,,1,128,32,1,1,1,1,6576668672,134217728,,,,,,,,,,2026-04-18 15:24:47.
0,102/111,8/19,Contraction_l_Alik_Bjlk_Cijk_Dijk,"(8192,4096,1,8192)",Cijk_Alik_Bjlk_I8II_BH_MT128x64x16_SN_GLVWA8_GRVW16_K1_SU0_SUS0_TT8_4,NO_CHECK,70970.8,7746.22,,1,128,32,1,1,1,1,6576668672,134217728,,,,,,,,,,2026-04-18 15:24:47.
0,102/111,9/19,Contraction_l_Alik_Bjlk_Cijk_Dijk,"(8192,4096,1,8192)",Cijk_Alik_Bjlk_I8II_BH_MT128x64x16_SN_GLVWA4_GRVW4_K1_SU32_SUS256_TT8_4,NO_CHECK,70505.4,7797.35,,1,128,32,1,1,1,1,6576668672,134217728,,,,,,,,,,2026-04-18 15:24:47.
0,102/111,10/19,Contraction_l_Alik_Bjlk_Cijk_Dijk,"(8192,4096,1,8192)",Cijk_Alik_Bjlk_I8II_BH_MT128x64x16_SN_GLVWA8_GRVW8_K1_SU32_SUS256_TT8_4,NO_CHECK,70512.5,7796.57,,1,128,32,1,1,1,1,6576668672,134217728,,,,,,,,,,2026-04-18 15:24:47.
0,102/111,11/19,Contraction_l_Alik_Bjlk_Cijk_Dijk,"(8192,4096,1,8192)",Cijk_Alik_Bjlk_I8II_BH_MT128x64x16_SN_GLVWA8_GRVW16_K1_SU32_SUS256_TT8_4,NO_CHECK,70733.6,7772.21,,1,128,32,1,1,1,1,6576668672,134217728,,,,,,,,,,2026-04-18 15:24:47.
0,102/111,12/19,Contraction_l_Alik_Bjlk_Cijk_Dijk,"(8192,4096,1,8192)",Cijk_Alik_Bjlk_I8II_BH_MT64x128x16_SN_GLVWA4_GRVW4_K1_SU0_SUS0_TT4_8,NO_CHECK,70130.3,7839.06,,1,128,32,1,1,1,1,6576668672,134217728,,,,,,,,,,2026-04-18 15:24:47.
0,102/111,13/19,Contraction_l_Alik_Bjlk_Cijk_Dijk,"(8192,4096,1,8192)",Cijk_Alik_Bjlk_I8II_BH_MT64x128x16_SN_GLVWA4_GRVW4_K1_SU32_SUS256_TT4_8,NO_CHECK,70129.6,7839.14,,1,128,32,1,1,1,1,6576668672,134217728,,,,,,,,,,2026-04-18 15:24:47.
0,102/111,14/19,Contraction_l_Alik_Bjlk_Cijk_Dijk,"(8192,4096,1,8192)",Cijk_Alik_Bjlk_I8II_BH_MT64x64x32_SN_GLVWA4_GRVW4_K1_SU0_SUS0_TT4_4,NO_CHECK,88308.9,6225.37,,1,256,32,1,1,1,1,8724152320,134217728,,,,,,,,,,2026-04-18 15:24:47.
0,102/111,15/19,Contraction_l_Alik_Bjlk_Cijk_Dijk,"(8192,4096,1,8192)",Cijk_Alik_Bjlk_I8II_BH_MT64x64x32_SN_GLVWA4_GRVW4_K1_SU32_SUS256_TT4_4,NO_CHECK,88269.2,6228.17,,1,256,32,1,1,1,1,8724152320,134217728,,,,,,,,,,2026-04-18 15:24:47.
0,102/111,16/19,Contraction_l_Alik_Bjlk_Cijk_Dijk,"(8192,4096,1,8192)",Cijk_Alik_Bjlk_I8II_BH_MT128x64x32_SN_GLVWA4_GRVW4_K1_SU0_SUS0_TT8_4,NO_CHECK,70716.9,7774.04,,1,128,32,1,1,1,1,6576668672,134217728,,,,,,,,,,2026-04-18 15:24:47.
0,102/111,17/19,Contraction_l_Alik_Bjlk_Cijk_Dijk,"(8192,4096,1,8192)",Cijk_Alik_Bjlk_I8II_BH_MT128x64x32_SN_GLVWA4_GRVW4_K1_SU32_SUS256_TT8_4,NO_CHECK,70645.6,7781.89,,1,128,32,1,1,1,1,6576668672,134217728,,,,,,,,,,2026-04-18 15:24:48.
0,102/111,18/19,Contraction_l_Alik_Bjlk_Cijk_Dijk,"(8192,4096,1,8192)",Cijk_Alik_Bjlk_I8II_BH_MT64x128x32_SN_GLVWA4_GRVW4_K1_SU0_SUS0_TT4_8,NO_CHECK,70306.6,7819.41,,1,128,32,1,1,1,1,6576668672,134217728,,,,,,,,,,2026-04-18 15:24:48.
0,102/111,19/19,Contraction_l_Alik_Bjlk_Cijk_Dijk,"(8192,4096,1,8192)",Cijk_Alik_Bjlk_I8II_BH_MT64x128x32_SN_GLVWA4_GRVW4_K1_SU32_SUS256_TT4_8,NO_CHECK,70073.9,7845.37,,1,128,32,1,1,1,1,6576668672,134217728,,,,,,,,,,2026-04-18 15:24:48.
0,103/111,0/19,Contraction_l_Alik_Bjlk_Cijk_Dijk,"(8192,4096,1,14336)",Cijk_Alik_Bjlk_I8II_BH_MT64x64x16_SN_GLVWA4_GRVW4_K1_SU0_SUS0_TT4_4,NO_CHECK,155561,6184.55,,1,256,32,1,1,1,1,15166603264,134217728,,,,,,,,,,2026-04-18 15:24:48.
0,103/111,1/19,Contraction_l_Alik_Bjlk_Cijk_Dijk,"(8192,4096,1,14336)",Cijk_Alik_Bjlk_I8II_BH_MT64x64x16_SN_GLVWA4_GRVW8_K1_SU0_SUS0_TT4_4,NO_CHECK,153972,6248.35,,1,256,32,1,1,1,1,15166603264,134217728,,,,,,,,,,2026-04-18 15:24:48.
0,103/111,2/19,Contraction_l_Alik_Bjlk_Cijk_Dijk,"(8192,4096,1,14336)",Cijk_Alik_Bjlk_I8II_BH_MT64x64x16_SN_GLVWA4_GRVW16_K1_SU0_SUS0_TT4_4,NO_CHECK,154656,6220.74,,1,256,32,1,1,1,1,15166603264,134217728,,,,,,,,,,2026-04-18 15:24:48.
0,103/111,3/19,Contraction_l_Alik_Bjlk_Cijk_Dijk,"(8192,4096,1,14336)",Cijk_Alik_Bjlk_I8II_BH_MT64x64x16_SN_GLVWA4_GRVW4_K1_SU32_SUS256_TT4_4,NO_CHECK,153715,6258.82,,1,256,32,1,1,1,1,15166603264,134217728,,,,,,,,,,2026-04-18 15:24:48.
0,103/111,4/19,Contraction_l_Alik_Bjlk_Cijk_Dijk,"(8192,4096,1,14336)",Cijk_Alik_Bjlk_I8II_BH_MT64x64x16_SN_GLVWA4_GRVW8_K1_SU32_SUS256_TT4_4,NO_CHECK,153442,6269.94,,1,256,32,1,1,1,1,15166603264,134217728,,,,,,,,,,2026-04-18 15:24:48.
0,103/111,5/19,Contraction_l_Alik_Bjlk_Cijk_Dijk,"(8192,4096,1,14336)",Cijk_Alik_Bjlk_I8II_BH_MT64x64x16_SN_GLVWA4_GRVW16_K1_SU32_SUS256_TT4_4,NO_CHECK,154226,6238.07,,1,256,32,1,1,1,1,15166603264,134217728,,,,,,,,,,2026-04-18 15:24:49.
0,103/111,6/19,Contraction_l_Alik_Bjlk_Cijk_Dijk,"(8192,4096,1,14336)",Cijk_Alik_Bjlk_I8II_BH_MT128x64x16_SN_GLVWA4_GRVW4_K1_SU0_SUS0_TT8_4,NO_CHECK,122732,7838.8,,1,128,32,1,1,1,1,11408506880,134217728,,,,,,,,,,2026-04-18 15:24:49.
0,103/111,7/19,Contraction_l_Alik_Bjlk_Cijk_Dijk,"(8192,4096,1,14336)",Cijk_Alik_Bjlk_I8II_BH_MT128x64x16_SN_GLVWA8_GRVW8_K1_SU0_SUS0_TT8_4,NO_CHECK,123291,7803.28,,1,128,32,1,1,1,1,11408506880,134217728,,,,,,,,,,2026-04-18 15:24:49.
0,103/111,8/19,Contraction_l_Alik_Bjlk_Cijk_Dijk,"(8192,4096,1,14336)",Cijk_Alik_Bjlk_I8II_BH_MT128x64x16_SN_GLVWA8_GRVW16_K1_SU0_SUS0_TT8_4,NO_CHECK,123384,7797.42,,1,128,32,1,1,1,1,11408506880,134217728,,,,,,,,,,2026-04-18 15:24:49.
0,103/111,9/19,Contraction_l_Alik_Bjlk_Cijk_Dijk,"(8192,4096,1,14336)",Cijk_Alik_Bjlk_I8II_BH_MT128x64x16_SN_GLVWA4_GRVW4_K1_SU32_SUS256_TT8_4,NO_CHECK,123599,7783.85,,1,128,32,1,1,1,1,11408506880,134217728,,,,,,,,,,2026-04-18 15:24:49.
0,103/111,10/19,Contraction_l_Alik_Bjlk_Cijk_Dijk,"(8192,4096,1,14336)",Cijk_Alik_Bjlk_I8II_BH_MT128x64x16_SN_GLVWA8_GRVW8_K1_SU32_SUS256_TT8_4,NO_CHECK,124337,7737.65,,1,128,32,1,1,1,1,11408506880,134217728,,,,,,,,,,2026-04-18 15:24:49.
0,103/111,11/19,Contraction_l_Alik_Bjlk_Cijk_Dijk,"(8192,4096,1,14336)",Cijk_Alik_Bjlk_I8II_BH_MT128x64x16_SN_GLVWA8_GRVW16_K1_SU32_SUS256_TT8_4,NO_CHECK,123268,7804.75,,1,128,32,1,1,1,1,11408506880,134217728,,,,,,,,,,2026-04-18 15:24:49.
0,103/111,12/19,Contraction_l_Alik_Bjlk_Cijk_Dijk,"(8192,4096,1,14336)",Cijk_Alik_Bjlk_I8II_BH_MT64x128x16_SN_GLVWA4_GRVW4_K1_SU0_SUS0_TT4_8,NO_CHECK,123557,7786.46,,1,128,32,1,1,1,1,11408506880,134217728,,,,,,,,,,2026-04-18 15:24:49.
0,103/111,13/19,Contraction_l_Alik_Bjlk_Cijk_Dijk,"(8192,4096,1,14336)",Cijk_Alik_Bjlk_I8II_BH_MT64x128x16_SN_GLVWA4_GRVW4_K1_SU32_SUS256_TT4_8,NO_CHECK,122572,7849.04,,1,128,32,1,1,1,1,11408506880,134217728,,,,,,,,,,2026-04-18 15:24:50.
0,103/111,14/19,Contraction_l_Alik_Bjlk_Cijk_Dijk,"(8192,4096,1,14336)",Cijk_Alik_Bjlk_I8II_BH_MT64x64x32_SN_GLVWA4_GRVW4_K1_SU0_SUS0_TT4_4,NO_CHECK,153832,6254.03,,1,256,32,1,1,1,1,15166603264,134217728,,,,,,,,,,2026-04-18 15:24:50.
0,103/111,15/19,Contraction_l_Alik_Bjlk_Cijk_Dijk,"(8192,4096,1,14336)",Cijk_Alik_Bjlk_I8II_BH_MT64x64x32_SN_GLVWA4_GRVW4_K1_SU32_SUS256_TT4_4,NO_CHECK,154249,6237.15,,1,256,32,1,1,1,1,15166603264,134217728,,,,,,,,,,2026-04-18 15:24:50.
0,103/111,16/19,Contraction_l_Alik_Bjlk_Cijk_Dijk,"(8192,4096,1,14336)",Cijk_Alik_Bjlk_I8II_BH_MT128x64x32_SN_GLVWA4_GRVW4_K1_SU0_SUS0_TT8_4,NO_CHECK,122824,7832.96,,1,128,32,1,1,1,1,11408506880,134217728,,,,,,,,,,2026-04-18 15:24:50.
0,103/111,17/19,Contraction_l_Alik_Bjlk_Cijk_Dijk,"(8192,4096,1,14336)",Cijk_Alik_Bjlk_I8II_BH_MT128x64x32_SN_GLVWA4_GRVW4_K1_SU32_SUS256_TT8_4,NO_CHECK,123735,7775.24,,1,128,32,1,1,1,1,11408506880,134217728,,,,,,,,,,2026-04-18 15:24:50.
0,103/111,18/19,Contraction_l_Alik_Bjlk_Cijk_Dijk,"(8192,4096,1,14336)",Cijk_Alik_Bjlk_I8II_BH_MT64x128x32_SN_GLVWA4_GRVW4_K1_SU0_SUS0_TT4_8,NO_CHECK,122570,7849.16,,1,128,32,1,1,1,1,11408506880,134217728,,,,,,,,,,2026-04-18 15:24:50.
0,103/111,19/19,Contraction_l_Alik_Bjlk_Cijk_Dijk,"(8192,4096,1,14336)",Cijk_Alik_Bjlk_I8II_BH_MT64x128x32_SN_GLVWA4_GRVW4_K1_SU32_SUS256_TT4_8,NO_CHECK,122495,7854.01,,1,128,32,1,1,1,1,11408506880,134217728,,,,,,,,,,2026-04-18 15:24:50.
0,104/111,0/19,Contraction_l_Alik_Bjlk_Cijk_Dijk,"(8192,8192,1,1024)",Cijk_Alik_Bjlk_I8II_BH_MT64x64x16_SN_GLVWA4_GRVW4_K1_SU0_SUS0_TT4_4,NO_CHECK,22140,6207.73,,1,512,32,1,1,1,1,2415919104,268435456,,,,,,,,,,2026-04-18 15:24:50.
0,104/111,1/19,Contraction_l_Alik_Bjlk_Cijk_Dijk,"(8192,8192,1,1024)",Cijk_Alik_Bjlk_I8II_BH_MT64x64x16_SN_GLVWA4_GRVW8_K1_SU0_SUS0_TT4_4,NO_CHECK,22055,6231.66,,1,512,32,1,1,1,1,2415919104,268435456,,,,,,,,,,2026-04-18 15:24:50.
0,104/111,2/19,Contraction_l_Alik_Bjlk_Cijk_Dijk,"(8192,8192,1,1024)",Cijk_Alik_Bjlk_I8II_BH_MT64x64x16_SN_GLVWA4_GRVW16_K1_SU0_SUS0_TT4_4,NO_CHECK,22088.8,6222.12,,1,512,32,1,1,1,1,2415919104,268435456,,,,,,,,,,2026-04-18 15:24:51.
0,104/111,3/19,Contraction_l_Alik_Bjlk_Cijk_Dijk,"(8192,8192,1,1024)",Cijk_Alik_Bjlk_I8II_BH_MT64x64x16_SN_GLVWA4_GRVW4_K1_SU32_SUS256_TT4_4,NO_CHECK,22174.9,6197.97,,1,512,32,1,1,1,1,2415919104,268435456,,,,,,,,,,2026-04-18 15:24:51.
0,104/111,4/19,Contraction_l_Alik_Bjlk_Cijk_Dijk,"(8192,8192,1,1024)",Cijk_Alik_Bjlk_I8II_BH_MT64x64x16_SN_GLVWA4_GRVW8_K1_SU32_SUS256_TT4_4,NO_CHECK,22134.5,6209.26,,1,512,32,1,1,1,1,2415919104,268435456,,,,,,,,,,2026-04-18 15:24:51.
0,104/111,5/19,Contraction_l_Alik_Bjlk_Cijk_Dijk,"(8192,8192,1,1024)",Cijk_Alik_Bjlk_I8II_BH_MT64x64x16_SN_GLVWA4_GRVW16_K1_SU32_SUS256_TT4_4,NO_CHECK,22156.9,6202.98,,1,512,32,1,1,1,1,2415919104,268435456,,,,,,,,,,2026-04-18 15:24:51.
0,104/111,6/19,Contraction_l_Alik_Bjlk_Cijk_Dijk,"(8192,8192,1,1024)",Cijk_Alik_Bjlk_I8II_BH_MT128x64x16_SN_GLVWA4_GRVW4_K1_SU0_SUS0_TT8_4,NO_CHECK,17680.2,7773.6,,1,256,32,1,1,1,1,1879048192,268435456,,,,,,,,,,2026-04-18 15:24:51.
0,104/111,7/19,Contraction_l_Alik_Bjlk_Cijk_Dijk,"(8192,8192,1,1024)",Cijk_Alik_Bjlk_I8II_BH_MT128x64x16_SN_GLVWA8_GRVW8_K1_SU0_SUS0_TT8_4,NO_CHECK,17600.3,7808.9,,1,256,32,1,1,1,1,1879048192,268435456,,,,,,,,,,2026-04-18 15:24:51.
0,104/111,8/19,Contraction_l_Alik_Bjlk_Cijk_Dijk,"(8192,8192,1,1024)",Cijk_Alik_Bjlk_I8II_BH_MT128x64x16_SN_GLVWA8_GRVW16_K1_SU0_SUS0_TT8_4,NO_CHECK,17645,7789.12,,1,256,32,1,1,1,1,1879048192,268435456,,,,,,,,,,2026-04-18 15:24:51.
0,104/111,9/19,Contraction_l_Alik_Bjlk_Cijk_Dijk,"(8192,8192,1,1024)",Cijk_Alik_Bjlk_I8II_BH_MT128x64x16_SN_GLVWA4_GRVW4_K1_SU32_SUS256_TT8_4,NO_CHECK,17726.8,7753.18,,1,256,32,1,1,1,1,1879048192,268435456,,,,,,,,,,2026-04-18 15:24:51.
0,104/111,10/19,Contraction_l_Alik_Bjlk_Cijk_Dijk,"(8192,8192,1,1024)",Cijk_Alik_Bjlk_I8II_BH_MT128x64x16_SN_GLVWA8_GRVW8_K1_SU32_SUS256_TT8_4,NO_CHECK,17670.4,7777.93,,1,256,32,1,1,1,1,1879048192,268435456,,,,,,,,,,2026-04-18 15:24:51.
0,104/111,11/19,Contraction_l_Alik_Bjlk_Cijk_Dijk,"(8192,8192,1,1024)",Cijk_Alik_Bjlk_I8II_BH_MT128x64x16_SN_GLVWA8_GRVW16_K1_SU32_SUS256_TT8_4,NO_CHECK,17679.1,7774.09,,1,256,32,1,1,1,1,1879048192,268435456,,,,,,,,,,2026-04-18 15:24:51.
0,104/111,12/19,Contraction_l_Alik_Bjlk_Cijk_Dijk,"(8192,8192,1,1024)",Cijk_Alik_Bjlk_I8II_BH_MT64x128x16_SN_GLVWA4_GRVW4_K1_SU0_SUS0_TT4_8,NO_CHECK,17697.4,7766.04,,1,256,32,1,1,1,1,1879048192,268435456,,,,,,,,,,2026-04-18 15:24:51.
0,104/111,13/19,Contraction_l_Alik_Bjlk_Cijk_Dijk,"(8192,8192,1,1024)",Cijk_Alik_Bjlk_I8II_BH_MT64x128x16_SN_GLVWA4_GRVW4_K1_SU32_SUS256_TT4_8,NO_CHECK,17922.5,7668.53,,1,256,32,1,1,1,1,1879048192,268435456,,,,,,,,,,2026-04-18 15:24:51.
0,104/111,14/19,Contraction_l_Alik_Bjlk_Cijk_Dijk,"(8192,8192,1,1024)",Cijk_Alik_Bjlk_I8II_BH_MT64x64x32_SN_GLVWA4_GRVW4_K1_SU0_SUS0_TT4_4,NO_CHECK,22605.5,6079.88,,1,512,32,1,1,1,1,2415919104,268435456,,,,,,,,,,2026-04-18 15:24:51.
0,104/111,15/19,Contraction_l_Alik_Bjlk_Cijk_Dijk,"(8192,8192,1,1024)",Cijk_Alik_Bjlk_I8II_BH_MT64x64x32_SN_GLVWA4_GRVW4_K1_SU32_SUS256_TT4_4,NO_CHECK,23427.4,5866.58,,1,512,32,1,1,1,1,2415919104,268435456,,,,,,,,,,2026-04-18 15:24:51.
0,104/111,16/19,Contraction_l_Alik_Bjlk_Cijk_Dijk,"(8192,8192,1,1024)",Cijk_Alik_Bjlk_I8II_BH_MT128x64x32_SN_GLVWA4_GRVW4_K1_SU0_SUS0_TT8_4,NO_CHECK,18274.6,7520.77,,1,256,32,1,1,1,1,1879048192,268435456,,,,,,,,,,2026-04-18 15:24:51.
0,104/111,17/19,Contraction_l_Alik_Bjlk_Cijk_Dijk,"(8192,8192,1,1024)",Cijk_Alik_Bjlk_I8II_BH_MT128x64x32_SN_GLVWA4_GRVW4_K1_SU32_SUS256_TT8_4,NO_CHECK,18303.6,7508.87,,1,256,32,1,1,1,1,1879048192,268435456,,,,,,,,,,2026-04-18 15:24:51.
0,104/111,18/19,Contraction_l_Alik_Bjlk_Cijk_Dijk,"(8192,8192,1,1024)",Cijk_Alik_Bjlk_I8II_BH_MT64x128x32_SN_GLVWA4_GRVW4_K1_SU0_SUS0_TT4_8,NO_CHECK,17843.6,7702.43,,1,256,32,1,1,1,1,1879048192,268435456,,,,,,,,,,2026-04-18 15:24:51.
0,104/111,19/19,Contraction_l_Alik_Bjlk_Cijk_Dijk,"(8192,8192,1,1024)",Cijk_Alik_Bjlk_I8II_BH_MT64x128x32_SN_GLVWA4_GRVW4_K1_SU32_SUS256_TT4_8,NO_CHECK,17987.4,7640.83,,1,256,32,1,1,1,1,1879048192,268435456,,,,,,,,,,2026-04-18 15:24:51.
0,105/111,0/19,Contraction_l_Alik_Bjlk_Cijk_Dijk,"(8192,8192,1,4096)",Cijk_Alik_Bjlk_I8II_BH_MT64x64x16_SN_GLVWA4_GRVW4_K1_SU0_SUS0_TT4_4,NO_CHECK,90305.5,6087.74,,1,512,32,1,1,1,1,8858370048,268435456,,,,,,,,,,2026-04-18 15:24:51.
0,105/111,1/19,Contraction_l_Alik_Bjlk_Cijk_Dijk,"(8192,8192,1,4096)",Cijk_Alik_Bjlk_I8II_BH_MT64x64x16_SN_GLVWA4_GRVW8_K1_SU0_SUS0_TT4_4,NO_CHECK,87894.9,6254.7,,1,512,32,1,1,1,1,8858370048,268435456,,,,,,,,,,2026-04-18 15:24:51.
0,105/111,2/19,Contraction_l_Alik_Bjlk_Cijk_Dijk,"(8192,8192,1,4096)",Cijk_Alik_Bjlk_I8II_BH_MT64x64x16_SN_GLVWA4_GRVW16_K1_SU0_SUS0_TT4_4,NO_CHECK,87818.1,6260.17,,1,512,32,1,1,1,1,8858370048,268435456,,,,,,,,,,2026-04-18 15:24:51.
0,105/111,3/19,Contraction_l_Alik_Bjlk_Cijk_Dijk,"(8192,8192,1,4096)",Cijk_Alik_Bjlk_I8II_BH_MT64x64x16_SN_GLVWA4_GRVW4_K1_SU32_SUS256_TT4_4,NO_CHECK,88438.1,6216.28,,1,512,32,1,1,1,1,8858370048,268435456,,,,,,,,,,2026-04-18 15:24:51.
0,105/111,4/19,Contraction_l_Alik_Bjlk_Cijk_Dijk,"(8192,8192,1,4096)",Cijk_Alik_Bjlk_I8II_BH_MT64x64x16_SN_GLVWA4_GRVW8_K1_SU32_SUS256_TT4_4,NO_CHECK,87778.7,6262.97,,1,512,32,1,1,1,1,8858370048,268435456,,,,,,,,,,2026-04-18 15:24:51.
0,105/111,5/19,Contraction_l_Alik_Bjlk_Cijk_Dijk,"(8192,8192,1,4096)",Cijk_Alik_Bjlk_I8II_BH_MT64x64x16_SN_GLVWA4_GRVW16_K1_SU32_SUS256_TT4_4,NO_CHECK,87824.1,6259.73,,1,512,32,1,1,1,1,8858370048,268435456,,,,,,,,,,2026-04-18 15:24:51.
0,105/111,6/19,Contraction_l_Alik_Bjlk_Cijk_Dijk,"(8192,8192,1,4096)",Cijk_Alik_Bjlk_I8II_BH_MT128x64x16_SN_GLVWA4_GRVW4_K1_SU0_SUS0_TT8_4,NO_CHECK,70273.2,7823.12,,1,256,32,1,1,1,1,6710886400,268435456,,,,,,,,,,2026-04-18 15:24:51.
0,105/111,7/19,Contraction_l_Alik_Bjlk_Cijk_Dijk,"(8192,8192,1,4096)",Cijk_Alik_Bjlk_I8II_BH_MT128x64x16_SN_GLVWA8_GRVW8_K1_SU0_SUS0_TT8_4,NO_CHECK,69937.5,7860.68,,1,256,32,1,1,1,1,6710886400,268435456,,,,,,,,,,2026-04-18 15:24:51.
0,105/111,8/19,Contraction_l_Alik_Bjlk_Cijk_Dijk,"(8192,8192,1,4096)",Cijk_Alik_Bjlk_I8II_BH_MT128x64x16_SN_GLVWA8_GRVW16_K1_SU0_SUS0_TT8_4,NO_CHECK,69940.2,7860.37,,1,256,32,1,1,1,1,6710886400,268435456,,,,,,,,,,2026-04-18 15:24:52.
0,105/111,9/19,Contraction_l_Alik_Bjlk_Cijk_Dijk,"(8192,8192,1,4096)",Cijk_Alik_Bjlk_I8II_BH_MT128x64x16_SN_GLVWA4_GRVW4_K1_SU32_SUS256_TT8_4,NO_CHECK,70298.2,7820.34,,1,256,32,1,1,1,1,6710886400,268435456,,,,,,,,,,2026-04-18 15:24:52.
0,105/111,10/19,Contraction_l_Alik_Bjlk_Cijk_Dijk,"(8192,8192,1,4096)",Cijk_Alik_Bjlk_I8II_BH_MT128x64x16_SN_GLVWA8_GRVW8_K1_SU32_SUS256_TT8_4,NO_CHECK,70214.5,7829.66,,1,256,32,1,1,1,1,6710886400,268435456,,,,,,,,,,2026-04-18 15:24:52.
0,105/111,11/19,Contraction_l_Alik_Bjlk_Cijk_Dijk,"(8192,8192,1,4096)",Cijk_Alik_Bjlk_I8II_BH_MT128x64x16_SN_GLVWA8_GRVW16_K1_SU32_SUS256_TT8_4,NO_CHECK,70357.3,7813.77,,1,256,32,1,1,1,1,6710886400,268435456,,,,,,,,,,2026-04-18 15:24:52.
0,105/111,12/19,Contraction_l_Alik_Bjlk_Cijk_Dijk,"(8192,8192,1,4096)",Cijk_Alik_Bjlk_I8II_BH_MT64x128x16_SN_GLVWA4_GRVW4_K1_SU0_SUS0_TT4_8,NO_CHECK,69918.2,7862.85,,1,256,32,1,1,1,1,6710886400,268435456,,,,,,,,,,2026-04-18 15:24:52.
0,105/111,13/19,Contraction_l_Alik_Bjlk_Cijk_Dijk,"(8192,8192,1,4096)",Cijk_Alik_Bjlk_I8II_BH_MT64x128x16_SN_GLVWA4_GRVW4_K1_SU32_SUS256_TT4_8,NO_CHECK,69910.5,7863.71,,1,256,32,1,1,1,1,6710886400,268435456,,,,,,,,,,2026-04-18 15:24:52.
0,105/111,14/19,Contraction_l_Alik_Bjlk_Cijk_Dijk,"(8192,8192,1,4096)",Cijk_Alik_Bjlk_I8II_BH_MT64x64x32_SN_GLVWA4_GRVW4_K1_SU0_SUS0_TT4_4,NO_CHECK,88017.9,6245.96,,1,512,32,1,1,1,1,8858370048,268435456,,,,,,,,,,2026-04-18 15:24:52.
0,105/111,15/19,Contraction_l_Alik_Bjlk_Cijk_Dijk,"(8192,8192,1,4096)",Cijk_Alik_Bjlk_I8II_BH_MT64x64x32_SN_GLVWA4_GRVW4_K1_SU32_SUS256_TT4_4,NO_CHECK,88035.1,6244.74,,1,512,32,1,1,1,1,8858370048,268435456,,,,,,,,,,2026-04-18 15:24:52.
0,105/111,16/19,Contraction_l_Alik_Bjlk_Cijk_Dijk,"(8192,8192,1,4096)",Cijk_Alik_Bjlk_I8II_BH_MT128x64x32_SN_GLVWA4_GRVW4_K1_SU0_SUS0_TT8_4,NO_CHECK,70203.6,7830.88,,1,256,32,1,1,1,1,6710886400,268435456,,,,,,,,,,2026-04-18 15:24:52.
0,105/111,17/19,Contraction_l_Alik_Bjlk_Cijk_Dijk,"(8192,8192,1,4096)",Cijk_Alik_Bjlk_I8II_BH_MT128x64x32_SN_GLVWA4_GRVW4_K1_SU32_SUS256_TT8_4,NO_CHECK,70239.8,7826.84,,1,256,32,1,1,1,1,6710886400,268435456,,,,,,,,,,2026-04-18 15:24:52.
0,105/111,18/19,Contraction_l_Alik_Bjlk_Cijk_Dijk,"(8192,8192,1,4096)",Cijk_Alik_Bjlk_I8II_BH_MT64x128x32_SN_GLVWA4_GRVW4_K1_SU0_SUS0_TT4_8,NO_CHECK,69524.4,7907.38,,1,256,32,1,1,1,1,6710886400,268435456,,,,,,,,,,2026-04-18 15:24:52.
0,105/111,19/19,Contraction_l_Alik_Bjlk_Cijk_Dijk,"(8192,8192,1,4096)",Cijk_Alik_Bjlk_I8II_BH_MT64x128x32_SN_GLVWA4_GRVW4_K1_SU32_SUS256_TT4_8,NO_CHECK,69515.2,7908.43,,1,256,32,1,1,1,1,6710886400,268435456,,,,,,,,,,2026-04-18 15:24:52.
0,106/111,0/19,Contraction_l_Alik_Bjlk_Cijk_Dijk,"(8192,8192,1,8192)",Cijk_Alik_Bjlk_I8II_BH_MT64x64x16_SN_GLVWA4_GRVW4_K1_SU0_SUS0_TT4_4,NO_CHECK,175601,6261.42,,1,512,32,1,1,1,1,17448304640,268435456,,,,,,,,,,2026-04-18 15:24:52.
0,106/111,1/19,Contraction_l_Alik_Bjlk_Cijk_Dijk,"(8192,8192,1,8192)",Cijk_Alik_Bjlk_I8II_BH_MT64x64x16_SN_GLVWA4_GRVW8_K1_SU0_SUS0_TT4_4,NO_CHECK,175768,6255.47,,1,512,32,1,1,1,1,17448304640,268435456,,,,,,,,,,2026-04-18 15:24:53.
0,106/111,2/19,Contraction_l_Alik_Bjlk_Cijk_Dijk,"(8192,8192,1,8192)",Cijk_Alik_Bjlk_I8II_BH_MT64x64x16_SN_GLVWA4_GRVW16_K1_SU0_SUS0_TT4_4,NO_CHECK,176202,6240.08,,1,512,32,1,1,1,1,17448304640,268435456,,,,,,,,,,2026-04-18 15:24:53.
0,106/111,3/19,Contraction_l_Alik_Bjlk_Cijk_Dijk,"(8192,8192,1,8192)",Cijk_Alik_Bjlk_I8II_BH_MT64x64x16_SN_GLVWA4_GRVW4_K1_SU32_SUS256_TT4_4,NO_CHECK,175988,6247.67,,1,512,32,1,1,1,1,17448304640,268435456,,,,,,,,,,2026-04-18 15:24:53.
0,106/111,4/19,Contraction_l_Alik_Bjlk_Cijk_Dijk,"(8192,8192,1,8192)",Cijk_Alik_Bjlk_I8II_BH_MT64x64x16_SN_GLVWA4_GRVW8_K1_SU32_SUS256_TT4_4,NO_CHECK,176077,6244.51,,1,512,32,1,1,1,1,17448304640,268435456,,,,,,,,,,2026-04-18 15:24:53.
0,106/111,5/19,Contraction_l_Alik_Bjlk_Cijk_Dijk,"(8192,8192,1,8192)",Cijk_Alik_Bjlk_I8II_BH_MT64x64x16_SN_GLVWA4_GRVW16_K1_SU32_SUS256_TT4_4,NO_CHECK,175657,6259.41,,1,512,32,1,1,1,1,17448304640,268435456,,,,,,,,,,2026-04-18 15:24:53.
0,106/111,6/19,Contraction_l_Alik_Bjlk_Cijk_Dijk,"(8192,8192,1,8192)",Cijk_Alik_Bjlk_I8II_BH_MT128x64x16_SN_GLVWA4_GRVW4_K1_SU0_SUS0_TT8_4,NO_CHECK,140483,7826.66,,1,256,32,1,1,1,1,13153337344,268435456,,,,,,,,,,2026-04-18 15:24:53.
0,106/111,7/19,Contraction_l_Alik_Bjlk_Cijk_Dijk,"(8192,8192,1,8192)",Cijk_Alik_Bjlk_I8II_BH_MT128x64x16_SN_GLVWA8_GRVW8_K1_SU0_SUS0_TT8_4,NO_CHECK,141087,7793.17,,1,256,32,1,1,1,1,13153337344,268435456,,,,,,,,,,2026-04-18 15:24:54.
0,106/111,8/19,Contraction_l_Alik_Bjlk_Cijk_Dijk,"(8192,8192,1,8192)",Cijk_Alik_Bjlk_I8II_BH_MT128x64x16_SN_GLVWA8_GRVW16_K1_SU0_SUS0_TT8_4,NO_CHECK,141107,7792.04,,1,256,32,1,1,1,1,13153337344,268435456,,,,,,,,,,2026-04-18 15:24:54.
0,106/111,9/19,Contraction_l_Alik_Bjlk_Cijk_Dijk,"(8192,8192,1,8192)",Cijk_Alik_Bjlk_I8II_BH_MT128x64x16_SN_GLVWA4_GRVW4_K1_SU32_SUS256_TT8_4,NO_CHECK,141658,7761.71,,1,256,32,1,1,1,1,13153337344,268435456,,,,,,,,,,2026-04-18 15:24:54.
0,106/111,10/19,Contraction_l_Alik_Bjlk_Cijk_Dijk,"(8192,8192,1,8192)",Cijk_Alik_Bjlk_I8II_BH_MT128x64x16_SN_GLVWA8_GRVW8_K1_SU32_SUS256_TT8_4,NO_CHECK,141569,7766.62,,1,256,32,1,1,1,1,13153337344,268435456,,,,,,,,,,2026-04-18 15:24:54.
0,106/111,11/19,Contraction_l_Alik_Bjlk_Cijk_Dijk,"(8192,8192,1,8192)",Cijk_Alik_Bjlk_I8II_BH_MT128x64x16_SN_GLVWA8_GRVW16_K1_SU32_SUS256_TT8_4,NO_CHECK,141186,7787.7,,1,256,32,1,1,1,1,13153337344,268435456,,,,,,,,,,2026-04-18 15:24:54.
0,106/111,12/19,Contraction_l_Alik_Bjlk_Cijk_Dijk,"(8192,8192,1,8192)",Cijk_Alik_Bjlk_I8II_BH_MT64x128x16_SN_GLVWA4_GRVW4_K1_SU0_SUS0_TT4_8,NO_CHECK,139467,7883.66,,1,256,32,1,1,1,1,13153337344,268435456,,,,,,,,,,2026-04-18 15:24:54.
0,106/111,13/19,Contraction_l_Alik_Bjlk_Cijk_Dijk,"(8192,8192,1,8192)",Cijk_Alik_Bjlk_I8II_BH_MT64x128x16_SN_GLVWA4_GRVW4_K1_SU32_SUS256_TT4_8,NO_CHECK,139474,7883.27,,1,256,32,1,1,1,1,13153337344,268435456,,,,,,,,,,2026-04-18 15:24:54.
0,106/111,14/19,Contraction_l_Alik_Bjlk_Cijk_Dijk,"(8192,8192,1,8192)",Cijk_Alik_Bjlk_I8II_BH_MT64x64x32_SN_GLVWA4_GRVW4_K1_SU0_SUS0_TT4_4,NO_CHECK,176042,6245.73,,1,512,32,1,1,1,1,17448304640,268435456,,,,,,,,,,2026-04-18 15:24:55.
0,106/111,15/19,Contraction_l_Alik_Bjlk_Cijk_Dijk,"(8192,8192,1,8192)",Cijk_Alik_Bjlk_I8II_BH_MT64x64x32_SN_GLVWA4_GRVW4_K1_SU32_SUS256_TT4_4,NO_CHECK,175661,6259.28,,1,512,32,1,1,1,1,17448304640,268435456,,,,,,,,,,2026-04-18 15:24:55.
0,106/111,16/19,Contraction_l_Alik_Bjlk_Cijk_Dijk,"(8192,8192,1,8192)",Cijk_Alik_Bjlk_I8II_BH_MT128x64x32_SN_GLVWA4_GRVW4_K1_SU0_SUS0_TT8_4,NO_CHECK,140888,7804.15,,1,256,32,1,1,1,1,13153337344,268435456,,,,,,,,,,2026-04-18 15:24:55.
0,106/111,17/19,Contraction_l_Alik_Bjlk_Cijk_Dijk,"(8192,8192,1,8192)",Cijk_Alik_Bjlk_I8II_BH_MT128x64x32_SN_GLVWA4_GRVW4_K1_SU32_SUS256_TT8_4,NO_CHECK,140450,7828.52,,1,256,32,1,1,1,1,13153337344,268435456,,,,,,,,,,2026-04-18 15:24:55.
0,106/111,18/19,Contraction_l_Alik_Bjlk_Cijk_Dijk,"(8192,8192,1,8192)",Cijk_Alik_Bjlk_I8II_BH_MT64x128x32_SN_GLVWA4_GRVW4_K1_SU0_SUS0_TT4_8,NO_CHECK,139586,7876.97,,1,256,32,1,1,1,1,13153337344,268435456,,,,,,,,,,2026-04-18 15:24:55.
0,106/111,19/19,Contraction_l_Alik_Bjlk_Cijk_Dijk,"(8192,8192,1,8192)",Cijk_Alik_Bjlk_I8II_BH_MT64x128x32_SN_GLVWA4_GRVW4_K1_SU32_SUS256_TT4_8,NO_CHECK,139079,7905.67,,1,256,32,1,1,1,1,13153337344,268435456,,,,,,,,,,2026-04-18 15:24:55.
0,107/111,0/19,Contraction_l_Alik_Bjlk_Cijk_Dijk,"(8192,8192,1,14336)",Cijk_Alik_Bjlk_I8II_BH_MT64x64x16_SN_GLVWA4_GRVW4_K1_SU0_SUS0_TT4_4,NO_CHECK,307554,6256.28,,1,512,32,1,1,1,1,30333206528,268435456,,,,,,,,,,2026-04-18 15:24:56.
0,107/111,1/19,Contraction_l_Alik_Bjlk_Cijk_Dijk,"(8192,8192,1,14336)",Cijk_Alik_Bjlk_I8II_BH_MT64x64x16_SN_GLVWA4_GRVW8_K1_SU0_SUS0_TT4_4,NO_CHECK,308148,6244.23,,1,512,32,1,1,1,1,30333206528,268435456,,,,,,,,,,2026-04-18 15:24:56.
0,107/111,2/19,Contraction_l_Alik_Bjlk_Cijk_Dijk,"(8192,8192,1,14336)",Cijk_Alik_Bjlk_I8II_BH_MT64x64x16_SN_GLVWA4_GRVW16_K1_SU0_SUS0_TT4_4,NO_CHECK,307263,6262.2,,1,512,32,1,1,1,1,30333206528,268435456,,,,,,,,,,2026-04-18 15:24:56.
0,107/111,3/19,Contraction_l_Alik_Bjlk_Cijk_Dijk,"(8192,8192,1,14336)",Cijk_Alik_Bjlk_I8II_BH_MT64x64x16_SN_GLVWA4_GRVW4_K1_SU32_SUS256_TT4_4,NO_CHECK,308989,6227.22,,1,512,32,1,1,1,1,30333206528,268435456,,,,,,,,,,2026-04-18 15:24:56.
0,107/111,4/19,Contraction_l_Alik_Bjlk_Cijk_Dijk,"(8192,8192,1,14336)",Cijk_Alik_Bjlk_I8II_BH_MT64x64x16_SN_GLVWA4_GRVW8_K1_SU32_SUS256_TT4_4,NO_CHECK,307344,6260.56,,1,512,32,1,1,1,1,30333206528,268435456,,,,,,,,,,2026-04-18 15:24:57.
0,107/111,5/19,Contraction_l_Alik_Bjlk_Cijk_Dijk,"(8192,8192,1,14336)",Cijk_Alik_Bjlk_I8II_BH_MT64x64x16_SN_GLVWA4_GRVW16_K1_SU32_SUS256_TT4_4,NO_CHECK,307348,6260.48,,1,512,32,1,1,1,1,30333206528,268435456,,,,,,,,,,2026-04-18 15:24:57.
0,107/111,6/19,Contraction_l_Alik_Bjlk_Cijk_Dijk,"(8192,8192,1,14336)",Cijk_Alik_Bjlk_I8II_BH_MT128x64x16_SN_GLVWA4_GRVW4_K1_SU0_SUS0_TT8_4,NO_CHECK,244898,7856.93,,1,256,32,1,1,1,1,22817013760,268435456,,,,,,,,,,2026-04-18 15:24:57.
0,107/111,7/19,Contraction_l_Alik_Bjlk_Cijk_Dijk,"(8192,8192,1,14336)",Cijk_Alik_Bjlk_I8II_BH_MT128x64x16_SN_GLVWA8_GRVW8_K1_SU0_SUS0_TT8_4,NO_CHECK,246009,7821.44,,1,256,32,1,1,1,1,22817013760,268435456,,,,,,,,,,2026-04-18 15:24:58.
0,107/111,8/19,Contraction_l_Alik_Bjlk_Cijk_Dijk,"(8192,8192,1,14336)",Cijk_Alik_Bjlk_I8II_BH_MT128x64x16_SN_GLVWA8_GRVW16_K1_SU0_SUS0_TT8_4,NO_CHECK,246667,7800.58,,1,256,32,1,1,1,1,22817013760,268435456,,,,,,,,,,2026-04-18 15:24:58.
0,107/111,9/19,Contraction_l_Alik_Bjlk_Cijk_Dijk,"(8192,8192,1,14336)",Cijk_Alik_Bjlk_I8II_BH_MT128x64x16_SN_GLVWA4_GRVW4_K1_SU32_SUS256_TT8_4,NO_CHECK,246405,7808.88,,1,256,32,1,1,1,1,22817013760,268435456,,,,,,,,,,2026-04-18 15:24:58.
0,107/111,10/19,Contraction_l_Alik_Bjlk_Cijk_Dijk,"(8192,8192,1,14336)",Cijk_Alik_Bjlk_I8II_BH_MT128x64x16_SN_GLVWA8_GRVW8_K1_SU32_SUS256_TT8_4,NO_CHECK,246263,7813.37,,1,256,32,1,1,1,1,22817013760,268435456,,,,,,,,,,2026-04-18 15:24:58.
0,107/111,11/19,Contraction_l_Alik_Bjlk_Cijk_Dijk,"(8192,8192,1,14336)",Cijk_Alik_Bjlk_I8II_BH_MT128x64x16_SN_GLVWA8_GRVW16_K1_SU32_SUS256_TT8_4,NO_CHECK,247086,7787.35,,1,256,32,1,1,1,1,22817013760,268435456,,,,,,,,,,2026-04-18 15:24:59.
0,107/111,12/19,Contraction_l_Alik_Bjlk_Cijk_Dijk,"(8192,8192,1,14336)",Cijk_Alik_Bjlk_I8II_BH_MT64x128x16_SN_GLVWA4_GRVW4_K1_SU0_SUS0_TT4_8,NO_CHECK,244944,7855.46,,1,256,32,1,1,1,1,22817013760,268435456,,,,,,,,,,2026-04-18 15:24:59.
0,107/111,13/19,Contraction_l_Alik_Bjlk_Cijk_Dijk,"(8192,8192,1,14336)",Cijk_Alik_Bjlk_I8II_BH_MT64x128x16_SN_GLVWA4_GRVW4_K1_SU32_SUS256_TT4_8,NO_CHECK,243769,7893.3,,1,256,32,1,1,1,1,22817013760,268435456,,,,,,,,,,2026-04-18 15:24:59.
0,107/111,14/19,Contraction_l_Alik_Bjlk_Cijk_Dijk,"(8192,8192,1,14336)",Cijk_Alik_Bjlk_I8II_BH_MT64x64x32_SN_GLVWA4_GRVW4_K1_SU0_SUS0_TT4_4,NO_CHECK,308136,6244.47,,1,512,32,1,1,1,1,30333206528,268435456,,,,,,,,,,2026-04-18 15:24:59.
0,107/111,15/19,Contraction_l_Alik_Bjlk_Cijk_Dijk,"(8192,8192,1,14336)",Cijk_Alik_Bjlk_I8II_BH_MT64x64x32_SN_GLVWA4_GRVW4_K1_SU32_SUS256_TT4_4,NO_CHECK,308101,6245.18,,1,512,32,1,1,1,1,30333206528,268435456,,,,,,,,,,2026-04-18 15:25:00.
0,107/111,16/19,Contraction_l_Alik_Bjlk_Cijk_Dijk,"(8192,8192,1,14336)",Cijk_Alik_Bjlk_I8II_BH_MT128x64x32_SN_GLVWA4_GRVW4_K1_SU0_SUS0_TT8_4,NO_CHECK,246171,7816.3,,1,256,32,1,1,1,1,22817013760,268435456,,,,,,,,,,2026-04-18 15:25:00.
0,107/111,17/19,Contraction_l_Alik_Bjlk_Cijk_Dijk,"(8192,8192,1,14336)",Cijk_Alik_Bjlk_I8II_BH_MT128x64x32_SN_GLVWA4_GRVW4_K1_SU32_SUS256_TT8_4,NO_CHECK,248984,7727.99,,1,256,32,1,1,1,1,22817013760,268435456,,,,,,,,,,2026-04-18 15:25:00.
0,107/111,18/19,Contraction_l_Alik_Bjlk_Cijk_Dijk,"(8192,8192,1,14336)",Cijk_Alik_Bjlk_I8II_BH_MT64x128x32_SN_GLVWA4_GRVW4_K1_SU0_SUS0_TT4_8,NO_CHECK,244004,7885.7,,1,256,32,1,1,1,1,22817013760,268435456,,,,,,,,,,2026-04-18 15:25:00.
0,107/111,19/19,Contraction_l_Alik_Bjlk_Cijk_Dijk,"(8192,8192,1,14336)",Cijk_Alik_Bjlk_I8II_BH_MT64x128x32_SN_GLVWA4_GRVW4_K1_SU32_SUS256_TT4_8,NO_CHECK,243323,7907.79,,1,256,32,1,1,1,1,22817013760,268435456,,,,,,,,,,2026-04-18 15:25:01.
0,108/111,0/19,Contraction_l_Alik_Bjlk_Cijk_Dijk,"(8192,14336,1,1024)",Cijk_Alik_Bjlk_I8II_BH_MT64x64x16_SN_GLVWA4_GRVW4_K1_SU0_SUS0_TT4_4,NO_CHECK,38716.4,6212.31,,1,896,32,1,1,1,1,4227858432,469762048,,,,,,,,,,2026-04-18 15:25:01.
0,108/111,1/19,Contraction_l_Alik_Bjlk_Cijk_Dijk,"(8192,14336,1,1024)",Cijk_Alik_Bjlk_I8II_BH_MT64x64x16_SN_GLVWA4_GRVW8_K1_SU0_SUS0_TT4_4,NO_CHECK,38639.7,6224.63,,1,896,32,1,1,1,1,4227858432,469762048,,,,,,,,,,2026-04-18 15:25:01.
0,108/111,2/19,Contraction_l_Alik_Bjlk_Cijk_Dijk,"(8192,14336,1,1024)",Cijk_Alik_Bjlk_I8II_BH_MT64x64x16_SN_GLVWA4_GRVW16_K1_SU0_SUS0_TT4_4,NO_CHECK,38624.5,6227.08,,1,896,32,1,1,1,1,4227858432,469762048,,,,,,,,,,2026-04-18 15:25:01.
0,108/111,3/19,Contraction_l_Alik_Bjlk_Cijk_Dijk,"(8192,14336,1,1024)",Cijk_Alik_Bjlk_I8II_BH_MT64x64x16_SN_GLVWA4_GRVW4_K1_SU32_SUS256_TT4_4,NO_CHECK,38622.9,6227.35,,1,896,32,1,1,1,1,4227858432,469762048,,,,,,,,,,2026-04-18 15:25:01.
0,108/111,4/19,Contraction_l_Alik_Bjlk_Cijk_Dijk,"(8192,14336,1,1024)",Cijk_Alik_Bjlk_I8II_BH_MT64x64x16_SN_GLVWA4_GRVW8_K1_SU32_SUS256_TT4_4,NO_CHECK,38642.1,6224.25,,1,896,32,1,1,1,1,4227858432,469762048,,,,,,,,,,2026-04-18 15:25:01.
0,108/111,5/19,Contraction_l_Alik_Bjlk_Cijk_Dijk,"(8192,14336,1,1024)",Cijk_Alik_Bjlk_I8II_BH_MT64x64x16_SN_GLVWA4_GRVW16_K1_SU32_SUS256_TT4_4,NO_CHECK,38686.5,6217.1,,1,896,32,1,1,1,1,4227858432,469762048,,,,,,,,,,2026-04-18 15:25:01.
0,108/111,6/19,Contraction_l_Alik_Bjlk_Cijk_Dijk,"(8192,14336,1,1024)",Cijk_Alik_Bjlk_I8II_BH_MT128x64x16_SN_GLVWA4_GRVW4_K1_SU0_SUS0_TT8_4,NO_CHECK,30851.1,7796.1,,1,448,32,1,1,1,1,3288334336,469762048,,,,,,,,,,2026-04-18 15:25:01.
0,108/111,7/19,Contraction_l_Alik_Bjlk_Cijk_Dijk,"(8192,14336,1,1024)",Cijk_Alik_Bjlk_I8II_BH_MT128x64x16_SN_GLVWA8_GRVW8_K1_SU0_SUS0_TT8_4,NO_CHECK,30819.9,7803.98,,1,448,32,1,1,1,1,3288334336,469762048,,,,,,,,,,2026-04-18 15:25:01.
0,108/111,8/19,Contraction_l_Alik_Bjlk_Cijk_Dijk,"(8192,14336,1,1024)",Cijk_Alik_Bjlk_I8II_BH_MT128x64x16_SN_GLVWA8_GRVW16_K1_SU0_SUS0_TT8_4,NO_CHECK,30814.9,7805.26,,1,448,32,1,1,1,1,3288334336,469762048,,,,,,,,,,2026-04-18 15:25:01.
0,108/111,9/19,Contraction_l_Alik_Bjlk_Cijk_Dijk,"(8192,14336,1,1024)",Cijk_Alik_Bjlk_I8II_BH_MT128x64x16_SN_GLVWA4_GRVW4_K1_SU32_SUS256_TT8_4,NO_CHECK,30829.6,7801.53,,1,448,32,1,1,1,1,3288334336,469762048,,,,,,,,,,2026-04-18 15:25:01.
0,108/111,10/19,Contraction_l_Alik_Bjlk_Cijk_Dijk,"(8192,14336,1,1024)",Cijk_Alik_Bjlk_I8II_BH_MT128x64x16_SN_GLVWA8_GRVW8_K1_SU32_SUS256_TT8_4,NO_CHECK,30772.4,7816.04,,1,448,32,1,1,1,1,3288334336,469762048,,,,,,,,,,2026-04-18 15:25:01.
0,108/111,11/19,Contraction_l_Alik_Bjlk_Cijk_Dijk,"(8192,14336,1,1024)",Cijk_Alik_Bjlk_I8II_BH_MT128x64x16_SN_GLVWA8_GRVW16_K1_SU32_SUS256_TT8_4,NO_CHECK,30835.5,7800.03,,1,448,32,1,1,1,1,3288334336,469762048,,,,,,,,,,2026-04-18 15:25:01.
0,108/111,12/19,Contraction_l_Alik_Bjlk_Cijk_Dijk,"(8192,14336,1,1024)",Cijk_Alik_Bjlk_I8II_BH_MT64x128x16_SN_GLVWA4_GRVW4_K1_SU0_SUS0_TT4_8,NO_CHECK,30653.1,7846.46,,1,448,32,1,1,1,1,3288334336,469762048,,,,,,,,,,2026-04-18 15:25:01.
0,108/111,13/19,Contraction_l_Alik_Bjlk_Cijk_Dijk,"(8192,14336,1,1024)",Cijk_Alik_Bjlk_I8II_BH_MT64x128x16_SN_GLVWA4_GRVW4_K1_SU32_SUS256_TT4_8,NO_CHECK,30651.1,7846.97,,1,448,32,1,1,1,1,3288334336,469762048,,,,,,,,,,2026-04-18 15:25:01.
0,108/111,14/19,Contraction_l_Alik_Bjlk_Cijk_Dijk,"(8192,14336,1,1024)",Cijk_Alik_Bjlk_I8II_BH_MT64x64x32_SN_GLVWA4_GRVW4_K1_SU0_SUS0_TT4_4,NO_CHECK,38712.3,6212.97,,1,896,32,1,1,1,1,4227858432,469762048,,,,,,,,,,2026-04-18 15:25:01.
0,108/111,15/19,Contraction_l_Alik_Bjlk_Cijk_Dijk,"(8192,14336,1,1024)",Cijk_Alik_Bjlk_I8II_BH_MT64x64x32_SN_GLVWA4_GRVW4_K1_SU32_SUS256_TT4_4,NO_CHECK,38690.2,6216.51,,1,896,32,1,1,1,1,4227858432,469762048,,,,,,,,,,2026-04-18 15:25:01.
0,108/111,16/19,Contraction_l_Alik_Bjlk_Cijk_Dijk,"(8192,14336,1,1024)",Cijk_Alik_Bjlk_I8II_BH_MT128x64x32_SN_GLVWA4_GRVW4_K1_SU0_SUS0_TT8_4,NO_CHECK,31415.4,7656.06,,1,448,32,1,1,1,1,3288334336,469762048,,,,,,,,,,2026-04-18 15:25:02.
0,108/111,17/19,Contraction_l_Alik_Bjlk_Cijk_Dijk,"(8192,14336,1,1024)",Cijk_Alik_Bjlk_I8II_BH_MT128x64x32_SN_GLVWA4_GRVW4_K1_SU32_SUS256_TT8_4,NO_CHECK,31642.9,7601.01,,1,448,32,1,1,1,1,3288334336,469762048,,,,,,,,,,2026-04-18 15:25:02.
0,108/111,18/19,Contraction_l_Alik_Bjlk_Cijk_Dijk,"(8192,14336,1,1024)",Cijk_Alik_Bjlk_I8II_BH_MT64x128x32_SN_GLVWA4_GRVW4_K1_SU0_SUS0_TT4_8,NO_CHECK,30752.2,7821.16,,1,448,32,1,1,1,1,3288334336,469762048,,,,,,,,,,2026-04-18 15:25:02.
0,108/111,19/19,Contraction_l_Alik_Bjlk_Cijk_Dijk,"(8192,14336,1,1024)",Cijk_Alik_Bjlk_I8II_BH_MT64x128x32_SN_GLVWA4_GRVW4_K1_SU32_SUS256_TT4_8,NO_CHECK,30814.5,7805.36,,1,448,32,1,1,1,1,3288334336,469762048,,,,,,,,,,2026-04-18 15:25:02.
0,109/111,0/19,Contraction_l_Alik_Bjlk_Cijk_Dijk,"(8192,14336,1,4096)",Cijk_Alik_Bjlk_I8II_BH_MT64x64x16_SN_GLVWA4_GRVW4_K1_SU0_SUS0_TT4_4,NO_CHECK,154083,6243.86,,1,896,32,1,1,1,1,15502147584,469762048,,,,,,,,,,2026-04-18 15:25:02.
0,109/111,1/19,Contraction_l_Alik_Bjlk_Cijk_Dijk,"(8192,14336,1,4096)",Cijk_Alik_Bjlk_I8II_BH_MT64x64x16_SN_GLVWA4_GRVW8_K1_SU0_SUS0_TT4_4,NO_CHECK,153979,6248.08,,1,896,32,1,1,1,1,15502147584,469762048,,,,,,,,,,2026-04-18 15:25:02.
0,109/111,2/19,Contraction_l_Alik_Bjlk_Cijk_Dijk,"(8192,14336,1,4096)",Cijk_Alik_Bjlk_I8II_BH_MT64x64x16_SN_GLVWA4_GRVW16_K1_SU0_SUS0_TT4_4,NO_CHECK,155556,6184.73,,1,896,32,1,1,1,1,15502147584,469762048,,,,,,,,,,2026-04-18 15:25:02.
0,109/111,3/19,Contraction_l_Alik_Bjlk_Cijk_Dijk,"(8192,14336,1,4096)",Cijk_Alik_Bjlk_I8II_BH_MT64x64x16_SN_GLVWA4_GRVW4_K1_SU32_SUS256_TT4_4,NO_CHECK,153876,6252.25,,1,896,32,1,1,1,1,15502147584,469762048,,,,,,,,,,2026-04-18 15:25:02.
0,109/111,4/19,Contraction_l_Alik_Bjlk_Cijk_Dijk,"(8192,14336,1,4096)",Cijk_Alik_Bjlk_I8II_BH_MT64x64x16_SN_GLVWA4_GRVW8_K1_SU32_SUS256_TT4_4,NO_CHECK,153773,6256.43,,1,896,32,1,1,1,1,15502147584,469762048,,,,,,,,,,2026-04-18 15:25:02.
0,109/111,5/19,Contraction_l_Alik_Bjlk_Cijk_Dijk,"(8192,14336,1,4096)",Cijk_Alik_Bjlk_I8II_BH_MT64x64x16_SN_GLVWA4_GRVW16_K1_SU32_SUS256_TT4_4,NO_CHECK,153946,6249.4,,1,896,32,1,1,1,1,15502147584,469762048,,,,,,,,,,2026-04-18 15:25:02.
0,109/111,6/19,Contraction_l_Alik_Bjlk_Cijk_Dijk,"(8192,14336,1,4096)",Cijk_Alik_Bjlk_I8II_BH_MT128x64x16_SN_GLVWA4_GRVW4_K1_SU0_SUS0_TT8_4,NO_CHECK,122959,7824.36,,1,448,32,1,1,1,1,11744051200,469762048,,,,,,,,,,2026-04-18 15:25:03.
0,109/111,7/19,Contraction_l_Alik_Bjlk_Cijk_Dijk,"(8192,14336,1,4096)",Cijk_Alik_Bjlk_I8II_BH_MT128x64x16_SN_GLVWA8_GRVW8_K1_SU0_SUS0_TT8_4,NO_CHECK,123031,7819.74,,1,448,32,1,1,1,1,11744051200,469762048,,,,,,,,,,2026-04-18 15:25:03.
0,109/111,8/19,Contraction_l_Alik_Bjlk_Cijk_Dijk,"(8192,14336,1,4096)",Cijk_Alik_Bjlk_I8II_BH_MT128x64x16_SN_GLVWA8_GRVW16_K1_SU0_SUS0_TT8_4,NO_CHECK,123112,7814.6,,1,448,32,1,1,1,1,11744051200,469762048,,,,,,,,,,2026-04-18 15:25:03.
0,109/111,9/19,Contraction_l_Alik_Bjlk_Cijk_Dijk,"(8192,14336,1,4096)",Cijk_Alik_Bjlk_I8II_BH_MT128x64x16_SN_GLVWA4_GRVW4_K1_SU32_SUS256_TT8_4,NO_CHECK,123538,7787.64,,1,448,32,1,1,1,1,11744051200,469762048,,,,,,,,,,2026-04-18 15:25:03.
0,109/111,10/19,Contraction_l_Alik_Bjlk_Cijk_Dijk,"(8192,14336,1,4096)",Cijk_Alik_Bjlk_I8II_BH_MT128x64x16_SN_GLVWA8_GRVW8_K1_SU32_SUS256_TT8_4,NO_CHECK,123495,7790.37,,1,448,32,1,1,1,1,11744051200,469762048,,,,,,,,,,2026-04-18 15:25:03.
0,109/111,11/19,Contraction_l_Alik_Bjlk_Cijk_Dijk,"(8192,14336,1,4096)",Cijk_Alik_Bjlk_I8II_BH_MT128x64x16_SN_GLVWA8_GRVW16_K1_SU32_SUS256_TT8_4,NO_CHECK,123772,7772.95,,1,448,32,1,1,1,1,11744051200,469762048,,,,,,,,,,2026-04-18 15:25:03.
0,109/111,12/19,Contraction_l_Alik_Bjlk_Cijk_Dijk,"(8192,14336,1,4096)",Cijk_Alik_Bjlk_I8II_BH_MT64x128x16_SN_GLVWA4_GRVW4_K1_SU0_SUS0_TT4_8,NO_CHECK,122253,7869.55,,1,448,32,1,1,1,1,11744051200,469762048,,,,,,,,,,2026-04-18 15:25:03.
0,109/111,13/19,Contraction_l_Alik_Bjlk_Cijk_Dijk,"(8192,14336,1,4096)",Cijk_Alik_Bjlk_I8II_BH_MT64x128x16_SN_GLVWA4_GRVW4_K1_SU32_SUS256_TT4_8,NO_CHECK,122210,7872.28,,1,448,32,1,1,1,1,11744051200,469762048,,,,,,,,,,2026-04-18 15:25:03.
0,109/111,14/19,Contraction_l_Alik_Bjlk_Cijk_Dijk,"(8192,14336,1,4096)",Cijk_Alik_Bjlk_I8II_BH_MT64x64x32_SN_GLVWA4_GRVW4_K1_SU0_SUS0_TT4_4,NO_CHECK,153941,6249.64,,1,896,32,1,1,1,1,15502147584,469762048,,,,,,,,,,2026-04-18 15:25:04.
0,109/111,15/19,Contraction_l_Alik_Bjlk_Cijk_Dijk,"(8192,14336,1,4096)",Cijk_Alik_Bjlk_I8II_BH_MT64x64x32_SN_GLVWA4_GRVW4_K1_SU32_SUS256_TT4_4,NO_CHECK,154013,6246.69,,1,896,32,1,1,1,1,15502147584,469762048,,,,,,,,,,2026-04-18 15:25:04.
0,109/111,16/19,Contraction_l_Alik_Bjlk_Cijk_Dijk,"(8192,14336,1,4096)",Cijk_Alik_Bjlk_I8II_BH_MT128x64x32_SN_GLVWA4_GRVW4_K1_SU0_SUS0_TT8_4,NO_CHECK,122709,7840.3,,1,448,32,1,1,1,1,11744051200,469762048,,,,,,,,,,2026-04-18 15:25:04.
0,109/111,17/19,Contraction_l_Alik_Bjlk_Cijk_Dijk,"(8192,14336,1,4096)",Cijk_Alik_Bjlk_I8II_BH_MT128x64x32_SN_GLVWA4_GRVW4_K1_SU32_SUS256_TT8_4,NO_CHECK,122406,7859.68,,1,448,32,1,1,1,1,11744051200,469762048,,,,,,,,,,2026-04-18 15:25:04.
0,109/111,18/19,Contraction_l_Alik_Bjlk_Cijk_Dijk,"(8192,14336,1,4096)",Cijk_Alik_Bjlk_I8II_BH_MT64x128x32_SN_GLVWA4_GRVW4_K1_SU0_SUS0_TT4_8,NO_CHECK,121874,7894.01,,1,448,32,1,1,1,1,11744051200,469762048,,,,,,,,,,2026-04-18 15:25:04.
0,109/111,19/19,Contraction_l_Alik_Bjlk_Cijk_Dijk,"(8192,14336,1,4096)",Cijk_Alik_Bjlk_I8II_BH_MT64x128x32_SN_GLVWA4_GRVW4_K1_SU32_SUS256_TT4_8,NO_CHECK,121692,7905.82,,1,448,32,1,1,1,1,11744051200,469762048,,,,,,,,,,2026-04-18 15:25:04.
0,110/111,0/19,Contraction_l_Alik_Bjlk_Cijk_Dijk,"(8192,14336,1,8192)",Cijk_Alik_Bjlk_I8II_BH_MT64x64x16_SN_GLVWA4_GRVW4_K1_SU0_SUS0_TT4_4,NO_CHECK,308406,6239,,1,896,32,1,1,1,1,30534533120,469762048,,,,,,,,,,2026-04-18 15:25:04.
0,110/111,1/19,Contraction_l_Alik_Bjlk_Cijk_Dijk,"(8192,14336,1,8192)",Cijk_Alik_Bjlk_I8II_BH_MT64x64x16_SN_GLVWA4_GRVW8_K1_SU0_SUS0_TT4_4,NO_CHECK,307802,6251.25,,1,896,32,1,1,1,1,30534533120,469762048,,,,,,,,,,2026-04-18 15:25:05.
0,110/111,2/19,Contraction_l_Alik_Bjlk_Cijk_Dijk,"(8192,14336,1,8192)",Cijk_Alik_Bjlk_I8II_BH_MT64x64x16_SN_GLVWA4_GRVW16_K1_SU0_SUS0_TT4_4,NO_CHECK,307642,6254.5,,1,896,32,1,1,1,1,30534533120,469762048,,,,,,,,,,2026-04-18 15:25:05.
0,110/111,3/19,Contraction_l_Alik_Bjlk_Cijk_Dijk,"(8192,14336,1,8192)",Cijk_Alik_Bjlk_I8II_BH_MT64x64x16_SN_GLVWA4_GRVW4_K1_SU32_SUS256_TT4_4,NO_CHECK,307186,6263.77,,1,896,32,1,1,1,1,30534533120,469762048,,,,,,,,,,2026-04-18 15:25:05.
0,110/111,4/19,Contraction_l_Alik_Bjlk_Cijk_Dijk,"(8192,14336,1,8192)",Cijk_Alik_Bjlk_I8II_BH_MT64x64x16_SN_GLVWA4_GRVW8_K1_SU32_SUS256_TT4_4,NO_CHECK,307232,6262.84,,1,896,32,1,1,1,1,30534533120,469762048,,,,,,,,,,2026-04-18 15:25:06.
0,110/111,5/19,Contraction_l_Alik_Bjlk_Cijk_Dijk,"(8192,14336,1,8192)",Cijk_Alik_Bjlk_I8II_BH_MT64x64x16_SN_GLVWA4_GRVW16_K1_SU32_SUS256_TT4_4,NO_CHECK,307283,6261.79,,1,896,32,1,1,1,1,30534533120,469762048,,,,,,,,,,2026-04-18 15:25:06.
0,110/111,6/19,Contraction_l_Alik_Bjlk_Cijk_Dijk,"(8192,14336,1,8192)",Cijk_Alik_Bjlk_I8II_BH_MT128x64x16_SN_GLVWA4_GRVW4_K1_SU0_SUS0_TT8_4,NO_CHECK,244983,7854.21,,1,448,32,1,1,1,1,23018340352,469762048,,,,,,,,,,2026-04-18 15:25:06.
0,110/111,7/19,Contraction_l_Alik_Bjlk_Cijk_Dijk,"(8192,14336,1,8192)",Cijk_Alik_Bjlk_I8II_BH_MT128x64x16_SN_GLVWA8_GRVW8_K1_SU0_SUS0_TT8_4,NO_CHECK,245219,7846.66,,1,448,32,1,1,1,1,23018340352,469762048,,,,,,,,,,2026-04-18 15:25:06.
0,110/111,8/19,Contraction_l_Alik_Bjlk_Cijk_Dijk,"(8192,14336,1,8192)",Cijk_Alik_Bjlk_I8II_BH_MT128x64x16_SN_GLVWA8_GRVW16_K1_SU0_SUS0_TT8_4,NO_CHECK,245898,7824.97,,1,448,32,1,1,1,1,23018340352,469762048,,,,,,,,,,2026-04-18 15:25:07.
0,110/111,9/19,Contraction_l_Alik_Bjlk_Cijk_Dijk,"(8192,14336,1,8192)",Cijk_Alik_Bjlk_I8II_BH_MT128x64x16_SN_GLVWA4_GRVW4_K1_SU32_SUS256_TT8_4,NO_CHECK,246426,7808.21,,1,448,32,1,1,1,1,23018340352,469762048,,,,,,,,,,2026-04-18 15:25:07.
0,110/111,10/19,Contraction_l_Alik_Bjlk_Cijk_Dijk,"(8192,14336,1,8192)",Cijk_Alik_Bjlk_I8II_BH_MT128x64x16_SN_GLVWA8_GRVW8_K1_SU32_SUS256_TT8_4,NO_CHECK,246169,7816.37,,1,448,32,1,1,1,1,23018340352,469762048,,,,,,,,,,2026-04-18 15:25:07.
0,110/111,11/19,Contraction_l_Alik_Bjlk_Cijk_Dijk,"(8192,14336,1,8192)",Cijk_Alik_Bjlk_I8II_BH_MT128x64x16_SN_GLVWA8_GRVW16_K1_SU32_SUS256_TT8_4,NO_CHECK,245914,7824.46,,1,448,32,1,1,1,1,23018340352,469762048,,,,,,,,,,2026-04-18 15:25:07.
0,110/111,12/19,Contraction_l_Alik_Bjlk_Cijk_Dijk,"(8192,14336,1,8192)",Cijk_Alik_Bjlk_I8II_BH_MT64x128x16_SN_GLVWA4_GRVW4_K1_SU0_SUS0_TT4_8,NO_CHECK,243632,7897.77,,1,448,32,1,1,1,1,23018340352,469762048,,,,,,,,,,2026-04-18 15:25:08.
0,110/111,13/19,Contraction_l_Alik_Bjlk_Cijk_Dijk,"(8192,14336,1,8192)",Cijk_Alik_Bjlk_I8II_BH_MT64x128x16_SN_GLVWA4_GRVW4_K1_SU32_SUS256_TT4_8,NO_CHECK,243241,7910.45,,1,448,32,1,1,1,1,23018340352,469762048,,,,,,,,,,2026-04-18 15:25:08.
0,110/111,14/19,Contraction_l_Alik_Bjlk_Cijk_Dijk,"(8192,14336,1,8192)",Cijk_Alik_Bjlk_I8II_BH_MT64x64x32_SN_GLVWA4_GRVW4_K1_SU0_SUS0_TT4_4,NO_CHECK,307451,6258.39,,1,896,32,1,1,1,1,30534533120,469762048,,,,,,,,,,2026-04-18 15:25:08.
0,110/111,15/19,Contraction_l_Alik_Bjlk_Cijk_Dijk,"(8192,14336,1,8192)",Cijk_Alik_Bjlk_I8II_BH_MT64x64x32_SN_GLVWA4_GRVW4_K1_SU32_SUS256_TT4_4,NO_CHECK,307243,6262.61,,1,896,32,1,1,1,1,30534533120,469762048,,,,,,,,,,2026-04-18 15:25:08.
0,110/111,16/19,Contraction_l_Alik_Bjlk_Cijk_Dijk,"(8192,14336,1,8192)",Cijk_Alik_Bjlk_I8II_BH_MT128x64x32_SN_GLVWA4_GRVW4_K1_SU0_SUS0_TT8_4,NO_CHECK,245182,7847.81,,1,448,32,1,1,1,1,23018340352,469762048,,,,,,,,,,2026-04-18 15:25:09.
0,110/111,17/19,Contraction_l_Alik_Bjlk_Cijk_Dijk,"(8192,14336,1,8192)",Cijk_Alik_Bjlk_I8II_BH_MT128x64x32_SN_GLVWA4_GRVW4_K1_SU32_SUS256_TT8_4,NO_CHECK,245149,7848.88,,1,448,32,1,1,1,1,23018340352,469762048,,,,,,,,,,2026-04-18 15:25:09.
0,110/111,18/19,Contraction_l_Alik_Bjlk_Cijk_Dijk,"(8192,14336,1,8192)",Cijk_Alik_Bjlk_I8II_BH_MT64x128x32_SN_GLVWA4_GRVW4_K1_SU0_SUS0_TT4_8,NO_CHECK,243201,7911.75,,1,448,32,1,1,1,1,23018340352,469762048,,,,,,,,,,2026-04-18 15:25:09.
0,110/111,19/19,Contraction_l_Alik_Bjlk_Cijk_Dijk,"(8192,14336,1,8192)",Cijk_Alik_Bjlk_I8II_BH_MT64x128x32_SN_GLVWA4_GRVW4_K1_SU32_SUS256_TT4_8,NO_CHECK,243191,7912.07,,1,448,32,1,1,1,1,23018340352,469762048,,,,,,,,,,2026-04-18 15:25:10.
0,111/111,0/19,Contraction_l_Alik_Bjlk_Cijk_Dijk,"(8192,14336,1,14336)",Cijk_Alik_Bjlk_I8II_BH_MT64x64x16_SN_GLVWA4_GRVW4_K1_SU0_SUS0_TT4_4,NO_CHECK,538474,6253.33,,1,896,32,1,1,1,1,53083111424,469762048,,,,,,,,,,2026-04-18 15:25:10.
0,111/111,1/19,Contraction_l_Alik_Bjlk_Cijk_Dijk,"(8192,14336,1,14336)",Cijk_Alik_Bjlk_I8II_BH_MT64x64x16_SN_GLVWA4_GRVW8_K1_SU0_SUS0_TT4_4,NO_CHECK,537854,6260.54,,1,896,32,1,1,1,1,53083111424,469762048,,,,,,,,,,2026-04-18 15:25:10.
0,111/111,2/19,Contraction_l_Alik_Bjlk_Cijk_Dijk,"(8192,14336,1,14336)",Cijk_Alik_Bjlk_I8II_BH_MT64x64x16_SN_GLVWA4_GRVW16_K1_SU0_SUS0_TT4_4,NO_CHECK,537901,6259.99,,1,896,32,1,1,1,1,53083111424,469762048,,,,,,,,,,2026-04-18 15:25:11.
0,111/111,3/19,Contraction_l_Alik_Bjlk_Cijk_Dijk,"(8192,14336,1,14336)",Cijk_Alik_Bjlk_I8II_BH_MT64x64x16_SN_GLVWA4_GRVW4_K1_SU32_SUS256_TT4_4,NO_CHECK,537749,6261.76,,1,896,32,1,1,1,1,53083111424,469762048,,,,,,,,,,2026-04-18 15:25:11.
0,111/111,4/19,Contraction_l_Alik_Bjlk_Cijk_Dijk,"(8192,14336,1,14336)",Cijk_Alik_Bjlk_I8II_BH_MT64x64x16_SN_GLVWA4_GRVW8_K1_SU32_SUS256_TT4_4,NO_CHECK,537728,6262,,1,896,32,1,1,1,1,53083111424,469762048,,,,,,,,,,2026-04-18 15:25:12.
0,111/111,5/19,Contraction_l_Alik_Bjlk_Cijk_Dijk,"(8192,14336,1,14336)",Cijk_Alik_Bjlk_I8II_BH_MT64x64x16_SN_GLVWA4_GRVW16_K1_SU32_SUS256_TT4_4,NO_CHECK,537690,6262.44,,1,896,32,1,1,1,1,53083111424,469762048,,,,,,,,,,2026-04-18 15:25:12.
0,111/111,6/19,Contraction_l_Alik_Bjlk_Cijk_Dijk,"(8192,14336,1,14336)",Cijk_Alik_Bjlk_I8II_BH_MT128x64x16_SN_GLVWA4_GRVW4_K1_SU0_SUS0_TT8_4,NO_CHECK,429511,7839.74,,1,448,32,1,1,1,1,39929774080,469762048,,,,,,,,,,2026-04-18 15:25:13.
0,111/111,7/19,Contraction_l_Alik_Bjlk_Cijk_Dijk,"(8192,14336,1,14336)",Cijk_Alik_Bjlk_I8II_BH_MT128x64x16_SN_GLVWA8_GRVW8_K1_SU0_SUS0_TT8_4,NO_CHECK,431072,7811.35,,1,448,32,1,1,1,1,39929774080,469762048,,,,,,,,,,2026-04-18 15:25:13.
0,111/111,8/19,Contraction_l_Alik_Bjlk_Cijk_Dijk,"(8192,14336,1,14336)",Cijk_Alik_Bjlk_I8II_BH_MT128x64x16_SN_GLVWA8_GRVW16_K1_SU0_SUS0_TT8_4,NO_CHECK,430903,7814.42,,1,448,32,1,1,1,1,39929774080,469762048,,,,,,,,,,2026-04-18 15:25:14.
0,111/111,9/19,Contraction_l_Alik_Bjlk_Cijk_Dijk,"(8192,14336,1,14336)",Cijk_Alik_Bjlk_I8II_BH_MT128x64x16_SN_GLVWA4_GRVW4_K1_SU32_SUS256_TT8_4,NO_CHECK,431245,7808.22,,1,448,32,1,1,1,1,39929774080,469762048,,,,,,,,,,2026-04-18 15:25:14.
0,111/111,10/19,Contraction_l_Alik_Bjlk_Cijk_Dijk,"(8192,14336,1,14336)",Cijk_Alik_Bjlk_I8II_BH_MT128x64x16_SN_GLVWA8_GRVW8_K1_SU32_SUS256_TT8_4,NO_CHECK,431368,7805.98,,1,448,32,1,1,1,1,39929774080,469762048,,,,,,,,,,2026-04-18 15:25:15.
0,111/111,11/19,Contraction_l_Alik_Bjlk_Cijk_Dijk,"(8192,14336,1,14336)",Cijk_Alik_Bjlk_I8II_BH_MT128x64x16_SN_GLVWA8_GRVW16_K1_SU32_SUS256_TT8_4,NO_CHECK,431456,7804.4,,1,448,32,1,1,1,1,39929774080,469762048,,,,,,,,,,2026-04-18 15:25:15.
0,111/111,12/19,Contraction_l_Alik_Bjlk_Cijk_Dijk,"(8192,14336,1,14336)",Cijk_Alik_Bjlk_I8II_BH_MT64x128x16_SN_GLVWA4_GRVW4_K1_SU0_SUS0_TT4_8,NO_CHECK,427133,7883.38,,1,448,32,1,1,1,1,39929774080,469762048,,,,,,,,,,2026-04-18 15:25:16.
0,111/111,13/19,Contraction_l_Alik_Bjlk_Cijk_Dijk,"(8192,14336,1,14336)",Cijk_Alik_Bjlk_I8II_BH_MT64x128x16_SN_GLVWA4_GRVW4_K1_SU32_SUS256_TT4_8,NO_CHECK,425726,7909.44,,1,448,32,1,1,1,1,39929774080,469762048,,,,,,,,,,2026-04-18 15:25:16.
0,111/111,14/19,Contraction_l_Alik_Bjlk_Cijk_Dijk,"(8192,14336,1,14336)",Cijk_Alik_Bjlk_I8II_BH_MT64x64x32_SN_GLVWA4_GRVW4_K1_SU0_SUS0_TT4_4,NO_CHECK,537991,6258.94,,1,896,32,1,1,1,1,53083111424,469762048,,,,,,,,,,2026-04-18 15:25:16.
0,111/111,15/19,Contraction_l_Alik_Bjlk_Cijk_Dijk,"(8192,14336,1,14336)",Cijk_Alik_Bjlk_I8II_BH_MT64x64x32_SN_GLVWA4_GRVW4_K1_SU32_SUS256_TT4_4,NO_CHECK,538358,6254.67,,1,896,32,1,1,1,1,53083111424,469762048,,,,,,,,,,2026-04-18 15:25:17.
0,111/111,16/19,Contraction_l_Alik_Bjlk_Cijk_Dijk,"(8192,14336,1,14336)",Cijk_Alik_Bjlk_I8II_BH_MT128x64x32_SN_GLVWA4_GRVW4_K1_SU0_SUS0_TT8_4,NO_CHECK,428218,7863.41,,1,448,32,1,1,1,1,39929774080,469762048,,,,,,,,,,2026-04-18 15:25:17.
0,111/111,17/19,Contraction_l_Alik_Bjlk_Cijk_Dijk,"(8192,14336,1,14336)",Cijk_Alik_Bjlk_I8II_BH_MT128x64x32_SN_GLVWA4_GRVW4_K1_SU32_SUS256_TT8_4,NO_CHECK,428136,7864.92,,1,448,32,1,1,1,1,39929774080,469762048,,,,,,,,,,2026-04-18 15:25:18.
0,111/111,18/19,Contraction_l_Alik_Bjlk_Cijk_Dijk,"(8192,14336,1,14336)",Cijk_Alik_Bjlk_I8II_BH_MT64x128x32_SN_GLVWA4_GRVW4_K1_SU0_SUS0_TT4_8,NO_CHECK,426388,7897.17,,1,448,32,1,1,1,1,39929774080,469762048,,,,,,,,,,2026-04-18 15:25:18.
0,111/111,19/19,Contraction_l_Alik_Bjlk_Cijk_Dijk,"(8192,14336,1,14336)",Cijk_Alik_Bjlk_I8II_BH_MT64x128x32_SN_GLVWA4_GRVW4_K1_SU32_SUS256_TT4_8,NO_CHECK,425658,7910.7,,1,448,32,1,1,1,1,39929774080,469762048,,,,,,,,,,2026-04-18 15:25:19.
+ [[ 0 -ne 0 ]]
+ exit 0
################################################################################
# Cijk_Alik_Bjlk_I8II_BH_00
# 00_Final: End - 87.650s
################################################################################

clientExit=0 (PASS) for ['/home/iamthecage/rocm-libraries/shared/tensile/next-tuning/gfx1201-wide-v2/i8gemm_tt.yaml']

# LibraryLogic config: {'ScheduleName': 'navi48', 'DeviceNames': ['Device 7550'], 'ArchitectureName': 'gfx1201'}
# DefaultAnalysisParameters: 

################################################################################
# Analysing data in 2_BenchmarkData - 87.651s
#   ScheduleName: navi48
#   DeviceNames: ['Device 7550']
#   ArchitectureName: gfx1201
#   SolutionImportanceMin: 0.01
################################################################################

################################################################################
# Analyzing: Cijk_Alik_Bjlk_I8II_BH
# Read: /home/iamthecage/out-v2/i8gemm_tt/2_BenchmarkData/Cijk_Alik_Bjlk_I8II_BH_00.yaml
# ProblemSizes: ProblemSizes

# Solutions:
#  (0) Cijk_Alik_Bjlk_I8II_BH_MT64x64x16_SN_GLVWA4_GRVW4_K1_SU0_SUS0_TT4_4
#  (1) Cijk_Alik_Bjlk_I8II_BH_MT64x64x16_SN_GLVWA4_GRVW8_K1_SU0_SUS0_TT4_4
#  (2) Cijk_Alik_Bjlk_I8II_BH_MT64x64x16_SN_GLVWA4_GRVW16_K1_SU0_SUS0_TT4_4
#  (3) Cijk_Alik_Bjlk_I8II_BH_MT64x64x16_SN_GLVWA4_GRVW4_K1_SU32_SUS256_TT4_4
#  (4) Cijk_Alik_Bjlk_I8II_BH_MT64x64x16_SN_GLVWA4_GRVW8_K1_SU32_SUS256_TT4_4
#  (5) Cijk_Alik_Bjlk_I8II_BH_MT64x64x16_SN_GLVWA4_GRVW16_K1_SU32_SUS256_TT4_4
#  (6) Cijk_Alik_Bjlk_I8II_BH_MT128x64x16_SN_GLVWA4_GRVW4_K1_SU0_SUS0_TT8_4
#  (7) Cijk_Alik_Bjlk_I8II_BH_MT128x64x16_SN_GLVWA8_GRVW8_K1_SU0_SUS0_TT8_4
#  (8) Cijk_Alik_Bjlk_I8II_BH_MT128x64x16_SN_GLVWA8_GRVW16_K1_SU0_SUS0_TT8_4
#  (9) Cijk_Alik_Bjlk_I8II_BH_MT128x64x16_SN_GLVWA4_GRVW4_K1_SU32_SUS256_TT8_4
#  (10) Cijk_Alik_Bjlk_I8II_BH_MT128x64x16_SN_GLVWA8_GRVW8_K1_SU32_SUS256_TT8_4
#  (11) Cijk_Alik_Bjlk_I8II_BH_MT128x64x16_SN_GLVWA8_GRVW16_K1_SU32_SUS256_TT8_4
#  (12) Cijk_Alik_Bjlk_I8II_BH_MT64x128x16_SN_GLVWA4_GRVW4_K1_SU0_SUS0_TT4_8
#  (13) Cijk_Alik_Bjlk_I8II_BH_MT64x128x16_SN_GLVWA4_GRVW4_K1_SU32_SUS256_TT4_8
#  (14) Cijk_Alik_Bjlk_I8II_BH_MT64x64x32_SN_GLVWA4_GRVW4_K1_SU0_SUS0_TT4_4
#  (15) Cijk_Alik_Bjlk_I8II_BH_MT64x64x32_SN_GLVWA4_GRVW4_K1_SU32_SUS256_TT4_4
#  (16) Cijk_Alik_Bjlk_I8II_BH_MT128x64x32_SN_GLVWA4_GRVW4_K1_SU0_SUS0_TT8_4
#  (17) Cijk_Alik_Bjlk_I8II_BH_MT128x64x32_SN_GLVWA4_GRVW4_K1_SU32_SUS256_TT8_4
#  (18) Cijk_Alik_Bjlk_I8II_BH_MT64x128x32_SN_GLVWA4_GRVW4_K1_SU0_SUS0_TT4_8
#  (19) Cijk_Alik_Bjlk_I8II_BH_MT64x128x32_SN_GLVWA4_GRVW4_K1_SU32_SUS256_TT4_8
################################################################################
# Merging Solutions:
                                                   # LogicAnalyzer .                              5.0%                                                    # LogicAnalyzer ...                            10.0%                                                    # LogicAnalyzer ....                           15.0%                                                    # LogicAnalyzer ......                         20.0%                                                    # LogicAnalyzer .......                        25.0%                                                    # LogicAnalyzer .........                      30.0%                                                    # LogicAnalyzer ..........                     35.0%                                                    # LogicAnalyzer ............                   40.0%                                                    # LogicAnalyzer .............                  45.0%                                                    # LogicAnalyzer ...............                50.0%                                                    # LogicAnalyzer ................               55.0%                                                    # LogicAnalyzer ..................             60.0%                                                    # LogicAnalyzer ...................            65.0%                                                    # LogicAnalyzer .....................          70.0%                                                    # LogicAnalyzer ......................         75.0%                                                    # LogicAnalyzer ........................       80.0%                                                    # LogicAnalyzer .........................      85.0%                                                    # LogicAnalyzer ...........................    90.0%                                                    # LogicAnalyzer ............................   95.0%                                                     # LogicAnalyzer .............................. 100.0%UnifiedProblemSizes: [[], [], [], [], [], [], [], []]
ExactProblemSizes: {(256, 14336, 1, 1024, 256, 256, 1024, 14336), (8192, 4096, 1, 8192, 8192, 8192, 8192, 4096), (2048, 4096, 1, 4096, 2048, 2048, 4096, 
4096), (2048, 8192, 1, 1024, 2048, 2048, 1024, 8192), (64, 4096, 1, 8192, 64, 64, 8192, 4096), (256, 4096, 1, 4096, 256, 256, 4096, 4096), (256, 4096, 1,
14336, 256, 256, 14336, 4096), (64, 4096, 1, 14336, 64, 64, 14336, 4096), (64, 1024, 1, 8192, 64, 64, 8192, 1024), (64, 8192, 1, 14336, 64, 64, 14336, 
8192), (1024, 1024, 1, 4096, 1024, 1024, 4096, 1024), (16, 8192, 1, 1024, 16, 16, 1024, 8192), (64, 4096, 1, 4096, 64, 64, 4096, 4096), (4096, 4096, 1, 
1024, 4096, 4096, 1024, 4096), (4096, 1024, 1, 4096, 4096, 4096, 4096, 1024), (2048, 1024, 1, 4096, 2048, 2048, 4096, 1024), (16, 4096, 1, 14336, 16, 16,
14336, 4096), (8192, 14336, 1, 1024, 8192, 8192, 1024, 14336), (16, 1024, 1, 4096, 16, 16, 4096, 1024), (1024, 14336, 1, 4096, 1024, 1024, 4096, 14336), 
(16, 4096, 1, 1024, 16, 16, 1024, 4096), (64, 14336, 1, 4096, 64, 64, 4096, 14336), (64, 8192, 1, 1024, 64, 64, 1024, 8192), (8192, 4096, 1, 1024, 8192, 
8192, 1024, 4096), (1024, 8192, 1, 14336, 1024, 1024, 14336, 8192), (1024, 14336, 1, 8192, 1024, 1024, 8192, 14336), (8192, 1024, 1, 4096, 8192, 8192, 
4096, 1024), (1024, 1024, 1, 8192, 1024, 1024, 8192, 1024), (64, 1024, 1, 14336, 64, 64, 14336, 1024), (1024, 4096, 1, 4096, 1024, 1024, 4096, 4096), 
(64, 14336, 1, 8192, 64, 64, 8192, 14336), (4096, 14336, 1, 14336, 4096, 4096, 14336, 14336), (8192, 14336, 1, 4096, 8192, 8192, 4096, 14336), (256, 
4096, 1, 1024, 256, 256, 1024, 4096), (256, 14336, 1, 4096, 256, 256, 4096, 14336), (64, 14336, 1, 1024, 64, 64, 1024, 14336), (2048, 4096, 1, 14336, 
2048, 2048, 14336, 4096), (8192, 8192, 1, 14336, 8192, 8192, 14336, 8192), (8192, 14336, 1, 14336, 8192, 8192, 14336, 14336), (256, 4096, 1, 8192, 256, 
256, 8192, 4096), (256, 8192, 1, 1024, 256, 256, 1024, 8192), (16, 1024, 1, 14336, 16, 16, 14336, 1024), (2048, 8192, 1, 14336, 2048, 2048, 14336, 8192),
(1024, 8192, 1, 4096, 1024, 1024, 4096, 8192), (1024, 8192, 1, 8192, 1024, 1024, 8192, 8192), (16, 14336, 1, 8192, 16, 16, 8192, 14336), (4096, 4096, 1, 
14336, 4096, 4096, 14336, 4096), (4096, 14336, 1, 1024, 4096, 4096, 1024, 14336), (256, 1024, 1, 14336, 256, 256, 14336, 1024), (4096, 14336, 1, 4096, 
4096, 4096, 4096, 14336), (4096, 8192, 1, 14336, 4096, 4096, 14336, 8192), (8192, 1024, 1, 14336, 8192, 8192, 14336, 1024), (2048, 4096, 1, 8192, 2048, 
2048, 8192, 4096), (8192, 8192, 1, 8192, 8192, 8192, 8192, 8192), (2048, 14336, 1, 1024, 2048, 2048, 1024, 14336), (2048, 8192, 1, 4096, 2048, 2048, 
4096, 8192), (4096, 4096, 1, 4096, 4096, 4096, 4096, 4096), (16, 14336, 1, 1024, 16, 16, 1024, 14336), (16, 8192, 1, 8192, 16, 16, 8192, 8192), (16, 
8192, 1, 14336, 16, 16, 14336, 8192), (4096, 8192, 1, 4096, 4096, 4096, 4096, 8192), (1024, 1024, 1, 1024, 1024, 1024, 1024, 1024), (4096, 4096, 1, 8192,
4096, 4096, 8192, 4096), (2048, 1024, 1, 14336, 2048, 2048, 14336, 1024), (64, 1024, 1, 4096, 64, 64, 4096, 1024), (8192, 8192, 1, 1024, 8192, 8192, 
1024, 8192), (8192, 14336, 1, 8192, 8192, 8192, 8192, 14336), (64, 14336, 1, 14336, 64, 64, 14336, 14336), (2048, 8192, 1, 8192, 2048, 2048, 8192, 8192),
(64, 8192, 1, 4096, 64, 64, 4096, 8192), (1024, 4096, 1, 14336, 1024, 1024, 14336, 4096), (4096, 8192, 1, 8192, 4096, 4096, 8192, 8192), (8192, 4096, 1, 
14336, 8192, 8192, 14336, 4096), (256, 8192, 1, 8192, 256, 256, 8192, 8192), (64, 4096, 1, 1024, 64, 64, 1024, 4096), (16, 4096, 1, 4096, 16, 16, 4096, 
4096), (256, 8192, 1, 4096, 256, 256, 4096, 8192), (64, 1024, 1, 1024, 64, 64, 1024, 1024), (4096, 1024, 1, 8192, 4096, 4096, 8192, 1024), (256, 1024, 1,
4096, 256, 256, 4096, 1024), (1024, 4096, 1, 1024, 1024, 1024, 1024, 4096), (8192, 1024, 1, 8192, 8192, 8192, 8192, 1024), (8192, 4096, 1, 4096, 8192, 
8192, 4096, 4096), (16, 1024, 1, 8192, 16, 16, 8192, 1024), (4096, 8192, 1, 1024, 4096, 4096, 1024, 8192), (1024, 14336, 1, 1024, 1024, 1024, 1024, 
14336), (4096, 14336, 1, 8192, 4096, 4096, 8192, 14336), (256, 1024, 1, 1024, 256, 256, 1024, 1024), (1024, 1024, 1, 14336, 1024, 1024, 14336, 1024), 
(2048, 14336, 1, 4096, 2048, 2048, 4096, 14336), (1024, 8192, 1, 1024, 1024, 1024, 1024, 8192), (8192, 1024, 1, 1024, 8192, 8192, 1024, 1024), (16, 8192,
1, 4096, 16, 16, 4096, 8192), (16, 14336, 1, 4096, 16, 16, 4096, 14336), (2048, 4096, 1, 1024, 2048, 2048, 1024, 4096), (2048, 14336, 1, 8192, 2048, 
2048, 8192, 14336), (4096, 1024, 1, 1024, 4096, 4096, 1024, 1024), (8192, 8192, 1, 4096, 8192, 8192, 4096, 8192), (256, 14336, 1, 8192, 256, 256, 8192, 
14336), (64, 8192, 1, 8192, 64, 64, 8192, 8192), (2048, 1024, 1, 8192, 2048, 2048, 8192, 1024), (256, 14336, 1, 14336, 256, 256, 14336, 14336), (1024, 
4096, 1, 8192, 1024, 1024, 8192, 4096), (256, 8192, 1, 14336, 256, 256, 14336, 8192), (4096, 1024, 1, 14336, 4096, 4096, 14336, 1024), (256, 1024, 1, 
8192, 256, 256, 8192, 1024), (2048, 1024, 1, 1024, 2048, 2048, 1024, 1024), (1024, 14336, 1, 14336, 1024, 1024, 14336, 14336), (16, 1024, 1, 1024, 16, 
16, 1024, 1024), (2048, 14336, 1, 14336, 2048, 2048, 14336, 14336), (16, 4096, 1, 8192, 16, 16, 8192, 4096), (16, 14336, 1, 14336, 16, 16, 14336, 14336)}
RangeProblemSizes: {(256, 14336, 1, 1024, 256, 256, 1024, 14336), (8192, 4096, 1, 8192, 8192, 8192, 8192, 4096), (2048, 4096, 1, 4096, 2048, 2048, 4096, 
4096), (2048, 8192, 1, 1024, 2048, 2048, 1024, 8192), (64, 4096, 1, 8192, 64, 64, 8192, 4096), (256, 4096, 1, 4096, 256, 256, 4096, 4096), (256, 4096, 1,
14336, 256, 256, 14336, 4096), (64, 4096, 1, 14336, 64, 64, 14336, 4096), (64, 1024, 1, 8192, 64, 64, 8192, 1024), (64, 8192, 1, 14336, 64, 64, 14336, 
8192), (1024, 1024, 1, 4096, 1024, 1024, 4096, 1024), (16, 8192, 1, 1024, 16, 16, 1024, 8192), (64, 4096, 1, 4096, 64, 64, 4096, 4096), (4096, 4096, 1, 
1024, 4096, 4096, 1024, 4096), (4096, 1024, 1, 4096, 4096, 4096, 4096, 1024), (2048, 1024, 1, 4096, 2048, 2048, 4096, 1024), (16, 4096, 1, 14336, 16, 16,
14336, 4096), (8192, 14336, 1, 1024, 8192, 8192, 1024, 14336), (16, 1024, 1, 4096, 16, 16, 4096, 1024), (1024, 14336, 1, 4096, 1024, 1024, 4096, 14336), 
(16, 4096, 1, 1024, 16, 16, 1024, 4096), (64, 14336, 1, 4096, 64, 64, 4096, 14336), (64, 8192, 1, 1024, 64, 64, 1024, 8192), (8192, 4096, 1, 1024, 8192, 
8192, 1024, 4096), (1024, 8192, 1, 14336, 1024, 1024, 14336, 8192), (1024, 14336, 1, 8192, 1024, 1024, 8192, 14336), (8192, 1024, 1, 4096, 8192, 8192, 
4096, 1024), (1024, 1024, 1, 8192, 1024, 1024, 8192, 1024), (64, 1024, 1, 14336, 64, 64, 14336, 1024), (1024, 4096, 1, 4096, 1024, 1024, 4096, 4096), 
(64, 14336, 1, 8192, 64, 64, 8192, 14336), (4096, 14336, 1, 14336, 4096, 4096, 14336, 14336), (8192, 14336, 1, 4096, 8192, 8192, 4096, 14336), (256, 
4096, 1, 1024, 256, 256, 1024, 4096), (256, 14336, 1, 4096, 256, 256, 4096, 14336), (64, 14336, 1, 1024, 64, 64, 1024, 14336), (2048, 4096, 1, 14336, 
2048, 2048, 14336, 4096), (8192, 8192, 1, 14336, 8192, 8192, 14336, 8192), (8192, 14336, 1, 14336, 8192, 8192, 14336, 14336), (256, 4096, 1, 8192, 256, 
256, 8192, 4096), (256, 8192, 1, 1024, 256, 256, 1024, 8192), (16, 1024, 1, 14336, 16, 16, 14336, 1024), (2048, 8192, 1, 14336, 2048, 2048, 14336, 8192),
(1024, 8192, 1, 4096, 1024, 1024, 4096, 8192), (1024, 8192, 1, 8192, 1024, 1024, 8192, 8192), (16, 14336, 1, 8192, 16, 16, 8192, 14336), (4096, 4096, 1, 
14336, 4096, 4096, 14336, 4096), (4096, 14336, 1, 1024, 4096, 4096, 1024, 14336), (256, 1024, 1, 14336, 256, 256, 14336, 1024), (4096, 14336, 1, 4096, 
4096, 4096, 4096, 14336), (4096, 8192, 1, 14336, 4096, 4096, 14336, 8192), (8192, 1024, 1, 14336, 8192, 8192, 14336, 1024), (2048, 4096, 1, 8192, 2048, 
2048, 8192, 4096), (8192, 8192, 1, 8192, 8192, 8192, 8192, 8192), (2048, 14336, 1, 1024, 2048, 2048, 1024, 14336), (2048, 8192, 1, 4096, 2048, 2048, 
4096, 8192), (4096, 4096, 1, 4096, 4096, 4096, 4096, 4096), (16, 14336, 1, 1024, 16, 16, 1024, 14336), (16, 8192, 1, 8192, 16, 16, 8192, 8192), (16, 
8192, 1, 14336, 16, 16, 14336, 8192), (4096, 8192, 1, 4096, 4096, 4096, 4096, 8192), (1024, 1024, 1, 1024, 1024, 1024, 1024, 1024), (4096, 4096, 1, 8192,
4096, 4096, 8192, 4096), (2048, 1024, 1, 14336, 2048, 2048, 14336, 1024), (64, 1024, 1, 4096, 64, 64, 4096, 1024), (8192, 8192, 1, 1024, 8192, 8192, 
1024, 8192), (8192, 14336, 1, 8192, 8192, 8192, 8192, 14336), (64, 14336, 1, 14336, 64, 64, 14336, 14336), (2048, 8192, 1, 8192, 2048, 2048, 8192, 8192),
(64, 8192, 1, 4096, 64, 64, 4096, 8192), (1024, 4096, 1, 14336, 1024, 1024, 14336, 4096), (4096, 8192, 1, 8192, 4096, 4096, 8192, 8192), (8192, 4096, 1, 
14336, 8192, 8192, 14336, 4096), (256, 8192, 1, 8192, 256, 256, 8192, 8192), (64, 4096, 1, 1024, 64, 64, 1024, 4096), (16, 4096, 1, 4096, 16, 16, 4096, 
4096), (256, 8192, 1, 4096, 256, 256, 4096, 8192), (64, 1024, 1, 1024, 64, 64, 1024, 1024), (4096, 1024, 1, 8192, 4096, 4096, 8192, 1024), (256, 1024, 1,
4096, 256, 256, 4096, 1024), (1024, 4096, 1, 1024, 1024, 1024, 1024, 4096), (8192, 1024, 1, 8192, 8192, 8192, 8192, 1024), (8192, 4096, 1, 4096, 8192, 
8192, 4096, 4096), (16, 1024, 1, 8192, 16, 16, 8192, 1024), (4096, 8192, 1, 1024, 4096, 4096, 1024, 8192), (1024, 14336, 1, 1024, 1024, 1024, 1024, 
14336), (4096, 14336, 1, 8192, 4096, 4096, 8192, 14336), (256, 1024, 1, 1024, 256, 256, 1024, 1024), (1024, 1024, 1, 14336, 1024, 1024, 14336, 1024), 
(2048, 14336, 1, 4096, 2048, 2048, 4096, 14336), (1024, 8192, 1, 1024, 1024, 1024, 1024, 8192), (8192, 1024, 1, 1024, 8192, 8192, 1024, 1024), (16, 8192,
1, 4096, 16, 16, 4096, 8192), (16, 14336, 1, 4096, 16, 16, 4096, 14336), (2048, 4096, 1, 1024, 2048, 2048, 1024, 4096), (2048, 14336, 1, 8192, 2048, 
2048, 8192, 14336), (4096, 1024, 1, 1024, 4096, 4096, 1024, 1024), (8192, 8192, 1, 4096, 8192, 8192, 4096, 8192), (256, 14336, 1, 8192, 256, 256, 8192, 
14336), (64, 8192, 1, 8192, 64, 64, 8192, 8192), (2048, 1024, 1, 8192, 2048, 2048, 8192, 1024), (256, 14336, 1, 14336, 256, 256, 14336, 14336), (1024, 
4096, 1, 8192, 1024, 1024, 8192, 4096), (256, 8192, 1, 14336, 256, 256, 14336, 8192), (4096, 1024, 1, 14336, 4096, 4096, 14336, 1024), (256, 1024, 1, 
8192, 256, 256, 8192, 1024), (2048, 1024, 1, 1024, 2048, 2048, 1024, 1024), (1024, 14336, 1, 14336, 1024, 1024, 14336, 14336), (16, 1024, 1, 1024, 16, 
16, 1024, 1024), (2048, 14336, 1, 14336, 2048, 2048, 14336, 14336), (16, 4096, 1, 8192, 16, 16, 8192, 4096), (16, 14336, 1, 14336, 16, 16, 14336, 14336)}
# NumProblemSizes: [0, 0, 0, 0, 0, 0, 0, 0]
TotalProblems: 0
TotalSolutions: 20
TotalSize: 0
IndexOrder: [2, 3, 0, 1]
reading datafile /home/iamthecage/out-v2/i8gemm_tt/2_BenchmarkData/Cijk_Alik_Bjlk_I8II_BH_00.csv
# ExactWinners: {(16, 1024, 1, 1024, 16, 16, 1024, 1024): [2, 478.795], (16, 1024, 1, 4096, 16, 16, 4096, 1024): [2, 619.191], (16, 1024, 1, 8192, 16, 
16, 8192, 1024): [1, 632.914], (16, 1024, 1, 14336, 16, 16, 14336, 1024): [1, 641.812], (16, 4096, 1, 1024, 16, 16, 1024, 4096): [12, 1253.88], (16, 
4096, 1, 4096, 16, 16, 4096, 4096): [13, 1584.79], (16, 4096, 1, 8192, 16, 16, 8192, 4096): [13, 1647.63], (16, 4096, 1, 14336, 16, 16, 14336, 4096): 
[12, 1671.55], (16, 8192, 1, 1024, 16, 16, 1024, 8192): [12, 1566.11], (16, 8192, 1, 4096, 16, 16, 4096, 8192): [13, 1781.12], (16, 8192, 1, 8192, 16, 
16, 8192, 8192): [13, 1796.19], (16, 8192, 1, 14336, 16, 16, 14336, 8192): [12, 1824.29], (16, 14336, 1, 1024, 16, 16, 1024, 14336): [19, 1578.9], (16, 
14336, 1, 4096, 16, 16, 4096, 14336): [13, 1610.79], (16, 14336, 1, 8192, 16, 16, 8192, 14336): [19, 1641.98], (16, 14336, 1, 14336, 16, 16, 14336, 
14336): [18, 1652.34], (64, 1024, 1, 1024, 64, 64, 1024, 1024): [2, 1953.08], (64, 1024, 1, 4096, 64, 64, 4096, 1024): [0, 2444.28], (64, 1024, 1, 8192, 
64, 64, 8192, 1024): [1, 2537.88], (64, 1024, 1, 14336, 64, 64, 14336, 1024): [1, 2564.02], (64, 4096, 1, 1024, 64, 64, 1024, 4096): [12, 5009.95], (64, 
4096, 1, 4096, 64, 64, 4096, 4096): [13, 6375.29], (64, 4096, 1, 8192, 64, 64, 8192, 4096): [12, 6602.26], (64, 4096, 1, 14336, 64, 64, 14336, 4096): 
[12, 6649.99], (64, 8192, 1, 1024, 64, 64, 1024, 8192): [13, 6114.6], (64, 8192, 1, 4096, 64, 64, 4096, 8192): [13, 7071.43], (64, 8192, 1, 8192, 64, 64,
8192, 8192): [13, 7185.24], (64, 8192, 1, 14336, 64, 64, 14336, 8192): [12, 7369.72], (64, 14336, 1, 1024, 64, 64, 1024, 14336): [19, 6379.95], (64, 
14336, 1, 4096, 64, 64, 4096, 14336): [13, 6557.16], (64, 14336, 1, 8192, 64, 64, 8192, 14336): [19, 6676.69], (64, 14336, 1, 14336, 64, 64, 14336, 
14336): [19, 6677.13], (256, 1024, 1, 1024, 256, 256, 1024, 1024): [12, 5279.9], (256, 1024, 1, 4096, 256, 256, 4096, 1024): [12, 6587.27], (256, 1024, 
1, 8192, 256, 256, 8192, 1024): [12, 6814.28], (256, 1024, 1, 14336, 256, 256, 14336, 1024): [12, 6820.65], (256, 4096, 1, 1024, 256, 256, 1024, 4096): 
[12, 7154.34], (256, 4096, 1, 4096, 256, 256, 4096, 4096): [9, 7474.08], (256, 4096, 1, 8192, 256, 256, 8192, 4096): [10, 7640.41], (256, 4096, 1, 14336,
256, 256, 14336, 4096): [12, 7677.38], (256, 8192, 1, 1024, 256, 256, 1024, 8192): [12, 7602.68], (256, 8192, 1, 4096, 256, 256, 4096, 8192): [19, 
7775.27], (256, 8192, 1, 8192, 256, 256, 8192, 8192): [18, 7803.53], (256, 8192, 1, 14336, 256, 256, 14336, 8192): [19, 7843.22], (256, 14336, 1, 1024, 
256, 256, 1024, 14336): [12, 7793.86], (256, 14336, 1, 4096, 256, 256, 4096, 14336): [18, 7858.23], (256, 14336, 1, 8192, 256, 256, 8192, 14336): [8, 
7833.98], (256, 14336, 1, 14336, 256, 256, 14336, 14336): [12, 7879.58], (1024, 1024, 1, 1024, 1024, 1024, 1024, 1024): [19, 6872.28], (1024, 1024, 1, 
4096, 1024, 1024, 4096, 1024): [11, 7576.92], (1024, 1024, 1, 8192, 1024, 1024, 8192, 1024): [12, 7713.96], (1024, 1024, 1, 14336, 1024, 1024, 14336, 
1024): [13, 7736.5], (1024, 4096, 1, 1024, 1024, 1024, 1024, 4096): [19, 7516.98], (1024, 4096, 1, 4096, 1024, 1024, 4096, 4096): [18, 7855.55], (1024, 
4096, 1, 8192, 1024, 1024, 8192, 4096): [13, 7820.43], (1024, 4096, 1, 14336, 1024, 1024, 14336, 4096): [13, 7860.35], (1024, 8192, 1, 1024, 1024, 1024, 
1024, 8192): [19, 7691.86], (1024, 8192, 1, 4096, 1024, 1024, 4096, 8192): [12, 7866.7], (1024, 8192, 1, 8192, 1024, 1024, 8192, 8192): [13, 7876.35], 
(1024, 8192, 1, 14336, 1024, 1024, 14336, 8192): [18, 7905.74], (1024, 14336, 1, 1024, 1024, 1024, 1024, 14336): [19, 7822.41], (1024, 14336, 1, 4096, 
1024, 1024, 4096, 14336): [19, 7901.71], (1024, 14336, 1, 8192, 1024, 1024, 8192, 14336): [10, 7861.46], (1024, 14336, 1, 14336, 1024, 1024, 14336, 
14336): [13, 7903.91], (2048, 1024, 1, 1024, 2048, 2048, 1024, 1024): [9, 7246.58], (2048, 1024, 1, 4096, 2048, 2048, 4096, 1024): [19, 7768.94], (2048, 
1024, 1, 8192, 2048, 2048, 8192, 1024): [12, 7801.26], (2048, 1024, 1, 14336, 2048, 2048, 14336, 1024): [13, 7824.77], (2048, 4096, 1, 1024, 2048, 2048, 
1024, 4096): [19, 7733.41], (2048, 4096, 1, 4096, 2048, 2048, 4096, 4096): [18, 7887.36], (2048, 4096, 1, 8192, 2048, 2048, 8192, 4096): [19, 7890.87], 
(2048, 4096, 1, 14336, 2048, 2048, 14336, 4096): [12, 7887.48], (2048, 8192, 1, 1024, 2048, 2048, 1024, 8192): [12, 7808.92], (2048, 8192, 1, 4096, 2048,
2048, 4096, 8192): [13, 7901.25], (2048, 8192, 1, 8192, 2048, 2048, 8192, 8192): [8, 7852.98], (2048, 8192, 1, 14336, 2048, 2048, 14336, 8192): [19, 
7906.99], (2048, 14336, 1, 1024, 2048, 2048, 1024, 14336): [6, 7738.57], (2048, 14336, 1, 4096, 2048, 2048, 4096, 14336): [19, 7915.35], (2048, 14336, 1,
8192, 2048, 2048, 8192, 14336): [9, 7862.37], (2048, 14336, 1, 14336, 2048, 2048, 14336, 14336): [13, 7909.88], (4096, 1024, 1, 1024, 4096, 4096, 1024, 
1024): [7, 7672.76], (4096, 1024, 1, 4096, 4096, 4096, 4096, 1024): [12, 7820.72], (4096, 1024, 1, 8192, 4096, 4096, 8192, 1024): [12, 7804.84], (4096, 
1024, 1, 14336, 4096, 4096, 14336, 1024): [19, 7854.82], (4096, 4096, 1, 1024, 4096, 4096, 1024, 4096): [13, 7820.01], (4096, 4096, 1, 4096, 4096, 4096, 
4096, 4096): [19, 7875.74], (4096, 4096, 1, 8192, 4096, 4096, 8192, 4096): [11, 7843.53], (4096, 4096, 1, 14336, 4096, 4096, 14336, 4096): [18, 7919.85],
(4096, 8192, 1, 1024, 4096, 4096, 1024, 8192): [12, 7893.56], (4096, 8192, 1, 4096, 4096, 4096, 4096, 8192): [13, 7917.79], (4096, 8192, 1, 8192, 4096, 
4096, 8192, 8192): [19, 7868.76], (4096, 8192, 1, 14336, 4096, 4096, 14336, 8192): [19, 7931.06], (4096, 14336, 1, 1024, 4096, 4096, 1024, 14336): [13, 
7840.01], (4096, 14336, 1, 4096, 4096, 4096, 4096, 14336): [18, 7928.56], (4096, 14336, 1, 8192, 4096, 4096, 8192, 14336): [13, 7886.84], (4096, 14336, 
1, 14336, 4096, 4096, 14336, 14336): [12, 7909.31], (8192, 1024, 1, 1024, 8192, 8192, 1024, 1024): [13, 7722.98], (8192, 1024, 1, 4096, 8192, 8192, 4096,
1024): [12, 7863.32], (8192, 1024, 1, 8192, 8192, 8192, 8192, 1024): [7, 7833.86], (8192, 1024, 1, 14336, 8192, 8192, 14336, 1024): [11, 7842.42], (8192,
4096, 1, 1024, 8192, 8192, 1024, 4096): [12, 7774.46], (8192, 4096, 1, 4096, 8192, 8192, 4096, 4096): [8, 7848.04], (8192, 4096, 1, 8192, 8192, 8192, 
8192, 4096): [19, 7845.37], (8192, 4096, 1, 14336, 8192, 8192, 14336, 4096): [19, 7854.01], (8192, 8192, 1, 1024, 8192, 8192, 1024, 8192): [7, 7808.9], 
(8192, 8192, 1, 4096, 8192, 8192, 4096, 8192): [19, 7908.43], (8192, 8192, 1, 8192, 8192, 8192, 8192, 8192): [19, 7905.67], (8192, 8192, 1, 14336, 8192, 
8192, 14336, 8192): [19, 7907.79], (8192, 14336, 1, 1024, 8192, 8192, 1024, 14336): [13, 7846.97], (8192, 14336, 1, 4096, 8192, 8192, 4096, 14336): [19, 
7905.82], (8192, 14336, 1, 8192, 8192, 8192, 8192, 14336): [19, 7912.07], (8192, 14336, 1, 14336, 8192, 8192, 14336, 14336): [19, 7910.7]}
problemIndicesForGlobalRange []
Winners {0, 1, 2, 6, 7, 8, 9, 10, 11, 12, 13, 18, 19}
After Removals:

( 0) Cijk_Alik_Bjlk_I8II_BH_MT64x64x16_SN_GLVWA4_GRVW4_K1_SU0_SUS0_TT4_4 : 
Cijk_Alik_Bjlk_I8II_BH_MT64x64x16_SN_1LDSB0_APM1_AAIGTEn1_AAILTEn1_AAV0_ABV0_ACED0_AF0EM1_AF1EM1_AMAS3_ASE_ASGT_ASLT_ASM_ASAE01_ASBE01_ASCE01_ASDE01_ASEM
1_AAC0_BL1_BS1_CUM0_CDO0_CTDA0_CLR0_DSK0_DRA0_DU16_DULD1_DTLA0_DTLB0_DTVA0_DTVB0_DAF0_DKP0_DVO0_ETSP_EPS1_ELFLR0_EMLL0_FSSC10_F16AI0_F16AIR0_FL0_GLVWA4_G
LVWB4_GR2A1_GR2B1_GRCGA1_GRCGB1_GRCVA1_GRCVB1_GRPM1_GRVW4_GSU1_GSUASB_GSUAA0_GSUSARR1_GSUWGMRR0_GLS0_ISA1201_IU1_IA0_KLA_LEL0_LBSPPA0_LBSPPB0_LPA4_LPB0_L
DL1_LR2A1_LR2B1_LRVW4_LW2A1_LW2B1_LWPMn1_LDW0_LT1_FMA_MIAV0_MTSM64_MTSM1_MDA2_MI_MO40_MVN256_MMFSC_MKFGSU256_MVN0_NR0_NTA0_NTB0_NTC0_NTD0_NEPBS0_NLCA1_NL
CB1_ONLL1_OPLV0_PBD0_PFD1_PG2_PSD0_PSLn1_PWCn1_PWLn1_PK0_PKAB0_PAP0_PAPM0_PGR1_PLR1_PKA0_RK0_SGR1_SIA1_SLW1_SS0_SU0_SUM0_SUS0_SCIU0_SCIUE0_SCIUI1_SCIUPL0
_SPO0_SRVW0_SSO0_SVW4_SK0_SKA0_SKXCCM0_SNLL0_TSGRA0_TSGRB0_TT4_4_TLDS0_UIIDU0_UMLDSA0_UMLDSB0_UMF0_U64SL1_UIOFGRO0_USFGROn1_VAW1_VSn1_VW4_VWB4_VFLRP0_WSG
RA0_WSGRB0_WS32_WG16_16_1_WGM8_WGMTB
( 1) Cijk_Alik_Bjlk_I8II_BH_MT64x64x16_SN_GLVWA4_GRVW8_K1_SU0_SUS0_TT4_4 : 
Cijk_Alik_Bjlk_I8II_BH_MT64x64x16_SN_1LDSB0_APM1_AAIGTEn1_AAILTEn1_AAV0_ABV0_ACED0_AF0EM1_AF1EM1_AMAS3_ASE_ASGT_ASLT_ASM_ASAE01_ASBE01_ASCE01_ASDE01_ASEM
1_AAC0_BL1_BS1_CUM0_CDO0_CTDA0_CLR0_DSK0_DRA0_DU16_DULD1_DTLA0_DTLB0_DTVA0_DTVB0_DAF0_DKP0_DVO0_ETSP_EPS1_ELFLR0_EMLL0_FSSC10_F16AI0_F16AIR0_FL0_GLVWA4_G
LVWB4_GR2A1_GR2B1_GRCGA1_GRCGB1_GRCVA1_GRCVB1_GRPM1_GRVW8_GSU1_GSUASB_GSUAA0_GSUSARR1_GSUWGMRR0_GLS0_ISA1201_IU1_IA0_KLA_LEL0_LBSPPA0_LBSPPB0_LPA4_LPB0_L
DL1_LR2A1_LR2B1_LRVW4_LW2A1_LW2B1_LWPMn1_LDW0_LT1_FMA_MIAV0_MTSM64_MTSM1_MDA2_MI_MO40_MVN256_MMFSC_MKFGSU256_MVN0_NR0_NTA0_NTB0_NTC0_NTD0_NEPBS0_NLCA1_NL
CB1_ONLL1_OPLV0_PBD0_PFD1_PG2_PSD0_PSLn1_PWCn1_PWLn1_PK0_PKAB0_PAP0_PAPM0_PGR1_PLR1_PKA0_RK0_SGR1_SIA1_SLW1_SS0_SU0_SUM0_SUS0_SCIU0_SCIUE0_SCIUI1_SCIUPL0
_SPO0_SRVW0_SSO0_SVW4_SK0_SKA0_SKXCCM0_SNLL0_TSGRA0_TSGRB0_TT4_4_TLDS0_UIIDU0_UMLDSA0_UMLDSB0_UMF0_U64SL1_UIOFGRO0_USFGROn1_VAW1_VSn1_VW4_VWB4_VFLRP0_WSG
RA0_WSGRB0_WS32_WG16_16_1_WGM8_WGMTB
( 2) Cijk_Alik_Bjlk_I8II_BH_MT64x64x16_SN_GLVWA4_GRVW16_K1_SU0_SUS0_TT4_4 : 
Cijk_Alik_Bjlk_I8II_BH_MT64x64x16_SN_1LDSB0_APM1_AAIGTEn1_AAILTEn1_AAV0_ABV0_ACED0_AF0EM1_AF1EM1_AMAS3_ASE_ASGT_ASLT_ASM_ASAE01_ASBE01_ASCE01_ASDE01_ASEM
1_AAC0_BL1_BS1_CUM0_CDO0_CTDA0_CLR0_DSK0_DRA0_DU16_DULD1_DTLA0_DTLB0_DTVA0_DTVB0_DAF0_DKP0_DVO0_ETSP_EPS1_ELFLR0_EMLL0_FSSC10_F16AI0_F16AIR0_FL0_GLVWA4_G
LVWB4_GR2A1_GR2B1_GRCGA1_GRCGB1_GRCVA1_GRCVB1_GRPM1_GRVW16_GSU1_GSUASB_GSUAA0_GSUSARR1_GSUWGMRR0_GLS0_ISA1201_IU1_IA0_KLA_LEL0_LBSPPA0_LBSPPB0_LPA4_LPB0_
LDL1_LR2A1_LR2B1_LRVW4_LW2A1_LW2B1_LWPMn1_LDW0_LT1_FMA_MIAV0_MTSM64_MTSM1_MDA2_MI_MO40_MVN256_MMFSC_MKFGSU256_MVN0_NR0_NTA0_NTB0_NTC0_NTD0_NEPBS0_NLCA1_N
LCB1_ONLL1_OPLV0_PBD0_PFD1_PG2_PSD0_PSLn1_PWCn1_PWLn1_PK0_PKAB0_PAP0_PAPM0_PGR1_PLR1_PKA0_RK0_SGR1_SIA1_SLW1_SS0_SU0_SUM0_SUS0_SCIU0_SCIUE0_SCIUI1_SCIUPL
0_SPO0_SRVW0_SSO0_SVW4_SK0_SKA0_SKXCCM0_SNLL0_TSGRA0_TSGRB0_TT4_4_TLDS0_UIIDU0_UMLDSA0_UMLDSB0_UMF0_U64SL1_UIOFGRO0_USFGROn1_VAW1_VSn1_VW4_VWB4_VFLRP0_WS
GRA0_WSGRB0_WS32_WG16_16_1_WGM8_WGMTB
( 3) Cijk_Alik_Bjlk_I8II_BH_MT128x64x16_SN_GLVWA4_GRVW4_K1_SU0_SUS0_TT8_4 : 
Cijk_Alik_Bjlk_I8II_BH_MT128x64x16_SN_1LDSB0_APM1_AAIGTEn1_AAILTEn1_AAV0_ABV0_ACED0_AF0EM1_AF1EM1_AMAS3_ASE_ASGT_ASLT_ASM_ASAE01_ASBE01_ASCE01_ASDE01_ASE
M1_AAC0_BL1_BS1_CUM0_CDO0_CTDA0_CLR0_DSK0_DRA0_DU16_DULD1_DTLA0_DTLB0_DTVA0_DTVB0_DAF0_DKP0_DVO0_ETSP_EPS1_ELFLR0_EMLL0_FSSC10_F16AI0_F16AIR0_FL0_GLVWA4_
GLVWB4_GR2A1_GR2B1_GRCGA1_GRCGB1_GRCVA1_GRCVB1_GRPM1_GRVW4_GSU1_GSUASB_GSUAA0_GSUSARR1_GSUWGMRR0_GLS0_ISA1201_IU1_IA0_KLA_LEL0_LBSPPA0_LBSPPB0_LPA4_LPB0_
LDL1_LR2A1_LR2B1_LRVW4_LW2A1_LW2B1_LWPMn1_LDW0_LT1_FMA_MIAV0_MTSM64_MTSM1_MDA2_MI_MO40_MVN256_MMFSC_MKFGSU256_MVN0_NR0_NTA0_NTB0_NTC0_NTD0_NEPBS0_NLCA1_N
LCB1_ONLL1_OPLV0_PBD0_PFD1_PG2_PSD0_PSLn1_PWCn1_PWLn1_PK0_PKAB0_PAP0_PAPM0_PGR1_PLR1_PKA0_RK0_SGR1_SIA1_SLW1_SS0_SU0_SUM0_SUS0_SCIU0_SCIUE0_SCIUI1_SCIUPL
0_SPO0_SRVW0_SSO0_SVW4_SK0_SKA0_SKXCCM0_SNLL0_TSGRA0_TSGRB0_TT8_4_TLDS0_UIIDU0_UMLDSA0_UMLDSB0_UMF0_U64SL1_UIOFGRO0_USFGROn1_VAW1_VSn1_VW4_VWB4_VFLRP0_WS
GRA0_WSGRB0_WS32_WG16_16_1_WGM8_WGMTB
( 4) Cijk_Alik_Bjlk_I8II_BH_MT128x64x16_SN_GLVWA8_GRVW8_K1_SU0_SUS0_TT8_4 : 
Cijk_Alik_Bjlk_I8II_BH_MT128x64x16_SN_1LDSB0_APM1_AAIGTEn1_AAILTEn1_AAV0_ABV0_ACED0_AF0EM1_AF1EM1_AMAS3_ASE_ASGT_ASLT_ASM_ASAE01_ASBE01_ASCE01_ASDE01_ASE
M1_AAC0_BL1_BS1_CUM0_CDO0_CTDA0_CLR0_DSK0_DRA0_DU16_DULD1_DTLA0_DTLB0_DTVA0_DTVB0_DAF0_DKP0_DVO0_ETSP_EPS1_ELFLR0_EMLL0_FSSC10_F16AI0_F16AIR0_FL0_GLVWA8_
GLVWB4_GR2A1_GR2B1_GRCGA1_GRCGB1_GRCVA1_GRCVB1_GRPM1_GRVW8_GSU1_GSUASB_GSUAA0_GSUSARR1_GSUWGMRR0_GLS0_ISA1201_IU1_IA0_KLA_LEL0_LBSPPA0_LBSPPB0_LPA4_LPB0_
LDL1_LR2A1_LR2B1_LRVW4_LW2A1_LW2B1_LWPMn1_LDW0_LT1_FMA_MIAV0_MTSM64_MTSM1_MDA2_MI_MO40_MVN256_MMFSC_MKFGSU256_MVN0_NR0_NTA0_NTB0_NTC0_NTD0_NEPBS0_NLCA1_N
LCB1_ONLL1_OPLV0_PBD0_PFD1_PG2_PSD0_PSLn1_PWCn1_PWLn1_PK0_PKAB0_PAP0_PAPM0_PGR1_PLR1_PKA0_RK0_SGR1_SIA1_SLW1_SS0_SU0_SUM0_SUS0_SCIU0_SCIUE0_SCIUI1_SCIUPL
0_SPO0_SRVW0_SSO0_SVW4_SK0_SKA0_SKXCCM0_SNLL0_TSGRA0_TSGRB0_TT8_4_TLDS0_UIIDU0_UMLDSA0_UMLDSB0_UMF0_U64SL1_UIOFGRO0_USFGROn1_VAW1_VSn1_VW4_VWB4_VFLRP0_WS
GRA0_WSGRB0_WS32_WG16_16_1_WGM8_WGMTB
( 5) Cijk_Alik_Bjlk_I8II_BH_MT128x64x16_SN_GLVWA8_GRVW16_K1_SU0_SUS0_TT8_4 : 
Cijk_Alik_Bjlk_I8II_BH_MT128x64x16_SN_1LDSB0_APM1_AAIGTEn1_AAILTEn1_AAV0_ABV0_ACED0_AF0EM1_AF1EM1_AMAS3_ASE_ASGT_ASLT_ASM_ASAE01_ASBE01_ASCE01_ASDE01_ASE
M1_AAC0_BL1_BS1_CUM0_CDO0_CTDA0_CLR0_DSK0_DRA0_DU16_DULD1_DTLA0_DTLB0_DTVA0_DTVB0_DAF0_DKP0_DVO0_ETSP_EPS1_ELFLR0_EMLL0_FSSC10_F16AI0_F16AIR0_FL0_GLVWA8_
GLVWB4_GR2A1_GR2B1_GRCGA1_GRCGB1_GRCVA1_GRCVB1_GRPM1_GRVW16_GSU1_GSUASB_GSUAA0_GSUSARR1_GSUWGMRR0_GLS0_ISA1201_IU1_IA0_KLA_LEL0_LBSPPA0_LBSPPB0_LPA4_LPB0
_LDL1_LR2A1_LR2B1_LRVW4_LW2A1_LW2B1_LWPMn1_LDW0_LT1_FMA_MIAV0_MTSM64_MTSM1_MDA2_MI_MO40_MVN256_MMFSC_MKFGSU256_MVN0_NR0_NTA0_NTB0_NTC0_NTD0_NEPBS0_NLCA1_
NLCB1_ONLL1_OPLV0_PBD0_PFD1_PG2_PSD0_PSLn1_PWCn1_PWLn1_PK0_PKAB0_PAP0_PAPM0_PGR1_PLR1_PKA0_RK0_SGR1_SIA1_SLW1_SS0_SU0_SUM0_SUS0_SCIU0_SCIUE0_SCIUI1_SCIUP
L0_SPO0_SRVW0_SSO0_SVW4_SK0_SKA0_SKXCCM0_SNLL0_TSGRA0_TSGRB0_TT8_4_TLDS0_UIIDU0_UMLDSA0_UMLDSB0_UMF0_U64SL1_UIOFGRO0_USFGROn1_VAW1_VSn1_VW4_VWB4_VFLRP0_W
SGRA0_WSGRB0_WS32_WG16_16_1_WGM8_WGMTB
( 6) Cijk_Alik_Bjlk_I8II_BH_MT128x64x16_SN_GLVWA4_GRVW4_K1_SU32_SUS256_TT8_4 : 
Cijk_Alik_Bjlk_I8II_BH_MT128x64x16_SN_1LDSB0_APM1_AAIGTEn1_AAILTEn1_AAV0_ABV0_ACED0_AF0EM1_AF1EM1_AMAS3_ASE_ASGT_ASLT_ASM_ASAE01_ASBE01_ASCE01_ASDE01_ASE
M1_AAC0_BL1_BS1_CUM0_CDO0_CTDA0_CLR0_DSK0_DRA0_DU16_DULD1_DTLA0_DTLB0_DTVA0_DTVB0_DAF0_DKP0_DVO0_ETSP_EPS1_ELFLR0_EMLL0_FSSC10_F16AI0_F16AIR0_FL0_GLVWA4_
GLVWB4_GR2A1_GR2B1_GRCGA1_GRCGB1_GRCVA1_GRCVB1_GRPM1_GRVW4_GSU1_GSUASB_GSUAA0_GSUSARR1_GSUWGMRR0_GLS0_ISA1201_IU1_IA0_KLA_LEL0_LBSPPA0_LBSPPB0_LPA4_LPB0_
LDL1_LR2A1_LR2B1_LRVW4_LW2A1_LW2B1_LWPMn1_LDW0_LT1_FMA_MIAV0_MTSM64_MTSM1_MDA2_MI_MO40_MVN256_MMFSC_MKFGSU256_MVN0_NR0_NTA0_NTB0_NTC0_NTD0_NEPBS0_NLCA1_N
LCB1_ONLL1_OPLV0_PBD0_PFD1_PG2_PSD0_PSLn1_PWCn1_PWLn1_PK0_PKAB0_PAP0_PAPM0_PGR1_PLR1_PKA0_RK0_SGR1_SIA1_SLW1_SS0_SU32_SUM0_SUS256_SCIU0_SCIUE0_SCIUI1_SCI
UPL0_SPO0_SRVW0_SSO0_SVW4_SK0_SKA0_SKXCCM0_SNLL0_TSGRA0_TSGRB0_TT8_4_TLDS0_UIIDU0_UMLDSA0_UMLDSB0_UMF0_U64SL1_UIOFGRO0_USFGROn1_VAW1_VSn1_VW4_VWB4_VFLRP0
_WSGRA0_WSGRB0_WS32_WG16_16_1_WGM8_WGMTB
( 7) Cijk_Alik_Bjlk_I8II_BH_MT128x64x16_SN_GLVWA8_GRVW8_K1_SU32_SUS256_TT8_4 : 
Cijk_Alik_Bjlk_I8II_BH_MT128x64x16_SN_1LDSB0_APM1_AAIGTEn1_AAILTEn1_AAV0_ABV0_ACED0_AF0EM1_AF1EM1_AMAS3_ASE_ASGT_ASLT_ASM_ASAE01_ASBE01_ASCE01_ASDE01_ASE
M1_AAC0_BL1_BS1_CUM0_CDO0_CTDA0_CLR0_DSK0_DRA0_DU16_DULD1_DTLA0_DTLB0_DTVA0_DTVB0_DAF0_DKP0_DVO0_ETSP_EPS1_ELFLR0_EMLL0_FSSC10_F16AI0_F16AIR0_FL0_GLVWA8_
GLVWB4_GR2A1_GR2B1_GRCGA1_GRCGB1_GRCVA1_GRCVB1_GRPM1_GRVW8_GSU1_GSUASB_GSUAA0_GSUSARR1_GSUWGMRR0_GLS0_ISA1201_IU1_IA0_KLA_LEL0_LBSPPA0_LBSPPB0_LPA4_LPB0_
LDL1_LR2A1_LR2B1_LRVW4_LW2A1_LW2B1_LWPMn1_LDW0_LT1_FMA_MIAV0_MTSM64_MTSM1_MDA2_MI_MO40_MVN256_MMFSC_MKFGSU256_MVN0_NR0_NTA0_NTB0_NTC0_NTD0_NEPBS0_NLCA1_N
LCB1_ONLL1_OPLV0_PBD0_PFD1_PG2_PSD0_PSLn1_PWCn1_PWLn1_PK0_PKAB0_PAP0_PAPM0_PGR1_PLR1_PKA0_RK0_SGR1_SIA1_SLW1_SS0_SU32_SUM0_SUS256_SCIU0_SCIUE0_SCIUI1_SCI
UPL0_SPO0_SRVW0_SSO0_SVW4_SK0_SKA0_SKXCCM0_SNLL0_TSGRA0_TSGRB0_TT8_4_TLDS0_UIIDU0_UMLDSA0_UMLDSB0_UMF0_U64SL1_UIOFGRO0_USFGROn1_VAW1_VSn1_VW4_VWB4_VFLRP0
_WSGRA0_WSGRB0_WS32_WG16_16_1_WGM8_WGMTB
( 8) Cijk_Alik_Bjlk_I8II_BH_MT128x64x16_SN_GLVWA8_GRVW16_K1_SU32_SUS256_TT8_4 : 
Cijk_Alik_Bjlk_I8II_BH_MT128x64x16_SN_1LDSB0_APM1_AAIGTEn1_AAILTEn1_AAV0_ABV0_ACED0_AF0EM1_AF1EM1_AMAS3_ASE_ASGT_ASLT_ASM_ASAE01_ASBE01_ASCE01_ASDE01_ASE
M1_AAC0_BL1_BS1_CUM0_CDO0_CTDA0_CLR0_DSK0_DRA0_DU16_DULD1_DTLA0_DTLB0_DTVA0_DTVB0_DAF0_DKP0_DVO0_ETSP_EPS1_ELFLR0_EMLL0_FSSC10_F16AI0_F16AIR0_FL0_GLVWA8_
GLVWB4_GR2A1_GR2B1_GRCGA1_GRCGB1_GRCVA1_GRCVB1_GRPM1_GRVW16_GSU1_GSUASB_GSUAA0_GSUSARR1_GSUWGMRR0_GLS0_ISA1201_IU1_IA0_KLA_LEL0_LBSPPA0_LBSPPB0_LPA4_LPB0
_LDL1_LR2A1_LR2B1_LRVW4_LW2A1_LW2B1_LWPMn1_LDW0_LT1_FMA_MIAV0_MTSM64_MTSM1_MDA2_MI_MO40_MVN256_MMFSC_MKFGSU256_MVN0_NR0_NTA0_NTB0_NTC0_NTD0_NEPBS0_NLCA1_
NLCB1_ONLL1_OPLV0_PBD0_PFD1_PG2_PSD0_PSLn1_PWCn1_PWLn1_PK0_PKAB0_PAP0_PAPM0_PGR1_PLR1_PKA0_RK0_SGR1_SIA1_SLW1_SS0_SU32_SUM0_SUS256_SCIU0_SCIUE0_SCIUI1_SC
IUPL0_SPO0_SRVW0_SSO0_SVW4_SK0_SKA0_SKXCCM0_SNLL0_TSGRA0_TSGRB0_TT8_4_TLDS0_UIIDU0_UMLDSA0_UMLDSB0_UMF0_U64SL1_UIOFGRO0_USFGROn1_VAW1_VSn1_VW4_VWB4_VFLRP
0_WSGRA0_WSGRB0_WS32_WG16_16_1_WGM8_WGMTB
( 9) Cijk_Alik_Bjlk_I8II_BH_MT64x128x16_SN_GLVWA4_GRVW4_K1_SU0_SUS0_TT4_8 : 
Cijk_Alik_Bjlk_I8II_BH_MT64x128x16_SN_1LDSB0_APM1_AAIGTEn1_AAILTEn1_AAV0_ABV0_ACED0_AF0EM1_AF1EM1_AMAS3_ASE_ASGT_ASLT_ASM_ASAE01_ASBE01_ASCE01_ASDE01_ASE
M1_AAC0_BL1_BS1_CUM0_CDO0_CTDA0_CLR0_DSK0_DRA0_DU16_DULD1_DTLA0_DTLB0_DTVA0_DTVB0_DAF0_DKP0_DVO0_ETSP_EPS1_ELFLR0_EMLL0_FSSC10_F16AI0_F16AIR0_FL0_GLVWA4_
GLVWB4_GR2A1_GR2B1_GRCGA1_GRCGB1_GRCVA1_GRCVB1_GRPM1_GRVW4_GSU1_GSUASB_GSUAA0_GSUSARR1_GSUWGMRR0_GLS0_ISA1201_IU1_IA0_KLA_LEL0_LBSPPA0_LBSPPB0_LPA4_LPB0_
LDL1_LR2A1_LR2B1_LRVW4_LW2A1_LW2B1_LWPMn1_LDW0_LT1_FMA_MIAV0_MTSM64_MTSM1_MDA2_MI_MO40_MVN256_MMFSC_MKFGSU256_MVN0_NR0_NTA0_NTB0_NTC0_NTD0_NEPBS0_NLCA1_N
LCB1_ONLL1_OPLV0_PBD0_PFD1_PG2_PSD0_PSLn1_PWCn1_PWLn1_PK0_PKAB0_PAP0_PAPM0_PGR1_PLR1_PKA0_RK0_SGR1_SIA1_SLW1_SS0_SU0_SUM0_SUS0_SCIU0_SCIUE0_SCIUI1_SCIUPL
0_SPO0_SRVW0_SSO0_SVW4_SK0_SKA0_SKXCCM0_SNLL0_TSGRA0_TSGRB0_TT4_8_TLDS0_UIIDU0_UMLDSA0_UMLDSB0_UMF0_U64SL1_UIOFGRO0_USFGROn1_VAW1_VSn1_VW4_VWB4_VFLRP0_WS
GRA0_WSGRB0_WS32_WG16_16_1_WGM8_WGMTB
(10) Cijk_Alik_Bjlk_I8II_BH_MT64x128x16_SN_GLVWA4_GRVW4_K1_SU32_SUS256_TT4_8 : 
Cijk_Alik_Bjlk_I8II_BH_MT64x128x16_SN_1LDSB0_APM1_AAIGTEn1_AAILTEn1_AAV0_ABV0_ACED0_AF0EM1_AF1EM1_AMAS3_ASE_ASGT_ASLT_ASM_ASAE01_ASBE01_ASCE01_ASDE01_ASE
M1_AAC0_BL1_BS1_CUM0_CDO0_CTDA0_CLR0_DSK0_DRA0_DU16_DULD1_DTLA0_DTLB0_DTVA0_DTVB0_DAF0_DKP0_DVO0_ETSP_EPS1_ELFLR0_EMLL0_FSSC10_F16AI0_F16AIR0_FL0_GLVWA4_
GLVWB4_GR2A1_GR2B1_GRCGA1_GRCGB1_GRCVA1_GRCVB1_GRPM1_GRVW4_GSU1_GSUASB_GSUAA0_GSUSARR1_GSUWGMRR0_GLS0_ISA1201_IU1_IA0_KLA_LEL0_LBSPPA0_LBSPPB0_LPA4_LPB0_
LDL1_LR2A1_LR2B1_LRVW4_LW2A1_LW2B1_LWPMn1_LDW0_LT1_FMA_MIAV0_MTSM64_MTSM1_MDA2_MI_MO40_MVN256_MMFSC_MKFGSU256_MVN0_NR0_NTA0_NTB0_NTC0_NTD0_NEPBS0_NLCA1_N
LCB1_ONLL1_OPLV0_PBD0_PFD1_PG2_PSD0_PSLn1_PWCn1_PWLn1_PK0_PKAB0_PAP0_PAPM0_PGR1_PLR1_PKA0_RK0_SGR1_SIA1_SLW1_SS0_SU32_SUM0_SUS256_SCIU0_SCIUE0_SCIUI1_SCI
UPL0_SPO0_SRVW0_SSO0_SVW4_SK0_SKA0_SKXCCM0_SNLL0_TSGRA0_TSGRB0_TT4_8_TLDS0_UIIDU0_UMLDSA0_UMLDSB0_UMF0_U64SL1_UIOFGRO0_USFGROn1_VAW1_VSn1_VW4_VWB4_VFLRP0
_WSGRA0_WSGRB0_WS32_WG16_16_1_WGM8_WGMTB
(11) Cijk_Alik_Bjlk_I8II_BH_MT64x128x32_SN_GLVWA4_GRVW4_K1_SU0_SUS0_TT4_8 : 
Cijk_Alik_Bjlk_I8II_BH_MT64x128x32_SN_1LDSB0_APM1_AAIGTEn1_AAILTEn1_AAV0_ABV0_ACED0_AF0EM1_AF1EM1_AMAS3_ASE_ASGT_ASLT_ASM_ASAE01_ASBE01_ASCE01_ASDE01_ASE
M1_AAC0_BL1_BS1_CUM0_CDO0_CTDA0_CLR0_DSK0_DRA0_DU32_DULD1_DTLA0_DTLB0_DTVA0_DTVB0_DAF0_DKP0_DVO0_ETSP_EPS1_ELFLR0_EMLL0_FSSC10_F16AI0_F16AIR0_FL0_GLVWA4_
GLVWB4_GR2A1_GR2B1_GRCGA1_GRCGB1_GRCVA1_GRCVB1_GRPM1_GRVW4_GSU1_GSUASB_GSUAA0_GSUSARR1_GSUWGMRR0_GLS0_ISA1201_IU1_IA0_KLA_LEL0_LBSPPA0_LBSPPB0_LPA4_LPB0_
LDL1_LR2A1_LR2B1_LRVW4_LW2A1_LW2B1_LWPMn1_LDW0_LT1_FMA_MIAV0_MTSM64_MTSM1_MDA2_MI_MO40_MVN256_MMFSC_MKFGSU256_MVN0_NR0_NTA0_NTB0_NTC0_NTD0_NEPBS0_NLCA1_N
LCB1_ONLL1_OPLV0_PBD0_PFD1_PG2_PSD0_PSLn1_PWCn1_PWLn1_PK0_PKAB0_PAP0_PAPM0_PGR1_PLR1_PKA0_RK0_SGR1_SIA1_SLW1_SS0_SU0_SUM0_SUS0_SCIU0_SCIUE0_SCIUI1_SCIUPL
0_SPO0_SRVW0_SSO0_SVW4_SK0_SKA0_SKXCCM0_SNLL0_TSGRA0_TSGRB0_TT4_8_TLDS0_UIIDU0_UMLDSA0_UMLDSB0_UMF0_U64SL1_UIOFGRO0_USFGROn1_VAW1_VSn1_VW4_VWB4_VFLRP0_WS
GRA0_WSGRB0_WS32_WG16_16_1_WGM8_WGMTB
(12) Cijk_Alik_Bjlk_I8II_BH_MT64x128x32_SN_GLVWA4_GRVW4_K1_SU32_SUS256_TT4_8 : 
Cijk_Alik_Bjlk_I8II_BH_MT64x128x32_SN_1LDSB0_APM1_AAIGTEn1_AAILTEn1_AAV0_ABV0_ACED0_AF0EM1_AF1EM1_AMAS3_ASE_ASGT_ASLT_ASM_ASAE01_ASBE01_ASCE01_ASDE01_ASE
M1_AAC0_BL1_BS1_CUM0_CDO0_CTDA0_CLR0_DSK0_DRA0_DU32_DULD1_DTLA0_DTLB0_DTVA0_DTVB0_DAF0_DKP0_DVO0_ETSP_EPS1_ELFLR0_EMLL0_FSSC10_F16AI0_F16AIR0_FL0_GLVWA4_
GLVWB4_GR2A1_GR2B1_GRCGA1_GRCGB1_GRCVA1_GRCVB1_GRPM1_GRVW4_GSU1_GSUASB_GSUAA0_GSUSARR1_GSUWGMRR0_GLS0_ISA1201_IU1_IA0_KLA_LEL0_LBSPPA0_LBSPPB0_LPA4_LPB0_
LDL1_LR2A1_LR2B1_LRVW4_LW2A1_LW2B1_LWPMn1_LDW0_LT1_FMA_MIAV0_MTSM64_MTSM1_MDA2_MI_MO40_MVN256_MMFSC_MKFGSU256_MVN0_NR0_NTA0_NTB0_NTC0_NTD0_NEPBS0_NLCA1_N
LCB1_ONLL1_OPLV0_PBD0_PFD1_PG2_PSD0_PSLn1_PWCn1_PWLn1_PK0_PKAB0_PAP0_PAPM0_PGR1_PLR1_PKA0_RK0_SGR1_SIA1_SLW1_SS0_SU32_SUM0_SUS256_SCIU0_SCIUE0_SCIUI1_SCI
UPL0_SPO0_SRVW0_SSO0_SVW4_SK0_SKA0_SKXCCM0_SNLL0_TSGRA0_TSGRB0_TT4_8_TLDS0_UIIDU0_UMLDSA0_UMLDSB0_UMF0_U64SL1_UIOFGRO0_USFGROn1_VAW1_VSn1_VW4_VWB4_VFLRP0
_WSGRA0_WSGRB0_WS32_WG16_16_1_WGM8_WGMTB
[] enRule([[0, 0], [0, 0], [0, 0], [0, 0], [0, 0], [0, 0], [0, 0], [0, 0]])
[] MultiProblem & NotLastIndex
> UserWarning: [] MultiProblem & NotLastIndex :: nextRule==None; returning
# Final Range Logic:
None
# Range Logic Complexity: [0, 0, 0, 0, 0, 0, 0, 0]

# Score: 0 ms
# Exact Logic:

{(16, 1024, 1, 1024, 16, 16, 1024, 1024): [2, 478.795], (16, 1024, 1, 4096, 16, 16, 4096, 1024): [2, 619.191], (16, 1024, 1, 8192, 16, 16, 8192, 1024): 
[1, 632.914], (16, 1024, 1, 14336, 16, 16, 14336, 1024): [1, 641.812], (16, 4096, 1, 1024, 16, 16, 1024, 4096): [9, 1253.88], (16, 4096, 1, 4096, 16, 16,
4096, 4096): [10, 1584.79], (16, 4096, 1, 8192, 16, 16, 8192, 4096): [10, 1647.63], (16, 4096, 1, 14336, 16, 16, 14336, 4096): [9, 1671.55], (16, 8192, 
1, 1024, 16, 16, 1024, 8192): [9, 1566.11], (16, 8192, 1, 4096, 16, 16, 4096, 8192): [10, 1781.12], (16, 8192, 1, 8192, 16, 16, 8192, 8192): [10, 
1796.19], (16, 8192, 1, 14336, 16, 16, 14336, 8192): [9, 1824.29], (16, 14336, 1, 1024, 16, 16, 1024, 14336): [12, 1578.9], (16, 14336, 1, 4096, 16, 16, 
4096, 14336): [10, 1610.79], (16, 14336, 1, 8192, 16, 16, 8192, 14336): [12, 1641.98], (16, 14336, 1, 14336, 16, 16, 14336, 14336): [11, 1652.34], (64, 
1024, 1, 1024, 64, 64, 1024, 1024): [2, 1953.08], (64, 1024, 1, 4096, 64, 64, 4096, 1024): [0, 2444.28], (64, 1024, 1, 8192, 64, 64, 8192, 1024): [1, 
2537.88], (64, 1024, 1, 14336, 64, 64, 14336, 1024): [1, 2564.02], (64, 4096, 1, 1024, 64, 64, 1024, 4096): [9, 5009.95], (64, 4096, 1, 4096, 64, 64, 
4096, 4096): [10, 6375.29], (64, 4096, 1, 8192, 64, 64, 8192, 4096): [9, 6602.26], (64, 4096, 1, 14336, 64, 64, 14336, 4096): [9, 6649.99], (64, 8192, 1,
1024, 64, 64, 1024, 8192): [10, 6114.6], (64, 8192, 1, 4096, 64, 64, 4096, 8192): [10, 7071.43], (64, 8192, 1, 8192, 64, 64, 8192, 8192): [10, 7185.24], 
(64, 8192, 1, 14336, 64, 64, 14336, 8192): [9, 7369.72], (64, 14336, 1, 1024, 64, 64, 1024, 14336): [12, 6379.95], (64, 14336, 1, 4096, 64, 64, 4096, 
14336): [10, 6557.16], (64, 14336, 1, 8192, 64, 64, 8192, 14336): [12, 6676.69], (64, 14336, 1, 14336, 64, 64, 14336, 14336): [12, 6677.13], (256, 1024, 
1, 1024, 256, 256, 1024, 1024): [9, 5279.9], (256, 1024, 1, 4096, 256, 256, 4096, 1024): [9, 6587.27], (256, 1024, 1, 8192, 256, 256, 8192, 1024): [9, 
6814.28], (256, 1024, 1, 14336, 256, 256, 14336, 1024): [9, 6820.65], (256, 4096, 1, 1024, 256, 256, 1024, 4096): [9, 7154.34], (256, 4096, 1, 4096, 256,
256, 4096, 4096): [6, 7474.08], (256, 4096, 1, 8192, 256, 256, 8192, 4096): [7, 7640.41], (256, 4096, 1, 14336, 256, 256, 14336, 4096): [9, 7677.38], 
(256, 8192, 1, 1024, 256, 256, 1024, 8192): [9, 7602.68], (256, 8192, 1, 4096, 256, 256, 4096, 8192): [12, 7775.27], (256, 8192, 1, 8192, 256, 256, 8192,
8192): [11, 7803.53], (256, 8192, 1, 14336, 256, 256, 14336, 8192): [12, 7843.22], (256, 14336, 1, 1024, 256, 256, 1024, 14336): [9, 7793.86], (256, 
14336, 1, 4096, 256, 256, 4096, 14336): [11, 7858.23], (256, 14336, 1, 8192, 256, 256, 8192, 14336): [5, 7833.98], (256, 14336, 1, 14336, 256, 256, 
14336, 14336): [9, 7879.58], (1024, 1024, 1, 1024, 1024, 1024, 1024, 1024): [12, 6872.28], (1024, 1024, 1, 4096, 1024, 1024, 4096, 1024): [8, 7576.92], 
(1024, 1024, 1, 8192, 1024, 1024, 8192, 1024): [9, 7713.96], (1024, 1024, 1, 14336, 1024, 1024, 14336, 1024): [10, 7736.5], (1024, 4096, 1, 1024, 1024, 
1024, 1024, 4096): [12, 7516.98], (1024, 4096, 1, 4096, 1024, 1024, 4096, 4096): [11, 7855.55], (1024, 4096, 1, 8192, 1024, 1024, 8192, 4096): [10, 
7820.43], (1024, 4096, 1, 14336, 1024, 1024, 14336, 4096): [10, 7860.35], (1024, 8192, 1, 1024, 1024, 1024, 1024, 8192): [12, 7691.86], (1024, 8192, 1, 
4096, 1024, 1024, 4096, 8192): [9, 7866.7], (1024, 8192, 1, 8192, 1024, 1024, 8192, 8192): [10, 7876.35], (1024, 8192, 1, 14336, 1024, 1024, 14336, 
8192): [11, 7905.74], (1024, 14336, 1, 1024, 1024, 1024, 1024, 14336): [12, 7822.41], (1024, 14336, 1, 4096, 1024, 1024, 4096, 14336): [12, 7901.71], 
(1024, 14336, 1, 8192, 1024, 1024, 8192, 14336): [7, 7861.46], (1024, 14336, 1, 14336, 1024, 1024, 14336, 14336): [10, 7903.91], (2048, 1024, 1, 1024, 
2048, 2048, 1024, 1024): [6, 7246.58], (2048, 1024, 1, 4096, 2048, 2048, 4096, 1024): [12, 7768.94], (2048, 1024, 1, 8192, 2048, 2048, 8192, 1024): [9, 
7801.26], (2048, 1024, 1, 14336, 2048, 2048, 14336, 1024): [10, 7824.77], (2048, 4096, 1, 1024, 2048, 2048, 1024, 4096): [12, 7733.41], (2048, 4096, 1, 
4096, 2048, 2048, 4096, 4096): [11, 7887.36], (2048, 4096, 1, 8192, 2048, 2048, 8192, 4096): [12, 7890.87], (2048, 4096, 1, 14336, 2048, 2048, 14336, 
4096): [9, 7887.48], (2048, 8192, 1, 1024, 2048, 2048, 1024, 8192): [9, 7808.92], (2048, 8192, 1, 4096, 2048, 2048, 4096, 8192): [10, 7901.25], (2048, 
8192, 1, 8192, 2048, 2048, 8192, 8192): [5, 7852.98], (2048, 8192, 1, 14336, 2048, 2048, 14336, 8192): [12, 7906.99], (2048, 14336, 1, 1024, 2048, 2048, 
1024, 14336): [3, 7738.57], (2048, 14336, 1, 4096, 2048, 2048, 4096, 14336): [12, 7915.35], (2048, 14336, 1, 8192, 2048, 2048, 8192, 14336): [6, 
7862.37], (2048, 14336, 1, 14336, 2048, 2048, 14336, 14336): [10, 7909.88], (4096, 1024, 1, 1024, 4096, 4096, 1024, 1024): [4, 7672.76], (4096, 1024, 1, 
4096, 4096, 4096, 4096, 1024): [9, 7820.72], (4096, 1024, 1, 8192, 4096, 4096, 8192, 1024): [9, 7804.84], (4096, 1024, 1, 14336, 4096, 4096, 14336, 
1024): [12, 7854.82], (4096, 4096, 1, 1024, 4096, 4096, 1024, 4096): [10, 7820.01], (4096, 4096, 1, 4096, 4096, 4096, 4096, 4096): [12, 7875.74], (4096, 
4096, 1, 8192, 4096, 4096, 8192, 4096): [8, 7843.53], (4096, 4096, 1, 14336, 4096, 4096, 14336, 4096): [11, 7919.85], (4096, 8192, 1, 1024, 4096, 4096, 
1024, 8192): [9, 7893.56], (4096, 8192, 1, 4096, 4096, 4096, 4096, 8192): [10, 7917.79], (4096, 8192, 1, 8192, 4096, 4096, 8192, 8192): [12, 7868.76], 
(4096, 8192, 1, 14336, 4096, 4096, 14336, 8192): [12, 7931.06], (4096, 14336, 1, 1024, 4096, 4096, 1024, 14336): [10, 7840.01], (4096, 14336, 1, 4096, 
4096, 4096, 4096, 14336): [11, 7928.56], (4096, 14336, 1, 8192, 4096, 4096, 8192, 14336): [10, 7886.84], (4096, 14336, 1, 14336, 4096, 4096, 14336, 
14336): [9, 7909.31], (8192, 1024, 1, 1024, 8192, 8192, 1024, 1024): [10, 7722.98], (8192, 1024, 1, 4096, 8192, 8192, 4096, 1024): [9, 7863.32], (8192, 
1024, 1, 8192, 8192, 8192, 8192, 1024): [4, 7833.86], (8192, 1024, 1, 14336, 8192, 8192, 14336, 1024): [8, 7842.42], (8192, 4096, 1, 1024, 8192, 8192, 
1024, 4096): [9, 7774.46], (8192, 4096, 1, 4096, 8192, 8192, 4096, 4096): [5, 7848.04], (8192, 4096, 1, 8192, 8192, 8192, 8192, 4096): [12, 7845.37], 
(8192, 4096, 1, 14336, 8192, 8192, 14336, 4096): [12, 7854.01], (8192, 8192, 1, 1024, 8192, 8192, 1024, 8192): [4, 7808.9], (8192, 8192, 1, 4096, 8192, 
8192, 4096, 8192): [12, 7908.43], (8192, 8192, 1, 8192, 8192, 8192, 8192, 8192): [12, 7905.67], (8192, 8192, 1, 14336, 8192, 8192, 14336, 8192): [12, 
7907.79], (8192, 14336, 1, 1024, 8192, 8192, 1024, 14336): [10, 7846.97], (8192, 14336, 1, 4096, 8192, 8192, 4096, 14336): [12, 7905.82], (8192, 14336, 
1, 8192, 8192, 8192, 8192, 14336): [12, 7912.07], (8192, 14336, 1, 14336, 8192, 8192, 14336, 14336): [12, 7910.7]}
# writing library logic YAML /home/iamthecage/out-v2/i8gemm_tt/3_LibraryLogic/navi48_Cijk_Alik_Bjlk_I8II_BH.yaml
################################################################################
# Finish Analysing data to /home/iamthecage/out-v2/i8gemm_tt in 87.906s
################################################################################


