
################################################################################
#
#  Tensile v4.47.0
#  Config: /home/iamthecage/rocm-libraries/shared/tensile/next-tuning/gfx1201-wide-v2/i8gemm_valu_gb_fixed_tn.yaml
#  Date & Time: 18/04/2026 21:40:14
#
################################################################################

# Restoring default globalParameters
# Found HIP version: 7.2.53211-e1a6bc5663
# Detected GPU 0:    gfx1201
> UserWarning: HardwareMonitor currently disabled for gfx942, gfx950, gfx1100, gfx1101, gfx1102, gfx1103, gfx1150, gfx1151, gfx1152, gfx1153, gfx1200, gfx1201
# Command-line override: CurrentISA
# Command-line override: PrintLevel

Overriding CurrentISA=(12, 0, 1)
Overriding PrintLevel=3
Overriding CxxCompiler=amdclang++
Overriding PrebuiltClient=/home/iamthecage/rocm-libraries/shared/tensile/next-cmake/build/tensile-client
ProblemTypeConfig: {'OperationType': 'GEMM', 'DataType': 'I8', 'ComputeDataType': 'I', 'DestDataType': 'I', 'HighPrecisionAccumulate': True, 'TransposeA': True, 
'TransposeB': False, 'UseBeta': True, 'Batched': True, 'StridedBatched': False}

################################################################################
# Converting Config to BenchmarkProcess Object
################################################################################

# BenchmarkProcess beginning Cijk_Alik_Bljk_I8II_BH_GB

####################################################################
# Filling in Parameters With Defaults
####################################################################

Single Value Parameters:
    1LDSBuffer: 0
    AggressivePerfMode: 1
    AssertAIGreaterThanEqual: -1
    AssertAILessThanEqual: -1
    AssertAlphaValue: False
    AssertBetaValue: False
    AssertCEqualsD: False
    AssertFree0ElementMultiple: 1
    AssertFree1ElementMultiple: 1
    AssertMinApproxSize: -1
    AssertSizeEqual: {}
    AssertSizeGreaterThan: {}
    AssertSizeLessThan: {}
    AssertSizeMultiple: {}
    AssertStrideAEqual: {}
    AssertStrideBEqual: {}
    AssertStrideCEqual: {}
    AssertStrideDEqual: {}
    AssertSummationElementMultiple: 1
    AtomicAddC: False
    BufferLoad: True
    BufferStore: True
    CUMode: False
    CheckDimOverflow: 0
    CheckTensorDimAsserts: False
    ClusterLocalRead: False
    CustomKernelName: 
    DebugStreamK: 0
    DepthULdsDivisor: 1
    DirectToLdsA: False
    DirectToLdsB: False
    DirectToVgprA: False
    DirectToVgprB: False
    DisableAtomicFail: 0
    DisableKernelPieces: 0
    DisableVgprOverlapping: False
    EdgeType: ShiftPtr
    ExpandPointerSwap: True
    ExtraLatencyForLR: 0
    ExtraMiLatencyLeft: 0
    ForceStoreSC1: Auto
    Fp16AltImpl: False
    Fp16AltImplRound: False
    FractionalLoad: 0
    GlobalLoadVectorWidthA: -1
    GlobalLoadVectorWidthB: -1
    GlobalRead2A: True
    GlobalRead2B: True
    GlobalReadCoalesceGroupA: True
    GlobalReadCoalesceGroupB: True
    GlobalReadCoalesceVectorA: True
    GlobalReadCoalesceVectorB: True
    GlobalReadPerMfma: 1
    GlobalSplitU: 1
    GlobalSplitUAlgorithm: SingleBuffer
    GlobalSplitUAtomicAdd: False
    GlobalSplitUSummationAssignmentRoundRobin: True
    GlobalSplitUWorkGroupMappingRoundRobin: False
    GroupLoadStore: False
    InnerUnroll: 1
    InterleaveAlpha: 0
    KernelLanguage: Assembly
    LdcEqualsLdd: False
    LdsBlockSizePerPadA: -1
    LdsBlockSizePerPadB: -1
    LdsPadA: -1
    LdsPadB: -1
    LocalDotLayout: 1
    LocalRead2A: True
    LocalRead2B: True
    LocalReadVectorWidth: -1
    LocalWrite2A: True
    LocalWrite2B: True
    LocalWritePerMfma: -1
    LoopDoWhile: False
    LoopTail: True
    MACInstruction: FMA
    MIArchVgpr: False
    MacroTileShapeMax: 64
    MacroTileShapeMin: 1
    MagicDivAlg: 2
    MatrixInstruction: []
    MaxOccupancy: 40
    MaxVgprNumber: 256
    MemoryModifierFormat: 
    MinKForGSU: 256
    MinVgprNumber: 0
    NoReject: False
    NonTemporalA: 0
    NonTemporalB: 0
    NonTemporalC: 0
    NonTemporalD: 0
    NumElementsPerBatchStore: 0
    NumLoadsCoalescedA: 1
    NumLoadsCoalescedB: 1
    OptNoLoadLoop: 1
    OptPreLoopVmcnt: True
    PackBatchDims: 0
    PackFreeDims: 1
    PackGranularity: 2
    PackSummationDims: 0
    PerformanceSyncLocation: -1
    PerformanceWaitCount: -1
    PerformanceWaitLocation: -1
    PersistentKernel: 0
    PersistentKernelAlongBatch: False
    PrefetchAcrossPersistent: 0
    PrefetchAcrossPersistentMode: 0
    PrefetchGlobalRead: 1
    PrefetchLocalRead: 1
    PreloadKernelArguments: 0
    ReplacementKernel: False
    ScheduleGlobalRead: 1
    ScheduleIterAlg: 1
    ScheduleLocalWrite: 1
    SourceSwap: False
    StaggerUMapping: 0
    StaggerUStride: 256
    StoreCInUnroll: False
    StoreCInUnrollExact: False
    StoreCInUnrollInterval: 1
    StoreCInUnrollPostLoop: False
    StorePriorityOpt: False
    StoreRemapVectorWidth: 0
    StoreSyncOpt: 0
    StoreVectorWidth: -1
    StreamK: 0
    StreamKAtomic: 0
    StreamKXCCMapping: 0
    SuppressNoLoadLoop: False
    ThreadSeparateGlobalReadA: 0
    ThreadSeparateGlobalReadB: 0
    TransposeLDS: 0
    UnrollIncIsDepthU: 0
    UnrollMajorLDSA: False
    UnrollMajorLDSB: False
    UnrollMemFence: False
    Use64bShadowLimit: 1
    UseInstOffsetForGRO: 0
    UseSgprForGRO: -1
    VectorAtomicWidth: -1
    VectorStore: -1
    VectorWidthB: -1
    VgprForLocalReadPacking: False
    WaveSeparateGlobalReadA: 0
    WaveSeparateGlobalReadB: 0
    WavefrontSize: 32
    WorkGroup: [16, 16, 1]
    WorkGroupMapping: 8
    WorkGroupMappingType: B
Multi-Value Parameters:
    DepthU: [8, 16, 32]
    GlobalReadVectorWidth: [4, 8, 16]
    StaggerU: [0, 32]
    ThreadTile: [[2, 2], [4, 2], [2, 4], [4, 4], [8, 4], [4, 8]]
    VectorWidth: [1, 2, 4]

####################################################################
# Convert Parameters to Benchmark Step(s)
####################################################################


####################################################################
# Benchmark Final
# Creating BenchmarkStep: 5 fork params and 45 sizes
# NumBenchmarkSteps: 1

################################################################################
# Done Creating BenchmarkProcess Object
################################################################################


################################################################################
# Benchmark Step: Cijk_Alik_Bljk_I8II_BH_GB_00 - 00_Final 10.503s
# Num Sizes: 45
# Fork Parameters:
#     DepthU: [8, 16, 32]
#     GlobalReadVectorWidth: [4, 8, 16]
#     StaggerU: [0, 32]
#     ThreadTile: [[2, 2], [4, 2], [2, 4], [4, 4], [8, 4], [4, 8]]
#     VectorWidth: [1, 2, 4]
# Enumerating Solutions

reject: VectorWidth must be >= 4 for Int8 or 8bitFloat

reject: Int8 requires GLVWA >= 4, current is 1

reject: Int8 requires GLVWB >= 4, current is 1
rejecting solution 
Cijk_Alik_Bljk_I8II_BH_GB_MT32x32x8_SN_1LDSB0_APM1_AAIGTEn1_AAILTEn1_AAV0_ABV0_ACED0_AF0EM1_AF1EM1_AMAS0_ASE_ASGT_ASLT_ASM_ASAE01_ASBE01_ASCE01_ASDE01_ASEM1_AAC0_BL1_BS1_CU
M0_CDO0_CTDA0_CLR0_DSK0_DRA0_DU8_DULD1_DTLA0_DTLB0_DTVA0_DTVB0_DAF0_DKP0_DVO0_ETSP_EPS1_ELFLR0_EMLL0_FSSC10_F16AI0_F16AIR0_FL0_GLVWA1_GLVWB1_GR2A1_GR2B1_GRCGA1_GRCGB1_GRCVA
1_GRCVB1_GRPM1_GRVW4_GSU1_GSUASB_GSUAA0_GSUSARR1_GSUWGMRR0_GLS0_ISA1201_IU1_IA0_KLA_LEL0_LBSPPA0_LBSPPB0_LPA1_LPB1_LDL1_LR2A1_LR2B1_LRVW1_LW2A1_LW2B1_LWPMn1_LDW0_LT1_FMA_MI
AV0_MTSM64_MTSM1_MDA2_MI_MO40_MVN256_MMFSC_MKFGSU256_MVN0_NR0_NTA0_NTB0_NTC0_NTD0_NEPBS0_NLCA1_NLCB1_ONLL1_OPLV0_PBD0_PFD1_PG2_PSD0_PSLn1_PWCn1_PWLn1_PK0_PKAB0_PAP0_PAPM0_P
GR1_PLR1_PKA0_RK0_SGR1_SIA1_SLW1_SS0_SU0_SUM0_SUS0_SCIU0_SCIUE0_SCIUI1_SCIUPL0_SPO0_SRVW0_SSO0_SVW4_SK0_SKA0_SKXCCM0_SNLL0_TSGRA0_TSGRB0_TT2_2_TLDS0_UIIDU0_UMLDSA0_UMLDSB0_
UMF0_U64SL1_UIOFGRO0_USFGROn1_VAW1_VSn1_VW1_VWB1_VFLRP0_WSGRA0_WSGRB0_WS32_WG16_16_1_WGM8_WGMTB

reject: VectorWidth must be >= 4 for Int8 or 8bitFloat

reject: Int8 requires GLVWA >= 4, current is 1

reject: Int8 requires GLVWB >= 4, current is 1
rejecting solution 
Cijk_Alik_Bljk_I8II_BH_GB_MT32x32x8_SN_1LDSB0_APM1_AAIGTEn1_AAILTEn1_AAV0_ABV0_ACED0_AF0EM1_AF1EM1_AMAS3_ASE_ASGT_ASLT_ASM_ASAE01_ASBE01_ASCE01_ASDE01_ASEM1_AAC0_BL1_BS1_CU
M0_CDO0_CTDA0_CLR0_DSK0_DRA0_DU8_DULD1_DTLA0_DTLB0_DTVA0_DTVB0_DAF0_DKP0_DVO0_ETSP_EPS1_ELFLR0_EMLL0_FSSC10_F16AI0_F16AIR0_FL0_GLVWA1_GLVWB1_GR2A1_GR2B1_GRCGA1_GRCGB1_GRCVA
1_GRCVB1_GRPM1_GRVW4_GSU1_GSUASB_GSUAA0_GSUSARR1_GSUWGMRR0_GLS0_ISA1201_IU1_IA0_KLA_LEL0_LBSPPA0_LBSPPB0_LPA2_LPB2_LDL1_LR2A1_LR2B1_LRVW2_LW2A1_LW2B1_LWPMn1_LDW0_LT1_FMA_MI
AV0_MTSM64_MTSM1_MDA2_MI_MO40_MVN256_MMFSC_MKFGSU256_MVN0_NR0_NTA0_NTB0_NTC0_NTD0_NEPBS0_NLCA1_NLCB1_ONLL1_OPLV0_PBD0_PFD1_PG2_PSD0_PSLn1_PWCn1_PWLn1_PK0_PKAB0_PAP0_PAPM0_P
GR1_PLR1_PKA0_RK0_SGR1_SIA1_SLW1_SS0_SU0_SUM0_SUS0_SCIU0_SCIUE0_SCIUI1_SCIUPL0_SPO0_SRVW0_SSO0_SVW4_SK0_SKA0_SKXCCM0_SNLL0_TSGRA0_TSGRB0_TT2_2_TLDS0_UIIDU0_UMLDSA0_UMLDSB0_
UMF0_U64SL1_UIOFGRO0_USFGROn1_VAW1_VSn1_VW2_VWB2_VFLRP0_WSGRA0_WSGRB0_WS32_WG16_16_1_WGM8_WGMTB

reject: ThreadTile0 2 or ThreadTile1 2 not a multiple of VectorWidth 4
rejecting solution 
Cijk_Alik_Bljk_I8II_BH_GB_MT32x32x8_SN_1LDSB0_APM1_AAIGTEn1_AAILTEn1_AAV0_ABV0_ACED0_AF0EM1_AF1EM1_AMASn1_ASE_ASGT_ASLT_ASM_ASAE01_ASBE01_ASCE01_ASDE01_ASEM1_AAC0_BL1_BS1_C
UM0_CDO0_CTDA0_CLR0_DSK0_DRA0_DU8_DULD1_DTLA0_DTLB0_DTVA0_DTVB0_DAF0_DKP0_DVO0_ETSP_EPS1_ELFLR0_EMLL0_FSSC10_F16AI0_F16AIR0_FL0_GLVWA4_GLVWB4_GR2A1_GR2B1_GRCGA1_GRCGB1_GRCV
A1_GRCVB1_GRPM1_GRVW4_GSU1_GSUASB_GSUAA0_GSUSARR1_GSUWGMRR0_GLS0_ISA1201_IU1_IA0_KLA_LEL0_LBSPPAn1_LBSPPBn1_LPAn1_LPBn1_LDL1_LR2A1_LR2B1_LRVWn1_LW2A1_LW2B1_LWPMn1_LDW0_LT1_
FMA_MIAV0_MTSM64_MTSM1_MDA2_MI_MO40_MVN256_MMFSC_MKFGSU256_MVN0_NR0_NTA0_NTB0_NTC0_NTD0_NEPBS0_NLCA1_NLCB1_ONLL1_OPLV0_PBD0_PFD1_PG2_PSD0_PSLn1_PWCn1_PWLn1_PK0_PKAB0_PAP0_P
APM0_PGR1_PLR1_PKA0_RK0_SGR1_SIA1_SLW1_SS0_SU0_SUM0_SUS0_SCIU0_SCIUE0_SCIUI1_SCIUPL0_SPO0_SRVW0_SSO0_SVWn1_SK0_SKA0_SKXCCM0_SNLL0_TSGRA0_TSGRB0_TT2_2_TLDS0_UIIDU0_UMLDSA0_U
MLDSB0_UMF0_U64SL1_UIOFGRO0_USFGROn1_VAWn1_VSn1_VW4_VWBn1_VFLRP0_WSGRA0_WSGRB0_WS32_WG16_16_1_WGM8_WGMTB

reject: VectorWidth must be >= 4 for Int8 or 8bitFloat

reject: Int8 requires GLVWA >= 4, current is 1

reject: Int8 requires GLVWB >= 4, current is 1
rejecting solution 
Cijk_Alik_Bljk_I8II_BH_GB_MT32x32x8_SN_1LDSB0_APM1_AAIGTEn1_AAILTEn1_AAV0_ABV0_ACED0_AF0EM1_AF1EM1_AMAS0_ASE_ASGT_ASLT_ASM_ASAE01_ASBE01_ASCE01_ASDE01_ASEM1_AAC0_BL1_BS1_CU
M0_CDO0_CTDA0_CLR0_DSK0_DRA0_DU8_DULD1_DTLA0_DTLB0_DTVA0_DTVB0_DAF0_DKP0_DVO0_ETSP_EPS1_ELFLR0_EMLL0_FSSC10_F16AI0_F16AIR0_FL0_GLVWA1_GLVWB1_GR2A1_GR2B1_GRCGA1_GRCGB1_GRCVA
1_GRCVB1_GRPM1_GRVW8_GSU1_GSUASB_GSUAA0_GSUSARR1_GSUWGMRR0_GLS0_ISA1201_IU1_IA0_KLA_LEL0_LBSPPA0_LBSPPB0_LPA1_LPB1_LDL1_LR2A1_LR2B1_LRVW1_LW2A1_LW2B1_LWPMn1_LDW0_LT1_FMA_MI
AV0_MTSM64_MTSM1_MDA2_MI_MO40_MVN256_MMFSC_MKFGSU256_MVN0_NR0_NTA0_NTB0_NTC0_NTD0_NEPBS0_NLCA1_NLCB1_ONLL1_OPLV0_PBD0_PFD1_PG2_PSD0_PSLn1_PWCn1_PWLn1_PK0_PKAB0_PAP0_PAPM0_P
GR1_PLR1_PKA0_RK0_SGR1_SIA1_SLW1_SS0_SU0_SUM0_SUS0_SCIU0_SCIUE0_SCIUI1_SCIUPL0_SPO0_SRVW0_SSO0_SVW4_SK0_SKA0_SKXCCM0_SNLL0_TSGRA0_TSGRB0_TT2_2_TLDS0_UIIDU0_UMLDSA0_UMLDSB0_
UMF0_U64SL1_UIOFGRO0_USFGROn1_VAW1_VSn1_VW1_VWB1_VFLRP0_WSGRA0_WSGRB0_WS32_WG16_16_1_WGM8_WGMTB

reject: VectorWidth must be >= 4 for Int8 or 8bitFloat

reject: Int8 requires GLVWA >= 4, current is 1

reject: Int8 requires GLVWB >= 4, current is 1
rejecting solution 
Cijk_Alik_Bljk_I8II_BH_GB_MT32x32x8_SN_1LDSB0_APM1_AAIGTEn1_AAILTEn1_AAV0_ABV0_ACED0_AF0EM1_AF1EM1_AMAS3_ASE_ASGT_ASLT_ASM_ASAE01_ASBE01_ASCE01_ASDE01_ASEM1_AAC0_BL1_BS1_CU
M0_CDO0_CTDA0_CLR0_DSK0_DRA0_DU8_DULD1_DTLA0_DTLB0_DTVA0_DTVB0_DAF0_DKP0_DVO0_ETSP_EPS1_ELFLR0_EMLL0_FSSC10_F16AI0_F16AIR0_FL0_GLVWA1_GLVWB1_GR2A1_GR2B1_GRCGA1_GRCGB1_GRCVA
1_GRCVB1_GRPM1_GRVW8_GSU1_GSUASB_GSUAA0_GSUSARR1_GSUWGMRR0_GLS0_ISA1201_IU1_IA0_KLA_LEL0_LBSPPA0_LBSPPB0_LPA2_LPB2_LDL1_LR2A1_LR2B1_LRVW2_LW2A1_LW2B1_LWPMn1_LDW0_LT1_FMA_MI
AV0_MTSM64_MTSM1_MDA2_MI_MO40_MVN256_MMFSC_MKFGSU256_MVN0_NR0_NTA0_NTB0_NTC0_NTD0_NEPBS0_NLCA1_NLCB1_ONLL1_OPLV0_PBD0_PFD1_PG2_PSD0_PSLn1_PWCn1_PWLn1_PK0_PKAB0_PAP0_PAPM0_P
GR1_PLR1_PKA0_RK0_SGR1_SIA1_SLW1_SS0_SU0_SUM0_SUS0_SCIU0_SCIUE0_SCIUI1_SCIUPL0_SPO0_SRVW0_SSO0_SVW4_SK0_SKA0_SKXCCM0_SNLL0_TSGRA0_TSGRB0_TT2_2_TLDS0_UIIDU0_UMLDSA0_UMLDSB0_
UMF0_U64SL1_UIOFGRO0_USFGROn1_VAW1_VSn1_VW2_VWB2_VFLRP0_WSGRA0_WSGRB0_WS32_WG16_16_1_WGM8_WGMTB

reject: ThreadTile0 2 or ThreadTile1 2 not a multiple of VectorWidth 4
rejecting solution 
Cijk_Alik_Bljk_I8II_BH_GB_MT32x32x8_SN_1LDSB0_APM1_AAIGTEn1_AAILTEn1_AAV0_ABV0_ACED0_AF0EM1_AF1EM1_AMASn1_ASE_ASGT_ASLT_ASM_ASAE01_ASBE01_ASCE01_ASDE01_ASEM1_AAC0_BL1_BS1_C
UM0_CDO0_CTDA0_CLR0_DSK0_DRA0_DU8_DULD1_DTLA0_DTLB0_DTVA0_DTVB0_DAF0_DKP0_DVO0_ETSP_EPS1_ELFLR0_EMLL0_FSSC10_F16AI0_F16AIR0_FL0_GLVWA8_GLVWB8_GR2A1_GR2B1_GRCGA1_GRCGB1_GRCV
A1_GRCVB1_GRPM1_GRVW8_GSU1_GSUASB_GSUAA0_GSUSARR1_GSUWGMRR0_GLS0_ISA1201_IU1_IA0_KLA_LEL0_LBSPPAn1_LBSPPBn1_LPAn1_LPBn1_LDL1_LR2A1_LR2B1_LRVWn1_LW2A1_LW2B1_LWPMn1_LDW0_LT1_
FMA_MIAV0_MTSM64_MTSM1_MDA2_MI_MO40_MVN256_MMFSC_MKFGSU256_MVN0_NR0_NTA0_NTB0_NTC0_NTD0_NEPBS0_NLCA1_NLCB1_ONLL1_OPLV0_PBD0_PFD1_PG2_PSD0_PSLn1_PWCn1_PWLn1_PK0_PKAB0_PAP0_P
APM0_PGR1_PLR1_PKA0_RK0_SGR1_SIA1_SLW1_SS0_SU0_SUM0_SUS0_SCIU0_SCIUE0_SCIUI1_SCIUPL0_SPO0_SRVW0_SSO0_SVWn1_SK0_SKA0_SKXCCM0_SNLL0_TSGRA0_TSGRB0_TT2_2_TLDS0_UIIDU0_UMLDSA0_U
MLDSB0_UMF0_U64SL1_UIOFGRO0_USFGROn1_VAWn1_VSn1_VW4_VWBn1_VFLRP0_WSGRA0_WSGRB0_WS32_WG16_16_1_WGM8_WGMTB

reject: VectorWidth must be >= 4 for Int8 or 8bitFloat

reject: Int8 requires GLVWA >= 4, current is 1

reject: Int8 requires GLVWB >= 4, current is 1
rejecting solution 
Cijk_Alik_Bljk_I8II_BH_GB_MT32x32x8_SN_1LDSB0_APM1_AAIGTEn1_AAILTEn1_AAV0_ABV0_ACED0_AF0EM1_AF1EM1_AMAS0_ASE_ASGT_ASLT_ASM_ASAE01_ASBE01_ASCE01_ASDE01_ASEM1_AAC0_BL1_BS1_CU
M0_CDO0_CTDA0_CLR0_DSK0_DRA0_DU8_DULD1_DTLA0_DTLB0_DTVA0_DTVB0_DAF0_DKP0_DVO0_ETSP_EPS1_ELFLR0_EMLL0_FSSC10_F16AI0_F16AIR0_FL0_GLVWA1_GLVWB1_GR2A1_GR2B1_GRCGA1_GRCGB1_GRCVA
1_GRCVB1_GRPM1_GRVW16_GSU1_GSUASB_GSUAA0_GSUSARR1_GSUWGMRR0_GLS0_ISA1201_IU1_IA0_KLA_LEL0_LBSPPA0_LBSPPB0_LPA1_LPB1_LDL1_LR2A1_LR2B1_LRVW1_LW2A1_LW2B1_LWPMn1_LDW0_LT1_FMA_M
IAV0_MTSM64_MTSM1_MDA2_MI_MO40_MVN256_MMFSC_MKFGSU256_MVN0_NR0_NTA0_NTB0_NTC0_NTD0_NEPBS0_NLCA1_NLCB1_ONLL1_OPLV0_PBD0_PFD1_PG2_PSD0_PSLn1_PWCn1_PWLn1_PK0_PKAB0_PAP0_PAPM0_
PGR1_PLR1_PKA0_RK0_SGR1_SIA1_SLW1_SS0_SU0_SUM0_SUS0_SCIU0_SCIUE0_SCIUI1_SCIUPL0_SPO0_SRVW0_SSO0_SVW4_SK0_SKA0_SKXCCM0_SNLL0_TSGRA0_TSGRB0_TT2_2_TLDS0_UIIDU0_UMLDSA0_UMLDSB0
_UMF0_U64SL1_UIOFGRO0_USFGROn1_VAW1_VSn1_VW1_VWB1_VFLRP0_WSGRA0_WSGRB0_WS32_WG16_16_1_WGM8_WGMTB

reject: VectorWidth must be >= 4 for Int8 or 8bitFloat

reject: Int8 requires GLVWA >= 4, current is 1

reject: Int8 requires GLVWB >= 4, current is 1
rejecting solution 
Cijk_Alik_Bljk_I8II_BH_GB_MT32x32x8_SN_1LDSB0_APM1_AAIGTEn1_AAILTEn1_AAV0_ABV0_ACED0_AF0EM1_AF1EM1_AMAS3_ASE_ASGT_ASLT_ASM_ASAE01_ASBE01_ASCE01_ASDE01_ASEM1_AAC0_BL1_BS1_CU
M0_CDO0_CTDA0_CLR0_DSK0_DRA0_DU8_DULD1_DTLA0_DTLB0_DTVA0_DTVB0_DAF0_DKP0_DVO0_ETSP_EPS1_ELFLR0_EMLL0_FSSC10_F16AI0_F16AIR0_FL0_GLVWA1_GLVWB1_GR2A1_GR2B1_GRCGA1_GRCGB1_GRCVA
1_GRCVB1_GRPM1_GRVW16_GSU1_GSUASB_GSUAA0_GSUSARR1_GSUWGMRR0_GLS0_ISA1201_IU1_IA0_KLA_LEL0_LBSPPA0_LBSPPB0_LPA2_LPB2_LDL1_LR2A1_LR2B1_LRVW2_LW2A1_LW2B1_LWPMn1_LDW0_LT1_FMA_M
IAV0_MTSM64_MTSM1_MDA2_MI_MO40_MVN256_MMFSC_MKFGSU256_MVN0_NR0_NTA0_NTB0_NTC0_NTD0_NEPBS0_NLCA1_NLCB1_ONLL1_OPLV0_PBD0_PFD1_PG2_PSD0_PSLn1_PWCn1_PWLn1_PK0_PKAB0_PAP0_PAPM0_
PGR1_PLR1_PKA0_RK0_SGR1_SIA1_SLW1_SS0_SU0_SUM0_SUS0_SCIU0_SCIUE0_SCIUI1_SCIUPL0_SPO0_SRVW0_SSO0_SVW4_SK0_SKA0_SKXCCM0_SNLL0_TSGRA0_TSGRB0_TT2_2_TLDS0_UIIDU0_UMLDSA0_UMLDSB0
_UMF0_U64SL1_UIOFGRO0_USFGROn1_VAW1_VSn1_VW2_VWB2_VFLRP0_WSGRA0_WSGRB0_WS32_WG16_16_1_WGM8_WGMTB

reject: ThreadTile0 2 or ThreadTile1 2 not a multiple of VectorWidth 4
rejecting solution 
Cijk_Alik_Bljk_I8II_BH_GB_MT32x32x8_SN_1LDSB0_APM1_AAIGTEn1_AAILTEn1_AAV0_ABV0_ACED0_AF0EM1_AF1EM1_AMASn1_ASE_ASGT_ASLT_ASM_ASAE01_ASBE01_ASCE01_ASDE01_ASEM1_AAC0_BL1_BS1_C
UM0_CDO0_CTDA0_CLR0_DSK0_DRA0_DU8_DULD1_DTLA0_DTLB0_DTVA0_DTVB0_DAF0_DKP0_DVO0_ETSP_EPS1_ELFLR0_EMLL0_FSSC10_F16AI0_F16AIR0_FL0_GLVWA16_GLVWB16_GR2A1_GR2B1_GRCGA1_GRCGB1_GR
CVA1_GRCVB1_GRPM1_GRVW16_GSU1_GSUASB_GSUAA0_GSUSARR1_GSUWGMRR0_GLS0_ISA1201_IU1_IA0_KLA_LEL0_LBSPPAn1_LBSPPBn1_LPAn1_LPBn1_LDL1_LR2A1_LR2B1_LRVWn1_LW2A1_LW2B1_LWPMn1_LDW0_L
T1_FMA_MIAV0_MTSM64_MTSM1_MDA2_MI_MO40_MVN256_MMFSC_MKFGSU256_MVN0_NR0_NTA0_NTB0_NTC0_NTD0_NEPBS0_NLCA1_NLCB1_ONLL1_OPLV0_PBD0_PFD1_PG2_PSD0_PSLn1_PWCn1_PWLn1_PK0_PKAB0_PAP
0_PAPM0_PGR1_PLR1_PKA0_RK0_SGR1_SIA1_SLW1_SS0_SU0_SUM0_SUS0_SCIU0_SCIUE0_SCIUI1_SCIUPL0_SPO0_SRVW0_SSO0_SVWn1_SK0_SKA0_SKXCCM0_SNLL0_TSGRA0_TSGRB0_TT2_2_TLDS0_UIIDU0_UMLDSA
0_UMLDSB0_UMF0_U64SL1_UIOFGRO0_USFGROn1_VAWn1_VSn1_VW4_VWBn1_VFLRP0_WSGRA0_WSGRB0_WS32_WG16_16_1_WGM8_WGMTB

reject: VectorWidth must be >= 4 for Int8 or 8bitFloat

reject: Int8 requires GLVWA >= 4, current is 1

reject: Int8 requires GLVWB >= 4, current is 1
rejecting solution 
Cijk_Alik_Bljk_I8II_BH_GB_MT32x32x8_SN_1LDSB0_APM1_AAIGTEn1_AAILTEn1_AAV0_ABV0_ACED0_AF0EM1_AF1EM1_AMAS0_ASE_ASGT_ASLT_ASM_ASAE01_ASBE01_ASCE01_ASDE01_ASEM1_AAC0_BL1_BS1_CU
M0_CDO0_CTDA0_CLR0_DSK0_DRA0_DU8_DULD1_DTLA0_DTLB0_DTVA0_DTVB0_DAF0_DKP0_DVO0_ETSP_EPS1_ELFLR0_EMLL0_FSSC10_F16AI0_F16AIR0_FL0_GLVWA1_GLVWB1_GR2A1_GR2B1_GRCGA1_GRCGB1_GRCVA
1_GRCVB1_GRPM1_GRVW4_GSU1_GSUASB_GSUAA0_GSUSARR1_GSUWGMRR0_GLS0_ISA1201_IU1_IA0_KLA_LEL0_LBSPPA0_LBSPPB0_LPA1_LPB1_LDL1_LR2A1_LR2B1_LRVW1_LW2A1_LW2B1_LWPMn1_LDW0_LT1_FMA_MI
AV0_MTSM64_MTSM1_MDA2_MI_MO40_MVN256_MMFSC_MKFGSU256_MVN0_NR0_NTA0_NTB0_NTC0_NTD0_NEPBS0_NLCA1_NLCB1_ONLL1_OPLV0_PBD0_PFD1_PG2_PSD0_PSLn1_PWCn1_PWLn1_PK0_PKAB0_PAP0_PAPM0_P
GR1_PLR1_PKA0_RK0_SGR1_SIA1_SLW1_SS0_SU32_SUM0_SUS256_SCIU0_SCIUE0_SCIUI1_SCIUPL0_SPO0_SRVW0_SSO0_SVW4_SK0_SKA0_SKXCCM0_SNLL0_TSGRA0_TSGRB0_TT2_2_TLDS0_UIIDU0_UMLDSA0_UMLDS
B0_UMF0_U64SL1_UIOFGRO0_USFGROn1_VAW1_VSn1_VW1_VWB1_VFLRP0_WSGRA0_WSGRB0_WS32_WG16_16_1_WGM8_WGMTB

reject: VectorWidth must be >= 4 for Int8 or 8bitFloat

reject: Int8 requires GLVWA >= 4, current is 1

reject: Int8 requires GLVWB >= 4, current is 1
rejecting solution 
Cijk_Alik_Bljk_I8II_BH_GB_MT32x32x8_SN_1LDSB0_APM1_AAIGTEn1_AAILTEn1_AAV0_ABV0_ACED0_AF0EM1_AF1EM1_AMAS3_ASE_ASGT_ASLT_ASM_ASAE01_ASBE01_ASCE01_ASDE01_ASEM1_AAC0_BL1_BS1_CU
M0_CDO0_CTDA0_CLR0_DSK0_DRA0_DU8_DULD1_DTLA0_DTLB0_DTVA0_DTVB0_DAF0_DKP0_DVO0_ETSP_EPS1_ELFLR0_EMLL0_FSSC10_F16AI0_F16AIR0_FL0_GLVWA1_GLVWB1_GR2A1_GR2B1_GRCGA1_GRCGB1_GRCVA
1_GRCVB1_GRPM1_GRVW4_GSU1_GSUASB_GSUAA0_GSUSARR1_GSUWGMRR0_GLS0_ISA1201_IU1_IA0_KLA_LEL0_LBSPPA0_LBSPPB0_LPA2_LPB2_LDL1_LR2A1_LR2B1_LRVW2_LW2A1_LW2B1_LWPMn1_LDW0_LT1_FMA_MI
AV0_MTSM64_MTSM1_MDA2_MI_MO40_MVN256_MMFSC_MKFGSU256_MVN0_NR0_NTA0_NTB0_NTC0_NTD0_NEPBS0_NLCA1_NLCB1_ONLL1_OPLV0_PBD0_PFD1_PG2_PSD0_PSLn1_PWCn1_PWLn1_PK0_PKAB0_PAP0_PAPM0_P
GR1_PLR1_PKA0_RK0_SGR1_SIA1_SLW1_SS0_SU32_SUM0_SUS256_SCIU0_SCIUE0_SCIUI1_SCIUPL0_SPO0_SRVW0_SSO0_SVW4_SK0_SKA0_SKXCCM0_SNLL0_TSGRA0_TSGRB0_TT2_2_TLDS0_UIIDU0_UMLDSA0_UMLDS
B0_UMF0_U64SL1_UIOFGRO0_USFGROn1_VAW1_VSn1_VW2_VWB2_VFLRP0_WSGRA0_WSGRB0_WS32_WG16_16_1_WGM8_WGMTB

reject: ThreadTile0 2 or ThreadTile1 2 not a multiple of VectorWidth 4
rejecting solution 
Cijk_Alik_Bljk_I8II_BH_GB_MT32x32x8_SN_1LDSB0_APM1_AAIGTEn1_AAILTEn1_AAV0_ABV0_ACED0_AF0EM1_AF1EM1_AMASn1_ASE_ASGT_ASLT_ASM_ASAE01_ASBE01_ASCE01_ASDE01_ASEM1_AAC0_BL1_BS1_C
UM0_CDO0_CTDA0_CLR0_DSK0_DRA0_DU8_DULD1_DTLA0_DTLB0_DTVA0_DTVB0_DAF0_DKP0_DVO0_ETSP_EPS1_ELFLR0_EMLL0_FSSC10_F16AI0_F16AIR0_FL0_GLVWA4_GLVWB4_GR2A1_GR2B1_GRCGA1_GRCGB1_GRCV
A1_GRCVB1_GRPM1_GRVW4_GSU1_GSUASB_GSUAA0_GSUSARR1_GSUWGMRR0_GLS0_ISA1201_IU1_IA0_KLA_LEL0_LBSPPAn1_LBSPPBn1_LPAn1_LPBn1_LDL1_LR2A1_LR2B1_LRVWn1_LW2A1_LW2B1_LWPMn1_LDW0_LT1_
FMA_MIAV0_MTSM64_MTSM1_MDA2_MI_MO40_MVN256_MMFSC_MKFGSU256_MVN0_NR0_NTA0_NTB0_NTC0_NTD0_NEPBS0_NLCA1_NLCB1_ONLL1_OPLV0_PBD0_PFD1_PG2_PSD0_PSLn1_PWCn1_PWLn1_PK0_PKAB0_PAP0_P
APM0_PGR1_PLR1_PKA0_RK0_SGR1_SIA1_SLW1_SS0_SU32_SUM0_SUS256_SCIU0_SCIUE0_SCIUI1_SCIUPL0_SPO0_SRVW0_SSO0_SVWn1_SK0_SKA0_SKXCCM0_SNLL0_TSGRA0_TSGRB0_TT2_2_TLDS0_UIIDU0_UMLDSA
0_UMLDSB0_UMF0_U64SL1_UIOFGRO0_USFGROn1_VAWn1_VSn1_VW4_VWBn1_VFLRP0_WSGRA0_WSGRB0_WS32_WG16_16_1_WGM8_WGMTB

reject: VectorWidth must be >= 4 for Int8 or 8bitFloat

reject: Int8 requires GLVWA >= 4, current is 1

reject: Int8 requires GLVWB >= 4, current is 1
rejecting solution 
Cijk_Alik_Bljk_I8II_BH_GB_MT32x32x8_SN_1LDSB0_APM1_AAIGTEn1_AAILTEn1_AAV0_ABV0_ACED0_AF0EM1_AF1EM1_AMAS0_ASE_ASGT_ASLT_ASM_ASAE01_ASBE01_ASCE01_ASDE01_ASEM1_AAC0_BL1_BS1_CU
M0_CDO0_CTDA0_CLR0_DSK0_DRA0_DU8_DULD1_DTLA0_DTLB0_DTVA0_DTVB0_DAF0_DKP0_DVO0_ETSP_EPS1_ELFLR0_EMLL0_FSSC10_F16AI0_F16AIR0_FL0_GLVWA1_GLVWB1_GR2A1_GR2B1_GRCGA1_GRCGB1_GRCVA
1_GRCVB1_GRPM1_GRVW8_GSU1_GSUASB_GSUAA0_GSUSARR1_GSUWGMRR0_GLS0_ISA1201_IU1_IA0_KLA_LEL0_LBSPPA0_LBSPPB0_LPA1_LPB1_LDL1_LR2A1_LR2B1_LRVW1_LW2A1_LW2B1_LWPMn1_LDW0_LT1_FMA_MI
AV0_MTSM64_MTSM1_MDA2_MI_MO40_MVN256_MMFSC_MKFGSU256_MVN0_NR0_NTA0_NTB0_NTC0_NTD0_NEPBS0_NLCA1_NLCB1_ONLL1_OPLV0_PBD0_PFD1_PG2_PSD0_PSLn1_PWCn1_PWLn1_PK0_PKAB0_PAP0_PAPM0_P
GR1_PLR1_PKA0_RK0_SGR1_SIA1_SLW1_SS0_SU32_SUM0_SUS256_SCIU0_SCIUE0_SCIUI1_SCIUPL0_SPO0_SRVW0_SSO0_SVW4_SK0_SKA0_SKXCCM0_SNLL0_TSGRA0_TSGRB0_TT2_2_TLDS0_UIIDU0_UMLDSA0_UMLDS
B0_UMF0_U64SL1_UIOFGRO0_USFGROn1_VAW1_VSn1_VW1_VWB1_VFLRP0_WSGRA0_WSGRB0_WS32_WG16_16_1_WGM8_WGMTB

reject: VectorWidth must be >= 4 for Int8 or 8bitFloat

reject: Int8 requires GLVWA >= 4, current is 1

reject: Int8 requires GLVWB >= 4, current is 1
rejecting solution 
Cijk_Alik_Bljk_I8II_BH_GB_MT32x32x8_SN_1LDSB0_APM1_AAIGTEn1_AAILTEn1_AAV0_ABV0_ACED0_AF0EM1_AF1EM1_AMAS3_ASE_ASGT_ASLT_ASM_ASAE01_ASBE01_ASCE01_ASDE01_ASEM1_AAC0_BL1_BS1_CU
M0_CDO0_CTDA0_CLR0_DSK0_DRA0_DU8_DULD1_DTLA0_DTLB0_DTVA0_DTVB0_DAF0_DKP0_DVO0_ETSP_EPS1_ELFLR0_EMLL0_FSSC10_F16AI0_F16AIR0_FL0_GLVWA1_GLVWB1_GR2A1_GR2B1_GRCGA1_GRCGB1_GRCVA
1_GRCVB1_GRPM1_GRVW8_GSU1_GSUASB_GSUAA0_GSUSARR1_GSUWGMRR0_GLS0_ISA1201_IU1_IA0_KLA_LEL0_LBSPPA0_LBSPPB0_LPA2_LPB2_LDL1_LR2A1_LR2B1_LRVW2_LW2A1_LW2B1_LWPMn1_LDW0_LT1_FMA_MI
AV0_MTSM64_MTSM1_MDA2_MI_MO40_MVN256_MMFSC_MKFGSU256_MVN0_NR0_NTA0_NTB0_NTC0_NTD0_NEPBS0_NLCA1_NLCB1_ONLL1_OPLV0_PBD0_PFD1_PG2_PSD0_PSLn1_PWCn1_PWLn1_PK0_PKAB0_PAP0_PAPM0_P
GR1_PLR1_PKA0_RK0_SGR1_SIA1_SLW1_SS0_SU32_SUM0_SUS256_SCIU0_SCIUE0_SCIUI1_SCIUPL0_SPO0_SRVW0_SSO0_SVW4_SK0_SKA0_SKXCCM0_SNLL0_TSGRA0_TSGRB0_TT2_2_TLDS0_UIIDU0_UMLDSA0_UMLDS
B0_UMF0_U64SL1_UIOFGRO0_USFGROn1_VAW1_VSn1_VW2_VWB2_VFLRP0_WSGRA0_WSGRB0_WS32_WG16_16_1_WGM8_WGMTB

reject: ThreadTile0 2 or ThreadTile1 2 not a multiple of VectorWidth 4
rejecting solution 
Cijk_Alik_Bljk_I8II_BH_GB_MT32x32x8_SN_1LDSB0_APM1_AAIGTEn1_AAILTEn1_AAV0_ABV0_ACED0_AF0EM1_AF1EM1_AMASn1_ASE_ASGT_ASLT_ASM_ASAE01_ASBE01_ASCE01_ASDE01_ASEM1_AAC0_BL1_BS1_C
UM0_CDO0_CTDA0_CLR0_DSK0_DRA0_DU8_DULD1_DTLA0_DTLB0_DTVA0_DTVB0_DAF0_DKP0_DVO0_ETSP_EPS1_ELFLR0_EMLL0_FSSC10_F16AI0_F16AIR0_FL0_GLVWA8_GLVWB8_GR2A1_GR2B1_GRCGA1_GRCGB1_GRCV
A1_GRCVB1_GRPM1_GRVW8_GSU1_GSUASB_GSUAA0_GSUSARR1_GSUWGMRR0_GLS0_ISA1201_IU1_IA0_KLA_LEL0_LBSPPAn1_LBSPPBn1_LPAn1_LPBn1_LDL1_LR2A1_LR2B1_LRVWn1_LW2A1_LW2B1_LWPMn1_LDW0_LT1_
FMA_MIAV0_MTSM64_MTSM1_MDA2_MI_MO40_MVN256_MMFSC_MKFGSU256_MVN0_NR0_NTA0_NTB0_NTC0_NTD0_NEPBS0_NLCA1_NLCB1_ONLL1_OPLV0_PBD0_PFD1_PG2_PSD0_PSLn1_PWCn1_PWLn1_PK0_PKAB0_PAP0_P
APM0_PGR1_PLR1_PKA0_RK0_SGR1_SIA1_SLW1_SS0_SU32_SUM0_SUS256_SCIU0_SCIUE0_SCIUI1_SCIUPL0_SPO0_SRVW0_SSO0_SVWn1_SK0_SKA0_SKXCCM0_SNLL0_TSGRA0_TSGRB0_TT2_2_TLDS0_UIIDU0_UMLDSA
0_UMLDSB0_UMF0_U64SL1_UIOFGRO0_USFGROn1_VAWn1_VSn1_VW4_VWBn1_VFLRP0_WSGRA0_WSGRB0_WS32_WG16_16_1_WGM8_WGMTB

reject: VectorWidth must be >= 4 for Int8 or 8bitFloat

reject: Int8 requires GLVWA >= 4, current is 1

reject: Int8 requires GLVWB >= 4, current is 1
rejecting solution 
Cijk_Alik_Bljk_I8II_BH_GB_MT32x32x8_SN_1LDSB0_APM1_AAIGTEn1_AAILTEn1_AAV0_ABV0_ACED0_AF0EM1_AF1EM1_AMAS0_ASE_ASGT_ASLT_ASM_ASAE01_ASBE01_ASCE01_ASDE01_ASEM1_AAC0_BL1_BS1_CU
M0_CDO0_CTDA0_CLR0_DSK0_DRA0_DU8_DULD1_DTLA0_DTLB0_DTVA0_DTVB0_DAF0_DKP0_DVO0_ETSP_EPS1_ELFLR0_EMLL0_FSSC10_F16AI0_F16AIR0_FL0_GLVWA1_GLVWB1_GR2A1_GR2B1_GRCGA1_GRCGB1_GRCVA
1_GRCVB1_GRPM1_GRVW16_GSU1_GSUASB_GSUAA0_GSUSARR1_GSUWGMRR0_GLS0_ISA1201_IU1_IA0_KLA_LEL0_LBSPPA0_LBSPPB0_LPA1_LPB1_LDL1_LR2A1_LR2B1_LRVW1_LW2A1_LW2B1_LWPMn1_LDW0_LT1_FMA_M
IAV0_MTSM64_MTSM1_MDA2_MI_MO40_MVN256_MMFSC_MKFGSU256_MVN0_NR0_NTA0_NTB0_NTC0_NTD0_NEPBS0_NLCA1_NLCB1_ONLL1_OPLV0_PBD0_PFD1_PG2_PSD0_PSLn1_PWCn1_PWLn1_PK0_PKAB0_PAP0_PAPM0_
PGR1_PLR1_PKA0_RK0_SGR1_SIA1_SLW1_SS0_SU32_SUM0_SUS256_SCIU0_SCIUE0_SCIUI1_SCIUPL0_SPO0_SRVW0_SSO0_SVW4_SK0_SKA0_SKXCCM0_SNLL0_TSGRA0_TSGRB0_TT2_2_TLDS0_UIIDU0_UMLDSA0_UMLD
SB0_UMF0_U64SL1_UIOFGRO0_USFGROn1_VAW1_VSn1_VW1_VWB1_VFLRP0_WSGRA0_WSGRB0_WS32_WG16_16_1_WGM8_WGMTB

reject: VectorWidth must be >= 4 for Int8 or 8bitFloat

reject: Int8 requires GLVWA >= 4, current is 1

reject: Int8 requires GLVWB >= 4, current is 1
rejecting solution 
Cijk_Alik_Bljk_I8II_BH_GB_MT32x32x8_SN_1LDSB0_APM1_AAIGTEn1_AAILTEn1_AAV0_ABV0_ACED0_AF0EM1_AF1EM1_AMAS3_ASE_ASGT_ASLT_ASM_ASAE01_ASBE01_ASCE01_ASDE01_ASEM1_AAC0_BL1_BS1_CU
M0_CDO0_CTDA0_CLR0_DSK0_DRA0_DU8_DULD1_DTLA0_DTLB0_DTVA0_DTVB0_DAF0_DKP0_DVO0_ETSP_EPS1_ELFLR0_EMLL0_FSSC10_F16AI0_F16AIR0_FL0_GLVWA1_GLVWB1_GR2A1_GR2B1_GRCGA1_GRCGB1_GRCVA
1_GRCVB1_GRPM1_GRVW16_GSU1_GSUASB_GSUAA0_GSUSARR1_GSUWGMRR0_GLS0_ISA1201_IU1_IA0_KLA_LEL0_LBSPPA0_LBSPPB0_LPA2_LPB2_LDL1_LR2A1_LR2B1_LRVW2_LW2A1_LW2B1_LWPMn1_LDW0_LT1_FMA_M
IAV0_MTSM64_MTSM1_MDA2_MI_MO40_MVN256_MMFSC_MKFGSU256_MVN0_NR0_NTA0_NTB0_NTC0_NTD0_NEPBS0_NLCA1_NLCB1_ONLL1_OPLV0_PBD0_PFD1_PG2_PSD0_PSLn1_PWCn1_PWLn1_PK0_PKAB0_PAP0_PAPM0_
PGR1_PLR1_PKA0_RK0_SGR1_SIA1_SLW1_SS0_SU32_SUM0_SUS256_SCIU0_SCIUE0_SCIUI1_SCIUPL0_SPO0_SRVW0_SSO0_SVW4_SK0_SKA0_SKXCCM0_SNLL0_TSGRA0_TSGRB0_TT2_2_TLDS0_UIIDU0_UMLDSA0_UMLD
SB0_UMF0_U64SL1_UIOFGRO0_USFGROn1_VAW1_VSn1_VW2_VWB2_VFLRP0_WSGRA0_WSGRB0_WS32_WG16_16_1_WGM8_WGMTB

reject: ThreadTile0 2 or ThreadTile1 2 not a multiple of VectorWidth 4
rejecting solution 
Cijk_Alik_Bljk_I8II_BH_GB_MT32x32x8_SN_1LDSB0_APM1_AAIGTEn1_AAILTEn1_AAV0_ABV0_ACED0_AF0EM1_AF1EM1_AMASn1_ASE_ASGT_ASLT_ASM_ASAE01_ASBE01_ASCE01_ASDE01_ASEM1_AAC0_BL1_BS1_C
UM0_CDO0_CTDA0_CLR0_DSK0_DRA0_DU8_DULD1_DTLA0_DTLB0_DTVA0_DTVB0_DAF0_DKP0_DVO0_ETSP_EPS1_ELFLR0_EMLL0_FSSC10_F16AI0_F16AIR0_FL0_GLVWA16_GLVWB16_GR2A1_GR2B1_GRCGA1_GRCGB1_GR
CVA1_GRCVB1_GRPM1_GRVW16_GSU1_GSUASB_GSUAA0_GSUSARR1_GSUWGMRR0_GLS0_ISA1201_IU1_IA0_KLA_LEL0_LBSPPAn1_LBSPPBn1_LPAn1_LPBn1_LDL1_LR2A1_LR2B1_LRVWn1_LW2A1_LW2B1_LWPMn1_LDW0_L
T1_FMA_MIAV0_MTSM64_MTSM1_MDA2_MI_MO40_MVN256_MMFSC_MKFGSU256_MVN0_NR0_NTA0_NTB0_NTC0_NTD0_NEPBS0_NLCA1_NLCB1_ONLL1_OPLV0_PBD0_PFD1_PG2_PSD0_PSLn1_PWCn1_PWLn1_PK0_PKAB0_PAP
0_PAPM0_PGR1_PLR1_PKA0_RK0_SGR1_SIA1_SLW1_SS0_SU32_SUM0_SUS256_SCIU0_SCIUE0_SCIUI1_SCIUPL0_SPO0_SRVW0_SSO0_SVWn1_SK0_SKA0_SKXCCM0_SNLL0_TSGRA0_TSGRB0_TT2_2_TLDS0_UIIDU0_UML
DSA0_UMLDSB0_UMF0_U64SL1_UIOFGRO0_USFGROn1_VAWn1_VSn1_VW4_VWBn1_VFLRP0_WSGRA0_WSGRB0_WS32_WG16_16_1_WGM8_WGMTB

reject: VectorWidth must be >= 4 for Int8 or 8bitFloat

reject: Int8 requires GLVWA >= 4, current is 2

reject: Int8 requires GLVWB >= 4, current is 1
rejecting solution 
Cijk_Alik_Bljk_I8II_BH_GB_MT64x32x8_SN_1LDSB0_APM1_AAIGTEn1_AAILTEn1_AAV0_ABV0_ACED0_AF0EM1_AF1EM1_AMAS0_ASE_ASGT_ASLT_ASM_ASAE01_ASBE01_ASCE01_ASDE01_ASEM1_AAC0_BL1_BS1_CU
M0_CDO0_CTDA0_CLR0_DSK0_DRA0_DU8_DULD1_DTLA0_DTLB0_DTVA0_DTVB0_DAF0_DKP0_DVO0_ETSP_EPS1_ELFLR0_EMLL0_FSSC10_F16AI0_F16AIR0_FL0_GLVWA2_GLVWB1_GR2A1_GR2B1_GRCGA1_GRCGB1_GRCVA
1_GRCVB1_GRPM1_GRVW4_GSU1_GSUASB_GSUAA0_GSUSARR1_GSUWGMRR0_GLS0_ISA1201_IU1_IA0_KLA_LEL0_LBSPPA0_LBSPPB0_LPA1_LPB1_LDL1_LR2A1_LR2B1_LRVW1_LW2A1_LW2B1_LWPMn1_LDW0_LT1_FMA_MI
AV0_MTSM64_MTSM1_MDA2_MI_MO40_MVN256_MMFSC_MKFGSU256_MVN0_NR0_NTA0_NTB0_NTC0_NTD0_NEPBS0_NLCA1_NLCB1_ONLL1_OPLV0_PBD0_PFD1_PG2_PSD0_PSLn1_PWCn1_PWLn1_PK0_PKAB0_PAP0_PAPM0_P
GR1_PLR1_PKA0_RK0_SGR1_SIA1_SLW1_SS0_SU0_SUM0_SUS0_SCIU0_SCIUE0_SCIUI1_SCIUPL0_SPO0_SRVW0_SSO0_SVW4_SK0_SKA0_SKXCCM0_SNLL0_TSGRA0_TSGRB0_TT4_2_TLDS0_UIIDU0_UMLDSA0_UMLDSB0_
UMF0_U64SL1_UIOFGRO0_USFGROn1_VAW1_VSn1_VW1_VWB1_VFLRP0_WSGRA0_WSGRB0_WS32_WG16_16_1_WGM8_WGMTB

reject: VectorWidth must be >= 4 for Int8 or 8bitFloat

reject: Int8 requires GLVWA >= 4, current is 2

reject: Int8 requires GLVWB >= 4, current is 1
rejecting solution 
Cijk_Alik_Bljk_I8II_BH_GB_MT64x32x8_SN_1LDSB0_APM1_AAIGTEn1_AAILTEn1_AAV0_ABV0_ACED0_AF0EM1_AF1EM1_AMAS3_ASE_ASGT_ASLT_ASM_ASAE01_ASBE01_ASCE01_ASDE01_ASEM1_AAC0_BL1_BS1_CU
M0_CDO0_CTDA0_CLR0_DSK0_DRA0_DU8_DULD1_DTLA0_DTLB0_DTVA0_DTVB0_DAF0_DKP0_DVO0_ETSP_EPS1_ELFLR0_EMLL0_FSSC10_F16AI0_F16AIR0_FL0_GLVWA2_GLVWB1_GR2A1_GR2B1_GRCGA1_GRCGB1_GRCVA
1_GRCVB1_GRPM1_GRVW4_GSU1_GSUASB_GSUAA0_GSUSARR1_GSUWGMRR0_GLS0_ISA1201_IU1_IA0_KLA_LEL0_LBSPPA0_LBSPPB0_LPA2_LPB2_LDL1_LR2A1_LR2B1_LRVW2_LW2A1_LW2B1_LWPMn1_LDW0_LT1_FMA_MI
AV0_MTSM64_MTSM1_MDA2_MI_MO40_MVN256_MMFSC_MKFGSU256_MVN0_NR0_NTA0_NTB0_NTC0_NTD0_NEPBS0_NLCA1_NLCB1_ONLL1_OPLV0_PBD0_PFD1_PG2_PSD0_PSLn1_PWCn1_PWLn1_PK0_PKAB0_PAP0_PAPM0_P
GR1_PLR1_PKA0_RK0_SGR1_SIA1_SLW1_SS0_SU0_SUM0_SUS0_SCIU0_SCIUE0_SCIUI1_SCIUPL0_SPO0_SRVW0_SSO0_SVW4_SK0_SKA0_SKXCCM0_SNLL0_TSGRA0_TSGRB0_TT4_2_TLDS0_UIIDU0_UMLDSA0_UMLDSB0_
UMF0_U64SL1_UIOFGRO0_USFGROn1_VAW1_VSn1_VW2_VWB2_VFLRP0_WSGRA0_WSGRB0_WS32_WG16_16_1_WGM8_WGMTB

reject: ThreadTile0 4 or ThreadTile1 2 not a multiple of VectorWidth 4
rejecting solution 
Cijk_Alik_Bljk_I8II_BH_GB_MT64x32x8_SN_1LDSB0_APM1_AAIGTEn1_AAILTEn1_AAV0_ABV0_ACED0_AF0EM1_AF1EM1_AMASn1_ASE_ASGT_ASLT_ASM_ASAE01_ASBE01_ASCE01_ASDE01_ASEM1_AAC0_BL1_BS1_C
UM0_CDO0_CTDA0_CLR0_DSK0_DRA0_DU8_DULD1_DTLA0_DTLB0_DTVA0_DTVB0_DAF0_DKP0_DVO0_ETSP_EPS1_ELFLR0_EMLL0_FSSC10_F16AI0_F16AIR0_FL0_GLVWA4_GLVWB4_GR2A1_GR2B1_GRCGA1_GRCGB1_GRCV
A1_GRCVB1_GRPM1_GRVW4_GSU1_GSUASB_GSUAA0_GSUSARR1_GSUWGMRR0_GLS0_ISA1201_IU1_IA0_KLA_LEL0_LBSPPAn1_LBSPPBn1_LPAn1_LPBn1_LDL1_LR2A1_LR2B1_LRVWn1_LW2A1_LW2B1_LWPMn1_LDW0_LT1_
FMA_MIAV0_MTSM64_MTSM1_MDA2_MI_MO40_MVN256_MMFSC_MKFGSU256_MVN0_NR0_NTA0_NTB0_NTC0_NTD0_NEPBS0_NLCA1_NLCB1_ONLL1_OPLV0_PBD0_PFD1_PG2_PSD0_PSLn1_PWCn1_PWLn1_PK0_PKAB0_PAP0_P
APM0_PGR1_PLR1_PKA0_RK0_SGR1_SIA1_SLW1_SS0_SU0_SUM0_SUS0_SCIU0_SCIUE0_SCIUI1_SCIUPL0_SPO0_SRVW0_SSO0_SVWn1_SK0_SKA0_SKXCCM0_SNLL0_TSGRA0_TSGRB0_TT4_2_TLDS0_UIIDU0_UMLDSA0_U
MLDSB0_UMF0_U64SL1_UIOFGRO0_USFGROn1_VAWn1_VSn1_VW4_VWBn1_VFLRP0_WSGRA0_WSGRB0_WS32_WG16_16_1_WGM8_WGMTB

reject: VectorWidth must be >= 4 for Int8 or 8bitFloat

reject: Int8 requires GLVWA >= 4, current is 2

reject: Int8 requires GLVWB >= 4, current is 1
rejecting solution 
Cijk_Alik_Bljk_I8II_BH_GB_MT64x32x8_SN_1LDSB0_APM1_AAIGTEn1_AAILTEn1_AAV0_ABV0_ACED0_AF0EM1_AF1EM1_AMAS0_ASE_ASGT_ASLT_ASM_ASAE01_ASBE01_ASCE01_ASDE01_ASEM1_AAC0_BL1_BS1_CU
M0_CDO0_CTDA0_CLR0_DSK0_DRA0_DU8_DULD1_DTLA0_DTLB0_DTVA0_DTVB0_DAF0_DKP0_DVO0_ETSP_EPS1_ELFLR0_EMLL0_FSSC10_F16AI0_F16AIR0_FL0_GLVWA2_GLVWB1_GR2A1_GR2B1_GRCGA1_GRCGB1_GRCVA
1_GRCVB1_GRPM1_GRVW8_GSU1_GSUASB_GSUAA0_GSUSARR1_GSUWGMRR0_GLS0_ISA1201_IU1_IA0_KLA_LEL0_LBSPPA0_LBSPPB0_LPA1_LPB1_LDL1_LR2A1_LR2B1_LRVW1_LW2A1_LW2B1_LWPMn1_LDW0_LT1_FMA_MI
AV0_MTSM64_MTSM1_MDA2_MI_MO40_MVN256_MMFSC_MKFGSU256_MVN0_NR0_NTA0_NTB0_NTC0_NTD0_NEPBS0_NLCA1_NLCB1_ONLL1_OPLV0_PBD0_PFD1_PG2_PSD0_PSLn1_PWCn1_PWLn1_PK0_PKAB0_PAP0_PAPM0_P
GR1_PLR1_PKA0_RK0_SGR1_SIA1_SLW1_SS0_SU0_SUM0_SUS0_SCIU0_SCIUE0_SCIUI1_SCIUPL0_SPO0_SRVW0_SSO0_SVW4_SK0_SKA0_SKXCCM0_SNLL0_TSGRA0_TSGRB0_TT4_2_TLDS0_UIIDU0_UMLDSA0_UMLDSB0_
UMF0_U64SL1_UIOFGRO0_USFGROn1_VAW1_VSn1_VW1_VWB1_VFLRP0_WSGRA0_WSGRB0_WS32_WG16_16_1_WGM8_WGMTB

reject: VectorWidth must be >= 4 for Int8 or 8bitFloat

reject: Int8 requires GLVWA >= 4, current is 2

reject: Int8 requires GLVWB >= 4, current is 1
rejecting solution 
Cijk_Alik_Bljk_I8II_BH_GB_MT64x32x8_SN_1LDSB0_APM1_AAIGTEn1_AAILTEn1_AAV0_ABV0_ACED0_AF0EM1_AF1EM1_AMAS3_ASE_ASGT_ASLT_ASM_ASAE01_ASBE01_ASCE01_ASDE01_ASEM1_AAC0_BL1_BS1_CU
M0_CDO0_CTDA0_CLR0_DSK0_DRA0_DU8_DULD1_DTLA0_DTLB0_DTVA0_DTVB0_DAF0_DKP0_DVO0_ETSP_EPS1_ELFLR0_EMLL0_FSSC10_F16AI0_F16AIR0_FL0_GLVWA2_GLVWB1_GR2A1_GR2B1_GRCGA1_GRCGB1_GRCVA
1_GRCVB1_GRPM1_GRVW8_GSU1_GSUASB_GSUAA0_GSUSARR1_GSUWGMRR0_GLS0_ISA1201_IU1_IA0_KLA_LEL0_LBSPPA0_LBSPPB0_LPA2_LPB2_LDL1_LR2A1_LR2B1_LRVW2_LW2A1_LW2B1_LWPMn1_LDW0_LT1_FMA_MI
AV0_MTSM64_MTSM1_MDA2_MI_MO40_MVN256_MMFSC_MKFGSU256_MVN0_NR0_NTA0_NTB0_NTC0_NTD0_NEPBS0_NLCA1_NLCB1_ONLL1_OPLV0_PBD0_PFD1_PG2_PSD0_PSLn1_PWCn1_PWLn1_PK0_PKAB0_PAP0_PAPM0_P
GR1_PLR1_PKA0_RK0_SGR1_SIA1_SLW1_SS0_SU0_SUM0_SUS0_SCIU0_SCIUE0_SCIUI1_SCIUPL0_SPO0_SRVW0_SSO0_SVW4_SK0_SKA0_SKXCCM0_SNLL0_TSGRA0_TSGRB0_TT4_2_TLDS0_UIIDU0_UMLDSA0_UMLDSB0_
UMF0_U64SL1_UIOFGRO0_USFGROn1_VAW1_VSn1_VW2_VWB2_VFLRP0_WSGRA0_WSGRB0_WS32_WG16_16_1_WGM8_WGMTB

reject: ThreadTile0 4 or ThreadTile1 2 not a multiple of VectorWidth 4
rejecting solution 
Cijk_Alik_Bljk_I8II_BH_GB_MT64x32x8_SN_1LDSB0_APM1_AAIGTEn1_AAILTEn1_AAV0_ABV0_ACED0_AF0EM1_AF1EM1_AMASn1_ASE_ASGT_ASLT_ASM_ASAE01_ASBE01_ASCE01_ASDE01_ASEM1_AAC0_BL1_BS1_C
UM0_CDO0_CTDA0_CLR0_DSK0_DRA0_DU8_DULD1_DTLA0_DTLB0_DTVA0_DTVB0_DAF0_DKP0_DVO0_ETSP_EPS1_ELFLR0_EMLL0_FSSC10_F16AI0_F16AIR0_FL0_GLVWA8_GLVWB8_GR2A1_GR2B1_GRCGA1_GRCGB1_GRCV
A1_GRCVB1_GRPM1_GRVW8_GSU1_GSUASB_GSUAA0_GSUSARR1_GSUWGMRR0_GLS0_ISA1201_IU1_IA0_KLA_LEL0_LBSPPAn1_LBSPPBn1_LPAn1_LPBn1_LDL1_LR2A1_LR2B1_LRVWn1_LW2A1_LW2B1_LWPMn1_LDW0_LT1_
FMA_MIAV0_MTSM64_MTSM1_MDA2_MI_MO40_MVN256_MMFSC_MKFGSU256_MVN0_NR0_NTA0_NTB0_NTC0_NTD0_NEPBS0_NLCA1_NLCB1_ONLL1_OPLV0_PBD0_PFD1_PG2_PSD0_PSLn1_PWCn1_PWLn1_PK0_PKAB0_PAP0_P
APM0_PGR1_PLR1_PKA0_RK0_SGR1_SIA1_SLW1_SS0_SU0_SUM0_SUS0_SCIU0_SCIUE0_SCIUI1_SCIUPL0_SPO0_SRVW0_SSO0_SVWn1_SK0_SKA0_SKXCCM0_SNLL0_TSGRA0_TSGRB0_TT4_2_TLDS0_UIIDU0_UMLDSA0_U
MLDSB0_UMF0_U64SL1_UIOFGRO0_USFGROn1_VAWn1_VSn1_VW4_VWBn1_VFLRP0_WSGRA0_WSGRB0_WS32_WG16_16_1_WGM8_WGMTB

reject: VectorWidth must be >= 4 for Int8 or 8bitFloat

reject: Int8 requires GLVWA >= 4, current is 2

reject: Int8 requires GLVWB >= 4, current is 1
rejecting solution 
Cijk_Alik_Bljk_I8II_BH_GB_MT64x32x8_SN_1LDSB0_APM1_AAIGTEn1_AAILTEn1_AAV0_ABV0_ACED0_AF0EM1_AF1EM1_AMAS0_ASE_ASGT_ASLT_ASM_ASAE01_ASBE01_ASCE01_ASDE01_ASEM1_AAC0_BL1_BS1_CU
M0_CDO0_CTDA0_CLR0_DSK0_DRA0_DU8_DULD1_DTLA0_DTLB0_DTVA0_DTVB0_DAF0_DKP0_DVO0_ETSP_EPS1_ELFLR0_EMLL0_FSSC10_F16AI0_F16AIR0_FL0_GLVWA2_GLVWB1_GR2A1_GR2B1_GRCGA1_GRCGB1_GRCVA
1_GRCVB1_GRPM1_GRVW16_GSU1_GSUASB_GSUAA0_GSUSARR1_GSUWGMRR0_GLS0_ISA1201_IU1_IA0_KLA_LEL0_LBSPPA0_LBSPPB0_LPA1_LPB1_LDL1_LR2A1_LR2B1_LRVW1_LW2A1_LW2B1_LWPMn1_LDW0_LT1_FMA_M
IAV0_MTSM64_MTSM1_MDA2_MI_MO40_MVN256_MMFSC_MKFGSU256_MVN0_NR0_NTA0_NTB0_NTC0_NTD0_NEPBS0_NLCA1_NLCB1_ONLL1_OPLV0_PBD0_PFD1_PG2_PSD0_PSLn1_PWCn1_PWLn1_PK0_PKAB0_PAP0_PAPM0_
PGR1_PLR1_PKA0_RK0_SGR1_SIA1_SLW1_SS0_SU0_SUM0_SUS0_SCIU0_SCIUE0_SCIUI1_SCIUPL0_SPO0_SRVW0_SSO0_SVW4_SK0_SKA0_SKXCCM0_SNLL0_TSGRA0_TSGRB0_TT4_2_TLDS0_UIIDU0_UMLDSA0_UMLDSB0
_UMF0_U64SL1_UIOFGRO0_USFGROn1_VAW1_VSn1_VW1_VWB1_VFLRP0_WSGRA0_WSGRB0_WS32_WG16_16_1_WGM8_WGMTB

reject: VectorWidth must be >= 4 for Int8 or 8bitFloat

reject: Int8 requires GLVWA >= 4, current is 2

reject: Int8 requires GLVWB >= 4, current is 1
rejecting solution 
Cijk_Alik_Bljk_I8II_BH_GB_MT64x32x8_SN_1LDSB0_APM1_AAIGTEn1_AAILTEn1_AAV0_ABV0_ACED0_AF0EM1_AF1EM1_AMAS3_ASE_ASGT_ASLT_ASM_ASAE01_ASBE01_ASCE01_ASDE01_ASEM1_AAC0_BL1_BS1_CU
M0_CDO0_CTDA0_CLR0_DSK0_DRA0_DU8_DULD1_DTLA0_DTLB0_DTVA0_DTVB0_DAF0_DKP0_DVO0_ETSP_EPS1_ELFLR0_EMLL0_FSSC10_F16AI0_F16AIR0_FL0_GLVWA2_GLVWB1_GR2A1_GR2B1_GRCGA1_GRCGB1_GRCVA
1_GRCVB1_GRPM1_GRVW16_GSU1_GSUASB_GSUAA0_GSUSARR1_GSUWGMRR0_GLS0_ISA1201_IU1_IA0_KLA_LEL0_LBSPPA0_LBSPPB0_LPA2_LPB2_LDL1_LR2A1_LR2B1_LRVW2_LW2A1_LW2B1_LWPMn1_LDW0_LT1_FMA_M
IAV0_MTSM64_MTSM1_MDA2_MI_MO40_MVN256_MMFSC_MKFGSU256_MVN0_NR0_NTA0_NTB0_NTC0_NTD0_NEPBS0_NLCA1_NLCB1_ONLL1_OPLV0_PBD0_PFD1_PG2_PSD0_PSLn1_PWCn1_PWLn1_PK0_PKAB0_PAP0_PAPM0_
PGR1_PLR1_PKA0_RK0_SGR1_SIA1_SLW1_SS0_SU0_SUM0_SUS0_SCIU0_SCIUE0_SCIUI1_SCIUPL0_SPO0_SRVW0_SSO0_SVW4_SK0_SKA0_SKXCCM0_SNLL0_TSGRA0_TSGRB0_TT4_2_TLDS0_UIIDU0_UMLDSA0_UMLDSB0
_UMF0_U64SL1_UIOFGRO0_USFGROn1_VAW1_VSn1_VW2_VWB2_VFLRP0_WSGRA0_WSGRB0_WS32_WG16_16_1_WGM8_WGMTB

reject: ThreadTile0 4 or ThreadTile1 2 not a multiple of VectorWidth 4
rejecting solution 
Cijk_Alik_Bljk_I8II_BH_GB_MT64x32x8_SN_1LDSB0_APM1_AAIGTEn1_AAILTEn1_AAV0_ABV0_ACED0_AF0EM1_AF1EM1_AMASn1_ASE_ASGT_ASLT_ASM_ASAE01_ASBE01_ASCE01_ASDE01_ASEM1_AAC0_BL1_BS1_C
UM0_CDO0_CTDA0_CLR0_DSK0_DRA0_DU8_DULD1_DTLA0_DTLB0_DTVA0_DTVB0_DAF0_DKP0_DVO0_ETSP_EPS1_ELFLR0_EMLL0_FSSC10_F16AI0_F16AIR0_FL0_GLVWA16_GLVWB16_GR2A1_GR2B1_GRCGA1_GRCGB1_GR
CVA1_GRCVB1_GRPM1_GRVW16_GSU1_GSUASB_GSUAA0_GSUSARR1_GSUWGMRR0_GLS0_ISA1201_IU1_IA0_KLA_LEL0_LBSPPAn1_LBSPPBn1_LPAn1_LPBn1_LDL1_LR2A1_LR2B1_LRVWn1_LW2A1_LW2B1_LWPMn1_LDW0_L
T1_FMA_MIAV0_MTSM64_MTSM1_MDA2_MI_MO40_MVN256_MMFSC_MKFGSU256_MVN0_NR0_NTA0_NTB0_NTC0_NTD0_NEPBS0_NLCA1_NLCB1_ONLL1_OPLV0_PBD0_PFD1_PG2_PSD0_PSLn1_PWCn1_PWLn1_PK0_PKAB0_PAP
0_PAPM0_PGR1_PLR1_PKA0_RK0_SGR1_SIA1_SLW1_SS0_SU0_SUM0_SUS0_SCIU0_SCIUE0_SCIUI1_SCIUPL0_SPO0_SRVW0_SSO0_SVWn1_SK0_SKA0_SKXCCM0_SNLL0_TSGRA0_TSGRB0_TT4_2_TLDS0_UIIDU0_UMLDSA
0_UMLDSB0_UMF0_U64SL1_UIOFGRO0_USFGROn1_VAWn1_VSn1_VW4_VWBn1_VFLRP0_WSGRA0_WSGRB0_WS32_WG16_16_1_WGM8_WGMTB

reject: VectorWidth must be >= 4 for Int8 or 8bitFloat

reject: Int8 requires GLVWA >= 4, current is 2

reject: Int8 requires GLVWB >= 4, current is 1
rejecting solution 
Cijk_Alik_Bljk_I8II_BH_GB_MT64x32x8_SN_1LDSB0_APM1_AAIGTEn1_AAILTEn1_AAV0_ABV0_ACED0_AF0EM1_AF1EM1_AMAS0_ASE_ASGT_ASLT_ASM_ASAE01_ASBE01_ASCE01_ASDE01_ASEM1_AAC0_BL1_BS1_CU
M0_CDO0_CTDA0_CLR0_DSK0_DRA0_DU8_DULD1_DTLA0_DTLB0_DTVA0_DTVB0_DAF0_DKP0_DVO0_ETSP_EPS1_ELFLR0_EMLL0_FSSC10_F16AI0_F16AIR0_FL0_GLVWA2_GLVWB1_GR2A1_GR2B1_GRCGA1_GRCGB1_GRCVA
1_GRCVB1_GRPM1_GRVW4_GSU1_GSUASB_GSUAA0_GSUSARR1_GSUWGMRR0_GLS0_ISA1201_IU1_IA0_KLA_LEL0_LBSPPA0_LBSPPB0_LPA1_LPB1_LDL1_LR2A1_LR2B1_LRVW1_LW2A1_LW2B1_LWPMn1_LDW0_LT1_FMA_MI
AV0_MTSM64_MTSM1_MDA2_MI_MO40_MVN256_MMFSC_MKFGSU256_MVN0_NR0_NTA0_NTB0_NTC0_NTD0_NEPBS0_NLCA1_NLCB1_ONLL1_OPLV0_PBD0_PFD1_PG2_PSD0_PSLn1_PWCn1_PWLn1_PK0_PKAB0_PAP0_PAPM0_P
GR1_PLR1_PKA0_RK0_SGR1_SIA1_SLW1_SS0_SU32_SUM0_SUS256_SCIU0_SCIUE0_SCIUI1_SCIUPL0_SPO0_SRVW0_SSO0_SVW4_SK0_SKA0_SKXCCM0_SNLL0_TSGRA0_TSGRB0_TT4_2_TLDS0_UIIDU0_UMLDSA0_UMLDS
B0_UMF0_U64SL1_UIOFGRO0_USFGROn1_VAW1_VSn1_VW1_VWB1_VFLRP0_WSGRA0_WSGRB0_WS32_WG16_16_1_WGM8_WGMTB

reject: VectorWidth must be >= 4 for Int8 or 8bitFloat

reject: Int8 requires GLVWA >= 4, current is 2

reject: Int8 requires GLVWB >= 4, current is 1
rejecting solution 
Cijk_Alik_Bljk_I8II_BH_GB_MT64x32x8_SN_1LDSB0_APM1_AAIGTEn1_AAILTEn1_AAV0_ABV0_ACED0_AF0EM1_AF1EM1_AMAS3_ASE_ASGT_ASLT_ASM_ASAE01_ASBE01_ASCE01_ASDE01_ASEM1_AAC0_BL1_BS1_CU
M0_CDO0_CTDA0_CLR0_DSK0_DRA0_DU8_DULD1_DTLA0_DTLB0_DTVA0_DTVB0_DAF0_DKP0_DVO0_ETSP_EPS1_ELFLR0_EMLL0_FSSC10_F16AI0_F16AIR0_FL0_GLVWA2_GLVWB1_GR2A1_GR2B1_GRCGA1_GRCGB1_GRCVA
1_GRCVB1_GRPM1_GRVW4_GSU1_GSUASB_GSUAA0_GSUSARR1_GSUWGMRR0_GLS0_ISA1201_IU1_IA0_KLA_LEL0_LBSPPA0_LBSPPB0_LPA2_LPB2_LDL1_LR2A1_LR2B1_LRVW2_LW2A1_LW2B1_LWPMn1_LDW0_LT1_FMA_MI
AV0_MTSM64_MTSM1_MDA2_MI_MO40_MVN256_MMFSC_MKFGSU256_MVN0_NR0_NTA0_NTB0_NTC0_NTD0_NEPBS0_NLCA1_NLCB1_ONLL1_OPLV0_PBD0_PFD1_PG2_PSD0_PSLn1_PWCn1_PWLn1_PK0_PKAB0_PAP0_PAPM0_P
GR1_PLR1_PKA0_RK0_SGR1_SIA1_SLW1_SS0_SU32_SUM0_SUS256_SCIU0_SCIUE0_SCIUI1_SCIUPL0_SPO0_SRVW0_SSO0_SVW4_SK0_SKA0_SKXCCM0_SNLL0_TSGRA0_TSGRB0_TT4_2_TLDS0_UIIDU0_UMLDSA0_UMLDS
B0_UMF0_U64SL1_UIOFGRO0_USFGROn1_VAW1_VSn1_VW2_VWB2_VFLRP0_WSGRA0_WSGRB0_WS32_WG16_16_1_WGM8_WGMTB

reject: ThreadTile0 4 or ThreadTile1 2 not a multiple of VectorWidth 4
rejecting solution 
Cijk_Alik_Bljk_I8II_BH_GB_MT64x32x8_SN_1LDSB0_APM1_AAIGTEn1_AAILTEn1_AAV0_ABV0_ACED0_AF0EM1_AF1EM1_AMASn1_ASE_ASGT_ASLT_ASM_ASAE01_ASBE01_ASCE01_ASDE01_ASEM1_AAC0_BL1_BS1_C
UM0_CDO0_CTDA0_CLR0_DSK0_DRA0_DU8_DULD1_DTLA0_DTLB0_DTVA0_DTVB0_DAF0_DKP0_DVO0_ETSP_EPS1_ELFLR0_EMLL0_FSSC10_F16AI0_F16AIR0_FL0_GLVWA4_GLVWB4_GR2A1_GR2B1_GRCGA1_GRCGB1_GRCV
A1_GRCVB1_GRPM1_GRVW4_GSU1_GSUASB_GSUAA0_GSUSARR1_GSUWGMRR0_GLS0_ISA1201_IU1_IA0_KLA_LEL0_LBSPPAn1_LBSPPBn1_LPAn1_LPBn1_LDL1_LR2A1_LR2B1_LRVWn1_LW2A1_LW2B1_LWPMn1_LDW0_LT1_
FMA_MIAV0_MTSM64_MTSM1_MDA2_MI_MO40_MVN256_MMFSC_MKFGSU256_MVN0_NR0_NTA0_NTB0_NTC0_NTD0_NEPBS0_NLCA1_NLCB1_ONLL1_OPLV0_PBD0_PFD1_PG2_PSD0_PSLn1_PWCn1_PWLn1_PK0_PKAB0_PAP0_P
APM0_PGR1_PLR1_PKA0_RK0_SGR1_SIA1_SLW1_SS0_SU32_SUM0_SUS256_SCIU0_SCIUE0_SCIUI1_SCIUPL0_SPO0_SRVW0_SSO0_SVWn1_SK0_SKA0_SKXCCM0_SNLL0_TSGRA0_TSGRB0_TT4_2_TLDS0_UIIDU0_UMLDSA
0_UMLDSB0_UMF0_U64SL1_UIOFGRO0_USFGROn1_VAWn1_VSn1_VW4_VWBn1_VFLRP0_WSGRA0_WSGRB0_WS32_WG16_16_1_WGM8_WGMTB

reject: VectorWidth must be >= 4 for Int8 or 8bitFloat

reject: Int8 requires GLVWA >= 4, current is 2

reject: Int8 requires GLVWB >= 4, current is 1
rejecting solution 
Cijk_Alik_Bljk_I8II_BH_GB_MT64x32x8_SN_1LDSB0_APM1_AAIGTEn1_AAILTEn1_AAV0_ABV0_ACED0_AF0EM1_AF1EM1_AMAS0_ASE_ASGT_ASLT_ASM_ASAE01_ASBE01_ASCE01_ASDE01_ASEM1_AAC0_BL1_BS1_CU
M0_CDO0_CTDA0_CLR0_DSK0_DRA0_DU8_DULD1_DTLA0_DTLB0_DTVA0_DTVB0_DAF0_DKP0_DVO0_ETSP_EPS1_ELFLR0_EMLL0_FSSC10_F16AI0_F16AIR0_FL0_GLVWA2_GLVWB1_GR2A1_GR2B1_GRCGA1_GRCGB1_GRCVA
1_GRCVB1_GRPM1_GRVW8_GSU1_GSUASB_GSUAA0_GSUSARR1_GSUWGMRR0_GLS0_ISA1201_IU1_IA0_KLA_LEL0_LBSPPA0_LBSPPB0_LPA1_LPB1_LDL1_LR2A1_LR2B1_LRVW1_LW2A1_LW2B1_LWPMn1_LDW0_LT1_FMA_MI
AV0_MTSM64_MTSM1_MDA2_MI_MO40_MVN256_MMFSC_MKFGSU256_MVN0_NR0_NTA0_NTB0_NTC0_NTD0_NEPBS0_NLCA1_NLCB1_ONLL1_OPLV0_PBD0_PFD1_PG2_PSD0_PSLn1_PWCn1_PWLn1_PK0_PKAB0_PAP0_PAPM0_P
GR1_PLR1_PKA0_RK0_SGR1_SIA1_SLW1_SS0_SU32_SUM0_SUS256_SCIU0_SCIUE0_SCIUI1_SCIUPL0_SPO0_SRVW0_SSO0_SVW4_SK0_SKA0_SKXCCM0_SNLL0_TSGRA0_TSGRB0_TT4_2_TLDS0_UIIDU0_UMLDSA0_UMLDS
B0_UMF0_U64SL1_UIOFGRO0_USFGROn1_VAW1_VSn1_VW1_VWB1_VFLRP0_WSGRA0_WSGRB0_WS32_WG16_16_1_WGM8_WGMTB

reject: VectorWidth must be >= 4 for Int8 or 8bitFloat

reject: Int8 requires GLVWA >= 4, current is 2

reject: Int8 requires GLVWB >= 4, current is 1
rejecting solution 
Cijk_Alik_Bljk_I8II_BH_GB_MT64x32x8_SN_1LDSB0_APM1_AAIGTEn1_AAILTEn1_AAV0_ABV0_ACED0_AF0EM1_AF1EM1_AMAS3_ASE_ASGT_ASLT_ASM_ASAE01_ASBE01_ASCE01_ASDE01_ASEM1_AAC0_BL1_BS1_CU
M0_CDO0_CTDA0_CLR0_DSK0_DRA0_DU8_DULD1_DTLA0_DTLB0_DTVA0_DTVB0_DAF0_DKP0_DVO0_ETSP_EPS1_ELFLR0_EMLL0_FSSC10_F16AI0_F16AIR0_FL0_GLVWA2_GLVWB1_GR2A1_GR2B1_GRCGA1_GRCGB1_GRCVA
1_GRCVB1_GRPM1_GRVW8_GSU1_GSUASB_GSUAA0_GSUSARR1_GSUWGMRR0_GLS0_ISA1201_IU1_IA0_KLA_LEL0_LBSPPA0_LBSPPB0_LPA2_LPB2_LDL1_LR2A1_LR2B1_LRVW2_LW2A1_LW2B1_LWPMn1_LDW0_LT1_FMA_MI
AV0_MTSM64_MTSM1_MDA2_MI_MO40_MVN256_MMFSC_MKFGSU256_MVN0_NR0_NTA0_NTB0_NTC0_NTD0_NEPBS0_NLCA1_NLCB1_ONLL1_OPLV0_PBD0_PFD1_PG2_PSD0_PSLn1_PWCn1_PWLn1_PK0_PKAB0_PAP0_PAPM0_P
GR1_PLR1_PKA0_RK0_SGR1_SIA1_SLW1_SS0_SU32_SUM0_SUS256_SCIU0_SCIUE0_SCIUI1_SCIUPL0_SPO0_SRVW0_SSO0_SVW4_SK0_SKA0_SKXCCM0_SNLL0_TSGRA0_TSGRB0_TT4_2_TLDS0_UIIDU0_UMLDSA0_UMLDS
B0_UMF0_U64SL1_UIOFGRO0_USFGROn1_VAW1_VSn1_VW2_VWB2_VFLRP0_WSGRA0_WSGRB0_WS32_WG16_16_1_WGM8_WGMTB

reject: ThreadTile0 4 or ThreadTile1 2 not a multiple of VectorWidth 4
rejecting solution 
Cijk_Alik_Bljk_I8II_BH_GB_MT64x32x8_SN_1LDSB0_APM1_AAIGTEn1_AAILTEn1_AAV0_ABV0_ACED0_AF0EM1_AF1EM1_AMASn1_ASE_ASGT_ASLT_ASM_ASAE01_ASBE01_ASCE01_ASDE01_ASEM1_AAC0_BL1_BS1_C
UM0_CDO0_CTDA0_CLR0_DSK0_DRA0_DU8_DULD1_DTLA0_DTLB0_DTVA0_DTVB0_DAF0_DKP0_DVO0_ETSP_EPS1_ELFLR0_EMLL0_FSSC10_F16AI0_F16AIR0_FL0_GLVWA8_GLVWB8_GR2A1_GR2B1_GRCGA1_GRCGB1_GRCV
A1_GRCVB1_GRPM1_GRVW8_GSU1_GSUASB_GSUAA0_GSUSARR1_GSUWGMRR0_GLS0_ISA1201_IU1_IA0_KLA_LEL0_LBSPPAn1_LBSPPBn1_LPAn1_LPBn1_LDL1_LR2A1_LR2B1_LRVWn1_LW2A1_LW2B1_LWPMn1_LDW0_LT1_
FMA_MIAV0_MTSM64_MTSM1_MDA2_MI_MO40_MVN256_MMFSC_MKFGSU256_MVN0_NR0_NTA0_NTB0_NTC0_NTD0_NEPBS0_NLCA1_NLCB1_ONLL1_OPLV0_PBD0_PFD1_PG2_PSD0_PSLn1_PWCn1_PWLn1_PK0_PKAB0_PAP0_P
APM0_PGR1_PLR1_PKA0_RK0_SGR1_SIA1_SLW1_SS0_SU32_SUM0_SUS256_SCIU0_SCIUE0_SCIUI1_SCIUPL0_SPO0_SRVW0_SSO0_SVWn1_SK0_SKA0_SKXCCM0_SNLL0_TSGRA0_TSGRB0_TT4_2_TLDS0_UIIDU0_UMLDSA
0_UMLDSB0_UMF0_U64SL1_UIOFGRO0_USFGROn1_VAWn1_VSn1_VW4_VWBn1_VFLRP0_WSGRA0_WSGRB0_WS32_WG16_16_1_WGM8_WGMTB

reject: VectorWidth must be >= 4 for Int8 or 8bitFloat

reject: Int8 requires GLVWA >= 4, current is 2

reject: Int8 requires GLVWB >= 4, current is 1
rejecting solution 
Cijk_Alik_Bljk_I8II_BH_GB_MT64x32x8_SN_1LDSB0_APM1_AAIGTEn1_AAILTEn1_AAV0_ABV0_ACED0_AF0EM1_AF1EM1_AMAS0_ASE_ASGT_ASLT_ASM_ASAE01_ASBE01_ASCE01_ASDE01_ASEM1_AAC0_BL1_BS1_CU
M0_CDO0_CTDA0_CLR0_DSK0_DRA0_DU8_DULD1_DTLA0_DTLB0_DTVA0_DTVB0_DAF0_DKP0_DVO0_ETSP_EPS1_ELFLR0_EMLL0_FSSC10_F16AI0_F16AIR0_FL0_GLVWA2_GLVWB1_GR2A1_GR2B1_GRCGA1_GRCGB1_GRCVA
1_GRCVB1_GRPM1_GRVW16_GSU1_GSUASB_GSUAA0_GSUSARR1_GSUWGMRR0_GLS0_ISA1201_IU1_IA0_KLA_LEL0_LBSPPA0_LBSPPB0_LPA1_LPB1_LDL1_LR2A1_LR2B1_LRVW1_LW2A1_LW2B1_LWPMn1_LDW0_LT1_FMA_M
IAV0_MTSM64_MTSM1_MDA2_MI_MO40_MVN256_MMFSC_MKFGSU256_MVN0_NR0_NTA0_NTB0_NTC0_NTD0_NEPBS0_NLCA1_NLCB1_ONLL1_OPLV0_PBD0_PFD1_PG2_PSD0_PSLn1_PWCn1_PWLn1_PK0_PKAB0_PAP0_PAPM0_
PGR1_PLR1_PKA0_RK0_SGR1_SIA1_SLW1_SS0_SU32_SUM0_SUS256_SCIU0_SCIUE0_SCIUI1_SCIUPL0_SPO0_SRVW0_SSO0_SVW4_SK0_SKA0_SKXCCM0_SNLL0_TSGRA0_TSGRB0_TT4_2_TLDS0_UIIDU0_UMLDSA0_UMLD
SB0_UMF0_U64SL1_UIOFGRO0_USFGROn1_VAW1_VSn1_VW1_VWB1_VFLRP0_WSGRA0_WSGRB0_WS32_WG16_16_1_WGM8_WGMTB

reject: VectorWidth must be >= 4 for Int8 or 8bitFloat

reject: Int8 requires GLVWA >= 4, current is 2

reject: Int8 requires GLVWB >= 4, current is 1
rejecting solution 
Cijk_Alik_Bljk_I8II_BH_GB_MT64x32x8_SN_1LDSB0_APM1_AAIGTEn1_AAILTEn1_AAV0_ABV0_ACED0_AF0EM1_AF1EM1_AMAS3_ASE_ASGT_ASLT_ASM_ASAE01_ASBE01_ASCE01_ASDE01_ASEM1_AAC0_BL1_BS1_CU
M0_CDO0_CTDA0_CLR0_DSK0_DRA0_DU8_DULD1_DTLA0_DTLB0_DTVA0_DTVB0_DAF0_DKP0_DVO0_ETSP_EPS1_ELFLR0_EMLL0_FSSC10_F16AI0_F16AIR0_FL0_GLVWA2_GLVWB1_GR2A1_GR2B1_GRCGA1_GRCGB1_GRCVA
1_GRCVB1_GRPM1_GRVW16_GSU1_GSUASB_GSUAA0_GSUSARR1_GSUWGMRR0_GLS0_ISA1201_IU1_IA0_KLA_LEL0_LBSPPA0_LBSPPB0_LPA2_LPB2_LDL1_LR2A1_LR2B1_LRVW2_LW2A1_LW2B1_LWPMn1_LDW0_LT1_FMA_M
IAV0_MTSM64_MTSM1_MDA2_MI_MO40_MVN256_MMFSC_MKFGSU256_MVN0_NR0_NTA0_NTB0_NTC0_NTD0_NEPBS0_NLCA1_NLCB1_ONLL1_OPLV0_PBD0_PFD1_PG2_PSD0_PSLn1_PWCn1_PWLn1_PK0_PKAB0_PAP0_PAPM0_
PGR1_PLR1_PKA0_RK0_SGR1_SIA1_SLW1_SS0_SU32_SUM0_SUS256_SCIU0_SCIUE0_SCIUI1_SCIUPL0_SPO0_SRVW0_SSO0_SVW4_SK0_SKA0_SKXCCM0_SNLL0_TSGRA0_TSGRB0_TT4_2_TLDS0_UIIDU0_UMLDSA0_UMLD
SB0_UMF0_U64SL1_UIOFGRO0_USFGROn1_VAW1_VSn1_VW2_VWB2_VFLRP0_WSGRA0_WSGRB0_WS32_WG16_16_1_WGM8_WGMTB

reject: ThreadTile0 4 or ThreadTile1 2 not a multiple of VectorWidth 4
rejecting solution 
Cijk_Alik_Bljk_I8II_BH_GB_MT64x32x8_SN_1LDSB0_APM1_AAIGTEn1_AAILTEn1_AAV0_ABV0_ACED0_AF0EM1_AF1EM1_AMASn1_ASE_ASGT_ASLT_ASM_ASAE01_ASBE01_ASCE01_ASDE01_ASEM1_AAC0_BL1_BS1_C
UM0_CDO0_CTDA0_CLR0_DSK0_DRA0_DU8_DULD1_DTLA0_DTLB0_DTVA0_DTVB0_DAF0_DKP0_DVO0_ETSP_EPS1_ELFLR0_EMLL0_FSSC10_F16AI0_F16AIR0_FL0_GLVWA16_GLVWB16_GR2A1_GR2B1_GRCGA1_GRCGB1_GR
CVA1_GRCVB1_GRPM1_GRVW16_GSU1_GSUASB_GSUAA0_GSUSARR1_GSUWGMRR0_GLS0_ISA1201_IU1_IA0_KLA_LEL0_LBSPPAn1_LBSPPBn1_LPAn1_LPBn1_LDL1_LR2A1_LR2B1_LRVWn1_LW2A1_LW2B1_LWPMn1_LDW0_L
T1_FMA_MIAV0_MTSM64_MTSM1_MDA2_MI_MO40_MVN256_MMFSC_MKFGSU256_MVN0_NR0_NTA0_NTB0_NTC0_NTD0_NEPBS0_NLCA1_NLCB1_ONLL1_OPLV0_PBD0_PFD1_PG2_PSD0_PSLn1_PWCn1_PWLn1_PK0_PKAB0_PAP
0_PAPM0_PGR1_PLR1_PKA0_RK0_SGR1_SIA1_SLW1_SS0_SU32_SUM0_SUS256_SCIU0_SCIUE0_SCIUI1_SCIUPL0_SPO0_SRVW0_SSO0_SVWn1_SK0_SKA0_SKXCCM0_SNLL0_TSGRA0_TSGRB0_TT4_2_TLDS0_UIIDU0_UML
DSA0_UMLDSB0_UMF0_U64SL1_UIOFGRO0_USFGROn1_VAWn1_VSn1_VW4_VWBn1_VFLRP0_WSGRA0_WSGRB0_WS32_WG16_16_1_WGM8_WGMTB

reject: VectorWidth must be >= 4 for Int8 or 8bitFloat

reject: Int8 requires GLVWA >= 4, current is 1

reject: Int8 requires GLVWB >= 4, current is 2
rejecting solution 
Cijk_Alik_Bljk_I8II_BH_GB_MT32x64x8_SN_1LDSB0_APM1_AAIGTEn1_AAILTEn1_AAV0_ABV0_ACED0_AF0EM1_AF1EM1_AMAS0_ASE_ASGT_ASLT_ASM_ASAE01_ASBE01_ASCE01_ASDE01_ASEM1_AAC0_BL1_BS1_CU
M0_CDO0_CTDA0_CLR0_DSK0_DRA0_DU8_DULD1_DTLA0_DTLB0_DTVA0_DTVB0_DAF0_DKP0_DVO0_ETSP_EPS1_ELFLR0_EMLL0_FSSC10_F16AI0_F16AIR0_FL0_GLVWA1_GLVWB2_GR2A1_GR2B1_GRCGA1_GRCGB1_GRCVA
1_GRCVB1_GRPM1_GRVW4_GSU1_GSUASB_GSUAA0_GSUSARR1_GSUWGMRR0_GLS0_ISA1201_IU1_IA0_KLA_LEL0_LBSPPA0_LBSPPB0_LPA1_LPB1_LDL1_LR2A1_LR2B1_LRVW1_LW2A1_LW2B1_LWPMn1_LDW0_LT1_FMA_MI
AV0_MTSM64_MTSM1_MDA2_MI_MO40_MVN256_MMFSC_MKFGSU256_MVN0_NR0_NTA0_NTB0_NTC0_NTD0_NEPBS0_NLCA1_NLCB1_ONLL1_OPLV0_PBD0_PFD1_PG2_PSD0_PSLn1_PWCn1_PWLn1_PK0_PKAB0_PAP0_PAPM0_P
GR1_PLR1_PKA0_RK0_SGR1_SIA1_SLW1_SS0_SU0_SUM0_SUS0_SCIU0_SCIUE0_SCIUI1_SCIUPL0_SPO0_SRVW0_SSO0_SVW4_SK0_SKA0_SKXCCM0_SNLL0_TSGRA0_TSGRB0_TT2_4_TLDS0_UIIDU0_UMLDSA0_UMLDSB0_
UMF0_U64SL1_UIOFGRO0_USFGROn1_VAW1_VSn1_VW1_VWB1_VFLRP0_WSGRA0_WSGRB0_WS32_WG16_16_1_WGM8_WGMTB

reject: VectorWidth must be >= 4 for Int8 or 8bitFloat

reject: Int8 requires GLVWA >= 4, current is 1

reject: Int8 requires GLVWB >= 4, current is 2
rejecting solution 
Cijk_Alik_Bljk_I8II_BH_GB_MT32x64x8_SN_1LDSB0_APM1_AAIGTEn1_AAILTEn1_AAV0_ABV0_ACED0_AF0EM1_AF1EM1_AMAS3_ASE_ASGT_ASLT_ASM_ASAE01_ASBE01_ASCE01_ASDE01_ASEM1_AAC0_BL1_BS1_CU
M0_CDO0_CTDA0_CLR0_DSK0_DRA0_DU8_DULD1_DTLA0_DTLB0_DTVA0_DTVB0_DAF0_DKP0_DVO0_ETSP_EPS1_ELFLR0_EMLL0_FSSC10_F16AI0_F16AIR0_FL0_GLVWA1_GLVWB2_GR2A1_GR2B1_GRCGA1_GRCGB1_GRCVA
1_GRCVB1_GRPM1_GRVW4_GSU1_GSUASB_GSUAA0_GSUSARR1_GSUWGMRR0_GLS0_ISA1201_IU1_IA0_KLA_LEL0_LBSPPA0_LBSPPB0_LPA2_LPB2_LDL1_LR2A1_LR2B1_LRVW2_LW2A1_LW2B1_LWPMn1_LDW0_LT1_FMA_MI
AV0_MTSM64_MTSM1_MDA2_MI_MO40_MVN256_MMFSC_MKFGSU256_MVN0_NR0_NTA0_NTB0_NTC0_NTD0_NEPBS0_NLCA1_NLCB1_ONLL1_OPLV0_PBD0_PFD1_PG2_PSD0_PSLn1_PWCn1_PWLn1_PK0_PKAB0_PAP0_PAPM0_P
GR1_PLR1_PKA0_RK0_SGR1_SIA1_SLW1_SS0_SU0_SUM0_SUS0_SCIU0_SCIUE0_SCIUI1_SCIUPL0_SPO0_SRVW0_SSO0_SVW4_SK0_SKA0_SKXCCM0_SNLL0_TSGRA0_TSGRB0_TT2_4_TLDS0_UIIDU0_UMLDSA0_UMLDSB0_
UMF0_U64SL1_UIOFGRO0_USFGROn1_VAW1_VSn1_VW2_VWB2_VFLRP0_WSGRA0_WSGRB0_WS32_WG16_16_1_WGM8_WGMTB

reject: ThreadTile0 2 or ThreadTile1 4 not a multiple of VectorWidth 4
rejecting solution 
Cijk_Alik_Bljk_I8II_BH_GB_MT32x64x8_SN_1LDSB0_APM1_AAIGTEn1_AAILTEn1_AAV0_ABV0_ACED0_AF0EM1_AF1EM1_AMASn1_ASE_ASGT_ASLT_ASM_ASAE01_ASBE01_ASCE01_ASDE01_ASEM1_AAC0_BL1_BS1_C
UM0_CDO0_CTDA0_CLR0_DSK0_DRA0_DU8_DULD1_DTLA0_DTLB0_DTVA0_DTVB0_DAF0_DKP0_DVO0_ETSP_EPS1_ELFLR0_EMLL0_FSSC10_F16AI0_F16AIR0_FL0_GLVWA4_GLVWB4_GR2A1_GR2B1_GRCGA1_GRCGB1_GRCV
A1_GRCVB1_GRPM1_GRVW4_GSU1_GSUASB_GSUAA0_GSUSARR1_GSUWGMRR0_GLS0_ISA1201_IU1_IA0_KLA_LEL0_LBSPPAn1_LBSPPBn1_LPAn1_LPBn1_LDL1_LR2A1_LR2B1_LRVWn1_LW2A1_LW2B1_LWPMn1_LDW0_LT1_
FMA_MIAV0_MTSM64_MTSM1_MDA2_MI_MO40_MVN256_MMFSC_MKFGSU256_MVN0_NR0_NTA0_NTB0_NTC0_NTD0_NEPBS0_NLCA1_NLCB1_ONLL1_OPLV0_PBD0_PFD1_PG2_PSD0_PSLn1_PWCn1_PWLn1_PK0_PKAB0_PAP0_P
APM0_PGR1_PLR1_PKA0_RK0_SGR1_SIA1_SLW1_SS0_SU0_SUM0_SUS0_SCIU0_SCIUE0_SCIUI1_SCIUPL0_SPO0_SRVW0_SSO0_SVWn1_SK0_SKA0_SKXCCM0_SNLL0_TSGRA0_TSGRB0_TT2_4_TLDS0_UIIDU0_UMLDSA0_U
MLDSB0_UMF0_U64SL1_UIOFGRO0_USFGROn1_VAWn1_VSn1_VW4_VWBn1_VFLRP0_WSGRA0_WSGRB0_WS32_WG16_16_1_WGM8_WGMTB

reject: VectorWidth must be >= 4 for Int8 or 8bitFloat

reject: Int8 requires GLVWA >= 4, current is 1

reject: Int8 requires GLVWB >= 4, current is 2
rejecting solution 
Cijk_Alik_Bljk_I8II_BH_GB_MT32x64x8_SN_1LDSB0_APM1_AAIGTEn1_AAILTEn1_AAV0_ABV0_ACED0_AF0EM1_AF1EM1_AMAS0_ASE_ASGT_ASLT_ASM_ASAE01_ASBE01_ASCE01_ASDE01_ASEM1_AAC0_BL1_BS1_CU
M0_CDO0_CTDA0_CLR0_DSK0_DRA0_DU8_DULD1_DTLA0_DTLB0_DTVA0_DTVB0_DAF0_DKP0_DVO0_ETSP_EPS1_ELFLR0_EMLL0_FSSC10_F16AI0_F16AIR0_FL0_GLVWA1_GLVWB2_GR2A1_GR2B1_GRCGA1_GRCGB1_GRCVA
1_GRCVB1_GRPM1_GRVW8_GSU1_GSUASB_GSUAA0_GSUSARR1_GSUWGMRR0_GLS0_ISA1201_IU1_IA0_KLA_LEL0_LBSPPA0_LBSPPB0_LPA1_LPB1_LDL1_LR2A1_LR2B1_LRVW1_LW2A1_LW2B1_LWPMn1_LDW0_LT1_FMA_MI
AV0_MTSM64_MTSM1_MDA2_MI_MO40_MVN256_MMFSC_MKFGSU256_MVN0_NR0_NTA0_NTB0_NTC0_NTD0_NEPBS0_NLCA1_NLCB1_ONLL1_OPLV0_PBD0_PFD1_PG2_PSD0_PSLn1_PWCn1_PWLn1_PK0_PKAB0_PAP0_PAPM0_P
GR1_PLR1_PKA0_RK0_SGR1_SIA1_SLW1_SS0_SU0_SUM0_SUS0_SCIU0_SCIUE0_SCIUI1_SCIUPL0_SPO0_SRVW0_SSO0_SVW4_SK0_SKA0_SKXCCM0_SNLL0_TSGRA0_TSGRB0_TT2_4_TLDS0_UIIDU0_UMLDSA0_UMLDSB0_
UMF0_U64SL1_UIOFGRO0_USFGROn1_VAW1_VSn1_VW1_VWB1_VFLRP0_WSGRA0_WSGRB0_WS32_WG16_16_1_WGM8_WGMTB

reject: VectorWidth must be >= 4 for Int8 or 8bitFloat

reject: Int8 requires GLVWA >= 4, current is 1

reject: Int8 requires GLVWB >= 4, current is 2
rejecting solution 
Cijk_Alik_Bljk_I8II_BH_GB_MT32x64x8_SN_1LDSB0_APM1_AAIGTEn1_AAILTEn1_AAV0_ABV0_ACED0_AF0EM1_AF1EM1_AMAS3_ASE_ASGT_ASLT_ASM_ASAE01_ASBE01_ASCE01_ASDE01_ASEM1_AAC0_BL1_BS1_CU
M0_CDO0_CTDA0_CLR0_DSK0_DRA0_DU8_DULD1_DTLA0_DTLB0_DTVA0_DTVB0_DAF0_DKP0_DVO0_ETSP_EPS1_ELFLR0_EMLL0_FSSC10_F16AI0_F16AIR0_FL0_GLVWA1_GLVWB2_GR2A1_GR2B1_GRCGA1_GRCGB1_GRCVA
1_GRCVB1_GRPM1_GRVW8_GSU1_GSUASB_GSUAA0_GSUSARR1_GSUWGMRR0_GLS0_ISA1201_IU1_IA0_KLA_LEL0_LBSPPA0_LBSPPB0_LPA2_LPB2_LDL1_LR2A1_LR2B1_LRVW2_LW2A1_LW2B1_LWPMn1_LDW0_LT1_FMA_MI
AV0_MTSM64_MTSM1_MDA2_MI_MO40_MVN256_MMFSC_MKFGSU256_MVN0_NR0_NTA0_NTB0_NTC0_NTD0_NEPBS0_NLCA1_NLCB1_ONLL1_OPLV0_PBD0_PFD1_PG2_PSD0_PSLn1_PWCn1_PWLn1_PK0_PKAB0_PAP0_PAPM0_P
GR1_PLR1_PKA0_RK0_SGR1_SIA1_SLW1_SS0_SU0_SUM0_SUS0_SCIU0_SCIUE0_SCIUI1_SCIUPL0_SPO0_SRVW0_SSO0_SVW4_SK0_SKA0_SKXCCM0_SNLL0_TSGRA0_TSGRB0_TT2_4_TLDS0_UIIDU0_UMLDSA0_UMLDSB0_
UMF0_U64SL1_UIOFGRO0_USFGROn1_VAW1_VSn1_VW2_VWB2_VFLRP0_WSGRA0_WSGRB0_WS32_WG16_16_1_WGM8_WGMTB

reject: ThreadTile0 2 or ThreadTile1 4 not a multiple of VectorWidth 4
rejecting solution 
Cijk_Alik_Bljk_I8II_BH_GB_MT32x64x8_SN_1LDSB0_APM1_AAIGTEn1_AAILTEn1_AAV0_ABV0_ACED0_AF0EM1_AF1EM1_AMASn1_ASE_ASGT_ASLT_ASM_ASAE01_ASBE01_ASCE01_ASDE01_ASEM1_AAC0_BL1_BS1_C
UM0_CDO0_CTDA0_CLR0_DSK0_DRA0_DU8_DULD1_DTLA0_DTLB0_DTVA0_DTVB0_DAF0_DKP0_DVO0_ETSP_EPS1_ELFLR0_EMLL0_FSSC10_F16AI0_F16AIR0_FL0_GLVWA8_GLVWB8_GR2A1_GR2B1_GRCGA1_GRCGB1_GRCV
A1_GRCVB1_GRPM1_GRVW8_GSU1_GSUASB_GSUAA0_GSUSARR1_GSUWGMRR0_GLS0_ISA1201_IU1_IA0_KLA_LEL0_LBSPPAn1_LBSPPBn1_LPAn1_LPBn1_LDL1_LR2A1_LR2B1_LRVWn1_LW2A1_LW2B1_LWPMn1_LDW0_LT1_
FMA_MIAV0_MTSM64_MTSM1_MDA2_MI_MO40_MVN256_MMFSC_MKFGSU256_MVN0_NR0_NTA0_NTB0_NTC0_NTD0_NEPBS0_NLCA1_NLCB1_ONLL1_OPLV0_PBD0_PFD1_PG2_PSD0_PSLn1_PWCn1_PWLn1_PK0_PKAB0_PAP0_P
APM0_PGR1_PLR1_PKA0_RK0_SGR1_SIA1_SLW1_SS0_SU0_SUM0_SUS0_SCIU0_SCIUE0_SCIUI1_SCIUPL0_SPO0_SRVW0_SSO0_SVWn1_SK0_SKA0_SKXCCM0_SNLL0_TSGRA0_TSGRB0_TT2_4_TLDS0_UIIDU0_UMLDSA0_U
MLDSB0_UMF0_U64SL1_UIOFGRO0_USFGROn1_VAWn1_VSn1_VW4_VWBn1_VFLRP0_WSGRA0_WSGRB0_WS32_WG16_16_1_WGM8_WGMTB

reject: VectorWidth must be >= 4 for Int8 or 8bitFloat

reject: Int8 requires GLVWA >= 4, current is 1

reject: Int8 requires GLVWB >= 4, current is 2
rejecting solution 
Cijk_Alik_Bljk_I8II_BH_GB_MT32x64x8_SN_1LDSB0_APM1_AAIGTEn1_AAILTEn1_AAV0_ABV0_ACED0_AF0EM1_AF1EM1_AMAS0_ASE_ASGT_ASLT_ASM_ASAE01_ASBE01_ASCE01_ASDE01_ASEM1_AAC0_BL1_BS1_CU
M0_CDO0_CTDA0_CLR0_DSK0_DRA0_DU8_DULD1_DTLA0_DTLB0_DTVA0_DTVB0_DAF0_DKP0_DVO0_ETSP_EPS1_ELFLR0_EMLL0_FSSC10_F16AI0_F16AIR0_FL0_GLVWA1_GLVWB2_GR2A1_GR2B1_GRCGA1_GRCGB1_GRCVA
1_GRCVB1_GRPM1_GRVW16_GSU1_GSUASB_GSUAA0_GSUSARR1_GSUWGMRR0_GLS0_ISA1201_IU1_IA0_KLA_LEL0_LBSPPA0_LBSPPB0_LPA1_LPB1_LDL1_LR2A1_LR2B1_LRVW1_LW2A1_LW2B1_LWPMn1_LDW0_LT1_FMA_M
IAV0_MTSM64_MTSM1_MDA2_MI_MO40_MVN256_MMFSC_MKFGSU256_MVN0_NR0_NTA0_NTB0_NTC0_NTD0_NEPBS0_NLCA1_NLCB1_ONLL1_OPLV0_PBD0_PFD1_PG2_PSD0_PSLn1_PWCn1_PWLn1_PK0_PKAB0_PAP0_PAPM0_
PGR1_PLR1_PKA0_RK0_SGR1_SIA1_SLW1_SS0_SU0_SUM0_SUS0_SCIU0_SCIUE0_SCIUI1_SCIUPL0_SPO0_SRVW0_SSO0_SVW4_SK0_SKA0_SKXCCM0_SNLL0_TSGRA0_TSGRB0_TT2_4_TLDS0_UIIDU0_UMLDSA0_UMLDSB0
_UMF0_U64SL1_UIOFGRO0_USFGROn1_VAW1_VSn1_VW1_VWB1_VFLRP0_WSGRA0_WSGRB0_WS32_WG16_16_1_WGM8_WGMTB

reject: VectorWidth must be >= 4 for Int8 or 8bitFloat

reject: Int8 requires GLVWA >= 4, current is 1

reject: Int8 requires GLVWB >= 4, current is 2
rejecting solution 
Cijk_Alik_Bljk_I8II_BH_GB_MT32x64x8_SN_1LDSB0_APM1_AAIGTEn1_AAILTEn1_AAV0_ABV0_ACED0_AF0EM1_AF1EM1_AMAS3_ASE_ASGT_ASLT_ASM_ASAE01_ASBE01_ASCE01_ASDE01_ASEM1_AAC0_BL1_BS1_CU
M0_CDO0_CTDA0_CLR0_DSK0_DRA0_DU8_DULD1_DTLA0_DTLB0_DTVA0_DTVB0_DAF0_DKP0_DVO0_ETSP_EPS1_ELFLR0_EMLL0_FSSC10_F16AI0_F16AIR0_FL0_GLVWA1_GLVWB2_GR2A1_GR2B1_GRCGA1_GRCGB1_GRCVA
1_GRCVB1_GRPM1_GRVW16_GSU1_GSUASB_GSUAA0_GSUSARR1_GSUWGMRR0_GLS0_ISA1201_IU1_IA0_KLA_LEL0_LBSPPA0_LBSPPB0_LPA2_LPB2_LDL1_LR2A1_LR2B1_LRVW2_LW2A1_LW2B1_LWPMn1_LDW0_LT1_FMA_M
IAV0_MTSM64_MTSM1_MDA2_MI_MO40_MVN256_MMFSC_MKFGSU256_MVN0_NR0_NTA0_NTB0_NTC0_NTD0_NEPBS0_NLCA1_NLCB1_ONLL1_OPLV0_PBD0_PFD1_PG2_PSD0_PSLn1_PWCn1_PWLn1_PK0_PKAB0_PAP0_PAPM0_
PGR1_PLR1_PKA0_RK0_SGR1_SIA1_SLW1_SS0_SU0_SUM0_SUS0_SCIU0_SCIUE0_SCIUI1_SCIUPL0_SPO0_SRVW0_SSO0_SVW4_SK0_SKA0_SKXCCM0_SNLL0_TSGRA0_TSGRB0_TT2_4_TLDS0_UIIDU0_UMLDSA0_UMLDSB0
_UMF0_U64SL1_UIOFGRO0_USFGROn1_VAW1_VSn1_VW2_VWB2_VFLRP0_WSGRA0_WSGRB0_WS32_WG16_16_1_WGM8_WGMTB

reject: ThreadTile0 2 or ThreadTile1 4 not a multiple of VectorWidth 4
rejecting solution 
Cijk_Alik_Bljk_I8II_BH_GB_MT32x64x8_SN_1LDSB0_APM1_AAIGTEn1_AAILTEn1_AAV0_ABV0_ACED0_AF0EM1_AF1EM1_AMASn1_ASE_ASGT_ASLT_ASM_ASAE01_ASBE01_ASCE01_ASDE01_ASEM1_AAC0_BL1_BS1_C
UM0_CDO0_CTDA0_CLR0_DSK0_DRA0_DU8_DULD1_DTLA0_DTLB0_DTVA0_DTVB0_DAF0_DKP0_DVO0_ETSP_EPS1_ELFLR0_EMLL0_FSSC10_F16AI0_F16AIR0_FL0_GLVWA16_GLVWB16_GR2A1_GR2B1_GRCGA1_GRCGB1_GR
CVA1_GRCVB1_GRPM1_GRVW16_GSU1_GSUASB_GSUAA0_GSUSARR1_GSUWGMRR0_GLS0_ISA1201_IU1_IA0_KLA_LEL0_LBSPPAn1_LBSPPBn1_LPAn1_LPBn1_LDL1_LR2A1_LR2B1_LRVWn1_LW2A1_LW2B1_LWPMn1_LDW0_L
T1_FMA_MIAV0_MTSM64_MTSM1_MDA2_MI_MO40_MVN256_MMFSC_MKFGSU256_MVN0_NR0_NTA0_NTB0_NTC0_NTD0_NEPBS0_NLCA1_NLCB1_ONLL1_OPLV0_PBD0_PFD1_PG2_PSD0_PSLn1_PWCn1_PWLn1_PK0_PKAB0_PAP
0_PAPM0_PGR1_PLR1_PKA0_RK0_SGR1_SIA1_SLW1_SS0_SU0_SUM0_SUS0_SCIU0_SCIUE0_SCIUI1_SCIUPL0_SPO0_SRVW0_SSO0_SVWn1_SK0_SKA0_SKXCCM0_SNLL0_TSGRA0_TSGRB0_TT2_4_TLDS0_UIIDU0_UMLDSA
0_UMLDSB0_UMF0_U64SL1_UIOFGRO0_USFGROn1_VAWn1_VSn1_VW4_VWBn1_VFLRP0_WSGRA0_WSGRB0_WS32_WG16_16_1_WGM8_WGMTB

reject: VectorWidth must be >= 4 for Int8 or 8bitFloat

reject: Int8 requires GLVWA >= 4, current is 1

reject: Int8 requires GLVWB >= 4, current is 2
rejecting solution 
Cijk_Alik_Bljk_I8II_BH_GB_MT32x64x8_SN_1LDSB0_APM1_AAIGTEn1_AAILTEn1_AAV0_ABV0_ACED0_AF0EM1_AF1EM1_AMAS0_ASE_ASGT_ASLT_ASM_ASAE01_ASBE01_ASCE01_ASDE01_ASEM1_AAC0_BL1_BS1_CU
M0_CDO0_CTDA0_CLR0_DSK0_DRA0_DU8_DULD1_DTLA0_DTLB0_DTVA0_DTVB0_DAF0_DKP0_DVO0_ETSP_EPS1_ELFLR0_EMLL0_FSSC10_F16AI0_F16AIR0_FL0_GLVWA1_GLVWB2_GR2A1_GR2B1_GRCGA1_GRCGB1_GRCVA
1_GRCVB1_GRPM1_GRVW4_GSU1_GSUASB_GSUAA0_GSUSARR1_GSUWGMRR0_GLS0_ISA1201_IU1_IA0_KLA_LEL0_LBSPPA0_LBSPPB0_LPA1_LPB1_LDL1_LR2A1_LR2B1_LRVW1_LW2A1_LW2B1_LWPMn1_LDW0_LT1_FMA_MI
AV0_MTSM64_MTSM1_MDA2_MI_MO40_MVN256_MMFSC_MKFGSU256_MVN0_NR0_NTA0_NTB0_NTC0_NTD0_NEPBS0_NLCA1_NLCB1_ONLL1_OPLV0_PBD0_PFD1_PG2_PSD0_PSLn1_PWCn1_PWLn1_PK0_PKAB0_PAP0_PAPM0_P
GR1_PLR1_PKA0_RK0_SGR1_SIA1_SLW1_SS0_SU32_SUM0_SUS256_SCIU0_SCIUE0_SCIUI1_SCIUPL0_SPO0_SRVW0_SSO0_SVW4_SK0_SKA0_SKXCCM0_SNLL0_TSGRA0_TSGRB0_TT2_4_TLDS0_UIIDU0_UMLDSA0_UMLDS
B0_UMF0_U64SL1_UIOFGRO0_USFGROn1_VAW1_VSn1_VW1_VWB1_VFLRP0_WSGRA0_WSGRB0_WS32_WG16_16_1_WGM8_WGMTB

reject: VectorWidth must be >= 4 for Int8 or 8bitFloat

reject: Int8 requires GLVWA >= 4, current is 1

reject: Int8 requires GLVWB >= 4, current is 2
rejecting solution 
Cijk_Alik_Bljk_I8II_BH_GB_MT32x64x8_SN_1LDSB0_APM1_AAIGTEn1_AAILTEn1_AAV0_ABV0_ACED0_AF0EM1_AF1EM1_AMAS3_ASE_ASGT_ASLT_ASM_ASAE01_ASBE01_ASCE01_ASDE01_ASEM1_AAC0_BL1_BS1_CU
M0_CDO0_CTDA0_CLR0_DSK0_DRA0_DU8_DULD1_DTLA0_DTLB0_DTVA0_DTVB0_DAF0_DKP0_DVO0_ETSP_EPS1_ELFLR0_EMLL0_FSSC10_F16AI0_F16AIR0_FL0_GLVWA1_GLVWB2_GR2A1_GR2B1_GRCGA1_GRCGB1_GRCVA
1_GRCVB1_GRPM1_GRVW4_GSU1_GSUASB_GSUAA0_GSUSARR1_GSUWGMRR0_GLS0_ISA1201_IU1_IA0_KLA_LEL0_LBSPPA0_LBSPPB0_LPA2_LPB2_LDL1_LR2A1_LR2B1_LRVW2_LW2A1_LW2B1_LWPMn1_LDW0_LT1_FMA_MI
AV0_MTSM64_MTSM1_MDA2_MI_MO40_MVN256_MMFSC_MKFGSU256_MVN0_NR0_NTA0_NTB0_NTC0_NTD0_NEPBS0_NLCA1_NLCB1_ONLL1_OPLV0_PBD0_PFD1_PG2_PSD0_PSLn1_PWCn1_PWLn1_PK0_PKAB0_PAP0_PAPM0_P
GR1_PLR1_PKA0_RK0_SGR1_SIA1_SLW1_SS0_SU32_SUM0_SUS256_SCIU0_SCIUE0_SCIUI1_SCIUPL0_SPO0_SRVW0_SSO0_SVW4_SK0_SKA0_SKXCCM0_SNLL0_TSGRA0_TSGRB0_TT2_4_TLDS0_UIIDU0_UMLDSA0_UMLDS
B0_UMF0_U64SL1_UIOFGRO0_USFGROn1_VAW1_VSn1_VW2_VWB2_VFLRP0_WSGRA0_WSGRB0_WS32_WG16_16_1_WGM8_WGMTB

reject: ThreadTile0 2 or ThreadTile1 4 not a multiple of VectorWidth 4
rejecting solution 
Cijk_Alik_Bljk_I8II_BH_GB_MT32x64x8_SN_1LDSB0_APM1_AAIGTEn1_AAILTEn1_AAV0_ABV0_ACED0_AF0EM1_AF1EM1_AMASn1_ASE_ASGT_ASLT_ASM_ASAE01_ASBE01_ASCE01_ASDE01_ASEM1_AAC0_BL1_BS1_C
UM0_CDO0_CTDA0_CLR0_DSK0_DRA0_DU8_DULD1_DTLA0_DTLB0_DTVA0_DTVB0_DAF0_DKP0_DVO0_ETSP_EPS1_ELFLR0_EMLL0_FSSC10_F16AI0_F16AIR0_FL0_GLVWA4_GLVWB4_GR2A1_GR2B1_GRCGA1_GRCGB1_GRCV
A1_GRCVB1_GRPM1_GRVW4_GSU1_GSUASB_GSUAA0_GSUSARR1_GSUWGMRR0_GLS0_ISA1201_IU1_IA0_KLA_LEL0_LBSPPAn1_LBSPPBn1_LPAn1_LPBn1_LDL1_LR2A1_LR2B1_LRVWn1_LW2A1_LW2B1_LWPMn1_LDW0_LT1_
FMA_MIAV0_MTSM64_MTSM1_MDA2_MI_MO40_MVN256_MMFSC_MKFGSU256_MVN0_NR0_NTA0_NTB0_NTC0_NTD0_NEPBS0_NLCA1_NLCB1_ONLL1_OPLV0_PBD0_PFD1_PG2_PSD0_PSLn1_PWCn1_PWLn1_PK0_PKAB0_PAP0_P
APM0_PGR1_PLR1_PKA0_RK0_SGR1_SIA1_SLW1_SS0_SU32_SUM0_SUS256_SCIU0_SCIUE0_SCIUI1_SCIUPL0_SPO0_SRVW0_SSO0_SVWn1_SK0_SKA0_SKXCCM0_SNLL0_TSGRA0_TSGRB0_TT2_4_TLDS0_UIIDU0_UMLDSA
0_UMLDSB0_UMF0_U64SL1_UIOFGRO0_USFGROn1_VAWn1_VSn1_VW4_VWBn1_VFLRP0_WSGRA0_WSGRB0_WS32_WG16_16_1_WGM8_WGMTB

reject: VectorWidth must be >= 4 for Int8 or 8bitFloat

reject: Int8 requires GLVWA >= 4, current is 1

reject: Int8 requires GLVWB >= 4, current is 2
rejecting solution 
Cijk_Alik_Bljk_I8II_BH_GB_MT32x64x8_SN_1LDSB0_APM1_AAIGTEn1_AAILTEn1_AAV0_ABV0_ACED0_AF0EM1_AF1EM1_AMAS0_ASE_ASGT_ASLT_ASM_ASAE01_ASBE01_ASCE01_ASDE01_ASEM1_AAC0_BL1_BS1_CU
M0_CDO0_CTDA0_CLR0_DSK0_DRA0_DU8_DULD1_DTLA0_DTLB0_DTVA0_DTVB0_DAF0_DKP0_DVO0_ETSP_EPS1_ELFLR0_EMLL0_FSSC10_F16AI0_F16AIR0_FL0_GLVWA1_GLVWB2_GR2A1_GR2B1_GRCGA1_GRCGB1_GRCVA
1_GRCVB1_GRPM1_GRVW8_GSU1_GSUASB_GSUAA0_GSUSARR1_GSUWGMRR0_GLS0_ISA1201_IU1_IA0_KLA_LEL0_LBSPPA0_LBSPPB0_LPA1_LPB1_LDL1_LR2A1_LR2B1_LRVW1_LW2A1_LW2B1_LWPMn1_LDW0_LT1_FMA_MI
AV0_MTSM64_MTSM1_MDA2_MI_MO40_MVN256_MMFSC_MKFGSU256_MVN0_NR0_NTA0_NTB0_NTC0_NTD0_NEPBS0_NLCA1_NLCB1_ONLL1_OPLV0_PBD0_PFD1_PG2_PSD0_PSLn1_PWCn1_PWLn1_PK0_PKAB0_PAP0_PAPM0_P
GR1_PLR1_PKA0_RK0_SGR1_SIA1_SLW1_SS0_SU32_SUM0_SUS256_SCIU0_SCIUE0_SCIUI1_SCIUPL0_SPO0_SRVW0_SSO0_SVW4_SK0_SKA0_SKXCCM0_SNLL0_TSGRA0_TSGRB0_TT2_4_TLDS0_UIIDU0_UMLDSA0_UMLDS
B0_UMF0_U64SL1_UIOFGRO0_USFGROn1_VAW1_VSn1_VW1_VWB1_VFLRP0_WSGRA0_WSGRB0_WS32_WG16_16_1_WGM8_WGMTB

reject: VectorWidth must be >= 4 for Int8 or 8bitFloat

reject: Int8 requires GLVWA >= 4, current is 1

reject: Int8 requires GLVWB >= 4, current is 2
rejecting solution 
Cijk_Alik_Bljk_I8II_BH_GB_MT32x64x8_SN_1LDSB0_APM1_AAIGTEn1_AAILTEn1_AAV0_ABV0_ACED0_AF0EM1_AF1EM1_AMAS3_ASE_ASGT_ASLT_ASM_ASAE01_ASBE01_ASCE01_ASDE01_ASEM1_AAC0_BL1_BS1_CU
M0_CDO0_CTDA0_CLR0_DSK0_DRA0_DU8_DULD1_DTLA0_DTLB0_DTVA0_DTVB0_DAF0_DKP0_DVO0_ETSP_EPS1_ELFLR0_EMLL0_FSSC10_F16AI0_F16AIR0_FL0_GLVWA1_GLVWB2_GR2A1_GR2B1_GRCGA1_GRCGB1_GRCVA
1_GRCVB1_GRPM1_GRVW8_GSU1_GSUASB_GSUAA0_GSUSARR1_GSUWGMRR0_GLS0_ISA1201_IU1_IA0_KLA_LEL0_LBSPPA0_LBSPPB0_LPA2_LPB2_LDL1_LR2A1_LR2B1_LRVW2_LW2A1_LW2B1_LWPMn1_LDW0_LT1_FMA_MI
AV0_MTSM64_MTSM1_MDA2_MI_MO40_MVN256_MMFSC_MKFGSU256_MVN0_NR0_NTA0_NTB0_NTC0_NTD0_NEPBS0_NLCA1_NLCB1_ONLL1_OPLV0_PBD0_PFD1_PG2_PSD0_PSLn1_PWCn1_PWLn1_PK0_PKAB0_PAP0_PAPM0_P
GR1_PLR1_PKA0_RK0_SGR1_SIA1_SLW1_SS0_SU32_SUM0_SUS256_SCIU0_SCIUE0_SCIUI1_SCIUPL0_SPO0_SRVW0_SSO0_SVW4_SK0_SKA0_SKXCCM0_SNLL0_TSGRA0_TSGRB0_TT2_4_TLDS0_UIIDU0_UMLDSA0_UMLDS
B0_UMF0_U64SL1_UIOFGRO0_USFGROn1_VAW1_VSn1_VW2_VWB2_VFLRP0_WSGRA0_WSGRB0_WS32_WG16_16_1_WGM8_WGMTB

reject: ThreadTile0 2 or ThreadTile1 4 not a multiple of VectorWidth 4
rejecting solution 
Cijk_Alik_Bljk_I8II_BH_GB_MT32x64x8_SN_1LDSB0_APM1_AAIGTEn1_AAILTEn1_AAV0_ABV0_ACED0_AF0EM1_AF1EM1_AMASn1_ASE_ASGT_ASLT_ASM_ASAE01_ASBE01_ASCE01_ASDE01_ASEM1_AAC0_BL1_BS1_C
UM0_CDO0_CTDA0_CLR0_DSK0_DRA0_DU8_DULD1_DTLA0_DTLB0_DTVA0_DTVB0_DAF0_DKP0_DVO0_ETSP_EPS1_ELFLR0_EMLL0_FSSC10_F16AI0_F16AIR0_FL0_GLVWA8_GLVWB8_GR2A1_GR2B1_GRCGA1_GRCGB1_GRCV
A1_GRCVB1_GRPM1_GRVW8_GSU1_GSUASB_GSUAA0_GSUSARR1_GSUWGMRR0_GLS0_ISA1201_IU1_IA0_KLA_LEL0_LBSPPAn1_LBSPPBn1_LPAn1_LPBn1_LDL1_LR2A1_LR2B1_LRVWn1_LW2A1_LW2B1_LWPMn1_LDW0_LT1_
FMA_MIAV0_MTSM64_MTSM1_MDA2_MI_MO40_MVN256_MMFSC_MKFGSU256_MVN0_NR0_NTA0_NTB0_NTC0_NTD0_NEPBS0_NLCA1_NLCB1_ONLL1_OPLV0_PBD0_PFD1_PG2_PSD0_PSLn1_PWCn1_PWLn1_PK0_PKAB0_PAP0_P
APM0_PGR1_PLR1_PKA0_RK0_SGR1_SIA1_SLW1_SS0_SU32_SUM0_SUS256_SCIU0_SCIUE0_SCIUI1_SCIUPL0_SPO0_SRVW0_SSO0_SVWn1_SK0_SKA0_SKXCCM0_SNLL0_TSGRA0_TSGRB0_TT2_4_TLDS0_UIIDU0_UMLDSA
0_UMLDSB0_UMF0_U64SL1_UIOFGRO0_USFGROn1_VAWn1_VSn1_VW4_VWBn1_VFLRP0_WSGRA0_WSGRB0_WS32_WG16_16_1_WGM8_WGMTB

reject: VectorWidth must be >= 4 for Int8 or 8bitFloat

reject: Int8 requires GLVWA >= 4, current is 1

reject: Int8 requires GLVWB >= 4, current is 2
rejecting solution 
Cijk_Alik_Bljk_I8II_BH_GB_MT32x64x8_SN_1LDSB0_APM1_AAIGTEn1_AAILTEn1_AAV0_ABV0_ACED0_AF0EM1_AF1EM1_AMAS0_ASE_ASGT_ASLT_ASM_ASAE01_ASBE01_ASCE01_ASDE01_ASEM1_AAC0_BL1_BS1_CU
M0_CDO0_CTDA0_CLR0_DSK0_DRA0_DU8_DULD1_DTLA0_DTLB0_DTVA0_DTVB0_DAF0_DKP0_DVO0_ETSP_EPS1_ELFLR0_EMLL0_FSSC10_F16AI0_F16AIR0_FL0_GLVWA1_GLVWB2_GR2A1_GR2B1_GRCGA1_GRCGB1_GRCVA
1_GRCVB1_GRPM1_GRVW16_GSU1_GSUASB_GSUAA0_GSUSARR1_GSUWGMRR0_GLS0_ISA1201_IU1_IA0_KLA_LEL0_LBSPPA0_LBSPPB0_LPA1_LPB1_LDL1_LR2A1_LR2B1_LRVW1_LW2A1_LW2B1_LWPMn1_LDW0_LT1_FMA_M
IAV0_MTSM64_MTSM1_MDA2_MI_MO40_MVN256_MMFSC_MKFGSU256_MVN0_NR0_NTA0_NTB0_NTC0_NTD0_NEPBS0_NLCA1_NLCB1_ONLL1_OPLV0_PBD0_PFD1_PG2_PSD0_PSLn1_PWCn1_PWLn1_PK0_PKAB0_PAP0_PAPM0_
PGR1_PLR1_PKA0_RK0_SGR1_SIA1_SLW1_SS0_SU32_SUM0_SUS256_SCIU0_SCIUE0_SCIUI1_SCIUPL0_SPO0_SRVW0_SSO0_SVW4_SK0_SKA0_SKXCCM0_SNLL0_TSGRA0_TSGRB0_TT2_4_TLDS0_UIIDU0_UMLDSA0_UMLD
SB0_UMF0_U64SL1_UIOFGRO0_USFGROn1_VAW1_VSn1_VW1_VWB1_VFLRP0_WSGRA0_WSGRB0_WS32_WG16_16_1_WGM8_WGMTB

reject: VectorWidth must be >= 4 for Int8 or 8bitFloat

reject: Int8 requires GLVWA >= 4, current is 1

reject: Int8 requires GLVWB >= 4, current is 2
rejecting solution 
Cijk_Alik_Bljk_I8II_BH_GB_MT32x64x8_SN_1LDSB0_APM1_AAIGTEn1_AAILTEn1_AAV0_ABV0_ACED0_AF0EM1_AF1EM1_AMAS3_ASE_ASGT_ASLT_ASM_ASAE01_ASBE01_ASCE01_ASDE01_ASEM1_AAC0_BL1_BS1_CU
M0_CDO0_CTDA0_CLR0_DSK0_DRA0_DU8_DULD1_DTLA0_DTLB0_DTVA0_DTVB0_DAF0_DKP0_DVO0_ETSP_EPS1_ELFLR0_EMLL0_FSSC10_F16AI0_F16AIR0_FL0_GLVWA1_GLVWB2_GR2A1_GR2B1_GRCGA1_GRCGB1_GRCVA
1_GRCVB1_GRPM1_GRVW16_GSU1_GSUASB_GSUAA0_GSUSARR1_GSUWGMRR0_GLS0_ISA1201_IU1_IA0_KLA_LEL0_LBSPPA0_LBSPPB0_LPA2_LPB2_LDL1_LR2A1_LR2B1_LRVW2_LW2A1_LW2B1_LWPMn1_LDW0_LT1_FMA_M
IAV0_MTSM64_MTSM1_MDA2_MI_MO40_MVN256_MMFSC_MKFGSU256_MVN0_NR0_NTA0_NTB0_NTC0_NTD0_NEPBS0_NLCA1_NLCB1_ONLL1_OPLV0_PBD0_PFD1_PG2_PSD0_PSLn1_PWCn1_PWLn1_PK0_PKAB0_PAP0_PAPM0_
PGR1_PLR1_PKA0_RK0_SGR1_SIA1_SLW1_SS0_SU32_SUM0_SUS256_SCIU0_SCIUE0_SCIUI1_SCIUPL0_SPO0_SRVW0_SSO0_SVW4_SK0_SKA0_SKXCCM0_SNLL0_TSGRA0_TSGRB0_TT2_4_TLDS0_UIIDU0_UMLDSA0_UMLD
SB0_UMF0_U64SL1_UIOFGRO0_USFGROn1_VAW1_VSn1_VW2_VWB2_VFLRP0_WSGRA0_WSGRB0_WS32_WG16_16_1_WGM8_WGMTB

reject: ThreadTile0 2 or ThreadTile1 4 not a multiple of VectorWidth 4
rejecting solution 
Cijk_Alik_Bljk_I8II_BH_GB_MT32x64x8_SN_1LDSB0_APM1_AAIGTEn1_AAILTEn1_AAV0_ABV0_ACED0_AF0EM1_AF1EM1_AMASn1_ASE_ASGT_ASLT_ASM_ASAE01_ASBE01_ASCE01_ASDE01_ASEM1_AAC0_BL1_BS1_C
UM0_CDO0_CTDA0_CLR0_DSK0_DRA0_DU8_DULD1_DTLA0_DTLB0_DTVA0_DTVB0_DAF0_DKP0_DVO0_ETSP_EPS1_ELFLR0_EMLL0_FSSC10_F16AI0_F16AIR0_FL0_GLVWA16_GLVWB16_GR2A1_GR2B1_GRCGA1_GRCGB1_GR
CVA1_GRCVB1_GRPM1_GRVW16_GSU1_GSUASB_GSUAA0_GSUSARR1_GSUWGMRR0_GLS0_ISA1201_IU1_IA0_KLA_LEL0_LBSPPAn1_LBSPPBn1_LPAn1_LPBn1_LDL1_LR2A1_LR2B1_LRVWn1_LW2A1_LW2B1_LWPMn1_LDW0_L
T1_FMA_MIAV0_MTSM64_MTSM1_MDA2_MI_MO40_MVN256_MMFSC_MKFGSU256_MVN0_NR0_NTA0_NTB0_NTC0_NTD0_NEPBS0_NLCA1_NLCB1_ONLL1_OPLV0_PBD0_PFD1_PG2_PSD0_PSLn1_PWCn1_PWLn1_PK0_PKAB0_PAP
0_PAPM0_PGR1_PLR1_PKA0_RK0_SGR1_SIA1_SLW1_SS0_SU32_SUM0_SUS256_SCIU0_SCIUE0_SCIUI1_SCIUPL0_SPO0_SRVW0_SSO0_SVWn1_SK0_SKA0_SKXCCM0_SNLL0_TSGRA0_TSGRB0_TT2_4_TLDS0_UIIDU0_UML
DSA0_UMLDSB0_UMF0_U64SL1_UIOFGRO0_USFGROn1_VAWn1_VSn1_VW4_VWBn1_VFLRP0_WSGRA0_WSGRB0_WS32_WG16_16_1_WGM8_WGMTB

reject: VectorWidth must be >= 4 for Int8 or 8bitFloat

reject: Int8 requires GLVWA >= 4, current is 2

reject: Int8 requires GLVWB >= 4, current is 2
rejecting solution 
Cijk_Alik_Bljk_I8II_BH_GB_MT64x64x8_SN_1LDSB0_APM1_AAIGTEn1_AAILTEn1_AAV0_ABV0_ACED0_AF0EM1_AF1EM1_AMAS0_ASE_ASGT_ASLT_ASM_ASAE01_ASBE01_ASCE01_ASDE01_ASEM1_AAC0_BL1_BS1_CU
M0_CDO0_CTDA0_CLR0_DSK0_DRA0_DU8_DULD1_DTLA0_DTLB0_DTVA0_DTVB0_DAF0_DKP0_DVO0_ETSP_EPS1_ELFLR0_EMLL0_FSSC10_F16AI0_F16AIR0_FL0_GLVWA2_GLVWB2_GR2A1_GR2B1_GRCGA1_GRCGB1_GRCVA
1_GRCVB1_GRPM1_GRVW4_GSU1_GSUASB_GSUAA0_GSUSARR1_GSUWGMRR0_GLS0_ISA1201_IU1_IA0_KLA_LEL0_LBSPPA0_LBSPPB0_LPA1_LPB1_LDL1_LR2A1_LR2B1_LRVW1_LW2A1_LW2B1_LWPMn1_LDW0_LT1_FMA_MI
AV0_MTSM64_MTSM1_MDA2_MI_MO40_MVN256_MMFSC_MKFGSU256_MVN0_NR0_NTA0_NTB0_NTC0_NTD0_NEPBS0_NLCA1_NLCB1_ONLL1_OPLV0_PBD0_PFD1_PG2_PSD0_PSLn1_PWCn1_PWLn1_PK0_PKAB0_PAP0_PAPM0_P
GR1_PLR1_PKA0_RK0_SGR1_SIA1_SLW1_SS0_SU0_SUM0_SUS0_SCIU0_SCIUE0_SCIUI1_SCIUPL0_SPO0_SRVW0_SSO0_SVW4_SK0_SKA0_SKXCCM0_SNLL0_TSGRA0_TSGRB0_TT4_4_TLDS0_UIIDU0_UMLDSA0_UMLDSB0_
UMF0_U64SL1_UIOFGRO0_USFGROn1_VAW1_VSn1_VW1_VWB1_VFLRP0_WSGRA0_WSGRB0_WS32_WG16_16_1_WGM8_WGMTB

reject: VectorWidth must be >= 4 for Int8 or 8bitFloat

reject: Int8 requires GLVWA >= 4, current is 2

reject: Int8 requires GLVWB >= 4, current is 2
rejecting solution 
Cijk_Alik_Bljk_I8II_BH_GB_MT64x64x8_SN_1LDSB0_APM1_AAIGTEn1_AAILTEn1_AAV0_ABV0_ACED0_AF0EM1_AF1EM1_AMAS3_ASE_ASGT_ASLT_ASM_ASAE01_ASBE01_ASCE01_ASDE01_ASEM1_AAC0_BL1_BS1_CU
M0_CDO0_CTDA0_CLR0_DSK0_DRA0_DU8_DULD1_DTLA0_DTLB0_DTVA0_DTVB0_DAF0_DKP0_DVO0_ETSP_EPS1_ELFLR0_EMLL0_FSSC10_F16AI0_F16AIR0_FL0_GLVWA2_GLVWB2_GR2A1_GR2B1_GRCGA1_GRCGB1_GRCVA
1_GRCVB1_GRPM1_GRVW4_GSU1_GSUASB_GSUAA0_GSUSARR1_GSUWGMRR0_GLS0_ISA1201_IU1_IA0_KLA_LEL0_LBSPPA0_LBSPPB0_LPA2_LPB2_LDL1_LR2A1_LR2B1_LRVW2_LW2A1_LW2B1_LWPMn1_LDW0_LT1_FMA_MI
AV0_MTSM64_MTSM1_MDA2_MI_MO40_MVN256_MMFSC_MKFGSU256_MVN0_NR0_NTA0_NTB0_NTC0_NTD0_NEPBS0_NLCA1_NLCB1_ONLL1_OPLV0_PBD0_PFD1_PG2_PSD0_PSLn1_PWCn1_PWLn1_PK0_PKAB0_PAP0_PAPM0_P
GR1_PLR1_PKA0_RK0_SGR1_SIA1_SLW1_SS0_SU0_SUM0_SUS0_SCIU0_SCIUE0_SCIUI1_SCIUPL0_SPO0_SRVW0_SSO0_SVW4_SK0_SKA0_SKXCCM0_SNLL0_TSGRA0_TSGRB0_TT4_4_TLDS0_UIIDU0_UMLDSA0_UMLDSB0_
UMF0_U64SL1_UIOFGRO0_USFGROn1_VAW1_VSn1_VW2_VWB2_VFLRP0_WSGRA0_WSGRB0_WS32_WG16_16_1_WGM8_WGMTB

reject: Int8 requires GLVWA >= 4, current is 2

reject: Int8 requires GLVWB >= 4, current is 2
rejecting solution 
Cijk_Alik_Bljk_I8II_BH_GB_MT64x64x8_SN_1LDSB0_APM1_AAIGTEn1_AAILTEn1_AAV0_ABV0_ACED0_AF0EM1_AF1EM1_AMAS3_ASE_ASGT_ASLT_ASM_ASAE01_ASBE01_ASCE01_ASDE01_ASEM1_AAC0_BL1_BS1_CU
M0_CDO0_CTDA0_CLR0_DSK0_DRA0_DU8_DULD1_DTLA0_DTLB0_DTVA0_DTVB0_DAF0_DKP0_DVO0_ETSP_EPS1_ELFLR0_EMLL0_FSSC10_F16AI0_F16AIR0_FL0_GLVWA2_GLVWB2_GR2A1_GR2B1_GRCGA1_GRCGB1_GRCVA
1_GRCVB1_GRPM1_GRVW4_GSU1_GSUASB_GSUAA0_GSUSARR1_GSUWGMRR0_GLS0_ISA1201_IU1_IA0_KLA_LEL0_LBSPPA0_LBSPPB0_LPA4_LPB4_LDL1_LR2A1_LR2B1_LRVW4_LW2A1_LW2B1_LWPMn1_LDW0_LT1_FMA_MI
AV0_MTSM64_MTSM1_MDA2_MI_MO40_MVN256_MMFSC_MKFGSU256_MVN0_NR0_NTA0_NTB0_NTC0_NTD0_NEPBS0_NLCA1_NLCB1_ONLL1_OPLV0_PBD0_PFD1_PG2_PSD0_PSLn1_PWCn1_PWLn1_PK0_PKAB0_PAP0_PAPM0_P
GR1_PLR1_PKA0_RK0_SGR1_SIA1_SLW1_SS0_SU0_SUM0_SUS0_SCIU0_SCIUE0_SCIUI1_SCIUPL0_SPO0_SRVW0_SSO0_SVW4_SK0_SKA0_SKXCCM0_SNLL0_TSGRA0_TSGRB0_TT4_4_TLDS0_UIIDU0_UMLDSA0_UMLDSB0_
UMF0_U64SL1_UIOFGRO0_USFGROn1_VAW1_VSn1_VW4_VWB4_VFLRP0_WSGRA0_WSGRB0_WS32_WG16_16_1_WGM8_WGMTB

reject: VectorWidth must be >= 4 for Int8 or 8bitFloat

reject: Int8 requires GLVWA >= 4, current is 2

reject: Int8 requires GLVWB >= 4, current is 2
rejecting solution 
Cijk_Alik_Bljk_I8II_BH_GB_MT64x64x8_SN_1LDSB0_APM1_AAIGTEn1_AAILTEn1_AAV0_ABV0_ACED0_AF0EM1_AF1EM1_AMAS0_ASE_ASGT_ASLT_ASM_ASAE01_ASBE01_ASCE01_ASDE01_ASEM1_AAC0_BL1_BS1_CU
M0_CDO0_CTDA0_CLR0_DSK0_DRA0_DU8_DULD1_DTLA0_DTLB0_DTVA0_DTVB0_DAF0_DKP0_DVO0_ETSP_EPS1_ELFLR0_EMLL0_FSSC10_F16AI0_F16AIR0_FL0_GLVWA2_GLVWB2_GR2A1_GR2B1_GRCGA1_GRCGB1_GRCVA
1_GRCVB1_GRPM1_GRVW8_GSU1_GSUASB_GSUAA0_GSUSARR1_GSUWGMRR0_GLS0_ISA1201_IU1_IA0_KLA_LEL0_LBSPPA0_LBSPPB0_LPA1_LPB1_LDL1_LR2A1_LR2B1_LRVW1_LW2A1_LW2B1_LWPMn1_LDW0_LT1_FMA_MI
AV0_MTSM64_MTSM1_MDA2_MI_MO40_MVN256_MMFSC_MKFGSU256_MVN0_NR0_NTA0_NTB0_NTC0_NTD0_NEPBS0_NLCA1_NLCB1_ONLL1_OPLV0_PBD0_PFD1_PG2_PSD0_PSLn1_PWCn1_PWLn1_PK0_PKAB0_PAP0_PAPM0_P
GR1_PLR1_PKA0_RK0_SGR1_SIA1_SLW1_SS0_SU0_SUM0_SUS0_SCIU0_SCIUE0_SCIUI1_SCIUPL0_SPO0_SRVW0_SSO0_SVW4_SK0_SKA0_SKXCCM0_SNLL0_TSGRA0_TSGRB0_TT4_4_TLDS0_UIIDU0_UMLDSA0_UMLDSB0_
UMF0_U64SL1_UIOFGRO0_USFGROn1_VAW1_VSn1_VW1_VWB1_VFLRP0_WSGRA0_WSGRB0_WS32_WG16_16_1_WGM8_WGMTB

reject: VectorWidth must be >= 4 for Int8 or 8bitFloat

reject: Int8 requires GLVWA >= 4, current is 2

reject: Int8 requires GLVWB >= 4, current is 2
rejecting solution 
Cijk_Alik_Bljk_I8II_BH_GB_MT64x64x8_SN_1LDSB0_APM1_AAIGTEn1_AAILTEn1_AAV0_ABV0_ACED0_AF0EM1_AF1EM1_AMAS3_ASE_ASGT_ASLT_ASM_ASAE01_ASBE01_ASCE01_ASDE01_ASEM1_AAC0_BL1_BS1_CU
M0_CDO0_CTDA0_CLR0_DSK0_DRA0_DU8_DULD1_DTLA0_DTLB0_DTVA0_DTVB0_DAF0_DKP0_DVO0_ETSP_EPS1_ELFLR0_EMLL0_FSSC10_F16AI0_F16AIR0_FL0_GLVWA2_GLVWB2_GR2A1_GR2B1_GRCGA1_GRCGB1_GRCVA
1_GRCVB1_GRPM1_GRVW8_GSU1_GSUASB_GSUAA0_GSUSARR1_GSUWGMRR0_GLS0_ISA1201_IU1_IA0_KLA_LEL0_LBSPPA0_LBSPPB0_LPA2_LPB2_LDL1_LR2A1_LR2B1_LRVW2_LW2A1_LW2B1_LWPMn1_LDW0_LT1_FMA_MI
AV0_MTSM64_MTSM1_MDA2_MI_MO40_MVN256_MMFSC_MKFGSU256_MVN0_NR0_NTA0_NTB0_NTC0_NTD0_NEPBS0_NLCA1_NLCB1_ONLL1_OPLV0_PBD0_PFD1_PG2_PSD0_PSLn1_PWCn1_PWLn1_PK0_PKAB0_PAP0_PAPM0_P
GR1_PLR1_PKA0_RK0_SGR1_SIA1_SLW1_SS0_SU0_SUM0_SUS0_SCIU0_SCIUE0_SCIUI1_SCIUPL0_SPO0_SRVW0_SSO0_SVW4_SK0_SKA0_SKXCCM0_SNLL0_TSGRA0_TSGRB0_TT4_4_TLDS0_UIIDU0_UMLDSA0_UMLDSB0_
UMF0_U64SL1_UIOFGRO0_USFGROn1_VAW1_VSn1_VW2_VWB2_VFLRP0_WSGRA0_WSGRB0_WS32_WG16_16_1_WGM8_WGMTB

reject: Int8 requires GLVWA >= 4, current is 2

reject: Int8 requires GLVWB >= 4, current is 2
rejecting solution 
Cijk_Alik_Bljk_I8II_BH_GB_MT64x64x8_SN_1LDSB0_APM1_AAIGTEn1_AAILTEn1_AAV0_ABV0_ACED0_AF0EM1_AF1EM1_AMAS3_ASE_ASGT_ASLT_ASM_ASAE01_ASBE01_ASCE01_ASDE01_ASEM1_AAC0_BL1_BS1_CU
M0_CDO0_CTDA0_CLR0_DSK0_DRA0_DU8_DULD1_DTLA0_DTLB0_DTVA0_DTVB0_DAF0_DKP0_DVO0_ETSP_EPS1_ELFLR0_EMLL0_FSSC10_F16AI0_F16AIR0_FL0_GLVWA2_GLVWB2_GR2A1_GR2B1_GRCGA1_GRCGB1_GRCVA
1_GRCVB1_GRPM1_GRVW8_GSU1_GSUASB_GSUAA0_GSUSARR1_GSUWGMRR0_GLS0_ISA1201_IU1_IA0_KLA_LEL0_LBSPPA0_LBSPPB0_LPA4_LPB4_LDL1_LR2A1_LR2B1_LRVW4_LW2A1_LW2B1_LWPMn1_LDW0_LT1_FMA_MI
AV0_MTSM64_MTSM1_MDA2_MI_MO40_MVN256_MMFSC_MKFGSU256_MVN0_NR0_NTA0_NTB0_NTC0_NTD0_NEPBS0_NLCA1_NLCB1_ONLL1_OPLV0_PBD0_PFD1_PG2_PSD0_PSLn1_PWCn1_PWLn1_PK0_PKAB0_PAP0_PAPM0_P
GR1_PLR1_PKA0_RK0_SGR1_SIA1_SLW1_SS0_SU0_SUM0_SUS0_SCIU0_SCIUE0_SCIUI1_SCIUPL0_SPO0_SRVW0_SSO0_SVW4_SK0_SKA0_SKXCCM0_SNLL0_TSGRA0_TSGRB0_TT4_4_TLDS0_UIIDU0_UMLDSA0_UMLDSB0_
UMF0_U64SL1_UIOFGRO0_USFGROn1_VAW1_VSn1_VW4_VWB4_VFLRP0_WSGRA0_WSGRB0_WS32_WG16_16_1_WGM8_WGMTB

reject: VectorWidth must be >= 4 for Int8 or 8bitFloat

reject: Int8 requires GLVWA >= 4, current is 2

reject: Int8 requires GLVWB >= 4, current is 2
rejecting solution 
Cijk_Alik_Bljk_I8II_BH_GB_MT64x64x8_SN_1LDSB0_APM1_AAIGTEn1_AAILTEn1_AAV0_ABV0_ACED0_AF0EM1_AF1EM1_AMAS0_ASE_ASGT_ASLT_ASM_ASAE01_ASBE01_ASCE01_ASDE01_ASEM1_AAC0_BL1_BS1_CU
M0_CDO0_CTDA0_CLR0_DSK0_DRA0_DU8_DULD1_DTLA0_DTLB0_DTVA0_DTVB0_DAF0_DKP0_DVO0_ETSP_EPS1_ELFLR0_EMLL0_FSSC10_F16AI0_F16AIR0_FL0_GLVWA2_GLVWB2_GR2A1_GR2B1_GRCGA1_GRCGB1_GRCVA
1_GRCVB1_GRPM1_GRVW16_GSU1_GSUASB_GSUAA0_GSUSARR1_GSUWGMRR0_GLS0_ISA1201_IU1_IA0_KLA_LEL0_LBSPPA0_LBSPPB0_LPA1_LPB1_LDL1_LR2A1_LR2B1_LRVW1_LW2A1_LW2B1_LWPMn1_LDW0_LT1_FMA_M
IAV0_MTSM64_MTSM1_MDA2_MI_MO40_MVN256_MMFSC_MKFGSU256_MVN0_NR0_NTA0_NTB0_NTC0_NTD0_NEPBS0_NLCA1_NLCB1_ONLL1_OPLV0_PBD0_PFD1_PG2_PSD0_PSLn1_PWCn1_PWLn1_PK0_PKAB0_PAP0_PAPM0_
PGR1_PLR1_PKA0_RK0_SGR1_SIA1_SLW1_SS0_SU0_SUM0_SUS0_SCIU0_SCIUE0_SCIUI1_SCIUPL0_SPO0_SRVW0_SSO0_SVW4_SK0_SKA0_SKXCCM0_SNLL0_TSGRA0_TSGRB0_TT4_4_TLDS0_UIIDU0_UMLDSA0_UMLDSB0
_UMF0_U64SL1_UIOFGRO0_USFGROn1_VAW1_VSn1_VW1_VWB1_VFLRP0_WSGRA0_WSGRB0_WS32_WG16_16_1_WGM8_WGMTB

reject: VectorWidth must be >= 4 for Int8 or 8bitFloat

reject: Int8 requires GLVWA >= 4, current is 2

reject: Int8 requires GLVWB >= 4, current is 2
rejecting solution 
Cijk_Alik_Bljk_I8II_BH_GB_MT64x64x8_SN_1LDSB0_APM1_AAIGTEn1_AAILTEn1_AAV0_ABV0_ACED0_AF0EM1_AF1EM1_AMAS3_ASE_ASGT_ASLT_ASM_ASAE01_ASBE01_ASCE01_ASDE01_ASEM1_AAC0_BL1_BS1_CU
M0_CDO0_CTDA0_CLR0_DSK0_DRA0_DU8_DULD1_DTLA0_DTLB0_DTVA0_DTVB0_DAF0_DKP0_DVO0_ETSP_EPS1_ELFLR0_EMLL0_FSSC10_F16AI0_F16AIR0_FL0_GLVWA2_GLVWB2_GR2A1_GR2B1_GRCGA1_GRCGB1_GRCVA
1_GRCVB1_GRPM1_GRVW16_GSU1_GSUASB_GSUAA0_GSUSARR1_GSUWGMRR0_GLS0_ISA1201_IU1_IA0_KLA_LEL0_LBSPPA0_LBSPPB0_LPA2_LPB2_LDL1_LR2A1_LR2B1_LRVW2_LW2A1_LW2B1_LWPMn1_LDW0_LT1_FMA_M
IAV0_MTSM64_MTSM1_MDA2_MI_MO40_MVN256_MMFSC_MKFGSU256_MVN0_NR0_NTA0_NTB0_NTC0_NTD0_NEPBS0_NLCA1_NLCB1_ONLL1_OPLV0_PBD0_PFD1_PG2_PSD0_PSLn1_PWCn1_PWLn1_PK0_PKAB0_PAP0_PAPM0_
PGR1_PLR1_PKA0_RK0_SGR1_SIA1_SLW1_SS0_SU0_SUM0_SUS0_SCIU0_SCIUE0_SCIUI1_SCIUPL0_SPO0_SRVW0_SSO0_SVW4_SK0_SKA0_SKXCCM0_SNLL0_TSGRA0_TSGRB0_TT4_4_TLDS0_UIIDU0_UMLDSA0_UMLDSB0
_UMF0_U64SL1_UIOFGRO0_USFGROn1_VAW1_VSn1_VW2_VWB2_VFLRP0_WSGRA0_WSGRB0_WS32_WG16_16_1_WGM8_WGMTB

reject: Int8 requires GLVWA >= 4, current is 2

reject: Int8 requires GLVWB >= 4, current is 2
rejecting solution 
Cijk_Alik_Bljk_I8II_BH_GB_MT64x64x8_SN_1LDSB0_APM1_AAIGTEn1_AAILTEn1_AAV0_ABV0_ACED0_AF0EM1_AF1EM1_AMAS3_ASE_ASGT_ASLT_ASM_ASAE01_ASBE01_ASCE01_ASDE01_ASEM1_AAC0_BL1_BS1_CU
M0_CDO0_CTDA0_CLR0_DSK0_DRA0_DU8_DULD1_DTLA0_DTLB0_DTVA0_DTVB0_DAF0_DKP0_DVO0_ETSP_EPS1_ELFLR0_EMLL0_FSSC10_F16AI0_F16AIR0_FL0_GLVWA2_GLVWB2_GR2A1_GR2B1_GRCGA1_GRCGB1_GRCVA
1_GRCVB1_GRPM1_GRVW16_GSU1_GSUASB_GSUAA0_GSUSARR1_GSUWGMRR0_GLS0_ISA1201_IU1_IA0_KLA_LEL0_LBSPPA0_LBSPPB0_LPA4_LPB4_LDL1_LR2A1_LR2B1_LRVW4_LW2A1_LW2B1_LWPMn1_LDW0_LT1_FMA_M
IAV0_MTSM64_MTSM1_MDA2_MI_MO40_MVN256_MMFSC_MKFGSU256_MVN0_NR0_NTA0_NTB0_NTC0_NTD0_NEPBS0_NLCA1_NLCB1_ONLL1_OPLV0_PBD0_PFD1_PG2_PSD0_PSLn1_PWCn1_PWLn1_PK0_PKAB0_PAP0_PAPM0_
PGR1_PLR1_PKA0_RK0_SGR1_SIA1_SLW1_SS0_SU0_SUM0_SUS0_SCIU0_SCIUE0_SCIUI1_SCIUPL0_SPO0_SRVW0_SSO0_SVW4_SK0_SKA0_SKXCCM0_SNLL0_TSGRA0_TSGRB0_TT4_4_TLDS0_UIIDU0_UMLDSA0_UMLDSB0
_UMF0_U64SL1_UIOFGRO0_USFGROn1_VAW1_VSn1_VW4_VWB4_VFLRP0_WSGRA0_WSGRB0_WS32_WG16_16_1_WGM8_WGMTB

reject: VectorWidth must be >= 4 for Int8 or 8bitFloat

reject: Int8 requires GLVWA >= 4, current is 2

reject: Int8 requires GLVWB >= 4, current is 2
rejecting solution 
Cijk_Alik_Bljk_I8II_BH_GB_MT64x64x8_SN_1LDSB0_APM1_AAIGTEn1_AAILTEn1_AAV0_ABV0_ACED0_AF0EM1_AF1EM1_AMAS0_ASE_ASGT_ASLT_ASM_ASAE01_ASBE01_ASCE01_ASDE01_ASEM1_AAC0_BL1_BS1_CU
M0_CDO0_CTDA0_CLR0_DSK0_DRA0_DU8_DULD1_DTLA0_DTLB0_DTVA0_DTVB0_DAF0_DKP0_DVO0_ETSP_EPS1_ELFLR0_EMLL0_FSSC10_F16AI0_F16AIR0_FL0_GLVWA2_GLVWB2_GR2A1_GR2B1_GRCGA1_GRCGB1_GRCVA
1_GRCVB1_GRPM1_GRVW4_GSU1_GSUASB_GSUAA0_GSUSARR1_GSUWGMRR0_GLS0_ISA1201_IU1_IA0_KLA_LEL0_LBSPPA0_LBSPPB0_LPA1_LPB1_LDL1_LR2A1_LR2B1_LRVW1_LW2A1_LW2B1_LWPMn1_LDW0_LT1_FMA_MI
AV0_MTSM64_MTSM1_MDA2_MI_MO40_MVN256_MMFSC_MKFGSU256_MVN0_NR0_NTA0_NTB0_NTC0_NTD0_NEPBS0_NLCA1_NLCB1_ONLL1_OPLV0_PBD0_PFD1_PG2_PSD0_PSLn1_PWCn1_PWLn1_PK0_PKAB0_PAP0_PAPM0_P
GR1_PLR1_PKA0_RK0_SGR1_SIA1_SLW1_SS0_SU32_SUM0_SUS256_SCIU0_SCIUE0_SCIUI1_SCIUPL0_SPO0_SRVW0_SSO0_SVW4_SK0_SKA0_SKXCCM0_SNLL0_TSGRA0_TSGRB0_TT4_4_TLDS0_UIIDU0_UMLDSA0_UMLDS
B0_UMF0_U64SL1_UIOFGRO0_USFGROn1_VAW1_VSn1_VW1_VWB1_VFLRP0_WSGRA0_WSGRB0_WS32_WG16_16_1_WGM8_WGMTB

reject: VectorWidth must be >= 4 for Int8 or 8bitFloat

reject: Int8 requires GLVWA >= 4, current is 2

reject: Int8 requires GLVWB >= 4, current is 2
rejecting solution 
Cijk_Alik_Bljk_I8II_BH_GB_MT64x64x8_SN_1LDSB0_APM1_AAIGTEn1_AAILTEn1_AAV0_ABV0_ACED0_AF0EM1_AF1EM1_AMAS3_ASE_ASGT_ASLT_ASM_ASAE01_ASBE01_ASCE01_ASDE01_ASEM1_AAC0_BL1_BS1_CU
M0_CDO0_CTDA0_CLR0_DSK0_DRA0_DU8_DULD1_DTLA0_DTLB0_DTVA0_DTVB0_DAF0_DKP0_DVO0_ETSP_EPS1_ELFLR0_EMLL0_FSSC10_F16AI0_F16AIR0_FL0_GLVWA2_GLVWB2_GR2A1_GR2B1_GRCGA1_GRCGB1_GRCVA
1_GRCVB1_GRPM1_GRVW4_GSU1_GSUASB_GSUAA0_GSUSARR1_GSUWGMRR0_GLS0_ISA1201_IU1_IA0_KLA_LEL0_LBSPPA0_LBSPPB0_LPA2_LPB2_LDL1_LR2A1_LR2B1_LRVW2_LW2A1_LW2B1_LWPMn1_LDW0_LT1_FMA_MI
AV0_MTSM64_MTSM1_MDA2_MI_MO40_MVN256_MMFSC_MKFGSU256_MVN0_NR0_NTA0_NTB0_NTC0_NTD0_NEPBS0_NLCA1_NLCB1_ONLL1_OPLV0_PBD0_PFD1_PG2_PSD0_PSLn1_PWCn1_PWLn1_PK0_PKAB0_PAP0_PAPM0_P
GR1_PLR1_PKA0_RK0_SGR1_SIA1_SLW1_SS0_SU32_SUM0_SUS256_SCIU0_SCIUE0_SCIUI1_SCIUPL0_SPO0_SRVW0_SSO0_SVW4_SK0_SKA0_SKXCCM0_SNLL0_TSGRA0_TSGRB0_TT4_4_TLDS0_UIIDU0_UMLDSA0_UMLDS
B0_UMF0_U64SL1_UIOFGRO0_USFGROn1_VAW1_VSn1_VW2_VWB2_VFLRP0_WSGRA0_WSGRB0_WS32_WG16_16_1_WGM8_WGMTB

reject: Int8 requires GLVWA >= 4, current is 2

reject: Int8 requires GLVWB >= 4, current is 2
rejecting solution 
Cijk_Alik_Bljk_I8II_BH_GB_MT64x64x8_SN_1LDSB0_APM1_AAIGTEn1_AAILTEn1_AAV0_ABV0_ACED0_AF0EM1_AF1EM1_AMAS3_ASE_ASGT_ASLT_ASM_ASAE01_ASBE01_ASCE01_ASDE01_ASEM1_AAC0_BL1_BS1_CU
M0_CDO0_CTDA0_CLR0_DSK0_DRA0_DU8_DULD1_DTLA0_DTLB0_DTVA0_DTVB0_DAF0_DKP0_DVO0_ETSP_EPS1_ELFLR0_EMLL0_FSSC10_F16AI0_F16AIR0_FL0_GLVWA2_GLVWB2_GR2A1_GR2B1_GRCGA1_GRCGB1_GRCVA
1_GRCVB1_GRPM1_GRVW4_GSU1_GSUASB_GSUAA0_GSUSARR1_GSUWGMRR0_GLS0_ISA1201_IU1_IA0_KLA_LEL0_LBSPPA0_LBSPPB0_LPA4_LPB4_LDL1_LR2A1_LR2B1_LRVW4_LW2A1_LW2B1_LWPMn1_LDW0_LT1_FMA_MI
AV0_MTSM64_MTSM1_MDA2_MI_MO40_MVN256_MMFSC_MKFGSU256_MVN0_NR0_NTA0_NTB0_NTC0_NTD0_NEPBS0_NLCA1_NLCB1_ONLL1_OPLV0_PBD0_PFD1_PG2_PSD0_PSLn1_PWCn1_PWLn1_PK0_PKAB0_PAP0_PAPM0_P
GR1_PLR1_PKA0_RK0_SGR1_SIA1_SLW1_SS0_SU32_SUM0_SUS256_SCIU0_SCIUE0_SCIUI1_SCIUPL0_SPO0_SRVW0_SSO0_SVW4_SK0_SKA0_SKXCCM0_SNLL0_TSGRA0_TSGRB0_TT4_4_TLDS0_UIIDU0_UMLDSA0_UMLDS
B0_UMF0_U64SL1_UIOFGRO0_USFGROn1_VAW1_VSn1_VW4_VWB4_VFLRP0_WSGRA0_WSGRB0_WS32_WG16_16_1_WGM8_WGMTB

reject: VectorWidth must be >= 4 for Int8 or 8bitFloat

reject: Int8 requires GLVWA >= 4, current is 2

reject: Int8 requires GLVWB >= 4, current is 2
rejecting solution 
Cijk_Alik_Bljk_I8II_BH_GB_MT64x64x8_SN_1LDSB0_APM1_AAIGTEn1_AAILTEn1_AAV0_ABV0_ACED0_AF0EM1_AF1EM1_AMAS0_ASE_ASGT_ASLT_ASM_ASAE01_ASBE01_ASCE01_ASDE01_ASEM1_AAC0_BL1_BS1_CU
M0_CDO0_CTDA0_CLR0_DSK0_DRA0_DU8_DULD1_DTLA0_DTLB0_DTVA0_DTVB0_DAF0_DKP0_DVO0_ETSP_EPS1_ELFLR0_EMLL0_FSSC10_F16AI0_F16AIR0_FL0_GLVWA2_GLVWB2_GR2A1_GR2B1_GRCGA1_GRCGB1_GRCVA
1_GRCVB1_GRPM1_GRVW8_GSU1_GSUASB_GSUAA0_GSUSARR1_GSUWGMRR0_GLS0_ISA1201_IU1_IA0_KLA_LEL0_LBSPPA0_LBSPPB0_LPA1_LPB1_LDL1_LR2A1_LR2B1_LRVW1_LW2A1_LW2B1_LWPMn1_LDW0_LT1_FMA_MI
AV0_MTSM64_MTSM1_MDA2_MI_MO40_MVN256_MMFSC_MKFGSU256_MVN0_NR0_NTA0_NTB0_NTC0_NTD0_NEPBS0_NLCA1_NLCB1_ONLL1_OPLV0_PBD0_PFD1_PG2_PSD0_PSLn1_PWCn1_PWLn1_PK0_PKAB0_PAP0_PAPM0_P
GR1_PLR1_PKA0_RK0_SGR1_SIA1_SLW1_SS0_SU32_SUM0_SUS256_SCIU0_SCIUE0_SCIUI1_SCIUPL0_SPO0_SRVW0_SSO0_SVW4_SK0_SKA0_SKXCCM0_SNLL0_TSGRA0_TSGRB0_TT4_4_TLDS0_UIIDU0_UMLDSA0_UMLDS
B0_UMF0_U64SL1_UIOFGRO0_USFGROn1_VAW1_VSn1_VW1_VWB1_VFLRP0_WSGRA0_WSGRB0_WS32_WG16_16_1_WGM8_WGMTB

reject: VectorWidth must be >= 4 for Int8 or 8bitFloat

reject: Int8 requires GLVWA >= 4, current is 2

reject: Int8 requires GLVWB >= 4, current is 2
rejecting solution 
Cijk_Alik_Bljk_I8II_BH_GB_MT64x64x8_SN_1LDSB0_APM1_AAIGTEn1_AAILTEn1_AAV0_ABV0_ACED0_AF0EM1_AF1EM1_AMAS3_ASE_ASGT_ASLT_ASM_ASAE01_ASBE01_ASCE01_ASDE01_ASEM1_AAC0_BL1_BS1_CU
M0_CDO0_CTDA0_CLR0_DSK0_DRA0_DU8_DULD1_DTLA0_DTLB0_DTVA0_DTVB0_DAF0_DKP0_DVO0_ETSP_EPS1_ELFLR0_EMLL0_FSSC10_F16AI0_F16AIR0_FL0_GLVWA2_GLVWB2_GR2A1_GR2B1_GRCGA1_GRCGB1_GRCVA
1_GRCVB1_GRPM1_GRVW8_GSU1_GSUASB_GSUAA0_GSUSARR1_GSUWGMRR0_GLS0_ISA1201_IU1_IA0_KLA_LEL0_LBSPPA0_LBSPPB0_LPA2_LPB2_LDL1_LR2A1_LR2B1_LRVW2_LW2A1_LW2B1_LWPMn1_LDW0_LT1_FMA_MI
AV0_MTSM64_MTSM1_MDA2_MI_MO40_MVN256_MMFSC_MKFGSU256_MVN0_NR0_NTA0_NTB0_NTC0_NTD0_NEPBS0_NLCA1_NLCB1_ONLL1_OPLV0_PBD0_PFD1_PG2_PSD0_PSLn1_PWCn1_PWLn1_PK0_PKAB0_PAP0_PAPM0_P
GR1_PLR1_PKA0_RK0_SGR1_SIA1_SLW1_SS0_SU32_SUM0_SUS256_SCIU0_SCIUE0_SCIUI1_SCIUPL0_SPO0_SRVW0_SSO0_SVW4_SK0_SKA0_SKXCCM0_SNLL0_TSGRA0_TSGRB0_TT4_4_TLDS0_UIIDU0_UMLDSA0_UMLDS
B0_UMF0_U64SL1_UIOFGRO0_USFGROn1_VAW1_VSn1_VW2_VWB2_VFLRP0_WSGRA0_WSGRB0_WS32_WG16_16_1_WGM8_WGMTB

reject: Int8 requires GLVWA >= 4, current is 2

reject: Int8 requires GLVWB >= 4, current is 2
rejecting solution 
Cijk_Alik_Bljk_I8II_BH_GB_MT64x64x8_SN_1LDSB0_APM1_AAIGTEn1_AAILTEn1_AAV0_ABV0_ACED0_AF0EM1_AF1EM1_AMAS3_ASE_ASGT_ASLT_ASM_ASAE01_ASBE01_ASCE01_ASDE01_ASEM1_AAC0_BL1_BS1_CU
M0_CDO0_CTDA0_CLR0_DSK0_DRA0_DU8_DULD1_DTLA0_DTLB0_DTVA0_DTVB0_DAF0_DKP0_DVO0_ETSP_EPS1_ELFLR0_EMLL0_FSSC10_F16AI0_F16AIR0_FL0_GLVWA2_GLVWB2_GR2A1_GR2B1_GRCGA1_GRCGB1_GRCVA
1_GRCVB1_GRPM1_GRVW8_GSU1_GSUASB_GSUAA0_GSUSARR1_GSUWGMRR0_GLS0_ISA1201_IU1_IA0_KLA_LEL0_LBSPPA0_LBSPPB0_LPA4_LPB4_LDL1_LR2A1_LR2B1_LRVW4_LW2A1_LW2B1_LWPMn1_LDW0_LT1_FMA_MI
AV0_MTSM64_MTSM1_MDA2_MI_MO40_MVN256_MMFSC_MKFGSU256_MVN0_NR0_NTA0_NTB0_NTC0_NTD0_NEPBS0_NLCA1_NLCB1_ONLL1_OPLV0_PBD0_PFD1_PG2_PSD0_PSLn1_PWCn1_PWLn1_PK0_PKAB0_PAP0_PAPM0_P
GR1_PLR1_PKA0_RK0_SGR1_SIA1_SLW1_SS0_SU32_SUM0_SUS256_SCIU0_SCIUE0_SCIUI1_SCIUPL0_SPO0_SRVW0_SSO0_SVW4_SK0_SKA0_SKXCCM0_SNLL0_TSGRA0_TSGRB0_TT4_4_TLDS0_UIIDU0_UMLDSA0_UMLDS
B0_UMF0_U64SL1_UIOFGRO0_USFGROn1_VAW1_VSn1_VW4_VWB4_VFLRP0_WSGRA0_WSGRB0_WS32_WG16_16_1_WGM8_WGMTB

reject: VectorWidth must be >= 4 for Int8 or 8bitFloat

reject: Int8 requires GLVWA >= 4, current is 2

reject: Int8 requires GLVWB >= 4, current is 2
rejecting solution 
Cijk_Alik_Bljk_I8II_BH_GB_MT64x64x8_SN_1LDSB0_APM1_AAIGTEn1_AAILTEn1_AAV0_ABV0_ACED0_AF0EM1_AF1EM1_AMAS0_ASE_ASGT_ASLT_ASM_ASAE01_ASBE01_ASCE01_ASDE01_ASEM1_AAC0_BL1_BS1_CU
M0_CDO0_CTDA0_CLR0_DSK0_DRA0_DU8_DULD1_DTLA0_DTLB0_DTVA0_DTVB0_DAF0_DKP0_DVO0_ETSP_EPS1_ELFLR0_EMLL0_FSSC10_F16AI0_F16AIR0_FL0_GLVWA2_GLVWB2_GR2A1_GR2B1_GRCGA1_GRCGB1_GRCVA
1_GRCVB1_GRPM1_GRVW16_GSU1_GSUASB_GSUAA0_GSUSARR1_GSUWGMRR0_GLS0_ISA1201_IU1_IA0_KLA_LEL0_LBSPPA0_LBSPPB0_LPA1_LPB1_LDL1_LR2A1_LR2B1_LRVW1_LW2A1_LW2B1_LWPMn1_LDW0_LT1_FMA_M
IAV0_MTSM64_MTSM1_MDA2_MI_MO40_MVN256_MMFSC_MKFGSU256_MVN0_NR0_NTA0_NTB0_NTC0_NTD0_NEPBS0_NLCA1_NLCB1_ONLL1_OPLV0_PBD0_PFD1_PG2_PSD0_PSLn1_PWCn1_PWLn1_PK0_PKAB0_PAP0_PAPM0_
PGR1_PLR1_PKA0_RK0_SGR1_SIA1_SLW1_SS0_SU32_SUM0_SUS256_SCIU0_SCIUE0_SCIUI1_SCIUPL0_SPO0_SRVW0_SSO0_SVW4_SK0_SKA0_SKXCCM0_SNLL0_TSGRA0_TSGRB0_TT4_4_TLDS0_UIIDU0_UMLDSA0_UMLD
SB0_UMF0_U64SL1_UIOFGRO0_USFGROn1_VAW1_VSn1_VW1_VWB1_VFLRP0_WSGRA0_WSGRB0_WS32_WG16_16_1_WGM8_WGMTB

reject: VectorWidth must be >= 4 for Int8 or 8bitFloat

reject: Int8 requires GLVWA >= 4, current is 2

reject: Int8 requires GLVWB >= 4, current is 2
rejecting solution 
Cijk_Alik_Bljk_I8II_BH_GB_MT64x64x8_SN_1LDSB0_APM1_AAIGTEn1_AAILTEn1_AAV0_ABV0_ACED0_AF0EM1_AF1EM1_AMAS3_ASE_ASGT_ASLT_ASM_ASAE01_ASBE01_ASCE01_ASDE01_ASEM1_AAC0_BL1_BS1_CU
M0_CDO0_CTDA0_CLR0_DSK0_DRA0_DU8_DULD1_DTLA0_DTLB0_DTVA0_DTVB0_DAF0_DKP0_DVO0_ETSP_EPS1_ELFLR0_EMLL0_FSSC10_F16AI0_F16AIR0_FL0_GLVWA2_GLVWB2_GR2A1_GR2B1_GRCGA1_GRCGB1_GRCVA
1_GRCVB1_GRPM1_GRVW16_GSU1_GSUASB_GSUAA0_GSUSARR1_GSUWGMRR0_GLS0_ISA1201_IU1_IA0_KLA_LEL0_LBSPPA0_LBSPPB0_LPA2_LPB2_LDL1_LR2A1_LR2B1_LRVW2_LW2A1_LW2B1_LWPMn1_LDW0_LT1_FMA_M
IAV0_MTSM64_MTSM1_MDA2_MI_MO40_MVN256_MMFSC_MKFGSU256_MVN0_NR0_NTA0_NTB0_NTC0_NTD0_NEPBS0_NLCA1_NLCB1_ONLL1_OPLV0_PBD0_PFD1_PG2_PSD0_PSLn1_PWCn1_PWLn1_PK0_PKAB0_PAP0_PAPM0_
PGR1_PLR1_PKA0_RK0_SGR1_SIA1_SLW1_SS0_SU32_SUM0_SUS256_SCIU0_SCIUE0_SCIUI1_SCIUPL0_SPO0_SRVW0_SSO0_SVW4_SK0_SKA0_SKXCCM0_SNLL0_TSGRA0_TSGRB0_TT4_4_TLDS0_UIIDU0_UMLDSA0_UMLD
SB0_UMF0_U64SL1_UIOFGRO0_USFGROn1_VAW1_VSn1_VW2_VWB2_VFLRP0_WSGRA0_WSGRB0_WS32_WG16_16_1_WGM8_WGMTB

reject: Int8 requires GLVWA >= 4, current is 2

reject: Int8 requires GLVWB >= 4, current is 2
rejecting solution 
Cijk_Alik_Bljk_I8II_BH_GB_MT64x64x8_SN_1LDSB0_APM1_AAIGTEn1_AAILTEn1_AAV0_ABV0_ACED0_AF0EM1_AF1EM1_AMAS3_ASE_ASGT_ASLT_ASM_ASAE01_ASBE01_ASCE01_ASDE01_ASEM1_AAC0_BL1_BS1_CU
M0_CDO0_CTDA0_CLR0_DSK0_DRA0_DU8_DULD1_DTLA0_DTLB0_DTVA0_DTVB0_DAF0_DKP0_DVO0_ETSP_EPS1_ELFLR0_EMLL0_FSSC10_F16AI0_F16AIR0_FL0_GLVWA2_GLVWB2_GR2A1_GR2B1_GRCGA1_GRCGB1_GRCVA
1_GRCVB1_GRPM1_GRVW16_GSU1_GSUASB_GSUAA0_GSUSARR1_GSUWGMRR0_GLS0_ISA1201_IU1_IA0_KLA_LEL0_LBSPPA0_LBSPPB0_LPA4_LPB4_LDL1_LR2A1_LR2B1_LRVW4_LW2A1_LW2B1_LWPMn1_LDW0_LT1_FMA_M
IAV0_MTSM64_MTSM1_MDA2_MI_MO40_MVN256_MMFSC_MKFGSU256_MVN0_NR0_NTA0_NTB0_NTC0_NTD0_NEPBS0_NLCA1_NLCB1_ONLL1_OPLV0_PBD0_PFD1_PG2_PSD0_PSLn1_PWCn1_PWLn1_PK0_PKAB0_PAP0_PAPM0_
PGR1_PLR1_PKA0_RK0_SGR1_SIA1_SLW1_SS0_SU32_SUM0_SUS256_SCIU0_SCIUE0_SCIUI1_SCIUPL0_SPO0_SRVW0_SSO0_SVW4_SK0_SKA0_SKXCCM0_SNLL0_TSGRA0_TSGRB0_TT4_4_TLDS0_UIIDU0_UMLDSA0_UMLD
SB0_UMF0_U64SL1_UIOFGRO0_USFGROn1_VAW1_VSn1_VW4_VWB4_VFLRP0_WSGRA0_WSGRB0_WS32_WG16_16_1_WGM8_WGMTB

reject: VectorWidth must be >= 4 for Int8 or 8bitFloat

reject: Int8 requires GLVWB >= 4, current is 2
rejecting solution 
Cijk_Alik_Bljk_I8II_BH_GB_MT128x64x8_SN_1LDSB0_APM1_AAIGTEn1_AAILTEn1_AAV0_ABV0_ACED0_AF0EM1_AF1EM1_AMAS0_ASE_ASGT_ASLT_ASM_ASAE01_ASBE01_ASCE01_ASDE01_ASEM1_AAC0_BL1_BS1_C
UM0_CDO0_CTDA0_CLR0_DSK0_DRA0_DU8_DULD1_DTLA0_DTLB0_DTVA0_DTVB0_DAF0_DKP0_DVO0_ETSP_EPS1_ELFLR0_EMLL0_FSSC10_F16AI0_F16AIR0_FL0_GLVWA4_GLVWB2_GR2A1_GR2B1_GRCGA1_GRCGB1_GRCV
A1_GRCVB1_GRPM1_GRVW4_GSU1_GSUASB_GSUAA0_GSUSARR1_GSUWGMRR0_GLS0_ISA1201_IU1_IA0_KLA_LEL0_LBSPPA0_LBSPPB0_LPA1_LPB1_LDL1_LR2A1_LR2B1_LRVW1_LW2A1_LW2B1_LWPMn1_LDW0_LT1_FMA_M
IAV0_MTSM64_MTSM1_MDA2_MI_MO40_MVN256_MMFSC_MKFGSU256_MVN0_NR0_NTA0_NTB0_NTC0_NTD0_NEPBS0_NLCA1_NLCB1_ONLL1_OPLV0_PBD0_PFD1_PG2_PSD0_PSLn1_PWCn1_PWLn1_PK0_PKAB0_PAP0_PAPM0_
PGR1_PLR1_PKA0_RK0_SGR1_SIA1_SLW1_SS0_SU0_SUM0_SUS0_SCIU0_SCIUE0_SCIUI1_SCIUPL0_SPO0_SRVW0_SSO0_SVW4_SK0_SKA0_SKXCCM0_SNLL0_TSGRA0_TSGRB0_TT8_4_TLDS0_UIIDU0_UMLDSA0_UMLDSB0
_UMF0_U64SL1_UIOFGRO0_USFGROn1_VAW1_VSn1_VW1_VWB1_VFLRP0_WSGRA0_WSGRB0_WS32_WG16_16_1_WGM8_WGMTB

reject: VectorWidth must be >= 4 for Int8 or 8bitFloat

reject: Int8 requires GLVWB >= 4, current is 2
rejecting solution 
Cijk_Alik_Bljk_I8II_BH_GB_MT128x64x8_SN_1LDSB0_APM1_AAIGTEn1_AAILTEn1_AAV0_ABV0_ACED0_AF0EM1_AF1EM1_AMAS3_ASE_ASGT_ASLT_ASM_ASAE01_ASBE01_ASCE01_ASDE01_ASEM1_AAC0_BL1_BS1_C
UM0_CDO0_CTDA0_CLR0_DSK0_DRA0_DU8_DULD1_DTLA0_DTLB0_DTVA0_DTVB0_DAF0_DKP0_DVO0_ETSP_EPS1_ELFLR0_EMLL0_FSSC10_F16AI0_F16AIR0_FL0_GLVWA4_GLVWB2_GR2A1_GR2B1_GRCGA1_GRCGB1_GRCV
A1_GRCVB1_GRPM1_GRVW4_GSU1_GSUASB_GSUAA0_GSUSARR1_GSUWGMRR0_GLS0_ISA1201_IU1_IA0_KLA_LEL0_LBSPPA0_LBSPPB0_LPA2_LPB2_LDL1_LR2A1_LR2B1_LRVW2_LW2A1_LW2B1_LWPMn1_LDW0_LT1_FMA_M
IAV0_MTSM64_MTSM1_MDA2_MI_MO40_MVN256_MMFSC_MKFGSU256_MVN0_NR0_NTA0_NTB0_NTC0_NTD0_NEPBS0_NLCA1_NLCB1_ONLL1_OPLV0_PBD0_PFD1_PG2_PSD0_PSLn1_PWCn1_PWLn1_PK0_PKAB0_PAP0_PAPM0_
PGR1_PLR1_PKA0_RK0_SGR1_SIA1_SLW1_SS0_SU0_SUM0_SUS0_SCIU0_SCIUE0_SCIUI1_SCIUPL0_SPO0_SRVW0_SSO0_SVW4_SK0_SKA0_SKXCCM0_SNLL0_TSGRA0_TSGRB0_TT8_4_TLDS0_UIIDU0_UMLDSA0_UMLDSB0
_UMF0_U64SL1_UIOFGRO0_USFGROn1_VAW1_VSn1_VW2_VWB2_VFLRP0_WSGRA0_WSGRB0_WS32_WG16_16_1_WGM8_WGMTB

reject: Int8 requires GLVWB >= 4, current is 2
rejecting solution 
Cijk_Alik_Bljk_I8II_BH_GB_MT128x64x8_SN_1LDSB0_APM1_AAIGTEn1_AAILTEn1_AAV0_ABV0_ACED0_AF0EM1_AF1EM1_AMAS3_ASE_ASGT_ASLT_ASM_ASAE01_ASBE01_ASCE01_ASDE01_ASEM1_AAC0_BL1_BS1_C
UM0_CDO0_CTDA0_CLR0_DSK0_DRA0_DU8_DULD1_DTLA0_DTLB0_DTVA0_DTVB0_DAF0_DKP0_DVO0_ETSP_EPS1_ELFLR0_EMLL0_FSSC10_F16AI0_F16AIR0_FL0_GLVWA4_GLVWB2_GR2A1_GR2B1_GRCGA1_GRCGB1_GRCV
A1_GRCVB1_GRPM1_GRVW4_GSU1_GSUASB_GSUAA0_GSUSARR1_GSUWGMRR0_GLS0_ISA1201_IU1_IA0_KLA_LEL0_LBSPPA0_LBSPPB0_LPA4_LPB4_LDL1_LR2A1_LR2B1_LRVW4_LW2A1_LW2B1_LWPMn1_LDW0_LT1_FMA_M
IAV0_MTSM64_MTSM1_MDA2_MI_MO40_MVN256_MMFSC_MKFGSU256_MVN0_NR0_NTA0_NTB0_NTC0_NTD0_NEPBS0_NLCA1_NLCB1_ONLL1_OPLV0_PBD0_PFD1_PG2_PSD0_PSLn1_PWCn1_PWLn1_PK0_PKAB0_PAP0_PAPM0_
PGR1_PLR1_PKA0_RK0_SGR1_SIA1_SLW1_SS0_SU0_SUM0_SUS0_SCIU0_SCIUE0_SCIUI1_SCIUPL0_SPO0_SRVW0_SSO0_SVW4_SK0_SKA0_SKXCCM0_SNLL0_TSGRA0_TSGRB0_TT8_4_TLDS0_UIIDU0_UMLDSA0_UMLDSB0
_UMF0_U64SL1_UIOFGRO0_USFGROn1_VAW1_VSn1_VW4_VWB4_VFLRP0_WSGRA0_WSGRB0_WS32_WG16_16_1_WGM8_WGMTB

reject: VectorWidth must be >= 4 for Int8 or 8bitFloat

reject: Int8 requires GLVWB >= 4, current is 2
rejecting solution 
Cijk_Alik_Bljk_I8II_BH_GB_MT128x64x8_SN_1LDSB0_APM1_AAIGTEn1_AAILTEn1_AAV0_ABV0_ACED0_AF0EM1_AF1EM1_AMAS0_ASE_ASGT_ASLT_ASM_ASAE01_ASBE01_ASCE01_ASDE01_ASEM1_AAC0_BL1_BS1_C
UM0_CDO0_CTDA0_CLR0_DSK0_DRA0_DU8_DULD1_DTLA0_DTLB0_DTVA0_DTVB0_DAF0_DKP0_DVO0_ETSP_EPS1_ELFLR0_EMLL0_FSSC10_F16AI0_F16AIR0_FL0_GLVWA4_GLVWB2_GR2A1_GR2B1_GRCGA1_GRCGB1_GRCV
A1_GRCVB1_GRPM1_GRVW8_GSU1_GSUASB_GSUAA0_GSUSARR1_GSUWGMRR0_GLS0_ISA1201_IU1_IA0_KLA_LEL0_LBSPPA0_LBSPPB0_LPA1_LPB1_LDL1_LR2A1_LR2B1_LRVW1_LW2A1_LW2B1_LWPMn1_LDW0_LT1_FMA_M
IAV0_MTSM64_MTSM1_MDA2_MI_MO40_MVN256_MMFSC_MKFGSU256_MVN0_NR0_NTA0_NTB0_NTC0_NTD0_NEPBS0_NLCA1_NLCB1_ONLL1_OPLV0_PBD0_PFD1_PG2_PSD0_PSLn1_PWCn1_PWLn1_PK0_PKAB0_PAP0_PAPM0_
PGR1_PLR1_PKA0_RK0_SGR1_SIA1_SLW1_SS0_SU0_SUM0_SUS0_SCIU0_SCIUE0_SCIUI1_SCIUPL0_SPO0_SRVW0_SSO0_SVW4_SK0_SKA0_SKXCCM0_SNLL0_TSGRA0_TSGRB0_TT8_4_TLDS0_UIIDU0_UMLDSA0_UMLDSB0
_UMF0_U64SL1_UIOFGRO0_USFGROn1_VAW1_VSn1_VW1_VWB1_VFLRP0_WSGRA0_WSGRB0_WS32_WG16_16_1_WGM8_WGMTB

reject: VectorWidth must be >= 4 for Int8 or 8bitFloat

reject: Int8 requires GLVWB >= 4, current is 2
rejecting solution 
Cijk_Alik_Bljk_I8II_BH_GB_MT128x64x8_SN_1LDSB0_APM1_AAIGTEn1_AAILTEn1_AAV0_ABV0_ACED0_AF0EM1_AF1EM1_AMAS3_ASE_ASGT_ASLT_ASM_ASAE01_ASBE01_ASCE01_ASDE01_ASEM1_AAC0_BL1_BS1_C
UM0_CDO0_CTDA0_CLR0_DSK0_DRA0_DU8_DULD1_DTLA0_DTLB0_DTVA0_DTVB0_DAF0_DKP0_DVO0_ETSP_EPS1_ELFLR0_EMLL0_FSSC10_F16AI0_F16AIR0_FL0_GLVWA4_GLVWB2_GR2A1_GR2B1_GRCGA1_GRCGB1_GRCV
A1_GRCVB1_GRPM1_GRVW8_GSU1_GSUASB_GSUAA0_GSUSARR1_GSUWGMRR0_GLS0_ISA1201_IU1_IA0_KLA_LEL0_LBSPPA0_LBSPPB0_LPA2_LPB2_LDL1_LR2A1_LR2B1_LRVW2_LW2A1_LW2B1_LWPMn1_LDW0_LT1_FMA_M
IAV0_MTSM64_MTSM1_MDA2_MI_MO40_MVN256_MMFSC_MKFGSU256_MVN0_NR0_NTA0_NTB0_NTC0_NTD0_NEPBS0_NLCA1_NLCB1_ONLL1_OPLV0_PBD0_PFD1_PG2_PSD0_PSLn1_PWCn1_PWLn1_PK0_PKAB0_PAP0_PAPM0_
PGR1_PLR1_PKA0_RK0_SGR1_SIA1_SLW1_SS0_SU0_SUM0_SUS0_SCIU0_SCIUE0_SCIUI1_SCIUPL0_SPO0_SRVW0_SSO0_SVW4_SK0_SKA0_SKXCCM0_SNLL0_TSGRA0_TSGRB0_TT8_4_TLDS0_UIIDU0_UMLDSA0_UMLDSB0
_UMF0_U64SL1_UIOFGRO0_USFGROn1_VAW1_VSn1_VW2_VWB2_VFLRP0_WSGRA0_WSGRB0_WS32_WG16_16_1_WGM8_WGMTB

reject: Int8 requires GLVWB >= 4, current is 2
rejecting solution 
Cijk_Alik_Bljk_I8II_BH_GB_MT128x64x8_SN_1LDSB0_APM1_AAIGTEn1_AAILTEn1_AAV0_ABV0_ACED0_AF0EM1_AF1EM1_AMAS3_ASE_ASGT_ASLT_ASM_ASAE01_ASBE01_ASCE01_ASDE01_ASEM1_AAC0_BL1_BS1_C
UM0_CDO0_CTDA0_CLR0_DSK0_DRA0_DU8_DULD1_DTLA0_DTLB0_DTVA0_DTVB0_DAF0_DKP0_DVO0_ETSP_EPS1_ELFLR0_EMLL0_FSSC10_F16AI0_F16AIR0_FL0_GLVWA4_GLVWB2_GR2A1_GR2B1_GRCGA1_GRCGB1_GRCV
A1_GRCVB1_GRPM1_GRVW8_GSU1_GSUASB_GSUAA0_GSUSARR1_GSUWGMRR0_GLS0_ISA1201_IU1_IA0_KLA_LEL0_LBSPPA0_LBSPPB0_LPA4_LPB4_LDL1_LR2A1_LR2B1_LRVW4_LW2A1_LW2B1_LWPMn1_LDW0_LT1_FMA_M
IAV0_MTSM64_MTSM1_MDA2_MI_MO40_MVN256_MMFSC_MKFGSU256_MVN0_NR0_NTA0_NTB0_NTC0_NTD0_NEPBS0_NLCA1_NLCB1_ONLL1_OPLV0_PBD0_PFD1_PG2_PSD0_PSLn1_PWCn1_PWLn1_PK0_PKAB0_PAP0_PAPM0_
PGR1_PLR1_PKA0_RK0_SGR1_SIA1_SLW1_SS0_SU0_SUM0_SUS0_SCIU0_SCIUE0_SCIUI1_SCIUPL0_SPO0_SRVW0_SSO0_SVW4_SK0_SKA0_SKXCCM0_SNLL0_TSGRA0_TSGRB0_TT8_4_TLDS0_UIIDU0_UMLDSA0_UMLDSB0
_UMF0_U64SL1_UIOFGRO0_USFGROn1_VAW1_VSn1_VW4_VWB4_VFLRP0_WSGRA0_WSGRB0_WS32_WG16_16_1_WGM8_WGMTB

reject: VectorWidth must be >= 4 for Int8 or 8bitFloat

reject: Int8 requires GLVWB >= 4, current is 2
rejecting solution 
Cijk_Alik_Bljk_I8II_BH_GB_MT128x64x8_SN_1LDSB0_APM1_AAIGTEn1_AAILTEn1_AAV0_ABV0_ACED0_AF0EM1_AF1EM1_AMAS0_ASE_ASGT_ASLT_ASM_ASAE01_ASBE01_ASCE01_ASDE01_ASEM1_AAC0_BL1_BS1_C
UM0_CDO0_CTDA0_CLR0_DSK0_DRA0_DU8_DULD1_DTLA0_DTLB0_DTVA0_DTVB0_DAF0_DKP0_DVO0_ETSP_EPS1_ELFLR0_EMLL0_FSSC10_F16AI0_F16AIR0_FL0_GLVWA4_GLVWB2_GR2A1_GR2B1_GRCGA1_GRCGB1_GRCV
A1_GRCVB1_GRPM1_GRVW16_GSU1_GSUASB_GSUAA0_GSUSARR1_GSUWGMRR0_GLS0_ISA1201_IU1_IA0_KLA_LEL0_LBSPPA0_LBSPPB0_LPA1_LPB1_LDL1_LR2A1_LR2B1_LRVW1_LW2A1_LW2B1_LWPMn1_LDW0_LT1_FMA_
MIAV0_MTSM64_MTSM1_MDA2_MI_MO40_MVN256_MMFSC_MKFGSU256_MVN0_NR0_NTA0_NTB0_NTC0_NTD0_NEPBS0_NLCA1_NLCB1_ONLL1_OPLV0_PBD0_PFD1_PG2_PSD0_PSLn1_PWCn1_PWLn1_PK0_PKAB0_PAP0_PAPM0
_PGR1_PLR1_PKA0_RK0_SGR1_SIA1_SLW1_SS0_SU0_SUM0_SUS0_SCIU0_SCIUE0_SCIUI1_SCIUPL0_SPO0_SRVW0_SSO0_SVW4_SK0_SKA0_SKXCCM0_SNLL0_TSGRA0_TSGRB0_TT8_4_TLDS0_UIIDU0_UMLDSA0_UMLDSB
0_UMF0_U64SL1_UIOFGRO0_USFGROn1_VAW1_VSn1_VW1_VWB1_VFLRP0_WSGRA0_WSGRB0_WS32_WG16_16_1_WGM8_WGMTB

reject: VectorWidth must be >= 4 for Int8 or 8bitFloat

reject: Int8 requires GLVWB >= 4, current is 2
rejecting solution 
Cijk_Alik_Bljk_I8II_BH_GB_MT128x64x8_SN_1LDSB0_APM1_AAIGTEn1_AAILTEn1_AAV0_ABV0_ACED0_AF0EM1_AF1EM1_AMAS3_ASE_ASGT_ASLT_ASM_ASAE01_ASBE01_ASCE01_ASDE01_ASEM1_AAC0_BL1_BS1_C
UM0_CDO0_CTDA0_CLR0_DSK0_DRA0_DU8_DULD1_DTLA0_DTLB0_DTVA0_DTVB0_DAF0_DKP0_DVO0_ETSP_EPS1_ELFLR0_EMLL0_FSSC10_F16AI0_F16AIR0_FL0_GLVWA4_GLVWB2_GR2A1_GR2B1_GRCGA1_GRCGB1_GRCV
A1_GRCVB1_GRPM1_GRVW16_GSU1_GSUASB_GSUAA0_GSUSARR1_GSUWGMRR0_GLS0_ISA1201_IU1_IA0_KLA_LEL0_LBSPPA0_LBSPPB0_LPA2_LPB2_LDL1_LR2A1_LR2B1_LRVW2_LW2A1_LW2B1_LWPMn1_LDW0_LT1_FMA_
MIAV0_MTSM64_MTSM1_MDA2_MI_MO40_MVN256_MMFSC_MKFGSU256_MVN0_NR0_NTA0_NTB0_NTC0_NTD0_NEPBS0_NLCA1_NLCB1_ONLL1_OPLV0_PBD0_PFD1_PG2_PSD0_PSLn1_PWCn1_PWLn1_PK0_PKAB0_PAP0_PAPM0
_PGR1_PLR1_PKA0_RK0_SGR1_SIA1_SLW1_SS0_SU0_SUM0_SUS0_SCIU0_SCIUE0_SCIUI1_SCIUPL0_SPO0_SRVW0_SSO0_SVW4_SK0_SKA0_SKXCCM0_SNLL0_TSGRA0_TSGRB0_TT8_4_TLDS0_UIIDU0_UMLDSA0_UMLDSB
0_UMF0_U64SL1_UIOFGRO0_USFGROn1_VAW1_VSn1_VW2_VWB2_VFLRP0_WSGRA0_WSGRB0_WS32_WG16_16_1_WGM8_WGMTB

reject: Int8 requires GLVWB >= 4, current is 2
rejecting solution 
Cijk_Alik_Bljk_I8II_BH_GB_MT128x64x8_SN_1LDSB0_APM1_AAIGTEn1_AAILTEn1_AAV0_ABV0_ACED0_AF0EM1_AF1EM1_AMAS3_ASE_ASGT_ASLT_ASM_ASAE01_ASBE01_ASCE01_ASDE01_ASEM1_AAC0_BL1_BS1_C
UM0_CDO0_CTDA0_CLR0_DSK0_DRA0_DU8_DULD1_DTLA0_DTLB0_DTVA0_DTVB0_DAF0_DKP0_DVO0_ETSP_EPS1_ELFLR0_EMLL0_FSSC10_F16AI0_F16AIR0_FL0_GLVWA4_GLVWB2_GR2A1_GR2B1_GRCGA1_GRCGB1_GRCV
A1_GRCVB1_GRPM1_GRVW16_GSU1_GSUASB_GSUAA0_GSUSARR1_GSUWGMRR0_GLS0_ISA1201_IU1_IA0_KLA_LEL0_LBSPPA0_LBSPPB0_LPA4_LPB4_LDL1_LR2A1_LR2B1_LRVW4_LW2A1_LW2B1_LWPMn1_LDW0_LT1_FMA_
MIAV0_MTSM64_MTSM1_MDA2_MI_MO40_MVN256_MMFSC_MKFGSU256_MVN0_NR0_NTA0_NTB0_NTC0_NTD0_NEPBS0_NLCA1_NLCB1_ONLL1_OPLV0_PBD0_PFD1_PG2_PSD0_PSLn1_PWCn1_PWLn1_PK0_PKAB0_PAP0_PAPM0
_PGR1_PLR1_PKA0_RK0_SGR1_SIA1_SLW1_SS0_SU0_SUM0_SUS0_SCIU0_SCIUE0_SCIUI1_SCIUPL0_SPO0_SRVW0_SSO0_SVW4_SK0_SKA0_SKXCCM0_SNLL0_TSGRA0_TSGRB0_TT8_4_TLDS0_UIIDU0_UMLDSA0_UMLDSB
0_UMF0_U64SL1_UIOFGRO0_USFGROn1_VAW1_VSn1_VW4_VWB4_VFLRP0_WSGRA0_WSGRB0_WS32_WG16_16_1_WGM8_WGMTB

reject: VectorWidth must be >= 4 for Int8 or 8bitFloat

reject: Int8 requires GLVWB >= 4, current is 2
rejecting solution 
Cijk_Alik_Bljk_I8II_BH_GB_MT128x64x8_SN_1LDSB0_APM1_AAIGTEn1_AAILTEn1_AAV0_ABV0_ACED0_AF0EM1_AF1EM1_AMAS0_ASE_ASGT_ASLT_ASM_ASAE01_ASBE01_ASCE01_ASDE01_ASEM1_AAC0_BL1_BS1_C
UM0_CDO0_CTDA0_CLR0_DSK0_DRA0_DU8_DULD1_DTLA0_DTLB0_DTVA0_DTVB0_DAF0_DKP0_DVO0_ETSP_EPS1_ELFLR0_EMLL0_FSSC10_F16AI0_F16AIR0_FL0_GLVWA4_GLVWB2_GR2A1_GR2B1_GRCGA1_GRCGB1_GRCV
A1_GRCVB1_GRPM1_GRVW4_GSU1_GSUASB_GSUAA0_GSUSARR1_GSUWGMRR0_GLS0_ISA1201_IU1_IA0_KLA_LEL0_LBSPPA0_LBSPPB0_LPA1_LPB1_LDL1_LR2A1_LR2B1_LRVW1_LW2A1_LW2B1_LWPMn1_LDW0_LT1_FMA_M
IAV0_MTSM64_MTSM1_MDA2_MI_MO40_MVN256_MMFSC_MKFGSU256_MVN0_NR0_NTA0_NTB0_NTC0_NTD0_NEPBS0_NLCA1_NLCB1_ONLL1_OPLV0_PBD0_PFD1_PG2_PSD0_PSLn1_PWCn1_PWLn1_PK0_PKAB0_PAP0_PAPM0_
PGR1_PLR1_PKA0_RK0_SGR1_SIA1_SLW1_SS0_SU32_SUM0_SUS256_SCIU0_SCIUE0_SCIUI1_SCIUPL0_SPO0_SRVW0_SSO0_SVW4_SK0_SKA0_SKXCCM0_SNLL0_TSGRA0_TSGRB0_TT8_4_TLDS0_UIIDU0_UMLDSA0_UMLD
SB0_UMF0_U64SL1_UIOFGRO0_USFGROn1_VAW1_VSn1_VW1_VWB1_VFLRP0_WSGRA0_WSGRB0_WS32_WG16_16_1_WGM8_WGMTB

reject: VectorWidth must be >= 4 for Int8 or 8bitFloat

reject: Int8 requires GLVWB >= 4, current is 2
rejecting solution 
Cijk_Alik_Bljk_I8II_BH_GB_MT128x64x8_SN_1LDSB0_APM1_AAIGTEn1_AAILTEn1_AAV0_ABV0_ACED0_AF0EM1_AF1EM1_AMAS3_ASE_ASGT_ASLT_ASM_ASAE01_ASBE01_ASCE01_ASDE01_ASEM1_AAC0_BL1_BS1_C
UM0_CDO0_CTDA0_CLR0_DSK0_DRA0_DU8_DULD1_DTLA0_DTLB0_DTVA0_DTVB0_DAF0_DKP0_DVO0_ETSP_EPS1_ELFLR0_EMLL0_FSSC10_F16AI0_F16AIR0_FL0_GLVWA4_GLVWB2_GR2A1_GR2B1_GRCGA1_GRCGB1_GRCV
A1_GRCVB1_GRPM1_GRVW4_GSU1_GSUASB_GSUAA0_GSUSARR1_GSUWGMRR0_GLS0_ISA1201_IU1_IA0_KLA_LEL0_LBSPPA0_LBSPPB0_LPA2_LPB2_LDL1_LR2A1_LR2B1_LRVW2_LW2A1_LW2B1_LWPMn1_LDW0_LT1_FMA_M
IAV0_MTSM64_MTSM1_MDA2_MI_MO40_MVN256_MMFSC_MKFGSU256_MVN0_NR0_NTA0_NTB0_NTC0_NTD0_NEPBS0_NLCA1_NLCB1_ONLL1_OPLV0_PBD0_PFD1_PG2_PSD0_PSLn1_PWCn1_PWLn1_PK0_PKAB0_PAP0_PAPM0_
PGR1_PLR1_PKA0_RK0_SGR1_SIA1_SLW1_SS0_SU32_SUM0_SUS256_SCIU0_SCIUE0_SCIUI1_SCIUPL0_SPO0_SRVW0_SSO0_SVW4_SK0_SKA0_SKXCCM0_SNLL0_TSGRA0_TSGRB0_TT8_4_TLDS0_UIIDU0_UMLDSA0_UMLD
SB0_UMF0_U64SL1_UIOFGRO0_USFGROn1_VAW1_VSn1_VW2_VWB2_VFLRP0_WSGRA0_WSGRB0_WS32_WG16_16_1_WGM8_WGMTB

reject: Int8 requires GLVWB >= 4, current is 2
rejecting solution 
Cijk_Alik_Bljk_I8II_BH_GB_MT128x64x8_SN_1LDSB0_APM1_AAIGTEn1_AAILTEn1_AAV0_ABV0_ACED0_AF0EM1_AF1EM1_AMAS3_ASE_ASGT_ASLT_ASM_ASAE01_ASBE01_ASCE01_ASDE01_ASEM1_AAC0_BL1_BS1_C
UM0_CDO0_CTDA0_CLR0_DSK0_DRA0_DU8_DULD1_DTLA0_DTLB0_DTVA0_DTVB0_DAF0_DKP0_DVO0_ETSP_EPS1_ELFLR0_EMLL0_FSSC10_F16AI0_F16AIR0_FL0_GLVWA4_GLVWB2_GR2A1_GR2B1_GRCGA1_GRCGB1_GRCV
A1_GRCVB1_GRPM1_GRVW4_GSU1_GSUASB_GSUAA0_GSUSARR1_GSUWGMRR0_GLS0_ISA1201_IU1_IA0_KLA_LEL0_LBSPPA0_LBSPPB0_LPA4_LPB4_LDL1_LR2A1_LR2B1_LRVW4_LW2A1_LW2B1_LWPMn1_LDW0_LT1_FMA_M
IAV0_MTSM64_MTSM1_MDA2_MI_MO40_MVN256_MMFSC_MKFGSU256_MVN0_NR0_NTA0_NTB0_NTC0_NTD0_NEPBS0_NLCA1_NLCB1_ONLL1_OPLV0_PBD0_PFD1_PG2_PSD0_PSLn1_PWCn1_PWLn1_PK0_PKAB0_PAP0_PAPM0_
PGR1_PLR1_PKA0_RK0_SGR1_SIA1_SLW1_SS0_SU32_SUM0_SUS256_SCIU0_SCIUE0_SCIUI1_SCIUPL0_SPO0_SRVW0_SSO0_SVW4_SK0_SKA0_SKXCCM0_SNLL0_TSGRA0_TSGRB0_TT8_4_TLDS0_UIIDU0_UMLDSA0_UMLD
SB0_UMF0_U64SL1_UIOFGRO0_USFGROn1_VAW1_VSn1_VW4_VWB4_VFLRP0_WSGRA0_WSGRB0_WS32_WG16_16_1_WGM8_WGMTB

reject: VectorWidth must be >= 4 for Int8 or 8bitFloat

reject: Int8 requires GLVWB >= 4, current is 2
rejecting solution 
Cijk_Alik_Bljk_I8II_BH_GB_MT128x64x8_SN_1LDSB0_APM1_AAIGTEn1_AAILTEn1_AAV0_ABV0_ACED0_AF0EM1_AF1EM1_AMAS0_ASE_ASGT_ASLT_ASM_ASAE01_ASBE01_ASCE01_ASDE01_ASEM1_AAC0_BL1_BS1_C
UM0_CDO0_CTDA0_CLR0_DSK0_DRA0_DU8_DULD1_DTLA0_DTLB0_DTVA0_DTVB0_DAF0_DKP0_DVO0_ETSP_EPS1_ELFLR0_EMLL0_FSSC10_F16AI0_F16AIR0_FL0_GLVWA4_GLVWB2_GR2A1_GR2B1_GRCGA1_GRCGB1_GRCV
A1_GRCVB1_GRPM1_GRVW8_GSU1_GSUASB_GSUAA0_GSUSARR1_GSUWGMRR0_GLS0_ISA1201_IU1_IA0_KLA_LEL0_LBSPPA0_LBSPPB0_LPA1_LPB1_LDL1_LR2A1_LR2B1_LRVW1_LW2A1_LW2B1_LWPMn1_LDW0_LT1_FMA_M
IAV0_MTSM64_MTSM1_MDA2_MI_MO40_MVN256_MMFSC_MKFGSU256_MVN0_NR0_NTA0_NTB0_NTC0_NTD0_NEPBS0_NLCA1_NLCB1_ONLL1_OPLV0_PBD0_PFD1_PG2_PSD0_PSLn1_PWCn1_PWLn1_PK0_PKAB0_PAP0_PAPM0_
PGR1_PLR1_PKA0_RK0_SGR1_SIA1_SLW1_SS0_SU32_SUM0_SUS256_SCIU0_SCIUE0_SCIUI1_SCIUPL0_SPO0_SRVW0_SSO0_SVW4_SK0_SKA0_SKXCCM0_SNLL0_TSGRA0_TSGRB0_TT8_4_TLDS0_UIIDU0_UMLDSA0_UMLD
SB0_UMF0_U64SL1_UIOFGRO0_USFGROn1_VAW1_VSn1_VW1_VWB1_VFLRP0_WSGRA0_WSGRB0_WS32_WG16_16_1_WGM8_WGMTB

reject: VectorWidth must be >= 4 for Int8 or 8bitFloat

reject: Int8 requires GLVWB >= 4, current is 2
rejecting solution 
Cijk_Alik_Bljk_I8II_BH_GB_MT128x64x8_SN_1LDSB0_APM1_AAIGTEn1_AAILTEn1_AAV0_ABV0_ACED0_AF0EM1_AF1EM1_AMAS3_ASE_ASGT_ASLT_ASM_ASAE01_ASBE01_ASCE01_ASDE01_ASEM1_AAC0_BL1_BS1_C
UM0_CDO0_CTDA0_CLR0_DSK0_DRA0_DU8_DULD1_DTLA0_DTLB0_DTVA0_DTVB0_DAF0_DKP0_DVO0_ETSP_EPS1_ELFLR0_EMLL0_FSSC10_F16AI0_F16AIR0_FL0_GLVWA4_GLVWB2_GR2A1_GR2B1_GRCGA1_GRCGB1_GRCV
A1_GRCVB1_GRPM1_GRVW8_GSU1_GSUASB_GSUAA0_GSUSARR1_GSUWGMRR0_GLS0_ISA1201_IU1_IA0_KLA_LEL0_LBSPPA0_LBSPPB0_LPA2_LPB2_LDL1_LR2A1_LR2B1_LRVW2_LW2A1_LW2B1_LWPMn1_LDW0_LT1_FMA_M
IAV0_MTSM64_MTSM1_MDA2_MI_MO40_MVN256_MMFSC_MKFGSU256_MVN0_NR0_NTA0_NTB0_NTC0_NTD0_NEPBS0_NLCA1_NLCB1_ONLL1_OPLV0_PBD0_PFD1_PG2_PSD0_PSLn1_PWCn1_PWLn1_PK0_PKAB0_PAP0_PAPM0_
PGR1_PLR1_PKA0_RK0_SGR1_SIA1_SLW1_SS0_SU32_SUM0_SUS256_SCIU0_SCIUE0_SCIUI1_SCIUPL0_SPO0_SRVW0_SSO0_SVW4_SK0_SKA0_SKXCCM0_SNLL0_TSGRA0_TSGRB0_TT8_4_TLDS0_UIIDU0_UMLDSA0_UMLD
SB0_UMF0_U64SL1_UIOFGRO0_USFGROn1_VAW1_VSn1_VW2_VWB2_VFLRP0_WSGRA0_WSGRB0_WS32_WG16_16_1_WGM8_WGMTB

reject: Int8 requires GLVWB >= 4, current is 2
rejecting solution 
Cijk_Alik_Bljk_I8II_BH_GB_MT128x64x8_SN_1LDSB0_APM1_AAIGTEn1_AAILTEn1_AAV0_ABV0_ACED0_AF0EM1_AF1EM1_AMAS3_ASE_ASGT_ASLT_ASM_ASAE01_ASBE01_ASCE01_ASDE01_ASEM1_AAC0_BL1_BS1_C
UM0_CDO0_CTDA0_CLR0_DSK0_DRA0_DU8_DULD1_DTLA0_DTLB0_DTVA0_DTVB0_DAF0_DKP0_DVO0_ETSP_EPS1_ELFLR0_EMLL0_FSSC10_F16AI0_F16AIR0_FL0_GLVWA4_GLVWB2_GR2A1_GR2B1_GRCGA1_GRCGB1_GRCV
A1_GRCVB1_GRPM1_GRVW8_GSU1_GSUASB_GSUAA0_GSUSARR1_GSUWGMRR0_GLS0_ISA1201_IU1_IA0_KLA_LEL0_LBSPPA0_LBSPPB0_LPA4_LPB4_LDL1_LR2A1_LR2B1_LRVW4_LW2A1_LW2B1_LWPMn1_LDW0_LT1_FMA_M
IAV0_MTSM64_MTSM1_MDA2_MI_MO40_MVN256_MMFSC_MKFGSU256_MVN0_NR0_NTA0_NTB0_NTC0_NTD0_NEPBS0_NLCA1_NLCB1_ONLL1_OPLV0_PBD0_PFD1_PG2_PSD0_PSLn1_PWCn1_PWLn1_PK0_PKAB0_PAP0_PAPM0_
PGR1_PLR1_PKA0_RK0_SGR1_SIA1_SLW1_SS0_SU32_SUM0_SUS256_SCIU0_SCIUE0_SCIUI1_SCIUPL0_SPO0_SRVW0_SSO0_SVW4_SK0_SKA0_SKXCCM0_SNLL0_TSGRA0_TSGRB0_TT8_4_TLDS0_UIIDU0_UMLDSA0_UMLD
SB0_UMF0_U64SL1_UIOFGRO0_USFGROn1_VAW1_VSn1_VW4_VWB4_VFLRP0_WSGRA0_WSGRB0_WS32_WG16_16_1_WGM8_WGMTB

reject: VectorWidth must be >= 4 for Int8 or 8bitFloat

reject: Int8 requires GLVWB >= 4, current is 2
rejecting solution 
Cijk_Alik_Bljk_I8II_BH_GB_MT128x64x8_SN_1LDSB0_APM1_AAIGTEn1_AAILTEn1_AAV0_ABV0_ACED0_AF0EM1_AF1EM1_AMAS0_ASE_ASGT_ASLT_ASM_ASAE01_ASBE01_ASCE01_ASDE01_ASEM1_AAC0_BL1_BS1_C
UM0_CDO0_CTDA0_CLR0_DSK0_DRA0_DU8_DULD1_DTLA0_DTLB0_DTVA0_DTVB0_DAF0_DKP0_DVO0_ETSP_EPS1_ELFLR0_EMLL0_FSSC10_F16AI0_F16AIR0_FL0_GLVWA4_GLVWB2_GR2A1_GR2B1_GRCGA1_GRCGB1_GRCV
A1_GRCVB1_GRPM1_GRVW16_GSU1_GSUASB_GSUAA0_GSUSARR1_GSUWGMRR0_GLS0_ISA1201_IU1_IA0_KLA_LEL0_LBSPPA0_LBSPPB0_LPA1_LPB1_LDL1_LR2A1_LR2B1_LRVW1_LW2A1_LW2B1_LWPMn1_LDW0_LT1_FMA_
MIAV0_MTSM64_MTSM1_MDA2_MI_MO40_MVN256_MMFSC_MKFGSU256_MVN0_NR0_NTA0_NTB0_NTC0_NTD0_NEPBS0_NLCA1_NLCB1_ONLL1_OPLV0_PBD0_PFD1_PG2_PSD0_PSLn1_PWCn1_PWLn1_PK0_PKAB0_PAP0_PAPM0
_PGR1_PLR1_PKA0_RK0_SGR1_SIA1_SLW1_SS0_SU32_SUM0_SUS256_SCIU0_SCIUE0_SCIUI1_SCIUPL0_SPO0_SRVW0_SSO0_SVW4_SK0_SKA0_SKXCCM0_SNLL0_TSGRA0_TSGRB0_TT8_4_TLDS0_UIIDU0_UMLDSA0_UML
DSB0_UMF0_U64SL1_UIOFGRO0_USFGROn1_VAW1_VSn1_VW1_VWB1_VFLRP0_WSGRA0_WSGRB0_WS32_WG16_16_1_WGM8_WGMTB

reject: VectorWidth must be >= 4 for Int8 or 8bitFloat

reject: Int8 requires GLVWB >= 4, current is 2
rejecting solution 
Cijk_Alik_Bljk_I8II_BH_GB_MT128x64x8_SN_1LDSB0_APM1_AAIGTEn1_AAILTEn1_AAV0_ABV0_ACED0_AF0EM1_AF1EM1_AMAS3_ASE_ASGT_ASLT_ASM_ASAE01_ASBE01_ASCE01_ASDE01_ASEM1_AAC0_BL1_BS1_C
UM0_CDO0_CTDA0_CLR0_DSK0_DRA0_DU8_DULD1_DTLA0_DTLB0_DTVA0_DTVB0_DAF0_DKP0_DVO0_ETSP_EPS1_ELFLR0_EMLL0_FSSC10_F16AI0_F16AIR0_FL0_GLVWA4_GLVWB2_GR2A1_GR2B1_GRCGA1_GRCGB1_GRCV
A1_GRCVB1_GRPM1_GRVW16_GSU1_GSUASB_GSUAA0_GSUSARR1_GSUWGMRR0_GLS0_ISA1201_IU1_IA0_KLA_LEL0_LBSPPA0_LBSPPB0_LPA2_LPB2_LDL1_LR2A1_LR2B1_LRVW2_LW2A1_LW2B1_LWPMn1_LDW0_LT1_FMA_
MIAV0_MTSM64_MTSM1_MDA2_MI_MO40_MVN256_MMFSC_MKFGSU256_MVN0_NR0_NTA0_NTB0_NTC0_NTD0_NEPBS0_NLCA1_NLCB1_ONLL1_OPLV0_PBD0_PFD1_PG2_PSD0_PSLn1_PWCn1_PWLn1_PK0_PKAB0_PAP0_PAPM0
_PGR1_PLR1_PKA0_RK0_SGR1_SIA1_SLW1_SS0_SU32_SUM0_SUS256_SCIU0_SCIUE0_SCIUI1_SCIUPL0_SPO0_SRVW0_SSO0_SVW4_SK0_SKA0_SKXCCM0_SNLL0_TSGRA0_TSGRB0_TT8_4_TLDS0_UIIDU0_UMLDSA0_UML
DSB0_UMF0_U64SL1_UIOFGRO0_USFGROn1_VAW1_VSn1_VW2_VWB2_VFLRP0_WSGRA0_WSGRB0_WS32_WG16_16_1_WGM8_WGMTB

reject: Int8 requires GLVWB >= 4, current is 2
rejecting solution 
Cijk_Alik_Bljk_I8II_BH_GB_MT128x64x8_SN_1LDSB0_APM1_AAIGTEn1_AAILTEn1_AAV0_ABV0_ACED0_AF0EM1_AF1EM1_AMAS3_ASE_ASGT_ASLT_ASM_ASAE01_ASBE01_ASCE01_ASDE01_ASEM1_AAC0_BL1_BS1_C
UM0_CDO0_CTDA0_CLR0_DSK0_DRA0_DU8_DULD1_DTLA0_DTLB0_DTVA0_DTVB0_DAF0_DKP0_DVO0_ETSP_EPS1_ELFLR0_EMLL0_FSSC10_F16AI0_F16AIR0_FL0_GLVWA4_GLVWB2_GR2A1_GR2B1_GRCGA1_GRCGB1_GRCV
A1_GRCVB1_GRPM1_GRVW16_GSU1_GSUASB_GSUAA0_GSUSARR1_GSUWGMRR0_GLS0_ISA1201_IU1_IA0_KLA_LEL0_LBSPPA0_LBSPPB0_LPA4_LPB4_LDL1_LR2A1_LR2B1_LRVW4_LW2A1_LW2B1_LWPMn1_LDW0_LT1_FMA_
MIAV0_MTSM64_MTSM1_MDA2_MI_MO40_MVN256_MMFSC_MKFGSU256_MVN0_NR0_NTA0_NTB0_NTC0_NTD0_NEPBS0_NLCA1_NLCB1_ONLL1_OPLV0_PBD0_PFD1_PG2_PSD0_PSLn1_PWCn1_PWLn1_PK0_PKAB0_PAP0_PAPM0
_PGR1_PLR1_PKA0_RK0_SGR1_SIA1_SLW1_SS0_SU32_SUM0_SUS256_SCIU0_SCIUE0_SCIUI1_SCIUPL0_SPO0_SRVW0_SSO0_SVW4_SK0_SKA0_SKXCCM0_SNLL0_TSGRA0_TSGRB0_TT8_4_TLDS0_UIIDU0_UMLDSA0_UML
DSB0_UMF0_U64SL1_UIOFGRO0_USFGROn1_VAW1_VSn1_VW4_VWB4_VFLRP0_WSGRA0_WSGRB0_WS32_WG16_16_1_WGM8_WGMTB

reject: VectorWidth must be >= 4 for Int8 or 8bitFloat

reject: Int8 requires GLVWA >= 4, current is 2
rejecting solution 
Cijk_Alik_Bljk_I8II_BH_GB_MT64x128x8_SN_1LDSB0_APM1_AAIGTEn1_AAILTEn1_AAV0_ABV0_ACED0_AF0EM1_AF1EM1_AMAS0_ASE_ASGT_ASLT_ASM_ASAE01_ASBE01_ASCE01_ASDE01_ASEM1_AAC0_BL1_BS1_C
UM0_CDO0_CTDA0_CLR0_DSK0_DRA0_DU8_DULD1_DTLA0_DTLB0_DTVA0_DTVB0_DAF0_DKP0_DVO0_ETSP_EPS1_ELFLR0_EMLL0_FSSC10_F16AI0_F16AIR0_FL0_GLVWA2_GLVWB4_GR2A1_GR2B1_GRCGA1_GRCGB1_GRCV
A1_GRCVB1_GRPM1_GRVW4_GSU1_GSUASB_GSUAA0_GSUSARR1_GSUWGMRR0_GLS0_ISA1201_IU1_IA0_KLA_LEL0_LBSPPA0_LBSPPB0_LPA1_LPB1_LDL1_LR2A1_LR2B1_LRVW1_LW2A1_LW2B1_LWPMn1_LDW0_LT1_FMA_M
IAV0_MTSM64_MTSM1_MDA2_MI_MO40_MVN256_MMFSC_MKFGSU256_MVN0_NR0_NTA0_NTB0_NTC0_NTD0_NEPBS0_NLCA1_NLCB1_ONLL1_OPLV0_PBD0_PFD1_PG2_PSD0_PSLn1_PWCn1_PWLn1_PK0_PKAB0_PAP0_PAPM0_
PGR1_PLR1_PKA0_RK0_SGR1_SIA1_SLW1_SS0_SU0_SUM0_SUS0_SCIU0_SCIUE0_SCIUI1_SCIUPL0_SPO0_SRVW0_SSO0_SVW4_SK0_SKA0_SKXCCM0_SNLL0_TSGRA0_TSGRB0_TT4_8_TLDS0_UIIDU0_UMLDSA0_UMLDSB0
_UMF0_U64SL1_UIOFGRO0_USFGROn1_VAW1_VSn1_VW1_VWB1_VFLRP0_WSGRA0_WSGRB0_WS32_WG16_16_1_WGM8_WGMTB

reject: VectorWidth must be >= 4 for Int8 or 8bitFloat

reject: Int8 requires GLVWA >= 4, current is 2
rejecting solution 
Cijk_Alik_Bljk_I8II_BH_GB_MT64x128x8_SN_1LDSB0_APM1_AAIGTEn1_AAILTEn1_AAV0_ABV0_ACED0_AF0EM1_AF1EM1_AMAS3_ASE_ASGT_ASLT_ASM_ASAE01_ASBE01_ASCE01_ASDE01_ASEM1_AAC0_BL1_BS1_C
UM0_CDO0_CTDA0_CLR0_DSK0_DRA0_DU8_DULD1_DTLA0_DTLB0_DTVA0_DTVB0_DAF0_DKP0_DVO0_ETSP_EPS1_ELFLR0_EMLL0_FSSC10_F16AI0_F16AIR0_FL0_GLVWA2_GLVWB4_GR2A1_GR2B1_GRCGA1_GRCGB1_GRCV
A1_GRCVB1_GRPM1_GRVW4_GSU1_GSUASB_GSUAA0_GSUSARR1_GSUWGMRR0_GLS0_ISA1201_IU1_IA0_KLA_LEL0_LBSPPA0_LBSPPB0_LPA2_LPB2_LDL1_LR2A1_LR2B1_LRVW2_LW2A1_LW2B1_LWPMn1_LDW0_LT1_FMA_M
IAV0_MTSM64_MTSM1_MDA2_MI_MO40_MVN256_MMFSC_MKFGSU256_MVN0_NR0_NTA0_NTB0_NTC0_NTD0_NEPBS0_NLCA1_NLCB1_ONLL1_OPLV0_PBD0_PFD1_PG2_PSD0_PSLn1_PWCn1_PWLn1_PK0_PKAB0_PAP0_PAPM0_
PGR1_PLR1_PKA0_RK0_SGR1_SIA1_SLW1_SS0_SU0_SUM0_SUS0_SCIU0_SCIUE0_SCIUI1_SCIUPL0_SPO0_SRVW0_SSO0_SVW4_SK0_SKA0_SKXCCM0_SNLL0_TSGRA0_TSGRB0_TT4_8_TLDS0_UIIDU0_UMLDSA0_UMLDSB0
_UMF0_U64SL1_UIOFGRO0_USFGROn1_VAW1_VSn1_VW2_VWB2_VFLRP0_WSGRA0_WSGRB0_WS32_WG16_16_1_WGM8_WGMTB

reject: Int8 requires GLVWA >= 4, current is 2
rejecting solution 
Cijk_Alik_Bljk_I8II_BH_GB_MT64x128x8_SN_1LDSB0_APM1_AAIGTEn1_AAILTEn1_AAV0_ABV0_ACED0_AF0EM1_AF1EM1_AMAS3_ASE_ASGT_ASLT_ASM_ASAE01_ASBE01_ASCE01_ASDE01_ASEM1_AAC0_BL1_BS1_C
UM0_CDO0_CTDA0_CLR0_DSK0_DRA0_DU8_DULD1_DTLA0_DTLB0_DTVA0_DTVB0_DAF0_DKP0_DVO0_ETSP_EPS1_ELFLR0_EMLL0_FSSC10_F16AI0_F16AIR0_FL0_GLVWA2_GLVWB4_GR2A1_GR2B1_GRCGA1_GRCGB1_GRCV
A1_GRCVB1_GRPM1_GRVW4_GSU1_GSUASB_GSUAA0_GSUSARR1_GSUWGMRR0_GLS0_ISA1201_IU1_IA0_KLA_LEL0_LBSPPA0_LBSPPB0_LPA4_LPB4_LDL1_LR2A1_LR2B1_LRVW4_LW2A1_LW2B1_LWPMn1_LDW0_LT1_FMA_M
IAV0_MTSM64_MTSM1_MDA2_MI_MO40_MVN256_MMFSC_MKFGSU256_MVN0_NR0_NTA0_NTB0_NTC0_NTD0_NEPBS0_NLCA1_NLCB1_ONLL1_OPLV0_PBD0_PFD1_PG2_PSD0_PSLn1_PWCn1_PWLn1_PK0_PKAB0_PAP0_PAPM0_
PGR1_PLR1_PKA0_RK0_SGR1_SIA1_SLW1_SS0_SU0_SUM0_SUS0_SCIU0_SCIUE0_SCIUI1_SCIUPL0_SPO0_SRVW0_SSO0_SVW4_SK0_SKA0_SKXCCM0_SNLL0_TSGRA0_TSGRB0_TT4_8_TLDS0_UIIDU0_UMLDSA0_UMLDSB0
_UMF0_U64SL1_UIOFGRO0_USFGROn1_VAW1_VSn1_VW4_VWB4_VFLRP0_WSGRA0_WSGRB0_WS32_WG16_16_1_WGM8_WGMTB

reject: VectorWidth must be >= 4 for Int8 or 8bitFloat

reject: Int8 requires GLVWA >= 4, current is 2
rejecting solution 
Cijk_Alik_Bljk_I8II_BH_GB_MT64x128x8_SN_1LDSB0_APM1_AAIGTEn1_AAILTEn1_AAV0_ABV0_ACED0_AF0EM1_AF1EM1_AMAS0_ASE_ASGT_ASLT_ASM_ASAE01_ASBE01_ASCE01_ASDE01_ASEM1_AAC0_BL1_BS1_C
UM0_CDO0_CTDA0_CLR0_DSK0_DRA0_DU8_DULD1_DTLA0_DTLB0_DTVA0_DTVB0_DAF0_DKP0_DVO0_ETSP_EPS1_ELFLR0_EMLL0_FSSC10_F16AI0_F16AIR0_FL0_GLVWA2_GLVWB4_GR2A1_GR2B1_GRCGA1_GRCGB1_GRCV
A1_GRCVB1_GRPM1_GRVW8_GSU1_GSUASB_GSUAA0_GSUSARR1_GSUWGMRR0_GLS0_ISA1201_IU1_IA0_KLA_LEL0_LBSPPA0_LBSPPB0_LPA1_LPB1_LDL1_LR2A1_LR2B1_LRVW1_LW2A1_LW2B1_LWPMn1_LDW0_LT1_FMA_M
IAV0_MTSM64_MTSM1_MDA2_MI_MO40_MVN256_MMFSC_MKFGSU256_MVN0_NR0_NTA0_NTB0_NTC0_NTD0_NEPBS0_NLCA1_NLCB1_ONLL1_OPLV0_PBD0_PFD1_PG2_PSD0_PSLn1_PWCn1_PWLn1_PK0_PKAB0_PAP0_PAPM0_
PGR1_PLR1_PKA0_RK0_SGR1_SIA1_SLW1_SS0_SU0_SUM0_SUS0_SCIU0_SCIUE0_SCIUI1_SCIUPL0_SPO0_SRVW0_SSO0_SVW4_SK0_SKA0_SKXCCM0_SNLL0_TSGRA0_TSGRB0_TT4_8_TLDS0_UIIDU0_UMLDSA0_UMLDSB0
_UMF0_U64SL1_UIOFGRO0_USFGROn1_VAW1_VSn1_VW1_VWB1_VFLRP0_WSGRA0_WSGRB0_WS32_WG16_16_1_WGM8_WGMTB

reject: VectorWidth must be >= 4 for Int8 or 8bitFloat

reject: Int8 requires GLVWA >= 4, current is 2
rejecting solution 
Cijk_Alik_Bljk_I8II_BH_GB_MT64x128x8_SN_1LDSB0_APM1_AAIGTEn1_AAILTEn1_AAV0_ABV0_ACED0_AF0EM1_AF1EM1_AMAS3_ASE_ASGT_ASLT_ASM_ASAE01_ASBE01_ASCE01_ASDE01_ASEM1_AAC0_BL1_BS1_C
UM0_CDO0_CTDA0_CLR0_DSK0_DRA0_DU8_DULD1_DTLA0_DTLB0_DTVA0_DTVB0_DAF0_DKP0_DVO0_ETSP_EPS1_ELFLR0_EMLL0_FSSC10_F16AI0_F16AIR0_FL0_GLVWA2_GLVWB4_GR2A1_GR2B1_GRCGA1_GRCGB1_GRCV
A1_GRCVB1_GRPM1_GRVW8_GSU1_GSUASB_GSUAA0_GSUSARR1_GSUWGMRR0_GLS0_ISA1201_IU1_IA0_KLA_LEL0_LBSPPA0_LBSPPB0_LPA2_LPB2_LDL1_LR2A1_LR2B1_LRVW2_LW2A1_LW2B1_LWPMn1_LDW0_LT1_FMA_M
IAV0_MTSM64_MTSM1_MDA2_MI_MO40_MVN256_MMFSC_MKFGSU256_MVN0_NR0_NTA0_NTB0_NTC0_NTD0_NEPBS0_NLCA1_NLCB1_ONLL1_OPLV0_PBD0_PFD1_PG2_PSD0_PSLn1_PWCn1_PWLn1_PK0_PKAB0_PAP0_PAPM0_
PGR1_PLR1_PKA0_RK0_SGR1_SIA1_SLW1_SS0_SU0_SUM0_SUS0_SCIU0_SCIUE0_SCIUI1_SCIUPL0_SPO0_SRVW0_SSO0_SVW4_SK0_SKA0_SKXCCM0_SNLL0_TSGRA0_TSGRB0_TT4_8_TLDS0_UIIDU0_UMLDSA0_UMLDSB0
_UMF0_U64SL1_UIOFGRO0_USFGROn1_VAW1_VSn1_VW2_VWB2_VFLRP0_WSGRA0_WSGRB0_WS32_WG16_16_1_WGM8_WGMTB

reject: Int8 requires GLVWA >= 4, current is 2
rejecting solution 
Cijk_Alik_Bljk_I8II_BH_GB_MT64x128x8_SN_1LDSB0_APM1_AAIGTEn1_AAILTEn1_AAV0_ABV0_ACED0_AF0EM1_AF1EM1_AMAS3_ASE_ASGT_ASLT_ASM_ASAE01_ASBE01_ASCE01_ASDE01_ASEM1_AAC0_BL1_BS1_C
UM0_CDO0_CTDA0_CLR0_DSK0_DRA0_DU8_DULD1_DTLA0_DTLB0_DTVA0_DTVB0_DAF0_DKP0_DVO0_ETSP_EPS1_ELFLR0_EMLL0_FSSC10_F16AI0_F16AIR0_FL0_GLVWA2_GLVWB4_GR2A1_GR2B1_GRCGA1_GRCGB1_GRCV
A1_GRCVB1_GRPM1_GRVW8_GSU1_GSUASB_GSUAA0_GSUSARR1_GSUWGMRR0_GLS0_ISA1201_IU1_IA0_KLA_LEL0_LBSPPA0_LBSPPB0_LPA4_LPB4_LDL1_LR2A1_LR2B1_LRVW4_LW2A1_LW2B1_LWPMn1_LDW0_LT1_FMA_M
IAV0_MTSM64_MTSM1_MDA2_MI_MO40_MVN256_MMFSC_MKFGSU256_MVN0_NR0_NTA0_NTB0_NTC0_NTD0_NEPBS0_NLCA1_NLCB1_ONLL1_OPLV0_PBD0_PFD1_PG2_PSD0_PSLn1_PWCn1_PWLn1_PK0_PKAB0_PAP0_PAPM0_
PGR1_PLR1_PKA0_RK0_SGR1_SIA1_SLW1_SS0_SU0_SUM0_SUS0_SCIU0_SCIUE0_SCIUI1_SCIUPL0_SPO0_SRVW0_SSO0_SVW4_SK0_SKA0_SKXCCM0_SNLL0_TSGRA0_TSGRB0_TT4_8_TLDS0_UIIDU0_UMLDSA0_UMLDSB0
_UMF0_U64SL1_UIOFGRO0_USFGROn1_VAW1_VSn1_VW4_VWB4_VFLRP0_WSGRA0_WSGRB0_WS32_WG16_16_1_WGM8_WGMTB

reject: VectorWidth must be >= 4 for Int8 or 8bitFloat

reject: Int8 requires GLVWA >= 4, current is 2
rejecting solution 
Cijk_Alik_Bljk_I8II_BH_GB_MT64x128x8_SN_1LDSB0_APM1_AAIGTEn1_AAILTEn1_AAV0_ABV0_ACED0_AF0EM1_AF1EM1_AMAS0_ASE_ASGT_ASLT_ASM_ASAE01_ASBE01_ASCE01_ASDE01_ASEM1_AAC0_BL1_BS1_C
UM0_CDO0_CTDA0_CLR0_DSK0_DRA0_DU8_DULD1_DTLA0_DTLB0_DTVA0_DTVB0_DAF0_DKP0_DVO0_ETSP_EPS1_ELFLR0_EMLL0_FSSC10_F16AI0_F16AIR0_FL0_GLVWA2_GLVWB4_GR2A1_GR2B1_GRCGA1_GRCGB1_GRCV
A1_GRCVB1_GRPM1_GRVW16_GSU1_GSUASB_GSUAA0_GSUSARR1_GSUWGMRR0_GLS0_ISA1201_IU1_IA0_KLA_LEL0_LBSPPA0_LBSPPB0_LPA1_LPB1_LDL1_LR2A1_LR2B1_LRVW1_LW2A1_LW2B1_LWPMn1_LDW0_LT1_FMA_
MIAV0_MTSM64_MTSM1_MDA2_MI_MO40_MVN256_MMFSC_MKFGSU256_MVN0_NR0_NTA0_NTB0_NTC0_NTD0_NEPBS0_NLCA1_NLCB1_ONLL1_OPLV0_PBD0_PFD1_PG2_PSD0_PSLn1_PWCn1_PWLn1_PK0_PKAB0_PAP0_PAPM0
_PGR1_PLR1_PKA0_RK0_SGR1_SIA1_SLW1_SS0_SU0_SUM0_SUS0_SCIU0_SCIUE0_SCIUI1_SCIUPL0_SPO0_SRVW0_SSO0_SVW4_SK0_SKA0_SKXCCM0_SNLL0_TSGRA0_TSGRB0_TT4_8_TLDS0_UIIDU0_UMLDSA0_UMLDSB
0_UMF0_U64SL1_UIOFGRO0_USFGROn1_VAW1_VSn1_VW1_VWB1_VFLRP0_WSGRA0_WSGRB0_WS32_WG16_16_1_WGM8_WGMTB

reject: VectorWidth must be >= 4 for Int8 or 8bitFloat

reject: Int8 requires GLVWA >= 4, current is 2
rejecting solution 
Cijk_Alik_Bljk_I8II_BH_GB_MT64x128x8_SN_1LDSB0_APM1_AAIGTEn1_AAILTEn1_AAV0_ABV0_ACED0_AF0EM1_AF1EM1_AMAS3_ASE_ASGT_ASLT_ASM_ASAE01_ASBE01_ASCE01_ASDE01_ASEM1_AAC0_BL1_BS1_C
UM0_CDO0_CTDA0_CLR0_DSK0_DRA0_DU8_DULD1_DTLA0_DTLB0_DTVA0_DTVB0_DAF0_DKP0_DVO0_ETSP_EPS1_ELFLR0_EMLL0_FSSC10_F16AI0_F16AIR0_FL0_GLVWA2_GLVWB4_GR2A1_GR2B1_GRCGA1_GRCGB1_GRCV
A1_GRCVB1_GRPM1_GRVW16_GSU1_GSUASB_GSUAA0_GSUSARR1_GSUWGMRR0_GLS0_ISA1201_IU1_IA0_KLA_LEL0_LBSPPA0_LBSPPB0_LPA2_LPB2_LDL1_LR2A1_LR2B1_LRVW2_LW2A1_LW2B1_LWPMn1_LDW0_LT1_FMA_
MIAV0_MTSM64_MTSM1_MDA2_MI_MO40_MVN256_MMFSC_MKFGSU256_MVN0_NR0_NTA0_NTB0_NTC0_NTD0_NEPBS0_NLCA1_NLCB1_ONLL1_OPLV0_PBD0_PFD1_PG2_PSD0_PSLn1_PWCn1_PWLn1_PK0_PKAB0_PAP0_PAPM0
_PGR1_PLR1_PKA0_RK0_SGR1_SIA1_SLW1_SS0_SU0_SUM0_SUS0_SCIU0_SCIUE0_SCIUI1_SCIUPL0_SPO0_SRVW0_SSO0_SVW4_SK0_SKA0_SKXCCM0_SNLL0_TSGRA0_TSGRB0_TT4_8_TLDS0_UIIDU0_UMLDSA0_UMLDSB
0_UMF0_U64SL1_UIOFGRO0_USFGROn1_VAW1_VSn1_VW2_VWB2_VFLRP0_WSGRA0_WSGRB0_WS32_WG16_16_1_WGM8_WGMTB

reject: Int8 requires GLVWA >= 4, current is 2
rejecting solution 
Cijk_Alik_Bljk_I8II_BH_GB_MT64x128x8_SN_1LDSB0_APM1_AAIGTEn1_AAILTEn1_AAV0_ABV0_ACED0_AF0EM1_AF1EM1_AMAS3_ASE_ASGT_ASLT_ASM_ASAE01_ASBE01_ASCE01_ASDE01_ASEM1_AAC0_BL1_BS1_C
UM0_CDO0_CTDA0_CLR0_DSK0_DRA0_DU8_DULD1_DTLA0_DTLB0_DTVA0_DTVB0_DAF0_DKP0_DVO0_ETSP_EPS1_ELFLR0_EMLL0_FSSC10_F16AI0_F16AIR0_FL0_GLVWA2_GLVWB4_GR2A1_GR2B1_GRCGA1_GRCGB1_GRCV
A1_GRCVB1_GRPM1_GRVW16_GSU1_GSUASB_GSUAA0_GSUSARR1_GSUWGMRR0_GLS0_ISA1201_IU1_IA0_KLA_LEL0_LBSPPA0_LBSPPB0_LPA4_LPB4_LDL1_LR2A1_LR2B1_LRVW4_LW2A1_LW2B1_LWPMn1_LDW0_LT1_FMA_
MIAV0_MTSM64_MTSM1_MDA2_MI_MO40_MVN256_MMFSC_MKFGSU256_MVN0_NR0_NTA0_NTB0_NTC0_NTD0_NEPBS0_NLCA1_NLCB1_ONLL1_OPLV0_PBD0_PFD1_PG2_PSD0_PSLn1_PWCn1_PWLn1_PK0_PKAB0_PAP0_PAPM0
_PGR1_PLR1_PKA0_RK0_SGR1_SIA1_SLW1_SS0_SU0_SUM0_SUS0_SCIU0_SCIUE0_SCIUI1_SCIUPL0_SPO0_SRVW0_SSO0_SVW4_SK0_SKA0_SKXCCM0_SNLL0_TSGRA0_TSGRB0_TT4_8_TLDS0_UIIDU0_UMLDSA0_UMLDSB
0_UMF0_U64SL1_UIOFGRO0_USFGROn1_VAW1_VSn1_VW4_VWB4_VFLRP0_WSGRA0_WSGRB0_WS32_WG16_16_1_WGM8_WGMTB

reject: VectorWidth must be >= 4 for Int8 or 8bitFloat

reject: Int8 requires GLVWA >= 4, current is 2
rejecting solution 
Cijk_Alik_Bljk_I8II_BH_GB_MT64x128x8_SN_1LDSB0_APM1_AAIGTEn1_AAILTEn1_AAV0_ABV0_ACED0_AF0EM1_AF1EM1_AMAS0_ASE_ASGT_ASLT_ASM_ASAE01_ASBE01_ASCE01_ASDE01_ASEM1_AAC0_BL1_BS1_C
UM0_CDO0_CTDA0_CLR0_DSK0_DRA0_DU8_DULD1_DTLA0_DTLB0_DTVA0_DTVB0_DAF0_DKP0_DVO0_ETSP_EPS1_ELFLR0_EMLL0_FSSC10_F16AI0_F16AIR0_FL0_GLVWA2_GLVWB4_GR2A1_GR2B1_GRCGA1_GRCGB1_GRCV
A1_GRCVB1_GRPM1_GRVW4_GSU1_GSUASB_GSUAA0_GSUSARR1_GSUWGMRR0_GLS0_ISA1201_IU1_IA0_KLA_LEL0_LBSPPA0_LBSPPB0_LPA1_LPB1_LDL1_LR2A1_LR2B1_LRVW1_LW2A1_LW2B1_LWPMn1_LDW0_LT1_FMA_M
IAV0_MTSM64_MTSM1_MDA2_MI_MO40_MVN256_MMFSC_MKFGSU256_MVN0_NR0_NTA0_NTB0_NTC0_NTD0_NEPBS0_NLCA1_NLCB1_ONLL1_OPLV0_PBD0_PFD1_PG2_PSD0_PSLn1_PWCn1_PWLn1_PK0_PKAB0_PAP0_PAPM0_
PGR1_PLR1_PKA0_RK0_SGR1_SIA1_SLW1_SS0_SU32_SUM0_SUS256_SCIU0_SCIUE0_SCIUI1_SCIUPL0_SPO0_SRVW0_SSO0_SVW4_SK0_SKA0_SKXCCM0_SNLL0_TSGRA0_TSGRB0_TT4_8_TLDS0_UIIDU0_UMLDSA0_UMLD
SB0_UMF0_U64SL1_UIOFGRO0_USFGROn1_VAW1_VSn1_VW1_VWB1_VFLRP0_WSGRA0_WSGRB0_WS32_WG16_16_1_WGM8_WGMTB

reject: VectorWidth must be >= 4 for Int8 or 8bitFloat

reject: Int8 requires GLVWA >= 4, current is 2
rejecting solution 
Cijk_Alik_Bljk_I8II_BH_GB_MT64x128x8_SN_1LDSB0_APM1_AAIGTEn1_AAILTEn1_AAV0_ABV0_ACED0_AF0EM1_AF1EM1_AMAS3_ASE_ASGT_ASLT_ASM_ASAE01_ASBE01_ASCE01_ASDE01_ASEM1_AAC0_BL1_BS1_C
UM0_CDO0_CTDA0_CLR0_DSK0_DRA0_DU8_DULD1_DTLA0_DTLB0_DTVA0_DTVB0_DAF0_DKP0_DVO0_ETSP_EPS1_ELFLR0_EMLL0_FSSC10_F16AI0_F16AIR0_FL0_GLVWA2_GLVWB4_GR2A1_GR2B1_GRCGA1_GRCGB1_GRCV
A1_GRCVB1_GRPM1_GRVW4_GSU1_GSUASB_GSUAA0_GSUSARR1_GSUWGMRR0_GLS0_ISA1201_IU1_IA0_KLA_LEL0_LBSPPA0_LBSPPB0_LPA2_LPB2_LDL1_LR2A1_LR2B1_LRVW2_LW2A1_LW2B1_LWPMn1_LDW0_LT1_FMA_M
IAV0_MTSM64_MTSM1_MDA2_MI_MO40_MVN256_MMFSC_MKFGSU256_MVN0_NR0_NTA0_NTB0_NTC0_NTD0_NEPBS0_NLCA1_NLCB1_ONLL1_OPLV0_PBD0_PFD1_PG2_PSD0_PSLn1_PWCn1_PWLn1_PK0_PKAB0_PAP0_PAPM0_
PGR1_PLR1_PKA0_RK0_SGR1_SIA1_SLW1_SS0_SU32_SUM0_SUS256_SCIU0_SCIUE0_SCIUI1_SCIUPL0_SPO0_SRVW0_SSO0_SVW4_SK0_SKA0_SKXCCM0_SNLL0_TSGRA0_TSGRB0_TT4_8_TLDS0_UIIDU0_UMLDSA0_UMLD
SB0_UMF0_U64SL1_UIOFGRO0_USFGROn1_VAW1_VSn1_VW2_VWB2_VFLRP0_WSGRA0_WSGRB0_WS32_WG16_16_1_WGM8_WGMTB

reject: Int8 requires GLVWA >= 4, current is 2
rejecting solution 
Cijk_Alik_Bljk_I8II_BH_GB_MT64x128x8_SN_1LDSB0_APM1_AAIGTEn1_AAILTEn1_AAV0_ABV0_ACED0_AF0EM1_AF1EM1_AMAS3_ASE_ASGT_ASLT_ASM_ASAE01_ASBE01_ASCE01_ASDE01_ASEM1_AAC0_BL1_BS1_C
UM0_CDO0_CTDA0_CLR0_DSK0_DRA0_DU8_DULD1_DTLA0_DTLB0_DTVA0_DTVB0_DAF0_DKP0_DVO0_ETSP_EPS1_ELFLR0_EMLL0_FSSC10_F16AI0_F16AIR0_FL0_GLVWA2_GLVWB4_GR2A1_GR2B1_GRCGA1_GRCGB1_GRCV
A1_GRCVB1_GRPM1_GRVW4_GSU1_GSUASB_GSUAA0_GSUSARR1_GSUWGMRR0_GLS0_ISA1201_IU1_IA0_KLA_LEL0_LBSPPA0_LBSPPB0_LPA4_LPB4_LDL1_LR2A1_LR2B1_LRVW4_LW2A1_LW2B1_LWPMn1_LDW0_LT1_FMA_M
IAV0_MTSM64_MTSM1_MDA2_MI_MO40_MVN256_MMFSC_MKFGSU256_MVN0_NR0_NTA0_NTB0_NTC0_NTD0_NEPBS0_NLCA1_NLCB1_ONLL1_OPLV0_PBD0_PFD1_PG2_PSD0_PSLn1_PWCn1_PWLn1_PK0_PKAB0_PAP0_PAPM0_
PGR1_PLR1_PKA0_RK0_SGR1_SIA1_SLW1_SS0_SU32_SUM0_SUS256_SCIU0_SCIUE0_SCIUI1_SCIUPL0_SPO0_SRVW0_SSO0_SVW4_SK0_SKA0_SKXCCM0_SNLL0_TSGRA0_TSGRB0_TT4_8_TLDS0_UIIDU0_UMLDSA0_UMLD
SB0_UMF0_U64SL1_UIOFGRO0_USFGROn1_VAW1_VSn1_VW4_VWB4_VFLRP0_WSGRA0_WSGRB0_WS32_WG16_16_1_WGM8_WGMTB

reject: VectorWidth must be >= 4 for Int8 or 8bitFloat

reject: Int8 requires GLVWA >= 4, current is 2
rejecting solution 
Cijk_Alik_Bljk_I8II_BH_GB_MT64x128x8_SN_1LDSB0_APM1_AAIGTEn1_AAILTEn1_AAV0_ABV0_ACED0_AF0EM1_AF1EM1_AMAS0_ASE_ASGT_ASLT_ASM_ASAE01_ASBE01_ASCE01_ASDE01_ASEM1_AAC0_BL1_BS1_C
UM0_CDO0_CTDA0_CLR0_DSK0_DRA0_DU8_DULD1_DTLA0_DTLB0_DTVA0_DTVB0_DAF0_DKP0_DVO0_ETSP_EPS1_ELFLR0_EMLL0_FSSC10_F16AI0_F16AIR0_FL0_GLVWA2_GLVWB4_GR2A1_GR2B1_GRCGA1_GRCGB1_GRCV
A1_GRCVB1_GRPM1_GRVW8_GSU1_GSUASB_GSUAA0_GSUSARR1_GSUWGMRR0_GLS0_ISA1201_IU1_IA0_KLA_LEL0_LBSPPA0_LBSPPB0_LPA1_LPB1_LDL1_LR2A1_LR2B1_LRVW1_LW2A1_LW2B1_LWPMn1_LDW0_LT1_FMA_M
IAV0_MTSM64_MTSM1_MDA2_MI_MO40_MVN256_MMFSC_MKFGSU256_MVN0_NR0_NTA0_NTB0_NTC0_NTD0_NEPBS0_NLCA1_NLCB1_ONLL1_OPLV0_PBD0_PFD1_PG2_PSD0_PSLn1_PWCn1_PWLn1_PK0_PKAB0_PAP0_PAPM0_
PGR1_PLR1_PKA0_RK0_SGR1_SIA1_SLW1_SS0_SU32_SUM0_SUS256_SCIU0_SCIUE0_SCIUI1_SCIUPL0_SPO0_SRVW0_SSO0_SVW4_SK0_SKA0_SKXCCM0_SNLL0_TSGRA0_TSGRB0_TT4_8_TLDS0_UIIDU0_UMLDSA0_UMLD
SB0_UMF0_U64SL1_UIOFGRO0_USFGROn1_VAW1_VSn1_VW1_VWB1_VFLRP0_WSGRA0_WSGRB0_WS32_WG16_16_1_WGM8_WGMTB

reject: VectorWidth must be >= 4 for Int8 or 8bitFloat

reject: Int8 requires GLVWA >= 4, current is 2
rejecting solution 
Cijk_Alik_Bljk_I8II_BH_GB_MT64x128x8_SN_1LDSB0_APM1_AAIGTEn1_AAILTEn1_AAV0_ABV0_ACED0_AF0EM1_AF1EM1_AMAS3_ASE_ASGT_ASLT_ASM_ASAE01_ASBE01_ASCE01_ASDE01_ASEM1_AAC0_BL1_BS1_C
UM0_CDO0_CTDA0_CLR0_DSK0_DRA0_DU8_DULD1_DTLA0_DTLB0_DTVA0_DTVB0_DAF0_DKP0_DVO0_ETSP_EPS1_ELFLR0_EMLL0_FSSC10_F16AI0_F16AIR0_FL0_GLVWA2_GLVWB4_GR2A1_GR2B1_GRCGA1_GRCGB1_GRCV
A1_GRCVB1_GRPM1_GRVW8_GSU1_GSUASB_GSUAA0_GSUSARR1_GSUWGMRR0_GLS0_ISA1201_IU1_IA0_KLA_LEL0_LBSPPA0_LBSPPB0_LPA2_LPB2_LDL1_LR2A1_LR2B1_LRVW2_LW2A1_LW2B1_LWPMn1_LDW0_LT1_FMA_M
IAV0_MTSM64_MTSM1_MDA2_MI_MO40_MVN256_MMFSC_MKFGSU256_MVN0_NR0_NTA0_NTB0_NTC0_NTD0_NEPBS0_NLCA1_NLCB1_ONLL1_OPLV0_PBD0_PFD1_PG2_PSD0_PSLn1_PWCn1_PWLn1_PK0_PKAB0_PAP0_PAPM0_
PGR1_PLR1_PKA0_RK0_SGR1_SIA1_SLW1_SS0_SU32_SUM0_SUS256_SCIU0_SCIUE0_SCIUI1_SCIUPL0_SPO0_SRVW0_SSO0_SVW4_SK0_SKA0_SKXCCM0_SNLL0_TSGRA0_TSGRB0_TT4_8_TLDS0_UIIDU0_UMLDSA0_UMLD
SB0_UMF0_U64SL1_UIOFGRO0_USFGROn1_VAW1_VSn1_VW2_VWB2_VFLRP0_WSGRA0_WSGRB0_WS32_WG16_16_1_WGM8_WGMTB

reject: Int8 requires GLVWA >= 4, current is 2
rejecting solution 
Cijk_Alik_Bljk_I8II_BH_GB_MT64x128x8_SN_1LDSB0_APM1_AAIGTEn1_AAILTEn1_AAV0_ABV0_ACED0_AF0EM1_AF1EM1_AMAS3_ASE_ASGT_ASLT_ASM_ASAE01_ASBE01_ASCE01_ASDE01_ASEM1_AAC0_BL1_BS1_C
UM0_CDO0_CTDA0_CLR0_DSK0_DRA0_DU8_DULD1_DTLA0_DTLB0_DTVA0_DTVB0_DAF0_DKP0_DVO0_ETSP_EPS1_ELFLR0_EMLL0_FSSC10_F16AI0_F16AIR0_FL0_GLVWA2_GLVWB4_GR2A1_GR2B1_GRCGA1_GRCGB1_GRCV
A1_GRCVB1_GRPM1_GRVW8_GSU1_GSUASB_GSUAA0_GSUSARR1_GSUWGMRR0_GLS0_ISA1201_IU1_IA0_KLA_LEL0_LBSPPA0_LBSPPB0_LPA4_LPB4_LDL1_LR2A1_LR2B1_LRVW4_LW2A1_LW2B1_LWPMn1_LDW0_LT1_FMA_M
IAV0_MTSM64_MTSM1_MDA2_MI_MO40_MVN256_MMFSC_MKFGSU256_MVN0_NR0_NTA0_NTB0_NTC0_NTD0_NEPBS0_NLCA1_NLCB1_ONLL1_OPLV0_PBD0_PFD1_PG2_PSD0_PSLn1_PWCn1_PWLn1_PK0_PKAB0_PAP0_PAPM0_
PGR1_PLR1_PKA0_RK0_SGR1_SIA1_SLW1_SS0_SU32_SUM0_SUS256_SCIU0_SCIUE0_SCIUI1_SCIUPL0_SPO0_SRVW0_SSO0_SVW4_SK0_SKA0_SKXCCM0_SNLL0_TSGRA0_TSGRB0_TT4_8_TLDS0_UIIDU0_UMLDSA0_UMLD
SB0_UMF0_U64SL1_UIOFGRO0_USFGROn1_VAW1_VSn1_VW4_VWB4_VFLRP0_WSGRA0_WSGRB0_WS32_WG16_16_1_WGM8_WGMTB

reject: VectorWidth must be >= 4 for Int8 or 8bitFloat

reject: Int8 requires GLVWA >= 4, current is 2
rejecting solution 
Cijk_Alik_Bljk_I8II_BH_GB_MT64x128x8_SN_1LDSB0_APM1_AAIGTEn1_AAILTEn1_AAV0_ABV0_ACED0_AF0EM1_AF1EM1_AMAS0_ASE_ASGT_ASLT_ASM_ASAE01_ASBE01_ASCE01_ASDE01_ASEM1_AAC0_BL1_BS1_C
UM0_CDO0_CTDA0_CLR0_DSK0_DRA0_DU8_DULD1_DTLA0_DTLB0_DTVA0_DTVB0_DAF0_DKP0_DVO0_ETSP_EPS1_ELFLR0_EMLL0_FSSC10_F16AI0_F16AIR0_FL0_GLVWA2_GLVWB4_GR2A1_GR2B1_GRCGA1_GRCGB1_GRCV
A1_GRCVB1_GRPM1_GRVW16_GSU1_GSUASB_GSUAA0_GSUSARR1_GSUWGMRR0_GLS0_ISA1201_IU1_IA0_KLA_LEL0_LBSPPA0_LBSPPB0_LPA1_LPB1_LDL1_LR2A1_LR2B1_LRVW1_LW2A1_LW2B1_LWPMn1_LDW0_LT1_FMA_
MIAV0_MTSM64_MTSM1_MDA2_MI_MO40_MVN256_MMFSC_MKFGSU256_MVN0_NR0_NTA0_NTB0_NTC0_NTD0_NEPBS0_NLCA1_NLCB1_ONLL1_OPLV0_PBD0_PFD1_PG2_PSD0_PSLn1_PWCn1_PWLn1_PK0_PKAB0_PAP0_PAPM0
_PGR1_PLR1_PKA0_RK0_SGR1_SIA1_SLW1_SS0_SU32_SUM0_SUS256_SCIU0_SCIUE0_SCIUI1_SCIUPL0_SPO0_SRVW0_SSO0_SVW4_SK0_SKA0_SKXCCM0_SNLL0_TSGRA0_TSGRB0_TT4_8_TLDS0_UIIDU0_UMLDSA0_UML
DSB0_UMF0_U64SL1_UIOFGRO0_USFGROn1_VAW1_VSn1_VW1_VWB1_VFLRP0_WSGRA0_WSGRB0_WS32_WG16_16_1_WGM8_WGMTB

reject: VectorWidth must be >= 4 for Int8 or 8bitFloat

reject: Int8 requires GLVWA >= 4, current is 2
rejecting solution 
Cijk_Alik_Bljk_I8II_BH_GB_MT64x128x8_SN_1LDSB0_APM1_AAIGTEn1_AAILTEn1_AAV0_ABV0_ACED0_AF0EM1_AF1EM1_AMAS3_ASE_ASGT_ASLT_ASM_ASAE01_ASBE01_ASCE01_ASDE01_ASEM1_AAC0_BL1_BS1_C
UM0_CDO0_CTDA0_CLR0_DSK0_DRA0_DU8_DULD1_DTLA0_DTLB0_DTVA0_DTVB0_DAF0_DKP0_DVO0_ETSP_EPS1_ELFLR0_EMLL0_FSSC10_F16AI0_F16AIR0_FL0_GLVWA2_GLVWB4_GR2A1_GR2B1_GRCGA1_GRCGB1_GRCV
A1_GRCVB1_GRPM1_GRVW16_GSU1_GSUASB_GSUAA0_GSUSARR1_GSUWGMRR0_GLS0_ISA1201_IU1_IA0_KLA_LEL0_LBSPPA0_LBSPPB0_LPA2_LPB2_LDL1_LR2A1_LR2B1_LRVW2_LW2A1_LW2B1_LWPMn1_LDW0_LT1_FMA_
MIAV0_MTSM64_MTSM1_MDA2_MI_MO40_MVN256_MMFSC_MKFGSU256_MVN0_NR0_NTA0_NTB0_NTC0_NTD0_NEPBS0_NLCA1_NLCB1_ONLL1_OPLV0_PBD0_PFD1_PG2_PSD0_PSLn1_PWCn1_PWLn1_PK0_PKAB0_PAP0_PAPM0
_PGR1_PLR1_PKA0_RK0_SGR1_SIA1_SLW1_SS0_SU32_SUM0_SUS256_SCIU0_SCIUE0_SCIUI1_SCIUPL0_SPO0_SRVW0_SSO0_SVW4_SK0_SKA0_SKXCCM0_SNLL0_TSGRA0_TSGRB0_TT4_8_TLDS0_UIIDU0_UMLDSA0_UML
DSB0_UMF0_U64SL1_UIOFGRO0_USFGROn1_VAW1_VSn1_VW2_VWB2_VFLRP0_WSGRA0_WSGRB0_WS32_WG16_16_1_WGM8_WGMTB

reject: Int8 requires GLVWA >= 4, current is 2
rejecting solution 
Cijk_Alik_Bljk_I8II_BH_GB_MT64x128x8_SN_1LDSB0_APM1_AAIGTEn1_AAILTEn1_AAV0_ABV0_ACED0_AF0EM1_AF1EM1_AMAS3_ASE_ASGT_ASLT_ASM_ASAE01_ASBE01_ASCE01_ASDE01_ASEM1_AAC0_BL1_BS1_C
UM0_CDO0_CTDA0_CLR0_DSK0_DRA0_DU8_DULD1_DTLA0_DTLB0_DTVA0_DTVB0_DAF0_DKP0_DVO0_ETSP_EPS1_ELFLR0_EMLL0_FSSC10_F16AI0_F16AIR0_FL0_GLVWA2_GLVWB4_GR2A1_GR2B1_GRCGA1_GRCGB1_GRCV
A1_GRCVB1_GRPM1_GRVW16_GSU1_GSUASB_GSUAA0_GSUSARR1_GSUWGMRR0_GLS0_ISA1201_IU1_IA0_KLA_LEL0_LBSPPA0_LBSPPB0_LPA4_LPB4_LDL1_LR2A1_LR2B1_LRVW4_LW2A1_LW2B1_LWPMn1_LDW0_LT1_FMA_
MIAV0_MTSM64_MTSM1_MDA2_MI_MO40_MVN256_MMFSC_MKFGSU256_MVN0_NR0_NTA0_NTB0_NTC0_NTD0_NEPBS0_NLCA1_NLCB1_ONLL1_OPLV0_PBD0_PFD1_PG2_PSD0_PSLn1_PWCn1_PWLn1_PK0_PKAB0_PAP0_PAPM0
_PGR1_PLR1_PKA0_RK0_SGR1_SIA1_SLW1_SS0_SU32_SUM0_SUS256_SCIU0_SCIUE0_SCIUI1_SCIUPL0_SPO0_SRVW0_SSO0_SVW4_SK0_SKA0_SKXCCM0_SNLL0_TSGRA0_TSGRB0_TT4_8_TLDS0_UIIDU0_UMLDSA0_UML
DSB0_UMF0_U64SL1_UIOFGRO0_USFGROn1_VAW1_VSn1_VW4_VWB4_VFLRP0_WSGRA0_WSGRB0_WS32_WG16_16_1_WGM8_WGMTB

reject: VectorWidth must be >= 4 for Int8 or 8bitFloat

reject: Int8 requires GLVWA >= 4, current is 2

reject: Int8 requires GLVWB >= 4, current is 2
rejecting solution 
Cijk_Alik_Bljk_I8II_BH_GB_MT32x32x16_SN_1LDSB0_APM1_AAIGTEn1_AAILTEn1_AAV0_ABV0_ACED0_AF0EM1_AF1EM1_AMAS0_ASE_ASGT_ASLT_ASM_ASAE01_ASBE01_ASCE01_ASDE01_ASEM1_AAC0_BL1_BS1_C
UM0_CDO0_CTDA0_CLR0_DSK0_DRA0_DU16_DULD1_DTLA0_DTLB0_DTVA0_DTVB0_DAF0_DKP0_DVO0_ETSP_EPS1_ELFLR0_EMLL0_FSSC10_F16AI0_F16AIR0_FL0_GLVWA2_GLVWB2_GR2A1_GR2B1_GRCGA1_GRCGB1_GRC
VA1_GRCVB1_GRPM1_GRVW4_GSU1_GSUASB_GSUAA0_GSUSARR1_GSUWGMRR0_GLS0_ISA1201_IU1_IA0_KLA_LEL0_LBSPPA0_LBSPPB0_LPA1_LPB1_LDL1_LR2A1_LR2B1_LRVW1_LW2A1_LW2B1_LWPMn1_LDW0_LT1_FMA_
MIAV0_MTSM64_MTSM1_MDA2_MI_MO40_MVN256_MMFSC_MKFGSU256_MVN0_NR0_NTA0_NTB0_NTC0_NTD0_NEPBS0_NLCA1_NLCB1_ONLL1_OPLV0_PBD0_PFD1_PG2_PSD0_PSLn1_PWCn1_PWLn1_PK0_PKAB0_PAP0_PAPM0
_PGR1_PLR1_PKA0_RK0_SGR1_SIA1_SLW1_SS0_SU0_SUM0_SUS0_SCIU0_SCIUE0_SCIUI1_SCIUPL0_SPO0_SRVW0_SSO0_SVW4_SK0_SKA0_SKXCCM0_SNLL0_TSGRA0_TSGRB0_TT2_2_TLDS0_UIIDU0_UMLDSA0_UMLDSB
0_UMF0_U64SL1_UIOFGRO0_USFGROn1_VAW1_VSn1_VW1_VWB1_VFLRP0_WSGRA0_WSGRB0_WS32_WG16_16_1_WGM8_WGMTB

reject: VectorWidth must be >= 4 for Int8 or 8bitFloat

reject: Int8 requires GLVWA >= 4, current is 2

reject: Int8 requires GLVWB >= 4, current is 2
rejecting solution 
Cijk_Alik_Bljk_I8II_BH_GB_MT32x32x16_SN_1LDSB0_APM1_AAIGTEn1_AAILTEn1_AAV0_ABV0_ACED0_AF0EM1_AF1EM1_AMAS3_ASE_ASGT_ASLT_ASM_ASAE01_ASBE01_ASCE01_ASDE01_ASEM1_AAC0_BL1_BS1_C
UM0_CDO0_CTDA0_CLR0_DSK0_DRA0_DU16_DULD1_DTLA0_DTLB0_DTVA0_DTVB0_DAF0_DKP0_DVO0_ETSP_EPS1_ELFLR0_EMLL0_FSSC10_F16AI0_F16AIR0_FL0_GLVWA2_GLVWB2_GR2A1_GR2B1_GRCGA1_GRCGB1_GRC
VA1_GRCVB1_GRPM1_GRVW4_GSU1_GSUASB_GSUAA0_GSUSARR1_GSUWGMRR0_GLS0_ISA1201_IU1_IA0_KLA_LEL0_LBSPPA0_LBSPPB0_LPA2_LPB2_LDL1_LR2A1_LR2B1_LRVW2_LW2A1_LW2B1_LWPMn1_LDW0_LT1_FMA_
MIAV0_MTSM64_MTSM1_MDA2_MI_MO40_MVN256_MMFSC_MKFGSU256_MVN0_NR0_NTA0_NTB0_NTC0_NTD0_NEPBS0_NLCA1_NLCB1_ONLL1_OPLV0_PBD0_PFD1_PG2_PSD0_PSLn1_PWCn1_PWLn1_PK0_PKAB0_PAP0_PAPM0
_PGR1_PLR1_PKA0_RK0_SGR1_SIA1_SLW1_SS0_SU0_SUM0_SUS0_SCIU0_SCIUE0_SCIUI1_SCIUPL0_SPO0_SRVW0_SSO0_SVW4_SK0_SKA0_SKXCCM0_SNLL0_TSGRA0_TSGRB0_TT2_2_TLDS0_UIIDU0_UMLDSA0_UMLDSB
0_UMF0_U64SL1_UIOFGRO0_USFGROn1_VAW1_VSn1_VW2_VWB2_VFLRP0_WSGRA0_WSGRB0_WS32_WG16_16_1_WGM8_WGMTB

reject: ThreadTile0 2 or ThreadTile1 2 not a multiple of VectorWidth 4
rejecting solution 
Cijk_Alik_Bljk_I8II_BH_GB_MT32x32x16_SN_1LDSB0_APM1_AAIGTEn1_AAILTEn1_AAV0_ABV0_ACED0_AF0EM1_AF1EM1_AMASn1_ASE_ASGT_ASLT_ASM_ASAE01_ASBE01_ASCE01_ASDE01_ASEM1_AAC0_BL1_BS1_
CUM0_CDO0_CTDA0_CLR0_DSK0_DRA0_DU16_DULD1_DTLA0_DTLB0_DTVA0_DTVB0_DAF0_DKP0_DVO0_ETSP_EPS1_ELFLR0_EMLL0_FSSC10_F16AI0_F16AIR0_FL0_GLVWA4_GLVWB4_GR2A1_GR2B1_GRCGA1_GRCGB1_GR
CVA1_GRCVB1_GRPM1_GRVW4_GSU1_GSUASB_GSUAA0_GSUSARR1_GSUWGMRR0_GLS0_ISA1201_IU1_IA0_KLA_LEL0_LBSPPAn1_LBSPPBn1_LPAn1_LPBn1_LDL1_LR2A1_LR2B1_LRVWn1_LW2A1_LW2B1_LWPMn1_LDW0_LT
1_FMA_MIAV0_MTSM64_MTSM1_MDA2_MI_MO40_MVN256_MMFSC_MKFGSU256_MVN0_NR0_NTA0_NTB0_NTC0_NTD0_NEPBS0_NLCA1_NLCB1_ONLL1_OPLV0_PBD0_PFD1_PG2_PSD0_PSLn1_PWCn1_PWLn1_PK0_PKAB0_PAP0
_PAPM0_PGR1_PLR1_PKA0_RK0_SGR1_SIA1_SLW1_SS0_SU0_SUM0_SUS0_SCIU0_SCIUE0_SCIUI1_SCIUPL0_SPO0_SRVW0_SSO0_SVWn1_SK0_SKA0_SKXCCM0_SNLL0_TSGRA0_TSGRB0_TT2_2_TLDS0_UIIDU0_UMLDSA0
_UMLDSB0_UMF0_U64SL1_UIOFGRO0_USFGROn1_VAWn1_VSn1_VW4_VWBn1_VFLRP0_WSGRA0_WSGRB0_WS32_WG16_16_1_WGM8_WGMTB

reject: VectorWidth must be >= 4 for Int8 or 8bitFloat

reject: Int8 requires GLVWA >= 4, current is 2

reject: Int8 requires GLVWB >= 4, current is 2
rejecting solution 
Cijk_Alik_Bljk_I8II_BH_GB_MT32x32x16_SN_1LDSB0_APM1_AAIGTEn1_AAILTEn1_AAV0_ABV0_ACED0_AF0EM1_AF1EM1_AMAS0_ASE_ASGT_ASLT_ASM_ASAE01_ASBE01_ASCE01_ASDE01_ASEM1_AAC0_BL1_BS1_C
UM0_CDO0_CTDA0_CLR0_DSK0_DRA0_DU16_DULD1_DTLA0_DTLB0_DTVA0_DTVB0_DAF0_DKP0_DVO0_ETSP_EPS1_ELFLR0_EMLL0_FSSC10_F16AI0_F16AIR0_FL0_GLVWA2_GLVWB2_GR2A1_GR2B1_GRCGA1_GRCGB1_GRC
VA1_GRCVB1_GRPM1_GRVW8_GSU1_GSUASB_GSUAA0_GSUSARR1_GSUWGMRR0_GLS0_ISA1201_IU1_IA0_KLA_LEL0_LBSPPA0_LBSPPB0_LPA1_LPB1_LDL1_LR2A1_LR2B1_LRVW1_LW2A1_LW2B1_LWPMn1_LDW0_LT1_FMA_
MIAV0_MTSM64_MTSM1_MDA2_MI_MO40_MVN256_MMFSC_MKFGSU256_MVN0_NR0_NTA0_NTB0_NTC0_NTD0_NEPBS0_NLCA1_NLCB1_ONLL1_OPLV0_PBD0_PFD1_PG2_PSD0_PSLn1_PWCn1_PWLn1_PK0_PKAB0_PAP0_PAPM0
_PGR1_PLR1_PKA0_RK0_SGR1_SIA1_SLW1_SS0_SU0_SUM0_SUS0_SCIU0_SCIUE0_SCIUI1_SCIUPL0_SPO0_SRVW0_SSO0_SVW4_SK0_SKA0_SKXCCM0_SNLL0_TSGRA0_TSGRB0_TT2_2_TLDS0_UIIDU0_UMLDSA0_UMLDSB
0_UMF0_U64SL1_UIOFGRO0_USFGROn1_VAW1_VSn1_VW1_VWB1_VFLRP0_WSGRA0_WSGRB0_WS32_WG16_16_1_WGM8_WGMTB

reject: VectorWidth must be >= 4 for Int8 or 8bitFloat

reject: Int8 requires GLVWA >= 4, current is 2

reject: Int8 requires GLVWB >= 4, current is 2
rejecting solution 
Cijk_Alik_Bljk_I8II_BH_GB_MT32x32x16_SN_1LDSB0_APM1_AAIGTEn1_AAILTEn1_AAV0_ABV0_ACED0_AF0EM1_AF1EM1_AMAS3_ASE_ASGT_ASLT_ASM_ASAE01_ASBE01_ASCE01_ASDE01_ASEM1_AAC0_BL1_BS1_C
UM0_CDO0_CTDA0_CLR0_DSK0_DRA0_DU16_DULD1_DTLA0_DTLB0_DTVA0_DTVB0_DAF0_DKP0_DVO0_ETSP_EPS1_ELFLR0_EMLL0_FSSC10_F16AI0_F16AIR0_FL0_GLVWA2_GLVWB2_GR2A1_GR2B1_GRCGA1_GRCGB1_GRC
VA1_GRCVB1_GRPM1_GRVW8_GSU1_GSUASB_GSUAA0_GSUSARR1_GSUWGMRR0_GLS0_ISA1201_IU1_IA0_KLA_LEL0_LBSPPA0_LBSPPB0_LPA2_LPB2_LDL1_LR2A1_LR2B1_LRVW2_LW2A1_LW2B1_LWPMn1_LDW0_LT1_FMA_
MIAV0_MTSM64_MTSM1_MDA2_MI_MO40_MVN256_MMFSC_MKFGSU256_MVN0_NR0_NTA0_NTB0_NTC0_NTD0_NEPBS0_NLCA1_NLCB1_ONLL1_OPLV0_PBD0_PFD1_PG2_PSD0_PSLn1_PWCn1_PWLn1_PK0_PKAB0_PAP0_PAPM0
_PGR1_PLR1_PKA0_RK0_SGR1_SIA1_SLW1_SS0_SU0_SUM0_SUS0_SCIU0_SCIUE0_SCIUI1_SCIUPL0_SPO0_SRVW0_SSO0_SVW4_SK0_SKA0_SKXCCM0_SNLL0_TSGRA0_TSGRB0_TT2_2_TLDS0_UIIDU0_UMLDSA0_UMLDSB
0_UMF0_U64SL1_UIOFGRO0_USFGROn1_VAW1_VSn1_VW2_VWB2_VFLRP0_WSGRA0_WSGRB0_WS32_WG16_16_1_WGM8_WGMTB

reject: ThreadTile0 2 or ThreadTile1 2 not a multiple of VectorWidth 4
rejecting solution 
Cijk_Alik_Bljk_I8II_BH_GB_MT32x32x16_SN_1LDSB0_APM1_AAIGTEn1_AAILTEn1_AAV0_ABV0_ACED0_AF0EM1_AF1EM1_AMASn1_ASE_ASGT_ASLT_ASM_ASAE01_ASBE01_ASCE01_ASDE01_ASEM1_AAC0_BL1_BS1_
CUM0_CDO0_CTDA0_CLR0_DSK0_DRA0_DU16_DULD1_DTLA0_DTLB0_DTVA0_DTVB0_DAF0_DKP0_DVO0_ETSP_EPS1_ELFLR0_EMLL0_FSSC10_F16AI0_F16AIR0_FL0_GLVWA8_GLVWB8_GR2A1_GR2B1_GRCGA1_GRCGB1_GR
CVA1_GRCVB1_GRPM1_GRVW8_GSU1_GSUASB_GSUAA0_GSUSARR1_GSUWGMRR0_GLS0_ISA1201_IU1_IA0_KLA_LEL0_LBSPPAn1_LBSPPBn1_LPAn1_LPBn1_LDL1_LR2A1_LR2B1_LRVWn1_LW2A1_LW2B1_LWPMn1_LDW0_LT
1_FMA_MIAV0_MTSM64_MTSM1_MDA2_MI_MO40_MVN256_MMFSC_MKFGSU256_MVN0_NR0_NTA0_NTB0_NTC0_NTD0_NEPBS0_NLCA1_NLCB1_ONLL1_OPLV0_PBD0_PFD1_PG2_PSD0_PSLn1_PWCn1_PWLn1_PK0_PKAB0_PAP0
_PAPM0_PGR1_PLR1_PKA0_RK0_SGR1_SIA1_SLW1_SS0_SU0_SUM0_SUS0_SCIU0_SCIUE0_SCIUI1_SCIUPL0_SPO0_SRVW0_SSO0_SVWn1_SK0_SKA0_SKXCCM0_SNLL0_TSGRA0_TSGRB0_TT2_2_TLDS0_UIIDU0_UMLDSA0
_UMLDSB0_UMF0_U64SL1_UIOFGRO0_USFGROn1_VAWn1_VSn1_VW4_VWBn1_VFLRP0_WSGRA0_WSGRB0_WS32_WG16_16_1_WGM8_WGMTB

reject: VectorWidth must be >= 4 for Int8 or 8bitFloat

reject: Int8 requires GLVWA >= 4, current is 2

reject: Int8 requires GLVWB >= 4, current is 2
rejecting solution 
Cijk_Alik_Bljk_I8II_BH_GB_MT32x32x16_SN_1LDSB0_APM1_AAIGTEn1_AAILTEn1_AAV0_ABV0_ACED0_AF0EM1_AF1EM1_AMAS0_ASE_ASGT_ASLT_ASM_ASAE01_ASBE01_ASCE01_ASDE01_ASEM1_AAC0_BL1_BS1_C
UM0_CDO0_CTDA0_CLR0_DSK0_DRA0_DU16_DULD1_DTLA0_DTLB0_DTVA0_DTVB0_DAF0_DKP0_DVO0_ETSP_EPS1_ELFLR0_EMLL0_FSSC10_F16AI0_F16AIR0_FL0_GLVWA2_GLVWB2_GR2A1_GR2B1_GRCGA1_GRCGB1_GRC
VA1_GRCVB1_GRPM1_GRVW16_GSU1_GSUASB_GSUAA0_GSUSARR1_GSUWGMRR0_GLS0_ISA1201_IU1_IA0_KLA_LEL0_LBSPPA0_LBSPPB0_LPA1_LPB1_LDL1_LR2A1_LR2B1_LRVW1_LW2A1_LW2B1_LWPMn1_LDW0_LT1_FMA
_MIAV0_MTSM64_MTSM1_MDA2_MI_MO40_MVN256_MMFSC_MKFGSU256_MVN0_NR0_NTA0_NTB0_NTC0_NTD0_NEPBS0_NLCA1_NLCB1_ONLL1_OPLV0_PBD0_PFD1_PG2_PSD0_PSLn1_PWCn1_PWLn1_PK0_PKAB0_PAP0_PAPM
0_PGR1_PLR1_PKA0_RK0_SGR1_SIA1_SLW1_SS0_SU0_SUM0_SUS0_SCIU0_SCIUE0_SCIUI1_SCIUPL0_SPO0_SRVW0_SSO0_SVW4_SK0_SKA0_SKXCCM0_SNLL0_TSGRA0_TSGRB0_TT2_2_TLDS0_UIIDU0_UMLDSA0_UMLDS
B0_UMF0_U64SL1_UIOFGRO0_USFGROn1_VAW1_VSn1_VW1_VWB1_VFLRP0_WSGRA0_WSGRB0_WS32_WG16_16_1_WGM8_WGMTB

reject: VectorWidth must be >= 4 for Int8 or 8bitFloat

reject: Int8 requires GLVWA >= 4, current is 2

reject: Int8 requires GLVWB >= 4, current is 2
rejecting solution 
Cijk_Alik_Bljk_I8II_BH_GB_MT32x32x16_SN_1LDSB0_APM1_AAIGTEn1_AAILTEn1_AAV0_ABV0_ACED0_AF0EM1_AF1EM1_AMAS3_ASE_ASGT_ASLT_ASM_ASAE01_ASBE01_ASCE01_ASDE01_ASEM1_AAC0_BL1_BS1_C
UM0_CDO0_CTDA0_CLR0_DSK0_DRA0_DU16_DULD1_DTLA0_DTLB0_DTVA0_DTVB0_DAF0_DKP0_DVO0_ETSP_EPS1_ELFLR0_EMLL0_FSSC10_F16AI0_F16AIR0_FL0_GLVWA2_GLVWB2_GR2A1_GR2B1_GRCGA1_GRCGB1_GRC
VA1_GRCVB1_GRPM1_GRVW16_GSU1_GSUASB_GSUAA0_GSUSARR1_GSUWGMRR0_GLS0_ISA1201_IU1_IA0_KLA_LEL0_LBSPPA0_LBSPPB0_LPA2_LPB2_LDL1_LR2A1_LR2B1_LRVW2_LW2A1_LW2B1_LWPMn1_LDW0_LT1_FMA
_MIAV0_MTSM64_MTSM1_MDA2_MI_MO40_MVN256_MMFSC_MKFGSU256_MVN0_NR0_NTA0_NTB0_NTC0_NTD0_NEPBS0_NLCA1_NLCB1_ONLL1_OPLV0_PBD0_PFD1_PG2_PSD0_PSLn1_PWCn1_PWLn1_PK0_PKAB0_PAP0_PAPM
0_PGR1_PLR1_PKA0_RK0_SGR1_SIA1_SLW1_SS0_SU0_SUM0_SUS0_SCIU0_SCIUE0_SCIUI1_SCIUPL0_SPO0_SRVW0_SSO0_SVW4_SK0_SKA0_SKXCCM0_SNLL0_TSGRA0_TSGRB0_TT2_2_TLDS0_UIIDU0_UMLDSA0_UMLDS
B0_UMF0_U64SL1_UIOFGRO0_USFGROn1_VAW1_VSn1_VW2_VWB2_VFLRP0_WSGRA0_WSGRB0_WS32_WG16_16_1_WGM8_WGMTB

reject: ThreadTile0 2 or ThreadTile1 2 not a multiple of VectorWidth 4
rejecting solution 
Cijk_Alik_Bljk_I8II_BH_GB_MT32x32x16_SN_1LDSB0_APM1_AAIGTEn1_AAILTEn1_AAV0_ABV0_ACED0_AF0EM1_AF1EM1_AMASn1_ASE_ASGT_ASLT_ASM_ASAE01_ASBE01_ASCE01_ASDE01_ASEM1_AAC0_BL1_BS1_
CUM0_CDO0_CTDA0_CLR0_DSK0_DRA0_DU16_DULD1_DTLA0_DTLB0_DTVA0_DTVB0_DAF0_DKP0_DVO0_ETSP_EPS1_ELFLR0_EMLL0_FSSC10_F16AI0_F16AIR0_FL0_GLVWA16_GLVWB16_GR2A1_GR2B1_GRCGA1_GRCGB1_
GRCVA1_GRCVB1_GRPM1_GRVW16_GSU1_GSUASB_GSUAA0_GSUSARR1_GSUWGMRR0_GLS0_ISA1201_IU1_IA0_KLA_LEL0_LBSPPAn1_LBSPPBn1_LPAn1_LPBn1_LDL1_LR2A1_LR2B1_LRVWn1_LW2A1_LW2B1_LWPMn1_LDW0
_LT1_FMA_MIAV0_MTSM64_MTSM1_MDA2_MI_MO40_MVN256_MMFSC_MKFGSU256_MVN0_NR0_NTA0_NTB0_NTC0_NTD0_NEPBS0_NLCA1_NLCB1_ONLL1_OPLV0_PBD0_PFD1_PG2_PSD0_PSLn1_PWCn1_PWLn1_PK0_PKAB0_P
AP0_PAPM0_PGR1_PLR1_PKA0_RK0_SGR1_SIA1_SLW1_SS0_SU0_SUM0_SUS0_SCIU0_SCIUE0_SCIUI1_SCIUPL0_SPO0_SRVW0_SSO0_SVWn1_SK0_SKA0_SKXCCM0_SNLL0_TSGRA0_TSGRB0_TT2_2_TLDS0_UIIDU0_UMLD
SA0_UMLDSB0_UMF0_U64SL1_UIOFGRO0_USFGROn1_VAWn1_VSn1_VW4_VWBn1_VFLRP0_WSGRA0_WSGRB0_WS32_WG16_16_1_WGM8_WGMTB

reject: VectorWidth must be >= 4 for Int8 or 8bitFloat

reject: Int8 requires GLVWA >= 4, current is 2

reject: Int8 requires GLVWB >= 4, current is 2
rejecting solution 
Cijk_Alik_Bljk_I8II_BH_GB_MT32x32x16_SN_1LDSB0_APM1_AAIGTEn1_AAILTEn1_AAV0_ABV0_ACED0_AF0EM1_AF1EM1_AMAS0_ASE_ASGT_ASLT_ASM_ASAE01_ASBE01_ASCE01_ASDE01_ASEM1_AAC0_BL1_BS1_C
UM0_CDO0_CTDA0_CLR0_DSK0_DRA0_DU16_DULD1_DTLA0_DTLB0_DTVA0_DTVB0_DAF0_DKP0_DVO0_ETSP_EPS1_ELFLR0_EMLL0_FSSC10_F16AI0_F16AIR0_FL0_GLVWA2_GLVWB2_GR2A1_GR2B1_GRCGA1_GRCGB1_GRC
VA1_GRCVB1_GRPM1_GRVW4_GSU1_GSUASB_GSUAA0_GSUSARR1_GSUWGMRR0_GLS0_ISA1201_IU1_IA0_KLA_LEL0_LBSPPA0_LBSPPB0_LPA1_LPB1_LDL1_LR2A1_LR2B1_LRVW1_LW2A1_LW2B1_LWPMn1_LDW0_LT1_FMA_
MIAV0_MTSM64_MTSM1_MDA2_MI_MO40_MVN256_MMFSC_MKFGSU256_MVN0_NR0_NTA0_NTB0_NTC0_NTD0_NEPBS0_NLCA1_NLCB1_ONLL1_OPLV0_PBD0_PFD1_PG2_PSD0_PSLn1_PWCn1_PWLn1_PK0_PKAB0_PAP0_PAPM0
_PGR1_PLR1_PKA0_RK0_SGR1_SIA1_SLW1_SS0_SU32_SUM0_SUS256_SCIU0_SCIUE0_SCIUI1_SCIUPL0_SPO0_SRVW0_SSO0_SVW4_SK0_SKA0_SKXCCM0_SNLL0_TSGRA0_TSGRB0_TT2_2_TLDS0_UIIDU0_UMLDSA0_UML
DSB0_UMF0_U64SL1_UIOFGRO0_USFGROn1_VAW1_VSn1_VW1_VWB1_VFLRP0_WSGRA0_WSGRB0_WS32_WG16_16_1_WGM8_WGMTB

reject: VectorWidth must be >= 4 for Int8 or 8bitFloat

reject: Int8 requires GLVWA >= 4, current is 2

reject: Int8 requires GLVWB >= 4, current is 2
rejecting solution 
Cijk_Alik_Bljk_I8II_BH_GB_MT32x32x16_SN_1LDSB0_APM1_AAIGTEn1_AAILTEn1_AAV0_ABV0_ACED0_AF0EM1_AF1EM1_AMAS3_ASE_ASGT_ASLT_ASM_ASAE01_ASBE01_ASCE01_ASDE01_ASEM1_AAC0_BL1_BS1_C
UM0_CDO0_CTDA0_CLR0_DSK0_DRA0_DU16_DULD1_DTLA0_DTLB0_DTVA0_DTVB0_DAF0_DKP0_DVO0_ETSP_EPS1_ELFLR0_EMLL0_FSSC10_F16AI0_F16AIR0_FL0_GLVWA2_GLVWB2_GR2A1_GR2B1_GRCGA1_GRCGB1_GRC
VA1_GRCVB1_GRPM1_GRVW4_GSU1_GSUASB_GSUAA0_GSUSARR1_GSUWGMRR0_GLS0_ISA1201_IU1_IA0_KLA_LEL0_LBSPPA0_LBSPPB0_LPA2_LPB2_LDL1_LR2A1_LR2B1_LRVW2_LW2A1_LW2B1_LWPMn1_LDW0_LT1_FMA_
MIAV0_MTSM64_MTSM1_MDA2_MI_MO40_MVN256_MMFSC_MKFGSU256_MVN0_NR0_NTA0_NTB0_NTC0_NTD0_NEPBS0_NLCA1_NLCB1_ONLL1_OPLV0_PBD0_PFD1_PG2_PSD0_PSLn1_PWCn1_PWLn1_PK0_PKAB0_PAP0_PAPM0
_PGR1_PLR1_PKA0_RK0_SGR1_SIA1_SLW1_SS0_SU32_SUM0_SUS256_SCIU0_SCIUE0_SCIUI1_SCIUPL0_SPO0_SRVW0_SSO0_SVW4_SK0_SKA0_SKXCCM0_SNLL0_TSGRA0_TSGRB0_TT2_2_TLDS0_UIIDU0_UMLDSA0_UML
DSB0_UMF0_U64SL1_UIOFGRO0_USFGROn1_VAW1_VSn1_VW2_VWB2_VFLRP0_WSGRA0_WSGRB0_WS32_WG16_16_1_WGM8_WGMTB

reject: ThreadTile0 2 or ThreadTile1 2 not a multiple of VectorWidth 4
rejecting solution 
Cijk_Alik_Bljk_I8II_BH_GB_MT32x32x16_SN_1LDSB0_APM1_AAIGTEn1_AAILTEn1_AAV0_ABV0_ACED0_AF0EM1_AF1EM1_AMASn1_ASE_ASGT_ASLT_ASM_ASAE01_ASBE01_ASCE01_ASDE01_ASEM1_AAC0_BL1_BS1_
CUM0_CDO0_CTDA0_CLR0_DSK0_DRA0_DU16_DULD1_DTLA0_DTLB0_DTVA0_DTVB0_DAF0_DKP0_DVO0_ETSP_EPS1_ELFLR0_EMLL0_FSSC10_F16AI0_F16AIR0_FL0_GLVWA4_GLVWB4_GR2A1_GR2B1_GRCGA1_GRCGB1_GR
CVA1_GRCVB1_GRPM1_GRVW4_GSU1_GSUASB_GSUAA0_GSUSARR1_GSUWGMRR0_GLS0_ISA1201_IU1_IA0_KLA_LEL0_LBSPPAn1_LBSPPBn1_LPAn1_LPBn1_LDL1_LR2A1_LR2B1_LRVWn1_LW2A1_LW2B1_LWPMn1_LDW0_LT
1_FMA_MIAV0_MTSM64_MTSM1_MDA2_MI_MO40_MVN256_MMFSC_MKFGSU256_MVN0_NR0_NTA0_NTB0_NTC0_NTD0_NEPBS0_NLCA1_NLCB1_ONLL1_OPLV0_PBD0_PFD1_PG2_PSD0_PSLn1_PWCn1_PWLn1_PK0_PKAB0_PAP0
_PAPM0_PGR1_PLR1_PKA0_RK0_SGR1_SIA1_SLW1_SS0_SU32_SUM0_SUS256_SCIU0_SCIUE0_SCIUI1_SCIUPL0_SPO0_SRVW0_SSO0_SVWn1_SK0_SKA0_SKXCCM0_SNLL0_TSGRA0_TSGRB0_TT2_2_TLDS0_UIIDU0_UMLD
SA0_UMLDSB0_UMF0_U64SL1_UIOFGRO0_USFGROn1_VAWn1_VSn1_VW4_VWBn1_VFLRP0_WSGRA0_WSGRB0_WS32_WG16_16_1_WGM8_WGMTB

reject: VectorWidth must be >= 4 for Int8 or 8bitFloat

reject: Int8 requires GLVWA >= 4, current is 2

reject: Int8 requires GLVWB >= 4, current is 2
rejecting solution 
Cijk_Alik_Bljk_I8II_BH_GB_MT32x32x16_SN_1LDSB0_APM1_AAIGTEn1_AAILTEn1_AAV0_ABV0_ACED0_AF0EM1_AF1EM1_AMAS0_ASE_ASGT_ASLT_ASM_ASAE01_ASBE01_ASCE01_ASDE01_ASEM1_AAC0_BL1_BS1_C
UM0_CDO0_CTDA0_CLR0_DSK0_DRA0_DU16_DULD1_DTLA0_DTLB0_DTVA0_DTVB0_DAF0_DKP0_DVO0_ETSP_EPS1_ELFLR0_EMLL0_FSSC10_F16AI0_F16AIR0_FL0_GLVWA2_GLVWB2_GR2A1_GR2B1_GRCGA1_GRCGB1_GRC
VA1_GRCVB1_GRPM1_GRVW8_GSU1_GSUASB_GSUAA0_GSUSARR1_GSUWGMRR0_GLS0_ISA1201_IU1_IA0_KLA_LEL0_LBSPPA0_LBSPPB0_LPA1_LPB1_LDL1_LR2A1_LR2B1_LRVW1_LW2A1_LW2B1_LWPMn1_LDW0_LT1_FMA_
MIAV0_MTSM64_MTSM1_MDA2_MI_MO40_MVN256_MMFSC_MKFGSU256_MVN0_NR0_NTA0_NTB0_NTC0_NTD0_NEPBS0_NLCA1_NLCB1_ONLL1_OPLV0_PBD0_PFD1_PG2_PSD0_PSLn1_PWCn1_PWLn1_PK0_PKAB0_PAP0_PAPM0
_PGR1_PLR1_PKA0_RK0_SGR1_SIA1_SLW1_SS0_SU32_SUM0_SUS256_SCIU0_SCIUE0_SCIUI1_SCIUPL0_SPO0_SRVW0_SSO0_SVW4_SK0_SKA0_SKXCCM0_SNLL0_TSGRA0_TSGRB0_TT2_2_TLDS0_UIIDU0_UMLDSA0_UML
DSB0_UMF0_U64SL1_UIOFGRO0_USFGROn1_VAW1_VSn1_VW1_VWB1_VFLRP0_WSGRA0_WSGRB0_WS32_WG16_16_1_WGM8_WGMTB

reject: VectorWidth must be >= 4 for Int8 or 8bitFloat

reject: Int8 requires GLVWA >= 4, current is 2

reject: Int8 requires GLVWB >= 4, current is 2
rejecting solution 
Cijk_Alik_Bljk_I8II_BH_GB_MT32x32x16_SN_1LDSB0_APM1_AAIGTEn1_AAILTEn1_AAV0_ABV0_ACED0_AF0EM1_AF1EM1_AMAS3_ASE_ASGT_ASLT_ASM_ASAE01_ASBE01_ASCE01_ASDE01_ASEM1_AAC0_BL1_BS1_C
UM0_CDO0_CTDA0_CLR0_DSK0_DRA0_DU16_DULD1_DTLA0_DTLB0_DTVA0_DTVB0_DAF0_DKP0_DVO0_ETSP_EPS1_ELFLR0_EMLL0_FSSC10_F16AI0_F16AIR0_FL0_GLVWA2_GLVWB2_GR2A1_GR2B1_GRCGA1_GRCGB1_GRC
VA1_GRCVB1_GRPM1_GRVW8_GSU1_GSUASB_GSUAA0_GSUSARR1_GSUWGMRR0_GLS0_ISA1201_IU1_IA0_KLA_LEL0_LBSPPA0_LBSPPB0_LPA2_LPB2_LDL1_LR2A1_LR2B1_LRVW2_LW2A1_LW2B1_LWPMn1_LDW0_LT1_FMA_
MIAV0_MTSM64_MTSM1_MDA2_MI_MO40_MVN256_MMFSC_MKFGSU256_MVN0_NR0_NTA0_NTB0_NTC0_NTD0_NEPBS0_NLCA1_NLCB1_ONLL1_OPLV0_PBD0_PFD1_PG2_PSD0_PSLn1_PWCn1_PWLn1_PK0_PKAB0_PAP0_PAPM0
_PGR1_PLR1_PKA0_RK0_SGR1_SIA1_SLW1_SS0_SU32_SUM0_SUS256_SCIU0_SCIUE0_SCIUI1_SCIUPL0_SPO0_SRVW0_SSO0_SVW4_SK0_SKA0_SKXCCM0_SNLL0_TSGRA0_TSGRB0_TT2_2_TLDS0_UIIDU0_UMLDSA0_UML
DSB0_UMF0_U64SL1_UIOFGRO0_USFGROn1_VAW1_VSn1_VW2_VWB2_VFLRP0_WSGRA0_WSGRB0_WS32_WG16_16_1_WGM8_WGMTB

reject: ThreadTile0 2 or ThreadTile1 2 not a multiple of VectorWidth 4
rejecting solution 
Cijk_Alik_Bljk_I8II_BH_GB_MT32x32x16_SN_1LDSB0_APM1_AAIGTEn1_AAILTEn1_AAV0_ABV0_ACED0_AF0EM1_AF1EM1_AMASn1_ASE_ASGT_ASLT_ASM_ASAE01_ASBE01_ASCE01_ASDE01_ASEM1_AAC0_BL1_BS1_
CUM0_CDO0_CTDA0_CLR0_DSK0_DRA0_DU16_DULD1_DTLA0_DTLB0_DTVA0_DTVB0_DAF0_DKP0_DVO0_ETSP_EPS1_ELFLR0_EMLL0_FSSC10_F16AI0_F16AIR0_FL0_GLVWA8_GLVWB8_GR2A1_GR2B1_GRCGA1_GRCGB1_GR
CVA1_GRCVB1_GRPM1_GRVW8_GSU1_GSUASB_GSUAA0_GSUSARR1_GSUWGMRR0_GLS0_ISA1201_IU1_IA0_KLA_LEL0_LBSPPAn1_LBSPPBn1_LPAn1_LPBn1_LDL1_LR2A1_LR2B1_LRVWn1_LW2A1_LW2B1_LWPMn1_LDW0_LT
1_FMA_MIAV0_MTSM64_MTSM1_MDA2_MI_MO40_MVN256_MMFSC_MKFGSU256_MVN0_NR0_NTA0_NTB0_NTC0_NTD0_NEPBS0_NLCA1_NLCB1_ONLL1_OPLV0_PBD0_PFD1_PG2_PSD0_PSLn1_PWCn1_PWLn1_PK0_PKAB0_PAP0
_PAPM0_PGR1_PLR1_PKA0_RK0_SGR1_SIA1_SLW1_SS0_SU32_SUM0_SUS256_SCIU0_SCIUE0_SCIUI1_SCIUPL0_SPO0_SRVW0_SSO0_SVWn1_SK0_SKA0_SKXCCM0_SNLL0_TSGRA0_TSGRB0_TT2_2_TLDS0_UIIDU0_UMLD
SA0_UMLDSB0_UMF0_U64SL1_UIOFGRO0_USFGROn1_VAWn1_VSn1_VW4_VWBn1_VFLRP0_WSGRA0_WSGRB0_WS32_WG16_16_1_WGM8_WGMTB

reject: VectorWidth must be >= 4 for Int8 or 8bitFloat

reject: Int8 requires GLVWA >= 4, current is 2

reject: Int8 requires GLVWB >= 4, current is 2
rejecting solution 
Cijk_Alik_Bljk_I8II_BH_GB_MT32x32x16_SN_1LDSB0_APM1_AAIGTEn1_AAILTEn1_AAV0_ABV0_ACED0_AF0EM1_AF1EM1_AMAS0_ASE_ASGT_ASLT_ASM_ASAE01_ASBE01_ASCE01_ASDE01_ASEM1_AAC0_BL1_BS1_C
UM0_CDO0_CTDA0_CLR0_DSK0_DRA0_DU16_DULD1_DTLA0_DTLB0_DTVA0_DTVB0_DAF0_DKP0_DVO0_ETSP_EPS1_ELFLR0_EMLL0_FSSC10_F16AI0_F16AIR0_FL0_GLVWA2_GLVWB2_GR2A1_GR2B1_GRCGA1_GRCGB1_GRC
VA1_GRCVB1_GRPM1_GRVW16_GSU1_GSUASB_GSUAA0_GSUSARR1_GSUWGMRR0_GLS0_ISA1201_IU1_IA0_KLA_LEL0_LBSPPA0_LBSPPB0_LPA1_LPB1_LDL1_LR2A1_LR2B1_LRVW1_LW2A1_LW2B1_LWPMn1_LDW0_LT1_FMA
_MIAV0_MTSM64_MTSM1_MDA2_MI_MO40_MVN256_MMFSC_MKFGSU256_MVN0_NR0_NTA0_NTB0_NTC0_NTD0_NEPBS0_NLCA1_NLCB1_ONLL1_OPLV0_PBD0_PFD1_PG2_PSD0_PSLn1_PWCn1_PWLn1_PK0_PKAB0_PAP0_PAPM
0_PGR1_PLR1_PKA0_RK0_SGR1_SIA1_SLW1_SS0_SU32_SUM0_SUS256_SCIU0_SCIUE0_SCIUI1_SCIUPL0_SPO0_SRVW0_SSO0_SVW4_SK0_SKA0_SKXCCM0_SNLL0_TSGRA0_TSGRB0_TT2_2_TLDS0_UIIDU0_UMLDSA0_UM
LDSB0_UMF0_U64SL1_UIOFGRO0_USFGROn1_VAW1_VSn1_VW1_VWB1_VFLRP0_WSGRA0_WSGRB0_WS32_WG16_16_1_WGM8_WGMTB

reject: VectorWidth must be >= 4 for Int8 or 8bitFloat

reject: Int8 requires GLVWA >= 4, current is 2

reject: Int8 requires GLVWB >= 4, current is 2
rejecting solution 
Cijk_Alik_Bljk_I8II_BH_GB_MT32x32x16_SN_1LDSB0_APM1_AAIGTEn1_AAILTEn1_AAV0_ABV0_ACED0_AF0EM1_AF1EM1_AMAS3_ASE_ASGT_ASLT_ASM_ASAE01_ASBE01_ASCE01_ASDE01_ASEM1_AAC0_BL1_BS1_C
UM0_CDO0_CTDA0_CLR0_DSK0_DRA0_DU16_DULD1_DTLA0_DTLB0_DTVA0_DTVB0_DAF0_DKP0_DVO0_ETSP_EPS1_ELFLR0_EMLL0_FSSC10_F16AI0_F16AIR0_FL0_GLVWA2_GLVWB2_GR2A1_GR2B1_GRCGA1_GRCGB1_GRC
VA1_GRCVB1_GRPM1_GRVW16_GSU1_GSUASB_GSUAA0_GSUSARR1_GSUWGMRR0_GLS0_ISA1201_IU1_IA0_KLA_LEL0_LBSPPA0_LBSPPB0_LPA2_LPB2_LDL1_LR2A1_LR2B1_LRVW2_LW2A1_LW2B1_LWPMn1_LDW0_LT1_FMA
_MIAV0_MTSM64_MTSM1_MDA2_MI_MO40_MVN256_MMFSC_MKFGSU256_MVN0_NR0_NTA0_NTB0_NTC0_NTD0_NEPBS0_NLCA1_NLCB1_ONLL1_OPLV0_PBD0_PFD1_PG2_PSD0_PSLn1_PWCn1_PWLn1_PK0_PKAB0_PAP0_PAPM
0_PGR1_PLR1_PKA0_RK0_SGR1_SIA1_SLW1_SS0_SU32_SUM0_SUS256_SCIU0_SCIUE0_SCIUI1_SCIUPL0_SPO0_SRVW0_SSO0_SVW4_SK0_SKA0_SKXCCM0_SNLL0_TSGRA0_TSGRB0_TT2_2_TLDS0_UIIDU0_UMLDSA0_UM
LDSB0_UMF0_U64SL1_UIOFGRO0_USFGROn1_VAW1_VSn1_VW2_VWB2_VFLRP0_WSGRA0_WSGRB0_WS32_WG16_16_1_WGM8_WGMTB

reject: ThreadTile0 2 or ThreadTile1 2 not a multiple of VectorWidth 4
rejecting solution 
Cijk_Alik_Bljk_I8II_BH_GB_MT32x32x16_SN_1LDSB0_APM1_AAIGTEn1_AAILTEn1_AAV0_ABV0_ACED0_AF0EM1_AF1EM1_AMASn1_ASE_ASGT_ASLT_ASM_ASAE01_ASBE01_ASCE01_ASDE01_ASEM1_AAC0_BL1_BS1_
CUM0_CDO0_CTDA0_CLR0_DSK0_DRA0_DU16_DULD1_DTLA0_DTLB0_DTVA0_DTVB0_DAF0_DKP0_DVO0_ETSP_EPS1_ELFLR0_EMLL0_FSSC10_F16AI0_F16AIR0_FL0_GLVWA16_GLVWB16_GR2A1_GR2B1_GRCGA1_GRCGB1_
GRCVA1_GRCVB1_GRPM1_GRVW16_GSU1_GSUASB_GSUAA0_GSUSARR1_GSUWGMRR0_GLS0_ISA1201_IU1_IA0_KLA_LEL0_LBSPPAn1_LBSPPBn1_LPAn1_LPBn1_LDL1_LR2A1_LR2B1_LRVWn1_LW2A1_LW2B1_LWPMn1_LDW0
_LT1_FMA_MIAV0_MTSM64_MTSM1_MDA2_MI_MO40_MVN256_MMFSC_MKFGSU256_MVN0_NR0_NTA0_NTB0_NTC0_NTD0_NEPBS0_NLCA1_NLCB1_ONLL1_OPLV0_PBD0_PFD1_PG2_PSD0_PSLn1_PWCn1_PWLn1_PK0_PKAB0_P
AP0_PAPM0_PGR1_PLR1_PKA0_RK0_SGR1_SIA1_SLW1_SS0_SU32_SUM0_SUS256_SCIU0_SCIUE0_SCIUI1_SCIUPL0_SPO0_SRVW0_SSO0_SVWn1_SK0_SKA0_SKXCCM0_SNLL0_TSGRA0_TSGRB0_TT2_2_TLDS0_UIIDU0_U
MLDSA0_UMLDSB0_UMF0_U64SL1_UIOFGRO0_USFGROn1_VAWn1_VSn1_VW4_VWBn1_VFLRP0_WSGRA0_WSGRB0_WS32_WG16_16_1_WGM8_WGMTB

reject: VectorWidth must be >= 4 for Int8 or 8bitFloat

reject: Int8 requires GLVWB >= 4, current is 2
rejecting solution 
Cijk_Alik_Bljk_I8II_BH_GB_MT64x32x16_SN_1LDSB0_APM1_AAIGTEn1_AAILTEn1_AAV0_ABV0_ACED0_AF0EM1_AF1EM1_AMAS0_ASE_ASGT_ASLT_ASM_ASAE01_ASBE01_ASCE01_ASDE01_ASEM1_AAC0_BL1_BS1_C
UM0_CDO0_CTDA0_CLR0_DSK0_DRA0_DU16_DULD1_DTLA0_DTLB0_DTVA0_DTVB0_DAF0_DKP0_DVO0_ETSP_EPS1_ELFLR0_EMLL0_FSSC10_F16AI0_F16AIR0_FL0_GLVWA4_GLVWB2_GR2A1_GR2B1_GRCGA1_GRCGB1_GRC
VA1_GRCVB1_GRPM1_GRVW4_GSU1_GSUASB_GSUAA0_GSUSARR1_GSUWGMRR0_GLS0_ISA1201_IU1_IA0_KLA_LEL0_LBSPPA0_LBSPPB0_LPA1_LPB1_LDL1_LR2A1_LR2B1_LRVW1_LW2A1_LW2B1_LWPMn1_LDW0_LT1_FMA_
MIAV0_MTSM64_MTSM1_MDA2_MI_MO40_MVN256_MMFSC_MKFGSU256_MVN0_NR0_NTA0_NTB0_NTC0_NTD0_NEPBS0_NLCA1_NLCB1_ONLL1_OPLV0_PBD0_PFD1_PG2_PSD0_PSLn1_PWCn1_PWLn1_PK0_PKAB0_PAP0_PAPM0
_PGR1_PLR1_PKA0_RK0_SGR1_SIA1_SLW1_SS0_SU0_SUM0_SUS0_SCIU0_SCIUE0_SCIUI1_SCIUPL0_SPO0_SRVW0_SSO0_SVW4_SK0_SKA0_SKXCCM0_SNLL0_TSGRA0_TSGRB0_TT4_2_TLDS0_UIIDU0_UMLDSA0_UMLDSB
0_UMF0_U64SL1_UIOFGRO0_USFGROn1_VAW1_VSn1_VW1_VWB1_VFLRP0_WSGRA0_WSGRB0_WS32_WG16_16_1_WGM8_WGMTB

reject: VectorWidth must be >= 4 for Int8 or 8bitFloat

reject: Int8 requires GLVWB >= 4, current is 2
rejecting solution 
Cijk_Alik_Bljk_I8II_BH_GB_MT64x32x16_SN_1LDSB0_APM1_AAIGTEn1_AAILTEn1_AAV0_ABV0_ACED0_AF0EM1_AF1EM1_AMAS3_ASE_ASGT_ASLT_ASM_ASAE01_ASBE01_ASCE01_ASDE01_ASEM1_AAC0_BL1_BS1_C
UM0_CDO0_CTDA0_CLR0_DSK0_DRA0_DU16_DULD1_DTLA0_DTLB0_DTVA0_DTVB0_DAF0_DKP0_DVO0_ETSP_EPS1_ELFLR0_EMLL0_FSSC10_F16AI0_F16AIR0_FL0_GLVWA4_GLVWB2_GR2A1_GR2B1_GRCGA1_GRCGB1_GRC
VA1_GRCVB1_GRPM1_GRVW4_GSU1_GSUASB_GSUAA0_GSUSARR1_GSUWGMRR0_GLS0_ISA1201_IU1_IA0_KLA_LEL0_LBSPPA0_LBSPPB0_LPA2_LPB2_LDL1_LR2A1_LR2B1_LRVW2_LW2A1_LW2B1_LWPMn1_LDW0_LT1_FMA_
MIAV0_MTSM64_MTSM1_MDA2_MI_MO40_MVN256_MMFSC_MKFGSU256_MVN0_NR0_NTA0_NTB0_NTC0_NTD0_NEPBS0_NLCA1_NLCB1_ONLL1_OPLV0_PBD0_PFD1_PG2_PSD0_PSLn1_PWCn1_PWLn1_PK0_PKAB0_PAP0_PAPM0
_PGR1_PLR1_PKA0_RK0_SGR1_SIA1_SLW1_SS0_SU0_SUM0_SUS0_SCIU0_SCIUE0_SCIUI1_SCIUPL0_SPO0_SRVW0_SSO0_SVW4_SK0_SKA0_SKXCCM0_SNLL0_TSGRA0_TSGRB0_TT4_2_TLDS0_UIIDU0_UMLDSA0_UMLDSB
0_UMF0_U64SL1_UIOFGRO0_USFGROn1_VAW1_VSn1_VW2_VWB2_VFLRP0_WSGRA0_WSGRB0_WS32_WG16_16_1_WGM8_WGMTB

reject: ThreadTile0 4 or ThreadTile1 2 not a multiple of VectorWidth 4
rejecting solution 
Cijk_Alik_Bljk_I8II_BH_GB_MT64x32x16_SN_1LDSB0_APM1_AAIGTEn1_AAILTEn1_AAV0_ABV0_ACED0_AF0EM1_AF1EM1_AMASn1_ASE_ASGT_ASLT_ASM_ASAE01_ASBE01_ASCE01_ASDE01_ASEM1_AAC0_BL1_BS1_
CUM0_CDO0_CTDA0_CLR0_DSK0_DRA0_DU16_DULD1_DTLA0_DTLB0_DTVA0_DTVB0_DAF0_DKP0_DVO0_ETSP_EPS1_ELFLR0_EMLL0_FSSC10_F16AI0_F16AIR0_FL0_GLVWA4_GLVWB4_GR2A1_GR2B1_GRCGA1_GRCGB1_GR
CVA1_GRCVB1_GRPM1_GRVW4_GSU1_GSUASB_GSUAA0_GSUSARR1_GSUWGMRR0_GLS0_ISA1201_IU1_IA0_KLA_LEL0_LBSPPAn1_LBSPPBn1_LPAn1_LPBn1_LDL1_LR2A1_LR2B1_LRVWn1_LW2A1_LW2B1_LWPMn1_LDW0_LT
1_FMA_MIAV0_MTSM64_MTSM1_MDA2_MI_MO40_MVN256_MMFSC_MKFGSU256_MVN0_NR0_NTA0_NTB0_NTC0_NTD0_NEPBS0_NLCA1_NLCB1_ONLL1_OPLV0_PBD0_PFD1_PG2_PSD0_PSLn1_PWCn1_PWLn1_PK0_PKAB0_PAP0
_PAPM0_PGR1_PLR1_PKA0_RK0_SGR1_SIA1_SLW1_SS0_SU0_SUM0_SUS0_SCIU0_SCIUE0_SCIUI1_SCIUPL0_SPO0_SRVW0_SSO0_SVWn1_SK0_SKA0_SKXCCM0_SNLL0_TSGRA0_TSGRB0_TT4_2_TLDS0_UIIDU0_UMLDSA0
_UMLDSB0_UMF0_U64SL1_UIOFGRO0_USFGROn1_VAWn1_VSn1_VW4_VWBn1_VFLRP0_WSGRA0_WSGRB0_WS32_WG16_16_1_WGM8_WGMTB

reject: VectorWidth must be >= 4 for Int8 or 8bitFloat

reject: Int8 requires GLVWB >= 4, current is 2
rejecting solution 
Cijk_Alik_Bljk_I8II_BH_GB_MT64x32x16_SN_1LDSB0_APM1_AAIGTEn1_AAILTEn1_AAV0_ABV0_ACED0_AF0EM1_AF1EM1_AMAS0_ASE_ASGT_ASLT_ASM_ASAE01_ASBE01_ASCE01_ASDE01_ASEM1_AAC0_BL1_BS1_C
UM0_CDO0_CTDA0_CLR0_DSK0_DRA0_DU16_DULD1_DTLA0_DTLB0_DTVA0_DTVB0_DAF0_DKP0_DVO0_ETSP_EPS1_ELFLR0_EMLL0_FSSC10_F16AI0_F16AIR0_FL0_GLVWA4_GLVWB2_GR2A1_GR2B1_GRCGA1_GRCGB1_GRC
VA1_GRCVB1_GRPM1_GRVW8_GSU1_GSUASB_GSUAA0_GSUSARR1_GSUWGMRR0_GLS0_ISA1201_IU1_IA0_KLA_LEL0_LBSPPA0_LBSPPB0_LPA1_LPB1_LDL1_LR2A1_LR2B1_LRVW1_LW2A1_LW2B1_LWPMn1_LDW0_LT1_FMA_
MIAV0_MTSM64_MTSM1_MDA2_MI_MO40_MVN256_MMFSC_MKFGSU256_MVN0_NR0_NTA0_NTB0_NTC0_NTD0_NEPBS0_NLCA1_NLCB1_ONLL1_OPLV0_PBD0_PFD1_PG2_PSD0_PSLn1_PWCn1_PWLn1_PK0_PKAB0_PAP0_PAPM0
_PGR1_PLR1_PKA0_RK0_SGR1_SIA1_SLW1_SS0_SU0_SUM0_SUS0_SCIU0_SCIUE0_SCIUI1_SCIUPL0_SPO0_SRVW0_SSO0_SVW4_SK0_SKA0_SKXCCM0_SNLL0_TSGRA0_TSGRB0_TT4_2_TLDS0_UIIDU0_UMLDSA0_UMLDSB
0_UMF0_U64SL1_UIOFGRO0_USFGROn1_VAW1_VSn1_VW1_VWB1_VFLRP0_WSGRA0_WSGRB0_WS32_WG16_16_1_WGM8_WGMTB

reject: VectorWidth must be >= 4 for Int8 or 8bitFloat

reject: Int8 requires GLVWB >= 4, current is 2
rejecting solution 
Cijk_Alik_Bljk_I8II_BH_GB_MT64x32x16_SN_1LDSB0_APM1_AAIGTEn1_AAILTEn1_AAV0_ABV0_ACED0_AF0EM1_AF1EM1_AMAS3_ASE_ASGT_ASLT_ASM_ASAE01_ASBE01_ASCE01_ASDE01_ASEM1_AAC0_BL1_BS1_C
UM0_CDO0_CTDA0_CLR0_DSK0_DRA0_DU16_DULD1_DTLA0_DTLB0_DTVA0_DTVB0_DAF0_DKP0_DVO0_ETSP_EPS1_ELFLR0_EMLL0_FSSC10_F16AI0_F16AIR0_FL0_GLVWA4_GLVWB2_GR2A1_GR2B1_GRCGA1_GRCGB1_GRC
VA1_GRCVB1_GRPM1_GRVW8_GSU1_GSUASB_GSUAA0_GSUSARR1_GSUWGMRR0_GLS0_ISA1201_IU1_IA0_KLA_LEL0_LBSPPA0_LBSPPB0_LPA2_LPB2_LDL1_LR2A1_LR2B1_LRVW2_LW2A1_LW2B1_LWPMn1_LDW0_LT1_FMA_
MIAV0_MTSM64_MTSM1_MDA2_MI_MO40_MVN256_MMFSC_MKFGSU256_MVN0_NR0_NTA0_NTB0_NTC0_NTD0_NEPBS0_NLCA1_NLCB1_ONLL1_OPLV0_PBD0_PFD1_PG2_PSD0_PSLn1_PWCn1_PWLn1_PK0_PKAB0_PAP0_PAPM0
_PGR1_PLR1_PKA0_RK0_SGR1_SIA1_SLW1_SS0_SU0_SUM0_SUS0_SCIU0_SCIUE0_SCIUI1_SCIUPL0_SPO0_SRVW0_SSO0_SVW4_SK0_SKA0_SKXCCM0_SNLL0_TSGRA0_TSGRB0_TT4_2_TLDS0_UIIDU0_UMLDSA0_UMLDSB
0_UMF0_U64SL1_UIOFGRO0_USFGROn1_VAW1_VSn1_VW2_VWB2_VFLRP0_WSGRA0_WSGRB0_WS32_WG16_16_1_WGM8_WGMTB

reject: ThreadTile0 4 or ThreadTile1 2 not a multiple of VectorWidth 4
rejecting solution 
Cijk_Alik_Bljk_I8II_BH_GB_MT64x32x16_SN_1LDSB0_APM1_AAIGTEn1_AAILTEn1_AAV0_ABV0_ACED0_AF0EM1_AF1EM1_AMASn1_ASE_ASGT_ASLT_ASM_ASAE01_ASBE01_ASCE01_ASDE01_ASEM1_AAC0_BL1_BS1_
CUM0_CDO0_CTDA0_CLR0_DSK0_DRA0_DU16_DULD1_DTLA0_DTLB0_DTVA0_DTVB0_DAF0_DKP0_DVO0_ETSP_EPS1_ELFLR0_EMLL0_FSSC10_F16AI0_F16AIR0_FL0_GLVWA8_GLVWB8_GR2A1_GR2B1_GRCGA1_GRCGB1_GR
CVA1_GRCVB1_GRPM1_GRVW8_GSU1_GSUASB_GSUAA0_GSUSARR1_GSUWGMRR0_GLS0_ISA1201_IU1_IA0_KLA_LEL0_LBSPPAn1_LBSPPBn1_LPAn1_LPBn1_LDL1_LR2A1_LR2B1_LRVWn1_LW2A1_LW2B1_LWPMn1_LDW0_LT
1_FMA_MIAV0_MTSM64_MTSM1_MDA2_MI_MO40_MVN256_MMFSC_MKFGSU256_MVN0_NR0_NTA0_NTB0_NTC0_NTD0_NEPBS0_NLCA1_NLCB1_ONLL1_OPLV0_PBD0_PFD1_PG2_PSD0_PSLn1_PWCn1_PWLn1_PK0_PKAB0_PAP0
_PAPM0_PGR1_PLR1_PKA0_RK0_SGR1_SIA1_SLW1_SS0_SU0_SUM0_SUS0_SCIU0_SCIUE0_SCIUI1_SCIUPL0_SPO0_SRVW0_SSO0_SVWn1_SK0_SKA0_SKXCCM0_SNLL0_TSGRA0_TSGRB0_TT4_2_TLDS0_UIIDU0_UMLDSA0
_UMLDSB0_UMF0_U64SL1_UIOFGRO0_USFGROn1_VAWn1_VSn1_VW4_VWBn1_VFLRP0_WSGRA0_WSGRB0_WS32_WG16_16_1_WGM8_WGMTB

reject: VectorWidth must be >= 4 for Int8 or 8bitFloat

reject: Int8 requires GLVWB >= 4, current is 2
rejecting solution 
Cijk_Alik_Bljk_I8II_BH_GB_MT64x32x16_SN_1LDSB0_APM1_AAIGTEn1_AAILTEn1_AAV0_ABV0_ACED0_AF0EM1_AF1EM1_AMAS0_ASE_ASGT_ASLT_ASM_ASAE01_ASBE01_ASCE01_ASDE01_ASEM1_AAC0_BL1_BS1_C
UM0_CDO0_CTDA0_CLR0_DSK0_DRA0_DU16_DULD1_DTLA0_DTLB0_DTVA0_DTVB0_DAF0_DKP0_DVO0_ETSP_EPS1_ELFLR0_EMLL0_FSSC10_F16AI0_F16AIR0_FL0_GLVWA4_GLVWB2_GR2A1_GR2B1_GRCGA1_GRCGB1_GRC
VA1_GRCVB1_GRPM1_GRVW16_GSU1_GSUASB_GSUAA0_GSUSARR1_GSUWGMRR0_GLS0_ISA1201_IU1_IA0_KLA_LEL0_LBSPPA0_LBSPPB0_LPA1_LPB1_LDL1_LR2A1_LR2B1_LRVW1_LW2A1_LW2B1_LWPMn1_LDW0_LT1_FMA
_MIAV0_MTSM64_MTSM1_MDA2_MI_MO40_MVN256_MMFSC_MKFGSU256_MVN0_NR0_NTA0_NTB0_NTC0_NTD0_NEPBS0_NLCA1_NLCB1_ONLL1_OPLV0_PBD0_PFD1_PG2_PSD0_PSLn1_PWCn1_PWLn1_PK0_PKAB0_PAP0_PAPM
0_PGR1_PLR1_PKA0_RK0_SGR1_SIA1_SLW1_SS0_SU0_SUM0_SUS0_SCIU0_SCIUE0_SCIUI1_SCIUPL0_SPO0_SRVW0_SSO0_SVW4_SK0_SKA0_SKXCCM0_SNLL0_TSGRA0_TSGRB0_TT4_2_TLDS0_UIIDU0_UMLDSA0_UMLDS
B0_UMF0_U64SL1_UIOFGRO0_USFGROn1_VAW1_VSn1_VW1_VWB1_VFLRP0_WSGRA0_WSGRB0_WS32_WG16_16_1_WGM8_WGMTB

reject: VectorWidth must be >= 4 for Int8 or 8bitFloat

reject: Int8 requires GLVWB >= 4, current is 2
rejecting solution 
Cijk_Alik_Bljk_I8II_BH_GB_MT64x32x16_SN_1LDSB0_APM1_AAIGTEn1_AAILTEn1_AAV0_ABV0_ACED0_AF0EM1_AF1EM1_AMAS3_ASE_ASGT_ASLT_ASM_ASAE01_ASBE01_ASCE01_ASDE01_ASEM1_AAC0_BL1_BS1_C
UM0_CDO0_CTDA0_CLR0_DSK0_DRA0_DU16_DULD1_DTLA0_DTLB0_DTVA0_DTVB0_DAF0_DKP0_DVO0_ETSP_EPS1_ELFLR0_EMLL0_FSSC10_F16AI0_F16AIR0_FL0_GLVWA4_GLVWB2_GR2A1_GR2B1_GRCGA1_GRCGB1_GRC
VA1_GRCVB1_GRPM1_GRVW16_GSU1_GSUASB_GSUAA0_GSUSARR1_GSUWGMRR0_GLS0_ISA1201_IU1_IA0_KLA_LEL0_LBSPPA0_LBSPPB0_LPA2_LPB2_LDL1_LR2A1_LR2B1_LRVW2_LW2A1_LW2B1_LWPMn1_LDW0_LT1_FMA
_MIAV0_MTSM64_MTSM1_MDA2_MI_MO40_MVN256_MMFSC_MKFGSU256_MVN0_NR0_NTA0_NTB0_NTC0_NTD0_NEPBS0_NLCA1_NLCB1_ONLL1_OPLV0_PBD0_PFD1_PG2_PSD0_PSLn1_PWCn1_PWLn1_PK0_PKAB0_PAP0_PAPM
0_PGR1_PLR1_PKA0_RK0_SGR1_SIA1_SLW1_SS0_SU0_SUM0_SUS0_SCIU0_SCIUE0_SCIUI1_SCIUPL0_SPO0_SRVW0_SSO0_SVW4_SK0_SKA0_SKXCCM0_SNLL0_TSGRA0_TSGRB0_TT4_2_TLDS0_UIIDU0_UMLDSA0_UMLDS
B0_UMF0_U64SL1_UIOFGRO0_USFGROn1_VAW1_VSn1_VW2_VWB2_VFLRP0_WSGRA0_WSGRB0_WS32_WG16_16_1_WGM8_WGMTB

reject: ThreadTile0 4 or ThreadTile1 2 not a multiple of VectorWidth 4
rejecting solution 
Cijk_Alik_Bljk_I8II_BH_GB_MT64x32x16_SN_1LDSB0_APM1_AAIGTEn1_AAILTEn1_AAV0_ABV0_ACED0_AF0EM1_AF1EM1_AMASn1_ASE_ASGT_ASLT_ASM_ASAE01_ASBE01_ASCE01_ASDE01_ASEM1_AAC0_BL1_BS1_
CUM0_CDO0_CTDA0_CLR0_DSK0_DRA0_DU16_DULD1_DTLA0_DTLB0_DTVA0_DTVB0_DAF0_DKP0_DVO0_ETSP_EPS1_ELFLR0_EMLL0_FSSC10_F16AI0_F16AIR0_FL0_GLVWA16_GLVWB16_GR2A1_GR2B1_GRCGA1_GRCGB1_
GRCVA1_GRCVB1_GRPM1_GRVW16_GSU1_GSUASB_GSUAA0_GSUSARR1_GSUWGMRR0_GLS0_ISA1201_IU1_IA0_KLA_LEL0_LBSPPAn1_LBSPPBn1_LPAn1_LPBn1_LDL1_LR2A1_LR2B1_LRVWn1_LW2A1_LW2B1_LWPMn1_LDW0
_LT1_FMA_MIAV0_MTSM64_MTSM1_MDA2_MI_MO40_MVN256_MMFSC_MKFGSU256_MVN0_NR0_NTA0_NTB0_NTC0_NTD0_NEPBS0_NLCA1_NLCB1_ONLL1_OPLV0_PBD0_PFD1_PG2_PSD0_PSLn1_PWCn1_PWLn1_PK0_PKAB0_P
AP0_PAPM0_PGR1_PLR1_PKA0_RK0_SGR1_SIA1_SLW1_SS0_SU0_SUM0_SUS0_SCIU0_SCIUE0_SCIUI1_SCIUPL0_SPO0_SRVW0_SSO0_SVWn1_SK0_SKA0_SKXCCM0_SNLL0_TSGRA0_TSGRB0_TT4_2_TLDS0_UIIDU0_UMLD
SA0_UMLDSB0_UMF0_U64SL1_UIOFGRO0_USFGROn1_VAWn1_VSn1_VW4_VWBn1_VFLRP0_WSGRA0_WSGRB0_WS32_WG16_16_1_WGM8_WGMTB

reject: VectorWidth must be >= 4 for Int8 or 8bitFloat

reject: Int8 requires GLVWB >= 4, current is 2
rejecting solution 
Cijk_Alik_Bljk_I8II_BH_GB_MT64x32x16_SN_1LDSB0_APM1_AAIGTEn1_AAILTEn1_AAV0_ABV0_ACED0_AF0EM1_AF1EM1_AMAS0_ASE_ASGT_ASLT_ASM_ASAE01_ASBE01_ASCE01_ASDE01_ASEM1_AAC0_BL1_BS1_C
UM0_CDO0_CTDA0_CLR0_DSK0_DRA0_DU16_DULD1_DTLA0_DTLB0_DTVA0_DTVB0_DAF0_DKP0_DVO0_ETSP_EPS1_ELFLR0_EMLL0_FSSC10_F16AI0_F16AIR0_FL0_GLVWA4_GLVWB2_GR2A1_GR2B1_GRCGA1_GRCGB1_GRC
VA1_GRCVB1_GRPM1_GRVW4_GSU1_GSUASB_GSUAA0_GSUSARR1_GSUWGMRR0_GLS0_ISA1201_IU1_IA0_KLA_LEL0_LBSPPA0_LBSPPB0_LPA1_LPB1_LDL1_LR2A1_LR2B1_LRVW1_LW2A1_LW2B1_LWPMn1_LDW0_LT1_FMA_
MIAV0_MTSM64_MTSM1_MDA2_MI_MO40_MVN256_MMFSC_MKFGSU256_MVN0_NR0_NTA0_NTB0_NTC0_NTD0_NEPBS0_NLCA1_NLCB1_ONLL1_OPLV0_PBD0_PFD1_PG2_PSD0_PSLn1_PWCn1_PWLn1_PK0_PKAB0_PAP0_PAPM0
_PGR1_PLR1_PKA0_RK0_SGR1_SIA1_SLW1_SS0_SU32_SUM0_SUS256_SCIU0_SCIUE0_SCIUI1_SCIUPL0_SPO0_SRVW0_SSO0_SVW4_SK0_SKA0_SKXCCM0_SNLL0_TSGRA0_TSGRB0_TT4_2_TLDS0_UIIDU0_UMLDSA0_UML
DSB0_UMF0_U64SL1_UIOFGRO0_USFGROn1_VAW1_VSn1_VW1_VWB1_VFLRP0_WSGRA0_WSGRB0_WS32_WG16_16_1_WGM8_WGMTB

reject: VectorWidth must be >= 4 for Int8 or 8bitFloat

reject: Int8 requires GLVWB >= 4, current is 2
rejecting solution 
Cijk_Alik_Bljk_I8II_BH_GB_MT64x32x16_SN_1LDSB0_APM1_AAIGTEn1_AAILTEn1_AAV0_ABV0_ACED0_AF0EM1_AF1EM1_AMAS3_ASE_ASGT_ASLT_ASM_ASAE01_ASBE01_ASCE01_ASDE01_ASEM1_AAC0_BL1_BS1_C
UM0_CDO0_CTDA0_CLR0_DSK0_DRA0_DU16_DULD1_DTLA0_DTLB0_DTVA0_DTVB0_DAF0_DKP0_DVO0_ETSP_EPS1_ELFLR0_EMLL0_FSSC10_F16AI0_F16AIR0_FL0_GLVWA4_GLVWB2_GR2A1_GR2B1_GRCGA1_GRCGB1_GRC
VA1_GRCVB1_GRPM1_GRVW4_GSU1_GSUASB_GSUAA0_GSUSARR1_GSUWGMRR0_GLS0_ISA1201_IU1_IA0_KLA_LEL0_LBSPPA0_LBSPPB0_LPA2_LPB2_LDL1_LR2A1_LR2B1_LRVW2_LW2A1_LW2B1_LWPMn1_LDW0_LT1_FMA_
MIAV0_MTSM64_MTSM1_MDA2_MI_MO40_MVN256_MMFSC_MKFGSU256_MVN0_NR0_NTA0_NTB0_NTC0_NTD0_NEPBS0_NLCA1_NLCB1_ONLL1_OPLV0_PBD0_PFD1_PG2_PSD0_PSLn1_PWCn1_PWLn1_PK0_PKAB0_PAP0_PAPM0
_PGR1_PLR1_PKA0_RK0_SGR1_SIA1_SLW1_SS0_SU32_SUM0_SUS256_SCIU0_SCIUE0_SCIUI1_SCIUPL0_SPO0_SRVW0_SSO0_SVW4_SK0_SKA0_SKXCCM0_SNLL0_TSGRA0_TSGRB0_TT4_2_TLDS0_UIIDU0_UMLDSA0_UML
DSB0_UMF0_U64SL1_UIOFGRO0_USFGROn1_VAW1_VSn1_VW2_VWB2_VFLRP0_WSGRA0_WSGRB0_WS32_WG16_16_1_WGM8_WGMTB

reject: ThreadTile0 4 or ThreadTile1 2 not a multiple of VectorWidth 4
rejecting solution 
Cijk_Alik_Bljk_I8II_BH_GB_MT64x32x16_SN_1LDSB0_APM1_AAIGTEn1_AAILTEn1_AAV0_ABV0_ACED0_AF0EM1_AF1EM1_AMASn1_ASE_ASGT_ASLT_ASM_ASAE01_ASBE01_ASCE01_ASDE01_ASEM1_AAC0_BL1_BS1_
CUM0_CDO0_CTDA0_CLR0_DSK0_DRA0_DU16_DULD1_DTLA0_DTLB0_DTVA0_DTVB0_DAF0_DKP0_DVO0_ETSP_EPS1_ELFLR0_EMLL0_FSSC10_F16AI0_F16AIR0_FL0_GLVWA4_GLVWB4_GR2A1_GR2B1_GRCGA1_GRCGB1_GR
CVA1_GRCVB1_GRPM1_GRVW4_GSU1_GSUASB_GSUAA0_GSUSARR1_GSUWGMRR0_GLS0_ISA1201_IU1_IA0_KLA_LEL0_LBSPPAn1_LBSPPBn1_LPAn1_LPBn1_LDL1_LR2A1_LR2B1_LRVWn1_LW2A1_LW2B1_LWPMn1_LDW0_LT
1_FMA_MIAV0_MTSM64_MTSM1_MDA2_MI_MO40_MVN256_MMFSC_MKFGSU256_MVN0_NR0_NTA0_NTB0_NTC0_NTD0_NEPBS0_NLCA1_NLCB1_ONLL1_OPLV0_PBD0_PFD1_PG2_PSD0_PSLn1_PWCn1_PWLn1_PK0_PKAB0_PAP0
_PAPM0_PGR1_PLR1_PKA0_RK0_SGR1_SIA1_SLW1_SS0_SU32_SUM0_SUS256_SCIU0_SCIUE0_SCIUI1_SCIUPL0_SPO0_SRVW0_SSO0_SVWn1_SK0_SKA0_SKXCCM0_SNLL0_TSGRA0_TSGRB0_TT4_2_TLDS0_UIIDU0_UMLD
SA0_UMLDSB0_UMF0_U64SL1_UIOFGRO0_USFGROn1_VAWn1_VSn1_VW4_VWBn1_VFLRP0_WSGRA0_WSGRB0_WS32_WG16_16_1_WGM8_WGMTB

reject: VectorWidth must be >= 4 for Int8 or 8bitFloat

reject: Int8 requires GLVWB >= 4, current is 2
rejecting solution 
Cijk_Alik_Bljk_I8II_BH_GB_MT64x32x16_SN_1LDSB0_APM1_AAIGTEn1_AAILTEn1_AAV0_ABV0_ACED0_AF0EM1_AF1EM1_AMAS0_ASE_ASGT_ASLT_ASM_ASAE01_ASBE01_ASCE01_ASDE01_ASEM1_AAC0_BL1_BS1_C
UM0_CDO0_CTDA0_CLR0_DSK0_DRA0_DU16_DULD1_DTLA0_DTLB0_DTVA0_DTVB0_DAF0_DKP0_DVO0_ETSP_EPS1_ELFLR0_EMLL0_FSSC10_F16AI0_F16AIR0_FL0_GLVWA4_GLVWB2_GR2A1_GR2B1_GRCGA1_GRCGB1_GRC
VA1_GRCVB1_GRPM1_GRVW8_GSU1_GSUASB_GSUAA0_GSUSARR1_GSUWGMRR0_GLS0_ISA1201_IU1_IA0_KLA_LEL0_LBSPPA0_LBSPPB0_LPA1_LPB1_LDL1_LR2A1_LR2B1_LRVW1_LW2A1_LW2B1_LWPMn1_LDW0_LT1_FMA_
MIAV0_MTSM64_MTSM1_MDA2_MI_MO40_MVN256_MMFSC_MKFGSU256_MVN0_NR0_NTA0_NTB0_NTC0_NTD0_NEPBS0_NLCA1_NLCB1_ONLL1_OPLV0_PBD0_PFD1_PG2_PSD0_PSLn1_PWCn1_PWLn1_PK0_PKAB0_PAP0_PAPM0
_PGR1_PLR1_PKA0_RK0_SGR1_SIA1_SLW1_SS0_SU32_SUM0_SUS256_SCIU0_SCIUE0_SCIUI1_SCIUPL0_SPO0_SRVW0_SSO0_SVW4_SK0_SKA0_SKXCCM0_SNLL0_TSGRA0_TSGRB0_TT4_2_TLDS0_UIIDU0_UMLDSA0_UML
DSB0_UMF0_U64SL1_UIOFGRO0_USFGROn1_VAW1_VSn1_VW1_VWB1_VFLRP0_WSGRA0_WSGRB0_WS32_WG16_16_1_WGM8_WGMTB

reject: VectorWidth must be >= 4 for Int8 or 8bitFloat

reject: Int8 requires GLVWB >= 4, current is 2
rejecting solution 
Cijk_Alik_Bljk_I8II_BH_GB_MT64x32x16_SN_1LDSB0_APM1_AAIGTEn1_AAILTEn1_AAV0_ABV0_ACED0_AF0EM1_AF1EM1_AMAS3_ASE_ASGT_ASLT_ASM_ASAE01_ASBE01_ASCE01_ASDE01_ASEM1_AAC0_BL1_BS1_C
UM0_CDO0_CTDA0_CLR0_DSK0_DRA0_DU16_DULD1_DTLA0_DTLB0_DTVA0_DTVB0_DAF0_DKP0_DVO0_ETSP_EPS1_ELFLR0_EMLL0_FSSC10_F16AI0_F16AIR0_FL0_GLVWA4_GLVWB2_GR2A1_GR2B1_GRCGA1_GRCGB1_GRC
VA1_GRCVB1_GRPM1_GRVW8_GSU1_GSUASB_GSUAA0_GSUSARR1_GSUWGMRR0_GLS0_ISA1201_IU1_IA0_KLA_LEL0_LBSPPA0_LBSPPB0_LPA2_LPB2_LDL1_LR2A1_LR2B1_LRVW2_LW2A1_LW2B1_LWPMn1_LDW0_LT1_FMA_
MIAV0_MTSM64_MTSM1_MDA2_MI_MO40_MVN256_MMFSC_MKFGSU256_MVN0_NR0_NTA0_NTB0_NTC0_NTD0_NEPBS0_NLCA1_NLCB1_ONLL1_OPLV0_PBD0_PFD1_PG2_PSD0_PSLn1_PWCn1_PWLn1_PK0_PKAB0_PAP0_PAPM0
_PGR1_PLR1_PKA0_RK0_SGR1_SIA1_SLW1_SS0_SU32_SUM0_SUS256_SCIU0_SCIUE0_SCIUI1_SCIUPL0_SPO0_SRVW0_SSO0_SVW4_SK0_SKA0_SKXCCM0_SNLL0_TSGRA0_TSGRB0_TT4_2_TLDS0_UIIDU0_UMLDSA0_UML
DSB0_UMF0_U64SL1_UIOFGRO0_USFGROn1_VAW1_VSn1_VW2_VWB2_VFLRP0_WSGRA0_WSGRB0_WS32_WG16_16_1_WGM8_WGMTB

reject: ThreadTile0 4 or ThreadTile1 2 not a multiple of VectorWidth 4
rejecting solution 
Cijk_Alik_Bljk_I8II_BH_GB_MT64x32x16_SN_1LDSB0_APM1_AAIGTEn1_AAILTEn1_AAV0_ABV0_ACED0_AF0EM1_AF1EM1_AMASn1_ASE_ASGT_ASLT_ASM_ASAE01_ASBE01_ASCE01_ASDE01_ASEM1_AAC0_BL1_BS1_
CUM0_CDO0_CTDA0_CLR0_DSK0_DRA0_DU16_DULD1_DTLA0_DTLB0_DTVA0_DTVB0_DAF0_DKP0_DVO0_ETSP_EPS1_ELFLR0_EMLL0_FSSC10_F16AI0_F16AIR0_FL0_GLVWA8_GLVWB8_GR2A1_GR2B1_GRCGA1_GRCGB1_GR
CVA1_GRCVB1_GRPM1_GRVW8_GSU1_GSUASB_GSUAA0_GSUSARR1_GSUWGMRR0_GLS0_ISA1201_IU1_IA0_KLA_LEL0_LBSPPAn1_LBSPPBn1_LPAn1_LPBn1_LDL1_LR2A1_LR2B1_LRVWn1_LW2A1_LW2B1_LWPMn1_LDW0_LT
1_FMA_MIAV0_MTSM64_MTSM1_MDA2_MI_MO40_MVN256_MMFSC_MKFGSU256_MVN0_NR0_NTA0_NTB0_NTC0_NTD0_NEPBS0_NLCA1_NLCB1_ONLL1_OPLV0_PBD0_PFD1_PG2_PSD0_PSLn1_PWCn1_PWLn1_PK0_PKAB0_PAP0
_PAPM0_PGR1_PLR1_PKA0_RK0_SGR1_SIA1_SLW1_SS0_SU32_SUM0_SUS256_SCIU0_SCIUE0_SCIUI1_SCIUPL0_SPO0_SRVW0_SSO0_SVWn1_SK0_SKA0_SKXCCM0_SNLL0_TSGRA0_TSGRB0_TT4_2_TLDS0_UIIDU0_UMLD
SA0_UMLDSB0_UMF0_U64SL1_UIOFGRO0_USFGROn1_VAWn1_VSn1_VW4_VWBn1_VFLRP0_WSGRA0_WSGRB0_WS32_WG16_16_1_WGM8_WGMTB

reject: VectorWidth must be >= 4 for Int8 or 8bitFloat

reject: Int8 requires GLVWB >= 4, current is 2
rejecting solution 
Cijk_Alik_Bljk_I8II_BH_GB_MT64x32x16_SN_1LDSB0_APM1_AAIGTEn1_AAILTEn1_AAV0_ABV0_ACED0_AF0EM1_AF1EM1_AMAS0_ASE_ASGT_ASLT_ASM_ASAE01_ASBE01_ASCE01_ASDE01_ASEM1_AAC0_BL1_BS1_C
UM0_CDO0_CTDA0_CLR0_DSK0_DRA0_DU16_DULD1_DTLA0_DTLB0_DTVA0_DTVB0_DAF0_DKP0_DVO0_ETSP_EPS1_ELFLR0_EMLL0_FSSC10_F16AI0_F16AIR0_FL0_GLVWA4_GLVWB2_GR2A1_GR2B1_GRCGA1_GRCGB1_GRC
VA1_GRCVB1_GRPM1_GRVW16_GSU1_GSUASB_GSUAA0_GSUSARR1_GSUWGMRR0_GLS0_ISA1201_IU1_IA0_KLA_LEL0_LBSPPA0_LBSPPB0_LPA1_LPB1_LDL1_LR2A1_LR2B1_LRVW1_LW2A1_LW2B1_LWPMn1_LDW0_LT1_FMA
_MIAV0_MTSM64_MTSM1_MDA2_MI_MO40_MVN256_MMFSC_MKFGSU256_MVN0_NR0_NTA0_NTB0_NTC0_NTD0_NEPBS0_NLCA1_NLCB1_ONLL1_OPLV0_PBD0_PFD1_PG2_PSD0_PSLn1_PWCn1_PWLn1_PK0_PKAB0_PAP0_PAPM
0_PGR1_PLR1_PKA0_RK0_SGR1_SIA1_SLW1_SS0_SU32_SUM0_SUS256_SCIU0_SCIUE0_SCIUI1_SCIUPL0_SPO0_SRVW0_SSO0_SVW4_SK0_SKA0_SKXCCM0_SNLL0_TSGRA0_TSGRB0_TT4_2_TLDS0_UIIDU0_UMLDSA0_UM
LDSB0_UMF0_U64SL1_UIOFGRO0_USFGROn1_VAW1_VSn1_VW1_VWB1_VFLRP0_WSGRA0_WSGRB0_WS32_WG16_16_1_WGM8_WGMTB

reject: VectorWidth must be >= 4 for Int8 or 8bitFloat

reject: Int8 requires GLVWB >= 4, current is 2
rejecting solution 
Cijk_Alik_Bljk_I8II_BH_GB_MT64x32x16_SN_1LDSB0_APM1_AAIGTEn1_AAILTEn1_AAV0_ABV0_ACED0_AF0EM1_AF1EM1_AMAS3_ASE_ASGT_ASLT_ASM_ASAE01_ASBE01_ASCE01_ASDE01_ASEM1_AAC0_BL1_BS1_C
UM0_CDO0_CTDA0_CLR0_DSK0_DRA0_DU16_DULD1_DTLA0_DTLB0_DTVA0_DTVB0_DAF0_DKP0_DVO0_ETSP_EPS1_ELFLR0_EMLL0_FSSC10_F16AI0_F16AIR0_FL0_GLVWA4_GLVWB2_GR2A1_GR2B1_GRCGA1_GRCGB1_GRC
VA1_GRCVB1_GRPM1_GRVW16_GSU1_GSUASB_GSUAA0_GSUSARR1_GSUWGMRR0_GLS0_ISA1201_IU1_IA0_KLA_LEL0_LBSPPA0_LBSPPB0_LPA2_LPB2_LDL1_LR2A1_LR2B1_LRVW2_LW2A1_LW2B1_LWPMn1_LDW0_LT1_FMA
_MIAV0_MTSM64_MTSM1_MDA2_MI_MO40_MVN256_MMFSC_MKFGSU256_MVN0_NR0_NTA0_NTB0_NTC0_NTD0_NEPBS0_NLCA1_NLCB1_ONLL1_OPLV0_PBD0_PFD1_PG2_PSD0_PSLn1_PWCn1_PWLn1_PK0_PKAB0_PAP0_PAPM
0_PGR1_PLR1_PKA0_RK0_SGR1_SIA1_SLW1_SS0_SU32_SUM0_SUS256_SCIU0_SCIUE0_SCIUI1_SCIUPL0_SPO0_SRVW0_SSO0_SVW4_SK0_SKA0_SKXCCM0_SNLL0_TSGRA0_TSGRB0_TT4_2_TLDS0_UIIDU0_UMLDSA0_UM
LDSB0_UMF0_U64SL1_UIOFGRO0_USFGROn1_VAW1_VSn1_VW2_VWB2_VFLRP0_WSGRA0_WSGRB0_WS32_WG16_16_1_WGM8_WGMTB

reject: ThreadTile0 4 or ThreadTile1 2 not a multiple of VectorWidth 4
rejecting solution 
Cijk_Alik_Bljk_I8II_BH_GB_MT64x32x16_SN_1LDSB0_APM1_AAIGTEn1_AAILTEn1_AAV0_ABV0_ACED0_AF0EM1_AF1EM1_AMASn1_ASE_ASGT_ASLT_ASM_ASAE01_ASBE01_ASCE01_ASDE01_ASEM1_AAC0_BL1_BS1_
CUM0_CDO0_CTDA0_CLR0_DSK0_DRA0_DU16_DULD1_DTLA0_DTLB0_DTVA0_DTVB0_DAF0_DKP0_DVO0_ETSP_EPS1_ELFLR0_EMLL0_FSSC10_F16AI0_F16AIR0_FL0_GLVWA16_GLVWB16_GR2A1_GR2B1_GRCGA1_GRCGB1_
GRCVA1_GRCVB1_GRPM1_GRVW16_GSU1_GSUASB_GSUAA0_GSUSARR1_GSUWGMRR0_GLS0_ISA1201_IU1_IA0_KLA_LEL0_LBSPPAn1_LBSPPBn1_LPAn1_LPBn1_LDL1_LR2A1_LR2B1_LRVWn1_LW2A1_LW2B1_LWPMn1_LDW0
_LT1_FMA_MIAV0_MTSM64_MTSM1_MDA2_MI_MO40_MVN256_MMFSC_MKFGSU256_MVN0_NR0_NTA0_NTB0_NTC0_NTD0_NEPBS0_NLCA1_NLCB1_ONLL1_OPLV0_PBD0_PFD1_PG2_PSD0_PSLn1_PWCn1_PWLn1_PK0_PKAB0_P
AP0_PAPM0_PGR1_PLR1_PKA0_RK0_SGR1_SIA1_SLW1_SS0_SU32_SUM0_SUS256_SCIU0_SCIUE0_SCIUI1_SCIUPL0_SPO0_SRVW0_SSO0_SVWn1_SK0_SKA0_SKXCCM0_SNLL0_TSGRA0_TSGRB0_TT4_2_TLDS0_UIIDU0_U
MLDSA0_UMLDSB0_UMF0_U64SL1_UIOFGRO0_USFGROn1_VAWn1_VSn1_VW4_VWBn1_VFLRP0_WSGRA0_WSGRB0_WS32_WG16_16_1_WGM8_WGMTB

reject: VectorWidth must be >= 4 for Int8 or 8bitFloat

reject: Int8 requires GLVWA >= 4, current is 2
rejecting solution 
Cijk_Alik_Bljk_I8II_BH_GB_MT32x64x16_SN_1LDSB0_APM1_AAIGTEn1_AAILTEn1_AAV0_ABV0_ACED0_AF0EM1_AF1EM1_AMAS0_ASE_ASGT_ASLT_ASM_ASAE01_ASBE01_ASCE01_ASDE01_ASEM1_AAC0_BL1_BS1_C
UM0_CDO0_CTDA0_CLR0_DSK0_DRA0_DU16_DULD1_DTLA0_DTLB0_DTVA0_DTVB0_DAF0_DKP0_DVO0_ETSP_EPS1_ELFLR0_EMLL0_FSSC10_F16AI0_F16AIR0_FL0_GLVWA2_GLVWB4_GR2A1_GR2B1_GRCGA1_GRCGB1_GRC
VA1_GRCVB1_GRPM1_GRVW4_GSU1_GSUASB_GSUAA0_GSUSARR1_GSUWGMRR0_GLS0_ISA1201_IU1_IA0_KLA_LEL0_LBSPPA0_LBSPPB0_LPA1_LPB1_LDL1_LR2A1_LR2B1_LRVW1_LW2A1_LW2B1_LWPMn1_LDW0_LT1_FMA_
MIAV0_MTSM64_MTSM1_MDA2_MI_MO40_MVN256_MMFSC_MKFGSU256_MVN0_NR0_NTA0_NTB0_NTC0_NTD0_NEPBS0_NLCA1_NLCB1_ONLL1_OPLV0_PBD0_PFD1_PG2_PSD0_PSLn1_PWCn1_PWLn1_PK0_PKAB0_PAP0_PAPM0
_PGR1_PLR1_PKA0_RK0_SGR1_SIA1_SLW1_SS0_SU0_SUM0_SUS0_SCIU0_SCIUE0_SCIUI1_SCIUPL0_SPO0_SRVW0_SSO0_SVW4_SK0_SKA0_SKXCCM0_SNLL0_TSGRA0_TSGRB0_TT2_4_TLDS0_UIIDU0_UMLDSA0_UMLDSB
0_UMF0_U64SL1_UIOFGRO0_USFGROn1_VAW1_VSn1_VW1_VWB1_VFLRP0_WSGRA0_WSGRB0_WS32_WG16_16_1_WGM8_WGMTB

reject: VectorWidth must be >= 4 for Int8 or 8bitFloat

reject: Int8 requires GLVWA >= 4, current is 2
rejecting solution 
Cijk_Alik_Bljk_I8II_BH_GB_MT32x64x16_SN_1LDSB0_APM1_AAIGTEn1_AAILTEn1_AAV0_ABV0_ACED0_AF0EM1_AF1EM1_AMAS3_ASE_ASGT_ASLT_ASM_ASAE01_ASBE01_ASCE01_ASDE01_ASEM1_AAC0_BL1_BS1_C
UM0_CDO0_CTDA0_CLR0_DSK0_DRA0_DU16_DULD1_DTLA0_DTLB0_DTVA0_DTVB0_DAF0_DKP0_DVO0_ETSP_EPS1_ELFLR0_EMLL0_FSSC10_F16AI0_F16AIR0_FL0_GLVWA2_GLVWB4_GR2A1_GR2B1_GRCGA1_GRCGB1_GRC
VA1_GRCVB1_GRPM1_GRVW4_GSU1_GSUASB_GSUAA0_GSUSARR1_GSUWGMRR0_GLS0_ISA1201_IU1_IA0_KLA_LEL0_LBSPPA0_LBSPPB0_LPA2_LPB2_LDL1_LR2A1_LR2B1_LRVW2_LW2A1_LW2B1_LWPMn1_LDW0_LT1_FMA_
MIAV0_MTSM64_MTSM1_MDA2_MI_MO40_MVN256_MMFSC_MKFGSU256_MVN0_NR0_NTA0_NTB0_NTC0_NTD0_NEPBS0_NLCA1_NLCB1_ONLL1_OPLV0_PBD0_PFD1_PG2_PSD0_PSLn1_PWCn1_PWLn1_PK0_PKAB0_PAP0_PAPM0
_PGR1_PLR1_PKA0_RK0_SGR1_SIA1_SLW1_SS0_SU0_SUM0_SUS0_SCIU0_SCIUE0_SCIUI1_SCIUPL0_SPO0_SRVW0_SSO0_SVW4_SK0_SKA0_SKXCCM0_SNLL0_TSGRA0_TSGRB0_TT2_4_TLDS0_UIIDU0_UMLDSA0_UMLDSB
0_UMF0_U64SL1_UIOFGRO0_USFGROn1_VAW1_VSn1_VW2_VWB2_VFLRP0_WSGRA0_WSGRB0_WS32_WG16_16_1_WGM8_WGMTB

reject: ThreadTile0 2 or ThreadTile1 4 not a multiple of VectorWidth 4
rejecting solution 
Cijk_Alik_Bljk_I8II_BH_GB_MT32x64x16_SN_1LDSB0_APM1_AAIGTEn1_AAILTEn1_AAV0_ABV0_ACED0_AF0EM1_AF1EM1_AMASn1_ASE_ASGT_ASLT_ASM_ASAE01_ASBE01_ASCE01_ASDE01_ASEM1_AAC0_BL1_BS1_
CUM0_CDO0_CTDA0_CLR0_DSK0_DRA0_DU16_DULD1_DTLA0_DTLB0_DTVA0_DTVB0_DAF0_DKP0_DVO0_ETSP_EPS1_ELFLR0_EMLL0_FSSC10_F16AI0_F16AIR0_FL0_GLVWA4_GLVWB4_GR2A1_GR2B1_GRCGA1_GRCGB1_GR
CVA1_GRCVB1_GRPM1_GRVW4_GSU1_GSUASB_GSUAA0_GSUSARR1_GSUWGMRR0_GLS0_ISA1201_IU1_IA0_KLA_LEL0_LBSPPAn1_LBSPPBn1_LPAn1_LPBn1_LDL1_LR2A1_LR2B1_LRVWn1_LW2A1_LW2B1_LWPMn1_LDW0_LT
1_FMA_MIAV0_MTSM64_MTSM1_MDA2_MI_MO40_MVN256_MMFSC_MKFGSU256_MVN0_NR0_NTA0_NTB0_NTC0_NTD0_NEPBS0_NLCA1_NLCB1_ONLL1_OPLV0_PBD0_PFD1_PG2_PSD0_PSLn1_PWCn1_PWLn1_PK0_PKAB0_PAP0
_PAPM0_PGR1_PLR1_PKA0_RK0_SGR1_SIA1_SLW1_SS0_SU0_SUM0_SUS0_SCIU0_SCIUE0_SCIUI1_SCIUPL0_SPO0_SRVW0_SSO0_SVWn1_SK0_SKA0_SKXCCM0_SNLL0_TSGRA0_TSGRB0_TT2_4_TLDS0_UIIDU0_UMLDSA0
_UMLDSB0_UMF0_U64SL1_UIOFGRO0_USFGROn1_VAWn1_VSn1_VW4_VWBn1_VFLRP0_WSGRA0_WSGRB0_WS32_WG16_16_1_WGM8_WGMTB

reject: VectorWidth must be >= 4 for Int8 or 8bitFloat

reject: Int8 requires GLVWA >= 4, current is 2
rejecting solution 
Cijk_Alik_Bljk_I8II_BH_GB_MT32x64x16_SN_1LDSB0_APM1_AAIGTEn1_AAILTEn1_AAV0_ABV0_ACED0_AF0EM1_AF1EM1_AMAS0_ASE_ASGT_ASLT_ASM_ASAE01_ASBE01_ASCE01_ASDE01_ASEM1_AAC0_BL1_BS1_C
UM0_CDO0_CTDA0_CLR0_DSK0_DRA0_DU16_DULD1_DTLA0_DTLB0_DTVA0_DTVB0_DAF0_DKP0_DVO0_ETSP_EPS1_ELFLR0_EMLL0_FSSC10_F16AI0_F16AIR0_FL0_GLVWA2_GLVWB4_GR2A1_GR2B1_GRCGA1_GRCGB1_GRC
VA1_GRCVB1_GRPM1_GRVW8_GSU1_GSUASB_GSUAA0_GSUSARR1_GSUWGMRR0_GLS0_ISA1201_IU1_IA0_KLA_LEL0_LBSPPA0_LBSPPB0_LPA1_LPB1_LDL1_LR2A1_LR2B1_LRVW1_LW2A1_LW2B1_LWPMn1_LDW0_LT1_FMA_
MIAV0_MTSM64_MTSM1_MDA2_MI_MO40_MVN256_MMFSC_MKFGSU256_MVN0_NR0_NTA0_NTB0_NTC0_NTD0_NEPBS0_NLCA1_NLCB1_ONLL1_OPLV0_PBD0_PFD1_PG2_PSD0_PSLn1_PWCn1_PWLn1_PK0_PKAB0_PAP0_PAPM0
_PGR1_PLR1_PKA0_RK0_SGR1_SIA1_SLW1_SS0_SU0_SUM0_SUS0_SCIU0_SCIUE0_SCIUI1_SCIUPL0_SPO0_SRVW0_SSO0_SVW4_SK0_SKA0_SKXCCM0_SNLL0_TSGRA0_TSGRB0_TT2_4_TLDS0_UIIDU0_UMLDSA0_UMLDSB
0_UMF0_U64SL1_UIOFGRO0_USFGROn1_VAW1_VSn1_VW1_VWB1_VFLRP0_WSGRA0_WSGRB0_WS32_WG16_16_1_WGM8_WGMTB

reject: VectorWidth must be >= 4 for Int8 or 8bitFloat

reject: Int8 requires GLVWA >= 4, current is 2
rejecting solution 
Cijk_Alik_Bljk_I8II_BH_GB_MT32x64x16_SN_1LDSB0_APM1_AAIGTEn1_AAILTEn1_AAV0_ABV0_ACED0_AF0EM1_AF1EM1_AMAS3_ASE_ASGT_ASLT_ASM_ASAE01_ASBE01_ASCE01_ASDE01_ASEM1_AAC0_BL1_BS1_C
UM0_CDO0_CTDA0_CLR0_DSK0_DRA0_DU16_DULD1_DTLA0_DTLB0_DTVA0_DTVB0_DAF0_DKP0_DVO0_ETSP_EPS1_ELFLR0_EMLL0_FSSC10_F16AI0_F16AIR0_FL0_GLVWA2_GLVWB4_GR2A1_GR2B1_GRCGA1_GRCGB1_GRC
VA1_GRCVB1_GRPM1_GRVW8_GSU1_GSUASB_GSUAA0_GSUSARR1_GSUWGMRR0_GLS0_ISA1201_IU1_IA0_KLA_LEL0_LBSPPA0_LBSPPB0_LPA2_LPB2_LDL1_LR2A1_LR2B1_LRVW2_LW2A1_LW2B1_LWPMn1_LDW0_LT1_FMA_
MIAV0_MTSM64_MTSM1_MDA2_MI_MO40_MVN256_MMFSC_MKFGSU256_MVN0_NR0_NTA0_NTB0_NTC0_NTD0_NEPBS0_NLCA1_NLCB1_ONLL1_OPLV0_PBD0_PFD1_PG2_PSD0_PSLn1_PWCn1_PWLn1_PK0_PKAB0_PAP0_PAPM0
_PGR1_PLR1_PKA0_RK0_SGR1_SIA1_SLW1_SS0_SU0_SUM0_SUS0_SCIU0_SCIUE0_SCIUI1_SCIUPL0_SPO0_SRVW0_SSO0_SVW4_SK0_SKA0_SKXCCM0_SNLL0_TSGRA0_TSGRB0_TT2_4_TLDS0_UIIDU0_UMLDSA0_UMLDSB
0_UMF0_U64SL1_UIOFGRO0_USFGROn1_VAW1_VSn1_VW2_VWB2_VFLRP0_WSGRA0_WSGRB0_WS32_WG16_16_1_WGM8_WGMTB

reject: ThreadTile0 2 or ThreadTile1 4 not a multiple of VectorWidth 4
rejecting solution 
Cijk_Alik_Bljk_I8II_BH_GB_MT32x64x16_SN_1LDSB0_APM1_AAIGTEn1_AAILTEn1_AAV0_ABV0_ACED0_AF0EM1_AF1EM1_AMASn1_ASE_ASGT_ASLT_ASM_ASAE01_ASBE01_ASCE01_ASDE01_ASEM1_AAC0_BL1_BS1_
CUM0_CDO0_CTDA0_CLR0_DSK0_DRA0_DU16_DULD1_DTLA0_DTLB0_DTVA0_DTVB0_DAF0_DKP0_DVO0_ETSP_EPS1_ELFLR0_EMLL0_FSSC10_F16AI0_F16AIR0_FL0_GLVWA8_GLVWB8_GR2A1_GR2B1_GRCGA1_GRCGB1_GR
CVA1_GRCVB1_GRPM1_GRVW8_GSU1_GSUASB_GSUAA0_GSUSARR1_GSUWGMRR0_GLS0_ISA1201_IU1_IA0_KLA_LEL0_LBSPPAn1_LBSPPBn1_LPAn1_LPBn1_LDL1_LR2A1_LR2B1_LRVWn1_LW2A1_LW2B1_LWPMn1_LDW0_LT
1_FMA_MIAV0_MTSM64_MTSM1_MDA2_MI_MO40_MVN256_MMFSC_MKFGSU256_MVN0_NR0_NTA0_NTB0_NTC0_NTD0_NEPBS0_NLCA1_NLCB1_ONLL1_OPLV0_PBD0_PFD1_PG2_PSD0_PSLn1_PWCn1_PWLn1_PK0_PKAB0_PAP0
_PAPM0_PGR1_PLR1_PKA0_RK0_SGR1_SIA1_SLW1_SS0_SU0_SUM0_SUS0_SCIU0_SCIUE0_SCIUI1_SCIUPL0_SPO0_SRVW0_SSO0_SVWn1_SK0_SKA0_SKXCCM0_SNLL0_TSGRA0_TSGRB0_TT2_4_TLDS0_UIIDU0_UMLDSA0
_UMLDSB0_UMF0_U64SL1_UIOFGRO0_USFGROn1_VAWn1_VSn1_VW4_VWBn1_VFLRP0_WSGRA0_WSGRB0_WS32_WG16_16_1_WGM8_WGMTB

reject: VectorWidth must be >= 4 for Int8 or 8bitFloat

reject: Int8 requires GLVWA >= 4, current is 2
rejecting solution 
Cijk_Alik_Bljk_I8II_BH_GB_MT32x64x16_SN_1LDSB0_APM1_AAIGTEn1_AAILTEn1_AAV0_ABV0_ACED0_AF0EM1_AF1EM1_AMAS0_ASE_ASGT_ASLT_ASM_ASAE01_ASBE01_ASCE01_ASDE01_ASEM1_AAC0_BL1_BS1_C
UM0_CDO0_CTDA0_CLR0_DSK0_DRA0_DU16_DULD1_DTLA0_DTLB0_DTVA0_DTVB0_DAF0_DKP0_DVO0_ETSP_EPS1_ELFLR0_EMLL0_FSSC10_F16AI0_F16AIR0_FL0_GLVWA2_GLVWB4_GR2A1_GR2B1_GRCGA1_GRCGB1_GRC
VA1_GRCVB1_GRPM1_GRVW16_GSU1_GSUASB_GSUAA0_GSUSARR1_GSUWGMRR0_GLS0_ISA1201_IU1_IA0_KLA_LEL0_LBSPPA0_LBSPPB0_LPA1_LPB1_LDL1_LR2A1_LR2B1_LRVW1_LW2A1_LW2B1_LWPMn1_LDW0_LT1_FMA
_MIAV0_MTSM64_MTSM1_MDA2_MI_MO40_MVN256_MMFSC_MKFGSU256_MVN0_NR0_NTA0_NTB0_NTC0_NTD0_NEPBS0_NLCA1_NLCB1_ONLL1_OPLV0_PBD0_PFD1_PG2_PSD0_PSLn1_PWCn1_PWLn1_PK0_PKAB0_PAP0_PAPM
0_PGR1_PLR1_PKA0_RK0_SGR1_SIA1_SLW1_SS0_SU0_SUM0_SUS0_SCIU0_SCIUE0_SCIUI1_SCIUPL0_SPO0_SRVW0_SSO0_SVW4_SK0_SKA0_SKXCCM0_SNLL0_TSGRA0_TSGRB0_TT2_4_TLDS0_UIIDU0_UMLDSA0_UMLDS
B0_UMF0_U64SL1_UIOFGRO0_USFGROn1_VAW1_VSn1_VW1_VWB1_VFLRP0_WSGRA0_WSGRB0_WS32_WG16_16_1_WGM8_WGMTB

reject: VectorWidth must be >= 4 for Int8 or 8bitFloat

reject: Int8 requires GLVWA >= 4, current is 2
rejecting solution 
Cijk_Alik_Bljk_I8II_BH_GB_MT32x64x16_SN_1LDSB0_APM1_AAIGTEn1_AAILTEn1_AAV0_ABV0_ACED0_AF0EM1_AF1EM1_AMAS3_ASE_ASGT_ASLT_ASM_ASAE01_ASBE01_ASCE01_ASDE01_ASEM1_AAC0_BL1_BS1_C
UM0_CDO0_CTDA0_CLR0_DSK0_DRA0_DU16_DULD1_DTLA0_DTLB0_DTVA0_DTVB0_DAF0_DKP0_DVO0_ETSP_EPS1_ELFLR0_EMLL0_FSSC10_F16AI0_F16AIR0_FL0_GLVWA2_GLVWB4_GR2A1_GR2B1_GRCGA1_GRCGB1_GRC
VA1_GRCVB1_GRPM1_GRVW16_GSU1_GSUASB_GSUAA0_GSUSARR1_GSUWGMRR0_GLS0_ISA1201_IU1_IA0_KLA_LEL0_LBSPPA0_LBSPPB0_LPA2_LPB2_LDL1_LR2A1_LR2B1_LRVW2_LW2A1_LW2B1_LWPMn1_LDW0_LT1_FMA
_MIAV0_MTSM64_MTSM1_MDA2_MI_MO40_MVN256_MMFSC_MKFGSU256_MVN0_NR0_NTA0_NTB0_NTC0_NTD0_NEPBS0_NLCA1_NLCB1_ONLL1_OPLV0_PBD0_PFD1_PG2_PSD0_PSLn1_PWCn1_PWLn1_PK0_PKAB0_PAP0_PAPM
0_PGR1_PLR1_PKA0_RK0_SGR1_SIA1_SLW1_SS0_SU0_SUM0_SUS0_SCIU0_SCIUE0_SCIUI1_SCIUPL0_SPO0_SRVW0_SSO0_SVW4_SK0_SKA0_SKXCCM0_SNLL0_TSGRA0_TSGRB0_TT2_4_TLDS0_UIIDU0_UMLDSA0_UMLDS
B0_UMF0_U64SL1_UIOFGRO0_USFGROn1_VAW1_VSn1_VW2_VWB2_VFLRP0_WSGRA0_WSGRB0_WS32_WG16_16_1_WGM8_WGMTB

reject: ThreadTile0 2 or ThreadTile1 4 not a multiple of VectorWidth 4
rejecting solution 
Cijk_Alik_Bljk_I8II_BH_GB_MT32x64x16_SN_1LDSB0_APM1_AAIGTEn1_AAILTEn1_AAV0_ABV0_ACED0_AF0EM1_AF1EM1_AMASn1_ASE_ASGT_ASLT_ASM_ASAE01_ASBE01_ASCE01_ASDE01_ASEM1_AAC0_BL1_BS1_
CUM0_CDO0_CTDA0_CLR0_DSK0_DRA0_DU16_DULD1_DTLA0_DTLB0_DTVA0_DTVB0_DAF0_DKP0_DVO0_ETSP_EPS1_ELFLR0_EMLL0_FSSC10_F16AI0_F16AIR0_FL0_GLVWA16_GLVWB16_GR2A1_GR2B1_GRCGA1_GRCGB1_
GRCVA1_GRCVB1_GRPM1_GRVW16_GSU1_GSUASB_GSUAA0_GSUSARR1_GSUWGMRR0_GLS0_ISA1201_IU1_IA0_KLA_LEL0_LBSPPAn1_LBSPPBn1_LPAn1_LPBn1_LDL1_LR2A1_LR2B1_LRVWn1_LW2A1_LW2B1_LWPMn1_LDW0
_LT1_FMA_MIAV0_MTSM64_MTSM1_MDA2_MI_MO40_MVN256_MMFSC_MKFGSU256_MVN0_NR0_NTA0_NTB0_NTC0_NTD0_NEPBS0_NLCA1_NLCB1_ONLL1_OPLV0_PBD0_PFD1_PG2_PSD0_PSLn1_PWCn1_PWLn1_PK0_PKAB0_P
AP0_PAPM0_PGR1_PLR1_PKA0_RK0_SGR1_SIA1_SLW1_SS0_SU0_SUM0_SUS0_SCIU0_SCIUE0_SCIUI1_SCIUPL0_SPO0_SRVW0_SSO0_SVWn1_SK0_SKA0_SKXCCM0_SNLL0_TSGRA0_TSGRB0_TT2_4_TLDS0_UIIDU0_UMLD
SA0_UMLDSB0_UMF0_U64SL1_UIOFGRO0_USFGROn1_VAWn1_VSn1_VW4_VWBn1_VFLRP0_WSGRA0_WSGRB0_WS32_WG16_16_1_WGM8_WGMTB

reject: VectorWidth must be >= 4 for Int8 or 8bitFloat

reject: Int8 requires GLVWA >= 4, current is 2
rejecting solution 
Cijk_Alik_Bljk_I8II_BH_GB_MT32x64x16_SN_1LDSB0_APM1_AAIGTEn1_AAILTEn1_AAV0_ABV0_ACED0_AF0EM1_AF1EM1_AMAS0_ASE_ASGT_ASLT_ASM_ASAE01_ASBE01_ASCE01_ASDE01_ASEM1_AAC0_BL1_BS1_C
UM0_CDO0_CTDA0_CLR0_DSK0_DRA0_DU16_DULD1_DTLA0_DTLB0_DTVA0_DTVB0_DAF0_DKP0_DVO0_ETSP_EPS1_ELFLR0_EMLL0_FSSC10_F16AI0_F16AIR0_FL0_GLVWA2_GLVWB4_GR2A1_GR2B1_GRCGA1_GRCGB1_GRC
VA1_GRCVB1_GRPM1_GRVW4_GSU1_GSUASB_GSUAA0_GSUSARR1_GSUWGMRR0_GLS0_ISA1201_IU1_IA0_KLA_LEL0_LBSPPA0_LBSPPB0_LPA1_LPB1_LDL1_LR2A1_LR2B1_LRVW1_LW2A1_LW2B1_LWPMn1_LDW0_LT1_FMA_
MIAV0_MTSM64_MTSM1_MDA2_MI_MO40_MVN256_MMFSC_MKFGSU256_MVN0_NR0_NTA0_NTB0_NTC0_NTD0_NEPBS0_NLCA1_NLCB1_ONLL1_OPLV0_PBD0_PFD1_PG2_PSD0_PSLn1_PWCn1_PWLn1_PK0_PKAB0_PAP0_PAPM0
_PGR1_PLR1_PKA0_RK0_SGR1_SIA1_SLW1_SS0_SU32_SUM0_SUS256_SCIU0_SCIUE0_SCIUI1_SCIUPL0_SPO0_SRVW0_SSO0_SVW4_SK0_SKA0_SKXCCM0_SNLL0_TSGRA0_TSGRB0_TT2_4_TLDS0_UIIDU0_UMLDSA0_UML
DSB0_UMF0_U64SL1_UIOFGRO0_USFGROn1_VAW1_VSn1_VW1_VWB1_VFLRP0_WSGRA0_WSGRB0_WS32_WG16_16_1_WGM8_WGMTB

reject: VectorWidth must be >= 4 for Int8 or 8bitFloat

reject: Int8 requires GLVWA >= 4, current is 2
rejecting solution 
Cijk_Alik_Bljk_I8II_BH_GB_MT32x64x16_SN_1LDSB0_APM1_AAIGTEn1_AAILTEn1_AAV0_ABV0_ACED0_AF0EM1_AF1EM1_AMAS3_ASE_ASGT_ASLT_ASM_ASAE01_ASBE01_ASCE01_ASDE01_ASEM1_AAC0_BL1_BS1_C
UM0_CDO0_CTDA0_CLR0_DSK0_DRA0_DU16_DULD1_DTLA0_DTLB0_DTVA0_DTVB0_DAF0_DKP0_DVO0_ETSP_EPS1_ELFLR0_EMLL0_FSSC10_F16AI0_F16AIR0_FL0_GLVWA2_GLVWB4_GR2A1_GR2B1_GRCGA1_GRCGB1_GRC
VA1_GRCVB1_GRPM1_GRVW4_GSU1_GSUASB_GSUAA0_GSUSARR1_GSUWGMRR0_GLS0_ISA1201_IU1_IA0_KLA_LEL0_LBSPPA0_LBSPPB0_LPA2_LPB2_LDL1_LR2A1_LR2B1_LRVW2_LW2A1_LW2B1_LWPMn1_LDW0_LT1_FMA_
MIAV0_MTSM64_MTSM1_MDA2_MI_MO40_MVN256_MMFSC_MKFGSU256_MVN0_NR0_NTA0_NTB0_NTC0_NTD0_NEPBS0_NLCA1_NLCB1_ONLL1_OPLV0_PBD0_PFD1_PG2_PSD0_PSLn1_PWCn1_PWLn1_PK0_PKAB0_PAP0_PAPM0
_PGR1_PLR1_PKA0_RK0_SGR1_SIA1_SLW1_SS0_SU32_SUM0_SUS256_SCIU0_SCIUE0_SCIUI1_SCIUPL0_SPO0_SRVW0_SSO0_SVW4_SK0_SKA0_SKXCCM0_SNLL0_TSGRA0_TSGRB0_TT2_4_TLDS0_UIIDU0_UMLDSA0_UML
DSB0_UMF0_U64SL1_UIOFGRO0_USFGROn1_VAW1_VSn1_VW2_VWB2_VFLRP0_WSGRA0_WSGRB0_WS32_WG16_16_1_WGM8_WGMTB

reject: ThreadTile0 2 or ThreadTile1 4 not a multiple of VectorWidth 4
rejecting solution 
Cijk_Alik_Bljk_I8II_BH_GB_MT32x64x16_SN_1LDSB0_APM1_AAIGTEn1_AAILTEn1_AAV0_ABV0_ACED0_AF0EM1_AF1EM1_AMASn1_ASE_ASGT_ASLT_ASM_ASAE01_ASBE01_ASCE01_ASDE01_ASEM1_AAC0_BL1_BS1_
CUM0_CDO0_CTDA0_CLR0_DSK0_DRA0_DU16_DULD1_DTLA0_DTLB0_DTVA0_DTVB0_DAF0_DKP0_DVO0_ETSP_EPS1_ELFLR0_EMLL0_FSSC10_F16AI0_F16AIR0_FL0_GLVWA4_GLVWB4_GR2A1_GR2B1_GRCGA1_GRCGB1_GR
CVA1_GRCVB1_GRPM1_GRVW4_GSU1_GSUASB_GSUAA0_GSUSARR1_GSUWGMRR0_GLS0_ISA1201_IU1_IA0_KLA_LEL0_LBSPPAn1_LBSPPBn1_LPAn1_LPBn1_LDL1_LR2A1_LR2B1_LRVWn1_LW2A1_LW2B1_LWPMn1_LDW0_LT
1_FMA_MIAV0_MTSM64_MTSM1_MDA2_MI_MO40_MVN256_MMFSC_MKFGSU256_MVN0_NR0_NTA0_NTB0_NTC0_NTD0_NEPBS0_NLCA1_NLCB1_ONLL1_OPLV0_PBD0_PFD1_PG2_PSD0_PSLn1_PWCn1_PWLn1_PK0_PKAB0_PAP0
_PAPM0_PGR1_PLR1_PKA0_RK0_SGR1_SIA1_SLW1_SS0_SU32_SUM0_SUS256_SCIU0_SCIUE0_SCIUI1_SCIUPL0_SPO0_SRVW0_SSO0_SVWn1_SK0_SKA0_SKXCCM0_SNLL0_TSGRA0_TSGRB0_TT2_4_TLDS0_UIIDU0_UMLD
SA0_UMLDSB0_UMF0_U64SL1_UIOFGRO0_USFGROn1_VAWn1_VSn1_VW4_VWBn1_VFLRP0_WSGRA0_WSGRB0_WS32_WG16_16_1_WGM8_WGMTB

reject: VectorWidth must be >= 4 for Int8 or 8bitFloat

reject: Int8 requires GLVWA >= 4, current is 2
rejecting solution 
Cijk_Alik_Bljk_I8II_BH_GB_MT32x64x16_SN_1LDSB0_APM1_AAIGTEn1_AAILTEn1_AAV0_ABV0_ACED0_AF0EM1_AF1EM1_AMAS0_ASE_ASGT_ASLT_ASM_ASAE01_ASBE01_ASCE01_ASDE01_ASEM1_AAC0_BL1_BS1_C
UM0_CDO0_CTDA0_CLR0_DSK0_DRA0_DU16_DULD1_DTLA0_DTLB0_DTVA0_DTVB0_DAF0_DKP0_DVO0_ETSP_EPS1_ELFLR0_EMLL0_FSSC10_F16AI0_F16AIR0_FL0_GLVWA2_GLVWB4_GR2A1_GR2B1_GRCGA1_GRCGB1_GRC
VA1_GRCVB1_GRPM1_GRVW8_GSU1_GSUASB_GSUAA0_GSUSARR1_GSUWGMRR0_GLS0_ISA1201_IU1_IA0_KLA_LEL0_LBSPPA0_LBSPPB0_LPA1_LPB1_LDL1_LR2A1_LR2B1_LRVW1_LW2A1_LW2B1_LWPMn1_LDW0_LT1_FMA_
MIAV0_MTSM64_MTSM1_MDA2_MI_MO40_MVN256_MMFSC_MKFGSU256_MVN0_NR0_NTA0_NTB0_NTC0_NTD0_NEPBS0_NLCA1_NLCB1_ONLL1_OPLV0_PBD0_PFD1_PG2_PSD0_PSLn1_PWCn1_PWLn1_PK0_PKAB0_PAP0_PAPM0
_PGR1_PLR1_PKA0_RK0_SGR1_SIA1_SLW1_SS0_SU32_SUM0_SUS256_SCIU0_SCIUE0_SCIUI1_SCIUPL0_SPO0_SRVW0_SSO0_SVW4_SK0_SKA0_SKXCCM0_SNLL0_TSGRA0_TSGRB0_TT2_4_TLDS0_UIIDU0_UMLDSA0_UML
DSB0_UMF0_U64SL1_UIOFGRO0_USFGROn1_VAW1_VSn1_VW1_VWB1_VFLRP0_WSGRA0_WSGRB0_WS32_WG16_16_1_WGM8_WGMTB

reject: VectorWidth must be >= 4 for Int8 or 8bitFloat

reject: Int8 requires GLVWA >= 4, current is 2
rejecting solution 
Cijk_Alik_Bljk_I8II_BH_GB_MT32x64x16_SN_1LDSB0_APM1_AAIGTEn1_AAILTEn1_AAV0_ABV0_ACED0_AF0EM1_AF1EM1_AMAS3_ASE_ASGT_ASLT_ASM_ASAE01_ASBE01_ASCE01_ASDE01_ASEM1_AAC0_BL1_BS1_C
UM0_CDO0_CTDA0_CLR0_DSK0_DRA0_DU16_DULD1_DTLA0_DTLB0_DTVA0_DTVB0_DAF0_DKP0_DVO0_ETSP_EPS1_ELFLR0_EMLL0_FSSC10_F16AI0_F16AIR0_FL0_GLVWA2_GLVWB4_GR2A1_GR2B1_GRCGA1_GRCGB1_GRC
VA1_GRCVB1_GRPM1_GRVW8_GSU1_GSUASB_GSUAA0_GSUSARR1_GSUWGMRR0_GLS0_ISA1201_IU1_IA0_KLA_LEL0_LBSPPA0_LBSPPB0_LPA2_LPB2_LDL1_LR2A1_LR2B1_LRVW2_LW2A1_LW2B1_LWPMn1_LDW0_LT1_FMA_
MIAV0_MTSM64_MTSM1_MDA2_MI_MO40_MVN256_MMFSC_MKFGSU256_MVN0_NR0_NTA0_NTB0_NTC0_NTD0_NEPBS0_NLCA1_NLCB1_ONLL1_OPLV0_PBD0_PFD1_PG2_PSD0_PSLn1_PWCn1_PWLn1_PK0_PKAB0_PAP0_PAPM0
_PGR1_PLR1_PKA0_RK0_SGR1_SIA1_SLW1_SS0_SU32_SUM0_SUS256_SCIU0_SCIUE0_SCIUI1_SCIUPL0_SPO0_SRVW0_SSO0_SVW4_SK0_SKA0_SKXCCM0_SNLL0_TSGRA0_TSGRB0_TT2_4_TLDS0_UIIDU0_UMLDSA0_UML
DSB0_UMF0_U64SL1_UIOFGRO0_USFGROn1_VAW1_VSn1_VW2_VWB2_VFLRP0_WSGRA0_WSGRB0_WS32_WG16_16_1_WGM8_WGMTB

reject: ThreadTile0 2 or ThreadTile1 4 not a multiple of VectorWidth 4
rejecting solution 
Cijk_Alik_Bljk_I8II_BH_GB_MT32x64x16_SN_1LDSB0_APM1_AAIGTEn1_AAILTEn1_AAV0_ABV0_ACED0_AF0EM1_AF1EM1_AMASn1_ASE_ASGT_ASLT_ASM_ASAE01_ASBE01_ASCE01_ASDE01_ASEM1_AAC0_BL1_BS1_
CUM0_CDO0_CTDA0_CLR0_DSK0_DRA0_DU16_DULD1_DTLA0_DTLB0_DTVA0_DTVB0_DAF0_DKP0_DVO0_ETSP_EPS1_ELFLR0_EMLL0_FSSC10_F16AI0_F16AIR0_FL0_GLVWA8_GLVWB8_GR2A1_GR2B1_GRCGA1_GRCGB1_GR
CVA1_GRCVB1_GRPM1_GRVW8_GSU1_GSUASB_GSUAA0_GSUSARR1_GSUWGMRR0_GLS0_ISA1201_IU1_IA0_KLA_LEL0_LBSPPAn1_LBSPPBn1_LPAn1_LPBn1_LDL1_LR2A1_LR2B1_LRVWn1_LW2A1_LW2B1_LWPMn1_LDW0_LT
1_FMA_MIAV0_MTSM64_MTSM1_MDA2_MI_MO40_MVN256_MMFSC_MKFGSU256_MVN0_NR0_NTA0_NTB0_NTC0_NTD0_NEPBS0_NLCA1_NLCB1_ONLL1_OPLV0_PBD0_PFD1_PG2_PSD0_PSLn1_PWCn1_PWLn1_PK0_PKAB0_PAP0
_PAPM0_PGR1_PLR1_PKA0_RK0_SGR1_SIA1_SLW1_SS0_SU32_SUM0_SUS256_SCIU0_SCIUE0_SCIUI1_SCIUPL0_SPO0_SRVW0_SSO0_SVWn1_SK0_SKA0_SKXCCM0_SNLL0_TSGRA0_TSGRB0_TT2_4_TLDS0_UIIDU0_UMLD
SA0_UMLDSB0_UMF0_U64SL1_UIOFGRO0_USFGROn1_VAWn1_VSn1_VW4_VWBn1_VFLRP0_WSGRA0_WSGRB0_WS32_WG16_16_1_WGM8_WGMTB

reject: VectorWidth must be >= 4 for Int8 or 8bitFloat

reject: Int8 requires GLVWA >= 4, current is 2
rejecting solution 
Cijk_Alik_Bljk_I8II_BH_GB_MT32x64x16_SN_1LDSB0_APM1_AAIGTEn1_AAILTEn1_AAV0_ABV0_ACED0_AF0EM1_AF1EM1_AMAS0_ASE_ASGT_ASLT_ASM_ASAE01_ASBE01_ASCE01_ASDE01_ASEM1_AAC0_BL1_BS1_C
UM0_CDO0_CTDA0_CLR0_DSK0_DRA0_DU16_DULD1_DTLA0_DTLB0_DTVA0_DTVB0_DAF0_DKP0_DVO0_ETSP_EPS1_ELFLR0_EMLL0_FSSC10_F16AI0_F16AIR0_FL0_GLVWA2_GLVWB4_GR2A1_GR2B1_GRCGA1_GRCGB1_GRC
VA1_GRCVB1_GRPM1_GRVW16_GSU1_GSUASB_GSUAA0_GSUSARR1_GSUWGMRR0_GLS0_ISA1201_IU1_IA0_KLA_LEL0_LBSPPA0_LBSPPB0_LPA1_LPB1_LDL1_LR2A1_LR2B1_LRVW1_LW2A1_LW2B1_LWPMn1_LDW0_LT1_FMA
_MIAV0_MTSM64_MTSM1_MDA2_MI_MO40_MVN256_MMFSC_MKFGSU256_MVN0_NR0_NTA0_NTB0_NTC0_NTD0_NEPBS0_NLCA1_NLCB1_ONLL1_OPLV0_PBD0_PFD1_PG2_PSD0_PSLn1_PWCn1_PWLn1_PK0_PKAB0_PAP0_PAPM
0_PGR1_PLR1_PKA0_RK0_SGR1_SIA1_SLW1_SS0_SU32_SUM0_SUS256_SCIU0_SCIUE0_SCIUI1_SCIUPL0_SPO0_SRVW0_SSO0_SVW4_SK0_SKA0_SKXCCM0_SNLL0_TSGRA0_TSGRB0_TT2_4_TLDS0_UIIDU0_UMLDSA0_UM
LDSB0_UMF0_U64SL1_UIOFGRO0_USFGROn1_VAW1_VSn1_VW1_VWB1_VFLRP0_WSGRA0_WSGRB0_WS32_WG16_16_1_WGM8_WGMTB

reject: VectorWidth must be >= 4 for Int8 or 8bitFloat

reject: Int8 requires GLVWA >= 4, current is 2
rejecting solution 
Cijk_Alik_Bljk_I8II_BH_GB_MT32x64x16_SN_1LDSB0_APM1_AAIGTEn1_AAILTEn1_AAV0_ABV0_ACED0_AF0EM1_AF1EM1_AMAS3_ASE_ASGT_ASLT_ASM_ASAE01_ASBE01_ASCE01_ASDE01_ASEM1_AAC0_BL1_BS1_C
UM0_CDO0_CTDA0_CLR0_DSK0_DRA0_DU16_DULD1_DTLA0_DTLB0_DTVA0_DTVB0_DAF0_DKP0_DVO0_ETSP_EPS1_ELFLR0_EMLL0_FSSC10_F16AI0_F16AIR0_FL0_GLVWA2_GLVWB4_GR2A1_GR2B1_GRCGA1_GRCGB1_GRC
VA1_GRCVB1_GRPM1_GRVW16_GSU1_GSUASB_GSUAA0_GSUSARR1_GSUWGMRR0_GLS0_ISA1201_IU1_IA0_KLA_LEL0_LBSPPA0_LBSPPB0_LPA2_LPB2_LDL1_LR2A1_LR2B1_LRVW2_LW2A1_LW2B1_LWPMn1_LDW0_LT1_FMA
_MIAV0_MTSM64_MTSM1_MDA2_MI_MO40_MVN256_MMFSC_MKFGSU256_MVN0_NR0_NTA0_NTB0_NTC0_NTD0_NEPBS0_NLCA1_NLCB1_ONLL1_OPLV0_PBD0_PFD1_PG2_PSD0_PSLn1_PWCn1_PWLn1_PK0_PKAB0_PAP0_PAPM
0_PGR1_PLR1_PKA0_RK0_SGR1_SIA1_SLW1_SS0_SU32_SUM0_SUS256_SCIU0_SCIUE0_SCIUI1_SCIUPL0_SPO0_SRVW0_SSO0_SVW4_SK0_SKA0_SKXCCM0_SNLL0_TSGRA0_TSGRB0_TT2_4_TLDS0_UIIDU0_UMLDSA0_UM
LDSB0_UMF0_U64SL1_UIOFGRO0_USFGROn1_VAW1_VSn1_VW2_VWB2_VFLRP0_WSGRA0_WSGRB0_WS32_WG16_16_1_WGM8_WGMTB

reject: ThreadTile0 2 or ThreadTile1 4 not a multiple of VectorWidth 4
rejecting solution 
Cijk_Alik_Bljk_I8II_BH_GB_MT32x64x16_SN_1LDSB0_APM1_AAIGTEn1_AAILTEn1_AAV0_ABV0_ACED0_AF0EM1_AF1EM1_AMASn1_ASE_ASGT_ASLT_ASM_ASAE01_ASBE01_ASCE01_ASDE01_ASEM1_AAC0_BL1_BS1_
CUM0_CDO0_CTDA0_CLR0_DSK0_DRA0_DU16_DULD1_DTLA0_DTLB0_DTVA0_DTVB0_DAF0_DKP0_DVO0_ETSP_EPS1_ELFLR0_EMLL0_FSSC10_F16AI0_F16AIR0_FL0_GLVWA16_GLVWB16_GR2A1_GR2B1_GRCGA1_GRCGB1_
GRCVA1_GRCVB1_GRPM1_GRVW16_GSU1_GSUASB_GSUAA0_GSUSARR1_GSUWGMRR0_GLS0_ISA1201_IU1_IA0_KLA_LEL0_LBSPPAn1_LBSPPBn1_LPAn1_LPBn1_LDL1_LR2A1_LR2B1_LRVWn1_LW2A1_LW2B1_LWPMn1_LDW0
_LT1_FMA_MIAV0_MTSM64_MTSM1_MDA2_MI_MO40_MVN256_MMFSC_MKFGSU256_MVN0_NR0_NTA0_NTB0_NTC0_NTD0_NEPBS0_NLCA1_NLCB1_ONLL1_OPLV0_PBD0_PFD1_PG2_PSD0_PSLn1_PWCn1_PWLn1_PK0_PKAB0_P
AP0_PAPM0_PGR1_PLR1_PKA0_RK0_SGR1_SIA1_SLW1_SS0_SU32_SUM0_SUS256_SCIU0_SCIUE0_SCIUI1_SCIUPL0_SPO0_SRVW0_SSO0_SVWn1_SK0_SKA0_SKXCCM0_SNLL0_TSGRA0_TSGRB0_TT2_4_TLDS0_UIIDU0_U
MLDSA0_UMLDSB0_UMF0_U64SL1_UIOFGRO0_USFGROn1_VAWn1_VSn1_VW4_VWBn1_VFLRP0_WSGRA0_WSGRB0_WS32_WG16_16_1_WGM8_WGMTB

reject: VectorWidth must be >= 4 for Int8 or 8bitFloat
rejecting solution 
Cijk_Alik_Bljk_I8II_BH_GB_MT64x64x16_SN_1LDSB0_APM1_AAIGTEn1_AAILTEn1_AAV0_ABV0_ACED0_AF0EM1_AF1EM1_AMAS0_ASE_ASGT_ASLT_ASM_ASAE01_ASBE01_ASCE01_ASDE01_ASEM1_AAC0_BL1_BS1_C
UM0_CDO0_CTDA0_CLR0_DSK0_DRA0_DU16_DULD1_DTLA0_DTLB0_DTVA0_DTVB0_DAF0_DKP0_DVO0_ETSP_EPS1_ELFLR0_EMLL0_FSSC10_F16AI0_F16AIR0_FL0_GLVWA4_GLVWB4_GR2A1_GR2B1_GRCGA1_GRCGB1_GRC
VA1_GRCVB1_GRPM1_GRVW4_GSU1_GSUASB_GSUAA0_GSUSARR1_GSUWGMRR0_GLS0_ISA1201_IU1_IA0_KLA_LEL0_LBSPPA0_LBSPPB0_LPA1_LPB1_LDL1_LR2A1_LR2B1_LRVW1_LW2A1_LW2B1_LWPMn1_LDW0_LT1_FMA_
MIAV0_MTSM64_MTSM1_MDA2_MI_MO40_MVN256_MMFSC_MKFGSU256_MVN0_NR0_NTA0_NTB0_NTC0_NTD0_NEPBS0_NLCA1_NLCB1_ONLL1_OPLV0_PBD0_PFD1_PG2_PSD0_PSLn1_PWCn1_PWLn1_PK0_PKAB0_PAP0_PAPM0
_PGR1_PLR1_PKA0_RK0_SGR1_SIA1_SLW1_SS0_SU0_SUM0_SUS0_SCIU0_SCIUE0_SCIUI1_SCIUPL0_SPO0_SRVW0_SSO0_SVW4_SK0_SKA0_SKXCCM0_SNLL0_TSGRA0_TSGRB0_TT4_4_TLDS0_UIIDU0_UMLDSA0_UMLDSB
0_UMF0_U64SL1_UIOFGRO0_USFGROn1_VAW1_VSn1_VW1_VWB1_VFLRP0_WSGRA0_WSGRB0_WS32_WG16_16_1_WGM8_WGMTB

reject: VectorWidth must be >= 4 for Int8 or 8bitFloat
rejecting solution 
Cijk_Alik_Bljk_I8II_BH_GB_MT64x64x16_SN_1LDSB0_APM1_AAIGTEn1_AAILTEn1_AAV0_ABV0_ACED0_AF0EM1_AF1EM1_AMAS3_ASE_ASGT_ASLT_ASM_ASAE01_ASBE01_ASCE01_ASDE01_ASEM1_AAC0_BL1_BS1_C
UM0_CDO0_CTDA0_CLR0_DSK0_DRA0_DU16_DULD1_DTLA0_DTLB0_DTVA0_DTVB0_DAF0_DKP0_DVO0_ETSP_EPS1_ELFLR0_EMLL0_FSSC10_F16AI0_F16AIR0_FL0_GLVWA4_GLVWB4_GR2A1_GR2B1_GRCGA1_GRCGB1_GRC
VA1_GRCVB1_GRPM1_GRVW4_GSU1_GSUASB_GSUAA0_GSUSARR1_GSUWGMRR0_GLS0_ISA1201_IU1_IA0_KLA_LEL0_LBSPPA0_LBSPPB0_LPA2_LPB2_LDL1_LR2A1_LR2B1_LRVW2_LW2A1_LW2B1_LWPMn1_LDW0_LT1_FMA_
MIAV0_MTSM64_MTSM1_MDA2_MI_MO40_MVN256_MMFSC_MKFGSU256_MVN0_NR0_NTA0_NTB0_NTC0_NTD0_NEPBS0_NLCA1_NLCB1_ONLL1_OPLV0_PBD0_PFD1_PG2_PSD0_PSLn1_PWCn1_PWLn1_PK0_PKAB0_PAP0_PAPM0
_PGR1_PLR1_PKA0_RK0_SGR1_SIA1_SLW1_SS0_SU0_SUM0_SUS0_SCIU0_SCIUE0_SCIUI1_SCIUPL0_SPO0_SRVW0_SSO0_SVW4_SK0_SKA0_SKXCCM0_SNLL0_TSGRA0_TSGRB0_TT4_4_TLDS0_UIIDU0_UMLDSA0_UMLDSB
0_UMF0_U64SL1_UIOFGRO0_USFGROn1_VAW1_VSn1_VW2_VWB2_VFLRP0_WSGRA0_WSGRB0_WS32_WG16_16_1_WGM8_WGMTB

reject: VectorWidth must be >= 4 for Int8 or 8bitFloat
rejecting solution 
Cijk_Alik_Bljk_I8II_BH_GB_MT64x64x16_SN_1LDSB0_APM1_AAIGTEn1_AAILTEn1_AAV0_ABV0_ACED0_AF0EM1_AF1EM1_AMAS0_ASE_ASGT_ASLT_ASM_ASAE01_ASBE01_ASCE01_ASDE01_ASEM1_AAC0_BL1_BS1_C
UM0_CDO0_CTDA0_CLR0_DSK0_DRA0_DU16_DULD1_DTLA0_DTLB0_DTVA0_DTVB0_DAF0_DKP0_DVO0_ETSP_EPS1_ELFLR0_EMLL0_FSSC10_F16AI0_F16AIR0_FL0_GLVWA4_GLVWB4_GR2A1_GR2B1_GRCGA1_GRCGB1_GRC
VA1_GRCVB1_GRPM1_GRVW8_GSU1_GSUASB_GSUAA0_GSUSARR1_GSUWGMRR0_GLS0_ISA1201_IU1_IA0_KLA_LEL0_LBSPPA0_LBSPPB0_LPA1_LPB1_LDL1_LR2A1_LR2B1_LRVW1_LW2A1_LW2B1_LWPMn1_LDW0_LT1_FMA_
MIAV0_MTSM64_MTSM1_MDA2_MI_MO40_MVN256_MMFSC_MKFGSU256_MVN0_NR0_NTA0_NTB0_NTC0_NTD0_NEPBS0_NLCA1_NLCB1_ONLL1_OPLV0_PBD0_PFD1_PG2_PSD0_PSLn1_PWCn1_PWLn1_PK0_PKAB0_PAP0_PAPM0
_PGR1_PLR1_PKA0_RK0_SGR1_SIA1_SLW1_SS0_SU0_SUM0_SUS0_SCIU0_SCIUE0_SCIUI1_SCIUPL0_SPO0_SRVW0_SSO0_SVW4_SK0_SKA0_SKXCCM0_SNLL0_TSGRA0_TSGRB0_TT4_4_TLDS0_UIIDU0_UMLDSA0_UMLDSB
0_UMF0_U64SL1_UIOFGRO0_USFGROn1_VAW1_VSn1_VW1_VWB1_VFLRP0_WSGRA0_WSGRB0_WS32_WG16_16_1_WGM8_WGMTB

reject: VectorWidth must be >= 4 for Int8 or 8bitFloat
rejecting solution 
Cijk_Alik_Bljk_I8II_BH_GB_MT64x64x16_SN_1LDSB0_APM1_AAIGTEn1_AAILTEn1_AAV0_ABV0_ACED0_AF0EM1_AF1EM1_AMAS3_ASE_ASGT_ASLT_ASM_ASAE01_ASBE01_ASCE01_ASDE01_ASEM1_AAC0_BL1_BS1_C
UM0_CDO0_CTDA0_CLR0_DSK0_DRA0_DU16_DULD1_DTLA0_DTLB0_DTVA0_DTVB0_DAF0_DKP0_DVO0_ETSP_EPS1_ELFLR0_EMLL0_FSSC10_F16AI0_F16AIR0_FL0_GLVWA4_GLVWB4_GR2A1_GR2B1_GRCGA1_GRCGB1_GRC
VA1_GRCVB1_GRPM1_GRVW8_GSU1_GSUASB_GSUAA0_GSUSARR1_GSUWGMRR0_GLS0_ISA1201_IU1_IA0_KLA_LEL0_LBSPPA0_LBSPPB0_LPA2_LPB2_LDL1_LR2A1_LR2B1_LRVW2_LW2A1_LW2B1_LWPMn1_LDW0_LT1_FMA_
MIAV0_MTSM64_MTSM1_MDA2_MI_MO40_MVN256_MMFSC_MKFGSU256_MVN0_NR0_NTA0_NTB0_NTC0_NTD0_NEPBS0_NLCA1_NLCB1_ONLL1_OPLV0_PBD0_PFD1_PG2_PSD0_PSLn1_PWCn1_PWLn1_PK0_PKAB0_PAP0_PAPM0
_PGR1_PLR1_PKA0_RK0_SGR1_SIA1_SLW1_SS0_SU0_SUM0_SUS0_SCIU0_SCIUE0_SCIUI1_SCIUPL0_SPO0_SRVW0_SSO0_SVW4_SK0_SKA0_SKXCCM0_SNLL0_TSGRA0_TSGRB0_TT4_4_TLDS0_UIIDU0_UMLDSA0_UMLDSB
0_UMF0_U64SL1_UIOFGRO0_USFGROn1_VAW1_VSn1_VW2_VWB2_VFLRP0_WSGRA0_WSGRB0_WS32_WG16_16_1_WGM8_WGMTB

reject: VectorWidth must be >= 4 for Int8 or 8bitFloat
rejecting solution 
Cijk_Alik_Bljk_I8II_BH_GB_MT64x64x16_SN_1LDSB0_APM1_AAIGTEn1_AAILTEn1_AAV0_ABV0_ACED0_AF0EM1_AF1EM1_AMAS0_ASE_ASGT_ASLT_ASM_ASAE01_ASBE01_ASCE01_ASDE01_ASEM1_AAC0_BL1_BS1_C
UM0_CDO0_CTDA0_CLR0_DSK0_DRA0_DU16_DULD1_DTLA0_DTLB0_DTVA0_DTVB0_DAF0_DKP0_DVO0_ETSP_EPS1_ELFLR0_EMLL0_FSSC10_F16AI0_F16AIR0_FL0_GLVWA4_GLVWB4_GR2A1_GR2B1_GRCGA1_GRCGB1_GRC
VA1_GRCVB1_GRPM1_GRVW16_GSU1_GSUASB_GSUAA0_GSUSARR1_GSUWGMRR0_GLS0_ISA1201_IU1_IA0_KLA_LEL0_LBSPPA0_LBSPPB0_LPA1_LPB1_LDL1_LR2A1_LR2B1_LRVW1_LW2A1_LW2B1_LWPMn1_LDW0_LT1_FMA
_MIAV0_MTSM64_MTSM1_MDA2_MI_MO40_MVN256_MMFSC_MKFGSU256_MVN0_NR0_NTA0_NTB0_NTC0_NTD0_NEPBS0_NLCA1_NLCB1_ONLL1_OPLV0_PBD0_PFD1_PG2_PSD0_PSLn1_PWCn1_PWLn1_PK0_PKAB0_PAP0_PAPM
0_PGR1_PLR1_PKA0_RK0_SGR1_SIA1_SLW1_SS0_SU0_SUM0_SUS0_SCIU0_SCIUE0_SCIUI1_SCIUPL0_SPO0_SRVW0_SSO0_SVW4_SK0_SKA0_SKXCCM0_SNLL0_TSGRA0_TSGRB0_TT4_4_TLDS0_UIIDU0_UMLDSA0_UMLDS
B0_UMF0_U64SL1_UIOFGRO0_USFGROn1_VAW1_VSn1_VW1_VWB1_VFLRP0_WSGRA0_WSGRB0_WS32_WG16_16_1_WGM8_WGMTB

reject: VectorWidth must be >= 4 for Int8 or 8bitFloat
rejecting solution 
Cijk_Alik_Bljk_I8II_BH_GB_MT64x64x16_SN_1LDSB0_APM1_AAIGTEn1_AAILTEn1_AAV0_ABV0_ACED0_AF0EM1_AF1EM1_AMAS3_ASE_ASGT_ASLT_ASM_ASAE01_ASBE01_ASCE01_ASDE01_ASEM1_AAC0_BL1_BS1_C
UM0_CDO0_CTDA0_CLR0_DSK0_DRA0_DU16_DULD1_DTLA0_DTLB0_DTVA0_DTVB0_DAF0_DKP0_DVO0_ETSP_EPS1_ELFLR0_EMLL0_FSSC10_F16AI0_F16AIR0_FL0_GLVWA4_GLVWB4_GR2A1_GR2B1_GRCGA1_GRCGB1_GRC
VA1_GRCVB1_GRPM1_GRVW16_GSU1_GSUASB_GSUAA0_GSUSARR1_GSUWGMRR0_GLS0_ISA1201_IU1_IA0_KLA_LEL0_LBSPPA0_LBSPPB0_LPA2_LPB2_LDL1_LR2A1_LR2B1_LRVW2_LW2A1_LW2B1_LWPMn1_LDW0_LT1_FMA
_MIAV0_MTSM64_MTSM1_MDA2_MI_MO40_MVN256_MMFSC_MKFGSU256_MVN0_NR0_NTA0_NTB0_NTC0_NTD0_NEPBS0_NLCA1_NLCB1_ONLL1_OPLV0_PBD0_PFD1_PG2_PSD0_PSLn1_PWCn1_PWLn1_PK0_PKAB0_PAP0_PAPM
0_PGR1_PLR1_PKA0_RK0_SGR1_SIA1_SLW1_SS0_SU0_SUM0_SUS0_SCIU0_SCIUE0_SCIUI1_SCIUPL0_SPO0_SRVW0_SSO0_SVW4_SK0_SKA0_SKXCCM0_SNLL0_TSGRA0_TSGRB0_TT4_4_TLDS0_UIIDU0_UMLDSA0_UMLDS
B0_UMF0_U64SL1_UIOFGRO0_USFGROn1_VAW1_VSn1_VW2_VWB2_VFLRP0_WSGRA0_WSGRB0_WS32_WG16_16_1_WGM8_WGMTB

reject: VectorWidth must be >= 4 for Int8 or 8bitFloat
rejecting solution 
Cijk_Alik_Bljk_I8II_BH_GB_MT64x64x16_SN_1LDSB0_APM1_AAIGTEn1_AAILTEn1_AAV0_ABV0_ACED0_AF0EM1_AF1EM1_AMAS0_ASE_ASGT_ASLT_ASM_ASAE01_ASBE01_ASCE01_ASDE01_ASEM1_AAC0_BL1_BS1_C
UM0_CDO0_CTDA0_CLR0_DSK0_DRA0_DU16_DULD1_DTLA0_DTLB0_DTVA0_DTVB0_DAF0_DKP0_DVO0_ETSP_EPS1_ELFLR0_EMLL0_FSSC10_F16AI0_F16AIR0_FL0_GLVWA4_GLVWB4_GR2A1_GR2B1_GRCGA1_GRCGB1_GRC
VA1_GRCVB1_GRPM1_GRVW4_GSU1_GSUASB_GSUAA0_GSUSARR1_GSUWGMRR0_GLS0_ISA1201_IU1_IA0_KLA_LEL0_LBSPPA0_LBSPPB0_LPA1_LPB1_LDL1_LR2A1_LR2B1_LRVW1_LW2A1_LW2B1_LWPMn1_LDW0_LT1_FMA_
MIAV0_MTSM64_MTSM1_MDA2_MI_MO40_MVN256_MMFSC_MKFGSU256_MVN0_NR0_NTA0_NTB0_NTC0_NTD0_NEPBS0_NLCA1_NLCB1_ONLL1_OPLV0_PBD0_PFD1_PG2_PSD0_PSLn1_PWCn1_PWLn1_PK0_PKAB0_PAP0_PAPM0
_PGR1_PLR1_PKA0_RK0_SGR1_SIA1_SLW1_SS0_SU32_SUM0_SUS256_SCIU0_SCIUE0_SCIUI1_SCIUPL0_SPO0_SRVW0_SSO0_SVW4_SK0_SKA0_SKXCCM0_SNLL0_TSGRA0_TSGRB0_TT4_4_TLDS0_UIIDU0_UMLDSA0_UML
DSB0_UMF0_U64SL1_UIOFGRO0_USFGROn1_VAW1_VSn1_VW1_VWB1_VFLRP0_WSGRA0_WSGRB0_WS32_WG16_16_1_WGM8_WGMTB

reject: VectorWidth must be >= 4 for Int8 or 8bitFloat
rejecting solution 
Cijk_Alik_Bljk_I8II_BH_GB_MT64x64x16_SN_1LDSB0_APM1_AAIGTEn1_AAILTEn1_AAV0_ABV0_ACED0_AF0EM1_AF1EM1_AMAS3_ASE_ASGT_ASLT_ASM_ASAE01_ASBE01_ASCE01_ASDE01_ASEM1_AAC0_BL1_BS1_C
UM0_CDO0_CTDA0_CLR0_DSK0_DRA0_DU16_DULD1_DTLA0_DTLB0_DTVA0_DTVB0_DAF0_DKP0_DVO0_ETSP_EPS1_ELFLR0_EMLL0_FSSC10_F16AI0_F16AIR0_FL0_GLVWA4_GLVWB4_GR2A1_GR2B1_GRCGA1_GRCGB1_GRC
VA1_GRCVB1_GRPM1_GRVW4_GSU1_GSUASB_GSUAA0_GSUSARR1_GSUWGMRR0_GLS0_ISA1201_IU1_IA0_KLA_LEL0_LBSPPA0_LBSPPB0_LPA2_LPB2_LDL1_LR2A1_LR2B1_LRVW2_LW2A1_LW2B1_LWPMn1_LDW0_LT1_FMA_
MIAV0_MTSM64_MTSM1_MDA2_MI_MO40_MVN256_MMFSC_MKFGSU256_MVN0_NR0_NTA0_NTB0_NTC0_NTD0_NEPBS0_NLCA1_NLCB1_ONLL1_OPLV0_PBD0_PFD1_PG2_PSD0_PSLn1_PWCn1_PWLn1_PK0_PKAB0_PAP0_PAPM0
_PGR1_PLR1_PKA0_RK0_SGR1_SIA1_SLW1_SS0_SU32_SUM0_SUS256_SCIU0_SCIUE0_SCIUI1_SCIUPL0_SPO0_SRVW0_SSO0_SVW4_SK0_SKA0_SKXCCM0_SNLL0_TSGRA0_TSGRB0_TT4_4_TLDS0_UIIDU0_UMLDSA0_UML
DSB0_UMF0_U64SL1_UIOFGRO0_USFGROn1_VAW1_VSn1_VW2_VWB2_VFLRP0_WSGRA0_WSGRB0_WS32_WG16_16_1_WGM8_WGMTB

reject: VectorWidth must be >= 4 for Int8 or 8bitFloat
rejecting solution 
Cijk_Alik_Bljk_I8II_BH_GB_MT64x64x16_SN_1LDSB0_APM1_AAIGTEn1_AAILTEn1_AAV0_ABV0_ACED0_AF0EM1_AF1EM1_AMAS0_ASE_ASGT_ASLT_ASM_ASAE01_ASBE01_ASCE01_ASDE01_ASEM1_AAC0_BL1_BS1_C
UM0_CDO0_CTDA0_CLR0_DSK0_DRA0_DU16_DULD1_DTLA0_DTLB0_DTVA0_DTVB0_DAF0_DKP0_DVO0_ETSP_EPS1_ELFLR0_EMLL0_FSSC10_F16AI0_F16AIR0_FL0_GLVWA4_GLVWB4_GR2A1_GR2B1_GRCGA1_GRCGB1_GRC
VA1_GRCVB1_GRPM1_GRVW8_GSU1_GSUASB_GSUAA0_GSUSARR1_GSUWGMRR0_GLS0_ISA1201_IU1_IA0_KLA_LEL0_LBSPPA0_LBSPPB0_LPA1_LPB1_LDL1_LR2A1_LR2B1_LRVW1_LW2A1_LW2B1_LWPMn1_LDW0_LT1_FMA_
MIAV0_MTSM64_MTSM1_MDA2_MI_MO40_MVN256_MMFSC_MKFGSU256_MVN0_NR0_NTA0_NTB0_NTC0_NTD0_NEPBS0_NLCA1_NLCB1_ONLL1_OPLV0_PBD0_PFD1_PG2_PSD0_PSLn1_PWCn1_PWLn1_PK0_PKAB0_PAP0_PAPM0
_PGR1_PLR1_PKA0_RK0_SGR1_SIA1_SLW1_SS0_SU32_SUM0_SUS256_SCIU0_SCIUE0_SCIUI1_SCIUPL0_SPO0_SRVW0_SSO0_SVW4_SK0_SKA0_SKXCCM0_SNLL0_TSGRA0_TSGRB0_TT4_4_TLDS0_UIIDU0_UMLDSA0_UML
DSB0_UMF0_U64SL1_UIOFGRO0_USFGROn1_VAW1_VSn1_VW1_VWB1_VFLRP0_WSGRA0_WSGRB0_WS32_WG16_16_1_WGM8_WGMTB

reject: VectorWidth must be >= 4 for Int8 or 8bitFloat
rejecting solution 
Cijk_Alik_Bljk_I8II_BH_GB_MT64x64x16_SN_1LDSB0_APM1_AAIGTEn1_AAILTEn1_AAV0_ABV0_ACED0_AF0EM1_AF1EM1_AMAS3_ASE_ASGT_ASLT_ASM_ASAE01_ASBE01_ASCE01_ASDE01_ASEM1_AAC0_BL1_BS1_C
UM0_CDO0_CTDA0_CLR0_DSK0_DRA0_DU16_DULD1_DTLA0_DTLB0_DTVA0_DTVB0_DAF0_DKP0_DVO0_ETSP_EPS1_ELFLR0_EMLL0_FSSC10_F16AI0_F16AIR0_FL0_GLVWA4_GLVWB4_GR2A1_GR2B1_GRCGA1_GRCGB1_GRC
VA1_GRCVB1_GRPM1_GRVW8_GSU1_GSUASB_GSUAA0_GSUSARR1_GSUWGMRR0_GLS0_ISA1201_IU1_IA0_KLA_LEL0_LBSPPA0_LBSPPB0_LPA2_LPB2_LDL1_LR2A1_LR2B1_LRVW2_LW2A1_LW2B1_LWPMn1_LDW0_LT1_FMA_
MIAV0_MTSM64_MTSM1_MDA2_MI_MO40_MVN256_MMFSC_MKFGSU256_MVN0_NR0_NTA0_NTB0_NTC0_NTD0_NEPBS0_NLCA1_NLCB1_ONLL1_OPLV0_PBD0_PFD1_PG2_PSD0_PSLn1_PWCn1_PWLn1_PK0_PKAB0_PAP0_PAPM0
_PGR1_PLR1_PKA0_RK0_SGR1_SIA1_SLW1_SS0_SU32_SUM0_SUS256_SCIU0_SCIUE0_SCIUI1_SCIUPL0_SPO0_SRVW0_SSO0_SVW4_SK0_SKA0_SKXCCM0_SNLL0_TSGRA0_TSGRB0_TT4_4_TLDS0_UIIDU0_UMLDSA0_UML
DSB0_UMF0_U64SL1_UIOFGRO0_USFGROn1_VAW1_VSn1_VW2_VWB2_VFLRP0_WSGRA0_WSGRB0_WS32_WG16_16_1_WGM8_WGMTB

reject: VectorWidth must be >= 4 for Int8 or 8bitFloat
rejecting solution 
Cijk_Alik_Bljk_I8II_BH_GB_MT64x64x16_SN_1LDSB0_APM1_AAIGTEn1_AAILTEn1_AAV0_ABV0_ACED0_AF0EM1_AF1EM1_AMAS0_ASE_ASGT_ASLT_ASM_ASAE01_ASBE01_ASCE01_ASDE01_ASEM1_AAC0_BL1_BS1_C
UM0_CDO0_CTDA0_CLR0_DSK0_DRA0_DU16_DULD1_DTLA0_DTLB0_DTVA0_DTVB0_DAF0_DKP0_DVO0_ETSP_EPS1_ELFLR0_EMLL0_FSSC10_F16AI0_F16AIR0_FL0_GLVWA4_GLVWB4_GR2A1_GR2B1_GRCGA1_GRCGB1_GRC
VA1_GRCVB1_GRPM1_GRVW16_GSU1_GSUASB_GSUAA0_GSUSARR1_GSUWGMRR0_GLS0_ISA1201_IU1_IA0_KLA_LEL0_LBSPPA0_LBSPPB0_LPA1_LPB1_LDL1_LR2A1_LR2B1_LRVW1_LW2A1_LW2B1_LWPMn1_LDW0_LT1_FMA
_MIAV0_MTSM64_MTSM1_MDA2_MI_MO40_MVN256_MMFSC_MKFGSU256_MVN0_NR0_NTA0_NTB0_NTC0_NTD0_NEPBS0_NLCA1_NLCB1_ONLL1_OPLV0_PBD0_PFD1_PG2_PSD0_PSLn1_PWCn1_PWLn1_PK0_PKAB0_PAP0_PAPM
0_PGR1_PLR1_PKA0_RK0_SGR1_SIA1_SLW1_SS0_SU32_SUM0_SUS256_SCIU0_SCIUE0_SCIUI1_SCIUPL0_SPO0_SRVW0_SSO0_SVW4_SK0_SKA0_SKXCCM0_SNLL0_TSGRA0_TSGRB0_TT4_4_TLDS0_UIIDU0_UMLDSA0_UM
LDSB0_UMF0_U64SL1_UIOFGRO0_USFGROn1_VAW1_VSn1_VW1_VWB1_VFLRP0_WSGRA0_WSGRB0_WS32_WG16_16_1_WGM8_WGMTB

reject: VectorWidth must be >= 4 for Int8 or 8bitFloat
rejecting solution 
Cijk_Alik_Bljk_I8II_BH_GB_MT64x64x16_SN_1LDSB0_APM1_AAIGTEn1_AAILTEn1_AAV0_ABV0_ACED0_AF0EM1_AF1EM1_AMAS3_ASE_ASGT_ASLT_ASM_ASAE01_ASBE01_ASCE01_ASDE01_ASEM1_AAC0_BL1_BS1_C
UM0_CDO0_CTDA0_CLR0_DSK0_DRA0_DU16_DULD1_DTLA0_DTLB0_DTVA0_DTVB0_DAF0_DKP0_DVO0_ETSP_EPS1_ELFLR0_EMLL0_FSSC10_F16AI0_F16AIR0_FL0_GLVWA4_GLVWB4_GR2A1_GR2B1_GRCGA1_GRCGB1_GRC
VA1_GRCVB1_GRPM1_GRVW16_GSU1_GSUASB_GSUAA0_GSUSARR1_GSUWGMRR0_GLS0_ISA1201_IU1_IA0_KLA_LEL0_LBSPPA0_LBSPPB0_LPA2_LPB2_LDL1_LR2A1_LR2B1_LRVW2_LW2A1_LW2B1_LWPMn1_LDW0_LT1_FMA
_MIAV0_MTSM64_MTSM1_MDA2_MI_MO40_MVN256_MMFSC_MKFGSU256_MVN0_NR0_NTA0_NTB0_NTC0_NTD0_NEPBS0_NLCA1_NLCB1_ONLL1_OPLV0_PBD0_PFD1_PG2_PSD0_PSLn1_PWCn1_PWLn1_PK0_PKAB0_PAP0_PAPM
0_PGR1_PLR1_PKA0_RK0_SGR1_SIA1_SLW1_SS0_SU32_SUM0_SUS256_SCIU0_SCIUE0_SCIUI1_SCIUPL0_SPO0_SRVW0_SSO0_SVW4_SK0_SKA0_SKXCCM0_SNLL0_TSGRA0_TSGRB0_TT4_4_TLDS0_UIIDU0_UMLDSA0_UM
LDSB0_UMF0_U64SL1_UIOFGRO0_USFGROn1_VAW1_VSn1_VW2_VWB2_VFLRP0_WSGRA0_WSGRB0_WS32_WG16_16_1_WGM8_WGMTB

reject: VectorWidth must be >= 4 for Int8 or 8bitFloat
rejecting solution 
Cijk_Alik_Bljk_I8II_BH_GB_MT128x64x16_SN_1LDSB0_APM1_AAIGTEn1_AAILTEn1_AAV0_ABV0_ACED0_AF0EM1_AF1EM1_AMAS0_ASE_ASGT_ASLT_ASM_ASAE01_ASBE01_ASCE01_ASDE01_ASEM1_AAC0_BL1_BS1_
CUM0_CDO0_CTDA0_CLR0_DSK0_DRA0_DU16_DULD1_DTLA0_DTLB0_DTVA0_DTVB0_DAF0_DKP0_DVO0_ETSP_EPS1_ELFLR0_EMLL0_FSSC10_F16AI0_F16AIR0_FL0_GLVWA4_GLVWB4_GR2A1_GR2B1_GRCGA1_GRCGB1_GR
CVA1_GRCVB1_GRPM1_GRVW4_GSU1_GSUASB_GSUAA0_GSUSARR1_GSUWGMRR0_GLS0_ISA1201_IU1_IA0_KLA_LEL0_LBSPPA0_LBSPPB0_LPA1_LPB1_LDL1_LR2A1_LR2B1_LRVW1_LW2A1_LW2B1_LWPMn1_LDW0_LT1_FMA
_MIAV0_MTSM64_MTSM1_MDA2_MI_MO40_MVN256_MMFSC_MKFGSU256_MVN0_NR0_NTA0_NTB0_NTC0_NTD0_NEPBS0_NLCA1_NLCB1_ONLL1_OPLV0_PBD0_PFD1_PG2_PSD0_PSLn1_PWCn1_PWLn1_PK0_PKAB0_PAP0_PAPM
0_PGR1_PLR1_PKA0_RK0_SGR1_SIA1_SLW1_SS0_SU0_SUM0_SUS0_SCIU0_SCIUE0_SCIUI1_SCIUPL0_SPO0_SRVW0_SSO0_SVW4_SK0_SKA0_SKXCCM0_SNLL0_TSGRA0_TSGRB0_TT8_4_TLDS0_UIIDU0_UMLDSA0_UMLDS
B0_UMF0_U64SL1_UIOFGRO0_USFGROn1_VAW1_VSn1_VW1_VWB1_VFLRP0_WSGRA0_WSGRB0_WS32_WG16_16_1_WGM8_WGMTB

reject: VectorWidth must be >= 4 for Int8 or 8bitFloat
rejecting solution 
Cijk_Alik_Bljk_I8II_BH_GB_MT128x64x16_SN_1LDSB0_APM1_AAIGTEn1_AAILTEn1_AAV0_ABV0_ACED0_AF0EM1_AF1EM1_AMAS3_ASE_ASGT_ASLT_ASM_ASAE01_ASBE01_ASCE01_ASDE01_ASEM1_AAC0_BL1_BS1_
CUM0_CDO0_CTDA0_CLR0_DSK0_DRA0_DU16_DULD1_DTLA0_DTLB0_DTVA0_DTVB0_DAF0_DKP0_DVO0_ETSP_EPS1_ELFLR0_EMLL0_FSSC10_F16AI0_F16AIR0_FL0_GLVWA4_GLVWB4_GR2A1_GR2B1_GRCGA1_GRCGB1_GR
CVA1_GRCVB1_GRPM1_GRVW4_GSU1_GSUASB_GSUAA0_GSUSARR1_GSUWGMRR0_GLS0_ISA1201_IU1_IA0_KLA_LEL0_LBSPPA0_LBSPPB0_LPA2_LPB2_LDL1_LR2A1_LR2B1_LRVW2_LW2A1_LW2B1_LWPMn1_LDW0_LT1_FMA
_MIAV0_MTSM64_MTSM1_MDA2_MI_MO40_MVN256_MMFSC_MKFGSU256_MVN0_NR0_NTA0_NTB0_NTC0_NTD0_NEPBS0_NLCA1_NLCB1_ONLL1_OPLV0_PBD0_PFD1_PG2_PSD0_PSLn1_PWCn1_PWLn1_PK0_PKAB0_PAP0_PAPM
0_PGR1_PLR1_PKA0_RK0_SGR1_SIA1_SLW1_SS0_SU0_SUM0_SUS0_SCIU0_SCIUE0_SCIUI1_SCIUPL0_SPO0_SRVW0_SSO0_SVW4_SK0_SKA0_SKXCCM0_SNLL0_TSGRA0_TSGRB0_TT8_4_TLDS0_UIIDU0_UMLDSA0_UMLDS
B0_UMF0_U64SL1_UIOFGRO0_USFGROn1_VAW1_VSn1_VW2_VWB2_VFLRP0_WSGRA0_WSGRB0_WS32_WG16_16_1_WGM8_WGMTB

reject: VectorWidth must be >= 4 for Int8 or 8bitFloat
rejecting solution 
Cijk_Alik_Bljk_I8II_BH_GB_MT128x64x16_SN_1LDSB0_APM1_AAIGTEn1_AAILTEn1_AAV0_ABV0_ACED0_AF0EM1_AF1EM1_AMAS0_ASE_ASGT_ASLT_ASM_ASAE01_ASBE01_ASCE01_ASDE01_ASEM1_AAC0_BL1_BS1_
CUM0_CDO0_CTDA0_CLR0_DSK0_DRA0_DU16_DULD1_DTLA0_DTLB0_DTVA0_DTVB0_DAF0_DKP0_DVO0_ETSP_EPS1_ELFLR0_EMLL0_FSSC10_F16AI0_F16AIR0_FL0_GLVWA8_GLVWB4_GR2A1_GR2B1_GRCGA1_GRCGB1_GR
CVA1_GRCVB1_GRPM1_GRVW8_GSU1_GSUASB_GSUAA0_GSUSARR1_GSUWGMRR0_GLS0_ISA1201_IU1_IA0_KLA_LEL0_LBSPPA0_LBSPPB0_LPA1_LPB1_LDL1_LR2A1_LR2B1_LRVW1_LW2A1_LW2B1_LWPMn1_LDW0_LT1_FMA
_MIAV0_MTSM64_MTSM1_MDA2_MI_MO40_MVN256_MMFSC_MKFGSU256_MVN0_NR0_NTA0_NTB0_NTC0_NTD0_NEPBS0_NLCA1_NLCB1_ONLL1_OPLV0_PBD0_PFD1_PG2_PSD0_PSLn1_PWCn1_PWLn1_PK0_PKAB0_PAP0_PAPM
0_PGR1_PLR1_PKA0_RK0_SGR1_SIA1_SLW1_SS0_SU0_SUM0_SUS0_SCIU0_SCIUE0_SCIUI1_SCIUPL0_SPO0_SRVW0_SSO0_SVW4_SK0_SKA0_SKXCCM0_SNLL0_TSGRA0_TSGRB0_TT8_4_TLDS0_UIIDU0_UMLDSA0_UMLDS
B0_UMF0_U64SL1_UIOFGRO0_USFGROn1_VAW1_VSn1_VW1_VWB1_VFLRP0_WSGRA0_WSGRB0_WS32_WG16_16_1_WGM8_WGMTB

reject: VectorWidth must be >= 4 for Int8 or 8bitFloat
rejecting solution 
Cijk_Alik_Bljk_I8II_BH_GB_MT128x64x16_SN_1LDSB0_APM1_AAIGTEn1_AAILTEn1_AAV0_ABV0_ACED0_AF0EM1_AF1EM1_AMAS3_ASE_ASGT_ASLT_ASM_ASAE01_ASBE01_ASCE01_ASDE01_ASEM1_AAC0_BL1_BS1_
CUM0_CDO0_CTDA0_CLR0_DSK0_DRA0_DU16_DULD1_DTLA0_DTLB0_DTVA0_DTVB0_DAF0_DKP0_DVO0_ETSP_EPS1_ELFLR0_EMLL0_FSSC10_F16AI0_F16AIR0_FL0_GLVWA8_GLVWB4_GR2A1_GR2B1_GRCGA1_GRCGB1_GR
CVA1_GRCVB1_GRPM1_GRVW8_GSU1_GSUASB_GSUAA0_GSUSARR1_GSUWGMRR0_GLS0_ISA1201_IU1_IA0_KLA_LEL0_LBSPPA0_LBSPPB0_LPA2_LPB2_LDL1_LR2A1_LR2B1_LRVW2_LW2A1_LW2B1_LWPMn1_LDW0_LT1_FMA
_MIAV0_MTSM64_MTSM1_MDA2_MI_MO40_MVN256_MMFSC_MKFGSU256_MVN0_NR0_NTA0_NTB0_NTC0_NTD0_NEPBS0_NLCA1_NLCB1_ONLL1_OPLV0_PBD0_PFD1_PG2_PSD0_PSLn1_PWCn1_PWLn1_PK0_PKAB0_PAP0_PAPM
0_PGR1_PLR1_PKA0_RK0_SGR1_SIA1_SLW1_SS0_SU0_SUM0_SUS0_SCIU0_SCIUE0_SCIUI1_SCIUPL0_SPO0_SRVW0_SSO0_SVW4_SK0_SKA0_SKXCCM0_SNLL0_TSGRA0_TSGRB0_TT8_4_TLDS0_UIIDU0_UMLDSA0_UMLDS
B0_UMF0_U64SL1_UIOFGRO0_USFGROn1_VAW1_VSn1_VW2_VWB2_VFLRP0_WSGRA0_WSGRB0_WS32_WG16_16_1_WGM8_WGMTB

reject: VectorWidth must be >= 4 for Int8 or 8bitFloat
rejecting solution 
Cijk_Alik_Bljk_I8II_BH_GB_MT128x64x16_SN_1LDSB0_APM1_AAIGTEn1_AAILTEn1_AAV0_ABV0_ACED0_AF0EM1_AF1EM1_AMAS0_ASE_ASGT_ASLT_ASM_ASAE01_ASBE01_ASCE01_ASDE01_ASEM1_AAC0_BL1_BS1_
CUM0_CDO0_CTDA0_CLR0_DSK0_DRA0_DU16_DULD1_DTLA0_DTLB0_DTVA0_DTVB0_DAF0_DKP0_DVO0_ETSP_EPS1_ELFLR0_EMLL0_FSSC10_F16AI0_F16AIR0_FL0_GLVWA8_GLVWB4_GR2A1_GR2B1_GRCGA1_GRCGB1_GR
CVA1_GRCVB1_GRPM1_GRVW16_GSU1_GSUASB_GSUAA0_GSUSARR1_GSUWGMRR0_GLS0_ISA1201_IU1_IA0_KLA_LEL0_LBSPPA0_LBSPPB0_LPA1_LPB1_LDL1_LR2A1_LR2B1_LRVW1_LW2A1_LW2B1_LWPMn1_LDW0_LT1_FM
A_MIAV0_MTSM64_MTSM1_MDA2_MI_MO40_MVN256_MMFSC_MKFGSU256_MVN0_NR0_NTA0_NTB0_NTC0_NTD0_NEPBS0_NLCA1_NLCB1_ONLL1_OPLV0_PBD0_PFD1_PG2_PSD0_PSLn1_PWCn1_PWLn1_PK0_PKAB0_PAP0_PAP
M0_PGR1_PLR1_PKA0_RK0_SGR1_SIA1_SLW1_SS0_SU0_SUM0_SUS0_SCIU0_SCIUE0_SCIUI1_SCIUPL0_SPO0_SRVW0_SSO0_SVW4_SK0_SKA0_SKXCCM0_SNLL0_TSGRA0_TSGRB0_TT8_4_TLDS0_UIIDU0_UMLDSA0_UMLD
SB0_UMF0_U64SL1_UIOFGRO0_USFGROn1_VAW1_VSn1_VW1_VWB1_VFLRP0_WSGRA0_WSGRB0_WS32_WG16_16_1_WGM8_WGMTB

reject: VectorWidth must be >= 4 for Int8 or 8bitFloat
rejecting solution 
Cijk_Alik_Bljk_I8II_BH_GB_MT128x64x16_SN_1LDSB0_APM1_AAIGTEn1_AAILTEn1_AAV0_ABV0_ACED0_AF0EM1_AF1EM1_AMAS3_ASE_ASGT_ASLT_ASM_ASAE01_ASBE01_ASCE01_ASDE01_ASEM1_AAC0_BL1_BS1_
CUM0_CDO0_CTDA0_CLR0_DSK0_DRA0_DU16_DULD1_DTLA0_DTLB0_DTVA0_DTVB0_DAF0_DKP0_DVO0_ETSP_EPS1_ELFLR0_EMLL0_FSSC10_F16AI0_F16AIR0_FL0_GLVWA8_GLVWB4_GR2A1_GR2B1_GRCGA1_GRCGB1_GR
CVA1_GRCVB1_GRPM1_GRVW16_GSU1_GSUASB_GSUAA0_GSUSARR1_GSUWGMRR0_GLS0_ISA1201_IU1_IA0_KLA_LEL0_LBSPPA0_LBSPPB0_LPA2_LPB2_LDL1_LR2A1_LR2B1_LRVW2_LW2A1_LW2B1_LWPMn1_LDW0_LT1_FM
A_MIAV0_MTSM64_MTSM1_MDA2_MI_MO40_MVN256_MMFSC_MKFGSU256_MVN0_NR0_NTA0_NTB0_NTC0_NTD0_NEPBS0_NLCA1_NLCB1_ONLL1_OPLV0_PBD0_PFD1_PG2_PSD0_PSLn1_PWCn1_PWLn1_PK0_PKAB0_PAP0_PAP
M0_PGR1_PLR1_PKA0_RK0_SGR1_SIA1_SLW1_SS0_SU0_SUM0_SUS0_SCIU0_SCIUE0_SCIUI1_SCIUPL0_SPO0_SRVW0_SSO0_SVW4_SK0_SKA0_SKXCCM0_SNLL0_TSGRA0_TSGRB0_TT8_4_TLDS0_UIIDU0_UMLDSA0_UMLD
SB0_UMF0_U64SL1_UIOFGRO0_USFGROn1_VAW1_VSn1_VW2_VWB2_VFLRP0_WSGRA0_WSGRB0_WS32_WG16_16_1_WGM8_WGMTB

reject: VectorWidth must be >= 4 for Int8 or 8bitFloat
rejecting solution 
Cijk_Alik_Bljk_I8II_BH_GB_MT128x64x16_SN_1LDSB0_APM1_AAIGTEn1_AAILTEn1_AAV0_ABV0_ACED0_AF0EM1_AF1EM1_AMAS0_ASE_ASGT_ASLT_ASM_ASAE01_ASBE01_ASCE01_ASDE01_ASEM1_AAC0_BL1_BS1_
CUM0_CDO0_CTDA0_CLR0_DSK0_DRA0_DU16_DULD1_DTLA0_DTLB0_DTVA0_DTVB0_DAF0_DKP0_DVO0_ETSP_EPS1_ELFLR0_EMLL0_FSSC10_F16AI0_F16AIR0_FL0_GLVWA4_GLVWB4_GR2A1_GR2B1_GRCGA1_GRCGB1_GR
CVA1_GRCVB1_GRPM1_GRVW4_GSU1_GSUASB_GSUAA0_GSUSARR1_GSUWGMRR0_GLS0_ISA1201_IU1_IA0_KLA_LEL0_LBSPPA0_LBSPPB0_LPA1_LPB1_LDL1_LR2A1_LR2B1_LRVW1_LW2A1_LW2B1_LWPMn1_LDW0_LT1_FMA
_MIAV0_MTSM64_MTSM1_MDA2_MI_MO40_MVN256_MMFSC_MKFGSU256_MVN0_NR0_NTA0_NTB0_NTC0_NTD0_NEPBS0_NLCA1_NLCB1_ONLL1_OPLV0_PBD0_PFD1_PG2_PSD0_PSLn1_PWCn1_PWLn1_PK0_PKAB0_PAP0_PAPM
0_PGR1_PLR1_PKA0_RK0_SGR1_SIA1_SLW1_SS0_SU32_SUM0_SUS256_SCIU0_SCIUE0_SCIUI1_SCIUPL0_SPO0_SRVW0_SSO0_SVW4_SK0_SKA0_SKXCCM0_SNLL0_TSGRA0_TSGRB0_TT8_4_TLDS0_UIIDU0_UMLDSA0_UM
LDSB0_UMF0_U64SL1_UIOFGRO0_USFGROn1_VAW1_VSn1_VW1_VWB1_VFLRP0_WSGRA0_WSGRB0_WS32_WG16_16_1_WGM8_WGMTB

reject: VectorWidth must be >= 4 for Int8 or 8bitFloat
rejecting solution 
Cijk_Alik_Bljk_I8II_BH_GB_MT128x64x16_SN_1LDSB0_APM1_AAIGTEn1_AAILTEn1_AAV0_ABV0_ACED0_AF0EM1_AF1EM1_AMAS3_ASE_ASGT_ASLT_ASM_ASAE01_ASBE01_ASCE01_ASDE01_ASEM1_AAC0_BL1_BS1_
CUM0_CDO0_CTDA0_CLR0_DSK0_DRA0_DU16_DULD1_DTLA0_DTLB0_DTVA0_DTVB0_DAF0_DKP0_DVO0_ETSP_EPS1_ELFLR0_EMLL0_FSSC10_F16AI0_F16AIR0_FL0_GLVWA4_GLVWB4_GR2A1_GR2B1_GRCGA1_GRCGB1_GR
CVA1_GRCVB1_GRPM1_GRVW4_GSU1_GSUASB_GSUAA0_GSUSARR1_GSUWGMRR0_GLS0_ISA1201_IU1_IA0_KLA_LEL0_LBSPPA0_LBSPPB0_LPA2_LPB2_LDL1_LR2A1_LR2B1_LRVW2_LW2A1_LW2B1_LWPMn1_LDW0_LT1_FMA
_MIAV0_MTSM64_MTSM1_MDA2_MI_MO40_MVN256_MMFSC_MKFGSU256_MVN0_NR0_NTA0_NTB0_NTC0_NTD0_NEPBS0_NLCA1_NLCB1_ONLL1_OPLV0_PBD0_PFD1_PG2_PSD0_PSLn1_PWCn1_PWLn1_PK0_PKAB0_PAP0_PAPM
0_PGR1_PLR1_PKA0_RK0_SGR1_SIA1_SLW1_SS0_SU32_SUM0_SUS256_SCIU0_SCIUE0_SCIUI1_SCIUPL0_SPO0_SRVW0_SSO0_SVW4_SK0_SKA0_SKXCCM0_SNLL0_TSGRA0_TSGRB0_TT8_4_TLDS0_UIIDU0_UMLDSA0_UM
LDSB0_UMF0_U64SL1_UIOFGRO0_USFGROn1_VAW1_VSn1_VW2_VWB2_VFLRP0_WSGRA0_WSGRB0_WS32_WG16_16_1_WGM8_WGMTB

reject: VectorWidth must be >= 4 for Int8 or 8bitFloat
rejecting solution 
Cijk_Alik_Bljk_I8II_BH_GB_MT128x64x16_SN_1LDSB0_APM1_AAIGTEn1_AAILTEn1_AAV0_ABV0_ACED0_AF0EM1_AF1EM1_AMAS0_ASE_ASGT_ASLT_ASM_ASAE01_ASBE01_ASCE01_ASDE01_ASEM1_AAC0_BL1_BS1_
CUM0_CDO0_CTDA0_CLR0_DSK0_DRA0_DU16_DULD1_DTLA0_DTLB0_DTVA0_DTVB0_DAF0_DKP0_DVO0_ETSP_EPS1_ELFLR0_EMLL0_FSSC10_F16AI0_F16AIR0_FL0_GLVWA8_GLVWB4_GR2A1_GR2B1_GRCGA1_GRCGB1_GR
CVA1_GRCVB1_GRPM1_GRVW8_GSU1_GSUASB_GSUAA0_GSUSARR1_GSUWGMRR0_GLS0_ISA1201_IU1_IA0_KLA_LEL0_LBSPPA0_LBSPPB0_LPA1_LPB1_LDL1_LR2A1_LR2B1_LRVW1_LW2A1_LW2B1_LWPMn1_LDW0_LT1_FMA
_MIAV0_MTSM64_MTSM1_MDA2_MI_MO40_MVN256_MMFSC_MKFGSU256_MVN0_NR0_NTA0_NTB0_NTC0_NTD0_NEPBS0_NLCA1_NLCB1_ONLL1_OPLV0_PBD0_PFD1_PG2_PSD0_PSLn1_PWCn1_PWLn1_PK0_PKAB0_PAP0_PAPM
0_PGR1_PLR1_PKA0_RK0_SGR1_SIA1_SLW1_SS0_SU32_SUM0_SUS256_SCIU0_SCIUE0_SCIUI1_SCIUPL0_SPO0_SRVW0_SSO0_SVW4_SK0_SKA0_SKXCCM0_SNLL0_TSGRA0_TSGRB0_TT8_4_TLDS0_UIIDU0_UMLDSA0_UM
LDSB0_UMF0_U64SL1_UIOFGRO0_USFGROn1_VAW1_VSn1_VW1_VWB1_VFLRP0_WSGRA0_WSGRB0_WS32_WG16_16_1_WGM8_WGMTB

reject: VectorWidth must be >= 4 for Int8 or 8bitFloat
rejecting solution 
Cijk_Alik_Bljk_I8II_BH_GB_MT128x64x16_SN_1LDSB0_APM1_AAIGTEn1_AAILTEn1_AAV0_ABV0_ACED0_AF0EM1_AF1EM1_AMAS3_ASE_ASGT_ASLT_ASM_ASAE01_ASBE01_ASCE01_ASDE01_ASEM1_AAC0_BL1_BS1_
CUM0_CDO0_CTDA0_CLR0_DSK0_DRA0_DU16_DULD1_DTLA0_DTLB0_DTVA0_DTVB0_DAF0_DKP0_DVO0_ETSP_EPS1_ELFLR0_EMLL0_FSSC10_F16AI0_F16AIR0_FL0_GLVWA8_GLVWB4_GR2A1_GR2B1_GRCGA1_GRCGB1_GR
CVA1_GRCVB1_GRPM1_GRVW8_GSU1_GSUASB_GSUAA0_GSUSARR1_GSUWGMRR0_GLS0_ISA1201_IU1_IA0_KLA_LEL0_LBSPPA0_LBSPPB0_LPA2_LPB2_LDL1_LR2A1_LR2B1_LRVW2_LW2A1_LW2B1_LWPMn1_LDW0_LT1_FMA
_MIAV0_MTSM64_MTSM1_MDA2_MI_MO40_MVN256_MMFSC_MKFGSU256_MVN0_NR0_NTA0_NTB0_NTC0_NTD0_NEPBS0_NLCA1_NLCB1_ONLL1_OPLV0_PBD0_PFD1_PG2_PSD0_PSLn1_PWCn1_PWLn1_PK0_PKAB0_PAP0_PAPM
0_PGR1_PLR1_PKA0_RK0_SGR1_SIA1_SLW1_SS0_SU32_SUM0_SUS256_SCIU0_SCIUE0_SCIUI1_SCIUPL0_SPO0_SRVW0_SSO0_SVW4_SK0_SKA0_SKXCCM0_SNLL0_TSGRA0_TSGRB0_TT8_4_TLDS0_UIIDU0_UMLDSA0_UM
LDSB0_UMF0_U64SL1_UIOFGRO0_USFGROn1_VAW1_VSn1_VW2_VWB2_VFLRP0_WSGRA0_WSGRB0_WS32_WG16_16_1_WGM8_WGMTB

reject: VectorWidth must be >= 4 for Int8 or 8bitFloat
rejecting solution 
Cijk_Alik_Bljk_I8II_BH_GB_MT128x64x16_SN_1LDSB0_APM1_AAIGTEn1_AAILTEn1_AAV0_ABV0_ACED0_AF0EM1_AF1EM1_AMAS0_ASE_ASGT_ASLT_ASM_ASAE01_ASBE01_ASCE01_ASDE01_ASEM1_AAC0_BL1_BS1_
CUM0_CDO0_CTDA0_CLR0_DSK0_DRA0_DU16_DULD1_DTLA0_DTLB0_DTVA0_DTVB0_DAF0_DKP0_DVO0_ETSP_EPS1_ELFLR0_EMLL0_FSSC10_F16AI0_F16AIR0_FL0_GLVWA8_GLVWB4_GR2A1_GR2B1_GRCGA1_GRCGB1_GR
CVA1_GRCVB1_GRPM1_GRVW16_GSU1_GSUASB_GSUAA0_GSUSARR1_GSUWGMRR0_GLS0_ISA1201_IU1_IA0_KLA_LEL0_LBSPPA0_LBSPPB0_LPA1_LPB1_LDL1_LR2A1_LR2B1_LRVW1_LW2A1_LW2B1_LWPMn1_LDW0_LT1_FM
A_MIAV0_MTSM64_MTSM1_MDA2_MI_MO40_MVN256_MMFSC_MKFGSU256_MVN0_NR0_NTA0_NTB0_NTC0_NTD0_NEPBS0_NLCA1_NLCB1_ONLL1_OPLV0_PBD0_PFD1_PG2_PSD0_PSLn1_PWCn1_PWLn1_PK0_PKAB0_PAP0_PAP
M0_PGR1_PLR1_PKA0_RK0_SGR1_SIA1_SLW1_SS0_SU32_SUM0_SUS256_SCIU0_SCIUE0_SCIUI1_SCIUPL0_SPO0_SRVW0_SSO0_SVW4_SK0_SKA0_SKXCCM0_SNLL0_TSGRA0_TSGRB0_TT8_4_TLDS0_UIIDU0_UMLDSA0_U
MLDSB0_UMF0_U64SL1_UIOFGRO0_USFGROn1_VAW1_VSn1_VW1_VWB1_VFLRP0_WSGRA0_WSGRB0_WS32_WG16_16_1_WGM8_WGMTB

reject: VectorWidth must be >= 4 for Int8 or 8bitFloat
rejecting solution 
Cijk_Alik_Bljk_I8II_BH_GB_MT128x64x16_SN_1LDSB0_APM1_AAIGTEn1_AAILTEn1_AAV0_ABV0_ACED0_AF0EM1_AF1EM1_AMAS3_ASE_ASGT_ASLT_ASM_ASAE01_ASBE01_ASCE01_ASDE01_ASEM1_AAC0_BL1_BS1_
CUM0_CDO0_CTDA0_CLR0_DSK0_DRA0_DU16_DULD1_DTLA0_DTLB0_DTVA0_DTVB0_DAF0_DKP0_DVO0_ETSP_EPS1_ELFLR0_EMLL0_FSSC10_F16AI0_F16AIR0_FL0_GLVWA8_GLVWB4_GR2A1_GR2B1_GRCGA1_GRCGB1_GR
CVA1_GRCVB1_GRPM1_GRVW16_GSU1_GSUASB_GSUAA0_GSUSARR1_GSUWGMRR0_GLS0_ISA1201_IU1_IA0_KLA_LEL0_LBSPPA0_LBSPPB0_LPA2_LPB2_LDL1_LR2A1_LR2B1_LRVW2_LW2A1_LW2B1_LWPMn1_LDW0_LT1_FM
A_MIAV0_MTSM64_MTSM1_MDA2_MI_MO40_MVN256_MMFSC_MKFGSU256_MVN0_NR0_NTA0_NTB0_NTC0_NTD0_NEPBS0_NLCA1_NLCB1_ONLL1_OPLV0_PBD0_PFD1_PG2_PSD0_PSLn1_PWCn1_PWLn1_PK0_PKAB0_PAP0_PAP
M0_PGR1_PLR1_PKA0_RK0_SGR1_SIA1_SLW1_SS0_SU32_SUM0_SUS256_SCIU0_SCIUE0_SCIUI1_SCIUPL0_SPO0_SRVW0_SSO0_SVW4_SK0_SKA0_SKXCCM0_SNLL0_TSGRA0_TSGRB0_TT8_4_TLDS0_UIIDU0_UMLDSA0_U
MLDSB0_UMF0_U64SL1_UIOFGRO0_USFGROn1_VAW1_VSn1_VW2_VWB2_VFLRP0_WSGRA0_WSGRB0_WS32_WG16_16_1_WGM8_WGMTB

reject: VectorWidth must be >= 4 for Int8 or 8bitFloat
rejecting solution 
Cijk_Alik_Bljk_I8II_BH_GB_MT64x128x16_SN_1LDSB0_APM1_AAIGTEn1_AAILTEn1_AAV0_ABV0_ACED0_AF0EM1_AF1EM1_AMAS0_ASE_ASGT_ASLT_ASM_ASAE01_ASBE01_ASCE01_ASDE01_ASEM1_AAC0_BL1_BS1_
CUM0_CDO0_CTDA0_CLR0_DSK0_DRA0_DU16_DULD1_DTLA0_DTLB0_DTVA0_DTVB0_DAF0_DKP0_DVO0_ETSP_EPS1_ELFLR0_EMLL0_FSSC10_F16AI0_F16AIR0_FL0_GLVWA4_GLVWB4_GR2A1_GR2B1_GRCGA1_GRCGB1_GR
CVA1_GRCVB1_GRPM1_GRVW4_GSU1_GSUASB_GSUAA0_GSUSARR1_GSUWGMRR0_GLS0_ISA1201_IU1_IA0_KLA_LEL0_LBSPPA0_LBSPPB0_LPA1_LPB1_LDL1_LR2A1_LR2B1_LRVW1_LW2A1_LW2B1_LWPMn1_LDW0_LT1_FMA
_MIAV0_MTSM64_MTSM1_MDA2_MI_MO40_MVN256_MMFSC_MKFGSU256_MVN0_NR0_NTA0_NTB0_NTC0_NTD0_NEPBS0_NLCA1_NLCB1_ONLL1_OPLV0_PBD0_PFD1_PG2_PSD0_PSLn1_PWCn1_PWLn1_PK0_PKAB0_PAP0_PAPM
0_PGR1_PLR1_PKA0_RK0_SGR1_SIA1_SLW1_SS0_SU0_SUM0_SUS0_SCIU0_SCIUE0_SCIUI1_SCIUPL0_SPO0_SRVW0_SSO0_SVW4_SK0_SKA0_SKXCCM0_SNLL0_TSGRA0_TSGRB0_TT4_8_TLDS0_UIIDU0_UMLDSA0_UMLDS
B0_UMF0_U64SL1_UIOFGRO0_USFGROn1_VAW1_VSn1_VW1_VWB1_VFLRP0_WSGRA0_WSGRB0_WS32_WG16_16_1_WGM8_WGMTB

reject: VectorWidth must be >= 4 for Int8 or 8bitFloat
rejecting solution 
Cijk_Alik_Bljk_I8II_BH_GB_MT64x128x16_SN_1LDSB0_APM1_AAIGTEn1_AAILTEn1_AAV0_ABV0_ACED0_AF0EM1_AF1EM1_AMAS3_ASE_ASGT_ASLT_ASM_ASAE01_ASBE01_ASCE01_ASDE01_ASEM1_AAC0_BL1_BS1_
CUM0_CDO0_CTDA0_CLR0_DSK0_DRA0_DU16_DULD1_DTLA0_DTLB0_DTVA0_DTVB0_DAF0_DKP0_DVO0_ETSP_EPS1_ELFLR0_EMLL0_FSSC10_F16AI0_F16AIR0_FL0_GLVWA4_GLVWB4_GR2A1_GR2B1_GRCGA1_GRCGB1_GR
CVA1_GRCVB1_GRPM1_GRVW4_GSU1_GSUASB_GSUAA0_GSUSARR1_GSUWGMRR0_GLS0_ISA1201_IU1_IA0_KLA_LEL0_LBSPPA0_LBSPPB0_LPA2_LPB2_LDL1_LR2A1_LR2B1_LRVW2_LW2A1_LW2B1_LWPMn1_LDW0_LT1_FMA
_MIAV0_MTSM64_MTSM1_MDA2_MI_MO40_MVN256_MMFSC_MKFGSU256_MVN0_NR0_NTA0_NTB0_NTC0_NTD0_NEPBS0_NLCA1_NLCB1_ONLL1_OPLV0_PBD0_PFD1_PG2_PSD0_PSLn1_PWCn1_PWLn1_PK0_PKAB0_PAP0_PAPM
0_PGR1_PLR1_PKA0_RK0_SGR1_SIA1_SLW1_SS0_SU0_SUM0_SUS0_SCIU0_SCIUE0_SCIUI1_SCIUPL0_SPO0_SRVW0_SSO0_SVW4_SK0_SKA0_SKXCCM0_SNLL0_TSGRA0_TSGRB0_TT4_8_TLDS0_UIIDU0_UMLDSA0_UMLDS
B0_UMF0_U64SL1_UIOFGRO0_USFGROn1_VAW1_VSn1_VW2_VWB2_VFLRP0_WSGRA0_WSGRB0_WS32_WG16_16_1_WGM8_WGMTB

reject: VectorWidth must be >= 4 for Int8 or 8bitFloat
rejecting solution 
Cijk_Alik_Bljk_I8II_BH_GB_MT64x128x16_SN_1LDSB0_APM1_AAIGTEn1_AAILTEn1_AAV0_ABV0_ACED0_AF0EM1_AF1EM1_AMAS0_ASE_ASGT_ASLT_ASM_ASAE01_ASBE01_ASCE01_ASDE01_ASEM1_AAC0_BL1_BS1_
CUM0_CDO0_CTDA0_CLR0_DSK0_DRA0_DU16_DULD1_DTLA0_DTLB0_DTVA0_DTVB0_DAF0_DKP0_DVO0_ETSP_EPS1_ELFLR0_EMLL0_FSSC10_F16AI0_F16AIR0_FL0_GLVWA4_GLVWB8_GR2A1_GR2B1_GRCGA1_GRCGB1_GR
CVA1_GRCVB1_GRPM1_GRVW8_GSU1_GSUASB_GSUAA0_GSUSARR1_GSUWGMRR0_GLS0_ISA1201_IU1_IA0_KLA_LEL0_LBSPPA0_LBSPPB0_LPA1_LPB1_LDL1_LR2A1_LR2B1_LRVW1_LW2A1_LW2B1_LWPMn1_LDW0_LT1_FMA
_MIAV0_MTSM64_MTSM1_MDA2_MI_MO40_MVN256_MMFSC_MKFGSU256_MVN0_NR0_NTA0_NTB0_NTC0_NTD0_NEPBS0_NLCA1_NLCB1_ONLL1_OPLV0_PBD0_PFD1_PG2_PSD0_PSLn1_PWCn1_PWLn1_PK0_PKAB0_PAP0_PAPM
0_PGR1_PLR1_PKA0_RK0_SGR1_SIA1_SLW1_SS0_SU0_SUM0_SUS0_SCIU0_SCIUE0_SCIUI1_SCIUPL0_SPO0_SRVW0_SSO0_SVW4_SK0_SKA0_SKXCCM0_SNLL0_TSGRA0_TSGRB0_TT4_8_TLDS0_UIIDU0_UMLDSA0_UMLDS
B0_UMF0_U64SL1_UIOFGRO0_USFGROn1_VAW1_VSn1_VW1_VWB1_VFLRP0_WSGRA0_WSGRB0_WS32_WG16_16_1_WGM8_WGMTB

reject: VectorWidth must be >= 4 for Int8 or 8bitFloat
rejecting solution 
Cijk_Alik_Bljk_I8II_BH_GB_MT64x128x16_SN_1LDSB0_APM1_AAIGTEn1_AAILTEn1_AAV0_ABV0_ACED0_AF0EM1_AF1EM1_AMAS3_ASE_ASGT_ASLT_ASM_ASAE01_ASBE01_ASCE01_ASDE01_ASEM1_AAC0_BL1_BS1_
CUM0_CDO0_CTDA0_CLR0_DSK0_DRA0_DU16_DULD1_DTLA0_DTLB0_DTVA0_DTVB0_DAF0_DKP0_DVO0_ETSP_EPS1_ELFLR0_EMLL0_FSSC10_F16AI0_F16AIR0_FL0_GLVWA4_GLVWB8_GR2A1_GR2B1_GRCGA1_GRCGB1_GR
CVA1_GRCVB1_GRPM1_GRVW8_GSU1_GSUASB_GSUAA0_GSUSARR1_GSUWGMRR0_GLS0_ISA1201_IU1_IA0_KLA_LEL0_LBSPPA0_LBSPPB0_LPA2_LPB2_LDL1_LR2A1_LR2B1_LRVW2_LW2A1_LW2B1_LWPMn1_LDW0_LT1_FMA
_MIAV0_MTSM64_MTSM1_MDA2_MI_MO40_MVN256_MMFSC_MKFGSU256_MVN0_NR0_NTA0_NTB0_NTC0_NTD0_NEPBS0_NLCA1_NLCB1_ONLL1_OPLV0_PBD0_PFD1_PG2_PSD0_PSLn1_PWCn1_PWLn1_PK0_PKAB0_PAP0_PAPM
0_PGR1_PLR1_PKA0_RK0_SGR1_SIA1_SLW1_SS0_SU0_SUM0_SUS0_SCIU0_SCIUE0_SCIUI1_SCIUPL0_SPO0_SRVW0_SSO0_SVW4_SK0_SKA0_SKXCCM0_SNLL0_TSGRA0_TSGRB0_TT4_8_TLDS0_UIIDU0_UMLDSA0_UMLDS
B0_UMF0_U64SL1_UIOFGRO0_USFGROn1_VAW1_VSn1_VW2_VWB2_VFLRP0_WSGRA0_WSGRB0_WS32_WG16_16_1_WGM8_WGMTB

reject: VectorWidth must be >= 4 for Int8 or 8bitFloat
rejecting solution 
Cijk_Alik_Bljk_I8II_BH_GB_MT64x128x16_SN_1LDSB0_APM1_AAIGTEn1_AAILTEn1_AAV0_ABV0_ACED0_AF0EM1_AF1EM1_AMAS0_ASE_ASGT_ASLT_ASM_ASAE01_ASBE01_ASCE01_ASDE01_ASEM1_AAC0_BL1_BS1_
CUM0_CDO0_CTDA0_CLR0_DSK0_DRA0_DU16_DULD1_DTLA0_DTLB0_DTVA0_DTVB0_DAF0_DKP0_DVO0_ETSP_EPS1_ELFLR0_EMLL0_FSSC10_F16AI0_F16AIR0_FL0_GLVWA4_GLVWB8_GR2A1_GR2B1_GRCGA1_GRCGB1_GR
CVA1_GRCVB1_GRPM1_GRVW16_GSU1_GSUASB_GSUAA0_GSUSARR1_GSUWGMRR0_GLS0_ISA1201_IU1_IA0_KLA_LEL0_LBSPPA0_LBSPPB0_LPA1_LPB1_LDL1_LR2A1_LR2B1_LRVW1_LW2A1_LW2B1_LWPMn1_LDW0_LT1_FM
A_MIAV0_MTSM64_MTSM1_MDA2_MI_MO40_MVN256_MMFSC_MKFGSU256_MVN0_NR0_NTA0_NTB0_NTC0_NTD0_NEPBS0_NLCA1_NLCB1_ONLL1_OPLV0_PBD0_PFD1_PG2_PSD0_PSLn1_PWCn1_PWLn1_PK0_PKAB0_PAP0_PAP
M0_PGR1_PLR1_PKA0_RK0_SGR1_SIA1_SLW1_SS0_SU0_SUM0_SUS0_SCIU0_SCIUE0_SCIUI1_SCIUPL0_SPO0_SRVW0_SSO0_SVW4_SK0_SKA0_SKXCCM0_SNLL0_TSGRA0_TSGRB0_TT4_8_TLDS0_UIIDU0_UMLDSA0_UMLD
SB0_UMF0_U64SL1_UIOFGRO0_USFGROn1_VAW1_VSn1_VW1_VWB1_VFLRP0_WSGRA0_WSGRB0_WS32_WG16_16_1_WGM8_WGMTB

reject: VectorWidth must be >= 4 for Int8 or 8bitFloat
rejecting solution 
Cijk_Alik_Bljk_I8II_BH_GB_MT64x128x16_SN_1LDSB0_APM1_AAIGTEn1_AAILTEn1_AAV0_ABV0_ACED0_AF0EM1_AF1EM1_AMAS3_ASE_ASGT_ASLT_ASM_ASAE01_ASBE01_ASCE01_ASDE01_ASEM1_AAC0_BL1_BS1_
CUM0_CDO0_CTDA0_CLR0_DSK0_DRA0_DU16_DULD1_DTLA0_DTLB0_DTVA0_DTVB0_DAF0_DKP0_DVO0_ETSP_EPS1_ELFLR0_EMLL0_FSSC10_F16AI0_F16AIR0_FL0_GLVWA4_GLVWB8_GR2A1_GR2B1_GRCGA1_GRCGB1_GR
CVA1_GRCVB1_GRPM1_GRVW16_GSU1_GSUASB_GSUAA0_GSUSARR1_GSUWGMRR0_GLS0_ISA1201_IU1_IA0_KLA_LEL0_LBSPPA0_LBSPPB0_LPA2_LPB2_LDL1_LR2A1_LR2B1_LRVW2_LW2A1_LW2B1_LWPMn1_LDW0_LT1_FM
A_MIAV0_MTSM64_MTSM1_MDA2_MI_MO40_MVN256_MMFSC_MKFGSU256_MVN0_NR0_NTA0_NTB0_NTC0_NTD0_NEPBS0_NLCA1_NLCB1_ONLL1_OPLV0_PBD0_PFD1_PG2_PSD0_PSLn1_PWCn1_PWLn1_PK0_PKAB0_PAP0_PAP
M0_PGR1_PLR1_PKA0_RK0_SGR1_SIA1_SLW1_SS0_SU0_SUM0_SUS0_SCIU0_SCIUE0_SCIUI1_SCIUPL0_SPO0_SRVW0_SSO0_SVW4_SK0_SKA0_SKXCCM0_SNLL0_TSGRA0_TSGRB0_TT4_8_TLDS0_UIIDU0_UMLDSA0_UMLD
SB0_UMF0_U64SL1_UIOFGRO0_USFGROn1_VAW1_VSn1_VW2_VWB2_VFLRP0_WSGRA0_WSGRB0_WS32_WG16_16_1_WGM8_WGMTB

reject: VectorWidth must be >= 4 for Int8 or 8bitFloat
rejecting solution 
Cijk_Alik_Bljk_I8II_BH_GB_MT64x128x16_SN_1LDSB0_APM1_AAIGTEn1_AAILTEn1_AAV0_ABV0_ACED0_AF0EM1_AF1EM1_AMAS0_ASE_ASGT_ASLT_ASM_ASAE01_ASBE01_ASCE01_ASDE01_ASEM1_AAC0_BL1_BS1_
CUM0_CDO0_CTDA0_CLR0_DSK0_DRA0_DU16_DULD1_DTLA0_DTLB0_DTVA0_DTVB0_DAF0_DKP0_DVO0_ETSP_EPS1_ELFLR0_EMLL0_FSSC10_F16AI0_F16AIR0_FL0_GLVWA4_GLVWB4_GR2A1_GR2B1_GRCGA1_GRCGB1_GR
CVA1_GRCVB1_GRPM1_GRVW4_GSU1_GSUASB_GSUAA0_GSUSARR1_GSUWGMRR0_GLS0_ISA1201_IU1_IA0_KLA_LEL0_LBSPPA0_LBSPPB0_LPA1_LPB1_LDL1_LR2A1_LR2B1_LRVW1_LW2A1_LW2B1_LWPMn1_LDW0_LT1_FMA
_MIAV0_MTSM64_MTSM1_MDA2_MI_MO40_MVN256_MMFSC_MKFGSU256_MVN0_NR0_NTA0_NTB0_NTC0_NTD0_NEPBS0_NLCA1_NLCB1_ONLL1_OPLV0_PBD0_PFD1_PG2_PSD0_PSLn1_PWCn1_PWLn1_PK0_PKAB0_PAP0_PAPM
0_PGR1_PLR1_PKA0_RK0_SGR1_SIA1_SLW1_SS0_SU32_SUM0_SUS256_SCIU0_SCIUE0_SCIUI1_SCIUPL0_SPO0_SRVW0_SSO0_SVW4_SK0_SKA0_SKXCCM0_SNLL0_TSGRA0_TSGRB0_TT4_8_TLDS0_UIIDU0_UMLDSA0_UM
LDSB0_UMF0_U64SL1_UIOFGRO0_USFGROn1_VAW1_VSn1_VW1_VWB1_VFLRP0_WSGRA0_WSGRB0_WS32_WG16_16_1_WGM8_WGMTB

reject: VectorWidth must be >= 4 for Int8 or 8bitFloat
rejecting solution 
Cijk_Alik_Bljk_I8II_BH_GB_MT64x128x16_SN_1LDSB0_APM1_AAIGTEn1_AAILTEn1_AAV0_ABV0_ACED0_AF0EM1_AF1EM1_AMAS3_ASE_ASGT_ASLT_ASM_ASAE01_ASBE01_ASCE01_ASDE01_ASEM1_AAC0_BL1_BS1_
CUM0_CDO0_CTDA0_CLR0_DSK0_DRA0_DU16_DULD1_DTLA0_DTLB0_DTVA0_DTVB0_DAF0_DKP0_DVO0_ETSP_EPS1_ELFLR0_EMLL0_FSSC10_F16AI0_F16AIR0_FL0_GLVWA4_GLVWB4_GR2A1_GR2B1_GRCGA1_GRCGB1_GR
CVA1_GRCVB1_GRPM1_GRVW4_GSU1_GSUASB_GSUAA0_GSUSARR1_GSUWGMRR0_GLS0_ISA1201_IU1_IA0_KLA_LEL0_LBSPPA0_LBSPPB0_LPA2_LPB2_LDL1_LR2A1_LR2B1_LRVW2_LW2A1_LW2B1_LWPMn1_LDW0_LT1_FMA
_MIAV0_MTSM64_MTSM1_MDA2_MI_MO40_MVN256_MMFSC_MKFGSU256_MVN0_NR0_NTA0_NTB0_NTC0_NTD0_NEPBS0_NLCA1_NLCB1_ONLL1_OPLV0_PBD0_PFD1_PG2_PSD0_PSLn1_PWCn1_PWLn1_PK0_PKAB0_PAP0_PAPM
0_PGR1_PLR1_PKA0_RK0_SGR1_SIA1_SLW1_SS0_SU32_SUM0_SUS256_SCIU0_SCIUE0_SCIUI1_SCIUPL0_SPO0_SRVW0_SSO0_SVW4_SK0_SKA0_SKXCCM0_SNLL0_TSGRA0_TSGRB0_TT4_8_TLDS0_UIIDU0_UMLDSA0_UM
LDSB0_UMF0_U64SL1_UIOFGRO0_USFGROn1_VAW1_VSn1_VW2_VWB2_VFLRP0_WSGRA0_WSGRB0_WS32_WG16_16_1_WGM8_WGMTB

reject: VectorWidth must be >= 4 for Int8 or 8bitFloat
rejecting solution 
Cijk_Alik_Bljk_I8II_BH_GB_MT64x128x16_SN_1LDSB0_APM1_AAIGTEn1_AAILTEn1_AAV0_ABV0_ACED0_AF0EM1_AF1EM1_AMAS0_ASE_ASGT_ASLT_ASM_ASAE01_ASBE01_ASCE01_ASDE01_ASEM1_AAC0_BL1_BS1_
CUM0_CDO0_CTDA0_CLR0_DSK0_DRA0_DU16_DULD1_DTLA0_DTLB0_DTVA0_DTVB0_DAF0_DKP0_DVO0_ETSP_EPS1_ELFLR0_EMLL0_FSSC10_F16AI0_F16AIR0_FL0_GLVWA4_GLVWB8_GR2A1_GR2B1_GRCGA1_GRCGB1_GR
CVA1_GRCVB1_GRPM1_GRVW8_GSU1_GSUASB_GSUAA0_GSUSARR1_GSUWGMRR0_GLS0_ISA1201_IU1_IA0_KLA_LEL0_LBSPPA0_LBSPPB0_LPA1_LPB1_LDL1_LR2A1_LR2B1_LRVW1_LW2A1_LW2B1_LWPMn1_LDW0_LT1_FMA
_MIAV0_MTSM64_MTSM1_MDA2_MI_MO40_MVN256_MMFSC_MKFGSU256_MVN0_NR0_NTA0_NTB0_NTC0_NTD0_NEPBS0_NLCA1_NLCB1_ONLL1_OPLV0_PBD0_PFD1_PG2_PSD0_PSLn1_PWCn1_PWLn1_PK0_PKAB0_PAP0_PAPM
0_PGR1_PLR1_PKA0_RK0_SGR1_SIA1_SLW1_SS0_SU32_SUM0_SUS256_SCIU0_SCIUE0_SCIUI1_SCIUPL0_SPO0_SRVW0_SSO0_SVW4_SK0_SKA0_SKXCCM0_SNLL0_TSGRA0_TSGRB0_TT4_8_TLDS0_UIIDU0_UMLDSA0_UM
LDSB0_UMF0_U64SL1_UIOFGRO0_USFGROn1_VAW1_VSn1_VW1_VWB1_VFLRP0_WSGRA0_WSGRB0_WS32_WG16_16_1_WGM8_WGMTB

reject: VectorWidth must be >= 4 for Int8 or 8bitFloat
rejecting solution 
Cijk_Alik_Bljk_I8II_BH_GB_MT64x128x16_SN_1LDSB0_APM1_AAIGTEn1_AAILTEn1_AAV0_ABV0_ACED0_AF0EM1_AF1EM1_AMAS3_ASE_ASGT_ASLT_ASM_ASAE01_ASBE01_ASCE01_ASDE01_ASEM1_AAC0_BL1_BS1_
CUM0_CDO0_CTDA0_CLR0_DSK0_DRA0_DU16_DULD1_DTLA0_DTLB0_DTVA0_DTVB0_DAF0_DKP0_DVO0_ETSP_EPS1_ELFLR0_EMLL0_FSSC10_F16AI0_F16AIR0_FL0_GLVWA4_GLVWB8_GR2A1_GR2B1_GRCGA1_GRCGB1_GR
CVA1_GRCVB1_GRPM1_GRVW8_GSU1_GSUASB_GSUAA0_GSUSARR1_GSUWGMRR0_GLS0_ISA1201_IU1_IA0_KLA_LEL0_LBSPPA0_LBSPPB0_LPA2_LPB2_LDL1_LR2A1_LR2B1_LRVW2_LW2A1_LW2B1_LWPMn1_LDW0_LT1_FMA
_MIAV0_MTSM64_MTSM1_MDA2_MI_MO40_MVN256_MMFSC_MKFGSU256_MVN0_NR0_NTA0_NTB0_NTC0_NTD0_NEPBS0_NLCA1_NLCB1_ONLL1_OPLV0_PBD0_PFD1_PG2_PSD0_PSLn1_PWCn1_PWLn1_PK0_PKAB0_PAP0_PAPM
0_PGR1_PLR1_PKA0_RK0_SGR1_SIA1_SLW1_SS0_SU32_SUM0_SUS256_SCIU0_SCIUE0_SCIUI1_SCIUPL0_SPO0_SRVW0_SSO0_SVW4_SK0_SKA0_SKXCCM0_SNLL0_TSGRA0_TSGRB0_TT4_8_TLDS0_UIIDU0_UMLDSA0_UM
LDSB0_UMF0_U64SL1_UIOFGRO0_USFGROn1_VAW1_VSn1_VW2_VWB2_VFLRP0_WSGRA0_WSGRB0_WS32_WG16_16_1_WGM8_WGMTB

reject: VectorWidth must be >= 4 for Int8 or 8bitFloat
rejecting solution 
Cijk_Alik_Bljk_I8II_BH_GB_MT64x128x16_SN_1LDSB0_APM1_AAIGTEn1_AAILTEn1_AAV0_ABV0_ACED0_AF0EM1_AF1EM1_AMAS0_ASE_ASGT_ASLT_ASM_ASAE01_ASBE01_ASCE01_ASDE01_ASEM1_AAC0_BL1_BS1_
CUM0_CDO0_CTDA0_CLR0_DSK0_DRA0_DU16_DULD1_DTLA0_DTLB0_DTVA0_DTVB0_DAF0_DKP0_DVO0_ETSP_EPS1_ELFLR0_EMLL0_FSSC10_F16AI0_F16AIR0_FL0_GLVWA4_GLVWB8_GR2A1_GR2B1_GRCGA1_GRCGB1_GR
CVA1_GRCVB1_GRPM1_GRVW16_GSU1_GSUASB_GSUAA0_GSUSARR1_GSUWGMRR0_GLS0_ISA1201_IU1_IA0_KLA_LEL0_LBSPPA0_LBSPPB0_LPA1_LPB1_LDL1_LR2A1_LR2B1_LRVW1_LW2A1_LW2B1_LWPMn1_LDW0_LT1_FM
A_MIAV0_MTSM64_MTSM1_MDA2_MI_MO40_MVN256_MMFSC_MKFGSU256_MVN0_NR0_NTA0_NTB0_NTC0_NTD0_NEPBS0_NLCA1_NLCB1_ONLL1_OPLV0_PBD0_PFD1_PG2_PSD0_PSLn1_PWCn1_PWLn1_PK0_PKAB0_PAP0_PAP
M0_PGR1_PLR1_PKA0_RK0_SGR1_SIA1_SLW1_SS0_SU32_SUM0_SUS256_SCIU0_SCIUE0_SCIUI1_SCIUPL0_SPO0_SRVW0_SSO0_SVW4_SK0_SKA0_SKXCCM0_SNLL0_TSGRA0_TSGRB0_TT4_8_TLDS0_UIIDU0_UMLDSA0_U
MLDSB0_UMF0_U64SL1_UIOFGRO0_USFGROn1_VAW1_VSn1_VW1_VWB1_VFLRP0_WSGRA0_WSGRB0_WS32_WG16_16_1_WGM8_WGMTB

reject: VectorWidth must be >= 4 for Int8 or 8bitFloat
rejecting solution 
Cijk_Alik_Bljk_I8II_BH_GB_MT64x128x16_SN_1LDSB0_APM1_AAIGTEn1_AAILTEn1_AAV0_ABV0_ACED0_AF0EM1_AF1EM1_AMAS3_ASE_ASGT_ASLT_ASM_ASAE01_ASBE01_ASCE01_ASDE01_ASEM1_AAC0_BL1_BS1_
CUM0_CDO0_CTDA0_CLR0_DSK0_DRA0_DU16_DULD1_DTLA0_DTLB0_DTVA0_DTVB0_DAF0_DKP0_DVO0_ETSP_EPS1_ELFLR0_EMLL0_FSSC10_F16AI0_F16AIR0_FL0_GLVWA4_GLVWB8_GR2A1_GR2B1_GRCGA1_GRCGB1_GR
CVA1_GRCVB1_GRPM1_GRVW16_GSU1_GSUASB_GSUAA0_GSUSARR1_GSUWGMRR0_GLS0_ISA1201_IU1_IA0_KLA_LEL0_LBSPPA0_LBSPPB0_LPA2_LPB2_LDL1_LR2A1_LR2B1_LRVW2_LW2A1_LW2B1_LWPMn1_LDW0_LT1_FM
A_MIAV0_MTSM64_MTSM1_MDA2_MI_MO40_MVN256_MMFSC_MKFGSU256_MVN0_NR0_NTA0_NTB0_NTC0_NTD0_NEPBS0_NLCA1_NLCB1_ONLL1_OPLV0_PBD0_PFD1_PG2_PSD0_PSLn1_PWCn1_PWLn1_PK0_PKAB0_PAP0_PAP
M0_PGR1_PLR1_PKA0_RK0_SGR1_SIA1_SLW1_SS0_SU32_SUM0_SUS256_SCIU0_SCIUE0_SCIUI1_SCIUPL0_SPO0_SRVW0_SSO0_SVW4_SK0_SKA0_SKXCCM0_SNLL0_TSGRA0_TSGRB0_TT4_8_TLDS0_UIIDU0_UMLDSA0_U
MLDSB0_UMF0_U64SL1_UIOFGRO0_USFGROn1_VAW1_VSn1_VW2_VWB2_VFLRP0_WSGRA0_WSGRB0_WS32_WG16_16_1_WGM8_WGMTB

reject: VectorWidth must be >= 4 for Int8 or 8bitFloat
rejecting solution 
Cijk_Alik_Bljk_I8II_BH_GB_MT32x32x32_SN_1LDSB0_APM1_AAIGTEn1_AAILTEn1_AAV0_ABV0_ACED0_AF0EM1_AF1EM1_AMAS0_ASE_ASGT_ASLT_ASM_ASAE01_ASBE01_ASCE01_ASDE01_ASEM1_AAC0_BL1_BS1_C
UM0_CDO0_CTDA0_CLR0_DSK0_DRA0_DU32_DULD1_DTLA0_DTLB0_DTVA0_DTVB0_DAF0_DKP0_DVO0_ETSP_EPS1_ELFLR0_EMLL0_FSSC10_F16AI0_F16AIR0_FL0_GLVWA4_GLVWB4_GR2A1_GR2B1_GRCGA1_GRCGB1_GRC
VA1_GRCVB1_GRPM1_GRVW4_GSU1_GSUASB_GSUAA0_GSUSARR1_GSUWGMRR0_GLS0_ISA1201_IU1_IA0_KLA_LEL0_LBSPPA0_LBSPPB0_LPA1_LPB1_LDL1_LR2A1_LR2B1_LRVW1_LW2A1_LW2B1_LWPMn1_LDW0_LT1_FMA_
MIAV0_MTSM64_MTSM1_MDA2_MI_MO40_MVN256_MMFSC_MKFGSU256_MVN0_NR0_NTA0_NTB0_NTC0_NTD0_NEPBS0_NLCA1_NLCB1_ONLL1_OPLV0_PBD0_PFD1_PG2_PSD0_PSLn1_PWCn1_PWLn1_PK0_PKAB0_PAP0_PAPM0
_PGR1_PLR1_PKA0_RK0_SGR1_SIA1_SLW1_SS0_SU0_SUM0_SUS0_SCIU0_SCIUE0_SCIUI1_SCIUPL0_SPO0_SRVW0_SSO0_SVW4_SK0_SKA0_SKXCCM0_SNLL0_TSGRA0_TSGRB0_TT2_2_TLDS0_UIIDU0_UMLDSA0_UMLDSB
0_UMF0_U64SL1_UIOFGRO0_USFGROn1_VAW1_VSn1_VW1_VWB1_VFLRP0_WSGRA0_WSGRB0_WS32_WG16_16_1_WGM8_WGMTB

reject: VectorWidth must be >= 4 for Int8 or 8bitFloat
rejecting solution 
Cijk_Alik_Bljk_I8II_BH_GB_MT32x32x32_SN_1LDSB0_APM1_AAIGTEn1_AAILTEn1_AAV0_ABV0_ACED0_AF0EM1_AF1EM1_AMAS3_ASE_ASGT_ASLT_ASM_ASAE01_ASBE01_ASCE01_ASDE01_ASEM1_AAC0_BL1_BS1_C
UM0_CDO0_CTDA0_CLR0_DSK0_DRA0_DU32_DULD1_DTLA0_DTLB0_DTVA0_DTVB0_DAF0_DKP0_DVO0_ETSP_EPS1_ELFLR0_EMLL0_FSSC10_F16AI0_F16AIR0_FL0_GLVWA4_GLVWB4_GR2A1_GR2B1_GRCGA1_GRCGB1_GRC
VA1_GRCVB1_GRPM1_GRVW4_GSU1_GSUASB_GSUAA0_GSUSARR1_GSUWGMRR0_GLS0_ISA1201_IU1_IA0_KLA_LEL0_LBSPPA0_LBSPPB0_LPA2_LPB2_LDL1_LR2A1_LR2B1_LRVW2_LW2A1_LW2B1_LWPMn1_LDW0_LT1_FMA_
MIAV0_MTSM64_MTSM1_MDA2_MI_MO40_MVN256_MMFSC_MKFGSU256_MVN0_NR0_NTA0_NTB0_NTC0_NTD0_NEPBS0_NLCA1_NLCB1_ONLL1_OPLV0_PBD0_PFD1_PG2_PSD0_PSLn1_PWCn1_PWLn1_PK0_PKAB0_PAP0_PAPM0
_PGR1_PLR1_PKA0_RK0_SGR1_SIA1_SLW1_SS0_SU0_SUM0_SUS0_SCIU0_SCIUE0_SCIUI1_SCIUPL0_SPO0_SRVW0_SSO0_SVW4_SK0_SKA0_SKXCCM0_SNLL0_TSGRA0_TSGRB0_TT2_2_TLDS0_UIIDU0_UMLDSA0_UMLDSB
0_UMF0_U64SL1_UIOFGRO0_USFGROn1_VAW1_VSn1_VW2_VWB2_VFLRP0_WSGRA0_WSGRB0_WS32_WG16_16_1_WGM8_WGMTB

reject: ThreadTile0 2 or ThreadTile1 2 not a multiple of VectorWidth 4
rejecting solution 
Cijk_Alik_Bljk_I8II_BH_GB_MT32x32x32_SN_1LDSB0_APM1_AAIGTEn1_AAILTEn1_AAV0_ABV0_ACED0_AF0EM1_AF1EM1_AMASn1_ASE_ASGT_ASLT_ASM_ASAE01_ASBE01_ASCE01_ASDE01_ASEM1_AAC0_BL1_BS1_
CUM0_CDO0_CTDA0_CLR0_DSK0_DRA0_DU32_DULD1_DTLA0_DTLB0_DTVA0_DTVB0_DAF0_DKP0_DVO0_ETSP_EPS1_ELFLR0_EMLL0_FSSC10_F16AI0_F16AIR0_FL0_GLVWA4_GLVWB4_GR2A1_GR2B1_GRCGA1_GRCGB1_GR
CVA1_GRCVB1_GRPM1_GRVW4_GSU1_GSUASB_GSUAA0_GSUSARR1_GSUWGMRR0_GLS0_ISA1201_IU1_IA0_KLA_LEL0_LBSPPAn1_LBSPPBn1_LPAn1_LPBn1_LDL1_LR2A1_LR2B1_LRVWn1_LW2A1_LW2B1_LWPMn1_LDW0_LT
1_FMA_MIAV0_MTSM64_MTSM1_MDA2_MI_MO40_MVN256_MMFSC_MKFGSU256_MVN0_NR0_NTA0_NTB0_NTC0_NTD0_NEPBS0_NLCA1_NLCB1_ONLL1_OPLV0_PBD0_PFD1_PG2_PSD0_PSLn1_PWCn1_PWLn1_PK0_PKAB0_PAP0
_PAPM0_PGR1_PLR1_PKA0_RK0_SGR1_SIA1_SLW1_SS0_SU0_SUM0_SUS0_SCIU0_SCIUE0_SCIUI1_SCIUPL0_SPO0_SRVW0_SSO0_SVWn1_SK0_SKA0_SKXCCM0_SNLL0_TSGRA0_TSGRB0_TT2_2_TLDS0_UIIDU0_UMLDSA0
_UMLDSB0_UMF0_U64SL1_UIOFGRO0_USFGROn1_VAWn1_VSn1_VW4_VWBn1_VFLRP0_WSGRA0_WSGRB0_WS32_WG16_16_1_WGM8_WGMTB

reject: VectorWidth must be >= 4 for Int8 or 8bitFloat
rejecting solution 
Cijk_Alik_Bljk_I8II_BH_GB_MT32x32x32_SN_1LDSB0_APM1_AAIGTEn1_AAILTEn1_AAV0_ABV0_ACED0_AF0EM1_AF1EM1_AMAS0_ASE_ASGT_ASLT_ASM_ASAE01_ASBE01_ASCE01_ASDE01_ASEM1_AAC0_BL1_BS1_C
UM0_CDO0_CTDA0_CLR0_DSK0_DRA0_DU32_DULD1_DTLA0_DTLB0_DTVA0_DTVB0_DAF0_DKP0_DVO0_ETSP_EPS1_ELFLR0_EMLL0_FSSC10_F16AI0_F16AIR0_FL0_GLVWA4_GLVWB4_GR2A1_GR2B1_GRCGA1_GRCGB1_GRC
VA1_GRCVB1_GRPM1_GRVW8_GSU1_GSUASB_GSUAA0_GSUSARR1_GSUWGMRR0_GLS0_ISA1201_IU1_IA0_KLA_LEL0_LBSPPA0_LBSPPB0_LPA1_LPB1_LDL1_LR2A1_LR2B1_LRVW1_LW2A1_LW2B1_LWPMn1_LDW0_LT1_FMA_
MIAV0_MTSM64_MTSM1_MDA2_MI_MO40_MVN256_MMFSC_MKFGSU256_MVN0_NR0_NTA0_NTB0_NTC0_NTD0_NEPBS0_NLCA1_NLCB1_ONLL1_OPLV0_PBD0_PFD1_PG2_PSD0_PSLn1_PWCn1_PWLn1_PK0_PKAB0_PAP0_PAPM0
_PGR1_PLR1_PKA0_RK0_SGR1_SIA1_SLW1_SS0_SU0_SUM0_SUS0_SCIU0_SCIUE0_SCIUI1_SCIUPL0_SPO0_SRVW0_SSO0_SVW4_SK0_SKA0_SKXCCM0_SNLL0_TSGRA0_TSGRB0_TT2_2_TLDS0_UIIDU0_UMLDSA0_UMLDSB
0_UMF0_U64SL1_UIOFGRO0_USFGROn1_VAW1_VSn1_VW1_VWB1_VFLRP0_WSGRA0_WSGRB0_WS32_WG16_16_1_WGM8_WGMTB

reject: VectorWidth must be >= 4 for Int8 or 8bitFloat
rejecting solution 
Cijk_Alik_Bljk_I8II_BH_GB_MT32x32x32_SN_1LDSB0_APM1_AAIGTEn1_AAILTEn1_AAV0_ABV0_ACED0_AF0EM1_AF1EM1_AMAS3_ASE_ASGT_ASLT_ASM_ASAE01_ASBE01_ASCE01_ASDE01_ASEM1_AAC0_BL1_BS1_C
UM0_CDO0_CTDA0_CLR0_DSK0_DRA0_DU32_DULD1_DTLA0_DTLB0_DTVA0_DTVB0_DAF0_DKP0_DVO0_ETSP_EPS1_ELFLR0_EMLL0_FSSC10_F16AI0_F16AIR0_FL0_GLVWA4_GLVWB4_GR2A1_GR2B1_GRCGA1_GRCGB1_GRC
VA1_GRCVB1_GRPM1_GRVW8_GSU1_GSUASB_GSUAA0_GSUSARR1_GSUWGMRR0_GLS0_ISA1201_IU1_IA0_KLA_LEL0_LBSPPA0_LBSPPB0_LPA2_LPB2_LDL1_LR2A1_LR2B1_LRVW2_LW2A1_LW2B1_LWPMn1_LDW0_LT1_FMA_
MIAV0_MTSM64_MTSM1_MDA2_MI_MO40_MVN256_MMFSC_MKFGSU256_MVN0_NR0_NTA0_NTB0_NTC0_NTD0_NEPBS0_NLCA1_NLCB1_ONLL1_OPLV0_PBD0_PFD1_PG2_PSD0_PSLn1_PWCn1_PWLn1_PK0_PKAB0_PAP0_PAPM0
_PGR1_PLR1_PKA0_RK0_SGR1_SIA1_SLW1_SS0_SU0_SUM0_SUS0_SCIU0_SCIUE0_SCIUI1_SCIUPL0_SPO0_SRVW0_SSO0_SVW4_SK0_SKA0_SKXCCM0_SNLL0_TSGRA0_TSGRB0_TT2_2_TLDS0_UIIDU0_UMLDSA0_UMLDSB
0_UMF0_U64SL1_UIOFGRO0_USFGROn1_VAW1_VSn1_VW2_VWB2_VFLRP0_WSGRA0_WSGRB0_WS32_WG16_16_1_WGM8_WGMTB

reject: ThreadTile0 2 or ThreadTile1 2 not a multiple of VectorWidth 4
rejecting solution 
Cijk_Alik_Bljk_I8II_BH_GB_MT32x32x32_SN_1LDSB0_APM1_AAIGTEn1_AAILTEn1_AAV0_ABV0_ACED0_AF0EM1_AF1EM1_AMASn1_ASE_ASGT_ASLT_ASM_ASAE01_ASBE01_ASCE01_ASDE01_ASEM1_AAC0_BL1_BS1_
CUM0_CDO0_CTDA0_CLR0_DSK0_DRA0_DU32_DULD1_DTLA0_DTLB0_DTVA0_DTVB0_DAF0_DKP0_DVO0_ETSP_EPS1_ELFLR0_EMLL0_FSSC10_F16AI0_F16AIR0_FL0_GLVWA8_GLVWB8_GR2A1_GR2B1_GRCGA1_GRCGB1_GR
CVA1_GRCVB1_GRPM1_GRVW8_GSU1_GSUASB_GSUAA0_GSUSARR1_GSUWGMRR0_GLS0_ISA1201_IU1_IA0_KLA_LEL0_LBSPPAn1_LBSPPBn1_LPAn1_LPBn1_LDL1_LR2A1_LR2B1_LRVWn1_LW2A1_LW2B1_LWPMn1_LDW0_LT
1_FMA_MIAV0_MTSM64_MTSM1_MDA2_MI_MO40_MVN256_MMFSC_MKFGSU256_MVN0_NR0_NTA0_NTB0_NTC0_NTD0_NEPBS0_NLCA1_NLCB1_ONLL1_OPLV0_PBD0_PFD1_PG2_PSD0_PSLn1_PWCn1_PWLn1_PK0_PKAB0_PAP0
_PAPM0_PGR1_PLR1_PKA0_RK0_SGR1_SIA1_SLW1_SS0_SU0_SUM0_SUS0_SCIU0_SCIUE0_SCIUI1_SCIUPL0_SPO0_SRVW0_SSO0_SVWn1_SK0_SKA0_SKXCCM0_SNLL0_TSGRA0_TSGRB0_TT2_2_TLDS0_UIIDU0_UMLDSA0
_UMLDSB0_UMF0_U64SL1_UIOFGRO0_USFGROn1_VAWn1_VSn1_VW4_VWBn1_VFLRP0_WSGRA0_WSGRB0_WS32_WG16_16_1_WGM8_WGMTB

reject: VectorWidth must be >= 4 for Int8 or 8bitFloat
rejecting solution 
Cijk_Alik_Bljk_I8II_BH_GB_MT32x32x32_SN_1LDSB0_APM1_AAIGTEn1_AAILTEn1_AAV0_ABV0_ACED0_AF0EM1_AF1EM1_AMAS0_ASE_ASGT_ASLT_ASM_ASAE01_ASBE01_ASCE01_ASDE01_ASEM1_AAC0_BL1_BS1_C
UM0_CDO0_CTDA0_CLR0_DSK0_DRA0_DU32_DULD1_DTLA0_DTLB0_DTVA0_DTVB0_DAF0_DKP0_DVO0_ETSP_EPS1_ELFLR0_EMLL0_FSSC10_F16AI0_F16AIR0_FL0_GLVWA4_GLVWB4_GR2A1_GR2B1_GRCGA1_GRCGB1_GRC
VA1_GRCVB1_GRPM1_GRVW16_GSU1_GSUASB_GSUAA0_GSUSARR1_GSUWGMRR0_GLS0_ISA1201_IU1_IA0_KLA_LEL0_LBSPPA0_LBSPPB0_LPA1_LPB1_LDL1_LR2A1_LR2B1_LRVW1_LW2A1_LW2B1_LWPMn1_LDW0_LT1_FMA
_MIAV0_MTSM64_MTSM1_MDA2_MI_MO40_MVN256_MMFSC_MKFGSU256_MVN0_NR0_NTA0_NTB0_NTC0_NTD0_NEPBS0_NLCA1_NLCB1_ONLL1_OPLV0_PBD0_PFD1_PG2_PSD0_PSLn1_PWCn1_PWLn1_PK0_PKAB0_PAP0_PAPM
0_PGR1_PLR1_PKA0_RK0_SGR1_SIA1_SLW1_SS0_SU0_SUM0_SUS0_SCIU0_SCIUE0_SCIUI1_SCIUPL0_SPO0_SRVW0_SSO0_SVW4_SK0_SKA0_SKXCCM0_SNLL0_TSGRA0_TSGRB0_TT2_2_TLDS0_UIIDU0_UMLDSA0_UMLDS
B0_UMF0_U64SL1_UIOFGRO0_USFGROn1_VAW1_VSn1_VW1_VWB1_VFLRP0_WSGRA0_WSGRB0_WS32_WG16_16_1_WGM8_WGMTB

reject: VectorWidth must be >= 4 for Int8 or 8bitFloat
rejecting solution 
Cijk_Alik_Bljk_I8II_BH_GB_MT32x32x32_SN_1LDSB0_APM1_AAIGTEn1_AAILTEn1_AAV0_ABV0_ACED0_AF0EM1_AF1EM1_AMAS3_ASE_ASGT_ASLT_ASM_ASAE01_ASBE01_ASCE01_ASDE01_ASEM1_AAC0_BL1_BS1_C
UM0_CDO0_CTDA0_CLR0_DSK0_DRA0_DU32_DULD1_DTLA0_DTLB0_DTVA0_DTVB0_DAF0_DKP0_DVO0_ETSP_EPS1_ELFLR0_EMLL0_FSSC10_F16AI0_F16AIR0_FL0_GLVWA4_GLVWB4_GR2A1_GR2B1_GRCGA1_GRCGB1_GRC
VA1_GRCVB1_GRPM1_GRVW16_GSU1_GSUASB_GSUAA0_GSUSARR1_GSUWGMRR0_GLS0_ISA1201_IU1_IA0_KLA_LEL0_LBSPPA0_LBSPPB0_LPA2_LPB2_LDL1_LR2A1_LR2B1_LRVW2_LW2A1_LW2B1_LWPMn1_LDW0_LT1_FMA
_MIAV0_MTSM64_MTSM1_MDA2_MI_MO40_MVN256_MMFSC_MKFGSU256_MVN0_NR0_NTA0_NTB0_NTC0_NTD0_NEPBS0_NLCA1_NLCB1_ONLL1_OPLV0_PBD0_PFD1_PG2_PSD0_PSLn1_PWCn1_PWLn1_PK0_PKAB0_PAP0_PAPM
0_PGR1_PLR1_PKA0_RK0_SGR1_SIA1_SLW1_SS0_SU0_SUM0_SUS0_SCIU0_SCIUE0_SCIUI1_SCIUPL0_SPO0_SRVW0_SSO0_SVW4_SK0_SKA0_SKXCCM0_SNLL0_TSGRA0_TSGRB0_TT2_2_TLDS0_UIIDU0_UMLDSA0_UMLDS
B0_UMF0_U64SL1_UIOFGRO0_USFGROn1_VAW1_VSn1_VW2_VWB2_VFLRP0_WSGRA0_WSGRB0_WS32_WG16_16_1_WGM8_WGMTB

reject: ThreadTile0 2 or ThreadTile1 2 not a multiple of VectorWidth 4
rejecting solution 
Cijk_Alik_Bljk_I8II_BH_GB_MT32x32x32_SN_1LDSB0_APM1_AAIGTEn1_AAILTEn1_AAV0_ABV0_ACED0_AF0EM1_AF1EM1_AMASn1_ASE_ASGT_ASLT_ASM_ASAE01_ASBE01_ASCE01_ASDE01_ASEM1_AAC0_BL1_BS1_
CUM0_CDO0_CTDA0_CLR0_DSK0_DRA0_DU32_DULD1_DTLA0_DTLB0_DTVA0_DTVB0_DAF0_DKP0_DVO0_ETSP_EPS1_ELFLR0_EMLL0_FSSC10_F16AI0_F16AIR0_FL0_GLVWA16_GLVWB16_GR2A1_GR2B1_GRCGA1_GRCGB1_
GRCVA1_GRCVB1_GRPM1_GRVW16_GSU1_GSUASB_GSUAA0_GSUSARR1_GSUWGMRR0_GLS0_ISA1201_IU1_IA0_KLA_LEL0_LBSPPAn1_LBSPPBn1_LPAn1_LPBn1_LDL1_LR2A1_LR2B1_LRVWn1_LW2A1_LW2B1_LWPMn1_LDW0
_LT1_FMA_MIAV0_MTSM64_MTSM1_MDA2_MI_MO40_MVN256_MMFSC_MKFGSU256_MVN0_NR0_NTA0_NTB0_NTC0_NTD0_NEPBS0_NLCA1_NLCB1_ONLL1_OPLV0_PBD0_PFD1_PG2_PSD0_PSLn1_PWCn1_PWLn1_PK0_PKAB0_P
AP0_PAPM0_PGR1_PLR1_PKA0_RK0_SGR1_SIA1_SLW1_SS0_SU0_SUM0_SUS0_SCIU0_SCIUE0_SCIUI1_SCIUPL0_SPO0_SRVW0_SSO0_SVWn1_SK0_SKA0_SKXCCM0_SNLL0_TSGRA0_TSGRB0_TT2_2_TLDS0_UIIDU0_UMLD
SA0_UMLDSB0_UMF0_U64SL1_UIOFGRO0_USFGROn1_VAWn1_VSn1_VW4_VWBn1_VFLRP0_WSGRA0_WSGRB0_WS32_WG16_16_1_WGM8_WGMTB

reject: VectorWidth must be >= 4 for Int8 or 8bitFloat
rejecting solution 
Cijk_Alik_Bljk_I8II_BH_GB_MT32x32x32_SN_1LDSB0_APM1_AAIGTEn1_AAILTEn1_AAV0_ABV0_ACED0_AF0EM1_AF1EM1_AMAS0_ASE_ASGT_ASLT_ASM_ASAE01_ASBE01_ASCE01_ASDE01_ASEM1_AAC0_BL1_BS1_C
UM0_CDO0_CTDA0_CLR0_DSK0_DRA0_DU32_DULD1_DTLA0_DTLB0_DTVA0_DTVB0_DAF0_DKP0_DVO0_ETSP_EPS1_ELFLR0_EMLL0_FSSC10_F16AI0_F16AIR0_FL0_GLVWA4_GLVWB4_GR2A1_GR2B1_GRCGA1_GRCGB1_GRC
VA1_GRCVB1_GRPM1_GRVW4_GSU1_GSUASB_GSUAA0_GSUSARR1_GSUWGMRR0_GLS0_ISA1201_IU1_IA0_KLA_LEL0_LBSPPA0_LBSPPB0_LPA1_LPB1_LDL1_LR2A1_LR2B1_LRVW1_LW2A1_LW2B1_LWPMn1_LDW0_LT1_FMA_
MIAV0_MTSM64_MTSM1_MDA2_MI_MO40_MVN256_MMFSC_MKFGSU256_MVN0_NR0_NTA0_NTB0_NTC0_NTD0_NEPBS0_NLCA1_NLCB1_ONLL1_OPLV0_PBD0_PFD1_PG2_PSD0_PSLn1_PWCn1_PWLn1_PK0_PKAB0_PAP0_PAPM0
_PGR1_PLR1_PKA0_RK0_SGR1_SIA1_SLW1_SS0_SU32_SUM0_SUS256_SCIU0_SCIUE0_SCIUI1_SCIUPL0_SPO0_SRVW0_SSO0_SVW4_SK0_SKA0_SKXCCM0_SNLL0_TSGRA0_TSGRB0_TT2_2_TLDS0_UIIDU0_UMLDSA0_UML
DSB0_UMF0_U64SL1_UIOFGRO0_USFGROn1_VAW1_VSn1_VW1_VWB1_VFLRP0_WSGRA0_WSGRB0_WS32_WG16_16_1_WGM8_WGMTB

reject: VectorWidth must be >= 4 for Int8 or 8bitFloat
rejecting solution 
Cijk_Alik_Bljk_I8II_BH_GB_MT32x32x32_SN_1LDSB0_APM1_AAIGTEn1_AAILTEn1_AAV0_ABV0_ACED0_AF0EM1_AF1EM1_AMAS3_ASE_ASGT_ASLT_ASM_ASAE01_ASBE01_ASCE01_ASDE01_ASEM1_AAC0_BL1_BS1_C
UM0_CDO0_CTDA0_CLR0_DSK0_DRA0_DU32_DULD1_DTLA0_DTLB0_DTVA0_DTVB0_DAF0_DKP0_DVO0_ETSP_EPS1_ELFLR0_EMLL0_FSSC10_F16AI0_F16AIR0_FL0_GLVWA4_GLVWB4_GR2A1_GR2B1_GRCGA1_GRCGB1_GRC
VA1_GRCVB1_GRPM1_GRVW4_GSU1_GSUASB_GSUAA0_GSUSARR1_GSUWGMRR0_GLS0_ISA1201_IU1_IA0_KLA_LEL0_LBSPPA0_LBSPPB0_LPA2_LPB2_LDL1_LR2A1_LR2B1_LRVW2_LW2A1_LW2B1_LWPMn1_LDW0_LT1_FMA_
MIAV0_MTSM64_MTSM1_MDA2_MI_MO40_MVN256_MMFSC_MKFGSU256_MVN0_NR0_NTA0_NTB0_NTC0_NTD0_NEPBS0_NLCA1_NLCB1_ONLL1_OPLV0_PBD0_PFD1_PG2_PSD0_PSLn1_PWCn1_PWLn1_PK0_PKAB0_PAP0_PAPM0
_PGR1_PLR1_PKA0_RK0_SGR1_SIA1_SLW1_SS0_SU32_SUM0_SUS256_SCIU0_SCIUE0_SCIUI1_SCIUPL0_SPO0_SRVW0_SSO0_SVW4_SK0_SKA0_SKXCCM0_SNLL0_TSGRA0_TSGRB0_TT2_2_TLDS0_UIIDU0_UMLDSA0_UML
DSB0_UMF0_U64SL1_UIOFGRO0_USFGROn1_VAW1_VSn1_VW2_VWB2_VFLRP0_WSGRA0_WSGRB0_WS32_WG16_16_1_WGM8_WGMTB

reject: ThreadTile0 2 or ThreadTile1 2 not a multiple of VectorWidth 4
rejecting solution 
Cijk_Alik_Bljk_I8II_BH_GB_MT32x32x32_SN_1LDSB0_APM1_AAIGTEn1_AAILTEn1_AAV0_ABV0_ACED0_AF0EM1_AF1EM1_AMASn1_ASE_ASGT_ASLT_ASM_ASAE01_ASBE01_ASCE01_ASDE01_ASEM1_AAC0_BL1_BS1_
CUM0_CDO0_CTDA0_CLR0_DSK0_DRA0_DU32_DULD1_DTLA0_DTLB0_DTVA0_DTVB0_DAF0_DKP0_DVO0_ETSP_EPS1_ELFLR0_EMLL0_FSSC10_F16AI0_F16AIR0_FL0_GLVWA4_GLVWB4_GR2A1_GR2B1_GRCGA1_GRCGB1_GR
CVA1_GRCVB1_GRPM1_GRVW4_GSU1_GSUASB_GSUAA0_GSUSARR1_GSUWGMRR0_GLS0_ISA1201_IU1_IA0_KLA_LEL0_LBSPPAn1_LBSPPBn1_LPAn1_LPBn1_LDL1_LR2A1_LR2B1_LRVWn1_LW2A1_LW2B1_LWPMn1_LDW0_LT
1_FMA_MIAV0_MTSM64_MTSM1_MDA2_MI_MO40_MVN256_MMFSC_MKFGSU256_MVN0_NR0_NTA0_NTB0_NTC0_NTD0_NEPBS0_NLCA1_NLCB1_ONLL1_OPLV0_PBD0_PFD1_PG2_PSD0_PSLn1_PWCn1_PWLn1_PK0_PKAB0_PAP0
_PAPM0_PGR1_PLR1_PKA0_RK0_SGR1_SIA1_SLW1_SS0_SU32_SUM0_SUS256_SCIU0_SCIUE0_SCIUI1_SCIUPL0_SPO0_SRVW0_SSO0_SVWn1_SK0_SKA0_SKXCCM0_SNLL0_TSGRA0_TSGRB0_TT2_2_TLDS0_UIIDU0_UMLD
SA0_UMLDSB0_UMF0_U64SL1_UIOFGRO0_USFGROn1_VAWn1_VSn1_VW4_VWBn1_VFLRP0_WSGRA0_WSGRB0_WS32_WG16_16_1_WGM8_WGMTB

reject: VectorWidth must be >= 4 for Int8 or 8bitFloat
rejecting solution 
Cijk_Alik_Bljk_I8II_BH_GB_MT32x32x32_SN_1LDSB0_APM1_AAIGTEn1_AAILTEn1_AAV0_ABV0_ACED0_AF0EM1_AF1EM1_AMAS0_ASE_ASGT_ASLT_ASM_ASAE01_ASBE01_ASCE01_ASDE01_ASEM1_AAC0_BL1_BS1_C
UM0_CDO0_CTDA0_CLR0_DSK0_DRA0_DU32_DULD1_DTLA0_DTLB0_DTVA0_DTVB0_DAF0_DKP0_DVO0_ETSP_EPS1_ELFLR0_EMLL0_FSSC10_F16AI0_F16AIR0_FL0_GLVWA4_GLVWB4_GR2A1_GR2B1_GRCGA1_GRCGB1_GRC
VA1_GRCVB1_GRPM1_GRVW8_GSU1_GSUASB_GSUAA0_GSUSARR1_GSUWGMRR0_GLS0_ISA1201_IU1_IA0_KLA_LEL0_LBSPPA0_LBSPPB0_LPA1_LPB1_LDL1_LR2A1_LR2B1_LRVW1_LW2A1_LW2B1_LWPMn1_LDW0_LT1_FMA_
MIAV0_MTSM64_MTSM1_MDA2_MI_MO40_MVN256_MMFSC_MKFGSU256_MVN0_NR0_NTA0_NTB0_NTC0_NTD0_NEPBS0_NLCA1_NLCB1_ONLL1_OPLV0_PBD0_PFD1_PG2_PSD0_PSLn1_PWCn1_PWLn1_PK0_PKAB0_PAP0_PAPM0
_PGR1_PLR1_PKA0_RK0_SGR1_SIA1_SLW1_SS0_SU32_SUM0_SUS256_SCIU0_SCIUE0_SCIUI1_SCIUPL0_SPO0_SRVW0_SSO0_SVW4_SK0_SKA0_SKXCCM0_SNLL0_TSGRA0_TSGRB0_TT2_2_TLDS0_UIIDU0_UMLDSA0_UML
DSB0_UMF0_U64SL1_UIOFGRO0_USFGROn1_VAW1_VSn1_VW1_VWB1_VFLRP0_WSGRA0_WSGRB0_WS32_WG16_16_1_WGM8_WGMTB

reject: VectorWidth must be >= 4 for Int8 or 8bitFloat
rejecting solution 
Cijk_Alik_Bljk_I8II_BH_GB_MT32x32x32_SN_1LDSB0_APM1_AAIGTEn1_AAILTEn1_AAV0_ABV0_ACED0_AF0EM1_AF1EM1_AMAS3_ASE_ASGT_ASLT_ASM_ASAE01_ASBE01_ASCE01_ASDE01_ASEM1_AAC0_BL1_BS1_C
UM0_CDO0_CTDA0_CLR0_DSK0_DRA0_DU32_DULD1_DTLA0_DTLB0_DTVA0_DTVB0_DAF0_DKP0_DVO0_ETSP_EPS1_ELFLR0_EMLL0_FSSC10_F16AI0_F16AIR0_FL0_GLVWA4_GLVWB4_GR2A1_GR2B1_GRCGA1_GRCGB1_GRC
VA1_GRCVB1_GRPM1_GRVW8_GSU1_GSUASB_GSUAA0_GSUSARR1_GSUWGMRR0_GLS0_ISA1201_IU1_IA0_KLA_LEL0_LBSPPA0_LBSPPB0_LPA2_LPB2_LDL1_LR2A1_LR2B1_LRVW2_LW2A1_LW2B1_LWPMn1_LDW0_LT1_FMA_
MIAV0_MTSM64_MTSM1_MDA2_MI_MO40_MVN256_MMFSC_MKFGSU256_MVN0_NR0_NTA0_NTB0_NTC0_NTD0_NEPBS0_NLCA1_NLCB1_ONLL1_OPLV0_PBD0_PFD1_PG2_PSD0_PSLn1_PWCn1_PWLn1_PK0_PKAB0_PAP0_PAPM0
_PGR1_PLR1_PKA0_RK0_SGR1_SIA1_SLW1_SS0_SU32_SUM0_SUS256_SCIU0_SCIUE0_SCIUI1_SCIUPL0_SPO0_SRVW0_SSO0_SVW4_SK0_SKA0_SKXCCM0_SNLL0_TSGRA0_TSGRB0_TT2_2_TLDS0_UIIDU0_UMLDSA0_UML
DSB0_UMF0_U64SL1_UIOFGRO0_USFGROn1_VAW1_VSn1_VW2_VWB2_VFLRP0_WSGRA0_WSGRB0_WS32_WG16_16_1_WGM8_WGMTB

reject: ThreadTile0 2 or ThreadTile1 2 not a multiple of VectorWidth 4
rejecting solution 
Cijk_Alik_Bljk_I8II_BH_GB_MT32x32x32_SN_1LDSB0_APM1_AAIGTEn1_AAILTEn1_AAV0_ABV0_ACED0_AF0EM1_AF1EM1_AMASn1_ASE_ASGT_ASLT_ASM_ASAE01_ASBE01_ASCE01_ASDE01_ASEM1_AAC0_BL1_BS1_
CUM0_CDO0_CTDA0_CLR0_DSK0_DRA0_DU32_DULD1_DTLA0_DTLB0_DTVA0_DTVB0_DAF0_DKP0_DVO0_ETSP_EPS1_ELFLR0_EMLL0_FSSC10_F16AI0_F16AIR0_FL0_GLVWA8_GLVWB8_GR2A1_GR2B1_GRCGA1_GRCGB1_GR
CVA1_GRCVB1_GRPM1_GRVW8_GSU1_GSUASB_GSUAA0_GSUSARR1_GSUWGMRR0_GLS0_ISA1201_IU1_IA0_KLA_LEL0_LBSPPAn1_LBSPPBn1_LPAn1_LPBn1_LDL1_LR2A1_LR2B1_LRVWn1_LW2A1_LW2B1_LWPMn1_LDW0_LT
1_FMA_MIAV0_MTSM64_MTSM1_MDA2_MI_MO40_MVN256_MMFSC_MKFGSU256_MVN0_NR0_NTA0_NTB0_NTC0_NTD0_NEPBS0_NLCA1_NLCB1_ONLL1_OPLV0_PBD0_PFD1_PG2_PSD0_PSLn1_PWCn1_PWLn1_PK0_PKAB0_PAP0
_PAPM0_PGR1_PLR1_PKA0_RK0_SGR1_SIA1_SLW1_SS0_SU32_SUM0_SUS256_SCIU0_SCIUE0_SCIUI1_SCIUPL0_SPO0_SRVW0_SSO0_SVWn1_SK0_SKA0_SKXCCM0_SNLL0_TSGRA0_TSGRB0_TT2_2_TLDS0_UIIDU0_UMLD
SA0_UMLDSB0_UMF0_U64SL1_UIOFGRO0_USFGROn1_VAWn1_VSn1_VW4_VWBn1_VFLRP0_WSGRA0_WSGRB0_WS32_WG16_16_1_WGM8_WGMTB

reject: VectorWidth must be >= 4 for Int8 or 8bitFloat
rejecting solution 
Cijk_Alik_Bljk_I8II_BH_GB_MT32x32x32_SN_1LDSB0_APM1_AAIGTEn1_AAILTEn1_AAV0_ABV0_ACED0_AF0EM1_AF1EM1_AMAS0_ASE_ASGT_ASLT_ASM_ASAE01_ASBE01_ASCE01_ASDE01_ASEM1_AAC0_BL1_BS1_C
UM0_CDO0_CTDA0_CLR0_DSK0_DRA0_DU32_DULD1_DTLA0_DTLB0_DTVA0_DTVB0_DAF0_DKP0_DVO0_ETSP_EPS1_ELFLR0_EMLL0_FSSC10_F16AI0_F16AIR0_FL0_GLVWA4_GLVWB4_GR2A1_GR2B1_GRCGA1_GRCGB1_GRC
VA1_GRCVB1_GRPM1_GRVW16_GSU1_GSUASB_GSUAA0_GSUSARR1_GSUWGMRR0_GLS0_ISA1201_IU1_IA0_KLA_LEL0_LBSPPA0_LBSPPB0_LPA1_LPB1_LDL1_LR2A1_LR2B1_LRVW1_LW2A1_LW2B1_LWPMn1_LDW0_LT1_FMA
_MIAV0_MTSM64_MTSM1_MDA2_MI_MO40_MVN256_MMFSC_MKFGSU256_MVN0_NR0_NTA0_NTB0_NTC0_NTD0_NEPBS0_NLCA1_NLCB1_ONLL1_OPLV0_PBD0_PFD1_PG2_PSD0_PSLn1_PWCn1_PWLn1_PK0_PKAB0_PAP0_PAPM
0_PGR1_PLR1_PKA0_RK0_SGR1_SIA1_SLW1_SS0_SU32_SUM0_SUS256_SCIU0_SCIUE0_SCIUI1_SCIUPL0_SPO0_SRVW0_SSO0_SVW4_SK0_SKA0_SKXCCM0_SNLL0_TSGRA0_TSGRB0_TT2_2_TLDS0_UIIDU0_UMLDSA0_UM
LDSB0_UMF0_U64SL1_UIOFGRO0_USFGROn1_VAW1_VSn1_VW1_VWB1_VFLRP0_WSGRA0_WSGRB0_WS32_WG16_16_1_WGM8_WGMTB

reject: VectorWidth must be >= 4 for Int8 or 8bitFloat
rejecting solution 
Cijk_Alik_Bljk_I8II_BH_GB_MT32x32x32_SN_1LDSB0_APM1_AAIGTEn1_AAILTEn1_AAV0_ABV0_ACED0_AF0EM1_AF1EM1_AMAS3_ASE_ASGT_ASLT_ASM_ASAE01_ASBE01_ASCE01_ASDE01_ASEM1_AAC0_BL1_BS1_C
UM0_CDO0_CTDA0_CLR0_DSK0_DRA0_DU32_DULD1_DTLA0_DTLB0_DTVA0_DTVB0_DAF0_DKP0_DVO0_ETSP_EPS1_ELFLR0_EMLL0_FSSC10_F16AI0_F16AIR0_FL0_GLVWA4_GLVWB4_GR2A1_GR2B1_GRCGA1_GRCGB1_GRC
VA1_GRCVB1_GRPM1_GRVW16_GSU1_GSUASB_GSUAA0_GSUSARR1_GSUWGMRR0_GLS0_ISA1201_IU1_IA0_KLA_LEL0_LBSPPA0_LBSPPB0_LPA2_LPB2_LDL1_LR2A1_LR2B1_LRVW2_LW2A1_LW2B1_LWPMn1_LDW0_LT1_FMA
_MIAV0_MTSM64_MTSM1_MDA2_MI_MO40_MVN256_MMFSC_MKFGSU256_MVN0_NR0_NTA0_NTB0_NTC0_NTD0_NEPBS0_NLCA1_NLCB1_ONLL1_OPLV0_PBD0_PFD1_PG2_PSD0_PSLn1_PWCn1_PWLn1_PK0_PKAB0_PAP0_PAPM
0_PGR1_PLR1_PKA0_RK0_SGR1_SIA1_SLW1_SS0_SU32_SUM0_SUS256_SCIU0_SCIUE0_SCIUI1_SCIUPL0_SPO0_SRVW0_SSO0_SVW4_SK0_SKA0_SKXCCM0_SNLL0_TSGRA0_TSGRB0_TT2_2_TLDS0_UIIDU0_UMLDSA0_UM
LDSB0_UMF0_U64SL1_UIOFGRO0_USFGROn1_VAW1_VSn1_VW2_VWB2_VFLRP0_WSGRA0_WSGRB0_WS32_WG16_16_1_WGM8_WGMTB

reject: ThreadTile0 2 or ThreadTile1 2 not a multiple of VectorWidth 4
rejecting solution 
Cijk_Alik_Bljk_I8II_BH_GB_MT32x32x32_SN_1LDSB0_APM1_AAIGTEn1_AAILTEn1_AAV0_ABV0_ACED0_AF0EM1_AF1EM1_AMASn1_ASE_ASGT_ASLT_ASM_ASAE01_ASBE01_ASCE01_ASDE01_ASEM1_AAC0_BL1_BS1_
CUM0_CDO0_CTDA0_CLR0_DSK0_DRA0_DU32_DULD1_DTLA0_DTLB0_DTVA0_DTVB0_DAF0_DKP0_DVO0_ETSP_EPS1_ELFLR0_EMLL0_FSSC10_F16AI0_F16AIR0_FL0_GLVWA16_GLVWB16_GR2A1_GR2B1_GRCGA1_GRCGB1_
GRCVA1_GRCVB1_GRPM1_GRVW16_GSU1_GSUASB_GSUAA0_GSUSARR1_GSUWGMRR0_GLS0_ISA1201_IU1_IA0_KLA_LEL0_LBSPPAn1_LBSPPBn1_LPAn1_LPBn1_LDL1_LR2A1_LR2B1_LRVWn1_LW2A1_LW2B1_LWPMn1_LDW0
_LT1_FMA_MIAV0_MTSM64_MTSM1_MDA2_MI_MO40_MVN256_MMFSC_MKFGSU256_MVN0_NR0_NTA0_NTB0_NTC0_NTD0_NEPBS0_NLCA1_NLCB1_ONLL1_OPLV0_PBD0_PFD1_PG2_PSD0_PSLn1_PWCn1_PWLn1_PK0_PKAB0_P
AP0_PAPM0_PGR1_PLR1_PKA0_RK0_SGR1_SIA1_SLW1_SS0_SU32_SUM0_SUS256_SCIU0_SCIUE0_SCIUI1_SCIUPL0_SPO0_SRVW0_SSO0_SVWn1_SK0_SKA0_SKXCCM0_SNLL0_TSGRA0_TSGRB0_TT2_2_TLDS0_UIIDU0_U
MLDSA0_UMLDSB0_UMF0_U64SL1_UIOFGRO0_USFGROn1_VAWn1_VSn1_VW4_VWBn1_VFLRP0_WSGRA0_WSGRB0_WS32_WG16_16_1_WGM8_WGMTB

reject: VectorWidth must be >= 4 for Int8 or 8bitFloat
rejecting solution 
Cijk_Alik_Bljk_I8II_BH_GB_MT64x32x32_SN_1LDSB0_APM1_AAIGTEn1_AAILTEn1_AAV0_ABV0_ACED0_AF0EM1_AF1EM1_AMAS0_ASE_ASGT_ASLT_ASM_ASAE01_ASBE01_ASCE01_ASDE01_ASEM1_AAC0_BL1_BS1_C
UM0_CDO0_CTDA0_CLR0_DSK0_DRA0_DU32_DULD1_DTLA0_DTLB0_DTVA0_DTVB0_DAF0_DKP0_DVO0_ETSP_EPS1_ELFLR0_EMLL0_FSSC10_F16AI0_F16AIR0_FL0_GLVWA4_GLVWB4_GR2A1_GR2B1_GRCGA1_GRCGB1_GRC
VA1_GRCVB1_GRPM1_GRVW4_GSU1_GSUASB_GSUAA0_GSUSARR1_GSUWGMRR0_GLS0_ISA1201_IU1_IA0_KLA_LEL0_LBSPPA0_LBSPPB0_LPA1_LPB1_LDL1_LR2A1_LR2B1_LRVW1_LW2A1_LW2B1_LWPMn1_LDW0_LT1_FMA_
MIAV0_MTSM64_MTSM1_MDA2_MI_MO40_MVN256_MMFSC_MKFGSU256_MVN0_NR0_NTA0_NTB0_NTC0_NTD0_NEPBS0_NLCA1_NLCB1_ONLL1_OPLV0_PBD0_PFD1_PG2_PSD0_PSLn1_PWCn1_PWLn1_PK0_PKAB0_PAP0_PAPM0
_PGR1_PLR1_PKA0_RK0_SGR1_SIA1_SLW1_SS0_SU0_SUM0_SUS0_SCIU0_SCIUE0_SCIUI1_SCIUPL0_SPO0_SRVW0_SSO0_SVW4_SK0_SKA0_SKXCCM0_SNLL0_TSGRA0_TSGRB0_TT4_2_TLDS0_UIIDU0_UMLDSA0_UMLDSB
0_UMF0_U64SL1_UIOFGRO0_USFGROn1_VAW1_VSn1_VW1_VWB1_VFLRP0_WSGRA0_WSGRB0_WS32_WG16_16_1_WGM8_WGMTB

reject: VectorWidth must be >= 4 for Int8 or 8bitFloat
rejecting solution 
Cijk_Alik_Bljk_I8II_BH_GB_MT64x32x32_SN_1LDSB0_APM1_AAIGTEn1_AAILTEn1_AAV0_ABV0_ACED0_AF0EM1_AF1EM1_AMAS3_ASE_ASGT_ASLT_ASM_ASAE01_ASBE01_ASCE01_ASDE01_ASEM1_AAC0_BL1_BS1_C
UM0_CDO0_CTDA0_CLR0_DSK0_DRA0_DU32_DULD1_DTLA0_DTLB0_DTVA0_DTVB0_DAF0_DKP0_DVO0_ETSP_EPS1_ELFLR0_EMLL0_FSSC10_F16AI0_F16AIR0_FL0_GLVWA4_GLVWB4_GR2A1_GR2B1_GRCGA1_GRCGB1_GRC
VA1_GRCVB1_GRPM1_GRVW4_GSU1_GSUASB_GSUAA0_GSUSARR1_GSUWGMRR0_GLS0_ISA1201_IU1_IA0_KLA_LEL0_LBSPPA0_LBSPPB0_LPA2_LPB2_LDL1_LR2A1_LR2B1_LRVW2_LW2A1_LW2B1_LWPMn1_LDW0_LT1_FMA_
MIAV0_MTSM64_MTSM1_MDA2_MI_MO40_MVN256_MMFSC_MKFGSU256_MVN0_NR0_NTA0_NTB0_NTC0_NTD0_NEPBS0_NLCA1_NLCB1_ONLL1_OPLV0_PBD0_PFD1_PG2_PSD0_PSLn1_PWCn1_PWLn1_PK0_PKAB0_PAP0_PAPM0
_PGR1_PLR1_PKA0_RK0_SGR1_SIA1_SLW1_SS0_SU0_SUM0_SUS0_SCIU0_SCIUE0_SCIUI1_SCIUPL0_SPO0_SRVW0_SSO0_SVW4_SK0_SKA0_SKXCCM0_SNLL0_TSGRA0_TSGRB0_TT4_2_TLDS0_UIIDU0_UMLDSA0_UMLDSB
0_UMF0_U64SL1_UIOFGRO0_USFGROn1_VAW1_VSn1_VW2_VWB2_VFLRP0_WSGRA0_WSGRB0_WS32_WG16_16_1_WGM8_WGMTB

reject: ThreadTile0 4 or ThreadTile1 2 not a multiple of VectorWidth 4
rejecting solution 
Cijk_Alik_Bljk_I8II_BH_GB_MT64x32x32_SN_1LDSB0_APM1_AAIGTEn1_AAILTEn1_AAV0_ABV0_ACED0_AF0EM1_AF1EM1_AMASn1_ASE_ASGT_ASLT_ASM_ASAE01_ASBE01_ASCE01_ASDE01_ASEM1_AAC0_BL1_BS1_
CUM0_CDO0_CTDA0_CLR0_DSK0_DRA0_DU32_DULD1_DTLA0_DTLB0_DTVA0_DTVB0_DAF0_DKP0_DVO0_ETSP_EPS1_ELFLR0_EMLL0_FSSC10_F16AI0_F16AIR0_FL0_GLVWA4_GLVWB4_GR2A1_GR2B1_GRCGA1_GRCGB1_GR
CVA1_GRCVB1_GRPM1_GRVW4_GSU1_GSUASB_GSUAA0_GSUSARR1_GSUWGMRR0_GLS0_ISA1201_IU1_IA0_KLA_LEL0_LBSPPAn1_LBSPPBn1_LPAn1_LPBn1_LDL1_LR2A1_LR2B1_LRVWn1_LW2A1_LW2B1_LWPMn1_LDW0_LT
1_FMA_MIAV0_MTSM64_MTSM1_MDA2_MI_MO40_MVN256_MMFSC_MKFGSU256_MVN0_NR0_NTA0_NTB0_NTC0_NTD0_NEPBS0_NLCA1_NLCB1_ONLL1_OPLV0_PBD0_PFD1_PG2_PSD0_PSLn1_PWCn1_PWLn1_PK0_PKAB0_PAP0
_PAPM0_PGR1_PLR1_PKA0_RK0_SGR1_SIA1_SLW1_SS0_SU0_SUM0_SUS0_SCIU0_SCIUE0_SCIUI1_SCIUPL0_SPO0_SRVW0_SSO0_SVWn1_SK0_SKA0_SKXCCM0_SNLL0_TSGRA0_TSGRB0_TT4_2_TLDS0_UIIDU0_UMLDSA0
_UMLDSB0_UMF0_U64SL1_UIOFGRO0_USFGROn1_VAWn1_VSn1_VW4_VWBn1_VFLRP0_WSGRA0_WSGRB0_WS32_WG16_16_1_WGM8_WGMTB

reject: VectorWidth must be >= 4 for Int8 or 8bitFloat
rejecting solution 
Cijk_Alik_Bljk_I8II_BH_GB_MT64x32x32_SN_1LDSB0_APM1_AAIGTEn1_AAILTEn1_AAV0_ABV0_ACED0_AF0EM1_AF1EM1_AMAS0_ASE_ASGT_ASLT_ASM_ASAE01_ASBE01_ASCE01_ASDE01_ASEM1_AAC0_BL1_BS1_C
UM0_CDO0_CTDA0_CLR0_DSK0_DRA0_DU32_DULD1_DTLA0_DTLB0_DTVA0_DTVB0_DAF0_DKP0_DVO0_ETSP_EPS1_ELFLR0_EMLL0_FSSC10_F16AI0_F16AIR0_FL0_GLVWA8_GLVWB4_GR2A1_GR2B1_GRCGA1_GRCGB1_GRC
VA1_GRCVB1_GRPM1_GRVW8_GSU1_GSUASB_GSUAA0_GSUSARR1_GSUWGMRR0_GLS0_ISA1201_IU1_IA0_KLA_LEL0_LBSPPA0_LBSPPB0_LPA1_LPB1_LDL1_LR2A1_LR2B1_LRVW1_LW2A1_LW2B1_LWPMn1_LDW0_LT1_FMA_
MIAV0_MTSM64_MTSM1_MDA2_MI_MO40_MVN256_MMFSC_MKFGSU256_MVN0_NR0_NTA0_NTB0_NTC0_NTD0_NEPBS0_NLCA1_NLCB1_ONLL1_OPLV0_PBD0_PFD1_PG2_PSD0_PSLn1_PWCn1_PWLn1_PK0_PKAB0_PAP0_PAPM0
_PGR1_PLR1_PKA0_RK0_SGR1_SIA1_SLW1_SS0_SU0_SUM0_SUS0_SCIU0_SCIUE0_SCIUI1_SCIUPL0_SPO0_SRVW0_SSO0_SVW4_SK0_SKA0_SKXCCM0_SNLL0_TSGRA0_TSGRB0_TT4_2_TLDS0_UIIDU0_UMLDSA0_UMLDSB
0_UMF0_U64SL1_UIOFGRO0_USFGROn1_VAW1_VSn1_VW1_VWB1_VFLRP0_WSGRA0_WSGRB0_WS32_WG16_16_1_WGM8_WGMTB

reject: VectorWidth must be >= 4 for Int8 or 8bitFloat
rejecting solution 
Cijk_Alik_Bljk_I8II_BH_GB_MT64x32x32_SN_1LDSB0_APM1_AAIGTEn1_AAILTEn1_AAV0_ABV0_ACED0_AF0EM1_AF1EM1_AMAS3_ASE_ASGT_ASLT_ASM_ASAE01_ASBE01_ASCE01_ASDE01_ASEM1_AAC0_BL1_BS1_C
UM0_CDO0_CTDA0_CLR0_DSK0_DRA0_DU32_DULD1_DTLA0_DTLB0_DTVA0_DTVB0_DAF0_DKP0_DVO0_ETSP_EPS1_ELFLR0_EMLL0_FSSC10_F16AI0_F16AIR0_FL0_GLVWA8_GLVWB4_GR2A1_GR2B1_GRCGA1_GRCGB1_GRC
VA1_GRCVB1_GRPM1_GRVW8_GSU1_GSUASB_GSUAA0_GSUSARR1_GSUWGMRR0_GLS0_ISA1201_IU1_IA0_KLA_LEL0_LBSPPA0_LBSPPB0_LPA2_LPB2_LDL1_LR2A1_LR2B1_LRVW2_LW2A1_LW2B1_LWPMn1_LDW0_LT1_FMA_
MIAV0_MTSM64_MTSM1_MDA2_MI_MO40_MVN256_MMFSC_MKFGSU256_MVN0_NR0_NTA0_NTB0_NTC0_NTD0_NEPBS0_NLCA1_NLCB1_ONLL1_OPLV0_PBD0_PFD1_PG2_PSD0_PSLn1_PWCn1_PWLn1_PK0_PKAB0_PAP0_PAPM0
_PGR1_PLR1_PKA0_RK0_SGR1_SIA1_SLW1_SS0_SU0_SUM0_SUS0_SCIU0_SCIUE0_SCIUI1_SCIUPL0_SPO0_SRVW0_SSO0_SVW4_SK0_SKA0_SKXCCM0_SNLL0_TSGRA0_TSGRB0_TT4_2_TLDS0_UIIDU0_UMLDSA0_UMLDSB
0_UMF0_U64SL1_UIOFGRO0_USFGROn1_VAW1_VSn1_VW2_VWB2_VFLRP0_WSGRA0_WSGRB0_WS32_WG16_16_1_WGM8_WGMTB

reject: ThreadTile0 4 or ThreadTile1 2 not a multiple of VectorWidth 4
rejecting solution 
Cijk_Alik_Bljk_I8II_BH_GB_MT64x32x32_SN_1LDSB0_APM1_AAIGTEn1_AAILTEn1_AAV0_ABV0_ACED0_AF0EM1_AF1EM1_AMASn1_ASE_ASGT_ASLT_ASM_ASAE01_ASBE01_ASCE01_ASDE01_ASEM1_AAC0_BL1_BS1_
CUM0_CDO0_CTDA0_CLR0_DSK0_DRA0_DU32_DULD1_DTLA0_DTLB0_DTVA0_DTVB0_DAF0_DKP0_DVO0_ETSP_EPS1_ELFLR0_EMLL0_FSSC10_F16AI0_F16AIR0_FL0_GLVWA8_GLVWB8_GR2A1_GR2B1_GRCGA1_GRCGB1_GR
CVA1_GRCVB1_GRPM1_GRVW8_GSU1_GSUASB_GSUAA0_GSUSARR1_GSUWGMRR0_GLS0_ISA1201_IU1_IA0_KLA_LEL0_LBSPPAn1_LBSPPBn1_LPAn1_LPBn1_LDL1_LR2A1_LR2B1_LRVWn1_LW2A1_LW2B1_LWPMn1_LDW0_LT
1_FMA_MIAV0_MTSM64_MTSM1_MDA2_MI_MO40_MVN256_MMFSC_MKFGSU256_MVN0_NR0_NTA0_NTB0_NTC0_NTD0_NEPBS0_NLCA1_NLCB1_ONLL1_OPLV0_PBD0_PFD1_PG2_PSD0_PSLn1_PWCn1_PWLn1_PK0_PKAB0_PAP0
_PAPM0_PGR1_PLR1_PKA0_RK0_SGR1_SIA1_SLW1_SS0_SU0_SUM0_SUS0_SCIU0_SCIUE0_SCIUI1_SCIUPL0_SPO0_SRVW0_SSO0_SVWn1_SK0_SKA0_SKXCCM0_SNLL0_TSGRA0_TSGRB0_TT4_2_TLDS0_UIIDU0_UMLDSA0
_UMLDSB0_UMF0_U64SL1_UIOFGRO0_USFGROn1_VAWn1_VSn1_VW4_VWBn1_VFLRP0_WSGRA0_WSGRB0_WS32_WG16_16_1_WGM8_WGMTB

reject: VectorWidth must be >= 4 for Int8 or 8bitFloat
rejecting solution 
Cijk_Alik_Bljk_I8II_BH_GB_MT64x32x32_SN_1LDSB0_APM1_AAIGTEn1_AAILTEn1_AAV0_ABV0_ACED0_AF0EM1_AF1EM1_AMAS0_ASE_ASGT_ASLT_ASM_ASAE01_ASBE01_ASCE01_ASDE01_ASEM1_AAC0_BL1_BS1_C
UM0_CDO0_CTDA0_CLR0_DSK0_DRA0_DU32_DULD1_DTLA0_DTLB0_DTVA0_DTVB0_DAF0_DKP0_DVO0_ETSP_EPS1_ELFLR0_EMLL0_FSSC10_F16AI0_F16AIR0_FL0_GLVWA8_GLVWB4_GR2A1_GR2B1_GRCGA1_GRCGB1_GRC
VA1_GRCVB1_GRPM1_GRVW16_GSU1_GSUASB_GSUAA0_GSUSARR1_GSUWGMRR0_GLS0_ISA1201_IU1_IA0_KLA_LEL0_LBSPPA0_LBSPPB0_LPA1_LPB1_LDL1_LR2A1_LR2B1_LRVW1_LW2A1_LW2B1_LWPMn1_LDW0_LT1_FMA
_MIAV0_MTSM64_MTSM1_MDA2_MI_MO40_MVN256_MMFSC_MKFGSU256_MVN0_NR0_NTA0_NTB0_NTC0_NTD0_NEPBS0_NLCA1_NLCB1_ONLL1_OPLV0_PBD0_PFD1_PG2_PSD0_PSLn1_PWCn1_PWLn1_PK0_PKAB0_PAP0_PAPM
0_PGR1_PLR1_PKA0_RK0_SGR1_SIA1_SLW1_SS0_SU0_SUM0_SUS0_SCIU0_SCIUE0_SCIUI1_SCIUPL0_SPO0_SRVW0_SSO0_SVW4_SK0_SKA0_SKXCCM0_SNLL0_TSGRA0_TSGRB0_TT4_2_TLDS0_UIIDU0_UMLDSA0_UMLDS
B0_UMF0_U64SL1_UIOFGRO0_USFGROn1_VAW1_VSn1_VW1_VWB1_VFLRP0_WSGRA0_WSGRB0_WS32_WG16_16_1_WGM8_WGMTB

reject: VectorWidth must be >= 4 for Int8 or 8bitFloat
rejecting solution 
Cijk_Alik_Bljk_I8II_BH_GB_MT64x32x32_SN_1LDSB0_APM1_AAIGTEn1_AAILTEn1_AAV0_ABV0_ACED0_AF0EM1_AF1EM1_AMAS3_ASE_ASGT_ASLT_ASM_ASAE01_ASBE01_ASCE01_ASDE01_ASEM1_AAC0_BL1_BS1_C
UM0_CDO0_CTDA0_CLR0_DSK0_DRA0_DU32_DULD1_DTLA0_DTLB0_DTVA0_DTVB0_DAF0_DKP0_DVO0_ETSP_EPS1_ELFLR0_EMLL0_FSSC10_F16AI0_F16AIR0_FL0_GLVWA8_GLVWB4_GR2A1_GR2B1_GRCGA1_GRCGB1_GRC
VA1_GRCVB1_GRPM1_GRVW16_GSU1_GSUASB_GSUAA0_GSUSARR1_GSUWGMRR0_GLS0_ISA1201_IU1_IA0_KLA_LEL0_LBSPPA0_LBSPPB0_LPA2_LPB2_LDL1_LR2A1_LR2B1_LRVW2_LW2A1_LW2B1_LWPMn1_LDW0_LT1_FMA
_MIAV0_MTSM64_MTSM1_MDA2_MI_MO40_MVN256_MMFSC_MKFGSU256_MVN0_NR0_NTA0_NTB0_NTC0_NTD0_NEPBS0_NLCA1_NLCB1_ONLL1_OPLV0_PBD0_PFD1_PG2_PSD0_PSLn1_PWCn1_PWLn1_PK0_PKAB0_PAP0_PAPM
0_PGR1_PLR1_PKA0_RK0_SGR1_SIA1_SLW1_SS0_SU0_SUM0_SUS0_SCIU0_SCIUE0_SCIUI1_SCIUPL0_SPO0_SRVW0_SSO0_SVW4_SK0_SKA0_SKXCCM0_SNLL0_TSGRA0_TSGRB0_TT4_2_TLDS0_UIIDU0_UMLDSA0_UMLDS
B0_UMF0_U64SL1_UIOFGRO0_USFGROn1_VAW1_VSn1_VW2_VWB2_VFLRP0_WSGRA0_WSGRB0_WS32_WG16_16_1_WGM8_WGMTB

reject: ThreadTile0 4 or ThreadTile1 2 not a multiple of VectorWidth 4
rejecting solution 
Cijk_Alik_Bljk_I8II_BH_GB_MT64x32x32_SN_1LDSB0_APM1_AAIGTEn1_AAILTEn1_AAV0_ABV0_ACED0_AF0EM1_AF1EM1_AMASn1_ASE_ASGT_ASLT_ASM_ASAE01_ASBE01_ASCE01_ASDE01_ASEM1_AAC0_BL1_BS1_
CUM0_CDO0_CTDA0_CLR0_DSK0_DRA0_DU32_DULD1_DTLA0_DTLB0_DTVA0_DTVB0_DAF0_DKP0_DVO0_ETSP_EPS1_ELFLR0_EMLL0_FSSC10_F16AI0_F16AIR0_FL0_GLVWA16_GLVWB16_GR2A1_GR2B1_GRCGA1_GRCGB1_
GRCVA1_GRCVB1_GRPM1_GRVW16_GSU1_GSUASB_GSUAA0_GSUSARR1_GSUWGMRR0_GLS0_ISA1201_IU1_IA0_KLA_LEL0_LBSPPAn1_LBSPPBn1_LPAn1_LPBn1_LDL1_LR2A1_LR2B1_LRVWn1_LW2A1_LW2B1_LWPMn1_LDW0
_LT1_FMA_MIAV0_MTSM64_MTSM1_MDA2_MI_MO40_MVN256_MMFSC_MKFGSU256_MVN0_NR0_NTA0_NTB0_NTC0_NTD0_NEPBS0_NLCA1_NLCB1_ONLL1_OPLV0_PBD0_PFD1_PG2_PSD0_PSLn1_PWCn1_PWLn1_PK0_PKAB0_P
AP0_PAPM0_PGR1_PLR1_PKA0_RK0_SGR1_SIA1_SLW1_SS0_SU0_SUM0_SUS0_SCIU0_SCIUE0_SCIUI1_SCIUPL0_SPO0_SRVW0_SSO0_SVWn1_SK0_SKA0_SKXCCM0_SNLL0_TSGRA0_TSGRB0_TT4_2_TLDS0_UIIDU0_UMLD
SA0_UMLDSB0_UMF0_U64SL1_UIOFGRO0_USFGROn1_VAWn1_VSn1_VW4_VWBn1_VFLRP0_WSGRA0_WSGRB0_WS32_WG16_16_1_WGM8_WGMTB

reject: VectorWidth must be >= 4 for Int8 or 8bitFloat
rejecting solution 
Cijk_Alik_Bljk_I8II_BH_GB_MT64x32x32_SN_1LDSB0_APM1_AAIGTEn1_AAILTEn1_AAV0_ABV0_ACED0_AF0EM1_AF1EM1_AMAS0_ASE_ASGT_ASLT_ASM_ASAE01_ASBE01_ASCE01_ASDE01_ASEM1_AAC0_BL1_BS1_C
UM0_CDO0_CTDA0_CLR0_DSK0_DRA0_DU32_DULD1_DTLA0_DTLB0_DTVA0_DTVB0_DAF0_DKP0_DVO0_ETSP_EPS1_ELFLR0_EMLL0_FSSC10_F16AI0_F16AIR0_FL0_GLVWA4_GLVWB4_GR2A1_GR2B1_GRCGA1_GRCGB1_GRC
VA1_GRCVB1_GRPM1_GRVW4_GSU1_GSUASB_GSUAA0_GSUSARR1_GSUWGMRR0_GLS0_ISA1201_IU1_IA0_KLA_LEL0_LBSPPA0_LBSPPB0_LPA1_LPB1_LDL1_LR2A1_LR2B1_LRVW1_LW2A1_LW2B1_LWPMn1_LDW0_LT1_FMA_
MIAV0_MTSM64_MTSM1_MDA2_MI_MO40_MVN256_MMFSC_MKFGSU256_MVN0_NR0_NTA0_NTB0_NTC0_NTD0_NEPBS0_NLCA1_NLCB1_ONLL1_OPLV0_PBD0_PFD1_PG2_PSD0_PSLn1_PWCn1_PWLn1_PK0_PKAB0_PAP0_PAPM0
_PGR1_PLR1_PKA0_RK0_SGR1_SIA1_SLW1_SS0_SU32_SUM0_SUS256_SCIU0_SCIUE0_SCIUI1_SCIUPL0_SPO0_SRVW0_SSO0_SVW4_SK0_SKA0_SKXCCM0_SNLL0_TSGRA0_TSGRB0_TT4_2_TLDS0_UIIDU0_UMLDSA0_UML
DSB0_UMF0_U64SL1_UIOFGRO0_USFGROn1_VAW1_VSn1_VW1_VWB1_VFLRP0_WSGRA0_WSGRB0_WS32_WG16_16_1_WGM8_WGMTB

reject: VectorWidth must be >= 4 for Int8 or 8bitFloat
rejecting solution 
Cijk_Alik_Bljk_I8II_BH_GB_MT64x32x32_SN_1LDSB0_APM1_AAIGTEn1_AAILTEn1_AAV0_ABV0_ACED0_AF0EM1_AF1EM1_AMAS3_ASE_ASGT_ASLT_ASM_ASAE01_ASBE01_ASCE01_ASDE01_ASEM1_AAC0_BL1_BS1_C
UM0_CDO0_CTDA0_CLR0_DSK0_DRA0_DU32_DULD1_DTLA0_DTLB0_DTVA0_DTVB0_DAF0_DKP0_DVO0_ETSP_EPS1_ELFLR0_EMLL0_FSSC10_F16AI0_F16AIR0_FL0_GLVWA4_GLVWB4_GR2A1_GR2B1_GRCGA1_GRCGB1_GRC
VA1_GRCVB1_GRPM1_GRVW4_GSU1_GSUASB_GSUAA0_GSUSARR1_GSUWGMRR0_GLS0_ISA1201_IU1_IA0_KLA_LEL0_LBSPPA0_LBSPPB0_LPA2_LPB2_LDL1_LR2A1_LR2B1_LRVW2_LW2A1_LW2B1_LWPMn1_LDW0_LT1_FMA_
MIAV0_MTSM64_MTSM1_MDA2_MI_MO40_MVN256_MMFSC_MKFGSU256_MVN0_NR0_NTA0_NTB0_NTC0_NTD0_NEPBS0_NLCA1_NLCB1_ONLL1_OPLV0_PBD0_PFD1_PG2_PSD0_PSLn1_PWCn1_PWLn1_PK0_PKAB0_PAP0_PAPM0
_PGR1_PLR1_PKA0_RK0_SGR1_SIA1_SLW1_SS0_SU32_SUM0_SUS256_SCIU0_SCIUE0_SCIUI1_SCIUPL0_SPO0_SRVW0_SSO0_SVW4_SK0_SKA0_SKXCCM0_SNLL0_TSGRA0_TSGRB0_TT4_2_TLDS0_UIIDU0_UMLDSA0_UML
DSB0_UMF0_U64SL1_UIOFGRO0_USFGROn1_VAW1_VSn1_VW2_VWB2_VFLRP0_WSGRA0_WSGRB0_WS32_WG16_16_1_WGM8_WGMTB

reject: ThreadTile0 4 or ThreadTile1 2 not a multiple of VectorWidth 4
rejecting solution 
Cijk_Alik_Bljk_I8II_BH_GB_MT64x32x32_SN_1LDSB0_APM1_AAIGTEn1_AAILTEn1_AAV0_ABV0_ACED0_AF0EM1_AF1EM1_AMASn1_ASE_ASGT_ASLT_ASM_ASAE01_ASBE01_ASCE01_ASDE01_ASEM1_AAC0_BL1_BS1_
CUM0_CDO0_CTDA0_CLR0_DSK0_DRA0_DU32_DULD1_DTLA0_DTLB0_DTVA0_DTVB0_DAF0_DKP0_DVO0_ETSP_EPS1_ELFLR0_EMLL0_FSSC10_F16AI0_F16AIR0_FL0_GLVWA4_GLVWB4_GR2A1_GR2B1_GRCGA1_GRCGB1_GR
CVA1_GRCVB1_GRPM1_GRVW4_GSU1_GSUASB_GSUAA0_GSUSARR1_GSUWGMRR0_GLS0_ISA1201_IU1_IA0_KLA_LEL0_LBSPPAn1_LBSPPBn1_LPAn1_LPBn1_LDL1_LR2A1_LR2B1_LRVWn1_LW2A1_LW2B1_LWPMn1_LDW0_LT
1_FMA_MIAV0_MTSM64_MTSM1_MDA2_MI_MO40_MVN256_MMFSC_MKFGSU256_MVN0_NR0_NTA0_NTB0_NTC0_NTD0_NEPBS0_NLCA1_NLCB1_ONLL1_OPLV0_PBD0_PFD1_PG2_PSD0_PSLn1_PWCn1_PWLn1_PK0_PKAB0_PAP0
_PAPM0_PGR1_PLR1_PKA0_RK0_SGR1_SIA1_SLW1_SS0_SU32_SUM0_SUS256_SCIU0_SCIUE0_SCIUI1_SCIUPL0_SPO0_SRVW0_SSO0_SVWn1_SK0_SKA0_SKXCCM0_SNLL0_TSGRA0_TSGRB0_TT4_2_TLDS0_UIIDU0_UMLD
SA0_UMLDSB0_UMF0_U64SL1_UIOFGRO0_USFGROn1_VAWn1_VSn1_VW4_VWBn1_VFLRP0_WSGRA0_WSGRB0_WS32_WG16_16_1_WGM8_WGMTB

reject: VectorWidth must be >= 4 for Int8 or 8bitFloat
rejecting solution 
Cijk_Alik_Bljk_I8II_BH_GB_MT64x32x32_SN_1LDSB0_APM1_AAIGTEn1_AAILTEn1_AAV0_ABV0_ACED0_AF0EM1_AF1EM1_AMAS0_ASE_ASGT_ASLT_ASM_ASAE01_ASBE01_ASCE01_ASDE01_ASEM1_AAC0_BL1_BS1_C
UM0_CDO0_CTDA0_CLR0_DSK0_DRA0_DU32_DULD1_DTLA0_DTLB0_DTVA0_DTVB0_DAF0_DKP0_DVO0_ETSP_EPS1_ELFLR0_EMLL0_FSSC10_F16AI0_F16AIR0_FL0_GLVWA8_GLVWB4_GR2A1_GR2B1_GRCGA1_GRCGB1_GRC
VA1_GRCVB1_GRPM1_GRVW8_GSU1_GSUASB_GSUAA0_GSUSARR1_GSUWGMRR0_GLS0_ISA1201_IU1_IA0_KLA_LEL0_LBSPPA0_LBSPPB0_LPA1_LPB1_LDL1_LR2A1_LR2B1_LRVW1_LW2A1_LW2B1_LWPMn1_LDW0_LT1_FMA_
MIAV0_MTSM64_MTSM1_MDA2_MI_MO40_MVN256_MMFSC_MKFGSU256_MVN0_NR0_NTA0_NTB0_NTC0_NTD0_NEPBS0_NLCA1_NLCB1_ONLL1_OPLV0_PBD0_PFD1_PG2_PSD0_PSLn1_PWCn1_PWLn1_PK0_PKAB0_PAP0_PAPM0
_PGR1_PLR1_PKA0_RK0_SGR1_SIA1_SLW1_SS0_SU32_SUM0_SUS256_SCIU0_SCIUE0_SCIUI1_SCIUPL0_SPO0_SRVW0_SSO0_SVW4_SK0_SKA0_SKXCCM0_SNLL0_TSGRA0_TSGRB0_TT4_2_TLDS0_UIIDU0_UMLDSA0_UML
DSB0_UMF0_U64SL1_UIOFGRO0_USFGROn1_VAW1_VSn1_VW1_VWB1_VFLRP0_WSGRA0_WSGRB0_WS32_WG16_16_1_WGM8_WGMTB

reject: VectorWidth must be >= 4 for Int8 or 8bitFloat
rejecting solution 
Cijk_Alik_Bljk_I8II_BH_GB_MT64x32x32_SN_1LDSB0_APM1_AAIGTEn1_AAILTEn1_AAV0_ABV0_ACED0_AF0EM1_AF1EM1_AMAS3_ASE_ASGT_ASLT_ASM_ASAE01_ASBE01_ASCE01_ASDE01_ASEM1_AAC0_BL1_BS1_C
UM0_CDO0_CTDA0_CLR0_DSK0_DRA0_DU32_DULD1_DTLA0_DTLB0_DTVA0_DTVB0_DAF0_DKP0_DVO0_ETSP_EPS1_ELFLR0_EMLL0_FSSC10_F16AI0_F16AIR0_FL0_GLVWA8_GLVWB4_GR2A1_GR2B1_GRCGA1_GRCGB1_GRC
VA1_GRCVB1_GRPM1_GRVW8_GSU1_GSUASB_GSUAA0_GSUSARR1_GSUWGMRR0_GLS0_ISA1201_IU1_IA0_KLA_LEL0_LBSPPA0_LBSPPB0_LPA2_LPB2_LDL1_LR2A1_LR2B1_LRVW2_LW2A1_LW2B1_LWPMn1_LDW0_LT1_FMA_
MIAV0_MTSM64_MTSM1_MDA2_MI_MO40_MVN256_MMFSC_MKFGSU256_MVN0_NR0_NTA0_NTB0_NTC0_NTD0_NEPBS0_NLCA1_NLCB1_ONLL1_OPLV0_PBD0_PFD1_PG2_PSD0_PSLn1_PWCn1_PWLn1_PK0_PKAB0_PAP0_PAPM0
_PGR1_PLR1_PKA0_RK0_SGR1_SIA1_SLW1_SS0_SU32_SUM0_SUS256_SCIU0_SCIUE0_SCIUI1_SCIUPL0_SPO0_SRVW0_SSO0_SVW4_SK0_SKA0_SKXCCM0_SNLL0_TSGRA0_TSGRB0_TT4_2_TLDS0_UIIDU0_UMLDSA0_UML
DSB0_UMF0_U64SL1_UIOFGRO0_USFGROn1_VAW1_VSn1_VW2_VWB2_VFLRP0_WSGRA0_WSGRB0_WS32_WG16_16_1_WGM8_WGMTB

reject: ThreadTile0 4 or ThreadTile1 2 not a multiple of VectorWidth 4
rejecting solution 
Cijk_Alik_Bljk_I8II_BH_GB_MT64x32x32_SN_1LDSB0_APM1_AAIGTEn1_AAILTEn1_AAV0_ABV0_ACED0_AF0EM1_AF1EM1_AMASn1_ASE_ASGT_ASLT_ASM_ASAE01_ASBE01_ASCE01_ASDE01_ASEM1_AAC0_BL1_BS1_
CUM0_CDO0_CTDA0_CLR0_DSK0_DRA0_DU32_DULD1_DTLA0_DTLB0_DTVA0_DTVB0_DAF0_DKP0_DVO0_ETSP_EPS1_ELFLR0_EMLL0_FSSC10_F16AI0_F16AIR0_FL0_GLVWA8_GLVWB8_GR2A1_GR2B1_GRCGA1_GRCGB1_GR
CVA1_GRCVB1_GRPM1_GRVW8_GSU1_GSUASB_GSUAA0_GSUSARR1_GSUWGMRR0_GLS0_ISA1201_IU1_IA0_KLA_LEL0_LBSPPAn1_LBSPPBn1_LPAn1_LPBn1_LDL1_LR2A1_LR2B1_LRVWn1_LW2A1_LW2B1_LWPMn1_LDW0_LT
1_FMA_MIAV0_MTSM64_MTSM1_MDA2_MI_MO40_MVN256_MMFSC_MKFGSU256_MVN0_NR0_NTA0_NTB0_NTC0_NTD0_NEPBS0_NLCA1_NLCB1_ONLL1_OPLV0_PBD0_PFD1_PG2_PSD0_PSLn1_PWCn1_PWLn1_PK0_PKAB0_PAP0
_PAPM0_PGR1_PLR1_PKA0_RK0_SGR1_SIA1_SLW1_SS0_SU32_SUM0_SUS256_SCIU0_SCIUE0_SCIUI1_SCIUPL0_SPO0_SRVW0_SSO0_SVWn1_SK0_SKA0_SKXCCM0_SNLL0_TSGRA0_TSGRB0_TT4_2_TLDS0_UIIDU0_UMLD
SA0_UMLDSB0_UMF0_U64SL1_UIOFGRO0_USFGROn1_VAWn1_VSn1_VW4_VWBn1_VFLRP0_WSGRA0_WSGRB0_WS32_WG16_16_1_WGM8_WGMTB

reject: VectorWidth must be >= 4 for Int8 or 8bitFloat
rejecting solution 
Cijk_Alik_Bljk_I8II_BH_GB_MT64x32x32_SN_1LDSB0_APM1_AAIGTEn1_AAILTEn1_AAV0_ABV0_ACED0_AF0EM1_AF1EM1_AMAS0_ASE_ASGT_ASLT_ASM_ASAE01_ASBE01_ASCE01_ASDE01_ASEM1_AAC0_BL1_BS1_C
UM0_CDO0_CTDA0_CLR0_DSK0_DRA0_DU32_DULD1_DTLA0_DTLB0_DTVA0_DTVB0_DAF0_DKP0_DVO0_ETSP_EPS1_ELFLR0_EMLL0_FSSC10_F16AI0_F16AIR0_FL0_GLVWA8_GLVWB4_GR2A1_GR2B1_GRCGA1_GRCGB1_GRC
VA1_GRCVB1_GRPM1_GRVW16_GSU1_GSUASB_GSUAA0_GSUSARR1_GSUWGMRR0_GLS0_ISA1201_IU1_IA0_KLA_LEL0_LBSPPA0_LBSPPB0_LPA1_LPB1_LDL1_LR2A1_LR2B1_LRVW1_LW2A1_LW2B1_LWPMn1_LDW0_LT1_FMA
_MIAV0_MTSM64_MTSM1_MDA2_MI_MO40_MVN256_MMFSC_MKFGSU256_MVN0_NR0_NTA0_NTB0_NTC0_NTD0_NEPBS0_NLCA1_NLCB1_ONLL1_OPLV0_PBD0_PFD1_PG2_PSD0_PSLn1_PWCn1_PWLn1_PK0_PKAB0_PAP0_PAPM
0_PGR1_PLR1_PKA0_RK0_SGR1_SIA1_SLW1_SS0_SU32_SUM0_SUS256_SCIU0_SCIUE0_SCIUI1_SCIUPL0_SPO0_SRVW0_SSO0_SVW4_SK0_SKA0_SKXCCM0_SNLL0_TSGRA0_TSGRB0_TT4_2_TLDS0_UIIDU0_UMLDSA0_UM
LDSB0_UMF0_U64SL1_UIOFGRO0_USFGROn1_VAW1_VSn1_VW1_VWB1_VFLRP0_WSGRA0_WSGRB0_WS32_WG16_16_1_WGM8_WGMTB

reject: VectorWidth must be >= 4 for Int8 or 8bitFloat
rejecting solution 
Cijk_Alik_Bljk_I8II_BH_GB_MT64x32x32_SN_1LDSB0_APM1_AAIGTEn1_AAILTEn1_AAV0_ABV0_ACED0_AF0EM1_AF1EM1_AMAS3_ASE_ASGT_ASLT_ASM_ASAE01_ASBE01_ASCE01_ASDE01_ASEM1_AAC0_BL1_BS1_C
UM0_CDO0_CTDA0_CLR0_DSK0_DRA0_DU32_DULD1_DTLA0_DTLB0_DTVA0_DTVB0_DAF0_DKP0_DVO0_ETSP_EPS1_ELFLR0_EMLL0_FSSC10_F16AI0_F16AIR0_FL0_GLVWA8_GLVWB4_GR2A1_GR2B1_GRCGA1_GRCGB1_GRC
VA1_GRCVB1_GRPM1_GRVW16_GSU1_GSUASB_GSUAA0_GSUSARR1_GSUWGMRR0_GLS0_ISA1201_IU1_IA0_KLA_LEL0_LBSPPA0_LBSPPB0_LPA2_LPB2_LDL1_LR2A1_LR2B1_LRVW2_LW2A1_LW2B1_LWPMn1_LDW0_LT1_FMA
_MIAV0_MTSM64_MTSM1_MDA2_MI_MO40_MVN256_MMFSC_MKFGSU256_MVN0_NR0_NTA0_NTB0_NTC0_NTD0_NEPBS0_NLCA1_NLCB1_ONLL1_OPLV0_PBD0_PFD1_PG2_PSD0_PSLn1_PWCn1_PWLn1_PK0_PKAB0_PAP0_PAPM
0_PGR1_PLR1_PKA0_RK0_SGR1_SIA1_SLW1_SS0_SU32_SUM0_SUS256_SCIU0_SCIUE0_SCIUI1_SCIUPL0_SPO0_SRVW0_SSO0_SVW4_SK0_SKA0_SKXCCM0_SNLL0_TSGRA0_TSGRB0_TT4_2_TLDS0_UIIDU0_UMLDSA0_UM
LDSB0_UMF0_U64SL1_UIOFGRO0_USFGROn1_VAW1_VSn1_VW2_VWB2_VFLRP0_WSGRA0_WSGRB0_WS32_WG16_16_1_WGM8_WGMTB

reject: ThreadTile0 4 or ThreadTile1 2 not a multiple of VectorWidth 4
rejecting solution 
Cijk_Alik_Bljk_I8II_BH_GB_MT64x32x32_SN_1LDSB0_APM1_AAIGTEn1_AAILTEn1_AAV0_ABV0_ACED0_AF0EM1_AF1EM1_AMASn1_ASE_ASGT_ASLT_ASM_ASAE01_ASBE01_ASCE01_ASDE01_ASEM1_AAC0_BL1_BS1_
CUM0_CDO0_CTDA0_CLR0_DSK0_DRA0_DU32_DULD1_DTLA0_DTLB0_DTVA0_DTVB0_DAF0_DKP0_DVO0_ETSP_EPS1_ELFLR0_EMLL0_FSSC10_F16AI0_F16AIR0_FL0_GLVWA16_GLVWB16_GR2A1_GR2B1_GRCGA1_GRCGB1_
GRCVA1_GRCVB1_GRPM1_GRVW16_GSU1_GSUASB_GSUAA0_GSUSARR1_GSUWGMRR0_GLS0_ISA1201_IU1_IA0_KLA_LEL0_LBSPPAn1_LBSPPBn1_LPAn1_LPBn1_LDL1_LR2A1_LR2B1_LRVWn1_LW2A1_LW2B1_LWPMn1_LDW0
_LT1_FMA_MIAV0_MTSM64_MTSM1_MDA2_MI_MO40_MVN256_MMFSC_MKFGSU256_MVN0_NR0_NTA0_NTB0_NTC0_NTD0_NEPBS0_NLCA1_NLCB1_ONLL1_OPLV0_PBD0_PFD1_PG2_PSD0_PSLn1_PWCn1_PWLn1_PK0_PKAB0_P
AP0_PAPM0_PGR1_PLR1_PKA0_RK0_SGR1_SIA1_SLW1_SS0_SU32_SUM0_SUS256_SCIU0_SCIUE0_SCIUI1_SCIUPL0_SPO0_SRVW0_SSO0_SVWn1_SK0_SKA0_SKXCCM0_SNLL0_TSGRA0_TSGRB0_TT4_2_TLDS0_UIIDU0_U
MLDSA0_UMLDSB0_UMF0_U64SL1_UIOFGRO0_USFGROn1_VAWn1_VSn1_VW4_VWBn1_VFLRP0_WSGRA0_WSGRB0_WS32_WG16_16_1_WGM8_WGMTB

reject: VectorWidth must be >= 4 for Int8 or 8bitFloat
rejecting solution 
Cijk_Alik_Bljk_I8II_BH_GB_MT32x64x32_SN_1LDSB0_APM1_AAIGTEn1_AAILTEn1_AAV0_ABV0_ACED0_AF0EM1_AF1EM1_AMAS0_ASE_ASGT_ASLT_ASM_ASAE01_ASBE01_ASCE01_ASDE01_ASEM1_AAC0_BL1_BS1_C
UM0_CDO0_CTDA0_CLR0_DSK0_DRA0_DU32_DULD1_DTLA0_DTLB0_DTVA0_DTVB0_DAF0_DKP0_DVO0_ETSP_EPS1_ELFLR0_EMLL0_FSSC10_F16AI0_F16AIR0_FL0_GLVWA4_GLVWB4_GR2A1_GR2B1_GRCGA1_GRCGB1_GRC
VA1_GRCVB1_GRPM1_GRVW4_GSU1_GSUASB_GSUAA0_GSUSARR1_GSUWGMRR0_GLS0_ISA1201_IU1_IA0_KLA_LEL0_LBSPPA0_LBSPPB0_LPA1_LPB1_LDL1_LR2A1_LR2B1_LRVW1_LW2A1_LW2B1_LWPMn1_LDW0_LT1_FMA_
MIAV0_MTSM64_MTSM1_MDA2_MI_MO40_MVN256_MMFSC_MKFGSU256_MVN0_NR0_NTA0_NTB0_NTC0_NTD0_NEPBS0_NLCA1_NLCB1_ONLL1_OPLV0_PBD0_PFD1_PG2_PSD0_PSLn1_PWCn1_PWLn1_PK0_PKAB0_PAP0_PAPM0
_PGR1_PLR1_PKA0_RK0_SGR1_SIA1_SLW1_SS0_SU0_SUM0_SUS0_SCIU0_SCIUE0_SCIUI1_SCIUPL0_SPO0_SRVW0_SSO0_SVW4_SK0_SKA0_SKXCCM0_SNLL0_TSGRA0_TSGRB0_TT2_4_TLDS0_UIIDU0_UMLDSA0_UMLDSB
0_UMF0_U64SL1_UIOFGRO0_USFGROn1_VAW1_VSn1_VW1_VWB1_VFLRP0_WSGRA0_WSGRB0_WS32_WG16_16_1_WGM8_WGMTB

reject: VectorWidth must be >= 4 for Int8 or 8bitFloat
rejecting solution 
Cijk_Alik_Bljk_I8II_BH_GB_MT32x64x32_SN_1LDSB0_APM1_AAIGTEn1_AAILTEn1_AAV0_ABV0_ACED0_AF0EM1_AF1EM1_AMAS3_ASE_ASGT_ASLT_ASM_ASAE01_ASBE01_ASCE01_ASDE01_ASEM1_AAC0_BL1_BS1_C
UM0_CDO0_CTDA0_CLR0_DSK0_DRA0_DU32_DULD1_DTLA0_DTLB0_DTVA0_DTVB0_DAF0_DKP0_DVO0_ETSP_EPS1_ELFLR0_EMLL0_FSSC10_F16AI0_F16AIR0_FL0_GLVWA4_GLVWB4_GR2A1_GR2B1_GRCGA1_GRCGB1_GRC
VA1_GRCVB1_GRPM1_GRVW4_GSU1_GSUASB_GSUAA0_GSUSARR1_GSUWGMRR0_GLS0_ISA1201_IU1_IA0_KLA_LEL0_LBSPPA0_LBSPPB0_LPA2_LPB2_LDL1_LR2A1_LR2B1_LRVW2_LW2A1_LW2B1_LWPMn1_LDW0_LT1_FMA_
MIAV0_MTSM64_MTSM1_MDA2_MI_MO40_MVN256_MMFSC_MKFGSU256_MVN0_NR0_NTA0_NTB0_NTC0_NTD0_NEPBS0_NLCA1_NLCB1_ONLL1_OPLV0_PBD0_PFD1_PG2_PSD0_PSLn1_PWCn1_PWLn1_PK0_PKAB0_PAP0_PAPM0
_PGR1_PLR1_PKA0_RK0_SGR1_SIA1_SLW1_SS0_SU0_SUM0_SUS0_SCIU0_SCIUE0_SCIUI1_SCIUPL0_SPO0_SRVW0_SSO0_SVW4_SK0_SKA0_SKXCCM0_SNLL0_TSGRA0_TSGRB0_TT2_4_TLDS0_UIIDU0_UMLDSA0_UMLDSB
0_UMF0_U64SL1_UIOFGRO0_USFGROn1_VAW1_VSn1_VW2_VWB2_VFLRP0_WSGRA0_WSGRB0_WS32_WG16_16_1_WGM8_WGMTB

reject: ThreadTile0 2 or ThreadTile1 4 not a multiple of VectorWidth 4
rejecting solution 
Cijk_Alik_Bljk_I8II_BH_GB_MT32x64x32_SN_1LDSB0_APM1_AAIGTEn1_AAILTEn1_AAV0_ABV0_ACED0_AF0EM1_AF1EM1_AMASn1_ASE_ASGT_ASLT_ASM_ASAE01_ASBE01_ASCE01_ASDE01_ASEM1_AAC0_BL1_BS1_
CUM0_CDO0_CTDA0_CLR0_DSK0_DRA0_DU32_DULD1_DTLA0_DTLB0_DTVA0_DTVB0_DAF0_DKP0_DVO0_ETSP_EPS1_ELFLR0_EMLL0_FSSC10_F16AI0_F16AIR0_FL0_GLVWA4_GLVWB4_GR2A1_GR2B1_GRCGA1_GRCGB1_GR
CVA1_GRCVB1_GRPM1_GRVW4_GSU1_GSUASB_GSUAA0_GSUSARR1_GSUWGMRR0_GLS0_ISA1201_IU1_IA0_KLA_LEL0_LBSPPAn1_LBSPPBn1_LPAn1_LPBn1_LDL1_LR2A1_LR2B1_LRVWn1_LW2A1_LW2B1_LWPMn1_LDW0_LT
1_FMA_MIAV0_MTSM64_MTSM1_MDA2_MI_MO40_MVN256_MMFSC_MKFGSU256_MVN0_NR0_NTA0_NTB0_NTC0_NTD0_NEPBS0_NLCA1_NLCB1_ONLL1_OPLV0_PBD0_PFD1_PG2_PSD0_PSLn1_PWCn1_PWLn1_PK0_PKAB0_PAP0
_PAPM0_PGR1_PLR1_PKA0_RK0_SGR1_SIA1_SLW1_SS0_SU0_SUM0_SUS0_SCIU0_SCIUE0_SCIUI1_SCIUPL0_SPO0_SRVW0_SSO0_SVWn1_SK0_SKA0_SKXCCM0_SNLL0_TSGRA0_TSGRB0_TT2_4_TLDS0_UIIDU0_UMLDSA0
_UMLDSB0_UMF0_U64SL1_UIOFGRO0_USFGROn1_VAWn1_VSn1_VW4_VWBn1_VFLRP0_WSGRA0_WSGRB0_WS32_WG16_16_1_WGM8_WGMTB

reject: VectorWidth must be >= 4 for Int8 or 8bitFloat
rejecting solution 
Cijk_Alik_Bljk_I8II_BH_GB_MT32x64x32_SN_1LDSB0_APM1_AAIGTEn1_AAILTEn1_AAV0_ABV0_ACED0_AF0EM1_AF1EM1_AMAS0_ASE_ASGT_ASLT_ASM_ASAE01_ASBE01_ASCE01_ASDE01_ASEM1_AAC0_BL1_BS1_C
UM0_CDO0_CTDA0_CLR0_DSK0_DRA0_DU32_DULD1_DTLA0_DTLB0_DTVA0_DTVB0_DAF0_DKP0_DVO0_ETSP_EPS1_ELFLR0_EMLL0_FSSC10_F16AI0_F16AIR0_FL0_GLVWA4_GLVWB8_GR2A1_GR2B1_GRCGA1_GRCGB1_GRC
VA1_GRCVB1_GRPM1_GRVW8_GSU1_GSUASB_GSUAA0_GSUSARR1_GSUWGMRR0_GLS0_ISA1201_IU1_IA0_KLA_LEL0_LBSPPA0_LBSPPB0_LPA1_LPB1_LDL1_LR2A1_LR2B1_LRVW1_LW2A1_LW2B1_LWPMn1_LDW0_LT1_FMA_
MIAV0_MTSM64_MTSM1_MDA2_MI_MO40_MVN256_MMFSC_MKFGSU256_MVN0_NR0_NTA0_NTB0_NTC0_NTD0_NEPBS0_NLCA1_NLCB1_ONLL1_OPLV0_PBD0_PFD1_PG2_PSD0_PSLn1_PWCn1_PWLn1_PK0_PKAB0_PAP0_PAPM0
_PGR1_PLR1_PKA0_RK0_SGR1_SIA1_SLW1_SS0_SU0_SUM0_SUS0_SCIU0_SCIUE0_SCIUI1_SCIUPL0_SPO0_SRVW0_SSO0_SVW4_SK0_SKA0_SKXCCM0_SNLL0_TSGRA0_TSGRB0_TT2_4_TLDS0_UIIDU0_UMLDSA0_UMLDSB
0_UMF0_U64SL1_UIOFGRO0_USFGROn1_VAW1_VSn1_VW1_VWB1_VFLRP0_WSGRA0_WSGRB0_WS32_WG16_16_1_WGM8_WGMTB

reject: VectorWidth must be >= 4 for Int8 or 8bitFloat
rejecting solution 
Cijk_Alik_Bljk_I8II_BH_GB_MT32x64x32_SN_1LDSB0_APM1_AAIGTEn1_AAILTEn1_AAV0_ABV0_ACED0_AF0EM1_AF1EM1_AMAS3_ASE_ASGT_ASLT_ASM_ASAE01_ASBE01_ASCE01_ASDE01_ASEM1_AAC0_BL1_BS1_C
UM0_CDO0_CTDA0_CLR0_DSK0_DRA0_DU32_DULD1_DTLA0_DTLB0_DTVA0_DTVB0_DAF0_DKP0_DVO0_ETSP_EPS1_ELFLR0_EMLL0_FSSC10_F16AI0_F16AIR0_FL0_GLVWA4_GLVWB8_GR2A1_GR2B1_GRCGA1_GRCGB1_GRC
VA1_GRCVB1_GRPM1_GRVW8_GSU1_GSUASB_GSUAA0_GSUSARR1_GSUWGMRR0_GLS0_ISA1201_IU1_IA0_KLA_LEL0_LBSPPA0_LBSPPB0_LPA2_LPB2_LDL1_LR2A1_LR2B1_LRVW2_LW2A1_LW2B1_LWPMn1_LDW0_LT1_FMA_
MIAV0_MTSM64_MTSM1_MDA2_MI_MO40_MVN256_MMFSC_MKFGSU256_MVN0_NR0_NTA0_NTB0_NTC0_NTD0_NEPBS0_NLCA1_NLCB1_ONLL1_OPLV0_PBD0_PFD1_PG2_PSD0_PSLn1_PWCn1_PWLn1_PK0_PKAB0_PAP0_PAPM0
_PGR1_PLR1_PKA0_RK0_SGR1_SIA1_SLW1_SS0_SU0_SUM0_SUS0_SCIU0_SCIUE0_SCIUI1_SCIUPL0_SPO0_SRVW0_SSO0_SVW4_SK0_SKA0_SKXCCM0_SNLL0_TSGRA0_TSGRB0_TT2_4_TLDS0_UIIDU0_UMLDSA0_UMLDSB
0_UMF0_U64SL1_UIOFGRO0_USFGROn1_VAW1_VSn1_VW2_VWB2_VFLRP0_WSGRA0_WSGRB0_WS32_WG16_16_1_WGM8_WGMTB

reject: ThreadTile0 2 or ThreadTile1 4 not a multiple of VectorWidth 4
rejecting solution 
Cijk_Alik_Bljk_I8II_BH_GB_MT32x64x32_SN_1LDSB0_APM1_AAIGTEn1_AAILTEn1_AAV0_ABV0_ACED0_AF0EM1_AF1EM1_AMASn1_ASE_ASGT_ASLT_ASM_ASAE01_ASBE01_ASCE01_ASDE01_ASEM1_AAC0_BL1_BS1_
CUM0_CDO0_CTDA0_CLR0_DSK0_DRA0_DU32_DULD1_DTLA0_DTLB0_DTVA0_DTVB0_DAF0_DKP0_DVO0_ETSP_EPS1_ELFLR0_EMLL0_FSSC10_F16AI0_F16AIR0_FL0_GLVWA8_GLVWB8_GR2A1_GR2B1_GRCGA1_GRCGB1_GR
CVA1_GRCVB1_GRPM1_GRVW8_GSU1_GSUASB_GSUAA0_GSUSARR1_GSUWGMRR0_GLS0_ISA1201_IU1_IA0_KLA_LEL0_LBSPPAn1_LBSPPBn1_LPAn1_LPBn1_LDL1_LR2A1_LR2B1_LRVWn1_LW2A1_LW2B1_LWPMn1_LDW0_LT
1_FMA_MIAV0_MTSM64_MTSM1_MDA2_MI_MO40_MVN256_MMFSC_MKFGSU256_MVN0_NR0_NTA0_NTB0_NTC0_NTD0_NEPBS0_NLCA1_NLCB1_ONLL1_OPLV0_PBD0_PFD1_PG2_PSD0_PSLn1_PWCn1_PWLn1_PK0_PKAB0_PAP0
_PAPM0_PGR1_PLR1_PKA0_RK0_SGR1_SIA1_SLW1_SS0_SU0_SUM0_SUS0_SCIU0_SCIUE0_SCIUI1_SCIUPL0_SPO0_SRVW0_SSO0_SVWn1_SK0_SKA0_SKXCCM0_SNLL0_TSGRA0_TSGRB0_TT2_4_TLDS0_UIIDU0_UMLDSA0
_UMLDSB0_UMF0_U64SL1_UIOFGRO0_USFGROn1_VAWn1_VSn1_VW4_VWBn1_VFLRP0_WSGRA0_WSGRB0_WS32_WG16_16_1_WGM8_WGMTB

reject: VectorWidth must be >= 4 for Int8 or 8bitFloat
rejecting solution 
Cijk_Alik_Bljk_I8II_BH_GB_MT32x64x32_SN_1LDSB0_APM1_AAIGTEn1_AAILTEn1_AAV0_ABV0_ACED0_AF0EM1_AF1EM1_AMAS0_ASE_ASGT_ASLT_ASM_ASAE01_ASBE01_ASCE01_ASDE01_ASEM1_AAC0_BL1_BS1_C
UM0_CDO0_CTDA0_CLR0_DSK0_DRA0_DU32_DULD1_DTLA0_DTLB0_DTVA0_DTVB0_DAF0_DKP0_DVO0_ETSP_EPS1_ELFLR0_EMLL0_FSSC10_F16AI0_F16AIR0_FL0_GLVWA4_GLVWB8_GR2A1_GR2B1_GRCGA1_GRCGB1_GRC
VA1_GRCVB1_GRPM1_GRVW16_GSU1_GSUASB_GSUAA0_GSUSARR1_GSUWGMRR0_GLS0_ISA1201_IU1_IA0_KLA_LEL0_LBSPPA0_LBSPPB0_LPA1_LPB1_LDL1_LR2A1_LR2B1_LRVW1_LW2A1_LW2B1_LWPMn1_LDW0_LT1_FMA
_MIAV0_MTSM64_MTSM1_MDA2_MI_MO40_MVN256_MMFSC_MKFGSU256_MVN0_NR0_NTA0_NTB0_NTC0_NTD0_NEPBS0_NLCA1_NLCB1_ONLL1_OPLV0_PBD0_PFD1_PG2_PSD0_PSLn1_PWCn1_PWLn1_PK0_PKAB0_PAP0_PAPM
0_PGR1_PLR1_PKA0_RK0_SGR1_SIA1_SLW1_SS0_SU0_SUM0_SUS0_SCIU0_SCIUE0_SCIUI1_SCIUPL0_SPO0_SRVW0_SSO0_SVW4_SK0_SKA0_SKXCCM0_SNLL0_TSGRA0_TSGRB0_TT2_4_TLDS0_UIIDU0_UMLDSA0_UMLDS
B0_UMF0_U64SL1_UIOFGRO0_USFGROn1_VAW1_VSn1_VW1_VWB1_VFLRP0_WSGRA0_WSGRB0_WS32_WG16_16_1_WGM8_WGMTB

reject: VectorWidth must be >= 4 for Int8 or 8bitFloat
rejecting solution 
Cijk_Alik_Bljk_I8II_BH_GB_MT32x64x32_SN_1LDSB0_APM1_AAIGTEn1_AAILTEn1_AAV0_ABV0_ACED0_AF0EM1_AF1EM1_AMAS3_ASE_ASGT_ASLT_ASM_ASAE01_ASBE01_ASCE01_ASDE01_ASEM1_AAC0_BL1_BS1_C
UM0_CDO0_CTDA0_CLR0_DSK0_DRA0_DU32_DULD1_DTLA0_DTLB0_DTVA0_DTVB0_DAF0_DKP0_DVO0_ETSP_EPS1_ELFLR0_EMLL0_FSSC10_F16AI0_F16AIR0_FL0_GLVWA4_GLVWB8_GR2A1_GR2B1_GRCGA1_GRCGB1_GRC
VA1_GRCVB1_GRPM1_GRVW16_GSU1_GSUASB_GSUAA0_GSUSARR1_GSUWGMRR0_GLS0_ISA1201_IU1_IA0_KLA_LEL0_LBSPPA0_LBSPPB0_LPA2_LPB2_LDL1_LR2A1_LR2B1_LRVW2_LW2A1_LW2B1_LWPMn1_LDW0_LT1_FMA
_MIAV0_MTSM64_MTSM1_MDA2_MI_MO40_MVN256_MMFSC_MKFGSU256_MVN0_NR0_NTA0_NTB0_NTC0_NTD0_NEPBS0_NLCA1_NLCB1_ONLL1_OPLV0_PBD0_PFD1_PG2_PSD0_PSLn1_PWCn1_PWLn1_PK0_PKAB0_PAP0_PAPM
0_PGR1_PLR1_PKA0_RK0_SGR1_SIA1_SLW1_SS0_SU0_SUM0_SUS0_SCIU0_SCIUE0_SCIUI1_SCIUPL0_SPO0_SRVW0_SSO0_SVW4_SK0_SKA0_SKXCCM0_SNLL0_TSGRA0_TSGRB0_TT2_4_TLDS0_UIIDU0_UMLDSA0_UMLDS
B0_UMF0_U64SL1_UIOFGRO0_USFGROn1_VAW1_VSn1_VW2_VWB2_VFLRP0_WSGRA0_WSGRB0_WS32_WG16_16_1_WGM8_WGMTB

reject: ThreadTile0 2 or ThreadTile1 4 not a multiple of VectorWidth 4
rejecting solution 
Cijk_Alik_Bljk_I8II_BH_GB_MT32x64x32_SN_1LDSB0_APM1_AAIGTEn1_AAILTEn1_AAV0_ABV0_ACED0_AF0EM1_AF1EM1_AMASn1_ASE_ASGT_ASLT_ASM_ASAE01_ASBE01_ASCE01_ASDE01_ASEM1_AAC0_BL1_BS1_
CUM0_CDO0_CTDA0_CLR0_DSK0_DRA0_DU32_DULD1_DTLA0_DTLB0_DTVA0_DTVB0_DAF0_DKP0_DVO0_ETSP_EPS1_ELFLR0_EMLL0_FSSC10_F16AI0_F16AIR0_FL0_GLVWA16_GLVWB16_GR2A1_GR2B1_GRCGA1_GRCGB1_
GRCVA1_GRCVB1_GRPM1_GRVW16_GSU1_GSUASB_GSUAA0_GSUSARR1_GSUWGMRR0_GLS0_ISA1201_IU1_IA0_KLA_LEL0_LBSPPAn1_LBSPPBn1_LPAn1_LPBn1_LDL1_LR2A1_LR2B1_LRVWn1_LW2A1_LW2B1_LWPMn1_LDW0
_LT1_FMA_MIAV0_MTSM64_MTSM1_MDA2_MI_MO40_MVN256_MMFSC_MKFGSU256_MVN0_NR0_NTA0_NTB0_NTC0_NTD0_NEPBS0_NLCA1_NLCB1_ONLL1_OPLV0_PBD0_PFD1_PG2_PSD0_PSLn1_PWCn1_PWLn1_PK0_PKAB0_P
AP0_PAPM0_PGR1_PLR1_PKA0_RK0_SGR1_SIA1_SLW1_SS0_SU0_SUM0_SUS0_SCIU0_SCIUE0_SCIUI1_SCIUPL0_SPO0_SRVW0_SSO0_SVWn1_SK0_SKA0_SKXCCM0_SNLL0_TSGRA0_TSGRB0_TT2_4_TLDS0_UIIDU0_UMLD
SA0_UMLDSB0_UMF0_U64SL1_UIOFGRO0_USFGROn1_VAWn1_VSn1_VW4_VWBn1_VFLRP0_WSGRA0_WSGRB0_WS32_WG16_16_1_WGM8_WGMTB

reject: VectorWidth must be >= 4 for Int8 or 8bitFloat
rejecting solution 
Cijk_Alik_Bljk_I8II_BH_GB_MT32x64x32_SN_1LDSB0_APM1_AAIGTEn1_AAILTEn1_AAV0_ABV0_ACED0_AF0EM1_AF1EM1_AMAS0_ASE_ASGT_ASLT_ASM_ASAE01_ASBE01_ASCE01_ASDE01_ASEM1_AAC0_BL1_BS1_C
UM0_CDO0_CTDA0_CLR0_DSK0_DRA0_DU32_DULD1_DTLA0_DTLB0_DTVA0_DTVB0_DAF0_DKP0_DVO0_ETSP_EPS1_ELFLR0_EMLL0_FSSC10_F16AI0_F16AIR0_FL0_GLVWA4_GLVWB4_GR2A1_GR2B1_GRCGA1_GRCGB1_GRC
VA1_GRCVB1_GRPM1_GRVW4_GSU1_GSUASB_GSUAA0_GSUSARR1_GSUWGMRR0_GLS0_ISA1201_IU1_IA0_KLA_LEL0_LBSPPA0_LBSPPB0_LPA1_LPB1_LDL1_LR2A1_LR2B1_LRVW1_LW2A1_LW2B1_LWPMn1_LDW0_LT1_FMA_
MIAV0_MTSM64_MTSM1_MDA2_MI_MO40_MVN256_MMFSC_MKFGSU256_MVN0_NR0_NTA0_NTB0_NTC0_NTD0_NEPBS0_NLCA1_NLCB1_ONLL1_OPLV0_PBD0_PFD1_PG2_PSD0_PSLn1_PWCn1_PWLn1_PK0_PKAB0_PAP0_PAPM0
_PGR1_PLR1_PKA0_RK0_SGR1_SIA1_SLW1_SS0_SU32_SUM0_SUS256_SCIU0_SCIUE0_SCIUI1_SCIUPL0_SPO0_SRVW0_SSO0_SVW4_SK0_SKA0_SKXCCM0_SNLL0_TSGRA0_TSGRB0_TT2_4_TLDS0_UIIDU0_UMLDSA0_UML
DSB0_UMF0_U64SL1_UIOFGRO0_USFGROn1_VAW1_VSn1_VW1_VWB1_VFLRP0_WSGRA0_WSGRB0_WS32_WG16_16_1_WGM8_WGMTB

reject: VectorWidth must be >= 4 for Int8 or 8bitFloat
rejecting solution 
Cijk_Alik_Bljk_I8II_BH_GB_MT32x64x32_SN_1LDSB0_APM1_AAIGTEn1_AAILTEn1_AAV0_ABV0_ACED0_AF0EM1_AF1EM1_AMAS3_ASE_ASGT_ASLT_ASM_ASAE01_ASBE01_ASCE01_ASDE01_ASEM1_AAC0_BL1_BS1_C
UM0_CDO0_CTDA0_CLR0_DSK0_DRA0_DU32_DULD1_DTLA0_DTLB0_DTVA0_DTVB0_DAF0_DKP0_DVO0_ETSP_EPS1_ELFLR0_EMLL0_FSSC10_F16AI0_F16AIR0_FL0_GLVWA4_GLVWB4_GR2A1_GR2B1_GRCGA1_GRCGB1_GRC
VA1_GRCVB1_GRPM1_GRVW4_GSU1_GSUASB_GSUAA0_GSUSARR1_GSUWGMRR0_GLS0_ISA1201_IU1_IA0_KLA_LEL0_LBSPPA0_LBSPPB0_LPA2_LPB2_LDL1_LR2A1_LR2B1_LRVW2_LW2A1_LW2B1_LWPMn1_LDW0_LT1_FMA_
MIAV0_MTSM64_MTSM1_MDA2_MI_MO40_MVN256_MMFSC_MKFGSU256_MVN0_NR0_NTA0_NTB0_NTC0_NTD0_NEPBS0_NLCA1_NLCB1_ONLL1_OPLV0_PBD0_PFD1_PG2_PSD0_PSLn1_PWCn1_PWLn1_PK0_PKAB0_PAP0_PAPM0
_PGR1_PLR1_PKA0_RK0_SGR1_SIA1_SLW1_SS0_SU32_SUM0_SUS256_SCIU0_SCIUE0_SCIUI1_SCIUPL0_SPO0_SRVW0_SSO0_SVW4_SK0_SKA0_SKXCCM0_SNLL0_TSGRA0_TSGRB0_TT2_4_TLDS0_UIIDU0_UMLDSA0_UML
DSB0_UMF0_U64SL1_UIOFGRO0_USFGROn1_VAW1_VSn1_VW2_VWB2_VFLRP0_WSGRA0_WSGRB0_WS32_WG16_16_1_WGM8_WGMTB

reject: ThreadTile0 2 or ThreadTile1 4 not a multiple of VectorWidth 4
rejecting solution 
Cijk_Alik_Bljk_I8II_BH_GB_MT32x64x32_SN_1LDSB0_APM1_AAIGTEn1_AAILTEn1_AAV0_ABV0_ACED0_AF0EM1_AF1EM1_AMASn1_ASE_ASGT_ASLT_ASM_ASAE01_ASBE01_ASCE01_ASDE01_ASEM1_AAC0_BL1_BS1_
CUM0_CDO0_CTDA0_CLR0_DSK0_DRA0_DU32_DULD1_DTLA0_DTLB0_DTVA0_DTVB0_DAF0_DKP0_DVO0_ETSP_EPS1_ELFLR0_EMLL0_FSSC10_F16AI0_F16AIR0_FL0_GLVWA4_GLVWB4_GR2A1_GR2B1_GRCGA1_GRCGB1_GR
CVA1_GRCVB1_GRPM1_GRVW4_GSU1_GSUASB_GSUAA0_GSUSARR1_GSUWGMRR0_GLS0_ISA1201_IU1_IA0_KLA_LEL0_LBSPPAn1_LBSPPBn1_LPAn1_LPBn1_LDL1_LR2A1_LR2B1_LRVWn1_LW2A1_LW2B1_LWPMn1_LDW0_LT
1_FMA_MIAV0_MTSM64_MTSM1_MDA2_MI_MO40_MVN256_MMFSC_MKFGSU256_MVN0_NR0_NTA0_NTB0_NTC0_NTD0_NEPBS0_NLCA1_NLCB1_ONLL1_OPLV0_PBD0_PFD1_PG2_PSD0_PSLn1_PWCn1_PWLn1_PK0_PKAB0_PAP0
_PAPM0_PGR1_PLR1_PKA0_RK0_SGR1_SIA1_SLW1_SS0_SU32_SUM0_SUS256_SCIU0_SCIUE0_SCIUI1_SCIUPL0_SPO0_SRVW0_SSO0_SVWn1_SK0_SKA0_SKXCCM0_SNLL0_TSGRA0_TSGRB0_TT2_4_TLDS0_UIIDU0_UMLD
SA0_UMLDSB0_UMF0_U64SL1_UIOFGRO0_USFGROn1_VAWn1_VSn1_VW4_VWBn1_VFLRP0_WSGRA0_WSGRB0_WS32_WG16_16_1_WGM8_WGMTB

reject: VectorWidth must be >= 4 for Int8 or 8bitFloat
rejecting solution 
Cijk_Alik_Bljk_I8II_BH_GB_MT32x64x32_SN_1LDSB0_APM1_AAIGTEn1_AAILTEn1_AAV0_ABV0_ACED0_AF0EM1_AF1EM1_AMAS0_ASE_ASGT_ASLT_ASM_ASAE01_ASBE01_ASCE01_ASDE01_ASEM1_AAC0_BL1_BS1_C
UM0_CDO0_CTDA0_CLR0_DSK0_DRA0_DU32_DULD1_DTLA0_DTLB0_DTVA0_DTVB0_DAF0_DKP0_DVO0_ETSP_EPS1_ELFLR0_EMLL0_FSSC10_F16AI0_F16AIR0_FL0_GLVWA4_GLVWB8_GR2A1_GR2B1_GRCGA1_GRCGB1_GRC
VA1_GRCVB1_GRPM1_GRVW8_GSU1_GSUASB_GSUAA0_GSUSARR1_GSUWGMRR0_GLS0_ISA1201_IU1_IA0_KLA_LEL0_LBSPPA0_LBSPPB0_LPA1_LPB1_LDL1_LR2A1_LR2B1_LRVW1_LW2A1_LW2B1_LWPMn1_LDW0_LT1_FMA_
MIAV0_MTSM64_MTSM1_MDA2_MI_MO40_MVN256_MMFSC_MKFGSU256_MVN0_NR0_NTA0_NTB0_NTC0_NTD0_NEPBS0_NLCA1_NLCB1_ONLL1_OPLV0_PBD0_PFD1_PG2_PSD0_PSLn1_PWCn1_PWLn1_PK0_PKAB0_PAP0_PAPM0
_PGR1_PLR1_PKA0_RK0_SGR1_SIA1_SLW1_SS0_SU32_SUM0_SUS256_SCIU0_SCIUE0_SCIUI1_SCIUPL0_SPO0_SRVW0_SSO0_SVW4_SK0_SKA0_SKXCCM0_SNLL0_TSGRA0_TSGRB0_TT2_4_TLDS0_UIIDU0_UMLDSA0_UML
DSB0_UMF0_U64SL1_UIOFGRO0_USFGROn1_VAW1_VSn1_VW1_VWB1_VFLRP0_WSGRA0_WSGRB0_WS32_WG16_16_1_WGM8_WGMTB

reject: VectorWidth must be >= 4 for Int8 or 8bitFloat
rejecting solution 
Cijk_Alik_Bljk_I8II_BH_GB_MT32x64x32_SN_1LDSB0_APM1_AAIGTEn1_AAILTEn1_AAV0_ABV0_ACED0_AF0EM1_AF1EM1_AMAS3_ASE_ASGT_ASLT_ASM_ASAE01_ASBE01_ASCE01_ASDE01_ASEM1_AAC0_BL1_BS1_C
UM0_CDO0_CTDA0_CLR0_DSK0_DRA0_DU32_DULD1_DTLA0_DTLB0_DTVA0_DTVB0_DAF0_DKP0_DVO0_ETSP_EPS1_ELFLR0_EMLL0_FSSC10_F16AI0_F16AIR0_FL0_GLVWA4_GLVWB8_GR2A1_GR2B1_GRCGA1_GRCGB1_GRC
VA1_GRCVB1_GRPM1_GRVW8_GSU1_GSUASB_GSUAA0_GSUSARR1_GSUWGMRR0_GLS0_ISA1201_IU1_IA0_KLA_LEL0_LBSPPA0_LBSPPB0_LPA2_LPB2_LDL1_LR2A1_LR2B1_LRVW2_LW2A1_LW2B1_LWPMn1_LDW0_LT1_FMA_
MIAV0_MTSM64_MTSM1_MDA2_MI_MO40_MVN256_MMFSC_MKFGSU256_MVN0_NR0_NTA0_NTB0_NTC0_NTD0_NEPBS0_NLCA1_NLCB1_ONLL1_OPLV0_PBD0_PFD1_PG2_PSD0_PSLn1_PWCn1_PWLn1_PK0_PKAB0_PAP0_PAPM0
_PGR1_PLR1_PKA0_RK0_SGR1_SIA1_SLW1_SS0_SU32_SUM0_SUS256_SCIU0_SCIUE0_SCIUI1_SCIUPL0_SPO0_SRVW0_SSO0_SVW4_SK0_SKA0_SKXCCM0_SNLL0_TSGRA0_TSGRB0_TT2_4_TLDS0_UIIDU0_UMLDSA0_UML
DSB0_UMF0_U64SL1_UIOFGRO0_USFGROn1_VAW1_VSn1_VW2_VWB2_VFLRP0_WSGRA0_WSGRB0_WS32_WG16_16_1_WGM8_WGMTB

reject: ThreadTile0 2 or ThreadTile1 4 not a multiple of VectorWidth 4
rejecting solution 
Cijk_Alik_Bljk_I8II_BH_GB_MT32x64x32_SN_1LDSB0_APM1_AAIGTEn1_AAILTEn1_AAV0_ABV0_ACED0_AF0EM1_AF1EM1_AMASn1_ASE_ASGT_ASLT_ASM_ASAE01_ASBE01_ASCE01_ASDE01_ASEM1_AAC0_BL1_BS1_
CUM0_CDO0_CTDA0_CLR0_DSK0_DRA0_DU32_DULD1_DTLA0_DTLB0_DTVA0_DTVB0_DAF0_DKP0_DVO0_ETSP_EPS1_ELFLR0_EMLL0_FSSC10_F16AI0_F16AIR0_FL0_GLVWA8_GLVWB8_GR2A1_GR2B1_GRCGA1_GRCGB1_GR
CVA1_GRCVB1_GRPM1_GRVW8_GSU1_GSUASB_GSUAA0_GSUSARR1_GSUWGMRR0_GLS0_ISA1201_IU1_IA0_KLA_LEL0_LBSPPAn1_LBSPPBn1_LPAn1_LPBn1_LDL1_LR2A1_LR2B1_LRVWn1_LW2A1_LW2B1_LWPMn1_LDW0_LT
1_FMA_MIAV0_MTSM64_MTSM1_MDA2_MI_MO40_MVN256_MMFSC_MKFGSU256_MVN0_NR0_NTA0_NTB0_NTC0_NTD0_NEPBS0_NLCA1_NLCB1_ONLL1_OPLV0_PBD0_PFD1_PG2_PSD0_PSLn1_PWCn1_PWLn1_PK0_PKAB0_PAP0
_PAPM0_PGR1_PLR1_PKA0_RK0_SGR1_SIA1_SLW1_SS0_SU32_SUM0_SUS256_SCIU0_SCIUE0_SCIUI1_SCIUPL0_SPO0_SRVW0_SSO0_SVWn1_SK0_SKA0_SKXCCM0_SNLL0_TSGRA0_TSGRB0_TT2_4_TLDS0_UIIDU0_UMLD
SA0_UMLDSB0_UMF0_U64SL1_UIOFGRO0_USFGROn1_VAWn1_VSn1_VW4_VWBn1_VFLRP0_WSGRA0_WSGRB0_WS32_WG16_16_1_WGM8_WGMTB

reject: VectorWidth must be >= 4 for Int8 or 8bitFloat
rejecting solution 
Cijk_Alik_Bljk_I8II_BH_GB_MT32x64x32_SN_1LDSB0_APM1_AAIGTEn1_AAILTEn1_AAV0_ABV0_ACED0_AF0EM1_AF1EM1_AMAS0_ASE_ASGT_ASLT_ASM_ASAE01_ASBE01_ASCE01_ASDE01_ASEM1_AAC0_BL1_BS1_C
UM0_CDO0_CTDA0_CLR0_DSK0_DRA0_DU32_DULD1_DTLA0_DTLB0_DTVA0_DTVB0_DAF0_DKP0_DVO0_ETSP_EPS1_ELFLR0_EMLL0_FSSC10_F16AI0_F16AIR0_FL0_GLVWA4_GLVWB8_GR2A1_GR2B1_GRCGA1_GRCGB1_GRC
VA1_GRCVB1_GRPM1_GRVW16_GSU1_GSUASB_GSUAA0_GSUSARR1_GSUWGMRR0_GLS0_ISA1201_IU1_IA0_KLA_LEL0_LBSPPA0_LBSPPB0_LPA1_LPB1_LDL1_LR2A1_LR2B1_LRVW1_LW2A1_LW2B1_LWPMn1_LDW0_LT1_FMA
_MIAV0_MTSM64_MTSM1_MDA2_MI_MO40_MVN256_MMFSC_MKFGSU256_MVN0_NR0_NTA0_NTB0_NTC0_NTD0_NEPBS0_NLCA1_NLCB1_ONLL1_OPLV0_PBD0_PFD1_PG2_PSD0_PSLn1_PWCn1_PWLn1_PK0_PKAB0_PAP0_PAPM
0_PGR1_PLR1_PKA0_RK0_SGR1_SIA1_SLW1_SS0_SU32_SUM0_SUS256_SCIU0_SCIUE0_SCIUI1_SCIUPL0_SPO0_SRVW0_SSO0_SVW4_SK0_SKA0_SKXCCM0_SNLL0_TSGRA0_TSGRB0_TT2_4_TLDS0_UIIDU0_UMLDSA0_UM
LDSB0_UMF0_U64SL1_UIOFGRO0_USFGROn1_VAW1_VSn1_VW1_VWB1_VFLRP0_WSGRA0_WSGRB0_WS32_WG16_16_1_WGM8_WGMTB

reject: VectorWidth must be >= 4 for Int8 or 8bitFloat
rejecting solution 
Cijk_Alik_Bljk_I8II_BH_GB_MT32x64x32_SN_1LDSB0_APM1_AAIGTEn1_AAILTEn1_AAV0_ABV0_ACED0_AF0EM1_AF1EM1_AMAS3_ASE_ASGT_ASLT_ASM_ASAE01_ASBE01_ASCE01_ASDE01_ASEM1_AAC0_BL1_BS1_C
UM0_CDO0_CTDA0_CLR0_DSK0_DRA0_DU32_DULD1_DTLA0_DTLB0_DTVA0_DTVB0_DAF0_DKP0_DVO0_ETSP_EPS1_ELFLR0_EMLL0_FSSC10_F16AI0_F16AIR0_FL0_GLVWA4_GLVWB8_GR2A1_GR2B1_GRCGA1_GRCGB1_GRC
VA1_GRCVB1_GRPM1_GRVW16_GSU1_GSUASB_GSUAA0_GSUSARR1_GSUWGMRR0_GLS0_ISA1201_IU1_IA0_KLA_LEL0_LBSPPA0_LBSPPB0_LPA2_LPB2_LDL1_LR2A1_LR2B1_LRVW2_LW2A1_LW2B1_LWPMn1_LDW0_LT1_FMA
_MIAV0_MTSM64_MTSM1_MDA2_MI_MO40_MVN256_MMFSC_MKFGSU256_MVN0_NR0_NTA0_NTB0_NTC0_NTD0_NEPBS0_NLCA1_NLCB1_ONLL1_OPLV0_PBD0_PFD1_PG2_PSD0_PSLn1_PWCn1_PWLn1_PK0_PKAB0_PAP0_PAPM
0_PGR1_PLR1_PKA0_RK0_SGR1_SIA1_SLW1_SS0_SU32_SUM0_SUS256_SCIU0_SCIUE0_SCIUI1_SCIUPL0_SPO0_SRVW0_SSO0_SVW4_SK0_SKA0_SKXCCM0_SNLL0_TSGRA0_TSGRB0_TT2_4_TLDS0_UIIDU0_UMLDSA0_UM
LDSB0_UMF0_U64SL1_UIOFGRO0_USFGROn1_VAW1_VSn1_VW2_VWB2_VFLRP0_WSGRA0_WSGRB0_WS32_WG16_16_1_WGM8_WGMTB

reject: ThreadTile0 2 or ThreadTile1 4 not a multiple of VectorWidth 4
rejecting solution 
Cijk_Alik_Bljk_I8II_BH_GB_MT32x64x32_SN_1LDSB0_APM1_AAIGTEn1_AAILTEn1_AAV0_ABV0_ACED0_AF0EM1_AF1EM1_AMASn1_ASE_ASGT_ASLT_ASM_ASAE01_ASBE01_ASCE01_ASDE01_ASEM1_AAC0_BL1_BS1_
CUM0_CDO0_CTDA0_CLR0_DSK0_DRA0_DU32_DULD1_DTLA0_DTLB0_DTVA0_DTVB0_DAF0_DKP0_DVO0_ETSP_EPS1_ELFLR0_EMLL0_FSSC10_F16AI0_F16AIR0_FL0_GLVWA16_GLVWB16_GR2A1_GR2B1_GRCGA1_GRCGB1_
GRCVA1_GRCVB1_GRPM1_GRVW16_GSU1_GSUASB_GSUAA0_GSUSARR1_GSUWGMRR0_GLS0_ISA1201_IU1_IA0_KLA_LEL0_LBSPPAn1_LBSPPBn1_LPAn1_LPBn1_LDL1_LR2A1_LR2B1_LRVWn1_LW2A1_LW2B1_LWPMn1_LDW0
_LT1_FMA_MIAV0_MTSM64_MTSM1_MDA2_MI_MO40_MVN256_MMFSC_MKFGSU256_MVN0_NR0_NTA0_NTB0_NTC0_NTD0_NEPBS0_NLCA1_NLCB1_ONLL1_OPLV0_PBD0_PFD1_PG2_PSD0_PSLn1_PWCn1_PWLn1_PK0_PKAB0_P
AP0_PAPM0_PGR1_PLR1_PKA0_RK0_SGR1_SIA1_SLW1_SS0_SU32_SUM0_SUS256_SCIU0_SCIUE0_SCIUI1_SCIUPL0_SPO0_SRVW0_SSO0_SVWn1_SK0_SKA0_SKXCCM0_SNLL0_TSGRA0_TSGRB0_TT2_4_TLDS0_UIIDU0_U
MLDSA0_UMLDSB0_UMF0_U64SL1_UIOFGRO0_USFGROn1_VAWn1_VSn1_VW4_VWBn1_VFLRP0_WSGRA0_WSGRB0_WS32_WG16_16_1_WGM8_WGMTB

reject: VectorWidth must be >= 4 for Int8 or 8bitFloat
rejecting solution 
Cijk_Alik_Bljk_I8II_BH_GB_MT64x64x32_SN_1LDSB0_APM1_AAIGTEn1_AAILTEn1_AAV0_ABV0_ACED0_AF0EM1_AF1EM1_AMAS0_ASE_ASGT_ASLT_ASM_ASAE01_ASBE01_ASCE01_ASDE01_ASEM1_AAC0_BL1_BS1_C
UM0_CDO0_CTDA0_CLR0_DSK0_DRA0_DU32_DULD1_DTLA0_DTLB0_DTVA0_DTVB0_DAF0_DKP0_DVO0_ETSP_EPS1_ELFLR0_EMLL0_FSSC10_F16AI0_F16AIR0_FL0_GLVWA4_GLVWB4_GR2A1_GR2B1_GRCGA1_GRCGB1_GRC
VA1_GRCVB1_GRPM1_GRVW4_GSU1_GSUASB_GSUAA0_GSUSARR1_GSUWGMRR0_GLS0_ISA1201_IU1_IA0_KLA_LEL0_LBSPPA0_LBSPPB0_LPA1_LPB1_LDL1_LR2A1_LR2B1_LRVW1_LW2A1_LW2B1_LWPMn1_LDW0_LT1_FMA_
MIAV0_MTSM64_MTSM1_MDA2_MI_MO40_MVN256_MMFSC_MKFGSU256_MVN0_NR0_NTA0_NTB0_NTC0_NTD0_NEPBS0_NLCA1_NLCB1_ONLL1_OPLV0_PBD0_PFD1_PG2_PSD0_PSLn1_PWCn1_PWLn1_PK0_PKAB0_PAP0_PAPM0
_PGR1_PLR1_PKA0_RK0_SGR1_SIA1_SLW1_SS0_SU0_SUM0_SUS0_SCIU0_SCIUE0_SCIUI1_SCIUPL0_SPO0_SRVW0_SSO0_SVW4_SK0_SKA0_SKXCCM0_SNLL0_TSGRA0_TSGRB0_TT4_4_TLDS0_UIIDU0_UMLDSA0_UMLDSB
0_UMF0_U64SL1_UIOFGRO0_USFGROn1_VAW1_VSn1_VW1_VWB1_VFLRP0_WSGRA0_WSGRB0_WS32_WG16_16_1_WGM8_WGMTB

reject: VectorWidth must be >= 4 for Int8 or 8bitFloat
rejecting solution 
Cijk_Alik_Bljk_I8II_BH_GB_MT64x64x32_SN_1LDSB0_APM1_AAIGTEn1_AAILTEn1_AAV0_ABV0_ACED0_AF0EM1_AF1EM1_AMAS3_ASE_ASGT_ASLT_ASM_ASAE01_ASBE01_ASCE01_ASDE01_ASEM1_AAC0_BL1_BS1_C
UM0_CDO0_CTDA0_CLR0_DSK0_DRA0_DU32_DULD1_DTLA0_DTLB0_DTVA0_DTVB0_DAF0_DKP0_DVO0_ETSP_EPS1_ELFLR0_EMLL0_FSSC10_F16AI0_F16AIR0_FL0_GLVWA4_GLVWB4_GR2A1_GR2B1_GRCGA1_GRCGB1_GRC
VA1_GRCVB1_GRPM1_GRVW4_GSU1_GSUASB_GSUAA0_GSUSARR1_GSUWGMRR0_GLS0_ISA1201_IU1_IA0_KLA_LEL0_LBSPPA0_LBSPPB0_LPA2_LPB2_LDL1_LR2A1_LR2B1_LRVW2_LW2A1_LW2B1_LWPMn1_LDW0_LT1_FMA_
MIAV0_MTSM64_MTSM1_MDA2_MI_MO40_MVN256_MMFSC_MKFGSU256_MVN0_NR0_NTA0_NTB0_NTC0_NTD0_NEPBS0_NLCA1_NLCB1_ONLL1_OPLV0_PBD0_PFD1_PG2_PSD0_PSLn1_PWCn1_PWLn1_PK0_PKAB0_PAP0_PAPM0
_PGR1_PLR1_PKA0_RK0_SGR1_SIA1_SLW1_SS0_SU0_SUM0_SUS0_SCIU0_SCIUE0_SCIUI1_SCIUPL0_SPO0_SRVW0_SSO0_SVW4_SK0_SKA0_SKXCCM0_SNLL0_TSGRA0_TSGRB0_TT4_4_TLDS0_UIIDU0_UMLDSA0_UMLDSB
0_UMF0_U64SL1_UIOFGRO0_USFGROn1_VAW1_VSn1_VW2_VWB2_VFLRP0_WSGRA0_WSGRB0_WS32_WG16_16_1_WGM8_WGMTB

reject: VectorWidth must be >= 4 for Int8 or 8bitFloat
rejecting solution 
Cijk_Alik_Bljk_I8II_BH_GB_MT64x64x32_SN_1LDSB0_APM1_AAIGTEn1_AAILTEn1_AAV0_ABV0_ACED0_AF0EM1_AF1EM1_AMAS0_ASE_ASGT_ASLT_ASM_ASAE01_ASBE01_ASCE01_ASDE01_ASEM1_AAC0_BL1_BS1_C
UM0_CDO0_CTDA0_CLR0_DSK0_DRA0_DU32_DULD1_DTLA0_DTLB0_DTVA0_DTVB0_DAF0_DKP0_DVO0_ETSP_EPS1_ELFLR0_EMLL0_FSSC10_F16AI0_F16AIR0_FL0_GLVWA8_GLVWB8_GR2A1_GR2B1_GRCGA1_GRCGB1_GRC
VA1_GRCVB1_GRPM1_GRVW8_GSU1_GSUASB_GSUAA0_GSUSARR1_GSUWGMRR0_GLS0_ISA1201_IU1_IA0_KLA_LEL0_LBSPPA0_LBSPPB0_LPA1_LPB1_LDL1_LR2A1_LR2B1_LRVW1_LW2A1_LW2B1_LWPMn1_LDW0_LT1_FMA_
MIAV0_MTSM64_MTSM1_MDA2_MI_MO40_MVN256_MMFSC_MKFGSU256_MVN0_NR0_NTA0_NTB0_NTC0_NTD0_NEPBS0_NLCA1_NLCB1_ONLL1_OPLV0_PBD0_PFD1_PG2_PSD0_PSLn1_PWCn1_PWLn1_PK0_PKAB0_PAP0_PAPM0
_PGR1_PLR1_PKA0_RK0_SGR1_SIA1_SLW1_SS0_SU0_SUM0_SUS0_SCIU0_SCIUE0_SCIUI1_SCIUPL0_SPO0_SRVW0_SSO0_SVW4_SK0_SKA0_SKXCCM0_SNLL0_TSGRA0_TSGRB0_TT4_4_TLDS0_UIIDU0_UMLDSA0_UMLDSB
0_UMF0_U64SL1_UIOFGRO0_USFGROn1_VAW1_VSn1_VW1_VWB1_VFLRP0_WSGRA0_WSGRB0_WS32_WG16_16_1_WGM8_WGMTB

reject: VectorWidth must be >= 4 for Int8 or 8bitFloat
rejecting solution 
Cijk_Alik_Bljk_I8II_BH_GB_MT64x64x32_SN_1LDSB0_APM1_AAIGTEn1_AAILTEn1_AAV0_ABV0_ACED0_AF0EM1_AF1EM1_AMAS3_ASE_ASGT_ASLT_ASM_ASAE01_ASBE01_ASCE01_ASDE01_ASEM1_AAC0_BL1_BS1_C
UM0_CDO0_CTDA0_CLR0_DSK0_DRA0_DU32_DULD1_DTLA0_DTLB0_DTVA0_DTVB0_DAF0_DKP0_DVO0_ETSP_EPS1_ELFLR0_EMLL0_FSSC10_F16AI0_F16AIR0_FL0_GLVWA8_GLVWB8_GR2A1_GR2B1_GRCGA1_GRCGB1_GRC
VA1_GRCVB1_GRPM1_GRVW8_GSU1_GSUASB_GSUAA0_GSUSARR1_GSUWGMRR0_GLS0_ISA1201_IU1_IA0_KLA_LEL0_LBSPPA0_LBSPPB0_LPA2_LPB2_LDL1_LR2A1_LR2B1_LRVW2_LW2A1_LW2B1_LWPMn1_LDW0_LT1_FMA_
MIAV0_MTSM64_MTSM1_MDA2_MI_MO40_MVN256_MMFSC_MKFGSU256_MVN0_NR0_NTA0_NTB0_NTC0_NTD0_NEPBS0_NLCA1_NLCB1_ONLL1_OPLV0_PBD0_PFD1_PG2_PSD0_PSLn1_PWCn1_PWLn1_PK0_PKAB0_PAP0_PAPM0
_PGR1_PLR1_PKA0_RK0_SGR1_SIA1_SLW1_SS0_SU0_SUM0_SUS0_SCIU0_SCIUE0_SCIUI1_SCIUPL0_SPO0_SRVW0_SSO0_SVW4_SK0_SKA0_SKXCCM0_SNLL0_TSGRA0_TSGRB0_TT4_4_TLDS0_UIIDU0_UMLDSA0_UMLDSB
0_UMF0_U64SL1_UIOFGRO0_USFGROn1_VAW1_VSn1_VW2_VWB2_VFLRP0_WSGRA0_WSGRB0_WS32_WG16_16_1_WGM8_WGMTB

reject: VectorWidth must be >= 4 for Int8 or 8bitFloat
rejecting solution 
Cijk_Alik_Bljk_I8II_BH_GB_MT64x64x32_SN_1LDSB0_APM1_AAIGTEn1_AAILTEn1_AAV0_ABV0_ACED0_AF0EM1_AF1EM1_AMAS0_ASE_ASGT_ASLT_ASM_ASAE01_ASBE01_ASCE01_ASDE01_ASEM1_AAC0_BL1_BS1_C
UM0_CDO0_CTDA0_CLR0_DSK0_DRA0_DU32_DULD1_DTLA0_DTLB0_DTVA0_DTVB0_DAF0_DKP0_DVO0_ETSP_EPS1_ELFLR0_EMLL0_FSSC10_F16AI0_F16AIR0_FL0_GLVWA8_GLVWB8_GR2A1_GR2B1_GRCGA1_GRCGB1_GRC
VA1_GRCVB1_GRPM1_GRVW16_GSU1_GSUASB_GSUAA0_GSUSARR1_GSUWGMRR0_GLS0_ISA1201_IU1_IA0_KLA_LEL0_LBSPPA0_LBSPPB0_LPA1_LPB1_LDL1_LR2A1_LR2B1_LRVW1_LW2A1_LW2B1_LWPMn1_LDW0_LT1_FMA
_MIAV0_MTSM64_MTSM1_MDA2_MI_MO40_MVN256_MMFSC_MKFGSU256_MVN0_NR0_NTA0_NTB0_NTC0_NTD0_NEPBS0_NLCA1_NLCB1_ONLL1_OPLV0_PBD0_PFD1_PG2_PSD0_PSLn1_PWCn1_PWLn1_PK0_PKAB0_PAP0_PAPM
0_PGR1_PLR1_PKA0_RK0_SGR1_SIA1_SLW1_SS0_SU0_SUM0_SUS0_SCIU0_SCIUE0_SCIUI1_SCIUPL0_SPO0_SRVW0_SSO0_SVW4_SK0_SKA0_SKXCCM0_SNLL0_TSGRA0_TSGRB0_TT4_4_TLDS0_UIIDU0_UMLDSA0_UMLDS
B0_UMF0_U64SL1_UIOFGRO0_USFGROn1_VAW1_VSn1_VW1_VWB1_VFLRP0_WSGRA0_WSGRB0_WS32_WG16_16_1_WGM8_WGMTB

reject: VectorWidth must be >= 4 for Int8 or 8bitFloat
rejecting solution 
Cijk_Alik_Bljk_I8II_BH_GB_MT64x64x32_SN_1LDSB0_APM1_AAIGTEn1_AAILTEn1_AAV0_ABV0_ACED0_AF0EM1_AF1EM1_AMAS3_ASE_ASGT_ASLT_ASM_ASAE01_ASBE01_ASCE01_ASDE01_ASEM1_AAC0_BL1_BS1_C
UM0_CDO0_CTDA0_CLR0_DSK0_DRA0_DU32_DULD1_DTLA0_DTLB0_DTVA0_DTVB0_DAF0_DKP0_DVO0_ETSP_EPS1_ELFLR0_EMLL0_FSSC10_F16AI0_F16AIR0_FL0_GLVWA8_GLVWB8_GR2A1_GR2B1_GRCGA1_GRCGB1_GRC
VA1_GRCVB1_GRPM1_GRVW16_GSU1_GSUASB_GSUAA0_GSUSARR1_GSUWGMRR0_GLS0_ISA1201_IU1_IA0_KLA_LEL0_LBSPPA0_LBSPPB0_LPA2_LPB2_LDL1_LR2A1_LR2B1_LRVW2_LW2A1_LW2B1_LWPMn1_LDW0_LT1_FMA
_MIAV0_MTSM64_MTSM1_MDA2_MI_MO40_MVN256_MMFSC_MKFGSU256_MVN0_NR0_NTA0_NTB0_NTC0_NTD0_NEPBS0_NLCA1_NLCB1_ONLL1_OPLV0_PBD0_PFD1_PG2_PSD0_PSLn1_PWCn1_PWLn1_PK0_PKAB0_PAP0_PAPM
0_PGR1_PLR1_PKA0_RK0_SGR1_SIA1_SLW1_SS0_SU0_SUM0_SUS0_SCIU0_SCIUE0_SCIUI1_SCIUPL0_SPO0_SRVW0_SSO0_SVW4_SK0_SKA0_SKXCCM0_SNLL0_TSGRA0_TSGRB0_TT4_4_TLDS0_UIIDU0_UMLDSA0_UMLDS
B0_UMF0_U64SL1_UIOFGRO0_USFGROn1_VAW1_VSn1_VW2_VWB2_VFLRP0_WSGRA0_WSGRB0_WS32_WG16_16_1_WGM8_WGMTB

reject: VectorWidth must be >= 4 for Int8 or 8bitFloat
rejecting solution 
Cijk_Alik_Bljk_I8II_BH_GB_MT64x64x32_SN_1LDSB0_APM1_AAIGTEn1_AAILTEn1_AAV0_ABV0_ACED0_AF0EM1_AF1EM1_AMAS0_ASE_ASGT_ASLT_ASM_ASAE01_ASBE01_ASCE01_ASDE01_ASEM1_AAC0_BL1_BS1_C
UM0_CDO0_CTDA0_CLR0_DSK0_DRA0_DU32_DULD1_DTLA0_DTLB0_DTVA0_DTVB0_DAF0_DKP0_DVO0_ETSP_EPS1_ELFLR0_EMLL0_FSSC10_F16AI0_F16AIR0_FL0_GLVWA4_GLVWB4_GR2A1_GR2B1_GRCGA1_GRCGB1_GRC
VA1_GRCVB1_GRPM1_GRVW4_GSU1_GSUASB_GSUAA0_GSUSARR1_GSUWGMRR0_GLS0_ISA1201_IU1_IA0_KLA_LEL0_LBSPPA0_LBSPPB0_LPA1_LPB1_LDL1_LR2A1_LR2B1_LRVW1_LW2A1_LW2B1_LWPMn1_LDW0_LT1_FMA_
MIAV0_MTSM64_MTSM1_MDA2_MI_MO40_MVN256_MMFSC_MKFGSU256_MVN0_NR0_NTA0_NTB0_NTC0_NTD0_NEPBS0_NLCA1_NLCB1_ONLL1_OPLV0_PBD0_PFD1_PG2_PSD0_PSLn1_PWCn1_PWLn1_PK0_PKAB0_PAP0_PAPM0
_PGR1_PLR1_PKA0_RK0_SGR1_SIA1_SLW1_SS0_SU32_SUM0_SUS256_SCIU0_SCIUE0_SCIUI1_SCIUPL0_SPO0_SRVW0_SSO0_SVW4_SK0_SKA0_SKXCCM0_SNLL0_TSGRA0_TSGRB0_TT4_4_TLDS0_UIIDU0_UMLDSA0_UML
DSB0_UMF0_U64SL1_UIOFGRO0_USFGROn1_VAW1_VSn1_VW1_VWB1_VFLRP0_WSGRA0_WSGRB0_WS32_WG16_16_1_WGM8_WGMTB

reject: VectorWidth must be >= 4 for Int8 or 8bitFloat
rejecting solution 
Cijk_Alik_Bljk_I8II_BH_GB_MT64x64x32_SN_1LDSB0_APM1_AAIGTEn1_AAILTEn1_AAV0_ABV0_ACED0_AF0EM1_AF1EM1_AMAS3_ASE_ASGT_ASLT_ASM_ASAE01_ASBE01_ASCE01_ASDE01_ASEM1_AAC0_BL1_BS1_C
UM0_CDO0_CTDA0_CLR0_DSK0_DRA0_DU32_DULD1_DTLA0_DTLB0_DTVA0_DTVB0_DAF0_DKP0_DVO0_ETSP_EPS1_ELFLR0_EMLL0_FSSC10_F16AI0_F16AIR0_FL0_GLVWA4_GLVWB4_GR2A1_GR2B1_GRCGA1_GRCGB1_GRC
VA1_GRCVB1_GRPM1_GRVW4_GSU1_GSUASB_GSUAA0_GSUSARR1_GSUWGMRR0_GLS0_ISA1201_IU1_IA0_KLA_LEL0_LBSPPA0_LBSPPB0_LPA2_LPB2_LDL1_LR2A1_LR2B1_LRVW2_LW2A1_LW2B1_LWPMn1_LDW0_LT1_FMA_
MIAV0_MTSM64_MTSM1_MDA2_MI_MO40_MVN256_MMFSC_MKFGSU256_MVN0_NR0_NTA0_NTB0_NTC0_NTD0_NEPBS0_NLCA1_NLCB1_ONLL1_OPLV0_PBD0_PFD1_PG2_PSD0_PSLn1_PWCn1_PWLn1_PK0_PKAB0_PAP0_PAPM0
_PGR1_PLR1_PKA0_RK0_SGR1_SIA1_SLW1_SS0_SU32_SUM0_SUS256_SCIU0_SCIUE0_SCIUI1_SCIUPL0_SPO0_SRVW0_SSO0_SVW4_SK0_SKA0_SKXCCM0_SNLL0_TSGRA0_TSGRB0_TT4_4_TLDS0_UIIDU0_UMLDSA0_UML
DSB0_UMF0_U64SL1_UIOFGRO0_USFGROn1_VAW1_VSn1_VW2_VWB2_VFLRP0_WSGRA0_WSGRB0_WS32_WG16_16_1_WGM8_WGMTB

reject: VectorWidth must be >= 4 for Int8 or 8bitFloat
rejecting solution 
Cijk_Alik_Bljk_I8II_BH_GB_MT64x64x32_SN_1LDSB0_APM1_AAIGTEn1_AAILTEn1_AAV0_ABV0_ACED0_AF0EM1_AF1EM1_AMAS0_ASE_ASGT_ASLT_ASM_ASAE01_ASBE01_ASCE01_ASDE01_ASEM1_AAC0_BL1_BS1_C
UM0_CDO0_CTDA0_CLR0_DSK0_DRA0_DU32_DULD1_DTLA0_DTLB0_DTVA0_DTVB0_DAF0_DKP0_DVO0_ETSP_EPS1_ELFLR0_EMLL0_FSSC10_F16AI0_F16AIR0_FL0_GLVWA8_GLVWB8_GR2A1_GR2B1_GRCGA1_GRCGB1_GRC
VA1_GRCVB1_GRPM1_GRVW8_GSU1_GSUASB_GSUAA0_GSUSARR1_GSUWGMRR0_GLS0_ISA1201_IU1_IA0_KLA_LEL0_LBSPPA0_LBSPPB0_LPA1_LPB1_LDL1_LR2A1_LR2B1_LRVW1_LW2A1_LW2B1_LWPMn1_LDW0_LT1_FMA_
MIAV0_MTSM64_MTSM1_MDA2_MI_MO40_MVN256_MMFSC_MKFGSU256_MVN0_NR0_NTA0_NTB0_NTC0_NTD0_NEPBS0_NLCA1_NLCB1_ONLL1_OPLV0_PBD0_PFD1_PG2_PSD0_PSLn1_PWCn1_PWLn1_PK0_PKAB0_PAP0_PAPM0
_PGR1_PLR1_PKA0_RK0_SGR1_SIA1_SLW1_SS0_SU32_SUM0_SUS256_SCIU0_SCIUE0_SCIUI1_SCIUPL0_SPO0_SRVW0_SSO0_SVW4_SK0_SKA0_SKXCCM0_SNLL0_TSGRA0_TSGRB0_TT4_4_TLDS0_UIIDU0_UMLDSA0_UML
DSB0_UMF0_U64SL1_UIOFGRO0_USFGROn1_VAW1_VSn1_VW1_VWB1_VFLRP0_WSGRA0_WSGRB0_WS32_WG16_16_1_WGM8_WGMTB

reject: VectorWidth must be >= 4 for Int8 or 8bitFloat
rejecting solution 
Cijk_Alik_Bljk_I8II_BH_GB_MT64x64x32_SN_1LDSB0_APM1_AAIGTEn1_AAILTEn1_AAV0_ABV0_ACED0_AF0EM1_AF1EM1_AMAS3_ASE_ASGT_ASLT_ASM_ASAE01_ASBE01_ASCE01_ASDE01_ASEM1_AAC0_BL1_BS1_C
UM0_CDO0_CTDA0_CLR0_DSK0_DRA0_DU32_DULD1_DTLA0_DTLB0_DTVA0_DTVB0_DAF0_DKP0_DVO0_ETSP_EPS1_ELFLR0_EMLL0_FSSC10_F16AI0_F16AIR0_FL0_GLVWA8_GLVWB8_GR2A1_GR2B1_GRCGA1_GRCGB1_GRC
VA1_GRCVB1_GRPM1_GRVW8_GSU1_GSUASB_GSUAA0_GSUSARR1_GSUWGMRR0_GLS0_ISA1201_IU1_IA0_KLA_LEL0_LBSPPA0_LBSPPB0_LPA2_LPB2_LDL1_LR2A1_LR2B1_LRVW2_LW2A1_LW2B1_LWPMn1_LDW0_LT1_FMA_
MIAV0_MTSM64_MTSM1_MDA2_MI_MO40_MVN256_MMFSC_MKFGSU256_MVN0_NR0_NTA0_NTB0_NTC0_NTD0_NEPBS0_NLCA1_NLCB1_ONLL1_OPLV0_PBD0_PFD1_PG2_PSD0_PSLn1_PWCn1_PWLn1_PK0_PKAB0_PAP0_PAPM0
_PGR1_PLR1_PKA0_RK0_SGR1_SIA1_SLW1_SS0_SU32_SUM0_SUS256_SCIU0_SCIUE0_SCIUI1_SCIUPL0_SPO0_SRVW0_SSO0_SVW4_SK0_SKA0_SKXCCM0_SNLL0_TSGRA0_TSGRB0_TT4_4_TLDS0_UIIDU0_UMLDSA0_UML
DSB0_UMF0_U64SL1_UIOFGRO0_USFGROn1_VAW1_VSn1_VW2_VWB2_VFLRP0_WSGRA0_WSGRB0_WS32_WG16_16_1_WGM8_WGMTB

reject: VectorWidth must be >= 4 for Int8 or 8bitFloat
rejecting solution 
Cijk_Alik_Bljk_I8II_BH_GB_MT64x64x32_SN_1LDSB0_APM1_AAIGTEn1_AAILTEn1_AAV0_ABV0_ACED0_AF0EM1_AF1EM1_AMAS0_ASE_ASGT_ASLT_ASM_ASAE01_ASBE01_ASCE01_ASDE01_ASEM1_AAC0_BL1_BS1_C
UM0_CDO0_CTDA0_CLR0_DSK0_DRA0_DU32_DULD1_DTLA0_DTLB0_DTVA0_DTVB0_DAF0_DKP0_DVO0_ETSP_EPS1_ELFLR0_EMLL0_FSSC10_F16AI0_F16AIR0_FL0_GLVWA8_GLVWB8_GR2A1_GR2B1_GRCGA1_GRCGB1_GRC
VA1_GRCVB1_GRPM1_GRVW16_GSU1_GSUASB_GSUAA0_GSUSARR1_GSUWGMRR0_GLS0_ISA1201_IU1_IA0_KLA_LEL0_LBSPPA0_LBSPPB0_LPA1_LPB1_LDL1_LR2A1_LR2B1_LRVW1_LW2A1_LW2B1_LWPMn1_LDW0_LT1_FMA
_MIAV0_MTSM64_MTSM1_MDA2_MI_MO40_MVN256_MMFSC_MKFGSU256_MVN0_NR0_NTA0_NTB0_NTC0_NTD0_NEPBS0_NLCA1_NLCB1_ONLL1_OPLV0_PBD0_PFD1_PG2_PSD0_PSLn1_PWCn1_PWLn1_PK0_PKAB0_PAP0_PAPM
0_PGR1_PLR1_PKA0_RK0_SGR1_SIA1_SLW1_SS0_SU32_SUM0_SUS256_SCIU0_SCIUE0_SCIUI1_SCIUPL0_SPO0_SRVW0_SSO0_SVW4_SK0_SKA0_SKXCCM0_SNLL0_TSGRA0_TSGRB0_TT4_4_TLDS0_UIIDU0_UMLDSA0_UM
LDSB0_UMF0_U64SL1_UIOFGRO0_USFGROn1_VAW1_VSn1_VW1_VWB1_VFLRP0_WSGRA0_WSGRB0_WS32_WG16_16_1_WGM8_WGMTB

reject: VectorWidth must be >= 4 for Int8 or 8bitFloat
rejecting solution 
Cijk_Alik_Bljk_I8II_BH_GB_MT64x64x32_SN_1LDSB0_APM1_AAIGTEn1_AAILTEn1_AAV0_ABV0_ACED0_AF0EM1_AF1EM1_AMAS3_ASE_ASGT_ASLT_ASM_ASAE01_ASBE01_ASCE01_ASDE01_ASEM1_AAC0_BL1_BS1_C
UM0_CDO0_CTDA0_CLR0_DSK0_DRA0_DU32_DULD1_DTLA0_DTLB0_DTVA0_DTVB0_DAF0_DKP0_DVO0_ETSP_EPS1_ELFLR0_EMLL0_FSSC10_F16AI0_F16AIR0_FL0_GLVWA8_GLVWB8_GR2A1_GR2B1_GRCGA1_GRCGB1_GRC
VA1_GRCVB1_GRPM1_GRVW16_GSU1_GSUASB_GSUAA0_GSUSARR1_GSUWGMRR0_GLS0_ISA1201_IU1_IA0_KLA_LEL0_LBSPPA0_LBSPPB0_LPA2_LPB2_LDL1_LR2A1_LR2B1_LRVW2_LW2A1_LW2B1_LWPMn1_LDW0_LT1_FMA
_MIAV0_MTSM64_MTSM1_MDA2_MI_MO40_MVN256_MMFSC_MKFGSU256_MVN0_NR0_NTA0_NTB0_NTC0_NTD0_NEPBS0_NLCA1_NLCB1_ONLL1_OPLV0_PBD0_PFD1_PG2_PSD0_PSLn1_PWCn1_PWLn1_PK0_PKAB0_PAP0_PAPM
0_PGR1_PLR1_PKA0_RK0_SGR1_SIA1_SLW1_SS0_SU32_SUM0_SUS256_SCIU0_SCIUE0_SCIUI1_SCIUPL0_SPO0_SRVW0_SSO0_SVW4_SK0_SKA0_SKXCCM0_SNLL0_TSGRA0_TSGRB0_TT4_4_TLDS0_UIIDU0_UMLDSA0_UM
LDSB0_UMF0_U64SL1_UIOFGRO0_USFGROn1_VAW1_VSn1_VW2_VWB2_VFLRP0_WSGRA0_WSGRB0_WS32_WG16_16_1_WGM8_WGMTB

reject: VectorWidth must be >= 4 for Int8 or 8bitFloat
rejecting solution 
Cijk_Alik_Bljk_I8II_BH_GB_MT128x64x32_SN_1LDSB0_APM1_AAIGTEn1_AAILTEn1_AAV0_ABV0_ACED0_AF0EM1_AF1EM1_AMAS0_ASE_ASGT_ASLT_ASM_ASAE01_ASBE01_ASCE01_ASDE01_ASEM1_AAC0_BL1_BS1_
CUM0_CDO0_CTDA0_CLR0_DSK0_DRA0_DU32_DULD1_DTLA0_DTLB0_DTVA0_DTVB0_DAF0_DKP0_DVO0_ETSP_EPS1_ELFLR0_EMLL0_FSSC10_F16AI0_F16AIR0_FL0_GLVWA4_GLVWB4_GR2A1_GR2B1_GRCGA1_GRCGB1_GR
CVA1_GRCVB1_GRPM1_GRVW4_GSU1_GSUASB_GSUAA0_GSUSARR1_GSUWGMRR0_GLS0_ISA1201_IU1_IA0_KLA_LEL0_LBSPPA0_LBSPPB0_LPA1_LPB1_LDL1_LR2A1_LR2B1_LRVW1_LW2A1_LW2B1_LWPMn1_LDW0_LT1_FMA
_MIAV0_MTSM64_MTSM1_MDA2_MI_MO40_MVN256_MMFSC_MKFGSU256_MVN0_NR0_NTA0_NTB0_NTC0_NTD0_NEPBS0_NLCA1_NLCB1_ONLL1_OPLV0_PBD0_PFD1_PG2_PSD0_PSLn1_PWCn1_PWLn1_PK0_PKAB0_PAP0_PAPM
0_PGR1_PLR1_PKA0_RK0_SGR1_SIA1_SLW1_SS0_SU0_SUM0_SUS0_SCIU0_SCIUE0_SCIUI1_SCIUPL0_SPO0_SRVW0_SSO0_SVW4_SK0_SKA0_SKXCCM0_SNLL0_TSGRA0_TSGRB0_TT8_4_TLDS0_UIIDU0_UMLDSA0_UMLDS
B0_UMF0_U64SL1_UIOFGRO0_USFGROn1_VAW1_VSn1_VW1_VWB1_VFLRP0_WSGRA0_WSGRB0_WS32_WG16_16_1_WGM8_WGMTB

reject: VectorWidth must be >= 4 for Int8 or 8bitFloat
rejecting solution 
Cijk_Alik_Bljk_I8II_BH_GB_MT128x64x32_SN_1LDSB0_APM1_AAIGTEn1_AAILTEn1_AAV0_ABV0_ACED0_AF0EM1_AF1EM1_AMAS3_ASE_ASGT_ASLT_ASM_ASAE01_ASBE01_ASCE01_ASDE01_ASEM1_AAC0_BL1_BS1_
CUM0_CDO0_CTDA0_CLR0_DSK0_DRA0_DU32_DULD1_DTLA0_DTLB0_DTVA0_DTVB0_DAF0_DKP0_DVO0_ETSP_EPS1_ELFLR0_EMLL0_FSSC10_F16AI0_F16AIR0_FL0_GLVWA4_GLVWB4_GR2A1_GR2B1_GRCGA1_GRCGB1_GR
CVA1_GRCVB1_GRPM1_GRVW4_GSU1_GSUASB_GSUAA0_GSUSARR1_GSUWGMRR0_GLS0_ISA1201_IU1_IA0_KLA_LEL0_LBSPPA0_LBSPPB0_LPA2_LPB2_LDL1_LR2A1_LR2B1_LRVW2_LW2A1_LW2B1_LWPMn1_LDW0_LT1_FMA
_MIAV0_MTSM64_MTSM1_MDA2_MI_MO40_MVN256_MMFSC_MKFGSU256_MVN0_NR0_NTA0_NTB0_NTC0_NTD0_NEPBS0_NLCA1_NLCB1_ONLL1_OPLV0_PBD0_PFD1_PG2_PSD0_PSLn1_PWCn1_PWLn1_PK0_PKAB0_PAP0_PAPM
0_PGR1_PLR1_PKA0_RK0_SGR1_SIA1_SLW1_SS0_SU0_SUM0_SUS0_SCIU0_SCIUE0_SCIUI1_SCIUPL0_SPO0_SRVW0_SSO0_SVW4_SK0_SKA0_SKXCCM0_SNLL0_TSGRA0_TSGRB0_TT8_4_TLDS0_UIIDU0_UMLDSA0_UMLDS
B0_UMF0_U64SL1_UIOFGRO0_USFGROn1_VAW1_VSn1_VW2_VWB2_VFLRP0_WSGRA0_WSGRB0_WS32_WG16_16_1_WGM8_WGMTB

reject: VectorWidth must be >= 4 for Int8 or 8bitFloat
rejecting solution 
Cijk_Alik_Bljk_I8II_BH_GB_MT128x64x32_SN_1LDSB0_APM1_AAIGTEn1_AAILTEn1_AAV0_ABV0_ACED0_AF0EM1_AF1EM1_AMAS0_ASE_ASGT_ASLT_ASM_ASAE01_ASBE01_ASCE01_ASDE01_ASEM1_AAC0_BL1_BS1_
CUM0_CDO0_CTDA0_CLR0_DSK0_DRA0_DU32_DULD1_DTLA0_DTLB0_DTVA0_DTVB0_DAF0_DKP0_DVO0_ETSP_EPS1_ELFLR0_EMLL0_FSSC10_F16AI0_F16AIR0_FL0_GLVWA8_GLVWB8_GR2A1_GR2B1_GRCGA1_GRCGB1_GR
CVA1_GRCVB1_GRPM1_GRVW8_GSU1_GSUASB_GSUAA0_GSUSARR1_GSUWGMRR0_GLS0_ISA1201_IU1_IA0_KLA_LEL0_LBSPPA0_LBSPPB0_LPA1_LPB1_LDL1_LR2A1_LR2B1_LRVW1_LW2A1_LW2B1_LWPMn1_LDW0_LT1_FMA
_MIAV0_MTSM64_MTSM1_MDA2_MI_MO40_MVN256_MMFSC_MKFGSU256_MVN0_NR0_NTA0_NTB0_NTC0_NTD0_NEPBS0_NLCA1_NLCB1_ONLL1_OPLV0_PBD0_PFD1_PG2_PSD0_PSLn1_PWCn1_PWLn1_PK0_PKAB0_PAP0_PAPM
0_PGR1_PLR1_PKA0_RK0_SGR1_SIA1_SLW1_SS0_SU0_SUM0_SUS0_SCIU0_SCIUE0_SCIUI1_SCIUPL0_SPO0_SRVW0_SSO0_SVW4_SK0_SKA0_SKXCCM0_SNLL0_TSGRA0_TSGRB0_TT8_4_TLDS0_UIIDU0_UMLDSA0_UMLDS
B0_UMF0_U64SL1_UIOFGRO0_USFGROn1_VAW1_VSn1_VW1_VWB1_VFLRP0_WSGRA0_WSGRB0_WS32_WG16_16_1_WGM8_WGMTB

reject: VectorWidth must be >= 4 for Int8 or 8bitFloat
rejecting solution 
Cijk_Alik_Bljk_I8II_BH_GB_MT128x64x32_SN_1LDSB0_APM1_AAIGTEn1_AAILTEn1_AAV0_ABV0_ACED0_AF0EM1_AF1EM1_AMAS3_ASE_ASGT_ASLT_ASM_ASAE01_ASBE01_ASCE01_ASDE01_ASEM1_AAC0_BL1_BS1_
CUM0_CDO0_CTDA0_CLR0_DSK0_DRA0_DU32_DULD1_DTLA0_DTLB0_DTVA0_DTVB0_DAF0_DKP0_DVO0_ETSP_EPS1_ELFLR0_EMLL0_FSSC10_F16AI0_F16AIR0_FL0_GLVWA8_GLVWB8_GR2A1_GR2B1_GRCGA1_GRCGB1_GR
CVA1_GRCVB1_GRPM1_GRVW8_GSU1_GSUASB_GSUAA0_GSUSARR1_GSUWGMRR0_GLS0_ISA1201_IU1_IA0_KLA_LEL0_LBSPPA0_LBSPPB0_LPA2_LPB2_LDL1_LR2A1_LR2B1_LRVW2_LW2A1_LW2B1_LWPMn1_LDW0_LT1_FMA
_MIAV0_MTSM64_MTSM1_MDA2_MI_MO40_MVN256_MMFSC_MKFGSU256_MVN0_NR0_NTA0_NTB0_NTC0_NTD0_NEPBS0_NLCA1_NLCB1_ONLL1_OPLV0_PBD0_PFD1_PG2_PSD0_PSLn1_PWCn1_PWLn1_PK0_PKAB0_PAP0_PAPM
0_PGR1_PLR1_PKA0_RK0_SGR1_SIA1_SLW1_SS0_SU0_SUM0_SUS0_SCIU0_SCIUE0_SCIUI1_SCIUPL0_SPO0_SRVW0_SSO0_SVW4_SK0_SKA0_SKXCCM0_SNLL0_TSGRA0_TSGRB0_TT8_4_TLDS0_UIIDU0_UMLDSA0_UMLDS
B0_UMF0_U64SL1_UIOFGRO0_USFGROn1_VAW1_VSn1_VW2_VWB2_VFLRP0_WSGRA0_WSGRB0_WS32_WG16_16_1_WGM8_WGMTB

reject: VectorWidth must be >= 4 for Int8 or 8bitFloat
rejecting solution 
Cijk_Alik_Bljk_I8II_BH_GB_MT128x64x32_SN_1LDSB0_APM1_AAIGTEn1_AAILTEn1_AAV0_ABV0_ACED0_AF0EM1_AF1EM1_AMAS0_ASE_ASGT_ASLT_ASM_ASAE01_ASBE01_ASCE01_ASDE01_ASEM1_AAC0_BL1_BS1_
CUM0_CDO0_CTDA0_CLR0_DSK0_DRA0_DU32_DULD1_DTLA0_DTLB0_DTVA0_DTVB0_DAF0_DKP0_DVO0_ETSP_EPS1_ELFLR0_EMLL0_FSSC10_F16AI0_F16AIR0_FL0_GLVWA16_GLVWB8_GR2A1_GR2B1_GRCGA1_GRCGB1_G
RCVA1_GRCVB1_GRPM1_GRVW16_GSU1_GSUASB_GSUAA0_GSUSARR1_GSUWGMRR0_GLS0_ISA1201_IU1_IA0_KLA_LEL0_LBSPPA0_LBSPPB0_LPA1_LPB1_LDL1_LR2A1_LR2B1_LRVW1_LW2A1_LW2B1_LWPMn1_LDW0_LT1_F
MA_MIAV0_MTSM64_MTSM1_MDA2_MI_MO40_MVN256_MMFSC_MKFGSU256_MVN0_NR0_NTA0_NTB0_NTC0_NTD0_NEPBS0_NLCA1_NLCB1_ONLL1_OPLV0_PBD0_PFD1_PG2_PSD0_PSLn1_PWCn1_PWLn1_PK0_PKAB0_PAP0_PA
PM0_PGR1_PLR1_PKA0_RK0_SGR1_SIA1_SLW1_SS0_SU0_SUM0_SUS0_SCIU0_SCIUE0_SCIUI1_SCIUPL0_SPO0_SRVW0_SSO0_SVW4_SK0_SKA0_SKXCCM0_SNLL0_TSGRA0_TSGRB0_TT8_4_TLDS0_UIIDU0_UMLDSA0_UML
DSB0_UMF0_U64SL1_UIOFGRO0_USFGROn1_VAW1_VSn1_VW1_VWB1_VFLRP0_WSGRA0_WSGRB0_WS32_WG16_16_1_WGM8_WGMTB

reject: VectorWidth must be >= 4 for Int8 or 8bitFloat
rejecting solution 
Cijk_Alik_Bljk_I8II_BH_GB_MT128x64x32_SN_1LDSB0_APM1_AAIGTEn1_AAILTEn1_AAV0_ABV0_ACED0_AF0EM1_AF1EM1_AMAS3_ASE_ASGT_ASLT_ASM_ASAE01_ASBE01_ASCE01_ASDE01_ASEM1_AAC0_BL1_BS1_
CUM0_CDO0_CTDA0_CLR0_DSK0_DRA0_DU32_DULD1_DTLA0_DTLB0_DTVA0_DTVB0_DAF0_DKP0_DVO0_ETSP_EPS1_ELFLR0_EMLL0_FSSC10_F16AI0_F16AIR0_FL0_GLVWA16_GLVWB8_GR2A1_GR2B1_GRCGA1_GRCGB1_G
RCVA1_GRCVB1_GRPM1_GRVW16_GSU1_GSUASB_GSUAA0_GSUSARR1_GSUWGMRR0_GLS0_ISA1201_IU1_IA0_KLA_LEL0_LBSPPA0_LBSPPB0_LPA2_LPB2_LDL1_LR2A1_LR2B1_LRVW2_LW2A1_LW2B1_LWPMn1_LDW0_LT1_F
MA_MIAV0_MTSM64_MTSM1_MDA2_MI_MO40_MVN256_MMFSC_MKFGSU256_MVN0_NR0_NTA0_NTB0_NTC0_NTD0_NEPBS0_NLCA1_NLCB1_ONLL1_OPLV0_PBD0_PFD1_PG2_PSD0_PSLn1_PWCn1_PWLn1_PK0_PKAB0_PAP0_PA
PM0_PGR1_PLR1_PKA0_RK0_SGR1_SIA1_SLW1_SS0_SU0_SUM0_SUS0_SCIU0_SCIUE0_SCIUI1_SCIUPL0_SPO0_SRVW0_SSO0_SVW4_SK0_SKA0_SKXCCM0_SNLL0_TSGRA0_TSGRB0_TT8_4_TLDS0_UIIDU0_UMLDSA0_UML
DSB0_UMF0_U64SL1_UIOFGRO0_USFGROn1_VAW1_VSn1_VW2_VWB2_VFLRP0_WSGRA0_WSGRB0_WS32_WG16_16_1_WGM8_WGMTB

reject: VectorWidth must be >= 4 for Int8 or 8bitFloat
rejecting solution 
Cijk_Alik_Bljk_I8II_BH_GB_MT128x64x32_SN_1LDSB0_APM1_AAIGTEn1_AAILTEn1_AAV0_ABV0_ACED0_AF0EM1_AF1EM1_AMAS0_ASE_ASGT_ASLT_ASM_ASAE01_ASBE01_ASCE01_ASDE01_ASEM1_AAC0_BL1_BS1_
CUM0_CDO0_CTDA0_CLR0_DSK0_DRA0_DU32_DULD1_DTLA0_DTLB0_DTVA0_DTVB0_DAF0_DKP0_DVO0_ETSP_EPS1_ELFLR0_EMLL0_FSSC10_F16AI0_F16AIR0_FL0_GLVWA4_GLVWB4_GR2A1_GR2B1_GRCGA1_GRCGB1_GR
CVA1_GRCVB1_GRPM1_GRVW4_GSU1_GSUASB_GSUAA0_GSUSARR1_GSUWGMRR0_GLS0_ISA1201_IU1_IA0_KLA_LEL0_LBSPPA0_LBSPPB0_LPA1_LPB1_LDL1_LR2A1_LR2B1_LRVW1_LW2A1_LW2B1_LWPMn1_LDW0_LT1_FMA
_MIAV0_MTSM64_MTSM1_MDA2_MI_MO40_MVN256_MMFSC_MKFGSU256_MVN0_NR0_NTA0_NTB0_NTC0_NTD0_NEPBS0_NLCA1_NLCB1_ONLL1_OPLV0_PBD0_PFD1_PG2_PSD0_PSLn1_PWCn1_PWLn1_PK0_PKAB0_PAP0_PAPM
0_PGR1_PLR1_PKA0_RK0_SGR1_SIA1_SLW1_SS0_SU32_SUM0_SUS256_SCIU0_SCIUE0_SCIUI1_SCIUPL0_SPO0_SRVW0_SSO0_SVW4_SK0_SKA0_SKXCCM0_SNLL0_TSGRA0_TSGRB0_TT8_4_TLDS0_UIIDU0_UMLDSA0_UM
LDSB0_UMF0_U64SL1_UIOFGRO0_USFGROn1_VAW1_VSn1_VW1_VWB1_VFLRP0_WSGRA0_WSGRB0_WS32_WG16_16_1_WGM8_WGMTB

reject: VectorWidth must be >= 4 for Int8 or 8bitFloat
rejecting solution 
Cijk_Alik_Bljk_I8II_BH_GB_MT128x64x32_SN_1LDSB0_APM1_AAIGTEn1_AAILTEn1_AAV0_ABV0_ACED0_AF0EM1_AF1EM1_AMAS3_ASE_ASGT_ASLT_ASM_ASAE01_ASBE01_ASCE01_ASDE01_ASEM1_AAC0_BL1_BS1_
CUM0_CDO0_CTDA0_CLR0_DSK0_DRA0_DU32_DULD1_DTLA0_DTLB0_DTVA0_DTVB0_DAF0_DKP0_DVO0_ETSP_EPS1_ELFLR0_EMLL0_FSSC10_F16AI0_F16AIR0_FL0_GLVWA4_GLVWB4_GR2A1_GR2B1_GRCGA1_GRCGB1_GR
CVA1_GRCVB1_GRPM1_GRVW4_GSU1_GSUASB_GSUAA0_GSUSARR1_GSUWGMRR0_GLS0_ISA1201_IU1_IA0_KLA_LEL0_LBSPPA0_LBSPPB0_LPA2_LPB2_LDL1_LR2A1_LR2B1_LRVW2_LW2A1_LW2B1_LWPMn1_LDW0_LT1_FMA
_MIAV0_MTSM64_MTSM1_MDA2_MI_MO40_MVN256_MMFSC_MKFGSU256_MVN0_NR0_NTA0_NTB0_NTC0_NTD0_NEPBS0_NLCA1_NLCB1_ONLL1_OPLV0_PBD0_PFD1_PG2_PSD0_PSLn1_PWCn1_PWLn1_PK0_PKAB0_PAP0_PAPM
0_PGR1_PLR1_PKA0_RK0_SGR1_SIA1_SLW1_SS0_SU32_SUM0_SUS256_SCIU0_SCIUE0_SCIUI1_SCIUPL0_SPO0_SRVW0_SSO0_SVW4_SK0_SKA0_SKXCCM0_SNLL0_TSGRA0_TSGRB0_TT8_4_TLDS0_UIIDU0_UMLDSA0_UM
LDSB0_UMF0_U64SL1_UIOFGRO0_USFGROn1_VAW1_VSn1_VW2_VWB2_VFLRP0_WSGRA0_WSGRB0_WS32_WG16_16_1_WGM8_WGMTB

reject: VectorWidth must be >= 4 for Int8 or 8bitFloat
rejecting solution 
Cijk_Alik_Bljk_I8II_BH_GB_MT128x64x32_SN_1LDSB0_APM1_AAIGTEn1_AAILTEn1_AAV0_ABV0_ACED0_AF0EM1_AF1EM1_AMAS0_ASE_ASGT_ASLT_ASM_ASAE01_ASBE01_ASCE01_ASDE01_ASEM1_AAC0_BL1_BS1_
CUM0_CDO0_CTDA0_CLR0_DSK0_DRA0_DU32_DULD1_DTLA0_DTLB0_DTVA0_DTVB0_DAF0_DKP0_DVO0_ETSP_EPS1_ELFLR0_EMLL0_FSSC10_F16AI0_F16AIR0_FL0_GLVWA8_GLVWB8_GR2A1_GR2B1_GRCGA1_GRCGB1_GR
CVA1_GRCVB1_GRPM1_GRVW8_GSU1_GSUASB_GSUAA0_GSUSARR1_GSUWGMRR0_GLS0_ISA1201_IU1_IA0_KLA_LEL0_LBSPPA0_LBSPPB0_LPA1_LPB1_LDL1_LR2A1_LR2B1_LRVW1_LW2A1_LW2B1_LWPMn1_LDW0_LT1_FMA
_MIAV0_MTSM64_MTSM1_MDA2_MI_MO40_MVN256_MMFSC_MKFGSU256_MVN0_NR0_NTA0_NTB0_NTC0_NTD0_NEPBS0_NLCA1_NLCB1_ONLL1_OPLV0_PBD0_PFD1_PG2_PSD0_PSLn1_PWCn1_PWLn1_PK0_PKAB0_PAP0_PAPM
0_PGR1_PLR1_PKA0_RK0_SGR1_SIA1_SLW1_SS0_SU32_SUM0_SUS256_SCIU0_SCIUE0_SCIUI1_SCIUPL0_SPO0_SRVW0_SSO0_SVW4_SK0_SKA0_SKXCCM0_SNLL0_TSGRA0_TSGRB0_TT8_4_TLDS0_UIIDU0_UMLDSA0_UM
LDSB0_UMF0_U64SL1_UIOFGRO0_USFGROn1_VAW1_VSn1_VW1_VWB1_VFLRP0_WSGRA0_WSGRB0_WS32_WG16_16_1_WGM8_WGMTB

reject: VectorWidth must be >= 4 for Int8 or 8bitFloat
rejecting solution 
Cijk_Alik_Bljk_I8II_BH_GB_MT128x64x32_SN_1LDSB0_APM1_AAIGTEn1_AAILTEn1_AAV0_ABV0_ACED0_AF0EM1_AF1EM1_AMAS3_ASE_ASGT_ASLT_ASM_ASAE01_ASBE01_ASCE01_ASDE01_ASEM1_AAC0_BL1_BS1_
CUM0_CDO0_CTDA0_CLR0_DSK0_DRA0_DU32_DULD1_DTLA0_DTLB0_DTVA0_DTVB0_DAF0_DKP0_DVO0_ETSP_EPS1_ELFLR0_EMLL0_FSSC10_F16AI0_F16AIR0_FL0_GLVWA8_GLVWB8_GR2A1_GR2B1_GRCGA1_GRCGB1_GR
CVA1_GRCVB1_GRPM1_GRVW8_GSU1_GSUASB_GSUAA0_GSUSARR1_GSUWGMRR0_GLS0_ISA1201_IU1_IA0_KLA_LEL0_LBSPPA0_LBSPPB0_LPA2_LPB2_LDL1_LR2A1_LR2B1_LRVW2_LW2A1_LW2B1_LWPMn1_LDW0_LT1_FMA
_MIAV0_MTSM64_MTSM1_MDA2_MI_MO40_MVN256_MMFSC_MKFGSU256_MVN0_NR0_NTA0_NTB0_NTC0_NTD0_NEPBS0_NLCA1_NLCB1_ONLL1_OPLV0_PBD0_PFD1_PG2_PSD0_PSLn1_PWCn1_PWLn1_PK0_PKAB0_PAP0_PAPM
0_PGR1_PLR1_PKA0_RK0_SGR1_SIA1_SLW1_SS0_SU32_SUM0_SUS256_SCIU0_SCIUE0_SCIUI1_SCIUPL0_SPO0_SRVW0_SSO0_SVW4_SK0_SKA0_SKXCCM0_SNLL0_TSGRA0_TSGRB0_TT8_4_TLDS0_UIIDU0_UMLDSA0_UM
LDSB0_UMF0_U64SL1_UIOFGRO0_USFGROn1_VAW1_VSn1_VW2_VWB2_VFLRP0_WSGRA0_WSGRB0_WS32_WG16_16_1_WGM8_WGMTB

reject: VectorWidth must be >= 4 for Int8 or 8bitFloat
rejecting solution 
Cijk_Alik_Bljk_I8II_BH_GB_MT128x64x32_SN_1LDSB0_APM1_AAIGTEn1_AAILTEn1_AAV0_ABV0_ACED0_AF0EM1_AF1EM1_AMAS0_ASE_ASGT_ASLT_ASM_ASAE01_ASBE01_ASCE01_ASDE01_ASEM1_AAC0_BL1_BS1_
CUM0_CDO0_CTDA0_CLR0_DSK0_DRA0_DU32_DULD1_DTLA0_DTLB0_DTVA0_DTVB0_DAF0_DKP0_DVO0_ETSP_EPS1_ELFLR0_EMLL0_FSSC10_F16AI0_F16AIR0_FL0_GLVWA16_GLVWB8_GR2A1_GR2B1_GRCGA1_GRCGB1_G
RCVA1_GRCVB1_GRPM1_GRVW16_GSU1_GSUASB_GSUAA0_GSUSARR1_GSUWGMRR0_GLS0_ISA1201_IU1_IA0_KLA_LEL0_LBSPPA0_LBSPPB0_LPA1_LPB1_LDL1_LR2A1_LR2B1_LRVW1_LW2A1_LW2B1_LWPMn1_LDW0_LT1_F
MA_MIAV0_MTSM64_MTSM1_MDA2_MI_MO40_MVN256_MMFSC_MKFGSU256_MVN0_NR0_NTA0_NTB0_NTC0_NTD0_NEPBS0_NLCA1_NLCB1_ONLL1_OPLV0_PBD0_PFD1_PG2_PSD0_PSLn1_PWCn1_PWLn1_PK0_PKAB0_PAP0_PA
PM0_PGR1_PLR1_PKA0_RK0_SGR1_SIA1_SLW1_SS0_SU32_SUM0_SUS256_SCIU0_SCIUE0_SCIUI1_SCIUPL0_SPO0_SRVW0_SSO0_SVW4_SK0_SKA0_SKXCCM0_SNLL0_TSGRA0_TSGRB0_TT8_4_TLDS0_UIIDU0_UMLDSA0_
UMLDSB0_UMF0_U64SL1_UIOFGRO0_USFGROn1_VAW1_VSn1_VW1_VWB1_VFLRP0_WSGRA0_WSGRB0_WS32_WG16_16_1_WGM8_WGMTB

reject: VectorWidth must be >= 4 for Int8 or 8bitFloat
rejecting solution 
Cijk_Alik_Bljk_I8II_BH_GB_MT128x64x32_SN_1LDSB0_APM1_AAIGTEn1_AAILTEn1_AAV0_ABV0_ACED0_AF0EM1_AF1EM1_AMAS3_ASE_ASGT_ASLT_ASM_ASAE01_ASBE01_ASCE01_ASDE01_ASEM1_AAC0_BL1_BS1_
CUM0_CDO0_CTDA0_CLR0_DSK0_DRA0_DU32_DULD1_DTLA0_DTLB0_DTVA0_DTVB0_DAF0_DKP0_DVO0_ETSP_EPS1_ELFLR0_EMLL0_FSSC10_F16AI0_F16AIR0_FL0_GLVWA16_GLVWB8_GR2A1_GR2B1_GRCGA1_GRCGB1_G
RCVA1_GRCVB1_GRPM1_GRVW16_GSU1_GSUASB_GSUAA0_GSUSARR1_GSUWGMRR0_GLS0_ISA1201_IU1_IA0_KLA_LEL0_LBSPPA0_LBSPPB0_LPA2_LPB2_LDL1_LR2A1_LR2B1_LRVW2_LW2A1_LW2B1_LWPMn1_LDW0_LT1_F
MA_MIAV0_MTSM64_MTSM1_MDA2_MI_MO40_MVN256_MMFSC_MKFGSU256_MVN0_NR0_NTA0_NTB0_NTC0_NTD0_NEPBS0_NLCA1_NLCB1_ONLL1_OPLV0_PBD0_PFD1_PG2_PSD0_PSLn1_PWCn1_PWLn1_PK0_PKAB0_PAP0_PA
PM0_PGR1_PLR1_PKA0_RK0_SGR1_SIA1_SLW1_SS0_SU32_SUM0_SUS256_SCIU0_SCIUE0_SCIUI1_SCIUPL0_SPO0_SRVW0_SSO0_SVW4_SK0_SKA0_SKXCCM0_SNLL0_TSGRA0_TSGRB0_TT8_4_TLDS0_UIIDU0_UMLDSA0_
UMLDSB0_UMF0_U64SL1_UIOFGRO0_USFGROn1_VAW1_VSn1_VW2_VWB2_VFLRP0_WSGRA0_WSGRB0_WS32_WG16_16_1_WGM8_WGMTB

reject: VectorWidth must be >= 4 for Int8 or 8bitFloat
rejecting solution 
Cijk_Alik_Bljk_I8II_BH_GB_MT64x128x32_SN_1LDSB0_APM1_AAIGTEn1_AAILTEn1_AAV0_ABV0_ACED0_AF0EM1_AF1EM1_AMAS0_ASE_ASGT_ASLT_ASM_ASAE01_ASBE01_ASCE01_ASDE01_ASEM1_AAC0_BL1_BS1_
CUM0_CDO0_CTDA0_CLR0_DSK0_DRA0_DU32_DULD1_DTLA0_DTLB0_DTVA0_DTVB0_DAF0_DKP0_DVO0_ETSP_EPS1_ELFLR0_EMLL0_FSSC10_F16AI0_F16AIR0_FL0_GLVWA4_GLVWB4_GR2A1_GR2B1_GRCGA1_GRCGB1_GR
CVA1_GRCVB1_GRPM1_GRVW4_GSU1_GSUASB_GSUAA0_GSUSARR1_GSUWGMRR0_GLS0_ISA1201_IU1_IA0_KLA_LEL0_LBSPPA0_LBSPPB0_LPA1_LPB1_LDL1_LR2A1_LR2B1_LRVW1_LW2A1_LW2B1_LWPMn1_LDW0_LT1_FMA
_MIAV0_MTSM64_MTSM1_MDA2_MI_MO40_MVN256_MMFSC_MKFGSU256_MVN0_NR0_NTA0_NTB0_NTC0_NTD0_NEPBS0_NLCA1_NLCB1_ONLL1_OPLV0_PBD0_PFD1_PG2_PSD0_PSLn1_PWCn1_PWLn1_PK0_PKAB0_PAP0_PAPM
0_PGR1_PLR1_PKA0_RK0_SGR1_SIA1_SLW1_SS0_SU0_SUM0_SUS0_SCIU0_SCIUE0_SCIUI1_SCIUPL0_SPO0_SRVW0_SSO0_SVW4_SK0_SKA0_SKXCCM0_SNLL0_TSGRA0_TSGRB0_TT4_8_TLDS0_UIIDU0_UMLDSA0_UMLDS
B0_UMF0_U64SL1_UIOFGRO0_USFGROn1_VAW1_VSn1_VW1_VWB1_VFLRP0_WSGRA0_WSGRB0_WS32_WG16_16_1_WGM8_WGMTB

reject: VectorWidth must be >= 4 for Int8 or 8bitFloat
rejecting solution 
Cijk_Alik_Bljk_I8II_BH_GB_MT64x128x32_SN_1LDSB0_APM1_AAIGTEn1_AAILTEn1_AAV0_ABV0_ACED0_AF0EM1_AF1EM1_AMAS3_ASE_ASGT_ASLT_ASM_ASAE01_ASBE01_ASCE01_ASDE01_ASEM1_AAC0_BL1_BS1_
CUM0_CDO0_CTDA0_CLR0_DSK0_DRA0_DU32_DULD1_DTLA0_DTLB0_DTVA0_DTVB0_DAF0_DKP0_DVO0_ETSP_EPS1_ELFLR0_EMLL0_FSSC10_F16AI0_F16AIR0_FL0_GLVWA4_GLVWB4_GR2A1_GR2B1_GRCGA1_GRCGB1_GR
CVA1_GRCVB1_GRPM1_GRVW4_GSU1_GSUASB_GSUAA0_GSUSARR1_GSUWGMRR0_GLS0_ISA1201_IU1_IA0_KLA_LEL0_LBSPPA0_LBSPPB0_LPA2_LPB2_LDL1_LR2A1_LR2B1_LRVW2_LW2A1_LW2B1_LWPMn1_LDW0_LT1_FMA
_MIAV0_MTSM64_MTSM1_MDA2_MI_MO40_MVN256_MMFSC_MKFGSU256_MVN0_NR0_NTA0_NTB0_NTC0_NTD0_NEPBS0_NLCA1_NLCB1_ONLL1_OPLV0_PBD0_PFD1_PG2_PSD0_PSLn1_PWCn1_PWLn1_PK0_PKAB0_PAP0_PAPM
0_PGR1_PLR1_PKA0_RK0_SGR1_SIA1_SLW1_SS0_SU0_SUM0_SUS0_SCIU0_SCIUE0_SCIUI1_SCIUPL0_SPO0_SRVW0_SSO0_SVW4_SK0_SKA0_SKXCCM0_SNLL0_TSGRA0_TSGRB0_TT4_8_TLDS0_UIIDU0_UMLDSA0_UMLDS
B0_UMF0_U64SL1_UIOFGRO0_USFGROn1_VAW1_VSn1_VW2_VWB2_VFLRP0_WSGRA0_WSGRB0_WS32_WG16_16_1_WGM8_WGMTB

reject: VectorWidth must be >= 4 for Int8 or 8bitFloat
rejecting solution 
Cijk_Alik_Bljk_I8II_BH_GB_MT64x128x32_SN_1LDSB0_APM1_AAIGTEn1_AAILTEn1_AAV0_ABV0_ACED0_AF0EM1_AF1EM1_AMAS0_ASE_ASGT_ASLT_ASM_ASAE01_ASBE01_ASCE01_ASDE01_ASEM1_AAC0_BL1_BS1_
CUM0_CDO0_CTDA0_CLR0_DSK0_DRA0_DU32_DULD1_DTLA0_DTLB0_DTVA0_DTVB0_DAF0_DKP0_DVO0_ETSP_EPS1_ELFLR0_EMLL0_FSSC10_F16AI0_F16AIR0_FL0_GLVWA8_GLVWB8_GR2A1_GR2B1_GRCGA1_GRCGB1_GR
CVA1_GRCVB1_GRPM1_GRVW8_GSU1_GSUASB_GSUAA0_GSUSARR1_GSUWGMRR0_GLS0_ISA1201_IU1_IA0_KLA_LEL0_LBSPPA0_LBSPPB0_LPA1_LPB1_LDL1_LR2A1_LR2B1_LRVW1_LW2A1_LW2B1_LWPMn1_LDW0_LT1_FMA
_MIAV0_MTSM64_MTSM1_MDA2_MI_MO40_MVN256_MMFSC_MKFGSU256_MVN0_NR0_NTA0_NTB0_NTC0_NTD0_NEPBS0_NLCA1_NLCB1_ONLL1_OPLV0_PBD0_PFD1_PG2_PSD0_PSLn1_PWCn1_PWLn1_PK0_PKAB0_PAP0_PAPM
0_PGR1_PLR1_PKA0_RK0_SGR1_SIA1_SLW1_SS0_SU0_SUM0_SUS0_SCIU0_SCIUE0_SCIUI1_SCIUPL0_SPO0_SRVW0_SSO0_SVW4_SK0_SKA0_SKXCCM0_SNLL0_TSGRA0_TSGRB0_TT4_8_TLDS0_UIIDU0_UMLDSA0_UMLDS
B0_UMF0_U64SL1_UIOFGRO0_USFGROn1_VAW1_VSn1_VW1_VWB1_VFLRP0_WSGRA0_WSGRB0_WS32_WG16_16_1_WGM8_WGMTB

reject: VectorWidth must be >= 4 for Int8 or 8bitFloat
rejecting solution 
Cijk_Alik_Bljk_I8II_BH_GB_MT64x128x32_SN_1LDSB0_APM1_AAIGTEn1_AAILTEn1_AAV0_ABV0_ACED0_AF0EM1_AF1EM1_AMAS3_ASE_ASGT_ASLT_ASM_ASAE01_ASBE01_ASCE01_ASDE01_ASEM1_AAC0_BL1_BS1_
CUM0_CDO0_CTDA0_CLR0_DSK0_DRA0_DU32_DULD1_DTLA0_DTLB0_DTVA0_DTVB0_DAF0_DKP0_DVO0_ETSP_EPS1_ELFLR0_EMLL0_FSSC10_F16AI0_F16AIR0_FL0_GLVWA8_GLVWB8_GR2A1_GR2B1_GRCGA1_GRCGB1_GR
CVA1_GRCVB1_GRPM1_GRVW8_GSU1_GSUASB_GSUAA0_GSUSARR1_GSUWGMRR0_GLS0_ISA1201_IU1_IA0_KLA_LEL0_LBSPPA0_LBSPPB0_LPA2_LPB2_LDL1_LR2A1_LR2B1_LRVW2_LW2A1_LW2B1_LWPMn1_LDW0_LT1_FMA
_MIAV0_MTSM64_MTSM1_MDA2_MI_MO40_MVN256_MMFSC_MKFGSU256_MVN0_NR0_NTA0_NTB0_NTC0_NTD0_NEPBS0_NLCA1_NLCB1_ONLL1_OPLV0_PBD0_PFD1_PG2_PSD0_PSLn1_PWCn1_PWLn1_PK0_PKAB0_PAP0_PAPM
0_PGR1_PLR1_PKA0_RK0_SGR1_SIA1_SLW1_SS0_SU0_SUM0_SUS0_SCIU0_SCIUE0_SCIUI1_SCIUPL0_SPO0_SRVW0_SSO0_SVW4_SK0_SKA0_SKXCCM0_SNLL0_TSGRA0_TSGRB0_TT4_8_TLDS0_UIIDU0_UMLDSA0_UMLDS
B0_UMF0_U64SL1_UIOFGRO0_USFGROn1_VAW1_VSn1_VW2_VWB2_VFLRP0_WSGRA0_WSGRB0_WS32_WG16_16_1_WGM8_WGMTB

reject: VectorWidth must be >= 4 for Int8 or 8bitFloat
rejecting solution 
Cijk_Alik_Bljk_I8II_BH_GB_MT64x128x32_SN_1LDSB0_APM1_AAIGTEn1_AAILTEn1_AAV0_ABV0_ACED0_AF0EM1_AF1EM1_AMAS0_ASE_ASGT_ASLT_ASM_ASAE01_ASBE01_ASCE01_ASDE01_ASEM1_AAC0_BL1_BS1_
CUM0_CDO0_CTDA0_CLR0_DSK0_DRA0_DU32_DULD1_DTLA0_DTLB0_DTVA0_DTVB0_DAF0_DKP0_DVO0_ETSP_EPS1_ELFLR0_EMLL0_FSSC10_F16AI0_F16AIR0_FL0_GLVWA8_GLVWB16_GR2A1_GR2B1_GRCGA1_GRCGB1_G
RCVA1_GRCVB1_GRPM1_GRVW16_GSU1_GSUASB_GSUAA0_GSUSARR1_GSUWGMRR0_GLS0_ISA1201_IU1_IA0_KLA_LEL0_LBSPPA0_LBSPPB0_LPA1_LPB1_LDL1_LR2A1_LR2B1_LRVW1_LW2A1_LW2B1_LWPMn1_LDW0_LT1_F
MA_MIAV0_MTSM64_MTSM1_MDA2_MI_MO40_MVN256_MMFSC_MKFGSU256_MVN0_NR0_NTA0_NTB0_NTC0_NTD0_NEPBS0_NLCA1_NLCB1_ONLL1_OPLV0_PBD0_PFD1_PG2_PSD0_PSLn1_PWCn1_PWLn1_PK0_PKAB0_PAP0_PA
PM0_PGR1_PLR1_PKA0_RK0_SGR1_SIA1_SLW1_SS0_SU0_SUM0_SUS0_SCIU0_SCIUE0_SCIUI1_SCIUPL0_SPO0_SRVW0_SSO0_SVW4_SK0_SKA0_SKXCCM0_SNLL0_TSGRA0_TSGRB0_TT4_8_TLDS0_UIIDU0_UMLDSA0_UML
DSB0_UMF0_U64SL1_UIOFGRO0_USFGROn1_VAW1_VSn1_VW1_VWB1_VFLRP0_WSGRA0_WSGRB0_WS32_WG16_16_1_WGM8_WGMTB

reject: VectorWidth must be >= 4 for Int8 or 8bitFloat
rejecting solution 
Cijk_Alik_Bljk_I8II_BH_GB_MT64x128x32_SN_1LDSB0_APM1_AAIGTEn1_AAILTEn1_AAV0_ABV0_ACED0_AF0EM1_AF1EM1_AMAS3_ASE_ASGT_ASLT_ASM_ASAE01_ASBE01_ASCE01_ASDE01_ASEM1_AAC0_BL1_BS1_
CUM0_CDO0_CTDA0_CLR0_DSK0_DRA0_DU32_DULD1_DTLA0_DTLB0_DTVA0_DTVB0_DAF0_DKP0_DVO0_ETSP_EPS1_ELFLR0_EMLL0_FSSC10_F16AI0_F16AIR0_FL0_GLVWA8_GLVWB16_GR2A1_GR2B1_GRCGA1_GRCGB1_G
RCVA1_GRCVB1_GRPM1_GRVW16_GSU1_GSUASB_GSUAA0_GSUSARR1_GSUWGMRR0_GLS0_ISA1201_IU1_IA0_KLA_LEL0_LBSPPA0_LBSPPB0_LPA2_LPB2_LDL1_LR2A1_LR2B1_LRVW2_LW2A1_LW2B1_LWPMn1_LDW0_LT1_F
MA_MIAV0_MTSM64_MTSM1_MDA2_MI_MO40_MVN256_MMFSC_MKFGSU256_MVN0_NR0_NTA0_NTB0_NTC0_NTD0_NEPBS0_NLCA1_NLCB1_ONLL1_OPLV0_PBD0_PFD1_PG2_PSD0_PSLn1_PWCn1_PWLn1_PK0_PKAB0_PAP0_PA
PM0_PGR1_PLR1_PKA0_RK0_SGR1_SIA1_SLW1_SS0_SU0_SUM0_SUS0_SCIU0_SCIUE0_SCIUI1_SCIUPL0_SPO0_SRVW0_SSO0_SVW4_SK0_SKA0_SKXCCM0_SNLL0_TSGRA0_TSGRB0_TT4_8_TLDS0_UIIDU0_UMLDSA0_UML
DSB0_UMF0_U64SL1_UIOFGRO0_USFGROn1_VAW1_VSn1_VW2_VWB2_VFLRP0_WSGRA0_WSGRB0_WS32_WG16_16_1_WGM8_WGMTB

reject: VectorWidth must be >= 4 for Int8 or 8bitFloat
rejecting solution 
Cijk_Alik_Bljk_I8II_BH_GB_MT64x128x32_SN_1LDSB0_APM1_AAIGTEn1_AAILTEn1_AAV0_ABV0_ACED0_AF0EM1_AF1EM1_AMAS0_ASE_ASGT_ASLT_ASM_ASAE01_ASBE01_ASCE01_ASDE01_ASEM1_AAC0_BL1_BS1_
CUM0_CDO0_CTDA0_CLR0_DSK0_DRA0_DU32_DULD1_DTLA0_DTLB0_DTVA0_DTVB0_DAF0_DKP0_DVO0_ETSP_EPS1_ELFLR0_EMLL0_FSSC10_F16AI0_F16AIR0_FL0_GLVWA4_GLVWB4_GR2A1_GR2B1_GRCGA1_GRCGB1_GR
CVA1_GRCVB1_GRPM1_GRVW4_GSU1_GSUASB_GSUAA0_GSUSARR1_GSUWGMRR0_GLS0_ISA1201_IU1_IA0_KLA_LEL0_LBSPPA0_LBSPPB0_LPA1_LPB1_LDL1_LR2A1_LR2B1_LRVW1_LW2A1_LW2B1_LWPMn1_LDW0_LT1_FMA
_MIAV0_MTSM64_MTSM1_MDA2_MI_MO40_MVN256_MMFSC_MKFGSU256_MVN0_NR0_NTA0_NTB0_NTC0_NTD0_NEPBS0_NLCA1_NLCB1_ONLL1_OPLV0_PBD0_PFD1_PG2_PSD0_PSLn1_PWCn1_PWLn1_PK0_PKAB0_PAP0_PAPM
0_PGR1_PLR1_PKA0_RK0_SGR1_SIA1_SLW1_SS0_SU32_SUM0_SUS256_SCIU0_SCIUE0_SCIUI1_SCIUPL0_SPO0_SRVW0_SSO0_SVW4_SK0_SKA0_SKXCCM0_SNLL0_TSGRA0_TSGRB0_TT4_8_TLDS0_UIIDU0_UMLDSA0_UM
LDSB0_UMF0_U64SL1_UIOFGRO0_USFGROn1_VAW1_VSn1_VW1_VWB1_VFLRP0_WSGRA0_WSGRB0_WS32_WG16_16_1_WGM8_WGMTB

reject: VectorWidth must be >= 4 for Int8 or 8bitFloat
rejecting solution 
Cijk_Alik_Bljk_I8II_BH_GB_MT64x128x32_SN_1LDSB0_APM1_AAIGTEn1_AAILTEn1_AAV0_ABV0_ACED0_AF0EM1_AF1EM1_AMAS3_ASE_ASGT_ASLT_ASM_ASAE01_ASBE01_ASCE01_ASDE01_ASEM1_AAC0_BL1_BS1_
CUM0_CDO0_CTDA0_CLR0_DSK0_DRA0_DU32_DULD1_DTLA0_DTLB0_DTVA0_DTVB0_DAF0_DKP0_DVO0_ETSP_EPS1_ELFLR0_EMLL0_FSSC10_F16AI0_F16AIR0_FL0_GLVWA4_GLVWB4_GR2A1_GR2B1_GRCGA1_GRCGB1_GR
CVA1_GRCVB1_GRPM1_GRVW4_GSU1_GSUASB_GSUAA0_GSUSARR1_GSUWGMRR0_GLS0_ISA1201_IU1_IA0_KLA_LEL0_LBSPPA0_LBSPPB0_LPA2_LPB2_LDL1_LR2A1_LR2B1_LRVW2_LW2A1_LW2B1_LWPMn1_LDW0_LT1_FMA
_MIAV0_MTSM64_MTSM1_MDA2_MI_MO40_MVN256_MMFSC_MKFGSU256_MVN0_NR0_NTA0_NTB0_NTC0_NTD0_NEPBS0_NLCA1_NLCB1_ONLL1_OPLV0_PBD0_PFD1_PG2_PSD0_PSLn1_PWCn1_PWLn1_PK0_PKAB0_PAP0_PAPM
0_PGR1_PLR1_PKA0_RK0_SGR1_SIA1_SLW1_SS0_SU32_SUM0_SUS256_SCIU0_SCIUE0_SCIUI1_SCIUPL0_SPO0_SRVW0_SSO0_SVW4_SK0_SKA0_SKXCCM0_SNLL0_TSGRA0_TSGRB0_TT4_8_TLDS0_UIIDU0_UMLDSA0_UM
LDSB0_UMF0_U64SL1_UIOFGRO0_USFGROn1_VAW1_VSn1_VW2_VWB2_VFLRP0_WSGRA0_WSGRB0_WS32_WG16_16_1_WGM8_WGMTB

reject: VectorWidth must be >= 4 for Int8 or 8bitFloat
rejecting solution 
Cijk_Alik_Bljk_I8II_BH_GB_MT64x128x32_SN_1LDSB0_APM1_AAIGTEn1_AAILTEn1_AAV0_ABV0_ACED0_AF0EM1_AF1EM1_AMAS0_ASE_ASGT_ASLT_ASM_ASAE01_ASBE01_ASCE01_ASDE01_ASEM1_AAC0_BL1_BS1_
CUM0_CDO0_CTDA0_CLR0_DSK0_DRA0_DU32_DULD1_DTLA0_DTLB0_DTVA0_DTVB0_DAF0_DKP0_DVO0_ETSP_EPS1_ELFLR0_EMLL0_FSSC10_F16AI0_F16AIR0_FL0_GLVWA8_GLVWB8_GR2A1_GR2B1_GRCGA1_GRCGB1_GR
CVA1_GRCVB1_GRPM1_GRVW8_GSU1_GSUASB_GSUAA0_GSUSARR1_GSUWGMRR0_GLS0_ISA1201_IU1_IA0_KLA_LEL0_LBSPPA0_LBSPPB0_LPA1_LPB1_LDL1_LR2A1_LR2B1_LRVW1_LW2A1_LW2B1_LWPMn1_LDW0_LT1_FMA
_MIAV0_MTSM64_MTSM1_MDA2_MI_MO40_MVN256_MMFSC_MKFGSU256_MVN0_NR0_NTA0_NTB0_NTC0_NTD0_NEPBS0_NLCA1_NLCB1_ONLL1_OPLV0_PBD0_PFD1_PG2_PSD0_PSLn1_PWCn1_PWLn1_PK0_PKAB0_PAP0_PAPM
0_PGR1_PLR1_PKA0_RK0_SGR1_SIA1_SLW1_SS0_SU32_SUM0_SUS256_SCIU0_SCIUE0_SCIUI1_SCIUPL0_SPO0_SRVW0_SSO0_SVW4_SK0_SKA0_SKXCCM0_SNLL0_TSGRA0_TSGRB0_TT4_8_TLDS0_UIIDU0_UMLDSA0_UM
LDSB0_UMF0_U64SL1_UIOFGRO0_USFGROn1_VAW1_VSn1_VW1_VWB1_VFLRP0_WSGRA0_WSGRB0_WS32_WG16_16_1_WGM8_WGMTB

reject: VectorWidth must be >= 4 for Int8 or 8bitFloat
rejecting solution 
Cijk_Alik_Bljk_I8II_BH_GB_MT64x128x32_SN_1LDSB0_APM1_AAIGTEn1_AAILTEn1_AAV0_ABV0_ACED0_AF0EM1_AF1EM1_AMAS3_ASE_ASGT_ASLT_ASM_ASAE01_ASBE01_ASCE01_ASDE01_ASEM1_AAC0_BL1_BS1_
CUM0_CDO0_CTDA0_CLR0_DSK0_DRA0_DU32_DULD1_DTLA0_DTLB0_DTVA0_DTVB0_DAF0_DKP0_DVO0_ETSP_EPS1_ELFLR0_EMLL0_FSSC10_F16AI0_F16AIR0_FL0_GLVWA8_GLVWB8_GR2A1_GR2B1_GRCGA1_GRCGB1_GR
CVA1_GRCVB1_GRPM1_GRVW8_GSU1_GSUASB_GSUAA0_GSUSARR1_GSUWGMRR0_GLS0_ISA1201_IU1_IA0_KLA_LEL0_LBSPPA0_LBSPPB0_LPA2_LPB2_LDL1_LR2A1_LR2B1_LRVW2_LW2A1_LW2B1_LWPMn1_LDW0_LT1_FMA
_MIAV0_MTSM64_MTSM1_MDA2_MI_MO40_MVN256_MMFSC_MKFGSU256_MVN0_NR0_NTA0_NTB0_NTC0_NTD0_NEPBS0_NLCA1_NLCB1_ONLL1_OPLV0_PBD0_PFD1_PG2_PSD0_PSLn1_PWCn1_PWLn1_PK0_PKAB0_PAP0_PAPM
0_PGR1_PLR1_PKA0_RK0_SGR1_SIA1_SLW1_SS0_SU32_SUM0_SUS256_SCIU0_SCIUE0_SCIUI1_SCIUPL0_SPO0_SRVW0_SSO0_SVW4_SK0_SKA0_SKXCCM0_SNLL0_TSGRA0_TSGRB0_TT4_8_TLDS0_UIIDU0_UMLDSA0_UM
LDSB0_UMF0_U64SL1_UIOFGRO0_USFGROn1_VAW1_VSn1_VW2_VWB2_VFLRP0_WSGRA0_WSGRB0_WS32_WG16_16_1_WGM8_WGMTB

reject: VectorWidth must be >= 4 for Int8 or 8bitFloat
rejecting solution 
Cijk_Alik_Bljk_I8II_BH_GB_MT64x128x32_SN_1LDSB0_APM1_AAIGTEn1_AAILTEn1_AAV0_ABV0_ACED0_AF0EM1_AF1EM1_AMAS0_ASE_ASGT_ASLT_ASM_ASAE01_ASBE01_ASCE01_ASDE01_ASEM1_AAC0_BL1_BS1_
CUM0_CDO0_CTDA0_CLR0_DSK0_DRA0_DU32_DULD1_DTLA0_DTLB0_DTVA0_DTVB0_DAF0_DKP0_DVO0_ETSP_EPS1_ELFLR0_EMLL0_FSSC10_F16AI0_F16AIR0_FL0_GLVWA8_GLVWB16_GR2A1_GR2B1_GRCGA1_GRCGB1_G
RCVA1_GRCVB1_GRPM1_GRVW16_GSU1_GSUASB_GSUAA0_GSUSARR1_GSUWGMRR0_GLS0_ISA1201_IU1_IA0_KLA_LEL0_LBSPPA0_LBSPPB0_LPA1_LPB1_LDL1_LR2A1_LR2B1_LRVW1_LW2A1_LW2B1_LWPMn1_LDW0_LT1_F
MA_MIAV0_MTSM64_MTSM1_MDA2_MI_MO40_MVN256_MMFSC_MKFGSU256_MVN0_NR0_NTA0_NTB0_NTC0_NTD0_NEPBS0_NLCA1_NLCB1_ONLL1_OPLV0_PBD0_PFD1_PG2_PSD0_PSLn1_PWCn1_PWLn1_PK0_PKAB0_PAP0_PA
PM0_PGR1_PLR1_PKA0_RK0_SGR1_SIA1_SLW1_SS0_SU32_SUM0_SUS256_SCIU0_SCIUE0_SCIUI1_SCIUPL0_SPO0_SRVW0_SSO0_SVW4_SK0_SKA0_SKXCCM0_SNLL0_TSGRA0_TSGRB0_TT4_8_TLDS0_UIIDU0_UMLDSA0_
UMLDSB0_UMF0_U64SL1_UIOFGRO0_USFGROn1_VAW1_VSn1_VW1_VWB1_VFLRP0_WSGRA0_WSGRB0_WS32_WG16_16_1_WGM8_WGMTB

reject: VectorWidth must be >= 4 for Int8 or 8bitFloat
rejecting solution 
Cijk_Alik_Bljk_I8II_BH_GB_MT64x128x32_SN_1LDSB0_APM1_AAIGTEn1_AAILTEn1_AAV0_ABV0_ACED0_AF0EM1_AF1EM1_AMAS3_ASE_ASGT_ASLT_ASM_ASAE01_ASBE01_ASCE01_ASDE01_ASEM1_AAC0_BL1_BS1_
CUM0_CDO0_CTDA0_CLR0_DSK0_DRA0_DU32_DULD1_DTLA0_DTLB0_DTVA0_DTVB0_DAF0_DKP0_DVO0_ETSP_EPS1_ELFLR0_EMLL0_FSSC10_F16AI0_F16AIR0_FL0_GLVWA8_GLVWB16_GR2A1_GR2B1_GRCGA1_GRCGB1_G
RCVA1_GRCVB1_GRPM1_GRVW16_GSU1_GSUASB_GSUAA0_GSUSARR1_GSUWGMRR0_GLS0_ISA1201_IU1_IA0_KLA_LEL0_LBSPPA0_LBSPPB0_LPA2_LPB2_LDL1_LR2A1_LR2B1_LRVW2_LW2A1_LW2B1_LWPMn1_LDW0_LT1_F
MA_MIAV0_MTSM64_MTSM1_MDA2_MI_MO40_MVN256_MMFSC_MKFGSU256_MVN0_NR0_NTA0_NTB0_NTC0_NTD0_NEPBS0_NLCA1_NLCB1_ONLL1_OPLV0_PBD0_PFD1_PG2_PSD0_PSLn1_PWCn1_PWLn1_PK0_PKAB0_PAP0_PA
PM0_PGR1_PLR1_PKA0_RK0_SGR1_SIA1_SLW1_SS0_SU32_SUM0_SUS256_SCIU0_SCIUE0_SCIUI1_SCIUPL0_SPO0_SRVW0_SSO0_SVW4_SK0_SKA0_SKXCCM0_SNLL0_TSGRA0_TSGRB0_TT4_8_TLDS0_UIIDU0_UMLDSA0_
UMLDSB0_UMF0_U64SL1_UIOFGRO0_USFGROn1_VAW1_VSn1_VW2_VWB2_VFLRP0_WSGRA0_WSGRB0_WS32_WG16_16_1_WGM8_WGMTB
# Actual Solutions: 36 / 324 after SolutionStructs

#    (0:0) 
Cijk_Alik_Bljk_I8II_BH_GB_MT64x64x16_SN_1LDSB0_APM1_AAIGTEn1_AAILTEn1_AAV0_ABV0_ACED0_AF0EM1_AF1EM1_AMAS3_ASE_ASGT_ASLT_ASM_ASAE01_ASBE01_ASCE01_ASDE01_ASEM1_AAC0_BL1_BS1_C
UM0_CDO0_CTDA0_CLR0_DSK0_DRA0_DU16_DULD1_DTLA0_DTLB0_DTVA0_DTVB0_DAF0_DKP0_DVO0_ETSP_EPS1_ELFLR0_EMLL0_FSSC10_F16AI0_F16AIR0_FL0_GLVWA4_GLVWB4_GR2A1_GR2B1_GRCGA1_GRCGB1_GRC
VA1_GRCVB1_GRPM1_GRVW4_GSU1_GSUASB_GSUAA0_GSUSARR1_GSUWGMRR0_GLS0_ISA1201_IU1_IA0_KLA_LEL0_LBSPPA0_LBSPPB0_LPA4_LPB4_LDL1_LR2A1_LR2B1_LRVW4_LW2A1_LW2B1_LWPMn1_LDW0_LT1_FMA_
MIAV0_MTSM64_MTSM1_MDA2_MI_MO40_MVN256_MMFSC_MKFGSU256_MVN0_NR0_NTA0_NTB0_NTC0_NTD0_NEPBS0_NLCA1_NLCB1_ONLL1_OPLV0_PBD0_PFD1_PG2_PSD0_PSLn1_PWCn1_PWLn1_PK0_PKAB0_PAP0_PAPM0
_PGR1_PLR1_PKA0_RK0_SGR1_SIA1_SLW1_SS0_SU0_SUM0_SUS0_SCIU0_SCIUE0_SCIUI1_SCIUPL0_SPO0_SRVW0_SSO0_SVW4_SK0_SKA0_SKXCCM0_SNLL0_TSGRA0_TSGRB0_TT4_4_TLDS0_UIIDU0_UMLDSA0_UMLDSB
0_UMF0_U64SL1_UIOFGRO0_USFGROn1_VAW1_VSn1_VW4_VWB4_VFLRP0_WSGRA0_WSGRB0_WS32_WG16_16_1_WGM8_WGMTB
#    (0:0) 
Cijk_Alik_Bljk_I8II_BH_GB_MT64x64x16_SN_1LDSB0_APM1_AAIGTEn1_AAILTEn1_AAV0_ABV0_ACED0_AF0EM1_AF1EM1_AMAS3_ASE_ASGT_ASLT_ASM_ASAE01_ASBE01_ASCE01_ASDE01_ASEM1_AAC0_BL1_BS1_C
UM0_CDO0_CTDA0_CLR0_DSK0_DRA0_DU16_DULD1_DTLA0_DTLB0_DTVA0_DTVB0_DAF0_DKP0_DVO0_ETSP_EPS1_ELFLR0_EMLL0_FSSC10_F16AI0_F16AIR0_FL0_GLVWA4_GLVWB4_GR2A1_GR2B1_GRCGA1_GRCGB1_GRC
VA1_GRCVB1_GRPM1_GRVW8_GSU1_GSUASB_GSUAA0_GSUSARR1_GSUWGMRR0_GLS0_ISA1201_IU1_IA0_KLA_LEL0_LBSPPA0_LBSPPB0_LPA4_LPB4_LDL1_LR2A1_LR2B1_LRVW4_LW2A1_LW2B1_LWPMn1_LDW0_LT1_FMA_
MIAV0_MTSM64_MTSM1_MDA2_MI_MO40_MVN256_MMFSC_MKFGSU256_MVN0_NR0_NTA0_NTB0_NTC0_NTD0_NEPBS0_NLCA1_NLCB1_ONLL1_OPLV0_PBD0_PFD1_PG2_PSD0_PSLn1_PWCn1_PWLn1_PK0_PKAB0_PAP0_PAPM0
_PGR1_PLR1_PKA0_RK0_SGR1_SIA1_SLW1_SS0_SU0_SUM0_SUS0_SCIU0_SCIUE0_SCIUI1_SCIUPL0_SPO0_SRVW0_SSO0_SVW4_SK0_SKA0_SKXCCM0_SNLL0_TSGRA0_TSGRB0_TT4_4_TLDS0_UIIDU0_UMLDSA0_UMLDSB
0_UMF0_U64SL1_UIOFGRO0_USFGROn1_VAW1_VSn1_VW4_VWB4_VFLRP0_WSGRA0_WSGRB0_WS32_WG16_16_1_WGM8_WGMTB
#    (0:0) 
Cijk_Alik_Bljk_I8II_BH_GB_MT64x64x16_SN_1LDSB0_APM1_AAIGTEn1_AAILTEn1_AAV0_ABV0_ACED0_AF0EM1_AF1EM1_AMAS3_ASE_ASGT_ASLT_ASM_ASAE01_ASBE01_ASCE01_ASDE01_ASEM1_AAC0_BL1_BS1_C
UM0_CDO0_CTDA0_CLR0_DSK0_DRA0_DU16_DULD1_DTLA0_DTLB0_DTVA0_DTVB0_DAF0_DKP0_DVO0_ETSP_EPS1_ELFLR0_EMLL0_FSSC10_F16AI0_F16AIR0_FL0_GLVWA4_GLVWB4_GR2A1_GR2B1_GRCGA1_GRCGB1_GRC
VA1_GRCVB1_GRPM1_GRVW16_GSU1_GSUASB_GSUAA0_GSUSARR1_GSUWGMRR0_GLS0_ISA1201_IU1_IA0_KLA_LEL0_LBSPPA0_LBSPPB0_LPA4_LPB4_LDL1_LR2A1_LR2B1_LRVW4_LW2A1_LW2B1_LWPMn1_LDW0_LT1_FMA
_MIAV0_MTSM64_MTSM1_MDA2_MI_MO40_MVN256_MMFSC_MKFGSU256_MVN0_NR0_NTA0_NTB0_NTC0_NTD0_NEPBS0_NLCA1_NLCB1_ONLL1_OPLV0_PBD0_PFD1_PG2_PSD0_PSLn1_PWCn1_PWLn1_PK0_PKAB0_PAP0_PAPM
0_PGR1_PLR1_PKA0_RK0_SGR1_SIA1_SLW1_SS0_SU0_SUM0_SUS0_SCIU0_SCIUE0_SCIUI1_SCIUPL0_SPO0_SRVW0_SSO0_SVW4_SK0_SKA0_SKXCCM0_SNLL0_TSGRA0_TSGRB0_TT4_4_TLDS0_UIIDU0_UMLDSA0_UMLDS
B0_UMF0_U64SL1_UIOFGRO0_USFGROn1_VAW1_VSn1_VW4_VWB4_VFLRP0_WSGRA0_WSGRB0_WS32_WG16_16_1_WGM8_WGMTB
#    (0:0) 
Cijk_Alik_Bljk_I8II_BH_GB_MT64x64x16_SN_1LDSB0_APM1_AAIGTEn1_AAILTEn1_AAV0_ABV0_ACED0_AF0EM1_AF1EM1_AMAS3_ASE_ASGT_ASLT_ASM_ASAE01_ASBE01_ASCE01_ASDE01_ASEM1_AAC0_BL1_BS1_C
UM0_CDO0_CTDA0_CLR0_DSK0_DRA0_DU16_DULD1_DTLA0_DTLB0_DTVA0_DTVB0_DAF0_DKP0_DVO0_ETSP_EPS1_ELFLR0_EMLL0_FSSC10_F16AI0_F16AIR0_FL0_GLVWA4_GLVWB4_GR2A1_GR2B1_GRCGA1_GRCGB1_GRC
VA1_GRCVB1_GRPM1_GRVW4_GSU1_GSUASB_GSUAA0_GSUSARR1_GSUWGMRR0_GLS0_ISA1201_IU1_IA0_KLA_LEL0_LBSPPA0_LBSPPB0_LPA4_LPB4_LDL1_LR2A1_LR2B1_LRVW4_LW2A1_LW2B1_LWPMn1_LDW0_LT1_FMA_
MIAV0_MTSM64_MTSM1_MDA2_MI_MO40_MVN256_MMFSC_MKFGSU256_MVN0_NR0_NTA0_NTB0_NTC0_NTD0_NEPBS0_NLCA1_NLCB1_ONLL1_OPLV0_PBD0_PFD1_PG2_PSD0_PSLn1_PWCn1_PWLn1_PK0_PKAB0_PAP0_PAPM0
_PGR1_PLR1_PKA0_RK0_SGR1_SIA1_SLW1_SS0_SU32_SUM0_SUS256_SCIU0_SCIUE0_SCIUI1_SCIUPL0_SPO0_SRVW0_SSO0_SVW4_SK0_SKA0_SKXCCM0_SNLL0_TSGRA0_TSGRB0_TT4_4_TLDS0_UIIDU0_UMLDSA0_UML
DSB0_UMF0_U64SL1_UIOFGRO0_USFGROn1_VAW1_VSn1_VW4_VWB4_VFLRP0_WSGRA0_WSGRB0_WS32_WG16_16_1_WGM8_WGMTB
#    (0:0) 
Cijk_Alik_Bljk_I8II_BH_GB_MT64x64x16_SN_1LDSB0_APM1_AAIGTEn1_AAILTEn1_AAV0_ABV0_ACED0_AF0EM1_AF1EM1_AMAS3_ASE_ASGT_ASLT_ASM_ASAE01_ASBE01_ASCE01_ASDE01_ASEM1_AAC0_BL1_BS1_C
UM0_CDO0_CTDA0_CLR0_DSK0_DRA0_DU16_DULD1_DTLA0_DTLB0_DTVA0_DTVB0_DAF0_DKP0_DVO0_ETSP_EPS1_ELFLR0_EMLL0_FSSC10_F16AI0_F16AIR0_FL0_GLVWA4_GLVWB4_GR2A1_GR2B1_GRCGA1_GRCGB1_GRC
VA1_GRCVB1_GRPM1_GRVW8_GSU1_GSUASB_GSUAA0_GSUSARR1_GSUWGMRR0_GLS0_ISA1201_IU1_IA0_KLA_LEL0_LBSPPA0_LBSPPB0_LPA4_LPB4_LDL1_LR2A1_LR2B1_LRVW4_LW2A1_LW2B1_LWPMn1_LDW0_LT1_FMA_
MIAV0_MTSM64_MTSM1_MDA2_MI_MO40_MVN256_MMFSC_MKFGSU256_MVN0_NR0_NTA0_NTB0_NTC0_NTD0_NEPBS0_NLCA1_NLCB1_ONLL1_OPLV0_PBD0_PFD1_PG2_PSD0_PSLn1_PWCn1_PWLn1_PK0_PKAB0_PAP0_PAPM0
_PGR1_PLR1_PKA0_RK0_SGR1_SIA1_SLW1_SS0_SU32_SUM0_SUS256_SCIU0_SCIUE0_SCIUI1_SCIUPL0_SPO0_SRVW0_SSO0_SVW4_SK0_SKA0_SKXCCM0_SNLL0_TSGRA0_TSGRB0_TT4_4_TLDS0_UIIDU0_UMLDSA0_UML
DSB0_UMF0_U64SL1_UIOFGRO0_USFGROn1_VAW1_VSn1_VW4_VWB4_VFLRP0_WSGRA0_WSGRB0_WS32_WG16_16_1_WGM8_WGMTB
#    (0:0) 
Cijk_Alik_Bljk_I8II_BH_GB_MT64x64x16_SN_1LDSB0_APM1_AAIGTEn1_AAILTEn1_AAV0_ABV0_ACED0_AF0EM1_AF1EM1_AMAS3_ASE_ASGT_ASLT_ASM_ASAE01_ASBE01_ASCE01_ASDE01_ASEM1_AAC0_BL1_BS1_C
UM0_CDO0_CTDA0_CLR0_DSK0_DRA0_DU16_DULD1_DTLA0_DTLB0_DTVA0_DTVB0_DAF0_DKP0_DVO0_ETSP_EPS1_ELFLR0_EMLL0_FSSC10_F16AI0_F16AIR0_FL0_GLVWA4_GLVWB4_GR2A1_GR2B1_GRCGA1_GRCGB1_GRC
VA1_GRCVB1_GRPM1_GRVW16_GSU1_GSUASB_GSUAA0_GSUSARR1_GSUWGMRR0_GLS0_ISA1201_IU1_IA0_KLA_LEL0_LBSPPA0_LBSPPB0_LPA4_LPB4_LDL1_LR2A1_LR2B1_LRVW4_LW2A1_LW2B1_LWPMn1_LDW0_LT1_FMA
_MIAV0_MTSM64_MTSM1_MDA2_MI_MO40_MVN256_MMFSC_MKFGSU256_MVN0_NR0_NTA0_NTB0_NTC0_NTD0_NEPBS0_NLCA1_NLCB1_ONLL1_OPLV0_PBD0_PFD1_PG2_PSD0_PSLn1_PWCn1_PWLn1_PK0_PKAB0_PAP0_PAPM
0_PGR1_PLR1_PKA0_RK0_SGR1_SIA1_SLW1_SS0_SU32_SUM0_SUS256_SCIU0_SCIUE0_SCIUI1_SCIUPL0_SPO0_SRVW0_SSO0_SVW4_SK0_SKA0_SKXCCM0_SNLL0_TSGRA0_TSGRB0_TT4_4_TLDS0_UIIDU0_UMLDSA0_UM
LDSB0_UMF0_U64SL1_UIOFGRO0_USFGROn1_VAW1_VSn1_VW4_VWB4_VFLRP0_WSGRA0_WSGRB0_WS32_WG16_16_1_WGM8_WGMTB
#    (0:0) 
Cijk_Alik_Bljk_I8II_BH_GB_MT128x64x16_SN_1LDSB0_APM1_AAIGTEn1_AAILTEn1_AAV0_ABV0_ACED0_AF0EM1_AF1EM1_AMAS3_ASE_ASGT_ASLT_ASM_ASAE01_ASBE01_ASCE01_ASDE01_ASEM1_AAC0_BL1_BS1_
CUM0_CDO0_CTDA0_CLR0_DSK0_DRA0_DU16_DULD1_DTLA0_DTLB0_DTVA0_DTVB0_DAF0_DKP0_DVO0_ETSP_EPS1_ELFLR0_EMLL0_FSSC10_F16AI0_F16AIR0_FL0_GLVWA4_GLVWB4_GR2A1_GR2B1_GRCGA1_GRCGB1_GR
CVA1_GRCVB1_GRPM1_GRVW4_GSU1_GSUASB_GSUAA0_GSUSARR1_GSUWGMRR0_GLS0_ISA1201_IU1_IA0_KLA_LEL0_LBSPPA0_LBSPPB0_LPA4_LPB4_LDL1_LR2A1_LR2B1_LRVW4_LW2A1_LW2B1_LWPMn1_LDW0_LT1_FMA
_MIAV0_MTSM64_MTSM1_MDA2_MI_MO40_MVN256_MMFSC_MKFGSU256_MVN0_NR0_NTA0_NTB0_NTC0_NTD0_NEPBS0_NLCA1_NLCB1_ONLL1_OPLV0_PBD0_PFD1_PG2_PSD0_PSLn1_PWCn1_PWLn1_PK0_PKAB0_PAP0_PAPM
0_PGR1_PLR1_PKA0_RK0_SGR1_SIA1_SLW1_SS0_SU0_SUM0_SUS0_SCIU0_SCIUE0_SCIUI1_SCIUPL0_SPO0_SRVW0_SSO0_SVW4_SK0_SKA0_SKXCCM0_SNLL0_TSGRA0_TSGRB0_TT8_4_TLDS0_UIIDU0_UMLDSA0_UMLDS
B0_UMF0_U64SL1_UIOFGRO0_USFGROn1_VAW1_VSn1_VW4_VWB4_VFLRP0_WSGRA0_WSGRB0_WS32_WG16_16_1_WGM8_WGMTB
#    (0:0) 
Cijk_Alik_Bljk_I8II_BH_GB_MT128x64x16_SN_1LDSB0_APM1_AAIGTEn1_AAILTEn1_AAV0_ABV0_ACED0_AF0EM1_AF1EM1_AMAS3_ASE_ASGT_ASLT_ASM_ASAE01_ASBE01_ASCE01_ASDE01_ASEM1_AAC0_BL1_BS1_
CUM0_CDO0_CTDA0_CLR0_DSK0_DRA0_DU16_DULD1_DTLA0_DTLB0_DTVA0_DTVB0_DAF0_DKP0_DVO0_ETSP_EPS1_ELFLR0_EMLL0_FSSC10_F16AI0_F16AIR0_FL0_GLVWA8_GLVWB4_GR2A1_GR2B1_GRCGA1_GRCGB1_GR
CVA1_GRCVB1_GRPM1_GRVW8_GSU1_GSUASB_GSUAA0_GSUSARR1_GSUWGMRR0_GLS0_ISA1201_IU1_IA0_KLA_LEL0_LBSPPA0_LBSPPB0_LPA4_LPB4_LDL1_LR2A1_LR2B1_LRVW4_LW2A1_LW2B1_LWPMn1_LDW0_LT1_FMA
_MIAV0_MTSM64_MTSM1_MDA2_MI_MO40_MVN256_MMFSC_MKFGSU256_MVN0_NR0_NTA0_NTB0_NTC0_NTD0_NEPBS0_NLCA1_NLCB1_ONLL1_OPLV0_PBD0_PFD1_PG2_PSD0_PSLn1_PWCn1_PWLn1_PK0_PKAB0_PAP0_PAPM
0_PGR1_PLR1_PKA0_RK0_SGR1_SIA1_SLW1_SS0_SU0_SUM0_SUS0_SCIU0_SCIUE0_SCIUI1_SCIUPL0_SPO0_SRVW0_SSO0_SVW4_SK0_SKA0_SKXCCM0_SNLL0_TSGRA0_TSGRB0_TT8_4_TLDS0_UIIDU0_UMLDSA0_UMLDS
B0_UMF0_U64SL1_UIOFGRO0_USFGROn1_VAW1_VSn1_VW4_VWB4_VFLRP0_WSGRA0_WSGRB0_WS32_WG16_16_1_WGM8_WGMTB
#    (0:0) 
Cijk_Alik_Bljk_I8II_BH_GB_MT128x64x16_SN_1LDSB0_APM1_AAIGTEn1_AAILTEn1_AAV0_ABV0_ACED0_AF0EM1_AF1EM1_AMAS3_ASE_ASGT_ASLT_ASM_ASAE01_ASBE01_ASCE01_ASDE01_ASEM1_AAC0_BL1_BS1_
CUM0_CDO0_CTDA0_CLR0_DSK0_DRA0_DU16_DULD1_DTLA0_DTLB0_DTVA0_DTVB0_DAF0_DKP0_DVO0_ETSP_EPS1_ELFLR0_EMLL0_FSSC10_F16AI0_F16AIR0_FL0_GLVWA8_GLVWB4_GR2A1_GR2B1_GRCGA1_GRCGB1_GR
CVA1_GRCVB1_GRPM1_GRVW16_GSU1_GSUASB_GSUAA0_GSUSARR1_GSUWGMRR0_GLS0_ISA1201_IU1_IA0_KLA_LEL0_LBSPPA0_LBSPPB0_LPA4_LPB4_LDL1_LR2A1_LR2B1_LRVW4_LW2A1_LW2B1_LWPMn1_LDW0_LT1_FM
A_MIAV0_MTSM64_MTSM1_MDA2_MI_MO40_MVN256_MMFSC_MKFGSU256_MVN0_NR0_NTA0_NTB0_NTC0_NTD0_NEPBS0_NLCA1_NLCB1_ONLL1_OPLV0_PBD0_PFD1_PG2_PSD0_PSLn1_PWCn1_PWLn1_PK0_PKAB0_PAP0_PAP
M0_PGR1_PLR1_PKA0_RK0_SGR1_SIA1_SLW1_SS0_SU0_SUM0_SUS0_SCIU0_SCIUE0_SCIUI1_SCIUPL0_SPO0_SRVW0_SSO0_SVW4_SK0_SKA0_SKXCCM0_SNLL0_TSGRA0_TSGRB0_TT8_4_TLDS0_UIIDU0_UMLDSA0_UMLD
SB0_UMF0_U64SL1_UIOFGRO0_USFGROn1_VAW1_VSn1_VW4_VWB4_VFLRP0_WSGRA0_WSGRB0_WS32_WG16_16_1_WGM8_WGMTB
#    (0:0) 
Cijk_Alik_Bljk_I8II_BH_GB_MT128x64x16_SN_1LDSB0_APM1_AAIGTEn1_AAILTEn1_AAV0_ABV0_ACED0_AF0EM1_AF1EM1_AMAS3_ASE_ASGT_ASLT_ASM_ASAE01_ASBE01_ASCE01_ASDE01_ASEM1_AAC0_BL1_BS1_
CUM0_CDO0_CTDA0_CLR0_DSK0_DRA0_DU16_DULD1_DTLA0_DTLB0_DTVA0_DTVB0_DAF0_DKP0_DVO0_ETSP_EPS1_ELFLR0_EMLL0_FSSC10_F16AI0_F16AIR0_FL0_GLVWA4_GLVWB4_GR2A1_GR2B1_GRCGA1_GRCGB1_GR
CVA1_GRCVB1_GRPM1_GRVW4_GSU1_GSUASB_GSUAA0_GSUSARR1_GSUWGMRR0_GLS0_ISA1201_IU1_IA0_KLA_LEL0_LBSPPA0_LBSPPB0_LPA4_LPB4_LDL1_LR2A1_LR2B1_LRVW4_LW2A1_LW2B1_LWPMn1_LDW0_LT1_FMA
_MIAV0_MTSM64_MTSM1_MDA2_MI_MO40_MVN256_MMFSC_MKFGSU256_MVN0_NR0_NTA0_NTB0_NTC0_NTD0_NEPBS0_NLCA1_NLCB1_ONLL1_OPLV0_PBD0_PFD1_PG2_PSD0_PSLn1_PWCn1_PWLn1_PK0_PKAB0_PAP0_PAPM
0_PGR1_PLR1_PKA0_RK0_SGR1_SIA1_SLW1_SS0_SU32_SUM0_SUS256_SCIU0_SCIUE0_SCIUI1_SCIUPL0_SPO0_SRVW0_SSO0_SVW4_SK0_SKA0_SKXCCM0_SNLL0_TSGRA0_TSGRB0_TT8_4_TLDS0_UIIDU0_UMLDSA0_UM
LDSB0_UMF0_U64SL1_UIOFGRO0_USFGROn1_VAW1_VSn1_VW4_VWB4_VFLRP0_WSGRA0_WSGRB0_WS32_WG16_16_1_WGM8_WGMTB
#    (0:0) 
Cijk_Alik_Bljk_I8II_BH_GB_MT128x64x16_SN_1LDSB0_APM1_AAIGTEn1_AAILTEn1_AAV0_ABV0_ACED0_AF0EM1_AF1EM1_AMAS3_ASE_ASGT_ASLT_ASM_ASAE01_ASBE01_ASCE01_ASDE01_ASEM1_AAC0_BL1_BS1_
CUM0_CDO0_CTDA0_CLR0_DSK0_DRA0_DU16_DULD1_DTLA0_DTLB0_DTVA0_DTVB0_DAF0_DKP0_DVO0_ETSP_EPS1_ELFLR0_EMLL0_FSSC10_F16AI0_F16AIR0_FL0_GLVWA8_GLVWB4_GR2A1_GR2B1_GRCGA1_GRCGB1_GR
CVA1_GRCVB1_GRPM1_GRVW8_GSU1_GSUASB_GSUAA0_GSUSARR1_GSUWGMRR0_GLS0_ISA1201_IU1_IA0_KLA_LEL0_LBSPPA0_LBSPPB0_LPA4_LPB4_LDL1_LR2A1_LR2B1_LRVW4_LW2A1_LW2B1_LWPMn1_LDW0_LT1_FMA
_MIAV0_MTSM64_MTSM1_MDA2_MI_MO40_MVN256_MMFSC_MKFGSU256_MVN0_NR0_NTA0_NTB0_NTC0_NTD0_NEPBS0_NLCA1_NLCB1_ONLL1_OPLV0_PBD0_PFD1_PG2_PSD0_PSLn1_PWCn1_PWLn1_PK0_PKAB0_PAP0_PAPM
0_PGR1_PLR1_PKA0_RK0_SGR1_SIA1_SLW1_SS0_SU32_SUM0_SUS256_SCIU0_SCIUE0_SCIUI1_SCIUPL0_SPO0_SRVW0_SSO0_SVW4_SK0_SKA0_SKXCCM0_SNLL0_TSGRA0_TSGRB0_TT8_4_TLDS0_UIIDU0_UMLDSA0_UM
LDSB0_UMF0_U64SL1_UIOFGRO0_USFGROn1_VAW1_VSn1_VW4_VWB4_VFLRP0_WSGRA0_WSGRB0_WS32_WG16_16_1_WGM8_WGMTB
#    (0:0) 
Cijk_Alik_Bljk_I8II_BH_GB_MT128x64x16_SN_1LDSB0_APM1_AAIGTEn1_AAILTEn1_AAV0_ABV0_ACED0_AF0EM1_AF1EM1_AMAS3_ASE_ASGT_ASLT_ASM_ASAE01_ASBE01_ASCE01_ASDE01_ASEM1_AAC0_BL1_BS1_
CUM0_CDO0_CTDA0_CLR0_DSK0_DRA0_DU16_DULD1_DTLA0_DTLB0_DTVA0_DTVB0_DAF0_DKP0_DVO0_ETSP_EPS1_ELFLR0_EMLL0_FSSC10_F16AI0_F16AIR0_FL0_GLVWA8_GLVWB4_GR2A1_GR2B1_GRCGA1_GRCGB1_GR
CVA1_GRCVB1_GRPM1_GRVW16_GSU1_GSUASB_GSUAA0_GSUSARR1_GSUWGMRR0_GLS0_ISA1201_IU1_IA0_KLA_LEL0_LBSPPA0_LBSPPB0_LPA4_LPB4_LDL1_LR2A1_LR2B1_LRVW4_LW2A1_LW2B1_LWPMn1_LDW0_LT1_FM
A_MIAV0_MTSM64_MTSM1_MDA2_MI_MO40_MVN256_MMFSC_MKFGSU256_MVN0_NR0_NTA0_NTB0_NTC0_NTD0_NEPBS0_NLCA1_NLCB1_ONLL1_OPLV0_PBD0_PFD1_PG2_PSD0_PSLn1_PWCn1_PWLn1_PK0_PKAB0_PAP0_PAP
M0_PGR1_PLR1_PKA0_RK0_SGR1_SIA1_SLW1_SS0_SU32_SUM0_SUS256_SCIU0_SCIUE0_SCIUI1_SCIUPL0_SPO0_SRVW0_SSO0_SVW4_SK0_SKA0_SKXCCM0_SNLL0_TSGRA0_TSGRB0_TT8_4_TLDS0_UIIDU0_UMLDSA0_U
MLDSB0_UMF0_U64SL1_UIOFGRO0_USFGROn1_VAW1_VSn1_VW4_VWB4_VFLRP0_WSGRA0_WSGRB0_WS32_WG16_16_1_WGM8_WGMTB
#    (0:0) 
Cijk_Alik_Bljk_I8II_BH_GB_MT64x128x16_SN_1LDSB0_APM1_AAIGTEn1_AAILTEn1_AAV0_ABV0_ACED0_AF0EM1_AF1EM1_AMAS3_ASE_ASGT_ASLT_ASM_ASAE01_ASBE01_ASCE01_ASDE01_ASEM1_AAC0_BL1_BS1_
CUM0_CDO0_CTDA0_CLR0_DSK0_DRA0_DU16_DULD1_DTLA0_DTLB0_DTVA0_DTVB0_DAF0_DKP0_DVO0_ETSP_EPS1_ELFLR0_EMLL0_FSSC10_F16AI0_F16AIR0_FL0_GLVWA4_GLVWB4_GR2A1_GR2B1_GRCGA1_GRCGB1_GR
CVA1_GRCVB1_GRPM1_GRVW4_GSU1_GSUASB_GSUAA0_GSUSARR1_GSUWGMRR0_GLS0_ISA1201_IU1_IA0_KLA_LEL0_LBSPPA0_LBSPPB0_LPA4_LPB4_LDL1_LR2A1_LR2B1_LRVW4_LW2A1_LW2B1_LWPMn1_LDW0_LT1_FMA
_MIAV0_MTSM64_MTSM1_MDA2_MI_MO40_MVN256_MMFSC_MKFGSU256_MVN0_NR0_NTA0_NTB0_NTC0_NTD0_NEPBS0_NLCA1_NLCB1_ONLL1_OPLV0_PBD0_PFD1_PG2_PSD0_PSLn1_PWCn1_PWLn1_PK0_PKAB0_PAP0_PAPM
0_PGR1_PLR1_PKA0_RK0_SGR1_SIA1_SLW1_SS0_SU0_SUM0_SUS0_SCIU0_SCIUE0_SCIUI1_SCIUPL0_SPO0_SRVW0_SSO0_SVW4_SK0_SKA0_SKXCCM0_SNLL0_TSGRA0_TSGRB0_TT4_8_TLDS0_UIIDU0_UMLDSA0_UMLDS
B0_UMF0_U64SL1_UIOFGRO0_USFGROn1_VAW1_VSn1_VW4_VWB4_VFLRP0_WSGRA0_WSGRB0_WS32_WG16_16_1_WGM8_WGMTB
#    (0:0) 
Cijk_Alik_Bljk_I8II_BH_GB_MT64x128x16_SN_1LDSB0_APM1_AAIGTEn1_AAILTEn1_AAV0_ABV0_ACED0_AF0EM1_AF1EM1_AMAS3_ASE_ASGT_ASLT_ASM_ASAE01_ASBE01_ASCE01_ASDE01_ASEM1_AAC0_BL1_BS1_
CUM0_CDO0_CTDA0_CLR0_DSK0_DRA0_DU16_DULD1_DTLA0_DTLB0_DTVA0_DTVB0_DAF0_DKP0_DVO0_ETSP_EPS1_ELFLR0_EMLL0_FSSC10_F16AI0_F16AIR0_FL0_GLVWA4_GLVWB8_GR2A1_GR2B1_GRCGA1_GRCGB1_GR
CVA1_GRCVB1_GRPM1_GRVW8_GSU1_GSUASB_GSUAA0_GSUSARR1_GSUWGMRR0_GLS0_ISA1201_IU1_IA0_KLA_LEL0_LBSPPA0_LBSPPB0_LPA4_LPB4_LDL1_LR2A1_LR2B1_LRVW4_LW2A1_LW2B1_LWPMn1_LDW0_LT1_FMA
_MIAV0_MTSM64_MTSM1_MDA2_MI_MO40_MVN256_MMFSC_MKFGSU256_MVN0_NR0_NTA0_NTB0_NTC0_NTD0_NEPBS0_NLCA1_NLCB1_ONLL1_OPLV0_PBD0_PFD1_PG2_PSD0_PSLn1_PWCn1_PWLn1_PK0_PKAB0_PAP0_PAPM
0_PGR1_PLR1_PKA0_RK0_SGR1_SIA1_SLW1_SS0_SU0_SUM0_SUS0_SCIU0_SCIUE0_SCIUI1_SCIUPL0_SPO0_SRVW0_SSO0_SVW4_SK0_SKA0_SKXCCM0_SNLL0_TSGRA0_TSGRB0_TT4_8_TLDS0_UIIDU0_UMLDSA0_UMLDS
B0_UMF0_U64SL1_UIOFGRO0_USFGROn1_VAW1_VSn1_VW4_VWB4_VFLRP0_WSGRA0_WSGRB0_WS32_WG16_16_1_WGM8_WGMTB
#    (0:0) 
Cijk_Alik_Bljk_I8II_BH_GB_MT64x128x16_SN_1LDSB0_APM1_AAIGTEn1_AAILTEn1_AAV0_ABV0_ACED0_AF0EM1_AF1EM1_AMAS3_ASE_ASGT_ASLT_ASM_ASAE01_ASBE01_ASCE01_ASDE01_ASEM1_AAC0_BL1_BS1_
CUM0_CDO0_CTDA0_CLR0_DSK0_DRA0_DU16_DULD1_DTLA0_DTLB0_DTVA0_DTVB0_DAF0_DKP0_DVO0_ETSP_EPS1_ELFLR0_EMLL0_FSSC10_F16AI0_F16AIR0_FL0_GLVWA4_GLVWB8_GR2A1_GR2B1_GRCGA1_GRCGB1_GR
CVA1_GRCVB1_GRPM1_GRVW16_GSU1_GSUASB_GSUAA0_GSUSARR1_GSUWGMRR0_GLS0_ISA1201_IU1_IA0_KLA_LEL0_LBSPPA0_LBSPPB0_LPA4_LPB4_LDL1_LR2A1_LR2B1_LRVW4_LW2A1_LW2B1_LWPMn1_LDW0_LT1_FM
A_MIAV0_MTSM64_MTSM1_MDA2_MI_MO40_MVN256_MMFSC_MKFGSU256_MVN0_NR0_NTA0_NTB0_NTC0_NTD0_NEPBS0_NLCA1_NLCB1_ONLL1_OPLV0_PBD0_PFD1_PG2_PSD0_PSLn1_PWCn1_PWLn1_PK0_PKAB0_PAP0_PAP
M0_PGR1_PLR1_PKA0_RK0_SGR1_SIA1_SLW1_SS0_SU0_SUM0_SUS0_SCIU0_SCIUE0_SCIUI1_SCIUPL0_SPO0_SRVW0_SSO0_SVW4_SK0_SKA0_SKXCCM0_SNLL0_TSGRA0_TSGRB0_TT4_8_TLDS0_UIIDU0_UMLDSA0_UMLD
SB0_UMF0_U64SL1_UIOFGRO0_USFGROn1_VAW1_VSn1_VW4_VWB4_VFLRP0_WSGRA0_WSGRB0_WS32_WG16_16_1_WGM8_WGMTB
#    (0:0) 
Cijk_Alik_Bljk_I8II_BH_GB_MT64x128x16_SN_1LDSB0_APM1_AAIGTEn1_AAILTEn1_AAV0_ABV0_ACED0_AF0EM1_AF1EM1_AMAS3_ASE_ASGT_ASLT_ASM_ASAE01_ASBE01_ASCE01_ASDE01_ASEM1_AAC0_BL1_BS1_
CUM0_CDO0_CTDA0_CLR0_DSK0_DRA0_DU16_DULD1_DTLA0_DTLB0_DTVA0_DTVB0_DAF0_DKP0_DVO0_ETSP_EPS1_ELFLR0_EMLL0_FSSC10_F16AI0_F16AIR0_FL0_GLVWA4_GLVWB4_GR2A1_GR2B1_GRCGA1_GRCGB1_GR
CVA1_GRCVB1_GRPM1_GRVW4_GSU1_GSUASB_GSUAA0_GSUSARR1_GSUWGMRR0_GLS0_ISA1201_IU1_IA0_KLA_LEL0_LBSPPA0_LBSPPB0_LPA4_LPB4_LDL1_LR2A1_LR2B1_LRVW4_LW2A1_LW2B1_LWPMn1_LDW0_LT1_FMA
_MIAV0_MTSM64_MTSM1_MDA2_MI_MO40_MVN256_MMFSC_MKFGSU256_MVN0_NR0_NTA0_NTB0_NTC0_NTD0_NEPBS0_NLCA1_NLCB1_ONLL1_OPLV0_PBD0_PFD1_PG2_PSD0_PSLn1_PWCn1_PWLn1_PK0_PKAB0_PAP0_PAPM
0_PGR1_PLR1_PKA0_RK0_SGR1_SIA1_SLW1_SS0_SU32_SUM0_SUS256_SCIU0_SCIUE0_SCIUI1_SCIUPL0_SPO0_SRVW0_SSO0_SVW4_SK0_SKA0_SKXCCM0_SNLL0_TSGRA0_TSGRB0_TT4_8_TLDS0_UIIDU0_UMLDSA0_UM
LDSB0_UMF0_U64SL1_UIOFGRO0_USFGROn1_VAW1_VSn1_VW4_VWB4_VFLRP0_WSGRA0_WSGRB0_WS32_WG16_16_1_WGM8_WGMTB
#    (0:0) 
Cijk_Alik_Bljk_I8II_BH_GB_MT64x128x16_SN_1LDSB0_APM1_AAIGTEn1_AAILTEn1_AAV0_ABV0_ACED0_AF0EM1_AF1EM1_AMAS3_ASE_ASGT_ASLT_ASM_ASAE01_ASBE01_ASCE01_ASDE01_ASEM1_AAC0_BL1_BS1_
CUM0_CDO0_CTDA0_CLR0_DSK0_DRA0_DU16_DULD1_DTLA0_DTLB0_DTVA0_DTVB0_DAF0_DKP0_DVO0_ETSP_EPS1_ELFLR0_EMLL0_FSSC10_F16AI0_F16AIR0_FL0_GLVWA4_GLVWB8_GR2A1_GR2B1_GRCGA1_GRCGB1_GR
CVA1_GRCVB1_GRPM1_GRVW8_GSU1_GSUASB_GSUAA0_GSUSARR1_GSUWGMRR0_GLS0_ISA1201_IU1_IA0_KLA_LEL0_LBSPPA0_LBSPPB0_LPA4_LPB4_LDL1_LR2A1_LR2B1_LRVW4_LW2A1_LW2B1_LWPMn1_LDW0_LT1_FMA
_MIAV0_MTSM64_MTSM1_MDA2_MI_MO40_MVN256_MMFSC_MKFGSU256_MVN0_NR0_NTA0_NTB0_NTC0_NTD0_NEPBS0_NLCA1_NLCB1_ONLL1_OPLV0_PBD0_PFD1_PG2_PSD0_PSLn1_PWCn1_PWLn1_PK0_PKAB0_PAP0_PAPM
0_PGR1_PLR1_PKA0_RK0_SGR1_SIA1_SLW1_SS0_SU32_SUM0_SUS256_SCIU0_SCIUE0_SCIUI1_SCIUPL0_SPO0_SRVW0_SSO0_SVW4_SK0_SKA0_SKXCCM0_SNLL0_TSGRA0_TSGRB0_TT4_8_TLDS0_UIIDU0_UMLDSA0_UM
LDSB0_UMF0_U64SL1_UIOFGRO0_USFGROn1_VAW1_VSn1_VW4_VWB4_VFLRP0_WSGRA0_WSGRB0_WS32_WG16_16_1_WGM8_WGMTB
#    (0:0) 
Cijk_Alik_Bljk_I8II_BH_GB_MT64x128x16_SN_1LDSB0_APM1_AAIGTEn1_AAILTEn1_AAV0_ABV0_ACED0_AF0EM1_AF1EM1_AMAS3_ASE_ASGT_ASLT_ASM_ASAE01_ASBE01_ASCE01_ASDE01_ASEM1_AAC0_BL1_BS1_
CUM0_CDO0_CTDA0_CLR0_DSK0_DRA0_DU16_DULD1_DTLA0_DTLB0_DTVA0_DTVB0_DAF0_DKP0_DVO0_ETSP_EPS1_ELFLR0_EMLL0_FSSC10_F16AI0_F16AIR0_FL0_GLVWA4_GLVWB8_GR2A1_GR2B1_GRCGA1_GRCGB1_GR
CVA1_GRCVB1_GRPM1_GRVW16_GSU1_GSUASB_GSUAA0_GSUSARR1_GSUWGMRR0_GLS0_ISA1201_IU1_IA0_KLA_LEL0_LBSPPA0_LBSPPB0_LPA4_LPB4_LDL1_LR2A1_LR2B1_LRVW4_LW2A1_LW2B1_LWPMn1_LDW0_LT1_FM
A_MIAV0_MTSM64_MTSM1_MDA2_MI_MO40_MVN256_MMFSC_MKFGSU256_MVN0_NR0_NTA0_NTB0_NTC0_NTD0_NEPBS0_NLCA1_NLCB1_ONLL1_OPLV0_PBD0_PFD1_PG2_PSD0_PSLn1_PWCn1_PWLn1_PK0_PKAB0_PAP0_PAP
M0_PGR1_PLR1_PKA0_RK0_SGR1_SIA1_SLW1_SS0_SU32_SUM0_SUS256_SCIU0_SCIUE0_SCIUI1_SCIUPL0_SPO0_SRVW0_SSO0_SVW4_SK0_SKA0_SKXCCM0_SNLL0_TSGRA0_TSGRB0_TT4_8_TLDS0_UIIDU0_UMLDSA0_U
MLDSB0_UMF0_U64SL1_UIOFGRO0_USFGROn1_VAW1_VSn1_VW4_VWB4_VFLRP0_WSGRA0_WSGRB0_WS32_WG16_16_1_WGM8_WGMTB
#    (0:0) 
Cijk_Alik_Bljk_I8II_BH_GB_MT64x64x32_SN_1LDSB0_APM1_AAIGTEn1_AAILTEn1_AAV0_ABV0_ACED0_AF0EM1_AF1EM1_AMAS3_ASE_ASGT_ASLT_ASM_ASAE01_ASBE01_ASCE01_ASDE01_ASEM1_AAC0_BL1_BS1_C
UM0_CDO0_CTDA0_CLR0_DSK0_DRA0_DU32_DULD1_DTLA0_DTLB0_DTVA0_DTVB0_DAF0_DKP0_DVO0_ETSP_EPS1_ELFLR0_EMLL0_FSSC10_F16AI0_F16AIR0_FL0_GLVWA4_GLVWB4_GR2A1_GR2B1_GRCGA1_GRCGB1_GRC
VA1_GRCVB1_GRPM1_GRVW4_GSU1_GSUASB_GSUAA0_GSUSARR1_GSUWGMRR0_GLS0_ISA1201_IU1_IA0_KLA_LEL0_LBSPPA0_LBSPPB0_LPA4_LPB4_LDL1_LR2A1_LR2B1_LRVW4_LW2A1_LW2B1_LWPMn1_LDW0_LT1_FMA_
MIAV0_MTSM64_MTSM1_MDA2_MI_MO40_MVN256_MMFSC_MKFGSU256_MVN0_NR0_NTA0_NTB0_NTC0_NTD0_NEPBS0_NLCA1_NLCB1_ONLL1_OPLV0_PBD0_PFD1_PG2_PSD0_PSLn1_PWCn1_PWLn1_PK0_PKAB0_PAP0_PAPM0
_PGR1_PLR1_PKA0_RK0_SGR1_SIA1_SLW1_SS0_SU0_SUM0_SUS0_SCIU0_SCIUE0_SCIUI1_SCIUPL0_SPO0_SRVW0_SSO0_SVW4_SK0_SKA0_SKXCCM0_SNLL0_TSGRA0_TSGRB0_TT4_4_TLDS0_UIIDU0_UMLDSA0_UMLDSB
0_UMF0_U64SL1_UIOFGRO0_USFGROn1_VAW1_VSn1_VW4_VWB4_VFLRP0_WSGRA0_WSGRB0_WS32_WG16_16_1_WGM8_WGMTB
#    (0:0) 
Cijk_Alik_Bljk_I8II_BH_GB_MT64x64x32_SN_1LDSB0_APM1_AAIGTEn1_AAILTEn1_AAV0_ABV0_ACED0_AF0EM1_AF1EM1_AMAS3_ASE_ASGT_ASLT_ASM_ASAE01_ASBE01_ASCE01_ASDE01_ASEM1_AAC0_BL1_BS1_C
UM0_CDO0_CTDA0_CLR0_DSK0_DRA0_DU32_DULD1_DTLA0_DTLB0_DTVA0_DTVB0_DAF0_DKP0_DVO0_ETSP_EPS1_ELFLR0_EMLL0_FSSC10_F16AI0_F16AIR0_FL0_GLVWA8_GLVWB8_GR2A1_GR2B1_GRCGA1_GRCGB1_GRC
VA1_GRCVB1_GRPM1_GRVW8_GSU1_GSUASB_GSUAA0_GSUSARR1_GSUWGMRR0_GLS0_ISA1201_IU1_IA0_KLA_LEL0_LBSPPA0_LBSPPB0_LPA4_LPB4_LDL1_LR2A1_LR2B1_LRVW4_LW2A1_LW2B1_LWPMn1_LDW0_LT1_FMA_
MIAV0_MTSM64_MTSM1_MDA2_MI_MO40_MVN256_MMFSC_MKFGSU256_MVN0_NR0_NTA0_NTB0_NTC0_NTD0_NEPBS0_NLCA1_NLCB1_ONLL1_OPLV0_PBD0_PFD1_PG2_PSD0_PSLn1_PWCn1_PWLn1_PK0_PKAB0_PAP0_PAPM0
_PGR1_PLR1_PKA0_RK0_SGR1_SIA1_SLW1_SS0_SU0_SUM0_SUS0_SCIU0_SCIUE0_SCIUI1_SCIUPL0_SPO0_SRVW0_SSO0_SVW4_SK0_SKA0_SKXCCM0_SNLL0_TSGRA0_TSGRB0_TT4_4_TLDS0_UIIDU0_UMLDSA0_UMLDSB
0_UMF0_U64SL1_UIOFGRO0_USFGROn1_VAW1_VSn1_VW4_VWB4_VFLRP0_WSGRA0_WSGRB0_WS32_WG16_16_1_WGM8_WGMTB
#    (0:0) 
Cijk_Alik_Bljk_I8II_BH_GB_MT64x64x32_SN_1LDSB0_APM1_AAIGTEn1_AAILTEn1_AAV0_ABV0_ACED0_AF0EM1_AF1EM1_AMAS3_ASE_ASGT_ASLT_ASM_ASAE01_ASBE01_ASCE01_ASDE01_ASEM1_AAC0_BL1_BS1_C
UM0_CDO0_CTDA0_CLR0_DSK0_DRA0_DU32_DULD1_DTLA0_DTLB0_DTVA0_DTVB0_DAF0_DKP0_DVO0_ETSP_EPS1_ELFLR0_EMLL0_FSSC10_F16AI0_F16AIR0_FL0_GLVWA8_GLVWB8_GR2A1_GR2B1_GRCGA1_GRCGB1_GRC
VA1_GRCVB1_GRPM1_GRVW16_GSU1_GSUASB_GSUAA0_GSUSARR1_GSUWGMRR0_GLS0_ISA1201_IU1_IA0_KLA_LEL0_LBSPPA0_LBSPPB0_LPA4_LPB4_LDL1_LR2A1_LR2B1_LRVW4_LW2A1_LW2B1_LWPMn1_LDW0_LT1_FMA
_MIAV0_MTSM64_MTSM1_MDA2_MI_MO40_MVN256_MMFSC_MKFGSU256_MVN0_NR0_NTA0_NTB0_NTC0_NTD0_NEPBS0_NLCA1_NLCB1_ONLL1_OPLV0_PBD0_PFD1_PG2_PSD0_PSLn1_PWCn1_PWLn1_PK0_PKAB0_PAP0_PAPM
0_PGR1_PLR1_PKA0_RK0_SGR1_SIA1_SLW1_SS0_SU0_SUM0_SUS0_SCIU0_SCIUE0_SCIUI1_SCIUPL0_SPO0_SRVW0_SSO0_SVW4_SK0_SKA0_SKXCCM0_SNLL0_TSGRA0_TSGRB0_TT4_4_TLDS0_UIIDU0_UMLDSA0_UMLDS
B0_UMF0_U64SL1_UIOFGRO0_USFGROn1_VAW1_VSn1_VW4_VWB4_VFLRP0_WSGRA0_WSGRB0_WS32_WG16_16_1_WGM8_WGMTB
#    (0:0) 
Cijk_Alik_Bljk_I8II_BH_GB_MT64x64x32_SN_1LDSB0_APM1_AAIGTEn1_AAILTEn1_AAV0_ABV0_ACED0_AF0EM1_AF1EM1_AMAS3_ASE_ASGT_ASLT_ASM_ASAE01_ASBE01_ASCE01_ASDE01_ASEM1_AAC0_BL1_BS1_C
UM0_CDO0_CTDA0_CLR0_DSK0_DRA0_DU32_DULD1_DTLA0_DTLB0_DTVA0_DTVB0_DAF0_DKP0_DVO0_ETSP_EPS1_ELFLR0_EMLL0_FSSC10_F16AI0_F16AIR0_FL0_GLVWA4_GLVWB4_GR2A1_GR2B1_GRCGA1_GRCGB1_GRC
VA1_GRCVB1_GRPM1_GRVW4_GSU1_GSUASB_GSUAA0_GSUSARR1_GSUWGMRR0_GLS0_ISA1201_IU1_IA0_KLA_LEL0_LBSPPA0_LBSPPB0_LPA4_LPB4_LDL1_LR2A1_LR2B1_LRVW4_LW2A1_LW2B1_LWPMn1_LDW0_LT1_FMA_
MIAV0_MTSM64_MTSM1_MDA2_MI_MO40_MVN256_MMFSC_MKFGSU256_MVN0_NR0_NTA0_NTB0_NTC0_NTD0_NEPBS0_NLCA1_NLCB1_ONLL1_OPLV0_PBD0_PFD1_PG2_PSD0_PSLn1_PWCn1_PWLn1_PK0_PKAB0_PAP0_PAPM0
_PGR1_PLR1_PKA0_RK0_SGR1_SIA1_SLW1_SS0_SU32_SUM0_SUS256_SCIU0_SCIUE0_SCIUI1_SCIUPL0_SPO0_SRVW0_SSO0_SVW4_SK0_SKA0_SKXCCM0_SNLL0_TSGRA0_TSGRB0_TT4_4_TLDS0_UIIDU0_UMLDSA0_UML
DSB0_UMF0_U64SL1_UIOFGRO0_USFGROn1_VAW1_VSn1_VW4_VWB4_VFLRP0_WSGRA0_WSGRB0_WS32_WG16_16_1_WGM8_WGMTB
#    (0:0) 
Cijk_Alik_Bljk_I8II_BH_GB_MT64x64x32_SN_1LDSB0_APM1_AAIGTEn1_AAILTEn1_AAV0_ABV0_ACED0_AF0EM1_AF1EM1_AMAS3_ASE_ASGT_ASLT_ASM_ASAE01_ASBE01_ASCE01_ASDE01_ASEM1_AAC0_BL1_BS1_C
UM0_CDO0_CTDA0_CLR0_DSK0_DRA0_DU32_DULD1_DTLA0_DTLB0_DTVA0_DTVB0_DAF0_DKP0_DVO0_ETSP_EPS1_ELFLR0_EMLL0_FSSC10_F16AI0_F16AIR0_FL0_GLVWA8_GLVWB8_GR2A1_GR2B1_GRCGA1_GRCGB1_GRC
VA1_GRCVB1_GRPM1_GRVW8_GSU1_GSUASB_GSUAA0_GSUSARR1_GSUWGMRR0_GLS0_ISA1201_IU1_IA0_KLA_LEL0_LBSPPA0_LBSPPB0_LPA4_LPB4_LDL1_LR2A1_LR2B1_LRVW4_LW2A1_LW2B1_LWPMn1_LDW0_LT1_FMA_
MIAV0_MTSM64_MTSM1_MDA2_MI_MO40_MVN256_MMFSC_MKFGSU256_MVN0_NR0_NTA0_NTB0_NTC0_NTD0_NEPBS0_NLCA1_NLCB1_ONLL1_OPLV0_PBD0_PFD1_PG2_PSD0_PSLn1_PWCn1_PWLn1_PK0_PKAB0_PAP0_PAPM0
_PGR1_PLR1_PKA0_RK0_SGR1_SIA1_SLW1_SS0_SU32_SUM0_SUS256_SCIU0_SCIUE0_SCIUI1_SCIUPL0_SPO0_SRVW0_SSO0_SVW4_SK0_SKA0_SKXCCM0_SNLL0_TSGRA0_TSGRB0_TT4_4_TLDS0_UIIDU0_UMLDSA0_UML
DSB0_UMF0_U64SL1_UIOFGRO0_USFGROn1_VAW1_VSn1_VW4_VWB4_VFLRP0_WSGRA0_WSGRB0_WS32_WG16_16_1_WGM8_WGMTB
#    (0:0) 
Cijk_Alik_Bljk_I8II_BH_GB_MT64x64x32_SN_1LDSB0_APM1_AAIGTEn1_AAILTEn1_AAV0_ABV0_ACED0_AF0EM1_AF1EM1_AMAS3_ASE_ASGT_ASLT_ASM_ASAE01_ASBE01_ASCE01_ASDE01_ASEM1_AAC0_BL1_BS1_C
UM0_CDO0_CTDA0_CLR0_DSK0_DRA0_DU32_DULD1_DTLA0_DTLB0_DTVA0_DTVB0_DAF0_DKP0_DVO0_ETSP_EPS1_ELFLR0_EMLL0_FSSC10_F16AI0_F16AIR0_FL0_GLVWA8_GLVWB8_GR2A1_GR2B1_GRCGA1_GRCGB1_GRC
VA1_GRCVB1_GRPM1_GRVW16_GSU1_GSUASB_GSUAA0_GSUSARR1_GSUWGMRR0_GLS0_ISA1201_IU1_IA0_KLA_LEL0_LBSPPA0_LBSPPB0_LPA4_LPB4_LDL1_LR2A1_LR2B1_LRVW4_LW2A1_LW2B1_LWPMn1_LDW0_LT1_FMA
_MIAV0_MTSM64_MTSM1_MDA2_MI_MO40_MVN256_MMFSC_MKFGSU256_MVN0_NR0_NTA0_NTB0_NTC0_NTD0_NEPBS0_NLCA1_NLCB1_ONLL1_OPLV0_PBD0_PFD1_PG2_PSD0_PSLn1_PWCn1_PWLn1_PK0_PKAB0_PAP0_PAPM
0_PGR1_PLR1_PKA0_RK0_SGR1_SIA1_SLW1_SS0_SU32_SUM0_SUS256_SCIU0_SCIUE0_SCIUI1_SCIUPL0_SPO0_SRVW0_SSO0_SVW4_SK0_SKA0_SKXCCM0_SNLL0_TSGRA0_TSGRB0_TT4_4_TLDS0_UIIDU0_UMLDSA0_UM
LDSB0_UMF0_U64SL1_UIOFGRO0_USFGROn1_VAW1_VSn1_VW4_VWB4_VFLRP0_WSGRA0_WSGRB0_WS32_WG16_16_1_WGM8_WGMTB
#    (0:0) 
Cijk_Alik_Bljk_I8II_BH_GB_MT128x64x32_SN_1LDSB0_APM1_AAIGTEn1_AAILTEn1_AAV0_ABV0_ACED0_AF0EM1_AF1EM1_AMAS3_ASE_ASGT_ASLT_ASM_ASAE01_ASBE01_ASCE01_ASDE01_ASEM1_AAC0_BL1_BS1_
CUM0_CDO0_CTDA0_CLR0_DSK0_DRA0_DU32_DULD1_DTLA0_DTLB0_DTVA0_DTVB0_DAF0_DKP0_DVO0_ETSP_EPS1_ELFLR0_EMLL0_FSSC10_F16AI0_F16AIR0_FL0_GLVWA4_GLVWB4_GR2A1_GR2B1_GRCGA1_GRCGB1_GR
CVA1_GRCVB1_GRPM1_GRVW4_GSU1_GSUASB_GSUAA0_GSUSARR1_GSUWGMRR0_GLS0_ISA1201_IU1_IA0_KLA_LEL0_LBSPPA0_LBSPPB0_LPA4_LPB4_LDL1_LR2A1_LR2B1_LRVW4_LW2A1_LW2B1_LWPMn1_LDW0_LT1_FMA
_MIAV0_MTSM64_MTSM1_MDA2_MI_MO40_MVN256_MMFSC_MKFGSU256_MVN0_NR0_NTA0_NTB0_NTC0_NTD0_NEPBS0_NLCA1_NLCB1_ONLL1_OPLV0_PBD0_PFD1_PG2_PSD0_PSLn1_PWCn1_PWLn1_PK0_PKAB0_PAP0_PAPM
0_PGR1_PLR1_PKA0_RK0_SGR1_SIA1_SLW1_SS0_SU0_SUM0_SUS0_SCIU0_SCIUE0_SCIUI1_SCIUPL0_SPO0_SRVW0_SSO0_SVW4_SK0_SKA0_SKXCCM0_SNLL0_TSGRA0_TSGRB0_TT8_4_TLDS0_UIIDU0_UMLDSA0_UMLDS
B0_UMF0_U64SL1_UIOFGRO0_USFGROn1_VAW1_VSn1_VW4_VWB4_VFLRP0_WSGRA0_WSGRB0_WS32_WG16_16_1_WGM8_WGMTB
#    (0:0) 
Cijk_Alik_Bljk_I8II_BH_GB_MT128x64x32_SN_1LDSB0_APM1_AAIGTEn1_AAILTEn1_AAV0_ABV0_ACED0_AF0EM1_AF1EM1_AMAS3_ASE_ASGT_ASLT_ASM_ASAE01_ASBE01_ASCE01_ASDE01_ASEM1_AAC0_BL1_BS1_
CUM0_CDO0_CTDA0_CLR0_DSK0_DRA0_DU32_DULD1_DTLA0_DTLB0_DTVA0_DTVB0_DAF0_DKP0_DVO0_ETSP_EPS1_ELFLR0_EMLL0_FSSC10_F16AI0_F16AIR0_FL0_GLVWA8_GLVWB8_GR2A1_GR2B1_GRCGA1_GRCGB1_GR
CVA1_GRCVB1_GRPM1_GRVW8_GSU1_GSUASB_GSUAA0_GSUSARR1_GSUWGMRR0_GLS0_ISA1201_IU1_IA0_KLA_LEL0_LBSPPA0_LBSPPB0_LPA4_LPB4_LDL1_LR2A1_LR2B1_LRVW4_LW2A1_LW2B1_LWPMn1_LDW0_LT1_FMA
_MIAV0_MTSM64_MTSM1_MDA2_MI_MO40_MVN256_MMFSC_MKFGSU256_MVN0_NR0_NTA0_NTB0_NTC0_NTD0_NEPBS0_NLCA1_NLCB1_ONLL1_OPLV0_PBD0_PFD1_PG2_PSD0_PSLn1_PWCn1_PWLn1_PK0_PKAB0_PAP0_PAPM
0_PGR1_PLR1_PKA0_RK0_SGR1_SIA1_SLW1_SS0_SU0_SUM0_SUS0_SCIU0_SCIUE0_SCIUI1_SCIUPL0_SPO0_SRVW0_SSO0_SVW4_SK0_SKA0_SKXCCM0_SNLL0_TSGRA0_TSGRB0_TT8_4_TLDS0_UIIDU0_UMLDSA0_UMLDS
B0_UMF0_U64SL1_UIOFGRO0_USFGROn1_VAW1_VSn1_VW4_VWB4_VFLRP0_WSGRA0_WSGRB0_WS32_WG16_16_1_WGM8_WGMTB
#    (0:0) 
Cijk_Alik_Bljk_I8II_BH_GB_MT128x64x32_SN_1LDSB0_APM1_AAIGTEn1_AAILTEn1_AAV0_ABV0_ACED0_AF0EM1_AF1EM1_AMAS3_ASE_ASGT_ASLT_ASM_ASAE01_ASBE01_ASCE01_ASDE01_ASEM1_AAC0_BL1_BS1_
CUM0_CDO0_CTDA0_CLR0_DSK0_DRA0_DU32_DULD1_DTLA0_DTLB0_DTVA0_DTVB0_DAF0_DKP0_DVO0_ETSP_EPS1_ELFLR0_EMLL0_FSSC10_F16AI0_F16AIR0_FL0_GLVWA16_GLVWB8_GR2A1_GR2B1_GRCGA1_GRCGB1_G
RCVA1_GRCVB1_GRPM1_GRVW16_GSU1_GSUASB_GSUAA0_GSUSARR1_GSUWGMRR0_GLS0_ISA1201_IU1_IA0_KLA_LEL0_LBSPPA0_LBSPPB0_LPA4_LPB4_LDL1_LR2A1_LR2B1_LRVW4_LW2A1_LW2B1_LWPMn1_LDW0_LT1_F
MA_MIAV0_MTSM64_MTSM1_MDA2_MI_MO40_MVN256_MMFSC_MKFGSU256_MVN0_NR0_NTA0_NTB0_NTC0_NTD0_NEPBS0_NLCA1_NLCB1_ONLL1_OPLV0_PBD0_PFD1_PG2_PSD0_PSLn1_PWCn1_PWLn1_PK0_PKAB0_PAP0_PA
PM0_PGR1_PLR1_PKA0_RK0_SGR1_SIA1_SLW1_SS0_SU0_SUM0_SUS0_SCIU0_SCIUE0_SCIUI1_SCIUPL0_SPO0_SRVW0_SSO0_SVW4_SK0_SKA0_SKXCCM0_SNLL0_TSGRA0_TSGRB0_TT8_4_TLDS0_UIIDU0_UMLDSA0_UML
DSB0_UMF0_U64SL1_UIOFGRO0_USFGROn1_VAW1_VSn1_VW4_VWB4_VFLRP0_WSGRA0_WSGRB0_WS32_WG16_16_1_WGM8_WGMTB
#    (0:0) 
Cijk_Alik_Bljk_I8II_BH_GB_MT128x64x32_SN_1LDSB0_APM1_AAIGTEn1_AAILTEn1_AAV0_ABV0_ACED0_AF0EM1_AF1EM1_AMAS3_ASE_ASGT_ASLT_ASM_ASAE01_ASBE01_ASCE01_ASDE01_ASEM1_AAC0_BL1_BS1_
CUM0_CDO0_CTDA0_CLR0_DSK0_DRA0_DU32_DULD1_DTLA0_DTLB0_DTVA0_DTVB0_DAF0_DKP0_DVO0_ETSP_EPS1_ELFLR0_EMLL0_FSSC10_F16AI0_F16AIR0_FL0_GLVWA4_GLVWB4_GR2A1_GR2B1_GRCGA1_GRCGB1_GR
CVA1_GRCVB1_GRPM1_GRVW4_GSU1_GSUASB_GSUAA0_GSUSARR1_GSUWGMRR0_GLS0_ISA1201_IU1_IA0_KLA_LEL0_LBSPPA0_LBSPPB0_LPA4_LPB4_LDL1_LR2A1_LR2B1_LRVW4_LW2A1_LW2B1_LWPMn1_LDW0_LT1_FMA
_MIAV0_MTSM64_MTSM1_MDA2_MI_MO40_MVN256_MMFSC_MKFGSU256_MVN0_NR0_NTA0_NTB0_NTC0_NTD0_NEPBS0_NLCA1_NLCB1_ONLL1_OPLV0_PBD0_PFD1_PG2_PSD0_PSLn1_PWCn1_PWLn1_PK0_PKAB0_PAP0_PAPM
0_PGR1_PLR1_PKA0_RK0_SGR1_SIA1_SLW1_SS0_SU32_SUM0_SUS256_SCIU0_SCIUE0_SCIUI1_SCIUPL0_SPO0_SRVW0_SSO0_SVW4_SK0_SKA0_SKXCCM0_SNLL0_TSGRA0_TSGRB0_TT8_4_TLDS0_UIIDU0_UMLDSA0_UM
LDSB0_UMF0_U64SL1_UIOFGRO0_USFGROn1_VAW1_VSn1_VW4_VWB4_VFLRP0_WSGRA0_WSGRB0_WS32_WG16_16_1_WGM8_WGMTB
#    (0:0) 
Cijk_Alik_Bljk_I8II_BH_GB_MT128x64x32_SN_1LDSB0_APM1_AAIGTEn1_AAILTEn1_AAV0_ABV0_ACED0_AF0EM1_AF1EM1_AMAS3_ASE_ASGT_ASLT_ASM_ASAE01_ASBE01_ASCE01_ASDE01_ASEM1_AAC0_BL1_BS1_
CUM0_CDO0_CTDA0_CLR0_DSK0_DRA0_DU32_DULD1_DTLA0_DTLB0_DTVA0_DTVB0_DAF0_DKP0_DVO0_ETSP_EPS1_ELFLR0_EMLL0_FSSC10_F16AI0_F16AIR0_FL0_GLVWA8_GLVWB8_GR2A1_GR2B1_GRCGA1_GRCGB1_GR
CVA1_GRCVB1_GRPM1_GRVW8_GSU1_GSUASB_GSUAA0_GSUSARR1_GSUWGMRR0_GLS0_ISA1201_IU1_IA0_KLA_LEL0_LBSPPA0_LBSPPB0_LPA4_LPB4_LDL1_LR2A1_LR2B1_LRVW4_LW2A1_LW2B1_LWPMn1_LDW0_LT1_FMA
_MIAV0_MTSM64_MTSM1_MDA2_MI_MO40_MVN256_MMFSC_MKFGSU256_MVN0_NR0_NTA0_NTB0_NTC0_NTD0_NEPBS0_NLCA1_NLCB1_ONLL1_OPLV0_PBD0_PFD1_PG2_PSD0_PSLn1_PWCn1_PWLn1_PK0_PKAB0_PAP0_PAPM
0_PGR1_PLR1_PKA0_RK0_SGR1_SIA1_SLW1_SS0_SU32_SUM0_SUS256_SCIU0_SCIUE0_SCIUI1_SCIUPL0_SPO0_SRVW0_SSO0_SVW4_SK0_SKA0_SKXCCM0_SNLL0_TSGRA0_TSGRB0_TT8_4_TLDS0_UIIDU0_UMLDSA0_UM
LDSB0_UMF0_U64SL1_UIOFGRO0_USFGROn1_VAW1_VSn1_VW4_VWB4_VFLRP0_WSGRA0_WSGRB0_WS32_WG16_16_1_WGM8_WGMTB
#    (0:0) 
Cijk_Alik_Bljk_I8II_BH_GB_MT128x64x32_SN_1LDSB0_APM1_AAIGTEn1_AAILTEn1_AAV0_ABV0_ACED0_AF0EM1_AF1EM1_AMAS3_ASE_ASGT_ASLT_ASM_ASAE01_ASBE01_ASCE01_ASDE01_ASEM1_AAC0_BL1_BS1_
CUM0_CDO0_CTDA0_CLR0_DSK0_DRA0_DU32_DULD1_DTLA0_DTLB0_DTVA0_DTVB0_DAF0_DKP0_DVO0_ETSP_EPS1_ELFLR0_EMLL0_FSSC10_F16AI0_F16AIR0_FL0_GLVWA16_GLVWB8_GR2A1_GR2B1_GRCGA1_GRCGB1_G
RCVA1_GRCVB1_GRPM1_GRVW16_GSU1_GSUASB_GSUAA0_GSUSARR1_GSUWGMRR0_GLS0_ISA1201_IU1_IA0_KLA_LEL0_LBSPPA0_LBSPPB0_LPA4_LPB4_LDL1_LR2A1_LR2B1_LRVW4_LW2A1_LW2B1_LWPMn1_LDW0_LT1_F
MA_MIAV0_MTSM64_MTSM1_MDA2_MI_MO40_MVN256_MMFSC_MKFGSU256_MVN0_NR0_NTA0_NTB0_NTC0_NTD0_NEPBS0_NLCA1_NLCB1_ONLL1_OPLV0_PBD0_PFD1_PG2_PSD0_PSLn1_PWCn1_PWLn1_PK0_PKAB0_PAP0_PA
PM0_PGR1_PLR1_PKA0_RK0_SGR1_SIA1_SLW1_SS0_SU32_SUM0_SUS256_SCIU0_SCIUE0_SCIUI1_SCIUPL0_SPO0_SRVW0_SSO0_SVW4_SK0_SKA0_SKXCCM0_SNLL0_TSGRA0_TSGRB0_TT8_4_TLDS0_UIIDU0_UMLDSA0_
UMLDSB0_UMF0_U64SL1_UIOFGRO0_USFGROn1_VAW1_VSn1_VW4_VWB4_VFLRP0_WSGRA0_WSGRB0_WS32_WG16_16_1_WGM8_WGMTB
#    (0:0) 
Cijk_Alik_Bljk_I8II_BH_GB_MT64x128x32_SN_1LDSB0_APM1_AAIGTEn1_AAILTEn1_AAV0_ABV0_ACED0_AF0EM1_AF1EM1_AMAS3_ASE_ASGT_ASLT_ASM_ASAE01_ASBE01_ASCE01_ASDE01_ASEM1_AAC0_BL1_BS1_
CUM0_CDO0_CTDA0_CLR0_DSK0_DRA0_DU32_DULD1_DTLA0_DTLB0_DTVA0_DTVB0_DAF0_DKP0_DVO0_ETSP_EPS1_ELFLR0_EMLL0_FSSC10_F16AI0_F16AIR0_FL0_GLVWA4_GLVWB4_GR2A1_GR2B1_GRCGA1_GRCGB1_GR
CVA1_GRCVB1_GRPM1_GRVW4_GSU1_GSUASB_GSUAA0_GSUSARR1_GSUWGMRR0_GLS0_ISA1201_IU1_IA0_KLA_LEL0_LBSPPA0_LBSPPB0_LPA4_LPB4_LDL1_LR2A1_LR2B1_LRVW4_LW2A1_LW2B1_LWPMn1_LDW0_LT1_FMA
_MIAV0_MTSM64_MTSM1_MDA2_MI_MO40_MVN256_MMFSC_MKFGSU256_MVN0_NR0_NTA0_NTB0_NTC0_NTD0_NEPBS0_NLCA1_NLCB1_ONLL1_OPLV0_PBD0_PFD1_PG2_PSD0_PSLn1_PWCn1_PWLn1_PK0_PKAB0_PAP0_PAPM
0_PGR1_PLR1_PKA0_RK0_SGR1_SIA1_SLW1_SS0_SU0_SUM0_SUS0_SCIU0_SCIUE0_SCIUI1_SCIUPL0_SPO0_SRVW0_SSO0_SVW4_SK0_SKA0_SKXCCM0_SNLL0_TSGRA0_TSGRB0_TT4_8_TLDS0_UIIDU0_UMLDSA0_UMLDS
B0_UMF0_U64SL1_UIOFGRO0_USFGROn1_VAW1_VSn1_VW4_VWB4_VFLRP0_WSGRA0_WSGRB0_WS32_WG16_16_1_WGM8_WGMTB
#    (0:0) 
Cijk_Alik_Bljk_I8II_BH_GB_MT64x128x32_SN_1LDSB0_APM1_AAIGTEn1_AAILTEn1_AAV0_ABV0_ACED0_AF0EM1_AF1EM1_AMAS3_ASE_ASGT_ASLT_ASM_ASAE01_ASBE01_ASCE01_ASDE01_ASEM1_AAC0_BL1_BS1_
CUM0_CDO0_CTDA0_CLR0_DSK0_DRA0_DU32_DULD1_DTLA0_DTLB0_DTVA0_DTVB0_DAF0_DKP0_DVO0_ETSP_EPS1_ELFLR0_EMLL0_FSSC10_F16AI0_F16AIR0_FL0_GLVWA8_GLVWB8_GR2A1_GR2B1_GRCGA1_GRCGB1_GR
CVA1_GRCVB1_GRPM1_GRVW8_GSU1_GSUASB_GSUAA0_GSUSARR1_GSUWGMRR0_GLS0_ISA1201_IU1_IA0_KLA_LEL0_LBSPPA0_LBSPPB0_LPA4_LPB4_LDL1_LR2A1_LR2B1_LRVW4_LW2A1_LW2B1_LWPMn1_LDW0_LT1_FMA
_MIAV0_MTSM64_MTSM1_MDA2_MI_MO40_MVN256_MMFSC_MKFGSU256_MVN0_NR0_NTA0_NTB0_NTC0_NTD0_NEPBS0_NLCA1_NLCB1_ONLL1_OPLV0_PBD0_PFD1_PG2_PSD0_PSLn1_PWCn1_PWLn1_PK0_PKAB0_PAP0_PAPM
0_PGR1_PLR1_PKA0_RK0_SGR1_SIA1_SLW1_SS0_SU0_SUM0_SUS0_SCIU0_SCIUE0_SCIUI1_SCIUPL0_SPO0_SRVW0_SSO0_SVW4_SK0_SKA0_SKXCCM0_SNLL0_TSGRA0_TSGRB0_TT4_8_TLDS0_UIIDU0_UMLDSA0_UMLDS
B0_UMF0_U64SL1_UIOFGRO0_USFGROn1_VAW1_VSn1_VW4_VWB4_VFLRP0_WSGRA0_WSGRB0_WS32_WG16_16_1_WGM8_WGMTB
#    (0:0) 
Cijk_Alik_Bljk_I8II_BH_GB_MT64x128x32_SN_1LDSB0_APM1_AAIGTEn1_AAILTEn1_AAV0_ABV0_ACED0_AF0EM1_AF1EM1_AMAS3_ASE_ASGT_ASLT_ASM_ASAE01_ASBE01_ASCE01_ASDE01_ASEM1_AAC0_BL1_BS1_
CUM0_CDO0_CTDA0_CLR0_DSK0_DRA0_DU32_DULD1_DTLA0_DTLB0_DTVA0_DTVB0_DAF0_DKP0_DVO0_ETSP_EPS1_ELFLR0_EMLL0_FSSC10_F16AI0_F16AIR0_FL0_GLVWA8_GLVWB16_GR2A1_GR2B1_GRCGA1_GRCGB1_G
RCVA1_GRCVB1_GRPM1_GRVW16_GSU1_GSUASB_GSUAA0_GSUSARR1_GSUWGMRR0_GLS0_ISA1201_IU1_IA0_KLA_LEL0_LBSPPA0_LBSPPB0_LPA4_LPB4_LDL1_LR2A1_LR2B1_LRVW4_LW2A1_LW2B1_LWPMn1_LDW0_LT1_F
MA_MIAV0_MTSM64_MTSM1_MDA2_MI_MO40_MVN256_MMFSC_MKFGSU256_MVN0_NR0_NTA0_NTB0_NTC0_NTD0_NEPBS0_NLCA1_NLCB1_ONLL1_OPLV0_PBD0_PFD1_PG2_PSD0_PSLn1_PWCn1_PWLn1_PK0_PKAB0_PAP0_PA
PM0_PGR1_PLR1_PKA0_RK0_SGR1_SIA1_SLW1_SS0_SU0_SUM0_SUS0_SCIU0_SCIUE0_SCIUI1_SCIUPL0_SPO0_SRVW0_SSO0_SVW4_SK0_SKA0_SKXCCM0_SNLL0_TSGRA0_TSGRB0_TT4_8_TLDS0_UIIDU0_UMLDSA0_UML
DSB0_UMF0_U64SL1_UIOFGRO0_USFGROn1_VAW1_VSn1_VW4_VWB4_VFLRP0_WSGRA0_WSGRB0_WS32_WG16_16_1_WGM8_WGMTB
#    (0:0) 
Cijk_Alik_Bljk_I8II_BH_GB_MT64x128x32_SN_1LDSB0_APM1_AAIGTEn1_AAILTEn1_AAV0_ABV0_ACED0_AF0EM1_AF1EM1_AMAS3_ASE_ASGT_ASLT_ASM_ASAE01_ASBE01_ASCE01_ASDE01_ASEM1_AAC0_BL1_BS1_
CUM0_CDO0_CTDA0_CLR0_DSK0_DRA0_DU32_DULD1_DTLA0_DTLB0_DTVA0_DTVB0_DAF0_DKP0_DVO0_ETSP_EPS1_ELFLR0_EMLL0_FSSC10_F16AI0_F16AIR0_FL0_GLVWA4_GLVWB4_GR2A1_GR2B1_GRCGA1_GRCGB1_GR
CVA1_GRCVB1_GRPM1_GRVW4_GSU1_GSUASB_GSUAA0_GSUSARR1_GSUWGMRR0_GLS0_ISA1201_IU1_IA0_KLA_LEL0_LBSPPA0_LBSPPB0_LPA4_LPB4_LDL1_LR2A1_LR2B1_LRVW4_LW2A1_LW2B1_LWPMn1_LDW0_LT1_FMA
_MIAV0_MTSM64_MTSM1_MDA2_MI_MO40_MVN256_MMFSC_MKFGSU256_MVN0_NR0_NTA0_NTB0_NTC0_NTD0_NEPBS0_NLCA1_NLCB1_ONLL1_OPLV0_PBD0_PFD1_PG2_PSD0_PSLn1_PWCn1_PWLn1_PK0_PKAB0_PAP0_PAPM
0_PGR1_PLR1_PKA0_RK0_SGR1_SIA1_SLW1_SS0_SU32_SUM0_SUS256_SCIU0_SCIUE0_SCIUI1_SCIUPL0_SPO0_SRVW0_SSO0_SVW4_SK0_SKA0_SKXCCM0_SNLL0_TSGRA0_TSGRB0_TT4_8_TLDS0_UIIDU0_UMLDSA0_UM
LDSB0_UMF0_U64SL1_UIOFGRO0_USFGROn1_VAW1_VSn1_VW4_VWB4_VFLRP0_WSGRA0_WSGRB0_WS32_WG16_16_1_WGM8_WGMTB
#    (0:0) 
Cijk_Alik_Bljk_I8II_BH_GB_MT64x128x32_SN_1LDSB0_APM1_AAIGTEn1_AAILTEn1_AAV0_ABV0_ACED0_AF0EM1_AF1EM1_AMAS3_ASE_ASGT_ASLT_ASM_ASAE01_ASBE01_ASCE01_ASDE01_ASEM1_AAC0_BL1_BS1_
CUM0_CDO0_CTDA0_CLR0_DSK0_DRA0_DU32_DULD1_DTLA0_DTLB0_DTVA0_DTVB0_DAF0_DKP0_DVO0_ETSP_EPS1_ELFLR0_EMLL0_FSSC10_F16AI0_F16AIR0_FL0_GLVWA8_GLVWB8_GR2A1_GR2B1_GRCGA1_GRCGB1_GR
CVA1_GRCVB1_GRPM1_GRVW8_GSU1_GSUASB_GSUAA0_GSUSARR1_GSUWGMRR0_GLS0_ISA1201_IU1_IA0_KLA_LEL0_LBSPPA0_LBSPPB0_LPA4_LPB4_LDL1_LR2A1_LR2B1_LRVW4_LW2A1_LW2B1_LWPMn1_LDW0_LT1_FMA
_MIAV0_MTSM64_MTSM1_MDA2_MI_MO40_MVN256_MMFSC_MKFGSU256_MVN0_NR0_NTA0_NTB0_NTC0_NTD0_NEPBS0_NLCA1_NLCB1_ONLL1_OPLV0_PBD0_PFD1_PG2_PSD0_PSLn1_PWCn1_PWLn1_PK0_PKAB0_PAP0_PAPM
0_PGR1_PLR1_PKA0_RK0_SGR1_SIA1_SLW1_SS0_SU32_SUM0_SUS256_SCIU0_SCIUE0_SCIUI1_SCIUPL0_SPO0_SRVW0_SSO0_SVW4_SK0_SKA0_SKXCCM0_SNLL0_TSGRA0_TSGRB0_TT4_8_TLDS0_UIIDU0_UMLDSA0_UM
LDSB0_UMF0_U64SL1_UIOFGRO0_USFGROn1_VAW1_VSn1_VW4_VWB4_VFLRP0_WSGRA0_WSGRB0_WS32_WG16_16_1_WGM8_WGMTB
#    (0:0) 
Cijk_Alik_Bljk_I8II_BH_GB_MT64x128x32_SN_1LDSB0_APM1_AAIGTEn1_AAILTEn1_AAV0_ABV0_ACED0_AF0EM1_AF1EM1_AMAS3_ASE_ASGT_ASLT_ASM_ASAE01_ASBE01_ASCE01_ASDE01_ASEM1_AAC0_BL1_BS1_
CUM0_CDO0_CTDA0_CLR0_DSK0_DRA0_DU32_DULD1_DTLA0_DTLB0_DTVA0_DTVB0_DAF0_DKP0_DVO0_ETSP_EPS1_ELFLR0_EMLL0_FSSC10_F16AI0_F16AIR0_FL0_GLVWA8_GLVWB16_GR2A1_GR2B1_GRCGA1_GRCGB1_G
RCVA1_GRCVB1_GRPM1_GRVW16_GSU1_GSUASB_GSUAA0_GSUSARR1_GSUWGMRR0_GLS0_ISA1201_IU1_IA0_KLA_LEL0_LBSPPA0_LBSPPB0_LPA4_LPB4_LDL1_LR2A1_LR2B1_LRVW4_LW2A1_LW2B1_LWPMn1_LDW0_LT1_F
MA_MIAV0_MTSM64_MTSM1_MDA2_MI_MO40_MVN256_MMFSC_MKFGSU256_MVN0_NR0_NTA0_NTB0_NTC0_NTD0_NEPBS0_NLCA1_NLCB1_ONLL1_OPLV0_PBD0_PFD1_PG2_PSD0_PSLn1_PWCn1_PWLn1_PK0_PKAB0_PAP0_PA
PM0_PGR1_PLR1_PKA0_RK0_SGR1_SIA1_SLW1_SS0_SU32_SUM0_SUS256_SCIU0_SCIUE0_SCIUI1_SCIUPL0_SPO0_SRVW0_SSO0_SVW4_SK0_SKA0_SKXCCM0_SNLL0_TSGRA0_TSGRB0_TT4_8_TLDS0_UIIDU0_UMLDSA0_
UMLDSB0_UMF0_U64SL1_UIOFGRO0_USFGROn1_VAW1_VSn1_VW4_VWB4_VFLRP0_WSGRA0_WSGRB0_WS32_WG16_16_1_WGM8_WGMTB
################################################################################
Finding unique solutions:   0%|          | 0/36 [00:00<?, ?it/s]Finding unique solutions: 100%|██████████| 36/36 [00:00<00:00, 15679.64it/s]
# Writing Kernels...
Generating kernels: 12 thread(s), 36 tasks:   0%|          | 0/36 [00:00<?, ?it/s]total vgpr count: 80

total vgpr count: 50

write_assemblyFilename /home/iamthecage/out-v2/i8gemm_valu_gb_fixed_tn/1_BenchmarkProblems/Cijk_Alik_Bljk_I8II_BH_GB_00/00_Final/source/build_tmp/SOURCE/assembly/Cijk_Alik_Bljk_I8II_BH_GB_MT128x64x16_SN_GLVWA8_9Z8IKu-n3P0DFkwD8z3H2bSj5lPEWESfNZcowkeWWbg=.s
Assemble command: /opt/rocm/bin/amdclang++ -x assembler -target amdgcn-amd-amdhsa -mcode-object-version=4 -mcpu=gfx1201 -mno-wavefrontsize64 -c -o 
/home/iamthecage/out-v2/i8gemm_valu_gb_fixed_tn/1_BenchmarkProblems/Cijk_Alik_Bljk_I8II_BH_GB_00/00_Final/source/build_tmp/SOURCE/assembly/Cijk_Alik_Bljk_I8II_BH_GB_MT128x6
4x16_SN_GLVWA8_9Z8IKu-n3P0DFkwD8z3H2bSj5lPEWESfNZcowkeWWbg=.o 
/home/iamthecage/out-v2/i8gemm_valu_gb_fixed_tn/1_BenchmarkProblems/Cijk_Alik_Bljk_I8II_BH_GB_00/00_Final/source/build_tmp/SOURCE/assembly/Cijk_Alik_Bljk_I8II_BH_GB_MT128x6
4x16_SN_GLVWA8_9Z8IKu-n3P0DFkwD8z3H2bSj5lPEWESfNZcowkeWWbg=.s && 
write_assemblyFilename /home/iamthecage/out-v2/i8gemm_valu_gb_fixed_tn/1_BenchmarkProblems/Cijk_Alik_Bljk_I8II_BH_GB_00/00_Final/source/build_tmp/SOURCE/assembly/Cijk_Alik_Bljk_I8II_BH_GB_MT64x64x16_SN_GLVWA4_GfgXF6xi9bNu252u7kqh3nsAmnM1GjMFtFVeXygEZsOs=.s
Assemble command: /opt/rocm/bin/amdclang++ -x assembler -target amdgcn-amd-amdhsa -mcode-object-version=4 -mcpu=gfx1201 -mno-wavefrontsize64 -c -o 
/home/iamthecage/out-v2/i8gemm_valu_gb_fixed_tn/1_BenchmarkProblems/Cijk_Alik_Bljk_I8II_BH_GB_00/00_Final/source/build_tmp/SOURCE/assembly/Cijk_Alik_Bljk_I8II_BH_GB_MT64x64
x16_SN_GLVWA4_GfgXF6xi9bNu252u7kqh3nsAmnM1GjMFtFVeXygEZsOs=.o 
/home/iamthecage/out-v2/i8gemm_valu_gb_fixed_tn/1_BenchmarkProblems/Cijk_Alik_Bljk_I8II_BH_GB_00/00_Final/source/build_tmp/SOURCE/assembly/Cijk_Alik_Bljk_I8II_BH_GB_MT64x64
x16_SN_GLVWA4_GfgXF6xi9bNu252u7kqh3nsAmnM1GjMFtFVeXygEZsOs=.s && 
total vgpr count: 76

write_assemblyFilename /home/iamthecage/out-v2/i8gemm_valu_gb_fixed_tn/1_BenchmarkProblems/Cijk_Alik_Bljk_I8II_BH_GB_00/00_Final/source/build_tmp/SOURCE/assembly/Cijk_Alik_Bljk_I8II_BH_GB_MT128x64x16_SN_GLVWA4_FcAic7C12hfkNN19MREll0fteuVVlz7kE3JS558-xNE=.s
Assemble command: /opt/rocm/bin/amdclang++ -x assembler -target amdgcn-amd-amdhsa -mcode-object-version=4 -mcpu=gfx1201 -mno-wavefrontsize64 -c -o 
/home/iamthecage/out-v2/i8gemm_valu_gb_fixed_tn/1_BenchmarkProblems/Cijk_Alik_Bljk_I8II_BH_GB_00/00_Final/source/build_tmp/SOURCE/assembly/Cijk_Alik_Bljk_I8II_BH_GB_MT128x6
4x16_SN_GLVWA4_FcAic7C12hfkNN19MREll0fteuVVlz7kE3JS558-xNE=.o 
/home/iamthecage/out-v2/i8gemm_valu_gb_fixed_tn/1_BenchmarkProblems/Cijk_Alik_Bljk_I8II_BH_GB_00/00_Final/source/build_tmp/SOURCE/assembly/Cijk_Alik_Bljk_I8II_BH_GB_MT128x6
4x16_SN_GLVWA4_FcAic7C12hfkNN19MREll0fteuVVlz7kE3JS558-xNE=.s && 
b''
Single Code Object File: /opt/rocm/bin/amdclang++ -target amdgcn-amd-amdhsa -Xlinker --build-id -o 
/home/iamthecage/out-v2/i8gemm_valu_gb_fixed_tn/1_BenchmarkProblems/Cijk_Alik_Bljk_I8II_BH_GB_00/00_Final/source/build_tmp/SOURCE/assembly/Cijk_Alik_Bljk_I8II_BH_GB_MT64x64
x16_SN_GLVWA4_GfgXF6xi9bNu252u7kqh3nsAmnM1GjMFtFVeXygEZsOs=.co 
/home/iamthecage/out-v2/i8gemm_valu_gb_fixed_tn/1_BenchmarkProblems/Cijk_Alik_Bljk_I8II_BH_GB_00/00_Final/source/build_tmp/SOURCE/assembly/Cijk_Alik_Bljk_I8II_BH_GB_MT64x64
x16_SN_GLVWA4_GfgXF6xi9bNu252u7kqh3nsAmnM1GjMFtFVeXygEZsOs=.o
b''
Single Code Object File: /opt/rocm/bin/amdclang++ -target amdgcn-amd-amdhsa -Xlinker --build-id -o 
/home/iamthecage/out-v2/i8gemm_valu_gb_fixed_tn/1_BenchmarkProblems/Cijk_Alik_Bljk_I8II_BH_GB_00/00_Final/source/build_tmp/SOURCE/assembly/Cijk_Alik_Bljk_I8II_BH_GB_MT128x6
4x16_SN_GLVWA8_9Z8IKu-n3P0DFkwD8z3H2bSj5lPEWESfNZcowkeWWbg=.co 
/home/iamthecage/out-v2/i8gemm_valu_gb_fixed_tn/1_BenchmarkProblems/Cijk_Alik_Bljk_I8II_BH_GB_00/00_Final/source/build_tmp/SOURCE/assembly/Cijk_Alik_Bljk_I8II_BH_GB_MT128x6
4x16_SN_GLVWA8_9Z8IKu-n3P0DFkwD8z3H2bSj5lPEWESfNZcowkeWWbg=.o
b''
Single Code Object File: /opt/rocm/bin/amdclang++ -target amdgcn-amd-amdhsa -Xlinker --build-id -o 
/home/iamthecage/out-v2/i8gemm_valu_gb_fixed_tn/1_BenchmarkProblems/Cijk_Alik_Bljk_I8II_BH_GB_00/00_Final/source/build_tmp/SOURCE/assembly/Cijk_Alik_Bljk_I8II_BH_GB_MT128x6
4x16_SN_GLVWA4_FcAic7C12hfkNN19MREll0fteuVVlz7kE3JS558-xNE=.co 
/home/iamthecage/out-v2/i8gemm_valu_gb_fixed_tn/1_BenchmarkProblems/Cijk_Alik_Bljk_I8II_BH_GB_00/00_Final/source/build_tmp/SOURCE/assembly/Cijk_Alik_Bljk_I8II_BH_GB_MT128x6
4x16_SN_GLVWA4_FcAic7C12hfkNN19MREll0fteuVVlz7kE3JS558-xNE=.o
b''
Generating kernels: 12 thread(s), 36 tasks:  67%|██████▋   | 24/36 [00:02<00:01, 10.49it/s]b''
total vgpr count: 50

b''
write_assemblyFilename /home/iamthecage/out-v2/i8gemm_valu_gb_fixed_tn/1_BenchmarkProblems/Cijk_Alik_Bljk_I8II_BH_GB_00/00_Final/source/build_tmp/SOURCE/assembly/Cijk_Alik_Bljk_I8II_BH_GB_MT64x64x16_SN_GLVWA4_G_K1N9mtuGU2sj1gLZj3bOpfm4qB4X3rKhKgqZCRdOA4=.s
Assemble command: /opt/rocm/bin/amdclang++ -x assembler -target amdgcn-amd-amdhsa -mcode-object-version=4 -mcpu=gfx1201 -mno-wavefrontsize64 -c -o 
/home/iamthecage/out-v2/i8gemm_valu_gb_fixed_tn/1_BenchmarkProblems/Cijk_Alik_Bljk_I8II_BH_GB_00/00_Final/source/build_tmp/SOURCE/assembly/Cijk_Alik_Bljk_I8II_BH_GB_MT64x64
x16_SN_GLVWA4_G_K1N9mtuGU2sj1gLZj3bOpfm4qB4X3rKhKgqZCRdOA4=.o 
/home/iamthecage/out-v2/i8gemm_valu_gb_fixed_tn/1_BenchmarkProblems/Cijk_Alik_Bljk_I8II_BH_GB_00/00_Final/source/build_tmp/SOURCE/assembly/Cijk_Alik_Bljk_I8II_BH_GB_MT64x64
x16_SN_GLVWA4_G_K1N9mtuGU2sj1gLZj3bOpfm4qB4X3rKhKgqZCRdOA4=.s && 
b''
Single Code Object File: /opt/rocm/bin/amdclang++ -target amdgcn-amd-amdhsa -Xlinker --build-id -o 
/home/iamthecage/out-v2/i8gemm_valu_gb_fixed_tn/1_BenchmarkProblems/Cijk_Alik_Bljk_I8II_BH_GB_00/00_Final/source/build_tmp/SOURCE/assembly/Cijk_Alik_Bljk_I8II_BH_GB_MT64x64
x16_SN_GLVWA4_G_K1N9mtuGU2sj1gLZj3bOpfm4qB4X3rKhKgqZCRdOA4=.co 
/home/iamthecage/out-v2/i8gemm_valu_gb_fixed_tn/1_BenchmarkProblems/Cijk_Alik_Bljk_I8II_BH_GB_00/00_Final/source/build_tmp/SOURCE/assembly/Cijk_Alik_Bljk_I8II_BH_GB_MT64x64
x16_SN_GLVWA4_G_K1N9mtuGU2sj1gLZj3bOpfm4qB4X3rKhKgqZCRdOA4=.o
total vgpr count: 80

write_assemblyFilename /home/iamthecage/out-v2/i8gemm_valu_gb_fixed_tn/1_BenchmarkProblems/Cijk_Alik_Bljk_I8II_BH_GB_00/00_Final/source/build_tmp/SOURCE/assembly/Cijk_Alik_Bljk_I8II_BH_GB_MT128x64x16_SN_GLVWA8_HFX1CFfh6MrYNCW3Bz4bUEEHrGgr43d0aSfAvLNpmKM=.s
Assemble command: /opt/rocm/bin/amdclang++ -x assembler -target amdgcn-amd-amdhsa -mcode-object-version=4 -mcpu=gfx1201 -mno-wavefrontsize64 -c -o 
/home/iamthecage/out-v2/i8gemm_valu_gb_fixed_tn/1_BenchmarkProblems/Cijk_Alik_Bljk_I8II_BH_GB_00/00_Final/source/build_tmp/SOURCE/assembly/Cijk_Alik_Bljk_I8II_BH_GB_MT128x6
4x16_SN_GLVWA8_HFX1CFfh6MrYNCW3Bz4bUEEHrGgr43d0aSfAvLNpmKM=.o 
/home/iamthecage/out-v2/i8gemm_valu_gb_fixed_tn/1_BenchmarkProblems/Cijk_Alik_Bljk_I8II_BH_GB_00/00_Final/source/build_tmp/SOURCE/assembly/Cijk_Alik_Bljk_I8II_BH_GB_MT128x6
4x16_SN_GLVWA8_HFX1CFfh6MrYNCW3Bz4bUEEHrGgr43d0aSfAvLNpmKM=.s && 
b''
total vgpr count: 50

write_assemblyFilename /home/iamthecage/out-v2/i8gemm_valu_gb_fixed_tn/1_BenchmarkProblems/Cijk_Alik_Bljk_I8II_BH_GB_00/00_Final/source/build_tmp/SOURCE/assembly/Cijk_Alik_Bljk_I8II_BH_GB_MT64x64x16_SN_GLVWA4_GKxHduPCyWm79LYalNufKi-2IE_AIiR5B9QmM58-Cgho=.s
Assemble command: /opt/rocm/bin/amdclang++ -x assembler -target amdgcn-amd-amdhsa -mcode-object-version=4 -mcpu=gfx1201 -mno-wavefrontsize64 -c -o 
/home/iamthecage/out-v2/i8gemm_valu_gb_fixed_tn/1_BenchmarkProblems/Cijk_Alik_Bljk_I8II_BH_GB_00/00_Final/source/build_tmp/SOURCE/assembly/Cijk_Alik_Bljk_I8II_BH_GB_MT64x64
x16_SN_GLVWA4_GKxHduPCyWm79LYalNufKi-2IE_AIiR5B9QmM58-Cgho=.o 
/home/iamthecage/out-v2/i8gemm_valu_gb_fixed_tn/1_BenchmarkProblems/Cijk_Alik_Bljk_I8II_BH_GB_00/00_Final/source/build_tmp/SOURCE/assembly/Cijk_Alik_Bljk_I8II_BH_GB_MT64x64
x16_SN_GLVWA4_GKxHduPCyWm79LYalNufKi-2IE_AIiR5B9QmM58-Cgho=.s && 
b''
Single Code Object File: /opt/rocm/bin/amdclang++ -target amdgcn-amd-amdhsa -Xlinker --build-id -o 
/home/iamthecage/out-v2/i8gemm_valu_gb_fixed_tn/1_BenchmarkProblems/Cijk_Alik_Bljk_I8II_BH_GB_00/00_Final/source/build_tmp/SOURCE/assembly/Cijk_Alik_Bljk_I8II_BH_GB_MT128x6
4x16_SN_GLVWA8_HFX1CFfh6MrYNCW3Bz4bUEEHrGgr43d0aSfAvLNpmKM=.co 
/home/iamthecage/out-v2/i8gemm_valu_gb_fixed_tn/1_BenchmarkProblems/Cijk_Alik_Bljk_I8II_BH_GB_00/00_Final/source/build_tmp/SOURCE/assembly/Cijk_Alik_Bljk_I8II_BH_GB_MT128x6
4x16_SN_GLVWA8_HFX1CFfh6MrYNCW3Bz4bUEEHrGgr43d0aSfAvLNpmKM=.o
b''
Single Code Object File: /opt/rocm/bin/amdclang++ -target amdgcn-amd-amdhsa -Xlinker --build-id -o 
/home/iamthecage/out-v2/i8gemm_valu_gb_fixed_tn/1_BenchmarkProblems/Cijk_Alik_Bljk_I8II_BH_GB_00/00_Final/source/build_tmp/SOURCE/assembly/Cijk_Alik_Bljk_I8II_BH_GB_MT64x64
x16_SN_GLVWA4_GKxHduPCyWm79LYalNufKi-2IE_AIiR5B9QmM58-Cgho=.co 
/home/iamthecage/out-v2/i8gemm_valu_gb_fixed_tn/1_BenchmarkProblems/Cijk_Alik_Bljk_I8II_BH_GB_00/00_Final/source/build_tmp/SOURCE/assembly/Cijk_Alik_Bljk_I8II_BH_GB_MT64x64
x16_SN_GLVWA4_GKxHduPCyWm79LYalNufKi-2IE_AIiR5B9QmM58-Cgho=.o
total vgpr count: 50

b''
total vgpr count: 50

b''
total vgpr count: 76

write_assemblyFilename /home/iamthecage/out-v2/i8gemm_valu_gb_fixed_tn/1_BenchmarkProblems/Cijk_Alik_Bljk_I8II_BH_GB_00/00_Final/source/build_tmp/SOURCE/assembly/Cijk_Alik_Bljk_I8II_BH_GB_MT64x64x16_SN_GLVWA4_GJ0ZCp9Bf4SG-FuG_BjnKYzDzSoX6vCBtFGx2sBhbP-c=.s
Assemble command: /opt/rocm/bin/amdclang++ -x assembler -target amdgcn-amd-amdhsa -mcode-object-version=4 -mcpu=gfx1201 -mno-wavefrontsize64 -c -o 
/home/iamthecage/out-v2/i8gemm_valu_gb_fixed_tn/1_BenchmarkProblems/Cijk_Alik_Bljk_I8II_BH_GB_00/00_Final/source/build_tmp/SOURCE/assembly/Cijk_Alik_Bljk_I8II_BH_GB_MT64x64
x16_SN_GLVWA4_GJ0ZCp9Bf4SG-FuG_BjnKYzDzSoX6vCBtFGx2sBhbP-c=.o 
/home/iamthecage/out-v2/i8gemm_valu_gb_fixed_tn/1_BenchmarkProblems/Cijk_Alik_Bljk_I8II_BH_GB_00/00_Final/source/build_tmp/SOURCE/assembly/Cijk_Alik_Bljk_I8II_BH_GB_MT64x64
x16_SN_GLVWA4_GJ0ZCp9Bf4SG-FuG_BjnKYzDzSoX6vCBtFGx2sBhbP-c=.s && 
write_assemblyFilename /home/iamthecage/out-v2/i8gemm_valu_gb_fixed_tn/1_BenchmarkProblems/Cijk_Alik_Bljk_I8II_BH_GB_00/00_Final/source/build_tmp/SOURCE/assembly/Cijk_Alik_Bljk_I8II_BH_GB_MT64x64x16_SN_GLVWA4_GUNmbSJKHt3bnSP6qd58ad7AhHVxNe8FTbrq5TfTM5CY=.s
Assemble command: /opt/rocm/bin/amdclang++ -x assembler -target amdgcn-amd-amdhsa -mcode-object-version=4 -mcpu=gfx1201 -mno-wavefrontsize64 -c -o 
/home/iamthecage/out-v2/i8gemm_valu_gb_fixed_tn/1_BenchmarkProblems/Cijk_Alik_Bljk_I8II_BH_GB_00/00_Final/source/build_tmp/SOURCE/assembly/Cijk_Alik_Bljk_I8II_BH_GB_MT64x64
x16_SN_GLVWA4_GUNmbSJKHt3bnSP6qd58ad7AhHVxNe8FTbrq5TfTM5CY=.o 
/home/iamthecage/out-v2/i8gemm_valu_gb_fixed_tn/1_BenchmarkProblems/Cijk_Alik_Bljk_I8II_BH_GB_00/00_Final/source/build_tmp/SOURCE/assembly/Cijk_Alik_Bljk_I8II_BH_GB_MT64x64
x16_SN_GLVWA4_GUNmbSJKHt3bnSP6qd58ad7AhHVxNe8FTbrq5TfTM5CY=.s && 
total vgpr count: 50

write_assemblyFilename /home/iamthecage/out-v2/i8gemm_valu_gb_fixed_tn/1_BenchmarkProblems/Cijk_Alik_Bljk_I8II_BH_GB_00/00_Final/source/build_tmp/SOURCE/assembly/Cijk_Alik_Bljk_I8II_BH_GB_MT128x64x16_SN_GLVWA4_WeCw2A0GZCgVp8avj-5rC7n4dRiZSpBZMiRFl4UCd80=.s
Assemble command: /opt/rocm/bin/amdclang++ -x assembler -target amdgcn-amd-amdhsa -mcode-object-version=4 -mcpu=gfx1201 -mno-wavefrontsize64 -c -o 
/home/iamthecage/out-v2/i8gemm_valu_gb_fixed_tn/1_BenchmarkProblems/Cijk_Alik_Bljk_I8II_BH_GB_00/00_Final/source/build_tmp/SOURCE/assembly/Cijk_Alik_Bljk_I8II_BH_GB_MT128x6
4x16_SN_GLVWA4_WeCw2A0GZCgVp8avj-5rC7n4dRiZSpBZMiRFl4UCd80=.o 
/home/iamthecage/out-v2/i8gemm_valu_gb_fixed_tn/1_BenchmarkProblems/Cijk_Alik_Bljk_I8II_BH_GB_00/00_Final/source/build_tmp/SOURCE/assembly/Cijk_Alik_Bljk_I8II_BH_GB_MT128x6
4x16_SN_GLVWA4_WeCw2A0GZCgVp8avj-5rC7n4dRiZSpBZMiRFl4UCd80=.s && 
write_assemblyFilename /home/iamthecage/out-v2/i8gemm_valu_gb_fixed_tn/1_BenchmarkProblems/Cijk_Alik_Bljk_I8II_BH_GB_00/00_Final/source/build_tmp/SOURCE/assembly/Cijk_Alik_Bljk_I8II_BH_GB_MT64x64x16_SN_GLVWA4_G_Ciw2Oms68humFkjuCCHDWngMfSgnoPLNHpe1McCdnQ=.s
Assemble command: /opt/rocm/bin/amdclang++ -x assembler -target amdgcn-amd-amdhsa -mcode-object-version=4 -mcpu=gfx1201 -mno-wavefrontsize64 -c -o 
/home/iamthecage/out-v2/i8gemm_valu_gb_fixed_tn/1_BenchmarkProblems/Cijk_Alik_Bljk_I8II_BH_GB_00/00_Final/source/build_tmp/SOURCE/assembly/Cijk_Alik_Bljk_I8II_BH_GB_MT64x64
x16_SN_GLVWA4_G_Ciw2Oms68humFkjuCCHDWngMfSgnoPLNHpe1McCdnQ=.o 
/home/iamthecage/out-v2/i8gemm_valu_gb_fixed_tn/1_BenchmarkProblems/Cijk_Alik_Bljk_I8II_BH_GB_00/00_Final/source/build_tmp/SOURCE/assembly/Cijk_Alik_Bljk_I8II_BH_GB_MT64x64
x16_SN_GLVWA4_G_Ciw2Oms68humFkjuCCHDWngMfSgnoPLNHpe1McCdnQ=.s && 
total vgpr count: 80

total vgpr count: 80

b''
Single Code Object File: /opt/rocm/bin/amdclang++ -target amdgcn-amd-amdhsa -Xlinker --build-id -o 
/home/iamthecage/out-v2/i8gemm_valu_gb_fixed_tn/1_BenchmarkProblems/Cijk_Alik_Bljk_I8II_BH_GB_00/00_Final/source/build_tmp/SOURCE/assembly/Cijk_Alik_Bljk_I8II_BH_GB_MT64x64
x16_SN_GLVWA4_GJ0ZCp9Bf4SG-FuG_BjnKYzDzSoX6vCBtFGx2sBhbP-c=.co 
/home/iamthecage/out-v2/i8gemm_valu_gb_fixed_tn/1_BenchmarkProblems/Cijk_Alik_Bljk_I8II_BH_GB_00/00_Final/source/build_tmp/SOURCE/assembly/Cijk_Alik_Bljk_I8II_BH_GB_MT64x64
x16_SN_GLVWA4_GJ0ZCp9Bf4SG-FuG_BjnKYzDzSoX6vCBtFGx2sBhbP-c=.o
write_assemblyFilename /home/iamthecage/out-v2/i8gemm_valu_gb_fixed_tn/1_BenchmarkProblems/Cijk_Alik_Bljk_I8II_BH_GB_00/00_Final/source/build_tmp/SOURCE/assembly/Cijk_Alik_Bljk_I8II_BH_GB_MT128x64x16_SN_GLVWA8_-fxcyzB3hB6LSP_GifT2_4ZmLzRHG3poFlR8obozKWE=.s
Assemble command: /opt/rocm/bin/amdclang++ -x assembler -target amdgcn-amd-amdhsa -mcode-object-version=4 -mcpu=gfx1201 -mno-wavefrontsize64 -c -o 
/home/iamthecage/out-v2/i8gemm_valu_gb_fixed_tn/1_BenchmarkProblems/Cijk_Alik_Bljk_I8II_BH_GB_00/00_Final/source/build_tmp/SOURCE/assembly/Cijk_Alik_Bljk_I8II_BH_GB_MT128x6
4x16_SN_GLVWA8_-fxcyzB3hB6LSP_GifT2_4ZmLzRHG3poFlR8obozKWE=.o 
/home/iamthecage/out-v2/i8gemm_valu_gb_fixed_tn/1_BenchmarkProblems/Cijk_Alik_Bljk_I8II_BH_GB_00/00_Final/source/build_tmp/SOURCE/assembly/Cijk_Alik_Bljk_I8II_BH_GB_MT128x6
4x16_SN_GLVWA8_-fxcyzB3hB6LSP_GifT2_4ZmLzRHG3poFlR8obozKWE=.s && 
b''
Single Code Object File: /opt/rocm/bin/amdclang++ -target amdgcn-amd-amdhsa -Xlinker --build-id -o 
/home/iamthecage/out-v2/i8gemm_valu_gb_fixed_tn/1_BenchmarkProblems/Cijk_Alik_Bljk_I8II_BH_GB_00/00_Final/source/build_tmp/SOURCE/assembly/Cijk_Alik_Bljk_I8II_BH_GB_MT64x64
x16_SN_GLVWA4_GUNmbSJKHt3bnSP6qd58ad7AhHVxNe8FTbrq5TfTM5CY=.co 
/home/iamthecage/out-v2/i8gemm_valu_gb_fixed_tn/1_BenchmarkProblems/Cijk_Alik_Bljk_I8II_BH_GB_00/00_Final/source/build_tmp/SOURCE/assembly/Cijk_Alik_Bljk_I8II_BH_GB_MT64x64
x16_SN_GLVWA4_GUNmbSJKHt3bnSP6qd58ad7AhHVxNe8FTbrq5TfTM5CY=.o
write_assemblyFilename /home/iamthecage/out-v2/i8gemm_valu_gb_fixed_tn/1_BenchmarkProblems/Cijk_Alik_Bljk_I8II_BH_GB_00/00_Final/source/build_tmp/SOURCE/assembly/Cijk_Alik_Bljk_I8II_BH_GB_MT128x64x16_SN_GLVWA8_lvMnkrlot3bdMO6n6GDQwnSjdw26BZ84HFC-Pf6yoEw=.s
Assemble command: /opt/rocm/bin/amdclang++ -x assembler -target amdgcn-amd-amdhsa -mcode-object-version=4 -mcpu=gfx1201 -mno-wavefrontsize64 -c -o 
/home/iamthecage/out-v2/i8gemm_valu_gb_fixed_tn/1_BenchmarkProblems/Cijk_Alik_Bljk_I8II_BH_GB_00/00_Final/source/build_tmp/SOURCE/assembly/Cijk_Alik_Bljk_I8II_BH_GB_MT128x6
4x16_SN_GLVWA8_lvMnkrlot3bdMO6n6GDQwnSjdw26BZ84HFC-Pf6yoEw=.o 
/home/iamthecage/out-v2/i8gemm_valu_gb_fixed_tn/1_BenchmarkProblems/Cijk_Alik_Bljk_I8II_BH_GB_00/00_Final/source/build_tmp/SOURCE/assembly/Cijk_Alik_Bljk_I8II_BH_GB_MT128x6
4x16_SN_GLVWA8_lvMnkrlot3bdMO6n6GDQwnSjdw26BZ84HFC-Pf6yoEw=.s && 
b''
b''
b''
Single Code Object File: /opt/rocm/bin/amdclang++ -target amdgcn-amd-amdhsa -Xlinker --build-id -o 
/home/iamthecage/out-v2/i8gemm_valu_gb_fixed_tn/1_BenchmarkProblems/Cijk_Alik_Bljk_I8II_BH_GB_00/00_Final/source/build_tmp/SOURCE/assembly/Cijk_Alik_Bljk_I8II_BH_GB_MT128x6
4x16_SN_GLVWA4_WeCw2A0GZCgVp8avj-5rC7n4dRiZSpBZMiRFl4UCd80=.co 
/home/iamthecage/out-v2/i8gemm_valu_gb_fixed_tn/1_BenchmarkProblems/Cijk_Alik_Bljk_I8II_BH_GB_00/00_Final/source/build_tmp/SOURCE/assembly/Cijk_Alik_Bljk_I8II_BH_GB_MT128x6
4x16_SN_GLVWA4_WeCw2A0GZCgVp8avj-5rC7n4dRiZSpBZMiRFl4UCd80=.o
b''
Single Code Object File: /opt/rocm/bin/amdclang++ -target amdgcn-amd-amdhsa -Xlinker --build-id -o 
/home/iamthecage/out-v2/i8gemm_valu_gb_fixed_tn/1_BenchmarkProblems/Cijk_Alik_Bljk_I8II_BH_GB_00/00_Final/source/build_tmp/SOURCE/assembly/Cijk_Alik_Bljk_I8II_BH_GB_MT64x64
x16_SN_GLVWA4_G_Ciw2Oms68humFkjuCCHDWngMfSgnoPLNHpe1McCdnQ=.co 
/home/iamthecage/out-v2/i8gemm_valu_gb_fixed_tn/1_BenchmarkProblems/Cijk_Alik_Bljk_I8II_BH_GB_00/00_Final/source/build_tmp/SOURCE/assembly/Cijk_Alik_Bljk_I8II_BH_GB_MT64x64
x16_SN_GLVWA4_G_Ciw2Oms68humFkjuCCHDWngMfSgnoPLNHpe1McCdnQ=.o
b''
Single Code Object File: /opt/rocm/bin/amdclang++ -target amdgcn-amd-amdhsa -Xlinker --build-id -o 
/home/iamthecage/out-v2/i8gemm_valu_gb_fixed_tn/1_BenchmarkProblems/Cijk_Alik_Bljk_I8II_BH_GB_00/00_Final/source/build_tmp/SOURCE/assembly/Cijk_Alik_Bljk_I8II_BH_GB_MT128x6
4x16_SN_GLVWA8_-fxcyzB3hB6LSP_GifT2_4ZmLzRHG3poFlR8obozKWE=.co 
/home/iamthecage/out-v2/i8gemm_valu_gb_fixed_tn/1_BenchmarkProblems/Cijk_Alik_Bljk_I8II_BH_GB_00/00_Final/source/build_tmp/SOURCE/assembly/Cijk_Alik_Bljk_I8II_BH_GB_MT128x6
4x16_SN_GLVWA8_-fxcyzB3hB6LSP_GifT2_4ZmLzRHG3poFlR8obozKWE=.o
b''
b''
Single Code Object File: /opt/rocm/bin/amdclang++ -target amdgcn-amd-amdhsa -Xlinker --build-id -o 
/home/iamthecage/out-v2/i8gemm_valu_gb_fixed_tn/1_BenchmarkProblems/Cijk_Alik_Bljk_I8II_BH_GB_00/00_Final/source/build_tmp/SOURCE/assembly/Cijk_Alik_Bljk_I8II_BH_GB_MT128x6
4x16_SN_GLVWA8_lvMnkrlot3bdMO6n6GDQwnSjdw26BZ84HFC-Pf6yoEw=.co 
/home/iamthecage/out-v2/i8gemm_valu_gb_fixed_tn/1_BenchmarkProblems/Cijk_Alik_Bljk_I8II_BH_GB_00/00_Final/source/build_tmp/SOURCE/assembly/Cijk_Alik_Bljk_I8II_BH_GB_MT128x6
4x16_SN_GLVWA8_lvMnkrlot3bdMO6n6GDQwnSjdw26BZ84HFC-Pf6yoEw=.o
b''
b''
b''
total vgpr count: 76

write_assemblyFilename /home/iamthecage/out-v2/i8gemm_valu_gb_fixed_tn/1_BenchmarkProblems/Cijk_Alik_Bljk_I8II_BH_GB_00/00_Final/source/build_tmp/SOURCE/assembly/Cijk_Alik_Bljk_I8II_BH_GB_MT64x128x16_SN_GLVWA4_ukGhq91nv8lJ_Ql04p8p9eSdBxY4i9u36GgtA9l9X4I=.s
Assemble command: /opt/rocm/bin/amdclang++ -x assembler -target amdgcn-amd-amdhsa -mcode-object-version=4 -mcpu=gfx1201 -mno-wavefrontsize64 -c -o 
/home/iamthecage/out-v2/i8gemm_valu_gb_fixed_tn/1_BenchmarkProblems/Cijk_Alik_Bljk_I8II_BH_GB_00/00_Final/source/build_tmp/SOURCE/assembly/Cijk_Alik_Bljk_I8II_BH_GB_MT64x12
8x16_SN_GLVWA4_ukGhq91nv8lJ_Ql04p8p9eSdBxY4i9u36GgtA9l9X4I=.o 
/home/iamthecage/out-v2/i8gemm_valu_gb_fixed_tn/1_BenchmarkProblems/Cijk_Alik_Bljk_I8II_BH_GB_00/00_Final/source/build_tmp/SOURCE/assembly/Cijk_Alik_Bljk_I8II_BH_GB_MT64x12
8x16_SN_GLVWA4_ukGhq91nv8lJ_Ql04p8p9eSdBxY4i9u36GgtA9l9X4I=.s && 
total vgpr count: 80

write_assemblyFilename /home/iamthecage/out-v2/i8gemm_valu_gb_fixed_tn/1_BenchmarkProblems/Cijk_Alik_Bljk_I8II_BH_GB_00/00_Final/source/build_tmp/SOURCE/assembly/Cijk_Alik_Bljk_I8II_BH_GB_MT64x128x16_SN_GLVWA4_cvRUsiSMHt-wgAYTyT-sXcB0lVIgHW-lNpQFG_8Pi4M=.s
Assemble command: /opt/rocm/bin/amdclang++ -x assembler -target amdgcn-amd-amdhsa -mcode-object-version=4 -mcpu=gfx1201 -mno-wavefrontsize64 -c -o 
/home/iamthecage/out-v2/i8gemm_valu_gb_fixed_tn/1_BenchmarkProblems/Cijk_Alik_Bljk_I8II_BH_GB_00/00_Final/source/build_tmp/SOURCE/assembly/Cijk_Alik_Bljk_I8II_BH_GB_MT64x12
8x16_SN_GLVWA4_cvRUsiSMHt-wgAYTyT-sXcB0lVIgHW-lNpQFG_8Pi4M=.o 
/home/iamthecage/out-v2/i8gemm_valu_gb_fixed_tn/1_BenchmarkProblems/Cijk_Alik_Bljk_I8II_BH_GB_00/00_Final/source/build_tmp/SOURCE/assembly/Cijk_Alik_Bljk_I8II_BH_GB_MT64x12
8x16_SN_GLVWA4_cvRUsiSMHt-wgAYTyT-sXcB0lVIgHW-lNpQFG_8Pi4M=.s && 
total vgpr count: 80

write_assemblyFilename /home/iamthecage/out-v2/i8gemm_valu_gb_fixed_tn/1_BenchmarkProblems/Cijk_Alik_Bljk_I8II_BH_GB_00/00_Final/source/build_tmp/SOURCE/assembly/Cijk_Alik_Bljk_I8II_BH_GB_MT64x128x16_SN_GLVWA4_hfEA_i65j3-mSlvJQ7eLfzKqN_f-YuEOw80rxFYh1gA=.s
Assemble command: /opt/rocm/bin/amdclang++ -x assembler -target amdgcn-amd-amdhsa -mcode-object-version=4 -mcpu=gfx1201 -mno-wavefrontsize64 -c -o 
/home/iamthecage/out-v2/i8gemm_valu_gb_fixed_tn/1_BenchmarkProblems/Cijk_Alik_Bljk_I8II_BH_GB_00/00_Final/source/build_tmp/SOURCE/assembly/Cijk_Alik_Bljk_I8II_BH_GB_MT64x12
8x16_SN_GLVWA4_hfEA_i65j3-mSlvJQ7eLfzKqN_f-YuEOw80rxFYh1gA=.o 
/home/iamthecage/out-v2/i8gemm_valu_gb_fixed_tn/1_BenchmarkProblems/Cijk_Alik_Bljk_I8II_BH_GB_00/00_Final/source/build_tmp/SOURCE/assembly/Cijk_Alik_Bljk_I8II_BH_GB_MT64x12
8x16_SN_GLVWA4_hfEA_i65j3-mSlvJQ7eLfzKqN_f-YuEOw80rxFYh1gA=.s && 
b''
Single Code Object File: /opt/rocm/bin/amdclang++ -target amdgcn-amd-amdhsa -Xlinker --build-id -o 
/home/iamthecage/out-v2/i8gemm_valu_gb_fixed_tn/1_BenchmarkProblems/Cijk_Alik_Bljk_I8II_BH_GB_00/00_Final/source/build_tmp/SOURCE/assembly/Cijk_Alik_Bljk_I8II_BH_GB_MT64x12
8x16_SN_GLVWA4_ukGhq91nv8lJ_Ql04p8p9eSdBxY4i9u36GgtA9l9X4I=.co 
/home/iamthecage/out-v2/i8gemm_valu_gb_fixed_tn/1_BenchmarkProblems/Cijk_Alik_Bljk_I8II_BH_GB_00/00_Final/source/build_tmp/SOURCE/assembly/Cijk_Alik_Bljk_I8II_BH_GB_MT64x12
8x16_SN_GLVWA4_ukGhq91nv8lJ_Ql04p8p9eSdBxY4i9u36GgtA9l9X4I=.o
b''
Generating kernels: 12 thread(s), 36 tasks: 100%|██████████| 36/36 [00:02<00:00, 13.86it/s]Generating kernels: 12 thread(s), 36 tasks: 100%|██████████| 36/36 [00:02<00:00, 13.03it/s]
b''
Single Code Object File: /opt/rocm/bin/amdclang++ -target amdgcn-amd-amdhsa -Xlinker --build-id -o 
/home/iamthecage/out-v2/i8gemm_valu_gb_fixed_tn/1_BenchmarkProblems/Cijk_Alik_Bljk_I8II_BH_GB_00/00_Final/source/build_tmp/SOURCE/assembly/Cijk_Alik_Bljk_I8II_BH_GB_MT64x12
8x16_SN_GLVWA4_cvRUsiSMHt-wgAYTyT-sXcB0lVIgHW-lNpQFG_8Pi4M=.co 
/home/iamthecage/out-v2/i8gemm_valu_gb_fixed_tn/1_BenchmarkProblems/Cijk_Alik_Bljk_I8II_BH_GB_00/00_Final/source/build_tmp/SOURCE/assembly/Cijk_Alik_Bljk_I8II_BH_GB_MT64x12
8x16_SN_GLVWA4_cvRUsiSMHt-wgAYTyT-sXcB0lVIgHW-lNpQFG_8Pi4M=.o
total vgpr count: 76

b''
Single Code Object File: /opt/rocm/bin/amdclang++ -target amdgcn-amd-amdhsa -Xlinker --build-id -o 
/home/iamthecage/out-v2/i8gemm_valu_gb_fixed_tn/1_BenchmarkProblems/Cijk_Alik_Bljk_I8II_BH_GB_00/00_Final/source/build_tmp/SOURCE/assembly/Cijk_Alik_Bljk_I8II_BH_GB_MT64x12
8x16_SN_GLVWA4_hfEA_i65j3-mSlvJQ7eLfzKqN_f-YuEOw80rxFYh1gA=.co 
/home/iamthecage/out-v2/i8gemm_valu_gb_fixed_tn/1_BenchmarkProblems/Cijk_Alik_Bljk_I8II_BH_GB_00/00_Final/source/build_tmp/SOURCE/assembly/Cijk_Alik_Bljk_I8II_BH_GB_MT64x12
8x16_SN_GLVWA4_hfEA_i65j3-mSlvJQ7eLfzKqN_f-YuEOw80rxFYh1gA=.o
write_assemblyFilename /home/iamthecage/out-v2/i8gemm_valu_gb_fixed_tn/1_BenchmarkProblems/Cijk_Alik_Bljk_I8II_BH_GB_00/00_Final/source/build_tmp/SOURCE/assembly/Cijk_Alik_Bljk_I8II_BH_GB_MT64x128x16_SN_GLVWA4_OQyPCeTUQiIPMYCkOe_oWXIJtE3PUx03uVZYW79-egw=.s
Assemble command: /opt/rocm/bin/amdclang++ -x assembler -target amdgcn-amd-amdhsa -mcode-object-version=4 -mcpu=gfx1201 -mno-wavefrontsize64 -c -o 
/home/iamthecage/out-v2/i8gemm_valu_gb_fixed_tn/1_BenchmarkProblems/Cijk_Alik_Bljk_I8II_BH_GB_00/00_Final/source/build_tmp/SOURCE/assembly/Cijk_Alik_Bljk_I8II_BH_GB_MT64x12
8x16_SN_GLVWA4_OQyPCeTUQiIPMYCkOe_oWXIJtE3PUx03uVZYW79-egw=.o 
/home/iamthecage/out-v2/i8gemm_valu_gb_fixed_tn/1_BenchmarkProblems/Cijk_Alik_Bljk_I8II_BH_GB_00/00_Final/source/build_tmp/SOURCE/assembly/Cijk_Alik_Bljk_I8II_BH_GB_MT64x12
8x16_SN_GLVWA4_OQyPCeTUQiIPMYCkOe_oWXIJtE3PUx03uVZYW79-egw=.s && 
total vgpr count: 80

b''
b''
write_assemblyFilename /home/iamthecage/out-v2/i8gemm_valu_gb_fixed_tn/1_BenchmarkProblems/Cijk_Alik_Bljk_I8II_BH_GB_00/00_Final/source/build_tmp/SOURCE/assembly/Cijk_Alik_Bljk_I8II_BH_GB_MT64x128x16_SN_GLVWA4_wD1-gromz1Qpt2kKyUSOSmePYEVhc6e48mnHmEAqh9A=.s
Assemble command: /opt/rocm/bin/amdclang++ -x assembler -target amdgcn-amd-amdhsa -mcode-object-version=4 -mcpu=gfx1201 -mno-wavefrontsize64 -c -o 
/home/iamthecage/out-v2/i8gemm_valu_gb_fixed_tn/1_BenchmarkProblems/Cijk_Alik_Bljk_I8II_BH_GB_00/00_Final/source/build_tmp/SOURCE/assembly/Cijk_Alik_Bljk_I8II_BH_GB_MT64x12
8x16_SN_GLVWA4_wD1-gromz1Qpt2kKyUSOSmePYEVhc6e48mnHmEAqh9A=.o 
/home/iamthecage/out-v2/i8gemm_valu_gb_fixed_tn/1_BenchmarkProblems/Cijk_Alik_Bljk_I8II_BH_GB_00/00_Final/source/build_tmp/SOURCE/assembly/Cijk_Alik_Bljk_I8II_BH_GB_MT64x12
8x16_SN_GLVWA4_wD1-gromz1Qpt2kKyUSOSmePYEVhc6e48mnHmEAqh9A=.s && 
b''
Single Code Object File: /opt/rocm/bin/amdclang++ -target amdgcn-amd-amdhsa -Xlinker --build-id -o 
/home/iamthecage/out-v2/i8gemm_valu_gb_fixed_tn/1_BenchmarkProblems/Cijk_Alik_Bljk_I8II_BH_GB_00/00_Final/source/build_tmp/SOURCE/assembly/Cijk_Alik_Bljk_I8II_BH_GB_MT64x12
8x16_SN_GLVWA4_OQyPCeTUQiIPMYCkOe_oWXIJtE3PUx03uVZYW79-egw=.co 
/home/iamthecage/out-v2/i8gemm_valu_gb_fixed_tn/1_BenchmarkProblems/Cijk_Alik_Bljk_I8II_BH_GB_00/00_Final/source/build_tmp/SOURCE/assembly/Cijk_Alik_Bljk_I8II_BH_GB_MT64x12
8x16_SN_GLVWA4_OQyPCeTUQiIPMYCkOe_oWXIJtE3PUx03uVZYW79-egw=.o
total vgpr count: 80

total vgpr count: 58

b''
total vgpr count: 58

total vgpr count: 54

write_assemblyFilename /home/iamthecage/out-v2/i8gemm_valu_gb_fixed_tn/1_BenchmarkProblems/Cijk_Alik_Bljk_I8II_BH_GB_00/00_Final/source/build_tmp/SOURCE/assembly/Cijk_Alik_Bljk_I8II_BH_GB_MT64x128x16_SN_GLVWA4_oCybIbFtaCXWDGS6Noyh5_bLFCs1qSiGmqfY4x47XI8=.s
Assemble command: /opt/rocm/bin/amdclang++ -x assembler -target amdgcn-amd-amdhsa -mcode-object-version=4 -mcpu=gfx1201 -mno-wavefrontsize64 -c -o 
/home/iamthecage/out-v2/i8gemm_valu_gb_fixed_tn/1_BenchmarkProblems/Cijk_Alik_Bljk_I8II_BH_GB_00/00_Final/source/build_tmp/SOURCE/assembly/Cijk_Alik_Bljk_I8II_BH_GB_MT64x12
8x16_SN_GLVWA4_oCybIbFtaCXWDGS6Noyh5_bLFCs1qSiGmqfY4x47XI8=.o 
/home/iamthecage/out-v2/i8gemm_valu_gb_fixed_tn/1_BenchmarkProblems/Cijk_Alik_Bljk_I8II_BH_GB_00/00_Final/source/build_tmp/SOURCE/assembly/Cijk_Alik_Bljk_I8II_BH_GB_MT64x12
8x16_SN_GLVWA4_oCybIbFtaCXWDGS6Noyh5_bLFCs1qSiGmqfY4x47XI8=.s && 
write_assemblyFilename /home/iamthecage/out-v2/i8gemm_valu_gb_fixed_tn/1_BenchmarkProblems/Cijk_Alik_Bljk_I8II_BH_GB_00/00_Final/source/build_tmp/SOURCE/assembly/Cijk_Alik_Bljk_I8II_BH_GB_MT64x64x32_SN_GLVWA8_GVx2YSG0Q6sZrJZtvtnF257o_OIeneIukVmdwsdivJqI=.s
Assemble command: /opt/rocm/bin/amdclang++ -x assembler -target amdgcn-amd-amdhsa -mcode-object-version=4 -mcpu=gfx1201 -mno-wavefrontsize64 -c -o 
/home/iamthecage/out-v2/i8gemm_valu_gb_fixed_tn/1_BenchmarkProblems/Cijk_Alik_Bljk_I8II_BH_GB_00/00_Final/source/build_tmp/SOURCE/assembly/Cijk_Alik_Bljk_I8II_BH_GB_MT64x64
x32_SN_GLVWA8_GVx2YSG0Q6sZrJZtvtnF257o_OIeneIukVmdwsdivJqI=.o 
/home/iamthecage/out-v2/i8gemm_valu_gb_fixed_tn/1_BenchmarkProblems/Cijk_Alik_Bljk_I8II_BH_GB_00/00_Final/source/build_tmp/SOURCE/assembly/Cijk_Alik_Bljk_I8II_BH_GB_MT64x64
x32_SN_GLVWA8_GVx2YSG0Q6sZrJZtvtnF257o_OIeneIukVmdwsdivJqI=.s && 
write_assemblyFilename /home/iamthecage/out-v2/i8gemm_valu_gb_fixed_tn/1_BenchmarkProblems/Cijk_Alik_Bljk_I8II_BH_GB_00/00_Final/source/build_tmp/SOURCE/assembly/Cijk_Alik_Bljk_I8II_BH_GB_MT64x64x32_SN_GLVWA8_GFo_CbMh4BuPzvagIb2oyBR87Vy5H96wABURJ9WYrtpw=.s
Assemble command: /opt/rocm/bin/amdclang++ -x assembler -target amdgcn-amd-amdhsa -mcode-object-version=4 -mcpu=gfx1201 -mno-wavefrontsize64 -c -o 
/home/iamthecage/out-v2/i8gemm_valu_gb_fixed_tn/1_BenchmarkProblems/Cijk_Alik_Bljk_I8II_BH_GB_00/00_Final/source/build_tmp/SOURCE/assembly/Cijk_Alik_Bljk_I8II_BH_GB_MT64x64
x32_SN_GLVWA8_GFo_CbMh4BuPzvagIb2oyBR87Vy5H96wABURJ9WYrtpw=.o 
/home/iamthecage/out-v2/i8gemm_valu_gb_fixed_tn/1_BenchmarkProblems/Cijk_Alik_Bljk_I8II_BH_GB_00/00_Final/source/build_tmp/SOURCE/assembly/Cijk_Alik_Bljk_I8II_BH_GB_MT64x64
x32_SN_GLVWA8_GFo_CbMh4BuPzvagIb2oyBR87Vy5H96wABURJ9WYrtpw=.s && 
total vgpr count: 58

write_assemblyFilename /home/iamthecage/out-v2/i8gemm_valu_gb_fixed_tn/1_BenchmarkProblems/Cijk_Alik_Bljk_I8II_BH_GB_00/00_Final/source/build_tmp/SOURCE/assembly/Cijk_Alik_Bljk_I8II_BH_GB_MT64x64x32_SN_GLVWA4_G_K1N9mtuGU2sj1gLZj3bOpfm4qB4X3rKhKgqZCRdOA4=.s
Assemble command: /opt/rocm/bin/amdclang++ -x assembler -target amdgcn-amd-amdhsa -mcode-object-version=4 -mcpu=gfx1201 -mno-wavefrontsize64 -c -o 
/home/iamthecage/out-v2/i8gemm_valu_gb_fixed_tn/1_BenchmarkProblems/Cijk_Alik_Bljk_I8II_BH_GB_00/00_Final/source/build_tmp/SOURCE/assembly/Cijk_Alik_Bljk_I8II_BH_GB_MT64x64
x32_SN_GLVWA4_G_K1N9mtuGU2sj1gLZj3bOpfm4qB4X3rKhKgqZCRdOA4=.o 
/home/iamthecage/out-v2/i8gemm_valu_gb_fixed_tn/1_BenchmarkProblems/Cijk_Alik_Bljk_I8II_BH_GB_00/00_Final/source/build_tmp/SOURCE/assembly/Cijk_Alik_Bljk_I8II_BH_GB_MT64x64
x32_SN_GLVWA4_G_K1N9mtuGU2sj1gLZj3bOpfm4qB4X3rKhKgqZCRdOA4=.s && 
total vgpr count: 58

b''
Single Code Object File: /opt/rocm/bin/amdclang++ -target amdgcn-amd-amdhsa -Xlinker --build-id -o 
/home/iamthecage/out-v2/i8gemm_valu_gb_fixed_tn/1_BenchmarkProblems/Cijk_Alik_Bljk_I8II_BH_GB_00/00_Final/source/build_tmp/SOURCE/assembly/Cijk_Alik_Bljk_I8II_BH_GB_MT64x12
8x16_SN_GLVWA4_wD1-gromz1Qpt2kKyUSOSmePYEVhc6e48mnHmEAqh9A=.co 
/home/iamthecage/out-v2/i8gemm_valu_gb_fixed_tn/1_BenchmarkProblems/Cijk_Alik_Bljk_I8II_BH_GB_00/00_Final/source/build_tmp/SOURCE/assembly/Cijk_Alik_Bljk_I8II_BH_GB_MT64x12
8x16_SN_GLVWA4_wD1-gromz1Qpt2kKyUSOSmePYEVhc6e48mnHmEAqh9A=.o
write_assemblyFilename /home/iamthecage/out-v2/i8gemm_valu_gb_fixed_tn/1_BenchmarkProblems/Cijk_Alik_Bljk_I8II_BH_GB_00/00_Final/source/build_tmp/SOURCE/assembly/Cijk_Alik_Bljk_I8II_BH_GB_MT64x64x32_SN_GLVWA8_GMZNY1QZL5s6i3y-jDI0PNBmGQxXVtZTrc-zO963z1w4=.s
Assemble command: /opt/rocm/bin/amdclang++ -x assembler -target amdgcn-amd-amdhsa -mcode-object-version=4 -mcpu=gfx1201 -mno-wavefrontsize64 -c -o 
/home/iamthecage/out-v2/i8gemm_valu_gb_fixed_tn/1_BenchmarkProblems/Cijk_Alik_Bljk_I8II_BH_GB_00/00_Final/source/build_tmp/SOURCE/assembly/Cijk_Alik_Bljk_I8II_BH_GB_MT64x64
x32_SN_GLVWA8_GMZNY1QZL5s6i3y-jDI0PNBmGQxXVtZTrc-zO963z1w4=.o 
/home/iamthecage/out-v2/i8gemm_valu_gb_fixed_tn/1_BenchmarkProblems/Cijk_Alik_Bljk_I8II_BH_GB_00/00_Final/source/build_tmp/SOURCE/assembly/Cijk_Alik_Bljk_I8II_BH_GB_MT64x64
x32_SN_GLVWA8_GMZNY1QZL5s6i3y-jDI0PNBmGQxXVtZTrc-zO963z1w4=.s && 
write_assemblyFilename /home/iamthecage/out-v2/i8gemm_valu_gb_fixed_tn/1_BenchmarkProblems/Cijk_Alik_Bljk_I8II_BH_GB_00/00_Final/source/build_tmp/SOURCE/assembly/Cijk_Alik_Bljk_I8II_BH_GB_MT64x64x32_SN_GLVWA8_GuVHcD4T6PUzK3KNieTcVvPTT1FYBnzkA3YLdQfxTwQU=.s
Assemble command: /opt/rocm/bin/amdclang++ -x assembler -target amdgcn-amd-amdhsa -mcode-object-version=4 -mcpu=gfx1201 -mno-wavefrontsize64 -c -o 
/home/iamthecage/out-v2/i8gemm_valu_gb_fixed_tn/1_BenchmarkProblems/Cijk_Alik_Bljk_I8II_BH_GB_00/00_Final/source/build_tmp/SOURCE/assembly/Cijk_Alik_Bljk_I8II_BH_GB_MT64x64
x32_SN_GLVWA8_GuVHcD4T6PUzK3KNieTcVvPTT1FYBnzkA3YLdQfxTwQU=.o 
/home/iamthecage/out-v2/i8gemm_valu_gb_fixed_tn/1_BenchmarkProblems/Cijk_Alik_Bljk_I8II_BH_GB_00/00_Final/source/build_tmp/SOURCE/assembly/Cijk_Alik_Bljk_I8II_BH_GB_MT64x64
x32_SN_GLVWA8_GuVHcD4T6PUzK3KNieTcVvPTT1FYBnzkA3YLdQfxTwQU=.s && 
b''
b''
Single Code Object File: /opt/rocm/bin/amdclang++ -target amdgcn-amd-amdhsa -Xlinker --build-id -o 
/home/iamthecage/out-v2/i8gemm_valu_gb_fixed_tn/1_BenchmarkProblems/Cijk_Alik_Bljk_I8II_BH_GB_00/00_Final/source/build_tmp/SOURCE/assembly/Cijk_Alik_Bljk_I8II_BH_GB_MT64x64
x32_SN_GLVWA8_GVx2YSG0Q6sZrJZtvtnF257o_OIeneIukVmdwsdivJqI=.co 
/home/iamthecage/out-v2/i8gemm_valu_gb_fixed_tn/1_BenchmarkProblems/Cijk_Alik_Bljk_I8II_BH_GB_00/00_Final/source/build_tmp/SOURCE/assembly/Cijk_Alik_Bljk_I8II_BH_GB_MT64x64
x32_SN_GLVWA8_GVx2YSG0Q6sZrJZtvtnF257o_OIeneIukVmdwsdivJqI=.o
total vgpr count: 54

total vgpr count: 86

b''
Single Code Object File: /opt/rocm/bin/amdclang++ -target amdgcn-amd-amdhsa -Xlinker --build-id -o 
/home/iamthecage/out-v2/i8gemm_valu_gb_fixed_tn/1_BenchmarkProblems/Cijk_Alik_Bljk_I8II_BH_GB_00/00_Final/source/build_tmp/SOURCE/assembly/Cijk_Alik_Bljk_I8II_BH_GB_MT64x12
8x16_SN_GLVWA4_oCybIbFtaCXWDGS6Noyh5_bLFCs1qSiGmqfY4x47XI8=.co 
/home/iamthecage/out-v2/i8gemm_valu_gb_fixed_tn/1_BenchmarkProblems/Cijk_Alik_Bljk_I8II_BH_GB_00/00_Final/source/build_tmp/SOURCE/assembly/Cijk_Alik_Bljk_I8II_BH_GB_MT64x12
8x16_SN_GLVWA4_oCybIbFtaCXWDGS6Noyh5_bLFCs1qSiGmqfY4x47XI8=.o
total vgpr count: 94

b''
write_assemblyFilename /home/iamthecage/out-v2/i8gemm_valu_gb_fixed_tn/1_BenchmarkProblems/Cijk_Alik_Bljk_I8II_BH_GB_00/00_Final/source/build_tmp/SOURCE/assembly/Cijk_Alik_Bljk_I8II_BH_GB_MT64x64x32_SN_GLVWA4_GfgXF6xi9bNu252u7kqh3nsAmnM1GjMFtFVeXygEZsOs=.s
Assemble command: /opt/rocm/bin/amdclang++ -x assembler -target amdgcn-amd-amdhsa -mcode-object-version=4 -mcpu=gfx1201 -mno-wavefrontsize64 -c -o 
/home/iamthecage/out-v2/i8gemm_valu_gb_fixed_tn/1_BenchmarkProblems/Cijk_Alik_Bljk_I8II_BH_GB_00/00_Final/source/build_tmp/SOURCE/assembly/Cijk_Alik_Bljk_I8II_BH_GB_MT64x64
x32_SN_GLVWA4_GfgXF6xi9bNu252u7kqh3nsAmnM1GjMFtFVeXygEZsOs=.o 
/home/iamthecage/out-v2/i8gemm_valu_gb_fixed_tn/1_BenchmarkProblems/Cijk_Alik_Bljk_I8II_BH_GB_00/00_Final/source/build_tmp/SOURCE/assembly/Cijk_Alik_Bljk_I8II_BH_GB_MT64x64
x32_SN_GLVWA4_GfgXF6xi9bNu252u7kqh3nsAmnM1GjMFtFVeXygEZsOs=.s && 
Single Code Object File: /opt/rocm/bin/amdclang++ -target amdgcn-amd-amdhsa -Xlinker --build-id -o 
/home/iamthecage/out-v2/i8gemm_valu_gb_fixed_tn/1_BenchmarkProblems/Cijk_Alik_Bljk_I8II_BH_GB_00/00_Final/source/build_tmp/SOURCE/assembly/Cijk_Alik_Bljk_I8II_BH_GB_MT64x64
x32_SN_GLVWA4_G_K1N9mtuGU2sj1gLZj3bOpfm4qB4X3rKhKgqZCRdOA4=.co 
/home/iamthecage/out-v2/i8gemm_valu_gb_fixed_tn/1_BenchmarkProblems/Cijk_Alik_Bljk_I8II_BH_GB_00/00_Final/source/build_tmp/SOURCE/assembly/Cijk_Alik_Bljk_I8II_BH_GB_MT64x64
x32_SN_GLVWA4_G_K1N9mtuGU2sj1gLZj3bOpfm4qB4X3rKhKgqZCRdOA4=.o
b''
total vgpr count: 82

write_assemblyFilename /home/iamthecage/out-v2/i8gemm_valu_gb_fixed_tn/1_BenchmarkProblems/Cijk_Alik_Bljk_I8II_BH_GB_00/00_Final/source/build_tmp/SOURCE/assembly/Cijk_Alik_Bljk_I8II_BH_GB_MT128x64x32_SN_GLVWA8_swY3R9vo9GhpRdOroc9dZJkX4PLkbT2bBHgcJ4wohcU=.s
Assemble command: /opt/rocm/bin/amdclang++ -x assembler -target amdgcn-amd-amdhsa -mcode-object-version=4 -mcpu=gfx1201 -mno-wavefrontsize64 -c -o 
/home/iamthecage/out-v2/i8gemm_valu_gb_fixed_tn/1_BenchmarkProblems/Cijk_Alik_Bljk_I8II_BH_GB_00/00_Final/source/build_tmp/SOURCE/assembly/Cijk_Alik_Bljk_I8II_BH_GB_MT128x6
4x32_SN_GLVWA8_swY3R9vo9GhpRdOroc9dZJkX4PLkbT2bBHgcJ4wohcU=.o 
/home/iamthecage/out-v2/i8gemm_valu_gb_fixed_tn/1_BenchmarkProblems/Cijk_Alik_Bljk_I8II_BH_GB_00/00_Final/source/build_tmp/SOURCE/assembly/Cijk_Alik_Bljk_I8II_BH_GB_MT128x6
4x32_SN_GLVWA8_swY3R9vo9GhpRdOroc9dZJkX4PLkbT2bBHgcJ4wohcU=.s && 
b''
b''
b''
Single Code Object File: /opt/rocm/bin/amdclang++ -target amdgcn-amd-amdhsa -Xlinker --build-id -o 
/home/iamthecage/out-v2/i8gemm_valu_gb_fixed_tn/1_BenchmarkProblems/Cijk_Alik_Bljk_I8II_BH_GB_00/00_Final/source/build_tmp/SOURCE/assembly/Cijk_Alik_Bljk_I8II_BH_GB_MT64x64
x32_SN_GLVWA8_GFo_CbMh4BuPzvagIb2oyBR87Vy5H96wABURJ9WYrtpw=.co 
/home/iamthecage/out-v2/i8gemm_valu_gb_fixed_tn/1_BenchmarkProblems/Cijk_Alik_Bljk_I8II_BH_GB_00/00_Final/source/build_tmp/SOURCE/assembly/Cijk_Alik_Bljk_I8II_BH_GB_MT64x64
x32_SN_GLVWA8_GFo_CbMh4BuPzvagIb2oyBR87Vy5H96wABURJ9WYrtpw=.o
write_assemblyFilename /home/iamthecage/out-v2/i8gemm_valu_gb_fixed_tn/1_BenchmarkProblems/Cijk_Alik_Bljk_I8II_BH_GB_00/00_Final/source/build_tmp/SOURCE/assembly/Cijk_Alik_Bljk_I8II_BH_GB_MT128x64x32_SN_GLVWA16Wzr8it-S92L7Uyzo3ZOH39qPupan71etH1a3f-p2pww=.s
Assemble command: /opt/rocm/bin/amdclang++ -x assembler -target amdgcn-amd-amdhsa -mcode-object-version=4 -mcpu=gfx1201 -mno-wavefrontsize64 -c -o 
/home/iamthecage/out-v2/i8gemm_valu_gb_fixed_tn/1_BenchmarkProblems/Cijk_Alik_Bljk_I8II_BH_GB_00/00_Final/source/build_tmp/SOURCE/assembly/Cijk_Alik_Bljk_I8II_BH_GB_MT128x6
4x32_SN_GLVWA16Wzr8it-S92L7Uyzo3ZOH39qPupan71etH1a3f-p2pww=.o 
/home/iamthecage/out-v2/i8gemm_valu_gb_fixed_tn/1_BenchmarkProblems/Cijk_Alik_Bljk_I8II_BH_GB_00/00_Final/source/build_tmp/SOURCE/assembly/Cijk_Alik_Bljk_I8II_BH_GB_MT128x6
4x32_SN_GLVWA16Wzr8it-S92L7Uyzo3ZOH39qPupan71etH1a3f-p2pww=.s && 
Single Code Object File: /opt/rocm/bin/amdclang++ -target amdgcn-amd-amdhsa -Xlinker --build-id -o 
/home/iamthecage/out-v2/i8gemm_valu_gb_fixed_tn/1_BenchmarkProblems/Cijk_Alik_Bljk_I8II_BH_GB_00/00_Final/source/build_tmp/SOURCE/assembly/Cijk_Alik_Bljk_I8II_BH_GB_MT64x64
x32_SN_GLVWA8_GMZNY1QZL5s6i3y-jDI0PNBmGQxXVtZTrc-zO963z1w4=.co 
/home/iamthecage/out-v2/i8gemm_valu_gb_fixed_tn/1_BenchmarkProblems/Cijk_Alik_Bljk_I8II_BH_GB_00/00_Final/source/build_tmp/SOURCE/assembly/Cijk_Alik_Bljk_I8II_BH_GB_MT64x64
x32_SN_GLVWA8_GMZNY1QZL5s6i3y-jDI0PNBmGQxXVtZTrc-zO963z1w4=.o
b''
Single Code Object File: /opt/rocm/bin/amdclang++ -target amdgcn-amd-amdhsa -Xlinker --build-id -o 
/home/iamthecage/out-v2/i8gemm_valu_gb_fixed_tn/1_BenchmarkProblems/Cijk_Alik_Bljk_I8II_BH_GB_00/00_Final/source/build_tmp/SOURCE/assembly/Cijk_Alik_Bljk_I8II_BH_GB_MT64x64
x32_SN_GLVWA8_GuVHcD4T6PUzK3KNieTcVvPTT1FYBnzkA3YLdQfxTwQU=.co 
/home/iamthecage/out-v2/i8gemm_valu_gb_fixed_tn/1_BenchmarkProblems/Cijk_Alik_Bljk_I8II_BH_GB_00/00_Final/source/build_tmp/SOURCE/assembly/Cijk_Alik_Bljk_I8II_BH_GB_MT64x64
x32_SN_GLVWA8_GuVHcD4T6PUzK3KNieTcVvPTT1FYBnzkA3YLdQfxTwQU=.o
write_assemblyFilename /home/iamthecage/out-v2/i8gemm_valu_gb_fixed_tn/1_BenchmarkProblems/Cijk_Alik_Bljk_I8II_BH_GB_00/00_Final/source/build_tmp/SOURCE/assembly/Cijk_Alik_Bljk_I8II_BH_GB_MT128x64x32_SN_GLVWA4_WeCw2A0GZCgVp8avj-5rC7n4dRiZSpBZMiRFl4UCd80=.s
Assemble command: /opt/rocm/bin/amdclang++ -x assembler -target amdgcn-amd-amdhsa -mcode-object-version=4 -mcpu=gfx1201 -mno-wavefrontsize64 -c -o 
/home/iamthecage/out-v2/i8gemm_valu_gb_fixed_tn/1_BenchmarkProblems/Cijk_Alik_Bljk_I8II_BH_GB_00/00_Final/source/build_tmp/SOURCE/assembly/Cijk_Alik_Bljk_I8II_BH_GB_MT128x6
4x32_SN_GLVWA4_WeCw2A0GZCgVp8avj-5rC7n4dRiZSpBZMiRFl4UCd80=.o 
/home/iamthecage/out-v2/i8gemm_valu_gb_fixed_tn/1_BenchmarkProblems/Cijk_Alik_Bljk_I8II_BH_GB_00/00_Final/source/build_tmp/SOURCE/assembly/Cijk_Alik_Bljk_I8II_BH_GB_MT128x6
4x32_SN_GLVWA4_WeCw2A0GZCgVp8avj-5rC7n4dRiZSpBZMiRFl4UCd80=.s && 
b''
b''
b''
b''
total vgpr count: 82

total vgpr count: 86

total vgpr count: 94

write_assemblyFilename /home/iamthecage/out-v2/i8gemm_valu_gb_fixed_tn/1_BenchmarkProblems/Cijk_Alik_Bljk_I8II_BH_GB_00/00_Final/source/build_tmp/SOURCE/assembly/Cijk_Alik_Bljk_I8II_BH_GB_MT128x64x32_SN_GLVWA4_FcAic7C12hfkNN19MREll0fteuVVlz7kE3JS558-xNE=.s
Assemble command: /opt/rocm/bin/amdclang++ -x assembler -target amdgcn-amd-amdhsa -mcode-object-version=4 -mcpu=gfx1201 -mno-wavefrontsize64 -c -o 
/home/iamthecage/out-v2/i8gemm_valu_gb_fixed_tn/1_BenchmarkProblems/Cijk_Alik_Bljk_I8II_BH_GB_00/00_Final/source/build_tmp/SOURCE/assembly/Cijk_Alik_Bljk_I8II_BH_GB_MT128x6
4x32_SN_GLVWA4_FcAic7C12hfkNN19MREll0fteuVVlz7kE3JS558-xNE=.o 
/home/iamthecage/out-v2/i8gemm_valu_gb_fixed_tn/1_BenchmarkProblems/Cijk_Alik_Bljk_I8II_BH_GB_00/00_Final/source/build_tmp/SOURCE/assembly/Cijk_Alik_Bljk_I8II_BH_GB_MT128x6
4x32_SN_GLVWA4_FcAic7C12hfkNN19MREll0fteuVVlz7kE3JS558-xNE=.s && 
write_assemblyFilename /home/iamthecage/out-v2/i8gemm_valu_gb_fixed_tn/1_BenchmarkProblems/Cijk_Alik_Bljk_I8II_BH_GB_00/00_Final/source/build_tmp/SOURCE/assembly/Cijk_Alik_Bljk_I8II_BH_GB_MT128x64x32_SN_GLVWA8_mr5Y6wmJHrXp52kU9vLdSFYEx9qeG81JDwL1xwtFYaQ=.s
Assemble command: /opt/rocm/bin/amdclang++ -x assembler -target amdgcn-amd-amdhsa -mcode-object-version=4 -mcpu=gfx1201 -mno-wavefrontsize64 -c -o 
/home/iamthecage/out-v2/i8gemm_valu_gb_fixed_tn/1_BenchmarkProblems/Cijk_Alik_Bljk_I8II_BH_GB_00/00_Final/source/build_tmp/SOURCE/assembly/Cijk_Alik_Bljk_I8II_BH_GB_MT128x6
4x32_SN_GLVWA8_mr5Y6wmJHrXp52kU9vLdSFYEx9qeG81JDwL1xwtFYaQ=.o 
/home/iamthecage/out-v2/i8gemm_valu_gb_fixed_tn/1_BenchmarkProblems/Cijk_Alik_Bljk_I8II_BH_GB_00/00_Final/source/build_tmp/SOURCE/assembly/Cijk_Alik_Bljk_I8II_BH_GB_MT128x6
4x32_SN_GLVWA8_mr5Y6wmJHrXp52kU9vLdSFYEx9qeG81JDwL1xwtFYaQ=.s && 
b''
b''
Single Code Object File: /opt/rocm/bin/amdclang++ -target amdgcn-amd-amdhsa -Xlinker --build-id -o 
/home/iamthecage/out-v2/i8gemm_valu_gb_fixed_tn/1_BenchmarkProblems/Cijk_Alik_Bljk_I8II_BH_GB_00/00_Final/source/build_tmp/SOURCE/assembly/Cijk_Alik_Bljk_I8II_BH_GB_MT128x6
4x32_SN_GLVWA8_swY3R9vo9GhpRdOroc9dZJkX4PLkbT2bBHgcJ4wohcU=.co 
/home/iamthecage/out-v2/i8gemm_valu_gb_fixed_tn/1_BenchmarkProblems/Cijk_Alik_Bljk_I8II_BH_GB_00/00_Final/source/build_tmp/SOURCE/assembly/Cijk_Alik_Bljk_I8II_BH_GB_MT128x6
4x32_SN_GLVWA8_swY3R9vo9GhpRdOroc9dZJkX4PLkbT2bBHgcJ4wohcU=.o
Single Code Object File: /opt/rocm/bin/amdclang++ -target amdgcn-amd-amdhsa -Xlinker --build-id -o 
/home/iamthecage/out-v2/i8gemm_valu_gb_fixed_tn/1_BenchmarkProblems/Cijk_Alik_Bljk_I8II_BH_GB_00/00_Final/source/build_tmp/SOURCE/assembly/Cijk_Alik_Bljk_I8II_BH_GB_MT64x64
x32_SN_GLVWA4_GfgXF6xi9bNu252u7kqh3nsAmnM1GjMFtFVeXygEZsOs=.co 
/home/iamthecage/out-v2/i8gemm_valu_gb_fixed_tn/1_BenchmarkProblems/Cijk_Alik_Bljk_I8II_BH_GB_00/00_Final/source/build_tmp/SOURCE/assembly/Cijk_Alik_Bljk_I8II_BH_GB_MT64x64
x32_SN_GLVWA4_GfgXF6xi9bNu252u7kqh3nsAmnM1GjMFtFVeXygEZsOs=.o
write_assemblyFilename /home/iamthecage/out-v2/i8gemm_valu_gb_fixed_tn/1_BenchmarkProblems/Cijk_Alik_Bljk_I8II_BH_GB_00/00_Final/source/build_tmp/SOURCE/assembly/Cijk_Alik_Bljk_I8II_BH_GB_MT128x64x32_SN_GLVWA16nLLd9mmCKW3CIw1IuT50zqSviejhfjvTIZrDme8QEXk=.s
Assemble command: /opt/rocm/bin/amdclang++ -x assembler -target amdgcn-amd-amdhsa -mcode-object-version=4 -mcpu=gfx1201 -mno-wavefrontsize64 -c -o 
/home/iamthecage/out-v2/i8gemm_valu_gb_fixed_tn/1_BenchmarkProblems/Cijk_Alik_Bljk_I8II_BH_GB_00/00_Final/source/build_tmp/SOURCE/assembly/Cijk_Alik_Bljk_I8II_BH_GB_MT128x6
4x32_SN_GLVWA16nLLd9mmCKW3CIw1IuT50zqSviejhfjvTIZrDme8QEXk=.o 
/home/iamthecage/out-v2/i8gemm_valu_gb_fixed_tn/1_BenchmarkProblems/Cijk_Alik_Bljk_I8II_BH_GB_00/00_Final/source/build_tmp/SOURCE/assembly/Cijk_Alik_Bljk_I8II_BH_GB_MT128x6
4x32_SN_GLVWA16nLLd9mmCKW3CIw1IuT50zqSviejhfjvTIZrDme8QEXk=.s && 
total vgpr count: 86

b''
Single Code Object File: /opt/rocm/bin/amdclang++ -target amdgcn-amd-amdhsa -Xlinker --build-id -o 
/home/iamthecage/out-v2/i8gemm_valu_gb_fixed_tn/1_BenchmarkProblems/Cijk_Alik_Bljk_I8II_BH_GB_00/00_Final/source/build_tmp/SOURCE/assembly/Cijk_Alik_Bljk_I8II_BH_GB_MT128x6
4x32_SN_GLVWA16Wzr8it-S92L7Uyzo3ZOH39qPupan71etH1a3f-p2pww=.co 
/home/iamthecage/out-v2/i8gemm_valu_gb_fixed_tn/1_BenchmarkProblems/Cijk_Alik_Bljk_I8II_BH_GB_00/00_Final/source/build_tmp/SOURCE/assembly/Cijk_Alik_Bljk_I8II_BH_GB_MT128x6
4x32_SN_GLVWA16Wzr8it-S92L7Uyzo3ZOH39qPupan71etH1a3f-p2pww=.o
b''
Single Code Object File: /opt/rocm/bin/amdclang++ -target amdgcn-amd-amdhsa -Xlinker --build-id -o 
/home/iamthecage/out-v2/i8gemm_valu_gb_fixed_tn/1_BenchmarkProblems/Cijk_Alik_Bljk_I8II_BH_GB_00/00_Final/source/build_tmp/SOURCE/assembly/Cijk_Alik_Bljk_I8II_BH_GB_MT128x6
4x32_SN_GLVWA4_WeCw2A0GZCgVp8avj-5rC7n4dRiZSpBZMiRFl4UCd80=.co 
/home/iamthecage/out-v2/i8gemm_valu_gb_fixed_tn/1_BenchmarkProblems/Cijk_Alik_Bljk_I8II_BH_GB_00/00_Final/source/build_tmp/SOURCE/assembly/Cijk_Alik_Bljk_I8II_BH_GB_MT128x6
4x32_SN_GLVWA4_WeCw2A0GZCgVp8avj-5rC7n4dRiZSpBZMiRFl4UCd80=.o
total vgpr count: 82

b''
b''
write_assemblyFilename /home/iamthecage/out-v2/i8gemm_valu_gb_fixed_tn/1_BenchmarkProblems/Cijk_Alik_Bljk_I8II_BH_GB_00/00_Final/source/build_tmp/SOURCE/assembly/Cijk_Alik_Bljk_I8II_BH_GB_MT64x128x32_SN_GLVWA8_cvRUsiSMHt-wgAYTyT-sXcB0lVIgHW-lNpQFG_8Pi4M=.s
Assemble command: /opt/rocm/bin/amdclang++ -x assembler -target amdgcn-amd-amdhsa -mcode-object-version=4 -mcpu=gfx1201 -mno-wavefrontsize64 -c -o 
/home/iamthecage/out-v2/i8gemm_valu_gb_fixed_tn/1_BenchmarkProblems/Cijk_Alik_Bljk_I8II_BH_GB_00/00_Final/source/build_tmp/SOURCE/assembly/Cijk_Alik_Bljk_I8II_BH_GB_MT64x12
8x32_SN_GLVWA8_cvRUsiSMHt-wgAYTyT-sXcB0lVIgHW-lNpQFG_8Pi4M=.o 
/home/iamthecage/out-v2/i8gemm_valu_gb_fixed_tn/1_BenchmarkProblems/Cijk_Alik_Bljk_I8II_BH_GB_00/00_Final/source/build_tmp/SOURCE/assembly/Cijk_Alik_Bljk_I8II_BH_GB_MT64x12
8x32_SN_GLVWA8_cvRUsiSMHt-wgAYTyT-sXcB0lVIgHW-lNpQFG_8Pi4M=.s && 
total vgpr count: 86

total vgpr count: 82

write_assemblyFilename /home/iamthecage/out-v2/i8gemm_valu_gb_fixed_tn/1_BenchmarkProblems/Cijk_Alik_Bljk_I8II_BH_GB_00/00_Final/source/build_tmp/SOURCE/assembly/Cijk_Alik_Bljk_I8II_BH_GB_MT64x128x32_SN_GLVWA4_ukGhq91nv8lJ_Ql04p8p9eSdBxY4i9u36GgtA9l9X4I=.s
Assemble command: /opt/rocm/bin/amdclang++ -x assembler -target amdgcn-amd-amdhsa -mcode-object-version=4 -mcpu=gfx1201 -mno-wavefrontsize64 -c -o 
/home/iamthecage/out-v2/i8gemm_valu_gb_fixed_tn/1_BenchmarkProblems/Cijk_Alik_Bljk_I8II_BH_GB_00/00_Final/source/build_tmp/SOURCE/assembly/Cijk_Alik_Bljk_I8II_BH_GB_MT64x12
8x32_SN_GLVWA4_ukGhq91nv8lJ_Ql04p8p9eSdBxY4i9u36GgtA9l9X4I=.o 
/home/iamthecage/out-v2/i8gemm_valu_gb_fixed_tn/1_BenchmarkProblems/Cijk_Alik_Bljk_I8II_BH_GB_00/00_Final/source/build_tmp/SOURCE/assembly/Cijk_Alik_Bljk_I8II_BH_GB_MT64x12
8x32_SN_GLVWA4_ukGhq91nv8lJ_Ql04p8p9eSdBxY4i9u36GgtA9l9X4I=.s && 
b''
total vgpr count: 94

b''
write_assemblyFilename /home/iamthecage/out-v2/i8gemm_valu_gb_fixed_tn/1_BenchmarkProblems/Cijk_Alik_Bljk_I8II_BH_GB_00/00_Final/source/build_tmp/SOURCE/assembly/Cijk_Alik_Bljk_I8II_BH_GB_MT64x128x32_SN_GLVWA8_wD1-gromz1Qpt2kKyUSOSmePYEVhc6e48mnHmEAqh9A=.s
Assemble command: /opt/rocm/bin/amdclang++ -x assembler -target amdgcn-amd-amdhsa -mcode-object-version=4 -mcpu=gfx1201 -mno-wavefrontsize64 -c -o 
/home/iamthecage/out-v2/i8gemm_valu_gb_fixed_tn/1_BenchmarkProblems/Cijk_Alik_Bljk_I8II_BH_GB_00/00_Final/source/build_tmp/SOURCE/assembly/Cijk_Alik_Bljk_I8II_BH_GB_MT64x12
8x32_SN_GLVWA8_wD1-gromz1Qpt2kKyUSOSmePYEVhc6e48mnHmEAqh9A=.o 
/home/iamthecage/out-v2/i8gemm_valu_gb_fixed_tn/1_BenchmarkProblems/Cijk_Alik_Bljk_I8II_BH_GB_00/00_Final/source/build_tmp/SOURCE/assembly/Cijk_Alik_Bljk_I8II_BH_GB_MT64x12
8x32_SN_GLVWA8_wD1-gromz1Qpt2kKyUSOSmePYEVhc6e48mnHmEAqh9A=.s && 
write_assemblyFilename /home/iamthecage/out-v2/i8gemm_valu_gb_fixed_tn/1_BenchmarkProblems/Cijk_Alik_Bljk_I8II_BH_GB_00/00_Final/source/build_tmp/SOURCE/assembly/Cijk_Alik_Bljk_I8II_BH_GB_MT64x128x32_SN_GLVWA8_wNe6S3mW1nKw0Kb-A9-t1AtfP6XoRNk80pDumiF-PAQ=.s
Assemble command: /opt/rocm/bin/amdclang++ -x assembler -target amdgcn-amd-amdhsa -mcode-object-version=4 -mcpu=gfx1201 -mno-wavefrontsize64 -c -o 
/home/iamthecage/out-v2/i8gemm_valu_gb_fixed_tn/1_BenchmarkProblems/Cijk_Alik_Bljk_I8II_BH_GB_00/00_Final/source/build_tmp/SOURCE/assembly/Cijk_Alik_Bljk_I8II_BH_GB_MT64x12
8x32_SN_GLVWA8_wNe6S3mW1nKw0Kb-A9-t1AtfP6XoRNk80pDumiF-PAQ=.o 
/home/iamthecage/out-v2/i8gemm_valu_gb_fixed_tn/1_BenchmarkProblems/Cijk_Alik_Bljk_I8II_BH_GB_00/00_Final/source/build_tmp/SOURCE/assembly/Cijk_Alik_Bljk_I8II_BH_GB_MT64x12
8x32_SN_GLVWA8_wNe6S3mW1nKw0Kb-A9-t1AtfP6XoRNk80pDumiF-PAQ=.s && 
write_assemblyFilename /home/iamthecage/out-v2/i8gemm_valu_gb_fixed_tn/1_BenchmarkProblems/Cijk_Alik_Bljk_I8II_BH_GB_00/00_Final/source/build_tmp/SOURCE/assembly/Cijk_Alik_Bljk_I8II_BH_GB_MT64x128x32_SN_GLVWA4_OQyPCeTUQiIPMYCkOe_oWXIJtE3PUx03uVZYW79-egw=.s
Assemble command: /opt/rocm/bin/amdclang++ -x assembler -target amdgcn-amd-amdhsa -mcode-object-version=4 -mcpu=gfx1201 -mno-wavefrontsize64 -c -o 
/home/iamthecage/out-v2/i8gemm_valu_gb_fixed_tn/1_BenchmarkProblems/Cijk_Alik_Bljk_I8II_BH_GB_00/00_Final/source/build_tmp/SOURCE/assembly/Cijk_Alik_Bljk_I8II_BH_GB_MT64x12
8x32_SN_GLVWA4_OQyPCeTUQiIPMYCkOe_oWXIJtE3PUx03uVZYW79-egw=.o 
/home/iamthecage/out-v2/i8gemm_valu_gb_fixed_tn/1_BenchmarkProblems/Cijk_Alik_Bljk_I8II_BH_GB_00/00_Final/source/build_tmp/SOURCE/assembly/Cijk_Alik_Bljk_I8II_BH_GB_MT64x12
8x32_SN_GLVWA4_OQyPCeTUQiIPMYCkOe_oWXIJtE3PUx03uVZYW79-egw=.s && 
b''
Single Code Object File: /opt/rocm/bin/amdclang++ -target amdgcn-amd-amdhsa -Xlinker --build-id -o 
/home/iamthecage/out-v2/i8gemm_valu_gb_fixed_tn/1_BenchmarkProblems/Cijk_Alik_Bljk_I8II_BH_GB_00/00_Final/source/build_tmp/SOURCE/assembly/Cijk_Alik_Bljk_I8II_BH_GB_MT128x6
4x32_SN_GLVWA8_mr5Y6wmJHrXp52kU9vLdSFYEx9qeG81JDwL1xwtFYaQ=.co 
/home/iamthecage/out-v2/i8gemm_valu_gb_fixed_tn/1_BenchmarkProblems/Cijk_Alik_Bljk_I8II_BH_GB_00/00_Final/source/build_tmp/SOURCE/assembly/Cijk_Alik_Bljk_I8II_BH_GB_MT128x6
4x32_SN_GLVWA8_mr5Y6wmJHrXp52kU9vLdSFYEx9qeG81JDwL1xwtFYaQ=.o
total vgpr count: 94

b''
Single Code Object File: /opt/rocm/bin/amdclang++ -target amdgcn-amd-amdhsa -Xlinker --build-id -o 
/home/iamthecage/out-v2/i8gemm_valu_gb_fixed_tn/1_BenchmarkProblems/Cijk_Alik_Bljk_I8II_BH_GB_00/00_Final/source/build_tmp/SOURCE/assembly/Cijk_Alik_Bljk_I8II_BH_GB_MT128x6
4x32_SN_GLVWA16nLLd9mmCKW3CIw1IuT50zqSviejhfjvTIZrDme8QEXk=.co 
/home/iamthecage/out-v2/i8gemm_valu_gb_fixed_tn/1_BenchmarkProblems/Cijk_Alik_Bljk_I8II_BH_GB_00/00_Final/source/build_tmp/SOURCE/assembly/Cijk_Alik_Bljk_I8II_BH_GB_MT128x6
4x32_SN_GLVWA16nLLd9mmCKW3CIw1IuT50zqSviejhfjvTIZrDme8QEXk=.o
b''
write_assemblyFilename /home/iamthecage/out-v2/i8gemm_valu_gb_fixed_tn/1_BenchmarkProblems/Cijk_Alik_Bljk_I8II_BH_GB_00/00_Final/source/build_tmp/SOURCE/assembly/Cijk_Alik_Bljk_I8II_BH_GB_MT64x128x32_SN_GLVWA8_6CqjSfzGbVdOzv4MEe_lElLVlTXyEIyqcel9q-X6nlk=.s
Assemble command: /opt/rocm/bin/amdclang++ -x assembler -target amdgcn-amd-amdhsa -mcode-object-version=4 -mcpu=gfx1201 -mno-wavefrontsize64 -c -o 
/home/iamthecage/out-v2/i8gemm_valu_gb_fixed_tn/1_BenchmarkProblems/Cijk_Alik_Bljk_I8II_BH_GB_00/00_Final/source/build_tmp/SOURCE/assembly/Cijk_Alik_Bljk_I8II_BH_GB_MT64x12
8x32_SN_GLVWA8_6CqjSfzGbVdOzv4MEe_lElLVlTXyEIyqcel9q-X6nlk=.o 
/home/iamthecage/out-v2/i8gemm_valu_gb_fixed_tn/1_BenchmarkProblems/Cijk_Alik_Bljk_I8II_BH_GB_00/00_Final/source/build_tmp/SOURCE/assembly/Cijk_Alik_Bljk_I8II_BH_GB_MT64x12
8x32_SN_GLVWA8_6CqjSfzGbVdOzv4MEe_lElLVlTXyEIyqcel9q-X6nlk=.s && 
b''
Single Code Object File: /opt/rocm/bin/amdclang++ -target amdgcn-amd-amdhsa -Xlinker --build-id -o 
/home/iamthecage/out-v2/i8gemm_valu_gb_fixed_tn/1_BenchmarkProblems/Cijk_Alik_Bljk_I8II_BH_GB_00/00_Final/source/build_tmp/SOURCE/assembly/Cijk_Alik_Bljk_I8II_BH_GB_MT128x6
4x32_SN_GLVWA4_FcAic7C12hfkNN19MREll0fteuVVlz7kE3JS558-xNE=.co 
/home/iamthecage/out-v2/i8gemm_valu_gb_fixed_tn/1_BenchmarkProblems/Cijk_Alik_Bljk_I8II_BH_GB_00/00_Final/source/build_tmp/SOURCE/assembly/Cijk_Alik_Bljk_I8II_BH_GB_MT128x6
4x32_SN_GLVWA4_FcAic7C12hfkNN19MREll0fteuVVlz7kE3JS558-xNE=.o
b''
b''
b''
Single Code Object File: /opt/rocm/bin/amdclang++ -target amdgcn-amd-amdhsa -Xlinker --build-id -o 
/home/iamthecage/out-v2/i8gemm_valu_gb_fixed_tn/1_BenchmarkProblems/Cijk_Alik_Bljk_I8II_BH_GB_00/00_Final/source/build_tmp/SOURCE/assembly/Cijk_Alik_Bljk_I8II_BH_GB_MT64x12
8x32_SN_GLVWA8_cvRUsiSMHt-wgAYTyT-sXcB0lVIgHW-lNpQFG_8Pi4M=.co 
/home/iamthecage/out-v2/i8gemm_valu_gb_fixed_tn/1_BenchmarkProblems/Cijk_Alik_Bljk_I8II_BH_GB_00/00_Final/source/build_tmp/SOURCE/assembly/Cijk_Alik_Bljk_I8II_BH_GB_MT64x12
8x32_SN_GLVWA8_cvRUsiSMHt-wgAYTyT-sXcB0lVIgHW-lNpQFG_8Pi4M=.o
b''
Single Code Object File: /opt/rocm/bin/amdclang++ -target amdgcn-amd-amdhsa -Xlinker --build-id -o 
/home/iamthecage/out-v2/i8gemm_valu_gb_fixed_tn/1_BenchmarkProblems/Cijk_Alik_Bljk_I8II_BH_GB_00/00_Final/source/build_tmp/SOURCE/assembly/Cijk_Alik_Bljk_I8II_BH_GB_MT64x12
8x32_SN_GLVWA8_wNe6S3mW1nKw0Kb-A9-t1AtfP6XoRNk80pDumiF-PAQ=.co 
/home/iamthecage/out-v2/i8gemm_valu_gb_fixed_tn/1_BenchmarkProblems/Cijk_Alik_Bljk_I8II_BH_GB_00/00_Final/source/build_tmp/SOURCE/assembly/Cijk_Alik_Bljk_I8II_BH_GB_MT64x12
8x32_SN_GLVWA8_wNe6S3mW1nKw0Kb-A9-t1AtfP6XoRNk80pDumiF-PAQ=.o
b''
Single Code Object File: /opt/rocm/bin/amdclang++ -target amdgcn-amd-amdhsa -Xlinker --build-id -o 
/home/iamthecage/out-v2/i8gemm_valu_gb_fixed_tn/1_BenchmarkProblems/Cijk_Alik_Bljk_I8II_BH_GB_00/00_Final/source/build_tmp/SOURCE/assembly/Cijk_Alik_Bljk_I8II_BH_GB_MT64x12
8x32_SN_GLVWA4_ukGhq91nv8lJ_Ql04p8p9eSdBxY4i9u36GgtA9l9X4I=.co 
/home/iamthecage/out-v2/i8gemm_valu_gb_fixed_tn/1_BenchmarkProblems/Cijk_Alik_Bljk_I8II_BH_GB_00/00_Final/source/build_tmp/SOURCE/assembly/Cijk_Alik_Bljk_I8II_BH_GB_MT64x12
8x32_SN_GLVWA4_ukGhq91nv8lJ_Ql04p8p9eSdBxY4i9u36GgtA9l9X4I=.o
b''
Single Code Object File: /opt/rocm/bin/amdclang++ -target amdgcn-amd-amdhsa -Xlinker --build-id -o 
/home/iamthecage/out-v2/i8gemm_valu_gb_fixed_tn/1_BenchmarkProblems/Cijk_Alik_Bljk_I8II_BH_GB_00/00_Final/source/build_tmp/SOURCE/assembly/Cijk_Alik_Bljk_I8II_BH_GB_MT64x12
8x32_SN_GLVWA8_wD1-gromz1Qpt2kKyUSOSmePYEVhc6e48mnHmEAqh9A=.co 
/home/iamthecage/out-v2/i8gemm_valu_gb_fixed_tn/1_BenchmarkProblems/Cijk_Alik_Bljk_I8II_BH_GB_00/00_Final/source/build_tmp/SOURCE/assembly/Cijk_Alik_Bljk_I8II_BH_GB_MT64x12
8x32_SN_GLVWA8_wD1-gromz1Qpt2kKyUSOSmePYEVhc6e48mnHmEAqh9A=.o
b''
b''
b''
Single Code Object File: /opt/rocm/bin/amdclang++ -target amdgcn-amd-amdhsa -Xlinker --build-id -o 
/home/iamthecage/out-v2/i8gemm_valu_gb_fixed_tn/1_BenchmarkProblems/Cijk_Alik_Bljk_I8II_BH_GB_00/00_Final/source/build_tmp/SOURCE/assembly/Cijk_Alik_Bljk_I8II_BH_GB_MT64x12
8x32_SN_GLVWA4_OQyPCeTUQiIPMYCkOe_oWXIJtE3PUx03uVZYW79-egw=.co 
/home/iamthecage/out-v2/i8gemm_valu_gb_fixed_tn/1_BenchmarkProblems/Cijk_Alik_Bljk_I8II_BH_GB_00/00_Final/source/build_tmp/SOURCE/assembly/Cijk_Alik_Bljk_I8II_BH_GB_MT64x12
8x32_SN_GLVWA4_OQyPCeTUQiIPMYCkOe_oWXIJtE3PUx03uVZYW79-egw=.o
b''
b''
b''
b''
Single Code Object File: /opt/rocm/bin/amdclang++ -target amdgcn-amd-amdhsa -Xlinker --build-id -o 
/home/iamthecage/out-v2/i8gemm_valu_gb_fixed_tn/1_BenchmarkProblems/Cijk_Alik_Bljk_I8II_BH_GB_00/00_Final/source/build_tmp/SOURCE/assembly/Cijk_Alik_Bljk_I8II_BH_GB_MT64x12
8x32_SN_GLVWA8_6CqjSfzGbVdOzv4MEe_lElLVlTXyEIyqcel9q-X6nlk=.co 
/home/iamthecage/out-v2/i8gemm_valu_gb_fixed_tn/1_BenchmarkProblems/Cijk_Alik_Bljk_I8II_BH_GB_00/00_Final/source/build_tmp/SOURCE/assembly/Cijk_Alik_Bljk_I8II_BH_GB_MT64x12
8x32_SN_GLVWA8_6CqjSfzGbVdOzv4MEe_lElLVlTXyEIyqcel9q-X6nlk=.o
b''
Filtering processing errors: 0it [00:00, ?it/s]Filtering processing errors: 36it [00:00, 1797558.86it/s]
> UserWarning: Kernel file context manager opened without any kernel files.
Compiling source kernels: 0it [00:00, ?it/s]Compiling source kernels: 0it [00:00, ?it/s]
Relocating code objects: 0it [00:00, ?it/s]Relocating code objects: 36it [00:00, 27998.32it/s]
> UserWarning: Code object files are not compressed in `--no-merge-files` build mode.
# Kernel Building elapsed time = 3.1 secs
# Actual Solutions: 36 / 36 after KernelWriter

+ ERR=0
+ /home/iamthecage/rocm-libraries/shared/tensile/next-cmake/build/tensile-client --config-file /home/iamthecage/out-v2/i8gemm_valu_gb_fixed_tn/1_BenchmarkProblems/Cijk_Alik_Bljk_I8II_BH_GB_00/00_Final/build/../source/ClientParameters.ini
loading config file /home/iamthecage/out-v2/i8gemm_valu_gb_fixed_tn/1_BenchmarkProblems/Cijk_Alik_Bljk_I8II_BH_GB_00/00_Final/build/../source/ClientParameters.ini
Loading /home/iamthecage/out-v2/i8gemm_valu_gb_fixed_tn/1_BenchmarkProblems/Cijk_Alik_Bljk_I8II_BH_GB_00/00_Final/source/library/Cijk_Alik_Bljk_I8II_BH_GB_MT64x64x16_SN_GLVWA4_G_K1N9mtuGU2sj1gLZj3bOpfm4qB4X3rKhKgqZCRdOA4=_gfx1201.co
Loading /home/iamthecage/out-v2/i8gemm_valu_gb_fixed_tn/1_BenchmarkProblems/Cijk_Alik_Bljk_I8II_BH_GB_00/00_Final/source/library/Cijk_Alik_Bljk_I8II_BH_GB_MT64x64x16_SN_GLVWA4_GKxHduPCyWm79LYalNufKi-2IE_AIiR5B9QmM58-Cgho=_gfx1201.co
Loading /home/iamthecage/out-v2/i8gemm_valu_gb_fixed_tn/1_BenchmarkProblems/Cijk_Alik_Bljk_I8II_BH_GB_00/00_Final/source/library/Cijk_Alik_Bljk_I8II_BH_GB_MT64x64x16_SN_GLVWA4_G_Ciw2Oms68humFkjuCCHDWngMfSgnoPLNHpe1McCdnQ=_gfx1201.co
Loading /home/iamthecage/out-v2/i8gemm_valu_gb_fixed_tn/1_BenchmarkProblems/Cijk_Alik_Bljk_I8II_BH_GB_00/00_Final/source/library/Cijk_Alik_Bljk_I8II_BH_GB_MT64x64x16_SN_GLVWA4_GfgXF6xi9bNu252u7kqh3nsAmnM1GjMFtFVeXygEZsOs=_gfx1201.co
Loading /home/iamthecage/out-v2/i8gemm_valu_gb_fixed_tn/1_BenchmarkProblems/Cijk_Alik_Bljk_I8II_BH_GB_00/00_Final/source/library/Cijk_Alik_Bljk_I8II_BH_GB_MT64x64x16_SN_GLVWA4_GJ0ZCp9Bf4SG-FuG_BjnKYzDzSoX6vCBtFGx2sBhbP-c=_gfx1201.co
Loading /home/iamthecage/out-v2/i8gemm_valu_gb_fixed_tn/1_BenchmarkProblems/Cijk_Alik_Bljk_I8II_BH_GB_00/00_Final/source/library/Cijk_Alik_Bljk_I8II_BH_GB_MT64x64x16_SN_GLVWA4_GUNmbSJKHt3bnSP6qd58ad7AhHVxNe8FTbrq5TfTM5CY=_gfx1201.co
Loading /home/iamthecage/out-v2/i8gemm_valu_gb_fixed_tn/1_BenchmarkProblems/Cijk_Alik_Bljk_I8II_BH_GB_00/00_Final/source/library/Cijk_Alik_Bljk_I8II_BH_GB_MT128x64x16_SN_GLVWA4_WeCw2A0GZCgVp8avj-5rC7n4dRiZSpBZMiRFl4UCd80=_gfx1201.co
Loading /home/iamthecage/out-v2/i8gemm_valu_gb_fixed_tn/1_BenchmarkProblems/Cijk_Alik_Bljk_I8II_BH_GB_00/00_Final/source/library/Cijk_Alik_Bljk_I8II_BH_GB_MT128x64x16_SN_GLVWA8_9Z8IKu-n3P0DFkwD8z3H2bSj5lPEWESfNZcowkeWWbg=_gfx1201.co
Loading /home/iamthecage/out-v2/i8gemm_valu_gb_fixed_tn/1_BenchmarkProblems/Cijk_Alik_Bljk_I8II_BH_GB_00/00_Final/source/library/Cijk_Alik_Bljk_I8II_BH_GB_MT128x64x16_SN_GLVWA8_HFX1CFfh6MrYNCW3Bz4bUEEHrGgr43d0aSfAvLNpmKM=_gfx1201.co
Loading /home/iamthecage/out-v2/i8gemm_valu_gb_fixed_tn/1_BenchmarkProblems/Cijk_Alik_Bljk_I8II_BH_GB_00/00_Final/source/library/Cijk_Alik_Bljk_I8II_BH_GB_MT128x64x16_SN_GLVWA4_FcAic7C12hfkNN19MREll0fteuVVlz7kE3JS558-xNE=_gfx1201.co
Loading /home/iamthecage/out-v2/i8gemm_valu_gb_fixed_tn/1_BenchmarkProblems/Cijk_Alik_Bljk_I8II_BH_GB_00/00_Final/source/library/Cijk_Alik_Bljk_I8II_BH_GB_MT128x64x16_SN_GLVWA8_lvMnkrlot3bdMO6n6GDQwnSjdw26BZ84HFC-Pf6yoEw=_gfx1201.co
Loading /home/iamthecage/out-v2/i8gemm_valu_gb_fixed_tn/1_BenchmarkProblems/Cijk_Alik_Bljk_I8II_BH_GB_00/00_Final/source/library/Cijk_Alik_Bljk_I8II_BH_GB_MT128x64x16_SN_GLVWA8_-fxcyzB3hB6LSP_GifT2_4ZmLzRHG3poFlR8obozKWE=_gfx1201.co
Loading /home/iamthecage/out-v2/i8gemm_valu_gb_fixed_tn/1_BenchmarkProblems/Cijk_Alik_Bljk_I8II_BH_GB_00/00_Final/source/library/Cijk_Alik_Bljk_I8II_BH_GB_MT64x128x16_SN_GLVWA4_ukGhq91nv8lJ_Ql04p8p9eSdBxY4i9u36GgtA9l9X4I=_gfx1201.co
Loading /home/iamthecage/out-v2/i8gemm_valu_gb_fixed_tn/1_BenchmarkProblems/Cijk_Alik_Bljk_I8II_BH_GB_00/00_Final/source/library/Cijk_Alik_Bljk_I8II_BH_GB_MT64x128x16_SN_GLVWA4_cvRUsiSMHt-wgAYTyT-sXcB0lVIgHW-lNpQFG_8Pi4M=_gfx1201.co
Loading /home/iamthecage/out-v2/i8gemm_valu_gb_fixed_tn/1_BenchmarkProblems/Cijk_Alik_Bljk_I8II_BH_GB_00/00_Final/source/library/Cijk_Alik_Bljk_I8II_BH_GB_MT64x128x16_SN_GLVWA4_hfEA_i65j3-mSlvJQ7eLfzKqN_f-YuEOw80rxFYh1gA=_gfx1201.co
Loading /home/iamthecage/out-v2/i8gemm_valu_gb_fixed_tn/1_BenchmarkProblems/Cijk_Alik_Bljk_I8II_BH_GB_00/00_Final/source/library/Cijk_Alik_Bljk_I8II_BH_GB_MT64x128x16_SN_GLVWA4_OQyPCeTUQiIPMYCkOe_oWXIJtE3PUx03uVZYW79-egw=_gfx1201.co
Loading /home/iamthecage/out-v2/i8gemm_valu_gb_fixed_tn/1_BenchmarkProblems/Cijk_Alik_Bljk_I8II_BH_GB_00/00_Final/source/library/Cijk_Alik_Bljk_I8II_BH_GB_MT64x128x16_SN_GLVWA4_wD1-gromz1Qpt2kKyUSOSmePYEVhc6e48mnHmEAqh9A=_gfx1201.co
Loading /home/iamthecage/out-v2/i8gemm_valu_gb_fixed_tn/1_BenchmarkProblems/Cijk_Alik_Bljk_I8II_BH_GB_00/00_Final/source/library/Cijk_Alik_Bljk_I8II_BH_GB_MT64x128x16_SN_GLVWA4_oCybIbFtaCXWDGS6Noyh5_bLFCs1qSiGmqfY4x47XI8=_gfx1201.co
Loading /home/iamthecage/out-v2/i8gemm_valu_gb_fixed_tn/1_BenchmarkProblems/Cijk_Alik_Bljk_I8II_BH_GB_00/00_Final/source/library/Cijk_Alik_Bljk_I8II_BH_GB_MT64x64x32_SN_GLVWA4_G_K1N9mtuGU2sj1gLZj3bOpfm4qB4X3rKhKgqZCRdOA4=_gfx1201.co
Loading /home/iamthecage/out-v2/i8gemm_valu_gb_fixed_tn/1_BenchmarkProblems/Cijk_Alik_Bljk_I8II_BH_GB_00/00_Final/source/library/Cijk_Alik_Bljk_I8II_BH_GB_MT64x64x32_SN_GLVWA8_GVx2YSG0Q6sZrJZtvtnF257o_OIeneIukVmdwsdivJqI=_gfx1201.co
Loading /home/iamthecage/out-v2/i8gemm_valu_gb_fixed_tn/1_BenchmarkProblems/Cijk_Alik_Bljk_I8II_BH_GB_00/00_Final/source/library/Cijk_Alik_Bljk_I8II_BH_GB_MT64x64x32_SN_GLVWA8_GFo_CbMh4BuPzvagIb2oyBR87Vy5H96wABURJ9WYrtpw=_gfx1201.co
Loading /home/iamthecage/out-v2/i8gemm_valu_gb_fixed_tn/1_BenchmarkProblems/Cijk_Alik_Bljk_I8II_BH_GB_00/00_Final/source/library/Cijk_Alik_Bljk_I8II_BH_GB_MT64x64x32_SN_GLVWA4_GfgXF6xi9bNu252u7kqh3nsAmnM1GjMFtFVeXygEZsOs=_gfx1201.co
Loading /home/iamthecage/out-v2/i8gemm_valu_gb_fixed_tn/1_BenchmarkProblems/Cijk_Alik_Bljk_I8II_BH_GB_00/00_Final/source/library/Cijk_Alik_Bljk_I8II_BH_GB_MT64x64x32_SN_GLVWA8_GuVHcD4T6PUzK3KNieTcVvPTT1FYBnzkA3YLdQfxTwQU=_gfx1201.co
Loading /home/iamthecage/out-v2/i8gemm_valu_gb_fixed_tn/1_BenchmarkProblems/Cijk_Alik_Bljk_I8II_BH_GB_00/00_Final/source/library/Cijk_Alik_Bljk_I8II_BH_GB_MT64x64x32_SN_GLVWA8_GMZNY1QZL5s6i3y-jDI0PNBmGQxXVtZTrc-zO963z1w4=_gfx1201.co
Loading /home/iamthecage/out-v2/i8gemm_valu_gb_fixed_tn/1_BenchmarkProblems/Cijk_Alik_Bljk_I8II_BH_GB_00/00_Final/source/library/Cijk_Alik_Bljk_I8II_BH_GB_MT128x64x32_SN_GLVWA4_WeCw2A0GZCgVp8avj-5rC7n4dRiZSpBZMiRFl4UCd80=_gfx1201.co
Loading /home/iamthecage/out-v2/i8gemm_valu_gb_fixed_tn/1_BenchmarkProblems/Cijk_Alik_Bljk_I8II_BH_GB_00/00_Final/source/library/Cijk_Alik_Bljk_I8II_BH_GB_MT128x64x32_SN_GLVWA8_swY3R9vo9GhpRdOroc9dZJkX4PLkbT2bBHgcJ4wohcU=_gfx1201.co
Loading /home/iamthecage/out-v2/i8gemm_valu_gb_fixed_tn/1_BenchmarkProblems/Cijk_Alik_Bljk_I8II_BH_GB_00/00_Final/source/library/Cijk_Alik_Bljk_I8II_BH_GB_MT128x64x32_SN_GLVWA16Wzr8it-S92L7Uyzo3ZOH39qPupan71etH1a3f-p2pww=_gfx1201.co
Loading /home/iamthecage/out-v2/i8gemm_valu_gb_fixed_tn/1_BenchmarkProblems/Cijk_Alik_Bljk_I8II_BH_GB_00/00_Final/source/library/Cijk_Alik_Bljk_I8II_BH_GB_MT128x64x32_SN_GLVWA4_FcAic7C12hfkNN19MREll0fteuVVlz7kE3JS558-xNE=_gfx1201.co
Loading /home/iamthecage/out-v2/i8gemm_valu_gb_fixed_tn/1_BenchmarkProblems/Cijk_Alik_Bljk_I8II_BH_GB_00/00_Final/source/library/Cijk_Alik_Bljk_I8II_BH_GB_MT128x64x32_SN_GLVWA8_mr5Y6wmJHrXp52kU9vLdSFYEx9qeG81JDwL1xwtFYaQ=_gfx1201.co
Loading /home/iamthecage/out-v2/i8gemm_valu_gb_fixed_tn/1_BenchmarkProblems/Cijk_Alik_Bljk_I8II_BH_GB_00/00_Final/source/library/Cijk_Alik_Bljk_I8II_BH_GB_MT128x64x32_SN_GLVWA16nLLd9mmCKW3CIw1IuT50zqSviejhfjvTIZrDme8QEXk=_gfx1201.co
Loading /home/iamthecage/out-v2/i8gemm_valu_gb_fixed_tn/1_BenchmarkProblems/Cijk_Alik_Bljk_I8II_BH_GB_00/00_Final/source/library/Cijk_Alik_Bljk_I8II_BH_GB_MT64x128x32_SN_GLVWA4_ukGhq91nv8lJ_Ql04p8p9eSdBxY4i9u36GgtA9l9X4I=_gfx1201.co
Loading /home/iamthecage/out-v2/i8gemm_valu_gb_fixed_tn/1_BenchmarkProblems/Cijk_Alik_Bljk_I8II_BH_GB_00/00_Final/source/library/Cijk_Alik_Bljk_I8II_BH_GB_MT64x128x32_SN_GLVWA8_cvRUsiSMHt-wgAYTyT-sXcB0lVIgHW-lNpQFG_8Pi4M=_gfx1201.co
Loading /home/iamthecage/out-v2/i8gemm_valu_gb_fixed_tn/1_BenchmarkProblems/Cijk_Alik_Bljk_I8II_BH_GB_00/00_Final/source/library/Cijk_Alik_Bljk_I8II_BH_GB_MT64x128x32_SN_GLVWA8_wNe6S3mW1nKw0Kb-A9-t1AtfP6XoRNk80pDumiF-PAQ=_gfx1201.co
Loading /home/iamthecage/out-v2/i8gemm_valu_gb_fixed_tn/1_BenchmarkProblems/Cijk_Alik_Bljk_I8II_BH_GB_00/00_Final/source/library/Cijk_Alik_Bljk_I8II_BH_GB_MT64x128x32_SN_GLVWA4_OQyPCeTUQiIPMYCkOe_oWXIJtE3PUx03uVZYW79-egw=_gfx1201.co
Loading /home/iamthecage/out-v2/i8gemm_valu_gb_fixed_tn/1_BenchmarkProblems/Cijk_Alik_Bljk_I8II_BH_GB_00/00_Final/source/library/Cijk_Alik_Bljk_I8II_BH_GB_MT64x128x32_SN_GLVWA8_wD1-gromz1Qpt2kKyUSOSmePYEVhc6e48mnHmEAqh9A=_gfx1201.co
Loading /home/iamthecage/out-v2/i8gemm_valu_gb_fixed_tn/1_BenchmarkProblems/Cijk_Alik_Bljk_I8II_BH_GB_00/00_Final/source/library/Cijk_Alik_Bljk_I8II_BH_GB_MT64x128x32_SN_GLVWA8_6CqjSfzGbVdOzv4MEe_lElLVlTXyEIyqcel9q-X6nlk=_gfx1201.co
Log level: Debug
run,problem-progress,solution-progress,operation,problem-sizes,solution,validation,time-us,gflops,empty,total-gran,tiles-per-cu,num-cus,tile0-gran,tile1-gran,cu-gran,wave-gran,mem-read-bytes,mem-write-bytes,temp-edge,clock-sys,clock-soc,clock-mem,fan-rpm,hardware-samples,gfx-frequency(median),power(median),hotspot-temperature(median),enqueue-time
0,0/44,0/35,Contraction_l_Alik_Bljk_Cijk_Dijk,"(1,1024,1,1024)",Cijk_Alik_Bljk_I8II_BH_GB_MT64x64x16_SN_GLVWA4_GLVWB4_GRVW4_K1_SU0_SUS0_TT4_4,NO_CHECK,88.801,23.6163,,0.0078125,0.5,32,0.015625,1,0.5,1,36864,4096,,,,,,,,,,2026-04-18 21:40:29.
0,0/44,1/35,Contraction_l_Alik_Bljk_Cijk_Dijk,"(1,1024,1,1024)",Cijk_Alik_Bljk_I8II_BH_GB_MT64x64x16_SN_GLVWA4_GLVWB4_GRVW8_K1_SU0_SUS0_TT4_4,NO_CHECK,85.041,24.6605,,0.0078125,0.5,32,0.015625,1,0.5,1,36864,4096,,,,,,,,,,2026-04-18 21:40:29.
0,0/44,2/35,Contraction_l_Alik_Bljk_Cijk_Dijk,"(1,1024,1,1024)",Cijk_Alik_Bljk_I8II_BH_GB_MT64x64x16_SN_GLVWA4_GLVWB4_GRVW16_K1_SU0_SUS0_TT4_4,NO_CHECK,81.881,25.6122,,0.0078125,0.5,32,0.015625,1,0.5,1,36864,4096,,,,,,,,,,2026-04-18 21:40:29.
0,0/44,3/35,Contraction_l_Alik_Bljk_Cijk_Dijk,"(1,1024,1,1024)",Cijk_Alik_Bljk_I8II_BH_GB_MT64x64x16_SN_GLVWA4_GLVWB4_GRVW4_K1_SU32_SUS256_TT4_4,NO_CHECK,83.321,25.1695,,0.0078125,0.5,32,0.015625,1,0.5,1,36864,4096,,,,,,,,,,2026-04-18 21:40:29.
0,0/44,4/35,Contraction_l_Alik_Bljk_Cijk_Dijk,"(1,1024,1,1024)",Cijk_Alik_Bljk_I8II_BH_GB_MT64x64x16_SN_GLVWA4_GLVWB4_GRVW8_K1_SU32_SUS256_TT4_4,NO_CHECK,82.881,25.3032,,0.0078125,0.5,32,0.015625,1,0.5,1,36864,4096,,,,,,,,,,2026-04-18 21:40:29.
0,0/44,5/35,Contraction_l_Alik_Bljk_Cijk_Dijk,"(1,1024,1,1024)",Cijk_Alik_Bljk_I8II_BH_GB_MT64x64x16_SN_GLVWA4_GLVWB4_GRVW16_K1_SU32_SUS256_TT4_4,NO_CHECK,83.801,25.0254,,0.0078125,0.5,32,0.015625,1,0.5,1,36864,4096,,,,,,,,,,2026-04-18 21:40:29.
0,0/44,6/35,Contraction_l_Alik_Bljk_Cijk_Dijk,"(1,1024,1,1024)",Cijk_Alik_Bljk_I8II_BH_GB_MT128x64x16_SN_GLVWA4_GLVWB4_GRVW4_K1_SU0_SUS0_TT8_4,NO_CHECK,125.401,16.7236,,0.00390625,0.5,32,0.0078125,1,0.5,1,28672,4096,,,,,,,,,,2026-04-18 21:40:29.
0,0/44,7/35,Contraction_l_Alik_Bljk_Cijk_Dijk,"(1,1024,1,1024)",Cijk_Alik_Bljk_I8II_BH_GB_MT128x64x16_SN_GLVWA8_GLVWB4_GRVW8_K1_SU0_SUS0_TT8_4,NO_CHECK,124.441,16.8526,,0.00390625,0.5,32,0.0078125,1,0.5,1,28672,4096,,,,,,,,,,2026-04-18 21:40:29.
0,0/44,8/35,Contraction_l_Alik_Bljk_Cijk_Dijk,"(1,1024,1,1024)",Cijk_Alik_Bljk_I8II_BH_GB_MT128x64x16_SN_GLVWA8_GLVWB4_GRVW16_K1_SU0_SUS0_TT8_4,NO_CHECK,123.521,16.9781,,0.00390625,0.5,32,0.0078125,1,0.5,1,28672,4096,,,,,,,,,,2026-04-18 21:40:29.
0,0/44,9/35,Contraction_l_Alik_Bljk_Cijk_Dijk,"(1,1024,1,1024)",Cijk_Alik_Bljk_I8II_BH_GB_MT128x64x16_SN_GLVWA4_GLVWB4_GRVW4_K1_SU32_SUS256_TT8_4,NO_CHECK,124.962,16.7823,,0.00390625,0.5,32,0.0078125,1,0.5,1,28672,4096,,,,,,,,,,2026-04-18 21:40:29.
0,0/44,10/35,Contraction_l_Alik_Bljk_Cijk_Dijk,"(1,1024,1,1024)",Cijk_Alik_Bljk_I8II_BH_GB_MT128x64x16_SN_GLVWA8_GLVWB4_GRVW8_K1_SU32_SUS256_TT8_4,NO_CHECK,125.321,16.7342,,0.00390625,0.5,32,0.0078125,1,0.5,1,28672,4096,,,,,,,,,,2026-04-18 21:40:29.
0,0/44,11/35,Contraction_l_Alik_Bljk_Cijk_Dijk,"(1,1024,1,1024)",Cijk_Alik_Bljk_I8II_BH_GB_MT128x64x16_SN_GLVWA8_GLVWB4_GRVW16_K1_SU32_SUS256_TT8_4,NO_CHECK,123.882,16.9286,,0.00390625,0.5,32,0.0078125,1,0.5,1,28672,4096,,,,,,,,,,2026-04-18 21:40:29.
0,0/44,12/35,Contraction_l_Alik_Bljk_Cijk_Dijk,"(1,1024,1,1024)",Cijk_Alik_Bljk_I8II_BH_GB_MT64x128x16_SN_GLVWA4_GLVWB4_GRVW4_K1_SU0_SUS0_TT4_8,NO_CHECK,253.843,8.26161,,0.00390625,0.25,32,0.015625,1,0.25,1,28672,4096,,,,,,,,,,2026-04-18 21:40:29.
0,0/44,13/35,Contraction_l_Alik_Bljk_Cijk_Dijk,"(1,1024,1,1024)",Cijk_Alik_Bljk_I8II_BH_GB_MT64x128x16_SN_GLVWA4_GLVWB8_GRVW8_K1_SU0_SUS0_TT4_8,NO_CHECK,122.882,17.0664,,0.00390625,0.25,32,0.015625,1,0.25,1,28672,4096,,,,,,,,,,2026-04-18 21:40:29.
0,0/44,14/35,Contraction_l_Alik_Bljk_Cijk_Dijk,"(1,1024,1,1024)",Cijk_Alik_Bljk_I8II_BH_GB_MT64x128x16_SN_GLVWA4_GLVWB8_GRVW16_K1_SU0_SUS0_TT4_8,NO_CHECK,124.242,16.8796,,0.00390625,0.25,32,0.015625,1,0.25,1,28672,4096,,,,,,,,,,2026-04-18 21:40:29.
0,0/44,15/35,Contraction_l_Alik_Bljk_Cijk_Dijk,"(1,1024,1,1024)",Cijk_Alik_Bljk_I8II_BH_GB_MT64x128x16_SN_GLVWA4_GLVWB4_GRVW4_K1_SU32_SUS256_TT4_8,NO_CHECK,124.241,16.8797,,0.00390625,0.25,32,0.015625,1,0.25,1,28672,4096,,,,,,,,,,2026-04-18 21:40:29.
0,0/44,16/35,Contraction_l_Alik_Bljk_Cijk_Dijk,"(1,1024,1,1024)",Cijk_Alik_Bljk_I8II_BH_GB_MT64x128x16_SN_GLVWA4_GLVWB8_GRVW8_K1_SU32_SUS256_TT4_8,NO_CHECK,130.362,16.0871,,0.00390625,0.25,32,0.015625,1,0.25,1,28672,4096,,,,,,,,,,2026-04-18 21:40:29.
0,0/44,17/35,Contraction_l_Alik_Bljk_Cijk_Dijk,"(1,1024,1,1024)",Cijk_Alik_Bljk_I8II_BH_GB_MT64x128x16_SN_GLVWA4_GLVWB8_GRVW16_K1_SU32_SUS256_TT4_8,NO_CHECK,124.281,16.8743,,0.00390625,0.25,32,0.015625,1,0.25,1,28672,4096,,,,,,,,,,2026-04-18 21:40:29.
0,0/44,18/35,Contraction_l_Alik_Bljk_Cijk_Dijk,"(1,1024,1,1024)",Cijk_Alik_Bljk_I8II_BH_GB_MT64x64x32_SN_GLVWA4_GLVWB4_GRVW4_K1_SU0_SUS0_TT4_4,NO_CHECK,97.881,21.4255,,0.0078125,0.5,32,0.015625,1,0.5,1,36864,4096,,,,,,,,,,2026-04-18 21:40:29.
0,0/44,19/35,Contraction_l_Alik_Bljk_Cijk_Dijk,"(1,1024,1,1024)",Cijk_Alik_Bljk_I8II_BH_GB_MT64x64x32_SN_GLVWA8_GLVWB8_GRVW8_K1_SU0_SUS0_TT4_4,NO_CHECK,98.442,21.3034,,0.0078125,0.5,32,0.015625,1,0.5,1,36864,4096,,,,,,,,,,2026-04-18 21:40:29.
0,0/44,20/35,Contraction_l_Alik_Bljk_Cijk_Dijk,"(1,1024,1,1024)",Cijk_Alik_Bljk_I8II_BH_GB_MT64x64x32_SN_GLVWA8_GLVWB8_GRVW16_K1_SU0_SUS0_TT4_4,NO_CHECK,98.801,21.226,,0.0078125,0.5,32,0.015625,1,0.5,1,36864,4096,,,,,,,,,,2026-04-18 21:40:29.
0,0/44,21/35,Contraction_l_Alik_Bljk_Cijk_Dijk,"(1,1024,1,1024)",Cijk_Alik_Bljk_I8II_BH_GB_MT64x64x32_SN_GLVWA4_GLVWB4_GRVW4_K1_SU32_SUS256_TT4_4,NO_CHECK,99.641,21.0471,,0.0078125,0.5,32,0.015625,1,0.5,1,36864,4096,,,,,,,,,,2026-04-18 21:40:29.
0,0/44,22/35,Contraction_l_Alik_Bljk_Cijk_Dijk,"(1,1024,1,1024)",Cijk_Alik_Bljk_I8II_BH_GB_MT64x64x32_SN_GLVWA8_GLVWB8_GRVW8_K1_SU32_SUS256_TT4_4,NO_CHECK,98.681,21.2518,,0.0078125,0.5,32,0.015625,1,0.5,1,36864,4096,,,,,,,,,,2026-04-18 21:40:29.
0,0/44,23/35,Contraction_l_Alik_Bljk_Cijk_Dijk,"(1,1024,1,1024)",Cijk_Alik_Bljk_I8II_BH_GB_MT64x64x32_SN_GLVWA8_GLVWB8_GRVW16_K1_SU32_SUS256_TT4_4,NO_CHECK,97.121,21.5932,,0.0078125,0.5,32,0.015625,1,0.5,1,36864,4096,,,,,,,,,,2026-04-18 21:40:29.
0,0/44,24/35,Contraction_l_Alik_Bljk_Cijk_Dijk,"(1,1024,1,1024)",Cijk_Alik_Bljk_I8II_BH_GB_MT128x64x32_SN_GLVWA4_GLVWB4_GRVW4_K1_SU0_SUS0_TT8_4,NO_CHECK,149.322,14.0445,,0.00390625,0.5,32,0.0078125,1,0.5,1,28672,4096,,,,,,,,,,2026-04-18 21:40:29.
0,0/44,25/35,Contraction_l_Alik_Bljk_Cijk_Dijk,"(1,1024,1,1024)",Cijk_Alik_Bljk_I8II_BH_GB_MT128x64x32_SN_GLVWA8_GLVWB8_GRVW8_K1_SU0_SUS0_TT8_4,NO_CHECK,149.242,14.052,,0.00390625,0.5,32,0.0078125,1,0.5,1,28672,4096,,,,,,,,,,2026-04-18 21:40:29.
0,0/44,26/35,Contraction_l_Alik_Bljk_Cijk_Dijk,"(1,1024,1,1024)",Cijk_Alik_Bljk_I8II_BH_GB_MT128x64x32_SN_GLVWA16_GLVWB8_GRVW16_K1_SU0_SUS0_TT8_4,NO_CHECK,150.041,13.9772,,0.00390625,0.5,32,0.0078125,1,0.5,1,28672,4096,,,,,,,,,,2026-04-18 21:40:29.
0,0/44,27/35,Contraction_l_Alik_Bljk_Cijk_Dijk,"(1,1024,1,1024)",Cijk_Alik_Bljk_I8II_BH_GB_MT128x64x32_SN_GLVWA4_GLVWB4_GRVW4_K1_SU32_SUS256_TT8_4,NO_CHECK,152.402,13.7607,,0.00390625,0.5,32,0.0078125,1,0.5,1,28672,4096,,,,,,,,,,2026-04-18 21:40:29.
0,0/44,28/35,Contraction_l_Alik_Bljk_Cijk_Dijk,"(1,1024,1,1024)",Cijk_Alik_Bljk_I8II_BH_GB_MT128x64x32_SN_GLVWA8_GLVWB8_GRVW8_K1_SU32_SUS256_TT8_4,NO_CHECK,151.042,13.8846,,0.00390625,0.5,32,0.0078125,1,0.5,1,28672,4096,,,,,,,,,,2026-04-18 21:40:29.
0,0/44,29/35,Contraction_l_Alik_Bljk_Cijk_Dijk,"(1,1024,1,1024)",Cijk_Alik_Bljk_I8II_BH_GB_MT128x64x32_SN_GLVWA16_GLVWB8_GRVW16_K1_SU32_SUS256_TT8_4,NO_CHECK,150.802,13.9067,,0.00390625,0.5,32,0.0078125,1,0.5,1,28672,4096,,,,,,,,,,2026-04-18 21:40:29.
0,0/44,30/35,Contraction_l_Alik_Bljk_Cijk_Dijk,"(1,1024,1,1024)",Cijk_Alik_Bljk_I8II_BH_GB_MT64x128x32_SN_GLVWA4_GLVWB4_GRVW4_K1_SU0_SUS0_TT4_8,NO_CHECK,150.282,13.9548,,0.00390625,0.25,32,0.015625,1,0.25,1,28672,4096,,,,,,,,,,2026-04-18 21:40:29.
0,0/44,31/35,Contraction_l_Alik_Bljk_Cijk_Dijk,"(1,1024,1,1024)",Cijk_Alik_Bljk_I8II_BH_GB_MT64x128x32_SN_GLVWA8_GLVWB8_GRVW8_K1_SU0_SUS0_TT4_8,NO_CHECK,149.962,13.9846,,0.00390625,0.25,32,0.015625,1,0.25,1,28672,4096,,,,,,,,,,2026-04-18 21:40:29.
0,0/44,32/35,Contraction_l_Alik_Bljk_Cijk_Dijk,"(1,1024,1,1024)",Cijk_Alik_Bljk_I8II_BH_GB_MT64x128x32_SN_GLVWA8_GLVWB16_GRVW16_K1_SU0_SUS0_TT4_8,NO_CHECK,157.842,13.2864,,0.00390625,0.25,32,0.015625,1,0.25,1,28672,4096,,,,,,,,,,2026-04-18 21:40:29.
0,0/44,33/35,Contraction_l_Alik_Bljk_Cijk_Dijk,"(1,1024,1,1024)",Cijk_Alik_Bljk_I8II_BH_GB_MT64x128x32_SN_GLVWA4_GLVWB4_GRVW4_K1_SU32_SUS256_TT4_8,NO_CHECK,150.682,13.9177,,0.00390625,0.25,32,0.015625,1,0.25,1,28672,4096,,,,,,,,,,2026-04-18 21:40:29.
0,0/44,34/35,Contraction_l_Alik_Bljk_Cijk_Dijk,"(1,1024,1,1024)",Cijk_Alik_Bljk_I8II_BH_GB_MT64x128x32_SN_GLVWA8_GLVWB8_GRVW8_K1_SU32_SUS256_TT4_8,NO_CHECK,150.882,13.8993,,0.00390625,0.25,32,0.015625,1,0.25,1,28672,4096,,,,,,,,,,2026-04-18 21:40:29.
0,0/44,35/35,Contraction_l_Alik_Bljk_Cijk_Dijk,"(1,1024,1,1024)",Cijk_Alik_Bljk_I8II_BH_GB_MT64x128x32_SN_GLVWA8_GLVWB16_GRVW16_K1_SU32_SUS256_TT4_8,NO_CHECK,150.401,13.9437,,0.00390625,0.25,32,0.015625,1,0.25,1,28672,4096,,,,,,,,,,2026-04-18 21:40:29.
0,1/44,0/35,Contraction_l_Alik_Bljk_Cijk_Dijk,"(1,1024,1,4096)",Cijk_Alik_Bljk_I8II_BH_GB_MT64x64x16_SN_GLVWA4_GLVWB4_GRVW4_K1_SU0_SUS0_TT4_4,NO_CHECK,230.242,36.4339,,0.0078125,0.5,32,0.015625,1,0.5,1,135168,4096,,,,,,,,,,2026-04-18 21:40:29.
0,1/44,1/35,Contraction_l_Alik_Bljk_Cijk_Dijk,"(1,1024,1,4096)",Cijk_Alik_Bljk_I8II_BH_GB_MT64x64x16_SN_GLVWA4_GLVWB4_GRVW8_K1_SU0_SUS0_TT4_4,NO_CHECK,227.562,36.863,,0.0078125,0.5,32,0.015625,1,0.5,1,135168,4096,,,,,,,,,,2026-04-18 21:40:29.
0,1/44,2/35,Contraction_l_Alik_Bljk_Cijk_Dijk,"(1,1024,1,4096)",Cijk_Alik_Bljk_I8II_BH_GB_MT64x64x16_SN_GLVWA4_GLVWB4_GRVW16_K1_SU0_SUS0_TT4_4,NO_CHECK,227.843,36.8175,,0.0078125,0.5,32,0.015625,1,0.5,1,135168,4096,,,,,,,,,,2026-04-18 21:40:29.
0,1/44,3/35,Contraction_l_Alik_Bljk_Cijk_Dijk,"(1,1024,1,4096)",Cijk_Alik_Bljk_I8II_BH_GB_MT64x64x16_SN_GLVWA4_GLVWB4_GRVW4_K1_SU32_SUS256_TT4_4,NO_CHECK,229.923,36.4844,,0.0078125,0.5,32,0.015625,1,0.5,1,135168,4096,,,,,,,,,,2026-04-18 21:40:29.
0,1/44,4/35,Contraction_l_Alik_Bljk_Cijk_Dijk,"(1,1024,1,4096)",Cijk_Alik_Bljk_I8II_BH_GB_MT64x64x16_SN_GLVWA4_GLVWB4_GRVW8_K1_SU32_SUS256_TT4_4,NO_CHECK,228.402,36.7274,,0.0078125,0.5,32,0.015625,1,0.5,1,135168,4096,,,,,,,,,,2026-04-18 21:40:29.
0,1/44,5/35,Contraction_l_Alik_Bljk_Cijk_Dijk,"(1,1024,1,4096)",Cijk_Alik_Bljk_I8II_BH_GB_MT64x64x16_SN_GLVWA4_GLVWB4_GRVW16_K1_SU32_SUS256_TT4_4,NO_CHECK,228.803,36.663,,0.0078125,0.5,32,0.015625,1,0.5,1,135168,4096,,,,,,,,,,2026-04-18 21:40:29.
0,1/44,6/35,Contraction_l_Alik_Bljk_Cijk_Dijk,"(1,1024,1,4096)",Cijk_Alik_Bljk_I8II_BH_GB_MT128x64x16_SN_GLVWA4_GLVWB4_GRVW4_K1_SU0_SUS0_TT8_4,NO_CHECK,342.444,24.4963,,0.00390625,0.5,32,0.0078125,1,0.5,1,102400,4096,,,,,,,,,,2026-04-18 21:40:29.
0,1/44,7/35,Contraction_l_Alik_Bljk_Cijk_Dijk,"(1,1024,1,4096)",Cijk_Alik_Bljk_I8II_BH_GB_MT128x64x16_SN_GLVWA8_GLVWB4_GRVW8_K1_SU0_SUS0_TT8_4,NO_CHECK,340.924,24.6055,,0.00390625,0.5,32,0.0078125,1,0.5,1,102400,4096,,,,,,,,,,2026-04-18 21:40:29.
0,1/44,8/35,Contraction_l_Alik_Bljk_Cijk_Dijk,"(1,1024,1,4096)",Cijk_Alik_Bljk_I8II_BH_GB_MT128x64x16_SN_GLVWA8_GLVWB4_GRVW16_K1_SU0_SUS0_TT8_4,NO_CHECK,340.204,24.6576,,0.00390625,0.5,32,0.0078125,1,0.5,1,102400,4096,,,,,,,,,,2026-04-18 21:40:29.
0,1/44,9/35,Contraction_l_Alik_Bljk_Cijk_Dijk,"(1,1024,1,4096)",Cijk_Alik_Bljk_I8II_BH_GB_MT128x64x16_SN_GLVWA4_GLVWB4_GRVW4_K1_SU32_SUS256_TT8_4,NO_CHECK,341.244,24.5824,,0.00390625,0.5,32,0.0078125,1,0.5,1,102400,4096,,,,,,,,,,2026-04-18 21:40:29.
0,1/44,10/35,Contraction_l_Alik_Bljk_Cijk_Dijk,"(1,1024,1,4096)",Cijk_Alik_Bljk_I8II_BH_GB_MT128x64x16_SN_GLVWA8_GLVWB4_GRVW8_K1_SU32_SUS256_TT8_4,NO_CHECK,342.244,24.5106,,0.00390625,0.5,32,0.0078125,1,0.5,1,102400,4096,,,,,,,,,,2026-04-18 21:40:29.
0,1/44,11/35,Contraction_l_Alik_Bljk_Cijk_Dijk,"(1,1024,1,4096)",Cijk_Alik_Bljk_I8II_BH_GB_MT128x64x16_SN_GLVWA8_GLVWB4_GRVW16_K1_SU32_SUS256_TT8_4,NO_CHECK,586.567,14.3012,,0.00390625,0.5,32,0.0078125,1,0.5,1,102400,4096,,,,,,,,,,2026-04-18 21:40:29.
0,1/44,12/35,Contraction_l_Alik_Bljk_Cijk_Dijk,"(1,1024,1,4096)",Cijk_Alik_Bljk_I8II_BH_GB_MT64x128x16_SN_GLVWA4_GLVWB4_GRVW4_K1_SU0_SUS0_TT4_8,NO_CHECK,353.884,23.7044,,0.00390625,0.25,32,0.015625,1,0.25,1,102400,4096,,,,,,,,,,2026-04-18 21:40:29.
0,1/44,13/35,Contraction_l_Alik_Bljk_Cijk_Dijk,"(1,1024,1,4096)",Cijk_Alik_Bljk_I8II_BH_GB_MT64x128x16_SN_GLVWA4_GLVWB8_GRVW8_K1_SU0_SUS0_TT4_8,NO_CHECK,344.844,24.3258,,0.00390625,0.25,32,0.015625,1,0.25,1,102400,4096,,,,,,,,,,2026-04-18 21:40:29.
0,1/44,14/35,Contraction_l_Alik_Bljk_Cijk_Dijk,"(1,1024,1,4096)",Cijk_Alik_Bljk_I8II_BH_GB_MT64x128x16_SN_GLVWA4_GLVWB8_GRVW16_K1_SU0_SUS0_TT4_8,NO_CHECK,343.804,24.3994,,0.00390625,0.25,32,0.015625,1,0.25,1,102400,4096,,,,,,,,,,2026-04-18 21:40:29.
0,1/44,15/35,Contraction_l_Alik_Bljk_Cijk_Dijk,"(1,1024,1,4096)",Cijk_Alik_Bljk_I8II_BH_GB_MT64x128x16_SN_GLVWA4_GLVWB4_GRVW4_K1_SU32_SUS256_TT4_8,NO_CHECK,345.924,24.2499,,0.00390625,0.25,32,0.015625,1,0.25,1,102400,4096,,,,,,,,,,2026-04-18 21:40:29.
0,1/44,16/35,Contraction_l_Alik_Bljk_Cijk_Dijk,"(1,1024,1,4096)",Cijk_Alik_Bljk_I8II_BH_GB_MT64x128x16_SN_GLVWA4_GLVWB8_GRVW8_K1_SU32_SUS256_TT4_8,NO_CHECK,345.684,24.2667,,0.00390625,0.25,32,0.015625,1,0.25,1,102400,4096,,,,,,,,,,2026-04-18 21:40:29.
0,1/44,17/35,Contraction_l_Alik_Bljk_Cijk_Dijk,"(1,1024,1,4096)",Cijk_Alik_Bljk_I8II_BH_GB_MT64x128x16_SN_GLVWA4_GLVWB8_GRVW16_K1_SU32_SUS256_TT4_8,NO_CHECK,345.564,24.2751,,0.00390625,0.25,32,0.015625,1,0.25,1,102400,4096,,,,,,,,,,2026-04-18 21:40:29.
0,1/44,18/35,Contraction_l_Alik_Bljk_Cijk_Dijk,"(1,1024,1,4096)",Cijk_Alik_Bljk_I8II_BH_GB_MT64x64x32_SN_GLVWA4_GLVWB4_GRVW4_K1_SU0_SUS0_TT4_4,NO_CHECK,252.563,33.2139,,0.0078125,0.5,32,0.015625,1,0.5,1,135168,4096,,,,,,,,,,2026-04-18 21:40:29.
0,1/44,19/35,Contraction_l_Alik_Bljk_Cijk_Dijk,"(1,1024,1,4096)",Cijk_Alik_Bljk_I8II_BH_GB_MT64x64x32_SN_GLVWA8_GLVWB8_GRVW8_K1_SU0_SUS0_TT4_4,NO_CHECK,239.043,35.0925,,0.0078125,0.5,32,0.015625,1,0.5,1,135168,4096,,,,,,,,,,2026-04-18 21:40:29.
0,1/44,20/35,Contraction_l_Alik_Bljk_Cijk_Dijk,"(1,1024,1,4096)",Cijk_Alik_Bljk_I8II_BH_GB_MT64x64x32_SN_GLVWA8_GLVWB8_GRVW16_K1_SU0_SUS0_TT4_4,NO_CHECK,238.762,35.1338,,0.0078125,0.5,32,0.015625,1,0.5,1,135168,4096,,,,,,,,,,2026-04-18 21:40:29.
0,1/44,21/35,Contraction_l_Alik_Bljk_Cijk_Dijk,"(1,1024,1,4096)",Cijk_Alik_Bljk_I8II_BH_GB_MT64x64x32_SN_GLVWA4_GLVWB4_GRVW4_K1_SU32_SUS256_TT4_4,NO_CHECK,241.883,34.6804,,0.0078125,0.5,32,0.015625,1,0.5,1,135168,4096,,,,,,,,,,2026-04-18 21:40:29.
0,1/44,22/35,Contraction_l_Alik_Bljk_Cijk_Dijk,"(1,1024,1,4096)",Cijk_Alik_Bljk_I8II_BH_GB_MT64x64x32_SN_GLVWA8_GLVWB8_GRVW8_K1_SU32_SUS256_TT4_4,NO_CHECK,239.283,35.0573,,0.0078125,0.5,32,0.015625,1,0.5,1,135168,4096,,,,,,,,,,2026-04-18 21:40:29.
0,1/44,23/35,Contraction_l_Alik_Bljk_Cijk_Dijk,"(1,1024,1,4096)",Cijk_Alik_Bljk_I8II_BH_GB_MT64x64x32_SN_GLVWA8_GLVWB8_GRVW16_K1_SU32_SUS256_TT4_4,NO_CHECK,472.485,17.7542,,0.0078125,0.5,32,0.015625,1,0.5,1,135168,4096,,,,,,,,,,2026-04-18 21:40:29.
0,1/44,24/35,Contraction_l_Alik_Bljk_Cijk_Dijk,"(1,1024,1,4096)",Cijk_Alik_Bljk_I8II_BH_GB_MT128x64x32_SN_GLVWA4_GLVWB4_GRVW4_K1_SU0_SUS0_TT8_4,NO_CHECK,362.084,23.1676,,0.00390625,0.5,32,0.0078125,1,0.5,1,102400,4096,,,,,,,,,,2026-04-18 21:40:29.
0,1/44,25/35,Contraction_l_Alik_Bljk_Cijk_Dijk,"(1,1024,1,4096)",Cijk_Alik_Bljk_I8II_BH_GB_MT128x64x32_SN_GLVWA8_GLVWB8_GRVW8_K1_SU0_SUS0_TT8_4,NO_CHECK,361.365,23.2137,,0.00390625,0.5,32,0.0078125,1,0.5,1,102400,4096,,,,,,,,,,2026-04-18 21:40:29.
0,1/44,26/35,Contraction_l_Alik_Bljk_Cijk_Dijk,"(1,1024,1,4096)",Cijk_Alik_Bljk_I8II_BH_GB_MT128x64x32_SN_GLVWA16_GLVWB8_GRVW16_K1_SU0_SUS0_TT8_4,NO_CHECK,358.524,23.3976,,0.00390625,0.5,32,0.0078125,1,0.5,1,102400,4096,,,,,,,,,,2026-04-18 21:40:29.
0,1/44,27/35,Contraction_l_Alik_Bljk_Cijk_Dijk,"(1,1024,1,4096)",Cijk_Alik_Bljk_I8II_BH_GB_MT128x64x32_SN_GLVWA4_GLVWB4_GRVW4_K1_SU32_SUS256_TT8_4,NO_CHECK,363.244,23.0936,,0.00390625,0.5,32,0.0078125,1,0.5,1,102400,4096,,,,,,,,,,2026-04-18 21:40:29.
0,1/44,28/35,Contraction_l_Alik_Bljk_Cijk_Dijk,"(1,1024,1,4096)",Cijk_Alik_Bljk_I8II_BH_GB_MT128x64x32_SN_GLVWA8_GLVWB8_GRVW8_K1_SU32_SUS256_TT8_4,NO_CHECK,363.485,23.0783,,0.00390625,0.5,32,0.0078125,1,0.5,1,102400,4096,,,,,,,,,,2026-04-18 21:40:29.
0,1/44,29/35,Contraction_l_Alik_Bljk_Cijk_Dijk,"(1,1024,1,4096)",Cijk_Alik_Bljk_I8II_BH_GB_MT128x64x32_SN_GLVWA16_GLVWB8_GRVW16_K1_SU32_SUS256_TT8_4,NO_CHECK,359.604,23.3273,,0.00390625,0.5,32,0.0078125,1,0.5,1,102400,4096,,,,,,,,,,2026-04-18 21:40:29.
0,1/44,30/35,Contraction_l_Alik_Bljk_Cijk_Dijk,"(1,1024,1,4096)",Cijk_Alik_Bljk_I8II_BH_GB_MT64x128x32_SN_GLVWA4_GLVWB4_GRVW4_K1_SU0_SUS0_TT4_8,NO_CHECK,360.804,23.2498,,0.00390625,0.25,32,0.015625,1,0.25,1,102400,4096,,,,,,,,,,2026-04-18 21:40:29.
0,1/44,31/35,Contraction_l_Alik_Bljk_Cijk_Dijk,"(1,1024,1,4096)",Cijk_Alik_Bljk_I8II_BH_GB_MT64x128x32_SN_GLVWA8_GLVWB8_GRVW8_K1_SU0_SUS0_TT4_8,NO_CHECK,357.764,23.4473,,0.00390625,0.25,32,0.015625,1,0.25,1,102400,4096,,,,,,,,,,2026-04-18 21:40:29.
0,1/44,32/35,Contraction_l_Alik_Bljk_Cijk_Dijk,"(1,1024,1,4096)",Cijk_Alik_Bljk_I8II_BH_GB_MT64x128x32_SN_GLVWA8_GLVWB16_GRVW16_K1_SU0_SUS0_TT4_8,NO_CHECK,380.645,22.0379,,0.00390625,0.25,32,0.015625,1,0.25,1,102400,4096,,,,,,,,,,2026-04-18 21:40:29.
0,1/44,33/35,Contraction_l_Alik_Bljk_Cijk_Dijk,"(1,1024,1,4096)",Cijk_Alik_Bljk_I8II_BH_GB_MT64x128x32_SN_GLVWA4_GLVWB4_GRVW4_K1_SU32_SUS256_TT4_8,NO_CHECK,361.564,23.2009,,0.00390625,0.25,32,0.015625,1,0.25,1,102400,4096,,,,,,,,,,2026-04-18 21:40:29.
0,1/44,34/35,Contraction_l_Alik_Bljk_Cijk_Dijk,"(1,1024,1,4096)",Cijk_Alik_Bljk_I8II_BH_GB_MT64x128x32_SN_GLVWA8_GLVWB8_GRVW8_K1_SU32_SUS256_TT4_8,NO_CHECK,361.764,23.1881,,0.00390625,0.25,32,0.015625,1,0.25,1,102400,4096,,,,,,,,,,2026-04-18 21:40:29.
0,1/44,35/35,Contraction_l_Alik_Bljk_Cijk_Dijk,"(1,1024,1,4096)",Cijk_Alik_Bljk_I8II_BH_GB_MT64x128x32_SN_GLVWA8_GLVWB16_GRVW16_K1_SU32_SUS256_TT4_8,NO_CHECK,360.764,23.2523,,0.00390625,0.25,32,0.015625,1,0.25,1,102400,4096,,,,,,,,,,2026-04-18 21:40:29.
0,2/44,0/35,Contraction_l_Alik_Bljk_Cijk_Dijk,"(1,1024,1,8192)",Cijk_Alik_Bljk_I8II_BH_GB_MT64x64x16_SN_GLVWA4_GLVWB4_GRVW4_K1_SU0_SUS0_TT4_4,NO_CHECK,499.446,33.5917,,0.0078125,0.5,32,0.015625,1,0.5,1,266240,4096,,,,,,,,,,2026-04-18 21:40:29.
0,2/44,1/35,Contraction_l_Alik_Bljk_Cijk_Dijk,"(1,1024,1,8192)",Cijk_Alik_Bljk_I8II_BH_GB_MT64x64x16_SN_GLVWA4_GLVWB4_GRVW8_K1_SU0_SUS0_TT4_4,NO_CHECK,443.605,37.8202,,0.0078125,0.5,32,0.015625,1,0.5,1,266240,4096,,,,,,,,,,2026-04-18 21:40:29.
0,2/44,2/35,Contraction_l_Alik_Bljk_Cijk_Dijk,"(1,1024,1,8192)",Cijk_Alik_Bljk_I8II_BH_GB_MT64x64x16_SN_GLVWA4_GLVWB4_GRVW16_K1_SU0_SUS0_TT4_4,NO_CHECK,447.605,37.4822,,0.0078125,0.5,32,0.015625,1,0.5,1,266240,4096,,,,,,,,,,2026-04-18 21:40:29.
0,2/44,3/35,Contraction_l_Alik_Bljk_Cijk_Dijk,"(1,1024,1,8192)",Cijk_Alik_Bljk_I8II_BH_GB_MT64x64x16_SN_GLVWA4_GLVWB4_GRVW4_K1_SU32_SUS256_TT4_4,NO_CHECK,446.525,37.5728,,0.0078125,0.5,32,0.015625,1,0.5,1,266240,4096,,,,,,,,,,2026-04-18 21:40:29.
0,2/44,4/35,Contraction_l_Alik_Bljk_Cijk_Dijk,"(1,1024,1,8192)",Cijk_Alik_Bljk_I8II_BH_GB_MT64x64x16_SN_GLVWA4_GLVWB4_GRVW8_K1_SU32_SUS256_TT4_4,NO_CHECK,441.685,37.9846,,0.0078125,0.5,32,0.015625,1,0.5,1,266240,4096,,,,,,,,,,2026-04-18 21:40:29.
0,2/44,5/35,Contraction_l_Alik_Bljk_Cijk_Dijk,"(1,1024,1,8192)",Cijk_Alik_Bljk_I8II_BH_GB_MT64x64x16_SN_GLVWA4_GLVWB4_GRVW16_K1_SU32_SUS256_TT4_4,NO_CHECK,441.685,37.9846,,0.0078125,0.5,32,0.015625,1,0.5,1,266240,4096,,,,,,,,,,2026-04-18 21:40:29.
0,2/44,6/35,Contraction_l_Alik_Bljk_Cijk_Dijk,"(1,1024,1,8192)",Cijk_Alik_Bljk_I8II_BH_GB_MT128x64x16_SN_GLVWA4_GLVWB4_GRVW4_K1_SU0_SUS0_TT8_4,NO_CHECK,661.727,25.3537,,0.00390625,0.5,32,0.0078125,1,0.5,1,200704,4096,,,,,,,,,,2026-04-18 21:40:29.
0,2/44,7/35,Contraction_l_Alik_Bljk_Cijk_Dijk,"(1,1024,1,8192)",Cijk_Alik_Bljk_I8II_BH_GB_MT128x64x16_SN_GLVWA8_GLVWB4_GRVW8_K1_SU0_SUS0_TT8_4,NO_CHECK,659.528,25.4382,,0.00390625,0.5,32,0.0078125,1,0.5,1,200704,4096,,,,,,,,,,2026-04-18 21:40:29.
0,2/44,8/35,Contraction_l_Alik_Bljk_Cijk_Dijk,"(1,1024,1,8192)",Cijk_Alik_Bljk_I8II_BH_GB_MT128x64x16_SN_GLVWA8_GLVWB4_GRVW16_K1_SU0_SUS0_TT8_4,NO_CHECK,661.448,25.3644,,0.00390625,0.5,32,0.0078125,1,0.5,1,200704,4096,,,,,,,,,,2026-04-18 21:40:29.
0,2/44,9/35,Contraction_l_Alik_Bljk_Cijk_Dijk,"(1,1024,1,8192)",Cijk_Alik_Bljk_I8II_BH_GB_MT128x64x16_SN_GLVWA4_GLVWB4_GRVW4_K1_SU32_SUS256_TT8_4,NO_CHECK,660.368,25.4059,,0.00390625,0.5,32,0.0078125,1,0.5,1,200704,4096,,,,,,,,,,2026-04-18 21:40:29.
0,2/44,10/35,Contraction_l_Alik_Bljk_Cijk_Dijk,"(1,1024,1,8192)",Cijk_Alik_Bljk_I8II_BH_GB_MT128x64x16_SN_GLVWA8_GLVWB4_GRVW8_K1_SU32_SUS256_TT8_4,NO_CHECK,659.247,25.4491,,0.00390625,0.5,32,0.0078125,1,0.5,1,200704,4096,,,,,,,,,,2026-04-18 21:40:29.
0,2/44,11/35,Contraction_l_Alik_Bljk_Cijk_Dijk,"(1,1024,1,8192)",Cijk_Alik_Bljk_I8II_BH_GB_MT128x64x16_SN_GLVWA8_GLVWB4_GRVW16_K1_SU32_SUS256_TT8_4,NO_CHECK,945.53,17.7437,,0.00390625,0.5,32,0.0078125,1,0.5,1,200704,4096,,,,,,,,,,2026-04-18 21:40:29.
0,2/44,12/35,Contraction_l_Alik_Bljk_Cijk_Dijk,"(1,1024,1,8192)",Cijk_Alik_Bljk_I8II_BH_GB_MT64x128x16_SN_GLVWA4_GLVWB4_GRVW4_K1_SU0_SUS0_TT4_8,NO_CHECK,662.087,25.3399,,0.00390625,0.25,32,0.015625,1,0.25,1,200704,4096,,,,,,,,,,2026-04-18 21:40:29.
0,2/44,13/35,Contraction_l_Alik_Bljk_Cijk_Dijk,"(1,1024,1,8192)",Cijk_Alik_Bljk_I8II_BH_GB_MT64x128x16_SN_GLVWA4_GLVWB8_GRVW8_K1_SU0_SUS0_TT4_8,NO_CHECK,656.088,25.5716,,0.00390625,0.25,32,0.015625,1,0.25,1,200704,4096,,,,,,,,,,2026-04-18 21:40:29.
0,2/44,14/35,Contraction_l_Alik_Bljk_Cijk_Dijk,"(1,1024,1,8192)",Cijk_Alik_Bljk_I8II_BH_GB_MT64x128x16_SN_GLVWA4_GLVWB8_GRVW16_K1_SU0_SUS0_TT4_8,NO_CHECK,657.448,25.5187,,0.00390625,0.25,32,0.015625,1,0.25,1,200704,4096,,,,,,,,,,2026-04-18 21:40:29.
0,2/44,15/35,Contraction_l_Alik_Bljk_Cijk_Dijk,"(1,1024,1,8192)",Cijk_Alik_Bljk_I8II_BH_GB_MT64x128x16_SN_GLVWA4_GLVWB4_GRVW4_K1_SU32_SUS256_TT4_8,NO_CHECK,660.968,25.3828,,0.00390625,0.25,32,0.015625,1,0.25,1,200704,4096,,,,,,,,,,2026-04-18 21:40:29.
0,2/44,16/35,Contraction_l_Alik_Bljk_Cijk_Dijk,"(1,1024,1,8192)",Cijk_Alik_Bljk_I8II_BH_GB_MT64x128x16_SN_GLVWA4_GLVWB8_GRVW8_K1_SU32_SUS256_TT4_8,NO_CHECK,661.008,25.3813,,0.00390625,0.25,32,0.015625,1,0.25,1,200704,4096,,,,,,,,,,2026-04-18 21:40:29.
0,2/44,17/35,Contraction_l_Alik_Bljk_Cijk_Dijk,"(1,1024,1,8192)",Cijk_Alik_Bljk_I8II_BH_GB_MT64x128x16_SN_GLVWA4_GLVWB8_GRVW16_K1_SU32_SUS256_TT4_8,NO_CHECK,667.488,25.1349,,0.00390625,0.25,32,0.015625,1,0.25,1,200704,4096,,,,,,,,,,2026-04-18 21:40:29.
0,2/44,18/35,Contraction_l_Alik_Bljk_Cijk_Dijk,"(1,1024,1,8192)",Cijk_Alik_Bljk_I8II_BH_GB_MT64x64x32_SN_GLVWA4_GLVWB4_GRVW4_K1_SU0_SUS0_TT4_4,NO_CHECK,445.685,37.6437,,0.0078125,0.5,32,0.015625,1,0.5,1,266240,4096,,,,,,,,,,2026-04-18 21:40:29.
0,2/44,19/35,Contraction_l_Alik_Bljk_Cijk_Dijk,"(1,1024,1,8192)",Cijk_Alik_Bljk_I8II_BH_GB_MT64x64x32_SN_GLVWA8_GLVWB8_GRVW8_K1_SU0_SUS0_TT4_4,NO_CHECK,442.725,37.8953,,0.0078125,0.5,32,0.015625,1,0.5,1,266240,4096,,,,,,,,,,2026-04-18 21:40:29.
0,2/44,20/35,Contraction_l_Alik_Bljk_Cijk_Dijk,"(1,1024,1,8192)",Cijk_Alik_Bljk_I8II_BH_GB_MT64x64x32_SN_GLVWA8_GLVWB8_GRVW16_K1_SU0_SUS0_TT4_4,NO_CHECK,444.245,37.7657,,0.0078125,0.5,32,0.015625,1,0.5,1,266240,4096,,,,,,,,,,2026-04-18 21:40:29.
0,2/44,21/35,Contraction_l_Alik_Bljk_Cijk_Dijk,"(1,1024,1,8192)",Cijk_Alik_Bljk_I8II_BH_GB_MT64x64x32_SN_GLVWA4_GLVWB4_GRVW4_K1_SU32_SUS256_TT4_4,NO_CHECK,693.567,24.1898,,0.0078125,0.5,32,0.015625,1,0.5,1,266240,4096,,,,,,,,,,2026-04-18 21:40:29.
0,2/44,22/35,Contraction_l_Alik_Bljk_Cijk_Dijk,"(1,1024,1,8192)",Cijk_Alik_Bljk_I8II_BH_GB_MT64x64x32_SN_GLVWA8_GLVWB8_GRVW8_K1_SU32_SUS256_TT4_4,NO_CHECK,447.685,37.4755,,0.0078125,0.5,32,0.015625,1,0.5,1,266240,4096,,,,,,,,,,2026-04-18 21:40:29.
0,2/44,23/35,Contraction_l_Alik_Bljk_Cijk_Dijk,"(1,1024,1,8192)",Cijk_Alik_Bljk_I8II_BH_GB_MT64x64x32_SN_GLVWA8_GLVWB8_GRVW16_K1_SU32_SUS256_TT4_4,NO_CHECK,444.805,37.7181,,0.0078125,0.5,32,0.015625,1,0.5,1,266240,4096,,,,,,,,,,2026-04-18 21:40:29.
0,2/44,24/35,Contraction_l_Alik_Bljk_Cijk_Dijk,"(1,1024,1,8192)",Cijk_Alik_Bljk_I8II_BH_GB_MT128x64x32_SN_GLVWA4_GLVWB4_GRVW4_K1_SU0_SUS0_TT8_4,NO_CHECK,679.287,24.6983,,0.00390625,0.5,32,0.0078125,1,0.5,1,200704,4096,,,,,,,,,,2026-04-18 21:40:29.
0,2/44,25/35,Contraction_l_Alik_Bljk_Cijk_Dijk,"(1,1024,1,8192)",Cijk_Alik_Bljk_I8II_BH_GB_MT128x64x32_SN_GLVWA8_GLVWB8_GRVW8_K1_SU0_SUS0_TT8_4,NO_CHECK,673.127,24.9243,,0.00390625,0.5,32,0.0078125,1,0.5,1,200704,4096,,,,,,,,,,2026-04-18 21:40:29.
0,2/44,26/35,Contraction_l_Alik_Bljk_Cijk_Dijk,"(1,1024,1,8192)",Cijk_Alik_Bljk_I8II_BH_GB_MT128x64x32_SN_GLVWA16_GLVWB8_GRVW16_K1_SU0_SUS0_TT8_4,NO_CHECK,673.648,24.905,,0.00390625,0.5,32,0.0078125,1,0.5,1,200704,4096,,,,,,,,,,2026-04-18 21:40:29.
0,2/44,27/35,Contraction_l_Alik_Bljk_Cijk_Dijk,"(1,1024,1,8192)",Cijk_Alik_Bljk_I8II_BH_GB_MT128x64x32_SN_GLVWA4_GLVWB4_GRVW4_K1_SU32_SUS256_TT8_4,NO_CHECK,683.848,24.5335,,0.00390625,0.5,32,0.0078125,1,0.5,1,200704,4096,,,,,,,,,,2026-04-18 21:40:29.
0,2/44,28/35,Contraction_l_Alik_Bljk_Cijk_Dijk,"(1,1024,1,8192)",Cijk_Alik_Bljk_I8II_BH_GB_MT128x64x32_SN_GLVWA8_GLVWB8_GRVW8_K1_SU32_SUS256_TT8_4,NO_CHECK,676.407,24.8034,,0.00390625,0.5,32,0.0078125,1,0.5,1,200704,4096,,,,,,,,,,2026-04-18 21:40:29.
0,2/44,29/35,Contraction_l_Alik_Bljk_Cijk_Dijk,"(1,1024,1,8192)",Cijk_Alik_Bljk_I8II_BH_GB_MT128x64x32_SN_GLVWA16_GLVWB8_GRVW16_K1_SU32_SUS256_TT8_4,NO_CHECK,693.648,24.1869,,0.00390625,0.5,32,0.0078125,1,0.5,1,200704,4096,,,,,,,,,,2026-04-18 21:40:29.
0,2/44,30/35,Contraction_l_Alik_Bljk_Cijk_Dijk,"(1,1024,1,8192)",Cijk_Alik_Bljk_I8II_BH_GB_MT64x128x32_SN_GLVWA4_GLVWB4_GRVW4_K1_SU0_SUS0_TT4_8,NO_CHECK,674.367,24.8785,,0.00390625,0.25,32,0.015625,1,0.25,1,200704,4096,,,,,,,,,,2026-04-18 21:40:29.
0,2/44,31/35,Contraction_l_Alik_Bljk_Cijk_Dijk,"(1,1024,1,8192)",Cijk_Alik_Bljk_I8II_BH_GB_MT64x128x32_SN_GLVWA8_GLVWB8_GRVW8_K1_SU0_SUS0_TT4_8,NO_CHECK,922.85,18.1798,,0.00390625,0.25,32,0.015625,1,0.25,1,200704,4096,,,,,,,,,,2026-04-18 21:40:29.
0,2/44,32/35,Contraction_l_Alik_Bljk_Cijk_Dijk,"(1,1024,1,8192)",Cijk_Alik_Bljk_I8II_BH_GB_MT64x128x32_SN_GLVWA8_GLVWB16_GRVW16_K1_SU0_SUS0_TT4_8,NO_CHECK,671.128,24.9985,,0.00390625,0.25,32,0.015625,1,0.25,1,200704,4096,,,,,,,,,,2026-04-18 21:40:29.
0,2/44,33/35,Contraction_l_Alik_Bljk_Cijk_Dijk,"(1,1024,1,8192)",Cijk_Alik_Bljk_I8II_BH_GB_MT64x128x32_SN_GLVWA4_GLVWB4_GRVW4_K1_SU32_SUS256_TT4_8,NO_CHECK,673.528,24.9095,,0.00390625,0.25,32,0.015625,1,0.25,1,200704,4096,,,,,,,,,,2026-04-18 21:40:29.
0,2/44,34/35,Contraction_l_Alik_Bljk_Cijk_Dijk,"(1,1024,1,8192)",Cijk_Alik_Bljk_I8II_BH_GB_MT64x128x32_SN_GLVWA8_GLVWB8_GRVW8_K1_SU32_SUS256_TT4_8,NO_CHECK,670.167,25.0344,,0.00390625,0.25,32,0.015625,1,0.25,1,200704,4096,,,,,,,,,,2026-04-18 21:40:29.
0,2/44,35/35,Contraction_l_Alik_Bljk_Cijk_Dijk,"(1,1024,1,8192)",Cijk_Alik_Bljk_I8II_BH_GB_MT64x128x32_SN_GLVWA8_GLVWB16_GRVW16_K1_SU32_SUS256_TT4_8,NO_CHECK,669.007,25.0778,,0.00390625,0.25,32,0.015625,1,0.25,1,200704,4096,,,,,,,,,,2026-04-18 21:40:29.
0,3/44,0/35,Contraction_l_Alik_Bljk_Cijk_Dijk,"(1,4096,1,1024)",Cijk_Alik_Bljk_I8II_BH_GB_MT64x64x16_SN_GLVWA4_GLVWB4_GRVW4_K1_SU0_SUS0_TT4_4,NO_CHECK,115.042,72.9178,,0.015625,2,32,0.015625,1,1,1,147456,16384,,,,,,,,,,2026-04-18 21:40:29.
0,3/44,1/35,Contraction_l_Alik_Bljk_Cijk_Dijk,"(1,4096,1,1024)",Cijk_Alik_Bljk_I8II_BH_GB_MT64x64x16_SN_GLVWA4_GLVWB4_GRVW8_K1_SU0_SUS0_TT4_4,NO_CHECK,114.762,73.0957,,0.015625,2,32,0.015625,1,1,1,147456,16384,,,,,,,,,,2026-04-18 21:40:29.
0,3/44,2/35,Contraction_l_Alik_Bljk_Cijk_Dijk,"(1,4096,1,1024)",Cijk_Alik_Bljk_I8II_BH_GB_MT64x64x16_SN_GLVWA4_GLVWB4_GRVW16_K1_SU0_SUS0_TT4_4,NO_CHECK,113.962,73.6088,,0.015625,2,32,0.015625,1,1,1,147456,16384,,,,,,,,,,2026-04-18 21:40:29.
0,3/44,3/35,Contraction_l_Alik_Bljk_Cijk_Dijk,"(1,4096,1,1024)",Cijk_Alik_Bljk_I8II_BH_GB_MT64x64x16_SN_GLVWA4_GLVWB4_GRVW4_K1_SU32_SUS256_TT4_4,NO_CHECK,114.522,73.2489,,0.015625,2,32,0.015625,1,1,1,147456,16384,,,,,,,,,,2026-04-18 21:40:29.
0,3/44,4/35,Contraction_l_Alik_Bljk_Cijk_Dijk,"(1,4096,1,1024)",Cijk_Alik_Bljk_I8II_BH_GB_MT64x64x16_SN_GLVWA4_GLVWB4_GRVW8_K1_SU32_SUS256_TT4_4,NO_CHECK,117.682,71.282,,0.015625,2,32,0.015625,1,1,1,147456,16384,,,,,,,,,,2026-04-18 21:40:29.
0,3/44,5/35,Contraction_l_Alik_Bljk_Cijk_Dijk,"(1,4096,1,1024)",Cijk_Alik_Bljk_I8II_BH_GB_MT64x64x16_SN_GLVWA4_GLVWB4_GRVW16_K1_SU32_SUS256_TT4_4,NO_CHECK,115.962,72.3393,,0.015625,2,32,0.015625,1,1,1,147456,16384,,,,,,,,,,2026-04-18 21:40:29.
0,3/44,6/35,Contraction_l_Alik_Bljk_Cijk_Dijk,"(1,4096,1,1024)",Cijk_Alik_Bljk_I8II_BH_GB_MT128x64x16_SN_GLVWA4_GLVWB4_GRVW4_K1_SU0_SUS0_TT8_4,NO_CHECK,171.001,49.0559,,0.0078125,2,32,0.0078125,1,1,1,114688,16384,,,,,,,,,,2026-04-18 21:40:29.
0,3/44,7/35,Contraction_l_Alik_Bljk_Cijk_Dijk,"(1,4096,1,1024)",Cijk_Alik_Bljk_I8II_BH_GB_MT128x64x16_SN_GLVWA8_GLVWB4_GRVW8_K1_SU0_SUS0_TT8_4,NO_CHECK,171.322,48.964,,0.0078125,2,32,0.0078125,1,1,1,114688,16384,,,,,,,,,,2026-04-18 21:40:29.
0,3/44,8/35,Contraction_l_Alik_Bljk_Cijk_Dijk,"(1,4096,1,1024)",Cijk_Alik_Bljk_I8II_BH_GB_MT128x64x16_SN_GLVWA8_GLVWB4_GRVW16_K1_SU0_SUS0_TT8_4,NO_CHECK,170.761,49.1248,,0.0078125,2,32,0.0078125,1,1,1,114688,16384,,,,,,,,,,2026-04-18 21:40:29.
0,3/44,9/35,Contraction_l_Alik_Bljk_Cijk_Dijk,"(1,4096,1,1024)",Cijk_Alik_Bljk_I8II_BH_GB_MT128x64x16_SN_GLVWA4_GLVWB4_GRVW4_K1_SU32_SUS256_TT8_4,NO_CHECK,171.202,48.9983,,0.0078125,2,32,0.0078125,1,1,1,114688,16384,,,,,,,,,,2026-04-18 21:40:29.
0,3/44,10/35,Contraction_l_Alik_Bljk_Cijk_Dijk,"(1,4096,1,1024)",Cijk_Alik_Bljk_I8II_BH_GB_MT128x64x16_SN_GLVWA8_GLVWB4_GRVW8_K1_SU32_SUS256_TT8_4,NO_CHECK,170.681,49.1479,,0.0078125,2,32,0.0078125,1,1,1,114688,16384,,,,,,,,,,2026-04-18 21:40:29.
0,3/44,11/35,Contraction_l_Alik_Bljk_Cijk_Dijk,"(1,4096,1,1024)",Cijk_Alik_Bljk_I8II_BH_GB_MT128x64x16_SN_GLVWA8_GLVWB4_GRVW16_K1_SU32_SUS256_TT8_4,NO_CHECK,169.922,49.3674,,0.0078125,2,32,0.0078125,1,1,1,114688,16384,,,,,,,,,,2026-04-18 21:40:29.
0,3/44,12/35,Contraction_l_Alik_Bljk_Cijk_Dijk,"(1,4096,1,1024)",Cijk_Alik_Bljk_I8II_BH_GB_MT64x128x16_SN_GLVWA4_GLVWB4_GRVW4_K1_SU0_SUS0_TT4_8,NO_CHECK,110.202,76.1203,,0.015625,1,32,0.015625,1,1,1,114688,16384,,,,,,,,,,2026-04-18 21:40:29.
0,3/44,13/35,Contraction_l_Alik_Bljk_Cijk_Dijk,"(1,4096,1,1024)",Cijk_Alik_Bljk_I8II_BH_GB_MT64x128x16_SN_GLVWA4_GLVWB8_GRVW8_K1_SU0_SUS0_TT4_8,NO_CHECK,111.162,75.4629,,0.015625,1,32,0.015625,1,1,1,114688,16384,,,,,,,,,,2026-04-18 21:40:29.
0,3/44,14/35,Contraction_l_Alik_Bljk_Cijk_Dijk,"(1,4096,1,1024)",Cijk_Alik_Bljk_I8II_BH_GB_MT64x128x16_SN_GLVWA4_GLVWB8_GRVW16_K1_SU0_SUS0_TT4_8,NO_CHECK,112.161,74.7908,,0.015625,1,32,0.015625,1,1,1,114688,16384,,,,,,,,,,2026-04-18 21:40:29.
0,3/44,15/35,Contraction_l_Alik_Bljk_Cijk_Dijk,"(1,4096,1,1024)",Cijk_Alik_Bljk_I8II_BH_GB_MT64x128x16_SN_GLVWA4_GLVWB4_GRVW4_K1_SU32_SUS256_TT4_8,NO_CHECK,112.721,74.4192,,0.015625,1,32,0.015625,1,1,1,114688,16384,,,,,,,,,,2026-04-18 21:40:29.
0,3/44,16/35,Contraction_l_Alik_Bljk_Cijk_Dijk,"(1,4096,1,1024)",Cijk_Alik_Bljk_I8II_BH_GB_MT64x128x16_SN_GLVWA4_GLVWB8_GRVW8_K1_SU32_SUS256_TT4_8,NO_CHECK,111.761,75.0585,,0.015625,1,32,0.015625,1,1,1,114688,16384,,,,,,,,,,2026-04-18 21:40:29.
0,3/44,17/35,Contraction_l_Alik_Bljk_Cijk_Dijk,"(1,4096,1,1024)",Cijk_Alik_Bljk_I8II_BH_GB_MT64x128x16_SN_GLVWA4_GLVWB8_GRVW16_K1_SU32_SUS256_TT4_8,NO_CHECK,111.601,75.1661,,0.015625,1,32,0.015625,1,1,1,114688,16384,,,,,,,,,,2026-04-18 21:40:29.
0,3/44,18/35,Contraction_l_Alik_Bljk_Cijk_Dijk,"(1,4096,1,1024)",Cijk_Alik_Bljk_I8II_BH_GB_MT64x64x32_SN_GLVWA4_GLVWB4_GRVW4_K1_SU0_SUS0_TT4_4,NO_CHECK,116.761,71.8443,,0.015625,2,32,0.015625,1,1,1,147456,16384,,,,,,,,,,2026-04-18 21:40:29.
0,3/44,19/35,Contraction_l_Alik_Bljk_Cijk_Dijk,"(1,4096,1,1024)",Cijk_Alik_Bljk_I8II_BH_GB_MT64x64x32_SN_GLVWA8_GLVWB8_GRVW8_K1_SU0_SUS0_TT4_4,NO_CHECK,116.441,72.0417,,0.015625,2,32,0.015625,1,1,1,147456,16384,,,,,,,,,,2026-04-18 21:40:29.
0,3/44,20/35,Contraction_l_Alik_Bljk_Cijk_Dijk,"(1,4096,1,1024)",Cijk_Alik_Bljk_I8II_BH_GB_MT64x64x32_SN_GLVWA8_GLVWB8_GRVW16_K1_SU0_SUS0_TT4_4,NO_CHECK,125.681,66.7452,,0.015625,2,32,0.015625,1,1,1,147456,16384,,,,,,,,,,2026-04-18 21:40:29.
0,3/44,21/35,Contraction_l_Alik_Bljk_Cijk_Dijk,"(1,4096,1,1024)",Cijk_Alik_Bljk_I8II_BH_GB_MT64x64x32_SN_GLVWA4_GLVWB4_GRVW4_K1_SU32_SUS256_TT4_4,NO_CHECK,118.161,70.993,,0.015625,2,32,0.015625,1,1,1,147456,16384,,,,,,,,,,2026-04-18 21:40:29.
0,3/44,22/35,Contraction_l_Alik_Bljk_Cijk_Dijk,"(1,4096,1,1024)",Cijk_Alik_Bljk_I8II_BH_GB_MT64x64x32_SN_GLVWA8_GLVWB8_GRVW8_K1_SU32_SUS256_TT4_4,NO_CHECK,117.041,71.6724,,0.015625,2,32,0.015625,1,1,1,147456,16384,,,,,,,,,,2026-04-18 21:40:29.
0,3/44,23/35,Contraction_l_Alik_Bljk_Cijk_Dijk,"(1,4096,1,1024)",Cijk_Alik_Bljk_I8II_BH_GB_MT64x64x32_SN_GLVWA8_GLVWB8_GRVW16_K1_SU32_SUS256_TT4_4,NO_CHECK,117.441,71.4283,,0.015625,2,32,0.015625,1,1,1,147456,16384,,,,,,,,,,2026-04-18 21:40:29.
0,3/44,24/35,Contraction_l_Alik_Bljk_Cijk_Dijk,"(1,4096,1,1024)",Cijk_Alik_Bljk_I8II_BH_GB_MT128x64x32_SN_GLVWA4_GLVWB4_GRVW4_K1_SU0_SUS0_TT8_4,NO_CHECK,183.482,45.719,,0.0078125,2,32,0.0078125,1,1,1,114688,16384,,,,,,,,,,2026-04-18 21:40:29.
0,3/44,25/35,Contraction_l_Alik_Bljk_Cijk_Dijk,"(1,4096,1,1024)",Cijk_Alik_Bljk_I8II_BH_GB_MT128x64x32_SN_GLVWA8_GLVWB8_GRVW8_K1_SU0_SUS0_TT8_4,NO_CHECK,181.603,46.192,,0.0078125,2,32,0.0078125,1,1,1,114688,16384,,,,,,,,,,2026-04-18 21:40:29.
0,3/44,26/35,Contraction_l_Alik_Bljk_Cijk_Dijk,"(1,4096,1,1024)",Cijk_Alik_Bljk_I8II_BH_GB_MT128x64x32_SN_GLVWA16_GLVWB8_GRVW16_K1_SU0_SUS0_TT8_4,NO_CHECK,183.242,45.7789,,0.0078125,2,32,0.0078125,1,1,1,114688,16384,,,,,,,,,,2026-04-18 21:40:29.
0,3/44,27/35,Contraction_l_Alik_Bljk_Cijk_Dijk,"(1,4096,1,1024)",Cijk_Alik_Bljk_I8II_BH_GB_MT128x64x32_SN_GLVWA4_GLVWB4_GRVW4_K1_SU32_SUS256_TT8_4,NO_CHECK,183.882,45.6195,,0.0078125,2,32,0.0078125,1,1,1,114688,16384,,,,,,,,,,2026-04-18 21:40:29.
0,3/44,28/35,Contraction_l_Alik_Bljk_Cijk_Dijk,"(1,4096,1,1024)",Cijk_Alik_Bljk_I8II_BH_GB_MT128x64x32_SN_GLVWA8_GLVWB8_GRVW8_K1_SU32_SUS256_TT8_4,NO_CHECK,183.322,45.7589,,0.0078125,2,32,0.0078125,1,1,1,114688,16384,,,,,,,,,,2026-04-18 21:40:29.
0,3/44,29/35,Contraction_l_Alik_Bljk_Cijk_Dijk,"(1,4096,1,1024)",Cijk_Alik_Bljk_I8II_BH_GB_MT128x64x32_SN_GLVWA16_GLVWB8_GRVW16_K1_SU32_SUS256_TT8_4,NO_CHECK,183.202,45.7888,,0.0078125,2,32,0.0078125,1,1,1,114688,16384,,,,,,,,,,2026-04-18 21:40:29.
0,3/44,30/35,Contraction_l_Alik_Bljk_Cijk_Dijk,"(1,4096,1,1024)",Cijk_Alik_Bljk_I8II_BH_GB_MT64x128x32_SN_GLVWA4_GLVWB4_GRVW4_K1_SU0_SUS0_TT4_8,NO_CHECK,128.441,65.311,,0.015625,1,32,0.015625,1,1,1,114688,16384,,,,,,,,,,2026-04-18 21:40:29.
0,3/44,31/35,Contraction_l_Alik_Bljk_Cijk_Dijk,"(1,4096,1,1024)",Cijk_Alik_Bljk_I8II_BH_GB_MT64x128x32_SN_GLVWA8_GLVWB8_GRVW8_K1_SU0_SUS0_TT4_8,NO_CHECK,126.761,66.1766,,0.015625,1,32,0.015625,1,1,1,114688,16384,,,,,,,,,,2026-04-18 21:40:29.
0,3/44,32/35,Contraction_l_Alik_Bljk_Cijk_Dijk,"(1,4096,1,1024)",Cijk_Alik_Bljk_I8II_BH_GB_MT64x128x32_SN_GLVWA8_GLVWB16_GRVW16_K1_SU0_SUS0_TT4_8,NO_CHECK,125.922,66.6175,,0.015625,1,32,0.015625,1,1,1,114688,16384,,,,,,,,,,2026-04-18 21:40:29.
0,3/44,33/35,Contraction_l_Alik_Bljk_Cijk_Dijk,"(1,4096,1,1024)",Cijk_Alik_Bljk_I8II_BH_GB_MT64x128x32_SN_GLVWA4_GLVWB4_GRVW4_K1_SU32_SUS256_TT4_8,NO_CHECK,127.882,65.5965,,0.015625,1,32,0.015625,1,1,1,114688,16384,,,,,,,,,,2026-04-18 21:40:29.
0,3/44,34/35,Contraction_l_Alik_Bljk_Cijk_Dijk,"(1,4096,1,1024)",Cijk_Alik_Bljk_I8II_BH_GB_MT64x128x32_SN_GLVWA8_GLVWB8_GRVW8_K1_SU32_SUS256_TT4_8,NO_CHECK,126.322,66.4065,,0.015625,1,32,0.015625,1,1,1,114688,16384,,,,,,,,,,2026-04-18 21:40:29.
0,3/44,35/35,Contraction_l_Alik_Bljk_Cijk_Dijk,"(1,4096,1,1024)",Cijk_Alik_Bljk_I8II_BH_GB_MT64x128x32_SN_GLVWA8_GLVWB16_GRVW16_K1_SU32_SUS256_TT4_8,NO_CHECK,125.841,66.6604,,0.015625,1,32,0.015625,1,1,1,114688,16384,,,,,,,,,,2026-04-18 21:40:29.
0,4/44,0/35,Contraction_l_Alik_Bljk_Cijk_Dijk,"(1,4096,1,4096)",Cijk_Alik_Bljk_I8II_BH_GB_MT64x64x16_SN_GLVWA4_GLVWB4_GRVW4_K1_SU0_SUS0_TT4_4,NO_CHECK,808.769,41.4883,,0.015625,2,32,0.015625,1,1,1,540672,16384,,,,,,,,,,2026-04-18 21:40:29.
0,4/44,1/35,Contraction_l_Alik_Bljk_Cijk_Dijk,"(1,4096,1,4096)",Cijk_Alik_Bljk_I8II_BH_GB_MT64x64x16_SN_GLVWA4_GLVWB4_GRVW8_K1_SU0_SUS0_TT4_4,NO_CHECK,402.724,83.3187,,0.015625,2,32,0.015625,1,1,1,540672,16384,,,,,,,,,,2026-04-18 21:40:29.
0,4/44,2/35,Contraction_l_Alik_Bljk_Cijk_Dijk,"(1,4096,1,4096)",Cijk_Alik_Bljk_I8II_BH_GB_MT64x64x16_SN_GLVWA4_GLVWB4_GRVW16_K1_SU0_SUS0_TT4_4,NO_CHECK,399.324,84.0281,,0.015625,2,32,0.015625,1,1,1,540672,16384,,,,,,,,,,2026-04-18 21:40:29.
0,4/44,3/35,Contraction_l_Alik_Bljk_Cijk_Dijk,"(1,4096,1,4096)",Cijk_Alik_Bljk_I8II_BH_GB_MT64x64x16_SN_GLVWA4_GLVWB4_GRVW4_K1_SU32_SUS256_TT4_4,NO_CHECK,400.724,83.7345,,0.015625,2,32,0.015625,1,1,1,540672,16384,,,,,,,,,,2026-04-18 21:40:29.
0,4/44,4/35,Contraction_l_Alik_Bljk_Cijk_Dijk,"(1,4096,1,4096)",Cijk_Alik_Bljk_I8II_BH_GB_MT64x64x16_SN_GLVWA4_GLVWB4_GRVW8_K1_SU32_SUS256_TT4_4,NO_CHECK,400.365,83.8096,,0.015625,2,32,0.015625,1,1,1,540672,16384,,,,,,,,,,2026-04-18 21:40:29.
0,4/44,5/35,Contraction_l_Alik_Bljk_Cijk_Dijk,"(1,4096,1,4096)",Cijk_Alik_Bljk_I8II_BH_GB_MT64x64x16_SN_GLVWA4_GLVWB4_GRVW16_K1_SU32_SUS256_TT4_4,NO_CHECK,398.605,84.1797,,0.015625,2,32,0.015625,1,1,1,540672,16384,,,,,,,,,,2026-04-18 21:40:29.
0,4/44,6/35,Contraction_l_Alik_Bljk_Cijk_Dijk,"(1,4096,1,4096)",Cijk_Alik_Bljk_I8II_BH_GB_MT128x64x16_SN_GLVWA4_GLVWB4_GRVW4_K1_SU0_SUS0_TT8_4,NO_CHECK,609.567,55.0463,,0.0078125,2,32,0.0078125,1,1,1,409600,16384,,,,,,,,,,2026-04-18 21:40:29.
0,4/44,7/35,Contraction_l_Alik_Bljk_Cijk_Dijk,"(1,4096,1,4096)",Cijk_Alik_Bljk_I8II_BH_GB_MT128x64x16_SN_GLVWA8_GLVWB4_GRVW8_K1_SU0_SUS0_TT8_4,NO_CHECK,609.087,55.0897,,0.0078125,2,32,0.0078125,1,1,1,409600,16384,,,,,,,,,,2026-04-18 21:40:29.
0,4/44,8/35,Contraction_l_Alik_Bljk_Cijk_Dijk,"(1,4096,1,4096)",Cijk_Alik_Bljk_I8II_BH_GB_MT128x64x16_SN_GLVWA8_GLVWB4_GRVW16_K1_SU0_SUS0_TT8_4,NO_CHECK,613.367,54.7053,,0.0078125,2,32,0.0078125,1,1,1,409600,16384,,,,,,,,,,2026-04-18 21:40:29.
0,4/44,9/35,Contraction_l_Alik_Bljk_Cijk_Dijk,"(1,4096,1,4096)",Cijk_Alik_Bljk_I8II_BH_GB_MT128x64x16_SN_GLVWA4_GLVWB4_GRVW4_K1_SU32_SUS256_TT8_4,NO_CHECK,613.727,54.6732,,0.0078125,2,32,0.0078125,1,1,1,409600,16384,,,,,,,,,,2026-04-18 21:40:29.
0,4/44,10/35,Contraction_l_Alik_Bljk_Cijk_Dijk,"(1,4096,1,4096)",Cijk_Alik_Bljk_I8II_BH_GB_MT128x64x16_SN_GLVWA8_GLVWB4_GRVW8_K1_SU32_SUS256_TT8_4,NO_CHECK,611.567,54.8663,,0.0078125,2,32,0.0078125,1,1,1,409600,16384,,,,,,,,,,2026-04-18 21:40:29.
0,4/44,11/35,Contraction_l_Alik_Bljk_Cijk_Dijk,"(1,4096,1,4096)",Cijk_Alik_Bljk_I8II_BH_GB_MT128x64x16_SN_GLVWA8_GLVWB4_GRVW16_K1_SU32_SUS256_TT8_4,NO_CHECK,832.13,40.3235,,0.0078125,2,32,0.0078125,1,1,1,409600,16384,,,,,,,,,,2026-04-18 21:40:29.
0,4/44,12/35,Contraction_l_Alik_Bljk_Cijk_Dijk,"(1,4096,1,4096)",Cijk_Alik_Bljk_I8II_BH_GB_MT64x128x16_SN_GLVWA4_GLVWB4_GRVW4_K1_SU0_SUS0_TT4_8,NO_CHECK,352.364,95.2266,,0.015625,1,32,0.015625,1,1,1,409600,16384,,,,,,,,,,2026-04-18 21:40:29.
0,4/44,13/35,Contraction_l_Alik_Bljk_Cijk_Dijk,"(1,4096,1,4096)",Cijk_Alik_Bljk_I8II_BH_GB_MT64x128x16_SN_GLVWA4_GLVWB8_GRVW8_K1_SU0_SUS0_TT4_8,NO_CHECK,347.444,96.5751,,0.015625,1,32,0.015625,1,1,1,409600,16384,,,,,,,,,,2026-04-18 21:40:29.
0,4/44,14/35,Contraction_l_Alik_Bljk_Cijk_Dijk,"(1,4096,1,4096)",Cijk_Alik_Bljk_I8II_BH_GB_MT64x128x16_SN_GLVWA4_GLVWB8_GRVW16_K1_SU0_SUS0_TT4_8,NO_CHECK,347.164,96.653,,0.015625,1,32,0.015625,1,1,1,409600,16384,,,,,,,,,,2026-04-18 21:40:29.
0,4/44,15/35,Contraction_l_Alik_Bljk_Cijk_Dijk,"(1,4096,1,4096)",Cijk_Alik_Bljk_I8II_BH_GB_MT64x128x16_SN_GLVWA4_GLVWB4_GRVW4_K1_SU32_SUS256_TT4_8,NO_CHECK,349.324,96.0553,,0.015625,1,32,0.015625,1,1,1,409600,16384,,,,,,,,,,2026-04-18 21:40:29.
0,4/44,16/35,Contraction_l_Alik_Bljk_Cijk_Dijk,"(1,4096,1,4096)",Cijk_Alik_Bljk_I8II_BH_GB_MT64x128x16_SN_GLVWA4_GLVWB8_GRVW8_K1_SU32_SUS256_TT4_8,NO_CHECK,352.524,95.1834,,0.015625,1,32,0.015625,1,1,1,409600,16384,,,,,,,,,,2026-04-18 21:40:29.
0,4/44,17/35,Contraction_l_Alik_Bljk_Cijk_Dijk,"(1,4096,1,4096)",Cijk_Alik_Bljk_I8II_BH_GB_MT64x128x16_SN_GLVWA4_GLVWB8_GRVW16_K1_SU32_SUS256_TT4_8,NO_CHECK,350.164,95.8249,,0.015625,1,32,0.015625,1,1,1,409600,16384,,,,,,,,,,2026-04-18 21:40:29.
0,4/44,18/35,Contraction_l_Alik_Bljk_Cijk_Dijk,"(1,4096,1,4096)",Cijk_Alik_Bljk_I8II_BH_GB_MT64x64x32_SN_GLVWA4_GLVWB4_GRVW4_K1_SU0_SUS0_TT4_4,NO_CHECK,401.765,83.5176,,0.015625,2,32,0.015625,1,1,1,540672,16384,,,,,,,,,,2026-04-18 21:40:29.
0,4/44,19/35,Contraction_l_Alik_Bljk_Cijk_Dijk,"(1,4096,1,4096)",Cijk_Alik_Bljk_I8II_BH_GB_MT64x64x32_SN_GLVWA8_GLVWB8_GRVW8_K1_SU0_SUS0_TT4_4,NO_CHECK,404.565,82.9395,,0.015625,2,32,0.015625,1,1,1,540672,16384,,,,,,,,,,2026-04-18 21:40:29.
0,4/44,20/35,Contraction_l_Alik_Bljk_Cijk_Dijk,"(1,4096,1,4096)",Cijk_Alik_Bljk_I8II_BH_GB_MT64x64x32_SN_GLVWA8_GLVWB8_GRVW16_K1_SU0_SUS0_TT4_4,NO_CHECK,408.284,82.184,,0.015625,2,32,0.015625,1,1,1,540672,16384,,,,,,,,,,2026-04-18 21:40:29.
0,4/44,21/35,Contraction_l_Alik_Bljk_Cijk_Dijk,"(1,4096,1,4096)",Cijk_Alik_Bljk_I8II_BH_GB_MT64x64x32_SN_GLVWA4_GLVWB4_GRVW4_K1_SU32_SUS256_TT4_4,NO_CHECK,412.525,81.3391,,0.015625,2,32,0.015625,1,1,1,540672,16384,,,,,,,,,,2026-04-18 21:40:29.
0,4/44,22/35,Contraction_l_Alik_Bljk_Cijk_Dijk,"(1,4096,1,4096)",Cijk_Alik_Bljk_I8II_BH_GB_MT64x64x32_SN_GLVWA8_GLVWB8_GRVW8_K1_SU32_SUS256_TT4_4,NO_CHECK,404.325,82.9888,,0.015625,2,32,0.015625,1,1,1,540672,16384,,,,,,,,,,2026-04-18 21:40:29.
0,4/44,23/35,Contraction_l_Alik_Bljk_Cijk_Dijk,"(1,4096,1,4096)",Cijk_Alik_Bljk_I8II_BH_GB_MT64x64x32_SN_GLVWA8_GLVWB8_GRVW16_K1_SU32_SUS256_TT4_4,NO_CHECK,404.205,83.0134,,0.015625,2,32,0.015625,1,1,1,540672,16384,,,,,,,,,,2026-04-18 21:40:29.
0,4/44,24/35,Contraction_l_Alik_Bljk_Cijk_Dijk,"(1,4096,1,4096)",Cijk_Alik_Bljk_I8II_BH_GB_MT128x64x32_SN_GLVWA4_GLVWB4_GRVW4_K1_SU0_SUS0_TT8_4,NO_CHECK,879.97,38.1313,,0.0078125,2,32,0.0078125,1,1,1,409600,16384,,,,,,,,,,2026-04-18 21:40:29.
0,4/44,25/35,Contraction_l_Alik_Bljk_Cijk_Dijk,"(1,4096,1,4096)",Cijk_Alik_Bljk_I8II_BH_GB_MT128x64x32_SN_GLVWA8_GLVWB8_GRVW8_K1_SU0_SUS0_TT8_4,NO_CHECK,624.007,53.7725,,0.0078125,2,32,0.0078125,1,1,1,409600,16384,,,,,,,,,,2026-04-18 21:40:29.
0,4/44,26/35,Contraction_l_Alik_Bljk_Cijk_Dijk,"(1,4096,1,4096)",Cijk_Alik_Bljk_I8II_BH_GB_MT128x64x32_SN_GLVWA16_GLVWB8_GRVW16_K1_SU0_SUS0_TT8_4,NO_CHECK,625.127,53.6762,,0.0078125,2,32,0.0078125,1,1,1,409600,16384,,,,,,,,,,2026-04-18 21:40:29.
0,4/44,27/35,Contraction_l_Alik_Bljk_Cijk_Dijk,"(1,4096,1,4096)",Cijk_Alik_Bljk_I8II_BH_GB_MT128x64x32_SN_GLVWA4_GLVWB4_GRVW4_K1_SU32_SUS256_TT8_4,NO_CHECK,627.887,53.4402,,0.0078125,2,32,0.0078125,1,1,1,409600,16384,,,,,,,,,,2026-04-18 21:40:29.
0,4/44,28/35,Contraction_l_Alik_Bljk_Cijk_Dijk,"(1,4096,1,4096)",Cijk_Alik_Bljk_I8II_BH_GB_MT128x64x32_SN_GLVWA8_GLVWB8_GRVW8_K1_SU32_SUS256_TT8_4,NO_CHECK,625.127,53.6762,,0.0078125,2,32,0.0078125,1,1,1,409600,16384,,,,,,,,,,2026-04-18 21:40:29.
0,4/44,29/35,Contraction_l_Alik_Bljk_Cijk_Dijk,"(1,4096,1,4096)",Cijk_Alik_Bljk_I8II_BH_GB_MT128x64x32_SN_GLVWA16_GLVWB8_GRVW16_K1_SU32_SUS256_TT8_4,NO_CHECK,624.527,53.7278,,0.0078125,2,32,0.0078125,1,1,1,409600,16384,,,,,,,,,,2026-04-18 21:40:29.
0,4/44,30/35,Contraction_l_Alik_Bljk_Cijk_Dijk,"(1,4096,1,4096)",Cijk_Alik_Bljk_I8II_BH_GB_MT64x128x32_SN_GLVWA4_GLVWB4_GRVW4_K1_SU0_SUS0_TT4_8,NO_CHECK,362.644,92.5272,,0.015625,1,32,0.015625,1,1,1,409600,16384,,,,,,,,,,2026-04-18 21:40:29.
0,4/44,31/35,Contraction_l_Alik_Bljk_Cijk_Dijk,"(1,4096,1,4096)",Cijk_Alik_Bljk_I8II_BH_GB_MT64x128x32_SN_GLVWA8_GLVWB8_GRVW8_K1_SU0_SUS0_TT4_8,NO_CHECK,378.964,88.5425,,0.015625,1,32,0.015625,1,1,1,409600,16384,,,,,,,,,,2026-04-18 21:40:29.
0,4/44,32/35,Contraction_l_Alik_Bljk_Cijk_Dijk,"(1,4096,1,4096)",Cijk_Alik_Bljk_I8II_BH_GB_MT64x128x32_SN_GLVWA8_GLVWB16_GRVW16_K1_SU0_SUS0_TT4_8,NO_CHECK,364.164,92.141,,0.015625,1,32,0.015625,1,1,1,409600,16384,,,,,,,,,,2026-04-18 21:40:29.
0,4/44,33/35,Contraction_l_Alik_Bljk_Cijk_Dijk,"(1,4096,1,4096)",Cijk_Alik_Bljk_I8II_BH_GB_MT64x128x32_SN_GLVWA4_GLVWB4_GRVW4_K1_SU32_SUS256_TT4_8,NO_CHECK,367.004,91.428,,0.015625,1,32,0.015625,1,1,1,409600,16384,,,,,,,,,,2026-04-18 21:40:29.
0,4/44,34/35,Contraction_l_Alik_Bljk_Cijk_Dijk,"(1,4096,1,4096)",Cijk_Alik_Bljk_I8II_BH_GB_MT64x128x32_SN_GLVWA8_GLVWB8_GRVW8_K1_SU32_SUS256_TT4_8,NO_CHECK,364.925,91.9488,,0.015625,1,32,0.015625,1,1,1,409600,16384,,,,,,,,,,2026-04-18 21:40:29.
0,4/44,35/35,Contraction_l_Alik_Bljk_Cijk_Dijk,"(1,4096,1,4096)",Cijk_Alik_Bljk_I8II_BH_GB_MT64x128x32_SN_GLVWA8_GLVWB16_GRVW16_K1_SU32_SUS256_TT4_8,NO_CHECK,366.324,91.5977,,0.015625,1,32,0.015625,1,1,1,409600,16384,,,,,,,,,,2026-04-18 21:40:29.
0,5/44,0/35,Contraction_l_Alik_Bljk_Cijk_Dijk,"(1,4096,1,8192)",Cijk_Alik_Bljk_I8II_BH_GB_MT64x64x16_SN_GLVWA4_GLVWB4_GRVW4_K1_SU0_SUS0_TT4_4,NO_CHECK,1229.25,54.5932,,0.015625,2,32,0.015625,1,1,1,1064960,16384,,,,,,,,,,2026-04-18 21:40:29.
0,5/44,1/35,Contraction_l_Alik_Bljk_Cijk_Dijk,"(1,4096,1,8192)",Cijk_Alik_Bljk_I8II_BH_GB_MT64x64x16_SN_GLVWA4_GLVWB4_GRVW8_K1_SU0_SUS0_TT4_4,NO_CHECK,794.369,84.4807,,0.015625,2,32,0.015625,1,1,1,1064960,16384,,,,,,,,,,2026-04-18 21:40:29.
0,5/44,2/35,Contraction_l_Alik_Bljk_Cijk_Dijk,"(1,4096,1,8192)",Cijk_Alik_Bljk_I8II_BH_GB_MT64x64x16_SN_GLVWA4_GLVWB4_GRVW16_K1_SU0_SUS0_TT4_4,NO_CHECK,1063.01,63.1309,,0.015625,2,32,0.015625,1,1,1,1064960,16384,,,,,,,,,,2026-04-18 21:40:29.
0,5/44,3/35,Contraction_l_Alik_Bljk_Cijk_Dijk,"(1,4096,1,8192)",Cijk_Alik_Bljk_I8II_BH_GB_MT64x64x16_SN_GLVWA4_GLVWB4_GRVW4_K1_SU32_SUS256_TT4_4,NO_CHECK,777.569,86.306,,0.015625,2,32,0.015625,1,1,1,1064960,16384,,,,,,,,,,2026-04-18 21:40:29.
0,5/44,4/35,Contraction_l_Alik_Bljk_Cijk_Dijk,"(1,4096,1,8192)",Cijk_Alik_Bljk_I8II_BH_GB_MT64x64x16_SN_GLVWA4_GLVWB4_GRVW8_K1_SU32_SUS256_TT4_4,NO_CHECK,775.808,86.5019,,0.015625,2,32,0.015625,1,1,1,1064960,16384,,,,,,,,,,2026-04-18 21:40:29.
0,5/44,5/35,Contraction_l_Alik_Bljk_Cijk_Dijk,"(1,4096,1,8192)",Cijk_Alik_Bljk_I8II_BH_GB_MT64x64x16_SN_GLVWA4_GLVWB4_GRVW16_K1_SU32_SUS256_TT4_4,NO_CHECK,779.129,86.1332,,0.015625,2,32,0.015625,1,1,1,1064960,16384,,,,,,,,,,2026-04-18 21:40:29.
0,5/44,6/35,Contraction_l_Alik_Bljk_Cijk_Dijk,"(1,4096,1,8192)",Cijk_Alik_Bljk_I8II_BH_GB_MT128x64x16_SN_GLVWA4_GLVWB4_GRVW4_K1_SU0_SUS0_TT8_4,NO_CHECK,1192.61,56.2704,,0.0078125,2,32,0.0078125,1,1,1,802816,16384,,,,,,,,,,2026-04-18 21:40:29.
0,5/44,7/35,Contraction_l_Alik_Bljk_Cijk_Dijk,"(1,4096,1,8192)",Cijk_Alik_Bljk_I8II_BH_GB_MT128x64x16_SN_GLVWA8_GLVWB4_GRVW8_K1_SU0_SUS0_TT8_4,NO_CHECK,1355.54,49.5073,,0.0078125,2,32,0.0078125,1,1,1,802816,16384,,,,,,,,,,2026-04-18 21:40:29.
0,5/44,8/35,Contraction_l_Alik_Bljk_Cijk_Dijk,"(1,4096,1,8192)",Cijk_Alik_Bljk_I8II_BH_GB_MT128x64x16_SN_GLVWA8_GLVWB4_GRVW16_K1_SU0_SUS0_TT8_4,NO_CHECK,1198.05,56.0149,,0.0078125,2,32,0.0078125,1,1,1,802816,16384,,,,,,,,,,2026-04-18 21:40:29.
0,5/44,9/35,Contraction_l_Alik_Bljk_Cijk_Dijk,"(1,4096,1,8192)",Cijk_Alik_Bljk_I8II_BH_GB_MT128x64x16_SN_GLVWA4_GLVWB4_GRVW4_K1_SU32_SUS256_TT8_4,NO_CHECK,1194.69,56.1725,,0.0078125,2,32,0.0078125,1,1,1,802816,16384,,,,,,,,,,2026-04-18 21:40:29.
0,5/44,10/35,Contraction_l_Alik_Bljk_Cijk_Dijk,"(1,4096,1,8192)",Cijk_Alik_Bljk_I8II_BH_GB_MT128x64x16_SN_GLVWA8_GLVWB4_GRVW8_K1_SU32_SUS256_TT8_4,NO_CHECK,1193.57,56.2252,,0.0078125,2,32,0.0078125,1,1,1,802816,16384,,,,,,,,,,2026-04-18 21:40:29.
0,5/44,11/35,Contraction_l_Alik_Bljk_Cijk_Dijk,"(1,4096,1,8192)",Cijk_Alik_Bljk_I8II_BH_GB_MT128x64x16_SN_GLVWA8_GLVWB4_GRVW16_K1_SU32_SUS256_TT8_4,NO_CHECK,1195.65,56.1273,,0.0078125,2,32,0.0078125,1,1,1,802816,16384,,,,,,,,,,2026-04-18 21:40:29.
0,5/44,12/35,Contraction_l_Alik_Bljk_Cijk_Dijk,"(1,4096,1,8192)",Cijk_Alik_Bljk_I8II_BH_GB_MT64x128x16_SN_GLVWA4_GLVWB4_GRVW4_K1_SU0_SUS0_TT4_8,NO_CHECK,660.327,101.63,,0.015625,1,32,0.015625,1,1,1,802816,16384,,,,,,,,,,2026-04-18 21:40:29.
0,5/44,13/35,Contraction_l_Alik_Bljk_Cijk_Dijk,"(1,4096,1,8192)",Cijk_Alik_Bljk_I8II_BH_GB_MT64x128x16_SN_GLVWA4_GLVWB8_GRVW8_K1_SU0_SUS0_TT4_8,NO_CHECK,660.207,101.648,,0.015625,1,32,0.015625,1,1,1,802816,16384,,,,,,,,,,2026-04-18 21:40:29.
0,5/44,14/35,Contraction_l_Alik_Bljk_Cijk_Dijk,"(1,4096,1,8192)",Cijk_Alik_Bljk_I8II_BH_GB_MT64x128x16_SN_GLVWA4_GLVWB8_GRVW16_K1_SU0_SUS0_TT4_8,NO_CHECK,668.048,100.455,,0.015625,1,32,0.015625,1,1,1,802816,16384,,,,,,,,,,2026-04-18 21:40:29.
0,5/44,15/35,Contraction_l_Alik_Bljk_Cijk_Dijk,"(1,4096,1,8192)",Cijk_Alik_Bljk_I8II_BH_GB_MT64x128x16_SN_GLVWA4_GLVWB4_GRVW4_K1_SU32_SUS256_TT4_8,NO_CHECK,663.607,101.127,,0.015625,1,32,0.015625,1,1,1,802816,16384,,,,,,,,,,2026-04-18 21:40:29.
0,5/44,16/35,Contraction_l_Alik_Bljk_Cijk_Dijk,"(1,4096,1,8192)",Cijk_Alik_Bljk_I8II_BH_GB_MT64x128x16_SN_GLVWA4_GLVWB8_GRVW8_K1_SU32_SUS256_TT4_8,NO_CHECK,668.408,100.401,,0.015625,1,32,0.015625,1,1,1,802816,16384,,,,,,,,,,2026-04-18 21:40:29.
0,5/44,17/35,Contraction_l_Alik_Bljk_Cijk_Dijk,"(1,4096,1,8192)",Cijk_Alik_Bljk_I8II_BH_GB_MT64x128x16_SN_GLVWA4_GLVWB8_GRVW16_K1_SU32_SUS256_TT4_8,NO_CHECK,666.967,100.618,,0.015625,1,32,0.015625,1,1,1,802816,16384,,,,,,,,,,2026-04-18 21:40:29.
0,5/44,18/35,Contraction_l_Alik_Bljk_Cijk_Dijk,"(1,4096,1,8192)",Cijk_Alik_Bljk_I8II_BH_GB_MT64x64x32_SN_GLVWA4_GLVWB4_GRVW4_K1_SU0_SUS0_TT4_4,NO_CHECK,779.009,86.1465,,0.015625,2,32,0.015625,1,1,1,1064960,16384,,,,,,,,,,2026-04-18 21:40:29.
0,5/44,19/35,Contraction_l_Alik_Bljk_Cijk_Dijk,"(1,4096,1,8192)",Cijk_Alik_Bljk_I8II_BH_GB_MT64x64x32_SN_GLVWA8_GLVWB8_GRVW8_K1_SU0_SUS0_TT4_4,NO_CHECK,773.409,86.7702,,0.015625,2,32,0.015625,1,1,1,1064960,16384,,,,,,,,,,2026-04-18 21:40:29.
0,5/44,20/35,Contraction_l_Alik_Bljk_Cijk_Dijk,"(1,4096,1,8192)",Cijk_Alik_Bljk_I8II_BH_GB_MT64x64x32_SN_GLVWA8_GLVWB8_GRVW16_K1_SU0_SUS0_TT4_4,NO_CHECK,773.009,86.8151,,0.015625,2,32,0.015625,1,1,1,1064960,16384,,,,,,,,,,2026-04-18 21:40:29.
0,5/44,21/35,Contraction_l_Alik_Bljk_Cijk_Dijk,"(1,4096,1,8192)",Cijk_Alik_Bljk_I8II_BH_GB_MT64x64x32_SN_GLVWA4_GLVWB4_GRVW4_K1_SU32_SUS256_TT4_4,NO_CHECK,777.569,86.306,,0.015625,2,32,0.015625,1,1,1,1064960,16384,,,,,,,,,,2026-04-18 21:40:29.
0,5/44,22/35,Contraction_l_Alik_Bljk_Cijk_Dijk,"(1,4096,1,8192)",Cijk_Alik_Bljk_I8II_BH_GB_MT64x64x32_SN_GLVWA8_GLVWB8_GRVW8_K1_SU32_SUS256_TT4_4,NO_CHECK,770.929,87.0493,,0.015625,2,32,0.015625,1,1,1,1064960,16384,,,,,,,,,,2026-04-18 21:40:29.
0,5/44,23/35,Contraction_l_Alik_Bljk_Cijk_Dijk,"(1,4096,1,8192)",Cijk_Alik_Bljk_I8II_BH_GB_MT64x64x32_SN_GLVWA8_GLVWB8_GRVW16_K1_SU32_SUS256_TT4_4,NO_CHECK,944.691,71.0379,,0.015625,2,32,0.015625,1,1,1,1064960,16384,,,,,,,,,,2026-04-18 21:40:29.
0,5/44,24/35,Contraction_l_Alik_Bljk_Cijk_Dijk,"(1,4096,1,8192)",Cijk_Alik_Bljk_I8II_BH_GB_MT128x64x32_SN_GLVWA4_GLVWB4_GRVW4_K1_SU0_SUS0_TT8_4,NO_CHECK,1222.57,54.8915,,0.0078125,2,32,0.0078125,1,1,1,802816,16384,,,,,,,,,,2026-04-18 21:40:29.
0,5/44,25/35,Contraction_l_Alik_Bljk_Cijk_Dijk,"(1,4096,1,8192)",Cijk_Alik_Bljk_I8II_BH_GB_MT128x64x32_SN_GLVWA8_GLVWB8_GRVW8_K1_SU0_SUS0_TT8_4,NO_CHECK,1206.61,55.6176,,0.0078125,2,32,0.0078125,1,1,1,802816,16384,,,,,,,,,,2026-04-18 21:40:29.
0,5/44,26/35,Contraction_l_Alik_Bljk_Cijk_Dijk,"(1,4096,1,8192)",Cijk_Alik_Bljk_I8II_BH_GB_MT128x64x32_SN_GLVWA16_GLVWB8_GRVW16_K1_SU0_SUS0_TT8_4,NO_CHECK,1208.37,55.5365,,0.0078125,2,32,0.0078125,1,1,1,802816,16384,,,,,,,,,,2026-04-18 21:40:29.
0,5/44,27/35,Contraction_l_Alik_Bljk_Cijk_Dijk,"(1,4096,1,8192)",Cijk_Alik_Bljk_I8II_BH_GB_MT128x64x32_SN_GLVWA4_GLVWB4_GRVW4_K1_SU32_SUS256_TT8_4,NO_CHECK,1220.21,54.9976,,0.0078125,2,32,0.0078125,1,1,1,802816,16384,,,,,,,,,,2026-04-18 21:40:29.
0,5/44,28/35,Contraction_l_Alik_Bljk_Cijk_Dijk,"(1,4096,1,8192)",Cijk_Alik_Bljk_I8II_BH_GB_MT128x64x32_SN_GLVWA8_GLVWB8_GRVW8_K1_SU32_SUS256_TT8_4,NO_CHECK,1219.13,55.0464,,0.0078125,2,32,0.0078125,1,1,1,802816,16384,,,,,,,,,,2026-04-18 21:40:29.
0,5/44,29/35,Contraction_l_Alik_Bljk_Cijk_Dijk,"(1,4096,1,8192)",Cijk_Alik_Bljk_I8II_BH_GB_MT128x64x32_SN_GLVWA16_GLVWB8_GRVW16_K1_SU32_SUS256_TT8_4,NO_CHECK,1366.73,49.1016,,0.0078125,2,32,0.0078125,1,1,1,802816,16384,,,,,,,,,,2026-04-18 21:40:29.
0,5/44,30/35,Contraction_l_Alik_Bljk_Cijk_Dijk,"(1,4096,1,8192)",Cijk_Alik_Bljk_I8II_BH_GB_MT64x128x32_SN_GLVWA4_GLVWB4_GRVW4_K1_SU0_SUS0_TT4_8,NO_CHECK,669.408,100.251,,0.015625,1,32,0.015625,1,1,1,802816,16384,,,,,,,,,,2026-04-18 21:40:29.
0,5/44,31/35,Contraction_l_Alik_Bljk_Cijk_Dijk,"(1,4096,1,8192)",Cijk_Alik_Bljk_I8II_BH_GB_MT64x128x32_SN_GLVWA8_GLVWB8_GRVW8_K1_SU0_SUS0_TT4_8,NO_CHECK,664.087,101.054,,0.015625,1,32,0.015625,1,1,1,802816,16384,,,,,,,,,,2026-04-18 21:40:29.
0,5/44,32/35,Contraction_l_Alik_Bljk_Cijk_Dijk,"(1,4096,1,8192)",Cijk_Alik_Bljk_I8II_BH_GB_MT64x128x32_SN_GLVWA8_GLVWB16_GRVW16_K1_SU0_SUS0_TT4_8,NO_CHECK,675.727,99.3136,,0.015625,1,32,0.015625,1,1,1,802816,16384,,,,,,,,,,2026-04-18 21:40:29.
0,5/44,33/35,Contraction_l_Alik_Bljk_Cijk_Dijk,"(1,4096,1,8192)",Cijk_Alik_Bljk_I8II_BH_GB_MT64x128x32_SN_GLVWA4_GLVWB4_GRVW4_K1_SU32_SUS256_TT4_8,NO_CHECK,673.407,99.6557,,0.015625,1,32,0.015625,1,1,1,802816,16384,,,,,,,,,,2026-04-18 21:40:29.
0,5/44,34/35,Contraction_l_Alik_Bljk_Cijk_Dijk,"(1,4096,1,8192)",Cijk_Alik_Bljk_I8II_BH_GB_MT64x128x32_SN_GLVWA8_GLVWB8_GRVW8_K1_SU32_SUS256_TT4_8,NO_CHECK,668.488,100.389,,0.015625,1,32,0.015625,1,1,1,802816,16384,,,,,,,,,,2026-04-18 21:40:29.
0,5/44,35/35,Contraction_l_Alik_Bljk_Cijk_Dijk,"(1,4096,1,8192)",Cijk_Alik_Bljk_I8II_BH_GB_MT64x128x32_SN_GLVWA8_GLVWB16_GRVW16_K1_SU32_SUS256_TT4_8,NO_CHECK,667.927,100.473,,0.015625,1,32,0.015625,1,1,1,802816,16384,,,,,,,,,,2026-04-18 21:40:29.
0,6/44,0/35,Contraction_l_Alik_Bljk_Cijk_Dijk,"(1,8192,1,1024)",Cijk_Alik_Bljk_I8II_BH_GB_MT64x64x16_SN_GLVWA4_GLVWB4_GRVW4_K1_SU0_SUS0_TT4_4,NO_CHECK,196.483,85.3876,,0.015625,4,32,0.015625,1,1,1,294912,32768,,,,,,,,,,2026-04-18 21:40:29.
0,6/44,1/35,Contraction_l_Alik_Bljk_Cijk_Dijk,"(1,8192,1,1024)",Cijk_Alik_Bljk_I8II_BH_GB_MT64x64x16_SN_GLVWA4_GLVWB4_GRVW8_K1_SU0_SUS0_TT4_4,NO_CHECK,196.002,85.5972,,0.015625,4,32,0.015625,1,1,1,294912,32768,,,,,,,,,,2026-04-18 21:40:29.
0,6/44,2/35,Contraction_l_Alik_Bljk_Cijk_Dijk,"(1,8192,1,1024)",Cijk_Alik_Bljk_I8II_BH_GB_MT64x64x16_SN_GLVWA4_GLVWB4_GRVW16_K1_SU0_SUS0_TT4_4,NO_CHECK,196.242,85.4925,,0.015625,4,32,0.015625,1,1,1,294912,32768,,,,,,,,,,2026-04-18 21:40:29.
0,6/44,3/35,Contraction_l_Alik_Bljk_Cijk_Dijk,"(1,8192,1,1024)",Cijk_Alik_Bljk_I8II_BH_GB_MT64x64x16_SN_GLVWA4_GLVWB4_GRVW4_K1_SU32_SUS256_TT4_4,NO_CHECK,196.322,85.4576,,0.015625,4,32,0.015625,1,1,1,294912,32768,,,,,,,,,,2026-04-18 21:40:29.
0,6/44,4/35,Contraction_l_Alik_Bljk_Cijk_Dijk,"(1,8192,1,1024)",Cijk_Alik_Bljk_I8II_BH_GB_MT64x64x16_SN_GLVWA4_GLVWB4_GRVW8_K1_SU32_SUS256_TT4_4,NO_CHECK,196.482,85.3881,,0.015625,4,32,0.015625,1,1,1,294912,32768,,,,,,,,,,2026-04-18 21:40:29.
0,6/44,5/35,Contraction_l_Alik_Bljk_Cijk_Dijk,"(1,8192,1,1024)",Cijk_Alik_Bljk_I8II_BH_GB_MT64x64x16_SN_GLVWA4_GLVWB4_GRVW16_K1_SU32_SUS256_TT4_4,NO_CHECK,368.924,45.4761,,0.015625,4,32,0.015625,1,1,1,294912,32768,,,,,,,,,,2026-04-18 21:40:29.
0,6/44,6/35,Contraction_l_Alik_Bljk_Cijk_Dijk,"(1,8192,1,1024)",Cijk_Alik_Bljk_I8II_BH_GB_MT128x64x16_SN_GLVWA4_GLVWB4_GRVW4_K1_SU0_SUS0_TT8_4,NO_CHECK,345.644,48.539,,0.0078125,4,32,0.0078125,1,1,1,229376,32768,,,,,,,,,,2026-04-18 21:40:29.
0,6/44,7/35,Contraction_l_Alik_Bljk_Cijk_Dijk,"(1,8192,1,1024)",Cijk_Alik_Bljk_I8II_BH_GB_MT128x64x16_SN_GLVWA8_GLVWB4_GRVW8_K1_SU0_SUS0_TT8_4,NO_CHECK,301.963,55.5605,,0.0078125,4,32,0.0078125,1,1,1,229376,32768,,,,,,,,,,2026-04-18 21:40:29.
0,6/44,8/35,Contraction_l_Alik_Bljk_Cijk_Dijk,"(1,8192,1,1024)",Cijk_Alik_Bljk_I8II_BH_GB_MT128x64x16_SN_GLVWA8_GLVWB4_GRVW16_K1_SU0_SUS0_TT8_4,NO_CHECK,304.203,55.1514,,0.0078125,4,32,0.0078125,1,1,1,229376,32768,,,,,,,,,,2026-04-18 21:40:29.
0,6/44,9/35,Contraction_l_Alik_Bljk_Cijk_Dijk,"(1,8192,1,1024)",Cijk_Alik_Bljk_I8II_BH_GB_MT128x64x16_SN_GLVWA4_GLVWB4_GRVW4_K1_SU32_SUS256_TT8_4,NO_CHECK,338.044,49.6303,,0.0078125,4,32,0.0078125,1,1,1,229376,32768,,,,,,,,,,2026-04-18 21:40:29.
0,6/44,10/35,Contraction_l_Alik_Bljk_Cijk_Dijk,"(1,8192,1,1024)",Cijk_Alik_Bljk_I8II_BH_GB_MT128x64x16_SN_GLVWA8_GLVWB4_GRVW8_K1_SU32_SUS256_TT8_4,NO_CHECK,302.963,55.3771,,0.0078125,4,32,0.0078125,1,1,1,229376,32768,,,,,,,,,,2026-04-18 21:40:29.
0,6/44,11/35,Contraction_l_Alik_Bljk_Cijk_Dijk,"(1,8192,1,1024)",Cijk_Alik_Bljk_I8II_BH_GB_MT128x64x16_SN_GLVWA8_GLVWB4_GRVW16_K1_SU32_SUS256_TT8_4,NO_CHECK,303.123,55.3479,,0.0078125,4,32,0.0078125,1,1,1,229376,32768,,,,,,,,,,2026-04-18 21:40:29.
0,6/44,12/35,Contraction_l_Alik_Bljk_Cijk_Dijk,"(1,8192,1,1024)",Cijk_Alik_Bljk_I8II_BH_GB_MT64x128x16_SN_GLVWA4_GLVWB4_GRVW4_K1_SU0_SUS0_TT4_8,NO_CHECK,166.402,100.823,,0.015625,2,32,0.015625,1,1,1,229376,32768,,,,,,,,,,2026-04-18 21:40:29.
0,6/44,13/35,Contraction_l_Alik_Bljk_Cijk_Dijk,"(1,8192,1,1024)",Cijk_Alik_Bljk_I8II_BH_GB_MT64x128x16_SN_GLVWA4_GLVWB8_GRVW8_K1_SU0_SUS0_TT4_8,NO_CHECK,166.282,100.896,,0.015625,2,32,0.015625,1,1,1,229376,32768,,,,,,,,,,2026-04-18 21:40:29.
0,6/44,14/35,Contraction_l_Alik_Bljk_Cijk_Dijk,"(1,8192,1,1024)",Cijk_Alik_Bljk_I8II_BH_GB_MT64x128x16_SN_GLVWA4_GLVWB8_GRVW16_K1_SU0_SUS0_TT4_8,NO_CHECK,165.602,101.31,,0.015625,2,32,0.015625,1,1,1,229376,32768,,,,,,,,,,2026-04-18 21:40:29.
0,6/44,15/35,Contraction_l_Alik_Bljk_Cijk_Dijk,"(1,8192,1,1024)",Cijk_Alik_Bljk_I8II_BH_GB_MT64x128x16_SN_GLVWA4_GLVWB4_GRVW4_K1_SU32_SUS256_TT4_8,NO_CHECK,166.882,100.533,,0.015625,2,32,0.015625,1,1,1,229376,32768,,,,,,,,,,2026-04-18 21:40:29.
0,6/44,16/35,Contraction_l_Alik_Bljk_Cijk_Dijk,"(1,8192,1,1024)",Cijk_Alik_Bljk_I8II_BH_GB_MT64x128x16_SN_GLVWA4_GLVWB8_GRVW8_K1_SU32_SUS256_TT4_8,NO_CHECK,165.762,101.213,,0.015625,2,32,0.015625,1,1,1,229376,32768,,,,,,,,,,2026-04-18 21:40:29.
0,6/44,17/35,Contraction_l_Alik_Bljk_Cijk_Dijk,"(1,8192,1,1024)",Cijk_Alik_Bljk_I8II_BH_GB_MT64x128x16_SN_GLVWA4_GLVWB8_GRVW16_K1_SU32_SUS256_TT4_8,NO_CHECK,165.922,101.115,,0.015625,2,32,0.015625,1,1,1,229376,32768,,,,,,,,,,2026-04-18 21:40:29.
0,6/44,18/35,Contraction_l_Alik_Bljk_Cijk_Dijk,"(1,8192,1,1024)",Cijk_Alik_Bljk_I8II_BH_GB_MT64x64x32_SN_GLVWA4_GLVWB4_GRVW4_K1_SU0_SUS0_TT4_4,NO_CHECK,196.842,85.2319,,0.015625,4,32,0.015625,1,1,1,294912,32768,,,,,,,,,,2026-04-18 21:40:29.
0,6/44,19/35,Contraction_l_Alik_Bljk_Cijk_Dijk,"(1,8192,1,1024)",Cijk_Alik_Bljk_I8II_BH_GB_MT64x64x32_SN_GLVWA8_GLVWB8_GRVW8_K1_SU0_SUS0_TT4_4,NO_CHECK,196.322,85.4576,,0.015625,4,32,0.015625,1,1,1,294912,32768,,,,,,,,,,2026-04-18 21:40:29.
0,6/44,20/35,Contraction_l_Alik_Bljk_Cijk_Dijk,"(1,8192,1,1024)",Cijk_Alik_Bljk_I8II_BH_GB_MT64x64x32_SN_GLVWA8_GLVWB8_GRVW16_K1_SU0_SUS0_TT4_4,NO_CHECK,195.323,85.8947,,0.015625,4,32,0.015625,1,1,1,294912,32768,,,,,,,,,,2026-04-18 21:40:29.
0,6/44,21/35,Contraction_l_Alik_Bljk_Cijk_Dijk,"(1,8192,1,1024)",Cijk_Alik_Bljk_I8II_BH_GB_MT64x64x32_SN_GLVWA4_GLVWB4_GRVW4_K1_SU32_SUS256_TT4_4,NO_CHECK,195.842,85.6671,,0.015625,4,32,0.015625,1,1,1,294912,32768,,,,,,,,,,2026-04-18 21:40:29.
0,6/44,22/35,Contraction_l_Alik_Bljk_Cijk_Dijk,"(1,8192,1,1024)",Cijk_Alik_Bljk_I8II_BH_GB_MT64x64x32_SN_GLVWA8_GLVWB8_GRVW8_K1_SU32_SUS256_TT4_4,NO_CHECK,195.642,85.7547,,0.015625,4,32,0.015625,1,1,1,294912,32768,,,,,,,,,,2026-04-18 21:40:29.
0,6/44,23/35,Contraction_l_Alik_Bljk_Cijk_Dijk,"(1,8192,1,1024)",Cijk_Alik_Bljk_I8II_BH_GB_MT64x64x32_SN_GLVWA8_GLVWB8_GRVW16_K1_SU32_SUS256_TT4_4,NO_CHECK,197.642,84.8869,,0.015625,4,32,0.015625,1,1,1,294912,32768,,,,,,,,,,2026-04-18 21:40:29.
0,6/44,24/35,Contraction_l_Alik_Bljk_Cijk_Dijk,"(1,8192,1,1024)",Cijk_Alik_Bljk_I8II_BH_GB_MT128x64x32_SN_GLVWA4_GLVWB4_GRVW4_K1_SU0_SUS0_TT8_4,NO_CHECK,346.364,48.4381,,0.0078125,4,32,0.0078125,1,1,1,229376,32768,,,,,,,,,,2026-04-18 21:40:29.
0,6/44,25/35,Contraction_l_Alik_Bljk_Cijk_Dijk,"(1,8192,1,1024)",Cijk_Alik_Bljk_I8II_BH_GB_MT128x64x32_SN_GLVWA8_GLVWB8_GRVW8_K1_SU0_SUS0_TT8_4,NO_CHECK,303.243,55.326,,0.0078125,4,32,0.0078125,1,1,1,229376,32768,,,,,,,,,,2026-04-18 21:40:29.
0,6/44,26/35,Contraction_l_Alik_Bljk_Cijk_Dijk,"(1,8192,1,1024)",Cijk_Alik_Bljk_I8II_BH_GB_MT128x64x32_SN_GLVWA16_GLVWB8_GRVW16_K1_SU0_SUS0_TT8_4,NO_CHECK,560.886,29.912,,0.0078125,4,32,0.0078125,1,1,1,229376,32768,,,,,,,,,,2026-04-18 21:40:29.
0,6/44,27/35,Contraction_l_Alik_Bljk_Cijk_Dijk,"(1,8192,1,1024)",Cijk_Alik_Bljk_I8II_BH_GB_MT128x64x32_SN_GLVWA4_GLVWB4_GRVW4_K1_SU32_SUS256_TT8_4,NO_CHECK,348.564,48.1324,,0.0078125,4,32,0.0078125,1,1,1,229376,32768,,,,,,,,,,2026-04-18 21:40:29.
0,6/44,28/35,Contraction_l_Alik_Bljk_Cijk_Dijk,"(1,8192,1,1024)",Cijk_Alik_Bljk_I8II_BH_GB_MT128x64x32_SN_GLVWA8_GLVWB8_GRVW8_K1_SU32_SUS256_TT8_4,NO_CHECK,336.164,49.9078,,0.0078125,4,32,0.0078125,1,1,1,229376,32768,,,,,,,,,,2026-04-18 21:40:29.
0,6/44,29/35,Contraction_l_Alik_Bljk_Cijk_Dijk,"(1,8192,1,1024)",Cijk_Alik_Bljk_I8II_BH_GB_MT128x64x32_SN_GLVWA16_GLVWB8_GRVW16_K1_SU32_SUS256_TT8_4,NO_CHECK,303.923,55.2022,,0.0078125,4,32,0.0078125,1,1,1,229376,32768,,,,,,,,,,2026-04-18 21:40:29.
0,6/44,30/35,Contraction_l_Alik_Bljk_Cijk_Dijk,"(1,8192,1,1024)",Cijk_Alik_Bljk_I8II_BH_GB_MT64x128x32_SN_GLVWA4_GLVWB4_GRVW4_K1_SU0_SUS0_TT4_8,NO_CHECK,179.002,93.7264,,0.015625,2,32,0.015625,1,1,1,229376,32768,,,,,,,,,,2026-04-18 21:40:29.
0,6/44,31/35,Contraction_l_Alik_Bljk_Cijk_Dijk,"(1,8192,1,1024)",Cijk_Alik_Bljk_I8II_BH_GB_MT64x128x32_SN_GLVWA8_GLVWB8_GRVW8_K1_SU0_SUS0_TT4_8,NO_CHECK,176.322,95.151,,0.015625,2,32,0.015625,1,1,1,229376,32768,,,,,,,,,,2026-04-18 21:40:29.
0,6/44,32/35,Contraction_l_Alik_Bljk_Cijk_Dijk,"(1,8192,1,1024)",Cijk_Alik_Bljk_I8II_BH_GB_MT64x128x32_SN_GLVWA8_GLVWB16_GRVW16_K1_SU0_SUS0_TT4_8,NO_CHECK,177.242,94.6571,,0.015625,2,32,0.015625,1,1,1,229376,32768,,,,,,,,,,2026-04-18 21:40:29.
0,6/44,33/35,Contraction_l_Alik_Bljk_Cijk_Dijk,"(1,8192,1,1024)",Cijk_Alik_Bljk_I8II_BH_GB_MT64x128x32_SN_GLVWA4_GLVWB4_GRVW4_K1_SU32_SUS256_TT4_8,NO_CHECK,215.362,77.9024,,0.015625,2,32,0.015625,1,1,1,229376,32768,,,,,,,,,,2026-04-18 21:40:29.
0,6/44,34/35,Contraction_l_Alik_Bljk_Cijk_Dijk,"(1,8192,1,1024)",Cijk_Alik_Bljk_I8II_BH_GB_MT64x128x32_SN_GLVWA8_GLVWB8_GRVW8_K1_SU32_SUS256_TT4_8,NO_CHECK,177.442,94.5504,,0.015625,2,32,0.015625,1,1,1,229376,32768,,,,,,,,,,2026-04-18 21:40:29.
0,6/44,35/35,Contraction_l_Alik_Bljk_Cijk_Dijk,"(1,8192,1,1024)",Cijk_Alik_Bljk_I8II_BH_GB_MT64x128x32_SN_GLVWA8_GLVWB16_GRVW16_K1_SU32_SUS256_TT4_8,NO_CHECK,215.763,77.7576,,0.015625,2,32,0.015625,1,1,1,229376,32768,,,,,,,,,,2026-04-18 21:40:29.
0,7/44,0/35,Contraction_l_Alik_Bljk_Cijk_Dijk,"(1,8192,1,4096)",Cijk_Alik_Bljk_I8II_BH_GB_MT64x64x16_SN_GLVWA4_GLVWB4_GRVW4_K1_SU0_SUS0_TT4_4,NO_CHECK,742.288,90.4081,,0.015625,4,32,0.015625,1,1,1,1081344,32768,,,,,,,,,,2026-04-18 21:40:29.
0,7/44,1/35,Contraction_l_Alik_Bljk_Cijk_Dijk,"(1,8192,1,4096)",Cijk_Alik_Bljk_I8II_BH_GB_MT64x64x16_SN_GLVWA4_GLVWB4_GRVW8_K1_SU0_SUS0_TT4_4,NO_CHECK,745.009,90.0779,,0.015625,4,32,0.015625,1,1,1,1081344,32768,,,,,,,,,,2026-04-18 21:40:29.
0,7/44,2/35,Contraction_l_Alik_Bljk_Cijk_Dijk,"(1,8192,1,4096)",Cijk_Alik_Bljk_I8II_BH_GB_MT64x64x16_SN_GLVWA4_GLVWB4_GRVW16_K1_SU0_SUS0_TT4_4,NO_CHECK,746.129,89.9427,,0.015625,4,32,0.015625,1,1,1,1081344,32768,,,,,,,,,,2026-04-18 21:40:29.
0,7/44,3/35,Contraction_l_Alik_Bljk_Cijk_Dijk,"(1,8192,1,4096)",Cijk_Alik_Bljk_I8II_BH_GB_MT64x64x16_SN_GLVWA4_GLVWB4_GRVW4_K1_SU32_SUS256_TT4_4,NO_CHECK,744.528,90.1361,,0.015625,4,32,0.015625,1,1,1,1081344,32768,,,,,,,,,,2026-04-18 21:40:29.
0,7/44,4/35,Contraction_l_Alik_Bljk_Cijk_Dijk,"(1,8192,1,4096)",Cijk_Alik_Bljk_I8II_BH_GB_MT64x64x16_SN_GLVWA4_GLVWB4_GRVW8_K1_SU32_SUS256_TT4_4,NO_CHECK,904.451,74.1985,,0.015625,4,32,0.015625,1,1,1,1081344,32768,,,,,,,,,,2026-04-18 21:40:29.
0,7/44,5/35,Contraction_l_Alik_Bljk_Cijk_Dijk,"(1,8192,1,4096)",Cijk_Alik_Bljk_I8II_BH_GB_MT64x64x16_SN_GLVWA4_GLVWB4_GRVW16_K1_SU32_SUS256_TT4_4,NO_CHECK,750.408,89.4298,,0.015625,4,32,0.015625,1,1,1,1081344,32768,,,,,,,,,,2026-04-18 21:40:29.
0,7/44,6/35,Contraction_l_Alik_Bljk_Cijk_Dijk,"(1,8192,1,4096)",Cijk_Alik_Bljk_I8II_BH_GB_MT128x64x16_SN_GLVWA4_GLVWB4_GRVW4_K1_SU0_SUS0_TT8_4,NO_CHECK,1184.25,56.6677,,0.0078125,4,32,0.0078125,1,1,1,819200,32768,,,,,,,,,,2026-04-18 21:40:29.
0,7/44,7/35,Contraction_l_Alik_Bljk_Cijk_Dijk,"(1,8192,1,4096)",Cijk_Alik_Bljk_I8II_BH_GB_MT128x64x16_SN_GLVWA8_GLVWB4_GRVW8_K1_SU0_SUS0_TT8_4,NO_CHECK,1180.37,56.8539,,0.0078125,4,32,0.0078125,1,1,1,819200,32768,,,,,,,,,,2026-04-18 21:40:29.
0,7/44,8/35,Contraction_l_Alik_Bljk_Cijk_Dijk,"(1,8192,1,4096)",Cijk_Alik_Bljk_I8II_BH_GB_MT128x64x16_SN_GLVWA8_GLVWB4_GRVW16_K1_SU0_SUS0_TT8_4,NO_CHECK,1156.69,58.0179,,0.0078125,4,32,0.0078125,1,1,1,819200,32768,,,,,,,,,,2026-04-18 21:40:29.
0,7/44,9/35,Contraction_l_Alik_Bljk_Cijk_Dijk,"(1,8192,1,4096)",Cijk_Alik_Bljk_I8II_BH_GB_MT128x64x16_SN_GLVWA4_GLVWB4_GRVW4_K1_SU32_SUS256_TT8_4,NO_CHECK,1196.77,56.0748,,0.0078125,4,32,0.0078125,1,1,1,819200,32768,,,,,,,,,,2026-04-18 21:40:29.
0,7/44,10/35,Contraction_l_Alik_Bljk_Cijk_Dijk,"(1,8192,1,4096)",Cijk_Alik_Bljk_I8II_BH_GB_MT128x64x16_SN_GLVWA8_GLVWB4_GRVW8_K1_SU32_SUS256_TT8_4,NO_CHECK,1184.17,56.6715,,0.0078125,4,32,0.0078125,1,1,1,819200,32768,,,,,,,,,,2026-04-18 21:40:29.
0,7/44,11/35,Contraction_l_Alik_Bljk_Cijk_Dijk,"(1,8192,1,4096)",Cijk_Alik_Bljk_I8II_BH_GB_MT128x64x16_SN_GLVWA8_GLVWB4_GRVW16_K1_SU32_SUS256_TT8_4,NO_CHECK,1174.89,57.1191,,0.0078125,4,32,0.0078125,1,1,1,819200,32768,,,,,,,,,,2026-04-18 21:40:29.
0,7/44,12/35,Contraction_l_Alik_Bljk_Cijk_Dijk,"(1,8192,1,4096)",Cijk_Alik_Bljk_I8II_BH_GB_MT64x128x16_SN_GLVWA4_GLVWB4_GRVW4_K1_SU0_SUS0_TT4_8,NO_CHECK,609.087,110.179,,0.015625,2,32,0.015625,1,1,1,819200,32768,,,,,,,,,,2026-04-18 21:40:29.
0,7/44,13/35,Contraction_l_Alik_Bljk_Cijk_Dijk,"(1,8192,1,4096)",Cijk_Alik_Bljk_I8II_BH_GB_MT64x128x16_SN_GLVWA4_GLVWB8_GRVW8_K1_SU0_SUS0_TT4_8,NO_CHECK,608.287,110.324,,0.015625,2,32,0.015625,1,1,1,819200,32768,,,,,,,,,,2026-04-18 21:40:29.
0,7/44,14/35,Contraction_l_Alik_Bljk_Cijk_Dijk,"(1,8192,1,4096)",Cijk_Alik_Bljk_I8II_BH_GB_MT64x128x16_SN_GLVWA4_GLVWB8_GRVW16_K1_SU0_SUS0_TT4_8,NO_CHECK,605.527,110.827,,0.015625,2,32,0.015625,1,1,1,819200,32768,,,,,,,,,,2026-04-18 21:40:29.
0,7/44,15/35,Contraction_l_Alik_Bljk_Cijk_Dijk,"(1,8192,1,4096)",Cijk_Alik_Bljk_I8II_BH_GB_MT64x128x16_SN_GLVWA4_GLVWB4_GRVW4_K1_SU32_SUS256_TT4_8,NO_CHECK,609.527,110.1,,0.015625,2,32,0.015625,1,1,1,819200,32768,,,,,,,,,,2026-04-18 21:40:29.
0,7/44,16/35,Contraction_l_Alik_Bljk_Cijk_Dijk,"(1,8192,1,4096)",Cijk_Alik_Bljk_I8II_BH_GB_MT64x128x16_SN_GLVWA4_GLVWB8_GRVW8_K1_SU32_SUS256_TT4_8,NO_CHECK,613.167,109.446,,0.015625,2,32,0.015625,1,1,1,819200,32768,,,,,,,,,,2026-04-18 21:40:29.
0,7/44,17/35,Contraction_l_Alik_Bljk_Cijk_Dijk,"(1,8192,1,4096)",Cijk_Alik_Bljk_I8II_BH_GB_MT64x128x16_SN_GLVWA4_GLVWB8_GRVW16_K1_SU32_SUS256_TT4_8,NO_CHECK,611.327,109.776,,0.015625,2,32,0.015625,1,1,1,819200,32768,,,,,,,,,,2026-04-18 21:40:29.
0,7/44,18/35,Contraction_l_Alik_Bljk_Cijk_Dijk,"(1,8192,1,4096)",Cijk_Alik_Bljk_I8II_BH_GB_MT64x64x32_SN_GLVWA4_GLVWB4_GRVW4_K1_SU0_SUS0_TT4_4,NO_CHECK,745.569,90.0103,,0.015625,4,32,0.015625,1,1,1,1081344,32768,,,,,,,,,,2026-04-18 21:40:29.
0,7/44,19/35,Contraction_l_Alik_Bljk_Cijk_Dijk,"(1,8192,1,4096)",Cijk_Alik_Bljk_I8II_BH_GB_MT64x64x32_SN_GLVWA8_GLVWB8_GRVW8_K1_SU0_SUS0_TT4_4,NO_CHECK,741.928,90.452,,0.015625,4,32,0.015625,1,1,1,1081344,32768,,,,,,,,,,2026-04-18 21:40:29.
0,7/44,20/35,Contraction_l_Alik_Bljk_Cijk_Dijk,"(1,8192,1,4096)",Cijk_Alik_Bljk_I8II_BH_GB_MT64x64x32_SN_GLVWA8_GLVWB8_GRVW16_K1_SU0_SUS0_TT4_4,NO_CHECK,876.89,76.5305,,0.015625,4,32,0.015625,1,1,1,1081344,32768,,,,,,,,,,2026-04-18 21:40:29.
0,7/44,21/35,Contraction_l_Alik_Bljk_Cijk_Dijk,"(1,8192,1,4096)",Cijk_Alik_Bljk_I8II_BH_GB_MT64x64x32_SN_GLVWA4_GLVWB4_GRVW4_K1_SU32_SUS256_TT4_4,NO_CHECK,751.448,89.3061,,0.015625,4,32,0.015625,1,1,1,1081344,32768,,,,,,,,,,2026-04-18 21:40:29.
0,7/44,22/35,Contraction_l_Alik_Bljk_Cijk_Dijk,"(1,8192,1,4096)",Cijk_Alik_Bljk_I8II_BH_GB_MT64x64x32_SN_GLVWA8_GLVWB8_GRVW8_K1_SU32_SUS256_TT4_4,NO_CHECK,740.649,90.6082,,0.015625,4,32,0.015625,1,1,1,1081344,32768,,,,,,,,,,2026-04-18 21:40:29.
0,7/44,23/35,Contraction_l_Alik_Bljk_Cijk_Dijk,"(1,8192,1,4096)",Cijk_Alik_Bljk_I8II_BH_GB_MT64x64x32_SN_GLVWA8_GLVWB8_GRVW16_K1_SU32_SUS256_TT4_4,NO_CHECK,746.488,89.8995,,0.015625,4,32,0.015625,1,1,1,1081344,32768,,,,,,,,,,2026-04-18 21:40:29.
0,7/44,24/35,Contraction_l_Alik_Bljk_Cijk_Dijk,"(1,8192,1,4096)",Cijk_Alik_Bljk_I8II_BH_GB_MT128x64x32_SN_GLVWA4_GLVWB4_GRVW4_K1_SU0_SUS0_TT8_4,NO_CHECK,1208.09,55.5494,,0.0078125,4,32,0.0078125,1,1,1,819200,32768,,,,,,,,,,2026-04-18 21:40:29.
0,7/44,25/35,Contraction_l_Alik_Bljk_Cijk_Dijk,"(1,8192,1,4096)",Cijk_Alik_Bljk_I8II_BH_GB_MT128x64x32_SN_GLVWA8_GLVWB8_GRVW8_K1_SU0_SUS0_TT8_4,NO_CHECK,1165.41,57.5838,,0.0078125,4,32,0.0078125,1,1,1,819200,32768,,,,,,,,,,2026-04-18 21:40:29.
0,7/44,26/35,Contraction_l_Alik_Bljk_Cijk_Dijk,"(1,8192,1,4096)",Cijk_Alik_Bljk_I8II_BH_GB_MT128x64x32_SN_GLVWA16_GLVWB8_GRVW16_K1_SU0_SUS0_TT8_4,NO_CHECK,1158.73,57.9157,,0.0078125,4,32,0.0078125,1,1,1,819200,32768,,,,,,,,,,2026-04-18 21:40:29.
0,7/44,27/35,Contraction_l_Alik_Bljk_Cijk_Dijk,"(1,8192,1,4096)",Cijk_Alik_Bljk_I8II_BH_GB_MT128x64x32_SN_GLVWA4_GLVWB4_GRVW4_K1_SU32_SUS256_TT8_4,NO_CHECK,1315.29,51.0219,,0.0078125,4,32,0.0078125,1,1,1,819200,32768,,,,,,,,,,2026-04-18 21:40:29.
0,7/44,28/35,Contraction_l_Alik_Bljk_Cijk_Dijk,"(1,8192,1,4096)",Cijk_Alik_Bljk_I8II_BH_GB_MT128x64x32_SN_GLVWA8_GLVWB8_GRVW8_K1_SU32_SUS256_TT8_4,NO_CHECK,1203.25,55.7729,,0.0078125,4,32,0.0078125,1,1,1,819200,32768,,,,,,,,,,2026-04-18 21:40:29.
0,7/44,29/35,Contraction_l_Alik_Bljk_Cijk_Dijk,"(1,8192,1,4096)",Cijk_Alik_Bljk_I8II_BH_GB_MT128x64x32_SN_GLVWA16_GLVWB8_GRVW16_K1_SU32_SUS256_TT8_4,NO_CHECK,1152.25,58.2414,,0.0078125,4,32,0.0078125,1,1,1,819200,32768,,,,,,,,,,2026-04-18 21:40:29.
0,7/44,30/35,Contraction_l_Alik_Bljk_Cijk_Dijk,"(1,8192,1,4096)",Cijk_Alik_Bljk_I8II_BH_GB_MT64x128x32_SN_GLVWA4_GLVWB4_GRVW4_K1_SU0_SUS0_TT4_8,NO_CHECK,627.327,106.976,,0.015625,2,32,0.015625,1,1,1,819200,32768,,,,,,,,,,2026-04-18 21:40:29.
0,7/44,31/35,Contraction_l_Alik_Bljk_Cijk_Dijk,"(1,8192,1,4096)",Cijk_Alik_Bljk_I8II_BH_GB_MT64x128x32_SN_GLVWA8_GLVWB8_GRVW8_K1_SU0_SUS0_TT4_8,NO_CHECK,621.927,107.905,,0.015625,2,32,0.015625,1,1,1,819200,32768,,,,,,,,,,2026-04-18 21:40:29.
0,7/44,32/35,Contraction_l_Alik_Bljk_Cijk_Dijk,"(1,8192,1,4096)",Cijk_Alik_Bljk_I8II_BH_GB_MT64x128x32_SN_GLVWA8_GLVWB16_GRVW16_K1_SU0_SUS0_TT4_8,NO_CHECK,625.687,107.256,,0.015625,2,32,0.015625,1,1,1,819200,32768,,,,,,,,,,2026-04-18 21:40:29.
0,7/44,33/35,Contraction_l_Alik_Bljk_Cijk_Dijk,"(1,8192,1,4096)",Cijk_Alik_Bljk_I8II_BH_GB_MT64x128x32_SN_GLVWA4_GLVWB4_GRVW4_K1_SU32_SUS256_TT4_8,NO_CHECK,628.168,106.833,,0.015625,2,32,0.015625,1,1,1,819200,32768,,,,,,,,,,2026-04-18 21:40:29.
0,7/44,34/35,Contraction_l_Alik_Bljk_Cijk_Dijk,"(1,8192,1,4096)",Cijk_Alik_Bljk_I8II_BH_GB_MT64x128x32_SN_GLVWA8_GLVWB8_GRVW8_K1_SU32_SUS256_TT4_8,NO_CHECK,627.607,106.928,,0.015625,2,32,0.015625,1,1,1,819200,32768,,,,,,,,,,2026-04-18 21:40:29.
0,7/44,35/35,Contraction_l_Alik_Bljk_Cijk_Dijk,"(1,8192,1,4096)",Cijk_Alik_Bljk_I8II_BH_GB_MT64x128x32_SN_GLVWA8_GLVWB16_GRVW16_K1_SU32_SUS256_TT4_8,NO_CHECK,626.007,107.201,,0.015625,2,32,0.015625,1,1,1,819200,32768,,,,,,,,,,2026-04-18 21:40:29.
0,8/44,0/35,Contraction_l_Alik_Bljk_Cijk_Dijk,"(1,8192,1,8192)",Cijk_Alik_Bljk_I8II_BH_GB_MT64x64x16_SN_GLVWA4_GLVWB4_GRVW4_K1_SU0_SUS0_TT4_4,NO_CHECK,1646.62,81.5111,,0.015625,4,32,0.015625,1,1,1,2129920,32768,,,,,,,,,,2026-04-18 21:40:29.
0,8/44,1/35,Contraction_l_Alik_Bljk_Cijk_Dijk,"(1,8192,1,8192)",Cijk_Alik_Bljk_I8II_BH_GB_MT64x64x16_SN_GLVWA4_GLVWB4_GRVW8_K1_SU0_SUS0_TT4_4,NO_CHECK,1502.74,89.3155,,0.015625,4,32,0.015625,1,1,1,2129920,32768,,,,,,,,,,2026-04-18 21:40:29.
0,8/44,2/35,Contraction_l_Alik_Bljk_Cijk_Dijk,"(1,8192,1,8192)",Cijk_Alik_Bljk_I8II_BH_GB_MT64x64x16_SN_GLVWA4_GLVWB4_GRVW16_K1_SU0_SUS0_TT4_4,NO_CHECK,1483.58,90.469,,0.015625,4,32,0.015625,1,1,1,2129920,32768,,,,,,,,,,2026-04-18 21:40:29.
0,8/44,3/35,Contraction_l_Alik_Bljk_Cijk_Dijk,"(1,8192,1,8192)",Cijk_Alik_Bljk_I8II_BH_GB_MT64x64x16_SN_GLVWA4_GLVWB4_GRVW4_K1_SU32_SUS256_TT4_4,NO_CHECK,1485.9,90.3278,,0.015625,4,32,0.015625,1,1,1,2129920,32768,,,,,,,,,,2026-04-18 21:40:29.
0,8/44,4/35,Contraction_l_Alik_Bljk_Cijk_Dijk,"(1,8192,1,8192)",Cijk_Alik_Bljk_I8II_BH_GB_MT64x64x16_SN_GLVWA4_GLVWB4_GRVW8_K1_SU32_SUS256_TT4_4,NO_CHECK,1483.14,90.4959,,0.015625,4,32,0.015625,1,1,1,2129920,32768,,,,,,,,,,2026-04-18 21:40:29.
0,8/44,5/35,Contraction_l_Alik_Bljk_Cijk_Dijk,"(1,8192,1,8192)",Cijk_Alik_Bljk_I8II_BH_GB_MT64x64x16_SN_GLVWA4_GLVWB4_GRVW16_K1_SU32_SUS256_TT4_4,NO_CHECK,1481.82,90.5765,,0.015625,4,32,0.015625,1,1,1,2129920,32768,,,,,,,,,,2026-04-18 21:40:29.
0,8/44,6/35,Contraction_l_Alik_Bljk_Cijk_Dijk,"(1,8192,1,8192)",Cijk_Alik_Bljk_I8II_BH_GB_MT128x64x16_SN_GLVWA4_GLVWB4_GRVW4_K1_SU0_SUS0_TT8_4,NO_CHECK,2308.63,58.1375,,0.0078125,4,32,0.0078125,1,1,1,1605632,32768,,,,,,,,,,2026-04-18 21:40:29.
0,8/44,7/35,Contraction_l_Alik_Bljk_Cijk_Dijk,"(1,8192,1,8192)",Cijk_Alik_Bljk_I8II_BH_GB_MT128x64x16_SN_GLVWA8_GLVWB4_GRVW8_K1_SU0_SUS0_TT8_4,NO_CHECK,2335.15,57.4772,,0.0078125,4,32,0.0078125,1,1,1,1605632,32768,,,,,,,,,,2026-04-18 21:40:29.
0,8/44,8/35,Contraction_l_Alik_Bljk_Cijk_Dijk,"(1,8192,1,8192)",Cijk_Alik_Bljk_I8II_BH_GB_MT128x64x16_SN_GLVWA8_GLVWB4_GRVW16_K1_SU0_SUS0_TT8_4,NO_CHECK,2490.71,53.8874,,0.0078125,4,32,0.0078125,1,1,1,1605632,32768,,,,,,,,,,2026-04-18 21:40:29.
0,8/44,9/35,Contraction_l_Alik_Bljk_Cijk_Dijk,"(1,8192,1,8192)",Cijk_Alik_Bljk_I8II_BH_GB_MT128x64x16_SN_GLVWA4_GLVWB4_GRVW4_K1_SU32_SUS256_TT8_4,NO_CHECK,2320.07,57.8508,,0.0078125,4,32,0.0078125,1,1,1,1605632,32768,,,,,,,,,,2026-04-18 21:40:29.
0,8/44,10/35,Contraction_l_Alik_Bljk_Cijk_Dijk,"(1,8192,1,8192)",Cijk_Alik_Bljk_I8II_BH_GB_MT128x64x16_SN_GLVWA8_GLVWB4_GRVW8_K1_SU32_SUS256_TT8_4,NO_CHECK,2300.91,58.3326,,0.0078125,4,32,0.0078125,1,1,1,1605632,32768,,,,,,,,,,2026-04-18 21:40:29.
0,8/44,11/35,Contraction_l_Alik_Bljk_Cijk_Dijk,"(1,8192,1,8192)",Cijk_Alik_Bljk_I8II_BH_GB_MT128x64x16_SN_GLVWA8_GLVWB4_GRVW16_K1_SU32_SUS256_TT8_4,NO_CHECK,2485.11,54.0088,,0.0078125,4,32,0.0078125,1,1,1,1605632,32768,,,,,,,,,,2026-04-18 21:40:29.
0,8/44,12/35,Contraction_l_Alik_Bljk_Cijk_Dijk,"(1,8192,1,8192)",Cijk_Alik_Bljk_I8II_BH_GB_MT64x128x16_SN_GLVWA4_GLVWB4_GRVW4_K1_SU0_SUS0_TT4_8,NO_CHECK,1211.81,110.758,,0.015625,2,32,0.015625,1,1,1,1605632,32768,,,,,,,,,,2026-04-18 21:40:29.
0,8/44,13/35,Contraction_l_Alik_Bljk_Cijk_Dijk,"(1,8192,1,8192)",Cijk_Alik_Bljk_I8II_BH_GB_MT64x128x16_SN_GLVWA4_GLVWB8_GRVW8_K1_SU0_SUS0_TT4_8,NO_CHECK,1208.65,111.047,,0.015625,2,32,0.015625,1,1,1,1605632,32768,,,,,,,,,,2026-04-18 21:40:29.
0,8/44,14/35,Contraction_l_Alik_Bljk_Cijk_Dijk,"(1,8192,1,8192)",Cijk_Alik_Bljk_I8II_BH_GB_MT64x128x16_SN_GLVWA4_GLVWB8_GRVW16_K1_SU0_SUS0_TT4_8,NO_CHECK,1213.61,110.593,,0.015625,2,32,0.015625,1,1,1,1605632,32768,,,,,,,,,,2026-04-18 21:40:29.
0,8/44,15/35,Contraction_l_Alik_Bljk_Cijk_Dijk,"(1,8192,1,8192)",Cijk_Alik_Bljk_I8II_BH_GB_MT64x128x16_SN_GLVWA4_GLVWB4_GRVW4_K1_SU32_SUS256_TT4_8,NO_CHECK,1211.73,110.765,,0.015625,2,32,0.015625,1,1,1,1605632,32768,,,,,,,,,,2026-04-18 21:40:29.
0,8/44,16/35,Contraction_l_Alik_Bljk_Cijk_Dijk,"(1,8192,1,8192)",Cijk_Alik_Bljk_I8II_BH_GB_MT64x128x16_SN_GLVWA4_GLVWB8_GRVW8_K1_SU32_SUS256_TT4_8,NO_CHECK,1210.17,110.908,,0.015625,2,32,0.015625,1,1,1,1605632,32768,,,,,,,,,,2026-04-18 21:40:29.
0,8/44,17/35,Contraction_l_Alik_Bljk_Cijk_Dijk,"(1,8192,1,8192)",Cijk_Alik_Bljk_I8II_BH_GB_MT64x128x16_SN_GLVWA4_GLVWB8_GRVW16_K1_SU32_SUS256_TT4_8,NO_CHECK,1388.38,96.6725,,0.015625,2,32,0.015625,1,1,1,1605632,32768,,,,,,,,,,2026-04-18 21:40:29.
0,8/44,18/35,Contraction_l_Alik_Bljk_Cijk_Dijk,"(1,8192,1,8192)",Cijk_Alik_Bljk_I8II_BH_GB_MT64x64x32_SN_GLVWA4_GLVWB4_GRVW4_K1_SU0_SUS0_TT4_4,NO_CHECK,1487.78,90.2137,,0.015625,4,32,0.015625,1,1,1,2129920,32768,,,,,,,,,,2026-04-18 21:40:29.
0,8/44,19/35,Contraction_l_Alik_Bljk_Cijk_Dijk,"(1,8192,1,8192)",Cijk_Alik_Bljk_I8II_BH_GB_MT64x64x32_SN_GLVWA8_GLVWB8_GRVW8_K1_SU0_SUS0_TT4_4,NO_CHECK,1486.06,90.318,,0.015625,4,32,0.015625,1,1,1,2129920,32768,,,,,,,,,,2026-04-18 21:40:29.
0,8/44,20/35,Contraction_l_Alik_Bljk_Cijk_Dijk,"(1,8192,1,8192)",Cijk_Alik_Bljk_I8II_BH_GB_MT64x64x32_SN_GLVWA8_GLVWB8_GRVW16_K1_SU0_SUS0_TT4_4,NO_CHECK,1486.14,90.3132,,0.015625,4,32,0.015625,1,1,1,2129920,32768,,,,,,,,,,2026-04-18 21:40:29.
0,8/44,21/35,Contraction_l_Alik_Bljk_Cijk_Dijk,"(1,8192,1,8192)",Cijk_Alik_Bljk_I8II_BH_GB_MT64x64x32_SN_GLVWA4_GLVWB4_GRVW4_K1_SU32_SUS256_TT4_4,NO_CHECK,1486.3,90.3034,,0.015625,4,32,0.015625,1,1,1,2129920,32768,,,,,,,,,,2026-04-18 21:40:29.
0,8/44,22/35,Contraction_l_Alik_Bljk_Cijk_Dijk,"(1,8192,1,8192)",Cijk_Alik_Bljk_I8II_BH_GB_MT64x64x32_SN_GLVWA8_GLVWB8_GRVW8_K1_SU32_SUS256_TT4_4,NO_CHECK,1646.26,81.5289,,0.015625,4,32,0.015625,1,1,1,2129920,32768,,,,,,,,,,2026-04-18 21:40:29.
0,8/44,23/35,Contraction_l_Alik_Bljk_Cijk_Dijk,"(1,8192,1,8192)",Cijk_Alik_Bljk_I8II_BH_GB_MT64x64x32_SN_GLVWA8_GLVWB8_GRVW16_K1_SU32_SUS256_TT4_4,NO_CHECK,1474.54,91.0236,,0.015625,4,32,0.015625,1,1,1,2129920,32768,,,,,,,,,,2026-04-18 21:40:29.
0,8/44,24/35,Contraction_l_Alik_Bljk_Cijk_Dijk,"(1,8192,1,8192)",Cijk_Alik_Bljk_I8II_BH_GB_MT128x64x32_SN_GLVWA4_GLVWB4_GRVW4_K1_SU0_SUS0_TT8_4,NO_CHECK,2328.55,57.6401,,0.0078125,4,32,0.0078125,1,1,1,1605632,32768,,,,,,,,,,2026-04-18 21:40:29.
0,8/44,25/35,Contraction_l_Alik_Bljk_Cijk_Dijk,"(1,8192,1,8192)",Cijk_Alik_Bljk_I8II_BH_GB_MT128x64x32_SN_GLVWA8_GLVWB8_GRVW8_K1_SU0_SUS0_TT8_4,NO_CHECK,2331.39,57.5699,,0.0078125,4,32,0.0078125,1,1,1,1605632,32768,,,,,,,,,,2026-04-18 21:40:29.
0,8/44,26/35,Contraction_l_Alik_Bljk_Cijk_Dijk,"(1,8192,1,8192)",Cijk_Alik_Bljk_I8II_BH_GB_MT128x64x32_SN_GLVWA16_GLVWB8_GRVW16_K1_SU0_SUS0_TT8_4,NO_CHECK,2441.71,54.9688,,0.0078125,4,32,0.0078125,1,1,1,1605632,32768,,,,,,,,,,2026-04-18 21:40:29.
0,8/44,27/35,Contraction_l_Alik_Bljk_Cijk_Dijk,"(1,8192,1,8192)",Cijk_Alik_Bljk_I8II_BH_GB_MT128x64x32_SN_GLVWA4_GLVWB4_GRVW4_K1_SU32_SUS256_TT8_4,NO_CHECK,2325.23,57.7224,,0.0078125,4,32,0.0078125,1,1,1,1605632,32768,,,,,,,,,,2026-04-18 21:40:29.
0,8/44,28/35,Contraction_l_Alik_Bljk_Cijk_Dijk,"(1,8192,1,8192)",Cijk_Alik_Bljk_I8II_BH_GB_MT128x64x32_SN_GLVWA8_GLVWB8_GRVW8_K1_SU32_SUS256_TT8_4,NO_CHECK,2319.47,57.8658,,0.0078125,4,32,0.0078125,1,1,1,1605632,32768,,,,,,,,,,2026-04-18 21:40:29.
0,8/44,29/35,Contraction_l_Alik_Bljk_Cijk_Dijk,"(1,8192,1,8192)",Cijk_Alik_Bljk_I8II_BH_GB_MT128x64x32_SN_GLVWA16_GLVWB8_GRVW16_K1_SU32_SUS256_TT8_4,NO_CHECK,2478.03,54.1631,,0.0078125,4,32,0.0078125,1,1,1,1605632,32768,,,,,,,,,,2026-04-18 21:40:29.
0,8/44,30/35,Contraction_l_Alik_Bljk_Cijk_Dijk,"(1,8192,1,8192)",Cijk_Alik_Bljk_I8II_BH_GB_MT64x128x32_SN_GLVWA4_GLVWB4_GRVW4_K1_SU0_SUS0_TT4_8,NO_CHECK,1238.49,108.372,,0.015625,2,32,0.015625,1,1,1,1605632,32768,,,,,,,,,,2026-04-18 21:40:29.
0,8/44,31/35,Contraction_l_Alik_Bljk_Cijk_Dijk,"(1,8192,1,8192)",Cijk_Alik_Bljk_I8II_BH_GB_MT64x128x32_SN_GLVWA8_GLVWB8_GRVW8_K1_SU0_SUS0_TT4_8,NO_CHECK,1232.13,108.931,,0.015625,2,32,0.015625,1,1,1,1605632,32768,,,,,,,,,,2026-04-18 21:40:29.
0,8/44,32/35,Contraction_l_Alik_Bljk_Cijk_Dijk,"(1,8192,1,8192)",Cijk_Alik_Bljk_I8II_BH_GB_MT64x128x32_SN_GLVWA8_GLVWB16_GRVW16_K1_SU0_SUS0_TT4_8,NO_CHECK,1237.85,108.428,,0.015625,2,32,0.015625,1,1,1,1605632,32768,,,,,,,,,,2026-04-18 21:40:29.
0,8/44,33/35,Contraction_l_Alik_Bljk_Cijk_Dijk,"(1,8192,1,8192)",Cijk_Alik_Bljk_I8II_BH_GB_MT64x128x32_SN_GLVWA4_GLVWB4_GRVW4_K1_SU32_SUS256_TT4_8,NO_CHECK,1239.45,108.288,,0.015625,2,32,0.015625,1,1,1,1605632,32768,,,,,,,,,,2026-04-18 21:40:29.
0,8/44,34/35,Contraction_l_Alik_Bljk_Cijk_Dijk,"(1,8192,1,8192)",Cijk_Alik_Bljk_I8II_BH_GB_MT64x128x32_SN_GLVWA8_GLVWB8_GRVW8_K1_SU32_SUS256_TT4_8,NO_CHECK,1249.81,107.39,,0.015625,2,32,0.015625,1,1,1,1605632,32768,,,,,,,,,,2026-04-18 21:40:29.
0,8/44,35/35,Contraction_l_Alik_Bljk_Cijk_Dijk,"(1,8192,1,8192)",Cijk_Alik_Bljk_I8II_BH_GB_MT64x128x32_SN_GLVWA8_GLVWB16_GRVW16_K1_SU32_SUS256_TT4_8,NO_CHECK,1393.42,96.3228,,0.015625,2,32,0.015625,1,1,1,1605632,32768,,,,,,,,,,2026-04-18 21:40:29.
0,9/44,0/35,Contraction_l_Alik_Bljk_Cijk_Dijk,"(8,1024,1,1024)",Cijk_Alik_Bljk_I8II_BH_GB_MT64x64x16_SN_GLVWA4_GLVWB4_GRVW4_K1_SU0_SUS0_TT4_4,NO_CHECK,89.881,186.66,,0.0625,0.5,32,0.125,1,0.5,1,294912,32768,,,,,,,,,,2026-04-18 21:40:29.
0,9/44,1/35,Contraction_l_Alik_Bljk_Cijk_Dijk,"(8,1024,1,1024)",Cijk_Alik_Bljk_I8II_BH_GB_MT64x64x16_SN_GLVWA4_GLVWB4_GRVW8_K1_SU0_SUS0_TT4_4,NO_CHECK,80.841,207.534,,0.0625,0.5,32,0.125,1,0.5,1,294912,32768,,,,,,,,,,2026-04-18 21:40:29.
0,9/44,2/35,Contraction_l_Alik_Bljk_Cijk_Dijk,"(8,1024,1,1024)",Cijk_Alik_Bljk_I8II_BH_GB_MT64x64x16_SN_GLVWA4_GLVWB4_GRVW16_K1_SU0_SUS0_TT4_4,NO_CHECK,80.561,208.255,,0.0625,0.5,32,0.125,1,0.5,1,294912,32768,,,,,,,,,,2026-04-18 21:40:29.
0,9/44,3/35,Contraction_l_Alik_Bljk_Cijk_Dijk,"(8,1024,1,1024)",Cijk_Alik_Bljk_I8II_BH_GB_MT64x64x16_SN_GLVWA4_GLVWB4_GRVW4_K1_SU32_SUS256_TT4_4,NO_CHECK,81.281,206.41,,0.0625,0.5,32,0.125,1,0.5,1,294912,32768,,,,,,,,,,2026-04-18 21:40:29.
0,9/44,4/35,Contraction_l_Alik_Bljk_Cijk_Dijk,"(8,1024,1,1024)",Cijk_Alik_Bljk_I8II_BH_GB_MT64x64x16_SN_GLVWA4_GLVWB4_GRVW8_K1_SU32_SUS256_TT4_4,NO_CHECK,81.521,205.802,,0.0625,0.5,32,0.125,1,0.5,1,294912,32768,,,,,,,,,,2026-04-18 21:40:29.
0,9/44,5/35,Contraction_l_Alik_Bljk_Cijk_Dijk,"(8,1024,1,1024)",Cijk_Alik_Bljk_I8II_BH_GB_MT64x64x16_SN_GLVWA4_GLVWB4_GRVW16_K1_SU32_SUS256_TT4_4,NO_CHECK,81.161,206.715,,0.0625,0.5,32,0.125,1,0.5,1,294912,32768,,,,,,,,,,2026-04-18 21:40:29.
0,9/44,6/35,Contraction_l_Alik_Bljk_Cijk_Dijk,"(8,1024,1,1024)",Cijk_Alik_Bljk_I8II_BH_GB_MT128x64x16_SN_GLVWA4_GLVWB4_GRVW4_K1_SU0_SUS0_TT8_4,NO_CHECK,123.082,136.309,,0.03125,0.5,32,0.0625,1,0.5,1,229376,32768,,,,,,,,,,2026-04-18 21:40:29.
0,9/44,7/35,Contraction_l_Alik_Bljk_Cijk_Dijk,"(8,1024,1,1024)",Cijk_Alik_Bljk_I8II_BH_GB_MT128x64x16_SN_GLVWA8_GLVWB4_GRVW8_K1_SU0_SUS0_TT8_4,NO_CHECK,121.482,138.105,,0.03125,0.5,32,0.0625,1,0.5,1,229376,32768,,,,,,,,,,2026-04-18 21:40:29.
0,9/44,8/35,Contraction_l_Alik_Bljk_Cijk_Dijk,"(8,1024,1,1024)",Cijk_Alik_Bljk_I8II_BH_GB_MT128x64x16_SN_GLVWA8_GLVWB4_GRVW16_K1_SU0_SUS0_TT8_4,NO_CHECK,121.761,137.788,,0.03125,0.5,32,0.0625,1,0.5,1,229376,32768,,,,,,,,,,2026-04-18 21:40:29.
0,9/44,9/35,Contraction_l_Alik_Bljk_Cijk_Dijk,"(8,1024,1,1024)",Cijk_Alik_Bljk_I8II_BH_GB_MT128x64x16_SN_GLVWA4_GLVWB4_GRVW4_K1_SU32_SUS256_TT8_4,NO_CHECK,130.682,128.382,,0.03125,0.5,32,0.0625,1,0.5,1,229376,32768,,,,,,,,,,2026-04-18 21:40:29.
0,9/44,10/35,Contraction_l_Alik_Bljk_Cijk_Dijk,"(8,1024,1,1024)",Cijk_Alik_Bljk_I8II_BH_GB_MT128x64x16_SN_GLVWA8_GLVWB4_GRVW8_K1_SU32_SUS256_TT8_4,NO_CHECK,123.441,135.913,,0.03125,0.5,32,0.0625,1,0.5,1,229376,32768,,,,,,,,,,2026-04-18 21:40:29.
0,9/44,11/35,Contraction_l_Alik_Bljk_Cijk_Dijk,"(8,1024,1,1024)",Cijk_Alik_Bljk_I8II_BH_GB_MT128x64x16_SN_GLVWA8_GLVWB4_GRVW16_K1_SU32_SUS256_TT8_4,NO_CHECK,122.081,137.427,,0.03125,0.5,32,0.0625,1,0.5,1,229376,32768,,,,,,,,,,2026-04-18 21:40:29.
0,9/44,12/35,Contraction_l_Alik_Bljk_Cijk_Dijk,"(8,1024,1,1024)",Cijk_Alik_Bljk_I8II_BH_GB_MT64x128x16_SN_GLVWA4_GLVWB4_GRVW4_K1_SU0_SUS0_TT4_8,NO_CHECK,121.481,138.106,,0.03125,0.25,32,0.125,1,0.25,1,229376,32768,,,,,,,,,,2026-04-18 21:40:29.
0,9/44,13/35,Contraction_l_Alik_Bljk_Cijk_Dijk,"(8,1024,1,1024)",Cijk_Alik_Bljk_I8II_BH_GB_MT64x128x16_SN_GLVWA4_GLVWB8_GRVW8_K1_SU0_SUS0_TT4_8,NO_CHECK,122.441,137.023,,0.03125,0.25,32,0.125,1,0.25,1,229376,32768,,,,,,,,,,2026-04-18 21:40:29.
0,9/44,14/35,Contraction_l_Alik_Bljk_Cijk_Dijk,"(8,1024,1,1024)",Cijk_Alik_Bljk_I8II_BH_GB_MT64x128x16_SN_GLVWA4_GLVWB8_GRVW16_K1_SU0_SUS0_TT4_8,NO_CHECK,121.001,138.654,,0.03125,0.25,32,0.125,1,0.25,1,229376,32768,,,,,,,,,,2026-04-18 21:40:29.
0,9/44,15/35,Contraction_l_Alik_Bljk_Cijk_Dijk,"(8,1024,1,1024)",Cijk_Alik_Bljk_I8II_BH_GB_MT64x128x16_SN_GLVWA4_GLVWB4_GRVW4_K1_SU32_SUS256_TT4_8,NO_CHECK,122.561,136.889,,0.03125,0.25,32,0.125,1,0.25,1,229376,32768,,,,,,,,,,2026-04-18 21:40:29.
0,9/44,16/35,Contraction_l_Alik_Bljk_Cijk_Dijk,"(8,1024,1,1024)",Cijk_Alik_Bljk_I8II_BH_GB_MT64x128x16_SN_GLVWA4_GLVWB8_GRVW8_K1_SU32_SUS256_TT4_8,NO_CHECK,122.202,137.291,,0.03125,0.25,32,0.125,1,0.25,1,229376,32768,,,,,,,,,,2026-04-18 21:40:29.
0,9/44,17/35,Contraction_l_Alik_Bljk_Cijk_Dijk,"(8,1024,1,1024)",Cijk_Alik_Bljk_I8II_BH_GB_MT64x128x16_SN_GLVWA4_GLVWB8_GRVW16_K1_SU32_SUS256_TT4_8,NO_CHECK,120.722,138.974,,0.03125,0.25,32,0.125,1,0.25,1,229376,32768,,,,,,,,,,2026-04-18 21:40:29.
0,9/44,18/35,Contraction_l_Alik_Bljk_Cijk_Dijk,"(8,1024,1,1024)",Cijk_Alik_Bljk_I8II_BH_GB_MT64x64x32_SN_GLVWA4_GLVWB4_GRVW4_K1_SU0_SUS0_TT4_4,NO_CHECK,95.041,176.526,,0.0625,0.5,32,0.125,1,0.5,1,294912,32768,,,,,,,,,,2026-04-18 21:40:29.
0,9/44,19/35,Contraction_l_Alik_Bljk_Cijk_Dijk,"(8,1024,1,1024)",Cijk_Alik_Bljk_I8II_BH_GB_MT64x64x32_SN_GLVWA8_GLVWB8_GRVW8_K1_SU0_SUS0_TT4_4,NO_CHECK,100.081,167.636,,0.0625,0.5,32,0.125,1,0.5,1,294912,32768,,,,,,,,,,2026-04-18 21:40:29.
0,9/44,20/35,Contraction_l_Alik_Bljk_Cijk_Dijk,"(8,1024,1,1024)",Cijk_Alik_Bljk_I8II_BH_GB_MT64x64x32_SN_GLVWA8_GLVWB8_GRVW16_K1_SU0_SUS0_TT4_4,NO_CHECK,95.721,175.272,,0.0625,0.5,32,0.125,1,0.5,1,294912,32768,,,,,,,,,,2026-04-18 21:40:29.
0,9/44,21/35,Contraction_l_Alik_Bljk_Cijk_Dijk,"(8,1024,1,1024)",Cijk_Alik_Bljk_I8II_BH_GB_MT64x64x32_SN_GLVWA4_GLVWB4_GRVW4_K1_SU32_SUS256_TT4_4,NO_CHECK,96.641,173.604,,0.0625,0.5,32,0.125,1,0.5,1,294912,32768,,,,,,,,,,2026-04-18 21:40:29.
0,9/44,22/35,Contraction_l_Alik_Bljk_Cijk_Dijk,"(8,1024,1,1024)",Cijk_Alik_Bljk_I8II_BH_GB_MT64x64x32_SN_GLVWA8_GLVWB8_GRVW8_K1_SU32_SUS256_TT4_4,NO_CHECK,97.321,172.39,,0.0625,0.5,32,0.125,1,0.5,1,294912,32768,,,,,,,,,,2026-04-18 21:40:29.
0,9/44,23/35,Contraction_l_Alik_Bljk_Cijk_Dijk,"(8,1024,1,1024)",Cijk_Alik_Bljk_I8II_BH_GB_MT64x64x32_SN_GLVWA8_GLVWB8_GRVW16_K1_SU32_SUS256_TT4_4,NO_CHECK,96.761,173.388,,0.0625,0.5,32,0.125,1,0.5,1,294912,32768,,,,,,,,,,2026-04-18 21:40:29.
0,9/44,24/35,Contraction_l_Alik_Bljk_Cijk_Dijk,"(8,1024,1,1024)",Cijk_Alik_Bljk_I8II_BH_GB_MT128x64x32_SN_GLVWA4_GLVWB4_GRVW4_K1_SU0_SUS0_TT8_4,NO_CHECK,149.762,112.026,,0.03125,0.5,32,0.0625,1,0.5,1,229376,32768,,,,,,,,,,2026-04-18 21:40:29.
0,9/44,25/35,Contraction_l_Alik_Bljk_Cijk_Dijk,"(8,1024,1,1024)",Cijk_Alik_Bljk_I8II_BH_GB_MT128x64x32_SN_GLVWA8_GLVWB8_GRVW8_K1_SU0_SUS0_TT8_4,NO_CHECK,149.482,112.236,,0.03125,0.5,32,0.0625,1,0.5,1,229376,32768,,,,,,,,,,2026-04-18 21:40:29.
0,9/44,26/35,Contraction_l_Alik_Bljk_Cijk_Dijk,"(8,1024,1,1024)",Cijk_Alik_Bljk_I8II_BH_GB_MT128x64x32_SN_GLVWA16_GLVWB8_GRVW16_K1_SU0_SUS0_TT8_4,NO_CHECK,157.002,106.86,,0.03125,0.5,32,0.0625,1,0.5,1,229376,32768,,,,,,,,,,2026-04-18 21:40:29.
0,9/44,27/35,Contraction_l_Alik_Bljk_Cijk_Dijk,"(8,1024,1,1024)",Cijk_Alik_Bljk_I8II_BH_GB_MT128x64x32_SN_GLVWA4_GLVWB4_GRVW4_K1_SU32_SUS256_TT8_4,NO_CHECK,151.242,110.93,,0.03125,0.5,32,0.0625,1,0.5,1,229376,32768,,,,,,,,,,2026-04-18 21:40:29.
0,9/44,28/35,Contraction_l_Alik_Bljk_Cijk_Dijk,"(8,1024,1,1024)",Cijk_Alik_Bljk_I8II_BH_GB_MT128x64x32_SN_GLVWA8_GLVWB8_GRVW8_K1_SU32_SUS256_TT8_4,NO_CHECK,149.921,111.907,,0.03125,0.5,32,0.0625,1,0.5,1,229376,32768,,,,,,,,,,2026-04-18 21:40:29.
0,9/44,29/35,Contraction_l_Alik_Bljk_Cijk_Dijk,"(8,1024,1,1024)",Cijk_Alik_Bljk_I8II_BH_GB_MT128x64x32_SN_GLVWA16_GLVWB8_GRVW16_K1_SU32_SUS256_TT8_4,NO_CHECK,150.682,111.342,,0.03125,0.5,32,0.0625,1,0.5,1,229376,32768,,,,,,,,,,2026-04-18 21:40:29.
0,9/44,30/35,Contraction_l_Alik_Bljk_Cijk_Dijk,"(8,1024,1,1024)",Cijk_Alik_Bljk_I8II_BH_GB_MT64x128x32_SN_GLVWA4_GLVWB4_GRVW4_K1_SU0_SUS0_TT4_8,NO_CHECK,148.682,112.84,,0.03125,0.25,32,0.125,1,0.25,1,229376,32768,,,,,,,,,,2026-04-18 21:40:29.
0,9/44,31/35,Contraction_l_Alik_Bljk_Cijk_Dijk,"(8,1024,1,1024)",Cijk_Alik_Bljk_I8II_BH_GB_MT64x128x32_SN_GLVWA8_GLVWB8_GRVW8_K1_SU0_SUS0_TT4_8,NO_CHECK,149.562,112.176,,0.03125,0.25,32,0.125,1,0.25,1,229376,32768,,,,,,,,,,2026-04-18 21:40:29.
0,9/44,32/35,Contraction_l_Alik_Bljk_Cijk_Dijk,"(8,1024,1,1024)",Cijk_Alik_Bljk_I8II_BH_GB_MT64x128x32_SN_GLVWA8_GLVWB16_GRVW16_K1_SU0_SUS0_TT4_8,NO_CHECK,149.402,112.296,,0.03125,0.25,32,0.125,1,0.25,1,229376,32768,,,,,,,,,,2026-04-18 21:40:29.
0,9/44,33/35,Contraction_l_Alik_Bljk_Cijk_Dijk,"(8,1024,1,1024)",Cijk_Alik_Bljk_I8II_BH_GB_MT64x128x32_SN_GLVWA4_GLVWB4_GRVW4_K1_SU32_SUS256_TT4_8,NO_CHECK,149.641,112.116,,0.03125,0.25,32,0.125,1,0.25,1,229376,32768,,,,,,,,,,2026-04-18 21:40:29.
0,9/44,34/35,Contraction_l_Alik_Bljk_Cijk_Dijk,"(8,1024,1,1024)",Cijk_Alik_Bljk_I8II_BH_GB_MT64x128x32_SN_GLVWA8_GLVWB8_GRVW8_K1_SU32_SUS256_TT4_8,NO_CHECK,148.402,113.052,,0.03125,0.25,32,0.125,1,0.25,1,229376,32768,,,,,,,,,,2026-04-18 21:40:29.
0,9/44,35/35,Contraction_l_Alik_Bljk_Cijk_Dijk,"(8,1024,1,1024)",Cijk_Alik_Bljk_I8II_BH_GB_MT64x128x32_SN_GLVWA8_GLVWB16_GRVW16_K1_SU32_SUS256_TT4_8,NO_CHECK,130.162,128.895,,0.03125,0.25,32,0.125,1,0.25,1,229376,32768,,,,,,,,,,2026-04-18 21:40:29.
0,10/44,0/35,Contraction_l_Alik_Bljk_Cijk_Dijk,"(8,1024,1,4096)",Cijk_Alik_Bljk_I8II_BH_GB_MT64x64x16_SN_GLVWA4_GLVWB4_GRVW4_K1_SU0_SUS0_TT4_4,NO_CHECK,228.483,293.715,,0.0625,0.5,32,0.125,1,0.5,1,1081344,32768,,,,,,,,,,2026-04-18 21:40:29.
0,10/44,1/35,Contraction_l_Alik_Bljk_Cijk_Dijk,"(8,1024,1,4096)",Cijk_Alik_Bljk_I8II_BH_GB_MT64x64x16_SN_GLVWA4_GLVWB4_GRVW8_K1_SU0_SUS0_TT4_4,NO_CHECK,229.483,292.435,,0.0625,0.5,32,0.125,1,0.5,1,1081344,32768,,,,,,,,,,2026-04-18 21:40:29.
0,10/44,2/35,Contraction_l_Alik_Bljk_Cijk_Dijk,"(8,1024,1,4096)",Cijk_Alik_Bljk_I8II_BH_GB_MT64x64x16_SN_GLVWA4_GLVWB4_GRVW16_K1_SU0_SUS0_TT4_4,NO_CHECK,229.002,293.049,,0.0625,0.5,32,0.125,1,0.5,1,1081344,32768,,,,,,,,,,2026-04-18 21:40:29.
0,10/44,3/35,Contraction_l_Alik_Bljk_Cijk_Dijk,"(8,1024,1,4096)",Cijk_Alik_Bljk_I8II_BH_GB_MT64x64x16_SN_GLVWA4_GLVWB4_GRVW4_K1_SU32_SUS256_TT4_4,NO_CHECK,230.162,291.572,,0.0625,0.5,32,0.125,1,0.5,1,1081344,32768,,,,,,,,,,2026-04-18 21:40:29.
0,10/44,4/35,Contraction_l_Alik_Bljk_Cijk_Dijk,"(8,1024,1,4096)",Cijk_Alik_Bljk_I8II_BH_GB_MT64x64x16_SN_GLVWA4_GLVWB4_GRVW8_K1_SU32_SUS256_TT4_4,NO_CHECK,229.283,292.69,,0.0625,0.5,32,0.125,1,0.5,1,1081344,32768,,,,,,,,,,2026-04-18 21:40:29.
0,10/44,5/35,Contraction_l_Alik_Bljk_Cijk_Dijk,"(8,1024,1,4096)",Cijk_Alik_Bljk_I8II_BH_GB_MT64x64x16_SN_GLVWA4_GLVWB4_GRVW16_K1_SU32_SUS256_TT4_4,NO_CHECK,229.563,292.333,,0.0625,0.5,32,0.125,1,0.5,1,1081344,32768,,,,,,,,,,2026-04-18 21:40:29.
0,10/44,6/35,Contraction_l_Alik_Bljk_Cijk_Dijk,"(8,1024,1,4096)",Cijk_Alik_Bljk_I8II_BH_GB_MT128x64x16_SN_GLVWA4_GLVWB4_GRVW4_K1_SU0_SUS0_TT8_4,NO_CHECK,341.524,196.498,,0.03125,0.5,32,0.0625,1,0.5,1,819200,32768,,,,,,,,,,2026-04-18 21:40:29.
0,10/44,7/35,Contraction_l_Alik_Bljk_Cijk_Dijk,"(8,1024,1,4096)",Cijk_Alik_Bljk_I8II_BH_GB_MT128x64x16_SN_GLVWA8_GLVWB4_GRVW8_K1_SU0_SUS0_TT8_4,NO_CHECK,345.004,194.516,,0.03125,0.5,32,0.0625,1,0.5,1,819200,32768,,,,,,,,,,2026-04-18 21:40:29.
0,10/44,8/35,Contraction_l_Alik_Bljk_Cijk_Dijk,"(8,1024,1,4096)",Cijk_Alik_Bljk_I8II_BH_GB_MT128x64x16_SN_GLVWA8_GLVWB4_GRVW16_K1_SU0_SUS0_TT8_4,NO_CHECK,351.004,191.191,,0.03125,0.5,32,0.0625,1,0.5,1,819200,32768,,,,,,,,,,2026-04-18 21:40:29.
0,10/44,9/35,Contraction_l_Alik_Bljk_Cijk_Dijk,"(8,1024,1,4096)",Cijk_Alik_Bljk_I8II_BH_GB_MT128x64x16_SN_GLVWA4_GLVWB4_GRVW4_K1_SU32_SUS256_TT8_4,NO_CHECK,342.044,196.2,,0.03125,0.5,32,0.0625,1,0.5,1,819200,32768,,,,,,,,,,2026-04-18 21:40:29.
0,10/44,10/35,Contraction_l_Alik_Bljk_Cijk_Dijk,"(8,1024,1,4096)",Cijk_Alik_Bljk_I8II_BH_GB_MT128x64x16_SN_GLVWA8_GLVWB4_GRVW8_K1_SU32_SUS256_TT8_4,NO_CHECK,341.764,196.36,,0.03125,0.5,32,0.0625,1,0.5,1,819200,32768,,,,,,,,,,2026-04-18 21:40:29.
0,10/44,11/35,Contraction_l_Alik_Bljk_Cijk_Dijk,"(8,1024,1,4096)",Cijk_Alik_Bljk_I8II_BH_GB_MT128x64x16_SN_GLVWA8_GLVWB4_GRVW16_K1_SU32_SUS256_TT8_4,NO_CHECK,514.125,130.53,,0.03125,0.5,32,0.0625,1,0.5,1,819200,32768,,,,,,,,,,2026-04-18 21:40:29.
0,10/44,12/35,Contraction_l_Alik_Bljk_Cijk_Dijk,"(8,1024,1,4096)",Cijk_Alik_Bljk_I8II_BH_GB_MT64x128x16_SN_GLVWA4_GLVWB4_GRVW4_K1_SU0_SUS0_TT4_8,NO_CHECK,348.364,192.64,,0.03125,0.25,32,0.125,1,0.25,1,819200,32768,,,,,,,,,,2026-04-18 21:40:29.
0,10/44,13/35,Contraction_l_Alik_Bljk_Cijk_Dijk,"(8,1024,1,4096)",Cijk_Alik_Bljk_I8II_BH_GB_MT64x128x16_SN_GLVWA4_GLVWB8_GRVW8_K1_SU0_SUS0_TT4_8,NO_CHECK,337.404,198.898,,0.03125,0.25,32,0.125,1,0.25,1,819200,32768,,,,,,,,,,2026-04-18 21:40:29.
0,10/44,14/35,Contraction_l_Alik_Bljk_Cijk_Dijk,"(8,1024,1,4096)",Cijk_Alik_Bljk_I8II_BH_GB_MT64x128x16_SN_GLVWA4_GLVWB8_GRVW16_K1_SU0_SUS0_TT4_8,NO_CHECK,338.164,198.451,,0.03125,0.25,32,0.125,1,0.25,1,819200,32768,,,,,,,,,,2026-04-18 21:40:29.
0,10/44,15/35,Contraction_l_Alik_Bljk_Cijk_Dijk,"(8,1024,1,4096)",Cijk_Alik_Bljk_I8II_BH_GB_MT64x128x16_SN_GLVWA4_GLVWB4_GRVW4_K1_SU32_SUS256_TT4_8,NO_CHECK,340.444,197.122,,0.03125,0.25,32,0.125,1,0.25,1,819200,32768,,,,,,,,,,2026-04-18 21:40:29.
0,10/44,16/35,Contraction_l_Alik_Bljk_Cijk_Dijk,"(8,1024,1,4096)",Cijk_Alik_Bljk_I8II_BH_GB_MT64x128x16_SN_GLVWA4_GLVWB8_GRVW8_K1_SU32_SUS256_TT4_8,NO_CHECK,339.603,197.61,,0.03125,0.25,32,0.125,1,0.25,1,819200,32768,,,,,,,,,,2026-04-18 21:40:29.
0,10/44,17/35,Contraction_l_Alik_Bljk_Cijk_Dijk,"(8,1024,1,4096)",Cijk_Alik_Bljk_I8II_BH_GB_MT64x128x16_SN_GLVWA4_GLVWB8_GRVW16_K1_SU32_SUS256_TT4_8,NO_CHECK,341.964,196.245,,0.03125,0.25,32,0.125,1,0.25,1,819200,32768,,,,,,,,,,2026-04-18 21:40:29.
0,10/44,18/35,Contraction_l_Alik_Bljk_Cijk_Dijk,"(8,1024,1,4096)",Cijk_Alik_Bljk_I8II_BH_GB_MT64x64x32_SN_GLVWA4_GLVWB4_GRVW4_K1_SU0_SUS0_TT4_4,NO_CHECK,233.403,287.524,,0.0625,0.5,32,0.125,1,0.5,1,1081344,32768,,,,,,,,,,2026-04-18 21:40:29.
0,10/44,19/35,Contraction_l_Alik_Bljk_Cijk_Dijk,"(8,1024,1,4096)",Cijk_Alik_Bljk_I8II_BH_GB_MT64x64x32_SN_GLVWA8_GLVWB8_GRVW8_K1_SU0_SUS0_TT4_4,NO_CHECK,234.763,285.858,,0.0625,0.5,32,0.125,1,0.5,1,1081344,32768,,,,,,,,,,2026-04-18 21:40:29.
0,10/44,20/35,Contraction_l_Alik_Bljk_Cijk_Dijk,"(8,1024,1,4096)",Cijk_Alik_Bljk_I8II_BH_GB_MT64x64x32_SN_GLVWA8_GLVWB8_GRVW16_K1_SU0_SUS0_TT4_4,NO_CHECK,234.083,286.688,,0.0625,0.5,32,0.125,1,0.5,1,1081344,32768,,,,,,,,,,2026-04-18 21:40:29.
0,10/44,21/35,Contraction_l_Alik_Bljk_Cijk_Dijk,"(8,1024,1,4096)",Cijk_Alik_Bljk_I8II_BH_GB_MT64x64x32_SN_GLVWA4_GLVWB4_GRVW4_K1_SU32_SUS256_TT4_4,NO_CHECK,237.043,283.108,,0.0625,0.5,32,0.125,1,0.5,1,1081344,32768,,,,,,,,,,2026-04-18 21:40:29.
0,10/44,22/35,Contraction_l_Alik_Bljk_Cijk_Dijk,"(8,1024,1,4096)",Cijk_Alik_Bljk_I8II_BH_GB_MT64x64x32_SN_GLVWA8_GLVWB8_GRVW8_K1_SU32_SUS256_TT4_4,NO_CHECK,234.803,285.809,,0.0625,0.5,32,0.125,1,0.5,1,1081344,32768,,,,,,,,,,2026-04-18 21:40:29.
0,10/44,23/35,Contraction_l_Alik_Bljk_Cijk_Dijk,"(8,1024,1,4096)",Cijk_Alik_Bljk_I8II_BH_GB_MT64x64x32_SN_GLVWA8_GLVWB8_GRVW16_K1_SU32_SUS256_TT4_4,NO_CHECK,235.163,285.372,,0.0625,0.5,32,0.125,1,0.5,1,1081344,32768,,,,,,,,,,2026-04-18 21:40:29.
0,10/44,24/35,Contraction_l_Alik_Bljk_Cijk_Dijk,"(8,1024,1,4096)",Cijk_Alik_Bljk_I8II_BH_GB_MT128x64x32_SN_GLVWA4_GLVWB4_GRVW4_K1_SU0_SUS0_TT8_4,NO_CHECK,359.404,186.723,,0.03125,0.5,32,0.0625,1,0.5,1,819200,32768,,,,,,,,,,2026-04-18 21:40:29.
0,10/44,25/35,Contraction_l_Alik_Bljk_Cijk_Dijk,"(8,1024,1,4096)",Cijk_Alik_Bljk_I8II_BH_GB_MT128x64x32_SN_GLVWA8_GLVWB8_GRVW8_K1_SU0_SUS0_TT8_4,NO_CHECK,358.324,187.285,,0.03125,0.5,32,0.0625,1,0.5,1,819200,32768,,,,,,,,,,2026-04-18 21:40:29.
0,10/44,26/35,Contraction_l_Alik_Bljk_Cijk_Dijk,"(8,1024,1,4096)",Cijk_Alik_Bljk_I8II_BH_GB_MT128x64x32_SN_GLVWA16_GLVWB8_GRVW16_K1_SU0_SUS0_TT8_4,NO_CHECK,353.204,190,,0.03125,0.5,32,0.0625,1,0.5,1,819200,32768,,,,,,,,,,2026-04-18 21:40:29.
0,10/44,27/35,Contraction_l_Alik_Bljk_Cijk_Dijk,"(8,1024,1,4096)",Cijk_Alik_Bljk_I8II_BH_GB_MT128x64x32_SN_GLVWA4_GLVWB4_GRVW4_K1_SU32_SUS256_TT8_4,NO_CHECK,356.404,188.294,,0.03125,0.5,32,0.0625,1,0.5,1,819200,32768,,,,,,,,,,2026-04-18 21:40:29.
0,10/44,28/35,Contraction_l_Alik_Bljk_Cijk_Dijk,"(8,1024,1,4096)",Cijk_Alik_Bljk_I8II_BH_GB_MT128x64x32_SN_GLVWA8_GLVWB8_GRVW8_K1_SU32_SUS256_TT8_4,NO_CHECK,554.486,121.029,,0.03125,0.5,32,0.0625,1,0.5,1,819200,32768,,,,,,,,,,2026-04-18 21:40:29.
0,10/44,29/35,Contraction_l_Alik_Bljk_Cijk_Dijk,"(8,1024,1,4096)",Cijk_Alik_Bljk_I8II_BH_GB_MT128x64x32_SN_GLVWA16_GLVWB8_GRVW16_K1_SU32_SUS256_TT8_4,NO_CHECK,362.444,185.156,,0.03125,0.5,32,0.0625,1,0.5,1,819200,32768,,,,,,,,,,2026-04-18 21:40:29.
0,10/44,30/35,Contraction_l_Alik_Bljk_Cijk_Dijk,"(8,1024,1,4096)",Cijk_Alik_Bljk_I8II_BH_GB_MT64x128x32_SN_GLVWA4_GLVWB4_GRVW4_K1_SU0_SUS0_TT4_8,NO_CHECK,351.084,191.148,,0.03125,0.25,32,0.125,1,0.25,1,819200,32768,,,,,,,,,,2026-04-18 21:40:29.
0,10/44,31/35,Contraction_l_Alik_Bljk_Cijk_Dijk,"(8,1024,1,4096)",Cijk_Alik_Bljk_I8II_BH_GB_MT64x128x32_SN_GLVWA8_GLVWB8_GRVW8_K1_SU0_SUS0_TT4_8,NO_CHECK,351.324,191.017,,0.03125,0.25,32,0.125,1,0.25,1,819200,32768,,,,,,,,,,2026-04-18 21:40:29.
0,10/44,32/35,Contraction_l_Alik_Bljk_Cijk_Dijk,"(8,1024,1,4096)",Cijk_Alik_Bljk_I8II_BH_GB_MT64x128x32_SN_GLVWA8_GLVWB16_GRVW16_K1_SU0_SUS0_TT4_8,NO_CHECK,349.484,192.023,,0.03125,0.25,32,0.125,1,0.25,1,819200,32768,,,,,,,,,,2026-04-18 21:40:29.
0,10/44,33/35,Contraction_l_Alik_Bljk_Cijk_Dijk,"(8,1024,1,4096)",Cijk_Alik_Bljk_I8II_BH_GB_MT64x128x32_SN_GLVWA4_GLVWB4_GRVW4_K1_SU32_SUS256_TT4_8,NO_CHECK,352.284,190.496,,0.03125,0.25,32,0.125,1,0.25,1,819200,32768,,,,,,,,,,2026-04-18 21:40:29.
0,10/44,34/35,Contraction_l_Alik_Bljk_Cijk_Dijk,"(8,1024,1,4096)",Cijk_Alik_Bljk_I8II_BH_GB_MT64x128x32_SN_GLVWA8_GLVWB8_GRVW8_K1_SU32_SUS256_TT4_8,NO_CHECK,350.324,191.562,,0.03125,0.25,32,0.125,1,0.25,1,819200,32768,,,,,,,,,,2026-04-18 21:40:29.
0,10/44,35/35,Contraction_l_Alik_Bljk_Cijk_Dijk,"(8,1024,1,4096)",Cijk_Alik_Bljk_I8II_BH_GB_MT64x128x32_SN_GLVWA8_GLVWB16_GRVW16_K1_SU32_SUS256_TT4_8,NO_CHECK,350.563,191.432,,0.03125,0.25,32,0.125,1,0.25,1,819200,32768,,,,,,,,,,2026-04-18 21:40:29.
0,11/44,0/35,Contraction_l_Alik_Bljk_Cijk_Dijk,"(8,1024,1,8192)",Cijk_Alik_Bljk_I8II_BH_GB_MT64x64x16_SN_GLVWA4_GLVWB4_GRVW4_K1_SU0_SUS0_TT4_4,NO_CHECK,436.724,307.328,,0.0625,0.5,32,0.125,1,0.5,1,2129920,32768,,,,,,,,,,2026-04-18 21:40:29.
0,11/44,1/35,Contraction_l_Alik_Bljk_Cijk_Dijk,"(8,1024,1,8192)",Cijk_Alik_Bljk_I8II_BH_GB_MT64x64x16_SN_GLVWA4_GLVWB4_GRVW8_K1_SU0_SUS0_TT4_4,NO_CHECK,436.125,307.751,,0.0625,0.5,32,0.125,1,0.5,1,2129920,32768,,,,,,,,,,2026-04-18 21:40:29.
0,11/44,2/35,Contraction_l_Alik_Bljk_Cijk_Dijk,"(8,1024,1,8192)",Cijk_Alik_Bljk_I8II_BH_GB_MT64x64x16_SN_GLVWA4_GLVWB4_GRVW16_K1_SU0_SUS0_TT4_4,NO_CHECK,437.245,306.962,,0.0625,0.5,32,0.125,1,0.5,1,2129920,32768,,,,,,,,,,2026-04-18 21:40:29.
0,11/44,3/35,Contraction_l_Alik_Bljk_Cijk_Dijk,"(8,1024,1,8192)",Cijk_Alik_Bljk_I8II_BH_GB_MT64x64x16_SN_GLVWA4_GLVWB4_GRVW4_K1_SU32_SUS256_TT4_4,NO_CHECK,438.365,306.178,,0.0625,0.5,32,0.125,1,0.5,1,2129920,32768,,,,,,,,,,2026-04-18 21:40:29.
0,11/44,4/35,Contraction_l_Alik_Bljk_Cijk_Dijk,"(8,1024,1,8192)",Cijk_Alik_Bljk_I8II_BH_GB_MT64x64x16_SN_GLVWA4_GLVWB4_GRVW8_K1_SU32_SUS256_TT4_4,NO_CHECK,438.485,306.094,,0.0625,0.5,32,0.125,1,0.5,1,2129920,32768,,,,,,,,,,2026-04-18 21:40:29.
0,11/44,5/35,Contraction_l_Alik_Bljk_Cijk_Dijk,"(8,1024,1,8192)",Cijk_Alik_Bljk_I8II_BH_GB_MT64x64x16_SN_GLVWA4_GLVWB4_GRVW16_K1_SU32_SUS256_TT4_4,NO_CHECK,439.725,305.231,,0.0625,0.5,32,0.125,1,0.5,1,2129920,32768,,,,,,,,,,2026-04-18 21:40:29.
0,11/44,6/35,Contraction_l_Alik_Bljk_Cijk_Dijk,"(8,1024,1,8192)",Cijk_Alik_Bljk_I8II_BH_GB_MT128x64x16_SN_GLVWA4_GLVWB4_GRVW4_K1_SU0_SUS0_TT8_4,NO_CHECK,658.328,203.877,,0.03125,0.5,32,0.0625,1,0.5,1,1605632,32768,,,,,,,,,,2026-04-18 21:40:29.
0,11/44,7/35,Contraction_l_Alik_Bljk_Cijk_Dijk,"(8,1024,1,8192)",Cijk_Alik_Bljk_I8II_BH_GB_MT128x64x16_SN_GLVWA8_GLVWB4_GRVW8_K1_SU0_SUS0_TT8_4,NO_CHECK,655.407,204.785,,0.03125,0.5,32,0.0625,1,0.5,1,1605632,32768,,,,,,,,,,2026-04-18 21:40:29.
0,11/44,8/35,Contraction_l_Alik_Bljk_Cijk_Dijk,"(8,1024,1,8192)",Cijk_Alik_Bljk_I8II_BH_GB_MT128x64x16_SN_GLVWA8_GLVWB4_GRVW16_K1_SU0_SUS0_TT8_4,NO_CHECK,654.047,205.211,,0.03125,0.5,32,0.0625,1,0.5,1,1605632,32768,,,,,,,,,,2026-04-18 21:40:29.
0,11/44,9/35,Contraction_l_Alik_Bljk_Cijk_Dijk,"(8,1024,1,8192)",Cijk_Alik_Bljk_I8II_BH_GB_MT128x64x16_SN_GLVWA4_GLVWB4_GRVW4_K1_SU32_SUS256_TT8_4,NO_CHECK,657.567,204.113,,0.03125,0.5,32,0.0625,1,0.5,1,1605632,32768,,,,,,,,,,2026-04-18 21:40:29.
0,11/44,10/35,Contraction_l_Alik_Bljk_Cijk_Dijk,"(8,1024,1,8192)",Cijk_Alik_Bljk_I8II_BH_GB_MT128x64x16_SN_GLVWA8_GLVWB4_GRVW8_K1_SU32_SUS256_TT8_4,NO_CHECK,654.607,205.036,,0.03125,0.5,32,0.0625,1,0.5,1,1605632,32768,,,,,,,,,,2026-04-18 21:40:29.
0,11/44,11/35,Contraction_l_Alik_Bljk_Cijk_Dijk,"(8,1024,1,8192)",Cijk_Alik_Bljk_I8II_BH_GB_MT128x64x16_SN_GLVWA8_GLVWB4_GRVW16_K1_SU32_SUS256_TT8_4,NO_CHECK,652.367,205.74,,0.03125,0.5,32,0.0625,1,0.5,1,1605632,32768,,,,,,,,,,2026-04-18 21:40:29.
0,11/44,12/35,Contraction_l_Alik_Bljk_Cijk_Dijk,"(8,1024,1,8192)",Cijk_Alik_Bljk_I8II_BH_GB_MT64x128x16_SN_GLVWA4_GLVWB4_GRVW4_K1_SU0_SUS0_TT4_8,NO_CHECK,650.487,206.334,,0.03125,0.25,32,0.125,1,0.25,1,1605632,32768,,,,,,,,,,2026-04-18 21:40:29.
0,11/44,13/35,Contraction_l_Alik_Bljk_Cijk_Dijk,"(8,1024,1,8192)",Cijk_Alik_Bljk_I8II_BH_GB_MT64x128x16_SN_GLVWA4_GLVWB8_GRVW8_K1_SU0_SUS0_TT4_8,NO_CHECK,649.927,206.512,,0.03125,0.25,32,0.125,1,0.25,1,1605632,32768,,,,,,,,,,2026-04-18 21:40:29.
0,11/44,14/35,Contraction_l_Alik_Bljk_Cijk_Dijk,"(8,1024,1,8192)",Cijk_Alik_Bljk_I8II_BH_GB_MT64x128x16_SN_GLVWA4_GLVWB8_GRVW16_K1_SU0_SUS0_TT4_8,NO_CHECK,651.527,206.005,,0.03125,0.25,32,0.125,1,0.25,1,1605632,32768,,,,,,,,,,2026-04-18 21:40:29.
0,11/44,15/35,Contraction_l_Alik_Bljk_Cijk_Dijk,"(8,1024,1,8192)",Cijk_Alik_Bljk_I8II_BH_GB_MT64x128x16_SN_GLVWA4_GLVWB4_GRVW4_K1_SU32_SUS256_TT4_8,NO_CHECK,658.368,203.864,,0.03125,0.25,32,0.125,1,0.25,1,1605632,32768,,,,,,,,,,2026-04-18 21:40:29.
0,11/44,16/35,Contraction_l_Alik_Bljk_Cijk_Dijk,"(8,1024,1,8192)",Cijk_Alik_Bljk_I8II_BH_GB_MT64x128x16_SN_GLVWA4_GLVWB8_GRVW8_K1_SU32_SUS256_TT4_8,NO_CHECK,659.487,203.518,,0.03125,0.25,32,0.125,1,0.25,1,1605632,32768,,,,,,,,,,2026-04-18 21:40:29.
0,11/44,17/35,Contraction_l_Alik_Bljk_Cijk_Dijk,"(8,1024,1,8192)",Cijk_Alik_Bljk_I8II_BH_GB_MT64x128x16_SN_GLVWA4_GLVWB8_GRVW16_K1_SU32_SUS256_TT4_8,NO_CHECK,657.167,204.237,,0.03125,0.25,32,0.125,1,0.25,1,1605632,32768,,,,,,,,,,2026-04-18 21:40:29.
0,11/44,18/35,Contraction_l_Alik_Bljk_Cijk_Dijk,"(8,1024,1,8192)",Cijk_Alik_Bljk_I8II_BH_GB_MT64x64x32_SN_GLVWA4_GLVWB4_GRVW4_K1_SU0_SUS0_TT4_4,NO_CHECK,443.285,302.78,,0.0625,0.5,32,0.125,1,0.5,1,2129920,32768,,,,,,,,,,2026-04-18 21:40:29.
0,11/44,19/35,Contraction_l_Alik_Bljk_Cijk_Dijk,"(8,1024,1,8192)",Cijk_Alik_Bljk_I8II_BH_GB_MT64x64x32_SN_GLVWA8_GLVWB8_GRVW8_K1_SU0_SUS0_TT4_4,NO_CHECK,440.645,304.594,,0.0625,0.5,32,0.125,1,0.5,1,2129920,32768,,,,,,,,,,2026-04-18 21:40:29.
0,11/44,20/35,Contraction_l_Alik_Bljk_Cijk_Dijk,"(8,1024,1,8192)",Cijk_Alik_Bljk_I8II_BH_GB_MT64x64x32_SN_GLVWA8_GLVWB8_GRVW16_K1_SU0_SUS0_TT4_4,NO_CHECK,448.605,299.189,,0.0625,0.5,32,0.125,1,0.5,1,2129920,32768,,,,,,,,,,2026-04-18 21:40:29.
0,11/44,21/35,Contraction_l_Alik_Bljk_Cijk_Dijk,"(8,1024,1,8192)",Cijk_Alik_Bljk_I8II_BH_GB_MT64x64x32_SN_GLVWA4_GLVWB4_GRVW4_K1_SU32_SUS256_TT4_4,NO_CHECK,442.565,303.272,,0.0625,0.5,32,0.125,1,0.5,1,2129920,32768,,,,,,,,,,2026-04-18 21:40:29.
0,11/44,22/35,Contraction_l_Alik_Bljk_Cijk_Dijk,"(8,1024,1,8192)",Cijk_Alik_Bljk_I8II_BH_GB_MT64x64x32_SN_GLVWA8_GLVWB8_GRVW8_K1_SU32_SUS256_TT4_4,NO_CHECK,439.685,305.259,,0.0625,0.5,32,0.125,1,0.5,1,2129920,32768,,,,,,,,,,2026-04-18 21:40:29.
0,11/44,23/35,Contraction_l_Alik_Bljk_Cijk_Dijk,"(8,1024,1,8192)",Cijk_Alik_Bljk_I8II_BH_GB_MT64x64x32_SN_GLVWA8_GLVWB8_GRVW16_K1_SU32_SUS256_TT4_4,NO_CHECK,439.685,305.259,,0.0625,0.5,32,0.125,1,0.5,1,2129920,32768,,,,,,,,,,2026-04-18 21:40:29.
0,11/44,24/35,Contraction_l_Alik_Bljk_Cijk_Dijk,"(8,1024,1,8192)",Cijk_Alik_Bljk_I8II_BH_GB_MT128x64x32_SN_GLVWA4_GLVWB4_GRVW4_K1_SU0_SUS0_TT8_4,NO_CHECK,666.728,201.308,,0.03125,0.5,32,0.0625,1,0.5,1,1605632,32768,,,,,,,,,,2026-04-18 21:40:29.
0,11/44,25/35,Contraction_l_Alik_Bljk_Cijk_Dijk,"(8,1024,1,8192)",Cijk_Alik_Bljk_I8II_BH_GB_MT128x64x32_SN_GLVWA8_GLVWB8_GRVW8_K1_SU0_SUS0_TT8_4,NO_CHECK,662.207,202.682,,0.03125,0.5,32,0.0625,1,0.5,1,1605632,32768,,,,,,,,,,2026-04-18 21:40:29.
0,11/44,26/35,Contraction_l_Alik_Bljk_Cijk_Dijk,"(8,1024,1,8192)",Cijk_Alik_Bljk_I8II_BH_GB_MT128x64x32_SN_GLVWA16_GLVWB8_GRVW16_K1_SU0_SUS0_TT8_4,NO_CHECK,660.967,203.063,,0.03125,0.5,32,0.0625,1,0.5,1,1605632,32768,,,,,,,,,,2026-04-18 21:40:29.
0,11/44,27/35,Contraction_l_Alik_Bljk_Cijk_Dijk,"(8,1024,1,8192)",Cijk_Alik_Bljk_I8II_BH_GB_MT128x64x32_SN_GLVWA4_GLVWB4_GRVW4_K1_SU32_SUS256_TT8_4,NO_CHECK,669.208,200.562,,0.03125,0.5,32,0.0625,1,0.5,1,1605632,32768,,,,,,,,,,2026-04-18 21:40:29.
0,11/44,28/35,Contraction_l_Alik_Bljk_Cijk_Dijk,"(8,1024,1,8192)",Cijk_Alik_Bljk_I8II_BH_GB_MT128x64x32_SN_GLVWA8_GLVWB8_GRVW8_K1_SU32_SUS256_TT8_4,NO_CHECK,859.569,156.145,,0.03125,0.5,32,0.0625,1,0.5,1,1605632,32768,,,,,,,,,,2026-04-18 21:40:29.
0,11/44,29/35,Contraction_l_Alik_Bljk_Cijk_Dijk,"(8,1024,1,8192)",Cijk_Alik_Bljk_I8II_BH_GB_MT128x64x32_SN_GLVWA16_GLVWB8_GRVW16_K1_SU32_SUS256_TT8_4,NO_CHECK,671.008,200.024,,0.03125,0.5,32,0.0625,1,0.5,1,1605632,32768,,,,,,,,,,2026-04-18 21:40:29.
0,11/44,30/35,Contraction_l_Alik_Bljk_Cijk_Dijk,"(8,1024,1,8192)",Cijk_Alik_Bljk_I8II_BH_GB_MT64x128x32_SN_GLVWA4_GLVWB4_GRVW4_K1_SU0_SUS0_TT4_8,NO_CHECK,662.927,202.462,,0.03125,0.25,32,0.125,1,0.25,1,1605632,32768,,,,,,,,,,2026-04-18 21:40:29.
0,11/44,31/35,Contraction_l_Alik_Bljk_Cijk_Dijk,"(8,1024,1,8192)",Cijk_Alik_Bljk_I8II_BH_GB_MT64x128x32_SN_GLVWA8_GLVWB8_GRVW8_K1_SU0_SUS0_TT4_8,NO_CHECK,660.128,203.321,,0.03125,0.25,32,0.125,1,0.25,1,1605632,32768,,,,,,,,,,2026-04-18 21:40:29.
0,11/44,32/35,Contraction_l_Alik_Bljk_Cijk_Dijk,"(8,1024,1,8192)",Cijk_Alik_Bljk_I8II_BH_GB_MT64x128x32_SN_GLVWA8_GLVWB16_GRVW16_K1_SU0_SUS0_TT4_8,NO_CHECK,658.447,203.84,,0.03125,0.25,32,0.125,1,0.25,1,1605632,32768,,,,,,,,,,2026-04-18 21:40:29.
0,11/44,33/35,Contraction_l_Alik_Bljk_Cijk_Dijk,"(8,1024,1,8192)",Cijk_Alik_Bljk_I8II_BH_GB_MT64x128x32_SN_GLVWA4_GLVWB4_GRVW4_K1_SU32_SUS256_TT4_8,NO_CHECK,663.767,202.206,,0.03125,0.25,32,0.125,1,0.25,1,1605632,32768,,,,,,,,,,2026-04-18 21:40:29.
0,11/44,34/35,Contraction_l_Alik_Bljk_Cijk_Dijk,"(8,1024,1,8192)",Cijk_Alik_Bljk_I8II_BH_GB_MT64x128x32_SN_GLVWA8_GLVWB8_GRVW8_K1_SU32_SUS256_TT4_8,NO_CHECK,661.528,202.89,,0.03125,0.25,32,0.125,1,0.25,1,1605632,32768,,,,,,,,,,2026-04-18 21:40:29.
0,11/44,35/35,Contraction_l_Alik_Bljk_Cijk_Dijk,"(8,1024,1,8192)",Cijk_Alik_Bljk_I8II_BH_GB_MT64x128x32_SN_GLVWA8_GLVWB16_GRVW16_K1_SU32_SUS256_TT4_8,NO_CHECK,663.887,202.17,,0.03125,0.25,32,0.125,1,0.25,1,1605632,32768,,,,,,,,,,2026-04-18 21:40:29.
0,12/44,0/35,Contraction_l_Alik_Bljk_Cijk_Dijk,"(8,4096,1,1024)",Cijk_Alik_Bljk_I8II_BH_GB_MT64x64x16_SN_GLVWA4_GLVWB4_GRVW4_K1_SU0_SUS0_TT4_4,NO_CHECK,112.362,597.256,,0.125,2,32,0.125,1,1,1,1179648,131072,,,,,,,,,,2026-04-18 21:40:29.
0,12/44,1/35,Contraction_l_Alik_Bljk_Cijk_Dijk,"(8,4096,1,1024)",Cijk_Alik_Bljk_I8II_BH_GB_MT64x64x16_SN_GLVWA4_GLVWB4_GRVW8_K1_SU0_SUS0_TT4_4,NO_CHECK,112.282,597.681,,0.125,2,32,0.125,1,1,1,1179648,131072,,,,,,,,,,2026-04-18 21:40:29.
0,12/44,2/35,Contraction_l_Alik_Bljk_Cijk_Dijk,"(8,4096,1,1024)",Cijk_Alik_Bljk_I8II_BH_GB_MT64x64x16_SN_GLVWA4_GLVWB4_GRVW16_K1_SU0_SUS0_TT4_4,NO_CHECK,112.721,595.354,,0.125,2,32,0.125,1,1,1,1179648,131072,,,,,,,,,,2026-04-18 21:40:29.
0,12/44,3/35,Contraction_l_Alik_Bljk_Cijk_Dijk,"(8,4096,1,1024)",Cijk_Alik_Bljk_I8II_BH_GB_MT64x64x16_SN_GLVWA4_GLVWB4_GRVW4_K1_SU32_SUS256_TT4_4,NO_CHECK,113.681,590.326,,0.125,2,32,0.125,1,1,1,1179648,131072,,,,,,,,,,2026-04-18 21:40:29.
0,12/44,4/35,Contraction_l_Alik_Bljk_Cijk_Dijk,"(8,4096,1,1024)",Cijk_Alik_Bljk_I8II_BH_GB_MT64x64x16_SN_GLVWA4_GLVWB4_GRVW8_K1_SU32_SUS256_TT4_4,NO_CHECK,113.322,592.196,,0.125,2,32,0.125,1,1,1,1179648,131072,,,,,,,,,,2026-04-18 21:40:29.
0,12/44,5/35,Contraction_l_Alik_Bljk_Cijk_Dijk,"(8,4096,1,1024)",Cijk_Alik_Bljk_I8II_BH_GB_MT64x64x16_SN_GLVWA4_GLVWB4_GRVW16_K1_SU32_SUS256_TT4_4,NO_CHECK,112.922,594.294,,0.125,2,32,0.125,1,1,1,1179648,131072,,,,,,,,,,2026-04-18 21:40:29.
0,12/44,6/35,Contraction_l_Alik_Bljk_Cijk_Dijk,"(8,4096,1,1024)",Cijk_Alik_Bljk_I8II_BH_GB_MT128x64x16_SN_GLVWA4_GLVWB4_GRVW4_K1_SU0_SUS0_TT8_4,NO_CHECK,343.844,195.172,,0.0625,2,32,0.0625,1,1,1,917504,131072,,,,,,,,,,2026-04-18 21:40:29.
0,12/44,7/35,Contraction_l_Alik_Bljk_Cijk_Dijk,"(8,4096,1,1024)",Cijk_Alik_Bljk_I8II_BH_GB_MT128x64x16_SN_GLVWA8_GLVWB4_GRVW8_K1_SU0_SUS0_TT8_4,NO_CHECK,177.642,377.776,,0.0625,2,32,0.0625,1,1,1,917504,131072,,,,,,,,,,2026-04-18 21:40:29.
0,12/44,8/35,Contraction_l_Alik_Bljk_Cijk_Dijk,"(8,4096,1,1024)",Cijk_Alik_Bljk_I8II_BH_GB_MT128x64x16_SN_GLVWA8_GLVWB4_GRVW16_K1_SU0_SUS0_TT8_4,NO_CHECK,166.802,402.326,,0.0625,2,32,0.0625,1,1,1,917504,131072,,,,,,,,,,2026-04-18 21:40:29.
0,12/44,9/35,Contraction_l_Alik_Bljk_Cijk_Dijk,"(8,4096,1,1024)",Cijk_Alik_Bljk_I8II_BH_GB_MT128x64x16_SN_GLVWA4_GLVWB4_GRVW4_K1_SU32_SUS256_TT8_4,NO_CHECK,167.521,400.6,,0.0625,2,32,0.0625,1,1,1,917504,131072,,,,,,,,,,2026-04-18 21:40:29.
0,12/44,10/35,Contraction_l_Alik_Bljk_Cijk_Dijk,"(8,4096,1,1024)",Cijk_Alik_Bljk_I8II_BH_GB_MT128x64x16_SN_GLVWA8_GLVWB4_GRVW8_K1_SU32_SUS256_TT8_4,NO_CHECK,166.562,402.906,,0.0625,2,32,0.0625,1,1,1,917504,131072,,,,,,,,,,2026-04-18 21:40:29.
0,12/44,11/35,Contraction_l_Alik_Bljk_Cijk_Dijk,"(8,4096,1,1024)",Cijk_Alik_Bljk_I8II_BH_GB_MT128x64x16_SN_GLVWA8_GLVWB4_GRVW16_K1_SU32_SUS256_TT8_4,NO_CHECK,166.602,402.809,,0.0625,2,32,0.0625,1,1,1,917504,131072,,,,,,,,,,2026-04-18 21:40:29.
0,12/44,12/35,Contraction_l_Alik_Bljk_Cijk_Dijk,"(8,4096,1,1024)",Cijk_Alik_Bljk_I8II_BH_GB_MT64x128x16_SN_GLVWA4_GLVWB4_GRVW4_K1_SU0_SUS0_TT4_8,NO_CHECK,106.281,631.429,,0.125,1,32,0.125,1,1,1,917504,131072,,,,,,,,,,2026-04-18 21:40:29.
0,12/44,13/35,Contraction_l_Alik_Bljk_Cijk_Dijk,"(8,4096,1,1024)",Cijk_Alik_Bljk_I8II_BH_GB_MT64x128x16_SN_GLVWA4_GLVWB8_GRVW8_K1_SU0_SUS0_TT4_8,NO_CHECK,106.521,630.006,,0.125,1,32,0.125,1,1,1,917504,131072,,,,,,,,,,2026-04-18 21:40:29.
0,12/44,14/35,Contraction_l_Alik_Bljk_Cijk_Dijk,"(8,4096,1,1024)",Cijk_Alik_Bljk_I8II_BH_GB_MT64x128x16_SN_GLVWA4_GLVWB8_GRVW16_K1_SU0_SUS0_TT4_8,NO_CHECK,106.842,628.113,,0.125,1,32,0.125,1,1,1,917504,131072,,,,,,,,,,2026-04-18 21:40:29.
0,12/44,15/35,Contraction_l_Alik_Bljk_Cijk_Dijk,"(8,4096,1,1024)",Cijk_Alik_Bljk_I8II_BH_GB_MT64x128x16_SN_GLVWA4_GLVWB4_GRVW4_K1_SU32_SUS256_TT4_8,NO_CHECK,107.321,625.31,,0.125,1,32,0.125,1,1,1,917504,131072,,,,,,,,,,2026-04-18 21:40:29.
0,12/44,16/35,Contraction_l_Alik_Bljk_Cijk_Dijk,"(8,4096,1,1024)",Cijk_Alik_Bljk_I8II_BH_GB_MT64x128x16_SN_GLVWA4_GLVWB8_GRVW8_K1_SU32_SUS256_TT4_8,NO_CHECK,115.321,581.931,,0.125,1,32,0.125,1,1,1,917504,131072,,,,,,,,,,2026-04-18 21:40:29.
0,12/44,17/35,Contraction_l_Alik_Bljk_Cijk_Dijk,"(8,4096,1,1024)",Cijk_Alik_Bljk_I8II_BH_GB_MT64x128x16_SN_GLVWA4_GLVWB8_GRVW16_K1_SU32_SUS256_TT4_8,NO_CHECK,107.121,626.477,,0.125,1,32,0.125,1,1,1,917504,131072,,,,,,,,,,2026-04-18 21:40:29.
0,12/44,18/35,Contraction_l_Alik_Bljk_Cijk_Dijk,"(8,4096,1,1024)",Cijk_Alik_Bljk_I8II_BH_GB_MT64x64x32_SN_GLVWA4_GLVWB4_GRVW4_K1_SU0_SUS0_TT4_4,NO_CHECK,113.162,593.034,,0.125,2,32,0.125,1,1,1,1179648,131072,,,,,,,,,,2026-04-18 21:40:29.
0,12/44,19/35,Contraction_l_Alik_Bljk_Cijk_Dijk,"(8,4096,1,1024)",Cijk_Alik_Bljk_I8II_BH_GB_MT64x64x32_SN_GLVWA8_GLVWB8_GRVW8_K1_SU0_SUS0_TT4_4,NO_CHECK,112.921,594.299,,0.125,2,32,0.125,1,1,1,1179648,131072,,,,,,,,,,2026-04-18 21:40:29.
0,12/44,20/35,Contraction_l_Alik_Bljk_Cijk_Dijk,"(8,4096,1,1024)",Cijk_Alik_Bljk_I8II_BH_GB_MT64x64x32_SN_GLVWA8_GLVWB8_GRVW16_K1_SU0_SUS0_TT4_4,NO_CHECK,113.081,593.458,,0.125,2,32,0.125,1,1,1,1179648,131072,,,,,,,,,,2026-04-18 21:40:29.
0,12/44,21/35,Contraction_l_Alik_Bljk_Cijk_Dijk,"(8,4096,1,1024)",Cijk_Alik_Bljk_I8II_BH_GB_MT64x64x32_SN_GLVWA4_GLVWB4_GRVW4_K1_SU32_SUS256_TT4_4,NO_CHECK,113.881,589.289,,0.125,2,32,0.125,1,1,1,1179648,131072,,,,,,,,,,2026-04-18 21:40:29.
0,12/44,22/35,Contraction_l_Alik_Bljk_Cijk_Dijk,"(8,4096,1,1024)",Cijk_Alik_Bljk_I8II_BH_GB_MT64x64x32_SN_GLVWA8_GLVWB8_GRVW8_K1_SU32_SUS256_TT4_4,NO_CHECK,113.482,591.361,,0.125,2,32,0.125,1,1,1,1179648,131072,,,,,,,,,,2026-04-18 21:40:29.
0,12/44,23/35,Contraction_l_Alik_Bljk_Cijk_Dijk,"(8,4096,1,1024)",Cijk_Alik_Bljk_I8II_BH_GB_MT64x64x32_SN_GLVWA8_GLVWB8_GRVW16_K1_SU32_SUS256_TT4_4,NO_CHECK,113.762,589.906,,0.125,2,32,0.125,1,1,1,1179648,131072,,,,,,,,,,2026-04-18 21:40:29.
0,12/44,24/35,Contraction_l_Alik_Bljk_Cijk_Dijk,"(8,4096,1,1024)",Cijk_Alik_Bljk_I8II_BH_GB_MT128x64x32_SN_GLVWA4_GLVWB4_GRVW4_K1_SU0_SUS0_TT8_4,NO_CHECK,174.882,383.738,,0.0625,2,32,0.0625,1,1,1,917504,131072,,,,,,,,,,2026-04-18 21:40:29.
0,12/44,25/35,Contraction_l_Alik_Bljk_Cijk_Dijk,"(8,4096,1,1024)",Cijk_Alik_Bljk_I8II_BH_GB_MT128x64x32_SN_GLVWA8_GLVWB8_GRVW8_K1_SU0_SUS0_TT8_4,NO_CHECK,173.962,385.767,,0.0625,2,32,0.0625,1,1,1,917504,131072,,,,,,,,,,2026-04-18 21:40:29.
0,12/44,26/35,Contraction_l_Alik_Bljk_Cijk_Dijk,"(8,4096,1,1024)",Cijk_Alik_Bljk_I8II_BH_GB_MT128x64x32_SN_GLVWA16_GLVWB8_GRVW16_K1_SU0_SUS0_TT8_4,NO_CHECK,174.282,385.059,,0.0625,2,32,0.0625,1,1,1,917504,131072,,,,,,,,,,2026-04-18 21:40:29.
0,12/44,27/35,Contraction_l_Alik_Bljk_Cijk_Dijk,"(8,4096,1,1024)",Cijk_Alik_Bljk_I8II_BH_GB_MT128x64x32_SN_GLVWA4_GLVWB4_GRVW4_K1_SU32_SUS256_TT8_4,NO_CHECK,175.322,382.775,,0.0625,2,32,0.0625,1,1,1,917504,131072,,,,,,,,,,2026-04-18 21:40:29.
0,12/44,28/35,Contraction_l_Alik_Bljk_Cijk_Dijk,"(8,4096,1,1024)",Cijk_Alik_Bljk_I8II_BH_GB_MT128x64x32_SN_GLVWA8_GLVWB8_GRVW8_K1_SU32_SUS256_TT8_4,NO_CHECK,174.562,384.441,,0.0625,2,32,0.0625,1,1,1,917504,131072,,,,,,,,,,2026-04-18 21:40:29.
0,12/44,29/35,Contraction_l_Alik_Bljk_Cijk_Dijk,"(8,4096,1,1024)",Cijk_Alik_Bljk_I8II_BH_GB_MT128x64x32_SN_GLVWA16_GLVWB8_GRVW16_K1_SU32_SUS256_TT8_4,NO_CHECK,174.802,383.914,,0.0625,2,32,0.0625,1,1,1,917504,131072,,,,,,,,,,2026-04-18 21:40:29.
0,12/44,30/35,Contraction_l_Alik_Bljk_Cijk_Dijk,"(8,4096,1,1024)",Cijk_Alik_Bljk_I8II_BH_GB_MT64x128x32_SN_GLVWA4_GLVWB4_GRVW4_K1_SU0_SUS0_TT4_8,NO_CHECK,119.042,563.741,,0.125,1,32,0.125,1,1,1,917504,131072,,,,,,,,,,2026-04-18 21:40:29.
0,12/44,31/35,Contraction_l_Alik_Bljk_Cijk_Dijk,"(8,4096,1,1024)",Cijk_Alik_Bljk_I8II_BH_GB_MT64x128x32_SN_GLVWA8_GLVWB8_GRVW8_K1_SU0_SUS0_TT4_8,NO_CHECK,117.762,569.869,,0.125,1,32,0.125,1,1,1,917504,131072,,,,,,,,,,2026-04-18 21:40:29.
0,12/44,32/35,Contraction_l_Alik_Bljk_Cijk_Dijk,"(8,4096,1,1024)",Cijk_Alik_Bljk_I8II_BH_GB_MT64x128x32_SN_GLVWA8_GLVWB16_GRVW16_K1_SU0_SUS0_TT4_8,NO_CHECK,126.082,532.264,,0.125,1,32,0.125,1,1,1,917504,131072,,,,,,,,,,2026-04-18 21:40:29.
0,12/44,33/35,Contraction_l_Alik_Bljk_Cijk_Dijk,"(8,4096,1,1024)",Cijk_Alik_Bljk_I8II_BH_GB_MT64x128x32_SN_GLVWA4_GLVWB4_GRVW4_K1_SU32_SUS256_TT4_8,NO_CHECK,118.921,564.315,,0.125,1,32,0.125,1,1,1,917504,131072,,,,,,,,,,2026-04-18 21:40:29.
0,12/44,34/35,Contraction_l_Alik_Bljk_Cijk_Dijk,"(8,4096,1,1024)",Cijk_Alik_Bljk_I8II_BH_GB_MT64x128x32_SN_GLVWA8_GLVWB8_GRVW8_K1_SU32_SUS256_TT4_8,NO_CHECK,311.164,215.67,,0.125,1,32,0.125,1,1,1,917504,131072,,,,,,,,,,2026-04-18 21:40:29.
0,12/44,35/35,Contraction_l_Alik_Bljk_Cijk_Dijk,"(8,4096,1,1024)",Cijk_Alik_Bljk_I8II_BH_GB_MT64x128x32_SN_GLVWA8_GLVWB16_GRVW16_K1_SU32_SUS256_TT4_8,NO_CHECK,118.121,568.137,,0.125,1,32,0.125,1,1,1,917504,131072,,,,,,,,,,2026-04-18 21:40:29.
0,13/44,0/35,Contraction_l_Alik_Bljk_Cijk_Dijk,"(8,4096,1,4096)",Cijk_Alik_Bljk_I8II_BH_GB_MT64x64x16_SN_GLVWA4_GLVWB4_GRVW4_K1_SU0_SUS0_TT4_4,NO_CHECK,399.884,671.283,,0.125,2,32,0.125,1,1,1,4325376,131072,,,,,,,,,,2026-04-18 21:40:29.
0,13/44,1/35,Contraction_l_Alik_Bljk_Cijk_Dijk,"(8,4096,1,4096)",Cijk_Alik_Bljk_I8II_BH_GB_MT64x64x16_SN_GLVWA4_GLVWB4_GRVW8_K1_SU0_SUS0_TT4_4,NO_CHECK,397.925,674.588,,0.125,2,32,0.125,1,1,1,4325376,131072,,,,,,,,,,2026-04-18 21:40:29.
0,13/44,2/35,Contraction_l_Alik_Bljk_Cijk_Dijk,"(8,4096,1,4096)",Cijk_Alik_Bljk_I8II_BH_GB_MT64x64x16_SN_GLVWA4_GLVWB4_GRVW16_K1_SU0_SUS0_TT4_4,NO_CHECK,398.685,673.302,,0.125,2,32,0.125,1,1,1,4325376,131072,,,,,,,,,,2026-04-18 21:40:29.
0,13/44,3/35,Contraction_l_Alik_Bljk_Cijk_Dijk,"(8,4096,1,4096)",Cijk_Alik_Bljk_I8II_BH_GB_MT64x64x16_SN_GLVWA4_GLVWB4_GRVW4_K1_SU32_SUS256_TT4_4,NO_CHECK,399.725,671.55,,0.125,2,32,0.125,1,1,1,4325376,131072,,,,,,,,,,2026-04-18 21:40:29.
0,13/44,4/35,Contraction_l_Alik_Bljk_Cijk_Dijk,"(8,4096,1,4096)",Cijk_Alik_Bljk_I8II_BH_GB_MT64x64x16_SN_GLVWA4_GLVWB4_GRVW8_K1_SU32_SUS256_TT4_4,NO_CHECK,397.804,674.793,,0.125,2,32,0.125,1,1,1,4325376,131072,,,,,,,,,,2026-04-18 21:40:29.
0,13/44,5/35,Contraction_l_Alik_Bljk_Cijk_Dijk,"(8,4096,1,4096)",Cijk_Alik_Bljk_I8II_BH_GB_MT64x64x16_SN_GLVWA4_GLVWB4_GRVW16_K1_SU32_SUS256_TT4_4,NO_CHECK,398.525,673.572,,0.125,2,32,0.125,1,1,1,4325376,131072,,,,,,,,,,2026-04-18 21:40:29.
0,13/44,6/35,Contraction_l_Alik_Bljk_Cijk_Dijk,"(8,4096,1,4096)",Cijk_Alik_Bljk_I8II_BH_GB_MT128x64x16_SN_GLVWA4_GLVWB4_GRVW4_K1_SU0_SUS0_TT8_4,NO_CHECK,608.727,440.978,,0.0625,2,32,0.0625,1,1,1,3276800,131072,,,,,,,,,,2026-04-18 21:40:29.
0,13/44,7/35,Contraction_l_Alik_Bljk_Cijk_Dijk,"(8,4096,1,4096)",Cijk_Alik_Bljk_I8II_BH_GB_MT128x64x16_SN_GLVWA8_GLVWB4_GRVW8_K1_SU0_SUS0_TT8_4,NO_CHECK,609.807,440.197,,0.0625,2,32,0.0625,1,1,1,3276800,131072,,,,,,,,,,2026-04-18 21:40:29.
0,13/44,8/35,Contraction_l_Alik_Bljk_Cijk_Dijk,"(8,4096,1,4096)",Cijk_Alik_Bljk_I8II_BH_GB_MT128x64x16_SN_GLVWA8_GLVWB4_GRVW16_K1_SU0_SUS0_TT8_4,NO_CHECK,606.607,442.52,,0.0625,2,32,0.0625,1,1,1,3276800,131072,,,,,,,,,,2026-04-18 21:40:29.
0,13/44,9/35,Contraction_l_Alik_Bljk_Cijk_Dijk,"(8,4096,1,4096)",Cijk_Alik_Bljk_I8II_BH_GB_MT128x64x16_SN_GLVWA4_GLVWB4_GRVW4_K1_SU32_SUS256_TT8_4,NO_CHECK,607.767,441.675,,0.0625,2,32,0.0625,1,1,1,3276800,131072,,,,,,,,,,2026-04-18 21:40:29.
0,13/44,10/35,Contraction_l_Alik_Bljk_Cijk_Dijk,"(8,4096,1,4096)",Cijk_Alik_Bljk_I8II_BH_GB_MT128x64x16_SN_GLVWA8_GLVWB4_GRVW8_K1_SU32_SUS256_TT8_4,NO_CHECK,609.727,440.255,,0.0625,2,32,0.0625,1,1,1,3276800,131072,,,,,,,,,,2026-04-18 21:40:29.
0,13/44,11/35,Contraction_l_Alik_Bljk_Cijk_Dijk,"(8,4096,1,4096)",Cijk_Alik_Bljk_I8II_BH_GB_MT128x64x16_SN_GLVWA8_GLVWB4_GRVW16_K1_SU32_SUS256_TT8_4,NO_CHECK,780.368,343.986,,0.0625,2,32,0.0625,1,1,1,3276800,131072,,,,,,,,,,2026-04-18 21:40:29.
0,13/44,12/35,Contraction_l_Alik_Bljk_Cijk_Dijk,"(8,4096,1,4096)",Cijk_Alik_Bljk_I8II_BH_GB_MT64x128x16_SN_GLVWA4_GLVWB4_GRVW4_K1_SU0_SUS0_TT4_8,NO_CHECK,350.204,766.512,,0.125,1,32,0.125,1,1,1,3276800,131072,,,,,,,,,,2026-04-18 21:40:29.
0,13/44,13/35,Contraction_l_Alik_Bljk_Cijk_Dijk,"(8,4096,1,4096)",Cijk_Alik_Bljk_I8II_BH_GB_MT64x128x16_SN_GLVWA4_GLVWB8_GRVW8_K1_SU0_SUS0_TT4_8,NO_CHECK,340.963,787.286,,0.125,1,32,0.125,1,1,1,3276800,131072,,,,,,,,,,2026-04-18 21:40:29.
0,13/44,14/35,Contraction_l_Alik_Bljk_Cijk_Dijk,"(8,4096,1,4096)",Cijk_Alik_Bljk_I8II_BH_GB_MT64x128x16_SN_GLVWA4_GLVWB8_GRVW16_K1_SU0_SUS0_TT4_8,NO_CHECK,342.084,784.706,,0.125,1,32,0.125,1,1,1,3276800,131072,,,,,,,,,,2026-04-18 21:40:29.
0,13/44,15/35,Contraction_l_Alik_Bljk_Cijk_Dijk,"(8,4096,1,4096)",Cijk_Alik_Bljk_I8II_BH_GB_MT64x128x16_SN_GLVWA4_GLVWB4_GRVW4_K1_SU32_SUS256_TT4_8,NO_CHECK,345.964,775.906,,0.125,1,32,0.125,1,1,1,3276800,131072,,,,,,,,,,2026-04-18 21:40:29.
0,13/44,16/35,Contraction_l_Alik_Bljk_Cijk_Dijk,"(8,4096,1,4096)",Cijk_Alik_Bljk_I8II_BH_GB_MT64x128x16_SN_GLVWA4_GLVWB8_GRVW8_K1_SU32_SUS256_TT4_8,NO_CHECK,344.164,779.964,,0.125,1,32,0.125,1,1,1,3276800,131072,,,,,,,,,,2026-04-18 21:40:29.
0,13/44,17/35,Contraction_l_Alik_Bljk_Cijk_Dijk,"(8,4096,1,4096)",Cijk_Alik_Bljk_I8II_BH_GB_MT64x128x16_SN_GLVWA4_GLVWB8_GRVW16_K1_SU32_SUS256_TT4_8,NO_CHECK,347.124,773.313,,0.125,1,32,0.125,1,1,1,3276800,131072,,,,,,,,,,2026-04-18 21:40:29.
0,13/44,18/35,Contraction_l_Alik_Bljk_Cijk_Dijk,"(8,4096,1,4096)",Cijk_Alik_Bljk_I8II_BH_GB_MT64x64x32_SN_GLVWA4_GLVWB4_GRVW4_K1_SU0_SUS0_TT4_4,NO_CHECK,399.324,672.225,,0.125,2,32,0.125,1,1,1,4325376,131072,,,,,,,,,,2026-04-18 21:40:29.
0,13/44,19/35,Contraction_l_Alik_Bljk_Cijk_Dijk,"(8,4096,1,4096)",Cijk_Alik_Bljk_I8II_BH_GB_MT64x64x32_SN_GLVWA8_GLVWB8_GRVW8_K1_SU0_SUS0_TT4_4,NO_CHECK,400.724,669.876,,0.125,2,32,0.125,1,1,1,4325376,131072,,,,,,,,,,2026-04-18 21:40:29.
0,13/44,20/35,Contraction_l_Alik_Bljk_Cijk_Dijk,"(8,4096,1,4096)",Cijk_Alik_Bljk_I8II_BH_GB_MT64x64x32_SN_GLVWA8_GLVWB8_GRVW16_K1_SU0_SUS0_TT4_4,NO_CHECK,399.884,671.283,,0.125,2,32,0.125,1,1,1,4325376,131072,,,,,,,,,,2026-04-18 21:40:29.
0,13/44,21/35,Contraction_l_Alik_Bljk_Cijk_Dijk,"(8,4096,1,4096)",Cijk_Alik_Bljk_I8II_BH_GB_MT64x64x32_SN_GLVWA4_GLVWB4_GRVW4_K1_SU32_SUS256_TT4_4,NO_CHECK,400.365,670.477,,0.125,2,32,0.125,1,1,1,4325376,131072,,,,,,,,,,2026-04-18 21:40:29.
0,13/44,22/35,Contraction_l_Alik_Bljk_Cijk_Dijk,"(8,4096,1,4096)",Cijk_Alik_Bljk_I8II_BH_GB_MT64x64x32_SN_GLVWA8_GLVWB8_GRVW8_K1_SU32_SUS256_TT4_4,NO_CHECK,400.605,670.075,,0.125,2,32,0.125,1,1,1,4325376,131072,,,,,,,,,,2026-04-18 21:40:29.
0,13/44,23/35,Contraction_l_Alik_Bljk_Cijk_Dijk,"(8,4096,1,4096)",Cijk_Alik_Bljk_I8II_BH_GB_MT64x64x32_SN_GLVWA8_GLVWB8_GRVW16_K1_SU32_SUS256_TT4_4,NO_CHECK,398.644,673.371,,0.125,2,32,0.125,1,1,1,4325376,131072,,,,,,,,,,2026-04-18 21:40:29.
0,13/44,24/35,Contraction_l_Alik_Bljk_Cijk_Dijk,"(8,4096,1,4096)",Cijk_Alik_Bljk_I8II_BH_GB_MT128x64x32_SN_GLVWA4_GLVWB4_GRVW4_K1_SU0_SUS0_TT8_4,NO_CHECK,624.687,429.712,,0.0625,2,32,0.0625,1,1,1,3276800,131072,,,,,,,,,,2026-04-18 21:40:29.
0,13/44,25/35,Contraction_l_Alik_Bljk_Cijk_Dijk,"(8,4096,1,4096)",Cijk_Alik_Bljk_I8II_BH_GB_MT128x64x32_SN_GLVWA8_GLVWB8_GRVW8_K1_SU0_SUS0_TT8_4,NO_CHECK,616.766,435.231,,0.0625,2,32,0.0625,1,1,1,3276800,131072,,,,,,,,,,2026-04-18 21:40:29.
0,13/44,26/35,Contraction_l_Alik_Bljk_Cijk_Dijk,"(8,4096,1,4096)",Cijk_Alik_Bljk_I8II_BH_GB_MT128x64x32_SN_GLVWA16_GLVWB8_GRVW16_K1_SU0_SUS0_TT8_4,NO_CHECK,783.329,342.685,,0.0625,2,32,0.0625,1,1,1,3276800,131072,,,,,,,,,,2026-04-18 21:40:29.
0,13/44,27/35,Contraction_l_Alik_Bljk_Cijk_Dijk,"(8,4096,1,4096)",Cijk_Alik_Bljk_I8II_BH_GB_MT128x64x32_SN_GLVWA4_GLVWB4_GRVW4_K1_SU32_SUS256_TT8_4,NO_CHECK,627.807,427.576,,0.0625,2,32,0.0625,1,1,1,3276800,131072,,,,,,,,,,2026-04-18 21:40:29.
0,13/44,28/35,Contraction_l_Alik_Bljk_Cijk_Dijk,"(8,4096,1,4096)",Cijk_Alik_Bljk_I8II_BH_GB_MT128x64x32_SN_GLVWA8_GLVWB8_GRVW8_K1_SU32_SUS256_TT8_4,NO_CHECK,622.087,431.508,,0.0625,2,32,0.0625,1,1,1,3276800,131072,,,,,,,,,,2026-04-18 21:40:29.
0,13/44,29/35,Contraction_l_Alik_Bljk_Cijk_Dijk,"(8,4096,1,4096)",Cijk_Alik_Bljk_I8II_BH_GB_MT128x64x32_SN_GLVWA16_GLVWB8_GRVW16_K1_SU32_SUS256_TT8_4,NO_CHECK,652.207,411.58,,0.0625,2,32,0.0625,1,1,1,3276800,131072,,,,,,,,,,2026-04-18 21:40:29.
0,13/44,30/35,Contraction_l_Alik_Bljk_Cijk_Dijk,"(8,4096,1,4096)",Cijk_Alik_Bljk_I8II_BH_GB_MT64x128x32_SN_GLVWA4_GLVWB4_GRVW4_K1_SU0_SUS0_TT4_8,NO_CHECK,352.084,762.419,,0.125,1,32,0.125,1,1,1,3276800,131072,,,,,,,,,,2026-04-18 21:40:29.
0,13/44,31/35,Contraction_l_Alik_Bljk_Cijk_Dijk,"(8,4096,1,4096)",Cijk_Alik_Bljk_I8II_BH_GB_MT64x128x32_SN_GLVWA8_GLVWB8_GRVW8_K1_SU0_SUS0_TT4_8,NO_CHECK,351.444,763.807,,0.125,1,32,0.125,1,1,1,3276800,131072,,,,,,,,,,2026-04-18 21:40:29.
0,13/44,32/35,Contraction_l_Alik_Bljk_Cijk_Dijk,"(8,4096,1,4096)",Cijk_Alik_Bljk_I8II_BH_GB_MT64x128x32_SN_GLVWA8_GLVWB16_GRVW16_K1_SU0_SUS0_TT4_8,NO_CHECK,350.004,766.95,,0.125,1,32,0.125,1,1,1,3276800,131072,,,,,,,,,,2026-04-18 21:40:29.
0,13/44,33/35,Contraction_l_Alik_Bljk_Cijk_Dijk,"(8,4096,1,4096)",Cijk_Alik_Bljk_I8II_BH_GB_MT64x128x32_SN_GLVWA4_GLVWB4_GRVW4_K1_SU32_SUS256_TT4_8,NO_CHECK,352.524,761.467,,0.125,1,32,0.125,1,1,1,3276800,131072,,,,,,,,,,2026-04-18 21:40:29.
0,13/44,34/35,Contraction_l_Alik_Bljk_Cijk_Dijk,"(8,4096,1,4096)",Cijk_Alik_Bljk_I8II_BH_GB_MT64x128x32_SN_GLVWA8_GLVWB8_GRVW8_K1_SU32_SUS256_TT4_8,NO_CHECK,351.164,764.416,,0.125,1,32,0.125,1,1,1,3276800,131072,,,,,,,,,,2026-04-18 21:40:29.
0,13/44,35/35,Contraction_l_Alik_Bljk_Cijk_Dijk,"(8,4096,1,4096)",Cijk_Alik_Bljk_I8II_BH_GB_MT64x128x32_SN_GLVWA8_GLVWB16_GRVW16_K1_SU32_SUS256_TT4_8,NO_CHECK,358.204,749.393,,0.125,1,32,0.125,1,1,1,3276800,131072,,,,,,,,,,2026-04-18 21:40:29.
0,14/44,0/35,Contraction_l_Alik_Bljk_Cijk_Dijk,"(8,4096,1,8192)",Cijk_Alik_Bljk_I8II_BH_GB_MT64x64x16_SN_GLVWA4_GLVWB4_GRVW4_K1_SU0_SUS0_TT4_4,NO_CHECK,779.609,688.641,,0.125,2,32,0.125,1,1,1,8519680,131072,,,,,,,,,,2026-04-18 21:40:29.
0,14/44,1/35,Contraction_l_Alik_Bljk_Cijk_Dijk,"(8,4096,1,8192)",Cijk_Alik_Bljk_I8II_BH_GB_MT64x64x16_SN_GLVWA4_GLVWB4_GRVW8_K1_SU0_SUS0_TT4_4,NO_CHECK,784.169,684.637,,0.125,2,32,0.125,1,1,1,8519680,131072,,,,,,,,,,2026-04-18 21:40:29.
0,14/44,2/35,Contraction_l_Alik_Bljk_Cijk_Dijk,"(8,4096,1,8192)",Cijk_Alik_Bljk_I8II_BH_GB_MT64x64x16_SN_GLVWA4_GLVWB4_GRVW16_K1_SU0_SUS0_TT4_4,NO_CHECK,953.251,563.2,,0.125,2,32,0.125,1,1,1,8519680,131072,,,,,,,,,,2026-04-18 21:40:29.
0,14/44,3/35,Contraction_l_Alik_Bljk_Cijk_Dijk,"(8,4096,1,8192)",Cijk_Alik_Bljk_I8II_BH_GB_MT64x64x16_SN_GLVWA4_GLVWB4_GRVW4_K1_SU32_SUS256_TT4_4,NO_CHECK,783.809,684.951,,0.125,2,32,0.125,1,1,1,8519680,131072,,,,,,,,,,2026-04-18 21:40:29.
0,14/44,4/35,Contraction_l_Alik_Bljk_Cijk_Dijk,"(8,4096,1,8192)",Cijk_Alik_Bljk_I8II_BH_GB_MT64x64x16_SN_GLVWA4_GLVWB4_GRVW8_K1_SU32_SUS256_TT4_4,NO_CHECK,781.168,687.267,,0.125,2,32,0.125,1,1,1,8519680,131072,,,,,,,,,,2026-04-18 21:40:29.
0,14/44,5/35,Contraction_l_Alik_Bljk_Cijk_Dijk,"(8,4096,1,8192)",Cijk_Alik_Bljk_I8II_BH_GB_MT64x64x16_SN_GLVWA4_GLVWB4_GRVW16_K1_SU32_SUS256_TT4_4,NO_CHECK,779.209,688.995,,0.125,2,32,0.125,1,1,1,8519680,131072,,,,,,,,,,2026-04-18 21:40:29.
0,14/44,6/35,Contraction_l_Alik_Bljk_Cijk_Dijk,"(8,4096,1,8192)",Cijk_Alik_Bljk_I8II_BH_GB_MT128x64x16_SN_GLVWA4_GLVWB4_GRVW4_K1_SU0_SUS0_TT8_4,NO_CHECK,1198.77,447.85,,0.0625,2,32,0.0625,1,1,1,6422528,131072,,,,,,,,,,2026-04-18 21:40:29.
0,14/44,7/35,Contraction_l_Alik_Bljk_Cijk_Dijk,"(8,4096,1,8192)",Cijk_Alik_Bljk_I8II_BH_GB_MT128x64x16_SN_GLVWA8_GLVWB4_GRVW8_K1_SU0_SUS0_TT8_4,NO_CHECK,1197.13,448.464,,0.0625,2,32,0.0625,1,1,1,6422528,131072,,,,,,,,,,2026-04-18 21:40:29.
0,14/44,8/35,Contraction_l_Alik_Bljk_Cijk_Dijk,"(8,4096,1,8192)",Cijk_Alik_Bljk_I8II_BH_GB_MT128x64x16_SN_GLVWA8_GLVWB4_GRVW16_K1_SU0_SUS0_TT8_4,NO_CHECK,1199.89,447.432,,0.0625,2,32,0.0625,1,1,1,6422528,131072,,,,,,,,,,2026-04-18 21:40:29.
0,14/44,9/35,Contraction_l_Alik_Bljk_Cijk_Dijk,"(8,4096,1,8192)",Cijk_Alik_Bljk_I8II_BH_GB_MT128x64x16_SN_GLVWA4_GLVWB4_GRVW4_K1_SU32_SUS256_TT8_4,NO_CHECK,1359.86,394.8,,0.0625,2,32,0.0625,1,1,1,6422528,131072,,,,,,,,,,2026-04-18 21:40:29.
0,14/44,10/35,Contraction_l_Alik_Bljk_Cijk_Dijk,"(8,4096,1,8192)",Cijk_Alik_Bljk_I8II_BH_GB_MT128x64x16_SN_GLVWA8_GLVWB4_GRVW8_K1_SU32_SUS256_TT8_4,NO_CHECK,1192.29,450.284,,0.0625,2,32,0.0625,1,1,1,6422528,131072,,,,,,,,,,2026-04-18 21:40:29.
0,14/44,11/35,Contraction_l_Alik_Bljk_Cijk_Dijk,"(8,4096,1,8192)",Cijk_Alik_Bljk_I8II_BH_GB_MT128x64x16_SN_GLVWA8_GLVWB4_GRVW16_K1_SU32_SUS256_TT8_4,NO_CHECK,1199.25,447.671,,0.0625,2,32,0.0625,1,1,1,6422528,131072,,,,,,,,,,2026-04-18 21:40:29.
0,14/44,12/35,Contraction_l_Alik_Bljk_Cijk_Dijk,"(8,4096,1,8192)",Cijk_Alik_Bljk_I8II_BH_GB_MT64x128x16_SN_GLVWA4_GLVWB4_GRVW4_K1_SU0_SUS0_TT4_8,NO_CHECK,663.847,808.727,,0.125,1,32,0.125,1,1,1,6422528,131072,,,,,,,,,,2026-04-18 21:40:29.
0,14/44,13/35,Contraction_l_Alik_Bljk_Cijk_Dijk,"(8,4096,1,8192)",Cijk_Alik_Bljk_I8II_BH_GB_MT64x128x16_SN_GLVWA4_GLVWB8_GRVW8_K1_SU0_SUS0_TT4_8,NO_CHECK,661.208,811.955,,0.125,1,32,0.125,1,1,1,6422528,131072,,,,,,,,,,2026-04-18 21:40:29.
0,14/44,14/35,Contraction_l_Alik_Bljk_Cijk_Dijk,"(8,4096,1,8192)",Cijk_Alik_Bljk_I8II_BH_GB_MT64x128x16_SN_GLVWA4_GLVWB8_GRVW16_K1_SU0_SUS0_TT4_8,NO_CHECK,658.087,815.805,,0.125,1,32,0.125,1,1,1,6422528,131072,,,,,,,,,,2026-04-18 21:40:29.
0,14/44,15/35,Contraction_l_Alik_Bljk_Cijk_Dijk,"(8,4096,1,8192)",Cijk_Alik_Bljk_I8II_BH_GB_MT64x128x16_SN_GLVWA4_GLVWB4_GRVW4_K1_SU32_SUS256_TT4_8,NO_CHECK,662.007,810.975,,0.125,1,32,0.125,1,1,1,6422528,131072,,,,,,,,,,2026-04-18 21:40:29.
0,14/44,16/35,Contraction_l_Alik_Bljk_Cijk_Dijk,"(8,4096,1,8192)",Cijk_Alik_Bljk_I8II_BH_GB_MT64x128x16_SN_GLVWA4_GLVWB8_GRVW8_K1_SU32_SUS256_TT4_8,NO_CHECK,659.488,814.072,,0.125,1,32,0.125,1,1,1,6422528,131072,,,,,,,,,,2026-04-18 21:40:29.
0,14/44,17/35,Contraction_l_Alik_Bljk_Cijk_Dijk,"(8,4096,1,8192)",Cijk_Alik_Bljk_I8II_BH_GB_MT64x128x16_SN_GLVWA4_GLVWB8_GRVW16_K1_SU32_SUS256_TT4_8,NO_CHECK,833.45,644.155,,0.125,1,32,0.125,1,1,1,6422528,131072,,,,,,,,,,2026-04-18 21:40:29.
0,14/44,18/35,Contraction_l_Alik_Bljk_Cijk_Dijk,"(8,4096,1,8192)",Cijk_Alik_Bljk_I8II_BH_GB_MT64x64x32_SN_GLVWA4_GLVWB4_GRVW4_K1_SU0_SUS0_TT4_4,NO_CHECK,771.728,695.674,,0.125,2,32,0.125,1,1,1,8519680,131072,,,,,,,,,,2026-04-18 21:40:29.
0,14/44,19/35,Contraction_l_Alik_Bljk_Cijk_Dijk,"(8,4096,1,8192)",Cijk_Alik_Bljk_I8II_BH_GB_MT64x64x32_SN_GLVWA8_GLVWB8_GRVW8_K1_SU0_SUS0_TT4_4,NO_CHECK,777.209,690.768,,0.125,2,32,0.125,1,1,1,8519680,131072,,,,,,,,,,2026-04-18 21:40:29.
0,14/44,20/35,Contraction_l_Alik_Bljk_Cijk_Dijk,"(8,4096,1,8192)",Cijk_Alik_Bljk_I8II_BH_GB_MT64x64x32_SN_GLVWA8_GLVWB8_GRVW16_K1_SU0_SUS0_TT4_4,NO_CHECK,770.328,696.938,,0.125,2,32,0.125,1,1,1,8519680,131072,,,,,,,,,,2026-04-18 21:40:29.
0,14/44,21/35,Contraction_l_Alik_Bljk_Cijk_Dijk,"(8,4096,1,8192)",Cijk_Alik_Bljk_I8II_BH_GB_MT64x64x32_SN_GLVWA4_GLVWB4_GRVW4_K1_SU32_SUS256_TT4_4,NO_CHECK,776.249,691.622,,0.125,2,32,0.125,1,1,1,8519680,131072,,,,,,,,,,2026-04-18 21:40:29.
0,14/44,22/35,Contraction_l_Alik_Bljk_Cijk_Dijk,"(8,4096,1,8192)",Cijk_Alik_Bljk_I8II_BH_GB_MT64x64x32_SN_GLVWA8_GLVWB8_GRVW8_K1_SU32_SUS256_TT4_4,NO_CHECK,771.568,695.818,,0.125,2,32,0.125,1,1,1,8519680,131072,,,,,,,,,,2026-04-18 21:40:29.
0,14/44,23/35,Contraction_l_Alik_Bljk_Cijk_Dijk,"(8,4096,1,8192)",Cijk_Alik_Bljk_I8II_BH_GB_MT64x64x32_SN_GLVWA8_GLVWB8_GRVW16_K1_SU32_SUS256_TT4_4,NO_CHECK,778.809,689.349,,0.125,2,32,0.125,1,1,1,8519680,131072,,,,,,,,,,2026-04-18 21:40:29.
0,14/44,24/35,Contraction_l_Alik_Bljk_Cijk_Dijk,"(8,4096,1,8192)",Cijk_Alik_Bljk_I8II_BH_GB_MT128x64x32_SN_GLVWA4_GLVWB4_GRVW4_K1_SU0_SUS0_TT8_4,NO_CHECK,1221.61,439.477,,0.0625,2,32,0.0625,1,1,1,6422528,131072,,,,,,,,,,2026-04-18 21:40:29.
0,14/44,25/35,Contraction_l_Alik_Bljk_Cijk_Dijk,"(8,4096,1,8192)",Cijk_Alik_Bljk_I8II_BH_GB_MT128x64x32_SN_GLVWA8_GLVWB8_GRVW8_K1_SU0_SUS0_TT8_4,NO_CHECK,1389.9,386.267,,0.0625,2,32,0.0625,1,1,1,6422528,131072,,,,,,,,,,2026-04-18 21:40:29.
0,14/44,26/35,Contraction_l_Alik_Bljk_Cijk_Dijk,"(8,4096,1,8192)",Cijk_Alik_Bljk_I8II_BH_GB_MT128x64x32_SN_GLVWA16_GLVWB8_GRVW16_K1_SU0_SUS0_TT8_4,NO_CHECK,1208.97,444.072,,0.0625,2,32,0.0625,1,1,1,6422528,131072,,,,,,,,,,2026-04-18 21:40:29.
0,14/44,27/35,Contraction_l_Alik_Bljk_Cijk_Dijk,"(8,4096,1,8192)",Cijk_Alik_Bljk_I8II_BH_GB_MT128x64x32_SN_GLVWA4_GLVWB4_GRVW4_K1_SU32_SUS256_TT8_4,NO_CHECK,1219.57,440.212,,0.0625,2,32,0.0625,1,1,1,6422528,131072,,,,,,,,,,2026-04-18 21:40:29.
0,14/44,28/35,Contraction_l_Alik_Bljk_Cijk_Dijk,"(8,4096,1,8192)",Cijk_Alik_Bljk_I8II_BH_GB_MT128x64x32_SN_GLVWA8_GLVWB8_GRVW8_K1_SU32_SUS256_TT8_4,NO_CHECK,1209.81,443.764,,0.0625,2,32,0.0625,1,1,1,6422528,131072,,,,,,,,,,2026-04-18 21:40:29.
0,14/44,29/35,Contraction_l_Alik_Bljk_Cijk_Dijk,"(8,4096,1,8192)",Cijk_Alik_Bljk_I8II_BH_GB_MT128x64x32_SN_GLVWA16_GLVWB8_GRVW16_K1_SU32_SUS256_TT8_4,NO_CHECK,1216.25,441.414,,0.0625,2,32,0.0625,1,1,1,6422528,131072,,,,,,,,,,2026-04-18 21:40:29.
0,14/44,30/35,Contraction_l_Alik_Bljk_Cijk_Dijk,"(8,4096,1,8192)",Cijk_Alik_Bljk_I8II_BH_GB_MT64x128x32_SN_GLVWA4_GLVWB4_GRVW4_K1_SU0_SUS0_TT4_8,NO_CHECK,696.488,770.826,,0.125,1,32,0.125,1,1,1,6422528,131072,,,,,,,,,,2026-04-18 21:40:29.
0,14/44,31/35,Contraction_l_Alik_Bljk_Cijk_Dijk,"(8,4096,1,8192)",Cijk_Alik_Bljk_I8II_BH_GB_MT64x128x32_SN_GLVWA8_GLVWB8_GRVW8_K1_SU0_SUS0_TT4_8,NO_CHECK,677.527,792.398,,0.125,1,32,0.125,1,1,1,6422528,131072,,,,,,,,,,2026-04-18 21:40:29.
0,14/44,32/35,Contraction_l_Alik_Bljk_Cijk_Dijk,"(8,4096,1,8192)",Cijk_Alik_Bljk_I8II_BH_GB_MT64x128x32_SN_GLVWA8_GLVWB16_GRVW16_K1_SU0_SUS0_TT4_8,NO_CHECK,886.13,605.86,,0.125,1,32,0.125,1,1,1,6422528,131072,,,,,,,,,,2026-04-18 21:40:29.
0,14/44,33/35,Contraction_l_Alik_Bljk_Cijk_Dijk,"(8,4096,1,8192)",Cijk_Alik_Bljk_I8II_BH_GB_MT64x128x32_SN_GLVWA4_GLVWB4_GRVW4_K1_SU32_SUS256_TT4_8,NO_CHECK,698.727,768.356,,0.125,1,32,0.125,1,1,1,6422528,131072,,,,,,,,,,2026-04-18 21:40:29.
0,14/44,34/35,Contraction_l_Alik_Bljk_Cijk_Dijk,"(8,4096,1,8192)",Cijk_Alik_Bljk_I8II_BH_GB_MT64x128x32_SN_GLVWA8_GLVWB8_GRVW8_K1_SU32_SUS256_TT4_8,NO_CHECK,686.528,782.009,,0.125,1,32,0.125,1,1,1,6422528,131072,,,,,,,,,,2026-04-18 21:40:29.
0,14/44,35/35,Contraction_l_Alik_Bljk_Cijk_Dijk,"(8,4096,1,8192)",Cijk_Alik_Bljk_I8II_BH_GB_MT64x128x32_SN_GLVWA8_GLVWB16_GRVW16_K1_SU32_SUS256_TT4_8,NO_CHECK,692.088,775.726,,0.125,1,32,0.125,1,1,1,6422528,131072,,,,,,,,,,2026-04-18 21:40:29.
0,15/44,0/35,Contraction_l_Alik_Bljk_Cijk_Dijk,"(8,8192,1,1024)",Cijk_Alik_Bljk_I8II_BH_GB_MT64x64x16_SN_GLVWA4_GLVWB4_GRVW4_K1_SU0_SUS0_TT4_4,NO_CHECK,204.443,656.504,,0.125,4,32,0.125,1,1,1,2359296,262144,,,,,,,,,,2026-04-18 21:40:29.
0,15/44,1/35,Contraction_l_Alik_Bljk_Cijk_Dijk,"(8,8192,1,1024)",Cijk_Alik_Bljk_I8II_BH_GB_MT64x64x16_SN_GLVWA4_GLVWB4_GRVW8_K1_SU0_SUS0_TT4_4,NO_CHECK,204.563,656.119,,0.125,4,32,0.125,1,1,1,2359296,262144,,,,,,,,,,2026-04-18 21:40:29.
0,15/44,2/35,Contraction_l_Alik_Bljk_Cijk_Dijk,"(8,8192,1,1024)",Cijk_Alik_Bljk_I8II_BH_GB_MT64x64x16_SN_GLVWA4_GLVWB4_GRVW16_K1_SU0_SUS0_TT4_4,NO_CHECK,201.602,665.756,,0.125,4,32,0.125,1,1,1,2359296,262144,,,,,,,,,,2026-04-18 21:40:29.
0,15/44,3/35,Contraction_l_Alik_Bljk_Cijk_Dijk,"(8,8192,1,1024)",Cijk_Alik_Bljk_I8II_BH_GB_MT64x64x16_SN_GLVWA4_GLVWB4_GRVW4_K1_SU32_SUS256_TT4_4,NO_CHECK,203.402,659.864,,0.125,4,32,0.125,1,1,1,2359296,262144,,,,,,,,,,2026-04-18 21:40:29.
0,15/44,4/35,Contraction_l_Alik_Bljk_Cijk_Dijk,"(8,8192,1,1024)",Cijk_Alik_Bljk_I8II_BH_GB_MT64x64x16_SN_GLVWA4_GLVWB4_GRVW8_K1_SU32_SUS256_TT4_4,NO_CHECK,211.482,634.653,,0.125,4,32,0.125,1,1,1,2359296,262144,,,,,,,,,,2026-04-18 21:40:29.
0,15/44,5/35,Contraction_l_Alik_Bljk_Cijk_Dijk,"(8,8192,1,1024)",Cijk_Alik_Bljk_I8II_BH_GB_MT64x64x16_SN_GLVWA4_GLVWB4_GRVW16_K1_SU32_SUS256_TT4_4,NO_CHECK,201.962,664.569,,0.125,4,32,0.125,1,1,1,2359296,262144,,,,,,,,,,2026-04-18 21:40:29.
0,15/44,6/35,Contraction_l_Alik_Bljk_Cijk_Dijk,"(8,8192,1,1024)",Cijk_Alik_Bljk_I8II_BH_GB_MT128x64x16_SN_GLVWA4_GLVWB4_GRVW4_K1_SU0_SUS0_TT8_4,NO_CHECK,340.124,394.614,,0.0625,4,32,0.0625,1,1,1,1835008,262144,,,,,,,,,,2026-04-18 21:40:29.
0,15/44,7/35,Contraction_l_Alik_Bljk_Cijk_Dijk,"(8,8192,1,1024)",Cijk_Alik_Bljk_I8II_BH_GB_MT128x64x16_SN_GLVWA8_GLVWB4_GRVW8_K1_SU0_SUS0_TT8_4,NO_CHECK,313.284,428.422,,0.0625,4,32,0.0625,1,1,1,1835008,262144,,,,,,,,,,2026-04-18 21:40:29.
0,15/44,8/35,Contraction_l_Alik_Bljk_Cijk_Dijk,"(8,8192,1,1024)",Cijk_Alik_Bljk_I8II_BH_GB_MT128x64x16_SN_GLVWA8_GLVWB4_GRVW16_K1_SU0_SUS0_TT8_4,NO_CHECK,309.444,433.738,,0.0625,4,32,0.0625,1,1,1,1835008,262144,,,,,,,,,,2026-04-18 21:40:29.
0,15/44,9/35,Contraction_l_Alik_Bljk_Cijk_Dijk,"(8,8192,1,1024)",Cijk_Alik_Bljk_I8II_BH_GB_MT128x64x16_SN_GLVWA4_GLVWB4_GRVW4_K1_SU32_SUS256_TT8_4,NO_CHECK,339.124,395.778,,0.0625,4,32,0.0625,1,1,1,1835008,262144,,,,,,,,,,2026-04-18 21:40:29.
0,15/44,10/35,Contraction_l_Alik_Bljk_Cijk_Dijk,"(8,8192,1,1024)",Cijk_Alik_Bljk_I8II_BH_GB_MT128x64x16_SN_GLVWA8_GLVWB4_GRVW8_K1_SU32_SUS256_TT8_4,NO_CHECK,322.403,416.304,,0.0625,4,32,0.0625,1,1,1,1835008,262144,,,,,,,,,,2026-04-18 21:40:29.
0,15/44,11/35,Contraction_l_Alik_Bljk_Cijk_Dijk,"(8,8192,1,1024)",Cijk_Alik_Bljk_I8II_BH_GB_MT128x64x16_SN_GLVWA8_GLVWB4_GRVW16_K1_SU32_SUS256_TT8_4,NO_CHECK,340.363,394.337,,0.0625,4,32,0.0625,1,1,1,1835008,262144,,,,,,,,,,2026-04-18 21:40:29.
0,15/44,12/35,Contraction_l_Alik_Bljk_Cijk_Dijk,"(8,8192,1,1024)",Cijk_Alik_Bljk_I8II_BH_GB_MT64x128x16_SN_GLVWA4_GLVWB4_GRVW4_K1_SU0_SUS0_TT4_8,NO_CHECK,172.762,776.894,,0.125,2,32,0.125,1,1,1,1835008,262144,,,,,,,,,,2026-04-18 21:40:29.
0,15/44,13/35,Contraction_l_Alik_Bljk_Cijk_Dijk,"(8,8192,1,1024)",Cijk_Alik_Bljk_I8II_BH_GB_MT64x128x16_SN_GLVWA4_GLVWB8_GRVW8_K1_SU0_SUS0_TT4_8,NO_CHECK,176.002,762.592,,0.125,2,32,0.125,1,1,1,1835008,262144,,,,,,,,,,2026-04-18 21:40:29.
0,15/44,14/35,Contraction_l_Alik_Bljk_Cijk_Dijk,"(8,8192,1,1024)",Cijk_Alik_Bljk_I8II_BH_GB_MT64x128x16_SN_GLVWA4_GLVWB8_GRVW16_K1_SU0_SUS0_TT4_8,NO_CHECK,176.042,762.419,,0.125,2,32,0.125,1,1,1,1835008,262144,,,,,,,,,,2026-04-18 21:40:29.
0,15/44,15/35,Contraction_l_Alik_Bljk_Cijk_Dijk,"(8,8192,1,1024)",Cijk_Alik_Bljk_I8II_BH_GB_MT64x128x16_SN_GLVWA4_GLVWB4_GRVW4_K1_SU32_SUS256_TT4_8,NO_CHECK,175.042,766.774,,0.125,2,32,0.125,1,1,1,1835008,262144,,,,,,,,,,2026-04-18 21:40:29.
0,15/44,16/35,Contraction_l_Alik_Bljk_Cijk_Dijk,"(8,8192,1,1024)",Cijk_Alik_Bljk_I8II_BH_GB_MT64x128x16_SN_GLVWA4_GLVWB8_GRVW8_K1_SU32_SUS256_TT4_8,NO_CHECK,175.082,766.599,,0.125,2,32,0.125,1,1,1,1835008,262144,,,,,,,,,,2026-04-18 21:40:29.
0,15/44,17/35,Contraction_l_Alik_Bljk_Cijk_Dijk,"(8,8192,1,1024)",Cijk_Alik_Bljk_I8II_BH_GB_MT64x128x16_SN_GLVWA4_GLVWB8_GRVW16_K1_SU32_SUS256_TT4_8,NO_CHECK,175.202,766.074,,0.125,2,32,0.125,1,1,1,1835008,262144,,,,,,,,,,2026-04-18 21:40:29.
0,15/44,18/35,Contraction_l_Alik_Bljk_Cijk_Dijk,"(8,8192,1,1024)",Cijk_Alik_Bljk_I8II_BH_GB_MT64x64x32_SN_GLVWA4_GLVWB4_GRVW4_K1_SU0_SUS0_TT4_4,NO_CHECK,204.003,657.92,,0.125,4,32,0.125,1,1,1,2359296,262144,,,,,,,,,,2026-04-18 21:40:29.
0,15/44,19/35,Contraction_l_Alik_Bljk_Cijk_Dijk,"(8,8192,1,1024)",Cijk_Alik_Bljk_I8II_BH_GB_MT64x64x32_SN_GLVWA8_GLVWB8_GRVW8_K1_SU0_SUS0_TT4_4,NO_CHECK,202.362,663.256,,0.125,4,32,0.125,1,1,1,2359296,262144,,,,,,,,,,2026-04-18 21:40:29.
0,15/44,20/35,Contraction_l_Alik_Bljk_Cijk_Dijk,"(8,8192,1,1024)",Cijk_Alik_Bljk_I8II_BH_GB_MT64x64x32_SN_GLVWA8_GLVWB8_GRVW16_K1_SU0_SUS0_TT4_4,NO_CHECK,200.802,668.408,,0.125,4,32,0.125,1,1,1,2359296,262144,,,,,,,,,,2026-04-18 21:40:29.
0,15/44,21/35,Contraction_l_Alik_Bljk_Cijk_Dijk,"(8,8192,1,1024)",Cijk_Alik_Bljk_I8II_BH_GB_MT64x64x32_SN_GLVWA4_GLVWB4_GRVW4_K1_SU32_SUS256_TT4_4,NO_CHECK,207.202,647.763,,0.125,4,32,0.125,1,1,1,2359296,262144,,,,,,,,,,2026-04-18 21:40:29.
0,15/44,22/35,Contraction_l_Alik_Bljk_Cijk_Dijk,"(8,8192,1,1024)",Cijk_Alik_Bljk_I8II_BH_GB_MT64x64x32_SN_GLVWA8_GLVWB8_GRVW8_K1_SU32_SUS256_TT4_4,NO_CHECK,207.962,645.395,,0.125,4,32,0.125,1,1,1,2359296,262144,,,,,,,,,,2026-04-18 21:40:29.
0,15/44,23/35,Contraction_l_Alik_Bljk_Cijk_Dijk,"(8,8192,1,1024)",Cijk_Alik_Bljk_I8II_BH_GB_MT64x64x32_SN_GLVWA8_GLVWB8_GRVW16_K1_SU32_SUS256_TT4_4,NO_CHECK,209.642,640.223,,0.125,4,32,0.125,1,1,1,2359296,262144,,,,,,,,,,2026-04-18 21:40:29.
0,15/44,24/35,Contraction_l_Alik_Bljk_Cijk_Dijk,"(8,8192,1,1024)",Cijk_Alik_Bljk_I8II_BH_GB_MT128x64x32_SN_GLVWA4_GLVWB4_GRVW4_K1_SU0_SUS0_TT8_4,NO_CHECK,354.764,378.33,,0.0625,4,32,0.0625,1,1,1,1835008,262144,,,,,,,,,,2026-04-18 21:40:29.
0,15/44,25/35,Contraction_l_Alik_Bljk_Cijk_Dijk,"(8,8192,1,1024)",Cijk_Alik_Bljk_I8II_BH_GB_MT128x64x32_SN_GLVWA8_GLVWB8_GRVW8_K1_SU0_SUS0_TT8_4,NO_CHECK,356.644,376.335,,0.0625,4,32,0.0625,1,1,1,1835008,262144,,,,,,,,,,2026-04-18 21:40:29.
0,15/44,26/35,Contraction_l_Alik_Bljk_Cijk_Dijk,"(8,8192,1,1024)",Cijk_Alik_Bljk_I8II_BH_GB_MT128x64x32_SN_GLVWA16_GLVWB8_GRVW16_K1_SU0_SUS0_TT8_4,NO_CHECK,319.524,420.055,,0.0625,4,32,0.0625,1,1,1,1835008,262144,,,,,,,,,,2026-04-18 21:40:29.
0,15/44,27/35,Contraction_l_Alik_Bljk_Cijk_Dijk,"(8,8192,1,1024)",Cijk_Alik_Bljk_I8II_BH_GB_MT128x64x32_SN_GLVWA4_GLVWB4_GRVW4_K1_SU32_SUS256_TT8_4,NO_CHECK,325.563,412.263,,0.0625,4,32,0.0625,1,1,1,1835008,262144,,,,,,,,,,2026-04-18 21:40:29.
0,15/44,28/35,Contraction_l_Alik_Bljk_Cijk_Dijk,"(8,8192,1,1024)",Cijk_Alik_Bljk_I8II_BH_GB_MT128x64x32_SN_GLVWA8_GLVWB8_GRVW8_K1_SU32_SUS256_TT8_4,NO_CHECK,340.164,394.568,,0.0625,4,32,0.0625,1,1,1,1835008,262144,,,,,,,,,,2026-04-18 21:40:29.
0,15/44,29/35,Contraction_l_Alik_Bljk_Cijk_Dijk,"(8,8192,1,1024)",Cijk_Alik_Bljk_I8II_BH_GB_MT128x64x32_SN_GLVWA16_GLVWB8_GRVW16_K1_SU32_SUS256_TT8_4,NO_CHECK,363.364,369.375,,0.0625,4,32,0.0625,1,1,1,1835008,262144,,,,,,,,,,2026-04-18 21:40:29.
0,15/44,30/35,Contraction_l_Alik_Bljk_Cijk_Dijk,"(8,8192,1,1024)",Cijk_Alik_Bljk_I8II_BH_GB_MT64x128x32_SN_GLVWA4_GLVWB4_GRVW4_K1_SU0_SUS0_TT4_8,NO_CHECK,216.162,620.913,,0.125,2,32,0.125,1,1,1,1835008,262144,,,,,,,,,,2026-04-18 21:40:29.
0,15/44,31/35,Contraction_l_Alik_Bljk_Cijk_Dijk,"(8,8192,1,1024)",Cijk_Alik_Bljk_I8II_BH_GB_MT64x128x32_SN_GLVWA8_GLVWB8_GRVW8_K1_SU0_SUS0_TT4_8,NO_CHECK,202.883,661.552,,0.125,2,32,0.125,1,1,1,1835008,262144,,,,,,,,,,2026-04-18 21:40:29.
0,15/44,32/35,Contraction_l_Alik_Bljk_Cijk_Dijk,"(8,8192,1,1024)",Cijk_Alik_Bljk_I8II_BH_GB_MT64x128x32_SN_GLVWA8_GLVWB16_GRVW16_K1_SU0_SUS0_TT4_8,NO_CHECK,200.962,667.876,,0.125,2,32,0.125,1,1,1,1835008,262144,,,,,,,,,,2026-04-18 21:40:29.
0,15/44,33/35,Contraction_l_Alik_Bljk_Cijk_Dijk,"(8,8192,1,1024)",Cijk_Alik_Bljk_I8II_BH_GB_MT64x128x32_SN_GLVWA4_GLVWB4_GRVW4_K1_SU32_SUS256_TT4_8,NO_CHECK,257.763,520.702,,0.125,2,32,0.125,1,1,1,1835008,262144,,,,,,,,,,2026-04-18 21:40:29.
0,15/44,34/35,Contraction_l_Alik_Bljk_Cijk_Dijk,"(8,8192,1,1024)",Cijk_Alik_Bljk_I8II_BH_GB_MT64x128x32_SN_GLVWA8_GLVWB8_GRVW8_K1_SU32_SUS256_TT4_8,NO_CHECK,189.843,706.993,,0.125,2,32,0.125,1,1,1,1835008,262144,,,,,,,,,,2026-04-18 21:40:29.
0,15/44,35/35,Contraction_l_Alik_Bljk_Cijk_Dijk,"(8,8192,1,1024)",Cijk_Alik_Bljk_I8II_BH_GB_MT64x128x32_SN_GLVWA8_GLVWB16_GRVW16_K1_SU32_SUS256_TT4_8,NO_CHECK,226.203,593.351,,0.125,2,32,0.125,1,1,1,1835008,262144,,,,,,,,,,2026-04-18 21:40:29.
0,16/44,0/35,Contraction_l_Alik_Bljk_Cijk_Dijk,"(8,8192,1,4096)",Cijk_Alik_Bljk_I8II_BH_GB_MT64x64x16_SN_GLVWA4_GLVWB4_GRVW4_K1_SU0_SUS0_TT4_4,NO_CHECK,749.609,716.201,,0.125,4,32,0.125,1,1,1,8650752,262144,,,,,,,,,,2026-04-18 21:40:29.
0,16/44,1/35,Contraction_l_Alik_Bljk_Cijk_Dijk,"(8,8192,1,4096)",Cijk_Alik_Bljk_I8II_BH_GB_MT64x64x16_SN_GLVWA4_GLVWB4_GRVW8_K1_SU0_SUS0_TT4_4,NO_CHECK,749.568,716.24,,0.125,4,32,0.125,1,1,1,8650752,262144,,,,,,,,,,2026-04-18 21:40:29.
0,16/44,2/35,Contraction_l_Alik_Bljk_Cijk_Dijk,"(8,8192,1,4096)",Cijk_Alik_Bljk_I8II_BH_GB_MT64x64x16_SN_GLVWA4_GLVWB4_GRVW16_K1_SU0_SUS0_TT4_4,NO_CHECK,748.489,717.273,,0.125,4,32,0.125,1,1,1,8650752,262144,,,,,,,,,,2026-04-18 21:40:29.
0,16/44,3/35,Contraction_l_Alik_Bljk_Cijk_Dijk,"(8,8192,1,4096)",Cijk_Alik_Bljk_I8II_BH_GB_MT64x64x16_SN_GLVWA4_GLVWB4_GRVW4_K1_SU32_SUS256_TT4_4,NO_CHECK,748.689,717.081,,0.125,4,32,0.125,1,1,1,8650752,262144,,,,,,,,,,2026-04-18 21:40:29.
0,16/44,4/35,Contraction_l_Alik_Bljk_Cijk_Dijk,"(8,8192,1,4096)",Cijk_Alik_Bljk_I8II_BH_GB_MT64x64x16_SN_GLVWA4_GLVWB4_GRVW8_K1_SU32_SUS256_TT4_4,NO_CHECK,747.609,718.117,,0.125,4,32,0.125,1,1,1,8650752,262144,,,,,,,,,,2026-04-18 21:40:29.
0,16/44,5/35,Contraction_l_Alik_Bljk_Cijk_Dijk,"(8,8192,1,4096)",Cijk_Alik_Bljk_I8II_BH_GB_MT64x64x16_SN_GLVWA4_GLVWB4_GRVW16_K1_SU32_SUS256_TT4_4,NO_CHECK,743.368,722.214,,0.125,4,32,0.125,1,1,1,8650752,262144,,,,,,,,,,2026-04-18 21:40:29.
0,16/44,6/35,Contraction_l_Alik_Bljk_Cijk_Dijk,"(8,8192,1,4096)",Cijk_Alik_Bljk_I8II_BH_GB_MT128x64x16_SN_GLVWA4_GLVWB4_GRVW4_K1_SU0_SUS0_TT8_4,NO_CHECK,1338.65,401.052,,0.0625,4,32,0.0625,1,1,1,6553600,262144,,,,,,,,,,2026-04-18 21:40:29.
0,16/44,7/35,Contraction_l_Alik_Bljk_Cijk_Dijk,"(8,8192,1,4096)",Cijk_Alik_Bljk_I8II_BH_GB_MT128x64x16_SN_GLVWA8_GLVWB4_GRVW8_K1_SU0_SUS0_TT8_4,NO_CHECK,1170.53,458.655,,0.0625,4,32,0.0625,1,1,1,6553600,262144,,,,,,,,,,2026-04-18 21:40:29.
0,16/44,8/35,Contraction_l_Alik_Bljk_Cijk_Dijk,"(8,8192,1,4096)",Cijk_Alik_Bljk_I8II_BH_GB_MT128x64x16_SN_GLVWA8_GLVWB4_GRVW16_K1_SU0_SUS0_TT8_4,NO_CHECK,1188.21,451.831,,0.0625,4,32,0.0625,1,1,1,6553600,262144,,,,,,,,,,2026-04-18 21:40:29.
0,16/44,9/35,Contraction_l_Alik_Bljk_Cijk_Dijk,"(8,8192,1,4096)",Cijk_Alik_Bljk_I8II_BH_GB_MT128x64x16_SN_GLVWA4_GLVWB4_GRVW4_K1_SU32_SUS256_TT8_4,NO_CHECK,1195.93,448.914,,0.0625,4,32,0.0625,1,1,1,6553600,262144,,,,,,,,,,2026-04-18 21:40:29.
0,16/44,10/35,Contraction_l_Alik_Bljk_Cijk_Dijk,"(8,8192,1,4096)",Cijk_Alik_Bljk_I8II_BH_GB_MT128x64x16_SN_GLVWA8_GLVWB4_GRVW8_K1_SU32_SUS256_TT8_4,NO_CHECK,1159.13,463.166,,0.0625,4,32,0.0625,1,1,1,6553600,262144,,,,,,,,,,2026-04-18 21:40:29.
0,16/44,11/35,Contraction_l_Alik_Bljk_Cijk_Dijk,"(8,8192,1,4096)",Cijk_Alik_Bljk_I8II_BH_GB_MT128x64x16_SN_GLVWA8_GLVWB4_GRVW16_K1_SU32_SUS256_TT8_4,NO_CHECK,1158.85,463.277,,0.0625,4,32,0.0625,1,1,1,6553600,262144,,,,,,,,,,2026-04-18 21:40:29.
0,16/44,12/35,Contraction_l_Alik_Bljk_Cijk_Dijk,"(8,8192,1,4096)",Cijk_Alik_Bljk_I8II_BH_GB_MT64x128x16_SN_GLVWA4_GLVWB4_GRVW4_K1_SU0_SUS0_TT4_8,NO_CHECK,611.647,877.746,,0.125,2,32,0.125,1,1,1,6553600,262144,,,,,,,,,,2026-04-18 21:40:29.
0,16/44,13/35,Contraction_l_Alik_Bljk_Cijk_Dijk,"(8,8192,1,4096)",Cijk_Alik_Bljk_I8II_BH_GB_MT64x128x16_SN_GLVWA4_GLVWB8_GRVW8_K1_SU0_SUS0_TT4_8,NO_CHECK,781.929,686.598,,0.125,2,32,0.125,1,1,1,6553600,262144,,,,,,,,,,2026-04-18 21:40:29.
0,16/44,14/35,Contraction_l_Alik_Bljk_Cijk_Dijk,"(8,8192,1,4096)",Cijk_Alik_Bljk_I8II_BH_GB_MT64x128x16_SN_GLVWA4_GLVWB8_GRVW16_K1_SU0_SUS0_TT4_8,NO_CHECK,614.487,873.69,,0.125,2,32,0.125,1,1,1,6553600,262144,,,,,,,,,,2026-04-18 21:40:29.
0,16/44,15/35,Contraction_l_Alik_Bljk_Cijk_Dijk,"(8,8192,1,4096)",Cijk_Alik_Bljk_I8II_BH_GB_MT64x128x16_SN_GLVWA4_GLVWB4_GRVW4_K1_SU32_SUS256_TT4_8,NO_CHECK,614.567,873.576,,0.125,2,32,0.125,1,1,1,6553600,262144,,,,,,,,,,2026-04-18 21:40:29.
0,16/44,16/35,Contraction_l_Alik_Bljk_Cijk_Dijk,"(8,8192,1,4096)",Cijk_Alik_Bljk_I8II_BH_GB_MT64x128x16_SN_GLVWA4_GLVWB8_GRVW8_K1_SU32_SUS256_TT4_8,NO_CHECK,626.567,856.845,,0.125,2,32,0.125,1,1,1,6553600,262144,,,,,,,,,,2026-04-18 21:40:29.
0,16/44,17/35,Contraction_l_Alik_Bljk_Cijk_Dijk,"(8,8192,1,4096)",Cijk_Alik_Bljk_I8II_BH_GB_MT64x128x16_SN_GLVWA4_GLVWB8_GRVW16_K1_SU32_SUS256_TT4_8,NO_CHECK,622.007,863.127,,0.125,2,32,0.125,1,1,1,6553600,262144,,,,,,,,,,2026-04-18 21:40:29.
0,16/44,18/35,Contraction_l_Alik_Bljk_Cijk_Dijk,"(8,8192,1,4096)",Cijk_Alik_Bljk_I8II_BH_GB_MT64x64x32_SN_GLVWA4_GLVWB4_GRVW4_K1_SU0_SUS0_TT4_4,NO_CHECK,748.569,717.196,,0.125,4,32,0.125,1,1,1,8650752,262144,,,,,,,,,,2026-04-18 21:40:29.
0,16/44,19/35,Contraction_l_Alik_Bljk_Cijk_Dijk,"(8,8192,1,4096)",Cijk_Alik_Bljk_I8II_BH_GB_MT64x64x32_SN_GLVWA8_GLVWB8_GRVW8_K1_SU0_SUS0_TT4_4,NO_CHECK,746.049,719.619,,0.125,4,32,0.125,1,1,1,8650752,262144,,,,,,,,,,2026-04-18 21:40:29.
0,16/44,20/35,Contraction_l_Alik_Bljk_Cijk_Dijk,"(8,8192,1,4096)",Cijk_Alik_Bljk_I8II_BH_GB_MT64x64x32_SN_GLVWA8_GLVWB8_GRVW16_K1_SU0_SUS0_TT4_4,NO_CHECK,744.609,721.011,,0.125,4,32,0.125,1,1,1,8650752,262144,,,,,,,,,,2026-04-18 21:40:29.
0,16/44,21/35,Contraction_l_Alik_Bljk_Cijk_Dijk,"(8,8192,1,4096)",Cijk_Alik_Bljk_I8II_BH_GB_MT64x64x32_SN_GLVWA4_GLVWB4_GRVW4_K1_SU32_SUS256_TT4_4,NO_CHECK,746.368,719.311,,0.125,4,32,0.125,1,1,1,8650752,262144,,,,,,,,,,2026-04-18 21:40:29.
0,16/44,22/35,Contraction_l_Alik_Bljk_Cijk_Dijk,"(8,8192,1,4096)",Cijk_Alik_Bljk_I8II_BH_GB_MT64x64x32_SN_GLVWA8_GLVWB8_GRVW8_K1_SU32_SUS256_TT4_4,NO_CHECK,922.331,582.081,,0.125,4,32,0.125,1,1,1,8650752,262144,,,,,,,,,,2026-04-18 21:40:29.
0,16/44,23/35,Contraction_l_Alik_Bljk_Cijk_Dijk,"(8,8192,1,4096)",Cijk_Alik_Bljk_I8II_BH_GB_MT64x64x32_SN_GLVWA8_GLVWB8_GRVW16_K1_SU32_SUS256_TT4_4,NO_CHECK,757.048,709.164,,0.125,4,32,0.125,1,1,1,8650752,262144,,,,,,,,,,2026-04-18 21:40:29.
0,16/44,24/35,Contraction_l_Alik_Bljk_Cijk_Dijk,"(8,8192,1,4096)",Cijk_Alik_Bljk_I8II_BH_GB_MT128x64x32_SN_GLVWA4_GLVWB4_GRVW4_K1_SU0_SUS0_TT8_4,NO_CHECK,1205.37,445.398,,0.0625,4,32,0.0625,1,1,1,6553600,262144,,,,,,,,,,2026-04-18 21:40:29.
0,16/44,25/35,Contraction_l_Alik_Bljk_Cijk_Dijk,"(8,8192,1,4096)",Cijk_Alik_Bljk_I8II_BH_GB_MT128x64x32_SN_GLVWA8_GLVWB8_GRVW8_K1_SU0_SUS0_TT8_4,NO_CHECK,1169.85,458.921,,0.0625,4,32,0.0625,1,1,1,6553600,262144,,,,,,,,,,2026-04-18 21:40:29.
0,16/44,26/35,Contraction_l_Alik_Bljk_Cijk_Dijk,"(8,8192,1,4096)",Cijk_Alik_Bljk_I8II_BH_GB_MT128x64x32_SN_GLVWA16_GLVWB8_GRVW16_K1_SU0_SUS0_TT8_4,NO_CHECK,1157.81,463.694,,0.0625,4,32,0.0625,1,1,1,6553600,262144,,,,,,,,,,2026-04-18 21:40:29.
0,16/44,27/35,Contraction_l_Alik_Bljk_Cijk_Dijk,"(8,8192,1,4096)",Cijk_Alik_Bljk_I8II_BH_GB_MT128x64x32_SN_GLVWA4_GLVWB4_GRVW4_K1_SU32_SUS256_TT8_4,NO_CHECK,1207.61,444.572,,0.0625,4,32,0.0625,1,1,1,6553600,262144,,,,,,,,,,2026-04-18 21:40:29.
0,16/44,28/35,Contraction_l_Alik_Bljk_Cijk_Dijk,"(8,8192,1,4096)",Cijk_Alik_Bljk_I8II_BH_GB_MT128x64x32_SN_GLVWA8_GLVWB8_GRVW8_K1_SU32_SUS256_TT8_4,NO_CHECK,1194.33,449.515,,0.0625,4,32,0.0625,1,1,1,6553600,262144,,,,,,,,,,2026-04-18 21:40:29.
0,16/44,29/35,Contraction_l_Alik_Bljk_Cijk_Dijk,"(8,8192,1,4096)",Cijk_Alik_Bljk_I8II_BH_GB_MT128x64x32_SN_GLVWA16_GLVWB8_GRVW16_K1_SU32_SUS256_TT8_4,NO_CHECK,1297.29,413.839,,0.0625,4,32,0.0625,1,1,1,6553600,262144,,,,,,,,,,2026-04-18 21:40:29.
0,16/44,30/35,Contraction_l_Alik_Bljk_Cijk_Dijk,"(8,8192,1,4096)",Cijk_Alik_Bljk_I8II_BH_GB_MT64x128x32_SN_GLVWA4_GLVWB4_GRVW4_K1_SU0_SUS0_TT4_8,NO_CHECK,647.767,828.802,,0.125,2,32,0.125,1,1,1,6553600,262144,,,,,,,,,,2026-04-18 21:40:29.
0,16/44,31/35,Contraction_l_Alik_Bljk_Cijk_Dijk,"(8,8192,1,4096)",Cijk_Alik_Bljk_I8II_BH_GB_MT64x128x32_SN_GLVWA8_GLVWB8_GRVW8_K1_SU0_SUS0_TT4_8,NO_CHECK,635.487,844.818,,0.125,2,32,0.125,1,1,1,6553600,262144,,,,,,,,,,2026-04-18 21:40:29.
0,16/44,32/35,Contraction_l_Alik_Bljk_Cijk_Dijk,"(8,8192,1,4096)",Cijk_Alik_Bljk_I8II_BH_GB_MT64x128x32_SN_GLVWA8_GLVWB16_GRVW16_K1_SU0_SUS0_TT4_8,NO_CHECK,636.648,843.277,,0.125,2,32,0.125,1,1,1,6553600,262144,,,,,,,,,,2026-04-18 21:40:29.
0,16/44,33/35,Contraction_l_Alik_Bljk_Cijk_Dijk,"(8,8192,1,4096)",Cijk_Alik_Bljk_I8II_BH_GB_MT64x128x32_SN_GLVWA4_GLVWB4_GRVW4_K1_SU32_SUS256_TT4_8,NO_CHECK,633.287,847.753,,0.125,2,32,0.125,1,1,1,6553600,262144,,,,,,,,,,2026-04-18 21:40:29.
0,16/44,34/35,Contraction_l_Alik_Bljk_Cijk_Dijk,"(8,8192,1,4096)",Cijk_Alik_Bljk_I8II_BH_GB_MT64x128x32_SN_GLVWA8_GLVWB8_GRVW8_K1_SU32_SUS256_TT4_8,NO_CHECK,628.647,854.01,,0.125,2,32,0.125,1,1,1,6553600,262144,,,,,,,,,,2026-04-18 21:40:29.
0,16/44,35/35,Contraction_l_Alik_Bljk_Cijk_Dijk,"(8,8192,1,4096)",Cijk_Alik_Bljk_I8II_BH_GB_MT64x128x32_SN_GLVWA8_GLVWB16_GRVW16_K1_SU32_SUS256_TT4_8,NO_CHECK,627.967,854.935,,0.125,2,32,0.125,1,1,1,6553600,262144,,,,,,,,,,2026-04-18 21:40:29.
0,17/44,0/35,Contraction_l_Alik_Bljk_Cijk_Dijk,"(8,8192,1,8192)",Cijk_Alik_Bljk_I8II_BH_GB_MT64x64x16_SN_GLVWA4_GLVWB4_GRVW4_K1_SU0_SUS0_TT4_4,NO_CHECK,1479.06,725.964,,0.125,4,32,0.125,1,1,1,17039360,262144,,,,,,,,,,2026-04-18 21:40:29.
0,17/44,1/35,Contraction_l_Alik_Bljk_Cijk_Dijk,"(8,8192,1,8192)",Cijk_Alik_Bljk_I8II_BH_GB_MT64x64x16_SN_GLVWA4_GLVWB4_GRVW8_K1_SU0_SUS0_TT4_4,NO_CHECK,1633.7,657.246,,0.125,4,32,0.125,1,1,1,17039360,262144,,,,,,,,,,2026-04-18 21:40:29.
0,17/44,2/35,Contraction_l_Alik_Bljk_Cijk_Dijk,"(8,8192,1,8192)",Cijk_Alik_Bljk_I8II_BH_GB_MT64x64x16_SN_GLVWA4_GLVWB4_GRVW16_K1_SU0_SUS0_TT4_4,NO_CHECK,1483.54,723.772,,0.125,4,32,0.125,1,1,1,17039360,262144,,,,,,,,,,2026-04-18 21:40:29.
0,17/44,3/35,Contraction_l_Alik_Bljk_Cijk_Dijk,"(8,8192,1,8192)",Cijk_Alik_Bljk_I8II_BH_GB_MT64x64x16_SN_GLVWA4_GLVWB4_GRVW4_K1_SU32_SUS256_TT4_4,NO_CHECK,1476.9,727.026,,0.125,4,32,0.125,1,1,1,17039360,262144,,,,,,,,,,2026-04-18 21:40:29.
0,17/44,4/35,Contraction_l_Alik_Bljk_Cijk_Dijk,"(8,8192,1,8192)",Cijk_Alik_Bljk_I8II_BH_GB_MT64x64x16_SN_GLVWA4_GLVWB4_GRVW8_K1_SU32_SUS256_TT4_4,NO_CHECK,1476.46,727.242,,0.125,4,32,0.125,1,1,1,17039360,262144,,,,,,,,,,2026-04-18 21:40:29.
0,17/44,5/35,Contraction_l_Alik_Bljk_Cijk_Dijk,"(8,8192,1,8192)",Cijk_Alik_Bljk_I8II_BH_GB_MT64x64x16_SN_GLVWA4_GLVWB4_GRVW16_K1_SU32_SUS256_TT4_4,NO_CHECK,1475.38,727.775,,0.125,4,32,0.125,1,1,1,17039360,262144,,,,,,,,,,2026-04-18 21:40:29.
0,17/44,6/35,Contraction_l_Alik_Bljk_Cijk_Dijk,"(8,8192,1,8192)",Cijk_Alik_Bljk_I8II_BH_GB_MT128x64x16_SN_GLVWA4_GLVWB4_GRVW4_K1_SU0_SUS0_TT8_4,NO_CHECK,2477.27,433.438,,0.0625,4,32,0.0625,1,1,1,12845056,262144,,,,,,,,,,2026-04-18 21:40:29.
0,17/44,7/35,Contraction_l_Alik_Bljk_Cijk_Dijk,"(8,8192,1,8192)",Cijk_Alik_Bljk_I8II_BH_GB_MT128x64x16_SN_GLVWA8_GLVWB4_GRVW8_K1_SU0_SUS0_TT8_4,NO_CHECK,2318.51,463.118,,0.0625,4,32,0.0625,1,1,1,12845056,262144,,,,,,,,,,2026-04-18 21:40:29.
0,17/44,8/35,Contraction_l_Alik_Bljk_Cijk_Dijk,"(8,8192,1,8192)",Cijk_Alik_Bljk_I8II_BH_GB_MT128x64x16_SN_GLVWA8_GLVWB4_GRVW16_K1_SU0_SUS0_TT8_4,NO_CHECK,2362.79,454.439,,0.0625,4,32,0.0625,1,1,1,12845056,262144,,,,,,,,,,2026-04-18 21:40:29.
0,17/44,9/35,Contraction_l_Alik_Bljk_Cijk_Dijk,"(8,8192,1,8192)",Cijk_Alik_Bljk_I8II_BH_GB_MT128x64x16_SN_GLVWA4_GLVWB4_GRVW4_K1_SU32_SUS256_TT8_4,NO_CHECK,2450.27,438.214,,0.0625,4,32,0.0625,1,1,1,12845056,262144,,,,,,,,,,2026-04-18 21:40:29.
0,17/44,10/35,Contraction_l_Alik_Bljk_Cijk_Dijk,"(8,8192,1,8192)",Cijk_Alik_Bljk_I8II_BH_GB_MT128x64x16_SN_GLVWA8_GLVWB4_GRVW8_K1_SU32_SUS256_TT8_4,NO_CHECK,2340.31,458.804,,0.0625,4,32,0.0625,1,1,1,12845056,262144,,,,,,,,,,2026-04-18 21:40:30.
0,17/44,11/35,Contraction_l_Alik_Bljk_Cijk_Dijk,"(8,8192,1,8192)",Cijk_Alik_Bljk_I8II_BH_GB_MT128x64x16_SN_GLVWA8_GLVWB4_GRVW16_K1_SU32_SUS256_TT8_4,NO_CHECK,2336.79,459.495,,0.0625,4,32,0.0625,1,1,1,12845056,262144,,,,,,,,,,2026-04-18 21:40:30.
0,17/44,12/35,Contraction_l_Alik_Bljk_Cijk_Dijk,"(8,8192,1,8192)",Cijk_Alik_Bljk_I8II_BH_GB_MT64x128x16_SN_GLVWA4_GLVWB4_GRVW4_K1_SU0_SUS0_TT4_8,NO_CHECK,1367.26,785.326,,0.125,2,32,0.125,1,1,1,12845056,262144,,,,,,,,,,2026-04-18 21:40:30.
0,17/44,13/35,Contraction_l_Alik_Bljk_Cijk_Dijk,"(8,8192,1,8192)",Cijk_Alik_Bljk_I8II_BH_GB_MT64x128x16_SN_GLVWA4_GLVWB8_GRVW8_K1_SU0_SUS0_TT4_8,NO_CHECK,1216.13,882.914,,0.125,2,32,0.125,1,1,1,12845056,262144,,,,,,,,,,2026-04-18 21:40:30.
0,17/44,14/35,Contraction_l_Alik_Bljk_Cijk_Dijk,"(8,8192,1,8192)",Cijk_Alik_Bljk_I8II_BH_GB_MT64x128x16_SN_GLVWA4_GLVWB8_GRVW16_K1_SU0_SUS0_TT4_8,NO_CHECK,1211.17,886.53,,0.125,2,32,0.125,1,1,1,12845056,262144,,,,,,,,,,2026-04-18 21:40:30.
0,17/44,15/35,Contraction_l_Alik_Bljk_Cijk_Dijk,"(8,8192,1,8192)",Cijk_Alik_Bljk_I8II_BH_GB_MT64x128x16_SN_GLVWA4_GLVWB4_GRVW4_K1_SU32_SUS256_TT4_8,NO_CHECK,1214.29,884.252,,0.125,2,32,0.125,1,1,1,12845056,262144,,,,,,,,,,2026-04-18 21:40:30.
0,17/44,16/35,Contraction_l_Alik_Bljk_Cijk_Dijk,"(8,8192,1,8192)",Cijk_Alik_Bljk_I8II_BH_GB_MT64x128x16_SN_GLVWA4_GLVWB8_GRVW8_K1_SU32_SUS256_TT4_8,NO_CHECK,1220.45,879.789,,0.125,2,32,0.125,1,1,1,12845056,262144,,,,,,,,,,2026-04-18 21:40:30.
0,17/44,17/35,Contraction_l_Alik_Bljk_Cijk_Dijk,"(8,8192,1,8192)",Cijk_Alik_Bljk_I8II_BH_GB_MT64x128x16_SN_GLVWA4_GLVWB8_GRVW16_K1_SU32_SUS256_TT4_8,NO_CHECK,1380.3,777.907,,0.125,2,32,0.125,1,1,1,12845056,262144,,,,,,,,,,2026-04-18 21:40:30.
0,17/44,18/35,Contraction_l_Alik_Bljk_Cijk_Dijk,"(8,8192,1,8192)",Cijk_Alik_Bljk_I8II_BH_GB_MT64x64x32_SN_GLVWA4_GLVWB4_GRVW4_K1_SU0_SUS0_TT4_4,NO_CHECK,1493.38,719.003,,0.125,4,32,0.125,1,1,1,17039360,262144,,,,,,,,,,2026-04-18 21:40:30.
0,17/44,19/35,Contraction_l_Alik_Bljk_Cijk_Dijk,"(8,8192,1,8192)",Cijk_Alik_Bljk_I8II_BH_GB_MT64x64x32_SN_GLVWA8_GLVWB8_GRVW8_K1_SU0_SUS0_TT4_4,NO_CHECK,1483.78,723.655,,0.125,4,32,0.125,1,1,1,17039360,262144,,,,,,,,,,2026-04-18 21:40:30.
0,17/44,20/35,Contraction_l_Alik_Bljk_Cijk_Dijk,"(8,8192,1,8192)",Cijk_Alik_Bljk_I8II_BH_GB_MT64x64x32_SN_GLVWA8_GLVWB8_GRVW16_K1_SU0_SUS0_TT4_4,NO_CHECK,1477.9,726.534,,0.125,4,32,0.125,1,1,1,17039360,262144,,,,,,,,,,2026-04-18 21:40:30.
0,17/44,21/35,Contraction_l_Alik_Bljk_Cijk_Dijk,"(8,8192,1,8192)",Cijk_Alik_Bljk_I8II_BH_GB_MT64x64x32_SN_GLVWA4_GLVWB4_GRVW4_K1_SU32_SUS256_TT4_4,NO_CHECK,1500.7,715.495,,0.125,4,32,0.125,1,1,1,17039360,262144,,,,,,,,,,2026-04-18 21:40:30.
0,17/44,22/35,Contraction_l_Alik_Bljk_Cijk_Dijk,"(8,8192,1,8192)",Cijk_Alik_Bljk_I8II_BH_GB_MT64x64x32_SN_GLVWA8_GLVWB8_GRVW8_K1_SU32_SUS256_TT4_4,NO_CHECK,1477.58,726.691,,0.125,4,32,0.125,1,1,1,17039360,262144,,,,,,,,,,2026-04-18 21:40:30.
0,17/44,23/35,Contraction_l_Alik_Bljk_Cijk_Dijk,"(8,8192,1,8192)",Cijk_Alik_Bljk_I8II_BH_GB_MT64x64x32_SN_GLVWA8_GLVWB8_GRVW16_K1_SU32_SUS256_TT4_4,NO_CHECK,1611.06,666.482,,0.125,4,32,0.125,1,1,1,17039360,262144,,,,,,,,,,2026-04-18 21:40:30.
0,17/44,24/35,Contraction_l_Alik_Bljk_Cijk_Dijk,"(8,8192,1,8192)",Cijk_Alik_Bljk_I8II_BH_GB_MT128x64x32_SN_GLVWA4_GLVWB4_GRVW4_K1_SU0_SUS0_TT8_4,NO_CHECK,2330.19,460.797,,0.0625,4,32,0.0625,1,1,1,12845056,262144,,,,,,,,,,2026-04-18 21:40:30.
0,17/44,25/35,Contraction_l_Alik_Bljk_Cijk_Dijk,"(8,8192,1,8192)",Cijk_Alik_Bljk_I8II_BH_GB_MT128x64x32_SN_GLVWA8_GLVWB8_GRVW8_K1_SU0_SUS0_TT8_4,NO_CHECK,2331.11,460.615,,0.0625,4,32,0.0625,1,1,1,12845056,262144,,,,,,,,,,2026-04-18 21:40:30.
0,17/44,26/35,Contraction_l_Alik_Bljk_Cijk_Dijk,"(8,8192,1,8192)",Cijk_Alik_Bljk_I8II_BH_GB_MT128x64x32_SN_GLVWA16_GLVWB8_GRVW16_K1_SU0_SUS0_TT8_4,NO_CHECK,2493.07,430.691,,0.0625,4,32,0.0625,1,1,1,12845056,262144,,,,,,,,,,2026-04-18 21:40:30.
0,17/44,27/35,Contraction_l_Alik_Bljk_Cijk_Dijk,"(8,8192,1,8192)",Cijk_Alik_Bljk_I8II_BH_GB_MT128x64x32_SN_GLVWA4_GLVWB4_GRVW4_K1_SU32_SUS256_TT8_4,NO_CHECK,2331.07,460.622,,0.0625,4,32,0.0625,1,1,1,12845056,262144,,,,,,,,,,2026-04-18 21:40:30.
0,17/44,28/35,Contraction_l_Alik_Bljk_Cijk_Dijk,"(8,8192,1,8192)",Cijk_Alik_Bljk_I8II_BH_GB_MT128x64x32_SN_GLVWA8_GLVWB8_GRVW8_K1_SU32_SUS256_TT8_4,NO_CHECK,2327.43,461.343,,0.0625,4,32,0.0625,1,1,1,12845056,262144,,,,,,,,,,2026-04-18 21:40:30.
0,17/44,29/35,Contraction_l_Alik_Bljk_Cijk_Dijk,"(8,8192,1,8192)",Cijk_Alik_Bljk_I8II_BH_GB_MT128x64x32_SN_GLVWA16_GLVWB8_GRVW16_K1_SU32_SUS256_TT8_4,NO_CHECK,2319.15,462.99,,0.0625,4,32,0.0625,1,1,1,12845056,262144,,,,,,,,,,2026-04-18 21:40:30.
0,17/44,30/35,Contraction_l_Alik_Bljk_Cijk_Dijk,"(8,8192,1,8192)",Cijk_Alik_Bljk_I8II_BH_GB_MT64x128x32_SN_GLVWA4_GLVWB4_GRVW4_K1_SU0_SUS0_TT4_8,NO_CHECK,1395.86,769.235,,0.125,2,32,0.125,1,1,1,12845056,262144,,,,,,,,,,2026-04-18 21:40:30.
0,17/44,31/35,Contraction_l_Alik_Bljk_Cijk_Dijk,"(8,8192,1,8192)",Cijk_Alik_Bljk_I8II_BH_GB_MT64x128x32_SN_GLVWA8_GLVWB8_GRVW8_K1_SU0_SUS0_TT4_8,NO_CHECK,1234.25,869.952,,0.125,2,32,0.125,1,1,1,12845056,262144,,,,,,,,,,2026-04-18 21:40:30.
0,17/44,32/35,Contraction_l_Alik_Bljk_Cijk_Dijk,"(8,8192,1,8192)",Cijk_Alik_Bljk_I8II_BH_GB_MT64x128x32_SN_GLVWA8_GLVWB16_GRVW16_K1_SU0_SUS0_TT4_8,NO_CHECK,1241.97,864.545,,0.125,2,32,0.125,1,1,1,12845056,262144,,,,,,,,,,2026-04-18 21:40:30.
0,17/44,33/35,Contraction_l_Alik_Bljk_Cijk_Dijk,"(8,8192,1,8192)",Cijk_Alik_Bljk_I8II_BH_GB_MT64x128x32_SN_GLVWA4_GLVWB4_GRVW4_K1_SU32_SUS256_TT4_8,NO_CHECK,1246.97,861.078,,0.125,2,32,0.125,1,1,1,12845056,262144,,,,,,,,,,2026-04-18 21:40:30.
0,17/44,34/35,Contraction_l_Alik_Bljk_Cijk_Dijk,"(8,8192,1,8192)",Cijk_Alik_Bljk_I8II_BH_GB_MT64x128x32_SN_GLVWA8_GLVWB8_GRVW8_K1_SU32_SUS256_TT4_8,NO_CHECK,1241.21,865.075,,0.125,2,32,0.125,1,1,1,12845056,262144,,,,,,,,,,2026-04-18 21:40:30.
0,17/44,35/35,Contraction_l_Alik_Bljk_Cijk_Dijk,"(8,8192,1,8192)",Cijk_Alik_Bljk_I8II_BH_GB_MT64x128x32_SN_GLVWA8_GLVWB16_GRVW16_K1_SU32_SUS256_TT4_8,NO_CHECK,1230.89,872.327,,0.125,2,32,0.125,1,1,1,12845056,262144,,,,,,,,,,2026-04-18 21:40:30.
0,18/44,0/35,Contraction_l_Alik_Bljk_Cijk_Dijk,"(32,1024,1,1024)",Cijk_Alik_Bljk_I8II_BH_GB_MT64x64x16_SN_GLVWA4_GLVWB4_GRVW4_K1_SU0_SUS0_TT4_4,NO_CHECK,81.841,819.991,,0.25,0.5,32,0.5,1,0.5,1,1179648,131072,,,,,,,,,,2026-04-18 21:40:30.
0,18/44,1/35,Contraction_l_Alik_Bljk_Cijk_Dijk,"(32,1024,1,1024)",Cijk_Alik_Bljk_I8II_BH_GB_MT64x64x16_SN_GLVWA4_GLVWB4_GRVW8_K1_SU0_SUS0_TT4_4,NO_CHECK,80.841,830.134,,0.25,0.5,32,0.5,1,0.5,1,1179648,131072,,,,,,,,,,2026-04-18 21:40:30.
0,18/44,2/35,Contraction_l_Alik_Bljk_Cijk_Dijk,"(32,1024,1,1024)",Cijk_Alik_Bljk_I8II_BH_GB_MT64x64x16_SN_GLVWA4_GLVWB4_GRVW16_K1_SU0_SUS0_TT4_4,NO_CHECK,81.401,824.423,,0.25,0.5,32,0.5,1,0.5,1,1179648,131072,,,,,,,,,,2026-04-18 21:40:30.
0,18/44,3/35,Contraction_l_Alik_Bljk_Cijk_Dijk,"(32,1024,1,1024)",Cijk_Alik_Bljk_I8II_BH_GB_MT64x64x16_SN_GLVWA4_GLVWB4_GRVW4_K1_SU32_SUS256_TT4_4,NO_CHECK,81.761,820.793,,0.25,0.5,32,0.5,1,0.5,1,1179648,131072,,,,,,,,,,2026-04-18 21:40:30.
0,18/44,4/35,Contraction_l_Alik_Bljk_Cijk_Dijk,"(32,1024,1,1024)",Cijk_Alik_Bljk_I8II_BH_GB_MT64x64x16_SN_GLVWA4_GLVWB4_GRVW8_K1_SU32_SUS256_TT4_4,NO_CHECK,82.201,816.4,,0.25,0.5,32,0.5,1,0.5,1,1179648,131072,,,,,,,,,,2026-04-18 21:40:30.
0,18/44,5/35,Contraction_l_Alik_Bljk_Cijk_Dijk,"(32,1024,1,1024)",Cijk_Alik_Bljk_I8II_BH_GB_MT64x64x16_SN_GLVWA4_GLVWB4_GRVW16_K1_SU32_SUS256_TT4_4,NO_CHECK,81.441,824.018,,0.25,0.5,32,0.5,1,0.5,1,1179648,131072,,,,,,,,,,2026-04-18 21:40:30.
0,18/44,6/35,Contraction_l_Alik_Bljk_Cijk_Dijk,"(32,1024,1,1024)",Cijk_Alik_Bljk_I8II_BH_GB_MT128x64x16_SN_GLVWA4_GLVWB4_GRVW4_K1_SU0_SUS0_TT8_4,NO_CHECK,122.801,546.485,,0.125,0.5,32,0.25,1,0.5,1,917504,131072,,,,,,,,,,2026-04-18 21:40:30.
0,18/44,7/35,Contraction_l_Alik_Bljk_Cijk_Dijk,"(32,1024,1,1024)",Cijk_Alik_Bljk_I8II_BH_GB_MT128x64x16_SN_GLVWA8_GLVWB4_GRVW8_K1_SU0_SUS0_TT8_4,NO_CHECK,122.481,547.912,,0.125,0.5,32,0.25,1,0.5,1,917504,131072,,,,,,,,,,2026-04-18 21:40:30.
0,18/44,8/35,Contraction_l_Alik_Bljk_Cijk_Dijk,"(32,1024,1,1024)",Cijk_Alik_Bljk_I8II_BH_GB_MT128x64x16_SN_GLVWA8_GLVWB4_GRVW16_K1_SU0_SUS0_TT8_4,NO_CHECK,131.642,509.783,,0.125,0.5,32,0.25,1,0.5,1,917504,131072,,,,,,,,,,2026-04-18 21:40:30.
0,18/44,9/35,Contraction_l_Alik_Bljk_Cijk_Dijk,"(32,1024,1,1024)",Cijk_Alik_Bljk_I8II_BH_GB_MT128x64x16_SN_GLVWA4_GLVWB4_GRVW4_K1_SU32_SUS256_TT8_4,NO_CHECK,122.762,546.658,,0.125,0.5,32,0.25,1,0.5,1,917504,131072,,,,,,,,,,2026-04-18 21:40:30.
0,18/44,10/35,Contraction_l_Alik_Bljk_Cijk_Dijk,"(32,1024,1,1024)",Cijk_Alik_Bljk_I8II_BH_GB_MT128x64x16_SN_GLVWA8_GLVWB4_GRVW8_K1_SU32_SUS256_TT8_4,NO_CHECK,123.521,543.299,,0.125,0.5,32,0.25,1,0.5,1,917504,131072,,,,,,,,,,2026-04-18 21:40:30.
0,18/44,11/35,Contraction_l_Alik_Bljk_Cijk_Dijk,"(32,1024,1,1024)",Cijk_Alik_Bljk_I8II_BH_GB_MT128x64x16_SN_GLVWA8_GLVWB4_GRVW16_K1_SU32_SUS256_TT8_4,NO_CHECK,122.401,548.271,,0.125,0.5,32,0.25,1,0.5,1,917504,131072,,,,,,,,,,2026-04-18 21:40:30.
0,18/44,12/35,Contraction_l_Alik_Bljk_Cijk_Dijk,"(32,1024,1,1024)",Cijk_Alik_Bljk_I8II_BH_GB_MT64x128x16_SN_GLVWA4_GLVWB4_GRVW4_K1_SU0_SUS0_TT4_8,NO_CHECK,123.122,545.06,,0.125,0.25,32,0.5,1,0.25,1,917504,131072,,,,,,,,,,2026-04-18 21:40:30.
0,18/44,13/35,Contraction_l_Alik_Bljk_Cijk_Dijk,"(32,1024,1,1024)",Cijk_Alik_Bljk_I8II_BH_GB_MT64x128x16_SN_GLVWA4_GLVWB8_GRVW8_K1_SU0_SUS0_TT4_8,NO_CHECK,122.282,548.804,,0.125,0.25,32,0.5,1,0.25,1,917504,131072,,,,,,,,,,2026-04-18 21:40:30.
0,18/44,14/35,Contraction_l_Alik_Bljk_Cijk_Dijk,"(32,1024,1,1024)",Cijk_Alik_Bljk_I8II_BH_GB_MT64x128x16_SN_GLVWA4_GLVWB8_GRVW16_K1_SU0_SUS0_TT4_8,NO_CHECK,122.161,549.348,,0.125,0.25,32,0.5,1,0.25,1,917504,131072,,,,,,,,,,2026-04-18 21:40:30.
0,18/44,15/35,Contraction_l_Alik_Bljk_Cijk_Dijk,"(32,1024,1,1024)",Cijk_Alik_Bljk_I8II_BH_GB_MT64x128x16_SN_GLVWA4_GLVWB4_GRVW4_K1_SU32_SUS256_TT4_8,NO_CHECK,123.521,543.299,,0.125,0.25,32,0.5,1,0.25,1,917504,131072,,,,,,,,,,2026-04-18 21:40:30.
0,18/44,16/35,Contraction_l_Alik_Bljk_Cijk_Dijk,"(32,1024,1,1024)",Cijk_Alik_Bljk_I8II_BH_GB_MT64x128x16_SN_GLVWA4_GLVWB8_GRVW8_K1_SU32_SUS256_TT4_8,NO_CHECK,123.122,545.06,,0.125,0.25,32,0.5,1,0.25,1,917504,131072,,,,,,,,,,2026-04-18 21:40:30.
0,18/44,17/35,Contraction_l_Alik_Bljk_Cijk_Dijk,"(32,1024,1,1024)",Cijk_Alik_Bljk_I8II_BH_GB_MT64x128x16_SN_GLVWA4_GLVWB8_GRVW16_K1_SU32_SUS256_TT4_8,NO_CHECK,122.442,548.087,,0.125,0.25,32,0.5,1,0.25,1,917504,131072,,,,,,,,,,2026-04-18 21:40:30.
0,18/44,18/35,Contraction_l_Alik_Bljk_Cijk_Dijk,"(32,1024,1,1024)",Cijk_Alik_Bljk_I8II_BH_GB_MT64x64x32_SN_GLVWA4_GLVWB4_GRVW4_K1_SU0_SUS0_TT4_4,NO_CHECK,97.001,691.837,,0.25,0.5,32,0.5,1,0.5,1,1179648,131072,,,,,,,,,,2026-04-18 21:40:30.
0,18/44,19/35,Contraction_l_Alik_Bljk_Cijk_Dijk,"(32,1024,1,1024)",Cijk_Alik_Bljk_I8II_BH_GB_MT64x64x32_SN_GLVWA8_GLVWB8_GRVW8_K1_SU0_SUS0_TT4_4,NO_CHECK,103.161,650.526,,0.25,0.5,32,0.5,1,0.5,1,1179648,131072,,,,,,,,,,2026-04-18 21:40:30.
0,18/44,20/35,Contraction_l_Alik_Bljk_Cijk_Dijk,"(32,1024,1,1024)",Cijk_Alik_Bljk_I8II_BH_GB_MT64x64x32_SN_GLVWA8_GLVWB8_GRVW16_K1_SU0_SUS0_TT4_4,NO_CHECK,96.961,692.122,,0.25,0.5,32,0.5,1,0.5,1,1179648,131072,,,,,,,,,,2026-04-18 21:40:30.
0,18/44,21/35,Contraction_l_Alik_Bljk_Cijk_Dijk,"(32,1024,1,1024)",Cijk_Alik_Bljk_I8II_BH_GB_MT64x64x32_SN_GLVWA4_GLVWB4_GRVW4_K1_SU32_SUS256_TT4_4,NO_CHECK,99.401,675.133,,0.25,0.5,32,0.5,1,0.5,1,1179648,131072,,,,,,,,,,2026-04-18 21:40:30.
0,18/44,22/35,Contraction_l_Alik_Bljk_Cijk_Dijk,"(32,1024,1,1024)",Cijk_Alik_Bljk_I8II_BH_GB_MT64x64x32_SN_GLVWA8_GLVWB8_GRVW8_K1_SU32_SUS256_TT4_4,NO_CHECK,99.041,677.587,,0.25,0.5,32,0.5,1,0.5,1,1179648,131072,,,,,,,,,,2026-04-18 21:40:30.
0,18/44,23/35,Contraction_l_Alik_Bljk_Cijk_Dijk,"(32,1024,1,1024)",Cijk_Alik_Bljk_I8II_BH_GB_MT64x64x32_SN_GLVWA8_GLVWB8_GRVW16_K1_SU32_SUS256_TT4_4,NO_CHECK,114.361,586.816,,0.25,0.5,32,0.5,1,0.5,1,1179648,131072,,,,,,,,,,2026-04-18 21:40:30.
0,18/44,24/35,Contraction_l_Alik_Bljk_Cijk_Dijk,"(32,1024,1,1024)",Cijk_Alik_Bljk_I8II_BH_GB_MT128x64x32_SN_GLVWA4_GLVWB4_GRVW4_K1_SU0_SUS0_TT8_4,NO_CHECK,159.001,422.066,,0.125,0.5,32,0.25,1,0.5,1,917504,131072,,,,,,,,,,2026-04-18 21:40:30.
0,18/44,25/35,Contraction_l_Alik_Bljk_Cijk_Dijk,"(32,1024,1,1024)",Cijk_Alik_Bljk_I8II_BH_GB_MT128x64x32_SN_GLVWA8_GLVWB8_GRVW8_K1_SU0_SUS0_TT8_4,NO_CHECK,149.922,447.625,,0.125,0.5,32,0.25,1,0.5,1,917504,131072,,,,,,,,,,2026-04-18 21:40:30.
0,18/44,26/35,Contraction_l_Alik_Bljk_Cijk_Dijk,"(32,1024,1,1024)",Cijk_Alik_Bljk_I8II_BH_GB_MT128x64x32_SN_GLVWA16_GLVWB8_GRVW16_K1_SU0_SUS0_TT8_4,NO_CHECK,148.922,450.631,,0.125,0.5,32,0.25,1,0.5,1,917504,131072,,,,,,,,,,2026-04-18 21:40:30.
0,18/44,27/35,Contraction_l_Alik_Bljk_Cijk_Dijk,"(32,1024,1,1024)",Cijk_Alik_Bljk_I8II_BH_GB_MT128x64x32_SN_GLVWA4_GLVWB4_GRVW4_K1_SU32_SUS256_TT8_4,NO_CHECK,353.124,190.043,,0.125,0.5,32,0.25,1,0.5,1,917504,131072,,,,,,,,,,2026-04-18 21:40:30.
0,18/44,28/35,Contraction_l_Alik_Bljk_Cijk_Dijk,"(32,1024,1,1024)",Cijk_Alik_Bljk_I8II_BH_GB_MT128x64x32_SN_GLVWA8_GLVWB8_GRVW8_K1_SU32_SUS256_TT8_4,NO_CHECK,157.882,425.057,,0.125,0.5,32,0.25,1,0.5,1,917504,131072,,,,,,,,,,2026-04-18 21:40:30.
0,18/44,29/35,Contraction_l_Alik_Bljk_Cijk_Dijk,"(32,1024,1,1024)",Cijk_Alik_Bljk_I8II_BH_GB_MT128x64x32_SN_GLVWA16_GLVWB8_GRVW16_K1_SU32_SUS256_TT8_4,NO_CHECK,150.802,445.013,,0.125,0.5,32,0.25,1,0.5,1,917504,131072,,,,,,,,,,2026-04-18 21:40:30.
0,18/44,30/35,Contraction_l_Alik_Bljk_Cijk_Dijk,"(32,1024,1,1024)",Cijk_Alik_Bljk_I8II_BH_GB_MT64x128x32_SN_GLVWA4_GLVWB4_GRVW4_K1_SU0_SUS0_TT4_8,NO_CHECK,148.721,451.24,,0.125,0.25,32,0.5,1,0.25,1,917504,131072,,,,,,,,,,2026-04-18 21:40:30.
0,18/44,31/35,Contraction_l_Alik_Bljk_Cijk_Dijk,"(32,1024,1,1024)",Cijk_Alik_Bljk_I8II_BH_GB_MT64x128x32_SN_GLVWA8_GLVWB8_GRVW8_K1_SU0_SUS0_TT4_8,NO_CHECK,149.201,449.788,,0.125,0.25,32,0.5,1,0.25,1,917504,131072,,,,,,,,,,2026-04-18 21:40:30.
0,18/44,32/35,Contraction_l_Alik_Bljk_Cijk_Dijk,"(32,1024,1,1024)",Cijk_Alik_Bljk_I8II_BH_GB_MT64x128x32_SN_GLVWA8_GLVWB16_GRVW16_K1_SU0_SUS0_TT4_8,NO_CHECK,147.842,453.923,,0.125,0.25,32,0.5,1,0.25,1,917504,131072,,,,,,,,,,2026-04-18 21:40:30.
0,18/44,33/35,Contraction_l_Alik_Bljk_Cijk_Dijk,"(32,1024,1,1024)",Cijk_Alik_Bljk_I8II_BH_GB_MT64x128x32_SN_GLVWA4_GLVWB4_GRVW4_K1_SU32_SUS256_TT4_8,NO_CHECK,150.042,447.267,,0.125,0.25,32,0.5,1,0.25,1,917504,131072,,,,,,,,,,2026-04-18 21:40:30.
0,18/44,34/35,Contraction_l_Alik_Bljk_Cijk_Dijk,"(32,1024,1,1024)",Cijk_Alik_Bljk_I8II_BH_GB_MT64x128x32_SN_GLVWA8_GLVWB8_GRVW8_K1_SU32_SUS256_TT4_8,NO_CHECK,148.642,451.48,,0.125,0.25,32,0.5,1,0.25,1,917504,131072,,,,,,,,,,2026-04-18 21:40:30.
0,18/44,35/35,Contraction_l_Alik_Bljk_Cijk_Dijk,"(32,1024,1,1024)",Cijk_Alik_Bljk_I8II_BH_GB_MT64x128x32_SN_GLVWA8_GLVWB16_GRVW16_K1_SU32_SUS256_TT4_8,NO_CHECK,135.161,496.511,,0.125,0.25,32,0.5,1,0.25,1,917504,131072,,,,,,,,,,2026-04-18 21:40:30.
0,19/44,0/35,Contraction_l_Alik_Bljk_Cijk_Dijk,"(32,1024,1,4096)",Cijk_Alik_Bljk_I8II_BH_GB_MT64x64x16_SN_GLVWA4_GLVWB4_GRVW4_K1_SU0_SUS0_TT4_4,NO_CHECK,228.162,1176.51,,0.25,0.5,32,0.5,1,0.5,1,4325376,131072,,,,,,,,,,2026-04-18 21:40:30.
0,19/44,1/35,Contraction_l_Alik_Bljk_Cijk_Dijk,"(32,1024,1,4096)",Cijk_Alik_Bljk_I8II_BH_GB_MT64x64x16_SN_GLVWA4_GLVWB4_GRVW8_K1_SU0_SUS0_TT4_4,NO_CHECK,227.963,1177.54,,0.25,0.5,32,0.5,1,0.5,1,4325376,131072,,,,,,,,,,2026-04-18 21:40:30.
0,19/44,2/35,Contraction_l_Alik_Bljk_Cijk_Dijk,"(32,1024,1,4096)",Cijk_Alik_Bljk_I8II_BH_GB_MT64x64x16_SN_GLVWA4_GLVWB4_GRVW16_K1_SU0_SUS0_TT4_4,NO_CHECK,227.962,1177.54,,0.25,0.5,32,0.5,1,0.5,1,4325376,131072,,,,,,,,,,2026-04-18 21:40:30.
0,19/44,3/35,Contraction_l_Alik_Bljk_Cijk_Dijk,"(32,1024,1,4096)",Cijk_Alik_Bljk_I8II_BH_GB_MT64x64x16_SN_GLVWA4_GLVWB4_GRVW4_K1_SU32_SUS256_TT4_4,NO_CHECK,229.683,1168.72,,0.25,0.5,32,0.5,1,0.5,1,4325376,131072,,,,,,,,,,2026-04-18 21:40:30.
0,19/44,4/35,Contraction_l_Alik_Bljk_Cijk_Dijk,"(32,1024,1,4096)",Cijk_Alik_Bljk_I8II_BH_GB_MT64x64x16_SN_GLVWA4_GLVWB4_GRVW8_K1_SU32_SUS256_TT4_4,NO_CHECK,237.803,1128.81,,0.25,0.5,32,0.5,1,0.5,1,4325376,131072,,,,,,,,,,2026-04-18 21:40:30.
0,19/44,5/35,Contraction_l_Alik_Bljk_Cijk_Dijk,"(32,1024,1,4096)",Cijk_Alik_Bljk_I8II_BH_GB_MT64x64x16_SN_GLVWA4_GLVWB4_GRVW16_K1_SU32_SUS256_TT4_4,NO_CHECK,228.603,1174.24,,0.25,0.5,32,0.5,1,0.5,1,4325376,131072,,,,,,,,,,2026-04-18 21:40:30.
0,19/44,6/35,Contraction_l_Alik_Bljk_Cijk_Dijk,"(32,1024,1,4096)",Cijk_Alik_Bljk_I8II_BH_GB_MT128x64x16_SN_GLVWA4_GLVWB4_GRVW4_K1_SU0_SUS0_TT8_4,NO_CHECK,342.164,784.523,,0.125,0.5,32,0.25,1,0.5,1,3276800,131072,,,,,,,,,,2026-04-18 21:40:30.
0,19/44,7/35,Contraction_l_Alik_Bljk_Cijk_Dijk,"(32,1024,1,4096)",Cijk_Alik_Bljk_I8II_BH_GB_MT128x64x16_SN_GLVWA8_GLVWB4_GRVW8_K1_SU0_SUS0_TT8_4,NO_CHECK,341.404,786.269,,0.125,0.5,32,0.25,1,0.5,1,3276800,131072,,,,,,,,,,2026-04-18 21:40:30.
0,19/44,8/35,Contraction_l_Alik_Bljk_Cijk_Dijk,"(32,1024,1,4096)",Cijk_Alik_Bljk_I8II_BH_GB_MT128x64x16_SN_GLVWA8_GLVWB4_GRVW16_K1_SU0_SUS0_TT8_4,NO_CHECK,341.764,785.441,,0.125,0.5,32,0.25,1,0.5,1,3276800,131072,,,,,,,,,,2026-04-18 21:40:30.
0,19/44,9/35,Contraction_l_Alik_Bljk_Cijk_Dijk,"(32,1024,1,4096)",Cijk_Alik_Bljk_I8II_BH_GB_MT128x64x16_SN_GLVWA4_GLVWB4_GRVW4_K1_SU32_SUS256_TT8_4,NO_CHECK,344.524,779.149,,0.125,0.5,32,0.25,1,0.5,1,3276800,131072,,,,,,,,,,2026-04-18 21:40:30.
0,19/44,10/35,Contraction_l_Alik_Bljk_Cijk_Dijk,"(32,1024,1,4096)",Cijk_Alik_Bljk_I8II_BH_GB_MT128x64x16_SN_GLVWA8_GLVWB4_GRVW8_K1_SU32_SUS256_TT8_4,NO_CHECK,343.403,781.692,,0.125,0.5,32,0.25,1,0.5,1,3276800,131072,,,,,,,,,,2026-04-18 21:40:30.
0,19/44,11/35,Contraction_l_Alik_Bljk_Cijk_Dijk,"(32,1024,1,4096)",Cijk_Alik_Bljk_I8II_BH_GB_MT128x64x16_SN_GLVWA8_GLVWB4_GRVW16_K1_SU32_SUS256_TT8_4,NO_CHECK,514.566,521.674,,0.125,0.5,32,0.25,1,0.5,1,3276800,131072,,,,,,,,,,2026-04-18 21:40:30.
0,19/44,12/35,Contraction_l_Alik_Bljk_Cijk_Dijk,"(32,1024,1,4096)",Cijk_Alik_Bljk_I8II_BH_GB_MT64x128x16_SN_GLVWA4_GLVWB4_GRVW4_K1_SU0_SUS0_TT4_8,NO_CHECK,348.724,769.765,,0.125,0.25,32,0.5,1,0.25,1,3276800,131072,,,,,,,,,,2026-04-18 21:40:30.
0,19/44,13/35,Contraction_l_Alik_Bljk_Cijk_Dijk,"(32,1024,1,4096)",Cijk_Alik_Bljk_I8II_BH_GB_MT64x128x16_SN_GLVWA4_GLVWB8_GRVW8_K1_SU0_SUS0_TT4_8,NO_CHECK,338.403,793.242,,0.125,0.25,32,0.5,1,0.25,1,3276800,131072,,,,,,,,,,2026-04-18 21:40:30.
0,19/44,14/35,Contraction_l_Alik_Bljk_Cijk_Dijk,"(32,1024,1,4096)",Cijk_Alik_Bljk_I8II_BH_GB_MT64x128x16_SN_GLVWA4_GLVWB8_GRVW16_K1_SU0_SUS0_TT4_8,NO_CHECK,339.724,790.157,,0.125,0.25,32,0.5,1,0.25,1,3276800,131072,,,,,,,,,,2026-04-18 21:40:30.
0,19/44,15/35,Contraction_l_Alik_Bljk_Cijk_Dijk,"(32,1024,1,4096)",Cijk_Alik_Bljk_I8II_BH_GB_MT64x128x16_SN_GLVWA4_GLVWB4_GRVW4_K1_SU32_SUS256_TT4_8,NO_CHECK,342.524,783.698,,0.125,0.25,32,0.5,1,0.25,1,3276800,131072,,,,,,,,,,2026-04-18 21:40:30.
0,19/44,16/35,Contraction_l_Alik_Bljk_Cijk_Dijk,"(32,1024,1,4096)",Cijk_Alik_Bljk_I8II_BH_GB_MT64x128x16_SN_GLVWA4_GLVWB8_GRVW8_K1_SU32_SUS256_TT4_8,NO_CHECK,339.323,791.091,,0.125,0.25,32,0.5,1,0.25,1,3276800,131072,,,,,,,,,,2026-04-18 21:40:30.
0,19/44,17/35,Contraction_l_Alik_Bljk_Cijk_Dijk,"(32,1024,1,4096)",Cijk_Alik_Bljk_I8II_BH_GB_MT64x128x16_SN_GLVWA4_GLVWB8_GRVW16_K1_SU32_SUS256_TT4_8,NO_CHECK,341.844,785.257,,0.125,0.25,32,0.5,1,0.25,1,3276800,131072,,,,,,,,,,2026-04-18 21:40:30.
0,19/44,18/35,Contraction_l_Alik_Bljk_Cijk_Dijk,"(32,1024,1,4096)",Cijk_Alik_Bljk_I8II_BH_GB_MT64x64x32_SN_GLVWA4_GLVWB4_GRVW4_K1_SU0_SUS0_TT4_4,NO_CHECK,234.803,1143.24,,0.25,0.5,32,0.5,1,0.5,1,4325376,131072,,,,,,,,,,2026-04-18 21:40:30.
0,19/44,19/35,Contraction_l_Alik_Bljk_Cijk_Dijk,"(32,1024,1,4096)",Cijk_Alik_Bljk_I8II_BH_GB_MT64x64x32_SN_GLVWA8_GLVWB8_GRVW8_K1_SU0_SUS0_TT4_4,NO_CHECK,234.723,1143.63,,0.25,0.5,32,0.5,1,0.5,1,4325376,131072,,,,,,,,,,2026-04-18 21:40:30.
0,19/44,20/35,Contraction_l_Alik_Bljk_Cijk_Dijk,"(32,1024,1,4096)",Cijk_Alik_Bljk_I8II_BH_GB_MT64x64x32_SN_GLVWA8_GLVWB8_GRVW16_K1_SU0_SUS0_TT4_4,NO_CHECK,234.802,1143.24,,0.25,0.5,32,0.5,1,0.5,1,4325376,131072,,,,,,,,,,2026-04-18 21:40:30.
0,19/44,21/35,Contraction_l_Alik_Bljk_Cijk_Dijk,"(32,1024,1,4096)",Cijk_Alik_Bljk_I8II_BH_GB_MT64x64x32_SN_GLVWA4_GLVWB4_GRVW4_K1_SU32_SUS256_TT4_4,NO_CHECK,236.603,1134.54,,0.25,0.5,32,0.5,1,0.5,1,4325376,131072,,,,,,,,,,2026-04-18 21:40:30.
0,19/44,22/35,Contraction_l_Alik_Bljk_Cijk_Dijk,"(32,1024,1,4096)",Cijk_Alik_Bljk_I8II_BH_GB_MT64x64x32_SN_GLVWA8_GLVWB8_GRVW8_K1_SU32_SUS256_TT4_4,NO_CHECK,234.883,1142.85,,0.25,0.5,32,0.5,1,0.5,1,4325376,131072,,,,,,,,,,2026-04-18 21:40:30.
0,19/44,23/35,Contraction_l_Alik_Bljk_Cijk_Dijk,"(32,1024,1,4096)",Cijk_Alik_Bljk_I8II_BH_GB_MT64x64x32_SN_GLVWA8_GLVWB8_GRVW16_K1_SU32_SUS256_TT4_4,NO_CHECK,234.763,1143.43,,0.25,0.5,32,0.5,1,0.5,1,4325376,131072,,,,,,,,,,2026-04-18 21:40:30.
0,19/44,24/35,Contraction_l_Alik_Bljk_Cijk_Dijk,"(32,1024,1,4096)",Cijk_Alik_Bljk_I8II_BH_GB_MT128x64x32_SN_GLVWA4_GLVWB4_GRVW4_K1_SU0_SUS0_TT8_4,NO_CHECK,356.084,753.854,,0.125,0.5,32,0.25,1,0.5,1,3276800,131072,,,,,,,,,,2026-04-18 21:40:30.
0,19/44,25/35,Contraction_l_Alik_Bljk_Cijk_Dijk,"(32,1024,1,4096)",Cijk_Alik_Bljk_I8II_BH_GB_MT128x64x32_SN_GLVWA8_GLVWB8_GRVW8_K1_SU0_SUS0_TT8_4,NO_CHECK,355.684,754.702,,0.125,0.5,32,0.25,1,0.5,1,3276800,131072,,,,,,,,,,2026-04-18 21:40:30.
0,19/44,26/35,Contraction_l_Alik_Bljk_Cijk_Dijk,"(32,1024,1,4096)",Cijk_Alik_Bljk_I8II_BH_GB_MT128x64x32_SN_GLVWA16_GLVWB8_GRVW16_K1_SU0_SUS0_TT8_4,NO_CHECK,353.604,759.141,,0.125,0.5,32,0.25,1,0.5,1,3276800,131072,,,,,,,,,,2026-04-18 21:40:30.
0,19/44,27/35,Contraction_l_Alik_Bljk_Cijk_Dijk,"(32,1024,1,4096)",Cijk_Alik_Bljk_I8II_BH_GB_MT128x64x32_SN_GLVWA4_GLVWB4_GRVW4_K1_SU32_SUS256_TT8_4,NO_CHECK,368.644,728.17,,0.125,0.5,32,0.25,1,0.5,1,3276800,131072,,,,,,,,,,2026-04-18 21:40:30.
0,19/44,28/35,Contraction_l_Alik_Bljk_Cijk_Dijk,"(32,1024,1,4096)",Cijk_Alik_Bljk_I8II_BH_GB_MT128x64x32_SN_GLVWA8_GLVWB8_GRVW8_K1_SU32_SUS256_TT8_4,NO_CHECK,545.646,491.959,,0.125,0.5,32,0.25,1,0.5,1,3276800,131072,,,,,,,,,,2026-04-18 21:40:30.
0,19/44,29/35,Contraction_l_Alik_Bljk_Cijk_Dijk,"(32,1024,1,4096)",Cijk_Alik_Bljk_I8II_BH_GB_MT128x64x32_SN_GLVWA16_GLVWB8_GRVW16_K1_SU32_SUS256_TT8_4,NO_CHECK,362.444,740.626,,0.125,0.5,32,0.25,1,0.5,1,3276800,131072,,,,,,,,,,2026-04-18 21:40:30.
0,19/44,30/35,Contraction_l_Alik_Bljk_Cijk_Dijk,"(32,1024,1,4096)",Cijk_Alik_Bljk_I8II_BH_GB_MT64x128x32_SN_GLVWA4_GLVWB4_GRVW4_K1_SU0_SUS0_TT4_8,NO_CHECK,353.004,760.432,,0.125,0.25,32,0.5,1,0.25,1,3276800,131072,,,,,,,,,,2026-04-18 21:40:30.
0,19/44,31/35,Contraction_l_Alik_Bljk_Cijk_Dijk,"(32,1024,1,4096)",Cijk_Alik_Bljk_I8II_BH_GB_MT64x128x32_SN_GLVWA8_GLVWB8_GRVW8_K1_SU0_SUS0_TT4_8,NO_CHECK,351.804,763.026,,0.125,0.25,32,0.5,1,0.25,1,3276800,131072,,,,,,,,,,2026-04-18 21:40:30.
0,19/44,32/35,Contraction_l_Alik_Bljk_Cijk_Dijk,"(32,1024,1,4096)",Cijk_Alik_Bljk_I8II_BH_GB_MT64x128x32_SN_GLVWA8_GLVWB16_GRVW16_K1_SU0_SUS0_TT4_8,NO_CHECK,350.644,765.55,,0.125,0.25,32,0.5,1,0.25,1,3276800,131072,,,,,,,,,,2026-04-18 21:40:30.
0,19/44,33/35,Contraction_l_Alik_Bljk_Cijk_Dijk,"(32,1024,1,4096)",Cijk_Alik_Bljk_I8II_BH_GB_MT64x128x32_SN_GLVWA4_GLVWB4_GRVW4_K1_SU32_SUS256_TT4_8,NO_CHECK,353.163,760.089,,0.125,0.25,32,0.5,1,0.25,1,3276800,131072,,,,,,,,,,2026-04-18 21:40:30.
0,19/44,34/35,Contraction_l_Alik_Bljk_Cijk_Dijk,"(32,1024,1,4096)",Cijk_Alik_Bljk_I8II_BH_GB_MT64x128x32_SN_GLVWA8_GLVWB8_GRVW8_K1_SU32_SUS256_TT4_8,NO_CHECK,350.284,766.337,,0.125,0.25,32,0.5,1,0.25,1,3276800,131072,,,,,,,,,,2026-04-18 21:40:30.
0,19/44,35/35,Contraction_l_Alik_Bljk_Cijk_Dijk,"(32,1024,1,4096)",Cijk_Alik_Bljk_I8II_BH_GB_MT64x128x32_SN_GLVWA8_GLVWB16_GRVW16_K1_SU32_SUS256_TT4_8,NO_CHECK,350.324,766.249,,0.125,0.25,32,0.5,1,0.25,1,3276800,131072,,,,,,,,,,2026-04-18 21:40:30.
0,20/44,0/35,Contraction_l_Alik_Bljk_Cijk_Dijk,"(32,1024,1,8192)",Cijk_Alik_Bljk_I8II_BH_GB_MT64x64x16_SN_GLVWA4_GLVWB4_GRVW4_K1_SU0_SUS0_TT4_4,NO_CHECK,445.205,1205.9,,0.25,0.5,32,0.5,1,0.5,1,8519680,131072,,,,,,,,,,2026-04-18 21:40:30.
0,20/44,1/35,Contraction_l_Alik_Bljk_Cijk_Dijk,"(32,1024,1,8192)",Cijk_Alik_Bljk_I8II_BH_GB_MT64x64x16_SN_GLVWA4_GLVWB4_GRVW8_K1_SU0_SUS0_TT4_4,NO_CHECK,439.885,1220.48,,0.25,0.5,32,0.5,1,0.5,1,8519680,131072,,,,,,,,,,2026-04-18 21:40:30.
0,20/44,2/35,Contraction_l_Alik_Bljk_Cijk_Dijk,"(32,1024,1,8192)",Cijk_Alik_Bljk_I8II_BH_GB_MT64x64x16_SN_GLVWA4_GLVWB4_GRVW16_K1_SU0_SUS0_TT4_4,NO_CHECK,437.885,1226.05,,0.25,0.5,32,0.5,1,0.5,1,8519680,131072,,,,,,,,,,2026-04-18 21:40:30.
0,20/44,3/35,Contraction_l_Alik_Bljk_Cijk_Dijk,"(32,1024,1,8192)",Cijk_Alik_Bljk_I8II_BH_GB_MT64x64x16_SN_GLVWA4_GLVWB4_GRVW4_K1_SU32_SUS256_TT4_4,NO_CHECK,441.645,1215.62,,0.25,0.5,32,0.5,1,0.5,1,8519680,131072,,,,,,,,,,2026-04-18 21:40:30.
0,20/44,4/35,Contraction_l_Alik_Bljk_Cijk_Dijk,"(32,1024,1,8192)",Cijk_Alik_Bljk_I8II_BH_GB_MT64x64x16_SN_GLVWA4_GLVWB4_GRVW8_K1_SU32_SUS256_TT4_4,NO_CHECK,441.525,1215.95,,0.25,0.5,32,0.5,1,0.5,1,8519680,131072,,,,,,,,,,2026-04-18 21:40:30.
0,20/44,5/35,Contraction_l_Alik_Bljk_Cijk_Dijk,"(32,1024,1,8192)",Cijk_Alik_Bljk_I8II_BH_GB_MT64x64x16_SN_GLVWA4_GLVWB4_GRVW16_K1_SU32_SUS256_TT4_4,NO_CHECK,441.365,1216.39,,0.25,0.5,32,0.5,1,0.5,1,8519680,131072,,,,,,,,,,2026-04-18 21:40:30.
0,20/44,6/35,Contraction_l_Alik_Bljk_Cijk_Dijk,"(32,1024,1,8192)",Cijk_Alik_Bljk_I8II_BH_GB_MT128x64x16_SN_GLVWA4_GLVWB4_GRVW4_K1_SU0_SUS0_TT8_4,NO_CHECK,660.687,812.595,,0.125,0.5,32,0.25,1,0.5,1,6422528,131072,,,,,,,,,,2026-04-18 21:40:30.
0,20/44,7/35,Contraction_l_Alik_Bljk_Cijk_Dijk,"(32,1024,1,8192)",Cijk_Alik_Bljk_I8II_BH_GB_MT128x64x16_SN_GLVWA8_GLVWB4_GRVW8_K1_SU0_SUS0_TT8_4,NO_CHECK,657.408,816.648,,0.125,0.5,32,0.25,1,0.5,1,6422528,131072,,,,,,,,,,2026-04-18 21:40:30.
0,20/44,8/35,Contraction_l_Alik_Bljk_Cijk_Dijk,"(32,1024,1,8192)",Cijk_Alik_Bljk_I8II_BH_GB_MT128x64x16_SN_GLVWA8_GLVWB4_GRVW16_K1_SU0_SUS0_TT8_4,NO_CHECK,655.047,819.591,,0.125,0.5,32,0.25,1,0.5,1,6422528,131072,,,,,,,,,,2026-04-18 21:40:30.
0,20/44,9/35,Contraction_l_Alik_Bljk_Cijk_Dijk,"(32,1024,1,8192)",Cijk_Alik_Bljk_I8II_BH_GB_MT128x64x16_SN_GLVWA4_GLVWB4_GRVW4_K1_SU32_SUS256_TT8_4,NO_CHECK,657.287,816.798,,0.125,0.5,32,0.25,1,0.5,1,6422528,131072,,,,,,,,,,2026-04-18 21:40:30.
0,20/44,10/35,Contraction_l_Alik_Bljk_Cijk_Dijk,"(32,1024,1,8192)",Cijk_Alik_Bljk_I8II_BH_GB_MT128x64x16_SN_GLVWA8_GLVWB4_GRVW8_K1_SU32_SUS256_TT8_4,NO_CHECK,654.448,820.342,,0.125,0.5,32,0.25,1,0.5,1,6422528,131072,,,,,,,,,,2026-04-18 21:40:30.
0,20/44,11/35,Contraction_l_Alik_Bljk_Cijk_Dijk,"(32,1024,1,8192)",Cijk_Alik_Bljk_I8II_BH_GB_MT128x64x16_SN_GLVWA8_GLVWB4_GRVW16_K1_SU32_SUS256_TT8_4,NO_CHECK,653.447,821.598,,0.125,0.5,32,0.25,1,0.5,1,6422528,131072,,,,,,,,,,2026-04-18 21:40:30.
0,20/44,12/35,Contraction_l_Alik_Bljk_Cijk_Dijk,"(32,1024,1,8192)",Cijk_Alik_Bljk_I8II_BH_GB_MT64x128x16_SN_GLVWA4_GLVWB4_GRVW4_K1_SU0_SUS0_TT4_8,NO_CHECK,651.887,823.564,,0.125,0.25,32,0.5,1,0.25,1,6422528,131072,,,,,,,,,,2026-04-18 21:40:30.
0,20/44,13/35,Contraction_l_Alik_Bljk_Cijk_Dijk,"(32,1024,1,8192)",Cijk_Alik_Bljk_I8II_BH_GB_MT64x128x16_SN_GLVWA4_GLVWB8_GRVW8_K1_SU0_SUS0_TT4_8,NO_CHECK,649.848,826.148,,0.125,0.25,32,0.5,1,0.25,1,6422528,131072,,,,,,,,,,2026-04-18 21:40:30.
0,20/44,14/35,Contraction_l_Alik_Bljk_Cijk_Dijk,"(32,1024,1,8192)",Cijk_Alik_Bljk_I8II_BH_GB_MT64x128x16_SN_GLVWA4_GLVWB8_GRVW16_K1_SU0_SUS0_TT4_8,NO_CHECK,650.928,824.778,,0.125,0.25,32,0.5,1,0.25,1,6422528,131072,,,,,,,,,,2026-04-18 21:40:30.
0,20/44,15/35,Contraction_l_Alik_Bljk_Cijk_Dijk,"(32,1024,1,8192)",Cijk_Alik_Bljk_I8II_BH_GB_MT64x128x16_SN_GLVWA4_GLVWB4_GRVW4_K1_SU32_SUS256_TT4_8,NO_CHECK,656.127,818.242,,0.125,0.25,32,0.5,1,0.25,1,6422528,131072,,,,,,,,,,2026-04-18 21:40:30.
0,20/44,16/35,Contraction_l_Alik_Bljk_Cijk_Dijk,"(32,1024,1,8192)",Cijk_Alik_Bljk_I8II_BH_GB_MT64x128x16_SN_GLVWA4_GLVWB8_GRVW8_K1_SU32_SUS256_TT4_8,NO_CHECK,826.41,649.642,,0.125,0.25,32,0.5,1,0.25,1,6422528,131072,,,,,,,,,,2026-04-18 21:40:30.
0,20/44,17/35,Contraction_l_Alik_Bljk_Cijk_Dijk,"(32,1024,1,8192)",Cijk_Alik_Bljk_I8II_BH_GB_MT64x128x16_SN_GLVWA4_GLVWB8_GRVW16_K1_SU32_SUS256_TT4_8,NO_CHECK,666.968,804.943,,0.125,0.25,32,0.5,1,0.25,1,6422528,131072,,,,,,,,,,2026-04-18 21:40:30.
0,20/44,18/35,Contraction_l_Alik_Bljk_Cijk_Dijk,"(32,1024,1,8192)",Cijk_Alik_Bljk_I8II_BH_GB_MT64x64x32_SN_GLVWA4_GLVWB4_GRVW4_K1_SU0_SUS0_TT4_4,NO_CHECK,443.525,1210.46,,0.25,0.5,32,0.5,1,0.5,1,8519680,131072,,,,,,,,,,2026-04-18 21:40:30.
0,20/44,19/35,Contraction_l_Alik_Bljk_Cijk_Dijk,"(32,1024,1,8192)",Cijk_Alik_Bljk_I8II_BH_GB_MT64x64x32_SN_GLVWA8_GLVWB8_GRVW8_K1_SU0_SUS0_TT4_4,NO_CHECK,440.605,1218.49,,0.25,0.5,32,0.5,1,0.5,1,8519680,131072,,,,,,,,,,2026-04-18 21:40:30.
0,20/44,20/35,Contraction_l_Alik_Bljk_Cijk_Dijk,"(32,1024,1,8192)",Cijk_Alik_Bljk_I8II_BH_GB_MT64x64x32_SN_GLVWA8_GLVWB8_GRVW16_K1_SU0_SUS0_TT4_4,NO_CHECK,439.285,1222.15,,0.25,0.5,32,0.5,1,0.5,1,8519680,131072,,,,,,,,,,2026-04-18 21:40:30.
0,20/44,21/35,Contraction_l_Alik_Bljk_Cijk_Dijk,"(32,1024,1,8192)",Cijk_Alik_Bljk_I8II_BH_GB_MT64x64x32_SN_GLVWA4_GLVWB4_GRVW4_K1_SU32_SUS256_TT4_4,NO_CHECK,442.605,1212.98,,0.25,0.5,32,0.5,1,0.5,1,8519680,131072,,,,,,,,,,2026-04-18 21:40:30.
0,20/44,22/35,Contraction_l_Alik_Bljk_Cijk_Dijk,"(32,1024,1,8192)",Cijk_Alik_Bljk_I8II_BH_GB_MT64x64x32_SN_GLVWA8_GLVWB8_GRVW8_K1_SU32_SUS256_TT4_4,NO_CHECK,439.205,1222.37,,0.25,0.5,32,0.5,1,0.5,1,8519680,131072,,,,,,,,,,2026-04-18 21:40:30.
0,20/44,23/35,Contraction_l_Alik_Bljk_Cijk_Dijk,"(32,1024,1,8192)",Cijk_Alik_Bljk_I8II_BH_GB_MT64x64x32_SN_GLVWA8_GLVWB8_GRVW16_K1_SU32_SUS256_TT4_4,NO_CHECK,439.644,1221.15,,0.25,0.5,32,0.5,1,0.5,1,8519680,131072,,,,,,,,,,2026-04-18 21:40:30.
0,20/44,24/35,Contraction_l_Alik_Bljk_Cijk_Dijk,"(32,1024,1,8192)",Cijk_Alik_Bljk_I8II_BH_GB_MT128x64x32_SN_GLVWA4_GLVWB4_GRVW4_K1_SU0_SUS0_TT8_4,NO_CHECK,668.648,802.92,,0.125,0.5,32,0.25,1,0.5,1,6422528,131072,,,,,,,,,,2026-04-18 21:40:30.
0,20/44,25/35,Contraction_l_Alik_Bljk_Cijk_Dijk,"(32,1024,1,8192)",Cijk_Alik_Bljk_I8II_BH_GB_MT128x64x32_SN_GLVWA8_GLVWB8_GRVW8_K1_SU0_SUS0_TT8_4,NO_CHECK,662.847,809.947,,0.125,0.5,32,0.25,1,0.5,1,6422528,131072,,,,,,,,,,2026-04-18 21:40:30.
0,20/44,26/35,Contraction_l_Alik_Bljk_Cijk_Dijk,"(32,1024,1,8192)",Cijk_Alik_Bljk_I8II_BH_GB_MT128x64x32_SN_GLVWA16_GLVWB8_GRVW16_K1_SU0_SUS0_TT8_4,NO_CHECK,661.328,811.807,,0.125,0.5,32,0.25,1,0.5,1,6422528,131072,,,,,,,,,,2026-04-18 21:40:30.
0,20/44,27/35,Contraction_l_Alik_Bljk_Cijk_Dijk,"(32,1024,1,8192)",Cijk_Alik_Bljk_I8II_BH_GB_MT128x64x32_SN_GLVWA4_GLVWB4_GRVW4_K1_SU32_SUS256_TT8_4,NO_CHECK,668.647,802.921,,0.125,0.5,32,0.25,1,0.5,1,6422528,131072,,,,,,,,,,2026-04-18 21:40:30.
0,20/44,28/35,Contraction_l_Alik_Bljk_Cijk_Dijk,"(32,1024,1,8192)",Cijk_Alik_Bljk_I8II_BH_GB_MT128x64x32_SN_GLVWA8_GLVWB8_GRVW8_K1_SU32_SUS256_TT8_4,NO_CHECK,860.89,623.623,,0.125,0.5,32,0.25,1,0.5,1,6422528,131072,,,,,,,,,,2026-04-18 21:40:30.
0,20/44,29/35,Contraction_l_Alik_Bljk_Cijk_Dijk,"(32,1024,1,8192)",Cijk_Alik_Bljk_I8II_BH_GB_MT128x64x32_SN_GLVWA16_GLVWB8_GRVW16_K1_SU32_SUS256_TT8_4,NO_CHECK,673.408,797.245,,0.125,0.5,32,0.25,1,0.5,1,6422528,131072,,,,,,,,,,2026-04-18 21:40:30.
0,20/44,30/35,Contraction_l_Alik_Bljk_Cijk_Dijk,"(32,1024,1,8192)",Cijk_Alik_Bljk_I8II_BH_GB_MT64x128x32_SN_GLVWA4_GLVWB4_GRVW4_K1_SU0_SUS0_TT4_8,NO_CHECK,665.367,806.879,,0.125,0.25,32,0.5,1,0.25,1,6422528,131072,,,,,,,,,,2026-04-18 21:40:30.
0,20/44,31/35,Contraction_l_Alik_Bljk_Cijk_Dijk,"(32,1024,1,8192)",Cijk_Alik_Bljk_I8II_BH_GB_MT64x128x32_SN_GLVWA8_GLVWB8_GRVW8_K1_SU0_SUS0_TT4_8,NO_CHECK,660.407,812.939,,0.125,0.25,32,0.5,1,0.25,1,6422528,131072,,,,,,,,,,2026-04-18 21:40:30.
0,20/44,32/35,Contraction_l_Alik_Bljk_Cijk_Dijk,"(32,1024,1,8192)",Cijk_Alik_Bljk_I8II_BH_GB_MT64x128x32_SN_GLVWA8_GLVWB16_GRVW16_K1_SU0_SUS0_TT4_8,NO_CHECK,659.248,814.369,,0.125,0.25,32,0.5,1,0.25,1,6422528,131072,,,,,,,,,,2026-04-18 21:40:30.
0,20/44,33/35,Contraction_l_Alik_Bljk_Cijk_Dijk,"(32,1024,1,8192)",Cijk_Alik_Bljk_I8II_BH_GB_MT64x128x32_SN_GLVWA4_GLVWB4_GRVW4_K1_SU32_SUS256_TT4_8,NO_CHECK,665.647,806.54,,0.125,0.25,32,0.5,1,0.25,1,6422528,131072,,,,,,,,,,2026-04-18 21:40:30.
0,20/44,34/35,Contraction_l_Alik_Bljk_Cijk_Dijk,"(32,1024,1,8192)",Cijk_Alik_Bljk_I8II_BH_GB_MT64x128x32_SN_GLVWA8_GLVWB8_GRVW8_K1_SU32_SUS256_TT4_8,NO_CHECK,662.008,810.973,,0.125,0.25,32,0.5,1,0.25,1,6422528,131072,,,,,,,,,,2026-04-18 21:40:30.
0,20/44,35/35,Contraction_l_Alik_Bljk_Cijk_Dijk,"(32,1024,1,8192)",Cijk_Alik_Bljk_I8II_BH_GB_MT64x128x32_SN_GLVWA8_GLVWB16_GRVW16_K1_SU32_SUS256_TT4_8,NO_CHECK,660.847,812.398,,0.125,0.25,32,0.5,1,0.25,1,6422528,131072,,,,,,,,,,2026-04-18 21:40:30.
0,21/44,0/35,Contraction_l_Alik_Bljk_Cijk_Dijk,"(32,4096,1,1024)",Cijk_Alik_Bljk_I8II_BH_GB_MT64x64x16_SN_GLVWA4_GLVWB4_GRVW4_K1_SU0_SUS0_TT4_4,NO_CHECK,111.762,2401.85,,0.5,2,32,0.5,1,1,1,4718592,524288,,,,,,,,,,2026-04-18 21:40:30.
0,21/44,1/35,Contraction_l_Alik_Bljk_Cijk_Dijk,"(32,4096,1,1024)",Cijk_Alik_Bljk_I8II_BH_GB_MT64x64x16_SN_GLVWA4_GLVWB4_GRVW8_K1_SU0_SUS0_TT4_4,NO_CHECK,111.401,2409.63,,0.5,2,32,0.5,1,1,1,4718592,524288,,,,,,,,,,2026-04-18 21:40:30.
0,21/44,2/35,Contraction_l_Alik_Bljk_Cijk_Dijk,"(32,4096,1,1024)",Cijk_Alik_Bljk_I8II_BH_GB_MT64x64x16_SN_GLVWA4_GLVWB4_GRVW16_K1_SU0_SUS0_TT4_4,NO_CHECK,111.841,2400.15,,0.5,2,32,0.5,1,1,1,4718592,524288,,,,,,,,,,2026-04-18 21:40:30.
0,21/44,3/35,Contraction_l_Alik_Bljk_Cijk_Dijk,"(32,4096,1,1024)",Cijk_Alik_Bljk_I8II_BH_GB_MT64x64x16_SN_GLVWA4_GLVWB4_GRVW4_K1_SU32_SUS256_TT4_4,NO_CHECK,112.841,2378.88,,0.5,2,32,0.5,1,1,1,4718592,524288,,,,,,,,,,2026-04-18 21:40:30.
0,21/44,4/35,Contraction_l_Alik_Bljk_Cijk_Dijk,"(32,4096,1,1024)",Cijk_Alik_Bljk_I8II_BH_GB_MT64x64x16_SN_GLVWA4_GLVWB4_GRVW8_K1_SU32_SUS256_TT4_4,NO_CHECK,112.641,2383.11,,0.5,2,32,0.5,1,1,1,4718592,524288,,,,,,,,,,2026-04-18 21:40:30.
0,21/44,5/35,Contraction_l_Alik_Bljk_Cijk_Dijk,"(32,4096,1,1024)",Cijk_Alik_Bljk_I8II_BH_GB_MT64x64x16_SN_GLVWA4_GLVWB4_GRVW16_K1_SU32_SUS256_TT4_4,NO_CHECK,111.842,2400.13,,0.5,2,32,0.5,1,1,1,4718592,524288,,,,,,,,,,2026-04-18 21:40:30.
0,21/44,6/35,Contraction_l_Alik_Bljk_Cijk_Dijk,"(32,4096,1,1024)",Cijk_Alik_Bljk_I8II_BH_GB_MT128x64x16_SN_GLVWA4_GLVWB4_GRVW4_K1_SU0_SUS0_TT8_4,NO_CHECK,177.642,1511.1,,0.25,2,32,0.25,1,1,1,3670016,524288,,,,,,,,,,2026-04-18 21:40:30.
0,21/44,7/35,Contraction_l_Alik_Bljk_Cijk_Dijk,"(32,4096,1,1024)",Cijk_Alik_Bljk_I8II_BH_GB_MT128x64x16_SN_GLVWA8_GLVWB4_GRVW8_K1_SU0_SUS0_TT8_4,NO_CHECK,166.202,1615.12,,0.25,2,32,0.25,1,1,1,3670016,524288,,,,,,,,,,2026-04-18 21:40:30.
0,21/44,8/35,Contraction_l_Alik_Bljk_Cijk_Dijk,"(32,4096,1,1024)",Cijk_Alik_Bljk_I8II_BH_GB_MT128x64x16_SN_GLVWA8_GLVWB4_GRVW16_K1_SU0_SUS0_TT8_4,NO_CHECK,166.722,1610.08,,0.25,2,32,0.25,1,1,1,3670016,524288,,,,,,,,,,2026-04-18 21:40:30.
0,21/44,9/35,Contraction_l_Alik_Bljk_Cijk_Dijk,"(32,4096,1,1024)",Cijk_Alik_Bljk_I8II_BH_GB_MT128x64x16_SN_GLVWA4_GLVWB4_GRVW4_K1_SU32_SUS256_TT8_4,NO_CHECK,166.962,1607.76,,0.25,2,32,0.25,1,1,1,3670016,524288,,,,,,,,,,2026-04-18 21:40:30.
0,21/44,10/35,Contraction_l_Alik_Bljk_Cijk_Dijk,"(32,4096,1,1024)",Cijk_Alik_Bljk_I8II_BH_GB_MT128x64x16_SN_GLVWA8_GLVWB4_GRVW8_K1_SU32_SUS256_TT8_4,NO_CHECK,166.282,1614.34,,0.25,2,32,0.25,1,1,1,3670016,524288,,,,,,,,,,2026-04-18 21:40:30.
0,21/44,11/35,Contraction_l_Alik_Bljk_Cijk_Dijk,"(32,4096,1,1024)",Cijk_Alik_Bljk_I8II_BH_GB_MT128x64x16_SN_GLVWA8_GLVWB4_GRVW16_K1_SU32_SUS256_TT8_4,NO_CHECK,166.081,1616.29,,0.25,2,32,0.25,1,1,1,3670016,524288,,,,,,,,,,2026-04-18 21:40:30.
0,21/44,12/35,Contraction_l_Alik_Bljk_Cijk_Dijk,"(32,4096,1,1024)",Cijk_Alik_Bljk_I8II_BH_GB_MT64x128x16_SN_GLVWA4_GLVWB4_GRVW4_K1_SU0_SUS0_TT4_8,NO_CHECK,115.362,2326.9,,0.5,1,32,0.5,1,1,1,3670016,524288,,,,,,,,,,2026-04-18 21:40:30.
0,21/44,13/35,Contraction_l_Alik_Bljk_Cijk_Dijk,"(32,4096,1,1024)",Cijk_Alik_Bljk_I8II_BH_GB_MT64x128x16_SN_GLVWA4_GLVWB8_GRVW8_K1_SU0_SUS0_TT4_8,NO_CHECK,106.602,2518.11,,0.5,1,32,0.5,1,1,1,3670016,524288,,,,,,,,,,2026-04-18 21:40:30.
0,21/44,14/35,Contraction_l_Alik_Bljk_Cijk_Dijk,"(32,4096,1,1024)",Cijk_Alik_Bljk_I8II_BH_GB_MT64x128x16_SN_GLVWA4_GLVWB8_GRVW16_K1_SU0_SUS0_TT4_8,NO_CHECK,106.441,2521.92,,0.5,1,32,0.5,1,1,1,3670016,524288,,,,,,,,,,2026-04-18 21:40:30.
0,21/44,15/35,Contraction_l_Alik_Bljk_Cijk_Dijk,"(32,4096,1,1024)",Cijk_Alik_Bljk_I8II_BH_GB_MT64x128x16_SN_GLVWA4_GLVWB4_GRVW4_K1_SU32_SUS256_TT4_8,NO_CHECK,106.681,2516.24,,0.5,1,32,0.5,1,1,1,3670016,524288,,,,,,,,,,2026-04-18 21:40:30.
0,21/44,16/35,Contraction_l_Alik_Bljk_Cijk_Dijk,"(32,4096,1,1024)",Cijk_Alik_Bljk_I8II_BH_GB_MT64x128x16_SN_GLVWA4_GLVWB8_GRVW8_K1_SU32_SUS256_TT4_8,NO_CHECK,105.961,2533.34,,0.5,1,32,0.5,1,1,1,3670016,524288,,,,,,,,,,2026-04-18 21:40:30.
0,21/44,17/35,Contraction_l_Alik_Bljk_Cijk_Dijk,"(32,4096,1,1024)",Cijk_Alik_Bljk_I8II_BH_GB_MT64x128x16_SN_GLVWA4_GLVWB8_GRVW16_K1_SU32_SUS256_TT4_8,NO_CHECK,106.362,2523.79,,0.5,1,32,0.5,1,1,1,3670016,524288,,,,,,,,,,2026-04-18 21:40:30.
0,21/44,18/35,Contraction_l_Alik_Bljk_Cijk_Dijk,"(32,4096,1,1024)",Cijk_Alik_Bljk_I8II_BH_GB_MT64x64x32_SN_GLVWA4_GLVWB4_GRVW4_K1_SU0_SUS0_TT4_4,NO_CHECK,113.481,2365.47,,0.5,2,32,0.5,1,1,1,4718592,524288,,,,,,,,,,2026-04-18 21:40:30.
0,21/44,19/35,Contraction_l_Alik_Bljk_Cijk_Dijk,"(32,4096,1,1024)",Cijk_Alik_Bljk_I8II_BH_GB_MT64x64x32_SN_GLVWA8_GLVWB8_GRVW8_K1_SU0_SUS0_TT4_4,NO_CHECK,112.561,2384.8,,0.5,2,32,0.5,1,1,1,4718592,524288,,,,,,,,,,2026-04-18 21:40:30.
0,21/44,20/35,Contraction_l_Alik_Bljk_Cijk_Dijk,"(32,4096,1,1024)",Cijk_Alik_Bljk_I8II_BH_GB_MT64x64x32_SN_GLVWA8_GLVWB8_GRVW16_K1_SU0_SUS0_TT4_4,NO_CHECK,113.282,2369.62,,0.5,2,32,0.5,1,1,1,4718592,524288,,,,,,,,,,2026-04-18 21:40:30.
0,21/44,21/35,Contraction_l_Alik_Bljk_Cijk_Dijk,"(32,4096,1,1024)",Cijk_Alik_Bljk_I8II_BH_GB_MT64x64x32_SN_GLVWA4_GLVWB4_GRVW4_K1_SU32_SUS256_TT4_4,NO_CHECK,114.041,2353.85,,0.5,2,32,0.5,1,1,1,4718592,524288,,,,,,,,,,2026-04-18 21:40:30.
0,21/44,22/35,Contraction_l_Alik_Bljk_Cijk_Dijk,"(32,4096,1,1024)",Cijk_Alik_Bljk_I8II_BH_GB_MT64x64x32_SN_GLVWA8_GLVWB8_GRVW8_K1_SU32_SUS256_TT4_4,NO_CHECK,114.081,2353.03,,0.5,2,32,0.5,1,1,1,4718592,524288,,,,,,,,,,2026-04-18 21:40:30.
0,21/44,23/35,Contraction_l_Alik_Bljk_Cijk_Dijk,"(32,4096,1,1024)",Cijk_Alik_Bljk_I8II_BH_GB_MT64x64x32_SN_GLVWA8_GLVWB8_GRVW16_K1_SU32_SUS256_TT4_4,NO_CHECK,114.321,2348.09,,0.5,2,32,0.5,1,1,1,4718592,524288,,,,,,,,,,2026-04-18 21:40:30.
0,21/44,24/35,Contraction_l_Alik_Bljk_Cijk_Dijk,"(32,4096,1,1024)",Cijk_Alik_Bljk_I8II_BH_GB_MT128x64x32_SN_GLVWA4_GLVWB4_GRVW4_K1_SU0_SUS0_TT8_4,NO_CHECK,175.282,1531.45,,0.25,2,32,0.25,1,1,1,3670016,524288,,,,,,,,,,2026-04-18 21:40:30.
0,21/44,25/35,Contraction_l_Alik_Bljk_Cijk_Dijk,"(32,4096,1,1024)",Cijk_Alik_Bljk_I8II_BH_GB_MT128x64x32_SN_GLVWA8_GLVWB8_GRVW8_K1_SU0_SUS0_TT8_4,NO_CHECK,175.002,1533.9,,0.25,2,32,0.25,1,1,1,3670016,524288,,,,,,,,,,2026-04-18 21:40:30.
0,21/44,26/35,Contraction_l_Alik_Bljk_Cijk_Dijk,"(32,4096,1,1024)",Cijk_Alik_Bljk_I8II_BH_GB_MT128x64x32_SN_GLVWA16_GLVWB8_GRVW16_K1_SU0_SUS0_TT8_4,NO_CHECK,173.882,1543.78,,0.25,2,32,0.25,1,1,1,3670016,524288,,,,,,,,,,2026-04-18 21:40:30.
0,21/44,27/35,Contraction_l_Alik_Bljk_Cijk_Dijk,"(32,4096,1,1024)",Cijk_Alik_Bljk_I8II_BH_GB_MT128x64x32_SN_GLVWA4_GLVWB4_GRVW4_K1_SU32_SUS256_TT8_4,NO_CHECK,175.322,1531.1,,0.25,2,32,0.25,1,1,1,3670016,524288,,,,,,,,,,2026-04-18 21:40:30.
0,21/44,28/35,Contraction_l_Alik_Bljk_Cijk_Dijk,"(32,4096,1,1024)",Cijk_Alik_Bljk_I8II_BH_GB_MT128x64x32_SN_GLVWA8_GLVWB8_GRVW8_K1_SU32_SUS256_TT8_4,NO_CHECK,175.082,1533.2,,0.25,2,32,0.25,1,1,1,3670016,524288,,,,,,,,,,2026-04-18 21:40:30.
0,21/44,29/35,Contraction_l_Alik_Bljk_Cijk_Dijk,"(32,4096,1,1024)",Cijk_Alik_Bljk_I8II_BH_GB_MT128x64x32_SN_GLVWA16_GLVWB8_GRVW16_K1_SU32_SUS256_TT8_4,NO_CHECK,176.322,1522.42,,0.25,2,32,0.25,1,1,1,3670016,524288,,,,,,,,,,2026-04-18 21:40:30.
0,21/44,30/35,Contraction_l_Alik_Bljk_Cijk_Dijk,"(32,4096,1,1024)",Cijk_Alik_Bljk_I8II_BH_GB_MT64x128x32_SN_GLVWA4_GLVWB4_GRVW4_K1_SU0_SUS0_TT4_8,NO_CHECK,119.801,2240.68,,0.5,1,32,0.5,1,1,1,3670016,524288,,,,,,,,,,2026-04-18 21:40:30.
0,21/44,31/35,Contraction_l_Alik_Bljk_Cijk_Dijk,"(32,4096,1,1024)",Cijk_Alik_Bljk_I8II_BH_GB_MT64x128x32_SN_GLVWA8_GLVWB8_GRVW8_K1_SU0_SUS0_TT4_8,NO_CHECK,119.641,2243.67,,0.5,1,32,0.5,1,1,1,3670016,524288,,,,,,,,,,2026-04-18 21:40:30.
0,21/44,32/35,Contraction_l_Alik_Bljk_Cijk_Dijk,"(32,4096,1,1024)",Cijk_Alik_Bljk_I8II_BH_GB_MT64x128x32_SN_GLVWA8_GLVWB16_GRVW16_K1_SU0_SUS0_TT4_8,NO_CHECK,118.361,2267.94,,0.5,1,32,0.5,1,1,1,3670016,524288,,,,,,,,,,2026-04-18 21:40:30.
0,21/44,33/35,Contraction_l_Alik_Bljk_Cijk_Dijk,"(32,4096,1,1024)",Cijk_Alik_Bljk_I8II_BH_GB_MT64x128x32_SN_GLVWA4_GLVWB4_GRVW4_K1_SU32_SUS256_TT4_8,NO_CHECK,343.884,780.599,,0.5,1,32,0.5,1,1,1,3670016,524288,,,,,,,,,,2026-04-18 21:40:30.
0,21/44,34/35,Contraction_l_Alik_Bljk_Cijk_Dijk,"(32,4096,1,1024)",Cijk_Alik_Bljk_I8II_BH_GB_MT64x128x32_SN_GLVWA8_GLVWB8_GRVW8_K1_SU32_SUS256_TT4_8,NO_CHECK,127.002,2113.63,,0.5,1,32,0.5,1,1,1,3670016,524288,,,,,,,,,,2026-04-18 21:40:30.
0,21/44,35/35,Contraction_l_Alik_Bljk_Cijk_Dijk,"(32,4096,1,1024)",Cijk_Alik_Bljk_I8II_BH_GB_MT64x128x32_SN_GLVWA8_GLVWB16_GRVW16_K1_SU32_SUS256_TT4_8,NO_CHECK,119.681,2242.92,,0.5,1,32,0.5,1,1,1,3670016,524288,,,,,,,,,,2026-04-18 21:40:30.
0,22/44,0/35,Contraction_l_Alik_Bljk_Cijk_Dijk,"(32,4096,1,4096)",Cijk_Alik_Bljk_I8II_BH_GB_MT64x64x16_SN_GLVWA4_GLVWB4_GRVW4_K1_SU0_SUS0_TT4_4,NO_CHECK,401.965,2671.23,,0.5,2,32,0.5,1,1,1,17301504,524288,,,,,,,,,,2026-04-18 21:40:30.
0,22/44,1/35,Contraction_l_Alik_Bljk_Cijk_Dijk,"(32,4096,1,4096)",Cijk_Alik_Bljk_I8II_BH_GB_MT64x64x16_SN_GLVWA4_GLVWB4_GRVW8_K1_SU0_SUS0_TT4_4,NO_CHECK,399.724,2686.21,,0.5,2,32,0.5,1,1,1,17301504,524288,,,,,,,,,,2026-04-18 21:40:30.
0,22/44,2/35,Contraction_l_Alik_Bljk_Cijk_Dijk,"(32,4096,1,4096)",Cijk_Alik_Bljk_I8II_BH_GB_MT64x64x16_SN_GLVWA4_GLVWB4_GRVW16_K1_SU0_SUS0_TT4_4,NO_CHECK,400.204,2682.99,,0.5,2,32,0.5,1,1,1,17301504,524288,,,,,,,,,,2026-04-18 21:40:30.
0,22/44,3/35,Contraction_l_Alik_Bljk_Cijk_Dijk,"(32,4096,1,4096)",Cijk_Alik_Bljk_I8II_BH_GB_MT64x64x16_SN_GLVWA4_GLVWB4_GRVW4_K1_SU32_SUS256_TT4_4,NO_CHECK,399.765,2685.93,,0.5,2,32,0.5,1,1,1,17301504,524288,,,,,,,,,,2026-04-18 21:40:30.
0,22/44,4/35,Contraction_l_Alik_Bljk_Cijk_Dijk,"(32,4096,1,4096)",Cijk_Alik_Bljk_I8II_BH_GB_MT64x64x16_SN_GLVWA4_GLVWB4_GRVW8_K1_SU32_SUS256_TT4_4,NO_CHECK,398.445,2694.83,,0.5,2,32,0.5,1,1,1,17301504,524288,,,,,,,,,,2026-04-18 21:40:30.
0,22/44,5/35,Contraction_l_Alik_Bljk_Cijk_Dijk,"(32,4096,1,4096)",Cijk_Alik_Bljk_I8II_BH_GB_MT64x64x16_SN_GLVWA4_GLVWB4_GRVW16_K1_SU32_SUS256_TT4_4,NO_CHECK,398.524,2694.3,,0.5,2,32,0.5,1,1,1,17301504,524288,,,,,,,,,,2026-04-18 21:40:30.
0,22/44,6/35,Contraction_l_Alik_Bljk_Cijk_Dijk,"(32,4096,1,4096)",Cijk_Alik_Bljk_I8II_BH_GB_MT128x64x16_SN_GLVWA4_GLVWB4_GRVW4_K1_SU0_SUS0_TT8_4,NO_CHECK,610.766,1758.02,,0.25,2,32,0.25,1,1,1,13107200,524288,,,,,,,,,,2026-04-18 21:40:30.
0,22/44,7/35,Contraction_l_Alik_Bljk_Cijk_Dijk,"(32,4096,1,4096)",Cijk_Alik_Bljk_I8II_BH_GB_MT128x64x16_SN_GLVWA8_GLVWB4_GRVW8_K1_SU0_SUS0_TT8_4,NO_CHECK,608.287,1765.19,,0.25,2,32,0.25,1,1,1,13107200,524288,,,,,,,,,,2026-04-18 21:40:30.
0,22/44,8/35,Contraction_l_Alik_Bljk_Cijk_Dijk,"(32,4096,1,4096)",Cijk_Alik_Bljk_I8II_BH_GB_MT128x64x16_SN_GLVWA8_GLVWB4_GRVW16_K1_SU0_SUS0_TT8_4,NO_CHECK,607.007,1768.91,,0.25,2,32,0.25,1,1,1,13107200,524288,,,,,,,,,,2026-04-18 21:40:30.
0,22/44,9/35,Contraction_l_Alik_Bljk_Cijk_Dijk,"(32,4096,1,4096)",Cijk_Alik_Bljk_I8II_BH_GB_MT128x64x16_SN_GLVWA4_GLVWB4_GRVW4_K1_SU32_SUS256_TT8_4,NO_CHECK,610.727,1758.14,,0.25,2,32,0.25,1,1,1,13107200,524288,,,,,,,,,,2026-04-18 21:40:30.
0,22/44,10/35,Contraction_l_Alik_Bljk_Cijk_Dijk,"(32,4096,1,4096)",Cijk_Alik_Bljk_I8II_BH_GB_MT128x64x16_SN_GLVWA8_GLVWB4_GRVW8_K1_SU32_SUS256_TT8_4,NO_CHECK,608.087,1765.77,,0.25,2,32,0.25,1,1,1,13107200,524288,,,,,,,,,,2026-04-18 21:40:30.
0,22/44,11/35,Contraction_l_Alik_Bljk_Cijk_Dijk,"(32,4096,1,4096)",Cijk_Alik_Bljk_I8II_BH_GB_MT128x64x16_SN_GLVWA8_GLVWB4_GRVW16_K1_SU32_SUS256_TT8_4,NO_CHECK,774.568,1386.25,,0.25,2,32,0.25,1,1,1,13107200,524288,,,,,,,,,,2026-04-18 21:40:30.
0,22/44,12/35,Contraction_l_Alik_Bljk_Cijk_Dijk,"(32,4096,1,4096)",Cijk_Alik_Bljk_I8II_BH_GB_MT64x128x16_SN_GLVWA4_GLVWB4_GRVW4_K1_SU0_SUS0_TT4_8,NO_CHECK,343.084,3129.68,,0.5,1,32,0.5,1,1,1,13107200,524288,,,,,,,,,,2026-04-18 21:40:30.
0,22/44,13/35,Contraction_l_Alik_Bljk_Cijk_Dijk,"(32,4096,1,4096)",Cijk_Alik_Bljk_I8II_BH_GB_MT64x128x16_SN_GLVWA4_GLVWB8_GRVW8_K1_SU0_SUS0_TT4_8,NO_CHECK,343.364,3127.12,,0.5,1,32,0.5,1,1,1,13107200,524288,,,,,,,,,,2026-04-18 21:40:30.
0,22/44,14/35,Contraction_l_Alik_Bljk_Cijk_Dijk,"(32,4096,1,4096)",Cijk_Alik_Bljk_I8II_BH_GB_MT64x128x16_SN_GLVWA4_GLVWB8_GRVW16_K1_SU0_SUS0_TT4_8,NO_CHECK,343.884,3122.4,,0.5,1,32,0.5,1,1,1,13107200,524288,,,,,,,,,,2026-04-18 21:40:30.
0,22/44,15/35,Contraction_l_Alik_Bljk_Cijk_Dijk,"(32,4096,1,4096)",Cijk_Alik_Bljk_I8II_BH_GB_MT64x128x16_SN_GLVWA4_GLVWB4_GRVW4_K1_SU32_SUS256_TT4_8,NO_CHECK,346.324,3100.4,,0.5,1,32,0.5,1,1,1,13107200,524288,,,,,,,,,,2026-04-18 21:40:30.
0,22/44,16/35,Contraction_l_Alik_Bljk_Cijk_Dijk,"(32,4096,1,4096)",Cijk_Alik_Bljk_I8II_BH_GB_MT64x128x16_SN_GLVWA4_GLVWB8_GRVW8_K1_SU32_SUS256_TT4_8,NO_CHECK,344.964,3112.62,,0.5,1,32,0.5,1,1,1,13107200,524288,,,,,,,,,,2026-04-18 21:40:30.
0,22/44,17/35,Contraction_l_Alik_Bljk_Cijk_Dijk,"(32,4096,1,4096)",Cijk_Alik_Bljk_I8II_BH_GB_MT64x128x16_SN_GLVWA4_GLVWB8_GRVW16_K1_SU32_SUS256_TT4_8,NO_CHECK,345.084,3111.54,,0.5,1,32,0.5,1,1,1,13107200,524288,,,,,,,,,,2026-04-18 21:40:30.
0,22/44,18/35,Contraction_l_Alik_Bljk_Cijk_Dijk,"(32,4096,1,4096)",Cijk_Alik_Bljk_I8II_BH_GB_MT64x64x32_SN_GLVWA4_GLVWB4_GRVW4_K1_SU0_SUS0_TT4_4,NO_CHECK,398.324,2695.65,,0.5,2,32,0.5,1,1,1,17301504,524288,,,,,,,,,,2026-04-18 21:40:30.
0,22/44,19/35,Contraction_l_Alik_Bljk_Cijk_Dijk,"(32,4096,1,4096)",Cijk_Alik_Bljk_I8II_BH_GB_MT64x64x32_SN_GLVWA8_GLVWB8_GRVW8_K1_SU0_SUS0_TT4_4,NO_CHECK,396.125,2710.61,,0.5,2,32,0.5,1,1,1,17301504,524288,,,,,,,,,,2026-04-18 21:40:30.
0,22/44,20/35,Contraction_l_Alik_Bljk_Cijk_Dijk,"(32,4096,1,4096)",Cijk_Alik_Bljk_I8II_BH_GB_MT64x64x32_SN_GLVWA8_GLVWB8_GRVW16_K1_SU0_SUS0_TT4_4,NO_CHECK,396.525,2707.88,,0.5,2,32,0.5,1,1,1,17301504,524288,,,,,,,,,,2026-04-18 21:40:30.
0,22/44,21/35,Contraction_l_Alik_Bljk_Cijk_Dijk,"(32,4096,1,4096)",Cijk_Alik_Bljk_I8II_BH_GB_MT64x64x32_SN_GLVWA4_GLVWB4_GRVW4_K1_SU32_SUS256_TT4_4,NO_CHECK,398.325,2695.64,,0.5,2,32,0.5,1,1,1,17301504,524288,,,,,,,,,,2026-04-18 21:40:30.
0,22/44,22/35,Contraction_l_Alik_Bljk_Cijk_Dijk,"(32,4096,1,4096)",Cijk_Alik_Bljk_I8II_BH_GB_MT64x64x32_SN_GLVWA8_GLVWB8_GRVW8_K1_SU32_SUS256_TT4_4,NO_CHECK,395.204,2716.93,,0.5,2,32,0.5,1,1,1,17301504,524288,,,,,,,,,,2026-04-18 21:40:30.
0,22/44,23/35,Contraction_l_Alik_Bljk_Cijk_Dijk,"(32,4096,1,4096)",Cijk_Alik_Bljk_I8II_BH_GB_MT64x64x32_SN_GLVWA8_GLVWB8_GRVW16_K1_SU32_SUS256_TT4_4,NO_CHECK,396.684,2706.79,,0.5,2,32,0.5,1,1,1,17301504,524288,,,,,,,,,,2026-04-18 21:40:30.
0,22/44,24/35,Contraction_l_Alik_Bljk_Cijk_Dijk,"(32,4096,1,4096)",Cijk_Alik_Bljk_I8II_BH_GB_MT128x64x32_SN_GLVWA4_GLVWB4_GRVW4_K1_SU0_SUS0_TT8_4,NO_CHECK,619.887,1732.16,,0.25,2,32,0.25,1,1,1,13107200,524288,,,,,,,,,,2026-04-18 21:40:30.
0,22/44,25/35,Contraction_l_Alik_Bljk_Cijk_Dijk,"(32,4096,1,4096)",Cijk_Alik_Bljk_I8II_BH_GB_MT128x64x32_SN_GLVWA8_GLVWB8_GRVW8_K1_SU0_SUS0_TT8_4,NO_CHECK,814.69,1317.98,,0.25,2,32,0.25,1,1,1,13107200,524288,,,,,,,,,,2026-04-18 21:40:30.
0,22/44,26/35,Contraction_l_Alik_Bljk_Cijk_Dijk,"(32,4096,1,4096)",Cijk_Alik_Bljk_I8II_BH_GB_MT128x64x32_SN_GLVWA16_GLVWB8_GRVW16_K1_SU0_SUS0_TT8_4,NO_CHECK,620.567,1730.26,,0.25,2,32,0.25,1,1,1,13107200,524288,,,,,,,,,,2026-04-18 21:40:30.
0,22/44,27/35,Contraction_l_Alik_Bljk_Cijk_Dijk,"(32,4096,1,4096)",Cijk_Alik_Bljk_I8II_BH_GB_MT128x64x32_SN_GLVWA4_GLVWB4_GRVW4_K1_SU32_SUS256_TT8_4,NO_CHECK,620.207,1731.26,,0.25,2,32,0.25,1,1,1,13107200,524288,,,,,,,,,,2026-04-18 21:40:30.
0,22/44,28/35,Contraction_l_Alik_Bljk_Cijk_Dijk,"(32,4096,1,4096)",Cijk_Alik_Bljk_I8II_BH_GB_MT128x64x32_SN_GLVWA8_GLVWB8_GRVW8_K1_SU32_SUS256_TT8_4,NO_CHECK,616.807,1740.81,,0.25,2,32,0.25,1,1,1,13107200,524288,,,,,,,,,,2026-04-18 21:40:30.
0,22/44,29/35,Contraction_l_Alik_Bljk_Cijk_Dijk,"(32,4096,1,4096)",Cijk_Alik_Bljk_I8II_BH_GB_MT128x64x32_SN_GLVWA16_GLVWB8_GRVW16_K1_SU32_SUS256_TT8_4,NO_CHECK,617.647,1738.44,,0.25,2,32,0.25,1,1,1,13107200,524288,,,,,,,,,,2026-04-18 21:40:30.
0,22/44,30/35,Contraction_l_Alik_Bljk_Cijk_Dijk,"(32,4096,1,4096)",Cijk_Alik_Bljk_I8II_BH_GB_MT64x128x32_SN_GLVWA4_GLVWB4_GRVW4_K1_SU0_SUS0_TT4_8,NO_CHECK,355.284,3022.21,,0.5,1,32,0.5,1,1,1,13107200,524288,,,,,,,,,,2026-04-18 21:40:30.
0,22/44,31/35,Contraction_l_Alik_Bljk_Cijk_Dijk,"(32,4096,1,4096)",Cijk_Alik_Bljk_I8II_BH_GB_MT64x128x32_SN_GLVWA8_GLVWB8_GRVW8_K1_SU0_SUS0_TT4_8,NO_CHECK,352.804,3043.45,,0.5,1,32,0.5,1,1,1,13107200,524288,,,,,,,,,,2026-04-18 21:40:30.
0,22/44,32/35,Contraction_l_Alik_Bljk_Cijk_Dijk,"(32,4096,1,4096)",Cijk_Alik_Bljk_I8II_BH_GB_MT64x128x32_SN_GLVWA8_GLVWB16_GRVW16_K1_SU0_SUS0_TT4_8,NO_CHECK,351.684,3053.14,,0.5,1,32,0.5,1,1,1,13107200,524288,,,,,,,,,,2026-04-18 21:40:30.
0,22/44,33/35,Contraction_l_Alik_Bljk_Cijk_Dijk,"(32,4096,1,4096)",Cijk_Alik_Bljk_I8II_BH_GB_MT64x128x32_SN_GLVWA4_GLVWB4_GRVW4_K1_SU32_SUS256_TT4_8,NO_CHECK,353.724,3035.54,,0.5,1,32,0.5,1,1,1,13107200,524288,,,,,,,,,,2026-04-18 21:40:30.
0,22/44,34/35,Contraction_l_Alik_Bljk_Cijk_Dijk,"(32,4096,1,4096)",Cijk_Alik_Bljk_I8II_BH_GB_MT64x128x32_SN_GLVWA8_GLVWB8_GRVW8_K1_SU32_SUS256_TT4_8,NO_CHECK,353.644,3036.22,,0.5,1,32,0.5,1,1,1,13107200,524288,,,,,,,,,,2026-04-18 21:40:30.
0,22/44,35/35,Contraction_l_Alik_Bljk_Cijk_Dijk,"(32,4096,1,4096)",Cijk_Alik_Bljk_I8II_BH_GB_MT64x128x32_SN_GLVWA8_GLVWB16_GRVW16_K1_SU32_SUS256_TT4_8,NO_CHECK,352.644,3044.83,,0.5,1,32,0.5,1,1,1,13107200,524288,,,,,,,,,,2026-04-18 21:40:30.
0,23/44,0/35,Contraction_l_Alik_Bljk_Cijk_Dijk,"(32,4096,1,8192)",Cijk_Alik_Bljk_I8II_BH_GB_MT64x64x16_SN_GLVWA4_GLVWB4_GRVW4_K1_SU0_SUS0_TT4_4,NO_CHECK,775.849,2767.91,,0.5,2,32,0.5,1,1,1,34078720,524288,,,,,,,,,,2026-04-18 21:40:30.
0,23/44,1/35,Contraction_l_Alik_Bljk_Cijk_Dijk,"(32,4096,1,8192)",Cijk_Alik_Bljk_I8II_BH_GB_MT64x64x16_SN_GLVWA4_GLVWB4_GRVW8_K1_SU0_SUS0_TT4_4,NO_CHECK,953.731,2251.67,,0.5,2,32,0.5,1,1,1,34078720,524288,,,,,,,,,,2026-04-18 21:40:30.
0,23/44,2/35,Contraction_l_Alik_Bljk_Cijk_Dijk,"(32,4096,1,8192)",Cijk_Alik_Bljk_I8II_BH_GB_MT64x64x16_SN_GLVWA4_GLVWB4_GRVW16_K1_SU0_SUS0_TT4_4,NO_CHECK,788.569,2723.27,,0.5,2,32,0.5,1,1,1,34078720,524288,,,,,,,,,,2026-04-18 21:40:30.
0,23/44,3/35,Contraction_l_Alik_Bljk_Cijk_Dijk,"(32,4096,1,8192)",Cijk_Alik_Bljk_I8II_BH_GB_MT64x64x16_SN_GLVWA4_GLVWB4_GRVW4_K1_SU32_SUS256_TT4_4,NO_CHECK,779.128,2756.27,,0.5,2,32,0.5,1,1,1,34078720,524288,,,,,,,,,,2026-04-18 21:40:30.
0,23/44,4/35,Contraction_l_Alik_Bljk_Cijk_Dijk,"(32,4096,1,8192)",Cijk_Alik_Bljk_I8II_BH_GB_MT64x64x16_SN_GLVWA4_GLVWB4_GRVW8_K1_SU32_SUS256_TT4_4,NO_CHECK,778.089,2759.95,,0.5,2,32,0.5,1,1,1,34078720,524288,,,,,,,,,,2026-04-18 21:40:30.
0,23/44,5/35,Contraction_l_Alik_Bljk_Cijk_Dijk,"(32,4096,1,8192)",Cijk_Alik_Bljk_I8II_BH_GB_MT64x64x16_SN_GLVWA4_GLVWB4_GRVW16_K1_SU32_SUS256_TT4_4,NO_CHECK,775.688,2768.49,,0.5,2,32,0.5,1,1,1,34078720,524288,,,,,,,,,,2026-04-18 21:40:30.
0,23/44,6/35,Contraction_l_Alik_Bljk_Cijk_Dijk,"(32,4096,1,8192)",Cijk_Alik_Bljk_I8II_BH_GB_MT128x64x16_SN_GLVWA4_GLVWB4_GRVW4_K1_SU0_SUS0_TT8_4,NO_CHECK,1192.65,1800.59,,0.25,2,32,0.25,1,1,1,25690112,524288,,,,,,,,,,2026-04-18 21:40:30.
0,23/44,7/35,Contraction_l_Alik_Bljk_Cijk_Dijk,"(32,4096,1,8192)",Cijk_Alik_Bljk_I8II_BH_GB_MT128x64x16_SN_GLVWA8_GLVWB4_GRVW8_K1_SU0_SUS0_TT8_4,NO_CHECK,1189.33,1805.62,,0.25,2,32,0.25,1,1,1,25690112,524288,,,,,,,,,,2026-04-18 21:40:30.
0,23/44,8/35,Contraction_l_Alik_Bljk_Cijk_Dijk,"(32,4096,1,8192)",Cijk_Alik_Bljk_I8II_BH_GB_MT128x64x16_SN_GLVWA8_GLVWB4_GRVW16_K1_SU0_SUS0_TT8_4,NO_CHECK,1188.77,1806.47,,0.25,2,32,0.25,1,1,1,25690112,524288,,,,,,,,,,2026-04-18 21:40:30.
0,23/44,9/35,Contraction_l_Alik_Bljk_Cijk_Dijk,"(32,4096,1,8192)",Cijk_Alik_Bljk_I8II_BH_GB_MT128x64x16_SN_GLVWA4_GLVWB4_GRVW4_K1_SU32_SUS256_TT8_4,NO_CHECK,1355.57,1584.19,,0.25,2,32,0.25,1,1,1,25690112,524288,,,,,,,,,,2026-04-18 21:40:30.
0,23/44,10/35,Contraction_l_Alik_Bljk_Cijk_Dijk,"(32,4096,1,8192)",Cijk_Alik_Bljk_I8II_BH_GB_MT128x64x16_SN_GLVWA8_GLVWB4_GRVW8_K1_SU32_SUS256_TT8_4,NO_CHECK,1200.93,1788.18,,0.25,2,32,0.25,1,1,1,25690112,524288,,,,,,,,,,2026-04-18 21:40:30.
0,23/44,11/35,Contraction_l_Alik_Bljk_Cijk_Dijk,"(32,4096,1,8192)",Cijk_Alik_Bljk_I8II_BH_GB_MT128x64x16_SN_GLVWA8_GLVWB4_GRVW16_K1_SU32_SUS256_TT8_4,NO_CHECK,1194.45,1797.88,,0.25,2,32,0.25,1,1,1,25690112,524288,,,,,,,,,,2026-04-18 21:40:30.
0,23/44,12/35,Contraction_l_Alik_Bljk_Cijk_Dijk,"(32,4096,1,8192)",Cijk_Alik_Bljk_I8II_BH_GB_MT64x128x16_SN_GLVWA4_GLVWB4_GRVW4_K1_SU0_SUS0_TT4_8,NO_CHECK,658.767,3259.85,,0.5,1,32,0.5,1,1,1,25690112,524288,,,,,,,,,,2026-04-18 21:40:30.
0,23/44,13/35,Contraction_l_Alik_Bljk_Cijk_Dijk,"(32,4096,1,8192)",Cijk_Alik_Bljk_I8II_BH_GB_MT64x128x16_SN_GLVWA4_GLVWB8_GRVW8_K1_SU0_SUS0_TT4_8,NO_CHECK,657.568,3265.8,,0.5,1,32,0.5,1,1,1,25690112,524288,,,,,,,,,,2026-04-18 21:40:30.
0,23/44,14/35,Contraction_l_Alik_Bljk_Cijk_Dijk,"(32,4096,1,8192)",Cijk_Alik_Bljk_I8II_BH_GB_MT64x128x16_SN_GLVWA4_GLVWB8_GRVW16_K1_SU0_SUS0_TT4_8,NO_CHECK,656.367,3271.77,,0.5,1,32,0.5,1,1,1,25690112,524288,,,,,,,,,,2026-04-18 21:40:30.
0,23/44,15/35,Contraction_l_Alik_Bljk_Cijk_Dijk,"(32,4096,1,8192)",Cijk_Alik_Bljk_I8II_BH_GB_MT64x128x16_SN_GLVWA4_GLVWB4_GRVW4_K1_SU32_SUS256_TT4_8,NO_CHECK,657.687,3265.21,,0.5,1,32,0.5,1,1,1,25690112,524288,,,,,,,,,,2026-04-18 21:40:30.
0,23/44,16/35,Contraction_l_Alik_Bljk_Cijk_Dijk,"(32,4096,1,8192)",Cijk_Alik_Bljk_I8II_BH_GB_MT64x128x16_SN_GLVWA4_GLVWB8_GRVW8_K1_SU32_SUS256_TT4_8,NO_CHECK,655.648,3275.36,,0.5,1,32,0.5,1,1,1,25690112,524288,,,,,,,,,,2026-04-18 21:40:30.
0,23/44,17/35,Contraction_l_Alik_Bljk_Cijk_Dijk,"(32,4096,1,8192)",Cijk_Alik_Bljk_I8II_BH_GB_MT64x128x16_SN_GLVWA4_GLVWB8_GRVW16_K1_SU32_SUS256_TT4_8,NO_CHECK,833.409,2576.75,,0.5,1,32,0.5,1,1,1,25690112,524288,,,,,,,,,,2026-04-18 21:40:30.
0,23/44,18/35,Contraction_l_Alik_Bljk_Cijk_Dijk,"(32,4096,1,8192)",Cijk_Alik_Bljk_I8II_BH_GB_MT64x64x32_SN_GLVWA4_GLVWB4_GRVW4_K1_SU0_SUS0_TT4_4,NO_CHECK,785.409,2734.22,,0.5,2,32,0.5,1,1,1,34078720,524288,,,,,,,,,,2026-04-18 21:40:30.
0,23/44,19/35,Contraction_l_Alik_Bljk_Cijk_Dijk,"(32,4096,1,8192)",Cijk_Alik_Bljk_I8II_BH_GB_MT64x64x32_SN_GLVWA8_GLVWB8_GRVW8_K1_SU0_SUS0_TT4_4,NO_CHECK,775.168,2770.35,,0.5,2,32,0.5,1,1,1,34078720,524288,,,,,,,,,,2026-04-18 21:40:30.
0,23/44,20/35,Contraction_l_Alik_Bljk_Cijk_Dijk,"(32,4096,1,8192)",Cijk_Alik_Bljk_I8II_BH_GB_MT64x64x32_SN_GLVWA8_GLVWB8_GRVW16_K1_SU0_SUS0_TT4_4,NO_CHECK,775.089,2770.63,,0.5,2,32,0.5,1,1,1,34078720,524288,,,,,,,,,,2026-04-18 21:40:30.
0,23/44,21/35,Contraction_l_Alik_Bljk_Cijk_Dijk,"(32,4096,1,8192)",Cijk_Alik_Bljk_I8II_BH_GB_MT64x64x32_SN_GLVWA4_GLVWB4_GRVW4_K1_SU32_SUS256_TT4_4,NO_CHECK,779.208,2755.98,,0.5,2,32,0.5,1,1,1,34078720,524288,,,,,,,,,,2026-04-18 21:40:30.
0,23/44,22/35,Contraction_l_Alik_Bljk_Cijk_Dijk,"(32,4096,1,8192)",Cijk_Alik_Bljk_I8II_BH_GB_MT64x64x32_SN_GLVWA8_GLVWB8_GRVW8_K1_SU32_SUS256_TT4_4,NO_CHECK,773.089,2777.8,,0.5,2,32,0.5,1,1,1,34078720,524288,,,,,,,,,,2026-04-18 21:40:30.
0,23/44,23/35,Contraction_l_Alik_Bljk_Cijk_Dijk,"(32,4096,1,8192)",Cijk_Alik_Bljk_I8II_BH_GB_MT64x64x32_SN_GLVWA8_GLVWB8_GRVW16_K1_SU32_SUS256_TT4_4,NO_CHECK,772.009,2781.68,,0.5,2,32,0.5,1,1,1,34078720,524288,,,,,,,,,,2026-04-18 21:40:30.
0,23/44,24/35,Contraction_l_Alik_Bljk_Cijk_Dijk,"(32,4096,1,8192)",Cijk_Alik_Bljk_I8II_BH_GB_MT128x64x32_SN_GLVWA4_GLVWB4_GRVW4_K1_SU0_SUS0_TT8_4,NO_CHECK,1207.05,1779.11,,0.25,2,32,0.25,1,1,1,25690112,524288,,,,,,,,,,2026-04-18 21:40:30.
0,23/44,25/35,Contraction_l_Alik_Bljk_Cijk_Dijk,"(32,4096,1,8192)",Cijk_Alik_Bljk_I8II_BH_GB_MT128x64x32_SN_GLVWA8_GLVWB8_GRVW8_K1_SU0_SUS0_TT8_4,NO_CHECK,1357.49,1581.95,,0.25,2,32,0.25,1,1,1,25690112,524288,,,,,,,,,,2026-04-18 21:40:30.
0,23/44,26/35,Contraction_l_Alik_Bljk_Cijk_Dijk,"(32,4096,1,8192)",Cijk_Alik_Bljk_I8II_BH_GB_MT128x64x32_SN_GLVWA16_GLVWB8_GRVW16_K1_SU0_SUS0_TT8_4,NO_CHECK,1205.65,1781.18,,0.25,2,32,0.25,1,1,1,25690112,524288,,,,,,,,,,2026-04-18 21:40:30.
0,23/44,27/35,Contraction_l_Alik_Bljk_Cijk_Dijk,"(32,4096,1,8192)",Cijk_Alik_Bljk_I8II_BH_GB_MT128x64x32_SN_GLVWA4_GLVWB4_GRVW4_K1_SU32_SUS256_TT8_4,NO_CHECK,1210.17,1774.52,,0.25,2,32,0.25,1,1,1,25690112,524288,,,,,,,,,,2026-04-18 21:40:30.
0,23/44,28/35,Contraction_l_Alik_Bljk_Cijk_Dijk,"(32,4096,1,8192)",Cijk_Alik_Bljk_I8II_BH_GB_MT128x64x32_SN_GLVWA8_GLVWB8_GRVW8_K1_SU32_SUS256_TT8_4,NO_CHECK,1210.37,1774.23,,0.25,2,32,0.25,1,1,1,25690112,524288,,,,,,,,,,2026-04-18 21:40:30.
0,23/44,29/35,Contraction_l_Alik_Bljk_Cijk_Dijk,"(32,4096,1,8192)",Cijk_Alik_Bljk_I8II_BH_GB_MT128x64x32_SN_GLVWA16_GLVWB8_GRVW16_K1_SU32_SUS256_TT8_4,NO_CHECK,1209.45,1775.58,,0.25,2,32,0.25,1,1,1,25690112,524288,,,,,,,,,,2026-04-18 21:40:30.
0,23/44,30/35,Contraction_l_Alik_Bljk_Cijk_Dijk,"(32,4096,1,8192)",Cijk_Alik_Bljk_I8II_BH_GB_MT64x128x32_SN_GLVWA4_GLVWB4_GRVW4_K1_SU0_SUS0_TT4_8,NO_CHECK,674.047,3185.96,,0.5,1,32,0.5,1,1,1,25690112,524288,,,,,,,,,,2026-04-18 21:40:30.
0,23/44,31/35,Contraction_l_Alik_Bljk_Cijk_Dijk,"(32,4096,1,8192)",Cijk_Alik_Bljk_I8II_BH_GB_MT64x128x32_SN_GLVWA8_GLVWB8_GRVW8_K1_SU0_SUS0_TT4_8,NO_CHECK,666.567,3221.71,,0.5,1,32,0.5,1,1,1,25690112,524288,,,,,,,,,,2026-04-18 21:40:30.
0,23/44,32/35,Contraction_l_Alik_Bljk_Cijk_Dijk,"(32,4096,1,8192)",Cijk_Alik_Bljk_I8II_BH_GB_MT64x128x32_SN_GLVWA8_GLVWB16_GRVW16_K1_SU0_SUS0_TT4_8,NO_CHECK,836.809,2566.28,,0.5,1,32,0.5,1,1,1,25690112,524288,,,,,,,,,,2026-04-18 21:40:30.
0,23/44,33/35,Contraction_l_Alik_Bljk_Cijk_Dijk,"(32,4096,1,8192)",Cijk_Alik_Bljk_I8II_BH_GB_MT64x128x32_SN_GLVWA4_GLVWB4_GRVW4_K1_SU32_SUS256_TT4_8,NO_CHECK,670.528,3202.68,,0.5,1,32,0.5,1,1,1,25690112,524288,,,,,,,,,,2026-04-18 21:40:30.
0,23/44,34/35,Contraction_l_Alik_Bljk_Cijk_Dijk,"(32,4096,1,8192)",Cijk_Alik_Bljk_I8II_BH_GB_MT64x128x32_SN_GLVWA8_GLVWB8_GRVW8_K1_SU32_SUS256_TT4_8,NO_CHECK,664.608,3231.2,,0.5,1,32,0.5,1,1,1,25690112,524288,,,,,,,,,,2026-04-18 21:40:30.
0,23/44,35/35,Contraction_l_Alik_Bljk_Cijk_Dijk,"(32,4096,1,8192)",Cijk_Alik_Bljk_I8II_BH_GB_MT64x128x32_SN_GLVWA8_GLVWB16_GRVW16_K1_SU32_SUS256_TT4_8,NO_CHECK,671.368,3198.67,,0.5,1,32,0.5,1,1,1,25690112,524288,,,,,,,,,,2026-04-18 21:40:30.
0,24/44,0/35,Contraction_l_Alik_Bljk_Cijk_Dijk,"(32,8192,1,1024)",Cijk_Alik_Bljk_I8II_BH_GB_MT64x64x16_SN_GLVWA4_GLVWB4_GRVW4_K1_SU0_SUS0_TT4_4,NO_CHECK,196.802,2727.97,,0.5,4,32,0.5,1,1,1,9437184,1048576,,,,,,,,,,2026-04-18 21:40:30.
0,24/44,1/35,Contraction_l_Alik_Bljk_Cijk_Dijk,"(32,8192,1,1024)",Cijk_Alik_Bljk_I8II_BH_GB_MT64x64x16_SN_GLVWA4_GLVWB4_GRVW8_K1_SU0_SUS0_TT4_4,NO_CHECK,198.122,2709.8,,0.5,4,32,0.5,1,1,1,9437184,1048576,,,,,,,,,,2026-04-18 21:40:30.
0,24/44,2/35,Contraction_l_Alik_Bljk_Cijk_Dijk,"(32,8192,1,1024)",Cijk_Alik_Bljk_I8II_BH_GB_MT64x64x16_SN_GLVWA4_GLVWB4_GRVW16_K1_SU0_SUS0_TT4_4,NO_CHECK,198.322,2707.07,,0.5,4,32,0.5,1,1,1,9437184,1048576,,,,,,,,,,2026-04-18 21:40:30.
0,24/44,3/35,Contraction_l_Alik_Bljk_Cijk_Dijk,"(32,8192,1,1024)",Cijk_Alik_Bljk_I8II_BH_GB_MT64x64x16_SN_GLVWA4_GLVWB4_GRVW4_K1_SU32_SUS256_TT4_4,NO_CHECK,198.442,2705.43,,0.5,4,32,0.5,1,1,1,9437184,1048576,,,,,,,,,,2026-04-18 21:40:30.
0,24/44,4/35,Contraction_l_Alik_Bljk_Cijk_Dijk,"(32,8192,1,1024)",Cijk_Alik_Bljk_I8II_BH_GB_MT64x64x16_SN_GLVWA4_GLVWB4_GRVW8_K1_SU32_SUS256_TT4_4,NO_CHECK,198.203,2708.69,,0.5,4,32,0.5,1,1,1,9437184,1048576,,,,,,,,,,2026-04-18 21:40:30.
0,24/44,5/35,Contraction_l_Alik_Bljk_Cijk_Dijk,"(32,8192,1,1024)",Cijk_Alik_Bljk_I8II_BH_GB_MT64x64x16_SN_GLVWA4_GLVWB4_GRVW16_K1_SU32_SUS256_TT4_4,NO_CHECK,200.402,2678.97,,0.5,4,32,0.5,1,1,1,9437184,1048576,,,,,,,,,,2026-04-18 21:40:30.
0,24/44,6/35,Contraction_l_Alik_Bljk_Cijk_Dijk,"(32,8192,1,1024)",Cijk_Alik_Bljk_I8II_BH_GB_MT128x64x16_SN_GLVWA4_GLVWB4_GRVW4_K1_SU0_SUS0_TT8_4,NO_CHECK,335.124,1602.01,,0.25,4,32,0.25,1,1,1,7340032,1048576,,,,,,,,,,2026-04-18 21:40:30.
0,24/44,7/35,Contraction_l_Alik_Bljk_Cijk_Dijk,"(32,8192,1,1024)",Cijk_Alik_Bljk_I8II_BH_GB_MT128x64x16_SN_GLVWA8_GLVWB4_GRVW8_K1_SU0_SUS0_TT8_4,NO_CHECK,305.803,1755.61,,0.25,4,32,0.25,1,1,1,7340032,1048576,,,,,,,,,,2026-04-18 21:40:30.
0,24/44,8/35,Contraction_l_Alik_Bljk_Cijk_Dijk,"(32,8192,1,1024)",Cijk_Alik_Bljk_I8II_BH_GB_MT128x64x16_SN_GLVWA8_GLVWB4_GRVW16_K1_SU0_SUS0_TT8_4,NO_CHECK,303.523,1768.8,,0.25,4,32,0.25,1,1,1,7340032,1048576,,,,,,,,,,2026-04-18 21:40:30.
0,24/44,9/35,Contraction_l_Alik_Bljk_Cijk_Dijk,"(32,8192,1,1024)",Cijk_Alik_Bljk_I8II_BH_GB_MT128x64x16_SN_GLVWA4_GLVWB4_GRVW4_K1_SU32_SUS256_TT8_4,NO_CHECK,306.843,1749.66,,0.25,4,32,0.25,1,1,1,7340032,1048576,,,,,,,,,,2026-04-18 21:40:30.
0,24/44,10/35,Contraction_l_Alik_Bljk_Cijk_Dijk,"(32,8192,1,1024)",Cijk_Alik_Bljk_I8II_BH_GB_MT128x64x16_SN_GLVWA8_GLVWB4_GRVW8_K1_SU32_SUS256_TT8_4,NO_CHECK,333.844,1608.15,,0.25,4,32,0.25,1,1,1,7340032,1048576,,,,,,,,,,2026-04-18 21:40:30.
0,24/44,11/35,Contraction_l_Alik_Bljk_Cijk_Dijk,"(32,8192,1,1024)",Cijk_Alik_Bljk_I8II_BH_GB_MT128x64x16_SN_GLVWA8_GLVWB4_GRVW16_K1_SU32_SUS256_TT8_4,NO_CHECK,304.323,1764.15,,0.25,4,32,0.25,1,1,1,7340032,1048576,,,,,,,,,,2026-04-18 21:40:30.
0,24/44,12/35,Contraction_l_Alik_Bljk_Cijk_Dijk,"(32,8192,1,1024)",Cijk_Alik_Bljk_I8II_BH_GB_MT64x128x16_SN_GLVWA4_GLVWB4_GRVW4_K1_SU0_SUS0_TT4_8,NO_CHECK,167.682,3201.72,,0.5,2,32,0.5,1,1,1,7340032,1048576,,,,,,,,,,2026-04-18 21:40:30.
0,24/44,13/35,Contraction_l_Alik_Bljk_Cijk_Dijk,"(32,8192,1,1024)",Cijk_Alik_Bljk_I8II_BH_GB_MT64x128x16_SN_GLVWA4_GLVWB8_GRVW8_K1_SU0_SUS0_TT4_8,NO_CHECK,335.764,1598.95,,0.5,2,32,0.5,1,1,1,7340032,1048576,,,,,,,,,,2026-04-18 21:40:30.
0,24/44,14/35,Contraction_l_Alik_Bljk_Cijk_Dijk,"(32,8192,1,1024)",Cijk_Alik_Bljk_I8II_BH_GB_MT64x128x16_SN_GLVWA4_GLVWB8_GRVW16_K1_SU0_SUS0_TT4_8,NO_CHECK,175.322,3062.2,,0.5,2,32,0.5,1,1,1,7340032,1048576,,,,,,,,,,2026-04-18 21:40:30.
0,24/44,15/35,Contraction_l_Alik_Bljk_Cijk_Dijk,"(32,8192,1,1024)",Cijk_Alik_Bljk_I8II_BH_GB_MT64x128x16_SN_GLVWA4_GLVWB4_GRVW4_K1_SU32_SUS256_TT4_8,NO_CHECK,167.441,3206.33,,0.5,2,32,0.5,1,1,1,7340032,1048576,,,,,,,,,,2026-04-18 21:40:30.
0,24/44,16/35,Contraction_l_Alik_Bljk_Cijk_Dijk,"(32,8192,1,1024)",Cijk_Alik_Bljk_I8II_BH_GB_MT64x128x16_SN_GLVWA4_GLVWB8_GRVW8_K1_SU32_SUS256_TT4_8,NO_CHECK,167.082,3213.22,,0.5,2,32,0.5,1,1,1,7340032,1048576,,,,,,,,,,2026-04-18 21:40:30.
0,24/44,17/35,Contraction_l_Alik_Bljk_Cijk_Dijk,"(32,8192,1,1024)",Cijk_Alik_Bljk_I8II_BH_GB_MT64x128x16_SN_GLVWA4_GLVWB8_GRVW16_K1_SU32_SUS256_TT4_8,NO_CHECK,166.922,3216.3,,0.5,2,32,0.5,1,1,1,7340032,1048576,,,,,,,,,,2026-04-18 21:40:30.
0,24/44,18/35,Contraction_l_Alik_Bljk_Cijk_Dijk,"(32,8192,1,1024)",Cijk_Alik_Bljk_I8II_BH_GB_MT64x64x32_SN_GLVWA4_GLVWB4_GRVW4_K1_SU0_SUS0_TT4_4,NO_CHECK,196.962,2725.76,,0.5,4,32,0.5,1,1,1,9437184,1048576,,,,,,,,,,2026-04-18 21:40:30.
0,24/44,19/35,Contraction_l_Alik_Bljk_Cijk_Dijk,"(32,8192,1,1024)",Cijk_Alik_Bljk_I8II_BH_GB_MT64x64x32_SN_GLVWA8_GLVWB8_GRVW8_K1_SU0_SUS0_TT4_4,NO_CHECK,197.122,2723.55,,0.5,4,32,0.5,1,1,1,9437184,1048576,,,,,,,,,,2026-04-18 21:40:30.
0,24/44,20/35,Contraction_l_Alik_Bljk_Cijk_Dijk,"(32,8192,1,1024)",Cijk_Alik_Bljk_I8II_BH_GB_MT64x64x32_SN_GLVWA8_GLVWB8_GRVW16_K1_SU0_SUS0_TT4_4,NO_CHECK,196.402,2733.53,,0.5,4,32,0.5,1,1,1,9437184,1048576,,,,,,,,,,2026-04-18 21:40:30.
0,24/44,21/35,Contraction_l_Alik_Bljk_Cijk_Dijk,"(32,8192,1,1024)",Cijk_Alik_Bljk_I8II_BH_GB_MT64x64x32_SN_GLVWA4_GLVWB4_GRVW4_K1_SU32_SUS256_TT4_4,NO_CHECK,226.562,2369.64,,0.5,4,32,0.5,1,1,1,9437184,1048576,,,,,,,,,,2026-04-18 21:40:30.
0,24/44,22/35,Contraction_l_Alik_Bljk_Cijk_Dijk,"(32,8192,1,1024)",Cijk_Alik_Bljk_I8II_BH_GB_MT64x64x32_SN_GLVWA8_GLVWB8_GRVW8_K1_SU32_SUS256_TT4_4,NO_CHECK,200.922,2672.04,,0.5,4,32,0.5,1,1,1,9437184,1048576,,,,,,,,,,2026-04-18 21:40:30.
0,24/44,23/35,Contraction_l_Alik_Bljk_Cijk_Dijk,"(32,8192,1,1024)",Cijk_Alik_Bljk_I8II_BH_GB_MT64x64x32_SN_GLVWA8_GLVWB8_GRVW16_K1_SU32_SUS256_TT4_4,NO_CHECK,197.442,2719.13,,0.5,4,32,0.5,1,1,1,9437184,1048576,,,,,,,,,,2026-04-18 21:40:30.
0,24/44,24/35,Contraction_l_Alik_Bljk_Cijk_Dijk,"(32,8192,1,1024)",Cijk_Alik_Bljk_I8II_BH_GB_MT128x64x32_SN_GLVWA4_GLVWB4_GRVW4_K1_SU0_SUS0_TT8_4,NO_CHECK,338.844,1584.42,,0.25,4,32,0.25,1,1,1,7340032,1048576,,,,,,,,,,2026-04-18 21:40:30.
0,24/44,25/35,Contraction_l_Alik_Bljk_Cijk_Dijk,"(32,8192,1,1024)",Cijk_Alik_Bljk_I8II_BH_GB_MT128x64x32_SN_GLVWA8_GLVWB8_GRVW8_K1_SU0_SUS0_TT8_4,NO_CHECK,305.043,1759.98,,0.25,4,32,0.25,1,1,1,7340032,1048576,,,,,,,,,,2026-04-18 21:40:30.
0,24/44,26/35,Contraction_l_Alik_Bljk_Cijk_Dijk,"(32,8192,1,1024)",Cijk_Alik_Bljk_I8II_BH_GB_MT128x64x32_SN_GLVWA16_GLVWB8_GRVW16_K1_SU0_SUS0_TT8_4,NO_CHECK,303.363,1769.73,,0.25,4,32,0.25,1,1,1,7340032,1048576,,,,,,,,,,2026-04-18 21:40:30.
0,24/44,27/35,Contraction_l_Alik_Bljk_Cijk_Dijk,"(32,8192,1,1024)",Cijk_Alik_Bljk_I8II_BH_GB_MT128x64x32_SN_GLVWA4_GLVWB4_GRVW4_K1_SU32_SUS256_TT8_4,NO_CHECK,305.963,1754.69,,0.25,4,32,0.25,1,1,1,7340032,1048576,,,,,,,,,,2026-04-18 21:40:30.
0,24/44,28/35,Contraction_l_Alik_Bljk_Cijk_Dijk,"(32,8192,1,1024)",Cijk_Alik_Bljk_I8II_BH_GB_MT128x64x32_SN_GLVWA8_GLVWB8_GRVW8_K1_SU32_SUS256_TT8_4,NO_CHECK,303.163,1770.9,,0.25,4,32,0.25,1,1,1,7340032,1048576,,,,,,,,,,2026-04-18 21:40:30.
0,24/44,29/35,Contraction_l_Alik_Bljk_Cijk_Dijk,"(32,8192,1,1024)",Cijk_Alik_Bljk_I8II_BH_GB_MT128x64x32_SN_GLVWA16_GLVWB8_GRVW16_K1_SU32_SUS256_TT8_4,NO_CHECK,302.723,1773.47,,0.25,4,32,0.25,1,1,1,7340032,1048576,,,,,,,,,,2026-04-18 21:40:30.
0,24/44,30/35,Contraction_l_Alik_Bljk_Cijk_Dijk,"(32,8192,1,1024)",Cijk_Alik_Bljk_I8II_BH_GB_MT64x128x32_SN_GLVWA4_GLVWB4_GRVW4_K1_SU0_SUS0_TT4_8,NO_CHECK,181.802,2953.05,,0.5,2,32,0.5,1,1,1,7340032,1048576,,,,,,,,,,2026-04-18 21:40:30.
0,24/44,31/35,Contraction_l_Alik_Bljk_Cijk_Dijk,"(32,8192,1,1024)",Cijk_Alik_Bljk_I8II_BH_GB_MT64x128x32_SN_GLVWA8_GLVWB8_GRVW8_K1_SU0_SUS0_TT4_8,NO_CHECK,216.162,2483.65,,0.5,2,32,0.5,1,1,1,7340032,1048576,,,,,,,,,,2026-04-18 21:40:30.
0,24/44,32/35,Contraction_l_Alik_Bljk_Cijk_Dijk,"(32,8192,1,1024)",Cijk_Alik_Bljk_I8II_BH_GB_MT64x128x32_SN_GLVWA8_GLVWB16_GRVW16_K1_SU0_SUS0_TT4_8,NO_CHECK,188.402,2849.6,,0.5,2,32,0.5,1,1,1,7340032,1048576,,,,,,,,,,2026-04-18 21:40:30.
0,24/44,33/35,Contraction_l_Alik_Bljk_Cijk_Dijk,"(32,8192,1,1024)",Cijk_Alik_Bljk_I8II_BH_GB_MT64x128x32_SN_GLVWA4_GLVWB4_GRVW4_K1_SU32_SUS256_TT4_8,NO_CHECK,177.722,3020.85,,0.5,2,32,0.5,1,1,1,7340032,1048576,,,,,,,,,,2026-04-18 21:40:30.
0,24/44,34/35,Contraction_l_Alik_Bljk_Cijk_Dijk,"(32,8192,1,1024)",Cijk_Alik_Bljk_I8II_BH_GB_MT64x128x32_SN_GLVWA8_GLVWB8_GRVW8_K1_SU32_SUS256_TT4_8,NO_CHECK,214.402,2504.04,,0.5,2,32,0.5,1,1,1,7340032,1048576,,,,,,,,,,2026-04-18 21:40:30.
0,24/44,35/35,Contraction_l_Alik_Bljk_Cijk_Dijk,"(32,8192,1,1024)",Cijk_Alik_Bljk_I8II_BH_GB_MT64x128x32_SN_GLVWA8_GLVWB16_GRVW16_K1_SU32_SUS256_TT4_8,NO_CHECK,358.284,1498.45,,0.5,2,32,0.5,1,1,1,7340032,1048576,,,,,,,,,,2026-04-18 21:40:30.
0,25/44,0/35,Contraction_l_Alik_Bljk_Cijk_Dijk,"(32,8192,1,4096)",Cijk_Alik_Bljk_I8II_BH_GB_MT64x64x16_SN_GLVWA4_GLVWB4_GRVW4_K1_SU0_SUS0_TT4_4,NO_CHECK,752.648,2853.24,,0.5,4,32,0.5,1,1,1,34603008,1048576,,,,,,,,,,2026-04-18 21:40:30.
0,25/44,1/35,Contraction_l_Alik_Bljk_Cijk_Dijk,"(32,8192,1,4096)",Cijk_Alik_Bljk_I8II_BH_GB_MT64x64x16_SN_GLVWA4_GLVWB4_GRVW8_K1_SU0_SUS0_TT4_4,NO_CHECK,749.449,2865.42,,0.5,4,32,0.5,1,1,1,34603008,1048576,,,,,,,,,,2026-04-18 21:40:30.
0,25/44,2/35,Contraction_l_Alik_Bljk_Cijk_Dijk,"(32,8192,1,4096)",Cijk_Alik_Bljk_I8II_BH_GB_MT64x64x16_SN_GLVWA4_GLVWB4_GRVW16_K1_SU0_SUS0_TT4_4,NO_CHECK,748.488,2869.1,,0.5,4,32,0.5,1,1,1,34603008,1048576,,,,,,,,,,2026-04-18 21:40:30.
0,25/44,3/35,Contraction_l_Alik_Bljk_Cijk_Dijk,"(32,8192,1,4096)",Cijk_Alik_Bljk_I8II_BH_GB_MT64x64x16_SN_GLVWA4_GLVWB4_GRVW4_K1_SU32_SUS256_TT4_4,NO_CHECK,748.848,2867.72,,0.5,4,32,0.5,1,1,1,34603008,1048576,,,,,,,,,,2026-04-18 21:40:30.
0,25/44,4/35,Contraction_l_Alik_Bljk_Cijk_Dijk,"(32,8192,1,4096)",Cijk_Alik_Bljk_I8II_BH_GB_MT64x64x16_SN_GLVWA4_GLVWB4_GRVW8_K1_SU32_SUS256_TT4_4,NO_CHECK,746.968,2874.93,,0.5,4,32,0.5,1,1,1,34603008,1048576,,,,,,,,,,2026-04-18 21:40:30.
0,25/44,5/35,Contraction_l_Alik_Bljk_Cijk_Dijk,"(32,8192,1,4096)",Cijk_Alik_Bljk_I8II_BH_GB_MT64x64x16_SN_GLVWA4_GLVWB4_GRVW16_K1_SU32_SUS256_TT4_4,NO_CHECK,745.288,2881.41,,0.5,4,32,0.5,1,1,1,34603008,1048576,,,,,,,,,,2026-04-18 21:40:30.
0,25/44,6/35,Contraction_l_Alik_Bljk_Cijk_Dijk,"(32,8192,1,4096)",Cijk_Alik_Bljk_I8II_BH_GB_MT128x64x16_SN_GLVWA4_GLVWB4_GRVW4_K1_SU0_SUS0_TT8_4,NO_CHECK,1180.49,1819.14,,0.25,4,32,0.25,1,1,1,26214400,1048576,,,,,,,,,,2026-04-18 21:40:30.
0,25/44,7/35,Contraction_l_Alik_Bljk_Cijk_Dijk,"(32,8192,1,4096)",Cijk_Alik_Bljk_I8II_BH_GB_MT128x64x16_SN_GLVWA8_GLVWB4_GRVW8_K1_SU0_SUS0_TT8_4,NO_CHECK,1347.74,1593.4,,0.25,4,32,0.25,1,1,1,26214400,1048576,,,,,,,,,,2026-04-18 21:40:30.
0,25/44,8/35,Contraction_l_Alik_Bljk_Cijk_Dijk,"(32,8192,1,4096)",Cijk_Alik_Bljk_I8II_BH_GB_MT128x64x16_SN_GLVWA8_GLVWB4_GRVW16_K1_SU0_SUS0_TT8_4,NO_CHECK,1159.89,1851.45,,0.25,4,32,0.25,1,1,1,26214400,1048576,,,,,,,,,,2026-04-18 21:40:30.
0,25/44,9/35,Contraction_l_Alik_Bljk_Cijk_Dijk,"(32,8192,1,4096)",Cijk_Alik_Bljk_I8II_BH_GB_MT128x64x16_SN_GLVWA4_GLVWB4_GRVW4_K1_SU32_SUS256_TT8_4,NO_CHECK,1189.41,1805.5,,0.25,4,32,0.25,1,1,1,26214400,1048576,,,,,,,,,,2026-04-18 21:40:30.
0,25/44,10/35,Contraction_l_Alik_Bljk_Cijk_Dijk,"(32,8192,1,4096)",Cijk_Alik_Bljk_I8II_BH_GB_MT128x64x16_SN_GLVWA8_GLVWB4_GRVW8_K1_SU32_SUS256_TT8_4,NO_CHECK,1155.57,1858.37,,0.25,4,32,0.25,1,1,1,26214400,1048576,,,,,,,,,,2026-04-18 21:40:30.
0,25/44,11/35,Contraction_l_Alik_Bljk_Cijk_Dijk,"(32,8192,1,4096)",Cijk_Alik_Bljk_I8II_BH_GB_MT128x64x16_SN_GLVWA8_GLVWB4_GRVW16_K1_SU32_SUS256_TT8_4,NO_CHECK,1184.57,1812.88,,0.25,4,32,0.25,1,1,1,26214400,1048576,,,,,,,,,,2026-04-18 21:40:30.
0,25/44,12/35,Contraction_l_Alik_Bljk_Cijk_Dijk,"(32,8192,1,4096)",Cijk_Alik_Bljk_I8II_BH_GB_MT64x128x16_SN_GLVWA4_GLVWB4_GRVW4_K1_SU0_SUS0_TT4_8,NO_CHECK,612.007,3508.92,,0.5,2,32,0.5,1,1,1,26214400,1048576,,,,,,,,,,2026-04-18 21:40:30.
0,25/44,13/35,Contraction_l_Alik_Bljk_Cijk_Dijk,"(32,8192,1,4096)",Cijk_Alik_Bljk_I8II_BH_GB_MT64x128x16_SN_GLVWA4_GLVWB8_GRVW8_K1_SU0_SUS0_TT4_8,NO_CHECK,612.767,3504.57,,0.5,2,32,0.5,1,1,1,26214400,1048576,,,,,,,,,,2026-04-18 21:40:30.
0,25/44,14/35,Contraction_l_Alik_Bljk_Cijk_Dijk,"(32,8192,1,4096)",Cijk_Alik_Bljk_I8II_BH_GB_MT64x128x16_SN_GLVWA4_GLVWB8_GRVW16_K1_SU0_SUS0_TT4_8,NO_CHECK,613.327,3501.37,,0.5,2,32,0.5,1,1,1,26214400,1048576,,,,,,,,,,2026-04-18 21:40:30.
0,25/44,15/35,Contraction_l_Alik_Bljk_Cijk_Dijk,"(32,8192,1,4096)",Cijk_Alik_Bljk_I8II_BH_GB_MT64x128x16_SN_GLVWA4_GLVWB4_GRVW4_K1_SU32_SUS256_TT4_8,NO_CHECK,777.488,2762.08,,0.5,2,32,0.5,1,1,1,26214400,1048576,,,,,,,,,,2026-04-18 21:40:30.
0,25/44,16/35,Contraction_l_Alik_Bljk_Cijk_Dijk,"(32,8192,1,4096)",Cijk_Alik_Bljk_I8II_BH_GB_MT64x128x16_SN_GLVWA4_GLVWB8_GRVW8_K1_SU32_SUS256_TT4_8,NO_CHECK,624.368,3439.45,,0.5,2,32,0.5,1,1,1,26214400,1048576,,,,,,,,,,2026-04-18 21:40:30.
0,25/44,17/35,Contraction_l_Alik_Bljk_Cijk_Dijk,"(32,8192,1,4096)",Cijk_Alik_Bljk_I8II_BH_GB_MT64x128x16_SN_GLVWA4_GLVWB8_GRVW16_K1_SU32_SUS256_TT4_8,NO_CHECK,615.127,3491.12,,0.5,2,32,0.5,1,1,1,26214400,1048576,,,,,,,,,,2026-04-18 21:40:30.
0,25/44,18/35,Contraction_l_Alik_Bljk_Cijk_Dijk,"(32,8192,1,4096)",Cijk_Alik_Bljk_I8II_BH_GB_MT64x64x32_SN_GLVWA4_GLVWB4_GRVW4_K1_SU0_SUS0_TT4_4,NO_CHECK,742.528,2892.12,,0.5,4,32,0.5,1,1,1,34603008,1048576,,,,,,,,,,2026-04-18 21:40:30.
0,25/44,19/35,Contraction_l_Alik_Bljk_Cijk_Dijk,"(32,8192,1,4096)",Cijk_Alik_Bljk_I8II_BH_GB_MT64x64x32_SN_GLVWA8_GLVWB8_GRVW8_K1_SU0_SUS0_TT4_4,NO_CHECK,747.009,2874.78,,0.5,4,32,0.5,1,1,1,34603008,1048576,,,,,,,,,,2026-04-18 21:40:30.
0,25/44,20/35,Contraction_l_Alik_Bljk_Cijk_Dijk,"(32,8192,1,4096)",Cijk_Alik_Bljk_I8II_BH_GB_MT64x64x32_SN_GLVWA8_GLVWB8_GRVW16_K1_SU0_SUS0_TT4_4,NO_CHECK,748.528,2868.94,,0.5,4,32,0.5,1,1,1,34603008,1048576,,,,,,,,,,2026-04-18 21:40:30.
0,25/44,21/35,Contraction_l_Alik_Bljk_Cijk_Dijk,"(32,8192,1,4096)",Cijk_Alik_Bljk_I8II_BH_GB_MT64x64x32_SN_GLVWA4_GLVWB4_GRVW4_K1_SU32_SUS256_TT4_4,NO_CHECK,749.609,2864.81,,0.5,4,32,0.5,1,1,1,34603008,1048576,,,,,,,,,,2026-04-18 21:40:30.
0,25/44,22/35,Contraction_l_Alik_Bljk_Cijk_Dijk,"(32,8192,1,4096)",Cijk_Alik_Bljk_I8II_BH_GB_MT64x64x32_SN_GLVWA8_GLVWB8_GRVW8_K1_SU32_SUS256_TT4_4,NO_CHECK,744.128,2885.91,,0.5,4,32,0.5,1,1,1,34603008,1048576,,,,,,,,,,2026-04-18 21:40:30.
0,25/44,23/35,Contraction_l_Alik_Bljk_Cijk_Dijk,"(32,8192,1,4096)",Cijk_Alik_Bljk_I8II_BH_GB_MT64x64x32_SN_GLVWA8_GLVWB8_GRVW16_K1_SU32_SUS256_TT4_4,NO_CHECK,742.809,2891.03,,0.5,4,32,0.5,1,1,1,34603008,1048576,,,,,,,,,,2026-04-18 21:40:30.
0,25/44,24/35,Contraction_l_Alik_Bljk_Cijk_Dijk,"(32,8192,1,4096)",Cijk_Alik_Bljk_I8II_BH_GB_MT128x64x32_SN_GLVWA4_GLVWB4_GRVW4_K1_SU0_SUS0_TT8_4,NO_CHECK,1290.57,1663.98,,0.25,4,32,0.25,1,1,1,26214400,1048576,,,,,,,,,,2026-04-18 21:40:30.
0,25/44,25/35,Contraction_l_Alik_Bljk_Cijk_Dijk,"(32,8192,1,4096)",Cijk_Alik_Bljk_I8II_BH_GB_MT128x64x32_SN_GLVWA8_GLVWB8_GRVW8_K1_SU0_SUS0_TT8_4,NO_CHECK,1157.45,1855.35,,0.25,4,32,0.25,1,1,1,26214400,1048576,,,,,,,,,,2026-04-18 21:40:30.
0,25/44,26/35,Contraction_l_Alik_Bljk_Cijk_Dijk,"(32,8192,1,4096)",Cijk_Alik_Bljk_I8II_BH_GB_MT128x64x32_SN_GLVWA16_GLVWB8_GRVW16_K1_SU0_SUS0_TT8_4,NO_CHECK,1149.81,1867.68,,0.25,4,32,0.25,1,1,1,26214400,1048576,,,,,,,,,,2026-04-18 21:40:30.
0,25/44,27/35,Contraction_l_Alik_Bljk_Cijk_Dijk,"(32,8192,1,4096)",Cijk_Alik_Bljk_I8II_BH_GB_MT128x64x32_SN_GLVWA4_GLVWB4_GRVW4_K1_SU32_SUS256_TT8_4,NO_CHECK,1156.37,1857.09,,0.25,4,32,0.25,1,1,1,26214400,1048576,,,,,,,,,,2026-04-18 21:40:30.
0,25/44,28/35,Contraction_l_Alik_Bljk_Cijk_Dijk,"(32,8192,1,4096)",Cijk_Alik_Bljk_I8II_BH_GB_MT128x64x32_SN_GLVWA8_GLVWB8_GRVW8_K1_SU32_SUS256_TT8_4,NO_CHECK,1154.41,1860.24,,0.25,4,32,0.25,1,1,1,26214400,1048576,,,,,,,,,,2026-04-18 21:40:30.
0,25/44,29/35,Contraction_l_Alik_Bljk_Cijk_Dijk,"(32,8192,1,4096)",Cijk_Alik_Bljk_I8II_BH_GB_MT128x64x32_SN_GLVWA16_GLVWB8_GRVW16_K1_SU32_SUS256_TT8_4,NO_CHECK,1152.45,1863.4,,0.25,4,32,0.25,1,1,1,26214400,1048576,,,,,,,,,,2026-04-18 21:40:30.
0,25/44,30/35,Contraction_l_Alik_Bljk_Cijk_Dijk,"(32,8192,1,4096)",Cijk_Alik_Bljk_I8II_BH_GB_MT64x128x32_SN_GLVWA4_GLVWB4_GRVW4_K1_SU0_SUS0_TT4_8,NO_CHECK,823.169,2608.8,,0.5,2,32,0.5,1,1,1,26214400,1048576,,,,,,,,,,2026-04-18 21:40:30.
0,25/44,31/35,Contraction_l_Alik_Bljk_Cijk_Dijk,"(32,8192,1,4096)",Cijk_Alik_Bljk_I8II_BH_GB_MT64x128x32_SN_GLVWA8_GLVWB8_GRVW8_K1_SU0_SUS0_TT4_8,NO_CHECK,636.167,3375.66,,0.5,2,32,0.5,1,1,1,26214400,1048576,,,,,,,,,,2026-04-18 21:40:30.
0,25/44,32/35,Contraction_l_Alik_Bljk_Cijk_Dijk,"(32,8192,1,4096)",Cijk_Alik_Bljk_I8II_BH_GB_MT64x128x32_SN_GLVWA8_GLVWB16_GRVW16_K1_SU0_SUS0_TT4_8,NO_CHECK,622.967,3447.19,,0.5,2,32,0.5,1,1,1,26214400,1048576,,,,,,,,,,2026-04-18 21:40:30.
0,25/44,33/35,Contraction_l_Alik_Bljk_Cijk_Dijk,"(32,8192,1,4096)",Cijk_Alik_Bljk_I8II_BH_GB_MT64x128x32_SN_GLVWA4_GLVWB4_GRVW4_K1_SU32_SUS256_TT4_8,NO_CHECK,627.247,3423.67,,0.5,2,32,0.5,1,1,1,26214400,1048576,,,,,,,,,,2026-04-18 21:40:30.
0,25/44,34/35,Contraction_l_Alik_Bljk_Cijk_Dijk,"(32,8192,1,4096)",Cijk_Alik_Bljk_I8II_BH_GB_MT64x128x32_SN_GLVWA8_GLVWB8_GRVW8_K1_SU32_SUS256_TT4_8,NO_CHECK,631.807,3398.95,,0.5,2,32,0.5,1,1,1,26214400,1048576,,,,,,,,,,2026-04-18 21:40:30.
0,25/44,35/35,Contraction_l_Alik_Bljk_Cijk_Dijk,"(32,8192,1,4096)",Cijk_Alik_Bljk_I8II_BH_GB_MT64x128x32_SN_GLVWA8_GLVWB16_GRVW16_K1_SU32_SUS256_TT4_8,NO_CHECK,631.247,3401.97,,0.5,2,32,0.5,1,1,1,26214400,1048576,,,,,,,,,,2026-04-18 21:40:30.
0,26/44,0/35,Contraction_l_Alik_Bljk_Cijk_Dijk,"(32,8192,1,8192)",Cijk_Alik_Bljk_I8II_BH_GB_MT64x64x16_SN_GLVWA4_GLVWB4_GRVW4_K1_SU0_SUS0_TT4_4,NO_CHECK,1485.38,2891.5,,0.5,4,32,0.5,1,1,1,68157440,1048576,,,,,,,,,,2026-04-18 21:40:30.
0,26/44,1/35,Contraction_l_Alik_Bljk_Cijk_Dijk,"(32,8192,1,8192)",Cijk_Alik_Bljk_I8II_BH_GB_MT64x64x16_SN_GLVWA4_GLVWB4_GRVW8_K1_SU0_SUS0_TT4_4,NO_CHECK,1486.42,2889.48,,0.5,4,32,0.5,1,1,1,68157440,1048576,,,,,,,,,,2026-04-18 21:40:30.
0,26/44,2/35,Contraction_l_Alik_Bljk_Cijk_Dijk,"(32,8192,1,8192)",Cijk_Alik_Bljk_I8II_BH_GB_MT64x64x16_SN_GLVWA4_GLVWB4_GRVW16_K1_SU0_SUS0_TT4_4,NO_CHECK,1627.14,2639.58,,0.5,4,32,0.5,1,1,1,68157440,1048576,,,,,,,,,,2026-04-18 21:40:30.
0,26/44,3/35,Contraction_l_Alik_Bljk_Cijk_Dijk,"(32,8192,1,8192)",Cijk_Alik_Bljk_I8II_BH_GB_MT64x64x16_SN_GLVWA4_GLVWB4_GRVW4_K1_SU32_SUS256_TT4_4,NO_CHECK,1479.02,2903.94,,0.5,4,32,0.5,1,1,1,68157440,1048576,,,,,,,,,,2026-04-18 21:40:30.
0,26/44,4/35,Contraction_l_Alik_Bljk_Cijk_Dijk,"(32,8192,1,8192)",Cijk_Alik_Bljk_I8II_BH_GB_MT64x64x16_SN_GLVWA4_GLVWB4_GRVW8_K1_SU32_SUS256_TT4_4,NO_CHECK,1469.34,2923.06,,0.5,4,32,0.5,1,1,1,68157440,1048576,,,,,,,,,,2026-04-18 21:40:30.
0,26/44,5/35,Contraction_l_Alik_Bljk_Cijk_Dijk,"(32,8192,1,8192)",Cijk_Alik_Bljk_I8II_BH_GB_MT64x64x16_SN_GLVWA4_GLVWB4_GRVW16_K1_SU32_SUS256_TT4_4,NO_CHECK,1471.58,2918.62,,0.5,4,32,0.5,1,1,1,68157440,1048576,,,,,,,,,,2026-04-18 21:40:30.
0,26/44,6/35,Contraction_l_Alik_Bljk_Cijk_Dijk,"(32,8192,1,8192)",Cijk_Alik_Bljk_I8II_BH_GB_MT128x64x16_SN_GLVWA4_GLVWB4_GRVW4_K1_SU0_SUS0_TT8_4,NO_CHECK,2298.35,1868.72,,0.25,4,32,0.25,1,1,1,51380224,1048576,,,,,,,,,,2026-04-18 21:40:30.
0,26/44,7/35,Contraction_l_Alik_Bljk_Cijk_Dijk,"(32,8192,1,8192)",Cijk_Alik_Bljk_I8II_BH_GB_MT128x64x16_SN_GLVWA8_GLVWB4_GRVW8_K1_SU0_SUS0_TT8_4,NO_CHECK,2444.67,1756.87,,0.25,4,32,0.25,1,1,1,51380224,1048576,,,,,,,,,,2026-04-18 21:40:30.
0,26/44,8/35,Contraction_l_Alik_Bljk_Cijk_Dijk,"(32,8192,1,8192)",Cijk_Alik_Bljk_I8II_BH_GB_MT128x64x16_SN_GLVWA8_GLVWB4_GRVW16_K1_SU0_SUS0_TT8_4,NO_CHECK,2304.23,1863.95,,0.25,4,32,0.25,1,1,1,51380224,1048576,,,,,,,,,,2026-04-18 21:40:30.
0,26/44,9/35,Contraction_l_Alik_Bljk_Cijk_Dijk,"(32,8192,1,8192)",Cijk_Alik_Bljk_I8II_BH_GB_MT128x64x16_SN_GLVWA4_GLVWB4_GRVW4_K1_SU32_SUS256_TT8_4,NO_CHECK,2294.19,1872.11,,0.25,4,32,0.25,1,1,1,51380224,1048576,,,,,,,,,,2026-04-18 21:40:30.
0,26/44,10/35,Contraction_l_Alik_Bljk_Cijk_Dijk,"(32,8192,1,8192)",Cijk_Alik_Bljk_I8II_BH_GB_MT128x64x16_SN_GLVWA8_GLVWB4_GRVW8_K1_SU32_SUS256_TT8_4,NO_CHECK,2430.47,1767.14,,0.25,4,32,0.25,1,1,1,51380224,1048576,,,,,,,,,,2026-04-18 21:40:30.
0,26/44,11/35,Contraction_l_Alik_Bljk_Cijk_Dijk,"(32,8192,1,8192)",Cijk_Alik_Bljk_I8II_BH_GB_MT128x64x16_SN_GLVWA8_GLVWB4_GRVW16_K1_SU32_SUS256_TT8_4,NO_CHECK,2301.95,1865.8,,0.25,4,32,0.25,1,1,1,51380224,1048576,,,,,,,,,,2026-04-18 21:40:30.
0,26/44,12/35,Contraction_l_Alik_Bljk_Cijk_Dijk,"(32,8192,1,8192)",Cijk_Alik_Bljk_I8II_BH_GB_MT64x128x16_SN_GLVWA4_GLVWB4_GRVW4_K1_SU0_SUS0_TT4_8,NO_CHECK,1207.65,3556.46,,0.5,2,32,0.5,1,1,1,51380224,1048576,,,,,,,,,,2026-04-18 21:40:30.
0,26/44,13/35,Contraction_l_Alik_Bljk_Cijk_Dijk,"(32,8192,1,8192)",Cijk_Alik_Bljk_I8II_BH_GB_MT64x128x16_SN_GLVWA4_GLVWB8_GRVW8_K1_SU0_SUS0_TT4_8,NO_CHECK,1201.53,3574.57,,0.5,2,32,0.5,1,1,1,51380224,1048576,,,,,,,,,,2026-04-18 21:40:30.
0,26/44,14/35,Contraction_l_Alik_Bljk_Cijk_Dijk,"(32,8192,1,8192)",Cijk_Alik_Bljk_I8II_BH_GB_MT64x128x16_SN_GLVWA4_GLVWB8_GRVW16_K1_SU0_SUS0_TT4_8,NO_CHECK,1198.81,3582.68,,0.5,2,32,0.5,1,1,1,51380224,1048576,,,,,,,,,,2026-04-18 21:40:30.
0,26/44,15/35,Contraction_l_Alik_Bljk_Cijk_Dijk,"(32,8192,1,8192)",Cijk_Alik_Bljk_I8II_BH_GB_MT64x128x16_SN_GLVWA4_GLVWB4_GRVW4_K1_SU32_SUS256_TT4_8,NO_CHECK,1376.42,3120.4,,0.5,2,32,0.5,1,1,1,51380224,1048576,,,,,,,,,,2026-04-18 21:40:30.
0,26/44,16/35,Contraction_l_Alik_Bljk_Cijk_Dijk,"(32,8192,1,8192)",Cijk_Alik_Bljk_I8II_BH_GB_MT64x128x16_SN_GLVWA4_GLVWB8_GRVW8_K1_SU32_SUS256_TT4_8,NO_CHECK,1213.85,3538.29,,0.5,2,32,0.5,1,1,1,51380224,1048576,,,,,,,,,,2026-04-18 21:40:30.
0,26/44,17/35,Contraction_l_Alik_Bljk_Cijk_Dijk,"(32,8192,1,8192)",Cijk_Alik_Bljk_I8II_BH_GB_MT64x128x16_SN_GLVWA4_GLVWB8_GRVW16_K1_SU32_SUS256_TT4_8,NO_CHECK,1211.65,3544.72,,0.5,2,32,0.5,1,1,1,51380224,1048576,,,,,,,,,,2026-04-18 21:40:30.
0,26/44,18/35,Contraction_l_Alik_Bljk_Cijk_Dijk,"(32,8192,1,8192)",Cijk_Alik_Bljk_I8II_BH_GB_MT64x64x32_SN_GLVWA4_GLVWB4_GRVW4_K1_SU0_SUS0_TT4_4,NO_CHECK,1481.62,2898.84,,0.5,4,32,0.5,1,1,1,68157440,1048576,,,,,,,,,,2026-04-18 21:40:30.
0,26/44,19/35,Contraction_l_Alik_Bljk_Cijk_Dijk,"(32,8192,1,8192)",Cijk_Alik_Bljk_I8II_BH_GB_MT64x64x32_SN_GLVWA8_GLVWB8_GRVW8_K1_SU0_SUS0_TT4_4,NO_CHECK,1474.46,2912.91,,0.5,4,32,0.5,1,1,1,68157440,1048576,,,,,,,,,,2026-04-18 21:40:30.
0,26/44,20/35,Contraction_l_Alik_Bljk_Cijk_Dijk,"(32,8192,1,8192)",Cijk_Alik_Bljk_I8II_BH_GB_MT64x64x32_SN_GLVWA8_GLVWB8_GRVW16_K1_SU0_SUS0_TT4_4,NO_CHECK,1625.34,2642.51,,0.5,4,32,0.5,1,1,1,68157440,1048576,,,,,,,,,,2026-04-18 21:40:30.
0,26/44,21/35,Contraction_l_Alik_Bljk_Cijk_Dijk,"(32,8192,1,8192)",Cijk_Alik_Bljk_I8II_BH_GB_MT64x64x32_SN_GLVWA4_GLVWB4_GRVW4_K1_SU32_SUS256_TT4_4,NO_CHECK,1510.46,2843.49,,0.5,4,32,0.5,1,1,1,68157440,1048576,,,,,,,,,,2026-04-18 21:40:30.
0,26/44,22/35,Contraction_l_Alik_Bljk_Cijk_Dijk,"(32,8192,1,8192)",Cijk_Alik_Bljk_I8II_BH_GB_MT64x64x32_SN_GLVWA8_GLVWB8_GRVW8_K1_SU32_SUS256_TT4_4,NO_CHECK,1483.3,2895.55,,0.5,4,32,0.5,1,1,1,68157440,1048576,,,,,,,,,,2026-04-18 21:40:30.
0,26/44,23/35,Contraction_l_Alik_Bljk_Cijk_Dijk,"(32,8192,1,8192)",Cijk_Alik_Bljk_I8II_BH_GB_MT64x64x32_SN_GLVWA8_GLVWB8_GRVW16_K1_SU32_SUS256_TT4_4,NO_CHECK,1472.26,2917.27,,0.5,4,32,0.5,1,1,1,68157440,1048576,,,,,,,,,,2026-04-18 21:40:30.
0,26/44,24/35,Contraction_l_Alik_Bljk_Cijk_Dijk,"(32,8192,1,8192)",Cijk_Alik_Bljk_I8II_BH_GB_MT128x64x32_SN_GLVWA4_GLVWB4_GRVW4_K1_SU0_SUS0_TT8_4,NO_CHECK,2311.99,1857.7,,0.25,4,32,0.25,1,1,1,51380224,1048576,,,,,,,,,,2026-04-18 21:40:30.
0,26/44,25/35,Contraction_l_Alik_Bljk_Cijk_Dijk,"(32,8192,1,8192)",Cijk_Alik_Bljk_I8II_BH_GB_MT128x64x32_SN_GLVWA8_GLVWB8_GRVW8_K1_SU0_SUS0_TT8_4,NO_CHECK,2473.15,1736.64,,0.25,4,32,0.25,1,1,1,51380224,1048576,,,,,,,,,,2026-04-18 21:40:30.
0,26/44,26/35,Contraction_l_Alik_Bljk_Cijk_Dijk,"(32,8192,1,8192)",Cijk_Alik_Bljk_I8II_BH_GB_MT128x64x32_SN_GLVWA16_GLVWB8_GRVW16_K1_SU0_SUS0_TT8_4,NO_CHECK,2303.75,1864.34,,0.25,4,32,0.25,1,1,1,51380224,1048576,,,,,,,,,,2026-04-18 21:40:30.
0,26/44,27/35,Contraction_l_Alik_Bljk_Cijk_Dijk,"(32,8192,1,8192)",Cijk_Alik_Bljk_I8II_BH_GB_MT128x64x32_SN_GLVWA4_GLVWB4_GRVW4_K1_SU32_SUS256_TT8_4,NO_CHECK,2318.15,1852.76,,0.25,4,32,0.25,1,1,1,51380224,1048576,,,,,,,,,,2026-04-18 21:40:30.
0,26/44,28/35,Contraction_l_Alik_Bljk_Cijk_Dijk,"(32,8192,1,8192)",Cijk_Alik_Bljk_I8II_BH_GB_MT128x64x32_SN_GLVWA8_GLVWB8_GRVW8_K1_SU32_SUS256_TT8_4,NO_CHECK,2411.51,1781.03,,0.25,4,32,0.25,1,1,1,51380224,1048576,,,,,,,,,,2026-04-18 21:40:30.
0,26/44,29/35,Contraction_l_Alik_Bljk_Cijk_Dijk,"(32,8192,1,8192)",Cijk_Alik_Bljk_I8II_BH_GB_MT128x64x32_SN_GLVWA16_GLVWB8_GRVW16_K1_SU32_SUS256_TT8_4,NO_CHECK,2303.03,1864.92,,0.25,4,32,0.25,1,1,1,51380224,1048576,,,,,,,,,,2026-04-18 21:40:30.
0,26/44,30/35,Contraction_l_Alik_Bljk_Cijk_Dijk,"(32,8192,1,8192)",Cijk_Alik_Bljk_I8II_BH_GB_MT64x128x32_SN_GLVWA4_GLVWB4_GRVW4_K1_SU0_SUS0_TT4_8,NO_CHECK,1227.49,3498.97,,0.5,2,32,0.5,1,1,1,51380224,1048576,,,,,,,,,,2026-04-18 21:40:30.
0,26/44,31/35,Contraction_l_Alik_Bljk_Cijk_Dijk,"(32,8192,1,8192)",Cijk_Alik_Bljk_I8II_BH_GB_MT64x128x32_SN_GLVWA8_GLVWB8_GRVW8_K1_SU0_SUS0_TT4_8,NO_CHECK,1229.61,3492.94,,0.5,2,32,0.5,1,1,1,51380224,1048576,,,,,,,,,,2026-04-18 21:40:30.
0,26/44,32/35,Contraction_l_Alik_Bljk_Cijk_Dijk,"(32,8192,1,8192)",Cijk_Alik_Bljk_I8II_BH_GB_MT64x128x32_SN_GLVWA8_GLVWB16_GRVW16_K1_SU0_SUS0_TT4_8,NO_CHECK,1389.06,3092.01,,0.5,2,32,0.5,1,1,1,51380224,1048576,,,,,,,,,,2026-04-18 21:40:30.
0,26/44,33/35,Contraction_l_Alik_Bljk_Cijk_Dijk,"(32,8192,1,8192)",Cijk_Alik_Bljk_I8II_BH_GB_MT64x128x32_SN_GLVWA4_GLVWB4_GRVW4_K1_SU32_SUS256_TT4_8,NO_CHECK,1230.97,3489.08,,0.5,2,32,0.5,1,1,1,51380224,1048576,,,,,,,,,,2026-04-18 21:40:30.
0,26/44,34/35,Contraction_l_Alik_Bljk_Cijk_Dijk,"(32,8192,1,8192)",Cijk_Alik_Bljk_I8II_BH_GB_MT64x128x32_SN_GLVWA8_GLVWB8_GRVW8_K1_SU32_SUS256_TT4_8,NO_CHECK,1226.33,3502.28,,0.5,2,32,0.5,1,1,1,51380224,1048576,,,,,,,,,,2026-04-18 21:40:30.
0,26/44,35/35,Contraction_l_Alik_Bljk_Cijk_Dijk,"(32,8192,1,8192)",Cijk_Alik_Bljk_I8II_BH_GB_MT64x128x32_SN_GLVWA8_GLVWB16_GRVW16_K1_SU32_SUS256_TT4_8,NO_CHECK,1225.45,3504.8,,0.5,2,32,0.5,1,1,1,51380224,1048576,,,,,,,,,,2026-04-18 21:40:30.
0,27/44,0/35,Contraction_l_Alik_Bljk_Cijk_Dijk,"(128,1024,1,1024)",Cijk_Alik_Bljk_I8II_BH_GB_MT64x64x16_SN_GLVWA4_GLVWB4_GRVW4_K1_SU0_SUS0_TT4_4,NO_CHECK,79.121,3392.72,,1,1,32,1,1,1,1,4718592,524288,,,,,,,,,,2026-04-18 21:40:30.
0,27/44,1/35,Contraction_l_Alik_Bljk_Cijk_Dijk,"(128,1024,1,1024)",Cijk_Alik_Bljk_I8II_BH_GB_MT64x64x16_SN_GLVWA4_GLVWB4_GRVW8_K1_SU0_SUS0_TT4_4,NO_CHECK,78.721,3409.96,,1,1,32,1,1,1,1,4718592,524288,,,,,,,,,,2026-04-18 21:40:30.
0,27/44,2/35,Contraction_l_Alik_Bljk_Cijk_Dijk,"(128,1024,1,1024)",Cijk_Alik_Bljk_I8II_BH_GB_MT64x64x16_SN_GLVWA4_GLVWB4_GRVW16_K1_SU0_SUS0_TT4_4,NO_CHECK,78.561,3416.9,,1,1,32,1,1,1,1,4718592,524288,,,,,,,,,,2026-04-18 21:40:30.
0,27/44,3/35,Contraction_l_Alik_Bljk_Cijk_Dijk,"(128,1024,1,1024)",Cijk_Alik_Bljk_I8II_BH_GB_MT64x64x16_SN_GLVWA4_GLVWB4_GRVW4_K1_SU32_SUS256_TT4_4,NO_CHECK,79.52,3375.7,,1,1,32,1,1,1,1,4718592,524288,,,,,,,,,,2026-04-18 21:40:30.
0,27/44,4/35,Contraction_l_Alik_Bljk_Cijk_Dijk,"(128,1024,1,1024)",Cijk_Alik_Bljk_I8II_BH_GB_MT64x64x16_SN_GLVWA4_GLVWB4_GRVW8_K1_SU32_SUS256_TT4_4,NO_CHECK,79.481,3377.35,,1,1,32,1,1,1,1,4718592,524288,,,,,,,,,,2026-04-18 21:40:30.
0,27/44,5/35,Contraction_l_Alik_Bljk_Cijk_Dijk,"(128,1024,1,1024)",Cijk_Alik_Bljk_I8II_BH_GB_MT64x64x16_SN_GLVWA4_GLVWB4_GRVW16_K1_SU32_SUS256_TT4_4,NO_CHECK,79.401,3380.76,,1,1,32,1,1,1,1,4718592,524288,,,,,,,,,,2026-04-18 21:40:30.
0,27/44,6/35,Contraction_l_Alik_Bljk_Cijk_Dijk,"(128,1024,1,1024)",Cijk_Alik_Bljk_I8II_BH_GB_MT128x64x16_SN_GLVWA4_GLVWB4_GRVW4_K1_SU0_SUS0_TT8_4,NO_CHECK,114.321,2348.09,,0.5,0.5,32,1,1,0.5,1,3670016,524288,,,,,,,,,,2026-04-18 21:40:30.
0,27/44,7/35,Contraction_l_Alik_Bljk_Cijk_Dijk,"(128,1024,1,1024)",Cijk_Alik_Bljk_I8II_BH_GB_MT128x64x16_SN_GLVWA8_GLVWB4_GRVW8_K1_SU0_SUS0_TT8_4,NO_CHECK,117.001,2294.3,,0.5,0.5,32,1,1,0.5,1,3670016,524288,,,,,,,,,,2026-04-18 21:40:30.
0,27/44,8/35,Contraction_l_Alik_Bljk_Cijk_Dijk,"(128,1024,1,1024)",Cijk_Alik_Bljk_I8II_BH_GB_MT128x64x16_SN_GLVWA8_GLVWB4_GRVW16_K1_SU0_SUS0_TT8_4,NO_CHECK,117.521,2284.15,,0.5,0.5,32,1,1,0.5,1,3670016,524288,,,,,,,,,,2026-04-18 21:40:30.
0,27/44,9/35,Contraction_l_Alik_Bljk_Cijk_Dijk,"(128,1024,1,1024)",Cijk_Alik_Bljk_I8II_BH_GB_MT128x64x16_SN_GLVWA4_GLVWB4_GRVW4_K1_SU32_SUS256_TT8_4,NO_CHECK,117.921,2276.4,,0.5,0.5,32,1,1,0.5,1,3670016,524288,,,,,,,,,,2026-04-18 21:40:30.
0,27/44,10/35,Contraction_l_Alik_Bljk_Cijk_Dijk,"(128,1024,1,1024)",Cijk_Alik_Bljk_I8II_BH_GB_MT128x64x16_SN_GLVWA8_GLVWB4_GRVW8_K1_SU32_SUS256_TT8_4,NO_CHECK,117.002,2294.28,,0.5,0.5,32,1,1,0.5,1,3670016,524288,,,,,,,,,,2026-04-18 21:40:30.
0,27/44,11/35,Contraction_l_Alik_Bljk_Cijk_Dijk,"(128,1024,1,1024)",Cijk_Alik_Bljk_I8II_BH_GB_MT128x64x16_SN_GLVWA8_GLVWB4_GRVW16_K1_SU32_SUS256_TT8_4,NO_CHECK,117.921,2276.4,,0.5,0.5,32,1,1,0.5,1,3670016,524288,,,,,,,,,,2026-04-18 21:40:30.
0,27/44,12/35,Contraction_l_Alik_Bljk_Cijk_Dijk,"(128,1024,1,1024)",Cijk_Alik_Bljk_I8II_BH_GB_MT64x128x16_SN_GLVWA4_GLVWB4_GRVW4_K1_SU0_SUS0_TT4_8,NO_CHECK,116.681,2300.59,,0.5,0.5,32,1,1,0.5,1,3670016,524288,,,,,,,,,,2026-04-18 21:40:30.
0,27/44,13/35,Contraction_l_Alik_Bljk_Cijk_Dijk,"(128,1024,1,1024)",Cijk_Alik_Bljk_I8II_BH_GB_MT64x128x16_SN_GLVWA4_GLVWB8_GRVW8_K1_SU0_SUS0_TT4_8,NO_CHECK,117.161,2291.17,,0.5,0.5,32,1,1,0.5,1,3670016,524288,,,,,,,,,,2026-04-18 21:40:30.
0,27/44,14/35,Contraction_l_Alik_Bljk_Cijk_Dijk,"(128,1024,1,1024)",Cijk_Alik_Bljk_I8II_BH_GB_MT64x128x16_SN_GLVWA4_GLVWB8_GRVW16_K1_SU0_SUS0_TT4_8,NO_CHECK,249.963,1073.9,,0.5,0.5,32,1,1,0.5,1,3670016,524288,,,,,,,,,,2026-04-18 21:40:30.
0,27/44,15/35,Contraction_l_Alik_Bljk_Cijk_Dijk,"(128,1024,1,1024)",Cijk_Alik_Bljk_I8II_BH_GB_MT64x128x16_SN_GLVWA4_GLVWB4_GRVW4_K1_SU32_SUS256_TT4_8,NO_CHECK,119.001,2255.74,,0.5,0.5,32,1,1,0.5,1,3670016,524288,,,,,,,,,,2026-04-18 21:40:30.
0,27/44,16/35,Contraction_l_Alik_Bljk_Cijk_Dijk,"(128,1024,1,1024)",Cijk_Alik_Bljk_I8II_BH_GB_MT64x128x16_SN_GLVWA4_GLVWB8_GRVW8_K1_SU32_SUS256_TT4_8,NO_CHECK,119.121,2253.47,,0.5,0.5,32,1,1,0.5,1,3670016,524288,,,,,,,,,,2026-04-18 21:40:30.
0,27/44,17/35,Contraction_l_Alik_Bljk_Cijk_Dijk,"(128,1024,1,1024)",Cijk_Alik_Bljk_I8II_BH_GB_MT64x128x16_SN_GLVWA4_GLVWB8_GRVW16_K1_SU32_SUS256_TT4_8,NO_CHECK,118.441,2266.41,,0.5,0.5,32,1,1,0.5,1,3670016,524288,,,,,,,,,,2026-04-18 21:40:30.
0,27/44,18/35,Contraction_l_Alik_Bljk_Cijk_Dijk,"(128,1024,1,1024)",Cijk_Alik_Bljk_I8II_BH_GB_MT64x64x32_SN_GLVWA4_GLVWB4_GRVW4_K1_SU0_SUS0_TT4_4,NO_CHECK,96.721,2775.36,,1,1,32,1,1,1,1,4718592,524288,,,,,,,,,,2026-04-18 21:40:30.
0,27/44,19/35,Contraction_l_Alik_Bljk_Cijk_Dijk,"(128,1024,1,1024)",Cijk_Alik_Bljk_I8II_BH_GB_MT64x64x32_SN_GLVWA8_GLVWB8_GRVW8_K1_SU0_SUS0_TT4_4,NO_CHECK,96.201,2790.36,,1,1,32,1,1,1,1,4718592,524288,,,,,,,,,,2026-04-18 21:40:30.
0,27/44,20/35,Contraction_l_Alik_Bljk_Cijk_Dijk,"(128,1024,1,1024)",Cijk_Alik_Bljk_I8II_BH_GB_MT64x64x32_SN_GLVWA8_GLVWB8_GRVW16_K1_SU0_SUS0_TT4_4,NO_CHECK,104.401,2571.2,,1,1,32,1,1,1,1,4718592,524288,,,,,,,,,,2026-04-18 21:40:30.
0,27/44,21/35,Contraction_l_Alik_Bljk_Cijk_Dijk,"(128,1024,1,1024)",Cijk_Alik_Bljk_I8II_BH_GB_MT64x64x32_SN_GLVWA4_GLVWB4_GRVW4_K1_SU32_SUS256_TT4_4,NO_CHECK,96.921,2769.63,,1,1,32,1,1,1,1,4718592,524288,,,,,,,,,,2026-04-18 21:40:30.
0,27/44,22/35,Contraction_l_Alik_Bljk_Cijk_Dijk,"(128,1024,1,1024)",Cijk_Alik_Bljk_I8II_BH_GB_MT64x64x32_SN_GLVWA8_GLVWB8_GRVW8_K1_SU32_SUS256_TT4_4,NO_CHECK,97.801,2744.71,,1,1,32,1,1,1,1,4718592,524288,,,,,,,,,,2026-04-18 21:40:30.
0,27/44,23/35,Contraction_l_Alik_Bljk_Cijk_Dijk,"(128,1024,1,1024)",Cijk_Alik_Bljk_I8II_BH_GB_MT64x64x32_SN_GLVWA8_GLVWB8_GRVW16_K1_SU32_SUS256_TT4_4,NO_CHECK,97.361,2757.11,,1,1,32,1,1,1,1,4718592,524288,,,,,,,,,,2026-04-18 21:40:30.
0,27/44,24/35,Contraction_l_Alik_Bljk_Cijk_Dijk,"(128,1024,1,1024)",Cijk_Alik_Bljk_I8II_BH_GB_MT128x64x32_SN_GLVWA4_GLVWB4_GRVW4_K1_SU0_SUS0_TT8_4,NO_CHECK,146.442,1833.05,,0.5,0.5,32,1,1,0.5,1,3670016,524288,,,,,,,,,,2026-04-18 21:40:30.
0,27/44,25/35,Contraction_l_Alik_Bljk_Cijk_Dijk,"(128,1024,1,1024)",Cijk_Alik_Bljk_I8II_BH_GB_MT128x64x32_SN_GLVWA8_GLVWB8_GRVW8_K1_SU0_SUS0_TT8_4,NO_CHECK,146.041,1838.08,,0.5,0.5,32,1,1,0.5,1,3670016,524288,,,,,,,,,,2026-04-18 21:40:30.
0,27/44,26/35,Contraction_l_Alik_Bljk_Cijk_Dijk,"(128,1024,1,1024)",Cijk_Alik_Bljk_I8II_BH_GB_MT128x64x32_SN_GLVWA16_GLVWB8_GRVW16_K1_SU0_SUS0_TT8_4,NO_CHECK,146.202,1836.06,,0.5,0.5,32,1,1,0.5,1,3670016,524288,,,,,,,,,,2026-04-18 21:40:30.
0,27/44,27/35,Contraction_l_Alik_Bljk_Cijk_Dijk,"(128,1024,1,1024)",Cijk_Alik_Bljk_I8II_BH_GB_MT128x64x32_SN_GLVWA4_GLVWB4_GRVW4_K1_SU32_SUS256_TT8_4,NO_CHECK,147.122,1824.58,,0.5,0.5,32,1,1,0.5,1,3670016,524288,,,,,,,,,,2026-04-18 21:40:30.
0,27/44,28/35,Contraction_l_Alik_Bljk_Cijk_Dijk,"(128,1024,1,1024)",Cijk_Alik_Bljk_I8II_BH_GB_MT128x64x32_SN_GLVWA8_GLVWB8_GRVW8_K1_SU32_SUS256_TT8_4,NO_CHECK,148.561,1806.9,,0.5,0.5,32,1,1,0.5,1,3670016,524288,,,,,,,,,,2026-04-18 21:40:30.
0,27/44,29/35,Contraction_l_Alik_Bljk_Cijk_Dijk,"(128,1024,1,1024)",Cijk_Alik_Bljk_I8II_BH_GB_MT128x64x32_SN_GLVWA16_GLVWB8_GRVW16_K1_SU32_SUS256_TT8_4,NO_CHECK,150.602,1782.42,,0.5,0.5,32,1,1,0.5,1,3670016,524288,,,,,,,,,,2026-04-18 21:40:30.
0,27/44,30/35,Contraction_l_Alik_Bljk_Cijk_Dijk,"(128,1024,1,1024)",Cijk_Alik_Bljk_I8II_BH_GB_MT64x128x32_SN_GLVWA4_GLVWB4_GRVW4_K1_SU0_SUS0_TT4_8,NO_CHECK,147.841,1815.7,,0.5,0.5,32,1,1,0.5,1,3670016,524288,,,,,,,,,,2026-04-18 21:40:30.
0,27/44,31/35,Contraction_l_Alik_Bljk_Cijk_Dijk,"(128,1024,1,1024)",Cijk_Alik_Bljk_I8II_BH_GB_MT64x128x32_SN_GLVWA8_GLVWB8_GRVW8_K1_SU0_SUS0_TT4_8,NO_CHECK,147.081,1825.09,,0.5,0.5,32,1,1,0.5,1,3670016,524288,,,,,,,,,,2026-04-18 21:40:30.
0,27/44,32/35,Contraction_l_Alik_Bljk_Cijk_Dijk,"(128,1024,1,1024)",Cijk_Alik_Bljk_I8II_BH_GB_MT64x128x32_SN_GLVWA8_GLVWB16_GRVW16_K1_SU0_SUS0_TT4_8,NO_CHECK,147.042,1825.57,,0.5,0.5,32,1,1,0.5,1,3670016,524288,,,,,,,,,,2026-04-18 21:40:30.
0,27/44,33/35,Contraction_l_Alik_Bljk_Cijk_Dijk,"(128,1024,1,1024)",Cijk_Alik_Bljk_I8II_BH_GB_MT64x128x32_SN_GLVWA4_GLVWB4_GRVW4_K1_SU32_SUS256_TT4_8,NO_CHECK,146.841,1828.07,,0.5,0.5,32,1,1,0.5,1,3670016,524288,,,,,,,,,,2026-04-18 21:40:30.
0,27/44,34/35,Contraction_l_Alik_Bljk_Cijk_Dijk,"(128,1024,1,1024)",Cijk_Alik_Bljk_I8II_BH_GB_MT64x128x32_SN_GLVWA8_GLVWB8_GRVW8_K1_SU32_SUS256_TT4_8,NO_CHECK,147.682,1817.66,,0.5,0.5,32,1,1,0.5,1,3670016,524288,,,,,,,,,,2026-04-18 21:40:30.
0,27/44,35/35,Contraction_l_Alik_Bljk_Cijk_Dijk,"(128,1024,1,1024)",Cijk_Alik_Bljk_I8II_BH_GB_MT64x128x32_SN_GLVWA8_GLVWB16_GRVW16_K1_SU32_SUS256_TT4_8,NO_CHECK,138.202,1942.34,,0.5,0.5,32,1,1,0.5,1,3670016,524288,,,,,,,,,,2026-04-18 21:40:30.
0,28/44,0/35,Contraction_l_Alik_Bljk_Cijk_Dijk,"(128,1024,1,4096)",Cijk_Alik_Bljk_I8II_BH_GB_MT64x64x16_SN_GLVWA4_GLVWB4_GRVW4_K1_SU0_SUS0_TT4_4,NO_CHECK,231.563,4636.93,,1,1,32,1,1,1,1,17301504,524288,,,,,,,,,,2026-04-18 21:40:30.
0,28/44,1/35,Contraction_l_Alik_Bljk_Cijk_Dijk,"(128,1024,1,4096)",Cijk_Alik_Bljk_I8II_BH_GB_MT64x64x16_SN_GLVWA4_GLVWB4_GRVW8_K1_SU0_SUS0_TT4_4,NO_CHECK,229.162,4685.51,,1,1,32,1,1,1,1,17301504,524288,,,,,,,,,,2026-04-18 21:40:30.
0,28/44,2/35,Contraction_l_Alik_Bljk_Cijk_Dijk,"(128,1024,1,4096)",Cijk_Alik_Bljk_I8II_BH_GB_MT64x64x16_SN_GLVWA4_GLVWB4_GRVW16_K1_SU0_SUS0_TT4_4,NO_CHECK,227.603,4717.61,,1,1,32,1,1,1,1,17301504,524288,,,,,,,,,,2026-04-18 21:40:30.
0,28/44,3/35,Contraction_l_Alik_Bljk_Cijk_Dijk,"(128,1024,1,4096)",Cijk_Alik_Bljk_I8II_BH_GB_MT64x64x16_SN_GLVWA4_GLVWB4_GRVW4_K1_SU32_SUS256_TT4_4,NO_CHECK,229.603,4676.51,,1,1,32,1,1,1,1,17301504,524288,,,,,,,,,,2026-04-18 21:40:30.
0,28/44,4/35,Contraction_l_Alik_Bljk_Cijk_Dijk,"(128,1024,1,4096)",Cijk_Alik_Bljk_I8II_BH_GB_MT64x64x16_SN_GLVWA4_GLVWB4_GRVW8_K1_SU32_SUS256_TT4_4,NO_CHECK,228.282,4703.58,,1,1,32,1,1,1,1,17301504,524288,,,,,,,,,,2026-04-18 21:40:30.
0,28/44,5/35,Contraction_l_Alik_Bljk_Cijk_Dijk,"(128,1024,1,4096)",Cijk_Alik_Bljk_I8II_BH_GB_MT64x64x16_SN_GLVWA4_GLVWB4_GRVW16_K1_SU32_SUS256_TT4_4,NO_CHECK,401.564,2673.9,,1,1,32,1,1,1,1,17301504,524288,,,,,,,,,,2026-04-18 21:40:30.
0,28/44,6/35,Contraction_l_Alik_Bljk_Cijk_Dijk,"(128,1024,1,4096)",Cijk_Alik_Bljk_I8II_BH_GB_MT128x64x16_SN_GLVWA4_GLVWB4_GRVW4_K1_SU0_SUS0_TT8_4,NO_CHECK,338.204,3174.83,,0.5,0.5,32,1,1,0.5,1,13107200,524288,,,,,,,,,,2026-04-18 21:40:30.
0,28/44,7/35,Contraction_l_Alik_Bljk_Cijk_Dijk,"(128,1024,1,4096)",Cijk_Alik_Bljk_I8II_BH_GB_MT128x64x16_SN_GLVWA8_GLVWB4_GRVW8_K1_SU0_SUS0_TT8_4,NO_CHECK,337.524,3181.23,,0.5,0.5,32,1,1,0.5,1,13107200,524288,,,,,,,,,,2026-04-18 21:40:30.
0,28/44,8/35,Contraction_l_Alik_Bljk_Cijk_Dijk,"(128,1024,1,4096)",Cijk_Alik_Bljk_I8II_BH_GB_MT128x64x16_SN_GLVWA8_GLVWB4_GRVW16_K1_SU0_SUS0_TT8_4,NO_CHECK,337.444,3181.99,,0.5,0.5,32,1,1,0.5,1,13107200,524288,,,,,,,,,,2026-04-18 21:40:30.
0,28/44,9/35,Contraction_l_Alik_Bljk_Cijk_Dijk,"(128,1024,1,4096)",Cijk_Alik_Bljk_I8II_BH_GB_MT128x64x16_SN_GLVWA4_GLVWB4_GRVW4_K1_SU32_SUS256_TT8_4,NO_CHECK,339.563,3162.13,,0.5,0.5,32,1,1,0.5,1,13107200,524288,,,,,,,,,,2026-04-18 21:40:30.
0,28/44,10/35,Contraction_l_Alik_Bljk_Cijk_Dijk,"(128,1024,1,4096)",Cijk_Alik_Bljk_I8II_BH_GB_MT128x64x16_SN_GLVWA8_GLVWB4_GRVW8_K1_SU32_SUS256_TT8_4,NO_CHECK,337.724,3179.35,,0.5,0.5,32,1,1,0.5,1,13107200,524288,,,,,,,,,,2026-04-18 21:40:30.
0,28/44,11/35,Contraction_l_Alik_Bljk_Cijk_Dijk,"(128,1024,1,4096)",Cijk_Alik_Bljk_I8II_BH_GB_MT128x64x16_SN_GLVWA8_GLVWB4_GRVW16_K1_SU32_SUS256_TT8_4,NO_CHECK,337.844,3178.22,,0.5,0.5,32,1,1,0.5,1,13107200,524288,,,,,,,,,,2026-04-18 21:40:30.
0,28/44,12/35,Contraction_l_Alik_Bljk_Cijk_Dijk,"(128,1024,1,4096)",Cijk_Alik_Bljk_I8II_BH_GB_MT64x128x16_SN_GLVWA4_GLVWB4_GRVW4_K1_SU0_SUS0_TT4_8,NO_CHECK,335.844,3197.14,,0.5,0.5,32,1,1,0.5,1,13107200,524288,,,,,,,,,,2026-04-18 21:40:30.
0,28/44,13/35,Contraction_l_Alik_Bljk_Cijk_Dijk,"(128,1024,1,4096)",Cijk_Alik_Bljk_I8II_BH_GB_MT64x128x16_SN_GLVWA4_GLVWB8_GRVW8_K1_SU0_SUS0_TT4_8,NO_CHECK,338.004,3176.71,,0.5,0.5,32,1,1,0.5,1,13107200,524288,,,,,,,,,,2026-04-18 21:40:30.
0,28/44,14/35,Contraction_l_Alik_Bljk_Cijk_Dijk,"(128,1024,1,4096)",Cijk_Alik_Bljk_I8II_BH_GB_MT64x128x16_SN_GLVWA4_GLVWB8_GRVW16_K1_SU0_SUS0_TT4_8,NO_CHECK,341.844,3141.03,,0.5,0.5,32,1,1,0.5,1,13107200,524288,,,,,,,,,,2026-04-18 21:40:30.
0,28/44,15/35,Contraction_l_Alik_Bljk_Cijk_Dijk,"(128,1024,1,4096)",Cijk_Alik_Bljk_I8II_BH_GB_MT64x128x16_SN_GLVWA4_GLVWB4_GRVW4_K1_SU32_SUS256_TT4_8,NO_CHECK,341.604,3143.24,,0.5,0.5,32,1,1,0.5,1,13107200,524288,,,,,,,,,,2026-04-18 21:40:30.
0,28/44,16/35,Contraction_l_Alik_Bljk_Cijk_Dijk,"(128,1024,1,4096)",Cijk_Alik_Bljk_I8II_BH_GB_MT64x128x16_SN_GLVWA4_GLVWB8_GRVW8_K1_SU32_SUS256_TT4_8,NO_CHECK,345.724,3105.78,,0.5,0.5,32,1,1,0.5,1,13107200,524288,,,,,,,,,,2026-04-18 21:40:30.
0,28/44,17/35,Contraction_l_Alik_Bljk_Cijk_Dijk,"(128,1024,1,4096)",Cijk_Alik_Bljk_I8II_BH_GB_MT64x128x16_SN_GLVWA4_GLVWB8_GRVW16_K1_SU32_SUS256_TT4_8,NO_CHECK,339.643,3161.38,,0.5,0.5,32,1,1,0.5,1,13107200,524288,,,,,,,,,,2026-04-18 21:40:30.
0,28/44,18/35,Contraction_l_Alik_Bljk_Cijk_Dijk,"(128,1024,1,4096)",Cijk_Alik_Bljk_I8II_BH_GB_MT64x64x32_SN_GLVWA4_GLVWB4_GRVW4_K1_SU0_SUS0_TT4_4,NO_CHECK,235.883,4552.01,,1,1,32,1,1,1,1,17301504,524288,,,,,,,,,,2026-04-18 21:40:30.
0,28/44,19/35,Contraction_l_Alik_Bljk_Cijk_Dijk,"(128,1024,1,4096)",Cijk_Alik_Bljk_I8II_BH_GB_MT64x64x32_SN_GLVWA8_GLVWB8_GRVW8_K1_SU0_SUS0_TT4_4,NO_CHECK,234.323,4582.32,,1,1,32,1,1,1,1,17301504,524288,,,,,,,,,,2026-04-18 21:40:30.
0,28/44,20/35,Contraction_l_Alik_Bljk_Cijk_Dijk,"(128,1024,1,4096)",Cijk_Alik_Bljk_I8II_BH_GB_MT64x64x32_SN_GLVWA8_GLVWB8_GRVW16_K1_SU0_SUS0_TT4_4,NO_CHECK,235.363,4562.07,,1,1,32,1,1,1,1,17301504,524288,,,,,,,,,,2026-04-18 21:40:30.
0,28/44,21/35,Contraction_l_Alik_Bljk_Cijk_Dijk,"(128,1024,1,4096)",Cijk_Alik_Bljk_I8II_BH_GB_MT64x64x32_SN_GLVWA4_GLVWB4_GRVW4_K1_SU32_SUS256_TT4_4,NO_CHECK,236.123,4547.38,,1,1,32,1,1,1,1,17301504,524288,,,,,,,,,,2026-04-18 21:40:30.
0,28/44,22/35,Contraction_l_Alik_Bljk_Cijk_Dijk,"(128,1024,1,4096)",Cijk_Alik_Bljk_I8II_BH_GB_MT64x64x32_SN_GLVWA8_GLVWB8_GRVW8_K1_SU32_SUS256_TT4_4,NO_CHECK,401.885,2671.76,,1,1,32,1,1,1,1,17301504,524288,,,,,,,,,,2026-04-18 21:40:30.
0,28/44,23/35,Contraction_l_Alik_Bljk_Cijk_Dijk,"(128,1024,1,4096)",Cijk_Alik_Bljk_I8II_BH_GB_MT64x64x32_SN_GLVWA8_GLVWB8_GRVW16_K1_SU32_SUS256_TT4_4,NO_CHECK,235.803,4553.55,,1,1,32,1,1,1,1,17301504,524288,,,,,,,,,,2026-04-18 21:40:30.
0,28/44,24/35,Contraction_l_Alik_Bljk_Cijk_Dijk,"(128,1024,1,4096)",Cijk_Alik_Bljk_I8II_BH_GB_MT128x64x32_SN_GLVWA4_GLVWB4_GRVW4_K1_SU0_SUS0_TT8_4,NO_CHECK,351.364,3055.92,,0.5,0.5,32,1,1,0.5,1,13107200,524288,,,,,,,,,,2026-04-18 21:40:30.
0,28/44,25/35,Contraction_l_Alik_Bljk_Cijk_Dijk,"(128,1024,1,4096)",Cijk_Alik_Bljk_I8II_BH_GB_MT128x64x32_SN_GLVWA8_GLVWB8_GRVW8_K1_SU0_SUS0_TT8_4,NO_CHECK,349.284,3074.12,,0.5,0.5,32,1,1,0.5,1,13107200,524288,,,,,,,,,,2026-04-18 21:40:30.
0,28/44,26/35,Contraction_l_Alik_Bljk_Cijk_Dijk,"(128,1024,1,4096)",Cijk_Alik_Bljk_I8II_BH_GB_MT128x64x32_SN_GLVWA16_GLVWB8_GRVW16_K1_SU0_SUS0_TT8_4,NO_CHECK,346.643,3097.54,,0.5,0.5,32,1,1,0.5,1,13107200,524288,,,,,,,,,,2026-04-18 21:40:30.
0,28/44,27/35,Contraction_l_Alik_Bljk_Cijk_Dijk,"(128,1024,1,4096)",Cijk_Alik_Bljk_I8II_BH_GB_MT128x64x32_SN_GLVWA4_GLVWB4_GRVW4_K1_SU32_SUS256_TT8_4,NO_CHECK,350.124,3066.75,,0.5,0.5,32,1,1,0.5,1,13107200,524288,,,,,,,,,,2026-04-18 21:40:30.
0,28/44,28/35,Contraction_l_Alik_Bljk_Cijk_Dijk,"(128,1024,1,4096)",Cijk_Alik_Bljk_I8II_BH_GB_MT128x64x32_SN_GLVWA8_GLVWB8_GRVW8_K1_SU32_SUS256_TT8_4,NO_CHECK,347.684,3088.27,,0.5,0.5,32,1,1,0.5,1,13107200,524288,,,,,,,,,,2026-04-18 21:40:30.
0,28/44,29/35,Contraction_l_Alik_Bljk_Cijk_Dijk,"(128,1024,1,4096)",Cijk_Alik_Bljk_I8II_BH_GB_MT128x64x32_SN_GLVWA16_GLVWB8_GRVW16_K1_SU32_SUS256_TT8_4,NO_CHECK,346.084,3102.55,,0.5,0.5,32,1,1,0.5,1,13107200,524288,,,,,,,,,,2026-04-18 21:40:30.
0,28/44,30/35,Contraction_l_Alik_Bljk_Cijk_Dijk,"(128,1024,1,4096)",Cijk_Alik_Bljk_I8II_BH_GB_MT64x128x32_SN_GLVWA4_GLVWB4_GRVW4_K1_SU0_SUS0_TT4_8,NO_CHECK,350.484,3063.6,,0.5,0.5,32,1,1,0.5,1,13107200,524288,,,,,,,,,,2026-04-18 21:40:30.
0,28/44,31/35,Contraction_l_Alik_Bljk_Cijk_Dijk,"(128,1024,1,4096)",Cijk_Alik_Bljk_I8II_BH_GB_MT64x128x32_SN_GLVWA8_GLVWB8_GRVW8_K1_SU0_SUS0_TT4_8,NO_CHECK,347.804,3087.2,,0.5,0.5,32,1,1,0.5,1,13107200,524288,,,,,,,,,,2026-04-18 21:40:30.
0,28/44,32/35,Contraction_l_Alik_Bljk_Cijk_Dijk,"(128,1024,1,4096)",Cijk_Alik_Bljk_I8II_BH_GB_MT64x128x32_SN_GLVWA8_GLVWB16_GRVW16_K1_SU0_SUS0_TT4_8,NO_CHECK,347.044,3093.96,,0.5,0.5,32,1,1,0.5,1,13107200,524288,,,,,,,,,,2026-04-18 21:40:30.
0,28/44,33/35,Contraction_l_Alik_Bljk_Cijk_Dijk,"(128,1024,1,4096)",Cijk_Alik_Bljk_I8II_BH_GB_MT64x128x32_SN_GLVWA4_GLVWB4_GRVW4_K1_SU32_SUS256_TT4_8,NO_CHECK,347.924,3086.14,,0.5,0.5,32,1,1,0.5,1,13107200,524288,,,,,,,,,,2026-04-18 21:40:30.
0,28/44,34/35,Contraction_l_Alik_Bljk_Cijk_Dijk,"(128,1024,1,4096)",Cijk_Alik_Bljk_I8II_BH_GB_MT64x128x32_SN_GLVWA8_GLVWB8_GRVW8_K1_SU32_SUS256_TT4_8,NO_CHECK,346.404,3099.68,,0.5,0.5,32,1,1,0.5,1,13107200,524288,,,,,,,,,,2026-04-18 21:40:30.
0,28/44,35/35,Contraction_l_Alik_Bljk_Cijk_Dijk,"(128,1024,1,4096)",Cijk_Alik_Bljk_I8II_BH_GB_MT64x128x32_SN_GLVWA8_GLVWB16_GRVW16_K1_SU32_SUS256_TT4_8,NO_CHECK,345.804,3105.06,,0.5,0.5,32,1,1,0.5,1,13107200,524288,,,,,,,,,,2026-04-18 21:40:30.
0,29/44,0/35,Contraction_l_Alik_Bljk_Cijk_Dijk,"(128,1024,1,8192)",Cijk_Alik_Bljk_I8II_BH_GB_MT64x64x16_SN_GLVWA4_GLVWB4_GRVW4_K1_SU0_SUS0_TT4_4,NO_CHECK,438.005,4902.87,,1,1,32,1,1,1,1,34078720,524288,,,,,,,,,,2026-04-18 21:40:30.
0,29/44,1/35,Contraction_l_Alik_Bljk_Cijk_Dijk,"(128,1024,1,8192)",Cijk_Alik_Bljk_I8II_BH_GB_MT64x64x16_SN_GLVWA4_GLVWB4_GRVW8_K1_SU0_SUS0_TT4_4,NO_CHECK,438.165,4901.08,,1,1,32,1,1,1,1,34078720,524288,,,,,,,,,,2026-04-18 21:40:30.
0,29/44,2/35,Contraction_l_Alik_Bljk_Cijk_Dijk,"(128,1024,1,8192)",Cijk_Alik_Bljk_I8II_BH_GB_MT64x64x16_SN_GLVWA4_GLVWB4_GRVW16_K1_SU0_SUS0_TT4_4,NO_CHECK,438.885,4893.04,,1,1,32,1,1,1,1,34078720,524288,,,,,,,,,,2026-04-18 21:40:30.
0,29/44,3/35,Contraction_l_Alik_Bljk_Cijk_Dijk,"(128,1024,1,8192)",Cijk_Alik_Bljk_I8II_BH_GB_MT64x64x16_SN_GLVWA4_GLVWB4_GRVW4_K1_SU32_SUS256_TT4_4,NO_CHECK,438.885,4893.04,,1,1,32,1,1,1,1,34078720,524288,,,,,,,,,,2026-04-18 21:40:30.
0,29/44,4/35,Contraction_l_Alik_Bljk_Cijk_Dijk,"(128,1024,1,8192)",Cijk_Alik_Bljk_I8II_BH_GB_MT64x64x16_SN_GLVWA4_GLVWB4_GRVW8_K1_SU32_SUS256_TT4_4,NO_CHECK,611.647,3510.99,,1,1,32,1,1,1,1,34078720,524288,,,,,,,,,,2026-04-18 21:40:30.
0,29/44,5/35,Contraction_l_Alik_Bljk_Cijk_Dijk,"(128,1024,1,8192)",Cijk_Alik_Bljk_I8II_BH_GB_MT64x64x16_SN_GLVWA4_GLVWB4_GRVW16_K1_SU32_SUS256_TT4_4,NO_CHECK,445.205,4823.58,,1,1,32,1,1,1,1,34078720,524288,,,,,,,,,,2026-04-18 21:40:30.
0,29/44,6/35,Contraction_l_Alik_Bljk_Cijk_Dijk,"(128,1024,1,8192)",Cijk_Alik_Bljk_I8II_BH_GB_MT128x64x16_SN_GLVWA4_GLVWB4_GRVW4_K1_SU0_SUS0_TT8_4,NO_CHECK,647.688,3315.61,,0.5,0.5,32,1,1,0.5,1,25690112,524288,,,,,,,,,,2026-04-18 21:40:30.
0,29/44,7/35,Contraction_l_Alik_Bljk_Cijk_Dijk,"(128,1024,1,8192)",Cijk_Alik_Bljk_I8II_BH_GB_MT128x64x16_SN_GLVWA8_GLVWB4_GRVW8_K1_SU0_SUS0_TT8_4,NO_CHECK,645.047,3329.19,,0.5,0.5,32,1,1,0.5,1,25690112,524288,,,,,,,,,,2026-04-18 21:40:30.
0,29/44,8/35,Contraction_l_Alik_Bljk_Cijk_Dijk,"(128,1024,1,8192)",Cijk_Alik_Bljk_I8II_BH_GB_MT128x64x16_SN_GLVWA8_GLVWB4_GRVW16_K1_SU0_SUS0_TT8_4,NO_CHECK,644.487,3332.08,,0.5,0.5,32,1,1,0.5,1,25690112,524288,,,,,,,,,,2026-04-18 21:40:30.
0,29/44,9/35,Contraction_l_Alik_Bljk_Cijk_Dijk,"(128,1024,1,8192)",Cijk_Alik_Bljk_I8II_BH_GB_MT128x64x16_SN_GLVWA4_GLVWB4_GRVW4_K1_SU32_SUS256_TT8_4,NO_CHECK,647.407,3317.05,,0.5,0.5,32,1,1,0.5,1,25690112,524288,,,,,,,,,,2026-04-18 21:40:30.
0,29/44,10/35,Contraction_l_Alik_Bljk_Cijk_Dijk,"(128,1024,1,8192)",Cijk_Alik_Bljk_I8II_BH_GB_MT128x64x16_SN_GLVWA8_GLVWB4_GRVW8_K1_SU32_SUS256_TT8_4,NO_CHECK,646.368,3322.39,,0.5,0.5,32,1,1,0.5,1,25690112,524288,,,,,,,,,,2026-04-18 21:40:30.
0,29/44,11/35,Contraction_l_Alik_Bljk_Cijk_Dijk,"(128,1024,1,8192)",Cijk_Alik_Bljk_I8II_BH_GB_MT128x64x16_SN_GLVWA8_GLVWB4_GRVW16_K1_SU32_SUS256_TT8_4,NO_CHECK,649.287,3307.45,,0.5,0.5,32,1,1,0.5,1,25690112,524288,,,,,,,,,,2026-04-18 21:40:30.
0,29/44,12/35,Contraction_l_Alik_Bljk_Cijk_Dijk,"(128,1024,1,8192)",Cijk_Alik_Bljk_I8II_BH_GB_MT64x128x16_SN_GLVWA4_GLVWB4_GRVW4_K1_SU0_SUS0_TT4_8,NO_CHECK,650.607,3300.74,,0.5,0.5,32,1,1,0.5,1,25690112,524288,,,,,,,,,,2026-04-18 21:40:30.
0,29/44,13/35,Contraction_l_Alik_Bljk_Cijk_Dijk,"(128,1024,1,8192)",Cijk_Alik_Bljk_I8II_BH_GB_MT64x128x16_SN_GLVWA4_GLVWB8_GRVW8_K1_SU0_SUS0_TT4_8,NO_CHECK,649.528,3306.22,,0.5,0.5,32,1,1,0.5,1,25690112,524288,,,,,,,,,,2026-04-18 21:40:30.
0,29/44,14/35,Contraction_l_Alik_Bljk_Cijk_Dijk,"(128,1024,1,8192)",Cijk_Alik_Bljk_I8II_BH_GB_MT64x128x16_SN_GLVWA4_GLVWB8_GRVW16_K1_SU0_SUS0_TT4_8,NO_CHECK,819.49,2620.51,,0.5,0.5,32,1,1,0.5,1,25690112,524288,,,,,,,,,,2026-04-18 21:40:30.
0,29/44,15/35,Contraction_l_Alik_Bljk_Cijk_Dijk,"(128,1024,1,8192)",Cijk_Alik_Bljk_I8II_BH_GB_MT64x128x16_SN_GLVWA4_GLVWB4_GRVW4_K1_SU32_SUS256_TT4_8,NO_CHECK,659.687,3255.31,,0.5,0.5,32,1,1,0.5,1,25690112,524288,,,,,,,,,,2026-04-18 21:40:30.
0,29/44,16/35,Contraction_l_Alik_Bljk_Cijk_Dijk,"(128,1024,1,8192)",Cijk_Alik_Bljk_I8II_BH_GB_MT64x128x16_SN_GLVWA4_GLVWB8_GRVW8_K1_SU32_SUS256_TT4_8,NO_CHECK,648.887,3309.49,,0.5,0.5,32,1,1,0.5,1,25690112,524288,,,,,,,,,,2026-04-18 21:40:30.
0,29/44,17/35,Contraction_l_Alik_Bljk_Cijk_Dijk,"(128,1024,1,8192)",Cijk_Alik_Bljk_I8II_BH_GB_MT64x128x16_SN_GLVWA4_GLVWB8_GRVW16_K1_SU32_SUS256_TT4_8,NO_CHECK,647.568,3316.23,,0.5,0.5,32,1,1,0.5,1,25690112,524288,,,,,,,,,,2026-04-18 21:40:30.
0,29/44,18/35,Contraction_l_Alik_Bljk_Cijk_Dijk,"(128,1024,1,8192)",Cijk_Alik_Bljk_I8II_BH_GB_MT64x64x32_SN_GLVWA4_GLVWB4_GRVW4_K1_SU0_SUS0_TT4_4,NO_CHECK,441.285,4866.43,,1,1,32,1,1,1,1,34078720,524288,,,,,,,,,,2026-04-18 21:40:30.
0,29/44,19/35,Contraction_l_Alik_Bljk_Cijk_Dijk,"(128,1024,1,8192)",Cijk_Alik_Bljk_I8II_BH_GB_MT64x64x32_SN_GLVWA8_GLVWB8_GRVW8_K1_SU0_SUS0_TT4_4,NO_CHECK,439.045,4891.26,,1,1,32,1,1,1,1,34078720,524288,,,,,,,,,,2026-04-18 21:40:30.
0,29/44,20/35,Contraction_l_Alik_Bljk_Cijk_Dijk,"(128,1024,1,8192)",Cijk_Alik_Bljk_I8II_BH_GB_MT64x64x32_SN_GLVWA8_GLVWB8_GRVW16_K1_SU0_SUS0_TT4_4,NO_CHECK,436.365,4921.3,,1,1,32,1,1,1,1,34078720,524288,,,,,,,,,,2026-04-18 21:40:30.
0,29/44,21/35,Contraction_l_Alik_Bljk_Cijk_Dijk,"(128,1024,1,8192)",Cijk_Alik_Bljk_I8II_BH_GB_MT64x64x32_SN_GLVWA4_GLVWB4_GRVW4_K1_SU32_SUS256_TT4_4,NO_CHECK,441.845,4860.26,,1,1,32,1,1,1,1,34078720,524288,,,,,,,,,,2026-04-18 21:40:30.
0,29/44,22/35,Contraction_l_Alik_Bljk_Cijk_Dijk,"(128,1024,1,8192)",Cijk_Alik_Bljk_I8II_BH_GB_MT64x64x32_SN_GLVWA8_GLVWB8_GRVW8_K1_SU32_SUS256_TT4_4,NO_CHECK,438.965,4892.15,,1,1,32,1,1,1,1,34078720,524288,,,,,,,,,,2026-04-18 21:40:30.
0,29/44,23/35,Contraction_l_Alik_Bljk_Cijk_Dijk,"(128,1024,1,8192)",Cijk_Alik_Bljk_I8II_BH_GB_MT64x64x32_SN_GLVWA8_GLVWB8_GRVW16_K1_SU32_SUS256_TT4_4,NO_CHECK,437.965,4903.32,,1,1,32,1,1,1,1,34078720,524288,,,,,,,,,,2026-04-18 21:40:30.
0,29/44,24/35,Contraction_l_Alik_Bljk_Cijk_Dijk,"(128,1024,1,8192)",Cijk_Alik_Bljk_I8II_BH_GB_MT128x64x32_SN_GLVWA4_GLVWB4_GRVW4_K1_SU0_SUS0_TT8_4,NO_CHECK,658.487,3261.24,,0.5,0.5,32,1,1,0.5,1,25690112,524288,,,,,,,,,,2026-04-18 21:40:30.
0,29/44,25/35,Contraction_l_Alik_Bljk_Cijk_Dijk,"(128,1024,1,8192)",Cijk_Alik_Bljk_I8II_BH_GB_MT128x64x32_SN_GLVWA8_GLVWB8_GRVW8_K1_SU0_SUS0_TT8_4,NO_CHECK,652.688,3290.21,,0.5,0.5,32,1,1,0.5,1,25690112,524288,,,,,,,,,,2026-04-18 21:40:30.
0,29/44,26/35,Contraction_l_Alik_Bljk_Cijk_Dijk,"(128,1024,1,8192)",Cijk_Alik_Bljk_I8II_BH_GB_MT128x64x32_SN_GLVWA16_GLVWB8_GRVW16_K1_SU0_SUS0_TT8_4,NO_CHECK,846.529,2536.81,,0.5,0.5,32,1,1,0.5,1,25690112,524288,,,,,,,,,,2026-04-18 21:40:30.
0,29/44,27/35,Contraction_l_Alik_Bljk_Cijk_Dijk,"(128,1024,1,8192)",Cijk_Alik_Bljk_I8II_BH_GB_MT128x64x32_SN_GLVWA4_GLVWB4_GRVW4_K1_SU32_SUS256_TT8_4,NO_CHECK,669.888,3205.74,,0.5,0.5,32,1,1,0.5,1,25690112,524288,,,,,,,,,,2026-04-18 21:40:30.
0,29/44,28/35,Contraction_l_Alik_Bljk_Cijk_Dijk,"(128,1024,1,8192)",Cijk_Alik_Bljk_I8II_BH_GB_MT128x64x32_SN_GLVWA8_GLVWB8_GRVW8_K1_SU32_SUS256_TT8_4,NO_CHECK,668.727,3211.3,,0.5,0.5,32,1,1,0.5,1,25690112,524288,,,,,,,,,,2026-04-18 21:40:30.
0,29/44,29/35,Contraction_l_Alik_Bljk_Cijk_Dijk,"(128,1024,1,8192)",Cijk_Alik_Bljk_I8II_BH_GB_MT128x64x32_SN_GLVWA16_GLVWB8_GRVW16_K1_SU32_SUS256_TT8_4,NO_CHECK,662.967,3239.2,,0.5,0.5,32,1,1,0.5,1,25690112,524288,,,,,,,,,,2026-04-18 21:40:30.
0,29/44,30/35,Contraction_l_Alik_Bljk_Cijk_Dijk,"(128,1024,1,8192)",Cijk_Alik_Bljk_I8II_BH_GB_MT64x128x32_SN_GLVWA4_GLVWB4_GRVW4_K1_SU0_SUS0_TT4_8,NO_CHECK,667.128,3219,,0.5,0.5,32,1,1,0.5,1,25690112,524288,,,,,,,,,,2026-04-18 21:40:30.
0,29/44,31/35,Contraction_l_Alik_Bljk_Cijk_Dijk,"(128,1024,1,8192)",Cijk_Alik_Bljk_I8II_BH_GB_MT64x128x32_SN_GLVWA8_GLVWB8_GRVW8_K1_SU0_SUS0_TT4_8,NO_CHECK,660.487,3251.36,,0.5,0.5,32,1,1,0.5,1,25690112,524288,,,,,,,,,,2026-04-18 21:40:30.
0,29/44,32/35,Contraction_l_Alik_Bljk_Cijk_Dijk,"(128,1024,1,8192)",Cijk_Alik_Bljk_I8II_BH_GB_MT64x128x32_SN_GLVWA8_GLVWB16_GRVW16_K1_SU0_SUS0_TT4_8,NO_CHECK,657.687,3265.21,,0.5,0.5,32,1,1,0.5,1,25690112,524288,,,,,,,,,,2026-04-18 21:40:30.
0,29/44,33/35,Contraction_l_Alik_Bljk_Cijk_Dijk,"(128,1024,1,8192)",Cijk_Alik_Bljk_I8II_BH_GB_MT64x128x32_SN_GLVWA4_GLVWB4_GRVW4_K1_SU32_SUS256_TT4_8,NO_CHECK,662.568,3241.15,,0.5,0.5,32,1,1,0.5,1,25690112,524288,,,,,,,,,,2026-04-18 21:40:30.
0,29/44,34/35,Contraction_l_Alik_Bljk_Cijk_Dijk,"(128,1024,1,8192)",Cijk_Alik_Bljk_I8II_BH_GB_MT64x128x32_SN_GLVWA8_GLVWB8_GRVW8_K1_SU32_SUS256_TT4_8,NO_CHECK,657.367,3266.8,,0.5,0.5,32,1,1,0.5,1,25690112,524288,,,,,,,,,,2026-04-18 21:40:30.
0,29/44,35/35,Contraction_l_Alik_Bljk_Cijk_Dijk,"(128,1024,1,8192)",Cijk_Alik_Bljk_I8II_BH_GB_MT64x128x32_SN_GLVWA8_GLVWB16_GRVW16_K1_SU32_SUS256_TT4_8,NO_CHECK,656.088,3273.16,,0.5,0.5,32,1,1,0.5,1,25690112,524288,,,,,,,,,,2026-04-18 21:40:30.
0,30/44,0/35,Contraction_l_Alik_Bljk_Cijk_Dijk,"(128,4096,1,1024)",Cijk_Alik_Bljk_I8II_BH_GB_MT64x64x16_SN_GLVWA4_GLVWB4_GRVW4_K1_SU0_SUS0_TT4_4,NO_CHECK,400.805,2678.96,,1,4,32,1,1,1,1,18874368,2097152,,,,,,,,,,2026-04-18 21:40:30.
0,30/44,1/35,Contraction_l_Alik_Bljk_Cijk_Dijk,"(128,4096,1,1024)",Cijk_Alik_Bljk_I8II_BH_GB_MT64x64x16_SN_GLVWA4_GLVWB4_GRVW8_K1_SU0_SUS0_TT4_4,NO_CHECK,204.642,5246.93,,1,4,32,1,1,1,1,18874368,2097152,,,,,,,,,,2026-04-18 21:40:30.
0,30/44,2/35,Contraction_l_Alik_Bljk_Cijk_Dijk,"(128,4096,1,1024)",Cijk_Alik_Bljk_I8II_BH_GB_MT64x64x16_SN_GLVWA4_GLVWB4_GRVW16_K1_SU0_SUS0_TT4_4,NO_CHECK,195.722,5486.06,,1,4,32,1,1,1,1,18874368,2097152,,,,,,,,,,2026-04-18 21:40:30.
0,30/44,3/35,Contraction_l_Alik_Bljk_Cijk_Dijk,"(128,4096,1,1024)",Cijk_Alik_Bljk_I8II_BH_GB_MT64x64x16_SN_GLVWA4_GLVWB4_GRVW4_K1_SU32_SUS256_TT4_4,NO_CHECK,233.083,4606.69,,1,4,32,1,1,1,1,18874368,2097152,,,,,,,,,,2026-04-18 21:40:30.
0,30/44,4/35,Contraction_l_Alik_Bljk_Cijk_Dijk,"(128,4096,1,1024)",Cijk_Alik_Bljk_I8II_BH_GB_MT64x64x16_SN_GLVWA4_GLVWB4_GRVW8_K1_SU32_SUS256_TT4_4,NO_CHECK,225.042,4771.3,,1,4,32,1,1,1,1,18874368,2097152,,,,,,,,,,2026-04-18 21:40:30.
0,30/44,5/35,Contraction_l_Alik_Bljk_Cijk_Dijk,"(128,4096,1,1024)",Cijk_Alik_Bljk_I8II_BH_GB_MT64x64x16_SN_GLVWA4_GLVWB4_GRVW16_K1_SU32_SUS256_TT4_4,NO_CHECK,233.843,4591.72,,1,4,32,1,1,1,1,18874368,2097152,,,,,,,,,,2026-04-18 21:40:30.
0,30/44,6/35,Contraction_l_Alik_Bljk_Cijk_Dijk,"(128,4096,1,1024)",Cijk_Alik_Bljk_I8II_BH_GB_MT128x64x16_SN_GLVWA4_GLVWB4_GRVW4_K1_SU0_SUS0_TT8_4,NO_CHECK,169.081,6350.46,,1,2,32,1,1,1,1,14680064,2097152,,,,,,,,,,2026-04-18 21:40:30.
0,30/44,7/35,Contraction_l_Alik_Bljk_Cijk_Dijk,"(128,4096,1,1024)",Cijk_Alik_Bljk_I8II_BH_GB_MT128x64x16_SN_GLVWA8_GLVWB4_GRVW8_K1_SU0_SUS0_TT8_4,NO_CHECK,168.802,6360.95,,1,2,32,1,1,1,1,14680064,2097152,,,,,,,,,,2026-04-18 21:40:30.
0,30/44,8/35,Contraction_l_Alik_Bljk_Cijk_Dijk,"(128,4096,1,1024)",Cijk_Alik_Bljk_I8II_BH_GB_MT128x64x16_SN_GLVWA8_GLVWB4_GRVW16_K1_SU0_SUS0_TT8_4,NO_CHECK,176.962,6067.64,,1,2,32,1,1,1,1,14680064,2097152,,,,,,,,,,2026-04-18 21:40:30.
0,30/44,9/35,Contraction_l_Alik_Bljk_Cijk_Dijk,"(128,4096,1,1024)",Cijk_Alik_Bljk_I8II_BH_GB_MT128x64x16_SN_GLVWA4_GLVWB4_GRVW4_K1_SU32_SUS256_TT8_4,NO_CHECK,169.722,6326.47,,1,2,32,1,1,1,1,14680064,2097152,,,,,,,,,,2026-04-18 21:40:30.
0,30/44,10/35,Contraction_l_Alik_Bljk_Cijk_Dijk,"(128,4096,1,1024)",Cijk_Alik_Bljk_I8II_BH_GB_MT128x64x16_SN_GLVWA8_GLVWB4_GRVW8_K1_SU32_SUS256_TT8_4,NO_CHECK,166.602,6444.95,,1,2,32,1,1,1,1,14680064,2097152,,,,,,,,,,2026-04-18 21:40:30.
0,30/44,11/35,Contraction_l_Alik_Bljk_Cijk_Dijk,"(128,4096,1,1024)",Cijk_Alik_Bljk_I8II_BH_GB_MT128x64x16_SN_GLVWA8_GLVWB4_GRVW16_K1_SU32_SUS256_TT8_4,NO_CHECK,166.521,6448.09,,1,2,32,1,1,1,1,14680064,2097152,,,,,,,,,,2026-04-18 21:40:30.
0,30/44,12/35,Contraction_l_Alik_Bljk_Cijk_Dijk,"(128,4096,1,1024)",Cijk_Alik_Bljk_I8II_BH_GB_MT64x128x16_SN_GLVWA4_GLVWB4_GRVW4_K1_SU0_SUS0_TT4_8,NO_CHECK,194.923,5508.54,,1,2,32,1,1,1,1,14680064,2097152,,,,,,,,,,2026-04-18 21:40:30.
0,30/44,13/35,Contraction_l_Alik_Bljk_Cijk_Dijk,"(128,4096,1,1024)",Cijk_Alik_Bljk_I8II_BH_GB_MT64x128x16_SN_GLVWA4_GLVWB8_GRVW8_K1_SU0_SUS0_TT4_8,NO_CHECK,165.082,6504.29,,1,2,32,1,1,1,1,14680064,2097152,,,,,,,,,,2026-04-18 21:40:30.
0,30/44,14/35,Contraction_l_Alik_Bljk_Cijk_Dijk,"(128,4096,1,1024)",Cijk_Alik_Bljk_I8II_BH_GB_MT64x128x16_SN_GLVWA4_GLVWB8_GRVW16_K1_SU0_SUS0_TT4_8,NO_CHECK,165.402,6491.71,,1,2,32,1,1,1,1,14680064,2097152,,,,,,,,,,2026-04-18 21:40:30.
0,30/44,15/35,Contraction_l_Alik_Bljk_Cijk_Dijk,"(128,4096,1,1024)",Cijk_Alik_Bljk_I8II_BH_GB_MT64x128x16_SN_GLVWA4_GLVWB4_GRVW4_K1_SU32_SUS256_TT4_8,NO_CHECK,167.122,6424.9,,1,2,32,1,1,1,1,14680064,2097152,,,,,,,,,,2026-04-18 21:40:30.
0,30/44,16/35,Contraction_l_Alik_Bljk_Cijk_Dijk,"(128,4096,1,1024)",Cijk_Alik_Bljk_I8II_BH_GB_MT64x128x16_SN_GLVWA4_GLVWB8_GRVW8_K1_SU32_SUS256_TT4_8,NO_CHECK,166.722,6440.31,,1,2,32,1,1,1,1,14680064,2097152,,,,,,,,,,2026-04-18 21:40:30.
0,30/44,17/35,Contraction_l_Alik_Bljk_Cijk_Dijk,"(128,4096,1,1024)",Cijk_Alik_Bljk_I8II_BH_GB_MT64x128x16_SN_GLVWA4_GLVWB8_GRVW16_K1_SU32_SUS256_TT4_8,NO_CHECK,167.042,6427.98,,1,2,32,1,1,1,1,14680064,2097152,,,,,,,,,,2026-04-18 21:40:30.
0,30/44,18/35,Contraction_l_Alik_Bljk_Cijk_Dijk,"(128,4096,1,1024)",Cijk_Alik_Bljk_I8II_BH_GB_MT64x64x32_SN_GLVWA4_GLVWB4_GRVW4_K1_SU0_SUS0_TT4_4,NO_CHECK,196.162,5473.75,,1,4,32,1,1,1,1,18874368,2097152,,,,,,,,,,2026-04-18 21:40:30.
0,30/44,19/35,Contraction_l_Alik_Bljk_Cijk_Dijk,"(128,4096,1,1024)",Cijk_Alik_Bljk_I8II_BH_GB_MT64x64x32_SN_GLVWA8_GLVWB8_GRVW8_K1_SU0_SUS0_TT4_4,NO_CHECK,196.962,5451.52,,1,4,32,1,1,1,1,18874368,2097152,,,,,,,,,,2026-04-18 21:40:30.
0,30/44,20/35,Contraction_l_Alik_Bljk_Cijk_Dijk,"(128,4096,1,1024)",Cijk_Alik_Bljk_I8II_BH_GB_MT64x64x32_SN_GLVWA8_GLVWB8_GRVW16_K1_SU0_SUS0_TT4_4,NO_CHECK,197.322,5441.57,,1,4,32,1,1,1,1,18874368,2097152,,,,,,,,,,2026-04-18 21:40:30.
0,30/44,21/35,Contraction_l_Alik_Bljk_Cijk_Dijk,"(128,4096,1,1024)",Cijk_Alik_Bljk_I8II_BH_GB_MT64x64x32_SN_GLVWA4_GLVWB4_GRVW4_K1_SU32_SUS256_TT4_4,NO_CHECK,197.722,5430.56,,1,4,32,1,1,1,1,18874368,2097152,,,,,,,,,,2026-04-18 21:40:30.
0,30/44,22/35,Contraction_l_Alik_Bljk_Cijk_Dijk,"(128,4096,1,1024)",Cijk_Alik_Bljk_I8II_BH_GB_MT64x64x32_SN_GLVWA8_GLVWB8_GRVW8_K1_SU32_SUS256_TT4_4,NO_CHECK,234.122,4586.25,,1,4,32,1,1,1,1,18874368,2097152,,,,,,,,,,2026-04-18 21:40:30.
0,30/44,23/35,Contraction_l_Alik_Bljk_Cijk_Dijk,"(128,4096,1,1024)",Cijk_Alik_Bljk_I8II_BH_GB_MT64x64x32_SN_GLVWA8_GLVWB8_GRVW16_K1_SU32_SUS256_TT4_4,NO_CHECK,448.445,2394.37,,1,4,32,1,1,1,1,18874368,2097152,,,,,,,,,,2026-04-18 21:40:30.
0,30/44,24/35,Contraction_l_Alik_Bljk_Cijk_Dijk,"(128,4096,1,1024)",Cijk_Alik_Bljk_I8II_BH_GB_MT128x64x32_SN_GLVWA4_GLVWB4_GRVW4_K1_SU0_SUS0_TT8_4,NO_CHECK,184.882,5807.71,,1,2,32,1,1,1,1,14680064,2097152,,,,,,,,,,2026-04-18 21:40:30.
0,30/44,25/35,Contraction_l_Alik_Bljk_Cijk_Dijk,"(128,4096,1,1024)",Cijk_Alik_Bljk_I8II_BH_GB_MT128x64x32_SN_GLVWA8_GLVWB8_GRVW8_K1_SU0_SUS0_TT8_4,NO_CHECK,172.881,6210.87,,1,2,32,1,1,1,1,14680064,2097152,,,,,,,,,,2026-04-18 21:40:30.
0,30/44,26/35,Contraction_l_Alik_Bljk_Cijk_Dijk,"(128,4096,1,1024)",Cijk_Alik_Bljk_I8II_BH_GB_MT128x64x32_SN_GLVWA16_GLVWB8_GRVW16_K1_SU0_SUS0_TT8_4,NO_CHECK,172.442,6226.68,,1,2,32,1,1,1,1,14680064,2097152,,,,,,,,,,2026-04-18 21:40:30.
0,30/44,27/35,Contraction_l_Alik_Bljk_Cijk_Dijk,"(128,4096,1,1024)",Cijk_Alik_Bljk_I8II_BH_GB_MT128x64x32_SN_GLVWA4_GLVWB4_GRVW4_K1_SU32_SUS256_TT8_4,NO_CHECK,174.682,6146.84,,1,2,32,1,1,1,1,14680064,2097152,,,,,,,,,,2026-04-18 21:40:30.
0,30/44,28/35,Contraction_l_Alik_Bljk_Cijk_Dijk,"(128,4096,1,1024)",Cijk_Alik_Bljk_I8II_BH_GB_MT128x64x32_SN_GLVWA8_GLVWB8_GRVW8_K1_SU32_SUS256_TT8_4,NO_CHECK,173.242,6197.93,,1,2,32,1,1,1,1,14680064,2097152,,,,,,,,,,2026-04-18 21:40:30.
0,30/44,29/35,Contraction_l_Alik_Bljk_Cijk_Dijk,"(128,4096,1,1024)",Cijk_Alik_Bljk_I8II_BH_GB_MT128x64x32_SN_GLVWA16_GLVWB8_GRVW16_K1_SU32_SUS256_TT8_4,NO_CHECK,173.522,6187.93,,1,2,32,1,1,1,1,14680064,2097152,,,,,,,,,,2026-04-18 21:40:30.
0,30/44,30/35,Contraction_l_Alik_Bljk_Cijk_Dijk,"(128,4096,1,1024)",Cijk_Alik_Bljk_I8II_BH_GB_MT64x128x32_SN_GLVWA4_GLVWB4_GRVW4_K1_SU0_SUS0_TT4_8,NO_CHECK,173.562,6186.5,,1,2,32,1,1,1,1,14680064,2097152,,,,,,,,,,2026-04-18 21:40:30.
0,30/44,31/35,Contraction_l_Alik_Bljk_Cijk_Dijk,"(128,4096,1,1024)",Cijk_Alik_Bljk_I8II_BH_GB_MT64x128x32_SN_GLVWA8_GLVWB8_GRVW8_K1_SU0_SUS0_TT4_8,NO_CHECK,172.762,6215.15,,1,2,32,1,1,1,1,14680064,2097152,,,,,,,,,,2026-04-18 21:40:30.
0,30/44,32/35,Contraction_l_Alik_Bljk_Cijk_Dijk,"(128,4096,1,1024)",Cijk_Alik_Bljk_I8II_BH_GB_MT64x128x32_SN_GLVWA8_GLVWB16_GRVW16_K1_SU0_SUS0_TT4_8,NO_CHECK,172.402,6228.13,,1,2,32,1,1,1,1,14680064,2097152,,,,,,,,,,2026-04-18 21:40:30.
0,30/44,33/35,Contraction_l_Alik_Bljk_Cijk_Dijk,"(128,4096,1,1024)",Cijk_Alik_Bljk_I8II_BH_GB_MT64x128x32_SN_GLVWA4_GLVWB4_GRVW4_K1_SU32_SUS256_TT4_8,NO_CHECK,175.322,6124.4,,1,2,32,1,1,1,1,14680064,2097152,,,,,,,,,,2026-04-18 21:40:30.
0,30/44,34/35,Contraction_l_Alik_Bljk_Cijk_Dijk,"(128,4096,1,1024)",Cijk_Alik_Bljk_I8II_BH_GB_MT64x128x32_SN_GLVWA8_GLVWB8_GRVW8_K1_SU32_SUS256_TT4_8,NO_CHECK,174.402,6156.71,,1,2,32,1,1,1,1,14680064,2097152,,,,,,,,,,2026-04-18 21:40:30.
0,30/44,35/35,Contraction_l_Alik_Bljk_Cijk_Dijk,"(128,4096,1,1024)",Cijk_Alik_Bljk_I8II_BH_GB_MT64x128x32_SN_GLVWA8_GLVWB16_GRVW16_K1_SU32_SUS256_TT4_8,NO_CHECK,181.882,5903.51,,1,2,32,1,1,1,1,14680064,2097152,,,,,,,,,,2026-04-18 21:40:30.
0,31/44,0/35,Contraction_l_Alik_Bljk_Cijk_Dijk,"(128,4096,1,4096)",Cijk_Alik_Bljk_I8II_BH_GB_MT64x64x16_SN_GLVWA4_GLVWB4_GRVW4_K1_SU0_SUS0_TT4_4,NO_CHECK,745.889,5758.19,,1,4,32,1,1,1,1,69206016,2097152,,,,,,,,,,2026-04-18 21:40:30.
0,31/44,1/35,Contraction_l_Alik_Bljk_Cijk_Dijk,"(128,4096,1,4096)",Cijk_Alik_Bljk_I8II_BH_GB_MT64x64x16_SN_GLVWA4_GLVWB4_GRVW8_K1_SU0_SUS0_TT4_4,NO_CHECK,744.408,5769.64,,1,4,32,1,1,1,1,69206016,2097152,,,,,,,,,,2026-04-18 21:40:30.
0,31/44,2/35,Contraction_l_Alik_Bljk_Cijk_Dijk,"(128,4096,1,4096)",Cijk_Alik_Bljk_I8II_BH_GB_MT64x64x16_SN_GLVWA4_GLVWB4_GRVW16_K1_SU0_SUS0_TT4_4,NO_CHECK,743.329,5778.02,,1,4,32,1,1,1,1,69206016,2097152,,,,,,,,,,2026-04-18 21:40:30.
0,31/44,3/35,Contraction_l_Alik_Bljk_Cijk_Dijk,"(128,4096,1,4096)",Cijk_Alik_Bljk_I8II_BH_GB_MT64x64x16_SN_GLVWA4_GLVWB4_GRVW4_K1_SU32_SUS256_TT4_4,NO_CHECK,914.811,4694.92,,1,4,32,1,1,1,1,69206016,2097152,,,,,,,,,,2026-04-18 21:40:30.
0,31/44,4/35,Contraction_l_Alik_Bljk_Cijk_Dijk,"(128,4096,1,4096)",Cijk_Alik_Bljk_I8II_BH_GB_MT64x64x16_SN_GLVWA4_GLVWB4_GRVW8_K1_SU32_SUS256_TT4_4,NO_CHECK,740.769,5797.98,,1,4,32,1,1,1,1,69206016,2097152,,,,,,,,,,2026-04-18 21:40:30.
0,31/44,5/35,Contraction_l_Alik_Bljk_Cijk_Dijk,"(128,4096,1,4096)",Cijk_Alik_Bljk_I8II_BH_GB_MT64x64x16_SN_GLVWA4_GLVWB4_GRVW16_K1_SU32_SUS256_TT4_4,NO_CHECK,740.009,5803.94,,1,4,32,1,1,1,1,69206016,2097152,,,,,,,,,,2026-04-18 21:40:30.
0,31/44,6/35,Contraction_l_Alik_Bljk_Cijk_Dijk,"(128,4096,1,4096)",Cijk_Alik_Bljk_I8II_BH_GB_MT128x64x16_SN_GLVWA4_GLVWB4_GRVW4_K1_SU0_SUS0_TT8_4,NO_CHECK,605.207,7096.69,,1,2,32,1,1,1,1,52428800,2097152,,,,,,,,,,2026-04-18 21:40:30.
0,31/44,7/35,Contraction_l_Alik_Bljk_Cijk_Dijk,"(128,4096,1,4096)",Cijk_Alik_Bljk_I8II_BH_GB_MT128x64x16_SN_GLVWA8_GLVWB4_GRVW8_K1_SU0_SUS0_TT8_4,NO_CHECK,603.847,7112.67,,1,2,32,1,1,1,1,52428800,2097152,,,,,,,,,,2026-04-18 21:40:30.
0,31/44,8/35,Contraction_l_Alik_Bljk_Cijk_Dijk,"(128,4096,1,4096)",Cijk_Alik_Bljk_I8II_BH_GB_MT128x64x16_SN_GLVWA8_GLVWB4_GRVW16_K1_SU0_SUS0_TT8_4,NO_CHECK,603.806,7113.16,,1,2,32,1,1,1,1,52428800,2097152,,,,,,,,,,2026-04-18 21:40:30.
0,31/44,9/35,Contraction_l_Alik_Bljk_Cijk_Dijk,"(128,4096,1,4096)",Cijk_Alik_Bljk_I8II_BH_GB_MT128x64x16_SN_GLVWA4_GLVWB4_GRVW4_K1_SU32_SUS256_TT8_4,NO_CHECK,605.647,7091.54,,1,2,32,1,1,1,1,52428800,2097152,,,,,,,,,,2026-04-18 21:40:30.
0,31/44,10/35,Contraction_l_Alik_Bljk_Cijk_Dijk,"(128,4096,1,4096)",Cijk_Alik_Bljk_I8II_BH_GB_MT128x64x16_SN_GLVWA8_GLVWB4_GRVW8_K1_SU32_SUS256_TT8_4,NO_CHECK,604.327,7107.03,,1,2,32,1,1,1,1,52428800,2097152,,,,,,,,,,2026-04-18 21:40:30.
0,31/44,11/35,Contraction_l_Alik_Bljk_Cijk_Dijk,"(128,4096,1,4096)",Cijk_Alik_Bljk_I8II_BH_GB_MT128x64x16_SN_GLVWA8_GLVWB4_GRVW16_K1_SU32_SUS256_TT8_4,NO_CHECK,604.127,7109.38,,1,2,32,1,1,1,1,52428800,2097152,,,,,,,,,,2026-04-18 21:40:30.
0,31/44,12/35,Contraction_l_Alik_Bljk_Cijk_Dijk,"(128,4096,1,4096)",Cijk_Alik_Bljk_I8II_BH_GB_MT64x128x16_SN_GLVWA4_GLVWB4_GRVW4_K1_SU0_SUS0_TT4_8,NO_CHECK,603.646,7115.04,,1,2,32,1,1,1,1,52428800,2097152,,,,,,,,,,2026-04-18 21:40:30.
0,31/44,13/35,Contraction_l_Alik_Bljk_Cijk_Dijk,"(128,4096,1,4096)",Cijk_Alik_Bljk_I8II_BH_GB_MT64x128x16_SN_GLVWA4_GLVWB8_GRVW8_K1_SU0_SUS0_TT4_8,NO_CHECK,606.647,7079.85,,1,2,32,1,1,1,1,52428800,2097152,,,,,,,,,,2026-04-18 21:40:30.
0,31/44,14/35,Contraction_l_Alik_Bljk_Cijk_Dijk,"(128,4096,1,4096)",Cijk_Alik_Bljk_I8II_BH_GB_MT64x128x16_SN_GLVWA4_GLVWB8_GRVW16_K1_SU0_SUS0_TT4_8,NO_CHECK,774.968,5542.12,,1,2,32,1,1,1,1,52428800,2097152,,,,,,,,,,2026-04-18 21:40:30.
0,31/44,15/35,Contraction_l_Alik_Bljk_Cijk_Dijk,"(128,4096,1,4096)",Cijk_Alik_Bljk_I8II_BH_GB_MT64x128x16_SN_GLVWA4_GLVWB4_GRVW4_K1_SU32_SUS256_TT4_8,NO_CHECK,616.166,6970.47,,1,2,32,1,1,1,1,52428800,2097152,,,,,,,,,,2026-04-18 21:40:30.
0,31/44,16/35,Contraction_l_Alik_Bljk_Cijk_Dijk,"(128,4096,1,4096)",Cijk_Alik_Bljk_I8II_BH_GB_MT64x128x16_SN_GLVWA4_GLVWB8_GRVW8_K1_SU32_SUS256_TT4_8,NO_CHECK,605.607,7092,,1,2,32,1,1,1,1,52428800,2097152,,,,,,,,,,2026-04-18 21:40:30.
0,31/44,17/35,Contraction_l_Alik_Bljk_Cijk_Dijk,"(128,4096,1,4096)",Cijk_Alik_Bljk_I8II_BH_GB_MT64x128x16_SN_GLVWA4_GLVWB8_GRVW16_K1_SU32_SUS256_TT4_8,NO_CHECK,603.367,7118.33,,1,2,32,1,1,1,1,52428800,2097152,,,,,,,,,,2026-04-18 21:40:30.
0,31/44,18/35,Contraction_l_Alik_Bljk_Cijk_Dijk,"(128,4096,1,4096)",Cijk_Alik_Bljk_I8II_BH_GB_MT64x64x32_SN_GLVWA4_GLVWB4_GRVW4_K1_SU0_SUS0_TT4_4,NO_CHECK,735.129,5842.47,,1,4,32,1,1,1,1,69206016,2097152,,,,,,,,,,2026-04-18 21:40:30.
0,31/44,19/35,Contraction_l_Alik_Bljk_Cijk_Dijk,"(128,4096,1,4096)",Cijk_Alik_Bljk_I8II_BH_GB_MT64x64x32_SN_GLVWA8_GLVWB8_GRVW8_K1_SU0_SUS0_TT4_4,NO_CHECK,733.488,5855.54,,1,4,32,1,1,1,1,69206016,2097152,,,,,,,,,,2026-04-18 21:40:30.
0,31/44,20/35,Contraction_l_Alik_Bljk_Cijk_Dijk,"(128,4096,1,4096)",Cijk_Alik_Bljk_I8II_BH_GB_MT64x64x32_SN_GLVWA8_GLVWB8_GRVW16_K1_SU0_SUS0_TT4_4,NO_CHECK,732.529,5863.2,,1,4,32,1,1,1,1,69206016,2097152,,,,,,,,,,2026-04-18 21:40:30.
0,31/44,21/35,Contraction_l_Alik_Bljk_Cijk_Dijk,"(128,4096,1,4096)",Cijk_Alik_Bljk_I8II_BH_GB_MT64x64x32_SN_GLVWA4_GLVWB4_GRVW4_K1_SU32_SUS256_TT4_4,NO_CHECK,734.968,5843.75,,1,4,32,1,1,1,1,69206016,2097152,,,,,,,,,,2026-04-18 21:40:30.
0,31/44,22/35,Contraction_l_Alik_Bljk_Cijk_Dijk,"(128,4096,1,4096)",Cijk_Alik_Bljk_I8II_BH_GB_MT64x64x32_SN_GLVWA8_GLVWB8_GRVW8_K1_SU32_SUS256_TT4_4,NO_CHECK,734.768,5845.34,,1,4,32,1,1,1,1,69206016,2097152,,,,,,,,,,2026-04-18 21:40:30.
0,31/44,23/35,Contraction_l_Alik_Bljk_Cijk_Dijk,"(128,4096,1,4096)",Cijk_Alik_Bljk_I8II_BH_GB_MT64x64x32_SN_GLVWA8_GLVWB8_GRVW16_K1_SU32_SUS256_TT4_4,NO_CHECK,735.448,5839.93,,1,4,32,1,1,1,1,69206016,2097152,,,,,,,,,,2026-04-18 21:40:30.
0,31/44,24/35,Contraction_l_Alik_Bljk_Cijk_Dijk,"(128,4096,1,4096)",Cijk_Alik_Bljk_I8II_BH_GB_MT128x64x32_SN_GLVWA4_GLVWB4_GRVW4_K1_SU0_SUS0_TT8_4,NO_CHECK,615.927,6973.18,,1,2,32,1,1,1,1,52428800,2097152,,,,,,,,,,2026-04-18 21:40:30.
0,31/44,25/35,Contraction_l_Alik_Bljk_Cijk_Dijk,"(128,4096,1,4096)",Cijk_Alik_Bljk_I8II_BH_GB_MT128x64x32_SN_GLVWA8_GLVWB8_GRVW8_K1_SU0_SUS0_TT8_4,NO_CHECK,611.166,7027.5,,1,2,32,1,1,1,1,52428800,2097152,,,,,,,,,,2026-04-18 21:40:30.
0,31/44,26/35,Contraction_l_Alik_Bljk_Cijk_Dijk,"(128,4096,1,4096)",Cijk_Alik_Bljk_I8II_BH_GB_MT128x64x32_SN_GLVWA16_GLVWB8_GRVW16_K1_SU0_SUS0_TT8_4,NO_CHECK,609.407,7047.78,,1,2,32,1,1,1,1,52428800,2097152,,,,,,,,,,2026-04-18 21:40:30.
0,31/44,27/35,Contraction_l_Alik_Bljk_Cijk_Dijk,"(128,4096,1,4096)",Cijk_Alik_Bljk_I8II_BH_GB_MT128x64x32_SN_GLVWA4_GLVWB4_GRVW4_K1_SU32_SUS256_TT8_4,NO_CHECK,613.247,7003.65,,1,2,32,1,1,1,1,52428800,2097152,,,,,,,,,,2026-04-18 21:40:30.
0,31/44,28/35,Contraction_l_Alik_Bljk_Cijk_Dijk,"(128,4096,1,4096)",Cijk_Alik_Bljk_I8II_BH_GB_MT128x64x32_SN_GLVWA8_GLVWB8_GRVW8_K1_SU32_SUS256_TT8_4,NO_CHECK,609.247,7049.63,,1,2,32,1,1,1,1,52428800,2097152,,,,,,,,,,2026-04-18 21:40:30.
0,31/44,29/35,Contraction_l_Alik_Bljk_Cijk_Dijk,"(128,4096,1,4096)",Cijk_Alik_Bljk_I8II_BH_GB_MT128x64x32_SN_GLVWA16_GLVWB8_GRVW16_K1_SU32_SUS256_TT8_4,NO_CHECK,609.327,7048.71,,1,2,32,1,1,1,1,52428800,2097152,,,,,,,,,,2026-04-18 21:40:30.
0,31/44,30/35,Contraction_l_Alik_Bljk_Cijk_Dijk,"(128,4096,1,4096)",Cijk_Alik_Bljk_I8II_BH_GB_MT64x128x32_SN_GLVWA4_GLVWB4_GRVW4_K1_SU0_SUS0_TT4_8,NO_CHECK,610.967,7029.79,,1,2,32,1,1,1,1,52428800,2097152,,,,,,,,,,2026-04-18 21:40:30.
0,31/44,31/35,Contraction_l_Alik_Bljk_Cijk_Dijk,"(128,4096,1,4096)",Cijk_Alik_Bljk_I8II_BH_GB_MT64x128x32_SN_GLVWA8_GLVWB8_GRVW8_K1_SU0_SUS0_TT4_8,NO_CHECK,607.766,7066.81,,1,2,32,1,1,1,1,52428800,2097152,,,,,,,,,,2026-04-18 21:40:30.
0,31/44,32/35,Contraction_l_Alik_Bljk_Cijk_Dijk,"(128,4096,1,4096)",Cijk_Alik_Bljk_I8II_BH_GB_MT64x128x32_SN_GLVWA8_GLVWB16_GRVW16_K1_SU0_SUS0_TT4_8,NO_CHECK,605.927,7088.26,,1,2,32,1,1,1,1,52428800,2097152,,,,,,,,,,2026-04-18 21:40:30.
0,31/44,33/35,Contraction_l_Alik_Bljk_Cijk_Dijk,"(128,4096,1,4096)",Cijk_Alik_Bljk_I8II_BH_GB_MT64x128x32_SN_GLVWA4_GLVWB4_GRVW4_K1_SU32_SUS256_TT4_8,NO_CHECK,609.967,7041.31,,1,2,32,1,1,1,1,52428800,2097152,,,,,,,,,,2026-04-18 21:40:30.
0,31/44,34/35,Contraction_l_Alik_Bljk_Cijk_Dijk,"(128,4096,1,4096)",Cijk_Alik_Bljk_I8II_BH_GB_MT64x128x32_SN_GLVWA8_GLVWB8_GRVW8_K1_SU32_SUS256_TT4_8,NO_CHECK,777.649,5523.02,,1,2,32,1,1,1,1,52428800,2097152,,,,,,,,,,2026-04-18 21:40:30.
0,31/44,35/35,Contraction_l_Alik_Bljk_Cijk_Dijk,"(128,4096,1,4096)",Cijk_Alik_Bljk_I8II_BH_GB_MT64x128x32_SN_GLVWA8_GLVWB16_GRVW16_K1_SU32_SUS256_TT4_8,NO_CHECK,617.287,6957.81,,1,2,32,1,1,1,1,52428800,2097152,,,,,,,,,,2026-04-18 21:40:30.
0,32/44,0/35,Contraction_l_Alik_Bljk_Cijk_Dijk,"(128,4096,1,8192)",Cijk_Alik_Bljk_I8II_BH_GB_MT64x64x16_SN_GLVWA4_GLVWB4_GRVW4_K1_SU0_SUS0_TT4_4,NO_CHECK,1470.14,5842.95,,1,4,32,1,1,1,1,136314880,2097152,,,,,,,,,,2026-04-18 21:40:30.
0,32/44,1/35,Contraction_l_Alik_Bljk_Cijk_Dijk,"(128,4096,1,8192)",Cijk_Alik_Bljk_I8II_BH_GB_MT64x64x16_SN_GLVWA4_GLVWB4_GRVW8_K1_SU0_SUS0_TT4_4,NO_CHECK,1458.7,5888.77,,1,4,32,1,1,1,1,136314880,2097152,,,,,,,,,,2026-04-18 21:40:30.
0,32/44,2/35,Contraction_l_Alik_Bljk_Cijk_Dijk,"(128,4096,1,8192)",Cijk_Alik_Bljk_I8II_BH_GB_MT64x64x16_SN_GLVWA4_GLVWB4_GRVW16_K1_SU0_SUS0_TT4_4,NO_CHECK,1453.58,5909.52,,1,4,32,1,1,1,1,136314880,2097152,,,,,,,,,,2026-04-18 21:40:30.
0,32/44,3/35,Contraction_l_Alik_Bljk_Cijk_Dijk,"(128,4096,1,8192)",Cijk_Alik_Bljk_I8II_BH_GB_MT64x64x16_SN_GLVWA4_GLVWB4_GRVW4_K1_SU32_SUS256_TT4_4,NO_CHECK,1452.62,5913.42,,1,4,32,1,1,1,1,136314880,2097152,,,,,,,,,,2026-04-18 21:40:30.
0,32/44,4/35,Contraction_l_Alik_Bljk_Cijk_Dijk,"(128,4096,1,8192)",Cijk_Alik_Bljk_I8II_BH_GB_MT64x64x16_SN_GLVWA4_GLVWB4_GRVW8_K1_SU32_SUS256_TT4_4,NO_CHECK,1611.18,5331.46,,1,4,32,1,1,1,1,136314880,2097152,,,,,,,,,,2026-04-18 21:40:30.
0,32/44,5/35,Contraction_l_Alik_Bljk_Cijk_Dijk,"(128,4096,1,8192)",Cijk_Alik_Bljk_I8II_BH_GB_MT64x64x16_SN_GLVWA4_GLVWB4_GRVW16_K1_SU32_SUS256_TT4_4,NO_CHECK,1460.62,5881.03,,1,4,32,1,1,1,1,136314880,2097152,,,,,,,,,,2026-04-18 21:40:30.
0,32/44,6/35,Contraction_l_Alik_Bljk_Cijk_Dijk,"(128,4096,1,8192)",Cijk_Alik_Bljk_I8II_BH_GB_MT128x64x16_SN_GLVWA4_GLVWB4_GRVW4_K1_SU0_SUS0_TT8_4,NO_CHECK,1180.17,7278.53,,1,2,32,1,1,1,1,102760448,2097152,,,,,,,,,,2026-04-18 21:40:30.
0,32/44,7/35,Contraction_l_Alik_Bljk_Cijk_Dijk,"(128,4096,1,8192)",Cijk_Alik_Bljk_I8II_BH_GB_MT128x64x16_SN_GLVWA8_GLVWB4_GRVW8_K1_SU0_SUS0_TT8_4,NO_CHECK,1177.13,7297.33,,1,2,32,1,1,1,1,102760448,2097152,,,,,,,,,,2026-04-18 21:40:30.
0,32/44,8/35,Contraction_l_Alik_Bljk_Cijk_Dijk,"(128,4096,1,8192)",Cijk_Alik_Bljk_I8II_BH_GB_MT128x64x16_SN_GLVWA8_GLVWB4_GRVW16_K1_SU0_SUS0_TT8_4,NO_CHECK,1180.61,7275.83,,1,2,32,1,1,1,1,102760448,2097152,,,,,,,,,,2026-04-18 21:40:30.
0,32/44,9/35,Contraction_l_Alik_Bljk_Cijk_Dijk,"(128,4096,1,8192)",Cijk_Alik_Bljk_I8II_BH_GB_MT128x64x16_SN_GLVWA4_GLVWB4_GRVW4_K1_SU32_SUS256_TT8_4,NO_CHECK,1183.41,7258.6,,1,2,32,1,1,1,1,102760448,2097152,,,,,,,,,,2026-04-18 21:40:30.
0,32/44,10/35,Contraction_l_Alik_Bljk_Cijk_Dijk,"(128,4096,1,8192)",Cijk_Alik_Bljk_I8II_BH_GB_MT128x64x16_SN_GLVWA8_GLVWB4_GRVW8_K1_SU32_SUS256_TT8_4,NO_CHECK,1344.38,6389.54,,1,2,32,1,1,1,1,102760448,2097152,,,,,,,,,,2026-04-18 21:40:30.
0,32/44,11/35,Contraction_l_Alik_Bljk_Cijk_Dijk,"(128,4096,1,8192)",Cijk_Alik_Bljk_I8II_BH_GB_MT128x64x16_SN_GLVWA8_GLVWB4_GRVW16_K1_SU32_SUS256_TT8_4,NO_CHECK,1188.33,7228.56,,1,2,32,1,1,1,1,102760448,2097152,,,,,,,,,,2026-04-18 21:40:30.
0,32/44,12/35,Contraction_l_Alik_Bljk_Cijk_Dijk,"(128,4096,1,8192)",Cijk_Alik_Bljk_I8II_BH_GB_MT64x128x16_SN_GLVWA4_GLVWB4_GRVW4_K1_SU0_SUS0_TT4_8,NO_CHECK,1179.01,7285.7,,1,2,32,1,1,1,1,102760448,2097152,,,,,,,,,,2026-04-18 21:40:30.
0,32/44,13/35,Contraction_l_Alik_Bljk_Cijk_Dijk,"(128,4096,1,8192)",Cijk_Alik_Bljk_I8II_BH_GB_MT64x128x16_SN_GLVWA4_GLVWB8_GRVW8_K1_SU0_SUS0_TT4_8,NO_CHECK,1176.45,7301.55,,1,2,32,1,1,1,1,102760448,2097152,,,,,,,,,,2026-04-18 21:40:30.
0,32/44,14/35,Contraction_l_Alik_Bljk_Cijk_Dijk,"(128,4096,1,8192)",Cijk_Alik_Bljk_I8II_BH_GB_MT64x128x16_SN_GLVWA4_GLVWB8_GRVW16_K1_SU0_SUS0_TT4_8,NO_CHECK,1179.09,7285.2,,1,2,32,1,1,1,1,102760448,2097152,,,,,,,,,,2026-04-18 21:40:30.
0,32/44,15/35,Contraction_l_Alik_Bljk_Cijk_Dijk,"(128,4096,1,8192)",Cijk_Alik_Bljk_I8II_BH_GB_MT64x128x16_SN_GLVWA4_GLVWB4_GRVW4_K1_SU32_SUS256_TT4_8,NO_CHECK,1183.05,7260.82,,1,2,32,1,1,1,1,102760448,2097152,,,,,,,,,,2026-04-18 21:40:30.
0,32/44,16/35,Contraction_l_Alik_Bljk_Cijk_Dijk,"(128,4096,1,8192)",Cijk_Alik_Bljk_I8II_BH_GB_MT64x128x16_SN_GLVWA4_GLVWB8_GRVW8_K1_SU32_SUS256_TT4_8,NO_CHECK,1357.62,6327.22,,1,2,32,1,1,1,1,102760448,2097152,,,,,,,,,,2026-04-18 21:40:30.
0,32/44,17/35,Contraction_l_Alik_Bljk_Cijk_Dijk,"(128,4096,1,8192)",Cijk_Alik_Bljk_I8II_BH_GB_MT64x128x16_SN_GLVWA4_GLVWB8_GRVW16_K1_SU32_SUS256_TT4_8,NO_CHECK,1188.21,7229.28,,1,2,32,1,1,1,1,102760448,2097152,,,,,,,,,,2026-04-18 21:40:30.
0,32/44,18/35,Contraction_l_Alik_Bljk_Cijk_Dijk,"(128,4096,1,8192)",Cijk_Alik_Bljk_I8II_BH_GB_MT64x64x32_SN_GLVWA4_GLVWB4_GRVW4_K1_SU0_SUS0_TT4_4,NO_CHECK,1448.86,5928.77,,1,4,32,1,1,1,1,136314880,2097152,,,,,,,,,,2026-04-18 21:40:30.
0,32/44,19/35,Contraction_l_Alik_Bljk_Cijk_Dijk,"(128,4096,1,8192)",Cijk_Alik_Bljk_I8II_BH_GB_MT64x64x32_SN_GLVWA8_GLVWB8_GRVW8_K1_SU0_SUS0_TT4_4,NO_CHECK,1445.58,5942.22,,1,4,32,1,1,1,1,136314880,2097152,,,,,,,,,,2026-04-18 21:40:30.
0,32/44,20/35,Contraction_l_Alik_Bljk_Cijk_Dijk,"(128,4096,1,8192)",Cijk_Alik_Bljk_I8II_BH_GB_MT64x64x32_SN_GLVWA8_GLVWB8_GRVW16_K1_SU0_SUS0_TT4_4,NO_CHECK,1445.3,5943.37,,1,4,32,1,1,1,1,136314880,2097152,,,,,,,,,,2026-04-18 21:40:30.
0,32/44,21/35,Contraction_l_Alik_Bljk_Cijk_Dijk,"(128,4096,1,8192)",Cijk_Alik_Bljk_I8II_BH_GB_MT64x64x32_SN_GLVWA4_GLVWB4_GRVW4_K1_SU32_SUS256_TT4_4,NO_CHECK,1610.3,5334.38,,1,4,32,1,1,1,1,136314880,2097152,,,,,,,,,,2026-04-18 21:40:30.
0,32/44,22/35,Contraction_l_Alik_Bljk_Cijk_Dijk,"(128,4096,1,8192)",Cijk_Alik_Bljk_I8II_BH_GB_MT64x64x32_SN_GLVWA8_GLVWB8_GRVW8_K1_SU32_SUS256_TT4_4,NO_CHECK,1456.9,5896.05,,1,4,32,1,1,1,1,136314880,2097152,,,,,,,,,,2026-04-18 21:40:30.
0,32/44,23/35,Contraction_l_Alik_Bljk_Cijk_Dijk,"(128,4096,1,8192)",Cijk_Alik_Bljk_I8II_BH_GB_MT64x64x32_SN_GLVWA8_GLVWB8_GRVW16_K1_SU32_SUS256_TT4_4,NO_CHECK,1449.78,5925,,1,4,32,1,1,1,1,136314880,2097152,,,,,,,,,,2026-04-18 21:40:30.
0,32/44,24/35,Contraction_l_Alik_Bljk_Cijk_Dijk,"(128,4096,1,8192)",Cijk_Alik_Bljk_I8II_BH_GB_MT128x64x32_SN_GLVWA4_GLVWB4_GRVW4_K1_SU0_SUS0_TT8_4,NO_CHECK,1194.65,7190.31,,1,2,32,1,1,1,1,102760448,2097152,,,,,,,,,,2026-04-18 21:40:30.
0,32/44,25/35,Contraction_l_Alik_Bljk_Cijk_Dijk,"(128,4096,1,8192)",Cijk_Alik_Bljk_I8II_BH_GB_MT128x64x32_SN_GLVWA8_GLVWB8_GRVW8_K1_SU0_SUS0_TT8_4,NO_CHECK,1186.41,7240.26,,1,2,32,1,1,1,1,102760448,2097152,,,,,,,,,,2026-04-18 21:40:30.
0,32/44,26/35,Contraction_l_Alik_Bljk_Cijk_Dijk,"(128,4096,1,8192)",Cijk_Alik_Bljk_I8II_BH_GB_MT128x64x32_SN_GLVWA16_GLVWB8_GRVW16_K1_SU0_SUS0_TT8_4,NO_CHECK,1184.61,7251.26,,1,2,32,1,1,1,1,102760448,2097152,,,,,,,,,,2026-04-18 21:40:30.
0,32/44,27/35,Contraction_l_Alik_Bljk_Cijk_Dijk,"(128,4096,1,8192)",Cijk_Alik_Bljk_I8II_BH_GB_MT128x64x32_SN_GLVWA4_GLVWB4_GRVW4_K1_SU32_SUS256_TT8_4,NO_CHECK,1351.78,6354.56,,1,2,32,1,1,1,1,102760448,2097152,,,,,,,,,,2026-04-18 21:40:30.
0,32/44,28/35,Contraction_l_Alik_Bljk_Cijk_Dijk,"(128,4096,1,8192)",Cijk_Alik_Bljk_I8II_BH_GB_MT128x64x32_SN_GLVWA8_GLVWB8_GRVW8_K1_SU32_SUS256_TT8_4,NO_CHECK,1197.21,7174.94,,1,2,32,1,1,1,1,102760448,2097152,,,,,,,,,,2026-04-18 21:40:30.
0,32/44,29/35,Contraction_l_Alik_Bljk_Cijk_Dijk,"(128,4096,1,8192)",Cijk_Alik_Bljk_I8II_BH_GB_MT128x64x32_SN_GLVWA16_GLVWB8_GRVW16_K1_SU32_SUS256_TT8_4,NO_CHECK,1190.21,7217.13,,1,2,32,1,1,1,1,102760448,2097152,,,,,,,,,,2026-04-18 21:40:30.
0,32/44,30/35,Contraction_l_Alik_Bljk_Cijk_Dijk,"(128,4096,1,8192)",Cijk_Alik_Bljk_I8II_BH_GB_MT64x128x32_SN_GLVWA4_GLVWB4_GRVW4_K1_SU0_SUS0_TT4_8,NO_CHECK,1196.33,7180.22,,1,2,32,1,1,1,1,102760448,2097152,,,,,,,,,,2026-04-18 21:40:30.
0,32/44,31/35,Contraction_l_Alik_Bljk_Cijk_Dijk,"(128,4096,1,8192)",Cijk_Alik_Bljk_I8II_BH_GB_MT64x128x32_SN_GLVWA8_GLVWB8_GRVW8_K1_SU0_SUS0_TT4_8,NO_CHECK,1188.41,7228.07,,1,2,32,1,1,1,1,102760448,2097152,,,,,,,,,,2026-04-18 21:40:30.
0,32/44,32/35,Contraction_l_Alik_Bljk_Cijk_Dijk,"(128,4096,1,8192)",Cijk_Alik_Bljk_I8II_BH_GB_MT64x128x32_SN_GLVWA8_GLVWB16_GRVW16_K1_SU0_SUS0_TT4_8,NO_CHECK,1184.93,7249.3,,1,2,32,1,1,1,1,102760448,2097152,,,,,,,,,,2026-04-18 21:40:30.
0,32/44,33/35,Contraction_l_Alik_Bljk_Cijk_Dijk,"(128,4096,1,8192)",Cijk_Alik_Bljk_I8II_BH_GB_MT64x128x32_SN_GLVWA4_GLVWB4_GRVW4_K1_SU32_SUS256_TT4_8,NO_CHECK,1353.37,6347.05,,1,2,32,1,1,1,1,102760448,2097152,,,,,,,,,,2026-04-18 21:40:30.
0,32/44,34/35,Contraction_l_Alik_Bljk_Cijk_Dijk,"(128,4096,1,8192)",Cijk_Alik_Bljk_I8II_BH_GB_MT64x128x32_SN_GLVWA8_GLVWB8_GRVW8_K1_SU32_SUS256_TT4_8,NO_CHECK,1197.85,7171.1,,1,2,32,1,1,1,1,102760448,2097152,,,,,,,,,,2026-04-18 21:40:30.
0,32/44,35/35,Contraction_l_Alik_Bljk_Cijk_Dijk,"(128,4096,1,8192)",Cijk_Alik_Bljk_I8II_BH_GB_MT64x128x32_SN_GLVWA8_GLVWB16_GRVW16_K1_SU32_SUS256_TT4_8,NO_CHECK,1194.81,7189.35,,1,2,32,1,1,1,1,102760448,2097152,,,,,,,,,,2026-04-18 21:40:30.
0,33/44,0/35,Contraction_l_Alik_Bljk_Cijk_Dijk,"(128,8192,1,1024)",Cijk_Alik_Bljk_I8II_BH_GB_MT64x64x16_SN_GLVWA4_GLVWB4_GRVW4_K1_SU0_SUS0_TT4_4,NO_CHECK,371.205,5785.17,,1,8,32,1,1,1,1,37748736,4194304,,,,,,,,,,2026-04-18 21:40:30.
0,33/44,1/35,Contraction_l_Alik_Bljk_Cijk_Dijk,"(128,8192,1,1024)",Cijk_Alik_Bljk_I8II_BH_GB_MT64x64x16_SN_GLVWA4_GLVWB4_GRVW8_K1_SU0_SUS0_TT4_4,NO_CHECK,370.244,5800.18,,1,8,32,1,1,1,1,37748736,4194304,,,,,,,,,,2026-04-18 21:40:30.
0,33/44,2/35,Contraction_l_Alik_Bljk_Cijk_Dijk,"(128,8192,1,1024)",Cijk_Alik_Bljk_I8II_BH_GB_MT64x64x16_SN_GLVWA4_GLVWB4_GRVW16_K1_SU0_SUS0_TT4_4,NO_CHECK,370.364,5798.31,,1,8,32,1,1,1,1,37748736,4194304,,,,,,,,,,2026-04-18 21:40:30.
0,33/44,3/35,Contraction_l_Alik_Bljk_Cijk_Dijk,"(128,8192,1,1024)",Cijk_Alik_Bljk_I8II_BH_GB_MT64x64x16_SN_GLVWA4_GLVWB4_GRVW4_K1_SU32_SUS256_TT4_4,NO_CHECK,370.924,5789.55,,1,8,32,1,1,1,1,37748736,4194304,,,,,,,,,,2026-04-18 21:40:30.
0,33/44,4/35,Contraction_l_Alik_Bljk_Cijk_Dijk,"(128,8192,1,1024)",Cijk_Alik_Bljk_I8II_BH_GB_MT64x64x16_SN_GLVWA4_GLVWB4_GRVW8_K1_SU32_SUS256_TT4_4,NO_CHECK,405.204,5299.76,,1,8,32,1,1,1,1,37748736,4194304,,,,,,,,,,2026-04-18 21:40:30.
0,33/44,5/35,Contraction_l_Alik_Bljk_Cijk_Dijk,"(128,8192,1,1024)",Cijk_Alik_Bljk_I8II_BH_GB_MT64x64x16_SN_GLVWA4_GLVWB4_GRVW16_K1_SU32_SUS256_TT4_4,NO_CHECK,369.564,5810.86,,1,8,32,1,1,1,1,37748736,4194304,,,,,,,,,,2026-04-18 21:40:30.
0,33/44,6/35,Contraction_l_Alik_Bljk_Cijk_Dijk,"(128,8192,1,1024)",Cijk_Alik_Bljk_I8II_BH_GB_MT128x64x16_SN_GLVWA4_GLVWB4_GRVW4_K1_SU0_SUS0_TT8_4,NO_CHECK,330.284,6501.93,,1,4,32,1,1,1,1,29360128,4194304,,,,,,,,,,2026-04-18 21:40:30.
0,33/44,7/35,Contraction_l_Alik_Bljk_Cijk_Dijk,"(128,8192,1,1024)",Cijk_Alik_Bljk_I8II_BH_GB_MT128x64x16_SN_GLVWA8_GLVWB4_GRVW8_K1_SU0_SUS0_TT8_4,NO_CHECK,299.563,7168.72,,1,4,32,1,1,1,1,29360128,4194304,,,,,,,,,,2026-04-18 21:40:30.
0,33/44,8/35,Contraction_l_Alik_Bljk_Cijk_Dijk,"(128,8192,1,1024)",Cijk_Alik_Bljk_I8II_BH_GB_MT128x64x16_SN_GLVWA8_GLVWB4_GRVW16_K1_SU0_SUS0_TT8_4,NO_CHECK,475.446,4516.78,,1,4,32,1,1,1,1,29360128,4194304,,,,,,,,,,2026-04-18 21:40:30.
0,33/44,9/35,Contraction_l_Alik_Bljk_Cijk_Dijk,"(128,8192,1,1024)",Cijk_Alik_Bljk_I8II_BH_GB_MT128x64x16_SN_GLVWA4_GLVWB4_GRVW4_K1_SU32_SUS256_TT8_4,NO_CHECK,330.684,6494.07,,1,4,32,1,1,1,1,29360128,4194304,,,,,,,,,,2026-04-18 21:40:30.
0,33/44,10/35,Contraction_l_Alik_Bljk_Cijk_Dijk,"(128,8192,1,1024)",Cijk_Alik_Bljk_I8II_BH_GB_MT128x64x16_SN_GLVWA8_GLVWB4_GRVW8_K1_SU32_SUS256_TT8_4,NO_CHECK,300.603,7143.92,,1,4,32,1,1,1,1,29360128,4194304,,,,,,,,,,2026-04-18 21:40:30.
0,33/44,11/35,Contraction_l_Alik_Bljk_Cijk_Dijk,"(128,8192,1,1024)",Cijk_Alik_Bljk_I8II_BH_GB_MT128x64x16_SN_GLVWA8_GLVWB4_GRVW16_K1_SU32_SUS256_TT8_4,NO_CHECK,329.884,6509.81,,1,4,32,1,1,1,1,29360128,4194304,,,,,,,,,,2026-04-18 21:40:30.
0,33/44,12/35,Contraction_l_Alik_Bljk_Cijk_Dijk,"(128,8192,1,1024)",Cijk_Alik_Bljk_I8II_BH_GB_MT64x128x16_SN_GLVWA4_GLVWB4_GRVW4_K1_SU0_SUS0_TT4_8,NO_CHECK,340.244,6311.6,,1,4,32,1,1,1,1,29360128,4194304,,,,,,,,,,2026-04-18 21:40:30.
0,33/44,13/35,Contraction_l_Alik_Bljk_Cijk_Dijk,"(128,8192,1,1024)",Cijk_Alik_Bljk_I8II_BH_GB_MT64x128x16_SN_GLVWA4_GLVWB8_GRVW8_K1_SU0_SUS0_TT4_8,NO_CHECK,305.403,7031.64,,1,4,32,1,1,1,1,29360128,4194304,,,,,,,,,,2026-04-18 21:40:30.
0,33/44,14/35,Contraction_l_Alik_Bljk_Cijk_Dijk,"(128,8192,1,1024)",Cijk_Alik_Bljk_I8II_BH_GB_MT64x128x16_SN_GLVWA4_GLVWB8_GRVW16_K1_SU0_SUS0_TT4_8,NO_CHECK,363.284,5911.31,,1,4,32,1,1,1,1,29360128,4194304,,,,,,,,,,2026-04-18 21:40:30.
0,33/44,15/35,Contraction_l_Alik_Bljk_Cijk_Dijk,"(128,8192,1,1024)",Cijk_Alik_Bljk_I8II_BH_GB_MT64x128x16_SN_GLVWA4_GLVWB4_GRVW4_K1_SU32_SUS256_TT4_8,NO_CHECK,305.003,7040.86,,1,4,32,1,1,1,1,29360128,4194304,,,,,,,,,,2026-04-18 21:40:30.
0,33/44,16/35,Contraction_l_Alik_Bljk_Cijk_Dijk,"(128,8192,1,1024)",Cijk_Alik_Bljk_I8II_BH_GB_MT64x128x16_SN_GLVWA4_GLVWB8_GRVW8_K1_SU32_SUS256_TT4_8,NO_CHECK,303.964,7064.93,,1,4,32,1,1,1,1,29360128,4194304,,,,,,,,,,2026-04-18 21:40:30.
0,33/44,17/35,Contraction_l_Alik_Bljk_Cijk_Dijk,"(128,8192,1,1024)",Cijk_Alik_Bljk_I8II_BH_GB_MT64x128x16_SN_GLVWA4_GLVWB8_GRVW16_K1_SU32_SUS256_TT4_8,NO_CHECK,303.884,7066.79,,1,4,32,1,1,1,1,29360128,4194304,,,,,,,,,,2026-04-18 21:40:30.
0,33/44,18/35,Contraction_l_Alik_Bljk_Cijk_Dijk,"(128,8192,1,1024)",Cijk_Alik_Bljk_I8II_BH_GB_MT64x64x32_SN_GLVWA4_GLVWB4_GRVW4_K1_SU0_SUS0_TT4_4,NO_CHECK,372.764,5760.97,,1,8,32,1,1,1,1,37748736,4194304,,,,,,,,,,2026-04-18 21:40:30.
0,33/44,19/35,Contraction_l_Alik_Bljk_Cijk_Dijk,"(128,8192,1,1024)",Cijk_Alik_Bljk_I8II_BH_GB_MT64x64x32_SN_GLVWA8_GLVWB8_GRVW8_K1_SU0_SUS0_TT4_4,NO_CHECK,372.644,5762.83,,1,8,32,1,1,1,1,37748736,4194304,,,,,,,,,,2026-04-18 21:40:30.
0,33/44,20/35,Contraction_l_Alik_Bljk_Cijk_Dijk,"(128,8192,1,1024)",Cijk_Alik_Bljk_I8II_BH_GB_MT64x64x32_SN_GLVWA8_GLVWB8_GRVW16_K1_SU0_SUS0_TT4_4,NO_CHECK,372.844,5759.74,,1,8,32,1,1,1,1,37748736,4194304,,,,,,,,,,2026-04-18 21:40:30.
0,33/44,21/35,Contraction_l_Alik_Bljk_Cijk_Dijk,"(128,8192,1,1024)",Cijk_Alik_Bljk_I8II_BH_GB_MT64x64x32_SN_GLVWA4_GLVWB4_GRVW4_K1_SU32_SUS256_TT4_4,NO_CHECK,405.684,5293.49,,1,8,32,1,1,1,1,37748736,4194304,,,,,,,,,,2026-04-18 21:40:30.
0,33/44,22/35,Contraction_l_Alik_Bljk_Cijk_Dijk,"(128,8192,1,1024)",Cijk_Alik_Bljk_I8II_BH_GB_MT64x64x32_SN_GLVWA8_GLVWB8_GRVW8_K1_SU32_SUS256_TT4_4,NO_CHECK,372.604,5763.45,,1,8,32,1,1,1,1,37748736,4194304,,,,,,,,,,2026-04-18 21:40:30.
0,33/44,23/35,Contraction_l_Alik_Bljk_Cijk_Dijk,"(128,8192,1,1024)",Cijk_Alik_Bljk_I8II_BH_GB_MT64x64x32_SN_GLVWA8_GLVWB8_GRVW16_K1_SU32_SUS256_TT4_4,NO_CHECK,405.365,5297.65,,1,8,32,1,1,1,1,37748736,4194304,,,,,,,,,,2026-04-18 21:40:30.
0,33/44,24/35,Contraction_l_Alik_Bljk_Cijk_Dijk,"(128,8192,1,1024)",Cijk_Alik_Bljk_I8II_BH_GB_MT128x64x32_SN_GLVWA4_GLVWB4_GRVW4_K1_SU0_SUS0_TT8_4,NO_CHECK,304.084,7062.14,,1,4,32,1,1,1,1,29360128,4194304,,,,,,,,,,2026-04-18 21:40:30.
0,33/44,25/35,Contraction_l_Alik_Bljk_Cijk_Dijk,"(128,8192,1,1024)",Cijk_Alik_Bljk_I8II_BH_GB_MT128x64x32_SN_GLVWA8_GLVWB8_GRVW8_K1_SU0_SUS0_TT8_4,NO_CHECK,622.927,3447.41,,1,4,32,1,1,1,1,29360128,4194304,,,,,,,,,,2026-04-18 21:40:30.
0,33/44,26/35,Contraction_l_Alik_Bljk_Cijk_Dijk,"(128,8192,1,1024)",Cijk_Alik_Bljk_I8II_BH_GB_MT128x64x32_SN_GLVWA16_GLVWB8_GRVW16_K1_SU0_SUS0_TT8_4,NO_CHECK,310.924,6906.78,,1,4,32,1,1,1,1,29360128,4194304,,,,,,,,,,2026-04-18 21:40:30.
0,33/44,27/35,Contraction_l_Alik_Bljk_Cijk_Dijk,"(128,8192,1,1024)",Cijk_Alik_Bljk_I8II_BH_GB_MT128x64x32_SN_GLVWA4_GLVWB4_GRVW4_K1_SU32_SUS256_TT8_4,NO_CHECK,331.204,6483.87,,1,4,32,1,1,1,1,29360128,4194304,,,,,,,,,,2026-04-18 21:40:30.
0,33/44,28/35,Contraction_l_Alik_Bljk_Cijk_Dijk,"(128,8192,1,1024)",Cijk_Alik_Bljk_I8II_BH_GB_MT128x64x32_SN_GLVWA8_GLVWB8_GRVW8_K1_SU32_SUS256_TT8_4,NO_CHECK,313.523,6849.53,,1,4,32,1,1,1,1,29360128,4194304,,,,,,,,,,2026-04-18 21:40:30.
0,33/44,29/35,Contraction_l_Alik_Bljk_Cijk_Dijk,"(128,8192,1,1024)",Cijk_Alik_Bljk_I8II_BH_GB_MT128x64x32_SN_GLVWA16_GLVWB8_GRVW16_K1_SU32_SUS256_TT8_4,NO_CHECK,304.923,7042.71,,1,4,32,1,1,1,1,29360128,4194304,,,,,,,,,,2026-04-18 21:40:30.
0,33/44,30/35,Contraction_l_Alik_Bljk_Cijk_Dijk,"(128,8192,1,1024)",Cijk_Alik_Bljk_I8II_BH_GB_MT64x128x32_SN_GLVWA4_GLVWB4_GRVW4_K1_SU0_SUS0_TT4_8,NO_CHECK,363.124,5913.91,,1,4,32,1,1,1,1,29360128,4194304,,,,,,,,,,2026-04-18 21:40:30.
0,33/44,31/35,Contraction_l_Alik_Bljk_Cijk_Dijk,"(128,8192,1,1024)",Cijk_Alik_Bljk_I8II_BH_GB_MT64x128x32_SN_GLVWA8_GLVWB8_GRVW8_K1_SU0_SUS0_TT4_8,NO_CHECK,336.444,6382.89,,1,4,32,1,1,1,1,29360128,4194304,,,,,,,,,,2026-04-18 21:40:30.
0,33/44,32/35,Contraction_l_Alik_Bljk_Cijk_Dijk,"(128,8192,1,1024)",Cijk_Alik_Bljk_I8II_BH_GB_MT64x128x32_SN_GLVWA8_GLVWB16_GRVW16_K1_SU0_SUS0_TT4_8,NO_CHECK,304.763,7046.41,,1,4,32,1,1,1,1,29360128,4194304,,,,,,,,,,2026-04-18 21:40:30.
0,33/44,33/35,Contraction_l_Alik_Bljk_Cijk_Dijk,"(128,8192,1,1024)",Cijk_Alik_Bljk_I8II_BH_GB_MT64x128x32_SN_GLVWA4_GLVWB4_GRVW4_K1_SU32_SUS256_TT4_8,NO_CHECK,306.003,7017.85,,1,4,32,1,1,1,1,29360128,4194304,,,,,,,,,,2026-04-18 21:40:30.
0,33/44,34/35,Contraction_l_Alik_Bljk_Cijk_Dijk,"(128,8192,1,1024)",Cijk_Alik_Bljk_I8II_BH_GB_MT64x128x32_SN_GLVWA8_GLVWB8_GRVW8_K1_SU32_SUS256_TT4_8,NO_CHECK,304.364,7055.64,,1,4,32,1,1,1,1,29360128,4194304,,,,,,,,,,2026-04-18 21:40:30.
0,33/44,35/35,Contraction_l_Alik_Bljk_Cijk_Dijk,"(128,8192,1,1024)",Cijk_Alik_Bljk_I8II_BH_GB_MT64x128x32_SN_GLVWA8_GLVWB16_GRVW16_K1_SU32_SUS256_TT4_8,NO_CHECK,305.604,7027.01,,1,4,32,1,1,1,1,29360128,4194304,,,,,,,,,,2026-04-18 21:40:30.
0,34/44,0/35,Contraction_l_Alik_Bljk_Cijk_Dijk,"(128,8192,1,4096)",Cijk_Alik_Bljk_I8II_BH_GB_MT64x64x16_SN_GLVWA4_GLVWB4_GRVW4_K1_SU0_SUS0_TT4_4,NO_CHECK,1436.22,5980.95,,1,8,32,1,1,1,1,138412032,4194304,,,,,,,,,,2026-04-18 21:40:30.
0,34/44,1/35,Contraction_l_Alik_Bljk_Cijk_Dijk,"(128,8192,1,4096)",Cijk_Alik_Bljk_I8II_BH_GB_MT64x64x16_SN_GLVWA4_GLVWB4_GRVW8_K1_SU0_SUS0_TT4_4,NO_CHECK,1587.74,5410.17,,1,8,32,1,1,1,1,138412032,4194304,,,,,,,,,,2026-04-18 21:40:30.
0,34/44,2/35,Contraction_l_Alik_Bljk_Cijk_Dijk,"(128,8192,1,4096)",Cijk_Alik_Bljk_I8II_BH_GB_MT64x64x16_SN_GLVWA4_GLVWB4_GRVW16_K1_SU0_SUS0_TT4_4,NO_CHECK,1427.82,6016.14,,1,8,32,1,1,1,1,138412032,4194304,,,,,,,,,,2026-04-18 21:40:30.
0,34/44,3/35,Contraction_l_Alik_Bljk_Cijk_Dijk,"(128,8192,1,4096)",Cijk_Alik_Bljk_I8II_BH_GB_MT64x64x16_SN_GLVWA4_GLVWB4_GRVW4_K1_SU32_SUS256_TT4_4,NO_CHECK,1431.06,6002.51,,1,8,32,1,1,1,1,138412032,4194304,,,,,,,,,,2026-04-18 21:40:30.
0,34/44,4/35,Contraction_l_Alik_Bljk_Cijk_Dijk,"(128,8192,1,4096)",Cijk_Alik_Bljk_I8II_BH_GB_MT64x64x16_SN_GLVWA4_GLVWB4_GRVW8_K1_SU32_SUS256_TT4_4,NO_CHECK,1425.42,6026.27,,1,8,32,1,1,1,1,138412032,4194304,,,,,,,,,,2026-04-18 21:40:30.
0,34/44,5/35,Contraction_l_Alik_Bljk_Cijk_Dijk,"(128,8192,1,4096)",Cijk_Alik_Bljk_I8II_BH_GB_MT64x64x16_SN_GLVWA4_GLVWB4_GRVW16_K1_SU32_SUS256_TT4_4,NO_CHECK,1425.58,6025.59,,1,8,32,1,1,1,1,138412032,4194304,,,,,,,,,,2026-04-18 21:40:30.
0,34/44,6/35,Contraction_l_Alik_Bljk_Cijk_Dijk,"(128,8192,1,4096)",Cijk_Alik_Bljk_I8II_BH_GB_MT128x64x16_SN_GLVWA4_GLVWB4_GRVW4_K1_SU0_SUS0_TT8_4,NO_CHECK,1174.17,7315.73,,1,4,32,1,1,1,1,104857600,4194304,,,,,,,,,,2026-04-18 21:40:30.
0,34/44,7/35,Contraction_l_Alik_Bljk_Cijk_Dijk,"(128,8192,1,4096)",Cijk_Alik_Bljk_I8II_BH_GB_MT128x64x16_SN_GLVWA8_GLVWB4_GRVW8_K1_SU0_SUS0_TT8_4,NO_CHECK,1806.3,4755.54,,1,4,32,1,1,1,1,104857600,4194304,,,,,,,,,,2026-04-18 21:40:30.
0,34/44,8/35,Contraction_l_Alik_Bljk_Cijk_Dijk,"(128,8192,1,4096)",Cijk_Alik_Bljk_I8II_BH_GB_MT128x64x16_SN_GLVWA8_GLVWB4_GRVW16_K1_SU0_SUS0_TT8_4,NO_CHECK,1156.05,7430.4,,1,4,32,1,1,1,1,104857600,4194304,,,,,,,,,,2026-04-18 21:40:30.
0,34/44,9/35,Contraction_l_Alik_Bljk_Cijk_Dijk,"(128,8192,1,4096)",Cijk_Alik_Bljk_I8II_BH_GB_MT128x64x16_SN_GLVWA4_GLVWB4_GRVW4_K1_SU32_SUS256_TT8_4,NO_CHECK,1154.65,7439.41,,1,4,32,1,1,1,1,104857600,4194304,,,,,,,,,,2026-04-18 21:40:30.
0,34/44,10/35,Contraction_l_Alik_Bljk_Cijk_Dijk,"(128,8192,1,4096)",Cijk_Alik_Bljk_I8II_BH_GB_MT128x64x16_SN_GLVWA8_GLVWB4_GRVW8_K1_SU32_SUS256_TT8_4,NO_CHECK,1185.05,7248.57,,1,4,32,1,1,1,1,104857600,4194304,,,,,,,,,,2026-04-18 21:40:30.
0,34/44,11/35,Contraction_l_Alik_Bljk_Cijk_Dijk,"(128,8192,1,4096)",Cijk_Alik_Bljk_I8II_BH_GB_MT128x64x16_SN_GLVWA8_GLVWB4_GRVW16_K1_SU32_SUS256_TT8_4,NO_CHECK,1152.21,7455.16,,1,4,32,1,1,1,1,104857600,4194304,,,,,,,,,,2026-04-18 21:40:30.
0,34/44,12/35,Contraction_l_Alik_Bljk_Cijk_Dijk,"(128,8192,1,4096)",Cijk_Alik_Bljk_I8II_BH_GB_MT64x128x16_SN_GLVWA4_GLVWB4_GRVW4_K1_SU0_SUS0_TT4_8,NO_CHECK,1347.33,6375.5,,1,4,32,1,1,1,1,104857600,4194304,,,,,,,,,,2026-04-18 21:40:30.
0,34/44,13/35,Contraction_l_Alik_Bljk_Cijk_Dijk,"(128,8192,1,4096)",Cijk_Alik_Bljk_I8II_BH_GB_MT64x128x16_SN_GLVWA4_GLVWB8_GRVW8_K1_SU0_SUS0_TT4_8,NO_CHECK,1152.93,7450.51,,1,4,32,1,1,1,1,104857600,4194304,,,,,,,,,,2026-04-18 21:40:30.
0,34/44,14/35,Contraction_l_Alik_Bljk_Cijk_Dijk,"(128,8192,1,4096)",Cijk_Alik_Bljk_I8II_BH_GB_MT64x128x16_SN_GLVWA4_GLVWB8_GRVW16_K1_SU0_SUS0_TT4_8,NO_CHECK,1140.89,7529.14,,1,4,32,1,1,1,1,104857600,4194304,,,,,,,,,,2026-04-18 21:40:30.
0,34/44,15/35,Contraction_l_Alik_Bljk_Cijk_Dijk,"(128,8192,1,4096)",Cijk_Alik_Bljk_I8II_BH_GB_MT64x128x16_SN_GLVWA4_GLVWB4_GRVW4_K1_SU32_SUS256_TT4_8,NO_CHECK,1166.09,7366.42,,1,4,32,1,1,1,1,104857600,4194304,,,,,,,,,,2026-04-18 21:40:30.
0,34/44,16/35,Contraction_l_Alik_Bljk_Cijk_Dijk,"(128,8192,1,4096)",Cijk_Alik_Bljk_I8II_BH_GB_MT64x128x16_SN_GLVWA4_GLVWB8_GRVW8_K1_SU32_SUS256_TT4_8,NO_CHECK,1138.97,7541.83,,1,4,32,1,1,1,1,104857600,4194304,,,,,,,,,,2026-04-18 21:40:30.
0,34/44,17/35,Contraction_l_Alik_Bljk_Cijk_Dijk,"(128,8192,1,4096)",Cijk_Alik_Bljk_I8II_BH_GB_MT64x128x16_SN_GLVWA4_GLVWB8_GRVW16_K1_SU32_SUS256_TT4_8,NO_CHECK,1163.85,7380.59,,1,4,32,1,1,1,1,104857600,4194304,,,,,,,,,,2026-04-18 21:40:30.
0,34/44,18/35,Contraction_l_Alik_Bljk_Cijk_Dijk,"(128,8192,1,4096)",Cijk_Alik_Bljk_I8II_BH_GB_MT64x64x32_SN_GLVWA4_GLVWB4_GRVW4_K1_SU0_SUS0_TT4_4,NO_CHECK,1591.74,5396.58,,1,8,32,1,1,1,1,138412032,4194304,,,,,,,,,,2026-04-18 21:40:30.
0,34/44,19/35,Contraction_l_Alik_Bljk_Cijk_Dijk,"(128,8192,1,4096)",Cijk_Alik_Bljk_I8II_BH_GB_MT64x64x32_SN_GLVWA8_GLVWB8_GRVW8_K1_SU0_SUS0_TT4_4,NO_CHECK,1437.38,5976.12,,1,8,32,1,1,1,1,138412032,4194304,,,,,,,,,,2026-04-18 21:40:30.
0,34/44,20/35,Contraction_l_Alik_Bljk_Cijk_Dijk,"(128,8192,1,4096)",Cijk_Alik_Bljk_I8II_BH_GB_MT64x64x32_SN_GLVWA8_GLVWB8_GRVW16_K1_SU0_SUS0_TT4_4,NO_CHECK,1425.9,6024.24,,1,8,32,1,1,1,1,138412032,4194304,,,,,,,,,,2026-04-18 21:40:30.
0,34/44,21/35,Contraction_l_Alik_Bljk_Cijk_Dijk,"(128,8192,1,4096)",Cijk_Alik_Bljk_I8II_BH_GB_MT64x64x32_SN_GLVWA4_GLVWB4_GRVW4_K1_SU32_SUS256_TT4_4,NO_CHECK,1424.62,6029.65,,1,8,32,1,1,1,1,138412032,4194304,,,,,,,,,,2026-04-18 21:40:30.
0,34/44,22/35,Contraction_l_Alik_Bljk_Cijk_Dijk,"(128,8192,1,4096)",Cijk_Alik_Bljk_I8II_BH_GB_MT64x64x32_SN_GLVWA8_GLVWB8_GRVW8_K1_SU32_SUS256_TT4_4,NO_CHECK,1422.5,6038.64,,1,8,32,1,1,1,1,138412032,4194304,,,,,,,,,,2026-04-18 21:40:30.
0,34/44,23/35,Contraction_l_Alik_Bljk_Cijk_Dijk,"(128,8192,1,4096)",Cijk_Alik_Bljk_I8II_BH_GB_MT64x64x32_SN_GLVWA8_GLVWB8_GRVW16_K1_SU32_SUS256_TT4_4,NO_CHECK,1422.1,6040.33,,1,8,32,1,1,1,1,138412032,4194304,,,,,,,,,,2026-04-18 21:40:30.
0,34/44,24/35,Contraction_l_Alik_Bljk_Cijk_Dijk,"(128,8192,1,4096)",Cijk_Alik_Bljk_I8II_BH_GB_MT128x64x32_SN_GLVWA4_GLVWB4_GRVW4_K1_SU0_SUS0_TT8_4,NO_CHECK,1147.61,7485.05,,1,4,32,1,1,1,1,104857600,4194304,,,,,,,,,,2026-04-18 21:40:30.
0,34/44,25/35,Contraction_l_Alik_Bljk_Cijk_Dijk,"(128,8192,1,4096)",Cijk_Alik_Bljk_I8II_BH_GB_MT128x64x32_SN_GLVWA8_GLVWB8_GRVW8_K1_SU0_SUS0_TT8_4,NO_CHECK,1146.33,7493.4,,1,4,32,1,1,1,1,104857600,4194304,,,,,,,,,,2026-04-18 21:40:30.
0,34/44,26/35,Contraction_l_Alik_Bljk_Cijk_Dijk,"(128,8192,1,4096)",Cijk_Alik_Bljk_I8II_BH_GB_MT128x64x32_SN_GLVWA16_GLVWB8_GRVW16_K1_SU0_SUS0_TT8_4,NO_CHECK,1144.17,7507.55,,1,4,32,1,1,1,1,104857600,4194304,,,,,,,,,,2026-04-18 21:40:30.
0,34/44,27/35,Contraction_l_Alik_Bljk_Cijk_Dijk,"(128,8192,1,4096)",Cijk_Alik_Bljk_I8II_BH_GB_MT128x64x32_SN_GLVWA4_GLVWB4_GRVW4_K1_SU32_SUS256_TT8_4,NO_CHECK,1145.37,7499.68,,1,4,32,1,1,1,1,104857600,4194304,,,,,,,,,,2026-04-18 21:40:30.
0,34/44,28/35,Contraction_l_Alik_Bljk_Cijk_Dijk,"(128,8192,1,4096)",Cijk_Alik_Bljk_I8II_BH_GB_MT128x64x32_SN_GLVWA8_GLVWB8_GRVW8_K1_SU32_SUS256_TT8_4,NO_CHECK,1139.41,7538.91,,1,4,32,1,1,1,1,104857600,4194304,,,,,,,,,,2026-04-18 21:40:30.
0,34/44,29/35,Contraction_l_Alik_Bljk_Cijk_Dijk,"(128,8192,1,4096)",Cijk_Alik_Bljk_I8II_BH_GB_MT128x64x32_SN_GLVWA16_GLVWB8_GRVW16_K1_SU32_SUS256_TT8_4,NO_CHECK,1138.45,7545.28,,1,4,32,1,1,1,1,104857600,4194304,,,,,,,,,,2026-04-18 21:40:30.
0,34/44,30/35,Contraction_l_Alik_Bljk_Cijk_Dijk,"(128,8192,1,4096)",Cijk_Alik_Bljk_I8II_BH_GB_MT64x128x32_SN_GLVWA4_GLVWB4_GRVW4_K1_SU0_SUS0_TT4_8,NO_CHECK,1274.29,6740.93,,1,4,32,1,1,1,1,104857600,4194304,,,,,,,,,,2026-04-18 21:40:30.
0,34/44,31/35,Contraction_l_Alik_Bljk_Cijk_Dijk,"(128,8192,1,4096)",Cijk_Alik_Bljk_I8II_BH_GB_MT64x128x32_SN_GLVWA8_GLVWB8_GRVW8_K1_SU0_SUS0_TT4_8,NO_CHECK,1165.29,7371.48,,1,4,32,1,1,1,1,104857600,4194304,,,,,,,,,,2026-04-18 21:40:30.
0,34/44,32/35,Contraction_l_Alik_Bljk_Cijk_Dijk,"(128,8192,1,4096)",Cijk_Alik_Bljk_I8II_BH_GB_MT64x128x32_SN_GLVWA8_GLVWB16_GRVW16_K1_SU0_SUS0_TT4_8,NO_CHECK,1174.73,7312.24,,1,4,32,1,1,1,1,104857600,4194304,,,,,,,,,,2026-04-18 21:40:30.
0,34/44,33/35,Contraction_l_Alik_Bljk_Cijk_Dijk,"(128,8192,1,4096)",Cijk_Alik_Bljk_I8II_BH_GB_MT64x128x32_SN_GLVWA4_GLVWB4_GRVW4_K1_SU32_SUS256_TT4_8,NO_CHECK,1151.33,7460.86,,1,4,32,1,1,1,1,104857600,4194304,,,,,,,,,,2026-04-18 21:40:30.
0,34/44,34/35,Contraction_l_Alik_Bljk_Cijk_Dijk,"(128,8192,1,4096)",Cijk_Alik_Bljk_I8II_BH_GB_MT64x128x32_SN_GLVWA8_GLVWB8_GRVW8_K1_SU32_SUS256_TT4_8,NO_CHECK,1145.53,7498.64,,1,4,32,1,1,1,1,104857600,4194304,,,,,,,,,,2026-04-18 21:40:30.
0,34/44,35/35,Contraction_l_Alik_Bljk_Cijk_Dijk,"(128,8192,1,4096)",Cijk_Alik_Bljk_I8II_BH_GB_MT64x128x32_SN_GLVWA8_GLVWB16_GRVW16_K1_SU32_SUS256_TT4_8,NO_CHECK,1141.05,7528.08,,1,4,32,1,1,1,1,104857600,4194304,,,,,,,,,,2026-04-18 21:40:30.
0,35/44,0/35,Contraction_l_Alik_Bljk_Cijk_Dijk,"(128,8192,1,8192)",Cijk_Alik_Bljk_I8II_BH_GB_MT64x64x16_SN_GLVWA4_GLVWB4_GRVW4_K1_SU0_SUS0_TT4_4,NO_CHECK,2898.55,5927.05,,1,8,32,1,1,1,1,272629760,4194304,,,,,,,,,,2026-04-18 21:40:30.
0,35/44,1/35,Contraction_l_Alik_Bljk_Cijk_Dijk,"(128,8192,1,8192)",Cijk_Alik_Bljk_I8II_BH_GB_MT64x64x16_SN_GLVWA4_GLVWB4_GRVW8_K1_SU0_SUS0_TT4_4,NO_CHECK,2912.71,5898.24,,1,8,32,1,1,1,1,272629760,4194304,,,,,,,,,,2026-04-18 21:40:30.
0,35/44,2/35,Contraction_l_Alik_Bljk_Cijk_Dijk,"(128,8192,1,8192)",Cijk_Alik_Bljk_I8II_BH_GB_MT64x64x16_SN_GLVWA4_GLVWB4_GRVW16_K1_SU0_SUS0_TT4_4,NO_CHECK,3097.91,5545.62,,1,8,32,1,1,1,1,272629760,4194304,,,,,,,,,,2026-04-18 21:40:30.
0,35/44,3/35,Contraction_l_Alik_Bljk_Cijk_Dijk,"(128,8192,1,8192)",Cijk_Alik_Bljk_I8II_BH_GB_MT64x64x16_SN_GLVWA4_GLVWB4_GRVW4_K1_SU32_SUS256_TT4_4,NO_CHECK,2851.59,6024.66,,1,8,32,1,1,1,1,272629760,4194304,,,,,,,,,,2026-04-18 21:40:30.
0,35/44,4/35,Contraction_l_Alik_Bljk_Cijk_Dijk,"(128,8192,1,8192)",Cijk_Alik_Bljk_I8II_BH_GB_MT64x64x16_SN_GLVWA4_GLVWB4_GRVW8_K1_SU32_SUS256_TT4_4,NO_CHECK,2850.23,6027.53,,1,8,32,1,1,1,1,272629760,4194304,,,,,,,,,,2026-04-18 21:40:30.
0,35/44,5/35,Contraction_l_Alik_Bljk_Cijk_Dijk,"(128,8192,1,8192)",Cijk_Alik_Bljk_I8II_BH_GB_MT64x64x16_SN_GLVWA4_GLVWB4_GRVW16_K1_SU32_SUS256_TT4_4,NO_CHECK,2966.31,5791.66,,1,8,32,1,1,1,1,272629760,4194304,,,,,,,,,,2026-04-18 21:40:30.
0,35/44,6/35,Contraction_l_Alik_Bljk_Cijk_Dijk,"(128,8192,1,8192)",Cijk_Alik_Bljk_I8II_BH_GB_MT128x64x16_SN_GLVWA4_GLVWB4_GRVW4_K1_SU0_SUS0_TT8_4,NO_CHECK,2286.47,7513.72,,1,4,32,1,1,1,1,205520896,4194304,,,,,,,,,,2026-04-18 21:40:30.
0,35/44,7/35,Contraction_l_Alik_Bljk_Cijk_Dijk,"(128,8192,1,8192)",Cijk_Alik_Bljk_I8II_BH_GB_MT128x64x16_SN_GLVWA8_GLVWB4_GRVW8_K1_SU0_SUS0_TT8_4,NO_CHECK,2270.82,7565.48,,1,4,32,1,1,1,1,205520896,4194304,,,,,,,,,,2026-04-18 21:40:30.
0,35/44,8/35,Contraction_l_Alik_Bljk_Cijk_Dijk,"(128,8192,1,8192)",Cijk_Alik_Bljk_I8II_BH_GB_MT128x64x16_SN_GLVWA8_GLVWB4_GRVW16_K1_SU0_SUS0_TT8_4,NO_CHECK,2367.79,7255.67,,1,4,32,1,1,1,1,205520896,4194304,,,,,,,,,,2026-04-18 21:40:30.
0,35/44,9/35,Contraction_l_Alik_Bljk_Cijk_Dijk,"(128,8192,1,8192)",Cijk_Alik_Bljk_I8II_BH_GB_MT128x64x16_SN_GLVWA4_GLVWB4_GRVW4_K1_SU32_SUS256_TT8_4,NO_CHECK,2310.03,7437.09,,1,4,32,1,1,1,1,205520896,4194304,,,,,,,,,,2026-04-18 21:40:30.
0,35/44,10/35,Contraction_l_Alik_Bljk_Cijk_Dijk,"(128,8192,1,8192)",Cijk_Alik_Bljk_I8II_BH_GB_MT128x64x16_SN_GLVWA8_GLVWB4_GRVW8_K1_SU32_SUS256_TT8_4,NO_CHECK,2279.67,7536.13,,1,4,32,1,1,1,1,205520896,4194304,,,,,,,,,,2026-04-18 21:40:30.
0,35/44,11/35,Contraction_l_Alik_Bljk_Cijk_Dijk,"(128,8192,1,8192)",Cijk_Alik_Bljk_I8II_BH_GB_MT128x64x16_SN_GLVWA8_GLVWB4_GRVW16_K1_SU32_SUS256_TT8_4,NO_CHECK,2278.94,7538.52,,1,4,32,1,1,1,1,205520896,4194304,,,,,,,,,,2026-04-18 21:40:30.
0,35/44,12/35,Contraction_l_Alik_Bljk_Cijk_Dijk,"(128,8192,1,8192)",Cijk_Alik_Bljk_I8II_BH_GB_MT64x128x16_SN_GLVWA4_GLVWB4_GRVW4_K1_SU0_SUS0_TT4_8,NO_CHECK,2456.71,6993.05,,1,4,32,1,1,1,1,205520896,4194304,,,,,,,,,,2026-04-18 21:40:30.
0,35/44,13/35,Contraction_l_Alik_Bljk_Cijk_Dijk,"(128,8192,1,8192)",Cijk_Alik_Bljk_I8II_BH_GB_MT64x128x16_SN_GLVWA4_GLVWB8_GRVW8_K1_SU0_SUS0_TT4_8,NO_CHECK,2326.71,7383.77,,1,4,32,1,1,1,1,205520896,4194304,,,,,,,,,,2026-04-18 21:40:30.
0,35/44,14/35,Contraction_l_Alik_Bljk_Cijk_Dijk,"(128,8192,1,8192)",Cijk_Alik_Bljk_I8II_BH_GB_MT64x128x16_SN_GLVWA4_GLVWB8_GRVW16_K1_SU0_SUS0_TT4_8,NO_CHECK,2313.59,7425.65,,1,4,32,1,1,1,1,205520896,4194304,,,,,,,,,,2026-04-18 21:40:30.
0,35/44,15/35,Contraction_l_Alik_Bljk_Cijk_Dijk,"(128,8192,1,8192)",Cijk_Alik_Bljk_I8II_BH_GB_MT64x128x16_SN_GLVWA4_GLVWB4_GRVW4_K1_SU32_SUS256_TT4_8,NO_CHECK,2435.87,7052.88,,1,4,32,1,1,1,1,205520896,4194304,,,,,,,,,,2026-04-18 21:40:30.
0,35/44,16/35,Contraction_l_Alik_Bljk_Cijk_Dijk,"(128,8192,1,8192)",Cijk_Alik_Bljk_I8II_BH_GB_MT64x128x16_SN_GLVWA4_GLVWB8_GRVW8_K1_SU32_SUS256_TT4_8,NO_CHECK,2293.59,7490.4,,1,4,32,1,1,1,1,205520896,4194304,,,,,,,,,,2026-04-18 21:40:30.
0,35/44,17/35,Contraction_l_Alik_Bljk_Cijk_Dijk,"(128,8192,1,8192)",Cijk_Alik_Bljk_I8II_BH_GB_MT64x128x16_SN_GLVWA4_GLVWB8_GRVW16_K1_SU32_SUS256_TT4_8,NO_CHECK,2284.51,7520.17,,1,4,32,1,1,1,1,205520896,4194304,,,,,,,,,,2026-04-18 21:40:30.
0,35/44,18/35,Contraction_l_Alik_Bljk_Cijk_Dijk,"(128,8192,1,8192)",Cijk_Alik_Bljk_I8II_BH_GB_MT64x64x32_SN_GLVWA4_GLVWB4_GRVW4_K1_SU0_SUS0_TT4_4,NO_CHECK,2998.23,5730,,1,8,32,1,1,1,1,272629760,4194304,,,,,,,,,,2026-04-18 21:40:30.
0,35/44,19/35,Contraction_l_Alik_Bljk_Cijk_Dijk,"(128,8192,1,8192)",Cijk_Alik_Bljk_I8II_BH_GB_MT64x64x32_SN_GLVWA8_GLVWB8_GRVW8_K1_SU0_SUS0_TT4_4,NO_CHECK,2841.79,6045.43,,1,8,32,1,1,1,1,272629760,4194304,,,,,,,,,,2026-04-18 21:40:30.
0,35/44,20/35,Contraction_l_Alik_Bljk_Cijk_Dijk,"(128,8192,1,8192)",Cijk_Alik_Bljk_I8II_BH_GB_MT64x64x32_SN_GLVWA8_GLVWB8_GRVW16_K1_SU0_SUS0_TT4_4,NO_CHECK,2841.39,6046.29,,1,8,32,1,1,1,1,272629760,4194304,,,,,,,,,,2026-04-18 21:40:30.
0,35/44,21/35,Contraction_l_Alik_Bljk_Cijk_Dijk,"(128,8192,1,8192)",Cijk_Alik_Bljk_I8II_BH_GB_MT64x64x32_SN_GLVWA4_GLVWB4_GRVW4_K1_SU32_SUS256_TT4_4,NO_CHECK,2929.11,5865.21,,1,8,32,1,1,1,1,272629760,4194304,,,,,,,,,,2026-04-18 21:40:30.
0,35/44,22/35,Contraction_l_Alik_Bljk_Cijk_Dijk,"(128,8192,1,8192)",Cijk_Alik_Bljk_I8II_BH_GB_MT64x64x32_SN_GLVWA8_GLVWB8_GRVW8_K1_SU32_SUS256_TT4_4,NO_CHECK,2842.67,6043.56,,1,8,32,1,1,1,1,272629760,4194304,,,,,,,,,,2026-04-18 21:40:30.
0,35/44,23/35,Contraction_l_Alik_Bljk_Cijk_Dijk,"(128,8192,1,8192)",Cijk_Alik_Bljk_I8II_BH_GB_MT64x64x32_SN_GLVWA8_GLVWB8_GRVW16_K1_SU32_SUS256_TT4_4,NO_CHECK,2835.23,6059.42,,1,8,32,1,1,1,1,272629760,4194304,,,,,,,,,,2026-04-18 21:40:30.
0,35/44,24/35,Contraction_l_Alik_Bljk_Cijk_Dijk,"(128,8192,1,8192)",Cijk_Alik_Bljk_I8II_BH_GB_MT128x64x32_SN_GLVWA4_GLVWB4_GRVW4_K1_SU0_SUS0_TT8_4,NO_CHECK,2405.67,7141.42,,1,4,32,1,1,1,1,205520896,4194304,,,,,,,,,,2026-04-18 21:40:30.
0,35/44,25/35,Contraction_l_Alik_Bljk_Cijk_Dijk,"(128,8192,1,8192)",Cijk_Alik_Bljk_I8II_BH_GB_MT128x64x32_SN_GLVWA8_GLVWB8_GRVW8_K1_SU0_SUS0_TT8_4,NO_CHECK,2284.99,7518.59,,1,4,32,1,1,1,1,205520896,4194304,,,,,,,,,,2026-04-18 21:40:30.
0,35/44,26/35,Contraction_l_Alik_Bljk_Cijk_Dijk,"(128,8192,1,8192)",Cijk_Alik_Bljk_I8II_BH_GB_MT128x64x32_SN_GLVWA16_GLVWB8_GRVW16_K1_SU0_SUS0_TT8_4,NO_CHECK,2274.86,7552.04,,1,4,32,1,1,1,1,205520896,4194304,,,,,,,,,,2026-04-18 21:40:30.
0,35/44,27/35,Contraction_l_Alik_Bljk_Cijk_Dijk,"(128,8192,1,8192)",Cijk_Alik_Bljk_I8II_BH_GB_MT128x64x32_SN_GLVWA4_GLVWB4_GRVW4_K1_SU32_SUS256_TT8_4,NO_CHECK,2444.55,7027.83,,1,4,32,1,1,1,1,205520896,4194304,,,,,,,,,,2026-04-18 21:40:30.
0,35/44,28/35,Contraction_l_Alik_Bljk_Cijk_Dijk,"(128,8192,1,8192)",Cijk_Alik_Bljk_I8II_BH_GB_MT128x64x32_SN_GLVWA8_GLVWB8_GRVW8_K1_SU32_SUS256_TT8_4,NO_CHECK,2286.55,7513.46,,1,4,32,1,1,1,1,205520896,4194304,,,,,,,,,,2026-04-18 21:40:30.
0,35/44,29/35,Contraction_l_Alik_Bljk_Cijk_Dijk,"(128,8192,1,8192)",Cijk_Alik_Bljk_I8II_BH_GB_MT128x64x32_SN_GLVWA16_GLVWB8_GRVW16_K1_SU32_SUS256_TT8_4,NO_CHECK,2276.99,7545,,1,4,32,1,1,1,1,205520896,4194304,,,,,,,,,,2026-04-18 21:40:30.
0,35/44,30/35,Contraction_l_Alik_Bljk_Cijk_Dijk,"(128,8192,1,8192)",Cijk_Alik_Bljk_I8II_BH_GB_MT64x128x32_SN_GLVWA4_GLVWB4_GRVW4_K1_SU0_SUS0_TT4_8,NO_CHECK,2298.19,7475.4,,1,4,32,1,1,1,1,205520896,4194304,,,,,,,,,,2026-04-18 21:40:30.
0,35/44,31/35,Contraction_l_Alik_Bljk_Cijk_Dijk,"(128,8192,1,8192)",Cijk_Alik_Bljk_I8II_BH_GB_MT64x128x32_SN_GLVWA8_GLVWB8_GRVW8_K1_SU0_SUS0_TT4_8,NO_CHECK,2280.66,7532.83,,1,4,32,1,1,1,1,205520896,4194304,,,,,,,,,,2026-04-18 21:40:30.
0,35/44,32/35,Contraction_l_Alik_Bljk_Cijk_Dijk,"(128,8192,1,8192)",Cijk_Alik_Bljk_I8II_BH_GB_MT64x128x32_SN_GLVWA8_GLVWB16_GRVW16_K1_SU0_SUS0_TT4_8,NO_CHECK,2282.63,7526.36,,1,4,32,1,1,1,1,205520896,4194304,,,,,,,,,,2026-04-18 21:40:30.
0,35/44,33/35,Contraction_l_Alik_Bljk_Cijk_Dijk,"(128,8192,1,8192)",Cijk_Alik_Bljk_I8II_BH_GB_MT64x128x32_SN_GLVWA4_GLVWB4_GRVW4_K1_SU32_SUS256_TT4_8,NO_CHECK,2279.75,7535.87,,1,4,32,1,1,1,1,205520896,4194304,,,,,,,,,,2026-04-18 21:40:30.
0,35/44,34/35,Contraction_l_Alik_Bljk_Cijk_Dijk,"(128,8192,1,8192)",Cijk_Alik_Bljk_I8II_BH_GB_MT64x128x32_SN_GLVWA8_GLVWB8_GRVW8_K1_SU32_SUS256_TT4_8,NO_CHECK,2485.07,6913.24,,1,4,32,1,1,1,1,205520896,4194304,,,,,,,,,,2026-04-18 21:40:30.
0,35/44,35/35,Contraction_l_Alik_Bljk_Cijk_Dijk,"(128,8192,1,8192)",Cijk_Alik_Bljk_I8II_BH_GB_MT64x128x32_SN_GLVWA8_GLVWB16_GRVW16_K1_SU32_SUS256_TT4_8,NO_CHECK,2292.75,7493.14,,1,4,32,1,1,1,1,205520896,4194304,,,,,,,,,,2026-04-18 21:40:30.
0,36/44,0/35,Contraction_l_Alik_Bljk_Cijk_Dijk,"(512,1024,1,1024)",Cijk_Alik_Bljk_I8II_BH_GB_MT64x64x16_SN_GLVWA4_GLVWB4_GRVW4_K1_SU0_SUS0_TT4_4,NO_CHECK,199.563,5380.47,,1,4,32,1,1,1,1,18874368,2097152,,,,,,,,,,2026-04-18 21:40:30.
0,36/44,1/35,Contraction_l_Alik_Bljk_Cijk_Dijk,"(512,1024,1,1024)",Cijk_Alik_Bljk_I8II_BH_GB_MT64x64x16_SN_GLVWA4_GLVWB4_GRVW8_K1_SU0_SUS0_TT4_4,NO_CHECK,233.883,4590.94,,1,4,32,1,1,1,1,18874368,2097152,,,,,,,,,,2026-04-18 21:40:30.
0,36/44,2/35,Contraction_l_Alik_Bljk_Cijk_Dijk,"(512,1024,1,1024)",Cijk_Alik_Bljk_I8II_BH_GB_MT64x64x16_SN_GLVWA4_GLVWB4_GRVW16_K1_SU0_SUS0_TT4_4,NO_CHECK,200.163,5364.34,,1,4,32,1,1,1,1,18874368,2097152,,,,,,,,,,2026-04-18 21:40:30.
0,36/44,3/35,Contraction_l_Alik_Bljk_Cijk_Dijk,"(512,1024,1,1024)",Cijk_Alik_Bljk_I8II_BH_GB_MT64x64x16_SN_GLVWA4_GLVWB4_GRVW4_K1_SU32_SUS256_TT4_4,NO_CHECK,198.202,5417.41,,1,4,32,1,1,1,1,18874368,2097152,,,,,,,,,,2026-04-18 21:40:30.
0,36/44,4/35,Contraction_l_Alik_Bljk_Cijk_Dijk,"(512,1024,1,1024)",Cijk_Alik_Bljk_I8II_BH_GB_MT64x64x16_SN_GLVWA4_GLVWB4_GRVW8_K1_SU32_SUS256_TT4_4,NO_CHECK,199.242,5389.13,,1,4,32,1,1,1,1,18874368,2097152,,,,,,,,,,2026-04-18 21:40:30.
0,36/44,5/35,Contraction_l_Alik_Bljk_Cijk_Dijk,"(512,1024,1,1024)",Cijk_Alik_Bljk_I8II_BH_GB_MT64x64x16_SN_GLVWA4_GLVWB4_GRVW16_K1_SU32_SUS256_TT4_4,NO_CHECK,212.602,5050.48,,1,4,32,1,1,1,1,18874368,2097152,,,,,,,,,,2026-04-18 21:40:30.
0,36/44,6/35,Contraction_l_Alik_Bljk_Cijk_Dijk,"(512,1024,1,1024)",Cijk_Alik_Bljk_I8II_BH_GB_MT128x64x16_SN_GLVWA4_GLVWB4_GRVW4_K1_SU0_SUS0_TT8_4,NO_CHECK,176.842,6071.76,,1,2,32,1,1,1,1,14680064,2097152,,,,,,,,,,2026-04-18 21:40:30.
0,36/44,7/35,Contraction_l_Alik_Bljk_Cijk_Dijk,"(512,1024,1,1024)",Cijk_Alik_Bljk_I8II_BH_GB_MT128x64x16_SN_GLVWA8_GLVWB4_GRVW8_K1_SU0_SUS0_TT8_4,NO_CHECK,176.521,6082.8,,1,2,32,1,1,1,1,14680064,2097152,,,,,,,,,,2026-04-18 21:40:30.
0,36/44,8/35,Contraction_l_Alik_Bljk_Cijk_Dijk,"(512,1024,1,1024)",Cijk_Alik_Bljk_I8II_BH_GB_MT128x64x16_SN_GLVWA8_GLVWB4_GRVW16_K1_SU0_SUS0_TT8_4,NO_CHECK,176.922,6069.01,,1,2,32,1,1,1,1,14680064,2097152,,,,,,,,,,2026-04-18 21:40:30.
0,36/44,9/35,Contraction_l_Alik_Bljk_Cijk_Dijk,"(512,1024,1,1024)",Cijk_Alik_Bljk_I8II_BH_GB_MT128x64x16_SN_GLVWA4_GLVWB4_GRVW4_K1_SU32_SUS256_TT8_4,NO_CHECK,174.522,6152.47,,1,2,32,1,1,1,1,14680064,2097152,,,,,,,,,,2026-04-18 21:40:30.
0,36/44,10/35,Contraction_l_Alik_Bljk_Cijk_Dijk,"(512,1024,1,1024)",Cijk_Alik_Bljk_I8II_BH_GB_MT128x64x16_SN_GLVWA8_GLVWB4_GRVW8_K1_SU32_SUS256_TT8_4,NO_CHECK,174.642,6148.25,,1,2,32,1,1,1,1,14680064,2097152,,,,,,,,,,2026-04-18 21:40:30.
0,36/44,11/35,Contraction_l_Alik_Bljk_Cijk_Dijk,"(512,1024,1,1024)",Cijk_Alik_Bljk_I8II_BH_GB_MT128x64x16_SN_GLVWA8_GLVWB4_GRVW16_K1_SU32_SUS256_TT8_4,NO_CHECK,347.964,3085.78,,1,2,32,1,1,1,1,14680064,2097152,,,,,,,,,,2026-04-18 21:40:30.
0,36/44,12/35,Contraction_l_Alik_Bljk_Cijk_Dijk,"(512,1024,1,1024)",Cijk_Alik_Bljk_I8II_BH_GB_MT64x128x16_SN_GLVWA4_GLVWB4_GRVW4_K1_SU0_SUS0_TT4_8,NO_CHECK,176.882,6070.38,,1,2,32,1,1,1,1,14680064,2097152,,,,,,,,,,2026-04-18 21:40:30.
0,36/44,13/35,Contraction_l_Alik_Bljk_Cijk_Dijk,"(512,1024,1,1024)",Cijk_Alik_Bljk_I8II_BH_GB_MT64x128x16_SN_GLVWA4_GLVWB8_GRVW8_K1_SU0_SUS0_TT4_8,NO_CHECK,176.002,6100.74,,1,2,32,1,1,1,1,14680064,2097152,,,,,,,,,,2026-04-18 21:40:30.
0,36/44,14/35,Contraction_l_Alik_Bljk_Cijk_Dijk,"(512,1024,1,1024)",Cijk_Alik_Bljk_I8II_BH_GB_MT64x128x16_SN_GLVWA4_GLVWB8_GRVW16_K1_SU0_SUS0_TT4_8,NO_CHECK,177.242,6058.06,,1,2,32,1,1,1,1,14680064,2097152,,,,,,,,,,2026-04-18 21:40:30.
0,36/44,15/35,Contraction_l_Alik_Bljk_Cijk_Dijk,"(512,1024,1,1024)",Cijk_Alik_Bljk_I8II_BH_GB_MT64x128x16_SN_GLVWA4_GLVWB4_GRVW4_K1_SU32_SUS256_TT4_8,NO_CHECK,176.082,6097.96,,1,2,32,1,1,1,1,14680064,2097152,,,,,,,,,,2026-04-18 21:40:30.
0,36/44,16/35,Contraction_l_Alik_Bljk_Cijk_Dijk,"(512,1024,1,1024)",Cijk_Alik_Bljk_I8II_BH_GB_MT64x128x16_SN_GLVWA4_GLVWB8_GRVW8_K1_SU32_SUS256_TT4_8,NO_CHECK,175.082,6132.79,,1,2,32,1,1,1,1,14680064,2097152,,,,,,,,,,2026-04-18 21:40:30.
0,36/44,17/35,Contraction_l_Alik_Bljk_Cijk_Dijk,"(512,1024,1,1024)",Cijk_Alik_Bljk_I8II_BH_GB_MT64x128x16_SN_GLVWA4_GLVWB8_GRVW16_K1_SU32_SUS256_TT4_8,NO_CHECK,175.602,6114.63,,1,2,32,1,1,1,1,14680064,2097152,,,,,,,,,,2026-04-18 21:40:30.
0,36/44,18/35,Contraction_l_Alik_Bljk_Cijk_Dijk,"(512,1024,1,1024)",Cijk_Alik_Bljk_I8II_BH_GB_MT64x64x32_SN_GLVWA4_GLVWB4_GRVW4_K1_SU0_SUS0_TT4_4,NO_CHECK,245.643,4371.15,,1,4,32,1,1,1,1,18874368,2097152,,,,,,,,,,2026-04-18 21:40:30.
0,36/44,19/35,Contraction_l_Alik_Bljk_Cijk_Dijk,"(512,1024,1,1024)",Cijk_Alik_Bljk_I8II_BH_GB_MT64x64x32_SN_GLVWA8_GLVWB8_GRVW8_K1_SU0_SUS0_TT4_4,NO_CHECK,223.002,4814.94,,1,4,32,1,1,1,1,18874368,2097152,,,,,,,,,,2026-04-18 21:40:30.
0,36/44,20/35,Contraction_l_Alik_Bljk_Cijk_Dijk,"(512,1024,1,1024)",Cijk_Alik_Bljk_I8II_BH_GB_MT64x64x32_SN_GLVWA8_GLVWB8_GRVW16_K1_SU0_SUS0_TT4_4,NO_CHECK,207.762,5168.13,,1,4,32,1,1,1,1,18874368,2097152,,,,,,,,,,2026-04-18 21:40:30.
0,36/44,21/35,Contraction_l_Alik_Bljk_Cijk_Dijk,"(512,1024,1,1024)",Cijk_Alik_Bljk_I8II_BH_GB_MT64x64x32_SN_GLVWA4_GLVWB4_GRVW4_K1_SU32_SUS256_TT4_4,NO_CHECK,243.723,4405.58,,1,4,32,1,1,1,1,18874368,2097152,,,,,,,,,,2026-04-18 21:40:30.
0,36/44,22/35,Contraction_l_Alik_Bljk_Cijk_Dijk,"(512,1024,1,1024)",Cijk_Alik_Bljk_I8II_BH_GB_MT64x64x32_SN_GLVWA8_GLVWB8_GRVW8_K1_SU32_SUS256_TT4_4,NO_CHECK,221.563,4846.21,,1,4,32,1,1,1,1,18874368,2097152,,,,,,,,,,2026-04-18 21:40:30.
0,36/44,23/35,Contraction_l_Alik_Bljk_Cijk_Dijk,"(512,1024,1,1024)",Cijk_Alik_Bljk_I8II_BH_GB_MT64x64x32_SN_GLVWA8_GLVWB8_GRVW16_K1_SU32_SUS256_TT4_4,NO_CHECK,215.682,4978.36,,1,4,32,1,1,1,1,18874368,2097152,,,,,,,,,,2026-04-18 21:40:30.
0,36/44,24/35,Contraction_l_Alik_Bljk_Cijk_Dijk,"(512,1024,1,1024)",Cijk_Alik_Bljk_I8II_BH_GB_MT128x64x32_SN_GLVWA4_GLVWB4_GRVW4_K1_SU0_SUS0_TT8_4,NO_CHECK,195.522,5491.67,,1,2,32,1,1,1,1,14680064,2097152,,,,,,,,,,2026-04-18 21:40:30.
0,36/44,25/35,Contraction_l_Alik_Bljk_Cijk_Dijk,"(512,1024,1,1024)",Cijk_Alik_Bljk_I8II_BH_GB_MT128x64x32_SN_GLVWA8_GLVWB8_GRVW8_K1_SU0_SUS0_TT8_4,NO_CHECK,195.883,5481.55,,1,2,32,1,1,1,1,14680064,2097152,,,,,,,,,,2026-04-18 21:40:30.
0,36/44,26/35,Contraction_l_Alik_Bljk_Cijk_Dijk,"(512,1024,1,1024)",Cijk_Alik_Bljk_I8II_BH_GB_MT128x64x32_SN_GLVWA16_GLVWB8_GRVW16_K1_SU0_SUS0_TT8_4,NO_CHECK,197.483,5437.14,,1,2,32,1,1,1,1,14680064,2097152,,,,,,,,,,2026-04-18 21:40:30.
0,36/44,27/35,Contraction_l_Alik_Bljk_Cijk_Dijk,"(512,1024,1,1024)",Cijk_Alik_Bljk_I8II_BH_GB_MT128x64x32_SN_GLVWA4_GLVWB4_GRVW4_K1_SU32_SUS256_TT8_4,NO_CHECK,234.003,4588.58,,1,2,32,1,1,1,1,14680064,2097152,,,,,,,,,,2026-04-18 21:40:30.
0,36/44,28/35,Contraction_l_Alik_Bljk_Cijk_Dijk,"(512,1024,1,1024)",Cijk_Alik_Bljk_I8II_BH_GB_MT128x64x32_SN_GLVWA8_GLVWB8_GRVW8_K1_SU32_SUS256_TT8_4,NO_CHECK,213.802,5022.13,,1,2,32,1,1,1,1,14680064,2097152,,,,,,,,,,2026-04-18 21:40:30.
0,36/44,29/35,Contraction_l_Alik_Bljk_Cijk_Dijk,"(512,1024,1,1024)",Cijk_Alik_Bljk_I8II_BH_GB_MT128x64x32_SN_GLVWA16_GLVWB8_GRVW16_K1_SU32_SUS256_TT8_4,NO_CHECK,225.002,4772.14,,1,2,32,1,1,1,1,14680064,2097152,,,,,,,,,,2026-04-18 21:40:30.
0,36/44,30/35,Contraction_l_Alik_Bljk_Cijk_Dijk,"(512,1024,1,1024)",Cijk_Alik_Bljk_I8II_BH_GB_MT64x128x32_SN_GLVWA4_GLVWB4_GRVW4_K1_SU0_SUS0_TT4_8,NO_CHECK,196.122,5474.87,,1,2,32,1,1,1,1,14680064,2097152,,,,,,,,,,2026-04-18 21:40:30.
0,36/44,31/35,Contraction_l_Alik_Bljk_Cijk_Dijk,"(512,1024,1,1024)",Cijk_Alik_Bljk_I8II_BH_GB_MT64x128x32_SN_GLVWA8_GLVWB8_GRVW8_K1_SU0_SUS0_TT4_8,NO_CHECK,195.723,5486.03,,1,2,32,1,1,1,1,14680064,2097152,,,,,,,,,,2026-04-18 21:40:30.
0,36/44,32/35,Contraction_l_Alik_Bljk_Cijk_Dijk,"(512,1024,1,1024)",Cijk_Alik_Bljk_I8II_BH_GB_MT64x128x32_SN_GLVWA8_GLVWB16_GRVW16_K1_SU0_SUS0_TT4_8,NO_CHECK,234.362,4581.55,,1,2,32,1,1,1,1,14680064,2097152,,,,,,,,,,2026-04-18 21:40:30.
0,36/44,33/35,Contraction_l_Alik_Bljk_Cijk_Dijk,"(512,1024,1,1024)",Cijk_Alik_Bljk_I8II_BH_GB_MT64x128x32_SN_GLVWA4_GLVWB4_GRVW4_K1_SU32_SUS256_TT4_8,NO_CHECK,197.122,5447.09,,1,2,32,1,1,1,1,14680064,2097152,,,,,,,,,,2026-04-18 21:40:30.
0,36/44,34/35,Contraction_l_Alik_Bljk_Cijk_Dijk,"(512,1024,1,1024)",Cijk_Alik_Bljk_I8II_BH_GB_MT64x128x32_SN_GLVWA8_GLVWB8_GRVW8_K1_SU32_SUS256_TT4_8,NO_CHECK,379.804,2827.09,,1,2,32,1,1,1,1,14680064,2097152,,,,,,,,,,2026-04-18 21:40:30.
0,36/44,35/35,Contraction_l_Alik_Bljk_Cijk_Dijk,"(512,1024,1,1024)",Cijk_Alik_Bljk_I8II_BH_GB_MT64x128x32_SN_GLVWA8_GLVWB16_GRVW16_K1_SU32_SUS256_TT4_8,NO_CHECK,175.962,6102.12,,1,2,32,1,1,1,1,14680064,2097152,,,,,,,,,,2026-04-18 21:40:30.
0,37/44,0/35,Contraction_l_Alik_Bljk_Cijk_Dijk,"(512,1024,1,4096)",Cijk_Alik_Bljk_I8II_BH_GB_MT64x64x16_SN_GLVWA4_GLVWB4_GRVW4_K1_SU0_SUS0_TT4_4,NO_CHECK,749.448,5730.84,,1,4,32,1,1,1,1,69206016,2097152,,,,,,,,,,2026-04-18 21:40:30.
0,37/44,1/35,Contraction_l_Alik_Bljk_Cijk_Dijk,"(512,1024,1,4096)",Cijk_Alik_Bljk_I8II_BH_GB_MT64x64x16_SN_GLVWA4_GLVWB4_GRVW8_K1_SU0_SUS0_TT4_4,NO_CHECK,776.688,5529.85,,1,4,32,1,1,1,1,69206016,2097152,,,,,,,,,,2026-04-18 21:40:30.
0,37/44,2/35,Contraction_l_Alik_Bljk_Cijk_Dijk,"(512,1024,1,4096)",Cijk_Alik_Bljk_I8II_BH_GB_MT64x64x16_SN_GLVWA4_GLVWB4_GRVW16_K1_SU0_SUS0_TT4_4,NO_CHECK,774.729,5543.83,,1,4,32,1,1,1,1,69206016,2097152,,,,,,,,,,2026-04-18 21:40:30.
0,37/44,3/35,Contraction_l_Alik_Bljk_Cijk_Dijk,"(512,1024,1,4096)",Cijk_Alik_Bljk_I8II_BH_GB_MT64x64x16_SN_GLVWA4_GLVWB4_GRVW4_K1_SU32_SUS256_TT4_4,NO_CHECK,745.608,5760.36,,1,4,32,1,1,1,1,69206016,2097152,,,,,,,,,,2026-04-18 21:40:30.
0,37/44,4/35,Contraction_l_Alik_Bljk_Cijk_Dijk,"(512,1024,1,4096)",Cijk_Alik_Bljk_I8II_BH_GB_MT64x64x16_SN_GLVWA4_GLVWB4_GRVW8_K1_SU32_SUS256_TT4_4,NO_CHECK,737.928,5820.31,,1,4,32,1,1,1,1,69206016,2097152,,,,,,,,,,2026-04-18 21:40:30.
0,37/44,5/35,Contraction_l_Alik_Bljk_Cijk_Dijk,"(512,1024,1,4096)",Cijk_Alik_Bljk_I8II_BH_GB_MT64x64x16_SN_GLVWA4_GLVWB4_GRVW16_K1_SU32_SUS256_TT4_4,NO_CHECK,733.088,5858.73,,1,4,32,1,1,1,1,69206016,2097152,,,,,,,,,,2026-04-18 21:40:30.
0,37/44,6/35,Contraction_l_Alik_Bljk_Cijk_Dijk,"(512,1024,1,4096)",Cijk_Alik_Bljk_I8II_BH_GB_MT128x64x16_SN_GLVWA4_GLVWB4_GRVW4_K1_SU0_SUS0_TT8_4,NO_CHECK,607.567,7069.13,,1,2,32,1,1,1,1,52428800,2097152,,,,,,,,,,2026-04-18 21:40:30.
0,37/44,7/35,Contraction_l_Alik_Bljk_Cijk_Dijk,"(512,1024,1,4096)",Cijk_Alik_Bljk_I8II_BH_GB_MT128x64x16_SN_GLVWA8_GLVWB4_GRVW8_K1_SU0_SUS0_TT8_4,NO_CHECK,600.606,7151.06,,1,2,32,1,1,1,1,52428800,2097152,,,,,,,,,,2026-04-18 21:40:30.
0,37/44,8/35,Contraction_l_Alik_Bljk_Cijk_Dijk,"(512,1024,1,4096)",Cijk_Alik_Bljk_I8II_BH_GB_MT128x64x16_SN_GLVWA8_GLVWB4_GRVW16_K1_SU0_SUS0_TT8_4,NO_CHECK,837.53,5128.14,,1,2,32,1,1,1,1,52428800,2097152,,,,,,,,,,2026-04-18 21:40:30.
0,37/44,9/35,Contraction_l_Alik_Bljk_Cijk_Dijk,"(512,1024,1,4096)",Cijk_Alik_Bljk_I8II_BH_GB_MT128x64x16_SN_GLVWA4_GLVWB4_GRVW4_K1_SU32_SUS256_TT8_4,NO_CHECK,634.527,6768.77,,1,2,32,1,1,1,1,52428800,2097152,,,,,,,,,,2026-04-18 21:40:30.
0,37/44,10/35,Contraction_l_Alik_Bljk_Cijk_Dijk,"(512,1024,1,4096)",Cijk_Alik_Bljk_I8II_BH_GB_MT128x64x16_SN_GLVWA8_GLVWB4_GRVW8_K1_SU32_SUS256_TT8_4,NO_CHECK,626.887,6851.26,,1,2,32,1,1,1,1,52428800,2097152,,,,,,,,,,2026-04-18 21:40:30.
0,37/44,11/35,Contraction_l_Alik_Bljk_Cijk_Dijk,"(512,1024,1,4096)",Cijk_Alik_Bljk_I8II_BH_GB_MT128x64x16_SN_GLVWA8_GLVWB4_GRVW16_K1_SU32_SUS256_TT8_4,NO_CHECK,628.367,6835.13,,1,2,32,1,1,1,1,52428800,2097152,,,,,,,,,,2026-04-18 21:40:30.
0,37/44,12/35,Contraction_l_Alik_Bljk_Cijk_Dijk,"(512,1024,1,4096)",Cijk_Alik_Bljk_I8II_BH_GB_MT64x128x16_SN_GLVWA4_GLVWB4_GRVW4_K1_SU0_SUS0_TT4_8,NO_CHECK,603.487,7116.92,,1,2,32,1,1,1,1,52428800,2097152,,,,,,,,,,2026-04-18 21:40:30.
0,37/44,13/35,Contraction_l_Alik_Bljk_Cijk_Dijk,"(512,1024,1,4096)",Cijk_Alik_Bljk_I8II_BH_GB_MT64x128x16_SN_GLVWA4_GLVWB8_GRVW8_K1_SU0_SUS0_TT4_8,NO_CHECK,593.887,7231.96,,1,2,32,1,1,1,1,52428800,2097152,,,,,,,,,,2026-04-18 21:40:30.
0,37/44,14/35,Contraction_l_Alik_Bljk_Cijk_Dijk,"(512,1024,1,4096)",Cijk_Alik_Bljk_I8II_BH_GB_MT64x128x16_SN_GLVWA4_GLVWB8_GRVW16_K1_SU0_SUS0_TT4_8,NO_CHECK,595.006,7218.36,,1,2,32,1,1,1,1,52428800,2097152,,,,,,,,,,2026-04-18 21:40:30.
0,37/44,15/35,Contraction_l_Alik_Bljk_Cijk_Dijk,"(512,1024,1,4096)",Cijk_Alik_Bljk_I8II_BH_GB_MT64x128x16_SN_GLVWA4_GLVWB4_GRVW4_K1_SU32_SUS256_TT4_8,NO_CHECK,595.767,7209.14,,1,2,32,1,1,1,1,52428800,2097152,,,,,,,,,,2026-04-18 21:40:30.
0,37/44,16/35,Contraction_l_Alik_Bljk_Cijk_Dijk,"(512,1024,1,4096)",Cijk_Alik_Bljk_I8II_BH_GB_MT64x128x16_SN_GLVWA4_GLVWB8_GRVW8_K1_SU32_SUS256_TT4_8,NO_CHECK,595.487,7212.53,,1,2,32,1,1,1,1,52428800,2097152,,,,,,,,,,2026-04-18 21:40:30.
0,37/44,17/35,Contraction_l_Alik_Bljk_Cijk_Dijk,"(512,1024,1,4096)",Cijk_Alik_Bljk_I8II_BH_GB_MT64x128x16_SN_GLVWA4_GLVWB8_GRVW16_K1_SU32_SUS256_TT4_8,NO_CHECK,596.327,7202.37,,1,2,32,1,1,1,1,52428800,2097152,,,,,,,,,,2026-04-18 21:40:30.
0,37/44,18/35,Contraction_l_Alik_Bljk_Cijk_Dijk,"(512,1024,1,4096)",Cijk_Alik_Bljk_I8II_BH_GB_MT64x64x32_SN_GLVWA4_GLVWB4_GRVW4_K1_SU0_SUS0_TT4_4,NO_CHECK,760.969,5644.08,,1,4,32,1,1,1,1,69206016,2097152,,,,,,,,,,2026-04-18 21:40:30.
0,37/44,19/35,Contraction_l_Alik_Bljk_Cijk_Dijk,"(512,1024,1,4096)",Cijk_Alik_Bljk_I8II_BH_GB_MT64x64x32_SN_GLVWA8_GLVWB8_GRVW8_K1_SU0_SUS0_TT4_4,NO_CHECK,764.088,5621.04,,1,4,32,1,1,1,1,69206016,2097152,,,,,,,,,,2026-04-18 21:40:30.
0,37/44,20/35,Contraction_l_Alik_Bljk_Cijk_Dijk,"(512,1024,1,4096)",Cijk_Alik_Bljk_I8II_BH_GB_MT64x64x32_SN_GLVWA8_GLVWB8_GRVW16_K1_SU0_SUS0_TT4_4,NO_CHECK,727.888,5900.59,,1,4,32,1,1,1,1,69206016,2097152,,,,,,,,,,2026-04-18 21:40:30.
0,37/44,21/35,Contraction_l_Alik_Bljk_Cijk_Dijk,"(512,1024,1,4096)",Cijk_Alik_Bljk_I8II_BH_GB_MT64x64x32_SN_GLVWA4_GLVWB4_GRVW4_K1_SU32_SUS256_TT4_4,NO_CHECK,732.688,5861.93,,1,4,32,1,1,1,1,69206016,2097152,,,,,,,,,,2026-04-18 21:40:30.
0,37/44,22/35,Contraction_l_Alik_Bljk_Cijk_Dijk,"(512,1024,1,4096)",Cijk_Alik_Bljk_I8II_BH_GB_MT64x64x32_SN_GLVWA8_GLVWB8_GRVW8_K1_SU32_SUS256_TT4_4,NO_CHECK,730.888,5876.37,,1,4,32,1,1,1,1,69206016,2097152,,,,,,,,,,2026-04-18 21:40:30.
0,37/44,23/35,Contraction_l_Alik_Bljk_Cijk_Dijk,"(512,1024,1,4096)",Cijk_Alik_Bljk_I8II_BH_GB_MT64x64x32_SN_GLVWA8_GLVWB8_GRVW16_K1_SU32_SUS256_TT4_4,NO_CHECK,726.169,5914.56,,1,4,32,1,1,1,1,69206016,2097152,,,,,,,,,,2026-04-18 21:40:30.
0,37/44,24/35,Contraction_l_Alik_Bljk_Cijk_Dijk,"(512,1024,1,4096)",Cijk_Alik_Bljk_I8II_BH_GB_MT128x64x32_SN_GLVWA4_GLVWB4_GRVW4_K1_SU0_SUS0_TT8_4,NO_CHECK,602.127,7132.99,,1,2,32,1,1,1,1,52428800,2097152,,,,,,,,,,2026-04-18 21:40:30.
0,37/44,25/35,Contraction_l_Alik_Bljk_Cijk_Dijk,"(512,1024,1,4096)",Cijk_Alik_Bljk_I8II_BH_GB_MT128x64x32_SN_GLVWA8_GLVWB8_GRVW8_K1_SU0_SUS0_TT8_4,NO_CHECK,600.687,7150.09,,1,2,32,1,1,1,1,52428800,2097152,,,,,,,,,,2026-04-18 21:40:30.
0,37/44,26/35,Contraction_l_Alik_Bljk_Cijk_Dijk,"(512,1024,1,4096)",Cijk_Alik_Bljk_I8II_BH_GB_MT128x64x32_SN_GLVWA16_GLVWB8_GRVW16_K1_SU0_SUS0_TT8_4,NO_CHECK,603.567,7115.97,,1,2,32,1,1,1,1,52428800,2097152,,,,,,,,,,2026-04-18 21:40:30.
0,37/44,27/35,Contraction_l_Alik_Bljk_Cijk_Dijk,"(512,1024,1,4096)",Cijk_Alik_Bljk_I8II_BH_GB_MT128x64x32_SN_GLVWA4_GLVWB4_GRVW4_K1_SU32_SUS256_TT8_4,NO_CHECK,642.768,6681.99,,1,2,32,1,1,1,1,52428800,2097152,,,,,,,,,,2026-04-18 21:40:30.
0,37/44,28/35,Contraction_l_Alik_Bljk_Cijk_Dijk,"(512,1024,1,4096)",Cijk_Alik_Bljk_I8II_BH_GB_MT128x64x32_SN_GLVWA8_GLVWB8_GRVW8_K1_SU32_SUS256_TT8_4,NO_CHECK,630.807,6808.69,,1,2,32,1,1,1,1,52428800,2097152,,,,,,,,,,2026-04-18 21:40:30.
0,37/44,29/35,Contraction_l_Alik_Bljk_Cijk_Dijk,"(512,1024,1,4096)",Cijk_Alik_Bljk_I8II_BH_GB_MT128x64x32_SN_GLVWA16_GLVWB8_GRVW16_K1_SU32_SUS256_TT8_4,NO_CHECK,607.007,7075.65,,1,2,32,1,1,1,1,52428800,2097152,,,,,,,,,,2026-04-18 21:40:30.
0,37/44,30/35,Contraction_l_Alik_Bljk_Cijk_Dijk,"(512,1024,1,4096)",Cijk_Alik_Bljk_I8II_BH_GB_MT64x128x32_SN_GLVWA4_GLVWB4_GRVW4_K1_SU0_SUS0_TT4_8,NO_CHECK,607.287,7072.38,,1,2,32,1,1,1,1,52428800,2097152,,,,,,,,,,2026-04-18 21:40:30.
0,37/44,31/35,Contraction_l_Alik_Bljk_Cijk_Dijk,"(512,1024,1,4096)",Cijk_Alik_Bljk_I8II_BH_GB_MT64x128x32_SN_GLVWA8_GLVWB8_GRVW8_K1_SU0_SUS0_TT4_8,NO_CHECK,602.487,7128.73,,1,2,32,1,1,1,1,52428800,2097152,,,,,,,,,,2026-04-18 21:40:30.
0,37/44,32/35,Contraction_l_Alik_Bljk_Cijk_Dijk,"(512,1024,1,4096)",Cijk_Alik_Bljk_I8II_BH_GB_MT64x128x32_SN_GLVWA8_GLVWB16_GRVW16_K1_SU0_SUS0_TT4_8,NO_CHECK,603.726,7114.1,,1,2,32,1,1,1,1,52428800,2097152,,,,,,,,,,2026-04-18 21:40:30.
0,37/44,33/35,Contraction_l_Alik_Bljk_Cijk_Dijk,"(512,1024,1,4096)",Cijk_Alik_Bljk_I8II_BH_GB_MT64x128x32_SN_GLVWA4_GLVWB4_GRVW4_K1_SU32_SUS256_TT4_8,NO_CHECK,603.047,7122.11,,1,2,32,1,1,1,1,52428800,2097152,,,,,,,,,,2026-04-18 21:40:30.
0,37/44,34/35,Contraction_l_Alik_Bljk_Cijk_Dijk,"(512,1024,1,4096)",Cijk_Alik_Bljk_I8II_BH_GB_MT64x128x32_SN_GLVWA8_GLVWB8_GRVW8_K1_SU32_SUS256_TT4_8,NO_CHECK,601.607,7139.16,,1,2,32,1,1,1,1,52428800,2097152,,,,,,,,,,2026-04-18 21:40:30.
0,37/44,35/35,Contraction_l_Alik_Bljk_Cijk_Dijk,"(512,1024,1,4096)",Cijk_Alik_Bljk_I8II_BH_GB_MT64x128x32_SN_GLVWA8_GLVWB16_GRVW16_K1_SU32_SUS256_TT4_8,NO_CHECK,598.927,7171.1,,1,2,32,1,1,1,1,52428800,2097152,,,,,,,,,,2026-04-18 21:40:30.
0,38/44,0/35,Contraction_l_Alik_Bljk_Cijk_Dijk,"(512,1024,1,8192)",Cijk_Alik_Bljk_I8II_BH_GB_MT64x64x16_SN_GLVWA4_GLVWB4_GRVW4_K1_SU0_SUS0_TT4_4,NO_CHECK,1472.38,5834.06,,1,4,32,1,1,1,1,136314880,2097152,,,,,,,,,,2026-04-18 21:40:30.
0,38/44,1/35,Contraction_l_Alik_Bljk_Cijk_Dijk,"(512,1024,1,8192)",Cijk_Alik_Bljk_I8II_BH_GB_MT64x64x16_SN_GLVWA4_GLVWB4_GRVW8_K1_SU0_SUS0_TT4_4,NO_CHECK,1607.78,5342.73,,1,4,32,1,1,1,1,136314880,2097152,,,,,,,,,,2026-04-18 21:40:30.
0,38/44,2/35,Contraction_l_Alik_Bljk_Cijk_Dijk,"(512,1024,1,8192)",Cijk_Alik_Bljk_I8II_BH_GB_MT64x64x16_SN_GLVWA4_GLVWB4_GRVW16_K1_SU0_SUS0_TT4_4,NO_CHECK,1473.82,5828.36,,1,4,32,1,1,1,1,136314880,2097152,,,,,,,,,,2026-04-18 21:40:30.
0,38/44,3/35,Contraction_l_Alik_Bljk_Cijk_Dijk,"(512,1024,1,8192)",Cijk_Alik_Bljk_I8II_BH_GB_MT64x64x16_SN_GLVWA4_GLVWB4_GRVW4_K1_SU32_SUS256_TT4_4,NO_CHECK,1442.34,5955.57,,1,4,32,1,1,1,1,136314880,2097152,,,,,,,,,,2026-04-18 21:40:30.
0,38/44,4/35,Contraction_l_Alik_Bljk_Cijk_Dijk,"(512,1024,1,8192)",Cijk_Alik_Bljk_I8II_BH_GB_MT64x64x16_SN_GLVWA4_GLVWB4_GRVW8_K1_SU32_SUS256_TT4_4,NO_CHECK,1442.3,5955.74,,1,4,32,1,1,1,1,136314880,2097152,,,,,,,,,,2026-04-18 21:40:30.
0,38/44,5/35,Contraction_l_Alik_Bljk_Cijk_Dijk,"(512,1024,1,8192)",Cijk_Alik_Bljk_I8II_BH_GB_MT64x64x16_SN_GLVWA4_GLVWB4_GRVW16_K1_SU32_SUS256_TT4_4,NO_CHECK,1438.94,5969.64,,1,4,32,1,1,1,1,136314880,2097152,,,,,,,,,,2026-04-18 21:40:30.
0,38/44,6/35,Contraction_l_Alik_Bljk_Cijk_Dijk,"(512,1024,1,8192)",Cijk_Alik_Bljk_I8II_BH_GB_MT128x64x16_SN_GLVWA4_GLVWB4_GRVW4_K1_SU0_SUS0_TT8_4,NO_CHECK,1176.33,7302.3,,1,2,32,1,1,1,1,102760448,2097152,,,,,,,,,,2026-04-18 21:40:30.
0,38/44,7/35,Contraction_l_Alik_Bljk_Cijk_Dijk,"(512,1024,1,8192)",Cijk_Alik_Bljk_I8II_BH_GB_MT128x64x16_SN_GLVWA8_GLVWB4_GRVW8_K1_SU0_SUS0_TT8_4,NO_CHECK,1169.49,7345.01,,1,2,32,1,1,1,1,102760448,2097152,,,,,,,,,,2026-04-18 21:40:30.
0,38/44,8/35,Contraction_l_Alik_Bljk_Cijk_Dijk,"(512,1024,1,8192)",Cijk_Alik_Bljk_I8II_BH_GB_MT128x64x16_SN_GLVWA8_GLVWB4_GRVW16_K1_SU0_SUS0_TT8_4,NO_CHECK,1180.69,7275.33,,1,2,32,1,1,1,1,102760448,2097152,,,,,,,,,,2026-04-18 21:40:30.
0,38/44,9/35,Contraction_l_Alik_Bljk_Cijk_Dijk,"(512,1024,1,8192)",Cijk_Alik_Bljk_I8II_BH_GB_MT128x64x16_SN_GLVWA4_GLVWB4_GRVW4_K1_SU32_SUS256_TT8_4,NO_CHECK,1175.17,7309.5,,1,2,32,1,1,1,1,102760448,2097152,,,,,,,,,,2026-04-18 21:40:30.
0,38/44,10/35,Contraction_l_Alik_Bljk_Cijk_Dijk,"(512,1024,1,8192)",Cijk_Alik_Bljk_I8II_BH_GB_MT128x64x16_SN_GLVWA8_GLVWB4_GRVW8_K1_SU32_SUS256_TT8_4,NO_CHECK,1200.29,7156.53,,1,2,32,1,1,1,1,102760448,2097152,,,,,,,,,,2026-04-18 21:40:30.
0,38/44,11/35,Contraction_l_Alik_Bljk_Cijk_Dijk,"(512,1024,1,8192)",Cijk_Alik_Bljk_I8II_BH_GB_MT128x64x16_SN_GLVWA8_GLVWB4_GRVW16_K1_SU32_SUS256_TT8_4,NO_CHECK,1170.97,7335.72,,1,2,32,1,1,1,1,102760448,2097152,,,,,,,,,,2026-04-18 21:40:30.
0,38/44,12/35,Contraction_l_Alik_Bljk_Cijk_Dijk,"(512,1024,1,8192)",Cijk_Alik_Bljk_I8II_BH_GB_MT64x128x16_SN_GLVWA4_GLVWB4_GRVW4_K1_SU0_SUS0_TT4_8,NO_CHECK,1166.93,7361.12,,1,2,32,1,1,1,1,102760448,2097152,,,,,,,,,,2026-04-18 21:40:30.
0,38/44,13/35,Contraction_l_Alik_Bljk_Cijk_Dijk,"(512,1024,1,8192)",Cijk_Alik_Bljk_I8II_BH_GB_MT64x128x16_SN_GLVWA4_GLVWB8_GRVW8_K1_SU0_SUS0_TT4_8,NO_CHECK,1166.89,7361.37,,1,2,32,1,1,1,1,102760448,2097152,,,,,,,,,,2026-04-18 21:40:30.
0,38/44,14/35,Contraction_l_Alik_Bljk_Cijk_Dijk,"(512,1024,1,8192)",Cijk_Alik_Bljk_I8II_BH_GB_MT64x128x16_SN_GLVWA4_GLVWB8_GRVW16_K1_SU0_SUS0_TT4_8,NO_CHECK,1174.49,7313.74,,1,2,32,1,1,1,1,102760448,2097152,,,,,,,,,,2026-04-18 21:40:30.
0,38/44,15/35,Contraction_l_Alik_Bljk_Cijk_Dijk,"(512,1024,1,8192)",Cijk_Alik_Bljk_I8II_BH_GB_MT64x128x16_SN_GLVWA4_GLVWB4_GRVW4_K1_SU32_SUS256_TT4_8,NO_CHECK,1173.01,7322.96,,1,2,32,1,1,1,1,102760448,2097152,,,,,,,,,,2026-04-18 21:40:30.
0,38/44,16/35,Contraction_l_Alik_Bljk_Cijk_Dijk,"(512,1024,1,8192)",Cijk_Alik_Bljk_I8II_BH_GB_MT64x128x16_SN_GLVWA4_GLVWB8_GRVW8_K1_SU32_SUS256_TT4_8,NO_CHECK,1168.53,7351.03,,1,2,32,1,1,1,1,102760448,2097152,,,,,,,,,,2026-04-18 21:40:30.
0,38/44,17/35,Contraction_l_Alik_Bljk_Cijk_Dijk,"(512,1024,1,8192)",Cijk_Alik_Bljk_I8II_BH_GB_MT64x128x16_SN_GLVWA4_GLVWB8_GRVW16_K1_SU32_SUS256_TT4_8,NO_CHECK,1166.25,7365.41,,1,2,32,1,1,1,1,102760448,2097152,,,,,,,,,,2026-04-18 21:40:30.
0,38/44,18/35,Contraction_l_Alik_Bljk_Cijk_Dijk,"(512,1024,1,8192)",Cijk_Alik_Bljk_I8II_BH_GB_MT64x64x32_SN_GLVWA4_GLVWB4_GRVW4_K1_SU0_SUS0_TT4_4,NO_CHECK,1449.18,5927.46,,1,4,32,1,1,1,1,136314880,2097152,,,,,,,,,,2026-04-18 21:40:30.
0,38/44,19/35,Contraction_l_Alik_Bljk_Cijk_Dijk,"(512,1024,1,8192)",Cijk_Alik_Bljk_I8II_BH_GB_MT64x64x32_SN_GLVWA8_GLVWB8_GRVW8_K1_SU0_SUS0_TT4_4,NO_CHECK,1448.62,5929.75,,1,4,32,1,1,1,1,136314880,2097152,,,,,,,,,,2026-04-18 21:40:30.
0,38/44,20/35,Contraction_l_Alik_Bljk_Cijk_Dijk,"(512,1024,1,8192)",Cijk_Alik_Bljk_I8II_BH_GB_MT64x64x32_SN_GLVWA8_GLVWB8_GRVW16_K1_SU0_SUS0_TT4_4,NO_CHECK,1445.26,5943.54,,1,4,32,1,1,1,1,136314880,2097152,,,,,,,,,,2026-04-18 21:40:30.
0,38/44,21/35,Contraction_l_Alik_Bljk_Cijk_Dijk,"(512,1024,1,8192)",Cijk_Alik_Bljk_I8II_BH_GB_MT64x64x32_SN_GLVWA4_GLVWB4_GRVW4_K1_SU32_SUS256_TT4_4,NO_CHECK,1445.66,5941.89,,1,4,32,1,1,1,1,136314880,2097152,,,,,,,,,,2026-04-18 21:40:30.
0,38/44,22/35,Contraction_l_Alik_Bljk_Cijk_Dijk,"(512,1024,1,8192)",Cijk_Alik_Bljk_I8II_BH_GB_MT64x64x32_SN_GLVWA8_GLVWB8_GRVW8_K1_SU32_SUS256_TT4_4,NO_CHECK,1439.9,5965.66,,1,4,32,1,1,1,1,136314880,2097152,,,,,,,,,,2026-04-18 21:40:30.
0,38/44,23/35,Contraction_l_Alik_Bljk_Cijk_Dijk,"(512,1024,1,8192)",Cijk_Alik_Bljk_I8II_BH_GB_MT64x64x32_SN_GLVWA8_GLVWB8_GRVW16_K1_SU32_SUS256_TT4_4,NO_CHECK,1436.38,5980.28,,1,4,32,1,1,1,1,136314880,2097152,,,,,,,,,,2026-04-18 21:40:30.
0,38/44,24/35,Contraction_l_Alik_Bljk_Cijk_Dijk,"(512,1024,1,8192)",Cijk_Alik_Bljk_I8II_BH_GB_MT128x64x32_SN_GLVWA4_GLVWB4_GRVW4_K1_SU0_SUS0_TT8_4,NO_CHECK,1345.94,6382.13,,1,2,32,1,1,1,1,102760448,2097152,,,,,,,,,,2026-04-18 21:40:30.
0,38/44,25/35,Contraction_l_Alik_Bljk_Cijk_Dijk,"(512,1024,1,8192)",Cijk_Alik_Bljk_I8II_BH_GB_MT128x64x32_SN_GLVWA8_GLVWB8_GRVW8_K1_SU0_SUS0_TT8_4,NO_CHECK,1175.45,7307.76,,1,2,32,1,1,1,1,102760448,2097152,,,,,,,,,,2026-04-18 21:40:30.
0,38/44,26/35,Contraction_l_Alik_Bljk_Cijk_Dijk,"(512,1024,1,8192)",Cijk_Alik_Bljk_I8II_BH_GB_MT128x64x32_SN_GLVWA16_GLVWB8_GRVW16_K1_SU0_SUS0_TT8_4,NO_CHECK,1181.41,7270.9,,1,2,32,1,1,1,1,102760448,2097152,,,,,,,,,,2026-04-18 21:40:30.
0,38/44,27/35,Contraction_l_Alik_Bljk_Cijk_Dijk,"(512,1024,1,8192)",Cijk_Alik_Bljk_I8II_BH_GB_MT128x64x32_SN_GLVWA4_GLVWB4_GRVW4_K1_SU32_SUS256_TT8_4,NO_CHECK,1180.77,7274.84,,1,2,32,1,1,1,1,102760448,2097152,,,,,,,,,,2026-04-18 21:40:30.
0,38/44,28/35,Contraction_l_Alik_Bljk_Cijk_Dijk,"(512,1024,1,8192)",Cijk_Alik_Bljk_I8II_BH_GB_MT128x64x32_SN_GLVWA8_GLVWB8_GRVW8_K1_SU32_SUS256_TT8_4,NO_CHECK,1177.97,7292.13,,1,2,32,1,1,1,1,102760448,2097152,,,,,,,,,,2026-04-18 21:40:30.
0,38/44,29/35,Contraction_l_Alik_Bljk_Cijk_Dijk,"(512,1024,1,8192)",Cijk_Alik_Bljk_I8II_BH_GB_MT128x64x32_SN_GLVWA16_GLVWB8_GRVW16_K1_SU32_SUS256_TT8_4,NO_CHECK,1181.93,7267.7,,1,2,32,1,1,1,1,102760448,2097152,,,,,,,,,,2026-04-18 21:40:30.
0,38/44,30/35,Contraction_l_Alik_Bljk_Cijk_Dijk,"(512,1024,1,8192)",Cijk_Alik_Bljk_I8II_BH_GB_MT64x128x32_SN_GLVWA4_GLVWB4_GRVW4_K1_SU0_SUS0_TT4_8,NO_CHECK,1340.29,6408.99,,1,2,32,1,1,1,1,102760448,2097152,,,,,,,,,,2026-04-18 21:40:30.
0,38/44,31/35,Contraction_l_Alik_Bljk_Cijk_Dijk,"(512,1024,1,8192)",Cijk_Alik_Bljk_I8II_BH_GB_MT64x128x32_SN_GLVWA8_GLVWB8_GRVW8_K1_SU0_SUS0_TT4_8,NO_CHECK,1186.45,7240.01,,1,2,32,1,1,1,1,102760448,2097152,,,,,,,,,,2026-04-18 21:40:30.
0,38/44,32/35,Contraction_l_Alik_Bljk_Cijk_Dijk,"(512,1024,1,8192)",Cijk_Alik_Bljk_I8II_BH_GB_MT64x128x32_SN_GLVWA8_GLVWB16_GRVW16_K1_SU0_SUS0_TT4_8,NO_CHECK,1178.69,7287.68,,1,2,32,1,1,1,1,102760448,2097152,,,,,,,,,,2026-04-18 21:40:30.
0,38/44,33/35,Contraction_l_Alik_Bljk_Cijk_Dijk,"(512,1024,1,8192)",Cijk_Alik_Bljk_I8II_BH_GB_MT64x128x32_SN_GLVWA4_GLVWB4_GRVW4_K1_SU32_SUS256_TT4_8,NO_CHECK,1179.13,7284.95,,1,2,32,1,1,1,1,102760448,2097152,,,,,,,,,,2026-04-18 21:40:30.
0,38/44,34/35,Contraction_l_Alik_Bljk_Cijk_Dijk,"(512,1024,1,8192)",Cijk_Alik_Bljk_I8II_BH_GB_MT64x128x32_SN_GLVWA8_GLVWB8_GRVW8_K1_SU32_SUS256_TT4_8,NO_CHECK,1175.09,7310,,1,2,32,1,1,1,1,102760448,2097152,,,,,,,,,,2026-04-18 21:40:30.
0,38/44,35/35,Contraction_l_Alik_Bljk_Cijk_Dijk,"(512,1024,1,8192)",Cijk_Alik_Bljk_I8II_BH_GB_MT64x128x32_SN_GLVWA8_GLVWB16_GRVW16_K1_SU32_SUS256_TT4_8,NO_CHECK,1172.77,7324.46,,1,2,32,1,1,1,1,102760448,2097152,,,,,,,,,,2026-04-18 21:40:30.
0,39/44,0/35,Contraction_l_Alik_Bljk_Cijk_Dijk,"(512,4096,1,1024)",Cijk_Alik_Bljk_I8II_BH_GB_MT64x64x16_SN_GLVWA4_GLVWB4_GRVW4_K1_SU0_SUS0_TT4_4,NO_CHECK,879.53,4883.25,,1,16,32,1,1,1,1,75497472,8388608,,,,,,,,,,2026-04-18 21:40:30.
0,39/44,1/35,Contraction_l_Alik_Bljk_Cijk_Dijk,"(512,4096,1,1024)",Cijk_Alik_Bljk_I8II_BH_GB_MT64x64x16_SN_GLVWA4_GLVWB4_GRVW8_K1_SU0_SUS0_TT4_4,NO_CHECK,767.329,5597.3,,1,16,32,1,1,1,1,75497472,8388608,,,,,,,,,,2026-04-18 21:40:30.
0,39/44,2/35,Contraction_l_Alik_Bljk_Cijk_Dijk,"(512,4096,1,1024)",Cijk_Alik_Bljk_I8II_BH_GB_MT64x64x16_SN_GLVWA4_GLVWB4_GRVW16_K1_SU0_SUS0_TT4_4,NO_CHECK,719.288,5971.14,,1,16,32,1,1,1,1,75497472,8388608,,,,,,,,,,2026-04-18 21:40:30.
0,39/44,3/35,Contraction_l_Alik_Bljk_Cijk_Dijk,"(512,4096,1,1024)",Cijk_Alik_Bljk_I8II_BH_GB_MT64x64x16_SN_GLVWA4_GLVWB4_GRVW4_K1_SU32_SUS256_TT4_4,NO_CHECK,785.529,5467.61,,1,16,32,1,1,1,1,75497472,8388608,,,,,,,,,,2026-04-18 21:40:30.
0,39/44,4/35,Contraction_l_Alik_Bljk_Cijk_Dijk,"(512,4096,1,1024)",Cijk_Alik_Bljk_I8II_BH_GB_MT64x64x16_SN_GLVWA4_GLVWB4_GRVW8_K1_SU32_SUS256_TT4_4,NO_CHECK,767.649,5594.96,,1,16,32,1,1,1,1,75497472,8388608,,,,,,,,,,2026-04-18 21:40:30.
0,39/44,5/35,Contraction_l_Alik_Bljk_Cijk_Dijk,"(512,4096,1,1024)",Cijk_Alik_Bljk_I8II_BH_GB_MT64x64x16_SN_GLVWA4_GLVWB4_GRVW16_K1_SU32_SUS256_TT4_4,NO_CHECK,748.009,5741.87,,1,16,32,1,1,1,1,75497472,8388608,,,,,,,,,,2026-04-18 21:40:30.
0,39/44,6/35,Contraction_l_Alik_Bljk_Cijk_Dijk,"(512,4096,1,1024)",Cijk_Alik_Bljk_I8II_BH_GB_MT128x64x16_SN_GLVWA4_GLVWB4_GRVW4_K1_SU0_SUS0_TT8_4,NO_CHECK,594.447,7225.15,,1,8,32,1,1,1,1,58720256,8388608,,,,,,,,,,2026-04-18 21:40:30.
0,39/44,7/35,Contraction_l_Alik_Bljk_Cijk_Dijk,"(512,4096,1,1024)",Cijk_Alik_Bljk_I8II_BH_GB_MT128x64x16_SN_GLVWA8_GLVWB4_GRVW8_K1_SU0_SUS0_TT8_4,NO_CHECK,594.926,7219.33,,1,8,32,1,1,1,1,58720256,8388608,,,,,,,,,,2026-04-18 21:40:30.
0,39/44,8/35,Contraction_l_Alik_Bljk_Cijk_Dijk,"(512,4096,1,1024)",Cijk_Alik_Bljk_I8II_BH_GB_MT128x64x16_SN_GLVWA8_GLVWB4_GRVW16_K1_SU0_SUS0_TT8_4,NO_CHECK,591.407,7262.29,,1,8,32,1,1,1,1,58720256,8388608,,,,,,,,,,2026-04-18 21:40:30.
0,39/44,9/35,Contraction_l_Alik_Bljk_Cijk_Dijk,"(512,4096,1,1024)",Cijk_Alik_Bljk_I8II_BH_GB_MT128x64x16_SN_GLVWA4_GLVWB4_GRVW4_K1_SU32_SUS256_TT8_4,NO_CHECK,603.487,7116.92,,1,8,32,1,1,1,1,58720256,8388608,,,,,,,,,,2026-04-18 21:40:30.
0,39/44,10/35,Contraction_l_Alik_Bljk_Cijk_Dijk,"(512,4096,1,1024)",Cijk_Alik_Bljk_I8II_BH_GB_MT128x64x16_SN_GLVWA8_GLVWB4_GRVW8_K1_SU32_SUS256_TT8_4,NO_CHECK,812.09,5288.78,,1,8,32,1,1,1,1,58720256,8388608,,,,,,,,,,2026-04-18 21:40:30.
0,39/44,11/35,Contraction_l_Alik_Bljk_Cijk_Dijk,"(512,4096,1,1024)",Cijk_Alik_Bljk_I8II_BH_GB_MT128x64x16_SN_GLVWA8_GLVWB4_GRVW16_K1_SU32_SUS256_TT8_4,NO_CHECK,645.047,6658.38,,1,8,32,1,1,1,1,58720256,8388608,,,,,,,,,,2026-04-18 21:40:30.
0,39/44,12/35,Contraction_l_Alik_Bljk_Cijk_Dijk,"(512,4096,1,1024)",Cijk_Alik_Bljk_I8II_BH_GB_MT64x128x16_SN_GLVWA4_GLVWB4_GRVW4_K1_SU0_SUS0_TT4_8,NO_CHECK,605.287,7095.75,,1,8,32,1,1,1,1,58720256,8388608,,,,,,,,,,2026-04-18 21:40:30.
0,39/44,13/35,Contraction_l_Alik_Bljk_Cijk_Dijk,"(512,4096,1,1024)",Cijk_Alik_Bljk_I8II_BH_GB_MT64x128x16_SN_GLVWA4_GLVWB8_GRVW8_K1_SU0_SUS0_TT4_8,NO_CHECK,604.246,7107.98,,1,8,32,1,1,1,1,58720256,8388608,,,,,,,,,,2026-04-18 21:40:30.
0,39/44,14/35,Contraction_l_Alik_Bljk_Cijk_Dijk,"(512,4096,1,1024)",Cijk_Alik_Bljk_I8II_BH_GB_MT64x128x16_SN_GLVWA4_GLVWB8_GRVW16_K1_SU0_SUS0_TT4_8,NO_CHECK,640.487,6705.78,,1,8,32,1,1,1,1,58720256,8388608,,,,,,,,,,2026-04-18 21:40:30.
0,39/44,15/35,Contraction_l_Alik_Bljk_Cijk_Dijk,"(512,4096,1,1024)",Cijk_Alik_Bljk_I8II_BH_GB_MT64x128x16_SN_GLVWA4_GLVWB4_GRVW4_K1_SU32_SUS256_TT4_8,NO_CHECK,609.007,7052.41,,1,8,32,1,1,1,1,58720256,8388608,,,,,,,,,,2026-04-18 21:40:30.
0,39/44,16/35,Contraction_l_Alik_Bljk_Cijk_Dijk,"(512,4096,1,1024)",Cijk_Alik_Bljk_I8II_BH_GB_MT64x128x16_SN_GLVWA4_GLVWB8_GRVW8_K1_SU32_SUS256_TT4_8,NO_CHECK,592.886,7244.17,,1,8,32,1,1,1,1,58720256,8388608,,,,,,,,,,2026-04-18 21:40:30.
0,39/44,17/35,Contraction_l_Alik_Bljk_Cijk_Dijk,"(512,4096,1,1024)",Cijk_Alik_Bljk_I8II_BH_GB_MT64x128x16_SN_GLVWA4_GLVWB8_GRVW16_K1_SU32_SUS256_TT4_8,NO_CHECK,570.847,7523.85,,1,8,32,1,1,1,1,58720256,8388608,,,,,,,,,,2026-04-18 21:40:30.
0,39/44,18/35,Contraction_l_Alik_Bljk_Cijk_Dijk,"(512,4096,1,1024)",Cijk_Alik_Bljk_I8II_BH_GB_MT64x64x32_SN_GLVWA4_GLVWB4_GRVW4_K1_SU0_SUS0_TT4_4,NO_CHECK,714.248,6013.27,,1,16,32,1,1,1,1,75497472,8388608,,,,,,,,,,2026-04-18 21:40:30.
0,39/44,19/35,Contraction_l_Alik_Bljk_Cijk_Dijk,"(512,4096,1,1024)",Cijk_Alik_Bljk_I8II_BH_GB_MT64x64x32_SN_GLVWA8_GLVWB8_GRVW8_K1_SU0_SUS0_TT4_4,NO_CHECK,734.168,5850.12,,1,16,32,1,1,1,1,75497472,8388608,,,,,,,,,,2026-04-18 21:40:30.
0,39/44,20/35,Contraction_l_Alik_Bljk_Cijk_Dijk,"(512,4096,1,1024)",Cijk_Alik_Bljk_I8II_BH_GB_MT64x64x32_SN_GLVWA8_GLVWB8_GRVW16_K1_SU0_SUS0_TT4_4,NO_CHECK,959.091,4478.16,,1,16,32,1,1,1,1,75497472,8388608,,,,,,,,,,2026-04-18 21:40:30.
0,39/44,21/35,Contraction_l_Alik_Bljk_Cijk_Dijk,"(512,4096,1,1024)",Cijk_Alik_Bljk_I8II_BH_GB_MT64x64x32_SN_GLVWA4_GLVWB4_GRVW4_K1_SU32_SUS256_TT4_4,NO_CHECK,744.689,5767.46,,1,16,32,1,1,1,1,75497472,8388608,,,,,,,,,,2026-04-18 21:40:30.
0,39/44,22/35,Contraction_l_Alik_Bljk_Cijk_Dijk,"(512,4096,1,1024)",Cijk_Alik_Bljk_I8II_BH_GB_MT64x64x32_SN_GLVWA8_GLVWB8_GRVW8_K1_SU32_SUS256_TT4_4,NO_CHECK,750.329,5724.11,,1,16,32,1,1,1,1,75497472,8388608,,,,,,,,,,2026-04-18 21:40:30.
0,39/44,23/35,Contraction_l_Alik_Bljk_Cijk_Dijk,"(512,4096,1,1024)",Cijk_Alik_Bljk_I8II_BH_GB_MT64x64x32_SN_GLVWA8_GLVWB8_GRVW16_K1_SU32_SUS256_TT4_4,NO_CHECK,754.769,5690.44,,1,16,32,1,1,1,1,75497472,8388608,,,,,,,,,,2026-04-18 21:40:30.
0,39/44,24/35,Contraction_l_Alik_Bljk_Cijk_Dijk,"(512,4096,1,1024)",Cijk_Alik_Bljk_I8II_BH_GB_MT128x64x32_SN_GLVWA4_GLVWB4_GRVW4_K1_SU0_SUS0_TT8_4,NO_CHECK,575.646,7461.13,,1,8,32,1,1,1,1,58720256,8388608,,,,,,,,,,2026-04-18 21:40:30.
0,39/44,25/35,Contraction_l_Alik_Bljk_Cijk_Dijk,"(512,4096,1,1024)",Cijk_Alik_Bljk_I8II_BH_GB_MT128x64x32_SN_GLVWA8_GLVWB8_GRVW8_K1_SU0_SUS0_TT8_4,NO_CHECK,573.886,7484.01,,1,8,32,1,1,1,1,58720256,8388608,,,,,,,,,,2026-04-18 21:40:30.
0,39/44,26/35,Contraction_l_Alik_Bljk_Cijk_Dijk,"(512,4096,1,1024)",Cijk_Alik_Bljk_I8II_BH_GB_MT128x64x32_SN_GLVWA16_GLVWB8_GRVW16_K1_SU0_SUS0_TT8_4,NO_CHECK,606.687,7079.38,,1,8,32,1,1,1,1,58720256,8388608,,,,,,,,,,2026-04-18 21:40:30.
0,39/44,27/35,Contraction_l_Alik_Bljk_Cijk_Dijk,"(512,4096,1,1024)",Cijk_Alik_Bljk_I8II_BH_GB_MT128x64x32_SN_GLVWA4_GLVWB4_GRVW4_K1_SU32_SUS256_TT8_4,NO_CHECK,607.327,7071.92,,1,8,32,1,1,1,1,58720256,8388608,,,,,,,,,,2026-04-18 21:40:30.
0,39/44,28/35,Contraction_l_Alik_Bljk_Cijk_Dijk,"(512,4096,1,1024)",Cijk_Alik_Bljk_I8II_BH_GB_MT128x64x32_SN_GLVWA8_GLVWB8_GRVW8_K1_SU32_SUS256_TT8_4,NO_CHECK,572.047,7508.07,,1,8,32,1,1,1,1,58720256,8388608,,,,,,,,,,2026-04-18 21:40:30.
0,39/44,29/35,Contraction_l_Alik_Bljk_Cijk_Dijk,"(512,4096,1,1024)",Cijk_Alik_Bljk_I8II_BH_GB_MT128x64x32_SN_GLVWA16_GLVWB8_GRVW16_K1_SU32_SUS256_TT8_4,NO_CHECK,605.247,7096.22,,1,8,32,1,1,1,1,58720256,8388608,,,,,,,,,,2026-04-18 21:40:30.
0,39/44,30/35,Contraction_l_Alik_Bljk_Cijk_Dijk,"(512,4096,1,1024)",Cijk_Alik_Bljk_I8II_BH_GB_MT64x128x32_SN_GLVWA4_GLVWB4_GRVW4_K1_SU0_SUS0_TT4_8,NO_CHECK,666.127,6447.67,,1,8,32,1,1,1,1,58720256,8388608,,,,,,,,,,2026-04-18 21:40:30.
0,39/44,31/35,Contraction_l_Alik_Bljk_Cijk_Dijk,"(512,4096,1,1024)",Cijk_Alik_Bljk_I8II_BH_GB_MT64x128x32_SN_GLVWA8_GLVWB8_GRVW8_K1_SU0_SUS0_TT4_8,NO_CHECK,577.246,7440.45,,1,8,32,1,1,1,1,58720256,8388608,,,,,,,,,,2026-04-18 21:40:30.
0,39/44,32/35,Contraction_l_Alik_Bljk_Cijk_Dijk,"(512,4096,1,1024)",Cijk_Alik_Bljk_I8II_BH_GB_MT64x128x32_SN_GLVWA8_GLVWB16_GRVW16_K1_SU0_SUS0_TT4_8,NO_CHECK,598.847,7172.06,,1,8,32,1,1,1,1,58720256,8388608,,,,,,,,,,2026-04-18 21:40:30.
0,39/44,33/35,Contraction_l_Alik_Bljk_Cijk_Dijk,"(512,4096,1,1024)",Cijk_Alik_Bljk_I8II_BH_GB_MT64x128x32_SN_GLVWA4_GLVWB4_GRVW4_K1_SU32_SUS256_TT4_8,NO_CHECK,571.566,7514.39,,1,8,32,1,1,1,1,58720256,8388608,,,,,,,,,,2026-04-18 21:40:30.
0,39/44,34/35,Contraction_l_Alik_Bljk_Cijk_Dijk,"(512,4096,1,1024)",Cijk_Alik_Bljk_I8II_BH_GB_MT64x128x32_SN_GLVWA8_GLVWB8_GRVW8_K1_SU32_SUS256_TT4_8,NO_CHECK,609.967,7041.31,,1,8,32,1,1,1,1,58720256,8388608,,,,,,,,,,2026-04-18 21:40:30.
0,39/44,35/35,Contraction_l_Alik_Bljk_Cijk_Dijk,"(512,4096,1,1024)",Cijk_Alik_Bljk_I8II_BH_GB_MT64x128x32_SN_GLVWA8_GLVWB16_GRVW16_K1_SU32_SUS256_TT4_8,NO_CHECK,571.007,7521.74,,1,8,32,1,1,1,1,58720256,8388608,,,,,,,,,,2026-04-18 21:40:30.
0,40/44,0/35,Contraction_l_Alik_Bljk_Cijk_Dijk,"(512,4096,1,4096)",Cijk_Alik_Bljk_I8II_BH_GB_MT64x64x16_SN_GLVWA4_GLVWB4_GRVW4_K1_SU0_SUS0_TT4_4,NO_CHECK,2812.15,6109.16,,1,16,32,1,1,1,1,276824064,8388608,,,,,,,,,,2026-04-18 21:40:30.
0,40/44,1/35,Contraction_l_Alik_Bljk_Cijk_Dijk,"(512,4096,1,4096)",Cijk_Alik_Bljk_I8II_BH_GB_MT64x64x16_SN_GLVWA4_GLVWB4_GRVW8_K1_SU0_SUS0_TT4_4,NO_CHECK,2806.15,6122.22,,1,16,32,1,1,1,1,276824064,8388608,,,,,,,,,,2026-04-18 21:40:30.
0,40/44,2/35,Contraction_l_Alik_Bljk_Cijk_Dijk,"(512,4096,1,4096)",Cijk_Alik_Bljk_I8II_BH_GB_MT64x64x16_SN_GLVWA4_GLVWB4_GRVW16_K1_SU0_SUS0_TT4_4,NO_CHECK,2808.39,6117.33,,1,16,32,1,1,1,1,276824064,8388608,,,,,,,,,,2026-04-18 21:40:30.
0,40/44,3/35,Contraction_l_Alik_Bljk_Cijk_Dijk,"(512,4096,1,4096)",Cijk_Alik_Bljk_I8II_BH_GB_MT64x64x16_SN_GLVWA4_GLVWB4_GRVW4_K1_SU32_SUS256_TT4_4,NO_CHECK,2798.75,6138.4,,1,16,32,1,1,1,1,276824064,8388608,,,,,,,,,,2026-04-18 21:40:30.
0,40/44,4/35,Contraction_l_Alik_Bljk_Cijk_Dijk,"(512,4096,1,4096)",Cijk_Alik_Bljk_I8II_BH_GB_MT64x64x16_SN_GLVWA4_GLVWB4_GRVW8_K1_SU32_SUS256_TT4_4,NO_CHECK,3204.64,5360.94,,1,16,32,1,1,1,1,276824064,8388608,,,,,,,,,,2026-04-18 21:40:30.
0,40/44,5/35,Contraction_l_Alik_Bljk_Cijk_Dijk,"(512,4096,1,4096)",Cijk_Alik_Bljk_I8II_BH_GB_MT64x64x16_SN_GLVWA4_GLVWB4_GRVW16_K1_SU32_SUS256_TT4_4,NO_CHECK,2831.11,6068.24,,1,16,32,1,1,1,1,276824064,8388608,,,,,,,,,,2026-04-18 21:40:30.
0,40/44,6/35,Contraction_l_Alik_Bljk_Cijk_Dijk,"(512,4096,1,4096)",Cijk_Alik_Bljk_I8II_BH_GB_MT128x64x16_SN_GLVWA4_GLVWB4_GRVW4_K1_SU0_SUS0_TT8_4,NO_CHECK,2246.06,7648.87,,1,8,32,1,1,1,1,209715200,8388608,,,,,,,,,,2026-04-18 21:40:30.
0,40/44,7/35,Contraction_l_Alik_Bljk_Cijk_Dijk,"(512,4096,1,4096)",Cijk_Alik_Bljk_I8II_BH_GB_MT128x64x16_SN_GLVWA8_GLVWB4_GRVW8_K1_SU0_SUS0_TT8_4,NO_CHECK,2226.94,7714.55,,1,8,32,1,1,1,1,209715200,8388608,,,,,,,,,,2026-04-18 21:40:30.
0,40/44,8/35,Contraction_l_Alik_Bljk_Cijk_Dijk,"(512,4096,1,4096)",Cijk_Alik_Bljk_I8II_BH_GB_MT128x64x16_SN_GLVWA8_GLVWB4_GRVW16_K1_SU0_SUS0_TT8_4,NO_CHECK,2227.75,7711.77,,1,8,32,1,1,1,1,209715200,8388608,,,,,,,,,,2026-04-18 21:40:30.
0,40/44,9/35,Contraction_l_Alik_Bljk_Cijk_Dijk,"(512,4096,1,4096)",Cijk_Alik_Bljk_I8II_BH_GB_MT128x64x16_SN_GLVWA4_GLVWB4_GRVW4_K1_SU32_SUS256_TT8_4,NO_CHECK,2225.34,7720.09,,1,8,32,1,1,1,1,209715200,8388608,,,,,,,,,,2026-04-18 21:40:30.
0,40/44,10/35,Contraction_l_Alik_Bljk_Cijk_Dijk,"(512,4096,1,4096)",Cijk_Alik_Bljk_I8II_BH_GB_MT128x64x16_SN_GLVWA8_GLVWB4_GRVW8_K1_SU32_SUS256_TT8_4,NO_CHECK,2234.99,7686.79,,1,8,32,1,1,1,1,209715200,8388608,,,,,,,,,,2026-04-18 21:40:30.
0,40/44,11/35,Contraction_l_Alik_Bljk_Cijk_Dijk,"(512,4096,1,4096)",Cijk_Alik_Bljk_I8II_BH_GB_MT128x64x16_SN_GLVWA8_GLVWB4_GRVW16_K1_SU32_SUS256_TT8_4,NO_CHECK,2230.98,7700.58,,1,8,32,1,1,1,1,209715200,8388608,,,,,,,,,,2026-04-18 21:40:30.
0,40/44,12/35,Contraction_l_Alik_Bljk_Cijk_Dijk,"(512,4096,1,4096)",Cijk_Alik_Bljk_I8II_BH_GB_MT64x128x16_SN_GLVWA4_GLVWB4_GRVW4_K1_SU0_SUS0_TT4_8,NO_CHECK,2223.03,7728.15,,1,8,32,1,1,1,1,209715200,8388608,,,,,,,,,,2026-04-18 21:40:30.
0,40/44,13/35,Contraction_l_Alik_Bljk_Cijk_Dijk,"(512,4096,1,4096)",Cijk_Alik_Bljk_I8II_BH_GB_MT64x128x16_SN_GLVWA4_GLVWB8_GRVW8_K1_SU0_SUS0_TT4_8,NO_CHECK,2245.74,7649.96,,1,8,32,1,1,1,1,209715200,8388608,,,,,,,,,,2026-04-18 21:40:30.
0,40/44,14/35,Contraction_l_Alik_Bljk_Cijk_Dijk,"(512,4096,1,4096)",Cijk_Alik_Bljk_I8II_BH_GB_MT64x128x16_SN_GLVWA4_GLVWB8_GRVW16_K1_SU0_SUS0_TT4_8,NO_CHECK,2226.46,7716.21,,1,8,32,1,1,1,1,209715200,8388608,,,,,,,,,,2026-04-18 21:40:30.
0,40/44,15/35,Contraction_l_Alik_Bljk_Cijk_Dijk,"(512,4096,1,4096)",Cijk_Alik_Bljk_I8II_BH_GB_MT64x128x16_SN_GLVWA4_GLVWB4_GRVW4_K1_SU32_SUS256_TT4_8,NO_CHECK,2233.78,7690.92,,1,8,32,1,1,1,1,209715200,8388608,,,,,,,,,,2026-04-18 21:40:30.
0,40/44,16/35,Contraction_l_Alik_Bljk_Cijk_Dijk,"(512,4096,1,4096)",Cijk_Alik_Bljk_I8II_BH_GB_MT64x128x16_SN_GLVWA4_GLVWB8_GRVW8_K1_SU32_SUS256_TT4_8,NO_CHECK,2220.75,7736.08,,1,8,32,1,1,1,1,209715200,8388608,,,,,,,,,,2026-04-18 21:40:30.
0,40/44,17/35,Contraction_l_Alik_Bljk_Cijk_Dijk,"(512,4096,1,4096)",Cijk_Alik_Bljk_I8II_BH_GB_MT64x128x16_SN_GLVWA4_GLVWB8_GRVW16_K1_SU32_SUS256_TT4_8,NO_CHECK,2255.23,7617.8,,1,8,32,1,1,1,1,209715200,8388608,,,,,,,,,,2026-04-18 21:40:30.
0,40/44,18/35,Contraction_l_Alik_Bljk_Cijk_Dijk,"(512,4096,1,4096)",Cijk_Alik_Bljk_I8II_BH_GB_MT64x64x32_SN_GLVWA4_GLVWB4_GRVW4_K1_SU0_SUS0_TT4_4,NO_CHECK,2838.59,6052.25,,1,16,32,1,1,1,1,276824064,8388608,,,,,,,,,,2026-04-18 21:40:30.
0,40/44,19/35,Contraction_l_Alik_Bljk_Cijk_Dijk,"(512,4096,1,4096)",Cijk_Alik_Bljk_I8II_BH_GB_MT64x64x32_SN_GLVWA8_GLVWB8_GRVW8_K1_SU0_SUS0_TT4_4,NO_CHECK,2832.71,6064.81,,1,16,32,1,1,1,1,276824064,8388608,,,,,,,,,,2026-04-18 21:40:30.
0,40/44,20/35,Contraction_l_Alik_Bljk_Cijk_Dijk,"(512,4096,1,4096)",Cijk_Alik_Bljk_I8II_BH_GB_MT64x64x32_SN_GLVWA8_GLVWB8_GRVW16_K1_SU0_SUS0_TT4_4,NO_CHECK,2985.15,5755.1,,1,16,32,1,1,1,1,276824064,8388608,,,,,,,,,,2026-04-18 21:40:30.
0,40/44,21/35,Contraction_l_Alik_Bljk_Cijk_Dijk,"(512,4096,1,4096)",Cijk_Alik_Bljk_I8II_BH_GB_MT64x64x32_SN_GLVWA4_GLVWB4_GRVW4_K1_SU32_SUS256_TT4_4,NO_CHECK,2796.55,6143.23,,1,16,32,1,1,1,1,276824064,8388608,,,,,,,,,,2026-04-18 21:40:30.
0,40/44,22/35,Contraction_l_Alik_Bljk_Cijk_Dijk,"(512,4096,1,4096)",Cijk_Alik_Bljk_I8II_BH_GB_MT64x64x32_SN_GLVWA8_GLVWB8_GRVW8_K1_SU32_SUS256_TT4_4,NO_CHECK,2802.99,6129.12,,1,16,32,1,1,1,1,276824064,8388608,,,,,,,,,,2026-04-18 21:40:30.
0,40/44,23/35,Contraction_l_Alik_Bljk_Cijk_Dijk,"(512,4096,1,4096)",Cijk_Alik_Bljk_I8II_BH_GB_MT64x64x32_SN_GLVWA8_GLVWB8_GRVW16_K1_SU32_SUS256_TT4_4,NO_CHECK,3352.56,5124.41,,1,16,32,1,1,1,1,276824064,8388608,,,,,,,,,,2026-04-18 21:40:30.
0,40/44,24/35,Contraction_l_Alik_Bljk_Cijk_Dijk,"(512,4096,1,4096)",Cijk_Alik_Bljk_I8II_BH_GB_MT128x64x32_SN_GLVWA4_GLVWB4_GRVW4_K1_SU0_SUS0_TT8_4,NO_CHECK,2229.95,7704.16,,1,8,32,1,1,1,1,209715200,8388608,,,,,,,,,,2026-04-18 21:40:30.
0,40/44,25/35,Contraction_l_Alik_Bljk_Cijk_Dijk,"(512,4096,1,4096)",Cijk_Alik_Bljk_I8II_BH_GB_MT128x64x32_SN_GLVWA8_GLVWB8_GRVW8_K1_SU0_SUS0_TT8_4,NO_CHECK,2229.78,7704.72,,1,8,32,1,1,1,1,209715200,8388608,,,,,,,,,,2026-04-18 21:40:30.
0,40/44,26/35,Contraction_l_Alik_Bljk_Cijk_Dijk,"(512,4096,1,4096)",Cijk_Alik_Bljk_I8II_BH_GB_MT128x64x32_SN_GLVWA16_GLVWB8_GRVW16_K1_SU0_SUS0_TT8_4,NO_CHECK,2226.22,7717.04,,1,8,32,1,1,1,1,209715200,8388608,,,,,,,,,,2026-04-18 21:40:30.
0,40/44,27/35,Contraction_l_Alik_Bljk_Cijk_Dijk,"(512,4096,1,4096)",Cijk_Alik_Bljk_I8II_BH_GB_MT128x64x32_SN_GLVWA4_GLVWB4_GRVW4_K1_SU32_SUS256_TT8_4,NO_CHECK,2227.23,7713.58,,1,8,32,1,1,1,1,209715200,8388608,,,,,,,,,,2026-04-18 21:40:30.
0,40/44,28/35,Contraction_l_Alik_Bljk_Cijk_Dijk,"(512,4096,1,4096)",Cijk_Alik_Bljk_I8II_BH_GB_MT128x64x32_SN_GLVWA8_GLVWB8_GRVW8_K1_SU32_SUS256_TT8_4,NO_CHECK,2214.14,7759.14,,1,8,32,1,1,1,1,209715200,8388608,,,,,,,,,,2026-04-18 21:40:30.
0,40/44,29/35,Contraction_l_Alik_Bljk_Cijk_Dijk,"(512,4096,1,4096)",Cijk_Alik_Bljk_I8II_BH_GB_MT128x64x32_SN_GLVWA16_GLVWB8_GRVW16_K1_SU32_SUS256_TT8_4,NO_CHECK,2349.55,7311.99,,1,8,32,1,1,1,1,209715200,8388608,,,,,,,,,,2026-04-18 21:40:30.
0,40/44,30/35,Contraction_l_Alik_Bljk_Cijk_Dijk,"(512,4096,1,4096)",Cijk_Alik_Bljk_I8II_BH_GB_MT64x128x32_SN_GLVWA4_GLVWB4_GRVW4_K1_SU0_SUS0_TT4_8,NO_CHECK,2228.43,7709.42,,1,8,32,1,1,1,1,209715200,8388608,,,,,,,,,,2026-04-18 21:40:30.
0,40/44,31/35,Contraction_l_Alik_Bljk_Cijk_Dijk,"(512,4096,1,4096)",Cijk_Alik_Bljk_I8II_BH_GB_MT64x128x32_SN_GLVWA8_GLVWB8_GRVW8_K1_SU0_SUS0_TT4_8,NO_CHECK,2212.06,7766.44,,1,8,32,1,1,1,1,209715200,8388608,,,,,,,,,,2026-04-18 21:40:30.
0,40/44,32/35,Contraction_l_Alik_Bljk_Cijk_Dijk,"(512,4096,1,4096)",Cijk_Alik_Bljk_I8II_BH_GB_MT64x128x32_SN_GLVWA8_GLVWB16_GRVW16_K1_SU0_SUS0_TT4_8,NO_CHECK,2253.62,7623.22,,1,8,32,1,1,1,1,209715200,8388608,,,,,,,,,,2026-04-18 21:40:30.
0,40/44,33/35,Contraction_l_Alik_Bljk_Cijk_Dijk,"(512,4096,1,4096)",Cijk_Alik_Bljk_I8II_BH_GB_MT64x128x32_SN_GLVWA4_GLVWB4_GRVW4_K1_SU32_SUS256_TT4_8,NO_CHECK,2224.7,7722.31,,1,8,32,1,1,1,1,209715200,8388608,,,,,,,,,,2026-04-18 21:40:30.
0,40/44,34/35,Contraction_l_Alik_Bljk_Cijk_Dijk,"(512,4096,1,4096)",Cijk_Alik_Bljk_I8II_BH_GB_MT64x128x32_SN_GLVWA8_GLVWB8_GRVW8_K1_SU32_SUS256_TT4_8,NO_CHECK,2227.39,7713.02,,1,8,32,1,1,1,1,209715200,8388608,,,,,,,,,,2026-04-18 21:40:30.
0,40/44,35/35,Contraction_l_Alik_Bljk_Cijk_Dijk,"(512,4096,1,4096)",Cijk_Alik_Bljk_I8II_BH_GB_MT64x128x32_SN_GLVWA8_GLVWB16_GRVW16_K1_SU32_SUS256_TT4_8,NO_CHECK,2216.51,7750.88,,1,8,32,1,1,1,1,209715200,8388608,,,,,,,,,,2026-04-18 21:40:30.
0,41/44,0/35,Contraction_l_Alik_Bljk_Cijk_Dijk,"(512,4096,1,8192)",Cijk_Alik_Bljk_I8II_BH_GB_MT64x64x16_SN_GLVWA4_GLVWB4_GRVW4_K1_SU0_SUS0_TT4_4,NO_CHECK,6248.59,5498.8,,1,16,32,1,1,1,1,545259520,8388608,,,,,,,,,,2026-04-18 21:40:30.
0,41/44,1/35,Contraction_l_Alik_Bljk_Cijk_Dijk,"(512,4096,1,8192)",Cijk_Alik_Bljk_I8II_BH_GB_MT64x64x16_SN_GLVWA4_GLVWB4_GRVW8_K1_SU0_SUS0_TT4_4,NO_CHECK,5944.95,5779.65,,1,16,32,1,1,1,1,545259520,8388608,,,,,,,,,,2026-04-18 21:40:30.
0,41/44,2/35,Contraction_l_Alik_Bljk_Cijk_Dijk,"(512,4096,1,8192)",Cijk_Alik_Bljk_I8II_BH_GB_MT64x64x16_SN_GLVWA4_GLVWB4_GRVW16_K1_SU0_SUS0_TT4_4,NO_CHECK,5634.82,6097.75,,1,16,32,1,1,1,1,545259520,8388608,,,,,,,,,,2026-04-18 21:40:30.
0,41/44,3/35,Contraction_l_Alik_Bljk_Cijk_Dijk,"(512,4096,1,8192)",Cijk_Alik_Bljk_I8II_BH_GB_MT64x64x16_SN_GLVWA4_GLVWB4_GRVW4_K1_SU32_SUS256_TT4_4,NO_CHECK,5582.86,6154.5,,1,16,32,1,1,1,1,545259520,8388608,,,,,,,,,,2026-04-18 21:40:30.
0,41/44,4/35,Contraction_l_Alik_Bljk_Cijk_Dijk,"(512,4096,1,8192)",Cijk_Alik_Bljk_I8II_BH_GB_MT64x64x16_SN_GLVWA4_GLVWB4_GRVW8_K1_SU32_SUS256_TT4_4,NO_CHECK,5919.19,5804.81,,1,16,32,1,1,1,1,545259520,8388608,,,,,,,,,,2026-04-18 21:40:30.
0,41/44,5/35,Contraction_l_Alik_Bljk_Cijk_Dijk,"(512,4096,1,8192)",Cijk_Alik_Bljk_I8II_BH_GB_MT64x64x16_SN_GLVWA4_GLVWB4_GRVW16_K1_SU32_SUS256_TT4_4,NO_CHECK,5732.26,5994.1,,1,16,32,1,1,1,1,545259520,8388608,,,,,,,,,,2026-04-18 21:40:30.
0,41/44,6/35,Contraction_l_Alik_Bljk_Cijk_Dijk,"(512,4096,1,8192)",Cijk_Alik_Bljk_I8II_BH_GB_MT128x64x16_SN_GLVWA4_GLVWB4_GRVW4_K1_SU0_SUS0_TT8_4,NO_CHECK,4442.61,7734.13,,1,8,32,1,1,1,1,411041792,8388608,,,,,,,,,,2026-04-18 21:40:30.
0,41/44,7/35,Contraction_l_Alik_Bljk_Cijk_Dijk,"(512,4096,1,8192)",Cijk_Alik_Bljk_I8II_BH_GB_MT128x64x16_SN_GLVWA8_GLVWB4_GRVW8_K1_SU0_SUS0_TT8_4,NO_CHECK,4428.45,7758.86,,1,8,32,1,1,1,1,411041792,8388608,,,,,,,,,,2026-04-18 21:40:30.
0,41/44,8/35,Contraction_l_Alik_Bljk_Cijk_Dijk,"(512,4096,1,8192)",Cijk_Alik_Bljk_I8II_BH_GB_MT128x64x16_SN_GLVWA8_GLVWB4_GRVW16_K1_SU0_SUS0_TT8_4,NO_CHECK,4428.45,7758.86,,1,8,32,1,1,1,1,411041792,8388608,,,,,,,,,,2026-04-18 21:40:30.
0,41/44,9/35,Contraction_l_Alik_Bljk_Cijk_Dijk,"(512,4096,1,8192)",Cijk_Alik_Bljk_I8II_BH_GB_MT128x64x16_SN_GLVWA4_GLVWB4_GRVW4_K1_SU32_SUS256_TT8_4,NO_CHECK,4431.53,7753.47,,1,8,32,1,1,1,1,411041792,8388608,,,,,,,,,,2026-04-18 21:40:30.
0,41/44,10/35,Contraction_l_Alik_Bljk_Cijk_Dijk,"(512,4096,1,8192)",Cijk_Alik_Bljk_I8II_BH_GB_MT128x64x16_SN_GLVWA8_GLVWB4_GRVW8_K1_SU32_SUS256_TT8_4,NO_CHECK,4429.65,7756.76,,1,8,32,1,1,1,1,411041792,8388608,,,,,,,,,,2026-04-18 21:40:30.
0,41/44,11/35,Contraction_l_Alik_Bljk_Cijk_Dijk,"(512,4096,1,8192)",Cijk_Alik_Bljk_I8II_BH_GB_MT128x64x16_SN_GLVWA8_GLVWB4_GRVW16_K1_SU32_SUS256_TT8_4,NO_CHECK,4428.01,7759.63,,1,8,32,1,1,1,1,411041792,8388608,,,,,,,,,,2026-04-18 21:40:30.
0,41/44,12/35,Contraction_l_Alik_Bljk_Cijk_Dijk,"(512,4096,1,8192)",Cijk_Alik_Bljk_I8II_BH_GB_MT64x128x16_SN_GLVWA4_GLVWB4_GRVW4_K1_SU0_SUS0_TT4_8,NO_CHECK,4612.89,7448.63,,1,8,32,1,1,1,1,411041792,8388608,,,,,,,,,,2026-04-18 21:40:30.
0,41/44,13/35,Contraction_l_Alik_Bljk_Cijk_Dijk,"(512,4096,1,8192)",Cijk_Alik_Bljk_I8II_BH_GB_MT64x128x16_SN_GLVWA4_GLVWB8_GRVW8_K1_SU0_SUS0_TT4_8,NO_CHECK,4424.29,7766.16,,1,8,32,1,1,1,1,411041792,8388608,,,,,,,,,,2026-04-18 21:40:30.
0,41/44,14/35,Contraction_l_Alik_Bljk_Cijk_Dijk,"(512,4096,1,8192)",Cijk_Alik_Bljk_I8II_BH_GB_MT64x128x16_SN_GLVWA4_GLVWB8_GRVW16_K1_SU0_SUS0_TT4_8,NO_CHECK,4560.37,7534.42,,1,8,32,1,1,1,1,411041792,8388608,,,,,,,,,,2026-04-18 21:40:30.
0,41/44,15/35,Contraction_l_Alik_Bljk_Cijk_Dijk,"(512,4096,1,8192)",Cijk_Alik_Bljk_I8II_BH_GB_MT64x128x16_SN_GLVWA4_GLVWB4_GRVW4_K1_SU32_SUS256_TT4_8,NO_CHECK,4432.53,7751.72,,1,8,32,1,1,1,1,411041792,8388608,,,,,,,,,,2026-04-18 21:40:30.
0,41/44,16/35,Contraction_l_Alik_Bljk_Cijk_Dijk,"(512,4096,1,8192)",Cijk_Alik_Bljk_I8II_BH_GB_MT64x128x16_SN_GLVWA4_GLVWB8_GRVW8_K1_SU32_SUS256_TT4_8,NO_CHECK,4424.17,7766.37,,1,8,32,1,1,1,1,411041792,8388608,,,,,,,,,,2026-04-18 21:40:30.
0,41/44,17/35,Contraction_l_Alik_Bljk_Cijk_Dijk,"(512,4096,1,8192)",Cijk_Alik_Bljk_I8II_BH_GB_MT64x128x16_SN_GLVWA4_GLVWB8_GRVW16_K1_SU32_SUS256_TT4_8,NO_CHECK,4428.17,7759.35,,1,8,32,1,1,1,1,411041792,8388608,,,,,,,,,,2026-04-18 21:40:30.
0,41/44,18/35,Contraction_l_Alik_Bljk_Cijk_Dijk,"(512,4096,1,8192)",Cijk_Alik_Bljk_I8II_BH_GB_MT64x64x32_SN_GLVWA4_GLVWB4_GRVW4_K1_SU0_SUS0_TT4_4,NO_CHECK,6584.56,5218.23,,1,16,32,1,1,1,1,545259520,8388608,,,,,,,,,,2026-04-18 21:40:30.
0,41/44,19/35,Contraction_l_Alik_Bljk_Cijk_Dijk,"(512,4096,1,8192)",Cijk_Alik_Bljk_I8II_BH_GB_MT64x64x32_SN_GLVWA8_GLVWB8_GRVW8_K1_SU0_SUS0_TT4_4,NO_CHECK,5917.23,5806.73,,1,16,32,1,1,1,1,545259520,8388608,,,,,,,,,,2026-04-18 21:40:30.
0,41/44,20/35,Contraction_l_Alik_Bljk_Cijk_Dijk,"(512,4096,1,8192)",Cijk_Alik_Bljk_I8II_BH_GB_MT64x64x32_SN_GLVWA8_GLVWB8_GRVW16_K1_SU0_SUS0_TT4_4,NO_CHECK,5755.7,5969.68,,1,16,32,1,1,1,1,545259520,8388608,,,,,,,,,,2026-04-18 21:40:30.
0,41/44,21/35,Contraction_l_Alik_Bljk_Cijk_Dijk,"(512,4096,1,8192)",Cijk_Alik_Bljk_I8II_BH_GB_MT64x64x32_SN_GLVWA4_GLVWB4_GRVW4_K1_SU32_SUS256_TT4_4,NO_CHECK,5596.54,6139.46,,1,16,32,1,1,1,1,545259520,8388608,,,,,,,,,,2026-04-18 21:40:30.
0,41/44,22/35,Contraction_l_Alik_Bljk_Cijk_Dijk,"(512,4096,1,8192)",Cijk_Alik_Bljk_I8II_BH_GB_MT64x64x32_SN_GLVWA8_GLVWB8_GRVW8_K1_SU32_SUS256_TT4_4,NO_CHECK,6807.48,5047.35,,1,16,32,1,1,1,1,545259520,8388608,,,,,,,,,,2026-04-18 21:40:30.
0,41/44,23/35,Contraction_l_Alik_Bljk_Cijk_Dijk,"(512,4096,1,8192)",Cijk_Alik_Bljk_I8II_BH_GB_MT64x64x32_SN_GLVWA8_GLVWB8_GRVW16_K1_SU32_SUS256_TT4_4,NO_CHECK,5954.31,5770.57,,1,16,32,1,1,1,1,545259520,8388608,,,,,,,,,,2026-04-18 21:40:30.
0,41/44,24/35,Contraction_l_Alik_Bljk_Cijk_Dijk,"(512,4096,1,8192)",Cijk_Alik_Bljk_I8II_BH_GB_MT128x64x32_SN_GLVWA4_GLVWB4_GRVW4_K1_SU0_SUS0_TT8_4,NO_CHECK,4556.29,7541.16,,1,8,32,1,1,1,1,411041792,8388608,,,,,,,,,,2026-04-18 21:40:30.
0,41/44,25/35,Contraction_l_Alik_Bljk_Cijk_Dijk,"(512,4096,1,8192)",Cijk_Alik_Bljk_I8II_BH_GB_MT128x64x32_SN_GLVWA8_GLVWB8_GRVW8_K1_SU0_SUS0_TT8_4,NO_CHECK,4475.53,7677.24,,1,8,32,1,1,1,1,411041792,8388608,,,,,,,,,,2026-04-18 21:40:30.
0,41/44,26/35,Contraction_l_Alik_Bljk_Cijk_Dijk,"(512,4096,1,8192)",Cijk_Alik_Bljk_I8II_BH_GB_MT128x64x32_SN_GLVWA16_GLVWB8_GRVW16_K1_SU0_SUS0_TT8_4,NO_CHECK,4697.05,7315.17,,1,8,32,1,1,1,1,411041792,8388608,,,,,,,,,,2026-04-18 21:40:30.
0,41/44,27/35,Contraction_l_Alik_Bljk_Cijk_Dijk,"(512,4096,1,8192)",Cijk_Alik_Bljk_I8II_BH_GB_MT128x64x32_SN_GLVWA4_GLVWB4_GRVW4_K1_SU32_SUS256_TT8_4,NO_CHECK,4464.21,7696.71,,1,8,32,1,1,1,1,411041792,8388608,,,,,,,,,,2026-04-18 21:40:30.
0,41/44,28/35,Contraction_l_Alik_Bljk_Cijk_Dijk,"(512,4096,1,8192)",Cijk_Alik_Bljk_I8II_BH_GB_MT128x64x32_SN_GLVWA8_GLVWB8_GRVW8_K1_SU32_SUS256_TT8_4,NO_CHECK,4466.65,7692.51,,1,8,32,1,1,1,1,411041792,8388608,,,,,,,,,,2026-04-18 21:40:30.
0,41/44,29/35,Contraction_l_Alik_Bljk_Cijk_Dijk,"(512,4096,1,8192)",Cijk_Alik_Bljk_I8II_BH_GB_MT128x64x32_SN_GLVWA16_GLVWB8_GRVW16_K1_SU32_SUS256_TT8_4,NO_CHECK,4451.97,7717.87,,1,8,32,1,1,1,1,411041792,8388608,,,,,,,,,,2026-04-18 21:40:30.
0,41/44,30/35,Contraction_l_Alik_Bljk_Cijk_Dijk,"(512,4096,1,8192)",Cijk_Alik_Bljk_I8II_BH_GB_MT64x128x32_SN_GLVWA4_GLVWB4_GRVW4_K1_SU0_SUS0_TT4_8,NO_CHECK,4457.81,7707.76,,1,8,32,1,1,1,1,411041792,8388608,,,,,,,,,,2026-04-18 21:40:30.
0,41/44,31/35,Contraction_l_Alik_Bljk_Cijk_Dijk,"(512,4096,1,8192)",Cijk_Alik_Bljk_I8II_BH_GB_MT64x128x32_SN_GLVWA8_GLVWB8_GRVW8_K1_SU0_SUS0_TT4_8,NO_CHECK,4443.45,7732.67,,1,8,32,1,1,1,1,411041792,8388608,,,,,,,,,,2026-04-18 21:40:30.
0,41/44,32/35,Contraction_l_Alik_Bljk_Cijk_Dijk,"(512,4096,1,8192)",Cijk_Alik_Bljk_I8II_BH_GB_MT64x128x32_SN_GLVWA8_GLVWB16_GRVW16_K1_SU0_SUS0_TT4_8,NO_CHECK,4433.21,7750.53,,1,8,32,1,1,1,1,411041792,8388608,,,,,,,,,,2026-04-18 21:40:31.
0,41/44,33/35,Contraction_l_Alik_Bljk_Cijk_Dijk,"(512,4096,1,8192)",Cijk_Alik_Bljk_I8II_BH_GB_MT64x128x32_SN_GLVWA4_GLVWB4_GRVW4_K1_SU32_SUS256_TT4_8,NO_CHECK,4619.41,7438.12,,1,8,32,1,1,1,1,411041792,8388608,,,,,,,,,,2026-04-18 21:40:31.
0,41/44,34/35,Contraction_l_Alik_Bljk_Cijk_Dijk,"(512,4096,1,8192)",Cijk_Alik_Bljk_I8II_BH_GB_MT64x128x32_SN_GLVWA8_GLVWB8_GRVW8_K1_SU32_SUS256_TT4_8,NO_CHECK,4412.13,7787.56,,1,8,32,1,1,1,1,411041792,8388608,,,,,,,,,,2026-04-18 21:40:31.
0,41/44,35/35,Contraction_l_Alik_Bljk_Cijk_Dijk,"(512,4096,1,8192)",Cijk_Alik_Bljk_I8II_BH_GB_MT64x128x32_SN_GLVWA8_GLVWB16_GRVW16_K1_SU32_SUS256_TT4_8,NO_CHECK,4578.57,7504.47,,1,8,32,1,1,1,1,411041792,8388608,,,,,,,,,,2026-04-18 21:40:31.
0,42/44,0/35,Contraction_l_Alik_Bljk_Cijk_Dijk,"(512,8192,1,1024)",Cijk_Alik_Bljk_I8II_BH_GB_MT64x64x16_SN_GLVWA4_GLVWB4_GRVW4_K1_SU0_SUS0_TT4_4,NO_CHECK,1445.26,5943.54,,1,32,32,1,1,1,1,150994944,16777216,,,,,,,,,,2026-04-18 21:40:31.
0,42/44,1/35,Contraction_l_Alik_Bljk_Cijk_Dijk,"(512,8192,1,1024)",Cijk_Alik_Bljk_I8II_BH_GB_MT64x64x16_SN_GLVWA4_GLVWB4_GRVW8_K1_SU0_SUS0_TT4_4,NO_CHECK,1465.26,5862.41,,1,32,32,1,1,1,1,150994944,16777216,,,,,,,,,,2026-04-18 21:40:31.
0,42/44,2/35,Contraction_l_Alik_Bljk_Cijk_Dijk,"(512,8192,1,1024)",Cijk_Alik_Bljk_I8II_BH_GB_MT64x64x16_SN_GLVWA4_GLVWB4_GRVW16_K1_SU0_SUS0_TT4_4,NO_CHECK,1443.06,5952.6,,1,32,32,1,1,1,1,150994944,16777216,,,,,,,,,,2026-04-18 21:40:31.
0,42/44,3/35,Contraction_l_Alik_Bljk_Cijk_Dijk,"(512,8192,1,1024)",Cijk_Alik_Bljk_I8II_BH_GB_MT64x64x16_SN_GLVWA4_GLVWB4_GRVW4_K1_SU32_SUS256_TT4_4,NO_CHECK,1447.94,5932.53,,1,32,32,1,1,1,1,150994944,16777216,,,,,,,,,,2026-04-18 21:40:31.
0,42/44,4/35,Contraction_l_Alik_Bljk_Cijk_Dijk,"(512,8192,1,1024)",Cijk_Alik_Bljk_I8II_BH_GB_MT64x64x16_SN_GLVWA4_GLVWB4_GRVW8_K1_SU32_SUS256_TT4_4,NO_CHECK,1565.02,5488.71,,1,32,32,1,1,1,1,150994944,16777216,,,,,,,,,,2026-04-18 21:40:31.
0,42/44,5/35,Contraction_l_Alik_Bljk_Cijk_Dijk,"(512,8192,1,1024)",Cijk_Alik_Bljk_I8II_BH_GB_MT64x64x16_SN_GLVWA4_GLVWB4_GRVW16_K1_SU32_SUS256_TT4_4,NO_CHECK,1421.26,6043.9,,1,32,32,1,1,1,1,150994944,16777216,,,,,,,,,,2026-04-18 21:40:31.
0,42/44,6/35,Contraction_l_Alik_Bljk_Cijk_Dijk,"(512,8192,1,1024)",Cijk_Alik_Bljk_I8II_BH_GB_MT128x64x16_SN_GLVWA4_GLVWB4_GRVW4_K1_SU0_SUS0_TT8_4,NO_CHECK,1137.81,7549.51,,1,16,32,1,1,1,1,117440512,16777216,,,,,,,,,,2026-04-18 21:40:31.
0,42/44,7/35,Contraction_l_Alik_Bljk_Cijk_Dijk,"(512,8192,1,1024)",Cijk_Alik_Bljk_I8II_BH_GB_MT128x64x16_SN_GLVWA8_GLVWB4_GRVW8_K1_SU0_SUS0_TT8_4,NO_CHECK,1130.69,7597.05,,1,16,32,1,1,1,1,117440512,16777216,,,,,,,,,,2026-04-18 21:40:31.
0,42/44,8/35,Contraction_l_Alik_Bljk_Cijk_Dijk,"(512,8192,1,1024)",Cijk_Alik_Bljk_I8II_BH_GB_MT128x64x16_SN_GLVWA8_GLVWB4_GRVW16_K1_SU0_SUS0_TT8_4,NO_CHECK,1134.93,7568.67,,1,16,32,1,1,1,1,117440512,16777216,,,,,,,,,,2026-04-18 21:40:31.
0,42/44,9/35,Contraction_l_Alik_Bljk_Cijk_Dijk,"(512,8192,1,1024)",Cijk_Alik_Bljk_I8II_BH_GB_MT128x64x16_SN_GLVWA4_GLVWB4_GRVW4_K1_SU32_SUS256_TT8_4,NO_CHECK,1139.73,7536.8,,1,16,32,1,1,1,1,117440512,16777216,,,,,,,,,,2026-04-18 21:40:31.
0,42/44,10/35,Contraction_l_Alik_Bljk_Cijk_Dijk,"(512,8192,1,1024)",Cijk_Alik_Bljk_I8II_BH_GB_MT128x64x16_SN_GLVWA8_GLVWB4_GRVW8_K1_SU32_SUS256_TT8_4,NO_CHECK,1254.01,6849.95,,1,16,32,1,1,1,1,117440512,16777216,,,,,,,,,,2026-04-18 21:40:31.
0,42/44,11/35,Contraction_l_Alik_Bljk_Cijk_Dijk,"(512,8192,1,1024)",Cijk_Alik_Bljk_I8II_BH_GB_MT128x64x16_SN_GLVWA8_GLVWB4_GRVW16_K1_SU32_SUS256_TT8_4,NO_CHECK,1208.77,7106.33,,1,16,32,1,1,1,1,117440512,16777216,,,,,,,,,,2026-04-18 21:40:31.
0,42/44,12/35,Contraction_l_Alik_Bljk_Cijk_Dijk,"(512,8192,1,1024)",Cijk_Alik_Bljk_I8II_BH_GB_MT64x128x16_SN_GLVWA4_GLVWB4_GRVW4_K1_SU0_SUS0_TT4_8,NO_CHECK,1152.13,7455.68,,1,16,32,1,1,1,1,117440512,16777216,,,,,,,,,,2026-04-18 21:40:31.
0,42/44,13/35,Contraction_l_Alik_Bljk_Cijk_Dijk,"(512,8192,1,1024)",Cijk_Alik_Bljk_I8II_BH_GB_MT64x128x16_SN_GLVWA4_GLVWB8_GRVW8_K1_SU0_SUS0_TT4_8,NO_CHECK,1161.45,7395.85,,1,16,32,1,1,1,1,117440512,16777216,,,,,,,,,,2026-04-18 21:40:31.
0,42/44,14/35,Contraction_l_Alik_Bljk_Cijk_Dijk,"(512,8192,1,1024)",Cijk_Alik_Bljk_I8II_BH_GB_MT64x128x16_SN_GLVWA4_GLVWB8_GRVW16_K1_SU0_SUS0_TT4_8,NO_CHECK,1169.73,7343.5,,1,16,32,1,1,1,1,117440512,16777216,,,,,,,,,,2026-04-18 21:40:31.
0,42/44,15/35,Contraction_l_Alik_Bljk_Cijk_Dijk,"(512,8192,1,1024)",Cijk_Alik_Bljk_I8II_BH_GB_MT64x128x16_SN_GLVWA4_GLVWB4_GRVW4_K1_SU32_SUS256_TT4_8,NO_CHECK,1142.41,7519.11,,1,16,32,1,1,1,1,117440512,16777216,,,,,,,,,,2026-04-18 21:40:31.
0,42/44,16/35,Contraction_l_Alik_Bljk_Cijk_Dijk,"(512,8192,1,1024)",Cijk_Alik_Bljk_I8II_BH_GB_MT64x128x16_SN_GLVWA4_GLVWB8_GRVW8_K1_SU32_SUS256_TT4_8,NO_CHECK,1165.01,7373.25,,1,16,32,1,1,1,1,117440512,16777216,,,,,,,,,,2026-04-18 21:40:31.
0,42/44,17/35,Contraction_l_Alik_Bljk_Cijk_Dijk,"(512,8192,1,1024)",Cijk_Alik_Bljk_I8II_BH_GB_MT64x128x16_SN_GLVWA4_GLVWB8_GRVW16_K1_SU32_SUS256_TT4_8,NO_CHECK,1187.45,7233.92,,1,16,32,1,1,1,1,117440512,16777216,,,,,,,,,,2026-04-18 21:40:31.
0,42/44,18/35,Contraction_l_Alik_Bljk_Cijk_Dijk,"(512,8192,1,1024)",Cijk_Alik_Bljk_I8II_BH_GB_MT64x64x32_SN_GLVWA4_GLVWB4_GRVW4_K1_SU0_SUS0_TT4_4,NO_CHECK,1419.74,6050.37,,1,32,32,1,1,1,1,150994944,16777216,,,,,,,,,,2026-04-18 21:40:31.
0,42/44,19/35,Contraction_l_Alik_Bljk_Cijk_Dijk,"(512,8192,1,1024)",Cijk_Alik_Bljk_I8II_BH_GB_MT64x64x32_SN_GLVWA8_GLVWB8_GRVW8_K1_SU0_SUS0_TT4_4,NO_CHECK,1397.38,6147.19,,1,32,32,1,1,1,1,150994944,16777216,,,,,,,,,,2026-04-18 21:40:31.
0,42/44,20/35,Contraction_l_Alik_Bljk_Cijk_Dijk,"(512,8192,1,1024)",Cijk_Alik_Bljk_I8II_BH_GB_MT64x64x32_SN_GLVWA8_GLVWB8_GRVW16_K1_SU0_SUS0_TT4_4,NO_CHECK,1446.78,5937.29,,1,32,32,1,1,1,1,150994944,16777216,,,,,,,,,,2026-04-18 21:40:31.
0,42/44,21/35,Contraction_l_Alik_Bljk_Cijk_Dijk,"(512,8192,1,1024)",Cijk_Alik_Bljk_I8II_BH_GB_MT64x64x32_SN_GLVWA4_GLVWB4_GRVW4_K1_SU32_SUS256_TT4_4,NO_CHECK,1437.82,5974.29,,1,32,32,1,1,1,1,150994944,16777216,,,,,,,,,,2026-04-18 21:40:31.
0,42/44,22/35,Contraction_l_Alik_Bljk_Cijk_Dijk,"(512,8192,1,1024)",Cijk_Alik_Bljk_I8II_BH_GB_MT64x64x32_SN_GLVWA8_GLVWB8_GRVW8_K1_SU32_SUS256_TT4_4,NO_CHECK,1624.3,5288.39,,1,32,32,1,1,1,1,150994944,16777216,,,,,,,,,,2026-04-18 21:40:31.
0,42/44,23/35,Contraction_l_Alik_Bljk_Cijk_Dijk,"(512,8192,1,1024)",Cijk_Alik_Bljk_I8II_BH_GB_MT64x64x32_SN_GLVWA8_GLVWB8_GRVW16_K1_SU32_SUS256_TT4_4,NO_CHECK,1426.22,6022.88,,1,32,32,1,1,1,1,150994944,16777216,,,,,,,,,,2026-04-18 21:40:31.
0,42/44,24/35,Contraction_l_Alik_Bljk_Cijk_Dijk,"(512,8192,1,1024)",Cijk_Alik_Bljk_I8II_BH_GB_MT128x64x32_SN_GLVWA4_GLVWB4_GRVW4_K1_SU0_SUS0_TT8_4,NO_CHECK,1150.13,7468.64,,1,16,32,1,1,1,1,117440512,16777216,,,,,,,,,,2026-04-18 21:40:31.
0,42/44,25/35,Contraction_l_Alik_Bljk_Cijk_Dijk,"(512,8192,1,1024)",Cijk_Alik_Bljk_I8II_BH_GB_MT128x64x32_SN_GLVWA8_GLVWB8_GRVW8_K1_SU0_SUS0_TT8_4,NO_CHECK,1115.41,7701.13,,1,16,32,1,1,1,1,117440512,16777216,,,,,,,,,,2026-04-18 21:40:31.
0,42/44,26/35,Contraction_l_Alik_Bljk_Cijk_Dijk,"(512,8192,1,1024)",Cijk_Alik_Bljk_I8II_BH_GB_MT128x64x32_SN_GLVWA16_GLVWB8_GRVW16_K1_SU0_SUS0_TT8_4,NO_CHECK,1120.05,7669.22,,1,16,32,1,1,1,1,117440512,16777216,,,,,,,,,,2026-04-18 21:40:31.
0,42/44,27/35,Contraction_l_Alik_Bljk_Cijk_Dijk,"(512,8192,1,1024)",Cijk_Alik_Bljk_I8II_BH_GB_MT128x64x32_SN_GLVWA4_GLVWB4_GRVW4_K1_SU32_SUS256_TT8_4,NO_CHECK,1172.53,7325.96,,1,16,32,1,1,1,1,117440512,16777216,,,,,,,,,,2026-04-18 21:40:31.
0,42/44,28/35,Contraction_l_Alik_Bljk_Cijk_Dijk,"(512,8192,1,1024)",Cijk_Alik_Bljk_I8II_BH_GB_MT128x64x32_SN_GLVWA8_GLVWB8_GRVW8_K1_SU32_SUS256_TT8_4,NO_CHECK,1367.66,6280.78,,1,16,32,1,1,1,1,117440512,16777216,,,,,,,,,,2026-04-18 21:40:31.
0,42/44,29/35,Contraction_l_Alik_Bljk_Cijk_Dijk,"(512,8192,1,1024)",Cijk_Alik_Bljk_I8II_BH_GB_MT128x64x32_SN_GLVWA16_GLVWB8_GRVW16_K1_SU32_SUS256_TT8_4,NO_CHECK,1146.13,7494.71,,1,16,32,1,1,1,1,117440512,16777216,,,,,,,,,,2026-04-18 21:40:31.
0,42/44,30/35,Contraction_l_Alik_Bljk_Cijk_Dijk,"(512,8192,1,1024)",Cijk_Alik_Bljk_I8II_BH_GB_MT64x128x32_SN_GLVWA4_GLVWB4_GRVW4_K1_SU0_SUS0_TT4_8,NO_CHECK,1186.89,7237.32,,1,16,32,1,1,1,1,117440512,16777216,,,,,,,,,,2026-04-18 21:40:31.
0,42/44,31/35,Contraction_l_Alik_Bljk_Cijk_Dijk,"(512,8192,1,1024)",Cijk_Alik_Bljk_I8II_BH_GB_MT64x128x32_SN_GLVWA8_GLVWB8_GRVW8_K1_SU0_SUS0_TT4_8,NO_CHECK,1172.53,7325.96,,1,16,32,1,1,1,1,117440512,16777216,,,,,,,,,,2026-04-18 21:40:31.
0,42/44,32/35,Contraction_l_Alik_Bljk_Cijk_Dijk,"(512,8192,1,1024)",Cijk_Alik_Bljk_I8II_BH_GB_MT64x128x32_SN_GLVWA8_GLVWB16_GRVW16_K1_SU0_SUS0_TT4_8,NO_CHECK,1165.41,7370.72,,1,16,32,1,1,1,1,117440512,16777216,,,,,,,,,,2026-04-18 21:40:31.
0,42/44,33/35,Contraction_l_Alik_Bljk_Cijk_Dijk,"(512,8192,1,1024)",Cijk_Alik_Bljk_I8II_BH_GB_MT64x128x32_SN_GLVWA4_GLVWB4_GRVW4_K1_SU32_SUS256_TT4_8,NO_CHECK,1154.93,7437.6,,1,16,32,1,1,1,1,117440512,16777216,,,,,,,,,,2026-04-18 21:40:31.
0,42/44,34/35,Contraction_l_Alik_Bljk_Cijk_Dijk,"(512,8192,1,1024)",Cijk_Alik_Bljk_I8II_BH_GB_MT64x128x32_SN_GLVWA8_GLVWB8_GRVW8_K1_SU32_SUS256_TT4_8,NO_CHECK,1304.62,6584.27,,1,16,32,1,1,1,1,117440512,16777216,,,,,,,,,,2026-04-18 21:40:31.
0,42/44,35/35,Contraction_l_Alik_Bljk_Cijk_Dijk,"(512,8192,1,1024)",Cijk_Alik_Bljk_I8II_BH_GB_MT64x128x32_SN_GLVWA8_GLVWB16_GRVW16_K1_SU32_SUS256_TT4_8,NO_CHECK,1142.85,7516.22,,1,16,32,1,1,1,1,117440512,16777216,,,,,,,,,,2026-04-18 21:40:31.
0,43/44,0/35,Contraction_l_Alik_Bljk_Cijk_Dijk,"(512,8192,1,4096)",Cijk_Alik_Bljk_I8II_BH_GB_MT64x64x16_SN_GLVWA4_GLVWB4_GRVW4_K1_SU0_SUS0_TT4_4,NO_CHECK,5621.54,6112.15,,1,32,32,1,1,1,1,553648128,16777216,,,,,,,,,,2026-04-18 21:40:31.
0,43/44,1/35,Contraction_l_Alik_Bljk_Cijk_Dijk,"(512,8192,1,4096)",Cijk_Alik_Bljk_I8II_BH_GB_MT64x64x16_SN_GLVWA4_GLVWB4_GRVW8_K1_SU0_SUS0_TT4_4,NO_CHECK,5618.98,6114.94,,1,32,32,1,1,1,1,553648128,16777216,,,,,,,,,,2026-04-18 21:40:31.
0,43/44,2/35,Contraction_l_Alik_Bljk_Cijk_Dijk,"(512,8192,1,4096)",Cijk_Alik_Bljk_I8II_BH_GB_MT64x64x16_SN_GLVWA4_GLVWB4_GRVW16_K1_SU0_SUS0_TT4_4,NO_CHECK,6324.87,5432.48,,1,32,32,1,1,1,1,553648128,16777216,,,,,,,,,,2026-04-18 21:40:31.
0,43/44,3/35,Contraction_l_Alik_Bljk_Cijk_Dijk,"(512,8192,1,4096)",Cijk_Alik_Bljk_I8II_BH_GB_MT64x64x16_SN_GLVWA4_GLVWB4_GRVW4_K1_SU32_SUS256_TT4_4,NO_CHECK,5573.02,6165.37,,1,32,32,1,1,1,1,553648128,16777216,,,,,,,,,,2026-04-18 21:40:31.
0,43/44,4/35,Contraction_l_Alik_Bljk_Cijk_Dijk,"(512,8192,1,4096)",Cijk_Alik_Bljk_I8II_BH_GB_MT64x64x16_SN_GLVWA4_GLVWB4_GRVW8_K1_SU32_SUS256_TT4_4,NO_CHECK,5600.22,6135.42,,1,32,32,1,1,1,1,553648128,16777216,,,,,,,,,,2026-04-18 21:40:31.
0,43/44,5/35,Contraction_l_Alik_Bljk_Cijk_Dijk,"(512,8192,1,4096)",Cijk_Alik_Bljk_I8II_BH_GB_MT64x64x16_SN_GLVWA4_GLVWB4_GRVW16_K1_SU32_SUS256_TT4_4,NO_CHECK,5594.18,6142.05,,1,32,32,1,1,1,1,553648128,16777216,,,,,,,,,,2026-04-18 21:40:31.
0,43/44,6/35,Contraction_l_Alik_Bljk_Cijk_Dijk,"(512,8192,1,4096)",Cijk_Alik_Bljk_I8II_BH_GB_MT128x64x16_SN_GLVWA4_GLVWB4_GRVW4_K1_SU0_SUS0_TT8_4,NO_CHECK,4612.61,7449.09,,1,16,32,1,1,1,1,419430400,16777216,,,,,,,,,,2026-04-18 21:40:31.
0,43/44,7/35,Contraction_l_Alik_Bljk_Cijk_Dijk,"(512,8192,1,4096)",Cijk_Alik_Bljk_I8II_BH_GB_MT128x64x16_SN_GLVWA8_GLVWB4_GRVW8_K1_SU0_SUS0_TT8_4,NO_CHECK,4454.97,7712.68,,1,16,32,1,1,1,1,419430400,16777216,,,,,,,,,,2026-04-18 21:40:31.
0,43/44,8/35,Contraction_l_Alik_Bljk_Cijk_Dijk,"(512,8192,1,4096)",Cijk_Alik_Bljk_I8II_BH_GB_MT128x64x16_SN_GLVWA8_GLVWB4_GRVW16_K1_SU0_SUS0_TT8_4,NO_CHECK,4405.73,7798.88,,1,16,32,1,1,1,1,419430400,16777216,,,,,,,,,,2026-04-18 21:40:31.
0,43/44,9/35,Contraction_l_Alik_Bljk_Cijk_Dijk,"(512,8192,1,4096)",Cijk_Alik_Bljk_I8II_BH_GB_MT128x64x16_SN_GLVWA4_GLVWB4_GRVW4_K1_SU32_SUS256_TT8_4,NO_CHECK,4422.53,7769.25,,1,16,32,1,1,1,1,419430400,16777216,,,,,,,,,,2026-04-18 21:40:31.
0,43/44,10/35,Contraction_l_Alik_Bljk_Cijk_Dijk,"(512,8192,1,4096)",Cijk_Alik_Bljk_I8II_BH_GB_MT128x64x16_SN_GLVWA8_GLVWB4_GRVW8_K1_SU32_SUS256_TT8_4,NO_CHECK,4710.21,7294.73,,1,16,32,1,1,1,1,419430400,16777216,,,,,,,,,,2026-04-18 21:40:31.
0,43/44,11/35,Contraction_l_Alik_Bljk_Cijk_Dijk,"(512,8192,1,4096)",Cijk_Alik_Bljk_I8II_BH_GB_MT128x64x16_SN_GLVWA8_GLVWB4_GRVW16_K1_SU32_SUS256_TT8_4,NO_CHECK,4417.21,7778.61,,1,16,32,1,1,1,1,419430400,16777216,,,,,,,,,,2026-04-18 21:40:31.
0,43/44,12/35,Contraction_l_Alik_Bljk_Cijk_Dijk,"(512,8192,1,4096)",Cijk_Alik_Bljk_I8II_BH_GB_MT64x128x16_SN_GLVWA4_GLVWB4_GRVW4_K1_SU0_SUS0_TT4_8,NO_CHECK,4718.57,7281.81,,1,16,32,1,1,1,1,419430400,16777216,,,,,,,,,,2026-04-18 21:40:31.
0,43/44,13/35,Contraction_l_Alik_Bljk_Cijk_Dijk,"(512,8192,1,4096)",Cijk_Alik_Bljk_I8II_BH_GB_MT64x128x16_SN_GLVWA4_GLVWB8_GRVW8_K1_SU0_SUS0_TT4_8,NO_CHECK,4455.57,7711.64,,1,16,32,1,1,1,1,419430400,16777216,,,,,,,,,,2026-04-18 21:40:31.
0,43/44,14/35,Contraction_l_Alik_Bljk_Cijk_Dijk,"(512,8192,1,4096)",Cijk_Alik_Bljk_I8II_BH_GB_MT64x128x16_SN_GLVWA4_GLVWB8_GRVW16_K1_SU0_SUS0_TT4_8,NO_CHECK,4506.69,7624.16,,1,16,32,1,1,1,1,419430400,16777216,,,,,,,,,,2026-04-18 21:40:31.
0,43/44,15/35,Contraction_l_Alik_Bljk_Cijk_Dijk,"(512,8192,1,4096)",Cijk_Alik_Bljk_I8II_BH_GB_MT64x128x16_SN_GLVWA4_GLVWB4_GRVW4_K1_SU32_SUS256_TT4_8,NO_CHECK,4400.01,7809.02,,1,16,32,1,1,1,1,419430400,16777216,,,,,,,,,,2026-04-18 21:40:31.
0,43/44,16/35,Contraction_l_Alik_Bljk_Cijk_Dijk,"(512,8192,1,4096)",Cijk_Alik_Bljk_I8II_BH_GB_MT64x128x16_SN_GLVWA4_GLVWB8_GRVW8_K1_SU32_SUS256_TT4_8,NO_CHECK,4405.29,7799.65,,1,16,32,1,1,1,1,419430400,16777216,,,,,,,,,,2026-04-18 21:40:31.
0,43/44,17/35,Contraction_l_Alik_Bljk_Cijk_Dijk,"(512,8192,1,4096)",Cijk_Alik_Bljk_I8II_BH_GB_MT64x128x16_SN_GLVWA4_GLVWB8_GRVW16_K1_SU32_SUS256_TT4_8,NO_CHECK,4667.49,7361.5,,1,16,32,1,1,1,1,419430400,16777216,,,,,,,,,,2026-04-18 21:40:31.
0,43/44,18/35,Contraction_l_Alik_Bljk_Cijk_Dijk,"(512,8192,1,4096)",Cijk_Alik_Bljk_I8II_BH_GB_MT64x64x32_SN_GLVWA4_GLVWB4_GRVW4_K1_SU0_SUS0_TT4_4,NO_CHECK,5582.18,6155.25,,1,32,32,1,1,1,1,553648128,16777216,,,,,,,,,,2026-04-18 21:40:31.
0,43/44,19/35,Contraction_l_Alik_Bljk_Cijk_Dijk,"(512,8192,1,4096)",Cijk_Alik_Bljk_I8II_BH_GB_MT64x64x32_SN_GLVWA8_GLVWB8_GRVW8_K1_SU0_SUS0_TT4_4,NO_CHECK,5562.5,6177.03,,1,32,32,1,1,1,1,553648128,16777216,,,,,,,,,,2026-04-18 21:40:31.
0,43/44,20/35,Contraction_l_Alik_Bljk_Cijk_Dijk,"(512,8192,1,4096)",Cijk_Alik_Bljk_I8II_BH_GB_MT64x64x32_SN_GLVWA8_GLVWB8_GRVW16_K1_SU0_SUS0_TT4_4,NO_CHECK,5894.87,5828.76,,1,32,32,1,1,1,1,553648128,16777216,,,,,,,,,,2026-04-18 21:40:31.
0,43/44,21/35,Contraction_l_Alik_Bljk_Cijk_Dijk,"(512,8192,1,4096)",Cijk_Alik_Bljk_I8II_BH_GB_MT64x64x32_SN_GLVWA4_GLVWB4_GRVW4_K1_SU32_SUS256_TT4_4,NO_CHECK,5712.3,6015.04,,1,32,32,1,1,1,1,553648128,16777216,,,,,,,,,,2026-04-18 21:40:31.
0,43/44,22/35,Contraction_l_Alik_Bljk_Cijk_Dijk,"(512,8192,1,4096)",Cijk_Alik_Bljk_I8II_BH_GB_MT64x64x32_SN_GLVWA8_GLVWB8_GRVW8_K1_SU32_SUS256_TT4_4,NO_CHECK,5543.02,6198.74,,1,32,32,1,1,1,1,553648128,16777216,,,,,,,,,,2026-04-18 21:40:31.
0,43/44,23/35,Contraction_l_Alik_Bljk_Cijk_Dijk,"(512,8192,1,4096)",Cijk_Alik_Bljk_I8II_BH_GB_MT64x64x32_SN_GLVWA8_GLVWB8_GRVW16_K1_SU32_SUS256_TT4_4,NO_CHECK,5881.43,5842.08,,1,32,32,1,1,1,1,553648128,16777216,,,,,,,,,,2026-04-18 21:40:31.
0,43/44,24/35,Contraction_l_Alik_Bljk_Cijk_Dijk,"(512,8192,1,4096)",Cijk_Alik_Bljk_I8II_BH_GB_MT128x64x32_SN_GLVWA4_GLVWB4_GRVW4_K1_SU0_SUS0_TT8_4,NO_CHECK,4590.57,7484.85,,1,16,32,1,1,1,1,419430400,16777216,,,,,,,,,,2026-04-18 21:40:31.
0,43/44,25/35,Contraction_l_Alik_Bljk_Cijk_Dijk,"(512,8192,1,4096)",Cijk_Alik_Bljk_I8II_BH_GB_MT128x64x32_SN_GLVWA8_GLVWB8_GRVW8_K1_SU0_SUS0_TT8_4,NO_CHECK,4413.89,7784.46,,1,16,32,1,1,1,1,419430400,16777216,,,,,,,,,,2026-04-18 21:40:31.
0,43/44,26/35,Contraction_l_Alik_Bljk_Cijk_Dijk,"(512,8192,1,4096)",Cijk_Alik_Bljk_I8II_BH_GB_MT128x64x32_SN_GLVWA16_GLVWB8_GRVW16_K1_SU0_SUS0_TT8_4,NO_CHECK,4394.17,7819.39,,1,16,32,1,1,1,1,419430400,16777216,,,,,,,,,,2026-04-18 21:40:31.
0,43/44,27/35,Contraction_l_Alik_Bljk_Cijk_Dijk,"(512,8192,1,4096)",Cijk_Alik_Bljk_I8II_BH_GB_MT128x64x32_SN_GLVWA4_GLVWB4_GRVW4_K1_SU32_SUS256_TT8_4,NO_CHECK,4425.77,7763.56,,1,16,32,1,1,1,1,419430400,16777216,,,,,,,,,,2026-04-18 21:40:31.
0,43/44,28/35,Contraction_l_Alik_Bljk_Cijk_Dijk,"(512,8192,1,4096)",Cijk_Alik_Bljk_I8II_BH_GB_MT128x64x32_SN_GLVWA8_GLVWB8_GRVW8_K1_SU32_SUS256_TT8_4,NO_CHECK,4674.61,7350.29,,1,16,32,1,1,1,1,419430400,16777216,,,,,,,,,,2026-04-18 21:40:31.
0,43/44,29/35,Contraction_l_Alik_Bljk_Cijk_Dijk,"(512,8192,1,4096)",Cijk_Alik_Bljk_I8II_BH_GB_MT128x64x32_SN_GLVWA16_GLVWB8_GRVW16_K1_SU32_SUS256_TT8_4,NO_CHECK,4402.93,7803.84,,1,16,32,1,1,1,1,419430400,16777216,,,,,,,,,,2026-04-18 21:40:31.
0,43/44,30/35,Contraction_l_Alik_Bljk_Cijk_Dijk,"(512,8192,1,4096)",Cijk_Alik_Bljk_I8II_BH_GB_MT64x128x32_SN_GLVWA4_GLVWB4_GRVW4_K1_SU0_SUS0_TT4_8,NO_CHECK,4966.3,6918.58,,1,16,32,1,1,1,1,419430400,16777216,,,,,,,,,,2026-04-18 21:40:31.
0,43/44,31/35,Contraction_l_Alik_Bljk_Cijk_Dijk,"(512,8192,1,4096)",Cijk_Alik_Bljk_I8II_BH_GB_MT64x128x32_SN_GLVWA8_GLVWB8_GRVW8_K1_SU0_SUS0_TT4_8,NO_CHECK,4429.01,7757.88,,1,16,32,1,1,1,1,419430400,16777216,,,,,,,,,,2026-04-18 21:40:31.
0,43/44,32/35,Contraction_l_Alik_Bljk_Cijk_Dijk,"(512,8192,1,4096)",Cijk_Alik_Bljk_I8II_BH_GB_MT64x128x32_SN_GLVWA8_GLVWB16_GRVW16_K1_SU0_SUS0_TT4_8,NO_CHECK,4959.9,6927.51,,1,16,32,1,1,1,1,419430400,16777216,,,,,,,,,,2026-04-18 21:40:31.
0,43/44,33/35,Contraction_l_Alik_Bljk_Cijk_Dijk,"(512,8192,1,4096)",Cijk_Alik_Bljk_I8II_BH_GB_MT64x128x32_SN_GLVWA4_GLVWB4_GRVW4_K1_SU32_SUS256_TT4_8,NO_CHECK,4402.33,7804.9,,1,16,32,1,1,1,1,419430400,16777216,,,,,,,,,,2026-04-18 21:40:31.
0,43/44,34/35,Contraction_l_Alik_Bljk_Cijk_Dijk,"(512,8192,1,4096)",Cijk_Alik_Bljk_I8II_BH_GB_MT64x128x32_SN_GLVWA8_GLVWB8_GRVW8_K1_SU32_SUS256_TT4_8,NO_CHECK,4392.37,7822.6,,1,16,32,1,1,1,1,419430400,16777216,,,,,,,,,,2026-04-18 21:40:31.
0,43/44,35/35,Contraction_l_Alik_Bljk_Cijk_Dijk,"(512,8192,1,4096)",Cijk_Alik_Bljk_I8II_BH_GB_MT64x128x32_SN_GLVWA8_GLVWB16_GRVW16_K1_SU32_SUS256_TT4_8,NO_CHECK,4925.57,6975.78,,1,16,32,1,1,1,1,419430400,16777216,,,,,,,,,,2026-04-18 21:40:31.
0,44/44,0/35,Contraction_l_Alik_Bljk_Cijk_Dijk,"(512,8192,1,8192)",Cijk_Alik_Bljk_I8II_BH_GB_MT64x64x16_SN_GLVWA4_GLVWB4_GRVW4_K1_SU0_SUS0_TT4_4,NO_CHECK,12128.3,5666.03,,1,32,32,1,1,1,1,1090519040,16777216,,,,,,,,,,2026-04-18 21:40:31.
0,44/44,1/35,Contraction_l_Alik_Bljk_Cijk_Dijk,"(512,8192,1,8192)",Cijk_Alik_Bljk_I8II_BH_GB_MT64x64x16_SN_GLVWA4_GLVWB4_GRVW8_K1_SU0_SUS0_TT4_4,NO_CHECK,11117.9,6180.96,,1,32,32,1,1,1,1,1090519040,16777216,,,,,,,,,,2026-04-18 21:40:31.
0,44/44,2/35,Contraction_l_Alik_Bljk_Cijk_Dijk,"(512,8192,1,8192)",Cijk_Alik_Bljk_I8II_BH_GB_MT64x64x16_SN_GLVWA4_GLVWB4_GRVW16_K1_SU0_SUS0_TT4_4,NO_CHECK,11117.1,6181.41,,1,32,32,1,1,1,1,1090519040,16777216,,,,,,,,,,2026-04-18 21:40:31.
0,44/44,3/35,Contraction_l_Alik_Bljk_Cijk_Dijk,"(512,8192,1,8192)",Cijk_Alik_Bljk_I8II_BH_GB_MT64x64x16_SN_GLVWA4_GLVWB4_GRVW4_K1_SU32_SUS256_TT4_4,NO_CHECK,11076.8,6203.93,,1,32,32,1,1,1,1,1090519040,16777216,,,,,,,,,,2026-04-18 21:40:31.
0,44/44,4/35,Contraction_l_Alik_Bljk_Cijk_Dijk,"(512,8192,1,8192)",Cijk_Alik_Bljk_I8II_BH_GB_MT64x64x16_SN_GLVWA4_GLVWB4_GRVW8_K1_SU32_SUS256_TT4_4,NO_CHECK,12121.8,5669.09,,1,32,32,1,1,1,1,1090519040,16777216,,,,,,,,,,2026-04-18 21:40:31.
0,44/44,5/35,Contraction_l_Alik_Bljk_Cijk_Dijk,"(512,8192,1,8192)",Cijk_Alik_Bljk_I8II_BH_GB_MT64x64x16_SN_GLVWA4_GLVWB4_GRVW16_K1_SU32_SUS256_TT4_4,NO_CHECK,11107.1,6186.97,,1,32,32,1,1,1,1,1090519040,16777216,,,,,,,,,,2026-04-18 21:40:31.
0,44/44,6/35,Contraction_l_Alik_Bljk_Cijk_Dijk,"(512,8192,1,8192)",Cijk_Alik_Bljk_I8II_BH_GB_MT128x64x16_SN_GLVWA4_GLVWB4_GRVW4_K1_SU0_SUS0_TT8_4,NO_CHECK,8978.7,7653.61,,1,16,32,1,1,1,1,822083584,16777216,,,,,,,,,,2026-04-18 21:40:31.
0,44/44,7/35,Contraction_l_Alik_Bljk_Cijk_Dijk,"(512,8192,1,8192)",Cijk_Alik_Bljk_I8II_BH_GB_MT128x64x16_SN_GLVWA8_GLVWB4_GRVW8_K1_SU0_SUS0_TT8_4,NO_CHECK,8790.42,7817.54,,1,16,32,1,1,1,1,822083584,16777216,,,,,,,,,,2026-04-18 21:40:31.
0,44/44,8/35,Contraction_l_Alik_Bljk_Cijk_Dijk,"(512,8192,1,8192)",Cijk_Alik_Bljk_I8II_BH_GB_MT128x64x16_SN_GLVWA8_GLVWB4_GRVW16_K1_SU0_SUS0_TT8_4,NO_CHECK,9334.26,7362.07,,1,16,32,1,1,1,1,822083584,16777216,,,,,,,,,,2026-04-18 21:40:31.
0,44/44,9/35,Contraction_l_Alik_Bljk_Cijk_Dijk,"(512,8192,1,8192)",Cijk_Alik_Bljk_I8II_BH_GB_MT128x64x16_SN_GLVWA4_GLVWB4_GRVW4_K1_SU32_SUS256_TT8_4,NO_CHECK,8809.62,7800.51,,1,16,32,1,1,1,1,822083584,16777216,,,,,,,,,,2026-04-18 21:40:31.
0,44/44,10/35,Contraction_l_Alik_Bljk_Cijk_Dijk,"(512,8192,1,8192)",Cijk_Alik_Bljk_I8II_BH_GB_MT128x64x16_SN_GLVWA8_GLVWB4_GRVW8_K1_SU32_SUS256_TT8_4,NO_CHECK,9846.59,6979.01,,1,16,32,1,1,1,1,822083584,16777216,,,,,,,,,,2026-04-18 21:40:31.
0,44/44,11/35,Contraction_l_Alik_Bljk_Cijk_Dijk,"(512,8192,1,8192)",Cijk_Alik_Bljk_I8II_BH_GB_MT128x64x16_SN_GLVWA8_GLVWB4_GRVW16_K1_SU32_SUS256_TT8_4,NO_CHECK,8914.78,7708.49,,1,16,32,1,1,1,1,822083584,16777216,,,,,,,,,,2026-04-18 21:40:31.
0,44/44,12/35,Contraction_l_Alik_Bljk_Cijk_Dijk,"(512,8192,1,8192)",Cijk_Alik_Bljk_I8II_BH_GB_MT64x128x16_SN_GLVWA4_GLVWB4_GRVW4_K1_SU0_SUS0_TT4_8,NO_CHECK,8887.22,7732.39,,1,16,32,1,1,1,1,822083584,16777216,,,,,,,,,,2026-04-18 21:40:31.
0,44/44,13/35,Contraction_l_Alik_Bljk_Cijk_Dijk,"(512,8192,1,8192)",Cijk_Alik_Bljk_I8II_BH_GB_MT64x128x16_SN_GLVWA4_GLVWB8_GRVW8_K1_SU0_SUS0_TT4_8,NO_CHECK,9333.46,7362.7,,1,16,32,1,1,1,1,822083584,16777216,,,,,,,,,,2026-04-18 21:40:31.
0,44/44,14/35,Contraction_l_Alik_Bljk_Cijk_Dijk,"(512,8192,1,8192)",Cijk_Alik_Bljk_I8II_BH_GB_MT64x128x16_SN_GLVWA4_GLVWB8_GRVW16_K1_SU0_SUS0_TT4_8,NO_CHECK,8921.42,7702.75,,1,16,32,1,1,1,1,822083584,16777216,,,,,,,,,,2026-04-18 21:40:31.
0,44/44,15/35,Contraction_l_Alik_Bljk_Cijk_Dijk,"(512,8192,1,8192)",Cijk_Alik_Bljk_I8II_BH_GB_MT64x128x16_SN_GLVWA4_GLVWB4_GRVW4_K1_SU32_SUS256_TT4_8,NO_CHECK,8809.26,7800.82,,1,16,32,1,1,1,1,822083584,16777216,,,,,,,,,,2026-04-18 21:40:31.
0,44/44,16/35,Contraction_l_Alik_Bljk_Cijk_Dijk,"(512,8192,1,8192)",Cijk_Alik_Bljk_I8II_BH_GB_MT64x128x16_SN_GLVWA4_GLVWB8_GRVW8_K1_SU32_SUS256_TT4_8,NO_CHECK,8806.22,7803.52,,1,16,32,1,1,1,1,822083584,16777216,,,,,,,,,,2026-04-18 21:40:31.
0,44/44,17/35,Contraction_l_Alik_Bljk_Cijk_Dijk,"(512,8192,1,8192)",Cijk_Alik_Bljk_I8II_BH_GB_MT64x128x16_SN_GLVWA4_GLVWB8_GRVW16_K1_SU32_SUS256_TT4_8,NO_CHECK,8793.38,7814.91,,1,16,32,1,1,1,1,822083584,16777216,,,,,,,,,,2026-04-18 21:40:31.
0,44/44,18/35,Contraction_l_Alik_Bljk_Cijk_Dijk,"(512,8192,1,8192)",Cijk_Alik_Bljk_I8II_BH_GB_MT64x64x32_SN_GLVWA4_GLVWB4_GRVW4_K1_SU0_SUS0_TT4_4,NO_CHECK,11448.3,6002.6,,1,32,32,1,1,1,1,1090519040,16777216,,,,,,,,,,2026-04-18 21:40:31.
0,44/44,19/35,Contraction_l_Alik_Bljk_Cijk_Dijk,"(512,8192,1,8192)",Cijk_Alik_Bljk_I8II_BH_GB_MT64x64x32_SN_GLVWA8_GLVWB8_GRVW8_K1_SU0_SUS0_TT4_4,NO_CHECK,11434.8,6009.67,,1,32,32,1,1,1,1,1090519040,16777216,,,,,,,,,,2026-04-18 21:40:31.
0,44/44,20/35,Contraction_l_Alik_Bljk_Cijk_Dijk,"(512,8192,1,8192)",Cijk_Alik_Bljk_I8II_BH_GB_MT64x64x32_SN_GLVWA8_GLVWB8_GRVW16_K1_SU0_SUS0_TT4_4,NO_CHECK,11086.6,6198.45,,1,32,32,1,1,1,1,1090519040,16777216,,,,,,,,,,2026-04-18 21:40:31.
0,44/44,21/35,Contraction_l_Alik_Bljk_Cijk_Dijk,"(512,8192,1,8192)",Cijk_Alik_Bljk_I8II_BH_GB_MT64x64x32_SN_GLVWA4_GLVWB4_GRVW4_K1_SU32_SUS256_TT4_4,NO_CHECK,11067.1,6209.36,,1,32,32,1,1,1,1,1090519040,16777216,,,,,,,,,,2026-04-18 21:40:31.
0,44/44,22/35,Contraction_l_Alik_Bljk_Cijk_Dijk,"(512,8192,1,8192)",Cijk_Alik_Bljk_I8II_BH_GB_MT64x64x32_SN_GLVWA8_GLVWB8_GRVW8_K1_SU32_SUS256_TT4_4,NO_CHECK,11751.6,5847.68,,1,32,32,1,1,1,1,1090519040,16777216,,,,,,,,,,2026-04-18 21:40:31.
0,44/44,23/35,Contraction_l_Alik_Bljk_Cijk_Dijk,"(512,8192,1,8192)",Cijk_Alik_Bljk_I8II_BH_GB_MT64x64x32_SN_GLVWA8_GLVWB8_GRVW16_K1_SU32_SUS256_TT4_4,NO_CHECK,11408.3,6023.64,,1,32,32,1,1,1,1,1090519040,16777216,,,,,,,,,,2026-04-18 21:40:31.
0,44/44,24/35,Contraction_l_Alik_Bljk_Cijk_Dijk,"(512,8192,1,8192)",Cijk_Alik_Bljk_I8II_BH_GB_MT128x64x32_SN_GLVWA4_GLVWB4_GRVW4_K1_SU0_SUS0_TT8_4,NO_CHECK,8805.58,7804.08,,1,16,32,1,1,1,1,822083584,16777216,,,,,,,,,,2026-04-18 21:40:31.
0,44/44,25/35,Contraction_l_Alik_Bljk_Cijk_Dijk,"(512,8192,1,8192)",Cijk_Alik_Bljk_I8II_BH_GB_MT128x64x32_SN_GLVWA8_GLVWB8_GRVW8_K1_SU0_SUS0_TT8_4,NO_CHECK,9891.51,6947.32,,1,16,32,1,1,1,1,822083584,16777216,,,,,,,,,,2026-04-18 21:40:31.
0,44/44,26/35,Contraction_l_Alik_Bljk_Cijk_Dijk,"(512,8192,1,8192)",Cijk_Alik_Bljk_I8II_BH_GB_MT128x64x32_SN_GLVWA16_GLVWB8_GRVW16_K1_SU0_SUS0_TT8_4,NO_CHECK,8954.66,7674.16,,1,16,32,1,1,1,1,822083584,16777216,,,,,,,,,,2026-04-18 21:40:31.
0,44/44,27/35,Contraction_l_Alik_Bljk_Cijk_Dijk,"(512,8192,1,8192)",Cijk_Alik_Bljk_I8II_BH_GB_MT128x64x32_SN_GLVWA4_GLVWB4_GRVW4_K1_SU32_SUS256_TT8_4,NO_CHECK,8797.26,7811.46,,1,16,32,1,1,1,1,822083584,16777216,,,,,,,,,,2026-04-18 21:40:31.
0,44/44,28/35,Contraction_l_Alik_Bljk_Cijk_Dijk,"(512,8192,1,8192)",Cijk_Alik_Bljk_I8II_BH_GB_MT128x64x32_SN_GLVWA8_GLVWB8_GRVW8_K1_SU32_SUS256_TT8_4,NO_CHECK,9459.27,7264.78,,1,16,32,1,1,1,1,822083584,16777216,,,,,,,,,,2026-04-18 21:40:31.
0,44/44,29/35,Contraction_l_Alik_Bljk_Cijk_Dijk,"(512,8192,1,8192)",Cijk_Alik_Bljk_I8II_BH_GB_MT128x64x32_SN_GLVWA16_GLVWB8_GRVW16_K1_SU32_SUS256_TT8_4,NO_CHECK,9317.42,7375.37,,1,16,32,1,1,1,1,822083584,16777216,,,,,,,,,,2026-04-18 21:40:31.
0,44/44,30/35,Contraction_l_Alik_Bljk_Cijk_Dijk,"(512,8192,1,8192)",Cijk_Alik_Bljk_I8II_BH_GB_MT64x128x32_SN_GLVWA4_GLVWB4_GRVW4_K1_SU0_SUS0_TT4_8,NO_CHECK,10531,6525.45,,1,16,32,1,1,1,1,822083584,16777216,,,,,,,,,,2026-04-18 21:40:31.
0,44/44,31/35,Contraction_l_Alik_Bljk_Cijk_Dijk,"(512,8192,1,8192)",Cijk_Alik_Bljk_I8II_BH_GB_MT64x128x32_SN_GLVWA8_GLVWB8_GRVW8_K1_SU0_SUS0_TT4_8,NO_CHECK,9385.42,7321.94,,1,16,32,1,1,1,1,822083584,16777216,,,,,,,,,,2026-04-18 21:40:31.
0,44/44,32/35,Contraction_l_Alik_Bljk_Cijk_Dijk,"(512,8192,1,8192)",Cijk_Alik_Bljk_I8II_BH_GB_MT64x128x32_SN_GLVWA8_GLVWB16_GRVW16_K1_SU0_SUS0_TT4_8,NO_CHECK,9473.83,7253.61,,1,16,32,1,1,1,1,822083584,16777216,,,,,,,,,,2026-04-18 21:40:31.
0,44/44,33/35,Contraction_l_Alik_Bljk_Cijk_Dijk,"(512,8192,1,8192)",Cijk_Alik_Bljk_I8II_BH_GB_MT64x128x32_SN_GLVWA4_GLVWB4_GRVW4_K1_SU32_SUS256_TT4_8,NO_CHECK,9470.83,7255.91,,1,16,32,1,1,1,1,822083584,16777216,,,,,,,,,,2026-04-18 21:40:31.
0,44/44,34/35,Contraction_l_Alik_Bljk_Cijk_Dijk,"(512,8192,1,8192)",Cijk_Alik_Bljk_I8II_BH_GB_MT64x128x32_SN_GLVWA8_GLVWB8_GRVW8_K1_SU32_SUS256_TT4_8,NO_CHECK,9353.31,7347.08,,1,16,32,1,1,1,1,822083584,16777216,,,,,,,,,,2026-04-18 21:40:31.
0,44/44,35/35,Contraction_l_Alik_Bljk_Cijk_Dijk,"(512,8192,1,8192)",Cijk_Alik_Bljk_I8II_BH_GB_MT64x128x32_SN_GLVWA8_GLVWB16_GRVW16_K1_SU32_SUS256_TT4_8,NO_CHECK,9495.39,7237.14,,1,16,32,1,1,1,1,822083584,16777216,,,,,,,,,,2026-04-18 21:40:31.
+ [[ 0 -ne 0 ]]
+ exit 0
################################################################################
# Cijk_Alik_Bljk_I8II_BH_GB_00
# 00_Final: End - 18.063s
################################################################################

clientExit=0 (PASS) for ['/home/iamthecage/rocm-libraries/shared/tensile/next-tuning/gfx1201-wide-v2/i8gemm_valu_gb_fixed_tn.yaml']

# LibraryLogic config: {'ScheduleName': 'navi48', 'DeviceNames': ['Device 7550'], 'ArchitectureName': 'gfx1201'}
# DefaultAnalysisParameters: 

################################################################################
# Analysing data in 2_BenchmarkData - 18.064s
#   ScheduleName: navi48
#   DeviceNames: ['Device 7550']
#   ArchitectureName: gfx1201
#   SolutionImportanceMin: 0.01
################################################################################

################################################################################
# Analyzing: Cijk_Alik_Bljk_I8II_BH_GB
# Read: /home/iamthecage/out-v2/i8gemm_valu_gb_fixed_tn/2_BenchmarkData/Cijk_Alik_Bljk_I8II_BH_GB_00.yaml
# ProblemSizes: ProblemSizes

# Solutions:
#  (0) Cijk_Alik_Bljk_I8II_BH_GB_MT64x64x16_SN_GLVWA4_GLVWB4_GRVW4_K1_SU0_SUS0_TT4_4
#  (1) Cijk_Alik_Bljk_I8II_BH_GB_MT64x64x16_SN_GLVWA4_GLVWB4_GRVW8_K1_SU0_SUS0_TT4_4
#  (2) Cijk_Alik_Bljk_I8II_BH_GB_MT64x64x16_SN_GLVWA4_GLVWB4_GRVW16_K1_SU0_SUS0_TT4_4
#  (3) Cijk_Alik_Bljk_I8II_BH_GB_MT64x64x16_SN_GLVWA4_GLVWB4_GRVW4_K1_SU32_SUS256_TT4_4
#  (4) Cijk_Alik_Bljk_I8II_BH_GB_MT64x64x16_SN_GLVWA4_GLVWB4_GRVW8_K1_SU32_SUS256_TT4_4
#  (5) Cijk_Alik_Bljk_I8II_BH_GB_MT64x64x16_SN_GLVWA4_GLVWB4_GRVW16_K1_SU32_SUS256_TT4_4
#  (6) Cijk_Alik_Bljk_I8II_BH_GB_MT128x64x16_SN_GLVWA4_GLVWB4_GRVW4_K1_SU0_SUS0_TT8_4
#  (7) Cijk_Alik_Bljk_I8II_BH_GB_MT128x64x16_SN_GLVWA8_GLVWB4_GRVW8_K1_SU0_SUS0_TT8_4
#  (8) Cijk_Alik_Bljk_I8II_BH_GB_MT128x64x16_SN_GLVWA8_GLVWB4_GRVW16_K1_SU0_SUS0_TT8_4
#  (9) Cijk_Alik_Bljk_I8II_BH_GB_MT128x64x16_SN_GLVWA4_GLVWB4_GRVW4_K1_SU32_SUS256_TT8_4
#  (10) Cijk_Alik_Bljk_I8II_BH_GB_MT128x64x16_SN_GLVWA8_GLVWB4_GRVW8_K1_SU32_SUS256_TT8_4
#  (11) Cijk_Alik_Bljk_I8II_BH_GB_MT128x64x16_SN_GLVWA8_GLVWB4_GRVW16_K1_SU32_SUS256_TT8_4
#  (12) Cijk_Alik_Bljk_I8II_BH_GB_MT64x128x16_SN_GLVWA4_GLVWB4_GRVW4_K1_SU0_SUS0_TT4_8
#  (13) Cijk_Alik_Bljk_I8II_BH_GB_MT64x128x16_SN_GLVWA4_GLVWB8_GRVW8_K1_SU0_SUS0_TT4_8
#  (14) Cijk_Alik_Bljk_I8II_BH_GB_MT64x128x16_SN_GLVWA4_GLVWB8_GRVW16_K1_SU0_SUS0_TT4_8
#  (15) Cijk_Alik_Bljk_I8II_BH_GB_MT64x128x16_SN_GLVWA4_GLVWB4_GRVW4_K1_SU32_SUS256_TT4_8
#  (16) Cijk_Alik_Bljk_I8II_BH_GB_MT64x128x16_SN_GLVWA4_GLVWB8_GRVW8_K1_SU32_SUS256_TT4_8
#  (17) Cijk_Alik_Bljk_I8II_BH_GB_MT64x128x16_SN_GLVWA4_GLVWB8_GRVW16_K1_SU32_SUS256_TT4_8
#  (18) Cijk_Alik_Bljk_I8II_BH_GB_MT64x64x32_SN_GLVWA4_GLVWB4_GRVW4_K1_SU0_SUS0_TT4_4
#  (19) Cijk_Alik_Bljk_I8II_BH_GB_MT64x64x32_SN_GLVWA8_GLVWB8_GRVW8_K1_SU0_SUS0_TT4_4
#  (20) Cijk_Alik_Bljk_I8II_BH_GB_MT64x64x32_SN_GLVWA8_GLVWB8_GRVW16_K1_SU0_SUS0_TT4_4
#  (21) Cijk_Alik_Bljk_I8II_BH_GB_MT64x64x32_SN_GLVWA4_GLVWB4_GRVW4_K1_SU32_SUS256_TT4_4
#  (22) Cijk_Alik_Bljk_I8II_BH_GB_MT64x64x32_SN_GLVWA8_GLVWB8_GRVW8_K1_SU32_SUS256_TT4_4
#  (23) Cijk_Alik_Bljk_I8II_BH_GB_MT64x64x32_SN_GLVWA8_GLVWB8_GRVW16_K1_SU32_SUS256_TT4_4
#  (24) Cijk_Alik_Bljk_I8II_BH_GB_MT128x64x32_SN_GLVWA4_GLVWB4_GRVW4_K1_SU0_SUS0_TT8_4
#  (25) Cijk_Alik_Bljk_I8II_BH_GB_MT128x64x32_SN_GLVWA8_GLVWB8_GRVW8_K1_SU0_SUS0_TT8_4
#  (26) Cijk_Alik_Bljk_I8II_BH_GB_MT128x64x32_SN_GLVWA16_GLVWB8_GRVW16_K1_SU0_SUS0_TT8_4
#  (27) Cijk_Alik_Bljk_I8II_BH_GB_MT128x64x32_SN_GLVWA4_GLVWB4_GRVW4_K1_SU32_SUS256_TT8_4
#  (28) Cijk_Alik_Bljk_I8II_BH_GB_MT128x64x32_SN_GLVWA8_GLVWB8_GRVW8_K1_SU32_SUS256_TT8_4
#  (29) Cijk_Alik_Bljk_I8II_BH_GB_MT128x64x32_SN_GLVWA16_GLVWB8_GRVW16_K1_SU32_SUS256_TT8_4
#  (30) Cijk_Alik_Bljk_I8II_BH_GB_MT64x128x32_SN_GLVWA4_GLVWB4_GRVW4_K1_SU0_SUS0_TT4_8
#  (31) Cijk_Alik_Bljk_I8II_BH_GB_MT64x128x32_SN_GLVWA8_GLVWB8_GRVW8_K1_SU0_SUS0_TT4_8
#  (32) Cijk_Alik_Bljk_I8II_BH_GB_MT64x128x32_SN_GLVWA8_GLVWB16_GRVW16_K1_SU0_SUS0_TT4_8
#  (33) Cijk_Alik_Bljk_I8II_BH_GB_MT64x128x32_SN_GLVWA4_GLVWB4_GRVW4_K1_SU32_SUS256_TT4_8
#  (34) Cijk_Alik_Bljk_I8II_BH_GB_MT64x128x32_SN_GLVWA8_GLVWB8_GRVW8_K1_SU32_SUS256_TT4_8
#  (35) Cijk_Alik_Bljk_I8II_BH_GB_MT64x128x32_SN_GLVWA8_GLVWB16_GRVW16_K1_SU32_SUS256_TT4_8
################################################################################
# Merging Solutions:
                                                   # LogicAnalyzer .                              5.6%                                                   # LogicAnalyzer ..                             8.3%                                                    # LogicAnalyzer ...                            11.1%                                                    # LogicAnalyzer ....                           13.9%                                                    # LogicAnalyzer .....                          16.7%                                                    # LogicAnalyzer ......                         22.2%                                                    # LogicAnalyzer .......                        25.0%                                                    # LogicAnalyzer ........                       27.8%                                                    # LogicAnalyzer .........                      30.6%                                                    # LogicAnalyzer ..........                     33.3%                                                    # LogicAnalyzer ...........                    38.9%                                                    # LogicAnalyzer ............                   41.7%                                                    # LogicAnalyzer .............                  44.4%                                                    # LogicAnalyzer ..............                 47.2%                                                    # LogicAnalyzer ...............                50.0%                                                    # LogicAnalyzer ................               55.6%                                                    # LogicAnalyzer .................              58.3%                                                    # LogicAnalyzer ..................             61.1%                                                    # LogicAnalyzer ...................            63.9%                                                    # LogicAnalyzer ....................           66.7%                                                    # LogicAnalyzer .....................          72.2%                                                    # LogicAnalyzer ......................         75.0%                                                    # LogicAnalyzer .......................        77.8%                                                    # LogicAnalyzer ........................       80.6%                                                    # LogicAnalyzer .........................      83.3%                                                    # LogicAnalyzer ..........................     88.9%                                                    # LogicAnalyzer ...........................    91.7%                                                    # LogicAnalyzer ............................   94.4%                                                    # LogicAnalyzer .............................  97.2%                                                     # LogicAnalyzer .............................. 100.0%UnifiedProblemSizes: [[], [], [], [], [], [], [], []]
ExactProblemSizes: {(8, 4096, 1, 1024, 8, 8, 1024, 1024), (512, 8192, 1, 8192, 512, 512, 8192, 8192), (1, 1024, 1, 8192, 1, 1, 8192, 8192), (1, 1024, 1, 4096, 1, 1, 4096, 
4096), (1, 4096, 1, 8192, 1, 1, 8192, 8192), (512, 4096, 1, 8192, 512, 512, 8192, 8192), (128, 8192, 1, 4096, 128, 128, 4096, 4096), (32, 1024, 1, 8192, 32, 32, 8192, 
8192), (128, 8192, 1, 8192, 128, 128, 8192, 8192), (8, 8192, 1, 4096, 8, 8, 4096, 4096), (32, 4096, 1, 1024, 32, 32, 1024, 1024), (512, 1024, 1, 8192, 512, 512, 8192, 
8192), (1, 8192, 1, 4096, 1, 1, 4096, 4096), (8, 1024, 1, 1024, 8, 8, 1024, 1024), (1, 4096, 1, 1024, 1, 1, 1024, 1024), (32, 1024, 1, 1024, 32, 32, 1024, 1024), (32, 8192,
1, 8192, 32, 32, 8192, 8192), (1, 1024, 1, 1024, 1, 1, 1024, 1024), (8, 4096, 1, 4096, 8, 8, 4096, 4096), (512, 8192, 1, 1024, 512, 512, 1024, 1024), (1, 8192, 1, 8192, 1, 
1, 8192, 8192), (8, 8192, 1, 1024, 8, 8, 1024, 1024), (512, 1024, 1, 4096, 512, 512, 4096, 4096), (512, 4096, 1, 1024, 512, 512, 1024, 1024), (128, 1024, 1, 8192, 128, 128,
8192, 8192), (32, 8192, 1, 4096, 32, 32, 4096, 4096), (128, 4096, 1, 4096, 128, 128, 4096, 4096), (128, 4096, 1, 1024, 128, 128, 1024, 1024), (128, 4096, 1, 8192, 128, 128,
8192, 8192), (1, 4096, 1, 4096, 1, 1, 4096, 4096), (1, 8192, 1, 1024, 1, 1, 1024, 1024), (8, 4096, 1, 8192, 8, 8, 8192, 8192), (32, 8192, 1, 1024, 32, 32, 1024, 1024), 
(512, 8192, 1, 4096, 512, 512, 4096, 4096), (8, 8192, 1, 8192, 8, 8, 8192, 8192), (32, 1024, 1, 4096, 32, 32, 4096, 4096), (128, 1024, 1, 4096, 128, 128, 4096, 4096), (512,
4096, 1, 4096, 512, 512, 4096, 4096), (128, 1024, 1, 1024, 128, 128, 1024, 1024), (128, 8192, 1, 1024, 128, 128, 1024, 1024), (8, 1024, 1, 4096, 8, 8, 4096, 4096), (32, 
4096, 1, 4096, 32, 32, 4096, 4096), (32, 4096, 1, 8192, 32, 32, 8192, 8192), (8, 1024, 1, 8192, 8, 8, 8192, 8192), (512, 1024, 1, 1024, 512, 512, 1024, 1024)}
RangeProblemSizes: {(8, 4096, 1, 1024, 8, 8, 1024, 1024), (512, 8192, 1, 8192, 512, 512, 8192, 8192), (1, 1024, 1, 8192, 1, 1, 8192, 8192), (1, 1024, 1, 4096, 1, 1, 4096, 
4096), (1, 4096, 1, 8192, 1, 1, 8192, 8192), (512, 4096, 1, 8192, 512, 512, 8192, 8192), (128, 8192, 1, 4096, 128, 128, 4096, 4096), (32, 1024, 1, 8192, 32, 32, 8192, 
8192), (128, 8192, 1, 8192, 128, 128, 8192, 8192), (8, 8192, 1, 4096, 8, 8, 4096, 4096), (32, 4096, 1, 1024, 32, 32, 1024, 1024), (512, 1024, 1, 8192, 512, 512, 8192, 
8192), (1, 8192, 1, 4096, 1, 1, 4096, 4096), (8, 1024, 1, 1024, 8, 8, 1024, 1024), (1, 4096, 1, 1024, 1, 1, 1024, 1024), (32, 1024, 1, 1024, 32, 32, 1024, 1024), (32, 8192,
1, 8192, 32, 32, 8192, 8192), (1, 1024, 1, 1024, 1, 1, 1024, 1024), (8, 4096, 1, 4096, 8, 8, 4096, 4096), (512, 8192, 1, 1024, 512, 512, 1024, 1024), (1, 8192, 1, 8192, 1, 
1, 8192, 8192), (8, 8192, 1, 1024, 8, 8, 1024, 1024), (512, 1024, 1, 4096, 512, 512, 4096, 4096), (512, 4096, 1, 1024, 512, 512, 1024, 1024), (128, 1024, 1, 8192, 128, 128,
8192, 8192), (32, 8192, 1, 4096, 32, 32, 4096, 4096), (128, 4096, 1, 4096, 128, 128, 4096, 4096), (128, 4096, 1, 1024, 128, 128, 1024, 1024), (128, 4096, 1, 8192, 128, 128,
8192, 8192), (1, 4096, 1, 4096, 1, 1, 4096, 4096), (1, 8192, 1, 1024, 1, 1, 1024, 1024), (8, 4096, 1, 8192, 8, 8, 8192, 8192), (32, 8192, 1, 1024, 32, 32, 1024, 1024), 
(512, 8192, 1, 4096, 512, 512, 4096, 4096), (8, 8192, 1, 8192, 8, 8, 8192, 8192), (32, 1024, 1, 4096, 32, 32, 4096, 4096), (128, 1024, 1, 4096, 128, 128, 4096, 4096), (512,
4096, 1, 4096, 512, 512, 4096, 4096), (128, 1024, 1, 1024, 128, 128, 1024, 1024), (128, 8192, 1, 1024, 128, 128, 1024, 1024), (8, 1024, 1, 4096, 8, 8, 4096, 4096), (32, 
4096, 1, 4096, 32, 32, 4096, 4096), (32, 4096, 1, 8192, 32, 32, 8192, 8192), (8, 1024, 1, 8192, 8, 8, 8192, 8192), (512, 1024, 1, 1024, 512, 512, 1024, 1024)}
# NumProblemSizes: [0, 0, 0, 0, 0, 0, 0, 0]
TotalProblems: 0
TotalSolutions: 36
TotalSize: 0
IndexOrder: [2, 3, 0, 1]
reading datafile /home/iamthecage/out-v2/i8gemm_valu_gb_fixed_tn/2_BenchmarkData/Cijk_Alik_Bljk_I8II_BH_GB_00.csv
# ExactWinners: {(1, 1024, 1, 1024, 1, 1, 1024, 1024): [2, 25.6122], (1, 1024, 1, 4096, 1, 1, 4096, 4096): [1, 36.863], (1, 1024, 1, 8192, 1, 1, 8192, 8192): [4, 37.9846], 
(1, 4096, 1, 1024, 1, 1, 1024, 1024): [12, 76.1203], (1, 4096, 1, 4096, 1, 1, 4096, 4096): [14, 96.653], (1, 4096, 1, 8192, 1, 1, 8192, 8192): [13, 101.648], (1, 8192, 1, 
1024, 1, 1, 1024, 1024): [14, 101.31], (1, 8192, 1, 4096, 1, 1, 4096, 4096): [14, 110.827], (1, 8192, 1, 8192, 1, 1, 8192, 8192): [13, 111.047], (8, 1024, 1, 1024, 8, 8, 
1024, 1024): [2, 208.255], (8, 1024, 1, 4096, 8, 8, 4096, 4096): [0, 293.715], (8, 1024, 1, 8192, 8, 8, 8192, 8192): [1, 307.751], (8, 4096, 1, 1024, 8, 8, 1024, 1024): 
[12, 631.429], (8, 4096, 1, 4096, 8, 8, 4096, 4096): [13, 787.286], (8, 4096, 1, 8192, 8, 8, 8192, 8192): [14, 815.805], (8, 8192, 1, 1024, 8, 8, 1024, 1024): [12, 
776.894], (8, 8192, 1, 4096, 8, 8, 4096, 4096): [12, 877.746], (8, 8192, 1, 8192, 8, 8, 8192, 8192): [14, 886.53], (32, 1024, 1, 1024, 32, 32, 1024, 1024): [1, 830.134], 
(32, 1024, 1, 4096, 32, 32, 4096, 4096): [1, 1177.54], (32, 1024, 1, 8192, 32, 32, 8192, 8192): [2, 1226.05], (32, 4096, 1, 1024, 32, 32, 1024, 1024): [16, 2533.34], (32, 
4096, 1, 4096, 32, 32, 4096, 4096): [12, 3129.68], (32, 4096, 1, 8192, 32, 32, 8192, 8192): [16, 3275.36], (32, 8192, 1, 1024, 32, 32, 1024, 1024): [17, 3216.3], (32, 8192,
1, 4096, 32, 32, 4096, 4096): [12, 3508.92], (32, 8192, 1, 8192, 32, 32, 8192, 8192): [14, 3582.68], (128, 1024, 1, 1024, 128, 128, 1024, 1024): [2, 3416.9], (128, 1024, 1,
4096, 128, 128, 4096, 4096): [2, 4717.61], (128, 1024, 1, 8192, 128, 128, 8192, 8192): [20, 4921.3], (128, 4096, 1, 1024, 128, 128, 1024, 1024): [13, 6504.29], (128, 4096, 
1, 4096, 128, 128, 4096, 4096): [17, 7118.33], (128, 4096, 1, 8192, 128, 128, 8192, 8192): [13, 7301.55], (128, 8192, 1, 1024, 128, 128, 1024, 1024): [7, 7168.72], (128, 
8192, 1, 4096, 128, 128, 4096, 4096): [29, 7545.28], (128, 8192, 1, 8192, 128, 128, 8192, 8192): [7, 7565.48], (512, 1024, 1, 1024, 512, 512, 1024, 1024): [9, 6152.47], 
(512, 1024, 1, 4096, 512, 512, 4096, 4096): [13, 7231.96], (512, 1024, 1, 8192, 512, 512, 8192, 8192): [17, 7365.41], (512, 4096, 1, 1024, 512, 512, 1024, 1024): [17, 
7523.85], (512, 4096, 1, 4096, 512, 512, 4096, 4096): [31, 7766.44], (512, 4096, 1, 8192, 512, 512, 8192, 8192): [34, 7787.56], (512, 8192, 1, 1024, 512, 512, 1024, 1024): 
[25, 7701.13], (512, 8192, 1, 4096, 512, 512, 4096, 4096): [34, 7822.6], (512, 8192, 1, 8192, 512, 512, 8192, 8192): [7, 7817.54]}
problemIndicesForGlobalRange []
Winners {0, 1, 2, 34, 4, 7, 9, 12, 13, 14, 16, 17, 20, 25, 29, 31}
After Removals:

( 0) Cijk_Alik_Bljk_I8II_BH_GB_MT64x64x16_SN_GLVWA4_GLVWB4_GRVW4_K1_SU0_SUS0_TT4_4 : 
Cijk_Alik_Bljk_I8II_BH_GB_MT64x64x16_SN_1LDSB0_APM1_AAIGTEn1_AAILTEn1_AAV0_ABV0_ACED0_AF0EM1_AF1EM1_AMAS3_ASE_ASGT_ASLT_ASM_ASAE01_ASBE01_ASCE01_ASDE01_ASEM1_AAC0_BL1_BS1_C
UM0_CDO0_CTDA0_CLR0_DSK0_DRA0_DU16_DULD1_DTLA0_DTLB0_DTVA0_DTVB0_DAF0_DKP0_DVO0_ETSP_EPS1_ELFLR0_EMLL0_FSSC10_F16AI0_F16AIR0_FL0_GLVWA4_GLVWB4_GR2A1_GR2B1_GRCGA1_GRCGB1_GRC
VA1_GRCVB1_GRPM1_GRVW4_GSU1_GSUASB_GSUAA0_GSUSARR1_GSUWGMRR0_GLS0_ISA1201_IU1_IA0_KLA_LEL0_LBSPPA0_LBSPPB0_LPA4_LPB4_LDL1_LR2A1_LR2B1_LRVW4_LW2A1_LW2B1_LWPMn1_LDW0_LT1_FMA_
MIAV0_MTSM64_MTSM1_MDA2_MI_MO40_MVN256_MMFSC_MKFGSU256_MVN0_NR0_NTA0_NTB0_NTC0_NTD0_NEPBS0_NLCA1_NLCB1_ONLL1_OPLV0_PBD0_PFD1_PG2_PSD0_PSLn1_PWCn1_PWLn1_PK0_PKAB0_PAP0_PAPM0
_PGR1_PLR1_PKA0_RK0_SGR1_SIA1_SLW1_SS0_SU0_SUM0_SUS0_SCIU0_SCIUE0_SCIUI1_SCIUPL0_SPO0_SRVW0_SSO0_SVW4_SK0_SKA0_SKXCCM0_SNLL0_TSGRA0_TSGRB0_TT4_4_TLDS0_UIIDU0_UMLDSA0_UMLDSB
0_UMF0_U64SL1_UIOFGRO0_USFGROn1_VAW1_VSn1_VW4_VWB4_VFLRP0_WSGRA0_WSGRB0_WS32_WG16_16_1_WGM8_WGMTB
( 1) Cijk_Alik_Bljk_I8II_BH_GB_MT64x64x16_SN_GLVWA4_GLVWB4_GRVW8_K1_SU0_SUS0_TT4_4 : 
Cijk_Alik_Bljk_I8II_BH_GB_MT64x64x16_SN_1LDSB0_APM1_AAIGTEn1_AAILTEn1_AAV0_ABV0_ACED0_AF0EM1_AF1EM1_AMAS3_ASE_ASGT_ASLT_ASM_ASAE01_ASBE01_ASCE01_ASDE01_ASEM1_AAC0_BL1_BS1_C
UM0_CDO0_CTDA0_CLR0_DSK0_DRA0_DU16_DULD1_DTLA0_DTLB0_DTVA0_DTVB0_DAF0_DKP0_DVO0_ETSP_EPS1_ELFLR0_EMLL0_FSSC10_F16AI0_F16AIR0_FL0_GLVWA4_GLVWB4_GR2A1_GR2B1_GRCGA1_GRCGB1_GRC
VA1_GRCVB1_GRPM1_GRVW8_GSU1_GSUASB_GSUAA0_GSUSARR1_GSUWGMRR0_GLS0_ISA1201_IU1_IA0_KLA_LEL0_LBSPPA0_LBSPPB0_LPA4_LPB4_LDL1_LR2A1_LR2B1_LRVW4_LW2A1_LW2B1_LWPMn1_LDW0_LT1_FMA_
MIAV0_MTSM64_MTSM1_MDA2_MI_MO40_MVN256_MMFSC_MKFGSU256_MVN0_NR0_NTA0_NTB0_NTC0_NTD0_NEPBS0_NLCA1_NLCB1_ONLL1_OPLV0_PBD0_PFD1_PG2_PSD0_PSLn1_PWCn1_PWLn1_PK0_PKAB0_PAP0_PAPM0
_PGR1_PLR1_PKA0_RK0_SGR1_SIA1_SLW1_SS0_SU0_SUM0_SUS0_SCIU0_SCIUE0_SCIUI1_SCIUPL0_SPO0_SRVW0_SSO0_SVW4_SK0_SKA0_SKXCCM0_SNLL0_TSGRA0_TSGRB0_TT4_4_TLDS0_UIIDU0_UMLDSA0_UMLDSB
0_UMF0_U64SL1_UIOFGRO0_USFGROn1_VAW1_VSn1_VW4_VWB4_VFLRP0_WSGRA0_WSGRB0_WS32_WG16_16_1_WGM8_WGMTB
( 2) Cijk_Alik_Bljk_I8II_BH_GB_MT64x64x16_SN_GLVWA4_GLVWB4_GRVW16_K1_SU0_SUS0_TT4_4 : 
Cijk_Alik_Bljk_I8II_BH_GB_MT64x64x16_SN_1LDSB0_APM1_AAIGTEn1_AAILTEn1_AAV0_ABV0_ACED0_AF0EM1_AF1EM1_AMAS3_ASE_ASGT_ASLT_ASM_ASAE01_ASBE01_ASCE01_ASDE01_ASEM1_AAC0_BL1_BS1_C
UM0_CDO0_CTDA0_CLR0_DSK0_DRA0_DU16_DULD1_DTLA0_DTLB0_DTVA0_DTVB0_DAF0_DKP0_DVO0_ETSP_EPS1_ELFLR0_EMLL0_FSSC10_F16AI0_F16AIR0_FL0_GLVWA4_GLVWB4_GR2A1_GR2B1_GRCGA1_GRCGB1_GRC
VA1_GRCVB1_GRPM1_GRVW16_GSU1_GSUASB_GSUAA0_GSUSARR1_GSUWGMRR0_GLS0_ISA1201_IU1_IA0_KLA_LEL0_LBSPPA0_LBSPPB0_LPA4_LPB4_LDL1_LR2A1_LR2B1_LRVW4_LW2A1_LW2B1_LWPMn1_LDW0_LT1_FMA
_MIAV0_MTSM64_MTSM1_MDA2_MI_MO40_MVN256_MMFSC_MKFGSU256_MVN0_NR0_NTA0_NTB0_NTC0_NTD0_NEPBS0_NLCA1_NLCB1_ONLL1_OPLV0_PBD0_PFD1_PG2_PSD0_PSLn1_PWCn1_PWLn1_PK0_PKAB0_PAP0_PAPM
0_PGR1_PLR1_PKA0_RK0_SGR1_SIA1_SLW1_SS0_SU0_SUM0_SUS0_SCIU0_SCIUE0_SCIUI1_SCIUPL0_SPO0_SRVW0_SSO0_SVW4_SK0_SKA0_SKXCCM0_SNLL0_TSGRA0_TSGRB0_TT4_4_TLDS0_UIIDU0_UMLDSA0_UMLDS
B0_UMF0_U64SL1_UIOFGRO0_USFGROn1_VAW1_VSn1_VW4_VWB4_VFLRP0_WSGRA0_WSGRB0_WS32_WG16_16_1_WGM8_WGMTB
( 3) Cijk_Alik_Bljk_I8II_BH_GB_MT64x64x16_SN_GLVWA4_GLVWB4_GRVW8_K1_SU32_SUS256_TT4_4 : 
Cijk_Alik_Bljk_I8II_BH_GB_MT64x64x16_SN_1LDSB0_APM1_AAIGTEn1_AAILTEn1_AAV0_ABV0_ACED0_AF0EM1_AF1EM1_AMAS3_ASE_ASGT_ASLT_ASM_ASAE01_ASBE01_ASCE01_ASDE01_ASEM1_AAC0_BL1_BS1_C
UM0_CDO0_CTDA0_CLR0_DSK0_DRA0_DU16_DULD1_DTLA0_DTLB0_DTVA0_DTVB0_DAF0_DKP0_DVO0_ETSP_EPS1_ELFLR0_EMLL0_FSSC10_F16AI0_F16AIR0_FL0_GLVWA4_GLVWB4_GR2A1_GR2B1_GRCGA1_GRCGB1_GRC
VA1_GRCVB1_GRPM1_GRVW8_GSU1_GSUASB_GSUAA0_GSUSARR1_GSUWGMRR0_GLS0_ISA1201_IU1_IA0_KLA_LEL0_LBSPPA0_LBSPPB0_LPA4_LPB4_LDL1_LR2A1_LR2B1_LRVW4_LW2A1_LW2B1_LWPMn1_LDW0_LT1_FMA_
MIAV0_MTSM64_MTSM1_MDA2_MI_MO40_MVN256_MMFSC_MKFGSU256_MVN0_NR0_NTA0_NTB0_NTC0_NTD0_NEPBS0_NLCA1_NLCB1_ONLL1_OPLV0_PBD0_PFD1_PG2_PSD0_PSLn1_PWCn1_PWLn1_PK0_PKAB0_PAP0_PAPM0
_PGR1_PLR1_PKA0_RK0_SGR1_SIA1_SLW1_SS0_SU32_SUM0_SUS256_SCIU0_SCIUE0_SCIUI1_SCIUPL0_SPO0_SRVW0_SSO0_SVW4_SK0_SKA0_SKXCCM0_SNLL0_TSGRA0_TSGRB0_TT4_4_TLDS0_UIIDU0_UMLDSA0_UML
DSB0_UMF0_U64SL1_UIOFGRO0_USFGROn1_VAW1_VSn1_VW4_VWB4_VFLRP0_WSGRA0_WSGRB0_WS32_WG16_16_1_WGM8_WGMTB
( 4) Cijk_Alik_Bljk_I8II_BH_GB_MT128x64x16_SN_GLVWA8_GLVWB4_GRVW8_K1_SU0_SUS0_TT8_4 : 
Cijk_Alik_Bljk_I8II_BH_GB_MT128x64x16_SN_1LDSB0_APM1_AAIGTEn1_AAILTEn1_AAV0_ABV0_ACED0_AF0EM1_AF1EM1_AMAS3_ASE_ASGT_ASLT_ASM_ASAE01_ASBE01_ASCE01_ASDE01_ASEM1_AAC0_BL1_BS1_
CUM0_CDO0_CTDA0_CLR0_DSK0_DRA0_DU16_DULD1_DTLA0_DTLB0_DTVA0_DTVB0_DAF0_DKP0_DVO0_ETSP_EPS1_ELFLR0_EMLL0_FSSC10_F16AI0_F16AIR0_FL0_GLVWA8_GLVWB4_GR2A1_GR2B1_GRCGA1_GRCGB1_GR
CVA1_GRCVB1_GRPM1_GRVW8_GSU1_GSUASB_GSUAA0_GSUSARR1_GSUWGMRR0_GLS0_ISA1201_IU1_IA0_KLA_LEL0_LBSPPA0_LBSPPB0_LPA4_LPB4_LDL1_LR2A1_LR2B1_LRVW4_LW2A1_LW2B1_LWPMn1_LDW0_LT1_FMA
_MIAV0_MTSM64_MTSM1_MDA2_MI_MO40_MVN256_MMFSC_MKFGSU256_MVN0_NR0_NTA0_NTB0_NTC0_NTD0_NEPBS0_NLCA1_NLCB1_ONLL1_OPLV0_PBD0_PFD1_PG2_PSD0_PSLn1_PWCn1_PWLn1_PK0_PKAB0_PAP0_PAPM
0_PGR1_PLR1_PKA0_RK0_SGR1_SIA1_SLW1_SS0_SU0_SUM0_SUS0_SCIU0_SCIUE0_SCIUI1_SCIUPL0_SPO0_SRVW0_SSO0_SVW4_SK0_SKA0_SKXCCM0_SNLL0_TSGRA0_TSGRB0_TT8_4_TLDS0_UIIDU0_UMLDSA0_UMLDS
B0_UMF0_U64SL1_UIOFGRO0_USFGROn1_VAW1_VSn1_VW4_VWB4_VFLRP0_WSGRA0_WSGRB0_WS32_WG16_16_1_WGM8_WGMTB
( 5) Cijk_Alik_Bljk_I8II_BH_GB_MT128x64x16_SN_GLVWA4_GLVWB4_GRVW4_K1_SU32_SUS256_TT8_4 : 
Cijk_Alik_Bljk_I8II_BH_GB_MT128x64x16_SN_1LDSB0_APM1_AAIGTEn1_AAILTEn1_AAV0_ABV0_ACED0_AF0EM1_AF1EM1_AMAS3_ASE_ASGT_ASLT_ASM_ASAE01_ASBE01_ASCE01_ASDE01_ASEM1_AAC0_BL1_BS1_
CUM0_CDO0_CTDA0_CLR0_DSK0_DRA0_DU16_DULD1_DTLA0_DTLB0_DTVA0_DTVB0_DAF0_DKP0_DVO0_ETSP_EPS1_ELFLR0_EMLL0_FSSC10_F16AI0_F16AIR0_FL0_GLVWA4_GLVWB4_GR2A1_GR2B1_GRCGA1_GRCGB1_GR
CVA1_GRCVB1_GRPM1_GRVW4_GSU1_GSUASB_GSUAA0_GSUSARR1_GSUWGMRR0_GLS0_ISA1201_IU1_IA0_KLA_LEL0_LBSPPA0_LBSPPB0_LPA4_LPB4_LDL1_LR2A1_LR2B1_LRVW4_LW2A1_LW2B1_LWPMn1_LDW0_LT1_FMA
_MIAV0_MTSM64_MTSM1_MDA2_MI_MO40_MVN256_MMFSC_MKFGSU256_MVN0_NR0_NTA0_NTB0_NTC0_NTD0_NEPBS0_NLCA1_NLCB1_ONLL1_OPLV0_PBD0_PFD1_PG2_PSD0_PSLn1_PWCn1_PWLn1_PK0_PKAB0_PAP0_PAPM
0_PGR1_PLR1_PKA0_RK0_SGR1_SIA1_SLW1_SS0_SU32_SUM0_SUS256_SCIU0_SCIUE0_SCIUI1_SCIUPL0_SPO0_SRVW0_SSO0_SVW4_SK0_SKA0_SKXCCM0_SNLL0_TSGRA0_TSGRB0_TT8_4_TLDS0_UIIDU0_UMLDSA0_UM
LDSB0_UMF0_U64SL1_UIOFGRO0_USFGROn1_VAW1_VSn1_VW4_VWB4_VFLRP0_WSGRA0_WSGRB0_WS32_WG16_16_1_WGM8_WGMTB
( 6) Cijk_Alik_Bljk_I8II_BH_GB_MT64x128x16_SN_GLVWA4_GLVWB4_GRVW4_K1_SU0_SUS0_TT4_8 : 
Cijk_Alik_Bljk_I8II_BH_GB_MT64x128x16_SN_1LDSB0_APM1_AAIGTEn1_AAILTEn1_AAV0_ABV0_ACED0_AF0EM1_AF1EM1_AMAS3_ASE_ASGT_ASLT_ASM_ASAE01_ASBE01_ASCE01_ASDE01_ASEM1_AAC0_BL1_BS1_
CUM0_CDO0_CTDA0_CLR0_DSK0_DRA0_DU16_DULD1_DTLA0_DTLB0_DTVA0_DTVB0_DAF0_DKP0_DVO0_ETSP_EPS1_ELFLR0_EMLL0_FSSC10_F16AI0_F16AIR0_FL0_GLVWA4_GLVWB4_GR2A1_GR2B1_GRCGA1_GRCGB1_GR
CVA1_GRCVB1_GRPM1_GRVW4_GSU1_GSUASB_GSUAA0_GSUSARR1_GSUWGMRR0_GLS0_ISA1201_IU1_IA0_KLA_LEL0_LBSPPA0_LBSPPB0_LPA4_LPB4_LDL1_LR2A1_LR2B1_LRVW4_LW2A1_LW2B1_LWPMn1_LDW0_LT1_FMA
_MIAV0_MTSM64_MTSM1_MDA2_MI_MO40_MVN256_MMFSC_MKFGSU256_MVN0_NR0_NTA0_NTB0_NTC0_NTD0_NEPBS0_NLCA1_NLCB1_ONLL1_OPLV0_PBD0_PFD1_PG2_PSD0_PSLn1_PWCn1_PWLn1_PK0_PKAB0_PAP0_PAPM
0_PGR1_PLR1_PKA0_RK0_SGR1_SIA1_SLW1_SS0_SU0_SUM0_SUS0_SCIU0_SCIUE0_SCIUI1_SCIUPL0_SPO0_SRVW0_SSO0_SVW4_SK0_SKA0_SKXCCM0_SNLL0_TSGRA0_TSGRB0_TT4_8_TLDS0_UIIDU0_UMLDSA0_UMLDS
B0_UMF0_U64SL1_UIOFGRO0_USFGROn1_VAW1_VSn1_VW4_VWB4_VFLRP0_WSGRA0_WSGRB0_WS32_WG16_16_1_WGM8_WGMTB
( 7) Cijk_Alik_Bljk_I8II_BH_GB_MT64x128x16_SN_GLVWA4_GLVWB8_GRVW8_K1_SU0_SUS0_TT4_8 : 
Cijk_Alik_Bljk_I8II_BH_GB_MT64x128x16_SN_1LDSB0_APM1_AAIGTEn1_AAILTEn1_AAV0_ABV0_ACED0_AF0EM1_AF1EM1_AMAS3_ASE_ASGT_ASLT_ASM_ASAE01_ASBE01_ASCE01_ASDE01_ASEM1_AAC0_BL1_BS1_
CUM0_CDO0_CTDA0_CLR0_DSK0_DRA0_DU16_DULD1_DTLA0_DTLB0_DTVA0_DTVB0_DAF0_DKP0_DVO0_ETSP_EPS1_ELFLR0_EMLL0_FSSC10_F16AI0_F16AIR0_FL0_GLVWA4_GLVWB8_GR2A1_GR2B1_GRCGA1_GRCGB1_GR
CVA1_GRCVB1_GRPM1_GRVW8_GSU1_GSUASB_GSUAA0_GSUSARR1_GSUWGMRR0_GLS0_ISA1201_IU1_IA0_KLA_LEL0_LBSPPA0_LBSPPB0_LPA4_LPB4_LDL1_LR2A1_LR2B1_LRVW4_LW2A1_LW2B1_LWPMn1_LDW0_LT1_FMA
_MIAV0_MTSM64_MTSM1_MDA2_MI_MO40_MVN256_MMFSC_MKFGSU256_MVN0_NR0_NTA0_NTB0_NTC0_NTD0_NEPBS0_NLCA1_NLCB1_ONLL1_OPLV0_PBD0_PFD1_PG2_PSD0_PSLn1_PWCn1_PWLn1_PK0_PKAB0_PAP0_PAPM
0_PGR1_PLR1_PKA0_RK0_SGR1_SIA1_SLW1_SS0_SU0_SUM0_SUS0_SCIU0_SCIUE0_SCIUI1_SCIUPL0_SPO0_SRVW0_SSO0_SVW4_SK0_SKA0_SKXCCM0_SNLL0_TSGRA0_TSGRB0_TT4_8_TLDS0_UIIDU0_UMLDSA0_UMLDS
B0_UMF0_U64SL1_UIOFGRO0_USFGROn1_VAW1_VSn1_VW4_VWB4_VFLRP0_WSGRA0_WSGRB0_WS32_WG16_16_1_WGM8_WGMTB
( 8) Cijk_Alik_Bljk_I8II_BH_GB_MT64x128x16_SN_GLVWA4_GLVWB8_GRVW16_K1_SU0_SUS0_TT4_8 : 
Cijk_Alik_Bljk_I8II_BH_GB_MT64x128x16_SN_1LDSB0_APM1_AAIGTEn1_AAILTEn1_AAV0_ABV0_ACED0_AF0EM1_AF1EM1_AMAS3_ASE_ASGT_ASLT_ASM_ASAE01_ASBE01_ASCE01_ASDE01_ASEM1_AAC0_BL1_BS1_
CUM0_CDO0_CTDA0_CLR0_DSK0_DRA0_DU16_DULD1_DTLA0_DTLB0_DTVA0_DTVB0_DAF0_DKP0_DVO0_ETSP_EPS1_ELFLR0_EMLL0_FSSC10_F16AI0_F16AIR0_FL0_GLVWA4_GLVWB8_GR2A1_GR2B1_GRCGA1_GRCGB1_GR
CVA1_GRCVB1_GRPM1_GRVW16_GSU1_GSUASB_GSUAA0_GSUSARR1_GSUWGMRR0_GLS0_ISA1201_IU1_IA0_KLA_LEL0_LBSPPA0_LBSPPB0_LPA4_LPB4_LDL1_LR2A1_LR2B1_LRVW4_LW2A1_LW2B1_LWPMn1_LDW0_LT1_FM
A_MIAV0_MTSM64_MTSM1_MDA2_MI_MO40_MVN256_MMFSC_MKFGSU256_MVN0_NR0_NTA0_NTB0_NTC0_NTD0_NEPBS0_NLCA1_NLCB1_ONLL1_OPLV0_PBD0_PFD1_PG2_PSD0_PSLn1_PWCn1_PWLn1_PK0_PKAB0_PAP0_PAP
M0_PGR1_PLR1_PKA0_RK0_SGR1_SIA1_SLW1_SS0_SU0_SUM0_SUS0_SCIU0_SCIUE0_SCIUI1_SCIUPL0_SPO0_SRVW0_SSO0_SVW4_SK0_SKA0_SKXCCM0_SNLL0_TSGRA0_TSGRB0_TT4_8_TLDS0_UIIDU0_UMLDSA0_UMLD
SB0_UMF0_U64SL1_UIOFGRO0_USFGROn1_VAW1_VSn1_VW4_VWB4_VFLRP0_WSGRA0_WSGRB0_WS32_WG16_16_1_WGM8_WGMTB
( 9) Cijk_Alik_Bljk_I8II_BH_GB_MT64x128x16_SN_GLVWA4_GLVWB8_GRVW8_K1_SU32_SUS256_TT4_8 : 
Cijk_Alik_Bljk_I8II_BH_GB_MT64x128x16_SN_1LDSB0_APM1_AAIGTEn1_AAILTEn1_AAV0_ABV0_ACED0_AF0EM1_AF1EM1_AMAS3_ASE_ASGT_ASLT_ASM_ASAE01_ASBE01_ASCE01_ASDE01_ASEM1_AAC0_BL1_BS1_
CUM0_CDO0_CTDA0_CLR0_DSK0_DRA0_DU16_DULD1_DTLA0_DTLB0_DTVA0_DTVB0_DAF0_DKP0_DVO0_ETSP_EPS1_ELFLR0_EMLL0_FSSC10_F16AI0_F16AIR0_FL0_GLVWA4_GLVWB8_GR2A1_GR2B1_GRCGA1_GRCGB1_GR
CVA1_GRCVB1_GRPM1_GRVW8_GSU1_GSUASB_GSUAA0_GSUSARR1_GSUWGMRR0_GLS0_ISA1201_IU1_IA0_KLA_LEL0_LBSPPA0_LBSPPB0_LPA4_LPB4_LDL1_LR2A1_LR2B1_LRVW4_LW2A1_LW2B1_LWPMn1_LDW0_LT1_FMA
_MIAV0_MTSM64_MTSM1_MDA2_MI_MO40_MVN256_MMFSC_MKFGSU256_MVN0_NR0_NTA0_NTB0_NTC0_NTD0_NEPBS0_NLCA1_NLCB1_ONLL1_OPLV0_PBD0_PFD1_PG2_PSD0_PSLn1_PWCn1_PWLn1_PK0_PKAB0_PAP0_PAPM
0_PGR1_PLR1_PKA0_RK0_SGR1_SIA1_SLW1_SS0_SU32_SUM0_SUS256_SCIU0_SCIUE0_SCIUI1_SCIUPL0_SPO0_SRVW0_SSO0_SVW4_SK0_SKA0_SKXCCM0_SNLL0_TSGRA0_TSGRB0_TT4_8_TLDS0_UIIDU0_UMLDSA0_UM
LDSB0_UMF0_U64SL1_UIOFGRO0_USFGROn1_VAW1_VSn1_VW4_VWB4_VFLRP0_WSGRA0_WSGRB0_WS32_WG16_16_1_WGM8_WGMTB
(10) Cijk_Alik_Bljk_I8II_BH_GB_MT64x128x16_SN_GLVWA4_GLVWB8_GRVW16_K1_SU32_SUS256_TT4_8 : 
Cijk_Alik_Bljk_I8II_BH_GB_MT64x128x16_SN_1LDSB0_APM1_AAIGTEn1_AAILTEn1_AAV0_ABV0_ACED0_AF0EM1_AF1EM1_AMAS3_ASE_ASGT_ASLT_ASM_ASAE01_ASBE01_ASCE01_ASDE01_ASEM1_AAC0_BL1_BS1_
CUM0_CDO0_CTDA0_CLR0_DSK0_DRA0_DU16_DULD1_DTLA0_DTLB0_DTVA0_DTVB0_DAF0_DKP0_DVO0_ETSP_EPS1_ELFLR0_EMLL0_FSSC10_F16AI0_F16AIR0_FL0_GLVWA4_GLVWB8_GR2A1_GR2B1_GRCGA1_GRCGB1_GR
CVA1_GRCVB1_GRPM1_GRVW16_GSU1_GSUASB_GSUAA0_GSUSARR1_GSUWGMRR0_GLS0_ISA1201_IU1_IA0_KLA_LEL0_LBSPPA0_LBSPPB0_LPA4_LPB4_LDL1_LR2A1_LR2B1_LRVW4_LW2A1_LW2B1_LWPMn1_LDW0_LT1_FM
A_MIAV0_MTSM64_MTSM1_MDA2_MI_MO40_MVN256_MMFSC_MKFGSU256_MVN0_NR0_NTA0_NTB0_NTC0_NTD0_NEPBS0_NLCA1_NLCB1_ONLL1_OPLV0_PBD0_PFD1_PG2_PSD0_PSLn1_PWCn1_PWLn1_PK0_PKAB0_PAP0_PAP
M0_PGR1_PLR1_PKA0_RK0_SGR1_SIA1_SLW1_SS0_SU32_SUM0_SUS256_SCIU0_SCIUE0_SCIUI1_SCIUPL0_SPO0_SRVW0_SSO0_SVW4_SK0_SKA0_SKXCCM0_SNLL0_TSGRA0_TSGRB0_TT4_8_TLDS0_UIIDU0_UMLDSA0_U
MLDSB0_UMF0_U64SL1_UIOFGRO0_USFGROn1_VAW1_VSn1_VW4_VWB4_VFLRP0_WSGRA0_WSGRB0_WS32_WG16_16_1_WGM8_WGMTB
(11) Cijk_Alik_Bljk_I8II_BH_GB_MT64x64x32_SN_GLVWA8_GLVWB8_GRVW16_K1_SU0_SUS0_TT4_4 : 
Cijk_Alik_Bljk_I8II_BH_GB_MT64x64x32_SN_1LDSB0_APM1_AAIGTEn1_AAILTEn1_AAV0_ABV0_ACED0_AF0EM1_AF1EM1_AMAS3_ASE_ASGT_ASLT_ASM_ASAE01_ASBE01_ASCE01_ASDE01_ASEM1_AAC0_BL1_BS1_C
UM0_CDO0_CTDA0_CLR0_DSK0_DRA0_DU32_DULD1_DTLA0_DTLB0_DTVA0_DTVB0_DAF0_DKP0_DVO0_ETSP_EPS1_ELFLR0_EMLL0_FSSC10_F16AI0_F16AIR0_FL0_GLVWA8_GLVWB8_GR2A1_GR2B1_GRCGA1_GRCGB1_GRC
VA1_GRCVB1_GRPM1_GRVW16_GSU1_GSUASB_GSUAA0_GSUSARR1_GSUWGMRR0_GLS0_ISA1201_IU1_IA0_KLA_LEL0_LBSPPA0_LBSPPB0_LPA4_LPB4_LDL1_LR2A1_LR2B1_LRVW4_LW2A1_LW2B1_LWPMn1_LDW0_LT1_FMA
_MIAV0_MTSM64_MTSM1_MDA2_MI_MO40_MVN256_MMFSC_MKFGSU256_MVN0_NR0_NTA0_NTB0_NTC0_NTD0_NEPBS0_NLCA1_NLCB1_ONLL1_OPLV0_PBD0_PFD1_PG2_PSD0_PSLn1_PWCn1_PWLn1_PK0_PKAB0_PAP0_PAPM
0_PGR1_PLR1_PKA0_RK0_SGR1_SIA1_SLW1_SS0_SU0_SUM0_SUS0_SCIU0_SCIUE0_SCIUI1_SCIUPL0_SPO0_SRVW0_SSO0_SVW4_SK0_SKA0_SKXCCM0_SNLL0_TSGRA0_TSGRB0_TT4_4_TLDS0_UIIDU0_UMLDSA0_UMLDS
B0_UMF0_U64SL1_UIOFGRO0_USFGROn1_VAW1_VSn1_VW4_VWB4_VFLRP0_WSGRA0_WSGRB0_WS32_WG16_16_1_WGM8_WGMTB
(12) Cijk_Alik_Bljk_I8II_BH_GB_MT128x64x32_SN_GLVWA8_GLVWB8_GRVW8_K1_SU0_SUS0_TT8_4 : 
Cijk_Alik_Bljk_I8II_BH_GB_MT128x64x32_SN_1LDSB0_APM1_AAIGTEn1_AAILTEn1_AAV0_ABV0_ACED0_AF0EM1_AF1EM1_AMAS3_ASE_ASGT_ASLT_ASM_ASAE01_ASBE01_ASCE01_ASDE01_ASEM1_AAC0_BL1_BS1_
CUM0_CDO0_CTDA0_CLR0_DSK0_DRA0_DU32_DULD1_DTLA0_DTLB0_DTVA0_DTVB0_DAF0_DKP0_DVO0_ETSP_EPS1_ELFLR0_EMLL0_FSSC10_F16AI0_F16AIR0_FL0_GLVWA8_GLVWB8_GR2A1_GR2B1_GRCGA1_GRCGB1_GR
CVA1_GRCVB1_GRPM1_GRVW8_GSU1_GSUASB_GSUAA0_GSUSARR1_GSUWGMRR0_GLS0_ISA1201_IU1_IA0_KLA_LEL0_LBSPPA0_LBSPPB0_LPA4_LPB4_LDL1_LR2A1_LR2B1_LRVW4_LW2A1_LW2B1_LWPMn1_LDW0_LT1_FMA
_MIAV0_MTSM64_MTSM1_MDA2_MI_MO40_MVN256_MMFSC_MKFGSU256_MVN0_NR0_NTA0_NTB0_NTC0_NTD0_NEPBS0_NLCA1_NLCB1_ONLL1_OPLV0_PBD0_PFD1_PG2_PSD0_PSLn1_PWCn1_PWLn1_PK0_PKAB0_PAP0_PAPM
0_PGR1_PLR1_PKA0_RK0_SGR1_SIA1_SLW1_SS0_SU0_SUM0_SUS0_SCIU0_SCIUE0_SCIUI1_SCIUPL0_SPO0_SRVW0_SSO0_SVW4_SK0_SKA0_SKXCCM0_SNLL0_TSGRA0_TSGRB0_TT8_4_TLDS0_UIIDU0_UMLDSA0_UMLDS
B0_UMF0_U64SL1_UIOFGRO0_USFGROn1_VAW1_VSn1_VW4_VWB4_VFLRP0_WSGRA0_WSGRB0_WS32_WG16_16_1_WGM8_WGMTB
(13) Cijk_Alik_Bljk_I8II_BH_GB_MT128x64x32_SN_GLVWA16_GLVWB8_GRVW16_K1_SU32_SUS256_TT8_4 : 
Cijk_Alik_Bljk_I8II_BH_GB_MT128x64x32_SN_1LDSB0_APM1_AAIGTEn1_AAILTEn1_AAV0_ABV0_ACED0_AF0EM1_AF1EM1_AMAS3_ASE_ASGT_ASLT_ASM_ASAE01_ASBE01_ASCE01_ASDE01_ASEM1_AAC0_BL1_BS1_
CUM0_CDO0_CTDA0_CLR0_DSK0_DRA0_DU32_DULD1_DTLA0_DTLB0_DTVA0_DTVB0_DAF0_DKP0_DVO0_ETSP_EPS1_ELFLR0_EMLL0_FSSC10_F16AI0_F16AIR0_FL0_GLVWA16_GLVWB8_GR2A1_GR2B1_GRCGA1_GRCGB1_G
RCVA1_GRCVB1_GRPM1_GRVW16_GSU1_GSUASB_GSUAA0_GSUSARR1_GSUWGMRR0_GLS0_ISA1201_IU1_IA0_KLA_LEL0_LBSPPA0_LBSPPB0_LPA4_LPB4_LDL1_LR2A1_LR2B1_LRVW4_LW2A1_LW2B1_LWPMn1_LDW0_LT1_F
MA_MIAV0_MTSM64_MTSM1_MDA2_MI_MO40_MVN256_MMFSC_MKFGSU256_MVN0_NR0_NTA0_NTB0_NTC0_NTD0_NEPBS0_NLCA1_NLCB1_ONLL1_OPLV0_PBD0_PFD1_PG2_PSD0_PSLn1_PWCn1_PWLn1_PK0_PKAB0_PAP0_PA
PM0_PGR1_PLR1_PKA0_RK0_SGR1_SIA1_SLW1_SS0_SU32_SUM0_SUS256_SCIU0_SCIUE0_SCIUI1_SCIUPL0_SPO0_SRVW0_SSO0_SVW4_SK0_SKA0_SKXCCM0_SNLL0_TSGRA0_TSGRB0_TT8_4_TLDS0_UIIDU0_UMLDSA0_
UMLDSB0_UMF0_U64SL1_UIOFGRO0_USFGROn1_VAW1_VSn1_VW4_VWB4_VFLRP0_WSGRA0_WSGRB0_WS32_WG16_16_1_WGM8_WGMTB
(14) Cijk_Alik_Bljk_I8II_BH_GB_MT64x128x32_SN_GLVWA8_GLVWB8_GRVW8_K1_SU0_SUS0_TT4_8 : 
Cijk_Alik_Bljk_I8II_BH_GB_MT64x128x32_SN_1LDSB0_APM1_AAIGTEn1_AAILTEn1_AAV0_ABV0_ACED0_AF0EM1_AF1EM1_AMAS3_ASE_ASGT_ASLT_ASM_ASAE01_ASBE01_ASCE01_ASDE01_ASEM1_AAC0_BL1_BS1_
CUM0_CDO0_CTDA0_CLR0_DSK0_DRA0_DU32_DULD1_DTLA0_DTLB0_DTVA0_DTVB0_DAF0_DKP0_DVO0_ETSP_EPS1_ELFLR0_EMLL0_FSSC10_F16AI0_F16AIR0_FL0_GLVWA8_GLVWB8_GR2A1_GR2B1_GRCGA1_GRCGB1_GR
CVA1_GRCVB1_GRPM1_GRVW8_GSU1_GSUASB_GSUAA0_GSUSARR1_GSUWGMRR0_GLS0_ISA1201_IU1_IA0_KLA_LEL0_LBSPPA0_LBSPPB0_LPA4_LPB4_LDL1_LR2A1_LR2B1_LRVW4_LW2A1_LW2B1_LWPMn1_LDW0_LT1_FMA
_MIAV0_MTSM64_MTSM1_MDA2_MI_MO40_MVN256_MMFSC_MKFGSU256_MVN0_NR0_NTA0_NTB0_NTC0_NTD0_NEPBS0_NLCA1_NLCB1_ONLL1_OPLV0_PBD0_PFD1_PG2_PSD0_PSLn1_PWCn1_PWLn1_PK0_PKAB0_PAP0_PAPM
0_PGR1_PLR1_PKA0_RK0_SGR1_SIA1_SLW1_SS0_SU0_SUM0_SUS0_SCIU0_SCIUE0_SCIUI1_SCIUPL0_SPO0_SRVW0_SSO0_SVW4_SK0_SKA0_SKXCCM0_SNLL0_TSGRA0_TSGRB0_TT4_8_TLDS0_UIIDU0_UMLDSA0_UMLDS
B0_UMF0_U64SL1_UIOFGRO0_USFGROn1_VAW1_VSn1_VW4_VWB4_VFLRP0_WSGRA0_WSGRB0_WS32_WG16_16_1_WGM8_WGMTB
(15) Cijk_Alik_Bljk_I8II_BH_GB_MT64x128x32_SN_GLVWA8_GLVWB8_GRVW8_K1_SU32_SUS256_TT4_8 : 
Cijk_Alik_Bljk_I8II_BH_GB_MT64x128x32_SN_1LDSB0_APM1_AAIGTEn1_AAILTEn1_AAV0_ABV0_ACED0_AF0EM1_AF1EM1_AMAS3_ASE_ASGT_ASLT_ASM_ASAE01_ASBE01_ASCE01_ASDE01_ASEM1_AAC0_BL1_BS1_
CUM0_CDO0_CTDA0_CLR0_DSK0_DRA0_DU32_DULD1_DTLA0_DTLB0_DTVA0_DTVB0_DAF0_DKP0_DVO0_ETSP_EPS1_ELFLR0_EMLL0_FSSC10_F16AI0_F16AIR0_FL0_GLVWA8_GLVWB8_GR2A1_GR2B1_GRCGA1_GRCGB1_GR
CVA1_GRCVB1_GRPM1_GRVW8_GSU1_GSUASB_GSUAA0_GSUSARR1_GSUWGMRR0_GLS0_ISA1201_IU1_IA0_KLA_LEL0_LBSPPA0_LBSPPB0_LPA4_LPB4_LDL1_LR2A1_LR2B1_LRVW4_LW2A1_LW2B1_LWPMn1_LDW0_LT1_FMA
_MIAV0_MTSM64_MTSM1_MDA2_MI_MO40_MVN256_MMFSC_MKFGSU256_MVN0_NR0_NTA0_NTB0_NTC0_NTD0_NEPBS0_NLCA1_NLCB1_ONLL1_OPLV0_PBD0_PFD1_PG2_PSD0_PSLn1_PWCn1_PWLn1_PK0_PKAB0_PAP0_PAPM
0_PGR1_PLR1_PKA0_RK0_SGR1_SIA1_SLW1_SS0_SU32_SUM0_SUS256_SCIU0_SCIUE0_SCIUI1_SCIUPL0_SPO0_SRVW0_SSO0_SVW4_SK0_SKA0_SKXCCM0_SNLL0_TSGRA0_TSGRB0_TT4_8_TLDS0_UIIDU0_UMLDSA0_UM
LDSB0_UMF0_U64SL1_UIOFGRO0_USFGROn1_VAW1_VSn1_VW4_VWB4_VFLRP0_WSGRA0_WSGRB0_WS32_WG16_16_1_WGM8_WGMTB
[] enRule([[0, 0], [0, 0], [0, 0], [0, 0], [0, 0], [0, 0], [0, 0], [0, 0]])
[] MultiProblem & NotLastIndex
> UserWarning: [] MultiProblem & NotLastIndex :: nextRule==None; returning
# Final Range Logic:
None
# Range Logic Complexity: [0, 0, 0, 0, 0, 0, 0, 0]

# Score: 0 ms
# Exact Logic:

{(1, 1024, 1, 1024, 1, 1, 1024, 1024): [2, 25.6122], (1, 1024, 1, 4096, 1, 1, 4096, 4096): [1, 36.863], (1, 1024, 1, 8192, 1, 1, 8192, 8192): [3, 37.9846], (1, 4096, 1, 
1024, 1, 1, 1024, 1024): [6, 76.1203], (1, 4096, 1, 4096, 1, 1, 4096, 4096): [8, 96.653], (1, 4096, 1, 8192, 1, 1, 8192, 8192): [7, 101.648], (1, 8192, 1, 1024, 1, 1, 1024,
1024): [8, 101.31], (1, 8192, 1, 4096, 1, 1, 4096, 4096): [8, 110.827], (1, 8192, 1, 8192, 1, 1, 8192, 8192): [7, 111.047], (8, 1024, 1, 1024, 8, 8, 1024, 1024): [2, 
208.255], (8, 1024, 1, 4096, 8, 8, 4096, 4096): [0, 293.715], (8, 1024, 1, 8192, 8, 8, 8192, 8192): [1, 307.751], (8, 4096, 1, 1024, 8, 8, 1024, 1024): [6, 631.429], (8, 
4096, 1, 4096, 8, 8, 4096, 4096): [7, 787.286], (8, 4096, 1, 8192, 8, 8, 8192, 8192): [8, 815.805], (8, 8192, 1, 1024, 8, 8, 1024, 1024): [6, 776.894], (8, 8192, 1, 4096, 
8, 8, 4096, 4096): [6, 877.746], (8, 8192, 1, 8192, 8, 8, 8192, 8192): [8, 886.53], (32, 1024, 1, 1024, 32, 32, 1024, 1024): [1, 830.134], (32, 1024, 1, 4096, 32, 32, 4096,
4096): [1, 1177.54], (32, 1024, 1, 8192, 32, 32, 8192, 8192): [2, 1226.05], (32, 4096, 1, 1024, 32, 32, 1024, 1024): [9, 2533.34], (32, 4096, 1, 4096, 32, 32, 4096, 4096): 
[6, 3129.68], (32, 4096, 1, 8192, 32, 32, 8192, 8192): [9, 3275.36], (32, 8192, 1, 1024, 32, 32, 1024, 1024): [10, 3216.3], (32, 8192, 1, 4096, 32, 32, 4096, 4096): [6, 
3508.92], (32, 8192, 1, 8192, 32, 32, 8192, 8192): [8, 3582.68], (128, 1024, 1, 1024, 128, 128, 1024, 1024): [2, 3416.9], (128, 1024, 1, 4096, 128, 128, 4096, 4096): [2, 
4717.61], (128, 1024, 1, 8192, 128, 128, 8192, 8192): [11, 4921.3], (128, 4096, 1, 1024, 128, 128, 1024, 1024): [7, 6504.29], (128, 4096, 1, 4096, 128, 128, 4096, 4096): 
[10, 7118.33], (128, 4096, 1, 8192, 128, 128, 8192, 8192): [7, 7301.55], (128, 8192, 1, 1024, 128, 128, 1024, 1024): [4, 7168.72], (128, 8192, 1, 4096, 128, 128, 4096, 
4096): [13, 7545.28], (128, 8192, 1, 8192, 128, 128, 8192, 8192): [4, 7565.48], (512, 1024, 1, 1024, 512, 512, 1024, 1024): [5, 6152.47], (512, 1024, 1, 4096, 512, 512, 
4096, 4096): [7, 7231.96], (512, 1024, 1, 8192, 512, 512, 8192, 8192): [10, 7365.41], (512, 4096, 1, 1024, 512, 512, 1024, 1024): [10, 7523.85], (512, 4096, 1, 4096, 512, 
512, 4096, 4096): [14, 7766.44], (512, 4096, 1, 8192, 512, 512, 8192, 8192): [15, 7787.56], (512, 8192, 1, 1024, 512, 512, 1024, 1024): [12, 7701.13], (512, 8192, 1, 4096, 
512, 512, 4096, 4096): [15, 7822.6], (512, 8192, 1, 8192, 512, 512, 8192, 8192): [4, 7817.54]}
# writing library logic YAML /home/iamthecage/out-v2/i8gemm_valu_gb_fixed_tn/3_LibraryLogic/navi48_Cijk_Alik_Bljk_I8II_BH_GB.yaml
################################################################################
# Finish Analysing data to /home/iamthecage/out-v2/i8gemm_valu_gb_fixed_tn in 18.220s
################################################################################


